wall_seconds,phase,round,visible_alive,logical_alive,encounters,frame_ms,game_ms,render_ms,gpu_ms,gpu_available,public_chars,public_utf8_bytes
5.015969,-1,0,6,0,0,16.666901,2.102100,3.569300,14.782500,1,186,186
5.032588,-1,0,6,0,0,16.666698,1.864000,2.825700,14.646300,1,186,186
5.049232,-1,0,6,0,0,16.666800,1.939000,3.216600,14.858200,1,186,186
5.065891,-1,0,6,0,0,16.666901,2.374600,2.104300,18.165800,1,186,186
5.082577,-1,0,6,0,0,16.666800,1.552200,2.495800,14.203900,1,186,186
5.099215,-1,0,6,0,0,16.666901,1.997000,2.052700,14.572500,1,186,186
5.115866,-1,0,6,0,0,16.666800,1.568600,1.949200,14.402600,1,186,186
5.132564,-1,0,6,0,0,16.666901,1.577800,2.072500,14.331900,1,186,186
5.149229,-1,0,6,0,0,16.666901,1.739200,2.418300,14.353400,1,186,186
5.165862,-1,0,6,0,0,16.666698,1.823300,2.138000,18.049999,1,186,186
5.182575,-1,0,6,0,0,16.666800,1.658800,1.952900,14.564400,1,186,186
5.199310,-1,0,6,0,0,16.666702,2.062100,2.445900,18.134001,1,186,186
5.215868,-1,0,6,0,0,16.666901,1.825600,1.901700,15.366200,1,186,186
5.232544,-1,0,6,0,0,16.666897,1.585700,2.377000,17.072100,1,186,186
5.249232,-1,0,6,0,0,16.666800,1.545600,1.968000,16.715799,1,186,186
5.265909,-1,0,6,0,0,16.666901,1.523200,1.880300,16.850901,1,186,186
5.282544,-1,0,6,0,0,16.666901,1.591500,2.063400,15.960100,1,186,186
5.299247,-1,0,6,0,0,16.666901,1.705900,2.578100,16.688101,1,186,186
5.315966,-1,0,6,0,0,16.666800,2.000700,2.150400,21.130301,1,186,186
5.332584,-1,0,6,0,0,16.666800,2.146500,2.198900,12.539900,1,186,186
5.349218,-1,0,6,0,0,16.666800,1.863400,3.298000,16.224199,1,186,186
5.365874,-1,0,6,0,0,16.666901,1.736900,2.285000,17.938499,1,186,186
5.382532,-1,0,6,0,0,16.666800,1.955700,2.277500,15.321000,1,186,186
5.399217,-1,0,6,0,0,16.667002,1.423400,1.995600,17.768499,1,186,186
5.415927,-1,0,6,0,0,16.666901,2.183700,2.606900,15.723500,1,186,186
5.432538,-1,0,6,0,0,16.666901,1.545300,2.343100,18.309099,1,186,186
5.449199,-1,0,6,0,0,16.666800,1.599500,2.630900,14.952500,1,186,186
5.465867,-1,0,6,0,0,16.666698,1.839600,2.008300,17.303499,1,186,186
5.482558,-1,0,6,0,0,16.666698,1.646200,3.272700,16.129101,1,186,186
5.499208,-1,0,6,0,0,16.666800,1.722300,2.702200,16.713699,1,186,186
5.515993,-1,0,6,0,0,16.666901,1.451600,2.411200,16.453600,1,186,186
5.532571,-1,0,6,0,0,16.666800,1.521600,2.523900,18.323500,1,186,186
5.549206,-1,0,6,0,0,16.666901,1.496400,3.098600,15.374300,1,186,186
5.565858,-1,0,6,0,0,16.666800,1.474100,2.048300,17.419300,1,186,186
5.582573,-1,0,6,0,0,16.666800,1.352800,2.179800,15.563700,1,186,186
5.599315,-1,0,6,0,0,16.666901,1.740700,2.106500,17.531900,1,186,186
5.615860,-1,0,6,0,0,16.666702,2.376600,2.511800,16.546900,1,186,186
5.632591,-1,0,6,0,0,16.666800,1.648800,2.580600,16.869301,1,186,186
5.649356,-1,0,6,0,0,16.666897,1.648100,2.385800,19.162201,1,186,186
5.665892,-1,0,6,0,0,16.666803,1.892200,2.321000,13.458400,1,186,186
5.682563,-1,0,6,0,0,16.666897,1.504700,2.258100,19.313601,1,186,186
5.699296,-1,0,6,0,0,16.666702,1.827000,2.191700,14.135300,1,186,186
5.715887,-1,0,6,0,0,16.666800,1.680900,3.779200,17.030199,1,186,186
5.732561,-1,0,6,0,0,16.666901,1.443100,2.284200,17.432600,1,186,186
5.749239,-1,0,6,0,0,16.666800,1.592900,2.612400,15.346700,1,186,186
5.766024,-1,0,6,0,0,16.667097,1.560600,2.520200,16.879601,1,186,186
5.782632,-1,0,6,0,0,16.666800,2.139800,2.067900,16.590799,1,186,186
5.799268,-1,0,6,0,0,16.666702,1.939000,2.153100,16.525400,1,186,186
5.815901,-1,0,6,0,0,16.666800,1.944100,2.206100,16.719801,1,186,186
5.832644,-1,0,6,0,0,16.666800,1.487500,2.118700,16.641001,1,186,186
5.849298,-1,0,6,0,0,16.666901,1.522800,2.270100,16.693300,1,186,186
5.865936,-1,0,6,0,0,16.666897,1.612300,2.176800,16.650200,1,186,186
5.882613,-1,0,6,0,0,16.666702,1.550400,2.237500,16.701500,1,186,186
5.899258,-1,0,6,0,0,16.666901,2.245900,2.436300,16.550900,1,186,186
5.915898,-1,0,6,0,0,16.666698,1.902900,2.240200,17.531900,1,186,186
5.932717,-1,0,6,0,0,16.666698,1.799800,1.906200,15.686600,1,186,186
5.949215,-1,0,6,0,0,16.666698,1.574000,3.623100,16.956499,1,186,186
5.966033,-1,0,6,0,0,16.666698,1.772200,2.163700,16.589800,1,186,186
5.982634,-1,0,6,0,0,16.667002,1.986200,2.282300,17.167299,1,186,186
5.999262,-1,0,6,0,0,16.666901,1.609700,2.583100,16.330799,1,186,186
6.016020,-1,0,6,0,0,16.667002,1.708100,2.086600,16.472099,1,186,186
6.032621,-1,0,6,0,0,16.666698,1.688000,2.180500,16.668600,1,186,186
6.049282,-1,0,6,0,0,16.677399,1.666800,3.638600,16.975901,1,186,186
6.065930,-1,0,6,0,0,16.666803,3.468300,1.950700,18.462700,1,186,186
6.082589,-1,0,6,0,0,16.666800,2.687900,2.347500,14.705700,1,186,186
6.099238,-1,0,6,0,0,16.666800,1.451200,2.199500,16.369699,1,186,186
6.116023,-1,0,6,0,0,16.666901,1.755200,2.138000,16.983999,1,186,186
6.132575,-1,0,6,0,0,16.666698,2.500000,2.322800,17.141800,1,186,186
6.149227,-1,0,6,0,0,16.666698,1.692000,2.166000,16.244699,1,186,186
6.165930,-1,0,6,0,0,16.666698,1.440100,2.116800,16.269300,1,186,186
6.182678,-1,0,6,0,0,16.666800,1.608500,1.928700,16.947201,1,186,186
6.199239,-1,0,6,0,0,16.667002,1.609800,2.226500,16.571400,1,186,186
6.216023,-1,0,6,0,0,16.666901,1.735200,2.210100,16.676901,1,186,186
6.232563,-1,0,6,0,0,16.666901,1.570300,2.576300,16.900101,1,186,186
6.249242,-1,0,6,0,0,16.666800,1.810800,1.926300,16.249800,1,186,186
6.266010,-1,0,6,0,0,16.666901,1.426500,2.944400,16.782301,1,186,186
6.282580,-1,0,6,0,0,16.666901,2.079600,1.887200,16.903200,1,186,186
6.299343,-1,0,6,0,0,16.666800,1.450300,2.594900,16.356300,1,186,186
6.315914,-1,0,6,0,0,16.666800,2.032200,2.362700,17.238001,1,186,186
6.332675,-1,0,6,0,0,16.666901,1.476100,2.034100,16.298000,1,186,186
6.349249,-1,0,6,0,0,16.666998,1.753400,2.513600,16.873501,1,186,186
6.365939,-1,0,6,0,0,16.666702,1.854400,2.112300,16.225300,1,186,186
6.382583,-1,0,6,0,0,16.666901,1.766200,3.025300,17.322001,1,186,186
6.399254,-1,0,6,0,0,16.666800,1.830600,2.445600,16.193501,1,186,186
6.415888,-1,0,6,0,0,16.666698,1.842600,1.883100,16.637899,1,186,186
6.432600,-1,0,6,0,0,16.666698,1.491400,2.099400,16.626699,1,186,186
6.449211,-1,0,6,0,0,16.666901,1.463700,2.412000,17.082399,1,186,186
6.465893,-1,0,6,0,0,16.666901,1.602600,2.059100,16.071699,1,186,186
6.482579,-1,0,6,0,0,16.667097,1.663100,2.392100,17.092600,1,186,186
6.499263,-1,0,6,0,0,16.666901,1.661500,1.987700,16.275400,1,186,186
6.515931,-1,0,6,0,0,16.666800,1.403200,1.754400,17.033300,1,186,186
6.532576,-1,0,6,0,0,16.673201,1.765100,1.739900,16.489401,1,186,186
6.549252,-1,0,6,0,0,16.666901,1.389300,2.133900,16.681000,1,186,186
6.565996,-1,0,6,0,0,16.666800,1.443800,2.356800,16.614401,1,186,186
6.582558,-1,0,6,0,0,16.666901,1.797900,2.325600,17.358801,1,186,186
6.599253,-1,0,6,0,0,16.666702,1.691800,2.195100,15.958100,1,186,186
6.615888,-1,0,6,0,0,16.666800,1.997200,2.095700,16.560101,1,186,186
6.632665,-1,0,6,0,0,16.666897,1.497100,2.270200,16.731100,1,186,186
6.649247,-1,0,6,0,0,16.666803,2.308500,2.386700,17.751101,1,186,186
6.665909,-1,0,6,0,0,16.666897,1.753500,1.920400,15.673300,1,186,186
6.682579,-1,0,6,0,0,16.666800,1.413700,2.739200,16.670700,1,186,186
6.699421,-1,0,6,0,0,16.666803,1.551600,2.415300,16.666599,1,186,186
6.715966,-1,0,6,0,0,16.666998,2.073100,2.571600,16.713800,1,186,186
6.732609,-1,0,6,0,0,16.666901,1.637000,2.177000,16.463800,1,186,186
6.749229,-1,0,6,0,0,16.666901,1.618400,2.234100,16.686100,1,186,186
6.766095,-1,0,6,0,0,16.666901,1.654500,2.693700,16.611401,1,186,186
6.782565,-1,0,6,0,0,16.666800,1.846300,2.248100,17.040400,1,186,186
6.799254,-1,0,6,0,0,16.666901,1.649600,1.943900,16.382900,1,186,186
6.815912,-1,0,6,0,0,16.667702,1.717600,2.372300,16.799801,1,186,186
6.832630,-1,0,6,0,0,16.666901,1.612700,2.181700,16.516100,1,186,186
6.849230,-1,0,6,0,0,16.666800,1.684300,2.260000,17.402901,1,186,186
6.865915,-1,0,6,0,0,16.666800,1.685700,2.376100,15.909800,1,186,186
6.882572,-1,0,6,0,0,16.666901,1.465600,1.934300,16.793600,1,186,186
6.899311,-1,0,6,0,0,16.666800,1.569200,2.137800,16.483400,1,186,186
6.915904,-1,0,6,0,0,16.666897,1.471000,2.120900,16.773100,1,186,186
6.932605,-1,0,6,0,0,16.666803,1.699900,2.654800,16.628700,1,186,186
6.949270,-1,0,6,0,0,16.666897,1.702700,2.034100,16.877600,1,186,186
6.966053,-1,0,6,0,0,16.666803,1.761700,1.909600,16.519199,1,186,186
6.982592,-1,0,6,0,0,16.666698,1.538100,2.412800,16.743401,1,186,186
6.999634,-1,0,6,0,0,16.666901,1.460100,2.335500,16.593901,1,186,186
7.016040,-1,0,6,0,0,16.666901,2.175500,2.025000,18.646999,1,186,186
7.032675,-1,0,6,0,0,16.666897,1.532300,3.133100,16.700500,1,186,186
7.049250,-1,0,6,0,0,16.666800,1.643000,2.340600,18.430901,1,186,186
7.065899,-1,0,6,0,0,16.666901,1.548600,2.044700,16.989201,1,186,186
7.082598,-1,0,6,0,0,16.666901,2.193500,2.336600,18.833401,1,186,186
7.099356,-1,0,6,0,0,16.666702,1.717500,2.094100,16.608299,1,186,186
7.115902,-1,0,6,0,0,16.666698,1.521100,2.275800,17.443800,1,186,186
7.132598,-1,0,6,0,0,16.666901,1.822900,2.217300,17.843201,1,186,186
7.149268,-1,0,6,0,0,16.666698,1.473200,1.938500,18.085899,1,186,186
7.165905,-1,0,6,0,0,16.666901,2.244200,2.959300,18.969601,1,186,186
7.182644,-1,0,6,0,0,16.666998,1.833900,2.167500,15.891500,1,186,186
7.199257,-1,0,6,0,0,16.666901,1.620200,1.885800,16.539600,1,186,186
7.215925,-1,0,6,0,0,16.666901,1.391600,1.984500,15.862800,1,186,186
7.232574,-1,0,6,0,0,16.666702,1.432000,1.945300,15.538200,1,186,186
7.249239,-1,0,6,0,0,16.666800,1.600900,2.345300,14.968800,1,186,186
7.266016,-1,0,6,0,0,16.666800,1.392000,2.434100,15.293500,1,186,186
7.282585,-1,0,6,0,0,16.666698,1.512200,2.563100,15.846400,1,186,186
7.299256,-1,0,6,0,0,16.666901,1.563900,2.284700,15.340500,1,186,186
7.315921,-1,0,6,0,0,16.666998,1.470600,2.199200,16.686100,1,186,186
7.332658,-1,0,6,0,0,16.667101,1.648800,1.864900,14.542900,1,186,186
7.349256,-1,0,6,0,0,16.666800,1.533200,2.182800,16.108500,1,186,186
7.365943,-1,0,6,0,0,16.666800,1.694700,2.785700,16.519199,1,186,186
7.382577,-1,0,6,0,0,16.666800,1.681200,2.736500,16.010201,1,186,186
7.399232,-1,0,6,0,0,16.666698,1.825800,2.563500,17.073200,1,186,186
7.415937,-1,0,6,0,0,16.666803,1.367700,1.954800,15.776700,1,186,186
7.432626,-1,0,6,0,0,16.666897,1.460000,1.932900,18.099199,1,186,186
7.449238,-1,0,6,0,0,16.666800,1.733700,3.914000,15.879200,1,186,186
7.465891,-1,0,6,0,0,16.666901,2.045300,2.779800,17.596399,1,186,186
7.482636,-1,0,6,0,0,16.666901,1.786900,2.425200,16.649200,1,186,186
7.499285,-1,0,6,0,0,16.666800,1.910100,1.912400,15.419400,1,186,186
7.515961,-1,0,6,0,0,16.666800,1.710000,2.683200,16.409599,1,186,186
7.532573,-1,0,6,0,0,16.666901,1.637600,1.841100,18.986000,1,186,186
7.549231,-1,0,6,0,0,16.666800,1.705700,3.262000,14.871600,1,186,186
7.565911,-1,0,6,0,0,16.666800,1.916700,2.068300,16.616400,1,186,186
7.582595,-1,0,6,0,0,16.666702,1.355800,2.372500,16.180201,1,186,186
7.599425,-1,0,6,0,0,16.669798,1.812200,1.991600,17.005600,1,186,186
7.615939,-1,0,6,0,0,16.666800,1.508000,2.155000,16.734200,1,186,186
7.632578,-1,0,6,0,0,16.666800,1.505200,2.008700,17.604601,1,186,186
7.649332,-1,0,6,0,0,16.666698,1.540800,4.351800,19.005501,1,186,186
7.665996,-1,0,6,0,0,16.666800,2.154400,2.488900,14.295000,1,186,186
7.682588,-1,0,6,0,0,16.666800,2.139600,2.946000,16.117800,1,186,186
7.699269,-1,0,6,0,0,16.666901,1.729200,1.961400,17.526800,1,186,186
7.715964,-1,0,6,0,0,16.666800,1.427300,2.757900,14.952400,1,186,186
7.732608,-1,0,6,0,0,16.666702,1.704700,2.380200,17.984501,1,186,186
7.749397,-1,0,6,0,0,16.666901,1.638000,2.955400,15.747100,1,186,186
7.766054,-1,0,6,0,0,16.666800,1.876400,2.165400,16.439301,1,186,186
7.782697,-1,0,6,0,0,16.666800,1.660100,2.798800,17.197001,1,186,186
7.799289,-1,0,6,0,0,16.666800,1.997300,1.993800,16.254000,1,186,186
7.815910,-1,0,6,0,0,16.666698,1.594800,2.660900,16.639000,1,186,186
7.832624,-1,0,6,0,0,16.666698,1.750900,1.949200,17.238001,1,186,186
7.849273,-1,0,6,0,0,16.666901,1.674900,3.363200,16.170000,1,186,186
7.865959,-1,0,6,0,0,16.666698,1.688700,2.220300,17.427401,1,186,186
7.882622,-1,0,6,0,0,16.666698,1.457400,2.388100,15.791200,1,186,186
7.899276,-1,0,6,0,0,16.666901,1.458900,2.664200,16.484301,1,186,186
7.915921,-1,0,6,0,0,16.666702,1.698200,2.501800,16.741400,1,186,186
7.932568,-1,0,6,0,0,16.666698,1.405700,1.796800,17.761299,1,186,186
7.949336,-1,0,6,0,0,16.666901,2.542000,2.436600,15.484900,1,186,186
7.965930,-1,0,6,0,0,16.666800,1.738600,1.990300,16.747499,1,186,186
7.982635,-1,0,6,0,0,16.666698,1.604300,2.609300,17.380400,1,186,186
7.999292,-1,0,6,0,0,16.666698,1.693400,2.299200,16.503799,1,186,186
8.016041,-1,0,6,0,0,16.666698,1.820200,3.692800,16.305099,1,186,186
8.032894,-1,0,6,0,0,16.666800,1.948900,2.008800,18.875401,1,186,186
8.049410,-1,0,6,0,0,16.667002,1.799500,3.475100,14.459900,1,186,186
8.065944,-1,0,6,0,0,16.666901,2.156000,2.695200,18.810900,1,186,186
8.082684,-1,0,6,0,0,16.666800,2.301800,3.416400,14.685200,1,186,186
8.099254,-1,0,6,0,0,16.666901,2.925200,2.797000,16.480200,1,186,186
8.115955,-1,0,6,0,0,16.666901,1.668200,2.303000,16.506901,1,186,186
8.132664,-1,0,6,0,0,16.666901,1.677100,2.284300,16.643101,1,186,186
8.149345,-1,0,6,0,0,16.666901,1.826800,2.957600,17.068001,1,186,186
8.165924,-1,0,6,0,0,16.666901,2.528600,2.174000,16.892900,1,186,186
8.182652,-1,0,6,0,0,16.666698,1.430800,2.116100,15.880200,1,186,186
8.199260,-1,0,6,0,0,16.666698,1.558400,2.356200,16.848900,1,186,186
8.215964,-1,0,6,0,0,16.666901,2.185400,2.067200,16.510000,1,186,186
8.232608,-1,0,6,0,0,16.666800,1.489200,3.105300,16.923599,1,186,186
8.249348,-1,0,6,0,0,16.666901,1.530600,2.070500,16.457800,1,186,186
8.266030,-1,0,6,0,0,16.666901,1.706100,2.555800,16.870399,1,186,186
8.282642,-1,0,6,0,0,16.666901,1.794100,2.718600,16.757700,1,186,186
8.299334,-1,0,6,0,0,16.666901,2.098700,3.145600,16.518200,1,186,186
8.316060,-1,0,6,0,0,16.666698,1.989900,4.042100,16.778200,1,186,186
8.332632,-1,0,6,0,0,16.666698,2.146500,2.384400,16.750601,1,186,186
8.349329,-1,0,6,0,0,16.666800,1.617000,2.547900,16.337900,1,186,186
8.365962,-1,0,6,0,0,16.667002,1.571000,3.458700,16.805901,1,186,186
8.382768,-1,0,6,0,0,16.666800,1.775200,2.875000,16.552999,1,186,186
8.399266,-1,0,6,0,0,16.666800,1.902500,2.839900,16.959499,1,186,186
8.415984,-1,0,6,0,0,16.666800,1.647300,3.241700,16.358400,1,186,186
8.432627,-1,0,6,0,0,16.666800,1.946400,2.853200,16.902100,1,186,186
8.449369,-1,0,6,0,0,16.666901,1.841700,2.597600,16.720900,1,186,186
8.466123,-1,0,6,0,0,16.666698,1.945300,2.908700,16.516100,1,186,186
8.482623,-1,0,6,0,0,16.666901,2.176700,2.963200,17.102900,1,186,186
8.499310,-1,0,6,0,0,16.666698,2.074800,3.240300,16.218100,1,186,186
8.516002,-1,0,6,0,0,16.666901,2.001000,2.453900,16.734200,1,186,186
8.532668,-1,0,6,0,0,16.666800,1.604300,2.456000,16.521200,1,186,186
8.549326,-1,0,6,0,0,16.666800,1.944200,4.012900,17.019899,1,186,186
8.565994,-1,0,6,0,0,16.667002,2.394700,2.239300,16.502800,1,186,186
8.582617,-1,0,6,0,0,16.666800,1.698700,2.436000,16.509899,1,186,186
8.599346,-1,0,6,0,0,16.666698,1.560200,2.474600,16.727100,1,186,186
8.615920,-1,0,6,0,0,16.666901,1.903900,3.858200,16.739300,1,186,186
8.632641,-1,0,6,0,0,16.666800,1.864000,2.484700,16.448500,1,186,186
8.649256,-1,0,6,0,0,16.666800,1.558200,2.244300,16.860201,1,186,186
8.666021,-1,0,6,0,0,16.666702,1.665400,2.180600,16.723900,1,186,186
8.682602,-1,0,6,0,0,16.666800,2.449500,2.573800,17.278000,1,186,186
8.699299,-1,0,6,0,0,16.666998,2.022000,2.518800,15.979500,1,186,186
8.715921,-1,0,6,0,0,16.667002,1.634400,2.297300,16.741400,1,186,186
8.732677,-1,0,6,0,0,16.666901,1.633200,2.343000,16.426001,1,186,186
8.749281,-1,0,6,0,0,16.666901,1.650400,2.512800,16.893900,1,186,186
8.766025,-1,0,6,0,0,16.666698,1.724900,2.103600,16.495600,1,186,186
8.782619,-1,0,6,0,0,16.666901,1.737200,3.255900,16.824400,1,186,186
8.799369,-1,0,6,0,0,16.666698,2.210400,2.556000,16.599001,1,186,186
8.816053,-1,0,6,0,0,16.666702,2.084300,2.726300,17.057800,1,186,186
8.832692,-1,0,6,0,0,16.666897,1.880900,3.455100,16.431101,1,186,186
8.849303,-1,0,6,0,0,16.666800,1.919700,3.523300,16.614401,1,186,186
8.866010,-1,0,6,0,0,16.666702,1.848100,2.662600,16.356400,1,186,186
8.882713,-1,0,6,0,0,16.666800,1.844000,3.250100,16.959499,1,186,186
8.899293,-1,0,6,0,0,16.666901,1.899600,2.312000,16.698299,1,186,186
8.915952,-1,0,6,0,0,16.666800,1.636100,2.389100,16.456699,1,186,186
8.932747,-1,0,6,0,0,16.666800,1.575300,2.280100,16.679001,1,186,186
8.949318,-1,0,6,0,0,16.698799,2.134700,2.519800,16.867300,1,186,186
8.966003,-1,0,6,0,0,16.666901,1.897000,1.811900,16.326599,1,186,186
8.982728,-1,0,6,0,0,16.666800,1.435000,2.267500,16.979000,1,186,186
8.999317,-1,0,6,0,0,16.666901,1.814000,2.980200,16.713699,1,186,186
9.016107,-1,0,6,0,0,16.666998,1.650000,3.327700,16.609301,1,186,186
9.032719,-1,0,6,0,0,16.666901,2.067500,2.202400,16.923599,1,186,186
9.049408,-1,0,6,0,0,16.667002,1.730600,3.066300,16.470100,1,186,186
9.066017,-1,0,6,0,0,16.666901,2.144800,2.665300,17.262501,1,186,186
9.082718,-1,0,6,0,0,16.666901,2.584500,4.164000,16.745501,1,186,186
9.099442,-1,0,6,0,0,16.666901,2.188800,2.823400,15.819800,1,186,186
9.115984,-1,0,6,0,0,16.666800,1.946200,2.222800,16.864201,1,186,186
9.132765,-1,0,6,0,0,16.666901,1.669000,1.971600,16.302099,1,186,186
9.149303,-1,0,6,0,0,16.666901,1.722700,2.679200,17.006599,1,186,186
9.166089,-1,0,6,0,0,16.666897,1.476000,2.805300,16.458799,1,186,186
9.182637,-1,0,6,0,0,16.666803,2.515800,2.942200,17.592300,1,186,186
9.199294,-1,0,6,0,0,16.666698,1.628300,2.123000,16.142300,1,186,186
9.215949,-1,0,6,0,0,16.666800,1.435100,2.109000,16.219200,1,186,186
9.232676,-1,0,6,0,0,16.666698,1.742100,2.297200,16.500700,1,186,186
9.249356,-1,0,6,0,0,16.666698,1.993200,1.950200,16.932899,1,186,186
9.266011,-1,0,6,0,0,16.666800,1.607100,2.313300,16.579500,1,186,186
9.282656,-1,0,6,0,0,16.667002,1.451800,2.311500,16.972799,1,186,186
9.299427,-1,0,6,0,0,16.666901,1.829300,1.959000,18.843700,1,186,186
9.316003,-1,0,6,0,0,16.666698,1.588700,2.130700,20.708300,1,186,186
9.332660,-1,0,6,0,0,16.666901,1.783400,2.623000,18.418699,1,186,186
9.349320,-1,0,6,0,0,16.666901,1.614500,2.463800,19.320900,1,186,186
9.365998,-1,0,6,0,0,16.666901,1.545700,2.590800,17.344500,1,186,186
9.382645,-1,0,6,0,0,16.667002,1.624100,2.784800,16.311300,1,186,186
9.399310,-1,0,6,0,0,16.666901,1.565400,2.336800,14.829600,1,186,186
9.416009,-1,0,6,0,0,16.666897,1.409200,3.186800,16.869301,1,186,186
9.432648,-1,0,6,0,0,16.667002,1.824300,2.109100,16.473101,1,186,186
9.449423,-1,0,6,0,0,16.666800,1.416000,2.065700,15.250500,1,186,186
9.465999,-1,0,6,0,0,16.666800,1.627500,2.537800,15.246300,1,186,186
9.482710,-1,0,6,0,0,16.667002,1.747700,4.043700,15.846400,1,186,186
9.499597,-1,0,6,0,0,16.800900,2.303600,2.683100,14.720000,1,186,186
9.516191,-1,0,6,0,0,16.666901,2.116600,3.305800,15.978500,1,186,186
9.532819,-1,0,6,0,0,16.666800,1.940500,2.808600,15.007800,1,186,186
9.549473,-1,0,6,0,0,16.667002,2.013500,2.795800,15.323100,1,186,186
9.566155,-1,0,6,0,0,16.666901,1.554200,2.205600,16.538601,1,186,186
9.582762,-1,0,6,0,0,16.666800,1.620800,2.747500,16.769100,1,186,186
9.599420,-1,0,6,0,0,16.666800,1.543900,2.131200,19.261400,1,186,186
9.616118,-1,0,6,0,0,16.667002,1.532100,2.468400,15.381500,1,186,186
9.632766,-1,0,6,0,0,16.666901,1.744500,1.818600,15.624200,1,186,186
9.649562,-1,0,6,0,0,16.666998,1.371700,2.295200,19.978201,1,186,186
9.666102,-1,0,6,0,0,16.666901,1.535500,2.146600,14.583800,1,186,186
9.682806,-1,0,6,0,0,16.666698,2.269800,2.534500,16.413700,1,186,186
9.699477,-1,0,6,0,0,16.666803,1.547000,1.930600,17.877001,1,186,186
9.716089,-1,0,6,0,0,16.666800,1.481800,1.828700,14.536700,1,186,186
9.732845,-1,0,6,0,0,16.739998,1.525000,2.436600,16.872499,1,186,186
9.749528,-1,0,6,0,0,16.667101,1.342300,2.091800,17.100800,1,186,186
9.766252,-1,0,6,0,0,16.666800,1.410900,1.908900,16.004101,1,186,186
9.782984,-1,0,6,0,0,16.666698,1.402100,1.948400,16.648199,1,186,186
9.799508,-1,0,6,0,0,16.666800,1.543500,2.033300,16.987101,1,186,186
9.816164,-1,0,6,0,0,16.666901,1.631900,1.789200,15.987700,1,186,186
9.832883,-1,0,6,0,0,16.666800,1.918100,1.893000,16.787500,1,186,186
9.849512,-1,0,6,0,0,16.666800,1.433900,2.436600,16.789499,1,186,186
9.866215,-1,0,6,0,0,16.667101,1.567600,2.337100,17.165300,1,186,186
9.882829,-1,0,6,0,0,16.666698,1.472200,2.767300,16.516100,1,186,186
9.899610,-1,0,6,0,0,16.666901,1.386200,2.069700,16.356400,1,186,186
9.916176,-1,0,6,0,0,16.666698,1.721800,2.121100,16.543699,1,186,186
9.932832,-1,0,6,0,0,16.666901,1.431600,2.188900,17.550301,1,186,186
9.949511,-1,0,6,0,0,16.666698,1.542000,3.027600,16.616501,1,186,186
9.966208,-1,0,6,0,0,16.667101,1.693300,1.914200,17.817600,1,186,186
9.982868,-1,0,6,0,0,16.666698,1.441100,1.983100,16.577499,1,186,186
9.999512,-1,0,6,0,0,16.666698,1.833000,2.624800,16.483400,1,186,186
10.016377,-1,0,6,0,0,16.666901,2.025700,2.055400,17.572800,1,186,186
10.032919,-1,0,6,0,0,16.666800,3.767200,4.058300,16.390200,1,186,186
10.049518,-1,0,6,0,0,16.666698,1.721900,2.077800,18.798599,1,186,186
10.066183,-1,0,6,0,0,16.666702,1.478800,1.993800,13.874100,1,186,186
10.082923,-1,0,6,0,0,16.667097,2.033500,3.092700,15.485900,1,186,186
10.099492,-1,0,6,0,0,16.666698,1.584900,2.875800,18.231300,1,186,186
10.116172,-1,0,6,0,0,16.666901,1.627400,2.020200,14.441500,1,186,186
10.132842,-1,0,6,0,0,16.666901,1.849600,2.423200,17.698799,1,186,186
10.149534,-1,0,6,0,0,16.666901,1.468900,2.355400,16.733200,1,186,186
10.166224,-1,0,6,0,0,16.666901,1.624500,1.778500,16.029699,1,186,186
10.182831,-1,0,6,0,0,16.666800,2.459000,2.475300,17.222601,1,186,186
10.199501,-1,0,6,0,0,16.666800,1.683600,2.232300,18.730000,1,186,186
10.216230,-1,0,6,0,0,16.667101,1.460600,2.285000,14.405600,1,186,186
10.232842,-1,0,6,0,0,16.666901,1.364500,2.138800,16.231501,1,186,186
10.249506,-1,0,6,0,0,16.666800,1.384000,2.913800,15.241200,1,186,186
10.266244,-1,0,6,0,0,16.666698,1.427900,2.710600,19.670099,1,186,186
10.282861,-1,0,6,0,0,16.666800,2.124000,2.131900,14.768100,1,186,186
10.299578,-1,0,6,0,0,16.666698,1.635000,1.873000,16.139299,1,186,186
10.316308,-1,0,6,0,0,16.666800,1.597300,3.162100,18.233299,1,186,186
10.332966,-1,0,6,0,0,16.666901,1.720200,2.116200,15.936500,1,186,186
10.349536,-1,0,6,0,0,16.666800,1.623300,2.627300,15.575100,1,186,186
10.366170,-1,0,6,0,0,16.666800,1.676100,1.883400,16.301001,1,186,186
10.382863,-1,0,6,0,0,16.666901,1.398300,2.285800,17.038401,1,186,186
10.399523,-1,0,6,0,0,16.666800,1.718600,2.093200,17.664000,1,186,186
10.416201,-1,0,6,0,0,16.666901,3.695200,2.155400,16.199699,1,186,186
10.432888,-1,0,6,0,0,16.666698,1.766800,2.083100,16.147400,1,186,186
10.449575,-1,0,6,0,0,16.666698,1.565100,2.215300,16.813101,1,186,186
10.466186,-1,0,6,0,0,16.666901,1.961300,2.216300,16.493601,1,186,186
10.482888,-1,0,6,0,0,16.666800,1.764000,1.824000,16.306101,1,186,186
10.499511,-1,0,6,0,0,16.666702,1.378000,1.805500,16.687099,1,186,186
10.516218,-1,0,6,0,0,16.666698,1.593600,2.055100,16.840700,1,186,186
10.532850,-1,0,6,0,0,16.666901,1.742400,2.290300,16.909300,1,186,186
10.549506,-1,0,6,0,0,16.666800,1.714200,1.855500,17.101900,1,186,186
10.566205,-1,0,6,0,0,16.666698,1.611700,1.845800,15.849400,1,186,186
10.582843,-1,0,6,0,0,16.666800,1.396100,2.488400,16.781401,1,186,186
10.599521,-1,0,6,0,0,16.666800,1.446300,2.171700,17.138599,1,186,186
10.616254,-1,0,6,0,0,16.666698,1.649800,2.086000,16.266300,1,186,186
10.632878,-1,0,6,0,0,16.666702,1.552300,2.066100,16.953300,1,186,186
10.649551,-1,0,6,0,0,16.666897,1.645400,2.284400,17.984501,1,186,186
10.666209,-1,0,6,0,0,16.666702,1.526100,2.813100,14.989400,1,186,186
10.683079,-1,0,6,0,0,16.666901,2.227800,2.543600,17.311701,1,186,186
10.699581,-1,0,6,0,0,16.666897,2.560800,2.607700,17.228800,1,186,186
10.716212,-1,0,6,0,0,16.666702,1.938800,2.523000,15.801300,1,186,186
10.732924,-1,0,6,0,0,16.666998,1.804700,2.091700,16.537600,1,186,186
10.749576,-1,0,6,0,0,16.666901,1.578700,2.217100,16.716801,1,186,186
10.766254,-1,0,6,0,0,16.666901,1.635800,2.251200,16.681000,1,186,186
10.782923,-1,0,6,0,0,16.666698,1.665300,2.833500,16.834600,1,186,186
10.799540,-1,0,6,0,0,16.666901,1.845400,2.226800,17.327101,1,186,186
10.816439,-1,0,6,0,0,16.666800,1.603300,2.410600,15.358900,1,186,186
10.832883,-1,0,6,0,0,16.666800,2.349800,2.674300,18.111500,1,186,186
10.849624,-1,0,6,0,0,16.666803,1.678300,3.000200,15.223800,1,186,186
10.866243,-1,0,6,0,0,16.666998,2.055400,4.198900,17.794100,1,186,186
10.882926,-1,0,6,0,0,16.666800,1.810900,2.567500,15.580100,1,186,186
10.899538,-1,0,6,0,0,16.666901,1.796300,2.189500,16.841801,1,186,186
10.916552,-1,0,6,0,0,16.900900,1.492800,2.481000,16.559099,1,186,186
10.933128,-1,0,6,0,0,16.666698,1.849500,3.055100,17.011700,1,186,186
10.949895,-1,0,6,0,0,16.667002,2.336700,2.581200,17.303600,1,186,186
10.966484,-1,0,6,0,0,16.667002,1.928000,2.175400,16.177099,1,186,186
10.983133,-1,0,6,0,0,16.666998,1.775400,2.442000,20.243500,1,186,186
10.999809,-1,0,6,0,0,16.666901,1.841100,2.474900,16.686100,1,186,186
11.016489,-1,0,6,0,0,16.666800,1.667500,2.284000,13.764600,1,186,186
11.033110,-1,0,6,0,0,16.666901,1.465000,2.760300,17.606600,1,186,186
11.049794,-1,0,6,0,0,16.669001,1.819300,3.187400,15.910900,1,186,186
11.066457,-1,0,6,0,0,16.666901,2.136700,2.684400,16.478201,1,186,186
11.083127,-1,0,6,0,0,16.666901,2.316200,2.440700,16.133200,1,186,186
11.099823,-1,0,6,0,0,16.667002,1.927700,2.093700,16.878500,1,186,186
11.116499,-1,0,6,0,0,16.666897,1.587700,4.205800,16.311300,1,186,186
11.133123,-1,0,6,0,0,16.666901,2.016500,2.122200,17.806400,1,186,186
11.149824,-1,0,6,0,0,16.666702,1.642300,2.838300,15.437800,1,186,186
11.166414,-1,0,6,0,0,16.666800,1.842300,1.948600,17.467400,1,186,186
11.183105,-1,0,6,0,0,16.666698,1.608300,2.014200,16.165899,1,186,186
11.199755,-1,0,6,0,0,16.666800,1.879400,2.865500,17.214399,1,186,186
11.216420,-1,0,6,0,0,16.666901,1.725600,2.201900,17.513500,1,186,186
11.233096,-1,0,6,0,0,16.666698,1.691200,1.934400,14.861300,1,186,186
11.249759,-1,0,6,0,0,16.666901,1.798700,2.496100,17.368099,1,186,186
11.266468,-1,0,6,0,0,16.666800,1.621100,2.054200,16.944099,1,186,186
11.283156,-1,0,6,0,0,16.666698,1.376700,1.860100,15.457300,1,186,186
11.299746,-1,0,6,0,0,16.666800,1.456900,1.898800,17.161200,1,186,186
11.316428,-1,0,6,0,0,16.666901,1.373600,3.056100,18.553900,1,186,186
11.333116,-1,0,6,0,0,16.666800,1.377100,3.740400,16.257999,1,186,186
11.349805,-1,0,6,0,0,16.666698,1.720000,1.942700,17.690599,1,186,186
11.366424,-1,0,6,0,0,16.666901,1.838500,2.038400,14.756900,1,186,186
11.383137,-1,0,6,0,0,16.666901,1.526200,2.333200,15.683600,1,186,186
11.399748,-1,0,6,0,0,16.666800,1.520600,1.838600,17.678301,1,186,186
11.416475,-1,0,6,0,0,16.666901,1.583000,1.728400,15.512600,1,186,186
11.433086,-1,0,6,0,0,16.666901,1.811400,2.248500,17.581100,1,186,186
11.449751,-1,0,6,0,0,16.666800,1.582700,2.565300,16.070601,1,186,186
11.466512,-1,0,6,0,0,16.667002,1.635200,2.745800,17.899599,1,186,186
11.483142,-1,0,6,0,0,16.666901,1.779200,1.745500,15.189000,1,186,186
11.499761,-1,0,6,0,0,16.666800,1.723800,2.120900,17.591299,1,186,186
11.516462,-1,0,6,0,0,16.666698,1.409700,2.544800,15.734700,1,186,186
11.533092,-1,0,6,0,0,16.666800,1.816500,2.160100,17.937401,1,186,186
11.549808,-1,0,6,0,0,16.666800,1.638200,2.025300,15.282200,1,186,186
11.566427,-1,0,6,0,0,16.666698,1.493000,2.539600,18.537500,1,186,186
11.583167,-1,0,6,0,0,16.666800,1.549500,2.777400,15.603700,1,186,186
11.599796,-1,0,6,0,0,16.666901,1.684600,2.296900,17.668100,1,186,186
11.616445,-1,0,6,0,0,16.666800,1.655400,2.059700,15.470600,1,186,186
11.633122,-1,0,6,0,0,16.666901,1.502200,2.158100,17.673201,1,186,186
11.649779,-1,0,6,0,0,16.666698,1.605900,2.787300,18.270201,1,186,186
11.666453,-1,0,6,0,0,16.666803,1.830700,2.736300,15.447100,1,186,186
11.683200,-1,0,6,0,0,16.666698,1.853700,2.417900,15.025100,1,186,186
11.699772,-1,0,6,0,0,16.666901,2.318600,2.481900,18.117599,1,186,186
11.716502,-1,0,6,0,0,16.666998,1.992000,2.211900,16.758801,1,186,186
11.733109,-1,0,6,0,0,16.666800,1.943000,2.036800,14.922800,1,186,186
11.749767,-1,0,6,0,0,16.666901,1.410500,2.095600,16.684999,1,186,186
11.766542,-1,0,6,0,0,16.666901,1.417700,2.255400,18.435101,1,186,186
11.783105,-1,0,6,0,0,16.666800,1.588900,2.658100,14.913500,1,186,186
11.799813,-1,0,6,0,0,16.666901,1.620100,1.993000,17.872900,1,186,186
11.816662,-1,0,6,0,0,16.666800,1.833300,2.009900,15.425600,1,186,186
11.833110,-1,0,6,0,0,16.667002,1.723300,2.140400,17.381300,1,186,186
11.849769,-1,0,6,0,0,16.666800,1.683800,2.321400,16.075800,1,186,186
11.866539,-1,0,6,0,0,16.666800,1.401500,2.427900,18.442301,1,186,186
11.883124,-1,0,6,0,0,16.666800,1.604600,2.078500,14.811100,1,186,186
11.899763,-1,0,6,0,0,16.666698,1.624500,2.634100,18.114599,1,186,186
11.916461,-1,0,6,0,0,16.666800,1.575100,3.146100,15.177700,1,186,186
11.933194,-1,0,6,0,0,16.666901,1.432800,2.657400,17.014799,1,186,186
11.949811,-1,0,6,0,0,16.666901,2.439600,2.093300,16.379900,1,186,186
11.966438,-1,0,6,0,0,16.666901,1.718100,3.337400,18.415600,1,186,186
11.983143,-1,0,6,0,0,16.666901,1.683700,2.652200,18.601000,1,186,186
11.999876,-1,0,6,0,0,16.666901,1.706400,1.982000,14.729200,1,186,186
12.016699,-1,0,6,0,0,16.666901,1.570100,2.200700,15.435800,1,186,186
12.033118,-1,0,6,0,0,16.666698,1.794900,2.245100,16.455601,1,186,186
12.049795,-1,0,6,0,0,16.667101,1.928200,2.334400,18.094101,1,186,186
12.066474,-1,0,6,0,0,16.666800,2.369700,2.597400,16.754700,1,186,186
12.083103,-1,0,6,0,0,16.666901,2.232200,2.286200,15.643700,1,186,186
12.099761,-1,0,6,0,0,16.666800,1.477100,2.143000,17.474501,1,186,186
12.116458,-1,0,6,0,0,16.666800,1.556400,2.317600,15.603700,1,186,186
12.133093,-1,0,6,0,0,16.666800,1.752500,2.320700,16.435200,1,186,186
12.149856,-1,0,6,0,0,16.667002,1.633000,2.194100,17.493000,1,186,186
12.166448,-1,0,6,0,0,16.666800,1.625700,2.404400,16.909300,1,186,186
12.183132,-1,0,6,0,0,16.666901,1.694600,1.976300,16.490499,1,186,186
12.199863,-1,0,6,0,0,16.666800,1.442100,2.124500,15.507500,1,186,186
12.216433,-1,0,6,0,0,16.666897,2.330300,2.235000,17.568800,1,186,186
12.233145,-1,0,6,0,0,16.666702,1.529600,2.464300,16.645100,1,186,186
12.249771,-1,0,6,0,0,16.666800,1.535600,2.064100,16.069599,1,186,186
12.266497,-1,0,6,0,0,16.666698,1.737100,1.956200,17.086500,1,186,186
12.283124,-1,0,6,0,0,16.666901,1.804600,1.975000,15.817700,1,186,186
12.299799,-1,0,6,0,0,16.666800,1.462900,2.711300,16.613400,1,186,186
12.316445,-1,0,6,0,0,16.666901,1.609800,2.139500,19.321800,1,186,186
12.333111,-1,0,6,0,0,16.666800,1.428400,1.978500,15.297600,1,186,186
12.349801,-1,0,6,0,0,16.666800,1.667100,2.376000,15.537100,1,186,186
12.366487,-1,0,6,0,0,16.666800,1.536000,3.222500,19.133499,1,186,186
12.383119,-1,0,6,0,0,16.666901,2.014500,2.451700,14.669800,1,186,186
12.399883,-1,0,6,0,0,16.666901,1.518700,2.534600,16.681999,1,186,186
12.416425,-1,0,6,0,0,16.666800,2.039500,2.067700,16.402399,1,186,186
12.433099,-1,0,6,0,0,16.666901,1.747700,2.366700,16.995399,1,186,186
12.449763,-1,0,6,0,0,16.666698,1.434200,1.958700,16.384001,1,186,186
12.466507,-1,0,6,0,0,16.666698,1.479300,2.058700,16.181200,1,186,186
12.483163,-1,0,6,0,0,16.666800,1.785200,1.851000,17.639500,1,186,186
12.499793,-1,0,6,0,0,16.667101,1.545400,1.885400,17.063900,1,186,186
12.516471,-1,0,6,0,0,16.666901,1.666900,2.284400,15.850500,1,186,186
12.533113,-1,0,6,0,0,16.666800,1.691600,1.756800,16.114700,1,186,186
12.549771,-1,0,6,0,0,16.666901,1.349100,1.870000,16.796600,1,186,186
12.566427,-1,0,6,0,0,16.666800,1.780500,2.832200,16.915501,1,186,186
12.583096,-1,0,6,0,0,16.666698,1.756700,1.849800,17.664000,1,186,186
12.599858,-1,0,6,0,0,16.667101,1.650000,1.868100,15.266800,1,186,186
12.616436,-1,0,6,0,0,16.666897,1.609400,2.029700,17.167400,1,186,186
12.633109,-1,0,6,0,0,16.666803,1.563700,2.292900,17.209299,1,186,186
12.649766,-1,0,6,0,0,16.666698,1.666200,1.940100,18.699301,1,186,186
12.666450,-1,0,6,0,0,16.666800,1.720400,2.155100,14.938100,1,186,186
12.683106,-1,0,6,0,0,16.666800,1.658900,1.806000,17.380301,1,186,186
12.699771,-1,0,6,0,0,16.666800,1.472800,2.894400,15.845400,1,186,186
12.716436,-1,0,6,0,0,16.666800,1.942900,2.103900,16.985100,1,186,186
12.733112,-1,0,6,0,0,16.666800,2.220900,2.081400,15.654900,1,186,186
12.749823,-1,0,6,0,0,16.667002,1.840700,2.381000,16.623600,1,186,186
12.766690,-1,0,6,0,0,16.686701,1.523400,2.853800,17.734699,1,186,186
12.783139,-1,0,6,0,0,16.666800,2.077000,1.810300,15.887400,1,186,186
12.799900,-1,0,6,0,0,16.666698,1.541200,1.780000,15.926200,1,186,186
12.816629,-1,0,6,0,0,16.720001,1.774500,2.034400,17.841200,1,186,186
12.833181,-1,0,6,0,0,16.666901,1.794600,1.924600,16.042999,1,186,186
12.849846,-1,0,6,0,0,16.666698,1.654300,2.475200,17.189899,1,186,186
12.866507,-1,0,6,0,0,16.666901,1.618200,2.051300,16.972799,1,186,186
12.883168,-1,0,6,0,0,16.666901,1.537900,2.212700,16.191500,1,186,186
12.899884,-1,0,6,0,0,16.666800,1.450700,2.577100,16.052200,1,186,186
12.916524,-1,0,6,0,0,16.666901,1.918300,1.862900,16.537600,1,186,186
12.933303,-1,0,6,0,0,16.666698,1.578500,1.785700,16.656401,1,186,186
12.949844,-1,0,6,0,0,16.666901,1.558900,2.274000,16.793600,1,186,186
12.966531,-1,0,6,0,0,16.666698,1.594900,2.532100,16.704500,1,186,186
12.983188,-1,0,6,0,0,16.666800,1.774300,1.995200,18.797600,1,186,186
12.999892,-1,0,6,0,0,16.666901,1.678100,2.349100,14.813200,1,186,186
13.016588,-1,0,6,0,0,16.666901,1.509600,1.900400,16.632799,1,186,186
13.033198,-1,0,6,0,0,16.666800,1.542700,2.911100,16.711700,1,186,186
13.049937,-1,0,6,0,0,16.666901,1.455500,2.151200,16.094200,1,186,186
13.066515,-1,0,6,0,0,16.666901,1.809400,1.757500,16.757700,1,186,186
13.083205,-1,0,6,0,0,16.666901,1.891700,1.968300,17.235001,1,186,186
13.099909,-1,0,6,0,0,16.666800,1.585000,2.588700,16.416800,1,186,186
13.116536,-1,0,6,0,0,16.666698,2.184900,2.286100,16.441299,1,186,186
13.133253,-1,0,6,0,0,16.666698,1.715600,1.949700,16.621599,1,186,186
13.149867,-1,0,6,0,0,16.666800,1.525900,2.343500,16.652300,1,186,186
13.166563,-1,0,6,0,0,16.666800,2.000800,3.546600,17.464300,1,186,186
13.183202,-1,0,6,0,0,16.666800,1.852100,2.455700,15.775700,1,186,186
13.200024,-1,0,6,0,0,16.666800,1.482800,2.053200,16.853001,1,186,186
13.216512,-1,0,6,0,0,16.666800,1.838400,2.405300,17.316900,1,186,186
13.233431,-1,0,6,0,0,16.666800,2.060500,2.436800,17.430500,1,186,186
13.250003,-1,0,6,0,0,16.667002,1.981300,2.085700,15.401000,1,186,186
13.266652,-1,0,6,0,0,16.666800,2.119200,2.054200,16.773100,1,186,186
13.283181,-1,0,6,0,0,16.666698,1.611100,2.713700,17.417200,1,186,186
13.299902,-1,0,6,0,0,16.666901,1.765500,2.267200,15.435800,1,186,186
13.316577,-1,0,6,0,0,16.666702,2.118600,3.110900,17.488899,1,186,186
13.333221,-1,0,6,0,0,16.666998,1.488100,2.284800,17.177601,1,186,186
13.349852,-1,0,6,0,0,16.666901,1.709900,2.885200,16.133101,1,186,186
13.366544,-1,0,6,0,0,16.666698,1.770900,1.871300,17.792999,1,186,186
13.383276,-1,0,6,0,0,16.666803,1.487400,1.924500,14.729200,1,186,186
13.399854,-1,0,6,0,0,16.666698,1.512900,2.028500,17.047600,1,186,186
13.416522,-1,0,6,0,0,16.666800,1.622800,2.105500,16.792601,1,186,186
13.433228,-1,0,6,0,0,16.666800,1.392200,2.485600,16.849899,1,186,186
13.449886,-1,0,6,0,0,16.666698,1.780800,2.194100,16.065500,1,186,186
13.466555,-1,0,6,0,0,16.666698,1.640600,2.222100,17.367100,1,186,186
13.483204,-1,0,6,0,0,16.666800,1.802700,2.637500,16.097200,1,186,186
13.499854,-1,0,6,0,0,16.666901,1.832300,2.516900,17.160101,1,186,186
13.516587,-1,0,6,0,0,16.666698,1.358900,1.941400,15.969300,1,186,186
13.533314,-1,0,6,0,0,16.666901,1.396800,1.934900,17.228800,1,186,186
13.549858,-1,0,6,0,0,16.666901,1.563000,2.234100,16.365601,1,186,186
13.566513,-1,0,6,0,0,16.666901,1.549400,2.420900,18.078699,1,186,186
13.583192,-1,0,6,0,0,16.666901,1.685800,1.908500,15.094800,1,186,186
13.599872,-1,0,6,0,0,16.666901,1.706500,2.008300,17.436701,1,186,186
13.616514,-1,0,6,0,0,16.666800,1.487900,2.541000,16.067600,1,186,186
13.633204,-1,0,6,0,0,16.666901,1.780000,2.638700,16.907200,1,186,186
13.649991,-1,0,6,0,0,16.666800,1.457200,2.430200,17.658899,1,186,186
13.666543,-1,0,6,0,0,16.666698,1.993900,2.557100,15.460400,1,186,186
13.683215,-1,0,6,0,0,16.666901,1.612400,2.358300,18.284500,1,186,186
13.699959,-1,0,6,0,0,16.666698,1.965300,2.350800,16.365601,1,186,186
13.716575,-1,0,6,0,0,16.666702,1.547400,1.935100,15.141900,1,186,186
13.733192,-1,0,6,0,0,16.666800,2.063800,2.216400,17.750000,1,186,186
13.749845,-1,0,6,0,0,16.666800,1.775400,2.490100,16.511999,1,186,186
13.766913,-1,0,6,0,0,16.666800,1.932600,2.164900,16.218100,1,186,186
13.783179,-1,0,6,0,0,16.666901,2.017800,2.012200,16.435200,1,186,186
13.799858,-1,0,6,0,0,16.666901,1.687800,2.274600,16.843800,1,186,186
13.816603,-1,0,6,0,0,16.666800,1.503800,2.524500,16.735201,1,186,186
13.833186,-1,0,6,0,0,16.666897,1.712200,2.164900,16.968700,1,186,186
13.849936,-1,0,6,0,0,16.666702,1.569800,1.922300,15.732700,1,186,186
13.866515,-1,0,6,0,0,16.666698,1.692200,2.410200,17.560600,1,186,186
13.883207,-1,0,6,0,0,16.666901,1.424800,2.776700,15.916000,1,186,186
13.899871,-1,0,6,0,0,16.666901,1.691500,2.625800,16.592899,1,186,186
13.916566,-1,0,6,0,0,16.666800,1.782000,2.138100,16.811001,1,186,186
13.933210,-1,0,6,0,0,16.666698,1.724500,2.105200,18.263100,1,186,186
13.949961,-1,0,6,0,0,16.666800,1.474900,3.261400,15.320000,1,186,186
13.966540,-1,0,6,0,0,16.667002,1.901900,2.472000,17.858601,1,186,186
13.983301,-1,0,6,0,0,16.666698,1.537700,2.297500,16.684000,1,186,186
13.999853,-1,0,6,0,0,16.666901,1.550400,2.248900,16.114700,1,186,186
14.016561,-1,0,6,0,0,16.666901,1.702600,2.699500,16.770100,1,186,186
14.033202,-1,0,6,0,0,16.666901,1.383600,2.185500,16.508900,1,186,186
14.049872,-1,0,6,0,0,16.666698,1.887200,1.924200,15.727600,1,186,186
14.066514,-1,0,6,0,0,16.666800,1.729100,1.881900,18.480200,1,186,186
14.083190,-1,0,6,0,0,16.666698,1.652600,2.355300,14.893000,1,186,186
14.099850,-1,0,6,0,0,16.666901,1.966700,2.073300,17.840200,1,186,186
14.116713,-1,0,6,0,0,16.666800,1.403600,1.834400,15.418300,1,186,186
14.133194,-1,0,6,0,0,16.666800,1.782500,2.137600,17.045500,1,186,186
14.149921,-1,0,6,0,0,16.667002,1.549100,2.527100,16.328699,1,186,186
14.166547,-1,0,6,0,0,16.666698,1.666500,1.939800,16.675900,1,186,186
14.183275,-1,0,6,0,0,16.666800,1.691300,2.043600,16.541700,1,186,186
14.199857,-1,0,6,0,0,16.666800,1.708500,2.550400,17.245100,1,186,186
14.216560,-1,0,6,0,0,16.667002,1.604000,2.155900,16.181299,1,186,186
14.233325,-1,0,6,0,0,16.666901,1.576800,2.000700,16.643101,1,186,186
14.249881,-1,0,6,0,0,16.666800,2.123800,2.357300,17.540100,1,186,186
14.266597,-1,0,6,0,0,16.666901,1.657200,2.088800,16.070601,1,186,186
14.283227,-1,0,6,0,0,16.666800,1.605500,2.344300,16.578600,1,186,186
14.299864,-1,0,6,0,0,16.666901,1.511800,2.343400,16.430099,1,186,186
14.316552,-1,0,6,0,0,16.666800,1.638600,2.227100,16.914400,1,186,186
14.333478,-1,0,6,0,0,16.666901,1.729000,2.057500,16.424999,1,186,186
14.349920,-1,0,6,0,0,16.666800,1.763900,2.989000,17.103800,1,186,186
14.366545,-1,0,6,0,0,16.666800,2.042900,2.322100,18.015200,1,186,186
14.383247,-1,0,6,0,0,16.666698,3.000400,1.804300,14.945300,1,186,186
14.399929,-1,0,6,0,0,16.667002,1.423600,2.252100,18.117599,1,186,186
14.421580,-1,0,6,0,0,16.666901,1.710000,2.341000,15.315000,1,186,186
14.435263,-1,0,6,0,0,16.666800,6.670900,2.405700,21.767099,1,186,186
14.450667,-1,0,6,0,0,16.666901,3.703800,2.305900,13.959200,1,186,186
14.466756,-1,0,6,0,0,16.666998,2.243900,1.970000,14.978000,1,186,186
14.483979,-1,0,6,0,0,16.666702,1.798900,2.661200,16.230400,1,186,186
14.500019,-1,0,6,0,0,16.666901,2.408800,2.131700,17.027100,1,186,186
14.516654,-1,0,6,0,0,16.666998,2.086600,2.472600,16.060400,1,186,186
14.533392,-1,0,6,0,0,16.666901,2.554800,2.738600,16.713699,1,186,186
14.549986,-1,0,6,0,0,16.667002,1.947100,2.442700,16.896000,1,186,186
14.566599,-1,0,6,0,0,16.666800,2.149300,2.321300,16.291800,1,186,186
14.583372,-1,0,6,0,0,16.666800,1.949700,2.124400,16.729099,1,186,186
14.599877,-1,0,6,0,0,16.666698,1.738600,2.465100,16.800800,1,186,186
14.616557,-1,0,6,0,0,16.666702,1.557600,2.473500,16.529400,1,186,186
14.633224,-1,0,6,0,0,16.666698,1.725900,1.833900,16.526300,1,186,186
14.649964,-1,0,6,0,0,16.666698,1.735700,2.493600,16.771099,1,186,186
14.666544,-1,0,6,0,0,16.666901,1.939600,2.148700,16.847900,1,186,186
14.683312,-1,0,6,0,0,16.667002,1.618100,1.801200,16.858101,1,186,186
14.699985,-1,0,6,0,0,16.666901,1.579900,2.423400,16.540701,1,186,186
14.716590,-1,0,6,0,0,16.666897,1.710400,1.910700,16.347099,1,186,186
14.733258,-1,0,6,0,0,16.666702,1.454400,2.287700,16.622601,1,186,186
14.750312,-1,0,6,0,0,16.666698,1.732200,2.001100,17.028099,1,186,186
14.766792,-1,0,6,0,0,16.666800,2.405000,2.274900,17.440701,1,186,186
14.783510,-1,0,6,0,0,16.666698,1.943400,2.092100,15.875100,1,186,186
14.799963,-1,0,6,0,0,16.666698,2.208200,1.987000,16.634899,1,186,186
14.816564,-1,0,6,0,0,16.666901,1.556300,1.874400,16.751600,1,186,186
14.833281,-1,0,6,0,0,16.666901,1.551000,2.100300,16.254999,1,186,186
14.849998,-1,0,6,0,0,16.666901,2.102800,2.566600,16.868299,1,186,186
14.866560,-1,0,6,0,0,16.666800,1.657500,2.239600,16.692301,1,186,186
14.883399,-1,0,6,0,0,16.666901,1.571400,2.294100,17.011700,1,186,186
14.899922,-1,0,6,0,0,16.666901,1.834900,2.295300,16.280600,1,186,186
14.916685,-1,0,6,0,0,16.666698,1.682900,1.940400,16.467899,1,186,186
14.933308,-1,0,6,0,0,16.666698,2.103100,2.308100,16.956400,1,186,186
14.950207,-1,0,6,0,0,16.666901,1.525500,2.404000,16.940100,1,186,186
14.966749,-1,0,6,0,0,16.666901,2.010200,3.347500,16.548800,1,186,186
14.983268,-1,0,6,0,0,16.666800,2.147400,3.345400,16.835600,1,186,186
14.999979,-1,0,6,0,0,16.700401,1.827800,2.599000,16.176100,1,186,186
15.016639,-1,0,6,0,0,16.666800,1.683400,2.879100,16.639000,1,186,186
15.033304,-1,0,6,0,0,16.666698,1.809500,1.834200,16.597000,1,186,186
15.049931,-1,0,6,0,0,16.666800,1.525800,2.210200,17.007700,1,186,186
15.066594,-1,0,6,0,0,16.666800,1.859800,2.164400,16.492500,1,186,186
15.083262,-1,0,6,0,0,16.666698,1.864000,2.423200,17.351700,1,186,186
15.099952,-1,0,6,0,0,16.666901,2.324600,2.182000,16.416700,1,186,186
15.116594,-1,0,6,0,0,16.666800,1.658600,2.053200,16.228399,1,186,186
15.133326,-1,0,6,0,0,16.666901,1.847600,2.144400,16.729099,1,186,186
15.150138,-1,0,6,0,0,16.666800,1.597700,2.146400,17.334299,1,186,186
15.166667,-1,0,6,0,0,16.667002,1.784400,2.419900,16.297899,1,186,186
15.183462,-1,0,6,0,0,16.666698,1.937500,2.034300,16.214100,1,186,186
15.199958,-1,0,6,0,0,16.666800,1.751000,2.556000,16.986099,1,186,186
15.216657,-1,0,6,0,0,16.666901,1.883300,2.104100,16.248800,1,186,186
15.233476,-1,0,6,0,0,16.666800,1.583300,1.992200,17.021999,1,186,186
15.249994,-1,0,6,0,0,16.666800,1.720400,2.007400,16.849899,1,186,186
15.266905,-1,0,6,0,0,16.666901,1.678600,2.102300,16.493500,1,186,186
15.283281,-1,0,6,0,0,16.666800,2.680300,2.346800,17.460300,1,186,186
15.299991,-1,0,6,0,0,16.666901,1.922500,1.855400,15.740900,1,186,186
15.316611,-1,0,6,0,0,16.666800,1.596000,2.750200,16.871401,1,186,186
15.333288,-1,0,6,0,0,16.666800,1.768600,1.892000,16.468000,1,186,186
15.349965,-1,0,6,0,0,16.666901,1.760600,2.666600,16.684999,1,186,186
15.366636,-1,0,6,0,0,16.666901,1.969600,2.049000,16.789499,1,186,186
15.383372,-1,0,6,0,0,16.666901,1.594300,2.154400,16.728100,1,186,186
15.399911,-1,0,6,0,0,16.666800,1.589400,1.999300,16.738300,1,186,186
15.416761,-1,0,6,0,0,16.666800,1.766600,2.276300,16.372700,1,186,186
15.433442,-1,0,6,0,0,16.666800,1.996400,2.427200,16.932899,1,186,186
15.450043,-1,0,6,0,0,16.666800,2.148100,2.373300,16.545799,1,186,186
15.467049,-1,0,6,0,0,16.666800,1.678700,2.910100,16.630800,1,186,186
15.483375,-1,0,6,0,0,16.666800,2.190700,1.937300,17.049601,1,186,186
15.499970,-1,0,6,0,0,16.666698,1.733800,2.420400,16.551901,1,186,186
15.516685,-1,0,6,0,0,16.679802,2.343800,2.217400,16.468000,1,186,186
15.533266,-1,0,6,0,0,16.666698,1.539400,2.523100,16.500700,1,186,186
15.549937,-1,0,6,0,0,16.666800,2.186700,2.395900,16.669701,1,186,186
15.566649,-1,0,6,0,0,16.666803,1.687700,2.259400,16.705601,1,186,186
15.583290,-1,0,6,0,0,16.666800,1.524000,2.519300,16.788500,1,186,186
15.600000,-1,0,6,0,0,16.666897,1.861700,2.143400,16.474100,1,186,186
15.616606,-1,0,6,0,0,16.666803,1.790400,2.198000,16.807899,1,186,186
15.633466,-1,0,6,0,0,16.666698,1.669400,1.965000,16.581600,1,186,186
15.650223,-1,0,6,0,0,16.666800,1.857600,2.362000,16.884800,1,186,186
15.666669,-1,0,6,0,0,16.666800,2.418300,2.235200,17.137600,1,186,186
15.683419,-1,0,6,0,0,16.666901,1.690300,3.193200,16.044100,1,186,186
15.699958,-1,0,6,0,0,16.666800,1.773300,2.796000,16.778200,1,186,186
15.716623,-1,0,6,0,0,16.666698,1.902400,2.597600,16.667700,1,186,186
15.733383,-1,0,6,0,0,16.666800,1.994100,2.104500,16.347099,1,186,186
15.749983,-1,0,6,0,0,16.666800,1.931900,2.596000,16.901100,1,186,186
15.766687,-1,0,6,0,0,16.666901,1.621800,2.236500,16.642099,1,186,186
15.783627,-1,0,6,0,0,16.681202,1.704200,2.516700,16.575500,1,186,186
15.800038,-1,0,6,0,0,16.666998,2.499000,2.065000,17.609699,1,186,186
15.816997,-1,0,6,0,0,16.666901,2.007100,2.104100,15.779800,1,186,186
15.833566,-1,0,6,0,0,16.666800,2.113000,2.083600,17.318899,1,186,186
15.850066,-1,0,6,0,0,16.666901,2.121900,2.804000,16.265301,1,186,186
15.866655,-1,0,6,0,0,16.667002,1.767800,2.674800,16.606199,1,186,186
15.883700,-1,0,6,0,0,16.666800,2.151100,2.129600,16.530399,1,186,186
15.900012,-1,0,6,0,0,16.667002,2.168600,2.279500,17.210400,1,186,186
15.917062,-1,0,6,0,0,16.666800,1.791200,2.018100,16.126900,1,186,186
15.933337,-1,0,6,0,0,16.666800,2.289200,2.547500,17.581100,1,186,186
15.950179,-1,0,6,0,0,16.666800,2.265400,2.672700,15.999000,1,186,186
15.966884,-1,0,6,0,0,16.666800,2.279800,2.919200,16.634800,1,186,186
15.983458,-1,0,6,0,0,16.666800,2.126600,2.813800,16.712799,1,186,186
16.000047,-1,0,6,0,0,16.666800,1.858900,2.271100,16.414700,1,186,186
16.016823,-1,0,6,0,0,16.666901,1.780700,2.450500,16.670700,1,186,186
16.033349,-1,0,6,0,0,16.666901,2.146500,2.609300,16.782301,1,186,186
16.050016,-1,0,6,0,0,16.667002,1.789000,2.042800,16.578600,1,186,186
16.066684,-1,0,6,0,0,16.666698,1.923000,1.944700,17.199100,1,186,186
16.083324,-1,0,6,0,0,16.666800,1.694800,2.237400,16.078899,1,186,186
16.099989,-1,0,6,0,0,16.666698,2.329300,2.503900,17.272800,1,186,186
16.116637,-1,0,6,0,0,16.666698,1.566600,2.413200,16.115700,1,186,186
16.133313,-1,0,6,0,0,16.666901,1.873700,2.229200,16.510000,1,186,186
16.150181,-1,0,6,0,0,16.666901,1.787500,2.279400,16.753599,1,186,186
16.166706,-1,0,6,0,0,16.666800,2.251400,2.245800,17.122400,1,186,186
16.183436,-1,0,6,0,0,16.666901,1.756700,1.823100,16.148399,1,186,186
16.200067,-1,0,6,0,0,16.666698,1.591400,2.472100,16.771099,1,186,186
16.216765,-1,0,6,0,0,16.666901,1.706000,1.913000,16.678900,1,186,186
16.233305,-1,0,6,0,0,16.666698,1.779700,2.192300,16.719900,1,186,186
16.250018,-1,0,6,0,0,16.666901,1.494200,2.099600,16.531401,1,186,186
16.266937,-1,0,6,0,0,16.666901,1.773000,1.904300,16.656401,1,186,186
16.283441,-1,0,6,0,0,16.666698,1.721800,2.136100,16.929800,1,186,186
16.300154,-1,0,6,0,0,16.666901,1.789300,2.185200,16.559099,1,186,186
16.316721,-1,0,6,0,0,16.670403,2.213700,2.318300,17.126400,1,186,186
16.333343,-1,0,6,0,0,16.666698,1.889200,2.072900,16.091200,1,186,186
16.349955,-1,0,6,0,0,16.666901,1.702300,2.711300,16.754601,1,186,186
16.366662,-1,0,6,0,0,16.666698,2.012000,1.955600,16.471100,1,186,186
16.383394,-1,0,6,0,0,16.666901,1.869800,2.424600,16.702499,1,186,186
16.400176,-1,0,6,0,0,16.666698,1.649100,2.267200,17.421301,1,186,186
16.416683,-1,0,6,0,0,16.666800,2.133900,1.988500,16.112600,1,186,186
16.433293,-1,0,6,0,0,16.666800,1.467100,1.985200,16.511000,1,186,186
16.450041,-1,0,6,0,0,16.666901,1.404200,2.499600,16.594900,1,186,186
16.466646,-1,0,6,0,0,16.666698,1.549800,2.099500,16.685101,1,186,186
16.483288,-1,0,6,0,0,16.666901,1.487900,2.066500,16.793600,1,186,186
16.500318,-1,0,6,0,0,16.666901,1.474500,1.944400,16.446400,1,186,186
16.516945,-1,0,6,0,0,16.667002,1.746000,2.610600,17.371201,1,186,186
16.533345,-1,0,6,0,0,16.666800,2.193200,1.846400,16.174101,1,186,186
16.550340,-1,0,6,0,0,16.666698,1.696600,2.330900,16.643000,1,186,186
16.566649,-1,0,6,0,0,16.666800,2.185000,2.064600,16.989201,1,186,186
16.583326,-1,0,6,0,0,16.666800,1.695700,2.194200,16.525299,1,186,186
16.599982,-1,0,6,0,0,16.666702,1.844500,2.270100,16.394199,1,186,186
16.616719,-1,0,6,0,0,16.666901,1.962400,2.066000,16.659500,1,186,186
16.633423,-1,0,6,0,0,16.666998,1.889200,2.088700,16.849899,1,186,186
16.649988,-1,0,6,0,0,16.666901,1.958700,2.020500,16.628700,1,186,186
16.666670,-1,0,6,0,0,16.666901,1.665900,1.841700,16.536600,1,186,186
16.683288,-1,0,6,0,0,16.666901,1.527100,1.870000,16.732201,1,186,186
16.699963,-1,0,6,0,0,16.666698,1.661800,2.213300,16.424900,1,186,186
16.716643,-1,0,6,0,0,16.666901,1.666000,2.362200,16.766001,1,186,186
16.733285,-1,0,6,0,0,16.666800,1.709400,1.936500,16.723900,1,186,186
16.749977,-1,0,6,0,0,16.666800,1.696700,2.058300,16.709700,1,186,186
16.766679,-1,0,6,0,0,16.666901,1.432300,2.493700,16.655300,1,186,186
16.783363,-1,0,6,0,0,16.666901,1.657100,1.820700,16.632900,1,186,186
16.800055,-1,0,6,0,0,16.666901,1.627400,2.240600,16.560101,1,186,186
16.816654,-1,0,6,0,0,16.666698,1.600000,1.886600,16.800800,1,186,186
16.833363,-1,0,6,0,0,16.666901,2.451400,2.084200,17.390600,1,186,186
16.849963,-1,0,6,0,0,16.666800,1.870200,2.219600,16.157700,1,186,186
16.866715,-1,0,6,0,0,16.671602,1.765100,2.044800,16.375799,1,186,186
16.883713,-1,0,6,0,0,16.666698,1.880400,2.012000,16.792500,1,186,186
16.900034,-1,0,6,0,0,16.666901,2.272400,1.989300,17.095699,1,186,186
16.916962,-1,0,6,0,0,16.666901,1.627900,2.233100,16.172001,1,186,186
16.933337,-1,0,6,0,0,16.666800,1.957800,2.188700,16.986200,1,186,186
16.950058,-1,0,6,0,0,16.666901,1.727500,2.214400,16.327600,1,186,186
16.966665,-1,0,6,0,0,16.667097,1.709500,2.438000,16.777300,1,186,186
16.983383,-1,0,6,0,0,16.666800,1.851900,1.744100,16.514000,1,186,186
17.000116,-1,0,6,0,0,16.666901,1.483000,2.304600,16.753700,1,186,186
17.016940,-1,0,6,0,0,16.666698,1.520100,2.032700,16.629700,1,186,186
17.033305,-1,0,6,0,0,16.666702,2.295600,2.112700,17.105900,1,186,186
17.050212,-1,0,6,0,0,16.666800,1.791600,2.302800,16.226400,1,186,186
17.066879,-1,0,6,0,0,16.666800,2.456400,2.094300,16.907200,1,186,186
17.083302,-1,0,6,0,0,16.666800,2.060200,2.248400,16.635900,1,186,186
17.100050,-1,0,6,0,0,16.666800,1.476600,2.187800,16.407600,1,186,186
17.116729,-1,0,6,0,0,16.666901,1.859800,2.429800,17.428499,1,186,186
17.133316,-1,0,6,0,0,16.666901,1.945000,2.250300,16.028601,1,186,186
17.150059,-1,0,6,0,0,16.666800,1.515500,2.275100,16.583700,1,186,186
17.166649,-1,0,6,0,0,16.666901,1.793000,2.888400,16.779301,1,186,186
17.183710,-1,0,6,0,0,16.667198,2.086500,2.090200,16.538601,1,186,186
17.200196,-1,0,6,0,0,16.666698,1.990900,2.044100,17.090599,1,186,186
17.216640,-1,0,6,0,0,16.666800,1.974700,2.742200,16.673800,1,186,186
17.233335,-1,0,6,0,0,16.666800,1.676200,1.910200,16.204800,1,186,186
17.250101,-1,0,6,0,0,16.666800,1.516500,2.183900,17.484800,1,186,186
17.266680,-1,0,6,0,0,16.666901,1.606400,1.920100,15.991800,1,186,186
17.283307,-1,0,6,0,0,16.666702,1.448800,2.062500,16.580601,1,186,186
17.300062,-1,0,6,0,0,16.666800,2.020700,2.193500,16.573400,1,186,186
17.316643,-1,0,6,0,0,16.666800,1.663100,2.152600,16.907301,1,186,186
17.333551,-1,0,6,0,0,16.666800,1.723400,2.192600,16.458700,1,186,186
17.350220,-1,0,6,0,0,16.666800,2.523700,2.714500,17.742901,1,186,186
17.366689,-1,0,6,0,0,16.666800,1.956800,1.693700,15.819800,1,186,186
17.383582,-1,0,6,0,0,16.666901,1.478900,2.783100,17.128401,1,186,186
17.400070,-1,0,6,0,0,16.666901,2.102200,1.862200,16.280600,1,186,186
17.416657,-1,0,6,0,0,16.666698,1.903100,2.563400,16.526300,1,186,186
17.433377,-1,0,6,0,0,16.666901,1.818000,2.516500,16.514099,1,186,186
17.450095,-1,0,6,0,0,16.666800,2.081600,2.389300,16.775101,1,186,186
17.466844,-1,0,6,0,0,16.666800,1.951500,2.058500,16.689199,1,186,186
17.483480,-1,0,6,0,0,16.666901,1.960700,3.206100,16.857100,1,186,186
17.500014,-1,0,6,0,0,16.666698,1.868900,2.307900,16.565201,1,186,186
17.516719,-1,0,6,0,0,16.666800,1.626500,2.575600,16.416800,1,186,186
17.533926,-1,0,6,0,0,16.666901,1.578700,1.806100,16.980000,1,186,186
17.549997,-1,0,6,0,0,16.666698,2.241300,2.300300,17.106899,1,186,186
17.566879,-1,0,6,0,0,16.666800,1.535400,2.136600,16.511000,1,186,186
17.583353,-1,0,6,0,0,16.666800,1.629200,2.873800,16.283600,1,186,186
17.600299,-1,0,6,0,0,16.666800,1.551300,2.359100,17.674299,1,186,186
17.616700,-1,0,6,0,0,16.666702,1.818700,3.182800,15.873000,1,186,186
17.633311,-1,0,6,0,0,16.666897,1.997700,3.159700,16.399401,1,186,186
17.650014,-1,0,6,0,0,16.666901,2.280600,2.763500,16.696301,1,186,186
17.666759,-1,0,6,0,0,16.666702,1.518000,1.723300,16.612400,1,186,186
17.683330,-1,0,6,0,0,16.666698,1.554800,2.449900,16.818100,1,186,186
17.699971,-1,0,6,0,0,16.666800,1.771500,2.233500,16.849899,1,186,186
17.716654,-1,0,6,0,0,16.666901,1.748000,2.610700,16.183300,1,186,186
17.733363,-1,0,6,0,0,16.666698,1.379300,2.025600,17.059900,1,186,186
17.750131,-1,0,6,0,0,16.667002,1.758600,2.059400,16.315399,1,186,186
17.766691,-1,0,6,0,0,16.666698,1.591600,2.052200,16.924601,1,186,186
17.783321,-1,0,6,0,0,16.666800,1.830100,2.115300,16.447500,1,186,186
17.800049,-1,0,6,0,0,16.666800,1.778900,1.921000,16.422899,1,186,186
17.816777,-1,0,6,0,0,16.666901,1.553800,2.148800,17.390600,1,186,186
17.833342,-1,0,6,0,0,16.666698,1.869700,3.124400,16.317400,1,186,186
17.849981,-1,0,6,0,0,16.666901,1.842000,2.558700,16.500700,1,186,186
17.866776,-1,0,6,0,0,16.666800,2.201300,3.327200,17.352699,1,186,186
17.883340,-1,0,6,0,0,16.666901,1.965400,2.163000,16.254000,1,186,186
17.899983,-1,0,6,0,0,16.666901,1.455300,2.324400,16.336901,1,186,186
17.916885,-1,0,6,0,0,16.666698,1.782400,2.250200,16.710600,1,186,186
17.933458,-1,0,6,0,0,16.666800,1.995600,2.009600,16.883801,1,186,186
17.950248,-1,0,6,0,0,16.666698,1.969000,2.362500,17.244101,1,186,186
17.966693,-1,0,6,0,0,16.666702,1.802100,2.561000,16.216101,1,186,186
17.983491,-1,0,6,0,0,16.666800,1.507800,1.999500,16.295900,1,186,186
18.000156,-1,0,6,0,0,16.666901,2.584300,1.974200,17.807400,1,186,186
18.016867,-1,0,6,0,0,16.666897,2.190200,2.200300,16.283600,1,186,186
18.033320,-1,0,6,0,0,16.666702,1.994100,2.687100,16.188400,1,186,186
18.050079,-1,0,6,0,0,16.666800,1.884200,2.380100,16.286800,1,186,186
18.066708,-1,0,6,0,0,16.666901,1.987000,1.897900,17.579000,1,186,186
18.083378,-1,0,6,0,0,16.666901,1.840000,2.470500,16.607201,1,186,186
18.100054,-1,0,6,0,0,16.666800,2.001500,2.860300,16.089100,1,186,186
18.116890,-1,0,6,0,0,16.666897,2.654300,2.159600,17.153000,1,186,186
18.133415,-1,0,6,0,0,16.666901,1.953300,1.821100,16.065599,1,186,186
18.150057,-1,0,6,0,0,16.666901,1.602500,1.909300,16.704500,1,186,186
18.166637,-1,0,6,0,0,16.666800,1.552700,2.409000,16.781300,1,186,186
18.183383,-1,0,6,0,0,16.666702,1.805400,2.348400,16.427999,1,186,186
18.200081,-1,0,6,0,0,16.666897,1.748600,2.058200,16.711700,1,186,186
18.216727,-1,0,6,0,0,16.666901,1.629600,2.337500,16.814100,1,186,186
18.233316,-1,0,6,0,0,16.666800,1.531900,2.188000,16.619499,1,186,186
18.250398,-1,0,6,0,0,16.666901,1.879500,2.183100,16.626699,1,186,186
18.266785,-1,0,6,0,0,16.666901,2.254000,1.906900,17.161200,1,186,186
18.283393,-1,0,6,0,0,16.666698,1.832800,2.352300,16.631800,1,186,186
18.300077,-1,0,6,0,0,16.666901,1.554300,2.508300,16.329800,1,186,186
18.316844,-1,0,6,0,0,16.666702,1.770400,2.028500,16.868299,1,186,186
18.333556,-1,0,6,0,0,16.666800,1.911800,2.450300,17.054701,1,186,186
18.350167,-1,0,6,0,0,16.666901,2.383400,2.380600,16.151600,1,186,186
18.366714,-1,0,6,0,0,16.666800,2.722400,2.886400,17.335300,1,186,186
18.383459,-1,0,6,0,0,16.666698,2.169100,2.504100,16.077801,1,186,186
18.400340,-1,0,6,0,0,16.666698,1.846200,1.990500,16.557100,1,186,186
18.416703,-1,0,6,0,0,16.666901,2.176700,2.363300,16.866301,1,186,186
18.433521,-1,0,6,0,0,16.667002,1.845300,2.147000,16.292801,1,186,186
18.450115,-1,0,6,0,0,16.666901,1.748500,2.034100,16.742399,1,186,186
18.466809,-1,0,6,0,0,16.666800,1.602600,2.225600,16.834600,1,186,186
18.483363,-1,0,6,0,0,16.666800,1.787800,2.218600,16.566299,1,186,186
18.500019,-1,0,6,0,0,16.666698,2.036300,2.570300,16.362400,1,186,186
18.516802,-1,0,6,0,0,16.666698,1.907200,2.246400,16.683100,1,186,186
18.533448,-1,0,6,0,0,16.666800,2.075600,1.978500,17.119200,1,186,186
18.549981,-1,0,6,0,0,16.666698,1.952500,2.776500,16.535500,1,186,186
18.566773,-1,0,6,0,0,16.674303,1.610500,2.585300,16.398399,1,186,186
18.583431,-1,0,6,0,0,16.666998,1.624400,2.269400,16.626699,1,186,186
18.600125,-1,0,6,0,0,16.666800,1.612200,1.855400,16.954300,1,186,186
18.616679,-1,0,6,0,0,16.666702,1.989200,2.469100,17.013800,1,186,186
18.633310,-1,0,6,0,0,16.666800,1.955800,2.327900,16.141300,1,186,186
18.650012,-1,0,6,0,0,16.666800,1.604500,2.199300,16.826401,1,186,186
18.666714,-1,0,6,0,0,16.666800,1.760600,2.028800,16.864300,1,186,186
18.683320,-1,0,6,0,0,16.666901,1.873200,2.418200,16.405500,1,186,186
18.700142,-1,0,6,0,0,16.666800,1.650900,2.144400,16.475100,1,186,186
18.716800,-1,0,6,0,0,16.666901,1.614900,2.394400,16.875500,1,186,186
18.733336,-1,0,6,0,0,16.666800,1.629600,2.253700,16.700399,1,186,186
18.750067,-1,0,6,0,0,16.666698,1.521300,1.983000,16.351299,1,186,186
18.766684,-1,0,6,0,0,16.666901,1.504000,2.951500,16.988100,1,186,186
18.783554,-1,0,6,0,0,16.666901,1.665300,2.071900,16.481300,1,186,186
18.800005,-1,0,6,0,0,16.666698,1.904600,2.223000,17.938400,1,186,186
18.816746,-1,0,6,0,0,16.666800,1.778200,2.566000,15.361100,1,186,186
18.833320,-1,0,6,0,0,16.666698,1.685100,2.832100,16.955299,1,186,186
18.850135,-1,0,6,0,0,16.666702,2.618200,2.508800,16.466999,1,186,186
18.866643,-1,0,6,0,0,16.666698,1.929400,2.415300,16.871401,1,186,186
18.883330,-1,0,6,0,0,16.666901,2.182300,3.198700,17.099800,1,186,186
18.900024,-1,0,6,0,0,16.666800,1.689800,3.573100,16.826401,1,186,186
18.916823,-1,0,6,0,0,16.666901,1.668300,2.071800,16.108500,1,186,186
18.933299,-1,0,6,0,0,16.666800,1.771600,2.350400,17.128500,1,186,186
18.950038,-1,0,6,0,0,16.666901,1.785500,2.458900,15.959000,1,186,186
18.966639,-1,0,6,0,0,16.666897,1.557200,2.372400,16.684999,1,186,186
18.983459,-1,0,6,0,0,16.666901,1.708000,2.027600,16.572500,1,186,186
19.000080,-1,0,6,0,0,16.666901,1.567800,2.259000,16.894899,1,186,186
19.016682,-1,0,6,0,0,16.666901,1.973500,2.466900,16.573500,1,186,186
19.033333,-1,0,6,0,0,16.666901,1.488200,2.449300,16.664600,1,186,186
19.050108,-1,0,6,0,0,16.666901,1.586100,1.877100,16.508900,1,186,186
19.066650,-1,0,6,0,0,16.666800,1.761900,2.398300,17.209299,1,186,186
19.083366,-1,0,6,0,0,16.666800,1.756600,2.140600,16.228399,1,186,186
19.099952,-1,0,6,0,0,16.666800,1.797300,2.685200,16.655300,1,186,186
19.116817,-1,0,6,0,0,16.666800,1.831400,2.149100,16.542801,1,186,186
19.133437,-1,0,6,0,0,16.667002,2.436400,2.603800,17.866699,1,186,186
19.149994,-1,0,6,0,0,16.666901,1.694800,2.565500,15.675400,1,186,186
19.166669,-1,0,6,0,0,16.666800,1.812900,2.451200,16.630800,1,186,186
19.183437,-1,0,6,0,0,16.666698,1.727800,1.997600,16.686100,1,186,186
19.199997,-1,0,6,0,0,16.666800,1.679000,2.320600,17.049601,1,186,186
19.216743,-1,0,6,0,0,16.667002,1.694800,2.185300,16.196600,1,186,186
19.233332,-1,0,6,0,0,16.666800,2.260600,2.192600,16.748501,1,186,186
19.250111,-1,0,6,0,0,16.666698,1.491000,1.912900,16.527399,1,186,186
19.266681,-1,0,6,0,0,16.666800,1.594800,2.627100,16.849899,1,186,186
19.283371,-1,0,6,0,0,16.666901,1.720800,2.384300,16.510000,1,186,186
19.299983,-1,0,6,0,0,16.666901,1.828500,2.288300,16.706499,1,186,186
19.316948,-1,0,6,0,0,16.666901,1.493200,2.168200,16.620600,1,186,186
19.333314,-1,0,6,0,0,16.666698,1.855200,2.459700,17.932301,1,186,186
19.349978,-1,0,6,0,0,16.666800,1.507600,2.821700,15.553500,1,186,186
19.366648,-1,0,6,0,0,16.666800,1.473100,2.571000,16.396299,1,186,186
19.383460,-1,0,6,0,0,16.666901,2.207000,1.896800,17.309700,1,186,186
19.399990,-1,0,6,0,0,16.666800,1.812000,2.102500,17.039301,1,186,186
19.416638,-1,0,6,0,0,16.666901,1.465700,2.179500,15.786000,1,186,186
19.433334,-1,0,6,0,0,16.667002,1.421200,2.189200,16.603201,1,186,186
19.450143,-1,0,6,0,0,16.666800,1.462000,1.923400,16.438200,1,186,186
19.466644,-1,0,6,0,0,16.666901,1.912800,2.318600,17.208401,1,186,186
19.483338,-1,0,6,0,0,16.666800,1.571400,2.449700,16.344000,1,186,186
19.500076,-1,0,6,0,0,16.667002,1.601400,2.180700,16.605200,1,186,186
19.516769,-1,0,6,0,0,16.666901,1.464700,2.234300,16.920601,1,186,186
19.533356,-1,0,6,0,0,16.666998,1.692400,1.952600,17.336300,1,186,186
19.549976,-1,0,6,0,0,16.666901,2.231900,2.693900,15.863800,1,186,186
19.566651,-1,0,6,0,0,16.666800,1.842200,2.564200,16.557100,1,186,186
19.583439,-1,0,6,0,0,16.666800,1.854300,2.071300,16.649200,1,186,186
19.599992,-1,0,6,0,0,16.666901,2.613300,2.402500,17.108999,1,186,186
19.616689,-1,0,6,0,0,16.666800,1.531900,2.338900,16.295900,1,186,186
19.633437,-1,0,6,0,0,16.666901,2.081300,1.989000,16.486401,1,186,186
19.650074,-1,0,6,0,0,16.666800,1.731700,1.987600,17.127399,1,186,186
19.666666,-1,0,6,0,0,16.666698,1.693100,2.292700,16.710699,1,186,186
19.683330,-1,0,6,0,0,16.666702,1.599300,1.994400,16.207899,1,186,186
19.700058,-1,0,6,0,0,16.666800,1.354300,2.056800,16.784401,1,186,186
19.716720,-1,0,6,0,0,16.666901,1.804400,1.980100,17.351700,1,186,186
19.733334,-1,0,6,0,0,16.666698,2.008700,2.391600,16.219101,1,186,186
19.750017,-1,0,6,0,0,16.666698,1.536600,2.440400,16.455700,1,186,186
19.766754,-1,0,6,0,0,16.666800,1.454700,1.846500,16.675800,1,186,186
19.783507,-1,0,6,0,0,16.666698,1.445800,2.152000,17.243099,1,186,186
19.799992,-1,0,6,0,0,16.666901,1.727800,3.384700,16.430099,1,186,186
19.816800,-1,0,6,0,0,16.669703,1.805200,2.264700,16.399401,1,186,186
19.833430,-1,0,6,0,0,16.666698,1.946500,1.981800,16.918501,1,186,186
19.850047,-1,0,6,0,0,16.666800,1.771900,2.041500,16.762899,1,186,186
19.866649,-1,0,6,0,0,16.666698,1.790900,2.784800,16.549900,1,186,186
19.883336,-1,0,6,0,0,16.666901,2.017300,2.573800,16.880600,1,186,186
19.899978,-1,0,6,0,0,16.666901,1.655800,2.530400,16.293900,1,186,186
19.916763,-1,0,6,0,0,16.666800,1.429000,1.819400,16.462900,1,186,186
19.933372,-1,0,6,0,0,16.666800,1.404700,2.401500,16.864201,1,186,186
19.950012,-1,0,6,0,0,16.667101,1.755500,2.283800,16.586800,1,186,186
19.966653,-1,0,6,0,0,16.666800,1.626000,2.307200,16.684999,1,186,186
19.983356,-1,0,6,0,0,16.666698,1.735200,2.065100,16.596001,1,186,186
20.000029,-1,0,6,0,0,16.666698,1.412000,2.132600,16.713699,1,186,186
20.016801,-1,0,6,0,0,16.666901,1.432700,2.128500,16.639999,1,186,186
20.033393,-1,0,6,0,0,16.666800,3.280300,2.820300,18.429001,1,186,186
20.049998,-1,0,6,0,0,16.666901,1.740600,2.843300,15.435700,1,186,186
20.066684,-1,0,6,0,0,16.666901,2.119200,2.187400,16.305201,1,186,186
20.083413,-1,0,6,0,0,16.666800,1.614100,2.395100,16.431101,1,186,186
20.100073,-1,0,6,0,0,16.666800,1.540200,2.098900,16.834600,1,186,186
20.116678,-1,0,6,0,0,16.666800,1.793000,2.111900,16.641001,1,186,186
20.133330,-1,0,6,0,0,16.666800,1.643500,2.238400,16.544800,1,186,186
20.150048,-1,0,6,0,0,16.666901,2.159800,2.191400,17.040300,1,186,186
20.166715,-1,0,6,0,0,16.666800,1.504000,2.101300,16.347200,1,186,186
20.183369,-1,0,6,0,0,16.666800,1.545600,2.128400,16.669701,1,186,186
20.199988,-1,0,6,0,0,16.666800,1.786700,2.404500,16.699400,1,186,186
20.216659,-1,0,6,0,0,16.666800,1.732000,1.844400,16.324600,1,186,186
20.233392,-1,0,6,0,0,16.666901,1.609400,2.066700,16.900101,1,186,186
20.250039,-1,0,6,0,0,16.666800,1.607300,2.008900,17.239000,1,186,186
20.266695,-1,0,6,0,0,16.666800,1.678800,2.289500,16.196600,1,186,186
20.283357,-1,0,6,0,0,16.666901,1.705600,2.096600,16.552000,1,186,186
20.300031,-1,0,6,0,0,16.666698,1.411700,2.342100,16.725000,1,186,186
20.316709,-1,0,6,0,0,16.666702,1.811100,2.166900,16.636900,1,186,186
20.333389,-1,0,6,0,0,16.666800,1.588600,2.335400,16.780300,1,186,186
20.350006,-1,0,6,0,0,16.666901,1.933900,2.001800,16.562201,1,186,186
20.366736,-1,0,6,0,0,16.666800,1.504300,2.018500,16.728001,1,186,186
20.383342,-1,0,6,0,0,16.666901,2.208200,1.996300,17.203199,1,186,186
20.399997,-1,0,6,0,0,16.666698,1.821100,2.808100,15.912000,1,186,186
20.416762,-1,0,6,0,0,16.666800,1.570200,1.940000,16.737200,1,186,186
20.433359,-1,0,6,0,0,16.666800,1.693400,2.169000,16.990200,1,186,186
20.450058,-1,0,6,0,0,16.666800,1.499100,2.106600,16.866301,1,186,186
20.466686,-1,0,6,0,0,16.666901,1.839000,2.259300,16.306200,1,186,186
20.483334,-1,0,6,0,0,16.666698,1.504600,1.995200,16.564199,1,186,186
20.500067,-1,0,6,0,0,16.666800,1.655100,2.784000,16.690201,1,186,186
20.516787,-1,0,6,0,0,16.666698,1.840800,2.686700,17.377300,1,186,186
20.533306,-1,0,6,0,0,16.666800,1.701700,2.905100,16.151600,1,186,186
20.550055,-1,0,6,0,0,16.666901,1.844100,1.887300,16.482300,1,186,186
20.566771,-1,0,6,0,0,16.671400,1.744300,2.102600,16.835501,1,186,186
20.583522,-1,0,6,0,0,16.787701,1.746300,4.077300,16.702499,1,186,186
20.600214,-1,0,6,0,0,16.666800,2.144600,3.570700,16.924700,1,186,186
20.617057,-1,0,6,0,0,16.728800,2.136200,2.878700,16.486401,1,186,186
20.633709,-1,0,6,0,0,16.774698,2.590800,3.262800,16.784401,1,186,186
20.650517,-1,0,6,0,0,16.731203,2.960700,3.033500,16.848900,1,186,186
20.667107,-1,0,6,0,0,16.666901,2.128200,3.878500,16.608200,1,186,186
20.683884,-1,0,6,0,0,16.666800,2.070300,3.617800,17.084400,1,186,186
20.701290,-1,0,6,0,0,17.512999,2.127700,3.893700,16.410700,1,186,186
20.718064,-1,0,6,0,0,16.763199,2.128700,3.892400,17.624001,1,186,186
20.735096,-1,0,6,0,0,16.802401,2.776100,2.972700,16.634899,1,186,186
20.751619,-1,0,6,0,0,16.667002,2.261600,3.252200,16.893999,1,186,186
20.768289,-1,0,6,0,0,16.667097,2.324600,3.145900,16.764900,1,186,186
20.784870,-1,0,6,0,0,16.666901,3.068300,2.258500,17.153000,1,186,186
20.801505,-1,0,6,0,0,16.666800,1.996300,3.033600,15.839300,1,186,186
20.818245,-1,0,6,0,0,16.666901,1.729600,2.293200,16.455601,1,186,186
20.834805,-1,0,6,0,0,16.666901,2.114800,2.535700,17.063000,1,186,186
20.851537,-1,0,6,0,0,16.666901,1.777400,1.981000,16.287701,1,186,186
20.868129,-1,0,6,0,0,16.666901,1.675700,4.039800,16.773100,1,186,186
20.884898,-1,0,6,0,0,16.666901,2.427800,3.206700,17.009701,1,186,186
20.901456,-1,0,6,0,0,16.666901,1.697000,2.287200,16.686100,1,186,186
20.918123,-1,0,6,0,0,16.666800,1.668600,2.621300,16.174000,1,186,186
20.934842,-1,0,6,0,0,16.666901,1.719300,2.890800,16.688200,1,186,186
20.951513,-1,0,6,0,0,16.666901,1.829700,2.800400,16.528400,1,186,186
20.968359,-1,0,6,0,0,16.666698,2.065300,2.965300,17.639400,1,186,186
20.984872,-1,0,6,0,0,16.666800,2.313300,3.009900,16.399300,1,186,186
21.001542,-1,0,6,0,0,16.666901,3.935200,2.555500,16.206900,1,186,186
21.018358,-1,0,6,0,0,16.666901,1.840600,2.505200,16.726999,1,186,186
21.034838,-1,0,6,0,0,16.666800,2.017500,2.466000,16.763901,1,186,186
21.051490,-1,0,6,0,0,16.666901,1.624200,2.324900,16.445499,1,186,186
21.068131,-1,0,6,0,0,16.666901,1.622300,2.121800,16.684000,1,186,186
21.084893,-1,0,6,0,0,16.666800,1.610400,2.242000,16.549900,1,186,186
21.101527,-1,0,6,0,0,16.666897,1.564400,1.942500,16.736200,1,186,186
21.118211,-1,0,6,0,0,16.667002,1.660400,3.962500,16.794701,1,186,186
21.135074,-1,0,6,0,0,16.666901,1.986900,2.005100,16.586700,1,186,186
21.151801,-1,0,6,0,0,16.666698,2.335900,3.241700,17.440800,1,186,186
21.168586,-1,0,6,0,0,16.667101,2.501400,2.250000,14.641100,1,186,186
21.184903,-1,0,6,0,0,16.666901,2.198900,2.653800,17.160200,1,186,186
21.201495,-1,0,6,0,0,16.666698,1.755100,2.819100,15.579100,1,186,186
21.218156,-1,0,6,0,0,16.667002,2.350200,2.238600,17.286200,1,186,186
21.235034,-1,0,6,0,0,16.666698,2.293100,2.275100,16.390100,1,186,186
21.251576,-1,0,6,0,0,16.666698,2.201100,2.067200,17.278000,1,186,186
21.268195,-1,0,6,0,0,16.666800,1.803600,2.969200,15.971300,1,186,186
21.284961,-1,0,6,0,0,16.666702,1.724600,1.763600,16.501801,1,186,186
21.301556,-1,0,6,0,0,16.666800,1.758900,2.286500,16.828400,1,186,186
21.318192,-1,0,6,0,0,16.666800,1.710100,2.052000,16.639999,1,186,186
21.334922,-1,0,6,0,0,16.666800,1.748000,2.367000,16.681999,1,186,186
21.351541,-1,0,6,0,0,16.666800,1.898600,1.890400,16.572399,1,186,186
21.368222,-1,0,6,0,0,16.666698,1.507800,2.203800,16.914400,1,186,186
21.384840,-1,0,6,0,0,16.666800,1.946500,2.497000,16.916500,1,186,186
21.401467,-1,0,6,0,0,16.666901,1.582500,1.961100,16.610300,1,186,186
21.418249,-1,0,6,0,0,16.666698,1.832800,2.200900,16.664600,1,186,186
21.434948,-1,0,6,0,0,16.666698,1.925900,2.188700,16.423901,1,186,186
21.451493,-1,0,6,0,0,16.666800,1.639500,2.758400,16.585699,1,186,186
21.468159,-1,0,6,0,0,16.666800,1.905400,2.032600,16.967699,1,186,186
21.484909,-1,0,6,0,0,16.666803,1.522000,2.695800,16.160801,1,186,186
21.501611,-1,0,6,0,0,16.666897,1.770900,2.563300,16.688101,1,186,186
21.518463,-1,0,6,0,0,16.666702,1.956100,3.191000,17.091600,1,186,186
21.534860,-1,0,6,0,0,16.666901,2.555600,2.552300,16.263201,1,186,186
21.551601,-1,0,6,0,0,16.666800,2.001500,2.001300,16.845800,1,186,186
21.568510,-1,0,6,0,0,16.666698,1.632700,2.141700,16.681999,1,186,186
21.584899,-1,0,6,0,0,16.666901,2.206800,2.510600,17.535000,1,186,186
21.601460,-1,0,6,0,0,16.666901,1.556100,1.996100,15.985600,1,186,186
21.618421,-1,0,6,0,0,16.666901,1.387900,2.085300,16.218100,1,186,186
21.635000,-1,0,6,0,0,16.666897,1.933700,1.983500,17.076300,1,186,186
21.651775,-1,0,6,0,0,16.666800,2.056600,2.040300,16.504801,1,186,186
21.668183,-1,0,6,0,0,16.666803,1.821500,2.102900,16.712700,1,186,186
21.684846,-1,0,6,0,0,16.666698,1.830500,2.062200,16.463900,1,186,186
21.701469,-1,0,6,0,0,16.666800,1.536800,2.218600,16.404400,1,186,186
21.718202,-1,0,6,0,0,16.666698,1.710000,2.866400,16.925699,1,186,186
21.734819,-1,0,6,0,0,16.666800,1.790800,2.934100,16.675900,1,186,186
21.751688,-1,0,6,0,0,16.666901,1.918500,2.027700,17.004499,1,186,186
21.768212,-1,0,6,0,0,16.666901,2.020300,2.280500,16.713800,1,186,186
21.784880,-1,0,6,0,0,16.666901,1.720600,2.254900,16.253901,1,186,186
21.801501,-1,0,6,0,0,16.666901,1.797900,2.014600,16.727100,1,186,186
21.818174,-1,0,6,0,0,16.666998,1.514000,1.928200,16.619499,1,186,186
21.835017,-1,0,6,0,0,16.666901,1.821000,3.339700,16.616400,1,186,186
21.851610,-1,0,6,0,0,16.697903,2.069000,2.405800,16.874500,1,186,186
21.868158,-1,0,6,0,0,16.666901,1.644000,2.384600,16.614401,1,186,186
21.885068,-1,0,6,0,0,16.666698,1.544800,1.943400,16.596001,1,186,186
21.901644,-1,0,6,0,0,16.666698,2.618800,2.194200,17.666000,1,186,186
21.918230,-1,0,6,0,0,16.666698,1.654000,2.595800,15.778900,1,186,186
21.934891,-1,0,6,0,0,16.666901,1.772000,2.333900,16.535500,1,186,186
21.951679,-1,0,6,0,0,16.667002,1.566700,2.237900,17.116199,1,186,186
21.968176,-1,0,6,0,0,16.666901,1.596600,3.342700,16.444401,1,186,186
21.985660,-1,0,6,0,0,16.666901,1.541600,1.921300,16.336901,1,186,186
22.001619,-1,0,6,0,0,16.666998,2.648200,2.555100,17.529800,1,186,186
22.018833,-1,0,6,0,0,16.666702,1.876200,1.928200,16.264200,1,186,186
22.034995,-1,0,6,0,0,16.666901,2.256000,2.080900,17.220600,1,186,186
22.051602,-1,0,6,0,0,16.666897,2.187600,2.035000,15.968300,1,186,186
22.068229,-1,0,6,0,0,16.666901,1.811300,2.319500,16.526300,1,186,186
22.085082,-1,0,6,0,0,16.666702,1.899900,2.124800,16.591900,1,186,186
22.101542,-1,0,6,0,0,16.666901,2.490600,2.581100,16.882700,1,186,186
22.118238,-1,0,6,0,0,16.666800,1.761500,1.957700,16.889799,1,186,186
22.134825,-1,0,6,0,0,16.666698,1.779000,2.227600,16.256001,1,186,186
22.151624,-1,0,6,0,0,16.666800,1.766200,2.238300,16.568399,1,186,186
22.168202,-1,0,6,0,0,16.666698,2.626600,2.224700,17.627100,1,186,186
22.184976,-1,0,6,0,0,16.666901,1.502100,2.324200,15.780900,1,186,186
22.201630,-1,0,6,0,0,16.666698,1.779800,2.008200,16.715700,1,186,186
22.218367,-1,0,6,0,0,16.666901,2.020800,1.945300,16.581699,1,186,186
22.234982,-1,0,6,0,0,16.666800,2.120100,2.496300,17.727501,1,186,186
22.251684,-1,0,6,0,0,16.666800,2.844200,3.251400,15.682500,1,186,186
22.268281,-1,0,6,0,0,16.666800,1.816700,3.092500,16.559099,1,186,186
22.284950,-1,0,6,0,0,16.666800,1.782100,2.744300,16.676800,1,186,186
22.301616,-1,0,6,0,0,16.667002,2.336200,2.716600,16.860201,1,186,186
22.318229,-1,0,6,0,0,16.666901,2.155500,4.672600,16.659401,1,186,186
22.334950,-1,0,6,0,0,16.666901,2.151800,2.910600,16.613400,1,186,186
22.351693,-1,0,6,0,0,16.667002,2.020000,2.872700,16.734200,1,186,186
22.368288,-1,0,6,0,0,16.666897,2.209000,3.576900,16.669701,1,186,186
22.385009,-1,0,6,0,0,16.666803,2.146600,2.589100,16.589800,1,186,186
22.401562,-1,0,6,0,0,16.666998,2.618800,3.095700,17.142799,1,186,186
22.418443,-1,0,6,0,0,16.666800,2.905600,2.836100,16.699400,1,186,186
22.434996,-1,0,6,0,0,16.667002,2.241900,3.499200,16.516100,1,186,186
22.451666,-1,0,6,0,0,16.666901,2.095400,2.526200,16.272400,1,186,186
22.468320,-1,0,6,0,0,16.666800,1.876100,2.565000,16.670700,1,186,186
22.485205,-1,0,6,0,0,16.666800,1.921800,2.876600,16.958500,1,186,186
22.501523,-1,0,6,0,0,16.666698,2.055500,2.464700,16.806900,1,186,186
22.518313,-1,0,6,0,0,16.666800,1.618900,1.980400,16.094200,1,186,186
22.535380,-1,0,6,0,0,16.666800,1.699900,2.260800,17.108999,1,186,186
22.551641,-1,0,6,0,0,16.666702,2.084100,2.040900,16.821199,1,186,186
22.568426,-1,0,6,0,0,16.666901,1.733600,2.396400,16.350201,1,186,186
22.584929,-1,0,6,0,0,16.666698,1.792400,2.262400,16.594999,1,186,186
22.601544,-1,0,6,0,0,16.666901,1.943900,2.007000,16.620501,1,186,186
22.618195,-1,0,6,0,0,16.666698,1.903400,2.180600,16.672800,1,186,186
22.634961,-1,0,6,0,0,16.666901,2.058300,2.040500,16.471001,1,186,186
22.651514,-1,0,6,0,0,16.666800,1.789400,2.620000,16.713800,1,186,186
22.668599,-1,0,6,0,0,16.667002,1.764900,1.935600,16.595900,1,186,186
22.684896,-1,0,6,0,0,16.666800,2.325300,3.433400,17.465401,1,186,186
22.701662,-1,0,6,0,0,16.666901,2.292300,1.986100,15.928300,1,186,186
22.718333,-1,0,6,0,0,16.666800,1.819900,3.178300,16.814100,1,186,186
22.735086,-1,0,6,0,0,16.666901,2.170100,2.149200,16.705500,1,186,186
22.751666,-1,0,6,0,0,16.666698,2.651900,2.193700,16.802799,1,186,186
22.768293,-1,0,6,0,0,16.666800,1.666800,2.843600,16.565300,1,186,186
22.784857,-1,0,6,0,0,16.666800,1.831900,2.225900,16.524300,1,186,186
22.801602,-1,0,6,0,0,16.666901,1.590100,2.055900,16.539600,1,186,186
22.818402,-1,0,6,0,0,16.666800,1.572700,2.195900,17.386499,1,186,186
22.834903,-1,0,6,0,0,16.667097,2.055300,2.527400,16.398399,1,186,186
22.851533,-1,0,6,0,0,16.666901,1.816000,2.436400,16.248800,1,186,186
22.868215,-1,0,6,0,0,16.666800,1.542100,3.036600,16.828400,1,186,186
22.884973,-1,0,6,0,0,16.666901,1.926000,2.121900,16.469000,1,186,186
22.901506,-1,0,6,0,0,16.666800,2.037700,2.040100,16.855101,1,186,186
22.918260,-1,0,6,0,0,16.666901,1.790100,2.254500,16.502701,1,186,186
22.934842,-1,0,6,0,0,16.667002,2.267400,2.661300,17.353800,1,186,186
22.951576,-1,0,6,0,0,16.666901,1.834800,1.866500,15.962100,1,186,186
22.968262,-1,0,6,0,0,16.666698,1.745800,2.355200,16.904200,1,186,186
22.984910,-1,0,6,0,0,16.672001,1.809400,2.668900,16.540600,1,186,186
23.001529,-1,0,6,0,0,16.666800,2.005600,2.230000,16.556101,1,186,186
23.018574,-1,0,6,0,0,16.666901,1.501800,2.262900,16.670700,1,186,186
23.034991,-1,0,6,0,0,16.666800,1.853600,2.298800,17.087500,1,186,186
23.051910,-1,0,6,0,0,16.666901,2.176600,2.319500,16.401400,1,186,186
23.068242,-1,0,6,0,0,16.666698,1.974300,2.310600,16.912399,1,186,186
23.085269,-1,0,6,0,0,16.666698,1.499700,1.776000,16.294901,1,186,186
23.101694,-1,0,6,0,0,16.666800,2.149600,2.615100,17.108999,1,186,186
23.118306,-1,0,6,0,0,16.666901,2.371900,2.882400,16.320499,1,186,186
23.134890,-1,0,6,0,0,16.666800,2.140600,2.475900,16.778299,1,186,186
23.151535,-1,0,6,0,0,16.666800,1.933300,1.860200,16.787399,1,186,186
23.168204,-1,0,6,0,0,16.666901,1.711700,2.640900,16.449499,1,186,186
23.184973,-1,0,6,0,0,16.667002,2.477800,2.508900,17.093700,1,186,186
23.201524,-1,0,6,0,0,16.666901,1.884000,2.626700,16.316401,1,186,186
23.218164,-1,0,6,0,0,16.666800,1.639800,2.847100,16.758801,1,186,186
23.234837,-1,0,6,0,0,16.666698,1.739800,2.764200,16.469000,1,186,186
23.251535,-1,0,6,0,0,16.666800,1.939100,1.976900,16.657400,1,186,186
23.268259,-1,0,6,0,0,16.666800,1.587700,2.436100,16.460800,1,186,186
23.284853,-1,0,6,0,0,16.666800,1.532700,1.919100,17.064899,1,186,186
23.301528,-1,0,6,0,0,16.666901,1.661600,2.351200,16.443399,1,186,186
23.318193,-1,0,6,0,0,16.666800,1.601700,1.968400,16.585699,1,186,186
23.335024,-1,0,6,0,0,16.669903,1.848800,1.955900,16.947201,1,186,186
23.351558,-1,0,6,0,0,16.666897,1.625500,2.037400,16.443399,1,186,186
23.368154,-1,0,6,0,0,16.666702,1.739000,2.519700,16.662500,1,186,186
23.384830,-1,0,6,0,0,16.666998,1.763800,1.929200,16.572399,1,186,186
23.401546,-1,0,6,0,0,16.666803,1.503000,2.278500,16.566299,1,186,186
23.418227,-1,0,6,0,0,16.666800,1.634200,2.096600,17.518600,1,186,186
23.434830,-1,0,6,0,0,16.666698,1.776400,2.404200,16.244699,1,186,186
23.451505,-1,0,6,0,0,16.666901,1.938700,2.228500,16.840700,1,186,186
23.468206,-1,0,6,0,0,16.666800,1.558000,2.484000,16.488501,1,186,186
23.484964,-1,0,6,0,0,16.666901,1.563200,2.249400,16.618500,1,186,186
23.501728,-1,0,6,0,0,16.681499,2.167700,2.487800,16.935900,1,186,186
23.518300,-1,0,6,0,0,16.666698,1.711600,2.001300,16.390100,1,186,186
23.534939,-1,0,6,0,0,16.666800,1.649400,1.826600,16.604200,1,186,186
23.551585,-1,0,6,0,0,16.666901,1.612100,2.227800,16.603100,1,186,186
23.568211,-1,0,6,0,0,16.666698,1.595100,2.527100,16.554001,1,186,186
23.584904,-1,0,6,0,0,16.666901,1.762500,1.856200,16.533501,1,186,186
23.601594,-1,0,6,0,0,16.666901,1.439700,2.157100,16.890900,1,186,186
23.618251,-1,0,6,0,0,16.666698,1.851600,2.818000,16.703501,1,186,186
23.634858,-1,0,6,0,0,16.666901,1.840900,2.202700,16.670700,1,186,186
23.651696,-1,0,6,0,0,16.666901,1.451800,2.079200,16.728100,1,186,186
23.668412,-1,0,6,0,0,16.666698,1.810100,2.409400,16.646099,1,186,186
23.684868,-1,0,6,0,0,16.667002,1.970500,2.263700,16.984100,1,186,186
23.701555,-1,0,6,0,0,16.666800,1.475500,2.659200,16.237600,1,186,186
23.718271,-1,0,6,0,0,16.666901,1.482200,2.009300,16.620501,1,186,186
23.735041,-1,0,6,0,0,16.666901,1.789200,2.549000,16.863199,1,186,186
23.751625,-1,0,6,0,0,16.666800,1.932300,2.739300,16.825399,1,186,186
23.768248,-1,0,6,0,0,16.667002,2.128400,3.060400,16.335800,1,186,186
23.784911,-1,0,6,0,0,16.666897,1.978400,2.247900,16.764000,1,186,186
23.801684,-1,0,6,0,0,16.667002,1.554200,2.137100,16.938000,1,186,186
23.818229,-1,0,6,0,0,16.666800,1.644000,2.343800,16.472000,1,186,186
23.834849,-1,0,6,0,0,16.666901,1.499100,2.518700,16.533501,1,186,186
23.851549,-1,0,6,0,0,16.666698,1.738200,2.012700,16.531500,1,186,186
23.868331,-1,0,6,0,0,16.666901,1.738000,1.933000,16.850901,1,186,186
23.885004,-1,0,6,0,0,16.666901,1.800200,2.315900,16.819201,1,186,186
23.901519,-1,0,6,0,0,16.666901,1.840700,2.612400,16.612400,1,186,186
23.918236,-1,0,6,0,0,16.666698,1.630400,1.986900,16.409599,1,186,186
23.934874,-1,0,6,0,0,16.666901,1.773000,2.286400,16.830400,1,186,186
23.951539,-1,0,6,0,0,16.666698,2.380700,2.708600,17.278000,1,186,186
23.968249,-1,0,6,0,0,16.666800,1.791700,3.391200,15.716300,1,186,186
23.985156,-1,0,6,0,0,16.719900,1.823200,3.101500,17.239100,1,186,186
24.001649,-1,0,6,0,0,16.666901,2.608400,4.477500,17.394699,1,186,186
24.018378,-1,0,6,0,0,16.666901,2.354000,2.754300,15.818700,1,186,186
24.034965,-1,0,6,0,0,16.666901,1.988500,2.465900,16.636999,1,186,186
24.051835,-1,0,6,0,0,16.666901,1.503400,2.019900,16.668600,1,186,186
24.068279,-1,0,6,0,0,16.666901,1.832700,2.766700,16.984100,1,186,186
24.085003,-1,0,6,0,0,16.666800,3.007400,2.792700,16.284700,1,186,186
24.101603,-1,0,6,0,0,16.666698,1.922700,2.442000,16.687099,1,186,186
24.118407,-1,0,6,0,0,16.666800,1.442900,2.011600,16.494600,1,186,186
24.134951,-1,0,6,0,0,16.666901,1.617900,2.404100,17.632200,1,186,186
24.151598,-1,0,6,0,0,16.666800,1.549700,2.494800,15.909900,1,186,186
24.168235,-1,0,6,0,0,16.666901,1.567400,2.386500,16.475100,1,186,186
24.185161,-1,0,6,0,0,16.666901,2.221200,2.078200,17.184799,1,186,186
24.201613,-1,0,6,0,0,16.666698,1.778600,2.257300,16.817200,1,186,186
24.218366,-1,0,6,0,0,16.666901,1.907600,2.221900,16.153601,1,186,186
24.234981,-1,0,6,0,0,16.666901,2.086100,2.242800,16.689100,1,186,186
24.251750,-1,0,6,0,0,16.666800,1.887400,2.099800,16.587799,1,186,186
24.268418,-1,0,6,0,0,16.666800,1.627000,2.007300,16.822300,1,186,186
24.285014,-1,0,6,0,0,16.666800,1.653300,2.387600,16.664499,1,186,186
24.301571,-1,0,6,0,0,16.666901,1.959400,2.134400,16.685101,1,186,186
24.318383,-1,0,6,0,0,16.666901,1.516600,1.829100,16.289801,1,186,186
24.334919,-1,0,6,0,0,16.666800,1.919700,2.189800,17.354700,1,186,186
24.351612,-1,0,6,0,0,16.666800,1.718300,1.773600,15.989700,1,186,186
24.368229,-1,0,6,0,0,16.666800,1.566900,2.398600,16.878599,1,186,186
24.385060,-1,0,6,0,0,16.666800,1.657800,1.871100,16.292900,1,186,186
24.401573,-1,0,6,0,0,16.666800,1.619800,2.370900,17.362900,1,186,186
24.418270,-1,0,6,0,0,16.666800,1.867800,2.220200,16.279600,1,186,186
24.434974,-1,0,6,0,0,16.667002,1.833500,2.552300,16.720900,1,186,186
24.451974,-1,0,6,0,0,16.667002,2.042600,1.862700,17.107901,1,186,186
24.468382,-1,0,6,0,0,16.667097,2.267500,2.363900,16.945200,1,186,186
24.485282,-1,0,6,0,0,16.666803,1.993900,2.223000,15.966200,1,186,186
24.501671,-1,0,6,0,0,16.666698,1.898500,2.882600,16.932899,1,186,186
24.518484,-1,0,6,0,0,16.666800,1.796400,2.266400,16.327600,1,186,186
24.535017,-1,0,6,0,0,16.667002,2.373700,2.201900,17.810499,1,186,186
24.551682,-1,0,6,0,0,16.666698,1.641900,1.822400,15.512500,1,186,186
24.568313,-1,0,6,0,0,16.666998,1.496900,2.305900,16.725000,1,186,186
24.585101,-1,0,6,0,0,16.666702,1.645600,1.877300,16.615400,1,186,186
24.601602,-1,0,6,0,0,16.666800,1.812500,2.339600,17.550301,1,186,186
24.618334,-1,0,6,0,0,16.666901,1.588800,2.221800,15.775800,1,186,186
24.634947,-1,0,6,0,0,16.666800,1.810200,2.164800,16.801800,1,186,186
24.651671,-1,0,6,0,0,16.666901,1.780700,1.893100,16.464899,1,186,186
24.668505,-1,0,6,0,0,16.666800,1.789100,2.833900,16.802799,1,186,186
24.684938,-1,0,6,0,0,16.666800,2.111400,1.786700,16.893900,1,186,186
24.701679,-1,0,6,0,0,16.666901,1.739100,1.835700,16.369699,1,186,186
24.718390,-1,0,6,0,0,16.666800,1.626200,2.228200,16.720900,1,186,186
24.734964,-1,0,6,0,0,16.666698,1.713300,2.788300,16.878599,1,186,186
24.751763,-1,0,6,0,0,16.666800,2.179000,2.848600,16.487400,1,186,186
24.768420,-1,0,6,0,0,16.666901,1.964800,2.140200,16.811001,1,186,186
24.784992,-1,0,6,0,0,16.666800,1.967700,1.783900,16.689199,1,186,186
24.801816,-1,0,6,0,0,16.666901,1.491700,2.120000,16.509899,1,186,186
24.818625,-1,0,6,0,0,16.666901,2.037800,2.314800,16.736300,1,186,186
24.835175,-1,0,6,0,0,16.666698,2.415700,2.107200,16.934900,1,186,186
24.851864,-1,0,6,0,0,16.666698,1.672500,1.813400,16.384001,1,186,186
24.868280,-1,0,6,0,0,16.666800,1.765500,3.000400,16.975901,1,186,186
24.885023,-1,0,6,0,0,16.666800,1.900200,2.069200,16.107500,1,186,186
24.901709,-1,0,6,0,0,16.666800,1.833600,2.128100,16.871401,1,186,186
24.918400,-1,0,6,0,0,16.666901,1.818000,2.321300,16.655399,1,186,186
24.935151,-1,0,6,0,0,16.666901,1.810600,2.327200,16.776199,1,186,186
24.951681,-1,0,6,0,0,16.666901,2.790500,2.903500,17.336300,1,186,186
24.968583,-1,0,6,0,0,16.666698,1.930400,2.202800,15.895500,1,186,186
24.985191,-1,0,6,0,0,16.666901,2.255400,2.288600,17.666100,1,186,186
25.002084,-1,0,6,0,0,16.683500,2.083600,4.100700,15.913000,1,186,186
25.018450,-1,0,6,0,0,16.667002,2.630000,3.038000,17.100800,1,186,186
25.034970,-1,0,6,0,0,16.666901,2.033100,2.363400,16.059299,1,186,186
25.051684,-1,0,6,0,0,16.666901,1.764700,1.871600,16.495701,1,186,186
25.068303,-1,0,6,0,0,16.666901,1.759200,2.899700,16.838600,1,186,186
25.085164,-1,0,6,0,0,16.666698,1.606300,2.224200,16.777201,1,186,186
25.101685,-1,0,6,0,0,16.666800,1.662700,1.879000,16.557100,1,186,186
25.118434,-1,0,6,0,0,16.666800,1.499200,2.176700,16.608200,1,186,186
25.135012,-1,0,6,0,0,16.666800,2.051600,2.432900,16.899099,1,186,186
25.151782,-1,0,6,0,0,16.666800,2.342800,1.936700,16.339001,1,186,186
25.168303,-1,0,6,0,0,16.666800,1.716100,2.177400,16.832500,1,186,186
25.185091,-1,0,6,0,0,16.666698,1.891800,2.260000,16.912399,1,186,186
25.201618,-1,0,6,0,0,16.666800,2.183300,3.143500,16.432100,1,186,186
25.218458,-1,0,6,0,0,16.666901,1.500700,2.254900,16.222200,1,186,186
25.235098,-1,0,6,0,0,16.666800,2.129600,1.999900,17.439699,1,186,186
25.251692,-1,0,6,0,0,16.666901,1.585800,1.907600,16.533501,1,186,186
25.268351,-1,0,6,0,0,16.666901,1.497100,2.184000,16.482300,1,186,186
25.285175,-1,0,6,0,0,16.666800,1.967600,1.727500,16.466000,1,186,186
25.301785,-1,0,6,0,0,16.666698,1.946500,1.943800,16.734200,1,186,186
25.318599,-1,0,6,0,0,16.666800,1.699300,2.738300,17.525700,1,186,186
25.335195,-1,0,6,0,0,16.666901,2.087300,2.433000,16.334900,1,186,186
25.351696,-1,0,6,0,0,16.667002,2.243400,2.050600,16.314301,1,186,186
25.368550,-1,0,6,0,0,16.666800,1.728600,2.291500,16.507999,1,186,186
25.385061,-1,0,6,0,0,16.666800,2.067800,2.690100,17.346500,1,186,186
25.401713,-1,0,6,0,0,16.666698,1.732500,2.471000,16.206900,1,186,186
25.418498,-1,0,6,0,0,16.666800,2.047400,2.138900,16.394199,1,186,186
25.435054,-1,0,6,0,0,16.666901,1.931700,2.203000,16.830500,1,186,186
25.451684,-1,0,6,0,0,16.666702,2.279400,2.293900,17.102800,1,186,186
25.468321,-1,0,6,0,0,16.666800,2.595500,3.131200,16.738300,1,186,186
25.485034,-1,0,6,0,0,16.667097,1.713700,2.447700,15.912000,1,186,186
25.501801,-1,0,6,0,0,16.666800,1.993300,2.481800,16.917500,1,186,186
25.518406,-1,0,6,0,0,16.666698,1.970100,2.419000,16.590799,1,186,186
25.535270,-1,0,6,0,0,16.666803,2.083600,3.801400,16.865299,1,186,186
25.551952,-1,0,6,0,0,16.666698,3.325800,2.254200,16.623600,1,186,186
25.568393,-1,0,6,0,0,16.666901,1.991700,1.890100,16.703501,1,186,186
25.585068,-1,0,6,0,0,16.666800,1.817700,2.283900,16.461800,1,186,186
25.601705,-1,0,6,0,0,16.666901,1.790200,2.053800,16.635900,1,186,186
25.618559,-1,0,6,0,0,16.666998,1.665700,2.278800,16.639999,1,186,186
25.635317,-1,0,6,0,0,16.666702,1.931900,2.305300,16.818199,1,186,186
25.651746,-1,0,6,0,0,16.666897,2.054900,3.702800,17.061899,1,186,186
25.668371,-1,0,6,0,0,16.666803,2.281300,2.158900,16.619499,1,186,186
25.685362,-1,0,6,0,0,16.666998,1.742400,3.068100,16.204800,1,186,186
25.701667,-1,0,6,0,0,16.666901,2.274000,3.096700,17.348600,1,186,186
25.718403,-1,0,6,0,0,16.666800,1.811800,1.971100,15.831100,1,186,186
25.735105,-1,0,6,0,0,16.666800,1.696900,2.310600,16.889799,1,186,186
25.751678,-1,0,6,0,0,16.666702,2.097900,2.555200,16.534599,1,186,186
25.768378,-1,0,6,0,0,16.666897,1.570300,2.621900,16.717800,1,186,186
25.785113,-1,0,6,0,0,16.666901,1.717700,2.662300,16.364500,1,186,186
25.801684,-1,0,6,0,0,16.667002,2.053500,2.714700,18.174000,1,186,186
25.818511,-1,0,6,0,0,16.666901,1.991300,2.010300,15.339500,1,186,186
25.835228,-1,0,6,0,0,16.666901,1.800700,2.792900,17.131500,1,186,186
25.851714,-1,0,6,0,0,16.666800,1.979700,2.658200,16.545799,1,186,186
25.868619,-1,0,6,0,0,16.666901,1.687800,2.216600,17.213400,1,186,186
25.885085,-1,0,6,0,0,16.666800,1.893200,1.864700,16.070700,1,186,186
25.901667,-1,0,6,0,0,16.666698,1.631600,2.165000,16.483400,1,186,186
25.918407,-1,0,6,0,0,16.666698,1.634300,2.354100,16.353201,1,186,186
25.935081,-1,0,6,0,0,16.667803,1.979100,2.374900,17.042500,1,186,186
25.951805,-1,0,6,0,0,16.666800,1.855400,1.955100,16.602100,1,186,186
25.968431,-1,0,6,0,0,16.666800,2.532100,2.502900,17.724400,1,186,186
25.985094,-1,0,6,0,0,16.666698,2.119100,2.089000,16.190500,1,186,186
26.001885,-1,0,6,0,0,16.704500,1.872000,2.544000,16.129000,1,186,186
26.018496,-1,0,6,0,0,16.666698,2.047900,5.392300,16.974800,1,186,186
26.035669,-1,0,6,0,0,16.673702,2.176100,3.817900,17.083401,1,186,186
26.051907,-1,0,6,0,0,16.666800,3.495600,2.417000,16.540701,1,186,186
26.068520,-1,0,6,0,0,16.666901,1.761400,2.458900,16.350201,1,186,186
26.085021,-1,0,6,0,0,16.666800,2.106500,2.459400,16.446501,1,186,186
26.101742,-1,0,6,0,0,16.666698,1.551100,2.313700,17.099701,1,186,186
26.118485,-1,0,6,0,0,16.666800,1.548700,2.307000,16.146500,1,186,186
26.135089,-1,0,6,0,0,16.666698,1.926700,2.676800,16.887800,1,186,186
26.151811,-1,0,6,0,0,16.666901,2.172600,2.209100,16.404499,1,186,186
26.168367,-1,0,6,0,0,16.666800,2.009100,2.924000,16.618500,1,186,186
26.185032,-1,0,6,0,0,16.666698,2.259800,1.951000,17.163200,1,186,186
26.201705,-1,0,6,0,0,16.666702,1.706300,2.628400,16.271400,1,186,186
26.218464,-1,0,6,0,0,16.666800,1.565300,2.212900,16.569300,1,186,186
26.235049,-1,0,6,0,0,16.666800,1.952000,2.327800,16.808001,1,186,186
26.251762,-1,0,6,0,0,16.666800,1.628200,2.291100,16.583599,1,186,186
26.268457,-1,0,6,0,0,16.666901,1.825000,2.639900,16.751699,1,186,186
26.285084,-1,0,6,0,0,16.666901,1.631900,1.861300,16.604099,1,186,186
26.301726,-1,0,6,0,0,16.666800,1.857800,2.764100,16.848900,1,186,186
26.318623,-1,0,6,0,0,16.666901,1.943600,2.300900,16.580601,1,186,186
26.335117,-1,0,6,0,0,16.666800,1.723300,2.178700,16.842800,1,186,186
26.352051,-1,0,6,0,0,16.666897,1.733800,2.147700,16.309200,1,186,186
26.368391,-1,0,6,0,0,16.666803,1.927300,1.938400,17.002501,1,186,186
26.385088,-1,0,6,0,0,16.666698,1.536700,2.260500,16.276501,1,186,186
26.401680,-1,0,6,0,0,16.666901,1.743900,2.600100,16.884701,1,186,186
26.418412,-1,0,6,0,0,16.666901,1.762900,2.209500,16.514000,1,186,186
26.435063,-1,0,6,0,0,16.666800,1.593200,2.886700,16.910299,1,186,186
26.451701,-1,0,6,0,0,16.666901,2.302200,1.991900,16.463900,1,186,186
26.468391,-1,0,6,0,0,16.666800,1.459000,2.981800,16.686100,1,186,186
26.485012,-1,0,6,0,0,16.666698,2.112700,1.969000,17.176600,1,186,186
26.501751,-1,0,6,0,0,16.666901,1.742300,2.590400,16.543699,1,186,186
26.518431,-1,0,6,0,0,16.666901,1.624900,2.215300,16.305201,1,186,186
26.534990,-1,0,6,0,0,16.666998,1.873200,2.128300,16.666599,1,186,186
26.551664,-1,0,6,0,0,16.666800,2.145300,1.954700,16.347099,1,186,186
26.568402,-1,0,6,0,0,16.676203,1.330500,2.565300,16.932899,1,186,186
26.585097,-1,0,6,0,0,16.667097,1.942200,2.007000,16.591900,1,186,186
26.601760,-1,0,6,0,0,16.666800,1.531600,2.321400,16.741301,1,186,186
26.618366,-1,0,6,0,0,16.666901,1.556400,2.311200,16.864300,1,186,186
26.635024,-1,0,6,0,0,16.666702,1.440500,2.311400,16.277500,1,186,186
26.651798,-1,0,6,0,0,16.666698,1.413600,2.374900,17.071100,1,186,186
26.668381,-1,0,6,0,0,16.666901,1.622700,2.202600,14.450700,1,186,186
26.685043,-1,0,6,0,0,16.666901,1.863600,2.050400,16.570299,1,186,186
26.701705,-1,0,6,0,0,16.666800,1.676100,2.907200,16.598000,1,186,186
26.718405,-1,0,6,0,0,16.666897,1.919400,2.076600,16.834600,1,186,186
26.735062,-1,0,6,0,0,16.666901,1.401600,2.239800,16.453600,1,186,186
26.751710,-1,0,6,0,0,16.666901,1.804700,1.854700,16.716801,1,186,186
26.768469,-1,0,6,0,0,16.666800,1.799200,2.904000,16.666700,1,186,186
26.785077,-1,0,6,0,0,16.666702,2.232800,2.200700,17.099701,1,186,186
26.801756,-1,0,6,0,0,16.666800,1.879800,2.208500,16.184401,1,186,186
26.818448,-1,0,6,0,0,16.682499,1.709600,2.906100,16.881599,1,186,186
26.835042,-1,0,6,0,0,16.666901,1.967800,2.902200,16.724001,1,186,186
26.851738,-1,0,6,0,0,16.666901,1.682600,1.890200,16.424900,1,186,186
26.868471,-1,0,6,0,0,16.666800,1.552200,2.329000,16.635900,1,186,186
26.885023,-1,0,6,0,0,16.666800,1.571800,2.582400,16.841801,1,186,186
26.901684,-1,0,6,0,0,16.666800,1.671800,2.444700,16.736200,1,186,186
26.918548,-1,0,6,0,0,16.788200,1.643700,1.923400,16.486401,1,186,186
26.935133,-1,0,6,0,0,16.666901,1.804800,2.248600,16.802799,1,186,186
26.951830,-1,0,6,0,0,16.667002,1.519900,2.000500,16.627701,1,186,186
26.968482,-1,0,6,0,0,16.666698,1.375400,2.907100,16.591900,1,186,186
26.985151,-1,0,6,0,0,16.666698,2.432200,2.725900,17.277901,1,186,186
27.001837,-1,0,6,0,0,16.666901,1.415000,1.948000,15.908900,1,186,186
27.018590,-1,0,6,0,0,16.666901,1.392200,1.922600,16.808901,1,186,186
27.035155,-1,0,6,0,0,16.666901,1.716700,2.252700,16.863300,1,186,186
27.051885,-1,0,6,0,0,16.666698,1.766400,2.520500,16.464899,1,186,186
27.068496,-1,0,6,0,0,16.666901,1.729900,2.335600,16.751600,1,186,186
27.085248,-1,0,6,0,0,16.667002,1.791200,2.910300,16.317400,1,186,186
27.101857,-1,0,6,0,0,16.666698,2.083000,2.414100,16.956400,1,186,186
27.118538,-1,0,6,0,0,16.666698,1.484900,2.003800,17.292299,1,186,186
27.135145,-1,0,6,0,0,16.666800,1.448500,2.394900,16.063499,1,186,186
27.151836,-1,0,6,0,0,16.666702,1.498000,2.082600,16.780300,1,186,186
27.168477,-1,0,6,0,0,16.666800,1.341300,2.665800,16.505899,1,186,186
27.185199,-1,0,6,0,0,16.666800,2.134800,1.976900,17.052601,1,186,186
27.201883,-1,0,6,0,0,16.666698,1.418800,2.211600,16.337900,1,186,186
27.218529,-1,0,6,0,0,16.666698,1.724200,2.135100,16.542801,1,186,186
27.235147,-1,0,6,0,0,16.666901,1.767300,2.474300,16.765900,1,186,186
27.251875,-1,0,6,0,0,16.666901,1.733000,2.058900,17.240101,1,186,186
27.268515,-1,0,6,0,0,16.666698,1.728400,2.121000,16.435200,1,186,186
27.285139,-1,0,6,0,0,16.666901,1.734600,2.091500,16.191500,1,186,186
27.301845,-1,0,6,0,0,16.666901,1.546100,2.504500,16.739300,1,186,186
27.318545,-1,0,6,0,0,16.666698,1.711000,1.793300,16.600100,1,186,186
27.335281,-1,0,6,0,0,16.666698,1.442400,2.322000,16.799700,1,186,186
27.351814,-1,0,6,0,0,16.666901,1.853100,2.132900,16.946199,1,186,186
27.368480,-1,0,6,0,0,16.666800,1.678900,2.070200,16.202700,1,186,186
27.385250,-1,0,6,0,0,16.666800,1.429500,2.028100,16.713800,1,186,186
27.401817,-1,0,6,0,0,16.666901,1.842400,2.061200,16.845800,1,186,186
27.418511,-1,0,6,0,0,16.666698,1.432200,1.765600,16.230400,1,186,186
27.435153,-1,0,6,0,0,16.666803,1.416400,2.632900,16.989201,1,186,186
27.451871,-1,0,6,0,0,16.666698,1.605400,1.877000,16.586800,1,186,186
27.468807,-1,0,6,0,0,16.666901,1.420900,2.120300,16.787399,1,186,186
27.485157,-1,0,6,0,0,16.666698,2.646200,2.697400,17.713200,1,186,186
27.501847,-1,0,6,0,0,16.666698,1.599900,3.006700,15.535100,1,186,186
27.518817,-1,0,6,0,0,16.666800,1.440100,2.060900,16.815100,1,186,186
27.535229,-1,0,6,0,0,16.677498,2.548000,2.367700,17.076200,1,186,186
27.551954,-1,0,6,0,0,16.666803,1.788000,2.293300,16.113701,1,186,186
27.568498,-1,0,6,0,0,16.666800,1.730600,2.298400,16.848900,1,186,186
27.585238,-1,0,6,0,0,16.666698,1.754300,2.144200,16.464899,1,186,186
27.601868,-1,0,6,0,0,16.666800,1.621700,2.383300,16.786400,1,186,186
27.618559,-1,0,6,0,0,16.666901,1.529600,1.869000,16.524300,1,186,186
27.635185,-1,0,6,0,0,16.666800,1.640800,2.249000,16.882700,1,186,186
27.651871,-1,0,6,0,0,16.666901,1.696800,2.035700,16.455700,1,186,186
27.668501,-1,0,6,0,0,16.666698,1.436300,2.584100,16.837601,1,186,186
27.685228,-1,0,6,0,0,16.666901,1.712800,2.222400,16.454700,1,186,186
27.701844,-1,0,6,0,0,16.666901,1.454100,2.355700,16.910299,1,186,186
27.718503,-1,0,6,0,0,16.666901,1.779300,2.146000,16.498699,1,186,186
27.735335,-1,0,6,0,0,16.666800,1.469000,2.311800,16.704500,1,186,186
27.751886,-1,0,6,0,0,16.666800,2.082400,2.509400,16.842800,1,186,186
27.768538,-1,0,6,0,0,16.666698,1.522500,2.472700,16.561100,1,186,186
27.785232,-1,0,6,0,0,16.666698,1.649000,1.820200,16.567301,1,186,186
27.801832,-1,0,6,0,0,16.666901,1.713900,2.662800,16.813101,1,186,186
27.818555,-1,0,6,0,0,16.666800,1.662100,1.841400,16.264099,1,186,186
27.835232,-1,0,6,0,0,16.666800,1.681000,2.523300,16.933901,1,186,186
27.851987,-1,0,6,0,0,16.666698,2.602800,1.984300,16.740400,1,186,186
27.868506,-1,0,6,0,0,16.666901,1.938000,2.405800,16.802799,1,186,186
27.885272,-1,0,6,0,0,16.666901,1.695800,1.822500,16.494600,1,186,186
27.901833,-1,0,6,0,0,16.666800,1.582300,2.246000,17.033199,1,186,186
27.918601,-1,0,6,0,0,16.720701,1.550600,2.038800,16.006201,1,186,186
27.935226,-1,0,6,0,0,16.667002,1.520800,2.571000,17.056700,1,186,186
27.951952,-1,0,6,0,0,16.666698,1.651600,2.520500,16.518200,1,186,186
27.968598,-1,0,6,0,0,16.666901,1.848100,2.324200,16.921600,1,186,186
27.985428,-1,0,6,0,0,16.666698,1.740200,1.896900,16.525299,1,186,186
28.001948,-1,0,6,0,0,16.667101,2.574900,2.202200,17.707001,1,186,186
28.018658,-1,0,6,0,0,16.666800,1.831900,2.915100,16.276501,1,186,186
28.035317,-1,0,6,0,0,16.666901,1.818200,2.391200,16.806900,1,186,186
28.052245,-1,0,6,0,0,16.666800,1.636300,1.991500,16.037901,1,186,186
28.068584,-1,0,6,0,0,16.666901,2.043900,2.166200,16.975901,1,186,186
28.085364,-1,0,6,0,0,16.666897,1.569500,2.512400,16.182199,1,186,186
28.101922,-1,0,6,0,0,16.667002,1.834700,2.871700,16.871500,1,186,186
28.118772,-1,0,6,0,0,16.666800,1.901700,1.903500,16.287701,1,186,186
28.135239,-1,0,6,0,0,16.666901,2.033200,2.256900,17.253401,1,186,186
28.151962,-1,0,6,0,0,16.666901,2.007000,2.394900,16.230400,1,186,186
28.168548,-1,0,6,0,0,16.666800,1.586900,2.871500,17.155100,1,186,186
28.185342,-1,0,6,0,0,16.666800,2.097800,2.140700,16.578501,1,186,186
28.201920,-1,0,6,0,0,16.666800,1.752500,2.561500,16.550900,1,186,186
28.218690,-1,0,6,0,0,16.666800,1.626800,1.935200,16.475201,1,186,186
28.235224,-1,0,6,0,0,16.666901,1.763000,2.500800,17.355700,1,186,186
28.251898,-1,0,6,0,0,16.666901,1.651700,1.886300,15.853600,1,186,186
28.268597,-1,0,6,0,0,16.666901,1.693400,2.278800,16.743401,1,186,186
28.285274,-1,0,6,0,0,16.666698,1.725400,2.016900,16.607300,1,186,186
28.301899,-1,0,6,0,0,16.666800,1.893000,2.063100,16.736200,1,186,186
28.318744,-1,0,6,0,0,16.666901,1.709400,2.106800,16.480301,1,186,186
28.335254,-1,0,6,0,0,16.666698,1.621300,2.343200,17.164301,1,186,186
28.352256,-1,0,6,0,0,16.667101,1.982400,2.462600,16.299000,1,186,186
28.368628,-1,0,6,0,0,16.666901,1.725500,2.341900,17.331200,1,186,186
28.385579,-1,0,6,0,0,16.666698,1.817900,1.868500,16.093201,1,186,186
28.402151,-1,0,6,0,0,16.666800,1.984500,2.363100,16.938999,1,186,186
28.418568,-1,0,6,0,0,16.666901,2.089900,2.617200,16.966600,1,186,186
28.435484,-1,0,6,0,0,16.666901,1.875300,3.227100,16.767000,1,186,186
28.452193,-1,0,6,0,0,16.666800,1.731600,2.103500,16.091200,1,186,186
28.468595,-1,0,6,0,0,16.666698,1.809200,2.320000,16.991199,1,186,186
28.485307,-1,0,6,0,0,16.666901,1.612900,2.022600,16.041000,1,186,186
28.501924,-1,0,6,0,0,16.666901,1.811900,2.471200,16.896999,1,186,186
28.518728,-1,0,6,0,0,16.666698,1.956000,1.895200,16.995300,1,186,186
28.535458,-1,0,6,0,0,16.666800,1.681800,2.463900,16.203800,1,186,186
28.551975,-1,0,6,0,0,16.666901,1.808300,2.075700,16.825300,1,186,186
28.568604,-1,0,6,0,0,16.666800,1.479400,2.436000,17.277000,1,186,186
28.585370,-1,0,6,0,0,16.666800,1.751200,1.779600,15.892400,1,186,186
28.601976,-1,0,6,0,0,16.666702,1.927200,2.611700,16.898100,1,186,186
28.618632,-1,0,6,0,0,16.666897,1.559100,1.963500,16.387100,1,186,186
28.635351,-1,0,6,0,0,16.666702,1.780800,2.069700,16.755699,1,186,186
28.651979,-1,0,6,0,0,16.666901,1.712500,1.932500,16.716801,1,186,186
28.668587,-1,0,6,0,0,16.666698,1.595800,3.136400,17.069000,1,186,186
28.685308,-1,0,6,0,0,16.666901,1.764700,2.618700,16.402500,1,186,186
28.702132,-1,0,6,0,0,16.666998,1.957300,2.315900,16.605200,1,186,186
28.718679,-1,0,6,0,0,16.666901,1.769400,1.733000,16.431101,1,186,186
28.735515,-1,0,6,0,0,16.666702,1.968500,2.462100,17.140699,1,186,186
28.751986,-1,0,6,0,0,16.666897,2.214600,1.694400,16.513000,1,186,186
28.768654,-1,0,6,0,0,16.666803,1.496000,2.003800,16.532499,1,186,186
28.785246,-1,0,6,0,0,16.666800,2.023400,1.874800,16.613400,1,186,186
28.802023,-1,0,6,0,0,16.666800,1.788200,1.982700,16.657400,1,186,186
28.818643,-1,0,6,0,0,16.666901,2.159400,2.380400,16.713699,1,186,186
28.835345,-1,0,6,0,0,16.666698,1.689500,2.194900,16.664600,1,186,186
28.851912,-1,0,6,0,0,16.666901,1.725000,2.061200,16.617500,1,186,186
28.868706,-1,0,6,0,0,16.666901,1.671100,2.490300,16.500700,1,186,186
28.885386,-1,0,6,0,0,16.666698,2.269200,1.969900,16.900101,1,186,186
28.902059,-1,0,6,0,0,16.666800,1.577200,2.044000,16.717800,1,186,186
28.918605,-1,0,6,0,0,16.666698,2.001100,1.986300,16.460800,1,186,186
28.935265,-1,0,6,0,0,16.666800,1.474500,2.735800,16.739401,1,186,186
28.951981,-1,0,6,0,0,16.667002,1.639800,2.195500,16.862200,1,186,186
28.968645,-1,0,6,0,0,16.666901,1.579900,2.643400,16.525299,1,186,186
28.985439,-1,0,6,0,0,16.666800,2.042600,2.577900,16.726999,1,186,186
29.002015,-1,0,6,0,0,16.666800,1.942600,2.309800,16.952299,1,186,186
29.018736,-1,0,6,0,0,16.666901,2.134300,2.141100,17.503201,1,186,186
29.035298,-1,0,6,0,0,16.666800,1.775200,2.202000,15.578100,1,186,186
29.051975,-1,0,6,0,0,16.666901,1.939400,2.122200,16.471100,1,186,186
29.068609,-1,0,6,0,0,16.666800,1.922700,3.063700,16.962500,1,186,186
29.085666,-1,0,6,0,0,16.756401,2.058700,1.781200,16.139299,1,186,186
29.102073,-1,0,6,0,0,16.666800,2.135400,2.799100,17.386499,1,186,186
29.118712,-1,0,6,0,0,16.666901,1.937400,2.102100,16.119801,1,186,186
29.135452,-1,0,6,0,0,16.666800,1.613200,2.618400,16.930799,1,186,186
29.152076,-1,0,6,0,0,16.666800,1.757600,1.897500,16.576500,1,186,186
29.168717,-1,0,6,0,0,16.666901,1.700400,2.059900,16.709700,1,186,186
29.185707,-1,0,6,0,0,16.666901,2.357700,2.075300,17.182699,1,186,186
29.202135,-1,0,6,0,0,16.666800,2.064700,2.113000,16.533501,1,186,186
29.219056,-1,0,6,0,0,16.666698,1.760500,1.976000,16.533501,1,186,186
29.235387,-1,0,6,0,0,16.666901,2.349000,2.047100,16.872400,1,186,186
29.252057,-1,0,6,0,0,16.666901,1.725100,3.011500,16.105499,1,186,186
29.268770,-1,0,6,0,0,16.666901,1.706200,2.773000,16.780300,1,186,186
29.285585,-1,0,6,0,0,16.666897,2.382300,1.986000,17.025999,1,186,186
29.302478,-1,0,6,0,0,16.691900,1.985500,2.238900,16.468000,1,186,186
29.318704,-1,0,6,0,0,16.666698,2.099600,1.995700,16.834600,1,186,186
29.335464,-1,0,6,0,0,16.666800,1.583300,2.644100,16.135099,1,186,186
29.352098,-1,0,6,0,0,16.666901,1.490600,1.872600,17.579100,1,186,186
29.368898,-1,0,6,0,0,16.666901,1.497700,2.232300,16.007099,1,186,186
29.385362,-1,0,6,0,0,16.666800,2.078000,2.177000,16.785400,1,186,186
29.402021,-1,0,6,0,0,16.666800,1.482200,2.072500,16.883699,1,186,186
29.418837,-1,0,6,0,0,16.666901,1.535100,1.849600,16.896000,1,186,186
29.435563,-1,0,6,0,0,16.666901,1.858700,2.283500,16.262100,1,186,186
29.452101,-1,0,6,0,0,16.666901,1.844300,2.294700,16.639999,1,186,186
29.468689,-1,0,6,0,0,16.666901,1.578400,2.780700,16.479200,1,186,186
29.485427,-1,0,6,0,0,16.666901,1.867400,2.424900,17.218599,1,186,186
29.502230,-1,0,6,0,0,16.666800,1.888400,1.969400,16.305201,1,186,186
29.518753,-1,0,6,0,0,16.666800,2.214900,2.323500,17.167299,1,186,186
29.535374,-1,0,6,0,0,16.666698,1.562000,2.447800,15.939600,1,186,186
29.552081,-1,0,6,0,0,16.666901,1.844800,1.786900,16.569401,1,186,186
29.568822,-1,0,6,0,0,16.667101,1.443900,2.140000,16.750601,1,186,186
29.585571,-1,0,6,0,0,16.666901,1.657100,2.118700,16.818100,1,186,186
29.602049,-1,0,6,0,0,16.666800,1.884100,2.149500,16.752701,1,186,186
29.618785,-1,0,6,0,0,16.666698,1.511600,2.034100,16.393200,1,186,186
29.635461,-1,0,6,0,0,16.666800,1.911900,1.894800,16.960501,1,186,186
29.652017,-1,0,6,0,0,16.666901,2.047700,2.141600,16.873501,1,186,186
29.668706,-1,0,6,0,0,16.666698,1.411800,2.267400,16.040899,1,186,186
29.685625,-1,0,6,0,0,16.680201,1.773500,2.076500,16.809000,1,186,186
29.702100,-1,0,6,0,0,16.666698,1.774300,1.978200,17.016800,1,186,186
29.718752,-1,0,6,0,0,16.666702,1.573000,1.982500,16.369699,1,186,186
29.735379,-1,0,6,0,0,16.666698,1.464100,2.059900,16.576500,1,186,186
29.752202,-1,0,6,0,0,16.667002,1.430200,2.046100,16.662500,1,186,186
29.768910,-1,0,6,0,0,16.666698,1.721400,1.849900,17.080299,1,186,186
29.785432,-1,0,6,0,0,16.666901,1.939600,1.938500,16.558100,1,186,186
29.802035,-1,0,6,0,0,16.666698,1.777200,1.934200,16.539700,1,186,186
29.818823,-1,0,6,0,0,16.666698,1.480200,2.132800,16.479200,1,186,186
29.835396,-1,0,6,0,0,16.666901,1.883600,2.409400,16.946199,1,186,186
29.852139,-1,0,6,0,0,16.666901,1.502700,2.057200,16.433100,1,186,186
29.868749,-1,0,6,0,0,16.666698,1.493200,2.032000,16.873501,1,186,186
29.885407,-1,0,6,0,0,16.666901,1.686400,2.092200,16.475201,1,186,186
29.902078,-1,0,6,0,0,16.667101,1.474600,2.147700,16.700399,1,186,186
29.918789,-1,0,6,0,0,16.666800,1.613600,2.650200,16.805901,1,186,186
29.935375,-1,0,6,0,0,16.666698,1.912100,2.208800,16.719801,1,186,186
29.952134,-1,0,6,0,0,16.666800,1.647700,1.894700,16.480301,1,186,186
29.969259,-1,0,6,0,0,16.667002,1.963200,2.925500,16.818199,1,186,186
29.985552,-1,0,6,0,0,16.666698,2.348600,2.620400,17.230801,1,186,186
30.002152,-1,0,6,0,0,16.666698,2.226500,2.794600,16.272400,1,186,186
30.018857,-1,0,6,0,0,16.667002,2.051500,2.462600,16.515100,1,186,186
30.035572,-1,0,6,0,0,16.666800,4.553600,2.980800,19.493900,1,186,186
30.052246,-1,0,6,0,0,16.666698,2.244300,2.182600,15.307800,1,186,186
30.068949,-1,0,6,0,0,16.666901,2.738400,2.092100,15.243200,1,186,186
30.085384,-1,0,6,0,0,16.666901,1.990300,2.379600,16.686100,1,186,186
30.102098,-1,0,6,0,0,16.666800,1.685800,2.568800,16.442400,1,186,186
30.118828,-1,0,6,0,0,16.666901,1.672400,3.217200,17.126400,1,186,186
30.135393,-1,0,6,0,0,16.666901,2.155700,2.175600,16.938999,1,186,186
30.152293,-1,0,6,0,0,16.666800,1.462400,2.065500,15.846400,1,186,186
30.168745,-1,0,6,0,0,16.666800,1.675900,2.323100,17.113100,1,186,186
30.185479,-1,0,6,0,0,16.666800,2.217400,2.941000,16.928699,1,186,186
30.202169,-1,0,6,0,0,16.666800,2.404600,2.621300,16.600100,1,186,186
30.218939,-1,0,6,0,0,16.666901,2.468700,2.375700,16.120800,1,186,186
30.235503,-1,0,6,0,0,16.666901,2.111200,2.251500,16.846901,1,186,186
30.252525,-1,0,6,0,0,16.666800,1.838600,2.445400,16.520201,1,186,186
30.268854,-1,0,6,0,0,16.666800,2.192700,2.365600,17.043400,1,186,186
30.285588,-1,0,6,0,0,16.667002,1.721600,2.205600,16.267300,1,186,186
30.302152,-1,0,6,0,0,16.666901,1.918300,3.846100,16.841700,1,186,186
30.318869,-1,0,6,0,0,16.666698,1.891400,2.467100,16.563200,1,186,186
30.335451,-1,0,6,0,0,16.666698,1.882600,3.030600,16.779301,1,186,186
30.352582,-1,0,6,0,0,16.667002,2.105900,2.360100,16.276501,1,186,186
30.368773,-1,0,6,0,0,16.667002,2.394200,2.972600,17.763300,1,186,186
30.385621,-1,0,6,0,0,16.666897,2.027300,2.516200,16.042000,1,186,186
30.402085,-1,0,6,0,0,16.666800,2.082400,2.266200,16.717800,1,186,186
30.418932,-1,0,6,0,0,16.666901,2.005600,2.462700,16.282600,1,186,186
30.435598,-1,0,6,0,0,16.666901,1.880100,2.277200,16.933901,1,186,186
30.452112,-1,0,6,0,0,16.667002,1.909900,3.535500,16.737301,1,186,186
30.468774,-1,0,6,0,0,16.667002,1.685100,2.401100,16.394199,1,186,186
30.485741,-1,0,6,0,0,16.666800,2.054200,2.539100,16.598101,1,186,186
30.502140,-1,0,6,0,0,16.667002,2.021000,2.261900,16.951300,1,186,186
30.518819,-1,0,6,0,0,16.666897,2.065500,3.770400,16.591801,1,186,186
30.535644,-1,0,6,0,0,16.666803,2.064700,2.348500,16.473101,1,186,186
30.552178,-1,0,6,0,0,16.666800,2.639900,3.124000,17.293301,1,186,186
30.568973,-1,0,6,0,0,16.666897,2.003300,2.809600,16.249901,1,186,186
30.585595,-1,0,6,0,0,16.666901,2.313600,2.232400,16.464899,1,186,186
30.602212,-1,0,6,0,0,16.666702,1.831400,2.361600,16.951300,1,186,186
30.618854,-1,0,6,0,0,16.666901,1.953200,2.243900,16.448500,1,186,186
30.635556,-1,0,6,0,0,16.666897,2.178000,2.620800,16.983000,1,186,186
30.652287,-1,0,6,0,0,16.666800,1.992100,2.069100,16.429100,1,186,186
30.669120,-1,0,6,0,0,16.666901,1.935500,4.212300,16.906200,1,186,186
30.685643,-1,0,6,0,0,16.667101,2.819100,3.362400,16.801800,1,186,186
30.702236,-1,0,6,0,0,16.667002,2.670600,3.490900,16.669701,1,186,186
30.719179,-1,0,6,0,0,16.666698,2.915200,3.372200,16.406601,1,186,186
30.735592,-1,0,6,0,0,16.666800,2.655200,3.616600,17.058800,1,186,186
30.752158,-1,0,6,0,0,16.666901,2.308600,2.552900,16.103399,1,186,186
30.768965,-1,0,6,0,0,16.739498,1.814000,3.892300,16.688101,1,186,186
30.785661,-1,0,6,0,0,16.666901,2.531300,2.156800,16.531500,1,186,186
30.802229,-1,0,6,0,0,16.666800,1.888800,2.435700,17.002501,1,186,186
30.818923,-1,0,6,0,0,16.667002,1.872700,2.376400,16.505800,1,186,186
30.835541,-1,0,6,0,0,16.666800,2.030100,2.593300,16.763901,1,186,186
30.852389,-1,0,6,0,0,16.667002,2.009100,2.639300,16.418900,1,186,186
30.868903,-1,0,6,0,0,16.666698,1.767700,2.175100,16.929701,1,186,186
30.885622,-1,0,6,0,0,16.666800,1.722100,2.216700,16.515100,1,186,186
30.902212,-1,0,6,0,0,16.666901,1.891900,2.643600,16.800800,1,186,186
30.918984,-1,0,6,0,0,16.666800,2.228600,2.156300,16.410601,1,186,186
30.935502,-1,0,6,0,0,16.666698,1.888300,2.470300,16.957500,1,186,186
30.952273,-1,0,6,0,0,16.666901,1.628400,2.030200,16.344999,1,186,186
30.968993,-1,0,6,0,0,16.676199,1.866000,2.986300,17.171499,1,186,186
30.985589,-1,0,6,0,0,16.666901,2.015200,2.115000,16.387100,1,186,186
31.002238,-1,0,6,0,0,16.666901,1.661000,2.787100,16.651199,1,186,186
31.019278,-1,0,6,0,0,16.666800,1.861500,2.523100,16.478201,1,186,186
31.035594,-1,0,6,0,0,16.666901,2.217900,2.555700,17.220600,1,186,186
31.052609,-1,0,6,0,0,16.666800,1.963600,2.245200,16.252001,1,186,186
31.068878,-1,0,6,0,0,16.666901,3.150800,2.519700,17.850401,1,186,186
31.085665,-1,0,6,0,0,16.666800,1.874400,2.245900,15.418300,1,186,186
31.102200,-1,0,6,0,0,16.666800,1.749600,2.199800,16.760900,1,186,186
31.118956,-1,0,6,0,0,16.666901,1.843700,2.309400,16.652300,1,186,186
31.135639,-1,0,6,0,0,16.666698,1.916900,2.908700,16.951300,1,186,186
31.152252,-1,0,6,0,0,16.666702,2.106600,2.090200,16.415701,1,186,186
31.168825,-1,0,6,0,0,16.666800,1.894900,1.960100,16.571400,1,186,186
31.185536,-1,0,6,0,0,16.666800,2.007300,3.355000,17.132500,1,186,186
31.202248,-1,0,6,0,0,16.666800,1.705000,2.641400,16.227400,1,186,186
31.218911,-1,0,6,0,0,16.667097,1.759700,2.166900,16.789499,1,186,186
31.235671,-1,0,6,0,0,16.666800,1.829000,2.198200,16.663500,1,186,186
31.252253,-1,0,6,0,0,16.666901,1.774100,1.693200,16.437300,1,186,186
31.269109,-1,0,6,0,0,16.666901,1.817200,2.257500,16.817101,1,186,186
31.285640,-1,0,6,0,0,16.666901,2.114000,1.836700,16.830500,1,186,186
31.302164,-1,0,6,0,0,16.666901,1.609500,2.442000,16.514000,1,186,186
31.318896,-1,0,6,0,0,16.666901,1.720900,2.161100,16.655399,1,186,186
31.335494,-1,0,6,0,0,16.666698,1.774500,1.877900,16.724001,1,186,186
31.352161,-1,0,6,0,0,16.666698,1.950600,1.886700,16.427999,1,186,186
31.368829,-1,0,6,0,0,16.666702,1.712000,3.020200,16.953300,1,186,186
31.385541,-1,0,6,0,0,16.666800,1.796600,2.337900,16.323601,1,186,186
31.402186,-1,0,6,0,0,16.666698,1.709800,2.044300,16.795700,1,186,186
31.418852,-1,0,6,0,0,16.666800,1.492300,2.186500,16.733101,1,186,186
31.435526,-1,0,6,0,0,16.666901,1.541900,2.365400,16.608299,1,186,186
31.452232,-1,0,6,0,0,16.666901,1.491900,2.389900,16.955400,1,186,186
31.468842,-1,0,6,0,0,16.666698,1.818400,2.600200,16.478201,1,186,186
31.485771,-1,0,6,0,0,16.666901,2.001300,1.841900,16.558100,1,186,186
31.502149,-1,0,6,0,0,16.666800,1.728100,2.642300,16.804800,1,186,186
31.518939,-1,0,6,0,0,16.666698,1.506800,2.456500,16.739401,1,186,186
31.535537,-1,0,6,0,0,16.666901,1.870000,1.866700,16.681999,1,186,186
31.552187,-1,0,6,0,0,16.666901,1.640200,1.917500,16.395201,1,186,186
31.568873,-1,0,6,0,0,16.666901,1.678600,2.470400,16.727100,1,186,186
31.585814,-1,0,6,0,0,16.666698,2.114600,2.782400,17.306601,1,186,186
31.602328,-1,0,6,0,0,16.666800,1.818400,1.956300,16.301100,1,186,186
31.619043,-1,0,6,0,0,16.666901,1.731300,2.345700,16.569300,1,186,186
31.635531,-1,0,6,0,0,16.666800,1.831700,1.798500,16.726000,1,186,186
31.652233,-1,0,6,0,0,16.699999,2.119500,1.952200,16.388100,1,186,186
31.668936,-1,0,6,0,0,16.666800,1.649800,2.055900,16.715799,1,186,186
31.685633,-1,0,6,0,0,16.666901,1.939800,2.516700,16.821301,1,186,186
31.702228,-1,0,6,0,0,16.666901,2.187100,2.059200,16.719801,1,186,186
31.719362,-1,0,6,0,0,16.666800,1.812500,2.430900,17.061899,1,186,186
31.735556,-1,0,6,0,0,16.666901,2.653200,1.884600,16.827400,1,186,186
31.752647,-1,0,6,0,0,16.691000,1.649600,2.072600,15.833100,1,186,186
31.769003,-1,0,6,0,0,16.666698,2.066500,2.551100,17.229799,1,186,186
31.785918,-1,0,6,0,0,16.666800,1.968800,2.112800,16.176201,1,186,186
31.802207,-1,0,6,0,0,16.666800,2.114600,2.099200,17.175501,1,186,186
31.818933,-1,0,6,0,0,16.666901,1.590500,2.138700,16.076799,1,186,186
31.835539,-1,0,6,0,0,16.666800,1.637400,2.107600,16.896000,1,186,186
31.852271,-1,0,6,0,0,16.666800,1.754000,1.748700,16.416800,1,186,186
31.869025,-1,0,6,0,0,16.666803,1.404700,1.972800,16.764900,1,186,186
31.885606,-1,0,6,0,0,16.666897,1.876900,2.139300,16.831499,1,186,186
31.902268,-1,0,6,0,0,16.666702,1.509500,2.408400,16.502800,1,186,186
31.919060,-1,0,6,0,0,16.666901,1.495400,1.851400,16.724001,1,186,186
31.935574,-1,0,6,0,0,16.666897,1.977200,2.048600,16.816099,1,186,186
31.952250,-1,0,6,0,0,16.666901,1.475600,2.293200,16.408600,1,186,186
31.969042,-1,0,6,0,0,16.666800,1.493600,2.732700,16.867300,1,186,186
31.985730,-1,0,6,0,0,16.667002,1.889400,2.265400,16.655300,1,186,186
32.002402,-1,0,6,0,0,16.666800,1.798700,2.102900,16.979000,1,186,186
32.019093,-1,0,6,0,0,16.666901,1.884300,2.129000,16.335899,1,186,186
32.035573,-1,0,6,0,0,16.666800,1.940300,1.939900,17.157101,1,186,186
32.052251,-1,0,6,0,0,16.666800,1.815100,2.144900,16.081900,1,186,186
32.069272,-1,0,6,0,0,16.666698,1.891700,2.014300,16.806900,1,186,186
32.085740,-1,0,6,0,0,16.666803,2.759100,2.345400,17.547300,1,186,186
32.102473,-1,0,6,0,0,16.666897,1.798200,2.122500,15.823900,1,186,186
32.119151,-1,0,6,0,0,16.667002,1.750600,1.951000,16.638901,1,186,186
32.135602,-1,0,6,0,0,16.666901,2.139600,2.334900,16.854099,1,186,186
32.152293,-1,0,6,0,0,16.666901,1.947000,2.377700,16.290800,1,186,186
32.169009,-1,0,6,0,0,16.666901,1.959200,3.300800,16.698299,1,186,186
32.185663,-1,0,6,0,0,16.666901,2.247000,2.121000,17.259600,1,186,186
32.202222,-1,0,6,0,0,16.666901,1.606300,2.043700,16.205799,1,186,186
32.218930,-1,0,6,0,0,16.666901,1.647900,2.515400,16.525299,1,186,186
32.235550,-1,0,6,0,0,16.666897,1.925900,2.597100,16.613400,1,186,186
32.252633,-1,0,6,0,0,16.669802,1.731600,1.924300,16.762899,1,186,186
32.269144,-1,0,6,0,0,16.667002,2.132600,1.895400,17.096701,1,186,186
32.285673,-1,0,6,0,0,16.666698,1.797900,2.337800,16.471001,1,186,186
32.302204,-1,0,6,0,0,16.666901,1.612900,1.914600,16.704500,1,186,186
32.318873,-1,0,6,0,0,16.666698,1.676600,1.774100,16.250900,1,186,186
32.335548,-1,0,6,0,0,16.666901,1.713900,1.965800,16.741400,1,186,186
32.352266,-1,0,6,0,0,16.666901,1.686200,2.270000,16.734200,1,186,186
32.368872,-1,0,6,0,0,16.666800,1.605400,2.540700,16.856001,1,186,186
32.385645,-1,0,6,0,0,16.667002,1.737600,2.465700,16.345100,1,186,186
32.402194,-1,0,6,0,0,16.666897,1.698900,2.535800,16.790600,1,186,186
32.418942,-1,0,6,0,0,16.667101,1.486900,2.035800,16.491501,1,186,186
32.435535,-1,0,6,0,0,16.666698,1.583400,2.866800,16.793600,1,186,186
32.452295,-1,0,6,0,0,16.666901,1.711500,2.071800,16.521200,1,186,186
32.468863,-1,0,6,0,0,16.666698,1.489200,2.427800,16.956400,1,186,186
32.485554,-1,0,6,0,0,16.666901,1.682700,2.284700,16.437300,1,186,186
32.502189,-1,0,6,0,0,16.666800,1.709400,3.037900,16.812000,1,186,186
32.519125,-1,0,6,0,0,16.667002,1.991400,2.468400,16.520201,1,186,186
32.535556,-1,0,6,0,0,16.666800,2.210200,2.230500,17.098700,1,186,186
32.552251,-1,0,6,0,0,16.666901,1.536200,2.203100,16.206900,1,186,186
32.568867,-1,0,6,0,0,16.666698,1.494400,2.971500,16.998400,1,186,186
32.585686,-1,0,6,0,0,16.666901,1.579600,2.005900,16.358400,1,186,186
32.602227,-1,0,6,0,0,16.666901,2.275700,2.843500,17.427401,1,186,186
32.618930,-1,0,6,0,0,16.666901,1.801100,2.318300,15.763400,1,186,186
32.635538,-1,0,6,0,0,16.666800,1.517200,2.503000,17.365999,1,186,186
32.652381,-1,0,6,0,0,16.666698,1.638300,2.009400,16.098301,1,186,186
32.668863,-1,0,6,0,0,16.666800,1.866800,2.128400,16.901199,1,186,186
32.685582,-1,0,6,0,0,16.666800,1.421200,1.994600,16.430000,1,186,186
32.702217,-1,0,6,0,0,16.666901,1.547800,2.585600,17.463301,1,186,186
32.718955,-1,0,6,0,0,16.666901,1.540400,1.861500,15.880200,1,186,186
32.735543,-1,0,6,0,0,16.666800,1.717100,1.900000,16.822300,1,186,186
32.752224,-1,0,6,0,0,16.666698,1.354200,2.065200,16.656401,1,186,186
32.768935,-1,0,6,0,0,16.666800,1.772100,2.325100,16.849899,1,186,186
32.785693,-1,0,6,0,0,16.666803,1.877600,2.137000,16.402399,1,186,186
32.802286,-1,0,6,0,0,16.666800,2.220200,2.492200,14.981200,1,186,186
32.818974,-1,0,6,0,0,16.666897,1.909500,2.313100,16.262199,1,186,186
32.835542,-1,0,6,0,0,16.666803,1.613400,1.859600,16.630699,1,186,186
32.852330,-1,0,6,0,0,16.666897,1.560100,1.899900,16.562201,1,186,186
32.868908,-1,0,6,0,0,16.666901,1.630500,2.190900,17.049601,1,186,186
32.885616,-1,0,6,0,0,16.666901,1.485400,1.852200,16.358400,1,186,186
32.902244,-1,0,6,0,0,16.666800,1.699900,1.810000,16.665600,1,186,186
32.918944,-1,0,6,0,0,16.666800,1.718800,1.999800,16.696301,1,186,186
32.935546,-1,0,6,0,0,16.666901,1.713500,1.772900,16.670799,1,186,186
32.952269,-1,0,6,0,0,16.666901,2.154000,2.274700,16.648100,1,186,186
32.968887,-1,0,6,0,0,16.666901,1.583500,1.974400,16.859200,1,186,186
32.985782,-1,0,6,0,0,16.666901,1.395900,2.063100,16.380899,1,186,186
33.002216,-1,0,6,0,0,16.666698,1.779400,2.452100,17.133600,1,186,186
33.018978,-1,0,6,0,0,16.666698,1.565300,2.362800,16.185301,1,186,186
33.035632,-1,0,6,0,0,16.690701,1.835900,2.046400,16.960501,1,186,186
33.052312,-1,0,6,0,0,16.666698,1.751000,1.960600,16.519199,1,186,186
33.068889,-1,0,6,0,0,16.666901,1.657800,2.993300,16.992300,1,186,186
33.085604,-1,0,6,0,0,16.666901,1.788800,2.096900,16.158701,1,186,186
33.102264,-1,0,6,0,0,16.666901,1.374900,2.352600,16.889799,1,186,186
33.119001,-1,0,6,0,0,16.666698,2.395600,1.899200,17.347601,1,186,186
33.135559,-1,0,6,0,0,16.666901,1.836400,2.008500,16.053301,1,186,186
33.152402,-1,0,6,0,0,16.666698,1.667000,2.132800,16.421900,1,186,186
33.168905,-1,0,6,0,0,16.666901,1.639600,2.181700,17.005501,1,186,186
33.185659,-1,0,6,0,0,16.667002,1.718800,1.890000,16.382000,1,186,186
33.202232,-1,0,6,0,0,16.666698,2.256600,2.268100,17.438700,1,186,186
33.218993,-1,0,6,0,0,16.666901,1.845500,2.235200,15.880200,1,186,186
33.235599,-1,0,6,0,0,16.666901,1.721500,2.003700,16.756800,1,186,186
33.252351,-1,0,6,0,0,16.666901,1.755900,2.111400,16.655300,1,186,186
33.269010,-1,0,6,0,0,16.666901,2.414000,2.145500,17.287201,1,186,186
33.285581,-1,0,6,0,0,16.666800,1.789000,2.113300,16.032801,1,186,186
33.302253,-1,0,6,0,0,16.666901,1.395400,2.506600,16.575500,1,186,186
33.319020,-1,0,6,0,0,16.666698,1.378700,2.060200,16.731100,1,186,186
33.335579,-1,0,6,0,0,16.666901,1.850400,2.041600,16.751600,1,186,186
33.352295,-1,0,6,0,0,16.666800,1.449800,1.803200,16.493601,1,186,186
33.368936,-1,0,6,0,0,16.666800,1.456700,2.016600,16.809999,1,186,186
33.385574,-1,0,6,0,0,16.666800,1.695700,2.062700,16.631800,1,186,186
33.402228,-1,0,6,0,0,16.666800,1.719300,1.965200,16.823299,1,186,186
33.418902,-1,0,6,0,0,16.666698,1.637700,2.303700,16.544701,1,186,186
33.435642,-1,0,6,0,0,16.666698,1.824400,2.150700,16.660500,1,186,186
33.452270,-1,0,6,0,0,16.666803,1.780700,1.847400,16.651300,1,186,186
33.468902,-1,0,6,0,0,16.666897,1.556400,2.892800,16.692200,1,186,186
33.485599,-1,0,6,0,0,16.666901,1.591600,1.823600,16.544800,1,186,186
33.502249,-1,0,6,0,0,16.666800,1.620900,1.982300,16.791500,1,186,186
33.519066,-1,0,6,0,0,16.666901,2.007900,2.009400,16.582701,1,186,186
33.535561,-1,0,6,0,0,16.666702,1.500800,2.030500,16.793600,1,186,186
33.552301,-1,0,6,0,0,16.666897,1.348700,2.447700,16.508900,1,186,186
33.569045,-1,0,6,0,0,16.667002,1.808500,2.714800,16.989201,1,186,186
33.585591,-1,0,6,0,0,16.667002,2.541200,2.234400,16.643101,1,186,186
33.602243,-1,0,6,0,0,16.666800,1.552800,2.051000,16.538601,1,186,186
33.618970,-1,0,6,0,0,16.666901,1.526900,1.935300,16.620501,1,186,186
33.635572,-1,0,6,0,0,16.666800,2.257200,2.087300,17.305599,1,186,186
33.652392,-1,0,6,0,0,16.666800,1.695600,2.013300,15.894600,1,186,186
33.668901,-1,0,6,0,0,16.666800,1.797300,2.720700,16.996300,1,186,186
33.685655,-1,0,6,0,0,16.666698,1.829500,1.926300,16.361500,1,186,186
33.702262,-1,0,6,0,0,16.666800,1.437900,2.298200,16.699400,1,186,186
33.718949,-1,0,6,0,0,16.666702,1.534000,2.227700,16.646099,1,186,186
33.735569,-1,0,6,0,0,16.666698,1.678900,1.907100,16.713699,1,186,186
33.752290,-1,0,6,0,0,16.666800,1.545100,2.400800,16.697399,1,186,186
33.769059,-1,0,6,0,0,16.667002,1.633400,2.080000,16.759800,1,186,186
33.785626,-1,0,6,0,0,16.666800,1.701400,1.978300,16.599001,1,186,186
33.802272,-1,0,6,0,0,16.666998,1.671700,2.275200,16.785400,1,186,186
33.819067,-1,0,6,0,0,16.666702,1.364600,1.876600,17.072201,1,186,186
33.835571,-1,0,6,0,0,16.666897,1.506500,2.035400,16.207800,1,186,186
33.852252,-1,0,6,0,0,16.666803,1.358500,2.047200,16.429100,1,186,186
33.868893,-1,0,6,0,0,16.666897,1.628800,2.454200,16.706600,1,186,186
33.885603,-1,0,6,0,0,16.667002,1.499000,1.946800,16.600000,1,186,186
33.902317,-1,0,6,0,0,16.667002,1.530500,2.067700,16.825399,1,186,186
33.919036,-1,0,6,0,0,16.666698,1.536000,1.974200,16.686001,1,186,186
33.935575,-1,0,6,0,0,16.666698,1.681600,1.805700,16.813101,1,186,186
33.952263,-1,0,6,0,0,16.666901,1.573600,2.308900,17.068001,1,186,186
33.968904,-1,0,6,0,0,16.666698,1.667200,2.100400,16.118799,1,186,186
33.985709,-1,0,6,0,0,16.666702,1.646500,2.038200,16.486401,1,186,186
34.002241,-1,0,6,0,0,16.666800,1.858600,2.842000,17.048599,1,186,186
34.019107,-1,0,6,0,0,16.697199,1.442400,2.721500,16.330700,1,186,186
34.035692,-1,0,6,0,0,16.666800,1.768500,2.649100,16.882700,1,186,186
34.052485,-1,0,6,0,0,16.666901,2.191800,1.804900,16.521200,1,186,186
34.068935,-1,0,6,0,0,16.666800,1.717400,2.377100,16.881701,1,186,186
34.085621,-1,0,6,0,0,16.666901,1.522400,2.280900,16.378901,1,186,186
34.102310,-1,0,6,0,0,16.666901,1.421800,2.179100,16.789499,1,186,186
34.119027,-1,0,6,0,0,16.666698,1.761500,2.041400,17.008600,1,186,186
34.135614,-1,0,6,0,0,16.666901,2.315100,2.805400,17.297400,1,186,186
34.152303,-1,0,6,0,0,16.666800,1.564600,2.160200,15.353900,1,186,186
34.169001,-1,0,6,0,0,16.666800,1.470400,2.232600,17.006599,1,186,186
34.185738,-1,0,6,0,0,16.666800,1.553900,2.546100,16.784401,1,186,186
34.202288,-1,0,6,0,0,16.666901,2.615100,2.595900,17.616899,1,186,186
34.218973,-1,0,6,0,0,16.667101,1.836400,2.277400,15.459300,1,186,186
34.235680,-1,0,6,0,0,16.666800,1.615500,2.414800,16.597000,1,186,186
34.252403,-1,0,6,0,0,16.667097,1.847200,2.694400,16.886801,1,186,186
34.269011,-1,0,6,0,0,16.666901,1.683200,3.182800,17.070101,1,186,186
34.286095,-1,0,6,0,0,16.667002,2.444400,2.103300,16.167900,1,186,186
34.302378,-1,0,6,0,0,16.666698,2.700400,2.406900,17.352699,1,186,186
34.319019,-1,0,6,0,0,16.666702,1.980800,2.533600,16.099400,1,186,186
34.335632,-1,0,6,0,0,16.666897,1.654400,2.606800,16.950300,1,186,186
34.352301,-1,0,6,0,0,16.666803,1.803200,2.187400,16.301001,1,186,186
34.368942,-1,0,6,0,0,16.666800,1.806700,2.502800,16.616501,1,186,186
34.385702,-1,0,6,0,0,16.666800,1.539400,1.842200,16.709600,1,186,186
34.402266,-1,0,6,0,0,16.666901,1.692400,2.623300,16.873501,1,186,186
34.418942,-1,0,6,0,0,16.666897,1.768200,2.418200,16.408600,1,186,186
34.435653,-1,0,6,0,0,16.666901,1.653100,2.188800,16.736200,1,186,186
34.452354,-1,0,6,0,0,16.666702,1.765100,1.964200,16.678900,1,186,186
34.468941,-1,0,6,0,0,16.666698,1.779900,2.585500,16.892900,1,186,186
34.485773,-1,0,6,0,0,16.666901,1.779100,2.075800,16.344101,1,186,186
34.502372,-1,0,6,0,0,16.666800,1.963900,2.739000,17.010700,1,186,186
34.519890,-1,0,6,0,0,16.726599,2.011300,2.262700,16.513000,1,186,186
34.535725,-1,0,6,0,0,16.667002,2.639000,2.375100,17.681400,1,186,186
34.552445,-1,0,6,0,0,16.666698,1.636600,1.909500,15.564800,1,186,186
34.569127,-1,0,6,0,0,16.666800,1.592200,2.037300,17.026100,1,186,186
34.585717,-1,0,6,0,0,16.666901,1.635200,2.326800,16.434200,1,186,186
34.602375,-1,0,6,0,0,16.666800,1.550300,2.513200,16.699301,1,186,186
34.619020,-1,0,6,0,0,16.666800,1.427500,2.336900,16.538700,1,186,186
34.635763,-1,0,6,0,0,16.666901,1.708800,2.183900,16.521200,1,186,186
34.652362,-1,0,6,0,0,16.666800,2.088200,2.760500,17.478600,1,186,186
34.669120,-1,0,6,0,0,16.666800,1.491200,3.729600,16.413700,1,186,186
34.685750,-1,0,6,0,0,16.666901,2.081300,1.884100,16.128000,1,186,186
34.702400,-1,0,6,0,0,16.666698,1.456300,2.106100,16.949200,1,186,186
34.719021,-1,0,6,0,0,16.666702,1.784600,2.614800,17.249300,1,186,186
34.735683,-1,0,6,0,0,16.666698,1.686900,1.946000,16.228300,1,186,186
34.752371,-1,0,6,0,0,16.666800,1.714000,1.897100,16.236601,1,186,186
34.769206,-1,0,6,0,0,16.681999,1.397000,2.191800,16.911301,1,186,186
34.785791,-1,0,6,0,0,16.666698,1.603200,2.054100,17.016899,1,186,186
34.802459,-1,0,6,0,0,16.666702,1.594600,3.131300,16.336901,1,186,186
34.819189,-1,0,6,0,0,16.666698,1.613800,2.062900,16.668600,1,186,186
34.835774,-1,0,6,0,0,16.666800,1.700700,2.033100,16.797701,1,186,186
34.852441,-1,0,6,0,0,16.667002,1.559700,2.018300,16.472099,1,186,186
34.869035,-1,0,6,0,0,16.666800,1.532700,2.304300,16.712700,1,186,186
34.885726,-1,0,6,0,0,16.666800,1.671400,2.169800,16.480301,1,186,186
34.902346,-1,0,6,0,0,16.666800,1.824100,2.015800,16.825300,1,186,186
34.919081,-1,0,6,0,0,16.666698,1.338400,1.887400,16.465900,1,186,186
34.935698,-1,0,6,0,0,16.666698,1.687600,2.749800,16.907301,1,186,186
34.952349,-1,0,6,0,0,16.666698,1.782200,1.849900,16.439301,1,186,186
34.969090,-1,0,6,0,0,16.666800,1.344100,2.291100,16.756701,1,186,186
34.986113,-1,0,6,0,0,17.022102,1.775800,2.261100,16.751600,1,186,186
35.002724,-1,0,6,0,0,16.666901,1.979200,2.639600,17.331200,1,186,186
35.019430,-1,0,6,0,0,16.666897,1.652700,1.863800,16.125000,1,186,186
35.036128,-1,0,6,0,0,16.666803,1.410200,2.144900,17.025999,1,186,186
35.052728,-1,0,6,0,0,16.666897,1.723200,2.443200,16.475201,1,186,186
35.069383,-1,0,6,0,0,16.666702,1.398100,2.670600,16.560101,1,186,186
35.086103,-1,0,6,0,0,16.666901,1.612400,1.799700,16.673800,1,186,186
35.102779,-1,0,6,0,0,16.666897,1.752000,2.144200,16.840700,1,186,186
35.119410,-1,0,6,0,0,16.666702,1.811600,2.093400,16.607201,1,186,186
35.136074,-1,0,6,0,0,16.670197,1.739600,2.530900,16.728100,1,186,186
35.152752,-1,0,6,0,0,16.666800,2.124900,2.076300,17.061899,1,186,186
35.169489,-1,0,6,0,0,16.667002,1.435900,2.252000,16.046000,1,186,186
35.186101,-1,0,6,0,0,16.666800,1.505400,2.221000,17.447001,1,186,186
35.202838,-1,0,6,0,0,16.666800,3.060000,3.444700,17.600500,1,186,186
35.219432,-1,0,6,0,0,16.666702,2.113600,1.923700,15.992800,1,186,186
35.236105,-1,0,6,0,0,16.666800,1.758800,2.216300,15.743000,1,186,186
35.252772,-1,0,6,0,0,16.666800,1.515400,2.359500,16.733200,1,186,186
35.269462,-1,0,6,0,0,16.666998,1.756200,2.572200,16.782301,1,186,186
35.286186,-1,0,6,0,0,16.666702,1.535800,1.799000,16.369699,1,186,186
35.302882,-1,0,6,0,0,16.666800,1.640800,2.287600,17.058800,1,186,186
35.319454,-1,0,6,0,0,16.666901,1.630700,2.111000,16.582701,1,186,186
35.336044,-1,0,6,0,0,16.666698,1.605800,2.516500,16.548800,1,186,186
35.352829,-1,0,6,0,0,16.666698,1.646700,2.205500,16.752701,1,186,186
35.369482,-1,0,6,0,0,16.666698,1.479700,2.017100,16.676800,1,186,186
35.386119,-1,0,6,0,0,16.666901,1.844700,1.966000,17.312799,1,186,186
35.402741,-1,0,6,0,0,16.666901,1.833300,2.552700,15.935500,1,186,186
35.419380,-1,0,6,0,0,16.666901,1.851200,2.121900,16.462799,1,186,186
35.436065,-1,0,6,0,0,16.666901,1.344400,2.133900,16.861200,1,186,186
35.452768,-1,0,6,0,0,16.666901,1.569300,2.431200,16.620600,1,186,186
35.469438,-1,0,6,0,0,16.666901,1.621100,3.195300,16.708599,1,186,186
35.486246,-1,0,6,0,0,16.666800,1.608300,2.372000,17.080299,1,186,186
35.502753,-1,0,6,0,0,16.666998,2.111100,2.461700,16.451599,1,186,186
35.519478,-1,0,6,0,0,16.666702,1.550100,2.187600,16.285700,1,186,186
35.536058,-1,0,6,0,0,16.666901,1.627200,2.380700,17.218500,1,186,186
35.552757,-1,0,6,0,0,16.666698,1.651600,2.356400,16.029699,1,186,186
35.569473,-1,0,6,0,0,16.666901,1.693300,2.237800,17.049601,1,186,186
35.586106,-1,0,6,0,0,16.666800,1.800200,2.304800,16.581699,1,186,186
35.603107,-1,0,6,0,0,16.666998,1.538800,2.286100,16.556999,1,186,186
35.619434,-1,0,6,0,0,16.666702,1.875200,2.298500,17.095699,1,186,186
35.636094,-1,0,6,0,0,16.666901,1.560400,1.976800,16.315399,1,186,186
35.652775,-1,0,6,0,0,16.667097,2.372000,2.400700,17.362900,1,186,186
35.669495,-1,0,6,0,0,16.666800,1.682900,2.325300,17.050600,1,186,186
35.686194,-1,0,6,0,0,16.666800,2.226300,1.972400,15.561800,1,186,186
35.702754,-1,0,6,0,0,16.666800,1.873900,2.598600,17.177601,1,186,186
35.719491,-1,0,6,0,0,16.666702,1.974100,2.872900,15.941600,1,186,186
35.736125,-1,0,6,0,0,16.666800,2.135100,2.517900,17.044500,1,186,186
35.752964,-1,0,6,0,0,16.666698,1.659700,2.652800,16.361500,1,186,186
35.769486,-1,0,6,0,0,16.666698,1.799000,2.492400,17.161200,1,186,186
35.786094,-1,0,6,0,0,16.667002,1.784900,3.055100,16.074800,1,186,186
35.802852,-1,0,6,0,0,16.666800,1.646000,2.843200,17.101801,1,186,186
35.819439,-1,0,6,0,0,16.666800,1.830200,2.011900,16.410601,1,186,186
35.836106,-1,0,6,0,0,16.666800,1.853600,2.831500,16.673800,1,186,186
35.852763,-1,0,6,0,0,16.666800,1.804800,2.351200,16.654301,1,186,186
35.869398,-1,0,6,0,0,16.666800,1.841300,3.014400,17.164301,1,186,186
35.886227,-1,0,6,0,0,16.666800,1.508300,2.192400,16.154600,1,186,186
35.902855,-1,0,6,0,0,16.666800,1.764300,3.029900,17.046600,1,186,186
35.919455,-1,0,6,0,0,16.667101,1.851100,3.013900,16.452600,1,186,186
35.936069,-1,0,6,0,0,16.666901,1.609500,2.269300,16.681999,1,186,186
35.952932,-1,0,6,0,0,16.666901,1.991400,2.204500,16.434099,1,186,186
35.969474,-1,0,6,0,0,16.668198,1.904700,2.877000,17.480700,1,186,186
35.986139,-1,0,6,0,0,16.666803,3.172700,2.191400,16.072701,1,186,186
36.002816,-1,0,6,0,0,16.666698,1.566500,2.450700,16.603201,1,186,186
36.019667,-1,0,6,0,0,16.666698,1.702000,2.574900,16.587799,1,186,186
36.036133,-1,0,6,0,0,16.666698,2.020600,2.362600,17.775600,1,186,186
36.052960,-1,0,6,0,0,16.666800,1.657600,2.321100,15.553500,1,186,186
36.069407,-1,0,6,0,0,16.666901,1.791800,2.439200,16.908300,1,186,186
36.086348,-1,0,6,0,0,16.668699,1.449300,1.900600,16.352301,1,186,186
36.102809,-1,0,6,0,0,16.666800,2.053700,2.815000,17.234900,1,186,186
36.119491,-1,0,6,0,0,16.666901,1.686700,1.971500,16.736300,1,186,186
36.136097,-1,0,6,0,0,16.666800,1.852500,2.147000,16.244699,1,186,186
36.152900,-1,0,6,0,0,16.666800,2.352800,2.202300,17.037300,1,186,186
36.169424,-1,0,6,0,0,16.666800,1.709400,3.204300,16.492500,1,186,186
36.186112,-1,0,6,0,0,16.669300,2.028600,2.530400,16.295000,1,186,186
36.202815,-1,0,6,0,0,16.667002,2.310500,2.886100,17.135599,1,186,186
36.219506,-1,0,6,0,0,16.666800,1.597500,3.043000,16.234501,1,186,186
36.236071,-1,0,6,0,0,16.666800,1.959400,2.345300,16.690201,1,186,186
36.252736,-1,0,6,0,0,16.666901,1.708000,2.337100,16.420799,1,186,186
36.269440,-1,0,6,0,0,16.666698,1.747600,2.101600,16.964600,1,186,186
36.286225,-1,0,6,0,0,16.666901,1.706900,2.066600,16.494600,1,186,186
36.302747,-1,0,6,0,0,16.666702,1.928100,2.158800,17.622000,1,186,186
36.319442,-1,0,6,0,0,16.666897,1.468700,2.681400,15.706200,1,186,186
36.336059,-1,0,6,0,0,16.666901,1.717800,2.329800,16.983999,1,186,186
36.352889,-1,0,6,0,0,16.666702,1.756100,1.837500,16.343100,1,186,186
36.369425,-1,0,6,0,0,16.666800,1.707800,2.435400,17.504200,1,186,186
36.386189,-1,0,6,0,0,16.726099,1.431900,2.140200,15.866900,1,186,186
36.402825,-1,0,6,0,0,16.666901,1.973700,2.154200,17.019899,1,186,186
36.419595,-1,0,6,0,0,16.666800,1.641100,2.485600,16.231400,1,186,186
36.436126,-1,0,6,0,0,16.666800,1.898500,2.244400,17.001499,1,186,186
36.452855,-1,0,6,0,0,16.666800,1.797300,2.162100,16.448500,1,186,186
36.469483,-1,0,6,0,0,16.666698,1.542700,2.360700,16.757799,1,186,186
36.486379,-1,0,6,0,0,16.666901,1.409900,1.873700,16.713699,1,186,186
36.502802,-1,0,6,0,0,16.666800,1.739900,2.404800,16.872400,1,186,186
36.519518,-1,0,6,0,0,16.666901,1.569400,2.432800,16.488501,1,186,186
36.536200,-1,0,6,0,0,16.666901,1.719500,2.458800,16.672800,1,186,186
36.552943,-1,0,6,0,0,16.666800,1.724900,2.543700,16.627701,1,186,186
36.569464,-1,0,6,0,0,16.666800,1.540700,2.562800,16.837601,1,186,186
36.586142,-1,0,6,0,0,16.666901,1.588600,2.160800,16.372700,1,186,186
36.602838,-1,0,6,0,0,16.666698,1.914000,2.624100,16.639999,1,186,186
36.619469,-1,0,6,0,0,16.666800,1.651300,2.336500,16.794701,1,186,186
36.636163,-1,0,6,0,0,16.666698,1.452400,2.483400,16.729099,1,186,186
36.652822,-1,0,6,0,0,16.666803,2.072400,2.821200,17.045500,1,186,186
36.669601,-1,0,6,0,0,16.666897,1.496500,2.448000,16.580601,1,186,186
36.686235,-1,0,6,0,0,16.666803,1.568500,2.175200,16.380899,1,186,186
36.702806,-1,0,6,0,0,16.666698,1.621400,2.450000,16.728100,1,186,186
36.719511,-1,0,6,0,0,16.666698,1.483900,2.387200,16.454599,1,186,186
36.736219,-1,0,6,0,0,16.666901,1.772200,2.400800,16.787500,1,186,186
36.752874,-1,0,6,0,0,16.666901,1.598400,2.117400,17.175501,1,186,186
36.769537,-1,0,6,0,0,16.666800,1.695100,2.414700,16.173100,1,186,186
36.786141,-1,0,6,0,0,16.666901,1.570200,2.223900,16.589800,1,186,186
36.802801,-1,0,6,0,0,16.666901,1.416900,2.525100,16.643101,1,186,186
36.819573,-1,0,6,0,0,16.666800,1.513100,2.143800,16.564199,1,186,186
36.836143,-1,0,6,0,0,16.666901,1.497600,2.812000,16.800800,1,186,186
36.852803,-1,0,6,0,0,16.666897,1.637800,2.412600,16.546801,1,186,186
36.869567,-1,0,6,0,0,16.667002,1.414000,2.343000,16.829399,1,186,186
36.886199,-1,0,6,0,0,16.666901,1.719300,1.857800,16.806900,1,186,186
36.902812,-1,0,6,0,0,16.666901,1.539800,2.386900,16.491600,1,186,186
36.919515,-1,0,6,0,0,16.666698,1.522400,2.179300,16.565201,1,186,186
36.936130,-1,0,6,0,0,16.666698,1.735800,2.068600,16.789499,1,186,186
36.952874,-1,0,6,0,0,16.666901,1.610500,1.981000,16.532499,1,186,186
36.969497,-1,0,6,0,0,16.666901,1.565800,2.400800,16.781300,1,186,186
36.986238,-1,0,6,0,0,16.666901,1.726700,1.949000,16.768000,1,186,186
37.002800,-1,0,6,0,0,16.666698,1.730400,2.061000,16.599100,1,186,186
37.019575,-1,0,6,0,0,16.666800,1.439000,1.786200,17.050600,1,186,186
37.036139,-1,0,6,0,0,16.666901,1.466100,2.564700,16.290800,1,186,186
37.052807,-1,0,6,0,0,16.666702,1.704700,2.364600,16.299000,1,186,186
37.069529,-1,0,6,0,0,16.666698,1.362700,2.890900,17.280001,1,186,186
37.086202,-1,0,6,0,0,16.666901,1.509900,2.029500,16.811001,1,186,186
37.103089,-1,0,6,0,0,16.713198,1.596800,2.789400,16.288799,1,186,186
37.119626,-1,0,6,0,0,16.674702,1.781600,1.976800,16.719900,1,186,186
37.136273,-1,0,6,0,0,16.666800,1.497800,2.100700,16.446400,1,186,186
37.152957,-1,0,6,0,0,16.667097,2.917700,2.527000,17.555500,1,186,186
37.169558,-1,0,6,0,0,16.666901,1.594900,3.712700,16.024599,1,186,186
37.186356,-1,0,6,0,0,16.666800,1.843400,2.117600,16.486401,1,186,186
37.203012,-1,0,6,0,0,16.666800,2.213100,2.147200,17.467400,1,186,186
37.219583,-1,0,6,0,0,16.666803,1.662100,2.289000,16.082899,1,186,186
37.236237,-1,0,6,0,0,16.666897,1.546200,2.643100,16.577600,1,186,186
37.252956,-1,0,6,0,0,16.666800,1.587500,2.233500,16.609200,1,186,186
37.269638,-1,0,6,0,0,16.666901,1.918100,2.431500,16.800699,1,186,186
37.286262,-1,0,6,0,0,16.666800,1.689400,2.121700,17.101801,1,186,186
37.302874,-1,0,6,0,0,16.666901,1.507300,2.496800,16.111700,1,186,186
37.319935,-1,0,6,0,0,16.666702,1.726200,2.360400,16.610300,1,186,186
37.336296,-1,0,6,0,0,16.666800,2.092800,1.960600,17.499100,1,186,186
37.352866,-1,0,6,0,0,16.666698,1.630200,2.706000,15.985700,1,186,186
37.369522,-1,0,6,0,0,16.666901,1.747000,3.298200,16.708599,1,186,186
37.386306,-1,0,6,0,0,16.666901,1.614200,1.773400,16.275400,1,186,186
37.402929,-1,0,6,0,0,16.666800,1.630100,1.968100,17.226801,1,186,186
37.419595,-1,0,6,0,0,16.666800,1.562800,2.146300,17.130501,1,186,186
37.436194,-1,0,6,0,0,16.666800,1.691100,2.026800,16.194500,1,186,186
37.452964,-1,0,6,0,0,16.666800,1.652700,1.815800,16.277500,1,186,186
37.469585,-1,0,6,0,0,16.666800,1.763600,2.103700,16.760900,1,186,186
37.486229,-1,0,6,0,0,16.666698,1.471800,2.045000,17.416201,1,186,186
37.502859,-1,0,6,0,0,16.666698,1.757700,2.208700,15.910900,1,186,186
37.519714,-1,0,6,0,0,16.666800,1.434100,2.048500,16.451599,1,186,186
37.536305,-1,0,6,0,0,16.666901,1.870400,2.327400,16.989100,1,186,186
37.552925,-1,0,6,0,0,16.667002,1.780200,2.127100,16.631901,1,186,186
37.569531,-1,0,6,0,0,16.666901,1.664600,2.533500,16.617399,1,186,186
37.586273,-1,0,6,0,0,16.666800,1.648200,2.216700,16.610300,1,186,186
37.603060,-1,0,6,0,0,16.666698,1.799400,2.956700,16.614401,1,186,186
37.619606,-1,0,6,0,0,16.666901,1.927600,2.221000,17.481800,1,186,186
37.636200,-1,0,6,0,0,16.666800,1.897900,1.995700,15.986600,1,186,186
37.653108,-1,0,6,0,0,16.666800,1.374700,1.845900,16.353300,1,186,186
37.669672,-1,0,6,0,0,16.666901,2.307200,2.295200,17.833000,1,186,186
37.686262,-1,0,6,0,0,16.667002,1.575000,2.006100,16.282600,1,186,186
37.702860,-1,0,6,0,0,16.666698,1.813100,2.429000,16.221201,1,186,186
37.719623,-1,0,6,0,0,16.666698,1.452100,2.104900,16.256001,1,186,186
37.736230,-1,0,6,0,0,16.666901,1.778300,2.151800,17.124300,1,186,186
37.752913,-1,0,6,0,0,16.666800,1.778100,1.957500,16.558100,1,186,186
37.769622,-1,0,6,0,0,16.666800,1.851400,2.400100,16.743500,1,186,186
37.786327,-1,0,6,0,0,16.677801,1.910300,2.084700,16.459801,1,186,186
37.802945,-1,0,6,0,0,16.666698,1.484000,2.249300,16.943100,1,186,186
37.819602,-1,0,6,0,0,16.666901,1.810200,2.077700,17.234900,1,186,186
37.836218,-1,0,6,0,0,16.666901,1.946200,2.450600,15.918100,1,186,186
37.853039,-1,0,6,0,0,16.666698,1.490700,2.041000,16.563200,1,186,186
37.869650,-1,0,6,0,0,16.666800,1.853300,1.930200,16.957399,1,186,186
37.886301,-1,0,6,0,0,16.678102,2.592800,2.815900,16.655399,1,186,186
37.902910,-1,0,6,0,0,16.666901,1.799300,2.258200,16.414700,1,186,186
37.919650,-1,0,6,0,0,16.666800,1.743200,1.811400,16.658400,1,186,186
37.936211,-1,0,6,0,0,16.666800,1.470100,2.095300,16.854000,1,186,186
37.952877,-1,0,6,0,0,16.666800,1.728100,2.126100,16.510000,1,186,186
37.969558,-1,0,6,0,0,16.666800,1.818000,2.562900,16.734200,1,186,186
37.986326,-1,0,6,0,0,16.666800,1.651100,2.118000,16.825399,1,186,186
38.002898,-1,0,6,0,0,16.666901,1.641300,2.364700,16.622499,1,186,186
38.019690,-1,0,6,0,0,16.667002,1.586100,1.936900,16.516100,1,186,186
38.036209,-1,0,6,0,0,16.666698,1.675900,2.799200,16.748600,1,186,186
38.053011,-1,0,6,0,0,16.666800,1.636300,2.065800,16.820200,1,186,186
38.069575,-1,0,6,0,0,16.666698,1.806800,2.018300,16.655399,1,186,186
38.086278,-1,0,6,0,0,16.666901,1.723100,2.167600,16.441299,1,186,186
38.102886,-1,0,6,0,0,16.666698,1.926300,2.157600,16.729099,1,186,186
38.119807,-1,0,6,0,0,16.667002,1.664300,2.050900,16.472099,1,186,186
38.136357,-1,0,6,0,0,16.692701,1.867700,3.337200,17.381300,1,186,186
38.153032,-1,0,6,0,0,16.666897,2.062400,2.188700,16.552999,1,186,186
38.169710,-1,0,6,0,0,16.666803,1.555400,2.497400,16.317400,1,186,186
38.186271,-1,0,6,0,0,16.666998,2.192000,2.250000,17.122299,1,186,186
38.202993,-1,0,6,0,0,16.666901,1.516300,2.345400,15.960100,1,186,186
38.219650,-1,0,6,0,0,16.666901,2.170200,3.216600,17.422300,1,186,186
38.236318,-1,0,6,0,0,16.666698,2.062400,2.572900,16.323601,1,186,186
38.253042,-1,0,6,0,0,16.666901,1.775900,2.065900,16.452600,1,186,186
38.269642,-1,0,6,0,0,16.666800,1.786400,2.950300,17.002501,1,186,186
38.286323,-1,0,6,0,0,16.666901,2.034500,2.316700,16.224300,1,186,186
38.302936,-1,0,6,0,0,16.666901,1.522300,2.233100,16.775200,1,186,186
38.319658,-1,0,6,0,0,16.666901,1.663600,2.524800,16.700399,1,186,186
38.336308,-1,0,6,0,0,16.666901,2.194400,2.969200,16.790501,1,186,186
38.352971,-1,0,6,0,0,16.667097,2.093000,2.683000,16.455700,1,186,186
38.369680,-1,0,6,0,0,16.666803,1.624900,2.427200,16.842800,1,186,186
38.386489,-1,0,6,0,0,16.666698,1.576300,2.051900,16.552900,1,186,186
38.402949,-1,0,6,0,0,16.666698,1.718100,2.238200,16.880699,1,186,186
38.419585,-1,0,6,0,0,16.666901,1.596100,2.474900,16.330700,1,186,186
38.436251,-1,0,6,0,0,16.666698,1.465000,2.301600,16.571400,1,186,186
38.453071,-1,0,6,0,0,16.667101,1.820100,2.089700,16.758801,1,186,186
38.469579,-1,0,6,0,0,16.666698,1.739800,2.092600,17.199100,1,186,186
38.486302,-1,0,6,0,0,16.666901,2.071200,2.065700,16.110600,1,186,186
38.502930,-1,0,6,0,0,16.666901,1.751900,2.789100,16.789499,1,186,186
38.519784,-1,0,6,0,0,16.666698,1.717100,2.035200,16.581600,1,186,186
38.536264,-1,0,6,0,0,16.666901,1.643500,2.342400,17.143801,1,186,186
38.552981,-1,0,6,0,0,16.666698,1.705500,2.452100,16.155701,1,186,186
38.569636,-1,0,6,0,0,16.666901,1.396800,2.798000,16.641001,1,186,186
38.586622,-1,0,6,0,0,16.666800,1.829400,1.982500,17.275900,1,186,186
38.602947,-1,0,6,0,0,16.666901,2.406700,2.411700,16.664600,1,186,186
38.619628,-1,0,6,0,0,16.667002,1.535500,2.449000,15.834100,1,186,186
38.636291,-1,0,6,0,0,16.666901,1.429000,2.329900,17.095699,1,186,186
38.652959,-1,0,6,0,0,16.666897,1.745000,2.004000,16.486401,1,186,186
38.669586,-1,0,6,0,0,16.666901,1.771800,2.031100,16.741400,1,186,186
38.686329,-1,0,6,0,0,16.666901,1.369400,2.149100,16.559099,1,186,186
38.702916,-1,0,6,0,0,16.666901,2.012700,2.586700,17.296400,1,186,186
38.719680,-1,0,6,0,0,16.666698,1.487200,2.169700,15.878100,1,186,186
38.736264,-1,0,6,0,0,16.666901,1.701400,3.137400,17.138700,1,186,186
38.752963,-1,0,6,0,0,16.666901,1.778400,1.901400,16.367599,1,186,186
38.769619,-1,0,6,0,0,16.666800,1.414500,2.604000,16.851999,1,186,186
38.786462,-1,0,6,0,0,16.666800,1.922100,2.282000,16.547800,1,186,186
38.802925,-1,0,6,0,0,16.666901,1.920200,2.235700,16.903200,1,186,186
38.819750,-1,0,6,0,0,16.666800,1.731500,2.956400,16.190500,1,186,186
38.836328,-1,0,6,0,0,16.666901,1.685200,2.136900,17.066000,1,186,186
38.853005,-1,0,6,0,0,16.666698,1.585000,1.794700,16.559099,1,186,186
38.869590,-1,0,6,0,0,16.666901,1.609300,2.500000,16.923599,1,186,186
38.886447,-1,0,6,0,0,16.740900,1.882300,2.100200,16.288799,1,186,186
38.903097,-1,0,6,0,0,16.666800,1.773700,2.006400,16.906200,1,186,186
38.919920,-1,0,6,0,0,16.666702,1.527400,2.054300,16.707600,1,186,186
38.936340,-1,0,6,0,0,16.666698,1.887600,2.806600,16.863199,1,186,186
38.953008,-1,0,6,0,0,16.666800,1.703800,2.084600,16.333900,1,186,186
38.969741,-1,0,6,0,0,16.667002,1.675200,2.520800,16.798700,1,186,186
38.986332,-1,0,6,0,0,16.666901,2.005700,2.495400,17.284100,1,186,186
39.003051,-1,0,6,0,0,16.666698,1.774200,2.145900,15.790000,1,186,186
39.019703,-1,0,6,0,0,16.666800,1.742700,2.015000,16.762899,1,186,186
39.036376,-1,0,6,0,0,16.666901,1.538300,1.993200,16.823299,1,186,186
39.053077,-1,0,6,0,0,16.666800,1.780400,1.830700,16.474100,1,186,186
39.069663,-1,0,6,0,0,16.666800,1.455500,2.694500,16.929800,1,186,186
39.086464,-1,0,6,0,0,16.666800,1.544100,2.076700,16.523300,1,186,186
39.103035,-1,0,6,0,0,16.666800,1.761200,2.305900,16.811001,1,186,186
39.119725,-1,0,6,0,0,16.666800,1.762800,2.099400,16.511000,1,186,186
39.136376,-1,0,6,0,0,16.666800,1.822900,2.244700,16.880600,1,186,186
39.153135,-1,0,6,0,0,16.666698,1.916500,1.921100,16.400400,1,186,186
39.169708,-1,0,6,0,0,16.666702,1.618700,2.107200,16.744400,1,186,186
39.186352,-1,0,6,0,0,16.666897,1.779600,1.965900,16.824400,1,186,186
39.203009,-1,0,6,0,0,16.666702,2.335800,3.003500,17.046499,1,186,186
39.219718,-1,0,6,0,0,16.666698,2.031000,2.408000,16.580601,1,186,186
39.236349,-1,0,6,0,0,16.667002,2.410900,2.218100,16.341000,1,186,186
39.253043,-1,0,6,0,0,16.666698,1.803300,1.987200,16.462799,1,186,186
39.269719,-1,0,6,0,0,16.666698,1.410600,3.241600,16.843800,1,186,186
39.286383,-1,0,6,0,0,16.666800,1.891200,2.180900,16.453699,1,186,186
39.303053,-1,0,6,0,0,16.666800,1.745200,2.468900,16.662500,1,186,186
39.319739,-1,0,6,0,0,16.667002,1.792600,2.154000,17.396700,1,186,186
39.336376,-1,0,6,0,0,16.666901,2.029200,2.642900,16.094200,1,186,186
39.353144,-1,0,6,0,0,16.666901,1.749500,1.897000,16.540600,1,186,186
39.369740,-1,0,6,0,0,16.666698,1.641900,1.928500,16.860201,1,186,186
39.386396,-1,0,6,0,0,16.666901,1.759400,2.247400,16.990200,1,186,186
39.402995,-1,0,6,0,0,16.666800,1.788000,3.123300,16.362499,1,186,186
39.419681,-1,0,6,0,0,16.666901,1.731600,2.066100,16.272400,1,186,186
39.436441,-1,0,6,0,0,16.666800,1.355200,2.402100,16.899099,1,186,186
39.453083,-1,0,6,0,0,16.666901,1.901300,2.335100,16.711599,1,186,186
39.469673,-1,0,6,0,0,16.666901,1.539400,2.445200,17.007700,1,186,186
39.486429,-1,0,6,0,0,16.666698,1.388800,1.943800,16.145399,1,186,186
39.503082,-1,0,6,0,0,16.666698,1.470600,2.053700,16.969700,1,186,186
39.519742,-1,0,6,0,0,16.669199,1.616400,2.364800,16.539600,1,186,186
39.536344,-1,0,6,0,0,16.666901,1.541400,2.898500,16.694300,1,186,186
39.553175,-1,0,6,0,0,16.666800,2.580700,2.252100,17.035299,1,186,186
39.569780,-1,0,6,0,0,16.666800,1.751900,2.311700,16.573400,1,186,186
39.586412,-1,0,6,0,0,16.666702,1.825700,2.069100,16.366600,1,186,186
39.603008,-1,0,6,0,0,16.666998,1.528300,2.518700,16.632799,1,186,186
39.619800,-1,0,6,0,0,16.666901,1.776000,2.144800,16.589899,1,186,186
39.636359,-1,0,6,0,0,16.666698,2.000100,2.241400,16.914400,1,186,186
39.653097,-1,0,6,0,0,16.666800,1.552400,1.929300,17.101801,1,186,186
39.669699,-1,0,6,0,0,16.666901,1.625900,2.693500,16.225300,1,186,186
39.686363,-1,0,6,0,0,16.666702,1.903700,1.858400,16.280600,1,186,186
39.703082,-1,0,6,0,0,16.666698,2.393700,2.056100,17.461300,1,186,186
39.719736,-1,0,6,0,0,16.666698,1.837800,2.250100,16.559099,1,186,186
39.736344,-1,0,6,0,0,16.666698,1.473200,2.470500,16.194500,1,186,186
39.753023,-1,0,6,0,0,16.666800,1.775100,1.798700,16.422899,1,186,186
39.769946,-1,0,6,0,0,16.666800,1.616000,2.228300,16.967699,1,186,186
39.786503,-1,0,6,0,0,16.666800,1.786700,2.228900,16.937000,1,186,186
39.803073,-1,0,6,0,0,16.667002,2.127100,2.826600,16.590799,1,186,186
39.819811,-1,0,6,0,0,16.666698,1.762800,2.294800,16.335899,1,186,186
39.836479,-1,0,6,0,0,16.666901,1.700000,2.275500,16.896000,1,186,186
39.853013,-1,0,6,0,0,16.666702,1.937900,2.518300,16.633900,1,186,186
39.869749,-1,0,6,0,0,16.666897,1.758800,2.442600,16.543699,1,186,186
39.886390,-1,0,6,0,0,16.666901,1.590500,2.094200,16.826401,1,186,186
39.903017,-1,0,6,0,0,16.670902,1.875900,2.626100,16.865299,1,186,186
39.919698,-1,0,6,0,0,16.666800,1.855100,2.430200,16.370600,1,186,186
39.936353,-1,0,6,0,0,16.666901,1.525500,2.294400,16.558100,1,186,186
39.953197,-1,0,6,0,0,16.666800,1.436500,1.929800,16.625700,1,186,186
39.969704,-1,0,6,0,0,16.667002,1.797200,2.383400,17.050600,1,186,186
39.986374,-1,0,6,0,0,16.666800,1.746600,2.882100,16.430099,1,186,186
40.003085,-1,0,6,0,0,16.666698,1.855100,2.417200,16.629801,1,186,186
40.019844,-1,0,6,0,0,16.666698,1.543900,2.148800,17.037300,1,186,186
40.036372,-1,0,6,0,0,16.666901,3.435400,2.699500,18.135000,1,186,186
40.053084,-1,0,6,0,0,16.666800,1.880000,2.947700,15.552500,1,186,186
40.069694,-1,0,6,0,0,16.666901,1.969100,2.507700,15.962100,1,186,186
40.086438,-1,0,6,0,0,16.666901,1.511500,1.915800,16.296000,1,186,186
40.103129,-1,0,6,0,0,16.666800,1.446000,2.324300,17.029100,1,186,186
40.119743,-1,0,6,0,0,16.666698,1.659500,2.640700,16.725000,1,186,186
40.136338,-1,0,6,0,0,16.666800,1.484000,2.403400,16.493500,1,186,186
40.153050,-1,0,6,0,0,16.666800,1.634700,1.827300,16.336901,1,186,186
40.169701,-1,0,6,0,0,16.666800,1.744700,2.145800,17.307699,1,186,186
40.186411,-1,0,6,0,0,16.666702,1.565600,2.559400,16.447500,1,186,186
40.203016,-1,0,6,0,0,16.666901,2.400100,2.303600,17.235901,1,186,186
40.219753,-1,0,6,0,0,16.666897,2.260000,2.085600,16.436300,1,186,186
40.236345,-1,0,6,0,0,16.666702,1.852300,2.399200,16.862200,1,186,186
40.253062,-1,0,6,0,0,16.666698,1.543600,2.487900,15.955900,1,186,186
40.269774,-1,0,6,0,0,16.667002,1.660800,2.856700,16.811100,1,186,186
40.286386,-1,0,6,0,0,16.666800,1.687300,2.552100,16.650200,1,186,186
40.303042,-1,0,6,0,0,16.666998,1.950300,2.193700,17.011700,1,186,186
40.319754,-1,0,6,0,0,16.666901,1.603400,2.351900,16.276501,1,186,186
40.336352,-1,0,6,0,0,16.666901,1.578700,2.212000,16.608200,1,186,186
40.353139,-1,0,6,0,0,16.666800,1.385900,1.829800,16.628799,1,186,186
40.369702,-1,0,6,0,0,16.666800,1.508200,2.358800,17.001499,1,186,186
40.386405,-1,0,6,0,0,16.666800,1.848600,2.192200,16.444401,1,186,186
40.403011,-1,0,6,0,0,16.666800,1.685500,2.140100,16.699400,1,186,186
40.419811,-1,0,6,0,0,16.666901,1.719500,2.055300,16.561199,1,186,186
40.436353,-1,0,6,0,0,16.666800,1.808900,2.169500,17.155001,1,186,186
40.453064,-1,0,6,0,0,16.666901,1.750100,2.565700,16.174101,1,186,186
40.469679,-1,0,6,0,0,16.666800,1.768700,2.463500,16.728100,1,186,186
40.486456,-1,0,6,0,0,16.666702,1.785000,2.042700,16.639999,1,186,186
40.503008,-1,0,6,0,0,16.666800,1.794600,2.404600,16.794600,1,186,186
40.519843,-1,0,6,0,0,16.752998,1.705600,2.580300,16.493601,1,186,186
40.536428,-1,0,6,0,0,16.666800,2.160100,2.287100,17.015800,1,186,186
40.553140,-1,0,6,0,0,16.667002,1.444200,1.985800,16.409599,1,186,186
40.569775,-1,0,6,0,0,16.666901,1.605400,2.130000,17.075199,1,186,186
40.586484,-1,0,6,0,0,16.666698,1.749800,2.237400,16.262100,1,186,186
40.603122,-1,0,6,0,0,16.666998,1.734800,1.933800,16.758801,1,186,186
40.619906,-1,0,6,0,0,16.666901,1.407100,2.321600,16.557100,1,186,186
40.636460,-1,0,6,0,0,16.666901,1.534100,2.447800,17.362900,1,186,186
40.653295,-1,0,6,0,0,16.666702,1.490900,1.958200,15.979500,1,186,186
40.669986,-1,0,6,0,0,16.666800,1.853300,2.428300,16.891899,1,186,186
40.686482,-1,0,6,0,0,16.666800,2.023000,2.296100,17.046600,1,186,186
40.703137,-1,0,6,0,0,16.666998,2.252300,2.457100,16.924601,1,186,186
40.719888,-1,0,6,0,0,16.666901,1.840500,2.016600,15.726600,1,186,186
40.736502,-1,0,6,0,0,16.666800,1.557600,2.099800,17.033199,1,186,186
40.753311,-1,0,6,0,0,16.666800,1.824000,2.035200,16.606199,1,186,186
40.769969,-1,0,6,0,0,16.666901,1.976500,3.333600,16.873400,1,186,186
40.786601,-1,0,6,0,0,16.666800,2.048200,2.661200,16.455700,1,186,186
40.803134,-1,0,6,0,0,16.666901,1.800700,2.208700,16.749599,1,186,186
40.820038,-1,0,6,0,0,16.666800,1.658900,2.318900,16.429001,1,186,186
40.836475,-1,0,6,0,0,16.666901,1.845600,3.245500,17.092699,1,186,186
40.853418,-1,0,6,0,0,16.666800,1.663300,2.229200,16.997299,1,186,186
40.869878,-1,0,6,0,0,16.666901,1.848700,2.326600,16.307199,1,186,186
40.886618,-1,0,6,0,0,16.666698,1.681900,2.298800,16.321501,1,186,186
40.903128,-1,0,6,0,0,16.666901,1.840100,2.778500,16.853001,1,186,186
40.919883,-1,0,6,0,0,16.667002,1.713000,3.001800,16.352200,1,186,186
40.936453,-1,0,6,0,0,16.667002,1.580900,2.328100,16.950300,1,186,186
40.953140,-1,0,6,0,0,16.666901,1.638600,2.327500,16.459801,1,186,186
40.969794,-1,0,6,0,0,16.666800,1.825700,2.596400,16.776199,1,186,186
40.986501,-1,0,6,0,0,16.666800,1.873400,2.673300,16.476101,1,186,186
41.003343,-1,0,6,0,0,16.666800,1.643100,2.361300,17.115200,1,186,186
41.019957,-1,0,6,0,0,16.666698,1.864400,2.460200,16.739300,1,186,186
41.036454,-1,0,6,0,0,16.666800,1.806700,2.322200,16.457701,1,186,186
41.053280,-1,0,6,0,0,16.666901,1.509100,2.016600,16.369699,1,186,186
41.069787,-1,0,6,0,0,16.666800,1.891600,2.094600,17.011700,1,186,186
41.086575,-1,0,6,0,0,16.666698,1.653800,2.215400,16.297001,1,186,186
41.103134,-1,0,6,0,0,16.666702,1.794800,3.040000,16.802799,1,186,186
41.119918,-1,0,6,0,0,16.666897,1.690100,2.264500,16.524300,1,186,186
41.136843,-1,0,6,0,0,16.666901,1.575500,2.285400,16.833500,1,186,186
41.153304,-1,0,6,0,0,16.666901,1.927500,1.999900,16.996401,1,186,186
41.170105,-1,0,6,0,0,16.666698,1.723400,2.644800,16.395201,1,186,186
41.186590,-1,0,6,0,0,16.666901,2.002800,2.218500,16.750601,1,186,186
41.203259,-1,0,6,0,0,16.666702,2.368100,2.316900,17.093599,1,186,186
41.219932,-1,0,6,0,0,16.666698,2.356000,2.402000,16.634899,1,186,186
41.236563,-1,0,6,0,0,16.673201,2.055500,2.728200,16.163900,1,186,186
41.253439,-1,0,6,0,0,16.666800,1.911500,2.316700,16.621500,1,186,186
41.269868,-1,0,6,0,0,16.667002,2.237300,2.223700,16.920601,1,186,186
41.286573,-1,0,6,0,0,16.666698,1.522400,1.921800,16.319500,1,186,186
41.303177,-1,0,6,0,0,16.666800,1.842100,2.376400,16.786400,1,186,186
41.319827,-1,0,6,0,0,16.666698,1.634900,2.285400,16.562201,1,186,186
41.336535,-1,0,6,0,0,16.666800,1.437400,2.022500,16.702499,1,186,186
41.353187,-1,0,6,0,0,16.666800,1.800900,2.082500,16.874500,1,186,186
41.369857,-1,0,6,0,0,16.666901,2.138900,2.382000,16.514000,1,186,186
41.386547,-1,0,6,0,0,16.666901,1.970800,1.907800,16.534500,1,186,186
41.403182,-1,0,6,0,0,16.666901,1.788700,2.593700,16.754700,1,186,186
41.420047,-1,0,6,0,0,16.666800,1.500400,2.472300,16.602100,1,186,186
41.436570,-1,0,6,0,0,16.666800,2.120700,2.647500,16.983000,1,186,186
41.453220,-1,0,6,0,0,16.674202,1.925200,1.989900,16.392200,1,186,186
41.469881,-1,0,6,0,0,16.666897,1.662800,2.516700,16.815100,1,186,186
41.486828,-1,0,6,0,0,16.666901,1.750400,2.340900,16.798700,1,186,186
41.503243,-1,0,6,0,0,16.666800,2.166600,2.324100,16.832500,1,186,186
41.520302,-1,0,6,0,0,16.666702,1.899500,1.952800,16.249901,1,186,186
41.536548,-1,0,6,0,0,16.666800,1.893400,1.930100,17.008600,1,186,186
41.553226,-1,0,6,0,0,16.666901,1.775800,2.027400,16.634899,1,186,186
41.569842,-1,0,6,0,0,16.666897,1.879400,2.657000,16.548901,1,186,186
41.586774,-1,0,6,0,0,16.666702,2.025000,1.834900,16.286699,1,186,186
41.603208,-1,0,6,0,0,16.666901,2.090600,2.030200,17.005600,1,186,186
41.620006,-1,0,6,0,0,16.666998,1.520500,2.382100,16.526300,1,186,186
41.636498,-1,0,6,0,0,16.666800,2.079100,2.308300,16.913401,1,186,186
41.653311,-1,0,6,0,0,16.666901,1.738300,1.889200,16.323601,1,186,186
41.670143,-1,0,6,0,0,16.666901,2.136200,2.028900,16.887800,1,186,186
41.686713,-1,0,6,0,0,16.666698,2.139500,1.821400,16.726000,1,186,186
41.703153,-1,0,6,0,0,16.666800,2.561900,2.670900,17.195999,1,186,186
41.719918,-1,0,6,0,0,16.666901,1.761600,2.213100,15.824900,1,186,186
41.736563,-1,0,6,0,0,16.666901,1.908300,2.290900,16.923700,1,186,186
41.753251,-1,0,6,0,0,16.667002,1.954500,2.234600,16.641001,1,186,186
41.769880,-1,0,6,0,0,16.666698,1.709500,3.434200,16.702499,1,186,186
41.786659,-1,0,6,0,0,16.666901,1.771000,1.833600,16.459801,1,186,186
41.803224,-1,0,6,0,0,16.666800,1.903500,2.064700,16.941999,1,186,186
41.819876,-1,0,6,0,0,16.666800,1.805000,2.144400,16.451599,1,186,186
41.836487,-1,0,6,0,0,16.666698,1.793200,2.934400,16.705601,1,186,186
41.853202,-1,0,6,0,0,16.666901,1.832000,1.770600,16.479200,1,186,186
41.870015,-1,0,6,0,0,16.666901,1.804400,2.231800,16.786400,1,186,186
41.886620,-1,0,6,0,0,16.666800,1.717200,2.157000,16.860201,1,186,186
41.903147,-1,0,6,0,0,16.666901,1.924800,2.261300,16.691200,1,186,186
41.919910,-1,0,6,0,0,16.666901,1.691800,1.959000,16.364500,1,186,186
41.936570,-1,0,6,0,0,16.666901,1.549000,2.073300,16.908300,1,186,186
41.953298,-1,0,6,0,0,16.666901,1.771400,1.999200,16.548901,1,186,186
41.970124,-1,0,6,0,0,16.666800,1.945600,2.766100,16.855000,1,186,186
41.986770,-1,0,6,0,0,16.666800,2.217200,2.224200,16.801800,1,186,186
42.003844,-1,0,6,0,0,16.666698,2.417300,2.262500,16.724001,1,186,186
42.020008,-1,0,6,0,0,16.666800,2.263600,2.210100,16.848900,1,186,186
42.036512,-1,0,6,0,0,16.666901,1.820800,2.544400,16.257999,1,186,186
42.053256,-1,0,6,0,0,16.666901,2.237200,1.936500,16.387100,1,186,186
42.070034,-1,0,6,0,0,16.666901,1.945300,2.543400,16.951300,1,186,186
42.086614,-1,0,6,0,0,16.666901,1.940700,2.033100,16.674801,1,186,186
42.103171,-1,0,6,0,0,16.666901,2.052300,2.114200,16.520201,1,186,186
42.119911,-1,0,6,0,0,16.666800,1.843400,1.928400,16.513000,1,186,186
42.136499,-1,0,6,0,0,16.666901,1.882700,2.340200,17.350700,1,186,186
42.153375,-1,0,6,0,0,16.666901,1.688300,2.115300,15.984600,1,186,186
42.169816,-1,0,6,0,0,16.666800,2.146300,2.511800,16.898100,1,186,186
42.186612,-1,0,6,0,0,16.666998,1.484500,2.001100,16.393200,1,186,186
42.203159,-1,0,6,0,0,16.667002,1.670100,2.025000,16.888800,1,186,186
42.219848,-1,0,6,0,0,16.666901,2.198000,2.888300,18.591801,1,186,186
42.236541,-1,0,6,0,0,16.666800,2.822600,2.707900,15.470600,1,186,186
42.253269,-1,0,6,0,0,16.666901,1.806600,2.843800,15.887300,1,186,186
42.269909,-1,0,6,0,0,16.666800,2.087900,2.369500,17.438700,1,186,186
42.286543,-1,0,6,0,0,16.666800,1.695600,2.201700,15.762500,1,186,186
42.303230,-1,0,6,0,0,16.666800,1.958800,2.063900,16.762899,1,186,186
42.319821,-1,0,6,0,0,16.666800,1.647700,2.673000,16.791500,1,186,186
42.336481,-1,0,6,0,0,16.666901,1.948500,3.675000,16.720900,1,186,186
42.353196,-1,0,6,0,0,16.667101,1.688800,2.113000,16.696301,1,186,186
42.370195,-1,0,6,0,0,16.666800,1.588300,2.349800,16.343100,1,186,186
42.386472,-1,0,6,0,0,16.666800,2.139000,1.954500,17.062901,1,186,186
42.403165,-1,0,6,0,0,16.667002,1.604600,2.178600,16.284700,1,186,186
42.419921,-1,0,6,0,0,16.666800,1.805600,2.191000,16.756701,1,186,186
42.436460,-1,0,6,0,0,16.666901,1.884300,3.045700,16.702499,1,186,186
42.453168,-1,0,6,0,0,16.666800,1.554100,2.201200,16.420799,1,186,186
42.469824,-1,0,6,0,0,16.666901,1.776600,2.979100,17.038401,1,186,186
42.486529,-1,0,6,0,0,16.666897,1.787300,1.841500,17.603600,1,186,186
42.503155,-1,0,6,0,0,16.666901,1.496400,2.179000,15.515600,1,186,186
42.519877,-1,0,6,0,0,16.666901,1.445900,2.267000,16.906200,1,186,186
42.536482,-1,0,6,0,0,16.666901,1.607200,2.512000,16.878599,1,186,186
42.553184,-1,0,6,0,0,16.666901,1.562200,2.218800,16.072701,1,186,186
42.569796,-1,0,6,0,0,16.667002,1.721400,2.412200,16.827400,1,186,186
42.586472,-1,0,6,0,0,16.666800,1.544000,1.854600,16.532499,1,186,186
42.603184,-1,0,6,0,0,16.666800,1.793700,2.883600,16.969700,1,186,186
42.619868,-1,0,6,0,0,16.666901,1.632000,1.969500,17.085501,1,186,186
42.636509,-1,0,6,0,0,16.666800,1.607500,2.250700,16.132099,1,186,186
42.653166,-1,0,6,0,0,16.666901,1.708400,2.063500,16.630800,1,186,186
42.669835,-1,0,6,0,0,16.666901,1.641400,3.554100,16.537600,1,186,186
42.686536,-1,0,6,0,0,16.666698,1.795100,2.396900,16.992201,1,186,186
42.703176,-1,0,6,0,0,16.666698,1.864600,2.882600,16.724001,1,186,186
42.719819,-1,0,6,0,0,16.666901,2.133300,2.123100,16.813000,1,186,186
42.736485,-1,0,6,0,0,16.666901,1.555700,3.348300,16.322599,1,186,186
42.753202,-1,0,6,0,0,16.666698,1.941000,2.198400,16.891899,1,186,186
42.769996,-1,0,6,0,0,16.666800,1.453700,2.487500,16.347099,1,186,186
42.786476,-1,0,6,0,0,16.666901,1.762500,2.241700,16.758801,1,186,186
42.803151,-1,0,6,0,0,16.666901,1.539400,2.847000,16.412701,1,186,186
42.819880,-1,0,6,0,0,16.666800,1.570100,1.971700,17.009701,1,186,186
42.836470,-1,0,6,0,0,16.666800,1.459800,2.168000,16.585699,1,186,186
42.853198,-1,0,6,0,0,16.666901,1.730400,1.970900,16.644100,1,186,186
42.869803,-1,0,6,0,0,16.666901,1.658600,2.979200,16.562201,1,186,186
42.886510,-1,0,6,0,0,16.666698,1.862100,1.851700,17.390600,1,186,186
42.903175,-1,0,6,0,0,16.666698,1.710100,1.930500,16.012199,1,186,186
42.919812,-1,0,6,0,0,16.666800,1.834700,2.306100,16.628799,1,186,186
42.936489,-1,0,6,0,0,16.667002,1.702200,2.371500,16.799700,1,186,186
42.953199,-1,0,6,0,0,16.666800,1.476800,1.880300,16.677900,1,186,186
42.969813,-1,0,6,0,0,16.666698,1.434800,2.055600,16.490499,1,186,186
42.986537,-1,0,6,0,0,16.666901,1.568700,2.101900,16.963600,1,186,186
43.003180,-1,0,6,0,0,16.667002,1.679300,2.864700,16.390100,1,186,186
43.019867,-1,0,6,0,0,16.666901,1.828400,1.963300,17.002501,1,186,186
43.036563,-1,0,6,0,0,16.666800,1.407300,2.417300,16.386101,1,186,186
43.053145,-1,0,6,0,0,16.666901,1.557800,1.988400,16.724899,1,186,186
43.069809,-1,0,6,0,0,16.666901,1.680200,3.041700,16.434200,1,186,186
43.086540,-1,0,6,0,0,16.666901,1.415900,1.845500,17.425400,1,186,186
43.103156,-1,0,6,0,0,16.666698,1.566900,2.029600,16.152599,1,186,186
43.119860,-1,0,6,0,0,16.666698,1.605200,1.974900,16.403500,1,186,186
43.136473,-1,0,6,0,0,16.666800,1.393400,2.545100,17.422300,1,186,186
43.153197,-1,0,6,0,0,16.667002,1.827700,2.262700,16.508900,1,186,186
43.169913,-1,0,6,0,0,16.666800,1.696400,2.080700,16.180201,1,186,186
43.186530,-1,0,6,0,0,16.666800,1.958600,2.124300,16.794701,1,186,186
43.203245,-1,0,6,0,0,16.666901,1.454900,2.172000,16.668600,1,186,186
43.219899,-1,0,6,0,0,16.666901,2.526900,2.223500,17.315901,1,186,186
43.236472,-1,0,6,0,0,16.666901,2.376100,2.534300,16.787399,1,186,186
43.253187,-1,0,6,0,0,16.666901,1.712600,2.037400,15.738900,1,186,186
43.269859,-1,0,6,0,0,16.666901,1.502100,3.031500,16.772100,1,186,186
43.286611,-1,0,6,0,0,16.666998,1.904200,2.056100,17.209400,1,186,186
43.303169,-1,0,6,0,0,16.666800,1.489200,1.968400,16.139200,1,186,186
43.320095,-1,0,6,0,0,16.666800,1.728500,2.417000,16.558100,1,186,186
43.336481,-1,0,6,0,0,16.666803,2.108700,2.294600,16.896999,1,186,186
43.353226,-1,0,6,0,0,16.666800,1.388400,1.928600,16.269300,1,186,186
43.369808,-1,0,6,0,0,16.666800,1.522400,2.242200,16.996401,1,186,186
43.386515,-1,0,6,0,0,16.666901,1.807000,1.983900,16.434200,1,186,186
43.403197,-1,0,6,0,0,16.666800,1.478100,2.544000,16.898001,1,186,186
43.419920,-1,0,6,0,0,16.666800,1.628900,1.982700,16.427000,1,186,186
43.436569,-1,0,6,0,0,16.666800,1.504200,2.022200,16.875500,1,186,186
43.453224,-1,0,6,0,0,16.666901,1.774300,1.971300,16.615499,1,186,186
43.469813,-1,0,6,0,0,16.666800,1.491300,1.926900,16.504801,1,186,186
43.486596,-1,0,6,0,0,16.666800,1.622700,2.213600,16.667700,1,186,186
43.503211,-1,0,6,0,0,16.666901,1.799500,2.473600,16.828400,1,186,186
43.519902,-1,0,6,0,0,16.666901,1.492200,2.512800,16.522200,1,186,186
43.536497,-1,0,6,0,0,16.666698,1.772900,2.336100,17.178699,1,186,186
43.553192,-1,0,6,0,0,16.666698,1.653900,2.396900,16.175100,1,186,186
43.570194,-1,0,6,0,0,16.830101,1.441700,2.507100,16.772100,1,186,186
43.586733,-1,0,6,0,0,16.666698,1.766800,2.870100,17.117100,1,186,186
43.603420,-1,0,6,0,0,16.667002,1.858200,2.557000,16.439301,1,186,186
43.620226,-1,0,6,0,0,16.666897,1.798800,2.457700,16.769100,1,186,186
43.636656,-1,0,6,0,0,16.666702,2.092200,2.375300,16.927700,1,186,186
43.653429,-1,0,6,0,0,16.666901,1.766100,2.137400,16.831499,1,186,186
43.670006,-1,0,6,0,0,16.666698,1.469000,2.960500,16.529400,1,186,186
43.686765,-1,0,6,0,0,16.666901,1.586400,1.959600,16.106501,1,186,186
43.703398,-1,0,6,0,0,16.666998,1.578300,2.245000,16.827400,1,186,186
43.719988,-1,0,6,0,0,16.666702,2.244200,2.491200,17.307600,1,186,186
43.736652,-1,0,6,0,0,16.666800,1.551200,2.231100,16.359501,1,186,186
43.753376,-1,0,6,0,0,16.666998,1.645900,2.036000,16.161699,1,186,186
43.770125,-1,0,6,0,0,16.666800,1.513600,2.589300,16.772100,1,186,186
43.786710,-1,0,6,0,0,16.666702,1.639800,2.297600,16.793600,1,186,186
43.803324,-1,0,6,0,0,16.666800,1.825600,2.099300,16.477200,1,186,186
43.820087,-1,0,6,0,0,16.666800,1.749400,2.261000,16.670700,1,186,186
43.836656,-1,0,6,0,0,16.666698,1.959400,2.584900,16.846901,1,186,186
43.853369,-1,0,6,0,0,16.666800,1.541900,1.906900,16.239599,1,186,186
43.870036,-1,0,6,0,0,16.667101,1.406000,2.557300,16.875500,1,186,186
43.886659,-1,0,6,0,0,16.666901,1.761100,1.850700,16.638000,1,186,186
43.903325,-1,0,6,0,0,16.666698,1.495100,1.993500,16.783300,1,186,186
43.920077,-1,0,6,0,0,16.666800,1.378700,2.779700,16.626699,1,186,186
43.936667,-1,0,6,0,0,16.666901,1.942500,2.277400,17.258499,1,186,186
43.953445,-1,0,6,0,0,16.666698,1.515300,1.975400,16.014400,1,186,186
43.970034,-1,0,6,0,0,16.666800,2.022300,2.469100,16.893900,1,186,186
43.986743,-1,0,6,0,0,16.666901,1.677900,2.118100,16.677900,1,186,186
44.003440,-1,0,6,0,0,16.666901,1.657200,2.351900,17.222700,1,186,186
44.020269,-1,0,6,0,0,16.666698,1.722700,2.146600,16.136200,1,186,186
44.036650,-1,0,6,0,0,16.666800,1.852000,2.274800,16.784401,1,186,186
44.053390,-1,0,6,0,0,16.666901,1.671100,2.004500,16.710600,1,186,186
44.069974,-1,0,6,0,0,16.666698,1.704000,2.356500,16.664600,1,186,186
44.086769,-1,0,6,0,0,16.666901,1.621400,2.158000,16.218100,1,186,186
44.103324,-1,0,6,0,0,16.666698,1.600200,2.256600,16.907301,1,186,186
44.120034,-1,0,6,0,0,16.666702,1.818000,2.596400,16.728001,1,186,186
44.136659,-1,0,6,0,0,16.666800,1.602900,2.205900,16.832500,1,186,186
44.153485,-1,0,6,0,0,16.666897,1.599900,1.904400,16.225201,1,186,186
44.170092,-1,0,6,0,0,16.777000,1.703800,2.283800,16.964701,1,186,186
44.186819,-1,0,6,0,0,16.666698,1.531400,1.841900,16.446400,1,186,186
44.203427,-1,0,6,0,0,16.666800,1.607900,2.134000,16.845800,1,186,186
44.220119,-1,0,6,0,0,16.666800,1.969500,2.025600,16.967699,1,186,186
44.236771,-1,0,6,0,0,16.666702,2.065600,2.158300,16.907301,1,186,186
44.253435,-1,0,6,0,0,16.666901,1.536400,2.462700,15.820800,1,186,186
44.270146,-1,0,6,0,0,16.666800,1.403600,2.940800,17.639400,1,186,186
44.286915,-1,0,6,0,0,16.666698,1.797300,2.134500,15.842300,1,186,186
44.303439,-1,0,6,0,0,16.666901,1.973000,2.593900,16.987200,1,186,186
44.320190,-1,0,6,0,0,16.666901,1.650900,2.380700,16.371700,1,186,186
44.336876,-1,0,6,0,0,16.666901,1.811600,2.149900,16.797701,1,186,186
44.353576,-1,0,6,0,0,16.666800,1.752600,2.290900,16.722900,1,186,186
44.370112,-1,0,6,0,0,16.666901,2.208500,2.660800,16.793600,1,186,186
44.386832,-1,0,6,0,0,16.666698,2.614000,2.296100,16.302099,1,186,186
44.403445,-1,0,6,0,0,16.666800,1.543400,2.352800,16.771099,1,186,186
44.420187,-1,0,6,0,0,16.666800,1.730300,2.199200,16.603100,1,186,186
44.436757,-1,0,6,0,0,16.667002,1.819000,2.516500,16.767000,1,186,186
44.453432,-1,0,6,0,0,16.666800,1.803300,2.105100,16.433100,1,186,186
44.470119,-1,0,6,0,0,16.666800,1.505000,2.220600,17.580099,1,186,186
44.487221,-1,0,6,0,0,16.666998,1.617100,1.895000,15.817700,1,186,186
44.503704,-1,0,6,0,0,16.666901,1.838600,2.157500,17.116199,1,186,186
44.520554,-1,0,6,0,0,16.666800,1.905900,2.251100,16.534500,1,186,186
44.536818,-1,0,6,0,0,16.666800,2.179400,1.925800,17.099800,1,186,186
44.553581,-1,0,6,0,0,16.666803,1.863200,1.842400,15.983600,1,186,186
44.570142,-1,0,6,0,0,16.666897,1.720900,2.362100,16.962500,1,186,186
44.586928,-1,0,6,0,0,16.667101,1.949000,2.212800,16.736300,1,186,186
44.603466,-1,0,6,0,0,16.667002,1.784900,1.965300,16.519199,1,186,186
44.620334,-1,0,6,0,0,16.666901,1.548700,1.895300,16.360399,1,186,186
44.636800,-1,0,6,0,0,16.666698,1.730400,2.177500,17.088499,1,186,186
44.653517,-1,0,6,0,0,16.666901,1.680000,2.106500,16.531500,1,186,186
44.670162,-1,0,6,0,0,16.666800,1.458100,2.487400,16.619499,1,186,186
44.686784,-1,0,6,0,0,16.666901,1.819700,1.949500,16.539700,1,186,186
44.703453,-1,0,6,0,0,16.666901,1.447800,2.732300,16.643000,1,186,186
44.720201,-1,0,6,0,0,16.666901,2.229900,2.870200,16.957500,1,186,186
44.736855,-1,0,6,0,0,16.666698,1.794400,2.263600,16.237499,1,186,186
44.753576,-1,0,6,0,0,16.666800,1.534400,1.972300,16.808001,1,186,186
44.770229,-1,0,6,0,0,16.666901,1.598800,2.791300,17.275900,1,186,186
44.786974,-1,0,6,0,0,16.666998,2.124600,1.876900,16.131001,1,186,186
44.803502,-1,0,6,0,0,16.666803,1.622700,2.138400,16.777300,1,186,186
44.820664,-1,0,6,0,0,16.666800,1.610600,2.738000,16.587700,1,186,186
44.836989,-1,0,6,0,0,16.666897,2.266500,2.401900,17.058901,1,186,186
44.853608,-1,0,6,0,0,16.666901,2.010200,2.378900,16.299999,1,186,186
44.870449,-1,0,6,0,0,16.666901,2.388400,2.620900,16.782301,1,186,186
44.886898,-1,0,6,0,0,16.666800,2.036100,1.877100,16.681000,1,186,186
44.903479,-1,0,6,0,0,16.666800,1.769000,2.982800,16.527300,1,186,186
44.920222,-1,0,6,0,0,16.666800,2.013000,2.235600,17.127501,1,186,186
44.936870,-1,0,6,0,0,16.666901,1.874300,2.138600,16.181200,1,186,186
44.953590,-1,0,6,0,0,16.666901,1.807100,1.870500,16.688101,1,186,186
44.970236,-1,0,6,0,0,16.666800,1.701900,2.505900,16.958500,1,186,186
44.986855,-1,0,6,0,0,16.666901,2.127700,2.027400,16.604200,1,186,186
45.003604,-1,0,6,0,0,16.666800,1.796600,2.143800,16.360399,1,186,186
45.020223,-1,0,6,0,0,16.666800,2.189400,1.994800,16.824301,1,186,186
45.036942,-1,0,6,0,0,16.666901,1.553500,2.278000,16.599001,1,186,186
45.053523,-1,0,6,0,0,16.666698,1.946800,2.111900,16.545799,1,186,186
45.070164,-1,0,6,0,0,16.667002,1.799000,2.102700,16.772100,1,186,186
45.086899,-1,0,6,0,0,16.666901,1.847400,1.925600,16.500700,1,186,186
45.103480,-1,0,6,0,0,16.666901,1.581900,2.598000,16.816200,1,186,186
45.120341,-1,0,6,0,0,16.666901,2.185400,2.503100,16.516100,1,186,186
45.136814,-1,0,6,0,0,16.666698,2.135400,2.199200,17.008600,1,186,186
45.153622,-1,0,6,0,0,16.667002,1.487100,1.921200,16.314400,1,186,186
45.170127,-1,0,6,0,0,16.666901,1.660400,2.798600,16.892900,1,186,186
45.186865,-1,0,6,0,0,16.666901,1.891200,2.016000,16.398300,1,186,186
45.203909,-1,0,6,0,0,16.666800,1.561700,2.233200,16.808001,1,186,186
45.220228,-1,0,6,0,0,16.666901,2.488500,2.204100,17.624001,1,186,186
45.236807,-1,0,6,0,0,16.666698,3.024100,2.812300,17.041401,1,186,186
45.253683,-1,0,6,0,0,16.666800,2.492000,2.115100,15.664200,1,186,186
45.270248,-1,0,6,0,0,16.666800,2.108700,2.302700,16.725000,1,186,186
45.286891,-1,0,6,0,0,16.666901,1.762500,1.981300,16.288700,1,186,186
45.303502,-1,0,6,0,0,16.666901,2.050300,2.788800,16.967699,1,186,186
45.320433,-1,0,6,0,0,16.666901,1.661800,2.900100,16.286699,1,186,186
45.337242,-1,0,6,0,0,16.666998,1.860200,2.313700,17.097799,1,186,186
45.353677,-1,0,6,0,0,16.666702,2.623700,2.299300,16.766899,1,186,186
45.370224,-1,0,6,0,0,16.666901,1.788500,3.011300,16.286800,1,186,186
45.386882,-1,0,6,0,0,16.666698,1.770000,2.210700,17.074100,1,186,186
45.403496,-1,0,6,0,0,16.666998,1.832500,2.215500,16.231501,1,186,186
45.420229,-1,0,6,0,0,16.666901,1.783200,1.941900,16.564199,1,186,186
45.436940,-1,0,6,0,0,16.667002,1.927400,2.212100,16.751600,1,186,186
45.453519,-1,0,6,0,0,16.666901,1.861600,1.930200,16.664600,1,186,186
45.470291,-1,0,6,0,0,16.667002,1.866000,2.045400,16.581600,1,186,186
45.486794,-1,0,6,0,0,16.666800,1.682800,2.234100,16.840700,1,186,186
45.503496,-1,0,6,0,0,16.666800,1.745600,2.983700,16.568300,1,186,186
45.520259,-1,0,6,0,0,16.666698,1.497700,2.169500,17.172501,1,186,186
45.536931,-1,0,6,0,0,16.666800,1.687300,2.180300,16.261200,1,186,186
45.553469,-1,0,6,0,0,16.666901,1.784900,2.038100,16.626600,1,186,186
45.570139,-1,0,6,0,0,16.667002,1.623100,2.438000,16.611401,1,186,186
45.586850,-1,0,6,0,0,16.666800,1.496300,2.294400,16.942101,1,186,186
45.603442,-1,0,6,0,0,16.666800,1.570500,2.379700,16.530399,1,186,186
45.620130,-1,0,6,0,0,16.666800,1.596400,1.867000,16.474100,1,186,186
45.636816,-1,0,6,0,0,16.666901,1.752300,2.793700,16.584700,1,186,186
45.653615,-1,0,6,0,0,16.666800,1.704000,2.052100,16.684000,1,186,186
45.670144,-1,0,6,0,0,16.666698,1.742900,2.155900,16.814100,1,186,186
45.686834,-1,0,6,0,0,16.666800,1.538800,2.549200,16.742399,1,186,186
45.703494,-1,0,6,0,0,16.666698,1.738900,2.781900,16.490499,1,186,186
45.720251,-1,0,6,0,0,16.666800,1.569300,2.446100,16.663601,1,186,186
45.736789,-1,0,6,0,0,16.666901,2.570500,2.313400,17.495001,1,186,186
45.753517,-1,0,6,0,0,16.666702,1.461400,2.250000,15.642600,1,186,186
45.770195,-1,0,6,0,0,16.666698,1.452300,2.698200,16.812099,1,186,186
45.786839,-1,0,6,0,0,16.666901,1.892600,2.018800,16.734200,1,186,186
45.803554,-1,0,6,0,0,16.666901,1.875100,2.033400,16.742399,1,186,186
45.820195,-1,0,6,0,0,16.666901,1.969500,2.353400,16.617399,1,186,186
45.836817,-1,0,6,0,0,16.666698,1.680400,2.907200,16.734200,1,186,186
45.853506,-1,0,6,0,0,16.666698,1.887300,2.159900,16.664600,1,186,186
45.870145,-1,0,6,0,0,16.666800,1.494800,2.230000,16.548901,1,186,186
45.886867,-1,0,6,0,0,16.666800,1.690000,2.220800,16.734200,1,186,186
45.903470,-1,0,6,0,0,16.666901,1.952300,2.234700,16.751600,1,186,186
45.920247,-1,0,6,0,0,16.666698,1.742900,2.118700,16.434200,1,186,186
45.936785,-1,0,6,0,0,16.666698,1.928700,2.153700,17.007601,1,186,186
45.953533,-1,0,6,0,0,16.666800,1.515000,1.960200,16.435200,1,186,186
45.970203,-1,0,6,0,0,16.666702,1.686900,2.731700,17.037300,1,186,186
45.986862,-1,0,6,0,0,16.666901,1.773000,2.062400,16.312300,1,186,186
46.003490,-1,0,6,0,0,16.666897,1.530000,2.079400,16.710699,1,186,186
46.020232,-1,0,6,0,0,16.666803,1.860100,2.898000,16.729099,1,186,186
46.036797,-1,0,6,0,0,16.666698,1.793700,2.009200,16.804800,1,186,186
46.053656,-1,0,6,0,0,16.666800,1.773700,2.064200,16.288700,1,186,186
46.070114,-1,0,6,0,0,16.666901,1.955000,2.626900,16.983101,1,186,186
46.086849,-1,0,6,0,0,16.666698,1.645000,2.637600,16.318399,1,186,186
46.103466,-1,0,6,0,0,16.667002,2.282000,2.105300,17.241100,1,186,186
46.120306,-1,0,6,0,0,16.666800,1.756400,1.890000,16.092199,1,186,186
46.136780,-1,0,6,0,0,16.666800,1.644000,2.399500,17.121300,1,186,186
46.153477,-1,0,6,0,0,16.666800,1.564100,2.127600,16.196600,1,186,186
46.170156,-1,0,6,0,0,16.666800,1.357100,2.707500,16.805901,1,186,186
46.186831,-1,0,6,0,0,16.666901,1.933100,1.916400,16.595900,1,186,186
46.203451,-1,0,6,0,0,16.666698,1.486800,2.262600,16.842800,1,186,186
46.220195,-1,0,6,0,0,16.666698,1.733300,2.753100,16.247801,1,186,186
46.236793,-1,0,6,0,0,16.666901,1.714800,2.154600,17.500099,1,186,186
46.253505,-1,0,6,0,0,16.666800,2.728800,2.935100,17.286200,1,186,186
46.270204,-1,0,6,0,0,16.666800,2.268900,2.096300,16.000000,1,186,186
46.286844,-1,0,6,0,0,16.666901,1.695100,2.026500,16.210899,1,186,186
46.303483,-1,0,6,0,0,16.666901,1.474500,2.145400,17.123400,1,186,186
46.320230,-1,0,6,0,0,16.666698,1.858600,2.354300,16.154600,1,186,186
46.336871,-1,0,6,0,0,16.666698,1.924500,3.323800,16.768999,1,186,186
46.353554,-1,0,6,0,0,16.667002,1.774100,2.656500,16.557100,1,186,186
46.370149,-1,0,6,0,0,16.666698,1.797500,2.476700,17.533899,1,186,186
46.386837,-1,0,6,0,0,16.666800,1.570000,2.716900,15.781900,1,186,186
46.403496,-1,0,6,0,0,16.666803,1.500000,2.740100,16.841700,1,186,186
46.420194,-1,0,6,0,0,16.666897,1.550200,2.800200,16.465900,1,186,186
46.436832,-1,0,6,0,0,16.667002,1.613900,3.243600,17.458200,1,186,186
46.453741,-1,0,6,0,0,16.666800,1.701200,2.154600,15.868900,1,186,186
46.470178,-1,0,6,0,0,16.666698,1.838000,2.430500,17.006599,1,186,186
46.486964,-1,0,6,0,0,16.709003,1.822600,2.768300,16.435200,1,186,186
46.503514,-1,0,6,0,0,16.666800,1.994100,2.814200,16.799700,1,186,186
46.520382,-1,0,6,0,0,16.666698,1.853200,2.117700,16.492599,1,186,186
46.536835,-1,0,6,0,0,16.666901,1.789000,2.825600,16.933901,1,186,186
46.553534,-1,0,6,0,0,16.666698,2.212600,1.905100,16.309200,1,186,186
46.570240,-1,0,6,0,0,16.666800,1.532300,3.159500,16.801800,1,186,186
46.586856,-1,0,6,0,0,16.666901,2.010500,2.377100,16.726000,1,186,186
46.603511,-1,0,6,0,0,16.666901,1.548900,2.160700,16.644100,1,186,186
46.620257,-1,0,6,0,0,16.666901,1.715400,2.573500,16.559099,1,186,186
46.636834,-1,0,6,0,0,16.666800,1.587500,2.498700,16.761900,1,186,186
46.653609,-1,0,6,0,0,16.666901,1.450700,2.441800,16.430099,1,186,186
46.670202,-1,0,6,0,0,16.666698,1.869000,2.712300,17.184700,1,186,186
46.686923,-1,0,6,0,0,16.666800,2.342500,2.611600,17.515600,1,186,186
46.703876,-1,0,6,0,0,16.666800,1.950300,2.767300,15.664100,1,186,186
46.720317,-1,0,6,0,0,16.666800,2.162500,2.644000,16.895000,1,186,186
46.737452,-1,0,6,0,0,16.666800,2.033000,2.360500,16.191401,1,186,186
46.753626,-1,0,6,0,0,16.666901,3.012100,3.872900,18.090000,1,186,186
46.770284,-1,0,6,0,0,16.666901,2.179700,2.333800,15.139900,1,186,186
46.787010,-1,0,6,0,0,16.666901,2.173700,2.390600,16.936899,1,186,186
46.803591,-1,0,6,0,0,16.667002,1.967200,3.016500,16.860201,1,186,186
46.820348,-1,0,6,0,0,16.666800,2.719100,2.465800,16.659401,1,186,186
46.836924,-1,0,6,0,0,16.666698,1.905600,2.818600,16.650299,1,186,186
46.853722,-1,0,6,0,0,16.666698,1.856200,2.127100,16.429001,1,186,186
46.870226,-1,0,6,0,0,16.666800,1.882700,2.157500,16.829500,1,186,186
46.887068,-1,0,6,0,0,16.666901,1.606600,2.346900,16.542700,1,186,186
46.903603,-1,0,6,0,0,16.667002,2.041200,1.990500,16.994301,1,186,186
46.920468,-1,0,6,0,0,16.666698,1.721100,2.040400,16.348200,1,186,186
46.936871,-1,0,6,0,0,16.666901,2.136900,2.394600,17.024000,1,186,186
46.953671,-1,0,6,0,0,16.666800,1.661200,2.238500,16.221201,1,186,186
46.970200,-1,0,6,0,0,16.666901,1.649800,2.375400,16.937901,1,186,186
46.987093,-1,0,6,0,0,16.666901,1.734000,1.846500,16.408600,1,186,186
47.003613,-1,0,6,0,0,16.666800,1.846500,2.580500,16.874500,1,186,186
47.020244,-1,0,6,0,0,16.666901,1.889400,2.597600,16.567301,1,186,186
47.036966,-1,0,6,0,0,16.666800,1.434300,2.072700,16.529400,1,186,186
47.054102,-1,0,6,0,0,16.666901,1.996500,1.900000,16.793600,1,186,186
47.070261,-1,0,6,0,0,16.666698,2.306700,2.407400,17.150000,1,186,186
47.087120,-1,0,6,0,0,16.666901,1.844400,2.164800,16.347099,1,186,186
47.103566,-1,0,6,0,0,16.666901,1.919200,1.818100,16.616501,1,186,186
47.120217,-1,0,6,0,0,16.666800,1.841100,2.116000,16.375799,1,186,186
47.136888,-1,0,6,0,0,16.666901,1.505100,2.814300,16.703501,1,186,186
47.153688,-1,0,6,0,0,16.666897,1.840500,1.797200,16.759800,1,186,186
47.170286,-1,0,6,0,0,16.666803,1.770200,3.017300,16.751600,1,186,186
47.187027,-1,0,6,0,0,16.666800,1.771000,2.269100,16.620501,1,186,186
47.203561,-1,0,6,0,0,16.666901,1.872000,2.343000,16.818199,1,186,186
47.220296,-1,0,6,0,0,16.666897,1.536400,2.293100,16.654301,1,186,186
47.237444,-1,0,6,0,0,16.666901,2.042200,2.325800,16.598101,1,186,186
47.253692,-1,0,6,0,0,16.666702,2.824300,2.723700,17.805300,1,186,186
47.270267,-1,0,6,0,0,16.666698,2.937100,3.780100,15.975400,1,186,186
47.287117,-1,0,6,0,0,16.666698,2.306600,2.398300,16.397301,1,186,186
47.303615,-1,0,6,0,0,16.667002,1.837100,1.890600,16.533501,1,186,186
47.320393,-1,0,6,0,0,16.666800,1.627200,2.118800,16.532499,1,186,186
47.336932,-1,0,6,0,0,16.666901,1.878900,2.488700,16.668699,1,186,186
47.353589,-1,0,6,0,0,16.666901,1.863700,2.274600,17.213400,1,186,186
47.370281,-1,0,6,0,0,16.666897,1.731500,2.310500,16.150499,1,186,186
47.386887,-1,0,6,0,0,16.666901,2.039400,2.369400,16.594000,1,186,186
47.403558,-1,0,6,0,0,16.666800,1.789200,2.473300,16.568300,1,186,186
47.420256,-1,0,6,0,0,16.666901,1.706700,2.186800,17.163200,1,186,186
47.436964,-1,0,6,0,0,16.666901,1.654100,2.197100,16.276501,1,186,186
47.453566,-1,0,6,0,0,16.666698,1.653900,1.971500,16.643101,1,186,186
47.470191,-1,0,6,0,0,16.666901,1.475700,2.667000,16.673800,1,186,186
47.487083,-1,0,6,0,0,16.667002,1.957100,2.078500,16.578501,1,186,186
47.503587,-1,0,6,0,0,16.666901,1.888200,2.008800,16.931900,1,186,186
47.520258,-1,0,6,0,0,16.666800,1.735000,2.403600,16.498699,1,186,186
47.537122,-1,0,6,0,0,16.670801,1.876400,2.925200,16.695299,1,186,186
47.553794,-1,0,6,0,0,16.667002,2.408200,2.299600,17.470400,1,186,186
47.570555,-1,0,6,0,0,16.666698,1.847000,2.424000,16.038900,1,186,186
47.586950,-1,0,6,0,0,16.666698,1.937100,2.777500,16.696400,1,186,186
47.603547,-1,0,6,0,0,16.666698,1.651000,2.875800,16.564199,1,186,186
47.620307,-1,0,6,0,0,16.666901,1.692200,2.192100,16.415800,1,186,186
47.636942,-1,0,6,0,0,16.667002,1.998800,2.375700,16.893900,1,186,186
47.653671,-1,0,6,0,0,16.666698,1.700900,2.689400,16.668699,1,186,186
47.670233,-1,0,6,0,0,16.666901,1.846000,2.345500,16.559099,1,186,186
47.687016,-1,0,6,0,0,16.666698,1.565800,2.054600,16.539600,1,186,186
47.703676,-1,0,6,0,0,16.666800,1.602700,2.235300,16.797701,1,186,186
47.720320,-1,0,6,0,0,16.666800,1.735100,2.620800,16.876600,1,186,186
47.736868,-1,0,6,0,0,16.666901,2.091700,2.984200,16.549900,1,186,186
47.753572,-1,0,6,0,0,16.666800,1.467500,2.135400,16.452600,1,186,186
47.770404,-1,0,6,0,0,16.666800,1.859100,2.300700,16.765900,1,186,186
47.786921,-1,0,6,0,0,16.667002,2.612000,2.198500,17.320000,1,186,186
47.803516,-1,0,6,0,0,16.666800,2.026700,2.796600,16.058300,1,186,186
47.820258,-1,0,6,0,0,16.666901,1.803600,2.230700,16.477200,1,186,186
47.837016,-1,0,6,0,0,16.666800,1.576400,2.138900,16.837601,1,186,186
47.853587,-1,0,6,0,0,16.669001,2.077000,2.077200,16.822300,1,186,186
47.870191,-1,0,6,0,0,16.666800,1.586200,2.628200,16.580601,1,186,186
47.887023,-1,0,6,0,0,16.667002,1.742200,2.015000,16.469000,1,186,186
47.903535,-1,0,6,0,0,16.666998,1.677200,2.302500,16.802799,1,186,186
47.920246,-1,0,6,0,0,16.666901,1.444300,2.583100,16.627701,1,186,186
47.936879,-1,0,6,0,0,16.666698,1.621700,2.656200,16.564301,1,186,186
47.953642,-1,0,6,0,0,16.666800,1.670300,1.932100,16.654301,1,186,186
47.970207,-1,0,6,0,0,16.666901,1.862900,2.329700,16.998400,1,186,186
47.987013,-1,0,6,0,0,16.666901,1.681300,2.522100,16.561199,1,186,186
48.003545,-1,0,6,0,0,16.666800,1.795900,1.949800,16.497601,1,186,186
48.020295,-1,0,6,0,0,16.667002,1.423500,2.080400,16.620600,1,186,186
48.036942,-1,0,6,0,0,16.687601,1.575600,2.399500,16.815100,1,186,186
48.053759,-1,0,6,0,0,16.687799,1.902200,3.326600,16.759800,1,186,186
48.070322,-1,0,6,0,0,16.675499,2.547400,4.441100,16.828400,1,186,186
48.087149,-1,0,6,0,0,16.692600,2.129800,4.285600,16.497700,1,186,186
48.103684,-1,0,6,0,0,16.670000,2.292900,4.280400,16.961500,1,186,186
48.120617,-1,0,6,0,0,16.738501,2.112200,3.750200,16.615400,1,186,186
48.137590,-1,0,6,0,0,17.166000,2.325800,3.123200,17.038401,1,186,186
48.154485,-1,0,6,0,0,16.866899,2.951500,4.362200,16.634899,1,186,186
48.171174,-1,0,6,0,0,16.699501,2.098600,4.532900,17.045500,1,186,186
48.187972,-1,0,6,0,0,16.743500,2.407900,3.824300,16.563200,1,186,186
48.204790,-1,0,6,0,0,16.795597,2.190200,3.690600,16.990200,1,186,186
48.221371,-1,0,6,0,0,16.670403,2.215600,3.115200,16.849899,1,186,186
48.238207,-1,0,6,0,0,16.833298,2.155500,2.948600,16.318399,1,186,186
