wall_seconds,phase,round,visible_alive,logical_alive,encounters,frame_ms,game_ms,render_ms,gpu_ms,gpu_available
5.000802,1,1,5,17,3,16.666901,3.281600,6.705200,14.600200,1
5.013532,1,1,5,17,3,16.667002,9.284300,6.389400,20.807699,1
5.030147,1,1,5,17,3,16.666800,4.131000,7.727800,17.223700,1
5.046660,1,1,5,17,3,16.666901,6.389800,7.006800,14.330900,1
5.063496,1,1,5,17,3,16.667101,3.688700,8.625300,17.840099,1
5.080017,1,1,5,17,3,16.666897,4.490600,7.760400,17.651699,1
5.096645,1,1,5,17,3,16.667002,4.338300,7.771300,15.262700,1
5.113374,1,1,5,17,3,16.666800,3.101700,6.240000,16.496700,1
5.130141,1,1,5,17,3,16.666901,3.588700,6.913500,13.033400,1
5.146754,1,1,5,17,3,16.667002,3.847100,7.323800,20.741199,1
5.163332,1,1,5,17,3,16.666800,3.369700,7.880000,12.780500,1
5.179876,1,1,5,17,3,16.666901,3.630000,6.858700,16.238600,1
5.196762,1,1,5,17,3,16.666800,3.280400,7.394300,20.820000,1
5.213256,1,1,5,17,3,16.667002,3.695500,4.925400,15.420400,1
5.229975,1,1,5,17,3,16.666901,2.647800,4.927400,13.663200,1
5.246591,1,1,5,17,3,16.666800,2.966800,5.946700,16.979000,1
5.263438,1,1,5,17,3,16.783297,2.879500,6.253500,16.532400,1
5.280301,1,1,5,17,3,16.666702,2.777900,5.514500,16.674900,1
5.296690,1,1,5,17,3,16.666698,3.078200,6.677100,17.670099,1
5.313395,1,1,5,17,3,16.666800,3.352100,6.188400,15.429600,1
5.330202,1,1,5,17,3,16.666698,3.115400,6.748500,17.120300,1
5.346895,1,1,5,17,3,16.666698,3.964100,6.258100,16.625700,1
5.363796,1,1,5,17,3,16.666800,3.790900,6.690000,16.729000,1
5.380359,1,1,5,17,3,16.666901,4.269000,5.963500,17.333300,1
5.396929,1,1,5,17,3,16.666901,4.098600,6.847900,16.654301,1
5.413641,1,1,5,17,3,16.667101,3.757400,6.389200,15.865900,1
5.430119,1,1,5,17,3,16.666800,3.341200,7.691300,17.297400,1
5.447027,1,1,5,17,3,16.666698,3.964200,6.872100,20.068300,1
5.463674,1,1,5,17,3,16.666901,3.759600,7.153400,12.908600,1
5.480461,1,1,5,17,3,16.666901,4.138500,5.387200,16.980000,1
5.501421,1,1,5,15,2,16.666901,3.291300,7.074100,16.638901,1
5.514017,1,1,3,15,2,16.670801,8.579700,6.819400,21.537800,1
5.530100,1,1,3,15,2,16.666800,4.048200,7.182200,16.305201,1
5.546716,1,1,3,15,2,16.666800,3.759900,8.168400,11.643900,1
5.563665,1,1,3,15,2,16.666998,8.414700,7.298200,21.591000,1
5.580119,1,1,3,15,2,16.666901,4.240600,7.681100,16.322599,1
5.597075,1,1,3,15,2,16.666901,3.938700,7.831900,12.430300,1
5.613408,1,1,3,15,2,16.667002,4.216400,6.743800,16.964600,1
5.630067,1,1,3,15,2,16.666901,3.362700,7.884700,20.623400,1
5.646776,1,1,3,15,2,16.666901,3.444900,7.503600,16.588800,1
5.663361,1,1,3,15,2,16.666901,3.813200,7.114200,12.392400,1
5.680290,1,1,3,15,2,16.666998,3.462900,7.134800,16.332800,1
5.696750,1,1,3,15,2,16.666702,3.524700,7.205000,17.044500,1
5.713820,1,1,3,15,2,16.666698,4.107700,6.836300,16.406500,1
5.730305,1,1,3,15,2,16.671598,3.680500,8.050000,17.021999,1
5.746699,1,1,3,15,2,16.666901,4.044000,7.979000,21.386200,1
5.763384,1,1,3,15,2,16.666901,3.311100,6.681100,15.044600,1
5.780030,1,1,3,15,2,16.666800,2.858300,6.315700,12.876800,1
5.796685,1,1,3,15,2,16.666800,3.163600,6.591200,16.754700,1
5.813496,1,1,3,15,2,16.666702,3.099500,6.630300,16.647200,1
5.830125,1,1,3,15,2,16.666897,3.293500,6.734500,17.201099,1
5.846919,1,1,3,15,2,16.667002,4.829300,6.855900,16.087099,1
5.864068,1,1,3,15,2,16.666800,5.157100,7.601500,17.317900,1
5.880269,1,1,3,15,2,16.666800,4.211200,7.274700,20.806601,1
5.896833,1,1,3,15,2,16.666800,4.219200,7.537900,16.514099,1
5.913473,1,1,3,15,2,16.669500,3.625400,7.238200,16.474100,1
5.930928,1,1,3,15,2,16.683102,3.329300,7.122300,12.532700,1
5.946757,1,1,3,15,2,16.666698,4.591600,6.942900,17.492001,1
5.963373,1,1,3,15,2,16.666800,3.451500,8.238600,20.976601,1
5.980202,1,1,3,15,2,16.666901,3.837900,7.390700,15.501300,1
6.004249,1,1,3,15,2,16.666800,3.204700,7.332900,17.618999,1
6.013768,1,1,3,15,2,16.666698,12.140000,7.872500,17.618999,1
6.030146,1,1,3,15,2,16.667002,5.540900,8.223800,16.773199,1
6.047182,1,1,3,15,2,16.667002,3.605600,7.736200,12.684300,1
6.063550,1,1,3,15,2,16.666901,8.406700,8.784500,18.468800,1
6.080267,1,1,3,15,2,16.666800,3.518900,6.853700,18.053101,1
6.096767,1,1,3,15,2,16.666800,3.635800,8.394300,14.558200,1
6.114341,1,1,3,15,2,16.666698,3.544400,7.293700,15.384600,1
6.130283,1,1,3,15,2,16.666800,4.758000,7.839500,14.272500,1
6.146784,1,1,3,15,2,16.721699,4.540900,5.556400,19.140600,1
6.163606,1,1,3,15,2,16.666800,3.214800,7.440700,17.224701,1
6.180173,1,1,3,15,2,16.666901,3.842000,7.302200,17.705000,1
6.196844,1,1,3,15,2,16.666800,3.781900,7.533700,16.450600,1
6.213554,1,1,3,15,2,16.671701,3.727200,8.184400,16.045000,1
6.230592,1,1,3,15,2,16.679798,4.660500,8.434100,17.251301,1
6.246914,1,1,3,15,2,16.678602,5.478800,8.078800,16.500799,1
6.263536,1,1,3,15,2,16.666901,3.405700,7.909000,16.122900,1
6.280335,1,1,3,15,2,16.667002,3.410800,7.310700,16.338900,1
6.296945,1,1,3,15,2,16.666800,3.575700,8.311200,13.256700,1
6.313512,1,1,3,15,2,16.666800,4.257800,8.271700,16.746500,1
6.330335,1,1,3,15,2,16.666800,3.601200,8.689000,20.847601,1
6.347063,1,1,3,15,2,16.681398,4.407300,8.371700,16.888901,1
6.363763,1,1,3,15,2,16.666800,3.985200,7.534500,16.393200,1
6.380440,1,1,3,15,2,16.667002,4.137200,7.893300,16.511999,1
6.396951,1,1,3,15,2,16.673800,3.557100,7.579500,16.798700,1
6.413634,1,1,3,15,2,16.666698,4.291500,8.232500,12.067800,1
6.430640,1,1,3,15,2,16.695499,3.530700,8.119800,16.753700,1
6.447053,1,1,3,15,2,16.666901,4.187700,7.573000,21.306400,1
6.464102,1,1,3,15,2,17.130402,3.716700,8.040100,16.558001,1
6.481486,1,1,3,15,2,16.666800,4.179500,7.728600,12.523600,1
6.509598,2,1,3,13,0,16.666800,4.273000,7.653900,21.632999,1
6.536262,2,1,3,13,0,38.763901,38.363300,7.653900,21.632999,1
6.553041,2,1,3,13,0,16.666901,4.151400,7.351000,15.092700,1
6.569621,2,1,3,13,0,16.666901,13.490300,7.351000,15.092700,1
6.586368,2,1,3,13,0,16.893000,4.732300,8.187800,17.605700,1
6.603365,2,1,3,13,0,16.667002,3.733400,8.155400,11.918300,1
6.619840,2,1,3,13,0,16.666698,4.305400,8.746200,12.649500,1
6.636638,2,1,3,13,0,16.667101,4.737000,6.706700,21.039101,1
6.653374,2,1,3,13,0,16.666698,4.288200,9.672700,18.977800,1
6.669711,2,1,3,13,0,16.666800,4.615000,6.819700,16.196600,1
6.686321,2,1,3,13,0,16.667002,3.415200,7.149600,13.904900,1
6.703011,2,1,3,13,0,16.667097,3.191700,8.343700,16.636900,1
6.719727,2,1,3,13,0,16.666901,3.368100,7.551600,16.077801,1
6.736646,2,1,3,13,0,16.667002,3.014100,6.397600,17.518600,1
6.753203,2,1,3,13,0,16.673599,3.979100,8.013100,17.105900,1
6.769885,2,1,3,13,0,16.667002,4.135200,5.693700,16.248899,1
6.786376,2,1,3,13,0,16.667002,4.090700,7.442200,17.731600,1
6.803442,2,1,3,13,0,16.666901,3.179000,6.684300,16.482300,1
6.819790,2,1,3,13,0,16.666998,4.239600,8.137400,17.208300,1
6.966960,2,1,3,13,0,146.114899,3.959300,2.082200,15.452100,1
6.982574,2,1,3,13,0,16.666698,111.460503,7.812900,143.024200,1
7.004155,0,2,3,0,0,16.667002,3.823900,5.946900,15.666100,1
7.030470,0,2,4,0,0,30.632700,29.072500,5.946900,15.666100,1
7.047072,0,2,4,0,0,16.667101,5.851900,7.524900,17.727501,1
7.063201,0,2,4,0,0,16.666998,6.022600,7.081100,8.839200,1
7.079793,0,2,4,0,0,16.666901,8.894000,8.341100,16.790501,1
7.097029,0,2,4,0,0,16.666698,4.529900,6.741400,17.426399,1
7.113177,0,2,4,0,0,16.666702,4.566100,7.705300,14.510100,1
7.129664,0,2,4,0,0,16.666800,2.980800,7.178300,16.232500,1
7.146409,0,2,4,0,0,16.666800,3.389300,6.290500,15.965100,1
7.163511,0,2,4,0,0,16.666698,2.900400,7.976100,14.472200,1
7.179685,0,2,4,0,0,16.667002,7.795000,7.588100,20.199499,1
7.196438,0,2,4,0,0,16.666901,5.824300,8.181700,16.970699,1
7.213011,0,2,4,0,0,16.666800,4.450600,6.623400,11.952100,1
7.230209,0,2,4,0,0,16.666998,3.402600,7.440000,16.854000,1
7.246285,0,2,4,0,0,16.666800,3.504700,5.217100,16.572500,1
7.263099,0,2,4,0,0,16.667002,2.593400,6.473300,16.259001,1
7.279730,0,2,4,0,0,16.667002,3.295000,6.246000,16.779301,1
7.296796,0,2,4,0,0,16.667002,2.735000,8.093700,16.746500,1
7.313317,0,2,4,0,0,16.667299,4.181000,6.191300,16.921600,1
7.534612,0,2,4,0,0,216.706696,3.968100,2.141900,17.765400,1
7.547204,0,2,4,0,0,16.681398,191.935303,6.296000,223.620102,1
7.563890,0,2,4,0,0,16.666800,4.146600,8.261800,14.196700,1
7.579740,0,2,4,0,0,16.667002,8.271600,7.582600,16.125999,1
7.596318,0,2,4,0,0,16.666901,3.287700,5.552300,16.377800,1
7.613094,0,2,4,0,0,16.666901,3.042600,5.091900,11.413500,1
7.629694,0,2,4,0,0,16.666998,3.033200,5.803600,16.899099,1
7.646390,0,2,4,0,0,16.666702,2.649600,6.905400,16.533501,1
7.663049,0,2,4,0,0,16.666800,3.559800,5.487200,19.812300,1
7.679760,0,2,4,0,0,16.666998,3.253700,6.793600,13.500500,1
7.697144,0,2,4,0,0,17.302301,2.637800,7.750100,16.835501,1
7.713799,0,2,4,0,0,16.667101,3.626700,9.032200,17.347601,1
7.730568,0,2,4,0,0,16.667002,3.782100,8.222600,21.632000,1
7.748359,0,2,4,0,0,16.666800,8.495400,7.919700,16.710699,1
7.763861,0,2,4,0,0,16.666800,10.130100,7.991800,18.435101,1
7.780868,0,2,4,0,0,16.666901,4.474200,8.033500,14.209000,1
7.797029,0,2,4,0,0,16.666800,3.777900,7.844700,12.820500,1
7.814003,0,2,4,0,0,16.666698,3.936800,5.616600,18.710501,1
7.830902,0,2,4,0,0,16.666800,3.161300,7.227900,14.485500,1
7.847081,0,2,4,0,0,16.666800,3.803400,6.892500,16.649200,1
7.864019,0,2,4,0,0,16.667002,3.595400,7.312400,16.618500,1
7.880446,0,2,4,0,0,16.667198,3.924500,7.089200,20.380699,1
7.897143,0,2,4,0,0,16.666800,3.211300,7.211300,12.492800,1
7.913778,0,2,4,0,0,16.666901,3.634500,7.699400,16.816099,1
7.930428,0,2,4,0,0,16.666698,5.037500,6.886900,16.693300,1
7.947255,0,2,4,0,0,16.666702,3.384000,5.874200,19.210199,1
7.963671,0,2,4,0,0,16.666897,3.105400,7.508100,14.184400,1
7.980423,0,2,4,0,0,16.666800,2.669500,5.340100,16.141399,1
7.997010,0,2,4,0,0,16.666803,2.876500,5.569800,16.900000,1
8.013869,0,2,4,0,0,16.807299,3.341300,6.192400,20.189199,1
8.037798,1,2,4,32,4,16.667002,2.961900,6.794100,13.315100,1
8.068597,1,2,8,32,4,37.999596,36.508499,6.794100,13.315100,1
8.085305,1,2,8,32,4,16.666803,11.011500,6.973200,15.727600,1
8.102440,1,2,8,32,4,16.666800,3.693400,6.279800,9.315400,1
8.118574,1,2,8,32,4,16.666998,3.378000,7.328600,13.201400,1
8.135248,1,2,8,32,4,16.666901,2.725600,5.481700,18.984900,1
8.151868,1,2,8,32,4,16.666698,2.816700,7.285800,16.907301,1
8.168520,1,2,8,32,4,16.666901,2.707700,5.705000,16.859100,1
8.185335,1,2,8,32,4,16.666901,2.796500,5.997200,16.036900,1
8.201966,1,2,8,32,4,16.666901,3.007000,8.570300,18.310101,1
8.218875,1,2,8,32,4,16.666901,2.973900,5.407000,17.944599,1
8.235211,1,2,8,32,4,16.666800,4.230700,7.470000,16.671801,1
8.251925,1,2,8,32,4,16.667002,3.224200,5.035300,17.252300,1
8.268547,1,2,8,32,4,16.667002,2.939200,7.279300,16.011299,1
8.285187,1,2,8,32,4,16.666698,3.182500,5.497000,16.700399,1
8.301906,1,2,8,32,4,16.667002,2.541600,4.959900,16.311300,1
8.318650,1,2,8,32,4,16.666800,2.789200,5.619800,18.096100,1
8.335204,1,2,8,32,4,16.666901,3.278500,4.937800,18.337799,1
8.352266,1,2,8,32,4,16.667898,2.782900,7.493000,16.658400,1
8.561647,1,2,8,28,4,202.901093,3.526900,2.108200,16.961599,1
8.571421,1,2,7,28,4,16.667002,170.212494,6.087800,201.643005,1
8.588269,1,2,7,28,4,16.666800,7.309900,8.197800,13.812700,1
8.604771,1,2,7,28,4,16.666800,3.621200,6.733600,15.675400,1
8.621444,1,2,7,28,4,16.667002,2.879200,5.815300,15.700000,1
8.638232,1,2,7,28,4,16.666800,2.449400,5.729700,17.383400,1
8.654742,1,2,7,28,4,16.666901,2.767200,5.062900,16.195601,1
8.671515,1,2,7,28,4,16.666800,2.703800,5.500700,16.465900,1
8.688161,1,2,7,28,4,16.666698,2.940300,5.656200,17.686501,1
8.704826,1,2,7,28,4,16.667101,3.139400,4.653900,15.353900,1
8.721646,1,2,7,28,4,16.666800,2.480800,6.186800,17.535999,1
8.738103,1,2,7,28,4,16.666998,2.914400,4.843800,16.242701,1
8.754738,1,2,7,28,4,16.667002,2.617400,4.899800,16.403400,1
8.771566,1,2,7,28,4,16.666698,2.477800,5.299900,16.893000,1
8.788054,1,2,7,28,4,16.666901,2.706700,5.058700,16.797701,1
8.804717,1,2,7,28,4,16.666800,2.547300,4.731400,16.067600,1
8.821750,1,2,7,28,4,16.692802,2.461300,5.829600,17.607599,1
8.838153,1,2,7,28,4,16.666800,2.897800,6.195100,17.058800,1
8.855145,1,2,7,28,4,16.666901,2.849300,6.750300,16.393299,1
8.871480,1,2,7,28,4,16.666800,2.740800,5.364800,16.774099,1
8.888122,1,2,7,28,4,16.666901,2.621500,5.740800,16.746500,1
8.904894,1,2,7,28,4,16.666998,3.045500,5.803000,16.499701,1
8.922205,1,2,7,28,4,16.666901,4.614900,6.178700,17.222700,1
8.939060,1,2,7,28,4,17.027102,3.777100,5.849100,17.489901,1
8.955150,1,2,7,28,4,16.666800,3.850100,8.044200,17.403900,1
8.971892,1,2,7,28,4,16.666800,4.045100,6.919700,15.914000,1
8.988777,1,2,7,28,4,16.666901,2.734400,7.811700,16.579599,1
9.005211,1,2,7,28,4,16.666800,3.375500,5.331700,15.378400,1
9.021792,1,2,7,28,4,16.666800,2.773300,6.393600,16.700399,1
9.038495,1,2,7,28,4,16.666998,2.418000,5.874900,16.390200,1
9.062691,1,2,7,25,4,16.666901,3.378700,6.928300,14.370800,1
9.071877,1,2,6,25,4,16.666800,12.614300,6.928300,14.370800,1
9.088974,1,2,6,25,4,16.666901,12.031400,8.777600,26.437599,1
9.105251,1,2,6,25,4,16.666901,4.408000,7.918900,12.073000,1
9.121922,1,2,6,25,4,16.666901,3.729200,9.150300,13.436900,1
9.138746,1,2,6,25,4,16.666800,4.215500,7.237700,14.879700,1
9.155401,1,2,6,25,4,16.667002,3.894400,9.909900,17.945601,1
9.171885,1,2,6,25,4,16.666901,3.772900,7.258900,16.532499,1
9.188758,1,2,6,25,4,16.667002,3.393300,11.118000,16.888901,1
9.205524,1,2,6,25,4,16.666800,4.167700,9.560400,17.189800,1
9.222038,1,2,6,25,4,16.781698,4.394800,8.896400,16.039000,1
9.238689,1,2,6,25,4,16.666800,4.093500,8.310400,15.881200,1
9.255315,1,2,6,25,4,16.666800,3.697500,7.897400,16.401400,1
9.271960,1,2,6,25,4,16.666901,3.428600,6.666400,15.798300,1
9.288687,1,2,6,25,4,16.667101,3.128900,8.136300,17.153999,1
9.305338,1,2,6,25,4,16.666897,3.433700,8.464400,17.537001,1
9.322026,1,2,6,25,4,16.667002,2.961500,8.878800,15.420500,1
9.338685,1,2,6,25,4,16.667002,3.491900,8.100900,17.550301,1
9.355421,1,2,6,25,4,16.666800,3.340600,7.020800,17.172501,1
9.372225,1,2,6,25,4,16.666901,3.141600,7.161200,15.743000,1
9.388655,1,2,6,25,4,16.666901,3.762200,9.033800,16.944099,1
9.405282,1,2,6,25,4,16.667002,3.185700,6.803600,15.558600,1
9.422208,1,2,6,25,4,16.666998,2.923700,7.737600,17.549299,1
9.438923,1,2,6,25,4,16.673603,3.607300,6.962900,16.226400,1
9.455351,1,2,6,25,4,16.666901,3.163000,9.064600,18.854900,1
9.471949,1,2,6,25,4,16.666698,3.672600,7.606600,15.423500,1
9.488784,1,2,6,25,4,16.666800,3.505600,7.911400,16.641001,1
9.505292,1,2,6,25,4,16.666800,4.220200,5.828300,16.866301,1
9.521978,1,2,6,25,4,16.666901,3.162900,5.664400,15.012800,1
9.538629,1,2,6,25,4,16.666800,2.863400,7.709300,18.750500,1
9.562691,1,2,6,20,4,16.666901,2.776000,5.707700,15.499300,1
9.571937,1,2,5,20,4,16.666901,10.893800,5.799200,20.574200,1
9.588604,1,2,5,20,4,16.666901,8.015400,5.675600,18.732000,1
9.605293,1,2,5,20,4,16.666901,2.726700,5.205800,13.684700,1
9.621947,1,2,5,20,4,16.666800,2.744900,5.495200,13.014100,1
9.638966,1,2,5,20,4,16.666698,2.847700,7.234900,16.881599,1
9.655503,1,2,5,20,4,16.666901,3.591700,6.712000,13.421600,1
9.671973,1,2,5,20,4,16.666800,4.990100,7.746300,21.023701,1
9.688697,1,2,5,20,4,16.666800,2.974800,6.607800,15.945800,1
9.705286,1,2,5,20,4,16.666800,3.445000,7.120100,12.820400,1
9.722343,1,2,5,20,4,16.666698,3.780700,5.551400,17.021000,1
9.738668,1,2,5,20,4,16.666800,4.388600,5.866500,16.526300,1
9.755459,1,2,5,20,4,16.666698,2.883900,7.311200,20.930599,1
9.771939,1,2,5,20,4,16.666702,3.862800,6.144800,16.073700,1
9.788878,1,2,5,20,4,16.666998,3.325700,6.516900,12.362800,1
9.805270,1,2,5,20,4,16.666702,3.391500,5.364900,17.121201,1
9.822050,1,2,5,20,4,16.666998,2.793700,7.662700,16.069700,1
9.838752,1,2,5,20,4,16.666901,2.982000,6.363700,17.140699,1
9.855300,1,2,5,20,4,16.666800,3.241800,7.382500,16.418800,1
9.871992,1,2,5,20,4,16.666698,2.967200,6.521700,19.727400,1
9.888656,1,2,5,20,4,16.666901,3.310200,8.024500,13.664200,1
9.905366,1,2,5,20,4,16.667101,3.734300,6.263600,19.941401,1
9.922013,1,2,5,20,4,16.666901,2.821100,6.661800,13.310000,1
9.938647,1,2,5,20,4,16.666698,3.478200,7.691800,16.830400,1
9.955320,1,2,5,20,4,16.666800,3.566000,6.134300,20.148199,1
9.972380,1,2,5,20,4,16.666800,3.280100,7.908100,13.155400,1
9.988623,1,2,5,20,4,16.668800,4.118300,7.403800,21.594101,1
10.005393,1,2,5,20,4,16.667002,3.665800,5.543500,14.634000,1
10.029747,1,2,5,20,4,24.481497,24.301100,5.543500,14.634000,1
10.046757,1,2,5,20,4,16.666901,3.424600,6.438900,14.537800,1
10.071895,1,2,5,16,4,16.667002,4.608600,6.667100,9.998300,1
10.079882,1,2,4,16,4,16.666800,13.613900,6.667100,9.998300,1
10.096470,1,2,4,16,4,16.667002,8.969400,5.610600,16.134100,1
10.113299,1,2,4,16,4,16.675598,3.570100,6.561200,11.157500,1
10.129881,1,2,4,16,4,16.667002,3.026000,6.950700,16.751600,1
10.146596,1,2,4,16,4,16.666698,3.351200,8.102900,16.849899,1
10.163096,1,2,4,16,4,16.666800,3.964600,6.389600,16.753700,1
10.179898,1,2,4,16,4,16.666800,3.001600,6.256900,12.460000,1
10.196777,1,2,4,16,4,16.666800,2.847100,6.728600,16.925699,1
10.213405,1,2,4,16,4,16.666901,4.164100,6.679300,16.822300,1
10.229829,1,2,4,16,4,16.666698,3.246000,5.738000,16.557100,1
10.246496,1,2,4,16,4,16.667002,3.503900,6.608600,16.066500,1
10.263385,1,2,4,16,4,16.666800,3.017900,6.595400,16.712700,1
10.279802,1,2,4,16,4,16.666800,3.362300,6.636000,16.808001,1
10.296479,1,2,4,16,4,16.666800,2.751900,6.877900,20.304899,1
10.313280,1,2,4,16,4,16.666800,2.586900,6.719000,13.133800,1
10.330012,1,2,4,16,4,16.666901,3.009000,7.732100,21.261299,1
10.346662,1,2,4,16,4,16.667002,3.692100,6.412100,15.938500,1
10.363161,1,2,4,16,4,16.666800,4.031200,8.400500,13.224000,1
10.379910,1,2,4,16,4,16.666901,3.581300,6.922100,15.778800,1
10.396532,1,2,4,16,4,16.667002,3.313600,6.367100,17.006599,1
10.413185,1,2,4,16,4,16.667002,3.480600,6.096500,20.101101,1
10.429842,1,2,4,16,4,16.666800,3.480900,6.095900,16.511999,1
10.446663,1,2,4,16,4,16.666998,2.952300,7.860000,13.075500,1
10.463259,1,2,4,16,4,16.680201,3.086300,6.969300,17.139700,1
10.480075,1,2,4,16,4,16.827900,3.949800,7.030700,16.655300,1
10.496756,1,2,4,16,4,16.667002,3.503800,9.871900,22.788099,1
10.513329,1,2,4,16,4,16.666698,5.244300,6.660700,14.356500,1
10.530073,1,2,4,16,4,16.666800,3.221400,6.921500,12.795900,1
10.546632,1,2,4,16,4,16.666901,3.210400,6.941000,21.210100,1
10.571801,1,2,4,12,3,16.666702,3.614000,7.558800,15.340600,1
10.579997,1,2,3,12,3,16.666800,11.676500,6.732400,15.340600,1
10.596751,1,2,3,12,3,16.682398,9.859000,7.281500,17.451000,1
10.613428,1,2,3,12,3,16.666698,3.912700,5.806300,12.790800,1
10.630070,1,2,3,12,3,16.666803,3.662600,7.188800,15.392700,1
10.646652,1,2,3,12,3,16.666998,3.471700,5.488900,16.246799,1
10.663398,1,2,3,12,3,16.667002,3.119700,6.319100,16.650299,1
10.680011,1,2,3,12,3,16.666698,2.775700,6.139900,15.946700,1
10.696739,1,2,3,12,3,16.667101,3.355300,6.480400,16.479200,1
10.713536,1,2,3,12,3,16.666800,2.715000,7.660600,16.830500,1
10.730154,1,2,3,12,3,16.667097,3.126000,4.969400,16.247801,1
10.747220,1,2,3,12,3,16.666803,2.882200,6.983300,16.838699,1
10.763413,1,2,3,12,3,16.666800,3.764600,8.070800,17.690599,1
10.780288,1,2,3,12,3,16.666901,3.401600,6.112400,16.582600,1
10.796749,1,2,3,12,3,16.666800,3.609500,7.461800,17.033300,1
10.813421,1,2,3,12,3,16.666897,3.655200,8.666000,16.970699,1
10.830114,1,2,3,12,3,16.666803,3.824600,7.844500,15.964200,1
10.846836,1,2,3,12,3,16.666897,3.525800,7.037400,16.540600,1
10.863495,1,2,3,12,3,16.667002,3.578600,6.879800,16.623699,1
10.880060,1,2,3,12,3,16.666901,4.285800,6.536900,16.509899,1
10.896658,1,2,3,12,3,16.666800,3.317300,7.352100,16.704500,1
10.913573,1,2,3,12,3,16.667002,3.326300,6.436200,12.291100,1
10.929971,1,2,3,12,3,16.666698,3.124800,5.446800,17.215500,1
10.946664,1,2,3,12,3,16.666800,3.171200,5.005500,15.936500,1
10.963566,1,2,3,12,3,16.666901,2.501800,5.688400,17.095699,1
10.980063,1,2,3,12,3,16.667002,2.913800,4.606500,16.495600,1
10.996755,1,2,3,12,3,16.666800,2.755700,4.930100,16.877600,1
11.013571,1,2,3,12,3,16.667002,2.952900,7.002900,16.393200,1
11.030036,1,2,3,12,3,16.666998,3.036200,5.341900,20.364300,1
11.046755,1,2,3,12,3,16.666901,3.523900,5.206500,13.146100,1
11.071074,1,2,3,11,2,16.666698,3.064300,5.548900,16.934900,1
11.080128,1,2,3,11,2,16.666702,11.329200,5.594000,24.705999,1
11.096908,1,2,3,11,2,16.666800,8.406500,6.163200,17.514500,1
11.113402,1,2,3,11,2,16.666901,3.489900,4.978400,12.179500,1
11.130086,1,2,3,11,2,16.666800,3.117000,7.734500,12.165100,1
11.146877,1,2,3,11,2,16.666901,4.308500,5.999000,19.821600,1
11.163594,1,2,3,11,2,16.666698,4.846500,6.210600,14.329800,1
11.180213,1,2,3,11,2,16.666901,3.507100,5.327900,18.477100,1
11.196782,1,2,3,11,2,16.666800,3.163300,5.553300,13.985800,1
11.213731,1,2,3,11,2,16.666800,3.092300,5.210000,16.725000,1
11.230096,1,2,3,11,2,16.666800,3.076300,5.715800,17.059799,1
11.247018,1,2,3,11,2,16.666800,3.506800,4.884600,15.881200,1
11.263516,1,2,3,11,2,16.666901,3.215000,5.997500,17.204300,1
11.280203,1,2,3,11,2,16.666800,3.451000,4.998000,16.310200,1
11.296702,1,2,3,11,2,16.667002,3.124400,5.698100,16.753700,1
11.313393,1,2,3,11,2,16.666800,3.149300,5.675000,16.347099,1
11.330071,1,2,3,11,2,16.666800,2.883800,5.255100,16.933901,1
11.346820,1,2,3,11,2,16.667002,3.207100,5.081300,16.663601,1
11.363463,1,2,3,11,2,16.671099,3.337000,6.816500,17.270800,1
11.380400,1,2,3,11,2,16.666800,3.512100,6.453000,16.080799,1
11.396661,1,2,3,11,2,16.667097,3.675600,5.437700,17.175600,1
11.413593,1,2,3,11,2,16.666901,2.957000,5.129000,15.999000,1
11.430190,1,2,3,11,2,16.666800,3.554300,6.452500,17.194000,1
11.446820,1,2,3,11,2,16.666800,3.128000,5.254500,19.276800,1
11.463435,1,2,3,11,2,16.666803,3.455800,6.184300,13.832200,1
11.480213,1,2,3,11,2,16.666897,3.373900,5.925500,20.025299,1
11.496842,1,2,3,11,2,16.666803,3.461700,8.316600,13.616100,1
11.513473,1,2,3,11,2,16.666698,4.468500,6.365800,19.459101,1
11.530645,1,2,3,11,2,16.666800,3.594700,8.161600,13.499400,1
11.546745,1,2,3,11,2,16.666800,4.304700,6.922500,21.520399,1
11.572561,1,2,3,11,2,16.666901,3.380200,7.607300,15.417300,1
11.580577,1,2,3,11,2,16.666800,12.152500,7.607300,15.417300,1
11.596909,1,2,3,11,2,16.666901,9.426800,7.320800,18.281500,1
11.613716,1,2,3,11,2,16.666800,4.064200,4.953400,11.799500,1
11.630111,1,2,3,11,2,16.666800,3.217600,6.981300,15.285300,1
11.646668,1,2,3,11,2,16.667002,3.283300,5.503700,16.321501,1
11.663403,1,2,3,11,2,16.666897,3.321400,5.945600,15.134700,1
11.680063,1,2,3,11,2,16.667002,2.905100,5.699100,17.081400,1
11.696753,1,2,3,11,2,16.666901,3.147800,6.290100,17.056801,1
11.713352,1,2,3,11,2,16.666800,3.084800,5.747600,12.935100,1
11.730081,1,2,3,11,2,16.666901,3.145000,6.164800,16.854000,1
11.746679,1,2,3,11,2,16.666901,3.164100,6.150000,20.386900,1
11.763456,1,2,3,11,2,16.667002,3.873600,6.968700,17.424299,1
11.780129,1,2,3,11,2,16.666901,2.997500,5.357200,11.816000,1
11.797181,1,2,3,11,2,16.667097,3.774400,5.960000,17.588200,1
11.813653,1,2,3,11,2,16.667002,3.507200,5.131400,16.214001,1
11.830570,1,2,3,11,2,16.666800,3.047800,6.274600,16.787500,1
11.846791,1,2,3,11,2,16.666901,3.819900,5.832200,16.623600,1
11.863440,1,2,3,11,2,16.667002,3.585600,8.016000,16.772100,1
11.880084,1,2,3,11,2,16.666901,3.177800,6.636800,16.156700,1
11.896774,1,2,3,11,2,16.666897,2.856200,7.585500,17.364901,1
11.913466,1,2,3,11,2,16.667002,3.158800,5.404900,15.763400,1
11.930058,1,2,3,11,2,16.666800,2.872400,5.611000,17.131500,1
11.946923,1,2,3,11,2,16.666901,3.633500,5.759500,16.826401,1
11.963515,1,2,3,11,2,16.667101,3.668800,8.463200,16.613400,1
11.980158,1,2,3,11,2,16.667002,3.448300,6.502900,16.362499,1
11.996728,1,2,3,11,2,16.666897,3.297000,6.499000,16.811001,1
12.013544,1,2,3,11,2,16.666800,3.189700,6.554000,16.479200,1
12.030272,1,2,3,11,2,16.666803,4.329600,8.158200,17.138700,1
12.046734,1,2,3,11,2,16.666698,4.710200,6.361000,16.314400,1
12.072298,2,2,3,10,0,16.666901,3.554600,6.176000,16.649200,1
12.099519,2,2,3,10,0,36.148300,35.462898,6.176000,16.649200,1
12.116340,2,2,3,10,0,16.667002,12.566600,8.193100,48.758801,1
12.133109,2,2,3,10,0,16.666800,4.307200,8.540100,9.508900,1
12.151606,2,2,3,10,0,16.876299,4.365700,6.122900,10.390500,1
12.166914,2,2,3,10,0,16.738899,5.593800,7.394700,19.265499,1
12.183575,2,2,3,10,0,16.666901,4.755000,7.995700,17.742901,1
12.200009,2,2,3,10,0,16.666901,4.769200,8.923200,13.766600,1
12.216812,2,2,3,10,0,16.666800,4.235300,8.770500,20.740101,1
12.233939,2,2,3,10,0,16.667101,4.136900,8.154700,16.185400,1
12.249871,2,2,3,10,0,16.667002,4.724600,7.493700,13.167600,1
12.266745,2,2,3,10,0,16.666897,3.274400,6.886600,20.048901,1
12.284493,2,2,3,10,0,16.667002,3.996500,8.789300,12.685300,1
12.300008,2,2,3,10,0,16.666698,5.131400,8.927000,17.955799,1
12.316822,2,2,3,10,0,16.666702,4.675600,7.545200,19.610701,1
12.333224,2,2,3,10,0,16.668800,4.396100,6.257800,12.571600,1
12.350543,2,2,3,10,0,16.667097,3.376600,5.908000,16.174101,1
12.366566,2,2,3,10,0,16.666698,3.886400,6.779800,17.490900,1
12.383499,2,2,3,10,0,16.666901,4.008700,5.344000,15.902800,1
12.521008,2,2,3,10,0,136.931198,4.237200,2.108900,17.496000,1
12.536875,2,2,3,10,0,16.666702,106.070503,7.194200,137.122803,1
12.553584,2,2,3,10,0,16.666998,3.930100,7.058900,15.810600,1
12.574919,0,3,3,0,0,16.666901,4.431800,6.680100,16.731100,1
12.610380,0,3,4,0,0,39.869202,38.320202,6.680100,16.731100,1
12.626738,0,3,4,0,0,16.667002,11.610600,8.772200,51.386398,1
12.643677,0,3,4,0,0,16.666800,4.214300,8.163500,10.012700,1
12.659819,0,3,4,0,0,16.667002,4.140500,6.642700,12.496900,1
12.676721,0,3,4,0,0,16.666698,3.208600,5.228500,18.562099,1
12.693369,0,3,4,0,0,16.667002,2.827300,7.000400,14.260200,1
12.710077,0,3,4,0,0,16.666998,3.153000,5.547800,16.379900,1
12.726700,0,3,4,0,0,16.666702,6.547300,5.872100,20.186100,1
12.743326,0,3,4,0,0,16.666998,6.781900,5.554600,13.436900,1
12.759958,0,3,4,0,0,16.666800,2.940100,5.559800,16.485399,1
12.776704,0,3,4,0,0,16.666800,3.312300,7.339600,16.511999,1
12.793379,0,3,4,0,0,16.666702,2.989900,4.914900,16.831499,1
12.809843,0,3,4,0,0,16.666901,2.991100,4.929900,16.596001,1
12.826599,0,3,4,0,0,16.666800,2.712800,6.701000,16.600000,1
12.843802,0,3,4,0,0,16.666800,3.877000,6.425600,16.606199,1
12.859918,0,3,4,0,0,16.666998,3.704700,6.397200,17.406000,1
12.876557,0,3,4,0,0,16.667002,3.395600,5.030600,16.061399,1
13.049926,0,3,4,0,0,172.345001,3.608700,1.603800,17.327101,1
13.065540,0,3,4,0,0,16.667002,151.561295,6.110300,178.250793,1
13.086239,0,3,5,0,0,16.666998,6.173400,5.649400,13.608900,1
13.098912,0,3,5,0,0,16.666901,7.426700,5.408400,17.814600,1
13.115725,0,3,5,0,0,16.666901,2.796800,4.813100,14.488600,1
13.132213,0,3,5,0,0,16.666901,5.713200,5.183000,17.403900,1
13.149142,0,3,5,0,0,16.667002,2.790500,5.427900,16.396299,1
13.165576,0,3,5,0,0,16.666800,3.276100,4.838900,14.217200,1
13.182385,0,3,5,0,0,16.666901,2.651600,4.660500,15.897600,1
13.198855,0,3,5,0,0,16.666800,2.939900,5.431200,16.836599,1
13.215598,0,3,5,0,0,16.666698,2.725200,5.041000,19.083200,1
13.232267,0,3,5,0,0,16.666901,2.676900,6.985400,14.999600,1
13.248928,0,3,5,0,0,16.666800,6.597400,4.840800,19.698700,1
13.265736,0,3,5,0,0,16.713501,5.481700,4.684300,15.543300,1
13.282308,0,3,5,0,0,16.666901,2.924300,6.370500,14.106600,1
13.298944,0,3,5,0,0,16.666698,3.097200,5.292500,20.150299,1
13.315869,0,3,5,0,0,16.666901,2.908400,5.722700,16.681999,1
13.332252,0,3,5,0,0,16.666901,2.991400,6.226100,17.106899,1
13.348926,0,3,5,0,0,16.666698,2.811600,4.580800,16.327700,1
13.365739,0,3,5,0,0,16.667002,3.157800,5.595800,17.040400,1
13.382257,0,3,5,0,0,16.666698,3.198400,5.132500,15.787000,1
13.399004,0,3,5,0,0,16.666901,2.830300,8.461100,17.752001,1
13.415737,0,3,5,0,0,16.666901,3.485900,8.286700,17.629200,1
13.433681,0,3,5,0,0,16.666800,8.240300,8.326000,16.602100,1
13.449012,0,3,5,0,0,16.671501,8.940500,7.458700,20.932600,1
13.465786,0,3,5,0,0,16.713299,3.951300,6.021000,14.439500,1
13.482398,0,3,5,0,0,16.666698,3.770700,5.291700,16.267200,1
13.499145,0,3,5,0,0,16.667002,3.029600,9.185600,16.623699,1
13.515782,0,3,5,0,0,16.666698,3.741000,6.000300,17.264601,1
13.532434,0,3,5,0,0,16.666800,3.565100,6.085300,16.746500,1
13.549154,0,3,5,0,0,16.666698,3.738000,6.953100,15.857700,1
13.565665,0,3,5,0,0,16.666702,4.004200,5.480600,16.862200,1
13.592480,1,3,5,40,4,16.666698,3.086500,5.056900,17.440701,1
13.636143,1,3,10,40,4,52.633400,52.046799,5.056900,17.440701,1
13.652011,1,3,10,40,4,16.666800,12.266600,6.551800,18.124800,1
13.669118,1,3,10,40,4,16.666901,3.455700,6.039200,11.219000,1
13.685059,1,3,10,40,4,16.666897,3.678800,7.023800,12.529600,1
13.701719,1,3,10,40,4,16.666901,3.364200,5.695900,14.342200,1
13.718525,1,3,10,40,4,16.666901,2.662600,8.430400,18.337799,1
13.735011,1,3,10,40,4,16.666800,3.548900,6.436900,17.253300,1
13.751771,1,3,10,40,4,16.666698,2.730800,5.053000,16.349199,1
13.768496,1,3,10,40,4,16.666803,2.756800,5.934600,16.667700,1
13.785019,1,3,10,40,4,16.666698,3.174000,5.870500,15.714300,1
13.801969,1,3,10,40,4,16.666698,2.651100,5.726200,16.972799,1
13.818523,1,3,10,40,4,16.667002,3.272100,5.736200,16.807899,1
13.835073,1,3,10,40,4,16.666901,3.406500,6.086600,16.517099,1
13.851852,1,3,10,40,4,16.666901,2.924400,6.256000,17.252399,1
13.868386,1,3,10,40,4,16.666800,3.111500,6.725500,17.489901,1
13.885093,1,3,10,40,4,16.666800,3.240900,7.862900,17.633301,1
13.901871,1,3,10,40,4,16.666800,3.457100,6.320600,16.103399,1
14.122144,1,3,10,38,4,211.450806,3.556300,2.184700,17.103901,1
14.130313,1,3,9,38,4,16.666800,182.045593,2.184700,17.103901,1
14.146667,1,3,9,38,4,16.666698,4.811700,8.067200,13.829100,1
14.163729,1,3,9,38,4,16.666800,10.185800,8.649300,15.241200,1
14.179906,1,3,9,38,4,16.666901,4.080800,6.241100,16.099300,1
14.196815,1,3,9,38,4,16.667002,3.365000,7.074600,14.624800,1
14.213376,1,3,9,38,4,16.666897,4.079500,6.979200,13.117500,1
14.230104,1,3,9,38,4,16.666803,4.657300,8.675600,20.941799,1
14.246575,1,3,9,38,4,16.666998,3.552200,8.020600,16.965599,1
14.263412,1,3,9,38,4,16.667002,3.380600,8.730600,16.159800,1
14.280173,1,3,9,38,4,16.796202,4.003900,7.964200,12.687300,1
14.296669,1,3,9,38,4,16.666698,4.138500,9.507700,20.702200,1
14.313473,1,3,9,38,4,16.675200,3.611000,7.777300,16.274500,1
14.330164,1,3,9,38,4,16.666800,3.774900,8.442100,13.256700,1
14.346949,1,3,9,38,4,16.666698,5.343200,6.789100,20.051901,1
14.363362,1,3,9,38,4,16.666901,3.696800,7.806900,13.243400,1
14.380155,1,3,9,38,4,16.666800,4.038800,5.619700,19.368999,1
14.396791,1,3,9,38,4,16.666901,3.471300,7.437000,13.547500,1
14.413534,1,3,9,38,4,16.666800,3.661300,6.282800,20.447201,1
14.429998,1,3,9,38,4,16.666698,3.369900,8.536200,12.925000,1
14.446692,1,3,9,38,4,16.667002,3.386400,7.673200,20.391899,1
14.463356,1,3,9,38,4,16.666800,3.455600,7.580900,16.143400,1
14.480220,1,3,9,38,4,16.666901,3.293500,7.075900,13.473700,1
14.496646,1,3,9,38,4,16.666901,3.749400,6.977800,16.625700,1
14.513561,1,3,9,38,4,16.666901,3.728600,7.488800,20.378599,1
14.530192,1,3,9,38,4,16.666698,3.364100,6.731100,16.585800,1
14.547182,1,3,9,38,4,16.690199,3.795100,7.835900,17.484800,1
14.563440,1,3,9,38,4,16.666901,4.792900,8.170500,16.957399,1
14.580006,1,3,9,38,4,16.667002,4.569000,5.975400,12.495900,1
14.596980,1,3,9,38,4,16.667002,3.223300,6.464800,15.867900,1
14.627828,1,3,9,33,4,16.666901,3.886500,6.499500,20.444099,1
14.632590,1,3,8,33,4,19.084099,19.100000,6.499500,20.444099,1
14.649282,1,3,8,33,4,16.666998,3.774500,7.606000,14.935100,1
14.666056,1,3,8,33,4,16.667002,11.680900,8.560500,14.935100,1
14.682683,1,3,8,33,4,16.666698,4.405000,8.011700,17.721300,1
14.699160,1,3,8,33,4,16.666901,4.111100,8.290300,13.719600,1
14.715846,1,3,8,33,4,16.666901,3.718200,7.681600,14.447600,1
14.732622,1,3,8,33,4,16.666901,4.300000,7.116700,17.538000,1
14.749195,1,3,8,33,4,16.666901,3.812500,7.569700,17.087500,1
14.766162,1,3,8,33,4,16.667002,3.983700,7.543500,15.952900,1
14.782801,1,3,8,33,4,16.667002,5.414300,8.181800,16.960501,1
14.799529,1,3,8,33,4,16.666698,3.702700,8.434200,17.117201,1
14.815782,1,3,8,33,4,16.666800,5.101100,7.027000,16.174101,1
14.832570,1,3,8,33,4,16.667002,3.227100,7.539700,16.100401,1
14.849282,1,3,8,33,4,16.666800,3.768500,8.034400,14.482400,1
14.865896,1,3,8,33,4,16.666698,4.398100,8.057800,19.149799,1
14.882805,1,3,8,33,4,16.667002,4.697600,7.667300,13.633500,1
14.899345,1,3,8,33,4,16.666800,4.294500,7.955900,20.820000,1
14.915892,1,3,8,33,4,16.666800,3.771500,7.471200,15.202300,1
14.932466,1,3,8,33,4,16.666698,3.259600,8.062300,13.211700,1
14.949445,1,3,8,33,4,16.666901,3.308900,7.408600,19.652599,1
14.965897,1,3,8,33,4,16.667097,3.386900,6.908900,17.766399,1
14.983081,1,3,8,33,4,16.666702,3.781300,6.229500,15.613900,1
14.999315,1,3,8,33,4,16.666698,4.785100,7.236000,14.719000,1
15.015885,1,3,8,33,4,16.666698,4.605100,6.414700,19.009501,1
15.032990,1,3,8,33,4,16.667101,3.701800,6.836600,16.783400,1
15.049515,1,3,8,33,4,16.666901,4.808300,8.023300,13.571100,1
15.065922,1,3,8,33,4,16.666800,4.463500,7.562400,20.831200,1
15.082804,1,3,8,33,4,16.666897,3.800900,7.165100,15.951900,1
15.099265,1,3,8,33,4,16.666901,3.878000,9.148200,17.532900,1
15.125386,1,3,8,29,4,16.671701,3.991100,7.013000,15.462400,1
15.132524,1,3,7,29,4,16.667002,14.793600,7.013000,15.462400,1
15.149221,1,3,7,29,4,16.666800,3.940200,8.698300,17.676300,1
15.166139,1,3,7,29,4,16.666698,3.808300,9.008300,10.672200,1
15.182915,1,3,7,29,4,16.666901,9.908800,8.664800,10.672200,1
15.199716,1,3,7,29,4,16.666800,4.300400,7.871300,18.111500,1
15.216376,1,3,7,29,4,16.666901,4.245100,9.314100,14.687200,1
15.232629,1,3,7,29,4,16.807798,4.752100,6.023800,14.692400,1
15.249350,1,3,7,29,4,16.666800,3.354000,5.696500,15.575000,1
15.266079,1,3,7,29,4,16.666800,3.026100,7.705100,18.666500,1
15.282839,1,3,7,29,4,16.666901,4.462100,5.813500,14.554100,1
15.299399,1,3,7,29,4,16.667002,4.397100,7.445200,14.780400,1
15.315976,1,3,7,29,4,16.666698,4.071000,6.382300,19.522499,1
15.332699,1,3,7,29,4,16.666800,3.137900,6.620500,12.994600,1
15.349510,1,3,7,29,4,16.666901,4.088200,8.033600,20.438999,1
15.365992,1,3,7,29,4,16.666698,6.026800,7.779400,17.727501,1
15.382661,1,3,7,29,4,16.667002,3.437000,8.077500,17.425400,1
15.399407,1,3,7,29,4,16.667101,3.426900,7.765200,15.013900,1
15.416058,1,3,7,29,4,16.666901,3.807600,8.208900,16.949301,1
15.432937,1,3,7,29,4,16.666698,3.844500,7.638100,17.182699,1
15.449374,1,3,7,29,4,16.666800,4.024100,7.613100,16.695299,1
15.466077,1,3,7,29,4,16.667002,3.860200,8.236500,16.373800,1
15.482708,1,3,7,29,4,16.666800,3.747800,8.039500,18.549700,1
15.499268,1,3,7,29,4,16.666998,4.935300,6.840900,13.886500,1
15.516278,1,3,7,29,4,16.666901,3.415100,7.397600,16.686100,1
15.532719,1,3,7,29,4,16.666698,5.775600,7.737700,15.110100,1
15.549605,1,3,7,29,4,16.666803,4.649200,11.066500,20.395000,1
15.566198,1,3,7,29,4,16.666698,4.563900,8.687800,15.747100,1
15.583147,1,3,7,29,4,16.666901,4.994000,9.813100,16.678900,1
15.599494,1,3,7,29,4,16.666901,5.284700,9.458700,17.225700,1
15.627441,1,3,7,22,3,16.666800,4.034600,10.129200,16.972799,1
15.632887,1,3,4,22,3,16.666800,17.789200,10.129200,16.972799,1
15.649512,1,3,4,22,3,16.700796,4.723000,8.329100,17.427500,1
15.666451,1,3,4,22,3,16.666901,5.717400,8.570200,10.097600,1
15.683555,1,3,4,22,3,16.677502,11.425900,8.570200,10.097600,1
15.699505,1,3,4,22,3,16.666901,5.918400,8.625300,17.291201,1
15.716224,1,3,4,22,3,16.847099,4.135000,7.720200,12.834900,1
15.733231,1,3,4,22,3,16.666800,3.632000,8.729900,18.355200,1
15.749522,1,3,4,22,3,16.666698,5.946200,8.087200,14.772200,1
15.766863,1,3,4,22,3,16.667002,3.809200,7.470600,16.845800,1
15.782913,1,3,4,22,3,16.666901,4.953200,8.469300,13.399000,1
15.799682,1,3,4,22,3,16.666800,3.767200,5.907900,19.114000,1
15.816393,1,3,4,22,3,16.667097,3.812600,8.955800,13.375500,1
15.832937,1,3,4,22,3,16.666800,4.053100,6.733900,20.315201,1
15.849569,1,3,4,22,3,16.666800,4.189400,7.160000,16.439301,1
15.866456,1,3,4,22,3,16.666800,3.256000,8.729300,13.104100,1
15.882952,1,3,4,22,3,16.666800,3.851700,7.410000,21.233601,1
15.899626,1,3,4,22,3,16.666800,3.613800,6.654800,15.969300,1
15.916396,1,3,4,22,3,16.667002,3.802200,7.584400,12.844100,1
15.933038,1,3,4,22,3,16.666901,3.928300,7.461100,21.249001,1
15.950027,1,3,4,22,3,16.769201,3.551300,6.399000,16.019400,1
15.966667,1,3,4,22,3,16.666800,4.260700,7.294600,13.237300,1
15.983171,1,3,4,22,3,16.667002,3.869900,5.625600,19.816401,1
15.999814,1,3,4,22,3,16.666800,3.984500,6.899500,13.119500,1
16.016451,1,3,4,22,3,16.666800,3.241200,6.539400,20.097000,1
16.033035,1,3,4,22,3,16.666800,3.322400,6.098800,17.526800,1
16.049750,1,3,4,22,3,16.666800,3.255900,5.737000,15.427600,1
16.066356,1,3,4,22,3,16.667002,3.360100,7.869400,13.804600,1
16.083083,1,3,4,22,3,16.666901,3.674400,6.108300,19.302401,1
16.099629,1,3,4,22,3,16.666998,3.182800,6.290200,13.655000,1
16.125482,1,3,4,17,3,16.666901,3.613800,5.923500,17.018900,1
16.133064,1,3,4,17,3,16.666901,13.530700,5.923500,17.018900,1
16.149731,1,3,4,17,3,16.667101,3.762300,7.105400,15.715300,1
16.166368,1,3,4,17,3,16.666800,4.024700,9.082200,12.319800,1
16.183145,1,3,4,17,3,16.666901,3.944100,5.723400,14.844900,1
16.200057,1,3,4,17,3,16.666998,11.951300,5.723400,14.844900,1
16.216408,1,3,4,17,3,16.666901,4.465700,6.433600,17.510401,1
16.233080,1,3,4,17,3,16.667002,3.769500,6.378600,11.288500,1
16.249608,1,3,4,17,3,16.666800,3.422000,5.888600,15.795200,1
16.266300,1,3,4,17,3,16.666901,3.202000,8.732400,18.554899,1
16.283050,1,3,4,17,3,16.666800,3.248000,7.092200,15.455300,1
16.299707,1,3,4,17,3,16.666901,3.611100,5.959000,16.002001,1
16.316258,1,3,4,17,3,16.666901,3.139200,6.367200,16.793600,1
16.333004,1,3,4,17,3,16.667002,3.283800,7.939300,17.327101,1
16.349653,1,3,4,17,3,16.666901,3.523200,6.962100,17.037300,1
16.366343,1,3,4,17,3,16.666698,4.712300,8.997300,17.602600,1
16.383096,1,3,4,17,3,16.666901,3.475100,7.534300,15.363100,1
16.399692,1,3,4,17,3,16.666698,3.667000,5.587900,15.456200,1
16.416535,1,3,4,17,3,16.666901,2.954900,9.360000,13.474800,1
16.433236,1,3,4,17,3,16.689199,3.873200,6.115500,20.383801,1
16.449748,1,3,4,17,3,16.666800,3.657300,7.746900,13.383700,1
16.466536,1,3,4,17,3,16.666800,3.877600,7.199000,16.405500,1
16.483060,1,3,4,17,3,16.666800,3.695700,7.385800,20.653999,1
16.499982,1,3,4,17,3,16.789000,3.772500,7.810000,17.695801,1
16.516710,1,3,4,17,3,16.666901,4.434200,8.561800,16.649200,1
16.533538,1,3,4,17,3,16.667002,4.188400,8.223500,17.160200,1
16.549767,1,3,4,17,3,16.666998,5.172000,8.038300,17.575899,1
16.566536,1,3,4,17,3,16.666800,5.585700,6.009000,13.913100,1
16.583286,1,3,4,17,3,16.666901,3.317700,7.682000,13.205500,1
16.599751,1,3,4,17,3,16.666698,3.729400,6.625500,19.916800,1
16.626536,1,3,4,15,3,16.666800,3.447800,7.029000,17.298401,1
16.633126,1,3,4,15,3,16.667002,13.727700,7.029000,17.298401,1
16.649741,1,3,4,15,3,16.666698,3.393300,5.879600,16.854000,1
16.666576,1,3,4,15,3,16.667002,3.274300,6.949500,10.515500,1
16.683203,1,3,4,15,3,16.666901,3.872900,9.118100,16.792601,1
16.699745,1,3,4,15,3,16.666901,8.142500,6.056600,17.403900,1
16.716381,1,3,4,15,3,16.666901,3.272800,5.651800,16.800699,1
16.733243,1,3,4,15,3,16.666901,3.315700,6.823000,15.682600,1
16.749905,1,3,4,15,3,16.667002,2.960200,5.417700,15.600600,1
16.766433,1,3,4,15,3,16.666698,3.568600,5.793700,13.999100,1
16.783037,1,3,4,15,3,16.666901,3.590000,6.850900,19.639299,1
16.799798,1,3,4,15,3,16.666901,2.719900,5.965900,16.182301,1
16.816374,1,3,4,15,3,16.666897,3.309600,6.694800,17.019899,1
16.833148,1,3,4,15,3,16.666901,2.881300,6.692900,17.017900,1
16.849728,1,3,4,15,3,16.666901,4.599200,6.979200,13.203400,1
16.866577,1,3,4,15,3,16.666901,3.005800,7.702100,20.606001,1
16.883151,1,3,4,15,3,16.667002,3.476200,5.697000,13.084700,1
16.899762,1,3,4,15,3,16.666901,3.487000,6.634500,16.454599,1
16.916612,1,3,4,15,3,16.666901,3.932700,6.921300,16.313400,1
16.933181,1,3,4,15,3,16.666901,3.479600,6.725700,20.748301,1
16.949726,1,3,4,15,3,16.666698,3.125900,5.610100,15.801300,1
16.966436,1,3,4,15,3,16.666901,2.907200,5.895900,13.164600,1
16.983135,1,3,4,15,3,16.666800,2.982300,5.775000,20.843500,1
16.999732,1,3,4,15,3,16.666800,3.047300,6.368500,12.797900,1
17.016499,1,3,4,15,3,16.666800,3.049200,5.387800,19.887100,1
17.033123,1,3,4,15,3,16.666698,3.359600,5.546700,13.528100,1
17.049679,1,3,4,15,3,16.667002,3.750100,5.475600,16.450600,1
17.066338,1,3,4,15,3,16.666800,2.922200,6.882500,16.500700,1
17.083143,1,3,4,15,3,16.666901,3.319500,5.980000,19.063801,1
17.099663,1,3,4,15,3,16.666800,2.730800,5.795300,14.563300,1
17.126196,1,3,4,11,1,16.666901,2.959100,5.655500,19.647499,1
17.133051,1,3,4,11,1,16.667002,13.465300,5.655500,19.647499,1
17.149701,1,3,4,11,1,16.666800,3.048900,5.738700,15.593400,1
17.166353,1,3,4,11,1,16.666901,3.173000,6.719500,13.574200,1
17.183038,1,3,4,11,1,16.666698,3.211200,5.697500,13.150200,1
17.199793,1,3,4,11,1,16.666800,2.801200,7.218600,17.225700,1
17.216431,1,3,4,11,1,16.666800,8.088900,8.753700,18.787300,1
17.233047,1,3,4,11,1,16.666901,3.029600,5.026500,17.423401,1
17.249702,1,3,4,11,1,16.666800,2.669700,5.490800,13.417500,1
17.266340,1,3,4,11,1,16.666698,3.000900,5.175000,16.141300,1
17.283095,1,3,4,11,1,16.667002,3.272900,6.007500,16.754700,1
17.299663,1,3,4,11,1,16.666698,3.577300,6.647000,14.664700,1
17.316427,1,3,4,11,1,16.666800,3.412800,5.866400,18.888700,1
17.333113,1,3,4,11,1,16.666800,2.723400,8.503000,18.187300,1
17.349889,1,3,4,11,1,16.667002,3.200600,5.628400,14.836700,1
17.366375,1,3,4,11,1,16.667002,3.226700,5.949400,14.405600,1
17.383105,1,3,4,11,1,16.666800,3.376100,5.854000,19.303400,1
17.399769,1,3,4,11,1,16.671598,2.737900,4.983400,16.404499,1
17.416333,1,3,4,11,1,16.667002,3.303800,4.819400,13.632500,1
17.433803,1,3,4,11,1,17.145802,2.941800,6.423300,16.547899,1
17.450142,1,3,4,11,1,16.666998,3.638800,5.824100,21.324800,1
17.467324,1,3,4,11,1,16.873602,3.199700,5.803400,16.118799,1
17.483673,1,3,4,11,1,16.666698,3.560600,7.675000,14.086100,1
17.500348,1,3,4,11,1,16.666698,4.275900,5.224200,18.054100,1
17.517031,1,3,4,11,1,16.666901,2.763000,7.028300,14.334000,1
17.533696,1,3,4,11,1,16.666800,3.069500,5.986100,20.078600,1
17.550586,1,3,4,11,1,16.666800,2.734200,6.323500,16.607201,1
17.567041,1,3,4,11,1,16.666800,2.960900,7.736400,13.847600,1
17.583907,1,3,4,11,1,16.666901,3.330800,8.689100,21.180401,1
17.600428,1,3,4,11,1,16.666901,4.087500,6.620700,15.755300,1
17.626759,2,3,4,11,0,16.666901,3.238000,6.456200,16.061399,1
17.660936,2,3,4,11,0,43.871998,43.465401,6.456200,16.061399,1
17.677555,2,3,4,11,0,16.667002,3.450900,7.014200,14.366700,1
17.694616,2,3,4,11,0,16.666800,4.638800,6.495200,10.061900,1
17.711069,2,3,4,11,0,16.666800,3.453900,8.748800,12.574700,1
17.727696,2,3,4,11,0,16.666698,9.850200,6.984900,22.336500,1
17.744294,2,3,4,11,0,16.666702,3.664100,6.140500,16.530399,1
17.760939,2,3,4,11,0,16.666800,3.453500,7.031700,14.967800,1
17.777612,2,3,4,11,0,16.666901,3.768900,5.871600,15.747100,1
17.794248,2,3,4,11,0,16.667400,3.789100,7.125900,17.818600,1
17.810984,2,3,4,11,0,16.667097,3.943000,7.236600,15.936500,1
17.829367,2,3,4,11,0,16.666901,4.297000,6.034700,13.808700,1
17.844224,2,3,4,11,0,16.666901,5.946000,6.096800,17.402901,1
17.861815,2,3,4,11,0,16.666800,2.995400,6.226100,18.205700,1
17.877596,2,3,4,11,0,16.666698,4.367600,6.260700,14.358500,1
17.895036,2,3,4,11,0,16.666702,3.369300,5.904600,19.184601,1
17.911099,2,3,4,11,0,16.666901,4.036900,6.619200,13.980700,1
17.927698,2,3,4,11,0,16.666897,4.215500,6.363300,19.355600,1
18.067709,2,3,4,11,0,137.074905,3.597400,1.926100,16.725000,1
18.081469,2,3,4,11,0,16.666901,103.503502,7.859600,136.605698,1
18.098043,2,3,4,11,0,16.666698,4.005100,8.033300,18.277399,1
18.115493,2,3,4,11,0,16.666698,4.449700,6.699400,12.035100,1
18.136026,0,4,4,0,0,16.666800,4.159700,6.236500,17.784800,1
18.179201,0,4,5,0,0,46.538300,46.269699,6.236500,17.784800,1
18.194474,0,4,5,0,0,16.666901,5.383900,6.738300,16.280600,1
18.211195,0,4,5,0,0,16.667002,3.630100,6.507600,9.168900,1
18.227887,0,4,5,0,0,16.666998,7.980800,6.337300,16.808001,1
18.245091,0,4,5,0,0,16.666901,3.101500,5.966900,15.350700,1
18.261352,0,4,5,0,0,16.666901,4.315400,6.397700,13.637700,1
18.278119,0,4,5,0,0,16.667002,9.670400,9.705300,13.637700,1
18.294497,0,4,5,0,0,16.667002,5.919600,8.355800,15.887300,1
18.311475,0,4,5,0,0,16.666698,3.354000,6.883800,14.473200,1
18.328230,0,4,5,0,0,16.666698,3.223300,6.056600,14.100500,1
18.344549,0,4,5,0,0,16.667002,3.423800,6.970500,16.320499,1
18.361186,0,4,5,0,0,16.666901,3.210500,6.574000,16.285700,1
18.377928,0,4,5,0,0,16.666698,3.299400,5.898900,17.132601,1
18.394996,0,4,5,0,0,16.666800,3.190600,6.364300,16.456699,1
18.411169,0,4,5,0,0,16.666698,3.843900,7.893200,17.657801,1
18.427871,0,4,5,0,0,16.666698,4.132200,8.391200,20.343901,1
18.444487,0,4,5,0,0,16.666702,3.351800,7.189400,11.821000,1
18.669122,0,4,5,0,0,215.838898,8.064600,2.432100,22.050800,1
18.680265,0,4,5,0,0,18.421602,189.965805,2.432100,22.050800,1
18.695869,0,4,5,0,0,16.666698,7.339200,5.954800,12.207100,1
18.712708,0,4,5,0,0,16.667002,3.720900,7.498500,10.783800,1
18.728849,0,4,5,0,0,16.666901,8.077600,6.306500,21.388300,1
18.745556,0,4,5,0,0,16.666800,3.323000,7.162800,15.451100,1
18.762224,0,4,5,0,0,16.666800,3.224900,5.735700,12.806200,1
18.779126,0,4,5,0,0,16.666698,3.256600,5.740000,16.795601,1
18.795668,0,4,5,0,0,16.667002,3.707200,6.571500,17.089500,1
18.812346,0,4,5,0,0,16.666698,3.821800,5.735600,16.378901,1
18.829017,0,4,5,0,0,16.666698,3.621800,8.759400,17.482800,1
18.845891,0,4,5,0,0,16.667002,3.908100,7.345000,19.965900,1
18.862165,0,4,5,0,0,16.666901,4.175500,7.865900,18.225201,1
18.878880,0,4,5,0,0,16.666901,6.077800,6.692800,16.055300,1
18.895420,0,4,5,0,0,16.667097,3.347000,6.854000,16.283600,1
18.912148,0,4,5,0,0,16.666901,3.011300,5.594000,16.519199,1
18.928951,0,4,5,0,0,16.666901,3.127800,5.578500,15.966200,1
18.945664,0,4,5,0,0,16.666800,3.251900,7.251800,17.265699,1
18.962220,0,4,5,0,0,16.666901,3.273000,5.497200,18.048000,1
18.978895,0,4,5,0,0,16.666698,2.841400,6.062100,17.844200,1
18.995556,0,4,5,0,0,16.666800,2.977500,5.452600,17.195000,1
19.012095,0,4,5,0,0,16.667002,2.828400,5.465200,16.097300,1
19.028872,0,4,5,0,0,16.667002,2.744200,7.117000,15.236100,1
19.045499,0,4,5,0,0,16.666800,4.765300,5.823000,15.357900,1
19.062132,0,4,5,0,0,16.666800,2.766800,5.275000,16.174101,1
19.078902,0,4,5,0,0,16.666698,2.891200,5.113400,14.789600,1
19.095708,0,4,5,0,0,16.667002,2.886000,6.332200,18.674700,1
19.112175,0,4,5,0,0,16.666800,3.665600,4.991600,15.671300,1
19.129037,0,4,5,0,0,16.666800,3.005900,6.490500,17.011700,1
19.146037,0,4,5,0,0,16.666698,3.431600,6.939900,17.154100,1
19.170909,1,4,5,38,4,16.667002,4.412900,6.635600,17.756100,1
19.218702,1,4,9,38,4,56.134399,56.424599,6.635600,17.756100,1
19.235132,1,4,9,38,4,16.667002,10.073000,7.460300,13.666300,1
19.251957,1,4,9,38,4,16.666901,3.497300,6.130400,10.647600,1
19.268418,1,4,9,38,4,16.666800,3.215100,5.847200,12.431300,1
19.284993,1,4,9,38,4,16.666800,3.470700,5.109400,19.021900,1
19.301634,1,4,9,38,4,16.666698,2.864000,4.945200,16.380899,1
19.318404,1,4,9,38,4,16.667002,2.693400,5.930600,17.365000,1
19.335335,1,4,9,38,4,16.666800,2.923000,6.196300,17.190901,1
19.351725,1,4,9,38,4,16.666800,3.328500,6.779900,13.410300,1
19.368563,1,4,9,38,4,16.666698,3.283500,7.703500,21.260300,1
19.385043,1,4,9,38,4,16.667002,4.382800,7.230500,15.302600,1
19.401710,1,4,9,38,4,16.666800,3.044500,6.732100,16.596001,1
19.418399,1,4,9,38,4,16.666800,3.158900,6.184000,13.145100,1
19.435117,1,4,9,38,4,16.666901,3.493800,7.491600,20.254700,1
19.451898,1,4,9,38,4,16.666901,3.741000,5.796400,16.117800,1
19.468319,1,4,9,38,4,16.666901,3.297700,6.070600,14.180300,1
19.484942,1,4,9,38,4,16.666998,2.965200,6.630000,18.464800,1
19.705945,1,4,9,36,4,211.350800,3.338100,2.320800,14.361600,1
19.713162,1,4,9,36,4,16.666901,186.917999,2.320800,14.361600,1
19.729681,1,4,9,36,4,16.667097,3.340200,5.883100,13.478900,1
19.746431,1,4,9,36,4,16.684502,9.251600,5.892700,15.696900,1
19.763215,1,4,9,36,4,16.666998,3.428200,5.728000,13.477900,1
19.779838,1,4,9,36,4,16.666803,3.214100,5.987700,13.852700,1
19.796277,1,4,9,36,4,16.666998,3.321300,6.350600,17.284100,1
19.813133,1,4,9,36,4,16.666800,2.909300,5.448300,18.740200,1
19.829878,1,4,9,36,4,16.740299,2.708600,7.563300,14.081000,1
19.846486,1,4,9,36,4,16.666901,3.474000,7.106900,20.049999,1
19.863436,1,4,9,36,4,16.666702,3.327400,6.706500,13.184000,1
19.879833,1,4,9,36,4,16.666897,3.539800,6.085700,17.217501,1
19.896427,1,4,9,36,4,16.666901,3.324300,6.528000,16.346100,1
19.913290,1,4,9,36,4,16.666901,3.625600,6.780200,16.630800,1
19.929703,1,4,9,36,4,16.666800,3.684200,6.564800,20.383699,1
19.946499,1,4,9,36,4,16.666800,2.849200,5.797700,12.306500,1
19.963160,1,4,9,36,4,16.667002,2.846400,5.794200,16.961500,1
19.979862,1,4,9,36,4,16.666800,3.537300,5.578200,16.847900,1
19.996352,1,4,9,36,4,16.666698,3.190200,6.090500,16.768000,1
20.013211,1,4,9,36,4,16.667101,2.830400,5.712200,16.208900,1
20.047208,1,4,9,36,4,34.115700,33.625702,5.712200,16.208900,1
20.064082,1,4,9,36,4,16.667002,3.130600,6.927100,12.622800,1
20.080685,1,4,9,36,4,16.666698,4.088800,6.561300,10.373100,1
20.097209,1,4,9,36,4,16.666800,3.395400,5.359700,13.142000,1
20.114063,1,4,9,36,4,16.666702,2.789800,7.807100,16.450600,1
20.130554,1,4,9,36,4,16.666698,3.517300,5.421300,20.680700,1
20.147350,1,4,9,36,4,16.666800,3.047500,5.108600,12.545000,1
20.163847,1,4,9,36,4,16.666800,3.558500,6.443400,17.636400,1
20.180662,1,4,9,36,4,16.666901,3.151500,5.509500,18.489300,1
20.205921,1,4,9,33,4,16.666901,3.120900,6.594900,14.145600,1
20.213824,1,4,9,33,4,16.666901,12.429300,6.594900,14.145600,1
20.230514,1,4,9,33,4,16.666698,3.351000,5.549600,16.371700,1
20.247381,1,4,9,33,4,16.666901,8.526900,8.003600,12.775500,1
20.264037,1,4,9,33,4,16.666901,3.330100,5.332300,16.566200,1
20.280609,1,4,9,33,4,16.666901,3.214500,5.408300,14.162000,1
20.297254,1,4,9,33,4,16.666800,3.020800,5.737200,13.776800,1
20.313864,1,4,9,33,4,16.666901,3.140800,4.918300,19.315800,1
20.330509,1,4,9,33,4,16.666897,2.848400,7.264800,13.995000,1
20.347190,1,4,9,33,4,16.667002,2.965900,6.333100,19.707899,1
20.363862,1,4,9,33,4,16.666800,2.736100,7.196900,17.456100,1
20.380653,1,4,9,33,4,16.667101,3.032700,5.435100,15.688700,1
20.397543,1,4,9,33,4,16.666800,2.908200,5.604600,13.970400,1
20.413924,1,4,9,33,4,16.667002,3.775400,5.681900,17.497101,1
20.430669,1,4,9,33,4,16.666800,3.905900,6.845200,19.604500,1
20.447279,1,4,9,33,4,16.666800,3.438400,5.363100,13.023200,1
20.463927,1,4,9,33,4,16.667002,2.883200,5.917500,16.285700,1
20.480729,1,4,9,33,4,16.666698,3.759400,6.234500,20.060200,1
20.497296,1,4,9,33,4,16.666998,3.237600,6.384800,17.462299,1
20.514120,1,4,9,33,4,16.667002,3.185900,6.637300,16.081900,1
20.530622,1,4,9,33,4,16.667002,3.215400,6.723100,18.207701,1
20.547185,1,4,9,33,4,16.666800,3.372100,6.526300,15.546400,1
20.563874,1,4,9,33,4,16.666800,2.843100,7.043400,17.075199,1
20.580633,1,4,9,33,4,16.667002,2.872800,5.342000,17.323000,1
20.597244,1,4,9,33,4,16.667097,2.805300,6.222000,18.008101,1
20.613855,1,4,9,33,4,16.666800,3.529200,6.522800,16.480200,1
20.630641,1,4,9,33,4,16.666803,3.115700,8.799400,17.048599,1
20.647310,1,4,9,33,4,16.666800,3.378100,8.099900,15.208400,1
20.663890,1,4,9,33,4,16.666998,3.921200,7.216800,17.102900,1
20.680520,1,4,9,33,4,16.667202,3.586300,5.332100,15.517700,1
20.705550,1,4,9,22,4,16.666800,2.606600,6.462500,15.957000,1
20.713914,1,4,5,22,4,16.666800,12.852800,7.163900,15.957000,1
20.730617,1,4,5,22,4,16.666800,3.175800,5.504800,18.006001,1
20.747313,1,4,5,22,4,16.667002,9.318400,7.096300,16.330799,1
20.763863,1,4,5,22,4,16.666901,3.554700,6.793100,13.782000,1
20.780649,1,4,5,22,4,16.666800,3.223200,5.954600,16.027599,1
20.797255,1,4,5,22,4,16.666998,3.031600,9.535800,16.182301,1
20.813911,1,4,5,22,4,16.666800,3.422100,5.618800,15.230000,1
20.830799,1,4,5,22,4,16.666901,2.855000,9.310000,16.805901,1
20.847208,1,4,5,22,4,16.666800,4.401900,6.282500,18.053101,1
20.863918,1,4,5,22,4,16.666702,3.096200,7.939900,15.038400,1
20.880682,1,4,5,22,4,16.666901,3.437500,6.264500,16.550900,1
20.897329,1,4,5,22,4,16.667097,3.502900,7.496500,18.346001,1
20.913848,1,4,5,22,4,16.666901,3.240900,6.187100,15.500300,1
20.930651,1,4,5,22,4,16.666901,3.055900,7.812400,15.831100,1
20.947316,1,4,5,22,4,16.666800,3.233000,7.649300,16.970699,1
20.963866,1,4,5,22,4,16.667002,3.971600,6.006000,16.441401,1
20.980649,1,4,5,22,4,16.666998,2.849300,6.221100,15.472600,1
20.997201,1,4,5,22,4,16.666702,3.268800,6.774000,17.968100,1
21.013873,1,4,5,22,4,16.666800,3.777700,7.695300,16.294901,1
21.030507,1,4,5,22,4,16.666698,2.974900,5.807300,16.237499,1
21.047287,1,4,5,22,4,16.666698,2.698000,6.274600,16.507900,1
21.063853,1,4,5,22,4,16.666800,3.058200,8.662200,17.705000,1
21.080517,1,4,5,22,4,16.666901,2.848000,5.963900,15.714300,1
21.097250,1,4,5,22,4,16.666800,2.631800,6.780400,16.444401,1
21.113851,1,4,5,22,4,16.666901,3.250000,5.629400,16.758801,1
21.130538,1,4,5,22,4,16.666800,2.787000,4.997100,15.787000,1
21.147224,1,4,5,22,4,16.666698,2.963300,6.316900,17.607700,1
21.164009,1,4,5,22,4,16.679600,3.516100,5.546100,16.660500,1
21.180705,1,4,5,22,4,16.667002,3.693400,6.335400,17.111000,1
21.206481,1,4,5,18,2,16.666800,2.990200,5.745800,16.778200,1
21.213909,1,4,3,18,2,16.666901,14.260300,5.745800,16.778200,1
21.230602,1,4,3,18,2,16.666800,3.093400,6.482900,18.849701,1
21.247242,1,4,3,18,2,16.667002,3.507800,5.734100,13.317200,1
21.263894,1,4,3,18,2,16.667002,10.281700,7.130700,17.084400,1
21.280628,1,4,3,18,2,16.666998,3.408400,5.321500,15.693800,1
21.297659,1,4,3,18,2,16.666702,2.902900,6.445100,15.310900,1
21.313827,1,4,3,18,2,16.666800,3.816700,5.945500,14.960600,1
21.330526,1,4,3,18,2,16.666800,3.016000,6.271300,14.409700,1
21.347179,1,4,3,18,2,16.666800,2.865700,5.729700,16.225300,1
21.363926,1,4,3,18,2,16.666800,3.169800,6.295200,16.322599,1
21.380868,1,4,3,18,2,16.666800,2.926100,5.268200,16.435200,1
21.397370,1,4,3,18,2,16.666901,3.243600,8.511500,18.407400,1
21.413923,1,4,3,18,2,16.666901,3.486200,8.157900,16.805901,1
21.430673,1,4,3,18,2,16.666998,3.385500,6.401800,15.381500,1
21.447484,1,4,3,18,2,16.666803,3.035000,6.535800,16.295900,1
21.463941,1,4,3,18,2,16.667097,3.942800,5.744100,17.232901,1
21.480717,1,4,3,18,2,16.666800,3.220500,7.360600,16.748600,1
21.497283,1,4,3,18,2,16.666698,3.971900,6.731500,16.976801,1
21.513950,1,4,3,18,2,16.667002,2.992000,6.788400,15.758400,1
21.530801,1,4,3,18,2,16.666698,3.037800,5.416900,16.374800,1
21.547229,1,4,3,18,2,16.666800,3.368700,5.460000,16.811001,1
21.564044,1,4,3,18,2,16.666800,3.052100,6.255600,16.503799,1
21.580520,1,4,3,18,2,16.666901,2.940800,5.694700,16.873501,1
21.597231,1,4,3,18,2,16.666702,2.878000,5.279900,15.838200,1
21.613841,1,4,3,18,2,16.666800,2.788400,4.542800,16.049101,1
21.630605,1,4,3,18,2,16.666901,2.487400,6.380600,17.930300,1
21.647386,1,4,3,18,2,16.666800,2.640500,5.389800,16.497601,1
21.663862,1,4,3,18,2,16.666998,2.938400,6.825000,16.617500,1
21.680594,1,4,3,18,2,16.666901,3.026100,6.191400,16.975901,1
21.705986,1,4,3,16,1,16.666901,3.126400,6.378700,17.808300,1
21.713890,1,4,3,16,1,16.667002,11.331400,5.443400,20.681801,1
21.730731,1,4,3,16,1,16.667002,2.782000,6.069400,16.749500,1
21.747254,1,4,3,16,1,16.666698,3.603600,4.688200,13.643800,1
21.764106,1,4,3,16,1,16.666698,9.293400,5.678700,17.551399,1
21.780662,1,4,3,16,1,16.666901,3.086400,5.589800,17.408001,1
21.797196,1,4,3,16,1,16.666800,3.320800,5.438600,13.644800,1
21.813870,1,4,3,16,1,16.666698,2.577800,5.144900,16.671700,1
21.830472,1,4,3,16,1,16.666901,2.558100,5.632300,15.894600,1
21.847282,1,4,3,16,1,16.667002,2.465100,4.736600,16.156601,1
21.863862,1,4,3,16,1,16.666800,2.922200,5.470000,17.354799,1
21.880524,1,4,3,16,1,16.666800,2.634400,6.036500,16.183300,1
21.897144,1,4,3,16,1,16.667002,2.769600,5.904000,16.791500,1
21.913986,1,4,3,16,1,16.666800,2.412400,5.236400,16.962601,1
21.930498,1,4,3,16,1,16.666698,2.691800,5.683300,16.683001,1
21.947186,1,4,3,16,1,16.666800,2.601900,5.339700,16.318501,1
21.963918,1,4,3,16,1,16.666698,2.730700,4.973400,16.698299,1
21.980676,1,4,3,16,1,16.666698,2.644500,5.209600,16.350300,1
21.997189,1,4,3,16,1,16.666901,3.115000,4.630700,16.601000,1
22.013837,1,4,3,16,1,16.666901,2.559400,4.882500,17.168400,1
22.030643,1,4,3,16,1,16.666800,3.009300,5.186400,15.798300,1
22.047349,1,4,3,16,1,16.666901,2.612100,5.117200,17.159201,1
22.063818,1,4,3,16,1,16.667002,3.154400,4.853800,16.630800,1
22.080529,1,4,3,16,1,16.666800,2.528500,5.056900,15.979500,1
22.097241,1,4,3,16,1,16.666800,2.777700,5.621400,17.116100,1
22.113953,1,4,3,16,1,16.666901,3.250300,4.836400,13.974600,1
22.130539,1,4,3,16,1,16.666800,2.891800,6.573100,16.699400,1
22.147332,1,4,3,16,1,16.666698,3.554500,5.055900,19.018700,1
22.164009,1,4,3,16,1,16.666901,3.096600,7.777200,14.200800,1
22.180657,1,4,3,16,1,16.666800,3.976700,7.540000,17.295401,1
22.206291,1,4,3,14,1,16.667002,3.466900,7.476600,20.431900,1
22.214004,1,4,3,14,1,16.666901,12.687100,6.726800,20.431900,1
22.230530,1,4,3,14,1,16.666698,3.202300,5.198200,15.039500,1
22.247344,1,4,3,14,1,16.666901,2.673300,5.071200,12.180500,1
22.263959,1,4,3,14,1,16.666800,9.118100,6.776600,19.492800,1
22.280526,1,4,3,14,1,16.666698,2.867200,4.817400,17.040400,1
22.297435,1,4,3,14,1,16.666800,3.107300,6.023700,14.010400,1
22.314022,1,4,3,14,1,16.666800,2.920000,5.755400,13.457400,1
22.330530,1,4,3,14,1,16.666702,3.364500,5.427400,16.430099,1
22.347403,1,4,3,14,1,16.666998,2.677100,7.486500,16.490499,1
22.363855,1,4,3,14,1,16.666800,3.141300,5.652900,17.245100,1
22.380580,1,4,3,14,1,16.666901,2.886600,5.663600,16.046101,1
22.397202,1,4,3,14,1,16.666702,2.948900,7.228100,16.948299,1
22.414031,1,4,3,14,1,16.666897,3.232100,5.225200,16.419800,1
22.430622,1,4,3,14,1,16.666901,2.649300,4.383800,16.874500,1
22.447340,1,4,3,14,1,16.666901,2.675600,4.891800,16.789499,1
22.463835,1,4,3,14,1,16.666800,3.066400,5.040800,16.654301,1
22.480836,1,4,3,14,1,16.667002,2.749800,5.055400,16.299000,1
22.497322,1,4,3,14,1,16.666800,2.902700,5.502300,17.781799,1
22.513910,1,4,3,14,1,16.666901,2.854600,5.180400,15.679500,1
22.530529,1,4,3,14,1,16.666698,2.745800,5.421500,16.606199,1
22.547355,1,4,3,14,1,16.667002,2.716800,5.036800,16.674801,1
22.563937,1,4,3,14,1,16.666800,2.658300,5.733000,16.965599,1
22.580616,1,4,3,14,1,16.666698,2.708600,5.517100,17.207300,1
22.597221,1,4,3,14,1,16.666901,2.831600,6.199700,16.010300,1
22.614131,1,4,3,14,1,16.666901,2.979700,5.423700,16.367599,1
22.630633,1,4,3,14,1,16.666800,3.020400,5.666400,17.144800,1
22.647452,1,4,3,14,1,16.667101,3.044000,5.540200,16.416800,1
22.664065,1,4,3,14,1,16.666998,3.592700,6.671100,17.552401,1
22.680927,1,4,3,14,1,16.667002,3.317300,5.979800,15.840200,1
22.706626,2,4,3,13,0,16.667002,3.453300,6.067700,17.138700,1
22.753892,2,4,3,13,0,56.706001,56.522301,6.067700,17.138700,1
22.770720,2,4,3,13,0,16.666901,11.386900,6.282200,14.701500,1
22.787208,2,4,3,13,0,16.666800,3.681800,5.519800,10.469400,1
22.803987,2,4,3,13,0,16.666901,3.424100,5.101300,14.095400,1
22.820999,2,4,3,13,0,16.666800,2.940500,7.063300,18.249701,1
22.837338,2,4,3,13,0,16.666800,4.011200,7.980000,17.418200,1
22.853935,2,4,3,13,0,16.666800,3.813900,6.412100,15.258700,1
22.870602,2,4,3,13,0,16.666901,2.936400,6.766800,17.114100,1
22.887262,2,4,3,13,0,16.666800,3.097800,8.065100,17.295300,1
22.904142,2,4,3,13,0,16.666901,3.227500,5.492900,15.316000,1
22.920555,2,4,3,13,0,16.667002,3.329800,7.957500,18.208799,1
22.937214,2,4,3,13,0,16.666998,4.170400,4.993600,17.647600,1
22.954082,2,4,3,13,0,16.667002,2.775400,7.024500,17.699800,1
22.970566,2,4,3,13,0,16.666800,3.880400,6.520500,17.970200,1
22.987378,2,4,3,13,0,16.667002,3.518300,7.213500,18.695200,1
23.003946,2,4,3,13,0,16.666698,3.212800,6.423600,16.896000,1
23.020703,2,4,3,13,0,16.667101,3.585400,5.605400,17.251301,1
23.184381,2,4,3,13,0,159.295700,3.552500,2.155800,17.482800,1
23.196570,2,4,3,13,0,16.666901,116.305298,6.670900,153.751495,1
23.219739,0,5,3,0,0,16.666800,4.376400,5.352500,13.891600,1
23.274978,0,5,5,0,0,61.728100,58.540199,5.352500,13.891600,1
23.292915,0,5,5,0,0,16.666901,15.126900,5.777600,16.084999,1
23.308479,0,5,5,0,0,16.666800,7.192800,5.283800,13.425600,1
23.324824,0,5,5,0,0,16.667002,4.989300,5.976400,12.455000,1
23.341569,0,5,5,0,0,16.666800,3.270200,5.171100,17.137600,1
23.359214,0,5,5,0,0,16.666800,4.948900,5.588300,16.193600,1
23.374902,0,5,5,0,0,16.666698,5.014200,5.894000,19.833799,1
23.391587,0,5,5,0,0,16.724102,5.059100,8.358800,13.283300,1
23.408364,0,5,5,0,0,16.666698,3.444900,5.559300,17.660999,1
23.425495,0,5,5,0,0,16.666901,7.862600,6.518600,18.500601,1
23.441583,0,5,5,0,0,16.666901,6.327100,5.171800,16.768000,1
23.458364,0,5,5,0,0,16.666800,2.618000,7.872900,16.843700,1
23.475286,0,5,5,0,0,16.666901,4.071900,5.157500,14.381100,1
23.492355,0,5,5,0,0,16.666800,3.078300,6.521500,14.151700,1
23.508396,0,5,5,0,0,16.666698,4.190200,8.528600,21.386200,1
23.525127,0,5,5,0,0,16.666800,3.705600,6.663600,15.359000,1
23.728178,0,5,5,0,0,196.670700,3.173000,2.049900,13.122600,1
23.738486,0,5,5,0,0,16.667002,166.075806,5.605000,202.899399,1
23.755010,0,5,5,0,0,16.666998,2.993500,5.588700,13.434900,1
23.771965,0,5,5,0,0,16.667002,2.664800,5.666300,13.276200,1
23.788374,0,5,5,0,0,16.667002,3.238600,5.864500,17.183701,1
23.804908,0,5,5,0,0,16.666800,7.209600,6.182800,20.452400,1
23.821716,0,5,5,0,0,16.666901,3.221000,5.975500,15.056800,1
23.838548,0,5,5,0,0,16.666901,2.885400,7.073500,14.165000,1
23.854959,0,5,5,0,0,16.666901,3.034600,6.953600,16.718901,1
23.871706,0,5,5,0,0,16.667097,2.670100,5.716000,16.479200,1
23.888290,0,5,5,0,0,16.667101,3.448500,7.592900,16.937000,1
23.904978,0,5,5,0,0,16.666901,3.260200,6.121600,19.814400,1
23.923825,0,5,5,0,0,16.666698,2.619800,8.133900,13.205500,1
23.938500,0,5,5,0,0,16.666901,5.249200,5.440400,19.012600,1
23.955021,0,5,5,0,0,16.672998,3.007500,6.242200,18.442200,1
23.971576,0,5,5,0,0,16.666901,2.736200,5.667300,12.622900,1
23.988222,0,5,5,0,0,16.666800,3.060400,5.341100,16.451599,1
24.005268,0,5,5,0,0,16.688902,2.708800,5.332500,16.918501,1
24.021598,0,5,5,0,0,16.666901,3.162700,5.145700,16.883699,1
24.038271,0,5,5,0,0,16.666998,2.419100,4.698000,16.252899,1
24.054990,0,5,5,0,0,16.666901,2.397700,6.243400,16.647200,1
24.071671,0,5,5,0,0,16.667002,2.735700,4.692200,16.693199,1
24.088456,0,5,5,0,0,16.667002,2.550600,5.863200,16.772100,1
24.104989,0,5,5,0,0,16.666901,2.787300,4.949700,16.791599,1
24.121681,0,5,5,0,0,16.666897,2.626800,6.397500,16.456699,1
24.138453,0,5,5,0,0,16.667101,2.498800,5.975300,16.705500,1
24.154982,0,5,5,0,0,16.667002,3.120800,7.183400,16.929800,1
24.171751,0,5,5,0,0,16.666901,2.538500,5.660600,16.667700,1
24.188412,0,5,5,0,0,16.666800,2.667400,6.631400,16.395201,1
24.205046,0,5,5,0,0,16.667002,3.453600,7.485900,17.292299,1
24.232338,1,5,5,40,4,16.666897,3.212700,6.551900,16.116800,1
24.294993,1,5,10,40,4,72.692200,72.175499,6.551900,16.116800,1
24.311295,1,5,10,40,4,16.666702,12.307900,8.695700,86.038498,1
24.327931,1,5,10,40,4,16.666800,3.081500,6.774400,10.558400,1
24.344418,1,5,10,40,4,16.666897,3.319100,8.536600,10.060800,1
24.361198,1,5,10,40,4,16.667002,3.398600,5.986600,20.300800,1
24.377754,1,5,10,40,4,16.666800,3.401000,6.792300,12.896300,1
24.394448,1,5,10,40,4,16.666901,2.915300,7.462400,16.923599,1
24.411270,1,5,10,40,4,16.666901,3.827900,6.091100,16.358400,1
24.427858,1,5,10,40,4,16.666800,3.485100,5.819800,17.086500,1
24.444645,1,5,10,40,4,16.666800,3.370200,6.227500,16.612301,1
24.461213,1,5,10,40,4,16.666698,3.667200,6.159200,17.186899,1
24.478227,1,5,10,40,4,16.666800,3.244400,6.445900,15.923200,1
24.494500,1,5,10,40,4,16.667002,4.036500,6.912500,17.390499,1
24.511198,1,5,10,40,4,16.666800,3.218600,6.671000,16.053301,1
24.527871,1,5,10,40,4,16.666901,3.343900,7.055000,16.481300,1
24.544416,1,5,10,40,4,16.666698,3.364500,6.505400,16.844801,1
24.764887,1,5,10,36,4,211.067001,3.211300,2.149800,20.314100,1
24.772169,1,5,9,36,4,16.666800,189.534195,2.149800,20.314100,1
24.788822,1,5,9,36,4,16.666901,2.967600,20.668200,230.303696,1
24.805695,1,5,9,36,4,16.666800,2.940100,6.338700,8.779800,1
24.822241,1,5,9,36,4,16.666901,11.119800,7.785900,8.779800,1
24.838912,1,5,9,36,4,16.666698,3.566500,7.371700,16.082001,1
24.855544,1,5,9,36,4,16.666901,3.146800,7.674000,13.330400,1
24.872564,1,5,9,36,4,16.666698,5.129600,7.317400,12.667900,1
24.889097,1,5,9,36,4,16.666800,4.006300,8.977500,21.408800,1
24.905914,1,5,9,36,4,16.666800,3.704300,8.509700,15.903700,1
24.922428,1,5,9,36,4,16.666901,3.926300,8.648500,13.371400,1
24.939060,1,5,9,36,4,16.688702,4.514600,8.371700,15.872000,1
24.955662,1,5,9,36,4,16.666901,4.020900,8.211400,17.294300,1
24.972309,1,5,9,36,4,16.666998,3.976100,7.180800,19.756100,1
24.989009,1,5,9,36,4,16.666901,3.598000,8.077800,12.680200,1
25.005720,1,5,9,36,4,16.666901,4.579100,6.957300,20.471800,1
25.022305,1,5,9,36,4,16.667101,3.617300,9.105400,12.923900,1
25.038991,1,5,9,36,4,16.666800,3.525100,7.752500,16.994301,1
25.055741,1,5,9,36,4,16.666901,3.599800,7.943400,16.313299,1
25.072488,1,5,9,36,4,16.666901,3.492900,8.532200,16.621599,1
25.089061,1,5,9,36,4,16.666800,3.741600,8.788400,17.051600,1
25.105716,1,5,9,36,4,16.666698,3.852000,6.489800,20.491301,1
25.122791,1,5,9,36,4,16.666800,3.742000,7.336100,12.830700,1
25.138931,1,5,9,36,4,16.666901,3.999300,7.027100,16.724001,1
25.155714,1,5,9,36,4,16.667002,3.571900,7.476000,16.095200,1
25.172423,1,5,9,36,4,16.666901,3.556200,8.327900,17.724400,1
25.189157,1,5,9,36,4,16.666800,4.094500,8.364100,16.010300,1
25.205723,1,5,9,36,4,16.666698,4.762900,7.590700,17.225700,1
25.222380,1,5,9,36,4,16.667002,3.333900,6.519100,19.816500,1
25.239198,1,5,9,36,4,16.666800,3.573900,7.870400,12.753900,1
25.269439,1,5,9,33,4,16.666998,4.171000,7.432100,20.613100,1
25.277730,1,5,8,33,4,21.939703,21.136400,7.432100,20.613100,1
25.294517,1,5,8,33,4,16.667002,4.509500,9.324200,16.747601,1
25.311051,1,5,8,33,4,16.666897,5.404600,10.033200,10.359800,1
25.328394,1,5,8,33,4,16.666702,13.346300,10.033200,10.359800,1
25.344410,1,5,8,33,4,16.667097,5.021900,10.898800,19.687401,1
25.361578,1,5,8,33,4,16.667002,4.208100,9.564600,11.357200,1
25.377751,1,5,8,33,4,16.667002,5.079100,8.948900,16.118799,1
25.394378,1,5,8,33,4,16.666901,4.410600,9.674300,16.164801,1
25.411083,1,5,8,33,4,16.666698,4.483500,8.715500,15.290400,1
25.427596,1,5,8,33,4,16.666698,4.653000,8.684700,16.879601,1
25.444675,1,5,8,33,4,16.666901,4.007500,7.987900,16.293900,1
25.460948,1,5,8,33,4,16.666800,4.281300,9.073300,18.016300,1
25.477732,1,5,8,33,4,16.719200,4.070200,10.090000,16.226299,1
25.494591,1,5,8,33,4,16.666901,4.119100,8.619800,16.028700,1
25.510959,1,5,8,33,4,16.667002,4.155100,6.821900,15.935400,1
25.528601,1,5,8,33,4,16.667002,3.415900,8.716700,12.755000,1
25.544371,1,5,8,33,4,16.666998,6.469500,8.959600,18.607100,1
25.561061,1,5,8,33,4,16.667002,3.859200,7.117500,19.163099,1
25.577598,1,5,8,33,4,16.666698,3.983600,8.068300,12.311600,1
25.594266,1,5,8,33,4,16.667002,3.537000,7.394600,20.711399,1
25.611357,1,5,8,33,4,16.666800,3.790400,7.819300,16.293900,1
25.627782,1,5,8,33,4,16.667101,3.854000,6.575100,13.608900,1
25.644353,1,5,8,33,4,16.666998,3.833300,6.820900,20.216900,1
25.661427,1,5,8,33,4,16.666702,3.778800,6.698000,16.294901,1
25.677600,1,5,8,33,4,16.666800,4.312500,7.484900,13.653000,1
25.694585,1,5,8,33,4,16.666901,3.474000,7.923900,19.707899,1
25.711127,1,5,8,33,4,16.666998,4.556000,10.481200,13.318100,1
25.727769,1,5,8,33,4,16.667002,4.369500,9.626500,22.539301,1
25.744511,1,5,8,33,4,16.666800,4.625000,9.375700,15.804400,1
25.774715,1,5,8,28,4,16.666800,4.283900,9.140900,16.368700,1
25.781558,1,5,7,28,4,20.679399,20.511700,9.140900,16.368700,1
25.798402,1,5,7,28,4,16.667002,4.414400,9.291600,18.087999,1
25.815024,1,5,7,28,4,16.666698,5.264400,6.609200,11.260900,1
25.831725,1,5,7,28,4,16.666800,10.082300,7.452300,18.532400,1
25.848406,1,5,7,28,4,16.666901,5.247000,6.214600,16.896999,1
25.865031,1,5,7,28,4,16.666901,3.622900,6.962600,15.680500,1
25.881694,1,5,7,28,4,16.667002,3.142400,6.844600,16.072701,1
25.898386,1,5,7,28,4,16.666901,3.196500,6.744700,16.222200,1
25.915241,1,5,7,28,4,16.666901,3.246300,7.620400,16.940001,1
25.931756,1,5,7,28,4,16.666901,3.276400,8.852200,15.876100,1
25.948758,1,5,7,28,4,16.666897,3.579500,8.260500,16.515100,1
25.964927,1,5,7,28,4,16.666803,4.268100,7.724000,16.635900,1
25.982069,1,5,7,28,4,16.666800,3.400900,6.734300,16.220200,1
25.998395,1,5,7,28,4,16.666897,4.109200,7.200400,18.100201,1
26.015198,1,5,7,28,4,16.666702,3.920500,6.900300,15.918100,1
26.031847,1,5,7,28,4,16.666901,3.743800,7.356700,15.997900,1
26.048757,1,5,7,28,4,16.870600,3.862300,7.906100,17.025000,1
26.065335,1,5,7,28,4,16.667097,3.794200,9.457700,15.669300,1
26.081959,1,5,7,28,4,16.667002,4.256300,8.319800,14.989300,1
26.099028,1,5,7,28,4,16.666901,3.946200,6.651700,17.544201,1
26.115202,1,5,7,28,4,16.667101,4.018400,8.356300,17.155100,1
26.131884,1,5,7,28,4,16.666698,3.395900,6.694700,17.269699,1
26.148655,1,5,7,28,4,16.666800,3.392800,7.521900,16.409599,1
26.165639,1,5,7,28,4,16.666800,3.586200,8.356500,15.327300,1
26.181925,1,5,7,28,4,16.666698,4.578000,8.543600,18.286600,1
26.198609,1,5,7,28,4,16.666901,3.892400,6.817100,15.681500,1
26.215169,1,5,7,28,4,16.666800,4.407900,7.631200,16.767000,1
26.231879,1,5,7,28,4,16.666901,3.670200,8.149400,16.953300,1
26.248553,1,5,7,28,4,16.667002,3.320100,7.147400,16.778200,1
26.275324,1,5,7,21,4,16.667002,3.357400,8.626900,16.169001,1
26.282028,1,5,4,21,4,16.975500,15.587600,8.626900,16.169001,1
26.299104,1,5,4,21,4,16.666901,4.677000,7.367700,23.207899,1
26.315875,1,5,4,21,4,16.666897,5.050800,7.038500,13.669400,1
26.332323,1,5,4,21,4,16.666800,9.847300,9.213500,13.669400,1
26.349347,1,5,4,21,4,16.666803,4.277000,8.604700,16.271400,1
26.365692,1,5,4,21,4,16.666897,4.943100,9.024900,16.014299,1
26.382487,1,5,4,21,4,16.667002,4.653300,6.759000,15.558700,1
26.398879,1,5,4,21,4,16.666800,3.766600,6.947100,15.947700,1
26.415764,1,5,4,21,4,16.666901,3.883700,8.605600,16.227400,1
26.432090,1,5,4,21,4,16.666901,4.303300,5.965400,15.853500,1
26.448796,1,5,4,21,4,16.666698,3.163200,5.854700,16.047100,1
26.465758,1,5,4,21,4,16.666800,3.585200,7.440100,15.790100,1
26.482103,1,5,4,21,4,16.666901,4.063400,6.289900,16.002100,1
26.498757,1,5,4,21,4,16.666800,3.207000,6.527800,17.090500,1
26.515546,1,5,4,21,4,16.666800,3.106300,6.313800,16.316401,1
26.532226,1,5,4,21,4,16.666901,3.048700,8.497700,17.493000,1
26.548910,1,5,4,21,4,16.666800,3.766300,9.029100,15.509500,1
26.565484,1,5,4,21,4,16.674702,3.444300,6.876100,16.920601,1
26.582146,1,5,4,21,4,16.666901,3.206500,7.242900,16.699400,1
26.598790,1,5,4,21,4,16.666698,3.389200,7.079100,16.158701,1
26.615429,1,5,4,21,4,16.666901,3.682900,7.521300,16.494600,1
26.632404,1,5,4,21,4,16.667002,3.253900,6.586200,17.230900,1
26.648836,1,5,4,21,4,16.666901,3.989500,6.942500,16.949200,1
26.665419,1,5,4,21,4,16.666901,3.406200,5.506600,16.437300,1
26.682068,1,5,4,21,4,16.666897,2.798500,6.019200,16.946100,1
26.698721,1,5,4,21,4,16.666901,3.100000,5.761000,16.597000,1
26.715604,1,5,4,21,4,16.667002,3.297300,5.396300,15.537200,1
26.732073,1,5,4,21,4,16.666901,3.179100,6.491900,16.139200,1
26.748798,1,5,4,21,4,16.667002,3.038000,5.889300,16.735300,1
26.774335,1,5,4,18,3,16.666901,3.039000,6.238000,16.784401,1
26.782492,1,5,3,18,3,16.681198,12.420900,6.939500,16.784401,1
26.798869,1,5,3,18,3,16.666901,4.127400,5.588400,18.398199,1
26.815542,1,5,3,18,3,16.666698,3.057900,5.199300,12.427300,1
26.832209,1,5,3,18,3,16.666702,3.329100,6.957200,15.147000,1
26.848818,1,5,3,18,3,16.666800,8.983100,8.376500,17.865700,1
26.865376,1,5,3,18,3,16.666897,3.547600,5.825200,20.943899,1
26.882174,1,5,3,18,3,16.666803,3.286000,6.103400,15.579100,1
26.898725,1,5,3,18,3,16.666698,2.867200,7.280900,13.876300,1
26.915798,1,5,3,18,3,16.666901,2.849300,5.165400,18.382799,1
26.932540,1,5,3,18,3,16.666998,3.161300,5.183900,16.060400,1
26.948984,1,5,3,18,3,16.666800,3.242900,5.849100,16.273399,1
26.965574,1,5,3,18,3,16.666803,2.832400,6.020900,14.837800,1
26.982101,1,5,3,18,3,16.666800,2.853900,5.131600,16.405500,1
26.998814,1,5,3,18,3,16.672798,3.122500,5.586500,14.102500,1
27.015388,1,5,3,18,3,16.666901,3.126300,4.642300,16.394300,1
27.032150,1,5,3,18,3,16.666698,2.510200,4.731000,16.672701,1
27.048931,1,5,3,18,3,16.667002,3.241700,5.094400,17.364000,1
27.065446,1,5,3,18,3,16.666901,3.066800,5.668100,16.034800,1
27.082181,1,5,3,18,3,16.666901,2.657700,6.935900,17.221600,1
27.099164,1,5,3,18,3,16.666901,2.715900,5.676400,16.778299,1
27.115704,1,5,3,18,3,16.666901,3.378700,5.619300,17.001499,1
27.132136,1,5,3,18,3,16.666800,3.726900,4.933300,15.639500,1
27.148823,1,5,3,18,3,16.666800,2.792400,5.187700,16.411699,1
27.165587,1,5,3,18,3,16.666800,2.720200,6.236300,17.640400,1
27.182101,1,5,3,18,3,16.666800,2.931200,5.580500,15.954900,1
27.198733,1,5,3,18,3,16.666901,2.658700,5.537000,16.898100,1
27.215510,1,5,3,18,3,16.667002,3.692200,6.381700,17.711100,1
27.232067,1,5,3,18,3,16.666897,2.912900,5.838900,16.092199,1
27.248744,1,5,3,18,3,16.666901,2.766100,5.985300,16.702400,1
27.273757,1,5,3,17,2,16.667101,3.113100,6.358600,16.184299,1
27.282281,1,5,2,17,2,16.667002,12.409300,7.064900,16.184299,1
27.299096,1,5,2,17,2,16.666800,3.446800,5.059700,18.694201,1
27.315440,1,5,2,17,2,16.666901,3.802000,5.834400,13.453300,1
27.332274,1,5,2,17,2,16.666698,2.812100,6.046100,12.765200,1
27.349447,1,5,2,17,2,16.666901,12.222300,6.046100,12.765200,1
27.365701,1,5,2,17,2,16.666901,4.529900,8.603400,20.917299,1
27.382086,1,5,2,17,2,16.666998,4.097800,6.672000,14.255100,1
27.398868,1,5,2,17,2,16.666702,2.730900,5.549600,14.375900,1
27.415445,1,5,2,17,2,16.666800,3.356400,5.158900,14.975000,1
27.432201,1,5,2,17,2,16.666800,2.786700,5.392000,13.859800,1
27.448913,1,5,2,17,2,16.666698,3.310100,6.104200,16.802799,1
27.465544,1,5,2,17,2,16.666800,3.825700,6.925400,17.298401,1
27.482536,1,5,2,17,2,16.666800,3.402800,5.378400,13.936600,1
27.498896,1,5,2,17,2,16.666901,3.678900,6.252900,15.451200,1
27.515601,1,5,2,17,2,16.666698,3.270400,6.675500,19.009501,1
27.532075,1,5,2,17,2,16.666901,3.592000,6.737400,13.924400,1
27.548750,1,5,2,17,2,16.667002,3.267300,4.886800,18.754499,1
27.565574,1,5,2,17,2,16.666901,2.821100,5.652900,13.962300,1
27.582124,1,5,2,17,2,16.666901,3.335200,5.749800,16.715700,1
27.598785,1,5,2,17,2,16.666800,3.327300,5.792900,16.959499,1
27.615458,1,5,2,17,2,16.666998,3.365100,5.644100,16.172100,1
27.632137,1,5,2,17,2,16.667002,2.870500,5.976200,16.695299,1
27.648814,1,5,2,17,2,16.666901,3.213900,5.151700,16.699400,1
27.665436,1,5,2,17,2,16.666800,2.774900,5.917400,16.989100,1
27.682201,1,5,2,17,2,16.666800,3.753400,4.944000,16.222200,1
27.699071,1,5,2,17,2,16.666901,3.370200,6.620300,17.162300,1
27.715684,1,5,2,17,2,16.667002,3.286600,5.212100,16.566299,1
27.732156,1,5,2,17,2,16.666800,3.279800,8.248900,17.381300,1
27.749006,1,5,2,17,2,16.667002,4.032400,7.675700,20.533300,1
27.775451,1,5,2,16,2,16.666698,3.616900,6.809800,16.723900,1
27.782711,1,5,2,16,2,16.666698,13.983800,6.809800,16.723900,1
27.798905,1,5,2,16,2,16.666901,4.224000,5.246800,17.065001,1
27.815672,1,5,2,16,2,16.666901,3.628500,7.610900,11.067400,1
27.832241,1,5,2,16,2,16.666901,3.946700,6.190700,11.932700,1
27.849022,1,5,2,16,2,16.666901,3.769000,6.138400,19.814400,1
27.865640,1,5,2,16,2,16.666998,10.175900,8.094200,19.765200,1
27.882187,1,5,2,16,2,16.667002,3.891600,6.669100,17.293301,1
27.898918,1,5,2,16,2,16.667002,3.169800,7.774900,13.689900,1
27.916174,1,5,2,16,2,16.666800,3.716400,7.465400,12.475400,1
27.932373,1,5,2,16,2,16.666698,4.423000,7.976000,17.529800,1
27.948854,1,5,2,16,2,16.666901,3.956300,6.162700,18.973700,1
27.965592,1,5,2,16,2,16.666698,3.526500,7.204900,13.436900,1
27.982281,1,5,2,16,2,16.667002,3.972300,6.113800,16.493601,1
27.998900,1,5,2,16,2,16.667002,3.494300,7.897900,17.160200,1
28.015858,1,5,2,16,2,16.666800,4.154900,7.617700,19.625999,1
28.032178,1,5,2,16,2,16.667002,3.817700,7.628900,13.943800,1
28.048919,1,5,2,16,2,16.666800,4.039600,5.610400,19.138599,1
28.065729,1,5,2,16,2,16.666998,3.358000,8.987400,14.505900,1
28.082386,1,5,2,16,2,16.666901,4.017900,4.958200,18.624599,1
28.098801,1,5,2,16,2,16.666800,3.326800,7.013000,14.259200,1
28.115478,1,5,2,16,2,16.666800,3.606400,5.410000,19.277800,1
28.132213,1,5,2,16,2,16.666901,3.543100,5.408700,13.498300,1
28.148856,1,5,2,16,2,16.666901,3.014600,6.752400,16.648199,1
28.165447,1,5,2,16,2,16.666800,3.822900,6.533500,17.852501,1
28.182329,1,5,2,16,2,16.666901,4.281900,5.408400,15.225800,1
28.199113,1,5,2,16,2,16.666800,3.015600,7.989000,16.928801,1
28.215780,1,5,2,16,2,16.667101,4.900900,6.994300,21.875700,1
28.232960,1,5,2,16,2,16.667002,4.580600,6.948200,16.734200,1
28.248905,1,5,2,16,2,16.666698,4.922800,6.640100,12.296200,1
28.277578,2,5,2,15,0,16.666800,2.934500,7.729200,20.017099,1
28.356745,2,5,2,15,0,88.052094,87.337799,7.729200,20.017099,1
28.370293,2,5,2,15,0,16.666803,16.086201,9.590800,96.215103,1
28.388783,2,5,2,15,0,16.666698,4.374900,7.406200,14.759900,1
28.403844,2,5,2,15,0,16.673599,6.517500,7.421100,12.785700,1
28.420532,2,5,2,15,0,16.666800,3.972300,6.414400,15.136700,1
28.436984,2,5,2,15,0,16.666698,4.053100,6.966100,16.987200,1
28.455328,2,5,2,15,0,16.667002,4.121300,5.041500,14.657500,1
28.470565,2,5,2,15,0,16.666800,4.885700,5.978100,15.698000,1
28.486957,2,5,2,15,0,16.666901,3.949500,6.074900,15.074300,1
28.503847,2,5,2,15,0,16.666698,3.817700,5.347200,16.476101,1
28.520363,2,5,2,15,0,16.666702,3.451400,5.783600,17.018900,1
28.538593,2,5,2,15,0,16.666897,3.514300,6.828900,16.399401,1
28.553659,2,5,2,15,0,16.667002,5.440400,6.389300,18.205700,1
28.570231,2,5,2,15,0,16.667002,3.547100,6.636200,14.948300,1
28.587006,2,5,2,15,0,16.666901,3.360000,6.865800,17.137699,1
28.726341,2,5,2,15,0,137.195099,3.700900,1.841800,16.473101,1
28.741702,2,5,2,15,0,16.667002,110.481499,8.573300,138.989502,1
28.757497,2,5,2,15,0,16.666800,4.932300,7.728800,15.463400,1
28.780094,0,6,2,0,0,16.666800,4.267300,7.798100,15.854600,1
28.846764,0,6,5,0,0,71.379501,71.116501,7.798100,15.854600,1
28.862411,0,6,5,0,0,16.666698,5.526800,9.735500,83.866699,1
28.879092,0,6,5,0,0,16.666800,9.527300,8.677500,10.943500,1
28.895497,0,6,5,0,0,16.666800,3.735700,6.435600,17.149000,1
28.912129,0,6,5,0,0,16.666901,3.256000,6.799300,11.583500,1
28.928955,0,6,5,0,0,16.666800,7.507500,6.944100,20.790199,1
28.946468,0,6,5,0,0,16.666901,5.857400,6.319900,16.624701,1
28.962068,0,6,5,0,0,16.667097,4.227600,5.392300,13.485000,1
28.978720,0,6,5,0,0,16.666702,3.132300,5.085400,18.246700,1
28.995309,0,6,5,0,0,16.666800,2.955500,6.420200,14.368700,1
29.012355,0,6,5,0,0,16.666698,3.211200,4.435500,16.793600,1
29.028708,0,6,5,0,0,16.666800,3.151100,7.213800,16.758801,1
29.045289,0,6,5,0,0,16.667002,3.890800,5.405000,19.198000,1
29.062283,0,6,5,0,0,16.666698,2.982500,5.100200,13.516800,1
29.078809,0,6,5,0,0,16.666901,2.932900,5.185000,19.650600,1
29.095591,0,6,5,0,0,16.666901,2.983200,5.248600,16.460800,1
29.267263,0,6,5,0,0,171.869690,6.081800,1.999100,16.460800,1
29.288757,0,6,6,0,0,16.676300,137.821106,7.533600,169.222198,1
29.300592,0,6,6,0,0,16.666800,11.254600,6.813700,24.047600,1
29.317155,0,6,6,0,0,16.666901,2.848500,5.292400,14.811100,1
29.333827,0,6,6,0,0,16.667002,2.347500,5.816700,9.989200,1
29.351349,0,6,6,0,0,16.666800,2.871900,4.618700,16.526300,1
29.367409,0,6,6,0,0,16.667101,3.590900,5.134600,17.934299,1
29.384049,0,6,6,0,0,16.666897,6.559600,5.061200,18.626600,1
29.400636,0,6,6,0,0,16.666800,3.157800,5.530300,16.750601,1
29.417297,0,6,6,0,0,16.666803,2.724100,4.471500,13.423600,1
29.433886,0,6,6,0,0,16.666897,2.724300,5.105400,17.179600,1
29.450707,0,6,6,0,0,16.666901,3.126300,5.095300,16.291901,1
29.467239,0,6,6,0,0,16.666800,3.082200,4.931400,16.823299,1
29.484372,0,6,6,0,0,16.666702,2.779200,5.867600,16.391100,1
29.501380,0,6,6,0,0,16.666901,8.528400,5.460000,22.249500,1
29.517507,0,6,6,0,0,16.666800,6.941700,5.081000,14.705700,1
29.534174,0,6,6,0,0,16.666800,3.731200,7.099200,14.258200,1
29.550759,0,6,6,0,0,16.666698,3.495400,6.492000,19.614700,1
29.567353,0,6,6,0,0,16.666901,3.419600,6.734100,16.555000,1
29.584119,0,6,6,0,0,16.666800,3.241500,6.082900,12.765200,1
29.600603,0,6,6,0,0,16.666901,3.344000,6.660800,17.131500,1
29.617389,0,6,6,0,0,16.666901,3.499400,5.926800,20.018200,1
29.633878,0,6,6,0,0,16.666901,3.323600,6.954200,13.173700,1
29.650692,0,6,6,0,0,16.666998,4.051500,5.241500,19.023899,1
29.667497,0,6,6,0,0,16.666698,3.081500,6.043000,14.225400,1
29.683953,0,6,6,0,0,16.666803,3.543600,5.242000,16.719900,1
29.700637,0,6,6,0,0,16.666800,2.909800,7.383900,16.587799,1
29.717497,0,6,6,0,0,16.666998,3.251300,5.526900,19.628000,1
29.734042,0,6,6,0,0,16.667002,3.487000,5.616200,13.868000,1
29.750671,0,6,6,0,0,16.667002,3.026000,6.209400,16.433201,1
29.767263,0,6,6,0,0,16.666800,3.405800,6.497500,16.879601,1
29.792681,1,6,6,41,4,16.666901,3.575600,5.550500,19.143700,1
29.852912,1,6,11,41,4,68.624794,67.481400,5.550500,19.143700,1
29.869258,1,6,11,41,4,16.667101,4.837400,5.135200,14.025700,1
29.886352,1,6,11,41,4,16.666901,8.671900,6.260000,12.108800,1
29.902839,1,6,11,41,4,16.666800,3.580400,5.629200,15.509500,1
29.920155,1,6,11,41,4,16.666698,3.594500,6.818700,12.754900,1
29.936101,1,6,11,41,4,16.666800,3.911900,6.224900,17.567801,1
29.952729,1,6,11,41,4,16.666901,3.623400,4.991800,15.670300,1
29.969371,1,6,11,41,4,16.666800,3.299900,7.909700,16.973801,1
29.986089,1,6,11,41,4,16.666901,3.649800,7.047900,16.571400,1
30.002792,1,6,11,41,4,16.666901,3.757500,5.267000,16.565201,1
30.019373,1,6,11,41,4,16.666698,3.508700,5.759800,16.625700,1
30.069323,1,6,11,41,4,49.933300,50.001900,5.759800,16.625700,1
30.086166,1,6,11,41,4,16.667002,3.655500,7.304300,13.119400,1
30.102510,1,6,11,41,4,16.667002,4.719800,5.844400,10.409000,1
30.301160,1,6,11,35,4,188.883606,3.244300,2.153600,13.227000,1
30.308182,1,6,8,35,4,16.666800,169.519608,2.153600,13.227000,1
30.324779,1,6,8,35,4,16.667002,3.444100,6.922500,14.344200,1
30.341585,1,6,8,35,4,16.666800,3.241100,6.282900,10.843100,1
30.358064,1,6,8,35,4,16.666901,3.049600,6.676600,13.289500,1
30.374863,1,6,8,35,4,16.667002,2.852200,7.005500,16.297001,1
30.391579,1,6,8,35,4,16.666897,9.738000,8.911400,16.297001,1
30.408204,1,6,8,35,4,16.666901,3.627300,6.102300,15.324200,1
30.424818,1,6,8,35,4,16.666800,3.485700,7.462400,10.999800,1
30.441603,1,6,8,35,4,16.666702,2.949900,6.001300,16.592899,1
30.458108,1,6,8,35,4,16.666698,3.253700,6.594100,16.864201,1
30.474818,1,6,8,35,4,16.666901,3.248100,6.111100,16.919600,1
30.491400,1,6,8,35,4,16.666901,3.033700,8.266400,16.148500,1
30.508116,1,6,8,35,4,16.666998,3.182500,6.622700,21.326799,1
30.524872,1,6,8,35,4,16.667101,2.920700,7.161200,16.372801,1
30.541436,1,6,8,35,4,16.666901,3.436700,6.751100,16.891899,1
30.558154,1,6,8,35,4,16.679100,4.088100,5.812000,17.034201,1
30.574820,1,6,8,35,4,16.666800,3.088300,5.495900,16.067600,1
30.591418,1,6,8,35,4,16.666901,2.896000,6.323500,15.992800,1
30.608285,1,6,8,35,4,16.731300,3.130400,6.569900,16.777201,1
30.624778,1,6,8,35,4,16.666800,3.026700,5.137000,16.965700,1
30.641528,1,6,8,35,4,16.666901,2.675800,5.496600,15.802300,1
30.658148,1,6,8,35,4,16.666901,2.897100,5.908700,17.084400,1
30.674794,1,6,8,35,4,16.666698,3.137500,4.781600,15.844400,1
30.691674,1,6,8,35,4,16.666698,2.475000,5.090300,17.036301,1
30.708349,1,6,8,35,4,16.667002,2.917100,4.832000,16.366600,1
30.724840,1,6,8,35,4,16.666800,2.847200,5.332100,16.905199,1
30.741559,1,6,8,35,4,16.667097,2.856000,6.238700,16.622601,1
30.758252,1,6,8,35,4,16.666901,2.722900,5.461200,16.941000,1
30.774931,1,6,8,35,4,16.666901,2.849700,6.743100,16.086100,1
30.799816,1,6,8,29,4,16.666901,2.855100,6.552700,17.711100,1
30.808183,1,6,8,29,4,16.666800,12.552300,7.142800,17.711100,1
30.824898,1,6,8,29,4,16.666901,3.746600,6.196800,17.200100,1
30.841660,1,6,8,29,4,16.666698,3.438200,6.431100,12.522500,1
30.858195,1,6,8,29,4,16.666800,3.255700,6.305600,15.247400,1
30.874932,1,6,8,29,4,16.666702,3.021400,6.148900,15.848400,1
30.891496,1,6,8,29,4,16.666901,8.857900,6.418800,19.013700,1
30.908168,1,6,8,29,4,16.666998,3.408600,6.818800,16.436199,1
30.924874,1,6,8,29,4,16.666800,2.871200,6.442000,14.555100,1
30.941459,1,6,8,29,4,16.666901,2.827200,4.955200,15.577100,1
30.958131,1,6,8,29,4,16.666800,2.480200,4.972200,13.979700,1
30.974838,1,6,8,29,4,16.666800,2.878300,5.245200,16.995300,1
30.991513,1,6,8,29,4,16.666800,2.863600,5.982700,16.436199,1
31.008255,1,6,8,29,4,16.666800,2.796500,7.115300,16.811001,1
31.024911,1,6,8,29,4,16.666702,3.312500,7.302200,16.870399,1
31.041562,1,6,8,29,4,16.666800,3.247700,9.081700,21.600300,1
31.058221,1,6,8,29,4,16.666901,3.750300,6.463600,15.370200,1
31.074958,1,6,8,29,4,16.666998,3.411600,6.421900,16.462900,1
31.091645,1,6,8,29,4,16.666702,3.655200,6.723300,13.179900,1
31.108113,1,6,8,29,4,16.666998,3.174900,7.312600,16.964600,1
31.124835,1,6,8,29,4,16.666901,3.074400,6.061300,19.717100,1
31.141660,1,6,8,29,4,16.667002,2.534000,6.868500,13.039600,1
31.158170,1,6,8,29,4,16.666698,3.033200,6.493000,20.599800,1
31.174824,1,6,8,29,4,16.666698,3.168600,4.651300,15.365100,1
31.191669,1,6,8,29,4,16.684801,2.536200,6.084800,14.241800,1
31.208164,1,6,8,29,4,16.666800,3.283000,5.917300,19.612700,1
31.224890,1,6,8,29,4,16.667002,2.612800,5.741000,16.669701,1
31.241478,1,6,8,29,4,16.666800,2.703100,4.874000,16.205799,1
31.258128,1,6,8,29,4,16.666800,2.545400,5.963000,13.931500,1
31.274817,1,6,8,29,4,16.666800,2.780900,6.431100,20.403200,1
31.299858,1,6,8,24,4,16.666901,2.931300,5.215700,16.089100,1
31.308214,1,6,6,24,4,16.667002,11.613800,5.737300,22.651899,1
31.324949,1,6,6,24,4,16.666800,3.178700,5.565300,17.006599,1
31.341644,1,6,6,24,4,16.667101,3.691900,5.673000,12.821500,1
31.358287,1,6,6,24,4,16.666800,3.277800,6.870700,15.012900,1
31.374923,1,6,6,24,4,16.699501,3.472800,5.350400,16.046101,1
31.391519,1,6,6,24,4,16.666897,3.049600,7.257800,18.893801,1
31.408225,1,6,6,24,4,16.666901,8.840200,6.414700,16.678900,1
31.425191,1,6,6,24,4,16.667002,3.002500,6.681400,17.104900,1
31.441574,1,6,6,24,4,16.666901,3.957600,6.148200,14.765100,1
31.458264,1,6,6,24,4,16.666800,3.148300,7.135800,17.242100,1
31.474848,1,6,6,24,4,16.666901,3.516600,5.248700,15.067100,1
31.491779,1,6,6,24,4,16.666698,2.637600,7.794500,14.062600,1
31.508330,1,6,6,24,4,16.666800,5.260100,6.796500,20.649000,1
31.524880,1,6,6,24,4,16.666698,3.300200,8.631600,17.933300,1
31.541716,1,6,6,24,4,16.666702,3.079000,7.630700,15.567800,1
31.558375,1,6,6,24,4,16.666800,3.435200,7.121700,16.537600,1
31.575081,1,6,6,24,4,16.666998,3.802500,5.448500,15.804500,1
31.591660,1,6,6,24,4,16.666800,3.298300,6.932300,17.160200,1
31.608360,1,6,6,24,4,16.666901,3.573700,6.694800,16.265200,1
31.625139,1,6,6,24,4,16.666800,3.484000,5.190000,16.421900,1
31.641604,1,6,6,24,4,16.666901,3.629700,6.871700,17.712099,1
31.658288,1,6,6,24,4,16.666901,2.821900,5.835800,16.031700,1
31.674897,1,6,6,24,4,16.666800,3.741400,5.782000,16.007200,1
31.691547,1,6,6,24,4,16.666702,2.932500,6.092700,16.786400,1
31.708211,1,6,6,24,4,16.666998,2.771700,5.287900,16.375799,1
31.724896,1,6,6,24,4,16.666800,2.679900,6.423700,17.247299,1
31.741547,1,6,6,24,4,16.666800,3.312300,5.171100,16.056299,1
31.758341,1,6,6,24,4,16.666901,2.793200,6.431300,14.089200,1
31.775027,1,6,6,24,4,16.666901,3.354500,6.053200,20.248600,1
31.799971,1,6,6,19,2,16.666800,3.039600,6.124700,16.898001,1
31.808179,1,6,4,19,2,16.666800,13.229300,6.241500,16.898001,1
31.824988,1,6,4,19,2,16.667002,3.399400,5.997500,18.762800,1
31.841641,1,6,4,19,2,16.666800,3.525300,5.978700,11.630600,1
31.858496,1,6,4,19,2,16.737801,4.148200,6.968200,14.683100,1
31.875052,1,6,4,19,2,16.666901,3.527000,8.055600,15.094800,1
31.891611,1,6,4,19,2,16.666901,3.008700,5.344400,16.121901,1
31.908252,1,6,4,19,2,16.666901,8.252500,6.597000,19.061701,1
31.924995,1,6,4,19,2,16.666800,3.579100,5.569900,18.937901,1
31.941746,1,6,4,19,2,16.666800,3.430600,5.830300,15.019000,1
31.958297,1,6,4,19,2,16.666800,3.003000,6.829400,14.015500,1
31.975022,1,6,4,19,2,16.666800,3.104300,6.253700,16.815100,1
31.991794,1,6,4,19,2,16.670399,2.969300,7.548900,17.787901,1
32.008330,1,6,4,19,2,16.668100,3.742200,5.795200,15.792100,1
32.024989,1,6,4,19,2,16.666803,2.886600,6.265300,16.684000,1
32.041613,1,6,4,19,2,16.666998,3.215300,6.270100,16.603201,1
32.058295,1,6,4,19,2,16.667002,3.311400,7.351700,17.692699,1
32.075172,1,6,4,19,2,16.666901,3.181300,5.058700,14.475200,1
32.091733,1,6,4,19,2,16.778599,3.045000,6.838500,14.642200,1
32.108434,1,6,4,19,2,16.666901,3.123900,4.733900,18.479099,1
32.125116,1,6,4,19,2,16.666901,2.652300,6.799700,14.118900,1
32.141876,1,6,4,19,2,16.666800,2.794500,5.524200,19.806200,1
32.158403,1,6,4,19,2,16.666901,3.128800,7.290600,14.436400,1
32.175084,1,6,4,19,2,16.666800,3.520900,6.123600,19.389400,1
32.191977,1,6,4,19,2,16.666698,3.235200,5.451200,16.410601,1
32.208634,1,6,4,19,2,16.666901,2.975200,7.494100,18.168900,1
32.225183,1,6,4,19,2,16.666901,4.223100,7.975200,16.173000,1
32.241875,1,6,4,19,2,16.667097,3.169000,6.498800,15.792100,1
32.258539,1,6,4,19,2,16.666702,3.268500,9.472600,19.670099,1
32.275084,1,6,4,19,2,16.666698,3.857200,6.137600,14.061500,1
32.302736,1,6,4,16,1,16.666800,2.983200,6.006900,16.621599,1
32.308429,1,6,3,16,1,16.666800,15.075800,6.006900,16.621599,1
32.325295,1,6,3,16,1,16.666698,4.396300,7.547200,18.583599,1
32.341954,1,6,3,16,1,16.666698,3.728700,6.118200,12.402600,1
32.358418,1,6,3,16,1,16.667002,3.467400,6.744100,11.815000,1
32.375116,1,6,3,16,1,16.667002,3.144900,6.065600,15.134700,1
32.391763,1,6,3,16,1,16.667002,3.103800,7.017800,17.183701,1
32.408563,1,6,3,16,1,16.667097,9.007100,6.107800,19.000299,1
32.425144,1,6,3,16,1,16.666702,3.816900,5.851500,18.073601,1
32.441753,1,6,3,16,1,16.666998,3.513800,7.210800,14.102600,1
32.458517,1,6,3,16,1,16.667101,2.937500,7.391100,15.173600,1
32.475255,1,6,3,16,1,16.666800,3.280500,6.698000,16.267300,1
32.491836,1,6,3,16,1,16.666901,3.656800,7.813500,18.811899,1
32.508546,1,6,3,16,1,16.666901,3.924600,7.392100,15.799300,1
32.525243,1,6,3,16,1,16.666800,3.711800,8.826600,17.695700,1
32.541783,1,6,3,16,1,16.666901,4.051800,7.176000,15.113200,1
32.558498,1,6,3,16,1,16.666901,3.025100,7.032600,16.658501,1
32.575256,1,6,3,16,1,16.666897,3.286600,7.642000,16.791500,1
32.591725,1,6,3,16,1,16.666901,3.466800,5.849900,16.299000,1
32.608606,1,6,3,16,1,16.666800,3.128200,4.767400,15.615000,1
32.625105,1,6,3,16,1,16.666702,2.951600,5.201300,14.156800,1
32.641709,1,6,3,16,1,16.666698,3.472100,4.710700,19.423201,1
32.658471,1,6,3,16,1,16.666901,2.872500,6.295400,13.708300,1
32.675285,1,6,3,16,1,16.666698,3.051500,5.561700,19.400700,1
32.691753,1,6,3,16,1,16.666901,3.065300,6.066500,17.765400,1
32.708510,1,6,3,16,1,16.666800,2.939500,4.603100,15.352800,1
32.725188,1,6,3,16,1,16.666800,3.048200,6.333800,14.610500,1
32.741716,1,6,3,16,1,16.666901,3.093400,5.945400,19.527599,1
32.758391,1,6,3,16,1,16.666901,2.674100,6.598200,16.840700,1
32.775104,1,6,3,16,1,16.666901,3.180400,6.419200,17.043501,1
32.800561,1,6,3,15,1,16.666901,3.190600,6.291200,16.462799,1
32.808521,1,6,3,15,1,16.668100,11.814100,5.736600,21.790800,1
32.825236,1,6,3,15,1,16.666800,2.895100,7.225700,15.840200,1
32.841826,1,6,3,15,1,16.666901,3.823000,5.276700,12.899300,1
32.858566,1,6,3,15,1,16.666897,3.283600,7.949000,16.840799,1
32.875118,1,6,3,15,1,16.666803,3.068800,5.852400,16.163799,1
32.891739,1,6,3,15,1,16.666800,3.083400,5.695600,15.386600,1
32.908447,1,6,3,15,1,16.667097,2.519000,5.008100,16.564199,1
32.925097,1,6,3,15,1,16.666901,9.897900,7.226900,21.358601,1
32.941750,1,6,3,15,1,16.667002,3.553600,5.616700,16.823299,1
32.958378,1,6,3,15,1,16.666800,2.823600,5.184000,13.633600,1
32.975087,1,6,3,15,1,16.667002,2.728000,6.320800,15.704000,1
32.991748,1,6,3,15,1,16.666901,2.751700,5.805500,16.419901,1
33.008494,1,6,3,15,1,16.666800,2.694700,5.188500,16.094200,1
33.025020,1,6,3,15,1,16.666901,2.752100,5.417100,13.887500,1
33.041772,1,6,3,15,1,16.666698,2.683700,5.114800,16.464899,1
33.058530,1,6,3,15,1,16.666800,3.081700,5.466900,20.710400,1
33.075029,1,6,3,15,1,16.666698,3.687600,4.729800,15.982600,1
33.091786,1,6,3,15,1,16.666800,2.654800,5.230000,16.910299,1
33.108368,1,6,3,15,1,16.666800,3.115200,5.435000,16.892900,1
33.125321,1,6,3,15,1,16.666901,2.961600,5.212000,15.935500,1
33.141796,1,6,3,15,1,16.666800,2.865500,5.135800,17.000500,1
33.158488,1,6,3,15,1,16.666698,2.709800,5.790300,13.847500,1
33.175148,1,6,3,15,1,16.666901,2.908700,4.728800,19.078100,1
33.191808,1,6,3,15,1,16.666800,2.684400,6.546800,13.934600,1
33.208379,1,6,3,15,1,16.666800,2.679900,4.960700,19.286100,1
33.225071,1,6,3,15,1,16.666901,2.635400,5.492000,14.091200,1
33.241730,1,6,3,15,1,16.667002,2.779000,5.515300,16.508900,1
33.258528,1,6,3,15,1,16.666800,2.778300,5.670100,19.889200,1
33.275051,1,6,3,15,1,16.666698,3.827300,5.232600,16.669701,1
33.299855,1,6,3,15,1,16.666901,2.831000,5.415400,16.945101,1
33.308389,1,6,3,15,1,16.666901,11.159900,4.618400,22.155300,1
33.325146,1,6,3,15,1,16.666698,2.721400,4.861700,15.851500,1
33.341766,1,6,3,15,1,16.667002,3.467200,5.247400,13.204500,1
33.358430,1,6,3,15,1,16.666698,3.114500,7.109200,16.462900,1
33.375055,1,6,3,15,1,16.666800,3.197300,5.236100,15.578100,1
33.391891,1,6,3,15,1,16.666800,2.857300,5.282300,16.119801,1
33.408448,1,6,3,15,1,16.666800,2.749600,4.804000,16.995300,1
33.425047,1,6,3,15,1,16.666702,11.022400,5.220000,22.124599,1
33.441686,1,6,3,15,1,16.666800,2.931100,4.264000,16.044001,1
33.458464,1,6,3,15,1,16.666901,2.483100,5.299800,12.663800,1
33.475048,1,6,3,15,1,16.666897,2.842000,6.250100,16.437201,1
33.491781,1,6,3,15,1,16.666702,3.009800,5.967200,16.793600,1
33.508531,1,6,3,15,1,16.666901,3.219900,5.157300,15.922200,1
33.525164,1,6,3,15,1,16.666897,3.461900,6.002300,13.988900,1
33.541830,1,6,3,15,1,16.667202,3.405900,5.001600,19.516399,1
33.558393,1,6,3,15,1,16.666800,2.944100,5.884800,17.146900,1
33.575108,1,6,3,15,1,16.666800,3.044900,5.075100,15.725500,1
33.591714,1,6,3,15,1,16.667002,3.475000,4.726700,17.080400,1
33.608379,1,6,3,15,1,16.666800,2.648800,4.793100,16.105400,1
33.625068,1,6,3,15,1,16.666901,2.452500,5.497000,17.530899,1
33.641728,1,6,3,15,1,16.666698,3.168700,6.992300,16.612400,1
33.658514,1,6,3,15,1,16.666698,2.707300,5.395000,16.496599,1
33.675127,1,6,3,15,1,16.667002,3.082800,5.263600,13.456400,1
33.691940,1,6,3,15,1,16.666800,2.942400,6.052600,20.587500,1
33.708385,1,6,3,15,1,16.666800,3.270600,5.848900,16.142300,1
33.725199,1,6,3,15,1,16.666698,3.130200,5.926400,16.515100,1
33.741708,1,6,3,15,1,16.666901,2.932400,5.181800,17.006599,1
33.758377,1,6,3,15,1,16.666800,2.616500,6.280800,16.953400,1
33.775205,1,6,3,15,1,16.670500,2.939800,5.867700,15.854500,1
33.801458,2,6,3,15,0,16.666901,2.955100,6.144000,17.113100,1
33.865404,2,6,3,15,0,73.729904,73.305199,6.144000,17.113100,1
33.882246,2,6,3,15,0,16.666698,3.469800,6.338300,14.282700,1
33.900848,2,6,3,15,0,16.666800,3.794900,6.367500,9.318400,1
33.915540,2,6,3,15,0,16.667002,5.456000,5.634800,15.556600,1
33.932477,2,6,3,15,0,16.675800,10.226800,6.725500,20.766800,1
33.948872,2,6,3,15,0,16.666698,3.776500,6.704500,17.974199,1
33.965633,2,6,3,15,0,16.666800,3.561500,5.797200,12.859400,1
33.982213,2,6,3,15,0,16.666800,3.118600,6.885900,16.993299,1
33.998868,2,6,3,15,0,16.666800,3.095600,5.950400,15.662100,1
34.015508,2,6,3,15,0,16.666800,2.986100,6.341200,17.044500,1
34.033483,2,6,3,15,0,16.666698,3.275600,6.736700,17.264601,1
34.048840,2,6,3,15,0,16.666901,5.055900,5.744500,17.108000,1
34.065673,2,6,3,15,0,16.666901,4.042600,6.280300,15.414200,1
34.082307,2,6,3,15,0,16.667002,3.599700,7.301700,13.634600,1
34.098945,2,6,3,15,0,16.666901,3.984100,7.624300,20.916201,1
34.117531,2,6,3,15,0,16.666698,3.896800,6.851900,16.005100,1
34.255930,2,6,3,15,0,137.376495,5.457200,1.686000,18.299999,1
34.269676,2,6,3,15,0,16.666702,102.444000,7.065400,134.849503,1
34.286391,2,6,3,15,0,16.666800,3.534600,6.645800,13.711300,1
34.307776,0,7,3,0,0,16.666800,3.615100,5.847600,16.822300,1
34.375269,0,7,6,0,0,71.598801,71.446198,5.847600,16.822300,1
34.391709,0,7,6,0,0,16.666901,5.108000,7.062600,15.393800,1
34.407831,0,7,6,0,0,16.667002,4.339900,6.121700,9.031600,1
34.424437,0,7,6,0,0,16.666800,3.024100,9.310500,12.762200,1
34.441190,0,7,6,0,0,16.666901,7.593400,5.838300,20.426701,1
34.458953,0,7,6,0,0,16.666901,7.778200,6.838500,17.849400,1
34.475377,0,7,6,0,0,16.666698,8.312400,5.778600,16.403400,1
34.491059,0,7,6,0,0,16.666800,4.260500,8.076400,12.928000,1
34.507976,0,7,6,0,0,16.667002,2.843400,6.621300,19.192801,1
34.525395,0,7,6,0,0,16.666800,3.147700,6.951700,13.434900,1
34.541116,0,7,6,0,0,16.666800,3.898700,7.288600,21.260300,1
34.557874,0,7,6,0,0,16.666901,3.224000,7.243200,16.121901,1
34.574580,0,7,6,0,0,16.675301,3.320900,5.652600,12.908500,1
34.591186,0,7,6,0,0,16.666800,3.525300,8.370300,16.528400,1
34.608131,0,7,6,0,0,16.666901,3.725600,5.837100,16.198601,1
34.798388,0,7,6,0,0,190.512085,3.514800,2.094500,16.198601,1
34.828682,1,7,6,48,4,16.667002,163.503998,6.623400,195.363800,1
34.925364,1,7,12,48,4,109.847900,113.483200,6.623400,195.363800,1
34.941815,1,7,12,48,4,16.666901,12.942200,12.131300,117.618698,1
34.958384,1,7,12,48,4,16.667097,4.283300,10.007900,9.823200,1
34.975203,1,7,12,48,4,16.667002,3.841300,8.732300,10.444800,1
34.991818,1,7,12,48,4,16.679499,4.031100,9.065900,21.914600,1
35.008256,1,7,12,48,4,16.666800,4.604500,7.682500,11.803700,1
35.025071,1,7,12,48,4,16.666800,3.317500,8.624200,15.846400,1
35.041828,1,7,12,48,4,16.666702,3.721600,8.476500,17.020901,1
35.058397,1,7,12,48,4,16.690500,4.012400,8.621900,16.889900,1
35.075184,1,7,12,48,4,16.666800,4.258200,8.424700,16.502800,1
35.091939,1,7,12,48,4,16.666800,3.814400,8.664700,16.806900,1
35.108393,1,7,12,48,4,16.666901,4.210100,7.673900,16.743401,1
35.125044,1,7,12,48,4,16.666698,3.837600,8.345500,16.360500,1
35.141721,1,7,12,48,4,16.666800,3.464800,7.031400,16.485300,1
35.369162,1,7,12,44,4,216.158493,3.131600,2.123600,16.918600,1
35.374678,1,7,10,44,4,16.760900,198.921997,2.123600,16.918600,1
35.391367,1,7,10,44,4,16.666901,3.426900,6.162600,12.779500,1
35.407858,1,7,10,44,4,16.666698,4.242000,6.744100,9.704400,1
35.424745,1,7,10,44,4,16.667002,3.587000,5.779700,15.477800,1
35.441274,1,7,10,44,4,16.666901,3.104300,6.900200,21.067801,1
35.457913,1,7,10,44,4,16.672499,9.580500,7.693500,18.954201,1
35.474750,1,7,10,44,4,16.666901,3.637500,6.811400,18.197500,1
35.491164,1,7,10,44,4,16.666800,3.367500,6.933300,14.819300,1
35.508058,1,7,10,44,4,16.667002,3.121600,6.585300,14.224400,1
35.525237,1,7,10,44,4,16.667097,3.579200,9.135300,18.858999,1
35.541221,1,7,10,44,4,16.667002,4.498700,8.978200,17.621000,1
35.557899,1,7,10,44,4,16.666901,3.416700,7.837300,15.257600,1
35.574664,1,7,10,44,4,16.666901,3.251200,6.845000,16.976900,1
35.591418,1,7,10,44,4,16.666901,3.764700,6.799500,16.165899,1
35.608258,1,7,10,44,4,16.666901,3.821300,8.488600,16.543699,1
35.624668,1,7,10,44,4,16.666800,4.130000,8.192800,17.144899,1
35.641282,1,7,10,44,4,16.666901,3.938900,6.004300,16.481300,1
35.658025,1,7,10,44,4,16.666800,3.049800,7.289400,16.774099,1
35.674666,1,7,10,44,4,16.666901,3.380400,6.624300,16.600100,1
35.691216,1,7,10,44,4,16.666998,3.506200,7.836100,16.943100,1
35.707986,1,7,10,44,4,16.666901,3.049300,6.593700,16.632799,1
35.724713,1,7,10,44,4,16.666800,3.915900,6.278200,16.238600,1
35.742452,1,7,10,44,4,16.666702,3.517700,5.800800,15.882200,1
35.758884,1,7,10,44,4,16.666901,4.869700,6.714400,17.696800,1
35.774616,1,7,10,44,4,16.666800,4.122100,5.831300,18.075701,1
35.791539,1,7,10,44,4,16.666698,3.128300,5.617900,16.067499,1
35.808130,1,7,10,44,4,16.667097,3.631600,7.721800,16.051201,1
35.824990,1,7,10,44,4,16.666800,3.609200,6.863000,18.735100,1
35.841299,1,7,10,44,4,16.666702,4.088200,7.572400,16.420900,1
35.868013,1,7,10,39,4,16.666901,4.384800,7.114800,17.809401,1
35.874906,1,7,10,39,4,16.666897,14.347000,7.114800,17.809401,1
35.891376,1,7,10,39,4,16.667101,3.741300,7.457400,19.478500,1
35.908086,1,7,10,39,4,16.666800,3.989300,10.245500,23.093300,1
35.924556,1,7,10,39,4,16.667002,3.620000,7.101400,15.819800,1
35.941353,1,7,10,39,4,16.666698,3.607200,9.101300,17.619900,1
35.957993,1,7,10,39,4,16.666901,10.054900,7.136900,17.114100,1
35.974649,1,7,10,39,4,16.666901,3.760000,10.238200,15.765500,1
35.991206,1,7,10,39,4,16.666800,3.738800,8.277800,16.387100,1
36.008147,1,7,10,39,4,16.666698,3.166800,8.470200,15.832100,1
36.024574,1,7,10,39,4,16.666698,3.944700,6.891700,15.538200,1
36.041378,1,7,10,39,4,16.666901,4.972300,6.790900,17.571800,1
36.058226,1,7,10,39,4,16.730402,3.762600,9.218200,16.962601,1
36.074847,1,7,10,39,4,16.667002,4.091500,6.922500,15.830000,1
36.091359,1,7,10,39,4,16.666800,3.947500,7.729900,18.016199,1
36.108181,1,7,10,39,4,16.666901,3.542000,7.533900,15.641600,1
36.124726,1,7,10,39,4,16.666897,4.007700,6.351200,15.641600,1
36.141481,1,7,10,39,4,16.667002,3.640900,6.009000,15.271900,1
36.158354,1,7,10,39,4,16.690701,3.514100,7.575300,16.920601,1
36.174797,1,7,10,39,4,16.666800,4.089100,7.744000,15.960000,1
36.191635,1,7,10,39,4,16.667002,3.925200,8.052200,16.503799,1
36.208119,1,7,10,39,4,16.666901,4.309000,8.071200,16.348200,1
36.224990,1,7,10,39,4,16.666800,3.419500,6.551400,15.979500,1
36.241948,1,7,10,39,4,16.744997,3.489000,7.101000,15.117300,1
36.258155,1,7,10,39,4,16.667002,4.265500,8.570300,15.929400,1
36.275271,1,7,10,39,4,16.666901,3.692800,7.883400,16.108500,1
36.291537,1,7,10,39,4,16.666800,4.138300,7.329800,15.833100,1
36.308205,1,7,10,39,4,16.670500,3.506600,7.392400,15.647800,1
36.324886,1,7,10,39,4,16.666901,3.509900,7.076900,16.620501,1
36.341363,1,7,10,39,4,16.666901,3.715900,6.134100,16.730101,1
36.372732,1,7,10,32,3,16.666800,3.157900,5.395600,17.513500,1
36.379147,1,7,8,32,3,20.947500,20.356600,5.395600,17.513500,1
36.396043,1,7,8,32,3,16.667002,3.914500,8.046900,25.150400,1
36.412852,1,7,8,32,3,16.666998,4.926200,8.928400,21.129299,1
36.429371,1,7,8,32,3,16.666901,5.069900,8.239500,15.218600,1
36.445968,1,7,8,32,3,16.666698,4.903300,9.325800,15.368200,1
36.462435,1,7,8,32,3,16.666803,11.294200,7.649900,15.368200,1
36.479237,1,7,8,32,3,16.685200,3.763700,6.405900,14.704700,1
36.495825,1,7,8,32,3,16.666901,3.932100,7.822700,15.559600,1
36.512810,1,7,8,32,3,16.666998,3.912200,7.562500,16.730101,1
36.529104,1,7,8,32,3,16.666800,4.289400,8.155200,15.521800,1
36.545831,1,7,8,32,3,16.666702,3.932100,8.320400,14.710800,1
36.562537,1,7,8,32,3,16.666998,3.617600,7.495700,16.655399,1
36.579016,1,7,8,32,3,16.666800,3.960600,6.641500,14.999500,1
36.595848,1,7,8,32,3,16.667002,3.777900,7.644900,16.566299,1
36.612534,1,7,8,32,3,16.666901,3.496300,8.221100,17.310699,1
36.630240,1,7,8,32,3,16.666800,3.882200,8.117100,16.633801,1
36.645845,1,7,8,32,3,16.666800,5.005700,9.798800,17.602600,1
36.662580,1,7,8,32,3,16.667002,3.682500,8.405800,18.143200,1
36.679249,1,7,8,32,3,16.667002,4.050900,7.466700,15.048700,1
36.695754,1,7,8,32,3,16.666800,4.018800,7.499600,15.267900,1
36.712657,1,7,8,32,3,16.666901,3.575900,7.418800,16.335800,1
36.729274,1,7,8,32,3,16.666998,3.745700,8.923200,18.668600,1
36.745868,1,7,8,32,3,16.666901,4.606000,6.698300,15.382500,1
36.763114,1,7,8,32,3,16.666901,4.038600,8.288700,17.312799,1
36.779270,1,7,8,32,3,16.666800,5.159600,6.166400,15.761400,1
36.795839,1,7,8,32,3,16.666800,3.831400,7.903000,16.473101,1
36.812598,1,7,8,32,3,16.666702,3.891000,8.205500,16.747499,1
36.829365,1,7,8,32,3,16.666800,3.990000,6.348300,16.326599,1
36.846218,1,7,8,32,3,16.666901,4.055400,8.883900,18.177099,1
36.873870,1,7,8,27,2,16.667097,4.212100,7.589700,15.920100,1
36.879189,1,7,7,27,2,16.667002,15.582500,7.589700,15.920100,1
36.895708,1,7,7,27,2,16.666800,3.599600,7.018500,17.323000,1
36.912713,1,7,7,27,2,16.666800,4.763600,6.772100,13.562900,1
36.929254,1,7,7,27,2,16.666800,3.699000,7.889200,13.241400,1
36.945892,1,7,7,27,2,16.667101,4.160700,7.630900,14.630900,1
36.962472,1,7,7,27,2,16.666998,4.254900,9.016200,17.997801,1
36.979094,1,7,7,27,2,16.666702,10.613300,7.941100,17.997801,1
36.995809,1,7,7,27,2,16.666998,3.880700,6.182900,17.880100,1
37.012490,1,7,7,27,2,16.666901,3.813000,9.964300,14.686200,1
37.029022,1,7,7,27,2,16.666800,3.719100,6.533800,14.554100,1
37.045719,1,7,7,27,2,16.666901,3.123700,7.432800,16.248800,1
37.062506,1,7,7,27,2,16.666901,3.165600,8.577600,18.193399,1
37.079088,1,7,7,27,2,16.667002,4.514300,6.945200,15.579200,1
37.095715,1,7,7,27,2,16.666800,2.994100,7.071200,17.040400,1
37.112460,1,7,7,27,2,16.667002,3.474400,6.538900,15.567800,1
37.129049,1,7,7,27,2,16.669199,3.216200,6.138900,16.515100,1
37.145791,1,7,7,27,2,16.666698,2.810600,8.505500,18.166800,1
37.162557,1,7,7,27,2,16.667101,4.003200,6.092000,15.332300,1
37.179275,1,7,7,27,2,16.666698,3.389000,6.870000,17.325100,1
37.195684,1,7,7,27,2,16.666698,3.790600,8.809200,17.607700,1
37.212712,1,7,7,27,2,16.667002,4.063500,6.743700,15.291400,1
37.229375,1,7,7,27,2,16.666901,3.556900,6.772300,17.092600,1
37.245998,1,7,7,27,2,16.667002,4.453500,5.561700,16.264200,1
37.262513,1,7,7,27,2,16.666897,3.418300,8.791600,17.683399,1
37.279241,1,7,7,27,2,16.666803,3.812700,8.045400,17.040400,1
37.295813,1,7,7,27,2,16.666998,5.476800,8.255000,16.140301,1
37.312584,1,7,7,27,2,16.666702,4.155600,7.484400,16.268299,1
37.329098,1,7,7,27,2,16.666998,3.971100,7.318200,16.989201,1
37.345746,1,7,7,27,2,16.667101,3.864900,6.274900,15.082500,1
37.372417,1,7,7,23,2,16.667002,3.180100,6.052000,17.001400,1
37.379150,1,7,5,23,2,16.666800,14.623500,6.052000,17.001400,1
37.395991,1,7,5,23,2,16.666901,4.803400,7.488400,20.100100,1
37.412447,1,7,5,23,2,16.666897,3.664400,6.100900,11.926500,1
37.429448,1,7,5,23,2,16.666803,4.074300,7.498700,12.113900,1
37.445931,1,7,5,23,2,16.666897,4.171100,7.385600,15.816700,1
37.462388,1,7,5,23,2,16.666901,3.547200,6.416500,16.679899,1
37.479246,1,7,5,23,2,16.667101,3.734700,5.666000,14.988300,1
37.496110,1,7,5,23,2,16.666698,11.419600,5.666000,14.988300,1
37.512488,1,7,5,23,2,16.666901,4.355200,7.579100,19.272699,1
37.529207,1,7,5,23,2,16.666800,3.953500,7.566500,13.472800,1
37.545757,1,7,5,23,2,16.666800,3.864400,7.967300,14.807100,1
37.562332,1,7,5,23,2,16.666800,4.066200,7.757200,15.612900,1
37.579126,1,7,5,23,2,16.666800,2.877500,6.014400,14.491600,1
37.595676,1,7,5,23,2,16.667101,3.610500,8.844200,19.468300,1
37.612495,1,7,5,23,2,16.670000,3.811100,4.951300,15.080500,1
37.629213,1,7,5,23,2,16.666800,3.530900,6.570800,16.433100,1
37.645909,1,7,5,23,2,16.666901,3.631000,6.141800,16.258101,1
37.662523,1,7,5,23,2,16.666901,3.682600,6.652000,16.862200,1
37.679324,1,7,5,23,2,16.808298,3.303300,8.063800,17.981400,1
37.695895,1,7,5,23,2,16.666800,3.883400,5.958800,15.737900,1
37.712613,1,7,5,23,2,16.666901,4.619100,5.170500,15.853600,1
37.729163,1,7,5,23,2,16.666901,3.441900,5.553700,17.252300,1
37.745960,1,7,5,23,2,16.666698,2.873400,6.335800,16.997400,1
37.762669,1,7,5,23,2,16.666702,3.340200,7.325200,16.658400,1
37.779179,1,7,5,23,2,16.666800,3.014000,5.038900,16.350201,1
37.795893,1,7,5,23,2,16.666698,2.993700,5.225600,16.001101,1
37.812782,1,7,5,23,2,16.667002,3.871400,5.598000,17.113001,1
37.829236,1,7,5,23,2,16.666698,3.340400,7.889600,17.847300,1
37.846074,1,7,5,23,2,16.666800,3.681800,7.534800,15.854600,1
37.877544,1,7,5,23,2,16.666800,3.682500,7.277600,17.466400,1
37.881629,1,7,5,23,2,19.187700,19.391500,7.277600,17.466400,1
37.898500,1,7,5,23,2,16.666901,3.380800,6.303700,17.509399,1
37.915250,1,7,5,23,2,16.667101,3.447000,6.284000,11.628500,1
37.931886,1,7,5,23,2,16.666800,4.005300,7.302800,12.080200,1
37.948535,1,7,5,23,2,16.666800,4.026600,7.667600,16.075800,1
37.965086,1,7,5,23,2,16.666901,3.675500,7.098400,17.311701,1
37.981732,1,7,5,23,2,16.666800,3.160400,5.980000,15.389700,1
37.998426,1,7,5,23,2,16.666698,8.683400,6.780800,19.350500,1
38.014997,1,7,5,23,2,16.666698,3.591200,6.644700,17.595400,1
38.031651,1,7,5,23,2,16.667002,3.498800,7.445500,14.054400,1
38.048345,1,7,5,23,2,16.666800,2.986300,5.656400,15.533100,1
38.065073,1,7,5,23,2,16.666698,3.153500,6.463800,16.925699,1
38.081653,1,7,5,23,2,16.666800,3.364000,5.460500,16.363501,1
38.098384,1,7,5,23,2,16.666698,3.258600,6.921100,17.853399,1
38.115127,1,7,5,23,2,16.666702,3.482200,7.176500,16.746500,1
38.131782,1,7,5,23,2,16.666800,3.957500,6.149500,16.027700,1
38.148411,1,7,5,23,2,16.666901,2.920700,6.104000,16.317400,1
38.165263,1,7,5,23,2,16.666800,2.846100,7.704400,18.630699,1
38.181925,1,7,5,23,2,16.666897,3.893300,6.430600,15.933400,1
38.198392,1,7,5,23,2,16.666901,4.072900,7.649400,17.594400,1
38.215086,1,7,5,23,2,16.666901,3.342700,5.988800,14.117900,1
38.231659,1,7,5,23,2,16.666698,3.043300,6.480300,17.258499,1
38.248326,1,7,5,23,2,16.666702,3.101500,5.493600,15.859700,1
38.265209,1,7,5,23,2,16.667097,2.949100,5.360000,16.739300,1
38.281887,1,7,5,23,2,16.666800,3.545900,4.834800,14.312400,1
38.298378,1,7,5,23,2,16.666800,3.045900,4.956000,19.184700,1
38.315486,1,7,5,23,2,16.666702,2.819700,5.181000,16.367599,1
38.331737,1,7,5,23,2,16.666998,3.724200,6.925900,17.664000,1
38.348434,1,7,5,23,2,16.666901,3.100200,6.727600,16.368601,1
38.373873,0,8,5,0,0,16.666901,2.941600,7.113800,17.635401,1
38.459614,0,8,6,0,0,93.283897,92.752296,7.113800,17.635401,1
38.474898,0,8,6,0,0,16.666901,5.350900,6.677700,12.867600,1
38.491663,0,8,6,0,0,16.666800,4.039200,7.394700,11.525100,1
38.509719,0,8,6,0,0,16.666800,7.210700,6.488400,16.284700,1
38.525350,0,8,6,0,0,16.666901,8.990500,7.097400,18.230200,1
38.541965,0,8,6,0,0,16.667002,7.159600,5.705900,15.743000,1
38.558312,0,8,6,0,0,16.667002,3.775500,7.091400,12.237800,1
38.576598,0,8,6,0,0,16.666698,3.603500,5.241700,16.260099,1
38.591603,0,8,6,0,0,16.667002,4.529400,6.245800,18.415600,1
38.608228,0,8,6,0,0,16.666901,3.191200,5.889100,18.158600,1
38.625019,0,8,6,0,0,16.666998,2.999900,6.076900,13.266000,1
38.642547,0,8,6,0,0,16.666901,3.068500,5.935300,17.009600,1
38.658259,0,8,6,0,0,16.666800,4.071200,6.017700,17.752100,1
38.674839,0,8,6,0,0,16.667002,3.574500,5.239900,18.065399,1
38.860908,0,8,6,0,0,183.309708,2.488400,2.272300,13.783000,1
38.888747,1,8,6,48,4,16.667002,160.823898,5.975900,190.268494,1
38.967950,1,8,12,48,4,92.768593,94.559303,5.975900,190.268494,1
38.984598,1,8,12,48,4,16.667002,4.916500,6.113700,15.221700,1
39.001296,1,8,12,48,4,16.667002,3.576800,6.466700,10.010600,1
39.018130,1,8,12,48,4,16.666800,8.657700,6.980300,18.192400,1
39.034495,1,8,12,48,4,16.666901,4.475900,8.371900,15.325200,1
39.051259,1,8,12,48,4,16.666901,2.877200,5.610100,12.235800,1
39.067729,1,8,12,48,4,16.666800,3.107300,5.101500,16.932800,1
39.085006,1,8,12,48,4,16.694698,3.059800,6.978900,16.668699,1
39.101230,1,8,12,48,4,16.666901,4.431200,5.835100,18.186300,1
39.117935,1,8,12,48,4,16.667002,3.248200,7.071700,15.015900,1
39.134510,1,8,12,48,4,16.667097,3.533600,6.369000,16.881701,1
39.151394,1,8,12,48,4,16.666901,2.907700,6.324600,16.427000,1
39.167833,1,8,12,48,4,16.666901,3.296600,6.927700,17.192900,1
39.184641,1,8,12,48,4,16.666698,3.431900,6.188100,16.092199,1
39.201922,1,8,12,48,4,16.667002,3.116900,5.885600,17.148899,1
39.402335,1,8,12,43,4,191.775101,5.064600,2.053200,18.132000,1
39.410220,1,8,11,43,4,16.666803,172.284302,5.927100,199.862305,1
39.426502,1,8,11,43,4,16.666998,3.783700,5.578500,13.457400,1
39.443102,1,8,11,43,4,16.666800,3.777300,5.191000,13.283300,1
39.459660,1,8,11,43,4,16.666800,3.288900,8.087300,17.312799,1
39.476398,1,8,11,43,4,16.666901,3.848900,7.261300,17.645500,1
39.492907,1,8,11,43,4,16.666698,3.894600,7.153600,16.848900,1
39.510016,1,8,11,43,4,16.667002,3.633700,7.221600,17.476601,1
39.526342,1,8,11,43,4,16.667002,10.032800,6.655600,21.225500,1
39.542998,1,8,11,43,4,16.666698,3.853300,6.819000,17.004499,1
39.559600,1,8,11,43,4,16.666901,3.390800,6.734600,17.834000,1
39.576347,1,8,11,43,4,16.666698,3.807000,5.590500,17.030199,1
39.592873,1,8,11,43,4,16.666800,3.374400,5.792800,18.014200,1
39.609694,1,8,11,43,4,16.666800,3.391800,6.102100,17.960899,1
39.626214,1,8,11,43,4,16.667002,3.169100,6.005900,16.096300,1
39.642993,1,8,11,43,4,16.666800,2.717000,5.255500,16.096300,1
39.659558,1,8,11,43,4,16.666698,2.896700,6.605800,18.308100,1
39.676269,1,8,11,43,4,16.666803,3.424000,5.535200,16.242701,1
39.693037,1,8,11,43,4,16.666698,2.845700,6.018400,17.452000,1
39.709738,1,8,11,43,4,16.666998,2.999100,6.182600,17.474600,1
39.726242,1,8,11,43,4,16.666901,3.678200,7.956100,17.766399,1
39.742958,1,8,11,43,4,16.666901,2.692600,11.437700,17.982401,1
39.759683,1,8,11,43,4,16.666901,2.926800,11.437700,17.982401,1
39.776379,1,8,11,43,4,16.666901,4.141200,24.864500,27.265100,1
39.799771,1,8,11,43,4,23.368000,3.733900,30.097799,33.908699,1
39.834049,1,8,11,43,4,34.330101,3.771900,34.325100,34.608101,1
39.869252,1,8,11,43,4,35.234898,3.248500,34.774799,34.938900,1
39.914025,1,8,11,37,4,35.350800,3.447100,35.276299,36.074501,1
39.939930,1,8,8,37,4,35.366001,13.763000,35.314301,34.596901,1
39.976188,1,8,8,37,4,36.245899,3.122800,36.206299,35.861500,1
40.010432,1,8,8,37,4,34.226803,3.440700,34.125500,34.688000,1
40.051669,1,8,8,37,4,41.352501,9.352000,37.602299,38.481899,1
40.121098,1,8,8,37,4,69.136307,68.490303,34.934101,32.855000,1
40.137554,1,8,8,37,4,16.666800,4.071900,8.470900,32.855000,1
40.154287,1,8,8,37,4,16.666897,3.678100,20.098400,29.952000,1
40.178185,1,8,8,37,4,23.940601,3.702000,30.987400,32.727001,1
40.205937,1,8,8,37,4,27.897600,3.396000,27.834200,28.442699,1
40.238577,1,8,8,37,4,32.562103,3.740700,32.525299,33.378300,1
40.268134,1,8,8,37,4,29.576599,2.600000,29.546700,28.072901,1
40.299070,1,8,8,37,4,30.784897,2.842000,30.670799,31.891500,1
40.329887,1,8,8,37,4,30.936699,2.902400,30.660299,31.360001,1
40.363971,1,8,8,37,4,33.816402,3.393600,33.591801,31.964100,1
40.396724,1,8,8,37,4,32.992599,3.075800,33.116798,33.313801,1
40.438716,1,8,8,31,3,31.814798,3.059400,31.770700,33.441799,1
40.459093,1,8,6,31,3,30.230801,14.590600,29.945999,28.059700,1
40.486571,1,8,6,31,3,27.712200,3.525900,27.824600,28.283899,1
40.522392,1,8,6,31,3,35.816498,3.701800,35.810600,30.609400,1
40.545979,1,8,6,31,3,23.789301,10.060700,23.791599,30.430201,1
40.576176,1,8,6,31,3,30.094099,2.951900,30.024500,29.596701,1
40.609954,1,8,6,31,3,33.802402,2.924300,33.722900,31.552500,1
40.638682,1,8,6,31,3,28.721399,2.802200,28.676300,29.738001,1
40.666476,1,8,6,31,3,27.828001,2.753400,27.671801,27.078600,1
40.695587,1,8,6,31,3,29.042603,3.092500,28.789499,31.590401,1
40.732051,1,8,6,31,3,36.487999,3.164700,36.474800,33.803299,1
40.753959,1,8,6,31,3,21.912497,3.613900,21.804701,24.747000,1
40.770649,1,8,6,31,3,16.666702,3.154800,9.946900,11.016200,1
40.787337,1,8,6,31,3,16.666901,2.691900,9.582600,10.636300,1
40.803949,1,8,6,31,3,16.666698,3.104200,8.710900,11.964400,1
40.820651,1,8,6,31,3,16.666698,3.261300,5.117100,11.038700,1
40.837186,1,8,6,31,3,16.666901,3.158700,5.748500,12.389400,1
40.853956,1,8,6,31,3,16.667002,2.702600,7.035900,12.885000,1
40.870607,1,8,6,31,3,16.666901,3.192400,6.623200,16.647200,1
40.887454,1,8,6,31,3,16.666698,3.233400,6.611300,16.783300,1
40.903976,1,8,6,31,3,16.666800,3.934600,6.416600,17.178699,1
40.920609,1,8,6,31,3,16.666901,3.043600,6.208800,16.228300,1
40.948045,1,8,6,28,2,16.666800,2.899700,6.082300,16.430099,1
40.953982,1,8,6,28,2,16.666800,14.210700,6.082300,16.430099,1
40.970527,1,8,6,28,2,16.666800,3.171300,5.209900,14.627900,1
40.987214,1,8,6,28,2,16.666698,2.939100,5.979500,11.444200,1
41.003871,1,8,6,28,2,16.666901,3.579300,7.507000,12.825600,1
41.020541,1,8,6,28,2,16.666800,2.920500,5.525000,16.589800,1
41.037362,1,8,6,28,2,16.670700,3.305600,5.829200,17.336300,1
41.053855,1,8,6,28,2,16.667002,8.975800,5.419300,22.584400,1
41.070681,1,8,6,28,2,16.666698,2.722700,4.920200,15.050700,1
41.087313,1,8,6,28,2,16.667002,3.071300,5.491200,11.971600,1
41.103914,1,8,6,28,2,16.666698,2.958000,4.988200,16.563200,1
41.120507,1,8,6,28,2,16.667002,2.673400,5.868600,16.714701,1
41.137195,1,8,6,28,2,16.666800,2.544000,5.496500,16.526400,1
41.153997,1,8,6,28,2,16.666901,2.877300,5.073800,16.511000,1
41.170656,1,8,6,28,2,16.666800,2.662500,5.854500,17.081301,1
41.187367,1,8,6,28,2,16.666800,2.962200,6.751900,16.521200,1
41.204069,1,8,6,28,2,16.666800,3.084200,8.213600,16.782400,1
41.220622,1,8,6,28,2,16.666800,3.773000,8.919900,16.576500,1
41.237235,1,8,6,28,2,16.666698,2.913100,5.869600,19.850201,1
41.253949,1,8,6,28,2,16.666800,3.406400,7.268100,13.726700,1
41.270659,1,8,6,28,2,16.666901,2.952200,7.667600,21.069901,1
41.287240,1,8,6,28,2,16.666698,3.825000,6.363000,12.225500,1
41.304022,1,8,6,28,2,16.667002,3.274900,6.313500,16.689100,1
41.320625,1,8,6,28,2,16.667002,4.651000,6.635700,17.082399,1
41.337354,1,8,6,28,2,16.666800,3.348000,5.932000,16.244699,1
41.353960,1,8,6,28,2,16.666800,3.297600,5.847500,16.534599,1
41.370643,1,8,6,28,2,16.666800,2.871800,6.234900,16.728001,1
41.387253,1,8,6,28,2,16.666698,2.873000,6.890000,16.913401,1
41.404021,1,8,6,28,2,16.666800,3.735600,6.088100,16.301100,1
41.420567,1,8,6,28,2,16.667002,3.110600,7.050700,17.269800,1
41.447783,1,8,6,27,2,16.666800,3.482900,5.636000,16.089001,1
41.454101,1,8,6,27,2,16.667002,13.785100,5.636000,16.089001,1
41.470647,1,8,6,27,2,16.666800,4.018200,6.340600,14.807100,1
41.487251,1,8,6,27,2,16.667002,3.133900,8.073100,12.665800,1
41.503887,1,8,6,27,2,16.666998,3.595800,8.562600,12.781600,1
41.520640,1,8,6,27,2,16.666901,3.609800,5.960900,19.080200,1
41.537465,1,8,6,27,2,16.666698,2.760700,6.681400,13.452300,1
41.554056,1,8,6,27,2,16.667002,11.350700,5.957700,24.447001,1
41.570669,1,8,6,27,2,16.667002,3.311500,5.677400,15.028200,1
41.587413,1,8,6,27,2,16.666698,3.551300,8.077300,15.224800,1
41.603905,1,8,6,27,2,16.666698,2.999800,4.803500,17.708099,1
41.620699,1,8,6,27,2,16.666702,2.657500,5.756800,17.217501,1
41.637322,1,8,6,27,2,16.666800,3.141900,6.123500,15.632400,1
41.654018,1,8,6,27,2,16.666998,3.139500,5.444800,17.179600,1
41.670548,1,8,6,27,2,16.666702,2.976600,5.700900,17.595400,1
41.687187,1,8,6,27,2,16.666800,3.244400,5.618300,17.130501,1
41.703912,1,8,6,27,2,16.666800,2.895800,5.486800,16.461800,1
41.720546,1,8,6,27,2,16.666998,2.823300,5.652800,16.496700,1
41.737230,1,8,6,27,2,16.667002,2.704600,5.030800,16.895000,1
41.753910,1,8,6,27,2,16.666901,2.782200,6.214500,17.084400,1
41.770699,1,8,6,27,2,16.666800,2.900000,5.610800,15.658000,1
41.787231,1,8,6,27,2,16.667101,2.748900,6.203000,16.022499,1
41.803951,1,8,6,27,2,16.666698,2.947200,6.277300,15.916000,1
41.820573,1,8,6,27,2,16.667002,2.805300,5.775600,15.729700,1
41.837446,1,8,6,27,2,16.682901,3.395800,6.430800,16.496599,1
41.854108,1,8,6,27,2,16.666800,3.220100,6.257800,17.361900,1
41.870556,1,8,6,27,2,16.666897,3.487300,5.630700,16.773199,1
41.887340,1,8,6,27,2,16.666901,3.345300,5.435800,17.944500,1
41.903960,1,8,6,27,2,16.667002,3.223300,5.686000,17.964100,1
41.920762,1,8,6,27,2,16.666800,2.815700,5.511000,16.842699,1
41.945956,1,8,6,25,2,16.666901,3.025900,5.796800,16.888800,1
41.954133,1,8,6,25,2,16.666698,11.604100,5.411000,17.747000,1
41.970602,1,8,6,25,2,16.666702,3.469700,5.076300,18.948099,1
41.987422,1,8,6,25,2,16.666800,2.715900,5.483300,16.757700,1
42.003907,1,8,6,25,2,16.666698,3.448000,5.717700,17.200199,1
42.020577,1,8,6,25,2,16.666800,3.154800,5.847000,16.090099,1
42.037263,1,8,6,25,2,16.666800,3.259500,5.968300,16.968700,1
42.053915,1,8,6,25,2,16.666800,3.052100,7.365600,15.203300,1
42.070577,1,8,6,25,2,16.666901,9.415200,6.522800,17.830900,1
42.087383,1,8,6,25,2,16.666901,3.043800,6.897000,14.954500,1
42.104011,1,8,6,25,2,16.666901,3.869800,7.602500,16.353201,1
42.120773,1,8,6,25,2,16.666998,3.184200,5.984900,17.492001,1
42.137313,1,8,6,25,2,16.666800,3.289100,7.699500,17.186800,1
42.154008,1,8,6,25,2,16.667002,3.098000,6.225900,17.806400,1
42.170604,1,8,6,25,2,16.666800,3.646300,5.624700,15.330300,1
42.187368,1,8,6,25,2,16.666800,2.777900,6.877400,16.898001,1
42.204077,1,8,6,25,2,16.668602,3.713800,7.693700,16.055300,1
42.220612,1,8,6,25,2,16.666800,3.361600,5.628400,17.139700,1
42.237395,1,8,6,25,2,16.666998,3.300600,6.813900,16.875500,1
42.253901,1,8,6,25,2,16.666800,2.981000,6.596100,17.383499,1
42.270654,1,8,6,25,2,16.666702,2.806400,5.933300,16.150499,1
42.287352,1,8,6,25,2,16.666800,3.001900,5.912800,14.943200,1
42.304043,1,8,6,25,2,16.666901,3.298600,6.045300,17.448000,1
42.320718,1,8,6,25,2,16.666998,3.126400,7.320300,15.475700,1
42.337235,1,8,6,25,2,16.666702,3.499400,6.346600,16.829399,1
42.354117,1,8,6,25,2,16.666998,3.168600,5.426200,16.071699,1
42.370796,1,8,6,25,2,16.666901,3.228100,5.917800,16.573400,1
42.387285,1,8,6,25,2,16.666901,3.078300,7.184400,16.144400,1
42.403994,1,8,6,25,2,16.666901,2.910500,5.638900,16.263201,1
42.420565,1,8,6,25,2,16.666800,2.841700,6.051900,17.937401,1
42.446252,1,8,6,23,2,16.667002,2.949100,5.889200,16.427999,1
42.453954,1,8,6,23,2,16.666698,11.721200,6.369800,16.427999,1
42.470567,1,8,6,23,2,16.666698,2.765800,5.142500,19.511299,1
42.487279,1,8,6,23,2,16.666698,3.058300,6.925000,13.750300,1
42.503981,1,8,6,23,2,16.667002,3.299200,7.304000,15.622100,1
42.520823,1,8,6,23,2,16.667002,3.389700,6.493100,16.071699,1
42.537243,1,8,6,23,2,16.666901,3.197200,5.611200,16.807899,1
42.553914,1,8,6,23,2,16.666800,3.020300,5.628100,16.492599,1
42.570847,1,8,6,23,2,16.666698,2.918400,5.315100,15.241200,1
42.587380,1,8,6,23,2,16.671799,11.645800,5.315100,15.241200,1
42.603956,1,8,6,23,2,16.666702,3.788100,5.815400,16.607201,1
42.620745,1,8,6,23,2,16.666698,3.237700,5.855500,17.320999,1
42.637337,1,8,6,23,2,16.667002,3.130700,5.079700,14.298100,1
42.653936,1,8,6,23,2,16.666897,2.797500,6.804600,15.435800,1
42.670678,1,8,6,23,2,16.666901,2.966100,5.970400,17.016800,1
42.687294,1,8,6,23,2,16.666800,3.240400,6.249300,16.634899,1
42.704164,1,8,6,23,2,16.667002,2.746900,5.319400,15.722500,1
42.720576,1,8,6,23,2,16.666800,2.950000,5.108300,15.863800,1
42.737230,1,8,6,23,2,16.667002,2.924200,5.791200,16.171000,1
42.754002,1,8,6,23,2,16.666901,2.805500,5.956700,17.117201,1
42.770650,1,8,6,23,2,16.666901,2.847000,7.438600,15.813600,1
42.787187,1,8,6,23,2,16.666698,2.611600,5.811100,17.477600,1
42.804045,1,8,6,23,2,16.666698,3.003200,4.996600,16.979000,1
42.820690,1,8,6,23,2,16.669703,3.113600,5.588000,16.439301,1
42.837403,1,8,6,23,2,16.666800,3.249800,6.390800,15.212500,1
42.853903,1,8,6,23,2,16.666901,3.353600,6.027200,16.253000,1
42.870624,1,8,6,23,2,16.666901,2.851600,5.817200,16.626600,1
42.887210,1,8,6,23,2,16.666800,2.666300,7.303200,15.233100,1
42.903956,1,8,6,23,2,16.666698,3.080400,5.299000,17.524700,1
42.920618,1,8,6,23,2,16.666800,2.753200,6.534000,18.038799,1
42.948789,2,8,6,21,0,16.666901,2.771300,6.952500,17.121300,1
43.030366,2,8,6,21,0,92.680000,91.451401,6.952500,17.121300,1
43.046598,2,8,6,21,0,16.666901,4.841900,8.588400,13.868000,1
43.063327,2,8,6,21,0,16.666901,3.946100,7.120400,10.210300,1
43.079935,2,8,6,21,0,16.666800,3.213600,6.068200,13.283300,1
43.096642,2,8,6,21,0,16.666901,9.220300,7.445900,23.025700,1
43.113304,2,8,6,21,0,16.666698,3.917800,5.273400,16.447500,1
43.129900,2,8,6,21,0,16.666901,3.189000,5.959900,13.162500,1
43.146661,2,8,6,21,0,16.666901,3.143100,7.250600,13.679600,1
43.163400,2,8,6,21,0,16.666698,3.064000,7.111000,17.391600,1
43.179946,2,8,6,21,0,16.666698,3.717000,5.798600,16.382000,1
43.196751,2,8,6,21,0,16.666698,3.057000,6.289400,20.773800,1
43.213375,2,8,6,21,0,16.667002,5.662800,5.437700,15.217700,1
43.230087,2,8,6,21,0,16.666698,3.366300,5.656700,14.018600,1
43.246631,2,8,6,21,0,16.666901,3.334500,5.315400,16.681999,1
43.263342,2,8,6,21,0,16.666800,3.009900,7.965000,20.873199,1
43.397670,2,8,6,21,0,131.186005,3.708400,1.646700,12.459000,1
43.412946,2,8,6,21,0,16.666901,100.584602,6.295900,134.174698,1
43.427824,2,8,6,21,0,16.667002,6.051800,6.971600,15.945700,1
43.450052,0,9,6,0,0,16.666897,3.847900,7.446700,14.525500,1
43.540035,0,9,6,0,0,93.767105,93.890800,7.446700,14.525500,1
43.556372,0,9,6,0,0,16.666800,6.459000,6.643000,13.238300,1
43.571521,0,9,6,0,0,16.666698,4.899400,5.598000,11.173900,1
43.588295,0,9,6,0,0,16.666800,2.827700,7.735800,12.169200,1
43.604867,0,9,6,0,0,16.666698,11.685800,7.735800,12.169200,1
43.623073,0,9,6,0,0,16.666800,7.311600,6.229600,13.685800,1
43.638522,0,9,6,0,0,16.666901,4.443300,6.478900,12.460000,1
43.654982,0,9,6,0,0,16.667002,3.687600,7.049000,15.580200,1
43.672084,0,9,6,0,0,16.666800,3.484300,6.899800,16.209900,1
43.689540,0,9,6,0,0,16.666901,3.815600,8.132200,18.600901,1
43.705002,0,9,6,0,0,16.666901,6.213200,7.378000,16.078899,1
43.721619,0,9,6,0,0,16.666698,4.065600,7.904500,15.855600,1
43.738363,0,9,6,0,0,16.666901,4.966100,7.024800,16.060400,1
43.754864,0,9,6,0,0,16.666901,3.548000,8.093200,16.909300,1
43.950695,0,9,6,0,0,190.177200,4.127900,2.592900,16.445499,1
43.961665,0,9,6,0,0,16.666698,171.893997,2.592900,16.445499,1
43.978693,0,9,6,0,0,16.667002,5.879400,6.052500,11.512800,1
43.995026,0,9,6,0,0,16.666800,4.077900,6.787500,12.472300,1
44.011804,0,9,6,0,0,16.667002,3.152100,5.689200,16.102400,1
44.028464,0,9,6,0,0,16.666901,3.038800,6.647100,17.075199,1
44.045835,0,9,6,0,0,16.666901,3.498900,5.299000,16.309299,1
44.061944,0,9,6,0,0,16.666901,3.398800,6.191400,17.462299,1
44.078391,0,9,6,0,0,16.666698,3.099600,5.785500,16.134100,1
44.095228,0,9,6,0,0,16.666800,2.851500,8.476600,16.572399,1
44.111961,0,9,6,0,0,16.666901,8.063700,7.777500,21.736500,1
44.128712,0,9,6,0,0,16.666901,4.017300,7.977200,16.287701,1
44.145344,0,9,6,0,0,16.667002,4.046600,7.959500,12.646400,1
44.161928,0,9,6,0,0,16.666698,4.583100,8.415300,17.039400,1
44.179277,0,9,6,0,0,16.683399,4.454200,9.586500,15.822800,1
44.195297,0,9,6,0,0,16.666901,5.275000,8.981600,17.972300,1
44.211965,0,9,6,0,0,16.667002,4.254000,7.346600,15.446000,1
44.228478,0,9,6,0,0,16.666998,3.697500,8.462100,16.614401,1
44.245052,0,9,6,0,0,16.666800,3.923500,6.819100,16.435200,1
44.261882,0,9,6,0,0,16.666702,3.168700,5.131700,16.503799,1
44.278587,0,9,6,0,0,16.666800,2.976500,7.935600,17.025999,1
44.295035,0,9,6,0,0,16.666800,3.713800,5.154000,16.541700,1
44.311872,0,9,6,0,0,16.666698,2.705000,5.886500,16.431101,1
44.328502,0,9,6,0,0,16.666800,2.764000,5.422600,16.797701,1
44.345037,0,9,6,0,0,16.666698,2.892000,6.265300,16.592899,1
44.362150,0,9,6,0,0,16.666901,2.869200,5.949200,16.725000,1
44.378891,0,9,6,0,0,16.666800,3.270100,8.255900,16.923700,1
44.395304,0,9,6,0,0,16.666800,3.726000,7.272200,17.173500,1
44.411852,0,9,6,0,0,16.666901,3.707600,6.556700,16.135201,1
44.428700,0,9,6,0,0,16.666698,3.342200,6.536400,16.686001,1
44.452038,0,9,6,0,0,16.667002,4.120000,8.881500,16.750601,1
44.462219,0,9,6,0,0,16.666698,10.675900,7.018400,23.660601,1
44.478945,0,9,6,0,0,16.666901,4.397100,7.516200,13.831100,1
44.495169,0,9,6,0,0,16.666901,4.598400,6.647000,13.540400,1
44.512249,0,9,6,0,0,16.667002,4.194800,6.746500,19.021799,1
44.529081,0,9,6,0,0,16.667002,3.876800,5.670300,13.651000,1
44.545269,0,9,6,0,0,16.667097,3.698400,6.245700,16.751600,1
44.561789,0,9,6,0,0,16.667002,4.898500,7.254200,17.308599,1
44.578810,0,9,6,0,0,16.666800,3.258400,6.165000,15.102000,1
44.595057,0,9,6,0,0,16.666901,3.485200,6.310500,17.257500,1
44.613358,0,9,6,0,0,16.667002,3.205600,5.259800,15.961100,1
44.628463,0,9,6,0,0,16.666698,8.868700,6.175300,23.793600,1
44.645226,0,9,6,0,0,16.666800,2.908000,5.222600,18.691099,1
44.662080,0,9,6,0,0,16.667002,3.351200,5.425400,16.577499,1
44.678442,0,9,6,0,0,16.666998,3.214600,7.416900,16.827400,1
44.695242,0,9,6,0,0,16.666901,3.070900,6.063500,15.701000,1
44.711832,0,9,6,0,0,16.666800,3.376700,5.151600,16.242701,1
44.728387,0,9,6,0,0,16.666698,2.757000,5.186600,16.555000,1
44.745068,0,9,6,0,0,16.666803,2.768400,7.072100,17.075199,1
44.761832,0,9,6,0,0,16.666800,2.884600,4.986400,15.143900,1
44.779019,0,9,6,0,0,16.666800,2.798100,5.329400,15.950900,1
44.795106,0,9,6,0,0,16.666998,3.664100,6.232200,16.236500,1
44.811823,0,9,6,0,0,16.667002,3.331900,4.914600,16.413700,1
44.828420,0,9,6,0,0,16.667002,2.741600,7.833100,16.404499,1
44.845016,0,9,6,0,0,16.666901,3.470300,5.757500,17.736700,1
44.861676,0,9,6,0,0,16.666901,2.425200,4.886800,17.707001,1
44.878423,0,9,6,0,0,16.666698,2.413800,5.726200,16.683001,1
44.895033,0,9,6,0,0,16.666901,3.109200,5.836700,18.181200,1
44.911848,0,9,6,0,0,16.666698,2.849900,4.628700,16.008101,1
44.928395,0,9,6,0,0,16.666698,2.719600,4.885000,16.132099,1
44.953513,1,9,6,48,4,16.666901,2.611800,4.978800,15.230000,1
45.035869,1,9,12,48,4,90.508202,90.030502,4.978800,15.230000,1
45.052863,1,9,12,48,4,16.666901,3.662000,5.662200,15.136700,1
45.069354,1,9,12,48,4,16.667002,3.633100,7.804000,10.381400,1
45.086104,1,9,12,48,4,16.666800,3.808100,5.600200,14.940100,1
45.102418,1,9,12,48,4,16.666698,3.360600,5.897100,16.469000,1
45.119145,1,9,12,48,4,16.666800,3.670600,6.109000,16.573400,1
45.135802,1,9,12,48,4,16.666800,8.819400,6.558800,18.809900,1
45.152454,1,9,12,48,4,16.666901,3.542300,5.259000,19.917801,1
45.169121,1,9,12,48,4,16.666800,3.033500,6.323100,16.036900,1
45.185762,1,9,12,48,4,16.667002,3.111100,5.947200,17.580999,1
45.202574,1,9,12,48,4,16.666698,3.249600,6.055600,15.862800,1
45.219100,1,9,12,48,4,16.666800,3.390600,6.583800,15.419400,1
45.235715,1,9,12,48,4,16.666800,3.796800,5.583000,15.286300,1
45.252739,1,9,12,48,4,16.666901,2.786600,6.018500,16.701401,1
45.269137,1,9,12,48,4,16.667002,3.147300,5.631000,16.879601,1
45.468791,1,9,12,38,4,189.260803,2.865500,1.662500,17.338301,1
45.475580,1,9,10,38,4,16.666800,162.993195,1.662500,17.338301,1
45.491700,1,9,10,38,4,16.667002,4.366400,6.170600,15.709200,1
45.508476,1,9,10,38,4,16.666698,3.899800,6.225300,9.594900,1
45.525290,1,9,10,38,4,16.666800,3.754800,7.711300,13.733900,1
45.541701,1,9,10,38,4,16.666800,4.435500,6.192400,19.509199,1
45.558421,1,9,10,38,4,16.666800,3.014100,7.553100,17.422300,1
45.575131,1,9,10,38,4,16.666901,3.656700,6.453500,16.951300,1
45.591720,1,9,10,38,4,16.666800,4.107000,6.423200,17.605700,1
45.608259,1,9,10,38,4,16.666800,3.581500,5.082900,16.107500,1
45.624957,1,9,10,38,4,16.667002,2.930500,6.324700,15.768600,1
45.641544,1,9,10,38,4,16.666698,7.829200,6.222800,17.719299,1
45.658289,1,9,10,38,4,16.666901,3.389900,5.653700,19.652599,1
45.674903,1,9,10,38,4,16.666800,2.915200,6.856100,16.674801,1
45.691556,1,9,10,38,4,16.666901,3.223500,6.455900,16.240601,1
45.708255,1,9,10,38,4,16.666800,2.825900,5.967100,16.522301,1
45.724910,1,9,10,38,4,16.667002,2.593300,5.508600,15.249400,1
45.741690,1,9,10,38,4,16.666800,2.854500,5.312800,16.160700,1
45.758280,1,9,10,38,4,16.667002,3.018400,4.907600,15.581200,1
45.774990,1,9,10,38,4,16.666800,2.659800,6.121700,17.749001,1
45.791541,1,9,10,38,4,16.666901,2.851600,5.133700,16.537600,1
45.808230,1,9,10,38,4,16.666897,2.787300,5.587500,17.729601,1
45.824871,1,9,10,38,4,16.666702,2.614300,5.844900,17.171400,1
45.841514,1,9,10,38,4,16.666698,2.786200,4.682100,15.620100,1
45.858401,1,9,10,38,4,16.666800,2.529100,4.770700,17.382401,1
45.874858,1,9,10,38,4,16.666901,3.225500,5.308900,15.287300,1
45.891545,1,9,10,38,4,16.667002,2.622200,6.370800,16.937000,1
45.908428,1,9,10,38,4,16.666897,2.682000,5.911400,17.456100,1
45.924857,1,9,10,38,4,16.666702,3.184000,5.214100,16.056299,1
45.941509,1,9,10,38,4,16.666901,2.518000,5.144900,17.962000,1
45.968365,1,9,10,34,4,16.666998,2.571600,6.462700,15.571000,1
45.974977,1,9,9,34,4,16.666901,14.230000,6.462700,15.571000,1
45.991501,1,9,9,34,4,16.666901,3.324500,6.077800,19.322901,1
46.008191,1,9,9,34,4,16.667002,2.770400,4.975900,14.888900,1
46.024850,1,9,9,34,4,16.666800,2.456600,5.586700,15.329300,1
46.041499,1,9,9,34,4,16.666901,2.624400,4.491800,17.323999,1
46.058246,1,9,9,34,4,16.667002,2.955700,5.567200,15.550500,1
46.074838,1,9,9,34,4,16.666698,2.565400,5.639800,15.404000,1
46.091529,1,9,9,34,4,16.666698,2.756800,4.997600,16.112700,1
46.108285,1,9,9,34,4,16.666698,2.457300,4.772700,15.836100,1
46.124828,1,9,9,34,4,16.666800,3.161100,4.603700,15.264800,1
46.141574,1,9,9,34,4,16.666702,2.564300,5.031000,16.337900,1
46.158420,1,9,9,34,4,16.666800,8.253300,7.043400,16.740400,1
46.174893,1,9,9,34,4,16.666897,3.360600,4.882000,20.418501,1
46.191542,1,9,9,34,4,16.666803,2.936800,6.126500,16.249901,1
46.208223,1,9,9,34,4,16.666897,2.843000,5.264200,15.712200,1
46.225028,1,9,9,34,4,16.667002,2.879300,5.507300,16.412701,1
46.241692,1,9,9,34,4,16.666901,2.705200,5.705800,15.672300,1
46.258270,1,9,9,34,4,16.667002,3.325600,5.246000,17.347601,1
46.274865,1,9,9,34,4,16.666800,2.784300,4.919500,16.832500,1
46.291775,1,9,9,34,4,16.666800,2.589600,5.191800,16.286800,1
46.308208,1,9,9,34,4,16.666901,2.699600,5.364200,15.484900,1
46.324972,1,9,9,34,4,16.666698,2.628200,6.694800,16.872400,1
46.341635,1,9,9,34,4,16.666800,3.163100,5.931900,15.395900,1
46.358259,1,9,9,34,4,16.666800,3.538400,5.753100,15.264700,1
46.375153,1,9,9,34,4,16.666698,2.938600,6.747800,16.664600,1
46.391689,1,9,9,34,4,16.666800,3.140600,7.461600,16.938000,1
46.408277,1,9,9,34,4,16.666803,3.711400,5.817600,16.812000,1
46.424914,1,9,9,34,4,16.666998,3.392600,7.190100,17.342501,1
46.441567,1,9,9,34,4,16.666800,3.135800,5.489900,16.807899,1
46.468659,1,9,9,27,3,16.666901,2.679100,6.022200,16.680000,1
46.474951,1,9,8,27,3,16.667002,14.723800,6.022200,16.680000,1
46.491689,1,9,8,27,3,16.666901,3.935800,6.674600,23.547899,1
46.509566,1,9,8,27,3,16.666698,3.733100,8.948200,22.781900,1
46.525092,1,9,8,27,3,16.666901,5.172800,6.680500,14.427200,1
46.541637,1,9,8,27,3,16.666901,4.061200,6.509000,14.427200,1
46.558428,1,9,8,27,3,16.666800,3.468900,7.694000,18.615299,1
46.574983,1,9,8,27,3,16.666800,4.579800,5.681400,15.565800,1
46.591788,1,9,8,27,3,16.667002,3.354300,5.366600,16.195499,1
46.608408,1,9,8,27,3,16.666698,3.153500,6.887500,15.406100,1
46.625151,1,9,8,27,3,16.666800,3.244500,7.462600,15.288300,1
46.641616,1,9,8,27,3,16.666698,3.269700,7.930100,16.318501,1
46.658243,1,9,8,27,3,16.667002,8.936400,7.234800,16.833500,1
46.674939,1,9,8,27,3,16.666698,3.067600,5.563400,15.171600,1
46.691778,1,9,8,27,3,16.666698,3.023000,5.857400,16.984100,1
46.708310,1,9,8,27,3,16.667101,3.555200,6.309700,15.816700,1
46.724976,1,9,8,27,3,16.666800,2.825400,6.797500,15.164400,1
46.741574,1,9,8,27,3,16.666698,3.669900,5.247400,16.062500,1
46.758456,1,9,8,27,3,16.666901,2.725100,7.510200,16.693199,1
46.774885,1,9,8,27,3,16.666698,3.553600,5.253000,15.044600,1
46.791732,1,9,8,27,3,16.666800,2.722900,6.080200,17.643600,1
46.808349,1,9,8,27,3,16.667002,2.997500,6.955000,16.132099,1
46.824937,1,9,8,27,3,16.666698,3.459000,7.120200,16.054199,1
46.841640,1,9,8,27,3,16.666800,3.134500,6.692200,17.508400,1
46.858381,1,9,8,27,3,16.667002,3.019300,7.018800,17.161200,1
46.874900,1,9,8,27,3,16.666901,3.495700,6.756100,16.072701,1
46.891620,1,9,8,27,3,16.666901,3.162700,6.753200,18.341900,1
46.908599,1,9,8,27,3,16.666698,2.779800,6.280800,16.529400,1
46.925391,1,9,8,27,3,16.666800,3.775500,7.887400,16.535500,1
46.941998,1,9,8,27,3,16.667002,3.985600,8.961400,16.184401,1
46.976279,1,9,8,23,2,16.666901,4.331100,8.115200,15.516600,1
46.982312,1,9,6,23,2,23.682199,23.073200,8.115200,15.516600,1
46.999044,1,9,6,23,2,16.666800,4.890100,8.673900,17.213400,1
47.015331,1,9,6,23,2,16.667101,6.194700,6.421600,11.145200,1
47.032177,1,9,6,23,2,16.666698,3.456700,8.552200,13.316100,1
47.048957,1,9,6,23,2,16.687199,3.829600,6.763300,16.439301,1
47.065327,1,9,6,23,2,16.666901,3.593000,6.952500,17.884199,1
47.082047,1,9,6,23,2,16.667002,3.214600,5.875100,15.470600,1
47.098742,1,9,6,23,2,16.666998,3.434900,6.473100,16.508900,1
47.115471,1,9,6,23,2,16.666702,3.311700,7.849000,16.943100,1
47.132076,1,9,6,23,2,16.666698,3.165300,5.483400,16.515100,1
47.148616,1,9,6,23,2,16.666698,2.999800,6.560200,16.006100,1
47.165318,1,9,6,23,2,16.666800,9.134200,7.321700,19.309601,1
47.182088,1,9,6,23,2,16.666698,3.362100,5.336100,21.390301,1
47.198774,1,9,6,23,2,16.666901,3.461600,6.269200,16.412701,1
47.215532,1,9,6,23,2,16.666901,3.019500,7.851000,15.366100,1
47.232050,1,9,6,23,2,16.666800,3.702100,7.817000,17.201200,1
47.249317,1,9,6,23,2,16.666800,3.726700,7.194800,15.466500,1
47.265472,1,9,6,23,2,16.666702,4.447400,7.244700,15.534000,1
47.282112,1,9,6,23,2,16.666998,3.966800,6.978700,16.234501,1
47.298895,1,9,6,23,2,16.666800,3.780900,8.225700,15.335500,1
47.315438,1,9,6,23,2,16.666901,3.551300,7.105700,15.417300,1
47.332131,1,9,6,23,2,16.667002,3.908400,7.879200,17.860600,1
47.349269,1,9,6,23,2,16.666901,3.408600,7.274900,15.825900,1
47.365442,1,9,6,23,2,16.666800,3.896700,5.578100,15.874100,1
47.382278,1,9,6,23,2,16.666901,3.410800,6.059500,18.166800,1
47.398946,1,9,6,23,2,16.666901,3.321100,6.189400,16.295900,1
47.415381,1,9,6,23,2,16.666998,3.389800,6.486500,15.864800,1
47.432594,1,9,6,23,2,16.667002,2.841500,6.178000,17.509399,1
47.448801,1,9,6,23,2,16.666901,3.933800,5.756800,16.991199,1
47.479167,1,9,6,21,2,16.666800,3.618100,7.646000,15.787100,1
47.483344,1,9,6,21,2,18.060801,17.256300,7.646000,15.787100,1
47.500069,1,9,6,21,2,16.666800,4.003400,5.793900,26.226601,1
47.517356,1,9,6,21,2,16.666901,2.927600,6.950200,15.287300,1
47.533485,1,9,6,21,2,16.666901,3.847500,7.683500,15.363100,1
47.550826,1,9,6,21,2,16.666800,3.904300,7.982100,15.755300,1
47.566991,1,9,6,21,2,16.666800,4.272200,7.987700,15.790000,1
47.583322,1,9,6,21,2,16.666901,5.079600,6.496600,16.992300,1
47.600100,1,9,6,21,2,16.666698,2.869300,6.544300,15.233000,1
47.616713,1,9,6,21,2,16.667002,3.081600,5.663700,16.243700,1
47.633333,1,9,6,21,2,16.666800,3.575500,5.724200,16.524300,1
47.650092,1,9,6,21,2,16.666800,2.801900,5.606400,15.915000,1
47.666710,1,9,6,21,2,16.666698,8.120500,6.561700,17.432600,1
47.683407,1,9,6,21,2,16.666803,2.706600,5.010700,15.270900,1
47.700023,1,9,6,21,2,16.666698,3.278800,5.681000,15.215600,1
47.716758,1,9,6,21,2,16.666998,3.196600,5.000900,15.553600,1
47.733423,1,9,6,21,2,16.667002,2.799800,6.874700,17.598400,1
47.749966,1,9,6,21,2,16.666800,3.438200,5.246500,16.961599,1
47.766866,1,9,6,21,2,16.666800,2.696200,5.126400,16.896999,1
47.783737,1,9,6,21,2,16.666901,2.661300,5.384700,18.916300,1
47.800550,1,9,6,21,2,16.666901,3.397100,5.213900,17.369101,1
47.816776,1,9,6,21,2,16.666698,3.375600,5.158900,17.403900,1
47.833485,1,9,6,21,2,16.666901,2.639600,5.505900,17.518600,1
47.850095,1,9,6,21,2,16.666800,3.088200,5.542200,16.273399,1
47.866895,1,9,6,21,2,16.666702,3.090600,5.853300,18.541599,1
47.883382,1,9,6,21,2,16.666800,3.204000,5.559900,16.233500,1
47.899990,1,9,6,21,2,16.666800,2.994600,5.844700,18.744301,1
47.916682,1,9,6,21,2,16.666800,2.597900,5.488600,16.128000,1
47.933722,1,9,6,21,2,16.666800,2.587600,5.482800,17.589199,1
47.950060,1,9,6,21,2,16.666698,2.909600,5.287700,17.589199,1
47.976612,2,9,6,19,0,16.667002,3.029600,4.833300,17.929199,1
48.069339,2,9,6,19,0,100.461304,99.209396,4.833300,17.929199,1
48.083927,2,9,6,19,0,16.666998,6.248100,4.924100,14.819300,1
48.100783,2,9,6,19,0,16.666800,3.461600,4.982400,9.924600,1
48.118762,2,9,6,19,0,16.666702,3.061600,5.920900,12.474400,1
48.134058,2,9,6,19,0,16.666698,5.101700,5.637400,17.969200,1
48.150462,2,9,6,19,0,16.666901,3.627100,5.725300,18.821100,1
48.167339,2,9,6,19,0,16.666698,9.638600,5.748400,19.622900,1
48.183802,2,9,6,19,0,16.666698,3.930600,5.443300,17.338400,1
48.201471,2,9,6,19,0,16.666698,2.811500,4.620800,14.737400,1
48.217098,2,9,6,19,0,16.666901,3.651000,5.303200,15.069100,1
48.233872,2,9,6,19,0,16.666800,2.760100,5.766400,16.347200,1
48.250386,2,9,6,19,0,16.666901,3.420100,5.248200,15.865800,1
48.267757,2,9,6,19,0,16.666800,2.727700,5.572600,16.659500,1
48.283804,2,9,6,19,0,16.666901,3.539700,5.919000,17.965000,1
48.399124,2,9,6,19,0,114.538506,3.212000,1.348300,15.689800,1
48.415063,2,9,6,19,0,16.666800,87.910301,5.619700,112.164803,1
48.431695,2,9,6,19,0,16.666698,3.289600,4.817800,15.962200,1
48.448743,2,9,6,19,0,16.666800,2.785300,5.182100,16.755699,1
48.465024,2,9,6,19,0,16.666800,3.383300,5.412900,17.761200,1
48.486306,0,10,6,0,0,16.666698,2.919700,5.425000,15.377500,1
48.570080,0,10,6,0,0,88.209198,87.979698,5.425000,15.377500,1
48.586415,0,10,6,0,0,16.666901,4.342900,5.426700,14.153700,1
48.603066,0,10,6,0,0,16.666698,3.366800,4.873200,9.519100,1
48.620189,0,10,6,0,0,16.666698,2.429500,5.126100,12.676100,1
48.636596,0,10,6,0,0,16.666901,7.357500,5.019800,21.124100,1
48.653106,0,10,6,0,0,16.666901,4.928200,4.641700,16.270300,1
48.669754,0,10,6,0,0,16.666698,5.903600,4.827300,15.733800,1
48.686745,0,10,6,0,0,16.666702,2.408500,5.892200,15.956000,1
48.703236,0,10,6,0,0,16.666901,2.618200,4.842800,17.082300,1
48.719793,0,10,6,0,0,16.666897,2.775700,5.236100,13.967400,1
48.736550,0,10,6,0,0,16.677402,3.388400,4.965400,19.360800,1
48.753206,0,10,6,0,0,16.666698,2.870600,4.539900,16.639999,1
48.769798,0,10,6,0,0,16.666901,2.691800,4.692700,14.073800,1
48.786484,0,10,6,0,0,16.666698,2.650800,4.961200,16.532499,1
48.959576,0,10,6,0,0,172.644791,2.748900,2.090700,16.532499,1
48.976967,0,10,6,0,0,16.666800,148.059097,6.309700,173.319199,1
49.000447,1,10,6,48,4,16.667002,8.135600,6.098900,14.254000,1
49.095580,1,10,12,48,4,102.768600,102.233200,6.098900,14.254000,1
49.111978,1,10,12,48,4,16.666901,4.137400,6.461200,14.192600,1
49.128868,1,10,12,48,4,16.666998,3.356800,5.538300,8.692800,1
49.145391,1,10,12,48,4,16.666901,3.137700,6.308800,14.169100,1
49.161961,1,10,12,48,4,16.666901,3.174200,6.082800,20.154301,1
49.178878,1,10,12,48,4,16.666800,7.905000,7.708700,18.250799,1
49.195343,1,10,12,48,4,16.666800,3.725500,5.891800,15.385600,1
49.212048,1,10,12,48,4,16.666800,2.900700,5.146400,12.711900,1
49.228607,1,10,12,48,4,16.666800,2.899100,6.586900,16.660500,1
49.245313,1,10,12,48,4,16.666800,3.431900,5.797100,19.805201,1
49.262119,1,10,12,48,4,16.666702,2.721700,4.954100,13.425600,1
49.278708,1,10,12,48,4,16.666800,2.800300,4.857500,16.720900,1
49.295346,1,10,12,48,4,16.667097,2.845800,5.472900,16.907301,1
49.312049,1,10,12,48,4,16.666800,2.964700,4.995400,16.336901,1
49.489058,1,10,12,48,4,176.794205,2.636700,1.839700,16.336901,1
49.513943,1,10,12,44,4,16.666901,145.636597,5.704400,179.475494,1
49.522208,1,10,10,44,4,16.666901,12.526600,5.704400,179.475494,1
49.538818,1,10,10,44,4,16.666800,3.060600,5.605200,14.079000,1
49.555419,1,10,10,44,4,16.666800,3.029700,6.378400,13.107200,1
49.572199,1,10,10,44,4,16.666901,2.618700,6.724200,12.908500,1
49.588815,1,10,10,44,4,16.666800,3.273900,5.520000,18.510900,1
49.605380,1,10,10,44,4,16.666800,3.281800,5.049700,18.108400,1
49.622063,1,10,10,44,4,16.666698,2.680800,5.031500,16.236500,1
49.638972,1,10,10,44,4,16.666698,2.551200,4.855800,16.209999,1
49.655390,1,10,10,44,4,16.666901,3.359100,6.451700,17.511400,1
49.672161,1,10,10,44,4,16.666800,2.674800,4.469500,15.733700,1
49.688757,1,10,10,44,4,16.667002,7.725100,4.776100,19.815500,1
49.705489,1,10,10,44,4,16.666800,3.103500,4.567600,16.418800,1
49.722205,1,10,10,44,4,16.666800,2.525000,4.559200,14.025700,1
49.738727,1,10,10,44,4,16.666800,2.953600,4.548100,16.932899,1
49.755402,1,10,10,44,4,16.666901,2.738600,5.512500,16.643000,1
49.772027,1,10,10,44,4,16.666800,2.799200,4.942600,16.302099,1
49.788764,1,10,10,44,4,16.666698,2.282400,5.003400,16.838699,1
49.805429,1,10,10,44,4,16.666803,2.674200,4.701400,16.714701,1
49.822098,1,10,10,44,4,16.666800,2.679700,5.438300,16.832500,1
49.838940,1,10,10,44,4,16.666800,2.811500,7.255000,17.444901,1
49.855449,1,10,10,44,4,16.666901,3.081000,5.815000,16.967699,1
49.872048,1,10,10,44,4,16.666800,3.049700,5.230100,16.267200,1
49.888783,1,10,10,44,4,16.666800,3.286400,4.619800,15.822900,1
49.905523,1,10,10,44,4,16.666901,2.650100,4.907700,16.455700,1
49.922063,1,10,10,44,4,16.666698,2.780100,4.389700,16.903099,1
49.938714,1,10,10,44,4,16.666800,2.554500,4.844900,16.813101,1
49.955461,1,10,10,44,4,16.666901,2.845900,5.773900,17.094700,1
49.972200,1,10,10,44,4,16.666901,2.716700,4.819900,15.956900,1
49.988717,1,10,10,44,4,16.666800,2.664800,4.991900,17.623100,1
50.014428,1,10,10,36,4,16.666998,2.591800,4.563500,15.559700,1
50.022129,1,10,7,36,4,16.666800,12.243800,5.333500,24.097799,1
50.038896,1,10,7,36,4,16.666803,2.872100,4.498000,17.452999,1
50.055381,1,10,7,36,4,16.666800,2.758300,5.500000,14.470200,1
50.133276,1,10,7,36,4,77.771500,76.771797,5.500000,14.470200,1
50.149993,1,10,7,36,4,16.666698,3.757800,5.511300,13.882400,1
50.166513,1,10,7,36,4,16.666800,3.420400,5.751500,9.410600,1
50.183258,1,10,7,36,4,16.667002,2.652300,5.158200,13.105100,1
50.199922,1,10,7,36,4,16.666901,8.725400,5.309000,22.752300,1
50.216645,1,10,7,36,4,16.666800,3.193200,5.750800,15.804400,1
50.233344,1,10,7,36,4,16.666698,3.335400,5.269900,14.882800,1
50.249899,1,10,7,36,4,16.666800,3.295100,5.810700,14.265300,1
50.266525,1,10,7,36,4,16.666800,2.833900,5.449000,19.012600,1
50.283241,1,10,7,36,4,16.666800,2.617400,5.500100,13.386800,1
50.299998,1,10,7,36,4,16.666698,2.765800,4.494500,16.590799,1
50.316846,1,10,7,36,4,16.666901,2.971900,5.184900,17.011801,1
50.333340,1,10,7,36,4,16.667101,2.944800,6.035800,16.722900,1
50.350335,1,10,7,36,4,16.685900,3.311500,6.004300,16.615400,1
50.366888,1,10,7,36,4,16.666800,3.023400,6.103400,16.721901,1
50.383345,1,10,7,36,4,16.667002,3.074000,5.130300,19.730499,1
50.399924,1,10,7,36,4,16.666800,2.898800,4.798400,13.619200,1
50.416623,1,10,7,36,4,16.666901,2.853300,5.993300,16.413700,1
50.433508,1,10,7,36,4,16.666800,3.393400,5.839300,16.904200,1
50.449934,1,10,7,36,4,16.666998,3.284100,5.644400,16.991199,1
50.466576,1,10,7,36,4,16.666702,2.888500,5.745100,16.060400,1
50.483642,1,10,7,36,4,16.666800,2.874900,6.403300,16.830500,1
50.499900,1,10,7,36,4,16.666998,3.370500,5.771900,17.202200,1
50.525680,1,10,7,32,4,16.667002,2.842000,5.271500,18.744301,1
50.533262,1,10,6,32,4,16.667002,13.022900,5.271500,18.744301,1
50.549992,1,10,6,32,4,16.666800,3.265500,5.422300,16.709600,1
50.566655,1,10,6,32,4,16.666800,3.277600,5.366000,11.589600,1
50.583264,1,10,6,32,4,16.666901,2.791300,5.370800,11.149400,1
50.599868,1,10,6,32,4,16.666800,3.396300,6.688200,17.278900,1
50.616506,1,10,6,32,4,16.666901,2.960700,5.938300,19.472401,1
50.633281,1,10,6,32,4,16.666800,2.689400,4.733200,15.555600,1
50.649861,1,10,6,32,4,16.666698,2.954100,4.939400,14.469100,1
50.666506,1,10,6,32,4,16.666901,2.547100,4.820100,16.436199,1
50.683281,1,10,6,32,4,16.666800,2.667300,5.889200,16.529499,1
50.700034,1,10,6,32,4,16.666901,7.943800,5.428500,22.513599,1
50.717274,1,10,6,32,4,16.666800,3.792700,5.205100,15.201300,1
50.733235,1,10,6,32,4,16.666901,3.399900,5.145600,13.021200,1
50.749987,1,10,6,32,4,16.666800,3.087900,5.296000,15.904800,1
50.766552,1,10,6,32,4,16.666698,3.057000,5.270400,16.827299,1
50.783214,1,10,6,32,4,16.666901,2.890200,5.208100,16.628799,1
50.799838,1,10,6,32,4,16.666800,2.827300,5.361800,16.545799,1
50.816688,1,10,6,32,4,16.666702,2.549600,5.141000,16.435200,1
50.833190,1,10,6,32,4,16.666698,2.939200,5.167400,17.618900,1
50.849973,1,10,6,32,4,16.666800,2.942700,5.202100,15.740900,1
50.866558,1,10,6,32,4,16.666698,2.615700,5.501600,17.004601,1
50.883278,1,10,6,32,4,16.666698,3.094100,7.000000,19.896299,1
50.899849,1,10,6,32,4,16.666800,3.086400,4.776300,13.467700,1
50.916528,1,10,6,32,4,16.666800,2.610700,5.818300,16.488400,1
50.933197,1,10,6,32,4,16.666901,3.015000,5.247000,19.514400,1
50.949929,1,10,6,32,4,16.667101,2.959800,4.863300,13.887500,1
50.966574,1,10,6,32,4,16.666901,2.842900,5.300500,16.946100,1
50.983171,1,10,6,32,4,16.666800,3.001000,4.916600,20.009001,1
51.000277,1,10,6,32,4,16.722500,2.565500,5.072200,17.553400,1
51.024838,1,10,6,25,3,16.666901,2.794100,5.537600,16.585699,1
51.033246,1,10,4,25,3,16.666800,11.331600,5.216000,20.827200,1
51.049908,1,10,4,25,3,16.666800,2.602000,4.293500,21.411800,1
51.066572,1,10,4,25,3,16.666800,2.364200,5.027600,15.719400,1
51.083479,1,10,4,25,3,16.666800,2.568100,4.643700,16.546801,1
51.099926,1,10,4,25,3,16.666901,2.809900,5.383600,18.015301,1
51.116534,1,10,4,25,3,16.666901,3.050300,4.698600,16.690201,1
51.133236,1,10,4,25,3,16.666698,2.873300,4.776600,15.902700,1
51.150179,1,10,4,25,3,16.666901,2.635100,4.781300,17.498100,1
51.166570,1,10,4,25,3,16.666698,2.911400,4.923400,16.288799,1
51.183228,1,10,4,25,3,16.666800,2.842600,5.192900,16.684000,1
51.199893,1,10,4,25,3,16.666901,2.744300,4.790800,16.792601,1
51.216543,1,10,4,25,3,16.666901,7.489600,5.401700,17.217501,1
51.233316,1,10,4,25,3,16.666800,2.792800,4.340900,16.886801,1
51.249895,1,10,4,25,3,16.666901,2.841400,5.308900,15.413200,1
51.266629,1,10,4,25,3,16.666800,2.565300,4.729100,14.849100,1
51.283329,1,10,4,25,3,16.666698,2.590300,4.883000,15.275000,1
51.299890,1,10,4,25,3,16.666901,2.602000,4.609900,14.550000,1
51.316549,1,10,4,25,3,16.666800,3.059300,4.806400,14.993400,1
51.333332,1,10,4,25,3,16.666901,2.637300,4.951000,15.921200,1
51.350006,1,10,4,25,3,16.666800,2.995700,4.893700,15.062000,1
51.366552,1,10,4,25,3,16.666901,2.481800,4.722500,16.232401,1
51.383277,1,10,4,25,3,16.666901,2.601600,5.126800,16.799801,1
51.399903,1,10,4,25,3,16.666901,2.888200,4.704100,15.793100,1
51.416816,1,10,4,25,3,16.666998,2.362700,4.579100,17.177601,1
51.433224,1,10,4,25,3,16.666901,2.685700,5.083200,16.698400,1
51.449883,1,10,4,25,3,16.666901,2.760800,4.861600,16.706600,1
51.466621,1,10,4,25,3,16.666800,2.615600,5.231200,16.336800,1
51.483213,1,10,4,25,3,16.666800,2.626800,4.876400,17.524799,1
51.499944,1,10,4,25,3,16.666901,2.527900,4.887200,15.812600,1
51.525030,1,10,4,21,1,16.666800,2.369400,5.048200,16.812000,1
51.533357,1,10,4,21,1,16.667002,11.501200,4.833700,22.762501,1
51.549913,1,10,4,21,1,16.667002,2.835600,4.617600,17.197100,1
51.566563,1,10,4,21,1,16.666901,2.323000,4.423200,12.147700,1
51.583236,1,10,4,21,1,16.666901,2.348800,4.883900,14.701600,1
51.599995,1,10,4,21,1,16.666698,2.530600,5.692900,16.782301,1
51.616593,1,10,4,21,1,16.666800,3.028100,7.873900,18.589701,1
51.633231,1,10,4,21,1,16.666698,3.031400,4.884400,14.994400,1
51.649948,1,10,4,21,1,16.666901,2.694600,5.104600,16.808001,1
51.667292,1,10,4,21,1,16.666800,3.117900,4.803000,15.741900,1
51.683513,1,10,4,21,1,16.666800,3.063200,5.185000,17.635300,1
51.699926,1,10,4,21,1,16.666800,2.956400,5.052500,16.149500,1
51.716674,1,10,4,21,1,16.666800,7.850100,5.522400,18.987000,1
51.733336,1,10,4,21,1,16.666800,2.930300,4.667800,18.787399,1
51.750039,1,10,4,21,1,16.666901,2.599100,4.834900,13.318100,1
51.766580,1,10,4,21,1,16.666800,2.788400,4.937200,15.771700,1
51.783284,1,10,4,21,1,16.666901,2.482100,5.393100,16.978901,1
51.800102,1,10,4,21,1,16.667002,3.037000,4.871400,15.837200,1
51.816653,1,10,4,21,1,16.667002,2.613700,5.251300,16.864300,1
51.833232,1,10,4,21,1,16.666698,2.633400,5.425700,17.299400,1
51.849924,1,10,4,21,1,16.667097,2.583500,5.078400,16.011299,1
51.866640,1,10,4,21,1,16.666702,2.612500,4.667000,16.454599,1
51.883348,1,10,4,21,1,16.666800,2.772800,4.321800,16.769100,1
51.900014,1,10,4,21,1,16.666901,2.460300,4.206300,16.150499,1
51.916692,1,10,4,21,1,16.666897,2.354100,4.867000,17.157101,1
51.933277,1,10,4,21,1,16.666901,2.423000,4.850100,16.697300,1
51.949919,1,10,4,21,1,16.666702,2.357700,4.228700,16.311300,1
51.966557,1,10,4,21,1,16.666901,2.722600,4.329100,16.756800,1
51.983252,1,10,4,21,1,16.666998,2.670600,4.517600,16.396299,1
52.000036,1,10,4,21,1,16.666901,2.588500,4.819900,16.159700,1
52.025351,1,10,4,19,1,16.666901,2.646800,4.717600,17.402901,1
52.033261,1,10,4,19,1,16.666901,11.416000,5.520500,22.980600,1
52.050182,1,10,4,19,1,16.666901,2.440700,5.023600,18.187300,1
52.066671,1,10,4,19,1,16.666901,2.681000,5.219600,13.013000,1
52.083252,1,10,4,19,1,16.666800,2.804100,4.705600,13.444000,1
52.099910,1,10,4,19,1,16.666901,3.077600,6.345700,17.553499,1
52.116699,1,10,4,19,1,16.666901,2.595600,6.114800,15.501300,1
52.133452,1,10,4,19,1,16.667097,2.799200,4.701300,17.247200,1
52.149974,1,10,4,19,1,16.666800,3.055500,5.108600,16.058399,1
52.166601,1,10,4,19,1,16.666800,2.503400,4.844300,16.413700,1
52.183403,1,10,4,19,1,16.666800,2.774800,5.572800,17.244101,1
52.199918,1,10,4,19,1,16.666800,3.168800,4.805300,16.215099,1
52.216601,1,10,4,19,1,16.666803,2.504700,4.367500,15.887300,1
52.233264,1,10,4,19,1,16.666800,8.353400,4.782700,20.983801,1
52.249964,1,10,4,19,1,16.666897,3.316200,4.065400,15.369200,1
52.266662,1,10,4,19,1,16.666803,2.311200,4.792700,14.467100,1
52.283253,1,10,4,19,1,16.666800,2.464000,4.259700,15.915000,1
52.299905,1,10,4,19,1,16.666698,2.864800,4.278500,16.919600,1
52.316630,1,10,4,19,1,16.666800,2.660400,4.774700,16.782301,1
52.333243,1,10,4,19,1,16.666901,2.429000,4.775500,17.457199,1
52.349915,1,10,4,19,1,16.666901,2.813800,4.170400,15.258600,1
52.366591,1,10,4,19,1,16.666698,2.450600,4.628400,17.211399,1
52.383243,1,10,4,19,1,16.666698,2.535500,5.245100,16.895000,1
52.400000,1,10,4,19,1,16.666901,2.516800,4.454300,15.917000,1
52.416592,1,10,4,19,1,16.666901,2.762000,4.939600,15.353900,1
52.433270,1,10,4,19,1,16.666800,2.504400,5.243400,16.144400,1
52.449930,1,10,4,19,1,16.666698,3.480700,6.545000,19.885000,1
52.466720,1,10,4,19,1,16.676102,2.618500,4.873800,15.762400,1
52.483315,1,10,4,19,1,16.666698,2.695200,4.625900,16.809999,1
52.499929,1,10,4,19,1,16.666800,2.511900,4.581100,16.749599,1
52.524827,1,10,4,19,1,16.666698,2.562200,5.493300,17.316900,1
52.533280,1,10,4,19,1,16.667002,11.158900,5.053700,21.464001,1
52.549925,1,10,4,19,1,16.666901,2.968700,3.922000,16.805901,1
52.566572,1,10,4,19,1,16.667097,2.461800,5.942600,13.274100,1
52.583310,1,10,4,19,1,16.666800,2.435000,4.881700,14.647300,1
52.600117,1,10,4,19,1,16.666803,2.624100,4.650100,16.382000,1
52.616573,1,10,4,19,1,16.666897,3.348900,4.856600,17.569799,1
52.633328,1,10,4,19,1,16.666800,2.560600,4.154900,15.813600,1
52.649985,1,10,4,19,1,16.666702,2.503200,5.251700,13.866000,1
52.666728,1,10,4,19,1,16.666901,2.817500,4.592800,19.551201,1
52.683271,1,10,4,19,1,16.666698,2.591500,4.344300,16.689199,1
52.699892,1,10,4,19,1,16.667097,2.878200,4.618300,13.992900,1
52.716651,1,10,4,19,1,16.666901,2.545500,5.555200,19.667999,1
52.733556,1,10,4,19,1,16.666800,7.869800,5.213600,19.032101,1
52.749906,1,10,4,19,1,16.666702,3.107200,4.412400,16.410601,1
52.766584,1,10,4,19,1,16.666897,2.317400,4.888300,14.722000,1
52.783308,1,10,4,19,1,16.666803,2.396800,4.948800,16.073799,1
52.800022,1,10,4,19,1,16.666800,2.508900,4.246000,16.309200,1
52.816602,1,10,4,19,1,16.666800,2.484900,4.538200,15.024100,1
52.833281,1,10,4,19,1,16.666698,2.510500,4.587600,18.490400,1
52.849975,1,10,4,19,1,16.666800,2.460700,5.112600,16.674801,1
52.866694,1,10,4,19,1,16.666698,2.904800,6.400900,17.875999,1
52.883257,1,10,4,19,1,16.666800,2.517100,6.936800,17.267700,1
52.899958,1,10,4,19,1,16.666698,2.687700,6.308900,15.941600,1
52.916893,1,10,4,19,1,16.667002,3.164900,5.715200,15.762500,1
52.933241,1,10,4,19,1,16.666698,2.908400,4.303900,16.299000,1
52.950035,1,10,4,19,1,16.666901,2.413800,4.821100,17.422300,1
52.966630,1,10,4,19,1,16.666698,2.777600,5.103400,16.265200,1
52.983388,1,10,4,19,1,16.666702,2.485500,5.436900,16.577600,1
52.999977,1,10,4,19,1,16.666698,2.970600,4.997000,16.873501,1
53.026435,2,10,4,19,0,16.666901,2.606800,5.412900,17.363899,1
53.114002,2,10,4,19,0,97.400803,96.884804,5.412900,17.363899,1
53.130650,2,10,4,19,0,16.666901,3.294600,6.851000,12.881900,1
53.147579,2,10,4,19,0,16.666698,2.931800,5.221400,9.650200,1
53.164183,2,10,4,19,0,16.666901,3.156700,5.118900,14.342200,1
53.180787,2,10,4,19,0,16.667101,3.196200,5.201900,19.644400,1
53.197313,2,10,4,19,0,16.666800,2.857300,5.523700,16.974800,1
53.214068,2,10,4,19,0,16.666901,2.932900,5.265100,15.697900,1
53.230664,2,10,4,19,0,16.666698,3.969900,5.589300,17.132601,1
53.247328,2,10,4,19,0,16.666800,7.712100,6.534800,18.102301,1
53.264028,2,10,4,19,0,16.666901,3.706300,5.831300,17.575899,1
53.280642,2,10,4,19,0,16.666901,3.328000,4.699200,13.808600,1
53.297325,2,10,4,19,0,16.666698,2.595200,5.332400,17.215500,1
53.314229,2,10,4,19,0,16.666901,3.180800,5.167900,16.261101,1
53.330666,2,10,4,19,0,16.666901,3.264200,5.586300,14.462000,1
53.460096,2,10,4,19,0,126.396400,2.974000,1.545500,18.325500,1
53.474251,2,10,4,19,0,16.666800,99.166000,5.505700,127.239197,1
53.490369,2,10,4,19,0,16.666698,4.734700,5.713300,14.545900,1
53.507667,2,10,4,19,0,16.666800,3.281100,5.738400,15.575000,1
53.528052,0,11,4,0,0,16.667002,3.475100,4.333500,17.347601,1
53.619640,0,11,6,0,0,95.482605,95.389099,4.333500,17.347601,1
53.635834,0,11,6,0,0,16.666698,3.677300,4.439900,14.881800,1
53.652915,0,11,6,0,0,16.666901,3.114800,5.116600,10.977300,1
53.669367,0,11,6,0,0,16.666901,2.718500,4.974700,13.175800,1
53.685829,0,11,6,0,0,16.666901,2.549900,4.725200,13.767700,1
53.702503,0,11,6,0,0,16.666800,2.500300,4.419700,16.412701,1
53.719580,0,11,6,0,0,16.666800,2.525600,5.190400,16.730101,1
53.735821,0,11,6,0,0,16.666901,3.024300,5.018800,17.030100,1
53.752464,0,11,6,0,0,16.666800,5.857200,5.110300,19.769400,1
53.769093,0,11,6,0,0,16.666800,2.448600,4.834400,16.187401,1
53.785742,0,11,6,0,0,16.666800,2.663900,5.674700,13.404100,1
53.803660,0,11,6,0,0,16.666901,2.542500,4.983600,16.920601,1
53.819188,0,11,6,0,0,16.667002,3.604500,5.530100,18.042900,1
53.835819,0,11,6,0,0,16.666901,2.608700,5.799600,15.326200,1
53.995655,0,11,6,0,0,158.784698,2.427400,2.028200,16.591900,1
54.011784,0,11,6,0,0,16.666800,132.997894,4.803500,159.642593,1
54.032225,0,11,6,0,0,16.666901,3.041200,4.286200,16.524300,1
54.044648,0,11,6,0,0,16.666698,6.530700,4.903200,20.607000,1
54.061239,0,11,6,0,0,16.666901,2.522600,4.640900,14.872500,1
54.078194,0,11,6,0,0,16.666901,2.206700,5.056500,13.533200,1
54.094540,0,11,6,0,0,16.666800,2.908000,5.099100,17.227800,1
54.111363,0,11,6,0,0,16.666702,2.388500,5.008400,16.105499,1
54.127918,0,11,6,0,0,16.666897,2.598700,5.253300,17.550301,1
54.144847,0,11,6,0,0,16.666702,2.640400,5.051400,15.790100,1
54.161422,0,11,6,0,0,16.666800,2.677500,5.653000,17.082300,1
54.178108,0,11,6,0,0,16.666901,2.941600,5.294000,16.666700,1
54.194584,0,11,6,0,0,16.666698,2.637000,4.822600,16.693199,1
54.211742,0,11,6,0,0,16.666901,2.466600,5.622800,16.395300,1
54.229735,0,11,6,0,0,16.666698,3.093400,5.604000,17.378300,1
54.244742,0,11,6,0,0,16.666800,4.903000,5.663400,17.787901,1
54.261307,0,11,6,0,0,16.666698,5.971800,7.655000,18.601999,1
54.277967,0,11,6,0,0,16.666901,3.042400,5.379900,16.749500,1
54.294605,0,11,6,0,0,16.666901,2.953200,6.109700,16.209999,1
54.311305,0,11,6,0,0,16.666901,2.516900,4.724100,17.313801,1
54.328031,0,11,6,0,0,16.666901,2.298500,5.433400,16.858101,1
54.344603,0,11,6,0,0,16.666698,2.745500,5.489100,17.225700,1
54.361406,0,11,6,0,0,16.666901,2.372000,6.098600,16.431101,1
54.378023,0,11,6,0,0,16.666901,2.566100,5.486800,17.025000,1
54.394634,0,11,6,0,0,16.667999,3.061400,5.563500,16.806900,1
54.411508,0,11,6,0,0,16.666800,3.151500,4.965700,17.137699,1
54.428030,0,11,6,0,0,16.666901,2.944100,4.480600,17.796101,1
54.444606,0,11,6,0,0,16.666698,2.758100,4.543000,15.525900,1
54.461275,0,11,6,0,0,16.666901,2.192900,4.992200,16.610300,1
54.477989,0,11,6,0,0,16.666901,2.489400,5.354600,15.123400,1
54.494702,0,11,6,0,0,16.666901,2.606900,5.314800,15.889400,1
54.511302,0,11,6,0,0,16.666901,4.741400,5.495100,17.047600,1
54.537113,1,11,6,47,4,16.666800,2.500000,6.998600,16.607201,1
54.636406,1,11,12,47,4,107.805099,107.216599,6.998600,16.607201,1
54.652929,1,11,12,47,4,16.666800,4.646500,5.360600,14.850100,1
54.669557,1,11,12,47,4,16.666901,4.116600,5.290500,8.435700,1
54.685894,1,11,12,47,4,16.666901,3.128600,5.559300,13.790200,1
54.702680,1,11,12,47,4,16.666698,2.980100,5.726300,16.035801,1
54.719268,1,11,12,47,4,16.666698,3.008900,5.947300,16.864300,1
54.735894,1,11,12,47,4,16.666800,2.895500,5.874300,18.909201,1
54.752555,1,11,12,47,4,16.666702,2.696600,5.833300,14.635000,1
54.769173,1,11,12,47,4,16.666897,8.244300,5.298600,21.461000,1
54.786162,1,11,12,47,4,16.666702,2.759900,5.464300,15.224800,1
54.802673,1,11,12,47,4,16.666901,3.220400,4.549300,13.674500,1
54.819230,1,11,12,47,4,16.666800,3.064300,4.961300,16.925699,1
54.836693,1,11,12,47,4,16.666901,3.083100,5.335700,15.875100,1
54.852608,1,11,12,47,4,16.666897,3.558000,5.196900,17.278900,1
55.011597,1,11,12,47,4,158.228500,2.626700,1.868900,18.699301,1
55.027682,1,11,12,47,4,16.666698,133.347900,5.485000,156.225494,1
55.052646,1,11,12,42,4,16.666800,2.931000,4.402300,16.424000,1
55.061059,1,11,10,42,4,16.666901,12.029000,5.580000,25.528299,1
55.077656,1,11,10,42,4,16.667002,3.176400,5.326300,13.966300,1
55.094498,1,11,10,42,4,16.667002,2.959300,5.538400,10.179600,1
55.110906,1,11,10,42,4,16.666901,3.368200,5.341900,17.091600,1
55.127522,1,11,10,42,4,16.666800,3.773100,5.597200,16.338900,1
55.144387,1,11,10,42,4,16.666901,3.104700,5.464600,16.312401,1
55.160769,1,11,10,42,4,16.666698,2.948200,6.521900,17.113001,1
55.177607,1,11,10,42,4,16.666800,2.929500,5.179900,16.269400,1
55.194237,1,11,10,42,4,16.666901,2.935800,5.743300,16.967600,1
55.211056,1,11,10,42,4,16.666800,3.317000,4.857700,16.618500,1
55.227454,1,11,10,42,4,16.666698,3.228400,5.276100,17.277000,1
55.244337,1,11,10,42,4,16.666800,3.143800,4.765300,15.939500,1
55.260777,1,11,10,42,4,16.666901,3.208100,5.348900,16.710699,1
55.277592,1,11,10,42,4,16.666901,8.046800,5.402100,21.600300,1
55.294149,1,11,10,42,4,16.666800,3.278100,5.356300,19.080099,1
55.310877,1,11,10,42,4,16.666901,2.887900,5.716600,14.027800,1
55.327443,1,11,10,42,4,16.666698,2.962300,5.815200,15.090700,1
55.344363,1,11,10,42,4,16.666800,3.018600,5.332500,16.701500,1
55.360769,1,11,10,42,4,16.666800,3.031400,5.038200,17.115101,1
55.377558,1,11,10,42,4,16.666698,3.017300,5.552600,17.124300,1
55.394097,1,11,10,42,4,16.666800,3.030000,5.176000,16.155701,1
55.410955,1,11,10,42,4,16.666702,2.531500,6.215000,15.989700,1
55.427569,1,11,10,42,4,16.666698,3.025100,5.967200,17.584200,1
55.444123,1,11,10,42,4,16.666800,3.444100,5.747600,16.087000,1
55.461410,1,11,10,42,4,16.666698,3.065300,4.881800,16.757799,1
55.477928,1,11,10,42,4,16.666698,3.495400,7.964600,18.066401,1
55.494450,1,11,10,42,4,16.666901,3.645900,5.695500,17.035299,1
55.510872,1,11,10,42,4,16.666698,3.774900,5.303000,15.620100,1
55.527654,1,11,10,42,4,16.666901,2.852100,6.407400,16.048100,1
55.553193,1,11,10,32,4,16.666901,3.102400,5.569600,18.269199,1
55.560934,1,11,7,32,4,16.667002,12.822100,5.569600,18.269199,1
55.577547,1,11,7,32,4,16.666800,3.526800,5.243500,20.480000,1
55.594392,1,11,7,32,4,16.666800,3.010600,6.772800,15.088600,1
55.611200,1,11,7,32,4,16.666800,3.116200,4.721100,17.015800,1
55.627836,1,11,7,32,4,16.666698,3.492700,7.204000,16.609301,1
55.644197,1,11,7,32,4,16.666800,3.753400,6.347100,15.839200,1
55.660974,1,11,7,32,4,16.666901,3.404800,5.986500,16.119801,1
55.677596,1,11,7,32,4,16.667002,3.529300,6.037600,15.396900,1
55.694103,1,11,7,32,4,16.666901,3.791600,5.023500,15.715300,1
55.710761,1,11,7,32,4,16.666901,2.979100,6.378100,17.687599,1
55.727473,1,11,7,32,4,16.666901,3.477500,5.499700,15.258600,1
55.744182,1,11,7,32,4,16.666800,2.445000,4.704000,17.382401,1
55.760759,1,11,7,32,4,16.666901,2.956000,5.087300,16.035801,1
55.777401,1,11,7,32,4,16.666800,2.582500,5.283200,15.664200,1
55.794102,1,11,7,32,4,16.666800,8.397800,5.828500,17.756100,1
55.810947,1,11,7,32,4,16.666698,2.557000,4.969000,16.359501,1
55.827501,1,11,7,32,4,16.666901,2.684300,8.377800,15.924200,1
55.844123,1,11,7,32,4,16.667101,4.152900,5.110900,15.008800,1
55.860861,1,11,7,32,4,16.666698,3.225900,6.468300,17.315800,1
55.877550,1,11,7,32,4,16.666901,2.644500,5.401600,15.404000,1
55.894198,1,11,7,32,4,16.666698,2.822400,5.256000,18.037800,1
55.910769,1,11,7,32,4,16.666698,2.623000,4.671600,16.317400,1
55.927461,1,11,7,32,4,16.666901,2.438400,5.188000,17.307699,1
55.944306,1,11,7,32,4,16.666800,2.784300,4.779400,16.266199,1
55.960772,1,11,7,32,4,16.666901,2.746000,4.837600,15.453200,1
55.977619,1,11,7,32,4,16.666901,2.596000,5.537300,16.420900,1
55.994295,1,11,7,32,4,16.666698,3.120300,5.118900,15.597500,1
56.010888,1,11,7,32,4,16.666800,2.880700,5.720500,17.817600,1
56.027493,1,11,7,32,4,16.666698,3.168100,4.887100,15.949900,1
56.052852,1,11,7,26,4,16.666800,2.646500,5.267100,17.670099,1
56.060824,1,11,6,26,4,16.666800,12.166300,6.301600,17.670099,1
56.077603,1,11,6,26,4,16.666901,3.279100,4.807300,20.823000,1
56.094598,1,11,6,26,4,16.668100,2.849200,5.101100,22.713400,1
56.111014,1,11,6,26,4,16.666702,3.553900,4.328800,17.275900,1
56.127913,1,11,6,26,4,16.666901,2.874700,5.225100,16.926701,1
56.144168,1,11,6,26,4,16.666800,3.429800,4.614000,16.926701,1
56.161268,1,11,6,26,4,16.666998,2.598200,5.405200,17.652700,1
56.177662,1,11,6,26,4,16.666702,3.080400,5.583800,17.652700,1
56.194139,1,11,6,26,4,16.666698,3.413500,5.670100,18.929701,1
56.210826,1,11,6,26,4,16.666800,2.563800,7.614200,17.620899,1
56.227459,1,11,6,26,4,16.666901,2.429000,9.125100,17.629200,1
56.244077,1,11,6,26,4,16.666800,2.722100,9.698200,16.955400,1
56.260885,1,11,6,26,4,16.666698,2.419300,10.126400,17.268801,1
56.277433,1,11,6,26,4,16.666901,2.551800,9.962300,17.266600,1
56.294136,1,11,6,26,4,16.666901,7.781500,6.535800,18.068501,1
56.310776,1,11,6,26,4,16.667002,2.828900,11.441400,16.382999,1
56.327408,1,11,6,26,4,16.666698,2.452100,12.890900,17.995800,1
56.344210,1,11,6,26,4,16.666998,2.418600,12.604900,17.092600,1
56.360833,1,11,6,26,4,16.667002,2.891100,15.614800,18.088900,1
56.377491,1,11,6,26,4,16.666901,2.840500,15.466500,16.652300,1
56.394128,1,11,6,26,4,16.666698,2.393900,16.085800,17.951799,1
56.410928,1,11,6,26,4,16.666702,2.394400,16.085800,17.187799,1
56.427450,1,11,6,26,4,16.666897,3.083200,17.186100,17.776699,1
56.444231,1,11,6,26,4,16.666901,2.405800,17.730400,16.010201,1
56.460913,1,11,6,26,4,16.666901,3.202600,15.535200,18.009100,1
56.477673,1,11,6,26,4,16.666800,2.855000,17.995501,17.331200,1
56.494368,1,11,6,26,4,16.666901,2.804600,17.702400,18.230301,1
56.510817,1,11,6,26,4,16.666901,3.707200,18.531601,18.230301,1
56.527563,1,11,6,26,4,16.666800,3.471600,16.857500,17.600500,1
56.552284,1,11,6,21,3,16.666800,2.891200,17.780800,17.470501,1
56.560695,1,11,5,21,3,16.666698,12.793400,17.780800,17.470501,1
56.577471,1,11,5,21,3,16.666803,2.343800,15.667500,18.219999,1
56.594067,1,11,5,21,3,16.667198,3.444700,18.283800,18.183201,1
56.610749,1,11,5,21,3,16.666800,2.398500,16.796000,16.463900,1
56.627473,1,11,5,21,3,16.666800,2.634900,17.612700,18.898899,1
56.644032,1,11,5,21,3,16.666698,2.464900,17.051001,16.199699,1
56.660710,1,11,5,21,3,16.666800,2.509200,15.993700,16.957399,1
56.677359,1,11,5,21,3,16.666800,3.079600,18.124201,17.277000,1
56.694075,1,11,5,21,3,16.666901,2.725300,16.902901,17.655800,1
56.710651,1,11,5,21,3,16.666800,2.646300,18.271000,17.973200,1
56.727360,1,11,5,21,3,16.666901,2.662900,15.658000,15.507500,1
56.744079,1,11,5,21,3,16.666800,2.295000,17.055000,17.144800,1
56.760724,1,11,5,21,3,16.666800,2.862300,16.892099,17.164301,1
56.777574,1,11,5,21,3,16.666800,2.381700,17.246500,17.886200,1
56.795856,1,11,5,21,3,18.495802,8.590700,18.703300,17.588200,1
56.813028,1,11,5,21,3,17.020800,2.606100,16.932301,17.026100,1
56.831923,1,11,5,21,3,19.012901,2.851400,19.007601,18.520000,1
56.848563,1,11,5,21,3,16.666800,2.810100,15.390400,16.358400,1
56.865503,1,11,5,21,3,16.761698,2.802400,17.946501,17.518600,1
56.882094,1,11,5,21,3,16.666901,2.756800,16.556801,16.988199,1
56.900110,1,11,5,21,3,18.006203,2.501500,17.981199,18.074600,1
56.917446,1,11,5,21,3,17.332499,2.498300,17.315201,17.044500,1
56.935464,1,11,5,21,3,17.992001,2.955800,17.880600,18.252800,1
56.952454,1,11,5,21,3,17.117300,2.618900,17.167900,17.447901,1
56.970365,1,11,5,21,3,17.651901,2.843500,17.605700,16.777300,1
56.986800,1,11,5,21,3,16.667002,2.970800,16.146400,16.997299,1
57.003503,1,11,5,21,3,16.666800,2.567800,17.024599,17.277000,1
57.020638,1,11,5,21,3,17.136398,2.571100,17.139700,17.198000,1
57.038480,1,11,5,21,3,17.856199,2.668600,17.865200,17.719299,1
57.064450,1,11,5,18,1,17.747801,2.487100,17.711901,17.760300,1
57.073543,1,11,5,18,1,17.301998,10.723100,16.646999,16.200701,1
57.090293,1,11,5,18,1,16.666800,2.598200,16.006300,17.441799,1
57.108682,1,11,5,18,1,18.570501,3.110200,18.298599,18.020300,1
57.125424,1,11,5,18,1,16.666800,2.553900,16.191799,17.202200,1
57.142753,1,11,5,18,1,17.146400,2.358300,17.443001,17.413099,1
57.161985,1,11,5,18,1,19.329500,2.895500,19.347401,18.419800,1
57.179232,1,11,5,18,1,16.928501,2.745400,16.910900,17.412001,1
57.196041,1,11,5,18,1,17.198898,3.306400,17.181601,17.143900,1
57.213008,1,11,5,18,1,16.818800,2.449100,16.739100,16.519100,1
57.230385,1,11,5,18,1,17.460503,2.578300,17.425200,17.750000,1
57.247145,1,11,5,18,1,16.792000,2.782300,16.766399,17.445900,1
57.265341,1,11,5,18,1,18.241201,2.602300,18.236200,18.017300,1
57.283249,1,11,5,18,1,17.738998,2.368600,17.648100,15.870000,1
57.304049,1,11,5,18,1,21.011200,20.681400,15.784600,15.947700,1
57.321109,1,11,5,18,1,16.666800,2.761300,12.684200,16.991301,1
57.337377,1,11,5,18,1,16.666800,2.887700,17.535900,17.475599,1
57.354387,1,11,5,18,1,16.666800,2.424800,13.958000,14.927800,1
57.370709,1,11,5,18,1,16.666702,3.033600,13.704600,13.756500,1
57.387409,1,11,5,18,1,16.666901,2.361200,14.183200,15.619000,1
57.404151,1,11,5,18,1,16.668598,2.778000,16.336500,13.665300,1
57.420733,1,11,5,18,1,16.666901,3.013400,12.715700,13.158400,1
57.437750,1,11,5,18,1,16.666998,2.454100,9.277600,13.112300,1
57.454148,1,11,5,18,1,16.666901,2.872300,5.451800,13.998100,1
57.470752,1,11,5,18,1,16.666702,3.016800,4.646000,14.443500,1
57.487543,1,11,5,18,1,16.666698,2.365400,5.168500,13.056000,1
57.504091,1,11,5,18,1,16.666901,2.524900,4.721000,13.430800,1
57.520729,1,11,5,18,1,16.666901,2.552300,4.681600,13.966300,1
57.537435,1,11,5,18,1,16.666800,2.311100,5.822100,16.437201,1
57.554145,1,11,5,18,1,16.666901,2.609400,4.541900,16.711700,1
57.579301,1,11,5,18,1,16.666800,2.451300,4.326100,14.005300,1
57.587372,1,11,5,18,1,16.666901,11.038700,5.047100,25.256901,1
57.604168,1,11,5,18,1,16.666897,2.651100,4.426300,15.844400,1
57.620814,1,11,5,18,1,16.666803,2.418000,4.656300,12.059600,1
57.637596,1,11,5,18,1,16.666800,2.550700,4.693000,13.363200,1
57.654104,1,11,5,18,1,16.666897,2.580300,5.414100,20.033600,1
57.670799,1,11,5,18,1,16.666803,2.676300,5.231700,13.829100,1
57.687422,1,11,5,18,1,16.666698,4.026000,5.142800,17.061899,1
57.704165,1,11,5,18,1,16.666901,2.850700,4.704300,18.045900,1
57.720724,1,11,5,18,1,16.666800,2.484700,5.095600,14.489600,1
57.737478,1,11,5,18,1,16.666800,2.507600,4.443500,16.662600,1
57.754059,1,11,5,18,1,16.666800,2.522100,5.429800,16.761801,1
57.771008,1,11,5,18,1,16.666698,2.517600,4.501700,18.711599,1
57.787397,1,11,5,18,1,16.666800,2.776900,5.327000,14.951400,1
57.804113,1,11,5,18,1,16.666800,7.812600,5.178400,21.008400,1
57.820852,1,11,5,18,1,16.666698,3.637400,4.445000,15.937500,1
57.837700,1,11,5,18,1,16.666901,2.757700,4.819800,15.555600,1
57.854402,1,11,5,18,1,16.666901,2.824700,5.722900,14.077900,1
57.870756,1,11,5,18,1,16.666800,3.200300,5.917700,19.195900,1
57.887617,1,11,5,18,1,16.666698,2.475600,5.678600,13.770800,1
57.904080,1,11,5,18,1,16.666901,2.920400,4.923500,19.584000,1
57.920740,1,11,5,18,1,16.666901,2.468300,4.717700,16.156700,1
57.937660,1,11,5,18,1,16.667999,2.728200,5.105400,14.649300,1
57.954097,1,11,5,18,1,16.667002,2.853600,4.501700,16.622601,1
57.970781,1,11,5,18,1,16.666901,2.709200,4.508200,16.042000,1
57.987411,1,11,5,18,1,16.666901,2.297300,5.214900,19.993601,1
58.004371,1,11,5,18,1,16.666901,2.715600,4.961900,13.352900,1
58.020730,1,11,5,18,1,16.666901,3.117200,5.002200,17.295401,1
58.037430,1,11,5,18,1,16.666800,3.056500,4.730300,16.027700,1
58.054199,1,11,5,18,1,16.666800,2.512700,5.380900,19.845100,1
58.080455,1,11,5,17,1,16.666800,3.022400,4.746800,13.658100,1
58.087505,1,11,5,17,1,16.666800,12.454700,5.763700,13.658100,1
58.104163,1,11,5,17,1,16.666800,3.351000,5.089900,16.270399,1
58.120750,1,11,5,17,1,16.666800,2.729200,4.649300,11.035600,1
58.137608,1,11,5,17,1,16.667101,2.507300,5.769700,13.014000,1
58.154217,1,11,5,17,1,16.666901,3.214700,5.999100,20.241400,1
58.170887,1,11,5,17,1,16.666800,2.993200,7.034300,16.550900,1
58.187460,1,11,5,17,1,16.666800,3.414500,6.525900,13.525000,1
58.204210,1,11,5,17,1,16.666698,3.323000,5.703600,19.212299,1
58.221059,1,11,5,17,1,16.666800,3.023100,5.965100,14.056400,1
58.237484,1,11,5,17,1,16.666800,3.363800,5.657500,20.153400,1
58.254126,1,11,5,17,1,16.666901,3.437000,6.052900,16.402399,1
58.270903,1,11,5,17,1,16.666800,2.770900,5.614600,15.731700,1
58.287419,1,11,5,17,1,16.666800,3.006000,5.601600,14.269400,1
58.304171,1,11,5,17,1,16.666901,8.141900,5.697800,21.378099,1
58.320782,1,11,5,17,1,16.666901,3.475800,5.369700,17.441799,1
58.337441,1,11,5,17,1,16.666901,2.703600,4.590900,14.112800,1
58.354093,1,11,5,17,1,16.666800,2.666300,4.957500,13.838300,1
58.370751,1,11,5,17,1,16.666800,2.647800,4.759000,18.976801,1
58.387615,1,11,5,17,1,16.666901,2.654000,5.021500,16.679899,1
58.404582,1,11,5,17,1,16.666698,2.737700,5.231900,14.106600,1
58.420821,1,11,5,17,1,16.667002,3.424700,6.123600,17.320999,1
58.437686,1,11,5,17,1,16.666800,3.366600,7.381500,19.013599,1
58.454308,1,11,5,17,1,16.666800,3.260700,7.793400,18.349100,1
58.471037,1,11,5,17,1,16.680599,3.655500,5.369500,15.608800,1
58.487911,1,11,5,17,1,16.666800,3.755700,6.283300,13.490200,1
58.504336,1,11,5,17,1,16.667002,3.871000,5.809800,20.275200,1
58.520818,1,11,5,17,1,16.666698,3.457500,5.831600,16.228300,1
58.537591,1,11,5,17,1,16.666901,2.680300,5.222200,12.787700,1
58.554163,1,11,5,17,1,16.666901,3.483800,5.430800,17.339399,1
58.579657,2,11,5,17,0,16.666901,3.007800,4.720000,18.681900,1
58.684612,2,11,5,17,0,110.304199,109.694603,4.720000,18.681900,1
58.700173,2,11,5,17,0,16.667002,7.361000,7.076900,12.946400,1
58.714527,2,11,5,17,0,16.667002,5.886500,5.926000,9.258000,1
58.731472,2,11,5,17,0,16.666698,2.956000,6.203300,17.145901,1
58.747907,2,11,5,17,0,16.666698,3.328100,5.737500,14.278600,1
58.765955,2,11,5,17,0,16.666901,3.051600,6.406900,20.119600,1
58.781205,2,11,5,17,0,16.666901,4.736200,6.215300,14.355400,1
58.797844,2,11,5,17,0,16.666901,3.485800,5.363400,18.239500,1
58.814453,2,11,5,17,0,16.666901,9.203300,5.876900,19.487801,1
58.832467,2,11,5,17,0,16.666800,3.419000,5.898500,15.257600,1
58.848096,2,11,5,17,0,16.666800,4.265400,5.712800,13.396900,1
58.864528,2,11,5,17,0,16.666698,3.280700,4.961000,15.617100,1
58.881366,2,11,5,17,0,16.666901,3.660400,5.591900,16.548800,1
59.002147,2,11,5,17,0,118.448708,3.623500,1.886200,16.753700,1
59.016306,2,11,5,17,0,16.666901,93.943802,5.898000,120.979500,1
59.034866,2,11,5,17,0,16.666901,3.355700,5.128100,14.032800,1
59.049572,2,11,5,17,0,16.666901,5.254300,5.205100,18.597900,1
59.066225,2,11,5,17,0,16.666897,3.310100,4.867800,15.111200,1
59.089382,0,12,5,0,0,16.667002,3.443000,5.095100,16.055300,1
59.189416,0,12,6,0,0,103.854904,103.562401,5.095100,16.055300,1
59.203685,0,12,6,0,0,16.795597,5.771300,4.421500,14.691300,1
59.220304,0,12,6,0,0,16.666901,3.201400,5.362600,8.447000,1
59.236774,0,12,6,0,0,16.666901,2.607600,5.756300,13.129700,1
59.254457,0,12,6,0,0,16.666698,2.405100,5.245100,16.249901,1
59.270188,0,12,6,0,0,16.666698,3.778300,5.436400,17.822701,1
59.286747,0,12,6,0,0,16.666901,2.491600,5.203500,15.696900,1
59.303702,0,12,6,0,0,16.667101,2.575000,4.688000,16.636900,1
59.320629,0,12,6,0,0,16.666901,6.520300,5.155400,20.750401,1
59.336807,0,12,6,0,0,16.666698,3.455900,4.358000,15.437800,1
59.353705,0,12,6,0,0,16.666901,2.570000,5.322300,13.836300,1
59.370298,0,12,6,0,0,16.666800,2.829700,5.196700,16.830500,1
59.386913,0,12,6,0,0,16.666901,2.790800,5.396400,16.763901,1
59.403580,0,12,6,0,0,16.667002,2.729000,5.079600,16.253901,1
59.568827,0,12,6,0,0,164.851303,2.902700,2.071600,17.087500,1
59.589239,0,12,6,0,0,16.666897,136.114395,5.310600,165.018600,1
59.601872,0,12,6,0,0,16.666800,7.629800,4.903200,20.362301,1
59.618363,0,12,6,0,0,16.666803,2.849200,5.307100,12.523500,1
59.635303,0,12,6,0,0,16.666897,2.842800,4.386700,16.469000,1
59.651623,0,12,6,0,0,16.666800,2.725200,4.867600,17.206200,1
59.668661,0,12,6,0,0,16.666803,2.605100,5.111300,19.024900,1
59.685051,0,12,6,0,0,16.666897,2.925100,5.389400,16.896000,1
59.701745,0,12,6,0,0,16.666901,3.113600,5.481100,18.304001,1
59.718341,0,12,6,0,0,16.666901,2.809700,6.647700,16.186399,1
59.735355,0,12,6,0,0,16.666800,2.888900,6.043700,17.187799,1
59.751864,0,12,6,0,0,16.666702,3.446200,5.432500,16.937000,1
59.768317,0,12,6,0,0,16.666897,3.416600,5.748500,16.039900,1
59.785144,0,12,6,0,0,16.666800,2.929200,4.992600,15.571000,1
59.801637,0,12,6,0,0,16.666901,2.602100,5.285900,18.101200,1
59.818726,0,12,6,0,0,16.666901,2.831800,4.561100,16.355400,1
59.835104,0,12,6,0,0,16.666901,5.976700,5.754700,19.408899,1
59.851724,0,12,6,0,0,16.666901,3.310900,5.229500,16.520201,1
59.868442,0,12,6,0,0,16.666901,2.668700,6.554800,18.438101,1
59.885636,0,12,6,0,0,16.666800,2.620300,5.111100,16.870399,1
59.901639,0,12,6,0,0,16.666901,3.378400,4.770300,16.461800,1
59.918595,0,12,6,0,0,16.666698,2.847400,5.135600,16.382000,1
59.935016,0,12,6,0,0,16.666901,3.142500,5.215800,16.868299,1
59.952130,0,12,6,0,0,16.666901,2.456900,4.836100,14.778400,1
59.968481,0,12,6,0,0,16.666901,3.243900,4.905100,17.240101,1
59.985030,0,12,6,0,0,16.666698,2.762500,5.090700,16.523199,1
60.001616,0,12,6,0,0,16.666800,2.575100,5.678000,16.117800,1
60.018840,0,12,6,0,0,16.666800,2.729000,4.642600,15.510500,1
60.035009,0,12,6,0,0,16.666901,3.140800,4.302000,15.745000,1
60.051758,0,12,6,0,0,16.666901,2.626400,4.743800,14.867500,1
60.068329,0,12,6,0,0,16.666901,2.859000,5.005800,16.764900,1
60.172034,0,12,6,0,0,95.887398,94.766296,7.348200,106.240997,1
60.181025,0,12,6,0,0,16.666698,11.560700,5.041500,14.365700,1
60.197633,0,12,6,0,0,16.666800,2.991200,5.523200,9.359300,1
60.214307,0,12,6,0,0,16.666800,2.948400,4.876500,13.471800,1
60.231163,0,12,6,0,0,16.666698,2.943100,6.545800,16.395201,1
60.247640,0,12,6,0,0,16.666702,2.864400,5.328900,20.005899,1
60.264238,0,12,6,0,0,16.666800,2.544700,4.809600,16.128000,1
60.281029,0,12,6,0,0,16.666800,2.747700,5.788200,16.754700,1
60.297789,0,12,6,0,0,16.666800,2.690800,5.087700,16.958500,1
60.314245,0,12,6,0,0,16.666901,2.771700,5.310800,13.385700,1
60.330977,0,12,6,0,0,16.682800,2.363800,5.336600,20.199400,1
60.347603,0,12,6,0,0,16.666998,6.225500,5.663600,16.857100,1
60.364574,0,12,6,0,0,16.666702,2.847600,4.332400,17.148899,1
60.380993,0,12,6,0,0,16.666998,2.814300,4.627900,12.621900,1
60.397564,0,12,6,0,0,16.666901,2.399200,6.022800,20.490200,1
60.414364,0,12,6,0,0,16.666901,3.391100,6.399100,16.462799,1
60.431007,0,12,6,0,0,16.666901,2.678700,4.994500,15.899700,1
60.448874,0,12,6,0,0,16.666800,2.899400,4.724200,13.649900,1
60.464327,0,12,6,0,0,16.666800,3.737900,5.175300,18.101299,1
60.481044,0,12,6,0,0,16.667002,2.771000,5.080500,17.983500,1
60.497679,0,12,6,0,0,16.666901,2.621700,5.078700,14.274500,1
60.514643,0,12,6,0,0,16.667002,2.955300,4.764600,16.260099,1
60.530950,0,12,6,0,0,16.666698,3.001600,5.093200,17.175600,1
60.547632,0,12,6,0,0,16.666901,3.348100,5.586700,19.470301,1
60.564571,0,12,6,0,0,16.666800,2.649000,4.980800,16.363501,1
60.581149,0,12,6,0,0,16.678501,3.263700,4.509900,13.998100,1
60.597643,0,12,6,0,0,16.666800,2.617200,4.508000,19.006500,1
60.614236,0,12,6,0,0,16.666901,2.345700,5.674100,14.591000,1
60.630918,0,12,6,0,0,16.666800,2.274900,4.508600,15.945700,1
60.647593,0,12,6,0,0,16.666897,2.481400,5.428500,16.663500,1
60.672521,1,12,6,48,4,16.666803,2.581800,4.729000,19.520599,1
60.778539,1,12,12,48,4,114.213097,113.922997,4.729000,19.520599,1
60.795244,1,12,12,48,4,16.666800,3.622000,5.420300,13.575200,1
60.811865,1,12,12,48,4,16.666800,2.950100,6.043600,9.563100,1
60.828516,1,12,12,48,4,16.667002,3.032800,5.521400,13.043700,1
60.845308,1,12,12,48,4,16.666901,3.017400,5.446600,16.905199,1
60.861829,1,12,12,48,4,16.666901,8.276700,5.918800,22.390800,1
60.878730,1,12,12,48,4,16.673698,3.092600,4.694700,15.475700,1
60.895208,1,12,12,48,4,16.666800,3.076500,5.531600,12.429400,1
60.912063,1,12,12,48,4,16.666800,2.835500,5.255000,16.274401,1
60.928724,1,12,12,48,4,16.666901,2.842900,5.632700,16.898001,1
60.945175,1,12,12,48,4,16.666800,2.800100,4.672200,16.712700,1
60.961891,1,12,12,48,4,16.666901,2.874200,4.716800,16.666700,1
60.978659,1,12,12,48,4,16.666800,2.650300,4.938800,16.472000,1
61.142769,1,12,12,48,4,163.932495,2.553100,1.993100,16.472000,1
61.159103,1,12,12,48,4,16.666803,133.627106,6.290600,163.692596,1
61.184382,1,12,12,45,4,16.666998,2.620500,5.681800,16.378799,1
61.192484,1,12,11,45,4,16.666698,11.674300,6.230100,16.378799,1
61.209240,1,12,11,45,4,16.666803,2.736600,4.795800,18.119699,1
61.226025,1,12,11,45,4,16.666800,2.844700,5.339500,17.050600,1
61.242524,1,12,11,45,4,16.666800,3.053200,5.000300,16.629801,1
61.259140,1,12,11,45,4,16.666901,2.827400,5.424700,16.143299,1
61.275813,1,12,11,45,4,16.666800,2.603900,6.383900,16.124901,1
61.292507,1,12,11,45,4,16.666800,2.636100,5.415000,16.784401,1
61.309174,1,12,11,45,4,16.666800,2.854900,5.801600,15.398900,1
61.325777,1,12,11,45,4,16.666800,2.850400,5.620500,15.252500,1
61.342484,1,12,11,45,4,16.666800,2.689400,4.922500,14.953500,1
61.359148,1,12,11,45,4,16.666901,2.824000,6.009700,16.327700,1
61.375917,1,12,11,45,4,16.666800,7.770200,5.297500,19.235800,1
61.392423,1,12,11,45,4,16.666800,3.033700,5.531100,17.096701,1
61.409097,1,12,11,45,4,16.666901,2.490000,5.008800,16.343100,1
61.425926,1,12,11,45,4,16.666901,2.882600,4.955900,16.353300,1
61.442472,1,12,11,45,4,16.666698,2.857000,4.910200,17.190901,1
61.459096,1,12,11,45,4,16.666901,2.720400,4.984300,18.334700,1
61.475797,1,12,11,45,4,16.666901,2.609100,4.986800,17.757200,1
61.492652,1,12,11,45,4,16.666901,2.352800,4.881600,16.560101,1
61.509088,1,12,11,45,4,16.666897,2.714200,5.154700,17.157101,1
61.525782,1,12,11,45,4,16.666702,2.510400,4.757000,15.072300,1
61.542533,1,12,11,45,4,16.666901,2.418600,5.274100,16.499701,1
61.559121,1,12,11,45,4,16.666800,2.517100,4.827800,17.017799,1
61.575766,1,12,11,45,4,16.666901,2.804100,4.919700,15.074400,1
61.592476,1,12,11,45,4,16.666897,2.482600,4.619100,17.367001,1
61.609261,1,12,11,45,4,16.666702,2.336800,5.326500,15.652900,1
61.625935,1,12,11,45,4,16.666800,2.998600,4.682400,16.874500,1
61.642464,1,12,11,45,4,16.666901,3.019900,5.258800,16.373699,1
61.659093,1,12,11,45,4,16.666901,2.512100,5.496100,17.408001,1
61.683585,1,12,11,37,4,16.675297,2.594200,5.625900,15.306800,1
61.692447,1,12,8,37,4,16.666901,11.364100,5.296400,18.277300,1
61.709119,1,12,8,37,4,16.666901,2.406500,4.493700,19.352600,1
61.725769,1,12,8,37,4,16.666800,2.311600,4.997100,14.614500,1
61.742456,1,12,8,37,4,16.666698,2.351600,4.263400,16.675900,1
61.759233,1,12,8,37,4,16.666702,2.293100,4.846700,15.423500,1
61.775788,1,12,8,37,4,16.666897,2.932200,5.293100,16.877501,1
61.792450,1,12,8,37,4,16.666803,2.820500,4.758900,16.855101,1
61.809092,1,12,8,37,4,16.666800,3.146100,5.763700,16.491501,1
61.825856,1,12,8,37,4,16.666901,3.042500,4.997800,16.449499,1
61.842434,1,12,8,37,4,16.666800,2.676200,5.284900,16.204800,1
61.859244,1,12,8,37,4,16.666698,2.398400,5.565900,17.074200,1
61.875822,1,12,8,37,4,16.666698,7.876100,4.709100,16.668699,1
61.892567,1,12,8,37,4,16.666800,2.991000,4.469800,16.508900,1
61.909121,1,12,8,37,4,16.666800,2.805300,5.000700,15.820800,1
61.925796,1,12,8,37,4,16.666698,2.868500,4.808200,16.858101,1
61.942708,1,12,8,37,4,16.667002,2.627000,4.954600,15.552500,1
61.959188,1,12,8,37,4,16.666901,2.635800,5.167400,16.317499,1
61.975818,1,12,8,37,4,16.666800,2.466500,5.715700,16.784401,1
61.992449,1,12,8,37,4,16.666800,2.857200,5.424800,15.282100,1
62.009139,1,12,8,37,4,16.666901,2.358600,4.826200,15.478800,1
62.025805,1,12,8,37,4,16.666901,2.878200,5.427700,17.153000,1
62.042855,1,12,8,37,4,16.868599,2.752800,8.419300,17.257500,1
62.059642,1,12,8,37,4,16.670101,3.830700,8.478300,18.171900,1
62.076382,1,12,8,37,4,16.862999,3.853200,9.229700,15.964200,1
62.093374,1,12,8,37,4,16.920902,3.715000,8.540300,17.976299,1
62.110462,1,12,8,37,4,17.036699,3.972600,7.573300,17.359900,1
62.127171,1,12,8,37,4,16.668901,3.633100,8.435500,16.432100,1
62.143904,1,12,8,37,4,16.669399,3.935700,7.639800,16.051201,1
62.160386,1,12,8,37,4,16.670298,3.955800,7.631700,16.615400,1
62.193320,1,12,8,32,4,16.669001,3.802400,9.356600,18.065399,1
62.199823,1,12,7,32,4,22.845999,27.014299,9.356600,18.065399,1
62.216710,1,12,7,32,4,16.845301,4.737400,7.996400,28.581900,1
62.233427,1,12,7,32,4,16.666901,4.233700,9.712700,12.860400,1
62.249958,1,12,7,32,4,16.666800,3.748400,7.743400,13.544500,1
62.266800,1,12,7,32,4,16.666800,3.892400,6.136000,13.618100,1
62.283316,1,12,7,32,4,16.667002,2.883200,6.502600,13.111300,1
62.299902,1,12,7,32,4,16.666698,2.877000,5.151500,15.447100,1
62.316616,1,12,7,32,4,16.666800,3.100700,7.681300,13.773800,1
62.333398,1,12,7,32,4,16.667002,3.556200,5.696900,19.907600,1
62.350818,1,12,7,32,4,16.667002,3.442700,5.385700,13.418500,1
62.366558,1,12,7,32,4,16.666698,3.796100,5.053400,17.323999,1
62.383224,1,12,7,32,4,16.666901,8.384300,5.562100,21.774300,1
62.399878,1,12,7,32,4,16.666901,3.260600,5.482500,15.648800,1
62.416523,1,12,7,32,4,16.666698,3.126100,5.562700,14.817300,1
62.433231,1,12,7,32,4,16.666698,2.427900,4.860300,13.422600,1
62.449835,1,12,7,32,4,16.666901,2.966000,4.492100,16.783300,1
62.466527,1,12,7,32,4,16.666800,2.530500,4.914200,16.505899,1
62.483351,1,12,7,32,4,16.666800,2.708300,5.635900,17.638399,1
62.499873,1,12,7,32,4,16.667002,2.882000,6.540400,16.446501,1
62.516525,1,12,7,32,4,16.667002,2.997600,6.347500,16.156601,1
62.533199,1,12,7,32,4,16.666698,2.752900,5.632700,20.131901,1
62.550218,1,12,7,32,4,16.781099,2.973600,10.164000,18.374599,1
62.566982,1,12,7,32,4,16.666800,3.765200,9.590500,16.910400,1
62.583602,1,12,7,32,4,16.666901,5.290200,9.060600,16.823299,1
62.600208,1,12,7,32,4,16.666800,3.990000,8.803900,15.860700,1
62.617682,1,12,7,32,4,16.666800,4.095800,7.162900,16.832500,1
62.633555,1,12,7,32,4,16.666800,5.065500,6.309900,13.066300,1
62.650221,1,12,7,32,4,16.666800,3.645700,6.959800,19.862499,1
62.666863,1,12,7,32,4,16.667002,3.281900,5.067700,15.071200,1
62.694777,1,12,7,26,4,16.666800,2.891600,6.888800,14.746700,1
62.700399,1,12,6,26,4,16.666800,15.140800,6.888800,14.746700,1
62.716892,1,12,6,26,4,16.667002,3.406900,7.578100,16.343000,1
62.733384,1,12,6,26,4,16.666901,3.491600,7.616500,11.840500,1
62.750114,1,12,6,26,4,16.666800,3.207400,5.898100,12.464200,1
62.767009,1,12,6,26,4,16.666901,3.003600,5.212700,16.418800,1
62.783595,1,12,6,26,4,16.666901,3.280200,5.810300,14.117900,1
62.800105,1,12,6,26,4,16.666901,3.235100,5.227300,19.500999,1
62.816683,1,12,6,26,4,16.666901,3.937300,5.677000,14.090300,1
62.833495,1,12,6,26,4,16.666998,3.035200,5.575600,19.002300,1
62.850070,1,12,6,26,4,16.666698,3.030700,6.488000,14.030900,1
62.866719,1,12,6,26,4,16.666901,3.615900,5.408400,19.102699,1
62.883452,1,12,6,26,4,16.666901,8.270100,5.319900,19.787800,1
62.900061,1,12,6,26,4,16.666901,3.238900,5.102900,14.710800,1
62.916673,1,12,6,26,4,16.666901,2.942200,4.923900,12.588000,1
62.933375,1,12,6,26,4,16.666800,2.593700,5.231000,19.293200,1
62.950198,1,12,6,26,4,16.666698,2.643100,5.795900,14.082000,1
62.966764,1,12,6,26,4,16.666901,2.926100,5.777300,16.671801,1
62.983732,1,12,6,26,4,16.666800,2.764600,5.007900,16.799700,1
63.000125,1,12,6,26,4,16.666901,3.213800,5.377800,17.342501,1
63.016850,1,12,6,26,4,16.666901,3.069900,5.572800,15.950800,1
63.033354,1,12,6,26,4,16.666698,2.832800,4.908200,16.622601,1
63.050173,1,12,6,26,4,16.666702,2.746000,4.670900,16.472099,1
63.066687,1,12,6,26,4,16.666800,2.764500,4.871200,16.962500,1
63.083423,1,12,6,26,4,16.666901,2.726200,5.709900,16.418900,1
63.100033,1,12,6,26,4,16.666897,2.908900,4.942900,16.876499,1
63.116721,1,12,6,26,4,16.666901,3.146700,5.109200,16.400400,1
63.133621,1,12,6,26,4,16.666901,2.822600,5.149500,19.792900,1
63.150190,1,12,6,26,4,16.666901,3.244900,4.914900,13.850600,1
63.166697,1,12,6,26,4,16.666698,2.838100,4.738800,16.793600,1
63.192694,1,12,6,20,3,16.666800,2.667300,5.053900,16.268299,1
63.199996,1,12,5,20,3,16.666901,12.862100,5.456300,27.052000,1
63.216777,1,12,5,20,3,16.666901,2.990900,4.835200,15.319100,1
63.233450,1,12,5,20,3,16.666698,2.526000,5.090600,12.917700,1
63.250109,1,12,5,20,3,16.666901,3.057400,4.632600,14.659600,1
63.266675,1,12,5,20,3,16.666800,2.874400,4.558200,13.813800,1
63.283459,1,12,5,20,3,16.666901,2.446900,4.619800,16.385000,1
63.299997,1,12,5,20,3,16.666901,2.612500,4.474500,17.045500,1
63.316670,1,12,5,20,3,16.666800,2.786000,4.712100,16.331800,1
63.333374,1,12,5,20,3,16.666800,2.672900,5.013400,16.733200,1
63.350115,1,12,5,20,3,16.666702,2.453400,5.114900,16.586700,1
63.366635,1,12,5,20,3,16.666698,2.736800,4.593600,16.817200,1
63.383503,1,12,5,20,3,16.666698,2.627800,4.181100,16.449600,1
63.400101,1,12,5,20,3,16.666901,8.000400,5.725200,22.244301,1
63.417128,1,12,5,20,3,16.666800,3.017800,4.606600,15.670300,1
63.433671,1,12,5,20,3,16.666698,3.725800,5.568600,13.571000,1
63.450092,1,12,5,20,3,16.666800,3.297400,5.860900,15.577100,1
63.466962,1,12,5,20,3,16.666698,3.387200,5.106800,16.227400,1
63.483595,1,12,5,20,3,16.666702,3.039900,5.905500,17.274799,1
63.500013,1,12,5,20,3,16.666800,3.280500,5.496600,16.962601,1
63.516794,1,12,5,20,3,16.666698,3.169100,5.095200,15.883300,1
63.533534,1,12,5,20,3,16.666800,3.133100,5.177600,17.967100,1
63.550310,1,12,5,20,3,16.666698,3.055600,4.496400,15.649800,1
63.566774,1,12,5,20,3,16.667002,3.086200,5.046400,16.706499,1
63.583349,1,12,5,20,3,16.666800,2.563300,5.464000,16.463900,1
63.600041,1,12,5,20,3,16.666901,2.450400,6.010600,16.537600,1
63.616696,1,12,5,20,3,16.666800,2.545200,5.485300,16.761900,1
63.633593,1,12,5,20,3,16.692099,2.964200,5.123400,16.861099,1
63.650216,1,12,5,20,3,16.666901,3.064500,5.917900,16.773199,1
63.666969,1,12,5,20,3,16.666800,3.274000,6.175900,16.410601,1
63.693927,1,12,5,16,2,16.666800,3.242400,7.092700,17.245199,1
63.700441,1,12,3,16,2,16.666800,15.036400,7.092700,17.245199,1
63.716761,1,12,3,16,2,16.666803,3.612200,6.909100,14.933000,1
63.733472,1,12,3,16,2,16.666897,2.845200,6.220000,10.477600,1
63.750100,1,12,3,16,2,16.668100,3.001700,6.141500,13.161500,1
63.766737,1,12,3,16,2,16.666800,3.093300,5.940800,16.839600,1
63.783493,1,12,3,16,2,16.666901,3.129500,6.061800,19.390499,1
63.800643,1,12,3,16,2,16.666901,2.882000,6.256600,17.408001,1
63.816952,1,12,3,16,2,16.666901,5.081900,6.512800,14.722100,1
63.834143,1,12,3,16,2,16.667002,3.831700,6.260400,19.685301,1
63.850194,1,12,3,16,2,16.671200,4.195800,6.838000,16.901199,1
63.866769,1,12,3,16,2,16.666800,3.605600,5.003900,14.655400,1
63.883628,1,12,3,16,2,16.667002,2.799200,5.927700,13.703200,1
63.900576,1,12,3,16,2,16.667002,10.251400,7.214600,24.173599,1
63.916784,1,12,3,16,2,16.666800,4.075700,6.396100,17.300501,1
63.933564,1,12,3,16,2,16.666698,3.522200,7.072100,11.773900,1
63.950087,1,12,3,16,2,16.666901,3.552700,7.672900,13.645800,1
63.966766,1,12,3,16,2,16.666800,3.286700,5.941200,19.709000,1
63.983765,1,12,3,16,2,16.666698,3.007300,7.875600,17.218500,1
64.000703,1,12,3,16,2,16.666800,3.826200,6.708700,13.235200,1
64.017189,1,12,3,16,2,16.666901,4.128400,7.660300,17.434601,1
64.033457,1,12,3,16,2,16.666901,3.343200,6.379000,19.911699,1
64.050066,1,12,3,16,2,16.666901,3.637600,5.105000,15.218700,1
64.066984,1,12,3,16,2,16.675200,2.955000,5.855900,13.711400,1
64.083549,1,12,3,16,2,16.666800,3.314100,6.193200,16.732100,1
64.100217,1,12,3,16,2,16.666698,3.195000,6.297500,16.636999,1
64.117108,1,12,3,16,2,16.667002,3.030600,6.800800,17.574900,1
64.133664,1,12,3,16,2,16.666698,4.789500,7.643900,17.012699,1
64.150296,1,12,3,16,2,16.666800,4.325600,5.992400,19.518499,1
64.167022,1,12,3,16,2,16.666901,5.245100,9.091300,13.352900,1
64.193374,1,12,3,15,1,16.666698,3.886500,5.223800,18.936899,1
64.200363,1,12,2,15,1,16.701002,13.906600,5.223800,18.936899,1
64.216799,1,12,2,15,1,16.666998,3.722100,7.346900,17.467300,1
64.233602,1,12,2,15,1,16.666901,3.527800,5.216700,11.559000,1
64.250184,1,12,2,15,1,16.666800,3.151500,6.255700,13.216700,1
64.266795,1,12,2,15,1,16.666702,2.908100,5.832300,16.228399,1
64.283400,1,12,2,15,1,16.666800,2.795500,5.983100,17.506300,1
64.300143,1,12,2,15,1,16.666998,2.693800,6.417700,16.549900,1
64.316900,1,12,2,15,1,16.666901,3.218000,7.419300,16.277500,1
64.333499,1,12,2,15,1,16.666901,3.072500,5.527800,16.554001,1
64.350084,1,12,2,15,1,16.666800,2.748900,5.731900,16.403400,1
64.366834,1,12,2,15,1,16.666901,3.016600,5.532900,16.653299,1
64.383409,1,12,2,15,1,16.666901,2.575500,5.206400,16.851999,1
64.400408,1,12,2,15,1,16.666800,2.902800,4.638100,16.158701,1
64.416895,1,12,2,15,1,16.666698,9.207600,5.615800,20.219900,1
64.433454,1,12,2,15,1,16.666702,3.097700,4.820800,16.853001,1
64.450137,1,12,2,15,1,16.666800,2.895600,6.445000,13.915100,1
64.466891,1,12,2,15,1,16.666901,3.011300,9.083500,18.556999,1
64.483565,1,12,2,15,1,16.666800,3.262000,7.825800,14.898200,1
64.500103,1,12,2,15,1,16.666800,3.361700,4.808700,15.521700,1
64.516808,1,12,2,15,1,16.666901,2.649400,6.092100,13.873200,1
64.533617,1,12,2,15,1,16.666698,3.156900,6.437900,20.127800,1
64.550590,1,12,2,15,1,16.666800,2.889000,5.667000,16.567301,1
64.566899,1,12,2,15,1,16.666800,3.787900,6.344100,13.912000,1
64.583727,1,12,2,15,1,16.666901,3.675700,5.554200,19.944500,1
64.600144,1,12,2,15,1,16.666901,3.358100,5.421400,16.561100,1
64.616778,1,12,2,15,1,16.666800,3.040200,5.429800,16.131100,1
64.633462,1,12,2,15,1,16.666901,3.449000,5.554000,16.943100,1
64.650226,1,12,2,15,1,16.666901,2.944800,7.069500,13.142000,1
64.666774,1,12,2,15,1,16.666800,3.109700,6.181600,20.482100,1
64.694749,2,12,2,14,0,16.666800,2.732800,5.814000,16.423901,1
64.823449,2,12,2,14,0,136.095795,134.669693,8.102800,16.423901,1
64.836818,2,12,2,14,0,16.666800,9.026100,6.827300,13.661200,1
64.853919,2,12,2,14,0,16.666901,3.893000,6.757200,11.665400,1
64.869582,2,12,2,14,0,16.666901,4.936800,4.695400,12.989400,1
64.886226,2,12,2,14,0,16.666901,2.962300,6.201500,19.010599,1
64.903121,2,12,2,14,0,16.666800,3.181300,5.030500,15.984600,1
64.920530,2,12,2,14,0,16.666800,9.895000,5.797900,21.212200,1
64.936197,2,12,2,14,0,16.666698,4.873400,6.017500,15.327200,1
64.952952,2,12,2,14,0,16.666698,3.893100,6.312900,10.892300,1
64.970215,2,12,2,14,0,16.696301,3.522600,5.843900,16.565300,1
64.986845,2,12,2,14,0,16.666698,3.836800,5.458500,17.996799,1
65.002920,2,12,2,14,0,16.666901,3.999100,4.778400,15.765500,1
65.116881,2,12,2,14,0,112.658096,2.727700,1.606700,16.234501,1
65.132970,2,12,2,14,0,16.666698,86.487999,5.333700,114.268097,1
65.149033,2,12,2,14,0,16.666800,3.719100,4.934600,15.651900,1
65.165825,2,12,2,14,0,16.666800,2.925900,6.525000,16.233400,1
65.182869,2,12,2,14,0,16.666698,3.644100,5.454700,16.764999,1
65.204089,0,13,2,0,0,16.666800,3.730200,6.592800,17.304501,1
65.315915,0,13,6,0,0,116.698799,117.501198,6.592800,17.304501,1
65.332796,0,13,6,0,0,16.666901,3.294300,4.800000,14.122000,1
65.349888,0,13,6,0,0,16.666901,3.838600,6.907600,10.246200,1
65.365523,0,13,6,0,0,16.666698,3.833600,5.655200,13.086700,1
65.382724,0,13,6,0,0,16.993198,3.116300,5.898200,18.356199,1
65.399330,0,13,6,0,0,16.666901,3.100300,7.207200,14.441500,1
65.416034,0,13,6,0,0,16.712603,3.937300,7.754200,16.286699,1
65.432789,0,13,6,0,0,16.666698,8.283900,6.777900,21.925900,1
65.449267,0,13,6,0,0,16.666901,3.881900,5.952500,14.878700,1
65.466122,0,13,6,0,0,16.666901,2.914600,6.526100,13.303800,1
65.482980,0,13,6,0,0,16.666800,3.666800,8.595500,16.909300,1
65.499414,0,13,6,0,0,16.666800,4.244400,8.438900,17.604601,1
65.517520,0,13,6,0,0,16.666901,3.743600,7.028700,15.487000,1
65.693844,0,13,6,0,0,177.532593,5.361600,1.704000,15.487000,1
65.717515,1,13,6,36,3,16.667002,143.574905,5.461800,175.275101,1
65.840403,1,13,12,36,3,129.882996,129.310196,5.461800,175.275101,1
65.857151,1,13,12,36,3,16.666698,4.720600,6.678300,15.503400,1
65.873680,1,13,12,36,3,16.666901,4.988100,5.049900,10.257400,1
65.890203,1,13,12,36,3,16.666800,3.385100,5.448100,12.029900,1
65.906697,1,13,12,36,3,16.666901,3.366600,7.806600,16.284700,1
65.923553,1,13,12,36,3,16.666901,3.428700,5.300900,20.091900,1
65.940101,1,13,12,36,3,16.666698,8.301300,5.144400,18.474001,1
65.956946,1,13,12,36,3,16.666901,2.860000,4.686300,16.285700,1
65.973474,1,13,12,36,3,16.667002,2.735100,5.320700,11.669500,1
65.990018,1,13,12,36,3,16.666800,2.967100,5.028700,16.671700,1
66.007044,1,13,12,36,3,16.666800,3.003900,4.854400,16.199699,1
66.023459,1,13,12,36,3,16.666800,3.088400,5.193800,17.903601,1
66.202665,1,13,12,36,3,179.050797,2.859500,2.021500,17.903601,1
66.225840,1,13,12,33,3,16.666901,150.276306,5.608600,179.363907,1
66.235755,1,13,11,33,3,16.666901,10.449100,5.433700,23.954399,1
66.252535,1,13,11,33,3,16.666901,2.741900,4.908300,12.881900,1
66.269123,1,13,11,33,3,16.666698,3.126300,5.278900,12.851200,1
66.286005,1,13,11,33,3,16.666800,2.800500,5.029500,16.670700,1
66.302529,1,13,11,33,3,16.666698,2.923400,4.884100,16.818199,1
66.319312,1,13,11,33,3,16.666800,2.508300,6.672300,16.451599,1
66.335994,1,13,11,33,3,16.666901,3.191500,5.260600,16.815100,1
66.352517,1,13,11,33,3,16.666800,2.796400,6.916300,20.610100,1
66.369366,1,13,11,33,3,16.666901,2.974400,5.405800,18.308100,1
66.385788,1,13,11,33,3,16.666800,3.076900,5.402600,18.127800,1
66.402720,1,13,11,33,3,16.666702,2.855700,5.312600,18.693100,1
66.419749,1,13,11,33,3,16.667097,3.019500,7.506400,16.557100,1
66.435818,1,13,11,33,3,16.666698,4.173200,5.893300,17.036301,1
66.452434,1,13,11,33,3,16.666901,8.462700,5.526100,16.050200,1
66.469137,1,13,11,33,3,16.667002,2.975900,4.946500,18.827200,1
66.485846,1,13,11,33,3,16.666800,2.676400,5.360500,17.111099,1
66.502575,1,13,11,33,3,16.666698,2.854700,6.462400,16.758801,1
66.519106,1,13,11,33,3,16.666800,3.224000,5.592600,16.582600,1
66.535815,1,13,11,33,3,16.666702,2.901700,6.074400,16.494600,1
66.552456,1,13,11,33,3,16.666901,2.977200,5.647800,17.995800,1
66.569173,1,13,11,33,3,16.666998,3.071000,5.694700,17.995800,1
66.585787,1,13,11,33,3,16.666800,3.751500,5.103200,19.095501,1
66.602555,1,13,11,33,3,16.666800,3.235700,5.020100,18.179100,1
66.619112,1,13,11,33,3,16.666800,2.767500,9.049300,18.739201,1
66.635926,1,13,11,33,3,16.667002,2.850200,9.396700,16.779301,1
66.652488,1,13,11,33,3,16.666901,2.678800,8.339700,16.274401,1
66.669105,1,13,11,33,3,16.666800,2.969300,9.072500,16.268299,1
66.685776,1,13,11,33,3,16.666800,2.631900,8.045000,17.220600,1
66.702611,1,13,11,33,3,16.666800,2.890500,9.485800,17.683399,1
66.726496,1,13,11,29,3,16.666901,2.873100,8.770200,16.865299,1
66.736035,1,13,10,29,3,16.666698,11.666200,6.300900,16.865299,1
66.752634,1,13,10,29,3,16.666800,3.175800,9.142400,17.445900,1
66.769216,1,13,10,29,3,16.666800,2.751500,9.817700,18.228201,1
66.785843,1,13,10,29,3,16.666901,2.706400,10.855400,17.524700,1
66.802651,1,13,10,29,3,16.666901,2.755600,10.334100,16.269400,1
66.819478,1,13,10,29,3,16.666901,2.578800,10.805300,15.857600,1
66.835786,1,13,10,29,3,16.666698,3.047900,11.852100,18.622499,1
66.852472,1,13,10,29,3,16.666901,2.845800,13.021900,17.768400,1
66.869194,1,13,10,29,3,16.666901,3.246200,12.458700,17.015800,1
66.885752,1,13,10,29,3,16.666901,3.165300,14.897800,18.060301,1
66.902479,1,13,10,29,3,16.666800,2.932400,14.897800,17.690701,1
66.919112,1,13,10,29,3,16.666698,2.682000,16.231600,17.711100,1
66.936008,1,13,10,29,3,16.666702,2.609700,16.514999,16.093100,1
66.952528,1,13,10,29,3,16.666901,8.263800,16.595301,17.059900,1
66.969128,1,13,10,29,3,16.666800,3.267500,11.437300,16.059401,1
66.985819,1,13,10,29,3,16.666800,3.019600,17.491501,17.020901,1
67.002584,1,13,10,29,3,16.666901,2.622400,12.930300,15.385600,1
67.019142,1,13,10,29,3,16.666698,2.984400,15.754200,17.331200,1
67.035945,1,13,10,29,3,16.666800,3.379100,16.081600,16.949200,1
67.052677,1,13,10,29,3,16.666901,2.741900,16.081600,17.345600,1
67.069168,1,13,10,29,3,16.666901,2.907100,18.143600,17.796101,1
67.085785,1,13,10,29,3,16.666800,3.054000,17.403700,17.107901,1
67.102418,1,13,10,29,3,16.666698,2.856600,17.168699,16.374800,1
67.119087,1,13,10,29,3,16.666901,2.840900,17.453899,17.433599,1
67.135842,1,13,10,29,3,16.666698,3.245600,14.639400,17.031200,1
67.152583,1,13,10,29,3,16.666800,2.695800,17.219500,16.021500,1
67.169144,1,13,10,29,3,16.666901,3.586100,16.480700,17.522699,1
67.185832,1,13,10,29,3,16.666800,2.951600,19.668900,17.899500,1
67.202626,1,13,10,29,3,16.666800,2.930800,14.670800,16.914400,1
67.226997,1,13,10,20,3,16.666698,2.893300,16.824100,17.680401,1
67.235734,1,13,7,20,3,16.666901,11.806600,22.579300,17.680401,1
67.252466,1,13,7,20,3,16.666800,2.952000,14.789500,17.340401,1
67.269172,1,13,7,20,3,16.666698,3.013200,14.494200,17.743900,1
67.285869,1,13,7,20,3,16.666702,2.621300,15.336200,15.695900,1
67.302419,1,13,7,20,3,16.666800,2.866400,18.246901,17.828899,1
67.319069,1,13,7,20,3,16.666800,2.978300,17.358101,17.128401,1
67.335893,1,13,7,20,3,16.667002,2.512900,16.359600,16.546801,1
67.352441,1,13,7,20,3,16.666897,2.872400,14.970900,15.535100,1
67.369048,1,13,7,20,3,16.666702,2.596800,17.731199,18.929701,1
67.385986,1,13,7,20,3,16.666698,2.724500,16.452499,15.702000,1
67.403352,1,13,7,20,3,17.546799,2.963700,16.637100,17.191900,1
67.420072,1,13,7,20,3,16.666698,2.545900,20.378500,17.376301,1
67.437236,1,13,7,20,3,17.128502,3.650200,14.603800,16.139299,1
67.453859,1,13,7,20,3,16.667101,11.107500,17.155300,16.391100,1
67.470587,1,13,7,20,3,16.666800,3.937000,15.153900,17.046600,1
67.487086,1,13,7,20,3,16.666800,3.003800,18.709801,18.035700,1
67.503749,1,13,7,20,3,16.666901,3.090900,17.502300,18.177999,1
67.520478,1,13,7,20,3,16.666901,2.751900,15.943600,16.885799,1
67.537213,1,13,7,20,3,16.666897,2.654100,18.052799,16.738300,1
67.553720,1,13,7,20,3,16.666803,3.207500,17.660900,17.827801,1
67.570425,1,13,7,20,3,16.666897,3.273000,17.019501,16.707600,1
67.587056,1,13,7,20,3,16.666901,2.582600,16.017300,16.990200,1
67.603707,1,13,7,20,3,16.666702,3.476100,17.807400,17.734699,1
67.620454,1,13,7,20,3,16.666800,2.463600,16.079201,16.384001,1
67.637135,1,13,7,20,3,16.669098,3.328000,18.933001,19.086300,1
67.654904,1,13,7,20,3,17.706699,2.912600,18.014000,15.924200,1
67.673447,1,13,7,20,3,18.571400,2.910200,18.525900,17.836100,1
67.690053,1,13,7,20,3,16.666702,2.581200,14.563500,16.932800,1
67.706782,1,13,7,20,3,16.666897,2.743500,16.789700,16.839701,1
67.732488,1,13,7,16,2,16.666702,2.886500,16.655199,16.159700,1
67.739960,1,13,6,16,2,16.666698,12.434800,16.854900,16.159700,1
67.756801,1,13,6,16,2,16.667097,3.453800,17.516899,18.768900,1
67.773628,1,13,6,16,2,16.666901,2.791000,16.939100,16.271400,1
67.790056,1,13,6,16,2,16.667002,3.400300,16.431200,16.907200,1
67.806719,1,13,6,16,2,16.667002,2.677700,16.760099,17.416201,1
67.823422,1,13,6,16,2,16.666698,2.585000,15.957600,15.935500,1
67.840352,1,13,6,16,2,16.673201,2.558300,16.857401,16.704500,1
67.856764,1,13,6,16,2,16.666800,3.192900,16.330601,16.734200,1
67.874769,1,13,6,16,2,17.917200,3.427700,18.388901,18.293800,1
67.891980,1,13,6,16,2,17.373499,2.712000,17.354401,16.872400,1
67.909434,1,13,6,16,2,17.290503,2.428400,17.206200,17.513399,1
67.926153,1,13,6,16,2,16.666800,2.792300,16.031200,14.201900,1
67.942600,1,13,6,16,2,16.666698,2.947200,15.800300,17.526800,1
67.959263,1,13,6,16,2,16.666800,7.865500,15.041300,15.900600,1
67.975981,1,13,6,16,2,16.666800,3.280300,18.475401,18.226200,1
67.993107,1,13,6,16,2,17.000101,2.519000,18.090000,18.247700,1
68.009625,1,13,6,16,2,16.666800,3.081000,16.218901,15.835100,1
68.026240,1,13,6,16,2,16.666800,2.974500,14.590900,15.369300,1
68.042963,1,13,6,16,2,16.666800,2.624100,16.261200,15.663100,1
68.059859,1,13,6,16,2,16.666800,2.942300,17.033100,17.238001,1
68.076241,1,13,6,16,2,16.666800,2.858700,18.232599,18.420700,1
68.094480,1,13,6,16,2,18.193699,2.727800,19.064699,17.944599,1
68.111113,1,13,6,16,2,16.667002,2.562000,16.312300,16.733200,1
68.127765,1,13,6,16,2,16.666800,2.709700,15.278600,15.500300,1
68.144600,1,13,6,16,2,16.666901,2.410800,16.922899,16.562099,1
68.161865,1,13,6,16,2,17.413898,2.549300,18.709400,18.322500,1
68.178721,1,13,6,16,2,16.762499,2.547400,16.722700,16.830400,1
68.195287,1,13,6,16,2,16.698099,2.828300,15.840700,17.534000,1
68.213557,1,13,6,16,2,18.109903,2.720500,18.895399,17.569799,1
68.241554,1,13,6,15,2,16.666998,2.487700,15.045300,17.522699,1
68.246797,1,13,6,15,2,16.666702,13.904700,17.450899,17.522699,1
68.263443,1,13,6,15,2,16.667097,2.717900,16.825701,15.504400,1
68.280268,1,13,6,15,2,16.740002,2.513100,17.266100,18.266100,1
68.297478,1,13,6,15,2,17.226498,2.577000,17.176300,17.206200,1
68.314213,1,13,6,15,2,16.666800,2.850900,16.201799,16.699400,1
68.331752,1,13,6,15,2,17.462902,2.571500,17.853201,17.343500,1
68.348499,1,13,6,15,2,16.968098,2.713100,16.910200,17.790001,1
68.365243,1,13,6,15,2,16.667002,2.456600,16.083599,15.695800,1
68.381886,1,13,6,15,2,16.666698,2.499600,15.528000,15.826000,1
68.398834,1,13,6,15,2,17.010700,2.425500,18.640301,17.744900,1
68.415482,1,13,6,15,2,16.666901,2.288300,15.488900,16.074699,1
68.432200,1,13,6,15,2,16.666800,2.213100,14.971400,15.487000,1
68.448900,1,13,6,15,2,16.666901,2.490800,17.725800,17.281000,1
68.466341,1,13,6,15,2,17.348402,10.113900,18.262501,17.693701,1
68.482879,1,13,6,15,2,16.666800,3.616900,14.280500,15.398900,1
68.499599,1,13,6,15,2,16.666800,2.542300,16.384501,16.638000,1
68.516155,1,13,6,15,2,16.666800,2.648200,16.759199,17.975300,1
68.534076,1,13,6,15,2,17.841700,2.735900,19.434700,19.408899,1
68.551722,1,13,6,15,2,17.563499,2.594200,17.511600,16.441299,1
68.569091,1,13,6,15,2,17.269400,2.484500,16.515800,17.833000,1
68.585524,1,13,6,15,2,16.666901,2.618400,15.998200,16.707600,1
68.602462,1,13,6,15,2,16.858101,2.270200,17.492500,17.083300,1
68.619190,1,13,6,15,2,16.721300,2.542100,16.601200,17.154100,1
68.635870,1,13,6,15,2,16.666901,2.489000,15.666800,16.018400,1
68.652563,1,13,6,15,2,16.666698,2.705400,17.070101,16.896999,1
68.670589,1,13,6,15,2,18.017500,3.178500,18.548100,17.835100,1
68.687658,1,13,6,15,2,17.057798,2.885200,16.985901,16.946100,1
68.704287,1,13,6,15,2,16.666800,2.680300,16.327101,17.168400,1
68.721525,1,13,6,15,2,17.180801,2.537400,17.442600,17.019899,1
68.746779,2,13,6,12,0,17.529999,2.832200,13.396400,17.020901,1
68.865145,2,13,6,12,0,126.139107,125.402603,13.396400,17.020901,1
68.881765,2,13,6,12,0,16.666800,4.834100,5.238200,14.364700,1
68.898418,2,13,6,12,0,16.666901,3.182200,5.407600,10.056700,1
68.915153,2,13,6,12,0,16.666800,2.740900,5.905600,12.289000,1
68.931729,2,13,6,12,0,16.666800,2.973300,6.049400,19.851299,1
68.948446,2,13,6,12,0,16.667002,3.640100,5.319400,16.480200,1
68.965085,2,13,6,12,0,16.666800,3.540600,5.579500,17.394699,1
68.983434,2,13,6,12,0,16.666901,8.033000,5.356900,17.880100,1
68.998537,2,13,6,12,0,16.666901,4.974300,5.934200,16.871401,1
69.015077,2,13,6,12,0,16.666800,3.728000,5.214000,14.626800,1
69.031693,2,13,6,12,0,16.666901,2.965600,5.341500,13.774900,1
69.048980,2,13,6,12,0,16.666698,2.768300,5.076900,19.047400,1
69.163703,2,13,6,12,0,114.698395,3.248900,1.462600,14.842900,1
69.180055,2,13,6,12,0,16.666803,85.169701,6.472200,114.678703,1
69.197095,2,13,6,12,0,16.666698,4.237000,5.885500,16.335899,1
69.213240,2,13,6,12,0,16.666698,4.102900,5.389400,17.000500,1
69.229946,2,13,6,12,0,16.666698,3.054400,6.202300,16.215000,1
69.250532,0,14,6,0,0,16.666800,3.171000,5.013200,16.650200,1
69.371480,0,14,6,0,0,124.291801,125.134102,5.013200,16.650200,1
69.387523,0,14,6,0,0,16.666901,3.411800,5.447500,13.953000,1
69.405360,0,14,6,0,0,16.669798,3.391800,4.912400,8.646700,1
69.420676,0,14,6,0,0,16.666803,3.777300,5.127700,14.668800,1
69.437330,0,14,6,0,0,16.666800,2.956400,4.912400,17.728500,1
69.454229,0,14,6,0,0,16.666800,2.226300,5.199800,14.214100,1
69.470747,0,14,6,0,0,16.666901,2.630200,5.027600,16.756800,1
69.487348,0,14,6,0,0,16.666698,7.037100,6.167000,21.317600,1
69.504077,0,14,6,0,0,16.666800,2.833700,5.021600,15.412200,1
69.520994,0,14,6,0,0,16.667002,2.667900,4.851400,13.370400,1
69.537394,0,14,6,0,0,16.666897,2.969300,4.723200,16.797701,1
69.553997,0,14,6,0,0,16.666901,2.534200,5.518500,16.351200,1
69.714041,0,14,6,0,0,159.920197,2.399000,1.657900,16.351200,1
69.730762,0,14,6,0,0,16.666698,131.964005,5.426900,160.257004,1
69.753418,1,14,6,36,3,16.666800,3.206100,4.454600,16.497700,1
69.878802,1,14,12,36,3,131.325302,130.439697,4.454600,16.497700,1
69.895355,1,14,12,36,3,16.666901,3.920200,5.407700,14.385100,1
69.912153,1,14,12,36,3,16.666901,3.036100,4.650900,8.799300,1
69.928720,1,14,12,36,3,16.666901,3.183600,5.385600,13.428700,1
69.945475,1,14,12,36,3,16.666800,2.533700,5.249600,19.238899,1
69.961974,1,14,12,36,3,16.666698,2.813100,5.066100,17.162300,1
69.978619,1,14,12,36,3,16.666698,2.360000,4.547700,17.144800,1
69.995683,1,14,12,36,3,16.694702,7.100100,5.051800,20.521999,1
70.012158,1,14,12,36,3,16.666698,3.226100,4.640600,17.597401,1
70.028711,1,14,12,36,3,16.667101,2.542800,4.846000,17.170500,1
70.045392,1,14,12,36,3,16.666901,2.492300,4.902300,18.046900,1
70.062159,1,14,12,36,3,16.666897,2.930200,5.127500,17.927200,1
70.244065,1,14,12,36,3,181.651398,3.312100,2.348800,17.927200,1
70.369192,1,14,12,31,3,117.106697,253.389893,7.304900,285.443115,1
70.377640,1,14,11,31,3,16.666698,12.140200,6.602900,285.443115,1
70.394309,1,14,11,31,3,16.666702,3.510700,6.057800,9.255900,1
70.410775,1,14,11,31,3,16.666800,2.900400,5.370400,11.353100,1
70.427593,1,14,11,31,3,16.666800,2.541500,7.807900,20.866100,1
70.444304,1,14,11,31,3,16.666800,3.593100,5.918100,16.582600,1
70.460794,1,14,11,31,3,16.666800,3.377300,8.557500,17.040400,1
70.477479,1,14,11,31,3,16.667002,2.672600,5.700500,17.095699,1
70.494340,1,14,11,31,3,16.666800,2.907300,8.325400,15.524900,1
70.510805,1,14,11,31,3,16.666698,8.447800,6.129900,17.905600,1
70.527481,1,14,11,31,3,16.666800,3.137400,5.405100,20.413500,1
70.544333,1,14,11,31,3,16.666901,2.717400,6.143800,16.660500,1
70.560793,1,14,11,31,3,16.666901,2.901900,4.823500,16.463800,1
70.577411,1,14,11,31,3,16.666800,2.344900,5.475100,16.988199,1
70.594148,1,14,11,31,3,16.666901,2.352500,4.702000,17.372101,1
70.610742,1,14,11,31,3,16.666800,2.715600,5.340900,17.287201,1
70.627522,1,14,11,31,3,16.667002,2.652100,5.025800,17.305599,1
70.644271,1,14,11,31,3,16.666897,2.930000,5.530800,17.442801,1
70.660815,1,14,11,31,3,16.666803,2.620000,5.215600,16.447500,1
70.677445,1,14,11,31,3,16.666800,2.623300,5.294100,16.956400,1
70.694294,1,14,11,31,3,16.666897,3.016700,4.988300,17.953800,1
70.710773,1,14,11,31,3,16.666803,3.279200,5.691700,16.163900,1
70.727439,1,14,11,31,3,16.666698,2.677900,5.666200,15.884300,1
70.744162,1,14,11,31,3,16.667002,2.687100,5.394600,17.124300,1
70.760824,1,14,11,31,3,16.666800,2.845800,5.156300,17.238001,1
70.777620,1,14,11,31,3,16.666800,2.546700,5.814900,14.479400,1
70.794235,1,14,11,31,3,16.666800,3.073200,5.685100,14.571500,1
70.811218,1,14,11,31,3,16.666800,2.782000,4.985500,17.855499,1
70.827493,1,14,11,31,3,16.666698,3.107500,6.085400,14.999500,1
70.844294,1,14,11,31,3,16.666800,2.688600,5.513000,17.731600,1
70.867749,1,14,11,26,3,16.666901,2.947400,5.179100,15.526900,1
70.877538,1,14,9,26,3,16.666698,10.534700,8.000900,15.526900,1
70.894264,1,14,9,26,3,16.666901,2.556000,5.003400,21.097500,1
70.911080,1,14,9,26,3,16.666800,3.391700,4.917500,15.986700,1
70.927422,1,14,9,26,3,16.666698,2.927900,4.735600,17.161200,1
70.944176,1,14,9,26,3,16.666702,2.313400,5.348300,15.577100,1
70.960726,1,14,9,26,3,16.666800,2.767800,5.063600,16.859100,1
70.977590,1,14,9,26,3,16.666897,2.434700,5.380800,16.223301,1
70.994129,1,14,9,26,3,16.666901,2.793600,5.282400,15.665100,1
71.010747,1,14,9,26,3,16.666800,2.581400,5.358000,15.744000,1
71.027432,1,14,9,26,3,16.666800,7.938800,6.365100,16.250900,1
71.044315,1,14,9,26,3,16.667002,2.926900,4.817600,18.903000,1
71.060808,1,14,9,26,3,16.666800,3.185200,5.188100,16.506901,1
71.077475,1,14,9,26,3,16.666901,2.723900,4.735700,16.588800,1
71.094193,1,14,9,26,3,16.666901,2.597200,4.376400,17.392599,1
71.110857,1,14,9,26,3,16.666698,2.576200,4.661100,15.793200,1
71.127439,1,14,9,26,3,16.667002,2.665800,5.567200,16.042000,1
71.144180,1,14,9,26,3,16.667002,2.703300,4.805300,16.430099,1
71.160817,1,14,9,26,3,16.666698,2.416500,5.311300,16.804800,1
71.177437,1,14,9,26,3,16.667002,2.667200,5.006800,15.658000,1
71.194168,1,14,9,26,3,16.666901,2.421900,5.329100,16.127001,1
71.210767,1,14,9,26,3,16.666901,2.705900,5.536500,16.925699,1
71.227495,1,14,9,26,3,16.666897,2.600100,5.362600,16.038900,1
71.244397,1,14,9,26,3,16.666803,2.482800,5.011300,17.356800,1
71.261085,1,14,9,26,3,16.666698,2.853700,5.371400,17.643499,1
71.277562,1,14,9,26,3,16.666800,2.911900,5.531900,17.336300,1
71.294523,1,14,9,26,3,16.666800,3.233500,5.014700,16.166901,1
71.311215,1,14,9,26,3,16.666800,3.154600,5.201400,16.528400,1
71.327565,1,14,9,26,3,16.666800,3.162700,5.778500,16.274500,1
71.344382,1,14,9,26,3,16.666901,2.802100,4.674900,17.744900,1
71.366844,1,14,9,19,3,16.666698,3.194700,4.790900,16.935900,1
71.377489,1,14,6,19,3,16.666901,9.280700,5.788000,15.849500,1
71.394149,1,14,6,19,3,16.666698,2.418700,4.598400,17.165300,1
71.410780,1,14,6,19,3,16.666698,2.427300,4.875400,15.254500,1
71.427535,1,14,6,19,3,16.666901,2.683100,5.253200,15.787000,1
71.444224,1,14,6,19,3,16.666702,2.731100,4.670100,16.837700,1
71.460797,1,14,6,19,3,16.666800,2.922500,5.006100,13.837300,1
71.477439,1,14,6,19,3,16.666897,2.543300,5.259900,15.766500,1
71.494250,1,14,6,19,3,16.667101,2.536600,6.108300,15.684600,1
71.510801,1,14,6,19,3,16.666800,2.874700,6.287000,15.963200,1
71.527605,1,14,6,19,3,16.673800,7.492400,5.799600,18.343901,1
71.544355,1,14,6,19,3,16.666800,2.955300,4.106000,16.717800,1
71.560965,1,14,6,19,3,16.666702,2.579700,5.018500,14.879800,1
71.577545,1,14,6,19,3,16.666897,2.790800,5.019900,14.525400,1
71.594155,1,14,6,19,3,16.666800,2.688400,5.618200,19.099600,1
71.610894,1,14,6,19,3,16.666901,2.546500,5.390100,13.099100,1
71.627662,1,14,6,19,3,16.666901,2.669500,5.663000,16.932800,1
71.644345,1,14,6,19,3,16.666901,2.909400,4.976600,17.233900,1
71.660887,1,14,6,19,3,16.666901,3.409300,4.950200,16.483400,1
71.677864,1,14,6,19,3,16.666698,3.040200,5.254800,16.021500,1
71.694187,1,14,6,19,3,16.666702,2.911100,5.040300,17.412100,1
71.710946,1,14,6,19,3,16.666800,2.719700,5.036000,15.889400,1
71.727766,1,14,6,19,3,16.666897,2.579500,5.509900,16.938000,1
71.744237,1,14,6,19,3,16.666702,3.400400,6.113300,16.677799,1
71.761214,1,14,6,19,3,16.666698,2.782800,5.417700,19.564600,1
71.777784,1,14,6,19,3,16.666698,3.299800,6.176300,14.072800,1
71.794275,1,14,6,19,3,16.667002,3.253600,5.141700,16.745501,1
71.810991,1,14,6,19,3,16.666800,2.954400,4.553200,16.080900,1
71.827601,1,14,6,19,3,16.666901,2.795600,5.023700,17.274900,1
71.844265,1,14,6,19,3,16.666901,2.874000,4.776700,16.598000,1
71.866784,1,14,6,17,2,16.666901,2.887900,5.036400,16.466900,1
71.877528,1,14,5,17,2,16.666901,9.113000,6.114900,22.863899,1
71.894131,1,14,5,17,2,16.666897,2.762800,4.342000,16.566299,1
71.910956,1,14,5,17,2,16.666901,2.401300,5.023400,13.135800,1
71.927883,1,14,5,17,2,16.667002,3.497800,6.626700,14.756900,1
71.944288,1,14,5,17,2,16.666698,3.476300,5.096800,18.981899,1
71.961077,1,14,5,17,2,16.666800,2.924600,5.965600,13.826000,1
71.977534,1,14,5,17,2,16.666901,3.477000,5.495300,16.657499,1
71.994293,1,14,5,17,2,16.666698,3.110400,5.559700,16.379900,1
72.010877,1,14,5,17,2,16.666702,3.013600,4.766400,16.564199,1
72.027646,1,14,5,17,2,16.666800,7.729500,5.702500,21.727200,1
72.044344,1,14,5,17,2,16.666800,3.123800,5.432600,14.997500,1
72.060866,1,14,5,17,2,16.666800,3.111700,5.191800,13.491200,1
72.077714,1,14,5,17,2,16.666800,3.004100,4.775500,16.462900,1
72.094278,1,14,5,17,2,16.666901,2.749400,5.312800,17.089500,1
72.110909,1,14,5,17,2,16.666800,2.936500,4.670500,16.181200,1
72.128286,1,14,5,17,2,17.049398,2.641700,5.260600,16.780300,1
72.145014,1,14,5,17,2,16.666901,4.088100,4.734400,17.243200,1
72.161614,1,14,5,17,2,16.667002,3.091000,4.866700,17.153999,1
72.178216,1,14,5,17,2,16.666800,3.370800,5.083800,16.550900,1
72.194702,1,14,5,17,2,16.666901,3.196400,5.657200,16.517200,1
72.211180,1,14,5,17,2,16.666800,3.210800,5.027800,16.248800,1
72.227933,1,14,5,17,2,16.666800,2.545600,5.358200,16.551901,1
72.244593,1,14,5,17,2,16.667002,2.901200,4.500600,17.144899,1
72.261215,1,14,5,17,2,16.666800,2.746500,5.157400,16.294901,1
72.277914,1,14,5,17,2,16.666698,2.709200,4.649300,16.459700,1
72.294651,1,14,5,17,2,16.666901,2.595800,4.642000,17.017900,1
72.311280,1,14,5,17,2,16.666901,2.522000,5.013700,17.047501,1
72.327839,1,14,5,17,2,16.666901,3.542700,4.977700,16.160801,1
72.344735,1,14,5,17,2,16.666800,2.630000,4.172200,16.541700,1
72.367316,1,14,5,14,2,16.666901,2.841900,4.441600,17.212400,1
72.377835,1,14,5,14,2,16.666698,8.605400,5.813900,22.305799,1
72.394531,1,14,5,14,2,16.666901,2.872500,4.409900,16.223301,1
72.411170,1,14,5,14,2,16.666698,2.709900,5.102300,13.633500,1
72.427997,1,14,5,14,2,16.666901,2.600300,5.277700,13.974500,1
72.444615,1,14,5,14,2,16.666901,2.950000,4.443800,17.552401,1
72.461180,1,14,5,14,2,16.666800,2.641700,5.090500,15.944700,1
72.478035,1,14,5,14,2,16.666901,2.604700,4.668500,18.749399,1
72.494684,1,14,5,14,2,16.666698,2.543500,5.854500,14.788700,1
72.511235,1,14,5,14,2,16.667101,3.237400,5.209000,16.991199,1
72.528153,1,14,5,14,2,16.666698,9.716000,6.486100,22.806499,1
72.544554,1,14,5,14,2,16.667002,3.585800,4.447200,15.910900,1
72.561165,1,14,5,14,2,16.666897,2.641200,4.697900,13.417500,1
72.577824,1,14,5,14,2,16.666702,2.726600,4.785900,13.848600,1
72.594551,1,14,5,14,2,16.666901,2.685100,4.384700,17.542101,1
72.611343,1,14,5,14,2,16.666698,2.548100,4.283000,15.662100,1
72.627813,1,14,5,14,2,16.666698,2.640200,4.850900,17.075199,1
72.644641,1,14,5,14,2,16.667002,2.685600,4.204100,18.508801,1
72.661350,1,14,5,14,2,16.666901,2.599900,5.438700,15.201300,1
72.678093,1,14,5,14,2,16.689598,2.669000,4.680300,18.582500,1
72.694525,1,14,5,14,2,16.666800,2.652500,5.090800,14.456800,1
72.711183,1,14,5,14,2,16.666901,2.603500,5.096700,19.191799,1
72.727838,1,14,5,14,2,16.666901,2.487900,4.677700,14.572600,1
72.744593,1,14,5,14,2,16.666698,2.483200,4.571900,15.907800,1
72.761167,1,14,5,14,2,16.666698,2.635800,6.899200,17.171499,1
72.777945,1,14,5,14,2,16.666901,3.318300,5.160400,19.350500,1
72.794564,1,14,5,14,2,16.666800,3.067400,4.652700,13.684700,1
72.811357,1,14,5,14,2,16.666800,2.622300,4.604100,16.452700,1
72.827855,1,14,5,14,2,16.666901,2.756700,5.192600,16.989100,1
72.844682,1,14,5,14,2,16.667002,2.961300,4.249400,18.552900,1
72.867309,1,14,5,13,1,16.666698,2.564400,5.428300,14.768100,1
72.877835,1,14,5,13,1,16.666901,8.855600,4.884300,22.591499,1
72.894521,1,14,5,13,1,16.666800,2.960400,4.063000,15.759300,1
72.911255,1,14,5,13,1,16.667002,2.301300,4.843300,14.424100,1
72.927840,1,14,5,13,1,16.666698,3.183400,5.267800,14.608400,1
72.944672,1,14,5,13,1,16.666800,2.705300,4.638900,18.634701,1
72.961213,1,14,5,13,1,16.666800,2.663700,5.323700,14.187600,1
72.977869,1,14,5,13,1,16.666800,3.945800,4.456500,18.469900,1
72.994801,1,14,5,13,1,16.666702,2.353600,5.848200,14.520300,1
73.011276,1,14,5,13,1,16.666897,3.180800,5.114600,20.446199,1
73.027858,1,14,5,13,1,16.666803,6.928300,5.439500,17.616899,1
73.044621,1,14,5,13,1,16.666800,2.512300,5.037500,16.046101,1
73.061202,1,14,5,13,1,16.666698,2.490400,5.162500,15.824900,1
73.077890,1,14,5,13,1,16.666698,2.688700,4.630500,13.216700,1
73.094668,1,14,5,13,1,16.666800,2.506500,5.562500,20.171801,1
73.111224,1,14,5,13,1,16.666698,3.056400,4.485600,16.042000,1
73.127985,1,14,5,13,1,16.666698,2.771200,5.373400,13.953000,1
73.144581,1,14,5,13,1,16.666901,2.814200,4.725100,18.985001,1
73.161215,1,14,5,13,1,16.666800,2.405700,5.532700,17.510401,1
73.177874,1,14,5,13,1,16.666803,2.665200,4.825100,16.188400,1
73.194653,1,14,5,13,1,16.666897,2.972900,4.918900,13.975500,1
73.211232,1,14,5,13,1,16.666901,2.730500,4.545600,16.838699,1
73.227863,1,14,5,13,1,16.666901,2.506100,5.888300,16.573400,1
73.245083,1,14,5,13,1,16.666698,2.963800,4.659300,19.110901,1
73.261420,1,14,5,13,1,16.666702,3.253700,5.310200,14.800900,1
73.277930,1,14,5,13,1,16.666800,2.940600,4.526200,19.487801,1
73.294668,1,14,5,13,1,16.666800,2.702900,4.911500,13.226000,1
73.311339,1,14,5,13,1,16.666800,2.688800,5.115300,19.692499,1
73.327866,1,14,5,13,1,16.667002,2.745600,4.887700,16.546801,1
73.344580,1,14,5,13,1,16.666897,2.538300,4.648500,13.543500,1
73.367436,1,14,5,11,1,16.667002,2.456400,5.633000,20.318199,1
73.377864,1,14,5,11,1,16.667002,9.432800,5.242500,19.323900,1
73.394879,1,14,5,11,1,16.666800,2.514600,4.511200,15.738800,1
73.411200,1,14,5,11,1,16.666901,2.785800,5.131000,15.481900,1
73.428132,1,14,5,11,1,16.666901,2.601900,5.381000,15.257600,1
73.444598,1,14,5,11,1,16.666901,2.651300,5.460100,14.074900,1
73.461692,1,14,5,11,1,16.701899,2.487200,5.030800,19.581900,1
73.477907,1,14,5,11,1,16.666698,3.440200,5.309500,14.206000,1
73.494618,1,14,5,11,1,16.666901,2.552800,5.839900,19.991501,1
73.511306,1,14,5,11,1,16.666901,3.388500,5.168800,15.995900,1
73.528017,1,14,5,11,1,16.666901,9.150700,5.713800,19.864599,1
73.544611,1,14,5,11,1,16.666800,2.920400,6.471700,15.168500,1
73.561235,1,14,5,11,1,16.666901,3.667200,5.860500,14.917700,1
73.577924,1,14,5,11,1,16.666901,2.529900,4.541600,15.851500,1
73.594551,1,14,5,11,1,16.666901,2.346300,5.106700,14.336000,1
73.611215,1,14,5,11,1,16.666897,2.746900,4.564900,16.446400,1
73.627869,1,14,5,11,1,16.666901,2.256000,5.077900,20.045900,1
73.644671,1,14,5,11,1,16.666901,2.740000,4.238500,14.097400,1
73.661375,1,14,5,11,1,16.666800,2.568100,4.198500,16.199699,1
73.677922,1,14,5,11,1,16.667002,2.584100,4.499100,16.644100,1
73.694906,1,14,5,11,1,16.666901,2.459500,4.550500,19.507200,1
73.711246,1,14,5,11,1,16.666800,2.805000,5.137500,14.020600,1
73.727896,1,14,5,11,1,16.666698,2.619500,4.720200,16.644100,1
73.744642,1,14,5,11,1,16.666800,2.808800,4.517600,16.310200,1
73.761216,1,14,5,11,1,16.666800,2.734900,5.210600,17.014799,1
73.777950,1,14,5,11,1,16.667002,2.670300,5.368100,19.602400,1
73.794940,1,14,5,11,1,16.666901,3.101500,4.509600,13.481000,1
73.812985,1,14,5,11,1,16.666800,3.142200,5.063600,17.105900,1
73.827865,1,14,5,11,1,16.666901,4.328000,4.789500,18.167801,1
73.844846,1,14,5,11,1,16.666698,2.654100,4.891700,17.283100,1
73.864853,0,15,5,0,0,16.666901,2.836900,4.552000,14.644200,1
73.980020,0,15,6,0,0,118.120399,117.970299,4.552000,14.644200,1
73.996158,0,15,6,0,0,16.666702,3.688400,5.453100,12.798000,1
74.012905,0,15,6,0,0,16.666800,3.276400,4.932600,9.603100,1
74.029261,0,15,6,0,0,16.666698,5.702500,5.228800,16.650200,1
74.045922,0,15,6,0,0,16.666901,2.527100,4.834400,16.409599,1
74.062588,0,15,6,0,0,16.666698,2.234900,4.522400,13.651000,1
74.079724,0,15,6,0,0,16.666698,2.342900,4.437200,16.476101,1
74.096687,0,15,6,0,0,16.666901,2.942300,4.829700,17.567801,1
74.112683,0,15,6,0,0,16.666901,3.303700,4.388100,18.842600,1
74.129365,0,15,6,0,0,16.666800,2.272100,5.308500,13.839300,1
74.146339,0,15,6,0,0,16.722801,2.803400,4.421600,16.446501,1
74.162690,0,15,6,0,0,16.666901,2.774500,4.831600,17.622999,1
74.179393,0,15,6,0,0,16.666897,2.425700,5.419300,15.945800,1
74.346457,0,15,6,0,0,167.011505,2.676000,1.735600,15.945800,1
74.368870,1,15,6,36,3,16.666897,137.013596,4.751600,166.575104,1
74.492611,1,15,12,36,3,129.533203,129.246994,4.751600,166.575104,1
74.509321,1,15,12,36,3,16.666901,2.560900,6.080900,13.713500,1
74.525962,1,15,12,36,3,16.666800,2.772300,5.755100,8.829900,1
74.542627,1,15,12,36,3,16.670599,7.475900,5.481800,18.223101,1
74.559450,1,15,12,36,3,16.666698,2.863300,6.776600,14.343200,1
74.576028,1,15,12,36,3,16.666901,3.134800,5.642500,14.458900,1
74.592612,1,15,12,36,3,16.666901,2.915000,4.640000,16.455601,1
74.609527,1,15,12,36,3,16.666800,2.471900,5.252100,16.411699,1
74.625945,1,15,12,36,3,16.666800,2.926700,4.490900,17.104900,1
74.642753,1,15,12,36,3,16.666800,2.613400,6.741500,16.231400,1
74.659330,1,15,12,36,3,16.666702,2.793200,5.831600,16.998400,1
74.676001,1,15,12,36,3,16.666800,2.680400,5.803900,16.304100,1
74.850246,1,15,12,36,3,173.727097,2.493700,2.179400,16.952400,1
74.872019,1,15,12,33,3,16.666800,146.982803,5.745300,174.104507,1
74.883234,1,15,11,33,3,16.666901,9.206600,6.750300,22.854700,1
74.899732,1,15,11,33,3,16.666800,3.155600,5.227900,15.429600,1
74.916390,1,15,11,33,3,16.666901,2.734600,5.428400,11.269100,1
74.933076,1,15,11,33,3,16.666698,2.438500,5.757600,16.646200,1
74.949741,1,15,11,33,3,16.666698,3.152900,5.291900,16.916500,1
74.966380,1,15,11,33,3,16.666800,2.687900,5.371500,16.313299,1
74.983081,1,15,11,33,3,16.667002,3.036200,5.643700,16.628700,1
75.000075,1,15,11,33,3,16.666901,3.147700,5.843000,17.553400,1
75.016526,1,15,11,33,3,16.666800,4.222000,5.162300,16.265301,1
75.033430,1,15,11,33,3,16.666901,2.550200,4.682900,16.378799,1
75.049732,1,15,11,33,3,16.666698,7.922800,5.126400,21.969999,1
75.066462,1,15,11,33,3,16.666800,2.809400,7.504900,15.964100,1
75.083147,1,15,11,33,3,16.666800,2.586800,6.451800,12.364800,1
75.099697,1,15,11,33,3,16.666800,2.950000,4.994500,16.489500,1
75.116474,1,15,11,33,3,16.666702,2.536900,5.220500,16.504801,1
75.133082,1,15,11,33,3,16.666800,2.779500,5.559800,16.786501,1
75.149769,1,15,11,33,3,16.666800,2.803700,4.928900,17.123301,1
75.166591,1,15,11,33,3,16.666901,2.692200,5.264000,16.363501,1
75.183245,1,15,11,33,3,16.666800,2.863600,4.990800,16.609301,1
75.199750,1,15,11,33,3,16.666698,2.737600,5.708700,16.643101,1
75.216487,1,15,11,33,3,16.666901,2.638800,6.065600,16.614401,1
75.233078,1,15,11,33,3,16.666998,2.728900,5.438600,16.534500,1
75.249898,1,15,11,33,3,16.666901,2.916800,5.024600,16.539600,1
75.266396,1,15,11,33,3,16.666800,2.816400,5.753500,16.908300,1
75.283048,1,15,11,33,3,16.667002,2.853500,4.840200,16.341000,1
75.299773,1,15,11,33,3,16.666901,2.630900,5.062900,16.757799,1
75.316373,1,15,11,33,3,16.666901,2.970600,5.519400,17.018900,1
75.333083,1,15,11,33,3,16.666800,2.675700,5.041600,16.351200,1
75.349771,1,15,11,33,3,16.666800,2.723200,6.016700,16.751600,1
75.373276,1,15,11,27,3,16.666698,2.523200,5.258100,16.610300,1
75.383171,1,15,9,27,3,16.666901,10.306600,7.401500,16.610300,1
75.399763,1,15,9,27,3,16.666901,3.105100,5.362400,14.183400,1
75.416387,1,15,9,27,3,16.666901,2.571000,5.789000,11.126800,1
75.433187,1,15,9,27,3,16.666901,2.694800,4.655400,16.670700,1
75.449748,1,15,9,27,3,16.666901,3.256800,8.006200,17.058800,1
75.466416,1,15,9,27,3,16.666901,3.459800,5.153600,19.149799,1
75.483327,1,15,9,27,3,16.666901,2.567900,5.432900,13.860900,1
75.499774,1,15,9,27,3,16.666998,2.985300,5.130000,16.932899,1
75.516384,1,15,9,27,3,16.667002,2.703500,6.114000,16.555000,1
75.533031,1,15,9,27,3,16.666901,3.096700,4.736400,16.443399,1
75.549713,1,15,9,27,3,16.666800,2.235200,4.781400,16.629700,1
75.566448,1,15,9,27,3,16.666800,7.088400,6.958900,21.280800,1
75.583348,1,15,9,27,3,16.666800,3.471200,7.427000,16.571400,1
75.599768,1,15,9,27,3,16.666901,3.419900,5.421300,12.640200,1
75.616567,1,15,9,27,3,16.666800,2.883500,7.413900,16.248899,1
75.633061,1,15,9,27,3,16.667002,2.919000,5.284200,16.801800,1
75.649776,1,15,9,27,3,16.666698,2.931900,5.945200,16.553900,1
75.666389,1,15,9,27,3,16.666800,3.021100,5.396300,16.811001,1
75.683181,1,15,9,27,3,16.666800,2.772900,5.876100,16.449600,1
75.699706,1,15,9,27,3,16.666698,2.886100,5.053300,16.963600,1
75.716417,1,15,9,27,3,16.666803,2.689000,5.501500,16.265200,1
75.733058,1,15,9,27,3,16.666800,2.598300,5.964900,16.905199,1
75.750201,1,15,9,27,3,16.666800,2.646300,5.457300,16.456699,1
75.766431,1,15,9,27,3,16.666800,3.013600,6.456500,17.132500,1
75.783079,1,15,9,27,3,16.666901,2.567000,5.475400,22.143999,1
75.799745,1,15,9,27,3,16.666998,3.101300,5.651400,16.274500,1
75.816520,1,15,9,27,3,16.666901,2.823300,5.044600,17.093599,1
75.833055,1,15,9,27,3,16.666901,2.568900,5.135300,17.728500,1
75.849697,1,15,9,27,3,16.666698,2.689600,4.821300,18.154499,1
75.872381,1,15,9,20,3,16.666800,2.466600,6.146400,17.805401,1
75.882999,1,15,7,20,3,16.666702,9.077100,6.258500,17.639400,1
75.899731,1,15,7,20,3,16.666998,2.496900,5.418500,18.201599,1
75.916373,1,15,7,20,3,16.666901,2.756000,5.336300,18.734100,1
75.933069,1,15,7,20,3,16.666901,2.731600,4.828700,16.663500,1
75.950051,1,15,7,20,3,16.666901,2.410000,4.777600,16.663500,1
75.966607,1,15,7,20,3,16.666800,2.878600,4.994200,17.795099,1
75.983145,1,15,7,20,3,16.666800,3.091900,5.433300,18.136000,1
75.999939,1,15,7,20,3,16.826700,3.103900,7.456900,17.990700,1
76.016567,1,15,7,20,3,16.666901,2.660200,6.770900,16.088100,1
76.033420,1,15,7,20,3,16.666698,2.715300,10.416900,19.752899,1
76.049894,1,15,7,20,3,16.666800,2.616200,9.941600,15.403000,1
76.066681,1,15,7,20,3,16.666901,7.498500,4.964200,18.077700,1
76.083265,1,15,7,20,3,16.666698,2.854900,11.244600,17.235001,1
76.099909,1,15,7,20,3,16.666800,2.546600,10.436700,16.412600,1
76.116554,1,15,7,20,3,16.666901,2.525000,9.987500,16.594999,1
76.133214,1,15,7,20,3,16.666800,3.210400,11.516000,17.834000,1
76.149986,1,15,7,20,3,16.666702,2.477100,11.635000,17.216499,1
76.166555,1,15,7,20,3,16.666698,2.847700,12.562100,18.096100,1
76.183206,1,15,7,20,3,16.666901,2.524800,13.945600,17.132601,1
76.199949,1,15,7,20,3,16.666901,2.433800,14.103800,17.358801,1
76.216794,1,15,7,20,3,16.672298,2.862400,15.134300,17.690599,1
76.233239,1,15,7,20,3,16.666800,2.741300,15.334800,16.363501,1
76.249966,1,15,7,20,3,16.666698,2.457600,15.334800,19.440599,1
76.266556,1,15,7,20,3,16.666901,2.748300,17.985201,15.980600,1
76.283560,1,15,7,20,3,16.666800,2.532000,16.689899,18.127800,1
76.299868,1,15,7,20,3,16.666702,3.001000,17.870899,17.005600,1
76.316626,1,15,7,20,3,16.666897,2.744500,16.433800,17.798100,1
76.333294,1,15,7,20,3,16.666702,3.844500,17.728300,17.798100,1
76.349970,1,15,7,20,3,16.666800,2.604000,17.678600,17.917999,1
76.372853,1,15,7,17,3,16.666901,2.777200,17.978500,17.372200,1
76.383157,1,15,6,17,3,16.666897,9.954700,16.884199,17.372200,1
76.399931,1,15,6,17,3,16.666901,2.662600,17.198601,17.446899,1
76.416561,1,15,6,17,3,16.666702,2.619700,15.457600,16.333799,1
76.433238,1,15,6,17,3,16.666901,2.453600,17.711500,17.936399,1
76.449948,1,15,6,17,3,16.666698,2.496700,17.009899,17.717199,1
76.466495,1,15,6,17,3,16.666901,2.778600,18.476999,17.933399,1
76.483226,1,15,6,17,3,16.666800,2.279900,18.451300,17.825701,1
76.499828,1,15,6,17,3,16.666800,2.689200,17.024401,17.635401,1
76.516551,1,15,6,17,3,16.666998,2.901500,17.971901,17.522699,1
76.533135,1,15,6,17,3,16.666901,2.423200,17.334700,17.837999,1
76.549921,1,15,6,17,3,16.666800,2.251800,17.143200,17.184799,1
76.566620,1,15,6,17,3,16.666702,6.787500,16.175699,16.485399,1
76.583626,1,15,6,17,3,16.948500,2.741400,17.551800,17.256399,1
76.600800,1,15,6,17,3,17.197401,2.757500,17.142000,16.304199,1
76.617352,1,15,6,17,3,16.666901,2.657000,16.538000,17.643499,1
76.634083,1,15,6,17,3,16.666901,2.260600,16.718000,17.332199,1
76.650849,1,15,6,17,3,16.827900,2.470500,16.804399,16.966700,1
76.667555,1,15,6,17,3,16.666800,2.484700,15.373000,15.001600,1
76.684589,1,15,6,17,3,17.096500,2.790900,18.305500,17.823700,1
76.702070,1,15,6,17,3,16.828897,2.278700,16.741100,17.093599,1
76.719581,1,15,6,17,3,18.079002,3.012300,18.081600,17.450001,1
76.736115,1,15,6,17,3,16.666800,2.687900,15.829400,15.267900,1
76.752839,1,15,6,17,3,16.666800,2.252500,14.638500,16.416700,1
76.769457,1,15,6,17,3,16.666800,2.395200,16.304300,16.006201,1
76.786235,1,15,6,17,3,16.666800,2.327800,16.331200,17.388500,1
76.802797,1,15,6,17,3,16.666901,2.468100,16.680000,16.081900,1
76.819507,1,15,6,17,3,16.666698,2.268000,17.483801,17.510401,1
76.836267,1,15,6,17,3,16.666901,2.564800,15.980600,14.949400,1
76.852953,1,15,6,17,3,16.666698,2.733800,15.471200,16.826401,1
76.876099,1,15,6,13,1,16.666800,2.718300,16.266899,16.025600,1
76.886267,1,15,5,13,1,16.667002,9.960800,18.493099,18.522100,1
76.902828,1,15,5,13,1,16.666901,2.944600,16.592199,15.363100,1
76.919510,1,15,5,13,1,16.666901,2.384300,15.912800,17.140699,1
76.936165,1,15,5,13,1,16.666800,2.456900,15.446900,15.944700,1
76.952887,1,15,5,13,1,16.666901,2.522500,17.368799,15.763500,1
76.969645,1,15,5,13,1,16.666800,2.674300,14.539300,16.277500,1
76.986205,1,15,5,13,1,16.666698,2.880600,18.508801,17.152000,1
77.003026,1,15,5,13,1,16.666800,6.073800,16.592100,16.802799,1
77.019592,1,15,5,13,1,16.666901,3.419800,14.735700,14.986200,1
77.036156,1,15,5,13,1,16.666698,2.966100,16.302799,16.954399,1
77.052867,1,15,5,13,1,16.667002,2.911900,15.875900,15.883300,1
77.069549,1,15,5,13,1,16.666800,8.483900,16.332800,15.654900,1
77.086209,1,15,5,13,1,16.666698,3.008000,16.293699,16.867300,1
77.102886,1,15,5,13,1,16.666698,2.820800,17.053301,17.735701,1
77.119622,1,15,5,13,1,16.666901,2.621100,17.434500,17.395700,1
77.136241,1,15,5,13,1,16.666800,2.533700,16.246700,16.165899,1
77.152868,1,15,5,13,1,16.666800,2.650100,17.438601,17.097700,1
77.169550,1,15,5,13,1,16.666800,2.538800,16.737400,17.093599,1
77.186214,1,15,5,13,1,16.666800,2.749700,16.239799,15.295500,1
77.202910,1,15,5,13,1,16.667002,2.513000,18.018400,17.798201,1
77.219723,1,15,5,13,1,16.666698,2.503100,16.328199,17.093599,1
77.236176,1,15,5,13,1,16.666901,2.990900,16.987200,17.583099,1
77.252841,1,15,5,13,1,16.666800,2.515200,16.589899,16.021500,1
77.269512,1,15,5,13,1,16.666901,2.487900,17.909700,18.086901,1
77.286241,1,15,5,13,1,16.666698,2.543900,15.647000,15.733800,1
77.302925,1,15,5,13,1,16.667002,2.760600,16.468800,16.881599,1
77.319507,1,15,5,13,1,16.666800,2.459900,18.092899,17.798201,1
77.336284,1,15,5,13,1,16.666800,2.653000,15.707300,14.932000,1
77.352924,1,15,5,13,1,16.667002,2.862600,14.221300,15.905700,1
77.376997,2,15,5,10,0,16.667002,2.592000,15.305900,17.200199,1
77.502249,2,15,2,10,0,132.757202,131.932602,15.305900,17.200199,1
77.518956,2,15,2,10,0,16.666800,3.254700,5.652600,14.358500,1
77.535670,2,15,2,10,0,16.666901,3.108600,5.861400,8.737800,1
77.552362,2,15,2,10,0,16.666702,2.816200,5.488700,13.288500,1
77.569129,2,15,2,10,0,16.666897,2.723800,5.492900,20.443100,1
77.585581,2,15,2,10,0,16.666800,7.834200,4.633800,18.119699,1
77.602513,2,15,2,10,0,16.813501,3.684900,6.916600,17.220600,1
77.619119,2,15,2,10,0,16.666901,3.080000,5.019700,15.810600,1
77.635754,2,15,2,10,0,16.666800,3.766600,4.890200,16.782301,1
77.652429,2,15,2,10,0,16.666800,2.652200,4.562700,18.167801,1
77.669192,2,15,2,10,0,16.667002,2.689100,5.043500,15.927300,1
77.685738,2,15,2,10,0,16.666800,2.660000,4.472500,19.528700,1
77.808341,2,15,2,10,0,120.634705,2.598200,1.930700,17.144800,1
77.823067,2,15,2,10,0,16.666897,83.332100,5.424100,113.482803,1
77.839883,2,15,2,10,0,16.667002,2.822900,4.784000,14.983100,1
77.856395,2,15,2,10,0,16.666698,3.090400,4.299200,16.743500,1
77.878532,1,16,2,24,2,16.666901,2.700700,4.686000,16.374701,1
78.006714,1,16,12,24,2,133.475906,132.949493,4.686000,16.374701,1
78.023324,1,16,12,24,2,16.666901,3.986000,5.219700,14.006200,1
78.039969,1,16,12,24,2,16.666800,3.242200,4.782400,8.879100,1
78.056736,1,16,12,24,2,16.666901,2.650500,5.042000,13.469700,1
78.073252,1,16,12,24,2,16.667002,2.573000,4.663600,16.704500,1
78.089890,1,16,12,24,2,16.666901,6.031300,6.288800,20.728901,1
78.106699,1,16,12,24,2,16.666698,2.688100,5.108300,16.010201,1
78.123265,1,16,12,24,2,16.666901,2.989000,5.688800,13.457400,1
78.139977,1,16,12,24,2,16.666901,2.769400,4.981100,16.430099,1
78.156558,1,16,12,24,2,16.667002,2.643600,5.071700,16.820200,1
78.173323,1,16,12,24,2,16.666800,2.576900,5.491000,16.633900,1
78.190023,1,16,12,24,2,16.666698,3.152900,5.402200,16.493500,1
78.354419,1,16,12,24,2,164.195801,2.845600,1.966900,16.493500,1
78.370876,1,16,12,24,2,16.671701,136.057205,4.778000,164.175903,1
78.392254,1,16,12,22,2,16.666901,3.126400,6.408600,16.461800,1
78.404072,1,16,11,22,2,16.666800,8.083400,6.229000,22.168600,1
78.420970,1,16,11,22,2,16.666698,2.600400,5.048900,14.442500,1
78.437447,1,16,11,22,2,16.666901,2.917900,4.983500,13.656000,1
78.454114,1,16,11,22,2,16.666901,2.407400,4.985000,18.952200,1
78.471062,1,16,11,22,2,16.666698,2.615500,5.371200,14.024700,1
78.487552,1,16,11,22,2,16.666901,2.773900,5.532600,17.157200,1
78.505010,1,16,11,22,2,16.954899,2.770700,5.295600,16.382900,1
78.521192,1,16,11,22,2,16.666698,3.343000,6.203300,17.342501,1
78.537743,1,16,11,22,2,16.666702,3.180100,6.062200,16.697399,1
78.554426,1,16,11,22,2,16.666901,3.245100,5.790300,19.324900,1
78.571122,1,16,11,22,2,16.666800,3.225700,5.207100,13.426700,1
78.587777,1,16,11,22,2,16.666800,3.201900,5.073700,16.690201,1
78.605040,1,16,11,22,2,16.666901,6.334400,5.479700,20.509600,1
78.621178,1,16,11,22,2,16.666800,3.344800,7.373800,16.898100,1
78.637861,1,16,11,22,2,16.666897,3.561500,6.680700,12.764200,1
78.654483,1,16,11,22,2,16.666803,3.274600,6.200800,16.871401,1
78.671139,1,16,11,22,2,16.666800,3.194600,6.077600,16.192499,1
78.687883,1,16,11,22,2,16.666998,2.578600,5.398300,16.964600,1
78.704591,1,16,11,22,2,16.667002,3.264000,5.152400,16.490499,1
78.721183,1,16,11,22,2,16.667002,3.264800,6.126000,16.997400,1
78.737996,1,16,11,22,2,16.667002,2.914500,6.205700,16.374800,1
78.754950,1,16,11,22,2,16.666800,3.077000,7.860400,17.068001,1
78.771397,1,16,11,22,2,16.666998,3.700400,6.774100,16.591900,1
78.787766,1,16,11,22,2,16.666702,3.435600,5.761400,16.867300,1
78.804551,1,16,11,22,2,16.666698,3.152700,5.666100,16.060400,1
78.821349,1,16,11,22,2,16.667002,2.719300,6.556800,16.960501,1
78.837791,1,16,11,22,2,16.666698,3.610100,5.835800,16.871401,1
78.854446,1,16,11,22,2,16.666800,3.107400,5.406300,19.293200,1
78.871145,1,16,11,22,2,16.666698,2.726500,5.753400,17.751101,1
78.893071,1,16,11,17,2,16.666698,2.689000,5.525400,17.129400,1
78.904427,1,16,9,17,2,16.666901,9.070900,6.129600,18.566200,1
78.921026,1,16,9,17,2,16.666800,2.886200,6.096200,21.168100,1
78.937731,1,16,9,17,2,16.666901,2.687900,4.943100,16.056299,1
78.954527,1,16,9,17,2,16.666800,2.449400,5.351600,17.201200,1
78.971361,1,16,9,17,2,16.666800,2.651900,6.142400,17.084400,1
78.987823,1,16,9,17,2,16.666901,2.843500,5.547400,18.288601,1
79.004732,1,16,9,17,2,16.666800,3.195600,5.855600,15.380500,1
79.021337,1,16,9,17,2,16.666901,3.358400,7.522900,15.628300,1
79.037813,1,16,9,17,2,16.666901,3.688600,7.625900,16.783400,1
79.054553,1,16,9,17,2,16.666800,3.377000,5.832800,15.666100,1
79.071349,1,16,9,17,2,16.666901,2.890900,5.996700,15.969300,1
79.087737,1,16,9,17,2,16.666800,3.106800,5.323900,16.672800,1
79.104523,1,16,9,17,2,16.666800,2.670300,5.051000,15.701000,1
79.121154,1,16,9,17,2,16.666901,9.027000,6.485800,18.793501,1
79.137782,1,16,9,17,2,16.666901,2.973400,5.217300,16.532400,1
79.154738,1,16,9,17,2,16.666698,2.537200,5.998100,15.278100,1
79.171190,1,16,9,17,2,16.666800,3.410100,5.764700,15.111200,1
79.187779,1,16,9,17,2,16.666698,2.784300,6.038700,17.572800,1
79.204601,1,16,9,17,2,16.666800,2.802400,5.895200,15.598600,1
79.221083,1,16,9,17,2,16.666901,3.013300,5.371600,15.929400,1
79.237978,1,16,9,17,2,16.666702,2.665200,6.497400,16.362499,1
79.254419,1,16,9,17,2,16.666800,2.825800,6.586400,16.840700,1
79.271091,1,16,9,17,2,16.666901,2.964700,5.097700,15.603700,1
79.287932,1,16,9,17,2,16.666800,2.719200,5.665300,17.967100,1
79.304624,1,16,9,17,2,16.666897,2.918000,5.730300,15.456300,1
79.321254,1,16,9,17,2,16.666803,3.027300,4.962600,17.457100,1
79.337750,1,16,9,17,2,16.666698,2.737000,5.497900,15.813600,1
79.354796,1,16,9,17,2,16.666901,2.525400,5.060700,16.957500,1
79.371156,1,16,9,17,2,16.666901,3.344300,5.049400,15.472600,1
79.393926,1,16,9,14,2,16.666800,2.978300,5.928100,16.628799,1
79.404803,1,16,7,14,2,16.666901,10.183000,6.264400,19.849199,1
79.421439,1,16,7,14,2,16.666698,3.444000,5.142800,20.459499,1
79.438219,1,16,7,14,2,16.666901,3.116800,5.733500,14.087200,1
79.454677,1,16,7,14,2,16.667097,3.262800,5.863600,15.508400,1
79.471393,1,16,7,14,2,16.666800,3.356400,6.063700,15.654900,1
79.487817,1,16,7,14,2,16.666901,3.300100,6.034800,16.397400,1
79.504476,1,16,7,14,2,16.666800,2.751200,5.359800,17.231800,1
79.521191,1,16,7,14,2,16.666698,3.059500,5.247000,17.054800,1
79.538015,1,16,7,14,2,16.666702,3.318900,5.340700,16.321501,1
79.554472,1,16,7,14,2,16.666800,2.796800,4.938100,15.544300,1
79.571077,1,16,7,14,2,16.666901,3.159100,5.317100,17.568800,1
79.587747,1,16,7,14,2,16.666698,3.412000,5.239200,15.050700,1
79.604443,1,16,7,14,2,16.666698,2.630500,5.151100,16.636999,1
79.621238,1,16,7,14,2,16.666800,2.461600,5.218600,17.421301,1
79.637981,1,16,7,14,2,16.666901,6.670000,5.554600,18.115601,1
79.654395,1,16,7,14,2,16.666698,3.193800,5.441300,17.132500,1
79.671081,1,16,7,14,2,16.666800,2.940600,6.552000,16.312300,1
79.687710,1,16,7,14,2,16.666698,2.705900,5.233100,15.643700,1
79.704596,1,16,7,14,2,16.666803,2.484100,4.880000,17.022900,1
79.721082,1,16,7,14,2,16.666897,2.472000,5.279200,15.098900,1
79.737847,1,16,7,14,2,16.666901,2.831700,4.459400,16.184299,1
79.754797,1,16,7,14,2,16.697500,2.485900,6.049100,16.156700,1
79.771155,1,16,7,14,2,16.666702,2.997900,4.861000,16.454700,1
79.787780,1,16,7,14,2,16.666998,2.857500,5.607000,16.007099,1
79.805094,1,16,7,14,2,16.666901,2.450100,5.158600,17.139700,1
79.821154,1,16,7,14,2,16.666800,3.189700,4.768700,17.530899,1
79.838139,1,16,7,14,2,16.666702,2.534400,4.813500,17.841200,1
79.854481,1,16,7,14,2,16.666800,3.172500,5.823400,16.345100,1
79.871096,1,16,7,14,2,16.666698,3.175100,4.654100,16.175100,1
79.893292,1,16,7,9,2,16.666800,2.457200,4.595300,18.284500,1
79.904620,1,16,6,9,2,16.666800,10.916400,6.508900,18.762800,1
79.921174,1,16,6,9,2,16.666698,3.315700,4.944100,19.086300,1
79.937900,1,16,6,9,2,16.666901,2.543700,5.488200,15.600600,1
79.954446,1,16,6,9,2,16.666698,2.622800,5.874100,15.872000,1
79.971141,1,16,6,9,2,16.666800,2.613600,6.132900,16.877600,1
79.987863,1,16,6,9,2,16.666800,2.820000,5.602000,15.804400,1
80.004435,1,16,6,9,2,16.666901,3.264000,5.500400,16.940100,1
80.021247,1,16,6,9,2,16.666698,2.677800,5.116600,15.614900,1
80.037777,1,16,6,9,2,16.666803,3.109300,5.165800,15.816700,1
80.054544,1,16,6,9,2,16.666800,3.016800,5.046100,15.553600,1
80.071424,1,16,6,9,2,16.666800,2.738700,5.181800,17.295300,1
80.087819,1,16,6,9,2,16.666800,2.888900,5.057900,15.797300,1
80.104491,1,16,6,9,2,16.666698,2.564600,5.064900,17.535999,1
80.121241,1,16,6,9,2,16.666901,2.617100,6.257000,16.481300,1
80.137778,1,16,6,9,2,16.666698,6.706000,5.989400,17.822701,1
80.154518,1,16,6,9,2,16.666698,3.426500,5.066300,17.284100,1
80.171171,1,16,6,9,2,16.666800,2.691500,5.616700,16.602100,1
80.187826,1,16,6,9,2,16.666800,3.031600,6.234100,17.230801,1
80.204864,1,16,6,9,2,16.667002,2.608000,5.818600,15.930400,1
80.221242,1,16,6,9,2,16.666800,3.891800,4.823400,15.288300,1
80.237806,1,16,6,9,2,16.666800,3.456600,5.948500,15.947800,1
80.254750,1,16,6,9,2,16.666800,2.481600,5.509900,16.484400,1
80.385046,1,16,6,9,2,130.557602,130.162003,5.509900,16.484400,1
80.407934,1,16,6,5,2,16.666901,3.061100,5.849500,11.922400,1
80.418330,1,16,3,5,2,16.666800,10.295000,6.449500,14.433300,1
80.435210,1,16,3,5,2,16.666698,2.760200,5.696400,17.341499,1
80.451671,1,16,3,5,2,16.666702,3.453200,4.893100,12.834800,1
80.468482,1,16,3,5,2,16.666998,2.821800,4.663900,12.604400,1
80.485190,1,16,3,5,2,16.666901,2.828000,6.626900,20.187201,1
80.501772,1,16,3,5,2,16.666800,2.803200,6.508000,17.558500,1
80.518443,1,16,3,5,2,16.666800,2.800600,5.015400,17.450001,1
80.535234,1,16,3,5,2,16.666800,2.797800,6.268900,16.639000,1
80.551809,1,16,3,5,2,16.666901,3.058800,4.632900,16.411600,1
80.568670,1,16,3,5,2,16.666800,2.523600,5.687400,17.228800,1
80.585286,1,16,3,5,2,16.666901,2.987300,4.375400,16.093201,1
80.601728,1,16,3,5,2,16.666901,3.087400,4.570300,16.395300,1
80.618738,1,16,3,5,2,16.666698,2.436500,5.741100,17.409000,1
80.635022,1,16,3,5,2,16.666800,2.856500,4.370400,17.209299,1
80.651739,1,16,3,5,2,16.666901,6.077500,9.258700,20.764700,1
80.668492,1,16,3,5,2,16.666901,3.447600,5.693100,16.478201,1
80.685062,1,16,3,5,2,16.666800,3.132600,6.158200,15.971300,1
80.701844,1,16,3,5,2,16.667002,2.476500,6.602000,15.872000,1
80.718335,1,16,3,5,2,16.666901,2.878400,5.231100,16.138300,1
80.735047,1,16,3,5,2,16.667002,2.733500,4.661900,16.173000,1
80.751704,1,16,3,5,2,16.666698,2.509000,5.503100,15.158300,1
80.768420,1,16,3,5,2,16.667097,3.227000,7.344600,16.136200,1
80.785229,1,16,3,5,2,16.666803,2.926600,4.665600,17.267700,1
80.801807,1,16,3,5,2,16.666998,2.793900,5.126300,16.167900,1
80.818327,1,16,3,5,2,16.666901,2.750900,5.000700,16.064600,1
80.835130,1,16,3,5,2,16.666800,2.580900,6.566900,18.285500,1
80.851746,1,16,3,5,2,16.666800,2.684100,5.772200,16.337900,1
80.868481,1,16,3,5,2,16.666800,2.991600,5.956700,17.556499,1
80.885082,1,16,3,5,2,16.666702,2.921900,5.803100,17.999901,1
80.906802,2,16,3,2,0,16.666800,2.866600,5.204000,18.064400,1
81.040111,2,16,1,2,0,138.257889,137.826401,5.204000,18.064400,1
81.056764,2,16,1,2,0,16.666901,4.320700,5.460000,12.301300,1
81.073270,2,16,1,2,0,16.666800,3.645600,5.906000,10.981400,1
81.090225,2,16,1,2,0,16.667002,3.112000,6.327100,13.026300,1
81.106749,2,16,1,2,0,16.666901,4.215000,4.586900,18.540600,1
81.123473,2,16,1,2,0,16.666800,3.148400,5.026200,15.055800,1
81.139998,2,16,1,2,0,16.666998,3.399100,4.934000,19.214399,1
81.156744,2,16,1,2,0,16.666702,6.618400,5.908300,17.505301,1
81.173346,2,16,1,2,0,16.666800,3.799800,4.603500,18.593700,1
81.190023,2,16,1,2,0,16.666901,2.885700,5.610600,14.403600,1
81.206668,2,16,1,2,0,16.666800,4.093500,5.198900,16.016399,1
81.223297,2,16,1,2,0,16.666901,2.732000,5.606500,13.824000,1
81.343694,2,16,1,2,0,119.087097,2.754200,2.145900,19.472401,1
81.359019,2,16,1,2,0,16.666800,84.951302,5.038400,117.963799,1
81.375669,2,16,1,2,0,16.666998,3.117400,5.026300,15.025100,1
81.392468,2,16,1,2,0,16.666800,2.568500,4.724300,16.564301,1
81.411601,0,17,1,0,0,16.666803,3.063700,4.914900,17.264601,1
81.540071,0,17,6,0,0,129.766785,129.362000,4.914900,17.264601,1
81.555534,0,17,6,0,0,16.666998,4.448100,4.433600,13.901800,1
81.572111,0,17,6,0,0,16.666800,3.238600,5.372100,9.468900,1
81.588653,0,17,6,0,0,16.666702,2.459800,5.583100,13.021200,1
81.605585,0,17,6,0,0,16.666901,2.490000,4.861700,19.198000,1
81.622143,0,17,6,0,0,16.666998,2.869100,4.340000,14.635000,1
81.638721,0,17,6,0,0,16.666800,2.522900,4.957300,16.232401,1
81.655389,0,17,6,0,0,16.666702,2.593400,5.017000,16.515100,1
81.672072,0,17,6,0,0,16.666897,4.896300,5.890400,18.963499,1
81.688707,0,17,6,0,0,16.667002,2.585200,5.145300,17.458099,1
81.705410,0,17,6,0,0,16.666901,2.239300,4.413900,15.984700,1
81.722003,0,17,6,0,0,16.666698,2.305100,4.976600,14.315500,1
81.881020,0,17,6,0,0,158.884003,2.668200,1.406800,14.315500,1
81.897599,0,17,6,0,0,16.666800,130.788406,5.203600,158.978104,1
81.919700,1,17,6,24,2,16.666702,2.479100,4.357300,16.841700,1
82.057017,1,17,12,24,2,142.675995,142.391098,4.357300,16.841700,1
82.073882,1,17,12,24,2,16.666998,3.170900,5.523800,14.189600,1
82.090580,1,17,12,24,2,16.666702,3.634000,5.096800,9.038800,1
82.107117,1,17,12,24,2,16.666998,2.774500,6.269500,12.910600,1
82.123676,1,17,12,24,2,16.666901,2.709900,5.872300,20.422701,1
82.140353,1,17,12,24,2,16.666800,2.738800,6.275900,15.389700,1
82.157175,1,17,12,24,2,16.666702,2.359800,6.144100,16.843700,1
82.173716,1,17,12,24,2,16.666698,6.488100,6.345500,17.472500,1
82.190628,1,17,12,24,2,16.666901,2.934400,7.046300,16.638000,1
82.207037,1,17,12,24,2,16.666800,2.987100,5.626300,13.248500,1
82.223747,1,17,12,24,2,16.666901,2.429600,5.085000,19.167200,1
82.385130,1,17,12,24,2,161.202301,2.517600,1.969000,19.167200,1
82.401675,1,17,12,24,2,16.666998,132.614502,6.000000,161.279007,1
82.422406,1,17,12,22,2,16.666901,2.962700,5.813500,16.462900,1
82.434981,1,17,11,22,2,16.666698,7.472200,5.400000,21.612499,1
82.451524,1,17,11,22,2,16.666803,2.633100,6.549500,14.865400,1
82.468266,1,17,11,22,2,16.666897,2.567000,5.843300,13.271100,1
82.484925,1,17,11,22,2,16.666800,2.442000,5.466700,16.953300,1
82.501572,1,17,11,22,2,16.666702,2.370500,4.971800,16.587799,1
82.518236,1,17,11,22,2,16.666698,2.618100,6.001500,16.755699,1
82.534877,1,17,11,22,2,16.666800,3.303500,5.904500,16.545799,1
82.551679,1,17,11,22,2,16.666800,2.476600,5.601400,16.701401,1
82.568179,1,17,11,22,2,16.666698,3.110500,5.195100,17.229799,1
82.584880,1,17,11,22,2,16.666800,2.444900,5.542400,15.855700,1
82.601529,1,17,11,22,2,16.666698,2.579400,4.603500,16.823299,1
82.618309,1,17,11,22,2,16.666901,2.434100,5.529300,16.636900,1
82.634907,1,17,11,22,2,16.666901,2.523400,6.693700,17.243099,1
82.651831,1,17,11,22,2,16.666702,2.622500,6.109600,16.062401,1
82.668878,1,17,11,22,2,16.689896,3.509900,6.470100,17.135700,1
82.685091,1,17,11,22,2,16.666702,7.392800,5.207600,21.023701,1
82.701674,1,17,11,22,2,16.666901,3.683400,4.700400,14.246900,1
82.718215,1,17,11,22,2,16.666897,2.892500,5.298500,14.577700,1
82.734894,1,17,11,22,2,16.666901,3.234400,5.265400,19.317699,1
82.751723,1,17,11,22,2,16.666901,2.381100,5.016300,16.960501,1
82.768238,1,17,11,22,2,16.666800,2.729500,5.099600,16.363600,1
82.784990,1,17,11,22,2,16.667002,2.594000,5.870700,17.193899,1
82.801618,1,17,11,22,2,16.666901,2.695100,5.569800,16.248899,1
82.818324,1,17,11,22,2,16.666901,2.878500,5.221700,16.889799,1
82.834951,1,17,11,22,2,16.666800,4.154300,4.842100,16.237600,1
82.851617,1,17,11,22,2,16.666800,2.431200,4.961100,17.095699,1
82.868302,1,17,11,22,2,16.666800,2.711000,7.792400,17.487900,1
82.885144,1,17,11,22,2,16.666800,2.881800,4.947800,15.330300,1
82.901642,1,17,11,22,2,16.666901,2.832200,5.509100,14.853100,1
82.923300,1,17,11,18,2,16.666800,3.075700,5.814100,19.696600,1
82.935140,1,17,10,18,2,16.667101,9.389500,6.039000,19.384300,1
82.951743,1,17,10,18,2,16.666800,2.758200,4.620900,17.456200,1
82.968216,1,17,10,18,2,16.666800,2.701000,4.799800,12.495800,1
82.984925,1,17,10,18,2,16.666901,2.462900,5.194900,13.362200,1
83.001882,1,17,10,18,2,16.666901,2.661000,4.575500,19.086399,1
83.018337,1,17,10,18,2,16.666800,3.097400,5.338400,17.638399,1
83.035227,1,17,10,18,2,16.666901,2.694900,4.830700,16.192499,1
83.051653,1,17,10,18,2,16.666800,3.221000,5.558600,14.081000,1
83.068342,1,17,10,18,2,16.666998,2.564300,5.245400,19.461100,1
83.085055,1,17,10,18,2,16.666800,3.236500,5.652500,14.224400,1
83.101661,1,17,10,18,2,16.666901,3.075600,6.153700,17.377300,1
83.118215,1,17,10,18,2,16.666698,2.634800,5.421500,15.430700,1
83.135209,1,17,10,18,2,16.666803,2.581200,5.107600,19.082199,1
83.151596,1,17,10,18,2,16.666800,3.944600,5.131500,14.685200,1
83.168355,1,17,10,18,2,16.666800,2.760300,5.320800,17.029100,1
83.185175,1,17,10,18,2,16.671900,3.641700,5.003800,18.529301,1
83.201739,1,17,10,18,2,16.666800,6.886100,6.999500,18.521099,1
83.218267,1,17,10,18,2,16.666698,3.332700,4.797500,17.997801,1
83.235086,1,17,10,18,2,16.666901,2.566400,5.739500,14.362600,1
83.251586,1,17,10,18,2,16.666901,3.321200,5.045800,16.827400,1
83.268332,1,17,10,18,2,16.667002,3.761600,5.822600,15.882200,1
83.284997,1,17,10,18,2,16.666800,2.589500,5.395600,16.739401,1
83.301591,1,17,10,18,2,16.666901,2.636300,5.319900,13.788100,1
83.318289,1,17,10,18,2,16.666800,2.879400,6.510500,20.055099,1
83.335281,1,17,10,18,2,16.666897,2.758700,5.030300,15.994900,1
83.351574,1,17,10,18,2,16.666803,2.832100,6.009500,14.120900,1
83.368313,1,17,10,18,2,16.666698,2.486100,5.766300,19.873800,1
83.384995,1,17,10,18,2,16.666901,2.712200,5.727200,13.051900,1
83.401902,1,17,10,18,2,16.666901,2.684700,5.029100,19.705900,1
83.423237,1,17,10,15,2,16.666897,3.196200,5.638600,14.843900,1
83.435052,1,17,8,15,2,16.667002,9.421800,5.361500,21.450701,1
83.451687,1,17,8,15,2,16.666698,2.896000,5.505100,16.895000,1
83.468372,1,17,8,15,2,16.666901,2.818200,4.982100,13.221900,1
83.485222,1,17,8,15,2,16.666800,2.837800,5.348300,14.898200,1
83.501612,1,17,8,15,2,16.666800,2.842700,4.809400,19.350500,1
83.518547,1,17,8,15,2,16.667002,2.970700,6.269300,16.719900,1
83.535117,1,17,8,15,2,16.666800,2.722900,5.344300,16.251900,1
83.551570,1,17,8,15,2,16.666901,3.177500,5.214200,16.431101,1
83.568320,1,17,8,15,2,16.666800,2.424200,6.000800,13.570000,1
83.584998,1,17,8,15,2,16.666901,3.191100,5.690300,20.733999,1
83.601882,1,17,8,15,2,16.666901,4.175300,5.160500,15.280100,1
83.618401,1,17,8,15,2,16.666800,2.963200,5.247000,14.430200,1
83.635065,1,17,8,15,2,16.666901,2.904200,5.230500,16.397301,1
83.651730,1,17,8,15,2,16.667002,3.307700,5.555300,20.034599,1
83.668528,1,17,8,15,2,16.666800,3.078700,4.975500,13.283300,1
83.685465,1,17,8,15,2,16.666901,3.049900,6.233800,16.875500,1
83.701604,1,17,8,15,2,16.666901,8.003000,5.454200,21.658600,1
83.718299,1,17,8,15,2,16.666698,2.628800,6.466600,15.186000,1
83.734939,1,17,8,15,2,16.666698,2.742300,4.753600,15.493100,1
83.751577,1,17,8,15,2,16.667002,2.492000,5.421600,14.082000,1
83.768247,1,17,8,15,2,16.666800,2.494100,6.008000,20.558901,1
83.785058,1,17,8,15,2,16.666698,2.828800,5.505800,15.974400,1
83.801843,1,17,8,15,2,16.666698,2.774100,4.697700,15.999000,1
83.818300,1,17,8,15,2,16.667101,2.903400,6.560200,15.323100,1
83.835317,1,17,8,15,2,16.729601,3.883400,4.996400,17.919001,1
83.851745,1,17,8,15,2,16.666998,2.912100,6.350100,14.498800,1
83.868296,1,17,8,15,2,16.666702,3.268700,5.869500,19.922899,1
83.885020,1,17,8,15,2,16.666800,2.813600,4.808800,15.945800,1
83.901660,1,17,8,15,2,16.667097,2.463300,4.830600,16.864201,1
83.922671,1,17,8,11,2,16.666698,2.591100,6.485900,17.158199,1
83.934979,1,17,5,11,2,16.666803,7.729400,4.942400,18.756599,1
83.951603,1,17,5,11,2,16.666897,2.789000,4.574900,15.446000,1
83.968297,1,17,5,11,2,16.666901,2.672400,5.422800,15.643600,1
83.985016,1,17,5,11,2,16.666800,2.717200,4.919400,16.084999,1
84.001806,1,17,5,11,2,16.666800,2.699100,5.043700,16.821301,1
84.018300,1,17,5,11,2,16.666702,2.778400,4.694600,16.606199,1
84.034980,1,17,5,11,2,16.666901,2.658500,4.770600,13.663200,1
84.051706,1,17,5,11,2,16.666897,2.701800,4.955400,16.778299,1
84.068325,1,17,5,11,2,16.667002,2.464900,4.405800,18.735100,1
84.084951,1,17,5,11,2,16.666901,2.431700,4.981900,15.540200,1
84.101626,1,17,5,11,2,16.666698,3.034800,5.296300,16.242701,1
84.118373,1,17,5,11,2,16.666800,2.705500,5.621900,19.128300,1
84.135157,1,17,5,11,2,16.666901,2.620500,5.558300,17.131500,1
84.151679,1,17,5,11,2,16.666901,2.834600,4.925300,13.809700,1
84.168269,1,17,5,11,2,16.666800,2.594000,4.511300,19.320801,1
84.185165,1,17,5,11,2,16.667002,2.291700,5.179200,13.285400,1
84.201852,1,17,5,11,2,16.666901,2.588700,5.216500,19.841000,1
84.218396,1,17,5,11,2,16.666800,8.002400,8.088400,18.756599,1
84.235017,1,17,5,11,2,16.666901,3.000400,4.379600,16.929800,1
84.251758,1,17,5,11,2,16.667097,2.443000,5.263100,14.119900,1
84.268426,1,17,5,11,2,16.666702,2.601000,4.608400,16.495701,1
84.284978,1,17,5,11,2,16.666901,2.503200,4.776000,14.136300,1
84.301711,1,17,5,11,2,16.666897,2.628000,4.661100,19.574800,1
84.318369,1,17,5,11,2,16.666901,2.876200,5.727700,13.834200,1
84.335047,1,17,5,11,2,16.685701,2.534500,4.573200,19.128300,1
84.351624,1,17,5,11,2,16.666800,2.610700,5.718200,14.191600,1
84.368382,1,17,5,11,2,16.666698,2.382800,5.140400,19.352600,1
84.385133,1,17,5,11,2,16.667002,2.777200,6.062700,14.328800,1
84.401717,1,17,5,11,2,16.666800,5.484700,4.728500,18.059299,1
84.422593,1,17,5,8,2,16.666800,4.408300,5.207500,17.054701,1
84.434992,1,17,4,8,2,16.666698,10.610600,5.311800,20.594700,1
84.451709,1,17,4,8,2,16.666800,4.407600,5.121300,18.007099,1
84.468298,1,17,4,8,2,16.666800,6.513700,9.391100,13.081600,1
84.485009,1,17,4,8,2,16.666800,2.858800,4.635000,17.498100,1
84.501710,1,17,4,8,2,16.666901,2.697400,5.291100,14.794700,1
84.518711,1,17,4,8,2,16.666800,2.465500,5.375700,17.518600,1
84.535030,1,17,4,8,2,16.666800,2.854600,5.484900,13.408300,1
84.551635,1,17,4,8,2,16.666901,3.000000,5.832800,19.779600,1
84.568285,1,17,4,8,2,16.666901,2.632000,5.214600,15.766500,1
84.585084,1,17,4,8,2,16.666901,2.464700,4.881700,16.716801,1
84.601656,1,17,4,8,2,16.666800,2.733400,5.138300,14.302200,1
84.618351,1,17,4,8,2,16.666901,2.591400,5.061600,16.391199,1
84.635815,1,17,4,8,2,16.774900,3.018600,4.837400,19.013599,1
84.651849,1,17,4,8,2,16.666800,3.107900,5.600200,15.034400,1
84.668464,1,17,4,8,2,16.666800,2.580200,4.557600,18.546600,1
84.685176,1,17,4,8,2,16.666800,2.407100,5.653600,13.967400,1
84.701860,1,17,4,8,2,16.666901,2.674400,4.849400,19.693600,1
84.718451,1,17,4,8,2,16.666901,6.748000,5.367700,17.383400,1
84.735129,1,17,4,8,2,16.666698,2.753000,4.919600,16.241699,1
84.751781,1,17,4,8,2,16.666901,2.360800,6.626200,13.489100,1
84.768476,1,17,4,8,2,16.666800,2.765300,5.227600,19.340300,1
84.785325,1,17,4,8,2,16.666901,2.428000,5.559300,17.173500,1
84.801781,1,17,4,8,2,16.666698,2.633000,5.195100,16.500799,1
84.818535,1,17,4,8,2,16.670801,2.634300,5.826600,17.359800,1
84.835258,1,17,4,8,2,16.667101,2.882700,5.275100,15.947800,1
84.851842,1,17,4,8,2,16.667097,2.554000,5.744100,13.882400,1
84.868465,1,17,4,8,2,16.666800,3.023700,4.578200,19.129299,1
84.885165,1,17,4,8,2,16.666901,2.394500,5.881700,18.052099,1
84.901793,1,17,4,8,2,16.666901,2.663600,4.906500,15.365100,1
84.923489,1,17,4,6,1,16.666901,2.488400,5.595600,13.729800,1
84.935184,1,17,3,6,1,16.666800,9.131000,6.115600,23.566401,1
84.951779,1,17,3,6,1,16.666800,3.199200,6.392500,16.032700,1
84.968594,1,17,3,6,1,16.667002,3.521100,5.288100,13.892600,1
84.985097,1,17,3,6,1,16.666698,2.694600,5.909400,16.942101,1
85.001784,1,17,3,6,1,16.666698,2.852600,4.495200,15.523900,1
85.018449,1,17,3,6,1,16.666698,2.708400,5.765900,14.150600,1
85.035208,1,17,3,6,1,16.666901,2.478800,4.713800,19.465200,1
85.052342,1,17,3,6,1,16.729500,2.724300,5.073900,14.784500,1
85.068557,1,17,3,6,1,16.666800,3.539100,5.710900,17.311800,1
85.085354,1,17,3,6,1,16.666901,2.883700,5.637600,18.552799,1
85.101870,1,17,3,6,1,16.666800,3.382600,6.145700,17.777700,1
85.118645,1,17,3,6,1,16.666800,2.751600,6.076700,15.457300,1
85.135330,1,17,3,6,1,16.666901,2.878300,5.459600,13.810700,1
85.152063,1,17,3,6,1,16.666702,2.827500,5.985200,16.346100,1
85.168658,1,17,3,6,1,16.666897,3.518700,6.910500,17.298401,1
85.185359,1,17,3,6,1,16.667101,3.163400,5.363900,19.245100,1
85.201901,1,17,3,6,1,16.666698,3.522800,5.759300,13.825000,1
85.218614,1,17,3,6,1,16.666901,6.875500,8.096400,20.766701,1
85.235582,1,17,3,6,1,16.666698,4.100600,8.134800,16.839701,1
85.252001,1,17,3,6,1,16.666702,3.252500,7.055800,13.485000,1
85.268619,1,17,3,6,1,16.666800,3.097200,5.884200,19.207199,1
85.285269,1,17,3,6,1,16.666698,3.307500,8.491400,12.808200,1
85.302208,1,17,3,6,1,16.666800,2.810300,8.640800,21.645300,1
85.318727,1,17,3,6,1,16.673901,4.037900,8.726900,17.223700,1
85.335340,1,17,3,6,1,16.666901,3.893700,8.331500,15.515600,1
85.352210,1,17,3,6,1,16.666998,3.485100,6.306800,16.096300,1
85.368571,1,17,3,6,1,16.666803,3.645600,5.703100,16.747499,1
85.385290,1,17,3,6,1,16.666698,3.008200,5.687700,15.923200,1
85.401855,1,17,3,6,1,16.666901,2.838600,7.116700,13.751300,1
85.423860,1,17,3,5,1,16.667097,3.116500,5.164000,19.204100,1
85.435359,1,17,2,5,1,16.666800,8.837200,5.953700,20.236300,1
85.451895,1,17,2,5,1,16.666800,3.853300,5.722300,16.948200,1
85.468710,1,17,2,5,1,16.666901,3.267000,6.043200,13.227000,1
85.485395,1,17,2,5,1,16.666800,2.930000,6.843200,13.869100,1
85.501911,1,17,2,5,1,16.666800,3.480500,6.018900,20.208599,1
85.518689,1,17,2,5,1,16.666800,2.636200,5.961400,16.636900,1
85.535250,1,17,2,5,1,16.666702,3.793600,6.005500,13.186100,1
85.552254,1,17,2,5,1,16.666901,3.300600,5.689200,18.971600,1
85.569305,1,17,2,5,1,16.666698,3.149800,6.926900,14.168000,1
85.585333,1,17,2,5,1,16.666698,4.336100,7.375300,22.160400,1
85.602395,1,17,2,5,1,16.666698,4.231700,6.016900,14.118900,1
85.619076,1,17,2,5,1,16.666800,3.333500,8.373400,13.979700,1
85.635342,1,17,2,5,1,16.666901,4.412100,6.905700,18.031601,1
85.651966,1,17,2,5,1,16.666901,3.858500,8.192200,19.028999,1
85.668742,1,17,2,5,1,16.666901,2.977800,7.207000,12.774400,1
85.685433,1,17,2,5,1,16.666901,3.596200,8.009700,20.486099,1
85.702078,1,17,2,5,1,16.666698,3.690500,8.907500,13.149200,1
85.718812,1,17,2,5,1,16.675100,9.857800,9.237400,13.149200,1
85.735383,1,17,2,5,1,16.666800,4.031600,7.149100,17.438801,1
85.752216,1,17,2,5,1,16.666901,3.717200,7.942500,14.456800,1
85.768676,1,17,2,5,1,16.666800,3.828100,5.958300,15.702000,1
85.785387,1,17,2,5,1,16.666800,3.442800,8.101600,16.721901,1
85.801996,1,17,2,5,1,16.666800,2.886100,6.686600,15.799300,1
85.818684,1,17,2,5,1,16.667002,3.104800,6.112700,13.623300,1
85.835399,1,17,2,5,1,16.666800,3.495900,6.011200,20.371500,1
85.852010,1,17,2,5,1,16.666800,3.617600,5.793700,16.285700,1
85.868559,1,17,2,5,1,16.666901,2.983600,6.105100,16.119801,1
85.885569,1,17,2,5,1,16.666800,2.728500,7.705000,13.491200,1
85.905166,1,17,2,5,1,16.666800,3.608700,8.518600,17.857500,1
85.926442,1,18,2,24,2,16.666901,7.170400,7.058500,19.285000,1
86.127730,1,18,12,24,2,208.882492,208.806793,7.058500,19.285000,1
86.144372,1,18,12,24,2,16.667002,5.423600,13.475900,218.156097,1
86.160919,1,18,12,24,2,16.666698,5.316300,9.134300,10.237000,1
86.178631,1,18,12,24,2,16.666698,3.852700,7.568800,14.404600,1
86.194319,1,18,12,24,2,16.666800,4.495900,7.615100,13.547500,1
86.211054,1,18,12,24,2,16.666803,3.685100,7.207700,19.413000,1
86.227579,1,18,12,24,2,16.666897,9.489100,7.276100,17.891300,1
86.406162,1,18,12,24,2,178.242294,3.686900,2.126200,17.891300,1
86.427450,1,18,12,23,2,16.666901,150.874100,5.226500,175.177795,1
86.439101,1,18,11,23,2,16.666702,9.970900,6.509600,23.538700,1
86.455716,1,18,11,23,2,16.666901,3.456500,6.698800,12.439500,1
86.472623,1,18,11,23,2,16.666800,2.892000,6.865100,13.463600,1
86.489082,1,18,11,23,2,16.666698,3.227400,7.082300,17.337299,1
86.505885,1,18,11,23,2,16.666698,3.361100,6.151600,16.050200,1
86.522548,1,18,11,23,2,16.666800,3.081100,5.869400,17.027100,1
86.539520,1,18,11,23,2,16.666698,3.281000,6.071400,16.521200,1
86.555929,1,18,11,23,2,16.667002,3.866300,6.010100,17.057800,1
86.572539,1,18,11,23,2,16.666800,3.541700,7.366700,16.214001,1
86.589341,1,18,11,23,2,16.666698,3.865200,7.789900,16.991199,1
86.605940,1,18,11,23,2,16.666901,3.922100,6.736400,16.496599,1
86.622961,1,18,11,23,2,16.666698,4.042500,5.980400,16.739401,1
86.639225,1,18,11,23,2,16.666901,3.814000,6.708100,16.680901,1
86.656011,1,18,11,23,2,16.666702,2.871500,5.971400,16.406601,1
86.672541,1,18,11,23,2,16.666998,3.267900,6.846700,16.616400,1
86.689169,1,18,11,23,2,16.666698,3.369900,5.798100,16.768999,1
86.705769,1,18,11,23,2,16.666901,4.254700,5.883400,16.480301,1
86.722714,1,18,11,23,2,16.666800,2.791700,6.787200,16.642000,1
86.739190,1,18,11,23,2,16.666800,7.778300,8.548200,20.995100,1
86.755915,1,18,11,23,2,16.666702,3.590100,6.535400,16.081900,1
86.772791,1,18,11,23,2,16.666998,3.600500,6.310800,12.954700,1
86.789270,1,18,11,23,2,16.666702,4.056000,6.261000,17.129400,1
86.805973,1,18,11,23,2,16.666901,3.447500,6.882000,16.394300,1
86.822526,1,18,11,23,2,16.666998,3.438700,6.390200,16.827400,1
86.839792,1,18,11,23,2,16.667002,3.880800,6.969600,17.454000,1
86.856114,1,18,11,23,2,16.666901,4.286200,7.873700,20.628500,1
86.872478,1,18,11,23,2,16.666901,3.612900,5.634000,18.422800,1
86.889344,1,18,11,23,2,16.666800,3.003000,7.584900,17.547300,1
86.906575,1,18,11,23,2,16.666800,4.142600,7.892400,17.277901,1
86.931276,1,18,11,19,2,16.667198,4.262400,6.251300,16.520201,1
86.939280,1,18,9,19,2,16.666901,13.421300,6.251300,16.520201,1
86.956032,1,18,9,19,2,16.666800,3.831100,6.914500,20.963301,1
86.972570,1,18,9,19,2,16.667002,4.152600,6.445000,20.963301,1
86.989332,1,18,9,19,2,16.666800,3.542400,6.776200,15.350800,1
87.005755,1,18,9,19,2,16.666901,3.759200,6.101400,16.499701,1
87.022648,1,18,9,19,2,16.667002,3.170400,5.901800,15.350800,1
87.039164,1,18,9,19,2,16.666800,3.226000,7.035500,17.763399,1
87.055984,1,18,9,19,2,16.666901,3.295100,5.597800,16.322500,1
87.072641,1,18,9,19,2,16.678501,3.151300,7.019500,15.312900,1
87.089441,1,18,9,19,2,16.666800,3.151900,6.962000,18.455601,1
87.106115,1,18,9,19,2,16.675997,3.313400,7.263900,15.634400,1
87.122441,1,18,9,19,2,16.666800,3.464900,6.893700,16.020500,1
87.139230,1,18,9,19,2,16.666901,2.908300,6.613400,17.048599,1
87.156003,1,18,9,19,2,16.666800,3.933600,6.393700,15.185900,1
87.172813,1,18,9,19,2,16.666901,3.917700,6.084700,16.782301,1
87.189228,1,18,9,19,2,16.666901,3.936000,6.068500,15.029300,1
87.205753,1,18,9,19,2,16.667002,3.303800,6.203200,17.043400,1
87.222750,1,18,9,19,2,16.666901,2.641000,6.542700,15.195200,1
87.239436,1,18,9,19,2,16.666698,6.742500,11.922800,15.195200,1
87.256376,1,18,9,19,2,16.666800,3.600300,5.430400,15.468600,1
87.272453,1,18,9,19,2,16.666901,3.622800,6.009200,17.165300,1
87.289198,1,18,9,19,2,16.667002,3.028500,6.240600,16.511000,1
87.305956,1,18,9,19,2,16.666698,3.675100,5.997400,16.799700,1
87.322511,1,18,9,19,2,16.666901,3.083600,5.893300,15.888400,1
87.339181,1,18,9,19,2,16.666698,3.107300,6.670300,15.981600,1
87.355847,1,18,9,19,2,16.666901,2.953800,5.770900,16.990200,1
87.372625,1,18,9,19,2,16.666800,3.031700,6.022600,17.518600,1
87.389358,1,18,9,19,2,16.666901,3.054800,5.538000,17.458099,1
87.405772,1,18,9,19,2,16.667002,3.225200,5.776200,15.816700,1
87.427426,1,18,9,16,2,16.666800,2.861400,5.752800,18.027599,1
87.439083,1,18,8,16,2,16.666901,8.725700,7.572000,19.742701,1
87.455936,1,18,8,16,2,16.666698,2.697000,6.352200,15.720400,1
87.472492,1,18,8,16,2,16.667097,3.179700,6.821500,15.788100,1
87.489173,1,18,8,16,2,16.666800,2.801900,7.916900,17.222601,1
87.506017,1,18,8,16,2,16.666702,4.209400,5.888500,15.864900,1
87.522505,1,18,8,16,2,16.666698,3.445000,6.484800,16.575399,1
87.539235,1,18,8,16,2,16.666800,2.674100,7.306400,16.484400,1
87.555895,1,18,8,16,2,16.666698,3.516400,7.070300,16.030701,1
87.572438,1,18,8,16,2,16.666800,3.598000,5.413000,16.294901,1
87.589320,1,18,8,16,2,16.666901,2.521900,5.620900,16.842800,1
87.605781,1,18,8,16,2,16.666800,3.118400,5.902200,16.335899,1
87.622543,1,18,8,16,2,16.666800,3.240700,5.524600,16.403400,1
87.639247,1,18,8,16,2,16.666901,3.601800,5.177200,15.791100,1
87.656351,1,18,8,16,2,16.667002,2.885100,6.192900,14.832700,1
87.672534,1,18,8,16,2,16.666698,3.454600,6.965300,17.433599,1
87.689169,1,18,8,16,2,16.666800,3.098000,6.428800,15.891400,1
87.705873,1,18,8,16,2,16.666901,3.130600,6.019700,16.109600,1
87.722857,1,18,8,16,2,16.666901,2.971400,5.509000,16.694201,1
87.739105,1,18,8,16,2,16.666800,7.065700,5.579400,19.900499,1
87.755828,1,18,8,16,2,16.666901,2.719400,5.891000,16.736200,1
87.774296,1,18,8,16,2,18.247898,2.516600,5.964400,16.633900,1
87.790711,1,18,8,16,2,16.666800,2.999000,6.101500,16.659401,1
87.807478,1,18,8,16,2,16.667002,3.197500,5.206800,16.073799,1
87.824050,1,18,8,16,2,16.666901,2.933000,7.695300,16.541700,1
87.840771,1,18,8,16,2,16.667002,2.850600,5.561600,16.796600,1
87.857481,1,18,8,16,2,16.666901,2.787900,6.505800,16.556101,1
87.874138,1,18,8,16,2,16.667097,3.506000,5.742700,19.219400,1
87.890727,1,18,8,16,2,16.666800,3.286100,6.385700,16.248800,1
87.907479,1,18,8,16,2,16.666901,3.457600,5.746300,17.538099,1
87.929653,1,18,8,11,2,16.667002,3.364800,5.679400,17.388500,1
87.940690,1,18,4,11,2,16.666901,9.188200,7.805500,19.165199,1
87.957338,1,18,4,11,2,16.666698,3.195000,6.716200,15.677500,1
87.974035,1,18,4,11,2,16.666800,3.569800,6.599600,15.480800,1
87.990803,1,18,4,11,2,16.666901,2.924000,5.895500,16.391199,1
88.007337,1,18,4,11,2,16.666800,2.985000,6.079900,15.136700,1
88.024056,1,18,4,11,2,16.666698,2.921400,6.345700,16.661501,1
88.041049,1,18,4,11,2,16.666698,3.530400,5.841300,15.002700,1
88.057443,1,18,4,11,2,16.667002,3.398800,9.689000,16.499701,1
88.074003,1,18,4,11,2,16.666901,3.379600,5.477900,16.996300,1
88.090713,1,18,4,11,2,16.666698,2.796400,5.750300,16.675900,1
88.107407,1,18,4,11,2,16.666800,3.096900,6.487100,17.636299,1
88.124222,1,18,4,11,2,16.666702,2.813200,5.998500,15.995900,1
88.140646,1,18,4,11,2,16.666800,3.179700,5.168100,16.746500,1
88.157267,1,18,4,11,2,16.666901,3.611400,5.875300,17.740801,1
88.174030,1,18,4,11,2,16.666800,2.686100,5.653200,16.218100,1
88.190620,1,18,4,11,2,16.666698,2.931800,4.855400,16.447500,1
88.207376,1,18,4,11,2,16.666698,2.606100,5.523300,17.483801,1
88.224174,1,18,4,11,2,16.666901,2.630700,5.584700,14.990300,1
88.240897,1,18,4,11,2,16.666901,7.436800,6.525100,19.481600,1
88.257288,1,18,4,11,2,16.666800,4.120100,6.468300,16.444401,1
88.274044,1,18,4,11,2,16.666800,2.899800,6.057400,15.495200,1
88.290678,1,18,4,11,2,16.666901,2.763000,6.413200,16.026600,1
88.307292,1,18,4,11,2,16.667002,3.067200,5.443400,16.123899,1
88.324171,1,18,4,11,2,16.666800,2.833000,5.884800,15.892500,1
88.340638,1,18,4,11,2,16.666901,3.352100,5.882000,17.052700,1
88.357527,1,18,4,11,2,16.666897,3.183800,6.560900,16.712700,1
88.373963,1,18,4,11,2,16.666901,3.246300,5.972900,16.268299,1
88.390853,1,18,4,11,2,16.666702,3.205800,5.533300,15.705100,1
88.407293,1,18,4,11,2,16.666800,3.068900,6.463500,17.133499,1
88.429405,1,18,4,8,1,16.666800,2.567600,5.075400,15.617100,1
88.440840,1,18,3,8,1,16.666901,8.642700,5.869200,18.838499,1
88.457290,1,18,3,8,1,16.666998,3.393200,5.494500,19.538900,1
88.474023,1,18,3,8,1,16.666901,2.811700,6.079100,15.528000,1
88.490681,1,18,3,8,1,16.667002,2.556000,7.950800,17.383400,1
88.507283,1,18,3,8,1,16.666901,3.055900,5.435300,16.430099,1
88.524193,1,18,3,8,1,16.666800,2.569800,5.718300,21.865400,1
88.540629,1,18,3,8,1,16.666698,2.854600,6.026600,16.839701,1
88.557478,1,18,3,8,1,16.666800,3.913900,6.589300,15.571900,1
88.574119,1,18,3,8,1,16.666901,3.392300,7.653600,16.016399,1
88.590749,1,18,3,8,1,16.666698,3.235500,5.947000,15.492100,1
88.607427,1,18,3,8,1,16.666800,3.313400,6.315100,17.115101,1
88.624271,1,18,3,8,1,16.666800,2.711100,7.912300,15.297600,1
88.640686,1,18,3,8,1,16.666702,3.325100,6.750300,15.514600,1
88.657588,1,18,3,8,1,16.666698,3.354800,5.633900,16.526300,1
88.674003,1,18,3,8,1,16.666800,3.173400,5.397300,15.979600,1
88.690722,1,18,3,8,1,16.666901,2.782400,5.551000,16.496599,1
88.707347,1,18,3,8,1,16.666698,2.969400,5.644200,16.444401,1
88.724109,1,18,3,8,1,16.666698,2.547800,5.179600,17.030199,1
88.740610,1,18,3,8,1,16.666901,2.764900,5.386900,16.126900,1
88.757306,1,18,3,8,1,16.666698,6.244000,5.867800,16.361401,1
88.774193,1,18,3,8,1,16.666702,2.807300,5.441600,16.628799,1
88.790654,1,18,3,8,1,16.666698,3.204500,5.434900,15.381500,1
88.807475,1,18,3,8,1,16.666800,2.638500,5.297200,14.906300,1
88.824011,1,18,3,8,1,16.666698,2.740300,6.873100,17.396799,1
88.840631,1,18,3,8,1,16.666800,3.549300,6.119500,16.142300,1
88.857396,1,18,3,8,1,16.666800,2.558100,6.262600,15.710200,1
88.873967,1,18,3,8,1,16.666901,2.758000,5.380700,17.263599,1
88.890854,1,18,3,8,1,16.666800,2.725400,5.717400,18.071600,1
88.907352,1,18,3,8,1,16.667002,3.653400,5.228100,16.015301,1
88.929419,1,18,3,6,1,16.666901,2.925600,6.731000,16.655399,1
88.940651,1,18,3,6,1,16.666698,8.625100,5.983200,17.470501,1
88.957346,1,18,3,6,1,16.666901,3.134200,5.157200,19.754999,1
88.974248,1,18,3,6,1,16.666698,2.736600,6.410600,17.426399,1
88.990903,1,18,3,6,1,16.667002,3.124800,5.570600,15.751200,1
89.007390,1,18,3,6,1,16.666698,3.586800,7.345200,17.007601,1
89.024003,1,18,3,6,1,16.666800,4.322400,5.519000,15.961100,1
89.040711,1,18,3,6,1,16.667002,2.737200,6.520400,16.918501,1
89.057325,1,18,3,6,1,16.666698,2.692800,6.141800,14.954500,1
89.074067,1,18,3,6,1,16.666901,3.177700,5.419100,15.266800,1
89.090777,1,18,3,6,1,16.667101,2.745400,6.504500,15.727700,1
89.107276,1,18,3,6,1,16.666698,3.752300,4.982500,16.500700,1
89.123966,1,18,3,6,1,16.666901,2.552800,5.171000,15.807500,1
89.140634,1,18,3,6,1,16.666800,2.655800,5.237300,17.374201,1
89.157317,1,18,3,6,1,16.666800,3.096800,6.300300,17.024000,1
89.174303,1,18,3,6,1,16.666901,3.546800,7.253700,17.152000,1
89.190833,1,18,3,6,1,16.666901,3.791200,6.552200,17.937401,1
89.207324,1,18,3,6,1,16.666901,3.949600,5.784600,16.547899,1
89.224020,1,18,3,6,1,16.666800,2.705000,5.299200,17.260500,1
89.240659,1,18,3,6,1,16.666698,2.653200,6.492000,18.182100,1
89.257347,1,18,3,6,1,16.666698,6.865400,6.905800,18.689100,1
89.274111,1,18,3,6,1,16.666901,3.009700,5.405800,16.564199,1
89.290615,1,18,3,6,1,16.666800,2.938100,4.870100,17.724400,1
89.307394,1,18,3,6,1,16.666698,2.635000,5.234700,17.850401,1
89.324076,1,18,3,6,1,16.679403,3.107300,6.212700,16.625601,1
89.340844,1,18,3,6,1,16.666897,3.623600,7.103600,15.963200,1
89.357551,1,18,3,6,1,16.666702,2.850600,6.388000,17.715200,1
89.374005,1,18,3,6,1,16.666800,3.482600,6.237200,17.665001,1
89.390649,1,18,3,6,1,16.666698,2.701700,6.307800,17.293301,1
89.407308,1,18,3,6,1,16.666800,2.779900,5.541000,17.311800,1
89.429272,1,18,3,6,1,16.666901,2.553800,4.994500,18.194401,1
89.440667,1,18,3,6,1,16.666800,7.857600,5.243500,18.194401,1
89.457355,1,18,3,6,1,16.666698,3.132700,5.818700,17.079300,1
89.473999,1,18,3,6,1,16.666901,2.561800,6.488700,15.580100,1
89.490667,1,18,3,6,1,16.667002,2.433800,4.626600,16.950300,1
89.507457,1,18,3,6,1,16.666800,2.816600,7.088800,18.470900,1
89.523989,1,18,3,6,1,16.666800,2.867400,6.894400,17.051701,1
89.540674,1,18,3,6,1,16.668699,2.992700,8.164700,17.834999,1
89.558212,1,18,3,6,1,16.667101,2.472300,8.727400,17.079300,1
89.574052,1,18,3,6,1,16.666800,3.343900,9.143200,18.073601,1
89.590711,1,18,3,6,1,16.666901,2.832800,11.637200,16.170000,1
89.607307,1,18,3,6,1,16.666897,2.575800,10.303100,17.174500,1
89.623975,1,18,3,6,1,16.666800,2.980200,11.066200,17.312799,1
89.640632,1,18,3,6,1,16.666803,2.372700,12.288900,17.737700,1
89.657335,1,18,3,6,1,16.666897,2.668800,12.229900,17.081301,1
89.674462,1,18,3,6,1,16.666901,2.353700,14.367100,17.556499,1
89.691099,1,18,3,6,1,16.823601,3.064200,14.367100,16.356400,1
89.707690,1,18,3,6,1,16.666800,3.189800,19.965900,15.799300,1
89.724386,1,18,3,6,1,16.667002,3.880600,12.580000,15.452100,1
89.740905,1,18,3,6,1,16.666901,3.614900,12.045800,16.007200,1
89.757591,1,18,3,6,1,16.666800,8.543200,5.652200,17.047501,1
89.774234,1,18,3,6,1,16.666800,3.912300,9.256700,15.127600,1
89.790819,1,18,3,6,1,16.666698,2.617300,9.425800,17.323999,1
89.807837,1,18,3,6,1,16.666901,2.310400,10.056600,17.305599,1
89.824140,1,18,3,6,1,16.667002,2.936200,9.592000,16.782400,1
89.840810,1,18,3,6,1,16.666901,2.483700,10.918200,17.227699,1
89.857571,1,18,3,6,1,16.666800,2.455900,12.401000,17.456200,1
89.874243,1,18,3,6,1,16.666901,2.690900,12.315500,17.346500,1
89.890921,1,18,3,6,1,16.666800,2.568000,10.947000,15.443000,1
89.907650,1,18,3,6,1,16.666800,2.733300,12.330400,18.257900,1
89.930170,2,18,3,5,0,16.666698,2.842500,12.753900,18.946100,1
90.077521,2,18,3,5,0,150.538895,148.925293,12.753900,18.946100,1
90.091394,2,18,3,5,0,16.666698,6.983300,6.820300,14.654400,1
90.108243,2,18,3,5,0,16.666702,3.670900,5.250400,9.188400,1
90.125003,2,18,3,5,0,16.666998,3.277700,6.168800,13.112300,1
90.141564,2,18,3,5,0,16.667002,3.783200,5.101900,19.484699,1
90.158184,2,18,3,5,0,16.666800,3.406300,7.564200,17.939400,1
90.174852,2,18,3,5,0,16.666800,4.431100,7.121300,17.552401,1
90.191412,2,18,3,5,0,16.666698,3.614200,5.354200,14.577700,1
90.208157,2,18,3,5,0,16.666702,2.805900,7.990900,18.696199,1
90.224948,2,18,3,5,0,16.666998,3.154900,5.934900,15.627200,1
90.241435,2,18,3,5,0,16.666901,3.436600,5.962500,16.645201,1
90.365147,2,18,3,5,0,123.224007,7.697400,1.502900,16.645201,1
90.506643,1,19,3,24,2,133.968002,217.171997,8.050900,249.248795,1
90.644871,1,19,12,24,2,145.900803,146.068298,8.050900,249.248795,1
90.662463,1,19,12,24,2,16.666901,3.620800,5.668100,14.459900,1
90.677984,1,19,12,24,2,16.666901,4.911300,5.131800,8.974400,1
90.694715,1,19,12,24,2,16.666901,2.790600,4.726100,12.858400,1
90.711399,1,19,12,24,2,16.666901,2.802700,4.986500,17.406900,1
90.727836,1,19,12,24,2,16.666698,3.037000,5.000900,16.343100,1
90.744460,1,19,12,24,2,16.666800,2.794700,4.753600,16.144400,1
90.761274,1,19,12,24,2,16.667097,7.158500,4.984400,20.771799,1
90.777830,1,19,12,24,2,16.666702,2.859600,4.932900,12.792800,1
90.794585,1,19,12,24,2,16.666901,2.541900,5.290300,16.248899,1
90.811164,1,19,12,24,2,16.666897,2.602000,4.681400,17.239000,1
90.970970,1,19,12,24,2,159.692703,2.810200,1.894200,17.239000,1
90.987613,1,19,12,24,2,16.666800,132.582901,5.724300,159.695908,1
91.008541,1,19,12,19,2,16.666800,3.226100,5.253900,16.844801,1
91.020821,1,19,9,19,2,16.666800,8.242700,5.552200,21.462000,1
91.037563,1,19,9,19,2,16.667002,2.663600,4.887300,18.128901,1
91.054273,1,19,9,19,2,16.666800,2.654600,5.249900,17.955799,1
91.071112,1,19,9,19,2,16.666698,3.198100,4.582600,18.586700,1
91.087854,1,19,9,19,2,16.666901,3.040100,5.174800,20.056999,1
91.104272,1,19,9,19,2,16.666800,2.926500,4.548600,16.320601,1
91.120800,1,19,9,19,2,16.666800,2.605400,4.710900,17.095600,1
91.137581,1,19,9,19,2,16.666800,2.469000,4.900100,17.983500,1
91.154176,1,19,9,19,2,16.666702,2.928400,4.440900,17.983500,1
91.171117,1,19,9,19,2,16.666800,2.702000,4.782600,17.129499,1
91.187623,1,19,9,19,2,16.666901,3.478300,5.711700,17.390600,1
91.204605,1,19,9,19,2,16.666897,2.858600,5.371200,15.950900,1
91.220854,1,19,9,19,2,16.666702,3.770600,5.743800,18.282499,1
91.237579,1,19,9,19,2,16.667198,3.147800,5.906700,17.465300,1
91.254118,1,19,9,19,2,16.667002,2.808700,9.560200,19.229700,1
91.270796,1,19,9,19,2,16.666800,5.824900,7.539800,17.517599,1
91.287434,1,19,9,19,2,16.666698,2.631200,12.404000,18.236401,1
91.304151,1,19,9,19,2,16.666901,2.502600,12.824300,17.847300,1
91.320805,1,19,9,19,2,16.666800,2.493900,13.561700,17.412100,1
91.337522,1,19,9,19,2,16.666800,2.646600,13.226600,16.365499,1
91.354185,1,19,9,19,2,16.666698,2.373400,14.550500,17.817600,1
91.370794,1,19,9,19,2,16.666901,2.494700,13.992900,16.276501,1
91.387438,1,19,9,19,2,16.666702,2.343600,14.323000,17.270800,1
91.404096,1,19,9,19,2,16.666698,2.206000,14.745700,17.400801,1
91.420834,1,19,9,19,2,16.666698,2.307200,14.745700,18.101299,1
91.437465,1,19,9,19,2,16.666901,2.365600,16.655600,17.320900,1
91.454137,1,19,9,19,2,16.666800,2.217400,17.257700,17.618999,1
91.470756,1,19,9,19,2,16.666698,2.387400,17.879601,17.120199,1
91.487474,1,19,9,19,2,16.666698,2.440700,17.471701,17.909800,1
91.509190,1,19,9,14,2,16.666901,2.536300,16.275200,15.956000,1
91.520864,1,19,8,14,2,16.666800,8.430700,16.275200,17.883101,1
91.537524,1,19,8,14,2,16.666800,2.367100,18.755199,17.883101,1
91.554467,1,19,8,14,2,16.666901,2.449800,15.466300,17.419300,1
91.570825,1,19,8,14,2,16.666698,3.543600,16.083300,17.535000,1
91.587508,1,19,8,14,2,16.666901,2.850300,17.386101,17.802200,1
91.604431,1,19,8,14,2,16.720303,2.776800,21.129000,17.892300,1
91.621037,1,19,8,14,2,16.707897,2.952600,18.672400,15.919100,1
91.637764,1,19,8,14,2,16.688601,3.743000,16.838400,16.317499,1
91.654538,1,19,8,14,2,16.729403,3.822800,12.693200,15.284200,1
91.671134,1,19,8,14,2,16.715698,4.044200,14.450100,15.284200,1
91.688007,1,19,8,14,2,16.722898,4.530500,17.075800,15.023100,1
91.704533,1,19,8,14,2,16.685904,3.617700,15.527500,16.289801,1
91.721260,1,19,8,14,2,16.717300,4.038300,14.988300,16.325600,1
91.738077,1,19,8,14,2,16.770496,3.437700,17.242901,15.619100,1
91.754975,1,19,8,14,2,16.917601,3.840200,16.432501,16.325600,1
91.771974,1,19,8,14,2,16.856201,10.727900,15.958200,15.781900,1
91.788742,1,19,8,14,2,16.681499,4.211800,14.193800,15.068200,1
91.805225,1,19,8,14,2,16.666800,4.010400,14.701200,16.677900,1
91.822243,1,19,8,14,2,16.667198,3.599700,14.858600,14.956500,1
91.838470,1,19,8,14,2,16.666800,3.973200,14.908500,16.392200,1
91.855127,1,19,8,14,2,16.666702,3.840400,12.799900,16.639999,1
91.871896,1,19,8,14,2,16.666800,3.218400,14.174600,17.750000,1
91.888540,1,19,8,14,2,16.666698,2.687700,14.928000,16.042999,1
91.905190,1,19,8,14,2,16.666901,3.513300,13.415400,16.015400,1
91.921805,1,19,8,14,2,16.666800,2.858100,15.358800,17.150000,1
91.938425,1,19,8,14,2,16.666901,3.038700,14.943200,16.901100,1
91.955358,1,19,8,14,2,16.666901,2.726600,13.502300,15.736800,1
91.972505,1,19,8,14,2,16.717798,3.375200,12.326700,16.792601,1
91.988601,1,19,8,14,2,16.666800,3.833700,12.326700,18.540501,1
92.010086,1,19,8,10,2,16.666901,3.356700,17.620501,16.590900,1
92.021738,1,19,6,10,2,16.667002,8.665700,9.002400,15.628300,1
92.038581,1,19,6,10,2,16.666698,2.450700,14.400100,16.651199,1
92.055166,1,19,6,10,2,16.667002,2.794900,15.900700,18.079800,1
92.071910,1,19,6,10,2,16.666800,2.598200,15.395800,16.630800,1
92.088425,1,19,6,10,2,16.666901,2.643400,15.873800,17.713100,1
92.105408,1,19,6,10,2,16.698700,2.819000,15.873800,17.209400,1
92.122179,1,19,6,10,2,16.668201,2.912900,20.828501,15.385600,1
92.138645,1,19,6,10,2,16.666800,3.920800,15.504900,15.993800,1
92.155739,1,19,6,10,2,16.850901,3.674200,13.688600,15.785000,1
92.172422,1,19,6,10,2,16.666998,3.429400,17.415100,15.247300,1
92.188868,1,19,6,10,2,16.666901,4.626200,12.714600,16.378901,1
92.206074,1,19,6,10,2,16.666901,5.770800,12.722000,16.051201,1
92.222273,1,19,6,10,2,16.666901,4.009000,11.441400,15.893500,1
92.238887,1,19,6,10,2,16.673901,3.583600,12.658000,17.468399,1
92.255622,1,19,6,10,2,16.677301,3.678200,12.915400,15.373400,1
92.272576,1,19,6,10,2,16.666901,8.794700,7.289800,17.096701,1
92.288856,1,19,6,10,2,16.666901,4.048900,8.458600,14.833600,1
92.305484,1,19,6,10,2,16.666800,3.808300,9.986200,16.501801,1
92.322103,1,19,6,10,2,16.666998,3.355100,8.089100,16.003099,1
92.338888,1,19,6,10,2,16.666901,4.072700,10.558200,17.431499,1
92.355796,1,19,6,10,2,16.666901,2.827800,9.996000,15.585300,1
92.372145,1,19,6,10,2,16.666800,3.672100,8.933100,17.340401,1
92.388770,1,19,6,10,2,16.666698,3.298300,9.101400,16.646200,1
92.405447,1,19,6,10,2,16.666901,2.711200,7.841100,16.312300,1
92.422202,1,19,6,10,2,16.666901,2.588800,6.240100,15.449100,1
92.438909,1,19,6,10,2,16.666901,2.972800,7.342400,17.734600,1
92.455490,1,19,6,10,2,16.666901,2.751800,7.620200,16.434200,1
92.472064,1,19,6,10,2,16.666698,2.833500,8.471400,17.615900,1
92.489184,1,19,6,10,2,16.666698,2.961400,7.429200,15.812600,1
92.510731,1,19,6,8,2,16.666702,4.194700,7.514900,16.910299,1
92.522360,1,19,4,8,2,16.666901,9.372900,6.850200,16.910299,1
92.538812,1,19,4,8,2,16.666897,3.426800,8.119700,15.305800,1
92.555531,1,19,4,8,2,16.666800,3.231000,6.215300,15.668200,1
92.572236,1,19,4,8,2,16.666803,3.752100,9.525500,17.190901,1
92.589002,1,19,4,8,2,16.666897,2.811700,7.831200,17.669100,1
92.605557,1,19,4,8,2,16.666702,3.074000,7.271300,16.635900,1
92.622238,1,19,4,8,2,16.666698,2.709700,9.109200,16.859200,1
92.638990,1,19,4,8,2,16.667002,2.864100,6.293000,15.946700,1
92.655588,1,19,4,8,2,16.666698,2.750100,8.395300,16.672800,1
92.672269,1,19,4,8,2,16.667002,2.859400,7.759500,17.015800,1
92.689044,1,19,4,8,2,16.666897,2.715700,8.850600,17.075199,1
92.705676,1,19,4,8,2,16.666803,3.417200,7.837000,16.684999,1
92.722256,1,19,4,8,2,16.666800,3.187400,11.854700,17.638399,1
92.739183,1,19,4,8,2,16.666800,3.962900,8.771400,15.476800,1
92.755497,1,19,4,8,2,16.666901,4.053500,10.292900,17.651699,1
92.772246,1,19,4,8,2,16.666897,3.203700,8.921600,16.726999,1
92.788732,1,19,4,8,2,16.667002,6.634900,5.682300,16.705601,1
92.805526,1,19,4,8,2,16.666901,2.751400,11.001400,17.877001,1
92.822077,1,19,4,8,2,16.666800,2.857100,11.421200,17.251301,1
92.838783,1,19,4,8,2,16.666698,2.611100,11.213400,16.590799,1
92.855551,1,19,4,8,2,16.666901,3.084600,8.989300,15.800400,1
92.872072,1,19,4,8,2,16.666901,2.888900,13.539000,18.729900,1
92.888712,1,19,4,8,2,16.666800,2.844900,12.344400,15.810600,1
92.905573,1,19,4,8,2,16.666800,2.478700,13.352300,17.219601,1
92.922089,1,19,4,8,2,16.666800,2.925400,12.535600,17.533899,1
92.938714,1,19,4,8,2,16.666702,2.848000,13.696400,17.169399,1
92.955619,1,19,4,8,2,16.666897,2.649800,14.319500,17.644600,1
92.972067,1,19,4,8,2,16.667101,2.865200,14.244400,16.942101,1
92.989045,1,19,4,8,2,16.666698,3.101400,15.387700,18.789301,1
93.011428,1,19,4,6,2,16.666702,3.144300,17.546499,17.365000,1
93.022189,1,19,4,6,2,16.666897,9.120000,17.546499,16.876600,1
93.039025,1,19,4,6,2,16.666800,2.834500,11.258600,17.502199,1
93.055705,1,19,4,6,2,16.666901,2.968600,18.221600,16.695299,1
93.072099,1,19,4,6,2,16.666901,3.269500,16.454399,15.341600,1
93.088918,1,19,4,6,2,16.666901,3.213400,14.002700,16.539600,1
93.105540,1,19,4,6,2,16.666800,3.000800,17.033001,15.706100,1
93.122143,1,19,4,6,2,16.666901,3.095600,13.901800,14.962700,1
93.138752,1,19,4,6,2,16.666901,2.679600,13.816500,16.343000,1
93.155939,1,19,4,6,2,16.667002,3.175400,15.025600,16.056400,1
93.172069,1,19,4,6,2,16.666800,4.103800,11.555900,16.932800,1
93.188740,1,19,4,6,2,16.666901,3.326900,12.319800,15.894600,1
93.205633,1,19,4,6,2,16.667097,3.209800,11.523000,15.684600,1
93.222480,1,19,4,6,2,16.666800,3.427500,12.086800,16.745399,1
93.239167,1,19,4,6,2,16.666901,3.028300,12.113500,17.301500,1
93.255758,1,19,4,6,2,16.680901,4.080900,12.487200,16.278601,1
93.272178,1,19,4,6,2,16.666901,4.183200,12.294100,16.977900,1
93.288999,1,19,4,6,2,16.667002,2.878700,11.942700,15.956000,1
93.305527,1,19,4,6,2,16.666901,8.094100,7.573600,17.291201,1
93.322241,1,19,4,6,2,16.666698,2.952000,12.964600,16.377899,1
93.338823,1,19,4,6,2,16.666901,2.895700,11.890000,16.377800,1
93.355982,1,19,4,6,2,16.666901,3.087300,11.518800,16.203800,1
93.372223,1,19,4,6,2,16.666698,3.549400,13.255100,16.687099,1
93.388955,1,19,4,6,2,16.666901,3.940700,12.447800,15.561700,1
93.405706,1,19,4,6,2,16.666800,3.209400,10.796100,14.590000,1
93.422204,1,19,4,6,2,16.666698,3.561000,8.779000,16.801800,1
93.438836,1,19,4,6,2,16.666800,3.298800,8.405400,15.665100,1
93.455418,1,19,4,6,2,16.666800,3.207600,9.276100,15.423500,1
93.472230,1,19,4,6,2,16.666800,3.619900,7.573500,16.617500,1
93.489709,1,19,4,6,2,16.666901,3.024500,6.432100,17.119200,1
93.515908,2,19,4,4,0,16.666800,4.390500,5.182600,15.526900,1
93.681782,2,19,3,4,0,174.574295,173.995605,5.182600,15.526900,1
93.696723,2,19,3,4,0,16.666800,5.394500,5.774600,12.559300,1
93.713983,2,19,3,4,0,16.666698,3.245900,6.084200,10.338400,1
93.729997,2,19,3,4,0,16.666803,4.099900,7.351400,14.024700,1
93.746869,2,19,3,4,0,16.666800,4.030500,5.035500,18.656200,1
93.763528,2,19,3,4,0,16.666998,3.366700,5.158800,14.165000,1
93.780513,2,19,3,4,0,16.666901,3.108700,5.473700,16.645100,1
93.796689,2,19,3,4,0,16.666901,4.001700,5.589500,19.864599,1
93.813659,2,19,3,4,0,16.666698,6.701700,7.724000,16.970800,1
93.830239,2,19,3,4,0,16.666901,4.270000,6.928700,17.656799,1
93.946731,2,19,3,4,0,116.638306,4.002300,1.620800,17.656799,1
93.963407,2,19,3,4,0,16.666901,87.492798,5.096500,115.309502,1
93.980152,2,19,3,4,0,16.667002,3.232300,5.773000,14.136300,1
93.996619,2,19,3,4,0,16.667002,3.189000,4.696100,16.274500,1
94.017484,1,20,3,12,1,16.666901,2.611300,5.308700,17.015800,1
94.158959,1,20,12,12,1,145.572205,145.080200,5.308700,17.015800,1
94.175575,1,20,12,12,1,16.666901,3.509800,5.022100,13.978600,1
94.192322,1,20,12,12,1,16.666800,3.192500,4.959700,8.791100,1
94.208947,1,20,12,12,1,16.666901,3.459800,4.845000,14.827500,1
94.225580,1,20,12,12,1,16.666897,2.879500,5.561600,18.480101,1
94.242563,1,20,12,12,1,16.666901,2.540900,4.748100,13.720600,1
94.258883,1,20,12,12,1,16.666800,2.949200,4.550700,17.140699,1
94.275902,1,20,12,12,1,16.666901,2.652400,5.187400,16.349199,1
94.292285,1,20,12,12,1,16.666800,3.265600,4.593600,17.261600,1
94.309130,1,20,12,12,1,16.666702,2.681700,5.156100,15.933400,1
94.325565,1,20,12,12,1,16.666897,6.343400,5.295700,20.426800,1
94.491616,1,20,12,12,1,165.664810,3.324700,1.873500,20.426800,1
94.507934,1,20,12,12,1,16.666901,138.560394,7.187800,163.585007,1
94.528140,1,20,12,10,1,16.666998,3.319800,5.799900,19.982300,1
94.541183,1,20,10,10,1,16.666800,6.897700,6.170900,20.587500,1
94.557875,1,20,10,10,1,16.666702,2.643200,5.203600,15.900700,1
94.574687,1,20,10,10,1,16.666698,2.618300,5.140200,17.588200,1
94.591295,1,20,10,10,1,16.666698,2.717200,5.391200,16.855101,1
94.607968,1,20,10,10,1,16.666800,3.260900,6.761700,16.807899,1
94.624507,1,20,10,10,1,16.666901,2.572700,5.164100,16.146400,1
94.641220,1,20,10,10,1,16.666901,2.465400,5.538700,16.994301,1
94.657886,1,20,10,10,1,16.667002,2.511200,5.619000,17.699900,1
94.674549,1,20,10,10,1,16.666800,2.646900,5.599300,16.698400,1
94.691467,1,20,10,10,1,16.666901,2.453500,5.452200,15.595500,1
94.707942,1,20,10,10,1,16.666897,3.201500,5.418300,16.316401,1
94.724528,1,20,10,10,1,16.667002,3.222700,4.904700,17.213400,1
94.741224,1,20,10,10,1,16.666698,2.410300,5.024400,16.839701,1
94.757888,1,20,10,10,1,16.666901,2.785800,5.241900,15.612900,1
94.774507,1,20,10,10,1,16.666901,3.295300,4.735700,16.923700,1
94.791186,1,20,10,10,1,16.666800,2.722800,7.058400,17.612801,1
94.807966,1,20,10,10,1,16.666901,3.173600,5.045300,16.241600,1
94.824491,1,20,10,10,1,16.666901,2.615600,4.933700,18.912300,1
94.841359,1,20,10,10,1,16.666901,5.188700,6.026100,17.176600,1
94.857834,1,20,10,10,1,16.666901,3.186500,5.667800,15.237100,1
94.874579,1,20,10,10,1,16.666901,3.378400,5.384400,18.100201,1
94.891504,1,20,10,10,1,16.722698,2.659100,8.387100,15.865900,1
94.908547,1,20,10,10,1,16.670200,3.552500,9.278200,16.336901,1
94.924929,1,20,10,10,1,16.667002,4.880600,8.262400,21.489599,1
94.941820,1,20,10,10,1,16.666901,3.657300,8.665300,21.489599,1
94.958290,1,20,10,10,1,16.666998,4.301500,8.665300,21.489599,1
94.974897,1,20,10,10,1,16.666803,4.120900,25.409201,36.172798,1
95.008693,1,20,10,10,1,33.781998,5.116800,39.722198,37.894199,1
95.053708,1,20,10,7,1,38.222801,5.711700,38.195599,37.252102,1
95.079771,1,20,7,7,1,32.772900,16.054501,32.602798,31.164400,1
95.107390,1,20,7,7,1,28.021202,5.060700,28.140400,34.007000,1
95.141198,1,20,7,7,1,33.748001,3.910300,33.081799,34.452499,1
95.175656,1,20,7,7,1,34.360699,3.883300,34.431198,33.902599,1
95.212227,1,20,7,7,1,36.649300,4.192800,36.622101,34.745399,1
95.242522,1,20,7,7,1,30.292500,4.091700,30.265200,30.819300,1
95.271435,1,20,7,7,1,28.946201,3.149200,28.932400,31.084499,1
95.301596,1,20,7,7,1,30.028898,2.867100,29.812901,29.818899,1
95.337267,1,20,7,7,1,35.747101,2.915700,35.331200,33.828899,1
95.368857,1,20,7,7,1,31.624500,6.630700,32.002800,33.029099,1
95.406230,1,20,7,7,1,37.223202,2.612400,33.829399,31.216600,1
95.434156,1,20,7,7,1,27.849600,4.708000,27.720200,33.580101,1
95.463372,1,20,7,7,1,29.447201,3.446900,29.349701,31.200199,1
95.494581,1,20,7,7,1,31.018898,3.998800,31.054899,30.164000,1
95.527368,1,20,7,7,1,32.962704,4.630100,31.489599,32.215000,1
95.561845,1,20,7,5,1,30.584198,3.406600,30.523500,29.995001,1
95.587698,1,20,5,5,1,29.850601,8.698000,29.834499,30.886900,1
95.620627,1,20,5,5,1,32.935898,3.009900,29.610701,29.865999,1
95.651789,1,20,5,5,1,30.820499,2.568600,30.786100,32.934898,1
95.683167,1,20,5,5,1,31.703199,2.906800,31.158501,32.754700,1
95.711944,1,20,5,5,1,28.761599,2.442300,28.753901,28.138500,1
95.738209,1,20,5,5,1,26.321701,2.550300,26.314600,27.654200,1
95.771231,1,20,5,5,1,32.935001,2.457900,32.476299,31.768499,1
95.799459,1,20,5,5,1,28.277897,2.568800,28.221500,28.169300,1
95.832012,1,20,5,5,1,32.490402,2.703900,31.941700,32.237499,1
95.860018,1,20,5,5,1,28.036501,2.563400,28.028099,27.973700,1
95.891868,1,20,5,5,1,31.782698,7.680400,30.825001,32.181198,1
95.922365,1,20,5,5,1,30.347601,2.850300,30.134600,29.362200,1
95.952473,1,20,5,5,1,30.218300,3.525300,30.234301,30.991301,1
95.980175,1,20,5,5,1,27.734499,3.065100,27.671200,28.440599,1
96.010407,1,20,5,5,1,30.296103,3.203600,30.293800,30.859301,1
96.039499,1,20,5,5,1,29.050097,2.679400,28.989901,28.174299,1
96.070808,1,20,5,3,1,27.244802,2.521200,27.235600,27.581499,1
96.096839,1,20,3,3,1,30.194700,7.468500,29.629101,30.864300,1
96.125406,1,20,3,3,1,28.437099,2.533000,28.346001,27.954201,1
96.150902,1,20,3,3,1,25.556498,2.656600,25.553400,24.173599,1
96.167574,1,20,3,3,1,16.666901,2.697000,9.184800,8.786900,1
96.184212,1,20,3,3,1,16.667002,2.473100,7.952800,11.256800,1
96.200942,1,20,3,3,1,16.666698,2.834700,5.864600,10.784800,1
96.217489,1,20,3,3,1,16.666702,3.387700,7.609300,15.436800,1
96.234247,1,20,3,3,1,16.666998,3.264800,8.279800,16.447500,1
96.250876,1,20,3,3,1,16.666901,4.309400,5.100400,13.495300,1
96.267526,1,20,3,3,1,16.666901,2.901000,5.345700,15.778800,1
96.284731,1,20,3,3,1,16.666800,3.024900,6.565500,16.725000,1
96.300953,1,20,3,3,1,16.667002,3.489600,5.074600,17.052601,1
96.317499,1,20,3,3,1,16.666698,3.250700,5.308000,16.334900,1
96.334170,1,20,3,3,1,16.666800,2.520600,5.655800,16.538601,1
96.350853,1,20,3,3,1,16.666901,2.808500,5.548100,16.523300,1
96.367652,1,20,3,3,1,16.667002,2.475100,6.314900,16.584700,1
96.384162,1,20,3,3,1,16.667002,5.602500,6.173400,20.088800,1
96.400880,1,20,3,3,1,16.666800,2.721800,5.523700,16.457701,1
96.417576,1,20,3,3,1,16.666800,2.502500,5.249500,13.611000,1
96.434199,1,20,3,3,1,16.666901,2.985700,4.494300,16.567301,1
96.450936,1,20,3,3,1,16.666800,2.452000,6.178800,16.718901,1
96.467499,1,20,3,3,1,16.666698,2.992200,6.266000,16.944099,1
96.484247,1,20,3,3,1,16.666901,2.874800,6.411500,16.292900,1
96.501034,1,20,3,3,1,16.666800,2.574500,7.272700,17.136600,1
96.517503,1,20,3,3,1,16.666901,3.208300,6.260300,20.396099,1
96.534259,1,20,3,3,1,16.666800,2.828400,6.079200,12.455900,1
96.550906,1,20,3,3,1,16.666901,2.984700,6.148600,17.166300,1
96.571476,1,20,3,2,1,16.666901,2.859100,4.881100,16.366600,1
96.584212,1,20,2,2,1,16.666800,7.136300,6.887800,21.616699,1
96.600887,1,20,2,2,1,16.666901,3.233600,5.484700,16.774099,1
96.617591,1,20,2,2,1,16.666897,2.937400,6.756200,11.449300,1
96.634298,1,20,2,2,1,16.667002,2.660700,5.554600,16.793600,1
96.650828,1,20,2,2,1,16.666800,2.799400,5.422800,16.800800,1
96.667458,1,20,2,2,1,16.666901,3.534400,4.336400,16.523300,1
96.684147,1,20,2,2,1,16.666698,2.445800,5.656700,16.755699,1
96.700807,1,20,2,2,1,16.666901,2.258100,4.323300,16.370701,1
96.717740,1,20,2,2,1,16.666698,2.292200,4.426100,16.570299,1
96.734139,1,20,2,2,1,16.666901,2.965900,4.926100,17.414200,1
96.750958,1,20,2,2,1,16.666901,2.720400,4.854300,16.205799,1
96.767633,1,20,2,2,1,16.666800,2.645700,5.152800,16.882700,1
96.784274,1,20,2,2,1,16.667002,2.712100,4.280500,16.557100,1
96.800807,1,20,2,2,1,16.666800,2.782700,5.008300,16.788401,1
96.817484,1,20,2,2,1,16.666901,2.401600,4.697900,16.345100,1
96.834206,1,20,2,2,1,16.666901,2.304300,4.612700,16.710699,1
96.850868,1,20,2,2,1,16.666901,2.693000,4.859500,16.772100,1
96.867500,1,20,2,2,1,16.666800,2.583100,4.678500,16.543699,1
96.884227,1,20,2,2,1,16.666901,2.915400,4.697200,16.755699,1
96.901166,1,20,2,2,1,16.666800,5.801800,4.865100,19.728399,1
96.917794,1,20,2,2,1,16.666800,3.387800,4.422300,16.593901,1
96.934345,1,20,2,2,1,16.666800,2.786600,4.607200,14.043200,1
96.950851,1,20,2,2,1,16.667002,3.116400,7.264000,17.353701,1
96.967502,1,20,2,2,1,16.666698,3.052800,5.105600,18.442200,1
96.984184,1,20,2,2,1,16.666698,2.318700,5.352900,13.625400,1
97.000828,1,20,2,2,1,16.666800,2.713400,5.798200,17.256399,1
97.017610,1,20,2,2,1,16.666698,2.876900,5.328600,16.187401,1
97.034355,1,20,2,2,1,16.667002,3.024600,5.272700,16.999399,1
97.050931,1,20,2,2,1,16.667002,3.074200,4.247700,16.622601,1
97.070814,3,20,2,1,0,16.666698,2.445100,4.219600,16.370701,1
