asset_id,inventory_source,group,source_id,label,priority,method,master_size,runtime_sizes,description,states,dependency,status
wc_vn_bellback_portrait,content,hero_portrait,wc_vn_bellback,Bellback portrait,P1current,generator_illustration,"[1024, 1024]","[[512, 512], [256, 256], [128, 128]]","Broad moss-covered quadruped profile, dorsal bronze bell suspended in a wooden mount, protected space behind its shoulder; preserve the separately approved construction packet anatomy. Framing: complete identity cue plus head/body focal point, calm opaque background and clear crop-safe edge.","[""base""]",Approved identity reference and portrait crop for Bellback; verify current asset manifest and never replace human-approved anatomy with a generated reinterpretation.,SPEC_ONLY_NOT_PRODUCED
wc_vn_bellback_ability_icon,content,hero_ability_icon,wc_vn_bellback,Sheltering Bell,P1current,generator_illustration,"[512, 512]","[[128, 128], [64, 64], [32, 32]]","Suspended bell above a short directional bronze guard arc and one sheltered ally point. Passive guard; do not imply a mana cast or an ordinary group shield. No text, resource bars, arrows implying a manual combat input, or embedded timing numbers.","[""base""]",Approved identity reference and portrait crop for Bellback; verify current asset manifest and never replace human-approved anatomy with a generated reinterpretation. Approve skill geometry semantics before painting. Future icon is a conceptual identity only.,SPEC_ONLY_NOT_PRODUCED
wc_vn_bellback_silhouette,content,hero_silhouette,wc_vn_bellback,Bellback silhouette,P1current,vector_authored,"[256, 256]","[[128, 128], [64, 64], [32, 32]]","Broad moss-covered quadruped profile, dorsal bronze bell suspended in a wooden mount, protected space behind its shoulder; preserve the separately approved construction packet anatomy. Reduce to one recognizable outer shape with only essential negative-space cutouts.","[""base""]",Approved identity reference and portrait crop for Bellback; verify current asset manifest and never replace human-approved anatomy with a generated reinterpretation. Trace only the accepted silhouette; vector master plus raster derivatives.,SPEC_ONLY_NOT_PRODUCED
wc_vn_bellback_bestiary_illustration,content,hero_bestiary_illustration,wc_vn_bellback,Bellback full bestiary illustration (optional deferred),P2pilot,generator_illustration,"[1536, 2048]","[[768, 1024]]","Broad moss-covered quadruped profile, dorsal bronze bell suspended in a wooden mount, protected space behind its shoulder; preserve the separately approved construction packet anatomy. Full-body field-guide plate with quiet optional habitat wash, no baked labels and room for separate runtime description.","[""base""]","Approved identity reference and portrait crop for Bellback; verify current asset manifest and never replace human-approved anatomy with a generated reinterpretation. Deferred until approved model/forms and in-game likeness exist; use approved model renders to condition identity. Optional, not a blocking portrait requirement.",SPEC_ONLY_NOT_PRODUCED
wc_vn_cragstoat_portrait,content,hero_portrait,wc_vn_cragstoat,Cragstoat portrait,P1current,generator_illustration,"[1024, 1024]","[[512, 512], [256, 256], [128, 128]]","Long low predator, rocklike shoulder ridges, lifted expressive tail and compressed springlike spine; keep the head and ridge silhouette readable. Framing: complete identity cue plus head/body focal point, calm opaque background and clear crop-safe edge.","[""base""]",Approved identity reference and portrait crop for Cragstoat; verify current asset manifest and never replace human-approved anatomy with a generated reinterpretation.,SPEC_ONLY_NOT_PRODUCED
wc_vn_cragstoat_ability_icon,content,hero_ability_icon,wc_vn_cragstoat,Stonebound Lunge,P1current,generator_illustration,"[512, 512]","[[128, 128], [64, 64], [32, 32]]","Low stone-ridged lunge silhouette crossing successive footfall sparks toward one landing marker. Movement-earned momentum plus a committed charge; retain the current control activation path. No text, resource bars, arrows implying a manual combat input, or embedded timing numbers.","[""base""]",Approved identity reference and portrait crop for Cragstoat; verify current asset manifest and never replace human-approved anatomy with a generated reinterpretation. Approve skill geometry semantics before painting. Future icon is a conceptual identity only.,SPEC_ONLY_NOT_PRODUCED
wc_vn_cragstoat_silhouette,content,hero_silhouette,wc_vn_cragstoat,Cragstoat silhouette,P1current,vector_authored,"[256, 256]","[[128, 128], [64, 64], [32, 32]]","Long low predator, rocklike shoulder ridges, lifted expressive tail and compressed springlike spine; keep the head and ridge silhouette readable. Reduce to one recognizable outer shape with only essential negative-space cutouts.","[""base""]",Approved identity reference and portrait crop for Cragstoat; verify current asset manifest and never replace human-approved anatomy with a generated reinterpretation. Trace only the accepted silhouette; vector master plus raster derivatives.,SPEC_ONLY_NOT_PRODUCED
wc_vn_cragstoat_bestiary_illustration,content,hero_bestiary_illustration,wc_vn_cragstoat,Cragstoat full bestiary illustration (optional deferred),P3future,generator_illustration,"[1536, 2048]","[[768, 1024]]","Long low predator, rocklike shoulder ridges, lifted expressive tail and compressed springlike spine; keep the head and ridge silhouette readable. Full-body field-guide plate with quiet optional habitat wash, no baked labels and room for separate runtime description.","[""base""]","Approved identity reference and portrait crop for Cragstoat; verify current asset manifest and never replace human-approved anatomy with a generated reinterpretation. Deferred until approved model/forms and in-game likeness exist; use approved model renders to condition identity. Optional, not a blocking portrait requirement.",SPEC_ONLY_NOT_PRODUCED
wc_vn_grandmother_root_portrait,content,hero_portrait,wc_vn_grandmother_root,Grandmother Root portrait,P1current,generator_illustration,"[1024, 1024]","[[512, 512], [256, 256], [128, 128]]","Broad rooted orchard elder with a sheltered garden clearly visible within the torso; three broad foliage masses, quiet warm face, deep root silhouette. Framing: complete identity cue plus head/body focal point, calm opaque background and clear crop-safe edge.","[""base""]",Approved identity reference and portrait crop for Grandmother Root; verify current asset manifest and never replace human-approved anatomy with a generated reinterpretation.,SPEC_ONLY_NOT_PRODUCED
wc_vn_grandmother_root_ability_icon,content,hero_ability_icon,wc_vn_grandmother_root,Stay and Blossom,P1current,generator_illustration,"[512, 512]","[[128, 128], [64, 64], [32, 32]]","Opening blossom above planted roots inside a clearly bounded patch of ground. Stationary establishment and effective healing pulses; do not imply immediate team-wide healing or mandatory mana charging. No text, resource bars, arrows implying a manual combat input, or embedded timing numbers.","[""base""]",Approved identity reference and portrait crop for Grandmother Root; verify current asset manifest and never replace human-approved anatomy with a generated reinterpretation. Approve skill geometry semantics before painting. Future icon is a conceptual identity only.,SPEC_ONLY_NOT_PRODUCED
wc_vn_grandmother_root_silhouette,content,hero_silhouette,wc_vn_grandmother_root,Grandmother Root silhouette,P1current,vector_authored,"[256, 256]","[[128, 128], [64, 64], [32, 32]]","Broad rooted orchard elder with a sheltered garden clearly visible within the torso; three broad foliage masses, quiet warm face, deep root silhouette. Reduce to one recognizable outer shape with only essential negative-space cutouts.","[""base""]",Approved identity reference and portrait crop for Grandmother Root; verify current asset manifest and never replace human-approved anatomy with a generated reinterpretation. Trace only the accepted silhouette; vector master plus raster derivatives.,SPEC_ONLY_NOT_PRODUCED
wc_vn_grandmother_root_bestiary_illustration,content,hero_bestiary_illustration,wc_vn_grandmother_root,Grandmother Root full bestiary illustration (optional deferred),P3future,generator_illustration,"[1536, 2048]","[[768, 1024]]","Broad rooted orchard elder with a sheltered garden clearly visible within the torso; three broad foliage masses, quiet warm face, deep root silhouette. Full-body field-guide plate with quiet optional habitat wash, no baked labels and room for separate runtime description.","[""base""]","Approved identity reference and portrait crop for Grandmother Root; verify current asset manifest and never replace human-approved anatomy with a generated reinterpretation. Deferred until approved model/forms and in-game likeness exist; use approved model renders to condition identity. Optional, not a blocking portrait requirement.",SPEC_ONLY_NOT_PRODUCED
wc_vn_snapvine_portrait,content,hero_portrait,wc_vn_snapvine,Snapvine portrait,P1current,generator_illustration,"[1024, 1024]","[[512, 512], [256, 256], [128, 128]]","Low creeping flower with folded outer petals revealing a single readable thorn-lined jaw; asymmetric hooked root and compact predatory pose. Framing: complete identity cue plus head/body focal point, calm opaque background and clear crop-safe edge.","[""base""]",Approved identity reference and portrait crop for Snapvine; verify current asset manifest and never replace human-approved anatomy with a generated reinterpretation.,SPEC_ONLY_NOT_PRODUCED
wc_vn_snapvine_ability_icon,content,hero_ability_icon,wc_vn_snapvine,Thornline,P1current,generator_illustration,"[512, 512]","[[128, 128], [64, 64], [32, 32]]","A thorn jaw ending a thin straight root lane with one intervening impact point. Thornline strikes the first intersected enemy; mana activation exists only in the selectable experiment. No text, resource bars, arrows implying a manual combat input, or embedded timing numbers.","[""base""]",Approved identity reference and portrait crop for Snapvine; verify current asset manifest and never replace human-approved anatomy with a generated reinterpretation. Approve skill geometry semantics before painting. Future icon is a conceptual identity only.,SPEC_ONLY_NOT_PRODUCED
wc_vn_snapvine_silhouette,content,hero_silhouette,wc_vn_snapvine,Snapvine silhouette,P1current,vector_authored,"[256, 256]","[[128, 128], [64, 64], [32, 32]]",Low creeping flower with folded outer petals revealing a single readable thorn-lined jaw; asymmetric hooked root and compact predatory pose. Reduce to one recognizable outer shape with only essential negative-space cutouts.,"[""base""]",Approved identity reference and portrait crop for Snapvine; verify current asset manifest and never replace human-approved anatomy with a generated reinterpretation. Trace only the accepted silhouette; vector master plus raster derivatives.,SPEC_ONLY_NOT_PRODUCED
wc_vn_snapvine_bestiary_illustration,content,hero_bestiary_illustration,wc_vn_snapvine,Snapvine full bestiary illustration (optional deferred),P3future,generator_illustration,"[1536, 2048]","[[768, 1024]]","Low creeping flower with folded outer petals revealing a single readable thorn-lined jaw; asymmetric hooked root and compact predatory pose. Full-body field-guide plate with quiet optional habitat wash, no baked labels and room for separate runtime description.","[""base""]","Approved identity reference and portrait crop for Snapvine; verify current asset manifest and never replace human-approved anatomy with a generated reinterpretation. Deferred until approved model/forms and in-game likeness exist; use approved model renders to condition identity. Optional, not a blocking portrait requirement.",SPEC_ONLY_NOT_PRODUCED
wc_vn_prism_organ_portrait,content,hero_portrait,wc_vn_prism_organ,Prism Organ portrait,P1current,generator_illustration,"[1024, 1024]","[[512, 512], [256, 256], [128, 128]]","Floating ceramic organ-pipe assembly around a stained-glass resonator; preserve large gaps between pipes and one luminous central aperture. Framing: complete identity cue plus head/body focal point, calm opaque background and clear crop-safe edge.","[""base""]",Approved identity reference and portrait crop for Prism Organ; verify current asset manifest and never replace human-approved anatomy with a generated reinterpretation.,SPEC_ONLY_NOT_PRODUCED
wc_vn_prism_organ_ability_icon,content,hero_ability_icon,wc_vn_prism_organ,Crossing Hymn,P1current,generator_illustration,"[512, 512]","[[128, 128], [64, 64], [32, 32]]","One ceramic resonator at the intersection of unequal ordered row and column beams. Crossing Hymn releases row then column at separate authoritative times; mana is an experimental activation variant. No text, resource bars, arrows implying a manual combat input, or embedded timing numbers.","[""base""]",Approved identity reference and portrait crop for Prism Organ; verify current asset manifest and never replace human-approved anatomy with a generated reinterpretation. Approve skill geometry semantics before painting. Future icon is a conceptual identity only.,SPEC_ONLY_NOT_PRODUCED
wc_vn_prism_organ_silhouette,content,hero_silhouette,wc_vn_prism_organ,Prism Organ silhouette,P1current,vector_authored,"[256, 256]","[[128, 128], [64, 64], [32, 32]]",Floating ceramic organ-pipe assembly around a stained-glass resonator; preserve large gaps between pipes and one luminous central aperture. Reduce to one recognizable outer shape with only essential negative-space cutouts.,"[""base""]",Approved identity reference and portrait crop for Prism Organ; verify current asset manifest and never replace human-approved anatomy with a generated reinterpretation. Trace only the accepted silhouette; vector master plus raster derivatives.,SPEC_ONLY_NOT_PRODUCED
wc_vn_prism_organ_bestiary_illustration,content,hero_bestiary_illustration,wc_vn_prism_organ,Prism Organ full bestiary illustration (optional deferred),P2pilot,generator_illustration,"[1536, 2048]","[[768, 1024]]","Floating ceramic organ-pipe assembly around a stained-glass resonator; preserve large gaps between pipes and one luminous central aperture. Full-body field-guide plate with quiet optional habitat wash, no baked labels and room for separate runtime description.","[""base""]","Approved identity reference and portrait crop for Prism Organ; verify current asset manifest and never replace human-approved anatomy with a generated reinterpretation. Deferred until approved model/forms and in-game likeness exist; use approved model renders to condition identity. Optional, not a blocking portrait requirement.",SPEC_ONLY_NOT_PRODUCED
wc_vn_reefglass_portrait,content,hero_portrait,wc_vn_reefglass,Reefglass portrait,P1current,generator_illustration,"[1024, 1024]","[[512, 512], [256, 256], [128, 128]]","Glass-shelled cuttlefish with one clear interior current, ribbonlike fins and a readable forward cup silhouette; translucency does not erase the body edge. Framing: complete identity cue plus head/body focal point, calm opaque background and clear crop-safe edge.","[""base""]",Approved identity reference and portrait crop for Reefglass; verify current asset manifest and never replace human-approved anatomy with a generated reinterpretation.,SPEC_ONLY_NOT_PRODUCED
wc_vn_reefglass_ability_icon,content,hero_ability_icon,wc_vn_reefglass,Leading Tide,P1current,generator_illustration,"[512, 512]","[[128, 128], [64, 64], [32, 32]]","Cupped glass fin shaping a narrow crest and a separate displacement arrow. Leading Tide damages a directional lane and conditionally pushes its first enemy; show displacement only when it actually occurs. No text, resource bars, arrows implying a manual combat input, or embedded timing numbers.","[""base""]",Approved identity reference and portrait crop for Reefglass; verify current asset manifest and never replace human-approved anatomy with a generated reinterpretation. Approve skill geometry semantics before painting. Future icon is a conceptual identity only.,SPEC_ONLY_NOT_PRODUCED
wc_vn_reefglass_silhouette,content,hero_silhouette,wc_vn_reefglass,Reefglass silhouette,P1current,vector_authored,"[256, 256]","[[128, 128], [64, 64], [32, 32]]","Glass-shelled cuttlefish with one clear interior current, ribbonlike fins and a readable forward cup silhouette; translucency does not erase the body edge. Reduce to one recognizable outer shape with only essential negative-space cutouts.","[""base""]",Approved identity reference and portrait crop for Reefglass; verify current asset manifest and never replace human-approved anatomy with a generated reinterpretation. Trace only the accepted silhouette; vector master plus raster derivatives.,SPEC_ONLY_NOT_PRODUCED
wc_vn_reefglass_bestiary_illustration,content,hero_bestiary_illustration,wc_vn_reefglass,Reefglass full bestiary illustration (optional deferred),P3future,generator_illustration,"[1536, 2048]","[[768, 1024]]","Glass-shelled cuttlefish with one clear interior current, ribbonlike fins and a readable forward cup silhouette; translucency does not erase the body edge. Full-body field-guide plate with quiet optional habitat wash, no baked labels and room for separate runtime description.","[""base""]","Approved identity reference and portrait crop for Reefglass; verify current asset manifest and never replace human-approved anatomy with a generated reinterpretation. Deferred until approved model/forms and in-game likeness exist; use approved model renders to condition identity. Optional, not a blocking portrait requirement.",SPEC_ONLY_NOT_PRODUCED
wc_vn_silkmother_portrait,content,hero_portrait,wc_vn_silkmother,Silkmother portrait,P3future,generator_illustration,"[1024, 1024]","[[512, 512], [256, 256], [128, 128]]","Eight-legged silk architect carrying one large warm lantern abdomen; reserve negative space under the legs and keep threads sparse. Framing: complete identity cue plus head/body focal point, calm opaque background and clear crop-safe edge.","[""base""]",Approved identity reference and portrait crop for Silkmother; verify current asset manifest and never replace human-approved anatomy with a generated reinterpretation. Gameplay design remains authored and disabled; no recruitment or active skill claim.,SPEC_ONLY_NOT_PRODUCED
wc_vn_silkmother_ability_icon,content,hero_ability_icon,wc_vn_silkmother,Silkmother ability identity (provisional),P3future,generator_illustration,"[512, 512]","[[128, 128], [64, 64], [32, 32]]","Two lantern stakes joined by one taut silk span. Authored future trip line between destructible anchors; no executed ability or final skill name. No text, resource bars, arrows implying a manual combat input, or embedded timing numbers.","[""base""]",Approved identity reference and portrait crop for Silkmother; verify current asset manifest and never replace human-approved anatomy with a generated reinterpretation. Gameplay design remains authored and disabled; no recruitment or active skill claim. Approve skill geometry semantics before painting. Future icon is a conceptual identity only.,SPEC_ONLY_NOT_PRODUCED
wc_vn_silkmother_silhouette,content,hero_silhouette,wc_vn_silkmother,Silkmother silhouette,P3future,vector_authored,"[256, 256]","[[128, 128], [64, 64], [32, 32]]",Eight-legged silk architect carrying one large warm lantern abdomen; reserve negative space under the legs and keep threads sparse. Reduce to one recognizable outer shape with only essential negative-space cutouts.,"[""base""]",Approved identity reference and portrait crop for Silkmother; verify current asset manifest and never replace human-approved anatomy with a generated reinterpretation. Gameplay design remains authored and disabled; no recruitment or active skill claim. Trace only the accepted silhouette; vector master plus raster derivatives.,SPEC_ONLY_NOT_PRODUCED
wc_vn_silkmother_bestiary_illustration,content,hero_bestiary_illustration,wc_vn_silkmother,Silkmother full bestiary illustration (optional deferred),P3future,generator_illustration,"[1536, 2048]","[[768, 1024]]","Eight-legged silk architect carrying one large warm lantern abdomen; reserve negative space under the legs and keep threads sparse. Full-body field-guide plate with quiet optional habitat wash, no baked labels and room for separate runtime description.","[""base""]","Approved identity reference and portrait crop for Silkmother; verify current asset manifest and never replace human-approved anatomy with a generated reinterpretation. Gameplay design remains authored and disabled; no recruitment or active skill claim. Deferred until approved model/forms and in-game likeness exist; use approved model renders to condition identity. Optional, not a blocking portrait requirement.",SPEC_ONLY_NOT_PRODUCED
wc_vn_manyfoot_portrait,content,hero_portrait,wc_vn_manyfoot,Manyfoot portrait,P3future,generator_illustration,"[1024, 1024]","[[512, 512], [256, 256], [128, 128]]","One banner-shaped iridescent shell carried by a coordinated beetle colony; read as one selectable creature, not a team of independent summons. Framing: complete identity cue plus head/body focal point, calm opaque background and clear crop-safe edge.","[""base""]",Approved identity reference and portrait crop for Manyfoot; verify current asset manifest and never replace human-approved anatomy with a generated reinterpretation. Gameplay design remains authored and disabled; no recruitment or active skill claim.,SPEC_ONLY_NOT_PRODUCED
wc_vn_manyfoot_ability_icon,content,hero_ability_icon,wc_vn_manyfoot,Manyfoot ability identity (provisional),P3future,generator_illustration,"[512, 512]","[[128, 128], [64, 64], [32, 32]]","One continuous shell outline dividing around a blocker and rejoining behind it. Authored future shared-identity flank and re-form behavior; no executed ability or final skill name. No text, resource bars, arrows implying a manual combat input, or embedded timing numbers.","[""base""]",Approved identity reference and portrait crop for Manyfoot; verify current asset manifest and never replace human-approved anatomy with a generated reinterpretation. Gameplay design remains authored and disabled; no recruitment or active skill claim. Approve skill geometry semantics before painting. Future icon is a conceptual identity only.,SPEC_ONLY_NOT_PRODUCED
wc_vn_manyfoot_silhouette,content,hero_silhouette,wc_vn_manyfoot,Manyfoot silhouette,P3future,vector_authored,"[256, 256]","[[128, 128], [64, 64], [32, 32]]","One banner-shaped iridescent shell carried by a coordinated beetle colony; read as one selectable creature, not a team of independent summons. Reduce to one recognizable outer shape with only essential negative-space cutouts.","[""base""]",Approved identity reference and portrait crop for Manyfoot; verify current asset manifest and never replace human-approved anatomy with a generated reinterpretation. Gameplay design remains authored and disabled; no recruitment or active skill claim. Trace only the accepted silhouette; vector master plus raster derivatives.,SPEC_ONLY_NOT_PRODUCED
wc_vn_manyfoot_bestiary_illustration,content,hero_bestiary_illustration,wc_vn_manyfoot,Manyfoot full bestiary illustration (optional deferred),P3future,generator_illustration,"[1536, 2048]","[[768, 1024]]","One banner-shaped iridescent shell carried by a coordinated beetle colony; read as one selectable creature, not a team of independent summons. Full-body field-guide plate with quiet optional habitat wash, no baked labels and room for separate runtime description.","[""base""]","Approved identity reference and portrait crop for Manyfoot; verify current asset manifest and never replace human-approved anatomy with a generated reinterpretation. Gameplay design remains authored and disabled; no recruitment or active skill claim. Deferred until approved model/forms and in-game likeness exist; use approved model renders to condition identity. Optional, not a blocking portrait requirement.",SPEC_ONLY_NOT_PRODUCED
wc_vn_kilnback_portrait,content,hero_portrait,wc_vn_kilnback,Kilnback portrait,P3future,generator_illustration,"[1024, 1024]","[[512, 512], [256, 256], [128, 128]]","Squat glazed furnace-tortoise with broad hinged plates, a few readable kiln windows and one steam vent. Framing: complete identity cue plus head/body focal point, calm opaque background and clear crop-safe edge.","[""base""]",Approved identity reference and portrait crop for Kilnback; verify current asset manifest and never replace human-approved anatomy with a generated reinterpretation. Gameplay design remains authored and disabled; no recruitment or active skill claim.,SPEC_ONLY_NOT_PRODUCED
wc_vn_kilnback_ability_icon,content,hero_ability_icon,wc_vn_kilnback,Kilnback ability identity (provisional),P3future,generator_illustration,"[512, 512]","[[128, 128], [64, 64], [32, 32]]","Frontal projectile entering a lit kiln window with a separate outward vent plume. Authored future bounded projectile capture then steam vent; no executed ability or final skill name. No text, resource bars, arrows implying a manual combat input, or embedded timing numbers.","[""base""]",Approved identity reference and portrait crop for Kilnback; verify current asset manifest and never replace human-approved anatomy with a generated reinterpretation. Gameplay design remains authored and disabled; no recruitment or active skill claim. Approve skill geometry semantics before painting. Future icon is a conceptual identity only.,SPEC_ONLY_NOT_PRODUCED
wc_vn_kilnback_silhouette,content,hero_silhouette,wc_vn_kilnback,Kilnback silhouette,P3future,vector_authored,"[256, 256]","[[128, 128], [64, 64], [32, 32]]","Squat glazed furnace-tortoise with broad hinged plates, a few readable kiln windows and one steam vent. Reduce to one recognizable outer shape with only essential negative-space cutouts.","[""base""]",Approved identity reference and portrait crop for Kilnback; verify current asset manifest and never replace human-approved anatomy with a generated reinterpretation. Gameplay design remains authored and disabled; no recruitment or active skill claim. Trace only the accepted silhouette; vector master plus raster derivatives.,SPEC_ONLY_NOT_PRODUCED
wc_vn_kilnback_bestiary_illustration,content,hero_bestiary_illustration,wc_vn_kilnback,Kilnback full bestiary illustration (optional deferred),P3future,generator_illustration,"[1536, 2048]","[[768, 1024]]","Squat glazed furnace-tortoise with broad hinged plates, a few readable kiln windows and one steam vent. Full-body field-guide plate with quiet optional habitat wash, no baked labels and room for separate runtime description.","[""base""]","Approved identity reference and portrait crop for Kilnback; verify current asset manifest and never replace human-approved anatomy with a generated reinterpretation. Gameplay design remains authored and disabled; no recruitment or active skill claim. Deferred until approved model/forms and in-game likeness exist; use approved model renders to condition identity. Optional, not a blocking portrait requirement.",SPEC_ONLY_NOT_PRODUCED
wc_vn_coilwyrm_portrait,content,hero_portrait,wc_vn_coilwyrm,Coilwyrm portrait,P3future,generator_illustration,"[1024, 1024]","[[512, 512], [256, 256], [128, 128]]","Branch-antlered dragon forming a broad coil around a suspended pearl; the open center remains the strongest silhouette break. Framing: complete identity cue plus head/body focal point, calm opaque background and clear crop-safe edge.","[""base""]",Approved identity reference and portrait crop for Coilwyrm; verify current asset manifest and never replace human-approved anatomy with a generated reinterpretation. Gameplay design remains authored and disabled; no recruitment or active skill claim.,SPEC_ONLY_NOT_PRODUCED
wc_vn_coilwyrm_ability_icon,content,hero_ability_icon,wc_vn_coilwyrm,Coilwyrm ability identity (provisional),P3future,generator_illustration,"[512, 512]","[[128, 128], [64, 64], [32, 32]]","A pearl centered in an incomplete constricting ring with an unmistakably empty safe center. Authored future delayed constricting ring; do not imply full-disc damage or executed mechanics. No text, resource bars, arrows implying a manual combat input, or embedded timing numbers.","[""base""]",Approved identity reference and portrait crop for Coilwyrm; verify current asset manifest and never replace human-approved anatomy with a generated reinterpretation. Gameplay design remains authored and disabled; no recruitment or active skill claim. Approve skill geometry semantics before painting. Future icon is a conceptual identity only.,SPEC_ONLY_NOT_PRODUCED
wc_vn_coilwyrm_silhouette,content,hero_silhouette,wc_vn_coilwyrm,Coilwyrm silhouette,P3future,vector_authored,"[256, 256]","[[128, 128], [64, 64], [32, 32]]",Branch-antlered dragon forming a broad coil around a suspended pearl; the open center remains the strongest silhouette break. Reduce to one recognizable outer shape with only essential negative-space cutouts.,"[""base""]",Approved identity reference and portrait crop for Coilwyrm; verify current asset manifest and never replace human-approved anatomy with a generated reinterpretation. Gameplay design remains authored and disabled; no recruitment or active skill claim. Trace only the accepted silhouette; vector master plus raster derivatives.,SPEC_ONLY_NOT_PRODUCED
wc_vn_coilwyrm_bestiary_illustration,content,hero_bestiary_illustration,wc_vn_coilwyrm,Coilwyrm full bestiary illustration (optional deferred),P3future,generator_illustration,"[1536, 2048]","[[768, 1024]]","Branch-antlered dragon forming a broad coil around a suspended pearl; the open center remains the strongest silhouette break. Full-body field-guide plate with quiet optional habitat wash, no baked labels and room for separate runtime description.","[""base""]","Approved identity reference and portrait crop for Coilwyrm; verify current asset manifest and never replace human-approved anatomy with a generated reinterpretation. Gameplay design remains authored and disabled; no recruitment or active skill claim. Deferred until approved model/forms and in-game likeness exist; use approved model renders to condition identity. Optional, not a blocking portrait requirement.",SPEC_ONLY_NOT_PRODUCED
wc_vn_dawnkite_portrait,content,hero_portrait,wc_vn_dawnkite,Dawnkite portrait,P3future,generator_illustration,"[1024, 1024]","[[512, 512], [256, 256], [128, 128]]","Broad dragon wings with ordered layers of dawn-colored membrane and a forked tail; keep the fan span dominant. Framing: complete identity cue plus head/body focal point, calm opaque background and clear crop-safe edge.","[""base""]",Approved identity reference and portrait crop for Dawnkite; verify current asset manifest and never replace human-approved anatomy with a generated reinterpretation. Gameplay design remains authored and disabled; no recruitment or active skill claim.,SPEC_ONLY_NOT_PRODUCED
wc_vn_dawnkite_ability_icon,content,hero_ability_icon,wc_vn_dawnkite,Dawnkite ability identity (provisional),P3future,generator_illustration,"[512, 512]","[[128, 128], [64, 64], [32, 32]]","Three layered wing wedges opening across a single fan sector. Authored future committed fan sweep; no executed ability or final skill name. No text, resource bars, arrows implying a manual combat input, or embedded timing numbers.","[""base""]",Approved identity reference and portrait crop for Dawnkite; verify current asset manifest and never replace human-approved anatomy with a generated reinterpretation. Gameplay design remains authored and disabled; no recruitment or active skill claim. Approve skill geometry semantics before painting. Future icon is a conceptual identity only.,SPEC_ONLY_NOT_PRODUCED
wc_vn_dawnkite_silhouette,content,hero_silhouette,wc_vn_dawnkite,Dawnkite silhouette,P3future,vector_authored,"[256, 256]","[[128, 128], [64, 64], [32, 32]]",Broad dragon wings with ordered layers of dawn-colored membrane and a forked tail; keep the fan span dominant. Reduce to one recognizable outer shape with only essential negative-space cutouts.,"[""base""]",Approved identity reference and portrait crop for Dawnkite; verify current asset manifest and never replace human-approved anatomy with a generated reinterpretation. Gameplay design remains authored and disabled; no recruitment or active skill claim. Trace only the accepted silhouette; vector master plus raster derivatives.,SPEC_ONLY_NOT_PRODUCED
wc_vn_dawnkite_bestiary_illustration,content,hero_bestiary_illustration,wc_vn_dawnkite,Dawnkite full bestiary illustration (optional deferred),P3future,generator_illustration,"[1536, 2048]","[[768, 1024]]","Broad dragon wings with ordered layers of dawn-colored membrane and a forked tail; keep the fan span dominant. Full-body field-guide plate with quiet optional habitat wash, no baked labels and room for separate runtime description.","[""base""]","Approved identity reference and portrait crop for Dawnkite; verify current asset manifest and never replace human-approved anatomy with a generated reinterpretation. Gameplay design remains authored and disabled; no recruitment or active skill claim. Deferred until approved model/forms and in-game likeness exist; use approved model renders to condition identity. Optional, not a blocking portrait requirement.",SPEC_ONLY_NOT_PRODUCED
wc_vn_thimblewake_portrait,content,hero_portrait,wc_vn_thimblewake,Thimblewake portrait,P3future,generator_illustration,"[1024, 1024]","[[512, 512], [256, 256], [128, 128]]","Flower-mantis noble, petal armor collar, needlelike forearms and an elegant upright asymmetric stance; retain articulated insect anatomy. Framing: complete identity cue plus head/body focal point, calm opaque background and clear crop-safe edge.","[""base""]",Approved identity reference and portrait crop for Thimblewake; verify current asset manifest and never replace human-approved anatomy with a generated reinterpretation. Gameplay design remains authored and disabled; no recruitment or active skill claim.,SPEC_ONLY_NOT_PRODUCED
wc_vn_thimblewake_ability_icon,content,hero_ability_icon,wc_vn_thimblewake,Thimblewake ability identity (provisional),P3future,generator_illustration,"[512, 512]","[[128, 128], [64, 64], [32, 32]]","Two closing petals framing one needle parry and a short returning stroke. Authored future isolated challenge, parry and riposte; AS1 art pilot does not make this hero recruitable. No text, resource bars, arrows implying a manual combat input, or embedded timing numbers.","[""base""]",Approved identity reference and portrait crop for Thimblewake; verify current asset manifest and never replace human-approved anatomy with a generated reinterpretation. Gameplay design remains authored and disabled; no recruitment or active skill claim. Approve skill geometry semantics before painting. Future icon is a conceptual identity only.,SPEC_ONLY_NOT_PRODUCED
wc_vn_thimblewake_silhouette,content,hero_silhouette,wc_vn_thimblewake,Thimblewake silhouette,P3future,vector_authored,"[256, 256]","[[128, 128], [64, 64], [32, 32]]","Flower-mantis noble, petal armor collar, needlelike forearms and an elegant upright asymmetric stance; retain articulated insect anatomy. Reduce to one recognizable outer shape with only essential negative-space cutouts.","[""base""]",Approved identity reference and portrait crop for Thimblewake; verify current asset manifest and never replace human-approved anatomy with a generated reinterpretation. Gameplay design remains authored and disabled; no recruitment or active skill claim. Trace only the accepted silhouette; vector master plus raster derivatives.,SPEC_ONLY_NOT_PRODUCED
wc_vn_thimblewake_bestiary_illustration,content,hero_bestiary_illustration,wc_vn_thimblewake,Thimblewake full bestiary illustration (optional deferred),P2pilot,generator_illustration,"[1536, 2048]","[[768, 1024]]","Flower-mantis noble, petal armor collar, needlelike forearms and an elegant upright asymmetric stance; retain articulated insect anatomy. Full-body field-guide plate with quiet optional habitat wash, no baked labels and room for separate runtime description.","[""base""]","Approved identity reference and portrait crop for Thimblewake; verify current asset manifest and never replace human-approved anatomy with a generated reinterpretation. Gameplay design remains authored and disabled; no recruitment or active skill claim. Deferred until approved model/forms and in-game likeness exist; use approved model renders to condition identity. Optional, not a blocking portrait requirement.",SPEC_ONLY_NOT_PRODUCED
wc_vn_wren_portrait,content,hero_portrait,wc_vn_wren,Wren portrait,P3future,generator_illustration,"[1024, 1024]","[[512, 512], [256, 256], [128, 128]]","Practical itinerant tinkerer beside a small walking repair cart; keep one clear cart canopy/leg cue rather than a crowded miniature workshop. Framing: complete identity cue plus head/body focal point, calm opaque background and clear crop-safe edge.","[""base""]",Approved identity reference and portrait crop for Wren; verify current asset manifest and never replace human-approved anatomy with a generated reinterpretation. Gameplay design remains authored and disabled; no recruitment or active skill claim.,SPEC_ONLY_NOT_PRODUCED
wc_vn_wren_ability_icon,content,hero_ability_icon,wc_vn_wren,Wren ability identity (provisional),P3future,generator_illustration,"[512, 512]","[[128, 128], [64, 64], [32, 32]]","Small unfolding repair canopy with one visible pulse traveling toward an ally point. Authored future destructible repair station; no executed ability or final skill name. No text, resource bars, arrows implying a manual combat input, or embedded timing numbers.","[""base""]",Approved identity reference and portrait crop for Wren; verify current asset manifest and never replace human-approved anatomy with a generated reinterpretation. Gameplay design remains authored and disabled; no recruitment or active skill claim. Approve skill geometry semantics before painting. Future icon is a conceptual identity only.,SPEC_ONLY_NOT_PRODUCED
wc_vn_wren_silhouette,content,hero_silhouette,wc_vn_wren,Wren silhouette,P3future,vector_authored,"[256, 256]","[[128, 128], [64, 64], [32, 32]]",Practical itinerant tinkerer beside a small walking repair cart; keep one clear cart canopy/leg cue rather than a crowded miniature workshop. Reduce to one recognizable outer shape with only essential negative-space cutouts.,"[""base""]",Approved identity reference and portrait crop for Wren; verify current asset manifest and never replace human-approved anatomy with a generated reinterpretation. Gameplay design remains authored and disabled; no recruitment or active skill claim. Trace only the accepted silhouette; vector master plus raster derivatives.,SPEC_ONLY_NOT_PRODUCED
wc_vn_wren_bestiary_illustration,content,hero_bestiary_illustration,wc_vn_wren,Wren full bestiary illustration (optional deferred),P3future,generator_illustration,"[1536, 2048]","[[768, 1024]]","Practical itinerant tinkerer beside a small walking repair cart; keep one clear cart canopy/leg cue rather than a crowded miniature workshop. Full-body field-guide plate with quiet optional habitat wash, no baked labels and room for separate runtime description.","[""base""]","Approved identity reference and portrait crop for Wren; verify current asset manifest and never replace human-approved anatomy with a generated reinterpretation. Gameplay design remains authored and disabled; no recruitment or active skill claim. Deferred until approved model/forms and in-game likeness exist; use approved model renders to condition identity. Optional, not a blocking portrait requirement.",SPEC_ONLY_NOT_PRODUCED
wc_vn_hushlantern_portrait,content,hero_portrait,wc_vn_hushlantern,Hushlantern portrait,P3future,generator_illustration,"[1024, 1024]","[[512, 512], [256, 256], [128, 128]]","Empty rain cloak framing a single lantern instead of a head, with only two or three diminishing firefly echoes. Framing: complete identity cue plus head/body focal point, calm opaque background and clear crop-safe edge.","[""base""]",Approved identity reference and portrait crop for Hushlantern; verify current asset manifest and never replace human-approved anatomy with a generated reinterpretation. Gameplay design remains authored and disabled; no recruitment or active skill claim.,SPEC_ONLY_NOT_PRODUCED
wc_vn_hushlantern_ability_icon,content,hero_ability_icon,wc_vn_hushlantern,Hushlantern ability identity (provisional),P3future,generator_illustration,"[512, 512]","[[128, 128], [64, 64], [32, 32]]","A descending lantern bead linked to a faint prior-health echo. Authored future capped restoration of recent lost health after a delay; never depict resurrection. No text, resource bars, arrows implying a manual combat input, or embedded timing numbers.","[""base""]",Approved identity reference and portrait crop for Hushlantern; verify current asset manifest and never replace human-approved anatomy with a generated reinterpretation. Gameplay design remains authored and disabled; no recruitment or active skill claim. Approve skill geometry semantics before painting. Future icon is a conceptual identity only.,SPEC_ONLY_NOT_PRODUCED
wc_vn_hushlantern_silhouette,content,hero_silhouette,wc_vn_hushlantern,Hushlantern silhouette,P3future,vector_authored,"[256, 256]","[[128, 128], [64, 64], [32, 32]]","Empty rain cloak framing a single lantern instead of a head, with only two or three diminishing firefly echoes. Reduce to one recognizable outer shape with only essential negative-space cutouts.","[""base""]",Approved identity reference and portrait crop for Hushlantern; verify current asset manifest and never replace human-approved anatomy with a generated reinterpretation. Gameplay design remains authored and disabled; no recruitment or active skill claim. Trace only the accepted silhouette; vector master plus raster derivatives.,SPEC_ONLY_NOT_PRODUCED
wc_vn_hushlantern_bestiary_illustration,content,hero_bestiary_illustration,wc_vn_hushlantern,Hushlantern full bestiary illustration (optional deferred),P3future,generator_illustration,"[1536, 2048]","[[768, 1024]]","Empty rain cloak framing a single lantern instead of a head, with only two or three diminishing firefly echoes. Full-body field-guide plate with quiet optional habitat wash, no baked labels and room for separate runtime description.","[""base""]","Approved identity reference and portrait crop for Hushlantern; verify current asset manifest and never replace human-approved anatomy with a generated reinterpretation. Gameplay design remains authored and disabled; no recruitment or active skill claim. Deferred until approved model/forms and in-game likeness exist; use approved model renders to condition identity. Optional, not a blocking portrait requirement.",SPEC_ONLY_NOT_PRODUCED
wc_vn_trait_beast,content,trait_glyph,beast,Beast / Pack momentum,P3future,vector_authored,"[512, 512]","[[128, 128], [64, 64], [32, 32]]",Heavy paw over one forward motion notch. Identity glyph for race. Authored behavior: Matching creatures gain a brief movement burst when an ally finishes a charge; no recursive triggers. All current behavioral traits are runtime disabled.,"[""base_glyph"", ""planned_badge_composed"", ""inactive_composed"", ""progress_composed"", ""active_composed"", ""focused_composed""]",Approve glyph family and distinguish all eighteen in grayscale. Active/progress states are reserved compositions and may appear only if runtime support is later implemented; do not portray a live synergy now.,SPEC_ONLY_NOT_PRODUCED
wc_vn_trait_plant,content,trait_glyph,plant,Plant / Established ground,P3future,vector_authored,"[512, 512]","[[128, 128], [64, 64], [32, 32]]",Rooted sprout within a square ground boundary. Identity glyph for race. Authored behavior: Matching creatures grow a bounded protective layer while stationary; displacement clears growth. All current behavioral traits are runtime disabled.,"[""base_glyph"", ""planned_badge_composed"", ""inactive_composed"", ""progress_composed"", ""active_composed"", ""focused_composed""]",Approve glyph family and distinguish all eighteen in grayscale. Active/progress states are reserved compositions and may appear only if runtime support is later implemented; do not portray a live synergy now.,SPEC_ONLY_NOT_PRODUCED
wc_vn_trait_insect,content,trait_glyph,insect,Insect / Colony routes,P3future,vector_authored,"[512, 512]","[[128, 128], [64, 64], [32, 32]]","Three linked beetle-wing or colony forms with one route through them. Identity glyph for race. Authored behavior: Matching units gain a brief route bonus near friendly constructions, with one refresh per crossing. All current behavioral traits are runtime disabled.","[""base_glyph"", ""planned_badge_composed"", ""inactive_composed"", ""progress_composed"", ""active_composed"", ""focused_composed""]",Approve glyph family and distinguish all eighteen in grayscale. Active/progress states are reserved compositions and may appear only if runtime support is later implemented; do not portray a live synergy now.,SPEC_ONLY_NOT_PRODUCED
wc_vn_trait_construct,content,trait_glyph,construct,Construct / Stored energy,P3future,vector_authored,"[512, 512]","[[128, 128], [64, 64], [32, 32]]",Glazed vessel enclosing a contained charge core. Identity glyph for race. Authored behavior: Matching units store a bounded intercepted or absorbed hit count to shorten the next recovery. All current behavioral traits are runtime disabled.,"[""base_glyph"", ""planned_badge_composed"", ""inactive_composed"", ""progress_composed"", ""active_composed"", ""focused_composed""]",Approve glyph family and distinguish all eighteen in grayscale. Active/progress states are reserved compositions and may appear only if runtime support is later implemented; do not portray a live synergy now.,SPEC_ONLY_NOT_PRODUCED
wc_vn_trait_human,content,trait_glyph,human,Human / Ingenuity,P3future,vector_authored,"[512, 512]","[[128, 128], [64, 64], [32, 32]]",Small practical tool beside an incomplete lantern gear. Identity glyph for race. Authored behavior: The first distinct allied station interaction each combat grants a bounded utility charge. All current behavioral traits are runtime disabled.,"[""base_glyph"", ""planned_badge_composed"", ""inactive_composed"", ""progress_composed"", ""active_composed"", ""focused_composed""]",Approve glyph family and distinguish all eighteen in grayscale. Active/progress states are reserved compositions and may appear only if runtime support is later implemented; do not portray a live synergy now.,SPEC_ONLY_NOT_PRODUCED
wc_vn_trait_tidekin,content,trait_glyph,tidekin,Tidekin / Changing currents,P3future,vector_authored,"[512, 512]","[[128, 128], [64, 64], [32, 32]]",Curled directional current passing through a shell aperture. Identity glyph for race. Authored behavior: Successful displacements leave short directional currents supporting following allies. All current behavioral traits are runtime disabled.,"[""base_glyph"", ""planned_badge_composed"", ""inactive_composed"", ""progress_composed"", ""active_composed"", ""focused_composed""]",Approve glyph family and distinguish all eighteen in grayscale. Active/progress states are reserved compositions and may appear only if runtime support is later implemented; do not portray a live synergy now.,SPEC_ONLY_NOT_PRODUCED
wc_vn_trait_fae,content,trait_glyph,fae,Fae / Unshared attention,P3future,vector_authored,"[512, 512]","[[128, 128], [64, 64], [32, 32]]",Single petal eye within an isolated crescent. Identity glyph for race. Authored behavior: Matching units receive a short timing advantage in isolated engagements. All current behavioral traits are runtime disabled.,"[""base_glyph"", ""planned_badge_composed"", ""inactive_composed"", ""progress_composed"", ""active_composed"", ""focused_composed""]",Approve glyph family and distinguish all eighteen in grayscale. Active/progress states are reserved compositions and may appear only if runtime support is later implemented; do not portray a live synergy now.,SPEC_ONLY_NOT_PRODUCED
wc_vn_trait_spirit,content,trait_glyph,spirit,Spirit / Echo memory,P3future,vector_authored,"[512, 512]","[[128, 128], [64, 64], [32, 32]]",Lantern followed by two diminishing echo forms. Identity glyph for race. Authored behavior: Matching rescuers retain a bounded recent-damage window; no revival or recursive rescue. All current behavioral traits are runtime disabled.,"[""base_glyph"", ""planned_badge_composed"", ""inactive_composed"", ""progress_composed"", ""active_composed"", ""focused_composed""]",Approve glyph family and distinguish all eighteen in grayscale. Active/progress states are reserved compositions and may appear only if runtime support is later implemented; do not portray a live synergy now.,SPEC_ONLY_NOT_PRODUCED
wc_vn_trait_dragon,content,trait_glyph,dragon,Dragon / Committed majesty,P3future,vector_authored,"[512, 512]","[[128, 128], [64, 64], [32, 32]]",Branch-horned profile circling one pearl. Identity glyph for race. Authored behavior: Matching dragons extend telegraph commitment in exchange for a stronger spatial effect. All current behavioral traits are runtime disabled.,"[""base_glyph"", ""planned_badge_composed"", ""inactive_composed"", ""progress_composed"", ""active_composed"", ""focused_composed""]",Approve glyph family and distinguish all eighteen in grayscale. Active/progress states are reserved compositions and may appear only if runtime support is later implemented; do not portray a live synergy now.,SPEC_ONLY_NOT_PRODUCED
wc_vn_trait_guardian,content,trait_glyph,guardian,Guardian / Held line,P3future,vector_authored,"[512, 512]","[[128, 128], [64, 64], [32, 32]]",Shield arch with one sheltered point behind it. Identity glyph for class. Authored behavior: Guard matching allies in adjacent rear cells using visible directed links. All current behavioral traits are runtime disabled.,"[""base_glyph"", ""planned_badge_composed"", ""inactive_composed"", ""progress_composed"", ""active_composed"", ""focused_composed""]",Approve glyph family and distinguish all eighteen in grayscale. Active/progress states are reserved compositions and may appear only if runtime support is later implemented; do not portray a live synergy now.,SPEC_ONLY_NOT_PRODUCED
wc_vn_trait_warrior,content,trait_glyph,warrior,Warrior / Sustained pressure,P3future,vector_authored,"[512, 512]","[[128, 128], [64, 64], [32, 32]]",Heavy wedge pressing into three close impact bars. Identity glyph for class. Authored behavior: Matching units build capped pressure while remaining in close engagement; resets after disengagement. All current behavioral traits are runtime disabled.,"[""base_glyph"", ""planned_badge_composed"", ""inactive_composed"", ""progress_composed"", ""active_composed"", ""focused_composed""]",Approve glyph family and distinguish all eighteen in grayscale. Active/progress states are reserved compositions and may appear only if runtime support is later implemented; do not portray a live synergy now.,SPEC_ONLY_NOT_PRODUCED
wc_vn_trait_duelist,content,trait_glyph,duelist,Duelist / Single challenge,P3future,vector_authored,"[512, 512]","[[128, 128], [64, 64], [32, 32]]",Single needle blade framed by two challenge petals. Identity glyph for class. Authored behavior: Matching units obtain a bounded defensive window against an isolated opponent. All current behavioral traits are runtime disabled.,"[""base_glyph"", ""planned_badge_composed"", ""inactive_composed"", ""progress_composed"", ""active_composed"", ""focused_composed""]",Approve glyph family and distinguish all eighteen in grayscale. Active/progress states are reserved compositions and may appear only if runtime support is later implemented; do not portray a live synergy now.,SPEC_ONLY_NOT_PRODUCED
wc_vn_trait_ranger,content,trait_glyph,ranger,Ranger / Clear firing lanes,P3future,vector_authored,"[512, 512]","[[128, 128], [64, 64], [32, 32]]","Straight arrow through two parallel open lane guides. Identity glyph for class. Authored behavior: Matching units benefit from protected straight firing lanes, losing the benefit when threatened nearby. All current behavioral traits are runtime disabled.","[""base_glyph"", ""planned_badge_composed"", ""inactive_composed"", ""progress_composed"", ""active_composed"", ""focused_composed""]",Approve glyph family and distinguish all eighteen in grayscale. Active/progress states are reserved compositions and may appear only if runtime support is later implemented; do not portray a live synergy now.,SPEC_ONLY_NOT_PRODUCED
wc_vn_trait_mage,content,trait_glyph,mage,Mage / Prepared magic,P3future,vector_authored,"[512, 512]","[[128, 128], [64, 64], [32, 32]]",Orderly resonator held within a few casting facets. Identity glyph for class. Authored behavior: Matching units build cast stability while allies screen nearby approaches. All current behavioral traits are runtime disabled.,"[""base_glyph"", ""planned_badge_composed"", ""inactive_composed"", ""progress_composed"", ""active_composed"", ""focused_composed""]",Approve glyph family and distinguish all eighteen in grayscale. Active/progress states are reserved compositions and may appear only if runtime support is later implemented; do not portray a live synergy now.,SPEC_ONLY_NOT_PRODUCED
wc_vn_trait_healer,content,trait_glyph,healer,Healer / Care network,P3future,vector_authored,"[512, 512]","[[128, 128], [64, 64], [32, 32]]",Open leaf cup connecting two living buds. Identity glyph for class. Authored behavior: Matching healers split a bounded fraction of effective rescue to another injured ally. All current behavioral traits are runtime disabled.,"[""base_glyph"", ""planned_badge_composed"", ""inactive_composed"", ""progress_composed"", ""active_composed"", ""focused_composed""]",Approve glyph family and distinguish all eighteen in grayscale. Active/progress states are reserved compositions and may appear only if runtime support is later implemented; do not portray a live synergy now.,SPEC_ONLY_NOT_PRODUCED
wc_vn_trait_controller,content,trait_glyph,controller,Controller / Follow through,P3future,vector_authored,"[512, 512]","[[128, 128], [64, 64], [32, 32]]","Offset square with one follow-through arrow. Identity glyph for class. Authored behavior: Matching control effects expose a short displacement follow-up window, once per target. All current behavioral traits are runtime disabled.","[""base_glyph"", ""planned_badge_composed"", ""inactive_composed"", ""progress_composed"", ""active_composed"", ""focused_composed""]",Approve glyph family and distinguish all eighteen in grayscale. Active/progress states are reserved compositions and may appear only if runtime support is later implemented; do not portray a live synergy now.,SPEC_ONLY_NOT_PRODUCED
wc_vn_trait_engineer,content,trait_glyph,engineer,Engineer / Service radius,P3future,vector_authored,"[512, 512]","[[128, 128], [64, 64], [32, 32]]",Small workshop canopy inside a service boundary. Identity glyph for class. Authored behavior: Matching constructions exchange a bounded service charge inside overlapping radii. All current behavioral traits are runtime disabled.,"[""base_glyph"", ""planned_badge_composed"", ""inactive_composed"", ""progress_composed"", ""active_composed"", ""focused_composed""]",Approve glyph family and distinguish all eighteen in grayscale. Active/progress states are reserved compositions and may appear only if runtime support is later implemented; do not portray a live synergy now.,SPEC_ONLY_NOT_PRODUCED
wc_vn_trait_assassin,content,trait_glyph,assassin,Assassin / Open approach,P3future,vector_authored,"[512, 512]","[[128, 128], [64, 64], [32, 32]]",Thorn passing through a broken screening line. Identity glyph for class. Authored behavior: Matching units gain one commitment benefit when reaching an unscreened target. All current behavioral traits are runtime disabled.,"[""base_glyph"", ""planned_badge_composed"", ""inactive_composed"", ""progress_composed"", ""active_composed"", ""focused_composed""]",Approve glyph family and distinguish all eighteen in grayscale. Active/progress states are reserved compositions and may appear only if runtime support is later implemented; do not portray a live synergy now.,SPEC_ONLY_NOT_PRODUCED
wc_vn_r_heavy_bloom_icon,content,relic_icon,wc_vn_r_heavy_bloom,Heavy Bloom,P1current,generator_illustration,"[512, 512]","[[256, 256], [128, 128], [64, 64]]",Dense downward-bending bronze flower carrying one heavy luminous seed. Mechanic identity: Greater ability impact after a longer visible commitment. Rely on generated runtime tooltips for exact values and compatible heroes.,"[""base"", ""offered_composed"", ""selected_composed"", ""equipped_composed"", ""compatible_composed"", ""incompatible_composed"", ""disabled_composed""]",Approve all twelve small silhouettes as one family. Canonical relic catalogue and active rules variant own magnitude/geometry/timing; cooldown transforms use inverse mana gain in the mana variants. Never bake mechanics or rarity text into art.,SPEC_ONLY_NOT_PRODUCED
wc_vn_r_quick_wick_icon,content,relic_icon,wc_vn_r_quick_wick,Quick Wick,P1current,generator_illustration,"[512, 512]","[[256, 256], [128, 128], [64, 64]]",Short forked exposed wick with two brisk compact flames; no lantern housing. Mechanic identity: More frequent abilities with weaker individual effects. Rely on generated runtime tooltips for exact values and compatible heroes.,"[""base"", ""offered_composed"", ""selected_composed"", ""equipped_composed"", ""compatible_composed"", ""incompatible_composed"", ""disabled_composed""]",Approve all twelve small silhouettes as one family. Canonical relic catalogue and active rules variant own magnitude/geometry/timing; cooldown transforms use inverse mana gain in the mana variants. Never bake mechanics or rarity text into art.,SPEC_ONLY_NOT_PRODUCED
wc_vn_r_long_lens_icon,content,relic_icon,wc_vn_r_long_lens,Long Lens,P1current,generator_illustration,"[512, 512]","[[256, 256], [128, 128], [64, 64]]","Long narrow brass telescope aimed at a small distant star. Mechanic identity: One extra cell of reach, with lower impact. Rely on generated runtime tooltips for exact values and compatible heroes.","[""base"", ""offered_composed"", ""selected_composed"", ""equipped_composed"", ""compatible_composed"", ""incompatible_composed"", ""disabled_composed""]",Approve all twelve small silhouettes as one family. Canonical relic catalogue and active rules variant own magnitude/geometry/timing; cooldown transforms use inverse mana gain in the mana variants. Never bake mechanics or rarity text into art.,SPEC_ONLY_NOT_PRODUCED
wc_vn_r_broad_canopy_icon,content,relic_icon,wc_vn_r_broad_canopy,Broad Canopy,P1current,generator_illustration,"[512, 512]","[[256, 256], [128, 128], [64, 64]]",Wide shallow leaf canopy sheltering three spaced drops. Mechanic identity: A wider supported area with less concentrated potency. Rely on generated runtime tooltips for exact values and compatible heroes.,"[""base"", ""offered_composed"", ""selected_composed"", ""equipped_composed"", ""compatible_composed"", ""incompatible_composed"", ""disabled_composed""]",Approve all twelve small silhouettes as one family. Canonical relic catalogue and active rules variant own magnitude/geometry/timing; cooldown transforms use inverse mana gain in the mana variants. Never bake mechanics or rarity text into art.,SPEC_ONLY_NOT_PRODUCED
wc_vn_r_close_focus_icon,content,relic_icon,wc_vn_r_close_focus,Close Focus,P1current,generator_illustration,"[512, 512]","[[256, 256], [128, 128], [64, 64]]",Thick near-field loupe concentrating a bright point immediately beneath it. Mechanic identity: A stronger commitment restricted to a shorter lane. Rely on generated runtime tooltips for exact values and compatible heroes.,"[""base"", ""offered_composed"", ""selected_composed"", ""equipped_composed"", ""compatible_composed"", ""incompatible_composed"", ""disabled_composed""]",Approve all twelve small silhouettes as one family. Canonical relic catalogue and active rules variant own magnitude/geometry/timing; cooldown transforms use inverse mana gain in the mana variants. Never bake mechanics or rarity text into art.,SPEC_ONLY_NOT_PRODUCED
wc_vn_r_tight_choir_icon,content,relic_icon,wc_vn_r_tight_choir,Tight Choir,P1current,generator_illustration,"[512, 512]","[[256, 256], [128, 128], [64, 64]]",Three close ceramic pipes tied together with dark thread. Mechanic identity: Concentrate power into a smaller area. Rely on generated runtime tooltips for exact values and compatible heroes.,"[""base"", ""offered_composed"", ""selected_composed"", ""equipped_composed"", ""compatible_composed"", ""incompatible_composed"", ""disabled_composed""]",Approve all twelve small silhouettes as one family. Canonical relic catalogue and active rules variant own magnitude/geometry/timing; cooldown transforms use inverse mana gain in the mana variants. Never bake mechanics or rarity text into art.,SPEC_ONLY_NOT_PRODUCED
wc_vn_r_silk_trigger_icon,content,relic_icon,wc_vn_r_silk_trigger,Silk Trigger,P1current,generator_illustration,"[512, 512]","[[256, 256], [128, 128], [64, 64]]",Taut white silk crossing a tiny bronze release catch in a diagonal snap composition. Mechanic identity: Release much sooner with reduced damage. Rely on generated runtime tooltips for exact values and compatible heroes.,"[""base"", ""offered_composed"", ""selected_composed"", ""equipped_composed"", ""compatible_composed"", ""incompatible_composed"", ""disabled_composed""]",Approve all twelve small silhouettes as one family. Canonical relic catalogue and active rules variant own magnitude/geometry/timing; cooldown transforms use inverse mana gain in the mana variants. Never bake mechanics or rarity text into art.,SPEC_ONLY_NOT_PRODUCED
wc_vn_r_patient_lantern_icon,content,relic_icon,wc_vn_r_patient_lantern,Patient Lantern,P1current,generator_illustration,"[512, 512]","[[256, 256], [128, 128], [64, 64]]",Broad enclosed hanging lantern with a deep steady amber core. Mechanic identity: Stronger effects separated by longer gaps. Rely on generated runtime tooltips for exact values and compatible heroes.,"[""base"", ""offered_composed"", ""selected_composed"", ""equipped_composed"", ""compatible_composed"", ""incompatible_composed"", ""disabled_composed""]",Approve all twelve small silhouettes as one family. Canonical relic catalogue and active rules variant own magnitude/geometry/timing; cooldown transforms use inverse mana gain in the mana variants. Never bake mechanics or rarity text into art.,SPEC_ONLY_NOT_PRODUCED
wc_vn_r_far_hourglass_icon,content,relic_icon,wc_vn_r_far_hourglass,Far Hourglass,P1current,generator_illustration,"[512, 512]","[[256, 256], [128, 128], [64, 64]]",Tall narrow hourglass with sighting fins extended along its long axis. Mechanic identity: Reach farther but wait longer between casts. Rely on generated runtime tooltips for exact values and compatible heroes.,"[""base"", ""offered_composed"", ""selected_composed"", ""equipped_composed"", ""compatible_composed"", ""incompatible_composed"", ""disabled_composed""]",Approve all twelve small silhouettes as one family. Canonical relic catalogue and active rules variant own magnitude/geometry/timing; cooldown transforms use inverse mana gain in the mana variants. Never bake mechanics or rarity text into art.,SPEC_ONLY_NOT_PRODUCED
wc_vn_r_wide_hourglass_icon,content,relic_icon,wc_vn_r_wide_hourglass,Wide Hourglass,P1current,generator_illustration,"[512, 512]","[[256, 256], [128, 128], [64, 64]]",Squat broad hourglass with a wide horizontal circular rim. Mechanic identity: Cover a wider area with less frequent activations. Rely on generated runtime tooltips for exact values and compatible heroes.,"[""base"", ""offered_composed"", ""selected_composed"", ""equipped_composed"", ""compatible_composed"", ""incompatible_composed"", ""disabled_composed""]",Approve all twelve small silhouettes as one family. Canonical relic catalogue and active rules variant own magnitude/geometry/timing; cooldown transforms use inverse mana gain in the mana variants. Never bake mechanics or rarity text into art.,SPEC_ONLY_NOT_PRODUCED
wc_vn_r_narrow_metronome_icon,content,relic_icon,wc_vn_r_narrow_metronome,Narrow Metronome,P1current,generator_illustration,"[512, 512]","[[256, 256], [128, 128], [64, 64]]",Tall tapered wooden metronome with a deliberately narrow tick arc. Mechanic identity: Repeat a smaller area effect more frequently. Rely on generated runtime tooltips for exact values and compatible heroes.,"[""base"", ""offered_composed"", ""selected_composed"", ""equipped_composed"", ""compatible_composed"", ""incompatible_composed"", ""disabled_composed""]",Approve all twelve small silhouettes as one family. Canonical relic catalogue and active rules variant own magnitude/geometry/timing; cooldown transforms use inverse mana gain in the mana variants. Never bake mechanics or rarity text into art.,SPEC_ONLY_NOT_PRODUCED
wc_vn_r_urgent_shard_icon,content,relic_icon,wc_vn_r_urgent_shard,Urgent Shard,P1current,generator_illustration,"[512, 512]","[[256, 256], [128, 128], [64, 64]]",Angular glass shard with a sudden bright leading flash and a long trailing ember. Mechanic identity: Commit faster now at the cost of a longer following cooldown. Rely on generated runtime tooltips for exact values and compatible heroes.,"[""base"", ""offered_composed"", ""selected_composed"", ""equipped_composed"", ""compatible_composed"", ""incompatible_composed"", ""disabled_composed""]",Approve all twelve small silhouettes as one family. Canonical relic catalogue and active rules variant own magnitude/geometry/timing; cooldown transforms use inverse mana gain in the mana variants. Never bake mechanics or rarity text into art.,SPEC_ONLY_NOT_PRODUCED
wc_vn_n_seedpod_portrait,content,neutral_portrait,wc_vn_n_seedpod,Skittering Seedpod portrait,P1current,generator_illustration,"[1024, 1024]","[[256, 256], [128, 128], [64, 64]]","Compact seed husk above a skittering leg silhouette. Neutral field-guide portrait with a distinct shape, never a recolored hero.","[""base""]","Approve an original neutral identity first. Current source provides basic combat only, no special ability; proposed silhouette is an art suggestion, not approved lore or boss behavior.",SPEC_ONLY_NOT_PRODUCED
wc_vn_n_seedpod_silhouette,content,neutral_silhouette,wc_vn_n_seedpod,Skittering Seedpod silhouette,P1current,vector_authored,"[256, 256]","[[128, 128], [64, 64], [32, 32]]",Compact seed husk above a skittering leg silhouette. Reduce to one clear shape for wave preview and recap.,"[""base""]","Approve an original neutral identity first. Current source provides basic combat only, no special ability; proposed silhouette is an art suggestion, not approved lore or boss behavior.",SPEC_ONLY_NOT_PRODUCED
wc_vn_n_reed_archer_portrait,content,neutral_portrait,wc_vn_n_reed_archer,Reed Archer portrait,P1current,generator_illustration,"[1024, 1024]","[[256, 256], [128, 128], [64, 64]]","Tall split reed bow-stalk and one unmistakably narrow firing profile. Neutral field-guide portrait with a distinct shape, never a recolored hero.","[""base""]","Approve an original neutral identity first. Current source provides basic combat only, no special ability; proposed silhouette is an art suggestion, not approved lore or boss behavior.",SPEC_ONLY_NOT_PRODUCED
wc_vn_n_reed_archer_silhouette,content,neutral_silhouette,wc_vn_n_reed_archer,Reed Archer silhouette,P1current,vector_authored,"[256, 256]","[[128, 128], [64, 64], [32, 32]]",Tall split reed bow-stalk and one unmistakably narrow firing profile. Reduce to one clear shape for wave preview and recap.,"[""base""]","Approve an original neutral identity first. Current source provides basic combat only, no special ability; proposed silhouette is an art suggestion, not approved lore or boss behavior.",SPEC_ONLY_NOT_PRODUCED
wc_vn_n_lantern_bulb_portrait,content,neutral_portrait,wc_vn_n_lantern_bulb,Lantern Bulb portrait,P1current,generator_illustration,"[1024, 1024]","[[256, 256], [128, 128], [64, 64]]","Round glowing botanical bulb over a small grounded root base. Neutral field-guide portrait with a distinct shape, never a recolored hero.","[""base""]","Approve an original neutral identity first. Current source provides basic combat only, no special ability; proposed silhouette is an art suggestion, not approved lore or boss behavior.",SPEC_ONLY_NOT_PRODUCED
wc_vn_n_lantern_bulb_silhouette,content,neutral_silhouette,wc_vn_n_lantern_bulb,Lantern Bulb silhouette,P1current,vector_authored,"[256, 256]","[[128, 128], [64, 64], [32, 32]]",Round glowing botanical bulb over a small grounded root base. Reduce to one clear shape for wave preview and recap.,"[""base""]","Approve an original neutral identity first. Current source provides basic combat only, no special ability; proposed silhouette is an art suggestion, not approved lore or boss behavior.",SPEC_ONLY_NOT_PRODUCED
wc_vn_n_slate_ram_portrait,content,neutral_portrait,wc_vn_n_slate_ram,Slate Ram portrait,P1current,generator_illustration,"[1024, 1024]","[[256, 256], [128, 128], [64, 64]]","Broad stone horn mass over a low durable quadruped silhouette. Neutral field-guide portrait with a distinct shape, never a recolored hero.","[""base""]","Approve an original neutral identity first. Current source provides basic combat only, no special ability; proposed silhouette is an art suggestion, not approved lore or boss behavior.",SPEC_ONLY_NOT_PRODUCED
wc_vn_n_slate_ram_silhouette,content,neutral_silhouette,wc_vn_n_slate_ram,Slate Ram silhouette,P1current,vector_authored,"[256, 256]","[[128, 128], [64, 64], [32, 32]]",Broad stone horn mass over a low durable quadruped silhouette. Reduce to one clear shape for wave preview and recap.,"[""base""]","Approve an original neutral identity first. Current source provides basic combat only, no special ability; proposed silhouette is an art suggestion, not approved lore or boss behavior.",SPEC_ONLY_NOT_PRODUCED
wc_vn_n_glass_moth_portrait,content,neutral_portrait,wc_vn_n_glass_moth,Glass Moth portrait,P1current,generator_illustration,"[1024, 1024]","[[256, 256], [128, 128], [64, 64]]","Two translucent wing lobes around a narrow central body; preserve the outer edge. Neutral field-guide portrait with a distinct shape, never a recolored hero.","[""base""]","Approve an original neutral identity first. Current source provides basic combat only, no special ability; proposed silhouette is an art suggestion, not approved lore or boss behavior.",SPEC_ONLY_NOT_PRODUCED
wc_vn_n_glass_moth_silhouette,content,neutral_silhouette,wc_vn_n_glass_moth,Glass Moth silhouette,P1current,vector_authored,"[256, 256]","[[128, 128], [64, 64], [32, 32]]",Two translucent wing lobes around a narrow central body; preserve the outer edge. Reduce to one clear shape for wave preview and recap.,"[""base""]","Approve an original neutral identity first. Current source provides basic combat only, no special ability; proposed silhouette is an art suggestion, not approved lore or boss behavior.",SPEC_ONLY_NOT_PRODUCED
wc_vn_n_root_sentinel_portrait,content,neutral_portrait,wc_vn_n_root_sentinel,Root Sentinel portrait,P1current,generator_illustration,"[1024, 1024]","[[256, 256], [128, 128], [64, 64]]","Upright root-and-stone guarding mass on broad feet. Neutral field-guide portrait with a distinct shape, never a recolored hero.","[""base""]","Approve an original neutral identity first. Current source provides basic combat only, no special ability; proposed silhouette is an art suggestion, not approved lore or boss behavior.",SPEC_ONLY_NOT_PRODUCED
wc_vn_n_root_sentinel_silhouette,content,neutral_silhouette,wc_vn_n_root_sentinel,Root Sentinel silhouette,P1current,vector_authored,"[256, 256]","[[128, 128], [64, 64], [32, 32]]",Upright root-and-stone guarding mass on broad feet. Reduce to one clear shape for wave preview and recap.,"[""base""]","Approve an original neutral identity first. Current source provides basic combat only, no special ability; proposed silhouette is an art suggestion, not approved lore or boss behavior.",SPEC_ONLY_NOT_PRODUCED
wc_vn_n_hollow_bellkeeper_portrait,content,neutral_portrait,wc_vn_n_hollow_bellkeeper,Hollow Bellkeeper portrait,P1current,generator_illustration,"[1024, 1024]","[[256, 256], [128, 128], [64, 64]]","Hollow bell-shaped body or hood framing an empty interior silhouette. Neutral field-guide portrait with a distinct shape, never a recolored hero.","[""base""]","Approve an original neutral identity first. Current source provides basic combat only, no special ability; proposed silhouette is an art suggestion, not approved lore or boss behavior.",SPEC_ONLY_NOT_PRODUCED
wc_vn_n_hollow_bellkeeper_silhouette,content,neutral_silhouette,wc_vn_n_hollow_bellkeeper,Hollow Bellkeeper silhouette,P1current,vector_authored,"[256, 256]","[[128, 128], [64, 64], [32, 32]]",Hollow bell-shaped body or hood framing an empty interior silhouette. Reduce to one clear shape for wave preview and recap.,"[""base""]","Approve an original neutral identity first. Current source provides basic combat only, no special ability; proposed silhouette is an art suggestion, not approved lore or boss behavior.",SPEC_ONLY_NOT_PRODUCED
ui_panel_primary,ui_environment_vfx,ui_panels,,Panel Primary,P1,vector_authored,"[512, 512]","[""responsive_9slice""]","Reusable primary panel: quiet parchment or stone center, restrained bronze/ink edge; separate shadow; nine-slice protected corners.","[""default"", ""high_contrast""]","[""REF01"", ""REF02""]",SPEC_ONLY_NOT_PRODUCED
ui_panel_secondary,ui_environment_vfx,ui_panels,,Panel Secondary,P2,vector_authored,"[512, 512]","[""responsive_9slice""]","Reusable secondary panel: quiet parchment or stone center, restrained bronze/ink edge; separate shadow; nine-slice protected corners.","[""default"", ""high_contrast""]","[""REF01"", ""REF02""]",SPEC_ONLY_NOT_PRODUCED
ui_panel_modal,ui_environment_vfx,ui_panels,,Panel Modal,P2,vector_authored,"[512, 512]","[""responsive_9slice""]","Reusable modal panel: quiet parchment or stone center, restrained bronze/ink edge; separate shadow; nine-slice protected corners.","[""default"", ""high_contrast""]","[""REF01"", ""REF02""]",SPEC_ONLY_NOT_PRODUCED
ui_panel_tooltip,ui_environment_vfx,ui_panels,,Panel Tooltip,P2,vector_authored,"[512, 512]","[""responsive_9slice""]","Reusable tooltip panel: quiet parchment or stone center, restrained bronze/ink edge; separate shadow; nine-slice protected corners.","[""default"", ""high_contrast""]","[""REF01"", ""REF02""]",SPEC_ONLY_NOT_PRODUCED
ui_panel_inset,ui_environment_vfx,ui_panels,,Panel Inset,P2,vector_authored,"[512, 512]","[""responsive_9slice""]","Reusable inset panel: quiet parchment or stone center, restrained bronze/ink edge; separate shadow; nine-slice protected corners.","[""default"", ""high_contrast""]","[""REF01"", ""REF02""]",SPEC_ONLY_NOT_PRODUCED
ui_panel_toast,ui_environment_vfx,ui_panels,,Panel Toast,P2,vector_authored,"[512, 512]","[""responsive_9slice""]","Reusable toast panel: quiet parchment or stone center, restrained bronze/ink edge; separate shadow; nine-slice protected corners.","[""default"", ""high_contrast""]","[""REF01"", ""REF02""]",SPEC_ONLY_NOT_PRODUCED
ui_button_primary,ui_environment_vfx,ui_controls,,Button Primary,P1,vector_authored,"[512, 512]","[""responsive_9slice""]",Layered button template; keyboard focus remains independent of hover and selection. Native text; states reuse geometry.,"[""default"", ""hover"", ""pressed"", ""focused"", ""disabled"", ""selected""]","[""REF01"", ""REF02""]",SPEC_ONLY_NOT_PRODUCED
ui_button_secondary,ui_environment_vfx,ui_controls,,Button Secondary,P2,vector_authored,"[512, 512]","[""responsive_9slice""]",Layered button template; keyboard focus remains independent of hover and selection. Native text; states reuse geometry.,"[""default"", ""hover"", ""pressed"", ""focused"", ""disabled"", ""selected""]","[""REF01"", ""REF02""]",SPEC_ONLY_NOT_PRODUCED
ui_button_icon,ui_environment_vfx,ui_controls,,Button Icon,P2,vector_authored,"[512, 512]","[""responsive_9slice""]",Layered button template; keyboard focus remains independent of hover and selection. Native text; states reuse geometry.,"[""default"", ""hover"", ""pressed"", ""focused"", ""disabled"", ""selected""]","[""REF01"", ""REF02""]",SPEC_ONLY_NOT_PRODUCED
ui_button_tab,ui_environment_vfx,ui_controls,,Button Tab,P2,vector_authored,"[512, 512]","[""responsive_9slice""]",Layered button template; keyboard focus remains independent of hover and selection. Native text; states reuse geometry.,"[""default"", ""hover"", ""pressed"", ""focused"", ""disabled"", ""selected""]","[""REF01"", ""REF02""]",SPEC_ONLY_NOT_PRODUCED
ui_field_text,ui_environment_vfx,ui_controls,,Field Text,P2,vector_authored,"[512, 512]","[""responsive_9slice""]",Native text control with reusable border and explicit validation feedback.,"[""empty"", ""filled"", ""focused"", ""invalid"", ""disabled""]","[""REF01"", ""REF02""]",SPEC_ONLY_NOT_PRODUCED
ui_field_search,ui_environment_vfx,ui_controls,,Field Search,P2,vector_authored,"[512, 512]","[""responsive_9slice""]",Native search control with reusable border and explicit validation feedback.,"[""empty"", ""filled"", ""focused"", ""invalid"", ""disabled""]","[""REF01"", ""REF02""]",SPEC_ONLY_NOT_PRODUCED
ui_field_dropdown,ui_environment_vfx,ui_controls,,Field Dropdown,P2,vector_authored,"[512, 512]","[""responsive_9slice""]",Native dropdown control with reusable border and explicit validation feedback.,"[""empty"", ""filled"", ""focused"", ""invalid"", ""disabled""]","[""REF01"", ""REF02""]",SPEC_ONLY_NOT_PRODUCED
ui_field_number,ui_environment_vfx,ui_controls,,Field Number,P2,vector_authored,"[512, 512]","[""responsive_9slice""]",Native number control with reusable border and explicit validation feedback.,"[""empty"", ""filled"", ""focused"", ""invalid"", ""disabled""]","[""REF01"", ""REF02""]",SPEC_ONLY_NOT_PRODUCED
ui_control_checkbox,ui_environment_vfx,ui_controls,,Control Checkbox,P2,vector_authored,"[256, 256]","[64, 48, 32, 24]","Checkbox template with separate track, handle or check layers as relevant; no baked text.","[""default"", ""hover"", ""focused"", ""pressed"", ""checked_or_active"", ""disabled""]","[""REF01"", ""REF02""]",SPEC_ONLY_NOT_PRODUCED
ui_control_toggle,ui_environment_vfx,ui_controls,,Control Toggle,P2,vector_authored,"[256, 256]","[64, 48, 32, 24]","Toggle template with separate track, handle or check layers as relevant; no baked text.","[""default"", ""hover"", ""focused"", ""pressed"", ""checked_or_active"", ""disabled""]","[""REF01"", ""REF02""]",SPEC_ONLY_NOT_PRODUCED
ui_control_slider,ui_environment_vfx,ui_controls,,Control Slider,P2,vector_authored,"[256, 256]","[64, 48, 32, 24]","Slider template with separate track, handle or check layers as relevant; no baked text.","[""default"", ""hover"", ""focused"", ""pressed"", ""checked_or_active"", ""disabled""]","[""REF01"", ""REF02""]",SPEC_ONLY_NOT_PRODUCED
ui_control_scrollbar,ui_environment_vfx,ui_controls,,Control Scrollbar,P2,vector_authored,"[256, 256]","[64, 48, 32, 24]","Scrollbar template with separate track, handle or check layers as relevant; no baked text.","[""default"", ""hover"", ""focused"", ""pressed"", ""checked_or_active"", ""disabled""]","[""REF01"", ""REF02""]",SPEC_ONLY_NOT_PRODUCED
ui_detail_divider,ui_environment_vfx,ui_details,,Detail Divider,P2,vector_authored,"[512, 512]","[""responsive""]",Divider for the shared UI kit; tooltip pointer rotates to four edges and keeps border continuity.,"[""default""]","[""REF01"", ""REF02""]",SPEC_ONLY_NOT_PRODUCED
ui_detail_corner_ornament,ui_environment_vfx,ui_details,,Detail Corner Ornament,P2,vector_authored,"[512, 512]","[""responsive""]",Corner Ornament for the shared UI kit; tooltip pointer rotates to four edges and keeps border continuity.,"[""default""]","[""REF01"", ""REF02""]",SPEC_ONLY_NOT_PRODUCED
ui_detail_shadow,ui_environment_vfx,ui_details,,Detail Shadow,P2,shader_or_runtime,"[512, 512]","[""responsive""]",Shadow for the shared UI kit; tooltip pointer rotates to four edges and keeps border continuity.,"[""default""]","[""REF01"", ""REF02""]",SPEC_ONLY_NOT_PRODUCED
ui_detail_tooltip_pointer,ui_environment_vfx,ui_details,,Detail Tooltip Pointer,P2,vector_authored,"[512, 512]","[""responsive""]",Tooltip Pointer for the shared UI kit; tooltip pointer rotates to four edges and keeps border continuity.,"[""default""]","[""REF01"", ""REF02""]",SPEC_ONLY_NOT_PRODUCED
ui_card_unit,ui_environment_vfx,ui_cards,,Card Unit,P1,vector_authored,"[512, 512]","[""responsive_9slice""]","One shared unit card composition; portrait viewport, dynamic name/cost/traits/owned-copy counter and ability affordance remain separate.","[""available"", ""hover"", ""focus"", ""selected"", ""unaffordable"", ""purchased"", ""locked"", ""merge_available""]","[""REF01"", ""REF02""]",SPEC_ONLY_NOT_PRODUCED
ui_card_cost_1,ui_environment_vfx,ui_cards,cost:1,Card Cost 1,P1,vector_authored,"[512, 512]","[""card_overlay"", ""24px_badge""]","Cost-1 border/badge layer; tier silhouette and numeric value accompany color. Reuse base geometry, not five new card illustrations.","[""default"", ""disabled""]","[""REF01"", ""REF02""]",SPEC_ONLY_NOT_PRODUCED
ui_card_cost_2,ui_environment_vfx,ui_cards,cost:2,Card Cost 2,P1,vector_authored,"[512, 512]","[""card_overlay"", ""24px_badge""]","Cost-2 border/badge layer; tier silhouette and numeric value accompany color. Reuse base geometry, not five new card illustrations.","[""default"", ""disabled""]","[""REF01"", ""REF02""]",SPEC_ONLY_NOT_PRODUCED
ui_card_cost_3,ui_environment_vfx,ui_cards,cost:3,Card Cost 3,P1,vector_authored,"[512, 512]","[""card_overlay"", ""24px_badge""]","Cost-3 border/badge layer; tier silhouette and numeric value accompany color. Reuse base geometry, not five new card illustrations.","[""default"", ""disabled""]","[""REF01"", ""REF02""]",SPEC_ONLY_NOT_PRODUCED
ui_card_cost_4,ui_environment_vfx,ui_cards,cost:4,Card Cost 4,P1,vector_authored,"[512, 512]","[""card_overlay"", ""24px_badge""]","Cost-4 border/badge layer; tier silhouette and numeric value accompany color. Reuse base geometry, not five new card illustrations.","[""default"", ""disabled""]","[""REF01"", ""REF02""]",SPEC_ONLY_NOT_PRODUCED
ui_card_cost_5,ui_environment_vfx,ui_cards,cost:5,Card Cost 5,P1,vector_authored,"[512, 512]","[""card_overlay"", ""24px_badge""]","Cost-5 border/badge layer; tier silhouette and numeric value accompany color. Reuse base geometry, not five new card illustrations.","[""default"", ""disabled""]","[""REF01"", ""REF02""]",SPEC_ONLY_NOT_PRODUCED
ui_portrait_mask,ui_environment_vfx,ui_cards,,Portrait Mask,P1,vector_authored,"[512, 512]","[256, 128, 64]","Shared crop/safe-area mask; do not clip hero identity signifier, eyes or silhouette at small size.","[""default""]","[""REF02"", ""REF03""]",SPEC_ONLY_NOT_PRODUCED
ui_card_overlay_selected,ui_environment_vfx,ui_cards,,Card Overlay Selected,P2,vector_authored,"[256, 256]","[64, 48, 32, 24]","Selected overlay, distinct shape and native explanatory text; merge overlay indicates exact copies rather than a generic rarity glow.","[""inactive"", ""active""]","[""REF01"", ""REF02""]",SPEC_ONLY_NOT_PRODUCED
ui_card_overlay_unaffordable,ui_environment_vfx,ui_cards,,Card Overlay Unaffordable,P2,vector_authored,"[256, 256]","[64, 48, 32, 24]","Unaffordable overlay, distinct shape and native explanatory text; merge overlay indicates exact copies rather than a generic rarity glow.","[""inactive"", ""active""]","[""REF01"", ""REF02""]",SPEC_ONLY_NOT_PRODUCED
ui_card_overlay_purchased,ui_environment_vfx,ui_cards,,Card Overlay Purchased,P2,vector_authored,"[256, 256]","[64, 48, 32, 24]","Purchased overlay, distinct shape and native explanatory text; merge overlay indicates exact copies rather than a generic rarity glow.","[""inactive"", ""active""]","[""REF01"", ""REF02""]",SPEC_ONLY_NOT_PRODUCED
ui_card_overlay_locked,ui_environment_vfx,ui_cards,,Card Overlay Locked,P2,vector_authored,"[256, 256]","[64, 48, 32, 24]","Locked overlay, distinct shape and native explanatory text; merge overlay indicates exact copies rather than a generic rarity glow.","[""inactive"", ""active""]","[""REF01"", ""REF02""]",SPEC_ONLY_NOT_PRODUCED
ui_card_overlay_merge_ready,ui_environment_vfx,ui_cards,,Card Overlay Merge Ready,P2,vector_authored,"[256, 256]","[64, 48, 32, 24]","Merge Ready overlay, distinct shape and native explanatory text; merge overlay indicates exact copies rather than a generic rarity glow.","[""inactive"", ""active""]","[""REF01"", ""REF02""]",SPEC_ONLY_NOT_PRODUCED
ui_card_overlay_owned_copy_pip,ui_environment_vfx,ui_cards,,Card Overlay Owned Copy Pip,P1,vector_authored,"[256, 256]","[64, 48, 32, 24]","Owned Copy Pip overlay, distinct shape and native explanatory text; merge overlay indicates exact copies rather than a generic rarity glow.","[""inactive"", ""active""]","[""REF01"", ""REF02""]",SPEC_ONLY_NOT_PRODUCED
ui_bench_slot,ui_environment_vfx,ui_slots,,Bench Slot,P1,vector_authored,"[512, 512]","[112, 96, 80, 64]",One reusable slot instanced ten times; no baked ten-slot bitmap. Move onto occupied slot may swap through the existing Move command; not a new independent Swap feature.,"[""empty"", ""occupied"", ""selected"", ""move_destination"", ""swap_destination"", ""full"", ""disabled""]","[""REF01"", ""REF02""]",SPEC_ONLY_NOT_PRODUCED
ui_relic_card,ui_environment_vfx,ui_cards,,Relic Card,P1,vector_authored,"[512, 512]","[""responsive_9slice""]","Three-choice draft/inventory card template with canonical relic icon, description, drawback and compatibility text.","[""available"", ""hover"", ""focused"", ""selected"", ""unavailable""]","[""REF01"", ""REF02""]",SPEC_ONLY_NOT_PRODUCED
ui_relic_slot,ui_environment_vfx,ui_slots,,Relic Slot,P1,vector_authored,"[256, 256]","[64, 48, 32, 24]",Reusable inventory/equipped micro-slot; one relic per hero and three per team. No component-crafting states.,"[""empty"", ""owned"", ""equipped"", ""compatible"", ""incompatible"", ""no_selection"", ""future_use"", ""disabled""]","[""REF01"", ""REF02""]",SPEC_ONLY_NOT_PRODUCED
ui_bar_hp_background,ui_environment_vfx,ui_bars,,Bar Hp Background,P1,shader_or_runtime,"[512, 128]","[""screen_scaled_bar""]","Hp Background layered bar; native values and clipping/fill geometry. Mana shown only for actual resource users, shields only while active.","[""empty"", ""partial"", ""full"", ""hidden_when_inapplicable"", ""selected_priority""]","[""REF01"", ""REF02""]",SPEC_ONLY_NOT_PRODUCED
ui_bar_hp_fill,ui_environment_vfx,ui_bars,,Bar Hp Fill,P1,shader_or_runtime,"[512, 128]","[""screen_scaled_bar""]","Hp Fill layered bar; native values and clipping/fill geometry. Mana shown only for actual resource users, shields only while active.","[""empty"", ""partial"", ""full"", ""hidden_when_inapplicable"", ""selected_priority""]","[""REF01"", ""REF02""]",SPEC_ONLY_NOT_PRODUCED
ui_bar_mana_background,ui_environment_vfx,ui_bars,,Bar Mana Background,P1,shader_or_runtime,"[512, 128]","[""screen_scaled_bar""]","Mana Background layered bar; native values and clipping/fill geometry. Mana shown only for actual resource users, shields only while active.","[""empty"", ""partial"", ""full"", ""hidden_when_inapplicable"", ""selected_priority""]","[""REF01"", ""REF02""]",SPEC_ONLY_NOT_PRODUCED
ui_bar_mana_fill,ui_environment_vfx,ui_bars,,Bar Mana Fill,P1,shader_or_runtime,"[512, 128]","[""screen_scaled_bar""]","Mana Fill layered bar; native values and clipping/fill geometry. Mana shown only for actual resource users, shields only while active.","[""empty"", ""partial"", ""full"", ""hidden_when_inapplicable"", ""selected_priority""]","[""REF01"", ""REF02""]",SPEC_ONLY_NOT_PRODUCED
ui_bar_shield,ui_environment_vfx,ui_bars,,Bar Shield,P2,shader_or_runtime,"[512, 128]","[""screen_scaled_bar""]","Shield layered bar; native values and clipping/fill geometry. Mana shown only for actual resource users, shields only while active.","[""empty"", ""partial"", ""full"", ""hidden_when_inapplicable"", ""selected_priority""]","[""REF01"", ""REF02""]",SPEC_ONLY_NOT_PRODUCED
ui_bar_level_xp,ui_environment_vfx,ui_bars,,Bar Level Xp,P2,shader_or_runtime,"[512, 128]","[""screen_scaled_bar""]","Level Xp layered bar; native values and clipping/fill geometry. Mana shown only for actual resource users, shields only while active.","[""empty"", ""partial"", ""full"", ""hidden_when_inapplicable"", ""selected_priority""]","[""REF01"", ""REF02""]",SPEC_ONLY_NOT_PRODUCED
ui_bar_phase_timer,ui_environment_vfx,ui_bars,,Bar Phase Timer,P2,shader_or_runtime,"[512, 128]","[""screen_scaled_bar""]","Phase Timer layered bar; native values and clipping/fill geometry. Mana shown only for actual resource users, shields only while active.","[""empty"", ""partial"", ""full"", ""hidden_when_inapplicable"", ""selected_priority""]","[""REF01"", ""REF02""]",SPEC_ONLY_NOT_PRODUCED
ui_star_1,ui_environment_vfx,ui_badges,star:1,Star 1,P1,vector_authored,"[256, 256]","[64, 48, 32, 24]","1-star badge with count/shape readable without color; reused across hero labels, cards, bench and bestiary. No portrait palette-swap requirement.","[""default""]","[""REF01"", ""REF02""]",SPEC_ONLY_NOT_PRODUCED
ui_star_2,ui_environment_vfx,ui_badges,star:2,Star 2,P1,vector_authored,"[256, 256]","[64, 48, 32, 24]","2-star badge with count/shape readable without color; reused across hero labels, cards, bench and bestiary. No portrait palette-swap requirement.","[""default""]","[""REF01"", ""REF02""]",SPEC_ONLY_NOT_PRODUCED
ui_star_3,ui_environment_vfx,ui_badges,star:3,Star 3,P1,vector_authored,"[256, 256]","[64, 48, 32, 24]","3-star badge with count/shape readable without color; reused across hero labels, cards, bench and bestiary. No portrait palette-swap requirement.","[""default""]","[""REF01"", ""REF02""]",SPEC_ONLY_NOT_PRODUCED
ui_standings_player_row,ui_environment_vfx,ui_standings,,Standings Player Row,P2,vector_authored,"[512, 128]","[""responsive_9slice""]","Player Row state in an eight-seat standings component. Public scouting never reveals private bench, shop or relic offers.","[""default"", ""selected"", ""focused""]","[""REF01"", ""REF02""]",SPEC_ONLY_NOT_PRODUCED
ui_standings_seat_badge,ui_environment_vfx,ui_standings,,Standings Seat Badge,P2,vector_authored,"[256, 256]","[48, 32, 24]","Seat Badge state in an eight-seat standings component. Public scouting never reveals private bench, shop or relic offers.","[""default"", ""selected"", ""focused""]","[""REF01"", ""REF02""]",SPEC_ONLY_NOT_PRODUCED
ui_standings_opponent,ui_environment_vfx,ui_standings,,Standings Opponent,P2,vector_authored,"[256, 256]","[48, 32, 24]","Opponent state in an eight-seat standings component. Public scouting never reveals private bench, shop or relic offers.","[""default"", ""selected"", ""focused""]","[""REF01"", ""REF02""]",SPEC_ONLY_NOT_PRODUCED
ui_standings_own_seat,ui_environment_vfx,ui_standings,,Standings Own Seat,P2,vector_authored,"[256, 256]","[48, 32, 24]","Own Seat state in an eight-seat standings component. Public scouting never reveals private bench, shop or relic offers.","[""default"", ""selected"", ""focused""]","[""REF01"", ""REF02""]",SPEC_ONLY_NOT_PRODUCED
ui_standings_ready,ui_environment_vfx,ui_standings,,Standings Ready,P2,vector_authored,"[256, 256]","[48, 32, 24]","Ready state in an eight-seat standings component. Public scouting never reveals private bench, shop or relic offers.","[""default"", ""selected"", ""focused""]","[""REF01"", ""REF02""]",SPEC_ONLY_NOT_PRODUCED
ui_standings_eliminated,ui_environment_vfx,ui_standings,,Standings Eliminated,P2,vector_authored,"[256, 256]","[48, 32, 24]","Eliminated state in an eight-seat standings component. Public scouting never reveals private bench, shop or relic offers.","[""default"", ""selected"", ""focused""]","[""REF01"", ""REF02""]",SPEC_ONLY_NOT_PRODUCED
ui_standings_ghost,ui_environment_vfx,ui_standings,,Standings Ghost,P2,vector_authored,"[256, 256]","[48, 32, 24]","Ghost state in an eight-seat standings component. Public scouting never reveals private bench, shop or relic offers.","[""default"", ""selected"", ""focused""]","[""REF01"", ""REF02""]",SPEC_ONLY_NOT_PRODUCED
ui_match_round,ui_environment_vfx,ui_match,,Match Round,P2,vector_authored,"[256, 256]","[""responsive""]",Round marker/banner; dynamic round/phase/timing text. Boss styling waits for implemented boss content.,"[""default""]","[""REF01"", ""REF02""]",SPEC_ONLY_NOT_PRODUCED
ui_match_neutral,ui_environment_vfx,ui_match,,Match Neutral,P2,vector_authored,"[256, 256]","[""responsive""]",Neutral marker/banner; dynamic round/phase/timing text. Boss styling waits for implemented boss content.,"[""default""]","[""REF01"", ""REF02""]",SPEC_ONLY_NOT_PRODUCED
ui_match_boss,ui_environment_vfx,ui_match,,Match Boss,P3,vector_authored,"[256, 256]","[""responsive""]",Boss marker/banner; dynamic round/phase/timing text. Boss styling waits for implemented boss content.,"[""default""]","[""REF01"", ""REF02""]",SPEC_ONLY_NOT_PRODUCED
ui_match_relic_draft,ui_environment_vfx,ui_match,,Match Relic Draft,P2,vector_authored,"[256, 256]","[""responsive""]",Relic Draft marker/banner; dynamic round/phase/timing text. Boss styling waits for implemented boss content.,"[""default""]","[""REF01"", ""REF02""]",SPEC_ONLY_NOT_PRODUCED
ui_match_phase_banner,ui_environment_vfx,ui_match,,Match Phase Banner,P2,vector_authored,"[512, 256]","[""responsive""]",Phase Banner marker/banner; dynamic round/phase/timing text. Boss styling waits for implemented boss content.,"[""default""]","[""REF01"", ""REF02""]",SPEC_ONLY_NOT_PRODUCED
ui_glyph_gold,ui_environment_vfx,glyph_economy,,Glyph Gold,P1,vector_authored,"[256, 256]","[64, 48, 32, 24]","Gold semantic glyph: clean vector silhouette, clear 24px fallback; label/number is separate native text.","[""default""]","[""REF01"", ""REF02""]",SPEC_ONLY_NOT_PRODUCED
ui_glyph_xp,ui_environment_vfx,glyph_economy,,Glyph Xp,P2,vector_authored,"[256, 256]","[64, 48, 32, 24]","Xp semantic glyph: clean vector silhouette, clear 24px fallback; label/number is separate native text.","[""default""]","[""REF01"", ""REF02""]",SPEC_ONLY_NOT_PRODUCED
ui_glyph_level,ui_environment_vfx,glyph_economy,,Glyph Level,P2,vector_authored,"[256, 256]","[64, 48, 32, 24]","Level semantic glyph: clean vector silhouette, clear 24px fallback; label/number is separate native text.","[""default""]","[""REF01"", ""REF02""]",SPEC_ONLY_NOT_PRODUCED
ui_glyph_captain_health,ui_environment_vfx,glyph_economy,,Glyph Captain Health,P2,vector_authored,"[256, 256]","[64, 48, 32, 24]","Captain Health semantic glyph: clean vector silhouette, clear 24px fallback; label/number is separate native text.","[""default""]","[""REF01"", ""REF02""]",SPEC_ONLY_NOT_PRODUCED
ui_glyph_deployment_count,ui_environment_vfx,glyph_economy,,Glyph Deployment Count,P2,vector_authored,"[256, 256]","[64, 48, 32, 24]","Deployment Count semantic glyph: clean vector silhouette, clear 24px fallback; label/number is separate native text.","[""default""]","[""REF01"", ""REF02""]",SPEC_ONLY_NOT_PRODUCED
ui_glyph_bench_capacity,ui_environment_vfx,glyph_economy,,Glyph Bench Capacity,P2,vector_authored,"[256, 256]","[64, 48, 32, 24]","Bench Capacity semantic glyph: clean vector silhouette, clear 24px fallback; label/number is separate native text.","[""default""]","[""REF01"", ""REF02""]",SPEC_ONLY_NOT_PRODUCED
ui_glyph_health,ui_environment_vfx,glyph_stats,,Glyph Health,P2,vector_authored,"[256, 256]","[64, 48, 32, 24]","Health semantic glyph: clean vector silhouette, clear 24px fallback; label/number is separate native text.","[""default""]","[""REF01"", ""REF02""]",SPEC_ONLY_NOT_PRODUCED
ui_glyph_basic_damage,ui_environment_vfx,glyph_stats,,Glyph Basic Damage,P2,vector_authored,"[256, 256]","[64, 48, 32, 24]","Basic Damage semantic glyph: clean vector silhouette, clear 24px fallback; label/number is separate native text.","[""default""]","[""REF01"", ""REF02""]",SPEC_ONLY_NOT_PRODUCED
ui_glyph_attack_interval,ui_environment_vfx,glyph_stats,,Glyph Attack Interval,P2,vector_authored,"[256, 256]","[64, 48, 32, 24]","Attack Interval semantic glyph: clean vector silhouette, clear 24px fallback; label/number is separate native text.","[""default""]","[""REF01"", ""REF02""]",SPEC_ONLY_NOT_PRODUCED
ui_glyph_armor,ui_environment_vfx,glyph_stats,,Glyph Armor,P2,vector_authored,"[256, 256]","[64, 48, 32, 24]","Armor semantic glyph: clean vector silhouette, clear 24px fallback; label/number is separate native text.","[""default""]","[""REF01"", ""REF02""]",SPEC_ONLY_NOT_PRODUCED
ui_glyph_resistance,ui_environment_vfx,glyph_stats,,Glyph Resistance,P2,vector_authored,"[256, 256]","[64, 48, 32, 24]","Resistance semantic glyph: clean vector silhouette, clear 24px fallback; label/number is separate native text.","[""default""]","[""REF01"", ""REF02""]",SPEC_ONLY_NOT_PRODUCED
ui_glyph_melee,ui_environment_vfx,glyph_stats,,Glyph Melee,P1,vector_authored,"[256, 256]","[64, 48, 32, 24]","Melee semantic glyph: clean vector silhouette, clear 24px fallback; label/number is separate native text.","[""default""]","[""REF01"", ""REF02""]",SPEC_ONLY_NOT_PRODUCED
ui_glyph_ranged,ui_environment_vfx,glyph_stats,,Glyph Ranged,P1,vector_authored,"[256, 256]","[64, 48, 32, 24]","Ranged semantic glyph: clean vector silhouette, clear 24px fallback; label/number is separate native text.","[""default""]","[""REF01"", ""REF02""]",SPEC_ONLY_NOT_PRODUCED
ui_glyph_mana,ui_environment_vfx,glyph_stats,,Glyph Mana,P1,vector_authored,"[256, 256]","[64, 48, 32, 24]","Mana semantic glyph: clean vector silhouette, clear 24px fallback; label/number is separate native text.","[""default""]","[""REF01"", ""REF02""]",SPEC_ONLY_NOT_PRODUCED
ui_glyph_reach,ui_environment_vfx,glyph_stats,,Glyph Reach,P2,vector_authored,"[256, 256]","[64, 48, 32, 24]","Reach semantic glyph: clean vector silhouette, clear 24px fallback; label/number is separate native text.","[""default""]","[""REF01"", ""REF02""]",SPEC_ONLY_NOT_PRODUCED
ui_glyph_area,ui_environment_vfx,glyph_stats,,Glyph Area,P2,vector_authored,"[256, 256]","[64, 48, 32, 24]","Area semantic glyph: clean vector silhouette, clear 24px fallback; label/number is separate native text.","[""default""]","[""REF01"", ""REF02""]",SPEC_ONLY_NOT_PRODUCED
ui_glyph_duration,ui_environment_vfx,glyph_stats,,Glyph Duration,P2,vector_authored,"[256, 256]","[64, 48, 32, 24]","Duration semantic glyph: clean vector silhouette, clear 24px fallback; label/number is separate native text.","[""default""]","[""REF01"", ""REF02""]",SPEC_ONLY_NOT_PRODUCED
ui_glyph_passive,ui_environment_vfx,glyph_stats,,Glyph Passive,P2,vector_authored,"[256, 256]","[64, 48, 32, 24]","Passive semantic glyph: clean vector silhouette, clear 24px fallback; label/number is separate native text.","[""default""]","[""REF01"", ""REF02""]",SPEC_ONLY_NOT_PRODUCED
ui_glyph_buy,ui_environment_vfx,glyph_actions,,Glyph Buy,P2,vector_authored,"[256, 256]","[64, 48, 32, 24]","Buy semantic glyph: clean vector silhouette, clear 24px fallback; label/number is separate native text.","[""default""]","[""REF01"", ""REF02""]",SPEC_ONLY_NOT_PRODUCED
ui_glyph_sell,ui_environment_vfx,glyph_actions,,Glyph Sell,P2,vector_authored,"[256, 256]","[64, 48, 32, 24]","Sell semantic glyph: clean vector silhouette, clear 24px fallback; label/number is separate native text.","[""default""]","[""REF01"", ""REF02""]",SPEC_ONLY_NOT_PRODUCED
ui_glyph_reroll,ui_environment_vfx,glyph_actions,,Glyph Reroll,P2,vector_authored,"[256, 256]","[64, 48, 32, 24]","Reroll semantic glyph: clean vector silhouette, clear 24px fallback; label/number is separate native text.","[""default""]","[""REF01"", ""REF02""]",SPEC_ONLY_NOT_PRODUCED
ui_glyph_lock,ui_environment_vfx,glyph_actions,,Glyph Lock,P2,vector_authored,"[256, 256]","[64, 48, 32, 24]","Lock semantic glyph: clean vector silhouette, clear 24px fallback; label/number is separate native text.","[""default""]","[""REF01"", ""REF02""]",SPEC_ONLY_NOT_PRODUCED
ui_glyph_unlock,ui_environment_vfx,glyph_actions,,Glyph Unlock,P2,vector_authored,"[256, 256]","[64, 48, 32, 24]","Unlock semantic glyph: clean vector silhouette, clear 24px fallback; label/number is separate native text.","[""default""]","[""REF01"", ""REF02""]",SPEC_ONLY_NOT_PRODUCED
ui_glyph_ready,ui_environment_vfx,glyph_actions,,Glyph Ready,P2,vector_authored,"[256, 256]","[64, 48, 32, 24]","Ready semantic glyph: clean vector silhouette, clear 24px fallback; label/number is separate native text.","[""default""]","[""REF01"", ""REF02""]",SPEC_ONLY_NOT_PRODUCED
ui_glyph_move,ui_environment_vfx,glyph_actions,,Glyph Move,P2,vector_authored,"[256, 256]","[64, 48, 32, 24]","Move semantic glyph: clean vector silhouette, clear 24px fallback; label/number is separate native text.","[""default""]","[""REF01"", ""REF02""]",SPEC_ONLY_NOT_PRODUCED
ui_glyph_rotate_facing,ui_environment_vfx,glyph_actions,,Glyph Rotate Facing,P2,vector_authored,"[256, 256]","[64, 48, 32, 24]","Rotate Facing semantic glyph: clean vector silhouette, clear 24px fallback; label/number is separate native text.","[""default""]","[""REF01"", ""REF02""]",SPEC_ONLY_NOT_PRODUCED
ui_glyph_select,ui_environment_vfx,glyph_actions,,Glyph Select,P2,vector_authored,"[256, 256]","[64, 48, 32, 24]","Select semantic glyph: clean vector silhouette, clear 24px fallback; label/number is separate native text.","[""default""]","[""REF01"", ""REF02""]",SPEC_ONLY_NOT_PRODUCED
ui_glyph_clear_selection,ui_environment_vfx,glyph_actions,,Glyph Clear Selection,P2,vector_authored,"[256, 256]","[64, 48, 32, 24]","Clear Selection semantic glyph: clean vector silhouette, clear 24px fallback; label/number is separate native text.","[""default""]","[""REF01"", ""REF02""]",SPEC_ONLY_NOT_PRODUCED
ui_glyph_inspect,ui_environment_vfx,glyph_actions,,Glyph Inspect,P2,vector_authored,"[256, 256]","[64, 48, 32, 24]","Inspect semantic glyph: clean vector silhouette, clear 24px fallback; label/number is separate native text.","[""default""]","[""REF01"", ""REF02""]",SPEC_ONLY_NOT_PRODUCED
ui_glyph_equip,ui_environment_vfx,glyph_actions,,Glyph Equip,P2,vector_authored,"[256, 256]","[64, 48, 32, 24]","Equip semantic glyph: clean vector silhouette, clear 24px fallback; label/number is separate native text.","[""default""]","[""REF01"", ""REF02""]",SPEC_ONLY_NOT_PRODUCED
ui_glyph_unequip,ui_environment_vfx,glyph_actions,,Glyph Unequip,P2,vector_authored,"[256, 256]","[64, 48, 32, 24]","Unequip semantic glyph: clean vector silhouette, clear 24px fallback; label/number is separate native text.","[""default""]","[""REF01"", ""REF02""]",SPEC_ONLY_NOT_PRODUCED
ui_glyph_scout,ui_environment_vfx,glyph_actions,,Glyph Scout,P2,vector_authored,"[256, 256]","[64, 48, 32, 24]","Scout semantic glyph: clean vector silhouette, clear 24px fallback; label/number is separate native text.","[""default""]","[""REF01"", ""REF02""]",SPEC_ONLY_NOT_PRODUCED
ui_glyph_return_own_board,ui_environment_vfx,glyph_actions,,Glyph Return Own Board,P2,vector_authored,"[256, 256]","[64, 48, 32, 24]","Return Own Board semantic glyph: clean vector silhouette, clear 24px fallback; label/number is separate native text.","[""default""]","[""REF01"", ""REF02""]",SPEC_ONLY_NOT_PRODUCED
ui_glyph_pause,ui_environment_vfx,glyph_actions,,Glyph Pause,P2,vector_authored,"[256, 256]","[64, 48, 32, 24]","Pause semantic glyph: clean vector silhouette, clear 24px fallback; label/number is separate native text.","[""default""]","[""REF01"", ""REF02""]",SPEC_ONLY_NOT_PRODUCED
ui_glyph_resume,ui_environment_vfx,glyph_actions,,Glyph Resume,P2,vector_authored,"[256, 256]","[64, 48, 32, 24]","Resume semantic glyph: clean vector silhouette, clear 24px fallback; label/number is separate native text.","[""default""]","[""REF01"", ""REF02""]",SPEC_ONLY_NOT_PRODUCED
ui_glyph_restart,ui_environment_vfx,glyph_actions,,Glyph Restart,P2,vector_authored,"[256, 256]","[64, 48, 32, 24]","Restart semantic glyph: clean vector silhouette, clear 24px fallback; label/number is separate native text.","[""default""]","[""REF01"", ""REF02""]",SPEC_ONLY_NOT_PRODUCED
ui_glyph_save,ui_environment_vfx,glyph_actions,,Glyph Save,P2,vector_authored,"[256, 256]","[64, 48, 32, 24]","Save semantic glyph: clean vector silhouette, clear 24px fallback; label/number is separate native text.","[""default""]","[""REF01"", ""REF02""]",SPEC_ONLY_NOT_PRODUCED
ui_glyph_load,ui_environment_vfx,glyph_actions,,Glyph Load,P2,vector_authored,"[256, 256]","[64, 48, 32, 24]","Load semantic glyph: clean vector silhouette, clear 24px fallback; label/number is separate native text.","[""default""]","[""REF01"", ""REF02""]",SPEC_ONLY_NOT_PRODUCED
ui_glyph_exit,ui_environment_vfx,glyph_actions,,Glyph Exit,P2,vector_authored,"[256, 256]","[64, 48, 32, 24]","Exit semantic glyph: clean vector silhouette, clear 24px fallback; label/number is separate native text.","[""default""]","[""REF01"", ""REF02""]",SPEC_ONLY_NOT_PRODUCED
ui_glyph_settings,ui_environment_vfx,glyph_actions,,Glyph Settings,P2,vector_authored,"[256, 256]","[64, 48, 32, 24]","Settings semantic glyph: clean vector silhouette, clear 24px fallback; label/number is separate native text.","[""default""]","[""REF01"", ""REF02""]",SPEC_ONLY_NOT_PRODUCED
ui_glyph_help,ui_environment_vfx,glyph_actions,,Glyph Help,P2,vector_authored,"[256, 256]","[64, 48, 32, 24]","Help semantic glyph: clean vector silhouette, clear 24px fallback; label/number is separate native text.","[""default""]","[""REF01"", ""REF02""]",SPEC_ONLY_NOT_PRODUCED
ui_glyph_play,ui_environment_vfx,glyph_lab,,Glyph Play,P2,vector_authored,"[256, 256]","[64, 48, 32, 24]","Play semantic glyph: clean vector silhouette, clear 24px fallback; label/number is separate native text.","[""default""]","[""REF01"", ""REF02""]",SPEC_ONLY_NOT_PRODUCED
ui_glyph_step,ui_environment_vfx,glyph_lab,,Glyph Step,P2,vector_authored,"[256, 256]","[64, 48, 32, 24]","Step semantic glyph: clean vector silhouette, clear 24px fallback; label/number is separate native text.","[""default""]","[""REF01"", ""REF02""]",SPEC_ONLY_NOT_PRODUCED
ui_glyph_replay,ui_environment_vfx,glyph_lab,,Glyph Replay,P2,vector_authored,"[256, 256]","[64, 48, 32, 24]","Replay semantic glyph: clean vector silhouette, clear 24px fallback; label/number is separate native text.","[""default""]","[""REF01"", ""REF02""]",SPEC_ONLY_NOT_PRODUCED
ui_glyph_next_scenario,ui_environment_vfx,glyph_lab,,Glyph Next Scenario,P2,vector_authored,"[256, 256]","[64, 48, 32, 24]","Next Scenario semantic glyph: clean vector silhouette, clear 24px fallback; label/number is separate native text.","[""default""]","[""REF01"", ""REF02""]",SPEC_ONLY_NOT_PRODUCED
ui_glyph_formation_a,ui_environment_vfx,glyph_lab,,Glyph Formation A,P2,vector_authored,"[256, 256]","[64, 48, 32, 24]","Formation A semantic glyph: clean vector silhouette, clear 24px fallback; label/number is separate native text.","[""default""]","[""REF01"", ""REF02""]",SPEC_ONLY_NOT_PRODUCED
ui_glyph_formation_b,ui_environment_vfx,glyph_lab,,Glyph Formation B,P2,vector_authored,"[256, 256]","[64, 48, 32, 24]","Formation B semantic glyph: clean vector silhouette, clear 24px fallback; label/number is separate native text.","[""default""]","[""REF01"", ""REF02""]",SPEC_ONLY_NOT_PRODUCED
ui_glyph_mirror,ui_environment_vfx,glyph_lab,,Glyph Mirror,P2,vector_authored,"[256, 256]","[64, 48, 32, 24]","Mirror semantic glyph: clean vector silhouette, clear 24px fallback; label/number is separate native text.","[""default""]","[""REF01"", ""REF02""]",SPEC_ONLY_NOT_PRODUCED
ui_glyph_save_formation,ui_environment_vfx,glyph_lab,,Glyph Save Formation,P2,vector_authored,"[256, 256]","[64, 48, 32, 24]","Save Formation semantic glyph: clean vector silhouette, clear 24px fallback; label/number is separate native text.","[""default""]","[""REF01"", ""REF02""]",SPEC_ONLY_NOT_PRODUCED
ui_glyph_load_formation,ui_environment_vfx,glyph_lab,,Glyph Load Formation,P2,vector_authored,"[256, 256]","[64, 48, 32, 24]","Load Formation semantic glyph: clean vector silhouette, clear 24px fallback; label/number is separate native text.","[""default""]","[""REF01"", ""REF02""]",SPEC_ONLY_NOT_PRODUCED
ui_glyph_reset,ui_environment_vfx,glyph_lab,,Glyph Reset,P2,vector_authored,"[256, 256]","[64, 48, 32, 24]","Reset semantic glyph: clean vector silhouette, clear 24px fallback; label/number is separate native text.","[""default""]","[""REF01"", ""REF02""]",SPEC_ONLY_NOT_PRODUCED
ui_glyph_compare,ui_environment_vfx,glyph_lab,,Glyph Compare,P2,vector_authored,"[256, 256]","[64, 48, 32, 24]","Compare semantic glyph: clean vector silhouette, clear 24px fallback; label/number is separate native text.","[""default""]","[""REF01"", ""REF02""]",SPEC_ONLY_NOT_PRODUCED
ui_glyph_status_demo,ui_environment_vfx,glyph_lab,,Glyph Status Demo,P2,vector_authored,"[256, 256]","[64, 48, 32, 24]","Status Demo semantic glyph: clean vector silhouette, clear 24px fallback; label/number is separate native text.","[""default""]","[""REF01"", ""REF02""]",SPEC_ONLY_NOT_PRODUCED
ui_glyph_back,ui_environment_vfx,glyph_navigation,,Glyph Back,P2,vector_authored,"[256, 256]","[64, 48, 32, 24]","Back semantic glyph: clean vector silhouette, clear 24px fallback; label/number is separate native text.","[""default""]","[""REF01"", ""REF02""]",SPEC_ONLY_NOT_PRODUCED
ui_glyph_close,ui_environment_vfx,glyph_navigation,,Glyph Close,P2,vector_authored,"[256, 256]","[64, 48, 32, 24]","Close semantic glyph: clean vector silhouette, clear 24px fallback; label/number is separate native text.","[""default""]","[""REF01"", ""REF02""]",SPEC_ONLY_NOT_PRODUCED
ui_glyph_expand,ui_environment_vfx,glyph_navigation,,Glyph Expand,P2,vector_authored,"[256, 256]","[64, 48, 32, 24]","Expand semantic glyph: clean vector silhouette, clear 24px fallback; label/number is separate native text.","[""default""]","[""REF01"", ""REF02""]",SPEC_ONLY_NOT_PRODUCED
ui_glyph_collapse,ui_environment_vfx,glyph_navigation,,Glyph Collapse,P2,vector_authored,"[256, 256]","[64, 48, 32, 24]","Collapse semantic glyph: clean vector silhouette, clear 24px fallback; label/number is separate native text.","[""default""]","[""REF01"", ""REF02""]",SPEC_ONLY_NOT_PRODUCED
ui_glyph_previous,ui_environment_vfx,glyph_navigation,,Glyph Previous,P2,vector_authored,"[256, 256]","[64, 48, 32, 24]","Previous semantic glyph: clean vector silhouette, clear 24px fallback; label/number is separate native text.","[""default""]","[""REF01"", ""REF02""]",SPEC_ONLY_NOT_PRODUCED
ui_glyph_next,ui_environment_vfx,glyph_navigation,,Glyph Next,P2,vector_authored,"[256, 256]","[64, 48, 32, 24]","Next semantic glyph: clean vector silhouette, clear 24px fallback; label/number is separate native text.","[""default""]","[""REF01"", ""REF02""]",SPEC_ONLY_NOT_PRODUCED
ui_glyph_search,ui_environment_vfx,glyph_navigation,,Glyph Search,P2,vector_authored,"[256, 256]","[64, 48, 32, 24]","Search semantic glyph: clean vector silhouette, clear 24px fallback; label/number is separate native text.","[""default""]","[""REF01"", ""REF02""]",SPEC_ONLY_NOT_PRODUCED
ui_glyph_filter,ui_environment_vfx,glyph_navigation,,Glyph Filter,P2,vector_authored,"[256, 256]","[64, 48, 32, 24]","Filter semantic glyph: clean vector silhouette, clear 24px fallback; label/number is separate native text.","[""default""]","[""REF01"", ""REF02""]",SPEC_ONLY_NOT_PRODUCED
ui_glyph_info,ui_environment_vfx,glyph_navigation,,Glyph Info,P2,vector_authored,"[256, 256]","[64, 48, 32, 24]","Info semantic glyph: clean vector silhouette, clear 24px fallback; label/number is separate native text.","[""default""]","[""REF01"", ""REF02""]",SPEC_ONLY_NOT_PRODUCED
ui_glyph_warning,ui_environment_vfx,glyph_navigation,,Glyph Warning,P2,vector_authored,"[256, 256]","[64, 48, 32, 24]","Warning semantic glyph: clean vector silhouette, clear 24px fallback; label/number is separate native text.","[""default""]","[""REF01"", ""REF02""]",SPEC_ONLY_NOT_PRODUCED
ui_glyph_rejected,ui_environment_vfx,glyph_navigation,,Glyph Rejected,P2,vector_authored,"[256, 256]","[64, 48, 32, 24]","Rejected semantic glyph: clean vector silhouette, clear 24px fallback; label/number is separate native text.","[""default""]","[""REF01"", ""REF02""]",SPEC_ONLY_NOT_PRODUCED
ui_glyph_busy,ui_environment_vfx,glyph_navigation,,Glyph Busy,P2,vector_authored,"[256, 256]","[64, 48, 32, 24]","Busy semantic glyph: clean vector silhouette, clear 24px fallback; label/number is separate native text.","[""default""]","[""REF01"", ""REF02""]",SPEC_ONLY_NOT_PRODUCED
ui_glyph_success,ui_environment_vfx,glyph_navigation,,Glyph Success,P2,vector_authored,"[256, 256]","[64, 48, 32, 24]","Success semantic glyph: clean vector silhouette, clear 24px fallback; label/number is separate native text.","[""default""]","[""REF01"", ""REF02""]",SPEC_ONLY_NOT_PRODUCED
ui_glyph_stun,ui_environment_vfx,glyph_status,,Glyph Stun,P1,vector_authored,"[256, 256]","[64, 48, 32, 24]","Stun semantic glyph: clean vector silhouette, clear 24px fallback; label/number is separate native text.","[""default""]","[""REF01"", ""REF04""]",SPEC_ONLY_NOT_PRODUCED
ui_glyph_shield,ui_environment_vfx,glyph_status,,Glyph Shield,P2,vector_authored,"[256, 256]","[64, 48, 32, 24]","Shield semantic glyph: clean vector silhouette, clear 24px fallback; label/number is separate native text.","[""default""]","[""REF01"", ""REF04""]",SPEC_ONLY_NOT_PRODUCED
ui_glyph_heal,ui_environment_vfx,glyph_status,,Glyph Heal,P1,vector_authored,"[256, 256]","[64, 48, 32, 24]","Heal semantic glyph: clean vector silhouette, clear 24px fallback; label/number is separate native text.","[""default""]","[""REF01"", ""REF04""]",SPEC_ONLY_NOT_PRODUCED
ui_glyph_modifier_up,ui_environment_vfx,glyph_status,,Glyph Modifier Up,P2,vector_authored,"[256, 256]","[64, 48, 32, 24]","Modifier Up semantic glyph: clean vector silhouette, clear 24px fallback; label/number is separate native text.","[""default""]","[""REF01"", ""REF04""]",SPEC_ONLY_NOT_PRODUCED
ui_glyph_modifier_down,ui_environment_vfx,glyph_status,,Glyph Modifier Down,P2,vector_authored,"[256, 256]","[64, 48, 32, 24]","Modifier Down semantic glyph: clean vector silhouette, clear 24px fallback; label/number is separate native text.","[""default""]","[""REF01"", ""REF04""]",SPEC_ONLY_NOT_PRODUCED
ui_glyph_displacement,ui_environment_vfx,glyph_status,,Glyph Displacement,P2,vector_authored,"[256, 256]","[64, 48, 32, 24]","Displacement semantic glyph: clean vector silhouette, clear 24px fallback; label/number is separate native text.","[""default""]","[""REF01"", ""REF04""]",SPEC_ONLY_NOT_PRODUCED
ui_glyph_guard,ui_environment_vfx,glyph_status,,Glyph Guard,P2,vector_authored,"[256, 256]","[64, 48, 32, 24]","Guard semantic glyph: clean vector silhouette, clear 24px fallback; label/number is separate native text.","[""default""]","[""REF01"", ""REF04""]",SPEC_ONLY_NOT_PRODUCED
ui_glyph_ability_ready,ui_environment_vfx,glyph_status,,Glyph Ability Ready,P2,vector_authored,"[256, 256]","[64, 48, 32, 24]","Ability Ready semantic glyph: clean vector silhouette, clear 24px fallback; label/number is separate native text.","[""default""]","[""REF01"", ""REF04""]",SPEC_ONLY_NOT_PRODUCED
ui_glyph_recovery,ui_environment_vfx,glyph_status,,Glyph Recovery,P2,vector_authored,"[256, 256]","[64, 48, 32, 24]","Recovery semantic glyph: clean vector silhouette, clear 24px fallback; label/number is separate native text.","[""default""]","[""REF01"", ""REF04""]",SPEC_ONLY_NOT_PRODUCED
ui_glyph_future_reconnect,ui_environment_vfx,glyph_future,,Glyph Future Reconnect,P3,vector_authored,"[256, 256]","[64, 48, 32, 24]",Reconnect reserved semantic study. Do not present as an available hero effect or completed player feature.,"[""default""]","[""REF01"", ""REF04""]",SPEC_ONLY_NOT_PRODUCED
ui_glyph_future_disconnected,ui_environment_vfx,glyph_future,,Glyph Future Disconnected,P3,vector_authored,"[256, 256]","[64, 48, 32, 24]",Disconnected reserved semantic study. Do not present as an available hero effect or completed player feature.,"[""default""]","[""REF01"", ""REF04""]",SPEC_ONLY_NOT_PRODUCED
ui_glyph_future_content_mismatch,ui_environment_vfx,glyph_future,,Glyph Future Content Mismatch,P3,vector_authored,"[256, 256]","[64, 48, 32, 24]",Content Mismatch reserved semantic study. Do not present as an available hero effect or completed player feature.,"[""default""]","[""REF01"", ""REF04""]",SPEC_ONLY_NOT_PRODUCED
ui_glyph_future_host_left,ui_environment_vfx,glyph_future,,Glyph Future Host Left,P3,vector_authored,"[256, 256]","[64, 48, 32, 24]",Host Left reserved semantic study. Do not present as an available hero effect or completed player feature.,"[""default""]","[""REF01"", ""REF04""]",SPEC_ONLY_NOT_PRODUCED
ui_glyph_future_summon_owner,ui_environment_vfx,glyph_future,,Glyph Future Summon Owner,P3,vector_authored,"[256, 256]","[64, 48, 32, 24]",Summon Owner reserved semantic study. Do not present as an available hero effect or completed player feature.,"[""default""]","[""REF01"", ""REF04""]",SPEC_ONLY_NOT_PRODUCED
ui_glyph_future_construction,ui_environment_vfx,glyph_future,,Glyph Future Construction,P3,vector_authored,"[256, 256]","[64, 48, 32, 24]",Construction reserved semantic study. Do not present as an available hero effect or completed player feature.,"[""default""]","[""REF01"", ""REF04""]",SPEC_ONLY_NOT_PRODUCED
ui_glyph_future_transformation,ui_environment_vfx,glyph_future,,Glyph Future Transformation,P3,vector_authored,"[256, 256]","[64, 48, 32, 24]",Transformation reserved semantic study. Do not present as an available hero effect or completed player feature.,"[""default""]","[""REF01"", ""REF04""]",SPEC_ONLY_NOT_PRODUCED
ui_glyph_future_silence,ui_environment_vfx,glyph_future,,Glyph Future Silence,P3,vector_authored,"[256, 256]","[64, 48, 32, 24]",Silence reserved semantic study. Do not present as an available hero effect or completed player feature.,"[""default""]","[""REF01"", ""REF04""]",SPEC_ONLY_NOT_PRODUCED
ui_glyph_future_freeze,ui_environment_vfx,glyph_future,,Glyph Future Freeze,P3,vector_authored,"[256, 256]","[64, 48, 32, 24]",Freeze reserved semantic study. Do not present as an available hero effect or completed player feature.,"[""default""]","[""REF01"", ""REF04""]",SPEC_ONLY_NOT_PRODUCED
ui_glyph_future_taunt,ui_environment_vfx,glyph_future,,Glyph Future Taunt,P3,vector_authored,"[256, 256]","[64, 48, 32, 24]",Taunt reserved semantic study. Do not present as an available hero effect or completed player feature.,"[""default""]","[""REF01"", ""REF04""]",SPEC_ONLY_NOT_PRODUCED
ui_glyph_future_untargetable,ui_environment_vfx,glyph_future,,Glyph Future Untargetable,P3,vector_authored,"[256, 256]","[64, 48, 32, 24]",Untargetable reserved semantic study. Do not present as an available hero effect or completed player feature.,"[""default""]","[""REF01"", ""REF04""]",SPEC_ONLY_NOT_PRODUCED
ui_glyph_future_cleanse,ui_environment_vfx,glyph_future,,Glyph Future Cleanse,P3,vector_authored,"[256, 256]","[64, 48, 32, 24]",Cleanse reserved semantic study. Do not present as an available hero effect or completed player feature.,"[""default""]","[""REF01"", ""REF04""]",SPEC_ONLY_NOT_PRODUCED
ui_glyph_future_revive,ui_environment_vfx,glyph_future,,Glyph Future Revive,P3,vector_authored,"[256, 256]","[64, 48, 32, 24]",Revive reserved semantic study. Do not present as an available hero effect or completed player feature.,"[""default""]","[""REF01"", ""REF04""]",SPEC_ONLY_NOT_PRODUCED
ui_glyph_incompatible_save,ui_environment_vfx,glyph_lifecycle,,Glyph Incompatible Save,P2,vector_authored,"[256, 256]","[64, 48, 32, 24]",Incompatible Save explanation symbol paired with dynamic error/instruction text. Save failures preserve the existing file; glyph never substitutes for an actionable reason.,"[""default""]","[""REF01"", ""REF02""]",SPEC_ONLY_NOT_PRODUCED
ui_glyph_corrupt_save,ui_environment_vfx,glyph_lifecycle,,Glyph Corrupt Save,P2,vector_authored,"[256, 256]","[64, 48, 32, 24]",Corrupt Save explanation symbol paired with dynamic error/instruction text. Save failures preserve the existing file; glyph never substitutes for an actionable reason.,"[""default""]","[""REF01"", ""REF02""]",SPEC_ONLY_NOT_PRODUCED
ui_glyph_save_failed,ui_environment_vfx,glyph_lifecycle,,Glyph Save Failed,P2,vector_authored,"[256, 256]","[64, 48, 32, 24]",Save Failed explanation symbol paired with dynamic error/instruction text. Save failures preserve the existing file; glyph never substitutes for an actionable reason.,"[""default""]","[""REF01"", ""REF02""]",SPEC_ONLY_NOT_PRODUCED
ui_glyph_no_results,ui_environment_vfx,glyph_lifecycle,,Glyph No Results,P2,vector_authored,"[256, 256]","[64, 48, 32, 24]",No Results explanation symbol paired with dynamic error/instruction text. Save failures preserve the existing file; glyph never substitutes for an actionable reason.,"[""default""]","[""REF01"", ""REF02""]",SPEC_ONLY_NOT_PRODUCED
ui_glyph_empty_collection,ui_environment_vfx,glyph_lifecycle,,Glyph Empty Collection,P2,vector_authored,"[256, 256]","[64, 48, 32, 24]",Empty Collection explanation symbol paired with dynamic error/instruction text. Save failures preserve the existing file; glyph never substitutes for an actionable reason.,"[""default""]","[""REF01"", ""REF02""]",SPEC_ONLY_NOT_PRODUCED
env_wondergrove_stone_a,ui_environment_vfx,environment_surface,,Wondergrove Stone A,P1,generator_illustration,"[2048, 2048]","[2048, 1024, 512]","Quiet seamless stone albedo variation a; low tactical-center contrast, no perspective, baked shadow or cell labels. Modular 3D mesh defines the board.","[""default""]","[""REF01""]",SPEC_ONLY_NOT_PRODUCED
env_wondergrove_stone_b,ui_environment_vfx,environment_surface,,Wondergrove Stone B,P2,generator_illustration,"[2048, 2048]","[2048, 1024, 512]","Quiet seamless stone albedo variation b; low tactical-center contrast, no perspective, baked shadow or cell labels. Modular 3D mesh defines the board.","[""default""]","[""REF01""]",SPEC_ONLY_NOT_PRODUCED
env_wondergrove_stone_c,ui_environment_vfx,environment_surface,,Wondergrove Stone C,P2,generator_illustration,"[2048, 2048]","[2048, 1024, 512]","Quiet seamless stone albedo variation c; low tactical-center contrast, no perspective, baked shadow or cell labels. Modular 3D mesh defines the board.","[""default""]","[""REF01""]",SPEC_ONLY_NOT_PRODUCED
env_wondergrove_stone_d,ui_environment_vfx,environment_surface,,Wondergrove Stone D,P2,generator_illustration,"[2048, 2048]","[2048, 1024, 512]","Quiet seamless stone albedo variation d; low tactical-center contrast, no perspective, baked shadow or cell labels. Modular 3D mesh defines the board.","[""default""]","[""REF01""]",SPEC_ONLY_NOT_PRODUCED
env_wondergrove_stone_technical_maps,ui_environment_vfx,environment_technical,,Wondergrove Stone Technical Maps,P1,derived_texture,"[2048, 2048]","[2048, 1024, 512]",Stone normal/roughness/coverage or material-ID maps derived and physically checked from approved source; generator colors are not trustworthy technical maps. Channel schema chosen during integration.,"[""default""]","[""env_wondergrove_stone_a""]",SPEC_ONLY_NOT_PRODUCED
env_wondergrove_bark_albedo,ui_environment_vfx,environment_surface,,Wondergrove Bark Albedo,P2,generator_illustration,"[2048, 2048]","[2048, 1024, 512]","Bark painterly material family for roots, edging and peripheral props; central gameplay stays quiet.","[""default""]","[""REF01""]",SPEC_ONLY_NOT_PRODUCED
env_wondergrove_bark_technical_maps,ui_environment_vfx,environment_technical,,Wondergrove Bark Technical Maps,P2,derived_texture,"[2048, 2048]","[2048, 1024, 512]",Bark normal/roughness/coverage or material-ID maps derived and physically checked from approved source; generator colors are not trustworthy technical maps. Channel schema chosen during integration.,"[""default""]","[""env_wondergrove_bark_albedo""]",SPEC_ONLY_NOT_PRODUCED
env_wondergrove_bronze_albedo,ui_environment_vfx,environment_surface,,Wondergrove Bronze Albedo,P2,generator_illustration,"[2048, 2048]","[2048, 1024, 512]","Bronze painterly material family for roots, edging and peripheral props; central gameplay stays quiet.","[""default""]","[""REF01""]",SPEC_ONLY_NOT_PRODUCED
env_wondergrove_bronze_technical_maps,ui_environment_vfx,environment_technical,,Wondergrove Bronze Technical Maps,P2,derived_texture,"[2048, 2048]","[2048, 1024, 512]",Bronze normal/roughness/coverage or material-ID maps derived and physically checked from approved source; generator colors are not trustworthy technical maps. Channel schema chosen during integration.,"[""default""]","[""env_wondergrove_bronze_albedo""]",SPEC_ONLY_NOT_PRODUCED
env_wondergrove_moss_albedo,ui_environment_vfx,environment_surface,,Wondergrove Moss Albedo,P2,generator_illustration,"[2048, 2048]","[2048, 1024, 512]","Moss painterly material family for roots, edging and peripheral props; central gameplay stays quiet.","[""default""]","[""REF01""]",SPEC_ONLY_NOT_PRODUCED
env_wondergrove_moss_technical_maps,ui_environment_vfx,environment_technical,,Wondergrove Moss Technical Maps,P2,derived_texture,"[2048, 2048]","[2048, 1024, 512]",Moss normal/roughness/coverage or material-ID maps derived and physically checked from approved source; generator colors are not trustworthy technical maps. Channel schema chosen during integration.,"[""default""]","[""env_wondergrove_moss_albedo""]",SPEC_ONLY_NOT_PRODUCED
env_wondergrove_surround,ui_environment_vfx,environment_concept,,Wondergrove Surround,P2,generator_illustration,"[3840, 2160]","[""concept_reference"", ""optional_distant_backdrop_after_review""]","One quiet-center, rich-perimeter composition illustration for sanctuary roots/stone/foliage; concept/backdrop reference, not a flat substitute for arena geometry or lighting.","[""default""]","[""REF01"", ""REF02""]",SPEC_ONLY_NOT_PRODUCED
board_cell_outline,ui_environment_vfx,board_overlay,,Cell Outline,P2,shader_or_runtime,"[256, 256]","[""world_material_scaled_to_geometry""]",Cell Outline runtime-positioned overlay; geometry comes from actual cells/paths/facing/targets. Legality uses shape/pattern plus color; square-range mechanics never receive a misleading circular boundary.,"[""preview"", ""committed"", ""selected"", ""blocked"", ""reduced_effects""]","[""REF02"", ""REF04""]",SPEC_ONLY_NOT_PRODUCED
board_hover,ui_environment_vfx,board_overlay,,Hover,P2,shader_or_runtime,"[256, 256]","[""world_material_scaled_to_geometry""]",Hover runtime-positioned overlay; geometry comes from actual cells/paths/facing/targets. Legality uses shape/pattern plus color; square-range mechanics never receive a misleading circular boundary.,"[""preview"", ""committed"", ""selected"", ""blocked"", ""reduced_effects""]","[""REF02"", ""REF04""]",SPEC_ONLY_NOT_PRODUCED
board_selected,ui_environment_vfx,board_overlay,,Selected,P1,shader_or_runtime,"[256, 256]","[""world_material_scaled_to_geometry""]",Selected runtime-positioned overlay; geometry comes from actual cells/paths/facing/targets. Legality uses shape/pattern plus color; square-range mechanics never receive a misleading circular boundary.,"[""preview"", ""committed"", ""selected"", ""blocked"", ""reduced_effects""]","[""REF02"", ""REF04""]",SPEC_ONLY_NOT_PRODUCED
board_valid,ui_environment_vfx,board_overlay,,Valid,P1,shader_or_runtime,"[256, 256]","[""world_material_scaled_to_geometry""]",Valid runtime-positioned overlay; geometry comes from actual cells/paths/facing/targets. Legality uses shape/pattern plus color; square-range mechanics never receive a misleading circular boundary.,"[""preview"", ""committed"", ""selected"", ""blocked"", ""reduced_effects""]","[""REF02"", ""REF04""]",SPEC_ONLY_NOT_PRODUCED
board_invalid,ui_environment_vfx,board_overlay,,Invalid,P1,shader_or_runtime,"[256, 256]","[""world_material_scaled_to_geometry""]",Invalid runtime-positioned overlay; geometry comes from actual cells/paths/facing/targets. Legality uses shape/pattern plus color; square-range mechanics never receive a misleading circular boundary.,"[""preview"", ""committed"", ""selected"", ""blocked"", ""reduced_effects""]","[""REF02"", ""REF04""]",SPEC_ONLY_NOT_PRODUCED
board_swap_destination,ui_environment_vfx,board_overlay,,Swap Destination,P2,shader_or_runtime,"[256, 256]","[""world_material_scaled_to_geometry""]",Swap Destination runtime-positioned overlay; geometry comes from actual cells/paths/facing/targets. Legality uses shape/pattern plus color; square-range mechanics never receive a misleading circular boundary.,"[""preview"", ""committed"", ""selected"", ""blocked"", ""reduced_effects""]","[""REF02"", ""REF04""]",SPEC_ONLY_NOT_PRODUCED
board_occupied,ui_environment_vfx,board_overlay,,Occupied,P2,shader_or_runtime,"[256, 256]","[""world_material_scaled_to_geometry""]",Occupied runtime-positioned overlay; geometry comes from actual cells/paths/facing/targets. Legality uses shape/pattern plus color; square-range mechanics never receive a misleading circular boundary.,"[""preview"", ""committed"", ""selected"", ""blocked"", ""reduced_effects""]","[""REF02"", ""REF04""]",SPEC_ONLY_NOT_PRODUCED
board_keyboard_focus,ui_environment_vfx,board_overlay,,Keyboard Focus,P2,shader_or_runtime,"[256, 256]","[""world_material_scaled_to_geometry""]",Keyboard Focus runtime-positioned overlay; geometry comes from actual cells/paths/facing/targets. Legality uses shape/pattern plus color; square-range mechanics never receive a misleading circular boundary.,"[""preview"", ""committed"", ""selected"", ""blocked"", ""reduced_effects""]","[""REF02"", ""REF04""]",SPEC_ONLY_NOT_PRODUCED
board_deployment_boundary,ui_environment_vfx,board_overlay,,Deployment Boundary,P2,shader_or_runtime,"[256, 256]","[""world_material_scaled_to_geometry""]",Deployment Boundary runtime-positioned overlay; geometry comes from actual cells/paths/facing/targets. Legality uses shape/pattern plus color; square-range mechanics never receive a misleading circular boundary.,"[""preview"", ""committed"", ""selected"", ""blocked"", ""reduced_effects""]","[""REF02"", ""REF04""]",SPEC_ONLY_NOT_PRODUCED
board_facing_arrow,ui_environment_vfx,board_overlay,,Facing Arrow,P1,shader_or_runtime,"[256, 256]","[""world_material_scaled_to_geometry""]",Facing Arrow runtime-positioned overlay; geometry comes from actual cells/paths/facing/targets. Legality uses shape/pattern plus color; square-range mechanics never receive a misleading circular boundary.,"[""preview"", ""committed"", ""selected"", ""blocked"", ""reduced_effects""]","[""REF02"", ""REF04""]",SPEC_ONLY_NOT_PRODUCED
board_path_straight,ui_environment_vfx,board_overlay,,Path Straight,P2,shader_or_runtime,"[256, 256]","[""world_material_scaled_to_geometry""]",Path Straight runtime-positioned overlay; geometry comes from actual cells/paths/facing/targets. Legality uses shape/pattern plus color; square-range mechanics never receive a misleading circular boundary.,"[""preview"", ""committed"", ""selected"", ""blocked"", ""reduced_effects""]","[""REF02"", ""REF04""]",SPEC_ONLY_NOT_PRODUCED
board_path_corner,ui_environment_vfx,board_overlay,,Path Corner,P2,shader_or_runtime,"[256, 256]","[""world_material_scaled_to_geometry""]",Path Corner runtime-positioned overlay; geometry comes from actual cells/paths/facing/targets. Legality uses shape/pattern plus color; square-range mechanics never receive a misleading circular boundary.,"[""preview"", ""committed"", ""selected"", ""blocked"", ""reduced_effects""]","[""REF02"", ""REF04""]",SPEC_ONLY_NOT_PRODUCED
board_path_end,ui_environment_vfx,board_overlay,,Path End,P2,shader_or_runtime,"[256, 256]","[""world_material_scaled_to_geometry""]",Path End runtime-positioned overlay; geometry comes from actual cells/paths/facing/targets. Legality uses shape/pattern plus color; square-range mechanics never receive a misleading circular boundary.,"[""preview"", ""committed"", ""selected"", ""blocked"", ""reduced_effects""]","[""REF02"", ""REF04""]",SPEC_ONLY_NOT_PRODUCED
board_target_ring,ui_environment_vfx,board_overlay,,Target Ring,P2,shader_or_runtime,"[256, 256]","[""world_material_scaled_to_geometry""]",Target Ring runtime-positioned overlay; geometry comes from actual cells/paths/facing/targets. Legality uses shape/pattern plus color; square-range mechanics never receive a misleading circular boundary.,"[""preview"", ""committed"", ""selected"", ""blocked"", ""reduced_effects""]","[""REF02"", ""REF04""]",SPEC_ONLY_NOT_PRODUCED
board_target_link,ui_environment_vfx,board_overlay,,Target Link,P2,shader_or_runtime,"[256, 256]","[""world_material_scaled_to_geometry""]",Target Link runtime-positioned overlay; geometry comes from actual cells/paths/facing/targets. Legality uses shape/pattern plus color; square-range mechanics never receive a misleading circular boundary.,"[""preview"", ""committed"", ""selected"", ""blocked"", ""reduced_effects""]","[""REF02"", ""REF04""]",SPEC_ONLY_NOT_PRODUCED
board_guard_sector,ui_environment_vfx,board_overlay,,Guard Sector,P2,shader_or_runtime,"[256, 256]","[""world_material_scaled_to_geometry""]",Guard Sector runtime-positioned overlay; geometry comes from actual cells/paths/facing/targets. Legality uses shape/pattern plus color; square-range mechanics never receive a misleading circular boundary.,"[""preview"", ""committed"", ""selected"", ""blocked"", ""reduced_effects""]","[""REF02"", ""REF04""]",SPEC_ONLY_NOT_PRODUCED
board_lane_fill,ui_environment_vfx,board_overlay,,Lane Fill,P2,shader_or_runtime,"[256, 256]","[""world_material_scaled_to_geometry""]",Lane Fill runtime-positioned overlay; geometry comes from actual cells/paths/facing/targets. Legality uses shape/pattern plus color; square-range mechanics never receive a misleading circular boundary.,"[""preview"", ""committed"", ""selected"", ""blocked"", ""reduced_effects""]","[""REF02"", ""REF04""]",SPEC_ONLY_NOT_PRODUCED
board_square_area_fill,ui_environment_vfx,board_overlay,,Square Area Fill,P2,shader_or_runtime,"[256, 256]","[""world_material_scaled_to_geometry""]",Square Area Fill runtime-positioned overlay; geometry comes from actual cells/paths/facing/targets. Legality uses shape/pattern plus color; square-range mechanics never receive a misleading circular boundary.,"[""preview"", ""committed"", ""selected"", ""blocked"", ""reduced_effects""]","[""REF02"", ""REF04""]",SPEC_ONLY_NOT_PRODUCED
board_square_area_boundary,ui_environment_vfx,board_overlay,,Square Area Boundary,P2,shader_or_runtime,"[256, 256]","[""world_material_scaled_to_geometry""]",Square Area Boundary runtime-positioned overlay; geometry comes from actual cells/paths/facing/targets. Legality uses shape/pattern plus color; square-range mechanics never receive a misleading circular boundary.,"[""preview"", ""committed"", ""selected"", ""blocked"", ""reduced_effects""]","[""REF02"", ""REF04""]",SPEC_ONLY_NOT_PRODUCED
board_cross,ui_environment_vfx,board_overlay,,Cross,P2,shader_or_runtime,"[256, 256]","[""world_material_scaled_to_geometry""]",Cross runtime-positioned overlay; geometry comes from actual cells/paths/facing/targets. Legality uses shape/pattern plus color; square-range mechanics never receive a misleading circular boundary.,"[""preview"", ""committed"", ""selected"", ""blocked"", ""reduced_effects""]","[""REF02"", ""REF04""]",SPEC_ONLY_NOT_PRODUCED
board_radius_preview,ui_environment_vfx,board_overlay,,Radius Preview,P2,shader_or_runtime,"[256, 256]","[""world_material_scaled_to_geometry""]",Radius Preview runtime-positioned overlay; geometry comes from actual cells/paths/facing/targets. Legality uses shape/pattern plus color; square-range mechanics never receive a misleading circular boundary.,"[""preview"", ""committed"", ""selected"", ""blocked"", ""reduced_effects""]","[""REF02"", ""REF04""]",SPEC_ONLY_NOT_PRODUCED
board_own_boundary,ui_environment_vfx,board_overlay,,Own Boundary,P2,shader_or_runtime,"[256, 256]","[""world_material_scaled_to_geometry""]",Own Boundary runtime-positioned overlay; geometry comes from actual cells/paths/facing/targets. Legality uses shape/pattern plus color; square-range mechanics never receive a misleading circular boundary.,"[""preview"", ""committed"", ""selected"", ""blocked"", ""reduced_effects""]","[""REF02"", ""REF04""]",SPEC_ONLY_NOT_PRODUCED
board_opponent_boundary,ui_environment_vfx,board_overlay,,Opponent Boundary,P2,shader_or_runtime,"[256, 256]","[""world_material_scaled_to_geometry""]",Opponent Boundary runtime-positioned overlay; geometry comes from actual cells/paths/facing/targets. Legality uses shape/pattern plus color; square-range mechanics never receive a misleading circular boundary.,"[""preview"", ""committed"", ""selected"", ""blocked"", ""reduced_effects""]","[""REF02"", ""REF04""]",SPEC_ONLY_NOT_PRODUCED
env_bench_surface,ui_environment_vfx,environment_surface,,Bench Surface,P2,generator_illustration,"[2048, 2048]","[1024, 512]",Quiet reusable ten-slot bench material/decal with visible boundaries; runtime assembles ten positions. No 1x8 or 1x9 layout.,"[""default""]","[""REF01"", ""REF02""]",SPEC_ONLY_NOT_PRODUCED
fx_melee_windup,ui_environment_vfx,combat_fx,,Melee Windup,P2,shader_or_runtime,"[256, 256]","[""world_camera_scaled""]",Anticipation accent before each independent basic release.,"[""normal"", ""reduced_effects"", ""occluded"", ""expired""]","[""REF04""]",SPEC_ONLY_NOT_PRODUCED
fx_melee_slash,ui_environment_vfx,combat_fx,,Melee Slash,P1,shader_or_runtime,"[256, 256]","[""world_camera_scaled""]",Short directional slash whose endpoint follows the actual strike.,"[""normal"", ""reduced_effects"", ""occluded"", ""expired""]","[""REF04""]",SPEC_ONLY_NOT_PRODUCED
fx_melee_impact,ui_environment_vfx,combat_fx,,Melee Impact,P2,generator_illustration,"[256, 256]","[""world_camera_scaled""]",Small contact burst at the resolved recipient.,"[""normal"", ""reduced_effects"", ""occluded"", ""expired""]","[""REF04""]",SPEC_ONLY_NOT_PRODUCED
fx_ranged_head,ui_environment_vfx,combat_fx,,Ranged Head,P1,shader_or_runtime,"[256, 256]","[""world_camera_scaled""]","Readable directional projectile core, camera-size clamped.","[""normal"", ""reduced_effects"", ""occluded"", ""expired""]","[""REF04""]",SPEC_ONLY_NOT_PRODUCED
fx_ranged_trail,ui_environment_vfx,combat_fx,,Ranged Trail,P2,shader_or_runtime,"[256, 256]","[""world_camera_scaled""]",Short trail connecting real release travel without suggesting a second hit.,"[""normal"", ""reduced_effects"", ""occluded"", ""expired""]","[""REF04""]",SPEC_ONLY_NOT_PRODUCED
fx_ranged_release,ui_environment_vfx,combat_fx,,Ranged Release,P2,shader_or_runtime,"[256, 256]","[""world_camera_scaled""]",Small source muzzle/release accent.,"[""normal"", ""reduced_effects"", ""occluded"", ""expired""]","[""REF04""]",SPEC_ONLY_NOT_PRODUCED
fx_ranged_impact,ui_environment_vfx,combat_fx,,Ranged Impact,P1,generator_illustration,"[256, 256]","[""world_camera_scaled""]",Short recipient impact driven by actual event.,"[""normal"", ""reduced_effects"", ""occluded"", ""expired""]","[""REF04""]",SPEC_ONLY_NOT_PRODUCED
fx_movement_dust,ui_environment_vfx,combat_fx,,Movement Dust,P2,generator_illustration,"[256, 256]","[""world_camera_scaled""]",Quiet locomotion dust distinct from charge and skill displacement.,"[""normal"", ""reduced_effects"", ""occluded"", ""expired""]","[""REF04""]",SPEC_ONLY_NOT_PRODUCED
fx_bellback_guard_preview,ui_environment_vfx,combat_fx,wc_vn_bellback,Bellback Guard Preview,P2,shader_or_runtime,"[256, 256]","[""world_camera_scaled""]",Directional guard-sector preview behind the chosen facing.,"[""normal"", ""reduced_effects"", ""occluded"", ""expired""]","[""REF04"", ""hero:wc_vn_bellback""]",SPEC_ONLY_NOT_PRODUCED
fx_bellback_ally_link,ui_environment_vfx,combat_fx,wc_vn_bellback,Bellback Ally Link,P2,shader_or_runtime,"[256, 256]","[""world_camera_scaled""]","Supported-ally relationship, not a generic team buff.","[""normal"", ""reduced_effects"", ""occluded"", ""expired""]","[""REF04"", ""hero:wc_vn_bellback""]",SPEC_ONLY_NOT_PRODUCED
fx_bellback_intercept,ui_environment_vfx,combat_fx,wc_vn_bellback,Bellback Intercept,P2,generator_illustration,"[256, 256]","[""world_camera_scaled""]",Bronze bell flare only when guard actually prevents damage.,"[""normal"", ""reduced_effects"", ""occluded"", ""expired""]","[""REF04"", ""hero:wc_vn_bellback""]",SPEC_ONLY_NOT_PRODUCED
fx_cragstoat_charge_aim,ui_environment_vfx,combat_fx,wc_vn_cragstoat,Cragstoat Charge Aim,P2,shader_or_runtime,"[256, 256]","[""world_camera_scaled""]",Clear legal charge direction/landing aim.,"[""normal"", ""reduced_effects"", ""occluded"", ""expired""]","[""REF04"", ""hero:wc_vn_cragstoat""]",SPEC_ONLY_NOT_PRODUCED
fx_cragstoat_momentum,ui_environment_vfx,combat_fx,wc_vn_cragstoat,Cragstoat Momentum,P2,shader_or_runtime,"[256, 256]","[""world_camera_scaled""]",Bounded momentum buildup motif tied to actual movement.,"[""normal"", ""reduced_effects"", ""occluded"", ""expired""]","[""REF04"", ""hero:wc_vn_cragstoat""]",SPEC_ONLY_NOT_PRODUCED
fx_cragstoat_charge_trail,ui_environment_vfx,combat_fx,wc_vn_cragstoat,Cragstoat Charge Trail,P2,shader_or_runtime,"[256, 256]","[""world_camera_scaled""]",Actual charge movement streak distinct from basic walk trail.,"[""normal"", ""reduced_effects"", ""occluded"", ""expired""]","[""REF04"", ""hero:wc_vn_cragstoat""]",SPEC_ONLY_NOT_PRODUCED
fx_cragstoat_charge_contact,ui_environment_vfx,combat_fx,wc_vn_cragstoat,Cragstoat Charge Contact,P2,generator_illustration,"[256, 256]","[""world_camera_scaled""]",Landing/contact burst at a committed charge.,"[""normal"", ""reduced_effects"", ""occluded"", ""expired""]","[""REF04"", ""hero:wc_vn_cragstoat""]",SPEC_ONLY_NOT_PRODUCED
fx_grandmother_root_establish,ui_environment_vfx,combat_fx,wc_vn_grandmother_root,Grandmother Root Establish,P2,shader_or_runtime,"[256, 256]","[""world_camera_scaled""]",Standing-still establishment growth cue; clears on interruption.,"[""normal"", ""reduced_effects"", ""occluded"", ""expired""]","[""REF04"", ""hero:wc_vn_grandmother_root""]",SPEC_ONLY_NOT_PRODUCED
fx_grandmother_root_grove_boundary,ui_environment_vfx,combat_fx,wc_vn_grandmother_root,Grandmother Root Grove Boundary,P2,shader_or_runtime,"[256, 256]","[""world_camera_scaled""]","Exact clipped board-cell healing area, with quiet source pulse.","[""normal"", ""reduced_effects"", ""occluded"", ""expired""]","[""REF04"", ""hero:wc_vn_grandmother_root""]",SPEC_ONLY_NOT_PRODUCED
fx_grandmother_root_grove_pulse,ui_environment_vfx,combat_fx,wc_vn_grandmother_root,Grandmother Root Grove Pulse,P2,shader_or_runtime,"[256, 256]","[""world_camera_scaled""]",Active healing pulse tied to authoritative timing.,"[""normal"", ""reduced_effects"", ""occluded"", ""expired""]","[""REF04"", ""hero:wc_vn_grandmother_root""]",SPEC_ONLY_NOT_PRODUCED
fx_grandmother_root_heal_received,ui_environment_vfx,combat_fx,wc_vn_grandmother_root,Grandmother Root Heal Received,P2,shader_or_runtime,"[256, 256]","[""world_camera_scaled""]",Green plus and native effective-heal amount on eligible recipient.,"[""normal"", ""reduced_effects"", ""occluded"", ""expired""]","[""REF04"", ""hero:wc_vn_grandmother_root""]",SPEC_ONLY_NOT_PRODUCED
fx_grandmother_root_grove_break,ui_environment_vfx,combat_fx,wc_vn_grandmother_root,Grandmother Root Grove Break,P2,generator_illustration,"[256, 256]","[""world_camera_scaled""]","Brief expiry/break tell on movement, stun, displacement or defeat.","[""normal"", ""reduced_effects"", ""occluded"", ""expired""]","[""REF04"", ""hero:wc_vn_grandmother_root""]",SPEC_ONLY_NOT_PRODUCED
fx_snapvine_aim,ui_environment_vfx,combat_fx,wc_vn_snapvine,Snapvine Aim,P2,shader_or_runtime,"[256, 256]","[""world_camera_scaled""]",Dotted committed strike direction.,"[""normal"", ""reduced_effects"", ""occluded"", ""expired""]","[""REF04"", ""hero:wc_vn_snapvine""]",SPEC_ONLY_NOT_PRODUCED
fx_snapvine_lash,ui_environment_vfx,combat_fx,wc_vn_snapvine,Snapvine Lash,P2,shader_or_runtime,"[256, 256]","[""world_camera_scaled""]",Pink lash toward the first actual intersected target; no invented piercing.,"[""normal"", ""reduced_effects"", ""occluded"", ""expired""]","[""REF04"", ""hero:wc_vn_snapvine""]",SPEC_ONLY_NOT_PRODUCED
fx_snapvine_hit,ui_environment_vfx,combat_fx,wc_vn_snapvine,Snapvine Hit,P2,generator_illustration,"[256, 256]","[""world_camera_scaled""]",First-recipient thorn/seed impact.,"[""normal"", ""reduced_effects"", ""occluded"", ""expired""]","[""REF04"", ""hero:wc_vn_snapvine""]",SPEC_ONLY_NOT_PRODUCED
fx_snapvine_projectile,ui_environment_vfx,combat_fx,wc_vn_snapvine,Snapvine Projectile,P2,shader_or_runtime,"[256, 256]","[""world_camera_scaled""]",Recognizable seed-like basic ranged head.,"[""normal"", ""reduced_effects"", ""occluded"", ""expired""]","[""REF04"", ""hero:wc_vn_snapvine""]",SPEC_ONLY_NOT_PRODUCED
fx_prism_organ_cross_lock,ui_environment_vfx,combat_fx,wc_vn_prism_organ,Prism Organ Cross Lock,P2,shader_or_runtime,"[256, 256]","[""world_camera_scaled""]",Cross intersection telegraph at committed cells.,"[""normal"", ""reduced_effects"", ""occluded"", ""expired""]","[""REF04"", ""hero:wc_vn_prism_organ""]",SPEC_ONLY_NOT_PRODUCED
fx_prism_organ_row_beam,ui_environment_vfx,combat_fx,wc_vn_prism_organ,Prism Organ Row Beam,P2,shader_or_runtime,"[256, 256]","[""world_camera_scaled""]",Separate row beam with its own release time.,"[""normal"", ""reduced_effects"", ""occluded"", ""expired""]","[""REF04"", ""hero:wc_vn_prism_organ""]",SPEC_ONLY_NOT_PRODUCED
fx_prism_organ_column_beam,ui_environment_vfx,combat_fx,wc_vn_prism_organ,Prism Organ Column Beam,P2,shader_or_runtime,"[256, 256]","[""world_camera_scaled""]",Separate column beam with its later or distinct release time.,"[""normal"", ""reduced_effects"", ""occluded"", ""expired""]","[""REF04"", ""hero:wc_vn_prism_organ""]",SPEC_ONLY_NOT_PRODUCED
fx_prism_organ_impact,ui_environment_vfx,combat_fx,wc_vn_prism_organ,Prism Organ Impact,P2,generator_illustration,"[256, 256]","[""world_camera_scaled""]",Crystalline impact only in affected cells.,"[""normal"", ""reduced_effects"", ""occluded"", ""expired""]","[""REF04"", ""hero:wc_vn_prism_organ""]",SPEC_ONLY_NOT_PRODUCED
fx_prism_organ_projectile,ui_environment_vfx,combat_fx,wc_vn_prism_organ,Prism Organ Projectile,P2,shader_or_runtime,"[256, 256]","[""world_camera_scaled""]",Violet crystal basic projectile.,"[""normal"", ""reduced_effects"", ""occluded"", ""expired""]","[""REF04"", ""hero:wc_vn_prism_organ""]",SPEC_ONLY_NOT_PRODUCED
fx_reefglass_lane_preview,ui_environment_vfx,combat_fx,wc_vn_reefglass,Reefglass Lane Preview,P2,shader_or_runtime,"[256, 256]","[""world_camera_scaled""]",Oriented cardinal lane telegraph.,"[""normal"", ""reduced_effects"", ""occluded"", ""expired""]","[""REF04"", ""hero:wc_vn_reefglass""]",SPEC_ONLY_NOT_PRODUCED
fx_reefglass_crest,ui_environment_vfx,combat_fx,wc_vn_reefglass,Reefglass Crest,P2,shader_or_runtime,"[256, 256]","[""world_camera_scaled""]",Cyan traveling wave crest following actual lane.,"[""normal"", ""reduced_effects"", ""occluded"", ""expired""]","[""REF04"", ""hero:wc_vn_reefglass""]",SPEC_ONLY_NOT_PRODUCED
fx_reefglass_impact,ui_environment_vfx,combat_fx,wc_vn_reefglass,Reefglass Impact,P2,generator_illustration,"[256, 256]","[""world_camera_scaled""]",Damage spray at actual recipients.,"[""normal"", ""reduced_effects"", ""occluded"", ""expired""]","[""REF04"", ""hero:wc_vn_reefglass""]",SPEC_ONLY_NOT_PRODUCED
fx_reefglass_push_trail,ui_environment_vfx,combat_fx,wc_vn_reefglass,Reefglass Push Trail,P2,shader_or_runtime,"[256, 256]","[""world_camera_scaled""]",Displacement trail and native PUSH label only when position changes.,"[""normal"", ""reduced_effects"", ""occluded"", ""expired""]","[""REF04"", ""hero:wc_vn_reefglass""]",SPEC_ONLY_NOT_PRODUCED
fx_reefglass_blocked_push,ui_environment_vfx,combat_fx,wc_vn_reefglass,Reefglass Blocked Push,P2,shader_or_runtime,"[256, 256]","[""world_camera_scaled""]",Subtle stopped-contact cue for blocked space without claiming displacement.,"[""normal"", ""reduced_effects"", ""occluded"", ""expired""]","[""REF04"", ""hero:wc_vn_reefglass""]",SPEC_ONLY_NOT_PRODUCED
fx_reefglass_projectile,ui_environment_vfx,combat_fx,wc_vn_reefglass,Reefglass Projectile,P2,shader_or_runtime,"[256, 256]","[""world_camera_scaled""]",Cyan basic projectile core.,"[""normal"", ""reduced_effects"", ""occluded"", ""expired""]","[""REF04"", ""hero:wc_vn_reefglass""]",SPEC_ONLY_NOT_PRODUCED
fx_status_stun_swirl,ui_environment_vfx,combat_fx,,Status Stun Swirl,P1,shader_or_runtime,"[256, 256]","[""world_camera_scaled""]",Swirl and orbiting stars above the head/status stack; loop exactly while stun is active.,"[""normal"", ""reduced_effects"", ""occluded"", ""expired""]","[""REF04""]",SPEC_ONLY_NOT_PRODUCED
fx_status_shield_shell,ui_environment_vfx,combat_fx,,Status Shield Shell,P2,shader_or_runtime,"[256, 256]","[""world_camera_scaled""]","Blue rim/shell only while real shield is positive, with visible hit/expiry.","[""normal"", ""reduced_effects"", ""occluded"", ""expired""]","[""REF04""]",SPEC_ONLY_NOT_PRODUCED
fx_status_modifier_up,ui_environment_vfx,combat_fx,,Status Modifier Up,P2,shader_or_runtime,"[256, 256]","[""world_camera_scaled""]",Up chevron while a real positive modifier is active.,"[""normal"", ""reduced_effects"", ""occluded"", ""expired""]","[""REF04""]",SPEC_ONLY_NOT_PRODUCED
fx_status_modifier_down,ui_environment_vfx,combat_fx,,Status Modifier Down,P2,shader_or_runtime,"[256, 256]","[""world_camera_scaled""]",Down chevron while a real negative modifier is active.,"[""normal"", ""reduced_effects"", ""occluded"", ""expired""]","[""REF04""]",SPEC_ONLY_NOT_PRODUCED
fx_status_heal_plus,ui_environment_vfx,combat_fx,,Status Heal Plus,P1,shader_or_runtime,"[256, 256]","[""world_camera_scaled""]",Clean green plus and native effective amount only for restored health.,"[""normal"", ""reduced_effects"", ""occluded"", ""expired""]","[""REF04""]",SPEC_ONLY_NOT_PRODUCED
fx_status_damage_number,ui_environment_vfx,combat_fx,,Status Damage Number,P2,shader_or_runtime,"[256, 256]","[""world_camera_scaled""]",Optional native damage number with stacking policy; no baked numerals.,"[""normal"", ""reduced_effects"", ""occluded"", ""expired""]","[""REF04""]",SPEC_ONLY_NOT_PRODUCED
fx_lifecycle_merge_gather,ui_environment_vfx,combat_fx,,Lifecycle Merge Gather,P2,generator_illustration,"[256, 256]","[""world_camera_scaled""]",Three actual equal copies converge on the deterministic retained hero.,"[""normal"", ""reduced_effects"", ""occluded"", ""expired""]","[""REF04""]",SPEC_ONLY_NOT_PRODUCED
fx_lifecycle_star_reveal,ui_environment_vfx,combat_fx,,Lifecycle Star Reveal,P2,generator_illustration,"[256, 256]","[""world_camera_scaled""]",Upgrade burst and explicit new star badge; no new stat authority.,"[""normal"", ""reduced_effects"", ""occluded"", ""expired""]","[""REF04""]",SPEC_ONLY_NOT_PRODUCED
fx_lifecycle_defeat_dissolve,ui_environment_vfx,combat_fx,,Lifecycle Defeat Dissolve,P2,shader_or_runtime,"[256, 256]","[""world_camera_scaled""]",Short defeat/dissolve coverage synchronized to actual death and cleanup.,"[""normal"", ""reduced_effects"", ""occluded"", ""expired""]","[""REF04""]",SPEC_ONLY_NOT_PRODUCED
fx_lifecycle_cleanup_expiry,ui_environment_vfx,combat_fx,,Lifecycle Cleanup Expiry,P2,shader_or_runtime,"[256, 256]","[""world_camera_scaled""]",Quiet visual cleanup when encounter entities leave.,"[""normal"", ""reduced_effects"", ""occluded"", ""expired""]","[""REF04""]",SPEC_ONLY_NOT_PRODUCED
fx_lifecycle_victory,ui_environment_vfx,combat_fx,,Lifecycle Victory,P2,generator_illustration,"[256, 256]","[""world_camera_scaled""]",Restrained successful-match accent on final result.,"[""normal"", ""reduced_effects"", ""occluded"", ""expired""]","[""REF04""]",SPEC_ONLY_NOT_PRODUCED
fx_lifecycle_defeat,ui_environment_vfx,combat_fx,,Lifecycle Defeat,P2,generator_illustration,"[256, 256]","[""world_camera_scaled""]",Restrained loss/elimination accent distinct from application error.,"[""normal"", ""reduced_effects"", ""occluded"", ""expired""]","[""REF04""]",SPEC_ONLY_NOT_PRODUCED
fx_future_summon,ui_environment_vfx,combat_fx,,Future Summon,P3,shader_or_runtime,"[256, 256]","[""world_camera_scaled""]","Summon reference grammar only; bind ownership, footprint and expiry only after matching mechanic implementation.","[""normal"", ""reduced_effects"", ""occluded"", ""expired""]","[""REF04""]",SPEC_ONLY_NOT_PRODUCED
fx_future_construction,ui_environment_vfx,combat_fx,,Future Construction,P3,shader_or_runtime,"[256, 256]","[""world_camera_scaled""]","Construction reference grammar only; bind ownership, footprint and expiry only after matching mechanic implementation.","[""normal"", ""reduced_effects"", ""occluded"", ""expired""]","[""REF04""]",SPEC_ONLY_NOT_PRODUCED
fx_future_transformation,ui_environment_vfx,combat_fx,,Future Transformation,P3,shader_or_runtime,"[256, 256]","[""world_camera_scaled""]","Transformation reference grammar only; bind ownership, footprint and expiry only after matching mechanic implementation.","[""normal"", ""reduced_effects"", ""occluded"", ""expired""]","[""REF04""]",SPEC_ONLY_NOT_PRODUCED
fx_future_silence,ui_environment_vfx,combat_fx,,Future Silence,P3,shader_or_runtime,"[256, 256]","[""world_camera_scaled""]","Silence reference grammar only; bind ownership, footprint and expiry only after matching mechanic implementation.","[""normal"", ""reduced_effects"", ""occluded"", ""expired""]","[""REF04""]",SPEC_ONLY_NOT_PRODUCED
fx_future_freeze,ui_environment_vfx,combat_fx,,Future Freeze,P3,shader_or_runtime,"[256, 256]","[""world_camera_scaled""]","Freeze reference grammar only; bind ownership, footprint and expiry only after matching mechanic implementation.","[""normal"", ""reduced_effects"", ""occluded"", ""expired""]","[""REF04""]",SPEC_ONLY_NOT_PRODUCED
fx_future_cleanse,ui_environment_vfx,combat_fx,,Future Cleanse,P3,shader_or_runtime,"[256, 256]","[""world_camera_scaled""]","Cleanse reference grammar only; bind ownership, footprint and expiry only after matching mechanic implementation.","[""normal"", ""reduced_effects"", ""occluded"", ""expired""]","[""REF04""]",SPEC_ONLY_NOT_PRODUCED
fx_future_revive,ui_environment_vfx,combat_fx,,Future Revive,P3,shader_or_runtime,"[256, 256]","[""world_camera_scaled""]","Revive reference grammar only; bind ownership, footprint and expiry only after matching mechanic implementation.","[""normal"", ""reduced_effects"", ""occluded"", ""expired""]","[""REF04""]",SPEC_ONLY_NOT_PRODUCED
fx_future_ground_hazard,ui_environment_vfx,combat_fx,,Future Ground Hazard,P3,shader_or_runtime,"[256, 256]","[""world_camera_scaled""]","Ground Hazard reference grammar only; bind ownership, footprint and expiry only after matching mechanic implementation.","[""normal"", ""reduced_effects"", ""occluded"", ""expired""]","[""REF04""]",SPEC_ONLY_NOT_PRODUCED
screen_title,ui_environment_vfx,screen_composition,,Screen Title,P2,composed_screen,"[1920, 1080]","[[1280, 720], [1600, 900], [1600, 1000], [1920, 1080], ""larger_and_wider_responsive""]","Title composed from the shared kit, source-bound values and optional approved illustration. This record is a screen specification, not a unique generated full-screen bitmap.","[""Main menu"", ""solo"", ""learn"", ""settings"", ""exit""]","[""REF02"", ""ui_panel_primary"", ""ui_card_unit""]",SPEC_ONLY_NOT_PRODUCED
screen_setup,ui_environment_vfx,screen_composition,,Screen Setup,P2,composed_screen,"[1920, 1080]","[[1280, 720], [1600, 900], [1600, 1000], [1920, 1080], ""larger_and_wider_responsive""]","Setup composed from the shared kit, source-bound values and optional approved illustration. This record is a screen specification, not a unique generated full-screen bitmap.","[""New match"", ""resume_found"", ""preserve_existing_save"", ""seed_or_profile_if_exposed""]","[""REF02"", ""ui_panel_primary"", ""ui_card_unit""]",SPEC_ONLY_NOT_PRODUCED
screen_loading,ui_environment_vfx,screen_composition,,Screen Loading,P2,composed_screen,"[1920, 1080]","[[1280, 720], [1600, 900], [1600, 1000], [1920, 1080], ""larger_and_wider_responsive""]","Loading composed from the shared kit, source-bound values and optional approved illustration. This record is a screen specification, not a unique generated full-screen bitmap.","[""loading"", ""ready"", ""failure"", ""incompatible_content""]","[""REF02"", ""ui_panel_primary"", ""ui_card_unit""]",SPEC_ONLY_NOT_PRODUCED
screen_onboarding,ui_environment_vfx,screen_composition,,Screen Onboarding,P2,composed_screen,"[1920, 1080]","[[1280, 720], [1600, 900], [1600, 1000], [1920, 1080], ""larger_and_wider_responsive""]","Onboarding composed from the shared kit, source-bound values and optional approved illustration. This record is a screen specification, not a unique generated full-screen bitmap.","[""first_purchase"", ""first_deploy"", ""facing"", ""ready"", ""combat_explanation"", ""skip"", ""reopen_help""]","[""REF02"", ""ui_panel_primary"", ""ui_card_unit""]",SPEC_ONLY_NOT_PRODUCED
screen_preparation,ui_environment_vfx,screen_composition,,Screen Preparation,P1,composed_screen,"[1920, 1080]","[[1280, 720], [1600, 900], [1600, 1000], [1920, 1080], ""larger_and_wider_responsive""]","Preparation composed from the shared kit, source-bound values and optional approved illustration. This record is a screen specification, not a unique generated full-screen bitmap.","[""no_selection"", ""selected_hero"", ""five_offers"", ""ten_bench_slots"", ""merge_opportunity"", ""unaffordable"", ""deployment_full"", ""rejected_order"", ""ready"", ""edit_cancels_ready""]","[""REF02"", ""ui_panel_primary"", ""ui_card_unit""]",SPEC_ONLY_NOT_PRODUCED
screen_combat,ui_environment_vfx,screen_composition,,Screen Combat,P2,composed_screen,"[1920, 1080]","[[1280, 720], [1600, 900], [1600, 1000], [1920, 1080], ""larger_and_wider_responsive""]","Combat composed from the shared kit, source-bound values and optional approved illustration. This record is a screen specification, not a unique generated full-screen bitmap.","[""normal"", ""selected"", ""paused"", ""phase_locked"", ""target_lost"", ""simultaneous_effects""]","[""REF02"", ""ui_panel_primary"", ""ui_card_unit""]",SPEC_ONLY_NOT_PRODUCED
screen_scouting,ui_environment_vfx,screen_composition,,Screen Scouting,P2,composed_screen,"[1920, 1080]","[[1280, 720], [1600, 900], [1600, 1000], [1920, 1080], ""larger_and_wider_responsive""]","Scouting composed from the shared kit, source-bound values and optional approved illustration. This record is a screen specification, not a unique generated full-screen bitmap.","[""public_board"", ""viewed_seat"", ""next_opponent"", ""return_own_board"", ""private_content_hidden""]","[""REF02"", ""ui_panel_primary"", ""ui_card_unit""]",SPEC_ONLY_NOT_PRODUCED
screen_relic_draft,ui_environment_vfx,screen_composition,,Screen Relic Draft,P2,composed_screen,"[1920, 1080]","[[1280, 720], [1600, 900], [1600, 1000], [1920, 1080], ""larger_and_wider_responsive""]","Relic Draft composed from the shared kit, source-bound values and optional approved illustration. This record is a screen specification, not a unique generated full-screen bitmap.","[""three_offers"", ""chosen"", ""no_selection"", ""compatible"", ""incompatible"", ""equipped_elsewhere"", ""future_use"", ""inventory_empty""]","[""REF02"", ""ui_panel_primary"", ""ui_card_unit""]",SPEC_ONLY_NOT_PRODUCED
screen_recap,ui_environment_vfx,screen_composition,,Screen Recap,P2,composed_screen,"[1920, 1080]","[[1280, 720], [1600, 900], [1600, 1000], [1920, 1080], ""larger_and_wider_responsive""]","Recap composed from the shared kit, source-bound values and optional approved illustration. This record is a screen specification, not a unique generated full-screen bitmap.","[""won"", ""lost"", ""draw"", ""timeout_fallback"", ""captain_hp_lost"", ""effective_damage_and_heal"", ""expanded_breakdown""]","[""REF02"", ""ui_panel_primary"", ""ui_card_unit""]",SPEC_ONLY_NOT_PRODUCED
screen_elimination,ui_environment_vfx,screen_composition,,Screen Elimination,P2,composed_screen,"[1920, 1080]","[[1280, 720], [1600, 900], [1600, 1000], [1920, 1080], ""larger_and_wider_responsive""]","Elimination composed from the shared kit, source-bound values and optional approved illustration. This record is a screen specification, not a unique generated full-screen bitmap.","[""eliminated"", ""spectate"", ""restart"", ""exit""]","[""REF02"", ""ui_panel_primary"", ""ui_card_unit""]",SPEC_ONLY_NOT_PRODUCED
screen_results,ui_environment_vfx,screen_composition,,Screen Results,P2,composed_screen,"[1920, 1080]","[[1280, 720], [1600, 900], [1600, 1000], [1920, 1080], ""larger_and_wider_responsive""]","Results composed from the shared kit, source-bound values and optional approved illustration. This record is a screen specification, not a unique generated full-screen bitmap.","[""victory"", ""defeat"", ""eight_final_placements"", ""restart""]","[""REF02"", ""ui_panel_primary"", ""ui_card_unit""]",SPEC_ONLY_NOT_PRODUCED
screen_save_recovery,ui_environment_vfx,screen_composition,,Screen Save Recovery,P2,composed_screen,"[1920, 1080]","[[1280, 720], [1600, 900], [1600, 1000], [1920, 1080], ""larger_and_wider_responsive""]","Save Recovery composed from the shared kit, source-bound values and optional approved illustration. This record is a screen specification, not a unique generated full-screen bitmap.","[""save_found"", ""saved"", ""corrupt"", ""incompatible"", ""disk_write_failed"", ""load_failed"", ""preserve_existing_file""]","[""REF02"", ""ui_panel_primary"", ""ui_card_unit""]",SPEC_ONLY_NOT_PRODUCED
screen_bestiary,ui_environment_vfx,screen_composition,,Screen Bestiary,P2,composed_screen,"[1920, 1080]","[[1280, 720], [1600, 900], [1600, 1000], [1920, 1080], ""larger_and_wider_responsive""]","Bestiary composed from the shared kit, source-bound values and optional approved illustration. This record is a screen specification, not a unique generated full-screen bitmap.","[""list"", ""detail"", ""search"", ""no_results"", ""unimplemented_candidate"", ""star_comparison"", ""ability_geometry"", ""enter_sandbox""]","[""REF02"", ""ui_panel_primary"", ""ui_card_unit""]",SPEC_ONLY_NOT_PRODUCED
screen_laboratory,ui_environment_vfx,screen_composition,,Screen Laboratory,P2,composed_screen,"[1920, 1080]","[[1280, 720], [1600, 900], [1600, 1000], [1920, 1080], ""larger_and_wider_responsive""]","Laboratory composed from the shared kit, source-bound values and optional approved illustration. This record is a screen specification, not a unique generated full-screen bitmap.","[""edit"", ""run"", ""pause"", ""step"", ""scenario_a_b"", ""compare"", ""replay"", ""status_fixture"", ""formation_save_load""]","[""REF02"", ""ui_panel_primary"", ""ui_card_unit""]",SPEC_ONLY_NOT_PRODUCED
screen_settings,ui_environment_vfx,screen_composition,,Screen Settings,P2,composed_screen,"[1920, 1080]","[[1280, 720], [1600, 900], [1600, 1000], [1920, 1080], ""larger_and_wider_responsive""]","Settings composed from the shared kit, source-bound values and optional approved illustration. This record is a screen specification, not a unique generated full-screen bitmap.","[""graphics"", ""audio"", ""input"", ""remap"", ""language"", ""text_scale"", ""reduced_motion"", ""reduced_effects"", ""defaults"", ""focused"", ""long_localized_text""]","[""REF02"", ""ui_panel_primary"", ""ui_card_unit""]",SPEC_ONLY_NOT_PRODUCED
screen_future_online_lobby,ui_environment_vfx,screen_composition,,Screen Future Online Lobby,P3,composed_screen,"[1920, 1080]","[""responsive""]",Online Lobby future composition only; reuse approved kit. No implication of shipped online or profile features.,"[""host"", ""join"", ""waiting"", ""ready"", ""joining""]","[""REF02"", ""ui_panel_primary""]",SPEC_ONLY_NOT_PRODUCED
screen_future_network_recovery,ui_environment_vfx,screen_composition,,Screen Future Network Recovery,P3,composed_screen,"[1920, 1080]","[""responsive""]",Network Recovery future composition only; reuse approved kit. No implication of shipped online or profile features.,"[""lost"", ""rejoining"", ""failed"", ""host_left"", ""content_mismatch""]","[""REF02"", ""ui_panel_primary""]",SPEC_ONLY_NOT_PRODUCED
screen_future_profile_progression,ui_environment_vfx,screen_composition,,Screen Future Profile Progression,P3,composed_screen,"[1920, 1080]","[""responsive""]",Profile Progression future composition only; reuse approved kit. No implication of shipped online or profile features.,"[""mastery"", ""achievements"", ""discoveries"", ""match_history""]","[""REF02"", ""ui_panel_primary""]",SPEC_ONLY_NOT_PRODUCED
screen_future_formation_library,ui_environment_vfx,screen_composition,,Screen Future Formation Library,P3,composed_screen,"[1920, 1080]","[""responsive""]",Formation Library future composition only; reuse approved kit. No implication of shipped online or profile features.,"[""saved_sketches"", ""offline_challenge_seeds"", ""empty"", ""incompatible""]","[""REF02"", ""ui_panel_primary""]",SPEC_ONLY_NOT_PRODUCED
