variant,seed,round,index,kind,ticks,timeout,winner,survivors_a,survivors_b,health_damage_cp,effective_healing_cp,logged_recipient_overheal_cp,guard_prevented_cp,first_action_tick,first_death_tick,deaths,crag_instances,charging_sources,charge_movement_landings,charge_damage_cp,roots_a,roots_b,max_duplicates_a,max_duplicates_b,survivor_investment_a,survivor_investment_b
targeting,1,1,0,neutral,49,0,0,3,0,22556,0,0,0,17,49,1,1,1,0,15364,0,0,2,0,5,0
targeting,1,1,1,neutral,40,0,0,4,0,22556,0,0,0,17,40,1,1,1,1,12182,1,0,2,0,5,0
targeting,1,1,2,neutral,44,0,0,3,0,22826,0,0,0,17,44,1,2,1,0,10818,1,0,2,0,6,0
targeting,1,1,3,neutral,40,0,0,4,0,22556,0,0,0,17,40,1,1,1,1,12182,1,0,2,0,5,0
targeting,1,1,4,neutral,44,0,0,3,0,22826,0,0,0,17,44,1,2,1,0,7763,1,0,2,0,8,0
targeting,1,1,5,neutral,58,0,0,4,0,24112,0,0,0,21,58,1,0,0,0,0,2,0,2,0,6,0
targeting,1,1,6,neutral,53,0,0,3,0,24112,1556,1944,0,8,53,1,1,0,0,0,1,0,1,0,6,0
targeting,1,1,7,neutral,44,0,0,3,0,22556,1556,1944,0,8,44,1,1,1,0,15364,1,0,1,0,6,0
targeting,1,2,0,neutral,93,0,0,4,0,47608,7000,0,1244,8,40,2,1,1,1,8182,1,0,2,0,9,0
targeting,1,2,1,neutral,145,0,0,4,0,57262,0,0,0,8,53,2,1,1,0,13591,0,0,2,0,8,0
targeting,1,2,2,neutral,44,0,0,4,0,45696,5500,0,0,8,40,2,2,2,1,20763,1,0,2,0,11,0
targeting,1,2,3,neutral,108,0,0,4,0,52271,0,0,730,8,44,2,1,1,0,9545,0,0,2,0,10,0
targeting,1,2,4,neutral,85,0,0,4,0,50566,9131,1869,0,8,40,2,2,1,0,7763,1,0,2,0,11,0
targeting,1,2,5,neutral,108,0,0,4,0,53001,9131,1869,0,8,44,2,1,0,0,0,1,0,1,0,13,0
targeting,1,2,6,neutral,72,0,0,4,0,48131,0,0,0,8,40,2,2,2,1,25763,1,0,2,0,11,0
targeting,1,2,7,neutral,102,0,0,4,0,48852,3500,0,0,8,44,2,1,1,0,1818,1,0,2,0,9,0
targeting,1,3,0,neutral,108,0,0,5,0,81592,12518,3982,0,8,40,3,2,1,1,12000,1,0,2,0,16,0
targeting,1,3,1,neutral,161,0,0,5,0,92131,0,0,0,8,40,3,1,1,0,16763,1,0,2,0,16,0
targeting,1,3,2,neutral,44,0,0,5,0,75261,7326,3674,0,8,24,3,2,2,1,27545,1,0,2,0,16,0
targeting,1,3,3,neutral,121,0,0,5,0,83148,10112,388,0,8,40,3,1,1,0,23000,1,0,2,0,16,0
targeting,1,3,4,neutral,101,0,0,5,0,81696,11000,0,0,8,40,3,2,2,0,22945,2,0,2,0,15,0
targeting,1,3,5,neutral,125,0,0,4,0,85957,14087,2413,0,8,44,3,1,1,0,9672,1,0,1,0,15,0
targeting,1,3,6,neutral,122,0,0,5,0,82392,12957,14543,1460,8,24,3,1,0,0,0,1,0,3,0,16,0
targeting,1,3,7,neutral,121,0,0,5,0,84131,12261,4239,0,8,44,3,1,1,0,2672,1,0,3,0,16,0
targeting,1,4,0,pvp,504,0,1,0,3,1241553,203500,0,0,4,120,7,3,1,1,69061,1,1,3,2,0,12
targeting,1,4,1,pvp,818,0,0,3,0,1399165,331832,3668,0,4,62,7,2,1,0,17889,1,1,2,3,18,0
targeting,1,4,2,pvp,750,0,0,1,0,1333945,191675,0,0,4,89,9,5,3,2,94659,0,1,3,2,9,0
targeting,1,4,3,pvp,517,0,1,0,5,1278426,433125,0,0,4,145,5,3,1,1,24818,1,1,2,2,0,19
targeting,1,5,0,neutral,194,0,0,5,0,341426,35648,2852,4908,8,53,3,2,2,1,85908,1,0,2,0,18,0
targeting,1,5,1,neutral,161,0,0,5,0,332801,0,0,0,8,94,3,1,1,0,27033,0,0,2,0,21,0
targeting,1,5,2,neutral,173,0,0,5,0,339328,39737,5638,0,8,44,3,2,1,0,762,1,0,2,0,19,0
targeting,1,5,3,neutral,140,0,0,5,0,319998,0,0,0,8,65,3,2,2,0,45183,1,0,2,0,24,0
targeting,1,5,4,neutral,185,0,0,5,0,343171,25349,2151,0,8,111,3,2,2,1,51272,1,0,2,0,18,0
targeting,1,5,5,neutral,166,0,0,5,0,337393,28050,0,0,8,66,3,1,1,0,21955,1,0,1,0,25,0
targeting,1,5,6,neutral,140,0,0,5,0,320948,0,0,0,8,73,3,2,2,0,43910,1,0,2,0,25,0
targeting,1,5,7,neutral,153,0,0,5,0,320740,34222,4278,0,8,53,3,2,2,0,46773,1,0,2,0,18,0
targeting,1,6,0,pvp,410,0,1,0,4,1112280,22000,0,0,4,120,6,4,2,1,63808,1,0,2,2,0,22
targeting,1,6,1,pvp,444,0,0,3,0,1285730,143000,0,0,4,124,7,3,1,1,44511,1,1,2,2,19,0
targeting,1,6,2,pvp,479,0,1,0,4,1260066,215614,261,8727,4,104,6,4,3,1,81602,1,1,2,2,0,22
targeting,1,6,3,pvp,517,0,1,0,3,1436722,296524,7901,0,4,114,7,3,2,2,88193,1,1,2,3,0,18
targeting,1,7,0,pvp,538,0,0,4,0,1319553,316256,9894,0,4,101,6,3,1,0,110691,1,1,3,2,19,0
targeting,1,7,1,pvp,461,0,1,0,3,1278634,0,0,4435,4,104,7,4,2,0,30889,0,1,2,2,0,19
targeting,1,7,2,pvp,566,0,0,4,0,1581295,357113,1762,0,4,113,6,2,2,1,113940,1,2,2,2,22,0
targeting,1,7,3,pvp,546,0,0,3,0,1542470,419700,36300,0,4,220,6,2,1,1,62611,1,2,1,2,30,0
targeting,1,8,0,pvp,772,0,0,2,0,2067991,441000,0,0,4,104,8,3,2,1,159609,1,1,3,2,27,0
targeting,1,8,1,pvp,416,0,1,0,4,1433359,179500,0,0,4,166,6,3,2,1,50889,0,2,2,2,0,21
targeting,1,8,2,pvp,855,0,1,0,1,2150210,552500,0,0,4,184,9,3,3,2,106291,1,2,2,2,0,18
targeting,1,8,3,pvp,403,0,0,3,0,1174096,157250,0,11870,4,62,7,3,0,0,0,1,1,2,2,30,0
targeting,1,9,0,pvp,900,1,0,2,1,2123648,565833,41667,0,4,65,9,4,1,0,52443,1,1,3,2,21,18
targeting,1,9,1,pvp,519,0,1,0,3,1669831,280064,25936,13565,4,118,9,3,3,0,85062,0,1,3,2,0,24
targeting,1,9,2,pvp,397,0,0,5,0,1392391,325028,3897,0,4,52,7,3,1,1,33000,3,2,3,2,30,0
targeting,1,9,3,pvp,578,0,0,4,0,1993977,352823,9427,3326,4,37,8,3,2,2,63818,1,1,2,3,28,0
targeting,1,10,0,neutral,139,0,0,6,0,425534,49578,30422,0,8,24,3,3,3,1,87410,2,0,3,0,48,0
targeting,1,10,1,neutral,156,0,0,6,0,449022,0,0,0,8,73,3,3,3,1,75292,0,0,3,0,34,0
targeting,1,10,2,neutral,145,0,0,6,0,461644,67779,1221,0,8,111,3,2,2,1,65045,3,0,3,0,35,0
targeting,1,10,3,neutral,205,0,0,5,0,459093,0,0,0,8,65,4,2,2,0,43273,1,0,2,0,48,0
targeting,1,10,4,neutral,140,0,0,6,0,442504,0,0,0,8,44,3,2,2,0,48137,1,0,2,0,49,0
targeting,1,10,5,neutral,173,0,0,6,0,480306,39934,4066,0,8,108,3,2,2,0,43910,1,0,2,0,39,0
targeting,1,10,6,neutral,145,0,0,6,0,445989,0,0,0,8,73,3,2,2,0,56455,1,0,2,0,46,0
targeting,1,10,7,neutral,149,0,0,6,0,439929,36000,0,0,8,98,3,2,2,0,60955,1,0,2,0,51,0
targeting,1,11,0,pvp,688,0,1,0,4,2443004,746044,13456,13090,4,64,8,5,1,1,34500,2,1,3,2,0,39
targeting,1,11,1,pvp,451,0,0,3,0,1919470,330074,8426,17454,4,179,9,4,3,1,69988,1,1,2,2,36,0
targeting,1,11,2,pvp,830,0,0,2,0,2495245,508282,13718,0,4,44,10,5,2,3,75106,1,1,2,3,22,0
targeting,1,11,3,pvp,574,0,1,0,4,2038400,527734,28016,0,4,44,8,4,2,0,90927,2,2,2,2,0,42
targeting,1,12,0,pvp,600,0,1,0,4,2181346,545913,6587,6545,4,70,8,4,2,1,77252,2,2,3,2,0,42
targeting,1,12,1,pvp,900,1,0,2,2,2828736,1213250,39750,0,4,145,8,2,0,0,0,1,3,3,3,27,24
targeting,1,12,2,pvp,900,1,0,2,1,2863225,855737,10513,38583,4,91,9,3,1,2,66322,1,1,2,3,30,18
targeting,1,12,3,pvp,551,0,1,0,3,2109722,274375,0,0,4,84,9,4,2,1,158839,2,1,2,3,0,36
targeting,1,13,0,pvp,508,0,0,4,0,2008717,480214,2761,0,4,137,8,3,1,0,33000,2,2,2,2,42,0
targeting,1,13,1,pvp,582,0,1,0,4,2310514,593889,18111,23336,4,118,8,2,1,1,74977,1,1,3,3,0,39
targeting,1,13,2,pvp,693,0,0,3,0,2695124,764000,19750,12409,4,89,9,3,2,2,70716,1,2,2,2,33,0
targeting,1,13,3,pvp,550,0,0,3,0,2192937,352773,16227,0,4,53,9,5,4,3,110718,1,1,2,3,36,0
targeting,1,14,0,pvp,426,0,0,5,0,2144885,389373,14627,5283,4,64,7,4,3,2,131603,2,1,2,2,54,0
targeting,1,14,1,pvp,900,1,0,2,1,3038520,726150,7350,3024,4,84,9,4,0,0,0,1,1,2,2,45,18
targeting,1,14,2,pvp,900,1,0,3,1,3333531,1430132,21118,0,4,84,8,3,1,0,27501,1,2,2,2,36,18
targeting,1,14,3,pvp,900,1,0,3,2,2755884,598341,13209,0,4,64,7,3,1,1,33000,1,1,2,3,36,21
targeting,1,15,0,neutral,169,0,0,6,0,549016,40001,3499,0,8,44,3,2,2,0,63938,2,0,2,0,60,0
targeting,1,15,1,neutral,160,0,0,6,0,580827,36000,0,0,8,97,3,2,2,0,64435,1,0,2,0,69,0
targeting,1,15,2,neutral,238,0,0,6,0,598557,120891,7859,0,8,109,3,1,1,0,87000,2,0,2,0,57,0
targeting,1,15,3,neutral,158,0,0,6,0,571891,0,0,0,8,82,3,3,3,2,87754,1,0,3,0,69,0
targeting,1,15,4,neutral,190,0,0,6,0,596479,90000,0,0,8,93,3,1,1,0,34500,2,0,2,0,66,0
targeting,1,15,5,neutral,173,0,0,6,0,604068,81772,478,0,8,83,3,1,1,1,51437,2,0,2,0,60,0
targeting,1,15,6,neutral,133,0,0,6,0,557640,0,0,0,8,94,3,2,2,0,69000,1,0,2,0,63,0
targeting,1,15,7,neutral,153,0,0,6,0,584088,36000,0,0,8,53,3,2,2,0,73500,1,0,2,0,63,0
targeting,1,16,0,pvp,657,0,0,4,0,2899251,1093140,45360,17454,4,145,8,4,2,2,89747,2,1,2,2,48,0
targeting,1,16,1,pvp,731,0,0,3,0,2663117,555530,21470,15770,4,44,9,3,1,1,42480,0,3,2,3,45,0
targeting,1,16,2,pvp,382,0,0,6,0,2005857,601691,12759,8348,4,53,6,3,2,2,133560,2,2,2,2,84,0
targeting,1,16,3,pvp,632,0,1,0,4,2638513,654475,21875,0,4,84,8,3,1,1,67500,2,1,2,2,0,45
targeting,1,17,0,pvp,662,0,1,0,2,2962665,746865,135,0,4,164,10,4,2,3,126623,2,2,2,2,0,45
targeting,1,17,1,pvp,794,0,1,0,3,2795572,716611,16889,3522,4,104,9,3,0,0,0,0,2,2,2,0,45
targeting,1,17,2,pvp,666,0,1,0,4,2746852,858880,7270,0,4,145,8,4,2,1,97111,3,2,3,2,0,54
targeting,1,17,3,pvp,551,0,1,0,4,2293425,702491,21309,8348,4,52,8,3,1,1,83113,2,2,2,2,0,54
targeting,1,18,0,pvp,517,0,0,3,0,2364202,476002,36998,26999,4,84,9,4,1,1,33000,2,0,2,2,45,0
targeting,1,18,1,pvp,556,0,1,0,4,2653493,618833,417,0,4,94,8,4,2,2,133805,2,2,2,2,0,63
targeting,1,18,2,pvp,707,0,0,4,0,2871652,934150,24800,9024,4,94,8,2,0,0,0,2,2,2,2,72,0
targeting,1,18,3,pvp,782,0,1,0,4,3072810,1047450,31650,0,4,64,8,4,1,2,78000,2,2,2,2,0,54
targeting,1,19,0,pvp,643,0,1,0,6,3362810,1420243,58007,0,4,145,8,3,1,3,97111,2,2,3,3,0,84
targeting,1,19,1,pvp,683,0,1,0,2,3182680,612260,7390,41740,4,111,12,4,1,1,33000,1,2,2,2,0,27
targeting,1,19,2,pvp,811,0,1,0,3,3456542,904142,59608,0,4,91,11,4,1,2,69000,3,2,3,2,0,45
targeting,1,19,3,pvp,619,0,0,5,0,3262670,756946,6254,11111,4,170,9,4,2,3,193289,2,2,2,3,66,0
targeting,1,20,0,neutral,173,0,0,7,0,696838,86657,3343,6444,8,73,3,2,2,0,100314,2,0,2,0,93,0
targeting,1,20,1,neutral,177,0,0,7,0,746200,45000,0,0,8,133,3,2,2,1,127487,1,0,2,0,84,0
targeting,1,20,2,neutral,169,0,0,7,0,718170,70390,9860,0,8,83,3,2,2,0,104477,3,0,3,0,66,0
targeting,1,20,3,neutral,181,0,0,7,0,725386,70890,5610,0,8,109,3,2,2,1,76596,2,0,2,0,93,0
targeting,1,20,4,neutral,173,0,0,7,0,697260,79890,21360,0,8,73,3,1,1,0,34500,2,0,3,0,87,0
targeting,1,20,5,neutral,189,0,0,7,0,723204,116730,8820,0,8,77,3,2,2,0,82910,2,0,2,0,93,0
targeting,1,20,6,neutral,163,0,0,7,0,704676,0,0,0,8,93,3,2,2,0,76980,2,0,2,0,99,0
targeting,1,20,7,neutral,197,0,0,7,0,697996,90516,16134,0,8,53,3,2,2,1,88303,2,0,3,0,75,0
targeting,1,21,0,pvp,900,1,0,3,1,3558487,984310,6140,0,4,104,10,4,0,0,0,2,2,2,3,54,18
targeting,1,21,1,pvp,427,0,1,0,5,2615933,209091,6909,13043,4,104,9,4,2,2,127821,0,2,3,2,0,66
targeting,1,21,2,pvp,900,1,1,2,2,3587700,1103561,28889,0,4,124,10,4,1,1,17889,3,2,3,2,12,45
targeting,1,21,3,pvp,646,0,1,0,4,3657785,1207874,70126,3550,4,84,10,3,2,1,117960,2,2,3,2,0,72
targeting,1,22,0,pvp,719,0,0,5,0,3765993,1454165,37585,35309,4,83,9,3,1,1,27501,2,2,2,3,75,0
targeting,1,22,1,pvp,365,0,1,0,6,2163688,475346,14254,0,4,44,8,5,2,1,66000,0,2,3,3,0,72
targeting,1,22,2,pvp,556,0,1,0,5,3224108,809011,9989,12500,4,84,9,4,2,3,166417,2,3,2,3,0,81
targeting,1,22,3,pvp,773,0,1,0,3,3501804,756872,15778,0,4,33,11,4,0,0,0,2,2,2,2,0,63
targeting,1,23,0,pvp,530,0,1,0,5,3374654,852271,15779,0,4,89,9,4,1,2,66000,2,2,2,2,0,81
targeting,1,23,1,pvp,366,0,1,0,6,2122940,278841,159,0,4,33,8,5,2,2,108193,0,2,3,2,0,75
targeting,1,23,2,pvp,502,0,0,5,0,3322546,686134,11366,0,4,70,9,5,3,4,207174,3,1,3,3,81,0
targeting,1,23,3,pvp,485,0,0,6,0,3241539,918302,14548,0,4,64,8,4,2,1,74217,2,2,2,2,90,0
targeting,1,24,0,pvp,600,0,0,5,0,3542843,1207039,59261,0,4,83,9,3,1,2,72000,3,2,3,2,90,0
targeting,1,24,1,pvp,297,0,1,0,7,2025902,314199,14301,7044,4,24,7,5,2,1,66000,0,2,3,2,0,99
targeting,1,24,2,pvp,900,1,0,3,1,3750695,1003500,0,0,4,64,10,5,1,1,42480,2,1,2,3,48,18
targeting,1,24,3,pvp,574,0,1,0,5,3690919,1174142,51208,0,4,64,9,4,3,2,139304,3,2,3,2,0,81
targeting,1,25,0,neutral,322,0,0,7,0,1626893,293000,31000,0,8,82,4,1,1,1,78000,3,0,3,0,108,0
targeting,1,25,1,neutral,318,0,0,5,0,1652337,0,0,0,8,57,6,3,3,1,138213,0,0,3,0,63,0
targeting,1,25,2,neutral,319,0,0,7,0,1550967,114750,0,8888,8,83,4,2,2,0,161531,2,0,2,0,84,0
targeting,1,25,3,neutral,326,0,0,6,0,1689716,186513,51987,0,8,114,5,2,2,2,106751,3,0,3,0,99,0
targeting,1,25,4,neutral,369,0,0,7,0,1681892,344260,13490,37094,8,82,4,1,1,0,121500,3,0,3,0,108,0
targeting,1,25,5,neutral,337,0,0,6,0,1759113,214175,19825,0,8,183,5,2,2,2,117410,2,0,2,0,75,0
targeting,1,25,6,neutral,277,0,0,6,0,1682077,0,0,0,8,93,5,3,3,1,111480,1,0,3,0,81,0
targeting,1,25,7,neutral,288,0,0,7,0,1614058,121500,0,0,8,126,4,2,2,1,156000,2,0,2,0,99,0
targeting,1,26,0,pvp,634,0,1,0,6,3949586,1679954,21046,62823,4,124,8,3,1,1,137415,3,3,3,3,0,99
targeting,1,26,1,pvp,512,0,1,0,4,2578338,265950,0,0,4,64,10,5,1,1,21000,0,2,3,2,0,63
targeting,1,26,2,pvp,559,0,1,0,6,3190777,992814,33186,14465,4,70,8,3,1,2,67543,2,3,2,3,0,99
targeting,1,26,3,pvp,574,0,1,0,4,3315532,306000,0,0,4,83,10,5,1,1,39000,1,1,3,3,0,63
targeting,1,27,0,pvp,899,0,0,4,0,4221421,1755278,42472,5283,4,124,10,3,0,0,0,3,2,3,2,72,0
targeting,1,27,1,pvp,598,0,1,0,5,3945086,1243382,25618,0,4,94,9,4,3,2,172941,1,3,2,3,0,81
targeting,1,27,2,pvp,531,0,0,6,0,3221831,1065108,19392,0,4,83,8,4,1,1,39000,3,1,3,3,99,0
targeting,1,27,3,pvp,695,0,1,0,3,3486592,730350,0,0,4,52,11,4,1,1,61920,2,1,2,3,0,54
targeting,1,28,0,pvp,900,1,0,4,1,4404112,1910612,33388,73876,4,94,9,3,1,0,71804,3,2,3,2,72,18
targeting,1,28,1,pvp,530,0,1,0,3,3121635,135000,0,0,4,24,11,5,1,1,21902,0,1,3,3,0,54
targeting,1,28,2,pvp,803,0,0,3,0,3985556,1008688,24062,0,4,91,11,3,1,3,136862,2,2,2,3,45,0
targeting,1,28,3,pvp,900,1,0,2,2,4486792,1425126,48624,26079,4,118,10,3,0,0,0,3,1,3,3,45,45
targeting,1,29,0,pvp,883,0,0,3,0,4294655,1493125,68375,21818,4,62,11,4,1,1,42480,3,1,3,3,54,0
targeting,1,29,1,pvp,781,0,1,0,2,3602766,655588,39662,112743,4,70,12,3,0,0,0,0,3,3,3,0,36
targeting,1,29,2,pvp,599,0,1,0,4,3509646,608373,14877,0,4,124,10,4,1,2,84960,2,1,2,3,0,63
targeting,1,29,3,pvp,659,0,1,0,4,3514394,876150,18900,0,4,120,10,3,2,1,100537,2,2,2,3,0,63
targeting,1,30,0,neutral,377,0,0,6,0,2102176,422043,36957,55224,8,213,5,1,1,1,62506,3,0,3,0,90,0
targeting,1,30,1,neutral,337,0,0,6,0,1927018,121500,0,0,8,133,5,2,2,1,174094,2,0,2,0,75,0
targeting,1,30,2,neutral,330,0,0,7,0,1937280,234000,0,36816,8,164,4,2,2,2,111251,2,0,2,0,99,0
targeting,1,30,3,neutral,388,0,0,7,0,2003336,303750,4500,0,8,111,4,1,1,0,112500,3,0,3,0,108,0
targeting,1,30,4,neutral,419,0,0,7,0,1941331,318600,0,92040,8,53,4,1,1,1,73500,2,0,3,0,99,0
targeting,1,30,5,neutral,333,0,0,6,0,1907881,0,0,0,8,53,5,3,3,0,151860,1,0,3,0,81,0
targeting,1,30,6,neutral,339,0,0,6,0,1915732,108000,0,0,8,117,5,2,2,0,168420,1,0,3,0,81,0
targeting,1,31,0,ghost,843,0,1,0,3,3479992,666010,17990,0,4,64,11,5,1,1,36285,1,2,3,2,0,48
targeting,1,31,1,pvp,900,1,0,2,1,3919101,999568,10682,0,4,91,11,3,0,0,0,3,2,3,2,45,18
targeting,1,31,2,pvp,600,0,1,0,6,3560443,1330533,41967,0,4,83,8,3,2,2,109304,2,3,2,3,0,99
targeting,1,31,3,pvp,788,0,0,3,0,4304180,1088663,7987,0,4,149,11,3,2,1,79633,2,1,3,3,54,0
targeting,1,32,0,ghost,498,0,1,0,6,2955043,575706,7044,0,4,91,8,4,2,2,118746,2,1,2,3,0,81
targeting,1,32,1,pvp,850,0,0,4,0,4573009,1818383,28867,78825,4,91,10,2,1,1,34500,3,3,3,3,63,0
targeting,1,32,2,pvp,602,0,1,0,3,3681715,865066,28634,15120,4,122,11,4,3,2,209743,2,3,2,3,0,72
targeting,1,32,3,pvp,650,0,0,4,0,3375120,216000,0,8333,4,64,10,5,1,2,74493,1,1,3,3,63,0
targeting,1,33,0,ghost,723,0,0,5,0,4497378,1829704,26546,14086,4,64,11,5,2,3,139902,3,2,3,3,81,0
targeting,1,33,1,pvp,541,0,0,7,0,3394660,941968,9782,0,4,83,9,4,0,0,0,3,2,3,3,126,0
targeting,1,33,2,pvp,711,0,1,0,3,3785438,830934,8316,0,4,64,13,5,3,2,148508,2,3,3,3,0,54
targeting,1,33,3,pvp,725,0,0,5,0,4618733,1822793,80707,0,4,144,11,4,0,0,0,4,1,4,3,90,0
targeting,1,34,0,ghost,799,0,1,0,4,4670550,1342816,16184,4754,4,89,12,5,3,3,206187,1,3,3,3,0,45
targeting,1,34,1,pvp,507,0,1,0,5,3882840,1112300,19900,20454,4,104,11,3,1,3,117717,3,3,3,3,0,99
targeting,1,34,2,pvp,830,0,1,0,5,3983840,1487240,108010,11133,4,70,11,4,1,1,21000,2,4,3,4,0,81
targeting,1,34,3,pvp,598,0,0,5,0,3863533,632705,8545,0,4,104,11,5,1,2,84913,3,2,3,3,72,0
targeting,1,35,0,neutral,343,0,0,8,0,2143564,365656,21344,88634,8,73,4,1,1,1,73500,3,0,3,0,135,0
targeting,1,35,1,neutral,362,0,0,7,0,2262634,271715,16285,0,8,161,5,2,2,3,147754,3,0,3,0,108,0
targeting,1,35,2,neutral,370,0,0,8,0,2255380,466110,37890,124089,8,161,4,1,1,1,108000,4,0,4,0,126,0
targeting,1,35,3,neutral,326,0,0,8,0,2331897,365850,0,0,8,180,4,2,2,2,117000,3,0,3,0,135,0
targeting,1,35,4,neutral,357,0,0,7,0,2295083,247500,0,16364,8,113,5,3,3,0,103860,2,0,3,0,99,0
targeting,1,35,5,neutral,317,0,0,7,0,2163513,189000,0,0,8,53,5,3,3,1,187357,1,0,3,0,90,0
targeting,1,36,0,pvp,900,1,0,3,1,4870335,1573274,19726,0,4,91,12,4,0,0,0,3,1,3,3,63,18
targeting,1,36,1,pvp,900,1,0,4,3,5821003,3195847,188153,0,4,84,9,3,1,2,107024,3,4,3,4,72,54
targeting,1,36,2,pvp,517,0,0,6,0,3622806,652549,5801,0,4,70,10,5,2,3,207521,3,2,3,3,99,0
targeting,1,37,0,ghost,593,0,0,7,0,4279255,1716114,86136,11132,4,120,9,2,1,1,65025,3,4,3,4,126,0
targeting,1,37,1,pvp,760,0,0,3,0,4302452,686618,6382,0,4,104,13,5,3,2,194178,3,1,3,3,54,0
targeting,1,37,2,pvp,675,0,0,5,0,4767886,1892446,12854,0,4,84,11,3,2,4,187304,4,3,4,3,90,0
targeting,1,38,0,pvp,610,0,1,0,6,4474074,1687997,49003,0,4,94,10,3,2,2,170471,3,3,3,3,0,90
targeting,1,38,1,pvp,640,0,0,6,0,4054760,1515189,86811,0,4,114,10,4,1,1,28111,4,1,4,3,108,0
targeting,1,39,0,ghost,691,0,0,6,0,4412940,1808460,99540,0,4,84,10,3,2,2,109304,4,3,4,3,99,0
targeting,1,39,1,pvp,634,0,0,5,0,4521306,1439544,18456,12273,4,164,11,3,2,2,113608,3,3,3,3,81,0
targeting,1,40,0,neutral,388,0,0,8,0,2519376,477456,26544,0,8,83,4,1,1,2,126000,3,0,3,0,135,0
targeting,1,40,1,neutral,410,0,0,7,0,2619796,393130,29870,52500,8,169,5,2,2,2,119073,3,0,3,0,99,0
targeting,1,40,2,neutral,433,0,0,7,0,2714172,448422,24078,0,8,283,5,1,1,1,69037,4,0,4,0,117,0
targeting,1,41,0,ghost,900,1,1,2,5,5190830,2731414,126086,0,4,84,9,3,1,1,113413,3,4,3,4,27,81
targeting,1,41,1,pvp,796,0,0,6,0,5363444,2710516,142484,0,4,91,10,2,1,1,76109,3,4,3,4,117,0
targeting,1,42,0,ghost,792,0,1,0,5,5282515,2255168,96082,58577,4,114,11,2,1,1,34500,4,3,4,3,0,99
targeting,1,42,1,pvp,742,0,0,6,0,4774842,2173372,58628,4536,4,84,10,3,1,1,76109,3,3,3,3,99,0
targeting,1,43,0,ghost,737,0,1,0,5,4728389,1922375,93625,31304,4,84,11,3,1,2,117913,3,3,3,3,0,81
targeting,1,43,1,pvp,653,0,0,7,0,4463867,1843301,28699,32726,4,120,9,3,2,1,132305,3,4,3,4,108,0
targeting,1,44,0,pvp,538,0,0,7,0,3807141,1340181,27819,0,4,80,9,3,2,2,117913,3,3,3,3,126,0
targeting,2,1,0,neutral,44,0,0,4,0,22826,0,0,0,17,44,1,2,1,0,7000,2,0,2,0,6,0
targeting,2,1,1,neutral,40,0,0,4,0,22826,0,0,0,8,40,1,2,2,0,17182,1,0,2,0,5,0
targeting,2,1,2,neutral,56,0,0,4,0,24112,1556,1944,0,8,56,1,2,1,0,3364,1,0,2,0,5,0
targeting,2,1,3,neutral,40,0,0,4,0,22556,0,0,0,17,40,1,1,1,1,12182,1,0,2,0,5,0
targeting,2,1,4,neutral,44,0,0,3,0,22826,1826,1674,0,8,44,1,1,1,0,10818,1,0,1,0,6,0
targeting,2,1,5,neutral,44,0,0,3,0,22826,1826,1674,0,8,44,1,1,1,0,5727,1,0,1,0,6,0
targeting,2,1,6,neutral,40,0,0,3,0,22826,0,0,0,17,40,1,2,1,0,14636,0,0,2,0,5,0
targeting,2,1,7,neutral,53,0,0,3,0,24652,0,0,0,17,53,1,2,1,0,13591,0,0,2,0,5,0
targeting,2,2,0,neutral,44,0,0,4,0,45696,0,0,0,8,40,2,3,2,1,25763,1,0,3,0,11,0
targeting,2,2,1,neutral,49,0,0,4,0,45696,0,0,0,8,40,2,3,2,1,38136,0,0,3,0,6,0
targeting,2,2,2,neutral,72,0,0,4,0,47712,8712,2288,622,8,52,2,1,1,1,13000,1,0,2,0,13,0
targeting,2,2,3,neutral,49,0,0,4,0,45696,0,0,0,8,44,2,3,2,1,26681,0,0,3,0,8,0
targeting,2,2,4,neutral,93,0,0,4,0,50566,9131,1869,0,8,44,2,1,1,0,7763,1,0,1,0,13,0
targeting,2,2,5,neutral,65,0,0,4,0,46260,7260,3740,0,8,40,2,1,1,1,18000,1,0,1,0,13,0
targeting,2,2,6,neutral,93,0,0,4,0,49122,1826,1674,0,8,40,2,1,1,0,17182,1,0,1,0,11,0
targeting,2,2,7,neutral,142,0,0,4,0,54556,11408,6092,0,8,64,2,0,0,0,0,1,0,2,0,9,0
targeting,2,3,0,neutral,108,0,0,5,0,84131,0,0,0,8,44,3,2,2,0,30545,2,0,2,0,15,0
targeting,2,3,1,neutral,125,0,0,5,0,85957,0,0,0,8,44,3,2,1,0,5090,1,0,2,0,14,0
targeting,2,3,2,neutral,121,0,0,5,0,86815,17270,6230,0,8,44,3,1,1,0,5854,2,0,2,0,15,0
targeting,2,3,3,neutral,108,0,0,5,0,83148,10500,0,0,8,44,3,2,1,0,1272,1,0,2,0,14,0
targeting,2,3,4,neutral,164,0,0,5,0,88318,15096,6904,1644,8,52,3,0,0,0,0,1,0,3,0,14,0
targeting,2,3,5,neutral,125,0,0,5,0,86815,17270,4230,0,8,44,3,1,1,0,854,2,0,2,0,15,0
targeting,2,3,6,neutral,125,0,0,5,0,85227,11000,0,730,8,44,3,1,1,0,7545,1,0,2,0,16,0
targeting,2,3,7,neutral,142,0,0,5,0,85222,7000,0,0,8,44,3,1,1,0,3727,1,0,2,0,14,0
targeting,2,4,0,pvp,397,0,0,4,0,877903,180588,3037,0,4,104,6,4,2,1,50889,2,0,2,3,10,0
targeting,2,4,1,pvp,688,0,1,0,3,1232215,313000,2000,0,4,62,7,1,0,0,0,2,1,2,3,0,10
targeting,2,4,2,pvp,885,0,0,3,0,1431665,459514,13486,9890,4,66,7,3,1,0,21955,1,2,2,2,13,0
targeting,2,4,3,pvp,530,0,1,0,3,1229690,198000,0,0,4,33,7,2,1,2,37866,2,1,2,2,0,8
targeting,2,5,0,neutral,153,0,0,5,0,331305,16500,0,0,8,95,3,1,1,0,34500,2,0,2,0,23,0
targeting,2,5,1,neutral,158,0,0,5,0,325182,0,0,0,8,82,3,1,1,1,32640,1,0,2,0,28,0
targeting,2,5,2,neutral,174,0,0,5,0,331979,22000,0,0,8,93,3,1,1,0,49637,2,0,2,0,21,0
targeting,2,5,3,neutral,149,0,0,5,0,336088,36349,2151,0,8,83,3,2,2,0,40251,1,0,2,0,19,0
targeting,2,5,4,neutral,189,0,0,5,0,351478,27500,0,0,8,131,3,1,1,1,52500,1,0,3,0,16,0
targeting,2,5,5,neutral,161,0,0,5,0,342173,42000,2000,0,8,83,3,2,2,1,66145,2,0,2,0,21,0
targeting,2,5,6,neutral,170,0,0,5,0,336569,58349,2151,0,8,77,3,1,1,0,21955,2,0,2,0,21,0
targeting,2,5,7,neutral,149,0,0,5,0,327626,36349,2151,4908,8,83,3,2,2,0,64275,1,0,2,0,18,0
targeting,2,6,0,pvp,687,0,1,0,3,1344956,319342,23033,0,4,84,7,3,1,1,17501,1,1,2,2,0,13
targeting,2,6,1,pvp,421,0,1,0,4,1258127,152179,9821,8727,4,83,6,3,3,3,83032,0,1,2,2,0,27
targeting,2,6,2,pvp,513,0,1,0,4,1389322,265436,9564,0,4,73,6,2,1,1,33000,1,2,2,2,0,21
targeting,2,6,3,pvp,512,0,1,0,4,1257951,225495,5505,12372,4,104,6,4,2,3,106916,1,1,2,2,0,12
targeting,2,7,0,pvp,762,0,1,0,2,1819262,312125,0,0,4,178,8,3,1,2,71238,1,1,2,2,0,9
targeting,2,7,1,pvp,556,0,1,0,2,1401832,198000,0,0,4,90,8,4,2,1,51821,0,1,2,2,0,22
targeting,2,7,2,pvp,413,0,0,4,0,1378329,259833,1667,0,4,52,6,3,1,2,45818,1,2,2,2,39,0
targeting,2,7,3,pvp,494,0,1,0,4,1433534,512827,1173,0,4,84,6,2,1,2,65511,2,1,2,2,0,33
targeting,2,8,0,pvp,644,0,1,0,3,1545274,284750,0,0,4,114,7,2,1,0,23739,1,2,2,2,0,29
targeting,2,8,1,pvp,296,0,1,0,5,1051742,180000,0,0,4,103,5,4,1,0,83218,0,1,3,2,0,42
targeting,2,8,2,pvp,403,0,0,4,0,1248771,197218,782,0,4,27,6,2,1,1,32003,1,2,2,2,39,0
targeting,2,8,3,pvp,671,0,0,5,0,1548050,534623,42877,0,4,114,5,1,1,1,30545,2,1,2,3,27,0
targeting,2,9,0,pvp,830,0,1,0,4,2414397,975788,50712,8551,4,62,8,3,0,0,0,1,2,2,2,0,26
targeting,2,9,1,pvp,299,0,1,0,5,1194524,117182,8818,0,4,44,7,6,1,1,26478,0,1,4,2,0,42
targeting,2,9,2,pvp,557,0,1,0,5,2091237,746647,16353,0,4,38,7,3,1,2,101493,2,2,2,2,0,45
targeting,2,9,3,pvp,800,0,1,0,1,2514301,551933,15067,0,4,122,11,2,1,2,79679,1,1,2,3,0,18
targeting,2,10,0,neutral,188,0,0,6,0,466718,0,0,0,8,93,3,2,2,0,99955,1,0,2,0,33,0
targeting,2,10,1,neutral,133,0,0,6,0,450414,0,0,0,8,44,3,3,3,0,52882,0,0,3,0,30,0
targeting,2,10,2,neutral,194,0,0,6,0,458349,42779,1221,0,8,93,3,1,1,0,21955,2,0,2,0,48,0
targeting,2,10,3,neutral,173,0,0,6,0,465632,36000,0,0,8,93,3,1,1,0,28751,2,0,2,0,48,0
targeting,2,10,4,neutral,161,0,0,6,0,455003,59912,3088,0,8,94,3,2,2,1,49637,1,0,2,0,45,0
targeting,2,10,5,neutral,171,0,0,6,0,467312,52636,2364,0,8,42,3,1,1,0,33109,2,0,2,0,45,0
targeting,2,10,6,neutral,187,0,0,6,0,453354,45000,0,0,8,70,3,1,1,1,48000,2,0,2,0,48,0
targeting,2,10,7,neutral,190,0,0,6,0,471066,0,0,0,8,93,3,1,1,0,28751,1,0,3,0,46,0
targeting,2,11,0,pvp,900,1,0,2,1,2572438,793917,22833,27192,4,64,9,4,1,1,24818,1,1,2,2,27,18
targeting,2,11,1,pvp,381,0,1,0,5,1838307,162000,0,0,4,64,7,4,1,2,56848,1,1,3,3,0,42
targeting,2,11,2,pvp,900,1,1,2,3,2781466,1114315,18685,49192,4,120,7,2,0,0,0,2,2,2,2,24,28
targeting,2,11,3,pvp,900,1,0,3,1,2645904,875563,16937,0,4,143,8,2,1,0,82500,2,2,2,2,25,6
targeting,2,12,0,pvp,631,0,1,0,3,2255199,590660,3340,3000,4,64,9,4,1,0,146024,1,1,2,2,0,36
targeting,2,12,1,pvp,900,1,1,1,2,2840055,891698,22802,0,4,66,9,4,2,2,72715,1,3,3,3,9,10
targeting,2,12,2,pvp,633,0,1,0,5,2616277,968500,0,0,4,236,7,2,1,0,27501,2,2,2,2,0,51
targeting,2,12,3,pvp,603,0,0,5,0,2113344,599130,13370,8348,4,73,7,3,1,0,21955,2,1,2,2,51,0
targeting,2,13,0,pvp,611,0,1,0,5,1987484,615651,1849,0,4,83,7,3,0,0,0,1,2,2,2,0,51
targeting,2,13,1,pvp,664,0,1,0,3,2441537,531273,5727,0,4,145,9,3,1,0,21902,0,2,3,3,0,30
targeting,2,13,2,pvp,768,0,1,0,4,2637854,936886,26614,0,4,83,8,2,1,1,35444,3,1,3,2,0,39
targeting,2,13,3,pvp,900,1,0,2,1,2777775,810837,12663,3550,4,64,9,3,1,1,33000,2,2,2,2,22,18
targeting,2,14,0,pvp,473,0,1,0,4,1913964,443445,13305,3522,4,77,8,4,1,1,112387,1,2,2,2,0,54
targeting,2,14,1,pvp,401,0,1,0,5,1861241,249000,0,7044,4,84,7,4,2,1,75114,0,2,3,2,0,51
targeting,2,14,2,pvp,651,0,0,4,0,2903281,1184879,27121,0,4,189,8,3,2,3,138646,3,2,3,2,42,0
targeting,2,14,3,pvp,574,0,1,0,5,2488810,704364,6636,20823,4,178,7,2,1,2,111111,1,1,2,3,0,42
targeting,2,15,0,neutral,182,0,0,6,0,600393,54000,0,0,8,73,3,2,2,1,81273,1,0,2,0,45,0
targeting,2,15,1,neutral,146,0,0,6,0,583002,0,0,0,8,133,3,3,3,1,79397,0,0,3,0,42,0
targeting,2,15,2,neutral,189,0,0,6,0,616261,120534,24966,9820,8,111,3,1,1,0,43500,3,0,3,0,57,0
targeting,2,15,3,neutral,177,0,0,6,0,599740,50348,3652,0,8,73,3,2,2,1,66317,1,0,2,0,57,0
targeting,2,15,4,neutral,198,0,0,6,0,590225,54000,0,0,8,111,3,1,1,1,43500,2,0,3,0,60,0
targeting,2,15,5,neutral,170,0,0,6,0,612014,102215,5785,0,8,113,3,2,2,0,67128,2,0,2,0,66,0
targeting,2,15,6,neutral,171,0,0,6,0,592863,86977,12023,0,8,94,3,2,2,1,65455,2,0,2,0,66,0
targeting,2,15,7,neutral,193,0,0,6,0,615392,27500,0,0,8,102,3,1,1,0,28751,2,0,2,0,60,0
targeting,2,16,0,pvp,585,0,1,0,3,1939398,202500,0,0,4,64,9,5,2,2,66933,1,0,2,3,0,27
targeting,2,16,1,pvp,643,0,0,4,0,2631703,524499,11001,0,4,83,8,2,1,1,142898,2,1,2,3,45,0
targeting,2,16,2,pvp,900,1,0,4,1,3254043,1299188,32812,0,4,52,7,4,1,0,41609,2,2,2,2,54,9
targeting,2,16,3,pvp,900,1,1,1,4,3275708,1609501,102749,0,4,176,7,3,2,3,94363,2,2,3,2,18,48
targeting,2,17,0,pvp,900,1,0,2,1,3072919,814500,0,0,4,142,9,3,2,1,147356,2,2,2,2,27,18
targeting,2,17,1,pvp,490,0,0,4,0,2332865,524777,15223,0,4,91,8,4,2,2,111873,1,2,2,2,63,0
targeting,2,17,2,pvp,824,0,0,3,0,3103844,957669,16581,0,4,77,9,3,1,1,23427,2,1,2,3,63,0
targeting,2,17,3,pvp,592,0,0,5,0,2658097,927000,0,7044,4,139,7,3,1,0,35444,2,2,2,2,75,0
targeting,2,18,0,pvp,430,0,0,5,0,2278094,491285,8215,0,4,104,7,4,2,3,140879,2,2,2,2,66,0
targeting,2,18,1,pvp,580,0,0,3,0,2766267,657000,0,0,4,84,9,4,2,2,121471,2,2,2,2,54,0
targeting,2,18,2,pvp,712,0,1,0,2,3275681,728228,772,10227,4,139,10,3,1,2,101910,2,2,2,2,0,45
targeting,2,18,3,pvp,679,0,0,4,0,2756658,682594,10406,0,4,124,8,3,2,1,84316,2,1,2,3,57,0
targeting,2,19,0,pvp,588,0,0,5,0,3171212,989928,35072,0,4,69,9,3,2,4,284186,2,3,2,3,81,0
targeting,2,19,1,pvp,522,0,0,6,0,3527700,1339800,1200,0,4,245,8,5,4,3,202468,2,2,3,2,82,0
targeting,2,19,2,pvp,529,0,0,6,0,2712806,808648,32852,0,4,64,8,5,2,1,70632,2,1,3,3,84,0
targeting,2,19,3,pvp,555,0,1,0,5,2951204,937960,25040,0,4,52,9,6,3,3,120427,2,2,3,3,0,75
targeting,2,20,0,neutral,178,0,0,7,0,681540,88992,10008,0,8,73,3,2,2,1,135420,2,0,2,0,93,0
targeting,2,20,1,neutral,142,0,0,7,0,704225,93390,5610,0,8,82,3,2,2,1,73260,2,0,2,0,94,0
targeting,2,20,2,neutral,189,0,0,7,0,691910,76110,12390,0,8,101,3,1,1,1,65625,3,0,3,0,96,0
targeting,2,20,3,neutral,178,0,0,7,0,727978,124760,10240,0,8,84,3,3,3,0,104664,2,0,3,0,87,0
targeting,2,20,4,neutral,180,0,0,7,0,711128,64520,7480,0,8,53,3,1,1,0,42480,3,0,3,0,96,0
targeting,2,20,5,neutral,171,0,0,7,0,715044,97110,1890,0,8,91,3,3,3,1,108955,2,0,3,0,69,0
targeting,2,20,6,neutral,153,0,0,7,0,717326,88110,1890,0,8,114,3,3,3,2,97637,2,0,3,0,87,0
targeting,2,20,7,neutral,169,0,0,7,0,715468,57362,21388,0,8,93,3,2,2,1,101757,1,0,3,0,84,0
targeting,2,21,0,pvp,836,0,0,3,0,4084613,1266605,26895,66401,4,52,11,3,2,0,149733,2,3,2,3,54,0
targeting,2,21,1,pvp,580,0,0,5,0,3503942,1042203,37797,36319,4,114,9,5,4,2,238736,2,2,3,2,66,0
targeting,2,21,2,pvp,657,0,0,4,0,3261915,1013684,55066,0,4,89,10,4,2,2,78207,2,3,2,3,72,0
targeting,2,21,3,pvp,631,0,0,5,0,3490173,969150,9600,0,4,83,9,3,2,1,71003,3,1,3,3,78,0
targeting,2,22,0,pvp,623,0,1,0,3,3440937,489240,17010,0,4,80,11,4,3,2,214264,2,2,2,2,0,27
targeting,2,22,1,pvp,900,1,1,3,3,5154627,2971171,106829,0,4,120,8,5,3,1,120808,2,3,3,3,63,63
targeting,2,22,2,pvp,667,0,1,0,4,3404882,747078,48922,0,4,65,10,3,2,1,144946,3,2,3,2,0,63
targeting,2,22,3,pvp,900,1,1,1,5,4720257,2547598,104402,0,4,91,8,3,1,1,48000,3,3,3,3,18,90
targeting,2,23,0,pvp,703,0,0,6,0,3610251,1483703,23547,0,4,89,8,3,2,3,179186,3,3,3,3,99,0
targeting,2,23,1,pvp,614,0,0,4,0,3673185,903458,28042,0,4,170,10,5,4,1,284477,2,2,3,2,39,0
targeting,2,23,2,pvp,900,1,0,4,2,5030368,2474340,64160,0,4,164,8,3,1,2,152140,3,3,3,3,60,36
targeting,2,23,3,pvp,762,0,0,4,0,4424253,1842520,56480,0,4,73,10,4,2,2,127806,2,3,2,3,54,0
targeting,2,24,0,pvp,574,0,0,5,0,3745395,1362787,16463,13636,4,189,9,5,3,2,126687,3,1,3,3,90,0
targeting,2,24,1,pvp,900,1,1,2,2,4182250,1630405,55095,0,4,89,10,3,1,0,114335,3,2,3,2,45,36
targeting,2,24,2,pvp,807,0,0,5,0,4445459,1995908,62842,0,4,178,9,3,1,1,38505,3,2,3,2,72,0
targeting,2,24,3,pvp,830,0,0,4,0,4696263,2354443,73307,0,4,84,10,4,1,1,80609,3,3,3,3,72,0
targeting,2,25,0,neutral,305,0,0,7,0,1661040,284085,42165,0,8,113,4,2,2,0,76980,3,0,3,0,108,0
targeting,2,25,1,neutral,256,0,0,7,0,1538146,0,0,41736,8,53,4,3,3,3,185487,0,0,3,0,75,0
targeting,2,25,2,neutral,333,0,0,7,0,1638373,180000,0,0,8,70,4,1,1,1,65625,3,0,3,0,108,0
targeting,2,25,3,neutral,377,0,0,6,0,1737046,229927,4073,0,8,89,5,2,2,0,50706,2,0,2,0,84,0
targeting,2,25,4,neutral,351,0,0,6,0,1763712,189000,0,0,8,188,5,1,1,0,42480,3,0,3,0,99,0
targeting,2,25,5,neutral,308,0,0,7,0,1663197,221592,3408,0,8,52,4,2,2,0,112500,3,0,3,0,108,0
targeting,2,25,6,neutral,308,0,0,6,0,1735668,208695,25305,0,8,83,5,2,2,2,117000,3,0,3,0,90,0
targeting,2,25,7,neutral,321,0,0,6,0,1731167,110243,6757,0,8,133,5,2,2,1,73005,2,0,2,0,81,0
targeting,2,26,0,pvp,900,1,0,3,1,4366651,1911171,59829,0,4,84,10,4,1,1,42480,3,3,3,3,54,18
targeting,2,26,1,pvp,441,0,1,0,6,2776192,652648,13352,13043,4,52,8,5,3,3,174185,0,3,3,3,0,99
targeting,2,26,2,pvp,740,0,0,3,0,4007357,1223276,95224,0,4,114,11,3,2,1,91977,3,2,3,2,54,0
targeting,2,26,3,pvp,742,0,1,0,5,3513512,1019398,24602,0,4,91,9,3,0,0,0,2,3,2,3,0,90
targeting,2,27,0,pvp,545,0,0,5,0,2995537,536147,28603,0,4,91,9,4,2,1,63152,2,2,2,2,81,0
targeting,2,27,1,pvp,475,0,1,0,6,2535635,755626,27374,0,4,77,8,5,3,1,75526,0,3,4,3,0,99
targeting,2,27,2,pvp,644,0,0,5,0,3916050,1340400,50100,0,4,124,9,3,2,2,131511,3,3,3,3,81,0
targeting,2,27,3,pvp,845,0,1,0,4,4163717,1664519,90481,0,4,83,10,4,1,1,34500,2,3,2,3,0,81
targeting,2,28,0,pvp,641,0,1,0,5,4042275,1593059,20191,0,4,84,9,4,2,2,148109,2,3,2,3,0,81
targeting,2,28,1,pvp,372,0,1,0,6,2289121,483704,11296,0,4,64,8,6,3,1,83165,0,2,4,2,0,90
targeting,2,28,2,pvp,900,1,1,4,4,4358416,2378060,96940,0,4,144,6,2,1,0,105367,3,3,3,3,81,63
targeting,2,28,3,pvp,624,0,0,6,0,3444932,1512782,158968,3711,4,114,8,4,2,2,117831,3,2,3,2,99,0
targeting,2,29,0,pvp,702,0,0,3,0,3860709,983781,6219,0,4,84,11,4,0,0,0,2,1,2,2,63,0
targeting,2,29,1,pvp,459,0,1,0,5,2543843,515725,15275,0,4,62,9,5,3,3,237230,0,3,4,3,0,72
targeting,2,29,2,pvp,900,1,1,1,4,4003647,1640689,22061,0,4,144,9,3,2,1,64253,3,3,3,3,18,81
targeting,2,29,3,pvp,900,1,1,2,2,4842940,2112639,58611,0,4,114,10,4,2,2,131372,3,2,3,2,36,27
targeting,2,30,0,neutral,308,0,0,6,0,1884366,136566,7434,0,8,127,5,2,2,1,164940,1,0,2,0,99,0
targeting,2,30,1,neutral,318,0,0,5,0,2048672,0,0,0,8,58,6,4,4,1,132164,0,0,4,0,63,0
targeting,2,30,2,neutral,383,0,0,7,0,2079788,450000,0,0,8,89,4,1,1,1,65625,3,0,3,0,108,0
targeting,2,30,3,neutral,318,0,0,6,0,2024080,0,0,0,8,118,5,2,2,0,63251,1,0,2,0,99,0
targeting,2,30,4,neutral,458,0,0,7,0,1972505,369000,0,0,8,111,4,0,0,0,0,4,0,4,0,117,0
targeting,2,30,5,neutral,333,0,0,7,0,1846091,203283,3717,0,8,53,4,2,2,1,112500,3,0,3,0,108,0
targeting,2,30,6,neutral,344,0,0,6,0,2104054,378674,15076,0,8,113,5,2,2,1,82500,3,0,3,0,90,0
targeting,2,30,7,neutral,365,0,0,6,0,2017394,297880,1370,0,8,158,5,2,2,2,101756,2,0,2,0,90,0
targeting,2,31,0,pvp,279,0,0,6,0,2003144,189000,0,0,4,44,8,6,3,2,97429,1,0,2,4,99,0
targeting,2,31,1,pvp,705,0,0,3,0,3522431,697194,67806,0,4,141,11,3,2,3,209313,3,2,3,2,54,0
targeting,2,31,2,pvp,858,0,0,3,0,4119737,1065032,32968,0,4,108,11,2,1,1,23427,1,4,2,4,72,0
targeting,2,31,3,pvp,478,0,0,7,0,3215265,1374462,63288,0,4,65,7,4,3,1,152218,4,3,4,3,117,0
targeting,2,32,0,ghost,556,0,1,0,4,3454586,885266,37234,0,4,84,10,4,2,1,76980,4,1,4,2,0,81
targeting,2,32,1,pvp,459,0,1,0,5,3045682,252000,0,0,4,84,9,4,2,3,154363,1,1,2,2,0,72
targeting,2,32,2,pvp,829,0,0,3,0,4738792,1808280,34470,0,4,124,11,3,2,2,156810,3,3,3,3,45,0
targeting,2,32,3,pvp,900,1,0,3,3,4192550,1791172,94328,0,4,145,8,1,0,0,0,4,2,4,3,54,63
targeting,2,33,0,pvp,900,1,1,1,4,4798712,1869649,74351,0,4,72,11,4,2,1,87731,2,3,2,3,18,81
targeting,2,33,1,pvp,897,0,0,4,0,5195338,2036012,76738,0,4,118,12,4,1,0,43500,2,4,2,4,72,0
targeting,2,33,2,pvp,764,0,0,7,0,4791382,2576598,51402,4536,4,113,9,2,0,0,0,4,4,4,4,126,0
targeting,2,34,0,pvp,604,0,0,5,0,4021737,1182452,3298,0,4,133,11,4,2,1,115316,2,4,2,4,99,0
targeting,2,34,1,pvp,900,1,0,5,4,5091985,2779920,154080,13254,4,114,7,2,2,0,184529,3,4,3,4,90,63
targeting,2,34,2,pvp,693,0,1,0,5,4667392,1604784,91716,27272,4,114,11,4,1,2,67500,2,4,2,4,0,90
targeting,2,35,0,neutral,326,0,0,8,0,2147988,236131,6869,0,8,137,4,2,2,2,160440,2,0,2,0,126,0
targeting,2,35,1,neutral,383,0,0,8,0,2363813,674997,3,20454,8,241,4,2,2,2,107325,4,0,4,0,126,0
targeting,2,35,2,neutral,347,0,0,7,0,2121457,70543,10457,0,8,129,5,2,2,0,95254,2,0,2,0,117,0
targeting,2,35,3,neutral,408,0,0,7,0,2481790,418740,22260,4891,8,158,5,0,0,0,0,4,0,4,0,126,0
targeting,2,35,4,neutral,358,0,0,7,0,2183767,252000,0,0,8,139,5,2,2,1,186000,4,0,4,0,108,0
targeting,2,36,0,ghost,900,1,1,2,4,4855371,1896856,47144,0,4,80,10,2,0,0,0,2,4,2,4,36,63
targeting,2,36,1,pvp,900,1,1,1,3,4736234,1805558,43942,0,4,113,12,4,3,2,220202,4,4,4,4,18,54
targeting,2,36,2,pvp,900,1,0,2,2,4637073,1518191,92809,0,4,113,12,2,1,1,23427,2,4,2,4,45,36
targeting,2,37,0,ghost,900,1,1,3,5,5450314,2599697,199303,13254,4,120,8,2,2,1,273591,4,4,4,4,36,81
targeting,2,37,1,pvp,581,0,0,6,0,3811387,1004809,30191,0,4,94,10,4,1,1,84960,2,4,2,4,108,0
targeting,2,37,2,pvp,869,0,0,1,0,5308434,1676060,24940,20870,4,114,15,4,2,3,232247,4,2,4,2,27,0
targeting,2,38,0,ghost,900,1,1,1,2,5243843,1945039,61961,0,4,151,13,4,2,0,144035,4,2,4,2,27,45
targeting,2,38,1,pvp,900,1,0,4,1,5061797,2036422,60578,0,4,80,11,2,0,0,0,2,4,2,4,72,18
targeting,2,38,2,pvp,693,0,1,0,4,4531787,1569669,43581,0,4,84,12,4,2,2,73500,2,4,2,4,0,72
targeting,2,39,0,pvp,855,0,0,2,0,4984410,1261696,7304,31695,4,84,14,4,2,0,60501,2,2,2,2,45,0
targeting,2,39,1,pvp,900,1,0,4,3,5800509,3282757,200243,0,4,149,9,4,2,3,234334,4,4,4,4,81,63
targeting,2,40,0,neutral,413,0,0,7,0,2637258,343000,8000,0,8,83,5,2,2,0,76980,2,0,2,0,117,0
targeting,2,40,1,neutral,412,0,0,7,0,2597004,503094,9906,0,8,83,5,2,2,1,157755,4,0,4,0,108,0
targeting,2,40,2,neutral,388,0,0,7,0,2473446,162000,0,0,8,73,5,2,2,0,63251,2,0,2,0,117,0
targeting,2,41,0,ghost,555,0,1,0,7,3963323,1430623,18377,0,4,108,9,4,2,2,173204,2,4,2,4,0,108
targeting,2,41,1,pvp,900,1,0,3,2,5002550,2001487,32513,0,4,189,11,4,2,0,90776,2,4,2,4,63,36
targeting,2,42,0,ghost,826,0,1,0,3,4593089,1281496,23504,6339,4,64,13,4,2,1,88002,2,2,2,2,0,72
targeting,2,42,1,pvp,493,0,1,0,5,3898477,1156620,22380,0,4,84,11,4,4,3,183774,4,2,4,2,0,90
targeting,2,43,0,pvp,610,0,0,5,0,3989901,888496,2504,25356,4,114,11,4,1,1,27501,2,2,2,2,99,0
targeting,2,44,0,pvp,900,1,1,2,2,4880694,1344577,32423,0,4,77,12,4,1,0,33000,2,2,2,2,45,45
targeting,3,1,0,neutral,56,0,0,3,0,24112,0,0,0,17,56,1,1,1,0,11000,0,0,2,0,5,0
targeting,3,1,1,neutral,40,0,0,4,0,22826,0,0,0,17,40,1,2,1,0,13364,2,0,2,0,6,0
targeting,3,1,2,neutral,40,0,0,4,0,22826,0,0,0,17,40,1,2,1,0,13364,2,0,2,0,6,0
targeting,3,1,3,neutral,53,0,0,3,0,24112,1556,1944,0,8,53,1,1,0,0,0,1,0,1,0,6,0
targeting,3,1,4,neutral,64,0,0,4,0,24112,3112,388,0,21,64,1,0,0,0,0,2,0,2,0,6,0
targeting,3,1,5,neutral,64,0,0,4,0,24112,0,0,0,21,64,1,0,0,0,0,2,0,2,0,6,0
targeting,3,1,6,neutral,53,0,0,4,0,24652,0,0,0,17,53,1,2,1,0,13591,0,0,2,0,4,0
targeting,3,1,7,neutral,64,0,0,4,0,24112,3112,3888,0,8,64,1,1,0,0,0,1,0,2,0,5,0
targeting,3,2,0,neutral,65,0,0,4,0,46982,0,0,0,8,40,2,1,1,1,18000,1,0,2,0,9,0
targeting,3,2,1,neutral,93,0,0,4,0,48131,0,0,0,17,40,2,1,1,1,14127,2,0,2,0,12,0
targeting,3,2,2,neutral,72,0,0,4,0,48131,5326,1674,0,8,40,2,2,2,1,16854,2,0,2,0,12,0
targeting,3,2,3,neutral,52,0,0,4,0,46260,5500,0,0,8,49,2,1,1,1,17136,1,0,2,0,11,0
targeting,3,2,4,neutral,53,0,0,4,0,46260,0,0,0,8,40,2,1,1,1,18000,1,0,1,0,11,0
targeting,3,2,5,neutral,101,0,0,4,0,50566,9131,1869,0,8,40,2,2,1,1,7763,1,0,2,0,11,0
targeting,3,2,6,neutral,93,0,0,4,0,49122,0,0,0,8,40,2,3,2,1,21000,0,0,3,0,8,0
targeting,3,2,7,neutral,52,0,0,4,0,46982,1556,1944,0,8,40,2,1,1,1,18000,1,0,1,0,11,0
targeting,3,3,0,neutral,117,0,0,5,0,85227,0,0,730,8,44,3,2,1,0,1181,1,0,2,0,16,0
targeting,3,3,1,neutral,121,0,0,5,0,83957,3112,2388,1460,8,44,3,1,1,0,16545,1,0,3,0,14,0
targeting,3,3,2,neutral,85,0,0,5,0,81696,12261,3739,0,8,44,3,3,2,0,9035,2,0,3,0,15,0
targeting,3,3,3,neutral,113,0,0,5,0,83148,12000,4500,0,8,44,3,2,1,0,10181,2,0,2,0,15,0
targeting,3,3,4,neutral,77,0,0,5,0,80556,5500,0,0,8,44,3,2,2,1,23763,1,0,2,0,16,0
targeting,3,3,5,neutral,133,0,0,4,0,85269,12047,4453,0,8,40,3,1,1,0,14127,1,0,1,0,15,0
targeting,3,3,6,neutral,101,0,0,5,0,79788,0,0,0,8,40,3,3,3,1,40000,0,0,3,0,11,0
targeting,3,3,7,neutral,93,0,0,5,0,79518,0,0,0,8,40,3,2,2,0,28545,0,0,3,0,11,0
targeting,3,4,0,pvp,900,1,0,2,1,1376897,389589,3936,0,4,104,7,3,1,1,21000,1,1,3,2,9,6
targeting,3,4,1,pvp,579,0,1,0,3,1062106,114240,1260,5040,4,91,7,4,2,1,82292,1,1,2,2,0,12
targeting,3,4,2,pvp,550,0,0,4,0,1195632,390741,38259,4435,4,114,6,4,1,1,27674,2,1,2,2,14,0
targeting,3,4,3,pvp,481,0,1,0,5,1095439,247014,14236,5217,4,151,5,2,2,0,81596,1,1,2,2,0,18
targeting,3,5,0,neutral,193,0,0,5,0,348146,38296,204,0,8,111,3,1,1,0,21955,1,0,3,0,16,0
targeting,3,5,1,neutral,169,0,0,5,0,335182,0,0,0,8,122,3,2,2,0,65181,0,0,2,0,15,0
targeting,3,5,2,neutral,150,0,0,5,0,343444,57988,21512,0,8,90,3,1,1,0,26880,3,0,3,0,26,0
targeting,3,5,3,neutral,189,0,0,5,0,341478,27500,0,0,8,119,3,2,2,0,49137,1,0,2,0,17,0
targeting,3,5,4,neutral,189,0,0,5,0,337774,27500,0,0,8,89,3,1,1,1,49637,1,0,2,0,18,0
targeting,3,5,5,neutral,145,0,0,5,0,322127,50717,5383,0,8,73,3,2,2,0,43910,1,0,2,0,18,0
targeting,3,5,6,neutral,180,0,0,5,0,347648,0,0,0,8,109,3,2,2,1,52500,1,0,2,0,18,0
targeting,3,5,7,neutral,153,0,0,5,0,324717,36349,2151,0,8,93,3,2,2,1,52500,1,0,2,0,18,0
targeting,3,6,0,pvp,900,1,0,3,3,1927945,1084563,48437,0,4,184,4,2,1,1,21955,2,2,2,2,15,16
targeting,3,6,1,pvp,720,0,1,0,1,1342410,110000,0,7111,4,42,9,5,3,2,81130,0,1,3,2,0,6
targeting,3,6,2,pvp,514,0,0,4,0,1396767,381148,6727,0,4,56,6,4,3,2,51480,1,1,2,2,33,0
targeting,3,6,3,pvp,507,0,1,0,4,1450314,474754,19971,0,4,125,6,4,2,1,110376,2,2,2,2,0,21
targeting,3,7,0,pvp,412,0,0,4,0,994449,206444,9556,17727,4,64,6,5,1,0,41628,1,0,3,4,25,0
targeting,3,7,1,pvp,494,0,1,0,5,1490865,476395,22105,0,4,185,5,2,1,1,109415,2,3,2,3,0,32
targeting,3,7,2,pvp,606,0,1,0,4,1323034,443176,13324,4435,4,114,6,2,1,2,87453,1,2,2,2,0,18
targeting,3,7,3,pvp,462,0,1,0,4,1248015,180491,5684,0,4,87,6,4,2,3,114473,2,0,2,2,0,18
targeting,3,8,0,pvp,900,1,0,1,1,1851352,421609,391,0,4,118,8,3,2,2,81485,1,1,2,2,18,6
targeting,3,8,1,pvp,453,0,0,4,0,1339551,204761,114,7111,4,149,6,2,2,2,63889,0,2,3,2,24,0
targeting,3,8,2,pvp,592,0,1,0,3,1596181,383391,19809,8727,4,124,7,3,2,1,78056,2,2,2,2,0,21
targeting,3,8,3,pvp,359,0,1,0,5,1204517,166505,10495,0,4,89,5,4,2,2,123547,1,1,2,2,0,40
targeting,3,9,0,pvp,662,0,0,4,0,2045169,725979,7521,0,4,120,8,4,2,1,73728,1,1,2,3,33,0
targeting,3,9,1,pvp,350,0,1,0,6,1473423,382542,4958,17454,4,33,5,4,3,1,106189,0,2,2,2,0,38
targeting,3,9,2,pvp,432,0,1,0,5,1556319,438744,17906,1565,4,52,7,4,1,1,28111,2,1,2,2,0,42
targeting,3,9,3,pvp,504,0,1,0,4,1989290,319415,4585,0,8,161,8,3,3,1,208667,2,1,2,2,0,33
targeting,3,10,0,neutral,169,0,0,6,0,460299,51279,11721,0,8,111,3,2,2,3,63201,1,0,2,0,40,0
targeting,3,10,1,neutral,173,0,0,6,0,460981,0,0,0,8,81,3,2,2,0,61591,1,0,2,0,43,0
targeting,3,10,2,neutral,163,0,0,6,0,447696,57066,16434,0,8,41,3,3,2,1,69501,2,0,3,0,38,0
targeting,3,10,3,neutral,174,0,0,6,0,461952,36000,0,0,8,113,3,2,2,0,68728,1,0,2,0,40,0
targeting,3,10,4,neutral,198,0,0,6,0,470200,73108,43892,14315,8,84,3,1,1,1,96000,2,0,3,0,40,0
targeting,3,10,5,neutral,178,0,0,6,0,453674,71484,5016,0,8,44,3,2,1,0,57192,1,0,2,0,50,0
targeting,3,10,6,neutral,194,0,0,6,0,440852,27500,0,0,8,83,3,1,1,1,48000,2,0,2,0,48,0
targeting,3,10,7,neutral,153,0,0,6,0,464065,51279,11721,0,8,89,3,2,2,1,69955,2,0,2,0,46,0
targeting,3,11,0,pvp,900,1,0,3,1,2647150,805832,6668,0,4,94,8,3,2,3,132331,2,2,2,2,33,18
targeting,3,11,1,pvp,507,0,0,5,0,1980904,585563,19687,19279,4,70,7,3,0,0,0,1,1,3,2,48,0
targeting,3,11,2,pvp,496,0,0,4,0,2079159,414000,0,0,4,24,8,5,4,3,206111,1,1,3,2,39,0
targeting,3,11,3,pvp,550,0,0,5,0,2098244,640249,24751,4435,4,91,7,3,1,2,67500,2,1,2,2,45,0
targeting,3,12,0,pvp,773,0,0,4,0,2314171,787611,32389,0,4,64,8,3,0,0,0,1,2,3,2,33,0
targeting,3,12,1,pvp,599,0,0,3,0,2179956,484356,21444,22032,4,84,9,2,1,1,31778,1,1,2,2,31,0
targeting,3,12,2,pvp,483,0,1,0,4,1767452,261000,0,7044,4,44,8,4,2,1,90304,1,1,2,2,0,45
targeting,3,12,3,pvp,693,0,1,0,2,2787730,890301,22199,14609,4,145,10,2,2,2,181111,2,2,2,2,0,27
targeting,3,13,0,pvp,750,0,1,0,4,3082273,1113867,52733,24497,4,95,8,2,1,1,34500,2,2,3,2,0,48
targeting,3,13,1,pvp,900,1,1,1,3,2798344,1021042,40208,0,4,84,8,4,1,0,17889,1,2,2,2,9,33
targeting,3,13,2,pvp,579,0,1,0,5,2365342,653827,1173,0,4,101,7,3,3,2,187106,1,2,2,2,0,45
targeting,3,13,3,pvp,570,0,0,4,0,2480806,658961,43789,0,4,52,8,3,2,4,158804,3,2,3,2,42,0
targeting,3,14,0,pvp,900,1,1,1,2,3007558,991728,47772,0,4,133,9,3,3,1,118389,2,1,3,2,18,27
targeting,3,14,1,pvp,900,1,0,3,2,2965569,1161416,65534,0,4,91,7,3,0,0,0,2,2,2,2,33,30
targeting,3,14,2,pvp,546,0,1,0,4,2336760,639393,25607,0,4,84,8,5,3,2,130937,1,2,3,2,0,60
targeting,3,14,3,pvp,526,0,0,5,0,2618346,888217,12033,6545,4,220,7,3,3,3,233688,2,2,2,2,48,0
targeting,3,15,0,neutral,198,0,0,6,0,607866,112423,13577,14730,8,129,3,1,1,2,43500,2,0,3,0,60,0
targeting,3,15,1,neutral,169,0,0,6,0,582855,0,0,0,8,95,3,3,3,2,84501,1,0,3,0,67,0
targeting,3,15,2,neutral,169,0,0,6,0,551334,71056,8444,0,8,41,3,2,2,0,93698,3,0,3,0,57,0
targeting,3,15,3,neutral,198,0,0,6,0,594523,102783,5217,0,8,73,3,3,2,1,77318,1,0,3,0,51,0
targeting,3,15,4,neutral,169,0,0,6,0,582284,79168,17582,14730,8,113,3,2,2,0,73603,2,0,2,0,66,0
targeting,3,15,5,neutral,173,0,0,6,0,580043,104722,17928,7365,8,93,3,1,1,0,34500,2,0,2,0,63,0
targeting,3,15,6,neutral,181,0,0,6,0,577446,0,0,0,8,89,3,2,2,1,75485,1,0,2,0,69,0
targeting,3,15,7,neutral,185,0,0,6,0,595225,63333,8667,0,8,83,3,1,1,2,90512,1,0,3,0,51,0
targeting,3,16,0,pvp,497,0,0,5,0,2421467,497091,6909,3711,4,84,7,3,2,1,87007,2,1,2,2,54,0
targeting,3,16,1,pvp,705,0,1,0,4,2746522,954937,64813,0,4,120,8,4,1,1,47478,1,3,3,3,0,54
targeting,3,16,2,pvp,388,0,0,6,0,2068518,670499,6501,0,4,84,6,5,3,2,106391,3,1,3,3,57,0
targeting,3,16,3,pvp,495,0,1,0,4,2048545,415113,20637,0,4,93,8,3,2,2,181250,2,2,2,2,0,54
targeting,3,17,0,pvp,646,0,1,0,5,2796490,922758,24492,9072,4,95,7,3,3,1,264621,2,2,3,2,0,63
targeting,3,17,1,pvp,382,0,1,0,4,1968124,155091,4659,0,4,56,8,5,3,1,225195,1,1,3,2,0,45
targeting,3,17,2,pvp,432,0,0,6,0,2065027,441000,0,0,4,52,6,4,3,2,107953,2,1,2,2,72,0
targeting,3,17,3,pvp,900,1,0,3,2,3383590,1443453,53047,17454,4,124,7,2,0,0,0,3,2,3,2,45,30
targeting,3,18,0,pvp,796,0,1,0,3,3906439,1376782,18218,0,4,161,9,3,2,4,182907,3,1,3,2,0,27
targeting,3,18,1,pvp,497,0,1,0,5,2373914,540698,26302,0,4,139,7,5,4,4,194020,0,2,3,2,0,57
targeting,3,18,2,pvp,581,0,0,5,0,2532440,834611,14139,0,4,84,7,3,2,3,136873,3,2,3,2,60,0
targeting,3,18,3,pvp,900,1,0,3,1,2883825,970536,17214,0,4,44,8,3,1,0,78913,2,1,2,2,48,18
targeting,3,19,0,pvp,900,1,1,2,3,3873184,1599902,80348,0,4,120,9,2,1,0,36285,3,3,3,3,27,45
targeting,3,19,1,pvp,685,0,1,0,3,3198107,757947,25053,7422,4,46,11,5,2,1,106595,1,2,3,2,0,54
targeting,3,19,2,pvp,900,1,1,2,3,3500090,1261039,51711,0,4,120,9,4,2,1,143968,3,2,3,3,24,39
targeting,3,19,3,pvp,481,0,0,6,0,2808423,895933,2017,11622,4,91,8,4,2,1,153484,2,2,2,2,78,0
targeting,3,20,0,neutral,198,0,0,7,0,713344,125162,9838,20041,8,93,3,1,1,1,65625,3,0,3,0,84,0
targeting,3,20,1,neutral,193,0,0,7,0,699688,0,0,0,8,89,3,3,3,2,95592,1,0,3,0,78,0
targeting,3,20,2,neutral,169,0,0,7,0,701622,47181,5319,0,8,53,3,2,2,0,105600,3,0,3,0,78,0
targeting,3,20,3,neutral,166,0,0,7,0,702082,61110,1890,2863,8,52,3,2,2,1,82500,1,0,2,0,90,0
targeting,3,20,4,neutral,197,0,0,7,0,741368,156020,28480,15036,8,108,3,1,1,1,53285,3,0,3,0,90,0
targeting,3,20,5,neutral,185,0,0,7,0,712762,122310,5490,0,8,98,3,2,2,0,95455,2,0,2,0,78,0
targeting,3,20,6,neutral,165,0,0,7,0,724934,61110,1890,0,8,80,3,2,2,1,69955,2,0,2,0,93,0
targeting,3,20,7,neutral,176,0,0,7,0,710706,45000,0,0,8,114,3,2,2,2,121500,2,0,3,0,69,0
targeting,3,21,0,pvp,900,1,0,4,4,3732195,1940695,67805,0,4,84,6,3,1,0,42595,3,4,3,4,48,39
targeting,3,21,1,pvp,644,0,1,0,4,2961892,683346,15954,0,4,91,10,5,2,2,70162,1,2,3,2,0,66
targeting,3,21,2,pvp,475,0,1,0,5,3219387,723133,19367,9783,4,91,9,4,3,4,196215,1,2,2,2,0,72
targeting,3,21,3,pvp,548,0,1,0,7,3162850,1367259,16491,0,4,72,7,4,3,3,245581,2,3,2,3,0,84
targeting,3,22,0,pvp,900,1,1,1,3,4650954,2044171,66329,12096,4,225,10,3,3,4,270571,3,3,3,3,18,54
targeting,3,22,1,pvp,463,0,1,0,6,2458450,477000,0,0,4,70,8,5,2,2,145706,0,2,3,2,0,84
targeting,3,22,2,pvp,900,1,0,3,1,3596743,1135358,30142,0,4,93,10,5,2,3,130778,3,2,3,2,54,18
targeting,3,22,3,pvp,650,0,0,6,0,3643854,1519386,30414,17609,4,62,8,4,1,1,107024,2,2,2,2,90,0
targeting,3,23,0,pvp,900,1,1,1,2,4674495,1694492,13258,0,4,220,11,2,1,1,80816,3,3,3,3,18,45
targeting,3,23,1,pvp,497,0,1,0,4,2657628,578628,24372,0,4,44,10,5,3,1,96193,0,3,3,3,0,63
targeting,3,23,2,pvp,652,0,1,0,4,3780061,1064654,42346,0,4,120,10,4,3,1,217633,2,3,2,3,0,72
targeting,3,23,3,pvp,900,1,0,2,1,3992208,1185503,31747,0,4,108,11,4,2,0,56222,2,2,2,2,45,18
targeting,3,24,0,pvp,900,1,0,5,1,4953135,2469503,59497,13636,4,193,8,3,2,0,122380,3,2,3,2,72,18
targeting,3,24,1,pvp,441,0,1,0,5,2603210,434739,6261,0,4,91,9,5,2,1,91893,0,3,3,3,0,90
targeting,3,24,2,pvp,900,1,0,1,1,4109428,1238538,14712,0,4,145,12,4,3,3,217439,3,3,3,3,18,18
targeting,3,24,3,pvp,631,0,0,4,0,3836792,1416286,17864,0,4,120,10,3,2,1,102000,3,2,3,2,72,0
targeting,3,25,0,neutral,314,0,0,7,0,1615060,234725,8275,0,8,89,4,2,2,1,234188,2,0,3,0,81,0
targeting,3,25,1,neutral,361,0,0,5,0,1695213,0,0,0,8,133,6,3,3,4,144617,0,0,3,0,57,0
targeting,3,25,2,neutral,283,0,0,7,0,1589291,266695,12305,0,8,53,4,2,2,1,125940,3,0,3,0,108,0
targeting,3,25,3,neutral,285,0,0,7,0,1661626,210955,32045,0,8,169,4,2,2,2,112500,2,0,2,0,99,0
targeting,3,25,4,neutral,313,0,0,6,0,1677534,210543,16707,0,8,114,5,2,2,1,121500,3,0,3,0,99,0
targeting,3,25,5,neutral,336,0,0,7,0,1692437,296244,6156,60005,8,83,4,1,1,1,69000,3,0,3,0,108,0
targeting,3,25,6,neutral,314,0,0,7,0,1683890,306000,0,10910,8,127,4,2,2,1,112500,3,0,3,0,108,0
targeting,3,25,7,neutral,314,0,0,7,0,1657085,366542,36208,71187,8,109,4,2,2,1,160500,3,0,3,0,108,0
targeting,3,26,0,pvp,825,0,1,0,3,4250210,1280398,24602,53686,4,94,11,4,2,1,135414,1,3,3,3,0,63
targeting,3,26,1,pvp,334,0,1,0,6,2066847,383234,12766,0,4,52,8,5,2,2,97165,0,2,3,2,0,90
targeting,3,26,2,pvp,900,1,0,3,1,4691674,2189903,84397,0,4,139,10,3,1,2,67500,3,3,3,3,54,9
targeting,3,26,3,pvp,631,0,1,0,4,3772242,1168804,23696,0,4,113,10,4,3,2,192169,3,2,3,2,0,72
targeting,3,27,0,pvp,687,0,1,0,4,3715398,1119876,45624,54544,4,104,10,4,1,1,62772,1,3,3,3,0,81
targeting,3,27,1,pvp,373,0,1,0,7,2184336,740141,8209,0,4,84,7,4,2,0,92460,0,3,3,3,0,108
targeting,3,27,2,pvp,763,0,0,4,0,4120372,1396418,70582,0,4,84,10,4,2,4,221804,2,3,2,3,63,0
targeting,3,27,3,pvp,662,0,0,5,0,3602800,1315608,36642,31608,4,91,9,4,3,0,135944,3,2,3,2,90,0
targeting,3,28,0,ghost,713,0,0,4,0,3687969,981425,38725,0,4,84,10,3,2,0,69944,3,2,3,2,72,0
targeting,3,28,1,pvp,561,0,0,6,0,3737805,980448,34302,13043,4,153,8,3,3,0,215699,1,3,3,3,81,0
targeting,3,28,2,pvp,731,0,0,4,0,3767880,1028978,3772,0,4,91,10,4,3,3,209024,3,2,3,2,63,0
targeting,3,28,3,pvp,900,1,1,2,2,4384530,1513031,52969,16363,4,139,10,4,2,0,63555,2,3,2,3,45,36
targeting,3,29,0,ghost,811,0,1,0,4,4113251,1682568,13932,0,4,118,10,4,1,1,62611,3,3,3,3,0,81
targeting,3,29,1,pvp,900,1,1,1,1,3721442,476115,21135,13043,4,89,12,4,3,1,180895,1,2,3,2,9,18
targeting,3,29,2,pvp,900,1,0,3,1,4477728,1888758,61992,32727,4,103,10,4,1,0,83218,3,2,3,2,63,18
targeting,3,29,3,pvp,900,1,0,4,2,4619180,2266781,71869,0,4,179,8,2,1,0,61111,3,3,3,3,72,36
targeting,3,30,0,neutral,323,0,0,7,0,1935056,189501,8499,14728,8,85,4,2,2,1,161303,1,0,3,0,90,0
targeting,3,30,1,neutral,313,0,0,7,0,1972171,357260,2740,0,8,117,4,2,2,0,76980,3,0,3,0,108,0
targeting,3,30,2,neutral,326,0,0,7,0,1925836,238500,4500,0,8,149,4,2,2,3,190500,2,0,2,0,99,0
targeting,3,30,3,neutral,388,0,0,7,0,1958752,396000,31500,0,8,82,4,1,1,0,39000,3,0,3,0,108,0
targeting,3,30,4,neutral,370,0,0,7,0,1940773,434118,4182,73632,8,114,4,1,1,1,69000,3,0,3,0,108,0
targeting,3,30,5,neutral,363,0,0,6,0,2046466,248836,12164,4402,8,127,5,2,2,1,108000,2,0,2,0,90,0
targeting,3,30,6,neutral,334,0,0,6,0,1858930,72000,0,0,8,111,5,2,2,2,165000,2,0,2,0,90,0
targeting,3,31,0,ghost,755,0,0,5,0,4398015,1903484,49516,23478,4,133,9,3,2,3,151833,3,2,3,2,90,0
targeting,3,31,1,pvp,521,0,1,0,7,3821130,1919072,65428,0,4,83,7,4,2,2,106258,1,4,3,4,0,117
targeting,3,31,2,pvp,739,0,0,2,0,3674463,567000,0,0,4,84,12,4,3,1,168944,2,2,2,2,45,0
targeting,3,31,3,pvp,707,0,1,0,3,3934947,1126975,12425,13636,4,120,11,3,2,1,138944,3,2,3,2,0,63
targeting,3,32,0,ghost,592,0,0,6,0,3589697,1125611,44389,7826,4,105,9,4,3,2,148633,3,2,3,2,99,0
targeting,3,32,1,pvp,589,0,0,3,0,4107944,907284,19716,20454,4,118,11,4,3,4,203450,1,2,3,2,27,0
targeting,3,32,2,pvp,749,0,1,0,5,4205492,1666996,78104,0,4,142,9,3,1,2,69000,4,3,4,3,0,81
targeting,3,32,3,pvp,757,0,0,4,0,4287167,1550452,29048,0,4,120,10,3,3,2,182415,3,2,3,2,72,0
targeting,3,33,0,ghost,900,1,1,3,4,4802416,2216462,110038,0,4,84,9,4,1,1,78913,4,3,4,3,54,81
targeting,3,33,1,pvp,900,1,0,4,2,5386606,2599643,109357,0,4,120,10,3,1,3,188119,2,4,3,4,72,36
targeting,3,33,2,pvp,526,0,1,0,7,3889778,1438154,67096,4536,4,120,9,4,3,4,200524,3,3,3,3,0,108
targeting,3,33,3,pvp,666,0,0,6,0,4215414,1276799,23701,0,4,93,10,4,3,1,135944,3,3,3,3,90,0
targeting,3,34,0,pvp,655,0,0,6,0,4318011,1432925,34075,37173,4,124,10,4,2,1,212040,2,3,3,3,90,0
targeting,3,34,1,pvp,900,1,1,1,3,4631677,1443040,10460,0,4,113,12,4,2,3,173220,4,3,4,3,18,63
targeting,3,34,2,pvp,900,1,0,4,1,4933088,1898238,38112,0,4,70,11,3,1,2,67500,4,3,4,3,81,18
targeting,3,35,0,neutral,357,0,0,8,0,2306505,288000,0,8182,8,133,4,2,2,1,252750,2,0,3,0,108,0
targeting,3,35,1,neutral,333,0,0,8,0,2191781,495000,0,0,8,118,4,2,2,1,125940,4,0,4,0,126,0
targeting,3,35,2,neutral,399,0,0,7,0,2383136,323055,3195,0,8,127,5,2,2,2,89700,3,0,3,0,108,0
targeting,3,35,3,neutral,433,0,0,7,0,2212914,333276,20874,0,8,53,5,1,1,1,69000,4,0,4,0,117,0
targeting,3,35,4,neutral,342,0,0,8,0,2239159,324000,0,0,8,91,4,2,2,1,103500,3,0,3,0,117,0
targeting,3,35,5,neutral,347,0,0,7,0,2224598,185805,5445,24546,8,129,5,2,2,3,195000,3,0,3,0,99,0
targeting,3,36,0,pvp,706,0,0,4,0,4164132,1066505,24745,0,4,184,12,4,3,2,284326,2,3,3,3,72,0
targeting,3,36,1,pvp,687,0,0,6,0,4237289,1646342,61408,0,4,77,10,4,1,2,138553,4,3,4,3,108,0
targeting,3,36,2,pvp,900,1,0,6,1,5377677,2835315,142335,25047,4,91,9,2,1,2,67500,4,4,4,4,99,18
targeting,3,37,0,pvp,718,0,1,0,5,4561522,1648316,30184,0,4,70,11,4,2,2,183261,2,4,3,4,0,81
targeting,3,37,1,pvp,900,1,0,3,1,4620855,1400742,64008,27272,4,91,12,3,3,2,170889,4,3,4,3,63,18
targeting,3,38,0,pvp,594,0,0,6,0,3941981,1053455,10795,0,4,165,10,4,4,3,342404,2,3,3,3,90,0
targeting,3,38,1,pvp,900,1,0,4,3,5169758,2734002,134748,0,4,124,9,3,2,2,67500,4,4,4,4,81,54
targeting,3,39,0,pvp,659,0,1,0,7,4495481,1951682,73318,0,4,118,9,3,2,2,158797,2,4,3,4,0,108
targeting,3,39,1,pvp,622,0,0,5,0,3815642,1107503,46747,0,4,70,11,4,4,1,192222,4,3,4,3,90,0
targeting,3,40,0,neutral,408,0,0,7,0,2596160,117000,0,9000,8,127,5,2,2,0,151688,2,0,3,0,90,0
targeting,3,40,1,neutral,373,0,0,8,0,2480712,462456,21294,0,8,57,4,2,2,0,76980,4,0,4,0,126,0
targeting,3,40,2,neutral,450,0,0,8,0,2767800,845800,40700,0,8,111,4,1,1,0,34500,4,0,4,0,126,0
targeting,3,40,3,neutral,400,0,0,7,0,2388838,250788,21462,45000,8,109,5,2,2,2,195000,3,0,3,0,108,0
targeting,3,41,0,pvp,893,0,0,3,0,4382996,917679,67821,0,4,80,13,4,3,1,180895,2,3,3,3,54,0
targeting,3,41,1,pvp,900,1,1,1,5,4947683,2114312,36688,0,4,83,10,3,1,2,72000,4,4,4,4,18,90
targeting,3,42,0,ghost,674,0,1,0,6,4485202,1824819,96681,0,4,83,10,4,3,3,160446,2,4,3,4,0,99
targeting,3,42,1,pvp,900,1,1,2,4,5598844,2808895,167855,0,4,144,10,3,1,1,34500,4,4,4,4,45,81
targeting,3,43,0,pvp,900,1,0,4,4,5272165,3100842,172908,0,4,118,8,3,0,0,0,4,4,4,4,81,81
targeting,3,44,0,pvp,900,1,0,4,4,5601452,3285790,314210,0,4,120,8,3,2,2,69000,4,4,4,4,81,81
targeting,4,1,0,neutral,64,0,0,4,0,24112,3112,3888,0,8,64,1,1,0,0,0,1,0,2,0,5,0
targeting,4,1,1,neutral,44,0,0,4,0,22826,0,0,0,17,44,1,2,1,0,9636,0,0,2,0,4,0
targeting,4,1,2,neutral,56,0,0,3,0,24112,0,0,0,17,56,1,1,1,0,11000,0,0,2,0,5,0
targeting,4,1,3,neutral,40,0,0,3,0,22556,0,0,0,17,40,1,1,1,0,21000,0,0,2,0,5,0
targeting,4,1,4,neutral,40,0,0,3,0,22826,0,0,0,17,40,1,2,1,0,7763,1,0,2,0,8,0
targeting,4,1,5,neutral,40,0,0,4,0,22556,0,0,0,17,40,1,1,1,1,8364,2,0,2,0,6,0
targeting,4,1,6,neutral,40,0,0,3,0,22826,1826,1674,0,8,40,1,1,1,0,17182,1,0,1,0,6,0
targeting,4,1,7,neutral,52,0,0,3,0,24112,1556,1944,0,8,52,1,0,0,0,0,1,0,2,0,6,0
targeting,4,2,0,neutral,101,0,0,3,0,50408,9334,1666,0,8,52,2,1,0,0,0,1,0,1,0,12,0
targeting,4,2,1,neutral,81,0,0,4,0,48131,0,0,0,17,40,2,1,1,1,21000,1,0,2,0,13,0
targeting,4,2,2,neutral,108,0,0,4,0,53001,7000,0,0,8,44,2,1,1,0,1909,2,0,2,0,10,0
targeting,4,2,3,neutral,56,0,0,4,0,46982,0,0,0,8,49,2,2,2,2,29136,0,0,2,0,10,0
targeting,4,2,4,neutral,93,0,0,4,0,50566,9131,1869,0,8,44,2,1,1,0,2672,1,0,2,0,11,0
targeting,4,2,5,neutral,49,0,0,4,0,45696,5500,0,0,8,44,2,2,2,1,24899,1,0,2,0,11,0
targeting,4,2,6,neutral,44,0,0,4,0,45696,1826,3674,0,8,40,2,3,2,1,25763,1,0,3,0,11,0
targeting,4,2,7,neutral,93,0,0,4,0,49786,8712,2288,622,8,53,2,0,0,0,0,1,0,3,0,11,0
targeting,4,3,0,neutral,149,0,0,5,0,82956,11808,4692,2266,8,44,3,1,1,0,11545,1,0,3,0,14,0
targeting,4,3,1,neutral,108,0,0,5,0,85957,0,0,0,8,44,3,3,1,0,3817,1,0,3,0,14,0
targeting,4,3,2,neutral,108,0,0,4,0,83688,0,0,0,8,44,3,1,1,0,7545,1,0,2,0,15,0
targeting,4,3,3,neutral,108,0,0,5,0,83148,0,0,0,8,40,3,2,1,0,16545,0,0,2,0,15,0
targeting,4,3,4,neutral,133,0,0,5,0,85269,8826,1674,0,8,44,3,1,0,0,0,2,0,2,0,15,0
targeting,4,3,5,neutral,122,0,0,5,0,85957,16522,4978,0,8,44,3,1,1,0,854,2,0,2,0,15,0
targeting,4,3,6,neutral,93,0,0,5,0,81696,11000,0,0,8,44,3,3,2,0,12944,1,0,3,0,12,0
targeting,4,3,7,neutral,151,0,0,5,0,85534,15630,17370,1244,8,52,3,0,0,0,0,1,0,3,0,14,0
targeting,4,4,0,pvp,693,0,0,2,0,1290157,264157,5343,0,4,104,8,4,2,2,46016,1,1,3,3,9,0
targeting,4,4,1,pvp,537,0,1,0,4,1309491,323110,5515,0,4,84,6,3,2,3,63177,1,2,2,2,0,15
targeting,4,4,2,pvp,437,0,0,3,0,998037,89364,1636,13162,4,67,7,4,2,2,80561,0,2,3,2,13,0
targeting,4,4,3,pvp,799,0,1,0,2,1295880,299679,2821,20946,4,83,8,4,1,1,27465,1,1,3,2,0,15
targeting,4,5,0,neutral,198,0,0,5,0,331480,69776,7224,0,8,82,3,1,1,0,52500,2,0,2,0,21,0
targeting,4,5,1,neutral,150,0,0,5,0,322431,0,0,0,8,65,3,4,4,2,79059,0,0,4,0,11,0
targeting,4,5,2,neutral,173,0,0,5,0,318115,46263,3237,0,8,49,3,2,2,1,71502,2,0,2,0,21,0
targeting,4,5,3,neutral,151,0,0,5,0,320369,0,0,0,8,65,3,3,3,2,65001,0,0,3,0,19,0
targeting,4,5,4,neutral,185,0,0,5,0,340216,31000,3375,0,8,73,3,2,2,0,48307,2,0,2,0,21,0
targeting,4,5,5,neutral,177,0,0,5,0,326073,36349,2151,0,8,44,3,1,1,0,21217,1,0,1,0,25,0
targeting,4,5,6,neutral,181,0,0,5,0,332960,27500,0,0,8,83,3,1,1,0,50638,2,0,2,0,27,0
targeting,4,5,7,neutral,213,0,0,5,0,345670,53410,7090,0,8,93,3,1,1,0,21955,1,0,2,0,22,0
targeting,4,6,0,pvp,454,0,0,4,0,1221974,258800,16200,0,4,144,6,3,1,1,52307,2,1,2,2,21,0
targeting,4,6,1,pvp,338,0,1,0,4,1030506,180000,0,7100,4,64,6,5,1,1,23739,0,1,3,2,0,27
targeting,4,6,2,pvp,631,0,0,3,0,1638714,406411,14089,0,4,149,7,3,2,1,66729,2,1,2,2,15,0
targeting,4,6,3,pvp,411,0,0,3,0,1166197,104500,0,0,4,80,7,3,1,1,21000,0,1,2,2,21,0
targeting,4,7,0,pvp,540,0,0,3,0,1531597,344432,4318,0,4,44,7,4,1,2,54009,1,1,2,2,36,0
targeting,4,7,1,pvp,312,0,0,5,0,1183723,265666,1834,0,4,114,5,4,2,1,69688,1,1,2,2,36,0
targeting,4,7,2,pvp,740,0,0,4,0,1512865,417149,8351,0,4,52,6,2,0,0,0,3,1,3,2,23,0
targeting,4,7,3,pvp,457,0,1,0,3,1481476,198000,0,8348,4,70,7,2,1,1,27501,0,1,2,2,0,36
targeting,4,8,0,pvp,443,0,0,5,0,1181622,204349,2151,24409,4,114,5,2,1,0,58351,1,1,2,2,41,0
targeting,4,8,1,pvp,479,0,1,0,2,1617685,259523,10477,0,4,104,8,3,2,2,47880,1,1,2,1,0,13
targeting,4,8,2,pvp,401,0,0,5,0,1714024,332334,666,12783,4,84,5,3,1,1,27501,1,0,2,2,43,0
targeting,4,8,3,pvp,494,0,0,4,0,1215711,315641,29359,1680,4,65,6,3,1,1,33000,1,2,2,2,27,0
targeting,4,9,0,pvp,900,1,1,1,2,2651774,818640,9360,0,4,114,9,3,1,1,26880,1,1,2,2,4,22
targeting,4,9,1,pvp,740,0,0,2,0,2033891,357924,12576,0,4,142,10,5,3,2,96309,1,1,3,2,22,0
targeting,4,9,2,pvp,440,0,0,5,0,1638665,404046,17954,17454,4,52,7,4,2,2,71905,2,1,2,3,42,0
targeting,4,9,3,pvp,429,0,0,5,0,1609398,206348,4902,0,4,70,7,4,3,2,132889,1,1,2,2,42,0
targeting,4,10,0,neutral,160,0,0,6,0,460027,56798,13702,2045,8,41,3,1,1,0,6938,2,0,2,0,47,0
targeting,4,10,1,neutral,122,0,0,6,0,438194,0,0,0,8,73,3,3,3,2,82277,1,0,3,0,46,0
targeting,4,10,2,neutral,177,0,0,6,0,479021,57273,10227,0,8,113,3,1,1,0,28751,2,0,2,0,45,0
targeting,4,10,3,neutral,137,0,0,6,0,444436,0,0,0,8,42,3,2,2,0,48137,1,0,2,0,45,0
targeting,4,10,4,neutral,158,0,0,6,0,462372,0,0,0,8,93,3,2,2,0,56455,1,0,2,0,45,0
targeting,4,10,5,neutral,173,0,0,6,0,478599,56372,6628,0,8,131,3,2,2,1,71592,1,0,2,0,40,0
targeting,4,10,6,neutral,166,0,0,6,0,456131,36000,0,0,8,82,3,1,1,0,28751,1,0,2,0,46,0
targeting,4,10,7,neutral,165,0,0,6,0,451376,49500,0,0,8,44,3,2,1,1,43033,1,0,2,0,39,0
targeting,4,11,0,pvp,550,0,1,0,4,2083808,495718,2782,0,4,64,8,4,3,3,126435,3,2,3,2,0,39
targeting,4,11,1,pvp,494,0,0,3,0,1908494,153000,0,16696,4,62,9,6,3,2,90672,1,0,3,3,30,0
targeting,4,11,2,pvp,502,0,1,0,6,1949070,599109,5891,0,4,104,6,2,1,1,59504,2,2,2,2,0,55
targeting,4,11,3,pvp,537,0,1,0,4,1951959,359864,5636,0,4,56,8,3,1,1,21955,2,1,2,2,0,30
targeting,4,12,0,pvp,711,0,0,3,0,2509972,625275,4725,0,4,58,9,5,2,2,116539,3,1,3,3,27,0
targeting,4,12,1,pvp,412,0,0,6,0,1886420,303848,7652,4435,4,41,6,4,3,1,118460,1,2,2,2,58,0
targeting,4,12,2,pvp,744,0,1,0,4,2618480,946336,60414,0,4,114,8,2,0,0,0,2,1,2,2,0,39
targeting,4,12,3,pvp,483,0,1,0,5,2082834,594467,14033,0,4,113,7,3,2,2,129818,2,2,2,2,0,45
targeting,4,13,0,pvp,604,0,0,4,0,2462902,670609,891,0,4,189,8,3,1,1,66694,2,1,2,3,36,0
targeting,4,13,1,pvp,362,0,0,5,0,1637744,301667,333,0,4,66,7,3,2,3,155520,1,3,2,3,49,0
targeting,4,13,2,pvp,536,0,1,0,3,2137590,347250,0,0,4,46,9,4,2,1,93889,3,1,3,2,0,30
targeting,4,13,3,pvp,463,0,0,4,0,2129988,252000,0,0,4,56,8,5,2,0,97993,1,1,3,2,48,0
targeting,4,14,0,pvp,834,0,0,3,0,3169229,1179074,107926,0,4,52,9,4,1,0,50217,2,1,2,3,45,0
targeting,4,14,1,pvp,400,0,0,5,0,2213512,531000,0,0,4,114,7,4,3,3,136113,2,1,2,2,63,0
targeting,4,14,2,pvp,466,0,0,5,0,2196623,677917,15083,0,4,145,7,4,3,5,157356,2,2,3,2,51,0
targeting,4,14,3,pvp,730,0,0,1,0,2627015,457682,23818,0,4,144,11,3,2,1,49314,1,1,2,3,18,0
targeting,4,15,0,neutral,183,0,0,6,0,596336,81000,0,0,8,139,3,1,1,1,56640,2,0,2,0,66,0
targeting,4,15,1,neutral,151,0,0,6,0,578218,57522,5478,0,8,86,3,2,2,0,64260,2,0,2,0,72,0
targeting,4,15,2,neutral,149,0,0,6,0,591023,68727,21273,0,8,83,3,2,2,1,95025,2,0,2,0,66,0
targeting,4,15,3,neutral,131,0,0,6,0,564523,36000,0,0,8,51,3,3,3,0,84137,1,0,3,0,69,0
targeting,4,15,4,neutral,153,0,0,6,0,568436,11250,0,0,8,73,3,2,2,0,69000,1,0,2,0,63,0
targeting,4,15,5,neutral,190,0,0,6,0,596479,81000,0,0,8,93,3,1,1,0,34500,2,0,2,0,72,0
targeting,4,15,6,neutral,153,0,0,6,0,568944,67305,4695,0,8,73,3,2,2,0,50706,1,0,2,0,69,0
targeting,4,15,7,neutral,169,0,0,6,0,590503,58500,4500,0,8,89,3,1,1,0,62564,1,0,3,0,69,0
targeting,4,16,0,pvp,900,1,0,2,1,2798532,815446,10304,0,4,124,9,3,1,1,25711,2,1,3,2,36,18
targeting,4,16,1,pvp,805,0,1,0,3,3263433,1219512,17988,0,4,84,9,5,3,1,121815,1,2,3,2,0,45
targeting,4,16,2,pvp,634,0,0,3,0,2928489,930240,23760,0,4,94,9,4,3,3,123535,1,2,3,2,39,0
targeting,4,16,3,pvp,682,0,1,0,4,3008931,913386,13614,0,4,124,8,3,2,2,90818,2,1,2,3,0,57
targeting,4,17,0,pvp,736,0,1,0,4,3035744,1042244,28756,0,4,149,8,2,2,2,94380,2,2,3,2,0,54
targeting,4,17,1,pvp,360,0,1,0,5,1871777,280552,16448,16696,4,84,7,6,2,2,109700,0,1,3,3,0,60
targeting,4,17,2,pvp,517,0,0,5,0,2843592,887383,21617,10909,4,149,7,3,2,2,116444,2,2,2,2,63,0
targeting,4,17,3,pvp,478,0,1,0,5,2342033,727606,30644,16696,4,83,7,4,2,2,87573,1,2,2,2,0,66
targeting,4,18,0,pvp,430,0,0,5,0,2134060,382182,13818,0,4,91,7,5,1,1,25711,2,0,2,3,57,0
targeting,4,18,1,pvp,900,1,1,1,1,3690155,1260632,48868,13636,4,144,10,4,1,3,110691,2,2,2,2,18,18
targeting,4,18,2,pvp,391,0,0,5,0,2235131,360000,0,0,4,94,7,3,2,1,142055,1,2,2,2,72,0
targeting,4,18,3,pvp,647,0,1,0,4,2537600,747947,30553,0,4,70,8,3,1,1,33000,1,2,2,2,0,54
targeting,4,19,0,pvp,900,1,1,1,3,3718025,1390882,31118,26181,4,64,10,5,1,1,42955,2,2,2,3,18,54
targeting,4,19,1,pvp,635,0,1,0,2,2888100,436500,0,0,4,133,12,5,2,2,103503,1,2,3,2,0,27
targeting,4,19,2,pvp,582,0,1,0,5,3103459,725231,3269,0,4,73,9,4,3,1,182413,3,1,3,2,0,66
targeting,4,19,3,pvp,900,1,0,2,1,3687249,1303115,64885,22436,4,70,11,3,1,0,76109,2,2,2,3,27,18
targeting,4,20,0,neutral,150,0,0,7,0,702110,61110,1890,0,8,65,3,2,2,0,69360,2,0,2,0,99,0
targeting,4,20,1,neutral,161,0,0,7,0,727560,61110,1890,0,8,93,3,3,3,0,89062,1,0,3,0,66,0
targeting,4,20,2,neutral,153,0,0,7,0,683256,71776,13724,0,8,53,3,2,2,1,76751,3,0,3,0,78,0
targeting,4,20,3,neutral,161,0,0,7,0,720140,92222,6778,0,8,89,3,2,2,1,82500,2,0,2,0,99,0
targeting,4,20,4,neutral,189,0,0,7,0,751768,45000,0,0,8,126,3,2,2,0,105503,2,0,2,0,93,0
targeting,4,20,5,neutral,173,0,0,7,0,713520,88740,12260,0,8,73,3,2,2,0,78410,3,0,3,0,90,0
targeting,4,20,6,neutral,193,0,0,7,0,718018,92181,15819,0,8,93,3,3,3,1,110778,2,0,3,0,87,0
targeting,4,20,7,neutral,189,0,0,7,0,716412,118184,34816,17178,8,114,3,2,2,0,93136,2,0,2,0,93,0
targeting,4,21,0,pvp,799,0,0,4,0,3719326,1270001,28749,0,4,104,10,4,2,1,72793,2,3,2,3,72,0
targeting,4,21,1,pvp,473,0,1,0,5,2684985,646012,37988,0,4,104,9,5,2,1,131348,1,2,3,2,0,72
targeting,4,21,2,pvp,571,0,0,5,0,3229986,754522,1478,0,4,118,9,4,2,1,132781,2,2,2,2,72,0
targeting,4,21,3,pvp,883,0,1,0,2,3837199,1314416,26084,26086,4,70,12,5,2,2,42955,3,2,3,3,0,45
targeting,4,22,0,pvp,550,0,0,5,0,3064605,630866,14884,0,4,64,9,4,2,2,83202,2,2,2,2,81,0
targeting,4,22,1,pvp,600,0,0,4,0,3447650,1194750,24250,0,4,114,10,5,2,2,74760,2,3,3,3,72,0
targeting,4,22,2,pvp,900,1,0,4,2,4353308,2155155,82595,46364,4,120,8,4,2,0,78913,3,2,3,2,51,27
targeting,4,22,3,pvp,693,0,0,4,0,3952237,1406981,33019,0,4,104,10,4,2,1,65455,2,2,2,2,72,0
targeting,4,23,0,pvp,831,0,0,4,0,3794256,1335576,53424,19881,4,83,10,4,0,0,0,2,3,2,3,72,0
targeting,4,23,1,pvp,555,0,0,3,0,3235770,628890,19110,0,4,70,11,5,3,3,149237,2,2,3,2,54,0
targeting,4,23,2,pvp,610,0,1,0,4,3353184,872841,6909,0,4,118,10,4,3,4,210754,3,2,3,2,0,63
targeting,4,23,3,pvp,525,0,0,5,0,3043002,695196,2304,0,4,89,9,4,2,2,127687,2,2,2,2,81,0
targeting,4,24,0,pvp,601,0,0,5,0,3437560,1029353,95647,0,4,89,9,2,2,1,64761,3,2,3,3,90,0
targeting,4,24,1,pvp,530,0,1,0,2,3175099,650517,6483,0,4,99,12,6,3,1,105172,1,2,4,2,0,45
targeting,4,24,2,pvp,579,0,0,6,0,3290224,1168928,5572,0,4,108,8,3,1,1,67500,3,3,3,3,99,0
targeting,4,24,3,pvp,590,0,1,0,4,3528603,879283,20717,0,4,64,10,4,2,3,125612,2,2,2,2,0,63
targeting,4,25,0,neutral,326,0,0,7,0,1687264,162000,0,0,8,94,4,1,1,0,42480,3,0,3,0,108,0
targeting,4,25,1,neutral,313,0,0,5,0,1635600,60000,12000,0,8,90,6,4,4,1,165578,1,0,4,0,66,0
targeting,4,25,2,neutral,318,0,0,7,0,1714177,279480,6270,29215,8,140,4,1,1,1,103500,3,0,3,0,108,0
targeting,4,25,3,neutral,289,0,0,6,0,1583490,108000,0,0,8,53,5,2,2,0,73500,2,0,2,0,108,0
targeting,4,25,4,neutral,362,0,0,6,0,1735145,92250,0,0,8,127,5,2,2,0,109508,2,0,2,0,75,0
targeting,4,25,5,neutral,285,0,0,7,0,1583189,237000,15000,0,8,77,4,2,2,1,108000,3,0,3,0,108,0
targeting,4,25,6,neutral,300,0,0,7,0,1629485,144000,0,0,8,149,4,2,2,1,87551,2,0,2,0,99,0
targeting,4,25,7,neutral,363,0,0,6,0,1758525,91130,7870,0,8,152,5,1,1,1,73903,2,0,3,0,75,0
targeting,4,26,0,pvp,900,1,1,1,3,4089028,1228299,49701,0,4,73,10,3,1,0,28111,3,2,3,2,18,63
targeting,4,26,1,pvp,461,0,1,0,5,2600522,279000,0,0,4,70,9,6,1,0,30545,1,1,4,2,0,90
targeting,4,26,2,pvp,831,0,0,4,0,3978026,1281806,45694,0,4,70,10,3,2,1,65111,3,2,3,2,72,0
targeting,4,26,3,pvp,670,0,0,5,0,3972866,1543700,56050,27272,4,114,9,3,3,4,139304,3,3,3,3,81,0
targeting,4,27,0,pvp,712,0,1,0,5,4117187,1668260,46240,0,4,120,9,2,1,2,84960,3,3,3,3,0,90
targeting,4,27,1,pvp,463,0,1,0,4,2826226,303750,0,6339,4,93,10,6,4,2,128590,0,2,4,2,0,63
targeting,4,27,2,pvp,595,0,0,5,0,3599362,1048907,33343,23182,4,113,9,3,2,1,136500,2,3,2,3,90,0
targeting,4,27,3,pvp,607,0,0,4,0,3362277,858878,14122,6339,4,83,10,4,1,1,33000,3,1,3,2,72,0
targeting,4,28,0,pvp,675,0,0,5,0,4005932,1648950,70050,6627,4,114,9,2,0,0,0,4,1,4,2,90,0
targeting,4,28,1,pvp,432,0,1,0,7,2848249,908388,23112,0,4,114,7,5,3,1,96538,0,3,4,3,0,108
targeting,4,28,2,pvp,900,1,1,1,1,4342916,1426022,31978,0,4,70,12,4,2,2,111953,2,3,2,3,27,18
targeting,4,28,3,pvp,900,1,0,3,1,4188005,1311063,36687,0,4,137,10,3,2,1,112679,2,3,2,3,54,18
targeting,4,29,0,pvp,584,0,0,5,0,3252644,1117373,25627,0,4,145,9,4,2,2,52500,4,0,4,4,90,0
targeting,4,29,1,pvp,664,0,0,6,0,3749258,1466278,79472,11111,4,145,8,2,2,2,123960,3,3,3,3,99,0
targeting,4,29,2,pvp,615,0,0,2,0,3470572,392666,3334,4970,4,83,12,4,1,0,33000,2,1,2,2,45,0
targeting,4,29,3,pvp,590,0,1,0,5,3341544,1099278,43722,0,4,70,9,4,2,1,100447,2,4,2,4,0,90
targeting,4,30,0,neutral,463,0,0,7,0,2131239,448570,19430,62594,8,140,4,0,0,0,0,4,0,4,0,117,0
targeting,4,30,1,neutral,326,0,0,4,0,2018405,0,0,0,8,75,7,4,4,1,164810,0,0,4,0,54,0
targeting,4,30,2,neutral,377,0,0,7,0,1849171,157500,0,0,8,53,4,1,1,0,42480,3,0,3,0,108,0
targeting,4,30,3,neutral,314,0,0,6,0,1961649,149283,3717,0,8,180,5,2,2,2,121500,2,0,2,0,108,0
targeting,4,30,4,neutral,383,0,0,6,0,2128920,126000,0,0,8,108,5,2,2,1,99754,2,0,2,0,81,0
targeting,4,30,5,neutral,331,0,0,7,0,2062534,541357,43643,0,8,111,4,2,2,0,69000,4,0,4,0,117,0
targeting,4,30,6,neutral,326,0,0,6,0,1952513,158283,3717,0,8,133,5,2,2,1,155422,1,0,2,0,81,0
targeting,4,31,0,ghost,663,0,0,3,0,4152557,1225305,34695,0,4,62,11,3,1,2,135278,2,3,2,3,63,0
targeting,4,31,1,pvp,774,0,0,4,0,3755776,1120121,22879,19881,4,94,10,2,1,0,48960,4,1,4,2,72,0
targeting,4,31,2,pvp,362,0,1,0,7,2602447,950343,57657,0,4,83,7,6,2,1,103304,0,4,4,4,0,117
targeting,4,31,3,pvp,594,0,0,6,0,3393616,1145348,26902,0,4,70,8,3,2,1,114891,3,2,3,2,99,0
targeting,4,32,0,ghost,770,0,0,5,0,3855672,1393086,55914,0,4,142,9,1,1,0,83113,3,4,3,4,90,0
targeting,4,32,1,pvp,900,1,1,2,4,4305176,1944032,62968,0,4,94,8,2,0,0,0,4,4,4,4,36,81
targeting,4,32,2,pvp,525,0,0,3,0,3361768,478080,7920,0,4,70,11,4,1,1,33000,2,1,2,2,72,0
targeting,4,33,0,ghost,654,0,1,0,6,4170440,1487604,60396,0,4,64,10,4,1,1,32814,2,4,2,4,0,99
targeting,4,33,1,pvp,793,0,1,0,3,4829126,1477453,43547,19566,4,91,13,3,1,1,40633,4,3,4,3,0,72
targeting,4,33,2,pvp,731,0,0,6,0,4530186,1886605,151895,0,4,77,10,4,2,1,117613,3,4,3,4,99,0
targeting,4,34,0,ghost,632,0,0,5,0,4294789,1453743,67257,19566,4,64,11,4,1,1,67500,4,3,4,3,81,0
targeting,4,34,1,pvp,649,0,1,0,6,4195528,1466243,52507,0,4,64,10,2,1,2,86402,4,3,4,3,0,99
targeting,4,34,2,pvp,646,0,0,4,0,4495202,1198736,25264,0,4,70,12,4,1,1,72000,3,2,3,2,81,0
targeting,4,35,0,neutral,393,0,0,7,0,2349343,350500,18500,32728,8,128,5,0,0,0,0,4,0,4,0,126,0
targeting,4,35,1,neutral,353,0,0,7,0,2293149,433134,30366,0,8,82,5,2,2,0,71231,3,0,3,0,108,0
targeting,4,35,2,neutral,299,0,0,8,0,2162329,219000,24000,0,8,53,4,2,2,1,108000,3,0,3,0,135,0
targeting,4,35,3,neutral,342,0,0,7,0,2306039,434500,42500,0,8,111,5,2,2,1,103500,4,0,4,0,108,0
targeting,4,35,4,neutral,326,0,0,8,0,2225672,271092,16908,0,8,153,4,2,2,1,168382,2,0,2,0,126,0
targeting,4,36,0,ghost,900,1,0,3,1,5724002,2414344,105656,0,4,189,12,2,1,0,28751,4,2,4,2,63,9
targeting,4,36,1,pvp,900,1,0,3,1,4995764,1875511,57239,0,4,75,12,4,1,1,34500,3,3,3,3,63,18
targeting,4,36,2,pvp,549,0,0,5,0,3888246,1048973,31027,20263,4,70,11,4,1,1,31778,4,2,4,2,81,0
targeting,4,37,0,ghost,683,0,0,6,0,4209410,1658673,58077,0,4,94,10,4,0,0,0,3,2,3,2,99,0
targeting,4,37,1,pvp,653,0,1,0,6,4706532,1990394,79606,12678,4,124,10,2,2,2,101611,4,4,4,4,0,99
targeting,4,37,2,pvp,450,0,0,6,0,3623268,825742,11258,0,4,70,10,4,2,2,64778,3,2,3,2,99,0
targeting,4,38,0,pvp,741,0,1,0,4,4499626,1424896,24104,0,4,75,12,2,1,0,34500,4,3,4,3,0,90
targeting,4,38,1,pvp,870,0,1,0,6,5224204,2385481,49019,0,4,120,10,4,1,2,72000,3,4,3,4,0,99
targeting,4,39,0,pvp,768,0,1,0,6,5021457,2263656,87594,26086,4,124,10,2,1,0,40633,4,3,4,3,0,99
targeting,4,39,1,pvp,739,0,1,0,4,4660078,1479934,86066,0,4,84,12,4,2,2,128611,3,4,3,4,0,54
targeting,4,40,0,neutral,475,0,0,7,0,2581832,322592,28408,27000,8,118,5,0,0,0,0,4,0,4,0,126,0
targeting,4,40,1,neutral,387,0,0,7,0,2475560,333630,8370,0,8,118,5,2,2,0,150480,3,0,3,0,108,0
targeting,4,40,2,neutral,393,0,0,7,0,2539827,314184,9816,0,8,108,5,2,2,0,69000,3,0,3,0,126,0
targeting,4,40,3,neutral,419,0,0,7,0,2544124,483934,74066,0,8,71,5,2,2,1,103500,4,0,4,0,117,0
targeting,4,41,0,pvp,680,0,1,0,5,4228550,1399133,40867,0,4,94,11,2,2,2,117000,4,4,4,4,0,81
targeting,4,41,1,pvp,900,1,1,1,2,4760205,1437095,43405,0,4,84,13,4,1,1,34500,3,3,3,3,18,45
targeting,4,42,0,ghost,592,0,1,0,5,4204704,1217997,42003,3550,4,84,11,4,2,2,102000,4,3,4,3,0,90
targeting,4,42,1,pvp,900,1,0,3,1,4836731,1617984,31266,0,4,75,12,4,1,1,33000,3,3,3,3,63,18
targeting,4,43,0,pvp,608,0,0,5,0,4329725,1491547,69953,0,4,108,11,4,2,1,75133,3,3,3,3,90,0
targeting,4,44,0,pvp,631,0,0,5,0,4106798,1212856,33644,0,4,108,11,4,1,1,42480,3,3,3,3,90,0
targeting,4,45,0,neutral,419,0,0,7,0,2782997,292500,0,0,8,142,5,2,2,2,177900,3,0,3,0,108,0
targeting,4,45,1,neutral,502,0,0,6,0,3016083,399000,6000,0,8,83,6,2,2,0,69000,3,0,3,0,117,0
targeting,5,1,0,neutral,53,0,0,3,0,24652,0,0,0,17,53,1,3,1,0,13591,0,0,3,0,5,0
targeting,5,1,1,neutral,44,0,0,4,0,22826,1826,1674,0,8,44,1,2,1,0,10818,1,0,2,0,5,0
targeting,5,1,2,neutral,40,0,0,4,0,22826,0,0,0,17,40,1,2,1,0,13364,2,0,2,0,6,0
targeting,5,1,3,neutral,40,0,0,3,0,22826,0,0,0,17,40,1,3,1,0,14636,0,0,3,0,5,0
targeting,5,1,4,neutral,52,0,0,3,0,24112,1556,1944,0,8,52,1,0,0,0,0,1,0,2,0,6,0
targeting,5,1,5,neutral,44,0,0,4,0,22826,0,0,0,17,44,1,2,1,0,7000,2,0,2,0,6,0
targeting,5,1,6,neutral,64,0,0,4,0,24112,3112,388,0,17,64,1,1,0,0,0,2,0,2,0,6,0
targeting,5,1,7,neutral,44,0,0,4,0,22826,0,0,0,17,44,1,2,1,0,7000,2,0,2,0,6,0
targeting,5,2,0,neutral,84,0,0,4,0,50736,7000,0,0,8,40,2,1,1,0,17182,1,0,1,0,9,0
targeting,5,2,1,neutral,44,0,0,4,0,44974,5974,5026,0,8,33,2,1,1,1,18000,2,0,2,0,12,0
targeting,5,2,2,neutral,40,0,0,4,0,43261,0,0,0,17,40,2,2,2,1,32127,2,0,2,0,12,0
targeting,5,2,3,neutral,49,0,0,4,0,45696,0,0,0,8,44,2,3,2,1,26681,0,0,3,0,10,0
targeting,5,2,4,neutral,72,0,0,4,0,47712,8712,2288,622,8,52,2,1,1,1,9000,1,0,2,0,13,0
targeting,5,2,5,neutral,49,0,0,4,0,43261,0,0,0,17,40,2,2,2,1,31263,2,0,2,0,10,0
targeting,5,2,6,neutral,85,0,0,4,0,50566,0,0,0,8,40,2,1,1,0,14127,1,0,2,0,11,0
targeting,5,2,7,neutral,101,0,0,4,0,48852,5704,5296,0,8,40,2,1,1,0,14127,1,0,2,0,9,0
targeting,5,3,0,neutral,85,0,0,5,0,82278,8826,1674,0,8,44,3,2,2,0,18363,1,0,2,0,12,0
targeting,5,3,1,neutral,125,0,0,5,0,85957,0,0,0,8,44,3,2,1,0,10181,2,0,2,0,13,0
targeting,5,3,2,neutral,122,0,0,5,0,85957,14087,2413,0,8,44,3,1,1,0,4672,2,0,2,0,15,0
targeting,5,3,3,neutral,108,0,0,5,0,84131,0,0,0,8,40,3,4,3,1,24817,0,0,4,0,11,0
targeting,5,3,4,neutral,121,0,0,5,0,81592,10444,556,0,8,40,3,1,1,0,5127,1,0,3,0,14,0
targeting,5,3,5,neutral,127,0,0,5,0,85696,12826,3674,0,8,40,3,2,2,0,23900,3,0,3,0,14,0
targeting,5,3,6,neutral,158,0,0,5,0,91852,0,0,0,8,64,3,1,1,0,13591,1,0,2,0,14,0
targeting,5,3,7,neutral,162,0,0,5,0,87296,0,0,0,8,44,3,1,1,0,7545,1,0,3,0,14,0
targeting,5,4,0,pvp,537,0,1,0,4,1177390,295566,1434,0,4,91,6,3,0,0,0,1,1,2,2,0,16
targeting,5,4,1,pvp,693,0,1,0,4,1089074,391725,29025,0,4,114,6,3,2,1,35739,1,2,3,3,0,18
targeting,5,4,2,pvp,455,0,1,0,4,1116066,371864,7636,0,4,44,6,5,4,1,139993,2,2,2,3,0,18
targeting,5,4,3,pvp,450,0,1,0,4,986177,143000,0,0,4,62,6,5,1,1,19966,0,1,4,2,0,15
targeting,5,5,0,neutral,180,0,0,5,0,332836,17778,4222,0,8,73,3,2,2,1,63716,1,0,2,0,18,0
targeting,5,5,1,neutral,175,0,0,4,0,339349,0,0,0,8,93,4,3,3,1,65843,0,0,3,0,10,0
targeting,5,5,2,neutral,189,0,0,5,0,356088,27500,0,0,8,95,3,1,1,0,18296,2,0,2,0,21,0
targeting,5,5,3,neutral,157,0,0,5,0,332177,0,0,0,8,56,3,3,3,2,58406,0,0,3,0,19,0
targeting,5,5,4,neutral,189,0,0,5,0,355281,50778,19347,0,8,133,3,1,1,0,21955,2,0,2,0,21,0
targeting,5,5,5,neutral,164,0,0,5,0,333140,36000,0,0,8,89,3,3,3,2,83959,1,0,3,0,28,0
targeting,5,5,6,neutral,188,0,0,5,0,340694,0,0,0,8,44,3,1,1,0,19090,1,0,2,0,19,0
targeting,5,5,7,neutral,198,0,0,5,0,343700,16296,5704,0,8,109,3,1,1,1,37287,2,0,2,0,21,0
targeting,5,6,0,pvp,669,0,1,0,3,1322095,177500,4000,0,4,64,7,3,0,0,0,1,1,2,2,0,18
targeting,5,6,1,pvp,379,0,1,0,4,843140,164685,315,0,4,64,6,3,1,0,12519,0,2,3,2,0,24
targeting,5,6,2,pvp,659,0,0,2,0,1557132,270000,0,0,4,120,8,3,2,0,39456,0,1,2,3,12,0
targeting,5,6,3,pvp,712,0,1,0,2,1769969,513000,0,0,4,118,8,4,3,2,95170,1,1,2,2,0,21
targeting,5,7,0,pvp,587,0,1,0,3,1683872,498097,4653,16365,4,62,7,3,1,1,44531,1,1,2,2,0,36
targeting,5,7,1,pvp,650,0,1,0,2,1550627,419533,21467,0,4,114,8,4,2,1,57752,1,1,2,2,0,21
targeting,5,7,2,pvp,480,0,1,0,4,1270176,236499,5501,0,4,118,6,1,1,1,107005,2,1,2,2,0,27
targeting,5,7,3,pvp,619,0,1,0,2,1430818,311545,26455,0,4,91,8,3,2,1,65625,1,1,2,2,0,21
targeting,5,8,0,pvp,502,0,0,3,0,1670920,270574,4426,0,4,70,7,2,2,1,89991,1,1,2,2,24,0
targeting,5,8,1,pvp,397,0,1,0,5,1355707,503911,19589,0,4,120,5,3,1,0,94158,1,2,2,2,0,39
targeting,5,8,2,pvp,859,0,1,0,3,1822699,624115,17385,8225,4,133,7,1,0,0,0,2,1,2,2,0,30
targeting,5,8,3,pvp,566,0,0,4,0,1723700,667853,56147,0,4,118,6,3,1,1,24818,2,2,2,2,39,0
targeting,5,9,0,pvp,318,0,0,5,0,1305794,125148,4852,0,4,46,6,4,2,1,116113,1,1,2,2,33,0
targeting,5,9,1,pvp,621,0,1,0,4,2166625,743035,42215,0,4,84,8,5,1,0,21000,1,2,3,2,0,36
targeting,5,9,2,pvp,530,0,1,0,3,1758882,315424,8576,0,4,64,8,3,1,1,114335,1,2,2,2,0,36
targeting,5,9,3,pvp,900,1,0,3,1,2215887,878212,27788,0,4,114,8,3,2,2,41365,3,1,3,2,30,18
targeting,5,10,0,neutral,169,0,0,6,0,449328,31794,6706,0,8,52,3,2,2,0,73267,1,0,2,0,39,0
targeting,5,10,1,neutral,158,0,0,6,0,465632,36000,0,0,8,89,3,3,3,0,53842,1,0,3,0,43,0
targeting,5,10,2,neutral,157,0,0,6,0,459778,51279,22221,0,8,84,3,1,1,0,50515,3,0,3,0,49,0
targeting,5,10,3,neutral,173,0,0,6,0,456432,0,0,0,8,109,3,2,2,0,50706,1,0,2,0,45,0
targeting,5,10,4,neutral,185,0,0,6,0,453993,56767,32733,0,8,44,3,1,1,0,7101,2,0,2,0,48,0
targeting,5,10,5,neutral,170,0,0,6,0,453328,68264,17236,0,8,44,3,1,1,0,65,3,0,3,0,51,0
targeting,5,10,6,neutral,169,0,0,6,0,455671,0,0,0,8,89,3,1,1,0,24818,1,0,2,0,52,0
targeting,5,10,7,neutral,201,0,0,6,0,442245,78245,28255,0,8,73,3,1,1,0,61807,2,0,2,0,52,0
targeting,5,11,0,pvp,537,0,1,0,3,2280302,440654,2346,0,4,153,9,3,2,1,162268,1,2,2,2,0,30
targeting,5,11,1,pvp,507,0,1,0,2,1823563,215391,609,0,4,120,10,3,2,1,44739,1,1,4,2,0,27
targeting,5,11,2,pvp,489,0,1,0,5,1887737,580844,13156,4435,4,52,7,3,1,0,27501,1,2,2,2,0,52
targeting,5,11,3,pvp,662,0,1,0,4,2469631,944674,59576,0,4,118,8,2,1,1,131657,3,2,3,2,0,45
targeting,5,12,0,pvp,657,0,0,3,0,2611508,726715,15285,20888,4,104,9,3,2,2,112501,1,2,2,2,18,0
targeting,5,12,1,pvp,663,0,0,2,0,2520759,789698,11302,0,4,94,10,5,2,0,69698,1,1,3,2,27,0
targeting,5,12,2,pvp,653,0,1,0,4,2686186,1037017,5983,0,4,153,8,3,2,2,138501,2,2,2,2,0,48
targeting,5,12,3,pvp,461,0,0,6,0,1937788,712253,48247,0,4,62,6,3,2,0,166926,2,1,2,2,66,0
targeting,5,13,0,pvp,674,0,0,4,0,2429812,807654,2346,12409,4,144,8,3,0,0,0,1,1,3,2,39,0
targeting,5,13,1,pvp,421,0,1,0,4,1942790,521075,36925,0,4,83,8,4,3,0,68705,1,2,3,2,0,54
targeting,5,13,2,pvp,900,1,0,3,1,3087982,1023530,34970,16696,4,118,8,3,2,3,103626,2,2,2,2,33,18
targeting,5,13,3,pvp,900,1,0,3,2,3118670,1505847,49153,40908,4,142,7,3,2,1,49637,3,2,3,2,28,45
targeting,5,14,0,pvp,604,0,1,0,6,2445482,916475,19525,0,4,62,6,3,0,0,0,1,2,2,3,0,60
targeting,5,14,1,pvp,900,1,1,2,3,2928074,1247159,10341,0,4,84,7,3,1,0,13000,1,4,2,4,30,42
targeting,5,14,2,pvp,625,0,1,0,4,2490140,806522,47978,0,4,133,8,3,2,5,138037,3,2,3,2,0,51
targeting,5,14,3,pvp,897,0,1,0,3,3678823,1684370,30630,0,4,84,9,3,2,3,187778,2,2,2,2,0,45
targeting,5,15,0,neutral,161,0,0,6,0,555779,36000,0,0,8,73,3,2,2,1,88031,1,0,2,0,63,0
targeting,5,15,1,neutral,153,0,0,6,0,591914,36000,0,0,8,70,3,2,2,0,42342,1,0,2,0,67,0
targeting,5,15,2,neutral,173,0,0,6,0,595923,79493,1507,0,8,113,3,2,2,1,50706,2,0,2,0,66,0
targeting,5,15,3,neutral,140,0,0,6,0,565175,57522,5478,0,8,73,3,3,3,0,75524,1,0,3,0,69,0
targeting,5,15,4,neutral,213,0,0,6,0,576890,93695,21055,0,8,53,3,1,1,0,70516,2,0,3,0,60,0
targeting,5,15,5,neutral,189,0,0,6,0,571239,94350,17650,0,8,64,3,1,1,0,60754,4,0,4,0,66,0
targeting,5,15,6,neutral,181,0,0,6,0,599473,60333,3667,0,8,109,3,2,2,1,65709,2,0,2,0,66,0
targeting,5,15,7,neutral,218,0,0,6,0,602975,108333,8667,0,8,93,3,1,1,0,44531,2,0,3,0,60,0
targeting,5,16,0,pvp,778,0,0,4,0,3379290,1446765,20685,0,4,84,8,4,1,1,44531,1,3,2,3,63,0
targeting,5,16,1,pvp,542,0,0,4,0,2613462,837724,30276,17454,4,124,8,3,2,2,85789,1,3,2,3,55,0
targeting,5,16,2,pvp,673,0,1,0,3,2764156,724286,43714,13636,4,46,9,4,1,1,21000,1,2,3,2,0,33
targeting,5,16,3,pvp,900,1,1,3,3,3160057,1810730,92770,0,4,169,6,2,1,1,76304,2,2,3,3,24,45
targeting,5,17,0,pvp,644,0,0,4,0,2920941,1026941,28109,0,4,122,8,3,2,1,118031,1,4,2,4,54,0
targeting,5,17,1,pvp,518,0,0,4,0,2465271,556045,1955,0,4,124,8,3,2,2,100555,1,2,2,3,63,0
targeting,5,17,2,pvp,724,0,1,0,5,2912273,1234225,39275,0,4,33,7,5,1,1,24818,1,3,3,3,0,66
targeting,5,17,3,pvp,666,0,0,5,0,2846798,968370,32880,17454,4,149,7,2,2,1,111595,1,2,2,3,66,0
targeting,5,18,0,pvp,883,0,0,3,0,3536489,1178555,8095,0,4,70,9,3,0,0,0,1,2,2,2,54,0
targeting,5,18,1,pvp,503,0,0,1,0,2365398,153000,0,0,4,46,11,6,2,2,97363,0,1,3,3,27,0
targeting,5,18,2,pvp,900,1,1,1,5,3447192,1855456,21794,20160,4,251,6,2,1,0,44531,4,2,4,2,6,63
targeting,5,18,3,pvp,900,1,1,2,4,4011144,2442083,120667,0,4,89,6,3,2,2,133806,2,3,3,3,27,54
targeting,5,19,0,pvp,718,0,1,0,2,3247716,444600,0,29452,4,94,12,5,1,0,21955,1,1,3,3,0,45
targeting,5,19,1,pvp,626,0,1,0,4,3134497,1049412,43838,0,4,144,10,4,2,1,72661,4,1,4,3,0,57
targeting,5,19,2,pvp,626,0,1,0,5,3375318,1233761,21739,0,4,120,9,2,2,2,133389,2,2,3,2,0,81
targeting,5,19,3,pvp,862,0,0,4,0,4104985,1607268,55482,0,4,144,10,4,1,2,56252,3,2,3,2,63,0
targeting,5,20,0,neutral,173,0,0,7,0,710084,65040,3810,0,8,93,3,2,2,0,79031,1,0,3,0,84,0
targeting,5,20,1,neutral,175,0,0,7,0,685710,0,0,0,8,53,3,3,3,0,113254,0,0,3,0,69,0
targeting,5,20,2,neutral,164,0,0,7,0,707434,89260,9740,0,8,73,3,2,2,0,63251,3,0,3,0,90,0
targeting,5,20,3,neutral,210,0,0,7,0,726262,54000,0,0,8,111,3,2,2,0,67751,1,0,2,0,84,0
targeting,5,20,4,neutral,189,0,0,7,0,725286,71250,750,0,8,83,3,1,1,0,54022,2,0,3,0,69,0
targeting,5,20,5,neutral,174,0,0,7,0,679594,93334,30416,0,8,73,3,2,2,1,89211,3,0,3,0,84,0
targeting,5,20,6,neutral,165,0,0,7,0,718170,66390,1110,0,8,94,3,1,1,0,34500,2,0,3,0,99,0
targeting,5,20,7,neutral,156,0,0,7,0,691824,95476,12524,0,8,53,3,2,2,0,74291,2,0,2,0,81,0
targeting,5,21,0,pvp,657,0,0,4,0,3282652,761201,6049,0,4,149,10,3,2,2,104804,1,2,3,3,63,0
targeting,5,21,1,pvp,464,0,1,0,4,2472185,325482,14268,0,4,94,10,4,3,1,65612,0,2,3,3,0,72
targeting,5,21,2,pvp,900,1,1,3,5,3904923,2013252,77998,0,4,149,6,4,1,2,43910,4,3,4,3,42,66
targeting,5,21,3,pvp,742,0,1,0,4,3706324,1090588,16412,0,4,94,10,4,1,1,93852,1,2,2,3,0,54
targeting,5,22,0,pvp,345,0,0,6,0,2167257,45900,0,0,4,65,8,5,2,2,107145,1,0,3,3,66,0
targeting,5,22,1,pvp,799,0,1,0,6,4436023,2390434,33066,0,4,91,8,4,2,5,196821,4,3,4,3,0,81
targeting,5,22,2,pvp,717,0,0,5,0,4096856,1580204,33046,0,4,84,9,4,2,3,126502,2,3,2,3,72,0
targeting,5,22,3,pvp,900,1,0,4,2,3967892,1805437,21563,5566,4,145,8,2,1,1,76304,3,2,3,3,54,36
targeting,5,23,0,pvp,762,0,1,0,1,3504133,406568,31282,0,4,84,13,4,2,1,129067,1,2,3,2,0,27
targeting,5,23,1,pvp,417,0,1,0,6,2349317,831077,57673,0,4,83,8,5,3,2,78390,0,4,3,4,0,90
targeting,5,23,2,pvp,900,1,1,2,3,3700321,1331513,79237,0,4,108,9,3,2,1,55612,4,2,4,2,24,63
targeting,5,23,3,pvp,845,0,1,0,5,4547220,2001913,72587,0,4,124,9,3,2,4,169668,3,3,3,3,0,72
targeting,5,24,0,pvp,639,0,0,5,0,3292066,878887,20863,0,4,84,9,4,1,2,133593,2,4,2,4,72,0
targeting,5,24,1,pvp,377,0,1,0,6,2267967,688590,13410,13991,4,126,8,5,3,1,118727,0,3,3,3,0,81
targeting,5,24,2,pvp,900,1,0,2,1,4469878,1534489,29261,40908,4,145,11,3,1,1,64778,2,3,2,3,45,27
targeting,5,24,3,pvp,880,0,0,4,0,4132020,1745366,119884,0,4,52,10,4,1,3,115756,4,2,4,2,63,0
targeting,5,25,0,neutral,293,0,0,7,0,1583215,209395,3455,3273,8,53,4,2,2,1,123562,2,0,2,0,99,0
targeting,5,25,1,neutral,325,0,0,5,0,1698111,0,0,0,8,118,6,3,3,0,75524,0,0,3,0,57,0
targeting,5,25,2,neutral,386,0,0,6,0,1702119,160945,18555,0,8,83,5,2,2,1,97751,4,0,4,0,78,0
targeting,5,25,3,neutral,316,0,0,6,0,1655019,155825,15175,0,8,83,5,2,2,1,141251,2,0,2,0,90,0
targeting,5,25,4,neutral,318,0,0,7,0,1617633,276482,18268,0,8,53,4,1,1,1,117000,3,0,3,0,108,0
targeting,5,25,5,neutral,313,0,0,7,0,1717243,400520,22480,0,8,113,4,2,2,1,97751,4,0,4,0,99,0
targeting,5,25,6,neutral,318,0,0,7,0,1625015,332922,29328,0,8,73,4,1,1,0,34500,3,0,3,0,126,0
targeting,5,25,7,neutral,334,0,0,7,0,1632191,345817,14183,9819,8,82,4,1,1,1,117188,3,0,3,0,108,0
targeting,5,26,0,pvp,769,0,1,0,6,4188875,2196259,119891,27216,4,144,8,4,1,1,56252,2,4,2,4,0,90
targeting,5,26,1,pvp,488,0,1,0,5,2849256,553869,6381,46503,4,94,9,3,2,1,179468,1,3,3,3,0,81
targeting,5,26,2,pvp,900,1,1,3,4,3890693,1865838,94912,27272,4,84,7,4,0,0,0,4,2,4,2,42,72
targeting,5,26,3,pvp,850,0,0,4,0,4812290,2021509,34991,6339,4,124,10,2,0,0,0,3,2,3,3,90,0
targeting,5,27,0,pvp,612,0,1,0,7,3744137,1816307,85393,44317,4,114,7,3,1,2,149248,2,3,2,3,0,108
targeting,5,27,1,pvp,900,1,1,2,2,4085238,1451129,29371,0,4,77,10,4,2,2,98109,2,3,2,3,45,36
targeting,5,27,2,pvp,712,0,1,0,3,4034342,1215304,33446,13043,4,145,11,3,1,1,67500,2,3,2,3,0,63
targeting,5,27,3,pvp,900,1,0,3,4,4386115,2087515,74735,0,4,142,7,3,1,1,44531,4,2,4,3,54,63
targeting,5,28,0,pvp,900,1,1,1,3,4602433,2029218,82632,19735,4,113,10,3,0,0,0,2,3,2,3,18,63
targeting,5,28,1,pvp,900,1,1,3,3,4628868,2459690,67060,0,4,64,8,4,2,2,68191,2,4,2,4,63,54
targeting,5,28,2,pvp,900,1,0,4,4,4852312,2888961,171039,22264,4,145,6,2,1,1,48000,4,3,4,3,72,72
targeting,5,28,3,pvp,900,1,0,2,2,4427824,1553627,39373,7422,4,83,10,3,1,2,133778,2,2,2,3,18,18
targeting,5,29,0,pvp,766,0,0,4,0,4118499,1402971,16779,0,4,164,10,3,1,1,56222,2,2,2,3,54,0
targeting,5,29,1,pvp,656,0,0,4,0,3517063,981024,26976,0,4,89,10,3,2,1,62114,2,3,2,3,90,0
targeting,5,29,2,pvp,900,1,1,2,5,4258001,2280932,81568,0,4,64,7,3,2,2,84382,4,4,4,4,36,81
targeting,5,29,3,pvp,757,0,1,0,4,3806010,1163062,51938,5566,4,120,10,3,1,0,31778,2,3,2,3,0,72
targeting,5,30,0,neutral,336,0,0,7,0,1864171,133200,0,0,8,53,4,2,2,0,79031,2,0,2,0,99,0
targeting,5,30,1,neutral,318,0,0,6,0,1843268,81000,0,0,8,65,5,2,2,0,71231,1,0,3,0,99,0
targeting,5,30,2,neutral,313,0,0,6,0,1966649,81000,0,0,8,149,5,2,2,1,136751,1,0,2,0,99,0
targeting,5,30,3,neutral,386,0,0,6,0,2161013,389503,37997,29456,8,229,5,1,1,1,87000,3,0,3,0,90,0
targeting,5,30,4,neutral,372,0,0,7,0,2121377,676709,68041,0,8,270,4,2,2,1,82511,4,0,4,0,99,0
targeting,5,30,5,neutral,358,0,0,7,0,1927506,217169,16831,0,8,111,4,1,1,1,62400,2,0,2,0,117,0
targeting,5,30,6,neutral,376,0,0,6,0,1978867,198000,0,3682,8,102,5,1,1,0,89062,2,0,3,0,90,0
targeting,5,31,0,ghost,706,0,0,4,0,3921459,1277824,18176,0,4,142,10,2,2,0,88180,2,3,2,3,90,0
targeting,5,31,1,pvp,793,0,0,4,0,4211142,1687491,42309,15711,4,84,10,4,0,0,0,2,1,2,3,72,0
targeting,5,31,2,pvp,809,0,0,1,0,4038095,561819,32181,0,4,120,13,3,1,1,32003,1,2,2,3,27,0
targeting,5,31,3,pvp,900,1,1,3,4,4619856,2728674,142326,18555,4,84,7,3,1,0,76304,3,4,3,4,54,63
targeting,5,32,0,pvp,603,0,1,0,5,3596431,1059840,12510,0,4,70,9,3,1,1,51422,2,2,2,2,0,99
targeting,5,32,1,pvp,662,0,1,0,5,4064334,1755838,82412,0,4,114,9,4,1,1,58112,1,4,2,4,0,81
targeting,5,32,2,pvp,824,0,0,5,0,4017224,1596814,52436,5400,4,118,9,2,1,2,144430,3,2,3,3,63,0
targeting,5,33,0,pvp,799,0,0,4,0,4560735,1280772,19728,22222,4,73,12,3,1,1,78880,2,3,3,3,63,0
targeting,5,33,1,pvp,706,0,1,0,4,4737529,1443747,12003,23863,4,118,12,3,2,2,63251,2,3,2,3,0,81
targeting,5,33,2,pvp,892,0,1,0,4,5300953,1902999,54501,0,4,84,12,4,2,2,100555,3,4,3,4,0,63
targeting,5,34,0,pvp,581,0,1,0,4,3997257,555496,2504,47817,4,94,12,4,2,2,90346,1,2,3,2,0,63
targeting,5,34,1,pvp,830,0,1,0,6,5015965,2223583,82667,12678,4,224,10,2,1,0,31778,4,3,4,3,0,117
targeting,5,34,2,pvp,750,0,0,5,0,4421036,1329322,38678,0,4,104,11,3,1,1,29760,4,3,4,3,72,0
targeting,5,35,0,neutral,333,0,0,7,0,2234057,134445,555,40908,8,133,5,2,2,2,144656,1,0,3,0,108,0
targeting,5,35,1,neutral,375,0,0,7,0,2236793,158686,3314,0,8,93,5,2,2,0,111251,2,0,2,0,108,0
targeting,5,35,2,neutral,413,0,0,7,0,2344927,471360,75390,36819,8,233,5,1,1,2,117000,4,0,4,0,108,0
targeting,5,35,3,neutral,370,0,0,8,0,2205792,541083,23667,0,8,130,4,2,2,1,84382,4,0,4,0,108,0
targeting,5,35,4,neutral,360,0,0,7,0,2235732,255555,5445,0,8,98,5,2,2,0,61380,2,0,2,0,117,0
targeting,5,35,5,neutral,402,0,0,8,0,2277093,483346,11654,0,8,153,4,1,1,1,96094,3,0,3,0,117,0
targeting,5,36,0,pvp,618,0,1,0,6,4485176,1645094,62656,0,4,70,10,3,2,2,115198,1,4,3,4,0,99
targeting,5,36,1,pvp,712,0,1,0,3,4430060,977678,3322,0,4,84,13,3,1,1,42595,2,3,2,3,0,63
targeting,5,36,2,pvp,664,0,0,6,0,4473055,1540852,29648,13636,4,83,10,4,2,2,108924,4,2,4,2,81,0
targeting,5,37,0,pvp,864,0,1,0,5,5303517,2082619,72881,0,4,73,11,4,2,3,137086,1,4,3,4,0,72
targeting,5,37,1,pvp,779,0,0,4,0,5094204,1717056,125694,0,4,161,12,3,1,1,85003,2,4,2,4,81,0
targeting,5,37,2,pvp,711,0,1,0,5,4758816,1548088,62912,0,4,124,11,3,1,0,44531,2,3,2,3,0,81
targeting,5,38,0,pvp,573,0,1,0,4,3923392,778974,4026,0,4,83,12,4,1,1,55346,2,2,2,2,0,72
targeting,5,38,1,pvp,843,0,0,5,0,4916843,2102911,72839,0,4,83,11,3,2,2,80501,4,3,4,3,72,0
targeting,5,39,0,ghost,799,0,1,0,4,5075985,1916037,72963,0,4,84,12,3,0,0,0,3,2,3,2,0,90
targeting,5,39,1,pvp,900,1,0,4,2,4956114,2145268,57482,31695,4,124,10,4,1,0,24249,4,2,4,2,72,45
targeting,5,40,0,neutral,430,0,0,7,0,2680596,547028,10972,0,8,158,5,2,2,0,55631,4,0,4,0,90,0
targeting,5,40,1,neutral,408,0,0,6,0,2500904,231612,2388,0,8,108,6,2,2,1,95880,2,0,2,0,108,0
targeting,5,40,2,neutral,501,0,0,6,0,2715288,360000,0,0,8,125,6,1,1,0,44531,3,0,3,0,99,0
targeting,5,41,0,ghost,900,1,1,3,3,4970857,1961530,54470,0,4,104,10,3,1,1,44531,4,3,4,3,54,54
targeting,5,41,1,pvp,687,0,0,5,0,4383488,1397795,87205,0,4,142,11,3,1,0,51662,2,3,2,3,99,0
targeting,5,42,0,pvp,656,0,0,6,0,4258818,1625941,23309,31695,4,114,10,4,2,4,138215,4,2,4,2,90,0
targeting,5,43,0,pvp,793,0,0,4,0,4647156,1666356,61644,0,4,83,12,4,2,2,109252,4,2,4,2,72,0
targeting,6,1,0,neutral,44,0,0,3,0,22826,0,0,0,17,44,1,2,1,0,3181,1,0,2,0,6,0
targeting,6,1,1,neutral,53,0,0,4,0,24652,0,0,0,17,53,1,2,1,0,13591,0,0,2,0,4,0
targeting,6,1,2,neutral,40,0,0,3,0,22826,1826,1674,0,8,40,1,1,1,0,17182,1,0,1,0,6,0
targeting,6,1,3,neutral,44,0,0,3,0,22826,0,0,0,17,44,1,2,1,0,10818,1,0,2,0,6,0
targeting,6,1,4,neutral,40,0,0,3,0,22826,0,0,0,17,40,1,2,1,0,7763,1,0,2,0,8,0
targeting,6,1,5,neutral,40,0,0,3,0,22826,0,0,0,17,40,1,2,1,0,14636,0,0,2,0,5,0
targeting,6,1,6,neutral,64,0,0,4,0,24112,3112,388,0,21,64,1,0,0,0,0,2,0,2,0,6,0
targeting,6,1,7,neutral,40,0,0,3,0,22826,0,0,0,17,40,1,2,1,0,12000,0,0,2,0,5,0
targeting,6,2,0,neutral,52,0,0,4,0,46982,1556,3944,0,8,40,2,2,1,1,18000,1,0,2,0,13,0
targeting,6,2,1,neutral,73,0,0,4,0,48334,0,0,0,8,56,2,1,1,1,18000,0,0,2,0,8,0
targeting,6,2,2,neutral,102,0,0,4,0,50566,9131,1369,0,8,44,2,1,1,0,1909,2,0,2,0,10,0
targeting,6,2,3,neutral,44,0,0,4,0,45696,0,0,0,8,40,2,3,2,1,19399,1,0,3,0,11,0
targeting,6,2,4,neutral,44,0,0,4,0,43870,4870,630,0,8,20,2,2,1,1,18000,1,0,2,0,13,0
targeting,6,2,5,neutral,93,0,0,4,0,50566,7000,0,0,8,44,2,1,1,0,10818,1,0,1,0,9,0
targeting,6,2,6,neutral,122,0,0,4,0,50408,0,0,0,21,73,2,0,0,0,0,2,0,2,0,10,0
targeting,6,2,7,neutral,93,0,0,4,0,47878,7426,3074,1244,8,44,2,1,1,0,10818,1,0,2,0,9,0
targeting,6,3,0,neutral,108,0,0,5,0,84131,11000,0,0,8,40,3,2,1,0,16545,1,0,2,0,16,0
targeting,6,3,1,neutral,83,0,0,5,0,79223,12223,4277,0,8,24,3,1,1,1,18000,1,0,2,0,16,0
targeting,6,3,2,neutral,101,0,0,5,0,81696,11000,0,0,8,40,3,3,2,0,24308,1,0,3,0,14,0
targeting,6,3,3,neutral,76,0,0,5,0,78252,8612,2388,730,8,27,3,2,2,1,20364,1,0,2,0,16,0
targeting,6,3,4,neutral,85,0,0,5,0,79788,10714,5786,0,8,40,3,3,2,0,15308,1,0,3,0,16,0
targeting,6,3,5,neutral,108,0,0,5,0,81862,8826,1674,0,8,44,3,2,2,0,18363,1,0,2,0,12,0
targeting,6,3,6,neutral,133,0,0,5,0,83666,5500,0,0,8,49,3,2,2,1,34273,2,0,2,0,15,0
targeting,6,3,7,neutral,93,0,0,5,0,81227,12522,3978,730,8,24,3,1,1,0,13591,1,0,3,0,14,0
targeting,6,4,0,pvp,546,0,0,3,0,1070615,207630,1370,10434,4,44,7,3,0,0,0,1,0,2,2,12,0
targeting,6,4,1,pvp,653,0,1,0,4,1228744,398977,9273,9369,4,91,6,3,2,0,39514,1,2,2,2,0,20
targeting,6,4,2,pvp,494,0,0,3,0,1188985,237119,10106,8348,4,62,7,5,1,1,39844,1,1,3,2,18,0
targeting,6,4,3,pvp,515,0,0,5,0,1157617,432514,7486,0,4,124,5,2,1,2,70636,1,2,2,2,18,0
targeting,6,5,0,neutral,169,0,0,5,0,328275,42871,1129,0,8,93,3,2,2,1,59242,1,0,2,0,16,0
targeting,6,5,1,neutral,178,0,0,5,0,340437,0,0,0,8,89,3,3,3,1,79833,0,0,3,0,11,0
targeting,6,5,2,neutral,153,0,0,5,0,335653,22000,0,0,8,73,3,2,2,0,43910,1,0,2,0,18,0
targeting,6,5,3,neutral,145,0,0,5,0,315220,44000,0,0,8,42,3,2,2,0,41754,2,0,2,0,27,0
targeting,6,5,4,neutral,158,0,0,5,0,340339,45828,922,0,8,93,3,2,2,0,43910,1,0,2,0,18,0
targeting,6,5,5,neutral,204,0,0,5,0,380956,52132,2868,0,8,109,3,1,1,0,24818,1,0,2,0,18,0
targeting,6,5,6,neutral,201,0,0,4,0,340691,70296,10704,0,8,94,3,1,1,0,40024,1,0,1,0,27,0
targeting,6,5,7,neutral,166,0,0,5,0,338115,48125,0,0,8,82,3,1,1,1,27682,2,0,2,0,23,0
targeting,6,6,0,pvp,769,0,0,4,0,1515664,408348,10652,0,4,120,6,2,0,0,0,1,2,2,2,15,0
targeting,6,6,1,pvp,375,0,0,4,0,1238410,170500,0,0,4,104,6,4,2,3,98399,0,2,2,2,18,0
targeting,6,6,2,pvp,566,0,0,2,0,1446515,241500,0,0,4,83,8,3,2,2,63955,1,1,2,2,12,0
targeting,6,6,3,pvp,662,0,1,0,3,1296763,359055,6145,10434,4,83,7,3,0,0,0,1,1,2,2,0,18
targeting,6,7,0,pvp,468,0,0,4,0,1433470,577702,21798,0,4,164,6,3,1,1,87126,2,2,2,2,24,0
targeting,6,7,1,pvp,273,0,1,0,4,839051,100591,3909,0,4,64,6,4,1,1,33000,0,2,3,2,0,30
targeting,6,7,2,pvp,637,0,0,4,0,1844090,827587,26788,3944,4,142,6,3,2,1,45889,1,2,2,2,33,0
targeting,6,7,3,pvp,834,0,0,2,0,1682244,452523,14177,0,4,52,8,4,1,1,21000,1,1,2,2,15,0
targeting,6,8,0,pvp,506,0,0,4,0,1777382,405500,0,0,4,120,6,3,2,1,109081,2,1,2,2,27,0
targeting,6,8,1,pvp,288,0,1,0,4,852863,60775,0,0,4,64,6,4,1,1,66000,0,1,3,2,0,27
targeting,6,8,2,pvp,579,0,1,0,2,1883474,253666,1834,0,4,70,8,2,1,0,34500,1,2,2,2,0,15
targeting,6,8,3,pvp,546,0,1,0,5,1655306,549496,15254,0,4,91,5,3,1,0,24818,1,1,2,2,0,42
targeting,6,9,0,pvp,691,0,0,4,0,2322378,619607,35143,0,4,70,8,4,1,0,115165,1,1,3,2,37,0
targeting,6,9,1,pvp,389,0,1,0,4,1532294,159609,11391,5217,4,94,8,4,2,1,50889,0,1,3,3,0,37
targeting,6,9,2,pvp,900,1,1,1,2,2403703,811860,51965,14844,4,114,9,2,0,0,0,2,2,2,2,9,15
targeting,6,9,3,pvp,635,0,0,2,0,2557428,637973,41027,0,4,91,10,3,2,2,169500,2,1,2,2,12,0
targeting,6,10,0,neutral,145,0,0,6,0,443891,53934,9066,0,8,83,3,2,2,0,73518,1,0,2,0,45,0
targeting,6,10,1,neutral,140,0,0,6,0,445989,28323,16677,0,8,52,3,2,2,0,50293,1,0,2,0,51,0
targeting,6,10,2,neutral,178,0,0,6,0,458515,73108,11892,6135,8,82,3,1,1,0,73500,2,0,2,0,48,0
targeting,6,10,3,neutral,151,0,0,6,0,446327,47956,6044,0,8,73,3,1,1,0,34500,2,0,2,0,48,0
targeting,6,10,4,neutral,153,0,0,6,0,458367,67601,8299,0,8,44,3,1,1,0,28636,2,0,2,0,42,0
targeting,6,10,5,neutral,153,0,0,6,0,456392,57066,22434,0,8,44,3,2,1,0,574,2,0,2,0,52,0
targeting,6,10,6,neutral,209,0,0,6,0,463442,69279,11721,0,8,89,3,1,1,0,34500,1,0,2,0,46,0
targeting,6,10,7,neutral,140,0,0,6,0,452123,22221,11529,0,8,70,3,2,2,0,46773,1,0,2,0,45,0
targeting,6,11,0,pvp,389,0,0,5,0,1686579,286025,0,0,4,44,7,4,3,1,121971,1,2,3,2,42,0
targeting,6,11,1,pvp,592,0,0,3,0,2205318,477491,5009,0,4,118,9,3,1,2,67649,1,2,2,2,30,0
targeting,6,11,2,pvp,678,0,0,3,0,2352333,678429,30571,16696,4,114,9,2,1,2,67500,2,2,2,2,36,0
targeting,6,11,3,pvp,512,0,0,5,0,2268530,671892,26358,0,4,120,7,4,2,2,77455,2,1,2,2,45,0
targeting,6,12,0,pvp,658,0,0,3,0,2518288,712001,6999,0,4,46,9,3,1,2,157651,1,2,2,2,36,0
targeting,6,12,1,pvp,587,0,1,0,5,2186933,633892,38858,8727,4,62,7,3,1,1,45818,1,1,2,3,0,36
targeting,6,12,2,pvp,502,0,0,5,0,2034846,524317,6683,0,4,83,7,4,3,1,84040,2,2,2,2,45,0
targeting,6,12,3,pvp,717,0,0,2,0,2373006,536452,5548,0,4,70,10,4,0,0,0,1,2,2,2,45,0
targeting,6,13,0,pvp,662,0,0,2,0,2432173,462973,7027,53599,4,52,10,4,1,0,102634,1,2,2,2,27,0
targeting,6,13,1,pvp,506,0,1,0,5,1916238,462478,10922,21391,4,62,7,3,1,1,72000,1,1,2,3,0,58
targeting,6,13,2,pvp,573,0,1,0,4,2459760,698160,19340,0,4,118,8,4,2,2,101739,2,2,2,2,0,42
targeting,6,13,3,pvp,782,0,1,0,5,2833777,1316045,60705,26790,4,142,7,1,0,0,0,2,2,2,3,0,57
targeting,6,14,0,pvp,495,0,0,4,0,2283070,596917,15083,17610,4,149,8,3,1,1,109812,1,1,2,3,45,0
targeting,6,14,1,pvp,726,0,1,0,4,2764602,947228,36272,0,4,114,8,3,1,1,73127,3,1,3,2,0,39
targeting,6,14,2,pvp,682,0,1,0,4,2434170,700442,44308,0,4,84,8,3,1,0,23739,1,2,2,2,0,54
targeting,6,14,3,pvp,493,0,0,2,0,2325555,459878,5172,17454,4,52,10,4,2,3,95611,1,2,2,2,45,0
targeting,6,15,0,neutral,180,0,0,6,0,601336,69444,11556,0,8,114,3,1,1,0,51563,1,0,3,0,51,0
targeting,6,15,1,neutral,198,0,0,6,0,584113,54333,8667,0,8,89,3,1,1,0,65625,2,0,2,0,72,0
targeting,6,15,2,neutral,190,0,0,6,0,599087,91500,6500,0,8,93,3,1,1,0,34500,3,0,3,0,57,0
targeting,6,15,3,neutral,161,0,0,6,0,599740,0,0,0,8,102,3,2,2,0,59318,1,0,2,0,57,0
targeting,6,15,4,neutral,177,0,0,6,0,571239,87748,952,0,8,56,3,2,2,1,97459,2,0,2,0,72,0
targeting,6,15,5,neutral,173,0,0,6,0,584976,68727,10773,0,8,44,3,2,1,0,13483,2,0,2,0,54,0
targeting,6,15,6,neutral,169,0,0,6,0,583558,36000,0,0,8,108,3,2,2,1,66682,1,0,2,0,57,0
targeting,6,15,7,neutral,153,0,0,6,0,572743,63076,2174,2455,8,53,3,1,1,0,34500,2,0,2,0,72,0
targeting,6,16,0,pvp,512,0,1,0,5,2451739,518850,0,0,4,118,7,2,2,1,107003,1,2,3,2,0,54
targeting,6,16,1,pvp,613,0,0,4,0,2415050,552891,4659,0,4,83,8,3,1,0,23739,1,1,3,2,51,0
targeting,6,16,2,pvp,474,0,1,0,5,2194533,763533,4967,0,4,94,7,3,2,1,81874,3,2,3,2,0,63
targeting,6,16,3,pvp,488,0,1,0,3,2481731,594000,0,0,4,124,9,5,3,2,106018,2,1,2,3,0,54
targeting,6,17,0,pvp,687,0,0,4,0,3325020,1152169,10531,0,4,224,8,2,1,0,12833,2,3,2,3,45,0
targeting,6,17,1,pvp,631,0,1,0,4,3049250,1047785,16465,0,4,166,8,2,1,1,65724,2,2,2,2,0,54
targeting,6,17,2,pvp,858,0,1,0,4,3581711,1397638,51362,22266,4,91,8,3,1,1,101672,2,2,2,2,0,45
targeting,6,17,3,pvp,479,0,1,0,4,2310945,413550,0,8902,4,69,8,4,2,2,140887,1,1,2,2,0,63
targeting,6,18,0,pvp,900,1,0,2,1,3386471,1079639,37261,0,4,123,9,3,1,0,31778,2,1,2,2,27,18
targeting,6,18,1,pvp,574,0,1,0,5,3067386,1033063,49187,8727,4,164,7,2,2,1,127644,2,2,2,2,0,63
targeting,6,18,2,pvp,464,0,1,0,5,2647070,669020,5530,13043,4,91,7,3,2,2,201996,2,2,2,2,0,81
targeting,6,18,3,pvp,674,0,0,3,0,3466116,1058013,66987,17454,4,124,9,3,2,2,155446,2,3,2,3,27,0
targeting,6,19,0,pvp,748,0,1,0,4,3752204,1169434,53216,0,4,145,10,4,1,1,140302,2,2,3,2,0,57
targeting,6,19,1,pvp,816,0,0,3,0,3570105,1184521,16979,0,4,124,11,3,1,1,42480,2,3,2,3,54,0
targeting,6,19,2,pvp,900,1,1,2,3,4004623,1711726,27524,15048,4,149,9,3,1,0,26076,2,3,2,3,36,39
targeting,6,19,3,pvp,530,0,0,5,0,3208439,968453,23797,0,4,73,9,4,4,2,225720,2,2,2,2,81,0
targeting,6,20,0,neutral,158,0,0,7,0,702450,53806,7394,0,8,53,3,2,2,0,79031,2,0,3,0,75,0
targeting,6,20,1,neutral,169,0,0,7,0,696446,45000,0,0,8,118,3,1,1,0,44531,2,0,3,0,93,0
targeting,6,20,2,neutral,189,0,0,7,0,728854,81000,0,0,8,137,3,1,1,0,42480,3,0,3,0,78,0
targeting,6,20,3,neutral,169,0,0,7,0,713520,0,0,0,8,69,3,2,2,0,90028,2,0,2,0,93,0
targeting,6,20,4,neutral,175,0,0,7,0,713296,112522,11678,0,8,113,3,2,2,2,91500,2,0,2,0,87,0
targeting,6,20,5,neutral,169,0,0,7,0,688842,78661,15339,0,8,53,3,2,2,0,107513,3,0,3,0,78,0
targeting,6,20,6,neutral,185,0,0,7,0,713212,120390,5610,0,8,83,3,2,2,0,82500,2,0,2,0,93,0
targeting,6,20,7,neutral,209,0,0,7,0,706187,111587,36913,2863,8,53,3,1,1,0,32003,3,0,3,0,84,0
targeting,6,21,0,pvp,582,0,0,6,0,3394769,1118465,94285,0,4,93,8,4,2,3,139125,2,3,2,3,72,0
targeting,6,21,1,pvp,587,0,1,0,3,3409675,991373,52627,4435,4,149,11,3,2,3,151038,2,2,2,2,0,45
targeting,6,21,2,pvp,853,0,0,4,0,3931607,1278477,20623,0,4,83,10,4,2,4,219439,3,2,3,2,42,0
targeting,6,21,3,pvp,816,0,0,4,0,4053807,1535815,26985,13636,4,145,10,2,2,2,92579,3,3,3,3,63,0
targeting,6,22,0,pvp,900,1,1,1,3,3999802,1386450,0,29282,4,104,10,4,1,2,102135,2,2,2,2,18,54
targeting,6,22,1,pvp,673,0,1,0,3,3854295,1061777,24973,0,4,91,11,3,3,2,147736,2,2,3,2,0,54
targeting,6,22,2,pvp,760,0,0,5,0,3918077,1750996,53954,0,4,89,9,3,2,1,70283,2,3,2,3,81,0
targeting,6,22,3,pvp,554,0,1,0,6,3329749,1078209,21591,0,4,144,8,3,2,1,75133,2,3,3,3,0,81
targeting,6,23,0,pvp,557,0,0,4,0,3147942,805653,44847,0,4,52,10,3,1,0,58686,2,2,2,3,72,0
targeting,6,23,1,pvp,494,0,0,4,0,3096500,622800,3600,12678,4,91,10,4,3,3,261988,2,2,2,2,63,0
targeting,6,23,2,pvp,882,0,1,0,3,4525132,1840150,63800,0,4,144,11,3,1,1,83629,2,3,2,3,0,45
targeting,6,23,3,pvp,693,0,0,5,0,3735254,1372312,76688,0,4,84,9,4,2,0,74609,3,2,3,2,72,0
targeting,6,24,0,pvp,529,0,0,6,0,3610202,1410962,85738,0,4,141,8,4,2,1,135689,2,3,2,3,90,0
targeting,6,24,1,pvp,525,0,1,0,4,3334646,972201,29049,27995,4,145,10,3,2,3,114913,2,2,3,2,0,63
targeting,6,24,2,pvp,900,1,1,1,4,4445829,1811300,83200,0,4,104,9,2,1,1,80413,3,3,3,3,18,72
targeting,6,24,3,pvp,874,0,1,0,3,4089693,1530714,55536,0,4,113,11,4,3,2,153711,2,4,2,4,0,54
targeting,6,25,0,neutral,293,0,0,6,0,1684041,159978,222,8347,8,142,5,2,2,1,101356,2,0,2,0,72,0
targeting,6,25,1,neutral,270,0,0,7,0,1561013,249825,4425,0,8,53,4,2,2,2,132972,2,0,2,0,111,0
targeting,6,25,2,neutral,333,0,0,7,0,1676215,212804,21196,0,8,101,4,1,1,0,126000,3,0,3,0,108,0
targeting,6,25,3,neutral,327,0,0,6,0,1616609,120150,0,0,8,69,5,2,2,1,147000,2,0,2,0,90,0
targeting,6,25,4,neutral,285,0,0,7,0,1670846,342673,20027,0,8,111,4,2,2,1,103500,3,0,3,0,108,0
targeting,6,25,5,neutral,338,0,0,7,0,1687208,404090,54910,0,8,52,4,2,2,0,177900,4,0,4,0,99,0
targeting,6,25,6,neutral,308,0,0,7,0,1649998,247817,13183,20729,8,83,4,2,2,1,117000,2,0,2,0,99,0
targeting,6,25,7,neutral,318,0,0,7,0,1682819,171000,0,0,8,140,4,1,1,0,28751,3,0,3,0,108,0
targeting,6,26,0,pvp,619,0,0,4,0,3352870,382788,24462,3550,4,140,10,3,2,3,221271,1,3,3,3,63,0
targeting,6,26,1,pvp,522,0,1,0,4,3490020,1009056,25494,0,4,94,10,4,1,1,74449,2,3,2,3,0,63
targeting,6,26,2,pvp,725,0,0,5,0,4084673,1700779,73571,0,4,69,9,4,2,1,111913,3,2,3,2,90,0
targeting,6,26,3,pvp,793,0,1,0,7,4908732,2949754,35996,3711,4,145,7,3,1,1,32003,4,3,4,3,0,108
targeting,6,27,0,pvp,762,0,1,0,4,3890701,1187065,50435,0,4,84,10,4,2,2,148738,1,4,3,4,0,63
targeting,6,27,1,pvp,509,0,1,0,4,3029270,450000,0,0,4,84,10,3,1,1,37304,1,2,3,3,0,54
targeting,6,27,2,pvp,900,1,0,3,2,3975823,1063218,43782,0,4,142,9,3,2,3,151302,3,2,3,2,45,36
targeting,6,27,3,pvp,673,0,1,0,6,4090290,2147093,61057,0,4,56,8,3,2,0,72000,3,3,3,3,0,117
targeting,6,28,0,pvp,800,0,0,2,0,3794584,801951,23349,3550,4,70,12,4,3,3,149959,1,3,3,3,45,0
targeting,6,28,1,pvp,805,0,1,0,3,3663322,1159652,14848,8727,4,64,11,4,0,0,0,1,4,3,4,0,54
targeting,6,28,2,pvp,612,0,1,0,5,3741726,1305016,60734,24693,4,104,9,2,2,5,217632,3,3,3,3,0,90
targeting,6,28,3,pvp,859,0,1,0,2,3948699,549600,8400,0,4,142,12,3,1,0,43500,2,2,2,3,0,36
targeting,6,29,0,pvp,692,0,0,3,0,3927052,478080,1170,0,4,91,11,3,2,2,225489,1,2,3,3,45,0
targeting,6,29,1,pvp,697,0,0,4,0,3717052,1126040,32710,12884,4,70,10,4,1,0,37304,1,2,3,2,81,0
targeting,6,29,2,pvp,900,1,0,4,1,4644743,2360040,162210,14844,4,118,9,3,1,2,89413,4,4,4,4,72,18
targeting,6,29,3,pvp,567,0,1,0,4,3817459,1009384,34616,0,4,120,10,3,1,1,107024,3,1,3,2,0,81
targeting,6,30,0,neutral,349,0,0,6,0,1983350,0,0,0,8,82,5,2,2,0,93094,1,0,3,0,81,0
targeting,6,30,1,neutral,299,0,0,7,0,1857612,90000,0,0,8,73,4,2,2,1,91304,1,0,3,0,102,0
targeting,6,30,2,neutral,422,0,0,6,0,2112369,313835,64165,12272,8,140,5,1,1,0,87000,4,0,4,0,99,0
targeting,6,30,3,neutral,325,0,0,6,0,2017895,36000,0,0,8,108,5,2,2,0,131372,2,0,2,0,90,0
targeting,6,30,4,neutral,326,0,0,7,0,1997148,490836,67164,0,8,99,4,1,1,1,69000,3,0,3,0,126,0
targeting,6,30,5,neutral,350,0,0,7,0,2062890,595070,46180,0,8,177,4,2,2,1,164940,4,0,4,0,117,0
targeting,6,30,6,neutral,313,0,0,6,0,1943560,0,0,0,8,158,5,2,2,1,117000,0,0,3,0,90,0
targeting,6,30,7,neutral,401,0,0,6,0,2050693,207501,8499,0,8,227,5,1,1,0,34500,2,0,3,0,90,0
targeting,6,31,0,pvp,600,0,1,0,5,3615089,1176101,25399,0,4,120,9,3,1,0,27752,1,3,3,3,0,108
targeting,6,31,1,pvp,616,0,1,0,3,3556573,862740,3510,0,4,108,11,3,2,2,199753,1,4,3,4,0,54
targeting,6,31,2,pvp,595,0,1,0,4,3386448,897660,47340,0,4,64,10,4,2,1,134611,1,4,2,4,0,63
targeting,6,31,3,pvp,436,0,0,5,0,3163307,189000,0,0,4,104,9,3,2,1,76500,0,2,3,3,81,0
targeting,6,32,0,ghost,474,0,0,3,0,3180534,45000,0,0,4,118,11,4,2,2,162371,0,1,3,3,45,0
targeting,6,32,1,pvp,646,0,0,4,0,3422696,279000,0,0,4,84,10,4,2,0,237753,1,1,3,2,63,0
targeting,6,32,2,pvp,900,1,1,2,1,4864642,1763919,108081,0,4,149,11,2,2,2,117000,4,2,4,3,45,9
targeting,6,32,3,pvp,877,0,1,0,4,4811114,2236922,80578,0,4,84,10,3,0,0,0,3,4,3,4,0,81
targeting,6,33,0,pvp,569,0,0,6,0,3624361,837000,0,0,4,109,10,3,3,3,177427,2,5,3,5,90,0
targeting,6,33,1,pvp,779,0,0,4,0,4854119,1587197,21553,13043,4,118,12,3,1,1,33000,3,3,3,3,63,0
targeting,6,33,2,pvp,724,0,0,6,0,4630897,2062617,106383,0,4,94,10,4,1,1,48000,5,1,5,3,117,0
targeting,6,34,0,pvp,900,1,0,2,1,4548279,986310,8190,0,4,84,13,3,2,3,201531,2,3,3,3,45,18
targeting,6,34,1,pvp,831,0,1,0,5,5278076,2720010,254490,0,4,142,11,3,3,3,196526,5,5,5,5,0,81
targeting,6,34,2,pvp,546,0,1,0,4,4278145,732617,23383,26086,4,104,12,4,2,2,115500,3,1,3,3,0,72
targeting,6,35,0,neutral,341,0,0,7,0,2086591,72000,0,0,8,93,5,2,2,1,206719,2,0,3,0,99,0
targeting,6,35,1,neutral,433,0,0,8,0,2361213,681242,74758,20455,8,125,4,1,1,1,96000,5,0,5,0,135,0
targeting,6,35,2,neutral,318,0,0,8,0,2268718,429693,11307,0,8,151,4,2,2,0,69000,3,0,3,0,135,0
targeting,6,35,3,neutral,353,0,0,8,0,2273595,641595,82905,0,8,137,4,2,2,0,76980,5,0,5,0,135,0
targeting,6,35,4,neutral,337,0,0,6,0,2269822,81000,0,0,8,161,6,2,2,1,117000,1,0,3,0,90,0
targeting,6,35,5,neutral,458,0,0,7,0,2323047,442268,14482,0,8,156,5,1,1,0,34500,3,0,3,0,108,0
targeting,6,36,0,pvp,900,1,1,2,3,4501159,1696155,117345,0,4,104,11,4,2,3,147335,2,5,3,5,36,54
targeting,6,36,1,pvp,595,0,1,0,4,4527814,1266339,47661,0,4,120,12,3,3,2,121611,5,1,5,3,0,54
targeting,6,36,2,pvp,625,0,0,5,0,4010177,1020197,35053,26086,4,64,11,3,1,1,78000,3,3,3,3,81,0
targeting,6,37,0,ghost,615,0,1,0,2,4340268,575110,7640,0,4,120,14,4,3,4,239734,2,1,3,3,0,18
targeting,6,37,1,pvp,583,0,1,0,3,4114497,705600,5400,13043,4,83,13,4,2,2,119953,3,1,3,3,0,72
targeting,6,37,2,pvp,737,0,0,7,0,4586574,2311570,210680,0,4,94,9,3,0,0,0,5,3,5,3,126,0
targeting,6,38,0,ghost,513,0,0,6,0,4021806,1471332,38418,0,4,120,10,4,2,3,147000,3,5,3,5,99,0
targeting,6,38,1,pvp,743,0,0,4,0,4410991,863366,14134,0,4,70,12,3,2,3,126259,2,3,3,3,63,0
targeting,6,38,2,pvp,664,0,1,0,3,4714485,1511013,34737,0,4,141,13,4,2,3,150000,5,1,5,3,0,63
targeting,6,39,0,pvp,900,1,1,2,5,4838191,2480516,320734,0,4,144,9,4,1,2,149898,2,5,3,5,36,90
targeting,6,39,1,pvp,589,0,1,0,4,4258938,825513,11487,9783,4,124,12,4,2,2,146413,3,1,3,3,0,81
targeting,6,40,0,neutral,372,0,0,7,0,2471846,81000,0,0,8,93,5,2,2,3,179157,2,0,3,0,99,0
targeting,6,40,1,neutral,463,0,0,7,0,2685856,556456,26294,0,8,126,5,2,2,0,76980,5,0,5,0,126,0
targeting,6,40,2,neutral,371,0,0,7,0,2487212,99000,0,0,8,108,5,2,2,1,130500,1,0,3,0,108,0
targeting,6,41,0,ghost,748,0,0,4,0,5432006,2220523,45227,0,4,124,12,4,2,2,88393,5,1,5,3,81,0
targeting,6,41,1,pvp,583,0,1,0,5,3910146,549000,0,0,4,109,11,4,3,1,165927,2,1,3,3,0,90
targeting,6,42,0,ghost,658,0,1,0,5,4842882,2080136,48364,0,4,94,11,4,3,2,113413,1,5,3,5,0,99
targeting,6,42,1,pvp,900,1,1,2,5,4551387,2205248,177502,0,4,83,9,4,1,2,121366,2,5,3,5,36,90
targeting,6,43,0,ghost,688,0,0,7,0,4341795,1895544,55206,33333,4,52,9,4,2,2,179593,5,2,5,3,126,0
targeting,6,43,1,pvp,536,0,1,0,3,3874738,423000,0,0,4,56,13,4,3,2,269929,2,1,3,3,0,45
targeting,6,44,0,pvp,900,1,0,2,2,5066846,1826984,83266,0,4,94,12,4,2,3,124826,5,1,5,3,36,45
targeting,6,45,0,neutral,458,0,0,7,0,2887662,588132,14868,0,8,97,5,2,2,2,153960,5,0,5,0,117,0
targeting,6,45,1,neutral,463,0,0,7,0,2795904,90000,0,5870,8,127,5,2,2,2,130500,1,0,3,0,108,0
targeting,7,1,0,neutral,56,0,0,3,0,24112,0,0,0,17,56,1,1,1,0,11000,0,0,2,0,5,0
targeting,7,1,1,neutral,40,0,0,3,0,22826,0,0,0,17,40,1,2,1,0,14636,0,0,2,0,5,0
targeting,7,1,2,neutral,44,0,0,3,0,22826,1826,1674,0,8,44,1,1,1,0,5727,1,0,1,0,6,0
targeting,7,1,3,neutral,40,0,0,3,0,22826,0,0,0,17,40,1,2,1,0,10818,1,0,2,0,6,0
targeting,7,1,4,neutral,40,0,0,3,0,22556,0,0,0,17,40,1,2,1,0,21000,0,0,2,0,5,0
targeting,7,1,5,neutral,64,0,0,4,0,24112,3112,388,0,17,64,1,1,0,0,0,2,0,2,0,6,0
targeting,7,1,6,neutral,44,0,0,3,0,22826,1826,1674,0,8,44,1,1,1,0,5727,1,0,1,0,6,0
targeting,7,1,7,neutral,64,0,0,3,0,21000,0,0,0,21,64,1,0,0,0,0,2,0,2,0,7,0
targeting,7,2,0,neutral,44,0,0,4,0,45696,0,0,0,8,40,2,2,2,1,28818,1,0,2,0,9,0
targeting,7,2,1,neutral,72,0,0,4,0,47861,0,0,0,8,40,2,3,2,2,30000,0,0,3,0,8,0
targeting,7,2,2,neutral,83,0,0,4,0,51006,9461,8539,0,8,40,2,2,1,0,10309,2,0,2,0,12,0
targeting,7,2,3,neutral,60,0,0,4,0,48131,0,0,0,8,44,2,3,2,1,21181,0,0,3,0,8,0
targeting,7,2,4,neutral,93,0,0,4,0,47608,7000,0,1244,8,40,2,1,1,0,12182,1,0,2,0,9,0
targeting,7,2,5,neutral,72,0,0,4,0,48214,5409,1591,0,8,40,2,2,2,1,21945,2,0,2,0,12,0
targeting,7,2,6,neutral,97,0,0,4,0,49836,9131,1869,730,8,40,2,1,1,0,14127,1,0,1,0,13,0
targeting,7,2,7,neutral,173,0,0,4,0,56630,0,0,0,8,64,2,0,0,0,0,1,0,3,0,11,0
targeting,7,3,0,neutral,60,0,0,5,0,79522,0,0,0,8,20,3,3,2,1,31591,1,0,3,0,16,0
targeting,7,3,1,neutral,93,0,0,5,0,81696,0,0,0,8,40,3,3,2,2,35000,0,0,3,0,11,0
targeting,7,3,2,neutral,108,0,0,5,0,86815,17270,4230,0,8,39,3,2,0,0,0,3,0,3,0,14,0
targeting,7,3,3,neutral,60,0,0,5,0,77435,3500,0,0,8,24,3,2,2,1,34545,1,0,2,0,14,0
targeting,7,3,4,neutral,108,0,0,5,0,85957,0,0,0,8,44,3,2,1,0,90,1,0,2,0,12,0
targeting,7,3,5,neutral,85,0,0,5,0,81696,8826,1674,0,8,33,3,3,2,0,14636,2,0,3,0,15,0
targeting,7,3,6,neutral,125,0,0,5,0,83688,14614,12886,0,8,44,3,1,1,0,11545,1,0,2,0,14,0
targeting,7,3,7,neutral,144,0,0,4,0,89696,0,0,0,8,44,3,1,1,0,2672,1,0,2,0,15,0
targeting,7,4,0,pvp,436,0,0,4,0,1251960,260182,3818,0,4,124,6,3,2,1,72956,1,1,2,2,21,0
targeting,7,4,1,pvp,253,0,1,0,4,772002,127391,4609,0,4,56,6,6,2,1,48106,0,2,4,2,0,15
targeting,7,4,2,pvp,749,0,0,3,0,1455999,399132,2868,15761,4,89,7,3,0,0,0,1,1,2,2,12,0
targeting,7,4,3,pvp,546,0,0,5,0,1223014,351423,4152,20279,4,118,5,2,1,1,33204,1,1,2,3,18,0
targeting,7,5,0,neutral,188,0,0,5,0,339626,0,0,0,8,140,3,1,1,1,62400,1,0,3,0,20,0
targeting,7,5,1,neutral,145,0,0,5,0,316972,0,0,0,8,53,3,1,1,0,44531,0,0,2,0,21,0
targeting,7,5,2,neutral,177,0,0,5,0,325234,47481,13019,0,8,53,3,2,2,1,50764,2,0,2,0,21,0
targeting,7,5,3,neutral,185,0,0,5,0,345908,17722,4278,0,8,87,3,1,1,1,43500,1,0,2,0,22,0
targeting,7,5,4,neutral,137,0,0,5,0,321515,12222,4278,0,8,44,3,1,1,0,24382,1,0,2,0,28,0
targeting,7,5,5,neutral,181,0,0,5,0,331609,42871,1129,0,8,99,3,1,1,0,34693,2,0,2,0,27,0
targeting,7,5,6,neutral,214,0,0,5,0,356732,66000,0,3272,8,93,3,1,1,1,42799,2,0,2,0,27,0
targeting,7,5,7,neutral,161,0,0,5,0,330436,0,0,0,8,53,3,2,2,0,54789,1,0,2,0,18,0
targeting,7,6,0,pvp,900,1,0,2,1,1842945,574682,8318,0,4,189,7,2,1,0,24249,2,1,2,2,12,6
targeting,7,6,1,pvp,419,0,0,4,0,1343591,203615,10885,8348,4,104,6,2,1,1,42595,0,2,2,2,25,0
targeting,7,6,2,pvp,693,0,0,2,0,1719171,519403,24597,8727,4,91,8,3,1,1,21955,2,1,2,2,15,0
targeting,7,6,3,pvp,464,0,0,4,0,1109285,179364,2136,0,4,62,6,3,2,2,127358,2,1,2,2,24,0
targeting,7,7,0,pvp,586,0,0,2,0,1688075,392115,14885,0,4,120,8,2,2,3,120057,2,2,2,2,15,0
targeting,7,7,1,pvp,588,0,1,0,2,1253251,122591,3909,0,4,44,8,5,3,1,122822,0,2,3,2,0,9
targeting,7,7,2,pvp,557,0,1,0,4,1764402,608083,1667,0,4,64,6,3,1,1,34500,1,1,2,3,0,33
targeting,7,7,3,pvp,900,1,1,1,2,1921422,652249,45251,11044,4,104,7,3,0,0,0,2,1,2,2,6,27
targeting,7,8,0,pvp,494,0,0,5,0,1781515,571264,14186,0,4,44,5,3,2,2,90702,1,1,2,3,40,0
targeting,7,8,1,pvp,423,0,1,0,3,1106096,110631,10369,0,4,44,7,4,0,0,0,0,2,3,2,0,18
targeting,7,8,2,pvp,336,0,0,3,0,1262648,193891,609,0,4,46,7,3,1,1,14348,1,1,2,2,36,0
targeting,7,8,3,pvp,900,1,1,1,1,1860910,623864,9636,0,4,144,8,4,2,2,45797,2,1,2,2,6,18
targeting,7,9,0,pvp,900,1,1,1,2,2435505,829776,45724,0,4,62,9,4,1,1,42595,1,2,2,2,18,27
targeting,7,9,1,pvp,494,0,1,0,3,1648252,234826,8174,0,4,52,8,4,1,2,32409,0,1,2,2,0,30
targeting,7,9,2,pvp,686,0,0,4,0,2214028,714219,7581,0,4,84,8,3,1,2,66278,1,1,2,4,33,0
targeting,7,9,3,pvp,900,1,1,1,2,2254418,758773,6227,0,4,65,9,5,3,2,91096,1,2,3,2,18,12
targeting,7,10,0,neutral,111,0,0,6,0,434373,27000,0,0,8,90,3,3,3,1,79380,1,0,3,0,45,0
targeting,7,10,1,neutral,142,0,0,6,0,441718,0,0,0,8,44,3,2,1,0,30927,0,0,2,0,43,0
targeting,7,10,2,neutral,137,0,0,6,0,440896,54411,17589,0,8,44,3,3,2,0,31511,1,0,3,0,45,0
targeting,7,10,3,neutral,145,0,0,6,0,438608,58221,4779,6135,8,83,3,2,2,1,62182,1,0,2,0,45,0
targeting,7,10,4,neutral,142,0,0,6,0,447154,0,0,0,8,89,3,3,3,0,88441,1,0,3,0,45,0
targeting,7,10,5,neutral,180,0,0,6,0,448602,69690,11310,0,8,73,3,3,3,0,72661,1,0,3,0,45,0
targeting,7,10,6,neutral,191,0,0,6,0,455925,62199,18801,0,8,44,3,2,2,0,18719,1,0,2,0,39,0
targeting,7,10,7,neutral,186,0,0,6,0,468863,58564,8136,0,8,93,3,1,1,1,69000,2,0,3,0,40,0
targeting,7,11,0,pvp,389,0,0,4,0,1609190,108000,0,0,4,84,8,4,1,0,81457,1,0,2,2,45,0
targeting,7,11,1,pvp,512,0,1,0,3,2024626,513424,25576,0,4,83,9,6,1,1,27501,2,1,3,3,0,36
targeting,7,11,2,pvp,451,0,1,0,4,2068965,372158,14842,0,4,118,8,3,3,2,83001,1,1,2,2,0,45
targeting,7,11,3,pvp,900,1,1,1,2,2470466,873316,36984,3550,4,52,9,3,2,2,141978,2,2,2,3,18,27
targeting,7,12,0,pvp,493,0,0,4,0,2058521,468527,8473,21249,4,94,8,2,1,0,55346,1,1,3,2,45,0
targeting,7,12,1,pvp,582,0,1,0,3,2040909,356460,1190,0,4,51,9,5,1,2,66889,0,2,3,2,0,30
targeting,7,12,2,pvp,615,0,1,0,5,2278210,927501,65499,24503,4,144,7,4,2,2,105015,3,1,3,2,0,42
targeting,7,12,3,pvp,557,0,1,0,4,2371349,608512,24488,8727,4,114,8,4,1,2,49397,2,1,2,2,0,39
targeting,7,13,0,pvp,693,0,0,3,0,2362780,436852,8148,0,4,62,9,4,1,0,25711,1,2,3,2,30,0
targeting,7,13,1,pvp,435,0,1,0,5,1709971,343581,7419,8727,4,64,7,5,1,1,94111,0,2,3,2,0,51
targeting,7,13,2,pvp,606,0,0,5,0,2418346,1095071,28429,0,4,124,7,4,1,1,60395,3,2,3,2,48,0
targeting,7,13,3,pvp,537,0,0,4,0,2464398,739826,14174,0,4,142,8,3,2,1,51822,2,2,2,2,45,0
targeting,7,14,0,pvp,457,0,0,5,0,2086067,558000,0,0,4,120,7,5,2,2,111793,1,2,3,3,42,0
targeting,7,14,1,pvp,577,0,1,0,3,2222259,318599,15751,25044,4,52,9,4,0,0,0,0,2,3,2,0,21
targeting,7,14,2,pvp,494,0,1,0,4,2466172,746364,18636,0,4,164,8,3,2,3,96972,1,2,2,2,0,45
targeting,7,14,3,pvp,726,0,0,3,0,2650716,616720,24780,0,4,84,9,4,2,2,99503,2,2,2,2,30,0
targeting,7,15,0,neutral,169,0,0,6,0,593290,0,0,0,8,89,3,2,2,0,96644,1,0,3,0,51,0
targeting,7,15,1,neutral,173,0,0,6,0,568436,0,0,0,8,53,3,3,3,0,116122,0,0,3,0,42,0
targeting,7,15,2,neutral,177,0,0,6,0,578218,97196,5804,0,8,73,3,2,2,1,93578,3,0,3,0,69,0
targeting,7,15,3,neutral,153,0,0,6,0,602010,49637,13363,0,8,114,3,2,2,0,56455,1,0,2,0,57,0
targeting,7,15,4,neutral,169,0,0,6,0,562446,36000,0,0,8,73,3,2,2,0,79031,2,0,2,0,60,0
targeting,7,15,5,neutral,161,0,0,6,0,575610,76305,25195,0,8,73,3,2,2,0,75899,2,0,2,0,60,0
targeting,7,15,6,neutral,161,0,0,6,0,580319,73116,16884,0,8,73,3,1,1,0,28751,2,0,2,0,72,0
targeting,7,15,7,neutral,193,0,0,6,0,596057,106050,6450,0,8,52,3,1,1,0,34500,2,0,2,0,66,0
targeting,7,16,0,pvp,348,0,0,6,0,1611928,229500,0,3000,4,82,6,5,1,1,59687,1,0,2,3,63,0
targeting,7,16,1,pvp,841,0,1,0,3,3160007,1278594,73656,0,4,83,9,4,1,1,42480,3,2,3,2,0,45
targeting,7,16,2,pvp,575,0,0,2,0,2839052,636478,22,0,4,94,10,4,2,3,95869,1,2,2,2,18,0
targeting,7,16,3,pvp,597,0,0,4,0,2632876,616353,11847,0,4,114,8,2,2,2,68671,2,2,2,3,45,0
targeting,7,17,0,pvp,602,0,0,4,0,2624104,850900,4150,0,4,114,8,4,1,2,95967,2,2,2,2,54,0
targeting,7,17,1,pvp,398,0,1,0,5,1773167,540652,16348,0,4,52,7,4,1,0,54339,0,3,3,3,0,81
targeting,7,17,2,pvp,687,0,1,0,4,2648307,815491,16009,0,4,114,8,4,0,0,0,3,2,3,2,0,54
targeting,7,17,3,pvp,564,0,0,5,0,2567136,802974,35376,0,4,84,7,3,1,0,50453,2,2,2,3,57,0
targeting,7,18,0,pvp,900,1,1,1,4,4214311,2200230,44370,0,4,124,7,4,2,1,78720,2,3,2,3,18,63
targeting,7,18,1,pvp,336,0,1,0,6,1582890,284306,12694,0,4,24,6,5,2,1,111913,0,2,3,2,0,72
targeting,7,18,2,pvp,669,0,1,0,3,2711373,834541,20709,0,4,44,9,4,1,1,28751,3,2,3,2,0,54
targeting,7,18,3,pvp,537,0,0,4,0,2566515,636567,17733,0,4,144,8,3,1,1,30611,2,2,2,3,45,0
targeting,7,19,0,pvp,646,0,0,4,0,3109731,896733,63117,0,4,164,10,3,1,1,94957,2,2,3,3,54,0
targeting,7,19,1,pvp,644,0,0,4,0,3042697,713091,6909,0,4,124,10,5,1,2,66278,2,2,2,3,45,0
targeting,7,19,2,pvp,706,0,1,0,5,3487897,1349150,59850,14200,4,65,9,4,1,2,69000,4,2,4,2,0,75
targeting,7,19,3,pvp,754,0,0,4,0,3753234,1492590,48910,0,4,64,10,4,2,2,127555,3,3,3,3,54,0
targeting,7,20,0,neutral,193,0,0,7,0,711699,115429,31721,5726,8,89,3,2,2,1,72972,2,0,3,0,81,0
targeting,7,20,1,neutral,189,0,0,7,0,721892,45000,0,0,8,93,3,2,2,0,83531,2,0,2,0,94,0
targeting,7,20,2,neutral,145,0,0,7,0,663924,43740,14760,0,8,73,3,2,2,0,79031,3,0,3,0,90,0
targeting,7,20,3,neutral,194,0,0,7,0,704082,102390,5610,0,8,93,3,2,2,1,126000,2,0,2,0,93,0
targeting,7,20,4,neutral,183,0,0,7,0,704224,90000,0,0,8,111,3,2,2,0,95880,3,0,3,0,90,0
targeting,7,20,5,neutral,158,0,0,7,0,714282,97110,1890,0,8,93,3,3,3,0,112469,2,0,3,0,75,0
targeting,7,20,6,neutral,166,0,0,7,0,730260,72000,0,0,8,102,3,2,2,1,79457,2,0,2,0,87,0
targeting,7,20,7,neutral,213,0,0,7,0,731766,122450,29650,0,8,52,3,1,1,0,44531,2,0,3,0,69,0
targeting,7,21,0,pvp,627,0,1,0,6,3601704,1434864,42936,0,4,104,8,3,2,2,103723,2,3,3,3,0,99
targeting,7,21,1,pvp,502,0,1,0,7,2791354,920706,26544,0,4,52,7,5,3,3,150067,2,3,3,3,0,90
targeting,7,21,2,pvp,725,0,1,0,4,3763477,1386384,26616,0,4,52,10,4,1,1,44531,2,3,3,3,0,81
targeting,7,21,3,pvp,494,0,0,5,0,2715866,599666,12334,0,4,64,9,5,2,2,140041,3,2,3,3,63,0
targeting,7,22,0,pvp,900,1,1,1,3,4436035,1567792,66158,0,4,120,10,2,0,0,0,2,3,3,3,27,63
targeting,7,22,1,pvp,900,1,1,1,1,4029645,1242426,53574,0,4,93,12,5,2,0,73748,1,3,3,3,18,18
targeting,7,22,2,pvp,830,0,0,4,0,3457024,1286682,49818,0,4,64,10,5,1,1,27501,3,2,3,3,63,0
targeting,7,22,3,pvp,886,0,1,0,2,4258314,1408517,31483,0,4,84,12,5,2,3,119460,2,3,3,3,0,27
targeting,7,23,0,pvp,646,0,0,5,0,3282563,841912,16238,3024,4,64,9,4,1,0,36285,2,1,3,3,81,0
targeting,7,23,1,pvp,587,0,1,0,6,3470652,1385750,27750,0,4,114,8,5,3,4,297971,4,3,4,3,0,81
targeting,7,23,2,pvp,494,0,0,5,0,2740847,624131,23869,0,4,44,9,6,2,2,102959,2,2,3,3,75,0
targeting,7,23,3,pvp,621,0,1,0,4,3652466,1343536,26714,0,4,84,10,3,2,1,118741,3,3,3,3,0,72
targeting,7,24,0,pvp,900,1,0,4,1,4598093,2084747,46603,0,4,139,9,3,1,1,69000,2,4,3,4,63,18
targeting,7,24,1,pvp,631,0,1,0,3,3211611,655605,37395,0,4,83,11,6,2,1,63595,0,2,3,3,0,63
targeting,7,24,2,pvp,587,0,0,5,0,3618570,1043919,48231,0,4,64,9,4,2,4,357412,3,3,3,3,63,0
targeting,7,24,3,pvp,737,0,1,0,4,3548302,1160753,36247,0,4,104,10,5,2,1,54928,2,3,3,3,0,72
targeting,7,25,0,neutral,358,0,0,7,0,1665782,282150,0,0,8,109,4,1,1,0,121500,2,0,3,0,99,0
targeting,7,25,1,neutral,297,0,0,6,0,1724235,0,0,0,8,102,5,3,3,1,127818,0,0,3,0,66,0
targeting,7,25,2,neutral,282,0,0,7,0,1583651,216000,0,36519,8,44,4,2,1,0,19211,3,0,3,0,108,0
targeting,7,25,3,neutral,310,0,0,7,0,1695533,250668,19332,0,8,111,4,3,3,1,143455,2,0,3,0,93,0
targeting,7,25,4,neutral,333,0,0,7,0,1712542,282000,24000,16365,8,82,4,2,2,1,144656,4,0,4,0,99,0
targeting,7,25,5,neutral,322,0,0,6,0,1697415,224000,28000,0,8,145,5,2,2,1,91151,2,0,2,0,72,0
targeting,7,25,6,neutral,326,0,0,7,0,1667867,283740,4260,0,8,52,4,2,2,2,86978,3,0,3,0,102,0
targeting,7,25,7,neutral,349,0,0,7,0,1708705,377724,37626,0,8,140,4,1,1,0,50966,3,0,3,0,108,0
targeting,7,26,0,pvp,750,0,1,0,4,4296043,1724610,87090,0,4,145,10,3,2,2,137658,2,4,3,4,0,63
targeting,7,26,1,pvp,463,0,1,0,5,2785173,855578,37672,15000,4,123,9,5,2,0,68306,0,3,3,3,0,72
targeting,7,26,2,pvp,556,0,1,0,6,3136170,1142506,38744,0,4,84,8,3,1,1,79679,3,3,3,3,0,117
targeting,7,26,3,pvp,737,0,1,0,5,4023876,1667146,42854,0,4,84,9,4,0,0,0,2,3,3,3,0,90
targeting,7,27,0,pvp,793,0,1,0,3,4391484,1408336,5114,0,4,114,11,4,2,2,66000,2,2,3,3,0,63
targeting,7,27,1,pvp,525,0,1,0,4,2849813,558907,4943,0,4,118,10,4,1,0,36285,0,3,3,3,0,72
targeting,7,27,2,pvp,643,0,1,0,4,3574549,1148739,21261,0,4,64,10,5,3,2,159361,3,3,3,3,0,72
targeting,7,27,3,pvp,683,0,1,0,5,3938778,1627514,59986,0,4,114,9,3,1,2,57502,4,3,4,3,0,99
targeting,7,28,0,ghost,675,0,0,5,0,3907346,1376797,20003,0,4,70,9,3,1,2,131657,3,3,3,3,81,0
targeting,7,28,1,pvp,717,0,1,0,3,3651138,900000,4950,6048,4,113,11,4,2,1,78224,2,3,3,3,0,63
targeting,7,28,2,pvp,593,0,1,0,6,3624148,1584049,31451,0,4,84,8,3,1,2,56252,3,3,3,3,0,117
targeting,7,28,3,pvp,900,1,0,2,1,4067453,1367794,36206,0,4,84,11,5,1,1,67500,1,4,3,4,45,18
targeting,7,29,0,ghost,737,0,0,6,0,3959469,1923386,70114,0,4,77,8,4,2,1,79031,4,4,4,4,108,0
targeting,7,29,1,pvp,768,0,1,0,5,4009984,1656602,78148,13636,4,64,9,3,1,2,62611,2,4,3,4,0,72
targeting,7,29,2,pvp,600,0,1,0,5,3527679,1254888,14112,0,4,91,9,4,2,0,66000,1,3,3,3,0,108
targeting,7,29,3,pvp,714,0,0,3,0,4354346,1492335,73215,13636,4,114,11,4,2,5,213173,3,3,3,3,54,0
targeting,7,30,0,neutral,383,0,0,7,0,1958459,377448,34752,101549,8,113,4,1,1,1,117000,2,0,3,0,99,0
targeting,7,30,1,neutral,412,0,0,5,0,2120868,247395,33855,0,8,126,6,2,2,0,79031,4,0,4,0,99,0
targeting,7,30,2,neutral,273,0,0,7,0,1777140,0,0,0,8,44,4,3,2,1,168382,0,0,3,0,99,0
targeting,7,30,3,neutral,437,0,0,6,0,2243248,411750,2250,0,8,158,5,2,2,1,87376,4,0,4,0,90,0
targeting,7,30,4,neutral,310,0,0,6,0,2042256,300718,41282,0,8,183,5,3,3,1,122134,3,0,3,0,90,0
targeting,7,30,5,neutral,369,0,0,6,0,2050317,311515,12485,0,8,152,5,1,1,1,86253,3,0,3,0,108,0
targeting,7,30,6,neutral,377,0,0,7,0,2011673,323100,0,0,8,189,4,1,1,2,110156,3,0,3,0,108,0
targeting,7,31,0,ghost,792,0,1,0,3,4349045,1515076,17174,0,4,120,11,2,1,1,34500,2,3,3,3,0,63
targeting,7,31,1,pvp,666,0,1,0,5,3825134,1539559,54341,0,4,120,9,3,1,1,89062,4,3,4,3,0,90
targeting,7,31,2,pvp,550,0,0,4,0,3314918,560978,8272,0,4,94,10,5,1,1,69000,0,4,3,4,72,0
targeting,7,31,3,pvp,693,0,1,0,4,4061333,1540391,32359,0,4,114,10,4,2,1,51787,3,3,3,3,0,90
targeting,7,32,0,pvp,636,0,0,3,0,3551004,339750,0,4050,4,84,11,4,3,1,100500,2,0,3,3,54,0
targeting,7,32,1,pvp,610,0,1,0,6,3831393,1723765,26735,0,4,161,8,3,2,2,90502,4,3,4,3,0,117
targeting,7,32,2,pvp,885,0,1,0,3,4581292,1830055,40595,13043,4,109,11,4,3,4,191601,3,3,3,3,0,54
targeting,7,33,0,pvp,888,0,0,3,0,5026486,1663329,7971,0,4,144,13,4,2,2,72000,2,3,3,3,54,0
targeting,7,33,1,pvp,621,0,1,0,6,4244902,1638928,71072,0,4,83,10,4,1,1,34500,1,4,3,4,0,117
targeting,7,33,2,pvp,726,0,0,6,0,4217832,1912871,53629,0,4,120,10,6,3,1,160306,4,4,4,4,90,0
targeting,7,34,0,pvp,810,0,0,4,0,5183220,1804104,48546,8693,4,142,12,3,1,2,67500,2,4,3,4,63,0
targeting,7,34,1,pvp,685,0,1,0,4,4132155,1249513,35237,0,4,84,12,6,1,1,59362,1,4,3,4,0,81
targeting,7,34,2,pvp,756,0,1,0,4,4827694,1577066,13684,3550,4,70,12,5,1,1,34500,4,3,4,3,0,72
targeting,7,35,0,neutral,358,0,0,7,0,2325683,36000,0,0,8,93,5,2,2,1,112500,1,0,4,0,81,0
targeting,7,35,1,neutral,293,0,0,7,0,2105619,98871,129,32610,8,93,5,3,3,0,190500,1,0,3,0,90,0
targeting,7,35,2,neutral,326,0,0,8,0,2217503,469052,10198,36819,8,114,4,3,3,1,247451,4,0,4,0,108,0
targeting,7,35,3,neutral,333,0,0,7,0,2309622,292500,0,0,8,152,5,3,3,3,183171,4,0,4,0,108,0
targeting,7,35,4,neutral,386,0,0,7,0,2417617,484412,46588,0,8,133,5,1,1,1,59644,4,0,4,0,126,0
targeting,7,35,5,neutral,326,0,0,8,0,2172003,405000,0,32728,8,114,4,2,2,1,117929,3,0,3,0,117,0
targeting,7,36,0,pvp,525,0,1,0,7,4218017,1592610,9390,0,4,139,9,5,3,3,120709,1,4,4,4,0,117
targeting,7,36,1,pvp,693,0,0,4,0,4153386,1077855,20145,0,4,64,12,6,2,3,103500,1,4,3,4,63,0
targeting,7,36,2,pvp,751,0,0,5,0,4949707,2109324,104676,13636,4,91,11,3,2,2,155755,4,3,4,3,90,0
targeting,7,37,0,pvp,900,1,1,1,4,4987488,1799461,63539,0,4,124,11,5,2,2,167950,1,4,4,4,27,63
targeting,7,37,1,pvp,680,0,1,0,3,3975842,773966,18034,0,4,62,13,5,1,1,36285,1,3,3,3,0,54
targeting,7,37,2,pvp,900,1,1,2,3,5209269,2305485,45765,0,4,124,11,4,2,2,86577,4,4,4,4,36,63
targeting,7,38,0,pvp,722,0,0,4,0,5139644,1664948,63052,0,4,118,12,4,2,3,112500,1,3,4,3,63,0
targeting,7,38,1,pvp,845,0,1,0,3,4798047,1638191,40309,0,4,84,13,6,3,2,98111,1,4,3,4,0,63
targeting,7,38,2,pvp,773,0,1,0,5,4919640,2222223,97527,0,4,118,11,4,1,2,57502,4,4,4,4,0,99
targeting,7,39,0,pvp,829,0,1,0,3,4959234,1564298,55702,39129,4,120,13,3,1,0,69000,1,4,4,4,0,54
targeting,7,39,1,pvp,622,0,1,0,5,4298200,1451443,20057,0,4,144,11,6,4,5,252896,4,4,4,4,0,81
targeting,7,40,0,neutral,387,0,0,7,0,2521189,153000,0,0,8,142,5,2,2,1,190500,1,0,4,0,90,0
targeting,7,40,1,neutral,388,0,0,7,0,2487657,239640,12360,0,8,82,5,3,3,1,278025,4,0,4,0,90,0
targeting,7,40,2,neutral,358,0,0,7,0,2701149,434250,0,0,8,206,5,3,3,2,151894,4,0,4,0,108,0
targeting,7,40,3,neutral,415,0,0,7,0,2751952,496902,16098,13500,8,158,5,1,1,1,86253,4,0,4,0,126,0
targeting,7,41,0,pvp,579,0,1,0,6,4040309,1381499,69751,0,4,114,10,5,2,1,111395,1,4,4,4,0,99
targeting,7,41,1,pvp,737,0,1,0,6,4334530,1902250,50750,0,4,114,10,4,0,0,0,4,4,4,4,0,117
targeting,7,42,0,pvp,900,1,1,1,4,5286176,2359459,75041,13636,4,114,11,4,1,0,26076,4,4,4,4,18,90
targeting,8,1,0,neutral,64,0,0,4,0,24112,3112,388,0,21,64,1,0,0,0,0,2,0,2,0,6,0
targeting,8,1,1,neutral,40,0,0,4,0,22826,0,0,0,17,40,1,2,1,0,13364,2,0,2,0,6,0
targeting,8,1,2,neutral,40,0,0,4,0,22556,0,0,0,17,40,1,1,1,1,13364,2,0,2,0,6,0
targeting,8,1,3,neutral,53,0,0,3,0,24112,1556,1944,0,8,53,1,1,0,0,0,1,0,1,0,6,0
targeting,8,1,4,neutral,40,0,0,4,0,22556,0,0,0,17,40,1,1,1,0,13364,2,0,2,0,6,0
targeting,8,1,5,neutral,44,0,0,3,0,22556,1556,1944,0,8,44,1,1,1,0,15364,1,0,1,0,6,0
targeting,8,1,6,neutral,44,0,0,3,0,22826,0,0,0,8,44,1,1,1,0,15364,1,0,1,0,6,0
targeting,8,1,7,neutral,56,0,0,4,0,24112,1556,1944,0,8,56,1,1,1,1,3364,1,0,2,0,5,0
targeting,8,2,0,neutral,137,0,0,4,0,55436,0,0,0,8,40,2,1,1,0,14127,1,0,1,0,13,0
targeting,8,2,1,neutral,85,0,0,4,0,49122,4148,1352,0,8,40,2,2,1,0,14127,1,0,2,0,11,0
targeting,8,2,2,neutral,49,0,0,4,0,42630,0,0,0,17,40,2,1,1,1,18000,2,0,2,0,12,0
targeting,8,2,3,neutral,49,0,0,4,0,44704,0,0,0,8,40,2,2,2,2,29136,0,0,2,0,8,0
targeting,8,2,4,neutral,117,0,0,3,0,50926,0,0,0,8,40,2,1,1,0,14127,1,0,1,0,12,0
targeting,8,2,5,neutral,121,0,0,4,0,52482,9334,1166,0,8,52,2,1,0,0,0,1,0,1,0,9,0
targeting,8,2,6,neutral,49,0,0,4,0,45426,0,0,0,8,40,2,2,2,2,29136,0,0,2,0,8,0
targeting,8,2,7,neutral,52,0,0,3,0,46982,1556,3944,0,8,40,2,1,1,1,18000,1,0,1,0,12,0
targeting,8,3,0,neutral,189,0,0,5,0,91813,0,0,0,8,73,3,0,0,0,0,1,0,3,0,14,0
targeting,8,3,1,neutral,97,0,0,5,0,82278,12733,3767,0,8,40,3,3,2,1,25672,1,0,3,0,14,0
targeting,8,3,2,neutral,133,0,0,5,0,85269,0,0,0,8,40,3,1,1,0,14127,2,0,2,0,15,0
targeting,8,3,3,neutral,142,0,0,5,0,87852,13547,8453,0,8,44,3,1,1,0,11545,1,0,2,0,16,0
targeting,8,3,4,neutral,149,0,0,5,0,85662,16957,10543,2190,8,33,3,1,1,0,16000,1,0,3,0,14,0
targeting,8,3,5,neutral,108,0,0,5,0,83148,14000,0,0,8,44,3,1,1,0,3727,1,0,2,0,14,0
targeting,8,3,6,neutral,82,0,0,5,0,80538,10168,11832,0,8,24,3,1,1,1,18000,1,0,2,0,16,0
targeting,8,3,7,neutral,149,0,0,5,0,85222,12000,4500,0,8,44,3,1,1,0,4672,1,0,2,0,16,0
targeting,8,4,0,pvp,793,0,0,4,0,1162203,262691,1309,1680,4,52,6,2,1,0,18115,1,1,2,3,15,0
targeting,8,4,1,pvp,313,0,1,0,3,811264,0,0,0,4,44,7,6,2,1,51180,0,0,4,2,0,9
targeting,8,4,2,pvp,519,0,1,0,4,1090700,225783,3217,4435,4,95,6,2,1,1,33467,2,1,2,2,0,16
targeting,8,4,3,pvp,544,0,1,0,2,1193674,224674,6326,0,4,120,8,3,2,1,43910,1,1,1,2,0,9
targeting,8,5,0,neutral,209,0,0,5,0,356087,0,0,0,8,89,3,1,1,0,21955,2,0,2,0,21,0
targeting,8,5,1,neutral,149,0,0,5,0,324812,0,0,0,8,89,3,2,2,0,54364,0,0,2,0,19,0
targeting,8,5,2,neutral,160,0,0,5,0,342610,22000,0,0,8,73,3,2,2,1,52500,1,0,2,0,18,0
targeting,8,5,3,neutral,193,0,0,5,0,340691,71296,5704,0,8,90,3,1,1,0,44176,2,0,2,0,22,0
targeting,8,5,4,neutral,189,0,0,5,0,351659,76288,17212,0,8,114,3,1,1,0,21955,2,0,2,0,21,0
targeting,8,5,5,neutral,165,0,0,5,0,321160,0,0,0,8,44,3,2,2,0,46500,0,0,2,0,15,0
targeting,8,5,6,neutral,165,0,0,5,0,330368,22000,0,0,8,108,3,2,2,0,51582,1,0,2,0,18,0
targeting,8,5,7,neutral,184,0,0,5,0,326666,49888,5112,0,8,53,3,1,1,1,41542,2,0,2,0,21,0
targeting,8,6,0,pvp,722,0,1,0,2,1516838,395438,6062,8727,4,84,8,3,2,2,101903,2,1,2,2,0,12
targeting,8,6,1,pvp,345,0,1,0,4,997839,216139,3861,0,4,104,6,4,3,2,73553,0,2,3,2,0,19
targeting,8,6,2,pvp,499,0,1,0,4,1424579,357500,0,0,4,144,6,3,2,2,57056,1,2,2,2,0,18
targeting,8,6,3,pvp,900,1,1,2,2,1835153,822231,24769,0,4,207,6,2,1,0,34029,2,2,2,2,9,9
targeting,8,7,0,pvp,484,0,1,0,4,1350628,266000,0,0,4,64,6,3,1,2,134415,2,1,2,2,0,33
targeting,8,7,1,pvp,526,0,1,0,3,1340718,290571,17429,0,4,33,7,4,3,2,85369,0,2,3,2,0,15
targeting,8,7,2,pvp,635,0,1,0,3,1797891,543105,2895,0,4,149,7,4,2,3,113800,2,1,2,2,0,30
targeting,8,7,3,pvp,560,0,1,0,4,1445549,415742,7758,0,4,94,6,2,1,1,21000,1,2,2,2,0,24
targeting,8,8,0,pvp,682,0,1,0,4,1619422,505466,3034,0,4,83,6,3,1,2,63707,1,2,2,2,0,24
targeting,8,8,1,pvp,450,0,1,0,2,1210538,105968,4032,5455,4,62,8,5,3,1,106652,0,2,3,2,0,15
targeting,8,8,2,pvp,463,0,0,3,0,1590327,265422,14578,0,4,69,7,3,2,3,114088,1,2,2,2,30,0
targeting,8,8,3,pvp,712,0,0,2,0,2052570,570618,14382,13090,4,62,8,3,2,3,162945,1,1,2,2,27,0
targeting,8,9,0,pvp,494,0,1,0,5,1677864,486000,0,18144,4,65,7,4,1,2,74101,1,1,2,2,0,36
targeting,8,9,1,pvp,502,0,1,0,2,1868533,185666,3334,0,4,70,10,4,3,2,158804,0,1,2,2,0,12
targeting,8,9,2,pvp,830,0,0,5,0,2568368,1026776,22724,0,4,145,7,3,2,2,94251,2,1,2,3,21,0
targeting,8,9,3,pvp,730,0,1,0,4,2290882,785881,17119,17454,4,64,8,4,0,0,0,2,2,2,2,0,30
targeting,8,10,0,neutral,183,0,0,6,0,489546,0,0,0,8,131,3,2,2,0,43910,1,0,3,0,35,0
targeting,8,10,1,neutral,170,0,0,6,0,461231,53934,9066,0,8,89,3,2,2,1,108955,1,0,3,0,45,0
targeting,8,10,2,neutral,159,0,0,6,0,451038,36000,0,0,8,83,3,1,1,0,39000,1,0,3,0,45,0
targeting,8,10,3,neutral,177,0,0,6,0,450873,60267,11733,0,8,52,3,2,2,1,71387,1,0,2,0,39,0
targeting,8,10,4,neutral,150,0,0,6,0,436562,53199,9801,0,8,50,3,1,1,0,26880,1,0,2,0,49,0
targeting,8,10,5,neutral,149,0,0,6,0,443754,58274,7726,0,8,53,3,2,2,0,69349,2,0,2,0,42,0
targeting,8,10,6,neutral,133,0,0,6,0,443891,39934,4066,0,8,93,3,2,2,0,56455,2,0,2,0,54,0
targeting,8,10,7,neutral,151,0,0,6,0,442037,51267,33733,0,8,41,3,1,1,0,5138,2,0,2,0,48,0
targeting,8,11,0,pvp,737,0,0,4,0,2568252,868791,9209,0,4,170,8,3,2,2,81844,2,2,2,2,36,0
targeting,8,11,1,pvp,397,0,1,0,3,1802270,325722,7278,0,4,104,9,4,1,1,25711,1,2,3,2,0,33
targeting,8,11,2,pvp,662,0,0,2,0,2330855,533191,44309,8727,4,91,10,2,1,1,25711,2,1,2,2,24,0
targeting,8,11,3,pvp,839,0,0,2,0,2678560,722962,33038,10566,4,46,10,4,1,0,38889,1,1,2,2,27,0
targeting,8,12,0,pvp,737,0,0,2,0,2293758,588100,26400,0,4,104,10,4,2,1,56889,2,1,2,3,24,0
targeting,8,12,1,pvp,712,0,0,4,0,2632836,708445,11555,37341,4,104,8,3,1,1,34500,2,1,2,2,32,0
targeting,8,12,2,pvp,717,0,1,0,4,2510080,857833,1667,0,4,114,8,2,1,1,52591,2,2,2,2,0,39
targeting,8,12,3,pvp,830,0,1,0,1,2715168,405130,26870,3550,4,118,11,3,1,1,28111,1,1,3,2,0,18
targeting,8,13,0,pvp,774,0,1,0,3,2387597,601273,10727,0,4,104,9,3,2,1,38889,2,1,2,2,0,36
targeting,8,13,1,pvp,637,0,0,4,0,2387212,756217,21783,0,4,118,8,4,1,1,21955,1,2,3,2,39,0
targeting,8,13,2,pvp,900,1,0,4,1,3104840,1271221,24779,39083,4,94,7,3,1,1,39000,2,1,2,2,38,18
targeting,8,13,3,pvp,616,0,1,0,3,2919103,917479,44021,34804,4,46,9,3,1,1,53760,2,2,2,2,0,54
targeting,8,14,0,pvp,900,1,1,1,4,3331336,1491364,38636,6024,4,128,7,2,0,0,0,2,1,2,3,18,51
targeting,8,14,1,pvp,379,0,1,0,4,1888143,277348,10652,0,4,91,8,4,1,1,35348,1,1,3,2,0,45
targeting,8,14,2,pvp,593,0,0,5,0,2630277,780352,20648,17454,4,124,7,3,1,1,59964,1,2,2,2,54,0
targeting,8,14,3,pvp,570,0,0,4,0,2138837,571938,13562,0,4,91,8,3,1,1,72000,1,2,2,2,45,0
targeting,8,15,0,neutral,218,0,0,6,0,593969,111522,5478,0,8,89,3,1,1,0,46773,2,0,2,0,60,0
targeting,8,15,1,neutral,170,0,0,6,0,584088,28696,7304,0,8,89,3,2,2,1,82500,1,0,2,0,63,0
targeting,8,15,2,neutral,191,0,0,6,0,585078,80556,444,0,8,91,3,1,1,0,34500,1,0,2,0,63,0
targeting,8,15,3,neutral,161,0,0,6,0,563364,57522,5478,0,8,48,3,2,2,0,53766,2,0,2,0,66,0
targeting,8,15,4,neutral,180,0,0,6,0,589127,75522,5478,0,8,52,3,1,1,0,26880,1,0,3,0,69,0
targeting,8,15,5,neutral,166,0,0,6,0,576974,77669,12331,0,8,49,3,2,2,0,73518,2,0,2,0,66,0
targeting,8,15,6,neutral,183,0,0,6,0,597955,36000,0,0,8,108,3,1,1,1,43500,2,0,2,0,72,0
targeting,8,15,7,neutral,163,0,0,6,0,604263,76333,25167,0,8,106,3,2,2,0,68242,2,0,2,0,54,0
targeting,8,16,0,pvp,558,0,1,0,5,2498938,933589,56411,0,4,145,7,3,2,3,129108,2,2,2,2,0,57
targeting,8,16,1,pvp,567,0,0,4,0,2448603,517763,9987,18144,4,164,8,3,2,2,180862,1,2,2,2,45,0
targeting,8,16,2,pvp,900,1,1,2,4,3471003,1507221,74529,8727,4,124,6,3,2,1,52225,2,2,2,2,36,54
targeting,8,16,3,pvp,900,1,0,1,1,3040968,665363,18637,18914,4,94,10,2,1,1,25711,1,2,3,2,27,18
targeting,8,17,0,pvp,507,0,0,5,0,2152434,604717,25283,0,4,94,7,3,0,0,0,2,0,3,3,69,0
targeting,8,17,1,pvp,737,0,1,0,4,3166881,1208377,11523,17454,4,164,8,3,2,1,75715,3,2,3,2,0,39
targeting,8,17,2,pvp,900,1,0,3,1,3306248,1420156,112094,25919,4,94,8,4,0,0,0,2,2,2,2,45,18
targeting,8,17,3,pvp,900,1,1,1,2,3658162,1449273,8727,31772,4,120,9,2,1,1,43804,2,2,2,2,18,36
targeting,8,18,0,pvp,900,1,0,3,2,3218806,1278702,8248,0,4,149,7,1,1,1,34500,2,3,3,3,63,12
targeting,8,18,1,pvp,678,0,0,1,0,3200598,477000,0,0,4,94,11,4,2,1,102764,1,2,3,2,9,0
targeting,8,18,2,pvp,900,1,0,2,2,3205579,1370693,37807,0,4,114,8,4,2,2,43910,2,2,2,2,27,36
targeting,8,18,3,pvp,880,0,0,5,0,3878346,2082533,50467,30681,4,122,7,3,1,2,82799,2,2,2,2,75,0
targeting,8,19,0,pvp,900,1,1,1,3,3661325,1245111,68889,0,4,84,10,3,1,0,21955,2,2,3,2,27,45
targeting,8,19,1,pvp,707,0,0,4,0,3451252,1301120,51130,34372,4,44,10,7,2,1,151704,1,2,4,3,63,0
targeting,8,19,2,pvp,789,0,0,4,0,3621907,1257903,23247,20539,4,91,10,5,2,1,37362,2,2,2,3,54,0
targeting,8,19,3,pvp,664,0,0,4,0,3301951,802128,35122,1972,4,144,10,3,1,1,47613,2,3,2,3,54,0
targeting,8,20,0,neutral,209,0,0,7,0,736632,54000,0,0,8,151,3,1,1,1,43910,2,0,3,0,81,0
targeting,8,20,1,neutral,145,0,0,7,0,707052,26250,750,0,8,89,3,4,4,1,153035,1,0,4,0,78,0
targeting,8,20,2,neutral,166,0,0,7,0,704392,45900,0,0,8,95,3,2,2,0,87000,2,0,2,0,93,0
targeting,8,20,3,neutral,165,0,0,7,0,718086,58860,8640,0,8,117,3,3,3,1,100445,2,0,3,0,69,0
targeting,8,20,4,neutral,204,0,0,7,0,731164,143314,36686,5726,8,83,3,1,1,0,71040,2,0,2,0,99,0
targeting,8,20,5,neutral,150,0,0,7,0,684610,25110,1890,0,8,44,3,3,3,0,71661,2,0,3,0,87,0
targeting,8,20,6,neutral,176,0,0,7,0,699404,69480,2520,0,8,73,3,2,2,1,75524,2,0,2,0,75,0
targeting,8,20,7,neutral,200,0,0,7,0,727978,82272,24228,0,8,82,3,2,2,0,87235,3,0,3,0,90,0
targeting,8,21,0,pvp,612,0,1,0,5,3132846,1142560,58940,0,4,52,9,3,1,0,84960,2,3,3,3,0,90
targeting,8,21,1,pvp,655,0,1,0,3,3464924,910576,43424,0,4,124,11,6,3,2,169912,1,2,4,2,0,45
targeting,8,21,2,pvp,900,1,0,2,1,3793594,940669,6381,0,4,118,11,2,1,1,43804,3,2,3,2,27,9
targeting,8,21,3,pvp,686,0,1,0,5,3434493,1311778,64972,0,4,64,9,4,1,1,69000,3,3,3,3,0,78
targeting,8,22,0,pvp,896,0,1,0,4,4337532,1689418,20582,9072,4,108,10,3,0,0,0,2,2,3,2,0,72
targeting,8,22,1,pvp,900,1,0,2,2,3759731,1236091,33159,0,4,70,10,5,2,1,60211,1,3,3,3,27,24
targeting,8,22,2,pvp,675,0,0,6,0,3811736,1870254,30946,26803,4,179,8,3,0,0,0,3,3,3,3,87,0
targeting,8,22,3,pvp,600,0,0,7,0,3549857,1781335,63665,0,4,118,7,3,2,1,56900,3,2,3,3,102,0
targeting,8,23,0,pvp,662,0,0,5,0,3490355,953183,27817,0,4,166,9,2,1,0,21902,2,2,2,3,81,0
targeting,8,23,1,pvp,604,0,1,0,3,3424768,842395,30605,13636,4,118,11,5,1,2,55346,1,3,3,3,0,54
targeting,8,23,2,pvp,718,0,0,6,0,3978234,1675656,60494,27272,4,118,8,3,1,0,44463,3,3,3,3,87,0
targeting,8,23,3,pvp,842,0,1,0,4,3838286,1273391,51609,0,4,89,10,4,1,1,74493,2,3,2,3,0,69
targeting,8,24,0,pvp,693,0,0,4,0,3668808,1167947,11053,10227,4,118,10,4,2,1,67500,3,1,3,3,81,0
targeting,8,24,1,pvp,760,0,1,0,7,4312495,2407278,56922,0,4,251,7,1,1,3,88462,3,3,3,3,0,108
targeting,8,24,2,pvp,592,0,0,6,0,3753774,1680092,56908,0,4,118,8,4,2,1,87960,3,2,3,2,99,0
targeting,8,24,3,pvp,611,0,1,0,5,3208869,1116330,108920,0,4,64,9,4,1,1,69000,3,3,3,3,0,90
targeting,8,25,0,neutral,353,0,0,7,0,1697175,293223,3777,0,8,95,4,1,1,0,34500,3,0,3,0,108,0
targeting,8,25,1,neutral,294,0,0,7,0,1618205,126000,0,0,8,73,4,3,3,2,163982,1,0,3,0,90,0
targeting,8,25,2,neutral,370,0,0,7,0,1741337,369930,10320,0,8,251,4,0,0,0,0,3,0,3,0,108,0
targeting,8,25,3,neutral,283,0,0,7,0,1569097,237390,3360,0,8,57,4,2,2,2,167460,3,0,3,0,108,0
targeting,8,25,4,neutral,348,0,0,7,0,1668267,415007,34993,24550,8,111,4,1,1,1,62400,3,0,3,0,108,0
targeting,8,25,5,neutral,313,0,0,7,0,1659204,271817,16183,9819,8,93,4,2,2,0,71411,3,0,3,0,108,0
targeting,8,25,6,neutral,289,0,0,7,0,1632931,146260,6740,0,8,120,4,2,2,1,95254,2,0,2,0,99,0
targeting,8,25,7,neutral,289,0,0,7,0,1623647,263250,0,0,8,52,4,2,2,1,95640,3,0,3,0,108,0
targeting,8,26,0,pvp,768,0,1,0,4,4638409,2058805,60695,34773,4,124,10,3,2,3,166440,3,3,3,3,0,81
targeting,8,26,1,pvp,609,0,1,0,4,3583212,909758,23992,0,4,114,10,4,2,2,100887,1,3,3,3,0,54
targeting,8,26,2,pvp,900,1,0,5,2,4179711,1780166,130984,49089,4,91,7,2,0,0,0,3,3,3,3,90,36
targeting,8,26,3,pvp,900,1,0,3,3,3918131,1712900,69100,0,4,93,8,4,0,0,0,3,2,3,2,54,63
targeting,8,27,0,pvp,830,0,0,5,0,4415205,1837905,65595,49089,4,141,9,0,0,0,0,3,3,3,3,108,0
targeting,8,27,1,pvp,465,0,1,0,4,2625964,207364,8636,0,4,84,10,5,1,0,41609,0,2,3,2,0,72
targeting,8,27,2,pvp,893,0,0,2,0,4424210,1579228,88022,13636,4,70,12,4,1,1,42480,3,3,3,3,45,0
targeting,8,27,3,pvp,900,1,1,2,4,4679808,2217682,12068,0,4,142,8,3,1,0,56932,3,3,3,3,36,81
targeting,8,28,0,pvp,774,0,0,5,0,3803410,1461579,70671,13333,4,94,9,1,0,0,0,3,4,3,4,108,0
targeting,8,28,1,pvp,550,0,1,0,5,3150414,1124673,47577,13254,4,84,9,5,2,1,79975,0,3,3,3,0,90
targeting,8,28,2,pvp,900,1,0,4,1,4100272,1390065,19785,0,4,151,9,2,0,0,0,3,2,3,2,81,18
targeting,8,28,3,pvp,900,1,0,4,3,4621719,2377963,56537,68180,4,124,7,3,1,1,62400,3,3,3,3,81,63
targeting,8,29,0,pvp,900,1,0,4,1,4531019,2016833,71167,0,4,145,9,2,1,1,26880,3,3,3,3,81,18
targeting,8,29,1,pvp,499,0,1,0,6,3034264,844106,9544,0,4,91,8,3,1,1,43500,0,3,3,3,0,99
targeting,8,29,2,pvp,900,1,0,3,1,4325092,1774165,91085,0,4,84,10,3,2,1,76980,3,4,3,4,63,18
targeting,8,29,3,pvp,900,1,0,2,2,4343490,1513653,45597,0,4,114,10,3,2,2,68476,3,2,3,2,45,36
targeting,8,30,0,neutral,398,0,0,6,0,2070805,162501,8499,0,8,233,5,0,0,0,0,3,0,3,0,117,0
targeting,8,30,1,neutral,289,0,0,6,0,1883027,0,0,0,8,125,5,3,3,2,210562,0,0,3,0,72,0
targeting,8,30,2,neutral,430,0,0,7,0,2084309,617038,53462,125180,8,275,4,0,0,0,0,4,0,4,0,117,0
targeting,8,30,3,neutral,319,0,0,7,0,1912975,411212,29788,0,8,48,4,2,2,1,150502,3,0,3,0,108,0
targeting,8,30,4,neutral,388,0,0,6,0,2042885,213750,4500,0,8,189,5,1,1,1,35520,3,0,3,0,99,0
targeting,8,30,5,neutral,433,0,0,5,0,2182952,306206,71794,0,8,158,6,2,2,0,71411,4,0,4,0,99,0
targeting,8,30,6,neutral,313,0,0,6,0,1905888,144000,0,0,8,113,5,2,2,1,95254,2,0,2,0,90,0
targeting,8,30,7,neutral,383,0,0,6,0,2029869,269796,9204,0,8,219,5,1,1,1,78000,4,0,4,0,108,0
targeting,8,31,0,pvp,737,0,0,4,0,3737640,1166207,30793,0,4,118,10,2,1,0,33000,3,2,3,2,81,0
targeting,8,31,1,pvp,550,0,1,0,5,3172777,1169119,99881,0,4,113,9,5,2,1,79975,0,3,3,3,0,90
targeting,8,31,2,pvp,740,0,0,7,0,4276142,2719821,141279,66798,4,120,7,2,0,0,0,4,4,4,4,117,0
targeting,8,31,3,pvp,900,1,0,3,2,4407948,1952011,131489,0,4,124,9,2,1,0,32640,3,4,3,4,63,36
targeting,8,32,0,ghost,793,0,0,4,0,4389075,1731722,52528,0,4,89,10,3,2,2,115980,3,4,3,4,72,0
targeting,8,32,1,pvp,682,0,0,5,0,3713864,1418679,39321,0,4,120,9,2,1,1,33000,3,4,3,4,108,0
targeting,8,32,2,pvp,900,1,0,5,2,4456292,2471484,174966,63933,4,91,7,1,0,0,0,4,4,4,4,90,36
targeting,8,32,3,pvp,900,1,0,4,1,4183911,1638171,56079,0,4,144,9,3,2,2,63442,3,2,3,2,81,18
targeting,8,33,0,pvp,731,0,0,6,0,4104429,1459989,79011,16363,4,64,10,3,0,0,0,3,4,3,4,117,0
targeting,8,33,1,pvp,780,0,0,6,0,4829386,2183189,37561,3711,4,114,10,3,0,0,0,4,3,4,3,99,0
targeting,8,33,2,pvp,830,0,1,0,5,4968221,2008069,86681,17386,4,120,11,2,0,0,0,4,3,4,3,0,99
targeting,8,34,0,pvp,789,0,1,0,6,4844463,1993597,35903,47311,4,70,10,0,0,0,0,4,3,4,3,0,117
targeting,8,34,1,pvp,900,1,1,4,5,5698988,3547014,171786,0,4,94,7,3,0,0,0,4,4,4,4,81,90
targeting,8,34,2,pvp,662,0,1,0,5,4002800,1279103,68647,0,4,124,11,4,3,2,148842,3,4,3,4,0,90
targeting,8,35,0,neutral,398,0,0,8,0,2216266,469665,52335,0,8,82,4,0,0,0,0,4,0,4,0,144,0
targeting,8,35,1,neutral,383,0,0,8,0,2173673,394395,19605,0,8,140,4,1,1,1,112500,4,0,4,0,126,0
targeting,8,35,2,neutral,334,0,0,8,0,2184965,401785,30215,88634,8,133,4,2,2,1,201960,4,0,4,0,126,0
targeting,8,35,3,neutral,393,0,0,7,0,2307524,235500,12000,0,8,202,5,0,0,0,0,3,0,3,0,126,0
targeting,8,35,4,neutral,414,0,0,7,0,2313020,360000,0,0,8,113,5,2,2,1,102251,3,0,3,0,108,0
targeting,8,35,5,neutral,344,0,0,8,0,2108858,252000,0,0,8,53,4,2,2,0,61380,4,0,4,0,126,0
targeting,8,36,0,pvp,845,0,0,5,0,5130792,2330560,94940,0,4,145,11,2,0,0,0,4,4,4,4,108,0
targeting,8,36,1,pvp,900,1,0,4,1,5747137,2564861,60889,92511,4,118,11,1,1,1,34500,4,3,4,3,81,27
targeting,8,36,2,pvp,605,0,0,7,0,4379896,2046836,101914,0,4,84,9,4,2,2,146916,4,3,4,3,117,0
targeting,8,37,0,pvp,900,1,0,4,1,5312864,2470883,102217,0,4,120,11,1,0,0,0,4,4,4,4,81,27
targeting,8,37,1,pvp,816,0,1,0,6,4941429,2197184,190066,0,4,70,10,2,0,0,0,4,3,4,3,0,117
targeting,8,38,0,pvp,900,1,0,3,2,5152938,2362911,91839,0,4,91,11,2,2,1,73633,4,4,4,4,54,36
targeting,8,38,1,pvp,900,1,1,2,3,5918576,2729487,130713,30240,4,149,11,1,1,0,34500,4,3,4,3,36,72
targeting,8,39,0,pvp,799,0,0,5,0,5150613,2159011,52739,0,4,149,11,0,0,0,0,4,3,4,3,99,0
targeting,8,39,1,pvp,900,1,0,6,5,5544594,3857337,173313,68180,4,118,5,3,0,0,0,4,4,4,4,108,90
targeting,8,40,0,neutral,470,0,0,7,0,2630720,323816,184,0,8,133,5,0,0,0,0,4,0,4,0,126,0
targeting,8,40,1,neutral,402,0,0,8,0,2554820,598176,25974,112500,8,158,4,1,1,1,78000,4,0,4,0,126,0
targeting,8,40,2,neutral,423,0,0,7,0,2580392,361142,1108,0,8,89,5,2,2,0,189092,4,0,4,0,117,0
targeting,8,40,3,neutral,450,0,0,7,0,2415366,256086,25164,58666,8,111,5,0,0,0,0,3,0,3,0,126,0
targeting,8,41,0,pvp,900,1,1,2,3,5341885,2481504,94746,0,4,91,11,2,2,1,75480,4,4,4,4,36,54
targeting,8,41,1,pvp,900,1,0,5,2,5480533,2674359,99891,52485,4,145,9,1,0,0,0,4,3,4,3,90,45
targeting,8,42,0,pvp,900,1,0,5,1,5717855,2891712,144438,0,4,214,10,1,1,1,33000,4,4,4,4,108,27
targeting,8,42,1,pvp,900,1,0,4,2,6047269,2899522,178478,0,4,144,10,2,2,1,57345,4,3,4,3,72,36
targeting,8,43,0,pvp,900,1,1,2,3,5240330,2047633,80867,40908,4,70,11,0,0,0,0,4,3,4,3,36,63
targeting,8,43,1,pvp,900,1,0,4,4,5633758,3400927,157223,13636,4,155,8,3,0,0,0,4,4,4,4,81,72
targeting,8,44,0,pvp,802,0,0,5,0,4969984,2155254,101946,10227,4,91,11,1,0,0,0,4,4,4,4,108,0
targeting,8,44,1,pvp,900,1,1,3,4,5502460,2485375,90875,40908,4,70,9,2,0,0,0,4,3,4,3,63,90
targeting,8,45,0,neutral,488,0,0,7,0,3146661,471818,5182,0,8,283,5,0,0,0,0,4,0,4,0,135,0
targeting,8,45,1,neutral,494,0,0,7,0,2852015,270666,17334,0,8,158,5,0,0,0,0,3,0,3,0,126,0
targeting,9,1,0,neutral,40,0,0,4,0,22826,0,0,0,17,40,1,2,1,0,13364,2,0,2,0,6,0
targeting,9,1,1,neutral,40,0,0,4,0,22556,0,0,0,17,40,1,1,1,1,12182,1,0,2,0,5,0
targeting,9,1,2,neutral,52,0,0,3,0,24112,1556,1944,0,8,52,1,0,0,0,0,1,0,2,0,6,0
targeting,9,1,3,neutral,40,0,0,3,0,22826,0,0,0,17,40,1,2,1,0,14636,0,0,2,0,5,0
targeting,9,1,4,neutral,44,0,0,3,0,22826,1826,1674,0,8,44,1,1,1,0,5727,1,0,1,0,6,0
targeting,9,1,5,neutral,44,0,0,3,0,22826,0,0,0,8,44,1,1,1,0,15364,1,0,1,0,6,0
targeting,9,1,6,neutral,40,0,0,3,0,21000,0,0,0,17,40,1,1,1,0,13364,2,0,2,0,5,0
targeting,9,1,7,neutral,64,0,0,3,0,21000,0,0,0,24,64,1,0,0,0,0,3,0,3,0,10,0
targeting,9,2,0,neutral,101,0,0,4,0,48852,0,0,0,8,44,2,1,1,0,15364,1,0,1,0,9,0
targeting,9,2,1,neutral,64,0,0,4,0,46260,0,0,0,8,49,2,1,1,1,17136,1,0,2,0,11,0
targeting,9,2,2,neutral,122,0,0,4,0,50926,7000,0,0,8,46,2,0,0,0,0,2,0,2,0,10,0
targeting,9,2,3,neutral,93,0,0,4,0,50408,0,0,0,8,72,2,1,1,0,3364,1,0,2,0,9,0
targeting,9,2,4,neutral,93,0,0,4,0,50566,9131,1869,0,8,44,2,1,1,0,2672,1,0,2,0,11,0
targeting,9,2,5,neutral,52,0,0,4,0,46982,1556,3944,0,8,40,2,2,1,1,18000,1,0,2,0,11,0
targeting,9,2,6,neutral,85,0,0,4,0,50566,0,0,0,8,40,2,3,1,0,14127,1,0,3,0,11,0
targeting,9,2,7,neutral,142,0,0,4,0,49370,6222,4778,0,21,58,2,0,0,0,0,3,0,3,0,13,0
targeting,9,3,0,neutral,151,0,0,5,0,87588,18514,8986,0,8,44,3,1,1,0,763,1,0,2,0,14,0
targeting,9,3,1,neutral,133,0,0,5,0,87861,0,0,0,8,44,3,1,1,0,13591,2,0,2,0,15,0
targeting,9,3,2,neutral,133,0,0,5,0,85222,12000,4500,0,8,44,3,1,1,0,5763,1,0,2,0,16,0
targeting,9,3,3,neutral,121,0,0,5,0,81862,0,0,0,8,49,3,3,2,0,30728,0,0,3,0,11,0
targeting,9,3,4,neutral,108,0,0,5,0,81592,10444,556,0,8,44,3,2,2,0,14217,1,0,2,0,14,0
targeting,9,3,5,neutral,108,0,0,5,0,84131,12261,4239,0,8,44,3,1,1,0,9545,1,0,2,0,16,0
targeting,9,3,6,neutral,69,0,0,5,0,79522,0,0,0,8,20,3,4,2,1,30727,1,0,4,0,14,0
targeting,9,3,7,neutral,189,0,0,4,0,88852,15630,11870,0,21,73,3,0,0,0,0,2,0,2,0,16,0
targeting,9,4,0,pvp,688,0,0,2,0,1233868,233750,0,0,4,70,8,2,0,0,0,1,0,2,2,6,0
targeting,9,4,1,pvp,528,0,1,0,4,1230195,348157,1818,0,4,142,5,2,1,2,62611,2,1,2,1,0,21
targeting,9,4,2,pvp,791,0,0,3,0,1233356,250014,8736,0,17,118,6,2,2,0,67074,0,1,2,3,9,0
targeting,9,4,3,pvp,332,0,1,0,5,953618,196674,4326,15651,4,114,5,2,1,1,24295,2,1,2,2,0,22
targeting,9,5,0,neutral,218,0,0,5,0,342625,82625,3175,0,8,83,3,1,1,0,46773,2,0,2,0,19,0
targeting,9,5,1,neutral,223,0,0,4,0,354628,0,0,0,8,102,4,1,1,0,13591,1,0,2,0,25,0
targeting,9,5,2,neutral,189,0,0,5,0,345908,45222,4278,0,8,93,3,1,1,0,21955,1,0,2,0,24,0
targeting,9,5,3,neutral,175,0,0,5,0,331287,39778,4222,6544,8,84,3,1,1,1,55364,1,0,2,0,24,0
targeting,9,5,4,neutral,158,0,0,5,0,323576,42399,4351,0,8,44,3,1,1,0,24382,1,0,2,0,22,0
targeting,9,5,5,neutral,173,0,0,5,0,333142,41015,4360,0,8,44,3,1,1,0,10799,2,0,2,0,21,0
targeting,9,5,6,neutral,145,0,0,5,0,314573,42871,1129,0,8,70,3,2,2,0,56071,1,0,2,0,26,0
targeting,9,5,7,neutral,249,0,0,4,0,374919,19919,13831,0,8,177,4,0,0,0,0,1,0,3,0,25,0
targeting,9,6,0,pvp,900,1,1,2,2,1859517,882667,36558,0,8,171,6,1,1,1,38889,2,1,2,3,12,21
targeting,9,6,1,pvp,525,0,1,0,3,1189470,233666,2584,0,4,52,7,4,1,2,48222,0,1,2,2,0,24
targeting,9,6,2,pvp,498,0,1,0,3,1616336,430036,16464,4638,4,140,7,2,1,1,108084,2,2,2,2,0,24
targeting,9,6,3,pvp,397,0,0,4,0,1341210,253032,3818,0,4,84,6,3,2,2,91989,1,1,2,2,21,0
targeting,9,7,0,pvp,537,0,1,0,4,1678125,513482,1268,19773,4,64,6,3,1,2,82373,1,1,2,2,0,27
targeting,9,7,1,pvp,577,0,0,4,0,1556015,287316,609,4435,4,89,6,2,1,1,21955,0,2,2,2,25,0
targeting,9,7,2,pvp,528,0,0,5,0,1547532,456583,10917,0,4,91,5,2,1,0,22556,2,1,2,2,33,0
targeting,9,7,3,pvp,635,0,0,4,0,1863405,737991,13509,0,4,114,6,3,2,3,120091,1,1,2,2,27,0
targeting,9,8,0,pvp,755,0,1,0,5,1862199,801919,24881,0,4,80,5,2,0,0,0,1,2,2,2,0,33
targeting,9,8,1,pvp,355,0,1,0,4,1127881,70240,1260,0,4,65,6,3,1,1,74609,0,1,2,2,0,30
targeting,9,8,2,pvp,595,0,1,0,2,1849260,473233,5517,0,4,114,8,3,2,3,204659,2,2,2,2,0,27
targeting,9,8,3,pvp,537,0,1,0,4,1588452,312716,13534,0,4,82,6,3,1,1,48960,0,1,2,2,0,37
targeting,9,9,0,pvp,459,0,1,0,6,1872935,530262,12988,0,4,133,6,3,2,0,51850,1,2,2,2,0,42
targeting,9,9,1,pvp,287,0,1,0,6,1192664,73261,3739,4435,4,44,6,6,2,1,74818,0,1,3,3,0,39
targeting,9,9,2,pvp,900,1,0,3,2,2567265,1068277,62473,0,4,114,7,2,0,0,0,1,2,3,2,30,9
targeting,9,9,3,pvp,524,0,0,5,0,1759559,465260,9040,0,4,64,7,3,2,4,187111,1,2,2,2,36,0
targeting,9,10,0,neutral,170,0,0,6,0,460836,86048,23452,8180,8,83,3,2,2,0,74455,2,0,2,0,48,0
targeting,9,10,1,neutral,174,0,0,6,0,459110,0,0,0,8,44,3,2,2,1,48543,0,0,2,0,32,0
targeting,9,10,2,neutral,193,0,0,6,0,479922,71934,9066,0,8,113,3,1,1,0,21955,1,0,3,0,45,0
targeting,9,10,3,neutral,153,0,0,6,0,444898,53934,9066,0,8,89,3,2,2,0,52591,1,0,2,0,49,0
targeting,9,10,4,neutral,190,0,0,6,0,452805,82127,9673,0,8,44,3,2,1,0,34646,1,0,2,0,40,0
targeting,9,10,5,neutral,178,0,0,6,0,491272,55750,0,0,8,109,3,1,1,0,73500,3,0,3,0,45,0
targeting,9,10,6,neutral,113,0,0,6,0,443350,62088,912,0,8,65,3,3,3,0,89253,1,0,3,0,51,0
targeting,9,10,7,neutral,194,0,0,6,0,482263,65372,13378,0,8,131,3,1,1,0,49636,2,0,2,0,46,0
targeting,9,11,0,pvp,824,0,1,0,4,2580994,967263,28937,5455,4,118,8,3,0,0,0,2,3,2,3,0,33
targeting,9,11,1,pvp,521,0,1,0,4,1702750,331671,25079,4435,4,83,8,3,1,0,17889,0,2,2,2,0,42
targeting,9,11,2,pvp,830,0,1,0,4,2596172,876434,9566,6545,4,83,8,2,0,0,0,2,1,3,2,0,39
targeting,9,11,3,pvp,490,0,1,0,4,1995506,569900,0,8727,4,91,8,5,2,2,107312,2,1,2,3,0,45
targeting,9,12,0,pvp,508,0,1,0,6,2050747,899885,39965,0,4,83,6,4,2,2,83182,2,3,2,3,0,51
targeting,9,12,1,pvp,537,0,1,0,4,1855734,521688,29562,5543,4,44,8,3,0,0,0,1,2,2,2,0,49
targeting,9,12,2,pvp,900,1,0,3,1,2583720,1000568,51182,0,4,222,8,1,0,0,0,2,2,3,2,18,18
targeting,9,12,3,pvp,546,0,1,0,4,2386077,595591,8909,0,4,91,8,4,1,0,83113,1,2,2,2,0,42
targeting,9,13,0,pvp,693,0,1,0,2,2810663,791428,11522,8348,4,84,10,3,2,4,161311,2,2,2,2,0,15
targeting,9,13,1,pvp,900,1,0,2,2,2973393,1313916,24084,0,4,62,8,2,0,0,0,1,2,2,3,22,15
targeting,9,13,2,pvp,511,0,0,5,0,2342038,591916,8834,0,4,164,7,3,2,2,131205,1,3,2,3,48,0
targeting,9,13,3,pvp,788,0,0,5,0,2573066,1237001,102649,0,4,84,7,3,2,3,105879,3,2,3,2,42,0
targeting,9,14,0,pvp,618,0,0,5,0,2342374,902284,31566,0,4,109,7,2,1,1,73500,3,3,3,3,48,0
targeting,9,14,1,pvp,386,0,1,0,5,1814154,624472,12278,0,4,52,7,5,3,3,157997,1,2,2,3,0,57
targeting,9,14,2,pvp,588,0,0,5,0,2356706,634341,4659,0,4,64,7,3,1,2,66278,1,2,2,2,54,0
targeting,9,14,3,pvp,720,0,1,0,5,3212406,1580494,43756,0,4,91,7,4,2,2,174918,3,2,3,2,0,63
targeting,9,15,0,neutral,180,0,0,6,0,626081,114199,11351,0,8,114,3,1,1,0,39000,2,0,2,0,66,0
targeting,9,15,1,neutral,194,0,0,5,0,605048,7826,1174,0,8,113,4,2,2,0,67848,1,0,2,0,48,0
targeting,9,15,2,neutral,214,0,0,6,0,632348,139500,31000,0,8,113,3,1,1,0,69000,3,0,3,0,57,0
targeting,9,15,3,neutral,165,0,0,6,0,571141,62667,333,0,8,44,3,2,2,1,40648,1,0,2,0,57,0
targeting,9,15,4,neutral,189,0,0,6,0,599324,130547,24253,0,8,52,3,1,1,0,34500,3,0,3,0,63,0
targeting,9,15,5,neutral,209,0,0,6,0,592046,113137,28113,0,8,53,3,2,2,1,69545,3,0,3,0,63,0
targeting,9,15,6,neutral,140,0,0,6,0,564523,63000,0,0,8,49,3,2,2,1,94440,2,0,2,0,72,0
targeting,9,15,7,neutral,258,0,0,6,0,643750,127944,9306,0,8,108,3,1,1,0,21955,2,0,2,0,60,0
targeting,9,16,0,pvp,795,0,0,5,0,2989649,1256761,18539,51954,8,189,7,2,2,3,163027,2,2,3,2,51,0
targeting,9,16,1,pvp,459,0,1,0,5,2094475,541714,22136,0,4,62,7,3,2,1,149474,1,2,2,2,0,63
targeting,9,16,2,pvp,900,1,0,3,1,3262090,1165157,11593,0,4,145,8,3,2,1,75076,2,3,2,3,36,6
targeting,9,16,3,pvp,900,1,0,3,1,2997572,944520,15780,0,4,91,8,3,0,0,0,1,2,2,3,36,18
targeting,9,17,0,pvp,615,0,0,5,0,2266439,683355,16845,5543,4,83,7,2,1,0,37304,2,0,3,2,51,0
targeting,9,17,1,pvp,900,1,0,2,2,3244206,1391888,52612,13090,4,157,8,2,2,1,67613,2,2,2,2,27,36
targeting,9,17,2,pvp,900,1,0,3,1,3573420,1360688,27562,20892,4,120,8,4,2,2,91388,1,3,2,3,54,18
targeting,9,17,3,pvp,584,0,1,0,5,2718121,1058761,11339,0,4,184,7,3,1,1,28751,2,2,3,2,0,63
targeting,9,18,0,pvp,825,0,0,4,0,3477220,1434659,29641,0,4,176,8,3,2,4,123889,2,3,2,3,54,0
targeting,9,18,1,pvp,597,0,1,0,4,2622451,763955,37045,6544,4,120,8,3,0,0,0,0,2,2,2,0,72
targeting,9,18,2,pvp,662,0,1,0,5,2799326,1203764,67436,23161,4,124,7,2,1,2,85121,3,3,3,3,0,72
targeting,9,18,3,pvp,881,0,1,0,4,3155857,1198077,34923,68606,4,113,8,3,1,1,48960,2,2,2,2,0,66
targeting,9,19,0,pvp,847,0,1,0,5,4199643,2078815,71285,11133,4,91,9,3,1,2,113413,2,3,2,3,0,72
targeting,9,19,1,pvp,490,0,0,6,0,2794251,829205,12445,0,4,89,8,4,2,2,90955,1,3,2,3,70,0
targeting,9,19,2,pvp,900,1,1,2,3,3903828,1620610,53390,38680,4,91,9,4,2,2,66371,2,3,2,3,45,54
targeting,9,19,3,pvp,769,0,1,0,5,3432249,1585177,7823,0,4,114,9,5,2,3,68799,3,2,3,2,0,75
targeting,9,20,0,neutral,176,0,0,7,0,720796,131714,64036,0,8,114,3,2,2,0,60955,2,0,2,0,75,0
targeting,9,20,1,neutral,193,0,0,7,0,703182,76500,0,0,8,93,3,2,2,0,81273,1,0,2,0,87,0
targeting,9,20,2,neutral,205,0,0,7,0,757511,171126,32874,0,8,117,3,1,1,1,72875,4,0,4,0,93,0
targeting,9,20,3,neutral,181,0,0,7,0,699758,112278,22722,0,8,52,3,2,2,1,77672,2,0,2,0,93,0
targeting,9,20,4,neutral,220,0,0,7,0,772338,200338,48512,0,8,109,3,1,1,2,75900,3,0,3,0,78,0
targeting,9,20,5,neutral,178,0,0,7,0,685256,87526,22724,0,8,52,3,3,3,1,128881,3,0,3,0,78,0
targeting,9,20,6,neutral,157,0,0,7,0,694080,118906,25094,0,8,44,3,3,3,0,92291,3,0,3,0,90,0
targeting,9,20,7,neutral,188,0,0,7,0,746690,45000,0,0,8,149,3,1,1,1,43500,2,0,3,0,87,0
targeting,9,21,0,pvp,900,1,0,3,2,4488141,2277537,35463,3000,4,120,9,4,2,2,119350,2,2,2,2,36,27
targeting,9,21,1,pvp,900,1,0,3,1,3821485,1205587,34163,0,4,84,10,3,1,1,28111,1,2,2,3,57,18
targeting,9,21,2,pvp,556,0,1,0,6,3284118,1229936,32564,0,4,64,8,4,2,2,130417,3,3,3,3,0,81
targeting,9,21,3,pvp,660,0,0,4,0,3680927,1343498,65452,0,4,144,10,5,3,2,298058,3,3,3,3,48,0
targeting,9,22,0,pvp,429,0,0,6,0,2595675,526037,11713,0,4,84,8,5,2,1,75210,2,0,2,3,72,0
targeting,9,22,1,pvp,900,1,1,3,3,4015321,1415739,38261,9072,4,120,8,3,1,0,33000,3,3,3,3,45,45
targeting,9,22,2,pvp,900,1,0,3,2,3922012,1369202,39298,0,4,91,9,3,2,1,54722,2,2,2,3,54,36
targeting,9,22,3,pvp,824,0,1,0,4,3600312,1261752,7248,0,4,83,10,5,1,1,28111,4,2,4,3,0,72
targeting,9,23,0,pvp,900,1,1,2,4,4785016,2514696,122304,44532,4,114,8,4,1,2,100500,3,3,3,3,27,54
targeting,9,23,1,pvp,650,0,1,0,3,3056963,566585,22915,2400,4,44,11,5,1,0,28111,0,2,3,2,0,63
targeting,9,23,2,pvp,900,1,1,5,6,5287146,4189786,175214,0,4,83,3,3,0,0,0,3,4,3,4,81,90
targeting,9,23,3,pvp,830,0,1,0,3,3823505,1091140,33860,0,4,84,11,5,1,1,24818,2,2,2,3,0,63
targeting,9,24,0,pvp,602,0,1,0,6,3767681,1516057,7643,27272,4,164,8,4,2,2,110809,3,2,3,2,0,81
targeting,9,24,1,pvp,498,0,1,0,3,2679426,308348,6652,0,4,77,11,4,1,1,34613,0,3,3,3,0,54
targeting,9,24,2,pvp,613,0,1,0,6,3453145,1087800,7950,0,4,84,8,4,4,1,141642,3,4,3,4,0,81
targeting,9,24,3,pvp,899,0,0,3,0,3679872,1062672,84828,0,4,52,11,4,1,1,33000,2,2,3,3,63,0
targeting,9,25,0,neutral,318,0,0,6,0,1723005,142650,0,0,8,93,5,2,2,0,69000,2,0,2,0,90,0
targeting,9,25,1,neutral,334,0,0,6,0,1721814,0,0,0,8,102,5,3,3,1,100365,0,0,3,0,69,0
targeting,9,25,2,neutral,357,0,0,7,0,1780869,441826,8174,9819,8,175,4,1,1,0,42480,3,0,3,0,108,0
targeting,9,25,3,neutral,283,0,0,7,0,1643930,214000,29000,0,8,145,4,2,2,1,130594,2,0,2,0,99,0
targeting,9,25,4,neutral,326,0,0,7,0,1647206,271613,637,21820,8,52,4,2,2,3,160056,3,0,3,0,90,0
targeting,9,25,5,neutral,326,0,0,7,0,1767206,343140,21360,0,8,173,4,2,2,1,172125,4,0,4,0,99,0
targeting,9,25,6,neutral,264,0,0,7,0,1591474,137825,6175,0,8,53,4,3,3,2,185734,2,0,3,0,99,0
targeting,9,25,7,neutral,369,0,0,7,0,1717182,344184,9066,25093,8,122,4,1,1,0,34500,3,0,3,0,108,0
targeting,9,26,0,pvp,900,1,1,4,5,4506644,2554942,23558,0,4,64,5,4,0,0,0,2,4,2,4,72,81
targeting,9,26,1,pvp,286,0,1,0,6,1930264,288000,0,0,4,84,8,6,2,1,118513,0,2,3,3,0,90
targeting,9,26,2,pvp,771,0,0,5,0,4012030,1501163,32437,0,4,144,9,2,1,1,34613,3,3,3,3,81,0
targeting,9,26,3,pvp,738,0,1,0,6,4651249,2323776,106224,0,4,113,8,4,2,2,189913,2,3,2,3,0,81
targeting,9,27,0,pvp,593,0,0,5,0,3732240,1083048,19902,0,4,166,9,3,2,3,184524,2,3,2,3,81,0
targeting,9,27,1,pvp,302,0,1,0,6,1805150,180000,0,0,4,46,8,5,2,2,118327,0,1,3,3,0,81
targeting,9,27,2,pvp,644,0,1,0,6,3931550,1577208,22542,0,4,137,8,5,3,1,114591,3,2,3,3,0,90
targeting,9,27,3,pvp,900,1,0,3,3,4306212,1940095,80405,12096,4,84,8,3,1,1,80816,4,3,4,3,54,63
targeting,9,28,0,pvp,900,1,0,3,1,4019612,1080349,17201,0,4,83,10,3,1,0,36285,2,2,2,3,63,18
targeting,9,28,1,pvp,345,0,1,0,4,2072207,272163,33837,13636,4,62,10,5,2,0,176538,0,3,3,3,0,54
targeting,9,28,2,pvp,900,1,1,1,2,3884790,952200,0,36403,4,114,11,4,0,0,0,3,2,3,3,18,45
targeting,9,28,3,pvp,900,1,0,3,3,4264024,1868920,36830,37110,4,114,8,4,1,1,29760,1,4,3,4,54,54
targeting,9,29,0,ghost,830,0,1,0,5,4657598,1772658,37242,16848,4,91,9,3,1,0,29760,3,1,3,3,0,72
targeting,9,29,1,pvp,739,0,0,5,0,3918238,1561745,49705,3711,4,84,9,4,1,2,140625,2,4,2,4,81,0
targeting,9,29,2,pvp,631,0,1,0,4,3584292,777992,5008,26086,4,75,10,5,2,2,57871,1,2,3,3,0,72
targeting,9,29,3,pvp,718,0,0,6,0,3658512,1458360,22140,13636,4,120,8,2,1,1,76304,4,2,4,3,90,0
targeting,9,30,0,neutral,337,0,0,7,0,1910034,283696,4304,32000,8,113,4,2,2,1,118031,2,0,2,0,99,0
targeting,9,30,1,neutral,461,0,0,6,0,2227396,441900,24750,36820,8,158,5,1,1,0,42480,3,0,3,0,99,0
targeting,9,30,2,neutral,318,0,0,7,0,1860123,229949,4051,66270,8,89,4,2,2,1,151462,1,0,3,0,90,0
targeting,9,30,3,neutral,392,0,0,7,0,2006091,437088,3912,0,8,194,4,1,1,1,78000,4,0,4,0,99,0
targeting,9,30,4,neutral,358,0,0,7,0,1992461,448338,3912,0,8,44,4,2,2,1,155085,4,0,4,0,99,0
targeting,9,30,5,neutral,331,0,0,5,0,1992904,0,0,0,8,53,6,3,3,1,134482,2,0,3,0,81,0
targeting,9,30,6,neutral,448,0,0,6,0,2088274,279501,8499,0,8,133,5,1,1,0,42480,2,0,3,0,90,0
targeting,9,31,0,ghost,578,0,1,0,5,3601179,1097966,9034,0,4,62,9,5,2,1,131319,2,2,3,2,0,81
targeting,9,31,1,pvp,617,0,0,6,0,3466976,936770,8230,0,4,113,8,3,2,1,108285,2,2,2,3,90,0
targeting,9,31,2,pvp,900,1,0,4,3,4291018,2071962,36738,3550,4,108,7,3,0,0,0,3,4,3,4,72,54
targeting,9,31,3,pvp,900,1,0,5,1,4586792,1866852,45648,74425,4,149,8,3,1,0,86400,1,4,3,4,72,9
targeting,9,32,0,pvp,713,0,0,5,0,4178714,1696794,40206,0,4,164,9,3,2,1,105363,2,4,2,4,81,0
targeting,9,32,1,pvp,900,1,1,1,3,4766553,2064150,5400,0,4,114,10,4,0,0,0,3,2,3,3,18,63
targeting,9,32,2,pvp,730,0,1,0,5,4213194,1753046,35704,0,4,124,9,4,1,2,84609,1,4,3,4,0,72
targeting,9,33,0,pvp,687,0,0,5,0,4366474,1288621,23129,0,4,52,11,5,1,2,67500,3,2,3,3,90,0
targeting,9,33,1,pvp,576,0,1,0,7,3792617,1203970,22030,0,4,62,9,3,1,1,66741,4,2,4,3,0,99
targeting,9,33,2,pvp,900,1,1,3,7,5132164,3337603,134147,22266,4,114,6,3,0,0,0,4,5,4,5,54,108
targeting,9,34,0,ghost,735,0,1,0,4,4563671,1330582,13568,16660,4,123,12,4,2,1,74291,3,2,3,3,0,63
targeting,9,34,1,pvp,612,0,1,0,7,4520468,1939169,162331,0,4,144,9,3,0,0,0,2,4,3,4,0,117
targeting,9,34,2,pvp,688,0,1,0,4,3917537,1126943,11557,0,4,52,12,5,2,2,71231,5,2,5,3,0,90
targeting,9,35,0,neutral,398,0,0,6,0,2179590,116871,129,0,8,93,6,2,2,1,113531,3,0,3,0,99,0
targeting,9,35,1,neutral,355,0,0,8,0,2155727,288000,0,99544,8,127,4,2,2,1,148862,2,0,3,0,108,0
targeting,9,35,2,neutral,344,0,0,8,0,2171305,252910,8090,0,8,145,4,1,1,1,108000,4,0,4,0,126,0
targeting,9,35,3,neutral,341,0,0,8,0,2240691,580672,13328,0,8,93,4,2,2,1,113531,5,0,5,0,135,0
targeting,9,35,4,neutral,322,0,0,7,0,2197030,323004,996,0,8,73,5,3,3,1,137734,2,0,3,0,117,0
targeting,9,36,0,ghost,646,0,0,8,0,4805889,2761520,140980,0,4,144,8,3,2,2,130594,5,4,5,4,135,0
targeting,9,36,1,pvp,763,0,0,5,0,4701178,1983006,66294,0,4,142,11,3,2,2,67500,3,4,3,4,90,0
targeting,9,36,2,pvp,608,0,1,0,5,4165240,1158602,11398,0,4,120,11,5,2,1,116046,2,2,3,3,0,90
targeting,9,37,0,ghost,787,0,1,0,5,4779334,1594655,14095,10650,4,149,11,4,1,0,91440,4,1,4,3,0,72
targeting,9,37,1,pvp,799,0,0,6,0,4679885,1967730,34320,79041,4,91,10,4,1,0,28466,3,2,3,3,99,0
targeting,9,37,2,pvp,625,0,0,7,0,4170330,1899775,80225,0,4,83,9,5,1,1,66278,5,1,5,3,126,0
targeting,9,38,0,pvp,577,0,0,5,0,3718228,667996,2054,37528,4,52,11,6,0,0,0,3,0,3,4,90,0
targeting,9,38,1,pvp,724,0,1,0,5,4375299,1537575,129675,0,4,144,11,4,2,3,112211,2,5,3,5,0,81
targeting,9,39,0,ghost,900,1,1,3,4,5064081,2678229,28071,0,4,128,9,4,1,0,34500,3,5,3,5,54,72
targeting,9,39,1,pvp,468,0,0,7,0,3629650,1430542,38708,0,4,52,9,6,2,3,107373,5,0,5,4,126,0
targeting,9,40,0,neutral,383,0,0,7,0,2553881,280550,9250,0,8,114,5,2,2,1,113531,3,0,3,0,108,0
targeting,9,40,1,neutral,419,0,0,7,0,2621948,546348,61152,0,8,83,5,2,2,1,113531,5,0,5,0,126,0
targeting,9,40,2,neutral,342,0,0,7,0,2438682,0,0,0,8,102,5,4,4,1,221711,0,0,4,0,99,0
targeting,9,41,0,ghost,900,1,0,6,3,5307134,3265536,168414,0,4,56,7,4,2,1,96094,5,3,5,3,99,63
targeting,9,41,1,pvp,559,0,0,4,0,3573651,625251,9699,0,4,70,12,6,1,1,42595,3,0,3,4,81,0
targeting,9,42,0,ghost,556,0,1,0,7,4020397,1607205,17295,50712,4,83,9,6,1,2,91335,0,5,4,5,0,126
targeting,9,42,1,pvp,835,0,1,0,6,5268337,2800949,76801,0,4,64,10,4,2,4,199879,3,5,3,5,0,90
targeting,9,43,0,pvp,650,0,0,6,0,3948269,1492991,88759,0,4,52,10,6,1,0,66000,5,0,5,4,99,0
targeting,10,1,0,neutral,64,0,0,4,0,24112,3112,3888,0,8,64,1,1,0,0,0,1,0,2,0,5,0
targeting,10,1,1,neutral,53,0,0,3,0,24652,0,0,0,17,53,1,2,1,0,13591,0,0,2,0,5,0
targeting,10,1,2,neutral,40,0,0,4,0,22556,0,0,0,17,40,1,1,1,1,13364,2,0,2,0,6,0
targeting,10,1,3,neutral,52,0,0,3,0,24112,1556,1944,0,8,52,1,0,0,0,0,1,0,2,0,6,0
targeting,10,1,4,neutral,56,0,0,4,0,24112,1556,1944,0,8,56,1,1,1,1,3364,1,0,2,0,5,0
targeting,10,1,5,neutral,40,0,0,4,0,22826,0,0,0,17,40,1,2,1,0,13364,2,0,2,0,6,0
targeting,10,1,6,neutral,44,0,0,3,0,22826,1826,1674,0,8,44,1,1,1,0,5727,1,0,1,0,6,0
targeting,10,1,7,neutral,64,0,0,4,0,24112,0,0,0,21,64,1,0,0,0,0,2,0,2,0,6,0
targeting,10,2,0,neutral,72,0,0,4,0,47861,1556,3944,0,8,40,2,2,2,1,23127,1,0,2,0,13,0
targeting,10,2,1,neutral,85,0,0,4,0,50566,0,0,0,8,40,2,3,2,0,21000,0,0,3,0,8,0
targeting,10,2,2,neutral,85,0,0,4,0,50566,0,0,0,8,40,2,1,1,0,14127,1,0,1,0,13,0
targeting,10,2,3,neutral,83,0,0,4,0,49122,0,0,0,8,40,2,2,2,0,21000,0,0,2,0,8,0
targeting,10,2,4,neutral,52,0,0,3,0,46260,5500,0,0,8,40,2,1,1,1,18000,1,0,1,0,12,0
targeting,10,2,5,neutral,64,0,0,4,0,44186,0,0,0,17,40,2,1,1,1,18000,2,0,2,0,12,0
targeting,10,2,6,neutral,44,0,0,4,0,45696,1826,3674,0,8,40,2,2,2,1,25763,1,0,2,0,13,0
targeting,10,2,7,neutral,142,0,0,3,0,54556,0,0,0,8,64,2,0,0,0,0,1,0,2,0,12,0
targeting,10,3,0,neutral,108,0,0,5,0,84131,11000,0,0,8,44,3,2,2,0,15308,1,0,2,0,14,0
targeting,10,3,1,neutral,108,0,0,5,0,85957,0,0,0,8,40,3,3,1,0,15272,0,0,3,0,11,0
targeting,10,3,2,neutral,125,0,0,5,0,86815,17270,6230,0,8,44,3,1,1,0,854,2,0,2,0,15,0
targeting,10,3,3,neutral,117,0,0,5,0,81592,0,0,0,8,40,3,1,1,1,14127,1,0,2,0,16,0
targeting,10,3,4,neutral,117,0,0,5,0,83371,12223,15277,0,8,24,3,1,0,0,0,1,0,3,0,14,0
targeting,10,3,5,neutral,133,0,0,5,0,88131,13826,2674,0,8,40,3,1,1,0,10309,2,0,2,0,15,0
targeting,10,3,6,neutral,85,0,0,5,0,78455,9381,7119,0,8,24,3,2,1,0,9545,1,0,2,0,16,0
targeting,10,3,7,neutral,133,0,0,5,0,85222,0,0,0,8,53,3,0,0,0,0,1,0,3,0,16,0
targeting,10,4,0,pvp,398,0,0,4,0,1133407,247414,86,0,4,124,6,4,2,3,74845,1,2,2,2,15,0
targeting,10,4,1,pvp,575,0,0,2,0,1206656,44000,0,0,4,118,8,2,1,1,76932,0,1,2,3,6,0
targeting,10,4,2,pvp,357,0,0,5,0,842008,188450,0,0,4,133,5,3,2,1,76955,1,2,2,2,18,0
targeting,10,4,3,pvp,528,0,0,4,0,1206795,300815,1685,0,4,124,6,4,1,0,21955,1,1,2,2,15,0
targeting,10,5,0,neutral,177,0,0,5,0,335924,39722,4278,0,8,82,3,2,2,0,51851,1,0,2,0,18,0
targeting,10,5,1,neutral,140,0,0,5,0,321755,0,0,0,8,82,3,2,2,0,54768,0,0,2,0,21,0
targeting,10,5,2,neutral,165,0,0,5,0,344347,56739,3761,0,8,109,3,2,2,1,51163,2,0,2,0,21,0
targeting,10,5,3,neutral,181,0,0,5,0,338886,0,0,0,8,109,3,1,1,1,46300,1,0,2,0,18,0
targeting,10,5,4,neutral,173,0,0,5,0,326960,36349,2151,0,8,44,3,2,2,0,39627,1,0,2,0,18,0
targeting,10,5,5,neutral,177,0,0,5,0,345654,27500,0,0,8,89,3,1,1,0,27033,2,0,2,0,27,0
targeting,10,5,6,neutral,153,0,0,5,0,327342,0,0,0,8,53,3,2,2,0,43114,1,0,2,0,18,0
targeting,10,5,7,neutral,198,0,0,5,0,349256,33000,0,0,8,82,3,0,0,0,0,3,0,3,0,28,0
targeting,10,6,0,pvp,439,0,0,4,0,1221342,295350,0,0,4,144,6,2,2,1,124508,2,1,2,2,27,0
targeting,10,6,1,pvp,587,0,1,0,3,1577038,378585,11415,6545,4,164,7,3,1,0,33000,0,3,2,3,0,17
targeting,10,6,2,pvp,408,0,1,0,3,1186208,132000,0,0,4,84,7,4,1,2,38960,2,0,2,2,0,15
targeting,10,6,3,pvp,531,0,1,0,5,1295228,342591,3909,0,4,91,5,2,1,1,27182,2,2,2,2,0,31
targeting,10,7,0,pvp,379,0,0,4,0,1332473,220000,0,0,4,104,6,3,1,0,79573,2,0,2,2,28,0
targeting,10,7,1,pvp,427,0,1,0,4,1234160,254074,4426,0,4,118,6,3,1,0,45694,2,2,2,2,0,24
targeting,10,7,2,pvp,512,0,0,3,0,1341293,309223,4427,0,4,33,7,4,2,0,38501,1,0,2,2,36,0
targeting,10,7,3,pvp,463,0,0,4,0,1321096,433475,27525,0,4,124,6,2,1,1,72000,3,2,3,2,26,0
targeting,10,8,0,pvp,693,0,0,4,0,2074295,719000,10500,0,4,189,6,2,0,0,0,2,1,2,2,30,0
targeting,10,8,1,pvp,382,0,1,0,4,1315181,122400,0,8348,4,93,6,4,1,1,42000,0,1,2,2,0,39
targeting,10,8,2,pvp,470,0,1,0,3,1232330,308000,0,0,4,91,7,3,1,1,27033,2,2,2,2,0,21
targeting,10,8,3,pvp,389,0,1,0,4,1333648,209000,0,2641,4,104,6,3,1,0,21000,0,2,2,2,0,24
targeting,10,9,0,pvp,526,0,0,3,0,1821442,441000,0,17454,4,64,9,3,2,1,105068,2,1,2,2,24,0
targeting,10,9,1,pvp,417,0,0,3,0,1537481,0,0,4435,4,46,9,5,1,1,13000,0,0,3,2,14,0
targeting,10,9,2,pvp,900,1,0,2,1,2405940,780056,14344,0,4,70,9,4,2,1,42955,2,1,2,2,27,3
targeting,10,9,3,pvp,900,1,1,2,4,2575924,1072660,36340,0,4,142,6,2,1,1,21955,2,2,2,2,20,24
targeting,10,10,0,neutral,169,0,0,6,0,469681,44000,0,0,8,97,3,2,2,0,67298,2,0,2,0,42,0
targeting,10,10,1,neutral,153,0,0,6,0,460198,0,0,0,8,89,3,3,3,0,65657,0,0,3,0,29,0
targeting,10,10,2,neutral,205,0,0,6,0,495817,87000,0,0,8,89,3,2,2,1,71860,2,0,2,0,42,0
targeting,10,10,3,neutral,158,0,0,6,0,451883,55706,3344,0,8,73,3,2,2,0,43910,2,0,2,0,48,0
targeting,10,10,4,neutral,170,0,0,6,0,453256,56779,11721,0,8,93,3,1,1,0,73500,2,0,2,0,52,0
targeting,10,10,5,neutral,161,0,0,6,0,459110,53934,9066,0,8,52,3,2,2,0,48988,1,0,2,0,39,0
targeting,10,10,6,neutral,178,0,0,6,0,469482,71934,9066,0,8,93,3,2,2,1,62685,1,0,2,0,45,0
targeting,10,10,7,neutral,198,0,0,6,0,493817,58465,2035,0,8,140,3,1,1,0,21955,2,0,2,0,36,0
targeting,10,11,0,pvp,498,0,1,0,4,2208952,396000,0,26610,4,56,8,3,1,1,54827,1,1,2,3,0,30
targeting,10,11,1,pvp,545,0,0,3,0,1817011,257435,16565,0,4,64,9,4,1,0,42595,0,2,2,2,16,0
targeting,10,11,2,pvp,497,0,1,0,5,2039617,708348,22152,0,4,120,7,2,1,1,34500,3,2,3,2,0,45
targeting,10,11,3,pvp,653,0,0,4,0,2181599,778985,8565,8348,4,70,8,3,1,0,21955,1,2,2,2,45,0
targeting,10,12,0,pvp,635,0,0,3,0,2675666,624436,1564,0,4,83,9,3,2,2,105543,1,2,2,2,30,0
targeting,10,12,1,pvp,536,0,0,5,0,1986745,475129,23371,8727,4,70,7,2,0,0,0,1,3,2,3,49,0
targeting,10,12,2,pvp,707,0,0,4,0,2790397,985912,12888,0,4,118,8,3,1,1,21955,1,2,2,2,45,0
targeting,10,12,3,pvp,427,0,1,0,6,1908470,772569,25431,0,4,120,6,3,2,1,53958,2,2,2,2,0,60
targeting,10,13,0,pvp,702,0,1,0,3,2834768,753292,20708,0,4,178,9,3,2,2,117613,1,2,2,2,0,30
targeting,10,13,1,pvp,550,0,0,4,0,2656685,650982,6018,6545,4,84,8,3,2,2,57531,1,1,2,2,40,0
targeting,10,13,2,pvp,546,0,1,0,5,2161325,698854,39146,8727,4,91,7,2,1,0,28751,3,2,3,2,0,51
targeting,10,13,3,pvp,441,0,0,5,0,1843757,571105,17445,14088,4,70,7,4,3,1,69297,1,2,2,2,48,0
targeting,10,14,0,pvp,626,0,0,3,0,2631395,651976,8174,17454,4,84,9,3,1,1,124206,1,1,2,2,36,0
targeting,10,14,1,pvp,507,0,1,0,3,2427781,400966,15034,0,4,104,9,4,3,3,143538,1,2,2,2,0,42
targeting,10,14,2,pvp,489,0,1,0,5,2172369,576537,17463,0,4,94,7,4,2,2,48091,2,1,2,2,0,58
targeting,10,14,3,pvp,525,0,0,6,0,1941329,806608,18392,20394,4,64,6,2,2,0,127831,2,3,3,3,60,0
targeting,10,15,0,neutral,198,0,0,6,0,600443,93522,5478,0,8,111,3,2,2,1,80258,1,0,2,0,51,0
targeting,10,15,1,neutral,133,0,0,6,0,560128,0,0,0,8,69,3,2,2,0,69349,1,0,2,0,75,0
targeting,10,15,2,neutral,151,0,0,6,0,581479,87957,15043,0,8,52,3,2,2,0,56455,3,0,3,0,63,0
targeting,10,15,3,neutral,166,0,0,6,0,579113,45900,0,0,8,113,3,1,1,0,34500,1,0,2,0,57,0
targeting,10,15,4,neutral,173,0,0,6,0,599401,54333,8667,0,8,114,3,1,1,0,34500,2,0,2,0,72,0
targeting,10,15,5,neutral,173,0,0,6,0,583436,80000,0,0,8,80,3,1,1,0,88918,3,0,3,0,57,0
targeting,10,15,6,neutral,149,0,0,6,0,568097,82444,10056,0,8,65,3,2,2,1,56433,2,0,2,0,72,0
targeting,10,15,7,neutral,180,0,0,6,0,577277,52093,10907,0,8,44,3,1,1,0,31811,1,0,3,0,67,0
targeting,10,16,0,pvp,620,0,1,0,4,2838833,858307,7493,0,4,149,8,4,2,2,129926,1,1,2,2,0,57
targeting,10,16,1,pvp,527,0,1,0,5,2368170,610173,10827,6048,4,144,7,4,3,1,130850,0,2,3,2,0,63
targeting,10,16,2,pvp,634,0,1,0,4,3015750,1203147,46703,0,4,222,8,2,1,1,73634,3,2,3,2,0,54
targeting,10,16,3,pvp,530,0,1,0,5,2513370,687992,21008,22826,4,144,7,2,2,1,102113,3,2,3,2,0,69
targeting,10,17,0,pvp,900,1,1,1,3,3004025,1066325,79375,0,4,77,8,2,2,0,117726,1,2,3,2,18,40
targeting,10,17,1,pvp,587,0,1,0,5,2607063,935841,23409,0,4,120,7,4,3,1,71111,0,4,3,4,0,57
targeting,10,17,2,pvp,835,0,0,4,0,3511247,1553980,36770,0,4,142,8,3,3,2,103181,2,2,2,2,54,0
targeting,10,17,3,pvp,900,1,0,2,2,3230570,1135686,48564,12096,4,140,8,2,1,1,33000,2,2,2,2,36,24
targeting,10,18,0,pvp,549,0,1,0,4,2526221,547188,19362,0,4,142,8,2,1,2,76109,1,1,3,3,0,63
targeting,10,18,1,pvp,603,0,1,0,4,2669984,679289,11011,12096,4,93,8,5,2,0,66694,0,2,3,2,0,72
targeting,10,18,2,pvp,678,0,0,5,0,3122771,1351586,41164,0,4,124,7,2,2,2,146093,3,2,3,2,72,0
targeting,10,18,3,pvp,805,0,1,0,4,3106948,1118328,8922,0,4,142,8,3,2,1,48316,2,2,2,2,0,72
targeting,10,19,0,pvp,900,1,0,2,1,3855147,1239165,15885,17454,4,84,11,4,2,1,106915,1,3,3,3,45,18
targeting,10,19,1,pvp,900,1,0,3,1,3269574,946087,25913,42328,4,44,10,5,2,0,60855,1,2,3,2,54,4
targeting,10,19,2,pvp,838,0,0,4,0,3658697,1277187,35913,8727,4,46,10,3,0,0,0,2,2,2,2,72,0
targeting,10,19,3,pvp,625,0,1,0,4,3157745,671577,5673,8348,4,118,10,3,2,1,50965,2,1,2,3,0,63
targeting,10,20,0,neutral,209,0,0,7,0,716626,90240,1560,0,8,111,3,2,2,1,86738,1,0,3,0,72,0
targeting,10,20,1,neutral,173,0,0,7,0,713520,0,0,0,8,69,3,3,3,1,116123,0,0,3,0,69,0
targeting,10,20,2,neutral,220,0,0,7,0,740775,168775,29225,0,8,91,3,1,1,0,34500,4,0,4,0,87,0
targeting,10,20,3,neutral,169,0,0,7,0,692556,98656,24194,0,8,48,3,2,2,0,44139,2,0,2,0,87,0
targeting,10,20,4,neutral,182,0,0,7,0,711128,66390,12360,0,8,53,3,1,1,0,34500,2,0,2,0,81,0
targeting,10,20,5,neutral,193,0,0,7,0,738294,108850,5150,0,8,133,3,1,1,0,48960,3,0,3,0,96,0
targeting,10,20,6,neutral,179,0,0,7,0,721510,124500,3750,0,8,70,3,2,2,1,56433,2,0,2,0,93,0
targeting,10,20,7,neutral,199,0,0,7,0,717834,0,0,0,8,84,3,1,1,0,34500,1,0,3,0,84,0
targeting,10,21,0,pvp,417,0,0,5,0,2461494,423000,0,0,4,44,9,5,2,2,77367,2,0,2,3,81,0
targeting,10,21,1,pvp,718,0,0,7,0,3779369,2125789,66211,0,4,114,7,2,1,1,76500,4,3,4,3,87,0
targeting,10,21,2,pvp,825,0,0,3,0,3580942,1045052,19198,25356,4,70,11,3,0,0,0,2,1,2,3,63,0
targeting,10,21,3,pvp,900,1,1,2,3,3348943,1154711,12789,0,4,89,9,3,3,0,91873,3,2,3,2,24,45
targeting,10,22,0,pvp,836,0,1,0,6,4068879,2024439,65811,0,4,84,8,3,0,0,0,2,3,2,3,0,81
targeting,10,22,1,pvp,586,0,1,0,3,2729128,461091,6909,0,4,120,11,4,1,0,23739,0,2,3,3,0,45
targeting,10,22,2,pvp,602,0,1,0,4,3033534,889630,20120,0,4,77,10,3,2,1,106059,4,2,4,2,0,63
targeting,10,22,3,pvp,799,0,1,0,4,3735303,1419504,66246,0,4,91,10,2,1,0,40633,3,3,3,3,0,60
targeting,10,23,0,pvp,541,0,0,3,0,3343318,714851,11899,26181,4,64,11,4,3,4,201084,2,2,2,2,54,0
targeting,10,23,1,pvp,592,0,0,3,0,3035828,373500,0,13043,4,144,11,3,2,0,69113,0,3,3,3,45,0
targeting,10,23,2,pvp,830,0,1,0,5,3764102,1427628,26122,21300,4,94,9,2,1,1,34500,4,2,4,3,0,75
targeting,10,23,3,pvp,743,0,0,6,0,3804231,1717471,79379,18914,4,144,8,2,1,1,23566,3,3,3,3,90,0
targeting,10,24,0,pvp,712,0,0,4,0,3231389,1051589,55761,13043,4,94,10,3,2,0,81266,2,3,2,3,72,0
targeting,10,24,1,pvp,662,0,1,0,3,3679450,973109,30891,0,4,124,11,3,2,2,77095,0,4,3,4,0,51
targeting,10,24,2,pvp,896,0,0,5,0,4033794,1681370,50680,0,4,94,9,2,0,0,0,3,2,3,3,90,0
targeting,10,24,3,pvp,630,0,0,6,0,3396199,1075323,24927,0,4,114,8,3,2,2,90056,3,2,3,2,66,0
targeting,10,25,0,neutral,285,0,0,7,0,1646034,227248,12152,0,8,133,4,2,2,1,119460,2,0,2,0,99,0
targeting,10,25,1,neutral,276,0,0,7,0,1606522,0,0,0,8,109,4,2,2,1,130418,0,0,3,0,81,0
targeting,10,25,2,neutral,350,0,0,7,0,1732544,310500,0,0,8,87,4,1,1,0,73500,4,0,4,0,105,0
targeting,10,25,3,neutral,325,0,0,7,0,1570966,199800,0,0,8,77,4,1,1,0,42480,3,0,3,0,108,0
targeting,10,25,4,neutral,351,0,0,7,0,1750483,291036,14964,60005,8,201,4,1,1,1,87000,3,0,3,0,108,0
targeting,10,25,5,neutral,383,0,0,7,0,1685781,168500,0,0,8,114,4,1,1,1,110880,3,0,3,0,96,0
targeting,10,25,6,neutral,347,0,0,6,0,1733064,159195,5055,0,8,113,5,2,2,1,56433,2,0,2,0,75,0
targeting,10,25,7,neutral,441,0,0,6,0,1732676,171000,0,0,8,133,5,1,1,0,34500,2,0,3,0,84,0
targeting,10,26,0,pvp,830,0,1,0,2,3740860,597142,2258,0,4,91,12,4,2,1,76918,2,1,2,2,0,45
targeting,10,26,1,pvp,631,0,1,0,5,3586818,1248588,30162,0,4,80,9,2,1,2,127440,4,2,4,2,0,81
targeting,10,26,2,pvp,900,1,0,3,2,4301844,1968155,56845,0,4,163,9,1,1,0,34613,4,3,4,3,54,36
targeting,10,26,3,pvp,874,0,0,3,0,4242281,1568451,33549,26999,4,114,11,3,1,1,39111,2,2,2,3,54,0
targeting,10,27,0,pvp,900,1,0,3,1,4282984,1534420,18980,0,4,84,10,3,0,0,0,2,2,2,2,63,18
targeting,10,27,1,pvp,573,0,1,0,2,3556367,447750,0,0,4,64,12,4,2,1,119139,1,2,2,2,0,54
targeting,10,27,2,pvp,724,0,0,4,0,3740390,1303655,35095,0,4,114,10,2,2,2,109980,4,3,4,3,81,0
targeting,10,27,3,pvp,900,1,0,3,2,4305073,1847134,31616,27075,4,149,9,1,1,0,26880,4,2,4,3,63,36
targeting,10,28,0,pvp,766,0,0,4,0,4067116,1235847,30003,0,4,142,10,3,1,2,103500,2,3,2,3,72,0
targeting,10,28,1,pvp,503,0,1,0,4,3265885,712620,16380,13043,4,64,10,3,0,0,0,0,2,3,2,0,90
targeting,10,28,2,pvp,900,1,1,1,6,4755463,2802955,128795,0,4,114,7,1,0,0,0,4,4,4,4,18,108
targeting,10,28,3,pvp,672,0,0,3,0,3883217,1067772,34728,0,4,91,11,3,3,0,164825,3,2,3,2,72,0
targeting,10,29,0,pvp,900,1,0,4,1,4513240,1888896,25854,0,4,166,9,2,1,0,34500,2,4,2,4,72,27
targeting,10,29,1,pvp,737,0,1,0,3,4126616,1303611,53139,34419,4,52,11,2,2,2,71411,0,4,3,4,0,63
targeting,10,29,2,pvp,824,0,0,3,0,4263174,1428885,33615,13636,4,118,11,3,1,0,66278,2,2,2,2,63,0
targeting,10,29,3,pvp,898,0,0,4,0,3928622,1312346,24154,0,4,117,10,2,1,0,34613,3,3,3,3,81,0
targeting,10,30,0,neutral,322,0,0,7,0,1906375,266567,15133,0,8,93,4,2,2,2,158460,2,0,2,0,99,0
targeting,10,30,1,neutral,333,0,0,5,0,1977673,0,0,0,8,108,6,3,3,0,150672,0,0,3,0,81,0
targeting,10,30,2,neutral,459,0,0,7,0,2161672,614839,53411,0,8,256,4,0,0,0,0,4,0,4,0,117,0
targeting,10,30,3,neutral,298,0,0,6,0,1969129,135000,0,0,8,128,5,2,2,1,120480,1,0,2,0,99,0
targeting,10,30,4,neutral,446,0,0,7,0,2054935,610769,50731,122724,8,245,4,0,0,0,0,4,0,4,0,117,0
targeting,10,30,5,neutral,368,0,0,7,0,1909711,207294,13206,0,8,53,4,1,1,0,48960,3,0,3,0,126,0
targeting,10,30,6,neutral,308,0,0,6,0,1951581,194001,6249,33138,8,114,5,2,2,1,72251,2,0,2,0,99,0
targeting,10,30,7,neutral,383,0,0,7,0,2015837,270000,0,0,8,140,4,1,1,2,53760,3,0,3,0,108,0
targeting,10,31,0,pvp,824,0,0,4,0,4478024,1722221,41779,0,4,166,10,2,2,2,109633,2,4,2,4,72,0
targeting,10,31,1,pvp,336,0,1,0,5,2576893,405000,0,0,4,104,9,5,3,1,156471,0,2,3,2,0,99
targeting,10,31,2,pvp,900,1,1,2,3,4348219,1828345,41405,0,4,114,9,1,1,0,42480,4,3,4,3,36,63
targeting,10,31,3,pvp,830,0,1,0,4,4331735,1654283,28717,0,4,114,10,3,1,1,42480,1,3,2,3,0,81
targeting,10,32,0,ghost,502,0,0,6,0,3542639,1065734,39016,0,4,91,8,3,3,3,186726,1,4,2,4,99,0
targeting,10,32,1,pvp,401,0,0,6,0,2636555,440880,5070,0,4,70,8,5,3,1,91522,2,0,2,3,90,0
targeting,10,32,2,pvp,900,1,0,4,2,4662433,2227712,78538,20454,4,149,8,0,0,0,0,4,3,4,3,81,36
targeting,10,32,3,pvp,774,0,0,2,0,4027865,1074882,20868,0,4,94,12,3,3,1,168528,4,1,4,2,45,0
targeting,10,33,0,pvp,633,0,0,4,0,4265677,922557,38643,6339,4,70,12,4,2,2,85709,2,2,2,2,63,0
targeting,10,33,1,pvp,900,1,0,3,1,5057087,1684112,88888,0,4,113,12,3,2,1,60731,4,2,4,2,63,18
targeting,10,33,2,pvp,900,1,0,4,1,4860037,2029664,38086,10227,4,83,11,2,1,0,34500,4,3,4,3,81,18
targeting,10,34,0,pvp,768,0,0,3,0,4662103,1341233,35767,10650,4,91,13,3,0,0,0,2,3,2,3,72,0
targeting,10,34,1,pvp,783,0,1,0,2,4745765,1153995,13755,40908,4,94,14,4,2,1,99055,2,2,2,2,0,45
targeting,10,34,2,pvp,900,1,0,4,2,4793361,2075325,55425,0,4,84,10,2,1,1,33000,4,4,4,4,81,36
targeting,10,35,0,neutral,308,0,0,8,0,2259692,268173,1827,0,8,153,4,2,2,0,76980,2,0,2,0,126,0
targeting,10,35,1,neutral,334,0,0,8,0,2110806,234000,0,34237,8,53,4,2,2,2,237840,2,0,2,0,126,0
targeting,10,35,2,neutral,386,0,0,8,0,2238777,403906,21344,0,8,53,4,1,1,2,82292,4,0,4,0,126,0
targeting,10,35,3,neutral,333,0,0,7,0,2193798,54000,0,0,8,83,5,2,2,1,72251,2,0,2,0,117,0
targeting,10,35,4,neutral,353,0,0,8,0,2210997,441000,0,0,8,133,4,1,1,0,34500,3,0,3,0,135,0
targeting,10,36,0,ghost,540,0,0,3,0,4067047,498361,32639,13636,4,56,13,4,3,3,214771,2,2,2,2,36,0
targeting,10,36,1,pvp,757,0,0,1,0,4514155,768435,5565,26297,4,83,15,4,0,0,0,2,1,2,3,27,0
targeting,10,36,2,pvp,900,1,0,3,2,5249795,2317633,87617,40908,4,84,11,2,1,1,34500,4,3,4,3,54,36
targeting,10,37,0,pvp,669,0,0,5,0,4221483,1314455,8545,0,4,104,11,3,2,1,75133,2,4,2,4,99,0
targeting,10,37,1,pvp,602,0,0,2,0,3938472,438750,0,12678,4,84,14,4,2,1,110937,1,1,3,3,45,0
targeting,10,38,0,pvp,473,0,0,5,0,3453770,479160,15840,16593,4,83,11,4,3,0,143577,2,1,2,3,90,0
targeting,10,38,1,pvp,755,0,0,4,0,5055649,1909875,97125,10648,4,108,12,3,1,2,69000,1,4,3,4,81,0
targeting,10,39,0,pvp,749,0,0,2,0,4522565,712903,7097,0,4,70,14,4,0,0,0,2,1,2,3,54,0
targeting,10,39,1,pvp,736,0,1,0,3,5154167,1847536,35714,0,4,114,13,3,1,1,137220,4,1,4,3,0,81
targeting,10,40,0,neutral,361,0,0,7,0,2495733,272760,6240,0,8,131,5,2,2,0,76980,2,0,2,0,117,0
targeting,10,40,1,neutral,336,0,0,7,0,2386912,91130,7870,0,8,118,5,2,2,2,203940,1,0,3,0,126,0
targeting,10,40,2,neutral,465,0,0,7,0,2530758,378468,6282,0,8,183,5,1,1,1,112500,4,0,4,0,117,0
targeting,10,40,3,neutral,358,0,0,7,0,2466672,146956,10544,14348,8,108,5,2,2,2,108754,1,0,3,0,108,0
targeting,10,41,0,pvp,602,0,1,0,2,4284359,623351,15649,42390,4,120,14,4,1,1,108082,2,1,2,3,0,54
targeting,10,41,1,pvp,900,1,1,1,3,5093518,1996437,91563,19872,4,120,12,3,0,0,0,1,4,3,4,18,54
targeting,10,42,0,pvp,900,1,1,3,4,5216836,2568843,83907,0,4,128,9,3,0,0,0,2,4,2,4,72,72
targeting,10,42,1,pvp,535,0,1,0,3,3960850,387000,0,0,4,65,13,4,1,0,74609,1,1,3,3,0,63
targeting,10,43,0,pvp,564,0,0,3,0,4060160,520916,10084,0,4,70,13,4,2,2,106911,2,1,2,3,72,0
targeting,10,43,1,pvp,900,1,1,1,4,5050277,1896419,43081,0,4,64,11,3,0,0,0,1,4,3,4,18,81
targeting,10,44,0,ghost,642,0,0,6,0,4537305,1647416,51334,0,4,120,10,3,2,2,130802,2,4,2,4,108,0
targeting,10,44,1,pvp,855,0,1,0,5,5460112,2425018,49982,0,4,137,11,3,1,1,42480,1,4,3,4,0,99
targeting,10,45,0,neutral,383,0,0,7,0,2953732,324000,0,0,8,233,5,2,2,1,89254,2,0,2,0,108,0
targeting,10,45,1,neutral,458,0,0,8,0,2831795,785966,66784,147276,8,53,4,1,1,2,108000,4,0,4,0,126,0
targeting,11,1,0,neutral,64,0,0,3,0,24112,0,0,0,21,64,1,0,0,0,0,0,0,3,0,5,0
targeting,11,1,1,neutral,40,0,0,4,0,22826,0,0,0,17,40,1,2,1,0,14636,0,0,2,0,4,0
targeting,11,1,2,neutral,40,0,0,4,0,22826,0,0,0,17,40,1,2,1,0,13364,2,0,2,0,6,0
targeting,11,1,3,neutral,40,0,0,3,0,22556,0,0,0,17,40,1,1,1,0,21000,0,0,2,0,5,0
targeting,11,1,4,neutral,40,0,0,3,0,22826,0,0,0,17,40,1,2,1,1,14636,0,0,2,0,5,0
targeting,11,1,5,neutral,73,0,0,3,0,24112,0,0,0,21,73,1,0,0,0,0,0,0,3,0,5,0
targeting,11,1,6,neutral,139,0,0,1,0,26727,5727,10773,0,24,139,1,0,0,0,0,1,0,1,0,6,0
targeting,11,1,7,neutral,77,0,0,3,0,24112,1556,1944,0,21,77,1,0,0,0,0,2,0,2,0,7,0
targeting,11,2,0,neutral,121,0,0,4,0,52482,0,0,0,8,53,2,1,0,0,0,1,0,2,0,9,0
targeting,11,2,1,neutral,72,0,0,4,0,47861,0,0,0,8,46,2,2,2,1,27000,0,0,2,0,8,0
targeting,11,2,2,neutral,85,0,0,4,0,51089,9544,4956,0,8,40,2,1,1,0,10309,2,0,2,0,12,0
targeting,11,2,3,neutral,93,0,0,4,0,49122,1826,1674,0,8,40,2,1,1,0,17182,1,0,1,0,11,0
targeting,11,2,4,neutral,122,0,0,4,0,50926,3500,0,0,8,40,2,1,1,1,8182,1,0,1,0,11,0
targeting,11,2,5,neutral,93,0,0,4,0,49122,0,0,0,8,40,2,2,1,1,14636,0,0,2,0,8,0
targeting,11,2,6,neutral,49,0,0,4,0,45696,5500,0,0,8,44,2,2,2,1,24899,1,0,2,0,9,0
targeting,11,2,7,neutral,133,0,0,4,0,52482,9334,1666,0,21,77,2,0,0,0,0,1,0,3,0,11,0
targeting,11,3,0,neutral,108,0,0,5,0,83148,0,0,0,8,44,3,1,1,0,2545,1,0,3,0,16,0
targeting,11,3,1,neutral,125,0,0,5,0,83148,12000,4500,0,8,44,3,2,1,0,3308,1,0,2,0,16,0
targeting,11,3,2,neutral,85,0,0,5,0,78455,9381,6619,0,8,24,3,2,1,0,14636,2,0,2,0,15,0
targeting,11,3,3,neutral,108,0,0,5,0,84131,0,0,0,8,44,3,2,2,0,22909,0,0,2,0,13,0
targeting,11,3,4,neutral,137,0,0,5,0,92905,14000,0,0,8,56,3,1,1,1,2364,1,0,2,0,12,0
targeting,11,3,5,neutral,113,0,0,4,0,86815,14000,0,0,8,53,3,2,1,2,21000,1,0,2,0,15,0
targeting,11,3,6,neutral,142,0,0,5,0,83666,10444,556,0,8,40,3,2,2,1,22718,1,0,2,0,12,0
targeting,11,3,7,neutral,137,0,0,5,0,86602,0,0,0,8,40,3,1,1,0,14127,1,0,3,0,14,0
targeting,11,4,0,pvp,695,0,0,4,0,1311775,317900,0,0,4,93,6,2,2,1,42707,1,1,3,3,15,0
targeting,11,4,1,pvp,508,0,1,0,3,1216768,132000,0,0,4,94,7,4,1,1,63373,1,1,2,2,0,15
targeting,11,4,2,pvp,508,0,0,2,0,1063543,176625,0,6135,4,52,8,3,1,1,42955,2,1,2,2,9,0
targeting,11,4,3,pvp,829,0,0,3,0,1541939,456198,7802,0,4,91,7,3,1,0,21000,1,2,2,2,14,0
targeting,11,5,0,neutral,173,0,0,5,0,334877,0,0,0,8,73,3,2,2,0,54545,1,0,2,0,18,0
targeting,11,5,1,neutral,153,0,0,4,0,339349,0,0,0,8,95,4,3,3,2,69981,0,0,3,0,17,0
targeting,11,5,2,neutral,161,0,0,5,0,325556,42000,0,0,8,73,3,2,2,0,69571,2,0,2,0,17,0
targeting,11,5,3,neutral,133,0,0,5,0,322433,41132,2868,0,8,44,3,2,1,0,15217,1,0,2,0,24,0
targeting,11,5,4,neutral,189,0,0,5,0,357213,35000,0,6544,8,111,3,1,1,0,24818,1,0,2,0,18,0
targeting,11,5,5,neutral,140,0,0,5,0,326450,39778,4222,0,8,82,3,2,2,1,44389,1,0,2,0,24,0
targeting,11,5,6,neutral,219,0,0,5,0,362611,0,0,0,8,103,3,1,1,0,21955,1,0,2,0,18,0
targeting,11,5,7,neutral,170,0,0,5,0,323576,47182,9743,0,8,40,3,1,1,0,41290,2,0,2,0,28,0
targeting,11,6,0,pvp,507,0,0,3,0,1124865,126091,409,5455,4,91,7,4,2,1,46489,1,0,2,2,12,0
targeting,11,6,1,pvp,811,0,1,0,2,1588511,465937,9563,0,4,104,8,3,1,0,17889,2,1,2,2,0,21
targeting,11,6,2,pvp,687,0,1,0,4,1595717,465332,1343,0,4,73,6,3,1,0,21000,1,2,2,2,0,25
targeting,11,6,3,pvp,656,0,0,2,0,1647775,343309,8691,0,4,94,8,3,1,1,81844,1,2,2,2,12,0
targeting,11,7,0,pvp,900,1,0,4,2,1692114,705025,20575,1096,4,144,4,2,0,0,0,3,2,3,2,23,24
targeting,11,7,1,pvp,379,0,1,0,4,1023977,195783,3467,0,4,64,6,4,1,0,70228,0,2,2,2,0,26
targeting,11,7,2,pvp,900,1,1,1,2,2028061,469091,3909,19336,4,73,7,3,1,1,27501,1,2,2,2,9,15
targeting,11,7,3,pvp,582,0,1,0,5,1567802,628914,22011,34908,4,149,5,1,1,0,38889,2,2,2,2,0,28
targeting,11,8,0,pvp,626,0,0,3,0,1601078,502611,9289,0,4,144,7,2,1,1,22148,1,2,2,2,28,0
targeting,11,8,1,pvp,309,0,1,0,4,974444,33000,0,0,4,70,6,4,2,2,40251,0,1,2,2,0,27
targeting,11,8,2,pvp,717,0,1,0,4,1773005,543438,7812,8727,4,84,6,2,1,0,17889,2,2,2,2,0,30
targeting,11,8,3,pvp,900,1,0,3,1,2055813,757555,21545,0,4,52,6,3,1,1,24818,2,1,2,2,33,4
targeting,11,9,0,pvp,900,1,0,2,1,2304876,654597,10253,3550,4,109,9,3,1,2,109304,1,2,2,2,27,18
targeting,11,9,1,pvp,570,0,0,2,0,1757634,205399,1151,0,4,46,10,4,2,2,81395,0,1,2,3,18,0
targeting,11,9,2,pvp,626,0,1,0,4,2092262,575211,13289,34907,4,84,8,4,2,1,76014,1,2,2,2,0,24
targeting,11,9,3,pvp,900,1,1,3,3,2316506,952046,20454,14222,4,84,6,2,0,0,0,2,2,2,2,21,33
targeting,11,10,0,neutral,169,0,0,6,0,458566,0,0,0,8,93,3,2,2,0,94428,2,0,2,0,46,0
targeting,11,10,1,neutral,166,0,0,5,0,466080,0,0,0,8,94,4,2,2,1,80848,0,0,2,0,34,0
targeting,11,10,2,neutral,185,0,0,6,0,460762,27500,0,0,8,101,3,1,1,0,46511,2,0,2,0,42,0
targeting,11,10,3,neutral,185,0,0,6,0,455208,0,0,0,8,89,3,2,2,1,52500,1,0,2,0,33,0
targeting,11,10,4,neutral,145,0,0,6,0,445656,52362,19638,0,8,53,3,1,1,0,39000,1,0,2,0,52,0
targeting,11,10,5,neutral,157,0,0,6,0,465088,0,0,0,8,93,3,1,1,0,28751,2,0,2,0,48,0
targeting,11,10,6,neutral,169,0,0,6,0,443945,65131,41869,2045,8,44,3,1,1,0,28093,2,0,2,0,49,0
targeting,11,10,7,neutral,189,0,0,6,0,471873,53550,0,0,8,114,3,2,2,0,55363,1,0,3,0,35,0
targeting,11,11,0,pvp,900,1,1,1,3,2787237,906112,8188,0,4,89,8,3,0,0,0,2,1,2,2,6,36
targeting,11,11,1,pvp,470,0,1,0,3,1632993,183174,5826,6261,4,33,9,4,3,2,60564,1,1,2,2,0,36
targeting,11,11,2,pvp,507,0,0,6,0,2092705,680629,14921,0,4,94,6,3,2,3,128108,2,2,2,2,54,0
targeting,11,11,3,pvp,797,0,0,3,0,2749956,874271,35729,0,4,164,9,2,2,2,69000,1,2,2,2,31,0
targeting,11,12,0,pvp,900,1,1,2,2,2722188,980089,17611,0,4,114,8,3,2,1,59889,2,1,2,2,24,27
targeting,11,12,1,pvp,363,0,1,0,6,1641300,476215,13785,16101,4,33,6,3,1,1,64625,1,2,2,2,0,54
targeting,11,12,2,pvp,900,1,1,1,2,2568661,698958,1792,16044,4,52,9,3,1,1,31778,2,1,2,2,18,22
targeting,11,12,3,pvp,706,0,0,4,0,2568380,728347,17303,8870,4,84,8,3,1,2,46773,1,2,2,2,39,0
targeting,11,13,0,pvp,631,0,1,0,4,2650936,806850,3150,0,4,84,8,3,2,3,81754,2,1,2,2,0,45
targeting,11,13,1,pvp,363,0,1,0,4,1747730,243748,17252,13305,4,83,8,3,1,1,33000,1,1,2,2,0,39
targeting,11,13,2,pvp,900,1,1,1,2,2972062,1165275,10225,18783,4,64,9,4,1,0,71804,2,1,2,2,18,27
targeting,11,13,3,pvp,679,0,0,3,0,2683577,667808,23792,0,4,83,9,2,2,4,169500,2,2,2,2,33,0
targeting,11,14,0,pvp,755,0,1,0,4,2661696,797705,5845,0,4,83,8,2,0,0,0,2,2,2,2,0,60
targeting,11,14,1,pvp,401,0,1,0,5,2013507,658607,31393,0,4,129,7,3,2,1,97680,1,3,2,3,0,51
targeting,11,14,2,pvp,900,1,1,2,2,3034624,1206348,37902,8348,4,84,8,2,0,0,0,1,2,2,2,27,24
targeting,11,14,3,pvp,631,0,1,0,5,2588038,728687,36313,0,4,83,7,3,1,2,62611,1,2,2,2,0,57
targeting,11,15,0,neutral,231,0,0,6,0,605224,0,0,0,8,120,3,1,1,0,73500,2,0,3,0,60,0
targeting,11,15,1,neutral,148,0,0,6,0,603001,100696,7304,0,8,133,3,3,3,0,72661,1,0,3,0,64,0
targeting,11,15,2,neutral,149,0,0,6,0,573001,67305,4695,0,8,83,3,2,2,0,60955,2,0,2,0,66,0
targeting,11,15,3,neutral,209,0,0,6,0,584670,66222,5778,0,8,70,3,1,1,0,34500,1,0,2,0,57,0
targeting,11,15,4,neutral,185,0,0,6,0,594669,27500,0,0,8,107,3,1,1,0,39000,2,0,2,0,72,0
targeting,11,15,5,neutral,173,0,0,6,0,567784,0,0,0,8,53,3,2,2,0,82709,1,0,2,0,57,0
targeting,11,15,6,neutral,169,0,0,6,0,570538,77586,12414,0,8,44,3,2,2,0,41395,2,0,2,0,66,0
targeting,11,15,7,neutral,185,0,0,6,0,591527,81456,14394,0,8,69,3,1,1,0,39000,2,0,2,0,66,0
targeting,11,16,0,pvp,789,0,1,0,4,2768977,973600,8750,20004,4,178,8,2,1,1,67111,2,3,3,3,0,51
targeting,11,16,1,pvp,539,0,1,0,5,2132719,602498,3652,10405,4,70,7,4,1,1,33000,1,2,3,3,0,57
targeting,11,16,2,pvp,542,0,0,5,0,2381370,594225,17775,17633,4,91,7,3,1,2,67257,1,2,2,2,54,0
targeting,11,16,3,pvp,624,0,0,5,0,2325924,488745,16255,19974,4,94,7,3,0,0,0,2,1,2,2,63,0
targeting,11,17,0,pvp,550,0,0,4,0,2263695,466899,6501,3522,4,70,8,4,0,0,0,2,0,2,3,54,0
targeting,11,17,1,pvp,900,1,0,5,1,3038907,1487864,29886,0,4,145,6,3,2,0,96818,4,2,4,2,57,18
targeting,11,17,2,pvp,900,1,0,2,1,3441655,1180311,37689,44999,4,84,9,2,0,0,0,2,2,2,2,45,18
targeting,11,17,3,pvp,900,1,1,1,4,2752761,965522,33028,6048,4,104,7,3,0,0,0,1,2,2,3,18,48
targeting,11,18,0,pvp,599,0,0,5,0,2455524,808845,12855,0,4,131,7,3,2,2,97388,2,2,2,3,63,0
targeting,11,18,1,pvp,508,0,0,4,0,2108131,99000,0,0,4,44,8,5,1,2,108404,0,1,3,2,54,0
targeting,11,18,2,pvp,743,0,1,0,3,3260960,1039760,30990,0,4,144,9,2,2,1,148004,4,2,4,2,0,36
targeting,11,18,3,pvp,538,0,0,5,0,2406816,784496,34504,6048,4,94,7,3,1,1,76500,2,2,2,2,75,0
targeting,11,19,0,pvp,547,0,0,6,0,2880988,779567,18283,0,4,91,8,4,2,1,172096,2,2,2,2,72,0
targeting,11,19,1,pvp,772,0,1,0,4,3829961,1314850,21650,14073,4,84,10,3,0,0,0,1,2,3,3,0,66
targeting,11,19,2,pvp,670,0,1,0,6,3357393,1583839,86711,0,4,184,8,3,2,0,124323,4,2,4,2,0,66
targeting,11,19,3,pvp,386,0,0,6,0,2267950,483699,11301,0,4,104,8,5,2,4,106546,2,1,2,3,84,0
targeting,11,20,0,neutral,169,0,0,7,0,720256,36000,0,0,8,126,3,2,2,1,111611,2,0,2,0,81,0
targeting,11,20,1,neutral,173,0,0,7,0,713522,27000,0,0,8,93,3,2,2,0,63251,1,0,3,0,84,0
targeting,11,20,2,neutral,193,0,0,7,0,707464,72500,0,0,8,81,3,2,2,1,85576,4,0,4,0,75,0
targeting,11,20,3,neutral,169,0,0,7,0,698811,86951,12049,8589,8,83,3,2,2,0,56433,2,0,2,0,93,0
targeting,11,20,4,neutral,205,0,0,7,0,717800,111950,5050,0,8,52,3,1,1,0,49685,2,0,3,0,87,0
targeting,11,20,5,neutral,178,0,0,7,0,697884,0,0,0,8,53,3,3,3,0,138072,1,0,3,0,60,0
targeting,11,20,6,neutral,175,0,0,7,0,738630,69480,2520,0,8,133,3,2,2,2,97031,2,0,2,0,75,0
targeting,11,20,7,neutral,197,0,0,7,0,706676,111972,12228,0,8,73,3,2,2,1,89350,2,0,2,0,81,0
targeting,11,21,0,pvp,900,1,1,2,3,3922157,1346311,18089,18144,4,108,9,4,2,0,82111,2,2,3,2,36,54
targeting,11,21,1,pvp,900,1,1,1,2,3657476,978114,27636,0,4,73,11,4,1,1,27501,1,2,2,2,4,36
targeting,11,21,2,pvp,845,0,0,4,0,4061338,1519472,53278,0,4,189,10,4,4,5,226084,3,2,3,3,63,0
targeting,11,21,3,pvp,799,0,1,0,4,3456942,1089988,35012,0,4,120,10,3,0,0,0,2,2,3,2,0,54
targeting,11,22,0,pvp,900,1,1,1,6,4150864,2109432,35718,0,4,62,7,4,2,1,103582,2,3,3,3,18,81
targeting,11,22,1,pvp,900,1,1,2,3,4084318,1864748,68002,0,4,251,9,4,3,2,193899,1,3,2,3,45,54
targeting,11,22,2,pvp,900,1,1,2,2,4179885,1285462,55538,0,4,70,10,3,1,0,23739,2,3,2,3,36,45
targeting,11,22,3,pvp,845,0,0,3,0,3845705,916145,19855,0,4,70,11,3,1,2,67500,2,2,2,3,54,0
targeting,11,23,0,pvp,774,0,0,4,0,3698039,945635,26365,0,4,108,10,4,3,2,136778,2,2,2,3,54,0
targeting,11,23,1,pvp,626,0,1,0,4,3317032,668761,24239,0,4,73,10,3,0,0,0,1,2,2,2,0,81
targeting,11,23,2,pvp,830,0,0,6,0,3825242,1802919,36331,0,4,91,8,3,2,4,200771,4,3,4,3,78,0
targeting,11,23,3,pvp,900,1,0,4,1,4436769,1713254,11596,0,4,84,9,4,3,4,119976,2,3,2,3,63,18
targeting,11,24,0,pvp,824,0,0,2,0,4167892,1280692,42308,0,4,93,12,4,2,1,116611,2,2,2,2,36,0
targeting,11,24,1,pvp,477,0,1,0,6,2808597,725003,42247,13636,4,84,8,4,2,2,53346,0,3,3,3,0,81
targeting,11,24,2,pvp,623,0,0,6,0,3289588,1033608,55392,0,4,114,8,4,3,4,313648,3,2,3,3,81,0
targeting,11,24,3,pvp,721,0,0,4,0,3779259,1141640,1360,55665,4,104,10,2,0,0,0,2,3,2,3,72,0
targeting,11,25,0,neutral,358,0,0,6,0,1693120,170000,10000,0,8,126,5,2,2,1,121500,2,0,2,0,90,0
targeting,11,25,1,neutral,270,0,0,7,0,1603815,0,0,0,8,113,4,2,2,1,97751,0,0,3,0,81,0
targeting,11,25,2,neutral,326,0,0,7,0,1633930,243000,0,0,8,94,4,1,1,1,82500,3,0,3,0,108,0
targeting,11,25,3,neutral,327,0,0,7,0,1683558,163332,7668,0,8,145,4,2,2,0,82709,2,0,2,0,93,0
targeting,11,25,4,neutral,338,0,0,7,0,1622819,121000,23000,0,8,108,4,1,1,1,73500,2,0,2,0,117,0
targeting,11,25,5,neutral,383,0,0,6,0,1769934,63000,0,0,8,104,5,2,2,1,102251,2,0,3,0,72,0
targeting,11,25,6,neutral,362,0,0,7,0,1677718,347085,48915,38185,8,52,4,1,1,1,96094,3,0,3,0,108,0
targeting,11,25,7,neutral,314,0,0,7,0,1598051,257850,0,0,8,58,4,2,2,1,147000,3,0,3,0,90,0
targeting,11,26,0,pvp,494,0,0,5,0,2622741,546818,2182,0,4,70,9,5,2,0,58304,2,0,2,3,81,0
targeting,11,26,1,pvp,682,0,0,4,0,3981488,1427048,51652,0,4,120,10,2,2,0,109164,4,2,4,2,72,0
targeting,11,26,2,pvp,900,1,0,3,1,3952106,1157113,36287,0,4,80,10,3,1,0,31778,2,3,2,3,72,18
targeting,11,26,3,pvp,793,0,1,0,4,4060334,1421155,19745,0,4,64,10,4,1,1,67500,2,2,2,2,0,72
targeting,11,27,0,pvp,547,0,0,5,0,3345217,742200,4800,0,4,124,9,4,2,3,155100,2,2,2,2,81,0
targeting,11,27,1,pvp,353,0,1,0,5,2581228,252000,0,29617,4,33,9,6,3,2,68390,0,1,4,2,0,90
targeting,11,27,2,pvp,651,0,1,0,5,4123477,1632991,20309,13636,4,118,9,2,2,0,106611,4,2,4,2,0,99
targeting,11,27,3,pvp,900,1,1,2,4,3885463,1624521,72429,27272,4,104,8,4,0,0,0,2,3,2,3,36,63
targeting,11,28,0,ghost,517,0,0,4,0,3476042,557485,5465,26086,4,56,10,3,1,1,33000,2,1,2,2,81,0
targeting,11,28,1,pvp,679,0,1,0,7,4013172,2056872,56778,36006,4,145,7,3,2,3,184614,2,4,2,4,0,117
targeting,11,28,2,pvp,719,0,0,2,0,3973446,1111681,31319,0,4,70,12,5,2,2,96502,1,3,2,3,54,0
targeting,11,28,3,pvp,612,0,1,0,5,3302110,906910,29090,0,4,91,9,4,1,1,76500,2,2,2,2,0,81
targeting,11,29,0,ghost,763,0,1,0,4,3963909,1195612,32438,19778,4,120,10,2,1,0,31778,2,3,2,3,0,81
targeting,11,29,1,pvp,662,0,0,6,0,3936315,1844992,17108,77931,4,114,8,3,2,2,151191,4,2,4,2,99,0
targeting,11,29,2,pvp,472,0,0,5,0,3208506,503966,9034,0,4,70,9,4,2,1,195179,1,2,2,2,81,0
targeting,11,29,3,pvp,632,0,0,5,0,3530436,1298973,28527,0,4,83,9,3,0,0,0,3,3,3,3,99,0
targeting,11,30,0,neutral,358,0,0,6,0,1930758,126000,0,0,8,132,5,2,2,0,118031,2,0,2,0,90,0
targeting,11,30,1,neutral,388,0,0,6,0,2175923,496017,37683,0,8,277,5,1,1,2,82500,4,0,4,0,99,0
targeting,11,30,2,neutral,308,0,0,6,0,1933052,0,0,0,8,133,5,2,2,1,95254,0,0,3,0,90,0
targeting,11,30,3,neutral,403,0,0,7,0,2050415,446850,45450,0,8,245,4,0,0,0,0,3,0,3,0,126,0
targeting,11,30,4,neutral,365,0,0,5,0,2030867,153000,0,0,8,133,6,2,2,0,79031,2,0,2,0,81,0
targeting,11,30,5,neutral,372,0,0,6,0,2041167,99000,0,0,8,133,5,2,2,0,69000,2,0,2,0,90,0
targeting,11,31,0,pvp,731,0,0,3,0,3771355,696992,5008,0,4,69,11,5,2,2,110915,1,2,3,2,54,0
targeting,11,31,1,pvp,680,0,1,0,5,3844532,1752658,55892,40821,4,117,9,1,1,1,82500,5,3,5,3,0,90
targeting,11,31,2,pvp,517,0,0,4,0,3352905,363600,14400,0,4,46,10,4,2,1,128279,0,2,3,2,72,0
targeting,11,32,0,pvp,556,0,0,4,0,3400755,1054275,28875,0,4,113,10,4,3,4,243326,1,5,3,5,63,0
targeting,11,32,1,pvp,547,0,0,3,0,3675999,491400,0,14262,4,140,11,2,2,2,129927,0,3,3,3,63,0
targeting,11,32,2,pvp,900,1,0,3,1,4214069,1547547,18453,0,4,83,10,4,2,2,66000,2,2,2,2,63,18
targeting,11,33,0,pvp,807,0,1,0,2,4581985,1045573,16427,9783,4,94,14,5,4,2,191556,2,1,3,3,0,45
targeting,11,33,1,pvp,792,0,1,0,5,5214996,2460124,105776,0,4,144,11,3,3,2,151142,5,3,5,3,0,90
targeting,11,33,2,pvp,820,0,0,3,0,5407003,2162073,34377,0,4,189,13,3,1,3,106500,3,3,3,3,72,0
targeting,11,34,0,pvp,900,1,1,3,4,5014275,2089412,46288,0,4,101,9,5,2,1,145828,2,3,3,3,63,81
targeting,11,34,1,pvp,840,0,1,0,3,5504874,2066502,53448,3024,4,84,13,3,3,2,99640,5,1,5,3,0,72
targeting,11,34,2,pvp,682,0,1,0,4,4530329,1232710,7040,0,4,62,12,3,1,0,51563,3,3,3,3,0,72
targeting,11,35,0,neutral,367,0,0,7,0,2178853,63000,0,0,8,152,5,2,2,2,160500,2,0,3,0,99,0
targeting,11,35,1,neutral,419,0,0,7,0,2242756,269689,3911,0,8,82,5,1,1,1,48000,5,0,5,0,126,0
targeting,11,35,2,neutral,336,0,0,8,0,2082930,138555,5445,0,8,53,4,2,2,0,63251,1,0,3,0,117,0
targeting,11,35,3,neutral,373,0,0,7,0,2269761,326222,53128,0,8,161,5,1,1,1,66641,3,0,3,0,126,0
targeting,11,35,4,neutral,358,0,0,8,0,2163535,380570,42430,0,8,73,4,2,2,1,169594,3,0,3,0,117,0
targeting,11,35,5,neutral,349,0,0,7,0,2148086,133172,6778,0,8,126,5,2,2,1,147000,3,0,3,0,108,0
targeting,11,36,0,pvp,900,1,0,2,2,5329873,1803379,49721,26763,4,114,12,3,3,2,176611,2,3,3,3,36,45
targeting,11,36,1,pvp,900,1,1,2,6,5622753,3321940,137210,0,4,113,8,3,2,3,183913,5,3,5,3,36,99
targeting,11,36,2,pvp,546,0,0,5,0,3643076,604488,7512,0,4,64,11,4,1,2,60754,1,3,3,3,90,0
targeting,11,37,0,ghost,675,0,1,0,5,4543404,1456820,29980,0,4,64,11,4,2,3,134611,1,3,3,3,0,90
targeting,11,37,1,pvp,882,0,1,0,5,5175561,2277787,39713,0,4,144,11,4,3,3,156913,2,3,3,3,0,90
targeting,11,37,2,pvp,900,1,0,4,2,5375595,2448376,105374,0,4,117,10,2,2,2,176889,5,3,5,3,72,54
targeting,11,38,0,ghost,706,0,0,7,0,4386575,2066295,119355,3711,4,145,9,3,3,3,237326,5,2,5,3,117,0
targeting,11,38,1,pvp,899,0,1,0,2,4811799,1212566,20434,13043,4,94,14,4,3,1,129555,2,1,3,3,0,45
targeting,11,38,2,pvp,900,1,0,3,2,5248263,2036563,47837,0,4,120,11,3,2,2,95611,3,3,3,3,72,36
targeting,11,39,0,ghost,900,1,0,4,3,4689625,2274712,177788,13636,4,120,9,3,1,1,74024,3,5,3,5,81,54
targeting,11,39,1,pvp,822,0,0,3,0,4861559,1441872,61578,0,4,114,13,3,3,2,209611,2,3,3,3,63,0
targeting,11,39,2,pvp,900,1,1,1,2,5222327,1719579,30921,0,4,94,13,3,3,4,160751,5,1,5,3,18,36
targeting,11,40,0,neutral,403,0,0,6,0,2545086,72000,0,0,8,158,6,2,2,3,165000,2,0,3,0,90,0
targeting,11,40,1,neutral,451,0,0,8,0,2689040,731690,40960,72000,8,166,4,1,1,1,48000,5,0,5,0,135,0
targeting,11,40,2,neutral,383,0,0,6,0,2536620,90000,0,0,8,131,6,2,2,0,63251,1,0,3,0,99,0
targeting,11,40,3,neutral,425,0,0,7,0,2722410,335250,0,0,8,108,5,1,1,1,52387,3,0,3,0,117,0
targeting,11,40,4,neutral,373,0,0,8,0,2464823,230850,0,3667,8,139,4,2,2,0,69000,3,0,3,0,117,0
targeting,11,41,0,ghost,620,0,1,0,3,4088622,625016,9484,40434,4,91,13,3,1,1,43500,3,1,3,3,0,72
targeting,11,41,1,pvp,900,1,1,1,5,5598319,2886507,122193,0,4,145,10,3,3,5,299937,2,5,3,5,18,81
targeting,11,41,2,pvp,900,1,0,2,2,5088056,1691206,24644,0,4,91,12,4,0,0,0,1,3,3,3,54,36
targeting,11,42,0,ghost,740,0,1,0,4,4576229,1268806,39794,10650,4,99,12,3,2,1,157024,5,1,5,3,0,81
targeting,11,42,1,pvp,715,0,1,0,2,4588978,688466,17134,14200,4,64,14,3,2,2,152413,1,3,3,3,0,36
targeting,11,43,0,pvp,608,0,0,3,0,4188914,647480,970,73041,4,64,13,3,2,2,106500,1,3,3,3,72,0
targeting,11,44,0,pvp,643,0,1,0,3,4284894,820084,13766,0,4,80,13,3,2,1,110804,1,3,3,3,0,72
targeting,11,45,0,neutral,387,0,0,7,0,2782015,144000,0,0,8,156,5,2,2,1,92002,1,0,3,0,108,0
targeting,11,45,1,neutral,439,0,0,7,0,2922048,455100,25500,0,8,183,5,1,1,2,103500,3,0,3,0,126,0
targeting,12,1,0,neutral,40,0,0,3,0,22556,0,0,0,17,40,1,1,1,0,21000,0,0,2,0,5,0
targeting,12,1,1,neutral,64,0,0,3,0,21000,0,0,0,21,64,1,0,0,0,0,2,0,2,0,7,0
targeting,12,1,2,neutral,40,0,0,3,0,22826,0,0,0,8,40,1,1,1,0,4364,1,0,1,0,6,0
targeting,12,1,3,neutral,44,0,0,4,0,22826,1826,1674,0,8,44,1,2,1,0,10818,1,0,2,0,5,0
targeting,12,1,4,neutral,44,0,0,3,0,22826,1826,1674,0,8,44,1,1,1,0,727,1,0,1,0,6,0
targeting,12,1,5,neutral,44,0,0,4,0,22826,0,0,0,17,44,1,2,1,0,7000,2,0,2,0,6,0
targeting,12,1,6,neutral,64,0,0,4,0,24112,3112,388,0,17,64,1,1,0,0,0,2,0,2,0,6,0
targeting,12,1,7,neutral,40,0,0,4,0,22556,0,0,0,17,40,1,1,1,0,13364,2,0,2,0,6,0
targeting,12,2,0,neutral,64,0,0,4,0,46260,0,0,0,8,40,2,1,1,1,18000,1,0,2,0,9,0
targeting,12,2,1,neutral,142,0,0,3,0,52482,11000,0,0,21,73,2,0,0,0,0,1,0,2,0,12,0
targeting,12,2,2,neutral,93,0,0,4,0,49122,5974,5026,0,8,44,2,1,1,0,7763,1,0,1,0,13,0
targeting,12,2,3,neutral,58,0,0,4,0,47048,5974,5026,0,8,44,2,2,2,1,25763,1,0,2,0,11,0
targeting,12,2,4,neutral,93,0,0,4,0,48852,0,0,0,8,44,2,1,1,0,545,0,0,2,0,10,0
targeting,12,2,5,neutral,49,0,0,4,0,43261,0,0,0,17,40,2,2,2,1,31263,2,0,2,0,10,0
targeting,12,2,6,neutral,49,0,0,4,0,45696,0,0,0,8,40,2,2,2,1,31263,1,0,2,0,11,0
targeting,12,2,7,neutral,93,0,0,4,0,49122,0,0,0,8,40,2,1,1,0,10309,2,0,2,0,12,0
targeting,12,3,0,neutral,101,0,0,5,0,81426,0,0,0,8,40,3,2,2,0,21672,1,0,2,0,16,0
targeting,12,3,1,neutral,145,0,0,5,0,88131,0,0,0,8,46,3,1,1,0,13591,1,0,2,0,16,0
targeting,12,3,2,neutral,122,0,0,5,0,83148,14074,7426,0,8,44,3,1,1,0,1945,2,0,2,0,15,0
targeting,12,3,3,neutral,108,0,0,5,0,85957,16522,5478,0,8,44,3,2,1,0,3308,2,0,2,0,15,0
targeting,12,3,4,neutral,121,0,0,5,0,84639,9573,4427,0,8,44,3,1,1,0,9545,1,0,2,0,12,0
targeting,12,3,5,neutral,127,0,0,5,0,83195,12826,3674,0,8,40,3,1,1,0,17182,3,0,3,0,16,0
targeting,12,3,6,neutral,108,0,0,5,0,84131,0,0,0,8,40,3,3,2,0,30672,1,0,3,0,14,0
targeting,12,3,7,neutral,101,0,0,5,0,81426,0,0,0,8,40,3,2,2,0,26763,1,0,2,0,14,0
targeting,12,4,0,pvp,453,0,0,3,0,1032440,104500,0,0,4,64,7,3,1,1,51400,1,0,2,2,12,0
targeting,12,4,1,pvp,900,1,0,3,1,1445465,616185,42815,0,4,64,6,2,0,0,0,3,1,3,2,12,6
targeting,12,4,2,pvp,821,0,1,0,2,1480005,470551,13449,3913,4,52,8,2,0,0,0,2,1,2,2,0,9
targeting,12,4,3,pvp,531,0,1,0,3,1134375,216566,7559,0,4,139,7,3,2,0,38889,0,2,2,2,0,15
targeting,12,5,0,neutral,153,0,0,5,0,335653,0,0,0,8,73,3,2,2,0,54768,1,0,2,0,22,0
targeting,12,5,1,neutral,142,0,0,5,0,334351,0,0,0,8,73,3,2,2,0,37319,0,0,2,0,19,0
targeting,12,5,2,neutral,217,0,0,5,0,338231,78231,9769,1636,8,53,3,1,1,1,43481,2,0,2,0,22,0
targeting,12,5,3,neutral,177,0,0,5,0,352393,73522,14478,0,8,65,3,2,2,1,43157,2,0,2,0,25,0
targeting,12,5,4,neutral,137,0,0,5,0,330498,0,0,0,8,73,3,2,2,1,54715,0,0,2,0,19,0
targeting,12,5,5,neutral,185,0,0,5,0,355023,33000,0,0,8,129,3,1,1,0,24818,2,0,2,0,21,0
targeting,12,5,6,neutral,153,0,0,5,0,331742,36349,2151,0,8,73,3,2,2,0,40251,1,0,2,0,24,0
targeting,12,5,7,neutral,169,0,0,5,0,332960,34222,4278,0,8,94,3,1,1,0,21955,1,0,2,0,24,0
targeting,12,6,0,pvp,756,0,0,4,0,1651001,615714,27786,0,4,94,6,3,1,0,12519,2,1,2,2,24,0
targeting,12,6,1,pvp,574,0,0,2,0,1311165,123750,0,0,4,73,8,5,3,1,80325,0,2,3,2,18,0
targeting,12,6,2,pvp,516,0,0,3,0,1327423,247499,5501,4435,4,91,7,3,2,1,43434,2,1,2,2,13,0
targeting,12,6,3,pvp,556,0,0,4,0,1476346,344981,7019,0,4,149,6,2,1,2,42955,1,1,2,2,21,0
targeting,12,7,0,pvp,608,0,0,4,0,1800755,521004,36996,19506,4,91,6,2,1,1,39111,1,1,2,2,33,0
targeting,12,7,1,pvp,608,0,0,2,0,1286860,44000,0,0,4,99,8,3,0,0,0,0,1,2,2,18,0
targeting,12,7,2,pvp,874,0,1,0,3,1820548,740154,18846,5040,4,144,7,2,0,0,0,2,1,2,2,0,18
targeting,12,7,3,pvp,470,0,0,5,0,1523979,531441,28559,0,4,125,5,3,2,3,119055,1,2,2,2,36,0
targeting,12,8,0,pvp,445,0,0,5,0,1328419,269515,3985,8348,4,104,5,2,1,0,44531,1,1,3,2,40,0
targeting,12,8,1,pvp,669,0,0,2,0,1496108,183227,3773,5455,4,114,8,3,1,1,38889,0,2,2,2,18,0
targeting,12,8,2,pvp,440,0,1,0,3,1481732,265845,10905,0,4,46,7,3,3,2,158414,1,1,2,2,0,36
targeting,12,8,3,pvp,407,0,1,0,4,1452751,268500,0,10622,4,89,6,2,2,2,70258,1,1,2,2,0,39
targeting,12,9,0,pvp,445,0,0,6,0,1542576,355330,16670,0,4,91,6,2,1,1,49321,1,2,3,2,45,0
targeting,12,9,1,pvp,373,0,1,0,5,1329849,198826,8174,3913,4,46,7,5,2,2,94428,0,1,3,2,0,42
targeting,12,9,2,pvp,451,0,1,0,4,1737276,297035,12215,0,4,118,8,4,3,1,122767,1,2,2,2,0,38
targeting,12,9,3,pvp,483,0,0,3,0,1769947,334080,7920,0,4,46,8,4,2,2,42260,1,1,2,2,36,0
targeting,12,10,0,neutral,139,0,0,6,0,459110,58000,0,0,8,93,3,1,1,0,44531,2,0,3,0,48,0
targeting,12,10,1,neutral,183,0,0,5,0,489870,0,0,0,8,108,4,3,3,0,57501,0,0,3,0,33,0
targeting,12,10,2,neutral,167,0,0,6,0,476499,50000,0,0,8,83,3,1,1,0,34500,2,0,2,0,50,0
targeting,12,10,3,neutral,149,0,0,6,0,435215,47956,6044,0,8,73,3,2,2,0,59016,2,0,2,0,48,0
targeting,12,10,4,neutral,177,0,0,6,0,472409,55000,0,4090,8,97,3,1,1,0,66862,2,0,2,0,36,0
targeting,12,10,5,neutral,182,0,0,6,0,455208,33750,0,0,8,82,3,2,2,1,106864,2,0,2,0,48,0
targeting,12,10,6,neutral,177,0,0,6,0,464871,0,0,0,8,94,3,2,2,1,55851,1,0,2,0,45,0
targeting,12,10,7,neutral,145,0,0,6,0,450414,57066,5934,0,8,52,3,2,2,0,43910,1,0,2,0,51,0
targeting,12,11,0,pvp,900,1,0,4,1,2678457,1147269,35231,26685,4,52,7,3,0,0,0,2,1,3,2,36,18
targeting,12,11,1,pvp,603,0,1,0,3,2187489,391182,13818,0,4,44,9,4,2,2,41316,0,1,2,2,0,30
targeting,12,11,2,pvp,384,0,0,6,0,1665858,388172,39328,3522,4,44,6,2,1,1,33000,2,1,2,3,56,0
targeting,12,11,3,pvp,370,0,0,5,0,1799705,355391,13609,10564,4,70,7,4,2,3,135782,1,1,2,2,48,0
targeting,12,12,0,pvp,546,0,0,5,0,2436924,745808,11692,0,4,114,7,2,1,1,87126,2,2,2,2,51,0
targeting,12,12,1,pvp,900,1,1,1,1,2118608,124200,1800,0,4,62,10,4,1,1,47478,0,1,2,2,9,9
targeting,12,12,2,pvp,403,0,1,0,5,1914400,486231,17769,3682,4,84,7,4,1,2,142341,1,1,2,2,0,54
targeting,12,12,3,pvp,682,0,0,3,0,2157410,484656,14844,8348,4,64,9,5,3,1,84734,1,1,2,3,36,0
targeting,12,13,0,pvp,687,0,0,4,0,2463657,764016,27984,18783,4,84,8,3,0,0,0,1,1,3,2,45,0
targeting,12,13,1,pvp,602,0,0,3,0,2361682,220000,0,0,4,64,9,3,0,0,0,1,2,2,2,45,0
targeting,12,13,2,pvp,546,0,0,4,0,2128744,524106,15394,0,4,91,8,4,0,0,0,2,1,2,3,33,0
targeting,12,13,3,pvp,370,0,1,0,4,1771008,254250,0,0,4,56,8,4,2,4,165391,1,1,2,2,0,45
targeting,12,14,0,pvp,529,0,0,5,0,2373048,684842,36158,0,4,164,7,2,1,0,53897,1,2,3,2,48,0
targeting,12,14,1,pvp,597,0,0,3,0,2475315,371250,0,0,4,49,9,4,3,3,82865,1,1,2,2,39,0
targeting,12,14,2,pvp,899,0,0,1,0,3105393,939681,23319,0,4,64,11,3,1,1,28751,1,2,2,2,18,0
targeting,12,14,3,pvp,900,1,0,3,3,3040428,1314785,18715,0,4,104,6,4,0,0,0,2,1,2,3,27,36
targeting,12,15,0,neutral,169,0,0,6,0,570538,77586,12414,0,8,44,3,1,1,0,31811,1,0,3,0,57,0
targeting,12,15,1,neutral,171,0,0,6,0,589306,57522,5478,0,8,52,3,2,2,0,43910,1,0,2,0,69,0
targeting,12,15,2,neutral,187,0,0,6,0,611551,63333,8667,0,8,94,3,1,1,0,39000,3,0,3,0,57,0
targeting,12,15,3,neutral,182,0,0,6,0,601697,18000,0,0,8,93,3,2,2,1,82709,2,0,2,0,66,0
targeting,12,15,4,neutral,190,0,0,6,0,629592,72500,0,0,8,118,3,1,1,0,84960,2,0,2,0,54,0
targeting,12,15,5,neutral,165,0,0,6,0,576144,45333,1917,9392,8,109,3,2,2,1,66682,1,0,2,0,57,0
targeting,12,15,6,neutral,160,0,0,6,0,589305,36000,0,0,8,93,3,2,2,0,63251,1,0,2,0,63,0
targeting,12,15,7,neutral,189,0,0,6,0,586045,86479,3521,0,8,52,3,1,1,0,21955,2,0,2,0,66,0
targeting,12,16,0,pvp,614,0,0,5,0,2529543,582274,11726,0,4,44,7,3,1,0,90338,1,1,4,2,48,0
targeting,12,16,1,pvp,650,0,0,4,0,2777457,1086641,559,0,4,158,8,2,2,2,148528,3,2,3,2,39,0
targeting,12,16,2,pvp,673,0,1,0,3,2691163,726831,29169,0,4,73,9,4,2,0,96885,2,1,2,2,0,36
targeting,12,16,3,pvp,529,0,1,0,5,2385226,864005,40495,0,4,62,7,3,3,0,131056,1,2,2,2,0,75
targeting,12,17,0,pvp,799,0,1,0,2,3221821,988788,10212,15120,4,144,10,4,3,4,200783,2,1,3,3,0,45
targeting,12,17,1,pvp,542,0,1,0,5,2559258,737022,25278,0,4,62,7,4,2,2,43895,1,2,2,2,0,57
targeting,12,17,2,pvp,693,0,0,4,0,2630492,968732,39268,0,4,114,8,3,0,0,0,2,2,2,3,54,0
targeting,12,17,3,pvp,900,1,1,1,1,3403947,1085790,12210,0,4,94,10,4,0,0,0,1,2,3,2,18,18
targeting,12,18,0,pvp,777,0,0,4,0,3313994,1258754,19246,0,4,91,8,3,1,1,51563,2,2,3,2,54,0
targeting,12,18,1,pvp,375,0,1,0,6,2236735,602439,18561,0,4,137,6,4,2,2,74332,0,2,2,2,0,90
targeting,12,18,2,pvp,745,0,0,4,0,3233211,1277188,44512,0,4,183,8,2,1,2,72000,3,2,3,2,60,0
targeting,12,18,3,pvp,541,0,0,4,0,2945180,870840,13510,0,4,123,8,3,3,2,125667,2,2,2,2,72,0
targeting,12,19,0,pvp,816,0,1,0,4,3734972,1238368,35582,0,4,142,10,3,1,1,40633,2,2,3,2,0,66
targeting,12,19,1,pvp,707,0,1,0,3,3095386,676292,5008,50321,4,144,11,3,0,0,0,1,2,2,3,0,63
targeting,12,19,2,pvp,900,1,1,2,3,3907927,1582913,58837,0,4,84,9,4,1,1,72000,3,2,3,2,24,45
targeting,12,19,3,pvp,568,0,0,4,0,3325139,828720,28530,27272,4,113,10,5,2,2,146182,2,2,2,3,63,0
targeting,12,20,0,neutral,209,0,0,7,0,703996,87480,2520,0,8,52,3,1,1,0,52582,2,0,3,0,81,0
targeting,12,20,1,neutral,173,0,0,7,0,699996,45900,0,0,8,53,3,1,1,0,34500,1,0,2,0,85,0
targeting,12,20,2,neutral,197,0,0,7,0,697546,125546,50454,0,8,52,3,2,2,0,72840,3,0,3,0,90,0
targeting,12,20,3,neutral,176,0,0,7,0,721890,36000,0,0,8,89,3,2,2,0,102251,3,0,3,0,90,0
targeting,12,20,4,neutral,153,0,0,7,0,697404,61110,1890,0,8,65,3,2,2,1,89940,2,0,2,0,93,0
targeting,12,20,5,neutral,169,0,0,7,0,725373,97751,8749,0,8,114,3,2,2,1,102094,3,0,3,0,96,0
targeting,12,20,6,neutral,182,0,0,7,0,712762,106110,1890,0,8,89,3,3,3,0,125189,2,0,3,0,93,0
targeting,12,20,7,neutral,220,0,0,7,0,725720,144590,35410,0,8,89,3,1,1,0,46773,2,0,3,0,81,0
targeting,12,21,0,pvp,900,1,1,1,4,4225127,1681772,37228,5400,4,91,9,4,1,3,84181,2,2,4,3,18,72
targeting,12,21,1,pvp,783,0,0,4,0,3679672,1048122,12528,7422,4,94,10,3,0,0,0,1,3,2,3,49,0
targeting,12,21,2,pvp,679,0,1,0,4,3663872,1344877,30723,0,4,84,10,4,2,1,218199,3,3,3,3,0,63
targeting,12,21,3,pvp,779,0,0,4,0,3702486,1374956,13744,0,4,94,10,3,1,1,34500,2,2,2,3,72,0
targeting,12,22,0,pvp,762,0,0,5,0,3848012,1439247,27753,3024,4,120,9,4,2,2,166038,2,3,3,3,63,0
targeting,12,22,1,pvp,580,0,1,0,5,3359022,1252685,34815,15930,4,94,9,2,1,2,73304,1,4,3,4,0,81
targeting,12,22,2,pvp,625,0,1,0,3,3601640,912365,32535,0,4,69,11,4,3,2,261738,2,3,2,3,0,54
targeting,12,22,3,pvp,773,0,1,0,3,3877029,1101774,23226,0,4,84,11,4,1,1,21955,2,2,3,2,0,54
targeting,12,23,0,pvp,763,0,1,0,4,3813460,864133,11617,21168,4,64,10,4,3,2,218949,2,3,3,3,0,63
targeting,12,23,1,pvp,874,0,0,4,0,4417337,1943339,45661,24948,4,128,10,3,0,0,0,1,3,3,3,63,0
targeting,12,23,2,pvp,671,0,1,0,4,3490294,1121769,34131,0,4,89,10,4,1,0,64910,4,2,4,3,0,57
targeting,12,23,3,pvp,863,0,0,3,0,3951570,1322163,32787,30027,4,84,11,3,1,1,33000,2,2,2,2,63,0
targeting,12,24,0,pvp,675,0,0,5,0,3490253,1252705,13295,0,4,89,9,3,1,1,104415,2,4,3,4,63,0
targeting,12,24,1,pvp,505,0,1,0,5,3014212,707091,12909,0,4,64,9,2,1,1,33000,1,3,3,3,0,90
targeting,12,24,2,pvp,646,0,1,0,4,3398679,926889,40611,0,4,91,10,4,2,3,292907,3,2,3,2,0,63
targeting,12,24,3,pvp,517,0,0,5,0,3042383,795786,23214,13636,4,52,9,5,1,1,48960,2,2,2,3,81,0
targeting,12,25,0,neutral,310,0,0,7,0,1625275,209272,6728,0,8,113,4,2,2,2,196455,2,0,3,0,81,0
targeting,12,25,1,neutral,299,0,0,7,0,1608551,100695,7305,0,8,94,4,1,1,1,69000,1,0,3,0,90,0
targeting,12,25,2,neutral,294,0,0,7,0,1762382,347055,48695,0,8,166,4,2,2,1,112500,3,0,3,0,96,0
targeting,12,25,3,neutral,336,0,0,6,0,1721153,225000,0,0,8,93,5,2,2,1,96502,3,0,3,0,99,0
targeting,12,25,4,neutral,297,0,0,7,0,1582012,202009,4991,0,8,82,4,2,2,0,159480,2,0,2,0,99,0
targeting,12,25,5,neutral,302,0,0,6,0,1729582,232495,19505,0,8,158,5,2,2,2,188156,3,0,3,0,90,0
targeting,12,25,6,neutral,293,0,0,6,0,1731797,207000,0,0,8,173,5,3,3,0,93186,2,0,3,0,90,0
targeting,12,25,7,neutral,361,0,0,7,0,1637634,286296,1704,0,8,73,4,1,1,0,69782,3,0,3,0,108,0
targeting,12,26,0,pvp,584,0,1,0,7,3514006,1408756,8744,0,4,108,7,3,2,1,82500,2,3,3,3,0,108
targeting,12,26,1,pvp,519,0,1,0,5,3035292,697053,13947,0,4,142,9,3,1,2,140494,1,2,3,2,0,63
targeting,12,26,2,pvp,900,1,0,3,2,4877691,2188932,100218,0,4,120,9,3,3,3,195810,3,3,3,3,54,45
targeting,12,26,3,pvp,695,0,0,5,0,3267543,1089063,69687,0,4,52,9,5,1,1,27501,3,2,3,3,90,0
targeting,12,27,0,pvp,554,0,1,0,4,3202202,486000,0,0,4,94,10,3,2,2,108460,2,1,3,2,0,75
targeting,12,27,1,pvp,900,1,1,3,4,4970404,2569510,80990,0,4,265,7,2,1,0,43500,3,3,3,3,63,81
targeting,12,27,2,pvp,900,1,1,2,3,4425788,1959077,65923,0,4,70,9,4,2,3,116460,3,2,3,2,36,63
targeting,12,27,3,pvp,578,0,0,4,0,3137822,697151,27349,0,4,56,10,5,2,4,224974,3,2,3,3,63,0
targeting,12,28,0,pvp,508,0,0,6,0,3092280,791635,365,0,4,84,8,4,1,1,100884,2,2,3,3,90,0
targeting,12,28,1,pvp,676,0,1,0,1,3656555,490819,4181,27272,4,118,13,4,3,0,209051,1,3,2,3,0,27
targeting,12,28,2,pvp,637,0,1,0,5,4123837,1490400,17100,0,4,144,9,3,3,2,106259,3,2,3,2,0,81
targeting,12,28,3,pvp,900,1,0,3,3,4479181,2060402,72598,0,4,64,8,3,1,2,57502,3,3,3,3,54,63
targeting,12,29,0,pvp,507,0,1,0,5,3332797,870066,20934,0,4,120,9,3,3,1,124801,2,2,3,2,0,81
targeting,12,29,1,pvp,626,0,0,3,0,3177441,338410,12590,0,4,44,11,6,1,1,33000,0,2,3,3,45,0
targeting,12,29,2,pvp,900,1,1,2,4,4305134,1959064,59186,0,4,84,8,3,1,0,35444,3,3,3,3,36,81
targeting,12,29,3,pvp,662,0,1,0,4,3550825,1080695,42055,10227,4,70,10,3,2,0,125782,3,3,3,3,0,63
targeting,12,30,0,neutral,388,0,0,6,0,1978791,130989,31011,0,8,149,5,1,1,0,154689,2,0,3,0,90,0
targeting,12,30,1,neutral,316,0,0,6,0,1899795,0,0,0,8,179,5,3,3,2,142228,0,0,3,0,78,0
targeting,12,30,2,neutral,390,0,0,6,0,2051973,337838,45562,18410,8,145,5,1,1,0,82500,3,0,3,0,90,0
targeting,12,30,3,neutral,421,0,0,6,0,2049937,207000,0,0,8,122,5,2,2,1,87262,3,0,3,0,99,0
targeting,12,30,4,neutral,314,0,0,6,0,1869133,117000,0,0,8,118,5,2,2,1,162960,2,0,2,0,90,0
targeting,12,30,5,neutral,329,0,0,6,0,2099966,291228,23772,0,8,158,5,2,2,3,125609,3,0,3,0,108,0
targeting,12,30,6,neutral,373,0,0,6,0,2028410,230283,3717,0,8,133,5,3,3,1,135666,2,0,3,0,84,0
targeting,12,30,7,neutral,392,0,0,6,0,1935605,265587,6663,0,8,53,5,1,1,1,69000,3,0,3,0,99,0
targeting,12,31,0,pvp,900,1,1,2,3,4251646,1744234,46766,49089,4,104,9,3,1,0,47743,2,3,3,3,45,54
targeting,12,31,1,pvp,675,0,1,0,2,3540453,623984,33016,0,4,64,12,5,2,3,90955,0,2,3,2,0,45
targeting,12,31,2,pvp,818,0,1,0,5,4217870,1897992,29808,0,4,70,9,2,1,0,43500,3,3,3,3,0,90
targeting,12,31,3,pvp,499,0,0,4,0,3134459,701981,13519,0,4,56,10,5,3,2,191678,3,2,3,3,81,0
targeting,12,32,0,pvp,513,0,1,0,6,3481797,1084246,22754,0,4,120,8,3,3,2,124801,2,2,3,2,0,90
targeting,12,32,1,pvp,768,0,1,0,3,3436313,880348,64652,0,4,104,11,5,1,0,23739,0,3,3,3,0,54
targeting,12,32,2,pvp,900,1,0,3,1,4310234,1391004,15246,0,4,70,11,5,1,1,71804,3,2,3,4,54,18
targeting,12,32,3,pvp,575,0,1,0,4,3568592,1131498,18252,0,4,91,10,3,3,1,158782,3,3,3,3,0,81
targeting,12,33,0,ghost,671,0,0,4,0,4193383,1083215,41335,40908,4,94,12,3,3,1,120099,3,3,3,3,63,0
targeting,12,33,1,pvp,673,0,1,0,4,4712435,1366683,46317,13043,4,132,12,3,3,3,250662,3,3,3,3,0,81
targeting,12,33,2,pvp,506,0,1,0,6,3591882,870750,0,0,4,70,10,4,1,2,67500,1,3,3,3,0,117
targeting,12,33,3,pvp,780,0,1,0,5,4352600,1525654,55646,0,4,77,11,3,1,1,39000,4,3,4,3,0,90
targeting,12,34,0,pvp,669,0,1,0,6,4098514,1413360,60390,46956,4,70,10,2,1,0,58594,3,3,3,3,0,117
targeting,12,34,1,pvp,707,0,1,0,5,4502770,1780822,76778,34090,4,91,11,2,1,0,37304,4,3,4,3,0,90
targeting,12,34,2,pvp,684,0,1,0,4,4472737,1262314,44936,23182,4,113,12,5,3,3,305599,3,3,3,3,0,63
targeting,12,35,0,neutral,408,0,0,6,0,2312100,145500,16500,0,8,127,6,1,1,1,103126,3,0,3,0,90,0
targeting,12,35,1,neutral,358,0,0,8,0,2236543,488800,25550,68180,8,114,4,1,1,1,87000,4,0,4,0,144,0
targeting,12,35,2,neutral,319,0,0,7,0,2100826,117000,0,0,8,102,5,3,3,3,184268,2,0,3,0,117,0
targeting,12,35,3,neutral,358,0,0,8,0,2140467,188871,129,0,8,53,4,1,1,1,73500,3,0,3,0,135,0
targeting,12,35,4,neutral,358,0,0,7,0,2260564,328341,29409,12273,8,83,5,2,2,2,157125,3,0,3,0,117,0
targeting,12,35,5,neutral,394,0,0,7,0,2183789,320249,6001,0,8,126,5,1,1,0,34500,3,0,3,0,126,0
targeting,12,36,0,pvp,622,0,1,0,4,4072309,877899,22101,0,4,120,12,4,2,0,70739,3,2,3,3,0,90
targeting,12,36,1,pvp,673,0,0,4,0,4853787,2105857,68093,0,4,118,12,3,3,1,184600,4,4,4,4,81,0
targeting,12,36,2,pvp,900,1,1,3,4,5278888,2676275,96175,0,4,77,9,2,0,0,0,3,3,3,3,54,81
targeting,12,37,0,ghost,600,0,0,6,0,4438881,1889711,19189,18654,4,142,10,3,2,0,146976,3,4,3,4,117,0
targeting,12,37,1,pvp,900,1,1,1,1,4712277,1094071,21479,0,4,84,14,4,2,0,67032,4,2,4,3,27,18
targeting,12,37,2,pvp,546,0,1,0,6,4105650,1481395,44105,0,4,142,10,3,3,1,255901,4,3,4,3,0,99
targeting,12,38,0,pvp,488,0,0,5,0,3945928,1245283,23717,0,4,84,11,5,4,2,167639,2,4,3,4,99,0
targeting,12,38,1,pvp,900,1,0,4,2,5060555,2241763,99587,0,4,77,10,2,0,0,0,3,3,3,3,81,45
targeting,12,39,0,pvp,749,0,1,0,5,4590718,1788274,43226,0,4,70,11,4,2,1,84356,2,3,3,3,0,108
targeting,12,39,1,pvp,673,0,0,5,0,4864126,2186211,99339,40908,4,94,11,3,2,0,133940,3,4,3,4,108,0
targeting,12,40,0,neutral,394,0,0,7,0,2504150,318270,5280,0,8,141,5,1,1,1,73500,3,0,3,0,126,0
targeting,12,40,1,neutral,408,0,0,7,0,2671180,434250,11250,0,8,158,5,2,2,4,187125,4,0,4,0,126,0
targeting,12,40,2,neutral,419,0,0,7,0,2527840,372750,7500,0,8,65,5,1,1,0,34500,3,0,3,0,126,0
targeting,12,41,0,ghost,644,0,1,0,5,4227443,1484064,52686,4754,4,77,11,3,2,1,93656,4,3,4,3,0,90
targeting,12,41,1,pvp,900,1,0,4,3,5408221,2645716,46184,13636,4,120,9,2,0,0,0,3,3,3,3,81,54
targeting,12,42,0,pvp,900,1,1,3,3,5322019,2405914,33536,0,4,118,10,2,0,0,0,3,3,3,3,63,54
targeting,12,43,0,pvp,900,1,0,4,3,5469054,2697806,28744,0,4,114,9,2,1,1,33000,3,3,3,3,81,63
targeting,12,44,0,pvp,900,1,1,3,3,5026043,2095676,22024,0,4,77,10,2,0,0,0,3,3,3,3,63,54
targeting,12,45,0,neutral,408,0,0,8,0,2701029,505391,8059,125216,8,104,4,1,1,1,117000,3,0,3,0,135,0
targeting,12,45,1,neutral,488,0,0,6,0,3223708,342886,14864,0,8,83,6,1,1,0,34500,3,0,3,0,117,0
targeting,13,1,0,neutral,44,0,0,3,0,22826,1826,1674,0,8,44,1,1,1,0,10818,1,0,1,0,6,0
targeting,13,1,1,neutral,44,0,0,3,0,22556,0,0,0,17,44,1,1,1,0,15364,0,0,2,0,5,0
targeting,13,1,2,neutral,64,0,0,4,0,24112,3112,388,0,17,64,1,1,0,0,0,2,0,2,0,6,0
targeting,13,1,3,neutral,40,0,0,3,0,22826,1826,1674,0,8,40,1,1,1,0,17182,1,0,1,0,6,0
targeting,13,1,4,neutral,40,0,0,3,0,22556,0,0,0,17,40,1,2,1,1,16000,0,0,2,0,5,0
targeting,13,1,5,neutral,58,0,0,4,0,24112,0,0,0,21,58,1,0,0,0,0,2,0,2,0,6,0
targeting,13,1,6,neutral,40,0,0,3,0,22826,0,0,0,17,40,1,2,1,1,14636,0,0,2,0,5,0
targeting,13,1,7,neutral,40,0,0,3,0,21000,0,0,0,17,40,1,1,1,0,13364,2,0,2,0,7,0
targeting,13,2,0,neutral,85,0,0,4,0,48500,0,0,622,8,44,2,1,1,0,9545,0,0,3,0,8,0
targeting,13,2,1,neutral,93,0,0,4,0,50408,0,0,0,8,53,2,1,0,0,0,0,0,2,0,10,0
targeting,13,2,2,neutral,127,0,0,4,0,50926,7778,6722,0,8,46,2,0,0,0,0,2,0,2,0,12,0
targeting,13,2,3,neutral,85,0,0,4,0,50566,0,0,0,8,40,2,1,1,0,14127,1,0,2,0,11,0
targeting,13,2,4,neutral,93,0,0,4,0,48230,0,0,622,8,40,2,1,1,0,16000,0,0,2,0,8,0
targeting,13,2,5,neutral,142,0,0,4,0,58088,13998,3502,0,8,65,2,0,0,0,0,2,0,2,0,10,0
targeting,13,2,6,neutral,93,0,0,4,0,50566,0,0,0,8,44,2,2,1,0,7763,1,0,2,0,13,0
targeting,13,2,7,neutral,93,0,0,4,0,48131,0,0,0,17,40,2,1,1,1,14127,1,0,2,0,11,0
targeting,13,3,0,neutral,127,0,0,5,0,83195,12047,1953,0,8,44,3,1,0,0,0,1,0,2,0,14,0
targeting,13,3,1,neutral,122,0,0,5,0,85227,0,0,730,8,40,3,2,1,0,12636,0,0,2,0,11,0
targeting,13,3,2,neutral,151,0,0,5,0,87460,15340,14660,4306,8,52,3,0,0,0,0,3,0,3,0,14,0
targeting,13,3,3,neutral,171,0,0,5,0,87296,12000,4500,0,8,44,3,1,1,0,9672,2,0,2,0,15,0
targeting,13,3,4,neutral,85,0,0,5,0,81696,7000,0,0,8,44,3,2,2,0,13272,1,0,2,0,14,0
targeting,13,3,5,neutral,117,0,0,5,0,82925,13851,8149,0,8,40,3,1,1,0,21000,1,0,2,0,16,0
targeting,13,3,6,neutral,101,0,0,5,0,81614,0,0,0,8,40,3,3,2,0,26227,1,0,3,0,14,0
targeting,13,3,7,neutral,145,0,0,5,0,89696,0,0,0,8,44,3,1,1,0,2672,2,0,2,0,15,0
targeting,13,4,0,pvp,382,0,0,3,0,1116169,28000,0,5217,4,140,7,2,2,1,125734,0,1,3,2,13,0
targeting,13,4,1,pvp,430,0,1,0,3,914344,124454,7546,16365,4,53,7,5,3,0,76936,0,1,3,2,0,10
targeting,13,4,2,pvp,525,0,0,5,0,1069798,435925,5350,0,4,145,5,3,1,0,70034,3,1,3,2,16,0
targeting,13,4,3,pvp,401,0,1,0,4,907362,228250,0,0,4,73,6,4,1,1,35002,1,1,2,2,0,15
targeting,13,5,0,neutral,140,0,0,5,0,324442,0,0,0,8,69,3,1,1,0,51563,0,0,3,0,25,0
targeting,13,5,1,neutral,153,0,0,5,0,328359,0,0,0,8,44,3,2,2,0,22090,0,0,2,0,15,0
targeting,13,5,2,neutral,158,0,0,5,0,329208,52064,6511,1636,8,53,3,2,2,2,55364,2,0,2,0,21,0
targeting,13,5,3,neutral,170,0,0,5,0,342610,56703,9297,0,8,73,3,2,2,0,37319,2,0,2,0,19,0
targeting,13,5,4,neutral,198,0,0,5,0,333268,50998,9502,0,8,69,3,1,1,0,70508,1,0,3,0,20,0
targeting,13,5,5,neutral,178,0,0,5,0,333607,59528,17472,0,8,83,3,1,1,0,46773,2,0,2,0,21,0
targeting,13,5,6,neutral,169,0,0,5,0,343994,22000,0,0,8,109,3,2,2,0,45183,1,0,2,0,18,0
targeting,13,5,7,neutral,165,0,0,5,0,332125,36349,2151,0,8,89,3,2,2,1,50143,2,0,2,0,21,0
targeting,13,6,0,pvp,403,0,0,4,0,1183827,167750,0,0,4,70,6,4,1,0,13591,1,1,2,2,25,0
targeting,13,6,1,pvp,314,0,1,0,4,939291,265124,7126,0,4,84,6,5,2,0,68478,0,2,3,2,0,18
targeting,13,6,2,pvp,622,0,0,3,0,1534917,336833,3667,0,4,91,7,4,1,1,54827,1,1,2,2,18,0
targeting,13,6,3,pvp,531,0,1,0,4,1247757,256827,7173,0,8,133,6,4,4,3,147603,1,2,2,2,0,18
targeting,13,7,0,pvp,470,0,0,3,0,1710194,319000,0,24370,4,33,7,3,1,2,93852,1,1,2,2,24,0
targeting,13,7,1,pvp,413,0,1,0,3,1129499,173678,2822,0,4,64,7,5,1,1,36507,0,2,3,2,0,27
targeting,13,7,2,pvp,525,0,1,0,3,1521804,530781,34144,17075,4,189,7,3,2,0,46773,2,1,2,2,0,30
targeting,13,7,3,pvp,341,0,0,4,0,1088346,115500,0,8727,4,84,6,4,1,2,44106,1,0,2,2,21,0
targeting,13,8,0,pvp,288,0,0,5,0,1037657,121000,0,0,4,91,5,3,1,1,42595,2,0,2,3,39,0
targeting,13,8,1,pvp,674,0,0,4,0,1926048,662410,13940,8727,4,166,6,2,1,0,31778,2,1,2,2,24,0
targeting,13,8,2,pvp,626,0,1,0,3,1862998,724470,36780,0,4,64,7,3,1,1,56252,1,2,2,2,0,21
targeting,13,8,3,pvp,566,0,1,0,3,2049728,446034,15466,0,4,64,7,2,2,3,95254,3,1,3,2,0,36
targeting,13,9,0,pvp,688,0,1,0,4,2481314,901609,23491,0,4,144,8,3,1,1,67500,2,2,2,2,0,30
targeting,13,9,1,pvp,568,0,0,3,0,1963681,189000,0,0,4,46,9,4,0,0,0,0,1,3,2,15,0
targeting,13,9,2,pvp,479,0,1,0,6,1763368,693067,10183,15940,4,108,6,4,1,0,33000,1,3,3,3,0,47
targeting,13,9,3,pvp,536,0,1,0,3,1954433,464417,27583,0,4,84,9,3,2,1,83578,2,1,2,3,0,36
targeting,13,10,0,neutral,169,0,0,6,0,439420,53199,18801,0,8,44,3,2,1,0,2356,1,0,2,0,49,0
targeting,13,10,1,neutral,153,0,0,6,0,455850,0,0,0,8,89,3,3,3,0,67549,0,0,3,0,40,0
targeting,13,10,2,neutral,140,0,0,6,0,472499,67973,3252,0,8,113,3,2,2,1,65455,2,0,2,0,42,0
targeting,13,10,3,neutral,161,0,0,6,0,461207,0,0,0,8,93,3,2,2,1,49637,1,0,2,0,45,0
targeting,13,10,4,neutral,149,0,0,6,0,441193,62379,25621,0,8,83,3,2,2,0,67751,2,0,2,0,36,0
targeting,13,10,5,neutral,169,0,0,6,0,456094,73912,16088,0,8,44,3,1,1,0,48883,3,0,3,0,51,0
targeting,13,10,6,neutral,158,0,0,5,0,457624,14978,3022,0,8,78,4,2,2,1,80848,1,0,2,0,48,0
targeting,13,10,7,neutral,178,0,0,6,0,444895,45434,4066,0,8,44,3,1,1,0,51312,3,0,3,0,53,0
targeting,13,11,0,pvp,417,0,0,4,0,2224326,378325,8675,0,4,104,8,5,3,3,77739,1,1,3,2,33,0
targeting,13,11,1,pvp,556,0,1,0,1,1862047,240374,18376,7044,4,70,11,5,0,0,0,0,1,3,2,0,18
targeting,13,11,2,pvp,702,0,0,3,0,2568209,836413,11037,0,4,94,9,3,1,2,97111,2,3,2,3,36,0
targeting,13,11,3,pvp,845,0,1,0,4,2695937,1036024,35976,0,4,52,8,4,0,0,0,2,2,2,2,0,42
targeting,13,12,0,pvp,564,0,0,4,0,2156621,514320,34680,0,4,40,8,5,2,1,143260,1,1,3,2,45,0
targeting,13,12,1,pvp,407,0,1,0,5,1867418,373894,10606,0,4,83,7,5,1,2,65095,1,1,3,2,0,42
targeting,13,12,2,pvp,615,0,0,4,0,2270694,637280,1070,3522,4,44,8,4,1,1,42955,2,2,2,2,39,0
targeting,13,12,3,pvp,737,0,1,0,3,2443430,793417,5583,0,4,104,9,2,1,1,28751,2,3,2,3,0,30
targeting,13,13,0,pvp,687,0,0,4,0,2586276,720268,28732,10434,4,84,8,3,1,1,44531,1,3,2,3,45,0
targeting,13,13,1,pvp,659,0,1,0,2,2220921,501887,11863,0,4,52,10,4,0,0,0,0,2,3,2,0,24
targeting,13,13,2,pvp,401,0,1,0,5,2225863,509653,8297,0,4,84,7,5,2,2,92279,1,1,2,3,0,54
targeting,13,13,3,pvp,612,0,0,4,0,2318113,594182,17818,0,4,46,8,3,1,1,111079,1,3,2,3,45,0
targeting,13,14,0,pvp,497,0,0,4,0,2163543,468330,17670,0,4,94,8,3,1,1,44531,1,1,2,2,45,0
targeting,13,14,1,pvp,667,0,1,0,2,2878974,612892,2958,0,4,46,10,3,2,4,173719,1,2,2,2,0,12
targeting,13,14,2,pvp,494,0,0,5,0,2345535,562491,6509,0,4,114,7,3,2,2,155280,2,2,2,2,42,0
targeting,13,14,3,pvp,571,0,0,6,0,2201825,803777,28473,17454,4,124,6,3,1,0,114565,3,1,3,2,63,0
targeting,13,15,0,neutral,169,0,0,6,0,568436,0,0,0,8,44,3,2,2,0,47685,1,0,2,0,75,0
targeting,13,15,1,neutral,158,0,0,6,0,589305,36000,0,0,8,73,3,2,2,1,50934,1,0,2,0,75,0
targeting,13,15,2,neutral,185,0,0,6,0,587252,105962,29838,0,8,44,3,1,1,0,24938,3,0,3,0,57,0
targeting,13,15,3,neutral,153,0,0,6,0,584088,58500,4500,0,8,65,3,2,2,0,56455,2,0,2,0,66,0
targeting,13,15,4,neutral,145,0,0,6,0,560308,74530,26970,7365,8,83,3,2,2,1,106257,2,0,2,0,60,0
targeting,13,15,5,neutral,190,0,0,6,0,596479,78750,0,0,8,93,3,1,1,0,34500,3,0,3,0,69,0
targeting,13,15,6,neutral,183,0,0,5,0,600652,0,0,0,8,113,4,2,2,1,82709,2,0,2,0,63,0
targeting,13,15,7,neutral,189,0,0,6,0,601651,75522,5478,0,8,133,3,1,1,0,28751,2,0,2,0,66,0
targeting,13,16,0,pvp,526,0,0,5,0,2520811,638237,7963,0,4,137,7,3,2,1,123562,1,2,2,2,66,0
targeting,13,16,1,pvp,603,0,0,4,0,2591623,776964,7286,8727,4,46,8,3,1,3,79679,1,3,2,3,63,0
targeting,13,16,2,pvp,531,0,0,5,0,2515040,1024040,10210,0,4,189,7,3,1,1,67500,3,2,3,2,48,0
targeting,13,16,3,pvp,615,0,0,4,0,2699882,878960,19540,5522,4,44,8,4,1,2,100778,2,2,2,2,45,0
targeting,13,17,0,pvp,397,0,0,5,0,1964153,221850,0,13043,4,84,7,5,2,1,54174,1,0,2,3,66,0
targeting,13,17,1,pvp,644,0,0,4,0,2888727,981378,7122,0,4,91,8,3,2,2,174720,2,2,2,2,60,0
targeting,13,17,2,pvp,711,0,0,3,0,2482442,488402,40348,0,4,84,9,4,2,0,63632,2,2,2,2,54,0
targeting,13,17,3,pvp,810,0,0,3,0,3147644,1120039,14961,0,4,184,9,3,2,2,100555,2,3,2,3,33,0
targeting,13,18,0,pvp,502,0,0,4,0,2300546,535496,5304,1972,4,94,8,3,2,1,123562,1,3,2,3,57,0
targeting,13,18,1,pvp,298,0,1,0,6,1633622,281182,6818,0,4,62,6,5,2,2,76810,0,2,3,2,0,66
targeting,13,18,2,pvp,501,0,0,6,0,2549079,950157,33993,0,4,147,6,4,2,2,146415,2,2,2,2,90,0
targeting,13,18,3,pvp,900,1,0,2,2,3273042,1128488,50512,13636,4,64,8,3,1,0,28751,2,2,2,2,36,36
targeting,13,19,0,pvp,447,0,0,6,0,2259781,586141,20459,0,4,24,8,5,2,1,149095,2,2,2,3,84,0
targeting,13,19,1,pvp,566,0,1,0,3,2514439,428636,3364,0,4,44,11,5,1,1,27501,0,2,3,2,0,45
targeting,13,19,2,pvp,740,0,0,4,0,3691397,1121940,30960,25424,4,94,10,4,2,3,182024,2,2,2,2,39,0
targeting,13,19,3,pvp,640,0,0,5,0,3088142,1064138,15112,0,4,70,9,4,2,4,107390,3,3,3,3,72,0
targeting,13,20,0,neutral,145,0,0,7,0,685258,63360,5490,0,8,89,3,2,2,0,86063,2,0,2,0,93,0
targeting,13,20,1,neutral,156,0,0,7,0,715044,0,0,0,8,93,3,3,3,1,82027,0,0,3,0,69,0
targeting,13,20,2,neutral,191,0,0,7,0,695146,110116,19384,0,8,52,3,2,2,1,46535,3,0,3,0,96,0
targeting,13,20,3,neutral,166,0,0,7,0,719864,84750,750,0,8,114,3,2,2,0,67298,2,0,2,0,87,0
targeting,13,20,4,neutral,153,0,0,7,0,687258,78962,2038,0,8,69,3,3,3,1,140002,2,0,3,0,75,0
targeting,13,20,5,neutral,180,0,0,7,0,725922,142182,13068,0,8,93,3,1,1,0,44531,3,0,3,0,90,0
targeting,13,20,6,neutral,180,0,0,7,0,746240,72000,0,0,8,137,3,3,3,0,72661,2,0,3,0,69,0
targeting,13,20,7,neutral,209,0,0,7,0,727330,85110,4890,0,8,93,3,2,2,0,81251,2,0,2,0,69,0
targeting,13,21,0,pvp,693,0,0,5,0,3345564,1163540,13160,0,4,83,9,4,1,1,85109,2,3,2,3,75,0
targeting,13,21,1,pvp,422,0,1,0,7,2447921,837861,17139,7364,4,58,7,4,2,0,59504,0,3,3,3,0,90
targeting,13,21,2,pvp,759,0,0,4,0,4109942,1733114,42136,0,4,64,10,5,2,2,72411,3,2,3,3,72,0
targeting,13,21,3,pvp,900,1,1,2,3,3773479,1569217,82283,2783,4,91,9,2,1,2,78254,3,3,3,3,36,45
targeting,13,22,0,pvp,683,0,0,5,0,3487808,1074763,20087,0,4,104,9,3,1,0,97111,2,3,2,3,81,0
targeting,13,22,1,pvp,346,0,1,0,6,2110760,482400,3600,0,4,46,8,6,3,1,124267,0,2,3,3,0,90
targeting,13,22,2,pvp,613,0,0,6,0,3341911,1429275,32275,13636,4,214,8,3,2,1,155100,3,3,3,3,87,0
targeting,13,22,3,pvp,664,0,0,4,0,3340915,930888,7362,0,4,84,10,3,1,2,119573,3,3,3,3,72,0
targeting,13,23,0,pvp,750,0,0,5,0,3781483,1710582,45768,7111,4,113,9,3,1,1,69000,2,3,2,3,81,0
targeting,13,23,1,pvp,625,0,1,0,6,3372492,1407570,23430,0,4,99,8,3,2,1,60114,1,3,3,3,0,99
targeting,13,23,2,pvp,900,1,0,2,1,4189867,1456365,25935,0,4,104,11,3,1,2,139611,3,3,3,3,45,18
targeting,13,23,3,pvp,471,0,1,0,6,3239920,1205233,48017,0,4,84,8,5,2,4,127987,3,2,3,3,0,90
targeting,13,24,0,pvp,466,0,0,5,0,2759692,555807,13893,17045,4,77,9,5,2,2,112594,2,1,3,3,81,0
targeting,13,24,1,pvp,559,0,1,0,5,3666490,1463887,43163,7730,4,114,9,5,3,1,171478,3,2,3,3,0,81
targeting,13,24,2,pvp,900,1,1,1,3,3903046,1466714,92536,0,4,91,10,3,1,1,27501,3,3,3,3,18,45
targeting,13,24,3,pvp,900,1,0,5,2,4403205,2344835,80665,3550,4,108,7,2,0,0,0,3,3,3,3,90,36
targeting,13,25,0,neutral,273,0,0,7,0,1601908,179445,1905,0,8,44,4,3,3,1,149727,2,0,3,0,99,0
targeting,13,25,1,neutral,269,0,0,6,0,1670348,36000,0,0,8,127,5,2,2,1,102251,1,0,2,0,90,0
targeting,13,25,2,neutral,358,0,0,6,0,1730850,189904,27496,0,8,111,5,2,2,1,82500,3,0,3,0,87,0
targeting,13,25,3,neutral,358,0,0,7,0,1763352,346194,2556,0,8,77,4,1,1,0,91440,4,0,4,0,117,0
targeting,13,25,4,neutral,283,0,0,7,0,1715662,400359,22641,0,8,113,4,2,2,1,108000,3,0,3,0,108,0
targeting,13,25,5,neutral,401,0,0,6,0,1794196,261000,0,0,8,122,5,1,1,0,44531,3,0,3,0,99,0
targeting,13,25,6,neutral,394,0,0,6,0,1755414,210390,32610,0,8,129,5,1,1,1,60754,3,0,3,0,90,0
targeting,13,25,7,neutral,388,0,0,7,0,1808004,331776,10224,0,8,282,4,1,1,1,57502,3,0,3,0,84,0
targeting,13,26,0,pvp,446,0,0,5,0,3073743,538200,0,3550,4,64,9,5,2,1,115242,1,2,3,2,90,0
targeting,13,26,1,pvp,731,0,1,0,3,3762972,1031006,30994,6678,4,145,11,3,1,2,86376,1,3,2,3,0,45
targeting,13,26,2,pvp,900,1,0,3,2,4380897,1771958,50542,0,4,70,9,3,1,0,23427,4,2,4,2,63,45
targeting,13,26,3,pvp,556,0,0,5,0,3572089,1316019,53331,0,4,94,9,4,2,2,180783,3,3,3,3,90,0
targeting,13,27,0,pvp,643,0,1,0,4,3908273,1236968,36532,0,4,83,10,4,1,2,87464,1,4,3,4,0,63
targeting,13,27,1,pvp,488,0,1,0,5,3070232,631350,2700,0,4,83,9,4,2,2,188933,1,3,2,3,0,81
targeting,13,27,2,pvp,883,0,0,3,0,3794154,800550,5400,13043,4,70,11,4,3,3,144384,2,2,2,2,54,0
targeting,13,27,3,pvp,664,0,0,5,0,3542267,1279954,25046,32508,4,91,9,2,1,2,69000,3,3,3,3,72,0
targeting,13,28,0,ghost,645,0,1,0,5,3742301,1200391,29459,0,4,70,9,3,2,1,127290,2,4,2,4,0,90
targeting,13,28,1,pvp,688,0,0,3,0,4067792,1387833,31917,0,4,104,11,5,3,3,124837,1,4,3,4,72,0
targeting,13,28,2,pvp,900,1,1,2,4,4861476,2603441,130309,51135,4,94,8,1,0,0,0,4,4,4,4,45,72
targeting,13,28,3,pvp,840,0,0,4,0,3812231,1125910,17090,0,4,101,10,3,2,0,53212,2,3,2,3,72,0
targeting,13,29,0,ghost,707,0,0,4,0,3732426,912371,5629,0,4,73,10,2,1,0,28751,2,4,2,4,72,0
targeting,13,29,1,pvp,646,0,0,6,0,4262383,1971060,62940,0,4,118,8,2,1,1,67500,2,4,2,4,108,0
targeting,13,29,2,pvp,586,0,0,3,0,3421146,768150,8550,0,4,158,11,4,3,3,241857,2,4,2,4,54,0
targeting,13,29,3,pvp,900,1,0,4,1,4616788,2270618,60382,54544,4,164,9,2,0,0,0,4,3,4,3,81,18
targeting,13,30,0,neutral,285,0,0,7,0,1800970,326306,33694,46634,8,53,4,2,2,2,158062,2,0,2,0,117,0
targeting,13,30,1,neutral,362,0,0,7,0,1993479,215100,17550,0,8,220,4,2,2,1,82500,2,0,2,0,99,0
targeting,13,30,2,neutral,437,0,0,6,0,2070938,180501,8499,0,8,158,5,1,1,0,42480,3,0,3,0,99,0
targeting,13,30,3,neutral,430,0,0,7,0,2107082,447750,38250,0,8,282,4,0,0,0,0,4,0,4,0,117,0
targeting,13,30,4,neutral,366,0,0,7,0,2010338,402027,19623,0,8,109,4,2,2,2,196466,4,0,4,0,117,0
targeting,13,30,5,neutral,337,0,0,7,0,1989969,171000,0,0,8,151,4,2,2,2,133006,2,0,2,0,99,0
targeting,13,30,6,neutral,393,0,0,6,0,2006765,342832,44168,0,8,145,5,1,1,0,26880,3,0,3,0,99,0
targeting,13,31,0,ghost,779,0,1,0,5,3850632,1775952,91548,0,4,91,9,3,1,1,41609,4,3,4,3,0,90
targeting,13,31,1,pvp,621,0,1,0,3,3950472,1098556,15194,0,4,91,11,4,1,2,87464,2,2,2,2,0,45
targeting,13,31,2,pvp,900,1,1,1,3,3952454,1091125,31625,0,4,73,10,4,2,1,73414,2,2,2,2,18,45
targeting,13,31,3,pvp,693,0,1,0,6,3945181,1647702,116298,5566,4,84,8,1,1,1,52591,4,3,4,3,0,99
targeting,13,32,0,pvp,664,0,0,4,0,3786638,1289240,24760,0,4,94,10,3,1,1,33000,2,3,2,3,90,0
targeting,13,32,1,pvp,900,1,0,3,2,5361741,2817374,95926,0,4,265,9,2,2,1,76500,2,4,2,4,45,45
targeting,13,32,2,pvp,718,0,1,0,3,3760968,830523,15477,5566,4,84,11,4,2,0,84191,1,2,2,2,0,63
targeting,13,33,0,pvp,441,0,0,7,0,3568755,984185,41815,0,4,70,9,4,2,1,163573,2,4,3,4,117,0
targeting,13,33,1,pvp,780,0,1,0,3,4319248,947800,0,16666,4,118,13,4,2,3,132177,3,2,3,2,0,36
targeting,13,33,2,pvp,887,0,1,0,4,4751331,1493166,9834,0,4,91,12,4,2,0,57491,3,3,3,3,0,72
targeting,13,34,0,pvp,678,0,0,3,0,4104641,909769,5981,23863,4,84,13,5,2,3,166686,2,2,3,2,72,0
targeting,13,34,1,pvp,900,1,1,1,2,4995152,1558026,33624,0,4,33,13,4,4,1,240826,3,3,3,3,18,45
targeting,13,34,2,pvp,900,1,0,4,1,5381651,2319336,29664,22264,4,91,11,3,1,1,89062,4,3,4,3,72,27
targeting,13,35,0,neutral,293,0,0,8,0,2076404,353243,24757,61363,8,133,4,3,3,1,170471,2,0,3,0,126,0
targeting,13,35,1,neutral,408,0,0,7,0,2334294,201100,3500,0,8,127,5,2,2,2,121500,3,0,3,0,87,0
targeting,13,35,2,neutral,294,0,0,8,0,2084910,233871,129,0,8,53,4,2,2,0,76980,2,0,2,0,126,0
targeting,13,35,3,neutral,374,0,0,8,0,2182009,374000,22000,0,8,83,4,1,1,0,104393,4,0,4,0,126,0
targeting,13,35,4,neutral,368,0,0,7,0,2202563,243000,0,0,8,114,5,2,2,0,55631,3,0,3,0,108,0
targeting,13,36,0,ghost,900,1,1,1,3,4759621,1488594,36906,47247,4,124,12,4,1,1,40633,2,3,2,3,18,63
targeting,13,36,1,pvp,470,0,0,5,0,3245148,368836,8264,11111,4,33,11,5,3,3,322608,2,3,3,3,81,0
targeting,13,36,2,pvp,900,1,1,2,3,5472963,2266011,109989,68180,4,120,11,3,2,2,57491,4,3,4,3,45,45
targeting,13,37,0,ghost,830,0,1,0,3,5164811,1970665,63335,61362,4,118,13,4,2,2,126971,2,4,3,4,0,54
targeting,13,37,1,pvp,835,0,1,0,6,4630264,2177382,114718,37174,4,91,10,3,1,0,45913,3,4,3,4,0,108
targeting,13,37,2,pvp,737,0,0,4,0,4555533,1552789,49211,0,4,114,12,3,1,1,40633,2,4,2,4,81,0
targeting,13,38,0,ghost,840,0,0,5,0,4795355,1878496,61004,23863,4,70,11,3,2,2,72542,4,2,4,2,90,0
targeting,13,38,1,pvp,631,0,0,6,0,4129191,1706871,48129,0,4,70,10,4,1,2,166686,2,4,3,4,108,0
targeting,13,38,2,pvp,670,0,1,0,4,3899695,994973,65827,17031,4,91,12,4,2,2,227257,3,2,3,2,0,54
targeting,13,39,0,ghost,900,1,0,3,1,5069926,1807328,35372,0,4,120,12,3,1,2,117913,4,3,4,3,54,18
targeting,13,39,1,pvp,642,0,0,3,0,4049131,800453,14047,20454,4,62,13,5,2,2,136706,2,2,3,2,63,0
targeting,13,39,2,pvp,541,0,1,0,7,3468355,1147145,15755,0,4,70,9,3,2,2,127187,3,4,3,4,0,108
targeting,13,40,0,neutral,302,0,0,7,0,2435289,239250,12750,0,8,203,5,3,3,1,187137,2,0,3,0,117,0
targeting,13,40,1,neutral,383,0,0,7,0,2445472,236020,33980,0,8,137,5,2,2,1,168480,2,0,2,0,117,0
targeting,13,40,2,neutral,433,0,0,8,0,2552232,571500,13500,0,8,173,4,1,1,0,140625,4,0,4,0,126,0
targeting,13,40,3,neutral,458,0,0,8,0,2666230,657480,8520,63000,8,145,4,1,1,0,26880,4,0,4,0,126,0
targeting,13,41,0,pvp,900,1,1,3,3,5192335,2224006,70994,27272,4,118,10,4,2,2,70393,2,4,3,4,72,54
targeting,13,41,1,pvp,693,0,0,5,0,4340064,1436835,63915,8349,4,84,11,3,0,0,0,2,4,2,4,99,0
targeting,13,42,0,ghost,900,1,0,4,2,5877924,2764632,68118,0,4,227,10,3,1,1,25711,4,2,4,2,81,45
targeting,13,42,1,pvp,507,0,0,4,0,3967002,982589,16411,0,4,124,12,5,2,2,122593,2,2,3,2,81,0
targeting,13,43,0,pvp,664,0,0,4,0,4509616,1397540,33460,0,4,70,12,4,3,3,216606,2,4,3,4,81,0
targeting,14,1,0,neutral,64,0,0,4,0,24112,3112,388,0,21,64,1,0,0,0,0,2,0,2,0,6,0
targeting,14,1,1,neutral,53,0,0,3,0,24112,1556,1944,0,8,53,1,1,0,0,0,1,0,1,0,6,0
targeting,14,1,2,neutral,44,0,0,4,0,22826,0,0,0,17,44,1,2,1,0,7000,2,0,2,0,6,0
targeting,14,1,3,neutral,56,0,0,3,0,24112,0,0,0,17,56,1,1,1,1,11000,0,0,2,0,5,0
targeting,14,1,4,neutral,64,0,0,4,0,24112,3112,3888,0,8,64,1,1,0,0,0,1,0,2,0,5,0
targeting,14,1,5,neutral,72,0,0,3,0,24112,0,0,0,17,72,1,1,1,0,11000,0,0,2,0,5,0
targeting,14,1,6,neutral,56,0,0,3,0,24112,0,0,0,17,56,1,1,1,1,11000,0,0,2,0,5,0
targeting,14,1,7,neutral,40,0,0,3,0,22556,0,0,0,17,40,1,2,1,0,21000,0,0,2,0,5,0
targeting,14,2,0,neutral,125,0,0,4,0,53001,0,0,0,8,44,2,1,1,0,7763,1,0,1,0,13,0
targeting,14,2,1,neutral,49,0,0,4,0,45696,0,0,0,8,44,2,2,2,1,17681,0,0,2,0,10,0
targeting,14,2,2,neutral,93,0,0,4,0,49122,5974,5026,0,8,40,2,1,1,0,14127,1,0,1,0,13,0
targeting,14,2,3,neutral,40,0,0,4,0,45426,0,0,0,8,40,2,3,2,2,34000,0,0,3,0,6,0
targeting,14,2,4,neutral,58,0,0,4,0,48334,5500,0,0,8,52,2,1,1,1,18000,1,0,2,0,11,0
targeting,14,2,5,neutral,97,0,0,4,0,48852,7000,0,0,8,40,2,1,1,1,4364,2,0,2,0,10,0
targeting,14,2,6,neutral,93,0,0,4,0,48852,0,0,0,8,40,2,1,1,0,17182,1,0,2,0,9,0
targeting,14,2,7,neutral,83,0,0,4,0,48852,3500,0,0,8,40,2,1,1,0,17182,1,0,1,0,11,0
targeting,14,3,0,neutral,153,0,0,5,0,88131,0,0,0,8,64,3,1,1,0,13591,1,0,2,0,16,0
targeting,14,3,1,neutral,85,0,0,5,0,81696,0,0,0,8,40,3,2,2,0,28545,0,0,2,0,13,0
targeting,14,3,2,neutral,122,0,0,5,0,85957,14087,2413,0,8,44,3,1,1,0,4672,2,0,2,0,15,0
targeting,14,3,3,neutral,108,0,0,5,0,83148,0,0,0,8,44,3,3,2,0,14363,0,0,3,0,11,0
targeting,14,3,4,neutral,97,0,0,5,0,81464,12029,9971,0,8,40,3,3,2,1,15308,1,0,3,0,16,0
targeting,14,3,5,neutral,93,0,0,5,0,81426,8556,1944,0,8,40,3,2,2,1,22945,2,0,2,0,15,0
targeting,14,3,6,neutral,125,0,0,5,0,83148,0,0,0,8,44,3,1,1,0,7545,1,0,3,0,14,0
targeting,14,3,7,neutral,93,0,0,5,0,80725,7000,0,0,8,24,3,1,1,0,21000,1,0,2,0,14,0
targeting,14,4,0,pvp,646,0,0,5,0,1143168,275512,4988,0,4,113,5,1,0,0,0,1,0,3,3,16,0
targeting,14,4,1,pvp,546,0,0,3,0,1337064,193942,4058,26181,4,70,7,3,1,1,39844,0,1,2,2,15,0
targeting,14,4,2,pvp,688,0,1,0,3,1428865,527260,2390,2045,4,84,7,4,2,3,58818,2,1,2,2,0,12
targeting,14,4,3,pvp,377,0,1,0,4,1110013,198000,0,0,4,114,6,4,1,1,21000,1,1,2,2,0,15
targeting,14,5,0,neutral,237,0,0,5,0,361110,74000,3000,0,8,83,3,0,0,0,0,2,0,2,0,27,0
targeting,14,5,1,neutral,191,0,0,5,0,331743,0,0,0,8,53,3,3,3,1,65682,0,0,3,0,19,0
targeting,14,5,2,neutral,163,0,0,5,0,338311,62940,8560,0,8,83,3,2,2,0,49174,2,0,2,0,21,0
targeting,14,5,3,neutral,162,0,0,5,0,332283,22000,0,9816,8,73,3,2,2,0,58547,1,0,2,0,18,0
targeting,14,5,4,neutral,158,0,0,5,0,327034,23375,0,0,8,94,3,1,1,0,34500,2,0,2,0,29,0
targeting,14,5,5,neutral,133,0,0,5,0,320064,43212,17288,0,8,44,3,1,1,0,24382,2,0,2,0,27,0
targeting,14,5,6,neutral,198,0,0,5,0,333330,0,0,0,8,70,3,1,1,0,21955,2,0,2,0,21,0
targeting,14,5,7,neutral,189,0,0,5,0,334133,42500,1500,0,8,52,3,2,2,0,63716,1,0,2,0,22,0
targeting,14,6,0,pvp,900,1,1,2,1,1708363,539791,10209,11832,4,224,7,2,1,1,30545,2,2,2,2,12,6
targeting,14,6,1,pvp,264,0,1,0,5,842567,142527,2123,5455,4,70,5,4,1,1,63329,0,2,3,2,0,33
targeting,14,6,2,pvp,495,0,0,4,0,1405960,404894,13106,4435,4,144,6,2,1,2,50928,2,1,2,2,25,0
targeting,14,6,3,pvp,470,0,0,4,0,1289342,257274,12226,0,4,84,6,3,2,3,97584,2,1,2,2,21,0
targeting,14,7,0,pvp,621,0,0,3,0,1917615,621387,17613,0,4,124,7,2,1,2,42955,1,1,2,2,30,0
targeting,14,7,1,pvp,517,0,0,2,0,1464584,22000,0,0,4,75,8,4,1,2,63036,0,1,2,2,12,0
targeting,14,7,2,pvp,900,1,0,2,1,1746076,525630,15870,4435,4,166,7,3,0,0,0,1,1,2,2,21,4
targeting,14,7,3,pvp,601,0,0,2,0,1797043,489117,7233,0,4,84,8,2,2,3,105000,1,2,2,2,27,0
targeting,14,8,0,pvp,850,0,1,0,2,2370906,742303,4247,0,4,70,8,3,1,1,28111,1,1,2,2,0,27
targeting,14,8,1,pvp,538,0,0,3,0,1747128,212091,3909,4091,4,104,7,4,3,3,121000,0,1,2,2,21,0
targeting,14,8,2,pvp,900,1,0,1,1,2026242,710471,27529,0,4,120,8,4,1,2,42955,1,1,2,2,18,18
targeting,14,8,3,pvp,370,0,1,0,4,1230533,192916,10584,0,4,114,6,3,2,0,154077,1,1,2,2,0,27
targeting,14,9,0,pvp,469,0,0,4,0,1661885,398067,19933,0,4,104,8,4,1,1,30060,2,0,2,3,42,0
targeting,14,9,1,pvp,452,0,1,0,6,1635703,472990,12010,30028,4,83,6,3,1,1,100577,2,2,2,2,0,42
targeting,14,9,2,pvp,650,0,1,0,3,2347830,766700,14950,4435,4,66,9,4,2,3,97751,1,1,2,2,0,36
targeting,14,9,3,pvp,856,0,1,0,4,2429410,1093910,65590,0,4,52,8,5,1,1,21000,2,2,3,2,0,38
targeting,14,10,0,neutral,209,0,0,6,0,482289,64250,26750,0,8,131,3,0,0,0,0,2,0,3,0,48,0
targeting,14,10,1,neutral,149,0,0,6,0,437991,0,0,0,8,44,3,2,2,1,53864,0,0,3,0,36,0
targeting,14,10,2,neutral,170,0,0,6,0,465088,36000,0,0,8,82,3,1,1,0,26880,3,0,3,0,47,0
targeting,14,10,3,neutral,169,0,0,6,0,438038,51279,11721,0,8,73,3,3,3,0,82189,1,0,3,0,40,0
targeting,14,10,4,neutral,153,0,0,6,0,456392,55128,2972,0,8,52,3,2,2,1,65455,2,0,2,0,48,0
targeting,14,10,5,neutral,153,0,0,6,0,441176,53000,0,0,8,52,3,3,3,0,81273,2,0,3,0,42,0
targeting,14,10,6,neutral,163,0,0,6,0,459778,42372,1628,0,8,93,3,2,2,1,49637,2,0,2,0,48,0
targeting,14,10,7,neutral,166,0,0,6,0,452892,0,0,0,8,121,3,1,1,0,65625,1,0,3,0,39,0
targeting,14,11,0,pvp,740,0,0,5,0,2471291,959359,10141,3024,4,254,7,2,1,0,21955,2,1,3,2,45,0
targeting,14,11,1,pvp,382,0,1,0,4,1671155,134667,333,0,4,69,8,6,3,3,108700,0,1,3,3,0,34
targeting,14,11,2,pvp,500,0,0,5,0,1925480,509421,21579,0,4,94,7,4,1,1,53760,3,3,3,3,48,0
targeting,14,11,3,pvp,554,0,1,0,4,2141898,528087,8213,0,4,94,8,2,1,3,149898,3,1,3,3,0,33
targeting,14,12,0,pvp,810,0,1,0,3,2417879,744049,4451,0,4,91,9,3,1,2,69000,2,2,3,3,0,45
targeting,14,12,1,pvp,737,0,1,0,3,2474467,706457,29543,6261,4,178,9,3,1,0,23739,1,3,2,3,0,30
targeting,14,12,2,pvp,604,0,0,4,0,2205776,647865,5185,0,4,64,8,4,1,1,21000,1,3,3,3,34,0
targeting,14,12,3,pvp,645,0,1,0,4,2351177,630409,26591,26181,4,49,8,3,1,2,100577,1,1,2,3,0,39
targeting,14,13,0,pvp,900,1,1,1,3,2738996,1115505,33495,0,4,52,8,4,1,1,56252,2,2,2,3,18,45
targeting,14,13,1,pvp,571,0,1,0,2,2516928,501273,20727,0,4,129,10,3,3,3,177933,1,1,2,3,0,27
targeting,14,13,2,pvp,900,1,0,3,1,2694272,1043572,69928,0,4,91,8,4,1,1,21000,3,2,3,3,30,18
targeting,14,13,3,pvp,520,0,0,5,0,2227551,880896,35754,0,4,91,7,4,2,2,40114,2,1,2,2,57,0
targeting,14,14,0,pvp,600,0,1,0,4,2612492,885208,23292,0,4,70,8,3,2,0,113739,2,1,2,2,0,45
targeting,14,14,1,pvp,900,1,0,2,1,2708122,935732,43268,0,4,52,9,3,1,1,21000,3,1,3,2,24,9
targeting,14,14,2,pvp,681,0,1,0,4,2744802,785091,6909,0,4,56,8,5,1,3,145108,2,1,3,2,0,45
targeting,14,14,3,pvp,482,0,1,0,6,2295099,947008,53742,0,4,120,6,3,2,0,100500,3,2,3,2,0,60
targeting,14,15,0,neutral,213,0,0,6,0,615392,33000,0,0,8,73,3,1,1,0,21955,2,0,2,0,54,0
targeting,14,15,1,neutral,149,0,0,6,0,564113,0,0,0,8,94,3,3,3,1,91500,0,0,3,0,42,0
targeting,14,15,2,neutral,185,0,0,6,0,565079,81523,8977,0,8,41,3,1,1,0,54698,3,0,3,0,57,0
targeting,14,15,3,neutral,169,0,0,6,0,567275,80942,9058,0,8,82,3,3,3,1,111867,2,0,3,0,60,0
targeting,14,15,4,neutral,153,0,0,6,0,594523,86296,5954,0,8,93,3,2,2,1,78000,2,0,2,0,60,0
targeting,14,15,5,neutral,189,0,0,6,0,589313,103086,25414,0,8,53,3,2,2,1,113311,3,0,3,0,63,0
targeting,14,15,6,neutral,233,0,0,6,0,613583,94305,4695,0,8,93,3,1,1,0,21955,2,0,2,0,66,0
targeting,14,15,7,neutral,126,0,0,6,0,554088,0,0,0,8,53,3,2,2,1,100125,1,0,2,0,63,0
targeting,14,16,0,pvp,835,0,0,4,0,2896193,1237094,62956,0,4,44,8,3,1,0,33000,2,2,2,2,54,0
targeting,14,16,1,pvp,900,1,0,1,1,2991143,924712,30788,0,4,114,10,5,1,1,73376,1,4,3,4,27,18
targeting,14,16,2,pvp,682,0,0,3,0,3016480,862800,10200,0,4,70,9,4,2,2,146948,2,1,2,3,27,0
targeting,14,16,3,pvp,646,0,0,4,0,2736511,768325,15125,0,4,84,8,3,1,1,67500,2,2,2,2,54,0
targeting,14,17,0,pvp,830,0,1,0,4,3823561,1533280,23720,18838,4,120,8,3,2,4,181066,2,1,2,3,0,39
targeting,14,17,1,pvp,501,0,1,0,5,2415511,446326,8174,0,4,46,7,4,2,2,59389,1,2,3,2,0,63
targeting,14,17,2,pvp,900,1,0,3,1,3313966,1273628,24972,0,4,144,8,3,1,1,25711,3,2,3,2,45,18
targeting,14,17,3,pvp,494,0,0,6,0,2549114,1254914,50086,0,4,114,6,5,2,2,105503,3,3,3,3,81,0
targeting,14,18,0,pvp,890,0,1,0,4,3620385,1696185,74565,0,4,158,8,3,1,2,69000,2,3,2,3,0,63
targeting,14,18,1,pvp,900,1,1,1,4,3092785,1273382,41618,0,4,84,7,4,1,1,68655,1,3,3,3,18,51
targeting,14,18,2,pvp,799,0,0,4,0,3425463,1517964,61086,0,4,64,8,4,2,2,101772,3,1,3,3,54,0
targeting,14,18,3,pvp,815,0,1,0,3,3187047,976585,38615,0,4,83,9,4,2,3,84566,3,2,3,2,0,63
targeting,14,19,0,pvp,900,1,0,6,4,4298638,2847819,202181,3711,4,120,4,2,0,0,0,2,4,2,4,72,48
targeting,14,19,1,pvp,556,0,1,0,6,3110872,1207241,57259,13636,4,52,8,5,2,2,104542,1,3,3,3,0,75
targeting,14,19,2,pvp,624,0,0,5,0,3382360,1031246,5554,0,4,114,9,3,1,1,69000,3,2,3,3,63,0
targeting,14,19,3,pvp,737,0,1,0,3,3597895,1086400,5600,0,4,114,11,5,2,4,179799,4,1,4,4,0,36
targeting,14,20,0,neutral,190,0,0,7,0,693626,52926,1074,0,8,53,3,1,1,0,73500,2,0,2,0,81,0
targeting,14,20,1,neutral,173,0,0,7,0,738630,36000,0,0,8,129,3,3,3,1,113254,1,0,3,0,78,0
targeting,14,20,2,neutral,220,0,0,7,0,699036,127036,23464,0,8,53,3,1,1,0,65280,4,0,4,0,75,0
targeting,14,20,3,neutral,174,0,0,7,0,679594,82964,13786,0,8,73,3,2,2,1,113254,3,0,3,0,84,0
targeting,14,20,4,neutral,174,0,0,7,0,694323,122323,31127,0,8,73,3,2,2,1,121500,3,0,3,0,90,0
targeting,14,20,5,neutral,145,0,0,7,0,704390,107782,16718,0,8,73,3,3,3,0,100986,4,0,4,0,81,0
targeting,14,20,6,neutral,166,0,0,7,0,740466,120840,1560,0,8,153,3,1,1,0,34500,2,0,3,0,93,0
targeting,14,20,7,neutral,180,0,0,7,0,697850,18000,0,0,8,65,3,2,2,1,139125,1,0,4,0,60,0
targeting,14,21,0,pvp,640,0,0,5,0,3521775,1180627,6373,0,4,145,9,3,1,1,39000,2,4,3,4,75,0
targeting,14,21,1,pvp,507,0,1,0,5,2922016,714496,17204,0,4,104,9,5,2,1,66521,1,3,3,3,0,63
targeting,14,21,2,pvp,900,1,1,2,5,3986245,1947840,137660,0,4,84,7,4,1,2,64006,3,4,3,4,24,81
targeting,14,21,3,pvp,554,0,1,0,4,3133946,462613,4037,0,4,64,10,3,2,1,160866,2,1,3,3,0,57
targeting,14,22,0,pvp,735,0,0,5,0,3743686,1360649,70351,55258,4,52,9,3,1,0,33000,3,1,3,2,81,0
targeting,14,22,1,pvp,487,0,0,6,0,2919652,632332,6668,0,4,83,8,4,2,3,154906,2,1,2,3,90,0
targeting,14,22,2,pvp,874,0,1,0,5,4417184,2175171,88329,0,4,84,9,4,2,2,103500,4,3,4,3,0,72
targeting,14,22,3,pvp,697,0,1,0,5,3448847,957233,17867,0,4,114,9,3,1,1,39000,4,2,4,3,0,81
targeting,14,23,0,pvp,649,0,0,5,0,3348007,1141927,38873,0,4,70,9,2,1,1,34500,3,2,3,3,90,0
targeting,14,23,1,pvp,805,0,1,0,3,3722065,1161391,34109,0,4,91,11,4,2,1,72000,1,4,2,4,0,54
targeting,14,23,2,pvp,807,0,1,0,5,4417118,2040359,55741,0,4,94,9,3,1,2,73500,3,3,3,3,0,81
targeting,14,23,3,pvp,612,0,1,0,5,3416547,929640,33360,0,4,94,9,4,1,1,67111,3,2,3,2,0,72
targeting,14,24,0,pvp,900,1,0,4,2,4795205,2332576,124424,0,4,91,8,3,1,1,42595,3,2,3,2,81,45
targeting,14,24,1,pvp,712,0,1,0,5,4111487,1765715,52285,0,4,94,9,4,2,1,69831,1,3,2,3,0,72
targeting,14,24,2,pvp,818,0,0,5,0,4304652,2144090,69910,11133,4,91,9,4,1,2,108000,3,4,3,4,72,0
targeting,14,24,3,pvp,827,0,0,4,0,4106015,1439200,5750,0,4,84,10,3,0,0,0,3,2,3,2,72,0
targeting,14,25,0,neutral,343,0,0,6,0,1791673,171000,0,0,8,158,5,1,1,1,73500,3,0,3,0,90,0
targeting,14,25,1,neutral,258,0,0,7,0,1588227,0,0,0,8,113,4,3,3,3,169688,0,0,3,0,75,0
targeting,14,25,2,neutral,312,0,0,7,0,1636743,281184,6816,5334,8,83,4,1,1,0,34500,3,0,3,0,108,0
targeting,14,25,3,neutral,322,0,0,7,0,1702874,234000,0,0,8,73,4,2,2,1,102251,3,0,3,0,90,0
targeting,14,25,4,neutral,295,0,0,7,0,1744584,347997,57903,0,8,213,4,2,2,1,88505,3,0,3,0,108,0
targeting,14,25,5,neutral,308,0,0,7,0,1692583,235130,7870,0,8,56,4,3,3,1,196415,4,0,4,0,99,0
targeting,14,25,6,neutral,376,0,0,6,0,1720770,153594,2556,0,8,84,5,1,1,1,73500,3,0,3,0,90,0
targeting,14,25,7,neutral,270,0,0,7,0,1667127,189000,0,0,8,133,4,2,2,1,130594,2,0,2,0,99,0
targeting,14,26,0,pvp,900,1,0,4,1,4587128,2087016,104484,0,4,145,9,2,0,0,0,3,3,3,3,72,18
targeting,14,26,1,pvp,410,0,1,0,5,2635381,648087,35913,0,4,120,9,5,2,1,111203,0,3,3,3,0,90
targeting,14,26,2,pvp,874,0,0,5,0,4538091,1837060,16940,0,4,120,9,3,1,1,72900,3,3,3,3,63,0
targeting,14,26,3,pvp,597,0,1,0,3,3810438,1094358,46392,0,4,104,11,5,2,1,77531,4,2,4,2,0,54
targeting,14,27,0,pvp,799,0,0,5,0,3776114,1525034,76966,10227,4,91,9,3,0,0,0,3,3,3,3,90,0
targeting,14,27,1,pvp,525,0,0,4,0,3141203,261000,0,6339,4,91,10,5,2,1,95186,0,2,3,2,72,0
targeting,14,27,2,pvp,868,0,0,4,0,4209845,1488404,25846,0,4,144,10,2,0,0,0,3,3,3,3,72,0
targeting,14,27,3,pvp,585,0,0,6,0,3878350,2031550,20450,0,4,118,8,5,1,2,76591,3,4,3,4,99,0
targeting,14,28,0,pvp,900,1,0,3,2,4720680,2239939,85211,0,4,94,9,3,1,0,40633,3,3,3,3,63,36
targeting,14,28,1,pvp,462,0,1,0,5,2806029,631023,30477,0,4,33,9,5,3,2,126851,0,3,4,3,0,72
targeting,14,28,2,pvp,610,0,1,0,6,3633735,1515714,88536,0,4,84,8,5,2,4,184222,3,4,3,4,0,81
targeting,14,28,3,pvp,640,0,1,0,5,3572612,874360,36440,0,4,84,9,2,1,1,69000,3,2,3,3,0,81
targeting,14,29,0,pvp,613,0,0,6,0,3517815,1431454,73796,0,4,94,8,4,0,0,0,3,4,3,4,90,0
targeting,14,29,1,pvp,616,0,1,0,3,3357791,615620,24730,13043,4,73,11,5,2,0,60682,0,3,4,3,0,63
targeting,14,29,2,pvp,900,1,1,1,4,4669868,2052104,31396,0,4,144,9,3,2,3,95254,3,3,3,3,18,54
targeting,14,29,3,pvp,900,1,1,3,4,4835703,2405969,69481,0,4,64,7,3,0,0,0,3,2,3,3,45,72
targeting,14,30,0,neutral,363,0,0,7,0,1958471,471947,5053,78542,8,89,4,1,1,1,69000,3,0,3,0,108,0
targeting,14,30,1,neutral,344,0,0,7,0,1920284,431671,31829,3522,8,53,4,1,1,0,34500,3,0,3,0,108,0
targeting,14,30,2,neutral,388,0,0,6,0,2026132,354402,23598,0,8,113,5,2,2,1,97751,3,0,3,0,81,0
targeting,14,30,3,neutral,351,0,0,7,0,1970906,394971,68979,0,8,82,4,1,1,1,66231,3,0,3,0,126,0
targeting,14,30,4,neutral,349,0,0,6,0,1998956,276750,2250,0,8,133,5,3,3,1,152531,4,0,4,0,90,0
targeting,14,30,5,neutral,418,0,0,6,0,2016888,193551,22449,0,8,132,5,1,1,1,73500,3,0,3,0,90,0
targeting,14,30,6,neutral,372,0,0,7,0,1981671,171000,0,0,8,82,4,1,1,0,34500,2,0,3,0,99,0
targeting,14,31,0,ghost,900,1,1,1,4,4100727,1534415,50935,0,4,132,9,2,0,0,0,3,3,3,3,18,72
targeting,14,31,1,pvp,637,0,0,6,0,3508426,1329909,83091,10227,4,91,8,3,1,1,39000,3,3,3,3,90,0
targeting,14,31,2,pvp,637,0,1,0,6,3721141,1570169,20581,0,4,114,8,2,1,1,34500,3,3,3,3,0,117
targeting,14,31,3,pvp,662,0,1,0,4,3772692,1046861,35389,0,4,118,10,4,1,1,28111,4,2,4,3,0,63
targeting,14,32,0,ghost,900,1,1,2,4,4618772,1959918,74082,40908,4,142,8,2,0,0,0,2,3,3,3,45,81
targeting,14,32,1,pvp,900,1,0,5,3,4830116,2774684,204316,13636,4,118,6,2,0,0,0,3,3,3,3,90,54
targeting,14,32,2,pvp,560,0,1,0,7,3672646,1923046,70454,0,4,114,7,3,1,1,39000,2,3,2,3,0,126
targeting,14,33,0,ghost,758,0,0,4,0,4861234,1714129,33671,0,4,85,12,4,3,3,179413,3,3,3,3,72,0
targeting,14,33,1,pvp,637,0,0,6,0,4346177,1724257,12743,0,4,104,10,4,1,1,31778,3,3,3,3,99,0
targeting,14,33,2,pvp,900,1,1,2,2,5041574,1796791,82409,0,4,118,12,4,1,0,33000,3,2,3,3,36,45
targeting,14,34,0,ghost,550,0,0,5,0,3568388,827924,44626,0,4,94,11,4,1,1,35444,3,3,3,3,81,0
targeting,14,34,1,pvp,782,0,0,4,0,4714527,1724434,118316,19881,4,120,12,4,1,1,43500,3,3,3,3,54,0
targeting,14,34,2,pvp,900,1,0,4,3,5103055,2214920,140830,54544,4,91,9,4,1,1,79451,3,2,3,3,63,54
targeting,14,35,0,neutral,408,0,0,7,0,2296114,227828,15172,0,8,127,5,1,1,1,126000,3,0,3,0,99,0
targeting,14,35,1,neutral,358,0,0,7,0,2246991,252000,0,39130,8,150,5,2,2,2,118020,3,0,3,0,108,0
targeting,14,35,2,neutral,351,0,0,7,0,2248061,347166,89784,0,8,114,5,2,2,1,103500,3,0,3,0,108,0
targeting,14,35,3,neutral,441,0,0,6,0,2341202,249926,11074,3333,8,152,6,2,2,0,79031,2,0,3,0,90,0
targeting,14,36,0,pvp,772,0,1,0,3,4871450,1131784,11216,0,4,94,13,3,2,3,145111,3,2,3,3,0,54
targeting,14,36,1,pvp,640,0,1,0,6,4726406,2096633,50767,0,4,141,10,4,2,3,100778,3,3,3,3,0,117
targeting,14,37,0,pvp,900,1,1,2,3,4721285,1653196,23054,0,4,114,11,3,2,1,80609,3,3,3,3,45,54
targeting,14,37,1,pvp,887,0,0,4,0,4777218,1608806,36844,0,4,144,12,4,1,1,33000,3,2,3,3,72,0
targeting,14,38,0,pvp,900,1,1,3,4,6119909,2912723,92827,0,4,142,9,3,1,2,78913,3,3,3,3,63,72
targeting,14,38,1,pvp,799,0,0,4,0,4434195,1275568,42932,5400,4,91,12,4,2,3,171478,3,2,3,3,45,0
targeting,14,39,0,pvp,900,1,1,2,4,4572558,1577469,29031,3024,4,114,10,3,1,0,41609,3,3,3,3,45,63
targeting,14,39,1,pvp,886,0,1,0,4,5810281,2435478,85872,0,4,94,12,4,1,1,89062,3,2,3,3,0,72
targeting,14,40,0,neutral,459,0,0,7,0,2722802,330072,2928,0,8,108,5,1,1,1,109548,3,0,3,0,99,0
targeting,14,40,1,neutral,383,0,0,8,0,2461464,544464,13536,12912,8,82,4,2,2,1,94020,3,0,3,0,117,0
targeting,14,40,2,neutral,357,0,0,7,0,2587114,300416,23134,0,8,133,5,2,2,1,95257,3,0,3,0,117,0
targeting,14,40,3,neutral,402,0,0,7,0,2549842,259608,1392,0,8,122,5,2,2,1,118031,2,0,3,0,99,0
targeting,14,41,0,pvp,678,0,1,0,6,4389744,1613321,36379,0,4,145,10,3,2,3,150913,3,3,3,3,0,99
targeting,14,41,1,pvp,900,1,0,3,3,4835019,1720842,36408,0,4,84,10,4,2,2,113816,3,2,3,3,54,54
targeting,14,42,0,pvp,718,0,1,0,5,4204448,1056554,68446,14661,4,144,11,3,2,3,187330,3,2,3,3,0,63
targeting,14,42,1,pvp,575,0,1,0,6,3952812,1293941,10609,0,4,114,10,4,2,3,131611,3,3,3,3,0,90
targeting,14,43,0,pvp,900,1,1,4,4,4481534,2084545,178955,3024,4,114,8,3,1,0,41609,3,3,3,3,72,63
targeting,14,43,1,pvp,697,0,0,5,0,4739326,1913024,67426,0,4,118,11,4,3,4,204920,3,2,3,3,81,0
targeting,14,44,0,pvp,740,0,1,0,5,4496119,1672111,46889,0,4,114,11,4,1,2,66278,3,3,3,3,0,81
targeting,15,1,0,neutral,40,0,0,4,0,22556,0,0,0,17,40,1,1,1,0,12182,2,0,2,0,6,0
targeting,15,1,1,neutral,53,0,0,3,0,24652,0,0,0,17,53,1,2,1,0,13591,0,0,2,0,5,0
targeting,15,1,2,neutral,64,0,0,3,0,24112,3112,3888,0,8,64,1,0,0,0,0,1,0,2,0,6,0
targeting,15,1,3,neutral,44,0,0,4,0,22826,1826,1674,0,8,44,1,2,1,0,10818,1,0,2,0,5,0
targeting,15,1,4,neutral,44,0,0,3,0,22826,1826,1674,0,8,44,1,1,1,0,5727,1,0,1,0,6,0
targeting,15,1,5,neutral,53,0,0,3,0,24652,0,0,0,17,53,1,2,1,0,13591,0,0,2,0,5,0
targeting,15,1,6,neutral,44,0,0,4,0,22826,0,0,0,17,44,1,2,1,0,9636,0,0,2,0,4,0
targeting,15,1,7,neutral,56,0,0,4,0,24112,1556,1944,0,8,56,1,1,1,1,3364,1,0,2,0,5,0
targeting,15,2,0,neutral,121,0,0,4,0,52271,5500,0,730,8,44,2,1,1,0,7763,1,0,2,0,9,0
targeting,15,2,1,neutral,83,0,0,4,0,50566,0,0,0,8,40,2,2,1,0,14636,0,0,2,0,10,0
targeting,15,2,2,neutral,72,0,0,4,0,47712,8712,2288,622,8,53,2,1,1,1,9000,1,0,2,0,11,0
targeting,15,2,3,neutral,83,0,0,3,0,49122,5974,5026,0,8,40,2,1,1,0,14127,1,0,1,0,12,0
targeting,15,2,4,neutral,102,0,0,4,0,50566,7000,0,0,8,44,2,1,1,0,727,1,0,2,0,7,0
targeting,15,2,5,neutral,93,0,0,4,0,48852,0,0,0,8,40,2,2,1,1,21000,0,0,2,0,10,0
targeting,15,2,6,neutral,93,0,0,4,0,49122,0,0,0,8,40,2,3,1,1,14636,0,0,3,0,8,0
targeting,15,2,7,neutral,72,0,0,4,0,47712,8712,2288,622,8,53,2,1,1,1,13000,1,0,2,0,11,0
targeting,15,3,0,neutral,137,0,0,5,0,87852,0,0,0,8,53,3,1,1,0,13591,2,0,2,0,13,0
targeting,15,3,1,neutral,108,0,0,5,0,84131,0,0,0,8,44,3,3,2,0,19726,0,0,3,0,13,0
targeting,15,3,2,neutral,108,0,0,5,0,81592,10444,556,0,8,44,3,2,2,0,15308,1,0,2,0,16,0
targeting,15,3,3,neutral,101,0,0,5,0,81696,11000,0,0,8,40,3,2,2,0,26763,1,0,2,0,16,0
targeting,15,3,4,neutral,85,0,0,5,0,81696,0,0,0,8,44,3,2,2,0,17090,0,0,3,0,11,0
targeting,15,3,5,neutral,97,0,0,5,0,79788,8826,1674,0,8,40,3,3,2,1,18363,1,0,3,0,12,0
targeting,15,3,6,neutral,92,0,0,5,0,81696,5500,0,0,8,33,3,3,2,1,27545,1,0,3,0,16,0
targeting,15,3,7,neutral,101,0,0,5,0,81696,11000,0,0,8,40,3,2,2,0,17854,2,0,2,0,15,0
targeting,15,4,0,pvp,526,0,1,0,4,1089027,225500,0,0,4,84,6,2,1,1,70812,1,1,2,2,0,15
targeting,15,4,1,pvp,314,0,1,0,4,805848,112200,0,0,4,62,6,6,1,1,14944,0,1,4,2,0,15
targeting,15,4,2,pvp,402,0,1,0,5,868653,184377,2623,0,4,84,5,4,1,1,38111,0,2,3,2,0,21
targeting,15,4,3,pvp,506,0,0,3,0,1210231,257028,5972,1957,4,24,7,4,1,2,74541,1,1,2,2,15,0
targeting,15,5,0,neutral,189,0,0,5,0,335924,27500,0,0,8,83,3,1,1,0,21955,2,0,2,0,21,0
targeting,15,5,1,neutral,185,0,0,5,0,323332,17500,0,0,8,47,3,1,1,1,43500,1,0,2,0,26,0
targeting,15,5,2,neutral,129,0,0,5,0,320951,0,0,0,8,69,3,2,2,0,46773,1,0,2,0,24,0
targeting,15,5,3,neutral,169,0,0,5,0,325990,39778,4222,0,8,73,3,1,1,0,28338,1,0,2,0,18,0
targeting,15,5,4,neutral,162,0,0,5,0,338727,0,0,0,8,111,3,2,2,1,60616,0,0,2,0,15,0
targeting,15,5,5,neutral,151,0,0,5,0,315151,4783,717,0,8,51,3,1,1,0,34500,1,0,2,0,24,0
targeting,15,5,6,neutral,142,0,0,5,0,330436,22000,0,0,8,57,3,1,1,0,42480,1,0,2,0,24,0
targeting,15,5,7,neutral,181,0,0,5,0,327619,57487,14513,0,8,44,3,3,3,0,39391,1,0,3,0,28,0
targeting,15,6,0,pvp,544,0,1,0,4,1409191,567500,0,0,4,124,5,2,2,1,98318,2,2,2,2,0,36
targeting,15,6,1,pvp,446,0,0,3,0,1305835,78727,3773,5455,4,118,7,2,1,1,76109,0,1,2,2,21,0
targeting,15,6,2,pvp,495,0,1,0,3,1626329,175757,518,0,4,120,7,4,2,1,54364,1,1,2,2,0,13
targeting,15,6,3,pvp,530,0,1,0,4,1585724,300100,3400,10910,4,166,6,3,1,2,56252,1,1,2,2,0,21
targeting,15,7,0,pvp,847,0,0,2,0,1737913,379244,28256,0,4,73,8,3,0,0,0,1,1,3,2,21,0
targeting,15,7,1,pvp,506,0,1,0,3,1723507,394058,11942,5455,4,83,7,3,2,1,128611,0,2,2,2,0,33
targeting,15,7,2,pvp,719,0,0,5,0,1840235,798988,11037,75164,4,91,5,2,0,0,0,2,1,2,2,33,0
targeting,15,7,3,pvp,517,0,0,4,0,1458877,384681,22319,7364,4,83,6,3,0,0,0,2,0,2,2,30,0
targeting,15,8,0,pvp,526,0,1,0,4,1800925,365815,1685,0,4,164,6,2,1,1,56252,1,1,2,2,0,27
targeting,15,8,1,pvp,405,0,0,4,0,1526640,126000,0,5217,4,91,6,3,2,2,159318,0,1,2,2,24,0
targeting,15,8,2,pvp,900,1,0,2,1,2430810,862257,36718,0,4,145,7,2,1,1,2700,2,1,2,2,15,6
targeting,15,8,3,pvp,551,0,0,4,0,1887193,447597,23903,3326,4,44,6,3,2,2,65045,1,2,2,2,25,0
targeting,15,9,0,pvp,900,1,1,1,3,2600033,887761,27614,0,4,164,8,2,1,0,25711,1,2,3,2,18,21
targeting,15,9,1,pvp,624,0,0,1,0,2042189,49500,0,0,4,33,11,4,1,1,112597,0,1,3,3,9,0
targeting,15,9,2,pvp,494,0,1,0,5,2119035,652534,22966,0,4,236,7,4,3,2,104819,1,2,2,2,0,28
targeting,15,9,3,pvp,507,0,0,5,0,1725249,498883,5617,8727,4,64,7,3,2,1,116738,2,2,2,3,39,0
targeting,15,10,0,neutral,145,0,0,6,0,455243,58221,4779,0,8,94,3,2,2,0,40471,1,0,2,0,49,0
targeting,15,10,1,neutral,147,0,0,6,0,432059,0,0,0,8,67,3,3,3,2,80819,0,0,3,0,34,0
targeting,15,10,2,neutral,169,0,0,6,0,440454,66268,15957,0,8,53,3,1,1,0,34500,2,0,2,0,42,0
targeting,15,10,3,neutral,163,0,0,6,0,443466,56767,11733,0,8,44,3,2,2,1,30947,2,0,2,0,52,0
targeting,15,10,4,neutral,151,0,0,6,0,447593,0,0,0,8,69,3,1,1,0,32003,1,0,3,0,51,0
targeting,15,10,5,neutral,160,0,0,6,0,471045,36000,0,2045,8,107,3,2,2,1,66682,1,0,2,0,47,0
targeting,15,10,6,neutral,117,0,0,6,0,435740,0,0,0,8,48,3,3,3,0,77928,1,0,3,0,49,0
targeting,15,10,7,neutral,206,0,0,6,0,465857,96764,28736,0,8,89,3,1,1,1,54136,3,0,3,0,43,0
targeting,15,11,0,pvp,740,0,0,4,0,2636254,1100154,41346,18014,4,142,8,4,0,0,0,2,1,2,3,42,0
targeting,15,11,1,pvp,495,0,1,0,1,2073267,54000,0,0,4,64,11,5,3,2,162802,0,1,3,2,0,4
targeting,15,11,2,pvp,573,0,0,5,0,2307053,571136,7814,0,4,207,7,2,1,1,39000,2,1,2,3,39,0
targeting,15,11,3,pvp,606,0,0,6,0,2307316,1012240,38760,0,4,166,6,2,1,1,44531,2,3,2,3,55,0
targeting,15,12,0,pvp,560,0,0,1,0,2099600,218000,0,20218,4,64,11,4,1,0,82500,2,0,2,3,9,0
targeting,15,12,1,pvp,477,0,0,5,0,2287548,558785,16665,0,4,84,7,3,1,1,52188,1,2,2,2,54,0
targeting,15,12,2,pvp,900,1,0,2,2,3074903,1263355,23645,0,4,83,8,4,1,0,42480,2,1,2,3,24,27
targeting,15,12,3,pvp,647,0,1,0,5,2609318,755018,9982,0,4,178,7,4,2,2,143848,1,1,3,3,0,42
targeting,15,13,0,pvp,634,0,0,4,0,2590757,789476,11524,0,4,142,8,2,1,1,25711,2,2,2,2,45,0
targeting,15,13,1,pvp,432,0,1,0,4,1959261,293792,12208,16696,4,75,8,4,2,2,92498,0,1,3,2,0,45
targeting,15,13,2,pvp,900,1,0,3,1,2888611,884415,18585,0,4,164,8,2,1,1,28751,2,1,2,3,33,9
targeting,15,13,3,pvp,564,0,0,4,0,2242370,614664,6336,0,4,104,8,6,2,2,111185,1,1,3,3,39,0
targeting,15,14,0,pvp,566,0,1,0,6,2651130,864652,10098,8348,4,169,6,2,2,0,56402,2,2,2,2,0,60
targeting,15,14,1,pvp,397,0,1,0,4,1896199,207000,0,8348,4,49,8,5,2,3,104777,0,1,3,2,0,39
targeting,15,14,2,pvp,830,0,1,0,2,2720247,581478,3522,0,4,84,10,3,0,0,0,1,1,3,2,0,27
targeting,15,14,3,pvp,521,0,1,0,4,2501280,680077,30923,0,4,83,8,4,2,2,66836,1,2,2,2,0,48
targeting,15,15,0,neutral,190,0,0,6,0,600586,100030,7970,7365,8,82,3,1,1,0,26880,2,0,3,0,60,0
targeting,15,15,1,neutral,140,0,0,6,0,555947,0,0,0,8,51,3,2,2,0,69000,1,0,2,0,81,0
targeting,15,15,2,neutral,166,0,0,6,0,584643,30555,7695,0,8,73,3,1,1,0,34500,2,0,2,0,60,0
targeting,15,15,3,neutral,161,0,0,6,0,589305,36000,0,0,8,93,3,2,2,0,69349,1,0,2,0,57,0
targeting,15,15,4,neutral,185,0,0,6,0,598220,0,0,0,8,89,3,1,1,0,32003,1,0,3,0,51,0
targeting,15,15,5,neutral,174,0,0,6,0,566986,62667,333,0,8,56,3,2,2,1,58386,1,0,2,0,60,0
targeting,15,15,6,neutral,151,0,0,6,0,570731,0,0,0,8,57,3,2,2,0,76980,1,0,2,0,57,0
targeting,15,15,7,neutral,178,0,0,6,0,565851,40667,4333,0,8,44,3,2,2,1,112511,2,0,2,0,60,0
targeting,15,16,0,pvp,639,0,1,0,5,2661669,850111,40889,0,4,105,7,3,2,1,92296,2,1,3,2,0,51
targeting,15,16,1,pvp,652,0,0,4,0,3036655,999951,28299,0,4,84,8,4,1,1,33000,1,2,2,2,63,0
targeting,15,16,2,pvp,900,1,1,0,4,3437316,1450612,32988,0,4,124,8,2,1,0,52178,3,2,3,2,0,45
targeting,15,16,3,pvp,398,0,1,0,4,1949489,250909,1091,0,4,62,8,5,3,2,173963,1,1,2,3,0,45
targeting,15,17,0,pvp,900,1,1,1,2,3027381,721526,15474,0,4,161,9,2,1,1,48782,2,2,3,2,18,18
targeting,15,17,1,pvp,463,0,0,4,0,2108475,311478,3522,0,4,84,8,4,2,1,58103,1,1,2,2,63,0
targeting,15,17,2,pvp,900,1,1,2,3,3287899,1287875,3725,0,4,220,7,3,2,0,62611,3,2,3,2,12,36
targeting,15,17,3,pvp,446,0,1,0,5,2230142,544324,40676,32491,4,64,7,4,3,3,177685,1,2,2,2,0,63
targeting,15,18,0,pvp,737,0,0,2,0,3367043,952698,19302,0,4,70,10,3,1,3,82351,2,2,2,2,27,0
targeting,15,18,1,pvp,525,0,0,4,0,2650791,567000,0,0,4,144,8,4,2,2,166778,1,2,2,2,63,0
targeting,15,18,2,pvp,616,0,1,0,5,2867013,1115005,31095,0,4,164,7,3,3,2,170611,3,2,3,2,0,63
targeting,15,18,3,pvp,606,0,0,3,0,2779237,378000,0,5009,4,114,9,3,1,1,117913,1,1,3,2,45,0
targeting,15,19,0,pvp,690,0,0,2,0,3386657,468621,17379,0,4,24,12,4,3,3,182998,2,1,2,2,18,0
targeting,15,19,1,pvp,818,0,0,5,0,3726675,1434272,50728,16363,4,120,9,3,1,1,37304,2,2,2,2,63,0
targeting,15,19,2,pvp,697,0,1,0,3,3219158,678902,27348,10227,4,64,11,4,1,3,65054,2,2,3,3,0,45
targeting,15,19,3,pvp,900,1,0,3,1,3786855,1465232,37768,0,4,94,10,5,1,0,41609,1,2,2,3,39,18
targeting,15,20,0,neutral,181,0,0,7,0,697502,108502,8498,0,8,53,3,2,2,1,91154,2,0,2,0,81,0
targeting,15,20,1,neutral,183,0,0,7,0,707277,68084,3916,0,8,51,3,2,2,0,69000,1,0,2,0,85,0
targeting,15,20,2,neutral,198,0,0,7,0,718484,0,0,0,8,111,3,1,1,0,69000,3,0,3,0,78,0
targeting,15,20,3,neutral,178,0,0,7,0,706676,114480,2520,0,8,73,3,2,2,1,94168,2,0,2,0,87,0
targeting,15,20,4,neutral,171,0,0,7,0,710480,27000,0,0,8,73,3,2,2,0,63251,1,0,3,0,84,0
targeting,15,20,5,neutral,175,0,0,7,0,722666,95745,3255,5726,8,91,3,2,2,1,82500,2,0,2,0,84,0
targeting,15,20,6,neutral,170,0,0,7,0,730260,61110,1890,0,8,113,3,3,3,0,98935,2,0,3,0,75,0
targeting,15,20,7,neutral,153,0,0,7,0,689176,92066,4684,0,8,44,3,3,2,0,63693,2,0,3,0,81,0
targeting,15,21,0,pvp,778,0,1,0,5,3767115,1470995,30355,0,4,124,9,3,3,1,95402,2,3,2,3,0,60
targeting,15,21,1,pvp,813,0,0,2,0,3480068,465651,11349,16989,4,64,12,4,2,2,97112,1,1,2,3,36,0
targeting,15,21,2,pvp,900,1,0,5,1,4159926,1814828,12172,28172,4,94,8,4,1,0,35444,2,2,2,2,75,12
targeting,15,21,3,pvp,476,0,1,0,6,2671232,790323,10677,0,4,64,8,6,3,2,124310,2,2,3,3,0,66
targeting,15,22,0,pvp,900,1,1,1,3,4116038,1456140,28860,0,4,120,10,4,2,1,99194,2,2,2,2,9,45
targeting,15,22,1,pvp,525,0,1,0,6,3269273,867227,50773,0,4,91,8,5,3,3,158005,2,2,2,3,0,66
targeting,15,22,2,pvp,653,0,1,0,4,3924831,1062318,17232,0,4,83,10,4,3,3,202553,2,2,3,2,0,63
targeting,15,22,3,pvp,860,0,0,3,0,3888027,1078294,28706,12273,4,91,11,3,0,0,0,2,2,2,2,63,0
targeting,15,23,0,pvp,617,0,1,0,5,3720148,791499,18501,0,4,164,9,3,2,2,71003,3,2,3,2,0,72
targeting,15,23,1,pvp,478,0,1,0,6,2733598,627073,11927,7044,4,44,8,5,2,1,84785,0,3,3,3,0,81
targeting,15,23,2,pvp,706,0,1,0,6,3657194,1435274,20926,0,4,83,8,5,3,4,177082,2,3,3,3,0,81
targeting,15,23,3,pvp,900,1,0,2,1,3943352,1185129,65871,0,4,124,11,3,2,1,143642,2,2,2,2,36,18
targeting,15,24,0,pvp,706,0,1,0,6,3737675,1285774,19226,0,4,77,8,3,3,2,155822,3,3,3,3,0,81
targeting,15,24,1,pvp,445,0,1,0,5,2703182,463192,4808,6339,4,70,9,5,2,1,36263,0,2,3,2,0,72
targeting,15,24,2,pvp,900,1,0,3,1,4782918,1865360,25990,0,4,114,10,3,2,1,64778,2,2,2,3,63,18
targeting,15,24,3,pvp,756,0,0,6,0,4046004,1965878,47872,24546,4,144,8,4,1,2,103126,3,3,3,3,99,0
targeting,15,25,0,neutral,358,0,0,7,0,1701459,381594,32406,0,8,114,4,1,1,0,34500,3,0,3,0,108,0
targeting,15,25,1,neutral,309,0,0,6,0,1717476,0,0,0,8,58,5,3,3,1,154773,0,0,3,0,66,0
targeting,15,25,2,neutral,337,0,0,7,0,1632448,163800,0,0,8,140,4,1,1,1,82500,3,0,3,0,108,0
targeting,15,25,3,neutral,308,0,0,7,0,1755759,269295,63705,0,8,170,4,1,1,1,96094,3,0,3,0,108,0
targeting,15,25,4,neutral,388,0,0,7,0,1698720,245825,6175,14888,8,141,4,1,1,0,117000,2,0,3,0,99,0
targeting,15,25,5,neutral,344,0,0,6,0,1673385,145695,7305,0,8,91,5,2,2,2,141660,2,0,2,0,81,0
targeting,15,25,6,neutral,288,0,0,6,0,1617249,43782,1218,0,8,131,5,3,3,1,150480,2,0,3,0,72,0
targeting,15,25,7,neutral,273,0,0,7,0,1675536,218623,58127,0,8,189,4,3,3,1,138000,3,0,3,0,90,0
targeting,15,26,0,pvp,900,1,0,4,1,5067823,2166408,173592,64382,4,114,9,2,1,2,73500,3,3,3,3,72,18
targeting,15,26,1,pvp,339,0,1,0,6,2097966,310206,8844,0,4,77,8,5,2,2,121193,0,3,4,3,0,99
targeting,15,26,2,pvp,653,0,0,5,0,3621759,1028160,6840,11111,4,70,9,4,2,1,93832,2,2,3,3,72,0
targeting,15,26,3,pvp,900,1,1,2,4,4424179,2429480,83770,40908,4,77,8,5,2,2,92601,3,3,3,3,36,63
targeting,15,27,0,pvp,673,0,1,0,5,3831654,1419015,68235,0,4,108,9,4,2,2,72000,3,3,3,3,0,72
targeting,15,27,1,pvp,360,0,1,0,6,2133737,399407,5593,0,4,80,8,5,1,0,21000,0,2,4,2,0,108
targeting,15,27,2,pvp,900,1,0,2,1,4180591,1309360,25340,26086,4,77,11,4,2,2,106633,3,1,3,3,36,18
targeting,15,27,3,pvp,892,0,1,0,4,4335613,1681753,34997,0,4,118,10,3,1,1,49960,2,3,3,3,0,72
targeting,15,28,0,pvp,550,0,1,0,6,3388296,1214351,47899,0,4,130,8,3,3,2,166204,3,3,3,3,0,99
targeting,15,28,1,pvp,521,0,1,0,4,2826091,460309,7691,0,4,104,10,4,2,1,61111,0,2,3,3,0,72
targeting,15,28,2,pvp,769,0,1,0,3,4072562,1209999,15801,0,4,114,11,2,2,1,79674,3,2,3,2,0,72
targeting,15,28,3,pvp,750,0,0,3,0,3851929,1086300,18450,0,4,77,11,6,2,2,95880,1,3,3,3,54,0
targeting,15,29,0,pvp,517,0,0,3,0,3008015,252000,0,0,4,62,11,4,3,2,95001,3,0,3,3,54,0
targeting,15,29,1,pvp,820,0,0,3,0,4113185,1316531,73519,13043,4,93,11,3,2,1,121715,3,3,3,3,63,0
targeting,15,29,2,pvp,614,0,0,3,0,3449391,360000,0,0,4,84,11,5,0,0,0,1,1,2,3,63,0
targeting,15,29,3,pvp,577,0,1,0,6,3674813,1395320,13180,0,4,124,8,4,3,3,147673,2,3,3,3,0,81
targeting,15,30,0,neutral,399,0,0,6,0,2039635,220500,4500,0,8,231,5,1,1,1,73500,3,0,3,0,99,0
targeting,15,30,1,neutral,284,0,0,6,0,1849538,0,0,0,8,102,5,3,3,2,189251,0,0,3,0,90,0
targeting,15,30,2,neutral,372,0,0,7,0,1950002,262118,9232,0,8,111,4,1,1,0,78000,3,0,3,0,108,0
targeting,15,30,3,neutral,321,0,0,6,0,1956093,185283,3717,0,8,113,5,2,2,1,130594,1,0,2,0,99,0
targeting,15,30,4,neutral,369,0,0,7,0,1951268,408999,14001,84678,8,82,4,1,1,1,73500,2,0,3,0,99,0
targeting,15,30,5,neutral,394,0,0,6,0,2008151,357551,6949,0,8,111,5,2,2,2,123780,4,0,4,0,108,0
targeting,15,30,6,neutral,339,0,0,6,0,1904938,162000,0,0,8,131,5,3,3,1,228660,1,0,3,0,81,0
targeting,15,30,7,neutral,327,0,0,7,0,1834568,289566,16434,0,8,44,4,3,3,1,127714,3,0,3,0,90,0
targeting,15,31,0,pvp,900,1,1,2,3,4677165,1923964,102836,0,4,108,9,2,2,1,95611,3,3,3,3,45,63
targeting,15,31,1,pvp,536,0,1,0,2,3285810,315000,0,13043,4,33,12,6,2,1,107609,0,1,4,2,0,54
targeting,15,31,2,pvp,900,1,1,2,3,4139366,1435869,22131,0,4,164,9,3,1,1,55471,2,4,3,4,27,63
targeting,15,31,3,pvp,900,1,0,2,1,4165840,1339779,7971,0,4,108,11,6,2,2,96240,1,3,3,3,45,18
targeting,15,32,0,pvp,588,0,0,3,0,3371405,511722,1278,0,4,128,11,5,1,1,76500,3,0,3,4,63,0
targeting,15,32,1,pvp,650,0,0,5,0,3603728,1202285,20815,13254,4,80,9,3,1,0,33000,3,1,3,2,90,0
targeting,15,32,2,pvp,600,0,1,0,4,3310930,502576,10424,12678,4,145,10,4,2,1,88960,2,1,3,3,0,63
targeting,15,32,3,pvp,613,0,1,0,5,3726612,1396234,19016,0,4,84,9,5,3,3,164929,4,3,4,3,0,72
targeting,15,33,0,ghost,899,0,1,0,4,5249452,2062867,39083,0,4,120,12,3,2,2,101611,3,2,3,3,0,72
targeting,15,33,1,pvp,821,0,1,0,5,4914470,1799955,54045,0,4,64,11,2,1,1,39000,4,2,4,3,0,90
targeting,15,33,2,pvp,618,0,0,5,0,3834004,978767,22483,0,4,64,11,5,3,2,127711,2,3,2,3,90,0
targeting,15,33,3,pvp,830,0,0,4,0,4618923,1687347,60903,0,4,162,12,5,3,1,106701,4,2,4,3,72,0
targeting,15,34,0,pvp,900,1,1,1,5,5528496,2890579,75371,49089,4,124,10,4,2,1,115922,3,4,3,4,18,90
targeting,15,34,1,pvp,699,0,0,5,0,4315189,1277622,9378,0,4,84,11,5,1,1,40633,2,2,2,3,99,0
targeting,15,34,2,pvp,616,0,1,0,6,4216174,1480936,58064,0,4,64,10,4,3,4,158545,2,3,3,3,0,81
targeting,15,35,0,neutral,376,0,0,8,0,2078344,347525,5725,111816,8,89,4,2,2,1,238500,3,0,3,0,117,0
targeting,15,35,1,neutral,373,0,0,7,0,2228599,233871,129,54544,8,127,5,2,2,1,122422,2,0,2,0,117,0
targeting,15,35,2,neutral,343,0,0,8,0,2196013,414000,0,39132,8,133,4,1,1,1,73500,2,0,3,0,126,0
targeting,15,35,3,neutral,388,0,0,8,0,2212551,422055,23445,40908,8,77,4,2,2,2,217800,4,0,4,0,126,0
targeting,15,35,4,neutral,372,0,0,7,0,2208859,234000,0,0,8,108,5,3,3,1,235140,2,0,3,0,99,0
targeting,15,35,5,neutral,334,0,0,7,0,2101800,162000,0,0,8,73,5,3,3,0,142260,3,0,3,0,84,0
targeting,15,36,0,pvp,569,0,0,7,0,3457103,1233717,45633,0,4,62,9,5,3,3,180902,3,3,3,3,108,0
targeting,15,36,1,pvp,900,1,0,2,2,4955224,1769340,32910,99076,4,91,12,4,2,0,64221,2,4,2,4,45,36
targeting,15,36,2,pvp,659,0,0,5,0,4067397,1217724,42276,0,4,83,11,4,0,0,0,2,2,3,3,99,0
targeting,15,37,0,ghost,756,0,1,0,4,4132044,1090404,54846,0,4,64,12,5,1,0,26880,3,2,3,2,0,81
targeting,15,37,1,pvp,830,0,1,0,2,5489855,1973711,59389,0,4,189,14,4,4,5,269280,3,4,3,4,0,45
targeting,15,37,2,pvp,730,0,1,0,3,4508521,1182433,41567,26086,4,113,13,3,1,0,67500,2,2,2,3,0,63
targeting,15,38,0,ghost,797,0,1,0,4,4687377,1598940,18810,0,4,118,12,3,2,0,67140,4,2,4,3,0,63
targeting,15,38,1,pvp,900,1,0,2,1,5318080,1917210,41190,0,4,108,13,4,1,0,28111,3,2,3,2,36,18
targeting,15,38,2,pvp,796,0,1,0,4,4836001,1822881,76119,7100,4,120,12,4,2,2,178724,2,3,3,3,0,54
targeting,15,39,0,pvp,608,0,0,6,0,3964017,1533751,56999,0,4,62,10,5,3,2,185402,3,3,3,3,99,0
targeting,15,39,1,pvp,774,0,1,0,4,4620315,1498233,29517,0,4,120,12,4,2,2,89932,2,4,2,4,0,81
targeting,15,40,0,neutral,427,0,0,7,0,2474896,228730,3470,0,8,127,5,2,2,2,243000,3,0,3,0,99,0
targeting,15,40,1,neutral,458,0,0,6,0,2648232,261000,0,0,8,145,6,2,2,0,79031,2,0,2,0,108,0
targeting,15,40,2,neutral,398,0,0,8,0,2451716,574216,10784,52500,8,53,4,2,2,3,171420,4,0,4,0,126,0
targeting,15,41,0,ghost,831,0,1,0,4,4831888,1767151,55799,0,4,53,12,4,2,1,99000,2,3,2,3,0,81
targeting,15,41,1,pvp,603,0,0,5,0,4330076,1268199,63801,32726,4,73,11,4,4,3,308671,3,4,3,4,72,0
targeting,15,42,0,pvp,560,0,0,5,0,3859920,1040820,57180,58812,4,77,11,4,4,2,309997,3,4,3,4,81,0
targeting,16,1,0,neutral,40,0,0,4,0,22556,0,0,0,17,40,1,1,1,0,13364,2,0,2,0,6,0
targeting,16,1,1,neutral,40,0,0,3,0,22826,0,0,0,17,40,1,2,1,0,5727,1,0,2,0,6,0
targeting,16,1,2,neutral,40,0,0,3,0,22556,0,0,0,17,40,1,1,1,1,16000,0,0,2,0,5,0
targeting,16,1,3,neutral,40,0,0,3,0,22826,0,0,0,17,40,1,2,1,0,14636,0,0,2,0,5,0
targeting,16,1,4,neutral,64,0,0,4,0,24112,3112,388,0,21,64,1,0,0,0,0,2,0,2,0,6,0
targeting,16,1,5,neutral,40,0,0,3,0,22556,0,0,0,17,40,1,1,1,1,16000,0,0,2,0,5,0
targeting,16,1,6,neutral,40,0,0,3,0,22556,0,0,0,17,40,1,1,1,1,12000,0,0,2,0,5,0
targeting,16,1,7,neutral,40,0,0,4,0,22826,0,0,0,17,40,1,1,1,0,13364,2,0,2,0,6,0
targeting,16,2,0,neutral,93,0,0,3,0,48852,5500,0,0,8,40,2,1,1,0,5127,1,0,1,0,12,0
targeting,16,2,1,neutral,44,0,0,4,0,45696,0,0,0,8,40,2,3,2,1,26272,1,0,3,0,11,0
targeting,16,2,2,neutral,58,0,0,4,0,46778,0,0,0,8,40,2,2,2,2,23127,1,0,2,0,13,0
targeting,16,2,3,neutral,83,0,0,4,0,50566,0,0,0,8,40,2,3,1,1,14636,0,0,3,0,8,0
targeting,16,2,4,neutral,137,0,0,4,0,55436,0,0,0,8,40,2,1,1,0,14127,1,0,1,0,13,0
targeting,16,2,5,neutral,53,0,0,4,0,46982,0,0,0,8,40,2,1,1,1,18000,1,0,2,0,13,0
targeting,16,2,6,neutral,93,0,0,4,0,48852,0,0,0,8,40,2,1,1,1,12000,0,0,3,0,8,0
targeting,16,2,7,neutral,93,0,0,4,0,48852,0,0,0,8,40,2,1,1,0,14127,1,0,2,0,11,0
targeting,16,3,0,neutral,108,0,0,5,0,84131,11000,0,0,8,44,3,1,1,0,9545,1,0,3,0,14,0
targeting,16,3,1,neutral,85,0,0,5,0,81696,11000,0,0,8,44,3,2,2,0,14217,1,0,2,0,16,0
targeting,16,3,2,neutral,113,0,0,5,0,85957,14000,0,0,8,53,3,2,2,1,18718,2,0,2,0,15,0
targeting,16,3,3,neutral,58,0,0,5,0,77714,0,0,0,8,44,3,3,3,1,40181,1,0,3,0,16,0
targeting,16,3,4,neutral,137,0,0,5,0,89696,0,0,0,8,40,3,1,1,0,14127,1,0,2,0,14,0
targeting,16,3,5,neutral,113,0,0,5,0,83148,0,0,0,8,44,3,2,1,0,11545,1,0,2,0,16,0
targeting,16,3,6,neutral,125,0,0,5,0,85957,0,0,0,8,44,3,2,1,0,12636,1,0,2,0,14,0
targeting,16,3,7,neutral,125,0,0,4,0,84131,0,0,0,8,44,3,1,1,0,2672,1,0,2,0,15,0
targeting,16,4,0,pvp,507,0,0,5,0,993821,331375,0,0,4,83,5,2,1,1,24818,2,1,2,2,21,0
targeting,16,4,1,pvp,345,0,1,0,4,817728,183815,8685,0,4,118,6,4,1,0,21000,0,2,3,2,0,18
targeting,16,4,2,pvp,463,0,0,4,0,1091938,240938,2562,0,4,70,6,2,1,0,73564,2,1,2,3,20,0
targeting,16,4,3,pvp,794,0,1,0,3,1442765,366173,7452,0,4,118,7,3,1,1,21955,1,2,2,2,0,11
targeting,16,5,0,neutral,180,0,0,5,0,339068,63867,7633,0,8,44,3,1,1,0,8672,2,0,2,0,21,0
targeting,16,5,1,neutral,169,0,0,5,0,333913,0,0,0,8,65,3,3,3,0,60843,0,0,3,0,13,0
targeting,16,5,2,neutral,173,0,0,5,0,338992,55951,4549,0,8,44,3,1,1,0,10799,2,0,2,0,21,0
targeting,16,5,3,neutral,170,0,0,5,0,322688,51287,9213,0,8,66,3,1,1,0,29760,2,0,2,0,27,0
targeting,16,5,4,neutral,202,0,0,5,0,348421,13750,0,0,8,89,3,1,1,1,46773,1,0,2,0,16,0
targeting,16,5,5,neutral,169,0,0,5,0,334812,22000,0,0,8,109,3,2,2,0,43910,1,0,2,0,18,0
targeting,16,5,6,neutral,161,0,0,5,0,332546,57745,5330,0,8,44,3,1,1,0,6654,2,0,2,0,29,0
targeting,16,5,7,neutral,188,0,0,5,0,333268,37066,1434,0,8,64,3,1,1,0,21955,2,0,2,0,21,0
targeting,16,6,0,pvp,573,0,0,5,0,1464532,563500,0,0,4,91,5,3,2,1,49637,1,2,2,2,30,0
targeting,16,6,1,pvp,507,0,0,4,0,1448909,413989,2636,0,4,149,6,2,2,3,131620,1,2,2,2,27,0
targeting,16,6,2,pvp,635,0,1,0,2,1444578,327566,2434,0,4,145,8,4,2,1,72521,1,1,2,2,0,15
targeting,16,6,3,pvp,479,0,0,5,0,1253252,304935,315,0,4,69,5,3,2,1,40182,1,2,2,2,28,0
targeting,16,7,0,pvp,593,0,0,2,0,1628346,315000,0,0,4,64,8,4,2,1,46700,1,0,2,2,21,0
targeting,16,7,1,pvp,256,0,1,0,5,1033575,99000,0,0,4,41,5,5,4,3,161891,0,1,2,3,0,24
targeting,16,7,2,pvp,568,0,0,4,0,1465878,400182,3818,3682,4,158,6,2,1,2,45818,1,1,2,2,27,0
targeting,16,7,3,pvp,717,0,0,2,0,1913004,576329,17671,0,4,204,8,3,1,1,21000,2,2,2,2,15,0
targeting,16,8,0,pvp,481,0,0,2,0,1545048,289127,7873,0,4,64,8,2,1,2,67500,1,2,3,2,27,0
targeting,16,8,1,pvp,536,0,0,1,0,1543504,0,0,0,4,73,9,4,3,1,61995,0,0,2,2,9,0
targeting,16,8,2,pvp,666,0,1,0,4,2258586,931551,41449,0,4,220,6,3,1,1,70511,1,2,2,2,0,24
targeting,16,8,3,pvp,456,0,0,4,0,1602573,459000,9000,0,4,70,6,5,3,2,112027,1,1,3,2,33,0
targeting,16,9,0,pvp,900,1,0,2,1,2469654,823638,31362,6545,4,82,9,5,3,1,75980,1,1,2,3,21,18
targeting,16,9,1,pvp,900,1,1,1,1,2178783,266348,8652,0,4,83,10,3,1,0,23427,0,2,3,3,3,6
targeting,16,9,2,pvp,497,0,1,0,6,1881251,624692,12283,0,4,203,6,3,1,1,66536,2,2,2,2,0,42
targeting,16,9,3,pvp,435,0,1,0,5,1764758,439980,3270,0,4,70,7,5,2,3,169395,1,1,3,2,0,42
targeting,16,10,0,neutral,169,0,0,6,0,454220,9000,0,0,8,73,3,2,2,0,58737,1,0,2,0,45,0
targeting,16,10,1,neutral,151,0,0,6,0,446327,0,0,0,8,69,3,3,3,1,62436,0,0,3,0,38,0
targeting,16,10,2,neutral,157,0,0,6,0,465508,0,0,0,8,101,3,2,2,0,46773,2,0,2,0,44,0
targeting,16,10,3,neutral,137,0,0,6,0,454685,38372,6628,0,8,77,3,3,3,2,82244,1,0,3,0,45,0
targeting,16,10,4,neutral,213,0,0,6,0,467822,59000,0,0,8,64,3,1,1,0,73500,2,0,2,0,48,0
targeting,16,10,5,neutral,133,0,0,6,0,449872,36000,0,0,8,52,3,3,3,0,85773,1,0,3,0,51,0
targeting,16,10,6,neutral,178,0,0,6,0,457059,42372,1628,0,8,108,3,1,1,0,73500,1,0,3,0,39,0
targeting,16,10,7,neutral,182,0,0,6,0,464871,0,0,0,8,93,3,1,1,1,73500,1,0,4,0,43,0
targeting,16,11,0,pvp,774,0,1,0,2,2460914,440326,4674,0,4,94,10,4,2,1,48501,2,0,2,3,0,18
targeting,16,11,1,pvp,433,0,1,0,6,2057313,692853,18647,0,4,73,6,5,3,1,143956,2,1,2,3,0,51
targeting,16,11,2,pvp,459,0,0,4,0,1883646,144000,0,7044,4,120,8,3,2,3,80613,1,0,2,3,39,0
targeting,16,11,3,pvp,542,0,1,0,5,2131769,569942,11808,21168,4,91,7,3,2,1,121636,2,2,2,2,0,41
targeting,16,12,0,pvp,546,0,1,0,5,2349310,548002,18998,0,4,204,7,4,2,2,136155,1,1,2,3,0,40
targeting,16,12,1,pvp,626,0,1,0,3,2524372,652165,22835,17454,4,44,9,5,1,2,98650,1,1,2,3,0,30
targeting,16,12,2,pvp,839,0,0,3,0,2667109,765000,0,0,4,144,9,3,1,0,34500,2,1,2,2,33,0
targeting,16,12,3,pvp,595,0,1,0,5,2345453,649319,14181,0,4,145,7,2,1,1,56252,2,1,2,2,0,48
targeting,16,13,0,pvp,622,0,0,4,0,2289252,637772,8228,8727,4,131,8,3,2,2,129839,1,3,2,3,33,0
targeting,16,13,1,pvp,682,0,0,2,0,2839100,636348,5652,25958,4,24,10,4,2,2,65880,1,2,2,2,36,0
targeting,16,13,2,pvp,537,0,1,0,5,2454311,704750,6000,0,4,94,7,3,1,2,147278,2,1,2,2,0,48
targeting,16,13,3,pvp,637,0,0,4,0,2638816,599364,8636,8727,4,91,8,2,1,1,28751,1,2,2,2,45,0
targeting,16,14,0,pvp,616,0,1,0,4,2584281,746026,9974,0,4,124,8,4,1,2,95611,1,1,3,3,0,45
targeting,16,14,1,pvp,830,0,0,2,0,3217360,1119269,25231,0,4,91,10,4,0,0,0,1,2,3,2,45,0
targeting,16,14,2,pvp,900,1,0,4,1,2732492,1023779,60221,10566,4,114,7,2,1,1,28111,3,2,3,2,39,6
targeting,16,14,3,pvp,493,0,0,4,0,2259988,506091,6909,0,4,84,8,4,2,1,73591,1,1,3,2,45,0
targeting,16,15,0,neutral,198,0,0,6,0,574571,0,0,0,8,53,3,1,1,0,73500,2,0,3,0,60,0
targeting,16,15,1,neutral,173,0,0,6,0,561189,71667,9333,0,8,73,3,3,3,1,118166,1,0,3,0,67,0
targeting,16,15,2,neutral,193,0,0,6,0,585490,49500,0,0,8,73,3,1,1,0,34500,3,0,3,0,57,0
targeting,16,15,3,neutral,173,0,0,6,0,559740,36000,0,0,8,41,3,3,3,2,105322,1,0,3,0,57,0
targeting,16,15,4,neutral,213,0,0,6,0,615392,0,0,0,8,73,3,1,1,0,34500,2,0,2,0,66,0
targeting,16,15,5,neutral,145,0,0,6,0,583849,68727,3273,0,8,69,3,3,3,1,108545,1,0,3,0,57,0
targeting,16,15,6,neutral,188,0,0,6,0,587447,45000,0,0,8,114,3,1,1,0,28751,2,0,2,0,72,0
targeting,16,15,7,neutral,178,0,0,6,0,559667,78334,28666,0,8,44,3,1,1,0,63938,2,0,2,0,60,0
targeting,16,16,0,pvp,731,0,1,0,4,2871353,814269,22731,0,4,102,8,2,1,1,39000,2,1,3,3,0,45
targeting,16,16,1,pvp,874,0,1,0,1,2861038,681274,7726,0,4,104,11,4,1,1,21955,0,3,3,3,0,6
targeting,16,16,2,pvp,556,0,0,3,0,2524404,644909,9841,0,4,104,9,5,2,1,155222,2,1,2,3,45,0
targeting,16,16,3,pvp,612,0,1,0,5,2596713,917726,61024,0,4,70,7,2,1,1,59362,2,2,2,2,0,63
targeting,16,17,0,pvp,668,0,1,0,4,2896158,892749,25251,0,4,178,8,3,1,2,56640,2,2,3,2,0,54
targeting,16,17,1,pvp,786,0,1,0,3,2473597,598165,29585,0,4,84,9,4,0,0,0,0,2,3,2,0,39
targeting,16,17,2,pvp,808,0,1,0,3,3918714,1717500,0,0,4,424,9,2,1,2,88835,3,2,3,3,0,36
targeting,16,17,3,pvp,894,0,1,0,3,3428437,1381641,74109,17454,4,84,9,4,1,2,80413,1,2,3,2,0,45
targeting,16,18,0,pvp,900,1,1,2,5,3282596,1516351,69899,6545,4,120,5,2,0,0,0,2,2,3,2,36,63
targeting,16,18,1,pvp,492,0,1,0,2,2075399,117999,8001,10566,4,62,10,5,1,1,94111,0,1,3,2,0,18
targeting,16,18,2,pvp,563,0,1,0,4,2608708,673837,28163,6545,4,149,8,3,2,1,130380,3,2,3,2,0,54
targeting,16,18,3,pvp,900,1,0,3,1,3356760,1179456,26544,34908,4,104,8,2,1,0,78111,2,2,2,3,36,18
targeting,16,19,0,pvp,900,1,1,2,5,3257594,1410404,59596,44984,4,120,7,2,0,0,0,2,3,3,3,36,54
targeting,16,19,1,pvp,604,0,1,0,4,2901066,681700,29300,17454,4,33,10,5,1,0,28751,1,2,3,2,0,54
targeting,16,19,2,pvp,900,1,0,2,1,3685762,1046519,24481,13090,4,70,11,5,1,1,44531,2,2,3,2,45,18
targeting,16,19,3,pvp,768,0,0,3,0,3864976,1208400,8850,5333,4,149,11,4,3,3,216068,2,2,3,4,36,0
targeting,16,20,0,neutral,173,0,0,7,0,701350,0,0,0,8,53,3,2,2,1,87636,2,0,2,0,75,0
targeting,16,20,1,neutral,156,0,0,7,0,722372,36000,0,0,8,73,3,2,2,0,67751,1,0,3,0,90,0
targeting,16,20,2,neutral,153,0,0,7,0,697546,44000,0,0,8,93,3,2,2,0,69000,3,0,3,0,96,0
targeting,16,20,3,neutral,150,0,0,7,0,684610,96740,4510,0,8,44,3,3,3,0,79893,2,0,3,0,81,0
targeting,16,20,4,neutral,198,0,0,7,0,693626,81806,944,0,8,53,3,1,1,1,60754,3,0,3,0,72,0
targeting,16,20,5,neutral,176,0,0,7,0,728668,117811,35189,0,8,122,3,2,2,0,90563,2,0,2,0,81,0
targeting,16,20,6,neutral,180,0,0,7,0,687626,70110,8640,0,8,53,3,2,2,1,85960,2,0,2,0,75,0
targeting,16,20,7,neutral,183,0,0,7,0,729386,120390,5610,0,8,114,3,1,1,0,34500,2,0,3,0,93,0
targeting,16,21,0,pvp,453,0,0,5,0,2678788,552166,23834,0,4,84,9,5,3,2,162703,3,0,3,3,72,0
targeting,16,21,1,pvp,780,0,1,0,4,3594517,1210387,30363,0,4,52,10,4,0,0,0,3,2,3,2,0,72
targeting,16,21,2,pvp,900,1,0,2,3,3841702,1617108,23142,0,4,56,9,4,2,2,85591,2,3,3,3,36,54
targeting,16,21,3,pvp,673,0,1,0,4,3862473,1332670,44330,72264,4,64,10,3,1,1,72000,2,2,2,3,0,63
targeting,16,22,0,pvp,818,0,1,0,3,4260260,1326647,32353,4050,4,84,11,5,3,2,332744,3,2,3,3,0,54
targeting,16,22,1,pvp,445,0,1,0,5,2588262,418660,22340,0,4,62,9,4,2,0,56870,0,2,3,3,0,75
targeting,16,22,2,pvp,900,1,1,2,4,4270617,2139294,79456,54544,4,64,8,3,1,1,33000,3,3,3,3,45,81
targeting,16,22,3,pvp,900,1,1,1,5,4074773,1976349,77901,0,4,118,8,4,0,0,0,3,3,3,3,18,90
targeting,16,23,0,pvp,494,0,0,4,0,3014897,686547,15453,13090,4,70,10,5,2,1,153637,3,0,3,3,63,0
targeting,16,23,1,pvp,470,0,1,0,6,2948361,898923,46077,0,4,64,8,5,3,4,190260,3,3,3,3,0,81
targeting,16,23,2,pvp,525,0,0,7,0,3448256,1469028,38472,0,4,83,7,4,3,2,122487,3,2,3,3,102,0
targeting,16,23,3,pvp,862,0,0,3,0,4328425,1538567,54433,26086,4,164,11,2,1,1,27501,3,2,3,3,63,0
targeting,16,24,0,pvp,900,1,0,4,1,4252161,1903758,87492,48008,4,94,9,2,0,0,0,3,3,3,3,72,18
targeting,16,24,1,pvp,568,0,1,0,5,3305638,734778,7722,0,4,84,9,6,3,4,147860,0,3,3,3,0,72
targeting,16,24,2,pvp,717,0,0,4,0,3585129,1158644,29356,7422,4,64,10,5,4,2,163272,3,2,3,3,72,0
targeting,16,24,3,pvp,900,1,0,4,2,4269145,2061610,136640,0,4,83,8,2,0,0,0,3,2,3,3,81,45
targeting,16,25,0,neutral,350,0,0,7,0,1690999,279000,0,0,8,122,4,1,1,1,73500,3,0,3,0,108,0
targeting,16,25,1,neutral,265,0,0,7,0,1611642,0,0,0,8,133,4,4,4,2,147754,0,0,4,0,87,0
targeting,16,25,2,neutral,339,0,0,6,0,1662511,131173,48827,5217,8,83,5,2,2,1,156000,3,0,3,0,99,0
targeting,16,25,3,neutral,276,0,0,6,0,1640426,144000,0,0,8,130,5,3,3,1,160140,2,0,3,0,90,0
targeting,16,25,4,neutral,346,0,0,7,0,1701338,302750,48250,0,8,199,4,1,1,2,86253,4,0,4,0,117,0
targeting,16,25,5,neutral,283,0,0,6,0,1712226,185630,12370,0,8,177,5,3,3,2,178125,2,0,3,0,90,0
targeting,16,25,6,neutral,318,0,0,7,0,1753581,395207,9793,39276,8,233,4,1,1,0,28751,3,0,3,0,108,0
targeting,16,25,7,neutral,401,0,0,6,0,1849803,349668,19332,6546,8,113,5,0,0,0,0,3,0,3,0,90,0
targeting,16,26,0,pvp,900,1,1,2,3,4866933,2193542,65458,20454,4,64,9,3,1,1,39000,3,3,3,3,45,63
targeting,16,26,1,pvp,532,0,1,0,4,3006121,673076,33424,0,4,113,10,5,2,1,127793,0,3,4,3,0,54
targeting,16,26,2,pvp,540,0,0,6,0,3324170,1081222,21278,0,4,89,8,4,2,3,122760,2,4,3,4,90,0
targeting,16,26,3,pvp,780,0,0,2,0,3999918,811749,43251,26086,4,114,12,3,3,4,285255,2,3,3,3,18,0
targeting,16,27,0,pvp,900,1,1,3,4,4783449,2223989,62011,30681,4,120,7,1,0,0,0,3,3,3,3,63,72
targeting,16,27,1,pvp,438,0,1,0,5,2826930,527230,12770,0,4,64,9,6,2,2,107749,0,3,4,3,0,81
targeting,16,27,2,pvp,421,0,0,5,0,3387859,744404,31846,0,4,65,9,6,3,3,138218,2,2,3,3,72,0
targeting,16,27,3,pvp,874,0,0,5,0,4364898,1888194,62556,0,4,89,9,2,1,2,69000,4,3,4,3,90,0
targeting,16,28,0,pvp,900,1,0,3,1,4159854,1487539,33461,0,4,114,10,4,1,1,33000,3,2,3,3,63,18
targeting,16,28,1,pvp,416,0,1,0,5,2599587,760319,27181,0,4,62,9,5,2,1,87955,0,4,4,4,0,90
targeting,16,28,2,pvp,874,0,0,4,0,4262936,1620665,28585,0,4,114,10,1,1,1,33000,3,3,3,3,72,0
targeting,16,28,3,pvp,618,0,1,0,5,3693406,1201367,31633,0,4,70,9,4,3,4,223741,2,3,3,3,0,63
targeting,16,29,0,pvp,770,0,1,0,5,4227447,1834259,89491,0,4,91,9,2,1,2,67111,3,4,3,4,0,90
targeting,16,29,1,pvp,407,0,1,0,4,2727522,228454,3296,13043,4,64,10,6,3,2,225327,0,2,3,3,0,45
targeting,16,29,2,pvp,825,0,0,3,0,4376219,1630519,50231,0,4,84,11,2,1,1,102000,3,3,3,3,63,0
targeting,16,29,3,pvp,900,1,1,1,4,4484470,1730323,29177,0,4,84,9,3,0,0,0,2,3,3,3,18,72
targeting,16,30,0,neutral,493,0,0,6,0,2055937,306999,8001,0,8,113,5,1,1,0,34500,3,0,3,0,99,0
targeting,16,30,1,neutral,370,0,0,6,0,2081926,144501,8499,0,8,133,5,1,1,0,34500,3,0,3,0,117,0
targeting,16,30,2,neutral,308,0,0,7,0,1936954,180000,0,0,8,113,4,3,3,0,130380,2,0,3,0,99,0
targeting,16,30,3,neutral,388,0,0,7,0,1956666,378000,38250,0,8,103,4,1,1,1,69000,4,0,4,0,117,0
targeting,16,30,4,neutral,312,0,0,7,0,1977514,348750,13500,36816,8,169,4,3,3,2,215625,2,0,3,0,99,0
targeting,16,30,5,neutral,375,0,0,6,0,1933830,160227,10773,0,8,89,5,2,2,1,92002,2,0,2,0,90,0
targeting,16,30,6,neutral,436,0,0,7,0,2027672,519338,29662,79768,8,82,4,0,0,0,0,3,0,3,0,108,0
targeting,16,31,0,ghost,900,1,1,1,6,4880623,2828716,121034,0,4,189,7,1,0,0,0,3,3,3,3,18,99
targeting,16,31,1,pvp,900,1,1,2,3,5146660,2610219,101031,3024,4,114,9,1,0,0,0,3,3,3,3,36,63
targeting,16,31,2,pvp,816,0,1,0,4,3971140,1576608,52392,8693,4,84,10,4,1,1,39000,2,4,3,4,0,81
targeting,16,31,3,pvp,482,0,1,0,4,3260545,412287,28713,0,4,73,10,5,4,5,254856,2,2,3,2,0,63
targeting,16,32,0,ghost,806,0,1,0,3,3917019,1134986,44014,5400,4,114,11,3,1,1,28111,2,3,2,3,0,63
targeting,16,32,1,pvp,900,1,1,1,3,4334222,1696009,58991,0,4,124,10,4,1,1,39000,3,2,3,3,18,63
targeting,16,32,2,pvp,874,0,0,2,0,4403146,1417181,38569,0,4,124,12,4,4,2,164772,4,2,4,3,36,0
targeting,16,32,3,pvp,845,0,0,5,0,4745233,2189139,139611,0,4,207,9,1,1,1,62611,4,3,4,3,90,0
targeting,16,33,0,ghost,856,0,1,0,4,4996584,1737428,44572,0,4,64,12,3,1,2,56252,4,2,4,3,0,63
targeting,16,33,1,pvp,554,0,0,6,0,3897565,851580,7920,0,4,124,10,5,3,2,125883,3,2,3,3,90,0
targeting,16,33,2,pvp,697,0,0,5,0,4916612,1904898,88602,34773,4,137,11,4,2,3,111000,3,3,3,3,90,0
targeting,16,33,3,pvp,900,1,0,5,1,4988351,2236058,72442,0,4,80,10,3,0,0,0,4,2,4,3,99,18
targeting,16,34,0,ghost,693,0,1,0,6,4710402,1999333,39167,9940,4,114,10,4,1,2,95486,3,3,3,3,0,99
targeting,16,34,1,pvp,900,1,1,3,3,4968417,1999711,61289,35574,4,91,10,3,2,2,116093,3,4,3,4,63,63
targeting,16,34,2,pvp,900,1,1,1,4,5006885,2246744,50506,0,4,56,11,4,2,2,61380,4,3,4,3,18,81
targeting,16,34,3,pvp,844,0,1,0,3,4799447,1268434,32066,0,4,114,13,3,0,0,0,2,3,3,3,0,54
targeting,16,35,0,neutral,333,0,0,8,0,2152247,294185,11815,0,8,44,4,1,1,0,22516,4,0,4,0,144,0
targeting,16,35,1,neutral,307,0,0,8,0,2145015,350871,24879,0,8,70,4,3,3,2,144286,3,0,3,0,117,0
targeting,16,35,2,neutral,377,0,0,8,0,2309168,568758,2742,0,8,108,4,1,1,1,41310,4,0,4,0,144,0
targeting,16,35,3,neutral,365,0,0,8,0,2296976,309173,5827,0,8,122,4,2,2,0,63251,2,0,3,0,108,0
targeting,16,35,4,neutral,363,0,0,7,0,2323303,371699,6301,51140,8,137,5,1,1,0,78000,3,0,3,0,99,0
targeting,16,36,0,ghost,662,0,1,0,7,4877696,2170776,70224,44732,4,83,9,2,1,1,72000,3,4,3,4,0,126
targeting,16,36,1,pvp,830,0,0,5,0,4980798,2064400,55100,0,4,56,11,2,1,2,69000,4,4,4,4,90,0
targeting,16,36,2,pvp,570,0,0,6,0,3903677,1281935,50065,0,4,64,10,5,3,3,94466,3,2,3,3,99,0
targeting,16,37,0,ghost,900,1,1,2,3,5202214,1970100,16650,0,4,120,11,3,2,2,96501,4,2,4,3,36,54
targeting,16,37,1,pvp,900,1,1,2,3,5067909,2197342,79658,0,4,83,11,4,1,1,34500,4,3,4,3,45,54
targeting,16,37,2,pvp,874,0,1,0,5,4790785,1669679,83071,33333,4,83,11,3,0,0,0,2,3,3,3,0,81
targeting,16,38,0,pvp,805,0,0,5,0,4842121,1909241,86509,0,4,113,11,5,1,2,52591,3,2,3,3,90,0
targeting,16,38,1,pvp,735,0,0,7,0,5052099,2698853,187897,13636,4,104,9,2,1,1,67111,4,3,4,3,135,0
targeting,16,39,0,ghost,900,1,1,2,4,5080183,2335048,52202,0,4,64,10,4,1,1,39000,3,4,3,4,36,81
targeting,16,39,1,pvp,711,0,0,6,0,4140144,1553606,133894,0,4,84,10,3,1,0,95611,4,2,4,3,99,0
targeting,16,40,0,neutral,383,0,0,7,0,2531460,312450,9300,0,8,122,5,3,3,1,155400,3,0,3,0,108,0
targeting,16,40,1,neutral,406,0,0,7,0,2551169,397369,39131,0,8,189,5,1,1,1,69000,4,0,4,0,135,0
targeting,16,41,0,pvp,900,1,1,3,4,5029861,2734976,66274,54544,4,137,9,4,1,1,34500,3,4,3,4,54,81
targeting,16,42,0,pvp,900,1,1,1,4,5229688,2436989,51511,0,4,108,11,4,2,3,103500,3,4,3,4,18,81
targeting,16,43,0,pvp,900,1,1,2,3,4801908,2041524,68976,0,4,124,11,4,1,1,26880,3,4,3,4,36,54
targeting,16,44,0,pvp,774,0,0,6,0,5040852,2409625,83375,0,4,108,11,5,3,3,132818,3,4,4,4,99,0
targeting,17,1,0,neutral,44,0,0,3,0,22826,1826,1674,0,8,44,1,1,1,0,5727,1,0,1,0,6,0
targeting,17,1,1,neutral,44,0,0,4,0,22556,0,0,0,17,44,1,2,1,0,9636,0,0,2,0,4,0
targeting,17,1,2,neutral,64,0,0,4,0,24112,3112,388,0,17,64,1,1,0,0,0,2,0,2,0,6,0
targeting,17,1,3,neutral,52,0,0,3,0,24112,1556,1944,0,8,52,1,0,0,0,0,1,0,2,0,6,0
targeting,17,1,4,neutral,44,0,0,3,0,22826,0,0,0,17,44,1,2,1,0,5636,0,0,2,0,5,0
targeting,17,1,5,neutral,40,0,0,4,0,22826,0,0,0,8,40,1,2,2,0,17182,1,0,2,0,5,0
targeting,17,1,6,neutral,44,0,0,4,0,22826,0,0,0,17,44,1,2,1,0,9636,0,0,2,0,4,0
targeting,17,1,7,neutral,64,0,0,4,0,24112,3112,388,0,21,64,1,0,0,0,0,2,0,2,0,6,0
targeting,17,2,0,neutral,93,0,0,4,0,50566,7000,0,0,8,44,2,1,1,0,5727,1,0,1,0,9,0
targeting,17,2,1,neutral,93,0,0,4,0,49122,0,0,0,8,40,2,2,1,1,7763,1,0,2,0,13,0
targeting,17,2,2,neutral,64,0,0,4,0,44186,0,0,0,17,49,2,1,1,1,17136,2,0,2,0,12,0
targeting,17,2,3,neutral,113,0,0,4,0,52482,0,0,0,8,56,2,1,1,1,7000,0,0,2,0,10,0
targeting,17,2,4,neutral,141,0,0,4,0,55262,12114,5386,0,8,73,2,0,0,0,0,1,0,2,0,9,0
targeting,17,2,5,neutral,49,0,0,4,0,45696,5500,0,0,8,44,2,2,2,1,24899,1,0,2,0,11,0
targeting,17,2,6,neutral,85,0,0,4,0,50566,0,0,0,8,40,2,2,1,0,17182,1,0,2,0,9,0
targeting,17,2,7,neutral,125,0,0,4,0,53001,0,0,0,8,44,2,1,1,0,7763,1,0,1,0,13,0
targeting,17,3,0,neutral,141,0,0,5,0,88131,14000,0,0,8,44,3,1,1,0,5727,1,0,2,0,10,0
targeting,17,3,1,neutral,117,0,0,5,0,85957,0,0,0,8,40,3,2,1,0,21636,1,0,2,0,16,0
targeting,17,3,2,neutral,139,0,0,5,0,86555,13333,3167,0,8,52,3,1,1,0,13591,2,0,2,0,15,0
targeting,17,3,3,neutral,113,0,0,5,0,83148,0,0,0,8,40,3,2,2,1,19545,0,0,2,0,13,0
targeting,17,3,4,neutral,108,0,0,5,0,84131,0,0,0,8,44,3,1,1,0,9545,1,0,2,0,14,0
targeting,17,3,5,neutral,85,0,0,5,0,82361,12816,5184,0,8,44,3,2,2,0,11490,2,0,2,0,15,0
targeting,17,3,6,neutral,117,0,0,5,0,84131,0,0,0,8,44,3,2,2,0,31909,1,0,2,0,16,0
targeting,17,3,7,neutral,162,0,0,5,0,90566,0,0,0,8,64,3,1,1,0,13591,2,0,2,0,15,0
targeting,17,4,0,pvp,562,0,1,0,2,1099830,133500,4000,0,4,84,8,4,2,1,30501,1,1,2,2,0,15
targeting,17,4,1,pvp,675,0,0,2,0,1397231,436865,10135,0,4,65,8,3,2,1,77980,0,3,3,3,12,0
targeting,17,4,2,pvp,369,0,1,0,5,1004753,152625,0,0,4,120,5,4,3,0,51020,0,1,2,2,0,18
targeting,17,4,3,pvp,394,0,0,5,0,1038014,131799,3701,0,4,73,5,3,2,0,95462,0,2,2,2,15,0
targeting,17,5,0,neutral,165,0,0,5,0,328700,36349,2151,0,8,53,3,2,2,1,58966,1,0,2,0,22,0
targeting,17,5,1,neutral,133,0,0,5,0,334351,0,0,0,8,73,3,2,2,0,43910,0,0,2,0,21,0
targeting,17,5,2,neutral,201,0,0,5,0,336294,65702,298,0,8,53,3,1,1,0,40744,3,0,3,0,20,0
targeting,17,5,3,neutral,145,0,0,5,0,324847,0,0,0,8,82,3,3,3,1,53458,0,0,3,0,23,0
targeting,17,5,4,neutral,220,0,0,5,0,337774,13648,2852,0,8,72,3,1,1,0,23708,1,0,2,0,24,0
targeting,17,5,5,neutral,145,0,0,5,0,323917,40437,17313,0,8,24,3,2,2,0,43910,2,0,2,0,21,0
targeting,17,5,6,neutral,149,0,0,5,0,329134,0,0,0,8,44,3,2,2,0,33545,1,0,2,0,24,0
targeting,17,5,7,neutral,193,0,0,5,0,346087,0,0,0,8,64,3,1,1,0,21955,2,0,2,0,22,0
targeting,17,6,0,pvp,900,1,1,1,1,1878519,676500,0,0,4,124,8,4,1,0,21000,2,2,2,2,9,6
targeting,17,6,1,pvp,625,0,1,0,1,1280080,228913,13087,0,4,80,9,3,1,1,45818,0,2,3,2,0,4
targeting,17,6,2,pvp,479,0,1,0,4,1483746,330284,18716,0,4,130,6,2,2,1,68197,2,1,2,2,0,27
targeting,17,6,3,pvp,498,0,0,3,0,1248415,132000,0,0,17,82,7,4,4,2,123801,1,1,2,2,24,0
targeting,17,7,0,pvp,446,0,0,2,0,1310778,208427,7573,8348,4,104,7,3,2,1,63271,1,0,1,2,27,0
targeting,17,7,1,pvp,570,0,0,3,0,1705425,374648,4852,0,4,142,7,4,4,2,120487,1,1,2,2,24,0
targeting,17,7,2,pvp,383,0,0,4,0,1103423,143000,0,0,4,70,6,3,2,0,93560,1,1,2,2,27,0
targeting,17,7,3,pvp,566,0,0,4,0,1265788,339959,18691,1333,4,64,6,3,1,0,55997,1,2,2,2,27,0
targeting,17,8,0,pvp,635,0,1,0,1,1922769,308332,6668,17454,4,84,9,3,2,2,67067,1,1,2,2,0,9
targeting,17,8,1,pvp,326,0,1,0,4,965731,54914,86,0,4,53,6,5,4,1,122199,0,1,3,2,0,27
targeting,17,8,2,pvp,657,0,1,0,3,1956789,707432,3318,0,4,142,7,3,2,1,52938,2,1,2,2,0,30
targeting,17,8,3,pvp,578,0,1,0,2,1490725,272382,3018,8348,4,69,8,3,1,0,19480,0,1,2,2,0,27
targeting,17,9,0,pvp,670,0,1,0,5,2197774,953301,59699,0,4,83,7,2,1,2,74493,1,4,3,4,0,37
targeting,17,9,1,pvp,733,0,1,0,1,2178103,275103,2397,0,4,62,11,2,2,2,143493,1,2,2,2,0,9
targeting,17,9,2,pvp,536,0,0,4,0,1563966,234241,1509,21300,4,46,8,4,1,0,17501,1,1,2,2,33,0
targeting,17,9,3,pvp,417,0,0,6,0,1545146,469853,20147,0,4,104,6,3,2,1,49594,2,0,2,2,42,0
targeting,17,10,0,neutral,185,0,0,6,0,468863,92195,38305,0,8,89,3,1,1,1,67257,2,0,2,0,48,0
targeting,17,10,1,neutral,173,0,0,6,0,460299,0,0,0,8,113,3,1,1,0,44591,0,0,3,0,36,0
targeting,17,10,2,neutral,172,0,0,6,0,455586,68311,20689,0,8,66,3,1,1,0,56640,3,0,3,0,52,0
targeting,17,10,3,neutral,161,0,0,6,0,462372,0,0,0,8,93,3,2,1,0,21955,1,0,2,0,51,0
targeting,17,10,4,neutral,175,0,0,6,0,447799,36000,0,0,8,83,3,2,2,3,84751,1,0,2,0,49,0
targeting,17,10,5,neutral,173,0,0,6,0,453571,56823,22677,0,8,73,3,1,1,0,34500,3,0,3,0,45,0
targeting,17,10,6,neutral,173,0,0,6,0,477046,36000,0,0,8,108,3,2,2,1,58547,1,0,2,0,45,0
targeting,17,10,7,neutral,198,0,0,6,0,471066,0,0,0,8,93,3,2,2,0,46773,1,0,2,0,39,0
targeting,17,11,0,pvp,575,0,0,4,0,2160304,603539,40961,8727,4,52,8,3,2,1,102049,2,1,2,2,37,0
targeting,17,11,1,pvp,397,0,0,5,0,1534826,289031,25969,0,4,44,7,4,2,2,117457,1,1,3,2,48,0
targeting,17,11,2,pvp,619,0,0,6,0,2141396,844017,37283,0,4,50,6,3,1,0,85350,3,2,3,2,52,0
targeting,17,11,3,pvp,900,1,1,1,2,2794393,1004688,12562,0,4,124,9,4,2,1,54902,2,3,2,3,6,24
targeting,17,12,0,pvp,670,0,0,4,0,2616389,975169,35731,0,4,64,8,2,1,2,56252,2,2,2,2,42,0
targeting,17,12,1,pvp,683,0,0,2,0,2401433,669633,19617,11591,4,64,10,4,1,2,69000,1,3,2,3,45,0
targeting,17,12,2,pvp,632,0,0,4,0,2241582,586998,18502,0,4,110,8,3,1,1,96395,3,1,3,2,25,0
targeting,17,12,3,pvp,526,0,1,0,5,1998188,400924,8576,0,4,52,7,3,2,1,96598,1,2,2,2,0,36
targeting,17,13,0,pvp,608,0,0,5,0,2355398,874871,28629,0,4,124,7,2,2,2,111045,3,2,3,2,51,0
targeting,17,13,1,pvp,488,0,1,0,4,2133905,489435,5565,0,4,120,8,3,2,0,56427,1,1,2,3,0,51
targeting,17,13,2,pvp,478,0,0,6,0,2063951,635426,24074,0,4,70,6,4,3,2,168911,3,1,3,2,51,0
targeting,17,13,3,pvp,557,0,0,5,0,2385022,972790,18810,0,4,91,7,4,3,2,105040,2,2,3,2,57,0
targeting,17,14,0,pvp,577,0,1,0,4,2539114,668861,34389,0,4,52,8,4,2,2,54955,3,2,3,3,0,39
targeting,17,14,1,pvp,683,0,1,0,2,2094239,321818,11182,0,4,62,10,4,2,1,68833,1,1,3,2,0,27
targeting,17,14,2,pvp,706,0,0,4,0,2875409,945294,27706,0,4,130,8,2,2,1,104253,3,2,3,2,30,0
targeting,17,14,3,pvp,760,0,0,3,0,2620094,793925,13925,0,4,93,9,2,2,1,89427,2,2,2,2,51,0
targeting,17,15,0,neutral,189,0,0,6,0,612517,115442,15058,0,8,114,3,1,1,0,28751,3,0,3,0,57,0
targeting,17,15,1,neutral,189,0,0,5,0,599652,45000,0,0,8,102,4,3,3,0,116000,1,0,3,0,64,0
targeting,17,15,2,neutral,166,0,0,6,0,590626,83788,15212,0,8,82,3,2,2,1,57475,2,0,2,0,66,0
targeting,17,15,3,neutral,170,0,0,6,0,588749,96208,25292,0,8,83,3,2,2,0,40251,2,0,2,0,66,0
targeting,17,15,4,neutral,179,0,0,6,0,591335,80667,333,0,8,114,3,1,1,1,35520,1,0,3,0,51,0
targeting,17,15,5,neutral,145,0,0,6,0,572869,58090,4910,7365,8,93,3,3,3,0,84136,2,0,3,0,60,0
targeting,17,15,6,neutral,208,0,0,6,0,582545,83174,1826,0,8,89,3,1,1,0,32003,2,0,2,0,78,0
targeting,17,15,7,neutral,180,0,0,6,0,599474,83155,45,0,8,53,3,1,1,0,34500,2,0,2,0,54,0
targeting,17,16,0,pvp,550,0,0,4,0,2213473,457333,1667,0,4,83,8,3,1,2,62755,2,1,2,2,45,0
targeting,17,16,1,pvp,646,0,0,4,0,2674781,756227,15523,17597,4,160,8,3,1,0,24818,1,2,2,2,58,0
targeting,17,16,2,pvp,739,0,1,0,3,3120152,992110,24890,0,4,189,9,3,3,2,79683,3,1,3,2,0,54
targeting,17,16,3,pvp,900,1,0,2,1,3270278,1112749,28001,3000,4,84,9,3,2,4,140484,1,2,3,2,27,18
targeting,17,17,0,pvp,900,1,0,3,2,2953449,1240148,10402,0,4,145,7,2,0,0,0,2,2,2,3,36,36
targeting,17,17,1,pvp,688,0,0,2,0,2923995,717696,20804,8727,4,84,10,4,2,2,117399,1,3,2,3,36,0
targeting,17,17,2,pvp,416,0,1,0,5,2002956,272091,6909,0,4,120,7,4,2,1,108644,1,1,2,2,0,66
targeting,17,17,3,pvp,900,1,1,1,4,4449036,2396637,42363,0,4,405,7,3,2,1,157726,2,3,2,3,18,54
targeting,17,18,0,pvp,900,1,1,1,3,3781322,1800681,64319,34908,4,144,8,3,2,3,97195,2,3,2,3,3,33
targeting,17,18,1,pvp,435,0,1,0,6,2360267,778182,13818,0,4,139,6,4,4,1,196097,1,2,2,2,0,72
targeting,17,18,2,pvp,711,0,0,4,0,2866379,982609,38441,0,4,64,8,2,0,0,0,2,2,2,3,63,0
targeting,17,18,3,pvp,556,0,0,5,0,2739246,1010287,8963,0,4,114,7,4,4,1,229318,3,1,3,2,72,0
targeting,17,19,0,pvp,683,0,1,0,3,3364226,813917,5083,0,4,153,11,4,3,2,174267,2,1,3,3,0,30
targeting,17,19,1,pvp,836,0,0,3,0,3239199,1060085,33415,10566,4,120,11,3,1,0,21000,1,2,3,3,54,0
targeting,17,19,2,pvp,706,0,1,0,5,4175215,2206519,90231,0,4,93,9,4,3,2,192006,4,3,4,3,0,72
targeting,17,19,3,pvp,611,0,1,0,5,3297535,1050573,20427,6339,4,84,9,3,1,2,111000,2,2,2,2,0,63
targeting,17,20,0,neutral,180,0,0,7,0,732080,129384,23616,0,8,83,3,1,1,0,28751,2,0,3,0,87,0
targeting,17,20,1,neutral,169,0,0,7,0,713946,0,0,0,8,140,3,2,1,1,57502,1,0,3,0,84,0
targeting,17,20,2,neutral,209,0,0,7,0,729911,142731,11269,0,8,50,3,2,2,2,109928,4,0,4,0,75,0
targeting,17,20,3,neutral,174,0,0,7,0,706590,72000,0,0,8,108,3,1,1,0,64006,2,0,2,0,93,0
targeting,17,20,4,neutral,162,0,0,7,0,716538,57390,5610,0,8,129,3,2,2,2,80640,2,0,3,0,75,0
targeting,17,20,5,neutral,149,0,0,7,0,690375,57271,7979,0,8,44,3,2,2,0,53640,3,0,3,0,90,0
targeting,17,20,6,neutral,193,0,0,7,0,723412,36000,0,0,8,94,3,3,3,2,116505,2,0,3,0,87,0
targeting,17,20,7,neutral,200,0,0,7,0,732094,36000,0,0,8,151,3,1,1,1,53760,2,0,3,0,69,0
targeting,17,21,0,pvp,563,0,0,6,0,2951525,980398,27602,31838,4,120,8,3,2,0,103502,2,1,3,3,78,0
targeting,17,21,1,pvp,900,1,0,5,2,3837476,2191613,102037,0,4,114,7,3,1,2,78111,3,3,3,3,72,36
targeting,17,21,2,pvp,900,1,1,2,2,3879344,1418307,41943,0,4,84,10,3,1,0,42595,2,3,3,3,45,36
targeting,17,21,3,pvp,863,0,1,0,4,3690996,987784,2216,0,4,126,10,4,4,2,175372,2,2,3,2,0,72
targeting,17,22,0,pvp,638,0,1,0,3,3956202,1038682,32318,13636,4,104,11,4,4,4,373629,2,3,2,3,0,27
targeting,17,22,1,pvp,624,0,1,0,4,3064928,668422,24578,0,4,73,10,3,1,0,21000,1,2,3,3,0,63
targeting,17,22,2,pvp,662,0,1,0,5,3628648,1236557,81943,0,4,64,9,4,3,4,260189,2,3,3,3,0,63
targeting,17,22,3,pvp,537,0,0,6,0,2793923,849878,18172,0,4,69,8,3,3,3,222048,2,3,2,3,90,0
targeting,17,23,0,pvp,878,0,0,2,0,4107956,1060984,10016,0,4,94,12,4,2,2,97201,2,2,2,2,45,0
targeting,17,23,1,pvp,851,0,0,5,0,3933803,1721603,51397,0,4,84,9,4,3,3,163484,3,2,3,3,72,0
targeting,17,23,2,pvp,900,1,1,1,1,3756009,954809,35191,0,4,70,12,3,2,1,72251,2,2,3,2,27,18
targeting,17,23,3,pvp,631,0,0,7,0,3498813,1883907,67293,0,4,53,7,3,2,2,161157,3,3,3,3,90,0
targeting,17,24,0,pvp,557,0,0,4,0,3458140,775564,25436,20454,4,62,10,4,2,2,121723,2,2,2,2,63,0
targeting,17,24,1,pvp,678,0,1,0,4,3796870,1519853,55597,0,4,124,10,4,3,2,86931,1,3,3,3,0,81
targeting,17,24,2,pvp,762,0,0,6,0,4259762,2145138,66612,0,4,84,8,4,2,4,176846,3,4,3,4,72,0
targeting,17,24,3,pvp,575,0,0,5,0,3132899,725039,30961,0,4,145,9,4,3,2,189485,2,2,2,2,81,0
targeting,17,25,0,neutral,287,0,0,6,0,1667784,209184,6816,0,8,145,5,2,2,1,69754,2,0,2,0,90,0
targeting,17,25,1,neutral,301,0,0,6,0,1694243,120036,5964,0,8,82,5,3,3,0,81251,1,0,3,0,87,0
targeting,17,25,2,neutral,385,0,0,7,0,1761709,496520,61480,0,8,198,4,1,1,1,48000,4,0,4,0,99,0
targeting,17,25,3,neutral,295,0,0,7,0,1709858,207000,0,0,8,129,4,2,2,2,111460,2,0,2,0,111,0
targeting,17,25,4,neutral,290,0,0,7,0,1607875,237094,14906,0,8,69,4,2,2,0,109380,2,0,2,0,99,0
targeting,17,25,5,neutral,293,0,0,7,0,1687841,379885,7115,0,8,118,4,2,2,0,79031,4,0,4,0,117,0
targeting,17,25,6,neutral,276,0,0,7,0,1606971,113042,3958,0,8,118,4,2,2,3,138754,2,0,2,0,117,0
targeting,17,25,7,neutral,350,0,0,7,0,1665782,117000,0,0,8,126,4,1,1,0,29760,3,0,3,0,108,0
targeting,17,26,0,pvp,900,1,0,4,2,4314805,1881446,89554,18555,4,94,8,2,0,0,0,3,3,3,3,72,45
targeting,17,26,1,pvp,743,0,1,0,3,3424571,1195680,73320,0,4,44,11,5,2,1,56718,0,4,3,4,0,54
targeting,17,26,2,pvp,756,0,0,5,0,3984297,1675407,66093,21168,4,145,9,3,3,4,263427,4,2,4,2,81,0
targeting,17,26,3,pvp,900,1,1,1,1,4015641,1102644,22356,0,4,83,12,4,2,2,92279,2,2,2,2,27,18
targeting,17,27,0,pvp,860,0,0,1,0,4240605,899524,36476,7422,4,94,13,3,3,1,162140,3,2,3,2,27,0
targeting,17,27,1,pvp,502,0,1,0,4,2769309,577427,16573,2250,4,40,10,5,3,1,71214,0,2,3,2,0,72
targeting,17,27,2,pvp,820,0,0,7,0,4528457,2451444,73056,25182,4,149,7,2,1,1,115131,4,3,4,3,99,0
targeting,17,27,3,pvp,900,1,1,1,3,4207060,1613080,47420,0,4,83,10,3,1,1,33000,2,4,2,4,9,54
targeting,17,28,0,ghost,791,0,1,0,4,4593406,2013492,79008,0,4,145,10,2,1,1,39111,2,4,2,4,0,81
targeting,17,28,1,pvp,810,0,0,5,0,4807697,2176516,55484,32728,4,124,9,3,2,2,100778,3,2,3,2,90,0
targeting,17,28,2,pvp,432,0,1,0,7,2781985,1204977,25773,0,4,149,7,4,2,0,103802,0,4,3,4,0,117
targeting,17,28,3,pvp,900,1,0,4,2,4264359,2328995,143755,0,4,93,8,4,3,1,132305,4,2,4,2,72,36
targeting,17,29,0,ghost,900,1,1,2,3,4453285,2008420,144830,16848,4,142,9,3,0,0,0,4,3,4,3,45,63
targeting,17,29,1,pvp,900,1,0,2,1,4577609,1427960,39040,31305,4,91,11,2,0,0,0,3,2,3,2,45,27
targeting,17,29,2,pvp,527,0,0,2,0,3224104,180000,0,0,4,89,12,4,4,2,215041,1,2,3,2,54,0
targeting,17,29,3,pvp,662,0,1,0,4,3695020,1284296,22954,0,4,91,10,3,3,4,198600,4,2,4,2,0,72
targeting,17,30,0,neutral,374,0,0,7,0,1945726,479329,24671,104316,8,131,4,1,1,1,69000,3,0,3,0,108,0
targeting,17,30,1,neutral,313,0,0,6,0,1869495,63000,0,0,8,111,5,2,2,1,106751,1,0,3,0,99,0
targeting,17,30,2,neutral,418,0,0,7,0,2103334,555750,38250,0,8,261,4,1,1,1,96000,4,0,4,0,117,0
targeting,17,30,3,neutral,337,0,0,7,0,2031099,317761,42239,0,8,207,4,1,1,1,41149,2,0,2,0,117,0
targeting,17,30,4,neutral,346,0,0,7,0,1884568,270230,17770,0,8,90,4,2,2,1,140760,2,0,2,0,99,0
targeting,17,30,5,neutral,351,0,0,7,0,1918824,436500,0,0,8,53,4,2,2,2,171562,4,0,4,0,117,0
targeting,17,30,6,neutral,333,0,0,6,0,1878523,0,0,0,8,109,5,2,2,0,181005,1,0,2,0,99,0
targeting,17,31,0,ghost,740,0,1,0,2,3744525,559716,25284,0,4,64,12,3,1,1,28751,1,3,3,3,0,45
targeting,17,31,1,pvp,734,0,0,5,0,4271727,1893747,84003,0,4,120,9,2,2,1,117717,3,4,3,4,90,0
targeting,17,31,2,pvp,689,0,0,2,0,3760887,330496,2504,25356,4,94,12,3,2,2,126779,2,1,2,2,54,0
targeting,17,31,3,pvp,558,0,0,6,0,3499028,1285878,19122,0,4,129,8,4,2,2,131760,2,4,2,4,90,0
targeting,17,32,0,ghost,850,0,1,0,2,4009407,817535,10465,0,4,113,12,4,3,1,157287,2,1,2,2,0,45
targeting,17,32,1,pvp,818,0,0,3,0,3982763,962875,27125,0,4,149,11,3,3,2,119983,3,1,3,2,63,0
targeting,17,32,2,pvp,664,0,1,0,3,3646688,982958,31792,0,4,84,11,3,1,0,78913,1,4,3,4,0,63
targeting,17,32,3,pvp,775,0,0,5,0,4192396,1721285,51715,8424,4,83,9,3,0,0,0,2,4,2,4,90,0
targeting,17,33,0,ghost,900,1,0,3,3,4694630,1847430,15570,0,4,118,10,3,2,2,111222,4,2,4,2,54,45
targeting,17,33,1,pvp,900,1,0,4,4,4778989,2424442,93308,0,4,62,8,4,2,2,105000,3,5,3,5,72,72
targeting,17,33,2,pvp,543,0,1,0,5,3771989,757456,3044,0,4,80,11,4,3,2,148220,2,2,3,2,0,99
targeting,17,33,3,pvp,614,0,1,0,4,3864147,795600,5400,9072,4,49,12,5,1,1,41609,2,2,2,3,0,72
targeting,17,34,0,ghost,900,1,0,3,2,4570887,1316846,15154,24546,4,64,11,5,2,1,74609,3,2,3,3,63,45
targeting,17,34,1,pvp,855,0,1,0,6,5213028,2673537,127713,13636,4,94,10,3,1,1,48000,4,5,4,5,0,117
targeting,17,34,2,pvp,792,0,0,3,0,4465217,1104764,2236,0,4,84,13,5,3,3,168935,2,2,3,2,63,0
targeting,17,35,0,neutral,343,0,0,8,0,2152894,505330,25670,61362,8,82,4,2,2,1,108000,3,0,3,0,117,0
targeting,17,35,1,neutral,388,0,0,8,0,2279647,594518,24232,0,8,145,4,1,1,1,126000,4,0,4,0,126,0
targeting,17,35,2,neutral,326,0,0,8,0,2178670,344501,6499,0,8,93,4,2,2,2,165000,2,0,3,0,108,0
targeting,17,35,3,neutral,353,0,0,8,0,2285552,471313,46187,0,8,133,4,2,2,0,79031,5,0,5,0,135,0
targeting,17,35,4,neutral,350,0,0,7,0,2207306,164370,6630,0,8,133,5,2,2,1,120251,2,0,2,0,117,0
targeting,17,36,0,ghost,830,0,0,5,0,4885249,2074966,87284,33077,4,64,11,4,1,2,186562,2,5,2,5,99,0
targeting,17,36,1,pvp,900,1,1,2,5,5773157,3157600,174650,0,4,176,9,3,1,1,84913,3,4,3,4,45,99
targeting,17,36,2,pvp,900,1,1,3,4,4889207,2386816,88184,0,4,164,9,4,1,1,43500,2,5,3,5,63,72
targeting,17,37,0,ghost,717,0,0,7,0,5407217,3049497,161253,0,4,144,9,3,3,3,125095,5,4,5,4,117,0
targeting,17,37,1,pvp,900,1,1,1,4,5207495,2184595,65405,32728,4,144,11,4,1,0,41609,3,2,3,3,18,72
targeting,17,37,2,pvp,900,1,0,3,3,5136620,1904136,28614,0,4,118,10,3,2,2,107570,4,2,4,2,63,63
targeting,17,38,0,pvp,900,1,0,4,3,5579447,3163602,206898,0,4,124,9,4,2,3,141000,3,5,3,5,72,54
targeting,17,38,1,pvp,900,1,0,4,3,5082036,2245587,76413,31780,4,118,9,3,2,2,147635,4,2,4,3,72,54
targeting,17,39,0,pvp,900,1,1,2,3,5091998,2050777,55223,20870,4,94,11,3,2,2,80413,3,4,3,4,45,63
targeting,17,39,1,pvp,900,1,1,2,6,5189542,3022540,113960,0,4,114,8,4,1,1,43500,2,5,3,5,36,117
targeting,17,40,0,neutral,388,0,0,8,0,2557012,567280,35720,0,8,160,4,2,2,0,69000,3,0,3,0,117,0
targeting,17,40,1,neutral,466,0,0,7,0,2878496,551184,6816,0,8,133,5,1,1,1,87000,4,0,4,0,108,0
targeting,17,40,2,neutral,394,0,0,7,0,2491772,185348,3652,0,8,109,5,2,2,1,229500,2,0,3,0,99,0
targeting,17,40,3,neutral,426,0,0,7,0,2777870,611250,34500,0,8,229,5,2,2,1,135094,5,0,5,0,126,0
targeting,17,41,0,pvp,900,1,1,2,3,4664334,1607530,66470,9072,4,64,11,4,2,1,80609,3,2,3,3,36,63
targeting,17,41,1,pvp,693,0,1,0,8,5316436,3143738,35512,0,4,144,8,3,3,2,127031,4,5,4,5,0,135
targeting,17,42,0,pvp,900,1,1,1,6,5284861,2967147,185103,0,4,108,9,4,2,1,66000,3,5,3,5,18,117
targeting,17,42,1,pvp,900,1,0,3,3,5246815,2209430,110320,0,4,118,10,3,2,0,74555,4,2,4,3,63,63
targeting,17,43,0,ghost,762,0,0,7,0,5300755,2965953,87297,10800,4,118,10,4,2,1,112711,4,5,4,5,108,0
targeting,17,43,1,pvp,731,0,0,6,0,4768209,2341778,153472,0,4,124,10,4,2,5,231588,3,5,3,5,99,0
targeting,17,44,0,ghost,868,0,1,0,5,5648012,2562519,101481,32727,4,94,12,4,3,3,139933,3,4,3,4,0,81
targeting,17,44,1,pvp,787,0,0,7,0,5263677,2551777,62723,0,4,94,10,4,2,2,171981,4,5,4,5,99,0
targeting,17,45,0,neutral,408,0,0,8,0,2878040,570166,30584,0,8,189,5,2,2,1,151222,4,0,4,0,126,0
targeting,17,45,1,neutral,587,0,0,5,0,3169054,504440,24310,0,8,145,7,2,2,0,79031,5,0,5,0,90,0
targeting,18,1,0,neutral,53,0,0,3,0,24112,1556,1944,0,8,53,1,1,0,0,0,1,0,1,0,6,0
targeting,18,1,1,neutral,44,0,0,3,0,22826,0,0,0,17,44,1,3,1,0,3181,0,0,3,0,5,0
targeting,18,1,2,neutral,40,0,0,3,0,22556,0,0,0,17,40,1,2,2,0,21000,0,0,2,0,5,0
targeting,18,1,3,neutral,40,0,0,4,0,22556,0,0,0,17,40,1,1,1,1,8364,2,0,2,0,6,0
targeting,18,1,4,neutral,56,0,0,4,0,24112,1556,1944,0,8,56,1,1,1,1,3364,1,0,2,0,5,0
targeting,18,1,5,neutral,44,0,0,4,0,22826,0,0,0,17,44,1,2,1,0,7000,2,0,2,0,6,0
targeting,18,1,6,neutral,44,0,0,4,0,22826,1826,1674,0,8,44,1,2,1,0,10818,1,0,2,0,5,0
targeting,18,1,7,neutral,44,0,0,3,0,22826,1826,1674,0,8,44,1,1,1,0,10818,1,0,1,0,6,0
targeting,18,2,0,neutral,113,0,0,4,0,54074,12529,14971,763,8,53,2,0,0,0,0,1,0,3,0,11,0
targeting,18,2,1,neutral,40,0,0,4,0,45696,0,0,0,8,33,2,3,1,1,18000,1,0,3,0,13,0
targeting,18,2,2,neutral,101,0,0,4,0,50566,9131,1369,0,8,40,2,1,1,0,13364,2,0,2,0,10,0
targeting,18,2,3,neutral,97,0,0,4,0,48852,0,0,0,8,40,2,1,1,0,14127,1,0,1,0,13,0
targeting,18,2,4,neutral,72,0,0,4,0,49417,0,0,0,8,70,2,1,1,1,13000,0,0,2,0,8,0
targeting,18,2,5,neutral,85,0,0,4,0,50566,1826,3674,0,8,40,2,2,1,0,14127,1,0,2,0,13,0
targeting,18,2,6,neutral,85,0,0,4,0,50566,0,0,0,8,40,2,2,1,0,14127,1,0,2,0,9,0
targeting,18,2,7,neutral,101,0,0,4,0,49122,6222,4778,0,8,40,2,1,1,0,5127,1,0,1,0,13,0
targeting,18,3,0,neutral,101,0,0,5,0,79518,12518,9482,0,8,40,3,1,1,0,21000,1,0,3,0,14,0
targeting,18,3,1,neutral,108,0,0,5,0,84131,5500,0,0,8,40,3,3,2,0,19217,1,0,3,0,16,0
targeting,18,3,2,neutral,92,0,0,5,0,78671,9966,6534,1460,8,24,3,2,2,1,27545,1,0,2,0,16,0
targeting,18,3,3,neutral,120,0,0,5,0,83148,11000,0,0,8,44,3,2,2,1,29545,1,0,2,0,16,0
targeting,18,3,4,neutral,108,0,0,5,0,84131,11000,0,0,8,44,3,2,2,0,15308,1,0,2,0,16,0
targeting,18,3,5,neutral,102,0,0,5,0,81696,12261,2239,0,8,33,3,2,1,0,21000,2,0,2,0,15,0
targeting,18,3,6,neutral,117,0,0,5,0,83195,14121,7879,0,8,40,3,2,1,1,14127,1,0,2,0,14,0
targeting,18,3,7,neutral,133,0,0,5,0,86202,14332,7668,1929,8,44,3,1,1,0,5127,1,0,2,0,16,0
targeting,18,4,0,pvp,663,0,0,3,0,1453618,474306,27569,0,4,203,7,2,1,2,42955,1,1,2,3,12,0
targeting,18,4,1,pvp,326,0,1,0,4,824022,122682,3818,0,4,104,6,5,1,1,29694,0,2,3,2,0,18
targeting,18,4,2,pvp,633,0,0,2,0,1360019,413481,20019,10910,4,91,8,3,1,3,68250,2,1,2,2,9,0
targeting,18,4,3,pvp,756,0,0,2,0,1286378,292378,4622,9890,4,114,8,3,0,0,0,1,1,2,2,9,0
targeting,18,5,0,neutral,151,0,0,5,0,323702,27500,0,0,8,83,3,2,2,0,46773,1,0,2,0,18,0
targeting,18,5,1,neutral,165,0,0,5,0,333917,0,0,0,8,44,3,3,2,1,26996,0,0,3,0,19,0
targeting,18,5,2,neutral,166,0,0,5,0,321290,41015,12985,0,8,44,3,1,1,0,13691,2,0,2,0,23,0
targeting,18,5,3,neutral,165,0,0,5,0,331308,42871,1129,0,8,44,3,2,2,0,41069,1,0,2,0,18,0
targeting,18,5,4,neutral,150,0,0,5,0,317650,36349,2151,0,8,44,3,2,2,0,29322,1,0,2,0,19,0
targeting,18,5,5,neutral,151,0,0,5,0,333479,44000,0,0,8,77,3,2,2,0,43910,2,0,2,0,21,0
targeting,18,5,6,neutral,183,0,0,5,0,328824,48066,1434,0,8,70,3,1,1,0,21955,2,0,2,0,27,0
targeting,18,5,7,neutral,227,0,0,5,0,358144,41250,0,0,8,145,3,0,0,0,0,1,0,3,0,16,0
targeting,18,6,0,pvp,900,1,0,2,2,1833428,906606,22894,0,4,149,6,3,0,0,0,2,2,2,2,12,15
targeting,18,6,1,pvp,290,0,1,0,4,893946,125121,17879,0,4,64,6,4,1,1,28466,0,2,3,2,0,25
targeting,18,6,2,pvp,488,0,0,3,0,1348559,322826,1174,0,4,104,7,3,1,1,56252,2,1,2,2,18,0
targeting,18,6,3,pvp,900,1,1,1,3,2027681,1108677,21573,0,4,209,6,2,1,1,87446,2,2,2,2,9,12
targeting,18,7,0,pvp,562,0,0,5,0,1830789,547057,22568,4435,4,176,5,2,1,1,90961,2,1,2,2,33,0
targeting,18,7,1,pvp,537,0,1,0,3,1319865,315544,8956,0,4,84,7,3,1,2,55002,1,2,2,2,0,12
targeting,18,7,2,pvp,394,0,1,0,5,1164906,289023,13477,0,4,69,5,3,1,0,45694,1,2,2,2,0,33
targeting,18,7,3,pvp,900,1,0,3,1,2126039,783826,8174,0,4,91,6,3,0,0,0,1,1,2,2,30,9
targeting,18,8,0,pvp,493,0,1,0,4,1548486,375672,10953,0,4,124,6,3,1,0,28751,2,1,2,2,0,33
targeting,18,8,1,pvp,421,0,1,0,5,1470261,377254,13996,0,4,40,5,3,1,0,37774,1,2,2,2,0,33
targeting,18,8,2,pvp,374,0,1,0,4,1201114,373114,49386,0,4,64,6,3,1,0,34500,1,2,2,2,0,38
targeting,18,8,3,pvp,566,0,0,4,0,1818990,554476,3524,21889,4,120,6,2,1,2,52991,1,1,2,1,34,0
targeting,18,9,0,pvp,855,0,0,2,0,2332229,625341,8909,8727,4,64,10,5,1,3,66040,2,1,2,3,12,0
targeting,18,9,1,pvp,495,0,1,0,4,1547028,397092,16908,0,4,33,8,4,0,0,0,1,1,3,2,0,40
targeting,18,9,2,pvp,900,1,0,3,1,2345578,732507,16243,0,4,70,8,4,1,0,69433,2,2,2,2,29,3
targeting,18,9,3,pvp,619,0,1,0,4,2212118,642303,26697,4435,4,91,8,2,1,1,48000,1,2,3,2,0,39
targeting,18,10,0,neutral,145,0,0,6,0,452123,22221,11529,0,8,69,3,2,2,0,63818,1,0,2,0,45,0
targeting,18,10,1,neutral,170,0,0,5,0,465000,36000,0,0,8,89,4,2,2,1,91591,1,0,3,0,42,0
targeting,18,10,2,neutral,145,0,0,6,0,439079,58221,4779,0,8,73,3,2,2,0,50706,2,0,2,0,44,0
targeting,18,10,3,neutral,160,0,0,6,0,471954,36000,0,0,8,69,3,1,1,0,53767,1,0,2,0,52,0
targeting,18,10,4,neutral,208,0,0,6,0,485182,47872,1628,0,8,110,3,1,1,0,56640,2,0,3,0,40,0
targeting,18,10,5,neutral,140,0,0,6,0,460543,27273,16227,0,8,67,3,2,2,0,60955,2,0,2,0,48,0
targeting,18,10,6,neutral,169,0,0,6,0,442622,45000,0,0,8,52,3,2,2,0,46773,1,0,2,0,45,0
targeting,18,10,7,neutral,151,0,0,6,0,449187,0,0,0,8,111,3,1,1,0,39000,2,0,2,0,48,0
targeting,18,11,0,pvp,900,1,0,2,1,2392760,700662,14838,8727,4,33,9,5,1,1,27682,1,1,3,3,27,9
targeting,18,11,1,pvp,900,1,1,1,3,2474278,820600,24400,0,4,52,8,4,2,2,76471,1,3,3,3,18,27
targeting,18,11,2,pvp,593,0,1,0,3,2332015,407283,12217,0,4,104,9,3,2,1,49456,2,1,2,2,0,36
targeting,18,11,3,pvp,494,0,1,0,5,2172888,673251,40499,1972,4,104,7,4,2,2,139639,2,1,2,2,0,46
targeting,18,12,0,pvp,388,0,0,6,0,1803592,400500,0,0,4,62,6,4,2,2,80318,1,1,2,2,51,0
targeting,18,12,1,pvp,499,0,1,0,5,1768742,510849,29151,8727,4,95,7,3,1,1,27501,1,2,2,2,0,46
targeting,18,12,2,pvp,525,0,0,5,0,1948529,514500,0,0,4,64,7,5,2,1,50706,2,2,2,3,39,0
targeting,18,12,3,pvp,900,1,1,1,2,2890129,869946,41304,8727,4,114,9,3,1,2,108111,2,1,2,2,4,27
targeting,18,13,0,pvp,784,0,0,3,0,2320134,628944,22556,0,4,120,9,3,1,0,43556,1,2,2,2,36,0
targeting,18,13,1,pvp,512,0,1,0,3,1819883,393941,31309,4435,4,83,9,4,1,1,78913,1,1,2,2,0,36
targeting,18,13,2,pvp,507,0,0,5,0,2004780,811410,13590,0,4,104,7,4,2,1,64195,3,2,3,3,48,0
targeting,18,13,3,pvp,614,0,0,5,0,2474300,787947,49053,0,4,142,7,2,1,3,77373,2,1,2,2,55,0
targeting,18,14,0,pvp,419,0,0,5,0,2025887,395347,7403,8727,4,84,7,3,2,2,106500,1,1,2,2,48,0
targeting,18,14,1,pvp,507,0,1,0,4,1968895,545279,21721,4435,4,44,8,3,1,1,29760,1,2,2,2,0,54
targeting,18,14,2,pvp,900,1,1,1,4,3069897,1412797,60703,3711,4,114,7,2,1,0,23427,3,2,3,2,6,36
targeting,18,14,3,pvp,494,0,1,0,6,2053051,635850,12150,7111,4,49,6,4,1,1,144748,1,2,3,2,0,66
targeting,18,15,0,neutral,153,0,0,6,0,591262,84131,14869,0,8,83,3,2,2,0,73500,2,0,2,0,66,0
targeting,18,15,1,neutral,173,0,0,6,0,582132,64696,7304,0,8,44,3,2,2,1,35129,1,0,2,0,52,0
targeting,18,15,2,neutral,165,0,0,6,0,570538,77586,14914,0,8,49,3,2,2,0,74254,3,0,3,0,57,0
targeting,18,15,3,neutral,189,0,0,6,0,620667,122288,21712,0,8,83,3,1,1,0,60754,2,0,2,0,66,0
targeting,18,15,4,neutral,220,0,0,6,0,613410,84888,23112,0,8,108,3,1,1,1,32967,2,0,2,0,66,0
targeting,18,15,5,neutral,153,0,0,6,0,574958,57522,5478,0,8,42,3,2,1,0,27393,2,0,2,0,72,0
targeting,18,15,6,neutral,161,0,0,6,0,596479,57522,5478,0,8,93,3,2,2,0,56455,1,0,2,0,57,0
targeting,18,15,7,neutral,208,0,0,6,0,590781,72333,8667,0,8,83,3,1,1,1,48000,2,0,2,0,66,0
targeting,18,16,0,pvp,575,0,0,5,0,2959887,1122766,49484,25044,4,124,7,3,2,3,150431,2,2,2,2,48,0
targeting,18,16,1,pvp,435,0,1,0,5,1851535,461921,27679,0,4,64,7,5,2,1,69077,1,2,3,2,0,63
targeting,18,16,2,pvp,676,0,1,0,4,2858981,1035871,25279,0,4,69,8,3,2,1,105956,3,2,3,2,0,45
targeting,18,16,3,pvp,900,1,1,3,2,3009038,1141086,53664,0,4,164,7,3,1,2,72111,1,2,2,3,36,36
targeting,18,17,0,pvp,345,0,0,6,0,1653084,409914,15336,16696,4,104,6,5,3,2,140442,2,1,2,3,66,0
targeting,18,17,1,pvp,713,0,1,0,4,2653950,1000898,34352,0,4,64,8,3,2,2,150185,3,2,3,3,0,54
targeting,18,17,2,pvp,556,0,1,0,5,2508532,874932,12918,7422,4,114,7,2,1,2,52591,2,2,2,2,0,63
targeting,18,17,3,pvp,900,1,1,2,3,3882976,1872099,87651,14088,4,93,7,3,1,1,34500,2,2,2,2,36,45
targeting,18,18,0,pvp,693,0,0,4,0,3422410,1288824,11676,0,4,167,8,4,3,5,136579,2,2,2,2,54,0
targeting,18,18,1,pvp,586,0,1,0,4,2462807,605758,21992,0,4,84,8,3,1,1,27501,2,2,2,2,0,45
targeting,18,18,2,pvp,900,1,0,3,3,3677295,1679563,30437,12000,4,84,6,3,0,0,0,2,2,2,2,45,45
targeting,18,18,3,pvp,900,1,1,2,2,3341357,1542598,67502,0,4,114,8,3,1,1,26880,2,2,2,2,36,36
targeting,18,19,0,pvp,779,0,1,0,4,3541042,1353898,20852,0,4,52,10,5,2,2,64374,2,2,3,3,0,54
targeting,18,19,1,pvp,693,0,1,0,4,3127532,950446,62054,0,4,83,10,5,1,0,33000,1,2,3,2,0,54
targeting,18,19,2,pvp,900,1,0,3,1,4029653,1562147,66853,0,4,52,10,4,1,1,32003,2,2,2,2,36,18
targeting,18,19,3,pvp,693,0,1,0,5,3167302,1081686,17214,0,4,87,9,3,2,3,149413,2,2,3,3,0,57
targeting,18,20,0,neutral,173,0,0,7,0,721890,98152,9848,0,8,89,3,2,2,0,108067,2,0,2,0,81,0
targeting,18,20,1,neutral,140,0,0,7,0,707410,36000,0,0,8,111,3,3,3,1,109986,1,0,3,0,66,0
targeting,18,20,2,neutral,169,0,0,7,0,693160,75310,7940,0,8,44,3,2,2,1,60670,2,0,2,0,81,0
targeting,18,20,3,neutral,183,0,0,7,0,747760,114480,9270,0,8,137,3,2,2,1,82709,2,0,2,0,75,0
targeting,18,20,4,neutral,169,0,0,7,0,708112,82590,1560,0,8,82,3,1,1,1,32640,2,0,3,0,87,0
targeting,18,20,5,neutral,153,0,0,7,0,715044,38250,0,0,8,93,3,3,3,0,99955,2,0,3,0,75,0
targeting,18,20,6,neutral,178,0,0,7,0,693626,70110,1890,0,8,44,3,2,2,0,79374,2,0,2,0,93,0
targeting,18,20,7,neutral,169,0,0,7,0,715804,97110,1890,0,8,89,3,2,2,0,108000,3,0,3,0,84,0
targeting,18,21,0,pvp,626,0,0,5,0,3362611,1098525,88575,33611,4,120,9,2,1,3,97111,3,2,3,3,81,0
targeting,18,21,1,pvp,656,0,0,5,0,3293085,923635,48365,0,4,64,9,5,2,3,121500,2,2,3,2,81,0
targeting,18,21,2,pvp,900,1,0,5,2,4028822,1836406,45944,0,4,84,7,5,0,0,0,3,2,3,3,60,27
targeting,18,21,3,pvp,900,1,1,2,2,4160900,1613129,15871,35500,4,84,10,4,2,2,90955,3,3,3,3,45,36
targeting,18,22,0,pvp,673,0,1,0,5,3966846,1597052,30598,0,4,46,9,4,2,2,66000,3,2,3,3,0,81
targeting,18,22,1,pvp,900,1,1,2,3,3913554,1693333,23417,0,4,53,9,5,2,1,87955,1,3,3,3,23,54
targeting,18,22,2,pvp,885,0,1,0,5,4221139,1768038,35712,32727,4,64,9,4,0,0,0,3,2,3,2,0,81
targeting,18,22,3,pvp,900,1,0,3,1,3928329,1297171,3779,0,4,64,10,3,1,1,26880,3,3,3,3,63,18
targeting,18,23,0,pvp,900,1,1,2,3,4390645,1492825,97475,54544,4,91,9,2,1,1,28111,3,3,3,3,45,63
targeting,18,23,1,pvp,482,0,1,0,5,2822064,696587,27913,0,4,65,9,5,3,2,128611,1,3,3,3,0,90
targeting,18,23,2,pvp,704,0,1,0,5,3432351,1124101,4849,0,4,77,9,5,0,0,0,3,2,3,3,0,81
targeting,18,23,3,pvp,517,0,1,0,5,3205423,837886,35114,0,4,84,9,4,2,3,135000,3,2,3,2,0,81
targeting,18,24,0,pvp,778,0,0,4,0,3856730,1278350,26650,0,4,139,10,3,1,2,139778,3,3,3,3,45,0
targeting,18,24,1,pvp,702,0,1,0,4,3556569,1218217,32783,0,4,64,10,5,3,1,96595,1,2,3,2,0,72
targeting,18,24,2,pvp,686,0,0,5,0,3856305,1532870,36280,0,4,84,9,3,1,1,57502,3,3,3,3,90,0
targeting,18,24,3,pvp,900,1,0,4,3,4251150,2284749,35451,0,4,83,7,4,0,0,0,3,3,3,3,81,54
targeting,18,25,0,neutral,333,0,0,7,0,1691338,340000,29000,0,8,82,4,1,1,0,34500,3,0,3,0,108,0
targeting,18,25,1,neutral,313,0,0,6,0,1615381,18000,0,0,8,83,5,3,3,1,184517,1,0,3,0,77,0
targeting,18,25,2,neutral,319,0,0,7,0,1651995,234000,0,0,8,113,4,2,2,0,103500,3,0,3,0,90,0
targeting,18,25,3,neutral,283,0,0,7,0,1646811,210955,32045,0,8,193,4,2,2,1,97751,2,0,2,0,99,0
targeting,18,25,4,neutral,337,0,0,7,0,1711528,282972,45078,0,8,142,4,1,1,1,53760,3,0,3,0,108,0
targeting,18,25,5,neutral,293,0,0,7,0,1666257,185850,0,0,8,83,4,2,2,0,117000,3,0,3,0,108,0
targeting,18,25,6,neutral,291,0,0,7,0,1650319,127695,7305,0,8,133,4,2,2,0,69000,2,0,2,0,99,0
targeting,18,25,7,neutral,275,0,0,7,0,1676951,347475,77775,0,8,113,4,2,2,0,69000,3,0,3,0,108,0
targeting,18,26,0,pvp,586,0,0,3,0,2954221,453912,11838,4696,4,94,11,4,1,0,33000,3,0,3,3,54,0
targeting,18,26,1,pvp,718,0,1,0,6,3665052,1562703,46497,14844,4,114,8,3,1,2,80640,3,3,3,3,0,99
targeting,18,26,2,pvp,755,0,1,0,5,4336809,1917363,100887,0,4,118,9,3,2,3,96251,2,3,2,3,0,90
targeting,18,26,3,pvp,900,1,1,2,3,4348283,1878407,16093,0,4,120,9,4,1,1,34500,3,2,3,2,36,63
targeting,18,27,0,ghost,887,0,1,0,3,4504282,1578945,25755,16228,4,84,11,3,2,2,94711,3,2,3,2,0,63
targeting,18,27,1,pvp,900,1,1,1,4,5240327,2403586,35414,10909,4,145,9,3,2,2,87530,3,2,3,2,27,72
targeting,18,27,2,pvp,868,0,1,0,3,4305220,1495952,29548,34725,4,94,11,3,1,1,34500,3,3,3,3,0,63
targeting,18,27,3,pvp,900,1,0,3,2,4435844,2020716,47034,10227,4,84,9,4,2,0,67751,2,3,2,3,63,36
targeting,18,28,0,ghost,900,1,1,1,4,4410668,1754099,41401,0,4,70,9,2,1,1,40633,3,3,3,3,27,63
targeting,18,28,1,pvp,811,0,1,0,3,4123988,1303406,21844,0,4,89,11,4,1,1,34500,3,2,3,2,0,63
targeting,18,28,2,pvp,688,0,1,0,4,4090445,1386006,25194,0,4,70,10,4,3,3,163380,3,3,3,3,0,72
targeting,18,28,3,pvp,856,0,1,0,4,4016115,1471635,58365,0,4,62,10,3,0,0,0,1,3,3,3,0,63
targeting,18,29,0,ghost,688,0,1,0,4,3800372,983502,22248,0,4,124,10,4,1,2,72226,1,2,3,2,0,72
targeting,18,29,1,pvp,530,0,1,0,5,3439107,1068977,29023,0,4,91,9,3,2,2,61751,3,2,3,2,0,81
targeting,18,29,2,pvp,687,0,0,5,0,4326071,1920560,99940,40317,4,139,9,3,2,2,202483,3,3,3,3,72,0
targeting,18,29,3,pvp,743,0,1,0,5,3902081,1844681,60169,0,4,83,9,4,1,1,67500,3,3,3,3,0,90
targeting,18,30,0,neutral,375,0,0,7,0,1993075,489988,50012,0,8,145,4,1,1,0,42480,3,0,3,0,108,0
targeting,18,30,1,neutral,343,0,0,7,0,1971536,422951,9049,0,8,89,4,2,2,1,137750,3,0,3,0,108,0
targeting,18,30,2,neutral,339,0,0,7,0,1879531,209250,0,0,8,89,4,2,2,0,130508,2,0,2,0,99,0
targeting,18,30,3,neutral,463,0,0,6,0,2016495,335619,51381,61360,8,133,5,1,1,0,26880,3,0,3,0,99,0
targeting,18,30,4,neutral,264,0,0,7,0,1869454,212283,3717,0,8,52,4,3,3,1,117000,2,0,3,0,117,0
targeting,18,30,5,neutral,327,0,0,6,0,1915926,0,0,0,8,113,5,2,2,1,103500,0,0,3,0,90,0
targeting,18,30,6,neutral,374,0,0,7,0,1987138,341805,15945,0,8,133,4,1,1,0,34500,3,0,3,0,108,0
targeting,18,31,0,ghost,581,0,1,0,4,3584304,1039474,13526,3024,4,113,10,4,1,1,27501,3,2,3,2,0,72
targeting,18,31,1,pvp,887,0,1,0,2,4067259,1167474,29526,6627,4,70,12,4,2,2,116460,3,2,3,3,0,45
targeting,18,31,2,pvp,900,1,0,3,3,4637401,2333407,56093,0,4,89,8,3,1,1,33000,2,3,2,3,63,54
targeting,18,31,3,pvp,777,0,1,0,2,3989441,691315,19685,0,4,128,12,3,0,0,0,3,0,3,3,0,54
targeting,18,32,0,ghost,900,1,1,2,4,5093632,2634331,117419,45792,4,184,8,2,1,1,48960,3,3,3,3,36,72
targeting,18,32,1,pvp,587,0,0,4,0,3511989,515250,0,0,4,65,10,3,1,2,158162,3,0,3,3,63,0
targeting,18,32,2,pvp,465,0,1,0,4,3073361,630733,10517,0,4,73,10,5,1,2,113609,3,2,3,3,0,72
targeting,18,32,3,pvp,811,0,0,4,0,4622039,1910874,57876,0,4,91,10,3,2,1,61751,2,3,2,3,72,0
targeting,18,33,0,ghost,793,0,1,0,4,4734979,1844560,38690,0,4,73,12,5,3,3,145500,2,3,2,3,0,81
targeting,18,33,1,pvp,842,0,0,2,0,4569152,1200778,27722,0,4,84,14,5,1,1,28751,3,3,3,3,45,0
targeting,18,33,2,pvp,778,0,1,0,5,4825536,1911669,63381,41472,4,73,11,5,2,2,163111,3,3,3,3,0,90
targeting,18,33,3,pvp,618,0,1,0,7,3911314,1383354,47646,14844,4,62,9,3,1,1,64778,1,4,3,4,0,117
targeting,18,34,0,ghost,662,0,0,4,0,4635250,1644360,28290,0,4,52,12,5,3,1,128611,3,1,3,3,81,0
targeting,18,34,1,pvp,488,0,0,8,0,3738135,1116739,10511,0,4,91,8,4,2,2,78834,3,2,3,2,117,0
targeting,18,34,2,pvp,617,0,1,0,5,4129281,1032041,7459,0,4,83,11,5,1,1,27501,3,1,3,3,0,90
targeting,18,34,3,pvp,900,1,0,5,2,5024880,2336468,82282,21300,4,145,9,3,1,3,77373,3,4,3,4,81,36
targeting,18,35,0,neutral,333,0,0,7,0,2266858,351000,0,0,8,137,5,2,2,2,131985,3,0,3,0,108,0
targeting,18,35,1,neutral,346,0,0,7,0,2200305,212925,12075,0,8,53,5,2,2,0,63251,2,0,2,0,117,0
targeting,18,35,2,neutral,350,0,0,7,0,2201848,326570,42430,20454,8,83,5,2,2,1,100380,3,0,3,0,99,0
targeting,18,35,3,neutral,293,0,0,8,0,2141783,324000,0,0,8,91,4,3,3,1,120494,3,0,3,0,135,0
targeting,18,35,4,neutral,358,0,0,6,0,2217902,99000,0,0,8,102,6,2,2,0,69000,1,0,3,0,99,0
targeting,18,35,5,neutral,373,0,0,8,0,2302212,462911,34339,0,8,118,4,1,1,0,34500,4,0,4,0,126,0
targeting,18,36,0,pvp,717,0,1,0,5,5047572,1948457,54043,0,4,124,11,4,2,2,65003,3,3,3,3,0,81
targeting,18,36,1,pvp,856,0,0,4,0,4699358,1638167,17833,0,4,84,12,5,3,1,100751,2,3,2,3,63,0
targeting,18,36,2,pvp,680,0,1,0,7,4303172,1922610,46140,0,4,114,9,3,1,0,33000,1,4,3,4,0,117
targeting,18,37,0,ghost,720,0,1,0,5,4541997,1591772,16978,0,4,118,11,4,1,2,90313,2,3,2,3,0,81
targeting,18,37,1,pvp,900,1,0,3,2,4803735,1936952,52048,33135,4,84,11,5,3,2,144942,3,3,3,3,63,36
targeting,18,37,2,pvp,847,0,1,0,5,5257132,2422089,77661,0,4,120,11,3,1,2,69000,3,4,3,4,0,90
targeting,18,38,0,pvp,900,1,1,1,4,5626384,2625879,94371,0,4,120,11,3,1,1,42480,3,4,3,4,18,72
targeting,18,38,1,pvp,768,0,1,0,4,4226620,1248530,38470,13043,4,84,12,5,2,1,62611,2,3,2,3,0,81
targeting,18,39,0,ghost,762,0,1,0,6,4532813,2151413,89587,0,4,83,10,4,2,1,67500,3,4,3,4,0,108
targeting,18,39,1,pvp,631,0,1,0,6,4221315,1651515,69735,0,4,120,10,3,2,2,56427,3,4,3,4,0,108
targeting,18,40,0,neutral,359,0,0,8,0,2492348,483618,15882,96000,8,173,4,2,2,2,128733,3,0,3,0,117,0
targeting,18,40,1,neutral,349,0,0,7,0,2556887,306000,0,0,8,108,5,3,3,1,151500,3,0,3,0,108,0
targeting,18,40,2,neutral,458,0,0,7,0,2796200,719240,18760,0,8,145,5,1,1,0,34500,4,0,4,0,117,0
targeting,18,41,0,ghost,900,1,0,5,1,4885146,2236763,96487,0,4,64,10,4,1,0,67500,4,3,4,3,90,18
targeting,18,41,1,pvp,900,1,1,2,2,4813249,1698556,65444,0,4,104,12,5,2,1,90752,3,3,3,3,45,36
targeting,18,42,0,ghost,900,1,1,3,4,5545141,2815250,96250,11087,4,251,9,3,1,0,28751,3,4,3,4,63,81
targeting,18,42,1,pvp,763,0,1,0,5,4789887,2017358,52642,0,4,70,11,4,2,2,172500,3,4,3,4,0,90
targeting,19,1,0,neutral,40,0,0,3,0,22826,0,0,0,17,40,1,2,1,0,12000,0,0,2,0,5,0
targeting,19,1,1,neutral,49,0,0,4,0,22556,0,0,0,17,49,1,2,1,0,15364,0,0,2,0,4,0
targeting,19,1,2,neutral,40,0,0,3,0,22556,0,0,0,17,40,1,1,1,1,16000,0,0,2,0,5,0
targeting,19,1,3,neutral,56,0,0,3,0,24112,0,0,0,17,56,1,1,1,1,11000,0,0,2,0,5,0
targeting,19,1,4,neutral,44,0,0,3,0,22826,0,0,0,17,44,1,2,1,0,10818,1,0,2,0,6,0
targeting,19,1,5,neutral,44,0,0,4,0,22826,1826,1674,0,8,44,1,2,1,0,10818,1,0,2,0,5,0
targeting,19,1,6,neutral,44,0,0,3,0,22556,1556,1944,0,8,44,1,1,1,0,15364,1,0,1,0,6,0
targeting,19,1,7,neutral,40,0,0,4,0,22826,0,0,0,17,40,1,1,1,0,13364,2,0,2,0,6,0
targeting,19,2,0,neutral,93,0,0,4,0,50408,0,0,0,8,53,2,0,0,0,0,0,0,3,0,8,0
targeting,19,2,1,neutral,93,0,0,3,0,49122,0,0,0,8,40,2,1,1,1,14127,1,0,1,0,12,0
targeting,19,2,2,neutral,53,0,0,4,0,46260,0,0,0,8,40,2,1,1,1,18000,1,0,2,0,13,0
targeting,19,2,3,neutral,40,0,0,4,0,45426,0,0,0,8,40,2,3,2,2,30000,0,0,3,0,8,0
targeting,19,2,4,neutral,44,0,0,4,0,45696,0,0,0,8,40,2,2,2,1,18727,1,0,2,0,9,0
targeting,19,2,5,neutral,52,0,0,4,0,46982,5056,3944,0,8,40,2,1,1,1,18000,2,0,2,0,12,0
targeting,19,2,6,neutral,84,0,0,4,0,50566,0,0,0,8,40,2,2,1,0,14127,1,0,2,0,13,0
targeting,19,2,7,neutral,93,0,0,4,0,50566,5500,0,0,8,44,2,1,1,0,7763,1,0,2,0,11,0
targeting,19,3,0,neutral,108,0,0,5,0,83148,0,0,0,8,44,3,1,1,0,7545,0,0,3,0,13,0
targeting,19,3,1,neutral,97,0,0,5,0,79518,0,0,0,8,40,3,2,2,1,21763,1,0,2,0,14,0
targeting,19,3,2,neutral,113,0,0,5,0,85957,10500,0,0,8,44,3,1,1,0,11545,2,0,2,0,15,0
targeting,19,3,3,neutral,125,0,0,5,0,85417,0,0,0,8,44,3,3,2,0,15272,1,0,3,0,14,0
targeting,19,3,4,neutral,76,0,0,4,0,77667,10667,3333,0,8,20,3,1,1,1,18000,2,0,2,0,16,0
targeting,19,3,5,neutral,113,0,0,5,0,83148,12000,4500,0,8,44,3,1,1,0,8909,2,0,2,0,15,0
targeting,19,3,6,neutral,52,0,0,5,0,76133,7307,3693,0,8,24,3,3,2,1,31591,1,0,3,0,14,0
targeting,19,3,7,neutral,117,0,0,5,0,81592,11000,0,0,8,40,3,1,1,0,14127,1,0,3,0,14,0
targeting,19,4,0,pvp,698,0,1,0,1,1103567,0,0,10002,4,131,9,3,0,0,0,0,0,4,2,0,3
targeting,19,4,1,pvp,379,0,1,0,3,1001661,155370,9130,0,4,120,7,4,3,2,135928,2,1,2,3,0,16
targeting,19,4,2,pvp,546,0,0,1,0,1403608,208999,1,0,4,64,9,4,2,4,110017,1,1,2,2,3,0
targeting,19,4,3,pvp,498,0,1,0,4,1268646,478700,5300,0,4,120,6,4,2,2,89728,2,1,2,2,0,15
targeting,19,5,0,neutral,149,0,0,5,0,332052,21819,181,0,8,102,3,2,2,0,52500,1,0,2,0,18,0
targeting,19,5,1,neutral,180,0,0,5,0,333737,0,0,0,8,53,3,2,2,0,35546,0,0,2,0,19,0
targeting,19,5,2,neutral,198,0,0,5,0,343577,66296,10704,0,8,44,3,1,1,0,15272,2,0,2,0,18,0
targeting,19,5,3,neutral,181,0,0,5,0,335474,0,0,0,8,89,3,2,2,0,50293,1,0,2,0,18,0
targeting,19,5,4,neutral,166,0,0,5,0,324446,34222,4278,0,8,44,3,2,2,0,44491,1,0,2,0,22,0
targeting,19,5,5,neutral,173,0,0,5,0,328472,31305,1695,0,8,44,3,1,1,0,26672,2,0,2,0,21,0
targeting,19,5,6,neutral,145,0,0,5,0,328469,34222,4278,0,8,93,3,2,2,0,43910,1,0,2,0,18,0
targeting,19,5,7,neutral,165,0,0,5,0,333528,11000,0,0,8,73,3,2,2,0,50293,1,0,2,0,18,0
targeting,19,6,0,pvp,422,0,0,4,0,1093363,216680,2820,0,4,120,6,3,2,2,91549,1,2,2,2,18,0
targeting,19,6,1,pvp,595,0,0,3,0,1363870,333109,2391,0,4,122,7,4,0,0,0,1,1,2,2,24,0
targeting,19,6,2,pvp,510,0,0,5,0,1510079,617591,3909,0,4,157,5,2,1,1,89593,2,2,2,2,33,0
targeting,19,6,3,pvp,757,0,1,0,3,1570760,441999,5001,0,4,84,7,4,1,1,21955,1,1,2,2,0,24
targeting,19,7,0,pvp,404,0,1,0,4,1385300,302566,8434,0,4,184,6,4,2,1,54816,1,1,2,2,0,33
targeting,19,7,1,pvp,382,0,1,0,4,1243959,209091,6909,0,4,64,6,4,2,2,55125,0,1,2,2,0,27
targeting,19,7,2,pvp,560,0,1,0,3,1473149,300222,13278,0,4,114,7,3,2,1,46773,2,1,2,2,0,21
targeting,19,7,3,pvp,464,0,0,3,0,1657424,369162,19338,0,4,157,7,2,2,1,126529,1,2,2,2,30,0
targeting,19,8,0,pvp,419,0,1,0,4,1337920,250500,0,0,4,124,6,3,2,0,105705,2,1,2,2,0,39
targeting,19,8,1,pvp,502,0,1,0,3,1570425,264000,0,0,4,178,7,3,2,2,95122,0,2,2,2,0,21
targeting,19,8,2,pvp,560,0,0,2,0,1890693,309273,5727,8348,4,113,8,3,1,3,135403,1,1,2,2,18,0
targeting,19,8,3,pvp,566,0,1,0,3,1684819,386441,6559,0,4,84,7,3,1,1,87126,1,2,2,2,0,30
targeting,19,9,0,pvp,430,0,0,5,0,1695901,245000,0,0,4,145,7,4,1,1,80804,2,1,2,3,33,0
targeting,19,9,1,pvp,407,0,1,0,4,1394679,211182,13818,0,4,62,7,4,1,1,21000,0,1,2,2,0,33
targeting,19,9,2,pvp,526,0,1,0,4,1851130,535182,10818,0,4,164,8,2,1,0,94158,3,2,3,2,0,42
targeting,19,9,3,pvp,476,0,0,5,0,1762444,265000,0,0,4,142,7,3,2,2,142012,1,2,2,3,27,0
targeting,19,10,0,neutral,169,0,0,6,0,454934,55077,16423,4602,8,73,3,1,1,1,48000,2,0,2,0,42,0
targeting,19,10,1,neutral,153,0,0,6,0,458772,36000,0,0,8,93,3,2,2,0,43910,1,0,2,0,51,0
targeting,19,10,2,neutral,177,0,0,6,0,480089,75372,1628,0,8,114,3,1,1,0,39000,3,0,3,0,36,0
targeting,19,10,3,neutral,165,0,0,6,0,468234,59279,1221,0,8,113,3,1,1,0,44531,2,0,2,0,48,0
targeting,19,10,4,neutral,181,0,0,6,0,455585,45000,0,0,8,69,3,2,2,1,136402,1,0,2,0,45,0
targeting,19,10,5,neutral,169,0,0,6,0,474512,81314,14686,0,8,108,3,1,1,0,44531,2,0,2,0,48,0
targeting,19,10,6,neutral,173,0,0,6,0,460299,36000,0,0,8,111,3,2,2,0,55266,2,0,2,0,48,0
targeting,19,10,7,neutral,169,0,0,6,0,457861,75342,28158,0,8,93,3,1,1,0,44531,3,0,3,0,45,0
targeting,19,11,0,pvp,900,1,1,1,1,3109931,1035633,36367,0,4,109,10,2,2,4,333340,1,2,3,2,9,9
targeting,19,11,1,pvp,456,0,1,0,5,1975258,341165,13335,0,4,80,7,3,1,1,33000,1,2,2,2,0,45
targeting,19,11,2,pvp,525,0,0,6,0,2029844,591826,32174,6048,4,144,6,3,2,2,94434,1,3,2,3,46,0
targeting,19,11,3,pvp,681,0,1,0,3,2314404,598991,6509,0,4,104,9,3,2,1,143479,1,2,2,2,0,30
targeting,19,12,0,pvp,874,0,0,3,0,3016100,1231275,39725,17454,4,145,9,2,1,2,143220,1,3,3,3,36,0
targeting,19,12,1,pvp,580,0,1,0,1,2403843,393122,17878,0,4,75,11,4,1,0,155301,1,2,2,2,0,9
targeting,19,12,2,pvp,514,0,0,5,0,2011165,628000,0,0,4,91,7,4,1,1,55363,1,3,2,3,37,0
targeting,19,12,3,pvp,711,0,1,0,4,2451754,837374,4626,0,4,124,8,3,1,1,33000,2,2,2,2,0,42
targeting,19,13,0,pvp,672,0,0,2,0,2834288,749043,8957,0,4,65,10,3,2,4,355596,1,2,3,2,27,0
targeting,19,13,1,pvp,762,0,1,0,2,2452411,616500,0,0,4,104,10,4,1,1,21000,1,2,2,2,0,24
targeting,19,13,2,pvp,900,1,1,2,2,2650375,1003348,37652,0,4,132,8,4,1,1,38111,2,2,2,2,27,36
targeting,19,13,3,pvp,818,0,0,2,0,3054647,1016498,27502,16696,4,44,10,3,2,2,110095,2,1,2,2,36,0
targeting,19,14,0,pvp,900,1,1,1,2,2856850,817947,46053,33312,4,149,9,3,1,1,74024,1,2,3,2,9,36
targeting,19,14,1,pvp,900,1,1,1,3,3168351,1456730,66770,0,4,189,8,3,1,1,21000,1,3,3,3,9,42
targeting,19,14,2,pvp,446,0,0,5,0,2213134,516696,17304,0,4,114,7,3,2,1,72000,2,2,2,2,51,0
targeting,19,14,3,pvp,645,0,0,2,0,2584699,603078,26922,16696,4,44,10,3,1,1,33000,1,1,2,2,27,0
targeting,19,15,0,neutral,200,0,0,6,0,570779,36000,0,0,8,101,3,1,1,1,48000,2,0,2,0,72,0
targeting,19,15,1,neutral,153,0,0,6,0,575133,58000,0,1841,8,44,3,2,2,0,53766,2,0,2,0,72,0
targeting,19,15,2,neutral,165,0,0,6,0,581722,86741,14759,0,8,82,3,2,2,1,102230,3,0,3,0,57,0
targeting,19,15,3,neutral,153,0,0,6,0,599740,0,0,0,8,109,3,3,3,1,102504,1,0,3,0,69,0
targeting,19,15,4,neutral,145,0,0,6,0,585464,54333,8667,0,8,82,3,2,2,1,90480,1,0,2,0,57,0
targeting,19,15,5,neutral,176,0,0,6,0,578870,0,0,0,8,73,3,2,2,0,66486,2,0,2,0,66,0
targeting,19,15,6,neutral,189,0,0,6,0,569965,89965,9035,2455,8,53,3,1,1,0,39000,2,0,2,0,72,0
targeting,19,15,7,neutral,185,0,0,6,0,572253,92086,19914,0,8,40,3,1,1,0,40058,3,0,3,0,69,0
targeting,19,16,0,pvp,606,0,0,4,0,2885776,488091,6909,0,4,114,8,3,2,0,175710,2,1,2,2,45,0
targeting,19,16,1,pvp,649,0,1,0,2,2802140,718166,42834,0,4,53,10,5,4,2,160214,1,3,3,3,0,27
targeting,19,16,2,pvp,507,0,0,6,0,2465344,981250,4700,7422,4,52,6,4,2,3,169724,2,2,2,2,66,0
targeting,19,16,3,pvp,818,0,0,3,0,2960540,1127060,51440,0,4,104,9,2,1,0,39000,2,3,2,3,54,0
targeting,19,17,0,pvp,587,0,0,4,0,2539953,578242,24758,0,4,147,8,4,1,2,173501,2,1,3,3,48,0
targeting,19,17,1,pvp,843,0,0,3,0,3752516,1519355,49795,0,4,180,9,3,1,0,66278,2,2,2,2,45,0
targeting,19,17,2,pvp,898,0,1,0,3,3724529,1557188,33562,0,4,104,9,4,3,3,180589,1,2,2,2,0,45
targeting,19,17,3,pvp,656,0,1,0,5,2654598,1001639,38861,0,4,145,7,3,1,1,87126,2,3,2,3,0,60
targeting,19,18,0,pvp,835,0,1,0,5,3378682,1643716,72784,0,4,149,7,3,2,2,215113,2,3,3,3,0,60
targeting,19,18,1,pvp,900,1,0,1,1,3025301,930431,14569,0,4,44,10,5,1,0,21000,1,2,3,2,27,18
targeting,19,18,2,pvp,874,0,0,4,0,3484460,1582340,47660,0,4,149,8,3,1,1,34500,2,3,2,3,72,0
targeting,19,18,3,pvp,507,0,0,5,0,2753049,873764,6436,0,4,131,7,4,2,1,199566,2,2,2,2,57,0
targeting,19,19,0,pvp,900,1,0,3,1,3801713,1316058,48942,0,4,85,10,3,3,2,221173,2,3,3,3,36,18
targeting,19,19,1,pvp,711,0,0,2,0,3518701,763640,34660,0,4,84,12,5,2,3,138166,2,2,3,2,45,0
targeting,19,19,2,pvp,495,0,0,6,0,2520846,837781,29719,0,4,52,8,5,2,3,182804,3,2,3,3,69,0
targeting,19,19,3,pvp,619,0,0,4,0,3202623,835833,56067,7100,4,91,10,4,2,2,126786,2,2,2,2,72,0
targeting,19,20,0,neutral,189,0,0,7,0,724964,45000,0,0,8,114,3,1,1,1,65625,2,0,3,0,75,0
targeting,19,20,1,neutral,181,0,0,7,0,688866,75390,5610,0,8,53,3,3,3,1,130341,2,0,3,0,87,0
targeting,19,20,2,neutral,189,0,0,7,0,728475,138294,17206,6444,8,82,3,2,2,1,82500,4,0,4,0,75,0
targeting,19,20,3,neutral,193,0,0,7,0,697996,101516,6484,0,8,52,3,2,2,0,79031,2,0,2,0,93,0
targeting,19,20,4,neutral,169,0,0,7,0,718256,118590,5610,0,8,114,3,2,2,0,90480,2,0,2,0,75,0
targeting,19,20,5,neutral,193,0,0,7,0,700588,27000,0,0,8,44,3,2,2,0,96764,2,0,2,0,81,0
targeting,19,20,6,neutral,171,0,0,7,0,696230,90920,34630,0,8,51,3,2,2,1,62182,2,0,2,0,87,0
targeting,19,20,7,neutral,193,0,0,7,0,711070,107720,31280,0,8,44,3,2,2,0,30038,3,0,3,0,72,0
targeting,19,21,0,pvp,793,0,1,0,5,3574015,1576015,93985,24850,4,58,9,3,1,0,114335,2,3,3,3,0,78
targeting,19,21,1,pvp,493,0,0,4,0,3068557,701568,43182,0,4,83,10,4,1,1,37304,2,2,2,2,72,0
targeting,19,21,2,pvp,872,0,1,0,4,3608126,1389166,10834,1680,4,129,10,4,1,1,70304,4,2,4,2,0,66
targeting,19,21,3,pvp,900,1,0,3,1,3740551,1329829,26021,42600,4,144,10,3,1,1,71611,2,3,2,3,54,18
targeting,19,22,0,pvp,900,1,0,3,3,3902460,1740394,98756,0,4,102,8,3,1,1,105367,3,2,3,2,54,54
targeting,19,22,1,pvp,730,0,0,4,0,3769083,1059335,29665,0,4,142,10,3,1,2,72000,2,3,2,3,63,0
targeting,19,22,2,pvp,604,0,0,6,0,3459526,1382451,13199,0,4,124,8,4,3,2,118078,4,2,4,2,66,0
targeting,19,22,3,pvp,900,1,0,3,1,4039945,1441051,23449,15652,4,64,10,4,2,2,87126,2,3,2,3,63,18
targeting,19,23,0,pvp,659,0,1,0,5,3548077,1159033,10967,0,4,142,9,3,2,3,195151,3,2,3,2,0,81
targeting,19,23,1,pvp,474,0,1,0,4,3110070,363866,5134,9783,4,104,10,4,2,2,183524,1,2,2,2,0,48
targeting,19,23,2,pvp,900,1,0,3,1,3828916,1340208,9792,0,4,94,10,4,2,4,143609,3,3,3,3,45,18
targeting,19,23,3,pvp,666,0,1,0,4,3624929,1293699,64851,0,4,144,10,4,1,0,28111,2,3,2,3,0,81
targeting,19,24,0,pvp,602,0,0,4,0,3457148,1050158,41092,0,4,137,10,3,1,1,42595,3,2,3,2,81,0
targeting,19,24,1,pvp,533,0,1,0,5,3710244,1170391,44609,6048,4,184,9,4,1,1,33000,1,3,2,3,0,90
targeting,19,24,2,pvp,830,0,0,4,0,4639428,2016365,35635,27272,4,169,10,4,3,3,173611,3,3,3,3,63,0
targeting,19,24,3,pvp,494,0,0,5,0,3036770,682200,0,0,4,70,9,4,2,0,107609,2,2,2,2,81,0
targeting,19,25,0,neutral,388,0,0,6,0,1720898,247483,13517,0,8,113,5,1,1,0,44531,3,0,3,0,99,0
targeting,19,25,1,neutral,334,0,0,6,0,1682118,90000,0,0,8,109,5,2,2,2,134019,1,0,2,0,81,0
targeting,19,25,2,neutral,333,0,0,7,0,1623558,279000,0,0,8,82,4,2,2,2,174000,3,0,3,0,90,0
targeting,19,25,3,neutral,287,0,0,6,0,1701149,217251,7749,0,8,185,5,2,2,1,122531,2,0,2,0,90,0
targeting,19,25,4,neutral,318,0,0,6,0,1697552,193788,34362,0,8,153,5,2,2,2,193920,3,0,3,0,90,0
targeting,19,25,5,neutral,333,0,0,6,0,1708318,172816,34184,0,8,126,5,2,2,1,128580,3,0,3,0,99,0
targeting,19,25,6,neutral,308,0,0,6,0,1730460,202905,14895,0,8,114,5,2,2,0,69000,2,0,2,0,90,0
targeting,19,25,7,neutral,333,0,0,7,0,1741337,252000,0,0,8,209,4,1,1,0,39000,3,0,3,0,108,0
targeting,19,26,0,pvp,683,0,0,5,0,3952068,1539957,87243,0,4,137,9,3,2,2,116573,3,3,3,3,90,0
targeting,19,26,1,pvp,572,0,1,0,3,3689856,721348,16652,17454,4,104,11,4,3,2,207523,1,2,2,2,0,54
targeting,19,26,2,pvp,900,1,0,4,3,4672255,2425516,103484,0,4,91,7,3,2,0,109109,3,2,3,2,81,63
targeting,19,26,3,pvp,715,0,1,0,5,4174516,1585874,86326,19202,4,93,9,4,2,3,198897,3,2,3,2,0,81
targeting,19,27,0,pvp,900,1,0,4,2,4424863,1966377,40623,0,4,118,8,3,2,2,131003,3,2,3,2,81,36
targeting,19,27,1,pvp,509,0,1,0,5,3167881,828332,17668,8727,4,64,9,4,1,1,42595,1,2,2,2,0,81
targeting,19,27,2,pvp,563,0,1,0,6,3459338,1071878,17122,0,4,84,8,3,3,3,224887,4,2,4,2,0,90
targeting,19,27,3,pvp,746,0,0,5,0,4229354,1728255,48345,0,4,94,9,4,2,1,153162,3,3,3,3,81,0
targeting,19,28,0,pvp,900,1,0,3,3,4137485,1859766,93234,46150,4,158,8,2,2,1,90444,3,4,3,4,54,63
targeting,19,28,1,pvp,377,0,1,0,5,2613626,306000,0,0,4,104,9,5,3,2,135802,0,1,3,2,0,90
targeting,19,28,2,pvp,900,1,1,2,3,4232496,1707531,14619,21296,4,70,9,4,2,2,94158,2,3,2,3,36,54
targeting,19,28,3,pvp,571,0,1,0,4,3634386,845431,37469,0,4,93,10,4,4,1,434159,3,2,3,2,0,54
targeting,19,29,0,pvp,497,0,0,5,0,3060258,698626,21374,31695,4,144,9,4,3,2,94984,3,0,3,3,90,0
targeting,19,29,1,pvp,769,0,1,0,4,4040902,1594585,58265,0,4,89,10,3,2,2,149609,4,3,4,3,0,81
targeting,19,29,2,pvp,637,0,0,5,0,3794948,1111512,40488,0,4,120,9,4,3,1,125383,2,2,2,2,81,0
targeting,19,29,3,pvp,768,0,0,3,0,4171255,1351536,32664,0,4,114,11,4,2,1,142117,3,1,3,2,63,0
targeting,19,30,0,neutral,470,0,0,6,0,2233883,291276,14724,0,8,108,5,1,1,0,44531,3,0,3,0,99,0
targeting,19,30,1,neutral,333,0,0,6,0,1959772,0,0,0,8,152,5,3,3,2,137706,0,0,3,0,66,0
targeting,19,30,2,neutral,393,0,0,7,0,1932829,464827,3173,25774,8,84,4,1,1,0,107422,4,0,4,0,117,0
targeting,19,30,3,neutral,322,0,0,6,0,1878829,104283,3717,22010,8,73,5,2,2,1,118031,1,0,2,0,99,0
targeting,19,30,4,neutral,358,0,0,6,0,1928553,191751,22449,0,8,85,5,2,2,1,186338,3,0,3,0,90,0
targeting,19,30,5,neutral,333,0,0,6,0,2008398,343320,43680,0,8,113,5,2,2,0,79031,3,0,3,0,117,0
targeting,19,30,6,neutral,365,0,0,6,0,1952762,166500,13500,0,8,71,5,2,2,0,69000,1,0,2,0,99,0
targeting,19,30,7,neutral,343,0,0,7,0,1882814,297412,8588,61360,8,161,4,2,2,2,188156,2,0,2,0,99,0
targeting,19,31,0,pvp,800,0,1,0,3,4030622,1146428,5572,10227,4,70,11,3,1,2,67500,3,1,3,2,0,72
targeting,19,31,1,pvp,419,0,1,0,6,2742893,820652,34348,42600,4,105,8,4,1,1,74609,0,4,3,4,0,99
targeting,19,31,2,pvp,705,0,0,2,0,3903585,752166,39384,0,4,120,12,4,4,0,482734,3,2,3,2,27,0
targeting,19,31,3,pvp,711,0,1,0,3,3820996,1158322,29678,24192,4,70,11,4,1,0,33000,3,1,3,2,0,54
targeting,19,32,0,ghost,550,0,1,0,4,3329881,729000,0,0,4,104,10,4,1,0,34500,3,1,3,2,0,81
targeting,19,32,1,pvp,525,0,0,6,0,3589445,1383609,74391,0,4,70,8,3,3,1,124567,3,3,3,3,99,0
targeting,19,32,2,pvp,688,0,1,0,4,4192002,1355887,21113,13043,4,164,10,3,2,2,109109,4,1,4,2,0,81
targeting,19,32,3,pvp,790,0,1,0,3,3850508,882383,17617,0,4,84,11,4,2,0,134590,1,2,2,2,0,63
targeting,19,33,0,ghost,900,1,0,3,1,5036780,1975814,139186,0,4,142,12,3,3,3,264803,3,3,3,3,54,18
targeting,19,33,1,pvp,664,0,1,0,3,4304632,1020826,14174,13043,4,91,13,3,3,1,170658,4,2,4,2,0,72
targeting,19,33,2,pvp,500,0,1,0,7,3712681,1565030,54970,14844,4,89,9,4,3,2,130128,3,4,3,4,0,135
targeting,19,33,3,pvp,715,0,1,0,4,4894271,1618139,19861,0,4,133,12,4,2,2,158383,2,3,2,3,0,54
targeting,19,34,0,ghost,778,0,1,0,4,5318562,2049132,65868,0,4,142,12,4,1,1,34500,2,2,2,2,0,90
targeting,19,34,1,pvp,900,1,1,3,4,5225973,2886713,112987,0,4,70,9,3,1,1,42595,3,4,3,4,54,81
targeting,19,34,2,pvp,843,0,0,4,0,5386283,2244968,77032,0,4,145,12,3,3,2,221509,4,3,4,3,90,0
targeting,19,34,3,pvp,691,0,1,0,5,4521609,1755001,89999,53358,4,70,11,4,2,0,109273,3,2,3,2,0,99
targeting,19,35,0,neutral,430,0,0,6,0,2307827,189000,0,0,8,133,6,1,1,0,44531,3,0,3,0,99,0
targeting,19,35,1,neutral,390,0,0,8,0,2172748,378000,0,0,8,83,4,1,1,1,91500,4,0,4,0,144,0
targeting,19,35,2,neutral,293,0,0,7,0,2143327,143871,129,0,8,73,5,2,2,0,79031,2,0,2,0,117,0
targeting,19,35,3,neutral,391,0,0,7,0,2191069,212536,4364,0,8,145,5,2,2,1,181920,3,0,3,0,102,0
targeting,19,35,4,neutral,358,0,0,7,0,2161387,282436,9164,0,8,95,5,2,2,0,79031,4,0,4,0,135,0
targeting,19,35,5,neutral,289,0,0,8,0,2104899,138555,5445,0,8,91,4,3,3,2,151616,1,0,3,0,117,0
targeting,19,35,6,neutral,345,0,0,8,0,2205061,359155,36845,88634,8,209,4,2,2,2,188156,3,0,3,0,117,0
targeting,19,36,0,ghost,436,0,1,0,7,3515325,968242,59558,0,4,91,9,4,4,2,164672,3,2,3,2,0,117
targeting,19,36,1,pvp,900,1,0,3,2,5124911,2198825,69175,25356,4,118,11,2,1,0,35444,3,4,3,4,63,45
targeting,19,36,2,pvp,781,0,1,0,2,4881424,1241931,27069,7100,4,132,14,4,2,1,136331,2,3,2,3,0,36
targeting,19,36,3,pvp,900,1,0,3,1,4810860,1663520,51880,0,4,46,12,5,2,1,76304,4,1,4,3,63,18
targeting,19,37,0,ghost,763,0,1,0,6,4841259,2366854,86546,0,4,108,10,4,3,1,172867,3,4,3,4,0,126
targeting,19,37,1,pvp,900,1,1,2,2,5006669,1549987,25013,0,4,120,12,4,0,0,0,3,1,3,3,36,54
targeting,19,37,2,pvp,593,0,0,7,0,4073052,1856896,101054,26086,4,80,9,3,3,1,124860,4,3,4,3,135,0
targeting,19,37,3,pvp,855,0,0,3,0,5091521,1709895,39705,0,4,84,13,4,1,1,87126,2,4,2,4,72,0
targeting,19,38,0,pvp,900,1,0,4,2,5354055,2583688,80312,13636,4,118,10,2,1,0,35444,3,4,3,4,81,36
targeting,19,38,1,pvp,662,0,1,0,1,4244714,531252,8748,0,4,84,15,5,3,1,277190,2,0,2,3,0,27
targeting,19,39,0,pvp,615,0,1,0,3,4021216,738882,8118,0,4,83,13,4,2,2,69000,3,0,3,3,0,81
targeting,19,39,1,pvp,701,0,0,4,0,4809008,1701649,53351,13636,4,142,12,3,2,2,111000,4,2,4,2,90,0
targeting,19,40,0,neutral,465,0,0,6,0,2658360,234000,0,0,8,157,6,1,1,0,44531,3,0,3,0,93,0
targeting,19,40,1,neutral,417,0,0,7,0,2570365,355000,14000,0,8,125,5,1,1,0,117000,4,0,4,0,135,0
targeting,19,40,2,neutral,384,0,0,7,0,2522909,162000,0,0,8,140,5,2,2,2,157031,2,0,2,0,117,0
targeting,19,40,3,neutral,350,0,0,7,0,2452679,0,0,0,8,179,5,3,3,1,147000,0,0,3,0,117,0
targeting,19,41,0,pvp,768,0,1,0,4,5105529,2096108,36892,0,4,114,12,3,1,1,89062,3,2,3,2,0,90
targeting,19,41,1,pvp,459,0,1,0,5,3680314,464890,12110,0,4,104,11,4,3,4,182609,4,0,4,3,0,99
targeting,19,42,0,ghost,602,0,1,0,3,4203420,655800,10200,0,4,84,13,5,1,1,33000,0,2,3,2,0,72
targeting,19,42,1,pvp,900,1,1,2,4,5239021,2296447,106553,0,4,120,10,3,0,0,0,3,2,3,2,36,81
targeting,19,43,0,pvp,900,1,0,3,3,5190537,2424988,140012,10227,4,91,10,3,0,0,0,3,2,3,2,63,54
targeting,19,44,0,pvp,706,0,1,0,5,4616963,1482358,65642,27272,4,114,11,3,1,2,89062,3,2,3,2,0,99
targeting,20,1,0,neutral,40,0,0,4,0,22556,0,0,0,17,40,1,1,1,0,12182,2,0,2,0,6,0
targeting,20,1,1,neutral,44,0,0,3,0,22826,0,0,0,17,44,1,2,1,0,10818,1,0,2,0,6,0
targeting,20,1,2,neutral,56,0,0,3,0,24112,0,0,0,17,56,1,1,1,1,11000,0,0,2,0,5,0
targeting,20,1,3,neutral,44,0,0,3,0,22826,1826,1674,0,8,44,1,1,1,0,5727,1,0,1,0,6,0
targeting,20,1,4,neutral,56,0,0,4,0,24112,1556,1944,0,8,56,1,1,1,1,3364,1,0,2,0,5,0
targeting,20,1,5,neutral,64,0,0,4,0,24112,3112,388,0,17,64,1,1,0,0,0,2,0,2,0,6,0
targeting,20,1,6,neutral,40,0,0,4,0,22826,0,0,0,17,40,1,2,1,0,13364,2,0,2,0,6,0
targeting,20,1,7,neutral,64,0,0,4,0,24112,3112,3888,0,8,64,1,1,0,0,0,1,0,2,0,5,0
targeting,20,2,0,neutral,117,0,0,4,0,50926,0,0,0,8,40,2,1,1,0,5127,1,0,1,0,13,0
targeting,20,2,1,neutral,60,0,0,4,0,48131,0,0,0,8,44,2,2,2,1,21181,0,0,2,0,10,0
targeting,20,2,2,neutral,53,0,0,4,0,46260,0,0,0,8,49,2,2,1,1,17136,1,0,2,0,13,0
targeting,20,2,3,neutral,49,0,0,4,0,45696,0,0,0,8,44,2,2,2,1,26681,0,0,2,0,10,0
targeting,20,2,4,neutral,52,0,0,3,0,46260,5500,0,0,8,40,2,1,1,1,18000,1,0,1,0,12,0
targeting,20,2,5,neutral,93,0,0,4,0,48852,3500,0,0,8,40,2,1,1,0,8182,2,0,2,0,10,0
targeting,20,2,6,neutral,40,0,0,4,0,43261,0,0,0,17,40,2,2,2,1,32127,2,0,2,0,12,0
targeting,20,2,7,neutral,82,0,0,4,0,49268,10268,232,622,8,72,2,1,1,1,9000,1,0,2,0,9,0
targeting,20,3,0,neutral,161,0,0,5,0,88676,0,0,0,8,40,3,1,1,0,19399,1,0,2,0,14,0
targeting,20,3,1,neutral,117,0,0,5,0,84131,7000,0,0,8,44,3,2,2,0,22363,1,0,2,0,16,0
targeting,20,3,2,neutral,113,0,0,5,0,85957,14000,0,0,8,53,3,2,2,1,18718,2,0,2,0,15,0
targeting,20,3,3,neutral,125,0,0,5,0,83148,10500,0,0,8,44,3,2,1,0,10181,1,0,2,0,16,0
targeting,20,3,4,neutral,60,0,0,5,0,79522,9152,7348,0,8,24,3,2,2,1,31591,1,0,2,0,14,0
targeting,20,3,5,neutral,117,0,0,5,0,81592,12518,3982,0,8,40,3,1,1,0,14127,1,0,2,0,16,0
targeting,20,3,6,neutral,108,0,0,5,0,84131,5500,0,0,8,44,3,2,2,0,25036,1,0,2,0,14,0
targeting,20,3,7,neutral,113,0,0,5,0,84082,14000,0,622,8,40,3,1,1,0,10182,1,0,3,0,12,0
targeting,20,4,0,pvp,537,0,0,4,0,1134420,308743,10257,0,4,104,6,3,1,1,21000,1,1,2,2,13,0
targeting,20,4,1,pvp,374,0,1,0,1,886001,0,0,0,4,84,9,4,1,1,13000,0,0,3,2,0,4
targeting,20,4,2,pvp,519,0,0,3,0,1023372,277372,21128,3326,4,52,7,3,1,1,27841,2,1,2,2,11,0
targeting,20,4,3,pvp,510,0,1,0,4,1386935,262327,7173,0,4,124,6,4,2,2,73383,2,1,2,2,0,12
targeting,20,5,0,neutral,198,0,0,5,0,331916,16500,0,0,8,73,3,1,1,0,46773,1,0,2,0,18,0
targeting,20,5,1,neutral,169,0,0,5,0,326960,0,0,0,8,44,3,3,3,0,24904,0,0,3,0,23,0
targeting,20,5,2,neutral,169,0,0,5,0,328888,34222,4278,0,8,53,3,1,1,0,21955,2,0,2,0,21,0
targeting,20,5,3,neutral,166,0,0,5,0,328357,0,0,0,8,94,3,1,1,0,32813,0,0,2,0,22,0
targeting,20,5,4,neutral,173,0,0,5,0,333142,41015,8485,0,8,44,3,1,1,0,10799,2,0,2,0,21,0
targeting,20,5,5,neutral,189,0,0,5,0,334748,37066,1434,0,8,73,3,1,1,0,18296,2,0,2,0,21,0
targeting,20,5,6,neutral,189,0,0,5,0,339133,43000,1000,0,8,52,3,1,1,0,18296,1,0,1,0,19,0
targeting,20,5,7,neutral,140,0,0,5,0,334283,22000,0,0,8,111,3,2,2,0,57631,1,0,2,0,18,0
targeting,20,6,0,pvp,603,0,0,4,0,1411551,389685,6315,0,4,149,6,2,1,1,21955,1,2,2,2,21,0
targeting,20,6,1,pvp,840,0,0,1,0,1283041,126500,0,0,4,64,9,4,0,0,0,0,1,3,2,9,0
targeting,20,6,2,pvp,900,1,1,1,2,1707769,473183,16317,0,4,104,7,3,2,0,44625,2,2,2,2,9,12
targeting,20,6,3,pvp,465,0,0,3,0,1177857,255583,19417,0,4,75,7,3,2,0,76444,1,2,2,2,24,0
targeting,20,7,0,pvp,673,0,0,4,0,1504942,363806,10194,3326,4,62,6,3,1,0,21000,2,1,2,2,30,0
targeting,20,7,1,pvp,440,0,0,3,0,1244608,132000,0,0,4,70,7,4,1,1,21955,0,2,3,2,21,0
targeting,20,7,2,pvp,459,0,1,0,5,1366834,484578,10422,24744,4,120,5,2,1,0,53760,2,2,2,2,0,27
targeting,20,7,3,pvp,445,0,1,0,4,1253683,197997,16503,0,4,62,6,3,2,0,108280,0,2,2,2,0,24
targeting,20,8,0,pvp,318,0,0,4,0,965703,162000,0,2761,4,64,6,4,1,2,24200,1,0,2,3,39,0
targeting,20,8,1,pvp,483,0,1,0,3,1388709,220000,0,14932,4,83,7,3,2,2,103814,2,0,2,2,0,21
targeting,20,8,2,pvp,751,0,0,4,0,1766466,477000,0,28400,4,52,6,3,2,1,47649,1,1,3,2,25,0
targeting,20,8,3,pvp,391,0,1,0,4,1358328,232000,2000,8727,4,94,6,3,1,0,129721,1,1,2,2,0,33
targeting,20,9,0,pvp,423,0,0,4,0,1566120,328500,0,0,4,52,8,4,2,1,63000,2,1,2,2,39,0
targeting,20,9,1,pvp,475,0,0,4,0,1649406,221727,3773,18545,4,94,8,2,1,1,111057,0,2,3,2,30,0
targeting,20,9,2,pvp,414,0,0,5,0,1543750,494460,18540,0,4,52,7,5,2,2,71405,1,1,3,3,36,0
targeting,20,9,3,pvp,636,0,1,0,4,1961355,347132,12868,0,4,40,8,4,2,1,123974,1,1,2,2,0,37
targeting,20,10,0,neutral,145,0,0,6,0,451502,78806,6194,0,8,89,3,2,2,0,43910,2,0,2,0,48,0
targeting,20,10,1,neutral,198,0,0,5,0,469762,0,0,0,8,83,4,2,2,0,48091,0,0,4,0,33,0
targeting,20,10,2,neutral,181,0,0,6,0,448518,69606,11394,0,8,53,3,2,2,0,64372,1,0,2,0,43,0
targeting,20,10,3,neutral,160,0,0,6,0,465632,36000,0,0,8,94,3,2,2,0,50293,1,0,2,0,45,0
targeting,20,10,4,neutral,153,0,0,6,0,450356,60268,11732,0,8,70,3,2,2,0,48835,1,0,2,0,45,0
targeting,20,10,5,neutral,158,0,0,6,0,444476,56401,14099,0,8,53,3,1,1,0,28751,2,0,2,0,48,0
targeting,20,10,6,neutral,180,0,0,5,0,461828,0,0,0,8,53,3,1,1,0,28751,1,0,2,0,51,0
targeting,20,10,7,neutral,140,0,0,6,0,443631,59724,19776,0,8,83,3,1,1,0,51563,2,0,2,0,54,0
targeting,20,11,0,pvp,525,0,1,0,5,2160464,742277,36223,17454,4,111,7,2,1,2,87848,2,2,2,2,0,51
targeting,20,11,1,pvp,414,0,1,0,5,1970788,372890,29110,0,4,104,7,4,2,2,65555,1,2,2,2,0,45
targeting,20,11,2,pvp,850,0,1,0,3,2690866,1065631,27369,0,4,70,9,3,0,0,0,1,2,2,2,0,30
targeting,20,11,3,pvp,712,0,1,0,3,2250167,624914,5086,7382,4,64,9,3,0,0,0,1,1,2,2,0,33
targeting,20,12,0,pvp,639,0,0,3,0,2593470,909747,27253,0,4,24,9,3,1,1,34500,2,2,2,2,36,0
targeting,20,12,1,pvp,554,0,1,0,5,2287958,828447,48553,0,4,64,7,3,1,2,100577,2,2,2,2,0,45
targeting,20,12,2,pvp,664,0,1,0,3,2462932,683029,25971,0,4,104,9,3,2,1,92435,2,2,2,2,0,33
targeting,20,12,3,pvp,900,1,1,1,3,2508275,761058,37942,7043,4,91,8,2,0,0,0,2,2,2,2,18,36
targeting,20,13,0,pvp,849,0,1,0,3,2791573,986070,38430,80288,4,64,9,2,0,0,0,2,2,2,2,0,51
targeting,20,13,1,pvp,824,0,1,0,1,2820295,690258,22992,0,4,120,11,3,1,1,26880,1,2,2,2,0,18
targeting,20,13,2,pvp,422,0,0,5,0,1808573,483084,6416,0,4,84,7,4,2,2,119045,2,2,2,2,48,0
targeting,20,13,3,pvp,664,0,1,0,4,2267312,474912,4088,0,4,70,8,2,1,0,49321,2,2,2,2,0,42
targeting,20,14,0,pvp,619,0,1,0,3,2623606,642031,34469,12522,4,84,9,2,1,3,130443,2,2,2,2,0,36
targeting,20,14,1,pvp,673,0,0,4,0,2296022,519796,17954,7043,4,37,8,3,0,0,0,1,1,2,2,58,0
targeting,20,14,2,pvp,706,0,1,0,3,2764209,841348,34652,1546,4,64,9,2,1,1,33000,3,2,3,2,0,51
targeting,20,14,3,pvp,900,1,0,2,1,2698433,1001483,31017,0,4,145,9,3,0,0,0,1,2,3,2,27,18
targeting,20,15,0,neutral,169,0,0,6,0,582858,90413,8587,0,8,77,3,1,1,0,34500,1,0,3,0,51,0
targeting,20,15,1,neutral,153,0,0,6,0,588653,48522,5478,0,8,83,3,2,2,0,56455,1,0,2,0,70,0
targeting,20,15,2,neutral,213,0,0,6,0,607193,131693,20307,0,8,93,3,1,1,0,34500,3,0,3,0,57,0
targeting,20,15,3,neutral,160,0,0,6,0,576817,24444,13556,0,8,53,3,2,2,0,66486,2,0,2,0,72,0
targeting,20,15,4,neutral,170,0,0,6,0,571141,63841,1159,0,8,41,3,1,1,0,24938,2,0,2,0,60,0
targeting,20,15,5,neutral,153,0,0,6,0,582157,57522,5478,0,8,93,3,2,2,0,50706,2,0,2,0,66,0
targeting,20,15,6,neutral,188,0,0,6,0,609523,0,0,0,8,90,3,1,1,0,28751,1,0,2,0,60,0
targeting,20,15,7,neutral,169,0,0,6,0,576655,70363,19637,14730,8,114,3,1,1,0,51563,2,0,2,0,66,0
targeting,20,16,0,pvp,463,0,0,6,0,1992208,657884,23616,0,4,91,6,2,0,0,0,2,3,2,3,84,0
targeting,20,16,1,pvp,547,0,1,0,5,2470312,720618,15132,0,4,120,7,3,1,0,171114,1,2,2,3,0,57
targeting,20,16,2,pvp,593,0,1,0,6,2795766,1169345,36655,44532,4,84,6,3,1,1,85231,2,2,2,2,0,72
targeting,20,16,3,pvp,821,0,0,3,0,2718853,831222,57528,8452,4,62,9,4,1,1,27501,2,1,2,2,45,0
targeting,20,17,0,pvp,463,0,0,4,0,2294680,422819,27181,7364,4,64,8,4,1,0,87126,2,0,2,3,72,0
targeting,20,17,1,pvp,584,0,1,0,6,2651196,1334590,116410,0,4,64,6,2,1,2,93852,3,2,3,3,0,60
targeting,20,17,2,pvp,667,0,0,4,0,2433091,709548,14952,3711,4,69,8,4,1,0,23739,2,2,2,2,72,0
targeting,20,17,3,pvp,645,0,0,5,0,2670123,1113385,56615,14563,4,52,7,3,1,0,24249,2,2,2,2,81,0
targeting,20,18,0,pvp,600,0,0,4,0,2537314,722992,33008,2817,4,83,8,3,1,1,34040,2,2,2,2,72,0
targeting,20,18,1,pvp,594,0,1,0,3,2340985,364091,4909,0,4,69,9,5,2,0,66334,0,2,3,2,0,63
targeting,20,18,2,pvp,808,0,1,0,4,3404597,1471068,65432,0,4,164,8,2,0,0,0,3,2,3,2,0,72
targeting,20,18,3,pvp,900,1,0,3,3,3396571,1736500,110750,29688,4,91,6,3,1,0,93852,2,2,2,3,36,39
targeting,20,19,0,pvp,497,0,0,7,0,2444189,864805,37695,6048,4,84,7,4,1,1,53563,3,2,3,3,96,0
targeting,20,19,1,pvp,575,0,0,5,0,3146668,993900,41350,11132,4,118,9,3,1,2,97111,2,3,2,3,81,0
targeting,20,19,2,pvp,900,1,0,2,1,3627929,1300958,40042,0,4,44,11,4,1,1,51563,2,2,2,2,36,12
targeting,20,19,3,pvp,799,0,0,5,0,4115699,1912721,4279,50364,4,120,9,2,2,1,67725,2,2,3,3,81,0
targeting,20,20,0,neutral,169,0,0,7,0,685960,93220,32780,0,8,44,3,1,1,0,37440,2,0,3,0,93,0
targeting,20,20,1,neutral,160,0,0,7,0,707436,96480,7020,0,8,93,3,2,2,0,83531,2,0,2,0,99,0
targeting,20,20,2,neutral,220,0,0,7,0,721960,149960,32040,0,8,52,3,1,1,0,44531,3,0,3,0,78,0
targeting,20,20,3,neutral,170,0,0,6,0,714110,0,0,0,8,93,4,3,3,0,88441,2,0,3,0,84,0
targeting,20,20,4,neutral,146,0,0,7,0,700876,89162,9838,8589,8,82,3,1,1,1,35520,2,0,3,0,93,0
targeting,20,20,5,neutral,189,0,0,7,0,746995,81000,0,0,8,114,3,2,2,1,104275,3,0,3,0,84,0
targeting,20,20,6,neutral,173,0,0,7,0,716564,0,0,0,8,70,3,2,2,0,53569,2,0,2,0,78,0
targeting,20,20,7,neutral,161,0,0,7,0,698069,69708,3192,2863,8,53,3,2,2,0,76381,2,0,2,0,93,0
targeting,20,21,0,pvp,810,0,0,4,0,3911800,1368552,44448,13600,4,91,10,2,1,0,21902,2,2,3,3,72,0
targeting,20,21,1,pvp,422,0,0,6,0,2395703,520617,10383,0,4,94,8,4,2,2,90563,2,3,2,3,90,0
targeting,20,21,2,pvp,900,1,0,4,3,3504650,1498057,35943,2662,4,62,7,3,1,1,51563,4,2,4,2,39,48
targeting,20,21,3,pvp,538,0,1,0,6,2817063,935230,38120,0,4,94,8,4,1,0,49321,2,3,3,3,0,99
targeting,20,22,0,pvp,756,0,0,6,0,3354929,1232855,9145,13379,4,44,8,4,1,1,20222,2,2,3,3,84,0
targeting,20,22,1,pvp,525,0,1,0,5,2834845,743432,21568,7257,4,91,9,3,1,1,101265,1,2,2,3,0,66
targeting,20,22,2,pvp,639,0,0,6,0,3933574,1517733,7767,10227,4,94,8,2,2,2,93852,3,3,3,3,90,0
targeting,20,22,3,pvp,881,0,0,4,0,3325675,1218984,14016,8452,4,64,10,4,1,0,37304,3,2,3,2,63,0
targeting,20,23,0,pvp,726,0,0,5,0,3087506,937346,45904,16696,4,91,9,3,0,0,0,2,3,3,3,75,0
targeting,20,23,1,pvp,576,0,0,5,0,2856796,709022,28978,0,4,52,9,4,2,2,184247,1,3,2,3,68,0
targeting,20,23,2,pvp,900,1,0,2,1,4039772,1222058,64942,0,4,189,11,2,1,0,21902,3,2,3,3,45,18
targeting,20,23,3,pvp,750,0,1,0,5,3967932,1667550,18600,0,4,69,9,3,1,0,49321,2,3,2,3,0,81
targeting,20,24,0,pvp,657,0,0,6,0,3624227,1163529,24471,9783,4,144,8,2,1,0,21902,2,2,3,3,84,0
targeting,20,24,1,pvp,470,0,1,0,6,2493648,614816,33184,9000,4,64,8,3,0,0,0,0,3,3,3,0,99
targeting,20,24,2,pvp,706,0,0,4,0,3415881,1042728,30522,0,4,65,10,4,2,2,99501,2,3,2,3,72,0
targeting,20,24,3,pvp,900,1,1,1,3,3994039,1593649,40751,14500,4,46,10,3,1,1,51563,3,3,3,3,12,63
targeting,20,25,0,neutral,383,0,0,6,0,1729120,246112,14888,0,8,113,5,1,1,0,44531,2,0,3,0,84,0
targeting,20,25,1,neutral,293,0,0,5,0,1640721,0,0,0,8,150,6,3,3,1,139986,0,0,3,0,63,0
targeting,20,25,2,neutral,333,0,0,7,0,1742045,384780,56220,53459,8,213,4,1,1,0,44531,3,0,3,0,108,0
targeting,20,25,3,neutral,339,0,0,6,0,1673572,108000,0,0,8,129,5,2,2,0,123562,2,0,2,0,90,0
targeting,20,25,4,neutral,358,0,0,7,0,1665781,236184,6816,0,8,145,4,1,1,1,71040,2,0,3,0,93,0
targeting,20,25,5,neutral,326,0,0,7,0,1666576,207000,0,27275,8,126,4,2,2,1,105503,3,0,3,0,108,0
targeting,20,25,6,neutral,408,0,0,6,0,1703586,215911,18089,0,8,73,5,2,2,1,100342,3,0,3,0,78,0
targeting,20,25,7,neutral,363,0,0,7,0,1685781,297450,0,0,8,82,4,1,1,0,44531,3,0,3,0,108,0
targeting,20,26,0,pvp,575,0,0,6,0,3063219,785850,24150,6339,4,64,8,2,1,1,96094,2,3,3,3,84,0
targeting,20,26,1,pvp,519,0,1,0,3,2482678,254546,8704,0,4,70,11,5,1,2,58112,0,3,3,3,0,45
targeting,20,26,2,pvp,900,1,1,2,3,4523823,1582240,73760,10227,4,75,9,3,0,0,0,3,3,3,3,45,63
targeting,20,26,3,pvp,900,1,1,2,2,4951917,1913177,87073,0,4,189,10,2,2,2,102718,2,3,3,3,45,45
targeting,20,27,0,pvp,900,1,0,5,4,5043180,2980579,200021,82041,4,120,5,1,1,0,42014,3,3,3,3,90,72
targeting,20,27,1,pvp,370,0,1,0,5,2271593,126000,0,51442,4,32,9,5,2,1,177728,0,2,3,2,0,81
targeting,20,27,2,pvp,695,0,0,4,0,3658961,1221968,17782,21072,4,91,10,3,1,1,51563,3,3,3,3,63,0
targeting,20,27,3,pvp,602,0,0,7,0,3689342,1511260,54740,24118,4,91,7,2,1,1,76840,2,3,3,3,99,0
targeting,20,28,0,ghost,900,1,1,1,5,4509152,1968524,47476,51135,4,114,8,1,0,0,0,3,3,3,3,9,90
targeting,20,28,1,pvp,419,0,0,7,0,2365038,695860,24140,17454,4,83,7,3,0,0,0,3,0,3,3,108,0
targeting,20,28,2,pvp,798,0,1,0,5,3865281,1320801,47199,0,4,145,9,3,1,0,25711,2,2,2,3,0,81
targeting,20,28,3,pvp,900,1,1,1,4,4455035,2016022,85478,40821,4,83,9,3,1,1,49321,3,3,3,3,18,72
targeting,20,29,0,ghost,683,0,0,6,0,3330108,1221468,45282,17045,4,91,8,2,0,0,0,3,3,3,3,99,0
targeting,20,29,1,pvp,415,0,1,0,6,2426819,417272,10678,0,4,84,8,4,1,1,111178,0,3,3,3,0,90
targeting,20,29,2,pvp,745,0,0,6,0,4130131,2016331,62669,0,4,169,8,3,1,0,49321,4,1,4,2,108,0
targeting,20,29,3,pvp,900,1,0,3,1,4070538,1375242,42258,19302,4,83,10,3,1,1,47613,2,3,3,3,54,9
targeting,20,30,0,neutral,433,0,0,6,0,2050465,214667,1333,0,8,198,5,0,0,0,0,3,0,3,0,99,0
targeting,20,30,1,neutral,316,0,0,6,0,1986362,0,0,0,8,158,5,3,3,1,129973,0,0,3,0,66,0
targeting,20,30,2,neutral,388,0,0,6,0,2091421,366416,38584,0,8,83,5,1,1,0,44531,4,0,4,0,99,0
targeting,20,30,3,neutral,313,0,0,6,0,1920598,79044,1956,0,8,122,5,2,2,0,79031,1,0,2,0,99,0
targeting,20,30,4,neutral,391,0,0,6,0,1954803,216334,17666,78544,8,106,5,1,1,2,97920,2,0,3,0,81,0
targeting,20,30,5,neutral,373,0,0,6,0,2044249,289800,0,0,8,264,5,1,1,1,69665,3,0,3,0,99,0
targeting,20,31,0,pvp,900,1,1,4,5,5030137,2947321,213029,13636,4,142,5,1,1,0,42014,3,3,3,3,72,90
targeting,20,31,1,pvp,450,0,1,0,6,2620360,882916,26084,0,4,109,8,4,1,0,141237,0,4,3,4,0,99
targeting,20,31,2,pvp,553,0,1,0,5,3399550,759452,5548,0,4,110,9,3,1,1,81957,1,2,2,3,0,81
targeting,20,32,0,ghost,900,1,0,3,2,4500422,1915773,75027,27272,4,189,9,2,1,0,25711,3,2,3,3,63,45
targeting,20,32,1,pvp,693,0,0,6,0,3998268,1731013,50987,82062,4,94,8,2,0,0,0,3,1,3,2,99,0
targeting,20,32,2,pvp,900,1,1,1,4,4380256,1701394,143606,0,4,149,9,2,1,0,25711,4,2,4,3,27,72
targeting,20,33,0,ghost,768,0,1,0,4,4414148,1265773,36077,14200,4,94,12,3,1,1,42595,2,3,2,3,0,72
targeting,20,33,1,pvp,883,0,0,7,0,5455378,2836671,115329,5400,4,114,9,3,1,0,26596,3,2,3,3,108,0
targeting,20,33,2,pvp,653,0,0,5,0,4289619,1474140,55860,21818,4,91,11,3,2,3,194268,4,3,4,3,72,0
targeting,20,34,0,pvp,768,0,0,6,0,4753200,2265403,155597,54544,4,91,10,3,1,1,49321,3,4,3,4,99,0
targeting,20,34,1,pvp,810,0,0,4,0,4994751,1674619,76331,13043,4,120,12,3,2,3,177832,2,3,3,3,63,0
targeting,20,35,0,neutral,343,0,0,8,0,2170941,189000,0,0,8,82,4,1,1,1,96094,3,0,3,0,117,0
targeting,20,35,1,neutral,333,0,0,8,0,2283130,565860,19140,0,8,176,4,2,2,1,152531,4,0,4,0,126,0
targeting,20,35,2,neutral,391,0,0,7,0,2187692,180000,0,68181,8,133,5,2,2,0,114913,2,0,3,0,90,0
targeting,20,35,3,neutral,401,0,0,8,0,2197335,487540,54260,100907,8,82,4,1,1,1,89062,3,0,3,0,111,0
targeting,20,36,0,pvp,811,0,0,7,0,5076366,2549758,152492,13915,4,145,9,2,1,1,96094,3,3,3,3,108,0
targeting,20,36,1,pvp,900,1,1,2,4,5287577,2389389,184611,0,4,120,10,4,1,1,78834,4,2,4,3,36,72
targeting,20,37,0,ghost,738,0,1,0,3,4597522,1099800,7200,0,4,145,13,3,1,1,56356,2,3,3,3,0,54
targeting,20,37,1,pvp,874,0,1,0,6,5240292,2668718,86182,29759,4,142,10,2,1,3,131076,3,3,3,3,0,99
targeting,20,38,0,ghost,737,0,0,6,0,4535473,1733354,18046,0,4,91,10,3,1,1,58101,4,2,4,3,99,0
targeting,20,38,1,pvp,616,0,0,7,0,4333835,1571319,30681,0,4,179,9,3,2,2,96071,3,2,3,3,108,0
targeting,20,39,0,ghost,900,1,0,6,4,5800175,3668748,194502,32727,4,94,6,2,1,1,49321,3,4,3,4,99,72
targeting,20,39,1,pvp,900,1,1,3,2,5519892,2205611,107839,26679,4,120,11,3,1,0,87861,2,4,3,4,45,45
targeting,20,40,0,neutral,419,0,0,8,0,2707310,576000,0,4500,8,256,4,1,1,0,44531,3,0,3,0,117,0
targeting,20,40,1,neutral,414,0,0,8,0,2440666,450000,9000,120000,8,73,4,1,1,1,82500,3,0,3,0,117,0
targeting,20,40,2,neutral,459,0,0,6,0,2835214,431412,20388,0,8,127,6,1,1,0,44531,4,0,4,0,99,0
targeting,20,41,0,ghost,900,1,0,4,2,5244525,2138790,129210,0,4,128,10,2,1,1,28111,3,3,3,3,72,36
targeting,20,41,1,pvp,739,0,1,0,8,4788657,2551857,118893,20870,4,70,8,2,1,3,131076,3,4,3,4,0,126
targeting,20,42,0,ghost,900,1,0,5,1,5252939,2404894,79106,0,4,83,10,2,0,0,0,3,3,3,3,90,18
targeting,20,42,1,pvp,799,0,1,0,6,4802073,2115584,175816,7422,4,83,10,2,1,3,138689,3,4,3,4,0,99
targeting,20,43,0,ghost,900,1,0,5,4,5417863,2694856,133394,0,4,145,7,2,1,1,42595,4,3,4,3,81,72
targeting,20,43,1,pvp,900,1,1,2,7,5665628,3231366,116634,38325,4,91,7,2,0,0,0,3,3,3,3,45,108
targeting,20,44,0,ghost,794,0,1,0,5,4623434,1730199,106251,13636,4,84,11,2,0,0,0,3,4,3,4,0,90
targeting,20,44,1,pvp,900,1,1,3,4,5316731,2782199,113101,0,4,114,9,2,1,1,42595,3,4,3,4,63,81
targeting,20,45,0,neutral,543,0,0,6,0,3069620,391333,4667,90002,8,149,6,1,1,0,51563,3,0,3,0,90,0
targeting,20,45,1,neutral,488,0,0,7,0,2791580,526558,35942,173457,8,145,5,1,1,0,44531,4,0,4,0,108,0
