wall_seconds,phase,round,visible_alive,logical_alive,encounters,frame_ms,game_ms,render_ms,gpu_ms,gpu_available,public_chars,public_utf8_bytes
5.006926,1,2,4,33,1,16.667002,141.198807,5.829900,166.975494,1,40236,40236
5.023848,1,2,4,33,1,16.886902,3.701900,4.247800,15.902700,1,40236,40236
5.040907,1,2,4,33,1,17.029997,3.340600,5.446300,17.935400,1,40236,40236
5.066991,2,2,4,32,0,16.666901,22.763901,5.538300,23.560200,1,40397,40397
5.096559,2,2,4,32,0,39.169704,39.416000,5.538300,23.560200,1,40397,40397
5.114299,2,2,4,32,0,17.626997,4.817700,5.366600,10.090500,1,40397,40397
5.130952,2,2,4,32,0,16.667002,3.882100,4.991500,12.731400,1,40397,40397
5.147708,2,2,4,32,0,16.669798,3.518800,5.392600,16.279499,1,40397,40397
5.164310,2,2,4,32,0,16.671299,5.272500,5.589600,16.654400,1,40397,40397
5.180949,2,2,4,32,0,16.667902,3.117000,5.515000,16.567301,1,40397,40397
5.197648,2,2,4,32,0,16.667097,3.019200,5.153900,17.292299,1,40397,40397
5.214873,2,2,4,32,0,17.228201,3.638300,5.356200,16.317400,1,40397,40397
5.231569,2,2,4,32,0,16.666698,8.888600,5.644600,22.537201,1,40397,40397
5.248158,2,2,4,32,0,16.667002,3.420100,4.964900,11.282400,1,40397,40397
5.264915,2,2,4,32,0,16.666800,3.556400,5.671900,16.614401,1,40397,40397
5.282231,2,2,4,32,0,16.666901,5.444300,4.836700,16.789499,1,40397,40397
5.298248,2,2,4,32,0,16.666800,3.650300,5.164800,17.093599,1,40397,40397
5.317422,0,3,4,0,0,17.766598,2.799400,5.008800,16.054300,1,8304,8304
5.340437,0,3,4,0,0,24.539103,23.309000,5.008800,16.054300,1,8304,8304
5.357445,0,3,4,0,0,16.666698,3.947000,5.964500,9.935900,1,8304,8304
5.373974,0,3,4,0,0,16.667002,5.924000,4.777200,11.057200,1,8304,8304
5.390475,0,3,4,0,0,16.666901,5.331600,5.043600,20.871099,1,8738,8738
5.407141,0,3,4,0,0,16.666901,4.183700,4.338100,11.984900,1,8738,8738
5.424240,0,3,4,0,0,16.666901,2.501700,3.781500,16.739300,1,8738,8738
5.440740,0,3,4,0,0,16.666800,2.614100,5.042900,17.028099,1,8738,8738
5.457161,0,3,4,0,0,16.666800,2.540500,5.301500,16.756800,1,8738,8738
5.473839,0,3,4,0,0,16.670998,2.468800,4.822500,16.298000,1,8738,8738
5.491326,0,3,4,0,0,16.671602,2.752700,4.679400,16.868299,1,8738,8738
5.507185,0,3,4,0,0,16.666901,3.374200,5.648400,17.591299,1,8738,8738
5.523842,0,3,4,0,0,16.666800,7.269900,4.693700,15.523800,1,8738,8738
5.540471,0,3,4,0,0,16.667601,2.264300,4.710900,16.783400,1,8738,8738
5.557197,0,3,4,0,0,16.720697,2.333700,4.801800,16.506800,1,8738,8738
5.576494,0,3,4,0,0,16.667101,5.287900,5.757300,19.518499,1,8883,8883
5.590708,0,3,5,0,0,16.666800,7.084700,5.115900,17.317900,1,8883,8883
5.607321,0,3,5,0,0,16.672001,4.542100,7.339100,13.887500,1,8883,8883
5.623899,0,3,5,0,0,16.667097,3.747100,4.632900,16.287701,1,8883,8883
5.765411,0,3,5,0,0,139.906006,2.636900,0.439900,16.596001,1,8883,8883
5.781386,0,3,5,0,0,16.667303,124.116302,4.815100,145.858597,1,8882,8882
5.797205,0,3,5,0,0,16.666998,5.190400,4.982300,11.631600,1,8882,8882
5.813822,0,3,5,0,0,16.666702,2.583600,4.256900,15.651800,1,8882,8882
5.831991,0,3,5,0,0,16.666800,2.424700,5.222500,16.538700,1,8881,8881
5.847848,0,3,5,0,0,16.666698,4.115800,3.898400,18.226101,1,8881,8881
5.863760,0,3,5,0,0,16.666698,3.048000,5.590300,15.749100,1,8881,8881
5.880523,0,3,5,0,0,16.666901,2.258400,4.261500,15.979600,1,8881,8881
5.897106,0,3,5,0,0,16.666901,2.541200,4.217500,16.770000,1,8881,8881
5.914061,0,3,5,0,0,16.666901,2.331900,5.501600,16.590900,1,8881,8881
5.930428,0,3,5,0,0,16.666800,2.492000,3.984200,16.879601,1,8881,8881
5.947128,0,3,5,0,0,16.666901,2.316200,4.356000,16.643101,1,8881,8881
5.963984,0,3,5,0,0,16.736898,4.232200,4.302800,18.416599,1,8879,8879
5.980673,0,3,5,0,0,16.666800,3.985600,3.944300,15.497200,1,8879,8879
5.997257,0,3,5,0,0,16.666800,2.794800,4.285000,16.192499,1,8879,8879
6.013842,0,3,5,0,0,16.666800,2.262400,4.615200,16.400400,1,8879,8879
6.030536,0,3,5,0,0,16.666702,2.218900,3.555600,16.583700,1,8879,8879
6.047151,0,3,5,0,0,16.666698,2.819200,3.710600,17.452101,1,8879,8879
6.063865,0,3,5,0,0,16.666800,2.331100,5.250200,15.881200,1,8879,8879
6.082331,0,3,5,0,0,16.667002,2.323800,4.529500,16.748501,1,8878,8878
6.097180,0,3,5,0,0,16.666897,4.248300,3.963600,18.606100,1,8878,8878
6.113829,0,3,5,0,0,16.666702,2.209700,4.530900,14.666800,1,8878,8878
6.130542,0,3,5,0,0,16.705997,2.513300,4.011700,16.663500,1,8878,8878
6.147988,0,3,5,0,0,16.666901,5.051800,3.890300,19.616800,1,8877,8877
6.163918,0,3,5,0,0,16.668402,5.250500,4.731200,14.695400,1,8877,8877
6.187469,1,3,5,64,8,17.080299,2.803300,4.272200,15.802400,1,42412,42412
6.216723,1,3,8,64,8,35.755100,35.064899,4.272200,15.802400,1,42412,42412
6.233506,1,3,8,64,8,16.669399,2.798200,5.415900,8.251400,1,42412,42412
6.250175,1,3,8,64,8,16.668198,2.643600,4.948100,11.212800,1,42412,42412
6.266783,1,3,8,64,8,16.669001,2.759300,4.552400,16.778299,1,42412,42412
6.287920,1,3,8,62,8,16.666800,6.238000,4.542400,20.176901,1,46645,46645
6.300241,1,3,7,62,8,16.666800,7.814600,4.717200,18.455500,1,46645,46645
6.316825,1,3,7,62,8,16.667002,2.797000,4.577800,11.765800,1,46645,46645
6.333420,1,3,7,62,8,16.666800,3.471800,4.523000,16.248800,1,46645,46645
6.350235,1,3,7,62,8,16.666800,2.472000,4.771900,16.604200,1,46645,46645
6.366803,1,3,7,62,8,16.667002,2.514100,4.597600,16.831499,1,46645,46645
6.391604,1,3,7,55,8,16.666698,2.527600,4.581500,16.529400,1,49169,49169
6.400185,1,3,6,55,8,16.666698,11.584300,5.761400,25.857000,1,49169,49169
6.416949,1,3,6,55,8,16.799402,2.738500,4.504500,8.229900,1,49169,49169
6.433723,1,3,6,55,8,16.666901,2.883000,4.673300,16.123899,1,49169,49169
6.450287,1,3,6,55,8,16.666901,2.710800,4.858700,17.231800,1,49169,49169
6.466917,1,3,6,55,8,16.666897,2.697800,5.798200,15.977500,1,49169,49169
6.490211,1,3,6,51,8,16.666901,2.457200,4.665900,16.552999,1,49008,49008
6.638485,1,3,6,48,7,148.942307,9.391300,0.402600,23.826401,1,46408,46408
6.649330,1,3,5,48,7,16.666897,127.827400,4.174200,149.148697,1,46408,46408
6.804773,1,3,5,42,2,150.489304,3.162500,0.406200,10.898400,1,45185,45185
6.817165,1,3,5,42,2,17.485102,135.078995,4.039400,158.074905,1,45185,45185
6.833976,1,3,5,42,2,16.798000,2.382900,4.688000,8.307700,1,45185,45185
6.851683,1,3,5,42,2,17.721899,2.963000,3.965700,16.751600,1,45185,45185
6.868437,1,3,5,42,2,16.729101,4.715600,3.962500,17.931299,1,45185,45185
6.887679,1,3,5,42,2,19.279800,4.541400,4.917200,17.931299,1,45185,45185
6.914033,1,3,5,41,1,18.014700,13.672600,4.724400,20.496401,1,45842,45842
6.922639,1,3,5,41,1,16.918100,14.245400,4.459500,20.496401,1,45842,45842
6.939454,1,3,5,41,1,16.822300,3.944600,4.459500,26.136600,1,45842,45842
6.956799,1,3,5,41,1,16.915199,2.684400,5.572000,4.064300,1,45842,45842
6.973040,1,3,5,41,1,16.672201,3.310800,5.482000,11.495400,1,45842,45842
6.989680,1,3,5,41,1,16.666998,3.659400,5.325000,16.229401,1,45842,45842
7.006382,1,3,5,41,1,16.666901,3.878100,6.761800,16.711700,1,45842,45842
7.023020,1,3,5,41,1,16.666901,2.739700,5.693400,16.636900,1,45842,45842
7.039668,1,3,5,41,1,16.666800,2.709700,4.462700,16.574499,1,45842,45842
7.056323,1,3,5,41,1,16.667002,3.534200,4.947800,17.107901,1,45842,45842
7.073245,1,3,5,41,1,16.846399,2.437100,4.104400,15.855600,1,45842,45842
7.089849,1,3,5,41,1,16.666901,2.299500,4.311100,17.152000,1,45842,45842
7.106513,1,3,5,41,1,16.666698,2.409500,4.803900,16.513000,1,45842,45842
7.123527,1,3,5,41,1,16.668100,2.611600,2.977000,16.698400,1,45842,45842
7.139881,1,3,5,41,1,16.669399,3.043900,4.449800,17.183701,1,45842,45842
7.164520,2,3,5,40,0,16.666698,2.375200,4.757700,16.257000,1,46011,46011
7.194094,2,3,5,40,0,37.630501,36.464802,4.757700,16.257000,1,46011,46011
7.210819,2,3,5,40,0,16.666698,3.337900,5.489200,7.664600,1,46011,46011
7.227503,2,3,5,40,0,16.666901,2.854900,4.964700,12.280800,1,46011,46011
7.244134,2,3,5,40,0,16.666901,2.738100,5.291600,16.747499,1,46011,46011
7.260784,2,3,5,40,0,16.666800,2.727100,3.919400,16.333799,1,46011,46011
7.277447,2,3,5,40,0,16.666901,2.475300,4.641800,16.848900,1,46011,46011
7.294156,2,3,5,40,0,16.666901,4.082300,3.806900,16.616501,1,46011,46011
7.310799,2,3,5,40,0,16.666998,2.716500,3.830100,16.718800,1,46011,46011
7.328999,2,3,5,40,0,16.741800,5.703100,4.443200,20.164600,1,46011,46011
7.344279,2,3,5,40,0,16.666901,6.192400,5.457300,15.118400,1,46011,46011
7.360930,2,3,5,40,0,16.675598,2.912800,5.941700,14.980100,1,46011,46011
7.377570,2,3,5,40,0,16.671400,2.955500,4.882400,16.834600,1,46011,46011
7.395022,2,3,5,40,0,16.666901,4.810100,6.862400,16.467899,1,46011,46011
7.412520,0,4,5,0,0,16.669798,3.707000,5.004100,17.359900,1,7941,7941
7.444970,0,4,5,0,0,34.093403,33.722301,5.004100,17.359900,1,7941,7941
7.461741,0,4,5,0,0,16.666800,3.269200,6.676900,8.293400,1,7941,7941
7.479157,0,4,5,0,0,16.669300,2.690700,4.705900,11.448300,1,7941,7941
7.494980,0,4,5,0,0,16.666800,3.531300,3.732400,17.320999,1,7941,7941
7.511662,0,4,5,0,0,16.666698,2.527700,3.063100,15.729600,1,7941,7941
7.528333,0,4,5,0,0,16.667002,2.106700,3.996100,16.670700,1,7941,7941
7.546272,0,4,5,0,0,16.669399,2.285500,4.125200,16.910400,1,7941,7941
7.561644,0,4,5,0,0,16.667002,4.072200,5.146800,17.889299,1,7941,7941
7.578396,0,4,5,0,0,16.666901,2.460000,4.250600,15.314900,1,7941,7941
7.594985,0,4,5,0,0,16.666800,4.996500,5.015000,19.899401,1,7941,7941
7.612597,0,4,5,0,0,16.666901,3.295600,4.095300,13.498400,1,7941,7941
7.628373,0,4,5,0,0,16.666698,3.599000,4.465800,17.462299,1,7941,7941
7.644988,0,4,5,0,0,16.668100,2.772600,4.798700,15.834100,1,7941,7941
7.663499,0,4,5,0,0,16.666800,2.510800,5.334000,16.582600,1,7939,7939
7.679064,0,4,5,0,0,16.666800,4.253700,3.492800,18.677799,1,7939,7939
7.695033,0,4,5,0,0,16.672998,2.942600,3.633100,15.600600,1,7939,7939
7.711690,0,4,5,0,0,16.667002,2.238500,4.556100,15.898700,1,7939,7939
7.728398,0,4,5,0,0,16.674801,3.133800,4.852800,16.495600,1,7939,7939
7.873745,0,4,5,0,0,143.722397,2.410200,0.415300,16.885700,1,7939,7939
7.889077,0,4,5,0,0,16.666901,127.180603,4.634000,149.220398,1,7938,7938
7.905407,0,4,5,0,0,16.666800,3.840600,4.269400,11.335700,1,7938,7938
7.924956,0,4,5,0,0,16.666901,2.732000,4.050500,16.316401,1,7938,7938
7.938862,0,4,5,0,0,16.666800,5.680300,4.193100,19.734501,1,7938,7938
7.955806,0,4,5,0,0,16.666800,2.767300,3.686600,13.779000,1,7938,7938
7.972253,0,4,5,0,0,16.704199,2.799300,3.886800,17.101801,1,7938,7938
7.988825,0,4,5,0,0,16.666901,2.507000,4.414800,16.253901,1,7938,7938
8.005444,0,4,5,0,0,16.667002,2.737600,3.789300,16.529400,1,7938,7938
8.022088,0,4,5,0,0,16.666800,2.158500,3.599400,16.566200,1,7938,7938
8.038739,0,4,5,0,0,16.666800,2.100300,3.638000,16.608299,1,7938,7938
8.055469,0,4,5,0,0,16.666800,1.838700,3.566800,16.605200,1,7938,7938
8.076502,1,4,5,40,4,16.667101,5.786100,3.404900,19.783701,1,25325,25325
8.108649,1,4,10,40,4,36.428200,36.762001,3.404900,19.783701,1,25325,25325
8.125289,1,4,10,40,4,16.666901,3.542500,7.280000,7.964600,1,25325,25325
8.142000,1,4,10,40,4,16.666901,3.042500,4.217700,12.212200,1,25325,25325
8.158691,1,4,10,40,4,16.666800,3.274600,4.928100,16.731100,1,25325,25325
8.180895,1,4,10,40,4,16.670200,2.760700,4.386900,16.387100,1,29353,29353
8.192019,1,4,10,40,4,16.666800,8.722200,3.824800,22.904800,1,29353,29353
8.208722,1,4,10,40,4,16.667198,3.076000,4.224300,10.639400,1,29353,29353
8.225411,1,4,10,40,4,16.666698,2.583600,5.566000,16.676901,1,29353,29353
8.241994,1,4,10,40,4,16.669802,2.607300,4.043300,16.518101,1,29353,29353
8.258568,1,4,10,40,4,16.666698,2.405200,3.529500,16.694300,1,29353,29353
8.279784,1,4,10,40,4,16.666901,2.229700,3.845600,16.413700,1,34186,34186
8.291946,1,4,10,40,4,16.666901,7.299300,4.359600,22.040600,1,34186,34186
8.308583,1,4,10,40,4,16.666901,2.074800,3.217600,11.250600,1,34186,34186
8.325245,1,4,10,40,4,16.666698,2.049800,4.672000,16.709700,1,34186,34186
8.341936,1,4,10,40,4,16.666901,2.023000,3.095400,16.632799,1,34186,34186
8.358624,1,4,10,40,4,16.667198,2.081000,4.808600,16.587799,1,34186,34186
8.380490,1,4,10,40,4,16.667002,2.272400,3.868500,16.828400,1,36064,36064
8.538039,1,4,10,40,4,155.644806,12.897500,0.487600,27.489300,1,37942,37942
8.547679,1,4,10,40,4,16.666800,127.828003,5.853200,154.717194,1,37942,37942
8.565231,1,4,10,40,4,17.567299,3.204000,5.192700,7.471100,1,37942,37942
8.581904,1,4,10,40,4,16.722601,2.769700,4.402700,17.053699,1,37942,37942
8.598889,1,4,10,40,4,16.807600,3.236200,5.168400,16.628700,1,37942,37942
8.615518,1,4,10,40,4,16.807596,3.372200,7.556700,16.968700,1,37942,37942
8.640172,1,4,10,37,4,16.671103,2.909900,6.154600,16.995399,1,38526,38526
8.650363,1,4,9,37,4,17.343197,11.574600,5.406600,16.995399,1,38526,38526
8.666373,1,4,9,37,4,16.667902,4.115700,5.544500,10.355700,1,38526,38526
8.682945,1,4,9,37,4,16.667198,3.765400,5.118900,12.032000,1,38526,38526
8.699614,1,4,9,37,4,16.688101,2.874400,4.479200,17.068001,1,38526,38526
8.716321,1,4,9,37,4,16.666901,2.836400,4.859800,15.944800,1,38526,38526
8.739731,1,4,9,37,4,16.673698,2.832700,4.973200,16.850901,1,36210,36210
8.749563,1,4,9,37,4,16.667002,10.436800,5.434900,24.177700,1,36210,36210
8.766256,1,4,9,37,4,16.666800,3.125900,4.817300,9.278400,1,36210,36210
8.782883,1,4,9,37,4,16.666901,2.917700,5.146500,16.555000,1,36210,36210
8.799528,1,4,9,37,4,16.666800,2.732800,3.520500,16.411699,1,36210,36210
8.816197,1,4,9,37,4,16.666901,2.483700,3.746000,16.549900,1,36210,36210
8.836885,1,4,9,36,4,16.666800,2.277400,4.093100,16.765900,1,33388,33388
8.849557,1,4,9,36,4,16.668301,6.588400,4.236800,21.227501,1,33388,33388
8.866291,1,4,9,36,4,16.666897,2.788400,3.840100,12.289100,1,33388,33388
8.882833,1,4,9,36,4,16.666901,2.844800,4.181200,16.692200,1,33388,33388
8.899567,1,4,9,36,4,16.672001,5.695200,4.219800,19.832800,1,33388,33388
8.916199,1,4,9,36,4,16.666901,2.461900,4.110600,13.572100,1,33388,33388
8.938654,1,4,9,34,4,16.752399,2.437800,4.101900,16.530399,1,34377,34377
8.949712,1,4,8,34,4,16.709402,8.888200,4.125700,23.367701,1,34377,34377
8.966483,1,4,8,34,4,16.677998,3.873500,4.700900,10.299400,1,34377,34377
8.983094,1,4,8,34,4,16.666800,4.031700,4.053000,16.500799,1,34377,34377
8.999673,1,4,8,34,4,16.667002,2.538000,3.572900,16.670700,1,34377,34377
9.016401,1,4,8,34,4,16.673800,2.077900,4.120900,16.339899,1,34377,34377
9.038114,1,4,8,34,4,16.666901,2.544100,4.803000,17.314899,1,34208,34208
9.049723,1,4,8,34,4,16.667400,8.341100,5.463800,22.145000,1,34208,34208
9.066448,1,4,8,34,4,16.666698,3.191300,5.157800,10.834900,1,34208,34208
9.083260,1,4,8,34,4,16.701202,4.069300,4.991100,17.467400,1,34208,34208
9.099989,1,4,8,34,4,16.854498,4.525400,4.974300,16.462900,1,34208,34208
9.116711,1,4,8,34,4,16.674002,3.503900,4.941700,16.570299,1,34208,34208
9.140216,1,4,8,34,4,16.682398,3.479800,4.717700,16.638000,1,34703,34703
9.149996,1,4,8,34,4,16.667002,12.587600,5.369800,24.699900,1,34703,34703
9.166681,1,4,8,34,4,16.666901,3.159300,4.960500,8.829900,1,34703,34703
9.183394,1,4,8,34,4,16.666901,3.023000,4.332700,16.276501,1,34703,34703
9.199981,1,4,8,34,4,16.666800,2.947700,3.916200,16.886801,1,34703,34703
9.216679,1,4,8,34,4,16.669798,2.926900,4.023700,16.346100,1,34703,34703
9.236957,1,4,8,33,4,16.666901,2.524800,4.158300,16.839701,1,35048,35048
9.249898,1,4,7,33,4,16.666800,7.391600,4.442900,20.941799,1,35048,35048
9.401244,1,4,7,30,4,144.375595,2.635400,0.370300,12.728300,1,35401,35401
9.421070,1,4,6,30,4,26.814703,143.506104,0.370300,12.728300,1,35401,35401
9.438079,1,4,6,30,4,16.856499,6.167000,4.752900,10.493900,1,35401,35401
9.454862,1,4,6,30,4,16.767498,6.970200,4.084700,12.704800,1,35401,35401
9.471480,1,4,6,30,4,16.666901,11.161600,4.092400,16.748501,1,35401,35401
9.488069,1,4,6,30,4,16.679802,2.767000,4.169800,16.511000,1,35401,35401
9.512314,1,4,6,30,4,17.311401,2.470500,4.560800,16.481300,1,35748,35748
9.522329,1,4,6,30,4,16.822201,10.419600,5.564100,25.838600,1,35748,35748
9.538943,1,4,6,30,4,16.666998,2.949500,4.677200,8.541200,1,35748,35748
9.555609,1,4,6,30,4,16.666800,3.208500,4.531200,16.646099,1,35748,35748
9.572303,1,4,6,30,4,16.666800,2.838700,5.326400,16.844801,1,35748,35748
9.588969,1,4,6,30,4,16.666901,2.956400,4.402200,16.388100,1,35748,35748
9.609961,1,4,6,30,4,16.666800,2.786700,5.221900,16.706600,1,33935,33935
9.622331,1,4,6,30,4,16.666901,7.405600,4.891700,21.613501,1,33935,33935
9.638952,1,4,6,30,4,16.672499,2.785400,4.381100,11.659300,1,33935,33935
9.655613,1,4,6,30,4,16.666901,2.720000,4.055300,16.659500,1,33935,33935
9.672269,1,4,6,30,4,16.666901,2.401800,3.607700,16.581600,1,33935,33935
9.688959,1,4,6,30,4,16.666698,2.417800,4.271800,16.579599,1,33935,33935
9.711897,1,4,6,28,4,16.744102,2.378200,3.542700,16.676800,1,33567,33567
9.722387,1,4,6,28,4,16.666698,9.226100,3.944700,23.871500,1,33567,33567
9.739064,1,4,6,28,4,16.666800,2.832200,3.059300,9.734200,1,33567,33567
9.755705,1,4,6,28,4,16.669199,2.474100,3.812500,16.881599,1,33567,33567
9.772287,1,4,6,28,4,16.666901,2.293800,3.990200,16.466000,1,33567,33567
9.788940,1,4,6,28,4,16.666698,2.231300,2.973800,16.460800,1,33567,33567
9.811400,1,4,6,25,4,16.666901,2.074100,3.587800,16.679899,1,33217,33217
9.822356,1,4,5,25,4,16.666800,8.741900,3.271400,23.212099,1,33217,33217
9.838985,1,4,5,25,4,16.666800,2.482000,4.130100,10.311600,1,33217,33217
9.855621,1,4,5,25,4,16.666800,2.367700,3.388800,16.543800,1,33217,33217
9.872371,1,4,5,25,4,16.667002,2.002500,3.488400,16.700399,1,33217,33217
9.889031,1,4,5,25,4,16.666698,2.237400,3.657500,16.636900,1,33217,33217
9.909478,1,4,5,23,4,16.666800,2.267400,3.757500,16.598000,1,31865,31865
9.922397,1,4,5,23,4,16.684801,8.785800,4.477300,23.321600,1,31865,31865
9.939035,1,4,5,23,4,16.673401,2.306800,4.985900,14.575700,1,31865,31865
9.955755,1,4,5,23,4,16.667101,4.330300,4.613500,12.627900,1,31865,31865
9.972388,1,4,5,23,4,16.666897,3.093200,5.397300,22.916100,1,31865,31865
9.989046,1,4,5,23,4,16.670200,2.873700,5.155300,10.221600,1,31865,31865
10.009379,1,4,5,22,4,16.666698,2.979700,3.786500,16.504801,1,31535,31535
10.035951,1,4,4,22,4,30.285202,28.280399,3.786500,16.504801,1,31535,31535
10.052647,1,4,4,22,4,16.670902,4.165500,4.461700,8.376400,1,31535,31535
10.069334,1,4,4,22,4,16.666897,2.561400,3.492600,12.515300,1,31535,31535
10.085999,1,4,4,22,4,16.669203,3.528300,4.014200,17.355801,1,31535,31535
10.102713,1,4,4,22,4,16.666901,2.797600,4.717800,16.605101,1,31535,31535
10.123693,1,4,4,22,4,16.666698,2.630000,4.240900,16.143400,1,31389,31389
10.135984,1,4,4,22,4,16.667002,7.305600,3.947800,21.294100,1,31389,31389
10.152672,1,4,4,22,4,16.666698,2.463200,3.911100,11.745300,1,31389,31389
10.169342,1,4,4,22,4,16.666800,2.625900,4.165000,16.808901,1,31389,31389
10.186004,1,4,4,22,4,16.670200,2.372500,4.070800,16.821301,1,31389,31389
10.202609,1,4,4,22,4,16.666800,2.370900,4.558100,16.536600,1,31389,31389
10.223677,1,4,4,22,4,16.666800,2.488500,2.848100,16.508900,1,31232,31232
10.236015,1,4,4,22,4,16.666901,7.353100,4.014400,22.165501,1,31232,31232
10.252647,1,4,4,22,4,16.671299,2.409700,3.124300,11.247600,1,31232,31232
10.269342,1,4,4,22,4,16.666800,2.331700,3.734100,16.587799,1,31232,31232
10.286010,1,4,4,22,4,16.666998,2.537600,3.694100,16.849899,1,31232,31232
10.302667,1,4,4,22,4,16.666901,2.384500,3.405700,16.686100,1,31232,31232
10.324168,1,4,4,22,4,16.666702,2.409900,3.449300,16.559099,1,32240,32240
10.335958,1,4,4,22,4,16.666897,7.561400,3.121100,21.922800,1,32240,32240
10.352673,1,4,4,22,4,16.667002,2.212300,4.375100,11.232300,1,32240,32240
10.369430,1,4,4,22,4,16.668800,2.907700,4.071400,16.901100,1,32240,32240
10.388097,1,4,4,22,4,18.752199,2.528100,4.559300,16.931801,1,32240,32240
10.404805,1,4,4,22,4,16.666901,2.648000,4.120500,18.478100,1,32240,32240
10.427874,1,4,4,21,4,16.669203,6.291300,4.176400,16.866301,1,32238,32238
10.438180,1,4,4,21,4,16.734701,14.461600,4.176400,16.866301,1,32238,32238
10.454840,1,4,4,21,4,16.668297,2.713600,4.356500,6.908900,1,32238,32238
10.471445,1,4,4,21,4,16.666901,3.768600,4.754200,15.032400,1,32238,32238
10.488357,1,4,4,21,4,16.666901,2.620200,4.903200,16.467899,1,32238,32238
10.504894,1,4,4,21,4,16.667299,5.206400,4.233300,16.988199,1,32238,32238
10.528126,1,4,4,20,4,16.871101,2.993800,5.948500,16.650200,1,31892,31892
10.538351,1,4,4,20,4,16.666998,11.390900,4.039300,24.069201,1,31892,31892
10.555024,1,4,4,20,4,16.667002,2.659600,3.728000,10.056700,1,31892,31892
10.571730,1,4,4,20,4,16.666901,2.347400,3.445100,15.817700,1,31892,31892
10.588340,1,4,4,20,4,16.666800,3.485200,4.474200,16.785400,1,31892,31892
10.605081,1,4,4,20,4,16.668301,2.543200,4.074900,16.429100,1,31892,31892
10.625540,1,4,4,19,3,16.666800,2.484200,3.564600,16.900000,1,31546,31546
10.638344,1,4,3,19,3,16.666800,6.726200,3.975300,21.040199,1,31546,31546
10.655015,1,4,3,19,3,16.670500,2.373300,3.642100,12.056600,1,31546,31546
10.671667,1,4,3,19,3,16.666901,2.079700,3.061900,16.803801,1,31546,31546
10.688438,1,4,3,19,3,16.671602,2.103000,4.166000,16.612301,1,31546,31546
10.705032,1,4,3,19,3,16.666901,2.591700,3.874000,16.829500,1,31546,31546
10.728111,1,4,3,19,3,16.666800,2.371100,3.891400,16.541700,1,30702,30702
10.738354,1,4,3,19,3,16.666698,10.073400,3.425300,23.822300,1,30702,30702
10.755053,1,4,3,19,3,16.666901,2.284200,3.527300,9.473000,1,30702,30702
10.771739,1,4,3,19,3,16.666800,2.492300,3.161000,16.748600,1,30702,30702
10.788401,1,4,3,19,3,16.666698,2.637200,4.176800,16.808901,1,30702,30702
10.804985,1,4,3,19,3,16.666901,2.655600,3.274000,16.395300,1,30702,30702
10.826667,1,4,3,15,2,16.667002,2.045000,3.784900,16.839701,1,30690,30690
10.838471,1,4,3,15,2,16.666901,7.603600,3.384300,21.798901,1,30690,30690
10.855035,1,4,3,15,2,16.666800,2.308200,3.143800,11.325400,1,30690,30690
10.871709,1,4,3,15,2,16.666800,2.025000,3.886200,16.706600,1,30690,30690
10.888365,1,4,3,15,2,16.668598,2.459700,4.350700,16.672800,1,30690,30690
10.905017,1,4,3,15,2,16.667002,2.416900,3.685600,16.667601,1,30690,30690
10.925331,1,4,3,15,2,16.666698,2.210200,3.679200,16.523300,1,30360,30360
10.938402,1,4,3,15,2,16.672600,5.827100,3.142500,20.437000,1,30360,30360
10.955123,1,4,3,15,2,16.750700,7.364600,4.004000,17.669100,1,30360,30360
10.971803,1,4,3,15,2,16.666698,2.481500,3.734200,12.044300,1,30360,30360
10.988515,1,4,3,15,2,16.667002,2.478900,3.473800,16.861200,1,30360,30360
11.005149,1,4,3,15,2,16.671900,2.495800,4.481500,16.673800,1,30360,30360
11.027367,1,4,3,15,2,16.667698,2.426100,3.906900,16.637899,1,30697,30697
11.038482,1,4,3,15,2,16.666702,8.186200,3.803400,22.434799,1,30697,30697
11.055164,1,4,3,15,2,16.666698,2.516900,4.634300,10.825800,1,30697,30697
11.071899,1,4,3,15,2,16.667002,2.515700,4.000200,16.626600,1,30697,30697
11.088550,1,4,3,15,2,16.666698,3.359900,4.735200,17.486900,1,30697,30697
11.105119,1,4,3,15,2,16.666800,2.715800,4.490300,15.842300,1,30697,30697
11.126266,1,4,3,15,2,16.666800,3.054200,3.946700,16.585699,1,30866,30866
11.138508,1,4,3,15,2,16.666901,7.284500,5.084300,21.294100,1,30866,30866
11.155169,1,4,3,15,2,16.667002,2.358300,4.698900,12.040200,1,30866,30866
11.171809,1,4,3,15,2,16.666698,2.480300,3.584500,16.613400,1,30866,30866
11.188452,1,4,3,15,2,16.666901,2.631200,3.891400,16.670700,1,30866,30866
11.205128,1,4,3,15,2,16.666901,2.454900,3.993900,16.487400,1,30866,30866
11.226062,1,4,3,15,2,16.666698,2.493000,3.591500,16.954399,1,30539,30539
11.238553,1,4,3,15,2,16.666800,6.773100,3.605500,20.937700,1,30539,30539
11.255126,1,4,3,15,2,16.666901,2.199600,3.267300,12.551200,1,30539,30539
11.271776,1,4,3,15,2,16.666800,2.305100,2.898600,16.393200,1,30539,30539
11.288433,1,4,3,15,2,16.666800,2.103000,3.056200,16.605200,1,30539,30539
11.305142,1,4,3,15,2,16.666800,1.975200,2.966900,16.568300,1,30539,30539
11.324796,1,4,3,13,2,16.667101,2.045400,2.878500,16.858101,1,30515,30515
11.338401,1,4,3,13,2,16.666897,5.047200,2.668000,19.617800,1,30515,30515
11.355139,1,4,3,13,2,16.667002,1.667600,2.961500,13.409300,1,30515,30515
11.371812,1,4,3,13,2,16.666698,2.278800,2.618900,16.920601,1,30515,30515
11.388456,1,4,3,13,2,16.666901,1.824400,3.216100,16.730101,1,30515,30515
11.405082,1,4,3,13,2,16.666800,1.982400,3.067000,16.442301,1,30515,30515
11.425640,1,4,3,13,2,16.666800,1.887900,3.125500,16.688200,1,29676,29676
11.438430,1,4,3,13,2,16.666800,5.928600,3.207700,20.760500,1,29676,29676
11.455164,1,4,3,13,2,16.666803,6.085400,3.695000,16.917500,1,29676,29676
11.471759,1,4,3,13,2,16.666800,2.488900,3.181800,12.543000,1,29676,29676
11.488491,1,4,3,13,2,16.666698,2.430100,4.244800,16.613400,1,29676,29676
11.505209,1,4,3,13,2,16.666698,2.794000,3.676400,16.646099,1,29676,29676
11.524985,1,4,3,12,2,16.666901,2.434900,4.427700,17.352699,1,28513,28513
11.538435,1,4,3,12,2,16.666901,6.180400,3.020600,19.214399,1,28513,28513
11.555100,1,4,3,12,2,16.666800,1.735900,2.787100,13.328400,1,28513,28513
11.571796,1,4,3,12,2,16.666901,1.795100,3.310700,17.030100,1,28513,28513
11.588397,1,4,3,12,2,16.666698,2.225600,3.262700,16.450600,1,28513,28513
11.605090,1,4,3,12,2,16.666800,1.980900,3.164200,16.427000,1,28513,28513
11.624818,1,4,3,12,2,16.667002,2.111500,2.757700,16.630800,1,29177,29177
11.638389,1,4,3,12,2,16.666901,4.963400,3.059800,20.025299,1,29177,29177
11.655063,1,4,3,12,2,16.666698,1.846400,2.640700,13.300700,1,29177,29177
11.671834,1,4,3,12,2,16.667097,2.111800,3.512700,16.716801,1,29177,29177
11.688449,1,4,3,12,2,16.666901,2.533900,2.991900,16.843800,1,29177,29177
11.705096,1,4,3,12,2,16.666800,1.964200,2.632500,16.514099,1,29177,29177
11.724811,1,4,3,12,2,16.666800,1.754100,2.742800,16.750601,1,29843,29843
11.738417,1,4,3,12,2,16.666702,4.965400,2.597400,19.714001,1,29843,29843
11.755069,1,4,3,12,2,16.666800,1.775100,2.633700,13.471700,1,29843,29843
11.771773,1,4,3,12,2,16.666901,1.662800,2.474700,16.766001,1,29843,29843
11.788397,1,4,3,12,2,16.666901,2.013100,2.947700,16.646099,1,29843,29843
11.805090,1,4,3,12,2,16.666800,1.770500,2.911200,16.616501,1,29843,29843
11.825001,1,4,3,12,2,16.666901,2.059200,2.754900,16.790501,1,29681,29681
11.838421,1,4,3,12,2,16.666698,5.197400,3.155600,20.162600,1,29681,29681
11.855071,1,4,3,12,2,16.666901,1.915600,2.324900,13.021200,1,29681,29681
11.871788,1,4,3,12,2,16.666698,1.713900,2.570900,16.721901,1,29681,29681
11.888388,1,4,3,12,2,16.666698,1.989900,2.605700,16.701401,1,29681,29681
11.905079,1,4,3,12,2,16.666901,1.757300,2.512200,16.552999,1,29681,29681
11.926809,1,4,3,12,2,16.666698,1.912300,2.666700,16.670700,1,29521,29521
11.938723,1,4,3,12,2,16.941000,7.707000,4.818300,23.035900,1,29521,29521
11.955606,1,4,3,12,2,16.809601,6.717400,4.552300,14.890000,1,29521,29521
11.972252,1,4,3,12,2,16.666800,3.218700,4.349700,12.862500,1,29521,29521
11.988829,1,4,3,12,2,16.667002,2.531900,3.305200,16.436199,1,29521,29521
12.005550,1,4,3,12,2,16.666800,1.924100,2.760800,16.650200,1,29521,29521
12.025376,1,4,3,12,2,16.666800,2.131800,2.819600,16.734200,1,29853,29853
12.038866,1,4,3,12,2,16.666698,5.248500,2.738700,19.873800,1,29853,29853
12.055488,1,4,3,12,2,16.666901,1.778500,2.703600,13.447200,1,29853,29853
12.072236,1,4,3,12,2,16.666698,1.989500,2.571800,16.538601,1,29853,29853
12.088826,1,4,3,12,2,16.666800,2.385900,2.680100,17.452000,1,29853,29853
12.105489,1,4,3,12,2,16.666800,1.953700,2.593100,15.957000,1,29853,29853
12.122184,1,4,3,12,2,16.666901,1.855100,2.631100,16.558100,1,29853,29853
12.138838,1,4,3,12,2,16.666901,2.082300,2.579200,16.689199,1,29853,29853
12.155485,1,4,3,12,2,16.666800,1.958400,2.746100,16.680901,1,29853,29853
12.172172,1,4,3,12,2,16.666901,2.266900,3.063700,16.621599,1,29853,29853
12.188829,1,4,3,12,2,16.666698,2.091600,2.650700,16.658400,1,29853,29853
12.205540,1,4,3,12,2,16.666901,1.912100,2.968200,16.727100,1,29853,29853
12.222202,1,4,3,12,2,16.667101,2.056400,2.882700,16.778200,1,29853,29853
12.238871,1,4,3,12,2,16.666800,2.289500,2.407200,16.685101,1,29853,29853
12.255470,1,4,3,12,2,16.667002,2.149700,2.675000,16.553900,1,29853,29853
12.275478,2,4,3,12,0,16.666897,1.957300,2.841500,16.603201,1,28691,28691
12.297465,2,4,3,12,0,25.267902,24.652100,2.841500,16.603201,1,28691,28691
12.314109,2,4,3,12,0,16.666901,2.598600,3.476700,6.892500,1,28691,28691
12.330785,2,4,3,12,0,16.666897,2.312200,2.778700,12.054600,1,28691,28691
12.347560,2,4,3,12,0,16.666803,2.377800,3.325400,16.673700,1,28691,28691
12.364137,2,4,3,12,0,16.666897,2.226100,3.191800,16.892000,1,28691,28691
12.380778,2,4,3,12,0,16.666901,2.175500,2.657800,16.579500,1,28691,28691
12.397454,2,4,3,12,0,16.666800,1.924600,2.889000,16.586800,1,28691,28691
12.414117,2,4,3,12,0,16.666800,2.064800,3.014500,16.643101,1,28691,28691
12.430829,2,4,3,12,0,16.666803,2.124200,3.013100,16.787399,1,28691,28691
12.447459,2,4,3,12,0,16.666800,2.105100,3.414400,16.913401,1,28691,28691
12.465263,2,4,3,12,0,16.666698,5.075700,3.115900,19.095600,1,28691,28691
12.480777,2,4,3,12,0,16.666698,3.428000,2.939400,15.251400,1,28691,28691
12.497444,2,4,3,12,0,16.666800,2.321600,2.680000,15.427600,1,28691,28691
12.514105,2,4,3,12,0,16.666901,2.146100,2.817900,16.736300,1,28691,28691
12.531683,0,5,3,0,0,16.666901,2.290800,3.134500,16.645100,1,7499,7499
12.553876,0,5,5,0,0,22.253201,21.685499,3.134500,16.645100,1,7499,7499
12.569660,0,5,5,0,0,16.666800,4.917800,4.328500,7.601200,1,7496,7496
12.586329,0,5,5,0,0,16.666901,2.665600,2.889400,11.407300,1,7496,7496
12.602983,0,5,5,0,0,16.666901,1.734500,2.743500,16.710699,1,7496,7496
12.620470,0,5,5,0,0,16.666698,1.807700,2.965000,16.593901,1,7496,7496
12.636328,0,5,5,0,0,16.666901,2.621300,2.821700,17.488899,1,7496,7496
12.653006,0,5,5,0,0,16.666800,2.016600,2.607000,15.887400,1,7496,7496
12.669643,0,5,5,0,0,16.666901,1.746600,2.740100,16.752600,1,7496,7496
12.687176,0,5,5,0,0,16.666698,1.866100,2.784300,16.527399,1,7496,7496
12.702980,0,5,5,0,0,16.666800,2.501400,2.892600,17.646601,1,7496,7496
12.719627,0,5,5,0,0,16.666800,2.106800,2.742800,15.718400,1,7496,7496
12.736346,0,5,5,0,0,16.666698,1.707700,3.015000,16.628700,1,7496,7496
12.753693,0,5,5,0,0,16.666698,4.146200,3.639300,18.868200,1,7640,7640
12.769879,0,5,6,0,0,16.748604,3.748500,3.333100,15.936500,1,7640,7640
12.787475,0,5,6,0,0,16.666897,1.988400,3.559800,15.520800,1,7640,7640
12.803088,0,5,6,0,0,16.666702,2.942600,2.810500,17.526800,1,7640,7640
12.820239,0,5,6,0,0,16.666800,1.960500,2.905600,15.661000,1,7640,7640
12.836444,0,5,6,0,0,16.666698,2.244000,2.982700,17.111099,1,7640,7640
12.965125,0,5,6,0,0,127.110603,1.858300,0.358000,16.299999,1,7640,7640
12.980248,0,5,6,0,0,16.666698,113.633598,4.900500,133.379105,1,7640,7640
12.996886,0,5,6,0,0,16.666901,4.228800,3.111600,10.385400,1,7640,7640
13.013511,0,5,6,0,0,16.666800,2.097000,2.864000,16.603100,1,7640,7640
13.030661,0,5,6,0,0,16.666901,2.459900,2.906700,16.591900,1,7640,7640
13.047843,0,5,6,0,0,16.666800,2.681200,3.180900,17.175600,1,7639,7639
13.063530,0,5,6,0,0,16.666698,2.807800,3.314200,16.997299,1,7639,7639
13.080232,0,5,6,0,0,16.666698,1.805600,3.710800,15.861800,1,7639,7639
13.097273,0,5,6,0,0,16.667101,2.876100,3.364600,17.308701,1,7639,7639
13.113517,0,5,6,0,0,16.666800,2.508600,2.702600,16.382900,1,7639,7639
13.130205,0,5,6,0,0,16.666698,1.788500,2.606100,16.254999,1,7639,7639
13.146899,0,5,6,0,0,16.666800,2.043400,3.048000,16.704500,1,7639,7639
13.163505,0,5,6,0,0,16.666901,3.778500,3.510000,18.761801,1,7637,7637
13.180376,0,5,6,0,0,16.666698,2.982500,2.879000,14.535600,1,7637,7637
13.196818,0,5,6,0,0,16.666901,2.029300,2.856600,16.908300,1,7637,7637
13.213549,0,5,6,0,0,16.666800,1.972600,2.734400,16.346100,1,7637,7637
13.230304,0,5,6,0,0,16.666901,2.179800,2.936600,16.812099,1,7637,7637
13.247056,0,5,6,0,0,16.666800,2.322100,3.116300,16.722900,1,7637,7637
13.263637,0,5,6,0,0,16.666702,2.374500,3.922700,16.888800,1,7637,7637
13.280192,0,5,6,0,0,16.666897,2.516300,2.967800,16.438200,1,7637,7637
13.298044,0,5,6,0,0,16.666702,2.304700,3.804500,16.645201,1,7637,7637
13.314036,0,5,6,0,0,16.667097,3.550800,4.372500,17.941500,1,7637,7637
13.330200,0,5,6,0,0,16.666800,2.898000,3.394900,15.924200,1,7637,7637
13.346892,0,5,6,0,0,16.666901,2.350000,3.095000,16.050200,1,7637,7637
13.363552,0,5,6,0,0,16.666698,1.955600,3.361100,16.698299,1,7637,7637
13.380412,0,5,6,0,0,16.666901,1.891300,2.814400,16.631800,1,7637,7637
13.396853,0,5,6,0,0,16.666800,2.087500,2.868500,16.908300,1,7637,7637
13.413493,0,5,6,0,0,16.666702,2.015200,2.761100,16.391199,1,7637,7637
13.430195,0,5,6,0,0,16.666698,2.025300,2.759100,16.689199,1,7637,7637
13.447104,0,5,6,0,0,16.666901,2.027300,3.214800,16.797600,1,7637,7637
13.463527,0,5,6,0,0,16.666698,2.281700,2.976100,16.797701,1,7637,7637
13.480191,0,5,6,0,0,16.666901,1.940700,2.938300,16.411699,1,7637,7637
13.496918,0,5,6,0,0,16.666901,3.388800,2.782500,17.989599,1,7637,7637
13.513560,0,5,6,0,0,16.666800,2.138700,4.191400,15.526900,1,7637,7637
13.530580,0,5,6,0,0,16.667002,2.642300,3.958100,16.638000,1,7637,7637
13.548496,0,5,6,0,0,16.666897,3.002000,4.628000,16.879601,1,7637,7637
13.563646,0,5,6,0,0,16.700302,4.120000,3.869300,18.086901,1,7637,7637
13.580320,0,5,6,0,0,16.666800,2.459500,4.630900,15.175700,1,7637,7637
13.597132,0,5,6,0,0,16.666800,2.539100,3.657600,16.633900,1,7637,7637
13.613582,0,5,6,0,0,16.666698,2.711300,3.455200,16.726999,1,7637,7637
13.630231,0,5,6,0,0,16.666800,2.353800,3.047100,16.469000,1,7637,7637
13.646897,0,5,6,0,0,16.666702,2.186200,2.701300,16.536600,1,7637,7637
13.663787,0,5,6,0,0,16.666901,2.042400,3.803300,16.726999,1,7637,7637
13.680234,0,5,6,0,0,16.666998,2.466700,3.161100,16.893999,1,7637,7637
13.696899,0,5,6,0,0,16.666901,2.426200,3.111100,16.415701,1,7637,7637
13.713557,0,5,6,0,0,16.666698,1.944200,3.624300,17.768400,1,7637,7637
13.730467,0,5,6,0,0,16.666901,2.230200,2.928500,15.610900,1,7637,7637
13.746868,0,5,6,0,0,16.666800,2.187100,2.946300,16.860201,1,7637,7637
13.763533,0,5,6,0,0,16.666901,1.796000,2.809100,16.353300,1,7637,7637
13.780196,0,5,6,0,0,16.666800,2.038300,3.091200,16.658400,1,7637,7637
13.798062,0,5,6,0,0,16.666702,2.112500,2.798000,16.643101,1,7637,7637
13.813588,0,5,6,0,0,16.666998,3.232300,2.687600,17.909700,1,7637,7637
13.830279,0,5,6,0,0,16.666901,1.917100,2.919000,15.519800,1,7637,7637
13.846870,0,5,6,0,0,16.666901,1.943600,2.726500,16.737301,1,7637,7637
13.863567,0,5,6,0,0,16.666800,1.966200,2.592200,16.609200,1,7637,7637
13.880387,0,5,6,0,0,16.666901,2.211700,2.736700,16.650299,1,7637,7637
13.896875,0,5,6,0,0,16.666698,2.134900,3.297900,16.799700,1,7637,7637
13.913542,0,5,6,0,0,16.666800,1.811100,2.763500,16.536600,1,7637,7637
13.930241,0,5,6,0,0,16.666702,2.046500,2.680400,16.632799,1,7637,7637
13.947037,0,5,6,0,0,16.666800,2.149600,2.610900,16.702499,1,7637,7637
13.963669,0,5,6,0,0,16.702297,2.027800,2.588300,16.799700,1,7637,7637
13.980325,0,5,6,0,0,16.666901,2.254000,4.351700,17.080400,1,7637,7637
13.996915,0,5,6,0,0,16.666800,4.105900,4.016000,17.622999,1,7637,7637
14.017974,1,5,6,65,8,16.666800,2.027800,3.660500,15.140900,1,36479,36479
14.046202,1,5,9,65,8,32.544098,32.354099,3.660500,15.140900,1,36479,36479
14.062837,1,5,9,65,8,16.666702,2.500100,2.999700,8.950800,1,36479,36479
14.079483,1,5,9,65,8,16.666901,2.406200,2.890200,9.793600,1,36479,36479
14.096165,1,5,9,65,8,16.666800,1.714400,2.775100,16.599001,1,36479,36479
14.112823,1,5,9,65,8,16.666901,2.400000,3.033200,17.281000,1,36479,36479
14.133385,1,5,9,65,8,16.666897,1.753600,2.810400,16.105499,1,45006,45006
14.146176,1,5,9,65,8,16.666803,6.238900,2.657100,20.842501,1,45006,45006
14.162823,1,5,9,65,8,16.666698,1.843600,3.166500,12.605400,1,45006,45006
14.179524,1,5,9,65,8,16.666698,2.350500,2.655800,16.510000,1,45006,45006
14.196237,1,5,9,65,8,16.666901,1.762300,2.996500,16.754700,1,45006,45006
14.212852,1,5,9,65,8,16.666800,1.959800,3.084000,16.795601,1,45006,45006
14.234669,1,5,9,65,8,16.666698,2.475700,3.431600,16.601101,1,54655,54655
14.246149,1,5,9,65,8,16.666698,7.579300,3.281500,22.414301,1,54655,54655
14.262893,1,5,9,65,8,16.666800,2.070300,3.432900,10.905600,1,54655,54655
14.279584,1,5,9,65,8,16.666702,2.402800,2.905200,16.700500,1,54655,54655
14.296224,1,5,9,65,8,16.666998,1.989200,2.760000,16.625601,1,54655,54655
14.312842,1,5,9,65,8,16.666800,1.899400,2.637100,16.730101,1,54655,54655
14.334996,1,5,9,61,8,16.666901,2.018100,3.571000,16.578600,1,54052,54052
14.463663,1,5,8,60,8,129.463593,8.211500,0.346300,22.589399,1,49295,49295
14.475635,1,5,8,60,8,16.666800,108.941299,3.363700,129.192993,1,49295,49295
14.492370,1,5,8,60,8,16.666800,1.935700,2.881700,11.001900,1,49295,49295
14.508984,1,5,8,60,8,16.666698,5.539000,3.047300,20.464600,1,49295,49295
14.525617,1,5,8,60,8,16.666698,2.196600,3.193900,12.817400,1,49295,49295
14.542319,1,5,8,60,8,16.666702,1.678100,2.653000,16.655399,1,49295,49295
14.563632,1,5,8,56,8,16.666698,2.162700,3.133200,16.739300,1,47250,47250
14.575704,1,5,7,56,8,16.667002,7.399600,2.885500,21.993500,1,47250,47250
14.592343,1,5,7,56,8,16.666800,2.124100,2.562400,11.560900,1,47250,47250
14.608971,1,5,7,56,8,16.666800,2.246700,3.254200,16.600100,1,47250,47250
14.625653,1,5,7,56,8,16.666998,1.983300,2.697000,16.527300,1,47250,47250
14.642313,1,5,7,56,8,16.666901,1.983900,2.826000,16.752701,1,47250,47250
14.663322,1,5,7,52,7,16.666702,1.900200,2.826200,16.742399,1,46940,46940
14.675761,1,5,6,52,7,16.666897,6.852400,3.133400,21.398500,1,46940,46940
14.692330,1,5,6,52,7,16.666800,2.152800,2.604500,11.940900,1,46940,46940
14.709015,1,5,6,52,7,16.666901,1.810600,2.790300,16.525299,1,46940,46940
14.725626,1,5,6,52,7,16.666800,1.840700,2.774700,16.849899,1,46940,46940
14.742322,1,5,6,52,7,16.666901,2.091800,2.760200,16.489500,1,46940,46940
14.764055,1,5,6,50,5,16.666800,1.956700,2.903300,16.694300,1,46287,46287
14.775609,1,5,6,50,5,16.666901,7.102600,3.201900,22.006701,1,46287,46287
14.792636,1,5,6,50,5,16.666901,1.902500,2.799600,11.424800,1,46287,46287
14.809000,1,5,6,50,5,16.667002,2.390100,2.771500,17.079300,1,46287,46287
14.825623,1,5,6,50,5,16.666698,2.202600,2.790100,16.185301,1,46287,46287
14.842279,1,5,6,50,5,16.666800,1.759100,2.794500,16.681999,1,46287,46287
14.863213,1,5,6,46,4,16.667002,2.240900,2.767600,16.702499,1,45795,45795
14.875615,1,5,6,46,4,16.666800,6.413400,2.929400,20.996099,1,45795,45795
14.892295,1,5,6,46,4,16.666901,1.963200,2.597100,12.159000,1,45795,45795
14.908956,1,5,6,46,4,16.666901,2.098700,2.564700,16.738300,1,45795,45795
14.925602,1,5,6,46,4,16.666800,1.940900,2.623100,16.580601,1,45795,45795
14.942286,1,5,6,46,4,16.666901,2.027900,2.717300,16.694300,1,45795,45795
14.964463,1,5,6,44,3,16.667097,1.986100,2.728800,16.694201,1,45782,45782
14.975630,1,5,6,44,3,16.666901,7.486600,2.589700,22.340599,1,45782,45782
14.992291,1,5,6,44,3,16.666901,1.769300,3.336400,10.948600,1,45782,45782
15.008971,1,5,6,44,3,16.666901,1.758700,3.821400,16.691200,1,45782,45782
15.025635,1,5,6,44,3,16.666698,5.913600,3.409100,20.816900,1,45782,45782
15.042357,1,5,6,44,3,16.666702,2.119500,2.688300,13.206500,1,45782,45782
15.063521,1,5,6,42,1,16.666698,1.953300,2.661200,16.119801,1,46268,46268
15.075633,1,5,6,42,1,16.666698,6.473300,2.822800,21.293100,1,46268,46268
15.092324,1,5,6,42,1,16.666698,2.058100,2.625100,11.876300,1,46268,46268
15.108938,1,5,6,42,1,16.666901,1.881200,2.624800,16.742399,1,46268,46268
15.125604,1,5,6,42,1,16.666901,2.480800,2.762400,17.062901,1,46268,46268
15.142435,1,5,6,42,1,16.666800,1.793300,2.734900,16.209900,1,46268,46268
15.158941,1,5,6,42,1,16.666800,2.071700,3.090900,16.978001,1,46268,46268
15.175590,1,5,6,42,1,16.667101,2.202300,3.045500,16.309200,1,46268,46268
15.192285,1,5,6,42,1,16.666800,1.850200,2.597700,16.677900,1,46268,46268
15.208929,1,5,6,42,1,16.666901,2.000800,2.683400,16.666599,1,46268,46268
15.225590,1,5,6,42,1,16.666901,1.886900,2.568400,16.649200,1,46268,46268
15.242282,1,5,6,42,1,16.666698,1.694000,2.766500,16.740400,1,46268,46268
15.258936,1,5,6,42,1,16.666901,1.876500,2.825600,16.500700,1,46268,46268
15.275637,1,5,6,42,1,16.666901,1.819800,4.307900,17.099800,1,46268,46268
15.292314,1,5,6,42,1,16.666800,2.535800,2.902700,16.439301,1,46268,46268
15.313752,2,5,6,41,0,16.666897,2.355200,2.727700,16.674801,1,47773,47773
15.341358,2,5,6,41,0,32.436905,31.939699,2.727700,16.674801,1,47773,47773
15.358064,2,5,6,41,0,16.666800,2.445300,3.548400,8.188900,1,47773,47773
15.374710,2,5,6,41,0,16.666800,2.313500,3.391100,10.906700,1,47773,47773
15.391404,2,5,6,41,0,16.666800,2.545200,2.975100,16.576500,1,47773,47773
15.408048,2,5,6,41,0,16.666800,2.406200,3.030400,16.802799,1,47773,47773
15.424705,2,5,6,41,0,16.666901,2.378900,2.543900,16.773100,1,47773,47773
15.441390,2,5,6,41,0,16.666901,2.361300,2.634100,16.431101,1,47773,47773
15.458025,2,5,6,41,0,16.666698,2.556000,2.554400,16.681000,1,47773,47773
15.474702,2,5,6,41,0,16.666800,2.432800,2.843000,16.524300,1,47773,47773
15.492722,2,5,6,41,0,16.666901,2.251000,2.914700,16.716801,1,47773,47773
15.508053,2,5,6,41,0,16.666800,3.671100,3.580700,18.204599,1,47773,47773
15.524725,2,5,6,41,0,16.666901,2.566800,2.953800,15.297600,1,47773,47773
15.541376,2,5,6,41,0,16.666901,6.094500,3.005500,20.400101,1,47773,47773
15.558826,2,5,6,41,0,16.666901,2.796200,3.369700,12.945400,1,47773,47773
15.575656,0,6,6,0,0,16.666800,3.267000,3.084400,17.282101,1,8033,8033
15.601552,0,6,6,0,0,26.843399,26.761000,3.084400,17.282101,1,8033,8033
15.618221,0,6,6,0,0,16.666901,2.373300,3.478100,9.398200,1,8033,8033
15.635630,0,6,6,0,0,16.666698,2.075000,3.267600,9.641000,1,8033,8033
15.651589,0,6,6,0,0,16.666901,4.819000,2.644000,19.356701,1,8031,8031
15.668240,0,6,6,0,0,16.666901,2.523300,2.678000,14.038000,1,8031,8031
15.684885,0,6,6,0,0,16.666901,1.750700,2.779200,16.619499,1,8031,8031
15.701939,0,6,6,0,0,16.666698,2.044700,2.971700,16.539600,1,8031,8031
15.718214,0,6,6,0,0,16.666800,2.246100,2.609000,17.120300,1,8031,8031
15.734926,0,6,6,0,0,16.667002,2.143000,2.605400,16.282600,1,8031,8031
15.751551,0,6,6,0,0,16.666901,1.909400,2.680500,16.717800,1,8031,8031
15.768666,0,6,6,0,0,16.666901,2.069300,2.748700,16.669701,1,8031,8031
15.784943,0,6,6,0,0,16.666698,2.619200,2.505900,17.001499,1,8031,8031
15.801537,0,6,6,0,0,16.666698,1.832600,2.822700,16.274401,1,8031,8031
15.818262,0,6,6,0,0,16.666800,1.793700,2.611200,16.685101,1,8031,8031
15.836340,0,6,6,0,0,16.666800,4.029900,3.149800,18.326500,1,8029,8029
15.851582,0,6,6,0,0,16.666800,3.905500,2.651300,16.422899,1,8029,8029
15.868290,0,6,6,0,0,16.666901,1.933100,2.568600,15.301700,1,8029,8029
15.885011,0,6,6,0,0,16.676300,1.872000,4.051400,16.732100,1,8029,8029
16.001638,0,6,6,0,0,115.164505,2.618300,0.329000,16.681000,1,8029,8029
16.016842,0,6,6,0,0,16.666702,96.823799,3.193500,116.596703,1,8029,8029
16.033445,0,6,6,0,0,16.666698,2.644300,3.947500,15.784000,1,8029,8029
16.050503,0,6,6,0,0,16.666901,4.373500,3.459200,18.112499,1,8029,8029
16.066734,0,6,6,0,0,16.666698,2.816100,3.738300,15.009800,1,8029,8029
16.083402,0,6,6,0,0,16.666800,2.122500,2.679100,16.143299,1,8029,8029
16.101207,0,6,6,0,0,16.666800,1.774800,3.212000,16.700399,1,8028,8028
16.117140,0,6,6,0,0,16.666698,3.588300,3.867000,17.854500,1,8028,8028
16.133433,0,6,6,0,0,16.666901,2.991700,3.751400,16.433201,1,8028,8028
16.150062,0,6,6,0,0,16.666698,2.724600,3.233400,15.671300,1,8028,8028
16.166834,0,6,6,0,0,16.666702,1.975300,2.994800,16.684000,1,8028,8028
16.183451,0,6,6,0,0,16.666800,2.533600,3.157400,16.868299,1,8028,8028
16.200371,0,6,6,0,0,16.666897,2.065600,3.664300,16.610300,1,8028,8028
16.216731,0,6,6,0,0,16.666702,2.474900,3.116100,16.841801,1,8028,8028
16.233413,0,6,6,0,0,16.666901,1.773800,2.699300,16.336901,1,8028,8028
16.250123,0,6,6,0,0,16.666897,2.253700,3.513400,16.750601,1,8028,8028
16.266869,0,6,6,0,0,16.666901,1.919500,2.963800,16.642000,1,8028,8028
16.283573,0,6,6,0,0,16.666702,2.002700,2.837400,16.737301,1,8028,8028
16.300076,0,6,6,0,0,16.666698,2.020900,3.378600,16.818199,1,8028,8028
16.316762,0,6,6,0,0,16.666901,2.241100,3.127000,16.473101,1,8028,8028
16.333529,0,6,6,0,0,16.666800,1.967600,3.316600,16.646099,1,8028,8028
16.351091,0,6,6,0,0,16.666800,2.111900,2.818500,16.707600,1,8027,8027
16.366719,0,6,6,0,0,16.666800,3.284000,2.856000,17.602501,1,8027,8027
16.383441,0,6,6,0,0,16.666800,2.173800,3.044400,15.609900,1,8027,8027
16.400219,0,6,6,0,0,16.666800,2.146600,3.551200,16.684000,1,8027,8027
16.416740,0,6,6,0,0,16.666800,2.218600,3.062800,16.816200,1,8027,8027
16.433394,0,6,6,0,0,16.666800,1.926200,2.742900,16.545700,1,8027,8027
16.450052,0,6,6,0,0,16.666800,1.780100,2.822700,16.645201,1,8027,8027
16.466862,0,6,6,0,0,16.666698,1.828500,2.757600,16.634800,1,8027,8027
16.483385,0,6,6,0,0,16.666901,2.049100,2.624900,16.897100,1,8027,8027
16.500094,0,6,6,0,0,16.666901,2.070700,2.827400,16.393200,1,8027,8027
16.516734,0,6,6,0,0,16.666800,2.008200,3.132700,16.775200,1,8027,8027
16.533392,0,6,6,0,0,16.666698,2.497700,3.022000,16.720900,1,8027,8027
16.550216,0,6,6,0,0,16.666803,2.040600,2.765200,16.599001,1,8027,8027
16.566716,0,6,6,0,0,16.666698,3.746400,3.357300,18.247700,1,8027,8027
16.583381,0,6,6,0,0,16.666901,2.177900,3.019000,14.977000,1,8027,8027
16.601106,0,6,6,0,0,16.666698,1.644100,2.566400,16.705500,1,8027,8027
16.616877,0,6,6,0,0,16.666800,2.883200,3.252000,17.783800,1,8027,8027
16.633397,0,6,6,0,0,16.666800,2.046800,3.501600,15.712300,1,8027,8027
16.650184,0,6,6,0,0,16.688801,1.983000,2.721800,16.580601,1,8027,8027
16.666765,0,6,6,0,0,16.666901,2.260600,3.417000,16.805901,1,8027,8027
16.683612,0,6,6,0,0,16.666800,1.791100,2.756500,16.450600,1,8027,8027
16.700115,0,6,6,0,0,16.666800,2.160500,2.577900,16.937901,1,8027,8027
16.716757,0,6,6,0,0,16.666901,2.106500,3.408900,16.427000,1,8027,8027
16.733437,0,6,6,0,0,16.666800,1.875900,3.754800,16.734301,1,8027,8027
16.750266,0,6,6,0,0,16.666897,1.830600,3.052600,16.730101,1,8027,8027
16.766746,0,6,6,0,0,16.666803,2.191300,3.030400,16.762800,1,8027,8027
16.783417,0,6,6,0,0,16.666698,1.966100,2.621100,16.430099,1,8027,8027
16.800099,0,6,6,0,0,16.666698,1.900600,2.919900,16.716801,1,8027,8027
16.816970,0,6,6,0,0,16.666901,2.125900,2.879800,16.677900,1,8027,8027
16.833414,0,6,6,0,0,16.666800,2.220900,2.602600,16.931900,1,8027,8027
16.851220,0,6,6,0,0,16.666698,2.718200,3.233800,16.360399,1,8027,8027
16.866746,0,6,6,0,0,16.666800,2.982900,3.897700,17.707001,1,8027,8027
16.883478,0,6,6,0,0,16.667002,2.196700,3.522000,15.582200,1,8027,8027
16.901288,0,6,6,0,0,16.666901,1.766100,2.990500,16.743401,1,8027,8027
16.916783,0,6,6,0,0,16.666800,3.767100,3.352300,17.883200,1,8027,8027
16.933474,0,6,6,0,0,16.666698,2.310900,2.444000,15.430600,1,8027,8027
16.953200,1,6,6,41,4,16.666901,2.254500,3.430600,16.740400,1,30665,30665
16.989882,1,6,11,41,4,39.668198,39.185398,3.430600,16.740400,1,30665,30665
17.006541,1,6,11,41,4,16.666901,2.510300,3.807400,8.876000,1,30665,30665
17.023215,1,6,11,41,4,16.666702,2.390700,4.594500,10.086400,1,30665,30665
17.039901,1,6,11,41,4,16.666698,2.473400,5.100100,16.601101,1,30665,30665
17.059744,1,6,11,41,4,16.666998,2.632600,2.880700,16.530500,1,33858,33858
17.073199,1,6,11,41,4,16.666901,8.426700,3.603000,23.141300,1,33858,33858
17.089887,1,6,11,41,4,16.666901,2.122700,2.741000,10.224700,1,33858,33858
17.106490,1,6,11,41,4,16.666698,1.970300,2.951600,16.756701,1,33858,33858
17.123220,1,6,11,41,4,16.685904,1.856300,3.174900,16.539700,1,33858,33858
17.139892,1,6,11,41,4,16.666698,2.448600,3.759700,17.157101,1,33858,33858
17.159806,1,6,11,41,4,16.666800,2.092900,2.945100,16.279499,1,34077,34077
17.173204,1,6,11,41,4,16.666698,6.015500,3.711400,20.948000,1,34077,34077
17.189866,1,6,11,41,4,16.666800,2.189400,3.319300,12.346400,1,34077,34077
17.206522,1,6,11,41,4,16.666698,2.138100,3.785600,16.690100,1,34077,34077
17.223180,1,6,11,41,4,16.666800,2.099800,3.286700,16.594999,1,34077,34077
17.239843,1,6,11,41,4,16.666901,1.882400,3.423000,16.671700,1,34077,34077
17.260479,1,6,11,40,4,16.666901,2.513100,3.365500,16.674801,1,37581,37581
17.389932,1,6,11,39,4,128.947113,6.940200,0.329200,21.718100,1,38798,38798
17.524203,1,6,11,36,4,134.665298,109.261299,0.350500,129.971207,1,35718,35718
17.657371,1,6,10,34,4,133.295303,112.270699,0.346700,133.783493,1,34858,34858
17.670093,1,6,9,34,4,16.666901,115.547699,3.181400,135.261200,1,34858,34858
17.686775,1,6,9,34,4,16.666901,2.170700,3.252300,9.417700,1,34858,34858
17.703438,1,6,9,34,4,16.666897,1.879600,2.802800,16.702499,1,34858,34858
17.720123,1,6,9,34,4,16.666800,1.994100,2.837500,16.733200,1,34858,34858
17.736773,1,6,9,34,4,16.666702,2.150800,3.173200,16.708599,1,34858,34858
17.758186,1,6,9,33,4,16.666901,2.242000,3.249900,16.604099,1,35185,35185
17.770122,1,6,9,33,4,16.666800,7.470400,3.877900,22.394899,1,35185,35185
17.905117,1,6,9,32,4,131.021805,2.677900,0.346200,11.702300,1,35692,35692
17.917784,1,6,9,32,4,16.666698,114.081100,3.101400,134.791199,1,35692,35692
17.934433,1,6,9,32,4,16.666803,1.954600,2.916900,12.068800,1,35692,35692
17.951109,1,6,9,32,4,16.666800,1.749300,2.641100,16.646200,1,35692,35692
17.967814,1,6,9,32,4,16.666901,1.837200,2.825600,16.659401,1,35692,35692
17.984502,1,6,9,32,4,16.666800,2.037300,2.908100,16.710699,1,35692,35692
18.006092,1,6,9,30,4,16.666800,2.014800,3.450100,16.752600,1,35018,35018
18.017775,1,6,8,30,4,16.666698,7.830500,4.958200,22.298599,1,35018,35018
18.034470,1,6,8,30,4,16.666800,2.314600,3.119200,10.993700,1,35018,35018
18.051158,1,6,8,30,4,16.680698,1.929300,3.041000,16.726000,1,35018,35018
18.067796,1,6,8,30,4,16.666800,2.003300,3.267800,16.917500,1,35018,35018
18.084477,1,6,8,30,4,16.666800,2.229000,3.519800,16.397400,1,35018,35018
18.104798,1,6,8,29,4,16.666702,1.895400,3.475500,16.940001,1,34024,34024
18.117840,1,6,8,29,4,16.666800,6.210500,2.867800,20.831200,1,34024,34024
18.261783,1,6,8,26,4,139.197906,3.099000,0.352900,13.989900,1,34877,34877
18.273773,1,6,6,26,4,16.666901,121.364403,3.332300,147.582993,1,34877,34877
18.290380,1,6,6,26,4,16.666800,2.143200,3.647100,14.417900,1,34877,34877
18.306985,1,6,6,26,4,16.666702,2.054000,3.039400,10.168300,1,34877,34877
18.323664,1,6,6,26,4,16.666800,2.360400,3.253700,15.134700,1,34877,34877
18.340309,1,6,6,26,4,16.666800,1.886300,2.833200,16.930901,1,34877,34877
18.360419,1,6,6,26,4,16.666698,1.942600,2.687200,16.551901,1,34209,34209
18.373663,1,6,6,26,4,16.666800,6.040100,3.127600,20.663300,1,34209,34209
18.390333,1,6,6,26,4,16.666901,1.878200,2.831800,16.705601,1,34209,34209
18.407000,1,6,6,26,4,16.666901,1.663400,2.888800,12.724200,1,34209,34209
18.423669,1,6,6,26,4,16.666998,1.735500,2.549700,16.497601,1,34209,34209
18.440361,1,6,6,26,4,16.667002,1.952200,2.858600,16.646200,1,34209,34209
18.460230,1,6,6,26,4,16.666901,1.967100,3.436100,16.696301,1,33715,33715
18.473655,1,6,6,26,4,16.666901,5.608900,3.234800,20.336599,1,33715,33715
18.490325,1,6,6,26,4,16.666800,2.097400,3.358800,13.046800,1,33715,33715
18.507009,1,6,6,26,4,16.666800,2.409600,3.029700,16.642099,1,33715,33715
18.523651,1,6,6,26,4,16.666800,2.240900,2.638700,16.593901,1,33715,33715
18.540399,1,6,6,26,4,16.666800,1.905400,2.465400,16.668699,1,33715,33715
18.560398,1,6,6,26,4,16.666698,2.044300,2.878100,16.799700,1,33370,33370
18.573677,1,6,6,26,4,16.666803,5.855900,2.782000,20.529200,1,33370,33370
18.590307,1,6,6,26,4,16.666800,1.922800,3.072100,12.760000,1,33370,33370
18.606993,1,6,6,26,4,16.666897,1.821900,2.656900,16.561199,1,33370,33370
18.623639,1,6,6,26,4,16.666702,1.895100,2.999400,16.835600,1,33370,33370
18.640317,1,6,6,26,4,16.666698,2.071200,3.175800,16.527300,1,33370,33370
18.660199,1,6,6,25,4,16.666800,1.754100,2.738500,16.675900,1,33534,33534
18.673698,1,6,6,25,4,16.666800,5.403400,3.124200,20.355000,1,33534,33534
18.690317,1,6,6,25,4,16.666698,1.986700,2.757600,13.025300,1,33534,33534
18.707070,1,6,6,25,4,16.666901,1.960900,3.114900,16.676901,1,33534,33534
18.723635,1,6,6,25,4,16.666901,2.021400,2.885000,16.817101,1,33534,33534
18.740340,1,6,6,25,4,16.666901,1.895800,3.175300,16.485399,1,33534,33534
18.761200,1,6,6,25,4,16.666901,2.128000,2.835800,16.792601,1,33208,33208
18.773741,1,6,6,25,4,16.666698,6.757000,2.853000,21.250000,1,33208,33208
18.790454,1,6,6,25,4,16.679001,4.722900,2.940600,14.821400,1,33208,33208
18.807000,1,6,6,25,4,16.666698,2.380400,3.297800,14.115900,1,33208,33208
18.823681,1,6,6,25,4,16.666800,2.033200,2.844900,16.413601,1,33208,33208
18.840482,1,6,6,25,4,16.666901,2.146100,2.841400,16.663601,1,33208,33208
18.860342,1,6,6,23,4,16.666901,2.356400,3.341800,17.008600,1,32690,32690
18.873696,1,6,5,23,4,16.666800,5.822500,3.239200,20.200500,1,32690,32690
18.890336,1,6,5,23,4,16.666901,1.975300,2.696300,12.799000,1,32690,32690
18.907008,1,6,5,23,4,16.666800,2.068000,2.854700,16.602100,1,32690,32690
18.923688,1,6,5,23,4,16.666901,2.037900,2.792700,16.602100,1,32690,32690
18.940327,1,6,5,23,4,16.666698,1.837200,2.837200,16.812000,1,32690,32690
18.960320,1,6,5,22,4,16.667101,1.914900,3.047600,16.655399,1,32364,32364
18.973646,1,6,4,22,4,16.666800,5.971500,3.112400,20.483101,1,32364,32364
18.990361,1,6,4,22,4,16.666901,2.110200,2.648000,12.684200,1,32364,32364
19.007012,1,6,4,22,4,16.666800,1.961300,3.323400,16.744499,1,32364,32364
19.023676,1,6,4,22,4,16.666901,2.231800,3.469700,16.777201,1,32364,32364
19.040326,1,6,4,22,4,16.666698,2.487400,2.965700,16.612400,1,32364,32364
19.060384,1,6,4,22,4,16.666901,1.885600,2.551900,16.565201,1,32204,32204
19.073676,1,6,4,22,4,16.666698,5.552000,3.446800,20.584499,1,32204,32204
19.090360,1,6,4,22,4,16.666800,2.472800,2.742300,12.866500,1,32204,32204
19.106982,1,6,4,22,4,16.666901,1.999800,2.811200,16.671801,1,32204,32204
19.123663,1,6,4,22,4,16.666698,2.050800,2.493600,16.526300,1,32204,32204
19.140333,1,6,4,22,4,16.666800,1.707800,2.549600,16.750601,1,32204,32204
19.160350,1,6,4,22,4,16.666702,1.830300,2.703600,16.711700,1,31876,31876
19.173689,1,6,4,22,4,16.666897,5.580700,2.887000,20.252600,1,31876,31876
19.190355,1,6,4,22,4,16.666800,2.285300,2.686200,13.054000,1,31876,31876
19.207022,1,6,4,22,4,16.666803,1.999600,2.765600,16.588800,1,31876,31876
19.223674,1,6,4,22,4,16.666800,2.134200,3.050000,16.784401,1,31876,31876
19.240382,1,6,4,22,4,16.666800,2.330100,2.806300,16.577499,1,31876,31876
19.259999,1,6,4,22,4,16.666800,2.179400,3.209100,16.989201,1,31370,31370
19.273713,1,6,4,22,4,16.666698,5.190700,2.721000,19.719200,1,31370,31370
19.290367,1,6,4,22,4,16.666698,2.534200,3.089300,14.029800,1,31370,31370
19.307041,1,6,4,22,4,16.666698,4.676900,2.860400,18.764799,1,31370,31370
19.323698,1,6,4,22,4,16.666901,2.019400,2.782800,13.943800,1,31370,31370
19.340350,1,6,4,22,4,16.666800,2.067100,2.567700,16.607201,1,31370,31370
19.360067,1,6,4,21,4,16.666901,1.789500,2.748100,16.675900,1,32036,32036
19.373690,1,6,4,21,4,16.670301,5.643900,2.806900,20.115400,1,32036,32036
19.390324,1,6,4,21,4,16.666800,2.090200,2.693400,13.203500,1,32036,32036
19.406981,1,6,4,21,4,16.666800,1.883500,2.697400,16.610300,1,32036,32036
19.423746,1,6,4,21,4,16.666800,1.992500,2.646400,16.573400,1,32036,32036
19.440329,1,6,4,21,4,16.666901,2.003600,2.677900,16.891899,1,32036,32036
19.460396,1,6,4,20,4,16.666901,1.929300,2.608500,16.516100,1,32026,32026
19.473689,1,6,4,20,4,16.666698,5.888000,3.076400,20.617201,1,32026,32026
19.490348,1,6,4,20,4,16.666698,2.103700,3.191700,12.760100,1,32026,32026
19.507098,1,6,4,20,4,16.666800,1.754900,3.359300,16.645100,1,32026,32026
19.523730,1,6,4,20,4,16.666698,2.334700,4.398800,16.872499,1,32026,32026
19.540481,1,6,4,20,4,16.667002,2.446800,2.832200,16.642000,1,32026,32026
19.560490,1,6,4,19,4,16.667101,2.238200,3.776500,16.828400,1,31184,31184
19.573717,1,6,4,19,4,16.666800,6.150400,3.503900,20.415501,1,31184,31184
19.590379,1,6,4,19,4,16.666901,2.344500,2.787400,12.715000,1,31184,31184
19.607019,1,6,4,19,4,16.666698,2.214400,3.118300,16.849899,1,31184,31184
19.623713,1,6,4,19,4,16.666698,2.327800,2.876100,16.449600,1,31184,31184
19.640349,1,6,4,19,4,16.666800,1.838000,2.703900,16.636900,1,31184,31184
19.660554,1,6,4,18,4,16.666698,1.953600,3.416500,16.684000,1,30850,30850
19.673725,1,6,3,18,4,16.666702,5.958500,3.861800,20.560900,1,30850,30850
19.690379,1,6,3,18,4,16.666698,2.192100,3.088200,12.776500,1,30850,30850
19.707049,1,6,3,18,4,16.666698,2.397900,2.593900,16.678900,1,30850,30850
19.723694,1,6,3,18,4,16.666901,2.199700,3.019600,16.585699,1,30850,30850
19.740375,1,6,3,18,4,16.666800,2.198500,3.163800,16.680000,1,30850,30850
19.761495,1,6,3,18,4,16.666901,1.793000,2.870100,16.788401,1,30521,30521
19.773705,1,6,3,18,4,16.666901,6.995100,2.932800,21.586000,1,30521,30521
19.790351,1,6,3,18,4,16.666901,2.159700,3.125600,11.626500,1,30521,30521
19.807024,1,6,3,18,4,16.666800,2.051700,2.698600,16.647100,1,30521,30521
19.823685,1,6,3,18,4,16.666698,4.566300,2.827400,19.294201,1,30521,30521
19.840356,1,6,3,18,4,16.666800,2.237500,2.521800,14.078000,1,30521,30521
19.860233,1,6,3,18,4,16.666800,2.046200,2.968500,16.632799,1,31358,31358
19.873687,1,6,3,18,4,16.666800,5.369400,3.010700,20.302900,1,31358,31358
19.890415,1,6,3,18,4,16.666800,2.091800,2.974700,13.065200,1,31358,31358
19.907023,1,6,3,18,4,16.666901,2.007200,2.734900,16.715799,1,31358,31358
19.923680,1,6,3,18,4,16.666901,1.995700,2.829600,16.546801,1,31358,31358
19.940365,1,6,3,18,4,16.666800,1.947000,2.980900,16.691200,1,31358,31358
19.961613,1,6,3,17,4,16.666800,1.885600,3.433000,16.721901,1,32029,32029
19.973890,1,6,3,17,4,16.666698,7.069500,2.892600,21.574699,1,32029,32029
19.990374,1,6,3,17,4,16.666800,2.191600,2.896500,12.077000,1,32029,32029
20.007007,1,6,3,17,4,16.666702,2.093800,2.665600,16.333799,1,32029,32029
20.023672,1,6,3,17,4,16.666901,2.232900,2.566000,16.623600,1,32029,32029
20.048832,1,6,3,17,4,25.132399,24.667801,2.566000,16.623600,1,32029,32029
20.069656,1,6,3,17,4,16.666698,2.509300,4.513900,6.795200,1,30859,30859
20.082274,1,6,3,17,4,16.684498,7.033300,3.866400,16.914499,1,30859,30859
20.098851,1,6,3,17,4,16.666702,2.424100,2.881000,12.294100,1,30859,30859
20.115533,1,6,3,17,4,16.666800,1.921100,3.315100,16.310301,1,30859,30859
20.132223,1,6,3,17,4,16.666698,1.903200,2.765000,16.743401,1,30859,30859
20.148861,1,6,3,17,4,16.666901,2.227900,2.582900,16.698400,1,30859,30859
20.168541,1,6,3,14,4,16.666800,1.866600,2.582000,16.628700,1,30677,30677
20.182220,1,6,2,14,4,16.666901,5.136200,2.717900,19.900400,1,30677,30677
20.198860,1,6,2,14,4,16.666698,1.845900,2.753900,13.454400,1,30677,30677
20.215524,1,6,2,14,4,16.666698,2.011800,2.608700,16.618500,1,30677,30677
20.232209,1,6,2,14,4,16.666698,1.973600,2.699100,16.658400,1,30677,30677
20.248823,1,6,2,14,4,16.666800,2.090700,2.730000,16.692301,1,30677,30677
20.268435,1,6,2,14,4,16.666803,1.733200,2.509100,16.565201,1,29673,29673
20.282153,1,6,2,14,4,16.666698,4.934400,2.863700,19.930099,1,29673,29673
20.298851,1,6,2,14,4,16.666901,2.680200,2.596900,13.869100,1,29673,29673
20.315553,1,6,2,14,4,16.666901,2.037900,2.542300,16.211901,1,29673,29673
20.332220,1,6,2,14,4,16.666897,5.016200,3.360200,20.007999,1,29673,29673
20.348844,1,6,2,14,4,16.666702,2.355400,2.979200,13.565900,1,29673,29673
20.368565,1,6,2,14,4,16.666698,1.982400,2.483200,16.441401,1,29003,29003
20.382197,1,6,2,14,4,16.666901,5.191400,2.688700,20.004801,1,29003,29003
20.398849,1,6,2,14,4,16.666800,2.182300,2.616600,13.380700,1,29003,29003
20.415530,1,6,2,14,4,16.666901,1.819000,2.642900,16.714701,1,29003,29003
20.432247,1,6,2,14,4,16.666800,1.785900,2.705900,16.626699,1,29003,29003
20.448808,1,6,2,14,4,16.666901,2.209200,3.230300,16.776199,1,29003,29003
20.468535,1,6,2,14,4,16.666800,1.854500,2.706000,16.434200,1,29005,29005
20.482198,1,6,2,14,4,16.666901,5.274900,3.091000,20.086700,1,29005,29005
20.498840,1,6,2,14,4,16.666998,1.807600,2.589300,13.281300,1,29005,29005
20.515513,1,6,2,14,4,16.666702,1.763700,2.792600,16.709700,1,29005,29005
20.532215,1,6,2,14,4,16.666698,1.910500,2.685600,16.669701,1,29005,29005
20.548856,1,6,2,14,4,16.666901,2.087200,2.631200,16.629700,1,29005,29005
20.568537,1,6,2,13,3,16.666901,1.851400,3.534500,16.749599,1,29663,29663
20.582375,1,6,2,13,3,16.746998,5.412400,2.951200,19.947500,1,29663,29663
20.598918,1,6,2,13,3,16.666800,1.821900,2.363600,13.590500,1,29663,29663
20.615579,1,6,2,13,3,16.666800,1.645500,2.668000,16.447500,1,29663,29663
20.632275,1,6,2,13,3,16.666702,1.781800,2.657200,16.887800,1,29663,29663
20.648972,1,6,2,13,3,16.666897,1.783100,2.711500,16.520201,1,29663,29663
20.668656,1,6,2,13,3,16.666702,1.815600,2.442000,16.642099,1,29672,29672
20.682326,1,6,2,13,3,16.666998,5.117700,2.768000,20.158501,1,29672,29672
20.699090,1,6,2,13,3,16.666901,2.182700,2.613500,13.279200,1,29672,29672
20.715581,1,6,2,13,3,16.666901,2.090400,2.932800,16.815100,1,29672,29672
20.732262,1,6,2,13,3,16.666800,1.829400,2.714900,16.393200,1,29672,29672
20.748913,1,6,2,13,3,16.666702,1.874200,2.657200,16.734200,1,29672,29672
20.768432,1,6,2,13,3,16.666800,1.778300,2.245500,16.570400,1,29178,29178
20.782292,1,6,2,13,3,16.666897,4.840200,2.957100,20.005899,1,29178,29178
20.798904,1,6,2,13,3,16.666901,2.260100,2.634100,13.303800,1,29178,29178
20.815620,1,6,2,13,3,16.666702,1.620400,2.761700,16.689100,1,29178,29178
20.832291,1,6,2,13,3,16.666800,4.588000,2.919400,19.336201,1,29178,29178
20.848920,1,6,2,13,3,16.666800,2.050100,2.750100,14.007300,1,29178,29178
20.868394,1,6,2,13,3,16.666901,1.731600,2.502700,16.460800,1,29845,29845
20.882269,1,6,2,13,3,16.666698,5.019400,2.647600,19.904499,1,29845,29845
20.898947,1,6,2,13,3,16.666901,1.935100,3.002000,13.675500,1,29845,29845
20.915585,1,6,2,13,3,16.666901,2.003800,2.503200,16.647200,1,29845,29845
20.932293,1,6,2,13,3,16.666698,1.975600,2.811800,16.623600,1,29845,29845
20.948898,1,6,2,13,3,16.666698,1.927300,2.524700,16.683001,1,29845,29845
20.965592,1,6,2,13,3,16.666698,1.656700,2.829700,16.607300,1,29845,29845
20.982355,1,6,2,13,3,16.666800,1.980800,3.095300,16.658400,1,29845,29845
20.998999,1,6,2,13,3,16.684700,2.187700,4.361000,16.938000,1,29845,29845
21.015680,1,6,2,13,3,16.666800,2.119200,3.315300,16.435200,1,29845,29845
21.032314,1,6,2,13,3,16.666901,2.125000,3.303100,16.961500,1,29845,29845
21.048970,1,6,2,13,3,16.666702,3.169100,3.223500,16.509001,1,29845,29845
21.065639,1,6,2,13,3,16.666698,2.099400,3.046600,16.590799,1,29845,29845
21.082869,1,6,2,13,3,17.152998,2.101300,3.185900,16.661501,1,29845,29845
21.099444,1,6,2,13,3,16.666901,2.198500,4.094900,17.607700,1,29845,29845
21.119231,2,6,2,13,0,16.666800,2.981100,3.274100,16.235500,1,28664,28664
21.151729,2,6,2,13,0,35.622501,34.923302,3.274100,16.235500,1,28664,28664
21.168579,2,6,2,13,0,16.666698,2.704100,4.505100,7.855100,1,28664,28664
21.185021,2,6,2,13,0,16.666800,2.810600,2.830900,11.604000,1,28664,28664
21.201698,2,6,2,13,0,16.666901,2.337000,2.907200,16.299999,1,28664,28664
21.218361,2,6,2,13,0,16.666800,2.466300,3.165300,16.718901,1,28664,28664
21.235033,2,6,2,13,0,16.666702,2.141800,3.216100,16.650200,1,28664,28664
21.251737,2,6,2,13,0,16.666698,2.208900,3.840100,16.840700,1,28664,28664
21.268375,2,6,2,13,0,16.666901,2.481000,3.157800,16.878599,1,28664,28664
21.285081,2,6,2,13,0,16.666901,2.419600,3.065200,16.349199,1,28664,28664
21.303165,2,6,2,13,0,16.666897,2.760500,3.703600,17.110001,1,28664,28664
21.318461,2,6,2,13,0,16.667002,3.816400,2.999000,17.676300,1,28664,28664
21.335090,2,6,2,13,0,16.666698,5.082000,3.632900,17.976299,1,28664,28664
21.351725,2,6,2,13,0,16.667002,2.431700,3.145200,13.915100,1,28664,28664
21.369845,0,7,2,0,0,16.666800,2.242300,2.699500,16.652300,1,7056,7056
21.399940,0,7,6,0,0,31.595200,31.380400,2.699500,16.652300,1,7056,7056
21.416595,0,7,6,0,0,16.666901,2.127400,3.449500,9.432100,1,7056,7056
21.434171,0,7,6,0,0,16.666901,1.869300,2.809500,9.388000,1,7056,7056
21.450000,0,7,6,0,0,16.666698,4.463300,2.639300,19.108900,1,7203,7203
21.466585,0,7,6,0,0,16.666800,2.161400,3.562500,14.312400,1,7203,7203
21.483239,0,7,6,0,0,16.666800,2.167800,2.774700,16.786501,1,7203,7203
21.501086,0,7,6,0,0,16.666901,1.679100,3.376400,16.370701,1,7203,7203
21.516558,0,7,6,0,0,16.666901,2.777600,3.133300,17.914801,1,7203,7203
21.533298,0,7,6,0,0,16.667002,1.719100,2.948900,15.600700,1,7203,7203
21.549908,0,7,6,0,0,16.666698,1.911000,2.474600,16.585699,1,7203,7203
21.566578,0,7,6,0,0,16.666901,1.985800,2.656000,16.722900,1,7203,7203
21.584274,0,7,6,0,0,16.666698,1.853500,2.577300,16.505899,1,7203,7203
21.599944,0,7,6,0,0,16.666800,2.951200,2.486800,17.776600,1,7203,7203
21.616564,0,7,6,0,0,16.666698,1.905300,2.637600,15.603800,1,7203,7203
21.634330,0,7,6,0,0,16.666803,3.416500,2.520700,18.425800,1,7204,7204
21.650827,0,7,6,0,0,16.666800,3.502100,2.901800,15.984700,1,7204,7204
21.666564,0,7,6,0,0,16.666698,2.589000,3.227200,16.472000,1,7204,7204
21.683237,0,7,6,0,0,16.666800,1.623600,2.688600,15.737900,1,7204,7204
21.809099,0,7,6,0,0,124.085297,1.614300,0.267900,16.698299,1,7204,7204
21.823981,0,7,6,0,0,16.666901,106.052200,3.164700,125.852699,1,7204,7204
21.840663,0,7,6,0,0,16.666901,3.192000,3.327100,16.269300,1,7204,7204
21.857858,0,7,6,0,0,16.666800,1.947000,2.934700,15.269900,1,7204,7204
21.873983,0,7,6,0,0,16.666800,2.536400,3.089100,17.225700,1,7204,7204
21.892128,0,7,6,0,0,16.666901,1.742300,2.870700,16.048201,1,7201,7201
21.907352,0,7,6,0,0,16.666901,3.580900,2.445200,18.281401,1,7201,7201
21.924120,0,7,6,0,0,16.666698,1.643000,2.608600,15.175700,1,7201,7201
21.940660,0,7,6,0,0,16.666901,2.119600,2.806700,16.700399,1,7201,7201
21.957406,0,7,6,0,0,16.667002,1.467800,2.880600,16.540701,1,7201,7201
21.974000,0,7,6,0,0,16.666800,1.942400,3.336300,16.800800,1,7201,7201
21.991060,0,7,6,0,0,16.666897,2.003500,2.644500,16.642000,1,7201,7201
22.007325,0,7,6,0,0,16.666702,2.127600,4.570900,17.259501,1,7201,7201
22.024000,0,7,6,0,0,16.666698,2.211400,2.597000,15.968300,1,7201,7201
22.040707,0,7,6,0,0,16.666800,1.528500,2.406300,16.659500,1,7201,7201
22.057352,0,7,6,0,0,16.666901,1.874300,2.846500,16.706499,1,7201,7201
22.077951,1,7,6,48,4,16.666800,1.603500,2.712600,16.712700,1,27836,27836
22.113022,1,7,12,48,4,38.970898,38.567200,2.712600,16.712700,1,27836,27836
22.129819,1,7,12,48,4,16.666800,2.195600,3.300100,9.235500,1,27836,27836
22.146350,1,7,12,48,4,16.666901,2.018100,3.168000,9.574400,1,27836,27836
22.163030,1,7,12,48,4,16.666901,1.740800,2.914300,16.486401,1,27836,27836
22.182697,1,7,12,48,4,16.666698,1.645300,3.221800,16.777201,1,34193,34193
22.196393,1,7,12,48,4,16.666702,4.965000,2.825200,19.754000,1,34193,34193
22.213034,1,7,12,48,4,16.666698,2.029600,2.571700,13.514700,1,34193,34193
22.229727,1,7,12,48,4,16.666901,1.847600,3.114000,16.624701,1,34193,34193
22.246352,1,7,12,48,4,16.666698,1.727100,2.556700,16.777201,1,34193,34193
22.263010,1,7,12,48,4,16.666800,1.881700,2.786800,16.627701,1,34193,34193
22.283851,1,7,12,48,4,16.666901,1.969500,3.218400,16.583700,1,40519,40519
22.296394,1,7,12,48,4,16.666901,6.448700,2.904300,21.454800,1,40519,40519
22.313043,1,7,12,48,4,16.666901,2.327000,2.804200,12.418100,1,40519,40519
22.329717,1,7,12,48,4,16.666800,1.767300,2.962800,16.226299,1,40519,40519
22.346394,1,7,12,48,4,16.666800,4.756500,3.015900,19.491800,1,40519,40519
22.363033,1,7,12,48,4,16.666800,2.068800,3.234400,13.888500,1,40519,40519
22.384005,1,7,12,47,4,16.666901,2.029800,3.121700,16.752701,1,41226,41226
22.522597,1,7,11,46,4,137.207199,6.978700,0.303200,21.609501,1,42932,42932
22.533655,1,7,10,46,4,16.666800,116.042999,3.208600,138.837997,1,42932,42932
22.550267,1,7,10,46,4,16.666698,2.007500,2.720100,9.981900,1,42932,42932
22.566938,1,7,10,46,4,16.666698,1.807900,3.119400,16.696301,1,42932,42932
22.583664,1,7,10,46,4,16.666803,2.021100,3.027700,16.649300,1,42932,42932
22.600359,1,7,10,46,4,16.666800,2.069900,3.000400,16.843700,1,42932,42932
22.621367,1,7,10,46,4,16.666698,2.295100,3.485300,16.648199,1,42716,42716
22.633638,1,7,10,46,4,16.666901,7.310200,4.031800,21.565500,1,42716,42716
22.650367,1,7,10,46,4,16.666800,2.283400,2.819600,11.770800,1,42716,42716
22.666984,1,7,10,46,4,16.666698,2.412200,3.302300,16.730200,1,42716,42716
22.683580,1,7,10,46,4,16.666901,2.045200,3.224600,16.680901,1,42716,42716
22.700277,1,7,10,46,4,16.666800,2.243500,3.391100,16.544800,1,42716,42716
22.722066,1,7,10,45,4,16.666800,2.300900,3.655700,16.713699,1,40446,40446
22.733651,1,7,10,45,4,16.666901,7.809100,3.199000,22.213699,1,40446,40446
22.750301,1,7,10,45,4,16.666901,2.052900,2.788700,11.114500,1,40446,40446
22.766952,1,7,10,45,4,16.666901,1.970200,3.850800,16.717800,1,40446,40446
22.783583,1,7,10,45,4,16.666800,2.086600,3.343800,16.655399,1,40446,40446
22.800253,1,7,10,45,4,16.666800,2.215200,3.674500,16.595900,1,40446,40446
22.820975,1,7,10,42,4,16.666800,1.912600,3.108000,16.650299,1,39933,39933
22.833619,1,7,9,42,4,16.666901,6.648200,3.003100,21.314501,1,39933,39933
22.850337,1,7,9,42,4,16.666698,5.268000,3.420100,15.237200,1,39933,39933
22.866936,1,7,9,42,4,16.666698,2.270600,3.207800,13.501400,1,39933,39933
22.883589,1,7,9,42,4,16.666800,2.271900,2.924100,16.642099,1,39933,39933
22.900277,1,7,9,42,4,16.666901,1.930900,3.276300,16.619499,1,39933,39933
22.920839,1,7,9,42,4,16.666800,2.249300,3.108400,16.717800,1,38761,38761
22.933602,1,7,9,42,4,16.666698,6.613600,3.071200,21.439501,1,38761,38761
22.950280,1,7,9,42,4,16.666702,2.048300,3.154500,11.887600,1,38761,38761
22.966936,1,7,9,42,4,16.666698,2.113900,3.633300,16.656401,1,38761,38761
22.983609,1,7,9,42,4,16.666901,2.182100,3.589400,16.715799,1,38761,38761
23.000320,1,7,9,42,4,16.667002,2.316100,3.138300,16.712700,1,38761,38761
23.020549,1,7,9,42,4,16.666897,2.252600,3.244900,16.761801,1,39096,39096
23.033685,1,7,9,42,4,16.666800,6.107100,3.186900,20.634600,1,39096,39096
23.050288,1,7,9,42,4,16.666901,2.066900,3.108800,12.631100,1,39096,39096
23.067032,1,7,9,42,4,16.668003,1.989500,3.322500,16.615400,1,39096,39096
23.083612,1,7,9,42,4,16.666800,2.382200,2.984400,16.791599,1,39096,39096
23.100289,1,7,9,42,4,16.666698,2.097400,3.025100,16.489401,1,39096,39096
23.121200,1,7,9,40,4,16.666800,2.089400,3.242600,16.639000,1,41262,41262
23.133596,1,7,9,40,4,16.666800,7.029500,3.715400,21.607401,1,41262,41262
23.150294,1,7,9,40,4,16.666901,2.369300,3.355800,11.717700,1,41262,41262
23.166943,1,7,9,40,4,16.666901,2.123500,3.318000,16.707500,1,41262,41262
23.183586,1,7,9,40,4,16.666800,2.095600,3.642400,16.708700,1,41262,41262
23.200261,1,7,9,40,4,16.667002,2.183600,2.881500,16.572399,1,41262,41262
23.220668,1,7,9,39,4,16.666998,2.112200,2.874500,16.772100,1,39109,39109
23.233574,1,7,8,39,4,16.666702,6.111100,3.217000,20.674601,1,39109,39109
23.250338,1,7,8,39,4,16.666897,1.838100,2.774000,12.528600,1,39109,39109
23.266952,1,7,8,39,4,16.666702,2.239000,3.075600,16.880600,1,39109,39109
23.283580,1,7,8,39,4,16.666698,2.147300,2.932500,16.548901,1,39109,39109
23.300282,1,7,8,39,4,16.666800,2.154300,3.073500,16.658400,1,39109,39109
23.320862,1,7,8,38,4,16.666901,2.551700,3.462000,17.205299,1,39789,39789
23.333634,1,7,8,38,4,16.666698,6.697200,3.538800,20.925400,1,39789,39789
23.350275,1,7,8,38,4,16.666800,5.529700,3.100100,15.055900,1,39789,39789
23.366935,1,7,8,38,4,16.666901,2.231800,3.237000,13.425700,1,39789,39789
23.383608,1,7,8,38,4,16.666800,2.028100,3.055000,16.711599,1,39789,39789
23.400281,1,7,8,38,4,16.666698,2.183700,3.694800,16.674801,1,39789,39789
23.420995,1,7,8,38,4,16.666698,1.977600,2.902000,16.580700,1,41809,41809
23.433569,1,7,8,38,4,16.667002,6.682300,3.011300,21.534700,1,41809,41809
23.450294,1,7,8,38,4,16.666800,2.087600,3.058400,11.730900,1,41809,41809
23.466947,1,7,8,38,4,16.666901,2.098200,3.396400,16.938000,1,41809,41809
23.483637,1,7,8,38,4,16.666901,2.140900,3.142600,16.714800,1,41809,41809
23.500269,1,7,8,38,4,16.666800,2.111200,3.477800,16.624599,1,41809,41809
23.521097,1,7,8,35,4,16.666901,2.140500,3.104900,16.478201,1,41123,41123
23.533631,1,7,8,35,4,16.666901,7.030300,3.180300,21.969900,1,41123,41123
23.550286,1,7,8,35,4,16.666901,2.041300,3.022100,11.521000,1,41123,41123
23.566928,1,7,8,35,4,16.666901,2.169900,3.515800,16.578600,1,41123,41123
23.583620,1,7,8,35,4,16.666800,1.949400,3.107300,16.546801,1,41123,41123
23.600300,1,7,8,35,4,16.666800,2.209000,3.808800,16.804899,1,41123,41123
23.620655,1,7,8,33,4,16.666901,1.966100,3.087100,16.586700,1,39416,39416
23.633596,1,7,8,33,4,16.666800,6.605900,2.969200,21.080099,1,39416,39416
23.650270,1,7,8,33,4,16.666800,2.087200,2.695400,12.167200,1,39416,39416
23.666916,1,7,8,33,4,16.666698,2.039300,3.112900,16.790501,1,39416,39416
23.683608,1,7,8,33,4,16.666698,2.409100,2.960500,16.628700,1,39416,39416
23.700295,1,7,8,33,4,16.667002,2.174700,3.406100,16.875601,1,39416,39416
23.720570,1,7,8,32,4,16.666800,1.892900,2.861000,16.409599,1,36930,36930
23.733576,1,7,7,32,4,16.666800,5.874300,2.964900,20.825001,1,36930,36930
23.750300,1,7,7,32,4,16.666800,1.892700,3.018200,12.429400,1,36930,36930
23.766915,1,7,7,32,4,16.666698,1.856000,3.181300,16.785400,1,36930,36930
23.783594,1,7,7,32,4,16.666803,1.806100,2.710600,16.628700,1,36930,36930
23.800251,1,7,7,32,4,16.666897,2.220600,3.016100,16.713699,1,36930,36930
23.820551,1,7,7,28,4,16.666901,2.055000,2.823500,16.576500,1,37922,37922
23.833664,1,7,6,28,4,16.666800,5.967100,2.999700,20.903000,1,37922,37922
23.850272,1,7,6,28,4,16.666800,4.836100,3.049500,15.436800,1,37922,37922
23.866909,1,7,6,28,4,16.666800,2.149200,2.767300,13.674400,1,37922,37922
23.883694,1,7,6,28,4,16.666901,1.820500,3.127800,16.588800,1,37922,37922
23.900279,1,7,6,28,4,16.666702,2.255300,2.872100,16.827400,1,37922,37922
23.923173,1,7,6,27,4,16.666800,2.091000,2.593600,16.617500,1,35588,35588
23.933597,1,7,5,27,4,16.666998,9.398300,3.035200,24.101900,1,35588,35588
23.950269,1,7,5,27,4,16.666702,1.825500,3.350000,9.183200,1,35588,35588
23.966900,1,7,5,27,4,16.666800,2.014400,2.959400,16.726000,1,35588,35588
23.983595,1,7,5,27,4,16.666800,1.911600,2.491300,16.536600,1,35588,35588
24.000255,1,7,5,27,4,16.666800,1.997700,2.571500,16.775200,1,35588,35588
24.020435,1,7,5,27,4,16.666901,1.948100,2.971400,16.632799,1,35902,35902
24.033588,1,7,5,27,4,16.666800,5.824600,4.712700,20.688900,1,35902,35902
24.050329,1,7,5,27,4,16.666901,2.234100,3.482000,13.469700,1,35902,35902
24.066993,1,7,5,27,4,16.666698,2.398100,3.384900,15.769600,1,35902,35902
24.083851,1,7,5,27,4,16.666800,2.140700,2.939800,16.885799,1,35902,35902
24.100336,1,7,5,27,4,16.666698,2.606500,3.884700,16.951300,1,35902,35902
24.124412,1,7,5,26,4,16.666800,2.350500,5.258700,17.673201,1,36580,36580
24.133837,1,7,5,26,4,16.666901,11.449100,5.923800,24.869900,1,36580,36580
24.150434,1,7,5,26,4,16.666698,3.620200,5.219300,14.133200,1,36580,36580
24.167147,1,7,5,26,4,16.666901,2.987500,4.731900,10.087400,1,36580,36580
24.183653,1,7,5,26,4,16.666901,2.709200,2.812400,16.501801,1,36580,36580
24.200353,1,7,5,26,4,16.666698,2.219000,4.221900,16.242701,1,36580,36580
24.220397,1,7,5,26,4,16.666901,1.994600,4.070700,16.917500,1,35090,35090
24.233640,1,7,5,26,4,16.666698,6.301900,3.158300,20.359200,1,35090,35090
24.250353,1,7,5,26,4,16.666901,1.990000,4.092200,13.899700,1,35090,35090
24.266951,1,7,5,26,4,16.666800,2.457300,3.467800,15.564800,1,35090,35090
24.283704,1,7,5,26,4,16.667002,2.261000,3.422700,16.491600,1,35090,35090
24.300389,1,7,5,26,4,16.666698,2.485900,3.211900,17.122299,1,35090,35090
24.321030,1,7,5,22,3,16.666702,2.857900,3.418600,17.344500,1,35903,35903
24.333846,1,7,3,22,3,16.666800,6.889800,3.852300,20.523001,1,35903,35903
24.350389,1,7,3,22,3,16.666901,6.575000,3.462800,16.122900,1,35903,35903
24.367032,1,7,3,22,3,16.666800,2.225900,3.544300,12.441600,1,35903,35903
24.383675,1,7,3,22,3,16.666897,2.032500,4.422600,16.660400,1,35903,35903
24.400313,1,7,3,22,3,16.666803,2.333000,3.257400,16.809000,1,35903,35903
24.423600,1,7,3,21,3,16.666698,2.140600,2.965300,16.465900,1,35231,35231
24.433734,1,7,3,21,3,16.666901,9.034600,2.958000,23.656500,1,35231,35231
24.450257,1,7,3,21,3,16.666901,2.328300,2.402500,9.992200,1,35231,35231
24.467049,1,7,3,21,3,16.666698,2.009500,3.158400,16.177099,1,35231,35231
24.483578,1,7,3,21,3,16.666901,2.382900,3.927200,16.963600,1,35231,35231
24.500315,1,7,3,21,3,16.666800,1.962800,2.414600,16.288799,1,35231,35231
24.520657,1,7,3,18,3,16.666901,1.701600,3.561200,18.128901,1,33392,33392
24.533591,1,7,3,18,3,16.666901,6.108600,2.913800,19.337200,1,33392,33392
24.550366,1,7,3,18,3,16.666800,1.967200,3.139900,12.575700,1,33392,33392
24.567266,1,7,3,18,3,16.666901,2.153800,3.615100,17.024000,1,33392,33392
24.583596,1,7,3,18,3,16.666800,2.929700,2.866200,17.007601,1,33392,33392
24.600388,1,7,3,18,3,16.666800,1.804200,2.854400,16.158800,1,33392,33392
24.620303,1,7,3,18,3,16.666698,2.091400,3.552100,16.792500,1,33225,33225
24.633612,1,7,3,18,3,16.666901,5.631600,3.226000,20.187201,1,33225,33225
24.650408,1,7,3,18,3,16.666998,1.940200,3.343100,12.965900,1,33225,33225
24.666956,1,7,3,18,3,16.667002,2.591400,3.864000,17.253300,1,33225,33225
24.683651,1,7,3,18,3,16.666901,2.572500,2.799500,15.936600,1,33225,33225
24.700418,1,7,3,18,3,16.666698,2.032600,3.020500,17.035200,1,33225,33225
24.720431,1,7,3,18,3,16.666800,2.447200,2.944900,16.768000,1,33054,33054
24.733777,1,7,3,18,3,16.667002,5.856000,4.727100,20.351999,1,33054,33054
24.750266,1,7,3,18,3,16.666800,2.568600,3.619700,12.987400,1,33054,33054
24.766919,1,7,3,18,3,16.666698,1.920400,2.894300,16.125999,1,33054,33054
24.783659,1,7,3,18,3,16.666901,1.640900,2.957400,16.735201,1,33054,33054
24.800264,1,7,3,18,3,16.667002,2.008800,3.798500,16.892900,1,33054,33054
24.821213,1,7,3,18,3,16.666901,2.269100,3.688600,16.428101,1,33887,33887
24.833701,1,7,3,18,3,16.666901,6.797700,3.842000,21.697500,1,33887,33887
24.850314,1,7,3,18,3,16.667097,2.801900,3.333200,12.461000,1,33887,33887
24.867094,1,7,3,18,3,16.666803,5.839200,3.997900,19.621901,1,33887,33887
24.883740,1,7,3,18,3,16.666698,2.679400,3.725700,13.326400,1,33887,33887
24.900294,1,7,3,18,3,16.666998,2.175400,2.557800,16.410601,1,33887,33887
24.921483,1,7,3,17,2,16.666901,1.798800,3.017600,16.530399,1,33718,33718
24.933596,1,7,2,17,2,16.666702,6.913500,3.063000,21.685301,1,33718,33718
24.950305,1,7,2,17,2,16.666897,1.924900,2.826500,11.541500,1,33718,33718
24.967096,1,7,2,17,2,16.666803,2.054700,3.690400,17.320900,1,33718,33718
24.983608,1,7,2,17,2,16.666698,2.682800,3.142500,16.528400,1,33718,33718
25.000584,1,7,2,17,2,16.666800,2.315500,2.964500,16.159800,1,33718,33718
25.020271,1,7,2,17,2,16.666901,2.571200,4.471800,17.180599,1,33555,33555
25.033779,1,7,2,17,2,16.674500,6.147100,3.289500,19.696699,1,33555,33555
25.050269,1,7,2,17,2,16.666901,2.282200,3.127300,13.462500,1,33555,33555
25.067104,1,7,2,17,2,16.666800,1.871900,3.296300,16.258101,1,33555,33555
25.083733,1,7,2,17,2,16.666998,2.066000,4.158600,17.134501,1,33555,33555
25.100474,1,7,2,17,2,16.666901,2.330600,2.895700,16.469000,1,33555,33555
25.120660,1,7,2,17,2,16.666800,2.284800,3.379000,16.850000,1,34383,34383
25.133741,1,7,2,17,2,16.747999,6.290300,2.936400,20.197300,1,34383,34383
25.150428,1,7,2,17,2,16.666901,1.873900,3.303500,12.914700,1,34383,34383
25.167209,1,7,2,17,2,16.666901,2.236600,5.091900,18.077700,1,34383,34383
25.183730,1,7,2,17,2,16.666698,3.148500,4.462900,15.667200,1,34383,34383
25.200632,1,7,2,17,2,16.666800,2.492000,3.781000,16.258101,1,34383,34383
25.221046,1,7,2,16,2,16.666901,2.793400,5.114600,17.215500,1,33713,33713
25.233776,1,7,2,16,2,16.666702,6.694700,2.833700,20.575199,1,33713,33713
25.250423,1,7,2,16,2,16.666698,2.275800,3.505200,12.172300,1,33713,33713
25.267036,1,7,2,16,2,16.666698,2.337700,4.114300,16.817101,1,33713,33713
25.283756,1,7,2,16,2,16.666800,2.373100,3.357700,16.442400,1,33713,33713
25.300438,1,7,2,16,2,16.666901,2.308500,4.347000,18.185200,1,33713,33713
25.320441,1,7,2,16,2,16.666800,2.979300,3.137500,16.203800,1,33038,33038
25.333749,1,7,2,16,2,16.666800,5.759000,3.723500,20.060101,1,33038,33038
25.350441,1,7,2,16,2,16.666800,2.124600,3.325600,12.450900,1,33038,33038
25.367071,1,7,2,16,2,16.666698,5.274200,3.307700,19.521500,1,33038,33038
25.383887,1,7,2,16,2,16.666901,2.109800,3.094500,13.671400,1,33038,33038
25.400371,1,7,2,16,2,16.666702,2.214400,3.632400,16.940100,1,33038,33038
25.420982,1,7,2,16,2,16.666800,2.206200,2.779600,16.304100,1,33208,33208
25.433885,1,7,2,16,2,16.666998,6.319700,3.965600,20.971500,1,33208,33208
25.450375,1,7,2,16,2,16.666800,2.610200,3.539500,12.744700,1,33208,33208
25.467148,1,7,2,16,2,16.666800,2.346200,3.398000,16.231501,1,33208,33208
25.483825,1,7,2,16,2,16.666800,1.914100,4.166800,16.988100,1,33208,33208
25.500392,1,7,2,16,2,16.666803,2.341300,3.011800,16.626699,1,33208,33208
25.521325,1,7,2,15,2,16.667198,2.209000,3.959000,16.548901,1,33534,33534
25.534003,1,7,2,15,2,16.666800,6.546100,3.061400,20.895700,1,33534,33534
25.550391,1,7,2,15,2,16.666901,2.016100,3.018600,12.639200,1,33534,33534
25.567222,1,7,2,15,2,16.666698,1.860300,3.663700,16.312401,1,33534,33534
25.583769,1,7,2,15,2,16.666901,1.926300,3.367200,16.915400,1,33534,33534
25.600474,1,7,2,15,2,16.666698,2.270500,2.731500,16.604200,1,33534,33534
25.620663,1,7,2,15,2,16.666698,2.071000,3.636300,16.715799,1,32872,32872
25.633763,1,7,2,15,2,16.666803,5.924000,2.904300,20.150200,1,32872,32872
25.650603,1,7,2,15,2,16.666998,2.046400,2.974500,13.149200,1,32872,32872
25.667055,1,7,2,15,2,16.666800,2.455100,4.123400,17.044500,1,32872,32872
25.683774,1,7,2,15,2,16.666800,2.403600,3.258900,16.148500,1,32872,32872
25.700502,1,7,2,15,2,16.666800,2.160500,3.426800,16.732100,1,32872,32872
25.723275,1,7,2,15,2,16.666803,2.350400,3.616000,16.872499,1,32543,32543
25.733932,1,7,2,15,2,16.666897,9.076800,4.273200,23.183300,1,32543,32543
25.750400,1,7,2,15,2,16.666800,2.870200,3.664500,10.399800,1,32543,32543
25.767314,1,7,2,15,2,16.666901,2.078500,2.898400,16.197599,1,32543,32543
25.783730,1,7,2,15,2,16.666702,2.390900,3.195100,16.916500,1,32543,32543
25.800473,1,7,2,15,2,16.666897,2.726100,3.099400,16.379900,1,32543,32543
25.820699,1,7,2,14,2,16.666901,2.465100,4.004400,16.853001,1,33366,33366
25.833701,1,7,2,14,2,16.666800,5.945800,3.269900,20.135900,1,33366,33366
25.850485,1,7,2,14,2,16.666702,1.716500,3.049800,12.981300,1,33366,33366
25.867029,1,7,2,14,2,16.666800,6.017700,2.842400,20.882401,1,33366,33366
25.883694,1,7,2,14,2,16.666901,2.001400,2.564100,12.411900,1,33366,33366
25.900452,1,7,2,14,2,16.669598,1.854900,3.081100,16.593901,1,33366,33366
25.920601,1,7,2,14,2,16.666800,1.786800,3.696000,16.941099,1,33703,33703
25.933822,1,7,2,14,2,16.666702,6.091700,3.908600,20.322300,1,33703,33703
25.950486,1,7,2,14,2,16.666897,2.404000,4.296900,13.306900,1,33703,33703
25.967054,1,7,2,14,2,16.666803,2.276900,3.499100,16.494600,1,33703,33703
25.983911,1,7,2,14,2,16.666800,2.104500,3.270700,16.367599,1,33703,33703
26.000413,1,7,2,14,2,16.666897,2.493600,3.702000,17.071100,1,33703,33703
26.021020,1,7,2,12,1,16.666803,2.193800,2.522400,16.198601,1,33528,33528
26.033773,1,7,2,12,1,16.666800,5.800300,3.577900,21.247000,1,33528,33528
26.050352,1,7,2,12,1,16.666800,2.247900,3.681500,12.391400,1,33528,33528
26.067121,1,7,2,12,1,16.666800,2.018300,2.707400,16.318501,1,33528,33528
26.083726,1,7,2,12,1,16.666901,2.162700,2.482600,16.907301,1,33528,33528
26.100478,1,7,2,12,1,16.666698,1.811500,3.249100,16.763901,1,33528,33528
26.117012,1,7,2,12,1,16.666698,2.202100,3.514600,16.713699,1,33528,33528
26.133719,1,7,2,12,1,16.666901,2.350000,2.835000,16.240601,1,33528,33528
26.150513,1,7,2,12,1,16.666800,1.789600,4.627300,17.515600,1,33528,33528
26.167079,1,7,2,12,1,16.666800,2.317800,4.114100,16.181200,1,33528,33528
26.183688,1,7,2,12,1,16.666901,2.552100,3.930900,16.502800,1,33528,33528
26.200407,1,7,2,12,1,16.666901,2.223400,3.557800,16.719900,1,33528,33528
26.217021,1,7,2,12,1,16.666800,2.272800,2.976000,16.690100,1,33528,33528
26.233805,1,7,2,12,1,16.667002,2.186100,2.692600,16.501801,1,33528,33528
26.250352,1,7,2,12,1,16.666698,1.798700,3.529300,16.907301,1,33528,33528
26.270740,2,7,2,12,0,16.666800,1.916200,2.932300,16.363501,1,33526,33526
26.312952,2,7,2,12,0,45.896999,45.147301,2.932300,16.363501,1,33526,33526
26.329729,2,7,2,12,0,16.666800,3.178600,4.381400,8.161300,1,33526,33526
26.346278,2,7,2,12,0,16.666698,2.509900,3.580900,11.243500,1,33526,33526
26.363062,2,7,2,12,0,16.666800,2.216000,2.848000,16.350201,1,33526,33526
26.380099,2,7,2,12,0,16.666901,5.494600,4.453500,20.548599,1,33526,33526
26.396245,2,7,2,12,0,16.666702,3.172500,4.056800,13.539300,1,33526,33526
26.412935,2,7,2,12,0,16.666698,2.524600,2.604700,15.867900,1,33526,33526
26.429762,2,7,2,12,0,16.666698,2.237000,3.854100,17.414200,1,33526,33526
26.446256,2,7,2,12,0,16.666698,2.947100,3.043200,16.412701,1,33526,33526
26.463097,2,7,2,12,0,16.667101,2.098000,3.459500,16.265200,1,33526,33526
26.481172,2,7,2,12,0,16.666901,2.507400,3.870900,16.915400,1,33526,33526
26.496273,2,7,2,12,0,16.666901,3.833000,4.513300,18.170799,1,33526,33526
26.513011,2,7,2,12,0,16.666800,2.797000,3.441100,14.935100,1,33526,33526
26.530670,0,8,2,0,0,16.666800,2.229800,4.707400,16.882700,1,7208,7208
26.570023,0,8,6,0,0,39.045097,39.202499,4.707400,16.882700,1,7208,7208
26.585382,0,8,6,0,0,16.666800,4.144400,4.797200,8.917000,1,7208,7208
26.601925,0,8,6,0,0,16.666698,2.394000,4.560200,10.423300,1,7208,7208
26.619564,0,8,6,0,0,16.666698,2.621600,2.859600,16.435200,1,7208,7208
26.635392,0,8,6,0,0,16.666901,2.704300,4.334800,18.641899,1,7208,7208
26.652002,0,8,6,0,0,16.666901,2.242900,3.726700,15.107100,1,7208,7208
26.668703,0,8,6,0,0,16.666800,2.221700,3.419500,16.477200,1,7208,7208
26.686737,0,8,6,0,0,16.666901,2.829800,5.069600,17.084400,1,7208,7208
26.702038,0,8,6,0,0,16.674999,5.639800,3.636300,19.685400,1,7206,7206
26.718805,0,8,6,0,0,16.666901,2.627500,3.068200,13.275100,1,7206,7206
26.735496,0,8,6,0,0,16.666800,2.131700,4.075600,16.806900,1,7206,7206
26.752664,0,8,6,0,0,16.666800,2.231000,3.918000,16.825399,1,7206,7206
26.768796,0,8,6,0,0,16.666901,2.538000,3.588800,16.940001,1,7206,7206
26.786386,0,8,6,0,0,16.666800,2.069600,3.901300,16.340000,1,7206,7206
26.801954,0,8,6,0,0,16.666901,3.078800,3.324600,17.340401,1,7206,7206
26.819035,0,8,6,0,0,16.666901,1.783900,4.019100,16.190500,1,7206,7206
26.835349,0,8,6,0,0,16.666698,2.443000,2.394700,16.392200,1,7206,7206
26.959709,0,8,6,0,0,123.672501,1.707600,0.401200,16.556999,1,7206,7206
26.975626,0,8,6,0,0,16.666901,109.927902,3.526600,127.244301,1,7205,7205
26.992363,0,8,6,0,0,16.666698,2.258100,3.167200,12.855300,1,7205,7205
27.008945,0,8,6,0,0,16.666702,2.140500,3.702500,16.877600,1,7205,7205
27.026154,0,8,6,0,0,16.666698,1.911500,3.482600,16.414700,1,7205,7205
27.044365,0,8,6,0,0,16.666800,2.581200,5.861000,17.521601,1,7205,7205
27.058942,0,8,6,0,0,16.666698,4.603700,4.080000,18.170900,1,7205,7205
27.075667,0,8,6,0,0,16.666698,1.815100,4.086600,15.649800,1,7205,7205
27.092355,0,8,6,0,0,16.666901,2.219800,3.694700,16.070700,1,7205,7205
27.109381,0,8,6,0,0,16.666800,1.853700,3.674200,16.008200,1,7205,7205
27.125747,0,8,6,0,0,16.666901,2.443100,3.490400,17.087500,1,7205,7205
27.142470,0,8,6,0,0,16.666901,2.056400,6.142900,16.606199,1,7205,7205
27.159088,0,8,6,0,0,16.666800,3.101200,4.773400,17.063900,1,7205,7205
27.176076,0,8,6,0,0,16.666800,2.967300,4.649200,16.325600,1,7205,7205
27.192803,0,8,6,0,0,16.666698,2.723900,3.781600,16.825399,1,7205,7205
27.209029,0,8,6,0,0,16.666901,3.187100,4.183700,17.119200,1,7205,7205
27.226100,0,8,6,0,0,16.729202,2.634600,5.474100,16.005100,1,7205,7205
27.243520,0,8,6,0,0,16.666800,2.639100,5.042200,16.817200,1,7205,7205
27.259211,0,8,6,0,0,16.678799,3.278900,4.520500,17.451000,1,7205,7205
27.275765,0,8,6,0,0,16.667002,2.469000,6.446900,17.093599,1,7205,7205
27.294620,0,8,6,0,0,16.666698,3.212300,4.363300,15.000600,1,7204,7204
27.309489,0,8,6,0,0,16.666698,4.161200,5.238500,19.172300,1,7204,7204
27.325749,0,8,6,0,0,16.666901,3.128700,5.878200,14.809100,1,7204,7204
27.342378,0,8,6,0,0,16.666901,2.808200,3.492000,16.603201,1,7204,7204
27.359087,0,8,6,0,0,16.666901,2.122100,4.009200,16.026600,1,7204,7204
27.376151,0,8,6,0,0,16.666698,1.910800,2.814800,16.773100,1,7204,7204
27.397138,1,8,6,48,4,16.666698,2.244800,3.453000,17.201200,1,27839,27839
27.439106,1,8,12,48,4,46.667999,46.637901,3.453000,17.201200,1,27839,27839
27.455809,1,8,12,48,4,16.666901,2.081800,3.453200,7.094300,1,27839,27839
27.472695,1,8,12,48,4,16.666901,2.228500,4.191800,11.814900,1,27839,27839
27.489138,1,8,12,48,4,16.666901,5.429300,3.643800,19.691500,1,27839,27839
27.509446,1,8,12,48,4,16.666698,2.170000,3.415600,13.385700,1,34066,34066
27.522620,1,8,12,48,4,16.666901,6.131400,4.428600,21.157900,1,34066,34066
27.539148,1,8,12,48,4,16.666800,2.553300,3.519800,12.505100,1,34066,34066
27.555752,1,8,12,48,4,16.666901,2.109500,3.412800,16.426001,1,34066,34066
27.572518,1,8,12,48,4,16.666901,1.803900,3.811000,16.577499,1,34066,34066
27.589182,1,8,12,48,4,16.666800,2.262900,4.039000,17.912901,1,34066,34066
27.609957,1,8,12,48,4,16.666800,2.090100,3.438300,15.661000,1,40687,40687
27.622576,1,8,12,48,4,16.666698,6.990000,4.098100,21.760000,1,40687,40687
27.639557,1,8,12,48,4,16.666901,2.552800,3.728500,11.762700,1,40687,40687
27.655829,1,8,12,48,4,16.666901,2.696400,4.859300,16.945200,1,40687,40687
27.672968,1,8,12,48,4,16.666901,2.517600,3.672400,16.394199,1,40687,40687
27.689430,1,8,12,48,4,16.666901,2.966700,6.260400,17.471500,1,40687,40687
27.713472,1,8,12,44,4,16.667002,3.929400,5.519100,16.109600,1,42062,42062
27.868020,1,8,10,44,4,154.836594,11.495500,0.516100,25.257999,1,42446,42446
28.016870,1,8,10,43,4,149.121292,133.392502,0.469400,155.943893,1,39113,39113
28.027016,1,8,9,43,4,17.119200,132.789597,0.469400,155.943893,1,39113,39113
28.043712,1,8,9,43,4,16.666901,3.415400,5.420400,9.550900,1,39113,39113
28.060209,1,8,9,43,4,16.666901,3.095600,4.197400,10.712100,1,39113,39113
28.077021,1,8,9,43,4,16.666800,2.384600,4.077400,16.093100,1,39113,39113
28.093729,1,8,9,43,4,16.666901,2.548900,4.923900,16.919600,1,39113,39113
28.114733,1,8,9,43,4,16.666800,2.564600,4.173300,16.613400,1,40099,40099
28.127025,1,8,9,43,4,16.666901,7.647800,4.841000,22.266800,1,40099,40099
28.143793,1,8,9,43,4,16.666901,3.159500,4.360300,11.399200,1,40099,40099
28.160269,1,8,9,43,4,16.666698,2.950300,3.641500,16.408600,1,40099,40099
28.177235,1,8,9,43,4,16.666698,2.061600,5.715000,16.523300,1,40099,40099
28.193576,1,8,9,43,4,16.666702,3.097100,5.064200,17.219500,1,40099,40099
28.214968,1,8,9,41,4,16.666800,2.669900,5.024600,16.284700,1,39251,39251
28.226964,1,8,8,41,4,16.666901,8.551000,6.041800,22.750200,1,39251,39251
28.243575,1,8,8,41,4,16.666901,2.868500,6.032100,10.404900,1,39251,39251
28.260391,1,8,8,41,4,16.666897,2.758800,3.564200,16.708599,1,39251,39251
28.277006,1,8,8,41,4,16.666800,2.577600,5.773300,17.189899,1,39251,39251
28.293889,1,8,8,41,4,16.725302,3.309500,4.449200,16.348101,1,39251,39251
28.319259,1,8,8,39,4,16.666800,3.076400,5.167300,17.177601,1,38076,38076
28.326963,1,8,8,39,4,16.666800,13.018700,4.565900,25.874500,1,38076,38076
28.343775,1,8,8,39,4,16.666698,3.100900,5.320200,8.474600,1,38076,38076
28.360309,1,8,8,39,4,16.666800,3.325200,4.810600,15.394800,1,38076,38076
28.377150,1,8,8,39,4,16.666702,2.487000,4.671700,16.130100,1,38076,38076
28.393835,1,8,8,39,4,16.666800,2.750500,5.196100,17.240000,1,38076,38076
28.418518,1,8,8,39,4,16.666800,3.406900,4.548100,16.734200,1,37260,37260
28.427246,1,8,8,39,4,16.666998,12.059800,5.399400,25.661501,1,37260,37260
28.443752,1,8,8,39,4,16.666702,2.975400,4.472400,7.499700,1,37260,37260
28.460458,1,8,8,39,4,16.666698,2.624700,4.288300,16.572500,1,37260,37260
28.477201,1,8,8,39,4,16.666901,2.682000,5.085200,16.925699,1,37260,37260
28.493653,1,8,8,39,4,16.666901,3.471800,4.024200,16.738300,1,37260,37260
28.517789,1,8,8,39,4,16.666698,2.921900,3.742100,16.272301,1,38440,38440
28.527278,1,8,8,39,4,16.666901,15.039800,3.742100,16.272301,1,38440,38440
28.543615,1,8,8,39,4,16.666800,3.147300,5.431100,7.372800,1,38440,38440
28.560345,1,8,8,39,4,16.666800,2.421400,4.540900,13.266900,1,38440,38440
28.576954,1,8,8,39,4,16.666698,2.327700,3.499200,16.745501,1,38440,38440
28.593931,1,8,8,39,4,16.667002,2.132000,3.837600,6.245400,1,38440,38440
28.614218,1,8,8,37,4,16.666901,2.601000,3.370500,17.278900,1,38447,38447
28.626943,1,8,7,37,4,16.666901,6.724600,4.020900,20.274200,1,38447,38447
28.643657,1,8,7,37,4,16.666800,1.911000,3.722300,12.246000,1,38447,38447
28.660256,1,8,7,37,4,16.666698,2.147300,3.211800,16.855101,1,38447,38447
28.677271,1,8,7,37,4,16.666901,1.990100,4.443200,16.455700,1,38447,38447
28.693860,1,8,7,37,4,16.666800,2.387600,5.671200,17.966000,1,38447,38447
28.718932,1,8,7,35,4,16.673599,3.500500,5.271600,16.105499,1,38790,38790
28.727068,1,8,7,35,4,16.666800,13.495700,5.271600,16.105499,1,38790,38790
28.743799,1,8,7,35,4,16.666800,4.378800,5.703000,9.873400,1,38790,38790
28.760356,1,8,7,35,4,16.666901,3.354100,7.239200,13.480000,1,38790,38790
28.777049,1,8,7,35,4,16.666901,3.073700,3.473600,16.359400,1,38790,38790
28.793760,1,8,7,35,4,16.666698,2.491200,3.792800,16.517099,1,38790,38790
28.817944,1,8,7,35,4,16.666803,2.537400,5.429800,17.043501,1,39136,39136
28.827164,1,8,7,35,4,16.666800,11.342400,6.808400,17.043501,1,39136,39136
28.843888,1,8,7,35,4,16.666698,2.690900,3.752000,8.707100,1,39136,39136
28.860311,1,8,7,35,4,16.666901,2.610900,3.151900,16.264200,1,39136,39136
28.876924,1,8,7,35,4,16.666698,2.274100,4.837800,16.420900,1,39136,39136
28.893575,1,8,7,35,4,16.666901,2.497000,3.736800,16.257999,1,39136,39136
28.915153,1,8,7,34,4,16.666800,1.924700,3.338000,16.544800,1,37288,37288
28.926973,1,8,6,34,4,16.666800,7.782600,3.618400,22.834200,1,37288,37288
28.943630,1,8,6,34,4,16.666901,2.343400,3.857500,10.645500,1,37288,37288
28.960500,1,8,6,34,4,16.666901,2.058600,4.108100,16.549801,1,37288,37288
28.977133,1,8,6,34,4,16.666800,2.486100,2.863800,17.304600,1,37288,37288
28.993668,1,8,6,34,4,16.666698,2.533200,3.598900,16.822300,1,37288,37288
29.014216,1,8,6,33,4,16.666800,2.662800,4.029000,16.322599,1,36114,36114
29.026984,1,8,6,33,4,16.666698,7.026200,3.023300,20.857800,1,36114,36114
29.176599,1,8,6,32,4,144.708206,5.823500,0.472000,16.106501,1,36603,36603
29.188472,1,8,6,32,4,16.666800,129.031097,3.979600,147.074097,1,36603,36603
29.205276,1,8,6,32,4,16.666800,2.934300,4.758100,10.844100,1,36603,36603
29.221872,1,8,6,32,4,16.666698,3.725300,3.661900,16.566299,1,36603,36603
29.238586,1,8,6,32,4,16.666698,2.483000,4.985100,16.618500,1,36603,36603
29.255004,1,8,6,32,4,16.666901,2.444500,4.752400,16.743401,1,36603,36603
29.275720,1,8,6,30,4,16.666702,2.472400,2.995200,16.091101,1,36916,36916
29.288349,1,8,6,30,4,16.666901,6.653600,3.410400,21.468201,1,36916,36916
29.305119,1,8,6,30,4,16.666698,2.048200,3.247100,12.007400,1,36916,36916
29.321919,1,8,6,30,4,16.666800,2.244300,3.174300,16.949301,1,36916,36916
29.338336,1,8,6,30,4,16.666800,2.563500,4.623500,16.935900,1,36916,36916
29.355028,1,8,6,30,4,16.666901,3.715000,4.046700,16.665600,1,36916,36916
29.378346,1,8,6,28,4,16.666800,1.833100,3.943800,15.969300,1,35575,35575
29.388393,1,8,4,28,4,16.666698,9.611700,5.835300,24.822800,1,35575,35575
29.405084,1,8,4,28,4,16.667002,2.984800,4.522900,8.733700,1,35575,35575
29.421900,1,8,4,28,4,16.666800,2.673100,5.959900,17.960899,1,35575,35575
29.438545,1,8,4,28,4,16.666800,2.686900,5.081200,15.855600,1,35575,35575
29.455069,1,8,4,28,4,16.666901,3.273700,5.565900,16.889900,1,35575,35575
29.478697,1,8,4,27,3,16.666698,3.237400,5.505600,15.959000,1,34920,34920
29.488382,1,8,3,27,3,16.666698,10.245200,5.306800,24.165400,1,34920,34920
29.505371,1,8,3,27,3,16.667002,2.609900,4.872500,9.113600,1,34920,34920
29.521916,1,8,3,27,3,16.666901,3.313800,6.553900,17.560600,1,34920,34920
29.538380,1,8,3,27,3,16.667002,3.602800,5.283000,16.317400,1,34920,34920
29.555245,1,8,3,27,3,16.666998,7.752500,5.645000,21.468201,1,34920,34920
29.577813,1,8,3,27,3,16.666800,2.812100,4.731800,11.604000,1,36582,36582
29.588329,1,8,3,27,3,16.666901,8.797100,4.323500,22.883301,1,36582,36582
29.604975,1,8,3,27,3,16.666702,2.348000,5.063800,9.986000,1,36582,36582
29.621669,1,8,3,27,3,16.666897,2.054800,3.517300,16.718901,1,36582,36582
29.638533,1,8,3,27,3,16.666800,2.048400,3.822000,16.601101,1,36582,36582
29.655068,1,8,3,27,3,16.666702,2.241000,4.355200,17.095699,1,36582,36582
29.675797,1,8,3,26,3,16.666901,2.733300,3.602200,16.310200,1,36580,36580
29.688689,1,8,3,26,3,16.666901,6.495300,3.925900,20.881399,1,36580,36580
29.705092,1,8,3,26,3,16.666698,2.517600,3.814300,12.838900,1,36580,36580
29.721644,1,8,3,26,3,16.666698,2.346200,3.392600,16.569401,1,36580,36580
29.738412,1,8,3,26,3,16.666698,2.075600,4.481500,17.378300,1,36580,36580
29.755033,1,8,3,26,3,16.666800,2.233000,4.215600,15.813600,1,36580,36580
29.776605,1,8,3,26,3,16.666901,2.702200,3.175600,16.555000,1,36416,36416
29.788347,1,8,3,26,3,16.666800,6.909100,3.493900,21.677099,1,36416,36416
29.805010,1,8,3,26,3,16.666901,1.787700,3.319900,11.594700,1,36416,36416
29.821773,1,8,3,26,3,16.666901,2.158500,3.005400,16.622601,1,36416,36416
29.838385,1,8,3,26,3,16.667002,2.526100,3.376800,16.862200,1,36416,36416
29.854972,1,8,3,26,3,16.666901,2.175300,2.968800,16.548901,1,36416,36416
29.876707,1,8,3,24,3,16.666901,1.788700,4.135300,17.574900,1,35743,35743
29.888354,1,8,3,24,3,16.666897,7.565300,4.066300,20.877300,1,35743,35743
29.905250,1,8,3,24,3,16.666901,1.825000,3.336800,11.397200,1,35743,35743
29.921753,1,8,3,24,3,16.666702,2.235300,4.479200,17.173500,1,35743,35743
29.938421,1,8,3,24,3,16.666698,2.792200,3.946200,16.791500,1,35743,35743
29.955199,1,8,3,24,3,16.666901,2.508500,4.235300,16.339001,1,35743,35743
29.975734,1,8,3,24,3,16.666998,2.654500,4.703800,17.205200,1,34733,34733
29.988425,1,8,3,24,3,16.666800,6.708200,4.195500,20.883499,1,34733,34733
30.005115,1,8,3,24,3,16.666702,2.662300,4.628800,12.069800,1,34733,34733
30.021644,1,8,3,24,3,16.666800,2.664800,3.349800,16.763901,1,34733,34733
30.038488,1,8,3,24,3,16.666800,2.126800,3.123700,16.048201,1,34733,34733
30.112572,1,8,3,22,2,65.266403,60.952599,7.864200,76.913597,1,34712,34712
30.120371,1,8,3,22,2,16.667198,15.355500,3.822600,14.637100,1,34712,34712
30.137461,1,8,3,22,2,16.667002,2.607000,3.747100,7.396300,1,34712,34712
30.153835,1,8,3,22,2,16.666800,2.742600,5.233100,17.425501,1,34712,34712
30.170301,1,8,3,22,2,16.666901,3.282900,3.797000,16.303101,1,34712,34712
30.186960,1,8,3,22,2,16.666800,2.585600,3.866200,6.805500,1,34712,34712
30.209066,1,8,3,21,2,16.667002,2.031100,3.804300,16.759501,1,34382,34382
30.220303,1,8,3,21,2,16.666897,7.559500,2.492100,22.218700,1,34382,34382
30.236958,1,8,3,21,2,16.666803,2.026000,3.496200,11.156500,1,34382,34382
30.253585,1,8,3,21,2,16.666698,2.942300,3.934300,16.554001,1,34382,34382
30.270378,1,8,3,21,2,16.666901,1.759700,4.572700,16.632799,1,34382,34382
30.286946,1,8,3,21,2,16.666901,2.341300,3.777400,17.051701,1,34382,34382
30.308175,1,8,3,21,2,16.666800,2.236100,3.392900,16.396299,1,33719,33719
30.320375,1,8,3,21,2,16.666901,7.093400,4.435800,21.493700,1,33719,33719
30.337175,1,8,3,21,2,16.666800,2.370400,4.742900,11.843600,1,33719,33719
30.353815,1,8,3,21,2,16.666897,2.684300,2.700200,16.764999,1,33719,33719
30.370328,1,8,3,21,2,16.666901,2.767700,4.948000,17.625000,1,33719,33719
30.386912,1,8,3,21,2,16.666901,3.434200,4.023100,15.657000,1,33719,33719
30.410217,1,8,3,19,2,16.667002,2.364800,4.078600,16.642000,1,34044,34044
30.420531,1,8,3,19,2,16.666698,9.141100,2.898700,23.548000,1,34044,34044
30.436977,1,8,3,19,2,16.666698,2.740100,4.600300,10.250200,1,34044,34044
30.453560,1,8,3,19,2,16.666702,2.651700,3.247500,16.110600,1,34044,34044
30.470441,1,8,3,19,2,16.666901,1.843400,3.581600,16.561100,1,34044,34044
30.486913,1,8,3,19,2,16.666897,2.205600,4.042000,17.382401,1,34044,34044
30.509534,1,8,3,19,2,16.667002,2.256600,3.795200,16.084000,1,34219,34219
30.520374,1,8,3,19,2,16.666800,8.432400,4.049800,22.878201,1,34219,34219
30.537000,1,8,3,19,2,16.666800,2.336400,3.926200,10.630200,1,34219,34219
30.553766,1,8,3,19,2,16.666800,2.155100,2.740400,16.509899,1,34219,34219
30.570354,1,8,3,19,2,16.666702,5.902700,3.929300,20.819000,1,34219,34219
30.586968,1,8,3,19,2,16.666698,2.507300,4.321500,12.695500,1,34219,34219
30.608893,1,8,3,19,2,16.666901,2.112700,3.842400,16.406500,1,33545,33545
30.620336,1,8,3,19,2,16.666800,7.885200,3.520500,22.771700,1,33545,33545
30.637099,1,8,3,19,2,16.666901,1.997000,3.468300,10.829900,1,33545,33545
30.653687,1,8,3,19,2,16.666698,2.635300,4.607700,17.951700,1,33545,33545
30.670286,1,8,3,19,2,16.666901,2.628300,3.325300,15.213600,1,33545,33545
30.687085,1,8,3,19,2,16.666800,2.252100,3.140000,16.504801,1,33545,33545
30.710294,1,8,3,19,2,16.666698,1.977100,4.216900,17.168400,1,33881,33881
30.720287,1,8,3,19,2,16.666800,10.250800,5.118400,23.497700,1,33881,33881
30.737158,1,8,3,19,2,16.666901,2.589700,3.440400,6.971400,1,33881,33881
30.753629,1,8,3,19,2,16.666901,2.509100,3.922900,17.096701,1,33881,33881
30.770294,1,8,3,19,2,16.666800,2.209800,3.327400,16.250799,1,33881,33881
30.787128,1,8,3,19,2,16.667002,1.993100,4.000900,17.796101,1,33881,33881
30.808151,1,8,3,18,2,16.666901,2.376600,4.710900,15.991800,1,34210,34210
30.820395,1,8,3,18,2,16.666800,7.425600,4.996500,21.234699,1,34210,34210
30.837057,1,8,3,18,2,16.666698,3.064700,4.803700,11.937800,1,34210,34210
30.853678,1,8,3,18,2,16.666800,2.968700,3.872700,16.589800,1,34210,34210
30.870474,1,8,3,18,2,16.666901,2.067700,3.642600,16.429100,1,34210,34210
30.886998,1,8,3,18,2,16.666901,2.289900,3.983600,17.273899,1,34210,34210
30.907607,1,8,3,18,2,16.666800,2.423800,3.311400,16.271299,1,33545,33545
30.920403,1,8,3,18,2,16.666901,6.673300,3.441600,20.993000,1,33545,33545
30.937174,1,8,3,18,2,16.666998,2.531400,3.615900,12.274700,1,33545,33545
30.953791,1,8,3,18,2,16.678400,2.491500,3.610800,16.952299,1,33545,33545
30.970444,1,8,3,18,2,16.666901,2.488600,4.835500,16.676901,1,33545,33545
30.986988,1,8,3,18,2,16.666800,2.904100,4.479300,16.698400,1,33545,33545
31.008763,1,8,3,18,2,16.666901,2.806100,4.719300,16.220100,1,33207,33207
31.020327,1,8,3,18,2,16.666800,7.785600,4.717900,22.209600,1,33207,33207
31.037089,1,8,3,18,2,16.666800,2.340700,5.653300,11.304900,1,33207,33207
31.053691,1,8,3,18,2,16.666702,2.933600,4.786700,16.780300,1,33207,33207
31.070600,1,8,3,18,2,16.666897,3.080100,4.600500,16.429100,1,33207,33207
31.087005,1,8,3,18,2,16.666702,6.652700,6.119300,21.774300,1,33207,33207
31.109491,1,8,3,18,2,16.666998,3.245900,5.066000,12.354600,1,33541,33541
31.120290,1,8,3,18,2,16.666901,8.719200,4.325200,21.967800,1,33541,33541
31.137174,1,8,3,18,2,16.666901,2.091300,3.958700,10.420300,1,33541,33541
31.153708,1,8,3,18,2,16.666901,2.773400,3.574500,17.318899,1,33541,33541
31.170341,1,8,3,18,2,16.666800,2.310500,3.337400,16.149500,1,33541,33541
31.187158,1,8,3,18,2,16.666800,2.252000,4.651100,16.648199,1,33541,33541
31.208248,1,8,3,16,2,16.666800,2.234800,4.683500,16.844801,1,33702,33702
31.220493,1,8,3,16,2,16.666800,7.079300,4.205900,22.136801,1,33702,33702
31.237209,1,8,3,16,2,16.666702,2.736200,3.895100,11.308000,1,33702,33702
31.253638,1,8,3,16,2,16.666800,2.834400,3.793600,16.794701,1,33702,33702
31.270405,1,8,3,16,2,16.666800,2.173500,4.230800,16.313299,1,33702,33702
31.287087,1,8,3,16,2,16.667097,3.015700,4.627300,16.741400,1,33702,33702
31.310678,1,8,3,16,2,16.666901,2.837800,4.843300,16.848900,1,33533,33533
31.320325,1,8,3,16,2,16.666901,10.164500,4.987700,24.383499,1,33533,33533
31.337031,1,8,3,16,2,16.667002,2.560300,5.375300,8.895500,1,33533,33533
31.353706,1,8,3,16,2,16.666698,2.747800,4.089000,16.511999,1,33533,33533
31.370353,1,8,3,16,2,16.666901,2.367300,3.365500,16.550900,1,33533,33533
31.386978,1,8,3,16,2,16.666800,2.732400,3.784700,17.389500,1,33533,33533
31.403618,1,8,3,16,2,16.666698,2.107300,3.265200,15.831100,1,33533,33533
31.420410,1,8,3,16,2,16.667002,1.787500,2.660800,16.702400,1,33533,33533
31.437008,1,8,3,16,2,16.666800,2.611700,4.066400,17.484800,1,33533,33533
31.453597,1,8,3,16,2,16.666800,2.359000,3.399500,16.112700,1,33533,33533
31.470439,1,8,3,16,2,16.666800,1.928500,3.597500,16.285700,1,33533,33533
31.487124,1,8,3,16,2,16.666901,2.100100,3.438100,17.232901,1,33533,33533
31.503649,1,8,3,16,2,16.666800,2.474700,4.897700,16.562201,1,33533,33533
31.520366,1,8,3,16,2,16.666800,2.301400,3.745800,16.416700,1,33533,33533
31.536992,1,8,3,16,2,16.666800,2.343300,5.228400,16.740400,1,33533,33533
31.558364,2,8,3,16,0,16.666698,3.295400,3.502800,16.544701,1,32530,32530
31.600404,2,8,3,16,0,46.751801,46.593399,3.502800,16.544701,1,32530,32530
31.617125,2,8,3,16,0,16.666901,7.378600,3.882500,8.132600,1,32530,32530
31.633798,2,8,3,16,0,16.666901,2.701600,3.997300,10.913800,1,32530,32530
31.650425,2,8,3,16,0,16.666901,2.713600,4.607100,16.959499,1,32530,32530
31.667015,2,8,3,16,0,16.666698,2.848400,4.028800,16.291800,1,32530,32530
31.683907,2,8,3,16,0,16.667002,2.135900,3.825500,16.530500,1,32530,32530
31.700508,2,8,3,16,0,16.666800,2.500300,4.469000,17.397699,1,32530,32530
31.717023,2,8,3,16,0,16.666901,2.706600,4.041400,16.391199,1,32530,32530
31.733922,2,8,3,16,0,16.666800,2.907900,4.506600,16.154600,1,32530,32530
31.750372,2,8,3,16,0,16.666901,2.336600,3.835700,17.131500,1,32530,32530
31.767189,2,8,3,16,0,16.666901,2.486100,2.982800,16.323601,1,32530,32530
31.785365,2,8,3,16,0,16.666800,2.683900,3.690800,17.423401,1,32530,32530
31.800333,2,8,3,16,0,16.666698,4.308700,3.232500,17.641500,1,32530,32530
31.818461,0,9,3,0,0,16.666800,2.295900,3.065600,14.820300,1,7203,7203
31.867188,0,9,6,0,0,49.703300,48.586700,3.065600,14.820300,1,7203,7203
31.883463,0,9,6,0,0,16.666901,6.170300,4.603000,9.319400,1,7203,7203
31.900037,0,9,6,0,0,16.666698,3.586900,3.683600,10.737600,1,7203,7203
31.916658,0,9,6,0,0,16.666698,2.218400,3.705100,16.395300,1,7203,7203
31.933818,0,9,6,0,0,16.667002,1.984700,3.620200,16.577499,1,7203,7203
31.950086,0,9,6,0,0,16.666901,2.485100,3.060100,17.206301,1,7203,7203
31.966761,0,9,6,0,0,16.666698,1.997400,3.067400,16.243700,1,7203,7203
31.983389,0,9,6,0,0,16.666901,1.967500,4.354100,16.921600,1,7203,7203
32.000355,0,9,6,0,0,16.666800,2.619700,3.279200,16.450600,1,7203,7203
32.016863,0,9,6,0,0,16.667002,2.468200,2.738300,16.842699,1,7203,7203
32.033372,0,9,6,0,0,16.666698,2.069800,3.637300,16.825399,1,7203,7203
32.049999,0,9,6,0,0,16.666800,2.328400,3.925000,16.293900,1,7203,7203
32.067141,0,9,6,0,0,16.666901,4.351500,4.894200,18.725901,1,7202,7202
32.084806,0,9,6,0,0,16.666901,3.846300,4.320600,15.088600,1,7202,7202
32.100062,0,9,6,0,0,16.666901,3.666700,3.893500,17.557501,1,7202,7202
32.116665,0,9,6,0,0,16.666800,1.983500,4.883800,16.232401,1,7202,7202
32.133751,0,9,6,0,0,16.666901,4.610700,4.097300,17.941601,1,7202,7202
32.280866,0,9,6,0,0,146.251205,2.828900,0.526600,14.771200,1,7202,7202
32.296468,0,9,6,0,0,16.666702,126.655998,5.420700,147.198898,1,7202,7202
32.312987,0,9,6,0,0,16.666901,2.868600,4.050700,15.803400,1,7202,7202
32.329614,0,9,6,0,0,16.666800,2.645400,4.955700,16.635900,1,7202,7202
32.348665,0,9,6,0,0,16.666897,2.999300,6.024000,16.311300,1,7201,7201
32.363193,0,9,6,0,0,16.667702,5.229500,5.372400,19.402800,1,7201,7201
32.379665,0,9,6,0,0,16.666800,2.929200,3.416100,14.317500,1,7201,7201
32.396307,0,9,6,0,0,16.666800,2.850500,3.978100,16.802900,1,7201,7201
32.413520,0,9,6,0,0,16.666698,2.287400,4.577600,16.079800,1,7201,7201
32.429660,0,9,6,0,0,16.666803,2.871800,5.408600,17.618999,1,7201,7201
32.446328,0,9,6,0,0,16.666698,2.864200,4.055300,16.018400,1,7201,7201
32.462991,0,9,6,0,0,16.666901,3.036600,5.128300,17.240101,1,7201,7201
32.479927,0,9,6,0,0,16.666698,3.078000,5.283100,15.884300,1,7201,7201
32.496425,0,9,6,0,0,16.666800,2.472200,4.329600,16.946100,1,7201,7201
32.512965,0,9,6,0,0,16.666698,2.092400,3.276600,16.403500,1,7201,7201
32.529771,0,9,6,0,0,16.666698,1.856200,4.224700,17.031200,1,7201,7201
32.546369,0,9,6,0,0,16.666702,2.686200,4.877800,16.530399,1,7201,7201
32.563486,0,9,6,0,0,16.666998,2.830200,4.876900,16.461800,1,7201,7201
32.579640,0,9,6,0,0,16.666800,2.806600,5.352800,17.340401,1,7201,7201
32.597698,0,9,6,0,0,16.666800,2.933600,5.401000,16.945200,1,7201,7201
32.613139,0,9,6,0,0,16.666702,4.373700,4.663400,17.199100,1,7201,7201
32.631389,0,9,6,0,0,16.666800,2.886000,3.773600,15.379400,1,7201,7201
32.646380,0,9,6,0,0,16.666800,5.867700,5.673400,20.040701,1,7201,7201
32.663023,0,9,6,0,0,16.666800,2.870700,5.147300,13.144100,1,7201,7201
32.679779,0,9,6,0,0,16.667002,2.960500,4.660500,16.600100,1,7201,7201
32.701294,1,9,6,48,4,16.666897,2.728600,4.763300,16.933901,1,33506,33506
32.760349,1,9,12,48,4,63.859596,62.550900,4.763300,16.933901,1,33506,33506
32.776867,1,9,12,48,4,16.666901,3.936800,5.161000,8.993800,1,33506,33506
32.793836,1,9,12,48,4,16.666800,2.936200,3.901600,11.047900,1,33506,33506
32.814255,1,9,12,48,4,16.666901,2.468200,3.917900,17.263599,1,39842,39842
32.826864,1,9,12,48,4,16.666800,6.965300,4.860600,20.823099,1,39842,39842
32.843656,1,9,12,48,4,16.666800,2.430400,3.817700,12.042200,1,39842,39842
32.860312,1,9,12,48,4,16.666698,2.531600,4.165600,17.081400,1,39842,39842
32.876973,1,9,12,48,4,16.666803,2.662900,3.788000,16.462799,1,39842,39842
32.893544,1,9,12,48,4,16.666897,2.304900,5.708200,17.310699,1,39842,39842
32.915850,1,9,12,48,4,16.666702,3.097800,4.893100,15.889400,1,39399,39399
32.927191,1,9,12,48,4,16.666998,9.438600,5.478500,23.759899,1,39399,39399
32.943685,1,9,12,48,4,16.666901,3.286400,4.930200,10.783800,1,39399,39399
32.960239,1,9,12,48,4,16.666800,4.055600,4.915800,16.409599,1,39399,39399
32.977085,1,9,12,48,4,16.666702,2.813500,5.202400,15.815600,1,39399,39399
32.994023,1,9,12,48,4,16.666998,2.931500,5.025500,17.159201,1,39399,39399
33.015502,1,9,12,46,4,16.666800,3.301800,5.263300,17.144800,1,40768,40768
33.159403,1,9,12,45,4,143.122009,8.638100,0.463900,22.250500,1,43032,43032
33.315506,1,9,11,44,4,156.113510,128.745300,0.489500,149.837906,1,40921,40921
33.326160,1,9,11,44,4,16.666698,130.206207,3.946100,149.801895,1,40921,40921
33.342828,1,9,11,44,4,16.666901,2.540000,3.504400,9.672700,1,40921,40921
33.359430,1,9,11,44,4,16.666800,2.147400,3.405000,16.495701,1,40921,40921
33.376266,1,9,11,44,4,16.666901,2.073400,2.854800,16.524200,1,40921,40921
33.392883,1,9,11,44,4,16.666800,2.279200,4.018200,17.198099,1,40921,40921
33.414487,1,9,11,43,4,16.666800,3.115700,3.701500,16.927799,1,38762,38762
33.426239,1,9,11,43,4,16.666901,8.266500,4.598800,22.208500,1,38762,38762
33.443118,1,9,11,43,4,16.666901,2.940100,4.520000,10.896400,1,38762,38762
33.459444,1,9,11,43,4,16.666901,3.029300,3.597100,16.829399,1,38762,38762
33.476260,1,9,11,43,4,16.666698,3.213300,5.488700,16.772100,1,38762,38762
33.492896,1,9,11,43,4,16.666901,3.572900,4.786900,16.611300,1,38762,38762
33.514003,1,9,11,41,4,16.666901,2.941700,3.949500,16.387100,1,38756,38756
33.526138,1,9,10,41,4,16.666901,8.080800,3.611900,21.934099,1,38756,38756
33.542792,1,9,10,41,4,16.666901,2.207400,3.402100,11.204600,1,38756,38756
33.559508,1,9,10,41,4,16.666901,2.372300,3.790100,16.790501,1,38756,38756
33.576201,1,9,10,41,4,16.666901,2.465900,4.475600,16.699400,1,38756,38756
33.592850,1,9,10,41,4,16.666800,2.890900,3.123400,16.449499,1,38756,38756
33.613492,1,9,10,40,4,16.666800,2.315800,3.744800,17.250299,1,38749,38749
33.626085,1,9,9,40,4,16.666698,7.025300,4.252000,20.670401,1,38749,38749
33.643113,1,9,9,40,4,16.666901,2.303800,3.642700,12.069900,1,38749,38749
33.659462,1,9,9,40,4,16.666698,2.621200,3.777100,17.376301,1,38749,38749
33.676074,1,9,9,40,4,16.666800,6.917700,3.332000,20.299801,1,38749,38749
33.692974,1,9,9,40,4,16.666800,2.165300,3.975800,12.387300,1,38749,38749
33.713609,1,9,9,39,4,16.666800,2.437700,3.833400,16.969700,1,38416,38416
33.726115,1,9,9,39,4,16.666901,6.854200,5.504000,21.741600,1,38416,38416
33.742811,1,9,9,39,4,16.666901,2.898300,4.474400,12.001300,1,38416,38416
33.759442,1,9,9,39,4,16.666800,2.886700,4.302600,16.209900,1,38416,38416
33.776373,1,9,9,39,4,16.667002,2.605900,2.933700,16.180201,1,38416,38416
33.793056,1,9,9,39,4,16.666698,2.432500,4.258900,17.528799,1,38416,38416
33.814790,1,9,9,39,4,16.666800,3.316100,4.077300,16.771099,1,39603,39603
33.826183,1,9,9,39,4,16.666800,9.041000,4.633400,22.096901,1,39603,39603
33.842829,1,9,9,39,4,16.666800,2.679500,3.729500,10.584100,1,39603,39603
33.859405,1,9,9,39,4,16.666800,2.253800,2.918400,16.642000,1,39603,39603
33.876211,1,9,9,39,4,16.666901,1.933200,4.647500,17.373199,1,39603,39603
33.892786,1,9,9,39,4,16.666702,2.800000,4.033600,15.972400,1,39603,39603
33.914607,1,9,9,38,4,16.666897,2.174700,2.567000,16.395201,1,39629,39629
33.926188,1,9,9,38,4,16.666901,7.834200,4.037200,22.884399,1,39629,39629
33.942785,1,9,9,38,4,16.666800,2.396400,4.577000,10.640400,1,39629,39629
33.959666,1,9,9,38,4,16.666800,2.782400,4.060100,16.624599,1,39629,39629
33.976179,1,9,9,38,4,16.666901,2.719200,4.464700,16.959499,1,39629,39629
33.992798,1,9,9,38,4,16.666800,2.716800,3.829900,16.543699,1,39629,39629
34.014203,1,9,9,36,4,16.667002,2.241600,4.727900,16.439301,1,39470,39470
34.026145,1,9,8,36,4,16.666800,7.972400,3.153000,22.229000,1,39470,39470
34.159210,1,9,8,34,4,128.240906,2.815400,0.437100,11.713500,1,37271,37271
34.171152,1,9,8,34,4,16.666800,113.269096,4.178500,133.832794,1,37271,37271
34.187708,1,9,8,34,4,16.666901,5.380000,4.633200,13.714400,1,37271,37271
34.204459,1,9,8,34,4,16.666901,2.559100,4.815500,13.766600,1,37271,37271
34.221012,1,9,8,34,4,16.666800,2.845000,4.771500,16.398399,1,37271,37271
34.237845,1,9,8,34,4,16.666800,2.139800,2.720800,16.324600,1,37271,37271
34.258444,1,9,8,34,4,16.666800,2.158900,4.159500,17.289200,1,35781,35781
34.271022,1,9,8,34,4,16.666698,6.754100,4.595600,20.696100,1,35781,35781
34.287805,1,9,8,34,4,16.666698,1.964100,4.680200,12.133300,1,35781,35781
34.304456,1,9,8,34,4,16.754002,2.575500,4.166200,17.031200,1,35781,35781
34.321143,1,9,8,34,4,16.666901,2.438800,3.191500,16.544800,1,35781,35781
34.337856,1,9,8,34,4,16.666698,2.086200,4.231000,17.208300,1,35781,35781
34.359469,1,9,8,31,4,16.679201,3.096100,4.437400,16.073700,1,37094,37094
34.371230,1,9,7,31,4,16.666698,8.181100,4.347100,22.848499,1,37094,37094
34.387825,1,9,7,31,4,16.666698,2.511600,3.373200,10.777600,1,37094,37094
34.404389,1,9,7,31,4,16.666698,2.311000,4.075900,16.528400,1,37094,37094
34.421214,1,9,7,31,4,16.666901,3.003300,4.471900,16.880699,1,37094,37094
34.437812,1,9,7,31,4,16.667002,2.722600,4.957700,16.511999,1,37094,37094
34.458945,1,9,7,29,4,16.666698,2.638400,3.113800,16.502701,1,36253,36253
34.471246,1,9,7,29,4,16.666698,6.972300,3.745400,21.633101,1,36253,36253
34.487757,1,9,7,29,4,16.666901,2.191200,4.118400,11.812800,1,36253,36253
34.504620,1,9,7,29,4,16.666800,2.013500,2.838700,16.319500,1,36253,36253
34.521145,1,9,7,29,4,16.666800,2.355800,3.365800,17.373199,1,36253,36253
34.537754,1,9,7,29,4,16.666901,2.319700,3.811500,16.206900,1,36253,36253
34.558289,1,9,7,28,4,16.666901,2.662200,3.693000,16.391100,1,35406,35406
34.571171,1,9,7,28,4,16.666800,6.301000,3.592000,21.141500,1,35406,35406
34.587762,1,9,7,28,4,16.666901,1.978900,3.337200,12.582900,1,35406,35406
34.604502,1,9,7,28,4,16.666698,2.146200,4.098800,17.426500,1,35406,35406
34.621081,1,9,7,28,4,16.666800,2.440900,3.730100,15.766500,1,35406,35406
34.637967,1,9,7,28,4,16.666901,1.954400,2.564300,16.369699,1,35406,35406
34.659246,1,9,7,26,4,16.666698,2.084200,3.730900,17.285101,1,36404,36404
34.671097,1,9,6,26,4,16.666803,7.749300,4.213500,21.451799,1,36404,36404
34.687973,1,9,6,26,4,16.666800,2.299800,3.551500,11.507700,1,36404,36404
34.704541,1,9,6,26,4,16.666998,5.568900,3.472700,20.224001,1,36404,36404
34.721115,1,9,6,26,4,16.666901,2.613100,2.949500,13.184000,1,36404,36404
34.737827,1,9,6,26,4,16.666901,2.092100,4.301200,16.492500,1,36404,36404
34.757917,1,9,6,26,4,16.666800,2.500300,3.117900,16.716801,1,35914,35914
34.771296,1,9,6,26,4,16.666901,6.159000,3.995100,20.920300,1,35914,35914
34.787827,1,9,6,26,4,16.666901,2.834400,3.571200,12.739600,1,35914,35914
34.804411,1,9,6,26,4,16.666800,2.374300,3.128000,16.572399,1,35914,35914
34.821268,1,9,6,26,4,16.666698,1.844100,2.828000,16.198700,1,35914,35914
34.837775,1,9,6,26,4,16.666901,2.425100,3.950000,17.268700,1,35914,35914
34.858508,1,9,6,24,4,16.667002,2.424000,3.135600,16.209900,1,34407,34407
34.871168,1,9,5,24,4,16.666901,6.445800,3.232100,21.226500,1,34407,34407
34.887748,1,9,5,24,4,16.666800,2.163100,3.705500,12.140600,1,34407,34407
34.904620,1,9,5,24,4,16.666698,2.165200,3.072100,16.516100,1,34407,34407
34.921206,1,9,5,24,4,16.666901,2.850200,3.687700,17.522699,1,34407,34407
34.937766,1,9,5,24,4,16.666901,2.789000,3.851800,16.288700,1,34407,34407
34.959301,1,9,5,23,4,16.666800,2.338800,3.087700,16.265301,1,34241,34241
34.971231,1,9,5,23,4,16.666901,7.246000,3.224100,22.419399,1,34241,34241
35.119456,1,9,5,21,3,141.425598,3.157300,0.425500,12.124200,1,33053,33053
35.129410,1,9,4,21,3,16.667101,127.884201,4.637500,147.638199,1,33053,33053
35.145840,1,9,4,21,3,16.666698,2.441400,3.523100,9.770000,1,33053,33053
35.162641,1,9,4,21,3,16.666800,2.230100,4.756500,16.320499,1,33053,33053
35.179174,1,9,4,21,3,16.666901,2.399100,3.429600,16.663601,1,33053,33053
35.196052,1,9,4,21,3,16.666901,2.190400,2.471500,16.402399,1,33053,33053
35.216506,1,9,4,21,3,16.666901,5.818100,3.921700,20.695101,1,32554,32554
35.229180,1,9,4,21,3,16.666698,6.999400,2.861500,17.040300,1,32554,32554
35.246025,1,9,4,21,3,16.666800,1.780300,3.977200,12.366900,1,32554,32554
35.262608,1,9,4,21,3,16.666698,2.241400,3.512800,16.903200,1,32554,32554
35.279207,1,9,4,21,3,16.666901,2.361900,2.875800,17.048500,1,32554,32554
35.295980,1,9,4,21,3,16.666698,1.999500,3.805300,15.979600,1,32554,32554
35.316161,1,9,4,21,3,16.666901,2.617200,4.606900,16.868299,1,33897,33897
35.329482,1,9,4,21,3,16.666800,5.937200,3.823600,21.312500,1,33897,33897
35.346062,1,9,4,21,3,16.666800,3.214200,3.931900,12.537900,1,33897,33897
35.362634,1,9,4,21,3,16.666901,2.733500,3.602000,16.362499,1,33897,33897
35.379496,1,9,4,21,3,16.666702,2.455400,3.621200,16.397301,1,33897,33897
35.396016,1,9,4,21,3,16.666998,2.361400,4.483300,17.171400,1,33897,33897
35.417317,1,9,4,20,3,16.666800,2.697000,3.373000,16.388100,1,33390,33390
35.429302,1,9,4,20,3,16.666800,7.734800,4.329200,22.053900,1,33390,33390
35.445859,1,9,4,20,3,16.666702,2.794900,4.570300,11.134000,1,33390,33390
35.462961,1,9,4,20,3,16.666800,2.462000,2.948900,16.391100,1,33390,33390
35.479291,1,9,4,20,3,16.666698,2.619200,3.944000,17.972300,1,33390,33390
35.495921,1,9,4,20,3,16.666800,2.648400,3.715800,15.709200,1,33390,33390
35.519149,1,9,4,19,2,16.667002,2.581100,3.285900,16.507900,1,32374,32374
35.529516,1,9,4,19,2,16.666698,9.046200,3.028400,23.435200,1,32374,32374
35.545907,1,9,4,19,2,16.666901,2.245300,3.009100,10.424300,1,32374,32374
35.562707,1,9,4,19,2,16.693201,2.126100,6.515000,16.108601,1,32374,32374
35.579415,1,9,4,19,2,16.666901,2.408200,3.662000,16.812000,1,32374,32374
35.596046,1,9,4,19,2,16.666800,2.388200,2.517600,16.724001,1,32374,32374
35.617191,1,9,4,18,1,16.666800,2.394700,3.892100,16.906200,1,32207,32207
35.629300,1,9,4,18,1,16.666800,7.129200,3.332100,20.947001,1,32207,32207
35.646251,1,9,4,18,1,16.666800,2.094200,2.677700,11.941900,1,32207,32207
35.662670,1,9,4,18,1,16.666901,2.126300,3.273100,17.102800,1,32207,32207
35.679244,1,9,4,18,1,16.666800,2.092900,2.810200,16.382000,1,32207,32207
35.695961,1,9,4,18,1,16.666698,1.875000,4.230200,16.521200,1,32207,32207
35.716092,1,9,4,17,1,16.666800,2.489200,3.615400,16.690100,1,32535,32535
35.729262,1,9,4,17,1,16.666698,8.590200,3.855900,23.222300,1,32535,32535
35.745951,1,9,4,17,1,16.666698,2.296100,3.986300,10.812400,1,32535,32535
35.762546,1,9,4,17,1,16.666901,2.960300,3.811500,16.074800,1,32535,32535
35.779397,1,9,4,17,1,16.666901,2.161900,2.782200,16.426001,1,32535,32535
35.795896,1,9,4,17,1,16.666800,2.318900,3.124100,17.141800,1,32535,32535
35.816462,1,9,4,17,1,16.666901,2.215700,2.581300,16.293800,1,32037,32037
35.829279,1,9,4,17,1,16.666901,6.323700,2.928800,20.743200,1,32037,32037
35.845919,1,9,4,17,1,16.667101,1.915100,3.556100,12.596200,1,32037,32037
35.862589,1,9,4,17,1,16.666800,2.268300,2.416000,16.568399,1,32037,32037
35.879214,1,9,4,17,1,16.666698,1.842400,3.592600,17.572800,1,32037,32037
35.895861,1,9,4,17,1,16.666698,2.334100,3.476800,15.856700,1,32037,32037
35.917342,1,9,4,17,1,16.666901,2.526600,2.659200,16.525299,1,31864,31864
35.929270,1,9,4,17,1,16.666901,7.048900,2.711500,21.802000,1,31864,31864
35.945864,1,9,4,17,1,16.666800,2.474700,3.404600,11.884500,1,31864,31864
35.962777,1,9,4,17,1,16.666800,2.219700,3.793900,16.316401,1,31864,31864
35.979336,1,9,4,17,1,16.666901,2.743300,4.086800,17.081400,1,31864,31864
35.995890,1,9,4,17,1,16.666698,2.249600,3.320200,16.615400,1,31864,31864
36.016468,1,9,4,17,1,16.666800,2.255200,3.777200,17.591299,1,32027,32027
36.029205,1,9,4,17,1,16.666800,6.497100,2.795500,19.429399,1,32027,32027
36.046087,1,9,4,17,1,16.666901,1.564100,2.545900,12.632000,1,32027,32027
36.062849,1,9,4,17,1,16.702700,2.312700,3.266700,17.178600,1,32027,32027
36.079305,1,9,4,17,1,16.666901,2.811800,4.703800,17.414101,1,32027,32027
36.095967,1,9,4,17,1,16.666901,3.177400,4.472200,15.568900,1,32027,32027
36.117594,1,9,4,17,1,16.667002,2.245400,3.730900,16.648199,1,32040,32040
36.129408,1,9,4,17,1,16.666698,7.341300,3.596700,22.090799,1,32040,32040
36.145914,1,9,4,17,1,16.666800,3.163900,3.884000,11.956200,1,32040,32040
36.163046,1,9,4,17,1,16.666901,2.720700,3.852400,15.837200,1,32040,32040
36.179809,1,9,4,17,1,16.694901,2.560200,5.291800,17.355700,1,32040,32040
36.196115,1,9,4,17,1,16.667002,2.937600,2.666600,16.741400,1,32040,32040
36.218540,1,9,4,17,1,16.666901,2.120800,4.990700,16.468000,1,32208,32208
36.229638,1,9,4,17,1,16.695797,12.753400,4.733300,26.401800,1,32208,32208
36.246181,1,9,4,17,1,16.666800,3.070100,4.352100,7.034900,1,32208,32208
36.262946,1,9,4,17,1,16.666702,2.600600,3.769300,16.691200,1,32208,32208
36.279333,1,9,4,17,1,16.666800,2.659700,3.151500,16.596901,1,32208,32208
36.296163,1,9,4,17,1,16.666897,2.116700,3.365300,16.202801,1,32208,32208
36.316942,1,9,4,17,1,16.666702,2.610900,3.677700,16.938999,1,32374,32374
36.329309,1,9,4,17,1,16.666901,6.318700,4.324900,20.813801,1,32374,32374
36.346063,1,9,4,17,1,16.666800,2.577700,4.239900,12.205100,1,32374,32374
36.362644,1,9,4,17,1,16.666800,2.448400,3.842800,16.765900,1,32374,32374
36.379588,1,9,4,17,1,16.666800,2.166700,2.561800,16.450600,1,32374,32374
36.396107,1,9,4,17,1,16.666901,2.422100,4.246500,17.375200,1,32374,32374
36.416962,1,9,4,17,1,16.666800,2.910800,3.890100,16.534599,1,32206,32206
36.429515,1,9,4,17,1,16.666698,7.404200,3.235600,21.011400,1,32206,32206
36.446086,1,9,4,17,1,16.666800,2.788800,3.848700,12.741600,1,32206,32206
36.462671,1,9,4,17,1,16.666800,2.186800,2.813800,15.912000,1,32206,32206
36.479409,1,9,4,17,1,16.666800,2.110700,3.670100,16.561100,1,32206,32206
36.496039,1,9,4,17,1,16.666901,2.323400,3.888400,16.813101,1,32206,32206
36.517025,1,9,4,17,1,16.666901,2.109300,2.468300,16.446501,1,32040,32040
36.529408,1,9,4,17,1,16.666901,6.299100,3.038300,21.351400,1,32040,32040
36.545978,1,9,4,17,1,16.666901,2.644800,3.460600,12.334100,1,32040,32040
36.562959,1,9,4,17,1,16.666698,2.304300,3.311600,16.263100,1,32040,32040
36.579406,1,9,4,17,1,16.666901,2.379400,3.345900,17.176600,1,32040,32040
36.595957,1,9,4,17,1,16.666901,1.945000,2.588100,16.441299,1,32040,32040
36.616648,1,9,4,17,1,16.666800,1.735300,3.597200,16.382999,1,32039,32039
36.629441,1,9,4,17,1,16.666698,6.477200,2.566100,20.901899,1,32039,32039
36.646177,1,9,4,17,1,16.666800,1.914700,2.531600,12.587000,1,32039,32039
36.662814,1,9,4,17,1,16.666901,2.185000,3.486300,17.141800,1,32039,32039
36.679305,1,9,4,17,1,16.666800,2.836400,3.507700,16.570299,1,32039,32039
36.696183,1,9,4,17,1,16.666901,2.184100,2.801900,16.096300,1,32039,32039
36.712829,1,9,4,17,1,16.666800,2.341200,4.063400,17.139700,1,32039,32039
36.729289,1,9,4,17,1,16.666800,2.257400,2.980100,16.560101,1,32039,32039
36.746046,1,9,4,17,1,16.666800,5.698100,4.212300,19.872801,1,32039,32039
36.762653,1,9,4,17,1,16.666800,2.080200,3.360900,13.355000,1,32039,32039
36.779400,1,9,4,17,1,16.666901,2.143500,2.388700,16.431101,1,32039,32039
36.796024,1,9,4,17,1,16.666800,1.827700,3.708900,17.434601,1,32039,32039
36.812669,1,9,4,17,1,16.666901,2.459100,3.243000,16.112700,1,32039,32039
36.829506,1,9,4,17,1,16.666800,2.321500,3.186500,16.483299,1,32039,32039
36.846143,1,9,4,17,1,16.666800,2.168000,4.586500,17.204201,1,32039,32039
36.867149,2,9,4,17,0,16.666901,2.440900,3.409800,16.452600,1,32040,32040
36.911230,2,9,4,17,0,48.570499,48.150799,3.409800,16.452600,1,32040,32040
36.928004,2,9,4,17,0,16.673800,2.519600,5.330400,7.508000,1,32040,32040
36.944582,2,9,4,17,0,16.666803,2.914900,4.263900,11.894800,1,32040,32040
36.961383,2,9,4,17,0,16.666897,2.603700,2.726400,16.405500,1,32040,32040
36.977943,2,9,4,17,0,16.666800,2.207600,4.389800,18.089001,1,32040,32040
36.994562,2,9,4,17,0,16.666803,3.051200,3.390600,15.671300,1,32040,32040
37.011343,2,9,4,17,0,16.666897,2.467000,3.199600,16.224199,1,32040,32040
37.029817,2,9,4,17,0,16.666901,2.298700,3.542800,16.994301,1,32040,32040
37.044561,2,9,4,17,0,16.666901,4.248200,2.680500,18.314301,1,32040,32040
37.061290,2,9,4,17,0,16.666800,2.139900,3.901600,14.735300,1,32040,32040
37.077894,2,9,4,17,0,16.666702,2.563300,4.091500,16.871401,1,32040,32040
37.095443,2,9,4,17,0,16.666897,2.430100,2.596200,16.418900,1,32040,32040
37.111246,2,9,4,17,0,16.666800,2.902700,3.683400,18.019300,1,32040,32040
37.128883,0,10,4,0,0,16.666901,2.385900,3.971900,15.534100,1,8205,8205
37.175767,0,10,6,0,0,46.914501,46.717999,3.971900,15.534100,1,8205,8205
37.191521,0,10,6,0,0,16.666998,3.716700,4.528800,9.060400,1,8205,8205
37.208130,0,10,6,0,0,16.666800,2.008500,4.080000,11.566000,1,8205,8205
37.224753,0,10,6,0,0,16.666901,2.299400,3.778000,15.353900,1,8205,8205
37.242662,0,10,6,0,0,16.666901,2.221800,3.007400,16.560101,1,8205,8205
37.258433,0,10,6,0,0,16.666901,5.163100,3.742000,19.863600,1,8205,8205
37.274747,0,10,6,0,0,16.666901,2.869400,3.214200,14.283700,1,8205,8205
37.291539,0,10,6,0,0,16.666901,1.923300,3.059600,15.819800,1,8205,8205
37.309034,0,10,6,0,0,16.666901,4.213500,3.378100,19.548201,1,8205,8205
37.324809,0,10,6,0,0,16.666698,3.879700,2.874000,15.005700,1,8205,8205
37.341472,0,10,6,0,0,16.666698,1.767000,3.520100,15.645700,1,8205,8205
37.358071,0,10,6,0,0,16.666901,1.886000,3.826700,16.609301,1,8205,8205
37.375613,0,10,6,0,0,16.667002,1.786400,2.926000,16.484301,1,8205,8205
37.393415,0,10,6,0,0,16.666901,2.516900,3.107200,17.947701,1,8204,8204
37.408086,0,10,6,0,0,16.666901,3.881700,2.454800,17.514500,1,8204,8204
37.424881,0,10,6,0,0,16.666901,1.492600,2.806900,14.610400,1,8204,8204
37.441448,0,10,6,0,0,16.666698,2.006400,3.978300,16.926701,1,8204,8204
37.579707,0,10,6,0,0,137.275696,2.281300,0.378500,17.002501,1,8204,8204
37.595725,0,10,6,0,0,16.666698,117.567902,4.558900,140.356598,1,8204,8204
37.612319,0,10,6,0,0,16.674500,3.111600,4.486400,13.502500,1,8204,8204
37.628833,0,10,6,0,0,16.666698,2.390200,3.456200,17.062901,1,8204,8204
37.646926,0,10,6,0,0,16.666702,1.952900,4.219300,17.326099,1,8204,8204
37.662256,0,10,6,0,0,16.666998,4.726500,3.643900,17.029100,1,8204,8204
37.678824,0,10,6,0,0,16.666901,2.248100,3.637500,15.002600,1,8204,8204
37.695632,0,10,6,0,0,16.666901,2.281600,4.357200,17.019899,1,8204,8204
37.712197,0,10,6,0,0,16.666901,2.627500,3.735400,16.799801,1,8204,8204
37.729051,0,10,6,0,0,16.666800,2.490700,3.651500,16.184299,1,8204,8204
37.745517,0,10,6,0,0,16.666800,2.533200,3.201500,16.767000,1,8204,8204
37.762339,0,10,6,0,0,16.667101,4.079000,4.110700,18.767799,1,8204,8204
37.778738,0,10,6,0,0,16.666800,2.635000,2.933200,14.750700,1,8204,8204
37.795694,0,10,6,0,0,16.666800,1.788000,3.643000,16.149500,1,8204,8204
37.812087,0,10,6,0,0,16.666698,2.355500,3.823700,17.035299,1,8204,8204
37.828738,0,10,6,0,0,16.666800,1.958100,3.566300,16.460800,1,8204,8204
37.845476,0,10,6,0,0,16.666901,2.318300,3.632600,16.567301,1,8204,8204
37.862058,0,10,6,0,0,16.666698,2.263000,3.763100,16.715799,1,8204,8204
37.878998,0,10,6,0,0,16.666800,2.304000,2.656800,16.530399,1,8204,8204
37.897098,0,10,6,0,0,16.666800,1.948600,4.455000,17.104900,1,8206,8206
37.912067,0,10,6,0,0,16.667002,4.081200,2.960600,17.968100,1,8206,8206
37.928947,0,10,6,0,0,16.666800,1.557300,3.727000,14.982200,1,8206,8206
37.945743,0,10,6,0,0,16.666698,2.129800,4.116300,17.012699,1,8206,8206
37.962146,0,10,6,0,0,16.666800,2.217500,2.898000,16.715799,1,8206,8206
37.978784,0,10,6,0,0,16.671204,1.895800,4.267900,16.533501,1,8206,8206
37.995402,0,10,6,0,0,16.666800,2.424500,4.491500,16.498699,1,8206,8206
38.012530,0,10,6,0,0,16.666698,2.094300,2.644900,16.528400,1,8206,8206
38.028819,0,10,6,0,0,16.666800,2.298600,3.563200,17.383400,1,8206,8206
38.045359,0,10,6,0,0,16.666800,2.311500,4.060800,6.005800,1,8206,8206
38.062276,0,10,6,0,0,16.666901,2.283500,3.744700,5.624800,1,8206,8206
38.079223,0,10,6,0,0,16.666800,2.343900,5.085100,17.374201,1,8206,8206
38.095468,0,10,6,0,0,16.666800,2.718700,2.792200,16.569300,1,8206,8206
38.112135,0,10,6,0,0,16.666698,1.895300,4.295400,16.302099,1,8206,8206
38.128723,0,10,6,0,0,16.666698,2.434100,4.588700,16.685101,1,8206,8206
38.147852,0,10,6,0,0,16.666800,2.182900,3.033000,16.419800,1,8206,8206
38.162192,0,10,6,0,0,16.667101,4.623400,5.189600,19.457001,1,8206,8206
38.178846,0,10,6,0,0,16.666901,2.160600,4.616200,14.259200,1,8206,8206
38.195391,0,10,6,0,0,16.666800,2.578100,4.460300,16.547899,1,8206,8206
38.212063,0,10,6,0,0,16.666901,1.966800,2.459800,16.392200,1,8206,8206
38.229267,0,10,6,0,0,16.666800,1.692300,3.697900,17.630199,1,8206,8206
38.245370,0,10,6,0,0,16.666901,2.607900,3.211700,16.525299,1,8206,8206
38.262165,0,10,6,0,0,16.666901,1.944200,3.373100,15.846400,1,8206,8206
38.278852,0,10,6,0,0,16.666800,3.680800,3.936900,18.913300,1,8206,8206
38.301516,1,10,6,80,8,16.666800,3.209300,2.776600,14.825500,1,43016,43016
38.354171,1,10,10,80,8,58.580902,57.377701,2.776600,14.825500,1,43016,43016
38.370776,1,10,10,80,8,16.666800,3.091400,3.719200,8.662000,1,43016,43016
38.387568,1,10,10,80,8,16.666698,2.495900,4.068800,10.815500,1,43016,43016
38.408955,1,10,10,80,8,16.666800,2.435300,3.448700,16.933901,1,51975,51975
38.420931,1,10,10,80,8,16.666800,7.746900,5.229400,21.893101,1,51975,51975
38.437990,1,10,10,80,8,16.666800,3.216500,3.662600,11.403200,1,51975,51975
38.454087,1,10,10,80,8,16.666901,2.709400,3.619300,16.865299,1,51975,51975
38.470768,1,10,10,80,8,16.666901,2.388800,3.862300,17.741800,1,51975,51975
38.487389,1,10,10,80,8,16.667002,2.616700,3.974600,15.657000,1,51975,51975
38.510569,1,10,10,80,8,16.666800,2.859100,2.796800,16.100401,1,63621,63621
38.520878,1,10,10,80,8,16.666800,8.966900,2.999100,23.806900,1,63621,63621
38.537357,1,10,10,80,8,16.666998,2.399600,3.894700,10.177600,1,63621,63621
38.554052,1,10,10,80,8,16.666901,2.553900,3.991300,16.254900,1,63621,63621
38.570844,1,10,10,80,8,16.666901,2.151500,3.850000,16.366600,1,63621,63621
38.587544,1,10,10,80,8,16.666698,2.235300,4.044300,17.055799,1,63621,63621
38.615094,1,10,10,76,8,16.666901,2.649000,4.885300,16.988100,1,62324,62324
38.757532,1,10,9,74,8,146.296509,14.421000,0.397900,27.792400,1,63497,63497
38.766967,1,10,9,74,8,16.666901,121.696602,4.346100,143.360001,1,63497,63497
38.909031,1,10,9,70,8,134.137894,7.286300,0.363700,13.068300,1,60341,60341
38.917948,1,10,8,70,8,16.666901,119.891998,3.106400,138.093597,1,60341,60341
38.934648,1,10,8,70,8,16.671099,2.287100,4.034300,7.631800,1,60341,60341
38.951260,1,10,8,70,8,16.666901,2.089900,2.782400,16.579599,1,60341,60341
38.967871,1,10,8,70,8,16.666901,2.011500,5.328000,16.927799,1,60341,60341
38.984466,1,10,8,70,8,16.666901,2.588500,4.285300,16.418800,1,60341,60341
39.008195,1,10,8,64,8,16.666901,2.584700,3.322500,16.343000,1,57097,57097
39.017981,1,10,8,64,8,16.666698,9.636700,3.409400,24.537100,1,57097,57097
39.034480,1,10,8,64,8,16.666800,2.500200,3.152700,9.543700,1,57097,57097
39.051317,1,10,8,64,8,16.666800,2.023900,3.561400,16.095200,1,57097,57097
39.067893,1,10,8,64,8,16.666901,2.199400,4.813200,17.171499,1,57097,57097
39.084581,1,10,8,64,8,16.666800,2.196700,2.814400,16.369699,1,57097,57097
39.107792,1,10,8,61,8,16.666800,2.077300,3.648800,16.779200,1,53934,53934
39.117952,1,10,7,61,8,16.666800,9.139500,3.509300,23.480301,1,53934,53934
39.134599,1,10,7,61,8,16.666901,2.400200,2.838800,9.925700,1,53934,53934
39.151388,1,10,7,61,8,16.666901,2.276500,3.593800,17.389500,1,53934,53934
39.167825,1,10,7,61,8,16.666800,2.969400,2.869100,16.594999,1,53934,53934
39.184641,1,10,7,61,8,16.666800,2.636200,3.372200,15.601600,1,53934,53934
39.207495,1,10,7,59,8,16.666901,2.735400,3.608400,17.123400,1,50599,50599
39.217835,1,10,7,59,8,16.666901,9.243500,3.447600,23.437300,1,50599,50599
39.234522,1,10,7,59,8,16.666901,2.214900,3.629600,9.626600,1,50599,50599
39.251192,1,10,7,59,8,16.666800,2.230900,4.350800,16.710699,1,50599,50599
39.267826,1,10,7,59,8,16.666800,2.816700,3.032600,16.519100,1,50599,50599
39.284536,1,10,7,59,8,16.666800,6.393500,3.847700,21.310499,1,50599,50599
39.306719,1,10,7,56,6,16.666698,3.177300,3.183500,12.768300,1,51091,51091
39.317960,1,10,7,56,6,16.666901,9.393000,5.607800,22.343599,1,51091,51091
39.334638,1,10,7,56,6,16.666901,2.791800,4.194900,10.768400,1,51091,51091
39.351230,1,10,7,56,6,16.666702,2.381500,3.026300,16.485399,1,51091,51091
39.367951,1,10,7,56,6,16.666800,2.107000,4.195800,16.631800,1,51091,51091
39.384487,1,10,7,56,6,16.666800,2.827000,4.318300,16.774099,1,51091,51091
39.407864,1,10,7,52,3,16.666800,2.345000,3.168200,16.221201,1,51581,51581
39.417901,1,10,6,52,3,16.666998,9.415800,3.441800,24.289301,1,51581,51581
39.434480,1,10,6,52,3,16.666901,2.419900,4.353000,9.563100,1,51581,51581
39.451219,1,10,6,52,3,16.666702,3.058800,3.937000,16.219200,1,51581,51581
39.468089,1,10,6,52,3,16.666897,2.424400,5.204700,17.068001,1,51581,51581
39.484480,1,10,6,52,3,16.666901,3.887200,4.356500,17.601500,1,51581,51581
39.509497,1,10,6,52,3,16.666702,2.316800,4.591900,15.615000,1,51760,51760
39.517999,1,10,6,52,3,16.666800,11.269300,4.164500,25.673800,1,51760,51760
39.534587,1,10,6,52,3,16.666698,2.843100,4.400000,7.780300,1,51760,51760
39.551281,1,10,6,52,3,16.666800,2.460300,5.219000,17.616899,1,51760,51760
39.567813,1,10,6,52,3,16.666800,2.807900,3.870000,15.883300,1,51760,51760
39.584703,1,10,6,52,3,16.666901,2.583100,3.780700,16.029699,1,51760,51760
39.607175,1,10,6,51,2,16.666901,2.714400,3.999100,17.247200,1,52605,52605
39.617812,1,10,6,51,2,16.666800,8.529000,4.739700,22.482901,1,52605,52605
39.634611,1,10,6,51,2,16.666698,2.364300,4.757400,10.433600,1,52605,52605
39.651412,1,10,6,51,2,16.666901,2.828300,5.740100,17.232901,1,52605,52605
39.667844,1,10,6,51,2,16.666698,3.154500,5.403200,18.487301,1,52605,52605
39.684502,1,10,6,51,2,16.666901,2.934400,4.790900,14.384100,1,52605,52605
39.709077,1,10,6,50,2,16.666901,2.434700,5.064400,16.642000,1,52435,52435
39.718017,1,10,6,50,2,16.666698,11.811900,5.728700,25.595900,1,52435,52435
39.734545,1,10,6,50,2,16.675402,3.117300,3.844300,8.088600,1,52435,52435
39.751216,1,10,6,50,2,16.666800,2.496000,4.230000,16.487400,1,52435,52435
39.767983,1,10,6,50,2,16.666800,2.738900,4.159200,16.569401,1,52435,52435
39.784614,1,10,6,50,2,16.666901,7.859200,4.272600,21.885900,1,52435,52435
39.801230,1,10,6,50,2,16.666800,2.492800,3.479500,11.444300,1,52435,52435
39.817849,1,10,6,50,2,16.666800,2.046400,4.343300,17.523701,1,52435,52435
39.834413,1,10,6,50,2,16.666901,2.123600,3.317600,16.320499,1,52435,52435
39.851186,1,10,6,50,2,16.666800,2.989300,3.227400,15.739900,1,52435,52435
39.867780,1,10,6,50,2,16.666901,2.090400,3.201200,16.796700,1,52435,52435
39.884420,1,10,6,50,2,16.666698,1.894700,3.575400,16.620501,1,52435,52435
39.901232,1,10,6,50,2,16.666698,1.841100,3.142400,16.624599,1,52435,52435
39.917809,1,10,6,50,2,16.666698,2.535600,3.905500,16.999500,1,52435,52435
39.934476,1,10,6,50,2,16.666800,2.498400,2.462000,16.284599,1,52435,52435
39.957877,2,10,6,48,0,16.666901,1.728700,3.426400,16.740400,1,54098,54098
40.013439,2,10,6,48,0,62.245701,61.180698,3.426400,16.740400,1,54098,54098
40.030007,2,10,6,48,0,16.666901,3.167400,4.670100,7.684100,1,54098,54098
40.046848,2,10,6,48,0,16.666698,2.516000,4.627600,11.827200,1,54098,54098
40.098338,2,10,6,48,0,51.623501,50.959999,4.627600,11.827200,1,54098,54098
40.115034,2,10,6,48,0,16.666901,3.343200,5.442700,8.318000,1,54098,54098
40.131639,2,10,6,48,0,16.666800,2.910900,4.035900,11.617200,1,54098,54098
40.148380,2,10,6,48,0,16.666800,2.606500,4.100900,16.345100,1,54098,54098
40.165111,2,10,6,48,0,16.666800,2.467100,3.988300,16.842800,1,54098,54098
40.181632,2,10,6,48,0,16.666800,2.551700,3.986700,16.820200,1,54098,54098
40.198469,2,10,6,48,0,16.666800,2.653900,3.742900,16.308201,1,54098,54098
40.217851,0,11,6,0,0,16.666800,3.000500,4.932700,17.178699,1,8553,8553
40.270147,0,11,6,0,0,55.137302,55.330299,4.932700,17.178699,1,8553,8553
40.287015,0,11,6,0,0,16.666800,4.711600,4.179800,8.292300,1,8553,8553
40.303519,0,11,6,0,0,16.675598,4.932400,5.408100,13.069300,1,8555,8555
40.320259,0,11,6,0,0,16.666800,3.164000,4.285600,14.811200,1,8555,8555
40.336826,0,11,6,0,0,16.666698,2.808800,4.713000,16.474100,1,8555,8555
40.353809,0,11,6,0,0,16.666698,2.147500,2.944900,16.344000,1,8555,8555
40.370270,0,11,6,0,0,16.666803,2.100800,3.824400,17.000500,1,8555,8555
40.386947,0,11,6,0,0,16.666800,2.464900,3.805800,16.841700,1,8555,8555
40.403609,0,11,6,0,0,16.666800,2.773500,4.285800,16.475201,1,8555,8555
40.420704,0,11,6,0,0,16.666698,2.620900,3.363400,16.600000,1,8555,8555
40.436873,0,11,6,0,0,16.666800,2.555800,5.314500,17.143801,1,8555,8555
40.453527,0,11,6,0,0,16.666800,2.557100,4.117500,16.154600,1,8555,8555
40.472093,0,11,6,0,0,16.666901,2.553000,5.730800,16.788500,1,8553,8553
40.487260,0,11,6,0,0,16.666800,8.285400,4.082800,21.856300,1,8552,8552
40.503554,0,11,6,0,0,16.666901,3.709500,4.523000,11.891700,1,8552,8552
40.520295,0,11,6,0,0,16.666698,2.562000,3.928300,16.253901,1,8552,8552
40.656089,0,11,6,0,0,134.930695,2.844300,0.456700,16.639000,1,8552,8552
40.671880,0,11,6,0,0,16.666800,112.212196,3.529500,135.911407,1,8552,8552
40.688569,0,11,6,0,0,16.691599,2.480400,4.680900,15.707200,1,8552,8552
40.705786,0,11,6,0,0,16.666800,2.824600,3.637100,16.793600,1,8552,8552
40.723554,0,11,6,0,0,16.666702,3.115900,4.309700,16.961500,1,8551,8551
40.738435,0,11,6,0,0,16.666800,4.063600,3.522500,17.898500,1,8551,8551
40.755198,0,11,6,0,0,16.666698,2.174700,3.468000,14.673900,1,8551,8551
40.772077,0,11,6,0,0,16.666698,2.027900,5.181900,17.083401,1,8551,8551
40.788495,0,11,6,0,0,16.666800,4.713300,3.266100,18.819099,1,8551,8551
40.805127,0,11,6,0,0,16.666901,2.226900,3.769600,14.353400,1,8551,8551
40.821781,0,11,6,0,0,16.666800,2.625800,3.828400,16.415800,1,8551,8551
40.838696,0,11,6,0,0,16.667002,1.946200,2.661300,16.845800,1,8551,8551
40.855132,0,11,6,0,0,16.667002,2.138000,4.441900,16.749500,1,8551,8551
40.871924,0,11,6,0,0,16.666698,2.126200,4.434900,16.539700,1,8551,8551
40.888480,0,11,6,0,0,16.666698,2.791100,4.752300,17.141800,1,8551,8551
40.905260,0,11,6,0,0,16.666698,2.739900,3.089300,16.122801,1,8551,8551
40.921745,0,11,6,0,0,16.666901,1.944200,4.001000,16.784401,1,8551,8551
40.938530,0,11,6,0,0,16.667702,2.173800,3.703300,16.561199,1,8551,8551
40.955251,0,11,6,0,0,16.666901,2.540400,4.425600,16.824301,1,8551,8551
40.973686,0,11,6,0,0,16.666901,2.333600,3.825500,16.751600,1,8551,8551
40.988679,0,11,6,0,0,16.666800,4.456700,3.977300,18.547701,1,8551,8551
41.005153,0,11,6,0,0,16.666998,2.395600,4.587000,14.881800,1,8551,8551
41.021827,0,11,6,0,0,16.667002,2.710700,3.856500,16.287800,1,8551,8551
41.038556,0,11,6,0,0,16.666800,2.002500,3.794200,16.847799,1,8551,8551
41.055230,0,11,6,0,0,16.666901,2.449000,3.447300,16.823299,1,8551,8551
41.071762,0,11,6,0,0,16.666800,2.164600,3.884300,16.378901,1,8551,8551
41.088475,0,11,6,0,0,16.666901,2.392100,3.209700,16.550900,1,8551,8551
41.105139,0,11,6,0,0,16.666800,1.872300,2.936800,16.812099,1,8551,8551
41.121897,0,11,6,0,0,16.666901,1.851500,3.175100,16.597000,1,8551,8551
41.138397,0,11,6,0,0,16.667002,1.970300,3.756200,16.871401,1,8551,8551
41.155105,0,11,6,0,0,16.666901,2.440800,3.330200,16.317400,1,8551,8551
41.171809,0,11,6,0,0,16.666800,1.985300,3.788800,18.174000,1,8551,8551
41.188558,0,11,6,0,0,16.666901,1.951700,4.376000,15.441900,1,8551,8551
41.205065,0,11,6,0,0,16.666901,2.356500,3.313400,16.566299,1,8551,8551
41.223027,0,11,6,0,0,16.666897,2.113300,3.234800,16.464899,1,8551,8551
41.238444,0,11,6,0,0,16.666901,2.961000,4.297800,18.120701,1,8551,8551
41.255344,0,11,6,0,0,16.666800,2.102100,2.957500,15.508400,1,8551,8551
41.271752,0,11,6,0,0,16.666800,2.306500,3.151100,16.685101,1,8551,8551
41.288419,0,11,6,0,0,16.666702,1.896600,2.680300,16.415701,1,8551,8551
41.305114,0,11,6,0,0,16.666800,3.715000,5.305400,18.556999,1,8551,8551
41.321729,0,11,6,0,0,16.666901,2.223100,3.586300,15.131600,1,8551,8551
41.343311,1,11,6,48,4,16.666901,2.336200,3.423800,16.298000,1,29198,29198
41.408221,1,11,12,48,4,69.677994,69.387100,3.423800,16.298000,1,29198,29198
41.425017,1,11,12,48,4,16.666800,2.717000,4.956800,8.924200,1,29198,29198
41.446673,1,11,12,48,4,16.667002,2.814100,4.121900,10.664900,1,34884,34884
41.458253,1,11,12,48,4,16.667002,8.459300,3.236700,21.659700,1,34884,34884
41.474877,1,11,12,48,4,16.666800,2.209100,3.221400,11.507700,1,34884,34884
41.491524,1,11,12,48,4,16.666901,2.822400,2.962300,17.269699,1,34884,34884
41.508287,1,11,12,48,4,16.666800,2.083400,3.623300,15.944700,1,34884,34884
41.524896,1,11,12,48,4,16.666800,2.345000,3.967300,16.911400,1,34884,34884
41.546683,1,11,12,48,4,16.666901,2.476400,3.596200,16.483299,1,41225,41225
41.558323,1,11,12,48,4,16.666800,8.078800,3.649500,22.897699,1,41225,41225
41.575025,1,11,12,48,4,16.666698,2.836700,4.506300,10.773500,1,41225,41225
41.591596,1,11,12,48,4,16.666698,3.098800,3.230800,16.449499,1,41225,41225
41.608245,1,11,12,48,4,16.666901,2.078200,3.818700,16.644100,1,41225,41225
41.624971,1,11,12,48,4,16.666901,2.422600,3.153200,16.962601,1,41225,41225
41.647606,1,11,12,47,4,16.666901,2.545800,4.481800,16.696301,1,42250,42250
41.794193,1,11,12,44,4,146.758789,9.564000,0.457900,23.268400,1,43142,43142
41.805037,1,11,10,44,4,16.666800,129.575500,4.348700,23.268400,1,43142,43142
41.944736,1,11,10,43,4,134.537689,3.900600,0.402400,7.350300,1,41473,41473
41.956143,1,11,10,43,4,16.666901,120.870102,6.048500,137.977798,1,41473,41473
41.973008,1,11,10,43,4,16.666901,2.607700,3.976300,10.999900,1,41473,41473
41.989493,1,11,10,43,4,16.666901,2.844400,3.336300,16.546801,1,41473,41473
42.006283,1,11,10,43,4,16.667002,2.337900,3.795600,16.055300,1,41473,41473
42.023192,1,11,10,43,4,16.666901,2.670300,4.200800,17.035200,1,41473,41473
42.043689,1,11,10,43,4,16.666698,2.893200,2.824300,16.779301,1,39624,39624
42.056512,1,11,10,43,4,16.666698,7.117800,4.579500,21.305300,1,39624,39624
42.072881,1,11,10,43,4,16.666901,3.143300,5.992600,12.128300,1,39624,39624
42.089568,1,11,10,43,4,16.666901,2.998200,3.944400,16.119801,1,39624,39624
42.106399,1,11,10,43,4,16.667002,2.157800,4.908900,16.634899,1,39624,39624
42.122924,1,11,10,43,4,16.666800,2.883800,3.851800,17.301500,1,39624,39624
42.147999,1,11,10,40,4,16.666698,2.832400,4.137700,16.257999,1,40282,40282
42.156489,1,11,10,40,4,16.666698,11.677700,5.517400,25.693199,1,40282,40282
42.174540,1,11,10,40,4,16.841002,3.317000,4.497300,8.144900,1,40282,40282
42.190429,1,11,10,40,4,16.966999,4.448300,5.451700,18.159599,1,40282,40282
42.206852,1,11,10,40,4,16.667601,6.290100,5.641800,16.341999,1,40282,40282
42.224156,1,11,10,40,4,16.719099,3.595800,6.489400,16.014400,1,40282,40282
42.249662,1,11,10,40,4,17.048500,9.598700,6.256900,18.086901,1,40779,40779
42.257079,1,11,10,40,4,16.666800,18.193300,6.256900,18.086901,1,40779,40779
42.273957,1,11,10,40,4,16.666901,3.874300,6.261400,10.219500,1,40779,40779
42.290725,1,11,10,40,4,16.825798,3.621700,6.317400,12.615700,1,40779,40779
42.310173,1,11,10,40,4,18.806402,4.304600,5.645500,17.275900,1,40779,40779
42.328016,1,11,10,40,4,18.506699,15.766000,6.163100,28.640301,1,40779,40779
42.358072,1,11,10,37,4,18.843201,3.385100,6.116400,10.630100,1,38941,38941
42.365335,1,11,8,37,4,18.477100,19.268801,6.116400,10.630100,1,38941,38941
42.382463,1,11,8,37,4,17.046198,5.483800,6.488500,9.559000,1,38941,38941
42.399225,1,11,8,37,4,16.762699,4.065500,5.755600,11.854900,1,38941,38941
42.418277,1,11,8,37,4,18.771902,4.954800,6.608300,16.661501,1,38941,38941
42.434724,1,11,8,37,4,16.666901,3.683500,5.833100,19.436501,1,38941,38941
42.460115,1,11,8,36,4,16.666698,3.669100,6.667400,16.179199,1,39940,39940
42.467884,1,11,8,36,4,16.675301,13.666600,6.667400,16.179199,1,39940,39940
42.484498,1,11,8,36,4,16.666901,4.643400,5.438100,12.258300,1,39940,39940
42.501271,1,11,8,36,4,16.666800,4.754100,5.649800,10.972200,1,39940,39940
42.517760,1,11,8,36,4,16.666901,3.058200,4.578200,16.125999,1,39940,39940
42.534586,1,11,8,36,4,16.666800,2.698800,4.291500,16.448500,1,39940,39940
42.559128,1,11,8,36,4,16.678497,3.082400,4.943000,17.015800,1,39966,39966
42.567890,1,11,8,36,4,16.666901,12.179600,5.292300,25.742300,1,39966,39966
42.584684,1,11,8,36,4,16.666800,3.793400,4.051600,7.763000,1,39966,39966
42.601325,1,11,8,36,4,16.667601,3.310000,5.929800,17.501200,1,39966,39966
42.617882,1,11,8,36,4,16.667002,4.066800,6.164800,15.710200,1,39966,39966
42.634749,1,11,8,36,4,16.666901,4.458300,5.112700,16.620501,1,39966,39966
42.657569,1,11,8,35,4,16.666800,3.114200,5.666100,16.789499,1,40158,40158
42.667888,1,11,8,35,4,16.666901,11.172700,5.619600,23.940100,1,40158,40158
42.684735,1,11,8,35,4,16.693201,2.878000,4.168900,8.930300,1,40158,40158
42.701640,1,11,8,35,4,16.848799,2.906300,7.090200,17.098801,1,40158,40158
42.718275,1,11,8,35,4,16.667002,6.585300,5.915900,16.854000,1,40158,40158
42.734756,1,11,8,35,4,16.669798,3.658600,6.879500,17.330200,1,40158,40158
42.760274,1,11,8,35,4,16.666800,3.416900,8.174500,16.204800,1,40167,40167
42.768800,1,11,8,35,4,16.689899,14.123400,5.551000,25.947100,1,40167,40167
42.784769,1,11,8,35,4,16.666698,3.643300,5.136200,7.624700,1,40167,40167
42.801751,1,11,8,35,4,16.667002,3.125400,4.118300,16.026600,1,40167,40167
42.818239,1,11,8,35,4,16.666901,3.549700,6.135200,17.120300,1,40167,40167
42.834787,1,11,8,35,4,16.666800,8.308500,5.106600,21.099501,1,40167,40167
42.857586,1,11,8,33,4,16.666698,2.635300,5.609900,11.562000,1,38648,38648
42.868239,1,11,8,33,4,16.666698,9.658100,4.314700,23.698400,1,38648,38648
42.884732,1,11,8,33,4,16.666702,2.957600,4.019800,9.815100,1,38648,38648
42.901632,1,11,8,33,4,16.675297,2.683700,5.335600,16.948200,1,38648,38648
42.918072,1,11,8,33,4,16.667002,3.122100,5.578400,16.690201,1,38648,38648
42.934773,1,11,8,33,4,16.666698,3.035700,5.350700,16.243700,1,38648,38648
42.959107,1,11,8,33,4,16.667002,3.452500,6.103300,16.951300,1,38969,38969
42.968140,1,11,8,33,4,16.666901,11.973600,6.103300,16.951300,1,38969,38969
42.984801,1,11,8,33,4,16.666901,5.431200,4.973300,9.381900,1,38969,38969
43.001613,1,11,8,33,4,16.666800,3.043500,5.030700,13.878300,1,38969,38969
43.018151,1,11,8,33,4,16.667002,3.544600,5.521400,16.844801,1,38969,38969
43.034825,1,11,8,33,4,16.666901,4.449300,5.456600,16.473101,1,38969,38969
43.058564,1,11,8,31,4,16.666897,2.677000,5.151400,16.541700,1,38113,38113
43.068204,1,11,7,31,4,16.666901,10.703500,4.396100,24.539101,1,38113,38113
43.084924,1,11,7,31,4,16.791801,2.741300,4.286100,8.754200,1,38113,38113
43.101800,1,11,7,31,4,16.729898,2.938700,5.935200,17.849300,1,38113,38113
43.118248,1,11,7,31,4,16.666901,3.886500,5.465700,16.522301,1,38113,38113
43.134982,1,11,7,31,4,16.666901,3.113900,4.100900,15.773700,1,38113,38113
43.158755,1,11,7,29,4,16.666698,3.075500,4.857200,16.635900,1,36950,36950
43.168447,1,11,6,29,4,16.666800,10.971400,5.659700,24.632299,1,36950,36950
43.185231,1,11,6,29,4,16.666901,4.167700,4.982000,9.548800,1,36950,36950
43.201668,1,11,6,29,4,16.667002,3.600200,5.155600,16.435200,1,36950,36950
43.218319,1,11,6,29,4,16.666901,3.591900,5.626300,16.731100,1,36950,36950
43.235339,1,11,6,29,4,16.667002,2.973400,4.683000,15.904800,1,36950,36950
43.257096,1,11,6,28,4,16.666800,3.159200,6.182700,17.731600,1,37106,37106
43.268435,1,11,6,28,4,16.666800,9.582500,5.854800,22.131701,1,37106,37106
43.285110,1,11,6,28,4,16.666800,3.433200,5.238400,10.410000,1,37106,37106
43.301665,1,11,6,28,4,16.666901,3.359000,4.436400,16.617500,1,37106,37106
43.318365,1,11,6,28,4,16.666800,2.620800,4.724400,16.530399,1,37106,37106
43.334994,1,11,6,28,4,16.666901,8.243200,5.411400,22.096901,1,37106,37106
43.359611,1,11,6,28,4,16.666800,3.132000,4.819500,11.156500,1,36955,36955
43.368440,1,11,6,28,4,16.666698,11.570300,3.875200,25.281500,1,36955,36955
43.385070,1,11,6,28,4,16.714800,3.067800,4.657400,8.634400,1,36955,36955
43.401654,1,11,6,28,4,16.666901,2.931600,4.088000,16.386000,1,36955,36955
43.419417,1,11,6,28,4,17.353800,2.807900,5.544900,16.980000,1,36955,36955
43.435702,1,11,6,28,4,16.666901,3.929300,5.777000,17.281000,1,36955,36955
43.459696,1,11,6,28,4,16.666901,2.901900,3.848200,16.053301,1,36967,36967
43.469156,1,11,6,28,4,16.666998,11.118600,6.166600,25.280500,1,36967,36967
43.485873,1,11,6,28,4,16.666803,3.355600,5.689300,8.554500,1,36967,36967
43.502424,1,11,6,28,4,16.666897,4.984200,4.908900,17.160200,1,36967,36967
43.519109,1,11,6,28,4,16.666702,3.400100,5.208700,15.855600,1,36967,36967
43.535716,1,11,6,28,4,16.666698,3.155400,4.712900,16.753599,1,36967,36967
43.560626,1,11,6,26,4,16.667002,2.858900,6.063800,16.389200,1,37630,37630
43.569112,1,11,5,26,4,16.666698,12.348400,5.481500,26.116100,1,37630,37630
43.585799,1,11,5,26,4,16.666800,3.768200,3.724600,7.350200,1,37630,37630
43.602526,1,11,5,26,4,16.666698,2.767100,6.189400,17.024000,1,37630,37630
43.619066,1,11,5,26,4,16.667002,4.190800,5.347300,16.774200,1,37630,37630
43.635871,1,11,5,26,4,16.666698,4.955000,4.430700,16.207800,1,37630,37630
43.656671,1,11,5,26,4,16.666698,2.684300,3.434200,16.658400,1,36296,36296
43.669111,1,11,5,26,4,16.667002,7.180000,4.234800,21.511200,1,36296,36296
43.685666,1,11,5,26,4,16.666698,2.973000,5.625000,11.772900,1,36296,36296
43.702316,1,11,5,26,4,16.666800,3.080300,3.221600,16.465900,1,36296,36296
43.719071,1,11,5,26,4,16.666901,2.286700,2.825500,16.580601,1,36296,36296
43.735921,1,11,5,26,4,16.666698,2.148000,4.839500,17.031200,1,36296,36296
43.756682,1,11,5,25,4,16.666702,2.632400,3.292700,16.597000,1,35792,35792
43.769200,1,11,5,25,4,16.666800,7.326900,3.546800,22.059000,1,35792,35792
43.785594,1,11,5,25,4,16.666800,3.153700,4.407700,11.592700,1,35792,35792
43.802385,1,11,5,25,4,16.666901,2.633800,3.347800,16.136200,1,35792,35792
43.819116,1,11,5,25,4,16.666800,2.384000,5.201600,16.997400,1,35792,35792
43.835749,1,11,5,25,4,16.674198,6.994100,3.689000,20.258801,1,35792,35792
43.860232,1,11,5,23,3,19.511700,2.478400,3.793300,12.890100,1,37419,37419
43.871955,1,11,3,23,3,16.666800,7.599600,4.098600,24.968201,1,37419,37419
43.888652,1,11,3,23,3,16.666702,2.281800,3.502900,11.312100,1,37419,37419
43.905258,1,11,3,23,3,16.666698,2.633100,3.833300,16.825399,1,37419,37419
43.921839,1,11,3,23,3,16.666800,2.659800,3.784300,16.370600,1,37419,37419
43.938743,1,11,3,23,3,16.666800,2.104300,3.691500,16.568300,1,37419,37419
43.962929,1,11,3,21,3,16.666698,2.677400,4.712800,17.283100,1,35580,35580
43.971974,1,11,3,21,3,16.666800,11.387000,5.177200,25.004000,1,35580,35580
43.988571,1,11,3,21,3,16.666800,3.322900,6.215300,9.179100,1,35580,35580
44.005624,1,11,3,21,3,16.666800,3.236800,5.077200,15.254600,1,35580,35580
44.021946,1,11,3,21,3,16.668402,3.528900,6.672300,17.705900,1,35580,35580
44.038501,1,11,3,21,3,16.666698,3.062800,4.613500,15.887400,1,35580,35580
44.062854,1,11,3,21,3,16.666901,2.713300,5.031900,17.052700,1,34905,34905
44.072046,1,11,3,21,3,16.666800,10.435400,4.195500,24.123400,1,34905,34905
44.088501,1,11,3,21,3,16.666800,2.613600,3.927200,9.058300,1,34905,34905
44.105186,1,11,3,21,3,16.666901,2.619100,3.641000,16.035801,1,34905,34905
44.121901,1,11,3,21,3,16.666800,2.328600,3.734500,17.193001,1,34905,34905
44.138513,1,11,3,21,3,16.666698,2.486800,3.108300,16.389099,1,34905,34905
44.160091,1,11,3,20,3,16.667002,2.130200,2.560800,16.456699,1,35241,35241
44.171902,1,11,3,20,3,16.666901,7.244400,3.526800,21.931999,1,35241,35241
44.188453,1,11,3,20,3,16.666800,2.032100,2.614800,11.453500,1,35241,35241
44.205270,1,11,3,20,3,16.666901,1.837500,2.854600,16.475100,1,35241,35241
44.221869,1,11,3,20,3,16.666800,2.299400,3.169100,17.134600,1,35241,35241
44.238475,1,11,3,20,3,16.666800,2.226000,3.009500,16.589800,1,35241,35241
44.258707,1,11,3,20,3,16.666800,2.026800,3.661400,17.015800,1,34749,34749
44.271843,1,11,3,20,3,16.666901,6.012900,3.022300,19.738600,1,34749,34749
44.288725,1,11,3,20,3,16.666800,2.489900,2.787800,13.005900,1,34749,34749
44.305191,1,11,3,20,3,16.666800,2.540500,3.817300,17.104900,1,34749,34749
44.321787,1,11,3,20,3,16.666698,2.507900,2.683300,16.205799,1,34749,34749
44.338624,1,11,3,20,3,16.666901,5.088300,4.881500,19.882999,1,34749,34749
44.358704,1,11,3,18,2,16.666800,2.862800,3.072300,13.812700,1,35081,35081
44.371871,1,11,3,18,2,16.672802,5.910100,5.336800,19.900499,1,35081,35081
44.388735,1,11,3,18,2,16.666901,2.308500,4.213500,14.013400,1,35081,35081
44.405239,1,11,3,18,2,16.666800,2.678700,3.655300,16.195601,1,35081,35081
44.422408,1,11,3,18,2,16.666698,2.495500,4.598900,16.516100,1,35081,35081
44.438629,1,11,3,18,2,16.666800,3.665600,4.534800,17.295300,1,35081,35081
44.461005,1,11,3,18,2,16.666698,3.068600,3.683600,16.128000,1,35584,35584
44.471994,1,11,3,18,2,16.667002,8.640700,4.047600,22.716400,1,35584,35584
44.488518,1,11,3,18,2,16.666901,2.888200,4.188600,10.733600,1,35584,35584
44.505137,1,11,3,18,2,16.666901,3.116300,3.481800,16.559099,1,35584,35584
44.521982,1,11,3,18,2,16.666698,2.275100,3.453200,17.418301,1,35584,35584
44.538592,1,11,3,18,2,16.666800,2.471700,3.337500,15.708100,1,35584,35584
44.561320,1,11,3,17,2,16.666901,2.392800,3.663900,16.650299,1,35414,35414
44.571869,1,11,3,17,2,16.666901,8.791100,3.896600,22.914000,1,35414,35414
44.588532,1,11,3,17,2,16.666698,2.454500,3.178400,10.837000,1,35414,35414
44.605282,1,11,3,17,2,16.666800,2.256300,2.774200,16.009199,1,35414,35414
44.621834,1,11,3,17,2,16.666800,2.254300,3.642200,17.250299,1,35414,35414
44.638472,1,11,3,17,2,16.666901,2.750600,3.255200,15.966200,1,35414,35414
44.659382,1,11,3,16,2,16.666698,1.832100,3.901800,16.723900,1,35072,35072
44.671841,1,11,3,16,2,16.666901,6.794000,2.947700,21.047300,1,35072,35072
44.688588,1,11,3,16,2,16.666901,2.214600,2.843700,12.320800,1,35072,35072
44.705251,1,11,3,16,2,16.666901,2.302100,3.826300,16.843800,1,35072,35072
44.721823,1,11,3,16,2,16.666800,2.153200,2.860800,16.547800,1,35072,35072
44.738557,1,11,3,16,2,16.666901,1.994000,2.975000,16.482300,1,35072,35072
44.758527,1,11,3,16,2,16.667002,2.120800,3.057800,16.997400,1,34738,34738
44.771807,1,11,3,16,2,16.666800,5.464400,2.556700,19.831800,1,34738,34738
44.788609,1,11,3,16,2,16.666698,1.997300,3.570500,14.360600,1,34738,34738
44.805156,1,11,3,16,2,16.667101,2.291300,2.905600,15.650800,1,34738,34738
44.821932,1,11,3,16,2,16.666800,2.143100,2.689900,16.580601,1,34738,34738
44.838572,1,11,3,16,2,16.666800,6.540300,3.449700,21.319700,1,34738,34738
44.859325,1,11,3,15,1,16.666901,2.194600,3.216300,12.123100,1,35404,35404
44.871932,1,11,3,15,1,16.666901,6.358000,4.054000,21.109800,1,35404,35404
44.888587,1,11,3,15,1,16.666698,2.481900,3.804000,12.530700,1,35404,35404
44.905155,1,11,3,15,1,16.666901,2.619400,2.881100,16.375799,1,35404,35404
44.921924,1,11,3,15,1,16.666800,1.874700,3.165900,16.439301,1,35404,35404
44.938460,1,11,3,15,1,16.666698,2.077000,3.094000,17.119200,1,35404,35404
44.960099,1,11,3,15,1,16.666901,2.333300,3.341300,16.305201,1,35238,35238
44.971979,1,11,3,15,1,16.666800,7.549000,3.521500,21.967800,1,35238,35238
44.988575,1,11,3,15,1,16.666901,2.312200,3.723600,11.486200,1,35238,35238
45.005305,1,11,3,15,1,16.666800,2.410000,3.939000,16.864300,1,35238,35238
45.021917,1,11,3,15,1,16.666800,2.314700,3.646600,16.815100,1,35238,35238
45.038507,1,11,3,15,1,16.666698,2.665600,3.322400,16.239599,1,35238,35238
45.059432,1,11,3,14,1,16.666698,1.816700,3.422400,16.587799,1,34901,34901
45.071836,1,11,3,14,1,16.666901,6.251200,3.228900,21.073900,1,34901,34901
45.088557,1,11,3,14,1,16.666698,2.300000,2.982400,12.320800,1,34901,34901
45.105280,1,11,3,14,1,16.666702,2.363400,4.134700,17.048599,1,34901,34901
45.121834,1,11,3,14,1,16.666901,2.504300,2.867400,16.473101,1,34901,34901
45.138622,1,11,3,14,1,16.666897,1.940400,2.735700,16.385000,1,34901,34901
45.159022,1,11,3,14,1,16.666901,2.350500,3.862200,17.379299,1,35070,35070
45.171834,1,11,3,14,1,16.666702,6.426300,2.719000,19.972099,1,35070,35070
45.188658,1,11,3,14,1,16.666800,1.947100,2.882100,12.634100,1,35070,35070
45.205176,1,11,3,14,1,16.666800,2.095700,3.052000,17.052700,1,35070,35070
45.221827,1,11,3,14,1,16.666698,1.942100,2.824100,16.328699,1,35070,35070
45.238537,1,11,3,14,1,16.666698,2.211300,3.885400,17.555500,1,35070,35070
45.259103,1,11,3,14,1,16.666901,2.318700,2.740900,15.863800,1,34899,34899
45.271936,1,11,3,14,1,16.666901,6.090900,4.094600,20.852699,1,34899,34899
45.288493,1,11,3,14,1,16.666800,2.697000,3.855700,12.776500,1,34899,34899
45.305123,1,11,3,14,1,16.666800,2.402800,2.953400,16.231400,1,34899,34899
45.321975,1,11,3,14,1,16.666698,1.987200,2.556500,16.616400,1,34899,34899
45.338618,1,11,3,14,1,16.666901,5.708400,3.417500,20.355101,1,34899,34899
45.355160,1,11,3,14,1,16.666800,1.851000,3.576000,13.155300,1,34899,34899
45.371894,1,11,3,14,1,16.673702,2.074700,4.286500,17.519600,1,34899,34899
45.388588,1,11,3,14,1,16.666998,2.809500,2.862400,16.052299,1,34899,34899
45.405235,1,11,3,14,1,16.666698,2.375000,2.793200,16.534500,1,34899,34899
45.422322,1,11,3,14,1,16.752302,2.199100,3.692100,16.827400,1,34899,34899
45.438650,1,11,3,14,1,16.669399,3.137900,4.884900,17.096701,1,34899,34899
45.455543,1,11,3,14,1,16.666800,2.861000,5.606100,16.261101,1,34899,34899
45.471947,1,11,3,14,1,16.666800,3.285200,4.086700,17.090599,1,34899,34899
45.488622,1,11,3,14,1,16.666800,2.714000,3.645100,15.936500,1,34899,34899
45.508893,2,11,3,14,0,16.666698,3.079800,4.316000,18.192400,1,33391,33391
45.560947,2,11,3,14,0,55.728901,55.674801,4.316000,18.192400,1,33391,33391
45.579517,2,11,3,14,0,18.291197,2.436500,4.827500,7.263300,1,33391,33391
45.595965,2,11,3,14,0,16.666901,2.933300,4.661900,13.873100,1,33391,33391
45.612825,2,11,3,14,0,16.666702,3.059200,4.016800,16.265200,1,33391,33391
45.629364,2,11,3,14,0,16.666800,3.310500,5.424300,17.686501,1,33391,33391
45.645976,2,11,3,14,0,16.666901,3.875900,4.484700,15.845400,1,33391,33391
45.662723,2,11,3,14,0,16.666800,3.478300,7.221300,16.435200,1,33391,33391
45.679870,2,11,3,14,0,16.697399,3.164100,5.265700,16.938999,1,33391,33391
45.696110,2,11,3,14,0,16.666698,3.690000,5.978600,17.840200,1,33391,33391
45.712698,2,11,3,14,0,16.666901,3.420000,4.556400,15.486900,1,33391,33391
45.732439,2,11,3,14,0,16.666901,4.260600,5.173500,16.689199,1,33391,33391
45.746033,2,11,3,14,0,16.667002,6.100700,3.731800,19.687401,1,33391,33391
45.764168,0,12,3,0,0,16.666800,2.785200,3.245800,13.431800,1,7215,7215
45.824302,0,12,6,0,0,61.036999,60.855999,3.245800,13.431800,1,7215,7215
45.840466,0,12,6,0,0,16.676598,6.040300,4.503700,8.470500,1,7215,7215
45.856961,0,12,6,0,0,16.666698,4.946600,3.056300,13.426700,1,7215,7215
45.874516,0,12,6,0,0,16.666901,2.764300,3.110000,13.898800,1,7215,7215
45.890425,0,12,6,0,0,16.666901,2.743700,3.486800,17.645500,1,7215,7215
45.906964,0,12,6,0,0,16.666901,2.173400,3.384900,15.849500,1,7215,7215
45.923706,0,12,6,0,0,16.666800,2.285600,4.441100,17.604601,1,7215,7215
45.941611,0,12,6,0,0,16.666901,2.050700,2.941300,15.679500,1,7215,7215
45.957084,0,12,6,0,0,16.666800,3.575500,4.418400,18.093100,1,7215,7215
45.973697,0,12,6,0,0,16.666901,2.401600,4.363500,15.430600,1,7215,7215
45.990322,0,12,6,0,0,16.666901,2.528900,3.550300,16.395300,1,7215,7215
46.007050,0,12,6,0,0,16.666901,2.094000,2.993200,16.542700,1,7215,7215
46.025532,0,12,6,0,0,16.666901,1.962800,3.927200,17.135599,1,7214,7214
46.040344,0,12,6,0,0,16.666800,6.160200,4.056600,20.069401,1,7213,7213
46.057001,0,12,6,0,0,16.666698,3.363800,4.973700,13.052900,1,7213,7213
46.073610,0,12,6,0,0,16.666800,2.053100,3.585100,16.463900,1,7213,7213
46.209587,0,12,6,0,0,134.012512,1.780500,0.434300,16.677900,1,7213,7213
46.224820,0,12,6,0,0,16.666698,113.635902,3.923800,136.063995,1,7213,7213
46.240965,0,12,6,0,0,16.666800,2.418000,3.172700,15.121400,1,7213,7213
46.257716,0,12,6,0,0,16.666698,2.023000,4.500800,17.261600,1,7213,7213
46.275458,0,12,6,0,0,16.667002,2.256100,2.910200,15.766500,1,7213,7213
46.291580,0,12,6,0,0,16.666901,3.081900,2.768700,17.605600,1,7213,7213
46.307676,0,12,6,0,0,16.666901,2.573700,4.071300,16.372801,1,7213,7213
46.324272,0,12,6,0,0,16.666800,2.282000,3.722800,15.953900,1,7213,7213
46.341310,0,12,6,0,0,16.682100,1.760900,2.882100,16.379900,1,7213,7213
46.357762,0,12,6,0,0,16.666800,4.353000,3.605900,19.256300,1,7213,7213
46.379254,1,12,6,48,4,16.666800,2.291700,3.346000,14.640100,1,27859,27859
46.438115,1,12,12,48,4,63.650101,63.473000,3.346000,14.640100,1,27859,27859
46.454853,1,12,12,48,4,16.666800,2.716900,4.933400,9.232400,1,27859,27859
46.471516,1,12,12,48,4,16.666901,2.766400,6.220300,9.815000,1,27859,27859
46.492167,1,12,12,48,4,16.666897,3.548200,4.433100,17.538099,1,33889,33889
46.504786,1,12,12,48,4,16.666803,8.247800,5.324500,21.701599,1,33889,33889
46.521402,1,12,12,48,4,16.666800,2.475700,3.338000,10.458100,1,33889,33889
46.538053,1,12,12,48,4,16.666897,1.965700,4.143600,16.759800,1,33889,33889
46.554649,1,12,12,48,4,16.666803,2.368200,2.917200,16.742399,1,33889,33889
46.571497,1,12,12,48,4,16.666998,1.795300,2.766600,16.209900,1,33889,33889
46.592233,1,12,12,48,4,16.666698,1.941900,3.906800,17.182800,1,40878,40878
46.604720,1,12,12,48,4,16.667002,7.049200,5.021500,22.473700,1,40878,40878
46.621371,1,12,12,48,4,16.666901,2.347200,5.050800,11.899900,1,40878,40878
46.638311,1,12,12,48,4,16.666800,2.641000,3.462400,15.839200,1,40878,40878
46.654777,1,12,12,48,4,16.666698,2.622100,2.966200,16.592899,1,40878,40878
46.671450,1,12,12,48,4,16.666702,2.022600,5.143300,16.659500,1,40878,40878
46.692215,1,12,12,46,4,16.666901,2.525500,3.327100,16.257999,1,41924,41924
46.826957,1,12,11,45,4,133.557495,7.346500,0.334700,22.038500,1,42797,42797
46.838454,1,12,11,45,4,16.667101,115.095100,3.445300,134.772797,1,42797,42797
46.854882,1,12,11,45,4,16.666897,2.396500,3.664100,10.347500,1,42797,42797
46.871582,1,12,11,45,4,16.666702,5.028200,2.887200,19.280899,1,42797,42797
46.888309,1,12,11,45,4,16.666800,1.878200,3.793400,13.662200,1,42797,42797
46.904899,1,12,11,45,4,16.666901,2.347700,3.329600,16.731100,1,42797,42797
46.927040,1,12,11,44,4,16.666901,2.178300,2.923800,16.560200,1,42073,42073
46.938503,1,12,11,44,4,16.666800,7.895300,4.461000,22.833099,1,42073,42073
46.954932,1,12,11,44,4,16.666800,2.745900,4.173700,11.232300,1,42073,42073
46.971737,1,12,11,44,4,16.666698,2.313900,3.464300,16.347099,1,42073,42073
46.988249,1,12,11,44,4,16.666800,2.405100,6.541900,16.987101,1,42073,42073
47.005015,1,12,11,44,4,16.666698,2.478900,5.313400,16.203800,1,42073,42073
47.027704,1,12,11,41,4,16.666901,2.877000,6.097400,17.894400,1,40902,40902
47.038443,1,12,9,41,4,16.666698,9.353900,5.465400,22.224899,1,40902,40902
47.055117,1,12,9,41,4,16.667002,2.737400,3.709400,10.327100,1,40902,40902
47.071805,1,12,9,41,4,16.785801,3.123300,6.949200,17.186800,1,40902,40902
47.088429,1,12,9,41,4,16.666698,3.223100,6.227800,8.602600,1,40902,40902
47.105403,1,12,9,41,4,16.667002,2.837300,4.306800,16.616301,1,40902,40902
47.127377,1,12,9,41,4,16.666901,3.104300,4.277800,17.353701,1,39261,39261
47.138423,1,12,9,41,4,16.666800,10.099600,5.303600,23.326700,1,39261,39261
47.155218,1,12,9,41,4,16.666901,3.517500,6.062900,9.173000,1,39261,39261
47.171793,1,12,9,41,4,16.673100,3.082500,4.152400,17.213499,1,39261,39261
47.188647,1,12,9,41,4,16.667002,2.628600,3.214200,16.459700,1,39261,39261
47.205231,1,12,9,41,4,16.763300,2.970600,4.262700,17.108999,1,39261,39261
47.225883,1,12,9,40,4,16.666901,2.997700,3.173900,16.184299,1,38595,38595
47.238694,1,12,9,40,4,16.666800,7.432700,3.342600,21.992399,1,38595,38595
47.255179,1,12,9,40,4,16.666698,2.640000,3.328900,11.543600,1,38595,38595
47.271801,1,12,9,40,4,16.666800,2.344100,4.010300,16.256001,1,38595,38595
47.288572,1,12,9,40,4,16.666800,2.278000,4.218900,16.562201,1,38595,38595
47.305159,1,12,9,40,4,16.666901,2.334600,3.826200,16.914400,1,38595,38595
47.327933,1,12,9,38,4,16.666800,2.715000,3.036400,16.604099,1,39582,39582
47.338650,1,12,9,38,4,16.666901,9.223700,3.911900,23.579700,1,39582,39582
47.355132,1,12,9,38,4,16.666901,2.736500,4.441400,9.972700,1,39582,39582
47.372056,1,12,9,38,4,16.666800,5.692600,4.763100,19.564600,1,39582,39582
47.388533,1,12,9,38,4,16.666901,3.261500,4.190900,14.104500,1,39582,39582
47.405141,1,12,9,38,4,16.666698,2.715100,3.409700,16.110600,1,39582,39582
47.426301,1,12,9,37,4,16.666901,2.176800,3.564000,16.480301,1,39089,39089
47.438622,1,12,8,37,4,16.666901,7.378100,3.860400,21.883900,1,39089,39089
47.455200,1,12,8,37,4,16.666800,2.320200,3.270900,11.860000,1,39089,39089
47.471873,1,12,8,37,4,16.666901,2.437600,6.887400,16.827400,1,39089,39089
47.488573,1,12,8,37,4,16.666901,3.836300,5.165400,16.262100,1,39089,39089
47.505286,1,12,8,37,4,16.666800,3.059600,3.870400,16.732201,1,39089,39089
47.525957,1,12,8,37,4,16.666901,3.729500,4.368800,18.197500,1,37612,37612
47.538493,1,12,8,37,4,16.666998,7.458000,4.199400,19.577801,1,37612,37612
47.555264,1,12,8,37,4,16.666901,2.454600,4.136500,12.181500,1,37612,37612
47.571872,1,12,8,37,4,16.666698,2.716400,3.461200,16.900101,1,37612,37612
47.588462,1,12,8,37,4,16.666901,2.592000,4.101800,16.821301,1,37612,37612
47.605288,1,12,8,37,4,16.666800,2.727300,5.271300,16.549900,1,37612,37612
47.626264,1,12,8,36,4,16.666702,3.068800,4.135200,16.454599,1,40483,40483
47.638694,1,12,8,36,4,16.666998,8.154600,4.089700,22.528000,1,40483,40483
47.655253,1,12,8,36,4,16.666901,3.132800,4.807300,11.367400,1,40483,40483
47.671797,1,12,8,36,4,16.666698,2.971800,4.740300,16.343100,1,40483,40483
47.688592,1,12,8,36,4,16.667002,2.609400,3.904700,16.262100,1,40483,40483
47.705149,1,12,8,36,4,16.666901,2.797100,4.296000,17.211399,1,40483,40483
47.728457,1,12,8,35,4,16.666901,2.547400,3.974800,16.235500,1,39653,39653
47.738577,1,12,8,35,4,16.666800,10.027700,4.059600,24.635401,1,39653,39653
47.755153,1,12,8,35,4,16.666698,2.703800,4.321200,8.630300,1,39653,39653
47.771989,1,12,8,35,4,16.666698,2.420600,2.884900,16.560101,1,39653,39653
47.788553,1,12,8,35,4,16.666901,2.387200,3.936100,17.511499,1,39653,39653
47.805145,1,12,8,35,4,16.666800,2.881700,4.345200,16.065500,1,39653,39653
47.827909,1,12,8,31,4,16.666901,2.244700,4.508600,16.388100,1,39298,39298
47.838523,1,12,6,31,4,16.666901,8.785600,3.245600,23.488501,1,39298,39298
47.855152,1,12,6,31,4,16.666901,2.226600,2.929000,10.409000,1,39298,39298
47.871911,1,12,6,31,4,16.666698,7.537300,4.519200,21.644199,1,39298,39298
47.888593,1,12,6,31,4,16.666800,2.506400,4.004000,11.247700,1,39298,39298
47.905246,1,12,6,31,4,16.666702,2.755900,2.824800,16.768000,1,39298,39298
47.926046,1,12,6,30,4,16.666698,2.397600,4.234600,16.978901,1,37773,37773
47.938489,1,12,6,30,4,16.666698,7.048900,3.704900,20.817900,1,37773,37773
47.955347,1,12,6,30,4,16.666800,2.378300,2.948000,11.836500,1,37773,37773
47.971795,1,12,6,30,4,16.666800,2.156200,4.007600,17.282000,1,37773,37773
47.988515,1,12,6,30,4,16.666901,2.123900,3.852200,16.224300,1,37773,37773
48.005277,1,12,6,30,4,16.666800,2.588900,4.562800,17.883101,1,37773,37773
48.025947,1,12,6,28,3,16.666698,2.776900,3.416400,15.735800,1,34932,34932
48.038580,1,12,5,28,3,16.666800,7.180700,4.353100,21.188601,1,34932,34932
48.055285,1,12,5,28,3,16.666901,2.902900,4.442500,12.195900,1,34932,34932
48.071867,1,12,5,28,3,16.666702,3.049700,3.975700,16.559099,1,34932,34932
48.088683,1,12,5,28,3,16.666897,2.369400,3.466900,16.367599,1,34932,34932
48.105158,1,12,5,28,3,16.666702,2.581800,4.242200,17.348600,1,34932,34932
48.126216,1,12,5,27,3,16.666800,2.103700,3.275500,16.021500,1,33929,33929
48.138561,1,12,5,27,3,16.666800,6.985300,3.067800,21.240801,1,33929,33929
48.155157,1,12,5,27,3,16.666698,2.474300,3.574800,12.269600,1,33929,33929
48.171889,1,12,5,27,3,16.667002,2.628200,2.679500,16.538601,1,33929,33929
48.188609,1,12,5,27,3,16.666698,2.192900,4.192700,16.959499,1,33929,33929
48.205112,1,12,5,27,3,16.666901,2.817700,3.679000,16.484400,1,33929,33929
48.226046,1,12,5,27,3,16.666698,1.819300,2.791800,16.279499,1,34755,34755
48.238451,1,12,5,27,3,16.666698,6.094800,3.156200,21.390301,1,34755,34755
48.255123,1,12,5,27,3,16.666698,2.200400,2.981800,12.242000,1,34755,34755
48.271866,1,12,5,27,3,16.666702,1.980600,3.721000,16.457701,1,34755,34755
48.288521,1,12,5,27,3,16.666800,2.026600,3.163500,16.735201,1,34755,34755
48.305229,1,12,5,27,3,16.666800,2.239000,3.290200,16.802799,1,34755,34755
48.326138,1,12,5,26,3,16.666698,2.093200,3.868800,16.752701,1,35077,35077
48.338559,1,12,5,26,3,16.666800,6.916200,2.491900,20.848600,1,35077,35077
48.355333,1,12,5,26,3,16.666800,2.174500,2.909700,12.293100,1,35077,35077
48.371794,1,12,5,26,3,16.675598,5.774000,3.662700,20.588600,1,35077,35077
48.388461,1,12,5,26,3,16.666702,2.094400,2.920800,12.587000,1,35077,35077
48.405238,1,12,5,26,3,16.666800,2.372500,3.612400,16.717800,1,35077,35077
48.425441,1,12,5,26,3,16.666901,2.144500,3.131900,16.776199,1,35593,35593
48.438575,1,12,5,26,3,16.666698,5.719500,4.487500,21.436399,1,35593,35593
48.455257,1,12,5,26,3,16.667002,2.470400,4.039800,12.101700,1,35593,35593
48.471869,1,12,5,26,3,16.666897,3.231100,3.176800,16.559099,1,35593,35593
48.488695,1,12,5,26,3,16.667101,2.111300,3.028200,16.509899,1,35593,35593
48.505293,1,12,5,26,3,16.666800,2.290100,4.033100,17.238001,1,35593,35593
48.527649,1,12,5,24,3,16.666698,2.947800,5.058300,16.787500,1,35600,35600
48.538614,1,12,5,24,3,16.667002,9.000200,3.771700,22.241301,1,35600,35600
48.555239,1,12,5,24,3,16.666800,2.290200,3.690200,10.510300,1,35600,35600
48.571846,1,12,5,24,3,16.666800,2.148100,2.825200,16.590799,1,35600,35600
48.588568,1,12,5,24,3,16.666800,1.981200,4.168700,17.020000,1,35600,35600
48.605133,1,12,5,24,3,16.666698,2.916400,3.169400,16.410601,1,35600,35600
48.629722,1,12,5,24,3,16.667002,1.991400,2.594900,16.314301,1,35597,35597
48.638895,1,12,5,24,3,16.666901,9.917500,2.937300,25.056299,1,35597,35597
48.655127,1,12,5,24,3,16.666901,2.319300,3.322500,8.940500,1,35597,35597
48.671885,1,12,5,24,3,16.666698,2.011100,3.903300,16.096300,1,35597,35597
48.688523,1,12,5,24,3,16.666698,2.122900,3.799700,16.837601,1,35597,35597
48.705129,1,12,5,24,3,16.666901,2.290700,3.026800,16.662600,1,35597,35597
48.728219,1,12,5,24,3,16.666800,1.923500,4.764300,17.328100,1,35097,35097
48.738576,1,12,5,24,3,16.666800,9.681300,4.143400,22.576099,1,35097,35097
48.755278,1,12,5,24,3,16.666702,2.191800,2.884400,10.076200,1,35097,35097
48.771836,1,12,5,24,3,16.666998,2.304600,3.434700,16.910299,1,35097,35097
48.788452,1,12,5,24,3,16.666901,2.206200,3.204200,16.237600,1,35097,35097
48.805209,1,12,5,24,3,16.666800,2.009500,2.811200,16.686100,1,35097,35097
48.825366,1,12,5,23,3,16.666702,1.979400,3.022100,16.866301,1,34252,34252
48.838458,1,12,5,23,3,16.666800,5.669800,3.399500,20.165600,1,34252,34252
48.855198,1,12,5,23,3,16.666698,1.979700,4.040100,14.170100,1,34252,34252
48.871786,1,12,5,23,3,16.666901,2.092600,2.668800,15.628300,1,34252,34252
48.888668,1,12,5,23,3,16.666901,5.064500,3.971200,20.485100,1,34252,34252
48.905243,1,12,5,23,3,16.666800,2.641600,3.653100,13.294600,1,34252,34252
48.925945,1,12,5,23,3,16.666901,2.491200,3.439600,16.309299,1,34078,34078
48.938529,1,12,5,23,3,16.666998,6.540600,3.930600,21.187500,1,34078,34078
48.955258,1,12,5,23,3,16.758003,2.477200,3.542300,12.069900,1,34078,34078
48.971914,1,12,5,23,3,16.666800,1.920100,2.919700,16.694300,1,34078,34078
48.988656,1,12,5,23,3,16.666698,2.233600,5.423300,17.752100,1,34078,34078
49.005323,1,12,5,23,3,16.666901,2.840500,3.699900,15.521800,1,34078,34078
49.029233,1,12,5,23,3,16.666800,2.260200,2.574600,16.790501,1,33906,33906
49.038833,1,12,5,23,3,16.666800,9.333900,2.811500,24.193001,1,33906,33906
49.055248,1,12,5,23,3,16.666800,2.023200,3.110600,9.273400,1,33906,33906
49.072047,1,12,5,23,3,16.666901,1.948000,3.208100,16.335800,1,33906,33906
49.088574,1,12,5,23,3,16.666901,2.030300,3.741900,17.030199,1,33906,33906
49.105240,1,12,5,23,3,16.666901,2.090200,2.819800,16.395201,1,33906,33906
49.128040,1,12,5,20,2,16.666698,1.921200,3.627400,16.530500,1,33728,33728
49.138575,1,12,5,20,2,16.666698,8.180100,2.871000,23.059401,1,33728,33728
49.155354,1,12,5,20,2,16.666901,1.884700,2.563800,10.257400,1,33728,33728
49.172026,1,12,5,20,2,16.666698,2.144500,4.048300,17.278000,1,33728,33728
49.188547,1,12,5,20,2,16.666901,2.741500,3.577100,16.287701,1,33728,33728
49.205371,1,12,5,20,2,16.666800,1.885000,3.385900,16.448500,1,33728,33728
49.226441,1,12,5,20,2,16.666800,2.315000,3.312000,17.025101,1,33568,33568
49.238562,1,12,5,20,2,16.666901,6.819600,4.016300,22.439899,1,33568,33568
49.255423,1,12,5,20,2,16.666698,2.243500,3.316300,10.558500,1,33568,33568
49.271914,1,12,5,20,2,16.666901,2.039900,3.798900,17.054701,1,33568,33568
49.288645,1,12,5,20,2,16.666702,2.216900,2.567100,16.241600,1,33568,33568
49.305410,1,12,5,20,2,16.666897,2.038500,3.840000,17.072201,1,33568,33568
49.325977,1,12,5,19,2,16.666901,2.501000,2.873200,16.505800,1,34404,34404
49.338757,1,12,5,19,2,16.666901,6.582100,3.762500,21.135401,1,34404,34404
49.355226,1,12,5,19,2,16.666901,2.463800,3.971700,12.400600,1,34404,34404
49.371923,1,12,5,19,2,16.666800,2.010700,3.092900,16.324600,1,34404,34404
49.388673,1,12,5,19,2,16.666800,5.682600,3.382600,20.294701,1,34404,34404
49.405311,1,12,5,19,2,16.670000,2.341600,3.038400,13.163500,1,34404,34404
49.427108,1,12,5,18,2,16.666702,1.999500,3.233500,16.563200,1,33905,33905
49.438656,1,12,5,18,2,16.666800,7.318600,2.748200,21.925900,1,33905,33905
49.455254,1,12,5,18,2,16.666998,2.336300,2.689400,11.616300,1,33905,33905
49.472230,1,12,5,18,2,16.666901,2.586300,2.480500,16.324600,1,33905,33905
49.488623,1,12,5,18,2,16.667002,2.343500,3.048600,17.470400,1,33905,33905
49.505234,1,12,5,18,2,16.666901,2.180300,3.355700,16.062500,1,33905,33905
49.526150,1,12,5,18,2,16.666800,2.080500,4.578300,16.564199,1,33576,33576
49.538578,1,12,5,18,2,16.666800,6.983700,2.793900,21.747700,1,33576,33576
49.555308,1,12,5,18,2,16.666901,2.009300,2.543900,11.621400,1,33576,33576
49.572005,1,12,5,18,2,16.666800,1.936300,3.702400,16.868401,1,33576,33576
49.588571,1,12,5,18,2,16.666800,2.720500,3.344600,16.694201,1,33576,33576
49.605448,1,12,5,18,2,16.666901,1.939600,2.595000,16.323601,1,33576,33576
49.625799,1,12,5,17,2,16.666698,2.424500,3.151700,17.207300,1,33569,33569
49.638565,1,12,5,17,2,16.666901,5.883600,3.445000,20.269100,1,33569,33569
49.655303,1,12,5,17,2,16.666901,2.271700,3.821100,12.573700,1,33569,33569
49.671928,1,12,5,17,2,16.666698,1.934000,3.289400,16.793600,1,33569,33569
49.688592,1,12,5,17,2,16.666901,1.990100,2.899500,16.565201,1,33569,33569
49.705420,1,12,5,17,2,16.666901,1.898200,4.084000,17.206301,1,33569,33569
49.725330,1,12,5,17,2,16.666901,2.866800,2.851700,16.454599,1,32389,32389
49.738717,1,12,5,17,2,16.666901,5.522900,4.263900,20.184099,1,32389,32389
49.755232,1,12,5,17,2,16.666800,2.655700,3.325500,13.025300,1,32389,32389
49.771891,1,12,5,17,2,16.666800,2.047800,3.005400,16.371700,1,32389,32389
49.788655,1,12,5,17,2,16.666901,1.713000,2.920400,16.662500,1,32389,32389
49.805259,1,12,5,17,2,16.666698,2.083700,3.038200,16.863300,1,32389,32389
49.826292,1,12,5,17,2,16.667002,1.947000,2.516100,16.487400,1,32724,32724
49.838581,1,12,5,17,2,16.666901,6.568700,3.352200,21.455799,1,32724,32724
49.855286,1,12,5,17,2,16.666901,2.133800,3.486500,12.060700,1,32724,32724
49.872087,1,12,5,17,2,16.666800,2.213800,2.777400,16.548901,1,32724,32724
49.888759,1,12,5,17,2,16.666698,6.182200,3.440600,21.124100,1,32724,32724
49.905240,1,12,5,17,2,16.666800,2.477000,3.011000,12.328900,1,32724,32724
49.925919,1,12,5,16,2,16.666698,1.909500,3.667400,16.484400,1,33224,33224
49.938593,1,12,5,16,2,16.666698,5.870500,2.662600,21.006300,1,33224,33224
49.955261,1,12,5,16,2,16.666800,2.010300,2.791300,12.616700,1,33224,33224
49.972016,1,12,5,16,2,16.666800,2.339000,4.142600,17.350599,1,33224,33224
49.988627,1,12,5,16,2,16.666803,2.471300,4.402300,15.837200,1,33224,33224
50.005455,1,12,5,16,2,16.666698,2.290500,2.710400,16.552999,1,33224,33224
50.026318,1,12,5,16,2,16.666901,2.218900,4.111700,17.234900,1,33394,33394
50.038573,1,12,5,16,2,16.666998,6.834300,3.654000,20.872200,1,33394,33394
50.055365,1,12,5,16,2,16.666800,1.948300,3.373900,11.840500,1,33394,33394
50.108337,1,12,5,16,2,53.031502,52.394402,3.373900,11.840500,1,33394,33394
50.129545,1,12,5,16,2,16.666800,2.534600,2.607900,6.533200,1,33392,33392
50.141644,1,12,5,16,2,16.666800,6.919000,3.364300,17.439699,1,33392,33392
50.158277,1,12,5,16,2,16.666702,2.614600,3.428300,12.531700,1,33392,33392
50.175122,1,12,5,16,2,16.666800,2.096400,2.395500,15.706100,1,33392,33392
50.191829,1,12,5,16,2,16.666901,2.094400,4.222600,17.581100,1,33392,33392
50.208264,1,12,5,16,2,16.666901,3.173100,2.999400,16.052200,1,33392,33392
50.228979,1,12,5,16,2,16.666998,2.108400,3.397200,16.462900,1,33053,33053
50.241645,1,12,5,16,2,16.666901,6.100300,2.875900,20.902901,1,33053,33053
50.258277,1,12,5,16,2,16.666901,1.937500,2.579900,12.458000,1,33053,33053
50.275026,1,12,5,16,2,16.666800,1.777700,3.853000,16.621500,1,33053,33053
50.291640,1,12,5,16,2,16.667002,2.512500,4.575000,16.733200,1,33053,33053
50.308433,1,12,5,16,2,16.666698,2.301300,3.036800,16.613400,1,33053,33053
50.330466,1,12,5,15,2,16.666901,2.252600,4.249700,17.267700,1,33222,33222
50.341643,1,12,5,15,2,16.667002,7.947600,4.588100,21.738501,1,33222,33222
50.358479,1,12,5,15,2,16.666800,1.800600,3.527600,11.147300,1,33222,33222
50.375164,1,12,5,15,2,16.666800,2.528300,4.196200,17.201099,1,33222,33222
50.391626,1,12,5,15,2,16.667002,5.875000,4.106500,19.490801,1,33222,33222
50.408342,1,12,5,15,2,16.666800,1.756000,3.855900,13.190200,1,33222,33222
50.424945,1,12,5,15,2,16.666698,2.313600,3.137400,16.690201,1,33222,33222
50.441924,1,12,5,15,2,16.666698,1.959900,2.387100,16.523199,1,33222,33222
50.458432,1,12,5,15,2,16.666698,2.184300,3.622700,17.488899,1,33222,33222
50.474928,1,12,5,15,2,16.666800,2.601000,3.508700,16.215099,1,33222,33222
50.491741,1,12,5,15,2,16.666702,2.088400,2.811000,16.313299,1,33222,33222
50.508550,1,12,5,15,2,16.666897,2.051100,3.429600,17.020901,1,33222,33222
50.524956,1,12,5,15,2,16.666901,2.469100,2.867800,16.899099,1,33222,33222
50.541736,1,12,5,15,2,16.666800,2.103800,4.368500,16.145399,1,33222,33222
50.558309,1,12,5,15,2,16.666901,3.032600,4.261700,17.616899,1,33222,33222
50.580176,2,12,5,14,0,16.666702,2.629600,2.788500,15.744000,1,33215,33215
50.646113,2,12,5,14,0,71.193802,70.575401,2.788500,15.744000,1,33215,33215
50.662931,2,12,5,14,0,16.666800,2.368400,4.934400,7.263300,1,33215,33215
50.679513,2,12,5,14,0,16.666800,2.892500,3.846800,12.007400,1,33215,33215
50.696202,2,12,5,14,0,16.666800,2.108700,2.739900,16.456699,1,33215,33215
50.712924,2,12,5,14,0,16.666800,2.258800,5.081900,17.335300,1,33215,33215
50.729458,2,12,5,14,0,16.666800,3.184100,3.553500,16.346100,1,33215,33215
50.746221,2,12,5,14,0,16.666698,2.208000,3.225800,16.293900,1,33215,33215
50.763024,2,12,5,14,0,16.692400,2.318300,3.888300,17.010700,1,33215,33215
50.781530,2,12,5,14,0,16.666698,2.437000,3.041400,16.625601,1,33215,33215
50.796395,2,12,5,14,0,16.666901,4.560600,3.686100,18.887699,1,33215,33215
50.812838,2,12,5,14,0,16.666800,2.792000,3.212800,14.579700,1,33215,33215
50.830527,0,13,5,0,0,16.666901,2.054100,2.600400,16.235500,1,7213,7213
50.888016,0,13,6,0,0,58.304398,58.019901,2.600400,16.235500,1,7213,7213
50.904509,0,13,6,0,0,16.666702,3.717400,5.210900,7.178200,1,7213,7213
50.921167,0,13,6,0,0,16.666901,2.654900,3.679000,3.530800,1,7213,7213
50.937766,0,13,6,0,0,16.666800,2.210600,2.847600,16.688000,1,7213,7213
50.954506,0,13,6,0,0,16.666800,2.236500,3.834200,16.668699,1,7213,7213
50.971109,0,13,6,0,0,16.666800,4.988500,3.075300,18.747299,1,7212,7212
50.987872,0,13,6,0,0,16.666800,2.483800,2.893400,14.392400,1,7212,7212
51.004518,0,13,6,0,0,16.666800,2.040300,5.021500,17.344500,1,7212,7212
51.021086,0,13,6,0,0,16.666901,2.288300,3.479400,16.264200,1,7212,7212
51.037964,0,13,6,0,0,16.666800,1.948000,3.043600,16.357300,1,7212,7212
51.054469,0,13,6,0,0,16.666800,1.875200,3.475900,17.097799,1,7212,7212
51.071143,0,13,6,0,0,16.666901,1.842700,2.670600,16.511999,1,7212,7212
51.088924,0,13,6,0,0,16.666698,1.817300,4.280100,16.467899,1,7212,7212
51.104443,0,13,6,0,0,16.666800,3.088900,3.412800,18.318399,1,7212,7212
51.121324,0,13,6,0,0,16.666800,1.820600,2.330300,14.947300,1,7212,7212
51.137882,0,13,6,0,0,16.666698,1.982400,4.671400,17.290199,1,7212,7212
51.283258,1,13,6,48,4,139.765503,5.061600,0.428400,18.292801,1,33746,33746
51.351386,1,13,12,48,4,73.764305,188.533295,0.428400,18.292801,1,33746,33746
51.368184,1,13,12,48,4,16.666901,2.264200,4.672300,9.461800,1,33746,33746
51.388832,1,13,12,48,4,16.666698,4.010200,5.544100,9.506800,1,38429,38429
51.401627,1,13,12,48,4,16.666698,11.121200,4.333600,25.299999,1,38429,38429
51.418304,1,13,12,48,4,16.666800,3.192700,4.196000,8.705000,1,38429,38429
51.434714,1,13,12,48,4,16.666698,2.663400,3.133300,16.305099,1,38429,38429
51.451477,1,13,12,48,4,16.667002,2.093900,3.863000,16.276501,1,38429,38429
51.468089,1,13,12,48,4,16.666698,2.446700,4.508900,16.804899,1,38429,38429
51.489459,1,13,12,48,4,16.666698,2.493400,2.605000,16.399300,1,42758,42758
51.501376,1,13,12,48,4,16.666901,7.317800,3.816000,22.507601,1,42758,42758
51.518173,1,13,12,48,4,16.666800,2.489800,3.842900,11.097100,1,42758,42758
51.535162,1,13,12,48,4,16.666800,2.477900,3.072100,16.552900,1,42758,42758
51.551672,1,13,12,48,4,16.666702,2.676800,3.482100,17.426399,1,42758,42758
51.568174,1,13,12,48,4,16.666901,3.517100,3.522300,17.017900,1,42758,42758
51.592039,1,13,12,44,4,16.666800,2.769900,4.273300,15.614000,1,44442,44442
51.737334,1,13,10,43,4,146.721100,10.793000,0.442700,25.181101,1,41266,41266
51.748151,1,13,10,43,4,16.666800,122.315498,4.244200,144.559097,1,41266,41266
51.764947,1,13,10,43,4,16.666800,2.373100,3.063500,10.145800,1,41266,41266
51.781822,1,13,10,43,4,16.666901,2.112400,4.023200,17.069099,1,41266,41266
51.798154,1,13,10,43,4,16.666800,2.780600,3.488100,16.794600,1,41266,41266
51.814957,1,13,10,43,4,16.666901,2.229300,3.552700,16.133101,1,41266,41266
51.835421,1,13,10,42,4,16.666901,2.319600,3.970700,16.854000,1,38610,38610
51.848124,1,13,10,42,4,16.666901,6.436600,4.412100,20.906000,1,38610,38610
51.864865,1,13,10,42,4,16.666698,2.288300,4.814800,12.277800,1,38610,38610
51.881440,1,13,10,42,4,16.666901,2.536700,3.444600,16.696301,1,38610,38610
51.898333,1,13,10,42,4,16.666800,2.101200,3.026000,16.463900,1,38610,38610
51.914803,1,13,10,42,4,16.666800,6.093400,4.916800,21.353500,1,38610,38610
51.938401,1,13,10,42,4,16.666800,3.150700,4.345400,12.170200,1,38616,38616
51.948313,1,13,10,42,4,16.666698,10.187700,4.047700,24.678400,1,38616,38616
51.964884,1,13,10,42,4,16.666698,3.220300,5.058900,9.197600,1,38616,38616
51.981511,1,13,10,42,4,16.666901,2.512900,4.033900,16.469999,1,38616,38616
51.998243,1,13,10,42,4,16.666702,2.325600,4.984200,16.299000,1,38616,38616
52.014894,1,13,10,42,4,16.666698,2.815800,4.890800,17.093599,1,38616,38616
52.037158,1,13,10,41,4,16.666800,2.500000,3.053700,16.441401,1,38937,38937
52.048297,1,13,10,41,4,16.666800,8.658000,3.135600,23.136200,1,38937,38937
52.064823,1,13,10,41,4,16.666901,2.457100,4.376000,10.515500,1,38937,38937
52.081699,1,13,10,41,4,16.667002,2.903700,3.367100,16.187401,1,38937,38937
52.098464,1,13,10,41,4,16.666800,2.419900,4.230400,17.104900,1,38937,38937
52.114757,1,13,10,41,4,16.666901,2.691000,3.256900,16.780300,1,38937,38937
52.137089,1,13,10,40,4,16.666698,2.065400,4.205200,16.000000,1,39268,39268
52.148677,1,13,10,40,4,16.669199,9.531200,5.252200,23.747499,1,39268,39268
52.164930,1,13,10,40,4,16.666698,3.664800,3.946000,10.610700,1,39268,39268
52.181576,1,13,10,40,4,16.666800,2.648500,5.787700,16.528400,1,39268,39268
52.198294,1,13,10,40,4,16.667002,2.918300,4.817500,16.194599,1,39268,39268
52.215039,1,13,10,40,4,16.666901,3.094200,4.243300,16.652300,1,39268,39268
52.237302,1,13,10,36,4,16.667002,2.801600,5.322100,17.051600,1,39423,39423
52.248114,1,13,8,36,4,16.666800,9.536900,5.004300,23.108601,1,39423,39423
52.264942,1,13,8,36,4,16.666800,2.553800,4.712000,9.478200,1,39423,39423
52.281478,1,13,8,36,4,16.666800,2.752900,3.747500,17.091499,1,39423,39423
52.298250,1,13,8,36,4,16.666901,2.242000,2.882500,16.254000,1,39423,39423
52.314790,1,13,8,36,4,16.666901,2.320600,4.580000,17.582100,1,39423,39423
52.335545,1,13,8,36,4,16.666800,2.848400,3.735200,15.833100,1,38778,38778
52.348322,1,13,8,36,4,16.666901,7.393700,4.822600,21.781500,1,38778,38778
52.364872,1,13,8,36,4,16.666800,2.982700,3.150200,12.230600,1,38778,38778
52.381440,1,13,8,36,4,16.666800,2.457400,3.719400,16.439301,1,38778,38778
52.398236,1,13,8,36,4,16.666698,2.278900,5.137800,16.120800,1,38778,38778
52.414821,1,13,8,36,4,16.667002,2.724700,4.692000,17.059900,1,38778,38778
52.437349,1,13,8,35,4,16.666901,5.757800,4.399300,19.811300,1,39805,39805
52.448288,1,13,8,35,4,16.666901,10.725000,3.034900,20.705299,1,39805,39805
52.464793,1,13,8,35,4,16.666800,2.284600,3.863700,9.375700,1,39805,39805
52.481654,1,13,8,35,4,16.666897,2.751100,3.672600,16.375799,1,39805,39805
52.498449,1,13,8,35,4,16.666803,2.905800,4.312400,17.458200,1,39805,39805
52.514853,1,13,8,35,4,16.666897,2.933900,3.752600,16.646200,1,39805,39805
52.536957,1,13,8,34,4,16.666901,2.705500,4.446300,16.066500,1,39478,39478
52.548202,1,13,8,34,4,16.666901,8.330300,4.092200,22.581301,1,39478,39478
52.564917,1,13,8,34,4,16.666901,2.120100,3.353000,10.733500,1,39478,39478
52.581550,1,13,8,34,4,16.666800,3.277700,5.692200,18.667601,1,39478,39478
52.598429,1,13,8,34,4,16.666901,3.013300,4.241300,14.819300,1,39478,39478
52.614859,1,13,8,34,4,16.666901,3.177000,5.220800,16.946199,1,39478,39478
52.636450,1,13,8,31,4,16.666901,2.291100,2.827200,16.226299,1,37791,37791
52.648307,1,13,7,31,4,16.666901,7.886400,3.655800,22.597601,1,37791,37791
52.664762,1,13,7,31,4,16.666901,2.841800,4.238200,11.059200,1,37791,37791
52.681906,1,13,7,31,4,16.666698,2.594300,3.868700,16.201700,1,37791,37791
52.698718,1,13,7,31,4,16.709398,2.816400,4.508400,17.704000,1,37791,37791
52.714872,1,13,7,31,4,16.666800,3.321700,3.333100,16.626699,1,37791,37791
52.736788,1,13,7,30,4,16.666800,2.514900,3.728500,15.788000,1,36280,36280
52.748312,1,13,7,30,4,16.666901,7.839600,3.431000,22.459400,1,36280,36280
52.764845,1,13,7,30,4,16.666800,2.528800,3.109300,10.985500,1,36280,36280
52.781591,1,13,7,30,4,16.666800,2.022500,4.459000,17.989599,1,36280,36280
52.798238,1,13,7,30,4,16.666901,2.515200,4.307800,15.307800,1,36280,36280
52.815052,1,13,7,30,4,16.666702,3.254800,3.512000,16.729000,1,36280,36280
52.836661,1,13,7,29,4,16.666800,2.556900,6.242400,17.000500,1,35944,35944
52.848183,1,13,6,29,4,16.666901,8.254700,5.210700,21.974001,1,35944,35944
52.865043,1,13,6,29,4,16.666698,2.465900,3.909400,10.789900,1,35944,35944
52.881591,1,13,6,29,4,16.666698,2.403300,4.888800,17.150000,1,35944,35944
52.898199,1,13,6,29,4,16.666698,2.458500,3.391500,16.319401,1,35944,35944
52.914929,1,13,6,29,4,16.666901,2.387900,4.877800,16.848900,1,35944,35944
52.936813,1,13,6,28,4,16.666901,7.431500,4.956900,21.065800,1,34943,34943
52.948448,1,13,6,28,4,16.666698,8.393800,4.392100,18.282499,1,34943,34943
52.964910,1,13,6,28,4,16.666800,2.988500,4.314000,11.384800,1,34943,34943
52.981578,1,13,6,28,4,16.667002,2.700900,4.576700,15.724500,1,34943,34943
52.998590,1,13,6,28,4,16.666800,2.741900,4.420800,16.636999,1,34943,34943
53.015012,1,13,6,28,4,16.666901,2.694400,4.676700,17.093599,1,34943,34943
53.037065,1,13,6,27,4,16.666800,2.391900,2.996500,16.394199,1,36265,36265
53.048229,1,13,6,27,4,16.666901,8.165800,4.556600,22.684700,1,36265,36265
53.064881,1,13,6,27,4,16.666698,3.002000,5.473600,10.492900,1,36265,36265
53.081648,1,13,6,27,4,16.667002,2.394300,3.269300,16.533501,1,36265,36265
53.098309,1,13,6,27,4,16.666901,2.425300,4.825900,17.175600,1,36265,36265
53.114843,1,13,6,27,4,16.666800,2.880800,4.062900,16.541700,1,36265,36265
53.136129,1,13,6,25,4,16.666698,2.576900,3.306200,16.210899,1,35257,35257
53.148545,1,13,6,25,4,16.666901,7.638000,4.413400,22.498301,1,35257,35257
53.165014,1,13,6,25,4,16.666698,3.068700,4.124700,11.799600,1,35257,35257
53.181547,1,13,6,25,4,16.666901,3.094300,3.861200,16.426001,1,35257,35257
53.198509,1,13,6,25,4,16.666800,2.655900,4.716000,15.980500,1,35257,35257
53.215059,1,13,6,25,4,16.666800,2.768400,4.687100,17.541100,1,35257,35257
53.237382,1,13,6,23,4,16.666901,2.846000,3.109500,16.281601,1,33774,33774
53.248326,1,13,5,23,4,16.666901,8.861800,3.587200,23.084101,1,33774,33774
53.264948,1,13,5,23,4,16.666901,2.780200,4.130300,10.156000,1,33774,33774
53.281604,1,13,5,23,4,16.666800,2.548200,2.778800,16.459801,1,33774,33774
53.298285,1,13,5,23,4,16.667002,2.204400,4.573700,17.246201,1,33774,33774
53.314832,1,13,5,23,4,16.666698,2.661800,3.382500,16.222200,1,33774,33774
53.336118,1,13,5,23,4,16.667002,2.320300,3.211100,16.289801,1,34601,34601
53.348249,1,13,5,23,4,16.666698,7.248900,2.767700,22.129601,1,34601,34601
53.364860,1,13,5,23,4,16.666901,2.027700,3.825000,11.438100,1,34601,34601
53.381599,1,13,5,23,4,16.666698,2.098700,4.829900,16.570400,1,34601,34601
53.398388,1,13,5,23,4,16.666800,3.084000,4.799800,16.881701,1,34601,34601
53.414986,1,13,5,23,4,16.666800,3.217100,4.228000,16.925699,1,34601,34601
53.437276,1,13,5,21,3,16.666901,6.618800,4.417100,20.549601,1,33936,33936
53.448321,1,13,4,21,3,16.666901,8.814400,4.442200,18.812901,1,33936,33936
53.464967,1,13,4,21,3,16.666901,3.315000,4.303400,10.324000,1,33936,33936
53.481628,1,13,4,21,3,16.666901,2.543000,3.447000,16.747499,1,33936,33936
53.498336,1,13,4,21,3,16.666901,2.472300,5.836700,17.546200,1,33936,33936
53.514850,1,13,4,21,3,16.666901,3.011200,3.787800,15.752200,1,33936,33936
53.538043,1,13,4,20,2,16.666897,2.401000,3.366300,16.312401,1,33758,33758
53.548215,1,13,3,20,2,16.666800,9.198100,4.734700,24.063999,1,33758,33758
53.565012,1,13,3,20,2,16.666803,2.694000,3.308100,9.447400,1,33758,33758
53.581566,1,13,3,20,2,16.666698,3.135300,4.045200,17.552401,1,33758,33758
53.598412,1,13,3,20,2,16.666998,2.893400,4.109000,16.053200,1,33758,33758
53.614977,1,13,3,20,2,16.666803,2.940100,5.993900,16.990200,1,33758,33758
53.637839,1,13,3,20,2,16.666897,2.760300,3.352800,16.302099,1,34764,34764
53.648287,1,13,3,20,2,16.666800,8.770400,3.903900,23.057400,1,34764,34764
53.665006,1,13,3,20,2,16.667002,2.954300,4.923700,10.397700,1,34764,34764
53.681605,1,13,3,20,2,16.666800,2.595400,3.006100,16.389099,1,34764,34764
53.698296,1,13,3,20,2,16.666901,2.099500,4.756100,18.358299,1,34764,34764
53.714895,1,13,3,20,2,16.667101,2.940200,4.799800,15.055900,1,34764,34764
53.736710,1,13,3,20,2,16.666901,2.497800,2.773800,16.423901,1,35430,35430
53.748374,1,13,3,20,2,16.666901,7.419700,3.053100,22.147100,1,35430,35430
53.764822,1,13,3,20,2,16.666698,2.161300,2.929800,11.369500,1,35430,35430
53.781625,1,13,3,20,2,16.666698,1.863500,3.610400,16.341999,1,35430,35430
53.798143,1,13,3,20,2,16.666698,2.102200,3.598100,16.871401,1,35430,35430
53.814875,1,13,3,20,2,16.666901,2.058000,2.615100,16.426001,1,35430,35430
53.835701,1,13,3,19,2,16.666901,1.965600,3.614100,16.888800,1,34595,34595
53.848374,1,13,3,19,2,16.666901,6.620000,3.510400,21.266500,1,34595,34595
53.864857,1,13,3,19,2,16.667002,2.343300,3.758100,12.214200,1,34595,34595
53.881568,1,13,3,19,2,16.666800,1.961900,2.435300,16.343100,1,34595,34595
53.898222,1,13,3,19,2,16.666800,2.245000,4.257300,16.899000,1,34595,34595
53.914883,1,13,3,19,2,16.667097,2.584700,3.499200,16.568399,1,34595,34595
53.936108,1,13,3,19,2,16.666702,2.961100,3.100400,16.574400,1,34248,34248
53.948357,1,13,3,19,2,16.666901,9.382700,2.871900,24.209400,1,34248,34248
53.964801,1,13,3,19,2,16.666800,2.384100,3.921800,9.570300,1,34248,34248
53.981700,1,13,3,19,2,16.666897,3.505300,3.020000,16.056400,1,34248,34248
53.998214,1,13,3,19,2,16.666803,2.307300,3.815600,17.221600,1,34248,34248
54.014881,1,13,3,19,2,16.666800,2.438800,2.378400,16.352200,1,34248,34248
54.035751,1,13,3,19,2,16.666897,2.154200,3.782300,16.835600,1,34256,34256
54.048206,1,13,3,19,2,16.666901,6.697200,2.899200,20.831301,1,34256,34256
54.065042,1,13,3,19,2,16.666800,2.171300,2.738900,12.203000,1,34256,34256
54.081633,1,13,3,19,2,16.666702,2.149500,3.850400,17.245199,1,34256,34256
54.098155,1,13,3,19,2,16.666901,2.396100,2.946500,16.422899,1,34256,34256
54.115091,1,13,3,19,2,16.666800,2.735600,4.495900,16.287701,1,34256,34256
54.135521,1,13,3,18,2,16.666901,2.351600,3.985100,17.195999,1,34581,34581
54.148194,1,13,3,18,2,16.666897,6.200200,3.880300,20.432899,1,34581,34581
54.164937,1,13,3,18,2,16.666901,2.663100,3.787200,12.683300,1,34581,34581
54.181493,1,13,3,18,2,16.666901,2.468600,3.758400,16.597000,1,34581,34581
54.198215,1,13,3,18,2,16.666901,2.206900,3.444800,16.411600,1,34581,34581
54.214970,1,13,3,18,2,16.666800,1.897100,3.507600,17.422400,1,34581,34581
54.235024,1,13,3,17,1,16.666800,2.525800,3.057500,16.535500,1,33735,33735
54.248384,1,13,3,17,1,16.677101,6.354700,3.227700,20.007999,1,33735,33735
54.265533,1,13,3,17,1,16.666901,2.326500,3.197900,13.104100,1,33735,33735
54.281489,1,13,3,17,1,16.666800,2.612500,2.836200,17.084400,1,33735,33735
54.298259,1,13,3,17,1,16.666901,1.839800,3.890500,15.944700,1,33735,33735
54.314839,1,13,3,17,1,16.666800,2.201700,4.410500,16.851000,1,33735,33735
54.335599,1,13,3,17,1,16.666800,2.181400,2.527800,16.371700,1,33571,33571
54.348336,1,13,3,17,1,16.667002,6.075700,3.630300,21.260300,1,33571,33571
54.364815,1,13,3,17,1,16.666800,2.858300,3.706000,13.566900,1,33571,33571
54.381958,1,13,3,17,1,16.666698,2.273100,3.469600,15.170600,1,33571,33571
54.398382,1,13,3,17,1,16.667101,2.839000,5.269800,17.750000,1,33571,33571
54.414841,1,13,3,17,1,16.666901,2.582700,2.658300,16.080900,1,33571,33571
54.436437,1,13,3,17,1,16.666800,1.882600,3.965700,16.269300,1,33902,33902
54.448231,1,13,3,17,1,16.666901,10.026500,4.750100,24.319000,1,33902,33902
54.464937,1,13,3,17,1,16.666698,3.039700,4.105900,9.229300,1,33902,33902
54.481774,1,13,3,17,1,16.666800,2.450500,4.011600,16.598000,1,33902,33902
54.498221,1,13,3,17,1,16.666800,2.509600,4.236000,17.278000,1,33902,33902
54.515045,1,13,3,17,1,16.666698,3.466700,4.857000,15.951800,1,33902,33902
54.536842,1,13,3,17,1,16.666800,2.233000,5.399800,17.262600,1,33233,33233
54.548187,1,13,3,17,1,16.666901,8.622500,4.307400,24.181801,1,33233,33233
54.564971,1,13,3,17,1,16.666901,2.688700,3.645100,8.682500,1,33233,33233
54.581636,1,13,3,17,1,16.666901,2.674600,3.867500,16.683001,1,33233,33233
54.598372,1,13,3,17,1,16.666800,2.698400,3.089500,17.190901,1,33233,33233
54.614919,1,13,3,17,1,16.666901,2.335100,4.772400,16.370701,1,33233,33233
54.631541,1,13,3,17,1,16.666800,2.622200,3.969800,16.327700,1,33233,33233
54.648412,1,13,3,17,1,16.686800,2.631800,3.677200,16.621599,1,33233,33233
54.665097,1,13,3,17,1,16.666901,2.195000,3.431100,16.982000,1,33233,33233
54.681506,1,13,3,17,1,16.666800,2.424900,2.782800,16.699400,1,33233,33233
54.698399,1,13,3,17,1,16.667097,1.913900,3.318800,16.243700,1,33233,33233
54.714913,1,13,3,17,1,16.666901,2.778200,3.464700,17.100800,1,33233,33233
54.731669,1,13,3,17,1,16.666901,2.194300,2.608000,16.284599,1,33233,33233
54.748328,1,13,3,17,1,16.666800,2.124600,4.013800,17.015900,1,33233,33233
54.764851,1,13,3,17,1,16.666800,2.432400,4.010300,16.736200,1,33233,33233
54.786236,2,13,3,16,0,16.666800,3.152100,3.143700,16.216101,1,34231,34231
54.854428,2,13,3,16,0,72.893303,71.947502,3.143700,16.216101,1,34231,34231
54.871136,2,13,3,16,0,16.666901,2.912300,4.714900,7.619600,1,34231,34231
54.887825,2,13,3,16,0,16.666800,2.876100,3.978200,11.840500,1,34231,34231
54.904408,2,13,3,16,0,16.666800,2.717900,3.815000,16.651300,1,34231,34231
54.921251,2,13,3,16,0,16.666803,2.429100,3.163200,16.539600,1,34231,34231
54.937952,2,13,3,16,0,16.666897,2.164300,3.900200,17.059799,1,34231,34231
54.954458,2,13,3,16,0,16.666803,7.864900,4.484900,22.001699,1,34231,34231
54.971084,2,13,3,16,0,16.666698,2.964800,3.841500,11.033600,1,34231,34231
54.989886,2,13,3,16,0,16.666698,2.424200,3.141100,16.614401,1,34231,34231
55.004764,2,13,3,16,0,16.666800,4.540900,4.788200,19.028000,1,34231,34231
55.021078,2,13,3,16,0,16.666800,3.529500,2.746400,15.379400,1,34231,34231
55.038937,0,14,3,0,0,16.666901,2.073300,3.845100,15.594500,1,7215,7215
55.100640,0,14,6,0,0,62.438702,62.474899,3.845100,15.594500,1,7215,7215
55.116785,0,14,6,0,0,16.666901,3.080100,3.277800,7.715800,1,7215,7215
55.134338,0,14,6,0,0,16.666800,4.280900,3.796600,12.995600,1,7213,7213
55.150421,0,14,6,0,0,16.669300,3.997700,4.110800,15.889400,1,7213,7213
55.166872,0,14,6,0,0,16.667002,2.455100,2.878800,16.118799,1,7213,7213
55.183490,0,14,6,0,0,16.666901,2.095500,3.880700,16.240601,1,7213,7213
55.200740,0,14,6,0,0,16.666800,2.162700,3.027700,16.382999,1,7213,7213
55.217010,0,14,6,0,0,16.666901,2.170300,3.491800,17.445900,1,7213,7213
55.233449,0,14,6,0,0,16.666800,2.118100,2.748400,16.209900,1,7213,7213
55.250131,0,14,6,0,0,16.666698,1.730000,3.181700,16.376801,1,7213,7213
55.267417,0,14,6,0,0,16.666698,2.103900,2.582100,16.616501,1,7213,7213
55.283774,0,14,6,0,0,16.667002,2.471100,3.198500,17.529800,1,7213,7213
55.301214,0,14,6,0,0,16.666800,2.521600,2.753400,16.284700,1,7212,7212
55.316923,0,14,6,0,0,16.666800,5.096400,4.720800,19.770399,1,7211,7211
55.333508,0,14,6,0,0,16.666800,3.332100,3.441800,13.483000,1,7211,7211
55.351661,0,14,6,0,0,16.666698,1.908500,2.469500,16.337900,1,7211,7211
55.490202,1,14,6,48,4,133.283112,3.187400,0.566100,18.798599,1,34084,34084
55.564636,1,14,12,48,4,81.077797,191.696701,0.566100,18.798599,1,34084,34084
55.581280,1,14,12,48,4,16.666698,3.010200,3.325800,7.127000,1,34084,34084
55.601946,1,14,12,48,4,16.666800,2.672600,3.180100,12.480500,1,37283,37283
55.614568,1,14,12,48,4,16.666702,7.456400,4.394400,22.024200,1,37283,37283
55.631383,1,14,12,48,4,16.666901,2.417400,3.932400,11.020300,1,37283,37283
55.648198,1,14,12,48,4,16.666897,2.393500,3.863100,17.012699,1,37283,37283
55.664550,1,14,12,48,4,16.666901,2.717600,3.367100,16.794600,1,37283,37283
55.681241,1,14,12,48,4,16.666901,2.206200,3.466500,16.125000,1,37283,37283
55.703440,1,14,12,48,4,16.666698,2.100000,3.302900,16.768000,1,43420,43420
55.714890,1,14,12,48,4,16.666901,8.679100,4.467600,23.645201,1,43420,43420
55.731309,1,14,12,48,4,16.667002,2.481100,3.957900,10.136500,1,43420,43420
55.747991,1,14,12,48,4,16.666698,2.376700,3.916200,16.391199,1,43420,43420
55.764713,1,14,12,48,4,16.666800,2.607100,3.635900,16.555000,1,43420,43420
55.781355,1,14,12,48,4,16.666702,2.182400,3.779600,16.872499,1,43420,43420
55.803966,1,14,12,45,4,16.666800,2.293700,2.746300,16.553900,1,42782,42782
55.944553,1,14,11,44,4,141.260300,10.033300,0.448200,24.776699,1,40793,40793
55.955817,1,14,11,44,4,16.666901,119.133202,3.850100,139.786301,1,40793,40793
55.972489,1,14,11,44,4,16.666698,2.157900,3.885800,10.002400,1,40793,40793
55.989336,1,14,11,44,4,16.666698,2.548000,3.799000,16.774200,1,40793,40793
56.006251,1,14,11,44,4,16.666901,2.236200,4.261200,16.884701,1,40793,40793
56.022484,1,14,11,44,4,16.666800,5.884200,3.907200,19.882999,1,40793,40793
56.043433,1,14,11,43,4,16.666698,2.068800,3.487700,12.937200,1,39605,39605
56.055903,1,14,11,43,4,16.666800,7.419000,3.691500,21.981199,1,39605,39605
56.072760,1,14,11,43,4,16.667002,2.527600,3.925600,11.920400,1,39605,39605
56.089203,1,14,11,43,4,16.666800,2.928300,4.262100,16.993299,1,39605,39605
56.105993,1,14,11,43,4,16.666800,2.248800,3.965500,16.002001,1,39605,39605
56.122613,1,14,11,43,4,16.666800,2.949800,4.911600,17.117201,1,39605,39605
56.143667,1,14,11,40,4,16.666901,2.697000,4.302500,16.732201,1,39092,39092
56.155854,1,14,9,40,4,16.666698,7.572300,4.684100,21.668800,1,39092,39092
56.172674,1,14,9,40,4,16.666800,2.684800,4.571100,11.257900,1,39092,39092
56.189195,1,14,9,40,4,16.666702,2.986000,4.700000,17.053699,1,39092,39092
56.206207,1,14,9,40,4,16.666897,2.800300,2.794400,16.099300,1,39092,39092
56.222489,1,14,9,40,4,16.666702,2.487400,3.611000,17.239000,1,39092,39092
56.245393,1,14,9,39,4,16.666800,2.258100,4.439100,16.100401,1,38260,38260
56.255879,1,14,9,39,4,16.666998,9.347800,3.891400,23.442400,1,38260,38260
56.272586,1,14,9,39,4,16.666901,2.541500,3.594200,9.916400,1,38260,38260
56.289258,1,14,9,39,4,16.666702,2.551500,3.825900,16.957500,1,38260,38260
56.305853,1,14,9,39,4,16.666698,2.598700,4.376300,16.919500,1,38260,38260
56.322513,1,14,9,39,4,16.666698,2.694500,3.305200,16.070700,1,38260,38260
56.343858,1,14,9,37,4,16.666800,1.949200,3.769000,17.278999,1,39100,39100
56.355838,1,14,9,37,4,16.666901,7.656800,3.676400,21.489599,1,39100,39100
56.372616,1,14,9,37,4,16.666698,2.209600,3.916900,11.234300,1,39100,39100
56.389224,1,14,9,37,4,16.666698,2.608200,4.912300,17.194000,1,39100,39100
56.405881,1,14,9,37,4,16.666800,2.556700,4.903900,16.809000,1,39100,39100
56.422492,1,14,9,37,4,16.666901,2.501800,3.193800,16.558100,1,39100,39100
56.444337,1,14,9,37,4,16.667002,2.372000,4.068600,16.107500,1,39774,39774
56.456071,1,14,9,37,4,16.666698,8.415700,3.228700,22.400000,1,39774,39774
56.472575,1,14,9,37,4,16.667101,2.561400,2.848400,11.527200,1,39774,39774
56.489257,1,14,9,37,4,16.666901,2.462200,3.705500,16.535500,1,39774,39774
56.505821,1,14,9,37,4,16.666698,2.425800,3.970700,16.645100,1,39774,39774
56.522558,1,14,9,37,4,16.666901,2.764700,3.084900,16.252001,1,39774,39774
56.543892,1,14,9,35,4,16.666800,6.359300,4.045500,21.421000,1,39448,39448
56.555856,1,14,8,35,4,16.666800,8.160200,4.105100,17.473499,1,39448,39448
56.572483,1,14,8,35,4,16.666901,2.385000,3.809500,11.262000,1,39448,39448
56.589211,1,14,8,35,4,16.666800,2.766000,3.046200,16.494600,1,39448,39448
56.606041,1,14,8,35,4,16.666800,2.195600,3.820500,17.563601,1,39448,39448
56.622520,1,14,8,35,4,16.666901,3.611900,4.002400,17.440800,1,39448,39448
56.644590,1,14,8,34,4,16.666800,2.652600,3.589200,15.007700,1,39140,39140
56.655956,1,14,8,34,4,16.666901,8.394200,2.900700,22.746201,1,39140,39140
56.672593,1,14,8,34,4,16.667002,2.368800,3.017000,10.801100,1,39140,39140
56.689177,1,14,8,34,4,16.666698,2.756500,2.972600,17.190901,1,39140,39140
56.705915,1,14,8,34,4,16.666800,2.208300,3.051100,15.884300,1,39140,39140
56.722571,1,14,8,34,4,16.666901,2.326300,3.616200,16.908300,1,39140,39140
56.743435,1,14,8,32,4,16.666698,2.334800,4.004600,17.666000,1,37644,37644
56.755829,1,14,8,32,4,16.666901,7.334600,3.618700,20.391001,1,37644,37644
56.772845,1,14,8,32,4,16.666901,2.267100,3.147300,11.740100,1,37644,37644
56.789192,1,14,8,32,4,16.666698,2.738900,3.558100,17.424400,1,37644,37644
56.805864,1,14,8,32,4,16.666800,2.481700,2.500400,15.834100,1,37644,37644
56.822616,1,14,8,32,4,16.666800,1.915700,3.548100,16.909401,1,37644,37644
56.842743,1,14,8,31,4,16.666901,2.247000,4.080900,16.775101,1,37133,37133
56.855839,1,14,7,31,4,16.666901,7.023900,3.776500,21.930000,1,37133,37133
56.872739,1,14,7,31,4,16.727999,2.437600,3.521100,11.857900,1,37133,37133
56.889243,1,14,7,31,4,16.666702,2.800900,3.575100,16.593901,1,37133,37133
56.906153,1,14,7,31,4,16.666897,2.273300,3.106000,16.280600,1,37133,37133
56.922633,1,14,7,31,4,16.666901,2.896900,3.695500,17.090599,1,37133,37133
56.943292,1,14,7,30,4,16.666702,2.290300,2.773600,16.104401,1,35609,35609
56.956068,1,14,7,30,4,16.666897,6.866600,4.971200,21.674000,1,35609,35609
56.972689,1,14,7,30,4,16.666901,2.702900,3.842900,11.886600,1,35609,35609
56.989411,1,14,7,30,4,16.666702,2.461300,4.254600,16.711700,1,35609,35609
57.005919,1,14,7,30,4,16.666897,2.817200,3.807900,16.760799,1,35609,35609
57.022746,1,14,7,30,4,16.666901,2.344900,3.537000,16.399401,1,35609,35609
57.042747,1,14,7,26,4,16.666702,7.442600,3.594800,21.518299,1,34425,34425
57.055987,1,14,5,26,4,16.666698,6.304900,3.959400,15.856700,1,34425,34425
57.072674,1,14,5,26,4,16.666698,2.137400,3.447400,12.476400,1,34425,34425
57.089266,1,14,5,26,4,16.666800,2.142200,3.739100,17.059799,1,34425,34425
57.106003,1,14,5,26,4,16.666800,3.574300,3.171300,16.167900,1,34425,34425
57.122893,1,14,5,26,4,16.672400,2.405300,3.876300,16.943100,1,34425,34425
57.143467,1,14,5,25,4,16.667002,2.647000,3.272300,16.865299,1,34586,34586
57.155943,1,14,5,25,4,16.666901,6.653300,3.753200,20.782101,1,34586,34586
57.172620,1,14,5,25,4,16.666800,2.047300,3.861000,12.078100,1,34586,34586
57.189599,1,14,5,25,4,16.666901,2.005400,4.253000,17.269699,1,34586,34586
57.205908,1,14,5,25,4,16.666698,2.726800,2.996500,16.658501,1,34586,34586
57.222843,1,14,5,25,4,16.666800,2.141300,3.295800,16.220100,1,34586,34586
57.242574,1,14,5,24,4,16.666800,2.863100,5.634900,17.086500,1,34077,34077
57.255957,1,14,5,24,4,16.666901,6.165600,3.663200,20.102100,1,34077,34077
57.272634,1,14,5,24,4,16.666901,2.338100,3.512800,12.737600,1,34077,34077
57.289233,1,14,5,24,4,16.666901,2.214600,3.664900,16.910299,1,34077,34077
57.305941,1,14,5,24,4,16.666901,2.487400,3.557300,16.230400,1,34077,34077
57.322811,1,14,5,24,4,16.666698,2.182500,3.978900,17.160200,1,34077,34077
57.343585,1,14,5,24,4,16.667002,3.061000,3.112500,16.979000,1,34088,34088
57.355929,1,14,5,24,4,16.666800,6.867500,3.690800,20.979700,1,34088,34088
57.372591,1,14,5,24,4,16.666698,2.115400,3.357600,11.665400,1,34088,34088
57.389294,1,14,5,24,4,16.666698,2.045000,2.923700,16.713699,1,34088,34088
57.406040,1,14,5,24,4,16.666800,2.116800,3.220800,16.673800,1,34088,34088
57.422560,1,14,5,24,4,16.666901,2.544800,3.849500,17.047501,1,34088,34088
57.443133,1,14,5,23,3,16.666800,3.262800,2.903200,16.197599,1,35270,35270
57.456013,1,14,4,23,3,16.666702,6.541500,3.832900,21.213200,1,35270,35270
57.472700,1,14,4,23,3,16.666800,2.325400,3.624000,12.294100,1,35270,35270
57.489228,1,14,4,23,3,16.666901,2.440900,4.554800,16.950300,1,35270,35270
57.505908,1,14,4,23,3,16.666800,2.543100,3.025300,16.151600,1,35270,35270
57.523122,1,14,4,23,3,16.666901,1.994800,3.546400,16.722900,1,35270,35270
57.544222,1,14,4,22,3,16.666800,6.934500,4.224300,21.804001,1,35260,35260
57.555928,1,14,4,22,3,16.666800,7.921900,4.869600,16.876600,1,35260,35260
57.572635,1,14,4,22,3,16.666998,2.200400,4.844200,11.336700,1,35260,35260
57.589345,1,14,4,22,3,16.666702,2.248200,2.750500,16.691200,1,35260,35260
57.606268,1,14,4,22,3,16.666901,2.189300,4.713900,16.885700,1,35260,35260
57.623005,1,14,4,22,3,16.666897,3.993600,5.957500,18.442301,1,35260,35260
57.645581,1,14,4,19,3,16.666901,3.567000,4.135200,15.173600,1,35247,35247
57.656061,1,14,4,19,3,16.666800,9.227500,2.751800,22.902800,1,35247,35247
57.672589,1,14,4,19,3,16.666800,2.605000,3.726700,10.206200,1,35247,35247
57.689262,1,14,4,19,3,16.666803,2.525200,4.148700,16.304100,1,35247,35247
57.705980,1,14,4,19,3,16.666897,2.331500,3.541400,16.661501,1,35247,35247
57.722692,1,14,4,19,3,16.666901,2.067900,4.181800,18.057301,1,35247,35247
57.744604,1,14,4,19,3,16.666800,2.486200,3.853600,15.688700,1,34069,34069
57.755977,1,14,4,19,3,16.666702,8.122400,4.187400,21.885900,1,34069,34069
57.772609,1,14,4,19,3,16.666897,2.319700,3.606400,11.124700,1,34069,34069
57.789334,1,14,4,19,3,16.666901,2.215400,3.090000,16.668699,1,34069,34069
57.805920,1,14,4,19,3,16.666800,2.232000,4.444300,16.817200,1,34069,34069
57.822770,1,14,4,19,3,16.666901,2.631200,3.359000,16.714701,1,34069,34069
57.842777,1,14,4,18,3,16.666800,2.529700,4.176600,16.898100,1,32567,32567
57.855950,1,14,4,18,3,16.666800,6.201500,3.766900,19.962799,1,32567,32567
57.872574,1,14,4,18,3,16.666702,2.196100,3.227100,12.863500,1,32567,32567
57.889468,1,14,4,18,3,16.666800,2.129200,3.001900,16.620600,1,32567,32567
57.906053,1,14,4,18,3,16.666901,2.925800,4.266000,17.138700,1,32567,32567
57.922698,1,14,4,18,3,16.666698,2.398900,2.547800,16.378799,1,32567,32567
57.944102,1,14,4,17,3,16.666800,2.106600,3.205200,16.779301,1,33561,33561
57.955984,1,14,4,17,3,16.666698,7.305800,4.624100,21.466101,1,33561,33561
57.972895,1,14,4,17,3,16.667002,2.553600,2.913000,12.101700,1,33561,33561
57.989331,1,14,4,17,3,16.666901,4.215900,3.497400,16.700399,1,33561,33561
58.005903,1,14,4,17,3,16.666800,4.319900,3.178400,16.220100,1,33561,33561
58.022919,1,14,4,17,3,16.666698,2.311200,3.294900,17.011700,1,33561,33561
58.044618,1,14,4,17,3,16.666698,5.049400,3.984900,19.218500,1,33235,33235
58.056003,1,14,4,17,3,16.666901,14.015200,4.696700,19.218500,1,33235,33235
58.072727,1,14,4,17,3,16.666901,4.682400,5.025000,8.864800,1,33235,33235
58.089286,1,14,4,17,3,16.666901,4.159900,5.426500,14.785500,1,33235,33235
58.105961,1,14,4,17,3,16.666800,2.534100,4.224200,14.756900,1,33235,33235
58.122727,1,14,4,17,3,16.666698,2.077100,3.341500,16.610300,1,33235,33235
58.143517,1,14,4,15,3,16.667002,2.218700,3.755900,17.034201,1,33056,33056
58.156059,1,14,4,15,3,16.666698,6.824900,4.047900,20.816900,1,33056,33056
58.172747,1,14,4,15,3,16.666800,2.218000,4.358000,12.448800,1,33056,33056
58.189335,1,14,4,15,3,16.666800,2.540200,2.539400,16.687099,1,33056,33056
58.206042,1,14,4,15,3,16.666800,1.924500,2.852700,16.515100,1,33056,33056
58.222580,1,14,4,15,3,16.666800,2.305900,3.734500,16.813000,1,33056,33056
58.244031,1,14,4,15,3,16.666800,2.104000,2.550100,16.271400,1,32724,32724
58.256190,1,14,4,15,3,16.666803,6.799900,3.437700,21.859301,1,32724,32724
58.272801,1,14,4,15,3,16.666897,2.638900,3.483000,12.099600,1,32724,32724
58.289257,1,14,4,15,3,16.667002,2.817700,4.199800,16.592899,1,32724,32724
58.306003,1,14,4,15,3,16.666800,2.356700,3.341800,16.318501,1,32724,32724
58.322733,1,14,4,15,3,16.666800,2.289100,3.140100,7.079900,1,32724,32724
58.342706,1,14,4,15,3,16.666702,2.139800,3.653700,17.107000,1,31896,31896
58.356031,1,14,4,15,3,16.666698,6.345100,2.626100,19.798000,1,31896,31896
58.372623,1,14,4,15,3,16.666800,2.165600,2.815800,13.222900,1,31896,31896
58.389356,1,14,4,15,3,16.666698,2.115200,3.538800,16.623600,1,31896,31896
58.405910,1,14,4,15,3,16.666901,2.182900,3.642200,16.739300,1,31896,31896
58.422929,1,14,4,15,3,16.666800,2.364900,2.962100,16.393200,1,31896,31896
58.443215,1,14,4,15,3,16.666698,2.219900,3.567200,17.194000,1,32733,32733
58.456069,1,14,4,15,3,16.666901,6.491600,4.411500,20.693001,1,32733,32733
58.472577,1,14,4,15,3,16.666901,2.787900,4.105900,12.613700,1,32733,32733
58.489369,1,14,4,15,3,16.666901,2.540200,3.553900,16.161699,1,32733,32733
58.506031,1,14,4,15,3,16.666698,2.440700,4.252700,16.992300,1,32733,32733
58.522594,1,14,4,15,3,16.666800,2.983000,3.143700,16.733200,1,32733,32733
58.543991,1,14,4,15,3,16.667002,2.431900,3.857500,16.651199,1,32900,32900
58.556068,1,14,4,15,3,16.666800,7.631400,2.781600,21.332001,1,32900,32900
58.572700,1,14,4,15,3,16.666800,6.272100,3.574800,16.224300,1,32900,32900
58.589394,1,14,4,15,3,16.666800,2.364900,3.730000,12.399600,1,32900,32900
58.606009,1,14,4,15,3,16.666698,2.510900,3.901500,16.780300,1,32900,32900
58.622689,1,14,4,15,3,16.666702,2.816900,4.358500,16.684999,1,32900,32900
58.643238,1,14,4,15,3,16.666897,3.113500,5.104500,17.306700,1,32228,32228
58.655890,1,14,4,15,3,16.666901,6.931100,3.672200,19.913700,1,32228,32228
58.672717,1,14,4,15,3,16.666901,2.942100,3.352200,12.345300,1,32228,32228
58.689239,1,14,4,15,3,16.666800,2.205900,4.165400,17.032200,1,32228,32228
58.705939,1,14,4,15,3,16.666901,2.375500,2.681700,16.308201,1,32228,32228
58.722701,1,14,4,15,3,16.666800,1.765600,3.019600,16.748600,1,32228,32228
58.742775,1,14,4,14,3,16.666901,2.559100,4.344100,17.167299,1,32542,32542
58.756015,1,14,4,14,3,16.666800,6.308700,3.981700,19.891199,1,32542,32542
58.772759,1,14,4,14,3,16.666698,2.170900,4.023700,13.331500,1,32542,32542
58.789273,1,14,4,14,3,16.666800,2.650300,3.185600,16.750601,1,32542,32542
58.806067,1,14,4,14,3,16.666702,2.120200,2.992900,16.257999,1,32542,32542
58.822597,1,14,4,14,3,16.666901,2.374100,3.504900,16.944201,1,32542,32542
58.842997,1,14,4,14,3,16.666698,2.037500,2.737200,16.261101,1,31878,31878
58.855993,1,14,4,14,3,16.666800,5.839000,4.235000,20.793301,1,31878,31878
58.872559,1,14,4,14,3,16.666901,2.197500,3.489300,12.714000,1,31878,31878
58.889232,1,14,4,14,3,16.667002,2.310300,3.176900,16.458799,1,31878,31878
58.905929,1,14,4,14,3,16.666800,1.879300,2.815000,16.626699,1,31878,31878
58.922685,1,14,4,14,3,16.666897,1.720600,3.104900,16.746500,1,31878,31878
58.944426,1,14,4,14,3,16.666901,2.025400,4.515000,17.034201,1,31714,31714
58.956020,1,14,4,14,3,16.666702,7.765600,2.517000,21.643299,1,31714,31714
58.972665,1,14,4,14,3,16.666698,1.832700,2.806800,11.588600,1,31714,31714
58.989437,1,14,4,14,3,16.667002,2.082700,3.025800,16.673800,1,31714,31714
59.005911,1,14,4,14,3,16.666998,2.472000,5.257700,16.790501,1,31714,31714
59.022568,1,14,4,14,3,16.666901,2.550700,2.774100,16.190500,1,31714,31714
59.044656,1,14,4,12,2,16.666800,1.960000,3.556700,16.697300,1,32541,32541
59.055898,1,14,4,12,2,16.666901,7.748200,2.966700,22.319099,1,32541,32541
59.072681,1,14,4,12,2,16.666800,2.394000,3.559100,11.200500,1,32541,32541
59.089259,1,14,4,12,2,16.666901,6.556400,2.905600,20.981800,1,32541,32541
59.105933,1,14,4,12,2,16.666901,1.916800,2.545100,12.324800,1,32541,32541
59.122683,1,14,4,12,2,16.666800,1.812600,2.708300,16.620600,1,32541,32541
59.142874,1,14,4,12,2,16.666800,1.918100,4.791500,16.895000,1,32044,32044
59.155912,1,14,4,12,2,16.666800,5.985300,2.995000,20.164600,1,32044,32044
59.172720,1,14,4,12,2,16.666901,1.706100,3.894500,12.871600,1,32044,32044
59.189367,1,14,4,12,2,16.666800,2.259300,3.605800,16.970699,1,32044,32044
59.206047,1,14,4,12,2,16.666800,2.644600,3.030600,16.483299,1,32044,32044
59.222728,1,14,4,12,2,16.666901,2.340300,4.115100,16.871500,1,32044,32044
59.243095,1,14,4,12,2,16.666800,2.204000,2.724600,16.523199,1,32049,32049
59.256036,1,14,4,12,2,16.666901,5.849400,3.510400,20.713499,1,32049,32049
59.272569,1,14,4,12,2,16.666800,2.585800,4.064400,12.694500,1,32049,32049
59.289253,1,14,4,12,2,16.666901,2.732000,2.763300,16.321600,1,32049,32049
59.306065,1,14,4,12,2,16.666901,1.967400,3.053600,16.692200,1,32049,32049
59.322567,1,14,4,12,2,16.666901,2.171000,3.079700,16.999399,1,32049,32049
59.339396,1,14,4,12,2,16.666698,2.366900,2.844500,16.283701,1,32049,32049
59.356050,1,14,4,12,2,16.666901,2.392400,4.299000,17.098700,1,32049,32049
59.372605,1,14,4,12,2,16.666800,2.383100,2.477300,16.514099,1,32049,32049
59.389349,1,14,4,12,2,16.666901,1.710700,3.133000,16.573400,1,32049,32049
59.405894,1,14,4,12,2,16.666800,1.994100,4.153500,16.683001,1,32049,32049
59.422585,1,14,4,12,2,16.666800,2.033000,2.710700,16.469999,1,32049,32049
59.439398,1,14,4,12,2,16.666800,1.841700,3.368400,16.656401,1,32049,32049
59.455891,1,14,4,12,2,16.666800,2.221900,3.252900,17.191999,1,32049,32049
59.472708,1,14,4,12,2,16.667002,2.045900,3.288400,16.166901,1,32049,32049
59.493350,2,14,4,12,0,16.666800,2.088600,3.418000,17.050600,1,32369,32369
59.563227,2,14,4,12,0,73.748199,72.604897,3.418000,17.050600,1,32369,32369
59.579753,2,14,4,12,0,16.666800,3.525100,3.383100,8.149000,1,32369,32369
59.596421,2,14,4,12,0,16.666901,5.657100,4.522200,15.019000,1,32369,32369
59.612984,2,14,4,12,0,16.666698,2.759600,3.764400,13.460500,1,32369,32369
59.629785,2,14,4,12,0,16.667002,2.599200,2.969700,16.408600,1,32369,32369
59.646508,2,14,4,12,0,16.666897,2.932200,6.360000,17.520599,1,32369,32369
59.663112,2,14,4,12,0,16.666901,2.960500,5.255400,16.335899,1,32369,32369
59.679805,2,14,4,12,0,16.666901,3.278100,4.372700,16.632799,1,32369,32369
59.696370,2,14,4,12,0,16.666901,3.041500,4.628200,16.498699,1,32369,32369
59.713057,2,14,4,12,0,16.666800,2.411900,2.636000,16.380899,1,32369,32369
59.729792,2,14,4,12,0,16.666800,2.279400,3.130900,16.707600,1,32369,32369
59.749348,0,15,4,0,0,16.666800,2.210100,3.982200,16.909300,1,8201,8201
59.817015,0,15,6,0,0,70.582504,70.025703,3.982200,16.909300,1,8201,8201
59.833587,0,15,6,0,0,16.666800,3.105800,3.428800,7.673900,1,8201,8201
59.850316,0,15,6,0,0,16.666800,2.531500,2.903100,11.912200,1,8201,8201
59.866844,0,15,6,0,0,16.666901,1.978900,3.459600,16.759800,1,8201,8201
59.883858,0,15,6,0,0,16.666800,2.444100,2.982000,16.384001,1,8201,8201
59.900332,0,15,6,0,0,16.666800,1.976100,3.537500,17.103800,1,8201,8201
59.916860,0,15,6,0,0,16.667101,2.317600,3.260100,16.600100,1,8201,8201
59.933567,0,15,6,0,0,16.666800,2.260700,3.255000,16.375799,1,8201,8201
59.956625,1,15,6,80,8,16.666800,4.472100,3.861400,19.419201,1,42390,42390
60.032283,1,15,10,80,8,80.368896,81.824699,3.861400,19.419201,1,42390,42390
60.047424,1,15,10,80,8,16.667101,4.146200,4.584700,7.511100,1,42390,42390
60.068968,1,15,10,80,8,16.666998,2.971000,3.109900,11.859900,1,54939,54939
60.134496,1,15,10,80,8,70.517303,70.413200,3.109900,11.859900,1,54939,54939
60.151296,1,15,10,80,8,16.666800,7.496500,4.559200,7.722000,1,54939,54939
60.176355,1,15,10,80,8,16.666901,2.951000,4.581500,11.577300,1,67117,67117
60.184601,1,15,10,80,8,16.666901,13.026200,4.430200,26.531799,1,67117,67117
60.201147,1,15,10,80,8,16.666901,2.452300,4.343500,7.110700,1,67117,67117
60.217813,1,15,10,80,8,16.666901,2.628200,3.389800,15.856600,1,67117,67117
60.234681,1,15,10,80,8,16.666901,1.825100,3.311200,16.681999,1,67117,67117
60.251213,1,15,10,80,8,16.666800,2.779500,3.333200,17.301500,1,67117,67117
60.275487,1,15,10,79,8,16.666800,2.342900,3.379900,16.138300,1,62887,62887
60.416547,1,15,9,74,8,140.994400,11.029400,0.358100,25.485300,1,64452,64452
60.425487,1,15,9,74,8,16.666698,118.416801,4.424700,141.944794,1,64452,64452
60.442352,1,15,9,74,8,16.666800,2.112500,4.660300,8.143900,1,64452,64452
60.458904,1,15,9,74,8,16.666901,2.669200,3.421100,15.669200,1,64452,64452
60.475628,1,15,9,74,8,16.666901,2.042500,3.078200,16.464899,1,64452,64452
60.492283,1,15,9,74,8,16.666901,2.095500,4.959200,16.993299,1,64452,64452
60.515969,1,15,9,73,8,16.666698,2.664700,3.895700,16.497700,1,62921,62921
60.525633,1,15,9,73,8,16.666800,10.380500,3.380200,24.216600,1,62921,62921
60.542143,1,15,9,73,8,16.666901,2.151600,3.454700,9.192400,1,62921,62921
60.558820,1,15,9,73,8,16.666901,2.118400,3.573500,16.304100,1,62921,62921
60.575776,1,15,9,73,8,16.666800,2.748600,4.105600,17.221701,1,62921,62921
60.592320,1,15,9,73,8,16.666800,3.036600,3.763200,16.645100,1,62921,62921
60.616535,1,15,9,70,8,16.667002,2.316800,2.864400,16.828400,1,63964,63964
60.625595,1,15,8,70,8,16.666901,10.601000,3.134900,24.670200,1,63964,63964
60.642247,1,15,8,70,8,16.666800,2.173300,2.789800,8.292400,1,63964,63964
60.659095,1,15,8,70,8,16.666998,8.943700,4.364200,23.304100,1,63964,63964
60.675675,1,15,8,70,8,16.666800,3.126600,4.927100,10.710100,1,63964,63964
60.692165,1,15,8,70,8,16.666702,3.240500,3.952600,16.026600,1,63964,63964
60.715149,1,15,8,65,8,16.666901,2.873000,4.529000,17.034201,1,60627,60627
60.725521,1,15,8,65,8,16.666897,10.074800,4.797000,24.320000,1,60627,60627
60.742283,1,15,8,65,8,16.666901,2.398600,2.856300,8.593400,1,60627,60627
60.758943,1,15,8,65,8,16.666901,2.312000,4.009500,16.974899,1,60627,60627
60.775516,1,15,8,65,8,16.666800,2.812000,3.084100,16.431101,1,60627,60627
60.792282,1,15,8,65,8,16.666800,2.227500,4.824400,16.527300,1,60627,60627
60.814651,1,15,8,64,8,16.666702,2.556600,3.323600,16.992300,1,52113,52113
60.825589,1,15,8,64,8,16.666800,9.254100,3.787900,23.063601,1,52113,52113
60.842482,1,15,8,64,8,16.666901,2.970000,4.455300,10.653700,1,52113,52113
60.859021,1,15,8,64,8,16.667097,3.241500,2.940600,16.424900,1,52113,52113
60.875652,1,15,8,64,8,16.667002,2.690500,4.422200,16.880699,1,52113,52113
60.892141,1,15,8,64,8,16.666698,2.932500,3.882600,16.561100,1,52113,52113
60.914143,1,15,8,63,8,16.666800,2.716500,3.196100,15.928300,1,50124,50124
60.925580,1,15,8,63,8,16.666901,8.216500,3.047900,23.250999,1,50124,50124
60.942116,1,15,8,63,8,16.666698,2.431800,3.929400,10.574800,1,50124,50124
60.958870,1,15,8,63,8,16.666698,2.453400,3.201600,16.185400,1,50124,50124
60.975643,1,15,8,63,8,16.666901,2.695400,5.126600,17.767401,1,50124,50124
60.992191,1,15,8,63,8,16.666800,2.963800,3.496000,16.160801,1,50124,50124
61.016081,1,15,8,60,8,16.666702,2.970900,3.277000,16.491501,1,53297,53297
61.025480,1,15,7,60,8,16.666698,10.820200,3.157200,24.901600,1,53297,53297
61.042190,1,15,7,60,8,16.666698,2.338900,3.649700,8.168500,1,53297,53297
61.058971,1,15,7,60,8,16.666901,2.210700,3.140200,16.616400,1,53297,53297
61.075579,1,15,7,60,8,16.666800,2.629500,6.475600,17.300501,1,53297,53297
61.092192,1,15,7,60,8,16.666901,3.689600,4.082200,16.107500,1,53297,53297
61.117260,1,15,7,55,6,16.666698,2.837800,5.054000,17.684500,1,54789,54789
61.125485,1,15,7,55,6,16.666901,12.001800,4.528400,25.497601,1,54789,54789
61.142225,1,15,7,55,6,16.667002,2.787100,2.946100,7.436300,1,54789,54789
61.159018,1,15,7,55,6,16.666800,2.605800,4.407100,16.248800,1,54789,54789
61.175565,1,15,7,55,6,16.666800,7.807300,4.178800,6.224900,1,54789,54789
61.192327,1,15,7,55,6,16.666901,2.710200,3.619000,12.133300,1,54789,54789
61.214795,1,15,7,49,1,16.666901,2.563200,3.709400,16.923700,1,55114,55114
61.225458,1,15,6,49,1,16.666901,9.370800,4.690200,23.096300,1,55114,55114
61.242392,1,15,6,49,1,16.666800,3.823100,3.581200,9.620500,1,55114,55114
61.258881,1,15,6,49,1,16.666800,2.701900,3.424800,17.555500,1,55114,55114
61.275660,1,15,6,49,1,16.666901,2.597200,3.615100,16.206800,1,55114,55114
61.292338,1,15,6,49,1,16.666698,2.792000,4.838300,16.934900,1,55114,55114
61.308834,1,15,6,49,1,16.667002,3.056800,3.273700,16.451599,1,55114,55114
61.325951,1,15,6,49,1,16.666698,2.080000,3.129700,16.312300,1,55114,55114
61.342154,1,15,6,49,1,16.667002,2.993200,4.033300,17.615900,1,55114,55114
61.358797,1,15,6,49,1,16.666698,2.661300,3.125200,15.690800,1,55114,55114
61.375542,1,15,6,49,1,16.666698,2.094500,3.055700,16.543699,1,55114,55114
61.392199,1,15,6,49,1,16.666698,2.192900,3.390600,17.053699,1,55114,55114
61.408829,1,15,6,49,1,16.666800,2.265100,2.961600,16.570400,1,55114,55114
61.425594,1,15,6,49,1,16.666901,2.583800,4.269100,16.633801,1,55114,55114
61.442156,1,15,6,49,1,16.667002,2.976600,2.830500,16.924700,1,55114,55114
61.466115,2,15,6,48,0,16.666901,2.133600,2.808400,16.188400,1,56294,56294
61.554877,2,15,6,48,0,96.092499,94.317703,2.808400,16.188400,1,56294,56294
61.571601,2,15,6,48,0,16.666800,3.867400,6.831700,10.151900,1,56294,56294
61.588447,2,15,6,48,0,16.666800,3.480200,6.242600,10.277900,1,56294,56294
61.605004,2,15,6,48,0,16.666800,3.744600,6.402100,17.129499,1,56294,56294
61.621787,2,15,6,48,0,16.666800,4.427200,4.149600,16.292801,1,56294,56294
61.641352,2,15,6,48,0,16.666901,3.511200,5.089200,17.351700,1,56294,56294
61.655014,2,15,6,48,0,16.666901,6.951700,3.280800,19.181601,1,56294,56294
61.671705,2,15,6,48,0,16.666800,3.490200,3.926000,14.000100,1,56294,56294
61.688235,2,15,6,48,0,16.666901,9.508800,3.021900,22.694901,1,56294,56294
61.705075,2,15,6,48,0,16.667002,2.491400,4.448800,9.939000,1,56294,56294
61.722765,0,16,6,0,0,16.666800,3.122400,4.145400,16.833500,1,8568,8568
61.798250,0,16,6,0,0,76.560501,76.195198,4.145400,16.833500,1,8568,8568
61.814816,0,16,6,0,0,16.666702,5.692900,4.433700,8.489000,1,8566,8566
61.831508,0,16,6,0,0,16.666698,2.735500,4.785100,11.369500,1,8566,8566
61.848420,0,16,6,0,0,16.666698,2.726700,4.780500,16.716801,1,8566,8566
61.865005,0,16,6,0,0,16.666698,3.077200,3.111100,16.419800,1,8566,8566
61.881509,0,16,6,0,0,16.666698,2.273700,4.462600,16.799801,1,8566,8566
61.898069,0,16,6,0,0,16.666901,2.547200,3.381400,16.204800,1,8566,8566
61.915164,0,16,6,0,0,16.666702,2.142600,3.514400,16.488400,1,8566,8566
61.931621,0,16,6,0,0,16.666998,2.230500,3.227200,17.344500,1,8566,8566
61.948153,0,16,6,0,0,16.666901,2.746300,4.277400,16.424999,1,8566,8566
61.964891,0,16,6,0,0,16.666698,2.611900,4.662800,17.247200,1,8566,8566
61.982807,0,16,6,0,0,16.666901,2.496800,3.631800,15.904800,1,8568,8568
61.998693,0,16,6,0,0,16.675699,5.678200,4.093200,19.999701,1,8567,8567
62.014977,0,16,6,0,0,16.666803,3.746900,3.723000,14.144500,1,8567,8567
62.031435,0,16,6,0,0,16.666897,2.468200,3.588600,15.985700,1,8567,8567
62.168295,1,16,6,48,4,131.575500,1.780400,0.438300,16.348200,1,35558,35558
62.246689,1,16,12,48,4,83.530396,190.912796,0.438300,16.348200,1,35558,35558
62.267118,1,16,12,48,4,16.666901,8.099600,4.749900,9.400400,1,42556,42556
62.280009,1,16,12,48,4,16.666800,6.837300,3.593600,15.031300,1,42556,42556
62.296704,1,16,12,48,4,16.666998,2.262800,3.282300,12.257200,1,42556,42556
62.313419,1,16,12,48,4,16.667101,2.231200,2.991600,16.628799,1,42556,42556
62.330047,1,16,12,48,4,16.666698,2.208800,4.360500,16.921600,1,42556,42556
62.346584,1,16,12,48,4,16.666698,2.856300,2.811200,16.420799,1,42556,42556
62.369834,1,16,12,48,4,16.666803,1.824300,2.952400,16.366600,1,42581,42581
62.379955,1,16,12,48,4,16.666897,9.389200,3.437100,24.362000,1,42581,42581
62.396610,1,16,12,48,4,16.666901,2.402600,3.746300,9.387000,1,42581,42581
62.413468,1,16,12,48,4,16.666901,2.268900,3.996500,16.335899,1,42581,42581
62.430031,1,16,12,48,4,16.666901,2.654100,3.502500,17.173500,1,42581,42581
62.446676,1,16,12,48,4,16.666800,2.462000,3.342100,16.641001,1,42581,42581
62.467887,1,16,12,46,4,16.666901,2.137400,4.758500,16.497700,1,42761,42761
62.479962,1,16,11,46,4,16.666698,8.118300,4.352300,22.138901,1,42761,42761
62.615063,1,16,11,45,4,129.716095,2.137300,0.449900,10.869700,1,43892,43892
62.626446,1,16,11,45,4,16.666901,113.800301,5.448500,137.061401,1,43892,43892
62.643174,1,16,11,45,4,16.666800,2.629100,4.157900,9.587700,1,43892,43892
62.659661,1,16,11,45,4,16.666698,2.267700,4.944700,16.789499,1,43892,43892
62.676383,1,16,11,45,4,16.666800,2.730300,3.809300,16.713800,1,43892,43892
62.693277,1,16,11,45,4,16.666698,2.458100,6.434600,16.244699,1,43892,43892
62.715389,1,16,11,44,4,16.667002,2.617500,5.286000,17.447901,1,41451,41451
62.726802,1,16,10,44,4,16.666800,9.603600,5.549700,22.732800,1,41451,41451
62.743235,1,16,10,44,4,16.666800,3.566700,4.297600,11.089900,1,41451,41451
62.759686,1,16,10,44,4,16.666901,3.065900,3.390300,15.804500,1,41451,41451
62.776558,1,16,10,44,4,16.666901,5.691300,4.627800,20.381701,1,41451,41451
62.792991,1,16,10,44,4,16.666901,3.453500,3.880600,13.195200,1,41451,41451
62.814374,1,16,10,41,4,16.666698,2.348000,3.539100,16.157700,1,40295,40295
62.826414,1,16,9,41,4,16.666698,7.726200,3.262900,22.206499,1,40295,40295
62.843078,1,16,9,41,4,16.666901,2.499900,3.145300,11.361300,1,40295,40295
62.859783,1,16,9,41,4,16.666901,2.944200,3.089900,16.624599,1,40295,40295
62.876437,1,16,9,41,4,16.666800,2.283100,4.549900,16.918501,1,40295,40295
62.893002,1,16,9,41,4,16.666901,2.775200,3.022500,16.230400,1,40295,40295
62.915344,1,16,9,40,4,16.666800,1.852600,4.679000,16.758801,1,39281,39281
62.926560,1,16,9,40,4,16.667002,8.481900,3.768100,23.043100,1,39281,39281
62.943036,1,16,9,40,4,16.666901,3.295900,3.598100,11.164700,1,39281,39281
62.959866,1,16,9,40,4,16.666901,3.329700,5.179900,16.966600,1,39281,39281
62.976447,1,16,9,40,4,16.666897,3.174700,4.457100,15.900700,1,39281,39281
62.993132,1,16,9,40,4,16.666803,2.976900,3.294800,16.471001,1,39281,39281
63.015362,1,16,9,40,4,16.666800,2.483400,5.524400,16.939100,1,38952,38952
63.026355,1,16,9,40,4,16.666698,9.438700,5.338800,23.654400,1,38952,38952
63.043291,1,16,9,40,4,16.666698,3.264500,4.597100,9.096100,1,38952,38952
63.059676,1,16,9,40,4,16.666800,2.834400,4.910500,17.267799,1,38952,38952
63.076375,1,16,9,40,4,16.666901,2.557500,3.519500,15.951800,1,38952,38952
63.093145,1,16,9,40,4,16.666901,2.431700,4.421800,16.710699,1,38952,38952
63.114408,1,16,9,40,4,16.667002,2.662000,4.060600,17.142799,1,40621,40621
63.126490,1,16,9,40,4,16.666998,8.186000,4.882800,22.360001,1,40621,40621
63.143134,1,16,9,40,4,16.666702,3.755900,5.532900,11.107400,1,40621,40621
63.159688,1,16,9,40,4,16.666998,3.440100,4.877400,16.507900,1,40621,40621
63.176486,1,16,9,40,4,16.667101,2.152300,4.012800,16.252899,1,40621,40621
63.193052,1,16,9,40,4,16.666800,2.394600,4.249300,17.060900,1,40621,40621
63.214631,1,16,9,39,4,16.666800,2.626200,4.151500,16.347099,1,39812,39812
63.226518,1,16,9,39,4,16.666698,7.797000,3.376400,22.249500,1,39812,39812
63.243046,1,16,9,39,4,16.666800,2.562400,3.850600,11.558900,1,39812,39812
63.259788,1,16,9,39,4,16.666901,2.458500,3.576400,16.360500,1,39812,39812
63.276485,1,16,9,39,4,16.666800,6.821200,3.083600,20.999100,1,39812,39812
63.293020,1,16,9,39,4,16.666901,2.453200,3.376600,12.352500,1,39812,39812
63.314452,1,16,9,38,4,16.666698,1.888400,3.182100,16.293900,1,39830,39830
63.326325,1,16,9,38,4,16.666800,7.470300,3.606700,22.151199,1,39830,39830
63.342995,1,16,9,38,4,16.666901,2.330500,3.108600,11.171800,1,39830,39830
63.359769,1,16,9,38,4,16.666702,2.224000,4.145400,16.820299,1,39830,39830
63.376324,1,16,9,38,4,16.666897,2.352600,3.471100,16.785400,1,39830,39830
63.393027,1,16,9,38,4,16.666901,2.186100,3.080700,16.643000,1,39830,39830
63.414465,1,16,9,36,4,16.666901,2.271800,4.669700,16.745501,1,39840,39840
63.426321,1,16,9,36,4,16.666800,7.741200,3.496600,21.834801,1,39840,39840
63.443362,1,16,9,36,4,16.666702,1.909400,3.366600,11.134900,1,39840,39840
63.459681,1,16,9,36,4,16.666897,2.823800,4.481700,17.568800,1,39840,39840
63.476308,1,16,9,36,4,16.666901,2.534300,3.171900,15.976400,1,39840,39840
63.493154,1,16,9,36,4,16.666901,1.970000,4.119300,16.506901,1,39840,39840
63.513738,1,16,9,36,4,16.666698,2.475900,3.383600,17.065001,1,40825,40825
63.526324,1,16,9,36,4,16.666803,6.950200,4.132700,21.301201,1,40825,40825
63.543160,1,16,9,36,4,16.666998,2.374600,4.044300,11.955200,1,40825,40825
63.559651,1,16,9,36,4,16.666901,3.006500,3.134000,16.946199,1,40825,40825
63.576530,1,16,9,36,4,16.666800,2.091700,2.779800,16.000000,1,40825,40825
63.592983,1,16,9,36,4,16.666800,2.331400,4.001500,17.459200,1,40825,40825
63.613891,1,16,9,33,4,16.666901,2.422300,3.130300,15.905800,1,39822,39822
63.626497,1,16,7,33,4,16.666901,7.281900,3.625200,22.126600,1,39822,39822
63.643057,1,16,7,33,4,16.667002,2.634700,4.533600,11.674600,1,39822,39822
63.659650,1,16,7,33,4,16.666800,2.630100,3.798300,16.514099,1,39822,39822
63.676456,1,16,7,33,4,16.666800,2.431700,4.972200,16.949200,1,39822,39822
63.693165,1,16,7,33,4,16.693398,4.521700,4.171600,18.042900,1,39822,39822
63.714542,1,16,7,32,4,16.666702,3.264700,3.996900,15.282200,1,36975,36975
63.726527,1,16,7,32,4,16.666800,7.923500,3.620700,21.714899,1,36975,36975
63.743091,1,16,7,32,4,16.666901,2.323200,3.031000,11.204600,1,36975,36975
63.759815,1,16,7,32,4,16.666897,2.023600,4.324300,16.635900,1,36975,36975
63.776435,1,16,7,32,4,16.666803,5.714200,3.138900,20.240400,1,36975,36975
63.793050,1,16,7,32,4,16.666897,2.531800,3.484300,13.321200,1,36975,36975
63.813966,1,16,7,31,4,16.666800,2.200400,4.236700,17.258499,1,36798,36798
63.826368,1,16,7,31,4,16.666702,7.675200,3.297400,21.094400,1,36798,36798
63.843329,1,16,7,31,4,16.666901,1.981600,3.095000,11.263000,1,36798,36798
63.859735,1,16,7,31,4,16.666901,2.522000,4.410500,17.522699,1,36798,36798
63.876356,1,16,7,31,4,16.666800,2.411600,3.317400,15.857700,1,36798,36798
63.893156,1,16,7,31,4,16.666897,1.835600,3.708800,16.674801,1,36798,36798
63.913779,1,16,7,27,4,16.666901,2.440300,4.149200,16.945101,1,36624,36624
63.926397,1,16,5,27,4,16.666901,6.751200,5.004600,21.752899,1,36624,36624
63.943159,1,16,5,27,4,16.666901,2.990300,5.410000,12.216300,1,36624,36624
63.959858,1,16,5,27,4,16.667500,2.875000,4.036200,16.444401,1,36624,36624
63.976486,1,16,5,27,4,16.666800,2.515700,2.965200,16.200701,1,36624,36624
63.993251,1,16,5,27,4,16.666800,2.345900,4.562000,16.958500,1,36624,36624
64.013773,1,16,5,25,4,16.666901,3.213500,4.070700,16.802799,1,35448,35448
64.026639,1,16,5,25,4,16.666800,7.332300,4.495200,21.189600,1,35448,35448
64.043042,1,16,5,25,4,16.666901,2.824900,5.244200,12.169200,1,35448,35448
64.059718,1,16,5,25,4,16.666800,2.831700,3.647100,15.998000,1,35448,35448
64.076579,1,16,5,25,4,16.666800,2.312000,5.188500,17.952700,1,35448,35448
64.093195,1,16,5,25,4,16.667101,2.410300,3.980100,15.653900,1,35448,35448
64.114597,1,16,5,24,4,16.666901,2.432000,2.751100,16.575500,1,35617,35617
64.126377,1,16,5,24,4,16.666698,7.206200,3.716100,21.698601,1,35617,35617
64.142998,1,16,5,24,4,16.666800,2.385800,3.738300,11.402200,1,35617,35617
64.159836,1,16,5,24,4,16.666698,2.434900,3.038800,16.604200,1,35617,35617
64.176422,1,16,5,24,4,16.666901,2.149100,3.834600,17.106899,1,35617,35617
64.193035,1,16,5,24,4,16.667002,2.268900,3.639200,16.404499,1,35617,35617
64.213966,1,16,5,23,3,16.666800,2.315900,4.302600,16.562201,1,35621,35621
64.226386,1,16,4,23,3,16.666800,7.027800,3.020400,21.498899,1,35621,35621
64.243225,1,16,4,23,3,16.666901,1.964000,2.734100,11.925500,1,35621,35621
64.259834,1,16,4,23,3,16.666698,2.518500,4.090200,17.219500,1,35621,35621
64.276412,1,16,4,23,3,16.666800,7.067400,3.144300,20.258900,1,35621,35621
64.293281,1,16,4,23,3,16.666800,2.058800,3.262700,12.538800,1,35621,35621
64.315918,1,16,4,23,3,16.666698,2.640500,3.874600,17.205299,1,35625,35625
64.326377,1,16,4,23,3,16.666800,9.003600,4.713700,22.892500,1,35625,35625
64.343159,1,16,4,23,3,16.666901,2.826500,4.483500,9.735200,1,35625,35625
64.359754,1,16,4,23,3,16.666800,2.261700,3.516600,17.007601,1,35625,35625
64.376414,1,16,4,23,3,16.666800,2.458800,2.832200,16.587799,1,35625,35625
64.393522,1,16,4,23,3,16.666702,2.298700,4.928200,16.678900,1,35625,35625
64.414007,1,16,4,23,3,16.666901,3.311300,4.018200,17.042400,1,35806,35806
64.426503,1,16,4,23,3,16.666698,6.905100,4.439900,21.361700,1,35806,35806
64.443063,1,16,4,23,3,16.666800,2.621400,4.222400,11.760600,1,35806,35806
64.459814,1,16,4,23,3,16.666800,3.058700,3.914300,16.529400,1,35806,35806
64.476528,1,16,4,23,3,16.666698,2.803200,5.217400,16.621599,1,35806,35806
64.493124,1,16,4,23,3,16.666901,2.806500,4.872800,16.904200,1,35806,35806
64.517503,1,16,4,23,3,16.666800,2.877600,3.330300,16.487400,1,36127,36127
64.526516,1,16,4,23,3,16.666800,10.505000,3.209400,24.658001,1,36127,36127
64.543132,1,16,4,23,3,16.666901,2.327700,4.859000,8.552400,1,36127,36127
64.559873,1,16,4,23,3,16.667002,2.460500,3.389600,16.726999,1,36127,36127
64.576394,1,16,4,23,3,16.666800,2.568800,4.280600,16.915501,1,36127,36127
64.593035,1,16,4,23,3,16.666698,2.309100,3.882900,16.194599,1,36127,36127
64.614628,1,16,4,22,3,16.666698,2.229700,4.161000,16.710600,1,35941,35941
64.626560,1,16,4,22,3,16.666901,7.336300,3.244100,21.936100,1,35941,35941
64.643098,1,16,4,22,3,16.666800,2.292700,3.785700,11.687000,1,35941,35941
64.659780,1,16,4,22,3,16.666901,2.842700,4.971300,16.794600,1,35941,35941
64.676463,1,16,4,22,3,16.667002,2.971500,4.257600,16.384001,1,35941,35941
64.693375,1,16,4,22,3,16.698700,4.890300,5.830300,18.710501,1,35941,35941
64.717314,1,16,4,20,3,16.666901,3.302200,5.581500,15.513600,1,35098,35098
64.726586,1,16,4,20,3,16.666901,10.713700,3.961600,23.727100,1,35098,35098
64.743115,1,16,4,20,3,16.666800,2.670300,4.507700,8.749100,1,35098,35098
64.760094,1,16,4,20,3,16.666698,2.222300,3.624700,16.478201,1,35098,35098
64.776531,1,16,4,20,3,16.666698,6.835900,4.215400,21.237700,1,35098,35098
64.793080,1,16,4,20,3,16.666800,2.407100,3.639900,12.309500,1,35098,35098
64.816473,1,16,4,20,3,16.666901,2.417200,4.101300,16.477200,1,33932,33932
64.826630,1,16,4,20,3,16.666702,9.187800,4.658300,23.621700,1,33932,33932
64.843203,1,16,4,20,3,16.666800,2.713600,3.821400,10.607600,1,33932,33932
64.859759,1,16,4,20,3,16.666698,2.433200,3.506100,15.851500,1,33932,33932
64.876499,1,16,4,20,3,16.666698,2.273300,4.137100,16.564199,1,33932,33932
64.893202,1,16,4,20,3,16.666698,2.337800,4.052100,16.825399,1,33932,33932
64.915593,1,16,4,19,3,16.666698,2.554100,3.154900,16.748501,1,34089,34089
64.926519,1,16,4,19,3,16.666800,8.167100,3.670100,22.452200,1,34089,34089
64.943118,1,16,4,19,3,16.666901,2.699900,3.415100,10.680300,1,34089,34089
64.959871,1,16,4,19,3,16.666901,2.294700,2.663800,16.600100,1,34089,34089
64.976550,1,16,4,19,3,16.666702,2.202300,4.121300,17.115101,1,34089,34089
64.993085,1,16,4,19,3,16.666698,2.564500,3.540400,16.325701,1,34089,34089
65.014036,1,16,4,18,2,16.666800,2.008900,2.730500,16.488400,1,35092,35092
65.026373,1,16,4,18,2,16.666698,6.506700,3.416700,21.192699,1,35092,35092
65.043077,1,16,4,18,2,16.667002,2.039300,3.130800,12.209200,1,35092,35092
65.059772,1,16,4,18,2,16.666901,2.308800,4.194500,17.745899,1,35092,35092
65.076401,1,16,4,18,2,16.666698,2.472900,4.470100,15.471600,1,35092,35092
65.093267,1,16,4,18,2,16.666698,2.020000,2.668100,16.608299,1,35092,35092
65.114783,1,16,4,18,2,16.666800,2.224100,3.966600,17.381300,1,34422,34422
65.126465,1,16,4,18,2,16.666901,7.913700,3.826000,21.252100,1,34422,34422
65.143414,1,16,4,18,2,16.666901,2.154800,3.185700,11.497500,1,34422,34422
65.159720,1,16,4,18,2,16.666698,2.530400,4.503300,17.184799,1,34422,34422
65.176390,1,16,4,18,2,16.666698,2.447800,3.802000,16.055300,1,34422,34422
65.193240,1,16,4,18,2,16.666800,1.913600,4.920100,16.687099,1,34422,34422
65.213415,1,16,4,17,1,16.666800,2.438300,3.423000,16.958401,1,34586,34586
65.226482,1,16,4,17,1,16.666702,6.039100,3.979000,20.980801,1,34586,34586
65.243127,1,16,4,17,1,16.666800,3.005800,4.423300,12.432400,1,34586,34586
65.259911,1,16,4,17,1,16.666698,2.711100,3.399900,16.661501,1,34586,34586
65.276712,1,16,4,17,1,16.666800,2.466400,5.488800,16.832500,1,34586,34586
65.293041,1,16,4,17,1,16.666901,6.959700,3.898000,20.695999,1,34586,34586
65.314736,1,16,4,17,1,16.666698,2.625400,3.109000,12.231700,1,34914,34914
65.326554,1,16,4,17,1,16.666800,7.517200,3.883900,21.793800,1,34914,34914
65.343168,1,16,4,17,1,16.666698,2.278900,4.163800,11.690000,1,34914,34914
65.359920,1,16,4,17,1,16.666800,3.948700,3.413900,16.638000,1,34914,34914
65.376520,1,16,4,17,1,16.666803,2.825000,4.274400,17.216499,1,34914,34914
65.393046,1,16,4,17,1,16.666897,2.999900,3.637200,16.071600,1,34914,34914
65.414479,1,16,4,17,1,16.666901,1.720700,2.810800,16.397400,1,34745,34745
65.426374,1,16,4,17,1,16.666901,6.629700,3.151900,21.660601,1,34745,34745
65.443095,1,16,4,17,1,16.666698,2.038000,3.293700,11.675700,1,34745,34745
65.459805,1,16,4,17,1,16.666901,2.136900,3.964000,16.762899,1,34745,34745
65.476409,1,16,4,17,1,16.666800,2.241700,3.130400,16.729000,1,34745,34745
65.493149,1,16,4,17,1,16.666702,2.028100,2.688000,16.594999,1,34745,34745
65.513655,1,16,4,16,1,16.666698,1.992700,3.608200,16.868299,1,35070,35070
65.526368,1,16,4,16,1,16.666901,6.758500,3.301800,20.454399,1,35070,35070
65.543451,1,16,4,16,1,16.666998,1.704800,2.486400,12.523600,1,35070,35070
65.559722,1,16,4,16,1,16.666901,2.465600,3.905500,17.614799,1,35070,35070
65.576366,1,16,4,16,1,16.666800,2.362200,3.491300,15.861800,1,35070,35070
65.593233,1,16,4,16,1,16.666702,2.358900,4.123300,16.583700,1,35070,35070
65.613845,1,16,4,16,1,16.666998,2.228700,3.612400,17.064899,1,34570,34570
65.626434,1,16,4,16,1,16.666800,6.662800,5.095000,21.687300,1,34570,34570
65.643135,1,16,4,16,1,16.666803,2.656600,4.501500,11.791400,1,34570,34570
65.659785,1,16,4,16,1,16.666800,3.333300,3.740900,17.043400,1,34570,34570
65.676719,1,16,4,16,1,16.666897,3.252700,3.778900,15.870000,1,34570,34570
65.693241,1,16,4,16,1,16.666901,3.072400,4.456300,17.938400,1,34570,34570
65.715244,1,16,4,15,1,16.666901,2.739500,3.467800,15.645700,1,34074,34074
65.726508,1,16,4,15,1,16.666698,8.278500,3.921300,22.335501,1,34074,34074
65.743180,1,16,4,15,1,16.666702,2.360100,4.349800,11.030500,1,34074,34074
65.759722,1,16,4,15,1,16.666800,2.457100,2.975000,16.647200,1,34074,34074
65.776419,1,16,4,15,1,16.666901,2.146300,4.102100,16.988199,1,34074,34074
65.793042,1,16,4,15,1,16.666901,2.616900,3.038600,16.205799,1,34074,34074
65.814531,1,16,4,15,1,16.666800,5.403400,4.207800,20.048901,1,34410,34410
65.826393,1,16,4,15,1,16.666998,7.632000,3.343100,18.094101,1,34410,34410
65.843040,1,16,4,15,1,16.666800,2.260100,2.822200,11.624400,1,34410,34410
65.859810,1,16,4,15,1,16.666901,1.934100,2.772300,16.641001,1,34410,34410
65.876424,1,16,4,15,1,16.666800,2.014900,3.621500,17.012800,1,34410,34410
65.893052,1,16,4,15,1,16.666800,2.094800,3.283300,16.330700,1,34410,34410
65.913629,1,16,4,15,1,16.666901,1.801800,4.105400,17.550400,1,34409,34409
65.926406,1,16,4,15,1,16.667002,6.628400,2.682600,19.829700,1,34409,34409
65.943365,1,16,4,15,1,16.666698,1.644400,2.614300,12.582900,1,34409,34409
65.959796,1,16,4,15,1,16.666702,2.273500,3.741800,17.631300,1,34409,34409
65.976383,1,16,4,15,1,16.666698,2.335100,3.601800,15.857600,1,34409,34409
65.993139,1,16,4,15,1,16.666698,1.980100,3.341100,16.541700,1,34409,34409
66.013264,1,16,4,15,1,16.666901,2.256400,3.448100,16.945200,1,34240,34240
66.026395,1,16,4,15,1,16.666901,5.901100,3.590300,20.114401,1,34240,34240
66.043074,1,16,4,15,1,16.666698,1.862600,4.166300,14.105600,1,34240,34240
66.059748,1,16,4,15,1,16.666800,2.307000,3.870000,15.641600,1,34240,34240
66.076532,1,16,4,15,1,16.666901,1.946400,2.552400,16.481300,1,34240,34240
66.093057,1,16,4,15,1,16.666698,2.052000,3.364500,17.194000,1,34240,34240
66.109710,1,16,4,15,1,16.666698,2.054100,2.930700,16.386000,1,34240,34240
66.126374,1,16,4,15,1,16.666800,2.140400,2.910000,16.442400,1,34240,34240
66.143379,1,16,4,15,1,16.666702,2.056400,2.634000,16.735201,1,34240,34240
66.159844,1,16,4,15,1,16.666800,2.472100,3.413600,17.342501,1,34240,34240
66.176370,1,16,4,15,1,16.666901,2.639700,2.907600,16.094200,1,34240,34240
66.193346,1,16,4,15,1,16.666897,1.922500,2.671200,16.441299,1,34240,34240
66.209721,1,16,4,15,1,16.666803,2.133600,3.073100,17.229900,1,34240,34240
66.226385,1,16,4,15,1,16.666800,1.876800,3.134700,16.279499,1,34240,34240
66.243099,1,16,4,15,1,16.666698,2.050500,3.947500,16.549900,1,34240,34240
66.263367,2,16,4,15,0,16.666901,1.921000,3.633000,16.715799,1,32886,32886
66.352914,2,16,4,15,0,93.135803,92.153198,3.633000,16.715799,1,32886,32886
66.369516,2,16,4,15,0,16.666901,7.664300,3.590200,7.439400,1,32886,32886
66.386398,2,16,4,15,0,16.666897,2.324900,2.848600,11.884500,1,32886,32886
66.402865,2,16,4,15,0,16.667002,2.398600,3.934000,17.358900,1,32886,32886
66.419519,2,16,4,15,0,16.666800,2.577100,3.675200,16.062401,1,32886,32886
66.436385,2,16,4,15,0,16.666698,2.592200,4.235400,16.694300,1,32886,32886
66.452894,2,16,4,15,0,16.666702,2.674200,3.763900,16.972799,1,32886,32886
66.472046,2,16,4,15,0,16.666901,2.787100,3.426500,16.502800,1,32886,32886
66.486199,2,16,4,15,0,16.666901,4.863400,3.717900,19.183599,1,32886,32886
66.502888,2,16,4,15,0,16.666698,2.428800,3.698200,14.298100,1,32886,32886
66.520920,0,17,4,0,0,16.666698,2.650500,2.980700,16.424999,1,7213,7213
66.603246,0,17,6,0,0,83.664703,83.518997,2.980700,16.424999,1,7213,7213
66.619872,0,17,6,0,0,16.666901,2.150600,3.957800,6.841400,1,7213,7213
66.636469,0,17,6,0,0,16.666800,2.533100,3.417700,12.051400,1,7213,7213
66.653277,0,17,6,0,0,16.666901,1.924300,2.869700,16.427000,1,7213,7213
66.669903,0,17,6,0,0,16.666901,2.027700,4.060300,17.203199,1,7213,7213
66.686461,0,17,6,0,0,16.666901,2.323400,3.276400,16.260099,1,7213,7213
66.703242,0,17,6,0,0,16.666897,2.669600,4.676100,17.004601,1,7213,7213
66.719849,0,17,6,0,0,16.666901,2.409400,4.160900,16.489401,1,7213,7213
66.736605,0,17,6,0,0,16.666901,2.217900,3.659600,16.502800,1,7213,7213
66.753449,0,17,6,0,0,16.666800,2.241000,5.499700,18.109501,1,7213,7213
66.770733,0,17,6,0,0,16.667002,3.512500,3.467600,15.674300,1,7212,7212
66.786555,0,17,6,0,0,16.666698,3.445800,3.202900,17.055799,1,7212,7212
66.803185,0,17,6,0,0,16.666901,1.878600,3.479600,16.058399,1,7212,7212
66.820063,0,17,6,0,0,16.666901,2.075500,3.145800,16.463800,1,7212,7212
66.836538,0,17,6,0,0,16.666698,2.241300,3.395400,16.782400,1,7212,7212
66.961176,0,17,6,0,0,123.629799,2.079100,0.366800,16.564199,1,7212,7212
66.976783,0,17,6,0,0,16.666901,118.204498,0.366800,16.564199,1,7212,7212
66.993670,0,17,6,0,0,16.666800,3.839100,4.055100,6.672400,1,7212,7212
67.010106,0,17,6,0,0,16.666901,2.729500,3.467600,14.157800,1,7212,7212
67.027959,0,17,6,0,0,16.666800,1.958100,3.135200,16.328800,1,7212,7212
67.043521,0,17,6,0,0,16.666800,3.093300,4.705900,18.659300,1,7212,7212
67.060166,0,17,6,0,0,16.666698,2.428000,3.709000,14.779400,1,7212,7212
67.076802,0,17,6,0,0,16.666698,1.844200,2.585700,16.520201,1,7212,7212
67.093990,0,17,6,0,0,16.666702,1.936700,4.479700,17.290199,1,7212,7212
67.110124,0,17,6,0,0,16.666901,3.090600,3.397600,16.654301,1,7212,7212
67.126968,0,17,6,0,0,16.666698,1.844600,3.090100,15.967300,1,7212,7212
67.143535,0,17,6,0,0,16.666901,1.885600,3.719400,17.057800,1,7212,7212
67.160389,0,17,6,0,0,16.666901,2.331300,3.289000,16.492500,1,7212,7212
67.176866,0,17,6,0,0,16.666800,2.380400,4.348600,16.764900,1,7212,7212
67.193711,0,17,6,0,0,16.666897,1.843000,4.000900,16.567301,1,7212,7212
67.210160,0,17,6,0,0,16.666901,2.164100,2.724100,16.802799,1,7212,7212
67.226792,0,17,6,0,0,16.666800,1.782100,4.743100,17.369101,1,7212,7212
67.243724,0,17,6,0,0,16.667002,2.273000,3.302200,15.935500,1,7212,7212
67.260251,0,17,6,0,0,16.666901,2.099700,2.637000,16.638000,1,7212,7212
67.277913,0,17,6,0,0,16.666800,2.010400,3.917700,16.827400,1,7212,7212
67.293444,0,17,6,0,0,16.666901,3.270700,2.715700,17.441799,1,7212,7212
67.310463,0,17,6,0,0,16.666901,1.661300,3.926400,15.492100,1,7212,7212
67.326787,0,17,6,0,0,16.666901,2.272500,3.372300,16.999399,1,7212,7212
67.343445,0,17,6,0,0,16.666800,1.720100,2.826600,16.294901,1,7212,7212
67.360230,0,17,6,0,0,16.666800,1.878400,4.090400,17.896400,1,7212,7212
67.380907,1,17,6,48,4,16.666901,2.333100,3.628100,15.509500,1,27871,27871
67.464100,1,17,12,48,4,87.198494,86.607201,3.628100,15.509500,1,27871,27871
67.485102,1,17,12,48,4,16.667002,7.140900,4.160700,8.496100,1,34699,34699
67.497523,1,17,12,48,4,16.666800,6.913500,3.001000,15.251400,1,34699,34699
67.514367,1,17,12,48,4,16.666698,2.025400,2.980600,12.138500,1,34699,34699
67.530891,1,17,12,48,4,16.666901,2.561100,4.614600,17.228800,1,34699,34699
67.547411,1,17,12,48,4,16.666901,2.963000,4.609700,16.260099,1,34699,34699
67.564315,1,17,12,48,4,16.666901,2.523900,3.201600,16.333900,1,34699,34699
67.585254,1,17,12,48,4,16.666800,2.320800,4.129300,17.130501,1,41698,41698
67.597456,1,17,12,48,4,16.666800,7.459600,4.734200,21.406700,1,41698,41698
67.614163,1,17,12,48,4,16.666800,2.993500,4.221300,11.636700,1,41698,41698
67.630780,1,17,12,48,4,16.666800,2.605200,4.127500,16.726000,1,41698,41698
67.647701,1,17,12,48,4,16.666800,2.173700,2.982600,16.522301,1,41698,41698
67.664105,1,17,12,48,4,16.666901,2.418600,5.405400,17.569799,1,41698,41698
67.685460,1,17,12,48,4,16.666800,2.935800,3.803300,16.031700,1,41255,41255
67.828005,1,17,12,47,4,141.987595,8.107600,0.461100,22.242300,1,44629,44629
67.972234,1,17,12,46,4,141.016602,123.860001,0.426900,144.085007,1,43617,43617
67.981744,1,17,12,46,4,17.790903,128.305893,0.426900,144.085007,1,43617,43617
67.998229,1,17,12,46,4,16.667002,3.226800,4.535200,7.617600,1,43617,43617
68.015034,1,17,12,46,4,16.667097,2.813300,4.759700,11.851700,1,43617,43617
68.031633,1,17,12,46,4,16.666800,2.620800,4.486500,16.946199,1,43617,43617
68.048377,1,17,12,46,4,16.666901,2.405900,4.658700,16.598000,1,43617,43617
68.071162,1,17,12,46,4,16.675901,2.983600,4.274300,17.043501,1,40963,40963
68.081721,1,17,12,46,4,16.666698,9.913400,4.807200,23.504900,1,40963,40963
68.098305,1,17,12,46,4,16.666698,3.582200,5.908800,9.629700,1,40963,40963
68.114951,1,17,12,46,4,16.666901,3.439200,3.281000,16.529400,1,40963,40963
68.131524,1,17,12,46,4,16.666698,2.603500,3.516500,16.820200,1,40963,40963
68.148398,1,17,12,46,4,16.666800,2.117300,4.725500,16.196600,1,40963,40963
68.169359,1,17,12,45,4,16.666901,2.772300,4.861800,17.156099,1,40954,40954
68.181782,1,17,12,45,4,16.666702,7.898200,4.414600,21.940201,1,40954,40954
68.198322,1,17,12,45,4,16.666698,2.811600,5.553800,11.576400,1,40954,40954
68.214928,1,17,12,45,4,16.666698,2.982700,3.696800,16.577499,1,40954,40954
68.231846,1,17,12,45,4,16.666698,2.772000,4.545200,16.273399,1,40954,40954
68.248250,1,17,12,45,4,16.666698,2.763200,5.104400,17.048599,1,40954,40954
68.270586,1,17,12,44,4,16.666803,2.453400,3.955200,16.453600,1,40117,40117
68.281646,1,17,12,44,4,16.666800,8.431900,4.058900,22.793200,1,40117,40117
68.298285,1,17,12,44,4,16.666998,2.614900,4.227400,10.371100,1,40117,40117
68.315003,1,17,12,44,4,16.667002,2.534000,3.266400,16.589800,1,40117,40117
68.331553,1,17,12,44,4,16.666901,2.234200,5.208400,17.538099,1,40117,40117
68.348233,1,17,12,44,4,16.666698,2.908100,4.258400,15.916000,1,40117,40117
68.372348,1,17,12,41,4,16.666901,2.715600,4.039800,16.473101,1,39449,39449
68.381940,1,17,11,41,4,16.666800,10.600800,4.582200,25.060301,1,39449,39449
68.398300,1,17,11,41,4,16.666901,2.989300,4.921800,9.098300,1,39449,39449
68.415143,1,17,11,41,4,16.666698,2.813800,5.502300,15.918100,1,39449,39449
68.431752,1,17,11,41,4,16.669001,3.178600,5.925300,17.245199,1,39449,39449
68.448412,1,17,11,41,4,16.667500,2.984100,4.193800,16.380899,1,39449,39449
68.470799,1,17,11,38,4,16.667002,2.879400,5.983600,17.781700,1,39299,39299
68.481633,1,17,10,38,4,16.666698,9.943900,6.131900,22.095900,1,39299,39299
68.498459,1,17,10,38,4,16.666901,9.866100,5.693300,15.953900,1,39299,39299
68.515009,1,17,10,38,4,16.666901,3.097600,4.440100,11.101200,1,39299,39299
68.531583,1,17,10,38,4,16.666901,2.894600,4.078900,16.556000,1,39299,39299
68.548312,1,17,10,38,4,16.666800,3.227500,4.437900,16.187401,1,39299,39299
68.569933,1,17,10,38,4,16.666998,2.306500,4.554800,16.838699,1,39979,39979
68.581547,1,17,10,38,4,16.667002,9.195300,4.784600,23.223301,1,39979,39979
68.598311,1,17,10,38,4,16.667101,2.726900,4.774800,11.028500,1,39979,39979
68.614857,1,17,10,38,4,16.666800,3.206700,4.121300,15.696900,1,39979,39979
68.631839,1,17,10,38,4,16.666901,2.628900,2.865200,16.364500,1,39979,39979
68.648302,1,17,10,38,4,16.666800,2.684800,5.224400,17.418301,1,39979,39979
68.671721,1,17,10,37,4,16.666998,2.609000,3.564300,16.271299,1,40154,40154
68.681662,1,17,10,37,4,16.666800,11.041500,3.598300,25.293800,1,40154,40154
68.698572,1,17,10,37,4,16.666901,2.646600,4.149100,7.953400,1,40154,40154
68.714917,1,17,10,37,4,16.666800,2.792600,3.113700,17.292299,1,40154,40154
68.731557,1,17,10,37,4,16.666800,2.066800,4.123200,16.060400,1,40154,40154
68.748604,1,17,10,37,4,16.666803,2.636300,4.345900,16.503901,1,40154,40154
68.769187,1,17,10,35,4,16.666698,2.829600,4.964400,17.375200,1,39992,39992
68.781562,1,17,9,35,4,16.666800,7.870400,4.806700,21.904400,1,39992,39992
68.798427,1,17,9,35,4,16.666698,2.785600,4.886500,10.825700,1,39992,39992
68.814891,1,17,9,35,4,16.666800,2.969900,4.513700,17.010700,1,39992,39992
68.831701,1,17,9,35,4,16.666698,2.516500,3.388000,16.127001,1,39992,39992
68.848279,1,17,9,35,4,16.666800,2.907500,4.230400,17.853399,1,39992,39992
68.870272,1,17,9,34,4,16.666901,2.414400,3.154200,15.837200,1,38629,38629
68.881721,1,17,9,34,4,16.666698,8.802300,4.787200,23.146500,1,38629,38629
68.898198,1,17,9,34,4,16.666901,2.943000,4.779800,10.180600,1,38629,38629
68.915581,1,17,9,34,4,16.715002,2.420700,2.820500,16.307199,1,38629,38629
68.931624,1,17,9,34,4,16.667002,2.730000,4.363400,18.992100,1,38629,38629
68.948283,1,17,9,34,4,16.666901,2.647500,4.266000,14.540800,1,38629,38629
68.972780,1,17,9,33,4,16.666998,2.378000,2.724200,16.497700,1,37278,37278
68.981744,1,17,9,33,4,16.666901,10.548900,5.323500,25.506800,1,37278,37278
68.998316,1,17,9,33,4,16.666800,7.280400,5.648900,13.206500,1,37278,37278
69.015089,1,17,9,33,4,16.666901,2.897700,3.775000,11.420700,1,37278,37278
69.031682,1,17,9,33,4,16.667002,2.292700,4.879900,16.966700,1,37278,37278
69.048298,1,17,9,33,4,16.666901,2.280600,3.290700,16.707500,1,37278,37278
69.070773,1,17,9,30,4,16.666901,2.053100,5.408500,16.337999,1,36444,36444
69.081669,1,17,8,30,4,16.666698,9.083500,4.030100,23.000999,1,36444,36444
69.098509,1,17,8,30,4,16.666901,2.161600,3.436500,10.291200,1,36444,36444
69.115108,1,17,8,30,4,16.666698,2.417100,4.535500,17.251400,1,36444,36444
69.131610,1,17,8,30,4,16.666901,2.848500,3.828400,16.400400,1,36444,36444
69.148449,1,17,8,30,4,16.666800,2.727000,4.368200,16.363501,1,36444,36444
69.168967,1,17,8,30,4,16.666901,2.876500,4.160700,17.174500,1,35447,35447
69.181613,1,17,8,30,4,16.666800,6.762900,4.840700,20.755501,1,35447,35447
69.198397,1,17,8,30,4,16.666901,2.460000,5.039500,12.075000,1,35447,35447
69.214949,1,17,8,30,4,16.666901,3.228800,3.686400,17.124300,1,35447,35447
69.231729,1,17,8,30,4,16.666800,2.384400,3.028000,16.141300,1,35447,35447
69.248359,1,17,8,30,4,16.666698,2.222900,5.136500,17.752100,1,35447,35447
69.269543,1,17,8,29,4,16.666800,2.907100,3.899500,16.042000,1,35608,35608
69.281834,1,17,8,29,4,16.666698,7.807800,4.322800,21.681101,1,35608,35608
69.298399,1,17,8,29,4,16.666901,2.682400,3.760700,11.917300,1,35608,35608
69.314939,1,17,8,29,4,16.666800,2.497400,3.172000,16.193600,1,35608,35608
69.331744,1,17,8,29,4,16.666901,2.234100,4.072900,16.392200,1,35608,35608
69.348265,1,17,8,29,4,16.666901,2.438600,4.477300,17.057800,1,35608,35608
69.371377,1,17,8,28,4,16.666901,2.455200,3.521200,16.294901,1,36601,36601
69.381809,1,17,8,28,4,16.667002,9.629100,3.202100,24.266701,1,36601,36601
69.398281,1,17,8,28,4,16.667002,2.610300,4.870400,10.095600,1,36601,36601
69.415262,1,17,8,28,4,16.666698,2.884100,3.670400,15.663200,1,36601,36601
69.431667,1,17,8,28,4,16.666698,2.411200,4.193900,17.293301,1,36601,36601
69.448246,1,17,8,28,4,16.666901,2.300600,3.158900,16.427999,1,36601,36601
69.469039,1,17,8,27,4,16.666800,2.053100,4.221500,16.264200,1,36115,36115
69.481608,1,17,8,27,4,16.666800,6.979400,2.882700,21.197800,1,36115,36115
69.498366,1,17,8,27,4,16.666698,1.778500,3.039600,12.050400,1,36115,36115
69.514960,1,17,8,27,4,16.666698,6.988900,4.019200,22.226000,1,36115,36115
69.531588,1,17,8,27,4,16.666702,2.478300,3.532400,11.293700,1,36115,36115
69.548432,1,17,8,27,4,16.666800,2.290500,3.239000,16.555000,1,36115,36115
69.569244,1,17,8,26,4,16.666901,2.391500,3.836400,17.027000,1,35274,35274
69.581604,1,17,8,26,4,16.666800,7.069400,5.092900,21.389400,1,35274,35274
69.598370,1,17,8,26,4,16.666901,2.382700,5.073300,11.622400,1,35274,35274
69.614958,1,17,8,26,4,16.666800,3.179100,5.127100,16.843800,1,35274,35274
69.631688,1,17,8,26,4,16.666800,2.345800,3.005000,16.385000,1,35274,35274
69.648371,1,17,8,26,4,16.666901,2.150500,4.617300,17.982500,1,35274,35274
69.669472,1,17,8,26,4,16.666698,2.584400,4.209400,15.506400,1,35444,35444
69.681712,1,17,8,26,4,16.666800,7.750200,4.525900,22.123501,1,35444,35444
69.698476,1,17,8,26,4,16.666698,2.446100,4.463300,11.445300,1,35444,35444
69.714931,1,17,8,26,4,16.666901,2.601700,3.739600,16.743401,1,35444,35444
69.731670,1,17,8,26,4,16.666698,2.176600,4.413800,16.242701,1,35444,35444
69.748278,1,17,8,26,4,16.666698,3.264100,4.812600,16.952299,1,35444,35444
69.769405,1,17,8,24,4,16.666901,2.098000,2.922200,16.356400,1,35266,35266
69.781617,1,17,8,24,4,16.667101,7.483400,3.760100,22.330299,1,35266,35266
69.798232,1,17,8,24,4,16.666901,2.568800,4.069900,11.149400,1,35266,35266
69.815167,1,17,8,24,4,16.666901,2.319500,3.277900,16.499701,1,35266,35266
69.831604,1,17,8,24,4,16.666800,2.468500,3.662100,17.235901,1,35266,35266
69.848375,1,17,8,24,4,16.666901,2.592700,3.025400,5.582900,1,35266,35266
69.869279,1,17,8,24,4,16.666901,3.099500,4.883600,17.531900,1,34930,34930
69.881616,1,17,8,24,4,16.666998,7.360600,3.238300,20.445200,1,34930,34930
69.898304,1,17,8,24,4,16.666901,2.095400,2.942300,11.813900,1,34930,34930
69.914937,1,17,8,24,4,16.666901,2.002500,3.774500,16.836599,1,34930,34930
69.931595,1,17,8,24,4,16.666901,2.293000,3.691800,16.689199,1,34930,34930
69.948453,1,17,8,24,4,16.666901,2.473700,2.847900,16.544701,1,34930,34930
69.969589,1,17,8,22,4,16.666800,2.337600,3.596400,17.076300,1,34751,34751
69.981606,1,17,7,22,4,16.666901,7.481600,5.559300,21.519300,1,34751,34751
69.998593,1,17,7,22,4,16.666901,2.609000,4.083700,11.394100,1,34751,34751
70.015035,1,17,7,22,4,16.666698,7.520000,3.315900,22.161400,1,34751,34751
70.031622,1,17,7,22,4,16.666800,2.373000,2.890400,11.319300,1,34751,34751
70.048408,1,17,7,22,4,16.666901,2.050300,4.774600,16.672701,1,34751,34751
70.068463,1,17,7,21,3,16.666800,2.791400,4.801400,16.730101,1,34581,34581
70.081871,1,17,7,21,3,16.666901,6.860400,4.727800,21.126200,1,34581,34581
70.172254,1,17,7,20,3,84.346298,84.157997,4.928500,93.957100,1,34081,34081
70.182664,1,17,7,20,3,16.666702,9.559100,3.773800,9.908200,1,34081,34081
70.199260,1,17,7,20,3,16.666901,2.362000,4.679300,9.299000,1,34081,34081
70.216077,1,17,7,20,3,16.666800,2.571600,3.540500,16.456699,1,34081,34081
70.232686,1,17,7,20,3,16.666698,2.099500,4.132600,17.062901,1,34081,34081
70.249292,1,17,7,20,3,16.666698,2.283500,3.098000,16.738300,1,34081,34081
70.270166,1,17,7,20,3,16.667002,2.055800,4.811700,16.497700,1,34587,34587
70.282690,1,17,7,20,3,16.691700,7.332800,2.857200,21.265400,1,34587,34587
70.299394,1,17,7,20,3,16.666800,2.100200,3.044800,11.829200,1,34587,34587
70.316189,1,17,7,20,3,16.666698,2.053700,3.965700,17.500200,1,34587,34587
70.332685,1,17,7,20,3,16.666901,3.115600,3.452600,16.583700,1,34587,34587
70.349473,1,17,7,20,3,16.666698,2.388900,3.256800,15.977400,1,34587,34587
70.370159,1,17,7,20,3,16.666901,2.108400,4.333800,17.171499,1,34266,34266
70.382626,1,17,7,20,3,16.666800,7.025900,5.048900,21.159901,1,34266,34266
70.399339,1,17,7,20,3,16.666901,2.621800,4.290100,11.574300,1,34266,34266
70.416046,1,17,7,20,3,16.666901,2.414000,4.125500,16.861200,1,34266,34266
70.432728,1,17,7,20,3,16.666800,2.316900,2.841800,16.535500,1,34266,34266
70.449284,1,17,7,20,3,16.666901,2.006600,4.141200,18.030600,1,34266,34266
70.469431,1,17,7,20,3,16.666800,2.364600,3.746300,15.281200,1,33926,33926
70.482733,1,17,7,20,3,16.666800,6.857500,4.043900,21.367800,1,33926,33926
70.499410,1,17,7,20,3,16.666698,2.493400,4.771400,12.261400,1,33926,33926
70.515956,1,17,7,20,3,16.666901,6.117200,4.295900,20.309999,1,33926,33926
70.532745,1,17,7,20,3,16.666901,1.957000,4.073400,12.678100,1,33926,33926
70.549341,1,17,7,20,3,16.666901,2.164000,5.328600,16.923700,1,33926,33926
70.571263,1,17,7,19,2,16.666800,3.070100,3.026200,16.651199,1,34586,34586
70.582686,1,17,7,19,2,16.666800,8.184300,3.287600,22.845501,1,34586,34586
70.599295,1,17,7,19,2,16.666800,2.312600,4.221400,10.488800,1,34586,34586
70.616169,1,17,7,19,2,16.666901,2.541300,3.252000,16.387100,1,34586,34586
70.632806,1,17,7,19,2,16.666800,2.162900,4.492900,17.187799,1,34586,34586
70.649294,1,17,7,19,2,16.666800,2.654200,3.460600,16.528400,1,34586,34586
70.670849,1,17,7,18,2,16.666800,2.159600,3.955800,16.271400,1,34569,34569
70.683053,1,17,7,18,2,16.666800,7.594000,3.579600,22.268900,1,34569,34569
70.820756,1,17,7,17,2,132.844406,3.246900,0.441600,12.470300,1,33890,33890
70.832212,1,17,6,17,2,16.666901,116.452103,3.512500,137.452499,1,33890,33890
70.848833,1,17,6,17,2,16.686502,2.861300,3.733200,11.281400,1,33890,33890
70.865668,1,17,6,17,2,16.666800,3.000000,3.783700,16.599001,1,33890,33890
70.882295,1,17,6,17,2,16.666800,2.366900,3.707900,16.561199,1,33890,33890
70.898831,1,17,6,17,2,16.666901,2.261200,2.782300,16.441299,1,33890,33890
70.920091,1,17,6,17,2,16.666897,1.909600,4.206300,16.524300,1,32220,32220
70.932193,1,17,6,17,2,16.666803,7.166100,4.559400,21.696501,1,32220,32220
70.948944,1,17,6,17,2,16.666698,1.867800,3.374100,11.702300,1,32220,32220
70.965556,1,17,6,17,2,16.666800,2.472900,4.531300,17.892401,1,32220,32220
70.982304,1,17,6,17,2,16.666901,2.657500,4.173000,15.582200,1,32220,32220
70.998946,1,17,6,17,2,16.666698,2.869400,4.793700,16.776199,1,32220,32220
71.020471,1,17,6,17,2,16.666901,2.697300,3.774000,16.593901,1,31895,31895
71.032250,1,17,6,17,2,16.666901,11.865700,4.610100,25.983000,1,31895,31895
71.048869,1,17,6,17,2,16.666698,2.448600,4.833200,7.581700,1,31895,31895
71.065589,1,17,6,17,2,16.666901,2.978100,4.312800,16.536501,1,31895,31895
71.082277,1,17,6,17,2,16.666800,2.503000,3.662300,16.664600,1,31895,31895
71.098911,1,17,6,17,2,16.666901,2.636800,4.321500,17.850401,1,31895,31895
71.121958,1,17,6,16,2,16.666901,2.641800,4.295500,15.424500,1,32568,32568
71.132219,1,17,6,16,2,16.666901,10.389600,4.460300,23.556101,1,32568,32568
71.148962,1,17,6,16,2,16.666698,3.575500,5.001500,9.971700,1,32568,32568
71.165603,1,17,6,16,2,16.666800,2.760100,4.588100,16.665600,1,32568,32568
71.182206,1,17,6,16,2,16.666901,2.874000,4.320300,16.662500,1,32568,32568
71.198935,1,17,6,16,2,16.667002,2.830700,3.490200,16.306200,1,32568,32568
71.220830,1,17,6,16,2,16.666897,2.397800,4.842200,17.327101,1,33575,33575
71.232200,1,17,6,16,2,16.666800,8.769500,4.433900,22.363100,1,33575,33575
71.248900,1,17,6,16,2,16.666803,2.586900,4.584000,10.389500,1,33575,33575
71.265588,1,17,6,16,2,16.666998,2.893500,3.793500,16.648199,1,33575,33575
71.282286,1,17,6,16,2,16.666702,2.273100,3.088200,16.689199,1,33575,33575
71.298910,1,17,6,16,2,16.666998,2.550100,4.064100,16.761801,1,33575,33575
71.319904,1,17,6,16,2,16.666800,2.545100,3.942100,16.523300,1,33409,33409
71.332362,1,17,6,16,2,16.666800,7.736100,4.046600,21.813299,1,33409,33409
71.349128,1,17,6,16,2,16.667101,2.649300,3.904300,11.793400,1,33409,33409
71.365495,1,17,6,16,2,16.666698,2.764200,3.013400,16.862200,1,33409,33409
71.382363,1,17,6,16,2,16.666901,1.933200,3.213400,16.050200,1,33409,33409
71.398854,1,17,6,16,2,16.666800,2.607500,4.567700,17.191900,1,33409,33409
71.415521,1,17,6,16,2,16.666800,2.083500,2.573900,16.145399,1,33409,33409
71.432280,1,17,6,16,2,16.666800,1.985900,3.394500,17.164301,1,33409,33409
71.448808,1,17,6,16,2,16.666901,2.334500,3.785600,16.361500,1,33409,33409
71.465557,1,17,6,16,2,16.667002,2.560300,3.228400,16.463800,1,33409,33409
71.482320,1,17,6,16,2,16.666698,2.331700,3.972000,17.206301,1,33409,33409
71.498823,1,17,6,16,2,16.666800,2.824300,3.381100,16.696301,1,33409,33409
71.515643,1,17,6,16,2,16.666800,2.152300,3.528900,16.066601,1,33409,33409
71.532241,1,17,6,16,2,16.666901,2.291000,4.296100,17.112000,1,33409,33409
71.548982,1,17,6,16,2,16.666800,5.659200,4.158100,19.513399,1,33409,33409
71.570256,2,17,6,16,0,16.666800,2.682200,3.851300,14.023700,1,33241,33241
71.658453,2,17,6,16,0,92.929794,92.218498,3.851300,14.023700,1,33241,33241
71.675152,2,17,6,16,0,16.666702,3.229100,6.171500,8.036300,1,33241,33241
71.691762,2,17,6,16,0,16.666800,2.979200,4.599300,11.775000,1,33241,33241
71.708461,2,17,6,16,0,16.667002,2.746600,3.418500,16.469000,1,33241,33241
71.725278,2,17,6,16,0,16.666698,2.267600,4.151700,17.546200,1,33241,33241
71.741740,2,17,6,16,0,16.666901,2.649700,3.244500,16.052200,1,33241,33241
71.758519,2,17,6,16,0,16.666800,2.253500,3.354100,16.280600,1,33241,33241
71.776948,2,17,6,16,0,16.666800,2.743200,4.742300,16.955400,1,33241,33241
71.791835,2,17,6,16,0,16.666901,4.497000,4.047600,18.261999,1,33241,33241
71.808455,2,17,6,16,0,16.666800,2.184900,4.097600,14.999600,1,33241,33241
71.826035,0,18,6,0,0,16.666800,2.678600,3.867400,16.495600,1,7220,7220
71.914177,0,18,6,0,0,88.232994,88.425903,3.867400,16.495600,1,7220,7220
71.930725,0,18,6,0,0,16.666800,3.855300,4.297800,7.630800,1,7220,7220
71.946619,0,18,6,0,0,16.666800,3.302500,3.597800,12.201000,1,7220,7220
71.963455,0,18,6,0,0,16.666702,2.192300,3.320100,15.539200,1,7220,7220
71.980214,0,18,6,0,0,16.666800,1.931600,4.028800,17.219601,1,7220,7220
71.997113,0,18,6,0,0,16.666998,2.536900,2.922000,16.617399,1,7220,7220
72.013399,0,18,6,0,0,16.666803,2.366000,3.171000,16.797701,1,7220,7220
72.029994,0,18,6,0,0,16.666698,2.286800,4.661700,16.388100,1,7220,7220
72.046697,0,18,6,0,0,16.666698,2.104900,2.921700,16.517200,1,7220,7220
72.063705,0,18,6,0,0,16.666901,3.990300,4.240700,18.665400,1,7220,7220
72.080811,0,18,6,0,0,16.666800,2.757300,3.883100,15.209500,1,7220,7220
72.096648,0,18,6,0,0,16.666800,3.351500,3.732700,16.767000,1,7220,7220
72.113525,0,18,6,0,0,16.666698,1.709400,3.995000,16.503799,1,7220,7220
72.130339,0,18,6,0,0,16.666901,2.386200,3.224900,16.565201,1,7220,7220
72.300822,0,18,6,0,0,169.240097,2.520600,0.457300,16.605200,1,7220,7220
72.316686,0,18,6,0,0,17.312597,151.386703,5.367400,170.837006,1,7220,7220
72.335473,0,18,6,0,0,16.748499,3.614900,5.980700,15.713300,1,7220,7220
72.351089,0,18,6,0,0,17.178900,10.500300,4.903100,18.766800,1,7220,7220
72.367264,0,18,6,0,0,16.666800,5.183100,6.428800,16.306200,1,7220,7220
72.383933,0,18,6,0,0,16.666800,3.166200,6.634000,16.199699,1,7220,7220
72.400813,0,18,6,0,0,16.667002,3.465100,4.518800,15.798300,1,7220,7220
72.417564,0,18,6,0,0,16.666800,3.232600,4.606300,17.042400,1,7220,7220
72.433874,0,18,6,0,0,16.666800,2.607100,4.569100,16.620501,1,7220,7220
72.450671,0,18,6,0,0,16.666901,2.720100,5.055700,16.469000,1,7220,7220
72.467258,0,18,6,0,0,16.666800,3.011100,4.721300,16.827299,1,7220,7220
72.490954,1,18,6,48,4,16.667002,2.837300,5.098200,16.487499,1,27889,27889
72.590183,1,18,12,48,4,101.848198,101.628601,6.379700,115.522499,1,34400,34400
72.602880,1,18,12,48,4,16.666901,10.963200,6.370100,11.164700,1,34400,34400
72.619354,1,18,12,48,4,16.666901,3.166600,4.624900,8.941600,1,34400,34400
72.638500,1,18,12,48,4,19.246199,3.275300,4.389500,16.615400,1,34400,34400
72.655048,1,18,12,48,4,16.695101,2.622800,5.376100,19.271700,1,34400,34400
72.671779,1,18,12,48,4,16.666800,2.800400,5.239300,16.206800,1,34400,34400
72.699753,1,18,12,48,4,16.703003,2.809600,7.894700,17.083401,1,41404,41404
72.705742,1,18,12,48,4,17.349598,15.107400,7.894700,17.083401,1,41404,41404
72.722556,1,18,12,48,4,16.756401,5.083600,5.724800,10.487800,1,41404,41404
72.739249,1,18,12,48,4,16.699400,8.351600,6.480100,11.491300,1,41404,41404
72.755968,1,18,12,48,4,16.674500,3.295600,6.717700,16.382999,1,41404,41404
72.773338,1,18,12,48,4,16.772200,3.134000,5.692500,17.132500,1,41404,41404
72.801330,1,18,12,48,4,16.760002,4.193800,5.693800,17.227800,1,41454,41454
72.965464,1,18,12,47,4,168.895691,19.143299,0.525900,29.464600,1,45675,45675
72.975134,1,18,12,47,4,16.666901,137.272598,5.022200,164.102097,1,45675,45675
72.991709,1,18,12,47,4,16.667002,2.981400,6.100700,9.079800,1,45675,45675
73.008562,1,18,12,47,4,16.666800,2.978500,5.387600,15.217700,1,45675,45675
73.024988,1,18,12,47,4,16.666897,3.212100,4.939100,17.009600,1,45675,45675
73.041689,1,18,12,47,4,16.666803,2.470000,4.662900,17.043501,1,45675,45675
73.063514,1,18,12,47,4,16.666897,2.574100,3.983400,15.970300,1,43831,43831
73.075056,1,18,12,47,4,16.666702,8.943300,5.184300,22.813700,1,43831,43831
73.091713,1,18,12,47,4,16.666901,3.346900,5.128000,10.658800,1,43831,43831
73.108331,1,18,12,47,4,16.666698,7.653500,3.610500,21.381100,1,43831,43831
73.125063,1,18,12,47,4,16.666901,2.587800,4.469900,11.888700,1,43831,43831
73.141795,1,18,12,47,4,16.666901,2.569200,4.881000,16.701401,1,43831,43831
73.164568,1,18,12,45,4,16.666698,4.046600,5.211900,17.040400,1,42476,42476
73.175308,1,18,11,45,4,16.859699,10.168000,5.700300,23.833599,1,42476,42476
73.191934,1,18,11,45,4,16.666800,3.038400,4.637600,9.538600,1,42476,42476
73.208543,1,18,11,45,4,16.666901,2.635200,6.037700,16.509899,1,42476,42476
73.225123,1,18,11,45,4,16.666800,3.017300,4.586500,16.393200,1,42476,42476
73.241816,1,18,11,45,4,16.667002,2.543200,3.095900,16.454700,1,42476,42476
73.265243,1,18,11,44,4,16.666698,2.144300,3.737600,16.809999,1,40485,40485
73.275320,1,18,11,44,4,16.666901,10.597800,4.989900,24.905701,1,40485,40485
73.292066,1,18,11,44,4,16.666800,3.183200,5.410500,8.889300,1,40485,40485
73.308623,1,18,11,44,4,16.666800,3.381800,3.864500,16.710699,1,40485,40485
73.325108,1,18,11,44,4,16.666901,2.882600,4.856700,16.403500,1,40485,40485
73.341816,1,18,11,44,4,16.666800,2.578300,5.815100,16.212900,1,40485,40485
73.364414,1,18,11,42,4,16.666901,2.124500,4.352800,16.710699,1,40140,40140
73.375152,1,18,11,42,4,16.666800,8.848600,3.414300,23.500799,1,40140,40140
73.392080,1,18,11,42,4,16.666698,2.233600,5.453800,10.211300,1,40140,40140
73.408499,1,18,11,42,4,16.667002,3.207600,4.464300,17.065001,1,40140,40140
73.425241,1,18,11,42,4,16.690102,2.857600,3.909500,16.048100,1,40140,40140
73.442060,1,18,11,42,4,16.666698,2.576100,5.200900,16.959499,1,40140,40140
73.463665,1,18,11,40,4,16.666800,3.170500,4.170000,16.786400,1,40135,40135
73.475305,1,18,11,40,4,16.666698,8.489000,3.906000,21.834801,1,40135,40135
73.492197,1,18,11,40,4,16.666901,2.309200,4.003500,11.261900,1,40135,40135
73.508596,1,18,11,40,4,16.666800,2.498800,4.066100,16.992300,1,40135,40135
73.525102,1,18,11,40,4,16.666698,2.882700,3.642700,16.654301,1,40135,40135
73.541887,1,18,11,40,4,16.666901,2.555200,3.808600,16.058399,1,40135,40135
73.562685,1,18,11,39,4,16.666800,2.498100,4.348600,16.955400,1,39811,39811
73.575200,1,18,10,39,4,16.666698,7.556700,4.552700,21.626900,1,39811,39811
73.591909,1,18,10,39,4,16.666702,2.615600,3.497600,11.706300,1,39811,39811
73.608553,1,18,10,39,4,16.666698,7.683900,4.267300,21.930000,1,39811,39811
73.625223,1,18,10,39,4,16.666698,2.409300,3.144900,11.157500,1,39811,39811
73.641925,1,18,10,39,4,16.735100,2.446900,3.523900,17.013800,1,39811,39811
73.664079,1,18,10,36,4,16.666901,2.611700,3.993400,16.675800,1,38317,38317
73.675404,1,18,10,36,4,16.666800,8.350800,3.723200,22.404100,1,38317,38317
73.691933,1,18,10,36,4,16.666901,2.798900,4.587600,11.036700,1,38317,38317
73.708700,1,18,10,36,4,16.666800,3.054700,3.979800,16.985100,1,38317,38317
73.725224,1,18,10,36,4,16.666800,2.775200,3.768100,16.333799,1,38317,38317
73.741844,1,18,10,36,4,16.666800,2.749400,3.553400,16.285700,1,38317,38317
73.762946,1,18,10,32,4,16.666901,2.413000,3.232200,16.647200,1,38154,38154
73.775249,1,18,9,32,4,16.666901,7.849700,4.777900,24.085501,1,38154,38154
73.791828,1,18,9,32,4,16.666800,2.779300,3.578100,9.724900,1,38154,38154
73.808707,1,18,9,32,4,16.666698,2.518500,4.055800,16.176201,1,38154,38154
73.825367,1,18,9,32,4,16.666702,2.570800,5.178400,17.128401,1,38154,38154
73.841930,1,18,9,32,4,16.666897,2.908900,4.889100,16.814100,1,38154,38154
73.866939,1,18,9,32,4,16.679600,2.649400,6.351600,16.426001,1,38840,38840
73.875332,1,18,9,32,4,16.666803,12.813400,5.723900,16.426001,1,38840,38840
73.891976,1,18,9,32,4,16.666698,3.326300,6.638700,11.045900,1,38840,38840
73.908794,1,18,9,32,4,16.666901,4.609400,6.131000,13.815800,1,38840,38840
73.925296,1,18,9,32,4,16.666698,3.610300,5.420300,16.010300,1,38840,38840
73.941974,1,18,9,32,4,16.666901,3.188400,4.740600,15.957000,1,38840,38840
73.967839,1,18,9,32,4,16.686399,3.366500,4.299600,16.671700,1,37834,37834
73.975463,1,18,9,32,4,16.666800,13.560600,4.299600,16.671700,1,37834,37834
73.992282,1,18,9,32,4,16.666698,3.326700,6.152300,9.581500,1,37834,37834
74.008631,1,18,9,32,4,16.666702,3.642700,6.045900,13.306900,1,37834,37834
74.025276,1,18,9,32,4,16.682598,3.612800,5.572900,16.173100,1,37834,37834
74.042007,1,18,9,32,4,16.667002,2.894500,6.090300,16.548800,1,37834,37834
74.064426,1,18,9,29,4,16.666698,3.376200,6.012900,17.123400,1,37976,37976
74.075309,1,18,8,29,4,16.666901,10.396000,4.162900,22.820801,1,37976,37976
74.092037,1,18,8,29,4,16.666698,2.880500,4.807500,9.868300,1,37976,37976
74.108587,1,18,8,29,4,16.666901,6.637900,3.826300,20.482100,1,37976,37976
74.125368,1,18,8,29,4,16.666800,2.610800,3.553800,12.750800,1,37976,37976
74.141899,1,18,8,29,4,16.666698,2.698100,3.912400,16.930799,1,37976,37976
74.162522,1,18,8,29,4,16.666901,2.150700,2.833800,16.216101,1,35630,35630
74.175290,1,18,8,29,4,16.666800,6.460300,3.854900,21.655500,1,35630,35630
74.191873,1,18,8,29,4,16.666901,2.579400,3.715400,12.083200,1,35630,35630
74.208619,1,18,8,29,4,16.666800,2.302100,3.209800,16.230400,1,35630,35630
74.225328,1,18,8,29,4,16.666698,2.066400,3.670000,17.104900,1,35630,35630
74.241982,1,18,8,29,4,16.666901,2.525300,3.052300,16.582701,1,35630,35630
74.263233,1,18,8,29,4,16.666800,2.198600,3.802000,16.634899,1,34801,34801
74.275270,1,18,8,29,4,16.666901,7.510300,2.848400,21.600201,1,34801,34801
74.291928,1,18,8,29,4,16.666901,1.891000,3.353400,11.534400,1,34801,34801
74.308574,1,18,8,29,4,16.666800,1.923700,3.242900,16.831400,1,34801,34801
74.325276,1,18,8,29,4,16.666800,2.058600,3.920900,16.662600,1,34801,34801
74.342018,1,18,8,29,4,16.668699,2.592900,4.265100,16.580601,1,34801,34801
74.362597,1,18,8,28,4,16.666702,2.678900,4.737200,17.204201,1,35964,35964
74.375317,1,18,8,28,4,16.666800,7.340500,4.241000,21.321699,1,35964,35964
74.391903,1,18,8,28,4,16.666800,2.735700,4.118400,11.852800,1,35964,35964
74.408577,1,18,8,28,4,16.666901,2.382500,4.044100,16.197701,1,35964,35964
74.425300,1,18,8,28,4,16.666897,2.197100,4.398000,17.299400,1,35964,35964
74.441944,1,18,8,28,4,16.666803,2.369500,3.791400,16.221201,1,35964,35964
74.462384,1,18,8,27,4,16.666698,2.494600,4.059900,16.733200,1,35788,35788
74.475281,1,18,8,27,4,16.666998,6.729700,3.260000,20.864000,1,35788,35788
74.491908,1,18,8,27,4,16.666901,2.185200,3.447400,12.277700,1,35788,35788
74.508628,1,18,8,27,4,16.667002,2.710100,3.618300,16.831499,1,35788,35788
74.525288,1,18,8,27,4,16.666901,1.950800,3.837100,16.446501,1,35788,35788
74.542046,1,18,8,27,4,16.666901,2.458900,4.433000,16.960501,1,35788,35788
74.562819,1,18,8,26,4,16.666901,2.432700,3.057200,16.518200,1,35641,35641
74.575282,1,18,8,26,4,16.666800,7.160800,3.744600,21.870501,1,35641,35641
74.591881,1,18,8,26,4,16.666800,2.531600,3.707100,11.629600,1,35641,35641
74.608775,1,18,8,26,4,16.666800,2.415800,2.894200,16.278500,1,35641,35641
74.625298,1,18,8,26,4,16.666901,5.620800,4.116100,20.242500,1,35641,35641
74.641933,1,18,8,26,4,16.666901,2.755800,3.175100,13.425600,1,35641,35641
74.662329,1,18,8,24,4,16.666800,2.157400,4.416000,16.611401,1,35307,35307
74.675281,1,18,7,24,4,16.666698,7.499700,4.672300,22.452200,1,35307,35307
74.691974,1,18,7,24,4,16.666800,2.575600,5.739800,11.754500,1,35307,35307
74.708548,1,18,7,24,4,16.666800,3.258800,3.425000,16.418800,1,35307,35307
74.725358,1,18,7,24,4,16.667002,2.460200,4.352500,15.749100,1,35307,35307
74.741925,1,18,7,24,4,16.667002,2.967900,4.724800,17.191999,1,35307,35307
74.763413,1,18,7,24,4,16.666800,2.345600,2.919000,16.174000,1,33964,33964
74.775215,1,18,7,24,4,16.666800,7.617800,3.435000,22.480900,1,33964,33964
74.792166,1,18,7,24,4,16.666800,2.048100,3.373300,10.761300,1,33964,33964
74.808573,1,18,7,24,4,16.666901,2.703200,4.069900,17.410000,1,33964,33964
74.825262,1,18,7,24,4,16.666901,2.378000,3.654200,16.082899,1,33964,33964
74.841962,1,18,7,24,4,16.666698,2.448900,3.345800,16.946199,1,33964,33964
74.862131,1,18,7,24,4,16.666698,2.470100,3.813100,16.648199,1,33791,33791
74.875230,1,18,7,24,4,16.667002,6.599700,4.849800,20.461599,1,33791,33791
74.891946,1,18,7,24,4,16.666800,2.093900,4.481100,13.389800,1,33791,33791
74.908551,1,18,7,24,4,16.666698,2.474800,3.182300,16.371700,1,33791,33791
74.925328,1,18,7,24,4,16.666698,2.135900,3.335900,16.125999,1,33791,33791
74.941895,1,18,7,24,4,16.666702,2.559200,4.662200,17.047501,1,33791,33791
74.964687,1,18,7,21,4,16.666800,3.508500,4.453700,16.319500,1,34447,34447
74.975222,1,18,6,21,4,16.666800,9.623400,4.174500,23.800800,1,34447,34447
74.992075,1,18,6,21,4,16.666901,2.769600,3.674200,6.118400,1,34447,34447
75.008832,1,18,6,21,4,16.666698,3.619400,5.688800,16.669701,1,34447,34447
75.025351,1,18,6,21,4,16.666901,3.379200,3.270800,16.944099,1,34447,34447
75.042033,1,18,6,21,4,16.666698,2.331100,3.261100,16.228399,1,34447,34447
75.062340,1,18,6,19,4,16.666901,2.763700,4.018500,16.668600,1,33095,33095
75.075422,1,18,5,19,4,16.666901,6.930300,4.671800,20.642900,1,33095,33095
75.092026,1,18,5,19,4,16.666800,2.453700,4.802100,12.651500,1,33095,33095
75.108551,1,18,5,19,4,16.666901,2.792700,4.080100,16.903200,1,33095,33095
75.125279,1,18,5,19,4,16.666901,2.666200,3.723500,16.061399,1,33095,33095
75.141903,1,18,5,19,4,16.666800,5.776000,3.426900,20.022301,1,33095,33095
75.163280,1,18,5,19,4,16.666698,2.486100,3.781600,13.436900,1,31598,31598
75.175209,1,18,5,19,4,16.666698,7.384500,3.542100,21.966900,1,31598,31598
75.192060,1,18,5,19,4,16.666698,2.351000,3.281400,11.169700,1,31598,31598
75.208754,1,18,5,19,4,16.667002,2.737600,4.302700,17.715200,1,31598,31598
75.225248,1,18,5,19,4,16.666800,2.795700,2.667000,16.194500,1,31598,31598
75.242022,1,18,5,19,4,16.666800,2.168200,3.374200,16.349199,1,31598,31598
75.261947,1,18,5,19,4,16.666901,2.548800,5.366300,16.828400,1,32592,32592
75.275284,1,18,5,19,4,16.666800,6.526300,3.658700,20.407301,1,32592,32592
75.414502,1,18,5,18,4,134.900711,2.888600,0.373700,13.326400,1,32252,32252
75.428326,1,18,5,18,4,17.040499,120.158997,4.036600,139.369400,1,32252,32252
75.444321,1,18,5,18,4,16.667002,3.905200,4.580800,13.445200,1,32252,32252
75.460632,1,18,5,18,4,16.666698,5.489800,5.515800,15.812600,1,32252,32252
75.477160,1,18,5,18,4,16.666702,2.574500,4.146800,15.968200,1,32252,32252
75.493999,1,18,5,18,4,16.666800,2.512100,2.737200,16.374800,1,32252,32252
75.515324,1,18,5,16,3,16.666998,1.918100,3.243300,16.964600,1,32921,32921
75.527299,1,18,5,16,3,16.666800,7.578800,3.544900,22.350901,1,32921,32921
75.543943,1,18,5,16,3,16.666800,2.821900,4.045600,11.053000,1,32921,32921
75.560904,1,18,5,16,3,16.666702,2.480500,3.907200,16.716801,1,32921,32921
75.577190,1,18,5,16,3,16.666901,2.643200,2.933800,16.982000,1,32921,32921
75.593995,1,18,5,16,3,16.666800,1.977400,3.393300,16.265200,1,32921,32921
75.614438,1,18,5,15,2,16.666698,2.365500,5.639400,16.970800,1,33919,33919
75.627239,1,18,4,15,2,16.666698,7.520100,3.530200,20.601900,1,33919,33919
75.644123,1,18,4,15,2,16.690802,5.721300,4.769900,16.334801,1,33919,33919
75.660527,1,18,4,15,2,16.666800,4.042200,3.992500,13.577200,1,33919,33919
75.677242,1,18,4,15,2,16.666698,2.580800,4.296100,15.712300,1,33919,33919
75.694021,1,18,4,15,2,16.667002,2.475600,4.824000,17.795000,1,33919,33919
75.714850,1,18,4,13,1,16.666800,2.941300,4.508800,15.990800,1,33407,33407
75.727422,1,18,4,13,1,16.666901,7.287900,5.483700,21.033001,1,33407,33407
75.743912,1,18,4,13,1,16.666897,3.153300,3.995700,12.535800,1,33407,33407
75.760621,1,18,4,13,1,16.666702,2.378400,2.929800,16.007200,1,33407,33407
75.777339,1,18,4,13,1,16.666901,2.167300,4.677000,16.951300,1,33407,33407
75.793865,1,18,4,13,1,16.666897,2.612100,3.719500,16.856001,1,33407,33407
75.816768,1,18,4,13,1,16.666803,2.525600,3.646900,16.151600,1,33239,33239
75.827263,1,18,4,13,1,16.667097,8.785900,3.043200,23.234501,1,33239,33239
75.843947,1,18,4,13,1,16.666698,2.038100,3.414400,10.298400,1,33239,33239
75.860711,1,18,4,13,1,16.667400,2.747200,3.269300,16.815100,1,33239,33239
75.877253,1,18,4,13,1,16.666901,2.473700,4.117500,16.865299,1,33239,33239
75.893875,1,18,4,13,1,16.667002,2.663600,2.788800,16.133101,1,33239,33239
75.914795,1,18,4,13,1,16.666901,1.942800,3.653600,16.734200,1,33072,33072
75.927381,1,18,4,13,1,16.666800,6.513700,3.382900,20.945900,1,33072,33072
75.944056,1,18,4,13,1,16.666800,2.294200,4.076800,12.670000,1,33072,33072
75.960793,1,18,4,13,1,16.666800,2.953300,7.952900,16.916500,1,33072,33072
75.977355,1,18,4,13,1,16.666698,3.233000,4.265400,16.646099,1,33072,33072
75.994028,1,18,4,13,1,16.666702,3.190100,3.843200,16.998400,1,33072,33072
76.016149,1,18,4,13,1,16.666800,2.782100,4.672900,16.286699,1,32738,32738
76.027236,1,18,4,13,1,16.666800,9.143600,4.620700,22.973499,1,32738,32738
76.043979,1,18,4,13,1,16.666800,2.622900,3.355200,10.157000,1,32738,32738
76.060525,1,18,4,13,1,16.666901,2.581300,5.260600,16.787500,1,32738,32738
76.077189,1,18,4,13,1,16.666800,2.486300,3.636200,16.113600,1,32738,32738
76.094089,1,18,4,13,1,16.666998,2.165600,4.040700,16.957500,1,32738,32738
76.115036,1,18,4,13,1,16.666803,2.516300,3.944200,17.028099,1,33073,33073
76.127298,1,18,4,13,1,16.666800,7.505500,4.096700,21.095400,1,33073,33073
76.144078,1,18,4,13,1,16.666800,6.540100,3.474600,15.923200,1,33073,33073
76.160542,1,18,4,13,1,16.666901,2.677000,3.374400,12.718100,1,33073,33073
76.177286,1,18,4,13,1,16.666800,2.751600,3.740900,16.357401,1,33073,33073
76.193957,1,18,4,13,1,16.666800,2.458900,3.836300,17.064899,1,33073,33073
76.214897,1,18,4,13,1,16.666698,2.808000,3.390100,16.406601,1,33240,33240
76.227350,1,18,4,13,1,16.666698,6.947100,3.633700,21.520300,1,33240,33240
76.243885,1,18,4,13,1,16.666901,2.650000,3.390700,11.942900,1,33240,33240
76.260624,1,18,4,13,1,16.666901,2.147700,3.037700,16.424999,1,33240,33240
76.277321,1,18,4,13,1,16.666901,2.462300,4.679500,16.905199,1,33240,33240
76.293953,1,18,4,13,1,16.667097,2.485100,3.549900,16.464899,1,33240,33240
76.315280,1,18,4,13,1,16.666800,2.116800,3.289600,16.587799,1,32903,32903
76.327295,1,18,4,13,1,16.666901,6.889600,3.171300,21.479401,1,32903,32903
76.343870,1,18,4,13,1,16.666800,2.567900,2.996900,11.831300,1,32903,32903
76.360707,1,18,4,13,1,16.666800,2.025300,3.675600,16.625700,1,32903,32903
76.377206,1,18,4,13,1,16.666803,2.294100,3.884400,17.143801,1,32903,32903
76.393985,1,18,4,13,1,16.666897,2.344600,4.323800,16.172001,1,32903,32903
76.414226,1,18,4,13,1,16.666901,2.572800,4.662500,16.959499,1,33069,33069
76.427274,1,18,4,13,1,16.666702,6.114300,3.340200,20.279301,1,33069,33069
76.443973,1,18,4,13,1,16.666698,2.415900,3.142900,12.950500,1,33069,33069
76.460590,1,18,4,13,1,16.666901,2.271300,3.736900,16.703501,1,33069,33069
76.477202,1,18,4,13,1,16.666998,2.667700,4.310500,16.872499,1,33069,33069
76.494070,1,18,4,13,1,16.666901,3.746000,3.891400,16.181200,1,33069,33069
76.510543,1,18,4,13,1,16.667002,2.424900,3.695000,17.123301,1,33069,33069
76.527259,1,18,4,13,1,16.666698,2.470500,3.570200,16.235600,1,33069,33069
76.544248,1,18,4,13,1,16.666800,2.520200,3.921200,17.912800,1,33069,33069
76.560658,1,18,4,13,1,16.667101,2.699600,2.835600,15.971300,1,33069,33069
76.577353,1,18,4,13,1,16.666698,2.040900,3.132600,16.392200,1,33069,33069
76.593864,1,18,4,13,1,16.666800,2.300400,3.721400,16.812000,1,33069,33069
76.610525,1,18,4,13,1,16.666800,2.568000,3.285100,16.174101,1,33069,33069
76.627364,1,18,4,13,1,16.667002,1.698300,3.889800,16.683001,1,33069,33069
76.643853,1,18,4,13,1,16.666698,5.460700,3.754400,20.384800,1,33069,33069
76.665264,2,18,4,12,0,16.666901,1.823100,3.212400,12.922900,1,33064,33064
76.779948,2,18,4,12,0,119.411903,118.730904,3.212400,12.922900,1,33064,33064
76.796730,2,18,4,12,0,16.666901,2.984300,7.761800,9.776200,1,33064,33064
76.813249,2,18,4,12,0,16.666698,2.619200,3.509400,9.976800,1,33064,33064
76.829973,2,18,4,12,0,16.666901,2.325900,3.428900,16.332800,1,33064,33064
76.846638,2,18,4,12,0,16.666698,2.443100,4.435400,17.203199,1,33064,33064
76.863319,2,18,4,12,0,16.666698,2.755700,3.095900,16.366600,1,33064,33064
76.886051,1,19,4,48,4,16.666800,2.245700,3.148400,16.502800,1,27876,27876
76.974757,1,19,12,48,4,94.680801,94.350098,3.148400,16.502800,1,27876,27876
76.997122,1,19,12,48,4,16.667002,2.487900,5.849200,15.059000,1,34077,34077
77.008020,1,19,12,48,4,16.666698,9.215200,5.567100,11.153400,1,34077,34077
77.024681,1,19,12,48,4,16.666800,2.411300,4.212700,9.540600,1,34077,34077
77.041567,1,19,12,48,4,16.667002,2.452900,5.335400,17.415199,1,34077,34077
77.058090,1,19,12,48,4,16.666698,2.924500,5.443800,16.408501,1,34077,34077
77.074955,1,19,12,48,4,16.666800,2.574400,3.721100,16.419901,1,34077,34077
77.097198,1,19,12,48,4,16.666800,3.127300,4.530800,17.226700,1,40568,40568
77.108034,1,19,12,48,4,16.666901,9.994000,5.330200,22.956100,1,40568,40568
77.124865,1,19,12,48,4,16.666800,2.823800,4.451900,9.545700,1,40568,40568
77.141355,1,19,12,48,4,16.666800,2.663800,4.723000,17.240000,1,40568,40568
77.158232,1,19,12,48,4,16.666800,6.814000,6.052500,21.546000,1,40568,40568
77.174971,1,19,12,48,4,16.666800,3.263000,6.341400,11.784200,1,40568,40568
77.195674,1,19,12,48,4,16.666800,2.840000,4.720200,16.479300,1,41782,41782
77.330155,1,19,12,46,4,133.905197,7.476500,0.534200,21.665701,1,42813,42813
77.342230,1,19,11,46,4,16.666901,115.498398,4.663900,135.194702,1,42813,42813
77.358735,1,19,11,46,4,16.666901,3.047400,5.123900,10.639300,1,42813,42813
77.375266,1,19,11,46,4,16.666901,2.672200,4.072200,16.314400,1,42813,42813
77.392138,1,19,11,46,4,16.666998,2.150700,4.458500,16.311300,1,42813,42813
77.408560,1,19,11,46,4,16.666901,2.537800,4.271300,17.139700,1,42813,42813
77.430247,1,19,11,45,4,16.666901,2.308700,3.543500,16.192499,1,41973,41973
77.442051,1,19,11,45,4,16.666901,8.294900,4.044000,22.488100,1,41973,41973
77.458731,1,19,11,45,4,16.666901,2.297900,3.658200,11.219900,1,41973,41973
77.475944,1,19,11,45,4,17.037802,2.490100,4.036200,17.156099,1,41973,41973
77.492316,1,19,11,45,4,16.666800,3.446700,7.247700,17.681499,1,41973,41973
77.508949,1,19,11,45,4,16.666901,3.236600,4.819600,15.327200,1,41973,41973
77.532583,1,19,11,44,4,16.666998,2.091900,4.443000,16.801800,1,41309,41309
77.542290,1,19,10,44,4,16.666901,10.052200,4.400000,24.296400,1,41309,41309
77.559048,1,19,10,44,4,16.667002,2.344400,3.805500,9.062400,1,41309,41309
77.575806,1,19,10,44,4,16.667002,2.925700,4.848400,16.904200,1,41309,41309
77.592434,1,19,10,44,4,16.666901,2.975200,3.885500,16.629801,1,41309,41309
77.609202,1,19,10,44,4,16.666698,2.598000,3.767200,16.710600,1,41309,41309
77.629997,1,19,10,43,4,16.666800,2.879800,4.307800,16.914499,1,39648,39648
77.642342,1,19,10,43,4,16.666800,7.571700,4.616100,21.164000,1,39648,39648
77.788173,1,19,10,40,4,141.101089,7.810600,0.499900,17.136600,1,39624,39624
77.800126,1,19,9,40,4,16.666698,119.464302,5.460800,141.415497,1,39624,39624
77.816860,1,19,9,40,4,16.666698,2.648300,5.900800,10.830800,1,39624,39624
77.833472,1,19,9,40,4,16.666702,2.883700,3.888200,16.700399,1,39624,39624
77.850384,1,19,9,40,4,16.666698,2.640300,4.600500,16.739401,1,39624,39624
77.867074,1,19,9,40,4,16.666698,3.426700,5.392000,16.806900,1,39624,39624
77.888527,1,19,9,39,4,16.666698,3.174500,4.340400,16.687099,1,38617,38617
77.900187,1,19,9,39,4,16.676903,8.214400,4.744000,22.445999,1,38617,38617
77.916751,1,19,9,39,4,16.666897,3.023100,4.793800,10.827800,1,38617,38617
77.933429,1,19,9,39,4,16.666803,2.753000,4.295500,16.222200,1,38617,38617
77.950299,1,19,9,39,4,16.666897,2.238500,4.421600,16.715799,1,38617,38617
77.966741,1,19,9,39,4,16.666800,2.542200,4.518100,17.235001,1,38617,38617
77.990210,1,19,9,39,4,16.666901,2.531400,4.373600,16.025600,1,39464,39464
78.000359,1,19,9,39,4,16.666901,10.043000,4.462400,24.320999,1,39464,39464
78.016827,1,19,9,39,4,16.666901,3.750700,5.008500,10.069000,1,39464,39464
78.033600,1,19,9,39,4,16.667002,2.637200,4.455300,16.009199,1,39464,39464
78.050208,1,19,9,39,4,16.666800,3.466800,4.505200,17.230801,1,39464,39464
78.067096,1,19,9,39,4,16.836201,2.915300,4.388800,16.046101,1,39464,39464
78.092266,1,19,9,39,4,16.667400,2.645100,5.106800,5.969900,1,40327,40327
78.100411,1,19,9,39,4,16.666901,12.408100,5.946700,5.969900,1,40327,40327
78.117034,1,19,9,39,4,16.666901,4.192800,6.872500,10.277900,1,40327,40327
78.133793,1,19,9,39,4,16.666698,3.450800,5.735600,13.733800,1,40327,40327
78.150418,1,19,9,39,4,16.666901,3.640700,5.310200,15.827000,1,40327,40327
78.167045,1,19,9,39,4,16.666901,7.229900,5.307300,20.568001,1,40327,40327
78.189891,1,19,9,39,4,16.667002,3.647100,5.782700,12.535900,1,40698,40698
78.200291,1,19,9,39,4,16.666901,10.712900,6.084600,23.964600,1,40698,40698
78.217087,1,19,9,39,4,16.666800,3.306200,3.452100,9.041900,1,40698,40698
78.233590,1,19,9,39,4,16.666800,2.450900,3.444000,16.933901,1,40698,40698
78.250256,1,19,9,39,4,16.666800,2.466800,3.352600,16.251900,1,40698,40698
78.266969,1,19,9,39,4,16.666901,2.457600,4.719600,17.657900,1,40698,40698
78.288139,1,19,9,36,4,16.666698,2.586200,3.458300,15.950800,1,40334,40334
78.300354,1,19,7,36,4,16.666800,8.299600,4.715800,22.421499,1,40334,40334
78.316955,1,19,7,36,4,16.666800,3.073500,4.854200,11.011100,1,40334,40334
78.333572,1,19,7,36,4,16.666901,2.983500,3.438300,16.296000,1,40334,40334
78.350565,1,19,7,36,4,16.666800,2.400500,4.973900,16.709600,1,40334,40334
78.366956,1,19,7,36,4,16.666698,2.984100,6.483900,17.249300,1,40334,40334
78.389491,1,19,7,35,4,16.666698,2.814800,5.104000,16.378799,1,38484,38484
78.400642,1,19,7,35,4,16.666800,9.655800,4.830100,23.097401,1,38484,38484
78.417005,1,19,7,35,4,16.667002,3.125500,5.241400,10.827800,1,38484,38484
78.433722,1,19,7,35,4,16.666901,2.859300,3.581700,16.070601,1,38484,38484
78.450318,1,19,7,35,4,16.666901,2.687800,4.773300,17.029100,1,38484,38484
78.467055,1,19,7,35,4,16.666698,3.068200,4.518000,16.138300,1,38484,38484
78.488790,1,19,7,32,4,16.666800,2.415600,4.862500,16.795601,1,36804,36804
78.500463,1,19,6,32,4,16.666901,8.380500,3.652200,22.360100,1,36804,36804
78.516951,1,19,6,32,4,16.666800,2.906600,4.940900,11.900900,1,36804,36804
78.533791,1,19,6,32,4,16.666901,3.679500,5.474300,16.792601,1,36804,36804
78.550341,1,19,6,32,4,16.666800,2.473600,3.502800,15.642600,1,36804,36804
78.567044,1,19,6,32,4,16.666698,2.557900,3.543600,16.606199,1,36804,36804
78.588470,1,19,6,31,4,16.666901,2.438400,4.732200,16.911400,1,36463,36463
78.600278,1,19,6,31,4,16.666702,8.290100,4.456800,21.428200,1,36463,36463
78.617091,1,19,6,31,4,16.666800,2.210000,3.749200,11.297800,1,36463,36463
78.633568,1,19,6,31,4,16.666800,2.378800,4.283600,17.193001,1,36463,36463
78.650229,1,19,6,31,4,16.666698,2.777300,3.879600,16.203699,1,36463,36463
78.667348,1,19,6,31,4,16.859800,2.395500,4.721400,16.591900,1,36463,36463
78.689739,1,19,6,31,4,16.666800,6.509500,4.095200,21.277700,1,36284,36284
78.700561,1,19,6,31,4,16.666698,9.333100,4.570700,19.252199,1,36284,36284
78.717202,1,19,6,31,4,16.666901,2.654600,4.646200,10.313800,1,36284,36284
78.733814,1,19,6,31,4,16.666901,3.259900,3.741600,16.389099,1,36284,36284
78.750501,1,19,6,31,4,16.666901,2.257400,4.365200,16.480200,1,36284,36284
78.767114,1,19,6,31,4,16.666698,2.333500,4.417700,16.769100,1,36284,36284
78.788203,1,19,6,31,4,16.666800,2.502100,3.785800,16.471001,1,36116,36116
78.800591,1,19,6,31,4,16.666901,7.514800,3.768200,21.761000,1,36116,36116
78.817207,1,19,6,31,4,16.666800,2.798100,3.477400,11.902000,1,36116,36116
78.833932,1,19,6,31,4,16.666901,2.895800,3.449800,16.896999,1,36116,36116
78.850715,1,19,6,31,4,16.667002,2.708900,4.383700,16.618500,1,36116,36116
78.867263,1,19,6,31,4,16.666901,3.189500,5.198300,16.826401,1,36116,36116
78.890553,1,19,6,29,4,16.666800,2.790900,3.429000,16.202700,1,36283,36283
78.900710,1,19,6,29,4,16.666698,10.404700,5.369100,24.680500,1,36283,36283
78.917147,1,19,6,29,4,16.666901,3.229000,4.724400,9.923600,1,36283,36283
78.933857,1,19,6,29,4,16.666800,3.388800,4.527100,15.390700,1,36283,36283
78.950693,1,19,6,29,4,16.666698,2.802800,3.486100,16.471001,1,36283,36283
78.967204,1,19,6,29,4,16.666698,2.682600,5.221800,17.546301,1,36283,36283
78.989005,1,19,6,28,4,16.666800,3.028000,4.293600,16.011200,1,35801,35801
79.000650,1,19,6,28,4,16.666800,9.101700,6.129800,22.621201,1,35801,35801
79.017316,1,19,6,28,4,16.695503,3.505000,4.229200,11.652100,1,35801,35801
79.033970,1,19,6,28,4,16.666800,3.032400,3.424600,15.933400,1,35801,35801
79.050589,1,19,6,28,4,16.666800,2.397000,4.226800,16.531500,1,35801,35801
79.067292,1,19,6,28,4,16.666998,2.738200,3.814100,16.609301,1,35801,35801
79.090663,1,19,6,28,4,16.666901,2.219800,3.868600,16.479200,1,35636,35636
79.100718,1,19,6,28,4,16.679201,9.778400,3.734200,24.381399,1,35636,35636
79.117236,1,19,6,28,4,16.666901,2.743700,4.325300,9.226300,1,35636,35636
79.133953,1,19,6,28,4,16.666901,3.056700,3.884000,16.721901,1,35636,35636
79.150590,1,19,6,28,4,16.666698,2.715600,3.567500,16.684000,1,35636,35636
79.167245,1,19,6,28,4,16.666800,2.689300,3.278900,16.569401,1,35636,35636
79.188476,1,19,6,27,4,16.666698,2.702300,4.884800,16.941000,1,35961,35961
79.200555,1,19,6,27,4,16.666800,12.772700,5.485000,16.941000,1,35961,35961
79.217514,1,19,6,27,4,16.666901,2.956500,5.335000,7.007200,1,35961,35961
79.233907,1,19,6,27,4,16.666702,3.233200,4.272800,17.076200,1,35961,35961
79.250501,1,19,6,27,4,16.666998,2.757000,3.885500,15.823900,1,35961,35961
79.267453,1,19,6,27,4,16.667002,2.304400,6.189400,16.606199,1,35961,35961
79.290401,1,19,6,26,4,16.666800,3.462900,4.603500,17.455099,1,35625,35625
79.300636,1,19,6,26,4,16.666800,10.119500,4.200400,23.541800,1,35625,35625
79.317206,1,19,6,26,4,16.666901,2.752800,5.545200,9.385900,1,35625,35625
79.333927,1,19,6,26,4,16.666901,3.031300,4.203800,16.561199,1,35625,35625
79.350823,1,19,6,26,4,16.669500,2.952000,3.260700,16.606199,1,35625,35625
79.367206,1,19,6,26,4,16.666698,3.040000,4.583800,17.559500,1,35625,35625
79.387831,1,19,6,26,4,16.666698,2.923500,4.013900,15.560800,1,34782,34782
79.400655,1,19,6,26,4,16.666698,7.435200,3.532900,21.733299,1,34782,34782
79.417157,1,19,6,26,4,16.666800,2.830500,3.352400,12.025900,1,34782,34782
79.433922,1,19,6,26,4,16.666901,2.517700,3.695600,16.363501,1,34782,34782
79.450535,1,19,6,26,4,16.666702,2.741900,4.537000,16.902100,1,34782,34782
79.467198,1,19,6,26,4,16.666897,2.956800,3.964500,16.462900,1,34782,34782
79.489032,1,19,6,23,4,16.667101,2.149100,3.345100,16.480301,1,34439,34439
79.500617,1,19,6,23,4,16.666901,7.586700,3.777400,22.371300,1,34439,34439
79.517693,1,19,6,23,4,16.698200,2.868200,4.661500,11.178000,1,34439,34439
79.534212,1,19,6,23,4,16.666800,3.381700,6.061900,7.805900,1,34439,34439
79.550566,1,19,6,23,4,16.666800,3.703100,4.931200,7.805900,1,34439,34439
79.567248,1,19,6,23,4,16.666698,2.786000,3.822800,16.403400,1,34439,34439
79.589554,1,19,6,20,4,16.667002,2.585700,4.916200,16.662500,1,32411,32411
79.600604,1,19,4,20,4,16.667101,8.546800,5.486100,22.365200,1,32411,32411
79.617407,1,19,4,20,4,16.666897,2.282700,3.659100,10.773500,1,32411,32411
79.634067,1,19,4,20,4,16.682402,2.780600,4.906400,17.557501,1,32411,32411
79.650602,1,19,4,20,4,16.666800,3.880900,3.829800,16.055300,1,32411,32411
79.667443,1,19,4,20,4,16.666901,2.527800,3.931200,16.346100,1,32411,32411
79.688427,1,19,4,20,4,16.666698,2.747300,4.492100,17.379400,1,30757,30757
79.700608,1,19,4,20,4,16.667002,8.120300,5.741300,21.331900,1,30757,30757
79.717399,1,19,4,20,4,16.666800,7.850500,4.799000,15.520800,1,30757,30757
79.733925,1,19,4,20,4,16.666698,3.032100,4.750200,12.816400,1,30757,30757
79.750632,1,19,4,20,4,16.666702,2.729200,5.120400,16.384001,1,30757,30757
79.767293,1,19,4,20,4,16.666800,2.875000,4.067700,16.964600,1,30757,30757
79.788584,1,19,4,19,3,16.666800,2.950800,4.942800,16.554001,1,31933,31933
79.800697,1,19,3,19,3,16.688601,8.950200,4.217800,21.953501,1,31933,31933
79.817217,1,19,3,19,3,16.666698,2.750000,4.561500,11.442200,1,31933,31933
79.833980,1,19,3,19,3,16.666800,2.582800,4.121200,16.235500,1,31933,31933
79.850696,1,19,3,19,3,16.690399,2.655400,4.080200,17.523701,1,31933,31933
79.867338,1,19,3,19,3,16.666800,2.888800,3.619300,16.276501,1,31933,31933
79.888887,1,19,3,19,3,16.667002,2.576200,3.357600,16.352301,1,33431,33431
79.900633,1,19,3,19,3,16.666800,7.342400,3.178200,21.788601,1,33431,33431
79.917225,1,19,3,19,3,16.666800,2.788000,3.331500,11.470900,1,33431,33431
79.934086,1,19,3,19,3,16.666901,1.976000,3.360100,16.539600,1,33431,33431
79.950662,1,19,3,19,3,16.666698,2.481900,3.511400,17.254400,1,33431,33431
79.967313,1,19,3,19,3,16.666800,2.585600,4.033100,16.292900,1,33431,33431
79.989591,1,19,3,19,3,16.667002,2.462400,4.838600,17.735701,1,33758,33758
80.000625,1,19,3,19,3,16.666800,8.080900,4.178400,21.368799,1,33758,33758
80.017448,1,19,3,19,3,16.666901,2.357700,3.005800,10.879000,1,33758,33758
80.034005,1,19,3,19,3,16.666901,3.293400,5.763200,17.942499,1,33758,33758
80.050695,1,19,3,19,3,16.666901,2.989700,3.872500,15.464500,1,33758,33758
80.067414,1,19,3,19,3,16.666800,2.372900,5.055400,16.686001,1,33758,33758
80.089217,1,19,3,19,3,16.666800,2.664200,4.833100,16.965700,1,33257,33257
80.183861,1,19,3,19,3,99.863098,99.684097,4.833100,16.965700,1,33257,33257
80.205196,1,19,3,18,2,16.666897,3.177100,5.496900,8.482800,1,33754,33754
80.217145,1,19,3,18,2,16.666800,10.477100,3.163000,18.895901,1,33754,33754
80.233804,1,19,3,18,2,16.666702,2.286200,4.963900,9.075700,1,33754,33754
80.250606,1,19,3,18,2,16.666800,2.709100,4.302200,16.469000,1,33754,33754
80.267189,1,19,3,18,2,16.666698,2.297000,3.796200,16.995399,1,33754,33754
80.283976,1,19,3,18,2,16.668100,2.441500,3.573600,16.449499,1,33754,33754
80.305335,1,19,3,17,1,16.666698,2.565200,5.337800,17.084400,1,34079,34079
80.317101,1,19,3,17,1,16.666800,7.877700,3.551900,21.064699,1,34079,34079
80.334032,1,19,3,17,1,16.666800,1.960400,2.958100,11.622400,1,34079,34079
80.350560,1,19,3,17,1,16.666702,2.482100,3.996700,17.384501,1,34079,34079
80.367142,1,19,3,17,1,16.666998,2.537300,4.006500,16.089001,1,34079,34079
80.383965,1,19,3,17,1,16.666901,2.625200,4.676100,16.639000,1,34079,34079
80.404321,1,19,3,17,1,16.666800,2.338400,3.112800,16.892900,1,34245,34245
80.417159,1,19,3,17,1,16.666901,6.405800,4.652200,21.340200,1,34245,34245
80.433932,1,19,3,17,1,16.666698,2.189900,4.455800,12.856300,1,34245,34245
80.450541,1,19,3,17,1,16.666800,2.813000,3.902300,15.943700,1,34245,34245
80.467372,1,19,3,17,1,16.666702,2.771900,3.339300,16.435200,1,34245,34245
80.483957,1,19,3,17,1,16.666800,2.484800,5.482400,17.348600,1,34245,34245
80.506104,1,19,3,16,1,16.666800,2.614700,4.577100,15.993900,1,34078,34078
80.517253,1,19,3,16,1,16.666800,8.502300,4.196700,22.469601,1,34078,34078
80.534242,1,19,3,16,1,16.666800,2.658400,3.644400,11.122700,1,34078,34078
80.550509,1,19,3,16,1,16.667097,2.830200,4.405700,17.239000,1,34078,34078
80.567096,1,19,3,16,1,16.666901,2.910100,4.087000,16.147499,1,34078,34078
80.583833,1,19,3,16,1,16.666901,2.360600,3.043200,16.268299,1,34078,34078
80.605344,1,19,3,16,1,16.666698,2.148900,3.156600,16.549900,1,33580,33580
80.617230,1,19,3,16,1,16.666702,6.870600,3.041100,21.657600,1,33580,33580
80.633779,1,19,3,16,1,16.666800,2.519800,3.849900,11.961300,1,33580,33580
80.650594,1,19,3,16,1,16.666800,2.071900,2.968600,16.372700,1,33580,33580
80.667149,1,19,3,16,1,16.666698,2.130800,3.227700,16.881701,1,33580,33580
80.683810,1,19,3,16,1,16.666800,2.424700,2.812800,16.517099,1,33580,33580
80.704638,1,19,3,16,1,16.666698,1.967200,3.918300,17.415199,1,33751,33751
80.717140,1,19,3,16,1,16.666901,6.791100,3.048500,20.270100,1,33751,33751
80.734016,1,19,3,16,1,16.667002,4.815200,5.110300,16.384001,1,33751,33751
80.750496,1,19,3,16,1,16.666698,2.936600,3.693300,13.035500,1,33751,33751
80.767201,1,19,3,16,1,16.666800,2.452000,3.301000,16.157700,1,33751,33751
80.784014,1,19,3,16,1,16.666698,2.237200,3.997400,16.851999,1,33751,33751
80.804527,1,19,3,16,1,16.666702,2.610700,3.267900,16.849899,1,34084,34084
80.817118,1,19,3,16,1,16.666901,6.346800,3.752100,21.727200,1,34084,34084
80.833878,1,19,3,16,1,16.666698,1.893800,3.378500,12.193800,1,34084,34084
80.850451,1,19,3,16,1,16.666698,2.716200,3.312500,15.886300,1,34084,34084
80.867392,1,19,3,16,1,16.666901,2.115800,2.892900,16.467899,1,34084,34084
80.883942,1,19,3,16,1,16.666800,2.468900,4.563400,17.301500,1,34084,34084
80.900466,1,19,3,16,1,16.666800,2.803100,3.359800,16.292900,1,34084,34084
80.917372,1,19,3,16,1,16.667002,2.391700,4.107700,16.590799,1,34084,34084
80.933806,1,19,3,16,1,16.666901,2.406200,3.812300,16.980000,1,34084,34084
80.950428,1,19,3,16,1,16.666901,2.151900,3.494800,16.233500,1,34084,34084
80.967211,1,19,3,16,1,16.666800,2.331800,4.508400,17.759199,1,34084,34084
80.983819,1,19,3,16,1,16.667097,2.162000,4.247700,15.727600,1,34084,34084
81.001172,1,19,3,16,1,16.666698,2.480200,2.776200,16.490499,1,34084,34084
81.017217,1,19,3,16,1,16.666702,3.239900,4.013500,17.981501,1,34084,34084
81.033872,1,19,3,16,1,16.676300,2.852200,3.055500,15.558600,1,34084,34084
81.054784,2,19,3,16,0,16.666698,2.806600,4.211800,17.371201,1,33758,33758
81.142439,2,19,3,16,0,91.990204,91.313698,4.211800,17.371201,1,33758,33758
81.159302,2,19,3,16,0,16.666901,2.864300,4.757100,7.920700,1,33758,33758
81.175751,2,19,3,16,0,16.666901,2.842900,3.412100,11.952100,1,33758,33758
81.192463,2,19,3,16,0,16.666901,2.273300,2.791400,16.115700,1,33758,33758
81.209193,2,19,3,16,0,16.666901,2.556200,4.161200,16.824301,1,33758,33758
81.225806,2,19,3,16,0,16.666800,2.539400,3.145800,16.828501,1,33758,33758
81.242547,2,19,3,16,0,16.666901,5.368600,4.758300,19.526600,1,33758,33758
81.259137,2,19,3,16,0,16.666800,2.623500,4.222600,14.029800,1,33758,33758
81.277838,2,19,3,16,0,16.666698,3.126700,3.669700,16.431101,1,33758,33758
81.292689,2,19,3,16,0,16.666901,4.420900,4.985000,18.710600,1,33758,33758
81.310248,0,20,3,0,0,16.666800,3.534500,5.404300,15.096800,1,8032,8032
81.403964,0,20,6,0,0,93.830200,93.562698,5.404300,15.096800,1,8032,8032
81.420502,0,20,6,0,0,16.666901,4.106600,5.349800,8.922100,1,8032,8032
81.436247,0,20,6,0,0,16.666800,3.363400,3.304400,11.044800,1,8032,8032
81.453040,0,20,6,0,0,16.666897,2.026700,4.438900,16.430099,1,8032,8032
81.469622,0,20,6,0,0,16.666803,2.525700,4.323200,15.691800,1,8032,8032
81.486763,0,20,6,0,0,16.666897,2.615100,3.303000,16.791599,1,8032,8032
81.503048,0,20,6,0,0,16.666901,2.690100,3.953100,17.499100,1,8032,8032
81.519564,0,20,6,0,0,16.666901,2.555700,3.602500,15.707100,1,8032,8032
81.536384,0,20,6,0,0,16.666901,2.199600,3.178300,16.532499,1,8032,8032
81.553477,0,20,6,0,0,16.667202,2.041500,3.501100,16.951300,1,8032,8032
81.570597,0,20,6,0,0,16.666698,2.619200,3.030000,17.174500,1,8030,8030
81.586366,0,20,6,0,0,16.666901,3.138100,4.294100,17.136700,1,8030,8030
81.602987,0,20,6,0,0,16.666698,2.779600,3.695500,15.572000,1,8030,8030
81.620265,0,20,6,0,0,16.666800,2.242600,3.928300,16.653299,1,8030,8030
81.768375,1,20,6,63,7,141.597305,3.297600,0.456000,17.565701,1,35278,35278
81.881127,1,20,9,63,7,111.456001,230.035995,4.463900,249.877502,1,44653,44653
81.889489,1,20,9,63,7,16.666901,11.136800,3.546700,11.213800,1,44653,44653
81.906007,1,20,9,63,7,16.667002,2.392800,5.028500,8.106000,1,44653,44653
81.922778,1,20,9,63,7,16.666698,2.109700,2.585500,16.139200,1,44653,44653
81.939459,1,20,9,63,7,16.666800,2.054400,4.008100,17.086500,1,44653,44653
81.955959,1,20,9,63,7,16.666800,2.621700,3.406000,16.474100,1,44653,44653
81.979545,1,20,9,63,7,16.667002,1.913300,2.676400,16.424999,1,52841,52841
81.989496,1,20,9,63,7,16.666998,9.502600,4.767400,24.569799,1,52841,52841
82.006024,1,20,9,63,7,16.666901,2.295500,3.525100,9.194500,1,52841,52841
82.022816,1,20,9,63,7,16.666702,2.510700,5.520500,16.365601,1,52841,52841
82.039384,1,20,9,63,7,16.666998,2.657200,5.657200,17.124300,1,52841,52841
82.056116,1,20,9,63,7,16.666901,2.954700,3.362100,16.751699,1,52841,52841
82.079453,1,20,9,62,7,16.666901,2.298900,5.129400,16.482300,1,50761,50761
82.220357,1,20,9,59,7,139.312210,10.140600,0.397800,24.206301,1,53167,53167
82.228933,1,20,9,59,7,16.666800,122.200104,4.519300,141.305893,1,53167,53167
82.245468,1,20,9,59,7,16.666901,3.025400,4.079900,8.046500,1,53167,53167
82.262019,1,20,9,59,7,16.666901,2.343100,4.492500,15.745100,1,53167,53167
82.278709,1,20,9,59,7,16.666901,2.580700,6.714500,16.703501,1,53167,53167
82.295384,1,20,9,59,7,16.666901,8.335300,4.605800,21.816299,1,53167,53167
82.319565,1,20,9,59,7,16.666698,2.441000,3.760200,11.164700,1,52624,52624
82.328708,1,20,9,59,7,16.666800,10.088000,5.478300,24.879101,1,52624,52624
82.345436,1,20,9,59,7,16.666698,2.503300,4.626800,8.700900,1,52624,52624
82.362120,1,20,9,59,7,16.666800,2.770900,4.288400,16.648199,1,52624,52624
82.378684,1,20,9,59,7,16.666800,2.519400,3.919000,16.828400,1,52624,52624
82.395294,1,20,9,59,7,16.666901,2.673700,3.028800,16.350201,1,52624,52624
82.418202,1,20,9,56,7,16.666800,2.102500,4.911800,17.323000,1,52874,52874
82.428769,1,20,7,56,7,16.666800,9.994400,6.851500,24.165400,1,52874,52874
82.445502,1,20,7,56,7,16.666698,2.605100,3.566100,8.656900,1,52874,52874
82.462057,1,20,7,56,7,16.666803,2.574100,3.989100,16.994301,1,52874,52874
82.478632,1,20,7,56,7,16.666800,2.478500,3.744800,16.195601,1,52874,52874
82.495359,1,20,7,56,7,16.666998,2.446500,4.498700,16.465900,1,52874,52874
82.517863,1,20,7,53,7,16.666702,2.455200,3.334600,17.101801,1,50341,50341
82.528646,1,20,7,53,7,16.666897,8.606200,3.842600,23.053301,1,50341,50341
82.545305,1,20,7,53,7,16.666901,2.549900,4.712400,10.816500,1,50341,50341
82.562036,1,20,7,53,7,16.666702,2.608400,3.820900,15.968300,1,50341,50341
82.578957,1,20,7,53,7,16.666698,2.263200,3.676300,16.508900,1,50341,50341
82.595392,1,20,7,53,7,16.666800,2.984900,4.966600,17.535000,1,50341,50341
82.616937,1,20,7,51,7,16.666901,2.892400,4.024700,15.829000,1,43461,43461
82.629079,1,20,7,51,7,16.666698,8.125000,4.832600,22.468599,1,43461,43461
82.645463,1,20,7,51,7,16.666698,2.747200,4.632200,11.680800,1,43461,43461
82.661980,1,20,7,51,7,16.666698,2.729000,3.556200,16.179199,1,43461,43461
82.678788,1,20,7,51,7,16.666702,2.145500,4.749700,17.451000,1,43461,43461
82.695363,1,20,7,51,7,16.666901,2.732100,4.143700,15.916000,1,43461,43461
82.718794,1,20,7,49,7,16.666698,2.425300,2.955300,16.308201,1,43460,43460
82.728826,1,20,7,49,7,16.666901,9.337900,3.165000,24.182800,1,43460,43460
82.745301,1,20,7,49,7,16.666800,2.817900,4.265500,9.834500,1,43460,43460
82.762107,1,20,7,49,7,16.666998,2.593300,4.906000,16.018400,1,43460,43460
82.778786,1,20,7,49,7,16.666702,3.024200,4.033300,17.191999,1,43460,43460
82.795341,1,20,7,49,7,16.666698,6.201600,4.373300,19.996599,1,43460,43460
82.817042,1,20,7,49,7,16.666800,2.625300,4.407300,13.872200,1,42973,42973
82.828678,1,20,7,49,7,16.666800,8.110400,3.564900,21.106701,1,42973,42973
82.845496,1,20,7,49,7,16.666698,2.346200,3.139100,11.195400,1,42973,42973
82.862047,1,20,7,49,7,16.666800,2.736700,4.142700,17.268700,1,42973,42973
82.878648,1,20,7,49,7,16.666800,2.756900,3.996300,16.206800,1,42973,42973
82.895554,1,20,7,49,7,16.666901,2.733600,3.389500,16.545799,1,42973,42973
82.917782,1,20,7,49,7,16.666698,2.624200,4.860000,17.238001,1,44148,44148
82.928655,1,20,7,49,7,16.666901,9.511700,5.031800,23.347200,1,44148,44148
82.945518,1,20,7,49,7,16.666800,3.067900,5.968500,9.242700,1,44148,44148
82.962027,1,20,7,49,7,16.666702,2.860000,4.801600,17.231800,1,44148,44148
82.978859,1,20,7,49,7,16.666800,2.635700,4.023900,16.313400,1,44148,44148
82.995401,1,20,7,49,7,16.666800,2.869100,4.894200,17.409000,1,44148,44148
83.019083,1,20,7,49,7,16.666901,3.174500,5.118400,16.157700,1,47172,47172
83.028870,1,20,7,49,7,16.666998,10.291500,3.683600,24.076300,1,47172,47172
83.045435,1,20,7,49,7,16.666800,3.046000,4.844600,9.685000,1,47172,47172
83.062005,1,20,7,49,7,16.666901,3.690100,3.179600,17.015800,1,47172,47172
83.078830,1,20,7,49,7,16.666901,2.260800,4.485200,15.583200,1,47172,47172
83.095633,1,20,7,49,7,16.666800,2.599800,5.121800,17.325100,1,47172,47172
83.119665,1,20,7,49,7,16.666901,2.715400,2.948500,16.332800,1,49019,49019
83.128696,1,20,7,49,7,16.666800,10.919300,4.051700,25.252800,1,49019,49019
83.145291,1,20,7,49,7,16.666698,2.286900,4.161700,7.881800,1,49019,49019
83.162243,1,20,7,49,7,16.666803,2.317100,4.181200,16.447500,1,49019,49019
83.178798,1,20,7,49,7,16.666800,2.630400,5.248100,17.499100,1,49019,49019
83.195310,1,20,7,49,7,16.666897,3.080000,3.700400,16.471001,1,49019,49019
83.219370,1,20,7,48,6,16.666702,2.203500,4.925700,16.086100,1,49352,49352
83.228710,1,20,7,48,6,16.666698,10.824900,5.007400,26.176500,1,49352,49352
83.245352,1,20,7,48,6,16.666698,2.880500,3.090900,7.258100,1,49352,49352
83.262104,1,20,7,48,6,16.666698,2.843700,4.500100,17.309700,1,49352,49352
83.278646,1,20,7,48,6,16.666901,2.960200,4.092600,16.308201,1,49352,49352
83.295605,1,20,7,48,6,16.666901,2.730600,3.212800,16.282600,1,49352,49352
83.317489,1,20,7,48,6,16.666698,8.319100,3.095800,22.919201,1,49708,49708
83.328611,1,20,7,48,6,16.666702,8.059600,4.299400,16.875500,1,49708,49708
83.345392,1,20,7,48,6,16.666897,2.937200,3.970000,10.122300,1,49708,49708
83.361986,1,20,7,48,6,16.666901,2.399800,3.423400,17.104799,1,49708,49708
83.378643,1,20,7,48,6,16.666800,2.066700,2.914600,16.299101,1,49708,49708
83.395288,1,20,7,48,6,16.666800,2.194800,3.911900,17.029100,1,49708,49708
83.418615,1,20,7,43,1,16.666803,2.821000,4.161600,16.433100,1,52689,52689
83.428820,1,20,6,43,1,16.666698,9.722800,4.303100,24.266800,1,52689,52689
83.445425,1,20,6,43,1,16.666800,2.972000,4.172400,6.160400,1,52689,52689
83.461963,1,20,6,43,1,16.666800,2.846600,3.501900,16.635900,1,52689,52689
83.478699,1,20,6,43,1,16.666800,2.450300,5.125300,16.274500,1,52689,52689
83.495357,1,20,6,43,1,16.666800,2.652700,4.052400,16.965599,1,52689,52689
83.511932,1,20,6,43,1,16.666698,2.690500,2.925800,16.387100,1,52689,52689
83.528626,1,20,6,43,1,16.666698,2.131600,4.550100,17.175501,1,52689,52689
83.545272,1,20,6,43,1,16.666901,2.703100,3.676000,16.129101,1,52689,52689
83.562188,1,20,6,43,1,16.666800,2.231300,2.819600,16.510900,1,52689,52689
83.578892,1,20,6,43,1,16.666800,2.714800,3.941000,17.458200,1,52689,52689
83.595337,1,20,6,43,1,16.666803,2.989400,3.753800,16.917500,1,52689,52689
83.611966,1,20,6,43,1,16.666698,2.817100,3.679900,15.754300,1,52689,52689
83.628821,1,20,6,43,1,16.666698,2.370900,3.992300,16.643000,1,52689,52689
83.645283,1,20,6,43,1,16.666901,2.703300,3.267500,17.002501,1,52689,52689
83.669931,2,20,6,42,0,16.666698,2.322500,4.588100,17.428499,1,53731,53731
83.777055,2,20,6,42,0,115.108200,114.256798,4.588100,17.428499,1,53731,53731
83.793889,2,20,6,42,0,16.666800,4.361400,6.048100,9.525200,1,53731,53731
83.810711,2,20,6,42,0,16.667002,3.877800,4.777700,10.982400,1,53731,53731
83.827082,2,20,6,42,0,16.666698,9.126200,5.888900,22.321199,1,53731,53731
83.843877,2,20,6,42,0,16.666901,3.373600,5.436900,10.488800,1,53731,53731
83.868073,1,21,6,48,4,16.666800,3.499800,4.537900,16.815100,1,28930,28930
84.005700,1,21,12,48,4,137.749191,138.099701,6.325000,152.040405,1,35980,35980
84.014865,1,21,12,48,4,16.667002,10.310200,3.701100,10.433600,1,35980,35980
84.031555,1,21,12,48,4,16.666901,2.059100,4.632700,8.606700,1,35980,35980
84.048363,1,21,12,48,4,16.666698,2.509100,3.995200,16.471100,1,35980,35980
84.064901,1,21,12,48,4,16.666800,3.002400,5.281700,17.845200,1,35980,35980
84.081568,1,21,12,48,4,16.666901,2.748200,3.167200,15.998000,1,35980,35980
84.104160,1,21,12,48,4,16.667002,2.987600,4.992400,16.179199,1,39990,39990
84.115290,1,21,12,48,4,16.666698,8.981700,4.037800,23.291901,1,39990,39990
84.262621,1,21,12,46,4,140.212204,3.194200,0.504000,11.073500,1,42655,42655
84.409649,1,21,12,46,4,148.964600,125.895798,0.458900,147.755997,1,43155,43155
84.420681,1,21,12,46,4,16.666803,130.078903,5.393000,147.755997,1,43155,43155
84.437432,1,21,12,46,4,16.666698,2.732800,5.414300,9.287600,1,43155,43155
84.454094,1,21,12,46,4,16.666800,2.937200,4.842200,13.279300,1,43155,43155
84.471058,1,21,12,46,4,16.666901,2.799500,3.203600,16.700399,1,43155,43155
84.487482,1,21,12,46,4,16.666800,2.763300,6.672800,18.412500,1,43155,43155
84.512667,1,21,12,45,4,16.666800,3.186500,5.648900,14.952500,1,42677,42677
84.520925,1,21,11,45,4,16.666901,13.119700,4.417200,26.739700,1,42677,42677
84.537451,1,21,11,45,4,16.666901,2.978900,4.809500,7.958500,1,42677,42677
84.554078,1,21,11,45,4,16.666800,3.065100,3.837500,15.469600,1,42677,42677
84.570810,1,21,11,45,4,16.666698,2.628800,4.251700,16.434200,1,42677,42677
84.587512,1,21,11,45,4,16.666800,2.413600,5.147500,16.789499,1,42677,42677
84.609590,1,21,11,44,4,16.666901,2.922500,3.475600,16.941000,1,42686,42686
84.620780,1,21,11,44,4,16.666698,8.289700,5.192400,22.561800,1,42686,42686
84.637450,1,21,11,44,4,16.666800,3.163700,5.424200,10.342400,1,42686,42686
84.654278,1,21,11,44,4,16.666901,2.363700,3.452800,16.550900,1,42686,42686
84.670746,1,21,11,44,4,16.666901,2.351500,4.710600,17.216499,1,42686,42686
84.687371,1,21,11,44,4,16.666698,2.549200,5.155100,16.263201,1,42686,42686
84.709069,1,21,11,42,4,16.666698,2.415900,3.730400,16.431101,1,40679,40679
84.720844,1,21,10,42,4,16.666800,7.481800,3.706300,22.278200,1,40679,40679
84.737385,1,21,10,42,4,16.666800,2.291400,3.255700,11.323300,1,40679,40679
84.754103,1,21,10,42,4,16.666702,2.011800,4.327700,16.485399,1,40679,40679
84.770756,1,21,10,42,4,16.666800,2.427500,3.691200,16.628799,1,40679,40679
84.787595,1,21,10,42,4,16.666800,2.095600,4.286600,16.729000,1,40679,40679
84.808334,1,21,10,41,4,16.666698,2.501100,4.123300,17.037399,1,41005,41005
84.820655,1,21,10,41,4,16.666698,7.312400,4.569500,21.007299,1,41005,41005
84.837513,1,21,10,41,4,16.666901,1.754700,3.278800,11.751400,1,41005,41005
84.854075,1,21,10,41,4,16.667002,2.012500,3.700500,16.995399,1,41005,41005
84.870719,1,21,10,41,4,16.666901,2.231800,3.338700,16.519100,1,41005,41005
84.887483,1,21,10,41,4,16.666800,1.927500,4.254200,16.692301,1,41005,41005
84.908879,1,21,10,40,4,16.666800,2.442300,3.997800,16.815100,1,41677,41677
84.920916,1,21,10,40,4,16.666800,8.799200,5.221600,23.006201,1,41677,41677
84.937488,1,21,10,40,4,16.666800,9.629500,4.013000,17.446899,1,41677,41677
84.954056,1,21,10,40,4,16.666698,2.669200,4.293300,9.422800,1,41677,41677
84.970995,1,21,10,40,4,16.666901,2.738700,3.986900,16.611401,1,41677,41677
84.987551,1,21,10,40,4,16.666901,2.513300,4.245300,17.127399,1,41677,41677
85.009045,1,21,10,38,4,16.666698,2.460000,3.338300,16.892900,1,38354,38354
85.020753,1,21,9,38,4,16.666901,7.982500,4.457500,21.558300,1,38354,38354
85.037429,1,21,9,38,4,16.666901,2.655900,4.570600,11.138000,1,38354,38354
85.054327,1,21,9,38,4,16.666800,2.213100,3.665600,16.653299,1,38354,38354
85.070899,1,21,9,38,4,16.666800,3.187200,4.600400,17.883200,1,38354,38354
85.087354,1,21,9,38,4,16.666698,2.886600,4.513400,15.937500,1,38354,38354
85.108537,1,21,9,37,4,16.666901,2.439800,3.230600,16.016399,1,40392,40392
85.120797,1,21,9,37,4,16.666901,7.565900,3.186100,22.496300,1,40392,40392
85.137321,1,21,9,37,4,16.666800,2.165500,3.336100,11.199400,1,40392,40392
85.154169,1,21,9,37,4,16.666800,2.158200,4.887000,16.350300,1,40392,40392
85.170739,1,21,9,37,4,16.666698,2.975500,4.226400,17.274799,1,40392,40392
85.187499,1,21,9,37,4,16.666901,2.581100,2.949100,16.150600,1,40392,40392
85.208575,1,21,9,37,4,16.666901,2.297500,3.526700,17.301500,1,41390,41390
85.220669,1,21,9,37,4,16.666800,7.717500,4.925400,21.368799,1,41390,41390
85.237586,1,21,9,37,4,16.666901,2.398100,3.423300,11.256900,1,41390,41390
85.254239,1,21,9,37,4,16.666800,2.652400,4.292700,17.152000,1,41390,41390
85.270686,1,21,9,37,4,16.666901,2.884700,3.392800,17.041401,1,41390,41390
85.287468,1,21,9,37,4,16.666800,2.350000,4.665600,15.921100,1,41390,41390
85.312519,1,21,9,37,4,16.667002,2.995200,5.274700,16.956400,1,41544,41544
85.320796,1,21,9,37,4,16.667002,12.100100,4.537700,26.087500,1,41544,41544
85.337450,1,21,9,37,4,16.666901,3.172900,5.488400,8.251300,1,41544,41544
85.354069,1,21,9,37,4,16.666698,3.716000,4.758800,15.708100,1,41544,41544
85.370813,1,21,9,37,4,16.666698,2.931900,3.825900,16.343100,1,41544,41544
85.387489,1,21,9,37,4,16.666901,2.583100,3.625800,16.823299,1,41544,41544
85.410086,1,21,9,34,4,16.666800,2.368300,6.261200,17.252300,1,39529,39529
85.420943,1,21,9,34,4,16.670902,10.078600,7.562000,22.865900,1,39529,39529
85.454453,1,21,9,34,4,33.647301,8.129900,7.562000,22.865900,1,39529,39529
85.471727,1,21,9,34,4,17.248102,13.326400,6.008900,17.927200,1,39529,39529
85.490240,1,21,9,34,4,18.497198,4.016600,5.898300,13.996000,1,39529,39529
85.516660,1,21,9,33,4,17.179899,3.542000,6.197100,17.270800,1,37350,37350
85.524208,1,21,9,33,4,16.761002,14.451200,5.498800,17.270800,1,37350,37350
85.541037,1,21,9,33,4,16.679399,3.231600,4.799100,8.456200,1,37350,37350
85.558225,1,21,9,33,4,17.131001,4.200600,5.594500,14.708800,1,37350,37350
85.574623,1,21,9,33,4,16.716000,3.604100,5.792100,17.694700,1,37350,37350
85.591907,1,21,9,33,4,16.788099,3.063600,7.377500,15.940600,1,37350,37350
85.616961,1,21,9,33,4,16.712002,4.817100,7.592100,17.701900,1,36847,36847
85.625546,1,21,9,33,4,16.693800,14.220300,7.592100,17.701900,1,36847,36847
85.642128,1,21,9,33,4,17.081697,4.387300,5.266900,8.412200,1,36847,36847
85.659003,1,21,9,33,4,17.078102,3.270400,6.237100,15.703000,1,36847,36847
85.675814,1,21,9,33,4,16.722500,3.547700,8.072700,15.386600,1,36847,36847
85.692730,1,21,9,33,4,16.801498,4.421900,4.921700,17.023001,1,36847,36847
85.720326,1,21,9,30,4,17.063700,4.590900,7.039000,16.880699,1,36842,36842
85.726411,1,21,7,30,4,16.702801,16.184900,7.039000,16.880699,1,36842,36842
85.743027,1,21,7,30,4,16.736801,6.579100,5.101500,9.356300,1,36842,36842
85.759833,1,21,7,30,4,16.698599,2.837600,4.827400,10.587100,1,36842,36842
85.776873,1,21,7,30,4,16.956501,3.815000,4.981100,16.895000,1,36842,36842
85.793932,1,21,7,30,4,17.198700,3.171900,5.477100,17.043400,1,36842,36842
85.819465,1,21,7,30,4,17.405100,2.977700,6.611700,18.350100,1,36670,36670
85.828379,1,21,7,30,4,17.126999,12.168300,5.470000,25.067499,1,36670,36670
85.845518,1,21,7,30,4,16.993698,2.712500,6.192400,7.759900,1,36670,36670
85.862407,1,21,7,30,4,16.971401,2.966100,5.690000,17.428499,1,36670,36670
85.879890,1,21,7,30,4,17.360199,3.374600,5.588100,16.771099,1,36670,36670
85.896443,1,21,7,30,4,16.690001,3.666000,5.752800,18.125799,1,36670,36670
85.922890,1,21,7,28,4,17.976500,3.207500,4.944800,17.259501,1,37182,37182
85.942702,1,21,7,28,4,28.307098,27.727301,4.944800,17.259501,1,37182,37182
85.959722,1,21,7,28,4,16.935501,3.532300,5.348200,8.824900,1,37182,37182
85.976544,1,21,7,28,4,16.679096,3.731900,5.041500,11.753400,1,37182,37182
85.993571,1,21,7,28,4,17.155703,4.536600,5.731300,18.421801,1,37182,37182
86.010480,1,21,7,28,4,17.021198,3.480900,5.096500,16.114700,1,37182,37182
86.035575,1,21,7,27,4,16.728201,4.896800,5.597200,16.058300,1,37518,37518
86.045151,1,21,7,27,4,17.766199,12.703700,6.366900,27.362301,1,37518,37518
86.063727,1,21,7,27,4,18.590700,4.436800,5.369900,7.908400,1,37518,37518
86.081002,1,21,7,27,4,16.902302,3.763100,5.849900,19.092501,1,37518,37518
86.097262,1,21,7,27,4,16.753099,5.510900,5.990400,16.316401,1,37518,37518
86.114288,1,21,7,27,4,16.992100,2.785000,6.396000,17.259501,1,37518,37518
86.139583,1,21,7,26,4,17.170601,3.342100,6.286200,16.118799,1,36673,36673
86.148923,1,21,7,26,4,16.741499,13.210100,5.598300,26.522600,1,36673,36673
86.165336,1,21,7,26,4,16.745102,4.328400,4.981600,8.360000,1,36673,36673
86.181644,1,21,7,26,4,16.727798,5.513100,5.314000,16.287701,1,36673,36673
86.199451,1,21,7,26,4,17.762701,3.227600,5.655800,16.261101,1,36673,36673
86.216625,1,21,7,26,4,17.279499,3.321400,5.386800,17.821699,1,36673,36673
86.241381,1,21,7,25,4,16.716599,4.048400,5.585800,16.914400,1,35829,35829
86.250646,1,21,7,25,4,17.052299,12.570200,6.868600,16.914400,1,35829,35829
86.267161,1,21,7,25,4,16.715702,4.041400,4.915200,8.367100,1,35829,35829
86.283859,1,21,7,25,4,16.688198,3.462000,5.677800,15.556600,1,35829,35829
86.300517,1,21,7,25,4,16.674303,3.832500,5.595000,15.884300,1,35829,35829
86.317616,1,21,7,25,4,16.957499,4.931800,5.550400,16.256001,1,35829,35829
86.342960,1,21,7,25,4,16.809198,3.501200,8.556300,17.390600,1,35829,35829
86.350925,1,21,7,25,4,16.719099,14.034900,5.191000,17.390600,1,35829,35829
86.367930,1,21,7,25,4,16.900900,4.590700,5.725600,9.827300,1,35829,35829
86.384882,1,21,7,25,4,16.782001,4.214700,5.613800,14.376900,1,35829,35829
86.401451,1,21,7,25,4,16.754299,4.740600,5.588900,16.991301,1,35829,35829
86.418891,1,21,7,25,4,17.434702,3.231400,5.352000,16.800699,1,35829,35829
86.444973,1,21,7,24,4,17.499599,3.642200,5.751300,17.812500,1,35162,35162
86.454378,1,21,6,24,4,18.104198,18.772400,5.751300,17.812500,1,35162,35162
86.472095,1,21,6,24,4,17.627298,2.713400,6.444500,8.181700,1,35162,35162
86.488851,1,21,6,24,4,16.794800,4.181000,5.511800,12.611600,1,35162,35162
86.506409,1,21,6,24,4,17.087500,4.844200,5.534900,16.397301,1,35162,35162
86.523018,1,21,6,24,4,16.803398,3.298000,4.492600,17.680401,1,35162,35162
86.548659,1,21,6,23,4,17.352800,3.791800,5.333800,16.884701,1,34983,34983
86.556972,1,21,6,23,4,16.888599,12.663100,6.185000,16.884701,1,34983,34983
86.574087,1,21,6,23,4,17.072201,2.666400,4.913600,9.519100,1,34983,34983
86.591084,1,21,6,23,4,16.921000,3.197900,5.856200,14.883800,1,34983,34983
86.608070,1,21,6,23,4,16.726603,3.047700,6.718500,17.082399,1,34983,34983
86.624671,1,21,6,23,4,16.927399,3.388600,4.562100,16.882700,1,34983,34983
86.649850,1,21,6,22,4,16.750101,2.754500,6.414900,16.574499,1,35144,35144
86.658227,1,21,5,22,4,16.843100,13.007600,5.137900,26.810301,1,35144,35144
86.675476,1,21,5,22,4,16.864401,2.958800,5.439800,6.752300,1,35144,35144
86.691947,1,21,5,22,4,16.684301,3.158800,6.449600,17.362900,1,35144,35144
86.708681,1,21,5,22,4,16.909298,3.810400,4.542000,17.138700,1,35144,35144
86.725856,1,21,5,22,4,17.020203,3.622700,6.663200,15.995900,1,35144,35144
86.750549,1,21,5,21,4,17.038498,3.633700,6.014700,17.251301,1,34313,34313
86.759545,1,21,5,21,4,16.795601,12.357100,5.515800,25.061399,1,34313,34313
86.776263,1,21,5,21,4,16.675499,3.716900,5.372200,8.717300,1,34313,34313
86.793003,1,21,5,21,4,16.781300,3.386700,5.059500,16.605200,1,34313,34313
86.810945,1,21,5,21,4,17.916199,2.787400,5.731200,16.480301,1,34313,34313
86.827697,1,21,5,21,4,16.763500,2.923300,5.779300,18.088900,1,34313,34313
86.851929,1,21,5,19,4,16.771500,4.179200,4.896900,16.598101,1,33475,33475
86.861161,1,21,5,19,4,16.707603,11.258900,5.939000,25.451500,1,33475,33475
86.878760,1,21,5,19,4,17.506001,3.967100,5.110500,7.985100,1,33475,33475
86.897238,1,21,5,19,4,18.527500,3.206400,5.587800,17.851400,1,33475,33475
86.914263,1,21,5,19,4,17.063499,3.646100,5.984600,18.807800,1,33475,33475
86.931270,1,21,5,19,4,16.754501,2.921100,5.714400,16.517099,1,33475,33475
86.957401,1,21,5,19,4,16.785599,4.925700,5.252500,17.212500,1,33802,33802
86.969297,1,21,5,19,4,21.535198,21.650200,5.252500,17.212500,1,33802,33802
86.986482,1,21,5,19,4,16.945801,3.236800,5.510700,7.608300,1,33802,33802
87.003463,1,21,5,19,4,17.134398,5.829900,6.199300,12.370000,1,33802,33802
87.021024,1,21,5,19,4,16.684402,3.360000,5.509600,17.428400,1,33802,33802
87.037668,1,21,5,19,4,17.494600,3.936700,5.488000,17.238100,1,33802,33802
87.063353,1,21,5,18,4,16.728901,3.140800,5.844600,17.374201,1,34465,34465
87.071297,1,21,5,18,4,16.993500,13.602100,5.080200,26.133499,1,34465,34465
87.088859,1,21,5,18,4,17.479397,3.361600,4.806300,7.126000,1,34465,34465
87.105607,1,21,5,18,4,16.680901,3.235100,5.555700,17.345501,1,34465,34465
87.122527,1,21,5,18,4,16.855202,3.544900,5.003800,16.749599,1,34465,34465
87.140807,1,21,5,18,4,18.380497,2.995300,6.193900,18.224100,1,34465,34465
87.167610,1,21,5,18,4,18.219601,3.709700,4.979600,17.415199,1,34798,34798
87.175655,1,21,5,18,4,16.687199,13.406600,5.681700,17.415199,1,34798,34798
87.192421,1,21,5,18,4,16.735800,3.042100,6.712600,9.181200,1,34798,34798
87.209397,1,21,5,18,4,16.938902,4.946300,5.663900,15.022100,1,34798,34798
87.226473,1,21,5,18,4,16.987101,3.332200,4.867100,16.813000,1,34798,34798
87.243012,1,21,5,18,4,16.683199,3.623300,5.234000,17.698900,1,34798,34798
87.270214,1,21,5,18,4,17.295900,3.731100,5.377200,16.453600,1,34301,34301
87.277021,1,21,5,18,4,16.676601,15.421300,5.051500,16.453600,1,34301,34301
87.294102,1,21,5,18,4,16.746897,2.848700,5.132400,8.026100,1,34301,34301
87.310425,1,21,5,18,4,16.679302,4.684000,5.646300,15.279100,1,34301,34301
87.327611,1,21,5,18,4,17.247599,3.145200,6.806200,16.337900,1,34301,34301
87.344574,1,21,5,18,4,16.869600,3.055000,5.627400,16.986099,1,34301,34301
87.368697,1,21,5,15,3,16.789499,4.708500,4.992600,16.908300,1,34460,34460
87.378438,1,21,4,15,3,16.985100,13.504900,6.078500,24.537100,1,34460,34460
87.395057,1,21,4,15,3,16.672298,2.937900,5.543600,9.405500,1,34460,34460
87.411859,1,21,4,15,3,16.766001,3.121300,6.039000,16.618500,1,34460,34460
87.428831,1,21,4,15,3,16.718000,3.281300,5.626100,16.836599,1,34460,34460
87.445171,1,21,4,15,3,16.713202,6.131800,5.515600,16.817101,1,34460,34460
87.472099,1,21,4,15,3,17.313198,2.864000,6.292500,17.286200,1,33113,33113
87.482837,1,21,4,15,3,20.438000,18.982901,6.292500,17.286200,1,33113,33113
87.500791,1,21,4,15,3,16.827200,4.818400,5.782000,10.516500,1,33113,33113
87.516516,1,21,4,15,3,16.756203,4.149500,5.762300,12.637200,1,33113,33113
87.533256,1,21,4,15,3,16.702898,3.569400,7.046100,16.689100,1,33113,33113
87.550437,1,21,4,15,3,17.274101,4.406600,5.861900,15.377400,1,33113,33113
87.575040,1,21,4,15,3,16.752998,5.417400,4.787500,17.265699,1,32280,32280
87.583910,1,21,4,15,3,16.689199,11.814700,4.897500,24.736799,1,32280,32280
87.601827,1,21,4,15,3,17.487600,3.310500,6.503700,9.041900,1,32280,32280
87.618224,1,21,4,15,3,16.839899,3.753900,5.392600,17.723400,1,32280,32280
87.635699,1,21,4,15,3,17.393600,3.126800,5.823500,16.008200,1,32280,32280
87.652545,1,21,4,15,3,16.921900,3.031500,6.539700,17.654699,1,32280,32280
87.676873,1,21,4,15,3,16.735800,3.002000,5.674900,16.882700,1,32621,32621
87.686224,1,21,4,15,3,16.926102,10.905700,4.762500,24.737801,1,32621,32621
87.703068,1,21,4,15,3,16.851101,3.103500,4.318300,9.093100,1,32621,32621
87.720211,1,21,4,15,3,17.092197,3.344600,5.582800,16.543800,1,32621,32621
87.737066,1,21,4,15,3,16.916302,5.495200,4.785300,17.123301,1,32621,32621
87.753862,1,21,4,15,3,16.688299,3.280600,4.741600,17.229799,1,32621,32621
87.778453,1,21,4,15,3,17.198801,3.201700,5.568600,17.951799,1,32782,32782
87.788617,1,21,4,15,3,17.704901,10.958900,5.382500,24.120300,1,32782,32782
87.805366,1,21,4,15,3,16.721600,2.887400,5.208300,8.889300,1,32782,32782
87.822268,1,21,4,15,3,16.915701,2.848600,5.584600,16.934999,1,32782,32782
87.839351,1,21,4,15,3,17.053097,2.687700,5.028100,17.020901,1,32782,32782
87.856286,1,21,4,15,3,16.864401,2.776700,6.158700,17.721300,1,32782,32782
87.873243,1,21,4,15,3,17.084900,3.119500,5.715500,16.300100,1,32782,32782
87.890793,1,21,4,15,3,17.533400,2.999000,4.644300,16.839600,1,32782,32782
87.907557,1,21,4,15,3,16.777903,3.576200,5.048700,17.487900,1,32782,32782
87.924593,1,21,4,15,3,16.715899,3.573800,5.115800,16.953400,1,32782,32782
87.941603,1,21,4,15,3,17.274101,2.988700,4.205400,16.868299,1,32782,32782
87.958364,1,21,4,15,3,16.669899,2.857200,5.878100,17.211399,1,32782,32782
87.975309,1,21,4,15,3,16.980801,3.843400,6.166900,16.611300,1,32782,32782
87.991988,1,21,4,15,3,16.784500,11.459000,4.689500,23.702600,1,32782,32782
88.009269,1,21,4,15,3,17.149500,4.048900,5.957700,10.558400,1,32782,32782
88.040257,2,21,4,15,0,17.424700,3.214000,4.900400,16.727100,1,32060,32060
88.236858,2,21,4,15,0,210.362000,209.231003,4.900400,16.727100,1,32060,32060
88.267392,1,22,4,48,4,17.257002,4.205800,6.237000,9.842700,1,27874,27874
88.478536,1,22,12,48,4,202.988800,202.442703,9.288000,210.780197,1,40885,40885
88.498055,1,22,12,48,4,40.770000,39.686798,9.288000,210.780197,1,40885,40885
88.514954,1,22,12,48,4,16.668297,4.741300,8.167500,40.203300,1,40885,40885
88.532204,1,22,12,48,4,16.953800,3.505600,8.809800,10.806300,1,40885,40885
88.551065,1,22,12,48,4,16.698002,6.899700,6.673800,10.975200,1,40885,40885
88.575276,1,22,12,48,4,16.679399,10.309600,7.277400,18.615299,1,40773,40773
88.835013,1,22,12,45,4,256.401001,19.954700,0.787600,25.948200,1,42276,42276
88.841715,1,22,12,45,4,20.267103,219.578400,0.787600,25.948200,1,42276,42276
88.858575,1,22,12,45,4,16.714499,4.817300,7.912500,11.747300,1,42276,42276
88.875216,1,22,12,45,4,16.672499,3.742600,6.861500,9.910300,1,42276,42276
88.892149,1,22,12,45,4,16.696602,3.639600,8.351800,17.616899,1,42276,42276
88.908658,1,22,12,45,4,16.713198,5.125700,7.484200,16.191500,1,42276,42276
88.936423,1,22,12,44,4,16.824301,6.119400,6.691700,16.619499,1,41789,41789
88.942162,1,22,11,44,4,16.835999,16.922701,6.691700,16.619499,1,41789,41789
88.959855,1,22,11,44,4,16.761002,3.692700,7.478500,9.841600,1,41789,41789
88.982701,1,22,11,44,4,23.624998,4.880100,7.100300,12.696600,1,41789,41789
88.999839,1,22,11,44,4,17.228502,18.096901,7.100300,12.696600,1,41789,41789
89.018229,1,22,11,44,4,18.085499,4.711200,7.754500,10.676200,1,41789,41789
89.047012,1,22,11,43,4,17.253000,8.555100,8.215500,13.462500,1,38631,38631
89.054645,1,22,11,43,4,18.603298,17.417500,8.215500,13.462500,1,38631,38631
89.072537,1,22,11,43,4,18.262503,6.895300,9.372500,29.642799,1,38631,38631
89.088865,1,22,11,43,4,16.690001,6.295200,5.931900,8.202300,1,38631,38631
89.105447,1,22,11,43,4,16.767700,3.668700,6.787400,13.556700,1,38631,38631
89.122613,1,22,11,43,4,16.906698,3.195500,7.740000,16.442400,1,38631,38631
89.151784,1,22,11,42,4,16.748701,5.977800,7.728400,17.732599,1,39457,39457
89.156927,1,22,11,42,4,17.908401,20.059700,7.728400,17.732599,1,39457,39457
89.174913,1,22,11,42,4,17.488901,3.934400,7.536400,10.127400,1,39457,39457
89.191774,1,22,11,42,4,17.030697,3.426800,6.931300,11.834300,1,39457,39457
89.209182,1,22,11,42,4,17.658703,3.470900,7.413200,16.956499,1,39457,39457
89.226343,1,22,11,42,4,16.780798,3.772200,6.056700,24.989700,1,39457,39457
89.256472,1,22,11,38,4,16.861799,9.090200,7.663900,9.880500,1,39946,39946
89.264878,1,22,11,38,4,21.620300,23.453400,7.663900,9.880500,1,39946,39946
89.282615,1,22,11,38,4,16.677700,4.705200,7.785600,11.395100,1,39946,39946
89.298292,1,22,11,38,4,16.685602,8.089300,7.847800,12.624900,1,39946,39946
89.314781,1,22,11,38,4,16.671799,4.521000,8.483200,13.676500,1,39946,39946
89.331303,1,22,11,38,4,16.666800,5.807300,7.797800,16.726999,1,39946,39946
89.361780,1,22,11,38,4,16.701500,4.148100,6.163800,16.536600,1,37950,37950
89.366655,1,22,11,38,4,18.852800,19.360300,6.163800,16.536600,1,37950,37950
89.383638,1,22,11,38,4,16.795401,3.399800,9.298600,11.443200,1,37950,37950
89.402325,1,22,11,38,4,18.623899,5.102600,7.296300,9.116700,1,37950,37950
89.419059,1,22,11,38,4,16.761898,4.750300,8.381700,19.291201,1,37950,37950
89.435785,1,22,11,38,4,16.729399,5.201200,7.300800,16.040899,1,37950,37950
89.466626,1,22,11,37,4,17.319601,4.681800,8.283100,16.803900,1,38630,38630
89.471697,1,22,11,37,4,18.836699,18.212299,8.283100,16.803900,1,38630,38630
89.489207,1,22,11,37,4,16.920202,3.888800,7.005400,11.991000,1,38630,38630
89.505475,1,22,11,37,4,16.684099,11.625100,7.830800,11.991000,1,38630,38630
89.522223,1,22,11,37,4,16.784500,3.616200,6.267600,12.140600,1,38630,38630
89.540123,1,22,11,37,4,17.510399,3.543700,6.262500,13.743100,1,38630,38630
89.566817,1,22,11,36,4,16.955000,5.941900,6.363900,18.418600,1,39981,39981
89.576832,1,22,11,36,4,20.257200,19.119600,6.363900,18.418600,1,39981,39981
89.593734,1,22,11,36,4,16.667799,5.772400,6.697500,10.591300,1,39981,39981
89.610878,1,22,11,36,4,16.719501,3.612100,7.878000,12.145600,1,39981,39981
89.627179,1,22,11,36,4,16.731699,4.667800,7.397200,17.690701,1,39981,39981
89.643992,1,22,11,36,4,16.826504,3.794800,6.910000,15.661000,1,39981,39981
89.670093,1,22,11,36,4,16.761099,6.279800,8.387000,16.924700,1,40314,40314
89.681439,1,22,11,36,4,20.775299,16.511400,8.387000,16.924700,1,40314,40314
89.698120,1,22,11,36,4,16.729399,7.994800,7.124200,13.943800,1,40314,40314
89.715653,1,22,11,36,4,16.778700,5.421100,8.103500,10.537000,1,40314,40314
89.731860,1,22,11,36,4,16.675800,6.806900,6.937000,17.990601,1,40314,40314
89.748595,1,22,11,36,4,16.669102,4.257900,6.570900,17.990601,1,40314,40314
89.776850,1,22,11,36,4,16.667799,4.498800,8.372700,23.185499,1,38327,38327
89.785295,1,22,11,36,4,20.474400,17.066500,8.372700,23.185499,1,38327,38327
89.802141,1,22,11,36,4,16.802103,4.216800,6.964400,10.858500,1,38327,38327
89.819111,1,22,11,36,4,16.785500,3.800100,5.928200,9.850900,1,38327,38327
89.835935,1,22,11,36,4,16.695801,4.526900,7.694500,17.833000,1,38327,38327
89.852452,1,22,11,36,4,16.705799,4.032700,6.659200,17.255400,1,38327,38327
89.880513,1,22,11,35,4,16.792000,3.901100,6.690100,15.560700,1,37981,37981
89.886139,1,22,11,35,4,16.737700,15.905700,6.690100,15.560700,1,37981,37981
89.902782,1,22,11,35,4,16.686600,4.409800,7.644300,10.196000,1,37981,37981
89.919464,1,22,11,35,4,16.817902,4.452800,12.396200,12.049400,1,37981,37981
89.936869,1,22,11,35,4,17.239899,4.485900,7.467900,16.766001,1,37981,37981
89.953626,1,22,11,35,4,16.870100,3.852300,6.076200,16.653299,1,37981,37981
89.985046,1,22,11,34,4,16.743700,4.372800,7.423300,16.707600,1,37470,37470
89.999058,1,22,10,34,4,28.024200,25.496401,7.423300,16.707600,1,37470,37470
90.014941,1,22,10,34,4,16.679001,15.974200,6.915300,36.564999,1,37470,37470
90.031688,1,22,10,34,4,16.749800,3.607600,5.632200,16.055300,1,37470,37470
90.050454,1,22,10,34,4,18.693499,16.614000,6.537500,25.532400,1,37470,37470
90.067343,1,22,10,34,4,16.908400,15.354200,9.002100,5.680100,1,37470,37470
90.093884,1,22,10,32,4,16.707800,6.463200,6.257100,17.006599,1,36966,36966
90.319126,1,22,10,29,4,222.531494,213.574493,8.919700,232.383499,1,36957,36957
90.332681,1,22,10,29,4,25.751301,21.711000,8.919700,232.383499,1,36957,36957
90.349406,1,22,10,29,4,16.751301,8.547800,5.162800,11.895800,1,36957,36957
90.366567,1,22,10,29,4,17.397999,6.974500,7.121100,14.497800,1,36957,36957
90.383368,1,22,10,29,4,16.721201,6.360100,6.658500,15.705100,1,36957,36957
90.400456,1,22,10,29,4,16.827497,6.230400,7.239300,16.993299,1,36957,36957
90.430742,1,22,10,28,4,17.575800,4.143100,11.895200,17.090500,1,36786,36786
90.438482,1,22,10,28,4,20.977798,19.898600,11.895200,17.090500,1,36786,36786
90.456514,1,22,10,28,4,17.842602,4.382200,6.642600,11.577400,1,36786,36786
90.482917,1,22,10,28,4,26.505299,3.816500,6.908700,10.736600,1,36786,36786
90.499560,1,22,10,28,4,16.669399,4.254300,5.906700,26.594299,1,36786,36786
90.526641,1,22,10,27,4,18.492601,17.856400,8.938100,28.303400,1,35783,35783
90.536107,1,22,10,27,4,18.221598,16.362499,8.938100,28.303400,1,35783,35783
90.552936,1,22,10,27,4,16.671799,6.646000,6.449500,19.542000,1,35783,35783
90.571244,1,22,10,27,4,16.794701,13.523200,6.765400,8.869900,1,35783,35783
90.588543,1,22,10,27,4,17.039303,4.793000,6.933400,16.489500,1,35783,35783
90.603561,1,22,10,27,4,16.706900,5.316400,6.618600,16.205799,1,35783,35783
90.634849,1,22,10,26,4,16.681898,3.976600,7.765600,16.084000,1,34597,34597
90.645088,1,22,9,26,4,25.006603,23.660900,7.765600,16.084000,1,34597,34597
90.662270,1,22,9,26,4,16.685900,6.057400,6.615600,12.421100,1,34597,34597
90.678990,1,22,9,26,4,16.981699,5.944100,6.607200,10.814500,1,34597,34597
90.695870,1,22,9,26,4,16.685900,4.021100,6.620900,16.986099,1,34597,34597
90.713950,1,22,9,26,4,17.520603,4.121500,6.128700,18.109400,1,34597,34597
90.741873,1,22,9,24,4,16.810499,6.529600,6.865600,19.823601,1,33931,33931
90.749232,1,22,7,24,4,19.417498,17.780199,6.865600,19.823601,1,33931,33931
90.765987,1,22,7,24,4,16.697203,5.705700,7.091900,12.597200,1,33931,33931
90.782817,1,22,7,24,4,16.806200,3.893400,5.924400,9.521200,1,33931,33931
90.799955,1,22,7,24,4,16.689398,4.018200,7.151600,17.960899,1,33931,33931
90.816350,1,22,7,24,4,16.828001,5.501400,6.358600,16.163900,1,33931,33931
90.842375,1,22,7,24,4,16.672600,3.312500,5.893600,16.739300,1,33589,33589
90.849801,1,22,7,24,4,16.697399,13.741600,5.893600,16.739300,1,33589,33589
90.867056,1,22,7,24,4,16.791500,3.718100,12.542000,9.689100,1,33589,33589
90.883204,1,22,7,24,4,16.735199,4.119200,6.381600,13.175800,1,33589,33589
90.899852,1,22,7,24,4,16.674002,4.124500,5.628800,16.129101,1,33589,33589
90.916732,1,22,7,24,4,16.793001,4.574900,6.346900,16.405500,1,33589,33589
90.944271,1,22,7,23,4,18.692799,5.012100,6.311100,17.561600,1,34257,34257
90.954701,1,22,7,23,4,19.410501,16.393101,6.311100,17.561600,1,34257,34257
90.971715,1,22,7,23,4,16.995899,6.380400,5.883000,31.781900,1,34257,34257
91.002718,1,22,7,23,4,30.637796,17.016899,5.070400,4.048900,1,34257,34257
91.029392,1,22,7,23,4,26.785601,13.068100,5.070400,4.048900,1,34257,34257
91.055717,1,22,7,21,4,17.002899,17.232201,5.414700,19.910601,1,33912,33912
91.062956,1,22,7,21,4,16.768002,25.392500,5.414700,19.910601,1,33912,33912
91.079693,1,22,7,21,4,16.693100,3.479400,6.967500,10.840100,1,33912,33912
91.096476,1,22,7,21,4,16.730902,3.040300,6.010100,11.682800,1,33912,33912
91.113343,1,22,7,21,4,16.867298,3.803000,6.807500,17.028099,1,33912,33912
91.130069,1,22,7,21,4,16.666698,3.687900,9.549900,17.358900,1,33912,33912
91.157533,1,22,7,19,4,17.105803,5.102300,8.684200,16.298000,1,33249,33249
91.163700,1,22,6,19,4,16.670399,15.932200,8.684200,16.298000,1,33249,33249
91.180435,1,22,6,19,4,16.666800,3.555300,6.529100,10.356800,1,33249,33249
91.197072,1,22,6,19,4,16.666698,3.810100,7.605100,11.245500,1,33249,33249
91.213742,1,22,6,19,4,16.666800,4.929700,5.311800,16.416800,1,33249,33249
91.230437,1,22,6,19,4,16.675503,4.257000,6.231900,16.762899,1,33249,33249
91.254385,1,22,6,18,3,16.666698,3.152600,5.277300,16.495600,1,33761,33761
91.263646,1,22,6,18,3,16.667803,12.042900,5.759000,25.700399,1,33761,33761
91.280404,1,22,6,18,3,16.666998,3.257400,6.034500,9.594800,1,33761,33761
91.297046,1,22,6,18,3,16.667002,3.370300,5.262900,14.550100,1,33761,33761
91.313613,1,22,6,18,3,16.666901,2.835600,5.874800,16.954300,1,33761,33761
91.330468,1,22,6,18,3,16.666698,2.796300,5.224100,16.248899,1,33761,33761
91.357059,1,22,6,18,3,16.667002,3.868400,5.276100,17.761200,1,33923,33923
91.363649,1,22,6,18,3,16.666800,14.378300,5.276100,17.761200,1,33923,33923
91.380421,1,22,6,18,3,16.667702,3.426500,5.282500,8.495100,1,33923,33923
91.397043,1,22,6,18,3,16.666800,2.995900,6.063300,13.419500,1,33923,33923
91.413663,1,22,6,18,3,16.666698,3.764700,5.662000,16.942101,1,33923,33923
91.430407,1,22,6,18,3,16.666800,3.916300,5.868600,16.259100,1,33923,33923
91.451464,1,22,6,17,3,16.666698,2.999800,4.687200,17.114100,1,33246,33246
91.463867,1,22,5,17,3,16.667002,7.742100,4.295400,20.827101,1,33246,33246
91.480354,1,22,5,17,3,16.667002,2.873100,5.325400,12.336200,1,33246,33246
91.497111,1,22,5,17,3,16.673498,3.427800,4.817700,16.250900,1,33246,33246
91.520402,1,22,5,17,3,23.424503,3.371400,5.034000,16.873400,1,33246,33246
91.537213,1,22,5,17,3,16.676899,9.985400,5.997100,31.130699,1,33246,33246
91.562321,1,22,5,16,3,17.004099,3.220900,6.284600,8.740800,1,32737,32737
91.575694,1,22,5,16,3,21.586500,13.660900,6.284600,8.740800,1,32737,32737
91.592504,1,22,5,16,3,16.710703,3.352600,6.442500,9.065500,1,32737,32737
91.609182,1,22,5,16,3,16.676699,3.034500,5.202400,11.032600,1,32737,32737
91.625899,1,22,5,16,3,16.671299,4.106800,6.440600,16.900101,1,32737,32737
91.643354,1,22,5,16,3,16.716402,3.616900,5.379400,16.315399,1,32737,32737
91.667703,1,22,5,16,3,17.033100,4.077700,5.074100,17.388500,1,32574,32574
91.676320,1,22,5,16,3,16.779900,12.132900,6.188200,24.927200,1,32574,32574
91.693100,1,22,5,16,3,16.792099,3.055500,5.298300,22.946899,1,32574,32574
91.710132,1,22,5,16,3,16.733200,15.653200,5.572700,5.464000,1,32574,32574
91.726849,1,22,5,16,3,17.059099,3.588900,6.587100,13.763600,1,32574,32574
91.743808,1,22,5,16,3,16.964701,3.030800,4.917500,16.549900,1,32574,32574
91.768687,1,22,5,15,3,16.896299,3.525800,5.662700,16.968700,1,33243,33243
91.777900,1,22,5,15,3,16.746201,13.413700,5.693500,25.946100,1,33243,33243
91.794403,1,22,5,15,3,16.708899,3.630100,5.104200,8.825900,1,33243,33243
91.811361,1,22,5,15,3,17.216299,3.235400,5.172400,15.693800,1,33243,33243
91.828172,1,22,5,15,3,16.694502,2.920200,5.992300,16.822300,1,33243,33243
91.844908,1,22,5,15,3,16.768202,3.258400,5.589000,17.027000,1,33243,33243
91.870079,1,22,5,14,2,16.752501,4.065200,5.221500,16.555000,1,33400,33400
91.878887,1,22,4,14,2,16.752899,12.554200,5.995600,25.983999,1,33400,33400
91.895117,1,22,4,14,2,16.699001,4.765100,5.973400,8.223800,1,33400,33400
91.911825,1,22,4,14,2,16.720400,3.027900,4.897600,15.801300,1,33400,33400
91.929162,1,22,4,14,2,16.941101,3.605200,6.144400,17.821699,1,33400,33400
91.945525,1,22,4,14,2,16.768097,3.489500,5.457900,16.333799,1,33400,33400
91.971953,1,22,4,13,1,16.903502,3.578200,4.802700,16.458799,1,33563,33563
91.979256,1,22,4,13,1,16.797800,12.823000,5.556300,27.596800,1,33563,33563
91.996086,1,22,4,13,1,16.703300,3.450300,4.907300,6.160400,1,33563,33563
92.012672,1,22,4,13,1,16.673800,3.670000,5.903200,16.680901,1,33563,33563
92.029600,1,22,4,13,1,16.735901,3.765300,5.717100,17.085501,1,33563,33563
92.046040,1,22,4,13,1,16.746201,12.411300,5.267600,25.134100,1,33563,33563
92.072190,1,22,4,13,1,17.099298,3.073100,6.372500,8.670200,1,33732,33732
92.079954,1,22,4,13,1,16.807600,12.764500,5.646000,8.670200,1,33732,33732
92.097597,1,22,4,13,1,17.557503,3.360900,4.941200,8.720400,1,33732,33732
92.114420,1,22,4,13,1,16.732599,3.016700,5.863600,16.285700,1,33732,33732
92.131121,1,22,4,13,1,16.718399,3.238400,5.499200,16.474100,1,33732,33732
92.147725,1,22,4,13,1,16.680601,4.453800,6.038200,16.927700,1,33732,33732
92.174176,1,22,4,13,1,16.696098,3.902900,5.518000,16.310301,1,33731,33731
92.181360,1,22,4,13,1,16.939901,13.203000,5.026800,26.769400,1,33731,33731
92.198117,1,22,4,13,1,16.854897,4.277000,6.349600,7.785500,1,33731,33731
92.214853,1,22,4,13,1,16.681801,4.929100,7.967800,15.792100,1,33731,33731
92.231865,1,22,4,13,1,16.902000,3.420800,5.179100,16.671801,1,33731,33731
92.248764,1,22,4,13,1,16.699299,3.109400,6.094800,17.386499,1,33731,33731
92.265359,1,22,4,13,1,16.836502,3.511900,5.901600,16.827299,1,33731,33731
92.281986,1,22,4,13,1,16.711399,3.574500,7.173700,16.516100,1,33731,33731
92.298718,1,22,4,13,1,16.699299,3.949800,6.700700,16.490499,1,33731,33731
92.315963,1,22,4,13,1,17.236803,3.102800,5.554800,16.730101,1,33731,33731
92.332716,1,22,4,13,1,16.764097,3.198300,5.667800,18.025499,1,33731,33731
92.349520,1,22,4,13,1,16.795002,4.064100,6.827200,17.075199,1,33731,33731
92.366510,1,22,4,13,1,16.937099,3.351900,5.425700,16.344101,1,33731,33731
92.383619,1,22,4,13,1,16.680401,3.408000,5.124100,16.298000,1,33731,33731
92.399741,1,22,4,13,1,16.690098,3.803500,5.375300,17.211399,1,33731,33731
92.427759,2,22,4,13,0,17.491802,3.168900,6.505100,16.490499,1,33398,33398
92.624809,2,22,4,13,0,207.572403,209.396698,6.505100,16.490499,1,33398,33398
92.641700,2,22,4,13,0,16.833399,9.890800,7.425900,11.145200,1,33398,33398
92.661324,2,22,4,13,0,16.851198,4.320800,5.607200,12.715000,1,33398,33398
92.677461,0,23,4,0,0,17.018002,7.947400,5.959400,17.633301,1,7091,7091
92.879323,0,23,6,0,0,203.170807,204.157501,5.959400,17.633301,1,7091,7091
92.895441,0,23,6,0,0,16.809103,3.458300,6.392300,9.705500,1,7091,7091
92.912208,0,23,6,0,0,16.738098,3.258600,5.735500,10.587100,1,7091,7091
92.930732,0,23,6,0,0,16.680601,2.741700,5.722100,16.063499,1,7091,7091
92.947452,0,23,6,0,0,17.603800,4.630400,4.750100,18.591700,1,7091,7091
92.963278,0,23,6,0,0,16.680599,6.104100,4.968800,17.402901,1,7091,7091
92.982415,0,23,6,0,0,19.285902,4.927100,4.085300,15.135700,1,7091,7091
93.196778,1,23,6,36,3,204.942200,3.491000,0.558600,19.162201,1,24555,24555
93.428282,1,23,12,36,3,232.055908,406.418488,9.292200,205.548492,1,28642,28642
93.436350,1,23,12,36,3,16.826399,14.368800,9.292200,205.548492,1,28642,28642
93.453201,1,23,12,36,3,16.810600,4.889200,6.464500,10.196000,1,28642,28642
93.470575,1,23,12,36,3,16.863604,4.059700,7.363100,13.368300,1,28642,28642
93.487120,1,23,12,36,3,17.040897,3.525600,5.940200,16.174101,1,28642,28642
93.504240,1,23,12,36,3,17.014702,3.095200,5.064600,16.741400,1,28642,28642
93.718076,1,23,12,33,3,203.039703,3.133500,0.632000,17.193899,1,31914,31914
93.730093,1,23,11,33,3,23.069899,195.943893,0.632000,17.193899,1,31914,31914
93.746872,1,23,11,33,3,16.698700,2.979000,6.824700,11.390000,1,31914,31914
93.763777,1,23,11,33,3,16.851101,3.020100,5.967600,9.336800,1,31914,31914
93.780395,1,23,11,33,3,16.694300,3.353000,5.988600,15.857700,1,31914,31914
93.797547,1,23,11,33,3,16.677197,2.695900,6.424100,16.585699,1,31914,31914
93.820627,1,23,11,32,3,16.777802,3.668600,5.330400,17.175600,1,30931,30931
93.831678,1,23,11,32,3,17.818001,10.820700,6.387600,24.438801,1,30931,30931
93.848675,1,23,11,32,3,16.902498,3.043900,5.541000,9.966600,1,30931,30931
93.865604,1,23,11,32,3,17.030600,3.563100,5.003500,16.838600,1,30931,30931
93.882507,1,23,11,32,3,16.718399,3.096000,5.518100,18.096100,1,30931,30931
93.899574,1,23,11,32,3,17.073799,2.995800,5.471400,15.855700,1,30931,30931
93.924757,1,23,11,31,3,16.748201,3.116500,4.938900,16.932800,1,29615,29615
93.933348,1,23,11,31,3,16.795401,12.824300,6.516900,16.932800,1,29615,29615
93.950053,1,23,11,31,3,16.955099,3.750800,6.168800,7.963700,1,29615,29615
93.966961,1,23,11,31,3,16.839798,4.998200,6.036100,16.110600,1,29615,29615
93.983877,1,23,11,31,3,17.045002,3.545000,5.130200,17.074200,1,29615,29615
94.000552,1,23,11,31,3,16.738798,3.413000,5.958200,17.367001,1,29615,29615
94.025361,1,23,11,30,3,17.025999,4.963500,5.459400,15.955000,1,30765,30765
94.035566,1,23,11,30,3,17.963402,13.156700,6.672900,15.955000,1,30765,30765
94.053086,1,23,11,30,3,17.389896,3.524800,4.991900,10.194000,1,30765,30765
94.070175,1,23,11,30,3,17.009403,3.825400,6.017800,15.078400,1,30765,30765
94.087353,1,23,11,30,3,17.026897,4.036300,7.684500,17.783800,1,30765,30765
94.103667,1,23,11,30,3,16.674101,3.844100,5.276100,17.138700,1,30765,30765
94.127846,1,23,11,29,3,17.090899,3.529000,5.272000,15.698900,1,31090,31090
94.137967,1,23,10,29,3,16.926601,11.587200,6.874200,15.698900,1,31090,31090
94.154490,1,23,10,29,3,16.715401,5.128900,5.820400,9.113600,1,31090,31090
94.171895,1,23,10,29,3,17.392597,3.667900,6.271000,16.856100,1,31090,31090
94.188564,1,23,10,29,3,16.777802,4.666800,7.844200,17.461201,1,31090,31090
94.205387,1,23,10,29,3,16.829800,4.162400,6.498100,16.251900,1,31090,31090
94.229355,1,23,10,28,3,17.090899,3.472700,6.179300,16.719900,1,30593,30593
94.241198,1,23,10,28,3,16.863201,16.552500,6.179300,16.719900,1,30593,30593
94.256029,1,23,10,28,3,16.667002,6.248500,12.927100,30.440500,1,30593,30593
94.272975,1,23,10,28,3,16.760599,8.258600,6.212700,7.716800,1,30593,30593
94.293827,1,23,10,28,3,16.759600,4.798400,5.883900,13.112400,1,30593,30593
94.306651,1,23,10,28,3,16.675699,9.725300,8.320700,23.600100,1,30593,30593
94.334528,1,23,10,26,3,16.700701,5.484700,6.358600,11.295800,1,29596,29596
94.341466,1,23,9,26,3,18.547602,18.396299,6.358600,11.295800,1,29596,29596
94.358382,1,23,9,26,3,16.780298,4.748500,5.949500,11.460600,1,29596,29596
94.375377,1,23,9,26,3,16.682199,5.527300,7.742200,10.008600,1,29596,29596
94.398615,1,23,9,26,3,16.759501,6.072300,7.796000,16.927700,1,29596,29596
94.412547,1,23,9,26,3,17.052799,10.971600,7.127100,23.627800,1,29596,29596
94.437526,1,23,9,25,3,16.821701,12.130300,7.007600,14.218200,1,29928,29928
94.444741,1,23,9,25,3,19.216600,21.606001,7.007600,14.218200,1,29928,29928
94.461902,1,23,9,25,3,16.697798,3.913900,6.759000,10.364900,1,29928,29928
94.478604,1,23,9,25,3,17.016903,4.417300,7.312100,9.351200,1,29928,29928
94.496389,1,23,9,25,3,16.979401,6.254400,7.303300,16.666599,1,29928,29928
94.512339,1,23,9,25,3,16.674797,5.335200,6.477200,18.122801,1,29928,29928
94.539031,1,23,9,25,3,16.808201,4.535300,6.368900,17.062901,1,30103,30103
94.546262,1,23,9,25,3,17.378201,15.478500,6.368900,17.062901,1,30103,30103
94.563208,1,23,9,25,3,16.689501,5.574400,5.550600,10.612800,1,30103,30103
94.581284,1,23,9,25,3,17.070099,4.493700,6.926700,12.181500,1,30103,30103
94.597180,1,23,9,25,3,16.694099,5.078700,6.978100,17.913799,1,30103,30103
94.613593,1,23,9,25,3,16.769600,5.648500,7.351800,16.895000,1,30103,30103
94.638772,1,23,9,24,3,16.755600,3.754800,7.318200,15.958000,1,30114,30114
94.647456,1,23,9,24,3,16.668201,16.130800,7.318200,15.958000,1,30114,30114
94.664352,1,23,9,24,3,16.797104,4.731300,7.425200,9.755600,1,30114,30114
94.680477,1,23,9,24,3,16.672798,5.714900,7.065100,13.993000,1,30114,30114
94.697236,1,23,9,24,3,16.682800,4.094800,9.035000,15.511500,1,30114,30114
94.715147,1,23,9,24,3,16.720999,4.533000,6.724800,16.597000,1,30114,30114
94.741852,1,23,9,24,3,16.702902,5.999600,7.586700,17.652800,1,29601,29601
94.753336,1,23,9,24,3,22.798500,25.664900,7.586700,17.652800,1,29601,29601
94.770266,1,23,9,24,3,16.781799,3.508300,7.289800,11.630600,1,29601,29601
94.787358,1,23,9,24,3,17.108299,4.500900,6.335300,8.819700,1,29601,29601
94.805536,1,23,9,24,3,18.214602,3.818200,7.912700,17.168400,1,29601,29601
94.823450,1,23,9,24,3,17.587799,6.801600,6.071200,18.666500,1,29601,29601
94.850372,1,23,9,24,3,16.880098,6.101800,7.442900,17.248199,1,29274,29274
94.862882,1,23,9,24,3,23.083601,23.226400,7.442900,17.248199,1,29274,29274
94.879762,1,23,9,24,3,16.668598,3.311500,8.038400,10.735600,1,29274,29274
94.896878,1,23,9,24,3,16.723499,3.649700,6.832200,10.270700,1,29274,29274
94.914960,1,23,9,24,3,17.663502,5.844600,5.687000,16.529400,1,29274,29274
94.931109,1,23,9,24,3,16.863302,6.372300,7.731100,18.408501,1,29274,29274
94.958869,1,23,9,23,3,16.715597,6.937500,7.269400,16.618500,1,30097,30097
94.967523,1,23,8,23,3,19.844603,16.843201,7.269400,16.618500,1,30097,30097
94.984320,1,23,8,23,3,16.704500,7.290200,6.617400,12.585000,1,30097,30097
95.000978,1,23,8,23,3,16.692799,9.052400,7.045800,12.056600,1,30097,30097
95.018296,1,23,8,23,3,17.316900,9.621600,6.433500,16.155600,1,30097,30097
95.035274,1,23,8,23,3,16.693499,4.846500,6.734800,16.525299,1,30097,30097
95.062036,1,23,8,23,3,16.799004,3.789700,6.024400,17.812500,1,29263,29263
95.070593,1,23,8,23,3,18.845898,15.111000,6.024400,17.812500,1,29263,29263
95.087323,1,23,8,23,3,16.728104,7.077300,8.030800,11.583500,1,29263,29263
95.104134,1,23,8,23,3,16.691998,4.950000,8.097700,11.849700,1,29263,29263
95.121040,1,23,8,23,3,16.707901,6.515800,8.418000,16.630800,1,29263,29263
95.140094,1,23,8,23,3,19.149799,4.441500,6.799200,16.995300,1,29263,29263
95.166146,1,23,8,20,3,16.903103,3.757100,5.508000,18.737101,1,28587,28587
95.173537,1,23,7,20,3,16.666800,15.354600,5.508000,18.737101,1,28587,28587
95.190174,1,23,7,20,3,16.666800,3.711900,4.644000,8.605700,1,28587,28587
95.208393,1,23,7,20,3,16.722300,3.620400,5.894600,13.678600,1,28587,28587
95.225067,1,23,7,20,3,17.100901,7.261300,7.148600,20.785200,1,28587,28587
95.241724,1,23,7,20,3,16.667002,7.239500,5.799000,13.942800,1,28587,28587
95.267657,1,23,7,19,3,16.729898,6.103800,6.183500,16.896999,1,28594,28594
95.281266,1,23,6,19,3,24.013798,21.393200,6.183500,16.896999,1,28594,28594
95.298029,1,23,6,19,3,16.737700,6.116100,5.467700,10.325000,1,28594,28594
95.315107,1,23,6,19,3,17.038704,3.985900,10.010500,12.827700,1,28594,28594
95.332164,1,23,6,19,3,16.714197,5.576300,6.717000,17.117100,1,28594,28594
95.348569,1,23,6,19,3,16.671501,6.078900,6.544200,17.171499,1,28594,28594
95.373277,1,23,6,19,3,16.957302,3.778000,5.214900,16.253901,1,28087,28087
95.382291,1,23,6,19,3,16.868599,13.777600,6.205100,16.253901,1,28087,28087
95.400273,1,23,6,19,3,17.845001,3.299100,5.705600,10.075100,1,28087,28087
95.417544,1,23,6,19,3,17.081999,3.907000,7.006400,15.621100,1,28087,28087
95.434465,1,23,6,19,3,16.882799,4.237600,6.226700,17.448999,1,28087,28087
95.450926,1,23,6,19,3,16.795103,3.970500,7.448200,17.003500,1,28087,28087
95.475056,1,23,6,19,3,16.881798,4.745100,6.040900,17.454100,1,27923,27923
95.484460,1,23,6,19,3,16.697802,12.314300,6.040900,17.454100,1,27923,27923
95.501116,1,23,6,19,3,16.667002,3.967500,6.079000,11.549700,1,27923,27923
95.517871,1,23,6,19,3,16.736698,4.033000,5.276400,12.917800,1,27923,27923
95.534939,1,23,6,19,3,16.939100,3.385100,6.714200,17.371099,1,27923,27923
95.551671,1,23,6,19,3,16.741503,4.902400,6.457100,16.452600,1,27923,27923
95.578256,1,23,6,18,3,18.081099,4.134500,5.742000,17.278999,1,28257,28257
95.586939,1,23,5,18,3,16.731199,14.371300,5.742000,17.278999,1,28257,28257
95.603260,1,23,5,18,3,16.899000,5.511500,6.714500,10.647500,1,28257,28257
95.619964,1,23,5,18,3,16.684200,3.144800,6.294200,12.361800,1,28257,28257
95.637226,1,23,5,18,3,17.203901,5.116800,6.820800,16.052200,1,28257,28257
95.654264,1,23,5,18,3,16.686298,6.695200,6.228900,17.386499,1,28257,28257
95.678734,1,23,5,17,3,16.684599,5.162500,6.754700,16.994301,1,27418,27418
95.687249,1,23,5,17,3,16.739201,12.318400,6.754700,16.994301,1,27418,27418
95.704297,1,23,5,17,3,16.975801,4.052800,5.964400,8.400900,1,27418,27418
95.722694,1,23,5,17,3,18.368799,4.092200,7.717400,15.948800,1,27418,27418
95.741075,1,23,5,17,3,18.365700,3.867200,5.984000,18.711500,1,27418,27418
95.757803,1,23,5,17,3,16.777300,7.796600,6.404600,18.164700,1,27418,27418
95.782453,1,23,5,17,3,16.843601,3.719600,6.219900,16.636000,1,26910,26910
95.874606,1,23,5,17,3,99.906403,98.384201,6.219900,16.636000,1,26910,26910
95.903422,1,23,5,16,3,17.234098,4.964200,5.558300,9.479200,1,27413,27413
95.909573,1,23,5,16,3,17.666700,16.561100,5.558300,9.479200,1,27413,27413
95.926187,1,23,5,16,3,16.674002,3.757300,7.309700,10.666000,1,27413,27413
95.943418,1,23,5,16,3,17.123199,3.791900,5.871600,11.426800,1,27413,27413
95.959999,1,23,5,16,3,16.715401,5.671600,6.622600,18.678801,1,27413,27413
95.977271,1,23,5,16,3,16.946100,5.395600,8.077600,15.888400,1,27413,27413
96.005177,1,23,5,15,3,20.566999,6.874900,6.495900,16.209900,1,27240,27240
96.014077,1,23,5,15,3,16.667097,13.356700,7.124600,16.209900,1,27240,27240
96.030848,1,23,5,15,3,16.731899,3.638900,5.767400,11.298800,1,27240,27240
96.047633,1,23,5,15,3,16.666803,3.372900,6.882800,13.768700,1,27240,27240
96.064171,1,23,5,15,3,16.666698,3.943800,6.881200,16.775200,1,27240,27240
96.081914,1,23,5,15,3,17.592798,3.920400,8.292400,16.473101,1,27240,27240
96.108580,1,23,5,15,3,16.671698,5.526700,7.730900,18.212799,1,26577,26577
96.117491,1,23,5,15,3,17.772902,17.756599,7.730900,18.212799,1,26577,26577
96.136424,1,23,5,15,3,17.168201,5.527400,7.154200,11.357100,1,26577,26577
96.150355,1,23,5,15,3,16.955000,9.220300,7.109700,15.065100,1,26577,26577
96.167474,1,23,5,15,3,17.101898,6.827600,5.885200,14.731300,1,26577,26577
96.184414,1,23,5,15,3,16.887699,3.614000,8.691900,14.731300,1,26577,26577
96.212458,1,23,5,15,3,17.718702,10.280800,8.168600,17.029100,1,26573,26573
96.221074,1,23,5,15,3,19.125898,18.013399,8.168600,17.029100,1,26573,26573
96.239149,1,23,5,15,3,17.958302,5.951900,11.569000,27.474899,1,26573,26573
96.256013,1,23,5,15,3,16.792398,5.817300,8.419000,17.768499,1,26573,26573
96.273636,1,23,5,15,3,17.451502,6.192100,7.739200,12.282900,1,26573,26573
96.290446,1,23,5,15,3,16.675200,4.177000,7.042000,17.587200,1,26573,26573
96.317143,1,23,5,14,3,17.045698,11.608400,6.287000,23.726000,1,26568,26568
96.325087,1,23,5,14,3,18.061001,15.492600,6.287000,23.726000,1,26568,26568
96.341927,1,23,5,14,3,16.676199,7.141600,10.062600,15.301700,1,26568,26568
96.359062,1,23,5,14,3,16.688303,10.587000,11.977700,15.301700,1,26568,26568
96.377740,1,23,5,14,3,16.703300,9.450300,8.488500,9.261000,1,26568,26568
96.396818,1,23,5,14,3,16.730700,9.237200,9.683000,19.210300,1,26568,26568
96.432246,1,23,5,12,3,16.866598,12.586200,8.159500,17.617901,1,25727,25727
96.439688,1,23,5,12,3,30.949800,29.330500,8.159500,17.617901,1,25727,25727
96.457176,1,23,5,12,3,17.075899,5.638300,10.036000,36.883400,1,25727,25727
96.474109,1,23,5,12,3,16.668499,7.900300,6.879100,11.244600,1,25727,25727
96.492131,1,23,5,12,3,16.673698,5.829300,12.981100,14.596100,1,25727,25727
96.507014,1,23,5,12,3,16.920801,13.973900,9.716800,14.596100,1,25727,25727
96.534917,1,23,5,12,3,16.681202,9.777600,8.908600,18.972700,1,25397,25397
96.544260,1,23,5,12,3,20.233597,17.954300,8.908600,18.972700,1,25397,25397
96.560975,1,23,5,12,3,16.738501,8.311500,7.526700,14.174200,1,25397,25397
96.577706,1,23,5,12,3,16.684900,3.372000,10.581400,11.487200,1,25397,25397
96.594979,1,23,5,12,3,17.267998,8.860700,13.017600,16.641100,1,25397,25397
96.613818,1,23,5,12,3,18.407602,5.397200,16.783899,17.277901,1,25397,25397
96.651702,1,23,5,11,3,16.667898,6.828200,7.571100,18.121700,1,25891,25891
96.663743,1,23,4,11,3,34.039200,34.002399,7.571100,18.121700,1,25891,25891
96.680508,1,23,4,11,3,16.734100,6.084400,8.793700,12.141600,1,25891,25891
96.697905,1,23,4,11,3,16.957399,9.532400,5.941800,10.677200,1,25891,25891
96.715757,1,23,4,11,3,16.957201,3.626100,6.682000,17.443899,1,25891,25891
96.748400,1,23,4,11,3,17.156601,4.965600,6.482200,18.098200,1,26565,26565
96.754722,1,23,4,11,3,23.137499,22.519699,6.482200,18.098200,1,26565,26565
96.771496,1,23,4,11,3,16.765602,5.025200,6.507600,11.810800,1,26565,26565
96.788227,1,23,4,11,3,16.697701,4.188400,7.243000,9.476100,1,26565,26565
96.805080,1,23,4,11,3,16.771898,4.014200,6.007700,16.727100,1,26565,26565
96.821754,1,23,4,11,3,16.757801,11.038700,6.401900,24.430599,1,26565,26565
96.846977,1,23,4,9,2,17.208698,3.235200,7.065300,10.420200,1,26057,26057
96.856366,1,23,3,9,2,17.274700,15.023400,7.065300,10.420200,1,26057,26057
96.873030,1,23,3,9,2,16.778101,5.712000,6.415800,10.414000,1,26057,26057
96.890184,1,23,3,9,2,16.822699,3.193200,5.937900,13.511700,1,26057,26057
96.908402,1,23,3,9,2,17.862700,3.721900,6.832100,17.507401,1,26057,26057
96.924645,1,23,3,9,2,16.692999,7.149600,6.489900,19.385300,1,26057,26057
96.965941,1,23,3,9,2,16.704102,8.536200,9.654200,16.216101,1,25387,25387
96.978846,1,23,3,9,2,37.561996,30.477900,9.654200,16.216101,1,25387,25387
96.996133,1,23,3,9,2,17.285303,6.412600,7.875300,16.971701,1,25387,25387
97.013276,1,23,3,9,2,16.676399,15.425100,10.033100,8.209400,1,25387,25387
97.029629,1,23,3,9,2,16.865700,8.927000,5.936100,15.999000,1,25387,25387
97.054187,1,23,3,9,2,17.097101,4.032800,12.550500,17.676300,1,25724,25724
97.065791,1,23,3,9,2,19.060097,13.189800,6.492700,23.865299,1,25724,25724
97.082406,1,23,3,9,2,16.666901,4.469900,6.597100,12.991500,1,25724,25724
97.099049,1,23,3,9,2,16.669798,4.856900,6.799100,14.137400,1,25724,25724
97.115676,1,23,3,9,2,16.667702,6.737500,6.058100,16.483299,1,25724,25724
97.132408,1,23,3,9,2,16.667002,4.888600,5.874400,16.531500,1,25724,25724
97.149321,1,23,3,9,2,16.764700,3.500900,6.652500,20.049900,1,25724,25724
97.165737,1,23,3,9,2,16.666901,7.239900,5.685800,13.906900,1,25724,25724
97.182540,1,23,3,9,2,16.677998,3.581900,5.506100,16.021500,1,25724,25724
97.199159,1,23,3,9,2,16.676702,3.334600,7.079300,17.059900,1,25724,25724
97.215742,1,23,3,9,2,16.679001,3.688900,5.554300,16.740299,1,25724,25724
97.232475,1,23,3,9,2,16.667097,3.384500,7.009300,16.270399,1,25724,25724
97.249112,1,23,3,9,2,16.667002,3.898700,5.543300,17.042400,1,25724,25724
97.265866,1,23,3,9,2,16.808599,3.675600,6.798500,16.327700,1,25724,25724
97.282743,1,23,3,9,2,16.676001,3.111800,6.165100,17.258499,1,25724,25724
97.311007,2,23,3,9,0,17.129801,4.674700,5.818700,17.363899,1,25577,25577
97.535069,2,23,3,9,0,235.275513,229.754105,5.818700,17.363899,1,25577,25577
97.567062,1,24,3,36,3,16.727898,10.363500,6.227500,19.028000,1,21958,21958
97.818745,1,24,12,36,3,257.900879,267.420685,9.128700,260.450287,1,28177,28177
97.830890,1,24,12,36,3,20.992302,19.141100,9.128700,260.450287,1,28177,28177
97.847591,1,24,12,36,3,16.957096,5.421700,8.089600,9.820200,1,28177,28177
97.870040,1,24,12,36,3,16.669203,3.769400,7.905400,13.049900,1,28177,28177
98.111157,1,24,12,35,3,239.197189,8.981600,0.755500,21.810101,1,34403,34403
98.121318,1,24,12,35,3,17.973400,216.000900,0.755500,21.810101,1,34403,34403
98.138343,1,24,12,35,3,16.982998,7.482900,5.485600,22.778900,1,34403,34403
98.155134,1,24,12,35,3,16.734499,4.145100,5.815200,5.292000,1,34403,34403
98.172230,1,24,12,35,3,17.115303,4.202000,5.907900,13.275100,1,34403,34403
98.189080,1,24,12,35,3,16.682598,3.028400,5.793800,16.815100,1,34403,34403
98.215132,1,24,12,34,3,16.970701,3.722400,7.306200,17.870899,1,32953,32953
98.222900,1,24,11,34,3,16.697001,13.136700,7.306200,17.870899,1,32953,32953
98.239472,1,24,11,34,3,16.932398,3.925600,7.102600,10.867700,1,32953,32953
98.256793,1,24,11,34,3,17.283100,5.381800,5.975200,13.057000,1,32953,32953
98.273909,1,24,11,34,3,16.689699,6.058100,6.235500,16.650200,1,32953,32953
98.290654,1,24,11,34,3,17.112799,3.540000,5.186600,17.872900,1,32953,32953
98.316084,1,24,11,32,3,16.787100,3.162700,7.824200,16.572399,1,31295,31295
98.326026,1,24,11,32,3,18.065500,16.186800,7.824200,16.572399,1,31295,31295
98.342227,1,24,11,32,3,16.771500,11.194900,7.545300,27.226200,1,31295,31295
98.360060,1,24,11,32,3,17.823801,6.353500,6.488300,9.471000,1,31295,31295
98.378274,1,24,11,32,3,17.872200,4.301900,5.952600,18.983900,1,31295,31295
98.395025,1,24,11,32,3,16.723598,4.932800,7.096900,15.850500,1,31295,31295
98.422071,1,24,11,30,3,17.638500,4.705400,5.070700,16.829500,1,29949,29949
98.429949,1,24,10,30,3,16.814999,13.557000,5.070700,16.829500,1,29949,29949
98.445864,1,24,10,30,3,16.816401,5.251500,5.316800,11.034600,1,29949,29949
98.463517,1,24,10,30,3,16.921103,3.603800,6.026200,11.718700,1,29949,29949
98.479647,1,24,10,30,3,16.723700,3.596800,6.297600,18.164700,1,29949,29949
98.496398,1,24,10,30,3,16.881798,3.462000,4.785600,15.672300,1,29949,29949
98.520295,1,24,10,29,3,16.754400,2.719100,5.302200,16.600100,1,30113,30113
98.529903,1,24,10,29,3,16.768101,12.047700,6.766500,16.600100,1,30113,30113
98.548002,1,24,10,29,3,16.782198,4.942400,5.777400,9.966600,1,30113,30113
98.563373,1,24,10,29,3,16.681801,5.103900,6.622900,17.266701,1,30113,30113
98.580886,1,24,10,29,3,17.343201,3.777700,5.664800,14.520300,1,30113,30113
98.597398,1,24,10,29,3,16.680799,4.189100,6.938500,17.232901,1,30113,30113
98.621384,1,24,10,28,3,16.888000,3.579300,7.187500,16.592899,1,29949,29949
98.631086,1,24,10,28,3,16.693201,12.723600,6.793800,16.592899,1,29949,29949
98.647705,1,24,10,28,3,16.685400,4.656900,7.343800,11.880500,1,29949,29949
98.664407,1,24,10,28,3,16.724098,3.656800,6.009300,12.781600,1,29949,29949
98.681422,1,24,10,28,3,16.696501,4.430400,6.159500,16.680901,1,29949,29949
98.698224,1,24,10,28,3,16.966600,3.957000,6.001500,16.497700,1,29949,29949
98.724045,1,24,10,28,3,16.702000,3.726900,5.703200,16.928801,1,28799,28799
98.731630,1,24,10,28,3,16.818497,15.399500,5.703200,16.928801,1,28799,28799
98.748687,1,24,10,28,3,16.972303,8.503000,7.901700,12.445700,1,28799,28799
98.765458,1,24,10,28,3,16.742498,8.365300,7.138100,11.090900,1,28799,28799
98.782008,1,24,10,28,3,16.681202,4.186400,5.991800,16.620600,1,28799,28799
98.798962,1,24,10,28,3,16.856100,3.234000,7.944900,17.510401,1,28799,28799
98.823370,1,24,10,27,3,16.788698,3.897800,6.599500,16.212900,1,30662,30662
98.832678,1,24,9,27,3,16.838398,12.186700,5.233000,25.643101,1,30662,30662
98.849628,1,24,9,27,3,17.057001,10.015900,5.761500,13.979600,1,30662,30662
98.866336,1,24,9,27,3,16.837299,3.270100,5.401400,11.131900,1,30662,30662
98.883766,1,24,9,27,3,17.265503,2.852800,6.258100,16.347099,1,30662,30662
98.900360,1,24,9,27,3,16.753700,4.941300,5.908300,18.119699,1,30662,30662
98.925099,1,24,9,27,3,16.673800,4.142900,5.417500,16.002100,1,30655,30655
98.934026,1,24,9,27,3,16.956602,12.049300,5.721900,25.593800,1,30655,30655
98.950752,1,24,9,27,3,16.770699,3.843500,5.240300,8.906800,1,30655,30655
98.969052,1,24,9,27,3,18.109299,3.159200,5.361100,15.783900,1,30655,30655
98.985880,1,24,9,27,3,16.797800,4.029600,6.279300,18.912300,1,30655,30655
99.002487,1,24,9,27,3,16.715101,6.971700,5.932000,18.060301,1,30655,30655
99.026082,1,24,9,27,3,16.690298,5.449200,5.931400,14.870500,1,29655,29655
99.035835,1,24,9,27,3,16.729801,12.770300,6.089100,14.870500,1,29655,29655
99.054042,1,24,9,27,3,18.044300,3.129500,5.594400,10.391600,1,29655,29655
99.070758,1,24,9,27,3,16.804398,3.407300,6.465300,15.402000,1,29655,29655
99.088762,1,24,9,27,3,17.833103,5.684100,6.367700,16.601101,1,29655,29655
99.105684,1,24,9,27,3,16.711000,3.525300,5.608600,18.039801,1,29655,29655
99.131082,1,24,9,26,3,16.666998,3.970900,6.811000,17.084400,1,31142,31142
99.138789,1,24,9,26,3,16.838100,13.127300,6.811000,17.084400,1,31142,31142
99.155406,1,24,9,26,3,16.702600,2.937100,6.194200,10.608700,1,31142,31142
99.172908,1,24,9,26,3,16.950403,2.732200,5.170800,12.863500,1,31142,31142
99.189293,1,24,9,26,3,16.675800,3.390000,5.678600,17.783800,1,31142,31142
99.205947,1,24,9,26,3,16.855598,4.174900,5.600500,17.243099,1,31142,31142
99.230425,1,24,9,25,3,16.862303,4.077600,6.575500,15.479800,1,30478,30478
99.242517,1,24,8,25,3,19.711599,13.732700,7.736900,15.479800,1,30478,30478
99.260641,1,24,8,25,3,18.069401,5.410600,7.535400,15.164400,1,30478,30478
99.277390,1,24,8,25,3,16.725098,7.922500,7.233400,13.456400,1,30478,30478
99.294545,1,24,8,25,3,16.902100,6.947500,4.848100,16.559099,1,30478,30478
99.312002,1,24,8,25,3,16.925699,5.653100,5.750700,17.607599,1,30478,30478
99.335223,1,24,8,23,3,16.794201,4.221900,4.999300,17.292299,1,29136,29136
99.346640,1,24,8,23,3,18.863400,17.355499,4.999300,17.292299,1,29136,29136
99.363721,1,24,8,23,3,16.896299,3.976700,5.688000,9.406500,1,29136,29136
99.381483,1,24,8,23,3,17.781000,3.676200,6.274100,11.601900,1,29136,29136
99.398414,1,24,8,23,3,16.696199,6.061100,6.004200,17.782801,1,29136,29136
99.416439,1,24,8,23,3,17.625902,5.355800,5.515900,16.887800,1,29136,29136
99.440104,1,24,8,23,3,16.689899,3.469700,5.178300,19.115000,1,28297,28297
99.449358,1,24,8,23,3,16.974300,16.061300,7.063700,19.115000,1,28297,28297
99.466207,1,24,8,23,3,16.800501,3.120500,6.819700,10.835000,1,28297,28297
99.482876,1,24,8,23,3,16.681299,3.687200,5.360900,13.740000,1,28297,28297
99.500591,1,24,8,23,3,17.186602,3.464900,5.416900,16.613400,1,28297,28297
99.516913,1,24,8,23,3,16.821798,3.675900,5.783800,18.060301,1,28297,28297
99.543520,1,24,8,23,3,16.689102,3.005800,5.272400,16.482300,1,28124,28124
99.550542,1,24,8,23,3,16.881697,14.232300,5.272400,16.482300,1,28124,28124
99.567863,1,24,8,23,3,17.197203,4.017200,5.575000,7.091200,1,28124,28124
99.585579,1,24,8,23,3,16.726599,5.196400,5.074300,16.176100,1,28124,28124
99.601437,1,24,8,23,3,16.939100,4.339700,5.692100,17.905701,1,28124,28124
99.618250,1,24,8,23,3,16.965002,3.406900,4.770000,17.159201,1,28124,28124
99.642322,1,24,8,21,3,17.081999,3.712600,6.223400,15.279100,1,28638,28638
99.652075,1,24,6,21,3,16.676399,11.848100,7.050300,15.279100,1,28638,28638
99.669220,1,24,6,21,3,16.985901,3.943300,5.160300,8.636400,1,28638,28638
99.686522,1,24,6,21,3,17.476700,3.250700,5.889900,18.087900,1,28638,28638
99.703226,1,24,6,21,3,16.712700,3.640100,6.587500,17.996799,1,28638,28638
99.720040,1,24,6,21,3,16.743202,3.650900,5.832400,15.107100,1,28638,28638
99.745128,1,24,6,20,3,16.842001,4.325200,5.853400,16.924700,1,28801,28801
99.753713,1,24,6,20,3,16.862400,12.134500,5.853400,16.924700,1,28801,28801
99.771513,1,24,6,20,3,17.813299,4.989800,5.313100,10.798100,1,28801,28801
99.788465,1,24,6,20,3,17.011200,4.078100,6.244800,15.407100,1,28801,28801
99.805183,1,24,6,20,3,16.687702,3.219500,5.841400,16.358400,1,28801,28801
99.822588,1,24,6,20,3,16.668997,4.853900,5.514000,16.726000,1,28801,28801
99.844877,1,24,6,20,3,16.679499,3.439200,5.392000,17.281000,1,27291,27291
99.855671,1,24,6,20,3,17.167299,27.531300,5.392000,17.281000,1,27291,27291
99.872807,1,24,6,20,3,17.137300,3.490600,5.152400,9.090000,1,27291,27291
99.889776,1,24,6,20,3,16.855701,4.315700,6.837000,11.380800,1,27291,27291
99.907664,1,24,6,20,3,16.858299,3.024400,6.649700,16.991199,1,27291,27291
99.923333,1,24,6,20,3,16.811602,4.301800,5.240400,17.868799,1,27291,27291
99.947500,1,24,6,19,3,17.276897,3.025200,6.343100,16.375799,1,27604,27604
99.957440,1,24,6,19,3,16.760799,12.116800,5.811400,25.112600,1,27604,27604
99.974363,1,24,6,19,3,16.848400,3.062400,6.583200,8.433700,1,27604,27604
99.994149,1,24,6,19,3,19.877399,4.995600,6.122300,16.932800,1,27604,27604
100.010980,1,24,6,19,3,16.757500,2.873700,5.361700,19.724300,1,27604,27604
100.028230,1,24,6,19,3,17.251503,5.032100,6.686800,16.842800,1,27604,27604
100.054052,1,24,6,18,3,16.755398,4.267000,6.115600,17.046499,1,28604,28604
100.061984,1,24,6,18,3,17.133701,13.135100,6.115600,17.046499,1,28604,28604
100.078949,1,24,6,18,3,16.944901,5.015600,6.297200,11.428900,1,28604,28604
100.095909,1,24,6,18,3,16.751099,3.857200,5.443600,12.151800,1,28604,28604
100.317511,1,24,6,18,3,214.679199,214.178406,6.621200,229.294098,1,27951,27951
100.327308,1,24,6,18,3,16.783199,11.975200,5.466700,11.006900,1,27951,27951
100.344372,1,24,6,18,3,17.036497,3.307800,7.147500,8.185900,1,27951,27951
100.361707,1,24,6,18,3,16.670200,3.534000,5.322000,17.025000,1,27951,27951
100.377634,1,24,6,18,3,16.700397,9.733700,5.712500,23.176201,1,27951,27951
100.394805,1,24,6,18,3,17.179501,2.780000,6.150600,9.708600,1,27951,27951
100.419778,1,24,6,18,3,18.073902,4.694500,5.632100,17.253300,1,28624,28624
100.430374,1,24,6,18,3,16.901199,10.697700,6.871600,26.881100,1,28624,28624
100.447433,1,24,6,18,3,17.031301,3.888300,5.774800,8.562600,1,28624,28624
100.463655,1,24,6,18,3,16.680099,3.716700,5.436200,17.347601,1,28624,28624
100.481778,1,24,6,18,3,18.226803,3.186100,7.360500,16.948200,1,28624,28624
100.498541,1,24,6,18,3,16.678497,3.513100,6.916200,18.864201,1,28624,28624
100.526212,1,24,6,18,3,17.072002,4.123200,7.005400,15.720400,1,27800,27800
100.532313,1,24,6,18,3,16.787498,15.860500,7.005400,15.720400,1,27800,27800
100.549115,1,24,6,18,3,16.679197,3.525700,6.089600,9.434100,1,27800,27800
100.566425,1,24,6,18,3,17.090000,6.499000,9.768100,13.103100,1,27800,27800
100.583810,1,24,6,18,3,17.596201,6.964800,9.768100,13.103100,1,27800,27800
100.601325,1,24,6,18,3,16.765799,15.175900,7.260700,20.091900,1,27800,27800
100.626062,1,24,6,15,3,16.672201,12.120500,8.383400,11.962400,1,27774,27774
100.633816,1,24,6,15,3,16.708300,16.771000,8.383400,11.962400,1,27774,27774
100.650661,1,24,6,15,3,16.846500,4.707800,6.701200,14.513100,1,27774,27774
100.667330,1,24,6,15,3,16.705502,3.239400,5.553200,9.477200,1,27774,27774
100.685057,1,24,6,15,3,16.770098,4.785100,11.388100,16.581600,1,27774,27774
100.701815,1,24,6,15,3,16.833302,4.041800,6.640200,17.565701,1,27774,27774
100.728588,1,24,6,14,3,16.856100,4.443700,5.463500,16.762899,1,26767,26767
100.738212,1,24,5,14,3,20.315998,14.809100,5.463500,16.762899,1,26767,26767
100.758357,1,24,5,14,3,20.181902,8.430400,7.735000,15.636400,1,26767,26767
100.775310,1,24,5,14,3,16.677896,4.682000,8.342300,13.121600,1,26767,26767
100.791630,1,24,5,14,3,16.693604,3.841500,6.591700,16.663500,1,26767,26767
100.808906,1,24,5,14,3,16.891996,4.005400,7.065900,17.935400,1,26767,26767
100.832555,1,24,5,14,3,16.686901,5.094400,7.526100,16.051201,1,25427,25427
100.842099,1,24,5,14,3,16.701500,11.771000,6.708500,16.051201,1,25427,25427
100.858949,1,24,5,14,3,16.818800,4.673900,7.760800,11.761600,1,25427,25427
100.876384,1,24,5,14,3,17.470699,3.846100,6.476400,13.218900,1,25427,25427
100.892888,1,24,5,14,3,16.673100,12.149600,6.394000,13.218900,1,25427,25427
100.909728,1,24,5,14,3,16.724501,4.796300,9.599200,8.515600,1,25427,25427
100.933888,1,24,5,14,3,16.687103,4.603800,6.138500,15.823900,1,26418,26418
100.952005,1,24,5,14,3,25.561697,12.500500,7.662000,25.176100,1,26418,26418
100.971120,1,24,5,14,3,18.609699,3.298600,7.287400,17.323000,1,26418,26418
100.987464,1,24,5,14,3,16.776300,4.447400,8.204000,19.155899,1,26418,26418
101.004027,1,24,5,14,3,16.700401,5.050100,9.404100,16.310301,1,26418,26418
101.020951,1,24,5,14,3,16.884901,4.527300,7.842700,17.368099,1,26418,26418
101.047628,1,24,5,13,3,17.058298,3.737900,7.686300,16.080900,1,25913,25913
101.056030,1,24,5,13,3,18.215399,16.149099,5.694300,16.080900,1,25913,25913
101.073144,1,24,5,13,3,16.954000,6.980900,6.891500,9.777200,1,25913,25913
101.090975,1,24,5,13,3,17.741598,8.704700,7.086700,16.280600,1,25913,25913
101.107995,1,24,5,13,3,16.786303,3.875400,6.497900,16.222200,1,25913,25913
101.124358,1,24,5,13,3,16.716797,4.481100,7.882700,16.738300,1,25913,25913
101.149500,1,24,5,13,3,17.410103,3.184400,6.824000,17.187799,1,25581,25581
101.158596,1,24,5,13,3,16.842697,13.609100,6.060800,17.187799,1,25581,25581
101.175435,1,24,5,13,3,16.724203,3.756700,5.948900,9.966600,1,25581,25581
101.191999,1,24,5,13,3,16.670998,3.503100,5.892000,13.959100,1,25581,25581
101.208769,1,24,5,13,3,16.760201,5.026500,5.799800,18.402300,1,25581,25581
101.225749,1,24,5,13,3,16.850502,3.679100,7.499000,15.292500,1,25581,25581
101.249901,1,24,5,12,3,16.805696,3.939900,6.454700,16.695299,1,24581,24581
101.259990,1,24,4,12,3,17.428402,12.433600,7.225700,16.695299,1,24581,24581
101.276697,1,24,4,12,3,16.859900,4.870700,7.248900,12.030000,1,24581,24581
101.293767,1,24,4,12,3,17.045401,4.672300,6.653500,15.020000,1,24581,24581
101.310506,1,24,4,12,3,16.737297,3.800600,7.783800,15.973400,1,24581,24581
101.327611,1,24,4,12,3,16.764801,4.582200,5.910600,16.315399,1,24581,24581
101.354081,1,24,4,12,3,16.780100,4.622000,6.151200,17.079300,1,24585,24585
101.360589,1,24,4,12,3,16.715199,14.825700,6.151200,17.079300,1,24585,24585
101.377453,1,24,4,12,3,16.678200,5.021900,6.631900,9.620400,1,24585,24585
101.395126,1,24,4,12,3,17.329700,8.988800,7.341600,16.713800,1,24585,24585
101.424013,1,24,4,12,3,28.829203,7.092400,10.720700,12.139500,1,24585,24585
101.440757,1,24,4,12,3,17.107800,8.419500,6.090100,29.252600,1,24585,24585
101.467098,1,24,4,12,3,16.668499,7.221400,6.315100,16.434200,1,24912,24912
101.474056,1,24,4,12,3,16.679502,15.009600,6.315100,16.434200,1,24912,24912
101.491346,1,24,4,12,3,17.237797,3.825100,6.656700,10.062800,1,24912,24912
101.509852,1,24,4,12,3,17.389000,6.618000,7.439600,13.574200,1,24912,24912
101.527818,1,24,4,12,3,16.668800,6.564900,12.081800,18.618401,1,24912,24912
101.542037,1,24,4,12,3,16.673603,7.645800,10.002200,17.483700,1,24912,24912
101.558760,1,24,4,12,3,16.674002,5.152700,5.663800,14.317600,1,24912,24912
101.575521,1,24,4,12,3,16.728800,4.174800,7.079500,16.791599,1,24912,24912
101.592361,1,24,4,12,3,16.992397,4.425700,5.885400,17.636299,1,24912,24912
101.609322,1,24,4,12,3,17.007801,4.643600,5.906300,16.669701,1,24912,24912
101.626029,1,24,4,12,3,16.727898,3.798900,5.848000,16.106501,1,24912,24912
101.642964,1,24,4,12,3,16.812601,3.123300,5.290500,16.537600,1,24912,24912
101.659895,1,24,4,12,3,16.738203,4.367200,6.910700,17.376301,1,24912,24912
101.676332,1,24,4,12,3,16.677498,4.579600,5.221900,16.763901,1,24912,24912
101.693471,1,24,4,12,3,17.171101,3.577700,5.195700,17.236000,1,24912,24912
101.719908,2,24,4,12,0,18.032902,3.272600,6.497000,16.005100,1,24745,24745
101.940137,2,24,4,12,0,228.734497,228.490295,6.497000,16.005100,1,24745,24745
101.967132,1,25,4,33,3,18.520399,12.177700,7.596100,11.125700,1,21183,21183
102.223234,1,25,11,33,3,257.276794,258.928711,9.085500,264.673309,1,28030,28030
102.232775,1,25,11,33,3,16.674698,11.358600,7.025100,264.673309,1,28030,28030
102.249965,1,25,11,33,3,17.021000,3.718900,6.094700,9.690100,1,28030,28030
102.266623,1,25,11,33,3,16.788200,3.204600,7.026800,14.759900,1,28030,28030
102.283511,1,25,11,33,3,16.869802,4.074800,6.858700,19.966999,1,28030,28030
102.516859,1,25,11,31,3,225.083694,3.711800,1.064100,15.522800,1,31233,31233
102.530291,1,25,10,31,3,21.805603,212.130203,1.064100,15.522800,1,31233,31233
102.547126,1,25,10,31,3,16.722597,4.947600,6.765000,15.628300,1,31233,31233
102.564188,1,25,10,31,3,17.053802,5.361100,6.841100,5.934100,1,31233,31233
102.581531,1,25,10,31,3,17.189600,3.587500,6.950500,17.315800,1,31233,31233
102.597896,1,25,10,31,3,16.691402,5.672500,7.280000,19.332100,1,31233,31233
102.622682,1,25,10,30,3,16.725000,3.147400,7.659500,13.998100,1,29444,29444
102.631379,1,25,10,30,3,16.695499,13.949700,7.659500,13.998100,1,29444,29444
102.648113,1,25,10,30,3,16.676500,3.320100,6.673800,10.715100,1,29444,29444
102.665000,1,25,10,30,3,16.887300,3.650400,8.506500,12.742600,1,29444,29444
102.681693,1,25,10,30,3,16.678200,3.670100,5.875100,16.424000,1,29444,29444
102.698390,1,25,10,30,3,16.800299,4.891000,7.037300,16.556999,1,29444,29444
102.725697,1,25,10,29,3,17.484798,3.771500,5.738400,16.483400,1,28302,28302
102.732923,1,25,10,29,3,16.755402,14.881900,5.738400,16.483400,1,28302,28302
102.749664,1,25,10,29,3,17.024000,5.321500,7.304400,10.542100,1,28302,28302
102.766486,1,25,10,29,3,16.716801,3.894200,7.710000,10.794000,1,28302,28302
102.783225,1,25,10,29,3,16.759197,6.584800,9.290500,16.875500,1,28302,28302
102.802089,1,25,10,29,3,16.781300,7.861000,6.052000,16.568300,1,28302,28302
102.824750,1,25,10,29,3,16.996801,5.743400,6.723700,19.150900,1,28135,28135
102.833671,1,25,10,29,3,16.694901,13.041600,6.723700,19.150900,1,28135,28135
102.850647,1,25,10,29,3,16.845800,3.984100,6.617500,10.393600,1,28135,28135
102.869219,1,25,10,29,3,18.517300,3.775000,5.846800,13.659100,1,28135,28135
102.886089,1,25,10,29,3,16.947001,3.366800,7.708800,18.822201,1,28135,28135
102.902692,1,25,10,29,3,16.680300,4.319500,6.800100,17.179600,1,28135,28135
102.929284,1,25,10,29,3,17.292999,4.351700,7.226100,17.855499,1,28471,28471
102.936903,1,25,10,29,3,16.957302,14.038900,7.226100,17.855499,1,28471,28471
102.953811,1,25,10,29,3,16.722698,4.433300,7.404500,11.212800,1,28471,28471
102.971102,1,25,10,29,3,17.159101,6.296500,6.868900,12.390400,1,28471,28471
102.987575,1,25,10,29,3,16.720100,4.354200,6.858100,17.357901,1,28471,28471
103.004320,1,25,10,29,3,16.698799,4.910500,6.954100,17.741800,1,28471,28471
103.028975,1,25,10,29,3,16.698498,3.779600,7.330800,16.597000,1,28467,28467
103.043750,1,25,10,29,3,22.948902,22.926500,7.330800,16.597000,1,28467,28467
103.060882,1,25,10,29,3,16.673201,4.044600,9.606500,33.896400,1,28467,28467
103.077366,1,25,10,29,3,16.705896,4.331900,7.341900,7.701500,1,28467,28467
103.093974,1,25,10,29,3,16.669001,4.437600,7.616900,18.649099,1,28467,28467
103.110595,1,25,10,29,3,16.666901,3.745200,4.971700,14.526500,1,28467,28467
103.134080,1,25,10,27,3,16.776100,3.912400,5.600600,16.232401,1,28136,28136
103.144060,1,25,9,27,3,16.666698,11.797200,6.052600,24.441900,1,28136,28136
103.161002,1,25,9,27,3,16.666800,3.893200,7.139800,8.948700,1,28136,28136
103.177428,1,25,9,27,3,16.691402,4.825900,7.328200,17.205299,1,28136,28136
103.194059,1,25,9,27,3,16.668699,7.854300,7.023600,16.768999,1,28136,28136
103.210757,1,25,9,27,3,16.666901,4.250200,6.837100,17.562599,1,28136,28136
103.232781,1,25,9,25,3,16.666901,3.788800,6.657500,15.780900,1,27814,27814
103.245064,1,25,9,25,3,17.388500,9.820600,5.459500,22.051800,1,27814,27814
103.261395,1,25,9,25,3,16.666901,3.753700,6.596000,11.753500,1,27814,27814
103.283925,1,25,9,25,3,22.585501,3.545500,6.055100,16.743401,1,27814,27814
103.300699,1,25,9,25,3,16.693499,3.438200,5.244200,23.791599,1,27814,27814
103.317551,1,25,9,25,3,16.704798,4.547300,6.719600,14.810100,1,27814,27814
103.342541,1,25,9,25,3,17.221100,3.195800,5.248100,16.948299,1,27316,27316
103.351241,1,25,9,25,3,16.720600,12.240700,5.248100,16.948299,1,27316,27316
103.368746,1,25,9,25,3,17.502003,7.811000,6.212400,11.998200,1,27316,27316
103.385743,1,25,9,25,3,16.965799,2.968400,5.481700,12.948500,1,27316,27316
103.402915,1,25,9,25,3,17.110399,3.031400,6.119000,17.052700,1,27316,27316
103.419690,1,25,9,25,3,16.674198,3.260900,5.345000,17.286100,1,27316,27316
103.444224,1,25,9,24,3,17.094202,3.438200,6.200900,16.674801,1,27311,27311
103.453679,1,25,9,24,3,16.982899,11.544300,5.207500,25.450500,1,27311,27311
103.470300,1,25,9,24,3,16.676102,2.947100,6.659800,8.781800,1,27311,27311
103.487890,1,25,9,24,3,17.524797,4.355400,5.734600,16.306200,1,27311,27311
103.505245,1,25,9,24,3,16.688202,3.121200,6.649400,18.053101,1,27311,27311
103.521219,1,25,9,24,3,16.702499,3.974700,6.107600,16.938000,1,27311,27311
103.544784,1,25,9,24,3,16.883299,3.323500,6.576000,17.747900,1,26138,26138
103.555510,1,25,9,24,3,17.187603,16.501101,6.576000,17.747900,1,26138,26138
103.573070,1,25,9,24,3,17.730400,3.893100,6.825200,9.563200,1,26138,26138
103.590361,1,25,9,24,3,17.079201,3.245100,6.578600,11.922400,1,26138,26138
103.607693,1,25,9,24,3,17.366198,5.987200,5.860000,17.724400,1,26138,26138
103.624759,1,25,9,24,3,17.259703,3.851400,7.037100,16.972799,1,26138,26138
103.650186,1,25,9,22,2,16.696199,4.593500,5.626600,17.797100,1,26141,26141
103.658191,1,25,9,22,2,16.729399,12.963000,5.836100,17.797100,1,26141,26141
103.676872,1,25,9,22,2,17.514999,3.327400,6.627200,10.155000,1,26141,26141
103.692718,1,25,9,22,2,16.958401,4.624800,6.265500,15.714300,1,26141,26141
103.709622,1,25,9,22,2,16.963099,7.638900,7.133200,15.696900,1,26141,26141
103.726392,1,25,9,22,2,16.829201,5.205200,6.823800,19.129299,1,26141,26141
103.751037,1,25,9,20,1,17.073900,3.492600,6.611700,14.433300,1,26467,26467
103.761472,1,25,8,20,1,18.033203,15.506900,6.755900,14.433300,1,26467,26467
103.778293,1,25,8,20,1,16.667999,3.708500,6.190700,9.736200,1,26467,26467
103.796325,1,25,8,20,1,17.353800,5.541900,6.236500,15.068200,1,26467,26467
103.812223,1,25,8,20,1,16.754799,3.955900,5.852400,17.826799,1,26467,26467
103.829069,1,25,8,20,1,16.680103,3.964500,7.010100,17.848301,1,26467,26467
103.853125,1,25,8,19,1,16.967598,4.035700,7.344000,15.099900,1,25968,25968
103.863266,1,25,7,19,1,16.792801,12.856300,5.516400,24.715300,1,25968,25968
103.879488,1,25,7,19,1,16.747299,4.762500,6.853400,9.969600,1,25968,25968
103.896498,1,25,7,19,1,17.096003,4.202400,5.356100,16.484400,1,25968,25968
103.913318,1,25,7,19,1,16.726299,3.272300,6.984000,16.101299,1,25968,25968
103.930131,1,25,7,19,1,16.749300,3.872500,6.660100,16.940100,1,25968,25968
103.947577,1,25,7,19,1,17.299297,4.497100,5.618800,16.730101,1,25968,25968
103.965392,1,25,7,19,1,17.223303,3.194400,8.718400,17.825800,1,25968,25968
103.981363,1,25,7,19,1,16.837597,4.517200,6.458200,18.480101,1,25968,25968
103.998172,1,25,7,19,1,16.775101,3.230900,6.023300,15.860700,1,25968,25968
104.015000,1,25,7,19,1,16.711500,5.710400,5.755900,16.098400,1,25968,25968
104.034061,1,25,7,19,1,17.336403,4.784900,6.061300,16.559099,1,25968,25968
104.049260,1,25,7,19,1,16.998697,5.191000,6.671600,19.362801,1,25968,25968
104.065977,1,25,7,19,1,16.710802,10.810800,6.171000,23.384001,1,25968,25968
104.083138,1,25,7,19,1,16.714201,3.381600,5.573400,8.020000,1,25968,25968
104.106651,2,25,7,18,0,16.846497,4.956100,9.266300,17.955799,1,26034,26034
104.363342,0,26,6,0,0,258.943695,259.902802,7.198600,271.062103,1,6741,6741
104.619181,1,26,6,24,2,252.224686,251.151703,7.972800,252.149704,1,23723,23723
104.891187,1,26,12,24,2,274.510590,275.354706,7.912600,274.661407,1,26104,26104
104.902078,1,26,12,24,2,16.802401,10.590300,6.933400,11.151400,1,26104,26104
104.918718,1,26,12,24,2,16.720299,3.383700,6.741100,8.763300,1,26104,26104
104.936190,1,26,12,24,2,16.766201,2.711400,6.555100,17.516600,1,26104,26104
105.158651,1,26,12,23,2,216.392197,3.900200,0.728500,16.777201,1,23694,23694
105.171655,1,26,11,23,2,19.659300,203.632294,0.728500,16.777201,1,23694,23694
105.188412,1,26,11,23,2,16.752298,5.131600,6.967800,10.306500,1,23694,23694
105.205193,1,26,11,23,2,16.701899,5.622900,7.040600,9.381900,1,23694,23694
105.221835,1,26,11,23,2,16.814302,6.401800,6.131800,16.722000,1,23694,23694
105.241022,1,26,11,23,2,16.700197,3.240600,6.022300,16.510900,1,23694,23694
105.262577,1,26,11,23,2,16.684801,5.429900,6.481800,19.428400,1,23029,23029
105.273037,1,26,11,23,2,17.787601,12.205900,7.134200,19.428400,1,23029,23029
105.289874,1,26,11,23,2,16.908798,3.676100,5.395500,10.546100,1,23029,23029
105.306646,1,26,11,23,2,16.753302,5.371800,6.036400,13.389900,1,23029,23029
105.324390,1,26,11,23,2,16.868200,2.527800,6.045400,17.666000,1,23029,23029
105.340202,1,26,11,23,2,16.715097,4.064200,6.796700,17.035299,1,23029,23029
105.363443,1,26,11,23,2,17.613701,2.711200,5.328000,15.690700,1,22858,22858
105.375112,1,26,11,23,2,17.063700,10.279700,5.378400,24.098801,1,22858,22858
105.391689,1,26,11,23,2,16.760302,4.583700,5.959800,10.922000,1,22858,22858
105.409332,1,26,11,23,2,16.841299,2.731500,6.250000,16.517200,1,22858,22858
105.425625,1,26,11,23,2,16.734999,4.140400,5.924300,17.786800,1,22858,22858
105.442058,1,26,11,23,2,16.734600,4.726700,6.559800,17.079300,1,22858,22858
105.464350,1,26,11,20,2,16.728502,5.345300,8.000500,15.618100,1,22524,22524
105.476246,1,26,10,20,2,17.386000,9.759100,6.049200,23.921600,1,22524,22524
105.493693,1,26,10,20,2,17.273598,3.275000,5.642900,10.388500,1,22524,22524
105.510033,1,26,10,20,2,16.674500,4.108000,5.676900,17.735701,1,22524,22524
105.526949,1,26,10,20,2,16.936001,3.723200,5.319300,15.896600,1,22524,22524
105.543952,1,26,10,20,2,16.970600,4.230900,5.830500,20.302799,1,22524,22524
105.567569,1,26,10,20,2,17.280001,2.978200,6.177000,14.489600,1,22878,22878
105.577921,1,26,10,20,2,16.716898,10.272000,6.330500,24.283199,1,22878,22878
105.595033,1,26,10,20,2,16.747002,3.013600,6.598500,10.051500,1,22878,22878
105.611812,1,26,10,20,2,16.716700,4.522000,5.581500,15.922200,1,22878,22878
105.628306,1,26,10,20,2,16.702600,4.606600,6.163100,17.021999,1,22878,22878
105.646000,1,26,10,20,2,16.998001,4.570200,7.165700,17.676300,1,22878,22878
105.670591,1,26,10,20,2,16.735901,4.028500,6.200600,16.443399,1,23222,23222
105.689837,1,26,10,20,2,28.062500,24.477900,6.200600,16.443399,1,23222,23222
105.709667,1,26,10,20,2,17.393097,6.412400,15.632800,37.063599,1,23222,23222
105.726009,1,26,10,20,2,18.275604,11.223800,7.949400,15.610900,1,23222,23222
105.744225,1,26,10,20,2,16.678698,7.757200,8.260100,12.436500,1,23222,23222
105.759451,1,26,10,20,2,16.882200,9.114200,8.000000,19.152901,1,23222,23222
105.786155,1,26,10,19,2,16.875200,7.839800,13.736500,14.411700,1,22706,22706
105.794391,1,26,9,19,2,18.417000,18.110901,13.736500,14.411700,1,22706,22706
105.812775,1,26,9,19,2,16.678200,5.327000,8.476900,11.910200,1,22706,22706
105.828740,1,26,9,19,2,16.968000,12.389200,7.026700,12.081100,1,22706,22706
105.844810,1,26,9,19,2,16.682699,7.481800,6.643300,16.969801,1,22706,22706
105.861837,1,26,9,19,2,16.836300,6.235700,5.666200,16.029699,1,22706,22706
105.886655,1,26,9,19,2,16.685602,4.619700,6.849500,15.749100,1,22863,22863
105.896383,1,26,9,19,2,17.016798,14.521700,6.849500,15.749100,1,22863,22863
105.916040,1,26,9,19,2,16.775499,4.569300,6.469800,11.627500,1,22863,22863
105.929015,1,26,9,19,2,16.698301,8.170300,7.925700,6.806500,1,22863,22863
105.945559,1,26,9,19,2,16.752199,5.474700,6.462000,12.161700,1,22863,22863
105.963791,1,26,9,19,2,18.081102,4.367700,7.556200,17.349600,1,22863,22863
106.005101,1,26,9,19,2,16.903900,3.551400,7.546100,17.293400,1,23037,23037
106.013777,1,26,9,19,2,33.259300,35.681702,7.546100,17.293400,1,23037,23037
106.030642,1,26,9,19,2,16.672998,5.816500,6.179300,11.759600,1,23037,23037
106.047107,1,26,9,19,2,16.671501,5.660700,6.367500,11.047900,1,23037,23037
106.064677,1,26,9,19,2,16.798601,2.673900,5.044000,16.106501,1,23037,23037
106.087004,1,26,9,18,2,16.726698,3.494000,4.734700,17.667101,1,22039,22039
106.097364,1,26,8,18,2,16.714603,11.075000,6.175400,24.396799,1,22039,22039
106.114187,1,26,8,18,2,16.785599,3.033500,5.685300,8.152000,1,22039,22039
106.131615,1,26,8,18,2,17.240398,2.825800,5.887200,17.450001,1,22039,22039
106.148512,1,26,8,18,2,16.853601,3.378300,6.355200,17.133600,1,22039,22039
106.165109,1,26,8,18,2,16.736202,3.239400,5.565000,17.823700,1,22039,22039
106.188146,1,26,8,17,2,16.849197,3.728800,5.674100,15.561800,1,22029,22029
106.201395,1,26,8,17,2,19.697100,16.246201,5.674100,15.561800,1,22029,22029
106.218254,1,26,8,17,2,16.769503,7.007800,6.768900,13.321200,1,22029,22029
106.235418,1,26,8,17,2,17.083700,7.801800,6.075700,10.589200,1,22029,22029
106.258256,1,26,8,17,2,22.810596,2.655700,6.876600,17.945601,1,22029,22029
106.275011,1,26,8,17,2,16.692001,3.439300,5.787800,22.560801,1,22029,22029
106.296804,1,26,8,17,2,16.777798,6.729200,7.046500,17.370100,1,22355,22355
106.308892,1,26,8,17,2,17.055500,9.948500,6.627800,21.734400,1,22355,22355
106.325611,1,26,8,17,2,16.852602,5.743500,5.168900,11.204600,1,22355,22355
106.342675,1,26,8,17,2,17.142899,2.920900,6.027200,16.908300,1,22355,22355
106.368682,1,26,8,17,2,25.778099,3.191500,4.568800,16.921600,1,22355,22355
106.386270,1,26,8,17,2,16.730000,3.551500,5.748800,26.143700,1,22355,22355
106.411183,1,26,8,17,2,16.777798,5.217300,6.211000,18.170900,1,22035,22035
106.419864,1,26,8,17,2,17.721701,18.198601,6.211000,18.170900,1,22035,22035
106.436731,1,26,8,17,2,16.668499,6.407500,7.298300,11.485200,1,22035,22035
106.454505,1,26,8,17,2,17.404404,7.894900,5.727300,11.948100,1,22035,22035
106.470494,1,26,8,17,2,16.667400,4.543700,7.168400,17.764299,1,22035,22035
106.487259,1,26,8,17,2,16.666901,4.373100,7.168400,17.764299,1,22035,22035
106.509551,1,26,8,16,2,16.666897,15.258300,9.037900,23.522301,1,21863,21863
106.522570,1,26,8,16,2,17.360401,11.234600,9.037900,23.522301,1,21863,21863
106.538221,1,26,8,16,2,16.958103,14.650000,10.718500,15.951800,1,21863,21863
106.562233,1,26,8,16,2,22.613499,9.929500,16.500799,16.617399,1,21863,21863
106.577665,1,26,8,16,2,16.675997,10.568100,9.017700,17.664000,1,21863,21863
106.594789,1,26,8,16,2,16.746502,7.763700,10.114400,16.066601,1,21863,21863
106.618170,1,26,8,16,2,16.701597,5.740300,7.601000,16.592899,1,22019,22019
106.628047,1,26,8,16,2,17.112501,13.891300,7.601000,16.592899,1,22019,22019
106.645165,1,26,8,16,2,16.710501,5.198700,9.779600,13.616200,1,22019,22019
106.661727,1,26,8,16,2,16.910299,5.462900,7.074400,12.104700,1,22019,22019
106.678340,1,26,8,16,2,16.763601,3.785300,6.793900,14.891000,1,22019,22019
106.695909,1,26,8,16,2,17.267197,5.372100,7.181500,16.624599,1,22019,22019
106.721934,1,26,8,16,2,17.004900,8.932200,5.397300,23.018499,1,21520,21520
106.730130,1,26,8,16,2,16.962004,13.905500,5.397300,23.018499,1,21520,21520
106.746359,1,26,8,16,2,16.738497,9.676900,10.149500,14.098500,1,21520,21520
106.763629,1,26,8,16,2,16.845800,3.452700,6.027500,9.269200,1,21520,21520
106.780795,1,26,8,16,2,17.069101,5.029500,7.117700,17.723400,1,21520,21520
106.797185,1,26,8,16,2,16.925901,5.469200,6.278000,17.598499,1,21520,21520
106.819949,1,26,8,15,2,16.718399,4.119600,5.647900,16.207800,1,21686,21686
106.830539,1,26,8,15,2,16.690399,11.479300,5.647900,16.207800,1,21686,21686
106.847351,1,26,8,15,2,16.731400,3.740300,6.505000,11.637700,1,21686,21686
106.864556,1,26,8,15,2,16.731300,3.384900,8.649500,13.283400,1,21686,21686
106.880889,1,26,8,15,2,16.672201,4.305700,6.290200,17.932199,1,21686,21686
106.897794,1,26,8,15,2,16.989998,6.458400,9.326200,16.496700,1,21686,21686
106.920819,1,26,8,14,2,16.730402,5.814900,6.417300,16.789499,1,20852,20852
106.932401,1,26,7,14,2,17.932098,12.196000,7.140100,23.404499,1,20852,20852
106.950514,1,26,7,14,2,16.866199,3.483100,6.997300,10.393600,1,20852,20852
106.966207,1,26,7,14,2,16.725700,7.239400,10.729500,18.581499,1,20852,20852
106.983650,1,26,7,14,2,17.570503,6.700200,10.427900,15.669300,1,20852,20852
107.000333,1,26,7,14,2,16.712200,6.437500,6.209900,21.999599,1,20852,20852
107.024048,1,26,7,14,2,17.483500,10.480200,7.306100,12.018700,1,19849,19849
107.034624,1,26,7,14,2,16.683697,11.298000,6.885400,24.716299,1,19849,19849
107.051674,1,26,7,14,2,17.215702,5.049400,7.028500,10.285000,1,19849,19849
107.068438,1,26,7,14,2,16.667898,3.711300,6.214200,16.659500,1,19849,19849
107.088212,1,26,7,14,2,19.652702,4.011600,7.644600,16.208900,1,19849,19849
107.107518,1,26,7,14,2,17.548201,5.968900,6.242500,20.996099,1,19849,19849
107.129971,1,26,7,13,2,18.004797,8.234200,6.547500,19.421200,1,20514,20514
107.140672,1,26,6,13,2,17.119400,10.640100,7.949700,19.421200,1,20514,20514
107.157695,1,26,6,13,2,16.691301,4.760500,6.797800,9.687000,1,20514,20514
107.175141,1,26,6,13,2,16.673201,5.043600,7.712900,13.872100,1,20514,20514
107.190919,1,26,6,13,2,16.701002,4.503800,5.623200,17.391701,1,20514,20514
107.207573,1,26,6,13,2,16.758099,3.243900,6.264000,15.996900,1,20514,20514
107.230597,1,26,6,13,2,16.732498,9.706000,6.539600,21.330900,1,20520,20520
107.242143,1,26,6,13,2,16.722198,10.484200,7.783500,19.156000,1,20520,20520
107.258378,1,26,6,13,2,17.512102,5.118300,6.108900,11.288600,1,20520,20520
107.275578,1,26,6,13,2,17.031799,4.270200,7.209800,16.064501,1,20520,20520
107.292936,1,26,6,13,2,17.419401,9.880400,6.360000,19.168200,1,20520,20520
107.309661,1,26,6,13,2,16.712599,4.746300,7.523600,15.685700,1,20520,20520
107.333273,1,26,6,13,2,17.531301,8.158300,9.001200,16.590799,1,20522,20522
107.343967,1,26,6,13,2,16.666800,11.648000,9.001200,16.590799,1,20522,20522
107.360533,1,26,6,13,2,16.667097,5.655600,6.257600,10.614800,1,20522,20522
107.384327,1,26,6,13,2,23.707003,4.285500,6.677200,14.698500,1,20522,20522
107.406330,1,26,6,13,2,22.134100,3.848500,6.664200,23.861200,1,20522,20522
107.423193,1,26,6,13,2,16.773998,4.249600,6.664200,23.861200,1,20522,20522
107.447033,1,26,6,11,2,16.921700,17.134800,9.180600,23.235600,1,19839,19839
107.457264,1,26,6,11,2,17.281301,13.389000,9.180600,23.235600,1,19839,19839
107.475583,1,26,6,11,2,17.254599,3.464800,7.123400,11.676600,1,19839,19839
107.491256,1,26,6,11,2,16.699802,6.229300,5.911100,15.308800,1,19839,19839
107.508711,1,26,6,11,2,17.414297,5.531600,6.385400,14.856200,1,19839,19839
107.525633,1,26,6,11,2,16.695101,3.395000,6.457100,17.127501,1,19839,19839
107.549085,1,26,6,11,2,16.707302,5.962100,5.897400,19.492800,1,19499,19499
107.559088,1,26,6,11,2,16.795401,12.574900,5.897400,19.492800,1,19499,19499
107.576514,1,26,6,11,2,17.556398,5.573400,6.249900,11.960300,1,19499,19499
107.593884,1,26,6,11,2,16.707201,3.479100,6.657300,13.883400,1,19499,19499
107.610171,1,26,6,11,2,16.971298,4.404900,7.516400,17.651800,1,19499,19499
107.626712,1,26,6,11,2,16.678802,3.700600,6.557100,16.261101,1,19499,19499
107.649205,1,26,6,11,2,17.159000,3.089800,6.006300,16.080900,1,19167,19167
107.661821,1,26,6,11,2,18.008600,13.014700,6.399900,24.685499,1,19167,19167
107.679279,1,26,6,11,2,16.907700,5.205300,7.477300,15.077400,1,19167,19167
107.695868,1,26,6,11,2,16.939100,5.534400,6.823700,13.101100,1,19167,19167
107.712869,1,26,6,11,2,16.850300,4.595800,5.842400,17.421301,1,19167,19167
107.729420,1,26,6,11,2,16.844999,12.289300,5.842400,17.421301,1,19167,19167
107.754002,1,26,6,11,2,18.355701,7.516200,6.771500,12.943400,1,19501,19501
107.764703,1,26,6,11,2,16.689499,10.461800,7.394600,12.943400,1,19501,19501
107.781526,1,26,6,11,2,16.887300,5.367400,5.954500,10.115100,1,19501,19501
107.798586,1,26,6,11,2,17.141100,4.094600,5.825100,16.411600,1,19501,19501
107.815242,1,26,6,11,2,16.671001,7.647800,6.311700,17.899500,1,19501,19501
107.831811,1,26,6,11,2,16.668100,3.641700,7.831900,15.899700,1,19501,19501
107.853397,1,26,6,11,2,16.671299,4.882500,6.119900,16.187401,1,20169,20169
107.865513,1,26,6,11,2,16.924799,10.643400,6.398200,23.914499,1,20169,20169
107.883954,1,26,6,11,2,17.402700,3.838300,5.394300,10.359800,1,20169,20169
107.899679,1,26,6,11,2,16.729000,7.212800,7.867500,22.638599,1,20169,20169
107.917180,1,26,6,11,2,17.611399,5.058500,7.668900,11.315200,1,20169,20169
107.934143,1,26,6,11,2,16.674400,5.240500,7.452000,18.436100,1,20169,20169
107.960079,1,26,6,11,2,16.693201,3.727600,7.134700,15.758300,1,20005,20005
107.967286,1,26,6,11,2,16.815998,14.451900,7.134700,15.758300,1,20005,20005
107.984516,1,26,6,11,2,17.009903,4.540200,6.492300,11.678700,1,20005,20005
108.002076,1,26,6,11,2,17.689596,5.255100,6.912800,10.399700,1,20005,20005
108.018879,1,26,6,11,2,16.775499,5.204800,6.691900,17.034300,1,20005,20005
108.037259,1,26,6,11,2,16.678102,3.226100,7.037600,16.969700,1,20005,20005
108.062691,1,26,6,11,2,17.037998,4.936100,7.514700,18.353100,1,20174,20174
108.069395,1,26,6,11,2,16.874500,14.647100,7.514700,18.353100,1,20174,20174
108.086138,1,26,6,11,2,16.679201,4.369100,7.570300,12.379100,1,20174,20174
108.103210,1,26,6,11,2,16.876198,3.388000,6.722800,9.598000,1,20174,20174
108.120657,1,26,6,11,2,17.027002,3.573900,6.264600,17.341400,1,20174,20174
108.137037,1,26,6,11,2,16.669098,4.177200,7.774600,17.650700,1,20174,20174
108.157693,1,26,6,10,1,16.667002,4.301900,7.653000,16.129000,1,20336,20336
108.170079,1,26,6,10,1,16.666800,9.242500,6.165400,21.228600,1,20336,20336
108.186686,1,26,6,10,1,16.666698,2.980300,4.585100,11.523100,1,20336,20336
108.203376,1,26,6,10,1,16.666800,2.994300,4.414900,16.787399,1,20336,20336
108.221099,1,26,6,10,1,17.431501,3.062500,5.973700,16.881701,1,20336,20336
108.237595,1,26,6,10,1,16.732000,11.478100,7.770800,16.881701,1,20336,20336
108.261021,1,26,6,10,1,17.372898,6.196900,7.405200,9.967700,1,20502,20502
108.272214,1,26,6,10,1,17.143700,10.887900,5.894500,21.423100,1,20502,20502
108.288986,1,26,6,10,1,16.936901,4.291100,6.656000,10.433500,1,20502,20502
108.306197,1,26,6,10,1,16.872700,3.395000,7.505500,16.497700,1,20502,20502
108.322803,1,26,6,10,1,16.845398,5.097200,8.373100,16.792601,1,20502,20502
108.339756,1,26,6,10,1,16.957502,3.612700,6.322900,16.736200,1,20502,20502
108.362124,1,26,6,9,1,16.695398,3.744700,7.735500,17.080299,1,20328,20328
108.373213,1,26,5,9,1,16.837299,11.455800,6.608700,23.202801,1,20328,20328
108.391510,1,26,5,9,1,18.275000,3.256700,7.097100,10.194900,1,20328,20328
108.408163,1,26,5,9,1,16.668100,6.278200,6.229100,18.214899,1,20328,20328
108.425094,1,26,5,9,1,16.813002,4.478900,6.366800,16.428101,1,20328,20328
108.441784,1,26,5,9,1,16.667097,3.436000,5.535900,17.296400,1,20328,20328
108.458344,1,26,5,9,1,16.740900,3.205700,5.777600,16.607201,1,20328,20328
108.475196,1,26,5,9,1,16.873798,3.047700,6.657200,16.306200,1,20328,20328
108.492245,1,26,5,9,1,16.897001,4.434400,5.698400,16.795601,1,20328,20328
108.508897,1,26,5,9,1,16.721703,3.026900,6.557100,17.157101,1,20328,20328
108.525690,1,26,5,9,1,16.785700,3.640800,5.944300,17.053699,1,20328,20328
108.542390,1,26,5,9,1,16.718599,3.100900,7.978400,16.598000,1,20328,20328
108.559450,1,26,5,9,1,16.944296,3.838700,8.595900,17.511499,1,20328,20328
108.577210,1,26,5,9,1,16.817503,6.963100,6.159400,16.036800,1,20328,20328
108.593717,1,26,5,9,1,17.483398,4.481300,6.097900,17.806400,1,20328,20328
108.616438,2,26,5,9,0,16.948101,4.192600,6.504200,17.483700,1,19799,19799
108.850053,2,26,5,9,0,236.796402,236.783401,6.504200,17.483700,1,19799,19799
108.865969,0,27,5,0,0,16.779799,13.491000,6.086200,13.385700,1,6256,6256
109.118438,1,27,6,12,1,249.168503,249.355804,6.739800,253.123596,1,13429,13429
109.301448,1,27,12,12,1,184.000900,183.483307,6.739800,253.123596,1,14765,14765
109.314020,1,27,12,12,1,16.666803,8.087700,6.173200,11.741200,1,14765,14765
109.330759,1,27,12,12,1,16.666897,3.477500,6.110500,8.297400,1,14765,14765
109.347230,1,27,12,12,1,16.667002,3.450600,6.371300,16.716801,1,14765,14765
109.364012,1,27,12,12,1,16.666698,3.069100,5.463100,16.136200,1,14765,14765
109.380708,1,27,12,12,1,16.666901,5.977600,5.446600,20.196400,1,14765,14765
109.399207,1,27,12,11,1,16.667002,2.781200,6.115400,13.447100,1,15099,15099
109.414119,1,27,11,11,1,16.666901,6.716200,5.297200,20.678699,1,15099,15099
109.430561,1,27,11,11,1,16.666698,3.409500,5.057200,13.119500,1,15099,15099
109.576395,1,27,11,11,1,143.146988,3.104500,0.486500,16.155600,1,14469,14469
109.590351,1,27,11,11,1,16.666702,123.100304,4.638600,146.743301,1,14469,14469
109.607115,1,27,11,11,1,16.666698,2.467100,4.117100,12.813300,1,14469,14469
109.623662,1,27,11,11,1,16.666901,2.390100,4.449700,17.097799,1,14469,14469
109.640427,1,27,11,11,1,16.666800,2.347500,4.063200,16.156601,1,14469,14469
109.657041,1,27,11,11,1,16.666800,2.769600,6.418700,17.012800,1,14469,14469
109.677036,1,27,11,11,1,16.876898,2.787600,4.514400,16.575500,1,14309,14309
109.690630,1,27,11,11,1,16.666698,6.417900,6.125500,20.941799,1,14309,14309
109.707405,1,27,11,11,1,16.666800,3.275600,5.045000,12.693500,1,14309,14309
109.724095,1,27,11,11,1,16.675003,3.256400,6.188200,16.797701,1,14309,14309
109.740613,1,27,11,11,1,16.666800,3.082200,6.271600,16.850901,1,14309,14309
109.757342,1,27,11,11,1,16.666901,3.153100,4.532700,16.276501,1,14309,14309
109.777047,1,27,11,11,1,16.666800,2.643400,4.969000,16.822300,1,14641,14641
109.790635,1,27,11,11,1,16.666698,6.529800,4.774600,19.913700,1,14641,14641
109.807419,1,27,11,11,1,16.666800,2.507400,5.082300,13.183000,1,14641,14641
109.824065,1,27,11,11,1,16.666901,2.882100,5.347100,17.354700,1,14641,14641
109.840551,1,27,11,11,1,16.666800,3.334800,4.491300,16.145500,1,14641,14641
109.857280,1,27,11,11,1,16.666901,2.479300,4.455000,16.264099,1,14641,14641
109.876448,1,27,11,10,1,16.666901,2.945900,4.381000,17.625099,1,13973,13973
109.890676,1,27,10,10,1,16.666998,7.575700,5.009000,20.871201,1,13973,13973
109.907380,1,27,10,10,1,16.666803,3.425900,5.328600,12.055600,1,13973,13973
109.923903,1,27,10,10,1,16.666698,2.815500,4.802300,16.563200,1,13973,13973
109.940816,1,27,10,10,1,16.682100,2.220800,4.652400,16.451500,1,13973,13973
109.957200,1,27,10,10,1,16.666698,2.863500,4.132800,17.087500,1,13973,13973
109.975595,1,27,10,10,1,16.666800,2.391300,4.046200,15.933500,1,13975,13975
109.990705,1,27,10,10,1,16.666901,4.492800,4.925400,19.190800,1,13975,13975
110.007254,1,27,10,10,1,16.666698,3.174100,3.813000,14.537700,1,13975,13975
110.023986,1,27,10,10,1,16.666800,2.249200,3.101300,16.639000,1,13975,13975
110.040680,1,27,10,10,1,16.666800,2.964300,5.095800,16.747499,1,13975,13975
110.057258,1,27,10,10,1,16.666901,2.911900,3.702600,16.538601,1,13975,13975
110.076591,1,27,10,10,1,16.668699,1.918200,3.223300,16.445499,1,14810,14810
110.090573,1,27,10,10,1,16.666702,5.519700,4.305600,20.471800,1,14810,14810
110.107205,1,27,10,10,1,16.666800,2.300900,3.319400,12.847100,1,14810,14810
110.222022,1,27,10,9,1,110.935799,110.927200,3.319400,12.847100,1,14151,14151
110.234906,1,27,9,9,1,16.666901,7.793300,5.461700,8.910800,1,14151,14151
110.251651,1,27,9,9,1,16.666800,3.347300,5.268000,11.411500,1,14151,14151
110.268247,1,27,9,9,1,16.666998,3.023700,4.355400,15.761400,1,14151,14151
110.285034,1,27,9,9,1,16.666800,2.555800,3.686600,16.891899,1,14151,14151
110.301738,1,27,9,9,1,16.666800,2.661700,4.231800,16.600100,1,14151,14151
110.320377,1,27,9,8,1,16.666702,3.151100,5.215400,16.621500,1,13646,13646
110.334994,1,27,8,8,1,16.666901,5.750000,6.171400,19.657801,1,13646,13646
110.351713,1,27,8,8,1,16.666998,4.109900,5.187600,14.323700,1,13646,13646
110.368252,1,27,8,8,1,16.667002,3.409800,6.558200,16.643101,1,13646,13646
110.384957,1,27,8,8,1,16.666698,4.082700,4.534000,16.005100,1,13646,13646
110.401579,1,27,8,8,1,16.667002,4.568300,6.940100,19.151800,1,13646,13646
110.420042,1,27,8,8,1,16.666901,3.034100,5.233800,14.513200,1,12981,12981
110.434862,1,27,8,8,1,16.666800,5.452100,5.000800,18.788401,1,12981,12981
110.451709,1,27,8,8,1,16.666800,2.752300,5.510900,14.660600,1,12981,12981
110.468232,1,27,8,8,1,16.669899,3.216800,5.641300,16.549801,1,12981,12981
110.485352,1,27,8,8,1,16.666901,2.905600,4.109300,16.463900,1,12981,12981
110.501600,1,27,8,8,1,16.666698,3.514800,5.477000,17.286200,1,12981,12981
110.521138,1,27,8,7,1,16.667002,3.473000,5.098400,15.967200,1,13471,13471
110.535118,1,27,7,7,1,16.666901,6.709000,5.871900,21.465099,1,13471,13471
110.551684,1,27,7,7,1,16.667002,3.922800,5.404200,12.613600,1,13471,13471
110.568233,1,27,7,7,1,16.667002,3.508500,5.431400,16.413700,1,13471,13471
110.585081,1,27,7,7,1,16.666998,3.315100,5.306400,17.075199,1,13471,13471
110.601573,1,27,7,7,1,16.666800,3.827700,5.475500,16.144400,1,13471,13471
110.620501,1,27,7,7,1,16.666901,2.793500,4.265200,16.298000,1,13633,13633
110.634935,1,27,7,7,1,16.666698,6.209600,6.182800,20.072399,1,13633,13633
110.651541,1,27,7,7,1,16.666702,2.909900,5.103000,13.212700,1,13633,13633
110.668397,1,27,7,7,1,16.666698,2.464600,4.255000,16.542700,1,13633,13633
110.685014,1,27,7,7,1,16.666698,2.702400,5.789400,17.134600,1,13633,13633
110.701576,1,27,7,7,1,16.666800,3.875100,5.075400,16.647200,1,13633,13633
110.720613,1,27,7,7,1,16.666698,4.208000,5.273100,16.346100,1,13473,13473
110.735091,1,27,7,7,1,16.666901,5.705500,4.879300,19.464199,1,13473,13473
110.751682,1,27,7,7,1,16.666901,3.280400,5.361300,14.830600,1,13473,13473
110.768219,1,27,7,7,1,16.666698,3.089600,4.872200,15.893500,1,13473,13473
110.784922,1,27,7,7,1,16.666800,3.661200,4.528100,16.459801,1,13473,13473
110.801689,1,27,7,7,1,16.666702,2.665300,3.674900,16.543699,1,13473,13473
110.820544,1,27,7,7,1,16.666901,2.476200,4.257300,17.104900,1,13810,13810
110.834955,1,27,7,7,1,16.666698,6.402300,3.540400,19.260401,1,13810,13810
110.851701,1,27,7,7,1,16.666698,2.391500,4.770900,13.854700,1,13810,13810
110.868220,1,27,7,7,1,16.666698,2.843600,4.957800,16.763901,1,13810,13810
110.884915,1,27,7,7,1,16.666800,3.117400,4.212500,17.078300,1,13810,13810
110.901621,1,27,7,7,1,16.666901,3.005300,5.847800,16.469999,1,13810,13810
110.919828,1,27,7,7,1,16.666901,4.939600,4.927000,18.185200,1,13146,13146
110.935082,1,27,7,7,1,16.666800,4.751700,4.968200,16.695299,1,13146,13146
110.951631,1,27,7,7,1,16.667002,3.000200,4.797300,15.642700,1,13146,13146
110.968223,1,27,7,7,1,16.666901,3.241000,4.140700,15.652800,1,13146,13146
110.985130,1,27,7,7,1,16.667002,2.211500,4.458200,16.478201,1,13146,13146
111.001543,1,27,7,7,1,16.666800,3.077600,6.710300,17.411100,1,13146,13146
111.019972,1,27,7,7,1,16.666800,2.735000,4.436000,16.293900,1,13479,13479
111.034975,1,27,7,7,1,16.666800,5.545900,4.154900,19.070999,1,13479,13479
111.051636,1,27,7,7,1,16.666698,3.078600,5.398700,14.219200,1,13479,13479
111.068349,1,27,7,7,1,16.666901,3.067500,5.120900,16.666700,1,13479,13479
111.085370,1,27,7,7,1,16.675398,3.240300,7.087100,17.251301,1,13479,13479
111.101720,1,27,7,7,1,16.666800,4.164700,5.821500,16.825300,1,13479,13479
111.121501,1,27,7,7,1,16.667002,3.441800,7.468400,16.298000,1,13811,13811
111.135329,1,27,7,7,1,16.666698,7.251400,6.163200,20.599800,1,13811,13811
111.151703,1,27,7,7,1,16.667002,4.266000,6.287100,13.173800,1,13811,13811
111.168306,1,27,7,7,1,16.666901,4.295900,6.038400,15.959000,1,13811,13811
111.185219,1,27,7,7,1,16.671602,3.727900,6.267900,16.929800,1,13811,13811
111.201632,1,27,7,7,1,16.666901,4.129000,6.505500,17.165300,1,13811,13811
111.221269,1,27,7,7,1,16.666800,4.861700,6.324600,16.411699,1,13309,13309
111.240918,1,27,7,7,1,21.986601,7.900100,6.919000,19.766199,1,13309,13309
111.257069,1,27,7,7,1,16.666897,3.626100,5.673700,18.851900,1,13309,13309
111.273626,1,27,7,7,1,16.666803,3.447500,5.711700,18.355200,1,13309,13309
111.290317,1,27,7,7,1,16.666698,8.471500,6.239300,14.331900,1,13309,13309
111.308268,1,27,7,7,1,17.986897,5.458300,8.163800,16.786400,1,13309,13309
111.328065,1,27,7,6,1,16.739004,4.780600,5.794100,18.318399,1,13307,13307
111.343739,1,27,6,6,1,16.679096,7.865700,6.537200,23.711700,1,13307,13307
111.358524,1,27,6,6,1,16.717300,5.730200,7.575700,12.214300,1,13307,13307
111.375179,1,27,6,6,1,16.667601,3.217800,6.389500,13.727700,1,13307,13307
111.391931,1,27,6,6,1,16.687401,4.781100,5.935500,16.832600,1,13307,13307
111.408480,1,27,6,6,1,16.668201,3.481800,8.120500,17.174500,1,13307,13307
111.426758,1,27,6,6,1,16.666901,7.508100,6.617000,18.958300,1,12637,12637
111.441753,1,27,6,6,1,16.666901,5.524700,5.602700,16.265200,1,12637,12637
111.458408,1,27,6,6,1,16.666998,2.889900,4.782700,13.900800,1,12637,12637
111.475252,1,27,6,6,1,16.666901,2.276900,3.312300,16.706600,1,12637,12637
111.491824,1,27,6,6,1,16.666901,2.701000,4.409200,17.172501,1,12637,12637
111.508331,1,27,6,6,1,16.666800,3.089700,4.168300,16.524300,1,12637,12637
111.547510,1,27,6,6,1,36.036301,2.374500,4.515600,16.174000,1,12801,12801
111.561605,1,27,6,6,1,17.085600,8.405600,5.821900,42.208302,1,12801,12801
111.578992,1,27,6,6,1,16.939100,5.029900,5.104000,11.379700,1,12801,12801
111.595420,1,27,6,6,1,16.859800,3.379400,3.910100,17.211399,1,12801,12801
111.612080,1,27,6,6,1,16.718201,3.161200,6.146500,16.761900,1,12801,12801
111.629448,1,27,6,6,1,17.442898,5.908500,5.025100,16.363501,1,12801,12801
111.650390,1,27,6,6,1,17.138599,2.501000,5.852500,17.133499,1,13136,13136
111.663423,1,27,6,6,1,16.782001,8.689600,6.938700,23.381001,1,13136,13136
111.681400,1,27,6,6,1,17.680601,3.887300,4.037200,11.348000,1,13136,13136
111.697851,1,27,6,6,1,16.746700,3.151800,5.566000,17.891300,1,13136,13136
111.715090,1,27,6,6,1,17.296103,3.655700,5.217100,16.345100,1,13136,13136
111.732467,1,27,6,6,1,17.258797,4.078500,6.648600,16.759800,1,13136,13136
111.752211,1,27,6,6,1,17.077200,3.513100,5.970200,17.649700,1,13306,13306
111.766295,1,27,6,6,1,16.674002,6.525400,5.867800,20.477900,1,13306,13306
111.784119,1,27,6,6,1,17.940403,4.659500,5.285400,13.894700,1,13306,13306
111.801166,1,27,6,6,1,17.070297,4.430500,4.523900,17.678301,1,13306,13306
111.817958,1,27,6,6,1,16.794800,2.963400,5.106300,16.567301,1,13306,13306
111.834676,1,27,6,6,1,16.724001,4.124500,5.035300,16.622601,1,13306,13306
111.854958,1,27,6,6,1,16.829201,2.592100,4.405200,16.757799,1,13138,13138
111.868197,1,27,6,6,1,16.666998,6.840100,4.372600,21.114901,1,13138,13138
111.885077,1,27,6,6,1,16.886402,4.042900,6.952400,12.625900,1,13138,13138
111.902045,1,27,6,6,1,16.861498,4.159700,9.710900,17.600500,1,13138,13138
111.919779,1,27,6,6,1,17.526001,6.078300,6.209500,17.479700,1,13138,13138
111.936252,1,27,6,6,1,16.682699,7.308200,6.672900,22.731800,1,13138,13138
111.957359,1,27,6,6,1,16.668402,6.500100,6.843300,10.791900,1,12636,12636
111.969853,1,27,6,6,1,16.992901,9.406800,8.763500,21.132299,1,12636,12636
111.986913,1,27,6,6,1,16.821098,3.597300,6.243600,11.782100,1,12636,12636
112.003387,1,27,6,6,1,16.681902,3.464000,6.468900,17.347601,1,12636,12636
112.020097,1,27,6,6,1,16.832798,4.336000,5.507800,17.308701,1,12636,12636
112.037383,1,27,6,6,1,17.214100,2.803200,7.877900,16.268299,1,12636,12636
112.058099,1,27,6,4,1,17.560001,6.197000,6.194500,16.575500,1,13125,13125
112.071844,1,27,4,4,1,16.878098,11.053100,5.954900,23.088100,1,13125,13125
112.088545,1,27,4,4,1,16.667101,3.214000,5.203600,11.461600,1,13125,13125
112.105476,1,27,4,4,1,16.666800,3.349700,5.857700,16.982000,1,13125,13125
112.121746,1,27,4,4,1,16.666998,3.732400,5.259500,17.015800,1,13125,13125
112.138498,1,27,4,4,1,16.666803,3.048400,5.049800,15.718400,1,13125,13125
112.157507,1,27,4,4,1,16.667097,2.693100,4.093800,16.748600,1,12963,12963
112.171827,1,27,4,4,1,16.666698,5.169600,6.453100,19.366899,1,12963,12963
112.188562,1,27,4,4,1,16.677900,2.642500,4.481700,14.181400,1,12963,12963
112.205208,1,27,4,4,1,16.666901,2.944500,5.300300,16.733200,1,12963,12963
112.221758,1,27,4,4,1,16.666901,3.242000,4.822100,16.521200,1,12963,12963
112.238499,1,27,4,4,1,16.666800,2.832300,3.859000,16.759800,1,12963,12963
112.258058,1,27,4,4,1,16.666698,2.580300,5.610200,16.746500,1,12138,12138
112.271745,1,27,4,4,1,16.667002,8.278900,4.013200,20.139999,1,12138,12138
112.288590,1,27,4,4,1,16.666901,2.749200,4.022000,12.813300,1,12138,12138
112.305131,1,27,4,4,1,16.666901,2.926700,4.331100,17.204201,1,12138,12138
112.321740,1,27,4,4,1,16.666998,2.928600,4.578800,16.167999,1,12138,12138
112.338532,1,27,4,4,1,16.666800,2.812000,4.880400,16.610300,1,12138,12138
112.357756,1,27,4,4,1,16.666803,5.618400,3.726700,16.847900,1,12631,12631
112.372128,1,27,4,4,1,16.666897,5.630200,4.912900,19.577801,1,12631,12631
112.388416,1,27,4,4,1,16.666800,3.713700,4.383400,15.116300,1,12631,12631
112.405056,1,27,4,4,1,16.666901,2.775800,3.079800,15.078400,1,12631,12631
112.421852,1,27,4,4,1,16.666901,1.966800,2.778800,16.499701,1,12631,12631
112.438397,1,27,4,4,1,16.666698,4.344400,3.770700,19.884001,1,12631,12631
112.456673,1,27,4,4,1,16.666901,2.093600,3.129300,13.486100,1,12969,12969
112.471876,1,27,4,4,1,16.666901,4.194500,5.028600,19.333099,1,12969,12969
112.488571,1,27,4,4,1,16.667002,3.111800,5.719400,14.488600,1,12969,12969
112.505181,1,27,4,4,1,16.666800,3.749400,5.304400,16.798700,1,12969,12969
112.521758,1,27,4,4,1,16.666698,2.891700,6.220300,16.471100,1,12969,12969
112.538485,1,27,4,4,1,16.666800,2.731500,4.466400,16.799700,1,12969,12969
112.558029,1,27,4,4,1,16.666901,2.253000,3.103900,16.259100,1,12635,12635
112.571878,1,27,4,4,1,16.666698,5.432800,4.968700,20.152300,1,12635,12635
112.588365,1,27,4,4,1,16.666901,2.598000,5.297700,13.479900,1,12635,12635
112.605387,1,27,4,4,1,16.666901,2.889400,5.249500,16.455700,1,12635,12635
112.621812,1,27,4,4,1,16.666901,3.293900,4.850000,17.081400,1,12635,12635
112.638422,1,27,4,4,1,16.666800,2.878800,3.670500,16.471001,1,12635,12635
112.657068,1,27,4,4,1,16.666800,2.749800,4.593000,16.728100,1,12463,12463
112.671800,1,27,4,4,1,16.666901,5.191200,4.024400,18.808800,1,12463,12463
112.688484,1,27,4,4,1,16.667002,2.745200,3.694000,14.237700,1,12463,12463
112.705226,1,27,4,4,1,16.666901,2.487200,4.669100,16.938000,1,12463,12463
112.721808,1,27,4,4,1,16.666800,2.733200,3.719900,16.543699,1,12463,12463
112.738501,1,27,4,4,1,16.666800,2.661000,4.139000,16.570400,1,12463,12463
112.757880,1,27,4,4,1,16.711700,2.555800,4.200600,16.696301,1,12630,12630
112.771823,1,27,4,4,1,16.666901,5.773500,4.691600,19.744801,1,12630,12630
112.788456,1,27,4,4,1,16.666800,2.370900,4.980200,13.752300,1,12630,12630
112.805164,1,27,4,4,1,16.666800,2.770100,4.022600,16.618500,1,12630,12630
112.822122,1,27,4,4,1,16.666800,2.616400,3.360300,16.316401,1,12630,12630
112.838525,1,27,4,4,1,16.666698,2.872600,4.959500,17.540100,1,12630,12630
112.855094,1,27,4,4,1,16.666901,2.629700,3.811100,15.959100,1,12630,12630
112.871855,1,27,4,4,1,16.666800,2.212300,3.232200,16.427000,1,12630,12630
112.888435,1,27,4,4,1,16.666800,2.123900,3.820100,16.914400,1,12630,12630
112.905138,1,27,4,4,1,16.666901,2.927800,3.493300,17.311701,1,12630,12630
112.921780,1,27,4,4,1,16.666698,2.412700,4.045200,16.609301,1,12630,12630
112.938452,1,27,4,4,1,16.671501,2.257600,4.218500,16.015400,1,12630,12630
112.955221,1,27,4,4,1,16.666901,4.389800,4.465600,18.269199,1,12630,12630
112.971836,1,27,4,4,1,16.666901,2.367500,4.289200,15.406000,1,12630,12630
112.988444,1,27,4,4,1,16.666698,2.653500,3.438300,16.174101,1,12630,12630
113.007553,2,27,4,3,0,16.666800,1.829200,3.211800,16.542700,1,12660,12660
113.133702,2,27,3,3,0,128.595200,127.528900,3.211800,16.542700,1,12660,12660
113.150500,2,27,3,3,0,16.666800,2.885800,5.281800,7.798800,1,12660,12660
113.167110,2,27,3,3,0,16.666901,2.421000,4.973900,11.882500,1,12660,12660
113.186199,1,28,3,12,1,16.666698,2.783700,3.745400,16.491501,1,11119,11119
113.306175,1,28,12,12,1,120.745804,121.087601,3.745400,16.491501,1,12954,12954
113.321260,1,28,12,12,1,16.666901,4.385700,6.762200,9.386000,1,12954,12954
113.337848,1,28,12,12,1,16.666901,3.551300,5.281100,9.807900,1,12954,12954
113.354479,1,28,12,12,1,16.666800,2.960600,3.959900,16.382999,1,12954,12954
113.371170,1,28,12,12,1,16.666698,2.166300,4.859500,17.189899,1,12954,12954
113.387776,1,28,12,12,1,16.666800,3.252300,4.037800,16.365499,1,12954,12954
113.406276,1,28,12,12,1,16.666702,2.178000,3.640800,16.229401,1,14122,14122
113.421206,1,28,12,12,1,16.666998,4.398300,4.317600,19.346399,1,14122,14122
113.437797,1,28,12,12,1,16.666901,2.612200,3.739100,14.354500,1,14122,14122
113.454547,1,28,12,12,1,16.666901,2.191400,4.575200,16.545799,1,14122,14122
113.471204,1,28,12,12,1,16.667101,4.251200,5.186200,18.809799,1,14122,14122
113.487806,1,28,12,12,1,16.670998,2.508700,4.174700,14.779400,1,14122,14122
113.623495,1,28,12,12,1,132.547195,2.108800,0.439500,17.286100,1,14805,14805
113.637072,1,28,12,12,1,16.666901,116.391800,4.697400,135.939102,1,14805,14805
113.653776,1,28,12,12,1,16.666698,2.832500,4.297700,12.584000,1,14805,14805
113.670471,1,28,12,12,1,16.666901,2.520900,4.267900,16.583599,1,14805,14805
113.687027,1,28,12,12,1,16.666698,2.573300,4.977600,16.816200,1,14805,14805
113.703716,1,28,12,12,1,16.666803,3.128600,4.857300,16.714701,1,14805,14805
113.723817,1,28,12,12,1,16.666800,2.756400,5.120500,16.434200,1,15646,15646
113.737118,1,28,12,12,1,16.666698,7.243600,4.749200,21.862400,1,15646,15646
113.753659,1,28,12,12,1,16.667002,2.607000,4.269600,11.607000,1,15646,15646
113.770444,1,28,12,12,1,16.666800,2.547700,4.738200,16.355400,1,15646,15646
113.787066,1,28,12,12,1,16.666901,2.282300,4.419000,17.033199,1,15646,15646
113.803702,1,28,12,12,1,16.666800,2.336100,3.946100,16.395201,1,15646,15646
113.822096,1,28,12,12,1,16.666800,2.225100,5.273000,17.143801,1,14999,14999
113.837024,1,28,12,12,1,16.666698,5.022200,3.802800,18.398300,1,14999,14999
113.853951,1,28,12,12,1,16.667002,2.365000,3.522700,14.380000,1,14999,14999
113.870470,1,28,12,12,1,16.666897,2.455900,5.617700,17.408001,1,14999,14999
113.887131,1,28,12,12,1,16.666803,2.959400,4.887900,16.333799,1,14999,14999
113.903794,1,28,12,12,1,16.666800,2.922900,4.757500,16.431101,1,14999,14999
113.923006,1,28,12,11,1,16.666998,3.150300,4.986200,17.465401,1,14344,14344
113.937048,1,28,11,11,1,16.666800,5.615400,6.805400,19.052500,1,14344,14344
113.953689,1,28,11,11,1,16.666901,2.599700,4.924700,14.092300,1,14344,14344
113.970377,1,28,11,11,1,16.666702,3.454900,4.648500,16.057301,1,14344,14344
113.987233,1,28,11,11,1,16.666897,4.141800,4.974700,18.427900,1,14344,14344
114.003869,1,28,11,11,1,16.667002,2.909800,7.031500,15.810600,1,14344,14344
114.021953,1,28,11,10,1,16.667002,3.603900,4.309200,15.969300,1,13673,13673
114.037068,1,28,10,10,1,16.666901,4.988800,5.133200,19.336201,1,13673,13673
114.053727,1,28,10,10,1,16.666901,3.484500,4.731000,13.852600,1,13673,13673
114.070414,1,28,10,10,1,16.666698,2.332100,4.546700,17.058901,1,13673,13673
114.087093,1,28,10,10,1,16.667002,2.436200,5.785700,17.452999,1,13673,13673
114.103690,1,28,10,10,1,16.666901,3.000600,4.003500,15.373300,1,13673,13673
114.122931,1,28,10,10,1,16.666800,2.252200,3.048000,16.505899,1,13178,13178
114.137026,1,28,10,10,1,16.666901,5.267700,3.960700,19.888100,1,13178,13178
114.153639,1,28,10,10,1,16.666897,2.446300,3.948000,13.612000,1,13178,13178
114.170695,1,28,10,10,1,16.666901,1.959500,3.542800,16.586800,1,13178,13178
114.187019,1,28,10,10,1,16.666702,2.399400,3.494600,6.029300,1,13178,13178
114.203655,1,28,10,10,1,16.666897,2.156900,3.273300,16.275000,1,13178,13178
114.221907,1,28,10,10,1,16.666901,1.942600,4.601700,17.443899,1,13684,13684
114.236961,1,28,10,10,1,16.666800,4.695400,3.482800,17.990601,1,13684,13684
114.253760,1,28,10,10,1,16.666901,2.088100,2.683700,14.316600,1,13684,13684
114.270381,1,28,10,10,1,16.666901,2.313700,3.788600,17.619900,1,13684,13684
114.286977,1,28,10,10,1,16.666800,2.298500,3.542200,15.955000,1,13684,13684
114.303932,1,28,10,10,1,16.666800,2.073600,3.763200,16.514999,1,13684,13684
114.322483,1,28,10,10,1,16.667303,2.496100,3.374000,17.144899,1,14190,14190
114.336971,1,28,10,10,1,16.666698,4.748900,3.207500,18.853901,1,14190,14190
114.353801,1,28,10,10,1,16.666800,2.089100,4.171300,15.087600,1,14190,14190
114.370343,1,28,10,10,1,16.666800,2.455300,3.420900,15.816700,1,14190,14190
114.387098,1,28,10,10,1,16.666698,2.327200,3.245200,16.412600,1,14190,14190
114.403715,1,28,10,10,1,16.666800,2.311500,3.609200,17.303600,1,14190,14190
114.421792,1,28,10,10,1,16.666901,2.485100,3.322400,16.181200,1,14030,14030
114.437090,1,28,10,10,1,16.666901,4.175200,4.629300,19.303499,1,14030,14030
114.453647,1,28,10,10,1,16.666800,2.487300,3.343200,14.127100,1,14030,14030
114.470329,1,28,10,10,1,16.666901,2.265900,3.070200,16.479200,1,14030,14030
114.487032,1,28,10,10,1,16.666698,2.121800,3.984200,16.587799,1,14030,14030
114.503640,1,28,10,10,1,16.666901,3.924500,3.826300,18.620399,1,14030,14030
114.522508,1,28,10,9,1,16.666901,3.050000,2.912400,14.692400,1,14517,14517
114.537054,1,28,9,9,1,16.666698,4.914500,3.980600,19.789801,1,14517,14517
114.553669,1,28,9,9,1,16.666698,2.559700,3.823400,13.796400,1,14517,14517
114.570509,1,28,9,9,1,16.666800,2.322400,3.140900,16.463800,1,14517,14517
114.586982,1,28,9,9,1,16.666803,2.173300,3.555800,16.963600,1,14517,14517
114.603673,1,28,9,9,1,16.666897,2.048000,2.954000,16.377899,1,14517,14517
114.622057,1,28,9,8,1,16.666901,2.354500,4.084100,16.657400,1,14006,14006
114.636964,1,28,8,8,1,16.666702,4.190900,3.231100,18.929600,1,14006,14006
114.653766,1,28,8,8,1,16.666897,2.188200,2.804000,14.308400,1,14006,14006
114.670399,1,28,8,8,1,16.679701,1.987000,3.881900,17.197001,1,14006,14006
114.686987,1,28,8,8,1,16.666800,2.453600,3.082100,16.414801,1,14006,14006
114.703820,1,28,8,8,1,16.666901,2.117600,2.979300,16.511999,1,14006,14006
114.721909,1,28,8,8,1,16.666901,2.007400,3.356800,16.941000,1,13016,13016
114.737046,1,28,8,8,1,16.666800,4.371900,3.983100,18.699301,1,13016,13016
114.753814,1,28,8,8,1,16.666800,2.609600,4.613500,14.465000,1,13016,13016
114.770358,1,28,8,8,1,16.666800,2.491000,4.103900,16.923700,1,13016,13016
114.787117,1,28,8,8,1,16.666901,2.553400,3.207300,16.273399,1,13016,13016
114.803797,1,28,8,8,1,16.666800,2.297400,4.156900,17.344500,1,13016,13016
114.821895,1,28,8,8,1,16.666702,2.794700,3.878400,16.434200,1,13510,13510
114.837156,1,28,8,8,1,16.666800,4.298900,4.926100,18.342899,1,13510,13510
114.853749,1,28,8,8,1,16.666901,2.898600,3.712500,14.992300,1,13510,13510
114.870331,1,28,8,8,1,16.666897,2.324400,3.553900,16.513100,1,13510,13510
114.887185,1,28,8,8,1,16.666901,2.182100,4.043100,16.485300,1,13510,13510
114.903683,1,28,8,8,1,16.666702,2.667400,3.984900,17.144899,1,13510,13510
114.922154,1,28,8,8,1,16.666800,2.223100,3.095300,16.199699,1,13849,13849
114.937056,1,28,8,8,1,16.666897,5.168400,4.273600,19.922899,1,13849,13849
114.953668,1,28,8,8,1,16.666901,2.738200,3.341700,13.493300,1,13849,13849
114.970485,1,28,8,8,1,16.666800,2.328200,4.176100,16.503799,1,13849,13849
114.987103,1,28,8,8,1,16.666800,2.522300,4.347000,17.035200,1,13849,13849
115.003712,1,28,8,8,1,16.666702,4.126500,4.018600,18.212900,1,13849,13849
115.022282,1,28,8,8,1,16.666901,2.314200,4.822800,14.762000,1,13186,13186
115.037158,1,28,8,8,1,16.666800,6.576800,4.831800,21.941200,1,13186,13186
115.053703,1,28,8,8,1,16.666800,3.122800,3.756200,11.835400,1,13186,13186
115.070529,1,28,8,8,1,16.666901,2.339000,4.978300,17.000500,1,13186,13186
115.087025,1,28,8,8,1,16.666901,3.683600,4.971600,16.288700,1,13186,13186
115.103842,1,28,8,8,1,16.666897,2.732700,4.121900,16.356400,1,13186,13186
115.122148,1,28,8,8,1,16.666901,2.706600,5.282400,17.121300,1,13016,13016
115.137051,1,28,8,8,1,16.666901,5.226800,4.012100,18.548700,1,13016,13016
115.153941,1,28,8,8,1,16.666901,2.251700,4.689600,14.273500,1,13016,13016
115.170551,1,28,8,8,1,16.667002,2.722200,6.102500,17.350700,1,13016,13016
115.187139,1,28,8,8,1,16.666901,3.650400,6.903400,17.025999,1,13016,13016
115.203938,1,28,8,8,1,16.666800,3.347500,6.057700,16.313400,1,13016,13016
115.223983,1,28,8,8,1,16.666698,3.821400,7.970600,16.776199,1,13684,13684
115.237208,1,28,8,8,1,16.666698,9.202100,7.513600,21.412800,1,13684,13684
115.253679,1,28,8,8,1,16.666901,3.400100,3.926600,11.604000,1,13684,13684
115.270381,1,28,8,8,1,16.666800,2.410000,5.313800,17.419300,1,13684,13684
115.287028,1,28,8,8,1,16.666800,2.747900,4.262100,15.589300,1,13684,13684
115.303824,1,28,8,8,1,16.666800,2.531100,3.026900,16.460800,1,13684,13684
115.322178,1,28,8,7,1,16.666800,2.206800,3.552300,17.057800,1,13685,13685
115.336985,1,28,7,7,1,16.666702,4.849400,3.025200,18.757700,1,13685,13685
115.353835,1,28,7,7,1,16.666800,1.857300,3.633300,14.091200,1,13685,13685
115.370539,1,28,7,7,1,16.666998,2.545400,4.243400,17.191999,1,13685,13685
115.387006,1,28,7,7,1,16.666800,2.633700,3.929100,16.650200,1,13685,13685
115.403827,1,28,7,7,1,16.666702,2.592600,4.681100,17.479700,1,13685,13685
115.421904,1,28,7,7,1,16.666998,2.694900,5.003800,15.636500,1,13515,13515
115.437174,1,28,7,7,1,16.666803,4.448800,5.661900,18.512899,1,13515,13515
115.453754,1,28,7,7,1,16.666800,2.752400,4.989700,15.047600,1,13515,13515
115.470325,1,28,7,7,1,16.666897,2.620900,3.855900,16.399401,1,13515,13515
115.487173,1,28,7,7,1,16.666901,2.156700,4.152300,16.375799,1,13515,13515
115.503751,1,28,7,7,1,16.666800,4.335100,3.564000,19.060699,1,13515,13515
115.522412,1,28,7,7,1,16.666800,2.136400,2.877400,14.384200,1,13007,13007
115.537062,1,28,7,7,1,16.666702,5.156100,3.649300,19.705799,1,13007,13007
115.553672,1,28,7,7,1,16.666998,2.071600,3.274800,13.549600,1,13007,13007
115.570496,1,28,7,7,1,16.666901,1.956000,2.882200,16.543699,1,13007,13007
115.587079,1,28,7,7,1,16.666800,2.136600,3.749200,17.262600,1,13007,13007
115.603724,1,28,7,7,1,16.666800,2.407300,3.862500,16.456699,1,13007,13007
115.622208,1,28,7,7,1,16.666803,2.997300,3.631200,16.441401,1,13011,13011
115.637024,1,28,7,7,1,16.666897,4.181700,3.937300,18.984900,1,13011,13011
115.653722,1,28,7,7,1,16.666901,2.495100,2.893800,14.349400,1,13011,13011
115.670499,1,28,7,7,1,16.666702,1.937600,5.104900,16.658400,1,13011,13011
115.687012,1,28,7,7,1,16.666800,2.317800,5.015900,16.765900,1,13011,13011
115.703891,1,28,7,7,1,16.666698,2.115200,3.259800,16.514099,1,13011,13011
115.722088,1,28,7,7,1,16.666800,2.270000,4.771500,17.200100,1,13341,13341
115.736994,1,28,7,7,1,16.666800,5.051400,2.873100,18.434099,1,13341,13341
115.753839,1,28,7,7,1,16.666800,1.698000,2.650400,14.264300,1,13341,13341
115.770329,1,28,7,7,1,16.666901,1.985800,3.376100,17.025999,1,13341,13341
115.787004,1,28,7,7,1,16.666901,1.988800,3.122900,16.426001,1,13341,13341
115.803754,1,28,7,7,1,16.666800,1.880100,4.240100,16.633900,1,13341,13341
115.821774,1,28,7,7,1,16.666901,2.006300,3.914900,16.723900,1,13337,13337
115.837125,1,28,7,7,1,16.666800,3.776400,3.578600,18.367500,1,13337,13337
115.853707,1,28,7,7,1,16.666901,2.297800,3.932100,15.450100,1,13337,13337
115.870332,1,28,7,7,1,16.666800,2.268100,3.772500,16.206900,1,13337,13337
115.887130,1,28,7,7,1,16.666800,2.085100,3.078600,16.523300,1,13337,13337
115.903714,1,28,7,7,1,16.666901,2.101200,3.604600,17.101801,1,13337,13337
115.922008,1,28,7,7,1,16.666698,2.067000,3.292900,16.309200,1,13174,13174
115.937114,1,28,7,7,1,16.666901,4.688200,3.944200,19.392599,1,13174,13174
115.953748,1,28,7,7,1,16.667002,2.878700,3.570700,14.736300,1,13174,13174
115.970402,1,28,7,7,1,16.666698,2.488800,2.917900,15.888400,1,13174,13174
115.987050,1,28,7,7,1,16.666800,2.159400,4.013700,17.085501,1,13174,13174
116.003677,1,28,7,7,1,16.666800,2.347000,3.956200,16.341000,1,13174,13174
116.022172,1,28,7,7,1,16.666698,3.752500,4.156000,18.183100,1,13175,13175
116.037058,1,28,7,7,1,16.666698,4.572500,4.163300,17.523701,1,13175,13175
116.053671,1,28,7,7,1,16.666702,2.059500,3.174300,14.287900,1,13175,13175
116.070453,1,28,7,7,1,16.666897,2.010300,3.734800,16.488501,1,13175,13175
116.087003,1,28,7,7,1,16.666702,2.445200,3.910900,16.898001,1,13175,13175
116.103740,1,28,7,7,1,16.666800,1.901900,2.961300,16.481300,1,13175,13175
116.122017,1,28,7,6,1,16.666800,2.057700,4.933500,17.230900,1,13172,13172
116.137002,1,28,6,6,1,16.666800,5.352200,4.661500,18.616301,1,13172,13172
116.153918,1,28,6,6,1,16.666901,2.084400,3.170800,14.083100,1,13172,13172
116.170458,1,28,6,6,1,16.666998,2.543100,4.139800,17.278999,1,13172,13172
116.187019,1,28,6,6,1,16.666901,2.549800,3.553000,16.336800,1,13172,13172
116.203797,1,28,6,6,1,16.666901,1.996700,3.716800,16.437300,1,13172,13172
116.221936,1,28,6,6,1,16.666702,2.025900,3.350300,16.921600,1,12502,12502
116.237037,1,28,6,6,1,16.666800,4.103500,3.690400,18.610201,1,12502,12502
116.253743,1,28,6,6,1,16.666897,2.010800,4.761500,15.207400,1,12502,12502
116.270348,1,28,6,6,1,16.666803,2.723000,3.493000,16.028700,1,12502,12502
116.287408,1,28,6,6,1,16.676497,2.003300,2.610900,16.500700,1,12502,12502
116.303837,1,28,6,6,1,16.666800,2.481300,6.058200,18.102301,1,12502,12502
116.321896,1,28,6,6,1,16.666901,3.200000,5.448600,15.778800,1,12673,12673
116.337242,1,28,6,6,1,16.676702,4.975900,6.844200,18.862101,1,12673,12673
116.353890,1,28,6,6,1,16.708401,3.409400,4.717600,14.668800,1,12673,12673
116.370450,1,28,6,6,1,16.666901,2.951600,4.089200,16.427000,1,12673,12673
116.387184,1,28,6,6,1,16.666901,2.181300,5.071200,17.323000,1,12673,12673
116.403764,1,28,6,6,1,16.666800,2.807100,5.194900,16.131100,1,12673,12673
116.422481,1,28,6,6,1,16.666901,2.917400,3.307100,16.440300,1,12676,12676
116.437151,1,28,6,6,1,16.666800,4.786700,4.454300,19.203100,1,12676,12676
116.453732,1,28,6,6,1,16.666800,2.323100,3.530800,14.185400,1,12676,12676
116.470488,1,28,6,6,1,16.666901,1.955200,4.069100,16.353300,1,12676,12676
116.487121,1,28,6,6,1,16.666800,2.111000,3.250400,16.909300,1,12676,12676
116.503786,1,28,6,6,1,16.666698,2.287300,2.938500,16.565300,1,12676,12676
116.522228,1,28,6,6,1,16.668598,4.496000,4.193100,19.322800,1,12670,12670
116.537086,1,28,6,6,1,16.666698,5.132700,3.234000,6.735900,1,12670,12670
116.553875,1,28,6,6,1,16.666901,2.358200,3.237900,13.680600,1,12670,12670
116.570492,1,28,6,6,1,16.666800,2.402700,3.970300,17.111099,1,12670,12670
116.587119,1,28,6,6,1,16.666901,2.500900,3.437200,16.477200,1,12670,12670
116.603805,1,28,6,6,1,16.666901,2.340200,3.973900,16.548800,1,12670,12670
116.622235,1,28,6,6,1,16.666901,2.175800,5.390600,16.854000,1,12830,12830
116.637141,1,28,6,6,1,16.667002,4.346800,4.395100,18.657301,1,12830,12830
116.653929,1,28,6,6,1,16.666901,2.299200,4.473300,16.105499,1,12830,12830
116.670411,1,28,6,6,1,16.666800,2.946100,3.918800,15.256600,1,12830,12830
116.687209,1,28,6,6,1,16.666901,2.643000,3.095700,16.287701,1,12830,12830
116.703810,1,28,6,6,1,16.666800,2.446000,3.973000,17.141800,1,12830,12830
116.721846,1,28,6,5,1,16.666800,2.774700,3.619800,16.434099,1,12666,12666
116.737236,1,28,5,5,1,16.666698,4.366800,4.686900,19.437599,1,12666,12666
116.753916,1,28,5,5,1,16.666901,2.755100,3.621400,14.061600,1,12666,12666
116.770420,1,28,5,5,1,16.666901,2.590900,2.805000,16.577499,1,12666,12666
116.787148,1,28,5,5,1,16.666901,1.880100,4.103500,16.471100,1,12666,12666
116.803735,1,28,5,5,1,16.666800,2.307200,3.607800,16.709600,1,12666,12666
116.822355,1,28,5,5,1,16.666901,1.861000,3.159700,16.514000,1,12832,12832
116.837157,1,28,5,5,1,16.666800,4.791000,4.058300,19.613701,1,12832,12832
116.853740,1,28,5,5,1,16.666698,2.372100,3.696300,14.129200,1,12832,12832
116.870559,1,28,5,5,1,16.666800,2.103200,3.440400,16.281601,1,12832,12832
116.887214,1,28,5,5,1,16.666901,2.635900,4.462400,16.989201,1,12832,12832
116.903784,1,28,5,5,1,16.666698,2.418900,2.968200,16.878599,1,12832,12832
116.922016,1,28,5,5,1,16.666698,1.921000,4.017700,16.160700,1,12499,12499
116.937072,1,28,5,5,1,16.666901,4.174900,3.298300,18.927601,1,12499,12499
116.953945,1,28,5,5,1,16.666698,2.224800,3.001000,14.339100,1,12499,12499
116.970533,1,28,5,5,1,16.666702,2.926500,3.916100,17.971201,1,12499,12499
116.987060,1,28,5,5,1,16.666800,2.384800,3.546000,15.685600,1,12499,12499
117.003939,1,28,5,5,1,16.666698,2.058500,2.831400,16.365601,1,12499,12499
117.022240,1,28,5,5,1,16.666901,4.508900,4.130900,19.249201,1,12668,12668
117.037070,1,28,5,5,1,16.666800,4.691000,2.911600,16.374800,1,12668,12668
117.053868,1,28,5,5,1,16.666800,1.841200,4.461700,14.465000,1,12668,12668
117.070397,1,28,5,5,1,16.666800,2.256000,3.030300,16.763901,1,12668,12668
117.087216,1,28,5,5,1,16.666901,1.965900,2.568300,16.434200,1,12668,12668
117.103782,1,28,5,5,1,16.666901,2.072900,3.543900,17.379299,1,12668,12668
117.121786,1,28,5,5,1,16.666698,2.378700,3.269600,16.080900,1,12501,12501
117.137231,1,28,5,5,1,16.666698,3.808800,4.284100,18.305000,1,12501,12501
117.153871,1,28,5,5,1,16.666698,2.371400,3.395300,15.303700,1,12501,12501
117.170432,1,28,5,5,1,16.666702,2.364000,2.997200,16.606199,1,12501,12501
117.187171,1,28,5,5,1,16.666698,1.826300,3.580200,16.358400,1,12501,12501
117.203730,1,28,5,5,1,16.666800,2.434100,3.614300,16.880600,1,12501,12501
117.220496,1,28,5,5,1,16.666698,2.003700,2.687300,16.386101,1,12501,12501
117.237132,1,28,5,5,1,16.666698,2.067300,3.776400,17.559500,1,12501,12501
117.253761,1,28,5,5,1,16.666800,2.221700,3.734300,15.904800,1,12501,12501
117.270595,1,28,5,5,1,16.666901,2.137800,3.177500,16.536600,1,12501,12501
117.287153,1,28,5,5,1,16.666702,2.478600,3.885000,17.153999,1,12501,12501
117.303760,1,28,5,5,1,16.666698,2.402000,2.769800,16.884800,1,12501,12501
117.320615,1,28,5,5,1,16.676798,1.801600,3.830100,15.992800,1,12501,12501
117.337178,1,28,5,5,1,16.666800,3.019600,4.535400,17.198099,1,12501,12501
117.353777,1,28,5,5,1,16.666800,2.704700,2.896500,16.171000,1,12501,12501
117.372051,2,28,5,5,0,16.666800,1.942900,4.241300,17.591299,1,12665,12665
117.497024,2,28,5,5,0,126.599403,125.352798,4.241300,17.591299,1,12665,12665
117.513929,2,28,5,5,0,16.699799,3.580500,4.587100,8.374200,1,12665,12665
117.530822,2,28,5,5,0,16.666803,5.255600,5.718100,14.331900,1,12665,12665
117.547086,2,28,5,5,0,16.666698,3.457000,3.498600,14.419000,1,12665,12665
117.563824,2,28,5,5,0,16.666698,3.158800,4.697000,16.168900,1,12665,12665
117.582474,1,29,5,12,1,16.666901,2.882000,3.669400,16.714800,1,11119,11119
117.717564,1,29,12,12,1,134.472610,133.224594,3.669400,16.714800,1,12956,12956
117.731760,1,29,12,12,1,16.666698,6.434500,4.775500,9.842600,1,12956,12956
117.748515,1,29,12,12,1,16.667002,2.721900,5.212000,10.493000,1,12956,12956
117.764899,1,29,12,12,1,16.666897,3.084400,3.632300,16.757700,1,12956,12956
117.781604,1,29,12,12,1,16.666702,2.357600,4.321600,16.133101,1,12956,12956
117.798242,1,29,12,12,1,16.666698,2.216100,5.649300,16.837700,1,12956,12956
117.817214,1,29,12,12,1,16.666698,2.254500,3.101300,16.615400,1,14123,14123
117.831607,1,29,12,12,1,16.666901,5.101500,4.852000,19.841000,1,14123,14123
117.848232,1,29,12,12,1,16.666800,2.498700,4.190400,13.494300,1,14123,14123
117.865076,1,29,12,12,1,16.666698,2.531100,4.873500,16.683001,1,14123,14123
117.881625,1,29,12,12,1,16.666698,2.638100,4.365500,17.044500,1,14123,14123
117.898343,1,29,12,12,1,16.666803,2.484700,3.767600,8.569800,1,14123,14123
118.045147,1,29,12,11,1,143.183197,2.311900,0.559600,16.626499,1,14637,14637
118.058188,1,29,11,11,1,16.667002,131.274307,6.631600,151.717896,1,14637,14637
118.074973,1,29,11,11,1,16.666901,4.394500,6.358500,8.892400,1,14637,14637
118.091474,1,29,11,11,1,16.666800,3.479400,5.070100,16.012300,1,14637,14637
118.108270,1,29,11,11,1,16.666800,2.805200,4.513300,16.377899,1,14637,14637
118.124939,1,29,11,11,1,16.666901,2.686600,5.377100,17.098700,1,14637,14637
118.143405,1,29,11,11,1,16.666800,2.800500,4.503200,16.727100,1,14166,14166
118.158209,1,29,11,11,1,16.666901,5.297900,5.678500,19.408899,1,14166,14166
118.174852,1,29,11,11,1,16.666901,3.174200,5.136300,13.675500,1,14166,14166
118.191512,1,29,11,11,1,16.666998,3.045300,4.671000,16.733200,1,14166,14166
118.208137,1,29,11,11,1,16.666800,2.449400,5.184800,17.103901,1,14166,14166
118.224902,1,29,11,11,1,16.666901,2.676100,4.581000,16.000000,1,14166,14166
118.243866,1,29,11,11,1,16.666901,3.531900,4.412900,17.079201,1,14500,14500
118.258327,1,29,11,11,1,16.755201,5.383800,5.129200,19.221600,1,14500,14500
118.274926,1,29,11,11,1,16.666800,2.882700,6.266800,14.660600,1,14500,14500
118.291564,1,29,11,11,1,16.666800,2.791400,4.587100,15.737800,1,14500,14500
118.308163,1,29,11,11,1,16.666800,2.491300,4.657400,16.900101,1,14500,14500
118.324884,1,29,11,11,1,16.666901,2.461600,3.041300,16.277500,1,14500,14500
118.343185,1,29,11,11,1,16.666901,2.013000,4.093500,17.684500,1,13844,13844
118.358179,1,29,11,11,1,16.666800,4.739800,3.358800,18.145300,1,13844,13844
118.375048,1,29,11,11,1,16.666901,2.446600,3.026200,14.171100,1,13844,13844
118.391670,1,29,11,11,1,16.666800,2.316100,5.342800,18.049000,1,13844,13844
118.408241,1,29,11,11,1,16.666800,2.798300,4.775200,15.778900,1,13844,13844
118.425032,1,29,11,11,1,16.666901,2.351200,5.795000,16.363501,1,13844,13844
118.443280,1,29,11,10,1,16.666901,2.530400,4.966400,16.866301,1,14171,14171
118.458360,1,29,10,10,1,16.764297,4.784400,4.050800,18.521099,1,14171,14171
118.475050,1,29,10,10,1,16.666800,2.321200,4.808000,16.131001,1,14171,14171
118.491588,1,29,10,10,1,16.666901,2.503500,3.880400,15.338500,1,14171,14171
118.508486,1,29,10,10,1,16.666901,2.219700,3.368400,16.334900,1,14171,14171
118.525103,1,29,10,10,1,16.666800,2.296800,4.243300,17.235901,1,14171,14171
118.543017,1,29,10,10,1,16.666800,2.455000,4.598200,16.559200,1,13668,13668
118.558391,1,29,10,10,1,16.666901,4.281900,4.431100,18.854900,1,13668,13668
118.574931,1,29,10,10,1,16.666698,4.859800,3.851700,16.521200,1,13668,13668
118.591685,1,29,10,10,1,16.666901,2.682800,3.455300,14.292000,1,13668,13668
118.608298,1,29,10,10,1,16.666901,2.330900,5.863800,17.966101,1,13668,13668
118.624981,1,29,10,10,1,16.666698,2.191600,4.580000,15.414200,1,13668,13668
118.643397,1,29,10,9,1,16.666803,1.991100,2.867000,16.646200,1,13006,13006
118.658343,1,29,9,9,1,16.666698,4.412900,4.571200,19.395599,1,13006,13006
118.674975,1,29,9,9,1,16.666901,2.774300,3.569100,14.275500,1,13006,13006
118.691704,1,29,9,9,1,16.666901,2.391800,3.696100,16.435200,1,13006,13006
118.708262,1,29,9,9,1,16.666698,2.455700,4.284500,16.771099,1,13006,13006
118.724934,1,29,9,9,1,16.666901,2.149700,3.053000,16.384001,1,13006,13006
118.742959,1,29,9,9,1,16.666800,1.882000,3.475500,18.114599,1,13009,13009
118.758398,1,29,9,9,1,16.666998,4.237200,4.292000,18.207701,1,13009,13009
118.775158,1,29,9,9,1,16.666901,2.866700,5.540200,14.127100,1,13009,13009
118.791581,1,29,9,9,1,16.667002,2.526400,3.019400,16.611300,1,13009,13009
118.808382,1,29,9,9,1,16.666698,2.322200,4.124100,16.432199,1,13009,13009
118.824925,1,29,9,9,1,16.666901,2.404300,3.989200,16.752600,1,13009,13009
118.843565,1,29,9,9,1,16.666800,2.198000,3.625400,16.434200,1,13847,13847
118.858817,1,29,9,9,1,16.666698,4.690900,4.582300,19.576799,1,13847,13847
118.874924,1,29,9,9,1,16.666901,3.285400,4.620600,14.785600,1,13847,13847
118.891757,1,29,9,9,1,16.666800,2.293900,5.011900,15.710200,1,13847,13847
118.908391,1,29,9,9,1,16.666803,2.326500,5.043900,17.086399,1,13847,13847
118.924941,1,29,9,9,1,16.666897,3.137000,3.943200,16.509001,1,13847,13847
118.943850,1,29,9,9,1,16.666800,2.445400,5.762200,16.556000,1,14174,14174
118.958267,1,29,9,9,1,16.666803,6.291500,3.865700,20.164600,1,14174,14174
118.975300,1,29,9,9,1,16.666800,2.426000,3.201500,13.006800,1,14174,14174
118.991640,1,29,9,9,1,16.666800,2.621700,5.919100,17.742901,1,14174,14174
119.008238,1,29,9,9,1,16.666800,2.777700,4.299100,15.899600,1,14174,14174
119.025169,1,29,9,9,1,16.666901,2.730600,3.433700,16.318501,1,14174,14174
119.043284,1,29,9,9,1,16.666800,2.579500,3.839000,17.255400,1,14343,14343
119.058254,1,29,9,9,1,16.666901,4.496300,3.966100,18.208799,1,14343,14343
119.075028,1,29,9,9,1,16.666897,3.669800,5.497500,16.745501,1,14343,14343
119.091571,1,29,9,9,1,16.666901,7.208300,3.551800,16.920500,1,14343,14343
119.108346,1,29,9,9,1,16.666800,3.880300,3.754700,13.975600,1,14343,14343
119.124982,1,29,9,9,1,16.666702,4.172300,4.567300,17.101801,1,14343,14343
119.143115,1,29,9,9,1,16.666800,4.024000,2.826000,18.154499,1,14346,14346
119.158373,1,29,9,9,1,16.666901,6.625600,3.914100,19.455999,1,14346,14346
119.175003,1,29,9,9,1,16.666800,4.715000,4.670800,14.721000,1,14346,14346
119.191563,1,29,9,9,1,16.666800,5.344700,3.297800,16.696400,1,14346,14346
119.208356,1,29,9,9,1,16.666901,3.698400,5.637800,16.106501,1,14346,14346
119.224939,1,29,9,9,1,16.666800,4.613300,4.857900,17.282000,1,14346,14346
119.243707,1,29,9,9,1,16.666698,2.638200,3.167000,14.062600,1,13522,13522
119.258490,1,29,9,9,1,16.666698,4.742600,4.075200,19.541000,1,13522,13522
119.275017,1,29,9,9,1,16.666901,3.804900,6.633200,15.660000,1,13522,13522
119.291700,1,29,9,9,1,16.666800,2.945700,5.069700,14.986300,1,13522,13522
119.308409,1,29,9,9,1,16.666901,2.502500,3.925400,16.812000,1,13522,13522
119.324934,1,29,9,9,1,16.666800,2.511500,2.917400,16.620501,1,13522,13522
119.343387,1,29,9,9,1,16.666800,1.978600,4.105000,16.394300,1,13516,13516
119.358265,1,29,9,9,1,16.666800,5.141200,3.341700,19.766199,1,13516,13516
119.375069,1,29,9,9,1,16.666800,2.080700,3.635400,13.520900,1,13516,13516
119.391654,1,29,9,9,1,16.666698,2.324700,4.337100,17.496099,1,13516,13516
119.408285,1,29,9,9,1,16.666702,2.674900,4.155600,15.865900,1,13516,13516
119.425161,1,29,9,9,1,16.666800,2.451100,3.904800,16.667601,1,13516,13516
119.443958,1,29,9,9,1,16.679399,2.389200,4.425700,17.181700,1,13851,13851
119.458244,1,29,9,9,1,16.666698,4.938600,5.283000,19.125299,1,13851,13851
119.475044,1,29,9,9,1,16.678001,2.568100,4.049900,13.519800,1,13851,13851
119.491638,1,29,9,9,1,16.666901,2.855800,3.810600,17.126400,1,13851,13851
119.508362,1,29,9,9,1,16.666698,2.032200,2.985200,16.222200,1,13851,13851
119.525093,1,29,9,9,1,16.666901,1.999900,4.077000,17.651699,1,13851,13851
119.543443,1,29,9,9,1,16.666901,2.663900,3.898400,16.006100,1,13515,13515
119.558424,1,29,9,9,1,16.666998,4.452600,4.868000,18.698299,1,13515,13515
119.575141,1,29,9,9,1,16.666901,3.198600,4.662100,14.868400,1,13515,13515
119.591611,1,29,9,9,1,16.666800,4.425900,4.268000,18.329599,1,13515,13515
119.608349,1,29,9,9,1,16.666901,1.921600,3.708500,14.469200,1,13515,13515
119.624982,1,29,9,9,1,16.666800,2.391500,4.248100,17.028099,1,13515,13515
119.643551,1,29,9,9,1,16.666901,2.276600,3.234700,16.311199,1,13684,13684
119.658357,1,29,9,9,1,16.666800,4.767500,4.611500,19.761200,1,13684,13684
119.674973,1,29,9,9,1,16.666800,2.278300,4.057300,13.967400,1,13684,13684
119.691717,1,29,9,9,1,16.666901,2.382200,3.659400,16.341999,1,13684,13684
119.708417,1,29,9,9,1,16.666698,2.307400,4.630400,16.895000,1,13684,13684
119.724957,1,29,9,9,1,16.666702,2.741900,3.462400,16.744400,1,13684,13684
119.743854,1,29,9,8,1,16.666800,1.952000,3.613700,16.301100,1,14007,14007
119.758356,1,29,8,8,1,16.666800,5.525700,3.649400,20.145100,1,14007,14007
119.775021,1,29,8,8,1,16.666901,2.247900,3.019700,13.221900,1,14007,14007
119.791690,1,29,8,8,1,16.666901,1.935300,4.726500,18.148300,1,14007,14007
119.808280,1,29,8,8,1,16.666901,2.303100,3.956000,15.257600,1,14007,14007
119.825179,1,29,8,8,1,16.666897,2.583300,3.641500,16.651300,1,14007,14007
119.844616,1,29,8,8,1,16.698301,2.394200,5.499100,17.144800,1,13334,13334
119.858311,1,29,8,8,1,16.666901,6.207900,3.536100,19.770399,1,13334,13334
119.875083,1,29,8,8,1,16.666698,1.760300,4.234000,13.031400,1,13334,13334
119.892084,1,29,8,8,1,16.742002,2.264200,4.241400,16.893000,1,13334,13334
119.908493,1,29,8,8,1,16.666998,2.567700,3.051100,16.821199,1,13334,13334
119.925168,1,29,8,8,1,16.666901,2.020000,4.388600,16.616501,1,13334,13334
119.943926,1,29,8,7,1,16.666800,2.279700,4.051100,16.555000,1,12833,12833
119.958495,1,29,7,7,1,16.666800,5.677600,5.280400,20.113400,1,12833,12833
119.975258,1,29,7,7,1,16.667002,2.862700,5.354300,13.555700,1,12833,12833
119.991758,1,29,7,7,1,16.666800,3.036900,3.905400,17.047501,1,12833,12833
120.008528,1,29,7,7,1,16.666800,2.775900,4.535600,15.929400,1,12833,12833
120.025193,1,29,7,7,1,16.666901,2.685900,4.416900,17.095699,1,12833,12833
120.043954,1,29,7,7,1,16.666800,2.505100,3.245700,16.369600,1,12671,12671
120.058556,1,29,7,7,1,16.666800,5.360000,5.755600,20.193300,1,12671,12671
120.075172,1,29,7,7,1,16.667002,3.484900,4.662600,13.928500,1,12671,12671
120.091891,1,29,7,7,1,16.666800,5.010200,4.982300,18.274300,1,12671,12671
120.108510,1,29,7,7,1,16.666901,2.998500,6.702200,14.608300,1,12671,12671
120.250848,1,29,7,6,1,138.806915,138.717697,6.702200,14.608300,1,12843,12843
120.263961,1,29,6,6,1,16.666800,7.749600,4.885600,8.838200,1,12843,12843
120.280738,1,29,6,6,1,16.666698,2.301400,5.086700,11.025400,1,12843,12843
120.297349,1,29,6,6,1,16.666698,3.080000,5.905900,16.757700,1,12843,12843
120.313992,1,29,6,6,1,16.676300,3.185900,4.123600,16.887800,1,12843,12843
120.330559,1,29,6,6,1,16.666698,2.635500,4.813700,16.424999,1,12843,12843
120.350902,1,29,6,5,1,16.666803,2.868800,4.270400,16.235500,1,12503,12503
120.364015,1,29,5,5,1,16.666698,6.375400,4.358900,21.393400,1,12503,12503
120.380625,1,29,5,5,1,16.666800,2.767400,3.866200,12.306400,1,12503,12503
120.397391,1,29,5,5,1,16.666800,2.688100,5.331000,16.479300,1,12503,12503
120.414057,1,29,5,5,1,16.667002,2.912200,5.829900,17.087500,1,12503,12503
120.430641,1,29,5,5,1,16.666897,3.828900,4.951500,16.784401,1,12503,12503
120.449051,1,29,5,5,1,16.666702,2.610900,4.653400,17.423300,1,12169,12169
120.463891,1,29,5,5,1,16.666800,5.092100,3.466200,17.911800,1,12169,12169
120.480703,1,29,5,5,1,16.666800,2.513800,4.148500,14.099500,1,12169,12169
120.497359,1,29,5,5,1,16.666698,2.596400,4.871200,16.961500,1,12169,12169
120.513875,1,29,5,5,1,16.666800,2.630600,4.303500,16.779301,1,12169,12169
120.530677,1,29,5,5,1,16.666901,2.218000,4.189700,16.250900,1,12169,12169
120.548945,1,29,5,5,1,16.700499,2.849900,4.566500,17.094601,1,12503,12503
120.564002,1,29,5,5,1,16.666800,4.499400,3.593900,18.344999,1,12503,12503
120.580571,1,29,5,5,1,16.666901,2.026400,3.598500,14.810100,1,12503,12503
120.597390,1,29,5,5,1,16.666901,4.336800,5.504000,20.123600,1,12503,12503
120.614119,1,29,5,5,1,16.666800,3.013300,4.866500,13.357100,1,12503,12503
120.630698,1,29,5,5,1,16.666800,2.911100,4.529800,16.800800,1,12503,12503
120.648976,1,29,5,5,1,16.666800,2.820900,3.312900,16.549801,1,12668,12668
120.664269,1,29,5,5,1,16.666800,4.485900,4.087800,19.847200,1,12668,12668
120.680750,1,29,5,5,1,16.666702,3.369300,4.527500,14.131200,1,12668,12668
120.697446,1,29,5,5,1,16.666698,3.338900,4.224700,16.075800,1,12668,12668
120.714046,1,29,5,5,1,16.666901,2.779400,4.843800,16.675800,1,12668,12668
120.730648,1,29,5,5,1,16.666800,2.481400,4.239400,16.404499,1,12668,12668
120.748836,1,29,5,5,1,16.666698,2.709300,5.006700,16.542700,1,12669,12669
120.764027,1,29,5,5,1,16.666901,4.067400,3.676700,18.509899,1,12669,12669
120.780762,1,29,5,5,1,16.666800,2.076500,4.630100,15.080400,1,12669,12669
120.797285,1,29,5,5,1,16.666698,2.930600,4.577000,17.140699,1,12669,12669
120.814138,1,29,5,5,1,16.666698,2.787200,4.108700,15.932500,1,12669,12669
120.830722,1,29,5,5,1,16.666800,2.751400,5.384900,17.594299,1,12669,12669
120.849787,1,29,5,5,1,16.666702,3.222100,3.360900,16.099300,1,12501,12501
120.864220,1,29,5,5,1,16.666800,5.212500,4.468600,20.745300,1,12501,12501
120.880675,1,29,5,5,1,16.666800,2.998000,5.031800,12.934100,1,12501,12501
120.897359,1,29,5,5,1,16.667002,3.015800,3.472700,16.288799,1,12501,12501
120.913921,1,29,5,5,1,16.666897,2.604700,3.756900,16.691200,1,12501,12501
120.930751,1,29,5,5,1,16.667002,2.310300,3.757100,16.206800,1,12501,12501
120.947373,1,29,5,5,1,16.666901,2.943000,4.789200,17.292299,1,12501,12501
120.964147,1,29,5,5,1,16.667002,3.108600,3.813700,16.550900,1,12501,12501
120.980586,1,29,5,5,1,16.666901,3.005200,3.980900,17.009701,1,12501,12501
120.997405,1,29,5,5,1,16.666901,2.948200,5.380000,15.783900,1,12501,12501
121.014269,1,29,5,5,1,16.666698,2.537900,4.657500,17.441799,1,12501,12501
121.030690,1,29,5,5,1,16.666901,3.343500,3.641900,16.552999,1,12501,12501
121.047348,1,29,5,5,1,16.666800,2.500100,4.355800,16.370701,1,12501,12501
121.063956,1,29,5,5,1,16.666901,2.629300,4.180500,16.553900,1,12501,12501
121.080634,1,29,5,5,1,16.666698,3.383500,4.359800,17.290300,1,12501,12501
121.099757,3,29,5,4,0,16.666698,4.768000,4.668400,18.369499,1,12828,12828
