seed,round,seat,health,gold,damage,wins,placement,settlement_id,pre_hash,post_hash,pvp_round_index,neutral,pending_reward
1,1,0,60,1,0,0,0,13097996902870730322,17475328239968139263,2349395678013007335,0,1,2
1,1,1,60,0,0,0,0,13097996902870730322,17475328239968139263,2349395678013007335,0,1,2
1,1,2,60,0,0,0,0,13097996902870730322,17475328239968139263,2349395678013007335,0,1,2
1,1,3,60,0,0,0,0,13097996902870730322,17475328239968139263,2349395678013007335,0,1,2
1,1,4,60,0,0,0,0,13097996902870730322,17475328239968139263,2349395678013007335,0,1,2
1,1,5,60,0,0,0,0,13097996902870730322,17475328239968139263,2349395678013007335,0,1,2
1,1,6,60,0,0,0,0,13097996902870730322,17475328239968139263,2349395678013007335,0,1,2
1,1,7,60,0,0,0,0,13097996902870730322,17475328239968139263,2349395678013007335,0,1,2
1,2,0,60,1,0,0,0,5427136217754053844,2313662461095487906,10567613170357796455,0,1,2
1,2,1,60,1,0,0,0,5427136217754053844,2313662461095487906,10567613170357796455,0,1,2
1,2,2,60,3,0,0,0,5427136217754053844,2313662461095487906,10567613170357796455,0,1,2
1,2,3,60,0,0,0,0,5427136217754053844,2313662461095487906,10567613170357796455,0,1,2
1,2,4,60,1,0,0,0,5427136217754053844,2313662461095487906,10567613170357796455,0,1,2
1,2,5,60,3,0,0,0,5427136217754053844,2313662461095487906,10567613170357796455,0,1,2
1,2,6,60,4,0,0,0,5427136217754053844,2313662461095487906,10567613170357796455,0,1,2
1,2,7,60,1,0,0,0,5427136217754053844,2313662461095487906,10567613170357796455,0,1,2
1,3,0,60,3,0,0,0,12739989232373767741,9059227817918678180,865238377760150871,0,1,2
1,3,1,60,0,0,0,0,12739989232373767741,9059227817918678180,865238377760150871,0,1,2
1,3,2,60,1,0,0,0,12739989232373767741,9059227817918678180,865238377760150871,0,1,2
1,3,3,60,0,0,0,0,12739989232373767741,9059227817918678180,865238377760150871,0,1,2
1,3,4,60,0,0,0,0,12739989232373767741,9059227817918678180,865238377760150871,0,1,2
1,3,5,60,4,0,0,0,12739989232373767741,9059227817918678180,865238377760150871,0,1,2
1,3,6,60,1,0,0,0,12739989232373767741,9059227817918678180,865238377760150871,0,1,2
1,3,7,60,1,0,0,0,12739989232373767741,9059227817918678180,865238377760150871,0,1,2
1,4,0,55,10,5,0,0,9477080945941340490,8712925857975080480,15470743557993651590,1,0,0
1,4,1,55,6,5,0,0,9477080945941340490,8712925857975080480,15470743557993651590,1,0,0
1,4,2,60,5,0,1,0,9477080945941340490,8712925857975080480,15470743557993651590,1,0,1
1,4,3,60,0,0,1,0,9477080945941340490,8712925857975080480,15470743557993651590,1,0,1
1,4,4,57,3,3,0,0,9477080945941340490,8712925857975080480,15470743557993651590,1,0,0
1,4,5,55,10,5,0,0,9477080945941340490,8712925857975080480,15470743557993651590,1,0,0
1,4,6,60,3,0,1,0,9477080945941340490,8712925857975080480,15470743557993651590,1,0,1
1,4,7,60,6,0,1,0,9477080945941340490,8712925857975080480,15470743557993651590,1,0,1
1,5,0,55,10,0,0,0,13184505012178015648,8759468173200472240,17780598759930911405,1,1,2
1,5,1,55,11,0,0,0,13184505012178015648,8759468173200472240,17780598759930911405,1,1,2
1,5,2,60,10,0,1,0,13184505012178015648,8759468173200472240,17780598759930911405,1,1,2
1,5,3,60,7,0,1,0,13184505012178015648,8759468173200472240,17780598759930911405,1,1,2
1,5,4,57,8,0,0,0,13184505012178015648,8759468173200472240,17780598759930911405,1,1,2
1,5,5,55,10,0,0,0,13184505012178015648,8759468173200472240,17780598759930911405,1,1,2
1,5,6,60,10,0,1,0,13184505012178015648,8759468173200472240,17780598759930911405,1,1,2
1,5,7,60,10,0,1,0,13184505012178015648,8759468173200472240,17780598759930911405,1,1,2
1,6,0,55,10,0,1,0,4321769332037791772,1606649139006209676,6728154270352299621,2,0,1
1,6,1,48,12,7,0,0,4321769332037791772,1606649139006209676,6728154270352299621,2,0,0
1,6,2,54,12,6,1,0,4321769332037791772,1606649139006209676,6728154270352299621,2,0,0
1,6,3,60,14,0,2,0,4321769332037791772,1606649139006209676,6728154270352299621,2,0,1
1,6,4,57,12,0,1,0,4321769332037791772,1606649139006209676,6728154270352299621,2,0,1
1,6,5,55,10,0,1,0,4321769332037791772,1606649139006209676,6728154270352299621,2,0,1
1,6,6,56,16,4,1,0,4321769332037791772,1606649139006209676,6728154270352299621,2,0,0
1,6,7,57,14,3,1,0,4321769332037791772,1606649139006209676,6728154270352299621,2,0,0
1,7,0,55,10,0,2,0,4493871142135227376,9936795945328023812,2314562370108598472,3,0,1
1,7,1,42,12,6,0,0,4493871142135227376,9936795945328023812,2314562370108598472,3,0,0
1,7,2,47,12,7,1,0,4493871142135227376,9936795945328023812,2314562370108598472,3,0,0
1,7,3,60,5,0,3,0,4493871142135227376,9936795945328023812,2314562370108598472,3,0,1
1,7,4,57,11,0,2,0,4493871142135227376,9936795945328023812,2314562370108598472,3,0,1
1,7,5,51,10,4,1,0,4493871142135227376,9936795945328023812,2314562370108598472,3,0,0
1,7,6,56,17,0,2,0,4493871142135227376,9936795945328023812,2314562370108598472,3,0,1
1,7,7,53,10,4,1,0,4493871142135227376,9936795945328023812,2314562370108598472,3,0,0
1,8,0,55,13,0,3,0,14322849561638453160,5557486706854713899,9749736585863230846,4,0,1
1,8,1,35,16,7,0,0,14322849561638453160,5557486706854713899,9749736585863230846,4,0,0
1,8,2,47,10,0,2,0,14322849561638453160,5557486706854713899,9749736585863230846,4,0,1
1,8,3,54,11,6,3,0,14322849561638453160,5557486706854713899,9749736585863230846,4,0,0
1,8,4,57,18,0,3,0,14322849561638453160,5557486706854713899,9749736585863230846,4,0,1
1,8,5,46,10,5,1,0,14322849561638453160,5557486706854713899,9749736585863230846,4,0,0
1,8,6,50,24,6,2,0,14322849561638453160,5557486706854713899,9749736585863230846,4,0,0
1,8,7,53,10,0,2,0,14322849561638453160,5557486706854713899,9749736585863230846,4,0,1
1,9,0,55,20,0,4,0,2060446567498810816,17545670938436615853,12021792129499658167,5,0,1
1,9,1,29,12,6,0,0,2060446567498810816,17545670938436615853,12021792129499658167,5,0,0
1,9,2,43,17,4,2,0,2060446567498810816,17545670938436615853,12021792129499658167,5,0,0
1,9,3,54,17,0,4,0,2060446567498810816,17545670938436615853,12021792129499658167,5,0,1
1,9,4,53,25,4,3,0,2060446567498810816,17545670938436615853,12021792129499658167,5,0,0
1,9,5,46,10,0,2,0,2060446567498810816,17545670938436615853,12021792129499658167,5,0,1
1,9,6,43,26,7,2,0,2060446567498810816,17545670938436615853,12021792129499658167,5,0,0
1,9,7,53,15,0,3,0,2060446567498810816,17545670938436615853,12021792129499658167,5,0,1
1,10,0,55,26,0,4,0,4440225182339837343,17315305177488698000,3668633759379456829,5,1,2
1,10,1,29,18,0,0,0,4440225182339837343,17315305177488698000,3668633759379456829,5,1,2
1,10,2,43,23,0,2,0,4440225182339837343,17315305177488698000,3668633759379456829,5,1,2
1,10,3,54,24,0,4,0,4440225182339837343,17315305177488698000,3668633759379456829,5,1,2
1,10,4,53,32,0,3,0,4440225182339837343,17315305177488698000,3668633759379456829,5,1,2
1,10,5,46,12,0,2,0,4440225182339837343,17315305177488698000,3668633759379456829,5,1,2
1,10,6,43,33,0,2,0,4440225182339837343,17315305177488698000,3668633759379456829,5,1,2
1,10,7,53,22,0,3,0,4440225182339837343,17315305177488698000,3668633759379456829,5,1,2
1,11,0,55,35,0,5,0,1820667829929191117,7969362314474987566,1073580245270452945,6,0,1
1,11,1,22,26,7,0,0,1820667829929191117,7969362314474987566,1073580245270452945,6,0,0
1,11,2,39,26,4,2,0,1820667829929191117,7969362314474987566,1073580245270452945,6,0,0
1,11,3,51,33,3,4,0,1820667829929191117,7969362314474987566,1073580245270452945,6,0,0
1,11,4,53,42,0,4,0,1820667829929191117,7969362314474987566,1073580245270452945,6,0,1
1,11,5,46,20,0,3,0,1820667829929191117,7969362314474987566,1073580245270452945,6,0,1
1,11,6,43,43,0,3,0,1820667829929191117,7969362314474987566,1073580245270452945,6,0,1
1,11,7,48,31,5,3,0,1820667829929191117,7969362314474987566,1073580245270452945,6,0,0
1,12,0,55,44,0,6,0,9811589077373325889,9162160579813937978,876808399970156721,7,0,1
1,12,1,13,33,9,0,0,9811589077373325889,9162160579813937978,876808399970156721,7,0,0
1,12,2,30,33,9,2,0,9811589077373325889,9162160579813937978,876808399970156721,7,0,0
1,12,3,45,41,6,4,0,9811589077373325889,9162160579813937978,876808399970156721,7,0,0
1,12,4,53,51,0,5,0,9811589077373325889,9162160579813937978,876808399970156721,7,0,1
1,12,5,46,25,0,4,0,9811589077373325889,9162160579813937978,876808399970156721,7,0,1
1,12,6,35,52,8,3,0,9811589077373325889,9162160579813937978,876808399970156721,7,0,0
1,12,7,48,39,0,4,0,9811589077373325889,9162160579813937978,876808399970156721,7,0,1
1,13,0,48,53,7,6,0,5993868304753825386,6726960088803937859,7598143344813097135,8,0,0
1,13,1,4,41,9,0,0,5993868304753825386,6726960088803937859,7598143344813097135,8,0,0
1,13,2,23,41,7,2,0,5993868304753825386,6726960088803937859,7598143344813097135,8,0,0
1,13,3,45,49,0,5,0,5993868304753825386,6726960088803937859,7598143344813097135,8,0,1
1,13,4,53,60,0,6,0,5993868304753825386,6726960088803937859,7598143344813097135,8,0,1
1,13,5,46,33,0,5,0,5993868304753825386,6726960088803937859,7598143344813097135,8,0,1
1,13,6,27,60,8,3,0,5993868304753825386,6726960088803937859,7598143344813097135,8,0,0
1,13,7,48,48,0,5,0,5993868304753825386,6726960088803937859,7598143344813097135,8,0,1
1,14,0,48,61,0,7,0,644017073483138760,3869962613752164273,12577941364841114158,9,0,1
1,14,1,0,47,8,0,8,644017073483138760,3869962613752164273,12577941364841114158,9,0,0
1,14,2,15,49,8,2,0,644017073483138760,3869962613752164273,12577941364841114158,9,0,0
1,14,3,40,58,5,5,0,644017073483138760,3869962613752164273,12577941364841114158,9,0,0
1,14,4,53,69,0,7,0,644017073483138760,3869962613752164273,12577941364841114158,9,0,1
1,14,5,39,42,7,5,0,644017073483138760,3869962613752164273,12577941364841114158,9,0,0
1,14,6,27,68,0,4,0,644017073483138760,3869962613752164273,12577941364841114158,9,0,1
1,14,7,48,57,0,6,0,644017073483138760,3869962613752164273,12577941364841114158,9,0,1
1,15,0,48,70,0,7,0,18349767459349332063,325638151812810713,11704696111121049009,9,1,2
1,15,1,0,47,0,0,8,18349767459349332063,325638151812810713,11704696111121049009,9,1,0
1,15,2,15,57,0,2,0,18349767459349332063,325638151812810713,11704696111121049009,9,1,2
1,15,3,40,62,0,5,0,18349767459349332063,325638151812810713,11704696111121049009,9,1,2
1,15,4,53,78,0,7,0,18349767459349332063,325638151812810713,11704696111121049009,9,1,2
1,15,5,39,50,0,5,0,18349767459349332063,325638151812810713,11704696111121049009,9,1,2
1,15,6,27,74,0,4,0,18349767459349332063,325638151812810713,11704696111121049009,9,1,2
1,15,7,48,66,0,6,0,18349767459349332063,325638151812810713,11704696111121049009,9,1,2
1,16,0,48,80,0,8,0,10202351002008102715,6916104734397459994,3741870819863456024,10,0,1
1,16,1,0,47,0,0,8,10202351002008102715,6916104734397459994,3741870819863456024,10,0,0
1,16,2,7,67,8,2,0,10202351002008102715,6916104734397459994,3741870819863456024,10,0,0
1,16,3,40,72,0,6,0,10202351002008102715,6916104734397459994,3741870819863456024,10,0,1
1,16,4,45,88,8,7,0,10202351002008102715,6916104734397459994,3741870819863456024,10,0,0
1,16,5,39,58,0,6,0,10202351002008102715,6916104734397459994,3741870819863456024,10,0,1
1,16,6,18,84,9,4,0,10202351002008102715,6916104734397459994,3741870819863456024,10,0,0
1,16,7,48,72,0,7,0,10202351002008102715,6916104734397459994,3741870819863456024,10,0,1
1,17,0,48,89,0,9,0,9133434688334697727,1587430681537070358,3890475966717554403,11,0,1
1,17,1,0,47,0,0,8,9133434688334697727,1587430681537070358,3890475966717554403,11,0,0
1,17,2,0,75,9,2,7,9133434688334697727,1587430681537070358,3890475966717554403,11,0,0
1,17,3,35,81,5,6,0,9133434688334697727,1587430681537070358,3890475966717554403,11,0,0
1,17,4,38,96,7,7,0,9133434688334697727,1587430681537070358,3890475966717554403,11,0,0
1,17,5,39,67,0,7,0,9133434688334697727,1587430681537070358,3890475966717554403,11,0,1
1,17,6,11,92,7,4,0,9133434688334697727,1587430681537070358,3890475966717554403,11,0,0
1,17,7,48,79,0,8,0,9133434688334697727,1587430681537070358,3890475966717554403,11,0,1
1,18,0,48,98,0,10,0,17272607437485716287,7959226071721270231,3383105866939244599,12,0,1
1,18,1,0,47,0,0,8,17272607437485716287,7959226071721270231,3383105866939244599,12,0,0
1,18,2,0,75,0,2,7,17272607437485716287,7959226071721270231,3383105866939244599,12,0,0
1,18,3,35,89,0,7,0,17272607437485716287,7959226071721270231,3383105866939244599,12,0,1
1,18,4,31,104,7,7,0,17272607437485716287,7959226071721270231,3383105866939244599,12,0,0
1,18,5,39,73,0,8,0,17272607437485716287,7959226071721270231,3383105866939244599,12,0,1
1,18,6,4,100,7,4,0,17272607437485716287,7959226071721270231,3383105866939244599,12,0,0
1,18,7,42,88,6,8,0,17272607437485716287,7959226071721270231,3383105866939244599,12,0,0
1,19,0,48,107,0,11,0,3120983991631642141,17720862400715899920,15847349487750606401,13,0,1
1,19,1,0,47,0,0,8,3120983991631642141,17720862400715899920,15847349487750606401,13,0,0
1,19,2,0,75,0,2,7,3120983991631642141,17720862400715899920,15847349487750606401,13,0,0
1,19,3,25,98,10,7,0,3120983991631642141,17720862400715899920,15847349487750606401,13,0,0
1,19,4,20,112,11,7,0,3120983991631642141,17720862400715899920,15847349487750606401,13,0,0
1,19,5,39,82,0,9,0,3120983991631642141,17720862400715899920,15847349487750606401,13,0,1
1,19,6,0,108,9,4,6,3120983991631642141,17720862400715899920,15847349487750606401,13,0,0
1,19,7,42,96,0,9,0,3120983991631642141,17720862400715899920,15847349487750606401,13,0,1
1,20,0,48,116,0,11,0,13160674902227350846,4223909116664807069,10914548444629131083,13,1,2
1,20,1,0,47,0,0,8,13160674902227350846,4223909116664807069,10914548444629131083,13,1,0
1,20,2,0,75,0,2,7,13160674902227350846,4223909116664807069,10914548444629131083,13,1,0
1,20,3,23,106,2,7,0,13160674902227350846,4223909116664807069,10914548444629131083,13,1,0
1,20,4,20,120,0,7,0,13160674902227350846,4223909116664807069,10914548444629131083,13,1,2
1,20,5,39,91,0,9,0,13160674902227350846,4223909116664807069,10914548444629131083,13,1,2
1,20,6,0,108,0,4,6,13160674902227350846,4223909116664807069,10914548444629131083,13,1,0
1,20,7,42,105,0,9,0,13160674902227350846,4223909116664807069,10914548444629131083,13,1,2
1,21,0,48,121,0,12,0,7023866789212228751,7583639967890799329,2439238072875241711,14,0,1
1,21,1,0,47,0,0,8,7023866789212228751,7583639967890799329,2439238072875241711,14,0,0
1,21,2,0,75,0,2,7,7023866789212228751,7583639967890799329,2439238072875241711,14,0,0
1,21,3,23,114,0,8,0,7023866789212228751,7583639967890799329,2439238072875241711,14,0,1
1,21,4,11,130,9,7,0,7023866789212228751,7583639967890799329,2439238072875241711,14,0,0
1,21,5,30,101,9,9,0,7023866789212228751,7583639967890799329,2439238072875241711,14,0,0
1,21,6,0,108,0,4,6,7023866789212228751,7583639967890799329,2439238072875241711,14,0,0
1,21,7,33,115,9,9,0,7023866789212228751,7583639967890799329,2439238072875241711,14,0,0
1,22,0,48,130,0,13,0,9395487078908806822,14209512480566748431,18301963983708027133,15,0,1
1,22,1,0,47,0,0,8,9395487078908806822,14209512480566748431,18301963983708027133,15,0,0
1,22,2,0,75,0,2,7,9395487078908806822,14209512480566748431,18301963983708027133,15,0,0
1,22,3,13,123,10,8,0,9395487078908806822,14209512480566748431,18301963983708027133,15,0,0
1,22,4,1,138,10,7,0,9395487078908806822,14209512480566748431,18301963983708027133,15,0,0
1,22,5,30,109,0,10,0,9395487078908806822,14209512480566748431,18301963983708027133,15,0,1
1,22,6,0,108,0,4,6,9395487078908806822,14209512480566748431,18301963983708027133,15,0,0
1,22,7,33,123,0,10,0,9395487078908806822,14209512480566748431,18301963983708027133,15,0,1
1,23,0,48,139,0,14,0,14250994232602827399,5533793710269495228,1418413428833203192,16,0,1
1,23,1,0,47,0,0,8,14250994232602827399,5533793710269495228,1418413428833203192,16,0,0
1,23,2,0,75,0,2,7,14250994232602827399,5533793710269495228,1418413428833203192,16,0,0
1,23,3,5,131,8,8,0,14250994232602827399,5533793710269495228,1418413428833203192,16,0,0
1,23,4,1,142,0,8,0,14250994232602827399,5533793710269495228,1418413428833203192,16,0,1
1,23,5,30,118,0,11,0,14250994232602827399,5533793710269495228,1418413428833203192,16,0,1
1,23,6,0,108,0,4,6,14250994232602827399,5533793710269495228,1418413428833203192,16,0,0
1,23,7,23,132,10,10,0,14250994232602827399,5533793710269495228,1418413428833203192,16,0,0
1,24,0,48,148,0,15,0,4880785481883975790,13253916618610057693,691521213630360570,17,0,1
1,24,1,0,47,0,0,8,4880785481883975790,13253916618610057693,691521213630360570,17,0,0
1,24,2,0,75,0,2,7,4880785481883975790,13253916618610057693,691521213630360570,17,0,0
1,24,3,0,139,10,8,5,4880785481883975790,13253916618610057693,691521213630360570,17,0,0
1,24,4,1,142,0,9,0,4880785481883975790,13253916618610057693,691521213630360570,17,0,1
1,24,5,21,127,9,11,0,4880785481883975790,13253916618610057693,691521213630360570,17,0,0
1,24,6,0,108,0,4,6,4880785481883975790,13253916618610057693,691521213630360570,17,0,0
1,24,7,14,140,9,10,0,4880785481883975790,13253916618610057693,691521213630360570,17,0,0
1,25,0,48,157,0,15,0,4891659458650752418,218006576903876641,2511432927039786699,17,1,2
1,25,1,0,47,0,0,8,4891659458650752418,218006576903876641,2511432927039786699,17,1,0
1,25,2,0,75,0,2,7,4891659458650752418,218006576903876641,2511432927039786699,17,1,0
1,25,3,0,139,0,8,5,4891659458650752418,218006576903876641,2511432927039786699,17,1,0
1,25,4,1,151,0,9,0,4891659458650752418,218006576903876641,2511432927039786699,17,1,2
1,25,5,19,135,2,11,0,4891659458650752418,218006576903876641,2511432927039786699,17,1,0
1,25,6,0,108,0,4,6,4891659458650752418,218006576903876641,2511432927039786699,17,1,0
1,25,7,14,148,0,10,0,4891659458650752418,218006576903876641,2511432927039786699,17,1,2
1,26,0,48,167,0,16,0,56478331210400788,12869328021248104953,11434237550842072079,18,0,1
1,26,1,0,47,0,0,8,56478331210400788,12869328021248104953,11434237550842072079,18,0,0
1,26,2,0,75,0,2,7,56478331210400788,12869328021248104953,11434237550842072079,18,0,0
1,26,3,0,139,0,8,5,56478331210400788,12869328021248104953,11434237550842072079,18,0,0
1,26,4,0,161,7,9,4,56478331210400788,12869328021248104953,11434237550842072079,18,0,0
1,26,5,10,143,9,11,0,56478331210400788,12869328021248104953,11434237550842072079,18,0,0
1,26,6,0,108,0,4,6,56478331210400788,12869328021248104953,11434237550842072079,18,0,0
1,26,7,14,155,0,11,0,56478331210400788,12869328021248104953,11434237550842072079,18,0,1
1,27,0,48,176,0,17,0,3366320368470308618,3877013190803364070,13574959898603550578,19,0,1
1,27,1,0,47,0,0,8,3366320368470308618,3877013190803364070,13574959898603550578,19,0,0
1,27,2,0,75,0,2,7,3366320368470308618,3877013190803364070,13574959898603550578,19,0,0
1,27,3,0,139,0,8,5,3366320368470308618,3877013190803364070,13574959898603550578,19,0,0
1,27,4,0,161,0,9,4,3366320368470308618,3877013190803364070,13574959898603550578,19,0,0
1,27,5,1,151,9,11,0,3366320368470308618,3877013190803364070,13574959898603550578,19,0,0
1,27,6,0,108,0,4,6,3366320368470308618,3877013190803364070,13574959898603550578,19,0,0
1,27,7,5,164,9,11,0,3366320368470308618,3877013190803364070,13574959898603550578,19,0,0
1,28,0,48,185,0,18,0,2467137422424503733,14958943016640965253,8324205638516548626,20,0,1
1,28,1,0,47,0,0,8,2467137422424503733,14958943016640965253,8324205638516548626,20,0,0
1,28,2,0,75,0,2,7,2467137422424503733,14958943016640965253,8324205638516548626,20,0,0
1,28,3,0,139,0,8,5,2467137422424503733,14958943016640965253,8324205638516548626,20,0,0
1,28,4,0,161,0,9,4,2467137422424503733,14958943016640965253,8324205638516548626,20,0,0
1,28,5,0,159,9,11,3,2467137422424503733,14958943016640965253,8324205638516548626,20,0,0
1,28,6,0,108,0,4,6,2467137422424503733,14958943016640965253,8324205638516548626,20,0,0
1,28,7,5,172,0,12,0,2467137422424503733,14958943016640965253,8324205638516548626,20,0,1
1,29,0,48,194,0,19,1,1317115189366942629,2315566957134089993,2700738996941394718,21,0,1
1,29,1,0,47,0,0,8,1317115189366942629,2315566957134089993,2700738996941394718,21,0,0
1,29,2,0,75,0,2,7,1317115189366942629,2315566957134089993,2700738996941394718,21,0,0
1,29,3,0,139,0,8,5,1317115189366942629,2315566957134089993,2700738996941394718,21,0,0
1,29,4,0,161,0,9,4,1317115189366942629,2315566957134089993,2700738996941394718,21,0,0
1,29,5,0,159,0,11,3,1317115189366942629,2315566957134089993,2700738996941394718,21,0,0
1,29,6,0,108,0,4,6,1317115189366942629,2315566957134089993,2700738996941394718,21,0,0
1,29,7,0,181,8,12,2,1317115189366942629,2315566957134089993,2700738996941394718,21,0,0
2,1,0,60,0,0,0,0,650791315965419574,12953621176843397758,11011904379767729137,0,1,2
2,1,1,60,0,0,0,0,650791315965419574,12953621176843397758,11011904379767729137,0,1,2
2,1,2,60,1,0,0,0,650791315965419574,12953621176843397758,11011904379767729137,0,1,2
2,1,3,60,0,0,0,0,650791315965419574,12953621176843397758,11011904379767729137,0,1,2
2,1,4,60,0,0,0,0,650791315965419574,12953621176843397758,11011904379767729137,0,1,2
2,1,5,60,0,0,0,0,650791315965419574,12953621176843397758,11011904379767729137,0,1,2
2,1,6,60,1,0,0,0,650791315965419574,12953621176843397758,11011904379767729137,0,1,2
2,1,7,60,2,0,0,0,650791315965419574,12953621176843397758,11011904379767729137,0,1,2
2,2,0,60,0,0,0,0,9310549626003812967,5309929092488259748,15094400790495006868,0,1,2
2,2,1,60,2,0,0,0,9310549626003812967,5309929092488259748,15094400790495006868,0,1,2
2,2,2,60,2,0,0,0,9310549626003812967,5309929092488259748,15094400790495006868,0,1,2
2,2,3,60,3,0,0,0,9310549626003812967,5309929092488259748,15094400790495006868,0,1,2
2,2,4,60,0,0,0,0,9310549626003812967,5309929092488259748,15094400790495006868,0,1,2
2,2,5,60,0,0,0,0,9310549626003812967,5309929092488259748,15094400790495006868,0,1,2
2,2,6,60,2,0,0,0,9310549626003812967,5309929092488259748,15094400790495006868,0,1,2
2,2,7,60,1,0,0,0,9310549626003812967,5309929092488259748,15094400790495006868,0,1,2
2,3,0,60,0,0,0,0,16834710620006228806,9917097714856683032,12847459343663751168,0,1,2
2,3,1,60,2,0,0,0,16834710620006228806,9917097714856683032,12847459343663751168,0,1,2
2,3,2,60,3,0,0,0,16834710620006228806,9917097714856683032,12847459343663751168,0,1,2
2,3,3,60,0,0,0,0,16834710620006228806,9917097714856683032,12847459343663751168,0,1,2
2,3,4,60,1,0,0,0,16834710620006228806,9917097714856683032,12847459343663751168,0,1,2
2,3,5,60,1,0,0,0,16834710620006228806,9917097714856683032,12847459343663751168,0,1,2
2,3,6,60,0,0,0,0,16834710620006228806,9917097714856683032,12847459343663751168,0,1,2
2,3,7,60,1,0,0,0,16834710620006228806,9917097714856683032,12847459343663751168,0,1,2
2,4,0,54,7,6,0,0,16924749665268304481,11991132570638553485,362034142600781892,1,0,0
2,4,1,60,3,0,1,0,16924749665268304481,11991132570638553485,362034142600781892,1,0,1
2,4,2,57,10,3,0,0,16924749665268304481,11991132570638553485,362034142600781892,1,0,0
2,4,3,60,0,0,1,0,16924749665268304481,11991132570638553485,362034142600781892,1,0,1
2,4,4,60,7,0,1,0,16924749665268304481,11991132570638553485,362034142600781892,1,0,1
2,4,5,60,7,0,1,0,16924749665268304481,11991132570638553485,362034142600781892,1,0,1
2,4,6,53,8,7,0,0,16924749665268304481,11991132570638553485,362034142600781892,1,0,0
2,4,7,55,2,5,0,0,16924749665268304481,11991132570638553485,362034142600781892,1,0,0
2,5,0,54,10,0,0,0,9646579463283834145,7277551705741925281,9281573313967943801,1,1,2
2,5,1,60,9,0,1,0,9646579463283834145,7277551705741925281,9281573313967943801,1,1,2
2,5,2,57,8,0,0,0,9646579463283834145,7277551705741925281,9281573313967943801,1,1,2
2,5,3,60,0,0,1,0,9646579463283834145,7277551705741925281,9281573313967943801,1,1,2
2,5,4,60,10,0,1,0,9646579463283834145,7277551705741925281,9281573313967943801,1,1,2
2,5,5,60,11,0,1,0,9646579463283834145,7277551705741925281,9281573313967943801,1,1,2
2,5,6,53,11,0,0,0,9646579463283834145,7277551705741925281,9281573313967943801,1,1,2
2,5,7,55,0,0,0,0,9646579463283834145,7277551705741925281,9281573313967943801,1,1,2
2,6,0,48,13,6,0,0,12994189899396348741,1008389451032097095,18129521597693643988,2,0,0
2,6,1,60,10,0,2,0,12994189899396348741,1008389451032097095,18129521597693643988,2,0,1
2,6,2,51,15,6,0,0,12994189899396348741,1008389451032097095,18129521597693643988,2,0,0
2,6,3,60,2,0,2,0,12994189899396348741,1008389451032097095,18129521597693643988,2,0,1
2,6,4,60,14,0,2,0,12994189899396348741,1008389451032097095,18129521597693643988,2,0,1
2,6,5,57,13,3,1,0,12994189899396348741,1008389451032097095,18129521597693643988,2,0,0
2,6,6,48,12,5,0,0,12994189899396348741,1008389451032097095,18129521597693643988,2,0,0
2,6,7,55,7,0,1,0,12994189899396348741,1008389451032097095,18129521597693643988,2,0,1
2,7,0,41,13,7,0,0,15833575067004272215,16433074871676437316,13958476933198711677,3,0,0
2,7,1,53,11,7,2,0,15833575067004272215,16433074871676437316,13958476933198711677,3,0,0
2,7,2,51,12,0,1,0,15833575067004272215,16433074871676437316,13958476933198711677,3,0,1
2,7,3,60,1,0,3,0,15833575067004272215,16433074871676437316,13958476933198711677,3,0,1
2,7,4,55,15,5,2,0,15833575067004272215,16433074871676437316,13958476933198711677,3,0,0
2,7,5,51,14,6,1,0,15833575067004272215,16433074871676437316,13958476933198711677,3,0,0
2,7,6,48,13,0,1,0,15833575067004272215,16433074871676437316,13958476933198711677,3,0,1
2,7,7,55,5,0,2,0,15833575067004272215,16433074871676437316,13958476933198711677,3,0,1
2,8,0,41,17,0,1,0,10523649703397927387,15573460355789655929,7854640057239618527,4,0,1
2,8,1,53,10,0,3,0,10523649703397927387,15573460355789655929,7854640057239618527,4,0,1
2,8,2,45,14,6,1,0,10523649703397927387,15573460355789655929,7854640057239618527,4,0,0
2,8,3,60,7,0,4,0,10523649703397927387,15573460355789655929,7854640057239618527,4,0,1
2,8,4,47,21,8,2,0,10523649703397927387,15573460355789655929,7854640057239618527,4,0,0
2,8,5,44,21,7,1,0,10523649703397927387,15573460355789655929,7854640057239618527,4,0,0
2,8,6,42,16,6,1,0,10523649703397927387,15573460355789655929,7854640057239618527,4,0,0
2,8,7,55,10,0,3,0,10523649703397927387,15573460355789655929,7854640057239618527,4,0,1
2,9,0,41,20,0,2,0,13502862711763005352,5459303113938207053,16985342534413363353,5,0,1
2,9,1,53,13,0,4,0,13502862711763005352,5459303113938207053,16985342534413363353,5,0,1
2,9,2,40,15,5,1,0,13502862711763005352,5459303113938207053,16985342534413363353,5,0,0
2,9,3,56,13,4,4,0,13502862711763005352,5459303113938207053,16985342534413363353,5,0,0
2,9,4,40,29,7,2,0,13502862711763005352,5459303113938207053,16985342534413363353,5,0,0
2,9,5,40,25,4,1,0,13502862711763005352,5459303113938207053,16985342534413363353,5,0,0
2,9,6,42,22,0,2,0,13502862711763005352,5459303113938207053,16985342534413363353,5,0,1
2,9,7,55,15,0,4,0,13502862711763005352,5459303113938207053,16985342534413363353,5,0,1
2,10,0,41,30,0,2,0,14130481614738691923,17125837665459631905,1779966563959701127,5,1,2
2,10,1,53,20,0,4,0,14130481614738691923,17125837665459631905,1779966563959701127,5,1,2
2,10,2,40,21,0,1,0,14130481614738691923,17125837665459631905,1779966563959701127,5,1,2
2,10,3,56,20,0,4,0,14130481614738691923,17125837665459631905,1779966563959701127,5,1,2
2,10,4,40,36,0,2,0,14130481614738691923,17125837665459631905,1779966563959701127,5,1,2
2,10,5,40,30,0,1,0,14130481614738691923,17125837665459631905,1779966563959701127,5,1,2
2,10,6,42,30,0,2,0,14130481614738691923,17125837665459631905,1779966563959701127,5,1,2
2,10,7,55,20,0,4,0,14130481614738691923,17125837665459631905,1779966563959701127,5,1,2
2,11,0,35,40,6,2,0,16843862180478436047,5320191327969729154,4111666845064092995,6,0,0
2,11,1,46,26,7,4,0,16843862180478436047,5320191327969729154,4111666845064092995,6,0,0
2,11,2,32,30,8,1,0,16843862180478436047,5320191327969729154,4111666845064092995,6,0,0
2,11,3,56,29,0,5,0,16843862180478436047,5320191327969729154,4111666845064092995,6,0,1
2,11,4,40,46,0,3,0,16843862180478436047,5320191327969729154,4111666845064092995,6,0,1
2,11,5,36,40,4,1,0,16843862180478436047,5320191327969729154,4111666845064092995,6,0,0
2,11,6,42,37,0,3,0,16843862180478436047,5320191327969729154,4111666845064092995,6,0,1
2,11,7,55,26,0,5,0,16843862180478436047,5320191327969729154,4111666845064092995,6,0,1
2,12,0,35,37,0,3,0,10056317409414669815,15954234789163095160,7861641274684522973,7,0,1
2,12,1,39,33,7,4,0,10056317409414669815,15954234789163095160,7861641274684522973,7,0,0
2,12,2,22,38,10,1,0,10056317409414669815,15954234789163095160,7861641274684522973,7,0,0
2,12,3,56,30,0,6,0,10056317409414669815,15954234789163095160,7861641274684522973,7,0,1
2,12,4,30,55,10,3,0,10056317409414669815,15954234789163095160,7861641274684522973,7,0,0
2,12,5,36,48,0,2,0,10056317409414669815,15954234789163095160,7861641274684522973,7,0,1
2,12,6,35,46,7,3,0,10056317409414669815,15954234789163095160,7861641274684522973,7,0,0
2,12,7,55,34,0,6,0,10056317409414669815,15954234789163095160,7861641274684522973,7,0,1
2,13,0,26,46,9,3,0,4424454932173074871,646897850111703646,1769065883944541611,8,0,0
2,13,1,39,36,0,5,0,4424454932173074871,646897850111703646,1769065883944541611,8,0,1
2,13,2,14,46,8,1,0,4424454932173074871,646897850111703646,1769065883944541611,8,0,0
2,13,3,56,39,0,7,0,4424454932173074871,646897850111703646,1769065883944541611,8,0,1
2,13,4,22,52,8,3,0,4424454932173074871,646897850111703646,1769065883944541611,8,0,0
2,13,5,27,54,9,2,0,4424454932173074871,646897850111703646,1769065883944541611,8,0,0
2,13,6,35,54,0,4,0,4424454932173074871,646897850111703646,1769065883944541611,8,0,1
2,13,7,55,43,0,7,0,4424454932173074871,646897850111703646,1769065883944541611,8,0,1
2,14,0,20,54,6,3,0,17812779506135201316,5877556281269423309,6828431730441961628,9,0,0
2,14,1,31,45,8,5,0,17812779506135201316,5877556281269423309,6828431730441961628,9,0,0
2,14,2,14,49,0,2,0,17812779506135201316,5877556281269423309,6828431730441961628,9,0,1
2,14,3,56,48,0,8,0,17812779506135201316,5877556281269423309,6828431730441961628,9,0,1
2,14,4,14,60,8,3,0,17812779506135201316,5877556281269423309,6828431730441961628,9,0,0
2,14,5,20,62,7,2,0,17812779506135201316,5877556281269423309,6828431730441961628,9,0,0
2,14,6,35,63,0,5,0,17812779506135201316,5877556281269423309,6828431730441961628,9,0,1
2,14,7,55,52,0,8,0,17812779506135201316,5877556281269423309,6828431730441961628,9,0,1
2,15,0,20,62,0,3,0,9642469351568650333,8436846343904739317,5774744701846906171,9,1,2
2,15,1,31,53,0,5,0,9642469351568650333,8436846343904739317,5774744701846906171,9,1,2
2,15,2,14,58,0,2,0,9642469351568650333,8436846343904739317,5774744701846906171,9,1,2
2,15,3,56,57,0,8,0,9642469351568650333,8436846343904739317,5774744701846906171,9,1,2
2,15,4,14,68,0,3,0,9642469351568650333,8436846343904739317,5774744701846906171,9,1,2
2,15,5,20,70,0,2,0,9642469351568650333,8436846343904739317,5774744701846906171,9,1,2
2,15,6,35,72,0,5,0,9642469351568650333,8436846343904739317,5774744701846906171,9,1,2
2,15,7,55,61,0,8,0,9642469351568650333,8436846343904739317,5774744701846906171,9,1,2
2,16,0,20,72,0,4,0,11425408056044269555,7518921618830760908,14395361515819814217,10,0,1
2,16,1,26,63,5,5,0,11425408056044269555,7518921618830760908,14395361515819814217,10,0,0
2,16,2,5,68,9,2,0,11425408056044269555,7518921618830760908,14395361515819814217,10,0,0
2,16,3,56,67,0,9,0,11425408056044269555,7518921618830760908,14395361515819814217,10,0,1
2,16,4,14,78,0,4,0,11425408056044269555,7518921618830760908,14395361515819814217,10,0,1
2,16,5,12,80,8,2,0,11425408056044269555,7518921618830760908,14395361515819814217,10,0,0
2,16,6,27,82,8,5,0,11425408056044269555,7518921618830760908,14395361515819814217,10,0,0
2,16,7,55,65,0,9,0,11425408056044269555,7518921618830760908,14395361515819814217,10,0,1
2,17,0,20,81,0,5,0,10922784111691567837,6467900638520322064,16291976333318914737,11,0,1
2,17,1,26,67,0,6,0,10922784111691567837,6467900638520322064,16291976333318914737,11,0,1
2,17,2,0,76,8,2,8,10922784111691567837,6467900638520322064,16291976333318914737,11,0,0
2,17,3,56,76,0,10,0,10922784111691567837,6467900638520322064,16291976333318914737,11,0,1
2,17,4,6,87,8,4,0,10922784111691567837,6467900638520322064,16291976333318914737,11,0,0
2,17,5,3,88,9,2,0,10922784111691567837,6467900638520322064,16291976333318914737,11,0,0
2,17,6,27,90,0,6,0,10922784111691567837,6467900638520322064,16291976333318914737,11,0,1
2,17,7,50,74,5,9,0,10922784111691567837,6467900638520322064,16291976333318914737,11,0,0
2,18,0,20,90,0,6,0,11669246885049724343,14338852443720216408,3094403485438191458,12,0,1
2,18,1,19,76,7,6,0,11669246885049724343,14338852443720216408,3094403485438191458,12,0,0
2,18,2,0,76,0,2,8,11669246885049724343,14338852443720216408,3094403485438191458,12,0,0
2,18,3,56,85,0,11,0,11669246885049724343,14338852443720216408,3094403485438191458,12,0,1
2,18,4,0,95,8,4,6,11669246885049724343,14338852443720216408,3094403485438191458,12,0,0
2,18,5,0,96,8,2,7,11669246885049724343,14338852443720216408,3094403485438191458,12,0,0
2,18,6,19,99,8,6,0,11669246885049724343,14338852443720216408,3094403485438191458,12,0,0
2,18,7,50,82,0,10,0,11669246885049724343,14338852443720216408,3094403485438191458,12,0,1
2,19,0,9,99,11,6,0,4767949526976081174,838757638295446117,12372349320515550003,13,0,0
2,19,1,19,84,0,7,0,4767949526976081174,838757638295446117,12372349320515550003,13,0,1
2,19,2,0,76,0,2,8,4767949526976081174,838757638295446117,12372349320515550003,13,0,0
2,19,3,56,94,0,12,0,4767949526976081174,838757638295446117,12372349320515550003,13,0,1
2,19,4,0,95,0,4,6,4767949526976081174,838757638295446117,12372349320515550003,13,0,0
2,19,5,0,96,0,2,7,4767949526976081174,838757638295446117,12372349320515550003,13,0,0
2,19,6,9,107,10,6,0,4767949526976081174,838757638295446117,12372349320515550003,13,0,0
2,19,7,50,91,0,11,0,4767949526976081174,838757638295446117,12372349320515550003,13,0,1
2,20,0,7,107,2,6,0,3225936571177171196,6587427248247609995,18110184685664338377,13,1,0
2,20,1,19,93,0,7,0,3225936571177171196,6587427248247609995,18110184685664338377,13,1,2
2,20,2,0,76,0,2,8,3225936571177171196,6587427248247609995,18110184685664338377,13,1,0
2,20,3,56,103,0,12,0,3225936571177171196,6587427248247609995,18110184685664338377,13,1,2
2,20,4,0,95,0,4,6,3225936571177171196,6587427248247609995,18110184685664338377,13,1,0
2,20,5,0,96,0,2,7,3225936571177171196,6587427248247609995,18110184685664338377,13,1,0
2,20,6,9,115,0,6,0,3225936571177171196,6587427248247609995,18110184685664338377,13,1,2
2,20,7,50,100,0,11,0,3225936571177171196,6587427248247609995,18110184685664338377,13,1,2
2,21,0,0,112,8,6,4,16400919608759535946,13328335948044958958,15360094606622309174,14,0,0
2,21,1,19,103,0,8,0,16400919608759535946,13328335948044958958,15360094606622309174,14,0,1
2,21,2,0,76,0,2,8,16400919608759535946,13328335948044958958,15360094606622309174,14,0,0
2,21,3,56,113,0,13,0,16400919608759535946,13328335948044958958,15360094606622309174,14,0,1
2,21,4,0,95,0,4,6,16400919608759535946,13328335948044958958,15360094606622309174,14,0,0
2,21,5,0,96,0,2,7,16400919608759535946,13328335948044958958,15360094606622309174,14,0,0
2,21,6,0,123,10,6,4,16400919608759535946,13328335948044958958,15360094606622309174,14,0,0
2,21,7,42,110,8,11,0,16400919608759535946,13328335948044958958,15360094606622309174,14,0,0
2,22,0,0,112,0,6,4,1487170163431289729,14562476798394643545,11694350488782920893,15,0,0
2,22,1,19,112,0,9,0,1487170163431289729,14562476798394643545,11694350488782920893,15,0,1
2,22,2,0,76,0,2,8,1487170163431289729,14562476798394643545,11694350488782920893,15,0,0
2,22,3,56,117,0,14,0,1487170163431289729,14562476798394643545,11694350488782920893,15,0,1
2,22,4,0,95,0,4,6,1487170163431289729,14562476798394643545,11694350488782920893,15,0,0
2,22,5,0,96,0,2,7,1487170163431289729,14562476798394643545,11694350488782920893,15,0,0
2,22,6,0,123,0,6,4,1487170163431289729,14562476798394643545,11694350488782920893,15,0,0
2,22,7,34,118,8,11,0,1487170163431289729,14562476798394643545,11694350488782920893,15,0,0
2,23,0,0,112,0,6,4,6119107729879249420,3702068105985309377,16017111506453673986,16,0,0
2,23,1,10,121,9,9,0,6119107729879249420,3702068105985309377,16017111506453673986,16,0,0
2,23,2,0,76,0,2,8,6119107729879249420,3702068105985309377,16017111506453673986,16,0,0
2,23,3,56,126,0,15,0,6119107729879249420,3702068105985309377,16017111506453673986,16,0,1
2,23,4,0,95,0,4,6,6119107729879249420,3702068105985309377,16017111506453673986,16,0,0
2,23,5,0,96,0,2,7,6119107729879249420,3702068105985309377,16017111506453673986,16,0,0
2,23,6,0,123,0,6,4,6119107729879249420,3702068105985309377,16017111506453673986,16,0,0
2,23,7,26,126,8,11,0,6119107729879249420,3702068105985309377,16017111506453673986,16,0,0
2,24,0,0,112,0,6,4,12926872096792957261,17134822436653172257,11904010943820263025,17,0,0
2,24,1,1,129,9,9,0,12926872096792957261,17134822436653172257,11904010943820263025,17,0,0
2,24,2,0,76,0,2,8,12926872096792957261,17134822436653172257,11904010943820263025,17,0,0
2,24,3,56,135,0,16,0,12926872096792957261,17134822436653172257,11904010943820263025,17,0,1
2,24,4,0,95,0,4,6,12926872096792957261,17134822436653172257,11904010943820263025,17,0,0
2,24,5,0,96,0,2,7,12926872096792957261,17134822436653172257,11904010943820263025,17,0,0
2,24,6,0,123,0,6,4,12926872096792957261,17134822436653172257,11904010943820263025,17,0,0
2,24,7,17,134,9,11,0,12926872096792957261,17134822436653172257,11904010943820263025,17,0,0
2,25,0,0,112,0,6,4,16642316475423435359,6062464828116261304,16585682970006253404,17,1,0
2,25,1,1,137,0,9,0,16642316475423435359,6062464828116261304,16585682970006253404,17,1,2
2,25,2,0,76,0,2,8,16642316475423435359,6062464828116261304,16585682970006253404,17,1,0
2,25,3,56,144,0,16,0,16642316475423435359,6062464828116261304,16585682970006253404,17,1,2
2,25,4,0,95,0,4,6,16642316475423435359,6062464828116261304,16585682970006253404,17,1,0
2,25,5,0,96,0,2,7,16642316475423435359,6062464828116261304,16585682970006253404,17,1,0
2,25,6,0,123,0,6,4,16642316475423435359,6062464828116261304,16585682970006253404,17,1,0
2,25,7,17,138,0,11,0,16642316475423435359,6062464828116261304,16585682970006253404,17,1,2
2,26,0,0,112,0,6,4,12727796438032931727,13834508203985971883,14929375573782925232,18,0,0
2,26,1,1,147,0,10,0,12727796438032931727,13834508203985971883,14929375573782925232,18,0,1
2,26,2,0,76,0,2,8,12727796438032931727,13834508203985971883,14929375573782925232,18,0,0
2,26,3,56,154,0,17,0,12727796438032931727,13834508203985971883,14929375573782925232,18,0,1
2,26,4,0,95,0,4,6,12727796438032931727,13834508203985971883,14929375573782925232,18,0,0
2,26,5,0,96,0,2,7,12727796438032931727,13834508203985971883,14929375573782925232,18,0,0
2,26,6,0,123,0,6,4,12727796438032931727,13834508203985971883,14929375573782925232,18,0,0
2,26,7,8,148,9,11,0,12727796438032931727,13834508203985971883,14929375573782925232,18,0,0
2,27,0,0,112,0,6,4,13179917567852622019,6530276161840808528,6019694780429121173,19,0,0
2,27,1,1,156,0,11,0,13179917567852622019,6530276161840808528,6019694780429121173,19,0,1
2,27,2,0,76,0,2,8,13179917567852622019,6530276161840808528,6019694780429121173,19,0,0
2,27,3,56,163,0,18,0,13179917567852622019,6530276161840808528,6019694780429121173,19,0,1
2,27,4,0,95,0,4,6,13179917567852622019,6530276161840808528,6019694780429121173,19,0,0
2,27,5,0,96,0,2,7,13179917567852622019,6530276161840808528,6019694780429121173,19,0,0
2,27,6,0,123,0,6,4,13179917567852622019,6530276161840808528,6019694780429121173,19,0,0
2,27,7,0,156,10,11,3,13179917567852622019,6530276161840808528,6019694780429121173,19,0,0
2,28,0,0,112,0,6,4,9732405516324005546,8642712616547339102,13853560412480237651,20,0,0
2,28,1,0,165,10,11,2,9732405516324005546,8642712616547339102,13853560412480237651,20,0,0
2,28,2,0,76,0,2,8,9732405516324005546,8642712616547339102,13853560412480237651,20,0,0
2,28,3,56,172,0,19,1,9732405516324005546,8642712616547339102,13853560412480237651,20,0,1
2,28,4,0,95,0,4,6,9732405516324005546,8642712616547339102,13853560412480237651,20,0,0
2,28,5,0,96,0,2,7,9732405516324005546,8642712616547339102,13853560412480237651,20,0,0
2,28,6,0,123,0,6,4,9732405516324005546,8642712616547339102,13853560412480237651,20,0,0
2,28,7,0,156,0,11,3,9732405516324005546,8642712616547339102,13853560412480237651,20,0,0
3,1,0,60,1,0,0,0,10013105292287488779,17403726396967030454,17764571621574336186,0,1,2
3,1,1,60,0,0,0,0,10013105292287488779,17403726396967030454,17764571621574336186,0,1,2
3,1,2,60,0,0,0,0,10013105292287488779,17403726396967030454,17764571621574336186,0,1,2
3,1,3,60,0,0,0,0,10013105292287488779,17403726396967030454,17764571621574336186,0,1,2
3,1,4,60,0,0,0,0,10013105292287488779,17403726396967030454,17764571621574336186,0,1,2
3,1,5,60,0,0,0,0,10013105292287488779,17403726396967030454,17764571621574336186,0,1,2
3,1,6,60,2,0,0,0,10013105292287488779,17403726396967030454,17764571621574336186,0,1,2
3,1,7,60,0,0,0,0,10013105292287488779,17403726396967030454,17764571621574336186,0,1,2
3,2,0,60,4,0,0,0,11768589475732276969,5125823804275703427,2191630740231189464,0,1,2
3,2,1,60,1,0,0,0,11768589475732276969,5125823804275703427,2191630740231189464,0,1,2
3,2,2,60,2,0,0,0,11768589475732276969,5125823804275703427,2191630740231189464,0,1,2
3,2,3,60,3,0,0,0,11768589475732276969,5125823804275703427,2191630740231189464,0,1,2
3,2,4,60,4,0,0,0,11768589475732276969,5125823804275703427,2191630740231189464,0,1,2
3,2,5,60,3,0,0,0,11768589475732276969,5125823804275703427,2191630740231189464,0,1,2
3,2,6,60,5,0,0,0,11768589475732276969,5125823804275703427,2191630740231189464,0,1,2
3,2,7,60,3,0,0,0,11768589475732276969,5125823804275703427,2191630740231189464,0,1,2
3,3,0,60,1,0,0,0,17596597598776027651,11587873429861926253,9155924396148096537,0,1,2
3,3,1,60,0,0,0,0,17596597598776027651,11587873429861926253,9155924396148096537,0,1,2
3,3,2,60,2,0,0,0,17596597598776027651,11587873429861926253,9155924396148096537,0,1,2
3,3,3,60,2,0,0,0,17596597598776027651,11587873429861926253,9155924396148096537,0,1,2
3,3,4,60,0,0,0,0,17596597598776027651,11587873429861926253,9155924396148096537,0,1,2
3,3,5,60,3,0,0,0,17596597598776027651,11587873429861926253,9155924396148096537,0,1,2
3,3,6,60,7,0,0,0,17596597598776027651,11587873429861926253,9155924396148096537,0,1,2
3,3,7,60,0,0,0,0,17596597598776027651,11587873429861926253,9155924396148096537,0,1,2
3,4,0,60,6,0,1,0,1107962775753580721,12556310035596373562,7222631076104959141,1,0,1
3,4,1,53,6,7,0,0,1107962775753580721,12556310035596373562,7222631076104959141,1,0,0
3,4,2,60,3,0,1,0,1107962775753580721,12556310035596373562,7222631076104959141,1,0,1
3,4,3,57,3,3,0,0,1107962775753580721,12556310035596373562,7222631076104959141,1,0,0
3,4,4,54,3,6,0,0,1107962775753580721,12556310035596373562,7222631076104959141,1,0,0
3,4,5,56,10,4,0,0,1107962775753580721,12556310035596373562,7222631076104959141,1,0,0
3,4,6,60,10,0,1,0,1107962775753580721,12556310035596373562,7222631076104959141,1,0,1
3,4,7,60,0,0,1,0,1107962775753580721,12556310035596373562,7222631076104959141,1,0,1
3,5,0,60,10,0,1,0,3675743464570074927,13402011369307483746,13597932847112782437,1,1,2
3,5,1,53,6,0,0,0,3675743464570074927,13402011369307483746,13597932847112782437,1,1,2
3,5,2,60,10,0,1,0,3675743464570074927,13402011369307483746,13597932847112782437,1,1,2
3,5,3,57,10,0,0,0,3675743464570074927,13402011369307483746,13597932847112782437,1,1,2
3,5,4,54,1,0,0,0,3675743464570074927,13402011369307483746,13597932847112782437,1,1,2
3,5,5,56,11,0,0,0,3675743464570074927,13402011369307483746,13597932847112782437,1,1,2
3,5,6,60,10,0,1,0,3675743464570074927,13402011369307483746,13597932847112782437,1,1,2
3,5,7,60,1,0,1,0,3675743464570074927,13402011369307483746,13597932847112782437,1,1,2
3,6,0,60,11,0,2,0,4430310213491407933,8535171054476911162,8593617500375430392,2,0,1
3,6,1,53,13,0,1,0,4430310213491407933,8535171054476911162,8593617500375430392,2,0,1
3,6,2,60,15,0,2,0,4430310213491407933,8535171054476911162,8593617500375430392,2,0,1
3,6,3,53,18,4,0,0,4430310213491407933,8535171054476911162,8593617500375430392,2,0,0
3,6,4,49,10,5,0,0,4430310213491407933,8535171054476911162,8593617500375430392,2,0,0
3,6,5,50,10,6,0,0,4430310213491407933,8535171054476911162,8593617500375430392,2,0,0
3,6,6,54,16,6,1,0,4430310213491407933,8535171054476911162,8593617500375430392,2,0,0
3,6,7,60,8,0,2,0,4430310213491407933,8535171054476911162,8593617500375430392,2,0,1
3,7,0,56,11,4,2,0,907278452763852092,7795399992281101817,14945092546991785710,3,0,0
3,7,1,53,14,0,2,0,907278452763852092,7795399992281101817,14945092546991785710,3,0,1
3,7,2,53,16,7,2,0,907278452763852092,7795399992281101817,14945092546991785710,3,0,0
3,7,3,53,14,0,1,0,907278452763852092,7795399992281101817,14945092546991785710,3,0,1
3,7,4,44,11,5,0,0,907278452763852092,7795399992281101817,14945092546991785710,3,0,0
3,7,5,50,11,0,1,0,907278452763852092,7795399992281101817,14945092546991785710,3,0,1
3,7,6,49,16,5,1,0,907278452763852092,7795399992281101817,14945092546991785710,3,0,0
3,7,7,60,10,0,3,0,907278452763852092,7795399992281101817,14945092546991785710,3,0,1
3,8,0,50,13,6,2,0,641796783297354260,8481845465780995901,4555345419803571992,4,0,0
3,8,1,53,16,0,3,0,641796783297354260,8481845465780995901,4555345419803571992,4,0,1
3,8,2,53,14,0,3,0,641796783297354260,8481845465780995901,4555345419803571992,4,0,1
3,8,3,45,21,8,1,0,641796783297354260,8481845465780995901,4555345419803571992,4,0,0
3,8,4,37,17,7,0,0,641796783297354260,8481845465780995901,4555345419803571992,4,0,0
3,8,5,47,11,3,1,0,641796783297354260,8481845465780995901,4555345419803571992,4,0,0
3,8,6,49,22,0,2,0,641796783297354260,8481845465780995901,4555345419803571992,4,0,1
3,8,7,60,14,0,4,0,641796783297354260,8481845465780995901,4555345419803571992,4,0,1
3,9,0,50,16,0,3,0,10602368641539949420,12256888670267788090,15453034594742084282,5,0,1
3,9,1,49,20,4,3,0,10602368641539949420,12256888670267788090,15453034594742084282,5,0,0
3,9,2,53,11,0,4,0,10602368641539949420,12256888670267788090,15453034594742084282,5,0,1
3,9,3,39,26,6,1,0,10602368641539949420,12256888670267788090,15453034594742084282,5,0,0
3,9,4,31,23,6,0,0,10602368641539949420,12256888670267788090,15453034594742084282,5,0,0
3,9,5,47,11,0,2,0,10602368641539949420,12256888670267788090,15453034594742084282,5,0,1
3,9,6,43,27,6,2,0,10602368641539949420,12256888670267788090,15453034594742084282,5,0,0
3,9,7,60,14,0,5,0,10602368641539949420,12256888670267788090,15453034594742084282,5,0,1
3,10,0,50,23,0,3,0,5109749288997547393,15328920369801622007,5604429979479138943,5,1,2
3,10,1,49,25,0,3,0,5109749288997547393,15328920369801622007,5604429979479138943,5,1,2
3,10,2,53,10,0,4,0,5109749288997547393,15328920369801622007,5604429979479138943,5,1,2
3,10,3,39,33,0,1,0,5109749288997547393,15328920369801622007,5604429979479138943,5,1,2
3,10,4,31,30,0,0,0,5109749288997547393,15328920369801622007,5604429979479138943,5,1,2
3,10,5,47,11,0,2,0,5109749288997547393,15328920369801622007,5604429979479138943,5,1,2
3,10,6,43,34,0,2,0,5109749288997547393,15328920369801622007,5604429979479138943,5,1,2
3,10,7,60,21,0,5,0,5109749288997547393,15328920369801622007,5604429979479138943,5,1,2
3,11,0,46,32,4,3,0,14361843264270396628,523321553023985849,6307223174668766506,6,0,0
3,11,1,49,34,0,4,0,14361843264270396628,523321553023985849,6307223174668766506,6,0,1
3,11,2,53,13,0,5,0,14361843264270396628,523321553023985849,6307223174668766506,6,0,1
3,11,3,33,40,6,1,0,14361843264270396628,523321553023985849,6307223174668766506,6,0,0
3,11,4,24,40,7,0,0,14361843264270396628,523321553023985849,6307223174668766506,6,0,0
3,11,5,47,15,0,3,0,14361843264270396628,523321553023985849,6307223174668766506,6,0,1
3,11,6,36,44,7,2,0,14361843264270396628,523321553023985849,6307223174668766506,6,0,0
3,11,7,60,30,0,6,0,14361843264270396628,523321553023985849,6307223174668766506,6,0,1
3,12,0,38,40,8,3,0,3515855695577035255,18114384783605530114,514001735772441036,7,0,0
3,12,1,44,43,5,4,0,3515855695577035255,18114384783605530114,514001735772441036,7,0,0
3,12,2,53,20,0,6,0,3515855695577035255,18114384783605530114,514001735772441036,7,0,1
3,12,3,33,48,0,2,0,3515855695577035255,18114384783605530114,514001735772441036,7,0,1
3,12,4,18,44,6,0,0,3515855695577035255,18114384783605530114,514001735772441036,7,0,0
3,12,5,47,13,0,4,0,3515855695577035255,18114384783605530114,514001735772441036,7,0,1
3,12,6,30,52,6,2,0,3515855695577035255,18114384783605530114,514001735772441036,7,0,0
3,12,7,60,39,0,7,0,3515855695577035255,18114384783605530114,514001735772441036,7,0,1
3,13,0,29,48,9,3,0,10818618309100535135,646963264864588404,6009080692810240872,8,0,0
3,13,1,39,51,5,4,0,10818618309100535135,646963264864588404,6009080692810240872,8,0,0
3,13,2,53,27,0,7,0,10818618309100535135,646963264864588404,6009080692810240872,8,0,1
3,13,3,25,57,8,2,0,10818618309100535135,646963264864588404,6009080692810240872,8,0,0
3,13,4,18,52,0,1,0,10818618309100535135,646963264864588404,6009080692810240872,8,0,1
3,13,5,47,10,0,5,0,10818618309100535135,646963264864588404,6009080692810240872,8,0,1
3,13,6,23,60,7,2,0,10818618309100535135,646963264864588404,6009080692810240872,8,0,0
3,13,7,60,48,0,8,0,10818618309100535135,646963264864588404,6009080692810240872,8,0,1
3,14,0,22,56,7,3,0,12665860868797450310,814877960920182056,2077942679275600022,9,0,0
3,14,1,39,59,0,5,0,12665860868797450310,814877960920182056,2077942679275600022,9,0,1
3,14,2,53,35,0,8,0,12665860868797450310,814877960920182056,2077942679275600022,9,0,1
3,14,3,25,65,0,3,0,12665860868797450310,814877960920182056,2077942679275600022,9,0,1
3,14,4,11,61,7,1,0,12665860868797450310,814877960920182056,2077942679275600022,9,0,0
3,14,5,41,11,6,5,0,12665860868797450310,814877960920182056,2077942679275600022,9,0,0
3,14,6,17,64,6,2,0,12665860868797450310,814877960920182056,2077942679275600022,9,0,0
3,14,7,60,57,0,9,0,12665860868797450310,814877960920182056,2077942679275600022,9,0,1
3,15,0,22,64,0,3,0,16927246489245733458,2927303277120564100,12631588063121952684,9,1,2
3,15,1,39,68,0,5,0,16927246489245733458,2927303277120564100,12631588063121952684,9,1,2
3,15,2,53,44,0,8,0,16927246489245733458,2927303277120564100,12631588063121952684,9,1,2
3,15,3,25,71,0,3,0,16927246489245733458,2927303277120564100,12631588063121952684,9,1,2
3,15,4,11,69,0,1,0,16927246489245733458,2927303277120564100,12631588063121952684,9,1,2
3,15,5,41,11,0,5,0,16927246489245733458,2927303277120564100,12631588063121952684,9,1,2
3,15,6,17,72,0,2,0,16927246489245733458,2927303277120564100,12631588063121952684,9,1,2
3,15,7,60,66,0,9,0,16927246489245733458,2927303277120564100,12631588063121952684,9,1,2
3,16,0,22,74,0,4,0,11662017735480133480,6225622916402134836,11157759175675076368,10,0,1
3,16,1,39,78,0,6,0,11662017735480133480,6225622916402134836,11157759175675076368,10,0,1
3,16,2,53,54,0,9,0,11662017735480133480,6225622916402134836,11157759175675076368,10,0,1
3,16,3,17,76,8,3,0,11662017735480133480,6225622916402134836,11157759175675076368,10,0,0
3,16,4,3,79,8,1,0,11662017735480133480,6225622916402134836,11157759175675076368,10,0,0
3,16,5,41,13,0,6,0,11662017735480133480,6225622916402134836,11157759175675076368,10,0,1
3,16,6,10,82,7,2,0,11662017735480133480,6225622916402134836,11157759175675076368,10,0,0
3,16,7,54,76,6,9,0,11662017735480133480,6225622916402134836,11157759175675076368,10,0,0
3,17,0,14,83,8,4,0,13494522239179431632,12889843336832276622,2439963878661294944,11,0,0
3,17,1,33,87,6,6,0,13494522239179431632,12889843336832276622,2439963878661294944,11,0,0
3,17,2,53,63,0,10,0,13494522239179431632,12889843336832276622,2439963878661294944,11,0,1
3,17,3,17,78,0,4,0,13494522239179431632,12889843336832276622,2439963878661294944,11,0,1
3,17,4,0,87,8,1,8,13494522239179431632,12889843336832276622,2439963878661294944,11,0,0
3,17,5,41,10,0,7,0,13494522239179431632,12889843336832276622,2439963878661294944,11,0,1
3,17,6,1,90,9,2,0,13494522239179431632,12889843336832276622,2439963878661294944,11,0,0
3,17,7,54,84,0,10,0,13494522239179431632,12889843336832276622,2439963878661294944,11,0,1
3,18,0,7,91,7,4,0,517582280915096375,7650040953583211856,2067259505647601671,12,0,0
3,18,1,33,92,0,7,0,517582280915096375,7650040953583211856,2067259505647601671,12,0,1
3,18,2,53,72,0,11,0,517582280915096375,7650040953583211856,2067259505647601671,12,0,1
3,18,3,17,87,0,5,0,517582280915096375,7650040953583211856,2067259505647601671,12,0,1
3,18,4,0,87,0,1,8,517582280915096375,7650040953583211856,2067259505647601671,12,0,0
3,18,5,36,17,5,7,0,517582280915096375,7650040953583211856,2067259505647601671,12,0,0
3,18,6,0,98,8,2,7,517582280915096375,7650040953583211856,2067259505647601671,12,0,0
3,18,7,47,93,7,10,0,517582280915096375,7650040953583211856,2067259505647601671,12,0,0
3,19,0,0,99,10,4,6,2501271032691016232,13148030558019795748,5818508909558403513,13,0,0
3,19,1,33,101,0,8,0,2501271032691016232,13148030558019795748,5818508909558403513,13,0,1
3,19,2,53,78,0,12,0,2501271032691016232,13148030558019795748,5818508909558403513,13,0,1
3,19,3,17,91,0,6,0,2501271032691016232,13148030558019795748,5818508909558403513,13,0,1
3,19,4,0,87,0,1,8,2501271032691016232,13148030558019795748,5818508909558403513,13,0,0
3,19,5,28,23,8,7,0,2501271032691016232,13148030558019795748,5818508909558403513,13,0,0
3,19,6,0,98,0,2,7,2501271032691016232,13148030558019795748,5818508909558403513,13,0,0
3,19,7,39,101,8,10,0,2501271032691016232,13148030558019795748,5818508909558403513,13,0,0
3,20,0,0,99,0,4,6,18405434270319175991,17397483168795111999,5083366812325974082,13,1,0
3,20,1,33,110,0,8,0,18405434270319175991,17397483168795111999,5083366812325974082,13,1,2
3,20,2,53,87,0,12,0,18405434270319175991,17397483168795111999,5083366812325974082,13,1,2
3,20,3,17,100,0,6,0,18405434270319175991,17397483168795111999,5083366812325974082,13,1,2
3,20,4,0,87,0,1,8,18405434270319175991,17397483168795111999,5083366812325974082,13,1,0
3,20,5,28,31,0,7,0,18405434270319175991,17397483168795111999,5083366812325974082,13,1,2
3,20,6,0,98,0,2,7,18405434270319175991,17397483168795111999,5083366812325974082,13,1,0
3,20,7,39,109,0,10,0,18405434270319175991,17397483168795111999,5083366812325974082,13,1,2
3,21,0,0,99,0,4,6,15923237189152412077,7690306357717761971,4288606456811190761,14,0,0
3,21,1,25,120,8,8,0,15923237189152412077,7690306357717761971,4288606456811190761,14,0,0
3,21,2,44,97,9,12,0,15923237189152412077,7690306357717761971,4288606456811190761,14,0,0
3,21,3,17,110,0,7,0,15923237189152412077,7690306357717761971,4288606456811190761,14,0,1
3,21,4,0,87,0,1,8,15923237189152412077,7690306357717761971,4288606456811190761,14,0,0
3,21,5,28,41,0,8,0,15923237189152412077,7690306357717761971,4288606456811190761,14,0,1
3,21,6,0,98,0,2,7,15923237189152412077,7690306357717761971,4288606456811190761,14,0,0
3,21,7,30,119,9,10,0,15923237189152412077,7690306357717761971,4288606456811190761,14,0,0
3,22,0,0,99,0,4,6,2691076619291887992,12992494153148310982,18325288833248153981,15,0,0
3,22,1,25,128,0,9,0,2691076619291887992,12992494153148310982,18325288833248153981,15,0,1
3,22,2,36,105,8,12,0,2691076619291887992,12992494153148310982,18325288833248153981,15,0,0
3,22,3,17,119,0,8,0,2691076619291887992,12992494153148310982,18325288833248153981,15,0,1
3,22,4,0,87,0,1,8,2691076619291887992,12992494153148310982,18325288833248153981,15,0,0
3,22,5,28,50,0,9,0,2691076619291887992,12992494153148310982,18325288833248153981,15,0,1
3,22,6,0,98,0,2,7,2691076619291887992,12992494153148310982,18325288833248153981,15,0,0
3,22,7,22,123,8,10,0,2691076619291887992,12992494153148310982,18325288833248153981,15,0,0
3,23,0,0,99,0,4,6,2509382325760984874,4509674202711214536,4973919375175543215,16,0,0
3,23,1,25,137,0,10,0,2509382325760984874,4509674202711214536,4973919375175543215,16,0,1
3,23,2,36,113,0,13,0,2509382325760984874,4509674202711214536,4973919375175543215,16,0,1
3,23,3,17,128,0,9,0,2509382325760984874,4509674202711214536,4973919375175543215,16,0,1
3,23,4,0,87,0,1,8,2509382325760984874,4509674202711214536,4973919375175543215,16,0,0
3,23,5,20,59,8,9,0,2509382325760984874,4509674202711214536,4973919375175543215,16,0,0
3,23,6,0,98,0,2,7,2509382325760984874,4509674202711214536,4973919375175543215,16,0,0
3,23,7,13,131,9,10,0,2509382325760984874,4509674202711214536,4973919375175543215,16,0,0
3,24,0,0,99,0,4,6,6408791524396177256,14861556933644590446,14139401432236061680,17,0,0
3,24,1,18,146,7,10,0,6408791524396177256,14861556933644590446,14139401432236061680,17,0,0
3,24,2,36,122,0,14,0,6408791524396177256,14861556933644590446,14139401432236061680,17,0,1
3,24,3,9,137,8,9,0,6408791524396177256,14861556933644590446,14139401432236061680,17,0,0
3,24,4,0,87,0,1,8,6408791524396177256,14861556933644590446,14139401432236061680,17,0,0
3,24,5,20,67,0,10,0,6408791524396177256,14861556933644590446,14139401432236061680,17,0,1
3,24,6,0,98,0,2,7,6408791524396177256,14861556933644590446,14139401432236061680,17,0,0
3,24,7,5,139,8,10,0,6408791524396177256,14861556933644590446,14139401432236061680,17,0,0
3,25,0,0,99,0,4,6,11563174636875259242,17993605231077002941,11627442376376097219,17,1,0
3,25,1,18,154,0,10,0,11563174636875259242,17993605231077002941,11627442376376097219,17,1,2
3,25,2,36,131,0,14,0,11563174636875259242,17993605231077002941,11627442376376097219,17,1,2
3,25,3,9,145,0,9,0,11563174636875259242,17993605231077002941,11627442376376097219,17,1,2
3,25,4,0,87,0,1,8,11563174636875259242,17993605231077002941,11627442376376097219,17,1,0
3,25,5,20,76,0,10,0,11563174636875259242,17993605231077002941,11627442376376097219,17,1,2
3,25,6,0,98,0,2,7,11563174636875259242,17993605231077002941,11627442376376097219,17,1,0
3,25,7,5,147,0,10,0,11563174636875259242,17993605231077002941,11627442376376097219,17,1,2
3,26,0,0,99,0,4,6,3482218827783580634,10989814216948660822,13727281471102848246,18,0,0
3,26,1,10,164,8,10,0,3482218827783580634,10989814216948660822,13727281471102848246,18,0,0
3,26,2,29,141,7,14,0,3482218827783580634,10989814216948660822,13727281471102848246,18,0,0
3,26,3,9,155,0,10,0,3482218827783580634,10989814216948660822,13727281471102848246,18,0,1
3,26,4,0,87,0,1,8,3482218827783580634,10989814216948660822,13727281471102848246,18,0,0
3,26,5,20,86,0,11,0,3482218827783580634,10989814216948660822,13727281471102848246,18,0,1
3,26,6,0,98,0,2,7,3482218827783580634,10989814216948660822,13727281471102848246,18,0,0
3,26,7,0,157,9,10,5,3482218827783580634,10989814216948660822,13727281471102848246,18,0,0
3,27,0,0,99,0,4,6,8214041246485403258,1061457439125047529,8185250268637841759,19,0,0
3,27,1,3,172,7,10,0,8214041246485403258,1061457439125047529,8185250268637841759,19,0,0
3,27,2,20,149,9,14,0,8214041246485403258,1061457439125047529,8185250268637841759,19,0,0
3,27,3,9,164,0,11,0,8214041246485403258,1061457439125047529,8185250268637841759,19,0,1
3,27,4,0,87,0,1,8,8214041246485403258,1061457439125047529,8185250268637841759,19,0,0
3,27,5,20,95,0,12,0,8214041246485403258,1061457439125047529,8185250268637841759,19,0,1
3,27,6,0,98,0,2,7,8214041246485403258,1061457439125047529,8185250268637841759,19,0,0
3,27,7,0,157,0,10,5,8214041246485403258,1061457439125047529,8185250268637841759,19,0,0
3,28,0,0,99,0,4,6,1872778240659829658,9620262551395789707,4644515674613109218,20,0,0
3,28,1,0,180,9,10,4,1872778240659829658,9620262551395789707,4644515674613109218,20,0,0
3,28,2,20,157,0,15,0,1872778240659829658,9620262551395789707,4644515674613109218,20,0,1
3,28,3,9,173,0,12,0,1872778240659829658,9620262551395789707,4644515674613109218,20,0,1
3,28,4,0,87,0,1,8,1872778240659829658,9620262551395789707,4644515674613109218,20,0,0
3,28,5,10,104,10,12,0,1872778240659829658,9620262551395789707,4644515674613109218,20,0,0
3,28,6,0,98,0,2,7,1872778240659829658,9620262551395789707,4644515674613109218,20,0,0
3,28,7,0,157,0,10,5,1872778240659829658,9620262551395789707,4644515674613109218,20,0,0
3,29,0,0,99,0,4,6,581528794398048499,3140085858884936018,9164252943929548186,21,0,0
3,29,1,0,180,0,10,4,581528794398048499,3140085858884936018,9164252943929548186,21,0,0
3,29,2,11,166,9,15,0,581528794398048499,3140085858884936018,9164252943929548186,21,0,0
3,29,3,9,182,0,13,0,581528794398048499,3140085858884936018,9164252943929548186,21,0,1
3,29,4,0,87,0,1,8,581528794398048499,3140085858884936018,9164252943929548186,21,0,0
3,29,5,10,112,0,13,0,581528794398048499,3140085858884936018,9164252943929548186,21,0,1
3,29,6,0,98,0,2,7,581528794398048499,3140085858884936018,9164252943929548186,21,0,0
3,29,7,0,157,0,10,5,581528794398048499,3140085858884936018,9164252943929548186,21,0,0
3,30,0,0,99,0,4,6,5707164604938721778,15594249104928472312,9635810893776313283,21,1,0
3,30,1,0,180,0,10,4,5707164604938721778,15594249104928472312,9635810893776313283,21,1,0
3,30,2,9,174,2,15,0,5707164604938721778,15594249104928472312,9635810893776313283,21,1,0
3,30,3,7,191,2,13,0,5707164604938721778,15594249104928472312,9635810893776313283,21,1,0
3,30,4,0,87,0,1,8,5707164604938721778,15594249104928472312,9635810893776313283,21,1,0
3,30,5,8,121,2,13,0,5707164604938721778,15594249104928472312,9635810893776313283,21,1,0
3,30,6,0,98,0,2,7,5707164604938721778,15594249104928472312,9635810893776313283,21,1,0
3,30,7,0,157,0,10,5,5707164604938721778,15594249104928472312,9635810893776313283,21,1,0
3,31,0,0,99,0,4,6,489069346698055784,9603074180827614908,13481497577904678095,22,0,0
3,31,1,0,180,0,10,4,489069346698055784,9603074180827614908,13481497577904678095,22,0,0
3,31,2,1,182,8,15,0,489069346698055784,9603074180827614908,13481497577904678095,22,0,0
3,31,3,0,199,8,13,3,489069346698055784,9603074180827614908,13481497577904678095,22,0,0
3,31,4,0,87,0,1,8,489069346698055784,9603074180827614908,13481497577904678095,22,0,0
3,31,5,8,129,0,14,0,489069346698055784,9603074180827614908,13481497577904678095,22,0,1
3,31,6,0,98,0,2,7,489069346698055784,9603074180827614908,13481497577904678095,22,0,0
3,31,7,0,157,0,10,5,489069346698055784,9603074180827614908,13481497577904678095,22,0,0
3,32,0,0,99,0,4,6,9694179204713070990,10507280435803099060,6704523021100313837,23,0,0
3,32,1,0,180,0,10,4,9694179204713070990,10507280435803099060,6704523021100313837,23,0,0
3,32,2,0,190,7,15,2,9694179204713070990,10507280435803099060,6704523021100313837,23,0,0
3,32,3,0,199,0,13,3,9694179204713070990,10507280435803099060,6704523021100313837,23,0,0
3,32,4,0,87,0,1,8,9694179204713070990,10507280435803099060,6704523021100313837,23,0,0
3,32,5,8,138,0,15,1,9694179204713070990,10507280435803099060,6704523021100313837,23,0,1
3,32,6,0,98,0,2,7,9694179204713070990,10507280435803099060,6704523021100313837,23,0,0
3,32,7,0,157,0,10,5,9694179204713070990,10507280435803099060,6704523021100313837,23,0,0
4,1,0,60,2,0,0,0,13366010348183901405,3895667410227197482,15366101003280311429,0,1,2
4,1,1,60,0,0,0,0,13366010348183901405,3895667410227197482,15366101003280311429,0,1,2
4,1,2,60,2,0,0,0,13366010348183901405,3895667410227197482,15366101003280311429,0,1,2
4,1,3,60,2,0,0,0,13366010348183901405,3895667410227197482,15366101003280311429,0,1,2
4,1,4,60,0,0,0,0,13366010348183901405,3895667410227197482,15366101003280311429,0,1,2
4,1,5,60,1,0,0,0,13366010348183901405,3895667410227197482,15366101003280311429,0,1,2
4,1,6,60,0,0,0,0,13366010348183901405,3895667410227197482,15366101003280311429,0,1,2
4,1,7,60,0,0,0,0,13366010348183901405,3895667410227197482,15366101003280311429,0,1,2
4,2,0,60,3,0,0,0,4943204866428918460,8602781404993377312,10079783312408792970,0,1,2
4,2,1,60,3,0,0,0,4943204866428918460,8602781404993377312,10079783312408792970,0,1,2
4,2,2,60,4,0,0,0,4943204866428918460,8602781404993377312,10079783312408792970,0,1,2
4,2,3,60,4,0,0,0,4943204866428918460,8602781404993377312,10079783312408792970,0,1,2
4,2,4,60,0,0,0,0,4943204866428918460,8602781404993377312,10079783312408792970,0,1,2
4,2,5,60,7,0,0,0,4943204866428918460,8602781404993377312,10079783312408792970,0,1,2
4,2,6,60,0,0,0,0,4943204866428918460,8602781404993377312,10079783312408792970,0,1,2
4,2,7,60,3,0,0,0,4943204866428918460,8602781404993377312,10079783312408792970,0,1,2
4,3,0,60,3,0,0,0,8400349200686267704,17420919099519297505,15437291931979340436,0,1,2
4,3,1,60,2,0,0,0,8400349200686267704,17420919099519297505,15437291931979340436,0,1,2
4,3,2,60,2,0,0,0,8400349200686267704,17420919099519297505,15437291931979340436,0,1,2
4,3,3,60,0,0,0,0,8400349200686267704,17420919099519297505,15437291931979340436,0,1,2
4,3,4,60,0,0,0,0,8400349200686267704,17420919099519297505,15437291931979340436,0,1,2
4,3,5,60,7,0,0,0,8400349200686267704,17420919099519297505,15437291931979340436,0,1,2
4,3,6,60,0,0,0,0,8400349200686267704,17420919099519297505,15437291931979340436,0,1,2
4,3,7,60,0,0,0,0,8400349200686267704,17420919099519297505,15437291931979340436,0,1,2
4,4,0,60,6,0,1,0,953164486532500469,1056665805793504477,10286351105056598058,1,0,1
4,4,1,56,3,4,0,0,953164486532500469,1056665805793504477,10286351105056598058,1,0,0
4,4,2,55,10,5,0,0,953164486532500469,1056665805793504477,10286351105056598058,1,0,0
4,4,3,60,4,0,1,0,953164486532500469,1056665805793504477,10286351105056598058,1,0,1
4,4,4,60,0,0,1,0,953164486532500469,1056665805793504477,10286351105056598058,1,0,1
4,4,5,55,7,5,0,0,953164486532500469,1056665805793504477,10286351105056598058,1,0,0
4,4,6,60,6,0,1,0,953164486532500469,1056665805793504477,10286351105056598058,1,0,1
4,4,7,55,10,5,0,0,953164486532500469,1056665805793504477,10286351105056598058,1,0,0
4,5,0,60,10,0,1,0,1376433201815776511,17120723321337821515,16719934378751489018,1,1,2
4,5,1,56,6,0,0,0,1376433201815776511,17120723321337821515,16719934378751489018,1,1,2
4,5,2,55,11,0,0,0,1376433201815776511,17120723321337821515,16719934378751489018,1,1,2
4,5,3,60,10,0,1,0,1376433201815776511,17120723321337821515,16719934378751489018,1,1,2
4,5,4,60,5,0,1,0,1376433201815776511,17120723321337821515,16719934378751489018,1,1,2
4,5,5,55,10,0,0,0,1376433201815776511,17120723321337821515,16719934378751489018,1,1,2
4,5,6,60,10,0,1,0,1376433201815776511,17120723321337821515,16719934378751489018,1,1,2
4,5,7,55,10,0,0,0,1376433201815776511,17120723321337821515,16719934378751489018,1,1,2
4,6,0,54,14,6,1,0,13464737569218167044,71018254912361664,11413970256601886265,2,0,0
4,6,1,56,11,0,1,0,13464737569218167044,71018254912361664,11413970256601886265,2,0,1
4,6,2,55,16,0,1,0,13464737569218167044,71018254912361664,11413970256601886265,2,0,1
4,6,3,56,18,4,1,0,13464737569218167044,71018254912361664,11413970256601886265,2,0,0
4,6,4,54,12,6,1,0,13464737569218167044,71018254912361664,11413970256601886265,2,0,0
4,6,5,55,8,0,1,0,13464737569218167044,71018254912361664,11413970256601886265,2,0,1
4,6,6,56,16,4,1,0,13464737569218167044,71018254912361664,11413970256601886265,2,0,0
4,6,7,55,12,0,1,0,13464737569218167044,71018254912361664,11413970256601886265,2,0,1
4,7,0,54,14,0,2,0,10529956599428503206,14232712082794226065,6967231146147186827,3,0,1
4,7,1,56,11,0,2,0,10529956599428503206,14232712082794226065,6967231146147186827,3,0,1
4,7,2,52,16,3,1,0,10529956599428503206,14232712082794226065,6967231146147186827,3,0,0
4,7,3,50,15,6,1,0,10529956599428503206,14232712082794226065,6967231146147186827,3,0,0
4,7,4,49,11,5,1,0,10529956599428503206,14232712082794226065,6967231146147186827,3,0,0
4,7,5,50,10,5,1,0,10529956599428503206,14232712082794226065,6967231146147186827,3,0,0
4,7,6,56,16,0,2,0,10529956599428503206,14232712082794226065,6967231146147186827,3,0,1
4,7,7,55,10,0,2,0,10529956599428503206,14232712082794226065,6967231146147186827,3,0,1
4,8,0,50,11,4,2,0,4759961572662487328,15323217095220130941,9191415071134215176,4,0,0
4,8,1,56,17,0,3,0,4759961572662487328,15323217095220130941,9191415071134215176,4,0,1
4,8,2,52,22,0,2,0,4759961572662487328,15323217095220130941,9191415071134215176,4,0,1
4,8,3,45,21,5,1,0,4759961572662487328,15323217095220130941,9191415071134215176,4,0,0
4,8,4,41,17,8,1,0,4759961572662487328,15323217095220130941,9191415071134215176,4,0,0
4,8,5,50,11,0,2,0,4759961572662487328,15323217095220130941,9191415071134215176,4,0,1
4,8,6,49,20,7,2,0,4759961572662487328,15323217095220130941,9191415071134215176,4,0,0
4,8,7,55,14,0,3,0,4759961572662487328,15323217095220130941,9191415071134215176,4,0,1
4,9,0,50,11,0,3,0,14802305766032878189,17916260931458101342,17180039030842862243,5,0,1
4,9,1,52,24,4,3,0,14802305766032878189,17916260931458101342,17180039030842862243,5,0,0
4,9,2,47,30,5,2,0,14802305766032878189,17916260931458101342,17180039030842862243,5,0,0
4,9,3,45,25,0,2,0,14802305766032878189,17916260931458101342,17180039030842862243,5,0,1
4,9,4,36,23,5,1,0,14802305766032878189,17916260931458101342,17180039030842862243,5,0,0
4,9,5,50,10,0,3,0,14802305766032878189,17916260931458101342,17180039030842862243,5,0,1
4,9,6,41,27,8,2,0,14802305766032878189,17916260931458101342,17180039030842862243,5,0,0
4,9,7,55,21,0,4,0,14802305766032878189,17916260931458101342,17180039030842862243,5,0,1
4,10,0,50,17,0,3,0,13749417594289596205,17878099224795474163,3362270530322971784,5,1,2
4,10,1,52,27,0,3,0,13749417594289596205,17878099224795474163,3362270530322971784,5,1,2
4,10,2,47,38,0,2,0,13749417594289596205,17878099224795474163,3362270530322971784,5,1,2
4,10,3,45,33,0,2,0,13749417594289596205,17878099224795474163,3362270530322971784,5,1,2
4,10,4,36,30,0,1,0,13749417594289596205,17878099224795474163,3362270530322971784,5,1,2
4,10,5,50,11,0,3,0,13749417594289596205,17878099224795474163,3362270530322971784,5,1,2
4,10,6,41,34,0,2,0,13749417594289596205,17878099224795474163,3362270530322971784,5,1,2
4,10,7,55,23,0,4,0,13749417594289596205,17878099224795474163,3362270530322971784,5,1,2
4,11,0,50,25,0,4,0,1079919936353752851,6624840598774411478,9731393041424522349,6,0,1
4,11,1,52,36,0,4,0,1079919936353752851,6624840598774411478,9731393041424522349,6,0,1
4,11,2,41,48,6,2,0,1079919936353752851,6624840598774411478,9731393041424522349,6,0,0
4,11,3,40,43,5,2,0,1079919936353752851,6624840598774411478,9731393041424522349,6,0,0
4,11,4,36,33,0,2,0,1079919936353752851,6624840598774411478,9731393041424522349,6,0,1
4,11,5,46,10,4,3,0,1079919936353752851,6624840598774411478,9731393041424522349,6,0,0
4,11,6,37,41,4,2,0,1079919936353752851,6624840598774411478,9731393041424522349,6,0,0
4,11,7,55,32,0,5,0,1079919936353752851,6624840598774411478,9731393041424522349,6,0,1
4,12,0,50,33,0,5,0,12462727670785594536,7791932900860726876,8950299357155066148,7,0,1
4,12,1,52,45,0,5,0,12462727670785594536,7791932900860726876,8950299357155066148,7,0,1
4,12,2,33,52,8,2,0,12462727670785594536,7791932900860726876,8950299357155066148,7,0,0
4,12,3,32,51,8,2,0,12462727670785594536,7791932900860726876,8950299357155066148,7,0,0
4,12,4,28,42,8,2,0,12462727670785594536,7791932900860726876,8950299357155066148,7,0,0
4,12,5,46,10,0,4,0,12462727670785594536,7791932900860726876,8950299357155066148,7,0,1
4,12,6,28,49,9,2,0,12462727670785594536,7791932900860726876,8950299357155066148,7,0,0
4,12,7,55,41,0,6,0,12462727670785594536,7791932900860726876,8950299357155066148,7,0,1
4,13,0,50,42,0,6,0,6033947355500999940,872370981971498716,8890188153693270316,8,0,1
4,13,1,45,54,7,5,0,6033947355500999940,872370981971498716,8890188153693270316,8,0,0
4,13,2,33,57,0,3,0,6033947355500999940,872370981971498716,8890188153693270316,8,0,1
4,13,3,26,59,6,2,0,6033947355500999940,872370981971498716,8890188153693270316,8,0,0
4,13,4,21,50,7,2,0,6033947355500999940,872370981971498716,8890188153693270316,8,0,0
4,13,5,46,11,0,5,0,6033947355500999940,872370981971498716,8890188153693270316,8,0,1
4,13,6,28,57,0,3,0,6033947355500999940,872370981971498716,8890188153693270316,8,0,1
4,13,7,48,50,7,6,0,6033947355500999940,872370981971498716,8890188153693270316,8,0,0
4,14,0,50,51,0,7,0,7300545155680931296,7196113671772643788,13013864132519924403,9,0,1
4,14,1,45,62,0,6,0,7300545155680931296,7196113671772643788,13013864132519924403,9,0,1
4,14,2,25,66,8,3,0,7300545155680931296,7196113671772643788,13013864132519924403,9,0,0
4,14,3,18,67,8,2,0,7300545155680931296,7196113671772643788,13013864132519924403,9,0,0
4,14,4,12,58,9,2,0,7300545155680931296,7196113671772643788,13013864132519924403,9,0,0
4,14,5,46,15,0,6,0,7300545155680931296,7196113671772643788,13013864132519924403,9,0,1
4,14,6,21,63,7,3,0,7300545155680931296,7196113671772643788,13013864132519924403,9,0,0
4,14,7,48,58,0,7,0,7300545155680931296,7196113671772643788,13013864132519924403,9,0,1
4,15,0,50,60,0,7,0,4429515974561831368,13351943164260161105,4063472447611810995,9,1,2
4,15,1,45,69,0,6,0,4429515974561831368,13351943164260161105,4063472447611810995,9,1,2
4,15,2,25,74,0,3,0,4429515974561831368,13351943164260161105,4063472447611810995,9,1,2
4,15,3,18,75,0,2,0,4429515974561831368,13351943164260161105,4063472447611810995,9,1,2
4,15,4,12,66,0,2,0,4429515974561831368,13351943164260161105,4063472447611810995,9,1,2
4,15,5,46,22,0,6,0,4429515974561831368,13351943164260161105,4063472447611810995,9,1,2
4,15,6,21,71,0,3,0,4429515974561831368,13351943164260161105,4063472447611810995,9,1,2
4,15,7,48,67,0,7,0,4429515974561831368,13351943164260161105,4063472447611810995,9,1,2
4,16,0,50,70,0,8,0,1741781864756374822,3403947299644341530,15557403763601228674,10,0,1
4,16,1,45,79,0,7,0,1741781864756374822,3403947299644341530,15557403763601228674,10,0,1
4,16,2,18,84,7,3,0,1741781864756374822,3403947299644341530,15557403763601228674,10,0,0
4,16,3,9,85,9,2,0,1741781864756374822,3403947299644341530,15557403763601228674,10,0,0
4,16,4,3,76,9,2,0,1741781864756374822,3403947299644341530,15557403763601228674,10,0,0
4,16,5,46,31,0,7,0,1741781864756374822,3403947299644341530,15557403763601228674,10,0,1
4,16,6,16,81,5,3,0,1741781864756374822,3403947299644341530,15557403763601228674,10,0,0
4,16,7,48,77,0,8,0,1741781864756374822,3403947299644341530,15557403763601228674,10,0,1
4,17,0,43,79,7,8,0,13899640603346411111,4795594785661356969,14837039482167536165,11,0,0
4,17,1,45,88,0,8,0,13899640603346411111,4795594785661356969,14837039482167536165,11,0,1
4,17,2,10,92,8,3,0,13899640603346411111,4795594785661356969,14837039482167536165,11,0,0
4,17,3,0,93,9,2,7,13899640603346411111,4795594785661356969,14837039482167536165,11,0,0
4,17,4,0,84,6,2,8,13899640603346411111,4795594785661356969,14837039482167536165,11,0,0
4,17,5,46,37,0,8,0,13899640603346411111,4795594785661356969,14837039482167536165,11,0,1
4,17,6,16,89,0,4,0,13899640603346411111,4795594785661356969,14837039482167536165,11,0,1
4,17,7,48,86,0,9,0,13899640603346411111,4795594785661356969,14837039482167536165,11,0,1
4,18,0,43,83,0,9,0,18035822749482355358,3674155652729933633,9487220717821722205,12,0,1
4,18,1,39,97,6,8,0,18035822749482355358,3674155652729933633,9487220717821722205,12,0,0
4,18,2,2,100,8,3,0,18035822749482355358,3674155652729933633,9487220717821722205,12,0,0
4,18,3,0,93,0,2,7,18035822749482355358,3674155652729933633,9487220717821722205,12,0,0
4,18,4,0,84,0,2,8,18035822749482355358,3674155652729933633,9487220717821722205,12,0,0
4,18,5,46,46,0,9,0,18035822749482355358,3674155652729933633,9487220717821722205,12,0,1
4,18,6,10,98,6,4,0,18035822749482355358,3674155652729933633,9487220717821722205,12,0,0
4,18,7,48,95,0,10,0,18035822749482355358,3674155652729933633,9487220717821722205,12,0,1
4,19,0,43,92,0,10,0,623854635577832605,17232248960902433327,14306088757584041142,13,0,1
4,19,1,30,105,9,8,0,623854635577832605,17232248960902433327,14306088757584041142,13,0,0
4,19,2,0,108,9,3,6,623854635577832605,17232248960902433327,14306088757584041142,13,0,0
4,19,3,0,93,0,2,7,623854635577832605,17232248960902433327,14306088757584041142,13,0,0
4,19,4,0,84,0,2,8,623854635577832605,17232248960902433327,14306088757584041142,13,0,0
4,19,5,46,53,0,10,0,623854635577832605,17232248960902433327,14306088757584041142,13,0,1
4,19,6,10,106,0,5,0,623854635577832605,17232248960902433327,14306088757584041142,13,0,1
4,19,7,38,104,10,10,0,623854635577832605,17232248960902433327,14306088757584041142,13,0,0
4,20,0,43,101,0,10,0,2667374380376772340,12295404435502166259,15489613892842016092,13,1,2
4,20,1,28,113,2,8,0,2667374380376772340,12295404435502166259,15489613892842016092,13,1,0
4,20,2,0,108,0,3,6,2667374380376772340,12295404435502166259,15489613892842016092,13,1,0
4,20,3,0,93,0,2,7,2667374380376772340,12295404435502166259,15489613892842016092,13,1,0
4,20,4,0,84,0,2,8,2667374380376772340,12295404435502166259,15489613892842016092,13,1,0
4,20,5,46,62,0,10,0,2667374380376772340,12295404435502166259,15489613892842016092,13,1,2
4,20,6,10,115,0,5,0,2667374380376772340,12295404435502166259,15489613892842016092,13,1,2
4,20,7,36,112,2,10,0,2667374380376772340,12295404435502166259,15489613892842016092,13,1,0
4,21,0,43,111,0,11,0,6348764965138988386,17758227312453578431,7534590126773336158,14,0,1
4,21,1,17,121,11,8,0,6348764965138988386,17758227312453578431,7534590126773336158,14,0,0
4,21,2,0,108,0,3,6,6348764965138988386,17758227312453578431,7534590126773336158,14,0,0
4,21,3,0,93,0,2,7,6348764965138988386,17758227312453578431,7534590126773336158,14,0,0
4,21,4,0,84,0,2,8,6348764965138988386,17758227312453578431,7534590126773336158,14,0,0
4,21,5,46,72,0,11,0,6348764965138988386,17758227312453578431,7534590126773336158,14,0,1
4,21,6,0,125,10,5,5,6348764965138988386,17758227312453578431,7534590126773336158,14,0,0
4,21,7,36,120,0,11,0,6348764965138988386,17758227312453578431,7534590126773336158,14,0,1
4,22,0,43,120,0,12,0,18176127214998676451,6217939689311797897,10641299805240931679,15,0,1
4,22,1,8,129,9,8,0,18176127214998676451,6217939689311797897,10641299805240931679,15,0,0
4,22,2,0,108,0,3,6,18176127214998676451,6217939689311797897,10641299805240931679,15,0,0
4,22,3,0,93,0,2,7,18176127214998676451,6217939689311797897,10641299805240931679,15,0,0
4,22,4,0,84,0,2,8,18176127214998676451,6217939689311797897,10641299805240931679,15,0,0
4,22,5,46,81,0,12,0,18176127214998676451,6217939689311797897,10641299805240931679,15,0,1
4,22,6,0,125,0,5,5,18176127214998676451,6217939689311797897,10641299805240931679,15,0,0
4,22,7,26,129,10,11,0,18176127214998676451,6217939689311797897,10641299805240931679,15,0,0
4,23,0,32,129,11,12,0,11835251022830277763,9098404149550436761,3223360970675654583,16,0,0
4,23,1,8,137,0,9,0,11835251022830277763,9098404149550436761,3223360970675654583,16,0,1
4,23,2,0,108,0,3,6,11835251022830277763,9098404149550436761,3223360970675654583,16,0,0
4,23,3,0,93,0,2,7,11835251022830277763,9098404149550436761,3223360970675654583,16,0,0
4,23,4,0,84,0,2,8,11835251022830277763,9098404149550436761,3223360970675654583,16,0,0
4,23,5,46,90,0,13,0,11835251022830277763,9098404149550436761,3223360970675654583,16,0,1
4,23,6,0,125,0,5,5,11835251022830277763,9098404149550436761,3223360970675654583,16,0,0
4,23,7,19,137,7,11,0,11835251022830277763,9098404149550436761,3223360970675654583,16,0,0
4,24,0,32,137,0,13,0,9810818653676081727,7440483135468550868,5844390585442056387,17,0,1
4,24,1,0,146,10,9,4,9810818653676081727,7440483135468550868,5844390585442056387,17,0,0
4,24,2,0,108,0,3,6,9810818653676081727,7440483135468550868,5844390585442056387,17,0,0
4,24,3,0,93,0,2,7,9810818653676081727,7440483135468550868,5844390585442056387,17,0,0
4,24,4,0,84,0,2,8,9810818653676081727,7440483135468550868,5844390585442056387,17,0,0
4,24,5,46,99,0,14,0,9810818653676081727,7440483135468550868,5844390585442056387,17,0,1
4,24,6,0,125,0,5,5,9810818653676081727,7440483135468550868,5844390585442056387,17,0,0
4,24,7,10,142,9,11,0,9810818653676081727,7440483135468550868,5844390585442056387,17,0,0
4,25,0,32,146,0,13,0,3356778044270014372,15386076956763950507,12789045798230818146,17,1,2
4,25,1,0,146,0,9,4,3356778044270014372,15386076956763950507,12789045798230818146,17,1,0
4,25,2,0,108,0,3,6,3356778044270014372,15386076956763950507,12789045798230818146,17,1,0
4,25,3,0,93,0,2,7,3356778044270014372,15386076956763950507,12789045798230818146,17,1,0
4,25,4,0,84,0,2,8,3356778044270014372,15386076956763950507,12789045798230818146,17,1,0
4,25,5,46,108,0,14,0,3356778044270014372,15386076956763950507,12789045798230818146,17,1,2
4,25,6,0,125,0,5,5,3356778044270014372,15386076956763950507,12789045798230818146,17,1,0
4,25,7,8,150,2,11,0,3356778044270014372,15386076956763950507,12789045798230818146,17,1,0
4,26,0,23,156,9,13,0,13658966582259904946,3181313548363001148,13109219401331403288,18,0,0
4,26,1,0,146,0,9,4,13658966582259904946,3181313548363001148,13109219401331403288,18,0,0
4,26,2,0,108,0,3,6,13658966582259904946,3181313548363001148,13109219401331403288,18,0,0
4,26,3,0,93,0,2,7,13658966582259904946,3181313548363001148,13109219401331403288,18,0,0
4,26,4,0,84,0,2,8,13658966582259904946,3181313548363001148,13109219401331403288,18,0,0
4,26,5,46,118,0,15,0,13658966582259904946,3181313548363001148,13109219401331403288,18,0,1
4,26,6,0,125,0,5,5,13658966582259904946,3181313548363001148,13109219401331403288,18,0,0
4,26,7,0,158,10,11,3,13658966582259904946,3181313548363001148,13109219401331403288,18,0,0
4,27,0,13,164,10,13,0,16255781348395800145,12073701360034430634,797702653080192867,19,0,0
4,27,1,0,146,0,9,4,16255781348395800145,12073701360034430634,797702653080192867,19,0,0
4,27,2,0,108,0,3,6,16255781348395800145,12073701360034430634,797702653080192867,19,0,0
4,27,3,0,93,0,2,7,16255781348395800145,12073701360034430634,797702653080192867,19,0,0
4,27,4,0,84,0,2,8,16255781348395800145,12073701360034430634,797702653080192867,19,0,0
4,27,5,46,127,0,16,0,16255781348395800145,12073701360034430634,797702653080192867,19,0,1
4,27,6,0,125,0,5,5,16255781348395800145,12073701360034430634,797702653080192867,19,0,0
4,27,7,0,158,0,11,3,16255781348395800145,12073701360034430634,797702653080192867,19,0,0
4,28,0,2,172,11,13,0,9267987962518429553,7797788806779430163,6215901062061374236,20,0,0
4,28,1,0,146,0,9,4,9267987962518429553,7797788806779430163,6215901062061374236,20,0,0
4,28,2,0,108,0,3,6,9267987962518429553,7797788806779430163,6215901062061374236,20,0,0
4,28,3,0,93,0,2,7,9267987962518429553,7797788806779430163,6215901062061374236,20,0,0
4,28,4,0,84,0,2,8,9267987962518429553,7797788806779430163,6215901062061374236,20,0,0
4,28,5,46,136,0,17,0,9267987962518429553,7797788806779430163,6215901062061374236,20,0,1
4,28,6,0,125,0,5,5,9267987962518429553,7797788806779430163,6215901062061374236,20,0,0
4,28,7,0,158,0,11,3,9267987962518429553,7797788806779430163,6215901062061374236,20,0,0
4,29,0,0,180,10,13,2,5320078483629555680,6310862829545181798,15132785747491856165,21,0,0
4,29,1,0,146,0,9,4,5320078483629555680,6310862829545181798,15132785747491856165,21,0,0
4,29,2,0,108,0,3,6,5320078483629555680,6310862829545181798,15132785747491856165,21,0,0
4,29,3,0,93,0,2,7,5320078483629555680,6310862829545181798,15132785747491856165,21,0,0
4,29,4,0,84,0,2,8,5320078483629555680,6310862829545181798,15132785747491856165,21,0,0
4,29,5,46,145,0,18,1,5320078483629555680,6310862829545181798,15132785747491856165,21,0,1
4,29,6,0,125,0,5,5,5320078483629555680,6310862829545181798,15132785747491856165,21,0,0
4,29,7,0,158,0,11,3,5320078483629555680,6310862829545181798,15132785747491856165,21,0,0
5,1,0,60,1,0,0,0,10712507071529899543,17048406298494787097,4241060473134959049,0,1,2
5,1,1,60,0,0,0,0,10712507071529899543,17048406298494787097,4241060473134959049,0,1,2
5,1,2,60,0,0,0,0,10712507071529899543,17048406298494787097,4241060473134959049,0,1,2
5,1,3,60,1,0,0,0,10712507071529899543,17048406298494787097,4241060473134959049,0,1,2
5,1,4,60,0,0,0,0,10712507071529899543,17048406298494787097,4241060473134959049,0,1,2
5,1,5,60,0,0,0,0,10712507071529899543,17048406298494787097,4241060473134959049,0,1,2
5,1,6,60,0,0,0,0,10712507071529899543,17048406298494787097,4241060473134959049,0,1,2
5,1,7,60,1,0,0,0,10712507071529899543,17048406298494787097,4241060473134959049,0,1,2
5,2,0,60,2,0,0,0,15357258571329540865,10305624825147360665,5728617987057267021,0,1,2
5,2,1,60,1,0,0,0,15357258571329540865,10305624825147360665,5728617987057267021,0,1,2
5,2,2,60,0,0,0,0,15357258571329540865,10305624825147360665,5728617987057267021,0,1,2
5,2,3,60,3,0,0,0,15357258571329540865,10305624825147360665,5728617987057267021,0,1,2
5,2,4,60,2,0,0,0,15357258571329540865,10305624825147360665,5728617987057267021,0,1,2
5,2,5,60,5,0,0,0,15357258571329540865,10305624825147360665,5728617987057267021,0,1,2
5,2,6,60,1,0,0,0,15357258571329540865,10305624825147360665,5728617987057267021,0,1,2
5,2,7,60,2,0,0,0,15357258571329540865,10305624825147360665,5728617987057267021,0,1,2
5,3,0,60,5,0,0,0,8872849848750362632,15680168283748140913,13101607975186479219,0,1,2
5,3,1,60,0,0,0,0,8872849848750362632,15680168283748140913,13101607975186479219,0,1,2
5,3,2,60,1,0,0,0,8872849848750362632,15680168283748140913,13101607975186479219,0,1,2
5,3,3,60,0,0,0,0,8872849848750362632,15680168283748140913,13101607975186479219,0,1,2
5,3,4,60,0,0,0,0,8872849848750362632,15680168283748140913,13101607975186479219,0,1,2
5,3,5,60,5,0,0,0,8872849848750362632,15680168283748140913,13101607975186479219,0,1,2
5,3,6,60,1,0,0,0,8872849848750362632,15680168283748140913,13101607975186479219,0,1,2
5,3,7,60,2,0,0,0,8872849848750362632,15680168283748140913,13101607975186479219,0,1,2
5,4,0,56,10,4,0,0,15900454076121528053,235489026880525627,8286134216889358280,1,0,0
5,4,1,56,2,4,0,0,15900454076121528053,235489026880525627,8286134216889358280,1,0,0
5,4,2,55,6,5,0,0,15900454076121528053,235489026880525627,8286134216889358280,1,0,0
5,4,3,60,1,0,1,0,15900454076121528053,235489026880525627,8286134216889358280,1,0,1
5,4,4,60,4,0,1,0,15900454076121528053,235489026880525627,8286134216889358280,1,0,1
5,4,5,60,10,0,1,0,15900454076121528053,235489026880525627,8286134216889358280,1,0,1
5,4,6,56,9,4,0,0,15900454076121528053,235489026880525627,8286134216889358280,1,0,0
5,4,7,60,6,0,1,0,15900454076121528053,235489026880525627,8286134216889358280,1,0,1
5,5,0,56,6,0,0,0,12518193552015303759,15967585495941454554,757441370729378710,1,1,2
5,5,1,56,10,0,0,0,12518193552015303759,15967585495941454554,757441370729378710,1,1,2
5,5,2,55,7,0,0,0,12518193552015303759,15967585495941454554,757441370729378710,1,1,2
5,5,3,60,7,0,1,0,12518193552015303759,15967585495941454554,757441370729378710,1,1,2
5,5,4,60,5,0,1,0,12518193552015303759,15967585495941454554,757441370729378710,1,1,2
5,5,5,60,8,0,1,0,12518193552015303759,15967585495941454554,757441370729378710,1,1,2
5,5,6,56,11,0,0,0,12518193552015303759,15967585495941454554,757441370729378710,1,1,2
5,5,7,60,10,0,1,0,12518193552015303759,15967585495941454554,757441370729378710,1,1,2
5,6,0,56,12,0,1,0,3348387896657228240,5459449629843772202,9815016393594443362,2,0,1
5,6,1,52,13,4,0,0,3348387896657228240,5459449629843772202,9815016393594443362,2,0,0
5,6,2,55,14,0,1,0,3348387896657228240,5459449629843772202,9815016393594443362,2,0,1
5,6,3,60,11,0,2,0,3348387896657228240,5459449629843772202,9815016393594443362,2,0,1
5,6,4,54,10,6,1,0,3348387896657228240,5459449629843772202,9815016393594443362,2,0,0
5,6,5,60,11,0,2,0,3348387896657228240,5459449629843772202,9815016393594443362,2,0,1
5,6,6,51,17,5,0,0,3348387896657228240,5459449629843772202,9815016393594443362,2,0,0
5,6,7,56,11,4,1,0,3348387896657228240,5459449629843772202,9815016393594443362,2,0,0
5,7,0,56,10,0,2,0,7350167112804455438,14401651072389005597,7743804666044664832,3,0,1
5,7,1,44,14,8,0,0,7350167112804455438,14401651072389005597,7743804666044664832,3,0,0
5,7,2,50,11,5,1,0,7350167112804455438,14401651072389005597,7743804666044664832,3,0,0
5,7,3,60,10,0,3,0,7350167112804455438,14401651072389005597,7743804666044664832,3,0,1
5,7,4,47,10,7,1,0,7350167112804455438,14401651072389005597,7743804666044664832,3,0,0
5,7,5,60,11,0,3,0,7350167112804455438,14401651072389005597,7743804666044664832,3,0,1
5,7,6,44,12,7,0,0,7350167112804455438,14401651072389005597,7743804666044664832,3,0,0
5,7,7,56,11,0,2,0,7350167112804455438,14401651072389005597,7743804666044664832,3,0,1
5,8,0,50,13,6,2,0,17350435645170409972,16734548296904157648,3880074720467924036,4,0,0
5,8,1,39,20,5,0,0,17350435645170409972,16734548296904157648,3880074720467924036,4,0,0
5,8,2,46,13,4,1,0,17350435645170409972,16734548296904157648,3880074720467924036,4,0,0
5,8,3,60,15,0,4,0,17350435645170409972,16734548296904157648,3880074720467924036,4,0,1
5,8,4,40,16,7,1,0,17350435645170409972,16734548296904157648,3880074720467924036,4,0,0
5,8,5,60,11,0,4,0,17350435645170409972,16734548296904157648,3880074720467924036,4,0,1
5,8,6,44,11,0,1,0,17350435645170409972,16734548296904157648,3880074720467924036,4,0,1
5,8,7,56,15,0,3,0,17350435645170409972,16734548296904157648,3880074720467924036,4,0,1
5,9,0,50,14,0,3,0,11995077463899970297,16080505744864494417,13112788405591275150,5,0,1
5,9,1,33,22,6,0,0,11995077463899970297,16080505744864494417,13112788405591275150,5,0,0
5,9,2,46,20,0,2,0,11995077463899970297,16080505744864494417,13112788405591275150,5,0,1
5,9,3,60,22,0,5,0,11995077463899970297,16080505744864494417,13112788405591275150,5,0,1
5,9,4,32,22,8,1,0,11995077463899970297,16080505744864494417,13112788405591275150,5,0,0
5,9,5,60,11,0,5,0,11995077463899970297,16080505744864494417,13112788405591275150,5,0,1
5,9,6,38,17,6,1,0,11995077463899970297,16080505744864494417,13112788405591275150,5,0,0
5,9,7,50,22,6,3,0,11995077463899970297,16080505744864494417,13112788405591275150,5,0,0
5,10,0,50,21,0,3,0,17736017457377828416,8103819734097589944,8732373805043967180,5,1,2
5,10,1,33,29,0,0,0,17736017457377828416,8103819734097589944,8732373805043967180,5,1,2
5,10,2,46,24,0,2,0,17736017457377828416,8103819734097589944,8732373805043967180,5,1,2
5,10,3,60,30,0,5,0,17736017457377828416,8103819734097589944,8732373805043967180,5,1,2
5,10,4,32,30,0,1,0,17736017457377828416,8103819734097589944,8732373805043967180,5,1,2
5,10,5,60,10,0,5,0,17736017457377828416,8103819734097589944,8732373805043967180,5,1,2
5,10,6,38,23,0,1,0,17736017457377828416,8103819734097589944,8732373805043967180,5,1,2
5,10,7,50,29,0,3,0,17736017457377828416,8103819734097589944,8732373805043967180,5,1,2
5,11,0,44,30,6,3,0,11544573615821542472,17286022361520248466,13349805680108014980,6,0,0
5,11,1,29,38,4,0,0,11544573615821542472,17286022361520248466,13349805680108014980,6,0,0
5,11,2,46,33,0,3,0,11544573615821542472,17286022361520248466,13349805680108014980,6,0,1
5,11,3,54,40,6,5,0,11544573615821542472,17286022361520248466,13349805680108014980,6,0,0
5,11,4,27,37,5,1,0,11544573615821542472,17286022361520248466,13349805680108014980,6,0,0
5,11,5,60,11,0,6,0,11544573615821542472,17286022361520248466,13349805680108014980,6,0,1
5,11,6,38,32,0,2,0,11544573615821542472,17286022361520248466,13349805680108014980,6,0,1
5,11,7,50,38,0,4,0,11544573615821542472,17286022361520248466,13349805680108014980,6,0,1
5,12,0,36,38,8,3,0,1305567493371994953,14959568771616642419,17527722336007999720,7,0,0
5,12,1,22,46,7,0,0,1305567493371994953,14959568771616642419,17527722336007999720,7,0,0
5,12,2,46,39,0,4,0,1305567493371994953,14959568771616642419,17527722336007999720,7,0,1
5,12,3,54,48,0,6,0,1305567493371994953,14959568771616642419,17527722336007999720,7,0,1
5,12,4,20,45,7,1,0,1305567493371994953,14959568771616642419,17527722336007999720,7,0,0
5,12,5,60,16,0,7,0,1305567493371994953,14959568771616642419,17527722336007999720,7,0,1
5,12,6,38,41,0,3,0,1305567493371994953,14959568771616642419,17527722336007999720,7,0,1
5,12,7,42,47,8,4,0,1305567493371994953,14959568771616642419,17527722336007999720,7,0,0
5,13,0,36,46,0,4,0,15386418701681862978,8273006140281373779,7922194292268313160,8,0,1
5,13,1,15,54,7,0,0,15386418701681862978,8273006140281373779,7922194292268313160,8,0,0
5,13,2,46,48,0,5,0,15386418701681862978,8273006140281373779,7922194292268313160,8,0,1
5,13,3,48,57,6,6,0,15386418701681862978,8273006140281373779,7922194292268313160,8,0,0
5,13,4,11,53,9,1,0,15386418701681862978,8273006140281373779,7922194292268313160,8,0,0
5,13,5,60,23,0,8,0,15386418701681862978,8273006140281373779,7922194292268313160,8,0,1
5,13,6,28,50,10,3,0,15386418701681862978,8273006140281373779,7922194292268313160,8,0,0
5,13,7,42,55,0,5,0,15386418701681862978,8273006140281373779,7922194292268313160,8,0,1
5,14,0,36,55,0,5,0,4980838303030769308,1654561484569662374,17832921960481279896,9,0,1
5,14,1,5,62,10,0,0,4980838303030769308,1654561484569662374,17832921960481279896,9,0,0
5,14,2,46,57,0,6,0,4980838303030769308,1654561484569662374,17832921960481279896,9,0,1
5,14,3,48,65,0,7,0,4980838303030769308,1654561484569662374,17832921960481279896,9,0,1
5,14,4,3,61,8,1,0,4980838303030769308,1654561484569662374,17832921960481279896,9,0,0
5,14,5,60,31,0,9,0,4980838303030769308,1654561484569662374,17832921960481279896,9,0,1
5,14,6,20,58,8,3,0,4980838303030769308,1654561484569662374,17832921960481279896,9,0,0
5,14,7,36,64,6,5,0,4980838303030769308,1654561484569662374,17832921960481279896,9,0,0
5,15,0,36,64,0,5,0,6286785888487111245,15284828908538849218,4951491547108073296,9,1,2
5,15,1,5,70,0,0,0,6286785888487111245,15284828908538849218,4951491547108073296,9,1,2
5,15,2,46,66,0,6,0,6286785888487111245,15284828908538849218,4951491547108073296,9,1,2
5,15,3,48,74,0,7,0,6286785888487111245,15284828908538849218,4951491547108073296,9,1,2
5,15,4,3,69,0,1,0,6286785888487111245,15284828908538849218,4951491547108073296,9,1,2
5,15,5,60,40,0,9,0,6286785888487111245,15284828908538849218,4951491547108073296,9,1,2
5,15,6,20,66,0,3,0,6286785888487111245,15284828908538849218,4951491547108073296,9,1,2
5,15,7,36,69,0,5,0,6286785888487111245,15284828908538849218,4951491547108073296,9,1,2
5,16,0,28,74,8,5,0,5617579180707667760,1470699922380633086,15589859953193039896,10,0,0
5,16,1,0,80,8,0,8,5617579180707667760,1470699922380633086,15589859953193039896,10,0,0
5,16,2,46,76,0,7,0,5617579180707667760,1470699922380633086,15589859953193039896,10,0,1
5,16,3,48,84,0,8,0,5617579180707667760,1470699922380633086,15589859953193039896,10,0,1
5,16,4,0,79,5,1,7,5617579180707667760,1470699922380633086,15589859953193039896,10,0,0
5,16,5,60,50,0,10,0,5617579180707667760,1470699922380633086,15589859953193039896,10,0,1
5,16,6,13,76,7,3,0,5617579180707667760,1470699922380633086,15589859953193039896,10,0,0
5,16,7,36,79,0,6,0,5617579180707667760,1470699922380633086,15589859953193039896,10,0,1
5,17,0,28,82,0,6,0,5217498051498674629,1751012499374856059,2376991058275609022,11,0,1
5,17,1,0,80,0,0,8,5217498051498674629,1751012499374856059,2376991058275609022,11,0,0
5,17,2,37,85,9,7,0,5217498051498674629,1751012499374856059,2376991058275609022,11,0,0
5,17,3,41,93,7,8,0,5217498051498674629,1751012499374856059,2376991058275609022,11,0,0
5,17,4,0,79,0,1,7,5217498051498674629,1751012499374856059,2376991058275609022,11,0,0
5,17,5,60,57,0,11,0,5217498051498674629,1751012499374856059,2376991058275609022,11,0,1
5,17,6,6,84,7,3,0,5217498051498674629,1751012499374856059,2376991058275609022,11,0,0
5,17,7,36,88,0,7,0,5217498051498674629,1751012499374856059,2376991058275609022,11,0,1
5,18,0,22,91,6,6,0,6142988375290975413,4845200535620711139,3497652840944737351,12,0,0
5,18,1,0,80,0,0,8,6142988375290975413,4845200535620711139,3497652840944737351,12,0,0
5,18,2,27,93,10,7,0,6142988375290975413,4845200535620711139,3497652840944737351,12,0,0
5,18,3,41,101,0,9,0,6142988375290975413,4845200535620711139,3497652840944737351,12,0,1
5,18,4,0,79,0,1,7,6142988375290975413,4845200535620711139,3497652840944737351,12,0,0
5,18,5,60,66,0,12,0,6142988375290975413,4845200535620711139,3497652840944737351,12,0,1
5,18,6,6,92,0,4,0,6142988375290975413,4845200535620711139,3497652840944737351,12,0,1
5,18,7,30,97,6,7,0,6142988375290975413,4845200535620711139,3497652840944737351,12,0,0
5,19,0,22,99,0,7,0,3221033036906055419,10994763812610776824,15826587395201946604,13,0,1
5,19,1,0,80,0,0,8,3221033036906055419,10994763812610776824,15826587395201946604,13,0,0
5,19,2,16,101,11,7,0,3221033036906055419,10994763812610776824,15826587395201946604,13,0,0
5,19,3,41,110,0,10,0,3221033036906055419,10994763812610776824,15826587395201946604,13,0,1
5,19,4,0,79,0,1,7,3221033036906055419,10994763812610776824,15826587395201946604,13,0,0
5,19,5,60,75,0,13,0,3221033036906055419,10994763812610776824,15826587395201946604,13,0,1
5,19,6,0,101,10,4,6,3221033036906055419,10994763812610776824,15826587395201946604,13,0,0
5,19,7,21,105,9,7,0,3221033036906055419,10994763812610776824,15826587395201946604,13,0,0
5,20,0,20,104,2,7,0,1435854469962911788,14729253958041954244,12311735571298392084,13,1,0
5,20,1,0,80,0,0,8,1435854469962911788,14729253958041954244,12311735571298392084,13,1,0
5,20,2,16,109,0,7,0,1435854469962911788,14729253958041954244,12311735571298392084,13,1,2
5,20,3,39,119,2,10,0,1435854469962911788,14729253958041954244,12311735571298392084,13,1,0
5,20,4,0,79,0,1,7,1435854469962911788,14729253958041954244,12311735571298392084,13,1,0
5,20,5,60,84,0,13,0,1435854469962911788,14729253958041954244,12311735571298392084,13,1,2
5,20,6,0,101,0,4,6,1435854469962911788,14729253958041954244,12311735571298392084,13,1,0
5,20,7,19,113,2,7,0,1435854469962911788,14729253958041954244,12311735571298392084,13,1,0
5,21,0,11,112,9,7,0,15859327997600256855,457784790887200182,8950693116830180016,14,0,0
5,21,1,0,80,0,0,8,15859327997600256855,457784790887200182,8950693116830180016,14,0,0
5,21,2,16,119,0,8,0,15859327997600256855,457784790887200182,8950693116830180016,14,0,1
5,21,3,39,127,0,11,0,15859327997600256855,457784790887200182,8950693116830180016,14,0,1
5,21,4,0,79,0,1,7,15859327997600256855,457784790887200182,8950693116830180016,14,0,0
5,21,5,60,89,0,14,0,15859327997600256855,457784790887200182,8950693116830180016,14,0,1
5,21,6,0,101,0,4,6,15859327997600256855,457784790887200182,8950693116830180016,14,0,0
5,21,7,9,121,10,7,0,15859327997600256855,457784790887200182,8950693116830180016,14,0,0
5,22,0,1,120,10,7,0,12892682967043332969,2685402391410187291,1086993607521690025,15,0,0
5,22,1,0,80,0,0,8,12892682967043332969,2685402391410187291,1086993607521690025,15,0,0
5,22,2,6,128,10,8,0,12892682967043332969,2685402391410187291,1086993607521690025,15,0,0
5,22,3,39,136,0,12,0,12892682967043332969,2685402391410187291,1086993607521690025,15,0,1
5,22,4,0,79,0,1,7,12892682967043332969,2685402391410187291,1086993607521690025,15,0,0
5,22,5,60,98,0,15,0,12892682967043332969,2685402391410187291,1086993607521690025,15,0,1
5,22,6,0,101,0,4,6,12892682967043332969,2685402391410187291,1086993607521690025,15,0,0
5,22,7,0,129,10,7,5,12892682967043332969,2685402391410187291,1086993607521690025,15,0,0
5,23,0,1,128,0,8,0,7692924956650643185,17739595654335228150,14137571192103046247,16,0,1
5,23,1,0,80,0,0,8,7692924956650643185,17739595654335228150,14137571192103046247,16,0,0
5,23,2,0,136,10,8,4,7692924956650643185,17739595654335228150,14137571192103046247,16,0,0
5,23,3,29,145,10,12,0,7692924956650643185,17739595654335228150,14137571192103046247,16,0,0
5,23,4,0,79,0,1,7,7692924956650643185,17739595654335228150,14137571192103046247,16,0,0
5,23,5,60,107,0,16,0,7692924956650643185,17739595654335228150,14137571192103046247,16,0,1
5,23,6,0,101,0,4,6,7692924956650643185,17739595654335228150,14137571192103046247,16,0,0
5,23,7,0,129,0,7,5,7692924956650643185,17739595654335228150,14137571192103046247,16,0,0
5,24,0,0,137,10,8,3,18275433480323783071,12654093228511874098,8141331430762807391,17,0,0
5,24,1,0,80,0,0,8,18275433480323783071,12654093228511874098,8141331430762807391,17,0,0
5,24,2,0,136,0,8,4,18275433480323783071,12654093228511874098,8141331430762807391,17,0,0
5,24,3,19,153,10,12,0,18275433480323783071,12654093228511874098,8141331430762807391,17,0,0
5,24,4,0,79,0,1,7,18275433480323783071,12654093228511874098,8141331430762807391,17,0,0
5,24,5,60,116,0,17,0,18275433480323783071,12654093228511874098,8141331430762807391,17,0,1
5,24,6,0,101,0,4,6,18275433480323783071,12654093228511874098,8141331430762807391,17,0,0
5,24,7,0,129,0,7,5,18275433480323783071,12654093228511874098,8141331430762807391,17,0,0
5,25,0,0,137,0,8,3,892021104281273531,1532819260890915969,11420969695265600318,17,1,0
5,25,1,0,80,0,0,8,892021104281273531,1532819260890915969,11420969695265600318,17,1,0
5,25,2,0,136,0,8,4,892021104281273531,1532819260890915969,11420969695265600318,17,1,0
5,25,3,19,161,0,12,0,892021104281273531,1532819260890915969,11420969695265600318,17,1,2
5,25,4,0,79,0,1,7,892021104281273531,1532819260890915969,11420969695265600318,17,1,0
5,25,5,60,125,0,17,0,892021104281273531,1532819260890915969,11420969695265600318,17,1,2
5,25,6,0,101,0,4,6,892021104281273531,1532819260890915969,11420969695265600318,17,1,0
5,25,7,0,129,0,7,5,892021104281273531,1532819260890915969,11420969695265600318,17,1,0
5,26,0,0,137,0,8,3,3439269426865428101,12782591467871271852,10681465960975633038,18,0,0
5,26,1,0,80,0,0,8,3439269426865428101,12782591467871271852,10681465960975633038,18,0,0
5,26,2,0,136,0,8,4,3439269426865428101,12782591467871271852,10681465960975633038,18,0,0
5,26,3,8,171,11,12,0,3439269426865428101,12782591467871271852,10681465960975633038,18,0,0
5,26,4,0,79,0,1,7,3439269426865428101,12782591467871271852,10681465960975633038,18,0,0
5,26,5,60,135,0,18,0,3439269426865428101,12782591467871271852,10681465960975633038,18,0,1
5,26,6,0,101,0,4,6,3439269426865428101,12782591467871271852,10681465960975633038,18,0,0
5,26,7,0,129,0,7,5,3439269426865428101,12782591467871271852,10681465960975633038,18,0,0
5,27,0,0,137,0,8,3,11395042726480912689,11805248837551795440,18252381814935204571,19,0,0
5,27,1,0,80,0,0,8,11395042726480912689,11805248837551795440,18252381814935204571,19,0,0
5,27,2,0,136,0,8,4,11395042726480912689,11805248837551795440,18252381814935204571,19,0,0
5,27,3,0,175,10,12,2,11395042726480912689,11805248837551795440,18252381814935204571,19,0,0
5,27,4,0,79,0,1,7,11395042726480912689,11805248837551795440,18252381814935204571,19,0,0
5,27,5,60,144,0,19,1,11395042726480912689,11805248837551795440,18252381814935204571,19,0,1
5,27,6,0,101,0,4,6,11395042726480912689,11805248837551795440,18252381814935204571,19,0,0
5,27,7,0,129,0,7,5,11395042726480912689,11805248837551795440,18252381814935204571,19,0,0
6,1,0,60,1,0,0,0,14375883830139355251,3548700568926206295,4232331625315827323,0,1,2
6,1,1,60,1,0,0,0,14375883830139355251,3548700568926206295,4232331625315827323,0,1,2
6,1,2,60,0,0,0,0,14375883830139355251,3548700568926206295,4232331625315827323,0,1,2
6,1,3,60,0,0,0,0,14375883830139355251,3548700568926206295,4232331625315827323,0,1,2
6,1,4,60,2,0,0,0,14375883830139355251,3548700568926206295,4232331625315827323,0,1,2
6,1,5,60,1,0,0,0,14375883830139355251,3548700568926206295,4232331625315827323,0,1,2
6,1,6,60,0,0,0,0,14375883830139355251,3548700568926206295,4232331625315827323,0,1,2
6,1,7,60,2,0,0,0,14375883830139355251,3548700568926206295,4232331625315827323,0,1,2
6,2,0,60,1,0,0,0,10102061943247506128,13768135744556663070,760961565944625478,0,1,2
6,2,1,60,1,0,0,0,10102061943247506128,13768135744556663070,760961565944625478,0,1,2
6,2,2,60,0,0,0,0,10102061943247506128,13768135744556663070,760961565944625478,0,1,2
6,2,3,60,1,0,0,0,10102061943247506128,13768135744556663070,760961565944625478,0,1,2
6,2,4,60,0,0,0,0,10102061943247506128,13768135744556663070,760961565944625478,0,1,2
6,2,5,60,2,0,0,0,10102061943247506128,13768135744556663070,760961565944625478,0,1,2
6,2,6,60,1,0,0,0,10102061943247506128,13768135744556663070,760961565944625478,0,1,2
6,2,7,60,3,0,0,0,10102061943247506128,13768135744556663070,760961565944625478,0,1,2
6,3,0,60,1,0,0,0,16722814511077582689,8685548779309939060,7457873185948393588,0,1,2
6,3,1,60,0,0,0,0,16722814511077582689,8685548779309939060,7457873185948393588,0,1,2
6,3,2,60,0,0,0,0,16722814511077582689,8685548779309939060,7457873185948393588,0,1,2
6,3,3,60,2,0,0,0,16722814511077582689,8685548779309939060,7457873185948393588,0,1,2
6,3,4,60,0,0,0,0,16722814511077582689,8685548779309939060,7457873185948393588,0,1,2
6,3,5,60,3,0,0,0,16722814511077582689,8685548779309939060,7457873185948393588,0,1,2
6,3,6,60,4,0,0,0,16722814511077582689,8685548779309939060,7457873185948393588,0,1,2
6,3,7,60,0,0,0,0,16722814511077582689,8685548779309939060,7457873185948393588,0,1,2
6,4,0,60,6,0,1,0,6566973071452075145,13317723017954158339,14147232163113885195,1,0,1
6,4,1,54,10,6,0,0,6566973071452075145,13317723017954158339,14147232163113885195,1,0,0
6,4,2,56,4,4,0,0,6566973071452075145,13317723017954158339,14147232163113885195,1,0,0
6,4,3,56,3,4,0,0,6566973071452075145,13317723017954158339,14147232163113885195,1,0,0
6,4,4,60,0,0,1,0,6566973071452075145,13317723017954158339,14147232163113885195,1,0,1
6,4,5,55,10,5,0,0,6566973071452075145,13317723017954158339,14147232163113885195,1,0,0
6,4,6,60,8,0,1,0,6566973071452075145,13317723017954158339,14147232163113885195,1,0,1
6,4,7,60,1,0,1,0,6566973071452075145,13317723017954158339,14147232163113885195,1,0,1
6,5,0,60,9,0,1,0,15702408310210892137,11475525557163507959,596358128947427460,1,1,2
6,5,1,54,13,0,0,0,15702408310210892137,11475525557163507959,596358128947427460,1,1,2
6,5,2,56,11,0,0,0,15702408310210892137,11475525557163507959,596358128947427460,1,1,2
6,5,3,56,2,0,0,0,15702408310210892137,11475525557163507959,596358128947427460,1,1,2
6,5,4,60,6,0,1,0,15702408310210892137,11475525557163507959,596358128947427460,1,1,2
6,5,5,55,11,0,0,0,15702408310210892137,11475525557163507959,596358128947427460,1,1,2
6,5,6,60,10,0,1,0,15702408310210892137,11475525557163507959,596358128947427460,1,1,2
6,5,7,60,4,0,1,0,15702408310210892137,11475525557163507959,596358128947427460,1,1,2
6,6,0,60,10,0,2,0,4850049286648875067,6811636146913920516,13292533484939860345,2,0,1
6,6,1,54,14,0,1,0,4850049286648875067,6811636146913920516,13292533484939860345,2,0,1
6,6,2,50,10,6,0,0,4850049286648875067,6811636146913920516,13292533484939860345,2,0,0
6,6,3,56,6,0,1,0,4850049286648875067,6811636146913920516,13292533484939860345,2,0,1
6,6,4,60,13,0,2,0,4850049286648875067,6811636146913920516,13292533484939860345,2,0,1
6,6,5,49,11,6,0,0,4850049286648875067,6811636146913920516,13292533484939860345,2,0,0
6,6,6,55,16,5,1,0,4850049286648875067,6811636146913920516,13292533484939860345,2,0,0
6,6,7,56,11,4,1,0,4850049286648875067,6811636146913920516,13292533484939860345,2,0,0
6,7,0,60,11,0,3,0,8763079446347773358,3587388506119824178,14876961040913761563,3,0,1
6,7,1,50,13,4,1,0,8763079446347773358,3587388506119824178,14876961040913761563,3,0,0
6,7,2,50,11,0,1,0,8763079446347773358,3587388506119824178,14876961040913761563,3,0,1
6,7,3,51,6,5,1,0,8763079446347773358,3587388506119824178,14876961040913761563,3,0,0
6,7,4,60,14,0,3,0,8763079446347773358,3587388506119824178,14876961040913761563,3,0,1
6,7,5,44,12,5,0,0,8763079446347773358,3587388506119824178,14876961040913761563,3,0,0
6,7,6,50,16,5,1,0,8763079446347773358,3587388506119824178,14876961040913761563,3,0,0
6,7,7,56,10,0,2,0,8763079446347773358,3587388506119824178,14876961040913761563,3,0,1
6,8,0,54,11,6,3,0,6396810856367630977,8018271380693669541,14052779712943662921,4,0,0
6,8,1,50,17,0,2,0,6396810856367630977,8018271380693669541,14052779712943662921,4,0,1
6,8,2,50,11,0,2,0,6396810856367630977,8018271380693669541,14052779712943662921,4,0,1
6,8,3,51,5,0,2,0,6396810856367630977,8018271380693669541,14052779712943662921,4,0,1
6,8,4,54,21,6,3,0,6396810856367630977,8018271380693669541,14052779712943662921,4,0,0
6,8,5,36,18,8,0,0,6396810856367630977,8018271380693669541,14052779712943662921,4,0,0
6,8,6,45,22,5,1,0,6396810856367630977,8018271380693669541,14052779712943662921,4,0,0
6,8,7,56,10,0,3,0,6396810856367630977,8018271380693669541,14052779712943662921,4,0,1
6,9,0,54,10,0,4,0,2904858008334449610,7358004535034774547,842766437393389924,5,0,1
6,9,1,50,24,0,3,0,2904858008334449610,7358004535034774547,842766437393389924,5,0,1
6,9,2,50,13,0,3,0,2904858008334449610,7358004535034774547,842766437393389924,5,0,1
6,9,3,51,11,0,3,0,2904858008334449610,7358004535034774547,842766437393389924,5,0,1
6,9,4,48,28,6,3,0,2904858008334449610,7358004535034774547,842766437393389924,5,0,0
6,9,5,30,15,6,0,0,2904858008334449610,7358004535034774547,842766437393389924,5,0,0
6,9,6,41,20,4,1,0,2904858008334449610,7358004535034774547,842766437393389924,5,0,0
6,9,7,50,15,6,3,0,2904858008334449610,7358004535034774547,842766437393389924,5,0,0
6,10,0,54,11,0,4,0,14837458601659025628,16853772575504472749,5523842528039335379,5,1,2
6,10,1,50,30,0,3,0,14837458601659025628,16853772575504472749,5523842528039335379,5,1,2
6,10,2,50,20,0,3,0,14837458601659025628,16853772575504472749,5523842528039335379,5,1,2
6,10,3,51,18,0,3,0,14837458601659025628,16853772575504472749,5523842528039335379,5,1,2
6,10,4,48,35,0,3,0,14837458601659025628,16853772575504472749,5523842528039335379,5,1,2
6,10,5,30,14,0,0,0,14837458601659025628,16853772575504472749,5523842528039335379,5,1,2
6,10,6,41,27,0,1,0,14837458601659025628,16853772575504472749,5523842528039335379,5,1,2
6,10,7,50,17,0,3,0,14837458601659025628,16853772575504472749,5523842528039335379,5,1,2
6,11,0,54,13,0,5,0,14619088775373169741,14876388450984739589,11976974269407517719,6,0,1
6,11,1,50,40,0,4,0,14619088775373169741,14876388450984739589,11976974269407517719,6,0,1
6,11,2,50,25,0,4,0,14619088775373169741,14876388450984739589,11976974269407517719,6,0,1
6,11,3,47,26,4,3,0,14619088775373169741,14876388450984739589,11976974269407517719,6,0,0
6,11,4,42,45,6,3,0,14619088775373169741,14876388450984739589,11976974269407517719,6,0,0
6,11,5,26,22,4,0,0,14619088775373169741,14876388450984739589,11976974269407517719,6,0,0
6,11,6,35,36,6,1,0,14619088775373169741,14876388450984739589,11976974269407517719,6,0,0
6,11,7,50,25,0,4,0,14619088775373169741,14876388450984739589,11976974269407517719,6,0,1
6,12,0,54,17,0,6,0,13778140240177482665,5053912432312075546,18043944655745403071,7,0,1
6,12,1,50,49,0,5,0,13778140240177482665,5053912432312075546,18043944655745403071,7,0,1
6,12,2,50,33,0,5,0,13778140240177482665,5053912432312075546,18043944655745403071,7,0,1
6,12,3,39,33,8,3,0,13778140240177482665,5053912432312075546,18043944655745403071,7,0,0
6,12,4,34,50,8,3,0,13778140240177482665,5053912432312075546,18043944655745403071,7,0,0
6,12,5,26,27,0,1,0,13778140240177482665,5053912432312075546,18043944655745403071,7,0,1
6,12,6,27,44,8,1,0,13778140240177482665,5053912432312075546,18043944655745403071,7,0,0
6,12,7,42,33,8,4,0,13778140240177482665,5053912432312075546,18043944655745403071,7,0,0
6,13,0,54,24,0,7,0,4326099971233487474,14527182433140535122,15910442955445147318,8,0,1
6,13,1,45,58,5,5,0,4326099971233487474,14527182433140535122,15910442955445147318,8,0,0
6,13,2,43,42,7,5,0,4326099971233487474,14527182433140535122,15910442955445147318,8,0,0
6,13,3,32,41,7,3,0,4326099971233487474,14527182433140535122,15910442955445147318,8,0,0
6,13,4,34,55,0,4,0,4326099971233487474,14527182433140535122,15910442955445147318,8,0,1
6,13,5,26,31,0,2,0,4326099971233487474,14527182433140535122,15910442955445147318,8,0,1
6,13,6,21,52,6,1,0,4326099971233487474,14527182433140535122,15910442955445147318,8,0,0
6,13,7,42,41,0,5,0,4326099971233487474,14527182433140535122,15910442955445147318,8,0,1
6,14,0,54,32,0,8,0,12360539903646641845,9417445654206902808,4099110934832110541,9,0,1
6,14,1,37,66,8,5,0,12360539903646641845,9417445654206902808,4099110934832110541,9,0,0
6,14,2,43,50,0,6,0,12360539903646641845,9417445654206902808,4099110934832110541,9,0,1
6,14,3,32,49,0,4,0,12360539903646641845,9417445654206902808,4099110934832110541,9,0,1
6,14,4,28,64,6,4,0,12360539903646641845,9417445654206902808,4099110934832110541,9,0,0
6,14,5,26,40,0,3,0,12360539903646641845,9417445654206902808,4099110934832110541,9,0,1
6,14,6,13,60,8,1,0,12360539903646641845,9417445654206902808,4099110934832110541,9,0,0
6,14,7,37,50,5,5,0,12360539903646641845,9417445654206902808,4099110934832110541,9,0,0
6,15,0,54,41,0,8,0,15551825407816584139,17502563456306577838,8725594603906790959,9,1,2
6,15,1,37,74,0,5,0,15551825407816584139,17502563456306577838,8725594603906790959,9,1,2
6,15,2,43,59,0,6,0,15551825407816584139,17502563456306577838,8725594603906790959,9,1,2
6,15,3,32,58,0,4,0,15551825407816584139,17502563456306577838,8725594603906790959,9,1,2
6,15,4,28,72,0,4,0,15551825407816584139,17502563456306577838,8725594603906790959,9,1,2
6,15,5,26,50,0,3,0,15551825407816584139,17502563456306577838,8725594603906790959,9,1,2
6,15,6,13,68,0,1,0,15551825407816584139,17502563456306577838,8725594603906790959,9,1,2
6,15,7,37,58,0,5,0,15551825407816584139,17502563456306577838,8725594603906790959,9,1,2
6,16,0,54,51,0,9,0,1381687906561376430,14641098499638550750,9597063343668133378,10,0,1
6,16,1,37,84,0,6,0,1381687906561376430,14641098499638550750,9597063343668133378,10,0,1
6,16,2,43,69,0,7,0,1381687906561376430,14641098499638550750,9597063343668133378,10,0,1
6,16,3,26,68,6,4,0,1381687906561376430,14641098499638550750,9597063343668133378,10,0,0
6,16,4,20,82,8,4,0,1381687906561376430,14641098499638550750,9597063343668133378,10,0,0
6,16,5,26,60,0,4,0,1381687906561376430,14641098499638550750,9597063343668133378,10,0,1
6,16,6,4,78,9,1,0,1381687906561376430,14641098499638550750,9597063343668133378,10,0,0
6,16,7,29,68,8,5,0,1381687906561376430,14641098499638550750,9597063343668133378,10,0,0
6,17,0,54,60,0,10,0,14235027577637964137,9638487957710932561,4605229958576479210,11,0,1
6,17,1,37,93,0,7,0,14235027577637964137,9638487957710932561,4605229958576479210,11,0,1
6,17,2,43,78,0,8,0,14235027577637964137,9638487957710932561,4605229958576479210,11,0,1
6,17,3,19,76,7,4,0,14235027577637964137,9638487957710932561,4605229958576479210,11,0,0
6,17,4,11,90,9,4,0,14235027577637964137,9638487957710932561,4605229958576479210,11,0,0
6,17,5,17,69,9,4,0,14235027577637964137,9638487957710932561,4605229958576479210,11,0,0
6,17,6,4,78,0,2,0,14235027577637964137,9638487957710932561,4605229958576479210,11,0,1
6,17,7,24,76,5,5,0,14235027577637964137,9638487957710932561,4605229958576479210,11,0,0
6,18,0,54,66,0,11,0,4477023333836429640,10964640994180983205,598875674888491929,12,0,1
6,18,1,30,102,7,7,0,4477023333836429640,10964640994180983205,598875674888491929,12,0,0
6,18,2,43,87,0,9,0,4477023333836429640,10964640994180983205,598875674888491929,12,0,1
6,18,3,11,84,8,4,0,4477023333836429640,10964640994180983205,598875674888491929,12,0,0
6,18,4,4,98,7,4,0,4477023333836429640,10964640994180983205,598875674888491929,12,0,0
6,18,5,17,78,0,5,0,4477023333836429640,10964640994180983205,598875674888491929,12,0,1
6,18,6,4,87,0,3,0,4477023333836429640,10964640994180983205,598875674888491929,12,0,1
6,18,7,16,84,8,5,0,4477023333836429640,10964640994180983205,598875674888491929,12,0,0
6,19,0,54,75,0,12,0,4167932333285717831,8319381684346330598,2854972744830478062,13,0,1
6,19,1,20,110,10,7,0,4167932333285717831,8319381684346330598,2854972744830478062,13,0,0
6,19,2,43,96,0,10,0,4167932333285717831,8319381684346330598,2854972744830478062,13,0,1
6,19,3,3,92,8,4,0,4167932333285717831,8319381684346330598,2854972744830478062,13,0,0
6,19,4,4,106,0,5,0,4167932333285717831,8319381684346330598,2854972744830478062,13,0,1
6,19,5,17,84,0,6,0,4167932333285717831,8319381684346330598,2854972744830478062,13,0,1
6,19,6,0,96,9,3,8,4167932333285717831,8319381684346330598,2854972744830478062,13,0,0
6,19,7,8,92,8,5,0,4167932333285717831,8319381684346330598,2854972744830478062,13,0,0
6,20,0,54,84,0,12,0,2741305931609681352,6219092286814432680,4318378844476759594,13,1,2
6,20,1,20,118,0,7,0,2741305931609681352,6219092286814432680,4318378844476759594,13,1,2
6,20,2,41,105,2,10,0,2741305931609681352,6219092286814432680,4318378844476759594,13,1,0
6,20,3,1,100,2,4,0,2741305931609681352,6219092286814432680,4318378844476759594,13,1,0
6,20,4,2,115,2,5,0,2741305931609681352,6219092286814432680,4318378844476759594,13,1,0
6,20,5,17,93,0,6,0,2741305931609681352,6219092286814432680,4318378844476759594,13,1,2
6,20,6,0,96,0,3,8,2741305931609681352,6219092286814432680,4318378844476759594,13,1,0
6,20,7,6,100,2,5,0,2741305931609681352,6219092286814432680,4318378844476759594,13,1,0
6,21,0,46,94,8,12,0,15461676908953589344,9478181547018058957,9675778034613230389,14,0,0
6,21,1,20,128,0,8,0,15461676908953589344,9478181547018058957,9675778034613230389,14,0,1
6,21,2,41,113,0,11,0,15461676908953589344,9478181547018058957,9675778034613230389,14,0,1
6,21,3,0,108,9,4,7,15461676908953589344,9478181547018058957,9675778034613230389,14,0,0
6,21,4,0,123,8,5,6,15461676908953589344,9478181547018058957,9675778034613230389,14,0,0
6,21,5,17,103,0,7,0,15461676908953589344,9478181547018058957,9675778034613230389,14,0,1
6,21,6,0,96,0,3,8,15461676908953589344,9478181547018058957,9675778034613230389,14,0,0
6,21,7,6,108,0,6,0,15461676908953589344,9478181547018058957,9675778034613230389,14,0,1
6,22,0,46,102,0,13,0,8311274933874750175,7900583005579009088,14382360394070560678,15,0,1
6,22,1,11,137,9,8,0,8311274933874750175,7900583005579009088,14382360394070560678,15,0,0
6,22,2,31,122,10,11,0,8311274933874750175,7900583005579009088,14382360394070560678,15,0,0
6,22,3,0,108,0,4,7,8311274933874750175,7900583005579009088,14382360394070560678,15,0,0
6,22,4,0,123,0,5,6,8311274933874750175,7900583005579009088,14382360394070560678,15,0,0
6,22,5,17,112,0,8,0,8311274933874750175,7900583005579009088,14382360394070560678,15,0,1
6,22,6,0,96,0,3,8,8311274933874750175,7900583005579009088,14382360394070560678,15,0,0
6,22,7,0,117,10,6,5,8311274933874750175,7900583005579009088,14382360394070560678,15,0,0
6,23,0,46,111,0,14,0,10268070291441672526,15450478874709485235,16141737757357820238,16,0,1
6,23,1,11,142,0,9,0,10268070291441672526,15450478874709485235,16141737757357820238,16,0,1
6,23,2,22,130,9,11,0,10268070291441672526,15450478874709485235,16141737757357820238,16,0,0
6,23,3,0,108,0,4,7,10268070291441672526,15450478874709485235,16141737757357820238,16,0,0
6,23,4,0,123,0,5,6,10268070291441672526,15450478874709485235,16141737757357820238,16,0,0
6,23,5,9,121,8,8,0,10268070291441672526,15450478874709485235,16141737757357820238,16,0,0
6,23,6,0,96,0,3,8,10268070291441672526,15450478874709485235,16141737757357820238,16,0,0
6,23,7,0,117,0,6,5,10268070291441672526,15450478874709485235,16141737757357820238,16,0,0
6,24,0,46,120,0,15,0,11840955003348155923,4774667830948700757,9809113671407257610,17,0,1
6,24,1,1,151,10,9,0,11840955003348155923,4774667830948700757,9809113671407257610,17,0,0
6,24,2,12,138,10,11,0,11840955003348155923,4774667830948700757,9809113671407257610,17,0,0
6,24,3,0,108,0,4,7,11840955003348155923,4774667830948700757,9809113671407257610,17,0,0
6,24,4,0,123,0,5,6,11840955003348155923,4774667830948700757,9809113671407257610,17,0,0
6,24,5,9,129,0,9,0,11840955003348155923,4774667830948700757,9809113671407257610,17,0,1
6,24,6,0,96,0,3,8,11840955003348155923,4774667830948700757,9809113671407257610,17,0,0
6,24,7,0,117,0,6,5,11840955003348155923,4774667830948700757,9809113671407257610,17,0,0
6,25,0,46,129,0,15,0,10986795541514154938,4464873937701907298,16960406401220162144,17,1,2
6,25,1,1,159,0,9,0,10986795541514154938,4464873937701907298,16960406401220162144,17,1,2
6,25,2,10,146,2,11,0,10986795541514154938,4464873937701907298,16960406401220162144,17,1,0
6,25,3,0,108,0,4,7,10986795541514154938,4464873937701907298,16960406401220162144,17,1,0
6,25,4,0,123,0,5,6,10986795541514154938,4464873937701907298,16960406401220162144,17,1,0
6,25,5,7,138,2,9,0,10986795541514154938,4464873937701907298,16960406401220162144,17,1,0
6,25,6,0,96,0,3,8,10986795541514154938,4464873937701907298,16960406401220162144,17,1,0
6,25,7,0,117,0,6,5,10986795541514154938,4464873937701907298,16960406401220162144,17,1,0
6,26,0,38,139,8,15,0,13192421270734849671,5452374974936595327,8692340229088623041,18,0,0
6,26,1,1,169,0,10,0,13192421270734849671,5452374974936595327,8692340229088623041,18,0,1
6,26,2,1,154,9,11,0,13192421270734849671,5452374974936595327,8692340229088623041,18,0,0
6,26,3,0,108,0,4,7,13192421270734849671,5452374974936595327,8692340229088623041,18,0,0
6,26,4,0,123,0,5,6,13192421270734849671,5452374974936595327,8692340229088623041,18,0,0
6,26,5,7,146,0,10,0,13192421270734849671,5452374974936595327,8692340229088623041,18,0,1
6,26,6,0,96,0,3,8,13192421270734849671,5452374974936595327,8692340229088623041,18,0,0
6,26,7,0,117,0,6,5,13192421270734849671,5452374974936595327,8692340229088623041,18,0,0
6,27,0,38,147,0,16,0,7585825498738036716,7530602611519380096,6518897412082527678,19,0,1
6,27,1,0,178,9,10,4,7585825498738036716,7530602611519380096,6518897412082527678,19,0,0
6,27,2,0,162,9,11,3,7585825498738036716,7530602611519380096,6518897412082527678,19,0,0
6,27,3,0,108,0,4,7,7585825498738036716,7530602611519380096,6518897412082527678,19,0,0
6,27,4,0,123,0,5,6,7585825498738036716,7530602611519380096,6518897412082527678,19,0,0
6,27,5,7,155,0,11,0,7585825498738036716,7530602611519380096,6518897412082527678,19,0,1
6,27,6,0,96,0,3,8,7585825498738036716,7530602611519380096,6518897412082527678,19,0,0
6,27,7,0,117,0,6,5,7585825498738036716,7530602611519380096,6518897412082527678,19,0,0
6,28,0,30,156,8,16,0,17386281162029289437,5157769534796775570,7750783682574341884,20,0,0
6,28,1,0,178,0,10,4,17386281162029289437,5157769534796775570,7750783682574341884,20,0,0
6,28,2,0,162,0,11,3,17386281162029289437,5157769534796775570,7750783682574341884,20,0,0
6,28,3,0,108,0,4,7,17386281162029289437,5157769534796775570,7750783682574341884,20,0,0
6,28,4,0,123,0,5,6,17386281162029289437,5157769534796775570,7750783682574341884,20,0,0
6,28,5,7,164,0,12,0,17386281162029289437,5157769534796775570,7750783682574341884,20,0,1
6,28,6,0,96,0,3,8,17386281162029289437,5157769534796775570,7750783682574341884,20,0,0
6,28,7,0,117,0,6,5,17386281162029289437,5157769534796775570,7750783682574341884,20,0,0
6,29,0,21,164,9,16,0,12936188547373740768,16868934857822341039,5281580963145885991,21,0,0
6,29,1,0,178,0,10,4,12936188547373740768,16868934857822341039,5281580963145885991,21,0,0
6,29,2,0,162,0,11,3,12936188547373740768,16868934857822341039,5281580963145885991,21,0,0
6,29,3,0,108,0,4,7,12936188547373740768,16868934857822341039,5281580963145885991,21,0,0
6,29,4,0,123,0,5,6,12936188547373740768,16868934857822341039,5281580963145885991,21,0,0
6,29,5,7,173,0,13,0,12936188547373740768,16868934857822341039,5281580963145885991,21,0,1
6,29,6,0,96,0,3,8,12936188547373740768,16868934857822341039,5281580963145885991,21,0,0
6,29,7,0,117,0,6,5,12936188547373740768,16868934857822341039,5281580963145885991,21,0,0
6,30,0,19,172,2,16,0,17853529176883769455,5402181810071957383,127554077158719435,21,1,0
6,30,1,0,178,0,10,4,17853529176883769455,5402181810071957383,127554077158719435,21,1,0
6,30,2,0,162,0,11,3,17853529176883769455,5402181810071957383,127554077158719435,21,1,0
6,30,3,0,108,0,4,7,17853529176883769455,5402181810071957383,127554077158719435,21,1,0
6,30,4,0,123,0,5,6,17853529176883769455,5402181810071957383,127554077158719435,21,1,0
6,30,5,5,182,2,13,0,17853529176883769455,5402181810071957383,127554077158719435,21,1,0
6,30,6,0,96,0,3,8,17853529176883769455,5402181810071957383,127554077158719435,21,1,0
6,30,7,0,117,0,6,5,17853529176883769455,5402181810071957383,127554077158719435,21,1,0
6,31,0,19,180,0,17,1,12733919042776015710,17842832590773470210,3565594785673482645,22,0,1
6,31,1,0,178,0,10,4,12733919042776015710,17842832590773470210,3565594785673482645,22,0,0
6,31,2,0,162,0,11,3,12733919042776015710,17842832590773470210,3565594785673482645,22,0,0
6,31,3,0,108,0,4,7,12733919042776015710,17842832590773470210,3565594785673482645,22,0,0
6,31,4,0,123,0,5,6,12733919042776015710,17842832590773470210,3565594785673482645,22,0,0
6,31,5,0,190,9,13,2,12733919042776015710,17842832590773470210,3565594785673482645,22,0,0
6,31,6,0,96,0,3,8,12733919042776015710,17842832590773470210,3565594785673482645,22,0,0
6,31,7,0,117,0,6,5,12733919042776015710,17842832590773470210,3565594785673482645,22,0,0
7,1,0,60,1,0,0,0,4709310969564089485,4665053692206047940,11389879394897064603,0,1,2
7,1,1,60,1,0,0,0,4709310969564089485,4665053692206047940,11389879394897064603,0,1,2
7,1,2,60,0,0,0,0,4709310969564089485,4665053692206047940,11389879394897064603,0,1,2
7,1,3,60,0,0,0,0,4709310969564089485,4665053692206047940,11389879394897064603,0,1,2
7,1,4,60,1,0,0,0,4709310969564089485,4665053692206047940,11389879394897064603,0,1,2
7,1,5,60,0,0,0,0,4709310969564089485,4665053692206047940,11389879394897064603,0,1,2
7,1,6,60,1,0,0,0,4709310969564089485,4665053692206047940,11389879394897064603,0,1,2
7,1,7,60,0,0,0,0,4709310969564089485,4665053692206047940,11389879394897064603,0,1,2
7,2,0,60,2,0,0,0,9912308749570786352,2440076582633871943,5705243319704930072,0,1,2
7,2,1,60,4,0,0,0,9912308749570786352,2440076582633871943,5705243319704930072,0,1,2
7,2,2,60,1,0,0,0,9912308749570786352,2440076582633871943,5705243319704930072,0,1,2
7,2,3,60,0,0,0,0,9912308749570786352,2440076582633871943,5705243319704930072,0,1,2
7,2,4,60,2,0,0,0,9912308749570786352,2440076582633871943,5705243319704930072,0,1,2
7,2,5,60,2,0,0,0,9912308749570786352,2440076582633871943,5705243319704930072,0,1,2
7,2,6,60,1,0,0,0,9912308749570786352,2440076582633871943,5705243319704930072,0,1,2
7,2,7,60,2,0,0,0,9912308749570786352,2440076582633871943,5705243319704930072,0,1,2
7,3,0,60,1,0,0,0,1628484383926939619,9986825536287656053,1611554755702683326,0,1,2
7,3,1,60,2,0,0,0,1628484383926939619,9986825536287656053,1611554755702683326,0,1,2
7,3,2,60,0,0,0,0,1628484383926939619,9986825536287656053,1611554755702683326,0,1,2
7,3,3,60,0,0,0,0,1628484383926939619,9986825536287656053,1611554755702683326,0,1,2
7,3,4,60,0,0,0,0,1628484383926939619,9986825536287656053,1611554755702683326,0,1,2
7,3,5,60,3,0,0,0,1628484383926939619,9986825536287656053,1611554755702683326,0,1,2
7,3,6,60,1,0,0,0,1628484383926939619,9986825536287656053,1611554755702683326,0,1,2
7,3,7,60,3,0,0,0,1628484383926939619,9986825536287656053,1611554755702683326,0,1,2
7,4,0,60,6,0,1,0,14936217946346263814,11946995653289958601,7010704946196951057,1,0,1
7,4,1,54,2,6,0,0,14936217946346263814,11946995653289958601,7010704946196951057,1,0,0
7,4,2,60,3,0,1,0,14936217946346263814,11946995653289958601,7010704946196951057,1,0,1
7,4,3,56,0,4,0,0,14936217946346263814,11946995653289958601,7010704946196951057,1,0,0
7,4,4,60,2,0,1,0,14936217946346263814,11946995653289958601,7010704946196951057,1,0,1
7,4,5,56,10,4,0,0,14936217946346263814,11946995653289958601,7010704946196951057,1,0,0
7,4,6,60,11,0,1,0,14936217946346263814,11946995653289958601,7010704946196951057,1,0,1
7,4,7,54,6,6,0,0,14936217946346263814,11946995653289958601,7010704946196951057,1,0,0
7,5,0,60,10,0,1,0,10184533262328699236,17667434354853333371,16992575016084571992,1,1,2
7,5,1,54,3,0,0,0,10184533262328699236,17667434354853333371,16992575016084571992,1,1,2
7,5,2,60,10,0,1,0,10184533262328699236,17667434354853333371,16992575016084571992,1,1,2
7,5,3,56,4,0,0,0,10184533262328699236,17667434354853333371,16992575016084571992,1,1,2
7,5,4,60,5,0,1,0,10184533262328699236,17667434354853333371,16992575016084571992,1,1,2
7,5,5,56,7,0,0,0,10184533262328699236,17667434354853333371,16992575016084571992,1,1,2
7,5,6,60,10,0,1,0,10184533262328699236,17667434354853333371,16992575016084571992,1,1,2
7,5,7,54,10,0,0,0,10184533262328699236,17667434354853333371,16992575016084571992,1,1,2
7,6,0,55,17,5,1,0,476146826026200147,11474342026348055953,16603053597856968354,2,0,0
7,6,1,49,11,5,0,0,476146826026200147,11474342026348055953,16603053597856968354,2,0,0
7,6,2,54,11,6,1,0,476146826026200147,11474342026348055953,16603053597856968354,2,0,0
7,6,3,56,7,0,1,0,476146826026200147,11474342026348055953,16603053597856968354,2,0,1
7,6,4,60,12,0,2,0,476146826026200147,11474342026348055953,16603053597856968354,2,0,1
7,6,5,56,11,0,1,0,476146826026200147,11474342026348055953,16603053597856968354,2,0,1
7,6,6,60,10,0,2,0,476146826026200147,11474342026348055953,16603053597856968354,2,0,1
7,6,7,48,15,6,0,0,476146826026200147,11474342026348055953,16603053597856968354,2,0,0
7,7,0,48,10,7,1,0,13094982781940278093,2704472686041785594,4687619179621302459,3,0,0
7,7,1,44,10,5,0,0,13094982781940278093,2704472686041785594,4687619179621302459,3,0,0
7,7,2,47,11,7,1,0,13094982781940278093,2704472686041785594,4687619179621302459,3,0,0
7,7,3,56,3,0,2,0,13094982781940278093,2704472686041785594,4687619179621302459,3,0,1
7,7,4,55,14,5,2,0,13094982781940278093,2704472686041785594,4687619179621302459,3,0,0
7,7,5,56,11,0,2,0,13094982781940278093,2704472686041785594,4687619179621302459,3,0,1
7,7,6,60,11,0,3,0,13094982781940278093,2704472686041785594,4687619179621302459,3,0,1
7,7,7,48,11,0,1,0,13094982781940278093,2704472686041785594,4687619179621302459,3,0,1
7,8,0,45,13,3,1,0,18062537270610745914,7269236793527486548,16686866673214761654,4,0,0
7,8,1,44,10,0,1,0,18062537270610745914,7269236793527486548,16686866673214761654,4,0,1
7,8,2,39,11,8,1,0,18062537270610745914,7269236793527486548,16686866673214761654,4,0,0
7,8,3,56,5,0,3,0,18062537270610745914,7269236793527486548,16686866673214761654,4,0,1
7,8,4,50,20,5,2,0,18062537270610745914,7269236793527486548,16686866673214761654,4,0,0
7,8,5,56,10,0,3,0,18062537270610745914,7269236793527486548,16686866673214761654,4,0,1
7,8,6,56,13,4,3,0,18062537270610745914,7269236793527486548,16686866673214761654,4,0,0
7,8,7,48,11,0,2,0,18062537270610745914,7269236793527486548,16686866673214761654,4,0,1
7,9,0,45,20,0,2,0,11216384905433548172,5029718317532009356,11748082056977562438,5,0,1
7,9,1,44,10,0,2,0,11216384905433548172,5029718317532009356,11748082056977562438,5,0,1
7,9,2,33,15,6,1,0,11216384905433548172,5029718317532009356,11748082056977562438,5,0,0
7,9,3,56,11,0,4,0,11216384905433548172,5029718317532009356,11748082056977562438,5,0,1
7,9,4,47,27,3,2,0,11216384905433548172,5029718317532009356,11748082056977562438,5,0,0
7,9,5,56,10,0,4,0,11216384905433548172,5029718317532009356,11748082056977562438,5,0,1
7,9,6,51,14,5,3,0,11216384905433548172,5029718317532009356,11748082056977562438,5,0,0
7,9,7,41,10,7,2,0,11216384905433548172,5029718317532009356,11748082056977562438,5,0,0
7,10,0,45,26,0,2,0,1563292513496179719,18334258958382216161,8724865231682411930,5,1,2
7,10,1,44,15,0,2,0,1563292513496179719,18334258958382216161,8724865231682411930,5,1,2
7,10,2,33,17,0,1,0,1563292513496179719,18334258958382216161,8724865231682411930,5,1,2
7,10,3,56,18,0,4,0,1563292513496179719,18334258958382216161,8724865231682411930,5,1,2
7,10,4,47,34,0,2,0,1563292513496179719,18334258958382216161,8724865231682411930,5,1,2
7,10,5,56,10,0,4,0,1563292513496179719,18334258958382216161,8724865231682411930,5,1,2
7,10,6,51,20,0,3,0,1563292513496179719,18334258958382216161,8724865231682411930,5,1,2
7,10,7,41,10,0,2,0,1563292513496179719,18334258958382216161,8724865231682411930,5,1,2
7,11,0,41,35,4,2,0,12907676082372315931,4534659991543450292,1701496469926142463,6,0,0
7,11,1,44,21,0,3,0,12907676082372315931,4534659991543450292,1701496469926142463,6,0,1
7,11,2,28,25,5,1,0,12907676082372315931,4534659991543450292,1701496469926142463,6,0,0
7,11,3,56,26,0,5,0,12907676082372315931,4534659991543450292,1701496469926142463,6,0,1
7,11,4,39,44,8,2,0,12907676082372315931,4534659991543450292,1701496469926142463,6,0,0
7,11,5,56,11,0,5,0,12907676082372315931,4534659991543450292,1701496469926142463,6,0,1
7,11,6,45,16,6,3,0,12907676082372315931,4534659991543450292,1701496469926142463,6,0,0
7,11,7,41,15,0,3,0,12907676082372315931,4534659991543450292,1701496469926142463,6,0,1
7,12,0,35,43,6,2,0,6908016081731194426,7709293257209811470,10560666660727955920,7,0,0
7,12,1,39,30,5,3,0,6908016081731194426,7709293257209811470,10560666660727955920,7,0,0
7,12,2,28,30,0,2,0,6908016081731194426,7709293257209811470,10560666660727955920,7,0,1
7,12,3,56,34,0,6,0,6908016081731194426,7709293257209811470,10560666660727955920,7,0,1
7,12,4,30,52,9,2,0,6908016081731194426,7709293257209811470,10560666660727955920,7,0,0
7,12,5,48,13,8,5,0,6908016081731194426,7709293257209811470,10560666660727955920,7,0,0
7,12,6,45,22,0,4,0,6908016081731194426,7709293257209811470,10560666660727955920,7,0,1
7,12,7,41,22,0,4,0,6908016081731194426,7709293257209811470,10560666660727955920,7,0,1
7,13,0,27,51,8,2,0,12942198452350530931,7373004728660554136,9059175134070824888,8,0,0
7,13,1,39,38,0,4,0,12942198452350530931,7373004728660554136,9059175134070824888,8,0,1
7,13,2,20,36,8,2,0,12942198452350530931,7373004728660554136,9059175134070824888,8,0,0
7,13,3,56,43,0,7,0,12942198452350530931,7373004728660554136,9059175134070824888,8,0,1
7,13,4,20,60,10,2,0,12942198452350530931,7373004728660554136,9059175134070824888,8,0,0
7,13,5,42,14,6,5,0,12942198452350530931,7373004728660554136,9059175134070824888,8,0,0
7,13,6,45,30,0,5,0,12942198452350530931,7373004728660554136,9059175134070824888,8,0,1
7,13,7,41,26,0,5,0,12942198452350530931,7373004728660554136,9059175134070824888,8,0,1
7,14,0,27,59,0,3,0,8322570979768616896,9882003877172553989,8083142283623137969,9,0,1
7,14,1,34,47,5,4,0,8322570979768616896,9882003877172553989,8083142283623137969,9,0,0
7,14,2,12,44,8,2,0,8322570979768616896,9882003877172553989,8083142283623137969,9,0,0
7,14,3,56,52,0,8,0,8322570979768616896,9882003877172553989,8083142283623137969,9,0,1
7,14,4,10,68,10,2,0,8322570979768616896,9882003877172553989,8083142283623137969,9,0,0
7,14,5,42,20,0,6,0,8322570979768616896,9882003877172553989,8083142283623137969,9,0,1
7,14,6,36,39,9,5,0,8322570979768616896,9882003877172553989,8083142283623137969,9,0,0
7,14,7,41,34,0,6,0,8322570979768616896,9882003877172553989,8083142283623137969,9,0,1
7,15,0,27,68,0,3,0,1246459099570784423,8573429658977223675,4434230963341827711,9,1,2
7,15,1,34,55,0,4,0,1246459099570784423,8573429658977223675,4434230963341827711,9,1,2
7,15,2,12,52,0,2,0,1246459099570784423,8573429658977223675,4434230963341827711,9,1,2
7,15,3,56,61,0,8,0,1246459099570784423,8573429658977223675,4434230963341827711,9,1,2
7,15,4,10,76,0,2,0,1246459099570784423,8573429658977223675,4434230963341827711,9,1,2
7,15,5,42,25,0,6,0,1246459099570784423,8573429658977223675,4434230963341827711,9,1,2
7,15,6,36,47,0,5,0,1246459099570784423,8573429658977223675,4434230963341827711,9,1,2
7,15,7,41,43,0,6,0,1246459099570784423,8573429658977223675,4434230963341827711,9,1,2
7,16,0,21,78,6,3,0,13757380427593768660,16866430827604891538,17474493720216315474,10,0,0
7,16,1,34,65,0,5,0,13757380427593768660,16866430827604891538,17474493720216315474,10,0,1
7,16,2,12,62,0,3,0,13757380427593768660,16866430827604891538,17474493720216315474,10,0,1
7,16,3,56,71,0,9,0,13757380427593768660,16866430827604891538,17474493720216315474,10,0,1
7,16,4,0,86,10,2,8,13757380427593768660,16866430827604891538,17474493720216315474,10,0,0
7,16,5,33,34,9,6,0,13757380427593768660,16866430827604891538,17474493720216315474,10,0,0
7,16,6,29,57,7,5,0,13757380427593768660,16866430827604891538,17474493720216315474,10,0,0
7,16,7,41,53,0,7,0,13757380427593768660,16866430827604891538,17474493720216315474,10,0,1
7,17,0,21,86,0,4,0,12347828478312255777,11760815442688086421,4078298330993839598,11,0,1
7,17,1,34,74,0,6,0,12347828478312255777,11760815442688086421,4078298330993839598,11,0,1
7,17,2,4,71,8,3,0,12347828478312255777,11760815442688086421,4078298330993839598,11,0,0
7,17,3,56,80,0,10,0,12347828478312255777,11760815442688086421,4078298330993839598,11,0,1
7,17,4,0,86,0,2,8,12347828478312255777,11760815442688086421,4078298330993839598,11,0,0
7,17,5,33,42,0,7,0,12347828478312255777,11760815442688086421,4078298330993839598,11,0,1
7,17,6,21,65,8,5,0,12347828478312255777,11760815442688086421,4078298330993839598,11,0,0
7,17,7,32,62,9,7,0,12347828478312255777,11760815442688086421,4078298330993839598,11,0,0
7,18,0,13,95,8,4,0,11742186298377048437,6247352728881019981,2691213724397979890,12,0,0
7,18,1,27,83,7,6,0,11742186298377048437,6247352728881019981,2691213724397979890,12,0,0
7,18,2,0,79,9,3,7,11742186298377048437,6247352728881019981,2691213724397979890,12,0,0
7,18,3,56,89,0,11,0,11742186298377048437,6247352728881019981,2691213724397979890,12,0,1
7,18,4,0,86,0,2,8,11742186298377048437,6247352728881019981,2691213724397979890,12,0,0
7,18,5,24,47,9,7,0,11742186298377048437,6247352728881019981,2691213724397979890,12,0,0
7,18,6,21,73,0,6,0,11742186298377048437,6247352728881019981,2691213724397979890,12,0,1
7,18,7,32,70,0,8,0,11742186298377048437,6247352728881019981,2691213724397979890,12,0,1
7,19,0,3,103,10,4,0,4953832311456084718,834572011259185133,7320211329239874494,13,0,0
7,19,1,27,91,0,7,0,4953832311456084718,834572011259185133,7320211329239874494,13,0,1
7,19,2,0,79,0,3,7,4953832311456084718,834572011259185133,7320211329239874494,13,0,0
7,19,3,56,98,0,12,0,4953832311456084718,834572011259185133,7320211329239874494,13,0,1
7,19,4,0,86,0,2,8,4953832311456084718,834572011259185133,7320211329239874494,13,0,0
7,19,5,15,55,9,7,0,4953832311456084718,834572011259185133,7320211329239874494,13,0,0
7,19,6,10,82,11,6,0,4953832311456084718,834572011259185133,7320211329239874494,13,0,0
7,19,7,32,79,0,9,0,4953832311456084718,834572011259185133,7320211329239874494,13,0,1
7,20,0,3,108,0,4,0,3308693743895308783,13775443764035776680,1805649086968028041,13,1,2
7,20,1,27,98,0,7,0,3308693743895308783,13775443764035776680,1805649086968028041,13,1,2
7,20,2,0,79,0,3,7,3308693743895308783,13775443764035776680,1805649086968028041,13,1,0
7,20,3,56,107,0,12,0,3308693743895308783,13775443764035776680,1805649086968028041,13,1,2
7,20,4,0,86,0,2,8,3308693743895308783,13775443764035776680,1805649086968028041,13,1,0
7,20,5,13,63,2,7,0,3308693743895308783,13775443764035776680,1805649086968028041,13,1,0
7,20,6,10,90,0,6,0,3308693743895308783,13775443764035776680,1805649086968028041,13,1,2
7,20,7,32,88,0,9,0,3308693743895308783,13775443764035776680,1805649086968028041,13,1,2
7,21,0,0,118,7,4,6,8295496445336091209,3908094539569110767,5580736266591011441,14,0,0
7,21,1,27,108,0,8,0,8295496445336091209,3908094539569110767,5580736266591011441,14,0,1
7,21,2,0,79,0,3,7,8295496445336091209,3908094539569110767,5580736266591011441,14,0,0
7,21,3,56,117,0,13,0,8295496445336091209,3908094539569110767,5580736266591011441,14,0,1
7,21,4,0,86,0,2,8,8295496445336091209,3908094539569110767,5580736266591011441,14,0,0
7,21,5,13,71,0,8,0,8295496445336091209,3908094539569110767,5580736266591011441,14,0,1
7,21,6,2,100,8,6,0,8295496445336091209,3908094539569110767,5580736266591011441,14,0,0
7,21,7,23,98,9,9,0,8295496445336091209,3908094539569110767,5580736266591011441,14,0,0
7,22,0,0,118,0,4,6,1397852638235840983,18199722494708183712,13355096734609726041,15,0,0
7,22,1,19,117,8,8,0,1397852638235840983,18199722494708183712,13355096734609726041,15,0,0
7,22,2,0,79,0,3,7,1397852638235840983,18199722494708183712,13355096734609726041,15,0,0
7,22,3,56,126,0,14,0,1397852638235840983,18199722494708183712,13355096734609726041,15,0,1
7,22,4,0,86,0,2,8,1397852638235840983,18199722494708183712,13355096734609726041,15,0,0
7,22,5,13,80,0,9,0,1397852638235840983,18199722494708183712,13355096734609726041,15,0,1
7,22,6,0,108,9,6,5,1397852638235840983,18199722494708183712,13355096734609726041,15,0,0
7,22,7,23,106,0,10,0,1397852638235840983,18199722494708183712,13355096734609726041,15,0,1
7,23,0,0,118,0,4,6,4025370306536161624,15105254084140751772,13952467298448813983,16,0,0
7,23,1,19,125,0,9,0,4025370306536161624,15105254084140751772,13952467298448813983,16,0,1
7,23,2,0,79,0,3,7,4025370306536161624,15105254084140751772,13952467298448813983,16,0,0
7,23,3,56,135,0,15,0,4025370306536161624,15105254084140751772,13952467298448813983,16,0,1
7,23,4,0,86,0,2,8,4025370306536161624,15105254084140751772,13952467298448813983,16,0,0
7,23,5,3,89,10,9,0,4025370306536161624,15105254084140751772,13952467298448813983,16,0,0
7,23,6,0,108,0,6,5,4025370306536161624,15105254084140751772,13952467298448813983,16,0,0
7,23,7,14,115,9,10,0,4025370306536161624,15105254084140751772,13952467298448813983,16,0,0
7,24,0,0,118,0,4,6,10885380720311526683,16292181495954224194,4549189128607498535,17,0,0
7,24,1,9,134,10,9,0,10885380720311526683,16292181495954224194,4549189128607498535,17,0,0
7,24,2,0,79,0,3,7,10885380720311526683,16292181495954224194,4549189128607498535,17,0,0
7,24,3,56,144,0,16,0,10885380720311526683,16292181495954224194,4549189128607498535,17,0,1
7,24,4,0,86,0,2,8,10885380720311526683,16292181495954224194,4549189128607498535,17,0,0
7,24,5,3,97,0,10,0,10885380720311526683,16292181495954224194,4549189128607498535,17,0,1
7,24,6,0,108,0,6,5,10885380720311526683,16292181495954224194,4549189128607498535,17,0,0
7,24,7,6,123,8,10,0,10885380720311526683,16292181495954224194,4549189128607498535,17,0,0
7,25,0,0,118,0,4,6,2500550413971031161,12300186312330990241,12596883221772058489,17,1,0
7,25,1,9,142,0,9,0,2500550413971031161,12300186312330990241,12596883221772058489,17,1,2
7,25,2,0,79,0,3,7,2500550413971031161,12300186312330990241,12596883221772058489,17,1,0
7,25,3,56,153,0,16,0,2500550413971031161,12300186312330990241,12596883221772058489,17,1,2
7,25,4,0,86,0,2,8,2500550413971031161,12300186312330990241,12596883221772058489,17,1,0
7,25,5,3,106,0,10,0,2500550413971031161,12300186312330990241,12596883221772058489,17,1,2
7,25,6,0,108,0,6,5,2500550413971031161,12300186312330990241,12596883221772058489,17,1,0
7,25,7,6,131,0,10,0,2500550413971031161,12300186312330990241,12596883221772058489,17,1,2
7,26,0,0,118,0,4,6,16360967018092544465,3785073145163964322,6442682966298435464,18,0,0
7,26,1,1,152,8,9,0,16360967018092544465,3785073145163964322,6442682966298435464,18,0,0
7,26,2,0,79,0,3,7,16360967018092544465,3785073145163964322,6442682966298435464,18,0,0
7,26,3,56,163,0,17,0,16360967018092544465,3785073145163964322,6442682966298435464,18,0,1
7,26,4,0,86,0,2,8,16360967018092544465,3785073145163964322,6442682966298435464,18,0,0
7,26,5,3,116,0,11,0,16360967018092544465,3785073145163964322,6442682966298435464,18,0,1
7,26,6,0,108,0,6,5,16360967018092544465,3785073145163964322,6442682966298435464,18,0,0
7,26,7,0,141,8,10,4,16360967018092544465,3785073145163964322,6442682966298435464,18,0,0
7,27,0,0,118,0,4,6,9564826848991714946,3195285751024617494,5585723299766918725,19,0,0
7,27,1,0,160,7,9,3,9564826848991714946,3195285751024617494,5585723299766918725,19,0,0
7,27,2,0,79,0,3,7,9564826848991714946,3195285751024617494,5585723299766918725,19,0,0
7,27,3,56,172,0,18,0,9564826848991714946,3195285751024617494,5585723299766918725,19,0,1
7,27,4,0,86,0,2,8,9564826848991714946,3195285751024617494,5585723299766918725,19,0,0
7,27,5,3,125,0,12,0,9564826848991714946,3195285751024617494,5585723299766918725,19,0,1
7,27,6,0,108,0,6,5,9564826848991714946,3195285751024617494,5585723299766918725,19,0,0
7,27,7,0,141,0,10,4,9564826848991714946,3195285751024617494,5585723299766918725,19,0,0
7,28,0,0,118,0,4,6,10166090839660961177,13408102682954570138,14376522947981307677,20,0,0
7,28,1,0,160,0,9,3,10166090839660961177,13408102682954570138,14376522947981307677,20,0,0
7,28,2,0,79,0,3,7,10166090839660961177,13408102682954570138,14376522947981307677,20,0,0
7,28,3,56,181,0,19,1,10166090839660961177,13408102682954570138,14376522947981307677,20,0,1
7,28,4,0,86,0,2,8,10166090839660961177,13408102682954570138,14376522947981307677,20,0,0
7,28,5,0,134,10,12,2,10166090839660961177,13408102682954570138,14376522947981307677,20,0,0
7,28,6,0,108,0,6,5,10166090839660961177,13408102682954570138,14376522947981307677,20,0,0
7,28,7,0,141,0,10,4,10166090839660961177,13408102682954570138,14376522947981307677,20,0,0
8,1,0,60,1,0,0,0,11063295454215091575,14295467503643261265,13485845879764838724,0,1,2
8,1,1,60,0,0,0,0,11063295454215091575,14295467503643261265,13485845879764838724,0,1,2
8,1,2,60,1,0,0,0,11063295454215091575,14295467503643261265,13485845879764838724,0,1,2
8,1,3,60,1,0,0,0,11063295454215091575,14295467503643261265,13485845879764838724,0,1,2
8,1,4,60,1,0,0,0,11063295454215091575,14295467503643261265,13485845879764838724,0,1,2
8,1,5,60,0,0,0,0,11063295454215091575,14295467503643261265,13485845879764838724,0,1,2
8,1,6,60,0,0,0,0,11063295454215091575,14295467503643261265,13485845879764838724,0,1,2
8,1,7,60,0,0,0,0,11063295454215091575,14295467503643261265,13485845879764838724,0,1,2
8,2,0,60,2,0,0,0,13188781026627635456,4157946583869774217,18286525680103341126,0,1,2
8,2,1,60,1,0,0,0,13188781026627635456,4157946583869774217,18286525680103341126,0,1,2
8,2,2,60,1,0,0,0,13188781026627635456,4157946583869774217,18286525680103341126,0,1,2
8,2,3,60,0,0,0,0,13188781026627635456,4157946583869774217,18286525680103341126,0,1,2
8,2,4,60,2,0,0,0,13188781026627635456,4157946583869774217,18286525680103341126,0,1,2
8,2,5,60,0,0,0,0,13188781026627635456,4157946583869774217,18286525680103341126,0,1,2
8,2,6,60,3,0,0,0,13188781026627635456,4157946583869774217,18286525680103341126,0,1,2
8,2,7,60,3,0,0,0,13188781026627635456,4157946583869774217,18286525680103341126,0,1,2
8,3,0,60,0,0,0,0,9922829705598132264,15170659218515476091,4819814283105853838,0,1,2
8,3,1,60,3,0,0,0,9922829705598132264,15170659218515476091,4819814283105853838,0,1,2
8,3,2,60,2,0,0,0,9922829705598132264,15170659218515476091,4819814283105853838,0,1,2
8,3,3,60,0,0,0,0,9922829705598132264,15170659218515476091,4819814283105853838,0,1,2
8,3,4,60,0,0,0,0,9922829705598132264,15170659218515476091,4819814283105853838,0,1,2
8,3,5,60,0,0,0,0,9922829705598132264,15170659218515476091,4819814283105853838,0,1,2
8,3,6,60,1,0,0,0,9922829705598132264,15170659218515476091,4819814283105853838,0,1,2
8,3,7,60,4,0,0,0,9922829705598132264,15170659218515476091,4819814283105853838,0,1,2
8,4,0,60,5,0,1,0,4402001451707453800,17157419165040289839,7658117966374415975,1,0,1
8,4,1,57,5,3,0,0,4402001451707453800,17157419165040289839,7658117966374415975,1,0,0
8,4,2,56,7,4,0,0,4402001451707453800,17157419165040289839,7658117966374415975,1,0,0
8,4,3,60,2,0,1,0,4402001451707453800,17157419165040289839,7658117966374415975,1,0,1
8,4,4,60,2,0,1,0,4402001451707453800,17157419165040289839,7658117966374415975,1,0,1
8,4,5,60,5,0,1,0,4402001451707453800,17157419165040289839,7658117966374415975,1,0,1
8,4,6,56,2,4,0,0,4402001451707453800,17157419165040289839,7658117966374415975,1,0,0
8,4,7,55,11,5,0,0,4402001451707453800,17157419165040289839,7658117966374415975,1,0,0
8,5,0,60,10,0,1,0,12858837453389850758,18393726035337585438,13539257257116766723,1,1,2
8,5,1,57,10,0,0,0,12858837453389850758,18393726035337585438,13539257257116766723,1,1,2
8,5,2,56,10,0,0,0,12858837453389850758,18393726035337585438,13539257257116766723,1,1,2
8,5,3,60,4,0,1,0,12858837453389850758,18393726035337585438,13539257257116766723,1,1,2
8,5,4,60,6,0,1,0,12858837453389850758,18393726035337585438,13539257257116766723,1,1,2
8,5,5,60,11,0,1,0,12858837453389850758,18393726035337585438,13539257257116766723,1,1,2
8,5,6,56,10,0,0,0,12858837453389850758,18393726035337585438,13539257257116766723,1,1,2
8,5,7,55,11,0,0,0,12858837453389850758,18393726035337585438,13539257257116766723,1,1,2
8,6,0,53,11,7,1,0,15054385050133032360,2282958063512418671,5363323254281348937,2,0,0
8,6,1,53,15,4,0,0,15054385050133032360,2282958063512418671,5363323254281348937,2,0,0
8,6,2,56,15,0,1,0,15054385050133032360,2282958063512418671,5363323254281348937,2,0,1
8,6,3,60,11,0,2,0,15054385050133032360,2282958063512418671,5363323254281348937,2,0,1
8,6,4,60,13,0,2,0,15054385050133032360,2282958063512418671,5363323254281348937,2,0,1
8,6,5,60,9,0,2,0,15054385050133032360,2282958063512418671,5363323254281348937,2,0,1
8,6,6,52,15,4,0,0,15054385050133032360,2282958063512418671,5363323254281348937,2,0,0
8,6,7,50,17,5,0,0,15054385050133032360,2282958063512418671,5363323254281348937,2,0,0
8,7,0,53,10,0,2,0,15951558897492754767,10818892288312441898,5900936026821176126,3,0,1
8,7,1,53,10,0,1,0,15951558897492754767,10818892288312441898,5900936026821176126,3,0,1
8,7,2,50,11,6,1,0,15951558897492754767,10818892288312441898,5900936026821176126,3,0,0
8,7,3,60,7,0,3,0,15951558897492754767,10818892288312441898,5900936026821176126,3,0,1
8,7,4,57,14,3,2,0,15951558897492754767,10818892288312441898,5900936026821176126,3,0,0
8,7,5,60,11,0,3,0,15951558897492754767,10818892288312441898,5900936026821176126,3,0,1
8,7,6,46,16,6,0,0,15951558897492754767,10818892288312441898,5900936026821176126,3,0,0
8,7,7,44,11,6,0,0,15951558897492754767,10818892288312441898,5900936026821176126,3,0,0
8,8,0,48,15,5,2,0,4015318721836918250,15573326451303297414,4221311902361121360,4,0,0
8,8,1,53,10,0,2,0,4015318721836918250,15573326451303297414,4221311902361121360,4,0,1
8,8,2,44,11,6,1,0,4015318721836918250,15573326451303297414,4221311902361121360,4,0,0
8,8,3,60,6,0,4,0,4015318721836918250,15573326451303297414,4221311902361121360,4,0,1
8,8,4,57,20,0,3,0,4015318721836918250,15573326451303297414,4221311902361121360,4,0,1
8,8,5,56,11,4,3,0,4015318721836918250,15573326451303297414,4221311902361121360,4,0,0
8,8,6,46,22,0,1,0,4015318721836918250,15573326451303297414,4221311902361121360,4,0,1
8,8,7,41,17,3,0,0,4015318721836918250,15573326451303297414,4221311902361121360,4,0,0
8,9,0,40,21,8,2,0,10829859338688010585,14953526962020177132,17123761025558530662,5,0,0
8,9,1,47,15,6,2,0,10829859338688010585,14953526962020177132,17123761025558530662,5,0,0
8,9,2,44,10,0,2,0,10829859338688010585,14953526962020177132,17123761025558530662,5,0,1
8,9,3,60,11,0,5,0,10829859338688010585,14953526962020177132,17123761025558530662,5,0,1
8,9,4,49,28,8,3,0,10829859338688010585,14953526962020177132,17123761025558530662,5,0,0
8,9,5,56,10,0,4,0,10829859338688010585,14953526962020177132,17123761025558530662,5,0,1
8,9,6,46,22,0,2,0,10829859338688010585,14953526962020177132,17123761025558530662,5,0,1
8,9,7,34,23,7,0,0,10829859338688010585,14953526962020177132,17123761025558530662,5,0,0
8,10,0,40,26,0,2,0,15285055039720747,5915454919193296349,6799176708922102584,5,1,2
8,10,1,47,21,0,2,0,15285055039720747,5915454919193296349,6799176708922102584,5,1,2
8,10,2,44,13,0,2,0,15285055039720747,5915454919193296349,6799176708922102584,5,1,2
8,10,3,60,16,0,5,0,15285055039720747,5915454919193296349,6799176708922102584,5,1,2
8,10,4,49,35,0,3,0,15285055039720747,5915454919193296349,6799176708922102584,5,1,2
8,10,5,56,9,0,4,0,15285055039720747,5915454919193296349,6799176708922102584,5,1,2
8,10,6,46,30,0,2,0,15285055039720747,5915454919193296349,6799176708922102584,5,1,2
8,10,7,34,30,0,0,0,15285055039720747,5915454919193296349,6799176708922102584,5,1,2
8,11,0,32,35,8,2,0,15923217632571908643,10289771912716413185,3636129814568426534,6,0,0
8,11,1,47,30,0,3,0,15923217632571908643,10289771912716413185,3636129814568426534,6,0,1
8,11,2,44,21,0,3,0,15923217632571908643,10289771912716413185,3636129814568426534,6,0,1
8,11,3,60,24,0,6,0,15923217632571908643,10289771912716413185,3636129814568426534,6,0,1
8,11,4,42,45,7,3,0,15923217632571908643,10289771912716413185,3636129814568426534,6,0,0
8,11,5,50,10,6,4,0,15923217632571908643,10289771912716413185,3636129814568426534,6,0,0
8,11,6,46,37,0,3,0,15923217632571908643,10289771912716413185,3636129814568426534,6,0,1
8,11,7,26,40,8,0,0,15923217632571908643,10289771912716413185,3636129814568426534,6,0,0
8,12,0,24,43,8,2,0,3329995095663197225,6311296967447039981,12473296864997398416,7,0,0
8,12,1,47,39,0,4,0,3329995095663197225,6311296967447039981,12473296864997398416,7,0,1
8,12,2,36,26,8,3,0,3329995095663197225,6311296967447039981,12473296864997398416,7,0,0
8,12,3,60,32,0,7,0,3329995095663197225,6311296967447039981,12473296864997398416,7,0,1
8,12,4,33,53,9,3,0,3329995095663197225,6311296967447039981,12473296864997398416,7,0,0
8,12,5,50,10,0,5,0,3329995095663197225,6311296967447039981,12473296864997398416,7,0,1
8,12,6,46,46,0,4,0,3329995095663197225,6311296967447039981,12473296864997398416,7,0,1
8,12,7,16,48,10,0,0,3329995095663197225,6311296967447039981,12473296864997398416,7,0,0
8,13,0,15,51,9,2,0,116271317073302598,1185480989379231534,17258809810601297343,8,0,0
8,13,1,47,48,0,5,0,116271317073302598,1185480989379231534,17258809810601297343,8,0,1
8,13,2,30,31,6,3,0,116271317073302598,1185480989379231534,17258809810601297343,8,0,0
8,13,3,60,41,0,8,0,116271317073302598,1185480989379231534,17258809810601297343,8,0,1
8,13,4,23,61,10,3,0,116271317073302598,1185480989379231534,17258809810601297343,8,0,0
8,13,5,50,14,0,6,0,116271317073302598,1185480989379231534,17258809810601297343,8,0,1
8,13,6,46,55,0,5,0,116271317073302598,1185480989379231534,17258809810601297343,8,0,1
8,13,7,8,52,8,0,0,116271317073302598,1185480989379231534,17258809810601297343,8,0,0
8,14,0,8,59,7,2,0,13926712953596053708,3653708091449855416,3015287714378147616,9,0,0
8,14,1,39,57,8,5,0,13926712953596053708,3653708091449855416,3015287714378147616,9,0,0
8,14,2,24,39,6,3,0,13926712953596053708,3653708091449855416,3015287714378147616,9,0,0
8,14,3,60,50,0,9,0,13926712953596053708,3653708091449855416,3015287714378147616,9,0,1
8,14,4,23,69,0,4,0,13926712953596053708,3653708091449855416,3015287714378147616,9,0,1
8,14,5,50,21,0,7,0,13926712953596053708,3653708091449855416,3015287714378147616,9,0,1
8,14,6,46,56,0,6,0,13926712953596053708,3653708091449855416,3015287714378147616,9,0,1
8,14,7,0,60,9,0,8,13926712953596053708,3653708091449855416,3015287714378147616,9,0,0
8,15,0,8,67,0,2,0,6162930301144967649,9382620070756412257,12183606263533111318,9,1,2
8,15,1,39,65,0,5,0,6162930301144967649,9382620070756412257,12183606263533111318,9,1,2
8,15,2,24,44,0,3,0,6162930301144967649,9382620070756412257,12183606263533111318,9,1,2
8,15,3,60,53,0,9,0,6162930301144967649,9382620070756412257,12183606263533111318,9,1,2
8,15,4,23,78,0,4,0,6162930301144967649,9382620070756412257,12183606263533111318,9,1,2
8,15,5,50,27,0,7,0,6162930301144967649,9382620070756412257,12183606263533111318,9,1,2
8,15,6,46,65,0,6,0,6162930301144967649,9382620070756412257,12183606263533111318,9,1,2
8,15,7,0,60,0,0,8,6162930301144967649,9382620070756412257,12183606263533111318,9,1,0
8,16,0,0,77,10,2,7,8100018184503357706,14391924734964408245,5297180017013408069,10,0,0
8,16,1,30,75,9,5,0,8100018184503357706,14391924734964408245,5297180017013408069,10,0,0
8,16,2,24,54,0,4,0,8100018184503357706,14391924734964408245,5297180017013408069,10,0,1
8,16,3,60,63,0,10,0,8100018184503357706,14391924734964408245,5297180017013408069,10,0,1
8,16,4,13,88,10,4,0,8100018184503357706,14391924734964408245,5297180017013408069,10,0,0
8,16,5,42,36,8,7,0,8100018184503357706,14391924734964408245,5297180017013408069,10,0,0
8,16,6,46,75,0,7,0,8100018184503357706,14391924734964408245,5297180017013408069,10,0,1
8,16,7,0,60,0,0,8,8100018184503357706,14391924734964408245,5297180017013408069,10,0,0
8,17,0,0,77,0,2,7,2330691862351777384,3608345304667568410,1874275010784932620,11,0,0
8,17,1,23,83,7,5,0,2330691862351777384,3608345304667568410,1874275010784932620,11,0,0
8,17,2,24,63,0,5,0,2330691862351777384,3608345304667568410,1874275010784932620,11,0,1
8,17,3,54,72,6,10,0,2330691862351777384,3608345304667568410,1874275010784932620,11,0,0
8,17,4,4,96,9,4,0,2330691862351777384,3608345304667568410,1874275010784932620,11,0,0
8,17,5,42,44,0,8,0,2330691862351777384,3608345304667568410,1874275010784932620,11,0,1
8,17,6,46,84,0,8,0,2330691862351777384,3608345304667568410,1874275010784932620,11,0,1
8,17,7,0,60,0,0,8,2330691862351777384,3608345304667568410,1874275010784932620,11,0,0
8,18,0,0,77,0,2,7,8996249208586615889,17781174517965431828,859827132611293138,12,0,0
8,18,1,23,91,0,6,0,8996249208586615889,17781174517965431828,859827132611293138,12,0,1
8,18,2,18,72,6,5,0,8996249208586615889,17781174517965431828,859827132611293138,12,0,0
8,18,3,48,80,6,10,0,8996249208586615889,17781174517965431828,859827132611293138,12,0,0
8,18,4,0,104,7,4,6,8996249208586615889,17781174517965431828,859827132611293138,12,0,0
8,18,5,42,47,0,9,0,8996249208586615889,17781174517965431828,859827132611293138,12,0,1
8,18,6,46,93,0,9,0,8996249208586615889,17781174517965431828,859827132611293138,12,0,1
8,18,7,0,60,0,0,8,8996249208586615889,17781174517965431828,859827132611293138,12,0,0
8,19,0,0,77,0,2,7,4903509515966268686,16368954235901893763,856484553331329324,13,0,0
8,19,1,13,98,10,6,0,4903509515966268686,16368954235901893763,856484553331329324,13,0,0
8,19,2,9,80,9,5,0,4903509515966268686,16368954235901893763,856484553331329324,13,0,0
8,19,3,48,88,0,11,0,4903509515966268686,16368954235901893763,856484553331329324,13,0,1
8,19,4,0,104,0,4,6,4903509515966268686,16368954235901893763,856484553331329324,13,0,0
8,19,5,42,56,0,10,0,4903509515966268686,16368954235901893763,856484553331329324,13,0,1
8,19,6,46,102,0,10,0,4903509515966268686,16368954235901893763,856484553331329324,13,0,1
8,19,7,0,60,0,0,8,4903509515966268686,16368954235901893763,856484553331329324,13,0,0
8,20,0,0,77,0,2,7,18120462892032947447,9658377764408943041,12961716199456202069,13,1,0
8,20,1,11,106,2,6,0,18120462892032947447,9658377764408943041,12961716199456202069,13,1,0
8,20,2,9,88,0,5,0,18120462892032947447,9658377764408943041,12961716199456202069,13,1,2
8,20,3,48,97,0,11,0,18120462892032947447,9658377764408943041,12961716199456202069,13,1,2
8,20,4,0,104,0,4,6,18120462892032947447,9658377764408943041,12961716199456202069,13,1,0
8,20,5,42,65,0,10,0,18120462892032947447,9658377764408943041,12961716199456202069,13,1,2
8,20,6,46,111,0,10,0,18120462892032947447,9658377764408943041,12961716199456202069,13,1,2
8,20,7,0,60,0,0,8,18120462892032947447,9658377764408943041,12961716199456202069,13,1,0
8,21,0,0,77,0,2,7,6708585030690744492,12728108272764219217,11791387379911458296,14,0,0
8,21,1,3,111,8,6,0,6708585030690744492,12728108272764219217,11791387379911458296,14,0,0
8,21,2,9,98,0,6,0,6708585030690744492,12728108272764219217,11791387379911458296,14,0,1
8,21,3,38,107,10,11,0,6708585030690744492,12728108272764219217,11791387379911458296,14,0,0
8,21,4,0,104,0,4,6,6708585030690744492,12728108272764219217,11791387379911458296,14,0,0
8,21,5,42,75,0,11,0,6708585030690744492,12728108272764219217,11791387379911458296,14,0,1
8,21,6,38,117,8,10,0,6708585030690744492,12728108272764219217,11791387379911458296,14,0,0
8,21,7,0,60,0,0,8,6708585030690744492,12728108272764219217,11791387379911458296,14,0,0
8,22,0,0,77,0,2,7,8874152835176014526,3870401757523346432,10124817218436485061,15,0,0
8,22,1,3,119,0,7,0,8874152835176014526,3870401757523346432,10124817218436485061,15,0,1
8,22,2,0,107,11,6,5,8874152835176014526,3870401757523346432,10124817218436485061,15,0,0
8,22,3,38,115,0,12,0,8874152835176014526,3870401757523346432,10124817218436485061,15,0,1
8,22,4,0,104,0,4,6,8874152835176014526,3870401757523346432,10124817218436485061,15,0,0
8,22,5,42,84,0,12,0,8874152835176014526,3870401757523346432,10124817218436485061,15,0,1
8,22,6,30,125,8,10,0,8874152835176014526,3870401757523346432,10124817218436485061,15,0,0
8,22,7,0,60,0,0,8,8874152835176014526,3870401757523346432,10124817218436485061,15,0,0
8,23,0,0,77,0,2,7,10851812992525224109,3886363454207306835,9763394983770391726,16,0,0
8,23,1,0,128,8,7,4,10851812992525224109,3886363454207306835,9763394983770391726,16,0,0
8,23,2,0,107,0,6,5,10851812992525224109,3886363454207306835,9763394983770391726,16,0,0
8,23,3,38,124,0,13,0,10851812992525224109,3886363454207306835,9763394983770391726,16,0,1
8,23,4,0,104,0,4,6,10851812992525224109,3886363454207306835,9763394983770391726,16,0,0
8,23,5,42,93,0,13,0,10851812992525224109,3886363454207306835,9763394983770391726,16,0,1
8,23,6,19,133,11,10,0,10851812992525224109,3886363454207306835,9763394983770391726,16,0,0
8,23,7,0,60,0,0,8,10851812992525224109,3886363454207306835,9763394983770391726,16,0,0
8,24,0,0,77,0,2,7,3653612529479865796,12792776855227728688,13626373620707748486,17,0,0
8,24,1,0,128,0,7,4,3653612529479865796,12792776855227728688,13626373620707748486,17,0,0
8,24,2,0,107,0,6,5,3653612529479865796,12792776855227728688,13626373620707748486,17,0,0
8,24,3,29,133,9,13,0,3653612529479865796,12792776855227728688,13626373620707748486,17,0,0
8,24,4,0,104,0,4,6,3653612529479865796,12792776855227728688,13626373620707748486,17,0,0
8,24,5,42,102,0,14,0,3653612529479865796,12792776855227728688,13626373620707748486,17,0,1
8,24,6,10,141,9,10,0,3653612529479865796,12792776855227728688,13626373620707748486,17,0,0
8,24,7,0,60,0,0,8,3653612529479865796,12792776855227728688,13626373620707748486,17,0,0
8,25,0,0,77,0,2,7,7172481543603746574,3155956686110388815,13473502588337133625,17,1,0
8,25,1,0,128,0,7,4,7172481543603746574,3155956686110388815,13473502588337133625,17,1,0
8,25,2,0,107,0,6,5,7172481543603746574,3155956686110388815,13473502588337133625,17,1,0
8,25,3,29,141,0,13,0,7172481543603746574,3155956686110388815,13473502588337133625,17,1,2
8,25,4,0,104,0,4,6,7172481543603746574,3155956686110388815,13473502588337133625,17,1,0
8,25,5,42,111,0,14,0,7172481543603746574,3155956686110388815,13473502588337133625,17,1,2
8,25,6,8,149,2,10,0,7172481543603746574,3155956686110388815,13473502588337133625,17,1,0
8,25,7,0,60,0,0,8,7172481543603746574,3155956686110388815,13473502588337133625,17,1,0
8,26,0,0,77,0,2,7,2989982655798283424,3958346903408558859,15024593634846036080,18,0,0
8,26,1,0,128,0,7,4,2989982655798283424,3958346903408558859,15024593634846036080,18,0,0
8,26,2,0,107,0,6,5,2989982655798283424,3958346903408558859,15024593634846036080,18,0,0
8,26,3,29,151,0,14,0,2989982655798283424,3958346903408558859,15024593634846036080,18,0,1
8,26,4,0,104,0,4,6,2989982655798283424,3958346903408558859,15024593634846036080,18,0,0
8,26,5,42,121,0,15,0,2989982655798283424,3958346903408558859,15024593634846036080,18,0,1
8,26,6,1,157,7,10,0,2989982655798283424,3958346903408558859,15024593634846036080,18,0,0
8,26,7,0,60,0,0,8,2989982655798283424,3958346903408558859,15024593634846036080,18,0,0
8,27,0,0,77,0,2,7,8971943462122677974,6584330238574387345,5365585914782916835,19,0,0
8,27,1,0,128,0,7,4,8971943462122677974,6584330238574387345,5365585914782916835,19,0,0
8,27,2,0,107,0,6,5,8971943462122677974,6584330238574387345,5365585914782916835,19,0,0
8,27,3,22,160,7,14,0,8971943462122677974,6584330238574387345,5365585914782916835,19,0,0
8,27,4,0,104,0,4,6,8971943462122677974,6584330238574387345,5365585914782916835,19,0,0
8,27,5,42,130,0,16,0,8971943462122677974,6584330238574387345,5365585914782916835,19,0,1
8,27,6,0,165,9,10,3,8971943462122677974,6584330238574387345,5365585914782916835,19,0,0
8,27,7,0,60,0,0,8,8971943462122677974,6584330238574387345,5365585914782916835,19,0,0
8,28,0,0,77,0,2,7,11127466862731395447,4686599047763113272,10106936691698413250,20,0,0
8,28,1,0,128,0,7,4,11127466862731395447,4686599047763113272,10106936691698413250,20,0,0
8,28,2,0,107,0,6,5,11127466862731395447,4686599047763113272,10106936691698413250,20,0,0
8,28,3,14,168,8,14,0,11127466862731395447,4686599047763113272,10106936691698413250,20,0,0
8,28,4,0,104,0,4,6,11127466862731395447,4686599047763113272,10106936691698413250,20,0,0
8,28,5,42,139,0,17,0,11127466862731395447,4686599047763113272,10106936691698413250,20,0,1
8,28,6,0,165,0,10,3,11127466862731395447,4686599047763113272,10106936691698413250,20,0,0
8,28,7,0,60,0,0,8,11127466862731395447,4686599047763113272,10106936691698413250,20,0,0
8,29,0,0,77,0,2,7,17430331203397868639,9663357944957057152,11047255801821889846,21,0,0
8,29,1,0,128,0,7,4,17430331203397868639,9663357944957057152,11047255801821889846,21,0,0
8,29,2,0,107,0,6,5,17430331203397868639,9663357944957057152,11047255801821889846,21,0,0
8,29,3,4,176,10,14,0,17430331203397868639,9663357944957057152,11047255801821889846,21,0,0
8,29,4,0,104,0,4,6,17430331203397868639,9663357944957057152,11047255801821889846,21,0,0
8,29,5,42,148,0,18,0,17430331203397868639,9663357944957057152,11047255801821889846,21,0,1
8,29,6,0,165,0,10,3,17430331203397868639,9663357944957057152,11047255801821889846,21,0,0
8,29,7,0,60,0,0,8,17430331203397868639,9663357944957057152,11047255801821889846,21,0,0
8,30,0,0,77,0,2,7,5915548949506317863,13378149289985819765,8963661405381464856,21,1,0
8,30,1,0,128,0,7,4,5915548949506317863,13378149289985819765,8963661405381464856,21,1,0
8,30,2,0,107,0,6,5,5915548949506317863,13378149289985819765,8963661405381464856,21,1,0
8,30,3,2,184,2,14,0,5915548949506317863,13378149289985819765,8963661405381464856,21,1,0
8,30,4,0,104,0,4,6,5915548949506317863,13378149289985819765,8963661405381464856,21,1,0
8,30,5,42,157,0,18,0,5915548949506317863,13378149289985819765,8963661405381464856,21,1,2
8,30,6,0,165,0,10,3,5915548949506317863,13378149289985819765,8963661405381464856,21,1,0
8,30,7,0,60,0,0,8,5915548949506317863,13378149289985819765,8963661405381464856,21,1,0
8,31,0,0,77,0,2,7,12466185649156403016,14177114065625219531,4104919017284928186,22,0,0
8,31,1,0,128,0,7,4,12466185649156403016,14177114065625219531,4104919017284928186,22,0,0
8,31,2,0,107,0,6,5,12466185649156403016,14177114065625219531,4104919017284928186,22,0,0
8,31,3,2,192,0,15,0,12466185649156403016,14177114065625219531,4104919017284928186,22,0,1
8,31,4,0,104,0,4,6,12466185649156403016,14177114065625219531,4104919017284928186,22,0,0
8,31,5,35,167,7,18,0,12466185649156403016,14177114065625219531,4104919017284928186,22,0,0
8,31,6,0,165,0,10,3,12466185649156403016,14177114065625219531,4104919017284928186,22,0,0
8,31,7,0,60,0,0,8,12466185649156403016,14177114065625219531,4104919017284928186,22,0,0
8,32,0,0,77,0,2,7,10588548845012572977,11823202792128807642,17900423237339215972,23,0,0
8,32,1,0,128,0,7,4,10588548845012572977,11823202792128807642,17900423237339215972,23,0,0
8,32,2,0,107,0,6,5,10588548845012572977,11823202792128807642,17900423237339215972,23,0,0
8,32,3,0,201,8,15,2,10588548845012572977,11823202792128807642,17900423237339215972,23,0,0
8,32,4,0,104,0,4,6,10588548845012572977,11823202792128807642,17900423237339215972,23,0,0
8,32,5,35,175,0,19,1,10588548845012572977,11823202792128807642,17900423237339215972,23,0,1
8,32,6,0,165,0,10,3,10588548845012572977,11823202792128807642,17900423237339215972,23,0,0
8,32,7,0,60,0,0,8,10588548845012572977,11823202792128807642,17900423237339215972,23,0,0
9,1,0,60,0,0,0,0,7509004621913664307,6106655256385555136,16302080821908907047,0,1,2
9,1,1,60,0,0,0,0,7509004621913664307,6106655256385555136,16302080821908907047,0,1,2
9,1,2,60,1,0,0,0,7509004621913664307,6106655256385555136,16302080821908907047,0,1,2
9,1,3,60,1,0,0,0,7509004621913664307,6106655256385555136,16302080821908907047,0,1,2
9,1,4,60,0,0,0,0,7509004621913664307,6106655256385555136,16302080821908907047,0,1,2
9,1,5,60,1,0,0,0,7509004621913664307,6106655256385555136,16302080821908907047,0,1,2
9,1,6,60,1,0,0,0,7509004621913664307,6106655256385555136,16302080821908907047,0,1,2
9,1,7,60,0,0,0,0,7509004621913664307,6106655256385555136,16302080821908907047,0,1,2
9,2,0,60,0,0,0,0,5801988391142760597,1675240610849655283,5014886439817511315,0,1,2
9,2,1,60,5,0,0,0,5801988391142760597,1675240610849655283,5014886439817511315,0,1,2
9,2,2,60,4,0,0,0,5801988391142760597,1675240610849655283,5014886439817511315,0,1,2
9,2,3,60,2,0,0,0,5801988391142760597,1675240610849655283,5014886439817511315,0,1,2
9,2,4,60,1,0,0,0,5801988391142760597,1675240610849655283,5014886439817511315,0,1,2
9,2,5,60,6,0,0,0,5801988391142760597,1675240610849655283,5014886439817511315,0,1,2
9,2,6,60,2,0,0,0,5801988391142760597,1675240610849655283,5014886439817511315,0,1,2
9,2,7,60,1,0,0,0,5801988391142760597,1675240610849655283,5014886439817511315,0,1,2
9,3,0,60,0,0,0,0,18354973811973706861,7962219252111597198,9447633947184366001,0,1,2
9,3,1,60,2,0,0,0,18354973811973706861,7962219252111597198,9447633947184366001,0,1,2
9,3,2,60,6,0,0,0,18354973811973706861,7962219252111597198,9447633947184366001,0,1,2
9,3,3,60,1,0,0,0,18354973811973706861,7962219252111597198,9447633947184366001,0,1,2
9,3,4,60,0,0,0,0,18354973811973706861,7962219252111597198,9447633947184366001,0,1,2
9,3,5,60,7,0,0,0,18354973811973706861,7962219252111597198,9447633947184366001,0,1,2
9,3,6,60,0,0,0,0,18354973811973706861,7962219252111597198,9447633947184366001,0,1,2
9,3,7,60,0,0,0,0,18354973811973706861,7962219252111597198,9447633947184366001,0,1,2
9,4,0,60,4,0,1,0,13888194885894687379,14600105210660941627,625459761027752804,1,0,1
9,4,1,55,4,5,0,0,13888194885894687379,14600105210660941627,625459761027752804,1,0,0
9,4,2,60,11,0,1,0,13888194885894687379,14600105210660941627,625459761027752804,1,0,1
9,4,3,60,2,0,1,0,13888194885894687379,14600105210660941627,625459761027752804,1,0,1
9,4,4,54,3,6,0,0,13888194885894687379,14600105210660941627,625459761027752804,1,0,0
9,4,5,60,8,0,1,0,13888194885894687379,14600105210660941627,625459761027752804,1,0,1
9,4,6,55,6,5,0,0,13888194885894687379,14600105210660941627,625459761027752804,1,0,0
9,4,7,53,6,7,0,0,13888194885894687379,14600105210660941627,625459761027752804,1,0,0
9,5,0,60,11,0,1,0,16636684668300413128,16207570206583913503,3216432296564010037,1,1,2
9,5,1,55,10,0,0,0,16636684668300413128,16207570206583913503,3216432296564010037,1,1,2
9,5,2,60,11,0,1,0,16636684668300413128,16207570206583913503,3216432296564010037,1,1,2
9,5,3,60,3,0,1,0,16636684668300413128,16207570206583913503,3216432296564010037,1,1,2
9,5,4,54,7,0,0,0,16636684668300413128,16207570206583913503,3216432296564010037,1,1,2
9,5,5,60,11,0,1,0,16636684668300413128,16207570206583913503,3216432296564010037,1,1,2
9,5,6,55,11,0,0,0,16636684668300413128,16207570206583913503,3216432296564010037,1,1,2
9,5,7,53,10,0,0,0,16636684668300413128,16207570206583913503,3216432296564010037,1,1,2
9,6,0,54,12,6,1,0,11228211220809062808,14891153767927416194,1677660922334431880,2,0,0
9,6,1,55,14,0,1,0,11228211220809062808,14891153767927416194,1677660922334431880,2,0,1
9,6,2,60,10,0,2,0,11228211220809062808,14891153767927416194,1677660922334431880,2,0,1
9,6,3,55,10,5,1,0,11228211220809062808,14891153767927416194,1677660922334431880,2,0,0
9,6,4,54,14,0,1,0,11228211220809062808,14891153767927416194,1677660922334431880,2,0,1
9,6,5,56,10,4,1,0,11228211220809062808,14891153767927416194,1677660922334431880,2,0,0
9,6,6,50,18,5,0,0,11228211220809062808,14891153767927416194,1677660922334431880,2,0,0
9,6,7,53,10,0,1,0,11228211220809062808,14891153767927416194,1677660922334431880,2,0,1
9,7,0,54,11,0,2,0,17301589475267615907,14339688706119378679,7255938715417411287,3,0,1
9,7,1,52,13,3,1,0,17301589475267615907,14339688706119378679,7255938715417411287,3,0,0
9,7,2,53,10,7,2,0,17301589475267615907,14339688706119378679,7255938715417411287,3,0,0
9,7,3,55,10,0,2,0,17301589475267615907,14339688706119378679,7255938715417411287,3,0,1
9,7,4,54,15,0,2,0,17301589475267615907,14339688706119378679,7255938715417411287,3,0,1
9,7,5,49,10,7,1,0,17301589475267615907,14339688706119378679,7255938715417411287,3,0,0
9,7,6,45,14,5,0,0,17301589475267615907,14339688706119378679,7255938715417411287,3,0,0
9,7,7,53,11,0,2,0,17301589475267615907,14339688706119378679,7255938715417411287,3,0,1
9,8,0,54,18,0,3,0,9323774974430473486,5624502588407538153,18182938323421371216,4,0,1
9,8,1,47,16,5,1,0,9323774974430473486,5624502588407538153,18182938323421371216,4,0,0
9,8,2,50,12,3,2,0,9323774974430473486,5624502588407538153,18182938323421371216,4,0,0
9,8,3,55,15,0,3,0,9323774974430473486,5624502588407538153,18182938323421371216,4,0,1
9,8,4,50,22,4,2,0,9323774974430473486,5624502588407538153,18182938323421371216,4,0,0
9,8,5,49,10,0,2,0,9323774974430473486,5624502588407538153,18182938323421371216,4,0,1
9,8,6,40,20,5,0,0,9323774974430473486,5624502588407538153,18182938323421371216,4,0,0
9,8,7,53,15,0,3,0,9323774974430473486,5624502588407538153,18182938323421371216,4,0,1
9,9,0,54,25,0,4,0,12078393559726369252,4344173759876345127,10149927180448601914,5,0,1
9,9,1,42,22,5,1,0,12078393559726369252,4344173759876345127,10149927180448601914,5,0,0
9,9,2,45,16,5,2,0,12078393559726369252,4344173759876345127,10149927180448601914,5,0,0
9,9,3,52,22,3,3,0,12078393559726369252,4344173759876345127,10149927180448601914,5,0,0
9,9,4,45,25,5,2,0,12078393559726369252,4344173759876345127,10149927180448601914,5,0,0
9,9,5,49,11,0,3,0,12078393559726369252,4344173759876345127,10149927180448601914,5,0,1
9,9,6,40,27,0,1,0,12078393559726369252,4344173759876345127,10149927180448601914,5,0,1
9,9,7,53,17,0,4,0,12078393559726369252,4344173759876345127,10149927180448601914,5,0,1
9,10,0,54,30,0,4,0,209698423494192121,102367713999794343,16456299541251357929,5,1,2
9,10,1,42,26,0,1,0,209698423494192121,102367713999794343,16456299541251357929,5,1,2
9,10,2,45,22,0,2,0,209698423494192121,102367713999794343,16456299541251357929,5,1,2
9,10,3,52,27,0,3,0,209698423494192121,102367713999794343,16456299541251357929,5,1,2
9,10,4,45,32,0,2,0,209698423494192121,102367713999794343,16456299541251357929,5,1,2
9,10,5,49,13,0,3,0,209698423494192121,102367713999794343,16456299541251357929,5,1,2
9,10,6,40,35,0,1,0,209698423494192121,102367713999794343,16456299541251357929,5,1,2
9,10,7,53,20,0,4,0,209698423494192121,102367713999794343,16456299541251357929,5,1,2
9,11,0,54,37,0,5,0,883164665935787597,230005324574445565,16239986047290723811,6,0,1
9,11,1,35,35,7,1,0,883164665935787597,230005324574445565,16239986047290723811,6,0,0
9,11,2,45,31,0,3,0,883164665935787597,230005324574445565,16239986047290723811,6,0,1
9,11,3,46,36,6,3,0,883164665935787597,230005324574445565,16239986047290723811,6,0,0
9,11,4,45,42,0,3,0,883164665935787597,230005324574445565,16239986047290723811,6,0,1
9,11,5,44,21,5,3,0,883164665935787597,230005324574445565,16239986047290723811,6,0,0
9,11,6,35,40,5,1,0,883164665935787597,230005324574445565,16239986047290723811,6,0,0
9,11,7,53,31,0,5,0,883164665935787597,230005324574445565,16239986047290723811,6,0,1
9,12,0,49,46,5,5,0,11473478314787050529,13828738437648894752,7328918623741620656,7,0,0
9,12,1,35,43,0,2,0,11473478314787050529,13828738437648894752,7328918623741620656,7,0,1
9,12,2,37,40,8,3,0,11473478314787050529,13828738437648894752,7328918623741620656,7,0,0
9,12,3,46,44,0,4,0,11473478314787050529,13828738437648894752,7328918623741620656,7,0,1
9,12,4,45,51,0,4,0,11473478314787050529,13828738437648894752,7328918623741620656,7,0,1
9,12,5,38,24,6,3,0,11473478314787050529,13828738437648894752,7328918623741620656,7,0,0
9,12,6,27,44,8,1,0,11473478314787050529,13828738437648894752,7328918623741620656,7,0,0
9,12,7,53,40,0,6,0,11473478314787050529,13828738437648894752,7328918623741620656,7,0,1
9,13,0,42,54,7,5,0,299979658107080303,4852035656760080321,4123744371473856358,8,0,0
9,13,1,35,52,0,3,0,299979658107080303,4852035656760080321,4123744371473856358,8,0,1
9,13,2,30,45,7,3,0,299979658107080303,4852035656760080321,4123744371473856358,8,0,0
9,13,3,39,53,7,4,0,299979658107080303,4852035656760080321,4123744371473856358,8,0,0
9,13,4,39,60,6,4,0,299979658107080303,4852035656760080321,4123744371473856358,8,0,0
9,13,5,38,31,0,4,0,299979658107080303,4852035656760080321,4123744371473856358,8,0,1
9,13,6,27,52,0,2,0,299979658107080303,4852035656760080321,4123744371473856358,8,0,1
9,13,7,53,49,0,7,0,299979658107080303,4852035656760080321,4123744371473856358,8,0,1
9,14,0,42,62,0,6,0,227109441569817489,12596575508392442699,3479616128996461883,9,0,1
9,14,1,28,61,7,3,0,227109441569817489,12596575508392442699,3479616128996461883,9,0,0
9,14,2,24,53,6,3,0,227109441569817489,12596575508392442699,3479616128996461883,9,0,0
9,14,3,30,61,9,4,0,227109441569817489,12596575508392442699,3479616128996461883,9,0,0
9,14,4,39,68,0,5,0,227109441569817489,12596575508392442699,3479616128996461883,9,0,1
9,14,5,32,33,6,4,0,227109441569817489,12596575508392442699,3479616128996461883,9,0,0
9,14,6,27,61,0,3,0,227109441569817489,12596575508392442699,3479616128996461883,9,0,1
9,14,7,53,55,0,8,0,227109441569817489,12596575508392442699,3479616128996461883,9,0,1
9,15,0,42,69,0,6,0,11282118716341904502,15285719128597123937,11803675860444009902,9,1,2
9,15,1,28,69,0,3,0,11282118716341904502,15285719128597123937,11803675860444009902,9,1,2
9,15,2,24,61,0,3,0,11282118716341904502,15285719128597123937,11803675860444009902,9,1,2
9,15,3,30,69,0,4,0,11282118716341904502,15285719128597123937,11803675860444009902,9,1,2
9,15,4,39,77,0,5,0,11282118716341904502,15285719128597123937,11803675860444009902,9,1,2
9,15,5,32,41,0,4,0,11282118716341904502,15285719128597123937,11803675860444009902,9,1,2
9,15,6,27,70,0,3,0,11282118716341904502,15285719128597123937,11803675860444009902,9,1,2
9,15,7,53,64,0,8,0,11282118716341904502,15285719128597123937,11803675860444009902,9,1,2
9,16,0,34,79,8,6,0,13767960679695218978,2946999268981010926,2696678856176335069,10,0,0
9,16,1,22,79,6,3,0,13767960679695218978,2946999268981010926,2696678856176335069,10,0,0
9,16,2,17,71,7,3,0,13767960679695218978,2946999268981010926,2696678856176335069,10,0,0
9,16,3,30,79,0,5,0,13767960679695218978,2946999268981010926,2696678856176335069,10,0,1
9,16,4,32,87,7,5,0,13767960679695218978,2946999268981010926,2696678856176335069,10,0,0
9,16,5,32,51,0,5,0,13767960679695218978,2946999268981010926,2696678856176335069,10,0,1
9,16,6,27,80,0,4,0,13767960679695218978,2946999268981010926,2696678856176335069,10,0,1
9,16,7,53,74,0,9,0,13767960679695218978,2946999268981010926,2696678856176335069,10,0,1
9,17,0,34,87,0,7,0,9902487943028622807,11499238148336924353,10888752082998906646,11,0,1
9,17,1,16,87,6,3,0,9902487943028622807,11499238148336924353,10888752082998906646,11,0,0
9,17,2,8,77,9,3,0,9902487943028622807,11499238148336924353,10888752082998906646,11,0,0
9,17,3,20,88,10,5,0,9902487943028622807,11499238148336924353,10888752082998906646,11,0,0
9,17,4,32,92,0,6,0,9902487943028622807,11499238148336924353,10888752082998906646,11,0,1
9,17,5,32,56,0,6,0,9902487943028622807,11499238148336924353,10888752082998906646,11,0,1
9,17,6,20,89,7,4,0,9902487943028622807,11499238148336924353,10888752082998906646,11,0,0
9,17,7,53,83,0,10,0,9902487943028622807,11499238148336924353,10888752082998906646,11,0,1
9,18,0,28,96,6,7,0,6105235780668353332,3397165526678356614,15079552126102562287,12,0,0
9,18,1,16,95,0,4,0,6105235780668353332,3397165526678356614,15079552126102562287,12,0,1
9,18,2,8,85,0,4,0,6105235780668353332,3397165526678356614,15079552126102562287,12,0,1
9,18,3,12,96,8,5,0,6105235780668353332,3397165526678356614,15079552126102562287,12,0,0
9,18,4,25,101,7,6,0,6105235780668353332,3397165526678356614,15079552126102562287,12,0,0
9,18,5,32,65,0,7,0,6105235780668353332,3397165526678356614,15079552126102562287,12,0,1
9,18,6,12,94,8,4,0,6105235780668353332,3397165526678356614,15079552126102562287,12,0,0
9,18,7,53,89,0,11,0,6105235780668353332,3397165526678356614,15079552126102562287,12,0,1
9,19,0,26,104,2,7,0,13817647796122730439,692556373279999120,2678167048835040176,13,0,0
9,19,1,6,104,10,4,0,13817647796122730439,692556373279999120,2678167048835040176,13,0,0
9,19,2,8,91,0,5,0,13817647796122730439,692556373279999120,2678167048835040176,13,0,1
9,19,3,4,100,8,5,0,13817647796122730439,692556373279999120,2678167048835040176,13,0,0
9,19,4,23,109,2,6,0,13817647796122730439,692556373279999120,2678167048835040176,13,0,0
9,19,5,23,74,9,7,0,13817647796122730439,692556373279999120,2678167048835040176,13,0,0
9,19,6,12,102,0,5,0,13817647796122730439,692556373279999120,2678167048835040176,13,0,1
9,19,7,53,98,0,12,0,13817647796122730439,692556373279999120,2678167048835040176,13,0,1
9,20,0,26,112,0,7,0,7815186507836546194,2038431150265201037,5749511245616359618,13,1,2
9,20,1,4,112,2,4,0,7815186507836546194,2038431150265201037,5749511245616359618,13,1,0
9,20,2,6,100,2,5,0,7815186507836546194,2038431150265201037,5749511245616359618,13,1,0
9,20,3,4,108,0,5,0,7815186507836546194,2038431150265201037,5749511245616359618,13,1,2
9,20,4,21,117,2,6,0,7815186507836546194,2038431150265201037,5749511245616359618,13,1,0
9,20,5,21,82,2,7,0,7815186507836546194,2038431150265201037,5749511245616359618,13,1,0
9,20,6,12,111,0,5,0,7815186507836546194,2038431150265201037,5749511245616359618,13,1,2
9,20,7,53,107,0,12,0,7815186507836546194,2038431150265201037,5749511245616359618,13,1,2
9,21,0,26,122,0,8,0,11673214438778819050,9425017487275367561,8062099381003834463,14,0,1
9,21,1,0,120,11,4,8,11673214438778819050,9425017487275367561,8062099381003834463,14,0,0
9,21,2,0,108,11,5,6,11673214438778819050,9425017487275367561,8062099381003834463,14,0,0
9,21,3,0,118,9,5,6,11673214438778819050,9425017487275367561,8062099381003834463,14,0,0
9,21,4,12,125,9,6,0,11673214438778819050,9425017487275367561,8062099381003834463,14,0,0
9,21,5,21,90,0,8,0,11673214438778819050,9425017487275367561,8062099381003834463,14,0,1
9,21,6,12,121,0,6,0,11673214438778819050,9425017487275367561,8062099381003834463,14,0,1
9,21,7,53,114,0,13,0,11673214438778819050,9425017487275367561,8062099381003834463,14,0,1
9,22,0,26,131,0,9,0,40256149584533649,11626750311736933685,674324372603230481,15,0,1
9,22,1,0,120,0,4,8,40256149584533649,11626750311736933685,674324372603230481,15,0,0
9,22,2,0,108,0,5,6,40256149584533649,11626750311736933685,674324372603230481,15,0,0
9,22,3,0,118,0,5,6,40256149584533649,11626750311736933685,674324372603230481,15,0,0
9,22,4,1,133,11,6,0,40256149584533649,11626750311736933685,674324372603230481,15,0,0
9,22,5,13,99,8,8,0,40256149584533649,11626750311736933685,674324372603230481,15,0,0
9,22,6,12,130,0,7,0,40256149584533649,11626750311736933685,674324372603230481,15,0,1
9,22,7,53,123,0,14,0,40256149584533649,11626750311736933685,674324372603230481,15,0,1
9,23,0,26,140,0,10,0,8151677523500650961,14614326702783041042,17335859422151581374,16,0,1
9,23,1,0,120,0,4,8,8151677523500650961,14614326702783041042,17335859422151581374,16,0,0
9,23,2,0,108,0,5,6,8151677523500650961,14614326702783041042,17335859422151581374,16,0,0
9,23,3,0,118,0,5,6,8151677523500650961,14614326702783041042,17335859422151581374,16,0,0
9,23,4,0,141,7,6,5,8151677523500650961,14614326702783041042,17335859422151581374,16,0,0
9,23,5,4,107,9,8,0,8151677523500650961,14614326702783041042,17335859422151581374,16,0,0
9,23,6,12,139,0,8,0,8151677523500650961,14614326702783041042,17335859422151581374,16,0,1
9,23,7,44,129,9,14,0,8151677523500650961,14614326702783041042,17335859422151581374,16,0,0
9,24,0,18,149,8,10,0,628796502739933778,5897185631078480287,14732423428517500101,17,0,0
9,24,1,0,120,0,4,8,628796502739933778,5897185631078480287,14732423428517500101,17,0,0
9,24,2,0,108,0,5,6,628796502739933778,5897185631078480287,14732423428517500101,17,0,0
9,24,3,0,118,0,5,6,628796502739933778,5897185631078480287,14732423428517500101,17,0,0
9,24,4,0,141,0,6,5,628796502739933778,5897185631078480287,14732423428517500101,17,0,0
9,24,5,4,115,0,9,0,628796502739933778,5897185631078480287,14732423428517500101,17,0,1
9,24,6,2,148,10,8,0,628796502739933778,5897185631078480287,14732423428517500101,17,0,0
9,24,7,44,133,0,15,0,628796502739933778,5897185631078480287,14732423428517500101,17,0,1
9,25,0,16,157,2,10,0,13947821477269858657,16527112587603884806,17702155496001322732,17,1,0
9,25,1,0,120,0,4,8,13947821477269858657,16527112587603884806,17702155496001322732,17,1,0
9,25,2,0,108,0,5,6,13947821477269858657,16527112587603884806,17702155496001322732,17,1,0
9,25,3,0,118,0,5,6,13947821477269858657,16527112587603884806,17702155496001322732,17,1,0
9,25,4,0,141,0,6,5,13947821477269858657,16527112587603884806,17702155496001322732,17,1,0
9,25,5,2,124,2,9,0,13947821477269858657,16527112587603884806,17702155496001322732,17,1,0
9,25,6,2,156,0,8,0,13947821477269858657,16527112587603884806,17702155496001322732,17,1,2
9,25,7,44,142,0,15,0,13947821477269858657,16527112587603884806,17702155496001322732,17,1,2
9,26,0,5,165,11,10,0,12246850291611426716,7035598331277207854,6447943502719090401,18,0,0
9,26,1,0,120,0,4,8,12246850291611426716,7035598331277207854,6447943502719090401,18,0,0
9,26,2,0,108,0,5,6,12246850291611426716,7035598331277207854,6447943502719090401,18,0,0
9,26,3,0,118,0,5,6,12246850291611426716,7035598331277207854,6447943502719090401,18,0,0
9,26,4,0,141,0,6,5,12246850291611426716,7035598331277207854,6447943502719090401,18,0,0
9,26,5,0,132,8,9,4,12246850291611426716,7035598331277207854,6447943502719090401,18,0,0
9,26,6,2,166,0,9,0,12246850291611426716,7035598331277207854,6447943502719090401,18,0,1
9,26,7,44,152,0,16,0,12246850291611426716,7035598331277207854,6447943502719090401,18,0,1
9,27,0,0,173,9,10,2,9696503788595741306,12478205266225585977,13931018577789530660,19,0,0
9,27,1,0,120,0,4,8,9696503788595741306,12478205266225585977,13931018577789530660,19,0,0
9,27,2,0,108,0,5,6,9696503788595741306,12478205266225585977,13931018577789530660,19,0,0
9,27,3,0,118,0,5,6,9696503788595741306,12478205266225585977,13931018577789530660,19,0,0
9,27,4,0,141,0,6,5,9696503788595741306,12478205266225585977,13931018577789530660,19,0,0
9,27,5,0,132,0,9,4,9696503788595741306,12478205266225585977,13931018577789530660,19,0,0
9,27,6,0,175,11,9,3,9696503788595741306,12478205266225585977,13931018577789530660,19,0,0
9,27,7,44,161,0,17,1,9696503788595741306,12478205266225585977,13931018577789530660,19,0,1
10,1,0,60,0,0,0,0,13308295419046913499,9438447406774744159,11883080794585858695,0,1,2
10,1,1,60,1,0,0,0,13308295419046913499,9438447406774744159,11883080794585858695,0,1,2
10,1,2,60,0,0,0,0,13308295419046913499,9438447406774744159,11883080794585858695,0,1,2
10,1,3,60,0,0,0,0,13308295419046913499,9438447406774744159,11883080794585858695,0,1,2
10,1,4,60,0,0,0,0,13308295419046913499,9438447406774744159,11883080794585858695,0,1,2
10,1,5,60,0,0,0,0,13308295419046913499,9438447406774744159,11883080794585858695,0,1,2
10,1,6,60,0,0,0,0,13308295419046913499,9438447406774744159,11883080794585858695,0,1,2
10,1,7,60,1,0,0,0,13308295419046913499,9438447406774744159,11883080794585858695,0,1,2
10,2,0,60,2,0,0,0,17661156547559375872,17224849909072821992,13317930953333578359,0,1,2
10,2,1,60,2,0,0,0,17661156547559375872,17224849909072821992,13317930953333578359,0,1,2
10,2,2,60,4,0,0,0,17661156547559375872,17224849909072821992,13317930953333578359,0,1,2
10,2,3,60,2,0,0,0,17661156547559375872,17224849909072821992,13317930953333578359,0,1,2
10,2,4,60,0,0,0,0,17661156547559375872,17224849909072821992,13317930953333578359,0,1,2
10,2,5,60,2,0,0,0,17661156547559375872,17224849909072821992,13317930953333578359,0,1,2
10,2,6,60,1,0,0,0,17661156547559375872,17224849909072821992,13317930953333578359,0,1,2
10,2,7,60,5,0,0,0,17661156547559375872,17224849909072821992,13317930953333578359,0,1,2
10,3,0,60,1,0,0,0,15765119932682516707,10623834939999445933,9028028431973135222,0,1,2
10,3,1,60,0,0,0,0,15765119932682516707,10623834939999445933,9028028431973135222,0,1,2
10,3,2,60,4,0,0,0,15765119932682516707,10623834939999445933,9028028431973135222,0,1,2
10,3,3,60,0,0,0,0,15765119932682516707,10623834939999445933,9028028431973135222,0,1,2
10,3,4,60,1,0,0,0,15765119932682516707,10623834939999445933,9028028431973135222,0,1,2
10,3,5,60,1,0,0,0,15765119932682516707,10623834939999445933,9028028431973135222,0,1,2
10,3,6,60,2,0,0,0,15765119932682516707,10623834939999445933,9028028431973135222,0,1,2
10,3,7,60,2,0,0,0,15765119932682516707,10623834939999445933,9028028431973135222,0,1,2
10,4,0,60,6,0,1,0,17638134189405401359,17649352620276970937,5765720637802827194,1,0,1
10,4,1,60,1,0,1,0,17638134189405401359,17649352620276970937,5765720637802827194,1,0,1
10,4,2,56,6,4,0,0,17638134189405401359,17649352620276970937,5765720637802827194,1,0,0
10,4,3,60,4,0,1,0,17638134189405401359,17649352620276970937,5765720637802827194,1,0,1
10,4,4,60,1,0,1,0,17638134189405401359,17649352620276970937,5765720637802827194,1,0,1
10,4,5,57,8,3,0,0,17638134189405401359,17649352620276970937,5765720637802827194,1,0,0
10,4,6,55,10,5,0,0,17638134189405401359,17649352620276970937,5765720637802827194,1,0,0
10,4,7,53,7,7,0,0,17638134189405401359,17649352620276970937,5765720637802827194,1,0,0
10,5,0,60,10,0,1,0,14439361601745118255,16647468983170162233,15520343590965457284,1,1,2
10,5,1,60,6,0,1,0,14439361601745118255,16647468983170162233,15520343590965457284,1,1,2
10,5,2,56,11,0,0,0,14439361601745118255,16647468983170162233,15520343590965457284,1,1,2
10,5,3,60,10,0,1,0,14439361601745118255,16647468983170162233,15520343590965457284,1,1,2
10,5,4,60,6,0,1,0,14439361601745118255,16647468983170162233,15520343590965457284,1,1,2
10,5,5,57,8,0,0,0,14439361601745118255,16647468983170162233,15520343590965457284,1,1,2
10,5,6,55,10,0,0,0,14439361601745118255,16647468983170162233,15520343590965457284,1,1,2
10,5,7,53,10,0,0,0,14439361601745118255,16647468983170162233,15520343590965457284,1,1,2
10,6,0,60,10,0,2,0,15376322158780975467,14397019927250686315,7933460333867403941,2,0,1
10,6,1,60,10,0,2,0,15376322158780975467,14397019927250686315,7933460333867403941,2,0,1
10,6,2,56,14,0,1,0,15376322158780975467,14397019927250686315,7933460333867403941,2,0,1
10,6,3,55,18,5,1,0,15376322158780975467,14397019927250686315,7933460333867403941,2,0,0
10,6,4,55,13,5,1,0,15376322158780975467,14397019927250686315,7933460333867403941,2,0,0
10,6,5,57,7,0,1,0,15376322158780975467,14397019927250686315,7933460333867403941,2,0,1
10,6,6,51,16,4,0,0,15376322158780975467,14397019927250686315,7933460333867403941,2,0,0
10,6,7,50,11,3,0,0,15376322158780975467,14397019927250686315,7933460333867403941,2,0,0
10,7,0,60,12,0,3,0,4455841674322108820,16666280050597423468,8892584874180427560,3,0,1
10,7,1,57,11,3,2,0,4455841674322108820,16666280050597423468,8892584874180427560,3,0,0
10,7,2,56,12,0,2,0,4455841674322108820,16666280050597423468,8892584874180427560,3,0,1
10,7,3,50,15,5,1,0,4455841674322108820,16666280050597423468,8892584874180427560,3,0,0
10,7,4,55,12,0,2,0,4455841674322108820,16666280050597423468,8892584874180427560,3,0,1
10,7,5,53,8,4,1,0,4455841674322108820,16666280050597423468,8892584874180427560,3,0,0
10,7,6,51,13,0,1,0,4455841674322108820,16666280050597423468,8892584874180427560,3,0,1
10,7,7,42,11,8,0,0,4455841674322108820,16666280050597423468,8892584874180427560,3,0,0
10,8,0,55,17,5,3,0,10491356051370721746,1816659404788189478,17905975614198047573,4,0,0
10,8,1,57,14,0,3,0,10491356051370721746,1816659404788189478,17905975614198047573,4,0,1
10,8,2,56,12,0,3,0,10491356051370721746,1816659404788189478,17905975614198047573,4,0,1
10,8,3,43,21,7,1,0,10491356051370721746,1816659404788189478,17905975614198047573,4,0,0
10,8,4,55,15,0,3,0,10491356051370721746,1816659404788189478,17905975614198047573,4,0,1
10,8,5,49,5,4,1,0,10491356051370721746,1816659404788189478,17905975614198047573,4,0,0
10,8,6,51,13,0,2,0,10491356051370721746,1816659404788189478,17905975614198047573,4,0,1
10,8,7,37,13,5,0,0,10491356051370721746,1816659404788189478,17905975614198047573,4,0,0
10,9,0,49,23,6,3,0,4776414725173772511,10549135661833170759,4563676494586275450,5,0,0
10,9,1,52,21,5,3,0,4776414725173772511,10549135661833170759,4563676494586275450,5,0,0
10,9,2,56,15,0,4,0,4776414725173772511,10549135661833170759,4563676494586275450,5,0,1
10,9,3,35,28,8,1,0,4776414725173772511,10549135661833170759,4563676494586275450,5,0,0
10,9,4,55,22,0,4,0,4776414725173772511,10549135661833170759,4563676494586275450,5,0,1
10,9,5,49,9,0,2,0,4776414725173772511,10549135661833170759,4563676494586275450,5,0,1
10,9,6,51,20,0,3,0,4776414725173772511,10549135661833170759,4563676494586275450,5,0,1
10,9,7,31,17,6,0,0,4776414725173772511,10549135661833170759,4563676494586275450,5,0,0
10,10,0,49,30,0,3,0,14832338569592119654,8115645520778065485,3463657317462394412,5,1,2
10,10,1,52,28,0,3,0,14832338569592119654,8115645520778065485,3463657317462394412,5,1,2
10,10,2,56,22,0,4,0,14832338569592119654,8115645520778065485,3463657317462394412,5,1,2
10,10,3,35,35,0,1,0,14832338569592119654,8115645520778065485,3463657317462394412,5,1,2
10,10,4,55,30,0,4,0,14832338569592119654,8115645520778065485,3463657317462394412,5,1,2
10,10,5,49,11,0,2,0,14832338569592119654,8115645520778065485,3463657317462394412,5,1,2
10,10,6,51,28,0,3,0,14832338569592119654,8115645520778065485,3463657317462394412,5,1,2
10,10,7,31,21,0,0,0,14832338569592119654,8115645520778065485,3463657317462394412,5,1,2
10,11,0,49,36,0,4,0,6210045871881685029,13302774118336524589,8161887083526888267,6,0,1
10,11,1,46,37,6,3,0,6210045871881685029,13302774118336524589,8161887083526888267,6,0,0
10,11,2,56,31,0,5,0,6210045871881685029,13302774118336524589,8161887083526888267,6,0,1
10,11,3,27,45,8,1,0,6210045871881685029,13302774118336524589,8161887083526888267,6,0,0
10,11,4,50,40,5,4,0,6210045871881685029,13302774118336524589,8161887083526888267,6,0,0
10,11,5,49,10,0,3,0,6210045871881685029,13302774118336524589,8161887083526888267,6,0,1
10,11,6,48,37,3,3,0,6210045871881685029,13302774118336524589,8161887083526888267,6,0,0
10,11,7,31,26,0,1,0,6210045871881685029,13302774118336524589,8161887083526888267,6,0,1
10,12,0,41,45,8,4,0,5841742952978530709,7248695868576113682,3445823700754419717,7,0,0
10,12,1,36,42,10,3,0,5841742952978530709,7248695868576113682,3445823700754419717,7,0,0
10,12,2,56,38,0,6,0,5841742952978530709,7248695868576113682,3445823700754419717,7,0,1
10,12,3,21,44,6,1,0,5841742952978530709,7248695868576113682,3445823700754419717,7,0,0
10,12,4,50,48,0,5,0,5841742952978530709,7248695868576113682,3445823700754419717,7,0,1
10,12,5,49,10,0,4,0,5841742952978530709,7248695868576113682,3445823700754419717,7,0,1
10,12,6,40,45,8,3,0,5841742952978530709,7248695868576113682,3445823700754419717,7,0,0
10,12,7,31,34,0,2,0,5841742952978530709,7248695868576113682,3445823700754419717,7,0,1
10,13,0,34,53,7,4,0,5236587328149168817,10168446795331791368,1143625962455884677,8,0,0
10,13,1,30,50,6,3,0,5236587328149168817,10168446795331791368,1143625962455884677,8,0,0
10,13,2,56,45,0,7,0,5236587328149168817,10168446795331791368,1143625962455884677,8,0,1
10,13,3,12,52,9,1,0,5236587328149168817,10168446795331791368,1143625962455884677,8,0,0
10,13,4,50,57,0,6,0,5236587328149168817,10168446795331791368,1143625962455884677,8,0,1
10,13,5,49,11,0,5,0,5236587328149168817,10168446795331791368,1143625962455884677,8,0,1
10,13,6,32,53,8,3,0,5236587328149168817,10168446795331791368,1143625962455884677,8,0,0
10,13,7,31,43,0,3,0,5236587328149168817,10168446795331791368,1143625962455884677,8,0,1
10,14,0,34,61,0,5,0,5525129862786231337,209751846352266696,10033962534229141265,9,0,1
10,14,1,30,56,0,4,0,5525129862786231337,209751846352266696,10033962534229141265,9,0,1
10,14,2,56,54,0,8,0,5525129862786231337,209751846352266696,10033962534229141265,9,0,1
10,14,3,4,60,8,1,0,5525129862786231337,209751846352266696,10033962534229141265,9,0,0
10,14,4,43,66,7,6,0,5525129862786231337,209751846352266696,10033962534229141265,9,0,0
10,14,5,49,11,0,6,0,5525129862786231337,209751846352266696,10033962534229141265,9,0,1
10,14,6,26,61,6,3,0,5525129862786231337,209751846352266696,10033962534229141265,9,0,0
10,14,7,22,52,9,3,0,5525129862786231337,209751846352266696,10033962534229141265,9,0,0
10,15,0,34,68,0,5,0,11927948604928428520,3015779706024114219,10798066883466905056,9,1,2
10,15,1,30,65,0,4,0,11927948604928428520,3015779706024114219,10798066883466905056,9,1,2
10,15,2,56,63,0,8,0,11927948604928428520,3015779706024114219,10798066883466905056,9,1,2
10,15,3,4,68,0,1,0,11927948604928428520,3015779706024114219,10798066883466905056,9,1,2
10,15,4,43,70,0,6,0,11927948604928428520,3015779706024114219,10798066883466905056,9,1,2
10,15,5,49,15,0,6,0,11927948604928428520,3015779706024114219,10798066883466905056,9,1,2
10,15,6,26,65,0,3,0,11927948604928428520,3015779706024114219,10798066883466905056,9,1,2
10,15,7,22,60,0,3,0,11927948604928428520,3015779706024114219,10798066883466905056,9,1,2
10,16,0,28,78,6,5,0,550397961894607659,8311332734384334226,4685929965480762859,10,0,0
10,16,1,23,71,7,4,0,550397961894607659,8311332734384334226,4685929965480762859,10,0,0
10,16,2,56,73,0,9,0,550397961894607659,8311332734384334226,4685929965480762859,10,0,1
10,16,3,0,78,9,1,8,550397961894607659,8311332734384334226,4685929965480762859,10,0,0
10,16,4,43,80,0,7,0,550397961894607659,8311332734384334226,4685929965480762859,10,0,1
10,16,5,49,22,0,7,0,550397961894607659,8311332734384334226,4685929965480762859,10,0,1
10,16,6,26,75,0,4,0,550397961894607659,8311332734384334226,4685929965480762859,10,0,1
10,16,7,14,70,8,3,0,550397961894607659,8311332734384334226,4685929965480762859,10,0,0
10,17,0,18,83,10,5,0,3404793525618899115,10400393348276096993,10695920168188090881,11,0,0
10,17,1,13,79,10,4,0,3404793525618899115,10400393348276096993,10695920168188090881,11,0,0
10,17,2,56,82,0,10,0,3404793525618899115,10400393348276096993,10695920168188090881,11,0,1
10,17,3,0,78,0,1,8,3404793525618899115,10400393348276096993,10695920168188090881,11,0,0
10,17,4,43,89,0,8,0,3404793525618899115,10400393348276096993,10695920168188090881,11,0,1
10,17,5,49,24,0,8,0,3404793525618899115,10400393348276096993,10695920168188090881,11,0,1
10,17,6,17,84,9,4,0,3404793525618899115,10400393348276096993,10695920168188090881,11,0,0
10,17,7,8,78,6,3,0,3404793525618899115,10400393348276096993,10695920168188090881,11,0,0
10,18,0,8,91,10,5,0,13963146336329800263,6307109708477324697,10239004058914192564,12,0,0
10,18,1,13,87,0,5,0,13963146336329800263,6307109708477324697,10239004058914192564,12,0,1
10,18,2,56,91,0,11,0,13963146336329800263,6307109708477324697,10239004058914192564,12,0,1
10,18,3,0,78,0,1,8,13963146336329800263,6307109708477324697,10239004058914192564,12,0,0
10,18,4,36,98,7,8,0,13963146336329800263,6307109708477324697,10239004058914192564,12,0,0
10,18,5,49,32,0,9,0,13963146336329800263,6307109708477324697,10239004058914192564,12,0,1
10,18,6,17,92,0,5,0,13963146336329800263,6307109708477324697,10239004058914192564,12,0,1
10,18,7,1,86,7,3,0,13963146336329800263,6307109708477324697,10239004058914192564,12,0,0
10,19,0,0,99,11,5,7,12263321753636523123,8632100859361036742,4197166166925610093,13,0,0
10,19,1,2,96,11,5,0,12263321753636523123,8632100859361036742,4197166166925610093,13,0,0
10,19,2,56,100,0,12,0,12263321753636523123,8632100859361036742,4197166166925610093,13,0,1
10,19,3,0,78,0,1,8,12263321753636523123,8632100859361036742,4197166166925610093,13,0,0
10,19,4,36,106,0,9,0,12263321753636523123,8632100859361036742,4197166166925610093,13,0,1
10,19,5,49,41,0,10,0,12263321753636523123,8632100859361036742,4197166166925610093,13,0,1
10,19,6,7,101,10,5,0,12263321753636523123,8632100859361036742,4197166166925610093,13,0,0
10,19,7,1,92,0,4,0,12263321753636523123,8632100859361036742,4197166166925610093,13,0,1
10,20,0,0,99,0,5,7,10234350861270157804,12223847647085938782,13120980903328418189,13,1,0
10,20,1,2,104,0,5,0,10234350861270157804,12223847647085938782,13120980903328418189,13,1,2
10,20,2,56,109,0,12,0,10234350861270157804,12223847647085938782,13120980903328418189,13,1,2
10,20,3,0,78,0,1,8,10234350861270157804,12223847647085938782,13120980903328418189,13,1,0
10,20,4,36,115,0,9,0,10234350861270157804,12223847647085938782,13120980903328418189,13,1,2
10,20,5,49,50,0,10,0,10234350861270157804,12223847647085938782,13120980903328418189,13,1,2
10,20,6,5,109,2,5,0,10234350861270157804,12223847647085938782,13120980903328418189,13,1,0
10,20,7,1,101,0,4,0,10234350861270157804,12223847647085938782,13120980903328418189,13,1,2
10,21,0,0,99,0,5,7,8513053244726702592,6189242215188730689,6104340445561948325,14,0,0
10,21,1,0,114,8,5,6,8513053244726702592,6189242215188730689,6104340445561948325,14,0,0
10,21,2,46,119,10,12,0,8513053244726702592,6189242215188730689,6104340445561948325,14,0,0
10,21,3,0,78,0,1,8,8513053244726702592,6189242215188730689,6104340445561948325,14,0,0
10,21,4,36,125,0,10,0,8513053244726702592,6189242215188730689,6104340445561948325,14,0,1
10,21,5,49,60,0,11,0,8513053244726702592,6189242215188730689,6104340445561948325,14,0,1
10,21,6,0,117,9,5,5,8513053244726702592,6189242215188730689,6104340445561948325,14,0,0
10,21,7,1,111,0,5,0,8513053244726702592,6189242215188730689,6104340445561948325,14,0,1
10,22,0,0,99,0,5,7,12159346630368975625,7193457220007017362,13436870486949814774,15,0,0
10,22,1,0,114,0,5,6,12159346630368975625,7193457220007017362,13436870486949814774,15,0,0
10,22,2,46,127,0,13,0,12159346630368975625,7193457220007017362,13436870486949814774,15,0,1
10,22,3,0,78,0,1,8,12159346630368975625,7193457220007017362,13436870486949814774,15,0,0
10,22,4,28,134,8,10,0,12159346630368975625,7193457220007017362,13436870486949814774,15,0,0
10,22,5,49,69,0,12,0,12159346630368975625,7193457220007017362,13436870486949814774,15,0,1
10,22,6,0,117,0,5,5,12159346630368975625,7193457220007017362,13436870486949814774,15,0,0
10,22,7,0,120,10,5,4,12159346630368975625,7193457220007017362,13436870486949814774,15,0,0
10,23,0,0,99,0,5,7,7492495583068981327,7580041186906738717,3485312568697972267,16,0,0
10,23,1,0,114,0,5,6,7492495583068981327,7580041186906738717,3485312568697972267,16,0,0
10,23,2,37,136,9,13,0,7492495583068981327,7580041186906738717,3485312568697972267,16,0,0
10,23,3,0,78,0,1,8,7492495583068981327,7580041186906738717,3485312568697972267,16,0,0
10,23,4,19,142,9,10,0,7492495583068981327,7580041186906738717,3485312568697972267,16,0,0
10,23,5,49,78,0,13,0,7492495583068981327,7580041186906738717,3485312568697972267,16,0,1
10,23,6,0,117,0,5,5,7492495583068981327,7580041186906738717,3485312568697972267,16,0,0
10,23,7,0,120,0,5,4,7492495583068981327,7580041186906738717,3485312568697972267,16,0,0
10,24,0,0,99,0,5,7,2404826491432806668,87570361331694211,12390577205258555611,17,0,0
10,24,1,0,114,0,5,6,2404826491432806668,87570361331694211,12390577205258555611,17,0,0
10,24,2,37,144,0,14,0,2404826491432806668,87570361331694211,12390577205258555611,17,0,1
10,24,3,0,78,0,1,8,2404826491432806668,87570361331694211,12390577205258555611,17,0,0
10,24,4,11,150,8,10,0,2404826491432806668,87570361331694211,12390577205258555611,17,0,0
10,24,5,40,87,9,13,0,2404826491432806668,87570361331694211,12390577205258555611,17,0,0
10,24,6,0,117,0,5,5,2404826491432806668,87570361331694211,12390577205258555611,17,0,0
10,24,7,0,120,0,5,4,2404826491432806668,87570361331694211,12390577205258555611,17,0,0
10,25,0,0,99,0,5,7,12181582217989684615,5283853537465121024,9921763247525861290,17,1,0
10,25,1,0,114,0,5,6,12181582217989684615,5283853537465121024,9921763247525861290,17,1,0
10,25,2,37,153,0,14,0,12181582217989684615,5283853537465121024,9921763247525861290,17,1,2
10,25,3,0,78,0,1,8,12181582217989684615,5283853537465121024,9921763247525861290,17,1,0
10,25,4,11,158,0,10,0,12181582217989684615,5283853537465121024,9921763247525861290,17,1,2
10,25,5,40,95,0,13,0,12181582217989684615,5283853537465121024,9921763247525861290,17,1,2
10,25,6,0,117,0,5,5,12181582217989684615,5283853537465121024,9921763247525861290,17,1,0
10,25,7,0,120,0,5,4,12181582217989684615,5283853537465121024,9921763247525861290,17,1,0
10,26,0,0,99,0,5,7,3546147984006693103,16404764262741078007,9161969906212109801,18,0,0
10,26,1,0,114,0,5,6,3546147984006693103,16404764262741078007,9161969906212109801,18,0,0
10,26,2,37,163,0,15,0,3546147984006693103,16404764262741078007,9161969906212109801,18,0,1
10,26,3,0,78,0,1,8,3546147984006693103,16404764262741078007,9161969906212109801,18,0,0
10,26,4,3,168,8,10,0,3546147984006693103,16404764262741078007,9161969906212109801,18,0,0
10,26,5,40,105,0,14,0,3546147984006693103,16404764262741078007,9161969906212109801,18,0,1
10,26,6,0,117,0,5,5,3546147984006693103,16404764262741078007,9161969906212109801,18,0,0
10,26,7,0,120,0,5,4,3546147984006693103,16404764262741078007,9161969906212109801,18,0,0
10,27,0,0,99,0,5,7,12003977735920709419,11296502953575804105,5361393184465693379,19,0,0
10,27,1,0,114,0,5,6,12003977735920709419,11296502953575804105,5361393184465693379,19,0,0
10,27,2,28,172,9,15,0,12003977735920709419,11296502953575804105,5361393184465693379,19,0,0
10,27,3,0,78,0,1,8,12003977735920709419,11296502953575804105,5361393184465693379,19,0,0
10,27,4,0,176,8,10,3,12003977735920709419,11296502953575804105,5361393184465693379,19,0,0
10,27,5,40,114,0,15,0,12003977735920709419,11296502953575804105,5361393184465693379,19,0,1
10,27,6,0,117,0,5,5,12003977735920709419,11296502953575804105,5361393184465693379,19,0,0
10,27,7,0,120,0,5,4,12003977735920709419,11296502953575804105,5361393184465693379,19,0,0
10,28,0,0,99,0,5,7,14944322929257438471,17090688455840623185,1537014502005757386,20,0,0
10,28,1,0,114,0,5,6,14944322929257438471,17090688455840623185,1537014502005757386,20,0,0
10,28,2,19,180,9,15,0,14944322929257438471,17090688455840623185,1537014502005757386,20,0,0
10,28,3,0,78,0,1,8,14944322929257438471,17090688455840623185,1537014502005757386,20,0,0
10,28,4,0,176,0,10,3,14944322929257438471,17090688455840623185,1537014502005757386,20,0,0
10,28,5,40,123,0,16,0,14944322929257438471,17090688455840623185,1537014502005757386,20,0,1
10,28,6,0,117,0,5,5,14944322929257438471,17090688455840623185,1537014502005757386,20,0,0
10,28,7,0,120,0,5,4,14944322929257438471,17090688455840623185,1537014502005757386,20,0,0
10,29,0,0,99,0,5,7,12591958292645023648,13291584193241507950,2226860630381381581,21,0,0
10,29,1,0,114,0,5,6,12591958292645023648,13291584193241507950,2226860630381381581,21,0,0
10,29,2,9,188,10,15,0,12591958292645023648,13291584193241507950,2226860630381381581,21,0,0
10,29,3,0,78,0,1,8,12591958292645023648,13291584193241507950,2226860630381381581,21,0,0
10,29,4,0,176,0,10,3,12591958292645023648,13291584193241507950,2226860630381381581,21,0,0
10,29,5,40,132,0,17,0,12591958292645023648,13291584193241507950,2226860630381381581,21,0,1
10,29,6,0,117,0,5,5,12591958292645023648,13291584193241507950,2226860630381381581,21,0,0
10,29,7,0,120,0,5,4,12591958292645023648,13291584193241507950,2226860630381381581,21,0,0
10,30,0,0,99,0,5,7,5519653457029126001,13206026871541000098,2039875298619442863,21,1,0
10,30,1,0,114,0,5,6,5519653457029126001,13206026871541000098,2039875298619442863,21,1,0
10,30,2,7,196,2,15,0,5519653457029126001,13206026871541000098,2039875298619442863,21,1,0
10,30,3,0,78,0,1,8,5519653457029126001,13206026871541000098,2039875298619442863,21,1,0
10,30,4,0,176,0,10,3,5519653457029126001,13206026871541000098,2039875298619442863,21,1,0
10,30,5,40,141,0,17,0,5519653457029126001,13206026871541000098,2039875298619442863,21,1,2
10,30,6,0,117,0,5,5,5519653457029126001,13206026871541000098,2039875298619442863,21,1,0
10,30,7,0,120,0,5,4,5519653457029126001,13206026871541000098,2039875298619442863,21,1,0
10,31,0,0,99,0,5,7,94887830575284384,6645334209330976124,2374542064686906667,22,0,0
10,31,1,0,114,0,5,6,94887830575284384,6645334209330976124,2374542064686906667,22,0,0
10,31,2,0,204,9,15,2,94887830575284384,6645334209330976124,2374542064686906667,22,0,0
10,31,3,0,78,0,1,8,94887830575284384,6645334209330976124,2374542064686906667,22,0,0
10,31,4,0,176,0,10,3,94887830575284384,6645334209330976124,2374542064686906667,22,0,0
10,31,5,40,151,0,18,1,94887830575284384,6645334209330976124,2374542064686906667,22,0,1
10,31,6,0,117,0,5,5,94887830575284384,6645334209330976124,2374542064686906667,22,0,0
10,31,7,0,120,0,5,4,94887830575284384,6645334209330976124,2374542064686906667,22,0,0
