seed,round,seat,trait,count,value
1,1,0,human,1,0
1,1,0,dwarf,1,0
1,1,0,halfling,1,0
1,1,0,guardian,1,0
1,1,0,ranger,1,0
1,1,0,priest,1,0
1,1,1,human,1,0
1,1,1,orc,1,0
1,1,1,halfling,2,1000
1,1,1,guardian,2,15
1,1,1,warrior,1,0
1,1,1,rogue,1,0
1,1,2,human,1,0
1,1,2,dwarf,2,10
1,1,2,guardian,1,0
1,1,2,ranger,1,0
1,1,2,priest,1,0
1,1,3,dwarf,1,0
1,1,3,orc,1,0
1,1,3,halfling,2,1000
1,1,3,warrior,3,1500
1,1,3,mage,1,0
1,1,4,human,1,0
1,1,4,dwarf,1,0
1,1,4,orc,1,0
1,1,4,halfling,1,0
1,1,4,guardian,1,0
1,1,4,ranger,1,0
1,1,4,rogue,1,0
1,1,4,priest,1,0
1,1,5,human,1,0
1,1,5,orc,1,0
1,1,5,halfling,2,1000
1,1,5,warrior,2,1500
1,1,5,ranger,1,0
1,1,5,rogue,1,0
1,1,6,human,1,0
1,1,6,halfling,1,0
1,1,6,dragonkin,1,0
1,1,6,guardian,1,0
1,1,6,warrior,1,0
1,1,6,priest,1,0
1,1,7,dwarf,1,0
1,1,7,orc,1,0
1,1,7,halfling,1,0
1,1,7,guardian,1,0
1,1,7,warrior,1,0
1,1,7,rogue,1,0
1,2,0,human,1,0
1,2,0,dwarf,2,10
1,2,0,halfling,1,0
1,2,0,guardian,2,15
1,2,0,warrior,1,0
1,2,0,ranger,1,0
1,2,1,elf,1,0
1,2,1,halfling,2,1000
1,2,1,warrior,1,0
1,2,1,rogue,2,1500
1,2,2,human,1,0
1,2,2,dwarf,3,10
1,2,2,guardian,1,0
1,2,2,ranger,1,0
1,2,2,priest,2,1500
1,2,3,dwarf,2,10
1,2,3,orc,1,0
1,2,3,dragonkin,1,0
1,2,3,warrior,2,1500
1,2,3,ranger,1,0
1,2,3,rogue,1,0
1,2,4,human,1,0
1,2,4,dwarf,2,10
1,2,4,orc,1,0
1,2,4,guardian,1,0
1,2,4,ranger,1,0
1,2,4,rogue,1,0
1,2,4,priest,1,0
1,2,5,human,1,0
1,2,5,orc,2,1000
1,2,5,halfling,1,0
1,2,5,guardian,1,0
1,2,5,warrior,2,1500
1,2,5,rogue,1,0
1,2,6,human,1,0
1,2,6,orc,1,0
1,2,6,halfling,2,1000
1,2,6,guardian,1,0
1,2,6,warrior,2,1500
1,2,6,mage,1,0
1,2,7,human,1,0
1,2,7,dwarf,1,0
1,2,7,orc,1,0
1,2,7,halfling,1,0
1,2,7,guardian,2,15
1,2,7,warrior,1,0
1,2,7,rogue,1,0
1,3,0,human,1,0
1,3,0,dwarf,2,10
1,3,0,halfling,2,1000
1,3,0,guardian,2,15
1,3,0,warrior,2,1500
1,3,0,ranger,1,0
1,3,1,human,1,0
1,3,1,elf,1,0
1,3,1,orc,1,0
1,3,1,halfling,2,1000
1,3,1,guardian,2,15
1,3,1,warrior,1,0
1,3,1,rogue,2,1500
1,3,2,human,1,0
1,3,2,dwarf,3,10
1,3,2,orc,1,0
1,3,2,guardian,1,0
1,3,2,warrior,1,0
1,3,2,ranger,1,0
1,3,2,priest,2,1500
1,3,3,human,1,0
1,3,3,dwarf,2,10
1,3,3,orc,1,0
1,3,3,halfling,1,0
1,3,3,warrior,4,3000
1,3,3,ranger,1,0
1,3,4,human,1,0
1,3,4,dwarf,2,10
1,3,4,orc,1,0
1,3,4,halfling,1,0
1,3,4,guardian,2,15
1,3,4,ranger,2,1500
1,3,4,rogue,1,0
1,3,5,human,1,0
1,3,5,dwarf,1,0
1,3,5,orc,3,1000
1,3,5,guardian,2,15
1,3,5,warrior,2,1500
1,3,5,rogue,1,0
1,3,6,human,1,0
1,3,6,orc,1,0
1,3,6,halfling,2,1000
1,3,6,guardian,1,0
1,3,6,warrior,2,1500
1,3,6,mage,1,0
1,3,7,human,1,0
1,3,7,dwarf,1,0
1,3,7,orc,1,0
1,3,7,halfling,2,1000
1,3,7,guardian,2,15
1,3,7,warrior,1,0
1,3,7,rogue,1,0
1,3,7,mage,1,0
1,4,0,human,2,1000
1,4,0,dwarf,2,10
1,4,0,halfling,1,0
1,4,0,guardian,2,15
1,4,0,warrior,2,1500
1,4,0,ranger,1,0
1,4,1,human,1,0
1,4,1,elf,1,0
1,4,1,orc,1,0
1,4,1,halfling,2,1000
1,4,1,guardian,2,15
1,4,1,warrior,1,0
1,4,1,rogue,2,1500
1,4,2,dwarf,2,10
1,4,2,orc,2,1000
1,4,2,halfling,1,0
1,4,2,guardian,1,0
1,4,2,warrior,2,1500
1,4,2,mage,1,0
1,4,2,priest,1,0
1,4,3,human,1,0
1,4,3,dwarf,2,10
1,4,3,halfling,1,0
1,4,3,warrior,3,1500
1,4,3,ranger,1,0
1,4,4,human,1,0
1,4,4,dwarf,2,10
1,4,4,orc,1,0
1,4,4,halfling,1,0
1,4,4,guardian,2,15
1,4,4,ranger,2,1500
1,4,4,rogue,1,0
1,4,5,human,2,1000
1,4,5,orc,3,1000
1,4,5,guardian,2,15
1,4,5,warrior,2,1500
1,4,5,rogue,1,0
1,4,6,human,1,0
1,4,6,orc,2,1000
1,4,6,halfling,1,0
1,4,6,guardian,1,0
1,4,6,warrior,1,0
1,4,6,mage,2,2000
1,4,7,human,1,0
1,4,7,dwarf,1,0
1,4,7,orc,2,1000
1,4,7,halfling,1,0
1,4,7,guardian,3,15
1,4,7,warrior,1,0
1,4,7,rogue,1,0
1,5,0,human,1,0
1,5,0,dwarf,1,0
1,5,0,orc,2,1000
1,5,0,halfling,1,0
1,5,0,guardian,2,15
1,5,0,warrior,2,1500
1,5,0,ranger,1,0
1,5,1,human,1,0
1,5,1,elf,1,0
1,5,1,orc,1,0
1,5,1,halfling,2,1000
1,5,1,guardian,2,15
1,5,1,warrior,1,0
1,5,1,rogue,2,1500
1,5,2,human,1,0
1,5,2,dwarf,2,10
1,5,2,orc,1,0
1,5,2,halfling,1,0
1,5,2,guardian,2,15
1,5,2,warrior,1,0
1,5,2,mage,1,0
1,5,2,priest,1,0
1,5,3,human,1,0
1,5,3,dwarf,2,10
1,5,3,halfling,1,0
1,5,3,warrior,3,1500
1,5,3,ranger,1,0
1,5,4,human,1,0
1,5,4,dwarf,2,10
1,5,4,orc,1,0
1,5,4,halfling,1,0
1,5,4,guardian,2,15
1,5,4,ranger,2,1500
1,5,4,rogue,1,0
1,5,5,human,2,1000
1,5,5,orc,2,1000
1,5,5,halfling,1,0
1,5,5,guardian,2,15
1,5,5,warrior,2,1500
1,5,5,rogue,1,0
1,5,6,human,1,0
1,5,6,dwarf,1,0
1,5,6,orc,2,1000
1,5,6,guardian,2,15
1,5,6,warrior,1,0
1,5,6,mage,1,0
1,5,7,human,1,0
1,5,7,dwarf,1,0
1,5,7,orc,1,0
1,5,7,halfling,2,1000
1,5,7,guardian,3,15
1,5,7,warrior,1,0
1,5,7,ranger,1,0
1,6,0,human,1,0
1,6,0,orc,2,1000
1,6,0,halfling,2,1000
1,6,0,guardian,2,15
1,6,0,warrior,2,1500
1,6,0,ranger,1,0
1,6,1,elf,1,0
1,6,1,orc,2,1000
1,6,1,halfling,2,1000
1,6,1,guardian,1,0
1,6,1,warrior,1,0
1,6,1,rogue,3,1500
1,6,2,human,1,0
1,6,2,dwarf,3,10
1,6,2,halfling,1,0
1,6,2,guardian,2,15
1,6,2,warrior,2,1500
1,6,2,priest,1,0
1,6,3,human,1,0
1,6,3,dwarf,2,10
1,6,3,halfling,1,0
1,6,3,warrior,3,1500
1,6,3,ranger,1,0
1,6,4,human,2,1000
1,6,4,dwarf,2,10
1,6,4,halfling,1,0
1,6,4,guardian,2,15
1,6,4,warrior,1,0
1,6,4,ranger,2,1500
1,6,5,dwarf,1,0
1,6,5,orc,2,1000
1,6,5,halfling,2,1000
1,6,5,guardian,1,0
1,6,5,warrior,3,1500
1,6,5,ranger,1,0
1,6,6,human,1,0
1,6,6,dwarf,2,10
1,6,6,orc,2,1000
1,6,6,guardian,2,15
1,6,6,warrior,2,1500
1,6,6,mage,1,0
1,6,7,human,1,0
1,6,7,dwarf,1,0
1,6,7,orc,1,0
1,6,7,halfling,2,1000
1,6,7,guardian,3,15
1,6,7,warrior,1,0
1,6,7,ranger,1,0
1,7,0,human,1,0
1,7,0,orc,2,1000
1,7,0,halfling,2,1000
1,7,0,guardian,2,15
1,7,0,warrior,2,1500
1,7,0,ranger,1,0
1,7,1,human,2,1000
1,7,1,elf,1,0
1,7,1,orc,2,1000
1,7,1,halfling,1,0
1,7,1,guardian,2,15
1,7,1,warrior,2,1500
1,7,1,rogue,2,1500
1,7,2,human,2,1000
1,7,2,dwarf,3,10
1,7,2,halfling,1,0
1,7,2,guardian,2,15
1,7,2,warrior,3,1500
1,7,2,priest,1,0
1,7,3,human,1,0
1,7,3,dwarf,3,10
1,7,3,halfling,1,0
1,7,3,guardian,1,0
1,7,3,warrior,3,1500
1,7,3,ranger,1,0
1,7,4,human,2,1000
1,7,4,dwarf,2,10
1,7,4,halfling,2,1000
1,7,4,guardian,2,15
1,7,4,warrior,1,0
1,7,4,ranger,2,1500
1,7,4,mage,1,0
1,7,5,dwarf,2,10
1,7,5,orc,2,1000
1,7,5,halfling,2,1000
1,7,5,guardian,2,15
1,7,5,warrior,3,1500
1,7,5,ranger,1,0
1,7,6,human,1,0
1,7,6,dwarf,2,10
1,7,6,orc,2,1000
1,7,6,guardian,2,15
1,7,6,warrior,2,1500
1,7,6,mage,1,0
1,7,7,human,1,0
1,7,7,dwarf,1,0
1,7,7,orc,1,0
1,7,7,halfling,2,1000
1,7,7,guardian,3,15
1,7,7,warrior,1,0
1,7,7,ranger,1,0
1,8,0,human,1,0
1,8,0,orc,2,1000
1,8,0,halfling,2,1000
1,8,0,guardian,2,15
1,8,0,warrior,2,1500
1,8,0,ranger,1,0
1,8,1,human,1,0
1,8,1,elf,1,0
1,8,1,orc,2,1000
1,8,1,halfling,2,1000
1,8,1,warrior,3,1500
1,8,1,rogue,3,1500
1,8,2,human,2,1000
1,8,2,elf,1,0
1,8,2,dwarf,2,10
1,8,2,halfling,1,0
1,8,2,guardian,2,15
1,8,2,warrior,2,1500
1,8,2,ranger,1,0
1,8,2,priest,1,0
1,8,3,human,1,0
1,8,3,dwarf,3,10
1,8,3,halfling,1,0
1,8,3,guardian,1,0
1,8,3,warrior,3,1500
1,8,3,ranger,1,0
1,8,4,human,2,1000
1,8,4,dwarf,2,10
1,8,4,halfling,2,1000
1,8,4,guardian,2,15
1,8,4,warrior,1,0
1,8,4,ranger,2,1500
1,8,4,mage,1,0
1,8,5,dwarf,2,10
1,8,5,orc,2,1000
1,8,5,halfling,2,1000
1,8,5,guardian,2,15
1,8,5,warrior,3,1500
1,8,5,ranger,1,0
1,8,6,human,1,0
1,8,6,dwarf,2,10
1,8,6,orc,2,1000
1,8,6,guardian,2,15
1,8,6,warrior,2,1500
1,8,6,mage,1,0
1,8,7,human,1,0
1,8,7,dwarf,1,0
1,8,7,orc,1,0
1,8,7,halfling,2,1000
1,8,7,guardian,3,15
1,8,7,warrior,1,0
1,8,7,ranger,1,0
1,9,0,human,1,0
1,9,0,orc,2,1000
1,9,0,halfling,2,1000
1,9,0,guardian,2,15
1,9,0,warrior,2,1500
1,9,0,ranger,1,0
1,9,1,human,1,0
1,9,1,elf,1,0
1,9,1,orc,2,1000
1,9,1,halfling,2,1000
1,9,1,warrior,3,1500
1,9,1,rogue,3,1500
1,9,2,human,2,1000
1,9,2,elf,1,0
1,9,2,dwarf,2,10
1,9,2,halfling,1,0
1,9,2,guardian,2,15
1,9,2,warrior,2,1500
1,9,2,ranger,1,0
1,9,2,priest,1,0
1,9,3,human,1,0
1,9,3,dwarf,3,10
1,9,3,halfling,1,0
1,9,3,guardian,1,0
1,9,3,warrior,3,1500
1,9,3,ranger,1,0
1,9,4,human,2,1000
1,9,4,dwarf,2,10
1,9,4,halfling,2,1000
1,9,4,guardian,2,15
1,9,4,warrior,1,0
1,9,4,ranger,2,1500
1,9,4,mage,1,0
1,9,5,dwarf,2,10
1,9,5,orc,2,1000
1,9,5,halfling,2,1000
1,9,5,guardian,2,15
1,9,5,warrior,3,1500
1,9,5,ranger,1,0
1,9,6,human,1,0
1,9,6,dwarf,2,10
1,9,6,orc,2,1000
1,9,6,halfling,1,0
1,9,6,guardian,2,15
1,9,6,warrior,2,1500
1,9,6,mage,2,2000
1,9,7,human,1,0
1,9,7,dwarf,1,0
1,9,7,orc,1,0
1,9,7,halfling,2,1000
1,9,7,guardian,3,15
1,9,7,warrior,1,0
1,9,7,ranger,1,0
1,10,0,human,1,0
1,10,0,elf,1,0
1,10,0,orc,1,0
1,10,0,halfling,2,1000
1,10,0,guardian,1,0
1,10,0,warrior,2,1500
1,10,0,ranger,2,1500
1,10,1,human,1,0
1,10,1,elf,1,0
1,10,1,orc,2,1000
1,10,1,halfling,2,1000
1,10,1,warrior,3,1500
1,10,1,rogue,3,1500
1,10,2,human,2,1000
1,10,2,elf,1,0
1,10,2,dwarf,2,10
1,10,2,halfling,1,0
1,10,2,guardian,2,15
1,10,2,warrior,2,1500
1,10,2,ranger,1,0
1,10,2,priest,1,0
1,10,3,human,1,0
1,10,3,dwarf,3,10
1,10,3,halfling,1,0
1,10,3,guardian,1,0
1,10,3,warrior,3,1500
1,10,3,ranger,1,0
1,10,4,human,2,1000
1,10,4,dwarf,2,10
1,10,4,halfling,2,1000
1,10,4,guardian,2,15
1,10,4,warrior,1,0
1,10,4,ranger,2,1500
1,10,4,mage,1,0
1,10,5,dwarf,1,0
1,10,5,orc,2,1000
1,10,5,halfling,2,1000
1,10,5,dragonkin,1,0
1,10,5,guardian,2,15
1,10,5,warrior,3,1500
1,10,5,ranger,1,0
1,10,6,human,1,0
1,10,6,dwarf,2,10
1,10,6,orc,2,1000
1,10,6,halfling,1,0
1,10,6,guardian,2,15
1,10,6,warrior,2,1500
1,10,6,mage,2,2000
1,10,7,human,1,0
1,10,7,dwarf,1,0
1,10,7,orc,1,0
1,10,7,halfling,2,1000
1,10,7,guardian,3,15
1,10,7,warrior,1,0
1,10,7,ranger,1,0
1,11,0,human,1,0
1,11,0,elf,1,0
1,11,0,orc,1,0
1,11,0,halfling,2,1000
1,11,0,guardian,1,0
1,11,0,warrior,2,1500
1,11,0,ranger,2,1500
1,11,1,human,1,0
1,11,1,elf,1,0
1,11,1,orc,2,1000
1,11,1,halfling,2,1000
1,11,1,warrior,3,1500
1,11,1,rogue,3,1500
1,11,2,human,2,1000
1,11,2,dwarf,2,10
1,11,2,halfling,2,1000
1,11,2,guardian,2,15
1,11,2,warrior,2,1500
1,11,2,rogue,1,0
1,11,2,priest,1,0
1,11,3,human,1,0
1,11,3,dwarf,3,10
1,11,3,halfling,1,0
1,11,3,guardian,1,0
1,11,3,warrior,3,1500
1,11,3,ranger,1,0
1,11,4,human,2,1000
1,11,4,dwarf,2,10
1,11,4,halfling,2,1000
1,11,4,guardian,2,15
1,11,4,warrior,1,0
1,11,4,ranger,2,1500
1,11,4,mage,1,0
1,11,5,dwarf,1,0
1,11,5,orc,2,1000
1,11,5,halfling,2,1000
1,11,5,dragonkin,1,0
1,11,5,guardian,2,15
1,11,5,warrior,3,1500
1,11,5,ranger,1,0
1,11,6,human,1,0
1,11,6,dwarf,2,10
1,11,6,orc,2,1000
1,11,6,halfling,1,0
1,11,6,guardian,2,15
1,11,6,warrior,2,1500
1,11,6,mage,2,2000
1,11,7,human,1,0
1,11,7,dwarf,1,0
1,11,7,orc,1,0
1,11,7,halfling,2,1000
1,11,7,guardian,3,15
1,11,7,warrior,1,0
1,11,7,ranger,1,0
1,12,0,human,1,0
1,12,0,elf,1,0
1,12,0,orc,1,0
1,12,0,halfling,2,1000
1,12,0,guardian,1,0
1,12,0,warrior,2,1500
1,12,0,ranger,2,1500
1,12,1,human,1,0
1,12,1,elf,1,0
1,12,1,orc,2,1000
1,12,1,halfling,2,1000
1,12,1,warrior,3,1500
1,12,1,rogue,3,1500
1,12,2,human,2,1000
1,12,2,dwarf,2,10
1,12,2,halfling,2,1000
1,12,2,guardian,2,15
1,12,2,warrior,2,1500
1,12,2,rogue,1,0
1,12,2,priest,1,0
1,12,3,human,1,0
1,12,3,dwarf,3,10
1,12,3,halfling,1,0
1,12,3,guardian,1,0
1,12,3,warrior,3,1500
1,12,3,ranger,1,0
1,12,4,human,2,1000
1,12,4,dwarf,2,10
1,12,4,halfling,2,1000
1,12,4,guardian,2,15
1,12,4,warrior,1,0
1,12,4,ranger,2,1500
1,12,4,mage,1,0
1,12,5,orc,2,1000
1,12,5,halfling,2,1000
1,12,5,dragonkin,1,0
1,12,5,guardian,2,15
1,12,5,warrior,2,1500
1,12,5,ranger,1,0
1,12,6,human,1,0
1,12,6,dwarf,2,10
1,12,6,orc,2,1000
1,12,6,halfling,1,0
1,12,6,guardian,2,15
1,12,6,warrior,2,1500
1,12,6,mage,2,2000
1,12,7,human,1,0
1,12,7,dwarf,1,0
1,12,7,orc,1,0
1,12,7,halfling,2,1000
1,12,7,guardian,3,15
1,12,7,warrior,1,0
1,12,7,ranger,1,0
1,13,0,human,1,0
1,13,0,elf,1,0
1,13,0,orc,1,0
1,13,0,halfling,2,1000
1,13,0,guardian,1,0
1,13,0,warrior,2,1500
1,13,0,ranger,2,1500
1,13,1,human,1,0
1,13,1,elf,1,0
1,13,1,orc,2,1000
1,13,1,halfling,2,1000
1,13,1,warrior,3,1500
1,13,1,rogue,3,1500
1,13,2,human,2,1000
1,13,2,dwarf,2,10
1,13,2,halfling,2,1000
1,13,2,guardian,2,15
1,13,2,warrior,2,1500
1,13,2,rogue,1,0
1,13,2,priest,1,0
1,13,3,human,1,0
1,13,3,dwarf,3,10
1,13,3,halfling,1,0
1,13,3,guardian,1,0
1,13,3,warrior,3,1500
1,13,3,ranger,1,0
1,13,4,human,2,1000
1,13,4,dwarf,2,10
1,13,4,halfling,2,1000
1,13,4,guardian,2,15
1,13,4,warrior,1,0
1,13,4,ranger,2,1500
1,13,4,mage,1,0
1,13,5,orc,2,1000
1,13,5,halfling,2,1000
1,13,5,dragonkin,1,0
1,13,5,guardian,2,15
1,13,5,warrior,2,1500
1,13,5,ranger,1,0
1,13,6,human,1,0
1,13,6,dwarf,2,10
1,13,6,orc,2,1000
1,13,6,halfling,1,0
1,13,6,guardian,2,15
1,13,6,warrior,2,1500
1,13,6,mage,2,2000
1,13,7,human,1,0
1,13,7,dwarf,1,0
1,13,7,orc,1,0
1,13,7,halfling,2,1000
1,13,7,guardian,3,15
1,13,7,warrior,1,0
1,13,7,ranger,1,0
1,14,0,human,1,0
1,14,0,elf,1,0
1,14,0,orc,1,0
1,14,0,halfling,2,1000
1,14,0,guardian,1,0
1,14,0,warrior,2,1500
1,14,0,ranger,2,1500
1,14,1,human,1,0
1,14,1,elf,2,1000
1,14,1,orc,1,0
1,14,1,halfling,2,1000
1,14,1,warrior,3,1500
1,14,1,ranger,1,0
1,14,1,rogue,2,1500
1,14,2,human,2,1000
1,14,2,dwarf,2,10
1,14,2,halfling,2,1000
1,14,2,guardian,2,15
1,14,2,warrior,2,1500
1,14,2,rogue,1,0
1,14,2,priest,1,0
1,14,3,human,1,0
1,14,3,dwarf,3,10
1,14,3,halfling,1,0
1,14,3,guardian,1,0
1,14,3,warrior,3,1500
1,14,3,ranger,1,0
1,14,4,human,2,1000
1,14,4,dwarf,2,10
1,14,4,halfling,2,1000
1,14,4,guardian,2,15
1,14,4,warrior,1,0
1,14,4,ranger,2,1500
1,14,4,mage,1,0
1,14,5,orc,2,1000
1,14,5,halfling,2,1000
1,14,5,dragonkin,1,0
1,14,5,guardian,2,15
1,14,5,warrior,2,1500
1,14,5,ranger,1,0
1,14,6,human,1,0
1,14,6,dwarf,2,10
1,14,6,orc,2,1000
1,14,6,halfling,1,0
1,14,6,guardian,2,15
1,14,6,warrior,2,1500
1,14,6,mage,2,2000
1,14,7,human,1,0
1,14,7,dwarf,1,0
1,14,7,orc,1,0
1,14,7,halfling,2,1000
1,14,7,guardian,3,15
1,14,7,warrior,1,0
1,14,7,ranger,1,0
1,15,0,human,1,0
1,15,0,elf,1,0
1,15,0,orc,1,0
1,15,0,halfling,2,1000
1,15,0,guardian,1,0
1,15,0,warrior,2,1500
1,15,0,ranger,2,1500
1,15,1,human,1,0
1,15,1,elf,2,1000
1,15,1,orc,1,0
1,15,1,halfling,2,1000
1,15,1,warrior,3,1500
1,15,1,ranger,1,0
1,15,1,rogue,2,1500
1,15,2,human,2,1000
1,15,2,dwarf,2,10
1,15,2,halfling,2,1000
1,15,2,guardian,2,15
1,15,2,warrior,2,1500
1,15,2,rogue,1,0
1,15,2,priest,1,0
1,15,3,human,1,0
1,15,3,dwarf,2,10
1,15,3,halfling,2,1000
1,15,3,guardian,1,0
1,15,3,warrior,3,1500
1,15,3,mage,1,0
1,15,4,human,2,1000
1,15,4,dwarf,2,10
1,15,4,halfling,2,1000
1,15,4,guardian,2,15
1,15,4,warrior,1,0
1,15,4,ranger,2,1500
1,15,4,mage,1,0
1,15,5,orc,2,1000
1,15,5,halfling,2,1000
1,15,5,dragonkin,1,0
1,15,5,guardian,2,15
1,15,5,warrior,2,1500
1,15,5,ranger,1,0
1,15,6,human,1,0
1,15,6,dwarf,2,10
1,15,6,orc,2,1000
1,15,6,halfling,1,0
1,15,6,guardian,2,15
1,15,6,warrior,2,1500
1,15,6,mage,2,2000
1,15,7,human,1,0
1,15,7,dwarf,1,0
1,15,7,orc,1,0
1,15,7,halfling,2,1000
1,15,7,guardian,3,15
1,15,7,warrior,1,0
1,15,7,ranger,1,0
1,16,0,human,1,0
1,16,0,elf,1,0
1,16,0,orc,1,0
1,16,0,halfling,2,1000
1,16,0,guardian,1,0
1,16,0,warrior,2,1500
1,16,0,ranger,2,1500
1,16,1,human,1,0
1,16,1,elf,2,1000
1,16,1,orc,1,0
1,16,1,halfling,2,1000
1,16,1,warrior,3,1500
1,16,1,ranger,1,0
1,16,1,rogue,2,1500
1,16,2,human,2,1000
1,16,2,dwarf,2,10
1,16,2,halfling,2,1000
1,16,2,guardian,2,15
1,16,2,warrior,2,1500
1,16,2,rogue,1,0
1,16,2,priest,1,0
1,16,3,human,1,0
1,16,3,dwarf,2,10
1,16,3,halfling,2,1000
1,16,3,guardian,1,0
1,16,3,warrior,3,1500
1,16,3,mage,1,0
1,16,4,human,2,1000
1,16,4,dwarf,2,10
1,16,4,halfling,2,1000
1,16,4,guardian,2,15
1,16,4,warrior,1,0
1,16,4,ranger,2,1500
1,16,4,mage,1,0
1,16,5,human,1,0
1,16,5,orc,2,1000
1,16,5,halfling,2,1000
1,16,5,dragonkin,1,0
1,16,5,guardian,3,15
1,16,5,warrior,2,1500
1,16,5,ranger,1,0
1,16,6,human,1,0
1,16,6,dwarf,2,10
1,16,6,orc,2,1000
1,16,6,halfling,1,0
1,16,6,guardian,2,15
1,16,6,warrior,2,1500
1,16,6,mage,2,2000
1,16,7,human,1,0
1,16,7,dwarf,1,0
1,16,7,orc,1,0
1,16,7,halfling,2,1000
1,16,7,guardian,3,15
1,16,7,warrior,1,0
1,16,7,ranger,1,0
1,17,0,human,1,0
1,17,0,elf,1,0
1,17,0,orc,1,0
1,17,0,halfling,2,1000
1,17,0,guardian,1,0
1,17,0,warrior,2,1500
1,17,0,ranger,2,1500
1,17,1,human,1,0
1,17,1,elf,2,1000
1,17,1,orc,1,0
1,17,1,halfling,2,1000
1,17,1,warrior,3,1500
1,17,1,ranger,1,0
1,17,1,rogue,2,1500
1,17,2,human,2,1000
1,17,2,dwarf,2,10
1,17,2,halfling,2,1000
1,17,2,guardian,2,15
1,17,2,warrior,2,1500
1,17,2,rogue,1,0
1,17,2,priest,1,0
1,17,3,human,1,0
1,17,3,dwarf,2,10
1,17,3,halfling,2,1000
1,17,3,guardian,1,0
1,17,3,warrior,3,1500
1,17,3,mage,1,0
1,17,4,human,2,1000
1,17,4,dwarf,2,10
1,17,4,halfling,2,1000
1,17,4,guardian,2,15
1,17,4,warrior,1,0
1,17,4,ranger,2,1500
1,17,4,mage,1,0
1,17,5,human,1,0
1,17,5,orc,2,1000
1,17,5,halfling,2,1000
1,17,5,dragonkin,1,0
1,17,5,guardian,3,15
1,17,5,warrior,2,1500
1,17,5,ranger,1,0
1,17,6,human,1,0
1,17,6,dwarf,2,10
1,17,6,orc,2,1000
1,17,6,halfling,1,0
1,17,6,guardian,2,15
1,17,6,warrior,2,1500
1,17,6,mage,2,2000
1,17,7,human,1,0
1,17,7,dwarf,1,0
1,17,7,orc,1,0
1,17,7,halfling,2,1000
1,17,7,guardian,3,15
1,17,7,warrior,1,0
1,17,7,ranger,1,0
1,18,0,human,1,0
1,18,0,elf,1,0
1,18,0,orc,1,0
1,18,0,halfling,2,1000
1,18,0,guardian,1,0
1,18,0,warrior,2,1500
1,18,0,ranger,2,1500
1,18,1,human,1,0
1,18,1,elf,2,1000
1,18,1,orc,1,0
1,18,1,halfling,2,1000
1,18,1,warrior,3,1500
1,18,1,ranger,1,0
1,18,1,rogue,2,1500
1,18,2,human,2,1000
1,18,2,dwarf,2,10
1,18,2,halfling,2,1000
1,18,2,guardian,2,15
1,18,2,warrior,2,1500
1,18,2,rogue,1,0
1,18,2,priest,1,0
1,18,3,human,1,0
1,18,3,dwarf,2,10
1,18,3,halfling,2,1000
1,18,3,guardian,1,0
1,18,3,warrior,3,1500
1,18,3,mage,1,0
1,18,4,human,2,1000
1,18,4,dwarf,2,10
1,18,4,halfling,2,1000
1,18,4,guardian,2,15
1,18,4,warrior,1,0
1,18,4,ranger,2,1500
1,18,4,mage,1,0
1,18,5,human,1,0
1,18,5,dwarf,1,0
1,18,5,orc,2,1000
1,18,5,halfling,1,0
1,18,5,dragonkin,1,0
1,18,5,guardian,4,30
1,18,5,warrior,2,1500
1,18,6,human,1,0
1,18,6,dwarf,2,10
1,18,6,orc,2,1000
1,18,6,halfling,1,0
1,18,6,guardian,2,15
1,18,6,warrior,2,1500
1,18,6,mage,2,2000
1,18,7,human,1,0
1,18,7,dwarf,1,0
1,18,7,orc,1,0
1,18,7,halfling,2,1000
1,18,7,guardian,3,15
1,18,7,warrior,1,0
1,18,7,ranger,1,0
1,19,0,human,1,0
1,19,0,elf,1,0
1,19,0,orc,1,0
1,19,0,halfling,2,1000
1,19,0,guardian,1,0
1,19,0,warrior,2,1500
1,19,0,ranger,2,1500
1,19,1,human,1,0
1,19,1,elf,2,1000
1,19,1,orc,1,0
1,19,1,halfling,2,1000
1,19,1,warrior,3,1500
1,19,1,ranger,1,0
1,19,1,rogue,2,1500
1,19,2,human,2,1000
1,19,2,dwarf,2,10
1,19,2,halfling,2,1000
1,19,2,guardian,2,15
1,19,2,warrior,2,1500
1,19,2,rogue,1,0
1,19,2,priest,1,0
1,19,3,human,1,0
1,19,3,dwarf,2,10
1,19,3,halfling,2,1000
1,19,3,guardian,1,0
1,19,3,warrior,3,1500
1,19,3,mage,1,0
1,19,4,human,2,1000
1,19,4,dwarf,2,10
1,19,4,halfling,2,1000
1,19,4,guardian,2,15
1,19,4,warrior,1,0
1,19,4,ranger,2,1500
1,19,4,mage,1,0
1,19,5,human,1,0
1,19,5,dwarf,1,0
1,19,5,orc,2,1000
1,19,5,halfling,1,0
1,19,5,dragonkin,1,0
1,19,5,guardian,4,30
1,19,5,warrior,2,1500
1,19,6,human,1,0
1,19,6,dwarf,2,10
1,19,6,orc,2,1000
1,19,6,halfling,1,0
1,19,6,guardian,2,15
1,19,6,warrior,2,1500
1,19,6,mage,2,2000
1,19,7,human,1,0
1,19,7,dwarf,1,0
1,19,7,orc,1,0
1,19,7,halfling,2,1000
1,19,7,guardian,3,15
1,19,7,warrior,1,0
1,19,7,ranger,1,0
1,20,0,human,1,0
1,20,0,elf,1,0
1,20,0,orc,1,0
1,20,0,halfling,2,1000
1,20,0,guardian,1,0
1,20,0,warrior,2,1500
1,20,0,ranger,2,1500
1,20,1,human,1,0
1,20,1,elf,2,1000
1,20,1,orc,1,0
1,20,1,halfling,2,1000
1,20,1,warrior,3,1500
1,20,1,ranger,1,0
1,20,1,rogue,2,1500
1,20,2,human,2,1000
1,20,2,dwarf,2,10
1,20,2,halfling,2,1000
1,20,2,guardian,2,15
1,20,2,warrior,2,1500
1,20,2,rogue,1,0
1,20,2,priest,1,0
1,20,3,human,1,0
1,20,3,dwarf,2,10
1,20,3,halfling,2,1000
1,20,3,guardian,1,0
1,20,3,warrior,3,1500
1,20,3,mage,1,0
1,20,4,human,2,1000
1,20,4,dwarf,2,10
1,20,4,halfling,2,1000
1,20,4,guardian,2,15
1,20,4,warrior,1,0
1,20,4,ranger,2,1500
1,20,4,mage,1,0
1,20,5,human,1,0
1,20,5,dwarf,1,0
1,20,5,orc,2,1000
1,20,5,halfling,1,0
1,20,5,dragonkin,1,0
1,20,5,guardian,4,30
1,20,5,warrior,2,1500
1,20,6,human,1,0
1,20,6,dwarf,2,10
1,20,6,orc,2,1000
1,20,6,halfling,1,0
1,20,6,guardian,2,15
1,20,6,warrior,2,1500
1,20,6,mage,2,2000
1,20,7,human,1,0
1,20,7,dwarf,1,0
1,20,7,orc,1,0
1,20,7,halfling,2,1000
1,20,7,guardian,3,15
1,20,7,warrior,1,0
1,20,7,ranger,1,0
1,21,0,human,1,0
1,21,0,elf,1,0
1,21,0,orc,1,0
1,21,0,halfling,1,0
1,21,0,dragonkin,1,0
1,21,0,guardian,1,0
1,21,0,warrior,2,1500
1,21,0,ranger,2,1500
1,21,1,human,1,0
1,21,1,elf,2,1000
1,21,1,orc,1,0
1,21,1,halfling,2,1000
1,21,1,warrior,3,1500
1,21,1,ranger,1,0
1,21,1,rogue,2,1500
1,21,2,human,2,1000
1,21,2,dwarf,2,10
1,21,2,halfling,2,1000
1,21,2,guardian,2,15
1,21,2,warrior,2,1500
1,21,2,rogue,1,0
1,21,2,priest,1,0
1,21,3,human,1,0
1,21,3,dwarf,2,10
1,21,3,halfling,2,1000
1,21,3,guardian,1,0
1,21,3,warrior,3,1500
1,21,3,mage,1,0
1,21,4,human,2,1000
1,21,4,dwarf,2,10
1,21,4,halfling,2,1000
1,21,4,guardian,2,15
1,21,4,warrior,1,0
1,21,4,ranger,2,1500
1,21,4,mage,1,0
1,21,5,human,1,0
1,21,5,dwarf,1,0
1,21,5,orc,2,1000
1,21,5,halfling,1,0
1,21,5,dragonkin,1,0
1,21,5,guardian,4,30
1,21,5,warrior,2,1500
1,21,6,human,1,0
1,21,6,dwarf,2,10
1,21,6,orc,2,1000
1,21,6,halfling,1,0
1,21,6,guardian,2,15
1,21,6,warrior,2,1500
1,21,6,mage,2,2000
1,21,7,human,1,0
1,21,7,dwarf,1,0
1,21,7,orc,1,0
1,21,7,halfling,2,1000
1,21,7,guardian,3,15
1,21,7,warrior,1,0
1,21,7,ranger,1,0
1,22,0,human,1,0
1,22,0,elf,1,0
1,22,0,orc,1,0
1,22,0,halfling,1,0
1,22,0,dragonkin,1,0
1,22,0,guardian,1,0
1,22,0,warrior,2,1500
1,22,0,ranger,2,1500
1,22,1,human,1,0
1,22,1,elf,2,1000
1,22,1,orc,1,0
1,22,1,halfling,2,1000
1,22,1,warrior,3,1500
1,22,1,ranger,1,0
1,22,1,rogue,2,1500
1,22,2,human,2,1000
1,22,2,dwarf,2,10
1,22,2,halfling,2,1000
1,22,2,guardian,2,15
1,22,2,warrior,2,1500
1,22,2,rogue,1,0
1,22,2,priest,1,0
1,22,3,human,1,0
1,22,3,dwarf,2,10
1,22,3,halfling,2,1000
1,22,3,guardian,1,0
1,22,3,warrior,3,1500
1,22,3,mage,1,0
1,22,4,human,2,1000
1,22,4,dwarf,2,10
1,22,4,halfling,2,1000
1,22,4,guardian,2,15
1,22,4,warrior,1,0
1,22,4,ranger,2,1500
1,22,4,mage,1,0
1,22,5,human,1,0
1,22,5,dwarf,1,0
1,22,5,orc,2,1000
1,22,5,halfling,1,0
1,22,5,dragonkin,1,0
1,22,5,guardian,4,30
1,22,5,warrior,2,1500
1,22,6,human,1,0
1,22,6,dwarf,2,10
1,22,6,orc,2,1000
1,22,6,halfling,1,0
1,22,6,guardian,2,15
1,22,6,warrior,2,1500
1,22,6,mage,2,2000
1,22,7,human,1,0
1,22,7,dwarf,1,0
1,22,7,orc,1,0
1,22,7,halfling,2,1000
1,22,7,guardian,3,15
1,22,7,warrior,1,0
1,22,7,ranger,1,0
1,23,0,human,1,0
1,23,0,elf,1,0
1,23,0,orc,1,0
1,23,0,halfling,1,0
1,23,0,dragonkin,1,0
1,23,0,guardian,1,0
1,23,0,warrior,2,1500
1,23,0,ranger,2,1500
1,23,1,human,1,0
1,23,1,elf,2,1000
1,23,1,orc,1,0
1,23,1,halfling,2,1000
1,23,1,warrior,3,1500
1,23,1,ranger,1,0
1,23,1,rogue,2,1500
1,23,2,human,2,1000
1,23,2,dwarf,2,10
1,23,2,halfling,2,1000
1,23,2,guardian,2,15
1,23,2,warrior,2,1500
1,23,2,rogue,1,0
1,23,2,priest,1,0
1,23,3,human,1,0
1,23,3,dwarf,2,10
1,23,3,halfling,2,1000
1,23,3,guardian,1,0
1,23,3,warrior,3,1500
1,23,3,mage,1,0
1,23,4,human,2,1000
1,23,4,dwarf,1,0
1,23,4,halfling,2,1000
1,23,4,guardian,2,15
1,23,4,warrior,1,0
1,23,4,ranger,1,0
1,23,4,mage,1,0
1,23,5,human,1,0
1,23,5,dwarf,1,0
1,23,5,orc,2,1000
1,23,5,halfling,1,0
1,23,5,dragonkin,1,0
1,23,5,guardian,4,30
1,23,5,warrior,2,1500
1,23,6,human,1,0
1,23,6,dwarf,2,10
1,23,6,orc,2,1000
1,23,6,halfling,1,0
1,23,6,guardian,2,15
1,23,6,warrior,2,1500
1,23,6,mage,2,2000
1,23,7,human,1,0
1,23,7,dwarf,1,0
1,23,7,orc,1,0
1,23,7,halfling,2,1000
1,23,7,guardian,3,15
1,23,7,warrior,1,0
1,23,7,ranger,1,0
1,24,0,human,1,0
1,24,0,elf,1,0
1,24,0,orc,1,0
1,24,0,halfling,1,0
1,24,0,dragonkin,1,0
1,24,0,guardian,1,0
1,24,0,warrior,2,1500
1,24,0,ranger,2,1500
1,24,1,human,1,0
1,24,1,elf,2,1000
1,24,1,orc,1,0
1,24,1,halfling,2,1000
1,24,1,warrior,3,1500
1,24,1,ranger,1,0
1,24,1,rogue,2,1500
1,24,2,human,2,1000
1,24,2,dwarf,2,10
1,24,2,halfling,2,1000
1,24,2,guardian,2,15
1,24,2,warrior,2,1500
1,24,2,rogue,1,0
1,24,2,priest,1,0
1,24,3,human,1,0
1,24,3,dwarf,2,10
1,24,3,halfling,2,1000
1,24,3,guardian,1,0
1,24,3,warrior,3,1500
1,24,3,mage,1,0
1,24,4,human,2,1000
1,24,4,orc,1,0
1,24,4,halfling,3,1000
1,24,4,guardian,1,0
1,24,4,warrior,2,1500
1,24,4,ranger,1,0
1,24,4,mage,2,2000
1,24,5,human,1,0
1,24,5,dwarf,1,0
1,24,5,orc,2,1000
1,24,5,halfling,1,0
1,24,5,dragonkin,1,0
1,24,5,guardian,4,30
1,24,5,warrior,2,1500
1,24,6,human,1,0
1,24,6,dwarf,2,10
1,24,6,orc,2,1000
1,24,6,halfling,1,0
1,24,6,guardian,2,15
1,24,6,warrior,2,1500
1,24,6,mage,2,2000
1,24,7,human,1,0
1,24,7,dwarf,1,0
1,24,7,orc,1,0
1,24,7,halfling,2,1000
1,24,7,guardian,3,15
1,24,7,warrior,1,0
1,24,7,ranger,1,0
1,25,0,human,1,0
1,25,0,elf,1,0
1,25,0,orc,1,0
1,25,0,halfling,1,0
1,25,0,dragonkin,1,0
1,25,0,guardian,1,0
1,25,0,warrior,2,1500
1,25,0,ranger,2,1500
1,25,1,human,1,0
1,25,1,elf,2,1000
1,25,1,orc,1,0
1,25,1,halfling,2,1000
1,25,1,warrior,3,1500
1,25,1,ranger,1,0
1,25,1,rogue,2,1500
1,25,2,human,2,1000
1,25,2,dwarf,2,10
1,25,2,halfling,2,1000
1,25,2,guardian,2,15
1,25,2,warrior,2,1500
1,25,2,rogue,1,0
1,25,2,priest,1,0
1,25,3,human,1,0
1,25,3,dwarf,2,10
1,25,3,halfling,2,1000
1,25,3,guardian,1,0
1,25,3,warrior,3,1500
1,25,3,mage,1,0
1,25,4,human,2,1000
1,25,4,orc,1,0
1,25,4,halfling,3,1000
1,25,4,guardian,1,0
1,25,4,warrior,2,1500
1,25,4,ranger,1,0
1,25,4,mage,2,2000
1,25,5,human,1,0
1,25,5,dwarf,1,0
1,25,5,orc,2,1000
1,25,5,halfling,1,0
1,25,5,dragonkin,1,0
1,25,5,guardian,4,30
1,25,5,warrior,2,1500
1,25,6,human,1,0
1,25,6,dwarf,2,10
1,25,6,orc,2,1000
1,25,6,halfling,1,0
1,25,6,guardian,2,15
1,25,6,warrior,2,1500
1,25,6,mage,2,2000
1,25,7,human,1,0
1,25,7,dwarf,1,0
1,25,7,orc,1,0
1,25,7,halfling,2,1000
1,25,7,guardian,3,15
1,25,7,warrior,1,0
1,25,7,ranger,1,0
1,26,0,human,1,0
1,26,0,elf,1,0
1,26,0,orc,1,0
1,26,0,halfling,1,0
1,26,0,dragonkin,1,0
1,26,0,guardian,1,0
1,26,0,warrior,2,1500
1,26,0,ranger,2,1500
1,26,1,human,1,0
1,26,1,elf,2,1000
1,26,1,orc,1,0
1,26,1,halfling,2,1000
1,26,1,warrior,3,1500
1,26,1,ranger,1,0
1,26,1,rogue,2,1500
1,26,2,human,2,1000
1,26,2,dwarf,2,10
1,26,2,halfling,2,1000
1,26,2,guardian,2,15
1,26,2,warrior,2,1500
1,26,2,rogue,1,0
1,26,2,priest,1,0
1,26,3,human,1,0
1,26,3,dwarf,2,10
1,26,3,halfling,2,1000
1,26,3,guardian,1,0
1,26,3,warrior,3,1500
1,26,3,mage,1,0
1,26,4,human,2,1000
1,26,4,orc,1,0
1,26,4,halfling,3,1000
1,26,4,guardian,1,0
1,26,4,warrior,2,1500
1,26,4,ranger,1,0
1,26,4,mage,2,2000
1,26,5,human,1,0
1,26,5,dwarf,1,0
1,26,5,orc,2,1000
1,26,5,halfling,1,0
1,26,5,dragonkin,1,0
1,26,5,guardian,4,30
1,26,5,warrior,2,1500
1,26,6,human,1,0
1,26,6,dwarf,2,10
1,26,6,orc,2,1000
1,26,6,halfling,1,0
1,26,6,guardian,2,15
1,26,6,warrior,2,1500
1,26,6,mage,2,2000
1,26,7,human,1,0
1,26,7,dwarf,1,0
1,26,7,orc,1,0
1,26,7,halfling,2,1000
1,26,7,guardian,3,15
1,26,7,warrior,1,0
1,26,7,mage,1,0
1,27,0,human,1,0
1,27,0,elf,1,0
1,27,0,orc,1,0
1,27,0,halfling,1,0
1,27,0,dragonkin,1,0
1,27,0,guardian,1,0
1,27,0,warrior,2,1500
1,27,0,ranger,2,1500
1,27,1,human,1,0
1,27,1,elf,2,1000
1,27,1,orc,1,0
1,27,1,halfling,2,1000
1,27,1,warrior,3,1500
1,27,1,ranger,1,0
1,27,1,rogue,2,1500
1,27,2,human,2,1000
1,27,2,dwarf,2,10
1,27,2,halfling,2,1000
1,27,2,guardian,2,15
1,27,2,warrior,2,1500
1,27,2,rogue,1,0
1,27,2,priest,1,0
1,27,3,human,1,0
1,27,3,dwarf,2,10
1,27,3,halfling,2,1000
1,27,3,guardian,1,0
1,27,3,warrior,3,1500
1,27,3,mage,1,0
1,27,4,human,2,1000
1,27,4,orc,1,0
1,27,4,halfling,3,1000
1,27,4,guardian,1,0
1,27,4,warrior,2,1500
1,27,4,ranger,1,0
1,27,4,mage,2,2000
1,27,5,human,1,0
1,27,5,dwarf,1,0
1,27,5,orc,2,1000
1,27,5,halfling,1,0
1,27,5,dragonkin,1,0
1,27,5,guardian,4,30
1,27,5,warrior,2,1500
1,27,6,human,1,0
1,27,6,dwarf,2,10
1,27,6,orc,2,1000
1,27,6,halfling,1,0
1,27,6,guardian,2,15
1,27,6,warrior,2,1500
1,27,6,mage,2,2000
1,27,7,human,1,0
1,27,7,dwarf,1,0
1,27,7,orc,1,0
1,27,7,halfling,2,1000
1,27,7,guardian,3,15
1,27,7,warrior,1,0
1,27,7,mage,1,0
1,28,0,human,1,0
1,28,0,elf,1,0
1,28,0,orc,1,0
1,28,0,halfling,1,0
1,28,0,dragonkin,1,0
1,28,0,guardian,1,0
1,28,0,warrior,2,1500
1,28,0,ranger,2,1500
1,28,1,human,1,0
1,28,1,elf,2,1000
1,28,1,orc,1,0
1,28,1,halfling,2,1000
1,28,1,warrior,3,1500
1,28,1,ranger,1,0
1,28,1,rogue,2,1500
1,28,2,human,2,1000
1,28,2,dwarf,2,10
1,28,2,halfling,2,1000
1,28,2,guardian,2,15
1,28,2,warrior,2,1500
1,28,2,rogue,1,0
1,28,2,priest,1,0
1,28,3,human,1,0
1,28,3,dwarf,2,10
1,28,3,halfling,2,1000
1,28,3,guardian,1,0
1,28,3,warrior,3,1500
1,28,3,mage,1,0
1,28,4,human,2,1000
1,28,4,orc,1,0
1,28,4,halfling,3,1000
1,28,4,guardian,1,0
1,28,4,warrior,2,1500
1,28,4,ranger,1,0
1,28,4,mage,2,2000
1,28,5,human,1,0
1,28,5,dwarf,1,0
1,28,5,orc,2,1000
1,28,5,halfling,1,0
1,28,5,dragonkin,1,0
1,28,5,guardian,4,30
1,28,5,warrior,2,1500
1,28,6,human,1,0
1,28,6,dwarf,2,10
1,28,6,orc,2,1000
1,28,6,halfling,1,0
1,28,6,guardian,2,15
1,28,6,warrior,2,1500
1,28,6,mage,2,2000
1,28,7,human,1,0
1,28,7,dwarf,1,0
1,28,7,orc,1,0
1,28,7,halfling,2,1000
1,28,7,guardian,3,15
1,28,7,warrior,1,0
1,28,7,mage,1,0
1,29,0,human,1,0
1,29,0,elf,1,0
1,29,0,orc,1,0
1,29,0,halfling,1,0
1,29,0,dragonkin,1,0
1,29,0,guardian,1,0
1,29,0,warrior,2,1500
1,29,0,ranger,2,1500
1,29,1,human,1,0
1,29,1,elf,2,1000
1,29,1,orc,1,0
1,29,1,halfling,2,1000
1,29,1,warrior,3,1500
1,29,1,ranger,1,0
1,29,1,rogue,2,1500
1,29,2,human,2,1000
1,29,2,dwarf,2,10
1,29,2,halfling,2,1000
1,29,2,guardian,2,15
1,29,2,warrior,2,1500
1,29,2,rogue,1,0
1,29,2,priest,1,0
1,29,3,human,1,0
1,29,3,dwarf,2,10
1,29,3,halfling,2,1000
1,29,3,guardian,1,0
1,29,3,warrior,3,1500
1,29,3,mage,1,0
1,29,4,human,2,1000
1,29,4,orc,1,0
1,29,4,halfling,3,1000
1,29,4,guardian,1,0
1,29,4,warrior,2,1500
1,29,4,ranger,1,0
1,29,4,mage,2,2000
1,29,5,human,1,0
1,29,5,dwarf,1,0
1,29,5,orc,2,1000
1,29,5,halfling,1,0
1,29,5,dragonkin,1,0
1,29,5,guardian,4,30
1,29,5,warrior,2,1500
1,29,6,human,1,0
1,29,6,dwarf,2,10
1,29,6,orc,2,1000
1,29,6,halfling,1,0
1,29,6,guardian,2,15
1,29,6,warrior,2,1500
1,29,6,mage,2,2000
1,29,7,human,1,0
1,29,7,dwarf,1,0
1,29,7,orc,1,0
1,29,7,halfling,2,1000
1,29,7,guardian,3,15
1,29,7,warrior,1,0
1,29,7,mage,1,0
2,1,0,human,1,0
2,1,0,orc,1,0
2,1,0,halfling,1,0
2,1,0,warrior,1,0
2,1,0,rogue,1,0
2,1,0,priest,1,0
2,1,1,dwarf,2,10
2,1,1,orc,1,0
2,1,1,halfling,1,0
2,1,1,guardian,2,15
2,1,1,warrior,1,0
2,1,1,ranger,1,0
2,1,2,human,2,1000
2,1,2,elf,1,0
2,1,2,orc,1,0
2,1,2,warrior,1,0
2,1,2,ranger,1,0
2,1,2,mage,1,0
2,1,2,priest,1,0
2,1,3,elf,1,0
2,1,3,dwarf,1,0
2,1,3,orc,1,0
2,1,3,warrior,2,1500
2,1,3,ranger,1,0
2,1,4,elf,2,1000
2,1,4,dwarf,1,0
2,1,4,orc,1,0
2,1,4,guardian,1,0
2,1,4,warrior,1,0
2,1,4,ranger,1,0
2,1,4,priest,1,0
2,1,5,human,1,0
2,1,5,elf,1,0
2,1,5,halfling,1,0
2,1,5,ranger,1,0
2,1,5,rogue,1,0
2,1,5,priest,1,0
2,1,6,human,1,0
2,1,6,elf,1,0
2,1,6,orc,1,0
2,1,6,halfling,1,0
2,1,6,guardian,1,0
2,1,6,warrior,2,1500
2,1,6,ranger,1,0
2,1,7,human,1,0
2,1,7,dwarf,1,0
2,1,7,halfling,1,0
2,1,7,guardian,2,15
2,1,7,ranger,1,0
2,2,0,orc,1,0
2,2,0,halfling,2,1000
2,2,0,dragonkin,1,0
2,2,0,warrior,2,1500
2,2,0,rogue,1,0
2,2,0,priest,1,0
2,2,1,human,2,1000
2,2,1,dwarf,2,10
2,2,1,guardian,2,15
2,2,1,warrior,2,1500
2,2,2,human,1,0
2,2,2,dwarf,2,10
2,2,2,orc,1,0
2,2,2,warrior,1,0
2,2,2,ranger,1,0
2,2,2,priest,2,1500
2,2,3,dwarf,1,0
2,2,3,orc,1,0
2,2,3,dragonkin,1,0
2,2,3,warrior,2,1500
2,2,3,ranger,1,0
2,2,4,dwarf,1,0
2,2,4,orc,2,1000
2,2,4,halfling,1,0
2,2,4,guardian,1,0
2,2,4,warrior,1,0
2,2,4,mage,2,2000
2,2,5,human,1,0
2,2,5,elf,2,1000
2,2,5,halfling,1,0
2,2,5,warrior,2,1500
2,2,5,ranger,1,0
2,2,5,rogue,1,0
2,2,6,human,2,1000
2,2,6,orc,2,1000
2,2,6,guardian,1,0
2,2,6,warrior,2,1500
2,2,6,rogue,1,0
2,2,7,human,1,0
2,2,7,dwarf,1,0
2,2,7,orc,1,0
2,2,7,dragonkin,1,0
2,2,7,guardian,4,30
2,3,0,elf,1,0
2,3,0,orc,2,1000
2,3,0,halfling,2,1000
2,3,0,warrior,2,1500
2,3,0,ranger,1,0
2,3,0,rogue,1,0
2,3,0,mage,1,0
2,3,1,human,2,1000
2,3,1,dwarf,2,10
2,3,1,orc,1,0
2,3,1,guardian,3,15
2,3,1,warrior,2,1500
2,3,2,human,2,1000
2,3,2,dwarf,2,10
2,3,2,orc,1,0
2,3,2,guardian,1,0
2,3,2,warrior,1,0
2,3,2,ranger,1,0
2,3,2,priest,2,1500
2,3,3,dwarf,2,10
2,3,3,orc,1,0
2,3,3,dragonkin,1,0
2,3,3,guardian,1,0
2,3,3,warrior,2,1500
2,3,3,ranger,1,0
2,3,4,dwarf,1,0
2,3,4,orc,2,1000
2,3,4,halfling,2,1000
2,3,4,guardian,1,0
2,3,4,warrior,2,1500
2,3,4,mage,2,2000
2,3,5,human,2,1000
2,3,5,elf,2,1000
2,3,5,halfling,1,0
2,3,5,warrior,2,1500
2,3,5,ranger,1,0
2,3,5,rogue,1,0
2,3,5,priest,1,0
2,3,6,human,2,1000
2,3,6,dwarf,1,0
2,3,6,orc,2,1000
2,3,6,guardian,1,0
2,3,6,warrior,3,1500
2,3,6,rogue,1,0
2,3,7,human,1,0
2,3,7,dwarf,1,0
2,3,7,orc,1,0
2,3,7,halfling,1,0
2,3,7,dragonkin,1,0
2,3,7,guardian,4,30
2,3,7,ranger,1,0
2,4,0,dwarf,1,0
2,4,0,orc,2,1000
2,4,0,halfling,2,1000
2,4,0,guardian,1,0
2,4,0,warrior,2,1500
2,4,0,rogue,1,0
2,4,0,mage,1,0
2,4,1,human,1,0
2,4,1,elf,1,0
2,4,1,dwarf,2,10
2,4,1,dragonkin,1,0
2,4,1,guardian,1,0
2,4,1,warrior,2,1500
2,4,1,rogue,2,1500
2,4,2,human,2,1000
2,4,2,dwarf,2,10
2,4,2,orc,1,0
2,4,2,guardian,1,0
2,4,2,warrior,1,0
2,4,2,ranger,1,0
2,4,2,priest,2,1500
2,4,3,human,1,0
2,4,3,dwarf,2,10
2,4,3,orc,2,1000
2,4,3,guardian,1,0
2,4,3,warrior,3,1500
2,4,3,mage,1,0
2,4,4,dwarf,1,0
2,4,4,orc,2,1000
2,4,4,halfling,2,1000
2,4,4,guardian,1,0
2,4,4,warrior,2,1500
2,4,4,mage,2,2000
2,4,5,human,2,1000
2,4,5,elf,2,1000
2,4,5,halfling,1,0
2,4,5,warrior,2,1500
2,4,5,ranger,1,0
2,4,5,rogue,1,0
2,4,5,priest,1,0
2,4,6,human,2,1000
2,4,6,dwarf,1,0
2,4,6,orc,2,1000
2,4,6,guardian,1,0
2,4,6,warrior,3,1500
2,4,6,rogue,1,0
2,4,7,human,1,0
2,4,7,dwarf,1,0
2,4,7,orc,1,0
2,4,7,halfling,1,0
2,4,7,dragonkin,1,0
2,4,7,guardian,4,30
2,4,7,ranger,1,0
2,5,0,dwarf,1,0
2,5,0,orc,2,1000
2,5,0,halfling,2,1000
2,5,0,guardian,1,0
2,5,0,warrior,2,1500
2,5,0,rogue,1,0
2,5,0,mage,1,0
2,5,1,human,1,0
2,5,1,elf,1,0
2,5,1,dwarf,2,10
2,5,1,dragonkin,1,0
2,5,1,guardian,1,0
2,5,1,warrior,2,1500
2,5,1,rogue,2,1500
2,5,2,human,1,0
2,5,2,dwarf,2,10
2,5,2,dragonkin,2,15
2,5,2,guardian,2,15
2,5,2,ranger,1,0
2,5,2,priest,2,1500
2,5,3,human,1,0
2,5,3,elf,1,0
2,5,3,dwarf,2,10
2,5,3,guardian,1,0
2,5,3,warrior,2,1500
2,5,3,ranger,1,0
2,5,4,human,1,0
2,5,4,orc,2,1000
2,5,4,halfling,2,1000
2,5,4,warrior,2,1500
2,5,4,mage,2,2000
2,5,4,priest,1,0
2,5,5,human,2,1000
2,5,5,elf,2,1000
2,5,5,orc,1,0
2,5,5,guardian,2,15
2,5,5,warrior,1,0
2,5,5,ranger,1,0
2,5,5,rogue,1,0
2,5,6,human,2,1000
2,5,6,dwarf,1,0
2,5,6,orc,2,1000
2,5,6,guardian,1,0
2,5,6,warrior,3,1500
2,5,6,rogue,1,0
2,5,7,human,1,0
2,5,7,dwarf,1,0
2,5,7,orc,1,0
2,5,7,halfling,1,0
2,5,7,dragonkin,1,0
2,5,7,guardian,4,30
2,5,7,ranger,1,0
2,6,0,dwarf,2,10
2,6,0,orc,2,1000
2,6,0,halfling,1,0
2,6,0,guardian,1,0
2,6,0,warrior,2,1500
2,6,0,rogue,1,0
2,6,0,mage,1,0
2,6,1,human,2,1000
2,6,1,elf,1,0
2,6,1,dwarf,2,10
2,6,1,guardian,2,15
2,6,1,warrior,2,1500
2,6,1,rogue,1,0
2,6,2,human,1,0
2,6,2,dwarf,2,10
2,6,2,dragonkin,2,15
2,6,2,guardian,2,15
2,6,2,ranger,1,0
2,6,2,priest,2,1500
2,6,3,elf,1,0
2,6,3,dwarf,2,10
2,6,3,halfling,1,0
2,6,3,guardian,1,0
2,6,3,warrior,1,0
2,6,3,ranger,2,1500
2,6,4,human,1,0
2,6,4,dwarf,2,10
2,6,4,orc,2,1000
2,6,4,guardian,1,0
2,6,4,warrior,2,1500
2,6,4,mage,1,0
2,6,4,priest,1,0
2,6,5,human,2,1000
2,6,5,elf,1,0
2,6,5,dwarf,1,0
2,6,5,orc,1,0
2,6,5,guardian,2,15
2,6,5,warrior,2,1500
2,6,5,ranger,1,0
2,6,6,human,1,0
2,6,6,elf,1,0
2,6,6,dwarf,1,0
2,6,6,orc,1,0
2,6,6,dragonkin,1,0
2,6,6,guardian,1,0
2,6,6,warrior,3,1500
2,6,6,ranger,1,0
2,6,7,human,1,0
2,6,7,dwarf,2,10
2,6,7,orc,1,0
2,6,7,halfling,1,0
2,6,7,guardian,3,15
2,6,7,warrior,1,0
2,6,7,ranger,1,0
2,7,0,dwarf,2,10
2,7,0,orc,2,1000
2,7,0,halfling,2,1000
2,7,0,guardian,1,0
2,7,0,warrior,3,1500
2,7,0,rogue,1,0
2,7,0,mage,1,0
2,7,1,human,2,1000
2,7,1,elf,1,0
2,7,1,dwarf,2,10
2,7,1,halfling,1,0
2,7,1,guardian,2,15
2,7,1,warrior,2,1500
2,7,1,ranger,1,0
2,7,1,rogue,1,0
2,7,2,human,2,1000
2,7,2,dwarf,1,0
2,7,2,halfling,1,0
2,7,2,dragonkin,2,15
2,7,2,guardian,2,15
2,7,2,warrior,2,1500
2,7,2,priest,2,1500
2,7,3,human,1,0
2,7,3,elf,1,0
2,7,3,dwarf,2,10
2,7,3,halfling,1,0
2,7,3,guardian,1,0
2,7,3,warrior,2,1500
2,7,3,ranger,2,1500
2,7,4,human,1,0
2,7,4,dwarf,2,10
2,7,4,orc,3,1000
2,7,4,guardian,2,15
2,7,4,warrior,2,1500
2,7,4,mage,1,0
2,7,4,priest,1,0
2,7,5,human,2,1000
2,7,5,elf,1,0
2,7,5,dwarf,2,10
2,7,5,orc,1,0
2,7,5,guardian,3,15
2,7,5,warrior,2,1500
2,7,5,ranger,1,0
2,7,6,human,2,1000
2,7,6,elf,1,0
2,7,6,dwarf,1,0
2,7,6,orc,1,0
2,7,6,dragonkin,1,0
2,7,6,guardian,2,15
2,7,6,warrior,3,1500
2,7,6,ranger,1,0
2,7,7,human,1,0
2,7,7,dwarf,2,10
2,7,7,orc,2,1000
2,7,7,halfling,1,0
2,7,7,guardian,3,15
2,7,7,warrior,2,1500
2,7,7,ranger,1,0
2,8,0,elf,1,0
2,8,0,dwarf,2,10
2,8,0,orc,2,1000
2,8,0,halfling,1,0
2,8,0,guardian,1,0
2,8,0,warrior,2,1500
2,8,0,rogue,2,1500
2,8,0,mage,1,0
2,8,1,human,2,1000
2,8,1,elf,1,0
2,8,1,dwarf,2,10
2,8,1,halfling,1,0
2,8,1,guardian,2,15
2,8,1,warrior,2,1500
2,8,1,ranger,1,0
2,8,1,rogue,1,0
2,8,2,human,2,1000
2,8,2,dwarf,1,0
2,8,2,halfling,1,0
2,8,2,dragonkin,2,15
2,8,2,guardian,2,15
2,8,2,warrior,2,1500
2,8,2,priest,2,1500
2,8,3,human,1,0
2,8,3,elf,1,0
2,8,3,dwarf,2,10
2,8,3,halfling,1,0
2,8,3,guardian,1,0
2,8,3,warrior,2,1500
2,8,3,ranger,2,1500
2,8,4,human,1,0
2,8,4,dwarf,2,10
2,8,4,orc,3,1000
2,8,4,guardian,2,15
2,8,4,warrior,2,1500
2,8,4,mage,1,0
2,8,4,priest,1,0
2,8,5,human,2,1000
2,8,5,elf,1,0
2,8,5,dwarf,2,10
2,8,5,orc,1,0
2,8,5,guardian,3,15
2,8,5,warrior,2,1500
2,8,5,ranger,1,0
2,8,6,human,1,0
2,8,6,elf,1,0
2,8,6,dwarf,1,0
2,8,6,orc,2,1000
2,8,6,dragonkin,1,0
2,8,6,guardian,1,0
2,8,6,warrior,3,1500
2,8,6,ranger,1,0
2,8,6,rogue,1,0
2,8,7,human,1,0
2,8,7,dwarf,2,10
2,8,7,orc,1,0
2,8,7,halfling,2,1000
2,8,7,guardian,3,15
2,8,7,warrior,1,0
2,8,7,ranger,1,0
2,8,7,mage,1,0
2,9,0,elf,1,0
2,9,0,dwarf,2,10
2,9,0,orc,1,0
2,9,0,halfling,2,1000
2,9,0,guardian,1,0
2,9,0,warrior,2,1500
2,9,0,rogue,2,1500
2,9,0,mage,1,0
2,9,1,human,2,1000
2,9,1,elf,1,0
2,9,1,dwarf,2,10
2,9,1,halfling,1,0
2,9,1,guardian,2,15
2,9,1,warrior,2,1500
2,9,1,ranger,1,0
2,9,1,rogue,1,0
2,9,2,human,1,0
2,9,2,orc,2,1000
2,9,2,halfling,1,0
2,9,2,dragonkin,2,15
2,9,2,guardian,3,15
2,9,2,warrior,2,1500
2,9,2,priest,1,0
2,9,3,human,1,0
2,9,3,elf,1,0
2,9,3,dwarf,2,10
2,9,3,halfling,1,0
2,9,3,guardian,1,0
2,9,3,warrior,2,1500
2,9,3,ranger,2,1500
2,9,4,human,1,0
2,9,4,dwarf,2,10
2,9,4,orc,3,1000
2,9,4,guardian,2,15
2,9,4,warrior,2,1500
2,9,4,mage,1,0
2,9,4,priest,1,0
2,9,5,human,2,1000
2,9,5,elf,1,0
2,9,5,dwarf,2,10
2,9,5,orc,1,0
2,9,5,guardian,3,15
2,9,5,warrior,2,1500
2,9,5,ranger,1,0
2,9,6,human,1,0
2,9,6,elf,1,0
2,9,6,dwarf,1,0
2,9,6,orc,2,1000
2,9,6,dragonkin,1,0
2,9,6,guardian,1,0
2,9,6,warrior,3,1500
2,9,6,ranger,1,0
2,9,6,rogue,1,0
2,9,7,human,1,0
2,9,7,dwarf,2,10
2,9,7,orc,1,0
2,9,7,halfling,2,1000
2,9,7,guardian,3,15
2,9,7,warrior,1,0
2,9,7,ranger,1,0
2,9,7,mage,1,0
2,10,0,human,1,0
2,10,0,elf,1,0
2,10,0,dwarf,2,10
2,10,0,halfling,2,1000
2,10,0,guardian,2,15
2,10,0,warrior,2,1500
2,10,0,rogue,2,1500
2,10,1,human,2,1000
2,10,1,elf,1,0
2,10,1,dwarf,2,10
2,10,1,halfling,1,0
2,10,1,guardian,2,15
2,10,1,warrior,2,1500
2,10,1,ranger,1,0
2,10,1,rogue,1,0
2,10,2,human,1,0
2,10,2,orc,2,1000
2,10,2,halfling,1,0
2,10,2,dragonkin,2,15
2,10,2,guardian,3,15
2,10,2,warrior,2,1500
2,10,2,priest,1,0
2,10,3,human,1,0
2,10,3,elf,1,0
2,10,3,dwarf,2,10
2,10,3,halfling,1,0
2,10,3,guardian,1,0
2,10,3,warrior,2,1500
2,10,3,ranger,2,1500
2,10,4,human,1,0
2,10,4,dwarf,2,10
2,10,4,orc,3,1000
2,10,4,guardian,2,15
2,10,4,warrior,2,1500
2,10,4,mage,1,0
2,10,4,priest,1,0
2,10,5,human,2,1000
2,10,5,elf,1,0
2,10,5,dwarf,2,10
2,10,5,halfling,1,0
2,10,5,guardian,2,15
2,10,5,warrior,2,1500
2,10,5,ranger,1,0
2,10,5,priest,1,0
2,10,6,human,1,0
2,10,6,elf,1,0
2,10,6,dwarf,1,0
2,10,6,orc,2,1000
2,10,6,dragonkin,1,0
2,10,6,guardian,1,0
2,10,6,warrior,3,1500
2,10,6,ranger,1,0
2,10,6,rogue,1,0
2,10,7,human,1,0
2,10,7,elf,1,0
2,10,7,dwarf,1,0
2,10,7,orc,1,0
2,10,7,halfling,2,1000
2,10,7,guardian,3,15
2,10,7,ranger,2,1500
2,10,7,mage,1,0
2,11,0,human,1,0
2,11,0,elf,1,0
2,11,0,dwarf,2,10
2,11,0,halfling,2,1000
2,11,0,guardian,2,15
2,11,0,warrior,2,1500
2,11,0,rogue,2,1500
2,11,1,human,2,1000
2,11,1,elf,1,0
2,11,1,dwarf,2,10
2,11,1,halfling,1,0
2,11,1,guardian,2,15
2,11,1,warrior,2,1500
2,11,1,ranger,1,0
2,11,1,rogue,1,0
2,11,2,human,1,0
2,11,2,orc,2,1000
2,11,2,halfling,1,0
2,11,2,dragonkin,2,15
2,11,2,guardian,3,15
2,11,2,warrior,2,1500
2,11,2,priest,1,0
2,11,3,human,1,0
2,11,3,elf,1,0
2,11,3,dwarf,2,10
2,11,3,halfling,1,0
2,11,3,guardian,1,0
2,11,3,warrior,2,1500
2,11,3,ranger,2,1500
2,11,4,human,1,0
2,11,4,dwarf,2,10
2,11,4,orc,3,1000
2,11,4,guardian,2,15
2,11,4,warrior,2,1500
2,11,4,mage,1,0
2,11,4,priest,1,0
2,11,5,human,2,1000
2,11,5,elf,1,0
2,11,5,dwarf,2,10
2,11,5,halfling,1,0
2,11,5,guardian,2,15
2,11,5,warrior,2,1500
2,11,5,ranger,1,0
2,11,5,priest,1,0
2,11,6,human,1,0
2,11,6,elf,1,0
2,11,6,dwarf,1,0
2,11,6,orc,2,1000
2,11,6,halfling,1,0
2,11,6,warrior,4,3000
2,11,6,ranger,1,0
2,11,6,rogue,1,0
2,11,7,human,1,0
2,11,7,elf,1,0
2,11,7,dwarf,1,0
2,11,7,orc,1,0
2,11,7,halfling,2,1000
2,11,7,guardian,3,15
2,11,7,ranger,2,1500
2,11,7,mage,1,0
2,12,0,human,2,1000
2,12,0,elf,1,0
2,12,0,dwarf,1,0
2,12,0,halfling,2,1000
2,12,0,guardian,1,0
2,12,0,warrior,2,1500
2,12,0,rogue,2,1500
2,12,0,mage,1,0
2,12,1,human,2,1000
2,12,1,elf,1,0
2,12,1,dwarf,2,10
2,12,1,halfling,1,0
2,12,1,guardian,2,15
2,12,1,warrior,2,1500
2,12,1,ranger,1,0
2,12,1,rogue,1,0
2,12,2,human,1,0
2,12,2,orc,2,1000
2,12,2,halfling,1,0
2,12,2,dragonkin,2,15
2,12,2,guardian,3,15
2,12,2,warrior,2,1500
2,12,2,priest,1,0
2,12,3,elf,1,0
2,12,3,dwarf,2,10
2,12,3,orc,1,0
2,12,3,dragonkin,1,0
2,12,3,guardian,1,0
2,12,3,warrior,2,1500
2,12,3,ranger,2,1500
2,12,4,human,1,0
2,12,4,dwarf,2,10
2,12,4,orc,3,1000
2,12,4,guardian,2,15
2,12,4,warrior,2,1500
2,12,4,mage,1,0
2,12,4,priest,1,0
2,12,5,human,2,1000
2,12,5,elf,1,0
2,12,5,dwarf,2,10
2,12,5,halfling,1,0
2,12,5,guardian,2,15
2,12,5,warrior,2,1500
2,12,5,ranger,1,0
2,12,5,priest,1,0
2,12,6,human,1,0
2,12,6,elf,1,0
2,12,6,dwarf,1,0
2,12,6,orc,2,1000
2,12,6,halfling,1,0
2,12,6,warrior,4,3000
2,12,6,ranger,1,0
2,12,6,rogue,1,0
2,12,7,human,1,0
2,12,7,elf,1,0
2,12,7,dwarf,1,0
2,12,7,orc,1,0
2,12,7,halfling,2,1000
2,12,7,guardian,3,15
2,12,7,ranger,2,1500
2,12,7,mage,1,0
2,13,0,human,2,1000
2,13,0,elf,1,0
2,13,0,dwarf,1,0
2,13,0,halfling,2,1000
2,13,0,guardian,1,0
2,13,0,warrior,2,1500
2,13,0,rogue,2,1500
2,13,0,mage,1,0
2,13,1,human,2,1000
2,13,1,elf,1,0
2,13,1,dwarf,2,10
2,13,1,halfling,1,0
2,13,1,guardian,2,15
2,13,1,warrior,2,1500
2,13,1,ranger,1,0
2,13,1,rogue,1,0
2,13,2,human,1,0
2,13,2,orc,2,1000
2,13,2,halfling,1,0
2,13,2,dragonkin,2,15
2,13,2,guardian,3,15
2,13,2,warrior,2,1500
2,13,2,priest,1,0
2,13,3,elf,1,0
2,13,3,dwarf,2,10
2,13,3,orc,1,0
2,13,3,dragonkin,1,0
2,13,3,guardian,1,0
2,13,3,warrior,2,1500
2,13,3,ranger,2,1500
2,13,4,dwarf,2,10
2,13,4,orc,2,1000
2,13,4,dragonkin,2,15
2,13,4,guardian,2,15
2,13,4,warrior,2,1500
2,13,4,mage,1,0
2,13,4,priest,1,0
2,13,5,human,2,1000
2,13,5,elf,1,0
2,13,5,dwarf,2,10
2,13,5,halfling,1,0
2,13,5,guardian,2,15
2,13,5,warrior,2,1500
2,13,5,ranger,1,0
2,13,5,priest,1,0
2,13,6,human,1,0
2,13,6,elf,1,0
2,13,6,dwarf,1,0
2,13,6,orc,2,1000
2,13,6,halfling,1,0
2,13,6,warrior,4,3000
2,13,6,ranger,1,0
2,13,6,rogue,1,0
2,13,7,human,1,0
2,13,7,elf,1,0
2,13,7,dwarf,1,0
2,13,7,orc,1,0
2,13,7,halfling,2,1000
2,13,7,guardian,3,15
2,13,7,ranger,2,1500
2,13,7,mage,1,0
2,14,0,human,2,1000
2,14,0,elf,1,0
2,14,0,dwarf,1,0
2,14,0,halfling,2,1000
2,14,0,guardian,1,0
2,14,0,warrior,2,1500
2,14,0,rogue,2,1500
2,14,0,mage,1,0
2,14,1,human,2,1000
2,14,1,elf,1,0
2,14,1,dwarf,2,10
2,14,1,halfling,1,0
2,14,1,guardian,2,15
2,14,1,warrior,2,1500
2,14,1,ranger,1,0
2,14,1,rogue,1,0
2,14,2,human,1,0
2,14,2,dwarf,1,0
2,14,2,orc,2,1000
2,14,2,halfling,1,0
2,14,2,dragonkin,1,0
2,14,2,guardian,3,15
2,14,2,warrior,2,1500
2,14,2,ranger,1,0
2,14,3,elf,1,0
2,14,3,dwarf,2,10
2,14,3,orc,1,0
2,14,3,dragonkin,1,0
2,14,3,guardian,1,0
2,14,3,warrior,2,1500
2,14,3,ranger,2,1500
2,14,4,dwarf,2,10
2,14,4,orc,2,1000
2,14,4,dragonkin,2,15
2,14,4,guardian,2,15
2,14,4,warrior,2,1500
2,14,4,mage,1,0
2,14,4,priest,1,0
2,14,5,human,2,1000
2,14,5,elf,1,0
2,14,5,dwarf,2,10
2,14,5,halfling,1,0
2,14,5,guardian,2,15
2,14,5,warrior,2,1500
2,14,5,ranger,1,0
2,14,5,priest,1,0
2,14,6,human,1,0
2,14,6,elf,1,0
2,14,6,dwarf,1,0
2,14,6,orc,2,1000
2,14,6,halfling,1,0
2,14,6,warrior,4,3000
2,14,6,ranger,1,0
2,14,6,rogue,1,0
2,14,7,human,1,0
2,14,7,elf,1,0
2,14,7,dwarf,1,0
2,14,7,orc,1,0
2,14,7,halfling,2,1000
2,14,7,guardian,3,15
2,14,7,ranger,2,1500
2,14,7,mage,1,0
2,15,0,human,2,1000
2,15,0,elf,1,0
2,15,0,dwarf,1,0
2,15,0,halfling,2,1000
2,15,0,guardian,1,0
2,15,0,warrior,2,1500
2,15,0,rogue,2,1500
2,15,0,mage,1,0
2,15,1,human,2,1000
2,15,1,elf,1,0
2,15,1,dwarf,2,10
2,15,1,halfling,1,0
2,15,1,guardian,2,15
2,15,1,warrior,2,1500
2,15,1,ranger,1,0
2,15,1,rogue,1,0
2,15,2,human,1,0
2,15,2,dwarf,1,0
2,15,2,orc,2,1000
2,15,2,halfling,1,0
2,15,2,dragonkin,1,0
2,15,2,guardian,3,15
2,15,2,warrior,2,1500
2,15,2,ranger,1,0
2,15,3,elf,1,0
2,15,3,dwarf,2,10
2,15,3,orc,1,0
2,15,3,dragonkin,1,0
2,15,3,guardian,1,0
2,15,3,warrior,2,1500
2,15,3,ranger,2,1500
2,15,4,dwarf,2,10
2,15,4,orc,2,1000
2,15,4,dragonkin,2,15
2,15,4,guardian,2,15
2,15,4,warrior,2,1500
2,15,4,mage,1,0
2,15,4,priest,1,0
2,15,5,human,2,1000
2,15,5,elf,1,0
2,15,5,dwarf,2,10
2,15,5,halfling,1,0
2,15,5,guardian,2,15
2,15,5,warrior,2,1500
2,15,5,ranger,1,0
2,15,5,priest,1,0
2,15,6,human,1,0
2,15,6,elf,1,0
2,15,6,dwarf,1,0
2,15,6,orc,2,1000
2,15,6,halfling,1,0
2,15,6,warrior,4,3000
2,15,6,ranger,1,0
2,15,6,rogue,1,0
2,15,7,human,1,0
2,15,7,elf,1,0
2,15,7,dwarf,1,0
2,15,7,orc,1,0
2,15,7,halfling,2,1000
2,15,7,guardian,3,15
2,15,7,ranger,2,1500
2,15,7,mage,1,0
2,16,0,human,2,1000
2,16,0,elf,1,0
2,16,0,dwarf,1,0
2,16,0,halfling,2,1000
2,16,0,guardian,1,0
2,16,0,warrior,2,1500
2,16,0,rogue,2,1500
2,16,0,mage,1,0
2,16,1,human,2,1000
2,16,1,elf,1,0
2,16,1,dwarf,2,10
2,16,1,halfling,1,0
2,16,1,guardian,2,15
2,16,1,warrior,2,1500
2,16,1,ranger,1,0
2,16,1,rogue,1,0
2,16,2,human,1,0
2,16,2,dwarf,1,0
2,16,2,orc,2,1000
2,16,2,halfling,1,0
2,16,2,dragonkin,1,0
2,16,2,guardian,3,15
2,16,2,warrior,2,1500
2,16,2,ranger,1,0
2,16,3,elf,1,0
2,16,3,dwarf,2,10
2,16,3,orc,1,0
2,16,3,dragonkin,1,0
2,16,3,guardian,1,0
2,16,3,warrior,2,1500
2,16,3,ranger,2,1500
2,16,4,dwarf,2,10
2,16,4,orc,2,1000
2,16,4,dragonkin,2,15
2,16,4,guardian,2,15
2,16,4,warrior,2,1500
2,16,4,mage,1,0
2,16,4,priest,1,0
2,16,5,human,2,1000
2,16,5,elf,1,0
2,16,5,dwarf,2,10
2,16,5,halfling,1,0
2,16,5,guardian,2,15
2,16,5,warrior,2,1500
2,16,5,ranger,1,0
2,16,5,priest,1,0
2,16,6,human,1,0
2,16,6,elf,1,0
2,16,6,dwarf,1,0
2,16,6,orc,2,1000
2,16,6,halfling,1,0
2,16,6,warrior,4,3000
2,16,6,ranger,1,0
2,16,6,rogue,1,0
2,16,7,human,1,0
2,16,7,dwarf,1,0
2,16,7,orc,1,0
2,16,7,halfling,1,0
2,16,7,dragonkin,1,0
2,16,7,guardian,3,15
2,16,7,ranger,1,0
2,16,7,mage,1,0
2,17,0,human,2,1000
2,17,0,elf,1,0
2,17,0,dwarf,1,0
2,17,0,halfling,2,1000
2,17,0,guardian,1,0
2,17,0,warrior,2,1500
2,17,0,rogue,2,1500
2,17,0,mage,1,0
2,17,1,human,2,1000
2,17,1,elf,1,0
2,17,1,dwarf,2,10
2,17,1,halfling,1,0
2,17,1,guardian,2,15
2,17,1,warrior,2,1500
2,17,1,ranger,1,0
2,17,1,rogue,1,0
2,17,2,human,1,0
2,17,2,dwarf,1,0
2,17,2,orc,2,1000
2,17,2,halfling,1,0
2,17,2,dragonkin,1,0
2,17,2,guardian,3,15
2,17,2,warrior,2,1500
2,17,2,ranger,1,0
2,17,3,elf,1,0
2,17,3,dwarf,2,10
2,17,3,orc,1,0
2,17,3,dragonkin,1,0
2,17,3,guardian,1,0
2,17,3,warrior,2,1500
2,17,3,ranger,2,1500
2,17,4,dwarf,2,10
2,17,4,orc,2,1000
2,17,4,dragonkin,2,15
2,17,4,guardian,2,15
2,17,4,warrior,2,1500
2,17,4,mage,1,0
2,17,4,priest,1,0
2,17,5,human,2,1000
2,17,5,elf,1,0
2,17,5,dwarf,2,10
2,17,5,halfling,1,0
2,17,5,guardian,2,15
2,17,5,warrior,2,1500
2,17,5,ranger,1,0
2,17,5,priest,1,0
2,17,6,human,1,0
2,17,6,elf,1,0
2,17,6,dwarf,1,0
2,17,6,orc,2,1000
2,17,6,halfling,1,0
2,17,6,warrior,4,3000
2,17,6,ranger,1,0
2,17,6,rogue,1,0
2,17,7,human,1,0
2,17,7,dwarf,1,0
2,17,7,orc,1,0
2,17,7,halfling,1,0
2,17,7,dragonkin,1,0
2,17,7,guardian,3,15
2,17,7,ranger,1,0
2,17,7,mage,1,0
2,18,0,human,2,1000
2,18,0,elf,1,0
2,18,0,dwarf,1,0
2,18,0,halfling,2,1000
2,18,0,guardian,1,0
2,18,0,warrior,2,1500
2,18,0,rogue,2,1500
2,18,0,mage,1,0
2,18,1,human,2,1000
2,18,1,elf,1,0
2,18,1,dwarf,2,10
2,18,1,halfling,1,0
2,18,1,guardian,2,15
2,18,1,warrior,2,1500
2,18,1,ranger,1,0
2,18,1,rogue,1,0
2,18,2,human,1,0
2,18,2,dwarf,1,0
2,18,2,orc,2,1000
2,18,2,halfling,1,0
2,18,2,dragonkin,1,0
2,18,2,guardian,3,15
2,18,2,warrior,2,1500
2,18,2,ranger,1,0
2,18,3,elf,1,0
2,18,3,dwarf,2,10
2,18,3,orc,1,0
2,18,3,dragonkin,1,0
2,18,3,guardian,1,0
2,18,3,warrior,2,1500
2,18,3,ranger,2,1500
2,18,4,dwarf,2,10
2,18,4,orc,2,1000
2,18,4,dragonkin,2,15
2,18,4,guardian,2,15
2,18,4,warrior,2,1500
2,18,4,mage,1,0
2,18,4,priest,1,0
2,18,5,human,2,1000
2,18,5,elf,1,0
2,18,5,dwarf,2,10
2,18,5,halfling,1,0
2,18,5,guardian,2,15
2,18,5,warrior,2,1500
2,18,5,ranger,1,0
2,18,5,priest,1,0
2,18,6,human,1,0
2,18,6,elf,1,0
2,18,6,dwarf,1,0
2,18,6,orc,2,1000
2,18,6,halfling,1,0
2,18,6,warrior,4,3000
2,18,6,ranger,1,0
2,18,6,rogue,1,0
2,18,7,human,1,0
2,18,7,dwarf,1,0
2,18,7,orc,1,0
2,18,7,halfling,1,0
2,18,7,dragonkin,1,0
2,18,7,guardian,3,15
2,18,7,ranger,1,0
2,18,7,mage,1,0
2,19,0,human,2,1000
2,19,0,elf,1,0
2,19,0,dwarf,1,0
2,19,0,halfling,2,1000
2,19,0,guardian,1,0
2,19,0,warrior,2,1500
2,19,0,rogue,2,1500
2,19,0,mage,1,0
2,19,1,human,2,1000
2,19,1,elf,1,0
2,19,1,dwarf,2,10
2,19,1,halfling,1,0
2,19,1,guardian,2,15
2,19,1,warrior,2,1500
2,19,1,ranger,1,0
2,19,1,rogue,1,0
2,19,2,human,1,0
2,19,2,dwarf,1,0
2,19,2,orc,2,1000
2,19,2,halfling,1,0
2,19,2,dragonkin,1,0
2,19,2,guardian,3,15
2,19,2,warrior,2,1500
2,19,2,ranger,1,0
2,19,3,elf,1,0
2,19,3,dwarf,2,10
2,19,3,orc,1,0
2,19,3,dragonkin,1,0
2,19,3,guardian,1,0
2,19,3,warrior,2,1500
2,19,3,ranger,2,1500
2,19,4,dwarf,2,10
2,19,4,orc,2,1000
2,19,4,dragonkin,2,15
2,19,4,guardian,2,15
2,19,4,warrior,2,1500
2,19,4,mage,1,0
2,19,4,priest,1,0
2,19,5,human,2,1000
2,19,5,elf,1,0
2,19,5,dwarf,2,10
2,19,5,halfling,1,0
2,19,5,guardian,2,15
2,19,5,warrior,2,1500
2,19,5,ranger,1,0
2,19,5,priest,1,0
2,19,6,human,1,0
2,19,6,elf,1,0
2,19,6,dwarf,1,0
2,19,6,orc,2,1000
2,19,6,halfling,1,0
2,19,6,warrior,4,3000
2,19,6,ranger,1,0
2,19,6,rogue,1,0
2,19,7,human,1,0
2,19,7,dwarf,1,0
2,19,7,orc,1,0
2,19,7,halfling,1,0
2,19,7,dragonkin,1,0
2,19,7,guardian,3,15
2,19,7,ranger,1,0
2,19,7,mage,1,0
2,20,0,human,2,1000
2,20,0,elf,1,0
2,20,0,dwarf,1,0
2,20,0,halfling,2,1000
2,20,0,guardian,1,0
2,20,0,warrior,2,1500
2,20,0,rogue,2,1500
2,20,0,mage,1,0
2,20,1,human,2,1000
2,20,1,elf,1,0
2,20,1,dwarf,2,10
2,20,1,halfling,1,0
2,20,1,guardian,2,15
2,20,1,warrior,2,1500
2,20,1,ranger,1,0
2,20,1,rogue,1,0
2,20,2,human,1,0
2,20,2,dwarf,1,0
2,20,2,orc,2,1000
2,20,2,halfling,1,0
2,20,2,dragonkin,1,0
2,20,2,guardian,3,15
2,20,2,warrior,2,1500
2,20,2,ranger,1,0
2,20,3,elf,1,0
2,20,3,dwarf,2,10
2,20,3,orc,1,0
2,20,3,dragonkin,1,0
2,20,3,guardian,1,0
2,20,3,warrior,2,1500
2,20,3,ranger,2,1500
2,20,4,dwarf,2,10
2,20,4,orc,2,1000
2,20,4,dragonkin,2,15
2,20,4,guardian,2,15
2,20,4,warrior,2,1500
2,20,4,mage,1,0
2,20,4,priest,1,0
2,20,5,human,2,1000
2,20,5,elf,1,0
2,20,5,dwarf,2,10
2,20,5,halfling,1,0
2,20,5,guardian,2,15
2,20,5,warrior,2,1500
2,20,5,ranger,1,0
2,20,5,priest,1,0
2,20,6,human,1,0
2,20,6,elf,1,0
2,20,6,dwarf,1,0
2,20,6,orc,2,1000
2,20,6,halfling,1,0
2,20,6,warrior,4,3000
2,20,6,ranger,1,0
2,20,6,rogue,1,0
2,20,7,human,1,0
2,20,7,dwarf,1,0
2,20,7,orc,1,0
2,20,7,halfling,1,0
2,20,7,dragonkin,1,0
2,20,7,guardian,3,15
2,20,7,ranger,1,0
2,20,7,mage,1,0
2,21,0,human,1,0
2,21,0,elf,2,1000
2,21,0,dwarf,1,0
2,21,0,halfling,2,1000
2,21,0,warrior,2,1500
2,21,0,ranger,1,0
2,21,0,rogue,2,1500
2,21,0,mage,1,0
2,21,1,human,2,1000
2,21,1,elf,1,0
2,21,1,dwarf,2,10
2,21,1,halfling,1,0
2,21,1,guardian,2,15
2,21,1,warrior,2,1500
2,21,1,ranger,1,0
2,21,1,rogue,1,0
2,21,2,human,1,0
2,21,2,dwarf,1,0
2,21,2,orc,2,1000
2,21,2,halfling,1,0
2,21,2,dragonkin,1,0
2,21,2,guardian,3,15
2,21,2,warrior,2,1500
2,21,2,ranger,1,0
2,21,3,elf,1,0
2,21,3,dwarf,2,10
2,21,3,orc,1,0
2,21,3,dragonkin,1,0
2,21,3,guardian,1,0
2,21,3,warrior,2,1500
2,21,3,ranger,2,1500
2,21,4,dwarf,2,10
2,21,4,orc,2,1000
2,21,4,dragonkin,2,15
2,21,4,guardian,2,15
2,21,4,warrior,2,1500
2,21,4,mage,1,0
2,21,4,priest,1,0
2,21,5,human,2,1000
2,21,5,elf,1,0
2,21,5,dwarf,2,10
2,21,5,halfling,1,0
2,21,5,guardian,2,15
2,21,5,warrior,2,1500
2,21,5,ranger,1,0
2,21,5,priest,1,0
2,21,6,human,1,0
2,21,6,elf,1,0
2,21,6,dwarf,1,0
2,21,6,orc,2,1000
2,21,6,halfling,1,0
2,21,6,guardian,1,0
2,21,6,warrior,3,1500
2,21,6,ranger,1,0
2,21,6,rogue,1,0
2,21,7,human,1,0
2,21,7,dwarf,1,0
2,21,7,orc,1,0
2,21,7,halfling,1,0
2,21,7,dragonkin,1,0
2,21,7,guardian,3,15
2,21,7,ranger,1,0
2,21,7,mage,1,0
2,22,0,human,1,0
2,22,0,elf,2,1000
2,22,0,dwarf,1,0
2,22,0,halfling,2,1000
2,22,0,warrior,2,1500
2,22,0,ranger,1,0
2,22,0,rogue,2,1500
2,22,0,mage,1,0
2,22,1,human,2,1000
2,22,1,elf,1,0
2,22,1,dwarf,2,10
2,22,1,halfling,1,0
2,22,1,guardian,2,15
2,22,1,warrior,2,1500
2,22,1,ranger,1,0
2,22,1,rogue,1,0
2,22,2,human,1,0
2,22,2,dwarf,1,0
2,22,2,orc,2,1000
2,22,2,halfling,1,0
2,22,2,dragonkin,1,0
2,22,2,guardian,3,15
2,22,2,warrior,2,1500
2,22,2,ranger,1,0
2,22,3,dwarf,3,10
2,22,3,orc,1,0
2,22,3,dragonkin,1,0
2,22,3,guardian,1,0
2,22,3,warrior,2,1500
2,22,3,ranger,2,1500
2,22,4,dwarf,2,10
2,22,4,orc,2,1000
2,22,4,dragonkin,2,15
2,22,4,guardian,2,15
2,22,4,warrior,2,1500
2,22,4,mage,1,0
2,22,4,priest,1,0
2,22,5,human,2,1000
2,22,5,elf,1,0
2,22,5,dwarf,2,10
2,22,5,halfling,1,0
2,22,5,guardian,2,15
2,22,5,warrior,2,1500
2,22,5,ranger,1,0
2,22,5,priest,1,0
2,22,6,human,1,0
2,22,6,elf,1,0
2,22,6,dwarf,1,0
2,22,6,orc,2,1000
2,22,6,halfling,1,0
2,22,6,guardian,1,0
2,22,6,warrior,3,1500
2,22,6,ranger,1,0
2,22,6,rogue,1,0
2,22,7,human,1,0
2,22,7,dwarf,1,0
2,22,7,orc,1,0
2,22,7,halfling,1,0
2,22,7,dragonkin,1,0
2,22,7,guardian,3,15
2,22,7,ranger,1,0
2,22,7,mage,1,0
2,23,0,human,1,0
2,23,0,elf,2,1000
2,23,0,dwarf,1,0
2,23,0,halfling,2,1000
2,23,0,warrior,2,1500
2,23,0,ranger,1,0
2,23,0,rogue,2,1500
2,23,0,mage,1,0
2,23,1,human,2,1000
2,23,1,elf,1,0
2,23,1,dwarf,2,10
2,23,1,halfling,1,0
2,23,1,guardian,2,15
2,23,1,warrior,2,1500
2,23,1,ranger,1,0
2,23,1,rogue,1,0
2,23,2,human,1,0
2,23,2,dwarf,1,0
2,23,2,orc,2,1000
2,23,2,halfling,1,0
2,23,2,dragonkin,1,0
2,23,2,guardian,3,15
2,23,2,warrior,2,1500
2,23,2,ranger,1,0
2,23,3,dwarf,3,10
2,23,3,orc,1,0
2,23,3,dragonkin,1,0
2,23,3,guardian,1,0
2,23,3,warrior,2,1500
2,23,3,ranger,2,1500
2,23,4,dwarf,2,10
2,23,4,orc,2,1000
2,23,4,dragonkin,2,15
2,23,4,guardian,2,15
2,23,4,warrior,2,1500
2,23,4,mage,1,0
2,23,4,priest,1,0
2,23,5,human,2,1000
2,23,5,elf,1,0
2,23,5,dwarf,2,10
2,23,5,halfling,1,0
2,23,5,guardian,2,15
2,23,5,warrior,2,1500
2,23,5,ranger,1,0
2,23,5,priest,1,0
2,23,6,human,1,0
2,23,6,elf,1,0
2,23,6,dwarf,1,0
2,23,6,orc,2,1000
2,23,6,halfling,1,0
2,23,6,guardian,1,0
2,23,6,warrior,3,1500
2,23,6,ranger,1,0
2,23,6,rogue,1,0
2,23,7,human,1,0
2,23,7,dwarf,1,0
2,23,7,orc,1,0
2,23,7,halfling,1,0
2,23,7,dragonkin,1,0
2,23,7,guardian,3,15
2,23,7,ranger,1,0
2,23,7,mage,1,0
2,24,0,human,1,0
2,24,0,elf,2,1000
2,24,0,dwarf,1,0
2,24,0,halfling,2,1000
2,24,0,warrior,2,1500
2,24,0,ranger,1,0
2,24,0,rogue,2,1500
2,24,0,mage,1,0
2,24,1,human,2,1000
2,24,1,elf,1,0
2,24,1,dwarf,2,10
2,24,1,halfling,1,0
2,24,1,guardian,2,15
2,24,1,warrior,2,1500
2,24,1,ranger,1,0
2,24,1,rogue,1,0
2,24,2,human,1,0
2,24,2,dwarf,1,0
2,24,2,orc,2,1000
2,24,2,halfling,1,0
2,24,2,dragonkin,1,0
2,24,2,guardian,3,15
2,24,2,warrior,2,1500
2,24,2,ranger,1,0
2,24,3,dwarf,3,10
2,24,3,orc,1,0
2,24,3,dragonkin,1,0
2,24,3,guardian,1,0
2,24,3,warrior,2,1500
2,24,3,ranger,2,1500
2,24,4,dwarf,2,10
2,24,4,orc,2,1000
2,24,4,dragonkin,2,15
2,24,4,guardian,2,15
2,24,4,warrior,2,1500
2,24,4,mage,1,0
2,24,4,priest,1,0
2,24,5,human,2,1000
2,24,5,elf,1,0
2,24,5,dwarf,2,10
2,24,5,halfling,1,0
2,24,5,guardian,2,15
2,24,5,warrior,2,1500
2,24,5,ranger,1,0
2,24,5,priest,1,0
2,24,6,human,1,0
2,24,6,elf,1,0
2,24,6,dwarf,1,0
2,24,6,orc,2,1000
2,24,6,halfling,1,0
2,24,6,guardian,1,0
2,24,6,warrior,3,1500
2,24,6,ranger,1,0
2,24,6,rogue,1,0
2,24,7,human,1,0
2,24,7,dwarf,1,0
2,24,7,orc,1,0
2,24,7,halfling,1,0
2,24,7,dragonkin,1,0
2,24,7,guardian,3,15
2,24,7,ranger,1,0
2,24,7,mage,1,0
2,25,0,human,1,0
2,25,0,elf,2,1000
2,25,0,dwarf,1,0
2,25,0,halfling,2,1000
2,25,0,warrior,2,1500
2,25,0,ranger,1,0
2,25,0,rogue,2,1500
2,25,0,mage,1,0
2,25,1,human,2,1000
2,25,1,elf,1,0
2,25,1,dwarf,2,10
2,25,1,halfling,1,0
2,25,1,guardian,2,15
2,25,1,warrior,2,1500
2,25,1,ranger,1,0
2,25,1,rogue,1,0
2,25,2,human,1,0
2,25,2,dwarf,1,0
2,25,2,orc,2,1000
2,25,2,halfling,1,0
2,25,2,dragonkin,1,0
2,25,2,guardian,3,15
2,25,2,warrior,2,1500
2,25,2,ranger,1,0
2,25,3,dwarf,3,10
2,25,3,orc,1,0
2,25,3,dragonkin,1,0
2,25,3,guardian,1,0
2,25,3,warrior,2,1500
2,25,3,ranger,2,1500
2,25,4,dwarf,2,10
2,25,4,orc,2,1000
2,25,4,dragonkin,2,15
2,25,4,guardian,2,15
2,25,4,warrior,2,1500
2,25,4,mage,1,0
2,25,4,priest,1,0
2,25,5,human,2,1000
2,25,5,elf,1,0
2,25,5,dwarf,2,10
2,25,5,halfling,1,0
2,25,5,guardian,2,15
2,25,5,warrior,2,1500
2,25,5,ranger,1,0
2,25,5,priest,1,0
2,25,6,human,1,0
2,25,6,elf,1,0
2,25,6,dwarf,1,0
2,25,6,orc,2,1000
2,25,6,halfling,1,0
2,25,6,guardian,1,0
2,25,6,warrior,3,1500
2,25,6,ranger,1,0
2,25,6,rogue,1,0
2,25,7,human,1,0
2,25,7,dwarf,1,0
2,25,7,orc,1,0
2,25,7,halfling,2,1000
2,25,7,guardian,3,15
2,25,7,warrior,1,0
2,25,7,mage,1,0
2,26,0,human,1,0
2,26,0,elf,2,1000
2,26,0,dwarf,1,0
2,26,0,halfling,2,1000
2,26,0,warrior,2,1500
2,26,0,ranger,1,0
2,26,0,rogue,2,1500
2,26,0,mage,1,0
2,26,1,human,2,1000
2,26,1,elf,1,0
2,26,1,dwarf,2,10
2,26,1,halfling,1,0
2,26,1,guardian,2,15
2,26,1,warrior,2,1500
2,26,1,ranger,1,0
2,26,1,rogue,1,0
2,26,2,human,1,0
2,26,2,dwarf,1,0
2,26,2,orc,2,1000
2,26,2,halfling,1,0
2,26,2,dragonkin,1,0
2,26,2,guardian,3,15
2,26,2,warrior,2,1500
2,26,2,ranger,1,0
2,26,3,dwarf,3,10
2,26,3,orc,1,0
2,26,3,dragonkin,1,0
2,26,3,guardian,1,0
2,26,3,warrior,2,1500
2,26,3,ranger,2,1500
2,26,4,dwarf,2,10
2,26,4,orc,2,1000
2,26,4,dragonkin,2,15
2,26,4,guardian,2,15
2,26,4,warrior,2,1500
2,26,4,mage,1,0
2,26,4,priest,1,0
2,26,5,human,2,1000
2,26,5,elf,1,0
2,26,5,dwarf,2,10
2,26,5,halfling,1,0
2,26,5,guardian,2,15
2,26,5,warrior,2,1500
2,26,5,ranger,1,0
2,26,5,priest,1,0
2,26,6,human,1,0
2,26,6,elf,1,0
2,26,6,dwarf,1,0
2,26,6,orc,2,1000
2,26,6,halfling,1,0
2,26,6,guardian,1,0
2,26,6,warrior,3,1500
2,26,6,ranger,1,0
2,26,6,rogue,1,0
2,26,7,human,1,0
2,26,7,dwarf,1,0
2,26,7,orc,1,0
2,26,7,halfling,2,1000
2,26,7,guardian,3,15
2,26,7,warrior,1,0
2,26,7,mage,1,0
2,27,0,human,1,0
2,27,0,elf,2,1000
2,27,0,dwarf,1,0
2,27,0,halfling,2,1000
2,27,0,warrior,2,1500
2,27,0,ranger,1,0
2,27,0,rogue,2,1500
2,27,0,mage,1,0
2,27,1,human,2,1000
2,27,1,elf,1,0
2,27,1,dwarf,2,10
2,27,1,halfling,1,0
2,27,1,guardian,2,15
2,27,1,warrior,2,1500
2,27,1,ranger,1,0
2,27,1,rogue,1,0
2,27,2,human,1,0
2,27,2,dwarf,1,0
2,27,2,orc,2,1000
2,27,2,halfling,1,0
2,27,2,dragonkin,1,0
2,27,2,guardian,3,15
2,27,2,warrior,2,1500
2,27,2,ranger,1,0
2,27,3,dwarf,3,10
2,27,3,orc,1,0
2,27,3,dragonkin,1,0
2,27,3,guardian,1,0
2,27,3,warrior,2,1500
2,27,3,ranger,2,1500
2,27,4,dwarf,2,10
2,27,4,orc,2,1000
2,27,4,dragonkin,2,15
2,27,4,guardian,2,15
2,27,4,warrior,2,1500
2,27,4,mage,1,0
2,27,4,priest,1,0
2,27,5,human,2,1000
2,27,5,elf,1,0
2,27,5,dwarf,2,10
2,27,5,halfling,1,0
2,27,5,guardian,2,15
2,27,5,warrior,2,1500
2,27,5,ranger,1,0
2,27,5,priest,1,0
2,27,6,human,1,0
2,27,6,elf,1,0
2,27,6,dwarf,1,0
2,27,6,orc,2,1000
2,27,6,halfling,1,0
2,27,6,guardian,1,0
2,27,6,warrior,3,1500
2,27,6,ranger,1,0
2,27,6,rogue,1,0
2,27,7,human,1,0
2,27,7,dwarf,1,0
2,27,7,orc,1,0
2,27,7,halfling,2,1000
2,27,7,guardian,3,15
2,27,7,warrior,1,0
2,27,7,mage,1,0
2,28,0,human,1,0
2,28,0,elf,2,1000
2,28,0,dwarf,1,0
2,28,0,halfling,2,1000
2,28,0,warrior,2,1500
2,28,0,ranger,1,0
2,28,0,rogue,2,1500
2,28,0,mage,1,0
2,28,1,human,2,1000
2,28,1,elf,1,0
2,28,1,dwarf,2,10
2,28,1,halfling,1,0
2,28,1,guardian,2,15
2,28,1,warrior,2,1500
2,28,1,ranger,1,0
2,28,1,rogue,1,0
2,28,2,human,1,0
2,28,2,dwarf,1,0
2,28,2,orc,2,1000
2,28,2,halfling,1,0
2,28,2,dragonkin,1,0
2,28,2,guardian,3,15
2,28,2,warrior,2,1500
2,28,2,ranger,1,0
2,28,3,dwarf,3,10
2,28,3,orc,1,0
2,28,3,dragonkin,1,0
2,28,3,guardian,1,0
2,28,3,warrior,2,1500
2,28,3,ranger,2,1500
2,28,4,dwarf,2,10
2,28,4,orc,2,1000
2,28,4,dragonkin,2,15
2,28,4,guardian,2,15
2,28,4,warrior,2,1500
2,28,4,mage,1,0
2,28,4,priest,1,0
2,28,5,human,2,1000
2,28,5,elf,1,0
2,28,5,dwarf,2,10
2,28,5,halfling,1,0
2,28,5,guardian,2,15
2,28,5,warrior,2,1500
2,28,5,ranger,1,0
2,28,5,priest,1,0
2,28,6,human,1,0
2,28,6,elf,1,0
2,28,6,dwarf,1,0
2,28,6,orc,2,1000
2,28,6,halfling,1,0
2,28,6,guardian,1,0
2,28,6,warrior,3,1500
2,28,6,ranger,1,0
2,28,6,rogue,1,0
2,28,7,human,1,0
2,28,7,dwarf,1,0
2,28,7,orc,1,0
2,28,7,halfling,2,1000
2,28,7,guardian,3,15
2,28,7,warrior,1,0
2,28,7,mage,1,0
3,1,0,human,1,0
3,1,0,elf,1,0
3,1,0,halfling,2,1000
3,1,0,warrior,1,0
3,1,0,ranger,2,1500
3,1,0,priest,1,0
3,1,1,human,2,1000
3,1,1,orc,1,0
3,1,1,halfling,1,0
3,1,1,warrior,2,1500
3,1,1,rogue,1,0
3,1,1,priest,1,0
3,1,2,orc,1,0
3,1,2,halfling,2,1000
3,1,2,warrior,1,0
3,1,2,rogue,1,0
3,1,2,mage,1,0
3,1,3,elf,1,0
3,1,3,orc,2,1000
3,1,3,halfling,1,0
3,1,3,warrior,2,1500
3,1,3,ranger,1,0
3,1,3,rogue,1,0
3,1,4,human,1,0
3,1,4,orc,1,0
3,1,4,dragonkin,1,0
3,1,4,warrior,1,0
3,1,4,ranger,1,0
3,1,4,mage,1,0
3,1,5,human,2,1000
3,1,5,elf,1,0
3,1,5,orc,1,0
3,1,5,warrior,1,0
3,1,5,mage,1,0
3,1,5,priest,2,1500
3,1,6,human,1,0
3,1,6,halfling,2,1000
3,1,6,warrior,1,0
3,1,6,ranger,1,0
3,1,6,priest,1,0
3,1,7,human,1,0
3,1,7,dwarf,1,0
3,1,7,halfling,1,0
3,1,7,guardian,1,0
3,1,7,warrior,1,0
3,1,7,ranger,1,0
3,2,0,human,1,0
3,2,0,orc,1,0
3,2,0,halfling,2,1000
3,2,0,guardian,1,0
3,2,0,warrior,2,1500
3,2,0,mage,1,0
3,2,1,human,1,0
3,2,1,dwarf,2,10
3,2,1,orc,1,0
3,2,1,warrior,3,1500
3,2,1,ranger,1,0
3,2,2,human,1,0
3,2,2,orc,2,1000
3,2,2,halfling,1,0
3,2,2,guardian,1,0
3,2,2,warrior,2,1500
3,2,2,rogue,1,0
3,2,3,dwarf,1,0
3,2,3,orc,2,1000
3,2,3,halfling,1,0
3,2,3,warrior,2,1500
3,2,3,ranger,1,0
3,2,3,rogue,1,0
3,2,4,orc,1,0
3,2,4,dragonkin,2,15
3,2,4,guardian,1,0
3,2,4,warrior,1,0
3,2,4,ranger,1,0
3,2,5,human,1,0
3,2,5,dwarf,1,0
3,2,5,orc,1,0
3,2,5,halfling,1,0
3,2,5,guardian,1,0
3,2,5,warrior,1,0
3,2,5,mage,2,2000
3,2,6,elf,1,0
3,2,6,orc,1,0
3,2,6,halfling,2,1000
3,2,6,warrior,2,1500
3,2,6,ranger,2,1500
3,2,7,human,2,1000
3,2,7,dwarf,1,0
3,2,7,guardian,1,0
3,2,7,ranger,1,0
3,2,7,priest,1,0
3,3,0,human,1,0
3,3,0,dwarf,2,10
3,3,0,orc,1,0
3,3,0,halfling,1,0
3,3,0,guardian,2,15
3,3,0,warrior,2,1500
3,3,0,mage,1,0
3,3,1,human,1,0
3,3,1,dwarf,2,10
3,3,1,orc,1,0
3,3,1,warrior,3,1500
3,3,1,ranger,1,0
3,3,2,human,1,0
3,3,2,dwarf,1,0
3,3,2,orc,3,1000
3,3,2,guardian,2,15
3,3,2,warrior,2,1500
3,3,2,rogue,1,0
3,3,3,dwarf,2,10
3,3,3,orc,2,1000
3,3,3,halfling,1,0
3,3,3,guardian,1,0
3,3,3,warrior,2,1500
3,3,3,ranger,1,0
3,3,3,rogue,1,0
3,3,4,human,2,1000
3,3,4,orc,1,0
3,3,4,dragonkin,2,15
3,3,4,guardian,2,15
3,3,4,warrior,2,1500
3,3,4,ranger,1,0
3,3,5,human,1,0
3,3,5,dwarf,1,0
3,3,5,orc,2,1000
3,3,5,halfling,1,0
3,3,5,guardian,1,0
3,3,5,warrior,1,0
3,3,5,rogue,1,0
3,3,5,mage,2,2000
3,3,6,human,1,0
3,3,6,elf,1,0
3,3,6,orc,1,0
3,3,6,halfling,2,1000
3,3,6,guardian,1,0
3,3,6,warrior,2,1500
3,3,6,ranger,2,1500
3,3,7,human,2,1000
3,3,7,dwarf,2,10
3,3,7,orc,1,0
3,3,7,guardian,2,15
3,3,7,warrior,1,0
3,3,7,ranger,1,0
3,3,7,priest,1,0
3,4,0,human,1,0
3,4,0,dwarf,2,10
3,4,0,orc,2,1000
3,4,0,guardian,3,15
3,4,0,warrior,2,1500
3,4,1,human,1,0
3,4,1,dwarf,2,10
3,4,1,orc,1,0
3,4,1,warrior,3,1500
3,4,1,ranger,1,0
3,4,2,dwarf,2,10
3,4,2,orc,2,1000
3,4,2,halfling,1,0
3,4,2,guardian,2,15
3,4,2,warrior,1,0
3,4,2,rogue,1,0
3,4,2,priest,1,0
3,4,3,dwarf,2,10
3,4,3,orc,3,1000
3,4,3,guardian,1,0
3,4,3,warrior,1,0
3,4,3,ranger,1,0
3,4,3,rogue,1,0
3,4,3,mage,1,0
3,4,4,human,2,1000
3,4,4,orc,1,0
3,4,4,dragonkin,2,15
3,4,4,guardian,2,15
3,4,4,warrior,2,1500
3,4,4,ranger,1,0
3,4,5,human,1,0
3,4,5,dwarf,1,0
3,4,5,orc,2,1000
3,4,5,halfling,1,0
3,4,5,guardian,1,0
3,4,5,warrior,1,0
3,4,5,rogue,1,0
3,4,5,mage,2,2000
3,4,6,human,3,1000
3,4,6,dwarf,1,0
3,4,6,halfling,1,0
3,4,6,guardian,2,15
3,4,6,warrior,2,1500
3,4,6,priest,1,0
3,4,7,human,2,1000
3,4,7,dwarf,2,10
3,4,7,halfling,1,0
3,4,7,guardian,2,15
3,4,7,warrior,1,0
3,4,7,ranger,1,0
3,4,7,priest,1,0
3,5,0,dwarf,2,10
3,5,0,orc,2,1000
3,5,0,halfling,1,0
3,5,0,guardian,2,15
3,5,0,warrior,2,1500
3,5,0,ranger,1,0
3,5,1,human,1,0
3,5,1,dwarf,2,10
3,5,1,halfling,2,1000
3,5,1,warrior,3,1500
3,5,1,ranger,2,1500
3,5,2,dwarf,3,10
3,5,2,orc,1,0
3,5,2,halfling,1,0
3,5,2,guardian,2,15
3,5,2,warrior,2,1500
3,5,2,priest,1,0
3,5,3,dwarf,2,10
3,5,3,orc,3,1000
3,5,3,warrior,2,1500
3,5,3,ranger,1,0
3,5,3,rogue,1,0
3,5,3,mage,1,0
3,5,4,human,2,1000
3,5,4,orc,1,0
3,5,4,dragonkin,2,15
3,5,4,guardian,2,15
3,5,4,warrior,2,1500
3,5,4,rogue,1,0
3,5,5,dwarf,2,10
3,5,5,orc,2,1000
3,5,5,dragonkin,1,0
3,5,5,guardian,2,15
3,5,5,warrior,2,1500
3,5,5,rogue,1,0
3,5,6,human,2,1000
3,5,6,dwarf,2,10
3,5,6,halfling,1,0
3,5,6,guardian,2,15
3,5,6,warrior,3,1500
3,5,7,human,1,0
3,5,7,dwarf,2,10
3,5,7,orc,1,0
3,5,7,halfling,1,0
3,5,7,guardian,1,0
3,5,7,warrior,2,1500
3,5,7,ranger,2,1500
3,6,0,dwarf,2,10
3,6,0,orc,2,1000
3,6,0,halfling,1,0
3,6,0,guardian,2,15
3,6,0,warrior,2,1500
3,6,0,ranger,1,0
3,6,1,human,1,0
3,6,1,dwarf,2,10
3,6,1,halfling,2,1000
3,6,1,warrior,3,1500
3,6,1,ranger,2,1500
3,6,2,dwarf,2,10
3,6,2,orc,1,0
3,6,2,halfling,1,0
3,6,2,dragonkin,1,0
3,6,2,guardian,3,15
3,6,2,warrior,2,1500
3,6,3,dwarf,2,10
3,6,3,orc,3,1000
3,6,3,warrior,2,1500
3,6,3,ranger,1,0
3,6,3,rogue,1,0
3,6,3,mage,1,0
3,6,4,human,2,1000
3,6,4,orc,1,0
3,6,4,dragonkin,2,15
3,6,4,guardian,2,15
3,6,4,warrior,2,1500
3,6,4,rogue,1,0
3,6,5,elf,2,1000
3,6,5,dwarf,1,0
3,6,5,orc,1,0
3,6,5,warrior,1,0
3,6,5,ranger,1,0
3,6,5,rogue,2,1500
3,6,6,human,2,1000
3,6,6,dwarf,2,10
3,6,6,halfling,1,0
3,6,6,guardian,2,15
3,6,6,warrior,3,1500
3,6,7,human,1,0
3,6,7,dwarf,2,10
3,6,7,orc,1,0
3,6,7,halfling,1,0
3,6,7,guardian,1,0
3,6,7,warrior,2,1500
3,6,7,ranger,2,1500
3,7,0,human,1,0
3,7,0,dwarf,2,10
3,7,0,orc,2,1000
3,7,0,halfling,1,0
3,7,0,guardian,3,15
3,7,0,warrior,2,1500
3,7,0,ranger,1,0
3,7,1,human,1,0
3,7,1,dwarf,2,10
3,7,1,orc,1,0
3,7,1,halfling,2,1000
3,7,1,warrior,4,3000
3,7,1,ranger,2,1500
3,7,2,dwarf,2,10
3,7,2,orc,1,0
3,7,2,halfling,1,0
3,7,2,dragonkin,1,0
3,7,2,guardian,3,15
3,7,2,warrior,2,1500
3,7,3,elf,1,0
3,7,3,dwarf,2,10
3,7,3,orc,2,1000
3,7,3,halfling,1,0
3,7,3,warrior,2,1500
3,7,3,ranger,1,0
3,7,3,rogue,2,1500
3,7,3,mage,1,0
3,7,4,human,2,1000
3,7,4,dwarf,1,0
3,7,4,orc,1,0
3,7,4,dragonkin,2,15
3,7,4,guardian,3,15
3,7,4,warrior,2,1500
3,7,4,rogue,1,0
3,7,5,elf,2,1000
3,7,5,dwarf,1,0
3,7,5,orc,1,0
3,7,5,dragonkin,1,0
3,7,5,guardian,1,0
3,7,5,warrior,1,0
3,7,5,ranger,1,0
3,7,5,rogue,2,1500
3,7,6,human,3,1000
3,7,6,dwarf,2,10
3,7,6,halfling,1,0
3,7,6,guardian,2,15
3,7,6,warrior,3,1500
3,7,6,priest,1,0
3,7,7,human,1,0
3,7,7,dwarf,3,10
3,7,7,orc,1,0
3,7,7,halfling,1,0
3,7,7,guardian,2,15
3,7,7,warrior,2,1500
3,7,7,ranger,2,1500
3,8,0,dwarf,2,10
3,8,0,orc,2,1000
3,8,0,halfling,1,0
3,8,0,dragonkin,1,0
3,8,0,guardian,3,15
3,8,0,warrior,2,1500
3,8,0,ranger,1,0
3,8,1,human,2,1000
3,8,1,dwarf,2,10
3,8,1,halfling,2,1000
3,8,1,guardian,1,0
3,8,1,warrior,3,1500
3,8,1,ranger,2,1500
3,8,2,human,2,1000
3,8,2,elf,1,0
3,8,2,orc,1,0
3,8,2,halfling,1,0
3,8,2,dragonkin,1,0
3,8,2,guardian,3,15
3,8,2,warrior,2,1500
3,8,2,ranger,1,0
3,8,3,elf,1,0
3,8,3,dwarf,2,10
3,8,3,orc,2,1000
3,8,3,halfling,1,0
3,8,3,warrior,2,1500
3,8,3,ranger,1,0
3,8,3,rogue,2,1500
3,8,3,mage,1,0
3,8,4,human,2,1000
3,8,4,dwarf,1,0
3,8,4,orc,1,0
3,8,4,dragonkin,2,15
3,8,4,guardian,3,15
3,8,4,warrior,2,1500
3,8,4,rogue,1,0
3,8,5,elf,2,1000
3,8,5,dwarf,1,0
3,8,5,orc,1,0
3,8,5,dragonkin,1,0
3,8,5,guardian,1,0
3,8,5,warrior,1,0
3,8,5,ranger,1,0
3,8,5,rogue,2,1500
3,8,6,human,3,1000
3,8,6,dwarf,2,10
3,8,6,halfling,1,0
3,8,6,guardian,2,15
3,8,6,warrior,3,1500
3,8,6,priest,1,0
3,8,7,human,1,0
3,8,7,dwarf,2,10
3,8,7,orc,2,1000
3,8,7,halfling,1,0
3,8,7,guardian,2,15
3,8,7,warrior,2,1500
3,8,7,ranger,2,1500
3,9,0,dwarf,2,10
3,9,0,orc,2,1000
3,9,0,halfling,1,0
3,9,0,dragonkin,1,0
3,9,0,guardian,3,15
3,9,0,warrior,2,1500
3,9,0,ranger,1,0
3,9,1,human,2,1000
3,9,1,dwarf,2,10
3,9,1,halfling,2,1000
3,9,1,guardian,1,0
3,9,1,warrior,3,1500
3,9,1,ranger,2,1500
3,9,2,human,2,1000
3,9,2,elf,1,0
3,9,2,dwarf,1,0
3,9,2,orc,2,1000
3,9,2,guardian,2,15
3,9,2,warrior,3,1500
3,9,2,ranger,1,0
3,9,3,elf,1,0
3,9,3,dwarf,2,10
3,9,3,orc,2,1000
3,9,3,halfling,1,0
3,9,3,warrior,2,1500
3,9,3,ranger,1,0
3,9,3,rogue,2,1500
3,9,3,mage,1,0
3,9,4,human,2,1000
3,9,4,dwarf,1,0
3,9,4,orc,1,0
3,9,4,dragonkin,2,15
3,9,4,guardian,3,15
3,9,4,warrior,2,1500
3,9,4,rogue,1,0
3,9,5,elf,2,1000
3,9,5,orc,2,1000
3,9,5,dragonkin,1,0
3,9,5,guardian,2,15
3,9,5,ranger,1,0
3,9,5,rogue,2,1500
3,9,6,human,2,1000
3,9,6,dwarf,2,10
3,9,6,halfling,2,1000
3,9,6,guardian,2,15
3,9,6,warrior,3,1500
3,9,6,ranger,1,0
3,9,7,human,1,0
3,9,7,dwarf,2,10
3,9,7,orc,2,1000
3,9,7,halfling,1,0
3,9,7,guardian,2,15
3,9,7,warrior,3,1500
3,9,7,ranger,1,0
3,10,0,dwarf,2,10
3,10,0,orc,2,1000
3,10,0,halfling,1,0
3,10,0,dragonkin,1,0
3,10,0,guardian,3,15
3,10,0,warrior,2,1500
3,10,0,ranger,1,0
3,10,1,human,2,1000
3,10,1,dwarf,2,10
3,10,1,halfling,2,1000
3,10,1,guardian,1,0
3,10,1,warrior,3,1500
3,10,1,ranger,2,1500
3,10,2,human,2,1000
3,10,2,elf,1,0
3,10,2,dwarf,1,0
3,10,2,orc,2,1000
3,10,2,guardian,2,15
3,10,2,warrior,3,1500
3,10,2,ranger,1,0
3,10,3,elf,1,0
3,10,3,dwarf,2,10
3,10,3,orc,2,1000
3,10,3,halfling,1,0
3,10,3,warrior,2,1500
3,10,3,ranger,1,0
3,10,3,rogue,2,1500
3,10,3,mage,1,0
3,10,4,human,2,1000
3,10,4,dwarf,1,0
3,10,4,orc,1,0
3,10,4,dragonkin,2,15
3,10,4,guardian,3,15
3,10,4,warrior,2,1500
3,10,4,rogue,1,0
3,10,5,elf,2,1000
3,10,5,orc,2,1000
3,10,5,dragonkin,1,0
3,10,5,guardian,2,15
3,10,5,ranger,1,0
3,10,5,rogue,2,1500
3,10,6,human,2,1000
3,10,6,dwarf,2,10
3,10,6,halfling,2,1000
3,10,6,guardian,2,15
3,10,6,warrior,3,1500
3,10,6,ranger,1,0
3,10,7,human,1,0
3,10,7,dwarf,2,10
3,10,7,orc,2,1000
3,10,7,halfling,1,0
3,10,7,guardian,2,15
3,10,7,warrior,3,1500
3,10,7,ranger,1,0
3,11,0,dwarf,2,10
3,11,0,orc,2,1000
3,11,0,halfling,1,0
3,11,0,dragonkin,1,0
3,11,0,guardian,3,15
3,11,0,warrior,2,1500
3,11,0,ranger,1,0
3,11,1,human,2,1000
3,11,1,dwarf,2,10
3,11,1,halfling,2,1000
3,11,1,guardian,1,0
3,11,1,warrior,3,1500
3,11,1,ranger,2,1500
3,11,2,human,1,0
3,11,2,dwarf,1,0
3,11,2,orc,2,1000
3,11,2,dragonkin,2,15
3,11,2,guardian,2,15
3,11,2,warrior,3,1500
3,11,2,rogue,1,0
3,11,3,elf,2,1000
3,11,3,dwarf,2,10
3,11,3,orc,1,0
3,11,3,halfling,1,0
3,11,3,warrior,2,1500
3,11,3,ranger,2,1500
3,11,3,rogue,1,0
3,11,3,mage,1,0
3,11,4,human,2,1000
3,11,4,dwarf,1,0
3,11,4,orc,1,0
3,11,4,dragonkin,2,15
3,11,4,guardian,3,15
3,11,4,warrior,2,1500
3,11,4,rogue,1,0
3,11,5,elf,2,1000
3,11,5,orc,2,1000
3,11,5,dragonkin,1,0
3,11,5,guardian,2,15
3,11,5,ranger,1,0
3,11,5,rogue,2,1500
3,11,6,human,2,1000
3,11,6,dwarf,2,10
3,11,6,halfling,2,1000
3,11,6,guardian,2,15
3,11,6,warrior,3,1500
3,11,6,ranger,1,0
3,11,7,human,1,0
3,11,7,dwarf,2,10
3,11,7,orc,2,1000
3,11,7,halfling,1,0
3,11,7,guardian,2,15
3,11,7,warrior,3,1500
3,11,7,ranger,1,0
3,12,0,dwarf,2,10
3,12,0,orc,2,1000
3,12,0,halfling,1,0
3,12,0,dragonkin,1,0
3,12,0,guardian,3,15
3,12,0,warrior,2,1500
3,12,0,ranger,1,0
3,12,1,human,2,1000
3,12,1,dwarf,2,10
3,12,1,halfling,2,1000
3,12,1,guardian,1,0
3,12,1,warrior,3,1500
3,12,1,ranger,2,1500
3,12,2,human,1,0
3,12,2,dwarf,1,0
3,12,2,orc,2,1000
3,12,2,dragonkin,2,15
3,12,2,guardian,2,15
3,12,2,warrior,3,1500
3,12,2,rogue,1,0
3,12,3,elf,2,1000
3,12,3,dwarf,2,10
3,12,3,orc,1,0
3,12,3,halfling,1,0
3,12,3,warrior,2,1500
3,12,3,ranger,2,1500
3,12,3,rogue,1,0
3,12,3,mage,1,0
3,12,4,human,2,1000
3,12,4,orc,1,0
3,12,4,halfling,1,0
3,12,4,dragonkin,2,15
3,12,4,guardian,2,15
3,12,4,warrior,2,1500
3,12,4,ranger,2,1500
3,12,5,elf,1,0
3,12,5,orc,3,1000
3,12,5,halfling,1,0
3,12,5,guardian,1,0
3,12,5,warrior,2,1500
3,12,5,ranger,1,0
3,12,5,rogue,1,0
3,12,6,human,2,1000
3,12,6,dwarf,2,10
3,12,6,halfling,2,1000
3,12,6,guardian,2,15
3,12,6,warrior,3,1500
3,12,6,ranger,1,0
3,12,7,human,1,0
3,12,7,dwarf,2,10
3,12,7,orc,2,1000
3,12,7,halfling,1,0
3,12,7,guardian,2,15
3,12,7,warrior,3,1500
3,12,7,ranger,1,0
3,13,0,dwarf,2,10
3,13,0,orc,2,1000
3,13,0,halfling,1,0
3,13,0,dragonkin,1,0
3,13,0,guardian,3,15
3,13,0,warrior,2,1500
3,13,0,ranger,1,0
3,13,1,human,2,1000
3,13,1,dwarf,2,10
3,13,1,halfling,2,1000
3,13,1,guardian,1,0
3,13,1,warrior,3,1500
3,13,1,ranger,2,1500
3,13,2,human,1,0
3,13,2,dwarf,1,0
3,13,2,orc,2,1000
3,13,2,dragonkin,2,15
3,13,2,guardian,2,15
3,13,2,warrior,3,1500
3,13,2,rogue,1,0
3,13,3,elf,2,1000
3,13,3,dwarf,2,10
3,13,3,orc,1,0
3,13,3,halfling,1,0
3,13,3,warrior,2,1500
3,13,3,ranger,2,1500
3,13,3,rogue,1,0
3,13,3,mage,1,0
3,13,4,human,2,1000
3,13,4,orc,1,0
3,13,4,halfling,1,0
3,13,4,dragonkin,2,15
3,13,4,guardian,2,15
3,13,4,warrior,2,1500
3,13,4,ranger,2,1500
3,13,5,elf,1,0
3,13,5,orc,3,1000
3,13,5,halfling,1,0
3,13,5,guardian,1,0
3,13,5,warrior,2,1500
3,13,5,ranger,1,0
3,13,5,rogue,1,0
3,13,6,human,2,1000
3,13,6,dwarf,2,10
3,13,6,halfling,2,1000
3,13,6,guardian,2,15
3,13,6,warrior,3,1500
3,13,6,ranger,1,0
3,13,7,human,1,0
3,13,7,dwarf,2,10
3,13,7,orc,2,1000
3,13,7,halfling,1,0
3,13,7,guardian,2,15
3,13,7,warrior,3,1500
3,13,7,ranger,1,0
3,14,0,dwarf,2,10
3,14,0,orc,2,1000
3,14,0,halfling,1,0
3,14,0,dragonkin,1,0
3,14,0,guardian,3,15
3,14,0,warrior,2,1500
3,14,0,ranger,1,0
3,14,1,human,2,1000
3,14,1,dwarf,2,10
3,14,1,halfling,2,1000
3,14,1,guardian,1,0
3,14,1,warrior,3,1500
3,14,1,ranger,2,1500
3,14,2,human,1,0
3,14,2,dwarf,1,0
3,14,2,orc,2,1000
3,14,2,dragonkin,2,15
3,14,2,guardian,2,15
3,14,2,warrior,3,1500
3,14,2,rogue,1,0
3,14,3,elf,2,1000
3,14,3,dwarf,2,10
3,14,3,orc,1,0
3,14,3,halfling,1,0
3,14,3,warrior,2,1500
3,14,3,ranger,2,1500
3,14,3,rogue,1,0
3,14,3,mage,1,0
3,14,4,human,2,1000
3,14,4,orc,1,0
3,14,4,halfling,1,0
3,14,4,dragonkin,2,15
3,14,4,guardian,2,15
3,14,4,warrior,2,1500
3,14,4,ranger,2,1500
3,14,5,elf,1,0
3,14,5,orc,3,1000
3,14,5,halfling,1,0
3,14,5,guardian,1,0
3,14,5,warrior,2,1500
3,14,5,ranger,1,0
3,14,5,rogue,1,0
3,14,6,human,2,1000
3,14,6,dwarf,2,10
3,14,6,halfling,2,1000
3,14,6,guardian,2,15
3,14,6,warrior,3,1500
3,14,6,ranger,1,0
3,14,7,human,1,0
3,14,7,dwarf,2,10
3,14,7,orc,2,1000
3,14,7,halfling,1,0
3,14,7,guardian,2,15
3,14,7,warrior,3,1500
3,14,7,ranger,1,0
3,15,0,dwarf,2,10
3,15,0,orc,2,1000
3,15,0,halfling,1,0
3,15,0,dragonkin,1,0
3,15,0,guardian,3,15
3,15,0,warrior,2,1500
3,15,0,ranger,1,0
3,15,1,human,2,1000
3,15,1,dwarf,2,10
3,15,1,halfling,2,1000
3,15,1,guardian,1,0
3,15,1,warrior,3,1500
3,15,1,ranger,2,1500
3,15,2,human,1,0
3,15,2,dwarf,1,0
3,15,2,orc,2,1000
3,15,2,dragonkin,2,15
3,15,2,guardian,2,15
3,15,2,warrior,3,1500
3,15,2,rogue,1,0
3,15,3,elf,2,1000
3,15,3,dwarf,1,0
3,15,3,orc,1,0
3,15,3,halfling,2,1000
3,15,3,warrior,2,1500
3,15,3,ranger,2,1500
3,15,3,rogue,1,0
3,15,3,mage,1,0
3,15,4,human,2,1000
3,15,4,orc,1,0
3,15,4,halfling,1,0
3,15,4,dragonkin,2,15
3,15,4,guardian,2,15
3,15,4,warrior,2,1500
3,15,4,ranger,2,1500
3,15,5,elf,1,0
3,15,5,orc,3,1000
3,15,5,halfling,1,0
3,15,5,guardian,1,0
3,15,5,warrior,2,1500
3,15,5,ranger,1,0
3,15,5,rogue,1,0
3,15,6,human,2,1000
3,15,6,dwarf,2,10
3,15,6,halfling,2,1000
3,15,6,guardian,2,15
3,15,6,warrior,3,1500
3,15,6,ranger,1,0
3,15,7,human,1,0
3,15,7,dwarf,2,10
3,15,7,orc,2,1000
3,15,7,halfling,1,0
3,15,7,guardian,2,15
3,15,7,warrior,3,1500
3,15,7,ranger,1,0
3,16,0,dwarf,2,10
3,16,0,orc,2,1000
3,16,0,halfling,1,0
3,16,0,dragonkin,1,0
3,16,0,guardian,3,15
3,16,0,warrior,2,1500
3,16,0,ranger,1,0
3,16,1,human,2,1000
3,16,1,dwarf,2,10
3,16,1,halfling,2,1000
3,16,1,guardian,1,0
3,16,1,warrior,3,1500
3,16,1,ranger,2,1500
3,16,2,human,1,0
3,16,2,dwarf,1,0
3,16,2,orc,2,1000
3,16,2,dragonkin,2,15
3,16,2,guardian,2,15
3,16,2,warrior,3,1500
3,16,2,rogue,1,0
3,16,3,elf,2,1000
3,16,3,dwarf,1,0
3,16,3,orc,1,0
3,16,3,halfling,2,1000
3,16,3,warrior,2,1500
3,16,3,ranger,2,1500
3,16,3,rogue,2,1500
3,16,4,human,2,1000
3,16,4,orc,1,0
3,16,4,halfling,1,0
3,16,4,dragonkin,2,15
3,16,4,guardian,2,15
3,16,4,warrior,2,1500
3,16,4,ranger,2,1500
3,16,5,elf,1,0
3,16,5,orc,3,1000
3,16,5,halfling,1,0
3,16,5,guardian,1,0
3,16,5,warrior,2,1500
3,16,5,ranger,1,0
3,16,5,rogue,1,0
3,16,6,human,2,1000
3,16,6,dwarf,2,10
3,16,6,halfling,2,1000
3,16,6,guardian,2,15
3,16,6,warrior,3,1500
3,16,6,ranger,1,0
3,16,7,human,1,0
3,16,7,dwarf,2,10
3,16,7,orc,2,1000
3,16,7,halfling,1,0
3,16,7,guardian,2,15
3,16,7,warrior,3,1500
3,16,7,ranger,1,0
3,17,0,dwarf,2,10
3,17,0,orc,2,1000
3,17,0,halfling,1,0
3,17,0,dragonkin,1,0
3,17,0,guardian,3,15
3,17,0,warrior,2,1500
3,17,0,ranger,1,0
3,17,1,human,2,1000
3,17,1,dwarf,2,10
3,17,1,halfling,2,1000
3,17,1,guardian,1,0
3,17,1,warrior,3,1500
3,17,1,ranger,2,1500
3,17,2,human,1,0
3,17,2,dwarf,1,0
3,17,2,orc,2,1000
3,17,2,dragonkin,2,15
3,17,2,guardian,2,15
3,17,2,warrior,3,1500
3,17,2,rogue,1,0
3,17,3,elf,2,1000
3,17,3,dwarf,1,0
3,17,3,orc,1,0
3,17,3,halfling,2,1000
3,17,3,warrior,2,1500
3,17,3,ranger,2,1500
3,17,3,rogue,2,1500
3,17,4,human,2,1000
3,17,4,orc,1,0
3,17,4,halfling,1,0
3,17,4,dragonkin,2,15
3,17,4,guardian,2,15
3,17,4,warrior,2,1500
3,17,4,ranger,2,1500
3,17,5,orc,3,1000
3,17,5,halfling,2,1000
3,17,5,guardian,1,0
3,17,5,warrior,2,1500
3,17,5,rogue,1,0
3,17,5,mage,1,0
3,17,6,human,2,1000
3,17,6,dwarf,2,10
3,17,6,halfling,2,1000
3,17,6,guardian,2,15
3,17,6,warrior,3,1500
3,17,6,ranger,1,0
3,17,7,human,1,0
3,17,7,dwarf,2,10
3,17,7,orc,2,1000
3,17,7,halfling,1,0
3,17,7,guardian,2,15
3,17,7,warrior,3,1500
3,17,7,ranger,1,0
3,18,0,dwarf,2,10
3,18,0,orc,2,1000
3,18,0,halfling,1,0
3,18,0,dragonkin,1,0
3,18,0,guardian,3,15
3,18,0,warrior,2,1500
3,18,0,ranger,1,0
3,18,1,human,2,1000
3,18,1,elf,1,0
3,18,1,dwarf,1,0
3,18,1,halfling,2,1000
3,18,1,guardian,1,0
3,18,1,warrior,3,1500
3,18,1,ranger,2,1500
3,18,2,human,1,0
3,18,2,dwarf,1,0
3,18,2,orc,2,1000
3,18,2,dragonkin,2,15
3,18,2,guardian,2,15
3,18,2,warrior,3,1500
3,18,2,rogue,1,0
3,18,3,elf,2,1000
3,18,3,dwarf,1,0
3,18,3,orc,1,0
3,18,3,halfling,2,1000
3,18,3,warrior,2,1500
3,18,3,ranger,2,1500
3,18,3,rogue,2,1500
3,18,4,human,2,1000
3,18,4,orc,1,0
3,18,4,halfling,1,0
3,18,4,dragonkin,2,15
3,18,4,guardian,2,15
3,18,4,warrior,2,1500
3,18,4,ranger,2,1500
3,18,5,orc,3,1000
3,18,5,halfling,2,1000
3,18,5,guardian,1,0
3,18,5,warrior,2,1500
3,18,5,rogue,1,0
3,18,5,mage,1,0
3,18,6,human,2,1000
3,18,6,dwarf,2,10
3,18,6,halfling,2,1000
3,18,6,guardian,2,15
3,18,6,warrior,3,1500
3,18,6,ranger,1,0
3,18,7,human,1,0
3,18,7,dwarf,2,10
3,18,7,orc,2,1000
3,18,7,halfling,1,0
3,18,7,guardian,2,15
3,18,7,warrior,3,1500
3,18,7,ranger,1,0
3,19,0,dwarf,2,10
3,19,0,orc,2,1000
3,19,0,halfling,1,0
3,19,0,dragonkin,1,0
3,19,0,guardian,3,15
3,19,0,warrior,2,1500
3,19,0,ranger,1,0
3,19,1,human,2,1000
3,19,1,elf,1,0
3,19,1,dwarf,1,0
3,19,1,halfling,2,1000
3,19,1,guardian,1,0
3,19,1,warrior,3,1500
3,19,1,ranger,2,1500
3,19,2,human,1,0
3,19,2,dwarf,1,0
3,19,2,orc,2,1000
3,19,2,dragonkin,2,15
3,19,2,guardian,2,15
3,19,2,warrior,3,1500
3,19,2,rogue,1,0
3,19,3,elf,2,1000
3,19,3,orc,2,1000
3,19,3,halfling,2,1000
3,19,3,warrior,1,0
3,19,3,ranger,2,1500
3,19,3,rogue,2,1500
3,19,3,mage,1,0
3,19,4,human,2,1000
3,19,4,orc,1,0
3,19,4,halfling,1,0
3,19,4,dragonkin,2,15
3,19,4,guardian,2,15
3,19,4,warrior,2,1500
3,19,4,ranger,2,1500
3,19,5,orc,3,1000
3,19,5,halfling,2,1000
3,19,5,guardian,1,0
3,19,5,warrior,2,1500
3,19,5,rogue,1,0
3,19,5,mage,1,0
3,19,6,human,2,1000
3,19,6,dwarf,2,10
3,19,6,halfling,2,1000
3,19,6,guardian,2,15
3,19,6,warrior,3,1500
3,19,6,ranger,1,0
3,19,7,human,1,0
3,19,7,dwarf,2,10
3,19,7,orc,2,1000
3,19,7,halfling,1,0
3,19,7,guardian,2,15
3,19,7,warrior,3,1500
3,19,7,ranger,1,0
3,20,0,dwarf,2,10
3,20,0,orc,2,1000
3,20,0,halfling,1,0
3,20,0,dragonkin,1,0
3,20,0,guardian,3,15
3,20,0,warrior,2,1500
3,20,0,ranger,1,0
3,20,1,human,2,1000
3,20,1,elf,1,0
3,20,1,dwarf,1,0
3,20,1,halfling,2,1000
3,20,1,guardian,1,0
3,20,1,warrior,3,1500
3,20,1,ranger,2,1500
3,20,2,human,1,0
3,20,2,dwarf,1,0
3,20,2,orc,2,1000
3,20,2,dragonkin,2,15
3,20,2,guardian,2,15
3,20,2,warrior,3,1500
3,20,2,rogue,1,0
3,20,3,elf,2,1000
3,20,3,orc,2,1000
3,20,3,halfling,2,1000
3,20,3,warrior,1,0
3,20,3,ranger,2,1500
3,20,3,rogue,2,1500
3,20,3,mage,1,0
3,20,4,human,2,1000
3,20,4,orc,1,0
3,20,4,halfling,1,0
3,20,4,dragonkin,2,15
3,20,4,guardian,2,15
3,20,4,warrior,2,1500
3,20,4,ranger,2,1500
3,20,5,orc,3,1000
3,20,5,halfling,2,1000
3,20,5,guardian,1,0
3,20,5,warrior,2,1500
3,20,5,rogue,1,0
3,20,5,mage,1,0
3,20,6,human,2,1000
3,20,6,dwarf,2,10
3,20,6,halfling,2,1000
3,20,6,guardian,2,15
3,20,6,warrior,3,1500
3,20,6,ranger,1,0
3,20,7,human,1,0
3,20,7,dwarf,2,10
3,20,7,orc,2,1000
3,20,7,halfling,1,0
3,20,7,guardian,2,15
3,20,7,warrior,3,1500
3,20,7,ranger,1,0
3,21,0,dwarf,2,10
3,21,0,orc,2,1000
3,21,0,halfling,1,0
3,21,0,dragonkin,1,0
3,21,0,guardian,3,15
3,21,0,warrior,2,1500
3,21,0,ranger,1,0
3,21,1,human,2,1000
3,21,1,elf,1,0
3,21,1,dwarf,1,0
3,21,1,halfling,2,1000
3,21,1,guardian,1,0
3,21,1,warrior,3,1500
3,21,1,ranger,2,1500
3,21,2,human,1,0
3,21,2,dwarf,1,0
3,21,2,orc,2,1000
3,21,2,dragonkin,2,15
3,21,2,guardian,2,15
3,21,2,warrior,3,1500
3,21,2,rogue,1,0
3,21,3,elf,2,1000
3,21,3,orc,2,1000
3,21,3,halfling,2,1000
3,21,3,warrior,1,0
3,21,3,ranger,2,1500
3,21,3,rogue,2,1500
3,21,3,mage,1,0
3,21,4,human,2,1000
3,21,4,orc,1,0
3,21,4,halfling,1,0
3,21,4,dragonkin,2,15
3,21,4,guardian,2,15
3,21,4,warrior,2,1500
3,21,4,ranger,2,1500
3,21,5,orc,3,1000
3,21,5,halfling,2,1000
3,21,5,guardian,1,0
3,21,5,warrior,2,1500
3,21,5,rogue,1,0
3,21,5,mage,1,0
3,21,6,human,2,1000
3,21,6,dwarf,2,10
3,21,6,halfling,2,1000
3,21,6,guardian,2,15
3,21,6,warrior,3,1500
3,21,6,ranger,1,0
3,21,7,human,1,0
3,21,7,dwarf,2,10
3,21,7,orc,2,1000
3,21,7,halfling,1,0
3,21,7,guardian,2,15
3,21,7,warrior,3,1500
3,21,7,ranger,1,0
3,22,0,dwarf,2,10
3,22,0,orc,2,1000
3,22,0,halfling,1,0
3,22,0,dragonkin,1,0
3,22,0,guardian,3,15
3,22,0,warrior,2,1500
3,22,0,ranger,1,0
3,22,1,human,2,1000
3,22,1,elf,1,0
3,22,1,dwarf,1,0
3,22,1,halfling,2,1000
3,22,1,guardian,1,0
3,22,1,warrior,3,1500
3,22,1,ranger,2,1500
3,22,2,human,1,0
3,22,2,dwarf,1,0
3,22,2,orc,2,1000
3,22,2,dragonkin,2,15
3,22,2,guardian,2,15
3,22,2,warrior,3,1500
3,22,2,rogue,1,0
3,22,3,elf,2,1000
3,22,3,orc,2,1000
3,22,3,halfling,2,1000
3,22,3,warrior,1,0
3,22,3,ranger,2,1500
3,22,3,rogue,2,1500
3,22,3,mage,1,0
3,22,4,human,2,1000
3,22,4,orc,1,0
3,22,4,halfling,1,0
3,22,4,dragonkin,2,15
3,22,4,guardian,2,15
3,22,4,warrior,2,1500
3,22,4,ranger,2,1500
3,22,5,orc,3,1000
3,22,5,halfling,2,1000
3,22,5,guardian,1,0
3,22,5,warrior,2,1500
3,22,5,rogue,1,0
3,22,5,mage,1,0
3,22,6,human,2,1000
3,22,6,dwarf,2,10
3,22,6,halfling,2,1000
3,22,6,guardian,2,15
3,22,6,warrior,3,1500
3,22,6,ranger,1,0
3,22,7,human,1,0
3,22,7,dwarf,2,10
3,22,7,orc,2,1000
3,22,7,halfling,1,0
3,22,7,guardian,2,15
3,22,7,warrior,3,1500
3,22,7,ranger,1,0
3,23,0,dwarf,2,10
3,23,0,orc,2,1000
3,23,0,halfling,1,0
3,23,0,dragonkin,1,0
3,23,0,guardian,3,15
3,23,0,warrior,2,1500
3,23,0,ranger,1,0
3,23,1,human,2,1000
3,23,1,elf,1,0
3,23,1,dwarf,1,0
3,23,1,halfling,2,1000
3,23,1,guardian,1,0
3,23,1,warrior,3,1500
3,23,1,ranger,2,1500
3,23,2,human,1,0
3,23,2,dwarf,1,0
3,23,2,orc,2,1000
3,23,2,dragonkin,2,15
3,23,2,guardian,2,15
3,23,2,warrior,3,1500
3,23,2,rogue,1,0
3,23,3,elf,2,1000
3,23,3,orc,2,1000
3,23,3,halfling,2,1000
3,23,3,warrior,1,0
3,23,3,ranger,2,1500
3,23,3,rogue,2,1500
3,23,3,mage,1,0
3,23,4,human,2,1000
3,23,4,orc,1,0
3,23,4,halfling,1,0
3,23,4,dragonkin,2,15
3,23,4,guardian,2,15
3,23,4,warrior,2,1500
3,23,4,ranger,2,1500
3,23,5,orc,3,1000
3,23,5,halfling,2,1000
3,23,5,guardian,1,0
3,23,5,warrior,2,1500
3,23,5,rogue,1,0
3,23,5,mage,1,0
3,23,6,human,2,1000
3,23,6,dwarf,2,10
3,23,6,halfling,2,1000
3,23,6,guardian,2,15
3,23,6,warrior,3,1500
3,23,6,ranger,1,0
3,23,7,human,1,0
3,23,7,dwarf,2,10
3,23,7,orc,2,1000
3,23,7,halfling,1,0
3,23,7,guardian,2,15
3,23,7,warrior,3,1500
3,23,7,ranger,1,0
3,24,0,dwarf,2,10
3,24,0,orc,2,1000
3,24,0,halfling,1,0
3,24,0,dragonkin,1,0
3,24,0,guardian,3,15
3,24,0,warrior,2,1500
3,24,0,ranger,1,0
3,24,1,human,2,1000
3,24,1,elf,1,0
3,24,1,dwarf,1,0
3,24,1,halfling,2,1000
3,24,1,guardian,1,0
3,24,1,warrior,3,1500
3,24,1,ranger,2,1500
3,24,2,human,1,0
3,24,2,dwarf,1,0
3,24,2,orc,2,1000
3,24,2,dragonkin,2,15
3,24,2,guardian,2,15
3,24,2,warrior,3,1500
3,24,2,rogue,1,0
3,24,3,elf,2,1000
3,24,3,orc,2,1000
3,24,3,halfling,2,1000
3,24,3,warrior,1,0
3,24,3,ranger,2,1500
3,24,3,rogue,2,1500
3,24,3,mage,1,0
3,24,4,human,2,1000
3,24,4,orc,1,0
3,24,4,halfling,1,0
3,24,4,dragonkin,2,15
3,24,4,guardian,2,15
3,24,4,warrior,2,1500
3,24,4,ranger,2,1500
3,24,5,orc,3,1000
3,24,5,halfling,2,1000
3,24,5,guardian,1,0
3,24,5,warrior,2,1500
3,24,5,rogue,1,0
3,24,5,mage,1,0
3,24,6,human,2,1000
3,24,6,dwarf,2,10
3,24,6,halfling,2,1000
3,24,6,guardian,2,15
3,24,6,warrior,3,1500
3,24,6,ranger,1,0
3,24,7,human,1,0
3,24,7,dwarf,2,10
3,24,7,orc,2,1000
3,24,7,halfling,1,0
3,24,7,guardian,2,15
3,24,7,warrior,3,1500
3,24,7,ranger,1,0
3,25,0,dwarf,2,10
3,25,0,orc,2,1000
3,25,0,halfling,1,0
3,25,0,dragonkin,1,0
3,25,0,guardian,3,15
3,25,0,warrior,2,1500
3,25,0,ranger,1,0
3,25,1,human,2,1000
3,25,1,elf,1,0
3,25,1,dwarf,1,0
3,25,1,halfling,2,1000
3,25,1,guardian,1,0
3,25,1,warrior,3,1500
3,25,1,ranger,2,1500
3,25,2,human,1,0
3,25,2,dwarf,1,0
3,25,2,orc,2,1000
3,25,2,dragonkin,2,15
3,25,2,guardian,2,15
3,25,2,warrior,3,1500
3,25,2,rogue,1,0
3,25,3,elf,2,1000
3,25,3,orc,2,1000
3,25,3,halfling,2,1000
3,25,3,warrior,1,0
3,25,3,ranger,2,1500
3,25,3,rogue,2,1500
3,25,3,mage,1,0
3,25,4,human,2,1000
3,25,4,orc,1,0
3,25,4,halfling,1,0
3,25,4,dragonkin,2,15
3,25,4,guardian,2,15
3,25,4,warrior,2,1500
3,25,4,ranger,2,1500
3,25,5,orc,3,1000
3,25,5,halfling,2,1000
3,25,5,guardian,1,0
3,25,5,warrior,2,1500
3,25,5,rogue,1,0
3,25,5,mage,1,0
3,25,6,human,2,1000
3,25,6,dwarf,2,10
3,25,6,halfling,2,1000
3,25,6,guardian,2,15
3,25,6,warrior,3,1500
3,25,6,ranger,1,0
3,25,7,human,1,0
3,25,7,dwarf,2,10
3,25,7,orc,2,1000
3,25,7,halfling,1,0
3,25,7,guardian,2,15
3,25,7,warrior,3,1500
3,25,7,ranger,1,0
3,26,0,dwarf,2,10
3,26,0,orc,2,1000
3,26,0,halfling,1,0
3,26,0,dragonkin,1,0
3,26,0,guardian,3,15
3,26,0,warrior,2,1500
3,26,0,ranger,1,0
3,26,1,human,2,1000
3,26,1,elf,1,0
3,26,1,dwarf,1,0
3,26,1,halfling,2,1000
3,26,1,guardian,1,0
3,26,1,warrior,3,1500
3,26,1,ranger,2,1500
3,26,2,human,1,0
3,26,2,dwarf,1,0
3,26,2,orc,2,1000
3,26,2,dragonkin,2,15
3,26,2,guardian,2,15
3,26,2,warrior,3,1500
3,26,2,rogue,1,0
3,26,3,elf,2,1000
3,26,3,orc,2,1000
3,26,3,halfling,2,1000
3,26,3,warrior,1,0
3,26,3,ranger,2,1500
3,26,3,rogue,2,1500
3,26,3,mage,1,0
3,26,4,human,2,1000
3,26,4,orc,1,0
3,26,4,halfling,1,0
3,26,4,dragonkin,2,15
3,26,4,guardian,2,15
3,26,4,warrior,2,1500
3,26,4,ranger,2,1500
3,26,5,orc,3,1000
3,26,5,halfling,2,1000
3,26,5,guardian,1,0
3,26,5,warrior,2,1500
3,26,5,rogue,1,0
3,26,5,mage,1,0
3,26,6,human,2,1000
3,26,6,dwarf,2,10
3,26,6,halfling,2,1000
3,26,6,guardian,2,15
3,26,6,warrior,3,1500
3,26,6,ranger,1,0
3,26,7,human,1,0
3,26,7,dwarf,2,10
3,26,7,orc,2,1000
3,26,7,halfling,1,0
3,26,7,guardian,2,15
3,26,7,warrior,3,1500
3,26,7,ranger,1,0
3,27,0,dwarf,2,10
3,27,0,orc,2,1000
3,27,0,halfling,1,0
3,27,0,dragonkin,1,0
3,27,0,guardian,3,15
3,27,0,warrior,2,1500
3,27,0,ranger,1,0
3,27,1,human,2,1000
3,27,1,elf,1,0
3,27,1,dwarf,1,0
3,27,1,halfling,2,1000
3,27,1,guardian,1,0
3,27,1,warrior,3,1500
3,27,1,ranger,2,1500
3,27,2,human,1,0
3,27,2,dwarf,1,0
3,27,2,orc,2,1000
3,27,2,dragonkin,2,15
3,27,2,guardian,2,15
3,27,2,warrior,3,1500
3,27,2,rogue,1,0
3,27,3,elf,2,1000
3,27,3,orc,2,1000
3,27,3,halfling,2,1000
3,27,3,warrior,1,0
3,27,3,ranger,2,1500
3,27,3,rogue,2,1500
3,27,3,mage,1,0
3,27,4,human,2,1000
3,27,4,orc,1,0
3,27,4,halfling,1,0
3,27,4,dragonkin,2,15
3,27,4,guardian,2,15
3,27,4,warrior,2,1500
3,27,4,ranger,2,1500
3,27,5,orc,3,1000
3,27,5,halfling,2,1000
3,27,5,guardian,1,0
3,27,5,warrior,2,1500
3,27,5,rogue,1,0
3,27,5,mage,1,0
3,27,6,human,2,1000
3,27,6,dwarf,2,10
3,27,6,halfling,2,1000
3,27,6,guardian,2,15
3,27,6,warrior,3,1500
3,27,6,ranger,1,0
3,27,7,human,1,0
3,27,7,dwarf,2,10
3,27,7,orc,2,1000
3,27,7,halfling,1,0
3,27,7,guardian,2,15
3,27,7,warrior,3,1500
3,27,7,ranger,1,0
3,28,0,dwarf,2,10
3,28,0,orc,2,1000
3,28,0,halfling,1,0
3,28,0,dragonkin,1,0
3,28,0,guardian,3,15
3,28,0,warrior,2,1500
3,28,0,ranger,1,0
3,28,1,human,2,1000
3,28,1,elf,1,0
3,28,1,dwarf,1,0
3,28,1,halfling,2,1000
3,28,1,guardian,1,0
3,28,1,warrior,3,1500
3,28,1,ranger,2,1500
3,28,2,human,1,0
3,28,2,dwarf,1,0
3,28,2,orc,2,1000
3,28,2,dragonkin,2,15
3,28,2,guardian,2,15
3,28,2,warrior,3,1500
3,28,2,rogue,1,0
3,28,3,elf,2,1000
3,28,3,orc,2,1000
3,28,3,halfling,2,1000
3,28,3,warrior,1,0
3,28,3,ranger,2,1500
3,28,3,rogue,2,1500
3,28,3,mage,1,0
3,28,4,human,2,1000
3,28,4,orc,1,0
3,28,4,halfling,1,0
3,28,4,dragonkin,2,15
3,28,4,guardian,2,15
3,28,4,warrior,2,1500
3,28,4,ranger,2,1500
3,28,5,orc,3,1000
3,28,5,halfling,2,1000
3,28,5,guardian,1,0
3,28,5,warrior,2,1500
3,28,5,rogue,1,0
3,28,5,mage,1,0
3,28,6,human,2,1000
3,28,6,dwarf,2,10
3,28,6,halfling,2,1000
3,28,6,guardian,2,15
3,28,6,warrior,3,1500
3,28,6,ranger,1,0
3,28,7,human,1,0
3,28,7,dwarf,2,10
3,28,7,orc,2,1000
3,28,7,halfling,1,0
3,28,7,guardian,2,15
3,28,7,warrior,3,1500
3,28,7,ranger,1,0
3,29,0,dwarf,2,10
3,29,0,orc,2,1000
3,29,0,halfling,1,0
3,29,0,dragonkin,1,0
3,29,0,guardian,3,15
3,29,0,warrior,2,1500
3,29,0,ranger,1,0
3,29,1,human,2,1000
3,29,1,elf,1,0
3,29,1,dwarf,1,0
3,29,1,halfling,2,1000
3,29,1,guardian,1,0
3,29,1,warrior,3,1500
3,29,1,ranger,2,1500
3,29,2,human,1,0
3,29,2,dwarf,1,0
3,29,2,orc,2,1000
3,29,2,dragonkin,2,15
3,29,2,guardian,2,15
3,29,2,warrior,3,1500
3,29,2,rogue,1,0
3,29,3,elf,2,1000
3,29,3,orc,2,1000
3,29,3,halfling,2,1000
3,29,3,warrior,1,0
3,29,3,ranger,2,1500
3,29,3,rogue,2,1500
3,29,3,mage,1,0
3,29,4,human,2,1000
3,29,4,orc,1,0
3,29,4,halfling,1,0
3,29,4,dragonkin,2,15
3,29,4,guardian,2,15
3,29,4,warrior,2,1500
3,29,4,ranger,2,1500
3,29,5,orc,3,1000
3,29,5,halfling,2,1000
3,29,5,guardian,1,0
3,29,5,warrior,2,1500
3,29,5,rogue,1,0
3,29,5,mage,1,0
3,29,6,human,2,1000
3,29,6,dwarf,2,10
3,29,6,halfling,2,1000
3,29,6,guardian,2,15
3,29,6,warrior,3,1500
3,29,6,ranger,1,0
3,29,7,human,1,0
3,29,7,dwarf,2,10
3,29,7,orc,2,1000
3,29,7,halfling,1,0
3,29,7,guardian,2,15
3,29,7,warrior,3,1500
3,29,7,ranger,1,0
3,30,0,dwarf,2,10
3,30,0,orc,2,1000
3,30,0,halfling,1,0
3,30,0,dragonkin,1,0
3,30,0,guardian,3,15
3,30,0,warrior,2,1500
3,30,0,ranger,1,0
3,30,1,human,2,1000
3,30,1,elf,1,0
3,30,1,dwarf,1,0
3,30,1,halfling,2,1000
3,30,1,guardian,1,0
3,30,1,warrior,3,1500
3,30,1,ranger,2,1500
3,30,2,human,1,0
3,30,2,dwarf,1,0
3,30,2,orc,2,1000
3,30,2,dragonkin,2,15
3,30,2,guardian,2,15
3,30,2,warrior,3,1500
3,30,2,rogue,1,0
3,30,3,elf,2,1000
3,30,3,orc,2,1000
3,30,3,halfling,2,1000
3,30,3,warrior,1,0
3,30,3,ranger,2,1500
3,30,3,rogue,2,1500
3,30,3,mage,1,0
3,30,4,human,2,1000
3,30,4,orc,1,0
3,30,4,halfling,1,0
3,30,4,dragonkin,2,15
3,30,4,guardian,2,15
3,30,4,warrior,2,1500
3,30,4,ranger,2,1500
3,30,5,orc,3,1000
3,30,5,halfling,2,1000
3,30,5,guardian,1,0
3,30,5,warrior,2,1500
3,30,5,rogue,1,0
3,30,5,mage,1,0
3,30,6,human,2,1000
3,30,6,dwarf,2,10
3,30,6,halfling,2,1000
3,30,6,guardian,2,15
3,30,6,warrior,3,1500
3,30,6,ranger,1,0
3,30,7,human,1,0
3,30,7,dwarf,2,10
3,30,7,orc,2,1000
3,30,7,halfling,1,0
3,30,7,guardian,2,15
3,30,7,warrior,3,1500
3,30,7,ranger,1,0
3,31,0,dwarf,2,10
3,31,0,orc,2,1000
3,31,0,halfling,1,0
3,31,0,dragonkin,1,0
3,31,0,guardian,3,15
3,31,0,warrior,2,1500
3,31,0,ranger,1,0
3,31,1,human,2,1000
3,31,1,elf,1,0
3,31,1,dwarf,1,0
3,31,1,halfling,2,1000
3,31,1,guardian,1,0
3,31,1,warrior,3,1500
3,31,1,ranger,2,1500
3,31,2,human,1,0
3,31,2,dwarf,1,0
3,31,2,orc,2,1000
3,31,2,dragonkin,2,15
3,31,2,guardian,2,15
3,31,2,warrior,3,1500
3,31,2,rogue,1,0
3,31,3,elf,2,1000
3,31,3,orc,2,1000
3,31,3,halfling,2,1000
3,31,3,warrior,1,0
3,31,3,ranger,2,1500
3,31,3,rogue,2,1500
3,31,3,mage,1,0
3,31,4,human,2,1000
3,31,4,orc,1,0
3,31,4,halfling,1,0
3,31,4,dragonkin,2,15
3,31,4,guardian,2,15
3,31,4,warrior,2,1500
3,31,4,ranger,2,1500
3,31,5,orc,3,1000
3,31,5,halfling,2,1000
3,31,5,guardian,1,0
3,31,5,warrior,2,1500
3,31,5,rogue,1,0
3,31,5,mage,1,0
3,31,6,human,2,1000
3,31,6,dwarf,2,10
3,31,6,halfling,2,1000
3,31,6,guardian,2,15
3,31,6,warrior,3,1500
3,31,6,ranger,1,0
3,31,7,human,1,0
3,31,7,dwarf,2,10
3,31,7,orc,2,1000
3,31,7,halfling,1,0
3,31,7,guardian,2,15
3,31,7,warrior,3,1500
3,31,7,ranger,1,0
3,32,0,dwarf,2,10
3,32,0,orc,2,1000
3,32,0,halfling,1,0
3,32,0,dragonkin,1,0
3,32,0,guardian,3,15
3,32,0,warrior,2,1500
3,32,0,ranger,1,0
3,32,1,human,2,1000
3,32,1,elf,1,0
3,32,1,dwarf,1,0
3,32,1,halfling,2,1000
3,32,1,guardian,1,0
3,32,1,warrior,3,1500
3,32,1,ranger,2,1500
3,32,2,human,1,0
3,32,2,dwarf,1,0
3,32,2,orc,2,1000
3,32,2,dragonkin,2,15
3,32,2,guardian,2,15
3,32,2,warrior,3,1500
3,32,2,rogue,1,0
3,32,3,elf,2,1000
3,32,3,orc,2,1000
3,32,3,halfling,2,1000
3,32,3,warrior,1,0
3,32,3,ranger,2,1500
3,32,3,rogue,2,1500
3,32,3,mage,1,0
3,32,4,human,2,1000
3,32,4,orc,1,0
3,32,4,halfling,1,0
3,32,4,dragonkin,2,15
3,32,4,guardian,2,15
3,32,4,warrior,2,1500
3,32,4,ranger,2,1500
3,32,5,orc,3,1000
3,32,5,halfling,2,1000
3,32,5,guardian,1,0
3,32,5,warrior,2,1500
3,32,5,rogue,1,0
3,32,5,mage,1,0
3,32,6,human,2,1000
3,32,6,dwarf,2,10
3,32,6,halfling,2,1000
3,32,6,guardian,2,15
3,32,6,warrior,3,1500
3,32,6,ranger,1,0
3,32,7,human,1,0
3,32,7,dwarf,2,10
3,32,7,orc,2,1000
3,32,7,halfling,1,0
3,32,7,guardian,2,15
3,32,7,warrior,3,1500
3,32,7,ranger,1,0
4,1,0,human,1,0
4,1,0,dwarf,1,0
4,1,0,orc,1,0
4,1,0,halfling,1,0
4,1,0,guardian,2,15
4,1,0,warrior,2,1500
4,1,1,elf,1,0
4,1,1,dwarf,1,0
4,1,1,halfling,2,1000
4,1,1,guardian,1,0
4,1,1,warrior,1,0
4,1,1,ranger,1,0
4,1,1,rogue,1,0
4,1,2,dwarf,1,0
4,1,2,orc,1,0
4,1,2,halfling,2,1000
4,1,2,guardian,1,0
4,1,2,warrior,2,1500
4,1,2,ranger,1,0
4,1,3,human,1,0
4,1,3,elf,1,0
4,1,3,orc,1,0
4,1,3,halfling,1,0
4,1,3,guardian,1,0
4,1,3,warrior,1,0
4,1,3,ranger,2,1500
4,1,4,human,1,0
4,1,4,dwarf,1,0
4,1,4,orc,1,0
4,1,4,halfling,1,0
4,1,4,warrior,3,1500
4,1,4,priest,1,0
4,1,5,human,2,1000
4,1,5,dwarf,1,0
4,1,5,guardian,2,15
4,1,5,mage,1,0
4,1,6,dwarf,1,0
4,1,6,orc,2,1000
4,1,6,guardian,1,0
4,1,6,warrior,1,0
4,1,6,rogue,1,0
4,1,7,human,1,0
4,1,7,elf,1,0
4,1,7,halfling,1,0
4,1,7,dragonkin,1,0
4,1,7,guardian,1,0
4,1,7,warrior,1,0
4,1,7,ranger,2,1500
4,2,0,human,1,0
4,2,0,dwarf,1,0
4,2,0,dragonkin,1,0
4,2,0,guardian,2,15
4,2,0,ranger,1,0
4,2,1,dwarf,2,10
4,2,1,halfling,2,1000
4,2,1,guardian,1,0
4,2,1,warrior,2,1500
4,2,1,rogue,1,0
4,2,2,human,1,0
4,2,2,dwarf,2,10
4,2,2,orc,1,0
4,2,2,guardian,2,15
4,2,2,warrior,1,0
4,2,2,ranger,1,0
4,2,3,human,1,0
4,2,3,orc,1,0
4,2,3,halfling,1,0
4,2,3,guardian,1,0
4,2,3,warrior,1,0
4,2,3,rogue,1,0
4,2,4,human,1,0
4,2,4,elf,1,0
4,2,4,orc,2,1000
4,2,4,guardian,1,0
4,2,4,warrior,2,1500
4,2,4,rogue,1,0
4,2,5,human,2,1000
4,2,5,dwarf,1,0
4,2,5,guardian,2,15
4,2,5,mage,1,0
4,2,6,dwarf,1,0
4,2,6,orc,3,1000
4,2,6,guardian,2,15
4,2,6,warrior,1,0
4,2,6,rogue,1,0
4,2,7,human,1,0
4,2,7,dwarf,1,0
4,2,7,halfling,1,0
4,2,7,dragonkin,1,0
4,2,7,guardian,1,0
4,2,7,warrior,1,0
4,2,7,ranger,2,1500
4,3,0,human,1,0
4,3,0,dwarf,1,0
4,3,0,orc,1,0
4,3,0,dragonkin,1,0
4,3,0,guardian,2,15
4,3,0,warrior,1,0
4,3,0,ranger,1,0
4,3,1,dwarf,2,10
4,3,1,orc,1,0
4,3,1,halfling,2,1000
4,3,1,guardian,1,0
4,3,1,warrior,3,1500
4,3,1,rogue,1,0
4,3,2,human,1,0
4,3,2,dwarf,2,10
4,3,2,orc,2,1000
4,3,2,guardian,2,15
4,3,2,warrior,2,1500
4,3,2,rogue,1,0
4,3,3,human,1,0
4,3,3,elf,1,0
4,3,3,orc,1,0
4,3,3,halfling,1,0
4,3,3,guardian,1,0
4,3,3,warrior,1,0
4,3,3,ranger,1,0
4,3,3,rogue,1,0
4,3,4,human,1,0
4,3,4,elf,1,0
4,3,4,orc,3,1000
4,3,4,guardian,1,0
4,3,4,warrior,2,1500
4,3,4,rogue,2,1500
4,3,5,human,2,1000
4,3,5,dwarf,1,0
4,3,5,orc,1,0
4,3,5,guardian,3,15
4,3,5,mage,1,0
4,3,6,dwarf,2,10
4,3,6,orc,3,1000
4,3,6,guardian,2,15
4,3,6,warrior,1,0
4,3,6,ranger,1,0
4,3,6,rogue,1,0
4,3,7,human,1,0
4,3,7,dwarf,2,10
4,3,7,halfling,1,0
4,3,7,dragonkin,1,0
4,3,7,guardian,2,15
4,3,7,warrior,1,0
4,3,7,ranger,2,1500
4,4,0,human,1,0
4,4,0,dwarf,1,0
4,4,0,orc,1,0
4,4,0,dragonkin,2,15
4,4,0,guardian,3,15
4,4,0,warrior,1,0
4,4,0,ranger,1,0
4,4,1,human,1,0
4,4,1,dwarf,2,10
4,4,1,orc,2,1000
4,4,1,guardian,1,0
4,4,1,warrior,3,1500
4,4,1,rogue,1,0
4,4,2,human,1,0
4,4,2,dwarf,2,10
4,4,2,orc,2,1000
4,4,2,guardian,2,15
4,4,2,warrior,2,1500
4,4,2,rogue,1,0
4,4,3,human,1,0
4,4,3,elf,1,0
4,4,3,orc,2,1000
4,4,3,guardian,2,15
4,4,3,warrior,1,0
4,4,3,ranger,1,0
4,4,4,human,1,0
4,4,4,elf,1,0
4,4,4,orc,3,1000
4,4,4,guardian,1,0
4,4,4,warrior,2,1500
4,4,4,rogue,2,1500
4,4,5,human,1,0
4,4,5,dwarf,2,10
4,4,5,orc,1,0
4,4,5,dragonkin,1,0
4,4,5,guardian,4,30
4,4,5,warrior,1,0
4,4,6,human,1,0
4,4,6,dwarf,2,10
4,4,6,orc,2,1000
4,4,6,guardian,2,15
4,4,6,warrior,2,1500
4,4,6,ranger,1,0
4,4,7,human,1,0
4,4,7,dwarf,2,10
4,4,7,orc,1,0
4,4,7,halfling,1,0
4,4,7,guardian,2,15
4,4,7,warrior,2,1500
4,4,7,ranger,1,0
4,5,0,human,1,0
4,5,0,orc,2,1000
4,5,0,dragonkin,2,15
4,5,0,guardian,3,15
4,5,0,warrior,1,0
4,5,0,ranger,1,0
4,5,1,human,2,1000
4,5,1,dwarf,2,10
4,5,1,orc,1,0
4,5,1,guardian,2,15
4,5,1,warrior,2,1500
4,5,1,rogue,1,0
4,5,2,human,1,0
4,5,2,dwarf,3,10
4,5,2,halfling,1,0
4,5,2,guardian,2,15
4,5,2,warrior,2,1500
4,5,2,priest,1,0
4,5,3,human,1,0
4,5,3,elf,1,0
4,5,3,orc,2,1000
4,5,3,guardian,2,15
4,5,3,warrior,1,0
4,5,3,ranger,1,0
4,5,4,human,1,0
4,5,4,elf,1,0
4,5,4,orc,3,1000
4,5,4,guardian,1,0
4,5,4,warrior,2,1500
4,5,4,rogue,2,1500
4,5,5,dwarf,2,10
4,5,5,orc,1,0
4,5,5,halfling,1,0
4,5,5,dragonkin,1,0
4,5,5,guardian,3,15
4,5,5,warrior,1,0
4,5,5,ranger,1,0
4,5,6,human,1,0
4,5,6,dwarf,2,10
4,5,6,orc,2,1000
4,5,6,guardian,2,15
4,5,6,warrior,2,1500
4,5,6,ranger,1,0
4,5,7,human,2,1000
4,5,7,dwarf,1,0
4,5,7,orc,2,1000
4,5,7,guardian,3,15
4,5,7,warrior,2,1500
4,6,0,human,1,0
4,6,0,dwarf,1,0
4,6,0,orc,2,1000
4,6,0,dragonkin,1,0
4,6,0,guardian,3,15
4,6,0,warrior,2,1500
4,6,1,human,2,1000
4,6,1,elf,1,0
4,6,1,dwarf,2,10
4,6,1,guardian,2,15
4,6,1,warrior,2,1500
4,6,1,ranger,1,0
4,6,2,human,1,0
4,6,2,dwarf,2,10
4,6,2,halfling,2,1000
4,6,2,guardian,2,15
4,6,2,warrior,2,1500
4,6,2,ranger,1,0
4,6,3,human,1,0
4,6,3,elf,1,0
4,6,3,orc,2,1000
4,6,3,guardian,2,15
4,6,3,warrior,1,0
4,6,3,ranger,1,0
4,6,4,human,1,0
4,6,4,elf,1,0
4,6,4,orc,3,1000
4,6,4,guardian,1,0
4,6,4,warrior,2,1500
4,6,4,rogue,2,1500
4,6,5,human,1,0
4,6,5,dwarf,2,10
4,6,5,halfling,1,0
4,6,5,dragonkin,1,0
4,6,5,guardian,2,15
4,6,5,warrior,2,1500
4,6,5,ranger,1,0
4,6,6,human,1,0
4,6,6,dwarf,2,10
4,6,6,orc,2,1000
4,6,6,guardian,2,15
4,6,6,warrior,2,1500
4,6,6,ranger,1,0
4,6,7,human,2,1000
4,6,7,dwarf,1,0
4,6,7,orc,2,1000
4,6,7,guardian,3,15
4,6,7,warrior,1,0
4,6,7,rogue,1,0
4,7,0,human,1,0
4,7,0,dwarf,2,10
4,7,0,orc,2,1000
4,7,0,dragonkin,1,0
4,7,0,guardian,4,30
4,7,0,warrior,2,1500
4,7,1,human,2,1000
4,7,1,elf,1,0
4,7,1,dwarf,2,10
4,7,1,guardian,2,15
4,7,1,warrior,2,1500
4,7,1,ranger,1,0
4,7,2,human,1,0
4,7,2,dwarf,2,10
4,7,2,orc,1,0
4,7,2,halfling,2,1000
4,7,2,guardian,2,15
4,7,2,warrior,3,1500
4,7,2,ranger,1,0
4,7,3,elf,1,0
4,7,3,dwarf,1,0
4,7,3,orc,2,1000
4,7,3,halfling,1,0
4,7,3,guardian,2,15
4,7,3,warrior,2,1500
4,7,3,ranger,1,0
4,7,4,human,1,0
4,7,4,elf,1,0
4,7,4,dwarf,1,0
4,7,4,orc,3,1000
4,7,4,guardian,2,15
4,7,4,warrior,2,1500
4,7,4,rogue,2,1500
4,7,5,human,1,0
4,7,5,dwarf,2,10
4,7,5,orc,1,0
4,7,5,halfling,1,0
4,7,5,dragonkin,1,0
4,7,5,guardian,3,15
4,7,5,warrior,2,1500
4,7,5,ranger,1,0
4,7,6,human,2,1000
4,7,6,dwarf,2,10
4,7,6,orc,2,1000
4,7,6,guardian,3,15
4,7,6,warrior,2,1500
4,7,6,rogue,1,0
4,7,7,human,2,1000
4,7,7,elf,2,1000
4,7,7,dwarf,1,0
4,7,7,orc,1,0
4,7,7,guardian,2,15
4,7,7,warrior,2,1500
4,7,7,ranger,1,0
4,7,7,priest,1,0
4,8,0,human,1,0
4,8,0,dwarf,1,0
4,8,0,orc,2,1000
4,8,0,halfling,1,0
4,8,0,dragonkin,1,0
4,8,0,guardian,3,15
4,8,0,warrior,2,1500
4,8,0,ranger,1,0
4,8,1,human,2,1000
4,8,1,elf,1,0
4,8,1,dwarf,2,10
4,8,1,guardian,2,15
4,8,1,warrior,2,1500
4,8,1,ranger,1,0
4,8,2,human,1,0
4,8,2,dwarf,2,10
4,8,2,orc,1,0
4,8,2,halfling,2,1000
4,8,2,guardian,2,15
4,8,2,warrior,3,1500
4,8,2,ranger,1,0
4,8,3,elf,1,0
4,8,3,dwarf,1,0
4,8,3,orc,2,1000
4,8,3,halfling,1,0
4,8,3,guardian,2,15
4,8,3,warrior,2,1500
4,8,3,ranger,1,0
4,8,4,human,1,0
4,8,4,elf,1,0
4,8,4,dwarf,1,0
4,8,4,orc,3,1000
4,8,4,guardian,2,15
4,8,4,warrior,2,1500
4,8,4,rogue,2,1500
4,8,5,human,1,0
4,8,5,dwarf,2,10
4,8,5,orc,1,0
4,8,5,halfling,1,0
4,8,5,dragonkin,1,0
4,8,5,guardian,3,15
4,8,5,warrior,2,1500
4,8,5,ranger,1,0
4,8,6,human,2,1000
4,8,6,dwarf,2,10
4,8,6,orc,2,1000
4,8,6,guardian,3,15
4,8,6,warrior,2,1500
4,8,6,rogue,1,0
4,8,7,human,2,1000
4,8,7,elf,1,0
4,8,7,dwarf,1,0
4,8,7,orc,1,0
4,8,7,halfling,1,0
4,8,7,guardian,2,15
4,8,7,warrior,2,1500
4,8,7,ranger,2,1500
4,9,0,human,1,0
4,9,0,dwarf,2,10
4,9,0,orc,2,1000
4,9,0,halfling,1,0
4,9,0,guardian,3,15
4,9,0,warrior,2,1500
4,9,0,ranger,1,0
4,9,1,human,2,1000
4,9,1,elf,1,0
4,9,1,dwarf,2,10
4,9,1,guardian,2,15
4,9,1,warrior,2,1500
4,9,1,ranger,1,0
4,9,2,human,1,0
4,9,2,dwarf,2,10
4,9,2,orc,1,0
4,9,2,halfling,2,1000
4,9,2,guardian,2,15
4,9,2,warrior,3,1500
4,9,2,ranger,1,0
4,9,3,human,1,0
4,9,3,elf,1,0
4,9,3,dwarf,1,0
4,9,3,orc,2,1000
4,9,3,halfling,1,0
4,9,3,guardian,3,15
4,9,3,warrior,2,1500
4,9,3,ranger,1,0
4,9,4,human,1,0
4,9,4,elf,1,0
4,9,4,dwarf,1,0
4,9,4,orc,3,1000
4,9,4,guardian,2,15
4,9,4,warrior,2,1500
4,9,4,rogue,2,1500
4,9,5,human,1,0
4,9,5,dwarf,2,10
4,9,5,halfling,1,0
4,9,5,dragonkin,1,0
4,9,5,guardian,2,15
4,9,5,warrior,2,1500
4,9,5,ranger,1,0
4,9,6,human,2,1000
4,9,6,dwarf,2,10
4,9,6,orc,2,1000
4,9,6,guardian,3,15
4,9,6,warrior,2,1500
4,9,6,rogue,1,0
4,9,7,human,2,1000
4,9,7,elf,1,0
4,9,7,dwarf,1,0
4,9,7,orc,1,0
4,9,7,halfling,1,0
4,9,7,guardian,2,15
4,9,7,warrior,2,1500
4,9,7,ranger,2,1500
4,10,0,human,1,0
4,10,0,dwarf,2,10
4,10,0,orc,2,1000
4,10,0,halfling,1,0
4,10,0,guardian,3,15
4,10,0,warrior,2,1500
4,10,0,ranger,1,0
4,10,1,human,2,1000
4,10,1,elf,1,0
4,10,1,dwarf,2,10
4,10,1,halfling,1,0
4,10,1,guardian,2,15
4,10,1,warrior,2,1500
4,10,1,ranger,1,0
4,10,1,rogue,1,0
4,10,2,human,1,0
4,10,2,dwarf,2,10
4,10,2,orc,1,0
4,10,2,halfling,2,1000
4,10,2,guardian,2,15
4,10,2,warrior,3,1500
4,10,2,ranger,1,0
4,10,3,human,1,0
4,10,3,elf,1,0
4,10,3,dwarf,1,0
4,10,3,orc,2,1000
4,10,3,halfling,1,0
4,10,3,guardian,3,15
4,10,3,warrior,2,1500
4,10,3,ranger,1,0
4,10,4,human,1,0
4,10,4,elf,1,0
4,10,4,dwarf,1,0
4,10,4,orc,3,1000
4,10,4,guardian,2,15
4,10,4,warrior,2,1500
4,10,4,rogue,2,1500
4,10,5,human,1,0
4,10,5,dwarf,2,10
4,10,5,orc,1,0
4,10,5,halfling,1,0
4,10,5,dragonkin,1,0
4,10,5,guardian,3,15
4,10,5,warrior,2,1500
4,10,5,ranger,1,0
4,10,6,human,2,1000
4,10,6,dwarf,2,10
4,10,6,orc,2,1000
4,10,6,guardian,3,15
4,10,6,warrior,2,1500
4,10,6,rogue,1,0
4,10,7,human,2,1000
4,10,7,elf,1,0
4,10,7,dwarf,1,0
4,10,7,orc,1,0
4,10,7,halfling,1,0
4,10,7,guardian,2,15
4,10,7,warrior,2,1500
4,10,7,ranger,2,1500
4,11,0,human,1,0
4,11,0,dwarf,2,10
4,11,0,orc,2,1000
4,11,0,halfling,1,0
4,11,0,guardian,3,15
4,11,0,warrior,2,1500
4,11,0,ranger,1,0
4,11,1,human,2,1000
4,11,1,elf,1,0
4,11,1,dwarf,2,10
4,11,1,halfling,1,0
4,11,1,guardian,2,15
4,11,1,warrior,2,1500
4,11,1,ranger,1,0
4,11,1,rogue,1,0
4,11,2,human,1,0
4,11,2,dwarf,2,10
4,11,2,orc,1,0
4,11,2,halfling,2,1000
4,11,2,guardian,2,15
4,11,2,warrior,3,1500
4,11,2,ranger,1,0
4,11,3,human,1,0
4,11,3,elf,1,0
4,11,3,dwarf,1,0
4,11,3,orc,2,1000
4,11,3,halfling,1,0
4,11,3,guardian,3,15
4,11,3,warrior,2,1500
4,11,3,ranger,1,0
4,11,4,elf,1,0
4,11,4,dwarf,2,10
4,11,4,orc,3,1000
4,11,4,guardian,2,15
4,11,4,warrior,2,1500
4,11,4,rogue,2,1500
4,11,5,human,1,0
4,11,5,dwarf,2,10
4,11,5,halfling,1,0
4,11,5,dragonkin,2,15
4,11,5,guardian,2,15
4,11,5,warrior,2,1500
4,11,5,ranger,1,0
4,11,5,priest,1,0
4,11,6,human,2,1000
4,11,6,dwarf,2,10
4,11,6,orc,2,1000
4,11,6,guardian,3,15
4,11,6,warrior,3,1500
4,11,7,human,2,1000
4,11,7,elf,1,0
4,11,7,dwarf,1,0
4,11,7,orc,1,0
4,11,7,halfling,1,0
4,11,7,guardian,2,15
4,11,7,warrior,2,1500
4,11,7,ranger,2,1500
4,12,0,human,1,0
4,12,0,dwarf,2,10
4,12,0,orc,2,1000
4,12,0,halfling,1,0
4,12,0,guardian,3,15
4,12,0,warrior,2,1500
4,12,0,ranger,1,0
4,12,1,human,2,1000
4,12,1,elf,1,0
4,12,1,dwarf,2,10
4,12,1,halfling,1,0
4,12,1,guardian,2,15
4,12,1,warrior,2,1500
4,12,1,ranger,1,0
4,12,1,rogue,1,0
4,12,2,human,1,0
4,12,2,dwarf,2,10
4,12,2,orc,2,1000
4,12,2,halfling,1,0
4,12,2,guardian,2,15
4,12,2,warrior,3,1500
4,12,2,rogue,1,0
4,12,3,human,1,0
4,12,3,elf,1,0
4,12,3,dwarf,1,0
4,12,3,orc,2,1000
4,12,3,halfling,1,0
4,12,3,guardian,3,15
4,12,3,warrior,2,1500
4,12,3,ranger,1,0
4,12,4,elf,1,0
4,12,4,dwarf,2,10
4,12,4,orc,3,1000
4,12,4,guardian,2,15
4,12,4,warrior,2,1500
4,12,4,rogue,2,1500
4,12,5,human,1,0
4,12,5,dwarf,2,10
4,12,5,orc,1,0
4,12,5,halfling,1,0
4,12,5,dragonkin,1,0
4,12,5,guardian,1,0
4,12,5,warrior,3,1500
4,12,5,ranger,1,0
4,12,5,priest,1,0
4,12,6,human,2,1000
4,12,6,dwarf,2,10
4,12,6,orc,2,1000
4,12,6,guardian,3,15
4,12,6,warrior,3,1500
4,12,7,human,2,1000
4,12,7,elf,1,0
4,12,7,dwarf,1,0
4,12,7,orc,1,0
4,12,7,halfling,1,0
4,12,7,guardian,2,15
4,12,7,warrior,2,1500
4,12,7,ranger,2,1500
4,13,0,human,1,0
4,13,0,dwarf,2,10
4,13,0,orc,2,1000
4,13,0,halfling,1,0
4,13,0,guardian,3,15
4,13,0,warrior,2,1500
4,13,0,ranger,1,0
4,13,1,human,2,1000
4,13,1,elf,1,0
4,13,1,dwarf,2,10
4,13,1,halfling,1,0
4,13,1,guardian,2,15
4,13,1,warrior,2,1500
4,13,1,ranger,1,0
4,13,1,rogue,1,0
4,13,2,human,1,0
4,13,2,dwarf,2,10
4,13,2,orc,2,1000
4,13,2,halfling,1,0
4,13,2,guardian,2,15
4,13,2,warrior,3,1500
4,13,2,rogue,1,0
4,13,3,human,1,0
4,13,3,elf,1,0
4,13,3,dwarf,1,0
4,13,3,orc,2,1000
4,13,3,halfling,1,0
4,13,3,guardian,3,15
4,13,3,warrior,2,1500
4,13,3,ranger,1,0
4,13,4,elf,1,0
4,13,4,dwarf,2,10
4,13,4,orc,3,1000
4,13,4,guardian,2,15
4,13,4,warrior,2,1500
4,13,4,rogue,2,1500
4,13,5,human,1,0
4,13,5,dwarf,2,10
4,13,5,orc,1,0
4,13,5,halfling,1,0
4,13,5,dragonkin,1,0
4,13,5,guardian,1,0
4,13,5,warrior,3,1500
4,13,5,ranger,1,0
4,13,5,priest,1,0
4,13,6,human,2,1000
4,13,6,dwarf,2,10
4,13,6,orc,2,1000
4,13,6,guardian,3,15
4,13,6,warrior,3,1500
4,13,7,human,2,1000
4,13,7,elf,1,0
4,13,7,dwarf,1,0
4,13,7,orc,1,0
4,13,7,halfling,1,0
4,13,7,guardian,2,15
4,13,7,warrior,2,1500
4,13,7,ranger,2,1500
4,14,0,human,1,0
4,14,0,dwarf,2,10
4,14,0,orc,2,1000
4,14,0,halfling,1,0
4,14,0,guardian,3,15
4,14,0,warrior,2,1500
4,14,0,ranger,1,0
4,14,1,human,2,1000
4,14,1,elf,1,0
4,14,1,dwarf,2,10
4,14,1,halfling,1,0
4,14,1,guardian,2,15
4,14,1,warrior,2,1500
4,14,1,ranger,1,0
4,14,1,rogue,1,0
4,14,2,human,1,0
4,14,2,dwarf,2,10
4,14,2,orc,2,1000
4,14,2,halfling,1,0
4,14,2,guardian,2,15
4,14,2,warrior,3,1500
4,14,2,rogue,1,0
4,14,3,human,1,0
4,14,3,elf,1,0
4,14,3,dwarf,1,0
4,14,3,orc,2,1000
4,14,3,halfling,1,0
4,14,3,guardian,3,15
4,14,3,warrior,2,1500
4,14,3,ranger,1,0
4,14,4,elf,1,0
4,14,4,dwarf,2,10
4,14,4,orc,3,1000
4,14,4,guardian,2,15
4,14,4,warrior,2,1500
4,14,4,rogue,2,1500
4,14,5,human,1,0
4,14,5,dwarf,2,10
4,14,5,orc,1,0
4,14,5,halfling,1,0
4,14,5,dragonkin,1,0
4,14,5,guardian,1,0
4,14,5,warrior,3,1500
4,14,5,ranger,1,0
4,14,5,priest,1,0
4,14,6,human,1,0
4,14,6,dwarf,3,10
4,14,6,orc,2,1000
4,14,6,guardian,2,15
4,14,6,warrior,3,1500
4,14,6,ranger,1,0
4,14,7,human,2,1000
4,14,7,elf,1,0
4,14,7,dwarf,1,0
4,14,7,orc,1,0
4,14,7,halfling,1,0
4,14,7,guardian,2,15
4,14,7,warrior,2,1500
4,14,7,ranger,2,1500
4,15,0,human,1,0
4,15,0,dwarf,2,10
4,15,0,orc,2,1000
4,15,0,halfling,1,0
4,15,0,guardian,3,15
4,15,0,warrior,2,1500
4,15,0,ranger,1,0
4,15,1,human,1,0
4,15,1,elf,1,0
4,15,1,dwarf,2,10
4,15,1,orc,1,0
4,15,1,halfling,1,0
4,15,1,guardian,2,15
4,15,1,warrior,2,1500
4,15,1,ranger,1,0
4,15,1,rogue,1,0
4,15,2,human,1,0
4,15,2,dwarf,2,10
4,15,2,orc,2,1000
4,15,2,halfling,1,0
4,15,2,guardian,2,15
4,15,2,warrior,3,1500
4,15,2,rogue,1,0
4,15,3,human,1,0
4,15,3,elf,1,0
4,15,3,dwarf,1,0
4,15,3,orc,2,1000
4,15,3,halfling,1,0
4,15,3,guardian,3,15
4,15,3,warrior,2,1500
4,15,3,ranger,1,0
4,15,4,elf,1,0
4,15,4,dwarf,2,10
4,15,4,orc,3,1000
4,15,4,guardian,2,15
4,15,4,warrior,2,1500
4,15,4,rogue,2,1500
4,15,5,human,1,0
4,15,5,dwarf,2,10
4,15,5,orc,1,0
4,15,5,halfling,1,0
4,15,5,dragonkin,1,0
4,15,5,guardian,1,0
4,15,5,warrior,3,1500
4,15,5,ranger,1,0
4,15,5,priest,1,0
4,15,6,human,1,0
4,15,6,dwarf,3,10
4,15,6,orc,2,1000
4,15,6,guardian,2,15
4,15,6,warrior,3,1500
4,15,6,ranger,1,0
4,15,7,human,2,1000
4,15,7,elf,1,0
4,15,7,dwarf,1,0
4,15,7,orc,1,0
4,15,7,halfling,1,0
4,15,7,guardian,2,15
4,15,7,warrior,2,1500
4,15,7,ranger,2,1500
4,16,0,human,1,0
4,16,0,dwarf,2,10
4,16,0,orc,2,1000
4,16,0,halfling,1,0
4,16,0,guardian,3,15
4,16,0,warrior,2,1500
4,16,0,ranger,1,0
4,16,1,human,1,0
4,16,1,elf,1,0
4,16,1,dwarf,2,10
4,16,1,orc,1,0
4,16,1,halfling,1,0
4,16,1,guardian,2,15
4,16,1,warrior,2,1500
4,16,1,ranger,1,0
4,16,1,rogue,1,0
4,16,2,human,1,0
4,16,2,dwarf,2,10
4,16,2,orc,2,1000
4,16,2,halfling,1,0
4,16,2,guardian,2,15
4,16,2,warrior,3,1500
4,16,2,rogue,1,0
4,16,3,human,1,0
4,16,3,elf,1,0
4,16,3,dwarf,1,0
4,16,3,orc,2,1000
4,16,3,halfling,1,0
4,16,3,guardian,3,15
4,16,3,warrior,2,1500
4,16,3,ranger,1,0
4,16,4,elf,1,0
4,16,4,dwarf,2,10
4,16,4,orc,3,1000
4,16,4,guardian,2,15
4,16,4,warrior,2,1500
4,16,4,rogue,2,1500
4,16,5,human,1,0
4,16,5,dwarf,2,10
4,16,5,orc,1,0
4,16,5,halfling,1,0
4,16,5,dragonkin,1,0
4,16,5,guardian,1,0
4,16,5,warrior,3,1500
4,16,5,ranger,1,0
4,16,5,priest,1,0
4,16,6,human,1,0
4,16,6,dwarf,3,10
4,16,6,orc,2,1000
4,16,6,guardian,2,15
4,16,6,warrior,3,1500
4,16,6,ranger,1,0
4,16,7,human,2,1000
4,16,7,elf,1,0
4,16,7,dwarf,1,0
4,16,7,orc,1,0
4,16,7,halfling,1,0
4,16,7,guardian,2,15
4,16,7,warrior,2,1500
4,16,7,ranger,2,1500
4,17,0,human,1,0
4,17,0,dwarf,2,10
4,17,0,orc,2,1000
4,17,0,halfling,1,0
4,17,0,guardian,3,15
4,17,0,warrior,2,1500
4,17,0,ranger,1,0
4,17,1,human,1,0
4,17,1,elf,1,0
4,17,1,dwarf,2,10
4,17,1,orc,1,0
4,17,1,halfling,1,0
4,17,1,guardian,2,15
4,17,1,warrior,2,1500
4,17,1,ranger,1,0
4,17,1,rogue,1,0
4,17,2,human,1,0
4,17,2,dwarf,2,10
4,17,2,orc,2,1000
4,17,2,halfling,1,0
4,17,2,guardian,2,15
4,17,2,warrior,3,1500
4,17,2,rogue,1,0
4,17,3,human,1,0
4,17,3,elf,1,0
4,17,3,dwarf,1,0
4,17,3,orc,2,1000
4,17,3,halfling,1,0
4,17,3,guardian,3,15
4,17,3,warrior,2,1500
4,17,3,ranger,1,0
4,17,4,elf,1,0
4,17,4,dwarf,2,10
4,17,4,orc,3,1000
4,17,4,guardian,2,15
4,17,4,warrior,2,1500
4,17,4,rogue,2,1500
4,17,5,human,1,0
4,17,5,dwarf,2,10
4,17,5,orc,2,1000
4,17,5,dragonkin,1,0
4,17,5,guardian,1,0
4,17,5,warrior,3,1500
4,17,5,rogue,1,0
4,17,5,priest,1,0
4,17,6,human,1,0
4,17,6,dwarf,3,10
4,17,6,orc,2,1000
4,17,6,guardian,2,15
4,17,6,warrior,3,1500
4,17,6,ranger,1,0
4,17,7,human,2,1000
4,17,7,elf,1,0
4,17,7,dwarf,1,0
4,17,7,orc,1,0
4,17,7,halfling,1,0
4,17,7,guardian,2,15
4,17,7,warrior,2,1500
4,17,7,ranger,2,1500
4,18,0,human,1,0
4,18,0,dwarf,2,10
4,18,0,orc,1,0
4,18,0,halfling,1,0
4,18,0,guardian,2,15
4,18,0,warrior,2,1500
4,18,0,ranger,1,0
4,18,1,human,1,0
4,18,1,elf,1,0
4,18,1,dwarf,2,10
4,18,1,orc,1,0
4,18,1,halfling,1,0
4,18,1,guardian,2,15
4,18,1,warrior,2,1500
4,18,1,ranger,1,0
4,18,1,rogue,1,0
4,18,2,human,1,0
4,18,2,dwarf,2,10
4,18,2,orc,2,1000
4,18,2,halfling,1,0
4,18,2,guardian,2,15
4,18,2,warrior,3,1500
4,18,2,rogue,1,0
4,18,3,human,1,0
4,18,3,elf,1,0
4,18,3,dwarf,1,0
4,18,3,orc,2,1000
4,18,3,halfling,1,0
4,18,3,guardian,3,15
4,18,3,warrior,2,1500
4,18,3,ranger,1,0
4,18,4,elf,1,0
4,18,4,dwarf,2,10
4,18,4,orc,3,1000
4,18,4,guardian,2,15
4,18,4,warrior,2,1500
4,18,4,rogue,2,1500
4,18,5,human,1,0
4,18,5,dwarf,2,10
4,18,5,orc,2,1000
4,18,5,dragonkin,1,0
4,18,5,guardian,1,0
4,18,5,warrior,3,1500
4,18,5,rogue,1,0
4,18,5,priest,1,0
4,18,6,human,1,0
4,18,6,dwarf,3,10
4,18,6,orc,2,1000
4,18,6,guardian,2,15
4,18,6,warrior,3,1500
4,18,6,ranger,1,0
4,18,7,human,2,1000
4,18,7,elf,1,0
4,18,7,dwarf,1,0
4,18,7,orc,1,0
4,18,7,halfling,1,0
4,18,7,guardian,2,15
4,18,7,warrior,2,1500
4,18,7,ranger,2,1500
4,19,0,human,1,0
4,19,0,dwarf,2,10
4,19,0,orc,1,0
4,19,0,halfling,1,0
4,19,0,guardian,2,15
4,19,0,warrior,2,1500
4,19,0,ranger,1,0
4,19,1,human,1,0
4,19,1,elf,1,0
4,19,1,dwarf,2,10
4,19,1,orc,1,0
4,19,1,halfling,1,0
4,19,1,guardian,2,15
4,19,1,warrior,2,1500
4,19,1,ranger,1,0
4,19,1,rogue,1,0
4,19,2,human,1,0
4,19,2,dwarf,2,10
4,19,2,orc,2,1000
4,19,2,halfling,1,0
4,19,2,guardian,2,15
4,19,2,warrior,3,1500
4,19,2,rogue,1,0
4,19,3,human,1,0
4,19,3,elf,1,0
4,19,3,dwarf,1,0
4,19,3,orc,2,1000
4,19,3,halfling,1,0
4,19,3,guardian,3,15
4,19,3,warrior,2,1500
4,19,3,ranger,1,0
4,19,4,elf,1,0
4,19,4,dwarf,2,10
4,19,4,orc,3,1000
4,19,4,guardian,2,15
4,19,4,warrior,2,1500
4,19,4,rogue,2,1500
4,19,5,human,1,0
4,19,5,dwarf,2,10
4,19,5,orc,2,1000
4,19,5,guardian,1,0
4,19,5,warrior,3,1500
4,19,5,rogue,1,0
4,19,6,human,1,0
4,19,6,dwarf,3,10
4,19,6,orc,2,1000
4,19,6,guardian,2,15
4,19,6,warrior,3,1500
4,19,6,ranger,1,0
4,19,7,human,2,1000
4,19,7,elf,1,0
4,19,7,dwarf,1,0
4,19,7,orc,1,0
4,19,7,halfling,1,0
4,19,7,guardian,2,15
4,19,7,warrior,2,1500
4,19,7,ranger,2,1500
4,20,0,human,1,0
4,20,0,dwarf,2,10
4,20,0,orc,1,0
4,20,0,halfling,1,0
4,20,0,guardian,2,15
4,20,0,warrior,2,1500
4,20,0,ranger,1,0
4,20,1,human,1,0
4,20,1,elf,1,0
4,20,1,dwarf,2,10
4,20,1,orc,1,0
4,20,1,halfling,1,0
4,20,1,guardian,2,15
4,20,1,warrior,2,1500
4,20,1,ranger,1,0
4,20,1,rogue,1,0
4,20,2,human,1,0
4,20,2,dwarf,2,10
4,20,2,orc,2,1000
4,20,2,halfling,1,0
4,20,2,guardian,2,15
4,20,2,warrior,3,1500
4,20,2,rogue,1,0
4,20,3,human,1,0
4,20,3,elf,1,0
4,20,3,dwarf,1,0
4,20,3,orc,2,1000
4,20,3,halfling,1,0
4,20,3,guardian,3,15
4,20,3,warrior,2,1500
4,20,3,ranger,1,0
4,20,4,elf,1,0
4,20,4,dwarf,2,10
4,20,4,orc,3,1000
4,20,4,guardian,2,15
4,20,4,warrior,2,1500
4,20,4,rogue,2,1500
4,20,5,human,1,0
4,20,5,dwarf,2,10
4,20,5,orc,2,1000
4,20,5,guardian,1,0
4,20,5,warrior,3,1500
4,20,5,rogue,1,0
4,20,6,human,1,0
4,20,6,dwarf,3,10
4,20,6,orc,2,1000
4,20,6,guardian,2,15
4,20,6,warrior,3,1500
4,20,6,ranger,1,0
4,20,7,human,2,1000
4,20,7,elf,1,0
4,20,7,dwarf,1,0
4,20,7,orc,1,0
4,20,7,halfling,1,0
4,20,7,guardian,2,15
4,20,7,warrior,2,1500
4,20,7,ranger,2,1500
4,21,0,human,1,0
4,21,0,dwarf,2,10
4,21,0,orc,1,0
4,21,0,halfling,1,0
4,21,0,guardian,2,15
4,21,0,warrior,2,1500
4,21,0,ranger,1,0
4,21,1,human,1,0
4,21,1,elf,1,0
4,21,1,dwarf,2,10
4,21,1,orc,1,0
4,21,1,halfling,1,0
4,21,1,guardian,2,15
4,21,1,warrior,2,1500
4,21,1,ranger,1,0
4,21,1,rogue,1,0
4,21,2,human,1,0
4,21,2,dwarf,2,10
4,21,2,orc,2,1000
4,21,2,halfling,1,0
4,21,2,guardian,2,15
4,21,2,warrior,3,1500
4,21,2,rogue,1,0
4,21,3,human,1,0
4,21,3,elf,1,0
4,21,3,dwarf,1,0
4,21,3,orc,2,1000
4,21,3,halfling,1,0
4,21,3,guardian,3,15
4,21,3,warrior,2,1500
4,21,3,ranger,1,0
4,21,4,elf,1,0
4,21,4,dwarf,2,10
4,21,4,orc,3,1000
4,21,4,guardian,2,15
4,21,4,warrior,2,1500
4,21,4,rogue,2,1500
4,21,5,human,1,0
4,21,5,dwarf,2,10
4,21,5,orc,2,1000
4,21,5,guardian,1,0
4,21,5,warrior,3,1500
4,21,5,rogue,1,0
4,21,6,human,1,0
4,21,6,dwarf,3,10
4,21,6,orc,2,1000
4,21,6,guardian,2,15
4,21,6,warrior,3,1500
4,21,6,ranger,1,0
4,21,7,human,2,1000
4,21,7,elf,1,0
4,21,7,dwarf,1,0
4,21,7,orc,1,0
4,21,7,halfling,1,0
4,21,7,guardian,2,15
4,21,7,warrior,2,1500
4,21,7,ranger,2,1500
4,22,0,human,1,0
4,22,0,dwarf,2,10
4,22,0,orc,1,0
4,22,0,halfling,1,0
4,22,0,guardian,2,15
4,22,0,warrior,2,1500
4,22,0,ranger,1,0
4,22,1,human,1,0
4,22,1,elf,1,0
4,22,1,dwarf,2,10
4,22,1,orc,1,0
4,22,1,halfling,1,0
4,22,1,guardian,2,15
4,22,1,warrior,2,1500
4,22,1,ranger,1,0
4,22,1,rogue,1,0
4,22,2,human,1,0
4,22,2,dwarf,2,10
4,22,2,orc,2,1000
4,22,2,halfling,1,0
4,22,2,guardian,2,15
4,22,2,warrior,3,1500
4,22,2,rogue,1,0
4,22,3,human,1,0
4,22,3,elf,1,0
4,22,3,dwarf,1,0
4,22,3,orc,2,1000
4,22,3,halfling,1,0
4,22,3,guardian,3,15
4,22,3,warrior,2,1500
4,22,3,ranger,1,0
4,22,4,elf,1,0
4,22,4,dwarf,2,10
4,22,4,orc,3,1000
4,22,4,guardian,2,15
4,22,4,warrior,2,1500
4,22,4,rogue,2,1500
4,22,5,human,1,0
4,22,5,dwarf,2,10
4,22,5,orc,2,1000
4,22,5,guardian,1,0
4,22,5,warrior,3,1500
4,22,5,rogue,1,0
4,22,6,human,1,0
4,22,6,dwarf,3,10
4,22,6,orc,2,1000
4,22,6,guardian,2,15
4,22,6,warrior,3,1500
4,22,6,ranger,1,0
4,22,7,human,2,1000
4,22,7,elf,1,0
4,22,7,dwarf,1,0
4,22,7,orc,1,0
4,22,7,halfling,1,0
4,22,7,guardian,2,15
4,22,7,warrior,2,1500
4,22,7,ranger,2,1500
4,23,0,human,1,0
4,23,0,dwarf,2,10
4,23,0,orc,1,0
4,23,0,halfling,1,0
4,23,0,guardian,2,15
4,23,0,warrior,2,1500
4,23,0,ranger,1,0
4,23,1,human,1,0
4,23,1,elf,1,0
4,23,1,dwarf,2,10
4,23,1,orc,1,0
4,23,1,halfling,1,0
4,23,1,guardian,2,15
4,23,1,warrior,2,1500
4,23,1,ranger,1,0
4,23,1,rogue,1,0
4,23,2,human,1,0
4,23,2,dwarf,2,10
4,23,2,orc,2,1000
4,23,2,halfling,1,0
4,23,2,guardian,2,15
4,23,2,warrior,3,1500
4,23,2,rogue,1,0
4,23,3,human,1,0
4,23,3,elf,1,0
4,23,3,dwarf,1,0
4,23,3,orc,2,1000
4,23,3,halfling,1,0
4,23,3,guardian,3,15
4,23,3,warrior,2,1500
4,23,3,ranger,1,0
4,23,4,elf,1,0
4,23,4,dwarf,2,10
4,23,4,orc,3,1000
4,23,4,guardian,2,15
4,23,4,warrior,2,1500
4,23,4,rogue,2,1500
4,23,5,human,1,0
4,23,5,dwarf,2,10
4,23,5,orc,2,1000
4,23,5,guardian,1,0
4,23,5,warrior,3,1500
4,23,5,rogue,1,0
4,23,6,human,1,0
4,23,6,dwarf,3,10
4,23,6,orc,2,1000
4,23,6,guardian,2,15
4,23,6,warrior,3,1500
4,23,6,ranger,1,0
4,23,7,human,2,1000
4,23,7,elf,1,0
4,23,7,dwarf,1,0
4,23,7,orc,1,0
4,23,7,halfling,1,0
4,23,7,guardian,2,15
4,23,7,warrior,2,1500
4,23,7,ranger,2,1500
4,24,0,human,1,0
4,24,0,dwarf,2,10
4,24,0,orc,1,0
4,24,0,halfling,1,0
4,24,0,guardian,2,15
4,24,0,warrior,2,1500
4,24,0,ranger,1,0
4,24,1,human,1,0
4,24,1,elf,1,0
4,24,1,dwarf,2,10
4,24,1,orc,1,0
4,24,1,halfling,1,0
4,24,1,guardian,2,15
4,24,1,warrior,2,1500
4,24,1,ranger,1,0
4,24,1,rogue,1,0
4,24,2,human,1,0
4,24,2,dwarf,2,10
4,24,2,orc,2,1000
4,24,2,halfling,1,0
4,24,2,guardian,2,15
4,24,2,warrior,3,1500
4,24,2,rogue,1,0
4,24,3,human,1,0
4,24,3,elf,1,0
4,24,3,dwarf,1,0
4,24,3,orc,2,1000
4,24,3,halfling,1,0
4,24,3,guardian,3,15
4,24,3,warrior,2,1500
4,24,3,ranger,1,0
4,24,4,elf,1,0
4,24,4,dwarf,2,10
4,24,4,orc,3,1000
4,24,4,guardian,2,15
4,24,4,warrior,2,1500
4,24,4,rogue,2,1500
4,24,5,human,1,0
4,24,5,dwarf,2,10
4,24,5,orc,2,1000
4,24,5,guardian,1,0
4,24,5,warrior,3,1500
4,24,5,rogue,1,0
4,24,6,human,1,0
4,24,6,dwarf,3,10
4,24,6,orc,2,1000
4,24,6,guardian,2,15
4,24,6,warrior,3,1500
4,24,6,ranger,1,0
4,24,7,human,2,1000
4,24,7,elf,1,0
4,24,7,dwarf,1,0
4,24,7,orc,2,1000
4,24,7,guardian,2,15
4,24,7,warrior,3,1500
4,24,7,ranger,1,0
4,25,0,human,1,0
4,25,0,dwarf,2,10
4,25,0,orc,1,0
4,25,0,halfling,1,0
4,25,0,guardian,2,15
4,25,0,warrior,2,1500
4,25,0,ranger,1,0
4,25,1,human,1,0
4,25,1,elf,1,0
4,25,1,dwarf,2,10
4,25,1,orc,1,0
4,25,1,halfling,1,0
4,25,1,guardian,2,15
4,25,1,warrior,2,1500
4,25,1,ranger,1,0
4,25,1,rogue,1,0
4,25,2,human,1,0
4,25,2,dwarf,2,10
4,25,2,orc,2,1000
4,25,2,halfling,1,0
4,25,2,guardian,2,15
4,25,2,warrior,3,1500
4,25,2,rogue,1,0
4,25,3,human,1,0
4,25,3,elf,1,0
4,25,3,dwarf,1,0
4,25,3,orc,2,1000
4,25,3,halfling,1,0
4,25,3,guardian,3,15
4,25,3,warrior,2,1500
4,25,3,ranger,1,0
4,25,4,elf,1,0
4,25,4,dwarf,2,10
4,25,4,orc,3,1000
4,25,4,guardian,2,15
4,25,4,warrior,2,1500
4,25,4,rogue,2,1500
4,25,5,human,1,0
4,25,5,dwarf,2,10
4,25,5,orc,2,1000
4,25,5,guardian,1,0
4,25,5,warrior,3,1500
4,25,5,rogue,1,0
4,25,6,human,1,0
4,25,6,dwarf,3,10
4,25,6,orc,2,1000
4,25,6,guardian,2,15
4,25,6,warrior,3,1500
4,25,6,ranger,1,0
4,25,7,human,2,1000
4,25,7,elf,1,0
4,25,7,dwarf,1,0
4,25,7,orc,2,1000
4,25,7,guardian,2,15
4,25,7,warrior,3,1500
4,25,7,ranger,1,0
4,26,0,human,1,0
4,26,0,dwarf,2,10
4,26,0,orc,1,0
4,26,0,halfling,1,0
4,26,0,guardian,2,15
4,26,0,warrior,2,1500
4,26,0,ranger,1,0
4,26,1,human,1,0
4,26,1,elf,1,0
4,26,1,dwarf,2,10
4,26,1,orc,1,0
4,26,1,halfling,1,0
4,26,1,guardian,2,15
4,26,1,warrior,2,1500
4,26,1,ranger,1,0
4,26,1,rogue,1,0
4,26,2,human,1,0
4,26,2,dwarf,2,10
4,26,2,orc,2,1000
4,26,2,halfling,1,0
4,26,2,guardian,2,15
4,26,2,warrior,3,1500
4,26,2,rogue,1,0
4,26,3,human,1,0
4,26,3,elf,1,0
4,26,3,dwarf,1,0
4,26,3,orc,2,1000
4,26,3,halfling,1,0
4,26,3,guardian,3,15
4,26,3,warrior,2,1500
4,26,3,ranger,1,0
4,26,4,elf,1,0
4,26,4,dwarf,2,10
4,26,4,orc,3,1000
4,26,4,guardian,2,15
4,26,4,warrior,2,1500
4,26,4,rogue,2,1500
4,26,5,human,1,0
4,26,5,dwarf,2,10
4,26,5,orc,2,1000
4,26,5,guardian,1,0
4,26,5,warrior,3,1500
4,26,5,rogue,1,0
4,26,6,human,1,0
4,26,6,dwarf,3,10
4,26,6,orc,2,1000
4,26,6,guardian,2,15
4,26,6,warrior,3,1500
4,26,6,ranger,1,0
4,26,7,human,2,1000
4,26,7,elf,1,0
4,26,7,dwarf,1,0
4,26,7,orc,2,1000
4,26,7,guardian,2,15
4,26,7,warrior,3,1500
4,26,7,ranger,1,0
4,27,0,human,1,0
4,27,0,dwarf,2,10
4,27,0,orc,1,0
4,27,0,halfling,1,0
4,27,0,guardian,2,15
4,27,0,warrior,2,1500
4,27,0,ranger,1,0
4,27,1,human,1,0
4,27,1,elf,1,0
4,27,1,dwarf,2,10
4,27,1,orc,1,0
4,27,1,halfling,1,0
4,27,1,guardian,2,15
4,27,1,warrior,2,1500
4,27,1,ranger,1,0
4,27,1,rogue,1,0
4,27,2,human,1,0
4,27,2,dwarf,2,10
4,27,2,orc,2,1000
4,27,2,halfling,1,0
4,27,2,guardian,2,15
4,27,2,warrior,3,1500
4,27,2,rogue,1,0
4,27,3,human,1,0
4,27,3,elf,1,0
4,27,3,dwarf,1,0
4,27,3,orc,2,1000
4,27,3,halfling,1,0
4,27,3,guardian,3,15
4,27,3,warrior,2,1500
4,27,3,ranger,1,0
4,27,4,elf,1,0
4,27,4,dwarf,2,10
4,27,4,orc,3,1000
4,27,4,guardian,2,15
4,27,4,warrior,2,1500
4,27,4,rogue,2,1500
4,27,5,human,1,0
4,27,5,dwarf,2,10
4,27,5,orc,2,1000
4,27,5,guardian,1,0
4,27,5,warrior,3,1500
4,27,5,rogue,1,0
4,27,6,human,1,0
4,27,6,dwarf,3,10
4,27,6,orc,2,1000
4,27,6,guardian,2,15
4,27,6,warrior,3,1500
4,27,6,ranger,1,0
4,27,7,human,2,1000
4,27,7,elf,1,0
4,27,7,dwarf,1,0
4,27,7,orc,2,1000
4,27,7,guardian,2,15
4,27,7,warrior,3,1500
4,27,7,ranger,1,0
4,28,0,human,1,0
4,28,0,dwarf,2,10
4,28,0,orc,1,0
4,28,0,halfling,1,0
4,28,0,guardian,2,15
4,28,0,warrior,2,1500
4,28,0,ranger,1,0
4,28,1,human,1,0
4,28,1,elf,1,0
4,28,1,dwarf,2,10
4,28,1,orc,1,0
4,28,1,halfling,1,0
4,28,1,guardian,2,15
4,28,1,warrior,2,1500
4,28,1,ranger,1,0
4,28,1,rogue,1,0
4,28,2,human,1,0
4,28,2,dwarf,2,10
4,28,2,orc,2,1000
4,28,2,halfling,1,0
4,28,2,guardian,2,15
4,28,2,warrior,3,1500
4,28,2,rogue,1,0
4,28,3,human,1,0
4,28,3,elf,1,0
4,28,3,dwarf,1,0
4,28,3,orc,2,1000
4,28,3,halfling,1,0
4,28,3,guardian,3,15
4,28,3,warrior,2,1500
4,28,3,ranger,1,0
4,28,4,elf,1,0
4,28,4,dwarf,2,10
4,28,4,orc,3,1000
4,28,4,guardian,2,15
4,28,4,warrior,2,1500
4,28,4,rogue,2,1500
4,28,5,human,1,0
4,28,5,dwarf,2,10
4,28,5,orc,2,1000
4,28,5,guardian,1,0
4,28,5,warrior,3,1500
4,28,5,rogue,1,0
4,28,6,human,1,0
4,28,6,dwarf,3,10
4,28,6,orc,2,1000
4,28,6,guardian,2,15
4,28,6,warrior,3,1500
4,28,6,ranger,1,0
4,28,7,human,2,1000
4,28,7,elf,1,0
4,28,7,dwarf,1,0
4,28,7,orc,2,1000
4,28,7,guardian,2,15
4,28,7,warrior,3,1500
4,28,7,ranger,1,0
4,29,0,human,1,0
4,29,0,dwarf,2,10
4,29,0,orc,1,0
4,29,0,halfling,1,0
4,29,0,guardian,2,15
4,29,0,warrior,2,1500
4,29,0,ranger,1,0
4,29,1,human,1,0
4,29,1,elf,1,0
4,29,1,dwarf,2,10
4,29,1,orc,1,0
4,29,1,halfling,1,0
4,29,1,guardian,2,15
4,29,1,warrior,2,1500
4,29,1,ranger,1,0
4,29,1,rogue,1,0
4,29,2,human,1,0
4,29,2,dwarf,2,10
4,29,2,orc,2,1000
4,29,2,halfling,1,0
4,29,2,guardian,2,15
4,29,2,warrior,3,1500
4,29,2,rogue,1,0
4,29,3,human,1,0
4,29,3,elf,1,0
4,29,3,dwarf,1,0
4,29,3,orc,2,1000
4,29,3,halfling,1,0
4,29,3,guardian,3,15
4,29,3,warrior,2,1500
4,29,3,ranger,1,0
4,29,4,elf,1,0
4,29,4,dwarf,2,10
4,29,4,orc,3,1000
4,29,4,guardian,2,15
4,29,4,warrior,2,1500
4,29,4,rogue,2,1500
4,29,5,human,1,0
4,29,5,dwarf,2,10
4,29,5,orc,2,1000
4,29,5,guardian,1,0
4,29,5,warrior,3,1500
4,29,5,rogue,1,0
4,29,6,human,1,0
4,29,6,dwarf,3,10
4,29,6,orc,2,1000
4,29,6,guardian,2,15
4,29,6,warrior,3,1500
4,29,6,ranger,1,0
4,29,7,human,2,1000
4,29,7,elf,1,0
4,29,7,dwarf,1,0
4,29,7,orc,2,1000
4,29,7,guardian,2,15
4,29,7,warrior,3,1500
4,29,7,ranger,1,0
5,1,0,human,2,1000
5,1,0,halfling,1,0
5,1,0,guardian,1,0
5,1,0,warrior,1,0
5,1,0,priest,1,0
5,1,1,human,2,1000
5,1,1,orc,1,0
5,1,1,dragonkin,1,0
5,1,1,warrior,1,0
5,1,1,ranger,1,0
5,1,1,mage,1,0
5,1,1,priest,1,0
5,1,2,human,2,1000
5,1,2,dwarf,2,10
5,1,2,guardian,1,0
5,1,2,mage,1,0
5,1,2,priest,2,1500
5,1,3,elf,1,0
5,1,3,orc,1,0
5,1,3,halfling,1,0
5,1,3,warrior,1,0
5,1,3,ranger,2,1500
5,1,4,human,1,0
5,1,4,halfling,2,1000
5,1,4,guardian,1,0
5,1,4,warrior,1,0
5,1,4,rogue,1,0
5,1,5,orc,2,1000
5,1,5,guardian,1,0
5,1,5,warrior,1,0
5,1,6,dwarf,3,10
5,1,6,halfling,1,0
5,1,6,guardian,1,0
5,1,6,warrior,2,1500
5,1,6,ranger,1,0
5,1,7,human,2,1000
5,1,7,orc,1,0
5,1,7,halfling,1,0
5,1,7,guardian,2,15
5,1,7,ranger,1,0
5,1,7,priest,1,0
5,2,0,human,1,0
5,2,0,orc,1,0
5,2,0,halfling,2,1000
5,2,0,guardian,2,15
5,2,0,warrior,1,0
5,2,0,mage,1,0
5,2,1,dwarf,2,10
5,2,1,orc,1,0
5,2,1,dragonkin,1,0
5,2,1,warrior,2,1500
5,2,1,ranger,2,1500
5,2,2,dwarf,3,10
5,2,2,guardian,1,0
5,2,2,warrior,1,0
5,2,2,priest,1,0
5,2,3,human,1,0
5,2,3,orc,1,0
5,2,3,halfling,2,1000
5,2,3,guardian,1,0
5,2,3,warrior,2,1500
5,2,3,ranger,1,0
5,2,4,human,1,0
5,2,4,halfling,2,1000
5,2,4,guardian,1,0
5,2,4,warrior,1,0
5,2,4,rogue,1,0
5,2,5,human,1,0
5,2,5,orc,2,1000
5,2,5,guardian,1,0
5,2,5,warrior,2,1500
5,2,6,dwarf,3,10
5,2,6,orc,1,0
5,2,6,guardian,2,15
5,2,6,warrior,1,0
5,2,6,ranger,1,0
5,2,7,human,2,1000
5,2,7,orc,1,0
5,2,7,guardian,2,15
5,2,7,warrior,1,0
5,3,0,human,2,1000
5,3,0,orc,1,0
5,3,0,halfling,2,1000
5,3,0,guardian,2,15
5,3,0,warrior,1,0
5,3,0,mage,1,0
5,3,0,priest,1,0
5,3,1,dwarf,2,10
5,3,1,orc,1,0
5,3,1,dragonkin,1,0
5,3,1,warrior,2,1500
5,3,1,ranger,2,1500
5,3,2,dwarf,4,20
5,3,2,guardian,1,0
5,3,2,warrior,1,0
5,3,2,ranger,1,0
5,3,2,priest,1,0
5,3,3,human,1,0
5,3,3,dwarf,1,0
5,3,3,orc,1,0
5,3,3,halfling,2,1000
5,3,3,guardian,2,15
5,3,3,warrior,2,1500
5,3,3,ranger,1,0
5,3,4,human,2,1000
5,3,4,dwarf,1,0
5,3,4,halfling,2,1000
5,3,4,guardian,1,0
5,3,4,warrior,2,1500
5,3,4,rogue,1,0
5,3,4,mage,1,0
5,3,5,human,2,1000
5,3,5,orc,2,1000
5,3,5,guardian,2,15
5,3,5,warrior,2,1500
5,3,6,dwarf,3,10
5,3,6,orc,1,0
5,3,6,halfling,1,0
5,3,6,guardian,2,15
5,3,6,warrior,2,1500
5,3,6,ranger,1,0
5,3,7,human,3,1000
5,3,7,orc,1,0
5,3,7,guardian,2,15
5,3,7,warrior,1,0
5,3,7,priest,1,0
5,4,0,human,1,0
5,4,0,orc,1,0
5,4,0,halfling,2,1000
5,4,0,guardian,2,15
5,4,0,warrior,1,0
5,4,0,mage,1,0
5,4,1,dwarf,2,10
5,4,1,orc,2,1000
5,4,1,warrior,2,1500
5,4,1,ranger,1,0
5,4,1,rogue,1,0
5,4,2,dwarf,3,10
5,4,2,orc,1,0
5,4,2,guardian,1,0
5,4,2,warrior,2,1500
5,4,2,priest,1,0
5,4,3,dwarf,1,0
5,4,3,orc,1,0
5,4,3,halfling,2,1000
5,4,3,guardian,1,0
5,4,3,warrior,2,1500
5,4,3,ranger,1,0
5,4,4,human,3,1000
5,4,4,dwarf,2,10
5,4,4,guardian,2,15
5,4,4,warrior,2,1500
5,4,4,mage,1,0
5,4,5,human,2,1000
5,4,5,orc,2,1000
5,4,5,guardian,2,15
5,4,5,warrior,2,1500
5,4,6,dwarf,3,10
5,4,6,orc,1,0
5,4,6,halfling,1,0
5,4,6,guardian,2,15
5,4,6,warrior,2,1500
5,4,6,ranger,1,0
5,4,7,human,2,1000
5,4,7,orc,1,0
5,4,7,halfling,1,0
5,4,7,guardian,2,15
5,4,7,warrior,1,0
5,4,7,ranger,1,0
5,5,0,dwarf,1,0
5,5,0,orc,1,0
5,5,0,halfling,1,0
5,5,0,dragonkin,1,0
5,5,0,guardian,2,15
5,5,0,warrior,2,1500
5,5,1,dwarf,2,10
5,5,1,orc,2,1000
5,5,1,warrior,2,1500
5,5,1,ranger,1,0
5,5,1,rogue,1,0
5,5,2,dwarf,2,10
5,5,2,orc,2,1000
5,5,2,halfling,1,0
5,5,2,guardian,2,15
5,5,2,warrior,3,1500
5,5,3,dwarf,1,0
5,5,3,orc,1,0
5,5,3,halfling,2,1000
5,5,3,guardian,1,0
5,5,3,warrior,2,1500
5,5,3,ranger,1,0
5,5,4,human,2,1000
5,5,4,dwarf,2,10
5,5,4,halfling,1,0
5,5,4,guardian,2,15
5,5,4,warrior,2,1500
5,5,4,rogue,1,0
5,5,5,human,3,1000
5,5,5,orc,2,1000
5,5,5,guardian,2,15
5,5,5,warrior,2,1500
5,5,5,priest,1,0
5,5,6,dwarf,3,10
5,5,6,orc,1,0
5,5,6,halfling,1,0
5,5,6,guardian,2,15
5,5,6,warrior,2,1500
5,5,6,ranger,1,0
5,5,7,human,2,1000
5,5,7,orc,1,0
5,5,7,halfling,1,0
5,5,7,guardian,2,15
5,5,7,warrior,1,0
5,5,7,ranger,1,0
5,6,0,dwarf,1,0
5,6,0,orc,1,0
5,6,0,halfling,1,0
5,6,0,dragonkin,1,0
5,6,0,guardian,2,15
5,6,0,warrior,2,1500
5,6,1,dwarf,2,10
5,6,1,orc,2,1000
5,6,1,dragonkin,1,0
5,6,1,warrior,2,1500
5,6,1,ranger,1,0
5,6,1,rogue,2,1500
5,6,2,dwarf,2,10
5,6,2,orc,2,1000
5,6,2,halfling,1,0
5,6,2,guardian,2,15
5,6,2,warrior,3,1500
5,6,3,human,1,0
5,6,3,dwarf,1,0
5,6,3,halfling,2,1000
5,6,3,guardian,2,15
5,6,3,warrior,1,0
5,6,3,ranger,1,0
5,6,4,human,2,1000
5,6,4,dwarf,2,10
5,6,4,halfling,1,0
5,6,4,guardian,2,15
5,6,4,warrior,2,1500
5,6,4,rogue,1,0
5,6,5,human,3,1000
5,6,5,orc,2,1000
5,6,5,guardian,2,15
5,6,5,warrior,2,1500
5,6,5,priest,1,0
5,6,6,dwarf,3,10
5,6,6,orc,1,0
5,6,6,halfling,1,0
5,6,6,guardian,2,15
5,6,6,warrior,2,1500
5,6,6,ranger,1,0
5,6,7,human,2,1000
5,6,7,dwarf,1,0
5,6,7,orc,1,0
5,6,7,halfling,1,0
5,6,7,guardian,2,15
5,6,7,warrior,2,1500
5,6,7,ranger,1,0
5,7,0,human,1,0
5,7,0,dwarf,1,0
5,7,0,halfling,1,0
5,7,0,dragonkin,1,0
5,7,0,guardian,2,15
5,7,0,warrior,2,1500
5,7,1,dwarf,2,10
5,7,1,orc,2,1000
5,7,1,dragonkin,1,0
5,7,1,warrior,2,1500
5,7,1,ranger,1,0
5,7,1,rogue,2,1500
5,7,2,human,1,0
5,7,2,elf,1,0
5,7,2,orc,2,1000
5,7,2,halfling,1,0
5,7,2,dragonkin,1,0
5,7,2,guardian,3,15
5,7,2,warrior,2,1500
5,7,2,ranger,1,0
5,7,3,human,1,0
5,7,3,dwarf,1,0
5,7,3,orc,1,0
5,7,3,halfling,2,1000
5,7,3,guardian,2,15
5,7,3,ranger,1,0
5,7,3,rogue,2,1500
5,7,4,human,2,1000
5,7,4,dwarf,2,10
5,7,4,halfling,2,1000
5,7,4,guardian,2,15
5,7,4,warrior,3,1500
5,7,4,rogue,1,0
5,7,5,human,2,1000
5,7,5,dwarf,2,10
5,7,5,orc,2,1000
5,7,5,guardian,1,0
5,7,5,warrior,3,1500
5,7,5,ranger,1,0
5,7,5,priest,1,0
5,7,6,dwarf,3,10
5,7,6,orc,2,1000
5,7,6,halfling,1,0
5,7,6,guardian,2,15
5,7,6,warrior,3,1500
5,7,6,ranger,1,0
5,7,7,human,2,1000
5,7,7,elf,1,0
5,7,7,dwarf,1,0
5,7,7,orc,1,0
5,7,7,halfling,1,0
5,7,7,guardian,2,15
5,7,7,warrior,2,1500
5,7,7,ranger,2,1500
5,8,0,human,1,0
5,8,0,dwarf,1,0
5,8,0,halfling,1,0
5,8,0,dragonkin,1,0
5,8,0,guardian,2,15
5,8,0,warrior,2,1500
5,8,1,dwarf,2,10
5,8,1,orc,2,1000
5,8,1,dragonkin,1,0
5,8,1,warrior,2,1500
5,8,1,ranger,1,0
5,8,1,rogue,2,1500
5,8,2,human,1,0
5,8,2,elf,1,0
5,8,2,orc,2,1000
5,8,2,halfling,1,0
5,8,2,dragonkin,1,0
5,8,2,guardian,3,15
5,8,2,warrior,2,1500
5,8,2,ranger,1,0
5,8,3,human,1,0
5,8,3,dwarf,2,10
5,8,3,halfling,2,1000
5,8,3,guardian,2,15
5,8,3,warrior,1,0
5,8,3,ranger,1,0
5,8,3,rogue,1,0
5,8,4,human,2,1000
5,8,4,dwarf,2,10
5,8,4,halfling,2,1000
5,8,4,guardian,2,15
5,8,4,warrior,3,1500
5,8,4,rogue,1,0
5,8,5,human,2,1000
5,8,5,dwarf,2,10
5,8,5,orc,2,1000
5,8,5,guardian,1,0
5,8,5,warrior,3,1500
5,8,5,ranger,1,0
5,8,5,priest,1,0
5,8,6,elf,1,0
5,8,6,dwarf,2,10
5,8,6,orc,2,1000
5,8,6,halfling,1,0
5,8,6,guardian,2,15
5,8,6,warrior,2,1500
5,8,6,mage,2,2000
5,8,7,human,2,1000
5,8,7,elf,1,0
5,8,7,dwarf,1,0
5,8,7,orc,1,0
5,8,7,halfling,1,0
5,8,7,guardian,2,15
5,8,7,warrior,2,1500
5,8,7,ranger,2,1500
5,9,0,human,1,0
5,9,0,dwarf,1,0
5,9,0,orc,1,0
5,9,0,halfling,1,0
5,9,0,dragonkin,1,0
5,9,0,guardian,3,15
5,9,0,warrior,2,1500
5,9,1,dwarf,2,10
5,9,1,orc,2,1000
5,9,1,dragonkin,1,0
5,9,1,warrior,2,1500
5,9,1,ranger,1,0
5,9,1,rogue,2,1500
5,9,2,human,1,0
5,9,2,elf,1,0
5,9,2,orc,2,1000
5,9,2,halfling,1,0
5,9,2,dragonkin,1,0
5,9,2,guardian,3,15
5,9,2,warrior,2,1500
5,9,2,ranger,1,0
5,9,3,human,1,0
5,9,3,dwarf,2,10
5,9,3,halfling,2,1000
5,9,3,guardian,2,15
5,9,3,warrior,1,0
5,9,3,ranger,1,0
5,9,3,rogue,1,0
5,9,4,human,2,1000
5,9,4,dwarf,2,10
5,9,4,halfling,2,1000
5,9,4,guardian,2,15
5,9,4,warrior,3,1500
5,9,4,rogue,1,0
5,9,5,human,2,1000
5,9,5,dwarf,2,10
5,9,5,orc,2,1000
5,9,5,guardian,1,0
5,9,5,warrior,3,1500
5,9,5,ranger,1,0
5,9,5,priest,1,0
5,9,6,elf,1,0
5,9,6,dwarf,2,10
5,9,6,orc,2,1000
5,9,6,halfling,1,0
5,9,6,guardian,2,15
5,9,6,warrior,2,1500
5,9,6,mage,2,2000
5,9,7,human,2,1000
5,9,7,elf,1,0
5,9,7,dwarf,1,0
5,9,7,orc,1,0
5,9,7,halfling,1,0
5,9,7,guardian,2,15
5,9,7,warrior,2,1500
5,9,7,ranger,2,1500
5,10,0,human,1,0
5,10,0,dwarf,1,0
5,10,0,orc,1,0
5,10,0,halfling,1,0
5,10,0,dragonkin,1,0
5,10,0,guardian,3,15
5,10,0,warrior,2,1500
5,10,1,dwarf,2,10
5,10,1,orc,2,1000
5,10,1,dragonkin,1,0
5,10,1,warrior,2,1500
5,10,1,ranger,1,0
5,10,1,rogue,2,1500
5,10,2,human,1,0
5,10,2,elf,1,0
5,10,2,dwarf,1,0
5,10,2,orc,2,1000
5,10,2,halfling,1,0
5,10,2,guardian,2,15
5,10,2,warrior,2,1500
5,10,2,ranger,1,0
5,10,2,priest,1,0
5,10,3,human,1,0
5,10,3,dwarf,2,10
5,10,3,halfling,2,1000
5,10,3,guardian,2,15
5,10,3,warrior,1,0
5,10,3,ranger,1,0
5,10,3,rogue,1,0
5,10,4,human,2,1000
5,10,4,dwarf,2,10
5,10,4,halfling,2,1000
5,10,4,guardian,2,15
5,10,4,warrior,3,1500
5,10,4,rogue,1,0
5,10,5,human,2,1000
5,10,5,dwarf,2,10
5,10,5,orc,2,1000
5,10,5,guardian,1,0
5,10,5,warrior,3,1500
5,10,5,ranger,1,0
5,10,5,priest,1,0
5,10,6,elf,1,0
5,10,6,dwarf,2,10
5,10,6,orc,2,1000
5,10,6,halfling,1,0
5,10,6,guardian,2,15
5,10,6,warrior,2,1500
5,10,6,mage,2,2000
5,10,7,human,2,1000
5,10,7,elf,1,0
5,10,7,dwarf,1,0
5,10,7,orc,1,0
5,10,7,halfling,1,0
5,10,7,guardian,2,15
5,10,7,warrior,2,1500
5,10,7,ranger,2,1500
5,11,0,human,1,0
5,11,0,dwarf,1,0
5,11,0,orc,1,0
5,11,0,halfling,1,0
5,11,0,dragonkin,1,0
5,11,0,guardian,3,15
5,11,0,warrior,2,1500
5,11,1,dwarf,2,10
5,11,1,orc,2,1000
5,11,1,dragonkin,1,0
5,11,1,warrior,2,1500
5,11,1,ranger,1,0
5,11,1,rogue,2,1500
5,11,2,human,1,0
5,11,2,elf,1,0
5,11,2,dwarf,1,0
5,11,2,orc,2,1000
5,11,2,halfling,1,0
5,11,2,guardian,2,15
5,11,2,warrior,2,1500
5,11,2,ranger,1,0
5,11,2,priest,1,0
5,11,3,human,1,0
5,11,3,dwarf,2,10
5,11,3,halfling,2,1000
5,11,3,guardian,2,15
5,11,3,warrior,1,0
5,11,3,ranger,1,0
5,11,3,rogue,1,0
5,11,4,human,2,1000
5,11,4,elf,1,0
5,11,4,dwarf,2,10
5,11,4,halfling,1,0
5,11,4,guardian,2,15
5,11,4,warrior,2,1500
5,11,4,ranger,1,0
5,11,4,rogue,1,0
5,11,5,human,1,0
5,11,5,elf,1,0
5,11,5,dwarf,2,10
5,11,5,orc,2,1000
5,11,5,guardian,1,0
5,11,5,warrior,2,1500
5,11,5,ranger,2,1500
5,11,5,priest,1,0
5,11,6,elf,1,0
5,11,6,dwarf,2,10
5,11,6,orc,2,1000
5,11,6,halfling,1,0
5,11,6,guardian,2,15
5,11,6,warrior,2,1500
5,11,6,mage,2,2000
5,11,7,human,2,1000
5,11,7,elf,1,0
5,11,7,dwarf,1,0
5,11,7,orc,1,0
5,11,7,halfling,1,0
5,11,7,guardian,2,15
5,11,7,warrior,2,1500
5,11,7,ranger,2,1500
5,12,0,human,1,0
5,12,0,dwarf,1,0
5,12,0,orc,1,0
5,12,0,halfling,1,0
5,12,0,dragonkin,1,0
5,12,0,guardian,3,15
5,12,0,warrior,2,1500
5,12,1,dwarf,2,10
5,12,1,orc,2,1000
5,12,1,dragonkin,1,0
5,12,1,warrior,2,1500
5,12,1,ranger,1,0
5,12,1,rogue,2,1500
5,12,2,human,1,0
5,12,2,dwarf,2,10
5,12,2,orc,2,1000
5,12,2,halfling,1,0
5,12,2,guardian,3,15
5,12,2,warrior,2,1500
5,12,2,priest,1,0
5,12,3,human,1,0
5,12,3,dwarf,2,10
5,12,3,halfling,2,1000
5,12,3,guardian,2,15
5,12,3,warrior,1,0
5,12,3,ranger,1,0
5,12,3,rogue,1,0
5,12,4,human,2,1000
5,12,4,elf,1,0
5,12,4,dwarf,2,10
5,12,4,halfling,1,0
5,12,4,guardian,2,15
5,12,4,warrior,2,1500
5,12,4,ranger,1,0
5,12,4,rogue,1,0
5,12,5,human,1,0
5,12,5,elf,1,0
5,12,5,dwarf,2,10
5,12,5,orc,2,1000
5,12,5,guardian,1,0
5,12,5,warrior,2,1500
5,12,5,ranger,2,1500
5,12,5,priest,1,0
5,12,6,elf,1,0
5,12,6,dwarf,2,10
5,12,6,orc,2,1000
5,12,6,halfling,1,0
5,12,6,guardian,2,15
5,12,6,warrior,2,1500
5,12,6,mage,2,2000
5,12,7,human,2,1000
5,12,7,elf,1,0
5,12,7,dwarf,1,0
5,12,7,orc,1,0
5,12,7,halfling,1,0
5,12,7,guardian,2,15
5,12,7,warrior,2,1500
5,12,7,ranger,2,1500
5,13,0,human,1,0
5,13,0,dwarf,1,0
5,13,0,orc,1,0
5,13,0,halfling,1,0
5,13,0,dragonkin,1,0
5,13,0,guardian,3,15
5,13,0,warrior,2,1500
5,13,1,dwarf,2,10
5,13,1,orc,2,1000
5,13,1,dragonkin,1,0
5,13,1,warrior,2,1500
5,13,1,ranger,1,0
5,13,1,rogue,2,1500
5,13,2,human,1,0
5,13,2,dwarf,2,10
5,13,2,orc,2,1000
5,13,2,halfling,1,0
5,13,2,guardian,3,15
5,13,2,warrior,2,1500
5,13,2,priest,1,0
5,13,3,human,1,0
5,13,3,dwarf,2,10
5,13,3,halfling,2,1000
5,13,3,guardian,2,15
5,13,3,warrior,1,0
5,13,3,ranger,1,0
5,13,3,rogue,1,0
5,13,4,human,2,1000
5,13,4,elf,1,0
5,13,4,dwarf,2,10
5,13,4,halfling,1,0
5,13,4,guardian,2,15
5,13,4,warrior,2,1500
5,13,4,ranger,1,0
5,13,4,rogue,1,0
5,13,5,human,1,0
5,13,5,elf,1,0
5,13,5,dwarf,2,10
5,13,5,orc,2,1000
5,13,5,guardian,1,0
5,13,5,warrior,2,1500
5,13,5,ranger,2,1500
5,13,5,priest,1,0
5,13,6,elf,1,0
5,13,6,dwarf,2,10
5,13,6,orc,2,1000
5,13,6,halfling,1,0
5,13,6,guardian,2,15
5,13,6,warrior,2,1500
5,13,6,mage,2,2000
5,13,7,human,2,1000
5,13,7,elf,1,0
5,13,7,dwarf,1,0
5,13,7,orc,1,0
5,13,7,halfling,1,0
5,13,7,guardian,2,15
5,13,7,warrior,2,1500
5,13,7,ranger,2,1500
5,14,0,human,1,0
5,14,0,dwarf,1,0
5,14,0,orc,1,0
5,14,0,halfling,1,0
5,14,0,dragonkin,1,0
5,14,0,guardian,3,15
5,14,0,warrior,2,1500
5,14,1,dwarf,2,10
5,14,1,orc,2,1000
5,14,1,dragonkin,1,0
5,14,1,warrior,2,1500
5,14,1,ranger,1,0
5,14,1,rogue,2,1500
5,14,2,human,1,0
5,14,2,dwarf,2,10
5,14,2,orc,2,1000
5,14,2,halfling,1,0
5,14,2,guardian,3,15
5,14,2,warrior,2,1500
5,14,2,priest,1,0
5,14,3,human,1,0
5,14,3,dwarf,2,10
5,14,3,halfling,2,1000
5,14,3,guardian,2,15
5,14,3,warrior,1,0
5,14,3,ranger,1,0
5,14,3,rogue,1,0
5,14,4,human,2,1000
5,14,4,elf,1,0
5,14,4,dwarf,2,10
5,14,4,halfling,1,0
5,14,4,guardian,2,15
5,14,4,warrior,2,1500
5,14,4,ranger,1,0
5,14,4,rogue,1,0
5,14,5,human,1,0
5,14,5,elf,1,0
5,14,5,dwarf,2,10
5,14,5,orc,2,1000
5,14,5,guardian,1,0
5,14,5,warrior,2,1500
5,14,5,ranger,2,1500
5,14,5,priest,1,0
5,14,6,elf,1,0
5,14,6,dwarf,2,10
5,14,6,orc,2,1000
5,14,6,halfling,1,0
5,14,6,guardian,2,15
5,14,6,warrior,2,1500
5,14,6,mage,2,2000
5,14,7,human,2,1000
5,14,7,elf,1,0
5,14,7,dwarf,1,0
5,14,7,orc,1,0
5,14,7,halfling,1,0
5,14,7,guardian,2,15
5,14,7,warrior,2,1500
5,14,7,ranger,2,1500
5,15,0,human,1,0
5,15,0,dwarf,1,0
5,15,0,orc,1,0
5,15,0,halfling,1,0
5,15,0,dragonkin,1,0
5,15,0,guardian,3,15
5,15,0,warrior,2,1500
5,15,1,dwarf,2,10
5,15,1,orc,2,1000
5,15,1,dragonkin,1,0
5,15,1,warrior,2,1500
5,15,1,ranger,1,0
5,15,1,rogue,2,1500
5,15,2,human,1,0
5,15,2,dwarf,2,10
5,15,2,orc,2,1000
5,15,2,halfling,1,0
5,15,2,guardian,3,15
5,15,2,warrior,2,1500
5,15,2,priest,1,0
5,15,3,human,1,0
5,15,3,dwarf,2,10
5,15,3,halfling,2,1000
5,15,3,guardian,2,15
5,15,3,warrior,1,0
5,15,3,ranger,1,0
5,15,3,rogue,1,0
5,15,4,human,2,1000
5,15,4,elf,1,0
5,15,4,dwarf,2,10
5,15,4,halfling,1,0
5,15,4,guardian,2,15
5,15,4,warrior,2,1500
5,15,4,ranger,1,0
5,15,4,rogue,1,0
5,15,5,human,1,0
5,15,5,elf,1,0
5,15,5,dwarf,2,10
5,15,5,orc,2,1000
5,15,5,guardian,1,0
5,15,5,warrior,2,1500
5,15,5,ranger,2,1500
5,15,5,priest,1,0
5,15,6,elf,1,0
5,15,6,dwarf,2,10
5,15,6,orc,2,1000
5,15,6,halfling,1,0
5,15,6,guardian,2,15
5,15,6,warrior,2,1500
5,15,6,mage,2,2000
5,15,7,human,2,1000
5,15,7,elf,1,0
5,15,7,dwarf,1,0
5,15,7,orc,1,0
5,15,7,halfling,1,0
5,15,7,guardian,2,15
5,15,7,warrior,2,1500
5,15,7,ranger,2,1500
5,16,0,human,1,0
5,16,0,dwarf,1,0
5,16,0,orc,1,0
5,16,0,halfling,1,0
5,16,0,dragonkin,1,0
5,16,0,guardian,3,15
5,16,0,warrior,2,1500
5,16,1,dwarf,2,10
5,16,1,orc,2,1000
5,16,1,dragonkin,1,0
5,16,1,warrior,2,1500
5,16,1,ranger,1,0
5,16,1,rogue,2,1500
5,16,2,human,1,0
5,16,2,dwarf,2,10
5,16,2,orc,2,1000
5,16,2,halfling,1,0
5,16,2,guardian,3,15
5,16,2,warrior,2,1500
5,16,2,priest,1,0
5,16,3,human,1,0
5,16,3,dwarf,2,10
5,16,3,halfling,2,1000
5,16,3,guardian,2,15
5,16,3,warrior,1,0
5,16,3,ranger,1,0
5,16,3,rogue,1,0
5,16,4,human,2,1000
5,16,4,elf,1,0
5,16,4,dwarf,2,10
5,16,4,halfling,1,0
5,16,4,guardian,2,15
5,16,4,warrior,2,1500
5,16,4,ranger,1,0
5,16,4,rogue,1,0
5,16,5,human,1,0
5,16,5,elf,1,0
5,16,5,dwarf,2,10
5,16,5,orc,2,1000
5,16,5,guardian,1,0
5,16,5,warrior,2,1500
5,16,5,ranger,2,1500
5,16,5,priest,1,0
5,16,6,elf,1,0
5,16,6,dwarf,2,10
5,16,6,orc,2,1000
5,16,6,halfling,1,0
5,16,6,guardian,2,15
5,16,6,warrior,2,1500
5,16,6,mage,2,2000
5,16,7,human,2,1000
5,16,7,elf,1,0
5,16,7,dwarf,1,0
5,16,7,orc,1,0
5,16,7,halfling,1,0
5,16,7,guardian,2,15
5,16,7,warrior,2,1500
5,16,7,ranger,2,1500
5,17,0,human,1,0
5,17,0,dwarf,1,0
5,17,0,orc,1,0
5,17,0,halfling,1,0
5,17,0,dragonkin,1,0
5,17,0,guardian,3,15
5,17,0,warrior,2,1500
5,17,1,dwarf,2,10
5,17,1,orc,2,1000
5,17,1,dragonkin,1,0
5,17,1,warrior,2,1500
5,17,1,ranger,1,0
5,17,1,rogue,2,1500
5,17,2,human,1,0
5,17,2,dwarf,2,10
5,17,2,orc,2,1000
5,17,2,halfling,1,0
5,17,2,guardian,3,15
5,17,2,warrior,2,1500
5,17,2,priest,1,0
5,17,3,human,1,0
5,17,3,dwarf,2,10
5,17,3,halfling,2,1000
5,17,3,guardian,2,15
5,17,3,warrior,1,0
5,17,3,ranger,1,0
5,17,3,rogue,1,0
5,17,4,human,2,1000
5,17,4,elf,1,0
5,17,4,dwarf,2,10
5,17,4,halfling,1,0
5,17,4,guardian,2,15
5,17,4,warrior,2,1500
5,17,4,ranger,1,0
5,17,4,rogue,1,0
5,17,5,elf,1,0
5,17,5,dwarf,2,10
5,17,5,orc,2,1000
5,17,5,halfling,1,0
5,17,5,guardian,1,0
5,17,5,warrior,3,1500
5,17,5,ranger,2,1500
5,17,6,elf,1,0
5,17,6,dwarf,2,10
5,17,6,orc,2,1000
5,17,6,halfling,1,0
5,17,6,guardian,2,15
5,17,6,warrior,2,1500
5,17,6,mage,2,2000
5,17,7,human,2,1000
5,17,7,elf,1,0
5,17,7,dwarf,1,0
5,17,7,orc,1,0
5,17,7,halfling,1,0
5,17,7,guardian,2,15
5,17,7,warrior,2,1500
5,17,7,ranger,2,1500
5,18,0,human,1,0
5,18,0,dwarf,1,0
5,18,0,orc,1,0
5,18,0,halfling,1,0
5,18,0,dragonkin,1,0
5,18,0,guardian,3,15
5,18,0,warrior,2,1500
5,18,1,dwarf,2,10
5,18,1,orc,2,1000
5,18,1,dragonkin,1,0
5,18,1,warrior,2,1500
5,18,1,ranger,1,0
5,18,1,rogue,2,1500
5,18,2,human,1,0
5,18,2,dwarf,2,10
5,18,2,orc,2,1000
5,18,2,halfling,1,0
5,18,2,guardian,3,15
5,18,2,warrior,2,1500
5,18,2,priest,1,0
5,18,3,human,1,0
5,18,3,dwarf,2,10
5,18,3,halfling,2,1000
5,18,3,guardian,2,15
5,18,3,warrior,1,0
5,18,3,ranger,1,0
5,18,3,rogue,1,0
5,18,4,human,2,1000
5,18,4,elf,1,0
5,18,4,dwarf,2,10
5,18,4,halfling,1,0
5,18,4,guardian,2,15
5,18,4,warrior,2,1500
5,18,4,ranger,1,0
5,18,4,rogue,1,0
5,18,5,elf,1,0
5,18,5,dwarf,2,10
5,18,5,orc,2,1000
5,18,5,halfling,1,0
5,18,5,guardian,1,0
5,18,5,warrior,3,1500
5,18,5,ranger,2,1500
5,18,6,elf,1,0
5,18,6,dwarf,2,10
5,18,6,orc,2,1000
5,18,6,halfling,1,0
5,18,6,guardian,2,15
5,18,6,warrior,2,1500
5,18,6,mage,2,2000
5,18,7,human,2,1000
5,18,7,elf,1,0
5,18,7,dwarf,1,0
5,18,7,orc,1,0
5,18,7,halfling,1,0
5,18,7,guardian,2,15
5,18,7,warrior,2,1500
5,18,7,ranger,2,1500
5,19,0,human,1,0
5,19,0,dwarf,1,0
5,19,0,orc,1,0
5,19,0,halfling,1,0
5,19,0,dragonkin,1,0
5,19,0,guardian,3,15
5,19,0,warrior,2,1500
5,19,1,dwarf,2,10
5,19,1,orc,2,1000
5,19,1,dragonkin,1,0
5,19,1,warrior,2,1500
5,19,1,ranger,1,0
5,19,1,rogue,2,1500
5,19,2,human,1,0
5,19,2,dwarf,2,10
5,19,2,orc,2,1000
5,19,2,halfling,1,0
5,19,2,guardian,3,15
5,19,2,warrior,2,1500
5,19,2,priest,1,0
5,19,3,human,1,0
5,19,3,dwarf,2,10
5,19,3,halfling,2,1000
5,19,3,guardian,2,15
5,19,3,warrior,1,0
5,19,3,ranger,1,0
5,19,3,rogue,1,0
5,19,4,human,2,1000
5,19,4,elf,1,0
5,19,4,dwarf,2,10
5,19,4,halfling,1,0
5,19,4,guardian,2,15
5,19,4,warrior,2,1500
5,19,4,ranger,1,0
5,19,4,rogue,1,0
5,19,5,elf,1,0
5,19,5,dwarf,2,10
5,19,5,orc,2,1000
5,19,5,halfling,1,0
5,19,5,guardian,1,0
5,19,5,warrior,3,1500
5,19,5,ranger,2,1500
5,19,6,elf,1,0
5,19,6,dwarf,2,10
5,19,6,orc,2,1000
5,19,6,halfling,1,0
5,19,6,guardian,2,15
5,19,6,warrior,2,1500
5,19,6,mage,2,2000
5,19,7,human,2,1000
5,19,7,elf,1,0
5,19,7,dwarf,1,0
5,19,7,orc,1,0
5,19,7,halfling,1,0
5,19,7,guardian,2,15
5,19,7,warrior,2,1500
5,19,7,ranger,2,1500
5,20,0,human,1,0
5,20,0,dwarf,1,0
5,20,0,halfling,2,1000
5,20,0,dragonkin,1,0
5,20,0,guardian,2,15
5,20,0,warrior,2,1500
5,20,0,ranger,1,0
5,20,1,dwarf,2,10
5,20,1,orc,2,1000
5,20,1,dragonkin,1,0
5,20,1,warrior,2,1500
5,20,1,ranger,1,0
5,20,1,rogue,2,1500
5,20,2,human,1,0
5,20,2,dwarf,2,10
5,20,2,orc,2,1000
5,20,2,halfling,1,0
5,20,2,guardian,3,15
5,20,2,warrior,2,1500
5,20,2,priest,1,0
5,20,3,human,1,0
5,20,3,dwarf,2,10
5,20,3,halfling,2,1000
5,20,3,guardian,2,15
5,20,3,warrior,1,0
5,20,3,ranger,1,0
5,20,3,rogue,1,0
5,20,4,human,2,1000
5,20,4,elf,1,0
5,20,4,dwarf,2,10
5,20,4,halfling,1,0
5,20,4,guardian,2,15
5,20,4,warrior,2,1500
5,20,4,ranger,1,0
5,20,4,rogue,1,0
5,20,5,elf,1,0
5,20,5,dwarf,2,10
5,20,5,orc,2,1000
5,20,5,halfling,1,0
5,20,5,guardian,1,0
5,20,5,warrior,3,1500
5,20,5,ranger,2,1500
5,20,6,elf,1,0
5,20,6,dwarf,2,10
5,20,6,orc,2,1000
5,20,6,halfling,1,0
5,20,6,guardian,2,15
5,20,6,warrior,2,1500
5,20,6,mage,2,2000
5,20,7,human,2,1000
5,20,7,elf,1,0
5,20,7,dwarf,1,0
5,20,7,orc,1,0
5,20,7,halfling,1,0
5,20,7,guardian,2,15
5,20,7,warrior,2,1500
5,20,7,ranger,2,1500
5,21,0,human,1,0
5,21,0,dwarf,1,0
5,21,0,halfling,2,1000
5,21,0,dragonkin,1,0
5,21,0,guardian,2,15
5,21,0,warrior,2,1500
5,21,0,ranger,1,0
5,21,1,dwarf,2,10
5,21,1,orc,2,1000
5,21,1,dragonkin,1,0
5,21,1,warrior,2,1500
5,21,1,ranger,1,0
5,21,1,rogue,2,1500
5,21,2,human,1,0
5,21,2,dwarf,2,10
5,21,2,orc,2,1000
5,21,2,halfling,1,0
5,21,2,guardian,3,15
5,21,2,warrior,2,1500
5,21,2,priest,1,0
5,21,3,human,1,0
5,21,3,dwarf,2,10
5,21,3,halfling,2,1000
5,21,3,guardian,2,15
5,21,3,warrior,1,0
5,21,3,ranger,1,0
5,21,3,rogue,1,0
5,21,4,human,2,1000
5,21,4,elf,1,0
5,21,4,dwarf,2,10
5,21,4,halfling,1,0
5,21,4,guardian,2,15
5,21,4,warrior,2,1500
5,21,4,ranger,1,0
5,21,4,rogue,1,0
5,21,5,dwarf,2,10
5,21,5,orc,2,1000
5,21,5,halfling,1,0
5,21,5,guardian,1,0
5,21,5,warrior,3,1500
5,21,5,ranger,1,0
5,21,6,elf,1,0
5,21,6,dwarf,2,10
5,21,6,orc,2,1000
5,21,6,halfling,1,0
5,21,6,guardian,2,15
5,21,6,warrior,2,1500
5,21,6,mage,2,2000
5,21,7,human,2,1000
5,21,7,elf,1,0
5,21,7,dwarf,1,0
5,21,7,orc,1,0
5,21,7,halfling,1,0
5,21,7,guardian,2,15
5,21,7,warrior,2,1500
5,21,7,ranger,2,1500
5,22,0,human,1,0
5,22,0,dwarf,1,0
5,22,0,halfling,2,1000
5,22,0,dragonkin,1,0
5,22,0,guardian,2,15
5,22,0,warrior,2,1500
5,22,0,ranger,1,0
5,22,1,dwarf,2,10
5,22,1,orc,2,1000
5,22,1,dragonkin,1,0
5,22,1,warrior,2,1500
5,22,1,ranger,1,0
5,22,1,rogue,2,1500
5,22,2,human,1,0
5,22,2,dwarf,2,10
5,22,2,orc,2,1000
5,22,2,halfling,1,0
5,22,2,guardian,3,15
5,22,2,warrior,2,1500
5,22,2,priest,1,0
5,22,3,human,1,0
5,22,3,dwarf,2,10
5,22,3,halfling,2,1000
5,22,3,guardian,2,15
5,22,3,warrior,1,0
5,22,3,ranger,1,0
5,22,3,rogue,1,0
5,22,4,human,2,1000
5,22,4,elf,1,0
5,22,4,dwarf,2,10
5,22,4,halfling,1,0
5,22,4,guardian,2,15
5,22,4,warrior,2,1500
5,22,4,ranger,1,0
5,22,4,rogue,1,0
5,22,5,dwarf,2,10
5,22,5,orc,2,1000
5,22,5,halfling,1,0
5,22,5,guardian,1,0
5,22,5,warrior,3,1500
5,22,5,ranger,1,0
5,22,6,elf,1,0
5,22,6,dwarf,2,10
5,22,6,orc,2,1000
5,22,6,halfling,1,0
5,22,6,guardian,2,15
5,22,6,warrior,2,1500
5,22,6,mage,2,2000
5,22,7,human,2,1000
5,22,7,elf,1,0
5,22,7,dwarf,1,0
5,22,7,orc,1,0
5,22,7,halfling,1,0
5,22,7,guardian,2,15
5,22,7,warrior,2,1500
5,22,7,ranger,2,1500
5,23,0,human,1,0
5,23,0,dwarf,1,0
5,23,0,halfling,2,1000
5,23,0,dragonkin,1,0
5,23,0,guardian,2,15
5,23,0,warrior,2,1500
5,23,0,ranger,1,0
5,23,1,dwarf,2,10
5,23,1,orc,2,1000
5,23,1,dragonkin,1,0
5,23,1,warrior,2,1500
5,23,1,ranger,1,0
5,23,1,rogue,2,1500
5,23,2,human,1,0
5,23,2,dwarf,2,10
5,23,2,orc,2,1000
5,23,2,halfling,1,0
5,23,2,guardian,3,15
5,23,2,warrior,2,1500
5,23,2,priest,1,0
5,23,3,human,1,0
5,23,3,dwarf,2,10
5,23,3,halfling,2,1000
5,23,3,guardian,2,15
5,23,3,warrior,1,0
5,23,3,ranger,1,0
5,23,3,rogue,1,0
5,23,4,human,2,1000
5,23,4,elf,1,0
5,23,4,dwarf,2,10
5,23,4,halfling,1,0
5,23,4,guardian,2,15
5,23,4,warrior,2,1500
5,23,4,ranger,1,0
5,23,4,rogue,1,0
5,23,5,dwarf,2,10
5,23,5,orc,2,1000
5,23,5,halfling,1,0
5,23,5,guardian,1,0
5,23,5,warrior,3,1500
5,23,5,ranger,1,0
5,23,6,elf,1,0
5,23,6,dwarf,2,10
5,23,6,orc,2,1000
5,23,6,halfling,1,0
5,23,6,guardian,2,15
5,23,6,warrior,2,1500
5,23,6,mage,2,2000
5,23,7,human,2,1000
5,23,7,elf,1,0
5,23,7,dwarf,1,0
5,23,7,orc,1,0
5,23,7,halfling,1,0
5,23,7,guardian,2,15
5,23,7,warrior,2,1500
5,23,7,ranger,2,1500
5,24,0,human,1,0
5,24,0,dwarf,1,0
5,24,0,halfling,2,1000
5,24,0,dragonkin,1,0
5,24,0,guardian,2,15
5,24,0,warrior,2,1500
5,24,0,ranger,1,0
5,24,1,dwarf,2,10
5,24,1,orc,2,1000
5,24,1,dragonkin,1,0
5,24,1,warrior,2,1500
5,24,1,ranger,1,0
5,24,1,rogue,2,1500
5,24,2,human,1,0
5,24,2,dwarf,2,10
5,24,2,orc,2,1000
5,24,2,halfling,1,0
5,24,2,guardian,3,15
5,24,2,warrior,2,1500
5,24,2,priest,1,0
5,24,3,human,1,0
5,24,3,dwarf,2,10
5,24,3,halfling,2,1000
5,24,3,guardian,2,15
5,24,3,warrior,1,0
5,24,3,ranger,1,0
5,24,3,rogue,1,0
5,24,4,human,2,1000
5,24,4,elf,1,0
5,24,4,dwarf,2,10
5,24,4,halfling,1,0
5,24,4,guardian,2,15
5,24,4,warrior,2,1500
5,24,4,ranger,1,0
5,24,4,rogue,1,0
5,24,5,dwarf,2,10
5,24,5,orc,2,1000
5,24,5,halfling,1,0
5,24,5,guardian,1,0
5,24,5,warrior,3,1500
5,24,5,ranger,1,0
5,24,6,elf,1,0
5,24,6,dwarf,2,10
5,24,6,orc,2,1000
5,24,6,halfling,1,0
5,24,6,guardian,2,15
5,24,6,warrior,2,1500
5,24,6,mage,2,2000
5,24,7,human,2,1000
5,24,7,elf,1,0
5,24,7,dwarf,1,0
5,24,7,orc,1,0
5,24,7,halfling,1,0
5,24,7,guardian,2,15
5,24,7,warrior,2,1500
5,24,7,ranger,2,1500
5,25,0,human,1,0
5,25,0,dwarf,1,0
5,25,0,halfling,2,1000
5,25,0,dragonkin,1,0
5,25,0,guardian,2,15
5,25,0,warrior,2,1500
5,25,0,ranger,1,0
5,25,1,dwarf,2,10
5,25,1,orc,2,1000
5,25,1,dragonkin,1,0
5,25,1,warrior,2,1500
5,25,1,ranger,1,0
5,25,1,rogue,2,1500
5,25,2,human,1,0
5,25,2,dwarf,2,10
5,25,2,orc,2,1000
5,25,2,halfling,1,0
5,25,2,guardian,3,15
5,25,2,warrior,2,1500
5,25,2,priest,1,0
5,25,3,human,1,0
5,25,3,dwarf,2,10
5,25,3,halfling,2,1000
5,25,3,guardian,2,15
5,25,3,warrior,1,0
5,25,3,ranger,1,0
5,25,3,rogue,1,0
5,25,4,human,2,1000
5,25,4,elf,1,0
5,25,4,dwarf,2,10
5,25,4,halfling,1,0
5,25,4,guardian,2,15
5,25,4,warrior,2,1500
5,25,4,ranger,1,0
5,25,4,rogue,1,0
5,25,5,dwarf,2,10
5,25,5,orc,2,1000
5,25,5,halfling,1,0
5,25,5,guardian,1,0
5,25,5,warrior,3,1500
5,25,5,ranger,1,0
5,25,6,elf,1,0
5,25,6,dwarf,2,10
5,25,6,orc,2,1000
5,25,6,halfling,1,0
5,25,6,guardian,2,15
5,25,6,warrior,2,1500
5,25,6,mage,2,2000
5,25,7,human,2,1000
5,25,7,elf,1,0
5,25,7,dwarf,1,0
5,25,7,orc,1,0
5,25,7,halfling,1,0
5,25,7,guardian,2,15
5,25,7,warrior,2,1500
5,25,7,ranger,2,1500
5,26,0,human,1,0
5,26,0,dwarf,1,0
5,26,0,halfling,2,1000
5,26,0,dragonkin,1,0
5,26,0,guardian,2,15
5,26,0,warrior,2,1500
5,26,0,ranger,1,0
5,26,1,dwarf,2,10
5,26,1,orc,2,1000
5,26,1,dragonkin,1,0
5,26,1,warrior,2,1500
5,26,1,ranger,1,0
5,26,1,rogue,2,1500
5,26,2,human,1,0
5,26,2,dwarf,2,10
5,26,2,orc,2,1000
5,26,2,halfling,1,0
5,26,2,guardian,3,15
5,26,2,warrior,2,1500
5,26,2,priest,1,0
5,26,3,human,1,0
5,26,3,dwarf,2,10
5,26,3,halfling,2,1000
5,26,3,guardian,2,15
5,26,3,warrior,1,0
5,26,3,ranger,1,0
5,26,3,rogue,1,0
5,26,4,human,2,1000
5,26,4,elf,1,0
5,26,4,dwarf,2,10
5,26,4,halfling,1,0
5,26,4,guardian,2,15
5,26,4,warrior,2,1500
5,26,4,ranger,1,0
5,26,4,rogue,1,0
5,26,5,dwarf,2,10
5,26,5,orc,2,1000
5,26,5,halfling,1,0
5,26,5,guardian,1,0
5,26,5,warrior,3,1500
5,26,5,ranger,1,0
5,26,6,elf,1,0
5,26,6,dwarf,2,10
5,26,6,orc,2,1000
5,26,6,halfling,1,0
5,26,6,guardian,2,15
5,26,6,warrior,2,1500
5,26,6,mage,2,2000
5,26,7,human,2,1000
5,26,7,elf,1,0
5,26,7,dwarf,1,0
5,26,7,orc,1,0
5,26,7,halfling,1,0
5,26,7,guardian,2,15
5,26,7,warrior,2,1500
5,26,7,ranger,2,1500
5,27,0,human,1,0
5,27,0,dwarf,1,0
5,27,0,halfling,2,1000
5,27,0,dragonkin,1,0
5,27,0,guardian,2,15
5,27,0,warrior,2,1500
5,27,0,ranger,1,0
5,27,1,dwarf,2,10
5,27,1,orc,2,1000
5,27,1,dragonkin,1,0
5,27,1,warrior,2,1500
5,27,1,ranger,1,0
5,27,1,rogue,2,1500
5,27,2,human,1,0
5,27,2,dwarf,2,10
5,27,2,orc,2,1000
5,27,2,halfling,1,0
5,27,2,guardian,3,15
5,27,2,warrior,2,1500
5,27,2,priest,1,0
5,27,3,human,1,0
5,27,3,dwarf,2,10
5,27,3,halfling,3,1000
5,27,3,guardian,2,15
5,27,3,warrior,2,1500
5,27,3,ranger,1,0
5,27,3,rogue,1,0
5,27,4,human,2,1000
5,27,4,elf,1,0
5,27,4,dwarf,2,10
5,27,4,halfling,1,0
5,27,4,guardian,2,15
5,27,4,warrior,2,1500
5,27,4,ranger,1,0
5,27,4,rogue,1,0
5,27,5,dwarf,2,10
5,27,5,orc,2,1000
5,27,5,halfling,1,0
5,27,5,guardian,1,0
5,27,5,warrior,3,1500
5,27,5,ranger,1,0
5,27,6,elf,1,0
5,27,6,dwarf,2,10
5,27,6,orc,2,1000
5,27,6,halfling,1,0
5,27,6,guardian,2,15
5,27,6,warrior,2,1500
5,27,6,mage,2,2000
5,27,7,human,2,1000
5,27,7,elf,1,0
5,27,7,dwarf,1,0
5,27,7,orc,1,0
5,27,7,halfling,1,0
5,27,7,guardian,2,15
5,27,7,warrior,2,1500
5,27,7,ranger,2,1500
6,1,0,human,1,0
6,1,0,halfling,2,1000
6,1,0,guardian,1,0
6,1,0,ranger,1,0
6,1,0,mage,1,0
6,1,1,elf,1,0
6,1,1,orc,1,0
6,1,1,halfling,1,0
6,1,1,dragonkin,1,0
6,1,1,warrior,1,0
6,1,1,ranger,3,1500
6,1,2,human,1,0
6,1,2,elf,1,0
6,1,2,orc,1,0
6,1,2,halfling,1,0
6,1,2,warrior,2,1500
6,1,2,priest,2,1500
6,1,3,dwarf,1,0
6,1,3,orc,1,0
6,1,3,halfling,2,1000
6,1,3,warrior,3,1500
6,1,3,ranger,1,0
6,1,4,human,1,0
6,1,4,dwarf,1,0
6,1,4,halfling,1,0
6,1,4,guardian,1,0
6,1,4,warrior,1,0
6,1,4,mage,1,0
6,1,5,elf,1,0
6,1,5,dwarf,1,0
6,1,5,halfling,1,0
6,1,5,guardian,1,0
6,1,5,warrior,1,0
6,1,5,ranger,1,0
6,1,6,human,2,1000
6,1,6,orc,1,0
6,1,6,halfling,1,0
6,1,6,guardian,1,0
6,1,6,warrior,2,1500
6,1,6,rogue,1,0
6,1,7,orc,1,0
6,1,7,halfling,2,1000
6,1,7,warrior,2,1500
6,1,7,ranger,1,0
6,2,0,human,1,0
6,2,0,dwarf,1,0
6,2,0,orc,1,0
6,2,0,halfling,1,0
6,2,0,guardian,1,0
6,2,0,warrior,2,1500
6,2,0,mage,1,0
6,2,1,orc,1,0
6,2,1,halfling,2,1000
6,2,1,dragonkin,1,0
6,2,1,warrior,1,0
6,2,1,ranger,2,1500
6,2,1,rogue,1,0
6,2,2,human,2,1000
6,2,2,dwarf,1,0
6,2,2,orc,1,0
6,2,2,guardian,2,15
6,2,2,mage,1,0
6,2,2,priest,1,0
6,2,3,human,1,0
6,2,3,dwarf,2,10
6,2,3,orc,1,0
6,2,3,warrior,3,1500
6,2,3,ranger,1,0
6,2,4,human,2,1000
6,2,4,dwarf,1,0
6,2,4,dragonkin,1,0
6,2,4,guardian,2,15
6,2,4,warrior,1,0
6,2,4,ranger,1,0
6,2,5,human,1,0
6,2,5,dwarf,2,10
6,2,5,dragonkin,1,0
6,2,5,guardian,3,15
6,2,5,warrior,1,0
6,2,6,human,2,1000
6,2,6,orc,2,1000
6,2,6,guardian,2,15
6,2,6,warrior,2,1500
6,2,7,orc,1,0
6,2,7,halfling,2,1000
6,2,7,warrior,2,1500
6,2,7,mage,1,0
6,3,0,human,1,0
6,3,0,dwarf,2,10
6,3,0,orc,2,1000
6,3,0,guardian,3,15
6,3,0,warrior,2,1500
6,3,1,human,1,0
6,3,1,dwarf,1,0
6,3,1,orc,1,0
6,3,1,halfling,1,0
6,3,1,dragonkin,1,0
6,3,1,warrior,2,1500
6,3,1,ranger,2,1500
6,3,1,rogue,1,0
6,3,2,human,1,0
6,3,2,dwarf,2,10
6,3,2,orc,2,1000
6,3,2,guardian,2,15
6,3,2,warrior,2,1500
6,3,2,mage,1,0
6,3,3,human,1,0
6,3,3,dwarf,2,10
6,3,3,orc,1,0
6,3,3,halfling,1,0
6,3,3,warrior,4,3000
6,3,3,ranger,1,0
6,3,4,human,2,1000
6,3,4,elf,1,0
6,3,4,dwarf,1,0
6,3,4,halfling,1,0
6,3,4,guardian,2,15
6,3,4,warrior,1,0
6,3,4,ranger,2,1500
6,3,5,human,2,1000
6,3,5,dwarf,2,10
6,3,5,dragonkin,1,0
6,3,5,guardian,3,15
6,3,5,warrior,2,1500
6,3,6,human,2,1000
6,3,6,orc,2,1000
6,3,6,dragonkin,1,0
6,3,6,guardian,2,15
6,3,6,warrior,2,1500
6,3,6,ranger,1,0
6,3,7,orc,1,0
6,3,7,halfling,2,1000
6,3,7,dragonkin,2,15
6,3,7,guardian,1,0
6,3,7,warrior,2,1500
6,3,7,rogue,1,0
6,3,7,mage,1,0
6,4,0,human,1,0
6,4,0,dwarf,2,10
6,4,0,orc,2,1000
6,4,0,guardian,3,15
6,4,0,warrior,2,1500
6,4,1,human,1,0
6,4,1,dwarf,1,0
6,4,1,orc,1,0
6,4,1,dragonkin,1,0
6,4,1,warrior,2,1500
6,4,1,ranger,2,1500
6,4,2,human,1,0
6,4,2,dwarf,2,10
6,4,2,orc,2,1000
6,4,2,guardian,3,15
6,4,2,warrior,1,0
6,4,2,mage,1,0
6,4,3,human,1,0
6,4,3,dwarf,2,10
6,4,3,orc,1,0
6,4,3,halfling,1,0
6,4,3,warrior,4,3000
6,4,3,ranger,1,0
6,4,4,human,2,1000
6,4,4,elf,1,0
6,4,4,orc,1,0
6,4,4,halfling,1,0
6,4,4,guardian,2,15
6,4,4,warrior,1,0
6,4,4,ranger,2,1500
6,4,5,human,2,1000
6,4,5,dwarf,2,10
6,4,5,dragonkin,1,0
6,4,5,guardian,3,15
6,4,5,warrior,2,1500
6,4,6,human,2,1000
6,4,6,dwarf,1,0
6,4,6,orc,2,1000
6,4,6,guardian,2,15
6,4,6,warrior,2,1500
6,4,6,ranger,1,0
6,4,7,orc,1,0
6,4,7,halfling,2,1000
6,4,7,dragonkin,2,15
6,4,7,guardian,1,0
6,4,7,warrior,2,1500
6,4,7,rogue,1,0
6,4,7,mage,1,0
6,5,0,human,1,0
6,5,0,dwarf,2,10
6,5,0,orc,1,0
6,5,0,halfling,1,0
6,5,0,guardian,3,15
6,5,0,warrior,1,0
6,5,0,ranger,1,0
6,5,1,human,1,0
6,5,1,dwarf,1,0
6,5,1,orc,1,0
6,5,1,dragonkin,1,0
6,5,1,warrior,2,1500
6,5,1,ranger,2,1500
6,5,2,human,1,0
6,5,2,dwarf,2,10
6,5,2,orc,1,0
6,5,2,halfling,1,0
6,5,2,guardian,3,15
6,5,2,warrior,2,1500
6,5,3,human,1,0
6,5,3,dwarf,2,10
6,5,3,orc,1,0
6,5,3,halfling,1,0
6,5,3,warrior,4,3000
6,5,3,ranger,1,0
6,5,4,human,2,1000
6,5,4,elf,1,0
6,5,4,orc,1,0
6,5,4,halfling,1,0
6,5,4,guardian,2,15
6,5,4,warrior,1,0
6,5,4,ranger,2,1500
6,5,5,human,2,1000
6,5,5,dwarf,2,10
6,5,5,dragonkin,1,0
6,5,5,guardian,3,15
6,5,5,warrior,2,1500
6,5,6,human,2,1000
6,5,6,dwarf,2,10
6,5,6,orc,1,0
6,5,6,guardian,2,15
6,5,6,warrior,2,1500
6,5,6,ranger,1,0
6,5,7,orc,1,0
6,5,7,halfling,2,1000
6,5,7,dragonkin,2,15
6,5,7,guardian,1,0
6,5,7,warrior,2,1500
6,5,7,rogue,1,0
6,5,7,mage,1,0
6,6,0,human,2,1000
6,6,0,dwarf,2,10
6,6,0,halfling,1,0
6,6,0,guardian,2,15
6,6,0,warrior,2,1500
6,6,0,ranger,1,0
6,6,1,human,2,1000
6,6,1,dwarf,1,0
6,6,1,orc,1,0
6,6,1,dragonkin,1,0
6,6,1,guardian,1,0
6,6,1,warrior,2,1500
6,6,1,ranger,2,1500
6,6,2,human,2,1000
6,6,2,elf,1,0
6,6,2,orc,1,0
6,6,2,halfling,1,0
6,6,2,guardian,2,15
6,6,2,warrior,1,0
6,6,2,priest,2,1500
6,6,3,human,1,0
6,6,3,dwarf,1,0
6,6,3,orc,2,1000
6,6,3,halfling,1,0
6,6,3,warrior,4,3000
6,6,3,rogue,1,0
6,6,4,human,2,1000
6,6,4,elf,1,0
6,6,4,orc,1,0
6,6,4,halfling,1,0
6,6,4,guardian,2,15
6,6,4,warrior,1,0
6,6,4,ranger,2,1500
6,6,5,human,2,1000
6,6,5,dwarf,2,10
6,6,5,dragonkin,1,0
6,6,5,guardian,3,15
6,6,5,warrior,2,1500
6,6,6,human,2,1000
6,6,6,dwarf,2,10
6,6,6,orc,1,0
6,6,6,guardian,2,15
6,6,6,warrior,2,1500
6,6,6,ranger,1,0
6,6,7,human,1,0
6,6,7,halfling,3,1000
6,6,7,dragonkin,1,0
6,6,7,guardian,1,0
6,6,7,warrior,2,1500
6,6,7,ranger,1,0
6,6,7,mage,1,0
6,7,0,human,2,1000
6,7,0,dwarf,2,10
6,7,0,halfling,2,1000
6,7,0,guardian,2,15
6,7,0,warrior,2,1500
6,7,0,ranger,1,0
6,7,0,rogue,1,0
6,7,1,human,2,1000
6,7,1,dwarf,1,0
6,7,1,orc,2,1000
6,7,1,dragonkin,1,0
6,7,1,guardian,2,15
6,7,1,warrior,2,1500
6,7,1,ranger,2,1500
6,7,2,human,2,1000
6,7,2,elf,1,0
6,7,2,orc,2,1000
6,7,2,halfling,1,0
6,7,2,guardian,2,15
6,7,2,warrior,2,1500
6,7,2,priest,2,1500
6,7,3,human,1,0
6,7,3,dwarf,2,10
6,7,3,orc,2,1000
6,7,3,halfling,1,0
6,7,3,warrior,4,3000
6,7,3,ranger,1,0
6,7,3,rogue,1,0
6,7,4,human,2,1000
6,7,4,elf,1,0
6,7,4,dwarf,1,0
6,7,4,orc,1,0
6,7,4,halfling,1,0
6,7,4,guardian,2,15
6,7,4,warrior,2,1500
6,7,4,ranger,2,1500
6,7,5,human,2,1000
6,7,5,dwarf,2,10
6,7,5,orc,1,0
6,7,5,dragonkin,1,0
6,7,5,guardian,4,30
6,7,5,warrior,2,1500
6,7,6,human,2,1000
6,7,6,dwarf,2,10
6,7,6,orc,2,1000
6,7,6,guardian,2,15
6,7,6,warrior,3,1500
6,7,6,ranger,1,0
6,7,7,human,2,1000
6,7,7,halfling,3,1000
6,7,7,dragonkin,1,0
6,7,7,guardian,1,0
6,7,7,warrior,2,1500
6,7,7,ranger,1,0
6,7,7,mage,1,0
6,7,7,priest,1,0
6,8,0,human,2,1000
6,8,0,dwarf,2,10
6,8,0,halfling,2,1000
6,8,0,guardian,2,15
6,8,0,warrior,2,1500
6,8,0,ranger,1,0
6,8,0,rogue,1,0
6,8,1,human,2,1000
6,8,1,orc,3,1000
6,8,1,guardian,2,15
6,8,1,warrior,2,1500
6,8,1,mage,1,0
6,8,2,human,2,1000
6,8,2,elf,1,0
6,8,2,orc,2,1000
6,8,2,halfling,1,0
6,8,2,guardian,2,15
6,8,2,warrior,2,1500
6,8,2,priest,2,1500
6,8,3,human,1,0
6,8,3,dwarf,2,10
6,8,3,orc,1,0
6,8,3,halfling,2,1000
6,8,3,warrior,3,1500
6,8,3,ranger,2,1500
6,8,3,rogue,1,0
6,8,4,human,2,1000
6,8,4,elf,1,0
6,8,4,dwarf,1,0
6,8,4,orc,1,0
6,8,4,halfling,1,0
6,8,4,guardian,2,15
6,8,4,warrior,2,1500
6,8,4,ranger,2,1500
6,8,5,human,2,1000
6,8,5,dwarf,2,10
6,8,5,orc,1,0
6,8,5,dragonkin,1,0
6,8,5,guardian,4,30
6,8,5,warrior,2,1500
6,8,6,human,2,1000
6,8,6,dwarf,2,10
6,8,6,orc,2,1000
6,8,6,guardian,2,15
6,8,6,warrior,3,1500
6,8,6,ranger,1,0
6,8,7,human,2,1000
6,8,7,halfling,3,1000
6,8,7,dragonkin,1,0
6,8,7,guardian,1,0
6,8,7,warrior,2,1500
6,8,7,ranger,1,0
6,8,7,mage,1,0
6,8,7,priest,1,0
6,9,0,human,2,1000
6,9,0,dwarf,2,10
6,9,0,halfling,2,1000
6,9,0,guardian,2,15
6,9,0,warrior,2,1500
6,9,0,rogue,1,0
6,9,0,mage,1,0
6,9,1,human,2,1000
6,9,1,orc,3,1000
6,9,1,guardian,2,15
6,9,1,warrior,2,1500
6,9,1,mage,1,0
6,9,2,human,2,1000
6,9,2,elf,1,0
6,9,2,orc,2,1000
6,9,2,halfling,1,0
6,9,2,guardian,2,15
6,9,2,warrior,2,1500
6,9,2,priest,2,1500
6,9,3,human,1,0
6,9,3,dwarf,2,10
6,9,3,orc,1,0
6,9,3,halfling,2,1000
6,9,3,warrior,3,1500
6,9,3,ranger,2,1500
6,9,3,rogue,1,0
6,9,4,human,2,1000
6,9,4,elf,1,0
6,9,4,dwarf,1,0
6,9,4,orc,1,0
6,9,4,halfling,1,0
6,9,4,guardian,2,15
6,9,4,warrior,2,1500
6,9,4,ranger,2,1500
6,9,5,human,1,0
6,9,5,elf,1,0
6,9,5,dwarf,2,10
6,9,5,orc,1,0
6,9,5,halfling,1,0
6,9,5,guardian,2,15
6,9,5,warrior,2,1500
6,9,5,ranger,1,0
6,9,5,rogue,1,0
6,9,6,human,1,0
6,9,6,dwarf,2,10
6,9,6,orc,1,0
6,9,6,dragonkin,2,15
6,9,6,guardian,2,15
6,9,6,warrior,2,1500
6,9,6,ranger,2,1500
6,9,7,human,2,1000
6,9,7,halfling,3,1000
6,9,7,dragonkin,1,0
6,9,7,guardian,1,0
6,9,7,warrior,2,1500
6,9,7,ranger,1,0
6,9,7,mage,1,0
6,9,7,priest,1,0
6,10,0,human,2,1000
6,10,0,dwarf,2,10
6,10,0,halfling,2,1000
6,10,0,guardian,2,15
6,10,0,warrior,2,1500
6,10,0,rogue,1,0
6,10,0,mage,1,0
6,10,1,human,1,0
6,10,1,dwarf,1,0
6,10,1,orc,2,1000
6,10,1,halfling,1,0
6,10,1,warrior,2,1500
6,10,1,ranger,2,1500
6,10,1,mage,1,0
6,10,2,human,2,1000
6,10,2,elf,1,0
6,10,2,orc,2,1000
6,10,2,halfling,1,0
6,10,2,guardian,2,15
6,10,2,warrior,2,1500
6,10,2,priest,2,1500
6,10,3,human,1,0
6,10,3,dwarf,2,10
6,10,3,orc,1,0
6,10,3,halfling,2,1000
6,10,3,warrior,3,1500
6,10,3,ranger,2,1500
6,10,3,rogue,1,0
6,10,4,human,2,1000
6,10,4,elf,1,0
6,10,4,dwarf,1,0
6,10,4,orc,1,0
6,10,4,halfling,1,0
6,10,4,guardian,2,15
6,10,4,warrior,2,1500
6,10,4,ranger,2,1500
6,10,5,elf,1,0
6,10,5,dwarf,2,10
6,10,5,orc,1,0
6,10,5,halfling,1,0
6,10,5,dragonkin,1,0
6,10,5,guardian,3,15
6,10,5,warrior,1,0
6,10,5,ranger,1,0
6,10,5,rogue,1,0
6,10,6,human,1,0
6,10,6,dwarf,2,10
6,10,6,orc,1,0
6,10,6,dragonkin,2,15
6,10,6,guardian,2,15
6,10,6,warrior,2,1500
6,10,6,ranger,2,1500
6,10,7,human,2,1000
6,10,7,halfling,3,1000
6,10,7,dragonkin,1,0
6,10,7,guardian,1,0
6,10,7,warrior,2,1500
6,10,7,ranger,1,0
6,10,7,mage,2,2000
6,11,0,human,2,1000
6,11,0,halfling,4,2000
6,11,0,guardian,1,0
6,11,0,warrior,2,1500
6,11,0,ranger,1,0
6,11,0,rogue,1,0
6,11,0,mage,1,0
6,11,1,human,1,0
6,11,1,dwarf,1,0
6,11,1,orc,2,1000
6,11,1,halfling,1,0
6,11,1,warrior,2,1500
6,11,1,ranger,2,1500
6,11,1,mage,1,0
6,11,2,human,2,1000
6,11,2,elf,1,0
6,11,2,orc,2,1000
6,11,2,halfling,1,0
6,11,2,guardian,2,15
6,11,2,warrior,2,1500
6,11,2,priest,2,1500
6,11,3,human,1,0
6,11,3,dwarf,2,10
6,11,3,orc,1,0
6,11,3,halfling,2,1000
6,11,3,warrior,3,1500
6,11,3,ranger,2,1500
6,11,3,rogue,1,0
6,11,4,human,2,1000
6,11,4,elf,1,0
6,11,4,dwarf,1,0
6,11,4,orc,1,0
6,11,4,halfling,1,0
6,11,4,guardian,2,15
6,11,4,warrior,2,1500
6,11,4,ranger,2,1500
6,11,5,elf,1,0
6,11,5,dwarf,2,10
6,11,5,orc,1,0
6,11,5,halfling,1,0
6,11,5,dragonkin,1,0
6,11,5,guardian,3,15
6,11,5,warrior,1,0
6,11,5,ranger,1,0
6,11,5,rogue,1,0
6,11,6,human,1,0
6,11,6,dwarf,2,10
6,11,6,orc,1,0
6,11,6,dragonkin,2,15
6,11,6,guardian,2,15
6,11,6,warrior,2,1500
6,11,6,ranger,2,1500
6,11,7,human,2,1000
6,11,7,halfling,3,1000
6,11,7,dragonkin,1,0
6,11,7,guardian,1,0
6,11,7,warrior,2,1500
6,11,7,ranger,1,0
6,11,7,mage,2,2000
6,12,0,human,2,1000
6,12,0,dwarf,1,0
6,12,0,halfling,3,1000
6,12,0,guardian,1,0
6,12,0,warrior,3,1500
6,12,0,rogue,1,0
6,12,0,mage,1,0
6,12,1,human,1,0
6,12,1,dwarf,1,0
6,12,1,orc,2,1000
6,12,1,halfling,1,0
6,12,1,warrior,2,1500
6,12,1,ranger,2,1500
6,12,1,mage,1,0
6,12,2,human,2,1000
6,12,2,elf,1,0
6,12,2,orc,2,1000
6,12,2,halfling,1,0
6,12,2,guardian,2,15
6,12,2,warrior,2,1500
6,12,2,priest,2,1500
6,12,3,human,1,0
6,12,3,dwarf,2,10
6,12,3,orc,1,0
6,12,3,halfling,2,1000
6,12,3,warrior,3,1500
6,12,3,ranger,2,1500
6,12,3,rogue,1,0
6,12,4,human,1,0
6,12,4,elf,1,0
6,12,4,dwarf,2,10
6,12,4,orc,1,0
6,12,4,halfling,1,0
6,12,4,guardian,2,15
6,12,4,warrior,2,1500
6,12,4,ranger,2,1500
6,12,5,elf,1,0
6,12,5,dwarf,2,10
6,12,5,orc,1,0
6,12,5,halfling,1,0
6,12,5,dragonkin,1,0
6,12,5,guardian,3,15
6,12,5,warrior,1,0
6,12,5,ranger,1,0
6,12,5,rogue,1,0
6,12,6,human,1,0
6,12,6,dwarf,2,10
6,12,6,orc,1,0
6,12,6,dragonkin,2,15
6,12,6,guardian,2,15
6,12,6,warrior,2,1500
6,12,6,ranger,2,1500
6,12,7,human,2,1000
6,12,7,halfling,3,1000
6,12,7,dragonkin,1,0
6,12,7,guardian,1,0
6,12,7,warrior,2,1500
6,12,7,ranger,1,0
6,12,7,mage,2,2000
6,13,0,human,2,1000
6,13,0,dwarf,1,0
6,13,0,halfling,3,1000
6,13,0,guardian,1,0
6,13,0,warrior,3,1500
6,13,0,rogue,1,0
6,13,0,mage,1,0
6,13,1,human,1,0
6,13,1,dwarf,1,0
6,13,1,orc,2,1000
6,13,1,halfling,1,0
6,13,1,warrior,2,1500
6,13,1,ranger,2,1500
6,13,1,mage,1,0
6,13,2,human,2,1000
6,13,2,elf,1,0
6,13,2,orc,2,1000
6,13,2,halfling,1,0
6,13,2,guardian,2,15
6,13,2,warrior,2,1500
6,13,2,priest,2,1500
6,13,3,human,1,0
6,13,3,dwarf,2,10
6,13,3,orc,1,0
6,13,3,halfling,2,1000
6,13,3,warrior,3,1500
6,13,3,ranger,2,1500
6,13,3,rogue,1,0
6,13,4,human,1,0
6,13,4,elf,1,0
6,13,4,dwarf,2,10
6,13,4,orc,1,0
6,13,4,halfling,1,0
6,13,4,guardian,2,15
6,13,4,warrior,2,1500
6,13,4,ranger,2,1500
6,13,5,human,1,0
6,13,5,elf,1,0
6,13,5,dwarf,2,10
6,13,5,halfling,1,0
6,13,5,dragonkin,1,0
6,13,5,guardian,3,15
6,13,5,warrior,1,0
6,13,5,ranger,1,0
6,13,5,rogue,1,0
6,13,6,human,1,0
6,13,6,dwarf,2,10
6,13,6,orc,1,0
6,13,6,dragonkin,2,15
6,13,6,guardian,2,15
6,13,6,warrior,2,1500
6,13,6,ranger,2,1500
6,13,7,human,2,1000
6,13,7,halfling,3,1000
6,13,7,dragonkin,1,0
6,13,7,guardian,1,0
6,13,7,warrior,2,1500
6,13,7,ranger,1,0
6,13,7,mage,2,2000
6,14,0,human,2,1000
6,14,0,dwarf,1,0
6,14,0,halfling,3,1000
6,14,0,guardian,1,0
6,14,0,warrior,3,1500
6,14,0,rogue,1,0
6,14,0,mage,1,0
6,14,1,human,1,0
6,14,1,dwarf,1,0
6,14,1,orc,2,1000
6,14,1,halfling,1,0
6,14,1,warrior,2,1500
6,14,1,ranger,2,1500
6,14,1,mage,1,0
6,14,2,human,2,1000
6,14,2,elf,1,0
6,14,2,orc,2,1000
6,14,2,halfling,1,0
6,14,2,guardian,2,15
6,14,2,warrior,2,1500
6,14,2,priest,2,1500
6,14,3,human,1,0
6,14,3,dwarf,2,10
6,14,3,orc,1,0
6,14,3,halfling,2,1000
6,14,3,warrior,3,1500
6,14,3,ranger,2,1500
6,14,3,rogue,1,0
6,14,4,human,1,0
6,14,4,elf,1,0
6,14,4,dwarf,2,10
6,14,4,orc,1,0
6,14,4,halfling,1,0
6,14,4,guardian,2,15
6,14,4,warrior,2,1500
6,14,4,ranger,2,1500
6,14,5,human,1,0
6,14,5,elf,1,0
6,14,5,dwarf,2,10
6,14,5,halfling,1,0
6,14,5,dragonkin,1,0
6,14,5,guardian,3,15
6,14,5,warrior,1,0
6,14,5,ranger,1,0
6,14,5,rogue,1,0
6,14,6,human,1,0
6,14,6,dwarf,2,10
6,14,6,orc,1,0
6,14,6,dragonkin,2,15
6,14,6,guardian,2,15
6,14,6,warrior,2,1500
6,14,6,ranger,2,1500
6,14,7,human,2,1000
6,14,7,halfling,3,1000
6,14,7,dragonkin,1,0
6,14,7,guardian,1,0
6,14,7,warrior,2,1500
6,14,7,ranger,1,0
6,14,7,mage,2,2000
6,15,0,human,2,1000
6,15,0,dwarf,1,0
6,15,0,halfling,3,1000
6,15,0,guardian,1,0
6,15,0,warrior,3,1500
6,15,0,rogue,1,0
6,15,0,mage,1,0
6,15,1,human,1,0
6,15,1,dwarf,1,0
6,15,1,orc,2,1000
6,15,1,halfling,1,0
6,15,1,warrior,2,1500
6,15,1,ranger,2,1500
6,15,1,mage,1,0
6,15,2,human,2,1000
6,15,2,elf,1,0
6,15,2,orc,2,1000
6,15,2,halfling,1,0
6,15,2,guardian,2,15
6,15,2,warrior,2,1500
6,15,2,priest,2,1500
6,15,3,human,1,0
6,15,3,dwarf,2,10
6,15,3,orc,1,0
6,15,3,halfling,2,1000
6,15,3,warrior,3,1500
6,15,3,ranger,2,1500
6,15,3,rogue,1,0
6,15,4,human,1,0
6,15,4,elf,1,0
6,15,4,dwarf,2,10
6,15,4,orc,1,0
6,15,4,halfling,1,0
6,15,4,guardian,2,15
6,15,4,warrior,2,1500
6,15,4,ranger,2,1500
6,15,5,human,1,0
6,15,5,elf,1,0
6,15,5,dwarf,2,10
6,15,5,halfling,1,0
6,15,5,dragonkin,1,0
6,15,5,guardian,3,15
6,15,5,warrior,1,0
6,15,5,ranger,1,0
6,15,5,rogue,1,0
6,15,6,human,1,0
6,15,6,dwarf,2,10
6,15,6,orc,1,0
6,15,6,dragonkin,2,15
6,15,6,guardian,2,15
6,15,6,warrior,2,1500
6,15,6,ranger,2,1500
6,15,7,human,2,1000
6,15,7,halfling,3,1000
6,15,7,dragonkin,1,0
6,15,7,guardian,1,0
6,15,7,warrior,2,1500
6,15,7,ranger,1,0
6,15,7,mage,2,2000
6,16,0,human,2,1000
6,16,0,dwarf,1,0
6,16,0,halfling,3,1000
6,16,0,guardian,1,0
6,16,0,warrior,3,1500
6,16,0,rogue,1,0
6,16,0,mage,1,0
6,16,1,human,1,0
6,16,1,dwarf,1,0
6,16,1,orc,2,1000
6,16,1,halfling,1,0
6,16,1,warrior,2,1500
6,16,1,ranger,2,1500
6,16,1,mage,1,0
6,16,2,human,2,1000
6,16,2,elf,1,0
6,16,2,orc,2,1000
6,16,2,halfling,1,0
6,16,2,guardian,2,15
6,16,2,warrior,2,1500
6,16,2,priest,2,1500
6,16,3,human,1,0
6,16,3,dwarf,2,10
6,16,3,orc,1,0
6,16,3,halfling,2,1000
6,16,3,warrior,3,1500
6,16,3,ranger,2,1500
6,16,3,rogue,1,0
6,16,4,human,1,0
6,16,4,elf,1,0
6,16,4,dwarf,2,10
6,16,4,orc,1,0
6,16,4,halfling,1,0
6,16,4,guardian,2,15
6,16,4,warrior,2,1500
6,16,4,ranger,2,1500
6,16,5,human,1,0
6,16,5,elf,1,0
6,16,5,dwarf,2,10
6,16,5,halfling,1,0
6,16,5,dragonkin,1,0
6,16,5,guardian,3,15
6,16,5,warrior,1,0
6,16,5,ranger,1,0
6,16,5,rogue,1,0
6,16,6,human,1,0
6,16,6,dwarf,2,10
6,16,6,orc,1,0
6,16,6,dragonkin,2,15
6,16,6,guardian,2,15
6,16,6,warrior,2,1500
6,16,6,ranger,2,1500
6,16,7,human,2,1000
6,16,7,halfling,3,1000
6,16,7,dragonkin,1,0
6,16,7,guardian,1,0
6,16,7,warrior,2,1500
6,16,7,ranger,1,0
6,16,7,mage,2,2000
6,17,0,human,2,1000
6,17,0,dwarf,1,0
6,17,0,halfling,3,1000
6,17,0,guardian,1,0
6,17,0,warrior,3,1500
6,17,0,rogue,1,0
6,17,0,mage,1,0
6,17,1,human,1,0
6,17,1,dwarf,1,0
6,17,1,orc,2,1000
6,17,1,halfling,1,0
6,17,1,warrior,2,1500
6,17,1,ranger,2,1500
6,17,1,mage,1,0
6,17,2,human,2,1000
6,17,2,elf,1,0
6,17,2,orc,2,1000
6,17,2,halfling,1,0
6,17,2,guardian,2,15
6,17,2,warrior,2,1500
6,17,2,priest,2,1500
6,17,3,human,1,0
6,17,3,dwarf,2,10
6,17,3,orc,1,0
6,17,3,halfling,2,1000
6,17,3,warrior,3,1500
6,17,3,ranger,2,1500
6,17,3,rogue,1,0
6,17,4,human,1,0
6,17,4,elf,1,0
6,17,4,dwarf,2,10
6,17,4,orc,1,0
6,17,4,halfling,1,0
6,17,4,guardian,2,15
6,17,4,warrior,2,1500
6,17,4,ranger,2,1500
6,17,5,human,1,0
6,17,5,elf,1,0
6,17,5,dwarf,2,10
6,17,5,halfling,1,0
6,17,5,dragonkin,1,0
6,17,5,guardian,3,15
6,17,5,warrior,1,0
6,17,5,ranger,1,0
6,17,5,rogue,1,0
6,17,6,elf,1,0
6,17,6,dwarf,2,10
6,17,6,orc,1,0
6,17,6,dragonkin,2,15
6,17,6,guardian,2,15
6,17,6,warrior,1,0
6,17,6,ranger,3,1500
6,17,7,human,2,1000
6,17,7,halfling,3,1000
6,17,7,dragonkin,1,0
6,17,7,guardian,1,0
6,17,7,warrior,2,1500
6,17,7,ranger,1,0
6,17,7,mage,2,2000
6,18,0,human,2,1000
6,18,0,dwarf,2,10
6,18,0,halfling,2,1000
6,18,0,guardian,2,15
6,18,0,warrior,3,1500
6,18,0,rogue,1,0
6,18,1,human,1,0
6,18,1,dwarf,1,0
6,18,1,orc,2,1000
6,18,1,halfling,1,0
6,18,1,warrior,2,1500
6,18,1,ranger,2,1500
6,18,1,mage,1,0
6,18,2,human,2,1000
6,18,2,elf,1,0
6,18,2,orc,2,1000
6,18,2,halfling,1,0
6,18,2,guardian,2,15
6,18,2,warrior,2,1500
6,18,2,priest,2,1500
6,18,3,human,1,0
6,18,3,dwarf,2,10
6,18,3,orc,1,0
6,18,3,halfling,2,1000
6,18,3,warrior,3,1500
6,18,3,ranger,2,1500
6,18,3,rogue,1,0
6,18,4,human,1,0
6,18,4,elf,1,0
6,18,4,dwarf,2,10
6,18,4,orc,1,0
6,18,4,halfling,1,0
6,18,4,guardian,2,15
6,18,4,warrior,2,1500
6,18,4,ranger,2,1500
6,18,5,human,1,0
6,18,5,elf,1,0
6,18,5,dwarf,2,10
6,18,5,halfling,1,0
6,18,5,dragonkin,1,0
6,18,5,guardian,3,15
6,18,5,warrior,1,0
6,18,5,ranger,1,0
6,18,5,rogue,1,0
6,18,6,elf,1,0
6,18,6,dwarf,2,10
6,18,6,orc,1,0
6,18,6,dragonkin,2,15
6,18,6,guardian,2,15
6,18,6,warrior,1,0
6,18,6,ranger,3,1500
6,18,7,human,2,1000
6,18,7,halfling,3,1000
6,18,7,dragonkin,1,0
6,18,7,guardian,1,0
6,18,7,warrior,2,1500
6,18,7,ranger,1,0
6,18,7,mage,2,2000
6,19,0,human,2,1000
6,19,0,dwarf,2,10
6,19,0,halfling,2,1000
6,19,0,guardian,2,15
6,19,0,warrior,3,1500
6,19,0,rogue,1,0
6,19,1,human,1,0
6,19,1,dwarf,1,0
6,19,1,orc,2,1000
6,19,1,halfling,1,0
6,19,1,warrior,2,1500
6,19,1,ranger,2,1500
6,19,1,mage,1,0
6,19,2,human,2,1000
6,19,2,elf,1,0
6,19,2,orc,2,1000
6,19,2,halfling,1,0
6,19,2,guardian,2,15
6,19,2,warrior,2,1500
6,19,2,priest,2,1500
6,19,3,human,1,0
6,19,3,dwarf,2,10
6,19,3,orc,1,0
6,19,3,halfling,2,1000
6,19,3,warrior,3,1500
6,19,3,ranger,2,1500
6,19,3,rogue,1,0
6,19,4,human,1,0
6,19,4,elf,1,0
6,19,4,dwarf,2,10
6,19,4,orc,1,0
6,19,4,halfling,1,0
6,19,4,guardian,2,15
6,19,4,warrior,2,1500
6,19,4,ranger,2,1500
6,19,5,human,1,0
6,19,5,elf,1,0
6,19,5,dwarf,1,0
6,19,5,halfling,2,1000
6,19,5,dragonkin,1,0
6,19,5,guardian,3,15
6,19,5,ranger,2,1500
6,19,5,rogue,1,0
6,19,6,elf,1,0
6,19,6,dwarf,2,10
6,19,6,orc,1,0
6,19,6,dragonkin,2,15
6,19,6,guardian,2,15
6,19,6,warrior,1,0
6,19,6,ranger,3,1500
6,19,7,human,2,1000
6,19,7,halfling,3,1000
6,19,7,dragonkin,1,0
6,19,7,guardian,1,0
6,19,7,warrior,2,1500
6,19,7,ranger,1,0
6,19,7,mage,2,2000
6,20,0,human,2,1000
6,20,0,dwarf,2,10
6,20,0,halfling,2,1000
6,20,0,guardian,2,15
6,20,0,warrior,3,1500
6,20,0,rogue,1,0
6,20,1,human,1,0
6,20,1,dwarf,1,0
6,20,1,orc,2,1000
6,20,1,halfling,1,0
6,20,1,warrior,2,1500
6,20,1,ranger,2,1500
6,20,1,mage,1,0
6,20,2,human,2,1000
6,20,2,elf,1,0
6,20,2,orc,2,1000
6,20,2,halfling,1,0
6,20,2,guardian,2,15
6,20,2,warrior,2,1500
6,20,2,priest,2,1500
6,20,3,human,1,0
6,20,3,dwarf,2,10
6,20,3,orc,1,0
6,20,3,halfling,2,1000
6,20,3,warrior,3,1500
6,20,3,ranger,2,1500
6,20,3,rogue,1,0
6,20,4,human,1,0
6,20,4,elf,1,0
6,20,4,dwarf,2,10
6,20,4,orc,1,0
6,20,4,halfling,1,0
6,20,4,guardian,2,15
6,20,4,warrior,2,1500
6,20,4,ranger,2,1500
6,20,5,human,1,0
6,20,5,elf,1,0
6,20,5,dwarf,1,0
6,20,5,halfling,2,1000
6,20,5,dragonkin,1,0
6,20,5,guardian,3,15
6,20,5,ranger,2,1500
6,20,5,rogue,1,0
6,20,6,elf,1,0
6,20,6,dwarf,2,10
6,20,6,orc,1,0
6,20,6,dragonkin,2,15
6,20,6,guardian,2,15
6,20,6,warrior,1,0
6,20,6,ranger,3,1500
6,20,7,human,2,1000
6,20,7,halfling,3,1000
6,20,7,dragonkin,1,0
6,20,7,guardian,1,0
6,20,7,warrior,2,1500
6,20,7,ranger,1,0
6,20,7,mage,2,2000
6,21,0,human,2,1000
6,21,0,dwarf,2,10
6,21,0,halfling,2,1000
6,21,0,guardian,2,15
6,21,0,warrior,3,1500
6,21,0,rogue,1,0
6,21,1,human,1,0
6,21,1,dwarf,1,0
6,21,1,orc,2,1000
6,21,1,halfling,1,0
6,21,1,warrior,2,1500
6,21,1,ranger,2,1500
6,21,1,mage,1,0
6,21,2,human,2,1000
6,21,2,elf,1,0
6,21,2,orc,2,1000
6,21,2,halfling,1,0
6,21,2,guardian,2,15
6,21,2,warrior,2,1500
6,21,2,priest,2,1500
6,21,3,human,1,0
6,21,3,dwarf,2,10
6,21,3,orc,1,0
6,21,3,halfling,2,1000
6,21,3,warrior,3,1500
6,21,3,ranger,2,1500
6,21,3,rogue,1,0
6,21,4,human,1,0
6,21,4,elf,1,0
6,21,4,dwarf,2,10
6,21,4,orc,1,0
6,21,4,halfling,1,0
6,21,4,guardian,2,15
6,21,4,warrior,2,1500
6,21,4,ranger,2,1500
6,21,5,human,1,0
6,21,5,elf,1,0
6,21,5,dwarf,1,0
6,21,5,halfling,2,1000
6,21,5,dragonkin,1,0
6,21,5,guardian,3,15
6,21,5,ranger,2,1500
6,21,5,rogue,1,0
6,21,6,elf,1,0
6,21,6,dwarf,2,10
6,21,6,orc,1,0
6,21,6,dragonkin,2,15
6,21,6,guardian,2,15
6,21,6,warrior,1,0
6,21,6,ranger,3,1500
6,21,7,human,2,1000
6,21,7,halfling,3,1000
6,21,7,dragonkin,1,0
6,21,7,guardian,1,0
6,21,7,warrior,2,1500
6,21,7,ranger,1,0
6,21,7,mage,2,2000
6,22,0,human,2,1000
6,22,0,dwarf,2,10
6,22,0,halfling,2,1000
6,22,0,guardian,2,15
6,22,0,warrior,3,1500
6,22,0,rogue,1,0
6,22,1,human,1,0
6,22,1,dwarf,1,0
6,22,1,orc,2,1000
6,22,1,halfling,1,0
6,22,1,warrior,2,1500
6,22,1,ranger,2,1500
6,22,1,mage,1,0
6,22,2,human,2,1000
6,22,2,elf,1,0
6,22,2,orc,2,1000
6,22,2,halfling,1,0
6,22,2,guardian,2,15
6,22,2,warrior,2,1500
6,22,2,priest,2,1500
6,22,3,human,1,0
6,22,3,dwarf,2,10
6,22,3,orc,1,0
6,22,3,halfling,2,1000
6,22,3,warrior,3,1500
6,22,3,ranger,2,1500
6,22,3,rogue,1,0
6,22,4,human,1,0
6,22,4,elf,1,0
6,22,4,dwarf,2,10
6,22,4,orc,1,0
6,22,4,halfling,1,0
6,22,4,guardian,2,15
6,22,4,warrior,2,1500
6,22,4,ranger,2,1500
6,22,5,human,1,0
6,22,5,elf,1,0
6,22,5,dwarf,1,0
6,22,5,halfling,2,1000
6,22,5,dragonkin,1,0
6,22,5,guardian,3,15
6,22,5,ranger,2,1500
6,22,5,rogue,1,0
6,22,6,elf,1,0
6,22,6,dwarf,2,10
6,22,6,orc,1,0
6,22,6,dragonkin,2,15
6,22,6,guardian,2,15
6,22,6,warrior,1,0
6,22,6,ranger,3,1500
6,22,7,human,2,1000
6,22,7,halfling,3,1000
6,22,7,dragonkin,1,0
6,22,7,guardian,1,0
6,22,7,warrior,2,1500
6,22,7,ranger,1,0
6,22,7,mage,2,2000
6,23,0,human,2,1000
6,23,0,dwarf,2,10
6,23,0,halfling,2,1000
6,23,0,guardian,2,15
6,23,0,warrior,3,1500
6,23,0,rogue,1,0
6,23,1,human,1,0
6,23,1,elf,1,0
6,23,1,orc,2,1000
6,23,1,halfling,1,0
6,23,1,warrior,2,1500
6,23,1,ranger,2,1500
6,23,1,mage,1,0
6,23,2,human,2,1000
6,23,2,elf,1,0
6,23,2,orc,2,1000
6,23,2,halfling,1,0
6,23,2,guardian,2,15
6,23,2,warrior,2,1500
6,23,2,priest,2,1500
6,23,3,human,1,0
6,23,3,dwarf,2,10
6,23,3,orc,1,0
6,23,3,halfling,2,1000
6,23,3,warrior,3,1500
6,23,3,ranger,2,1500
6,23,3,rogue,1,0
6,23,4,human,1,0
6,23,4,elf,1,0
6,23,4,dwarf,2,10
6,23,4,orc,1,0
6,23,4,halfling,1,0
6,23,4,guardian,2,15
6,23,4,warrior,2,1500
6,23,4,ranger,2,1500
6,23,5,human,1,0
6,23,5,elf,1,0
6,23,5,dwarf,1,0
6,23,5,halfling,2,1000
6,23,5,dragonkin,1,0
6,23,5,guardian,3,15
6,23,5,ranger,2,1500
6,23,5,rogue,1,0
6,23,6,elf,1,0
6,23,6,dwarf,2,10
6,23,6,orc,1,0
6,23,6,dragonkin,2,15
6,23,6,guardian,2,15
6,23,6,warrior,1,0
6,23,6,ranger,3,1500
6,23,7,human,2,1000
6,23,7,halfling,3,1000
6,23,7,dragonkin,1,0
6,23,7,guardian,1,0
6,23,7,warrior,2,1500
6,23,7,ranger,1,0
6,23,7,mage,2,2000
6,24,0,human,2,1000
6,24,0,dwarf,2,10
6,24,0,halfling,2,1000
6,24,0,guardian,2,15
6,24,0,warrior,3,1500
6,24,0,rogue,1,0
6,24,1,human,1,0
6,24,1,elf,1,0
6,24,1,orc,2,1000
6,24,1,halfling,1,0
6,24,1,warrior,2,1500
6,24,1,ranger,2,1500
6,24,1,mage,1,0
6,24,2,human,2,1000
6,24,2,elf,1,0
6,24,2,orc,2,1000
6,24,2,halfling,1,0
6,24,2,guardian,2,15
6,24,2,warrior,2,1500
6,24,2,priest,2,1500
6,24,3,human,1,0
6,24,3,dwarf,2,10
6,24,3,orc,1,0
6,24,3,halfling,2,1000
6,24,3,warrior,3,1500
6,24,3,ranger,2,1500
6,24,3,rogue,1,0
6,24,4,human,1,0
6,24,4,elf,1,0
6,24,4,dwarf,2,10
6,24,4,orc,1,0
6,24,4,halfling,1,0
6,24,4,guardian,2,15
6,24,4,warrior,2,1500
6,24,4,ranger,2,1500
6,24,5,human,1,0
6,24,5,elf,1,0
6,24,5,dwarf,1,0
6,24,5,halfling,2,1000
6,24,5,dragonkin,1,0
6,24,5,guardian,3,15
6,24,5,ranger,2,1500
6,24,5,rogue,1,0
6,24,6,elf,1,0
6,24,6,dwarf,2,10
6,24,6,orc,1,0
6,24,6,dragonkin,2,15
6,24,6,guardian,2,15
6,24,6,warrior,1,0
6,24,6,ranger,3,1500
6,24,7,human,2,1000
6,24,7,halfling,3,1000
6,24,7,dragonkin,1,0
6,24,7,guardian,1,0
6,24,7,warrior,2,1500
6,24,7,ranger,1,0
6,24,7,mage,2,2000
6,25,0,human,2,1000
6,25,0,dwarf,2,10
6,25,0,halfling,2,1000
6,25,0,guardian,2,15
6,25,0,warrior,3,1500
6,25,0,rogue,1,0
6,25,1,human,1,0
6,25,1,elf,1,0
6,25,1,orc,2,1000
6,25,1,halfling,1,0
6,25,1,warrior,2,1500
6,25,1,ranger,2,1500
6,25,1,mage,1,0
6,25,2,human,2,1000
6,25,2,elf,1,0
6,25,2,orc,2,1000
6,25,2,halfling,1,0
6,25,2,guardian,2,15
6,25,2,warrior,2,1500
6,25,2,priest,2,1500
6,25,3,human,1,0
6,25,3,dwarf,2,10
6,25,3,orc,1,0
6,25,3,halfling,2,1000
6,25,3,warrior,3,1500
6,25,3,ranger,2,1500
6,25,3,rogue,1,0
6,25,4,human,1,0
6,25,4,elf,1,0
6,25,4,dwarf,2,10
6,25,4,orc,1,0
6,25,4,halfling,1,0
6,25,4,guardian,2,15
6,25,4,warrior,2,1500
6,25,4,ranger,2,1500
6,25,5,human,1,0
6,25,5,elf,1,0
6,25,5,dwarf,1,0
6,25,5,halfling,2,1000
6,25,5,dragonkin,1,0
6,25,5,guardian,3,15
6,25,5,ranger,2,1500
6,25,5,rogue,1,0
6,25,6,elf,1,0
6,25,6,dwarf,2,10
6,25,6,orc,1,0
6,25,6,dragonkin,2,15
6,25,6,guardian,2,15
6,25,6,warrior,1,0
6,25,6,ranger,3,1500
6,25,7,human,2,1000
6,25,7,halfling,3,1000
6,25,7,dragonkin,1,0
6,25,7,guardian,1,0
6,25,7,warrior,2,1500
6,25,7,ranger,1,0
6,25,7,mage,2,2000
6,26,0,human,2,1000
6,26,0,dwarf,2,10
6,26,0,halfling,2,1000
6,26,0,guardian,2,15
6,26,0,warrior,3,1500
6,26,0,rogue,1,0
6,26,1,human,1,0
6,26,1,elf,1,0
6,26,1,orc,2,1000
6,26,1,halfling,1,0
6,26,1,warrior,2,1500
6,26,1,ranger,2,1500
6,26,1,mage,1,0
6,26,2,human,2,1000
6,26,2,elf,1,0
6,26,2,orc,2,1000
6,26,2,halfling,1,0
6,26,2,guardian,2,15
6,26,2,warrior,2,1500
6,26,2,priest,2,1500
6,26,3,human,1,0
6,26,3,dwarf,2,10
6,26,3,orc,1,0
6,26,3,halfling,2,1000
6,26,3,warrior,3,1500
6,26,3,ranger,2,1500
6,26,3,rogue,1,0
6,26,4,human,1,0
6,26,4,elf,1,0
6,26,4,dwarf,2,10
6,26,4,orc,1,0
6,26,4,halfling,1,0
6,26,4,guardian,2,15
6,26,4,warrior,2,1500
6,26,4,ranger,2,1500
6,26,5,human,1,0
6,26,5,elf,1,0
6,26,5,dwarf,1,0
6,26,5,halfling,2,1000
6,26,5,dragonkin,1,0
6,26,5,guardian,3,15
6,26,5,ranger,2,1500
6,26,5,rogue,1,0
6,26,6,elf,1,0
6,26,6,dwarf,2,10
6,26,6,orc,1,0
6,26,6,dragonkin,2,15
6,26,6,guardian,2,15
6,26,6,warrior,1,0
6,26,6,ranger,3,1500
6,26,7,human,2,1000
6,26,7,halfling,3,1000
6,26,7,dragonkin,1,0
6,26,7,guardian,1,0
6,26,7,warrior,2,1500
6,26,7,ranger,1,0
6,26,7,mage,2,2000
6,27,0,human,2,1000
6,27,0,dwarf,2,10
6,27,0,halfling,2,1000
6,27,0,guardian,2,15
6,27,0,warrior,3,1500
6,27,0,rogue,1,0
6,27,1,human,1,0
6,27,1,elf,1,0
6,27,1,orc,2,1000
6,27,1,halfling,1,0
6,27,1,warrior,2,1500
6,27,1,ranger,2,1500
6,27,1,mage,1,0
6,27,2,human,2,1000
6,27,2,elf,1,0
6,27,2,orc,2,1000
6,27,2,halfling,1,0
6,27,2,guardian,2,15
6,27,2,warrior,2,1500
6,27,2,priest,2,1500
6,27,3,human,1,0
6,27,3,dwarf,2,10
6,27,3,orc,1,0
6,27,3,halfling,2,1000
6,27,3,warrior,3,1500
6,27,3,ranger,2,1500
6,27,3,rogue,1,0
6,27,4,human,1,0
6,27,4,elf,1,0
6,27,4,dwarf,2,10
6,27,4,orc,1,0
6,27,4,halfling,1,0
6,27,4,guardian,2,15
6,27,4,warrior,2,1500
6,27,4,ranger,2,1500
6,27,5,human,1,0
6,27,5,elf,1,0
6,27,5,dwarf,1,0
6,27,5,halfling,2,1000
6,27,5,dragonkin,1,0
6,27,5,guardian,3,15
6,27,5,ranger,2,1500
6,27,5,rogue,1,0
6,27,6,elf,1,0
6,27,6,dwarf,2,10
6,27,6,orc,1,0
6,27,6,dragonkin,2,15
6,27,6,guardian,2,15
6,27,6,warrior,1,0
6,27,6,ranger,3,1500
6,27,7,human,2,1000
6,27,7,halfling,3,1000
6,27,7,dragonkin,1,0
6,27,7,guardian,1,0
6,27,7,warrior,2,1500
6,27,7,ranger,1,0
6,27,7,mage,2,2000
6,28,0,human,2,1000
6,28,0,dwarf,2,10
6,28,0,halfling,2,1000
6,28,0,guardian,2,15
6,28,0,warrior,3,1500
6,28,0,rogue,1,0
6,28,1,human,1,0
6,28,1,elf,1,0
6,28,1,orc,2,1000
6,28,1,halfling,1,0
6,28,1,warrior,2,1500
6,28,1,ranger,2,1500
6,28,1,mage,1,0
6,28,2,human,2,1000
6,28,2,elf,1,0
6,28,2,orc,2,1000
6,28,2,halfling,1,0
6,28,2,guardian,2,15
6,28,2,warrior,2,1500
6,28,2,priest,2,1500
6,28,3,human,1,0
6,28,3,dwarf,2,10
6,28,3,orc,1,0
6,28,3,halfling,2,1000
6,28,3,warrior,3,1500
6,28,3,ranger,2,1500
6,28,3,rogue,1,0
6,28,4,human,1,0
6,28,4,elf,1,0
6,28,4,dwarf,2,10
6,28,4,orc,1,0
6,28,4,halfling,1,0
6,28,4,guardian,2,15
6,28,4,warrior,2,1500
6,28,4,ranger,2,1500
6,28,5,human,1,0
6,28,5,elf,1,0
6,28,5,dwarf,1,0
6,28,5,halfling,2,1000
6,28,5,dragonkin,1,0
6,28,5,guardian,3,15
6,28,5,ranger,2,1500
6,28,5,rogue,1,0
6,28,6,elf,1,0
6,28,6,dwarf,2,10
6,28,6,orc,1,0
6,28,6,dragonkin,2,15
6,28,6,guardian,2,15
6,28,6,warrior,1,0
6,28,6,ranger,3,1500
6,28,7,human,2,1000
6,28,7,halfling,3,1000
6,28,7,dragonkin,1,0
6,28,7,guardian,1,0
6,28,7,warrior,2,1500
6,28,7,ranger,1,0
6,28,7,mage,2,2000
6,29,0,human,2,1000
6,29,0,dwarf,2,10
6,29,0,halfling,2,1000
6,29,0,guardian,2,15
6,29,0,warrior,3,1500
6,29,0,rogue,1,0
6,29,1,human,1,0
6,29,1,elf,1,0
6,29,1,orc,2,1000
6,29,1,halfling,1,0
6,29,1,warrior,2,1500
6,29,1,ranger,2,1500
6,29,1,mage,1,0
6,29,2,human,2,1000
6,29,2,elf,1,0
6,29,2,orc,2,1000
6,29,2,halfling,1,0
6,29,2,guardian,2,15
6,29,2,warrior,2,1500
6,29,2,priest,2,1500
6,29,3,human,1,0
6,29,3,dwarf,2,10
6,29,3,orc,1,0
6,29,3,halfling,2,1000
6,29,3,warrior,3,1500
6,29,3,ranger,2,1500
6,29,3,rogue,1,0
6,29,4,human,1,0
6,29,4,elf,1,0
6,29,4,dwarf,2,10
6,29,4,orc,1,0
6,29,4,halfling,1,0
6,29,4,guardian,2,15
6,29,4,warrior,2,1500
6,29,4,ranger,2,1500
6,29,5,human,1,0
6,29,5,elf,1,0
6,29,5,dwarf,1,0
6,29,5,halfling,2,1000
6,29,5,dragonkin,1,0
6,29,5,guardian,3,15
6,29,5,ranger,2,1500
6,29,5,rogue,1,0
6,29,6,elf,1,0
6,29,6,dwarf,2,10
6,29,6,orc,1,0
6,29,6,dragonkin,2,15
6,29,6,guardian,2,15
6,29,6,warrior,1,0
6,29,6,ranger,3,1500
6,29,7,human,2,1000
6,29,7,halfling,3,1000
6,29,7,dragonkin,1,0
6,29,7,guardian,1,0
6,29,7,warrior,2,1500
6,29,7,ranger,1,0
6,29,7,mage,2,2000
6,30,0,human,2,1000
6,30,0,dwarf,2,10
6,30,0,halfling,2,1000
6,30,0,guardian,2,15
6,30,0,warrior,3,1500
6,30,0,rogue,1,0
6,30,1,human,1,0
6,30,1,elf,1,0
6,30,1,orc,2,1000
6,30,1,halfling,1,0
6,30,1,warrior,2,1500
6,30,1,ranger,2,1500
6,30,1,mage,1,0
6,30,2,human,2,1000
6,30,2,elf,1,0
6,30,2,orc,2,1000
6,30,2,halfling,1,0
6,30,2,guardian,2,15
6,30,2,warrior,2,1500
6,30,2,priest,2,1500
6,30,3,human,1,0
6,30,3,dwarf,2,10
6,30,3,orc,1,0
6,30,3,halfling,2,1000
6,30,3,warrior,3,1500
6,30,3,ranger,2,1500
6,30,3,rogue,1,0
6,30,4,human,1,0
6,30,4,elf,1,0
6,30,4,dwarf,2,10
6,30,4,orc,1,0
6,30,4,halfling,1,0
6,30,4,guardian,2,15
6,30,4,warrior,2,1500
6,30,4,ranger,2,1500
6,30,5,human,1,0
6,30,5,elf,1,0
6,30,5,dwarf,1,0
6,30,5,halfling,2,1000
6,30,5,dragonkin,1,0
6,30,5,guardian,3,15
6,30,5,ranger,2,1500
6,30,5,rogue,1,0
6,30,6,elf,1,0
6,30,6,dwarf,2,10
6,30,6,orc,1,0
6,30,6,dragonkin,2,15
6,30,6,guardian,2,15
6,30,6,warrior,1,0
6,30,6,ranger,3,1500
6,30,7,human,2,1000
6,30,7,halfling,3,1000
6,30,7,dragonkin,1,0
6,30,7,guardian,1,0
6,30,7,warrior,2,1500
6,30,7,ranger,1,0
6,30,7,mage,2,2000
6,31,0,human,2,1000
6,31,0,dwarf,2,10
6,31,0,halfling,2,1000
6,31,0,guardian,2,15
6,31,0,warrior,3,1500
6,31,0,rogue,1,0
6,31,1,human,1,0
6,31,1,elf,1,0
6,31,1,orc,2,1000
6,31,1,halfling,1,0
6,31,1,warrior,2,1500
6,31,1,ranger,2,1500
6,31,1,mage,1,0
6,31,2,human,2,1000
6,31,2,elf,1,0
6,31,2,orc,2,1000
6,31,2,halfling,1,0
6,31,2,guardian,2,15
6,31,2,warrior,2,1500
6,31,2,priest,2,1500
6,31,3,human,1,0
6,31,3,dwarf,2,10
6,31,3,orc,1,0
6,31,3,halfling,2,1000
6,31,3,warrior,3,1500
6,31,3,ranger,2,1500
6,31,3,rogue,1,0
6,31,4,human,1,0
6,31,4,elf,1,0
6,31,4,dwarf,2,10
6,31,4,orc,1,0
6,31,4,halfling,1,0
6,31,4,guardian,2,15
6,31,4,warrior,2,1500
6,31,4,ranger,2,1500
6,31,5,human,1,0
6,31,5,elf,1,0
6,31,5,dwarf,1,0
6,31,5,halfling,2,1000
6,31,5,dragonkin,1,0
6,31,5,guardian,3,15
6,31,5,ranger,2,1500
6,31,5,rogue,1,0
6,31,6,elf,1,0
6,31,6,dwarf,2,10
6,31,6,orc,1,0
6,31,6,dragonkin,2,15
6,31,6,guardian,2,15
6,31,6,warrior,1,0
6,31,6,ranger,3,1500
6,31,7,human,2,1000
6,31,7,halfling,3,1000
6,31,7,dragonkin,1,0
6,31,7,guardian,1,0
6,31,7,warrior,2,1500
6,31,7,ranger,1,0
6,31,7,mage,2,2000
7,1,0,human,1,0
7,1,0,dwarf,1,0
7,1,0,halfling,1,0
7,1,0,guardian,1,0
7,1,0,warrior,1,0
7,1,0,priest,1,0
7,1,1,human,1,0
7,1,1,orc,1,0
7,1,1,halfling,1,0
7,1,1,warrior,1,0
7,1,1,ranger,1,0
7,1,1,priest,1,0
7,1,2,human,1,0
7,1,2,dwarf,1,0
7,1,2,orc,1,0
7,1,2,guardian,2,15
7,1,2,rogue,1,0
7,1,3,human,1,0
7,1,3,elf,1,0
7,1,3,dragonkin,1,0
7,1,3,guardian,1,0
7,1,3,ranger,2,1500
7,1,4,human,1,0
7,1,4,orc,1,0
7,1,4,halfling,1,0
7,1,4,guardian,1,0
7,1,4,warrior,2,1500
7,1,5,human,1,0
7,1,5,dwarf,1,0
7,1,5,halfling,1,0
7,1,5,dragonkin,1,0
7,1,5,guardian,1,0
7,1,5,warrior,1,0
7,1,5,ranger,1,0
7,1,5,priest,1,0
7,1,6,dwarf,1,0
7,1,6,orc,2,1000
7,1,6,halfling,1,0
7,1,6,guardian,1,0
7,1,6,warrior,2,1500
7,1,6,rogue,1,0
7,1,7,human,1,0
7,1,7,elf,1,0
7,1,7,halfling,1,0
7,1,7,dragonkin,1,0
7,1,7,warrior,1,0
7,1,7,ranger,3,1500
7,2,0,dwarf,2,10
7,2,0,orc,1,0
7,2,0,halfling,1,0
7,2,0,guardian,1,0
7,2,0,warrior,2,1500
7,2,0,rogue,1,0
7,2,1,orc,1,0
7,2,1,halfling,2,1000
7,2,1,dragonkin,1,0
7,2,1,warrior,2,1500
7,2,1,ranger,2,1500
7,2,2,human,1,0
7,2,2,dwarf,2,10
7,2,2,orc,1,0
7,2,2,guardian,2,15
7,2,2,ranger,1,0
7,2,2,rogue,1,0
7,2,3,human,1,0
7,2,3,elf,1,0
7,2,3,dwarf,2,10
7,2,3,guardian,1,0
7,2,3,warrior,1,0
7,2,3,ranger,2,1500
7,2,4,human,2,1000
7,2,4,orc,1,0
7,2,4,halfling,1,0
7,2,4,guardian,1,0
7,2,4,warrior,3,1500
7,2,5,human,3,1000
7,2,5,dwarf,1,0
7,2,5,guardian,1,0
7,2,5,warrior,2,1500
7,2,5,mage,1,0
7,2,6,dwarf,1,0
7,2,6,orc,3,1000
7,2,6,guardian,2,15
7,2,6,warrior,1,0
7,2,6,rogue,1,0
7,2,7,human,1,0
7,2,7,dwarf,1,0
7,2,7,dragonkin,1,0
7,2,7,guardian,1,0
7,2,7,warrior,1,0
7,2,7,ranger,1,0
7,3,0,dwarf,2,10
7,3,0,orc,1,0
7,3,0,halfling,1,0
7,3,0,guardian,1,0
7,3,0,warrior,2,1500
7,3,0,rogue,1,0
7,3,1,orc,2,1000
7,3,1,halfling,2,1000
7,3,1,dragonkin,1,0
7,3,1,warrior,2,1500
7,3,1,ranger,1,0
7,3,1,rogue,2,1500
7,3,2,human,2,1000
7,3,2,dwarf,2,10
7,3,2,orc,1,0
7,3,2,guardian,2,15
7,3,2,warrior,1,0
7,3,2,rogue,1,0
7,3,2,priest,1,0
7,3,3,human,1,0
7,3,3,elf,1,0
7,3,3,dwarf,2,10
7,3,3,guardian,1,0
7,3,3,warrior,1,0
7,3,3,ranger,2,1500
7,3,4,human,2,1000
7,3,4,orc,2,1000
7,3,4,halfling,1,0
7,3,4,guardian,2,15
7,3,4,warrior,3,1500
7,3,5,human,3,1000
7,3,5,dwarf,2,10
7,3,5,guardian,2,15
7,3,5,warrior,2,1500
7,3,5,mage,1,0
7,3,6,dwarf,2,10
7,3,6,orc,3,1000
7,3,6,guardian,2,15
7,3,6,warrior,2,1500
7,3,6,rogue,1,0
7,3,7,human,1,0
7,3,7,dwarf,1,0
7,3,7,orc,2,1000
7,3,7,guardian,1,0
7,3,7,warrior,2,1500
7,3,7,rogue,1,0
7,4,0,dwarf,2,10
7,4,0,orc,1,0
7,4,0,halfling,1,0
7,4,0,guardian,1,0
7,4,0,warrior,2,1500
7,4,0,rogue,1,0
7,4,1,dwarf,1,0
7,4,1,orc,2,1000
7,4,1,halfling,2,1000
7,4,1,warrior,3,1500
7,4,1,rogue,2,1500
7,4,2,human,2,1000
7,4,2,dwarf,2,10
7,4,2,orc,1,0
7,4,2,guardian,2,15
7,4,2,warrior,1,0
7,4,2,rogue,1,0
7,4,2,priest,1,0
7,4,3,human,2,1000
7,4,3,elf,1,0
7,4,3,dwarf,1,0
7,4,3,guardian,1,0
7,4,3,warrior,2,1500
7,4,3,ranger,1,0
7,4,4,human,2,1000
7,4,4,orc,2,1000
7,4,4,halfling,1,0
7,4,4,guardian,2,15
7,4,4,warrior,3,1500
7,4,5,human,3,1000
7,4,5,dwarf,2,10
7,4,5,guardian,2,15
7,4,5,warrior,2,1500
7,4,5,mage,1,0
7,4,6,dwarf,2,10
7,4,6,orc,3,1000
7,4,6,guardian,2,15
7,4,6,warrior,2,1500
7,4,6,rogue,1,0
7,4,7,human,2,1000
7,4,7,dwarf,1,0
7,4,7,orc,2,1000
7,4,7,guardian,2,15
7,4,7,warrior,2,1500
7,4,7,rogue,1,0
7,5,0,dwarf,2,10
7,5,0,halfling,2,1000
7,5,0,guardian,1,0
7,5,0,warrior,2,1500
7,5,0,ranger,1,0
7,5,1,dwarf,1,0
7,5,1,orc,2,1000
7,5,1,dragonkin,1,0
7,5,1,warrior,2,1500
7,5,1,ranger,1,0
7,5,1,rogue,1,0
7,5,2,human,2,1000
7,5,2,dwarf,2,10
7,5,2,halfling,1,0
7,5,2,guardian,2,15
7,5,2,warrior,1,0
7,5,2,ranger,1,0
7,5,2,priest,1,0
7,5,3,human,2,1000
7,5,3,elf,1,0
7,5,3,dwarf,1,0
7,5,3,guardian,1,0
7,5,3,warrior,2,1500
7,5,3,ranger,1,0
7,5,4,human,2,1000
7,5,4,orc,2,1000
7,5,4,halfling,1,0
7,5,4,guardian,2,15
7,5,4,warrior,2,1500
7,5,4,mage,1,0
7,5,5,human,2,1000
7,5,5,elf,1,0
7,5,5,dwarf,1,0
7,5,5,dragonkin,1,0
7,5,5,guardian,1,0
7,5,5,warrior,2,1500
7,5,5,ranger,1,0
7,5,5,priest,1,0
7,5,6,dwarf,2,10
7,5,6,orc,3,1000
7,5,6,guardian,2,15
7,5,6,warrior,2,1500
7,5,6,rogue,1,0
7,5,7,human,2,1000
7,5,7,dwarf,1,0
7,5,7,orc,2,1000
7,5,7,guardian,2,15
7,5,7,warrior,2,1500
7,5,7,rogue,1,0
7,6,0,dwarf,2,10
7,6,0,halfling,2,1000
7,6,0,guardian,1,0
7,6,0,warrior,2,1500
7,6,0,ranger,1,0
7,6,1,dwarf,1,0
7,6,1,orc,2,1000
7,6,1,dragonkin,1,0
7,6,1,warrior,2,1500
7,6,1,ranger,1,0
7,6,1,rogue,1,0
7,6,2,human,1,0
7,6,2,dwarf,2,10
7,6,2,halfling,1,0
7,6,2,dragonkin,1,0
7,6,2,guardian,3,15
7,6,2,ranger,1,0
7,6,2,priest,1,0
7,6,3,human,2,1000
7,6,3,elf,1,0
7,6,3,dwarf,1,0
7,6,3,guardian,1,0
7,6,3,warrior,2,1500
7,6,3,ranger,1,0
7,6,4,human,2,1000
7,6,4,orc,2,1000
7,6,4,halfling,1,0
7,6,4,guardian,2,15
7,6,4,warrior,2,1500
7,6,4,mage,1,0
7,6,5,human,2,1000
7,6,5,elf,1,0
7,6,5,dwarf,1,0
7,6,5,dragonkin,1,0
7,6,5,guardian,1,0
7,6,5,warrior,2,1500
7,6,5,ranger,1,0
7,6,5,priest,1,0
7,6,6,elf,1,0
7,6,6,dwarf,2,10
7,6,6,orc,1,0
7,6,6,halfling,1,0
7,6,6,guardian,2,15
7,6,6,warrior,2,1500
7,6,6,ranger,1,0
7,6,7,human,2,1000
7,6,7,dwarf,1,0
7,6,7,orc,2,1000
7,6,7,guardian,2,15
7,6,7,warrior,2,1500
7,6,7,rogue,1,0
7,7,0,elf,1,0
7,7,0,dwarf,2,10
7,7,0,halfling,2,1000
7,7,0,guardian,1,0
7,7,0,warrior,2,1500
7,7,0,ranger,2,1500
7,7,1,dwarf,1,0
7,7,1,orc,2,1000
7,7,1,dragonkin,1,0
7,7,1,warrior,2,1500
7,7,1,ranger,1,0
7,7,1,rogue,1,0
7,7,2,human,1,0
7,7,2,dwarf,2,10
7,7,2,halfling,1,0
7,7,2,dragonkin,2,15
7,7,2,guardian,3,15
7,7,2,ranger,1,0
7,7,2,priest,2,1500
7,7,3,human,2,1000
7,7,3,elf,1,0
7,7,3,dwarf,2,10
7,7,3,orc,1,0
7,7,3,guardian,2,15
7,7,3,warrior,2,1500
7,7,3,ranger,2,1500
7,7,4,human,2,1000
7,7,4,orc,3,1000
7,7,4,halfling,1,0
7,7,4,guardian,2,15
7,7,4,warrior,3,1500
7,7,4,mage,1,0
7,7,5,human,1,0
7,7,5,elf,1,0
7,7,5,dwarf,2,10
7,7,5,halfling,1,0
7,7,5,dragonkin,1,0
7,7,5,guardian,1,0
7,7,5,warrior,2,1500
7,7,5,ranger,2,1500
7,7,5,priest,1,0
7,7,6,human,1,0
7,7,6,elf,1,0
7,7,6,dwarf,2,10
7,7,6,orc,1,0
7,7,6,halfling,1,0
7,7,6,guardian,2,15
7,7,6,warrior,3,1500
7,7,6,ranger,1,0
7,7,7,human,2,1000
7,7,7,elf,1,0
7,7,7,dwarf,1,0
7,7,7,orc,1,0
7,7,7,halfling,1,0
7,7,7,guardian,2,15
7,7,7,warrior,2,1500
7,7,7,ranger,2,1500
7,8,0,human,1,0
7,8,0,elf,1,0
7,8,0,dwarf,2,10
7,8,0,halfling,2,1000
7,8,0,guardian,1,0
7,8,0,warrior,2,1500
7,8,0,ranger,2,1500
7,8,0,priest,1,0
7,8,1,dwarf,1,0
7,8,1,orc,2,1000
7,8,1,halfling,1,0
7,8,1,dragonkin,1,0
7,8,1,warrior,2,1500
7,8,1,ranger,2,1500
7,8,1,rogue,1,0
7,8,2,dwarf,2,10
7,8,2,orc,1,0
7,8,2,halfling,1,0
7,8,2,dragonkin,2,15
7,8,2,guardian,2,15
7,8,2,warrior,1,0
7,8,2,ranger,1,0
7,8,2,priest,2,1500
7,8,3,human,2,1000
7,8,3,elf,1,0
7,8,3,dwarf,3,10
7,8,3,guardian,2,15
7,8,3,warrior,2,1500
7,8,3,ranger,2,1500
7,8,4,human,2,1000
7,8,4,orc,3,1000
7,8,4,halfling,1,0
7,8,4,guardian,2,15
7,8,4,warrior,3,1500
7,8,4,mage,1,0
7,8,5,elf,1,0
7,8,5,dwarf,2,10
7,8,5,halfling,1,0
7,8,5,dragonkin,2,15
7,8,5,guardian,2,15
7,8,5,warrior,1,0
7,8,5,ranger,2,1500
7,8,5,priest,1,0
7,8,6,human,1,0
7,8,6,elf,1,0
7,8,6,dwarf,2,10
7,8,6,orc,1,0
7,8,6,halfling,1,0
7,8,6,guardian,2,15
7,8,6,warrior,3,1500
7,8,6,ranger,1,0
7,8,7,human,2,1000
7,8,7,elf,1,0
7,8,7,dwarf,2,10
7,8,7,halfling,1,0
7,8,7,guardian,2,15
7,8,7,warrior,2,1500
7,8,7,ranger,2,1500
7,9,0,human,1,0
7,9,0,elf,1,0
7,9,0,dwarf,2,10
7,9,0,halfling,2,1000
7,9,0,guardian,1,0
7,9,0,warrior,2,1500
7,9,0,ranger,2,1500
7,9,0,priest,1,0
7,9,1,dwarf,1,0
7,9,1,orc,2,1000
7,9,1,halfling,2,1000
7,9,1,dragonkin,1,0
7,9,1,warrior,3,1500
7,9,1,ranger,2,1500
7,9,1,rogue,1,0
7,9,2,dwarf,2,10
7,9,2,orc,2,1000
7,9,2,dragonkin,2,15
7,9,2,guardian,3,15
7,9,2,warrior,1,0
7,9,2,priest,2,1500
7,9,3,human,2,1000
7,9,3,elf,1,0
7,9,3,dwarf,3,10
7,9,3,guardian,2,15
7,9,3,warrior,2,1500
7,9,3,ranger,2,1500
7,9,4,human,2,1000
7,9,4,orc,3,1000
7,9,4,halfling,1,0
7,9,4,guardian,2,15
7,9,4,warrior,3,1500
7,9,4,mage,1,0
7,9,5,elf,1,0
7,9,5,dwarf,1,0
7,9,5,halfling,2,1000
7,9,5,dragonkin,2,15
7,9,5,guardian,1,0
7,9,5,warrior,2,1500
7,9,5,ranger,2,1500
7,9,5,priest,1,0
7,9,6,human,1,0
7,9,6,elf,1,0
7,9,6,dwarf,2,10
7,9,6,orc,1,0
7,9,6,halfling,1,0
7,9,6,guardian,2,15
7,9,6,warrior,3,1500
7,9,6,ranger,1,0
7,9,7,human,2,1000
7,9,7,elf,1,0
7,9,7,dwarf,1,0
7,9,7,orc,2,1000
7,9,7,guardian,1,0
7,9,7,warrior,3,1500
7,9,7,ranger,1,0
7,9,7,rogue,1,0
7,10,0,elf,1,0
7,10,0,dwarf,2,10
7,10,0,orc,1,0
7,10,0,halfling,2,1000
7,10,0,guardian,1,0
7,10,0,warrior,3,1500
7,10,0,ranger,2,1500
7,10,1,dwarf,1,0
7,10,1,orc,2,1000
7,10,1,halfling,2,1000
7,10,1,dragonkin,1,0
7,10,1,warrior,3,1500
7,10,1,ranger,2,1500
7,10,1,rogue,1,0
7,10,2,human,1,0
7,10,2,dwarf,1,0
7,10,2,orc,2,1000
7,10,2,dragonkin,2,15
7,10,2,guardian,3,15
7,10,2,warrior,1,0
7,10,2,priest,2,1500
7,10,3,human,2,1000
7,10,3,elf,1,0
7,10,3,dwarf,3,10
7,10,3,guardian,2,15
7,10,3,warrior,2,1500
7,10,3,ranger,2,1500
7,10,4,human,2,1000
7,10,4,orc,3,1000
7,10,4,halfling,1,0
7,10,4,guardian,2,15
7,10,4,warrior,3,1500
7,10,4,mage,1,0
7,10,5,elf,1,0
7,10,5,dwarf,1,0
7,10,5,halfling,2,1000
7,10,5,dragonkin,1,0
7,10,5,warrior,2,1500
7,10,5,ranger,2,1500
7,10,5,priest,1,0
7,10,6,human,1,0
7,10,6,elf,1,0
7,10,6,dwarf,2,10
7,10,6,orc,1,0
7,10,6,halfling,1,0
7,10,6,guardian,2,15
7,10,6,warrior,3,1500
7,10,6,ranger,1,0
7,10,7,human,2,1000
7,10,7,dwarf,2,10
7,10,7,orc,2,1000
7,10,7,guardian,2,15
7,10,7,warrior,3,1500
7,10,7,rogue,1,0
7,11,0,elf,1,0
7,11,0,dwarf,2,10
7,11,0,orc,1,0
7,11,0,halfling,2,1000
7,11,0,guardian,1,0
7,11,0,warrior,3,1500
7,11,0,ranger,2,1500
7,11,1,human,1,0
7,11,1,dwarf,1,0
7,11,1,orc,1,0
7,11,1,halfling,2,1000
7,11,1,dragonkin,1,0
7,11,1,guardian,1,0
7,11,1,warrior,2,1500
7,11,1,ranger,2,1500
7,11,1,rogue,1,0
7,11,2,human,1,0
7,11,2,dwarf,1,0
7,11,2,orc,2,1000
7,11,2,dragonkin,2,15
7,11,2,guardian,3,15
7,11,2,warrior,1,0
7,11,2,priest,2,1500
7,11,3,human,2,1000
7,11,3,elf,1,0
7,11,3,dwarf,3,10
7,11,3,guardian,2,15
7,11,3,warrior,2,1500
7,11,3,ranger,2,1500
7,11,4,human,2,1000
7,11,4,orc,3,1000
7,11,4,halfling,1,0
7,11,4,guardian,2,15
7,11,4,warrior,3,1500
7,11,4,mage,1,0
7,11,5,human,1,0
7,11,5,elf,1,0
7,11,5,dwarf,1,0
7,11,5,halfling,2,1000
7,11,5,guardian,1,0
7,11,5,warrior,2,1500
7,11,5,ranger,2,1500
7,11,6,human,1,0
7,11,6,elf,1,0
7,11,6,dwarf,2,10
7,11,6,orc,1,0
7,11,6,halfling,1,0
7,11,6,warrior,4,3000
7,11,6,ranger,1,0
7,11,6,priest,1,0
7,11,7,human,2,1000
7,11,7,dwarf,2,10
7,11,7,orc,2,1000
7,11,7,guardian,2,15
7,11,7,warrior,3,1500
7,11,7,rogue,1,0
7,12,0,elf,1,0
7,12,0,dwarf,2,10
7,12,0,orc,1,0
7,12,0,halfling,2,1000
7,12,0,guardian,1,0
7,12,0,warrior,3,1500
7,12,0,ranger,2,1500
7,12,1,human,1,0
7,12,1,dwarf,1,0
7,12,1,orc,1,0
7,12,1,halfling,2,1000
7,12,1,dragonkin,1,0
7,12,1,guardian,1,0
7,12,1,warrior,2,1500
7,12,1,ranger,2,1500
7,12,1,rogue,1,0
7,12,2,human,1,0
7,12,2,dwarf,1,0
7,12,2,orc,2,1000
7,12,2,dragonkin,2,15
7,12,2,guardian,3,15
7,12,2,warrior,1,0
7,12,2,priest,2,1500
7,12,3,human,2,1000
7,12,3,elf,1,0
7,12,3,dwarf,3,10
7,12,3,guardian,2,15
7,12,3,warrior,2,1500
7,12,3,ranger,2,1500
7,12,4,human,2,1000
7,12,4,orc,3,1000
7,12,4,halfling,1,0
7,12,4,guardian,2,15
7,12,4,warrior,3,1500
7,12,4,mage,1,0
7,12,5,human,1,0
7,12,5,elf,1,0
7,12,5,dwarf,1,0
7,12,5,halfling,2,1000
7,12,5,guardian,1,0
7,12,5,warrior,2,1500
7,12,5,ranger,2,1500
7,12,6,human,1,0
7,12,6,elf,1,0
7,12,6,dwarf,2,10
7,12,6,orc,1,0
7,12,6,halfling,1,0
7,12,6,warrior,4,3000
7,12,6,ranger,1,0
7,12,6,priest,1,0
7,12,7,human,2,1000
7,12,7,dwarf,2,10
7,12,7,orc,2,1000
7,12,7,guardian,2,15
7,12,7,warrior,3,1500
7,12,7,rogue,1,0
7,13,0,elf,1,0
7,13,0,dwarf,2,10
7,13,0,orc,1,0
7,13,0,halfling,2,1000
7,13,0,guardian,1,0
7,13,0,warrior,3,1500
7,13,0,ranger,2,1500
7,13,1,human,1,0
7,13,1,dwarf,1,0
7,13,1,orc,1,0
7,13,1,halfling,2,1000
7,13,1,dragonkin,1,0
7,13,1,guardian,1,0
7,13,1,warrior,2,1500
7,13,1,ranger,2,1500
7,13,1,rogue,1,0
7,13,2,human,1,0
7,13,2,dwarf,1,0
7,13,2,orc,2,1000
7,13,2,dragonkin,2,15
7,13,2,guardian,3,15
7,13,2,warrior,1,0
7,13,2,priest,2,1500
7,13,3,human,2,1000
7,13,3,elf,1,0
7,13,3,dwarf,3,10
7,13,3,guardian,2,15
7,13,3,warrior,2,1500
7,13,3,ranger,2,1500
7,13,4,human,2,1000
7,13,4,orc,3,1000
7,13,4,halfling,1,0
7,13,4,guardian,2,15
7,13,4,warrior,3,1500
7,13,4,mage,1,0
7,13,5,human,1,0
7,13,5,elf,1,0
7,13,5,dwarf,1,0
7,13,5,halfling,2,1000
7,13,5,guardian,1,0
7,13,5,warrior,2,1500
7,13,5,ranger,2,1500
7,13,6,human,1,0
7,13,6,elf,1,0
7,13,6,dwarf,2,10
7,13,6,orc,1,0
7,13,6,halfling,1,0
7,13,6,warrior,4,3000
7,13,6,ranger,1,0
7,13,6,priest,1,0
7,13,7,human,2,1000
7,13,7,dwarf,2,10
7,13,7,orc,2,1000
7,13,7,guardian,2,15
7,13,7,warrior,3,1500
7,13,7,rogue,1,0
7,14,0,elf,1,0
7,14,0,dwarf,2,10
7,14,0,orc,1,0
7,14,0,halfling,2,1000
7,14,0,guardian,1,0
7,14,0,warrior,3,1500
7,14,0,ranger,2,1500
7,14,1,human,1,0
7,14,1,dwarf,1,0
7,14,1,orc,1,0
7,14,1,halfling,2,1000
7,14,1,dragonkin,1,0
7,14,1,guardian,1,0
7,14,1,warrior,2,1500
7,14,1,ranger,2,1500
7,14,1,rogue,1,0
7,14,2,human,1,0
7,14,2,dwarf,1,0
7,14,2,orc,2,1000
7,14,2,dragonkin,2,15
7,14,2,guardian,3,15
7,14,2,warrior,1,0
7,14,2,priest,2,1500
7,14,3,human,2,1000
7,14,3,elf,1,0
7,14,3,dwarf,3,10
7,14,3,guardian,2,15
7,14,3,warrior,2,1500
7,14,3,ranger,2,1500
7,14,4,human,2,1000
7,14,4,orc,3,1000
7,14,4,halfling,1,0
7,14,4,guardian,2,15
7,14,4,warrior,3,1500
7,14,4,mage,1,0
7,14,5,human,1,0
7,14,5,elf,1,0
7,14,5,dwarf,1,0
7,14,5,halfling,2,1000
7,14,5,guardian,1,0
7,14,5,warrior,2,1500
7,14,5,ranger,2,1500
7,14,6,human,1,0
7,14,6,elf,1,0
7,14,6,dwarf,2,10
7,14,6,orc,1,0
7,14,6,halfling,1,0
7,14,6,warrior,4,3000
7,14,6,ranger,1,0
7,14,6,priest,1,0
7,14,7,human,2,1000
7,14,7,dwarf,2,10
7,14,7,orc,2,1000
7,14,7,guardian,2,15
7,14,7,warrior,3,1500
7,14,7,rogue,1,0
7,15,0,elf,1,0
7,15,0,dwarf,2,10
7,15,0,orc,1,0
7,15,0,halfling,2,1000
7,15,0,guardian,1,0
7,15,0,warrior,3,1500
7,15,0,ranger,2,1500
7,15,1,human,1,0
7,15,1,dwarf,1,0
7,15,1,orc,1,0
7,15,1,halfling,2,1000
7,15,1,dragonkin,1,0
7,15,1,guardian,1,0
7,15,1,warrior,2,1500
7,15,1,ranger,2,1500
7,15,1,rogue,1,0
7,15,2,human,1,0
7,15,2,dwarf,1,0
7,15,2,orc,2,1000
7,15,2,dragonkin,2,15
7,15,2,guardian,3,15
7,15,2,warrior,1,0
7,15,2,priest,2,1500
7,15,3,human,2,1000
7,15,3,elf,1,0
7,15,3,dwarf,3,10
7,15,3,guardian,2,15
7,15,3,warrior,2,1500
7,15,3,ranger,2,1500
7,15,4,human,2,1000
7,15,4,orc,3,1000
7,15,4,halfling,1,0
7,15,4,guardian,2,15
7,15,4,warrior,3,1500
7,15,4,mage,1,0
7,15,5,human,1,0
7,15,5,elf,1,0
7,15,5,dwarf,2,10
7,15,5,halfling,2,1000
7,15,5,guardian,2,15
7,15,5,warrior,2,1500
7,15,5,ranger,2,1500
7,15,6,human,1,0
7,15,6,elf,1,0
7,15,6,dwarf,2,10
7,15,6,orc,1,0
7,15,6,halfling,1,0
7,15,6,warrior,4,3000
7,15,6,ranger,1,0
7,15,6,priest,1,0
7,15,7,human,2,1000
7,15,7,dwarf,2,10
7,15,7,orc,2,1000
7,15,7,guardian,2,15
7,15,7,warrior,3,1500
7,15,7,rogue,1,0
7,16,0,elf,1,0
7,16,0,dwarf,2,10
7,16,0,orc,1,0
7,16,0,halfling,2,1000
7,16,0,guardian,1,0
7,16,0,warrior,3,1500
7,16,0,ranger,2,1500
7,16,1,human,1,0
7,16,1,dwarf,1,0
7,16,1,orc,1,0
7,16,1,halfling,2,1000
7,16,1,dragonkin,1,0
7,16,1,guardian,1,0
7,16,1,warrior,2,1500
7,16,1,ranger,2,1500
7,16,1,rogue,1,0
7,16,2,human,1,0
7,16,2,dwarf,1,0
7,16,2,orc,2,1000
7,16,2,dragonkin,2,15
7,16,2,guardian,3,15
7,16,2,warrior,1,0
7,16,2,priest,2,1500
7,16,3,human,2,1000
7,16,3,elf,1,0
7,16,3,dwarf,3,10
7,16,3,guardian,2,15
7,16,3,warrior,2,1500
7,16,3,ranger,2,1500
7,16,4,human,2,1000
7,16,4,orc,3,1000
7,16,4,halfling,1,0
7,16,4,guardian,2,15
7,16,4,warrior,3,1500
7,16,4,mage,1,0
7,16,5,human,1,0
7,16,5,elf,1,0
7,16,5,dwarf,2,10
7,16,5,halfling,2,1000
7,16,5,guardian,2,15
7,16,5,warrior,2,1500
7,16,5,ranger,2,1500
7,16,6,human,1,0
7,16,6,elf,1,0
7,16,6,dwarf,2,10
7,16,6,orc,1,0
7,16,6,halfling,1,0
7,16,6,warrior,4,3000
7,16,6,ranger,1,0
7,16,6,priest,1,0
7,16,7,human,2,1000
7,16,7,dwarf,2,10
7,16,7,orc,2,1000
7,16,7,guardian,2,15
7,16,7,warrior,3,1500
7,16,7,rogue,1,0
7,17,0,elf,1,0
7,17,0,dwarf,2,10
7,17,0,orc,1,0
7,17,0,halfling,2,1000
7,17,0,guardian,1,0
7,17,0,warrior,3,1500
7,17,0,ranger,2,1500
7,17,1,human,1,0
7,17,1,dwarf,1,0
7,17,1,orc,1,0
7,17,1,halfling,2,1000
7,17,1,dragonkin,1,0
7,17,1,guardian,1,0
7,17,1,warrior,2,1500
7,17,1,ranger,2,1500
7,17,1,rogue,1,0
7,17,2,human,1,0
7,17,2,dwarf,1,0
7,17,2,orc,2,1000
7,17,2,dragonkin,2,15
7,17,2,guardian,3,15
7,17,2,warrior,1,0
7,17,2,priest,2,1500
7,17,3,human,2,1000
7,17,3,elf,1,0
7,17,3,dwarf,3,10
7,17,3,guardian,2,15
7,17,3,warrior,2,1500
7,17,3,ranger,2,1500
7,17,4,human,2,1000
7,17,4,orc,3,1000
7,17,4,halfling,1,0
7,17,4,guardian,2,15
7,17,4,warrior,3,1500
7,17,4,mage,1,0
7,17,5,human,1,0
7,17,5,elf,1,0
7,17,5,dwarf,2,10
7,17,5,halfling,2,1000
7,17,5,guardian,2,15
7,17,5,warrior,2,1500
7,17,5,ranger,2,1500
7,17,6,human,1,0
7,17,6,elf,1,0
7,17,6,dwarf,2,10
7,17,6,orc,1,0
7,17,6,halfling,1,0
7,17,6,warrior,4,3000
7,17,6,ranger,1,0
7,17,6,priest,1,0
7,17,7,human,2,1000
7,17,7,dwarf,2,10
7,17,7,orc,2,1000
7,17,7,guardian,2,15
7,17,7,warrior,3,1500
7,17,7,rogue,1,0
7,18,0,elf,1,0
7,18,0,dwarf,2,10
7,18,0,orc,1,0
7,18,0,halfling,2,1000
7,18,0,guardian,1,0
7,18,0,warrior,3,1500
7,18,0,ranger,2,1500
7,18,1,human,1,0
7,18,1,dwarf,1,0
7,18,1,orc,1,0
7,18,1,halfling,2,1000
7,18,1,dragonkin,1,0
7,18,1,guardian,1,0
7,18,1,warrior,2,1500
7,18,1,ranger,2,1500
7,18,1,rogue,1,0
7,18,2,human,1,0
7,18,2,dwarf,1,0
7,18,2,orc,2,1000
7,18,2,dragonkin,2,15
7,18,2,guardian,3,15
7,18,2,warrior,1,0
7,18,2,priest,2,1500
7,18,3,human,2,1000
7,18,3,elf,1,0
7,18,3,dwarf,3,10
7,18,3,guardian,2,15
7,18,3,warrior,2,1500
7,18,3,ranger,2,1500
7,18,4,human,2,1000
7,18,4,orc,3,1000
7,18,4,halfling,1,0
7,18,4,guardian,2,15
7,18,4,warrior,3,1500
7,18,4,mage,1,0
7,18,5,human,1,0
7,18,5,elf,1,0
7,18,5,dwarf,2,10
7,18,5,halfling,2,1000
7,18,5,guardian,2,15
7,18,5,warrior,2,1500
7,18,5,ranger,2,1500
7,18,6,human,1,0
7,18,6,elf,1,0
7,18,6,dwarf,2,10
7,18,6,orc,1,0
7,18,6,halfling,1,0
7,18,6,warrior,4,3000
7,18,6,ranger,1,0
7,18,6,priest,1,0
7,18,7,human,2,1000
7,18,7,dwarf,2,10
7,18,7,orc,2,1000
7,18,7,guardian,2,15
7,18,7,warrior,3,1500
7,18,7,rogue,1,0
7,19,0,elf,1,0
7,19,0,dwarf,2,10
7,19,0,orc,1,0
7,19,0,halfling,2,1000
7,19,0,guardian,1,0
7,19,0,warrior,3,1500
7,19,0,ranger,2,1500
7,19,1,human,1,0
7,19,1,dwarf,1,0
7,19,1,orc,1,0
7,19,1,halfling,2,1000
7,19,1,dragonkin,1,0
7,19,1,guardian,1,0
7,19,1,warrior,2,1500
7,19,1,ranger,2,1500
7,19,1,rogue,1,0
7,19,2,human,1,0
7,19,2,dwarf,1,0
7,19,2,orc,2,1000
7,19,2,dragonkin,2,15
7,19,2,guardian,3,15
7,19,2,warrior,1,0
7,19,2,priest,2,1500
7,19,3,human,2,1000
7,19,3,elf,1,0
7,19,3,dwarf,3,10
7,19,3,guardian,2,15
7,19,3,warrior,2,1500
7,19,3,ranger,2,1500
7,19,4,human,2,1000
7,19,4,orc,3,1000
7,19,4,halfling,1,0
7,19,4,guardian,2,15
7,19,4,warrior,3,1500
7,19,4,mage,1,0
7,19,5,human,1,0
7,19,5,elf,1,0
7,19,5,dwarf,2,10
7,19,5,halfling,2,1000
7,19,5,guardian,2,15
7,19,5,warrior,2,1500
7,19,5,ranger,2,1500
7,19,6,human,1,0
7,19,6,elf,1,0
7,19,6,dwarf,2,10
7,19,6,orc,1,0
7,19,6,halfling,1,0
7,19,6,warrior,4,3000
7,19,6,ranger,1,0
7,19,6,priest,1,0
7,19,7,human,2,1000
7,19,7,dwarf,2,10
7,19,7,orc,2,1000
7,19,7,guardian,2,15
7,19,7,warrior,3,1500
7,19,7,rogue,1,0
7,20,0,elf,1,0
7,20,0,dwarf,1,0
7,20,0,orc,1,0
7,20,0,halfling,2,1000
7,20,0,warrior,3,1500
7,20,0,ranger,2,1500
7,20,1,dwarf,1,0
7,20,1,orc,2,1000
7,20,1,halfling,2,1000
7,20,1,dragonkin,1,0
7,20,1,warrior,3,1500
7,20,1,ranger,2,1500
7,20,1,rogue,1,0
7,20,2,human,1,0
7,20,2,dwarf,1,0
7,20,2,orc,2,1000
7,20,2,dragonkin,2,15
7,20,2,guardian,3,15
7,20,2,warrior,1,0
7,20,2,priest,2,1500
7,20,3,human,2,1000
7,20,3,elf,1,0
7,20,3,dwarf,3,10
7,20,3,guardian,2,15
7,20,3,warrior,2,1500
7,20,3,ranger,2,1500
7,20,4,human,2,1000
7,20,4,orc,3,1000
7,20,4,halfling,1,0
7,20,4,guardian,2,15
7,20,4,warrior,3,1500
7,20,4,mage,1,0
7,20,5,human,1,0
7,20,5,elf,1,0
7,20,5,dwarf,2,10
7,20,5,halfling,2,1000
7,20,5,guardian,2,15
7,20,5,warrior,2,1500
7,20,5,ranger,2,1500
7,20,6,human,1,0
7,20,6,elf,1,0
7,20,6,dwarf,2,10
7,20,6,orc,1,0
7,20,6,halfling,1,0
7,20,6,warrior,4,3000
7,20,6,ranger,1,0
7,20,6,priest,1,0
7,20,7,human,2,1000
7,20,7,dwarf,2,10
7,20,7,orc,2,1000
7,20,7,guardian,2,15
7,20,7,warrior,3,1500
7,20,7,rogue,1,0
7,21,0,elf,1,0
7,21,0,dwarf,1,0
7,21,0,orc,1,0
7,21,0,halfling,2,1000
7,21,0,warrior,3,1500
7,21,0,ranger,2,1500
7,21,1,dwarf,1,0
7,21,1,orc,2,1000
7,21,1,halfling,2,1000
7,21,1,dragonkin,1,0
7,21,1,warrior,3,1500
7,21,1,ranger,2,1500
7,21,1,rogue,1,0
7,21,2,human,1,0
7,21,2,dwarf,1,0
7,21,2,orc,2,1000
7,21,2,dragonkin,2,15
7,21,2,guardian,3,15
7,21,2,warrior,1,0
7,21,2,priest,2,1500
7,21,3,human,2,1000
7,21,3,elf,1,0
7,21,3,dwarf,3,10
7,21,3,guardian,2,15
7,21,3,warrior,2,1500
7,21,3,ranger,2,1500
7,21,4,human,2,1000
7,21,4,orc,3,1000
7,21,4,halfling,1,0
7,21,4,guardian,2,15
7,21,4,warrior,3,1500
7,21,4,mage,1,0
7,21,5,human,1,0
7,21,5,elf,1,0
7,21,5,dwarf,2,10
7,21,5,halfling,2,1000
7,21,5,guardian,2,15
7,21,5,warrior,2,1500
7,21,5,ranger,2,1500
7,21,6,human,1,0
7,21,6,elf,1,0
7,21,6,dwarf,2,10
7,21,6,orc,1,0
7,21,6,halfling,1,0
7,21,6,warrior,4,3000
7,21,6,ranger,1,0
7,21,6,priest,1,0
7,21,7,human,2,1000
7,21,7,dwarf,2,10
7,21,7,orc,2,1000
7,21,7,guardian,2,15
7,21,7,warrior,3,1500
7,21,7,rogue,1,0
7,22,0,elf,1,0
7,22,0,dwarf,1,0
7,22,0,orc,1,0
7,22,0,halfling,2,1000
7,22,0,warrior,3,1500
7,22,0,ranger,2,1500
7,22,1,dwarf,1,0
7,22,1,orc,2,1000
7,22,1,halfling,2,1000
7,22,1,dragonkin,1,0
7,22,1,warrior,3,1500
7,22,1,ranger,2,1500
7,22,1,rogue,1,0
7,22,2,human,1,0
7,22,2,dwarf,1,0
7,22,2,orc,2,1000
7,22,2,dragonkin,2,15
7,22,2,guardian,3,15
7,22,2,warrior,1,0
7,22,2,priest,2,1500
7,22,3,human,2,1000
7,22,3,elf,1,0
7,22,3,dwarf,3,10
7,22,3,guardian,2,15
7,22,3,warrior,2,1500
7,22,3,ranger,2,1500
7,22,4,human,2,1000
7,22,4,orc,3,1000
7,22,4,halfling,1,0
7,22,4,guardian,2,15
7,22,4,warrior,3,1500
7,22,4,mage,1,0
7,22,5,human,1,0
7,22,5,elf,1,0
7,22,5,dwarf,2,10
7,22,5,halfling,2,1000
7,22,5,guardian,2,15
7,22,5,warrior,2,1500
7,22,5,ranger,2,1500
7,22,6,human,1,0
7,22,6,elf,1,0
7,22,6,dwarf,2,10
7,22,6,orc,1,0
7,22,6,halfling,1,0
7,22,6,warrior,4,3000
7,22,6,ranger,1,0
7,22,6,priest,1,0
7,22,7,human,2,1000
7,22,7,dwarf,2,10
7,22,7,orc,2,1000
7,22,7,guardian,2,15
7,22,7,warrior,3,1500
7,22,7,rogue,1,0
7,23,0,elf,1,0
7,23,0,dwarf,1,0
7,23,0,orc,1,0
7,23,0,halfling,2,1000
7,23,0,warrior,3,1500
7,23,0,ranger,2,1500
7,23,1,dwarf,1,0
7,23,1,orc,2,1000
7,23,1,halfling,2,1000
7,23,1,dragonkin,1,0
7,23,1,warrior,3,1500
7,23,1,ranger,2,1500
7,23,1,rogue,1,0
7,23,2,human,1,0
7,23,2,dwarf,1,0
7,23,2,orc,2,1000
7,23,2,dragonkin,2,15
7,23,2,guardian,3,15
7,23,2,warrior,1,0
7,23,2,priest,2,1500
7,23,3,human,2,1000
7,23,3,elf,1,0
7,23,3,dwarf,3,10
7,23,3,guardian,2,15
7,23,3,warrior,2,1500
7,23,3,ranger,2,1500
7,23,4,human,2,1000
7,23,4,orc,3,1000
7,23,4,halfling,1,0
7,23,4,guardian,2,15
7,23,4,warrior,3,1500
7,23,4,mage,1,0
7,23,5,human,1,0
7,23,5,elf,1,0
7,23,5,dwarf,2,10
7,23,5,halfling,2,1000
7,23,5,guardian,2,15
7,23,5,warrior,2,1500
7,23,5,ranger,2,1500
7,23,6,human,1,0
7,23,6,elf,1,0
7,23,6,dwarf,2,10
7,23,6,orc,1,0
7,23,6,halfling,1,0
7,23,6,warrior,4,3000
7,23,6,ranger,1,0
7,23,6,priest,1,0
7,23,7,human,2,1000
7,23,7,dwarf,2,10
7,23,7,orc,2,1000
7,23,7,guardian,2,15
7,23,7,warrior,3,1500
7,23,7,rogue,1,0
7,24,0,elf,1,0
7,24,0,dwarf,1,0
7,24,0,orc,1,0
7,24,0,halfling,2,1000
7,24,0,warrior,3,1500
7,24,0,ranger,2,1500
7,24,1,dwarf,1,0
7,24,1,orc,2,1000
7,24,1,halfling,2,1000
7,24,1,dragonkin,1,0
7,24,1,warrior,3,1500
7,24,1,ranger,2,1500
7,24,1,rogue,1,0
7,24,2,human,1,0
7,24,2,dwarf,1,0
7,24,2,orc,2,1000
7,24,2,dragonkin,2,15
7,24,2,guardian,3,15
7,24,2,warrior,1,0
7,24,2,priest,2,1500
7,24,3,human,2,1000
7,24,3,elf,1,0
7,24,3,dwarf,3,10
7,24,3,guardian,2,15
7,24,3,warrior,2,1500
7,24,3,ranger,2,1500
7,24,4,human,2,1000
7,24,4,orc,3,1000
7,24,4,halfling,1,0
7,24,4,guardian,2,15
7,24,4,warrior,3,1500
7,24,4,mage,1,0
7,24,5,human,1,0
7,24,5,elf,1,0
7,24,5,dwarf,2,10
7,24,5,halfling,2,1000
7,24,5,guardian,2,15
7,24,5,warrior,2,1500
7,24,5,ranger,2,1500
7,24,6,human,1,0
7,24,6,elf,1,0
7,24,6,dwarf,2,10
7,24,6,orc,1,0
7,24,6,halfling,1,0
7,24,6,warrior,4,3000
7,24,6,ranger,1,0
7,24,6,priest,1,0
7,24,7,human,2,1000
7,24,7,dwarf,2,10
7,24,7,orc,2,1000
7,24,7,guardian,2,15
7,24,7,warrior,3,1500
7,24,7,rogue,1,0
7,25,0,elf,1,0
7,25,0,dwarf,1,0
7,25,0,orc,1,0
7,25,0,halfling,2,1000
7,25,0,warrior,3,1500
7,25,0,ranger,2,1500
7,25,1,dwarf,1,0
7,25,1,orc,2,1000
7,25,1,halfling,2,1000
7,25,1,dragonkin,1,0
7,25,1,warrior,3,1500
7,25,1,ranger,2,1500
7,25,1,rogue,1,0
7,25,2,human,1,0
7,25,2,dwarf,1,0
7,25,2,orc,2,1000
7,25,2,dragonkin,2,15
7,25,2,guardian,3,15
7,25,2,warrior,1,0
7,25,2,priest,2,1500
7,25,3,human,2,1000
7,25,3,elf,1,0
7,25,3,dwarf,3,10
7,25,3,guardian,2,15
7,25,3,warrior,2,1500
7,25,3,ranger,2,1500
7,25,4,human,2,1000
7,25,4,orc,3,1000
7,25,4,halfling,1,0
7,25,4,guardian,2,15
7,25,4,warrior,3,1500
7,25,4,mage,1,0
7,25,5,human,1,0
7,25,5,elf,1,0
7,25,5,dwarf,2,10
7,25,5,halfling,2,1000
7,25,5,guardian,2,15
7,25,5,warrior,2,1500
7,25,5,ranger,2,1500
7,25,6,human,1,0
7,25,6,elf,1,0
7,25,6,dwarf,2,10
7,25,6,orc,1,0
7,25,6,halfling,1,0
7,25,6,warrior,4,3000
7,25,6,ranger,1,0
7,25,6,priest,1,0
7,25,7,human,2,1000
7,25,7,dwarf,2,10
7,25,7,orc,2,1000
7,25,7,guardian,2,15
7,25,7,warrior,3,1500
7,25,7,rogue,1,0
7,26,0,elf,1,0
7,26,0,dwarf,1,0
7,26,0,orc,1,0
7,26,0,halfling,2,1000
7,26,0,warrior,3,1500
7,26,0,ranger,2,1500
7,26,1,dwarf,1,0
7,26,1,orc,2,1000
7,26,1,halfling,2,1000
7,26,1,dragonkin,1,0
7,26,1,warrior,3,1500
7,26,1,ranger,2,1500
7,26,1,rogue,1,0
7,26,2,human,1,0
7,26,2,dwarf,1,0
7,26,2,orc,2,1000
7,26,2,dragonkin,2,15
7,26,2,guardian,3,15
7,26,2,warrior,1,0
7,26,2,priest,2,1500
7,26,3,human,2,1000
7,26,3,elf,1,0
7,26,3,dwarf,3,10
7,26,3,guardian,2,15
7,26,3,warrior,2,1500
7,26,3,ranger,2,1500
7,26,4,human,2,1000
7,26,4,orc,3,1000
7,26,4,halfling,1,0
7,26,4,guardian,2,15
7,26,4,warrior,3,1500
7,26,4,mage,1,0
7,26,5,human,1,0
7,26,5,elf,1,0
7,26,5,dwarf,2,10
7,26,5,halfling,2,1000
7,26,5,guardian,2,15
7,26,5,warrior,2,1500
7,26,5,ranger,2,1500
7,26,6,human,1,0
7,26,6,elf,1,0
7,26,6,dwarf,2,10
7,26,6,orc,1,0
7,26,6,halfling,1,0
7,26,6,warrior,4,3000
7,26,6,ranger,1,0
7,26,6,priest,1,0
7,26,7,human,2,1000
7,26,7,dwarf,2,10
7,26,7,orc,2,1000
7,26,7,guardian,2,15
7,26,7,warrior,3,1500
7,26,7,rogue,1,0
7,27,0,elf,1,0
7,27,0,dwarf,1,0
7,27,0,orc,1,0
7,27,0,halfling,2,1000
7,27,0,warrior,3,1500
7,27,0,ranger,2,1500
7,27,1,dwarf,1,0
7,27,1,orc,2,1000
7,27,1,halfling,2,1000
7,27,1,dragonkin,1,0
7,27,1,warrior,3,1500
7,27,1,ranger,2,1500
7,27,1,rogue,1,0
7,27,2,human,1,0
7,27,2,dwarf,1,0
7,27,2,orc,2,1000
7,27,2,dragonkin,2,15
7,27,2,guardian,3,15
7,27,2,warrior,1,0
7,27,2,priest,2,1500
7,27,3,human,2,1000
7,27,3,elf,1,0
7,27,3,dwarf,3,10
7,27,3,guardian,2,15
7,27,3,warrior,2,1500
7,27,3,ranger,2,1500
7,27,4,human,2,1000
7,27,4,orc,3,1000
7,27,4,halfling,1,0
7,27,4,guardian,2,15
7,27,4,warrior,3,1500
7,27,4,mage,1,0
7,27,5,human,1,0
7,27,5,elf,1,0
7,27,5,dwarf,2,10
7,27,5,halfling,2,1000
7,27,5,guardian,2,15
7,27,5,warrior,2,1500
7,27,5,ranger,2,1500
7,27,6,human,1,0
7,27,6,elf,1,0
7,27,6,dwarf,2,10
7,27,6,orc,1,0
7,27,6,halfling,1,0
7,27,6,warrior,4,3000
7,27,6,ranger,1,0
7,27,6,priest,1,0
7,27,7,human,2,1000
7,27,7,dwarf,2,10
7,27,7,orc,2,1000
7,27,7,guardian,2,15
7,27,7,warrior,3,1500
7,27,7,rogue,1,0
7,28,0,elf,1,0
7,28,0,dwarf,1,0
7,28,0,orc,1,0
7,28,0,halfling,2,1000
7,28,0,warrior,3,1500
7,28,0,ranger,2,1500
7,28,1,dwarf,1,0
7,28,1,orc,2,1000
7,28,1,halfling,2,1000
7,28,1,dragonkin,1,0
7,28,1,warrior,3,1500
7,28,1,ranger,2,1500
7,28,1,rogue,1,0
7,28,2,human,1,0
7,28,2,dwarf,1,0
7,28,2,orc,2,1000
7,28,2,dragonkin,2,15
7,28,2,guardian,3,15
7,28,2,warrior,1,0
7,28,2,priest,2,1500
7,28,3,human,2,1000
7,28,3,elf,1,0
7,28,3,dwarf,3,10
7,28,3,guardian,2,15
7,28,3,warrior,2,1500
7,28,3,ranger,2,1500
7,28,4,human,2,1000
7,28,4,orc,3,1000
7,28,4,halfling,1,0
7,28,4,guardian,2,15
7,28,4,warrior,3,1500
7,28,4,mage,1,0
7,28,5,human,1,0
7,28,5,elf,1,0
7,28,5,dwarf,2,10
7,28,5,halfling,2,1000
7,28,5,guardian,2,15
7,28,5,warrior,2,1500
7,28,5,ranger,2,1500
7,28,6,human,1,0
7,28,6,elf,1,0
7,28,6,dwarf,2,10
7,28,6,orc,1,0
7,28,6,halfling,1,0
7,28,6,warrior,4,3000
7,28,6,ranger,1,0
7,28,6,priest,1,0
7,28,7,human,2,1000
7,28,7,dwarf,2,10
7,28,7,orc,2,1000
7,28,7,guardian,2,15
7,28,7,warrior,3,1500
7,28,7,rogue,1,0
8,1,0,human,2,1000
8,1,0,orc,1,0
8,1,0,halfling,1,0
8,1,0,guardian,1,0
8,1,0,warrior,1,0
8,1,0,ranger,1,0
8,1,0,mage,1,0
8,1,1,human,1,0
8,1,1,orc,2,1000
8,1,1,dragonkin,1,0
8,1,1,warrior,1,0
8,1,1,ranger,1,0
8,1,1,rogue,1,0
8,1,1,priest,1,0
8,1,2,human,2,1000
8,1,2,dwarf,1,0
8,1,2,orc,1,0
8,1,2,guardian,2,15
8,1,2,warrior,1,0
8,1,2,mage,1,0
8,1,3,human,1,0
8,1,3,orc,2,1000
8,1,3,guardian,2,15
8,1,3,warrior,1,0
8,1,4,human,1,0
8,1,4,dwarf,1,0
8,1,4,orc,1,0
8,1,4,halfling,1,0
8,1,4,guardian,2,15
8,1,4,ranger,1,0
8,1,4,rogue,1,0
8,1,5,human,1,0
8,1,5,dwarf,1,0
8,1,5,halfling,1,0
8,1,5,guardian,1,0
8,1,5,warrior,1,0
8,1,5,mage,1,0
8,1,6,human,1,0
8,1,6,dwarf,1,0
8,1,6,halfling,1,0
8,1,6,guardian,2,15
8,1,6,mage,1,0
8,1,7,human,1,0
8,1,7,elf,1,0
8,1,7,dwarf,1,0
8,1,7,halfling,1,0
8,1,7,guardian,1,0
8,1,7,warrior,2,1500
8,1,7,ranger,1,0
8,2,0,human,1,0
8,2,0,dwarf,1,0
8,2,0,orc,2,1000
8,2,0,guardian,1,0
8,2,0,warrior,2,1500
8,2,0,mage,1,0
8,2,1,dwarf,1,0
8,2,1,orc,2,1000
8,2,1,dragonkin,1,0
8,2,1,guardian,1,0
8,2,1,warrior,1,0
8,2,1,ranger,1,0
8,2,1,rogue,1,0
8,2,2,human,1,0
8,2,2,dwarf,2,10
8,2,2,orc,1,0
8,2,2,guardian,2,15
8,2,2,warrior,2,1500
8,2,3,human,1,0
8,2,3,orc,2,1000
8,2,3,dragonkin,1,0
8,2,3,guardian,2,15
8,2,3,warrior,1,0
8,2,3,rogue,1,0
8,2,4,human,1,0
8,2,4,dwarf,1,0
8,2,4,orc,2,1000
8,2,4,guardian,3,15
8,2,4,rogue,1,0
8,2,5,elf,2,1000
8,2,5,dwarf,1,0
8,2,5,halfling,1,0
8,2,5,guardian,1,0
8,2,5,warrior,1,0
8,2,5,ranger,1,0
8,2,5,rogue,1,0
8,2,6,human,1,0
8,2,6,dwarf,1,0
8,2,6,orc,1,0
8,2,6,guardian,2,15
8,2,6,rogue,1,0
8,2,7,human,1,0
8,2,7,dwarf,1,0
8,2,7,orc,1,0
8,2,7,guardian,2,15
8,2,7,warrior,1,0
8,3,0,human,1,0
8,3,0,dwarf,1,0
8,3,0,orc,2,1000
8,3,0,dragonkin,1,0
8,3,0,guardian,1,0
8,3,0,warrior,2,1500
8,3,0,ranger,1,0
8,3,0,mage,1,0
8,3,1,dwarf,1,0
8,3,1,orc,2,1000
8,3,1,guardian,1,0
8,3,1,warrior,1,0
8,3,1,rogue,1,0
8,3,2,human,1,0
8,3,2,dwarf,2,10
8,3,2,orc,2,1000
8,3,2,guardian,2,15
8,3,2,warrior,2,1500
8,3,2,rogue,1,0
8,3,3,human,2,1000
8,3,3,orc,2,1000
8,3,3,dragonkin,1,0
8,3,3,guardian,2,15
8,3,3,warrior,2,1500
8,3,3,rogue,1,0
8,3,4,dwarf,1,0
8,3,4,orc,2,1000
8,3,4,halfling,2,1000
8,3,4,guardian,2,15
8,3,4,warrior,2,1500
8,3,4,ranger,1,0
8,3,5,elf,2,1000
8,3,5,dwarf,1,0
8,3,5,orc,1,0
8,3,5,halfling,1,0
8,3,5,guardian,1,0
8,3,5,warrior,1,0
8,3,5,ranger,1,0
8,3,5,rogue,2,1500
8,3,6,human,2,1000
8,3,6,dwarf,1,0
8,3,6,orc,1,0
8,3,6,guardian,2,15
8,3,6,warrior,1,0
8,3,6,rogue,1,0
8,3,7,human,1,0
8,3,7,dwarf,1,0
8,3,7,orc,2,1000
8,3,7,guardian,2,15
8,3,7,warrior,1,0
8,3,7,rogue,1,0
8,4,0,human,1,0
8,4,0,elf,1,0
8,4,0,dwarf,1,0
8,4,0,orc,1,0
8,4,0,dragonkin,1,0
8,4,0,guardian,2,15
8,4,0,warrior,2,1500
8,4,0,ranger,1,0
8,4,1,human,1,0
8,4,1,dwarf,1,0
8,4,1,orc,2,1000
8,4,1,guardian,1,0
8,4,1,warrior,2,1500
8,4,1,rogue,1,0
8,4,2,human,1,0
8,4,2,dwarf,2,10
8,4,2,orc,2,1000
8,4,2,guardian,3,15
8,4,2,warrior,2,1500
8,4,3,human,1,0
8,4,3,dwarf,1,0
8,4,3,orc,2,1000
8,4,3,dragonkin,1,0
8,4,3,guardian,1,0
8,4,3,warrior,3,1500
8,4,3,rogue,1,0
8,4,4,dwarf,1,0
8,4,4,orc,2,1000
8,4,4,halfling,2,1000
8,4,4,guardian,2,15
8,4,4,warrior,2,1500
8,4,4,ranger,1,0
8,4,5,human,2,1000
8,4,5,elf,2,1000
8,4,5,halfling,1,0
8,4,5,guardian,1,0
8,4,5,warrior,2,1500
8,4,5,ranger,1,0
8,4,5,rogue,1,0
8,4,6,human,2,1000
8,4,6,dwarf,1,0
8,4,6,orc,1,0
8,4,6,halfling,1,0
8,4,6,guardian,2,15
8,4,6,warrior,1,0
8,4,6,ranger,1,0
8,4,6,rogue,1,0
8,4,7,human,1,0
8,4,7,dwarf,1,0
8,4,7,orc,2,1000
8,4,7,guardian,2,15
8,4,7,warrior,1,0
8,4,7,rogue,1,0
8,5,0,human,1,0
8,5,0,elf,1,0
8,5,0,dwarf,1,0
8,5,0,orc,1,0
8,5,0,dragonkin,1,0
8,5,0,guardian,2,15
8,5,0,warrior,2,1500
8,5,0,ranger,1,0
8,5,1,human,1,0
8,5,1,dwarf,1,0
8,5,1,orc,2,1000
8,5,1,guardian,1,0
8,5,1,warrior,2,1500
8,5,1,rogue,1,0
8,5,2,human,1,0
8,5,2,dwarf,2,10
8,5,2,orc,2,1000
8,5,2,guardian,3,15
8,5,2,warrior,2,1500
8,5,3,human,1,0
8,5,3,dwarf,1,0
8,5,3,orc,2,1000
8,5,3,warrior,3,1500
8,5,3,rogue,1,0
8,5,4,dwarf,1,0
8,5,4,orc,2,1000
8,5,4,halfling,2,1000
8,5,4,guardian,2,15
8,5,4,warrior,2,1500
8,5,4,ranger,1,0
8,5,5,human,2,1000
8,5,5,elf,2,1000
8,5,5,halfling,1,0
8,5,5,guardian,1,0
8,5,5,warrior,2,1500
8,5,5,ranger,1,0
8,5,5,rogue,1,0
8,5,6,human,2,1000
8,5,6,dwarf,1,0
8,5,6,halfling,1,0
8,5,6,guardian,2,15
8,5,6,warrior,1,0
8,5,6,ranger,1,0
8,5,7,human,1,0
8,5,7,dwarf,2,10
8,5,7,orc,2,1000
8,5,7,guardian,2,15
8,5,7,warrior,2,1500
8,5,7,rogue,1,0
8,6,0,human,1,0
8,6,0,elf,1,0
8,6,0,dwarf,1,0
8,6,0,orc,1,0
8,6,0,dragonkin,1,0
8,6,0,guardian,2,15
8,6,0,warrior,2,1500
8,6,0,ranger,1,0
8,6,1,human,1,0
8,6,1,dwarf,1,0
8,6,1,orc,2,1000
8,6,1,guardian,1,0
8,6,1,warrior,2,1500
8,6,1,rogue,1,0
8,6,2,human,1,0
8,6,2,dwarf,2,10
8,6,2,orc,2,1000
8,6,2,guardian,3,15
8,6,2,warrior,2,1500
8,6,3,human,1,0
8,6,3,dwarf,1,0
8,6,3,orc,2,1000
8,6,3,warrior,3,1500
8,6,3,rogue,1,0
8,6,4,dwarf,1,0
8,6,4,orc,2,1000
8,6,4,halfling,2,1000
8,6,4,guardian,2,15
8,6,4,warrior,2,1500
8,6,4,ranger,1,0
8,6,5,human,1,0
8,6,5,elf,1,0
8,6,5,orc,1,0
8,6,5,halfling,2,1000
8,6,5,guardian,1,0
8,6,5,warrior,1,0
8,6,5,ranger,2,1500
8,6,5,rogue,1,0
8,6,6,human,2,1000
8,6,6,dwarf,1,0
8,6,6,halfling,1,0
8,6,6,guardian,2,15
8,6,6,warrior,1,0
8,6,6,ranger,1,0
8,6,7,dwarf,2,10
8,6,7,orc,3,1000
8,6,7,guardian,2,15
8,6,7,warrior,2,1500
8,6,7,rogue,1,0
8,7,0,human,1,0
8,7,0,elf,1,0
8,7,0,dwarf,2,10
8,7,0,orc,1,0
8,7,0,dragonkin,1,0
8,7,0,guardian,3,15
8,7,0,warrior,2,1500
8,7,0,ranger,1,0
8,7,1,human,1,0
8,7,1,elf,1,0
8,7,1,dwarf,1,0
8,7,1,orc,2,1000
8,7,1,guardian,1,0
8,7,1,warrior,2,1500
8,7,1,ranger,1,0
8,7,1,rogue,1,0
8,7,2,human,1,0
8,7,2,dwarf,2,10
8,7,2,orc,2,1000
8,7,2,dragonkin,1,0
8,7,2,guardian,4,30
8,7,2,warrior,2,1500
8,7,3,human,1,0
8,7,3,dwarf,1,0
8,7,3,orc,2,1000
8,7,3,halfling,1,0
8,7,3,dragonkin,1,0
8,7,3,warrior,3,1500
8,7,3,ranger,1,0
8,7,3,rogue,2,1500
8,7,4,human,1,0
8,7,4,dwarf,1,0
8,7,4,orc,2,1000
8,7,4,halfling,2,1000
8,7,4,guardian,3,15
8,7,4,warrior,2,1500
8,7,4,ranger,1,0
8,7,5,human,2,1000
8,7,5,elf,1,0
8,7,5,orc,1,0
8,7,5,halfling,2,1000
8,7,5,guardian,1,0
8,7,5,warrior,2,1500
8,7,5,ranger,2,1500
8,7,5,rogue,1,0
8,7,6,human,3,1000
8,7,6,dwarf,1,0
8,7,6,halfling,1,0
8,7,6,guardian,2,15
8,7,6,warrior,1,0
8,7,6,ranger,1,0
8,7,6,priest,1,0
8,7,7,human,1,0
8,7,7,dwarf,2,10
8,7,7,orc,3,1000
8,7,7,guardian,2,15
8,7,7,warrior,3,1500
8,7,7,rogue,1,0
8,8,0,human,1,0
8,8,0,elf,1,0
8,8,0,dwarf,2,10
8,8,0,orc,1,0
8,8,0,dragonkin,1,0
8,8,0,guardian,3,15
8,8,0,warrior,2,1500
8,8,0,ranger,1,0
8,8,1,human,1,0
8,8,1,elf,2,1000
8,8,1,dwarf,1,0
8,8,1,orc,2,1000
8,8,1,guardian,1,0
8,8,1,warrior,2,1500
8,8,1,ranger,1,0
8,8,1,rogue,2,1500
8,8,2,human,2,1000
8,8,2,dwarf,1,0
8,8,2,orc,2,1000
8,8,2,dragonkin,1,0
8,8,2,guardian,4,30
8,8,2,warrior,1,0
8,8,2,priest,1,0
8,8,3,dwarf,2,10
8,8,3,orc,1,0
8,8,3,halfling,1,0
8,8,3,warrior,2,1500
8,8,3,ranger,2,1500
8,8,4,human,1,0
8,8,4,dwarf,1,0
8,8,4,orc,2,1000
8,8,4,halfling,2,1000
8,8,4,guardian,3,15
8,8,4,warrior,2,1500
8,8,4,ranger,1,0
8,8,5,human,2,1000
8,8,5,elf,1,0
8,8,5,orc,1,0
8,8,5,halfling,2,1000
8,8,5,guardian,1,0
8,8,5,warrior,2,1500
8,8,5,ranger,2,1500
8,8,5,rogue,1,0
8,8,6,human,3,1000
8,8,6,dwarf,1,0
8,8,6,halfling,1,0
8,8,6,guardian,2,15
8,8,6,warrior,1,0
8,8,6,ranger,1,0
8,8,6,priest,1,0
8,8,7,human,1,0
8,8,7,dwarf,2,10
8,8,7,orc,3,1000
8,8,7,guardian,2,15
8,8,7,warrior,3,1500
8,8,7,rogue,1,0
8,9,0,human,1,0
8,9,0,elf,1,0
8,9,0,dwarf,2,10
8,9,0,orc,1,0
8,9,0,dragonkin,1,0
8,9,0,guardian,3,15
8,9,0,warrior,2,1500
8,9,0,ranger,1,0
8,9,1,human,1,0
8,9,1,elf,2,1000
8,9,1,dwarf,2,10
8,9,1,orc,1,0
8,9,1,guardian,1,0
8,9,1,warrior,2,1500
8,9,1,ranger,1,0
8,9,1,rogue,2,1500
8,9,2,human,2,1000
8,9,2,dwarf,1,0
8,9,2,orc,2,1000
8,9,2,dragonkin,1,0
8,9,2,guardian,2,15
8,9,2,warrior,2,1500
8,9,2,mage,1,0
8,9,2,priest,1,0
8,9,3,elf,1,0
8,9,3,dwarf,2,10
8,9,3,orc,1,0
8,9,3,halfling,1,0
8,9,3,warrior,2,1500
8,9,3,ranger,2,1500
8,9,3,rogue,1,0
8,9,4,human,1,0
8,9,4,dwarf,1,0
8,9,4,orc,2,1000
8,9,4,halfling,2,1000
8,9,4,guardian,3,15
8,9,4,warrior,2,1500
8,9,4,ranger,1,0
8,9,5,human,1,0
8,9,5,elf,1,0
8,9,5,orc,2,1000
8,9,5,halfling,2,1000
8,9,5,guardian,2,15
8,9,5,warrior,1,0
8,9,5,ranger,2,1500
8,9,5,rogue,1,0
8,9,6,human,3,1000
8,9,6,dwarf,2,10
8,9,6,halfling,1,0
8,9,6,guardian,2,15
8,9,6,warrior,1,0
8,9,6,ranger,2,1500
8,9,6,priest,1,0
8,9,7,human,1,0
8,9,7,dwarf,2,10
8,9,7,orc,3,1000
8,9,7,guardian,2,15
8,9,7,warrior,3,1500
8,9,7,rogue,1,0
8,10,0,human,1,0
8,10,0,elf,1,0
8,10,0,dwarf,2,10
8,10,0,orc,1,0
8,10,0,dragonkin,1,0
8,10,0,guardian,3,15
8,10,0,warrior,2,1500
8,10,0,ranger,1,0
8,10,1,human,1,0
8,10,1,elf,2,1000
8,10,1,dwarf,2,10
8,10,1,orc,1,0
8,10,1,guardian,1,0
8,10,1,warrior,2,1500
8,10,1,ranger,1,0
8,10,1,rogue,2,1500
8,10,2,human,2,1000
8,10,2,dwarf,1,0
8,10,2,orc,2,1000
8,10,2,dragonkin,1,0
8,10,2,guardian,2,15
8,10,2,warrior,2,1500
8,10,2,mage,1,0
8,10,2,priest,1,0
8,10,3,elf,1,0
8,10,3,dwarf,2,10
8,10,3,orc,1,0
8,10,3,halfling,1,0
8,10,3,warrior,2,1500
8,10,3,ranger,2,1500
8,10,3,rogue,1,0
8,10,4,human,1,0
8,10,4,dwarf,1,0
8,10,4,orc,2,1000
8,10,4,halfling,2,1000
8,10,4,guardian,3,15
8,10,4,warrior,2,1500
8,10,4,ranger,1,0
8,10,5,human,1,0
8,10,5,orc,2,1000
8,10,5,halfling,2,1000
8,10,5,guardian,2,15
8,10,5,warrior,1,0
8,10,5,ranger,1,0
8,10,5,rogue,1,0
8,10,6,human,3,1000
8,10,6,dwarf,2,10
8,10,6,halfling,1,0
8,10,6,guardian,2,15
8,10,6,warrior,1,0
8,10,6,ranger,2,1500
8,10,6,priest,1,0
8,10,7,human,1,0
8,10,7,dwarf,2,10
8,10,7,orc,3,1000
8,10,7,guardian,2,15
8,10,7,warrior,3,1500
8,10,7,rogue,1,0
8,11,0,human,1,0
8,11,0,elf,1,0
8,11,0,dwarf,2,10
8,11,0,orc,1,0
8,11,0,dragonkin,1,0
8,11,0,guardian,3,15
8,11,0,warrior,2,1500
8,11,0,ranger,1,0
8,11,1,human,1,0
8,11,1,elf,2,1000
8,11,1,dwarf,2,10
8,11,1,orc,1,0
8,11,1,guardian,1,0
8,11,1,warrior,2,1500
8,11,1,ranger,1,0
8,11,1,rogue,2,1500
8,11,2,human,2,1000
8,11,2,dwarf,1,0
8,11,2,orc,2,1000
8,11,2,dragonkin,1,0
8,11,2,guardian,2,15
8,11,2,warrior,2,1500
8,11,2,mage,1,0
8,11,2,priest,1,0
8,11,3,elf,1,0
8,11,3,dwarf,2,10
8,11,3,orc,1,0
8,11,3,halfling,1,0
8,11,3,warrior,2,1500
8,11,3,ranger,2,1500
8,11,3,rogue,1,0
8,11,4,human,1,0
8,11,4,dwarf,1,0
8,11,4,orc,2,1000
8,11,4,halfling,2,1000
8,11,4,guardian,3,15
8,11,4,warrior,2,1500
8,11,4,ranger,1,0
8,11,5,human,1,0
8,11,5,orc,2,1000
8,11,5,halfling,1,0
8,11,5,guardian,2,15
8,11,5,warrior,1,0
8,11,5,rogue,1,0
8,11,6,human,3,1000
8,11,6,dwarf,2,10
8,11,6,halfling,1,0
8,11,6,guardian,2,15
8,11,6,warrior,1,0
8,11,6,ranger,2,1500
8,11,6,priest,1,0
8,11,7,human,1,0
8,11,7,dwarf,2,10
8,11,7,orc,3,1000
8,11,7,guardian,2,15
8,11,7,warrior,3,1500
8,11,7,rogue,1,0
8,12,0,human,1,0
8,12,0,elf,1,0
8,12,0,dwarf,2,10
8,12,0,orc,1,0
8,12,0,dragonkin,1,0
8,12,0,guardian,3,15
8,12,0,warrior,2,1500
8,12,0,ranger,1,0
8,12,1,human,1,0
8,12,1,elf,2,1000
8,12,1,dwarf,2,10
8,12,1,orc,1,0
8,12,1,guardian,1,0
8,12,1,warrior,2,1500
8,12,1,ranger,1,0
8,12,1,rogue,2,1500
8,12,2,human,2,1000
8,12,2,dwarf,1,0
8,12,2,orc,2,1000
8,12,2,dragonkin,1,0
8,12,2,guardian,2,15
8,12,2,warrior,2,1500
8,12,2,mage,1,0
8,12,2,priest,1,0
8,12,3,elf,1,0
8,12,3,dwarf,2,10
8,12,3,orc,1,0
8,12,3,halfling,1,0
8,12,3,warrior,2,1500
8,12,3,ranger,2,1500
8,12,3,rogue,1,0
8,12,4,human,1,0
8,12,4,dwarf,1,0
8,12,4,orc,2,1000
8,12,4,halfling,2,1000
8,12,4,guardian,3,15
8,12,4,warrior,2,1500
8,12,4,ranger,1,0
8,12,5,human,1,0
8,12,5,orc,2,1000
8,12,5,halfling,1,0
8,12,5,guardian,2,15
8,12,5,warrior,1,0
8,12,5,rogue,1,0
8,12,6,human,3,1000
8,12,6,dwarf,2,10
8,12,6,halfling,1,0
8,12,6,guardian,2,15
8,12,6,warrior,1,0
8,12,6,ranger,2,1500
8,12,6,priest,1,0
8,12,7,human,1,0
8,12,7,dwarf,2,10
8,12,7,orc,3,1000
8,12,7,guardian,2,15
8,12,7,warrior,3,1500
8,12,7,rogue,1,0
8,13,0,human,1,0
8,13,0,elf,1,0
8,13,0,dwarf,2,10
8,13,0,orc,1,0
8,13,0,dragonkin,1,0
8,13,0,guardian,3,15
8,13,0,warrior,2,1500
8,13,0,ranger,1,0
8,13,1,human,1,0
8,13,1,elf,2,1000
8,13,1,dwarf,2,10
8,13,1,orc,1,0
8,13,1,guardian,1,0
8,13,1,warrior,2,1500
8,13,1,ranger,1,0
8,13,1,rogue,2,1500
8,13,2,human,2,1000
8,13,2,dwarf,1,0
8,13,2,orc,2,1000
8,13,2,guardian,1,0
8,13,2,warrior,2,1500
8,13,2,mage,1,0
8,13,2,priest,1,0
8,13,3,elf,1,0
8,13,3,dwarf,2,10
8,13,3,orc,1,0
8,13,3,halfling,1,0
8,13,3,warrior,2,1500
8,13,3,ranger,2,1500
8,13,3,rogue,1,0
8,13,4,human,1,0
8,13,4,dwarf,1,0
8,13,4,orc,2,1000
8,13,4,halfling,2,1000
8,13,4,guardian,3,15
8,13,4,warrior,2,1500
8,13,4,ranger,1,0
8,13,5,human,1,0
8,13,5,orc,2,1000
8,13,5,halfling,1,0
8,13,5,guardian,2,15
8,13,5,warrior,1,0
8,13,5,rogue,1,0
8,13,6,human,3,1000
8,13,6,dwarf,2,10
8,13,6,halfling,1,0
8,13,6,guardian,2,15
8,13,6,warrior,1,0
8,13,6,ranger,2,1500
8,13,6,priest,1,0
8,13,7,elf,1,0
8,13,7,dwarf,2,10
8,13,7,orc,2,1000
8,13,7,dragonkin,1,0
8,13,7,guardian,3,15
8,13,7,warrior,2,1500
8,13,7,ranger,1,0
8,14,0,human,1,0
8,14,0,elf,1,0
8,14,0,dwarf,2,10
8,14,0,orc,1,0
8,14,0,dragonkin,1,0
8,14,0,guardian,3,15
8,14,0,warrior,2,1500
8,14,0,ranger,1,0
8,14,1,human,1,0
8,14,1,elf,2,1000
8,14,1,dwarf,2,10
8,14,1,orc,1,0
8,14,1,guardian,1,0
8,14,1,warrior,2,1500
8,14,1,ranger,1,0
8,14,1,rogue,2,1500
8,14,2,human,2,1000
8,14,2,dwarf,1,0
8,14,2,orc,2,1000
8,14,2,guardian,1,0
8,14,2,warrior,2,1500
8,14,2,mage,1,0
8,14,2,priest,1,0
8,14,3,elf,1,0
8,14,3,dwarf,2,10
8,14,3,orc,1,0
8,14,3,halfling,1,0
8,14,3,warrior,2,1500
8,14,3,ranger,2,1500
8,14,3,rogue,1,0
8,14,4,human,1,0
8,14,4,dwarf,1,0
8,14,4,orc,2,1000
8,14,4,halfling,2,1000
8,14,4,guardian,3,15
8,14,4,warrior,2,1500
8,14,4,ranger,1,0
8,14,5,human,1,0
8,14,5,orc,2,1000
8,14,5,halfling,1,0
8,14,5,guardian,2,15
8,14,5,warrior,1,0
8,14,5,rogue,1,0
8,14,6,human,2,1000
8,14,6,dwarf,2,10
8,14,6,orc,1,0
8,14,6,halfling,1,0
8,14,6,guardian,2,15
8,14,6,warrior,2,1500
8,14,6,ranger,1,0
8,14,6,priest,1,0
8,14,7,elf,1,0
8,14,7,dwarf,2,10
8,14,7,orc,2,1000
8,14,7,dragonkin,1,0
8,14,7,guardian,3,15
8,14,7,warrior,2,1500
8,14,7,ranger,1,0
8,15,0,human,1,0
8,15,0,elf,1,0
8,15,0,dwarf,2,10
8,15,0,orc,1,0
8,15,0,dragonkin,1,0
8,15,0,guardian,3,15
8,15,0,warrior,2,1500
8,15,0,ranger,1,0
8,15,1,human,1,0
8,15,1,elf,2,1000
8,15,1,dwarf,2,10
8,15,1,orc,1,0
8,15,1,guardian,1,0
8,15,1,warrior,2,1500
8,15,1,ranger,1,0
8,15,1,rogue,2,1500
8,15,2,human,2,1000
8,15,2,dwarf,1,0
8,15,2,orc,2,1000
8,15,2,guardian,1,0
8,15,2,warrior,2,1500
8,15,2,mage,1,0
8,15,2,priest,1,0
8,15,3,human,1,0
8,15,3,dwarf,2,10
8,15,3,orc,1,0
8,15,3,halfling,1,0
8,15,3,guardian,1,0
8,15,3,warrior,2,1500
8,15,3,ranger,1,0
8,15,3,rogue,1,0
8,15,4,human,1,0
8,15,4,dwarf,1,0
8,15,4,orc,2,1000
8,15,4,halfling,2,1000
8,15,4,guardian,3,15
8,15,4,warrior,2,1500
8,15,4,ranger,1,0
8,15,5,human,1,0
8,15,5,orc,2,1000
8,15,5,halfling,1,0
8,15,5,guardian,2,15
8,15,5,warrior,1,0
8,15,5,rogue,1,0
8,15,6,human,2,1000
8,15,6,dwarf,2,10
8,15,6,orc,1,0
8,15,6,halfling,1,0
8,15,6,guardian,2,15
8,15,6,warrior,2,1500
8,15,6,ranger,1,0
8,15,6,priest,1,0
8,15,7,elf,1,0
8,15,7,dwarf,2,10
8,15,7,orc,2,1000
8,15,7,dragonkin,1,0
8,15,7,guardian,3,15
8,15,7,warrior,2,1500
8,15,7,ranger,1,0
8,16,0,human,1,0
8,16,0,elf,1,0
8,16,0,dwarf,2,10
8,16,0,orc,1,0
8,16,0,dragonkin,1,0
8,16,0,guardian,3,15
8,16,0,warrior,2,1500
8,16,0,ranger,1,0
8,16,1,human,1,0
8,16,1,elf,2,1000
8,16,1,dwarf,2,10
8,16,1,orc,1,0
8,16,1,guardian,1,0
8,16,1,warrior,2,1500
8,16,1,ranger,1,0
8,16,1,rogue,2,1500
8,16,2,human,2,1000
8,16,2,dwarf,1,0
8,16,2,orc,2,1000
8,16,2,guardian,1,0
8,16,2,warrior,2,1500
8,16,2,mage,1,0
8,16,2,priest,1,0
8,16,3,human,1,0
8,16,3,dwarf,2,10
8,16,3,orc,1,0
8,16,3,halfling,1,0
8,16,3,guardian,1,0
8,16,3,warrior,2,1500
8,16,3,ranger,1,0
8,16,3,rogue,1,0
8,16,4,human,1,0
8,16,4,dwarf,1,0
8,16,4,orc,2,1000
8,16,4,halfling,2,1000
8,16,4,guardian,3,15
8,16,4,warrior,2,1500
8,16,4,ranger,1,0
8,16,5,human,1,0
8,16,5,orc,2,1000
8,16,5,halfling,1,0
8,16,5,guardian,2,15
8,16,5,warrior,1,0
8,16,5,rogue,1,0
8,16,6,human,2,1000
8,16,6,dwarf,2,10
8,16,6,orc,1,0
8,16,6,halfling,1,0
8,16,6,guardian,2,15
8,16,6,warrior,2,1500
8,16,6,ranger,1,0
8,16,6,priest,1,0
8,16,7,elf,1,0
8,16,7,dwarf,2,10
8,16,7,orc,2,1000
8,16,7,dragonkin,1,0
8,16,7,guardian,3,15
8,16,7,warrior,2,1500
8,16,7,ranger,1,0
8,17,0,human,1,0
8,17,0,elf,1,0
8,17,0,dwarf,2,10
8,17,0,orc,1,0
8,17,0,dragonkin,1,0
8,17,0,guardian,3,15
8,17,0,warrior,2,1500
8,17,0,ranger,1,0
8,17,1,human,1,0
8,17,1,elf,2,1000
8,17,1,dwarf,2,10
8,17,1,orc,1,0
8,17,1,guardian,1,0
8,17,1,warrior,2,1500
8,17,1,ranger,1,0
8,17,1,rogue,2,1500
8,17,2,human,2,1000
8,17,2,dwarf,1,0
8,17,2,orc,2,1000
8,17,2,guardian,1,0
8,17,2,warrior,2,1500
8,17,2,mage,1,0
8,17,2,priest,1,0
8,17,3,human,1,0
8,17,3,dwarf,2,10
8,17,3,orc,1,0
8,17,3,halfling,1,0
8,17,3,guardian,1,0
8,17,3,warrior,2,1500
8,17,3,ranger,1,0
8,17,3,rogue,1,0
8,17,4,human,1,0
8,17,4,dwarf,1,0
8,17,4,orc,2,1000
8,17,4,halfling,2,1000
8,17,4,guardian,3,15
8,17,4,warrior,2,1500
8,17,4,ranger,1,0
8,17,5,human,1,0
8,17,5,orc,2,1000
8,17,5,halfling,1,0
8,17,5,guardian,2,15
8,17,5,warrior,1,0
8,17,5,rogue,1,0
8,17,6,human,2,1000
8,17,6,dwarf,2,10
8,17,6,orc,1,0
8,17,6,halfling,1,0
8,17,6,guardian,2,15
8,17,6,warrior,2,1500
8,17,6,ranger,1,0
8,17,6,priest,1,0
8,17,7,elf,1,0
8,17,7,dwarf,2,10
8,17,7,orc,2,1000
8,17,7,dragonkin,1,0
8,17,7,guardian,3,15
8,17,7,warrior,2,1500
8,17,7,ranger,1,0
8,18,0,human,1,0
8,18,0,elf,1,0
8,18,0,dwarf,2,10
8,18,0,orc,1,0
8,18,0,dragonkin,1,0
8,18,0,guardian,3,15
8,18,0,warrior,2,1500
8,18,0,ranger,1,0
8,18,1,human,1,0
8,18,1,elf,2,1000
8,18,1,dwarf,2,10
8,18,1,orc,1,0
8,18,1,guardian,1,0
8,18,1,warrior,2,1500
8,18,1,ranger,1,0
8,18,1,rogue,2,1500
8,18,2,human,2,1000
8,18,2,dwarf,1,0
8,18,2,orc,2,1000
8,18,2,guardian,1,0
8,18,2,warrior,2,1500
8,18,2,mage,1,0
8,18,2,priest,1,0
8,18,3,human,1,0
8,18,3,dwarf,2,10
8,18,3,orc,1,0
8,18,3,halfling,1,0
8,18,3,guardian,1,0
8,18,3,warrior,2,1500
8,18,3,ranger,1,0
8,18,3,rogue,1,0
8,18,4,human,1,0
8,18,4,dwarf,1,0
8,18,4,orc,2,1000
8,18,4,halfling,2,1000
8,18,4,guardian,3,15
8,18,4,warrior,2,1500
8,18,4,ranger,1,0
8,18,5,human,1,0
8,18,5,elf,1,0
8,18,5,orc,2,1000
8,18,5,halfling,1,0
8,18,5,guardian,2,15
8,18,5,warrior,1,0
8,18,5,ranger,1,0
8,18,5,rogue,1,0
8,18,6,human,2,1000
8,18,6,dwarf,2,10
8,18,6,orc,1,0
8,18,6,halfling,1,0
8,18,6,guardian,2,15
8,18,6,warrior,2,1500
8,18,6,ranger,1,0
8,18,6,priest,1,0
8,18,7,elf,1,0
8,18,7,dwarf,2,10
8,18,7,orc,2,1000
8,18,7,dragonkin,1,0
8,18,7,guardian,3,15
8,18,7,warrior,2,1500
8,18,7,ranger,1,0
8,19,0,human,1,0
8,19,0,elf,1,0
8,19,0,dwarf,2,10
8,19,0,orc,1,0
8,19,0,dragonkin,1,0
8,19,0,guardian,3,15
8,19,0,warrior,2,1500
8,19,0,ranger,1,0
8,19,1,human,1,0
8,19,1,elf,1,0
8,19,1,dwarf,2,10
8,19,1,orc,2,1000
8,19,1,guardian,1,0
8,19,1,warrior,3,1500
8,19,1,ranger,1,0
8,19,1,rogue,1,0
8,19,2,human,2,1000
8,19,2,dwarf,1,0
8,19,2,orc,2,1000
8,19,2,guardian,1,0
8,19,2,warrior,2,1500
8,19,2,mage,1,0
8,19,2,priest,1,0
8,19,3,human,1,0
8,19,3,dwarf,2,10
8,19,3,orc,1,0
8,19,3,halfling,1,0
8,19,3,guardian,1,0
8,19,3,warrior,2,1500
8,19,3,ranger,1,0
8,19,3,rogue,1,0
8,19,4,human,1,0
8,19,4,dwarf,1,0
8,19,4,orc,2,1000
8,19,4,halfling,2,1000
8,19,4,guardian,3,15
8,19,4,warrior,2,1500
8,19,4,ranger,1,0
8,19,5,human,1,0
8,19,5,elf,1,0
8,19,5,orc,2,1000
8,19,5,halfling,1,0
8,19,5,guardian,2,15
8,19,5,warrior,1,0
8,19,5,ranger,1,0
8,19,5,rogue,1,0
8,19,6,human,2,1000
8,19,6,dwarf,2,10
8,19,6,orc,1,0
8,19,6,halfling,1,0
8,19,6,guardian,2,15
8,19,6,warrior,2,1500
8,19,6,ranger,1,0
8,19,6,priest,1,0
8,19,7,elf,1,0
8,19,7,dwarf,2,10
8,19,7,orc,2,1000
8,19,7,dragonkin,1,0
8,19,7,guardian,3,15
8,19,7,warrior,2,1500
8,19,7,ranger,1,0
8,20,0,human,1,0
8,20,0,elf,1,0
8,20,0,dwarf,2,10
8,20,0,orc,1,0
8,20,0,dragonkin,1,0
8,20,0,guardian,3,15
8,20,0,warrior,2,1500
8,20,0,ranger,1,0
8,20,1,human,1,0
8,20,1,elf,1,0
8,20,1,dwarf,2,10
8,20,1,orc,2,1000
8,20,1,guardian,1,0
8,20,1,warrior,3,1500
8,20,1,ranger,1,0
8,20,1,rogue,1,0
8,20,2,human,2,1000
8,20,2,dwarf,1,0
8,20,2,orc,2,1000
8,20,2,guardian,1,0
8,20,2,warrior,2,1500
8,20,2,mage,1,0
8,20,2,priest,1,0
8,20,3,human,1,0
8,20,3,dwarf,2,10
8,20,3,orc,1,0
8,20,3,halfling,1,0
8,20,3,guardian,1,0
8,20,3,warrior,2,1500
8,20,3,ranger,1,0
8,20,3,rogue,1,0
8,20,4,human,1,0
8,20,4,dwarf,1,0
8,20,4,orc,2,1000
8,20,4,halfling,2,1000
8,20,4,guardian,3,15
8,20,4,warrior,2,1500
8,20,4,ranger,1,0
8,20,5,human,1,0
8,20,5,elf,1,0
8,20,5,orc,2,1000
8,20,5,halfling,1,0
8,20,5,guardian,2,15
8,20,5,warrior,1,0
8,20,5,ranger,1,0
8,20,5,rogue,1,0
8,20,6,human,2,1000
8,20,6,dwarf,2,10
8,20,6,orc,1,0
8,20,6,halfling,1,0
8,20,6,guardian,2,15
8,20,6,warrior,2,1500
8,20,6,ranger,1,0
8,20,6,priest,1,0
8,20,7,elf,1,0
8,20,7,dwarf,2,10
8,20,7,orc,2,1000
8,20,7,dragonkin,1,0
8,20,7,guardian,3,15
8,20,7,warrior,2,1500
8,20,7,ranger,1,0
8,21,0,human,1,0
8,21,0,elf,1,0
8,21,0,dwarf,2,10
8,21,0,orc,1,0
8,21,0,dragonkin,1,0
8,21,0,guardian,3,15
8,21,0,warrior,2,1500
8,21,0,ranger,1,0
8,21,1,human,1,0
8,21,1,elf,1,0
8,21,1,dwarf,2,10
8,21,1,orc,2,1000
8,21,1,guardian,1,0
8,21,1,warrior,3,1500
8,21,1,ranger,1,0
8,21,1,rogue,1,0
8,21,2,human,2,1000
8,21,2,dwarf,1,0
8,21,2,orc,2,1000
8,21,2,guardian,1,0
8,21,2,warrior,2,1500
8,21,2,mage,1,0
8,21,2,priest,1,0
8,21,3,human,1,0
8,21,3,dwarf,2,10
8,21,3,orc,1,0
8,21,3,halfling,1,0
8,21,3,guardian,1,0
8,21,3,warrior,2,1500
8,21,3,ranger,1,0
8,21,3,rogue,1,0
8,21,4,human,1,0
8,21,4,dwarf,1,0
8,21,4,orc,2,1000
8,21,4,halfling,2,1000
8,21,4,guardian,3,15
8,21,4,warrior,2,1500
8,21,4,ranger,1,0
8,21,5,human,1,0
8,21,5,elf,1,0
8,21,5,orc,2,1000
8,21,5,halfling,1,0
8,21,5,guardian,2,15
8,21,5,warrior,1,0
8,21,5,ranger,1,0
8,21,5,rogue,1,0
8,21,6,human,2,1000
8,21,6,dwarf,2,10
8,21,6,orc,2,1000
8,21,6,guardian,3,15
8,21,6,warrior,2,1500
8,21,6,priest,1,0
8,21,7,elf,1,0
8,21,7,dwarf,2,10
8,21,7,orc,2,1000
8,21,7,dragonkin,1,0
8,21,7,guardian,3,15
8,21,7,warrior,2,1500
8,21,7,ranger,1,0
8,22,0,human,1,0
8,22,0,elf,1,0
8,22,0,dwarf,2,10
8,22,0,orc,1,0
8,22,0,dragonkin,1,0
8,22,0,guardian,3,15
8,22,0,warrior,2,1500
8,22,0,ranger,1,0
8,22,1,human,1,0
8,22,1,elf,1,0
8,22,1,dwarf,2,10
8,22,1,orc,2,1000
8,22,1,guardian,1,0
8,22,1,warrior,3,1500
8,22,1,ranger,1,0
8,22,1,rogue,1,0
8,22,2,human,2,1000
8,22,2,dwarf,1,0
8,22,2,orc,2,1000
8,22,2,guardian,1,0
8,22,2,warrior,2,1500
8,22,2,mage,1,0
8,22,2,priest,1,0
8,22,3,human,1,0
8,22,3,dwarf,2,10
8,22,3,orc,1,0
8,22,3,halfling,1,0
8,22,3,guardian,1,0
8,22,3,warrior,2,1500
8,22,3,ranger,1,0
8,22,3,rogue,1,0
8,22,4,human,1,0
8,22,4,dwarf,1,0
8,22,4,orc,2,1000
8,22,4,halfling,2,1000
8,22,4,guardian,3,15
8,22,4,warrior,2,1500
8,22,4,ranger,1,0
8,22,5,human,1,0
8,22,5,elf,1,0
8,22,5,orc,2,1000
8,22,5,halfling,1,0
8,22,5,guardian,2,15
8,22,5,warrior,1,0
8,22,5,ranger,1,0
8,22,5,rogue,1,0
8,22,6,human,2,1000
8,22,6,dwarf,2,10
8,22,6,orc,2,1000
8,22,6,guardian,3,15
8,22,6,warrior,2,1500
8,22,6,priest,1,0
8,22,7,elf,1,0
8,22,7,dwarf,2,10
8,22,7,orc,2,1000
8,22,7,dragonkin,1,0
8,22,7,guardian,3,15
8,22,7,warrior,2,1500
8,22,7,ranger,1,0
8,23,0,human,1,0
8,23,0,elf,1,0
8,23,0,dwarf,2,10
8,23,0,orc,1,0
8,23,0,dragonkin,1,0
8,23,0,guardian,3,15
8,23,0,warrior,2,1500
8,23,0,ranger,1,0
8,23,1,human,1,0
8,23,1,elf,1,0
8,23,1,dwarf,2,10
8,23,1,orc,2,1000
8,23,1,guardian,1,0
8,23,1,warrior,3,1500
8,23,1,ranger,1,0
8,23,1,rogue,1,0
8,23,2,human,2,1000
8,23,2,dwarf,1,0
8,23,2,orc,2,1000
8,23,2,guardian,1,0
8,23,2,warrior,2,1500
8,23,2,mage,1,0
8,23,2,priest,1,0
8,23,3,human,1,0
8,23,3,dwarf,2,10
8,23,3,orc,1,0
8,23,3,halfling,1,0
8,23,3,guardian,1,0
8,23,3,warrior,2,1500
8,23,3,ranger,1,0
8,23,3,rogue,1,0
8,23,4,human,1,0
8,23,4,dwarf,1,0
8,23,4,orc,2,1000
8,23,4,halfling,2,1000
8,23,4,guardian,3,15
8,23,4,warrior,2,1500
8,23,4,ranger,1,0
8,23,5,human,1,0
8,23,5,elf,1,0
8,23,5,orc,2,1000
8,23,5,halfling,1,0
8,23,5,guardian,2,15
8,23,5,warrior,1,0
8,23,5,ranger,1,0
8,23,5,rogue,1,0
8,23,6,human,2,1000
8,23,6,dwarf,2,10
8,23,6,orc,2,1000
8,23,6,guardian,3,15
8,23,6,warrior,2,1500
8,23,6,priest,1,0
8,23,7,elf,1,0
8,23,7,dwarf,2,10
8,23,7,orc,2,1000
8,23,7,dragonkin,1,0
8,23,7,guardian,3,15
8,23,7,warrior,2,1500
8,23,7,ranger,1,0
8,24,0,human,1,0
8,24,0,elf,1,0
8,24,0,dwarf,2,10
8,24,0,orc,1,0
8,24,0,dragonkin,1,0
8,24,0,guardian,3,15
8,24,0,warrior,2,1500
8,24,0,ranger,1,0
8,24,1,human,1,0
8,24,1,elf,1,0
8,24,1,dwarf,2,10
8,24,1,orc,2,1000
8,24,1,guardian,1,0
8,24,1,warrior,3,1500
8,24,1,ranger,1,0
8,24,1,rogue,1,0
8,24,2,human,2,1000
8,24,2,dwarf,1,0
8,24,2,orc,2,1000
8,24,2,guardian,1,0
8,24,2,warrior,2,1500
8,24,2,mage,1,0
8,24,2,priest,1,0
8,24,3,human,1,0
8,24,3,dwarf,2,10
8,24,3,orc,1,0
8,24,3,halfling,1,0
8,24,3,guardian,1,0
8,24,3,warrior,2,1500
8,24,3,ranger,1,0
8,24,3,rogue,1,0
8,24,4,human,1,0
8,24,4,dwarf,1,0
8,24,4,orc,2,1000
8,24,4,halfling,2,1000
8,24,4,guardian,3,15
8,24,4,warrior,2,1500
8,24,4,ranger,1,0
8,24,5,human,1,0
8,24,5,elf,1,0
8,24,5,orc,2,1000
8,24,5,halfling,1,0
8,24,5,guardian,2,15
8,24,5,warrior,1,0
8,24,5,ranger,1,0
8,24,5,rogue,1,0
8,24,6,human,2,1000
8,24,6,dwarf,2,10
8,24,6,orc,2,1000
8,24,6,guardian,3,15
8,24,6,warrior,2,1500
8,24,6,priest,1,0
8,24,7,elf,1,0
8,24,7,dwarf,2,10
8,24,7,orc,2,1000
8,24,7,dragonkin,1,0
8,24,7,guardian,3,15
8,24,7,warrior,2,1500
8,24,7,ranger,1,0
8,25,0,human,1,0
8,25,0,elf,1,0
8,25,0,dwarf,2,10
8,25,0,orc,1,0
8,25,0,dragonkin,1,0
8,25,0,guardian,3,15
8,25,0,warrior,2,1500
8,25,0,ranger,1,0
8,25,1,human,1,0
8,25,1,elf,1,0
8,25,1,dwarf,2,10
8,25,1,orc,2,1000
8,25,1,guardian,1,0
8,25,1,warrior,3,1500
8,25,1,ranger,1,0
8,25,1,rogue,1,0
8,25,2,human,2,1000
8,25,2,dwarf,1,0
8,25,2,orc,2,1000
8,25,2,guardian,1,0
8,25,2,warrior,2,1500
8,25,2,mage,1,0
8,25,2,priest,1,0
8,25,3,human,1,0
8,25,3,dwarf,2,10
8,25,3,orc,1,0
8,25,3,halfling,1,0
8,25,3,guardian,1,0
8,25,3,warrior,2,1500
8,25,3,ranger,1,0
8,25,3,rogue,1,0
8,25,4,human,1,0
8,25,4,dwarf,1,0
8,25,4,orc,2,1000
8,25,4,halfling,2,1000
8,25,4,guardian,3,15
8,25,4,warrior,2,1500
8,25,4,ranger,1,0
8,25,5,human,1,0
8,25,5,elf,1,0
8,25,5,orc,2,1000
8,25,5,halfling,1,0
8,25,5,guardian,2,15
8,25,5,warrior,1,0
8,25,5,ranger,1,0
8,25,5,rogue,1,0
8,25,6,human,2,1000
8,25,6,dwarf,2,10
8,25,6,orc,2,1000
8,25,6,guardian,3,15
8,25,6,warrior,2,1500
8,25,6,priest,1,0
8,25,7,elf,1,0
8,25,7,dwarf,2,10
8,25,7,orc,2,1000
8,25,7,dragonkin,1,0
8,25,7,guardian,3,15
8,25,7,warrior,2,1500
8,25,7,ranger,1,0
8,26,0,human,1,0
8,26,0,elf,1,0
8,26,0,dwarf,2,10
8,26,0,orc,1,0
8,26,0,dragonkin,1,0
8,26,0,guardian,3,15
8,26,0,warrior,2,1500
8,26,0,ranger,1,0
8,26,1,human,1,0
8,26,1,elf,1,0
8,26,1,dwarf,2,10
8,26,1,orc,2,1000
8,26,1,guardian,1,0
8,26,1,warrior,3,1500
8,26,1,ranger,1,0
8,26,1,rogue,1,0
8,26,2,human,2,1000
8,26,2,dwarf,1,0
8,26,2,orc,2,1000
8,26,2,guardian,1,0
8,26,2,warrior,2,1500
8,26,2,mage,1,0
8,26,2,priest,1,0
8,26,3,human,1,0
8,26,3,dwarf,2,10
8,26,3,orc,1,0
8,26,3,halfling,1,0
8,26,3,guardian,1,0
8,26,3,warrior,2,1500
8,26,3,ranger,1,0
8,26,3,rogue,1,0
8,26,4,human,1,0
8,26,4,dwarf,1,0
8,26,4,orc,2,1000
8,26,4,halfling,2,1000
8,26,4,guardian,3,15
8,26,4,warrior,2,1500
8,26,4,ranger,1,0
8,26,5,human,1,0
8,26,5,elf,1,0
8,26,5,orc,2,1000
8,26,5,halfling,1,0
8,26,5,guardian,2,15
8,26,5,warrior,1,0
8,26,5,ranger,1,0
8,26,5,rogue,1,0
8,26,6,human,2,1000
8,26,6,dwarf,2,10
8,26,6,orc,2,1000
8,26,6,guardian,3,15
8,26,6,warrior,2,1500
8,26,6,priest,1,0
8,26,7,elf,1,0
8,26,7,dwarf,2,10
8,26,7,orc,2,1000
8,26,7,dragonkin,1,0
8,26,7,guardian,3,15
8,26,7,warrior,2,1500
8,26,7,ranger,1,0
8,27,0,human,1,0
8,27,0,elf,1,0
8,27,0,dwarf,2,10
8,27,0,orc,1,0
8,27,0,dragonkin,1,0
8,27,0,guardian,3,15
8,27,0,warrior,2,1500
8,27,0,ranger,1,0
8,27,1,human,1,0
8,27,1,elf,1,0
8,27,1,dwarf,2,10
8,27,1,orc,2,1000
8,27,1,guardian,1,0
8,27,1,warrior,3,1500
8,27,1,ranger,1,0
8,27,1,rogue,1,0
8,27,2,human,2,1000
8,27,2,dwarf,1,0
8,27,2,orc,2,1000
8,27,2,guardian,1,0
8,27,2,warrior,2,1500
8,27,2,mage,1,0
8,27,2,priest,1,0
8,27,3,human,1,0
8,27,3,dwarf,2,10
8,27,3,orc,1,0
8,27,3,halfling,1,0
8,27,3,guardian,1,0
8,27,3,warrior,2,1500
8,27,3,ranger,1,0
8,27,3,rogue,1,0
8,27,4,human,1,0
8,27,4,dwarf,1,0
8,27,4,orc,2,1000
8,27,4,halfling,2,1000
8,27,4,guardian,3,15
8,27,4,warrior,2,1500
8,27,4,ranger,1,0
8,27,5,human,1,0
8,27,5,elf,1,0
8,27,5,orc,2,1000
8,27,5,halfling,1,0
8,27,5,guardian,2,15
8,27,5,warrior,1,0
8,27,5,ranger,1,0
8,27,5,rogue,1,0
8,27,6,human,2,1000
8,27,6,dwarf,2,10
8,27,6,orc,2,1000
8,27,6,guardian,3,15
8,27,6,warrior,2,1500
8,27,6,priest,1,0
8,27,7,elf,1,0
8,27,7,dwarf,2,10
8,27,7,orc,2,1000
8,27,7,dragonkin,1,0
8,27,7,guardian,3,15
8,27,7,warrior,2,1500
8,27,7,ranger,1,0
8,28,0,human,1,0
8,28,0,elf,1,0
8,28,0,dwarf,2,10
8,28,0,orc,1,0
8,28,0,dragonkin,1,0
8,28,0,guardian,3,15
8,28,0,warrior,2,1500
8,28,0,ranger,1,0
8,28,1,human,1,0
8,28,1,elf,1,0
8,28,1,dwarf,2,10
8,28,1,orc,2,1000
8,28,1,guardian,1,0
8,28,1,warrior,3,1500
8,28,1,ranger,1,0
8,28,1,rogue,1,0
8,28,2,human,2,1000
8,28,2,dwarf,1,0
8,28,2,orc,2,1000
8,28,2,guardian,1,0
8,28,2,warrior,2,1500
8,28,2,mage,1,0
8,28,2,priest,1,0
8,28,3,human,1,0
8,28,3,dwarf,2,10
8,28,3,orc,1,0
8,28,3,halfling,1,0
8,28,3,guardian,1,0
8,28,3,warrior,2,1500
8,28,3,ranger,1,0
8,28,3,rogue,1,0
8,28,4,human,1,0
8,28,4,dwarf,1,0
8,28,4,orc,2,1000
8,28,4,halfling,2,1000
8,28,4,guardian,3,15
8,28,4,warrior,2,1500
8,28,4,ranger,1,0
8,28,5,human,1,0
8,28,5,elf,1,0
8,28,5,orc,2,1000
8,28,5,halfling,1,0
8,28,5,guardian,2,15
8,28,5,warrior,1,0
8,28,5,ranger,1,0
8,28,5,rogue,1,0
8,28,6,human,2,1000
8,28,6,dwarf,2,10
8,28,6,orc,2,1000
8,28,6,guardian,3,15
8,28,6,warrior,2,1500
8,28,6,priest,1,0
8,28,7,elf,1,0
8,28,7,dwarf,2,10
8,28,7,orc,2,1000
8,28,7,dragonkin,1,0
8,28,7,guardian,3,15
8,28,7,warrior,2,1500
8,28,7,ranger,1,0
8,29,0,human,1,0
8,29,0,elf,1,0
8,29,0,dwarf,2,10
8,29,0,orc,1,0
8,29,0,dragonkin,1,0
8,29,0,guardian,3,15
8,29,0,warrior,2,1500
8,29,0,ranger,1,0
8,29,1,human,1,0
8,29,1,elf,1,0
8,29,1,dwarf,2,10
8,29,1,orc,2,1000
8,29,1,guardian,1,0
8,29,1,warrior,3,1500
8,29,1,ranger,1,0
8,29,1,rogue,1,0
8,29,2,human,2,1000
8,29,2,dwarf,1,0
8,29,2,orc,2,1000
8,29,2,guardian,1,0
8,29,2,warrior,2,1500
8,29,2,mage,1,0
8,29,2,priest,1,0
8,29,3,human,1,0
8,29,3,dwarf,2,10
8,29,3,orc,1,0
8,29,3,halfling,1,0
8,29,3,guardian,1,0
8,29,3,warrior,2,1500
8,29,3,ranger,1,0
8,29,3,rogue,1,0
8,29,4,human,1,0
8,29,4,dwarf,1,0
8,29,4,orc,2,1000
8,29,4,halfling,2,1000
8,29,4,guardian,3,15
8,29,4,warrior,2,1500
8,29,4,ranger,1,0
8,29,5,human,1,0
8,29,5,elf,1,0
8,29,5,orc,2,1000
8,29,5,halfling,1,0
8,29,5,guardian,2,15
8,29,5,warrior,1,0
8,29,5,ranger,1,0
8,29,5,rogue,1,0
8,29,6,human,2,1000
8,29,6,dwarf,2,10
8,29,6,orc,2,1000
8,29,6,guardian,3,15
8,29,6,warrior,2,1500
8,29,6,priest,1,0
8,29,7,elf,1,0
8,29,7,dwarf,2,10
8,29,7,orc,2,1000
8,29,7,dragonkin,1,0
8,29,7,guardian,3,15
8,29,7,warrior,2,1500
8,29,7,ranger,1,0
8,30,0,human,1,0
8,30,0,elf,1,0
8,30,0,dwarf,2,10
8,30,0,orc,1,0
8,30,0,dragonkin,1,0
8,30,0,guardian,3,15
8,30,0,warrior,2,1500
8,30,0,ranger,1,0
8,30,1,human,1,0
8,30,1,elf,1,0
8,30,1,dwarf,2,10
8,30,1,orc,2,1000
8,30,1,guardian,1,0
8,30,1,warrior,3,1500
8,30,1,ranger,1,0
8,30,1,rogue,1,0
8,30,2,human,2,1000
8,30,2,dwarf,1,0
8,30,2,orc,2,1000
8,30,2,guardian,1,0
8,30,2,warrior,2,1500
8,30,2,mage,1,0
8,30,2,priest,1,0
8,30,3,human,1,0
8,30,3,dwarf,2,10
8,30,3,orc,1,0
8,30,3,halfling,1,0
8,30,3,guardian,1,0
8,30,3,warrior,2,1500
8,30,3,ranger,1,0
8,30,3,rogue,1,0
8,30,4,human,1,0
8,30,4,dwarf,1,0
8,30,4,orc,2,1000
8,30,4,halfling,2,1000
8,30,4,guardian,3,15
8,30,4,warrior,2,1500
8,30,4,ranger,1,0
8,30,5,human,1,0
8,30,5,elf,1,0
8,30,5,orc,2,1000
8,30,5,halfling,1,0
8,30,5,guardian,2,15
8,30,5,warrior,1,0
8,30,5,ranger,1,0
8,30,5,rogue,1,0
8,30,6,human,2,1000
8,30,6,dwarf,2,10
8,30,6,orc,2,1000
8,30,6,guardian,3,15
8,30,6,warrior,2,1500
8,30,6,priest,1,0
8,30,7,elf,1,0
8,30,7,dwarf,2,10
8,30,7,orc,2,1000
8,30,7,dragonkin,1,0
8,30,7,guardian,3,15
8,30,7,warrior,2,1500
8,30,7,ranger,1,0
8,31,0,human,1,0
8,31,0,elf,1,0
8,31,0,dwarf,2,10
8,31,0,orc,1,0
8,31,0,dragonkin,1,0
8,31,0,guardian,3,15
8,31,0,warrior,2,1500
8,31,0,ranger,1,0
8,31,1,human,1,0
8,31,1,elf,1,0
8,31,1,dwarf,2,10
8,31,1,orc,2,1000
8,31,1,guardian,1,0
8,31,1,warrior,3,1500
8,31,1,ranger,1,0
8,31,1,rogue,1,0
8,31,2,human,2,1000
8,31,2,dwarf,1,0
8,31,2,orc,2,1000
8,31,2,guardian,1,0
8,31,2,warrior,2,1500
8,31,2,mage,1,0
8,31,2,priest,1,0
8,31,3,human,1,0
8,31,3,dwarf,2,10
8,31,3,orc,1,0
8,31,3,halfling,1,0
8,31,3,guardian,1,0
8,31,3,warrior,2,1500
8,31,3,ranger,1,0
8,31,3,rogue,1,0
8,31,4,human,1,0
8,31,4,dwarf,1,0
8,31,4,orc,2,1000
8,31,4,halfling,2,1000
8,31,4,guardian,3,15
8,31,4,warrior,2,1500
8,31,4,ranger,1,0
8,31,5,human,1,0
8,31,5,elf,1,0
8,31,5,orc,2,1000
8,31,5,halfling,1,0
8,31,5,guardian,2,15
8,31,5,warrior,1,0
8,31,5,ranger,1,0
8,31,5,rogue,1,0
8,31,6,human,2,1000
8,31,6,dwarf,2,10
8,31,6,orc,2,1000
8,31,6,guardian,3,15
8,31,6,warrior,2,1500
8,31,6,priest,1,0
8,31,7,elf,1,0
8,31,7,dwarf,2,10
8,31,7,orc,2,1000
8,31,7,dragonkin,1,0
8,31,7,guardian,3,15
8,31,7,warrior,2,1500
8,31,7,ranger,1,0
8,32,0,human,1,0
8,32,0,elf,1,0
8,32,0,dwarf,2,10
8,32,0,orc,1,0
8,32,0,dragonkin,1,0
8,32,0,guardian,3,15
8,32,0,warrior,2,1500
8,32,0,ranger,1,0
8,32,1,human,1,0
8,32,1,elf,1,0
8,32,1,dwarf,2,10
8,32,1,orc,2,1000
8,32,1,guardian,1,0
8,32,1,warrior,3,1500
8,32,1,ranger,1,0
8,32,1,rogue,1,0
8,32,2,human,2,1000
8,32,2,dwarf,1,0
8,32,2,orc,2,1000
8,32,2,guardian,1,0
8,32,2,warrior,2,1500
8,32,2,mage,1,0
8,32,2,priest,1,0
8,32,3,human,1,0
8,32,3,dwarf,2,10
8,32,3,orc,1,0
8,32,3,halfling,1,0
8,32,3,guardian,1,0
8,32,3,warrior,2,1500
8,32,3,ranger,1,0
8,32,3,rogue,1,0
8,32,4,human,1,0
8,32,4,dwarf,1,0
8,32,4,orc,2,1000
8,32,4,halfling,2,1000
8,32,4,guardian,3,15
8,32,4,warrior,2,1500
8,32,4,ranger,1,0
8,32,5,human,1,0
8,32,5,elf,1,0
8,32,5,orc,2,1000
8,32,5,halfling,1,0
8,32,5,guardian,2,15
8,32,5,warrior,1,0
8,32,5,ranger,1,0
8,32,5,rogue,1,0
8,32,6,human,2,1000
8,32,6,dwarf,2,10
8,32,6,orc,2,1000
8,32,6,guardian,3,15
8,32,6,warrior,2,1500
8,32,6,priest,1,0
8,32,7,elf,1,0
8,32,7,dwarf,2,10
8,32,7,orc,2,1000
8,32,7,dragonkin,1,0
8,32,7,guardian,3,15
8,32,7,warrior,2,1500
8,32,7,ranger,1,0
9,1,0,dwarf,1,0
9,1,0,orc,1,0
9,1,0,halfling,1,0
9,1,0,guardian,1,0
9,1,0,warrior,1,0
9,1,0,mage,1,0
9,1,1,human,1,0
9,1,1,dwarf,1,0
9,1,1,orc,1,0
9,1,1,halfling,1,0
9,1,1,guardian,3,15
9,1,1,mage,1,0
9,1,2,human,1,0
9,1,2,dwarf,1,0
9,1,2,dragonkin,1,0
9,1,2,guardian,2,15
9,1,2,ranger,1,0
9,1,3,human,1,0
9,1,3,dwarf,1,0
9,1,3,orc,1,0
9,1,3,guardian,2,15
9,1,3,warrior,1,0
9,1,4,dwarf,1,0
9,1,4,orc,1,0
9,1,4,halfling,1,0
9,1,4,guardian,1,0
9,1,4,warrior,1,0
9,1,4,ranger,1,0
9,1,5,human,1,0
9,1,5,dwarf,2,10
9,1,5,orc,1,0
9,1,5,guardian,1,0
9,1,5,warrior,1,0
9,1,5,ranger,1,0
9,1,5,priest,1,0
9,1,6,human,1,0
9,1,6,orc,1,0
9,1,6,warrior,2,1500
9,1,7,human,1,0
9,1,7,orc,1,0
9,1,7,warrior,1,0
9,1,7,rogue,1,0
9,2,0,dwarf,1,0
9,2,0,orc,2,1000
9,2,0,halfling,1,0
9,2,0,guardian,1,0
9,2,0,warrior,1,0
9,2,0,mage,2,2000
9,2,1,human,1,0
9,2,1,orc,1,0
9,2,1,halfling,2,1000
9,2,1,guardian,2,15
9,2,1,warrior,1,0
9,2,1,mage,1,0
9,2,2,human,1,0
9,2,2,dwarf,2,10
9,2,2,guardian,2,15
9,2,2,ranger,1,0
9,2,3,human,1,0
9,2,3,dwarf,1,0
9,2,3,orc,1,0
9,2,3,guardian,2,15
9,2,3,warrior,1,0
9,2,4,human,1,0
9,2,4,dwarf,1,0
9,2,4,orc,2,1000
9,2,4,guardian,2,15
9,2,4,warrior,2,1500
9,2,5,dwarf,2,10
9,2,5,orc,2,1000
9,2,5,guardian,2,15
9,2,5,warrior,1,0
9,2,5,ranger,1,0
9,2,6,human,2,1000
9,2,6,orc,1,0
9,2,6,guardian,1,0
9,2,6,warrior,2,1500
9,2,7,human,2,1000
9,2,7,orc,2,1000
9,2,7,guardian,1,0
9,2,7,warrior,2,1500
9,2,7,rogue,1,0
9,3,0,dwarf,2,10
9,3,0,orc,2,1000
9,3,0,halfling,1,0
9,3,0,guardian,1,0
9,3,0,warrior,1,0
9,3,0,mage,2,2000
9,3,0,priest,1,0
9,3,1,human,1,0
9,3,1,dwarf,2,10
9,3,1,halfling,2,1000
9,3,1,guardian,2,15
9,3,1,warrior,1,0
9,3,1,ranger,1,0
9,3,1,mage,1,0
9,3,2,human,2,1000
9,3,2,dwarf,2,10
9,3,2,guardian,2,15
9,3,2,ranger,1,0
9,3,2,priest,1,0
9,3,3,human,2,1000
9,3,3,dwarf,1,0
9,3,3,orc,1,0
9,3,3,guardian,2,15
9,3,3,warrior,2,1500
9,3,4,human,1,0
9,3,4,dwarf,1,0
9,3,4,orc,2,1000
9,3,4,halfling,1,0
9,3,4,guardian,2,15
9,3,4,warrior,2,1500
9,3,4,ranger,1,0
9,3,5,human,1,0
9,3,5,dwarf,2,10
9,3,5,orc,2,1000
9,3,5,guardian,3,15
9,3,5,warrior,1,0
9,3,5,ranger,1,0
9,3,6,human,2,1000
9,3,6,dwarf,2,10
9,3,6,guardian,2,15
9,3,6,warrior,2,1500
9,3,7,human,2,1000
9,3,7,orc,2,1000
9,3,7,dragonkin,1,0
9,3,7,guardian,2,15
9,3,7,warrior,2,1500
9,3,7,rogue,1,0
9,4,0,human,1,0
9,4,0,dwarf,1,0
9,4,0,orc,2,1000
9,4,0,halfling,1,0
9,4,0,guardian,2,15
9,4,0,warrior,1,0
9,4,0,mage,2,2000
9,4,1,dwarf,1,0
9,4,1,orc,2,1000
9,4,1,halfling,2,1000
9,4,1,guardian,1,0
9,4,1,warrior,1,0
9,4,1,ranger,1,0
9,4,1,rogue,1,0
9,4,1,mage,1,0
9,4,2,human,2,1000
9,4,2,dwarf,2,10
9,4,2,guardian,2,15
9,4,2,ranger,1,0
9,4,2,priest,1,0
9,4,3,human,2,1000
9,4,3,dwarf,2,10
9,4,3,orc,1,0
9,4,3,guardian,2,15
9,4,3,warrior,2,1500
9,4,3,ranger,1,0
9,4,4,human,1,0
9,4,4,dwarf,1,0
9,4,4,orc,2,1000
9,4,4,halfling,1,0
9,4,4,guardian,2,15
9,4,4,warrior,2,1500
9,4,4,ranger,1,0
9,4,5,human,1,0
9,4,5,dwarf,2,10
9,4,5,orc,2,1000
9,4,5,guardian,2,15
9,4,5,warrior,2,1500
9,4,5,ranger,1,0
9,4,6,human,2,1000
9,4,6,dwarf,2,10
9,4,6,guardian,2,15
9,4,6,warrior,2,1500
9,4,7,human,2,1000
9,4,7,orc,2,1000
9,4,7,dragonkin,1,0
9,4,7,guardian,2,15
9,4,7,warrior,2,1500
9,4,7,rogue,1,0
9,5,0,human,1,0
9,5,0,dwarf,2,10
9,5,0,orc,1,0
9,5,0,halfling,1,0
9,5,0,guardian,2,15
9,5,0,warrior,2,1500
9,5,0,mage,1,0
9,5,1,human,1,0
9,5,1,elf,1,0
9,5,1,dwarf,1,0
9,5,1,orc,1,0
9,5,1,halfling,1,0
9,5,1,warrior,2,1500
9,5,1,ranger,2,1500
9,5,1,rogue,1,0
9,5,2,human,2,1000
9,5,2,dwarf,2,10
9,5,2,guardian,2,15
9,5,2,ranger,1,0
9,5,2,priest,1,0
9,5,3,human,2,1000
9,5,3,dwarf,2,10
9,5,3,orc,1,0
9,5,3,guardian,2,15
9,5,3,warrior,2,1500
9,5,3,ranger,1,0
9,5,4,human,1,0
9,5,4,dwarf,1,0
9,5,4,orc,2,1000
9,5,4,halfling,1,0
9,5,4,guardian,2,15
9,5,4,warrior,2,1500
9,5,4,ranger,1,0
9,5,5,human,2,1000
9,5,5,dwarf,2,10
9,5,5,orc,1,0
9,5,5,guardian,2,15
9,5,5,warrior,2,1500
9,5,5,ranger,1,0
9,5,6,human,2,1000
9,5,6,dwarf,2,10
9,5,6,guardian,2,15
9,5,6,warrior,2,1500
9,5,7,human,2,1000
9,5,7,orc,2,1000
9,5,7,dragonkin,1,0
9,5,7,guardian,2,15
9,5,7,warrior,2,1500
9,5,7,rogue,1,0
9,6,0,human,1,0
9,6,0,dwarf,2,10
9,6,0,orc,1,0
9,6,0,halfling,1,0
9,6,0,guardian,2,15
9,6,0,warrior,2,1500
9,6,0,mage,1,0
9,6,1,human,1,0
9,6,1,elf,1,0
9,6,1,dwarf,1,0
9,6,1,orc,2,1000
9,6,1,warrior,1,0
9,6,1,ranger,2,1500
9,6,1,rogue,1,0
9,6,1,mage,1,0
9,6,2,human,1,0
9,6,2,dwarf,2,10
9,6,2,halfling,1,0
9,6,2,guardian,2,15
9,6,2,warrior,1,0
9,6,2,ranger,1,0
9,6,3,human,2,1000
9,6,3,dwarf,2,10
9,6,3,orc,1,0
9,6,3,guardian,2,15
9,6,3,warrior,2,1500
9,6,3,ranger,1,0
9,6,4,human,1,0
9,6,4,dwarf,1,0
9,6,4,orc,2,1000
9,6,4,halfling,1,0
9,6,4,guardian,2,15
9,6,4,warrior,2,1500
9,6,4,ranger,1,0
9,6,5,human,2,1000
9,6,5,dwarf,1,0
9,6,5,orc,2,1000
9,6,5,guardian,2,15
9,6,5,warrior,3,1500
9,6,6,human,2,1000
9,6,6,dwarf,2,10
9,6,6,guardian,2,15
9,6,6,warrior,2,1500
9,6,7,human,2,1000
9,6,7,dwarf,1,0
9,6,7,halfling,1,0
9,6,7,dragonkin,1,0
9,6,7,guardian,2,15
9,6,7,warrior,3,1500
9,7,0,elf,1,0
9,7,0,dwarf,2,10
9,7,0,orc,2,1000
9,7,0,halfling,1,0
9,7,0,guardian,2,15
9,7,0,warrior,1,0
9,7,0,ranger,1,0
9,7,0,mage,2,2000
9,7,1,human,1,0
9,7,1,elf,2,1000
9,7,1,orc,2,1000
9,7,1,halfling,1,0
9,7,1,warrior,2,1500
9,7,1,ranger,2,1500
9,7,1,rogue,2,1500
9,7,2,human,1,0
9,7,2,dwarf,2,10
9,7,2,halfling,1,0
9,7,2,guardian,2,15
9,7,2,warrior,1,0
9,7,2,ranger,1,0
9,7,3,human,2,1000
9,7,3,dwarf,1,0
9,7,3,orc,2,1000
9,7,3,guardian,2,15
9,7,3,warrior,2,1500
9,7,3,rogue,1,0
9,7,4,human,2,1000
9,7,4,dwarf,2,10
9,7,4,orc,1,0
9,7,4,halfling,1,0
9,7,4,guardian,3,15
9,7,4,warrior,2,1500
9,7,4,ranger,1,0
9,7,5,human,2,1000
9,7,5,dwarf,2,10
9,7,5,orc,2,1000
9,7,5,guardian,2,15
9,7,5,warrior,3,1500
9,7,5,ranger,1,0
9,7,6,human,2,1000
9,7,6,elf,1,0
9,7,6,dwarf,2,10
9,7,6,halfling,1,0
9,7,6,guardian,2,15
9,7,6,warrior,3,1500
9,7,6,ranger,1,0
9,7,7,human,2,1000
9,7,7,dwarf,1,0
9,7,7,halfling,2,1000
9,7,7,dragonkin,1,0
9,7,7,guardian,2,15
9,7,7,warrior,3,1500
9,7,7,rogue,1,0
9,8,0,elf,1,0
9,8,0,dwarf,2,10
9,8,0,orc,2,1000
9,8,0,halfling,1,0
9,8,0,guardian,2,15
9,8,0,warrior,1,0
9,8,0,ranger,1,0
9,8,0,mage,2,2000
9,8,1,human,1,0
9,8,1,elf,2,1000
9,8,1,orc,2,1000
9,8,1,halfling,1,0
9,8,1,warrior,2,1500
9,8,1,ranger,2,1500
9,8,1,rogue,2,1500
9,8,2,human,1,0
9,8,2,dwarf,2,10
9,8,2,orc,1,0
9,8,2,halfling,1,0
9,8,2,guardian,2,15
9,8,2,warrior,2,1500
9,8,2,ranger,1,0
9,8,3,human,2,1000
9,8,3,dwarf,1,0
9,8,3,orc,2,1000
9,8,3,guardian,2,15
9,8,3,warrior,2,1500
9,8,3,rogue,1,0
9,8,4,human,2,1000
9,8,4,dwarf,2,10
9,8,4,orc,1,0
9,8,4,halfling,1,0
9,8,4,guardian,3,15
9,8,4,warrior,2,1500
9,8,4,ranger,1,0
9,8,5,human,2,1000
9,8,5,dwarf,1,0
9,8,5,orc,2,1000
9,8,5,halfling,1,0
9,8,5,guardian,2,15
9,8,5,warrior,3,1500
9,8,5,mage,1,0
9,8,6,human,2,1000
9,8,6,elf,1,0
9,8,6,dwarf,2,10
9,8,6,halfling,1,0
9,8,6,guardian,2,15
9,8,6,warrior,3,1500
9,8,6,ranger,1,0
9,8,7,human,2,1000
9,8,7,dwarf,1,0
9,8,7,halfling,1,0
9,8,7,dragonkin,1,0
9,8,7,guardian,2,15
9,8,7,warrior,3,1500
9,9,0,elf,1,0
9,9,0,dwarf,2,10
9,9,0,orc,2,1000
9,9,0,halfling,1,0
9,9,0,guardian,2,15
9,9,0,warrior,1,0
9,9,0,ranger,1,0
9,9,0,mage,2,2000
9,9,1,human,1,0
9,9,1,elf,2,1000
9,9,1,orc,2,1000
9,9,1,halfling,1,0
9,9,1,warrior,2,1500
9,9,1,ranger,2,1500
9,9,1,rogue,2,1500
9,9,2,human,1,0
9,9,2,dwarf,2,10
9,9,2,orc,1,0
9,9,2,halfling,1,0
9,9,2,guardian,2,15
9,9,2,warrior,2,1500
9,9,2,ranger,1,0
9,9,3,human,2,1000
9,9,3,dwarf,1,0
9,9,3,orc,2,1000
9,9,3,guardian,2,15
9,9,3,warrior,2,1500
9,9,3,rogue,1,0
9,9,4,human,2,1000
9,9,4,elf,1,0
9,9,4,dwarf,2,10
9,9,4,halfling,1,0
9,9,4,guardian,2,15
9,9,4,warrior,2,1500
9,9,4,ranger,2,1500
9,9,5,human,2,1000
9,9,5,dwarf,1,0
9,9,5,orc,2,1000
9,9,5,halfling,1,0
9,9,5,guardian,2,15
9,9,5,warrior,3,1500
9,9,5,mage,1,0
9,9,6,human,2,1000
9,9,6,elf,1,0
9,9,6,dwarf,2,10
9,9,6,halfling,1,0
9,9,6,guardian,2,15
9,9,6,warrior,3,1500
9,9,6,ranger,1,0
9,9,7,human,2,1000
9,9,7,dwarf,1,0
9,9,7,halfling,1,0
9,9,7,dragonkin,1,0
9,9,7,guardian,2,15
9,9,7,warrior,3,1500
9,10,0,elf,1,0
9,10,0,dwarf,2,10
9,10,0,orc,1,0
9,10,0,halfling,2,1000
9,10,0,guardian,2,15
9,10,0,warrior,2,1500
9,10,0,ranger,1,0
9,10,0,mage,1,0
9,10,1,human,1,0
9,10,1,elf,2,1000
9,10,1,dwarf,2,10
9,10,1,halfling,1,0
9,10,1,guardian,1,0
9,10,1,warrior,2,1500
9,10,1,ranger,2,1500
9,10,1,rogue,1,0
9,10,2,human,1,0
9,10,2,dwarf,2,10
9,10,2,orc,1,0
9,10,2,halfling,1,0
9,10,2,guardian,2,15
9,10,2,warrior,2,1500
9,10,2,ranger,1,0
9,10,3,human,2,1000
9,10,3,dwarf,1,0
9,10,3,orc,1,0
9,10,3,guardian,2,15
9,10,3,warrior,1,0
9,10,3,rogue,1,0
9,10,4,human,2,1000
9,10,4,elf,1,0
9,10,4,dwarf,2,10
9,10,4,halfling,1,0
9,10,4,guardian,2,15
9,10,4,warrior,2,1500
9,10,4,ranger,2,1500
9,10,5,human,2,1000
9,10,5,dwarf,1,0
9,10,5,orc,2,1000
9,10,5,halfling,1,0
9,10,5,guardian,2,15
9,10,5,warrior,3,1500
9,10,5,mage,1,0
9,10,6,human,2,1000
9,10,6,elf,1,0
9,10,6,dwarf,2,10
9,10,6,halfling,1,0
9,10,6,guardian,2,15
9,10,6,warrior,3,1500
9,10,6,ranger,1,0
9,10,7,human,2,1000
9,10,7,elf,1,0
9,10,7,dwarf,1,0
9,10,7,halfling,1,0
9,10,7,dragonkin,1,0
9,10,7,guardian,2,15
9,10,7,warrior,3,1500
9,10,7,ranger,1,0
9,11,0,elf,1,0
9,11,0,dwarf,2,10
9,11,0,orc,1,0
9,11,0,halfling,2,1000
9,11,0,guardian,2,15
9,11,0,warrior,2,1500
9,11,0,ranger,1,0
9,11,0,mage,1,0
9,11,1,human,1,0
9,11,1,elf,2,1000
9,11,1,dwarf,2,10
9,11,1,halfling,1,0
9,11,1,guardian,1,0
9,11,1,warrior,2,1500
9,11,1,ranger,2,1500
9,11,1,rogue,1,0
9,11,2,human,1,0
9,11,2,dwarf,2,10
9,11,2,orc,1,0
9,11,2,halfling,1,0
9,11,2,guardian,2,15
9,11,2,warrior,2,1500
9,11,2,ranger,1,0
9,11,3,human,2,1000
9,11,3,dwarf,1,0
9,11,3,orc,1,0
9,11,3,guardian,2,15
9,11,3,warrior,1,0
9,11,3,rogue,1,0
9,11,4,human,2,1000
9,11,4,elf,1,0
9,11,4,dwarf,2,10
9,11,4,halfling,1,0
9,11,4,guardian,2,15
9,11,4,warrior,2,1500
9,11,4,ranger,2,1500
9,11,5,human,2,1000
9,11,5,dwarf,1,0
9,11,5,orc,2,1000
9,11,5,halfling,1,0
9,11,5,guardian,2,15
9,11,5,warrior,3,1500
9,11,5,mage,1,0
9,11,6,human,2,1000
9,11,6,elf,1,0
9,11,6,dwarf,2,10
9,11,6,halfling,1,0
9,11,6,guardian,1,0
9,11,6,warrior,3,1500
9,11,6,ranger,1,0
9,11,6,priest,1,0
9,11,7,human,2,1000
9,11,7,elf,1,0
9,11,7,dwarf,1,0
9,11,7,halfling,1,0
9,11,7,dragonkin,1,0
9,11,7,guardian,2,15
9,11,7,warrior,3,1500
9,11,7,ranger,1,0
9,12,0,elf,1,0
9,12,0,dwarf,2,10
9,12,0,orc,1,0
9,12,0,halfling,2,1000
9,12,0,guardian,2,15
9,12,0,warrior,2,1500
9,12,0,ranger,1,0
9,12,0,mage,1,0
9,12,1,human,1,0
9,12,1,elf,2,1000
9,12,1,dwarf,2,10
9,12,1,halfling,1,0
9,12,1,guardian,1,0
9,12,1,warrior,2,1500
9,12,1,ranger,2,1500
9,12,1,rogue,1,0
9,12,2,human,1,0
9,12,2,dwarf,2,10
9,12,2,orc,1,0
9,12,2,halfling,1,0
9,12,2,guardian,2,15
9,12,2,warrior,2,1500
9,12,2,ranger,1,0
9,12,3,human,2,1000
9,12,3,dwarf,1,0
9,12,3,orc,1,0
9,12,3,guardian,2,15
9,12,3,warrior,1,0
9,12,3,rogue,1,0
9,12,4,human,2,1000
9,12,4,elf,1,0
9,12,4,dwarf,2,10
9,12,4,halfling,1,0
9,12,4,guardian,2,15
9,12,4,warrior,2,1500
9,12,4,ranger,2,1500
9,12,5,human,2,1000
9,12,5,dwarf,1,0
9,12,5,orc,2,1000
9,12,5,halfling,1,0
9,12,5,guardian,2,15
9,12,5,warrior,3,1500
9,12,5,mage,1,0
9,12,6,human,2,1000
9,12,6,elf,1,0
9,12,6,dwarf,2,10
9,12,6,halfling,1,0
9,12,6,guardian,1,0
9,12,6,warrior,3,1500
9,12,6,ranger,1,0
9,12,6,priest,1,0
9,12,7,human,2,1000
9,12,7,elf,1,0
9,12,7,dwarf,1,0
9,12,7,halfling,1,0
9,12,7,dragonkin,1,0
9,12,7,guardian,2,15
9,12,7,warrior,3,1500
9,12,7,ranger,1,0
9,13,0,elf,1,0
9,13,0,dwarf,2,10
9,13,0,orc,1,0
9,13,0,halfling,2,1000
9,13,0,guardian,2,15
9,13,0,warrior,2,1500
9,13,0,ranger,1,0
9,13,0,mage,1,0
9,13,1,human,1,0
9,13,1,elf,2,1000
9,13,1,dwarf,2,10
9,13,1,halfling,1,0
9,13,1,guardian,1,0
9,13,1,warrior,2,1500
9,13,1,ranger,2,1500
9,13,1,rogue,1,0
9,13,2,human,1,0
9,13,2,dwarf,1,0
9,13,2,orc,2,1000
9,13,2,halfling,2,1000
9,13,2,guardian,3,15
9,13,2,warrior,2,1500
9,13,2,ranger,1,0
9,13,3,human,2,1000
9,13,3,dwarf,1,0
9,13,3,orc,1,0
9,13,3,guardian,2,15
9,13,3,warrior,1,0
9,13,3,rogue,1,0
9,13,4,human,2,1000
9,13,4,elf,1,0
9,13,4,dwarf,2,10
9,13,4,halfling,1,0
9,13,4,guardian,2,15
9,13,4,warrior,2,1500
9,13,4,ranger,2,1500
9,13,5,human,2,1000
9,13,5,dwarf,1,0
9,13,5,orc,2,1000
9,13,5,halfling,1,0
9,13,5,guardian,2,15
9,13,5,warrior,3,1500
9,13,5,mage,1,0
9,13,6,human,2,1000
9,13,6,elf,1,0
9,13,6,dwarf,2,10
9,13,6,halfling,1,0
9,13,6,guardian,1,0
9,13,6,warrior,3,1500
9,13,6,ranger,1,0
9,13,6,priest,1,0
9,13,7,human,2,1000
9,13,7,elf,1,0
9,13,7,dwarf,1,0
9,13,7,halfling,1,0
9,13,7,dragonkin,1,0
9,13,7,guardian,2,15
9,13,7,warrior,3,1500
9,13,7,ranger,1,0
9,14,0,elf,1,0
9,14,0,dwarf,2,10
9,14,0,orc,1,0
9,14,0,halfling,2,1000
9,14,0,guardian,2,15
9,14,0,warrior,2,1500
9,14,0,ranger,1,0
9,14,0,mage,1,0
9,14,1,human,1,0
9,14,1,elf,2,1000
9,14,1,dwarf,2,10
9,14,1,halfling,1,0
9,14,1,guardian,1,0
9,14,1,warrior,2,1500
9,14,1,ranger,2,1500
9,14,1,rogue,1,0
9,14,2,human,1,0
9,14,2,dwarf,1,0
9,14,2,orc,2,1000
9,14,2,halfling,2,1000
9,14,2,guardian,3,15
9,14,2,warrior,2,1500
9,14,2,ranger,1,0
9,14,3,human,2,1000
9,14,3,dwarf,1,0
9,14,3,orc,1,0
9,14,3,guardian,2,15
9,14,3,warrior,1,0
9,14,3,rogue,1,0
9,14,4,human,2,1000
9,14,4,elf,1,0
9,14,4,dwarf,2,10
9,14,4,halfling,1,0
9,14,4,guardian,2,15
9,14,4,warrior,2,1500
9,14,4,ranger,2,1500
9,14,5,human,1,0
9,14,5,elf,1,0
9,14,5,dwarf,1,0
9,14,5,orc,2,1000
9,14,5,halfling,1,0
9,14,5,guardian,2,15
9,14,5,warrior,2,1500
9,14,5,ranger,1,0
9,14,5,mage,1,0
9,14,6,human,2,1000
9,14,6,elf,1,0
9,14,6,dwarf,2,10
9,14,6,halfling,1,0
9,14,6,guardian,1,0
9,14,6,warrior,3,1500
9,14,6,ranger,1,0
9,14,6,priest,1,0
9,14,7,human,2,1000
9,14,7,elf,1,0
9,14,7,dwarf,1,0
9,14,7,halfling,1,0
9,14,7,dragonkin,1,0
9,14,7,guardian,2,15
9,14,7,warrior,3,1500
9,14,7,ranger,1,0
9,15,0,elf,1,0
9,15,0,dwarf,1,0
9,15,0,orc,1,0
9,15,0,halfling,3,1000
9,15,0,guardian,1,0
9,15,0,warrior,2,1500
9,15,0,ranger,2,1500
9,15,0,mage,1,0
9,15,1,human,1,0
9,15,1,elf,2,1000
9,15,1,dwarf,2,10
9,15,1,halfling,1,0
9,15,1,guardian,1,0
9,15,1,warrior,2,1500
9,15,1,ranger,2,1500
9,15,1,rogue,1,0
9,15,2,human,1,0
9,15,2,dwarf,1,0
9,15,2,orc,2,1000
9,15,2,halfling,2,1000
9,15,2,guardian,3,15
9,15,2,warrior,2,1500
9,15,2,ranger,1,0
9,15,3,human,2,1000
9,15,3,dwarf,1,0
9,15,3,orc,1,0
9,15,3,guardian,2,15
9,15,3,warrior,1,0
9,15,3,rogue,1,0
9,15,4,human,2,1000
9,15,4,elf,1,0
9,15,4,dwarf,2,10
9,15,4,halfling,1,0
9,15,4,guardian,2,15
9,15,4,warrior,2,1500
9,15,4,ranger,2,1500
9,15,5,human,1,0
9,15,5,elf,1,0
9,15,5,dwarf,1,0
9,15,5,orc,2,1000
9,15,5,halfling,1,0
9,15,5,guardian,2,15
9,15,5,warrior,2,1500
9,15,5,ranger,1,0
9,15,5,mage,1,0
9,15,6,human,2,1000
9,15,6,elf,1,0
9,15,6,dwarf,2,10
9,15,6,halfling,1,0
9,15,6,guardian,1,0
9,15,6,warrior,3,1500
9,15,6,ranger,1,0
9,15,6,priest,1,0
9,15,7,human,2,1000
9,15,7,elf,1,0
9,15,7,dwarf,1,0
9,15,7,halfling,1,0
9,15,7,dragonkin,1,0
9,15,7,guardian,2,15
9,15,7,warrior,3,1500
9,15,7,ranger,1,0
9,16,0,elf,1,0
9,16,0,dwarf,1,0
9,16,0,orc,1,0
9,16,0,halfling,3,1000
9,16,0,guardian,1,0
9,16,0,warrior,2,1500
9,16,0,ranger,2,1500
9,16,0,mage,1,0
9,16,1,human,1,0
9,16,1,elf,2,1000
9,16,1,dwarf,2,10
9,16,1,halfling,1,0
9,16,1,guardian,1,0
9,16,1,warrior,2,1500
9,16,1,ranger,2,1500
9,16,1,rogue,1,0
9,16,2,human,1,0
9,16,2,dwarf,1,0
9,16,2,orc,2,1000
9,16,2,halfling,2,1000
9,16,2,guardian,3,15
9,16,2,warrior,2,1500
9,16,2,ranger,1,0
9,16,3,human,2,1000
9,16,3,dwarf,1,0
9,16,3,orc,1,0
9,16,3,guardian,2,15
9,16,3,warrior,1,0
9,16,3,rogue,1,0
9,16,4,human,2,1000
9,16,4,elf,1,0
9,16,4,dwarf,2,10
9,16,4,halfling,1,0
9,16,4,guardian,2,15
9,16,4,warrior,2,1500
9,16,4,ranger,2,1500
9,16,5,human,1,0
9,16,5,elf,1,0
9,16,5,dwarf,1,0
9,16,5,orc,2,1000
9,16,5,halfling,1,0
9,16,5,guardian,2,15
9,16,5,warrior,2,1500
9,16,5,ranger,1,0
9,16,5,mage,1,0
9,16,6,human,2,1000
9,16,6,elf,1,0
9,16,6,dwarf,2,10
9,16,6,halfling,1,0
9,16,6,guardian,1,0
9,16,6,warrior,3,1500
9,16,6,ranger,1,0
9,16,6,priest,1,0
9,16,7,human,2,1000
9,16,7,elf,1,0
9,16,7,dwarf,1,0
9,16,7,halfling,1,0
9,16,7,dragonkin,1,0
9,16,7,guardian,2,15
9,16,7,warrior,3,1500
9,16,7,ranger,1,0
9,17,0,elf,1,0
9,17,0,dwarf,1,0
9,17,0,orc,1,0
9,17,0,halfling,3,1000
9,17,0,guardian,1,0
9,17,0,warrior,2,1500
9,17,0,ranger,2,1500
9,17,0,mage,1,0
9,17,1,human,1,0
9,17,1,elf,2,1000
9,17,1,dwarf,2,10
9,17,1,halfling,1,0
9,17,1,guardian,1,0
9,17,1,warrior,2,1500
9,17,1,ranger,2,1500
9,17,1,rogue,1,0
9,17,2,human,2,1000
9,17,2,orc,2,1000
9,17,2,halfling,2,1000
9,17,2,guardian,2,15
9,17,2,warrior,2,1500
9,17,2,ranger,1,0
9,17,2,priest,1,0
9,17,3,human,2,1000
9,17,3,dwarf,1,0
9,17,3,orc,1,0
9,17,3,guardian,2,15
9,17,3,warrior,1,0
9,17,3,rogue,1,0
9,17,4,human,2,1000
9,17,4,elf,1,0
9,17,4,dwarf,2,10
9,17,4,halfling,1,0
9,17,4,guardian,2,15
9,17,4,warrior,2,1500
9,17,4,ranger,2,1500
9,17,5,human,1,0
9,17,5,elf,1,0
9,17,5,dwarf,2,10
9,17,5,orc,1,0
9,17,5,halfling,1,0
9,17,5,guardian,1,0
9,17,5,warrior,2,1500
9,17,5,ranger,1,0
9,17,5,mage,1,0
9,17,5,priest,1,0
9,17,6,human,2,1000
9,17,6,elf,1,0
9,17,6,dwarf,2,10
9,17,6,halfling,1,0
9,17,6,guardian,1,0
9,17,6,warrior,3,1500
9,17,6,ranger,1,0
9,17,6,priest,1,0
9,17,7,human,2,1000
9,17,7,elf,1,0
9,17,7,dwarf,1,0
9,17,7,halfling,1,0
9,17,7,dragonkin,1,0
9,17,7,guardian,2,15
9,17,7,warrior,3,1500
9,17,7,ranger,1,0
9,18,0,elf,1,0
9,18,0,dwarf,1,0
9,18,0,orc,1,0
9,18,0,halfling,3,1000
9,18,0,guardian,1,0
9,18,0,warrior,2,1500
9,18,0,ranger,2,1500
9,18,0,mage,1,0
9,18,1,human,1,0
9,18,1,elf,2,1000
9,18,1,dwarf,2,10
9,18,1,halfling,1,0
9,18,1,guardian,1,0
9,18,1,warrior,2,1500
9,18,1,ranger,2,1500
9,18,1,rogue,1,0
9,18,2,human,2,1000
9,18,2,orc,2,1000
9,18,2,halfling,2,1000
9,18,2,guardian,2,15
9,18,2,warrior,2,1500
9,18,2,ranger,1,0
9,18,2,priest,1,0
9,18,3,human,2,1000
9,18,3,dwarf,1,0
9,18,3,orc,1,0
9,18,3,guardian,2,15
9,18,3,warrior,1,0
9,18,3,rogue,1,0
9,18,4,human,2,1000
9,18,4,elf,1,0
9,18,4,dwarf,2,10
9,18,4,halfling,1,0
9,18,4,guardian,2,15
9,18,4,warrior,2,1500
9,18,4,ranger,2,1500
9,18,5,human,1,0
9,18,5,elf,1,0
9,18,5,dwarf,2,10
9,18,5,orc,1,0
9,18,5,halfling,1,0
9,18,5,guardian,1,0
9,18,5,warrior,2,1500
9,18,5,ranger,1,0
9,18,5,mage,1,0
9,18,5,priest,1,0
9,18,6,human,2,1000
9,18,6,elf,1,0
9,18,6,dwarf,2,10
9,18,6,halfling,1,0
9,18,6,guardian,1,0
9,18,6,warrior,3,1500
9,18,6,ranger,1,0
9,18,6,priest,1,0
9,18,7,human,2,1000
9,18,7,elf,1,0
9,18,7,dwarf,1,0
9,18,7,halfling,1,0
9,18,7,dragonkin,1,0
9,18,7,guardian,2,15
9,18,7,warrior,3,1500
9,18,7,ranger,1,0
9,19,0,elf,1,0
9,19,0,dwarf,1,0
9,19,0,orc,1,0
9,19,0,halfling,3,1000
9,19,0,guardian,1,0
9,19,0,warrior,2,1500
9,19,0,ranger,2,1500
9,19,0,mage,1,0
9,19,1,human,1,0
9,19,1,elf,2,1000
9,19,1,dwarf,2,10
9,19,1,halfling,1,0
9,19,1,guardian,1,0
9,19,1,warrior,2,1500
9,19,1,ranger,2,1500
9,19,1,rogue,1,0
9,19,2,human,2,1000
9,19,2,dwarf,1,0
9,19,2,orc,2,1000
9,19,2,halfling,1,0
9,19,2,guardian,3,15
9,19,2,warrior,2,1500
9,19,2,priest,1,0
9,19,3,human,1,0
9,19,3,dwarf,2,10
9,19,3,orc,1,0
9,19,3,guardian,2,15
9,19,3,warrior,1,0
9,19,3,rogue,1,0
9,19,4,human,2,1000
9,19,4,elf,1,0
9,19,4,dwarf,2,10
9,19,4,halfling,1,0
9,19,4,guardian,2,15
9,19,4,warrior,2,1500
9,19,4,ranger,2,1500
9,19,5,human,1,0
9,19,5,elf,1,0
9,19,5,dwarf,2,10
9,19,5,orc,1,0
9,19,5,halfling,1,0
9,19,5,guardian,1,0
9,19,5,warrior,2,1500
9,19,5,ranger,1,0
9,19,5,mage,1,0
9,19,5,priest,1,0
9,19,6,human,2,1000
9,19,6,elf,1,0
9,19,6,dwarf,2,10
9,19,6,halfling,1,0
9,19,6,guardian,1,0
9,19,6,warrior,3,1500
9,19,6,ranger,1,0
9,19,6,priest,1,0
9,19,7,human,2,1000
9,19,7,elf,1,0
9,19,7,dwarf,1,0
9,19,7,halfling,1,0
9,19,7,dragonkin,1,0
9,19,7,guardian,2,15
9,19,7,warrior,3,1500
9,19,7,ranger,1,0
9,20,0,elf,1,0
9,20,0,dwarf,1,0
9,20,0,orc,1,0
9,20,0,halfling,3,1000
9,20,0,guardian,1,0
9,20,0,warrior,2,1500
9,20,0,ranger,2,1500
9,20,0,mage,1,0
9,20,1,human,1,0
9,20,1,elf,2,1000
9,20,1,dwarf,2,10
9,20,1,halfling,1,0
9,20,1,guardian,1,0
9,20,1,warrior,2,1500
9,20,1,ranger,2,1500
9,20,1,rogue,1,0
9,20,2,human,2,1000
9,20,2,dwarf,1,0
9,20,2,orc,2,1000
9,20,2,halfling,1,0
9,20,2,guardian,3,15
9,20,2,warrior,2,1500
9,20,2,priest,1,0
9,20,3,human,1,0
9,20,3,dwarf,2,10
9,20,3,orc,1,0
9,20,3,guardian,2,15
9,20,3,warrior,1,0
9,20,3,rogue,1,0
9,20,4,human,2,1000
9,20,4,elf,1,0
9,20,4,dwarf,2,10
9,20,4,halfling,1,0
9,20,4,guardian,2,15
9,20,4,warrior,2,1500
9,20,4,ranger,2,1500
9,20,5,human,1,0
9,20,5,elf,1,0
9,20,5,dwarf,2,10
9,20,5,orc,1,0
9,20,5,halfling,1,0
9,20,5,guardian,1,0
9,20,5,warrior,2,1500
9,20,5,ranger,1,0
9,20,5,mage,1,0
9,20,5,priest,1,0
9,20,6,human,2,1000
9,20,6,elf,1,0
9,20,6,dwarf,2,10
9,20,6,halfling,1,0
9,20,6,guardian,1,0
9,20,6,warrior,3,1500
9,20,6,ranger,1,0
9,20,6,priest,1,0
9,20,7,human,2,1000
9,20,7,elf,1,0
9,20,7,dwarf,1,0
9,20,7,halfling,1,0
9,20,7,dragonkin,1,0
9,20,7,guardian,2,15
9,20,7,warrior,3,1500
9,20,7,ranger,1,0
9,21,0,elf,1,0
9,21,0,dwarf,1,0
9,21,0,orc,1,0
9,21,0,halfling,3,1000
9,21,0,guardian,1,0
9,21,0,warrior,2,1500
9,21,0,ranger,2,1500
9,21,0,mage,1,0
9,21,1,human,1,0
9,21,1,elf,2,1000
9,21,1,dwarf,2,10
9,21,1,halfling,1,0
9,21,1,guardian,1,0
9,21,1,warrior,2,1500
9,21,1,ranger,2,1500
9,21,1,rogue,1,0
9,21,2,human,2,1000
9,21,2,dwarf,1,0
9,21,2,orc,2,1000
9,21,2,halfling,1,0
9,21,2,guardian,3,15
9,21,2,warrior,2,1500
9,21,2,priest,1,0
9,21,3,human,1,0
9,21,3,dwarf,2,10
9,21,3,orc,1,0
9,21,3,guardian,2,15
9,21,3,warrior,1,0
9,21,3,rogue,1,0
9,21,4,human,2,1000
9,21,4,elf,1,0
9,21,4,dwarf,2,10
9,21,4,halfling,1,0
9,21,4,guardian,2,15
9,21,4,warrior,2,1500
9,21,4,ranger,2,1500
9,21,5,human,1,0
9,21,5,elf,1,0
9,21,5,dwarf,2,10
9,21,5,orc,1,0
9,21,5,halfling,1,0
9,21,5,guardian,1,0
9,21,5,warrior,2,1500
9,21,5,ranger,1,0
9,21,5,mage,1,0
9,21,5,priest,1,0
9,21,6,human,2,1000
9,21,6,elf,1,0
9,21,6,dwarf,2,10
9,21,6,halfling,1,0
9,21,6,guardian,1,0
9,21,6,warrior,3,1500
9,21,6,ranger,1,0
9,21,6,priest,1,0
9,21,7,human,2,1000
9,21,7,dwarf,1,0
9,21,7,halfling,2,1000
9,21,7,dragonkin,1,0
9,21,7,guardian,2,15
9,21,7,warrior,3,1500
9,21,7,rogue,1,0
9,22,0,elf,1,0
9,22,0,dwarf,1,0
9,22,0,orc,1,0
9,22,0,halfling,3,1000
9,22,0,guardian,1,0
9,22,0,warrior,2,1500
9,22,0,ranger,2,1500
9,22,0,mage,1,0
9,22,1,human,1,0
9,22,1,elf,2,1000
9,22,1,dwarf,2,10
9,22,1,halfling,1,0
9,22,1,guardian,1,0
9,22,1,warrior,2,1500
9,22,1,ranger,2,1500
9,22,1,rogue,1,0
9,22,2,human,2,1000
9,22,2,dwarf,1,0
9,22,2,orc,2,1000
9,22,2,halfling,1,0
9,22,2,guardian,3,15
9,22,2,warrior,2,1500
9,22,2,priest,1,0
9,22,3,human,1,0
9,22,3,dwarf,2,10
9,22,3,orc,1,0
9,22,3,guardian,2,15
9,22,3,warrior,1,0
9,22,3,rogue,1,0
9,22,4,human,2,1000
9,22,4,elf,1,0
9,22,4,dwarf,2,10
9,22,4,halfling,1,0
9,22,4,guardian,2,15
9,22,4,warrior,2,1500
9,22,4,ranger,2,1500
9,22,5,human,1,0
9,22,5,elf,1,0
9,22,5,dwarf,2,10
9,22,5,orc,1,0
9,22,5,halfling,1,0
9,22,5,guardian,1,0
9,22,5,warrior,2,1500
9,22,5,ranger,1,0
9,22,5,mage,1,0
9,22,5,priest,1,0
9,22,6,human,2,1000
9,22,6,elf,1,0
9,22,6,dwarf,2,10
9,22,6,halfling,1,0
9,22,6,guardian,1,0
9,22,6,warrior,3,1500
9,22,6,ranger,1,0
9,22,6,priest,1,0
9,22,7,human,2,1000
9,22,7,dwarf,1,0
9,22,7,halfling,2,1000
9,22,7,dragonkin,1,0
9,22,7,guardian,2,15
9,22,7,warrior,3,1500
9,22,7,rogue,1,0
9,23,0,elf,1,0
9,23,0,dwarf,1,0
9,23,0,orc,1,0
9,23,0,halfling,3,1000
9,23,0,guardian,1,0
9,23,0,warrior,2,1500
9,23,0,ranger,2,1500
9,23,0,mage,1,0
9,23,1,human,1,0
9,23,1,elf,2,1000
9,23,1,dwarf,2,10
9,23,1,halfling,1,0
9,23,1,guardian,1,0
9,23,1,warrior,2,1500
9,23,1,ranger,2,1500
9,23,1,rogue,1,0
9,23,2,human,2,1000
9,23,2,dwarf,1,0
9,23,2,orc,2,1000
9,23,2,halfling,1,0
9,23,2,guardian,3,15
9,23,2,warrior,2,1500
9,23,2,priest,1,0
9,23,3,human,1,0
9,23,3,dwarf,2,10
9,23,3,orc,1,0
9,23,3,guardian,2,15
9,23,3,warrior,1,0
9,23,3,rogue,1,0
9,23,4,human,2,1000
9,23,4,elf,1,0
9,23,4,dwarf,2,10
9,23,4,halfling,1,0
9,23,4,guardian,2,15
9,23,4,warrior,2,1500
9,23,4,ranger,2,1500
9,23,5,human,1,0
9,23,5,elf,1,0
9,23,5,dwarf,2,10
9,23,5,orc,1,0
9,23,5,halfling,1,0
9,23,5,guardian,1,0
9,23,5,warrior,2,1500
9,23,5,ranger,1,0
9,23,5,mage,1,0
9,23,5,priest,1,0
9,23,6,human,2,1000
9,23,6,elf,1,0
9,23,6,dwarf,2,10
9,23,6,halfling,1,0
9,23,6,guardian,1,0
9,23,6,warrior,3,1500
9,23,6,ranger,1,0
9,23,6,priest,1,0
9,23,7,human,2,1000
9,23,7,dwarf,2,10
9,23,7,halfling,1,0
9,23,7,dragonkin,1,0
9,23,7,guardian,3,15
9,23,7,warrior,2,1500
9,23,7,rogue,1,0
9,24,0,elf,1,0
9,24,0,dwarf,1,0
9,24,0,orc,1,0
9,24,0,halfling,3,1000
9,24,0,guardian,1,0
9,24,0,warrior,2,1500
9,24,0,ranger,2,1500
9,24,0,mage,1,0
9,24,1,human,1,0
9,24,1,elf,2,1000
9,24,1,dwarf,2,10
9,24,1,halfling,1,0
9,24,1,guardian,1,0
9,24,1,warrior,2,1500
9,24,1,ranger,2,1500
9,24,1,rogue,1,0
9,24,2,human,2,1000
9,24,2,dwarf,1,0
9,24,2,orc,2,1000
9,24,2,halfling,1,0
9,24,2,guardian,3,15
9,24,2,warrior,2,1500
9,24,2,priest,1,0
9,24,3,human,1,0
9,24,3,dwarf,2,10
9,24,3,orc,1,0
9,24,3,guardian,2,15
9,24,3,warrior,1,0
9,24,3,rogue,1,0
9,24,4,human,2,1000
9,24,4,elf,1,0
9,24,4,dwarf,2,10
9,24,4,halfling,1,0
9,24,4,guardian,2,15
9,24,4,warrior,2,1500
9,24,4,ranger,2,1500
9,24,5,human,1,0
9,24,5,elf,1,0
9,24,5,dwarf,2,10
9,24,5,orc,1,0
9,24,5,halfling,1,0
9,24,5,guardian,1,0
9,24,5,warrior,2,1500
9,24,5,ranger,1,0
9,24,5,mage,1,0
9,24,5,priest,1,0
9,24,6,human,2,1000
9,24,6,elf,1,0
9,24,6,dwarf,2,10
9,24,6,halfling,1,0
9,24,6,guardian,1,0
9,24,6,warrior,3,1500
9,24,6,ranger,1,0
9,24,6,priest,1,0
9,24,7,human,2,1000
9,24,7,dwarf,3,10
9,24,7,dragonkin,1,0
9,24,7,guardian,3,15
9,24,7,warrior,2,1500
9,24,7,ranger,1,0
9,25,0,elf,1,0
9,25,0,dwarf,1,0
9,25,0,orc,1,0
9,25,0,halfling,3,1000
9,25,0,guardian,1,0
9,25,0,warrior,2,1500
9,25,0,ranger,2,1500
9,25,0,mage,1,0
9,25,1,human,1,0
9,25,1,elf,2,1000
9,25,1,dwarf,2,10
9,25,1,halfling,1,0
9,25,1,guardian,1,0
9,25,1,warrior,2,1500
9,25,1,ranger,2,1500
9,25,1,rogue,1,0
9,25,2,human,2,1000
9,25,2,dwarf,1,0
9,25,2,orc,2,1000
9,25,2,halfling,1,0
9,25,2,guardian,3,15
9,25,2,warrior,2,1500
9,25,2,priest,1,0
9,25,3,human,1,0
9,25,3,dwarf,2,10
9,25,3,orc,1,0
9,25,3,guardian,2,15
9,25,3,warrior,1,0
9,25,3,rogue,1,0
9,25,4,human,2,1000
9,25,4,elf,1,0
9,25,4,dwarf,2,10
9,25,4,halfling,1,0
9,25,4,guardian,2,15
9,25,4,warrior,2,1500
9,25,4,ranger,2,1500
9,25,5,human,1,0
9,25,5,elf,1,0
9,25,5,dwarf,2,10
9,25,5,orc,1,0
9,25,5,halfling,1,0
9,25,5,guardian,1,0
9,25,5,warrior,2,1500
9,25,5,ranger,1,0
9,25,5,mage,1,0
9,25,5,priest,1,0
9,25,6,human,2,1000
9,25,6,elf,1,0
9,25,6,dwarf,2,10
9,25,6,halfling,1,0
9,25,6,guardian,1,0
9,25,6,warrior,3,1500
9,25,6,ranger,1,0
9,25,6,priest,1,0
9,25,7,human,2,1000
9,25,7,dwarf,3,10
9,25,7,dragonkin,1,0
9,25,7,guardian,3,15
9,25,7,warrior,2,1500
9,25,7,ranger,1,0
9,26,0,elf,1,0
9,26,0,dwarf,1,0
9,26,0,orc,1,0
9,26,0,halfling,3,1000
9,26,0,guardian,1,0
9,26,0,warrior,2,1500
9,26,0,ranger,2,1500
9,26,0,mage,1,0
9,26,1,human,1,0
9,26,1,elf,2,1000
9,26,1,dwarf,2,10
9,26,1,halfling,1,0
9,26,1,guardian,1,0
9,26,1,warrior,2,1500
9,26,1,ranger,2,1500
9,26,1,rogue,1,0
9,26,2,human,2,1000
9,26,2,dwarf,1,0
9,26,2,orc,2,1000
9,26,2,halfling,1,0
9,26,2,guardian,3,15
9,26,2,warrior,2,1500
9,26,2,priest,1,0
9,26,3,human,1,0
9,26,3,dwarf,2,10
9,26,3,orc,1,0
9,26,3,guardian,2,15
9,26,3,warrior,1,0
9,26,3,rogue,1,0
9,26,4,human,2,1000
9,26,4,elf,1,0
9,26,4,dwarf,2,10
9,26,4,halfling,1,0
9,26,4,guardian,2,15
9,26,4,warrior,2,1500
9,26,4,ranger,2,1500
9,26,5,human,1,0
9,26,5,elf,1,0
9,26,5,dwarf,2,10
9,26,5,orc,1,0
9,26,5,halfling,1,0
9,26,5,guardian,1,0
9,26,5,warrior,2,1500
9,26,5,ranger,1,0
9,26,5,mage,1,0
9,26,5,priest,1,0
9,26,6,human,2,1000
9,26,6,elf,1,0
9,26,6,dwarf,2,10
9,26,6,halfling,1,0
9,26,6,guardian,1,0
9,26,6,warrior,3,1500
9,26,6,ranger,1,0
9,26,6,priest,1,0
9,26,7,human,2,1000
9,26,7,dwarf,3,10
9,26,7,dragonkin,1,0
9,26,7,guardian,3,15
9,26,7,warrior,2,1500
9,26,7,ranger,1,0
9,27,0,elf,1,0
9,27,0,dwarf,1,0
9,27,0,orc,1,0
9,27,0,halfling,3,1000
9,27,0,guardian,1,0
9,27,0,warrior,2,1500
9,27,0,ranger,2,1500
9,27,0,mage,1,0
9,27,1,human,1,0
9,27,1,elf,2,1000
9,27,1,dwarf,2,10
9,27,1,halfling,1,0
9,27,1,guardian,1,0
9,27,1,warrior,2,1500
9,27,1,ranger,2,1500
9,27,1,rogue,1,0
9,27,2,human,2,1000
9,27,2,dwarf,1,0
9,27,2,orc,2,1000
9,27,2,halfling,1,0
9,27,2,guardian,3,15
9,27,2,warrior,2,1500
9,27,2,priest,1,0
9,27,3,human,1,0
9,27,3,dwarf,2,10
9,27,3,orc,1,0
9,27,3,guardian,2,15
9,27,3,warrior,1,0
9,27,3,rogue,1,0
9,27,4,human,2,1000
9,27,4,elf,1,0
9,27,4,dwarf,2,10
9,27,4,halfling,1,0
9,27,4,guardian,2,15
9,27,4,warrior,2,1500
9,27,4,ranger,2,1500
9,27,5,human,1,0
9,27,5,elf,1,0
9,27,5,dwarf,2,10
9,27,5,orc,1,0
9,27,5,halfling,1,0
9,27,5,guardian,1,0
9,27,5,warrior,2,1500
9,27,5,ranger,1,0
9,27,5,mage,1,0
9,27,5,priest,1,0
9,27,6,human,2,1000
9,27,6,elf,1,0
9,27,6,dwarf,2,10
9,27,6,halfling,1,0
9,27,6,guardian,1,0
9,27,6,warrior,3,1500
9,27,6,ranger,1,0
9,27,6,priest,1,0
9,27,7,human,2,1000
9,27,7,dwarf,3,10
9,27,7,dragonkin,1,0
9,27,7,guardian,3,15
9,27,7,warrior,2,1500
9,27,7,ranger,1,0
10,1,0,elf,1,0
10,1,0,halfling,2,1000
10,1,0,warrior,1,0
10,1,0,ranger,1,0
10,1,0,rogue,1,0
10,1,1,human,1,0
10,1,1,dwarf,1,0
10,1,1,halfling,2,1000
10,1,1,guardian,2,15
10,1,1,warrior,1,0
10,1,1,ranger,1,0
10,1,2,human,1,0
10,1,2,dwarf,1,0
10,1,2,orc,1,0
10,1,2,dragonkin,1,0
10,1,2,guardian,2,15
10,1,2,rogue,1,0
10,1,2,priest,1,0
10,1,3,human,1,0
10,1,3,dwarf,2,10
10,1,3,guardian,2,15
10,1,3,ranger,1,0
10,1,4,elf,1,0
10,1,4,orc,1,0
10,1,4,halfling,1,0
10,1,4,dragonkin,1,0
10,1,4,guardian,1,0
10,1,4,ranger,3,1500
10,1,5,human,1,0
10,1,5,dwarf,1,0
10,1,5,halfling,1,0
10,1,5,dragonkin,1,0
10,1,5,ranger,3,1500
10,1,5,priest,1,0
10,1,6,dwarf,1,0
10,1,6,halfling,1,0
10,1,6,dragonkin,1,0
10,1,6,guardian,1,0
10,1,6,warrior,1,0
10,1,6,ranger,1,0
10,1,7,dwarf,1,0
10,1,7,orc,2,1000
10,1,7,halfling,1,0
10,1,7,guardian,1,0
10,1,7,warrior,2,1500
10,1,7,rogue,1,0
10,2,0,elf,1,0
10,2,0,dwarf,1,0
10,2,0,orc,1,0
10,2,0,halfling,1,0
10,2,0,guardian,1,0
10,2,0,ranger,1,0
10,2,0,rogue,2,1500
10,2,1,human,1,0
10,2,1,orc,1,0
10,2,1,halfling,2,1000
10,2,1,guardian,1,0
10,2,1,warrior,2,1500
10,2,1,ranger,1,0
10,2,2,human,1,0
10,2,2,dwarf,1,0
10,2,2,orc,1,0
10,2,2,guardian,2,15
10,2,2,rogue,1,0
10,2,3,human,1,0
10,2,3,dwarf,2,10
10,2,3,dragonkin,1,0
10,2,3,guardian,3,15
10,2,3,ranger,1,0
10,2,4,human,2,1000
10,2,4,dwarf,1,0
10,2,4,orc,1,0
10,2,4,guardian,2,15
10,2,4,warrior,2,1500
10,2,5,dwarf,1,0
10,2,5,orc,1,0
10,2,5,dragonkin,1,0
10,2,5,warrior,1,0
10,2,5,ranger,2,1500
10,2,6,human,1,0
10,2,6,dwarf,1,0
10,2,6,halfling,1,0
10,2,6,dragonkin,1,0
10,2,6,guardian,1,0
10,2,6,warrior,2,1500
10,2,6,ranger,1,0
10,2,7,dwarf,1,0
10,2,7,orc,2,1000
10,2,7,halfling,1,0
10,2,7,guardian,1,0
10,2,7,warrior,2,1500
10,2,7,rogue,1,0
10,3,0,elf,1,0
10,3,0,dwarf,1,0
10,3,0,orc,1,0
10,3,0,halfling,2,1000
10,3,0,guardian,1,0
10,3,0,warrior,1,0
10,3,0,ranger,1,0
10,3,0,rogue,2,1500
10,3,1,human,1,0
10,3,1,dwarf,1,0
10,3,1,orc,1,0
10,3,1,halfling,2,1000
10,3,1,guardian,2,15
10,3,1,warrior,2,1500
10,3,1,ranger,1,0
10,3,2,human,1,0
10,3,2,dwarf,1,0
10,3,2,orc,1,0
10,3,2,guardian,2,15
10,3,2,rogue,1,0
10,3,3,human,1,0
10,3,3,dwarf,1,0
10,3,3,orc,2,1000
10,3,3,dragonkin,1,0
10,3,3,guardian,2,15
10,3,3,warrior,2,1500
10,3,3,ranger,1,0
10,3,4,human,2,1000
10,3,4,dwarf,1,0
10,3,4,orc,2,1000
10,3,4,guardian,2,15
10,3,4,warrior,3,1500
10,3,5,human,1,0
10,3,5,dwarf,1,0
10,3,5,orc,2,1000
10,3,5,dragonkin,1,0
10,3,5,warrior,2,1500
10,3,5,ranger,2,1500
10,3,5,mage,1,0
10,3,6,human,2,1000
10,3,6,dwarf,1,0
10,3,6,halfling,1,0
10,3,6,dragonkin,1,0
10,3,6,guardian,2,15
10,3,6,warrior,2,1500
10,3,6,ranger,1,0
10,3,7,human,1,0
10,3,7,dwarf,1,0
10,3,7,orc,2,1000
10,3,7,guardian,2,15
10,3,7,warrior,1,0
10,3,7,rogue,1,0
10,4,0,elf,1,0
10,4,0,dwarf,1,0
10,4,0,orc,2,1000
10,4,0,guardian,1,0
10,4,0,ranger,1,0
10,4,0,rogue,1,0
10,4,0,mage,1,0
10,4,1,dwarf,1,0
10,4,1,orc,1,0
10,4,1,halfling,2,1000
10,4,1,dragonkin,1,0
10,4,1,guardian,1,0
10,4,1,warrior,2,1500
10,4,1,ranger,2,1500
10,4,2,human,1,0
10,4,2,dwarf,2,10
10,4,2,dragonkin,1,0
10,4,2,guardian,2,15
10,4,2,ranger,1,0
10,4,2,priest,1,0
10,4,3,human,1,0
10,4,3,dwarf,2,10
10,4,3,orc,2,1000
10,4,3,guardian,1,0
10,4,3,warrior,3,1500
10,4,3,ranger,1,0
10,4,4,human,2,1000
10,4,4,elf,1,0
10,4,4,dwarf,1,0
10,4,4,halfling,1,0
10,4,4,guardian,1,0
10,4,4,warrior,3,1500
10,4,4,ranger,1,0
10,4,5,human,1,0
10,4,5,dwarf,1,0
10,4,5,orc,2,1000
10,4,5,dragonkin,1,0
10,4,5,warrior,2,1500
10,4,5,ranger,2,1500
10,4,5,mage,1,0
10,4,6,human,2,1000
10,4,6,dwarf,1,0
10,4,6,halfling,2,1000
10,4,6,guardian,2,15
10,4,6,warrior,2,1500
10,4,6,ranger,1,0
10,4,7,human,1,0
10,4,7,dwarf,1,0
10,4,7,orc,2,1000
10,4,7,guardian,2,15
10,4,7,warrior,1,0
10,4,7,rogue,1,0
10,5,0,elf,1,0
10,5,0,dwarf,1,0
10,5,0,orc,2,1000
10,5,0,guardian,2,15
10,5,0,ranger,1,0
10,5,0,mage,1,0
10,5,1,dwarf,1,0
10,5,1,orc,1,0
10,5,1,halfling,2,1000
10,5,1,dragonkin,1,0
10,5,1,guardian,1,0
10,5,1,warrior,2,1500
10,5,1,ranger,2,1500
10,5,2,human,1,0
10,5,2,dwarf,2,10
10,5,2,dragonkin,1,0
10,5,2,guardian,2,15
10,5,2,ranger,1,0
10,5,2,priest,1,0
10,5,3,human,1,0
10,5,3,dwarf,2,10
10,5,3,orc,2,1000
10,5,3,guardian,1,0
10,5,3,warrior,3,1500
10,5,3,ranger,1,0
10,5,4,human,2,1000
10,5,4,elf,1,0
10,5,4,dwarf,1,0
10,5,4,halfling,1,0
10,5,4,guardian,1,0
10,5,4,warrior,3,1500
10,5,4,ranger,1,0
10,5,5,human,2,1000
10,5,5,dwarf,1,0
10,5,5,orc,2,1000
10,5,5,guardian,2,15
10,5,5,warrior,2,1500
10,5,5,mage,1,0
10,5,6,human,2,1000
10,5,6,elf,1,0
10,5,6,halfling,2,1000
10,5,6,guardian,1,0
10,5,6,warrior,2,1500
10,5,6,ranger,2,1500
10,5,7,human,1,0
10,5,7,dwarf,2,10
10,5,7,orc,1,0
10,5,7,guardian,2,15
10,5,7,rogue,1,0
10,5,7,priest,1,0
10,6,0,elf,1,0
10,6,0,dwarf,1,0
10,6,0,orc,1,0
10,6,0,halfling,1,0
10,6,0,guardian,1,0
10,6,0,warrior,2,1500
10,6,0,ranger,1,0
10,6,1,human,1,0
10,6,1,dwarf,1,0
10,6,1,halfling,2,1000
10,6,1,guardian,1,0
10,6,1,warrior,2,1500
10,6,1,ranger,1,0
10,6,2,human,2,1000
10,6,2,dwarf,3,10
10,6,2,guardian,2,15
10,6,2,warrior,1,0
10,6,2,ranger,1,0
10,6,2,priest,1,0
10,6,3,human,1,0
10,6,3,dwarf,2,10
10,6,3,orc,2,1000
10,6,3,guardian,1,0
10,6,3,warrior,3,1500
10,6,3,ranger,1,0
10,6,4,human,2,1000
10,6,4,elf,1,0
10,6,4,dwarf,1,0
10,6,4,halfling,1,0
10,6,4,guardian,1,0
10,6,4,warrior,3,1500
10,6,4,ranger,1,0
10,6,5,dwarf,1,0
10,6,5,orc,2,1000
10,6,5,dragonkin,1,0
10,6,5,guardian,1,0
10,6,5,warrior,2,1500
10,6,5,ranger,1,0
10,6,6,human,2,1000
10,6,6,elf,1,0
10,6,6,halfling,2,1000
10,6,6,guardian,1,0
10,6,6,warrior,2,1500
10,6,6,ranger,2,1500
10,6,7,human,2,1000
10,6,7,dwarf,2,10
10,6,7,orc,1,0
10,6,7,guardian,2,15
10,6,7,warrior,1,0
10,6,7,rogue,1,0
10,6,7,priest,1,0
10,7,0,elf,1,0
10,7,0,dwarf,2,10
10,7,0,orc,1,0
10,7,0,halfling,1,0
10,7,0,guardian,2,15
10,7,0,warrior,2,1500
10,7,0,ranger,1,0
10,7,1,human,1,0
10,7,1,dwarf,1,0
10,7,1,orc,1,0
10,7,1,halfling,2,1000
10,7,1,guardian,1,0
10,7,1,warrior,3,1500
10,7,1,ranger,1,0
10,7,2,human,1,0
10,7,2,elf,1,0
10,7,2,dwarf,2,10
10,7,2,orc,1,0
10,7,2,guardian,3,15
10,7,2,ranger,1,0
10,7,2,priest,1,0
10,7,3,human,1,0
10,7,3,dwarf,2,10
10,7,3,orc,2,1000
10,7,3,dragonkin,1,0
10,7,3,guardian,2,15
10,7,3,warrior,3,1500
10,7,3,ranger,1,0
10,7,4,human,2,1000
10,7,4,elf,1,0
10,7,4,dwarf,1,0
10,7,4,halfling,1,0
10,7,4,guardian,1,0
10,7,4,warrior,3,1500
10,7,4,ranger,1,0
10,7,5,human,1,0
10,7,5,dwarf,1,0
10,7,5,orc,2,1000
10,7,5,dragonkin,1,0
10,7,5,guardian,1,0
10,7,5,warrior,3,1500
10,7,5,ranger,1,0
10,7,6,human,2,1000
10,7,6,elf,1,0
10,7,6,dwarf,1,0
10,7,6,orc,1,0
10,7,6,halfling,1,0
10,7,6,guardian,2,15
10,7,6,warrior,2,1500
10,7,6,ranger,2,1500
10,7,7,human,2,1000
10,7,7,dwarf,2,10
10,7,7,orc,1,0
10,7,7,guardian,2,15
10,7,7,warrior,1,0
10,7,7,rogue,1,0
10,7,7,priest,1,0
10,8,0,elf,1,0
10,8,0,dwarf,2,10
10,8,0,orc,1,0
10,8,0,halfling,1,0
10,8,0,guardian,2,15
10,8,0,warrior,2,1500
10,8,0,ranger,1,0
10,8,1,human,1,0
10,8,1,dwarf,1,0
10,8,1,orc,1,0
10,8,1,halfling,2,1000
10,8,1,guardian,1,0
10,8,1,warrior,3,1500
10,8,1,ranger,1,0
10,8,2,human,1,0
10,8,2,elf,1,0
10,8,2,dwarf,2,10
10,8,2,orc,1,0
10,8,2,dragonkin,1,0
10,8,2,guardian,4,30
10,8,2,ranger,2,1500
10,8,3,human,1,0
10,8,3,dwarf,2,10
10,8,3,orc,2,1000
10,8,3,dragonkin,1,0
10,8,3,guardian,2,15
10,8,3,warrior,3,1500
10,8,3,ranger,1,0
10,8,4,human,1,0
10,8,4,elf,1,0
10,8,4,dwarf,1,0
10,8,4,halfling,1,0
10,8,4,dragonkin,1,0
10,8,4,warrior,3,1500
10,8,4,ranger,2,1500
10,8,5,human,1,0
10,8,5,dwarf,1,0
10,8,5,orc,2,1000
10,8,5,halfling,1,0
10,8,5,dragonkin,1,0
10,8,5,guardian,1,0
10,8,5,warrior,3,1500
10,8,5,ranger,2,1500
10,8,6,human,2,1000
10,8,6,elf,1,0
10,8,6,dwarf,1,0
10,8,6,halfling,2,1000
10,8,6,guardian,2,15
10,8,6,warrior,2,1500
10,8,6,ranger,2,1500
10,8,7,human,2,1000
10,8,7,dwarf,2,10
10,8,7,orc,1,0
10,8,7,guardian,2,15
10,8,7,warrior,1,0
10,8,7,rogue,1,0
10,8,7,priest,1,0
10,9,0,elf,1,0
10,9,0,dwarf,2,10
10,9,0,orc,1,0
10,9,0,halfling,1,0
10,9,0,guardian,2,15
10,9,0,warrior,2,1500
10,9,0,ranger,1,0
10,9,1,human,1,0
10,9,1,dwarf,1,0
10,9,1,orc,1,0
10,9,1,halfling,2,1000
10,9,1,guardian,1,0
10,9,1,warrior,3,1500
10,9,1,ranger,1,0
10,9,2,human,1,0
10,9,2,elf,1,0
10,9,2,dwarf,2,10
10,9,2,orc,1,0
10,9,2,dragonkin,1,0
10,9,2,guardian,4,30
10,9,2,ranger,2,1500
10,9,3,human,1,0
10,9,3,dwarf,2,10
10,9,3,orc,2,1000
10,9,3,dragonkin,1,0
10,9,3,guardian,2,15
10,9,3,warrior,3,1500
10,9,3,ranger,1,0
10,9,4,human,1,0
10,9,4,elf,1,0
10,9,4,dwarf,1,0
10,9,4,halfling,1,0
10,9,4,dragonkin,1,0
10,9,4,warrior,3,1500
10,9,4,ranger,2,1500
10,9,5,dwarf,1,0
10,9,5,orc,2,1000
10,9,5,halfling,1,0
10,9,5,dragonkin,2,15
10,9,5,guardian,2,15
10,9,5,warrior,2,1500
10,9,5,ranger,2,1500
10,9,6,human,2,1000
10,9,6,elf,1,0
10,9,6,dwarf,1,0
10,9,6,halfling,2,1000
10,9,6,guardian,2,15
10,9,6,warrior,2,1500
10,9,6,ranger,2,1500
10,9,7,human,2,1000
10,9,7,dwarf,2,10
10,9,7,orc,1,0
10,9,7,guardian,2,15
10,9,7,warrior,1,0
10,9,7,rogue,1,0
10,9,7,priest,1,0
10,10,0,elf,1,0
10,10,0,dwarf,2,10
10,10,0,orc,1,0
10,10,0,halfling,1,0
10,10,0,guardian,2,15
10,10,0,warrior,2,1500
10,10,0,ranger,1,0
10,10,1,human,1,0
10,10,1,dwarf,2,10
10,10,1,halfling,2,1000
10,10,1,guardian,1,0
10,10,1,warrior,3,1500
10,10,1,ranger,1,0
10,10,2,human,1,0
10,10,2,elf,1,0
10,10,2,dwarf,2,10
10,10,2,orc,1,0
10,10,2,dragonkin,1,0
10,10,2,guardian,4,30
10,10,2,ranger,2,1500
10,10,3,human,1,0
10,10,3,dwarf,2,10
10,10,3,orc,2,1000
10,10,3,dragonkin,1,0
10,10,3,guardian,2,15
10,10,3,warrior,3,1500
10,10,3,ranger,1,0
10,10,4,human,1,0
10,10,4,elf,1,0
10,10,4,dwarf,1,0
10,10,4,halfling,1,0
10,10,4,dragonkin,1,0
10,10,4,warrior,3,1500
10,10,4,ranger,2,1500
10,10,5,dwarf,1,0
10,10,5,orc,2,1000
10,10,5,halfling,1,0
10,10,5,dragonkin,2,15
10,10,5,guardian,2,15
10,10,5,warrior,2,1500
10,10,5,ranger,2,1500
10,10,6,human,2,1000
10,10,6,elf,1,0
10,10,6,dwarf,1,0
10,10,6,halfling,2,1000
10,10,6,guardian,2,15
10,10,6,warrior,2,1500
10,10,6,ranger,2,1500
10,10,7,human,2,1000
10,10,7,dwarf,3,10
10,10,7,orc,1,0
10,10,7,guardian,2,15
10,10,7,warrior,2,1500
10,10,7,rogue,1,0
10,10,7,priest,1,0
10,11,0,elf,1,0
10,11,0,dwarf,1,0
10,11,0,orc,2,1000
10,11,0,halfling,1,0
10,11,0,guardian,1,0
10,11,0,warrior,2,1500
10,11,0,ranger,1,0
10,11,0,rogue,1,0
10,11,1,human,1,0
10,11,1,dwarf,2,10
10,11,1,halfling,2,1000
10,11,1,guardian,1,0
10,11,1,warrior,3,1500
10,11,1,ranger,1,0
10,11,2,human,1,0
10,11,2,elf,1,0
10,11,2,dwarf,2,10
10,11,2,orc,1,0
10,11,2,dragonkin,1,0
10,11,2,guardian,4,30
10,11,2,ranger,2,1500
10,11,3,human,1,0
10,11,3,dwarf,2,10
10,11,3,orc,2,1000
10,11,3,dragonkin,1,0
10,11,3,guardian,2,15
10,11,3,warrior,3,1500
10,11,3,ranger,1,0
10,11,4,human,1,0
10,11,4,elf,1,0
10,11,4,dwarf,1,0
10,11,4,halfling,1,0
10,11,4,dragonkin,1,0
10,11,4,warrior,3,1500
10,11,4,ranger,2,1500
10,11,5,human,1,0
10,11,5,dwarf,1,0
10,11,5,orc,1,0
10,11,5,halfling,1,0
10,11,5,dragonkin,2,15
10,11,5,guardian,2,15
10,11,5,warrior,2,1500
10,11,5,ranger,2,1500
10,11,6,human,2,1000
10,11,6,elf,1,0
10,11,6,dwarf,1,0
10,11,6,halfling,2,1000
10,11,6,guardian,2,15
10,11,6,warrior,2,1500
10,11,6,ranger,2,1500
10,11,7,human,2,1000
10,11,7,dwarf,3,10
10,11,7,orc,1,0
10,11,7,guardian,2,15
10,11,7,warrior,2,1500
10,11,7,rogue,1,0
10,11,7,priest,1,0
10,12,0,elf,1,0
10,12,0,dwarf,1,0
10,12,0,orc,2,1000
10,12,0,halfling,1,0
10,12,0,guardian,1,0
10,12,0,warrior,2,1500
10,12,0,ranger,1,0
10,12,0,rogue,1,0
10,12,1,human,1,0
10,12,1,dwarf,2,10
10,12,1,halfling,2,1000
10,12,1,guardian,2,15
10,12,1,warrior,2,1500
10,12,1,ranger,1,0
10,12,2,human,2,1000
10,12,2,dwarf,2,10
10,12,2,orc,1,0
10,12,2,dragonkin,1,0
10,12,2,guardian,4,30
10,12,2,ranger,1,0
10,12,2,priest,1,0
10,12,3,human,1,0
10,12,3,dwarf,3,10
10,12,3,orc,1,0
10,12,3,dragonkin,1,0
10,12,3,guardian,2,15
10,12,3,warrior,3,1500
10,12,3,ranger,1,0
10,12,4,human,1,0
10,12,4,elf,1,0
10,12,4,dwarf,1,0
10,12,4,halfling,1,0
10,12,4,dragonkin,1,0
10,12,4,warrior,3,1500
10,12,4,ranger,2,1500
10,12,5,human,1,0
10,12,5,dwarf,2,10
10,12,5,orc,1,0
10,12,5,dragonkin,2,15
10,12,5,guardian,2,15
10,12,5,warrior,2,1500
10,12,5,ranger,1,0
10,12,5,priest,1,0
10,12,6,human,2,1000
10,12,6,elf,1,0
10,12,6,dwarf,1,0
10,12,6,halfling,2,1000
10,12,6,guardian,2,15
10,12,6,warrior,2,1500
10,12,6,ranger,2,1500
10,12,7,human,2,1000
10,12,7,dwarf,3,10
10,12,7,orc,1,0
10,12,7,guardian,2,15
10,12,7,warrior,2,1500
10,12,7,rogue,1,0
10,12,7,priest,1,0
10,13,0,elf,1,0
10,13,0,dwarf,1,0
10,13,0,orc,2,1000
10,13,0,halfling,1,0
10,13,0,guardian,1,0
10,13,0,warrior,2,1500
10,13,0,ranger,1,0
10,13,0,rogue,1,0
10,13,1,human,1,0
10,13,1,dwarf,2,10
10,13,1,halfling,2,1000
10,13,1,guardian,2,15
10,13,1,warrior,2,1500
10,13,1,ranger,1,0
10,13,2,human,2,1000
10,13,2,dwarf,2,10
10,13,2,orc,1,0
10,13,2,dragonkin,1,0
10,13,2,guardian,4,30
10,13,2,ranger,1,0
10,13,2,priest,1,0
10,13,3,human,1,0
10,13,3,dwarf,3,10
10,13,3,orc,1,0
10,13,3,dragonkin,1,0
10,13,3,guardian,2,15
10,13,3,warrior,3,1500
10,13,3,ranger,1,0
10,13,4,human,1,0
10,13,4,elf,1,0
10,13,4,dwarf,1,0
10,13,4,halfling,1,0
10,13,4,dragonkin,1,0
10,13,4,warrior,3,1500
10,13,4,ranger,2,1500
10,13,5,human,1,0
10,13,5,dwarf,2,10
10,13,5,orc,1,0
10,13,5,dragonkin,2,15
10,13,5,guardian,2,15
10,13,5,warrior,2,1500
10,13,5,ranger,1,0
10,13,5,priest,1,0
10,13,6,human,2,1000
10,13,6,elf,1,0
10,13,6,dwarf,1,0
10,13,6,halfling,2,1000
10,13,6,guardian,2,15
10,13,6,warrior,2,1500
10,13,6,ranger,2,1500
10,13,7,human,2,1000
10,13,7,dwarf,3,10
10,13,7,orc,1,0
10,13,7,guardian,2,15
10,13,7,warrior,2,1500
10,13,7,rogue,1,0
10,13,7,priest,1,0
10,14,0,elf,1,0
10,14,0,dwarf,1,0
10,14,0,orc,2,1000
10,14,0,halfling,1,0
10,14,0,guardian,1,0
10,14,0,warrior,2,1500
10,14,0,ranger,1,0
10,14,0,rogue,1,0
10,14,1,human,1,0
10,14,1,dwarf,2,10
10,14,1,halfling,2,1000
10,14,1,guardian,2,15
10,14,1,warrior,2,1500
10,14,1,ranger,1,0
10,14,2,human,2,1000
10,14,2,dwarf,2,10
10,14,2,orc,1,0
10,14,2,dragonkin,1,0
10,14,2,guardian,4,30
10,14,2,ranger,1,0
10,14,2,priest,1,0
10,14,3,human,1,0
10,14,3,dwarf,3,10
10,14,3,orc,1,0
10,14,3,dragonkin,1,0
10,14,3,guardian,2,15
10,14,3,warrior,3,1500
10,14,3,ranger,1,0
10,14,4,human,1,0
10,14,4,elf,1,0
10,14,4,dwarf,1,0
10,14,4,halfling,1,0
10,14,4,dragonkin,1,0
10,14,4,warrior,3,1500
10,14,4,ranger,2,1500
10,14,5,human,1,0
10,14,5,dwarf,2,10
10,14,5,orc,1,0
10,14,5,dragonkin,2,15
10,14,5,guardian,2,15
10,14,5,warrior,2,1500
10,14,5,ranger,1,0
10,14,5,priest,1,0
10,14,6,human,2,1000
10,14,6,elf,1,0
10,14,6,dwarf,1,0
10,14,6,halfling,2,1000
10,14,6,guardian,2,15
10,14,6,warrior,2,1500
10,14,6,ranger,2,1500
10,14,7,human,2,1000
10,14,7,dwarf,3,10
10,14,7,orc,1,0
10,14,7,guardian,2,15
10,14,7,warrior,2,1500
10,14,7,rogue,1,0
10,14,7,priest,1,0
10,15,0,elf,1,0
10,15,0,dwarf,2,10
10,15,0,orc,2,1000
10,15,0,halfling,1,0
10,15,0,guardian,2,15
10,15,0,warrior,2,1500
10,15,0,ranger,1,0
10,15,0,rogue,1,0
10,15,1,human,1,0
10,15,1,dwarf,2,10
10,15,1,halfling,2,1000
10,15,1,guardian,2,15
10,15,1,warrior,2,1500
10,15,1,ranger,1,0
10,15,2,human,2,1000
10,15,2,dwarf,2,10
10,15,2,orc,1,0
10,15,2,dragonkin,1,0
10,15,2,guardian,4,30
10,15,2,ranger,1,0
10,15,2,priest,1,0
10,15,3,human,1,0
10,15,3,dwarf,3,10
10,15,3,orc,1,0
10,15,3,dragonkin,1,0
10,15,3,guardian,2,15
10,15,3,warrior,3,1500
10,15,3,ranger,1,0
10,15,4,elf,1,0
10,15,4,dwarf,2,10
10,15,4,halfling,1,0
10,15,4,dragonkin,1,0
10,15,4,guardian,1,0
10,15,4,warrior,2,1500
10,15,4,ranger,2,1500
10,15,5,human,1,0
10,15,5,dwarf,2,10
10,15,5,orc,1,0
10,15,5,dragonkin,2,15
10,15,5,guardian,2,15
10,15,5,warrior,2,1500
10,15,5,ranger,1,0
10,15,5,priest,1,0
10,15,6,elf,1,0
10,15,6,dwarf,1,0
10,15,6,halfling,2,1000
10,15,6,dragonkin,1,0
10,15,6,guardian,2,15
10,15,6,warrior,1,0
10,15,6,ranger,2,1500
10,15,7,human,2,1000
10,15,7,dwarf,3,10
10,15,7,orc,1,0
10,15,7,guardian,2,15
10,15,7,warrior,2,1500
10,15,7,rogue,1,0
10,15,7,priest,1,0
10,16,0,elf,1,0
10,16,0,dwarf,2,10
10,16,0,orc,2,1000
10,16,0,halfling,1,0
10,16,0,guardian,2,15
10,16,0,warrior,2,1500
10,16,0,ranger,1,0
10,16,0,rogue,1,0
10,16,1,human,2,1000
10,16,1,dwarf,2,10
10,16,1,halfling,2,1000
10,16,1,guardian,2,15
10,16,1,warrior,3,1500
10,16,1,ranger,1,0
10,16,2,human,2,1000
10,16,2,dwarf,2,10
10,16,2,orc,1,0
10,16,2,dragonkin,1,0
10,16,2,guardian,4,30
10,16,2,ranger,1,0
10,16,2,priest,1,0
10,16,3,human,1,0
10,16,3,dwarf,3,10
10,16,3,orc,1,0
10,16,3,dragonkin,1,0
10,16,3,guardian,2,15
10,16,3,warrior,3,1500
10,16,3,ranger,1,0
10,16,4,elf,1,0
10,16,4,dwarf,2,10
10,16,4,halfling,1,0
10,16,4,dragonkin,1,0
10,16,4,guardian,1,0
10,16,4,warrior,2,1500
10,16,4,ranger,2,1500
10,16,5,human,1,0
10,16,5,dwarf,2,10
10,16,5,orc,1,0
10,16,5,dragonkin,2,15
10,16,5,guardian,2,15
10,16,5,warrior,2,1500
10,16,5,ranger,1,0
10,16,5,priest,1,0
10,16,6,elf,1,0
10,16,6,dwarf,1,0
10,16,6,halfling,2,1000
10,16,6,dragonkin,1,0
10,16,6,guardian,2,15
10,16,6,warrior,1,0
10,16,6,ranger,2,1500
10,16,7,human,2,1000
10,16,7,dwarf,3,10
10,16,7,orc,1,0
10,16,7,guardian,2,15
10,16,7,warrior,2,1500
10,16,7,rogue,1,0
10,16,7,priest,1,0
10,17,0,elf,1,0
10,17,0,dwarf,2,10
10,17,0,orc,2,1000
10,17,0,halfling,1,0
10,17,0,guardian,2,15
10,17,0,warrior,2,1500
10,17,0,ranger,1,0
10,17,0,rogue,1,0
10,17,1,human,2,1000
10,17,1,dwarf,2,10
10,17,1,halfling,2,1000
10,17,1,guardian,2,15
10,17,1,warrior,3,1500
10,17,1,ranger,1,0
10,17,2,human,2,1000
10,17,2,dwarf,2,10
10,17,2,orc,1,0
10,17,2,dragonkin,1,0
10,17,2,guardian,4,30
10,17,2,ranger,1,0
10,17,2,priest,1,0
10,17,3,human,1,0
10,17,3,dwarf,3,10
10,17,3,orc,1,0
10,17,3,dragonkin,1,0
10,17,3,guardian,2,15
10,17,3,warrior,3,1500
10,17,3,ranger,1,0
10,17,4,elf,1,0
10,17,4,dwarf,2,10
10,17,4,halfling,1,0
10,17,4,dragonkin,1,0
10,17,4,guardian,1,0
10,17,4,warrior,2,1500
10,17,4,ranger,2,1500
10,17,5,human,1,0
10,17,5,dwarf,1,0
10,17,5,orc,1,0
10,17,5,dragonkin,2,15
10,17,5,guardian,2,15
10,17,5,warrior,2,1500
10,17,5,ranger,1,0
10,17,6,elf,1,0
10,17,6,dwarf,1,0
10,17,6,halfling,2,1000
10,17,6,dragonkin,1,0
10,17,6,guardian,2,15
10,17,6,warrior,1,0
10,17,6,ranger,2,1500
10,17,7,human,2,1000
10,17,7,dwarf,3,10
10,17,7,orc,1,0
10,17,7,guardian,2,15
10,17,7,warrior,2,1500
10,17,7,rogue,1,0
10,17,7,priest,1,0
10,18,0,elf,1,0
10,18,0,dwarf,2,10
10,18,0,orc,2,1000
10,18,0,halfling,1,0
10,18,0,guardian,2,15
10,18,0,warrior,2,1500
10,18,0,ranger,1,0
10,18,0,rogue,1,0
10,18,1,human,2,1000
10,18,1,dwarf,2,10
10,18,1,halfling,2,1000
10,18,1,guardian,2,15
10,18,1,warrior,3,1500
10,18,1,ranger,1,0
10,18,2,human,2,1000
10,18,2,dwarf,2,10
10,18,2,orc,1,0
10,18,2,dragonkin,1,0
10,18,2,guardian,4,30
10,18,2,ranger,1,0
10,18,2,priest,1,0
10,18,3,human,1,0
10,18,3,dwarf,3,10
10,18,3,orc,1,0
10,18,3,dragonkin,1,0
10,18,3,guardian,2,15
10,18,3,warrior,3,1500
10,18,3,ranger,1,0
10,18,4,elf,1,0
10,18,4,dwarf,2,10
10,18,4,halfling,1,0
10,18,4,dragonkin,1,0
10,18,4,guardian,1,0
10,18,4,warrior,2,1500
10,18,4,ranger,2,1500
10,18,5,human,1,0
10,18,5,dwarf,1,0
10,18,5,orc,1,0
10,18,5,dragonkin,2,15
10,18,5,guardian,2,15
10,18,5,warrior,2,1500
10,18,5,ranger,1,0
10,18,6,elf,1,0
10,18,6,dwarf,1,0
10,18,6,halfling,2,1000
10,18,6,dragonkin,1,0
10,18,6,guardian,2,15
10,18,6,warrior,1,0
10,18,6,ranger,2,1500
10,18,7,human,2,1000
10,18,7,dwarf,3,10
10,18,7,orc,1,0
10,18,7,guardian,2,15
10,18,7,warrior,2,1500
10,18,7,rogue,1,0
10,18,7,priest,1,0
10,19,0,elf,1,0
10,19,0,dwarf,2,10
10,19,0,orc,2,1000
10,19,0,halfling,1,0
10,19,0,guardian,2,15
10,19,0,warrior,2,1500
10,19,0,ranger,1,0
10,19,0,rogue,1,0
10,19,1,human,2,1000
10,19,1,dwarf,2,10
10,19,1,halfling,2,1000
10,19,1,guardian,2,15
10,19,1,warrior,3,1500
10,19,1,ranger,1,0
10,19,2,human,2,1000
10,19,2,dwarf,2,10
10,19,2,orc,1,0
10,19,2,dragonkin,1,0
10,19,2,guardian,4,30
10,19,2,ranger,1,0
10,19,2,priest,1,0
10,19,3,human,1,0
10,19,3,dwarf,3,10
10,19,3,orc,1,0
10,19,3,dragonkin,1,0
10,19,3,guardian,2,15
10,19,3,warrior,3,1500
10,19,3,ranger,1,0
10,19,4,elf,1,0
10,19,4,dwarf,2,10
10,19,4,halfling,1,0
10,19,4,dragonkin,1,0
10,19,4,guardian,1,0
10,19,4,warrior,2,1500
10,19,4,ranger,2,1500
10,19,5,human,1,0
10,19,5,dwarf,1,0
10,19,5,orc,1,0
10,19,5,dragonkin,2,15
10,19,5,guardian,2,15
10,19,5,warrior,2,1500
10,19,5,ranger,1,0
10,19,6,elf,1,0
10,19,6,dwarf,1,0
10,19,6,halfling,2,1000
10,19,6,dragonkin,1,0
10,19,6,guardian,2,15
10,19,6,warrior,1,0
10,19,6,ranger,2,1500
10,19,7,human,1,0
10,19,7,dwarf,3,10
10,19,7,orc,1,0
10,19,7,guardian,1,0
10,19,7,warrior,2,1500
10,19,7,rogue,1,0
10,19,7,priest,1,0
10,20,0,elf,1,0
10,20,0,dwarf,2,10
10,20,0,orc,2,1000
10,20,0,halfling,1,0
10,20,0,guardian,2,15
10,20,0,warrior,2,1500
10,20,0,ranger,1,0
10,20,0,rogue,1,0
10,20,1,human,2,1000
10,20,1,dwarf,2,10
10,20,1,halfling,2,1000
10,20,1,guardian,2,15
10,20,1,warrior,3,1500
10,20,1,ranger,1,0
10,20,2,human,2,1000
10,20,2,dwarf,2,10
10,20,2,orc,1,0
10,20,2,dragonkin,1,0
10,20,2,guardian,4,30
10,20,2,ranger,1,0
10,20,2,priest,1,0
10,20,3,human,1,0
10,20,3,dwarf,3,10
10,20,3,orc,1,0
10,20,3,dragonkin,1,0
10,20,3,guardian,2,15
10,20,3,warrior,3,1500
10,20,3,ranger,1,0
10,20,4,elf,1,0
10,20,4,dwarf,2,10
10,20,4,halfling,1,0
10,20,4,dragonkin,1,0
10,20,4,guardian,1,0
10,20,4,warrior,2,1500
10,20,4,ranger,2,1500
10,20,5,human,1,0
10,20,5,dwarf,1,0
10,20,5,orc,1,0
10,20,5,dragonkin,2,15
10,20,5,guardian,2,15
10,20,5,warrior,2,1500
10,20,5,ranger,1,0
10,20,6,elf,1,0
10,20,6,dwarf,1,0
10,20,6,halfling,2,1000
10,20,6,dragonkin,1,0
10,20,6,guardian,2,15
10,20,6,warrior,1,0
10,20,6,ranger,2,1500
10,20,7,human,1,0
10,20,7,dwarf,3,10
10,20,7,orc,1,0
10,20,7,guardian,1,0
10,20,7,warrior,2,1500
10,20,7,rogue,1,0
10,20,7,priest,1,0
10,21,0,elf,1,0
10,21,0,dwarf,2,10
10,21,0,orc,2,1000
10,21,0,halfling,1,0
10,21,0,guardian,2,15
10,21,0,warrior,2,1500
10,21,0,ranger,1,0
10,21,0,rogue,1,0
10,21,1,human,2,1000
10,21,1,dwarf,2,10
10,21,1,halfling,2,1000
10,21,1,guardian,2,15
10,21,1,warrior,3,1500
10,21,1,ranger,1,0
10,21,2,human,2,1000
10,21,2,dwarf,2,10
10,21,2,orc,1,0
10,21,2,dragonkin,1,0
10,21,2,guardian,4,30
10,21,2,ranger,1,0
10,21,2,priest,1,0
10,21,3,human,1,0
10,21,3,dwarf,3,10
10,21,3,orc,1,0
10,21,3,dragonkin,1,0
10,21,3,guardian,2,15
10,21,3,warrior,3,1500
10,21,3,ranger,1,0
10,21,4,elf,1,0
10,21,4,dwarf,2,10
10,21,4,halfling,1,0
10,21,4,dragonkin,1,0
10,21,4,guardian,1,0
10,21,4,warrior,2,1500
10,21,4,ranger,2,1500
10,21,5,human,1,0
10,21,5,dwarf,1,0
10,21,5,orc,1,0
10,21,5,dragonkin,2,15
10,21,5,guardian,2,15
10,21,5,warrior,2,1500
10,21,5,ranger,1,0
10,21,6,elf,1,0
10,21,6,dwarf,1,0
10,21,6,halfling,2,1000
10,21,6,dragonkin,1,0
10,21,6,guardian,2,15
10,21,6,warrior,1,0
10,21,6,ranger,2,1500
10,21,7,human,1,0
10,21,7,dwarf,3,10
10,21,7,orc,1,0
10,21,7,guardian,1,0
10,21,7,warrior,2,1500
10,21,7,rogue,1,0
10,21,7,priest,1,0
10,22,0,elf,1,0
10,22,0,dwarf,2,10
10,22,0,orc,2,1000
10,22,0,halfling,1,0
10,22,0,guardian,2,15
10,22,0,warrior,2,1500
10,22,0,ranger,1,0
10,22,0,rogue,1,0
10,22,1,human,2,1000
10,22,1,dwarf,2,10
10,22,1,halfling,2,1000
10,22,1,guardian,2,15
10,22,1,warrior,3,1500
10,22,1,ranger,1,0
10,22,2,human,2,1000
10,22,2,dwarf,2,10
10,22,2,orc,1,0
10,22,2,dragonkin,1,0
10,22,2,guardian,4,30
10,22,2,ranger,1,0
10,22,2,priest,1,0
10,22,3,human,1,0
10,22,3,dwarf,3,10
10,22,3,orc,1,0
10,22,3,dragonkin,1,0
10,22,3,guardian,2,15
10,22,3,warrior,3,1500
10,22,3,ranger,1,0
10,22,4,elf,1,0
10,22,4,dwarf,2,10
10,22,4,halfling,1,0
10,22,4,dragonkin,1,0
10,22,4,guardian,1,0
10,22,4,warrior,2,1500
10,22,4,ranger,2,1500
10,22,5,human,1,0
10,22,5,dwarf,1,0
10,22,5,orc,1,0
10,22,5,dragonkin,2,15
10,22,5,guardian,2,15
10,22,5,warrior,2,1500
10,22,5,ranger,1,0
10,22,6,elf,1,0
10,22,6,dwarf,1,0
10,22,6,halfling,2,1000
10,22,6,dragonkin,1,0
10,22,6,guardian,2,15
10,22,6,warrior,1,0
10,22,6,ranger,2,1500
10,22,7,human,1,0
10,22,7,dwarf,3,10
10,22,7,orc,1,0
10,22,7,guardian,1,0
10,22,7,warrior,2,1500
10,22,7,rogue,1,0
10,22,7,priest,1,0
10,23,0,elf,1,0
10,23,0,dwarf,2,10
10,23,0,orc,2,1000
10,23,0,halfling,1,0
10,23,0,guardian,2,15
10,23,0,warrior,2,1500
10,23,0,ranger,1,0
10,23,0,rogue,1,0
10,23,1,human,2,1000
10,23,1,dwarf,2,10
10,23,1,halfling,2,1000
10,23,1,guardian,2,15
10,23,1,warrior,3,1500
10,23,1,ranger,1,0
10,23,2,human,2,1000
10,23,2,dwarf,2,10
10,23,2,orc,1,0
10,23,2,dragonkin,1,0
10,23,2,guardian,4,30
10,23,2,ranger,1,0
10,23,2,priest,1,0
10,23,3,human,1,0
10,23,3,dwarf,3,10
10,23,3,orc,1,0
10,23,3,dragonkin,1,0
10,23,3,guardian,2,15
10,23,3,warrior,3,1500
10,23,3,ranger,1,0
10,23,4,elf,1,0
10,23,4,dwarf,2,10
10,23,4,halfling,1,0
10,23,4,dragonkin,1,0
10,23,4,guardian,1,0
10,23,4,warrior,2,1500
10,23,4,ranger,2,1500
10,23,5,human,1,0
10,23,5,dwarf,1,0
10,23,5,orc,1,0
10,23,5,dragonkin,2,15
10,23,5,guardian,2,15
10,23,5,warrior,2,1500
10,23,5,ranger,1,0
10,23,6,elf,1,0
10,23,6,dwarf,1,0
10,23,6,halfling,2,1000
10,23,6,dragonkin,1,0
10,23,6,guardian,2,15
10,23,6,warrior,1,0
10,23,6,ranger,2,1500
10,23,7,human,1,0
10,23,7,dwarf,3,10
10,23,7,orc,1,0
10,23,7,guardian,1,0
10,23,7,warrior,2,1500
10,23,7,rogue,1,0
10,23,7,priest,1,0
10,24,0,elf,1,0
10,24,0,dwarf,2,10
10,24,0,orc,2,1000
10,24,0,halfling,1,0
10,24,0,guardian,2,15
10,24,0,warrior,2,1500
10,24,0,ranger,1,0
10,24,0,rogue,1,0
10,24,1,human,2,1000
10,24,1,dwarf,2,10
10,24,1,halfling,2,1000
10,24,1,guardian,2,15
10,24,1,warrior,3,1500
10,24,1,ranger,1,0
10,24,2,human,2,1000
10,24,2,dwarf,2,10
10,24,2,orc,1,0
10,24,2,dragonkin,1,0
10,24,2,guardian,4,30
10,24,2,ranger,1,0
10,24,2,priest,1,0
10,24,3,human,1,0
10,24,3,dwarf,3,10
10,24,3,orc,1,0
10,24,3,dragonkin,1,0
10,24,3,guardian,2,15
10,24,3,warrior,3,1500
10,24,3,ranger,1,0
10,24,4,elf,1,0
10,24,4,dwarf,2,10
10,24,4,halfling,1,0
10,24,4,dragonkin,1,0
10,24,4,guardian,1,0
10,24,4,warrior,2,1500
10,24,4,ranger,2,1500
10,24,5,human,1,0
10,24,5,dwarf,1,0
10,24,5,orc,1,0
10,24,5,dragonkin,2,15
10,24,5,guardian,2,15
10,24,5,warrior,2,1500
10,24,5,ranger,1,0
10,24,6,elf,1,0
10,24,6,dwarf,1,0
10,24,6,halfling,2,1000
10,24,6,dragonkin,1,0
10,24,6,guardian,2,15
10,24,6,warrior,1,0
10,24,6,ranger,2,1500
10,24,7,human,1,0
10,24,7,dwarf,3,10
10,24,7,orc,1,0
10,24,7,guardian,1,0
10,24,7,warrior,2,1500
10,24,7,rogue,1,0
10,24,7,priest,1,0
10,25,0,elf,1,0
10,25,0,dwarf,2,10
10,25,0,orc,2,1000
10,25,0,halfling,1,0
10,25,0,guardian,2,15
10,25,0,warrior,2,1500
10,25,0,ranger,1,0
10,25,0,rogue,1,0
10,25,1,human,2,1000
10,25,1,dwarf,2,10
10,25,1,halfling,2,1000
10,25,1,guardian,2,15
10,25,1,warrior,3,1500
10,25,1,ranger,1,0
10,25,2,human,2,1000
10,25,2,dwarf,2,10
10,25,2,orc,1,0
10,25,2,dragonkin,1,0
10,25,2,guardian,4,30
10,25,2,ranger,1,0
10,25,2,priest,1,0
10,25,3,human,1,0
10,25,3,dwarf,3,10
10,25,3,orc,1,0
10,25,3,dragonkin,1,0
10,25,3,guardian,2,15
10,25,3,warrior,3,1500
10,25,3,ranger,1,0
10,25,4,elf,1,0
10,25,4,dwarf,2,10
10,25,4,halfling,1,0
10,25,4,dragonkin,1,0
10,25,4,guardian,1,0
10,25,4,warrior,2,1500
10,25,4,ranger,2,1500
10,25,5,human,1,0
10,25,5,dwarf,1,0
10,25,5,orc,1,0
10,25,5,dragonkin,2,15
10,25,5,guardian,2,15
10,25,5,warrior,2,1500
10,25,5,ranger,1,0
10,25,6,elf,1,0
10,25,6,dwarf,1,0
10,25,6,halfling,2,1000
10,25,6,dragonkin,1,0
10,25,6,guardian,2,15
10,25,6,warrior,1,0
10,25,6,ranger,2,1500
10,25,7,human,1,0
10,25,7,dwarf,3,10
10,25,7,orc,1,0
10,25,7,guardian,1,0
10,25,7,warrior,2,1500
10,25,7,rogue,1,0
10,25,7,priest,1,0
10,26,0,elf,1,0
10,26,0,dwarf,2,10
10,26,0,orc,2,1000
10,26,0,halfling,1,0
10,26,0,guardian,2,15
10,26,0,warrior,2,1500
10,26,0,ranger,1,0
10,26,0,rogue,1,0
10,26,1,human,2,1000
10,26,1,dwarf,2,10
10,26,1,halfling,2,1000
10,26,1,guardian,2,15
10,26,1,warrior,3,1500
10,26,1,ranger,1,0
10,26,2,human,2,1000
10,26,2,dwarf,2,10
10,26,2,orc,1,0
10,26,2,dragonkin,1,0
10,26,2,guardian,4,30
10,26,2,ranger,1,0
10,26,2,priest,1,0
10,26,3,human,1,0
10,26,3,dwarf,3,10
10,26,3,orc,1,0
10,26,3,dragonkin,1,0
10,26,3,guardian,2,15
10,26,3,warrior,3,1500
10,26,3,ranger,1,0
10,26,4,elf,1,0
10,26,4,dwarf,2,10
10,26,4,halfling,1,0
10,26,4,dragonkin,1,0
10,26,4,guardian,1,0
10,26,4,warrior,2,1500
10,26,4,ranger,2,1500
10,26,5,human,1,0
10,26,5,dwarf,1,0
10,26,5,orc,1,0
10,26,5,dragonkin,2,15
10,26,5,guardian,2,15
10,26,5,warrior,2,1500
10,26,5,ranger,1,0
10,26,6,elf,1,0
10,26,6,dwarf,1,0
10,26,6,halfling,2,1000
10,26,6,dragonkin,1,0
10,26,6,guardian,2,15
10,26,6,warrior,1,0
10,26,6,ranger,2,1500
10,26,7,human,1,0
10,26,7,dwarf,3,10
10,26,7,orc,1,0
10,26,7,guardian,1,0
10,26,7,warrior,2,1500
10,26,7,rogue,1,0
10,26,7,priest,1,0
10,27,0,elf,1,0
10,27,0,dwarf,2,10
10,27,0,orc,2,1000
10,27,0,halfling,1,0
10,27,0,guardian,2,15
10,27,0,warrior,2,1500
10,27,0,ranger,1,0
10,27,0,rogue,1,0
10,27,1,human,2,1000
10,27,1,dwarf,2,10
10,27,1,halfling,2,1000
10,27,1,guardian,2,15
10,27,1,warrior,3,1500
10,27,1,ranger,1,0
10,27,2,human,2,1000
10,27,2,dwarf,2,10
10,27,2,orc,1,0
10,27,2,dragonkin,1,0
10,27,2,guardian,4,30
10,27,2,ranger,1,0
10,27,2,priest,1,0
10,27,3,human,1,0
10,27,3,dwarf,3,10
10,27,3,orc,1,0
10,27,3,dragonkin,1,0
10,27,3,guardian,2,15
10,27,3,warrior,3,1500
10,27,3,ranger,1,0
10,27,4,elf,1,0
10,27,4,dwarf,2,10
10,27,4,halfling,1,0
10,27,4,dragonkin,1,0
10,27,4,guardian,1,0
10,27,4,warrior,2,1500
10,27,4,ranger,2,1500
10,27,5,human,1,0
10,27,5,dwarf,1,0
10,27,5,orc,1,0
10,27,5,dragonkin,2,15
10,27,5,guardian,2,15
10,27,5,warrior,2,1500
10,27,5,ranger,1,0
10,27,6,elf,1,0
10,27,6,dwarf,1,0
10,27,6,halfling,2,1000
10,27,6,dragonkin,1,0
10,27,6,guardian,2,15
10,27,6,warrior,1,0
10,27,6,ranger,2,1500
10,27,7,human,1,0
10,27,7,dwarf,3,10
10,27,7,orc,1,0
10,27,7,guardian,1,0
10,27,7,warrior,2,1500
10,27,7,rogue,1,0
10,27,7,priest,1,0
10,28,0,elf,1,0
10,28,0,dwarf,2,10
10,28,0,orc,2,1000
10,28,0,halfling,1,0
10,28,0,guardian,2,15
10,28,0,warrior,2,1500
10,28,0,ranger,1,0
10,28,0,rogue,1,0
10,28,1,human,2,1000
10,28,1,dwarf,2,10
10,28,1,halfling,2,1000
10,28,1,guardian,2,15
10,28,1,warrior,3,1500
10,28,1,ranger,1,0
10,28,2,human,2,1000
10,28,2,dwarf,2,10
10,28,2,orc,1,0
10,28,2,dragonkin,1,0
10,28,2,guardian,4,30
10,28,2,ranger,1,0
10,28,2,priest,1,0
10,28,3,human,1,0
10,28,3,dwarf,3,10
10,28,3,orc,1,0
10,28,3,dragonkin,1,0
10,28,3,guardian,2,15
10,28,3,warrior,3,1500
10,28,3,ranger,1,0
10,28,4,elf,1,0
10,28,4,dwarf,2,10
10,28,4,halfling,1,0
10,28,4,dragonkin,1,0
10,28,4,guardian,1,0
10,28,4,warrior,2,1500
10,28,4,ranger,2,1500
10,28,5,human,1,0
10,28,5,dwarf,1,0
10,28,5,orc,1,0
10,28,5,dragonkin,2,15
10,28,5,guardian,2,15
10,28,5,warrior,2,1500
10,28,5,ranger,1,0
10,28,6,elf,1,0
10,28,6,dwarf,1,0
10,28,6,halfling,2,1000
10,28,6,dragonkin,1,0
10,28,6,guardian,2,15
10,28,6,warrior,1,0
10,28,6,ranger,2,1500
10,28,7,human,1,0
10,28,7,dwarf,3,10
10,28,7,orc,1,0
10,28,7,guardian,1,0
10,28,7,warrior,2,1500
10,28,7,rogue,1,0
10,28,7,priest,1,0
10,29,0,elf,1,0
10,29,0,dwarf,2,10
10,29,0,orc,2,1000
10,29,0,halfling,1,0
10,29,0,guardian,2,15
10,29,0,warrior,2,1500
10,29,0,ranger,1,0
10,29,0,rogue,1,0
10,29,1,human,2,1000
10,29,1,dwarf,2,10
10,29,1,halfling,2,1000
10,29,1,guardian,2,15
10,29,1,warrior,3,1500
10,29,1,ranger,1,0
10,29,2,human,2,1000
10,29,2,dwarf,2,10
10,29,2,orc,1,0
10,29,2,dragonkin,1,0
10,29,2,guardian,4,30
10,29,2,ranger,1,0
10,29,2,priest,1,0
10,29,3,human,1,0
10,29,3,dwarf,3,10
10,29,3,orc,1,0
10,29,3,dragonkin,1,0
10,29,3,guardian,2,15
10,29,3,warrior,3,1500
10,29,3,ranger,1,0
10,29,4,elf,1,0
10,29,4,dwarf,2,10
10,29,4,halfling,1,0
10,29,4,dragonkin,1,0
10,29,4,guardian,1,0
10,29,4,warrior,2,1500
10,29,4,ranger,2,1500
10,29,5,human,1,0
10,29,5,dwarf,1,0
10,29,5,orc,1,0
10,29,5,dragonkin,2,15
10,29,5,guardian,2,15
10,29,5,warrior,2,1500
10,29,5,ranger,1,0
10,29,6,elf,1,0
10,29,6,dwarf,1,0
10,29,6,halfling,2,1000
10,29,6,dragonkin,1,0
10,29,6,guardian,2,15
10,29,6,warrior,1,0
10,29,6,ranger,2,1500
10,29,7,human,1,0
10,29,7,dwarf,3,10
10,29,7,orc,1,0
10,29,7,guardian,1,0
10,29,7,warrior,2,1500
10,29,7,rogue,1,0
10,29,7,priest,1,0
10,30,0,elf,1,0
10,30,0,dwarf,2,10
10,30,0,orc,2,1000
10,30,0,halfling,1,0
10,30,0,guardian,2,15
10,30,0,warrior,2,1500
10,30,0,ranger,1,0
10,30,0,rogue,1,0
10,30,1,human,2,1000
10,30,1,dwarf,2,10
10,30,1,halfling,2,1000
10,30,1,guardian,2,15
10,30,1,warrior,3,1500
10,30,1,ranger,1,0
10,30,2,human,2,1000
10,30,2,dwarf,2,10
10,30,2,orc,1,0
10,30,2,dragonkin,1,0
10,30,2,guardian,4,30
10,30,2,ranger,1,0
10,30,2,priest,1,0
10,30,3,human,1,0
10,30,3,dwarf,3,10
10,30,3,orc,1,0
10,30,3,dragonkin,1,0
10,30,3,guardian,2,15
10,30,3,warrior,3,1500
10,30,3,ranger,1,0
10,30,4,elf,1,0
10,30,4,dwarf,2,10
10,30,4,halfling,1,0
10,30,4,dragonkin,1,0
10,30,4,guardian,1,0
10,30,4,warrior,2,1500
10,30,4,ranger,2,1500
10,30,5,human,1,0
10,30,5,dwarf,1,0
10,30,5,orc,1,0
10,30,5,dragonkin,2,15
10,30,5,guardian,2,15
10,30,5,warrior,2,1500
10,30,5,ranger,1,0
10,30,6,elf,1,0
10,30,6,dwarf,1,0
10,30,6,halfling,2,1000
10,30,6,dragonkin,1,0
10,30,6,guardian,2,15
10,30,6,warrior,1,0
10,30,6,ranger,2,1500
10,30,7,human,1,0
10,30,7,dwarf,3,10
10,30,7,orc,1,0
10,30,7,guardian,1,0
10,30,7,warrior,2,1500
10,30,7,rogue,1,0
10,30,7,priest,1,0
10,31,0,elf,1,0
10,31,0,dwarf,2,10
10,31,0,orc,2,1000
10,31,0,halfling,1,0
10,31,0,guardian,2,15
10,31,0,warrior,2,1500
10,31,0,ranger,1,0
10,31,0,rogue,1,0
10,31,1,human,2,1000
10,31,1,dwarf,2,10
10,31,1,halfling,2,1000
10,31,1,guardian,2,15
10,31,1,warrior,3,1500
10,31,1,ranger,1,0
10,31,2,human,2,1000
10,31,2,dwarf,2,10
10,31,2,orc,1,0
10,31,2,dragonkin,1,0
10,31,2,guardian,4,30
10,31,2,ranger,1,0
10,31,2,priest,1,0
10,31,3,human,1,0
10,31,3,dwarf,3,10
10,31,3,orc,1,0
10,31,3,dragonkin,1,0
10,31,3,guardian,2,15
10,31,3,warrior,3,1500
10,31,3,ranger,1,0
10,31,4,elf,1,0
10,31,4,dwarf,2,10
10,31,4,halfling,1,0
10,31,4,dragonkin,1,0
10,31,4,guardian,1,0
10,31,4,warrior,2,1500
10,31,4,ranger,2,1500
10,31,5,human,1,0
10,31,5,dwarf,1,0
10,31,5,orc,1,0
10,31,5,dragonkin,2,15
10,31,5,guardian,2,15
10,31,5,warrior,2,1500
10,31,5,ranger,1,0
10,31,6,elf,1,0
10,31,6,dwarf,1,0
10,31,6,halfling,2,1000
10,31,6,dragonkin,1,0
10,31,6,guardian,2,15
10,31,6,warrior,1,0
10,31,6,ranger,2,1500
10,31,7,human,1,0
10,31,7,dwarf,3,10
10,31,7,orc,1,0
10,31,7,guardian,1,0
10,31,7,warrior,2,1500
10,31,7,rogue,1,0
10,31,7,priest,1,0
