Using bundled DotNet SDK version: 8.0.412 win-x64
Running UnrealBuildTool: dotnet "..\..\Engine\Binaries\DotNET\UnrealBuildTool\UnrealBuildTool.dll" WonderChessEditor Win64 Development "C:\Users\iputu\Documents\Wonder Chess\game\WonderChess.uproject" -WaitMutex -NoHotReloadFromIDE
Log file: C:\Users\iputu\AppData\Local\UnrealBuildTool\Log.txt
Using 'git status' to determine working set for adaptive non-unity build (C:\Users\iputu\Documents\Wonder Chess).
Creating makefile for WonderChessEditor (.uproject file is newer)
UHT compiled-in object format Default
Parsing headers for WonderChessEditor
  Running Internal UnrealHeaderTool "C:\Users\iputu\Documents\Wonder Chess\game\WonderChess.uproject" "C:\Users\iputu\Documents\Wonder Chess\game\Intermediate\Build\Win64\WonderChessEditor\Development\WonderChessEditor.uhtmanifest" -WarningsAsErrors -installed
UHT processed WonderChessEditor in 7.1159863 seconds (5 files written)
Building WonderChessEditor...
Using Visual Studio 2022 14.44.35226 toolchain (C:\Program Files\Microsoft Visual Studio\2022\Community\VC\Tools\MSVC\14.44.35207) and Windows 10.0.22621.0 SDK (C:\Program Files (x86)\Windows Kits\10).
Determining max actions to execute in parallel (8 physical cores, 16 logical cores)
  Executing up to 8 processes, one per physical core
  Requested 1.5 GB memory per action, 2.58 GB available: limiting max parallel actions to 1
Using Unreal Build Accelerator local executor to run 14 action(s)
  Storage capacity 40Gb
---- Starting trace: 260906_135507 ----
UbaServer - Listening on 0.0.0.0:1345
[1/14] Compile [x64] Module.WonderChessRuntime.gen.cpp
[2/14] Compile [x64] WCBoardPresenter.cpp
[3/14] Compile [x64] WCDefinitionRegistry.cpp
[4/14] Compile [x64] WCImportedAssetTests.cpp
[5/14] Compile [x64] WCMatchHUD.cpp
C:\Users\iputu\Documents\Wonder Chess\game\Source\WonderChessRuntime\Private\WCMatchHUD.cpp(232,34): error C2664: 'FString FString::Printf<int32>(UE::Core::Private::FormatStringSan::TCheckedFormatStringPrivate<FString::FmtCharType,int>,int32)': cannot convert argument 1 from 'const FString::ElementType *' to 'UE::Core::Private::FormatStringSan::TCheckedFormatStringPrivate<FString::FmtCharType,int>'
        if(Network)Text(FString::Printf(*T(P,TEXT("Connected humans: %d / 2"),TEXT("Pemain terhubung: %d / 2")),int(State->GetNumberField(TEXT("connected")))),130,884,1,Gold);
                                 ^
C:\Users\iputu\Documents\Wonder Chess\game\Source\WonderChessRuntime\Private\WCMatchHUD.cpp(232,41): note: 'UE::Core::Private::FormatStringSan::TCheckedFormatStringPrivate<FString::FmtCharType,int>::TCheckedFormatStringPrivate': no overloaded function could convert all the argument types
        if(Network)Text(FString::Printf(*T(P,TEXT("Connected humans: %d / 2"),TEXT("Pemain terhubung: %d / 2")),int(State->GetNumberField(TEXT("connected")))),130,884,1,Gold);
                                        ^
C:\Program Files\Epic Games\UE_5.7\Engine\Source\Runtime\Core\Public\String\FormatStringSan.h(520,1): note: could be 'UE::Core::Private::FormatStringSan::TCheckedFormatStringPrivate<FString::FmtCharType,int>::TCheckedFormatStringPrivate(UE::Core::Private::FormatStringSan::TCheckedFormatStringPrivate<FString::FmtCharType,int> &&)'
		};
^
C:\Users\iputu\Documents\Wonder Chess\game\Source\WonderChessRuntime\Private\WCMatchHUD.cpp(232,41): note: 'UE::Core::Private::FormatStringSan::TCheckedFormatStringPrivate<FString::FmtCharType,int>::TCheckedFormatStringPrivate(UE::Core::Private::FormatStringSan::TCheckedFormatStringPrivate<FString::FmtCharType,int> &&)': cannot convert argument 1 from 'const FString::ElementType *' to 'UE::Core::Private::FormatStringSan::TCheckedFormatStringPrivate<FString::FmtCharType,int> &&'
        if(Network)Text(FString::Printf(*T(P,TEXT("Connected humans: %d / 2"),TEXT("Pemain terhubung: %d / 2")),int(State->GetNumberField(TEXT("connected")))),130,884,1,Gold);
                                        ^
C:\Users\iputu\Documents\Wonder Chess\game\Source\WonderChessRuntime\Private\WCMatchHUD.cpp(232,41): note: Reason: cannot convert from 'const FString::ElementType *' to 'UE::Core::Private::FormatStringSan::TCheckedFormatStringPrivate<FString::FmtCharType,int>'
C:\Users\iputu\Documents\Wonder Chess\game\Source\WonderChessRuntime\Private\WCMatchHUD.cpp(232,41): note: Conversion requires a second user-defined-conversion operator or constructor
C:\Program Files\Epic Games\UE_5.7\Engine\Source\Runtime\Core\Public\String\FormatStringSan.h(520,1): note: or       'UE::Core::Private::FormatStringSan::TCheckedFormatStringPrivate<FString::FmtCharType,int>::TCheckedFormatStringPrivate(const UE::Core::Private::FormatStringSan::TCheckedFormatStringPrivate<FString::FmtCharType,int> &)'
		};
^
C:\Users\iputu\Documents\Wonder Chess\game\Source\WonderChessRuntime\Private\WCMatchHUD.cpp(232,41): note: 'UE::Core::Private::FormatStringSan::TCheckedFormatStringPrivate<FString::FmtCharType,int>::TCheckedFormatStringPrivate(const UE::Core::Private::FormatStringSan::TCheckedFormatStringPrivate<FString::FmtCharType,int> &)': cannot convert argument 1 from 'const FString::ElementType *' to 'const UE::Core::Private::FormatStringSan::TCheckedFormatStringPrivate<FString::FmtCharType,int> &'
        if(Network)Text(FString::Printf(*T(P,TEXT("Connected humans: %d / 2"),TEXT("Pemain terhubung: %d / 2")),int(State->GetNumberField(TEXT("connected")))),130,884,1,Gold);
                                        ^
C:\Users\iputu\Documents\Wonder Chess\game\Source\WonderChessRuntime\Private\WCMatchHUD.cpp(232,41): note: Reason: cannot convert from 'const FString::ElementType *' to 'const UE::Core::Private::FormatStringSan::TCheckedFormatStringPrivate<FString::FmtCharType,int>'
C:\Users\iputu\Documents\Wonder Chess\game\Source\WonderChessRuntime\Private\WCMatchHUD.cpp(232,41): note: Conversion requires a second user-defined-conversion operator or constructor
C:\Program Files\Epic Games\UE_5.7\Engine\Source\Runtime\Core\Public\String\FormatStringSan.h(487,4): note: or       'UE::Core::Private::FormatStringSan::TCheckedFormatStringPrivate<FString::FmtCharType,int>::TCheckedFormatStringPrivate(const CharType (&)[N])'
        with
        [
            CharType=FString::FmtCharType
        ]
			consteval TCheckedFormatStringPrivate(const CharType (&Fmt)[N])
			^
C:\Users\iputu\Documents\Wonder Chess\game\Source\WonderChessRuntime\Private\WCMatchHUD.cpp(232,41): note: while trying to match the argument list '(const FString::ElementType *)'
        if(Network)Text(FString::Printf(*T(P,TEXT("Connected humans: %d / 2"),TEXT("Pemain terhubung: %d / 2")),int(State->GetNumberField(TEXT("connected")))),130,884,1,Gold);
                                        ^
C:\Program Files\Epic Games\UE_5.7\Engine\Source\Runtime\Core\Public\Containers\UnrealString.h.inl(1423,39): note: see declaration of 'FString::Printf'
	[[nodiscard]] static UE_STRING_CLASS Printf(UE::Core::TCheckedFormatString<FmtCharType, Types...> Fmt, Types... Args)
	                                     ^
C:\Users\iputu\Documents\Wonder Chess\game\Source\WonderChessRuntime\Private\WCMatchHUD.cpp(232,34): note: while trying to match the argument list '(const FString::ElementType *, int)'
        if(Network)Text(FString::Printf(*T(P,TEXT("Connected humans: %d / 2"),TEXT("Pemain terhubung: %d / 2")),int(State->GetNumberField(TEXT("connected")))),130,884,1,Gold);
                                 ^
C:\Users\iputu\Documents\Wonder Chess\game\Source\WonderChessRuntime\Private\WCMatchHUD.cpp(242,43): error C2664: 'FString FString::Printf<int,int>(UE::Core::Private::FormatStringSan::TCheckedFormatStringPrivate<FString::FmtCharType,int,int>,int,int)': cannot convert argument 1 from 'const FString::ElementType *' to 'UE::Core::Private::FormatStringSan::TCheckedFormatStringPrivate<FString::FmtCharType,int,int>'
            if(Seat<Humans){Text(FString::Printf(*T(P,TEXT("%d  Captain %d"),TEXT("%d  Kapten %d")),Seat+1,Seat+1),1012,Y+9,.98,Gold);Text(Seat<Connected?T(P,TEXT("Human - connected"),TEXT("Pemain - terhubung")):T(P,TEXT("Human - waiting for LAN player"),TEXT("Pemain - menunggu koneksi LAN")),1325,Y+12,.82,Muted);}
                                          ^
C:\Users\iputu\Documents\Wonder Chess\game\Source\WonderChessRuntime\Private\WCMatchHUD.cpp(242,50): note: 'UE::Core::Private::FormatStringSan::TCheckedFormatStringPrivate<FString::FmtCharType,int,int>::TCheckedFormatStringPrivate': no overloaded function could convert all the argument types
            if(Seat<Humans){Text(FString::Printf(*T(P,TEXT("%d  Captain %d"),TEXT("%d  Kapten %d")),Seat+1,Seat+1),1012,Y+9,.98,Gold);Text(Seat<Connected?T(P,TEXT("Human - connected"),TEXT("Pemain - terhubung")):T(P,TEXT("Human - waiting for LAN player"),TEXT("Pemain - menunggu koneksi LAN")),1325,Y+12,.82,Muted);}
                                                 ^
C:\Program Files\Epic Games\UE_5.7\Engine\Source\Runtime\Core\Public\String\FormatStringSan.h(520,1): note: could be 'UE::Core::Private::FormatStringSan::TCheckedFormatStringPrivate<FString::FmtCharType,int,int>::TCheckedFormatStringPrivate(UE::Core::Private::FormatStringSan::TCheckedFormatStringPrivate<FString::FmtCharType,int,int> &&)'
		};
^
C:\Users\iputu\Documents\Wonder Chess\game\Source\WonderChessRuntime\Private\WCMatchHUD.cpp(242,50): note: 'UE::Core::Private::FormatStringSan::TCheckedFormatStringPrivate<FString::FmtCharType,int,int>::TCheckedFormatStringPrivate(UE::Core::Private::FormatStringSan::TCheckedFormatStringPrivate<FString::FmtCharType,int,int> &&)': cannot convert argument 1 from 'const FString::ElementType *' to 'UE::Core::Private::FormatStringSan::TCheckedFormatStringPrivate<FString::FmtCharType,int,int> &&'
            if(Seat<Humans){Text(FString::Printf(*T(P,TEXT("%d  Captain %d"),TEXT("%d  Kapten %d")),Seat+1,Seat+1),1012,Y+9,.98,Gold);Text(Seat<Connected?T(P,TEXT("Human - connected"),TEXT("Pemain - terhubung")):T(P,TEXT("Human - waiting for LAN player"),TEXT("Pemain - menunggu koneksi LAN")),1325,Y+12,.82,Muted);}
                                                 ^
C:\Users\iputu\Documents\Wonder Chess\game\Source\WonderChessRuntime\Private\WCMatchHUD.cpp(242,50): note: Reason: cannot convert from 'const FString::ElementType *' to 'UE::Core::Private::FormatStringSan::TCheckedFormatStringPrivate<FString::FmtCharType,int,int>'
C:\Users\iputu\Documents\Wonder Chess\game\Source\WonderChessRuntime\Private\WCMatchHUD.cpp(242,50): note: Conversion requires a second user-defined-conversion operator or constructor
C:\Program Files\Epic Games\UE_5.7\Engine\Source\Runtime\Core\Public\String\FormatStringSan.h(520,1): note: or       'UE::Core::Private::FormatStringSan::TCheckedFormatStringPrivate<FString::FmtCharType,int,int>::TCheckedFormatStringPrivate(const UE::Core::Private::FormatStringSan::TCheckedFormatStringPrivate<FString::FmtCharType,int,int> &)'
		};
^
C:\Users\iputu\Documents\Wonder Chess\game\Source\WonderChessRuntime\Private\WCMatchHUD.cpp(242,50): note: 'UE::Core::Private::FormatStringSan::TCheckedFormatStringPrivate<FString::FmtCharType,int,int>::TCheckedFormatStringPrivate(const UE::Core::Private::FormatStringSan::TCheckedFormatStringPrivate<FString::FmtCharType,int,int> &)': cannot convert argument 1 from 'const FString::ElementType *' to 'const UE::Core::Private::FormatStringSan::TCheckedFormatStringPrivate<FString::FmtCharType,int,int> &'
            if(Seat<Humans){Text(FString::Printf(*T(P,TEXT("%d  Captain %d"),TEXT("%d  Kapten %d")),Seat+1,Seat+1),1012,Y+9,.98,Gold);Text(Seat<Connected?T(P,TEXT("Human - connected"),TEXT("Pemain - terhubung")):T(P,TEXT("Human - waiting for LAN player"),TEXT("Pemain - menunggu koneksi LAN")),1325,Y+12,.82,Muted);}
                                                 ^
C:\Users\iputu\Documents\Wonder Chess\game\Source\WonderChessRuntime\Private\WCMatchHUD.cpp(242,50): note: Reason: cannot convert from 'const FString::ElementType *' to 'const UE::Core::Private::FormatStringSan::TCheckedFormatStringPrivate<FString::FmtCharType,int,int>'
C:\Users\iputu\Documents\Wonder Chess\game\Source\WonderChessRuntime\Private\WCMatchHUD.cpp(242,50): note: Conversion requires a second user-defined-conversion operator or constructor
C:\Program Files\Epic Games\UE_5.7\Engine\Source\Runtime\Core\Public\String\FormatStringSan.h(487,4): note: or       'UE::Core::Private::FormatStringSan::TCheckedFormatStringPrivate<FString::FmtCharType,int,int>::TCheckedFormatStringPrivate(const CharType (&)[N])'
        with
        [
            CharType=FString::FmtCharType
        ]
			consteval TCheckedFormatStringPrivate(const CharType (&Fmt)[N])
			^
C:\Users\iputu\Documents\Wonder Chess\game\Source\WonderChessRuntime\Private\WCMatchHUD.cpp(242,50): note: while trying to match the argument list '(const FString::ElementType *)'
            if(Seat<Humans){Text(FString::Printf(*T(P,TEXT("%d  Captain %d"),TEXT("%d  Kapten %d")),Seat+1,Seat+1),1012,Y+9,.98,Gold);Text(Seat<Connected?T(P,TEXT("Human - connected"),TEXT("Pemain - terhubung")):T(P,TEXT("Human - waiting for LAN player"),TEXT("Pemain - menunggu koneksi LAN")),1325,Y+12,.82,Muted);}
                                                 ^
C:\Program Files\Epic Games\UE_5.7\Engine\Source\Runtime\Core\Public\Containers\UnrealString.h.inl(1423,39): note: see declaration of 'FString::Printf'
	[[nodiscard]] static UE_STRING_CLASS Printf(UE::Core::TCheckedFormatString<FmtCharType, Types...> Fmt, Types... Args)
	                                     ^
C:\Users\iputu\Documents\Wonder Chess\game\Source\WonderChessRuntime\Private\WCMatchHUD.cpp(242,43): note: while trying to match the argument list '(const FString::ElementType *, int, int)'
            if(Seat<Humans){Text(FString::Printf(*T(P,TEXT("%d  Captain %d"),TEXT("%d  Kapten %d")),Seat+1,Seat+1),1012,Y+9,.98,Gold);Text(Seat<Connected?T(P,TEXT("Human - connected"),TEXT("Pemain - terhubung")):T(P,TEXT("Human - waiting for LAN player"),TEXT("Pemain - menunggu koneksi LAN")),1325,Y+12,.82,Muted);}
                                          ^
C:\Users\iputu\Documents\Wonder Chess\game\Source\WonderChessRuntime\Private\WCMatchHUD.cpp(246,23): error C2664: 'FString FString::Printf<int,int>(UE::Core::Private::FormatStringSan::TCheckedFormatStringPrivate<FString::FmtCharType,int,int>,int,int)': cannot convert argument 1 from 'const FString::ElementType *' to 'UE::Core::Private::FormatStringSan::TCheckedFormatStringPrivate<FString::FmtCharType,int,int>'
        Text(FString::Printf(*T(P,TEXT("%d human + %d bots | Eight persistent seats"),TEXT("%d pemain + %d bot | Delapan kursi tetap")),Humans,Defs.rules.seatCount-Humans),995,884,.9,Gold);
                      ^
C:\Users\iputu\Documents\Wonder Chess\game\Source\WonderChessRuntime\Private\WCMatchHUD.cpp(246,30): note: 'UE::Core::Private::FormatStringSan::TCheckedFormatStringPrivate<FString::FmtCharType,int,int>::TCheckedFormatStringPrivate': no overloaded function could convert all the argument types
        Text(FString::Printf(*T(P,TEXT("%d human + %d bots | Eight persistent seats"),TEXT("%d pemain + %d bot | Delapan kursi tetap")),Humans,Defs.rules.seatCount-Humans),995,884,.9,Gold);
                             ^
C:\Program Files\Epic Games\UE_5.7\Engine\Source\Runtime\Core\Public\String\FormatStringSan.h(520,1): note: could be 'UE::Core::Private::FormatStringSan::TCheckedFormatStringPrivate<FString::FmtCharType,int,int>::TCheckedFormatStringPrivate(UE::Core::Private::FormatStringSan::TCheckedFormatStringPrivate<FString::FmtCharType,int,int> &&)'
		};
^
C:\Users\iputu\Documents\Wonder Chess\game\Source\WonderChessRuntime\Private\WCMatchHUD.cpp(246,30): note: 'UE::Core::Private::FormatStringSan::TCheckedFormatStringPrivate<FString::FmtCharType,int,int>::TCheckedFormatStringPrivate(UE::Core::Private::FormatStringSan::TCheckedFormatStringPrivate<FString::FmtCharType,int,int> &&)': cannot convert argument 1 from 'const FString::ElementType *' to 'UE::Core::Private::FormatStringSan::TCheckedFormatStringPrivate<FString::FmtCharType,int,int> &&'
        Text(FString::Printf(*T(P,TEXT("%d human + %d bots | Eight persistent seats"),TEXT("%d pemain + %d bot | Delapan kursi tetap")),Humans,Defs.rules.seatCount-Humans),995,884,.9,Gold);
                             ^
C:\Users\iputu\Documents\Wonder Chess\game\Source\WonderChessRuntime\Private\WCMatchHUD.cpp(246,30): note: Reason: cannot convert from 'const FString::ElementType *' to 'UE::Core::Private::FormatStringSan::TCheckedFormatStringPrivate<FString::FmtCharType,int,int>'
C:\Users\iputu\Documents\Wonder Chess\game\Source\WonderChessRuntime\Private\WCMatchHUD.cpp(246,30): note: Conversion requires a second user-defined-conversion operator or constructor
C:\Program Files\Epic Games\UE_5.7\Engine\Source\Runtime\Core\Public\String\FormatStringSan.h(520,1): note: or       'UE::Core::Private::FormatStringSan::TCheckedFormatStringPrivate<FString::FmtCharType,int,int>::TCheckedFormatStringPrivate(const UE::Core::Private::FormatStringSan::TCheckedFormatStringPrivate<FString::FmtCharType,int,int> &)'
		};
^
C:\Users\iputu\Documents\Wonder Chess\game\Source\WonderChessRuntime\Private\WCMatchHUD.cpp(246,30): note: 'UE::Core::Private::FormatStringSan::TCheckedFormatStringPrivate<FString::FmtCharType,int,int>::TCheckedFormatStringPrivate(const UE::Core::Private::FormatStringSan::TCheckedFormatStringPrivate<FString::FmtCharType,int,int> &)': cannot convert argument 1 from 'const FString::ElementType *' to 'const UE::Core::Private::FormatStringSan::TCheckedFormatStringPrivate<FString::FmtCharType,int,int> &'
        Text(FString::Printf(*T(P,TEXT("%d human + %d bots | Eight persistent seats"),TEXT("%d pemain + %d bot | Delapan kursi tetap")),Humans,Defs.rules.seatCount-Humans),995,884,.9,Gold);
                             ^
C:\Users\iputu\Documents\Wonder Chess\game\Source\WonderChessRuntime\Private\WCMatchHUD.cpp(246,30): note: Reason: cannot convert from 'const FString::ElementType *' to 'const UE::Core::Private::FormatStringSan::TCheckedFormatStringPrivate<FString::FmtCharType,int,int>'
C:\Users\iputu\Documents\Wonder Chess\game\Source\WonderChessRuntime\Private\WCMatchHUD.cpp(246,30): note: Conversion requires a second user-defined-conversion operator or constructor
C:\Program Files\Epic Games\UE_5.7\Engine\Source\Runtime\Core\Public\String\FormatStringSan.h(487,4): note: or       'UE::Core::Private::FormatStringSan::TCheckedFormatStringPrivate<FString::FmtCharType,int,int>::TCheckedFormatStringPrivate(const CharType (&)[N])'
        with
        [
            CharType=FString::FmtCharType
        ]
			consteval TCheckedFormatStringPrivate(const CharType (&Fmt)[N])
			^
C:\Users\iputu\Documents\Wonder Chess\game\Source\WonderChessRuntime\Private\WCMatchHUD.cpp(246,30): note: while trying to match the argument list '(const FString::ElementType *)'
        Text(FString::Printf(*T(P,TEXT("%d human + %d bots | Eight persistent seats"),TEXT("%d pemain + %d bot | Delapan kursi tetap")),Humans,Defs.rules.seatCount-Humans),995,884,.9,Gold);
                             ^
C:\Program Files\Epic Games\UE_5.7\Engine\Source\Runtime\Core\Public\Containers\UnrealString.h.inl(1423,39): note: see declaration of 'FString::Printf'
	[[nodiscard]] static UE_STRING_CLASS Printf(UE::Core::TCheckedFormatString<FmtCharType, Types...> Fmt, Types... Args)
	                                     ^
C:\Users\iputu\Documents\Wonder Chess\game\Source\WonderChessRuntime\Private\WCMatchHUD.cpp(246,23): note: while trying to match the argument list '(const FString::ElementType *, const int, int)'
        Text(FString::Printf(*T(P,TEXT("%d human + %d bots | Eight persistent seats"),TEXT("%d pemain + %d bot | Delapan kursi tetap")),Humans,Defs.rules.seatCount-Humans),995,884,.9,Gold);
                      ^
C:\Users\iputu\Documents\Wonder Chess\game\Source\WonderChessRuntime\Private\WCMatchHUD.cpp(251,23): error C2664: 'FString FString::Printf<int,const FString::ElementType*>(UE::Core::Private::FormatStringSan::TCheckedFormatStringPrivate<FString::FmtCharType,int,const FString::ElementType *>,int,const FString::ElementType *)': cannot convert argument 1 from 'const FString::ElementType *' to 'UE::Core::Private::FormatStringSan::TCheckedFormatStringPrivate<FString::FmtCharType,int,const FString::ElementType *>'
        Text(FString::Printf(*T(P,TEXT("ROUND %02d / %s"),TEXT("RONDE %02d / %s")),Round,*PhaseText),600,24,1.35,Gold);Text(FString::Printf(*T(P,TEXT("%02d seconds"),TEXT("%02d detik")),Remaining),820,65,.9,Muted);
                      ^
C:\Users\iputu\Documents\Wonder Chess\game\Source\WonderChessRuntime\Private\WCMatchHUD.cpp(251,30): note: 'UE::Core::Private::FormatStringSan::TCheckedFormatStringPrivate<FString::FmtCharType,int,const FString::ElementType *>::TCheckedFormatStringPrivate': no overloaded function could convert all the argument types
        Text(FString::Printf(*T(P,TEXT("ROUND %02d / %s"),TEXT("RONDE %02d / %s")),Round,*PhaseText),600,24,1.35,Gold);Text(FString::Printf(*T(P,TEXT("%02d seconds"),TEXT("%02d detik")),Remaining),820,65,.9,Muted);
                             ^
C:\Program Files\Epic Games\UE_5.7\Engine\Source\Runtime\Core\Public\String\FormatStringSan.h(520,1): note: could be 'UE::Core::Private::FormatStringSan::TCheckedFormatStringPrivate<FString::FmtCharType,int,const FString::ElementType *>::TCheckedFormatStringPrivate(UE::Core::Private::FormatStringSan::TCheckedFormatStringPrivate<FString::FmtCharType,int,const FString::ElementType *> &&)'
		};
^
C:\Users\iputu\Documents\Wonder Chess\game\Source\WonderChessRuntime\Private\WCMatchHUD.cpp(251,30): note: 'UE::Core::Private::FormatStringSan::TCheckedFormatStringPrivate<FString::FmtCharType,int,const FString::ElementType *>::TCheckedFormatStringPrivate(UE::Core::Private::FormatStringSan::TCheckedFormatStringPrivate<FString::FmtCharType,int,const FString::ElementType *> &&)': cannot convert argument 1 from 'const FString::ElementType *' to 'UE::Core::Private::FormatStringSan::TCheckedFormatStringPrivate<FString::FmtCharType,int,const FString::ElementType *> &&'
        Text(FString::Printf(*T(P,TEXT("ROUND %02d / %s"),TEXT("RONDE %02d / %s")),Round,*PhaseText),600,24,1.35,Gold);Text(FString::Printf(*T(P,TEXT("%02d seconds"),TEXT("%02d detik")),Remaining),820,65,.9,Muted);
                             ^
C:\Users\iputu\Documents\Wonder Chess\game\Source\WonderChessRuntime\Private\WCMatchHUD.cpp(251,30): note: Reason: cannot convert from 'const FString::ElementType *' to 'UE::Core::Private::FormatStringSan::TCheckedFormatStringPrivate<FString::FmtCharType,int,const FString::ElementType *>'
C:\Users\iputu\Documents\Wonder Chess\game\Source\WonderChessRuntime\Private\WCMatchHUD.cpp(251,30): note: Conversion requires a second user-defined-conversion operator or constructor
C:\Program Files\Epic Games\UE_5.7\Engine\Source\Runtime\Core\Public\String\FormatStringSan.h(520,1): note: or       'UE::Core::Private::FormatStringSan::TCheckedFormatStringPrivate<FString::FmtCharType,int,const FString::ElementType *>::TCheckedFormatStringPrivate(const UE::Core::Private::FormatStringSan::TCheckedFormatStringPrivate<FString::FmtCharType,int,const FString::ElementType *> &)'
		};
^
C:\Users\iputu\Documents\Wonder Chess\game\Source\WonderChessRuntime\Private\WCMatchHUD.cpp(251,30): note: 'UE::Core::Private::FormatStringSan::TCheckedFormatStringPrivate<FString::FmtCharType,int,const FString::ElementType *>::TCheckedFormatStringPrivate(const UE::Core::Private::FormatStringSan::TCheckedFormatStringPrivate<FString::FmtCharType,int,const FString::ElementType *> &)': cannot convert argument 1 from 'const FString::ElementType *' to 'const UE::Core::Private::FormatStringSan::TCheckedFormatStringPrivate<FString::FmtCharType,int,const FString::ElementType *> &'
        Text(FString::Printf(*T(P,TEXT("ROUND %02d / %s"),TEXT("RONDE %02d / %s")),Round,*PhaseText),600,24,1.35,Gold);Text(FString::Printf(*T(P,TEXT("%02d seconds"),TEXT("%02d detik")),Remaining),820,65,.9,Muted);
                             ^
C:\Users\iputu\Documents\Wonder Chess\game\Source\WonderChessRuntime\Private\WCMatchHUD.cpp(251,30): note: Reason: cannot convert from 'const FString::ElementType *' to 'const UE::Core::Private::FormatStringSan::TCheckedFormatStringPrivate<FString::FmtCharType,int,const FString::ElementType *>'
C:\Users\iputu\Documents\Wonder Chess\game\Source\WonderChessRuntime\Private\WCMatchHUD.cpp(251,30): note: Conversion requires a second user-defined-conversion operator or constructor
C:\Program Files\Epic Games\UE_5.7\Engine\Source\Runtime\Core\Public\String\FormatStringSan.h(487,4): note: or       'UE::Core::Private::FormatStringSan::TCheckedFormatStringPrivate<FString::FmtCharType,int,const FString::ElementType *>::TCheckedFormatStringPrivate(const CharType (&)[N])'
        with
        [
            CharType=FString::FmtCharType
        ]
			consteval TCheckedFormatStringPrivate(const CharType (&Fmt)[N])
			^
C:\Users\iputu\Documents\Wonder Chess\game\Source\WonderChessRuntime\Private\WCMatchHUD.cpp(251,30): note: while trying to match the argument list '(const FString::ElementType *)'
        Text(FString::Printf(*T(P,TEXT("ROUND %02d / %s"),TEXT("RONDE %02d / %s")),Round,*PhaseText),600,24,1.35,Gold);Text(FString::Printf(*T(P,TEXT("%02d seconds"),TEXT("%02d detik")),Remaining),820,65,.9,Muted);
                             ^
C:\Program Files\Epic Games\UE_5.7\Engine\Source\Runtime\Core\Public\Containers\UnrealString.h.inl(1423,39): note: see declaration of 'FString::Printf'
	[[nodiscard]] static UE_STRING_CLASS Printf(UE::Core::TCheckedFormatString<FmtCharType, Types...> Fmt, Types... Args)
	                                     ^
C:\Users\iputu\Documents\Wonder Chess\game\Source\WonderChessRuntime\Private\WCMatchHUD.cpp(251,23): note: while trying to match the argument list '(const FString::ElementType *, const int, const FString::ElementType *)'
        Text(FString::Printf(*T(P,TEXT("ROUND %02d / %s"),TEXT("RONDE %02d / %s")),Round,*PhaseText),600,24,1.35,Gold);Text(FString::Printf(*T(P,TEXT("%02d seconds"),TEXT("%02d detik")),Remaining),820,65,.9,Muted);
                      ^
C:\Users\iputu\Documents\Wonder Chess\game\Source\WonderChessRuntime\Private\WCMatchHUD.cpp(251,134): error C2664: 'FString FString::Printf<int32>(UE::Core::Private::FormatStringSan::TCheckedFormatStringPrivate<FString::FmtCharType,int>,int32)': cannot convert argument 1 from 'const FString::ElementType *' to 'UE::Core::Private::FormatStringSan::TCheckedFormatStringPrivate<FString::FmtCharType,int>'
        Text(FString::Printf(*T(P,TEXT("ROUND %02d / %s"),TEXT("RONDE %02d / %s")),Round,*PhaseText),600,24,1.35,Gold);Text(FString::Printf(*T(P,TEXT("%02d seconds"),TEXT("%02d detik")),Remaining),820,65,.9,Muted);
                                                                                                                                     ^
C:\Users\iputu\Documents\Wonder Chess\game\Source\WonderChessRuntime\Private\WCMatchHUD.cpp(251,141): note: 'UE::Core::Private::FormatStringSan::TCheckedFormatStringPrivate<FString::FmtCharType,int>::TCheckedFormatStringPrivate': no overloaded function could convert all the argument types
        Text(FString::Printf(*T(P,TEXT("ROUND %02d / %s"),TEXT("RONDE %02d / %s")),Round,*PhaseText),600,24,1.35,Gold);Text(FString::Printf(*T(P,TEXT("%02d seconds"),TEXT("%02d detik")),Remaining),820,65,.9,Muted);
                                                                                                                                            ^
C:\Program Files\Epic Games\UE_5.7\Engine\Source\Runtime\Core\Public\String\FormatStringSan.h(520,1): note: could be 'UE::Core::Private::FormatStringSan::TCheckedFormatStringPrivate<FString::FmtCharType,int>::TCheckedFormatStringPrivate(UE::Core::Private::FormatStringSan::TCheckedFormatStringPrivate<FString::FmtCharType,int> &&)'
		};
^
C:\Users\iputu\Documents\Wonder Chess\game\Source\WonderChessRuntime\Private\WCMatchHUD.cpp(251,141): note: 'UE::Core::Private::FormatStringSan::TCheckedFormatStringPrivate<FString::FmtCharType,int>::TCheckedFormatStringPrivate(UE::Core::Private::FormatStringSan::TCheckedFormatStringPrivate<FString::FmtCharType,int> &&)': cannot convert argument 1 from 'const FString::ElementType *' to 'UE::Core::Private::FormatStringSan::TCheckedFormatStringPrivate<FString::FmtCharType,int> &&'
        Text(FString::Printf(*T(P,TEXT("ROUND %02d / %s"),TEXT("RONDE %02d / %s")),Round,*PhaseText),600,24,1.35,Gold);Text(FString::Printf(*T(P,TEXT("%02d seconds"),TEXT("%02d detik")),Remaining),820,65,.9,Muted);
                                                                                                                                            ^
C:\Users\iputu\Documents\Wonder Chess\game\Source\WonderChessRuntime\Private\WCMatchHUD.cpp(251,141): note: Reason: cannot convert from 'const FString::ElementType *' to 'UE::Core::Private::FormatStringSan::TCheckedFormatStringPrivate<FString::FmtCharType,int>'
C:\Users\iputu\Documents\Wonder Chess\game\Source\WonderChessRuntime\Private\WCMatchHUD.cpp(251,141): note: Conversion requires a second user-defined-conversion operator or constructor
C:\Program Files\Epic Games\UE_5.7\Engine\Source\Runtime\Core\Public\String\FormatStringSan.h(520,1): note: or       'UE::Core::Private::FormatStringSan::TCheckedFormatStringPrivate<FString::FmtCharType,int>::TCheckedFormatStringPrivate(const UE::Core::Private::FormatStringSan::TCheckedFormatStringPrivate<FString::FmtCharType,int> &)'
		};
^
C:\Users\iputu\Documents\Wonder Chess\game\Source\WonderChessRuntime\Private\WCMatchHUD.cpp(251,141): note: 'UE::Core::Private::FormatStringSan::TCheckedFormatStringPrivate<FString::FmtCharType,int>::TCheckedFormatStringPrivate(const UE::Core::Private::FormatStringSan::TCheckedFormatStringPrivate<FString::FmtCharType,int> &)': cannot convert argument 1 from 'const FString::ElementType *' to 'const UE::Core::Private::FormatStringSan::TCheckedFormatStringPrivate<FString::FmtCharType,int> &'
        Text(FString::Printf(*T(P,TEXT("ROUND %02d / %s"),TEXT("RONDE %02d / %s")),Round,*PhaseText),600,24,1.35,Gold);Text(FString::Printf(*T(P,TEXT("%02d seconds"),TEXT("%02d detik")),Remaining),820,65,.9,Muted);
                                                                                                                                            ^
C:\Users\iputu\Documents\Wonder Chess\game\Source\WonderChessRuntime\Private\WCMatchHUD.cpp(251,141): note: Reason: cannot convert from 'const FString::ElementType *' to 'const UE::Core::Private::FormatStringSan::TCheckedFormatStringPrivate<FString::FmtCharType,int>'
C:\Users\iputu\Documents\Wonder Chess\game\Source\WonderChessRuntime\Private\WCMatchHUD.cpp(251,141): note: Conversion requires a second user-defined-conversion operator or constructor
C:\Program Files\Epic Games\UE_5.7\Engine\Source\Runtime\Core\Public\String\FormatStringSan.h(487,4): note: or       'UE::Core::Private::FormatStringSan::TCheckedFormatStringPrivate<FString::FmtCharType,int>::TCheckedFormatStringPrivate(const CharType (&)[N])'
        with
        [
            CharType=FString::FmtCharType
        ]
			consteval TCheckedFormatStringPrivate(const CharType (&Fmt)[N])
			^
C:\Users\iputu\Documents\Wonder Chess\game\Source\WonderChessRuntime\Private\WCMatchHUD.cpp(251,141): note: while trying to match the argument list '(const FString::ElementType *)'
        Text(FString::Printf(*T(P,TEXT("ROUND %02d / %s"),TEXT("RONDE %02d / %s")),Round,*PhaseText),600,24,1.35,Gold);Text(FString::Printf(*T(P,TEXT("%02d seconds"),TEXT("%02d detik")),Remaining),820,65,.9,Muted);
                                                                                                                                            ^
C:\Program Files\Epic Games\UE_5.7\Engine\Source\Runtime\Core\Public\Containers\UnrealString.h.inl(1423,39): note: see declaration of 'FString::Printf'
	[[nodiscard]] static UE_STRING_CLASS Printf(UE::Core::TCheckedFormatString<FmtCharType, Types...> Fmt, Types... Args)
	                                     ^
C:\Users\iputu\Documents\Wonder Chess\game\Source\WonderChessRuntime\Private\WCMatchHUD.cpp(251,134): note: while trying to match the argument list '(const FString::ElementType *, const int)'
        Text(FString::Printf(*T(P,TEXT("ROUND %02d / %s"),TEXT("RONDE %02d / %s")),Round,*PhaseText),600,24,1.35,Gold);Text(FString::Printf(*T(P,TEXT("%02d seconds"),TEXT("%02d detik")),Remaining),820,65,.9,Muted);
                                                                                                                                     ^
C:\Users\iputu\Documents\Wonder Chess\game\Source\WonderChessRuntime\Private\WCMatchHUD.cpp(260,204): error C2664: 'FString FString::Printf<int32>(UE::Core::Private::FormatStringSan::TCheckedFormatStringPrivate<FString::FmtCharType,int>,int32)': cannot convert argument 1 from 'const FString::ElementType *' to 'UE::Core::Private::FormatStringSan::TCheckedFormatStringPrivate<FString::FmtCharType,int>'
            Text(Hp>0?FString::Printf(TEXT("%d HP | Lv %d %s"),Hp,int(S->GetNumberField(TEXT("level"))),*(S->GetBoolField(TEXT("human"))?T(P,TEXT("HUMAN"),TEXT("PEMAIN")):FString(TEXT("BOT")))):FString::Printf(*T(P,TEXT("Placed %d - eliminated"),TEXT("Peringkat %d - tersingkir")),Place),1610,230+I*64,.70,Hp>0?Muted:Gold);
                                                                                                                                                                                                           ^
C:\Users\iputu\Documents\Wonder Chess\game\Source\WonderChessRuntime\Private\WCMatchHUD.cpp(260,211): note: 'UE::Core::Private::FormatStringSan::TCheckedFormatStringPrivate<FString::FmtCharType,int>::TCheckedFormatStringPrivate': no overloaded function could convert all the argument types
            Text(Hp>0?FString::Printf(TEXT("%d HP | Lv %d %s"),Hp,int(S->GetNumberField(TEXT("level"))),*(S->GetBoolField(TEXT("human"))?T(P,TEXT("HUMAN"),TEXT("PEMAIN")):FString(TEXT("BOT")))):FString::Printf(*T(P,TEXT("Placed %d - eliminated"),TEXT("Peringkat %d - tersingkir")),Place),1610,230+I*64,.70,Hp>0?Muted:Gold);
                                                                                                                                                                                                                  ^
C:\Program Files\Epic Games\UE_5.7\Engine\Source\Runtime\Core\Public\String\FormatStringSan.h(520,1): note: could be 'UE::Core::Private::FormatStringSan::TCheckedFormatStringPrivate<FString::FmtCharType,int>::TCheckedFormatStringPrivate(UE::Core::Private::FormatStringSan::TCheckedFormatStringPrivate<FString::FmtCharType,int> &&)'
		};
^
C:\Users\iputu\Documents\Wonder Chess\game\Source\WonderChessRuntime\Private\WCMatchHUD.cpp(260,211): note: 'UE::Core::Private::FormatStringSan::TCheckedFormatStringPrivate<FString::FmtCharType,int>::TCheckedFormatStringPrivate(UE::Core::Private::FormatStringSan::TCheckedFormatStringPrivate<FString::FmtCharType,int> &&)': cannot convert argument 1 from 'const FString::ElementType *' to 'UE::Core::Private::FormatStringSan::TCheckedFormatStringPrivate<FString::FmtCharType,int> &&'
            Text(Hp>0?FString::Printf(TEXT("%d HP | Lv %d %s"),Hp,int(S->GetNumberField(TEXT("level"))),*(S->GetBoolField(TEXT("human"))?T(P,TEXT("HUMAN"),TEXT("PEMAIN")):FString(TEXT("BOT")))):FString::Printf(*T(P,TEXT("Placed %d - eliminated"),TEXT("Peringkat %d - tersingkir")),Place),1610,230+I*64,.70,Hp>0?Muted:Gold);
                                                                                                                                                                                                                  ^
C:\Users\iputu\Documents\Wonder Chess\game\Source\WonderChessRuntime\Private\WCMatchHUD.cpp(260,211): note: Reason: cannot convert from 'const FString::ElementType *' to 'UE::Core::Private::FormatStringSan::TCheckedFormatStringPrivate<FString::FmtCharType,int>'
C:\Users\iputu\Documents\Wonder Chess\game\Source\WonderChessRuntime\Private\WCMatchHUD.cpp(260,211): note: Conversion requires a second user-defined-conversion operator or constructor
C:\Program Files\Epic Games\UE_5.7\Engine\Source\Runtime\Core\Public\String\FormatStringSan.h(520,1): note: or       'UE::Core::Private::FormatStringSan::TCheckedFormatStringPrivate<FString::FmtCharType,int>::TCheckedFormatStringPrivate(const UE::Core::Private::FormatStringSan::TCheckedFormatStringPrivate<FString::FmtCharType,int> &)'
		};
^
C:\Users\iputu\Documents\Wonder Chess\game\Source\WonderChessRuntime\Private\WCMatchHUD.cpp(260,211): note: 'UE::Core::Private::FormatStringSan::TCheckedFormatStringPrivate<FString::FmtCharType,int>::TCheckedFormatStringPrivate(const UE::Core::Private::FormatStringSan::TCheckedFormatStringPrivate<FString::FmtCharType,int> &)': cannot convert argument 1 from 'const FString::ElementType *' to 'const UE::Core::Private::FormatStringSan::TCheckedFormatStringPrivate<FString::FmtCharType,int> &'
            Text(Hp>0?FString::Printf(TEXT("%d HP | Lv %d %s"),Hp,int(S->GetNumberField(TEXT("level"))),*(S->GetBoolField(TEXT("human"))?T(P,TEXT("HUMAN"),TEXT("PEMAIN")):FString(TEXT("BOT")))):FString::Printf(*T(P,TEXT("Placed %d - eliminated"),TEXT("Peringkat %d - tersingkir")),Place),1610,230+I*64,.70,Hp>0?Muted:Gold);
                                                                                                                                                                                                                  ^
C:\Users\iputu\Documents\Wonder Chess\game\Source\WonderChessRuntime\Private\WCMatchHUD.cpp(260,211): note: Reason: cannot convert from 'const FString::ElementType *' to 'const UE::Core::Private::FormatStringSan::TCheckedFormatStringPrivate<FString::FmtCharType,int>'
C:\Users\iputu\Documents\Wonder Chess\game\Source\WonderChessRuntime\Private\WCMatchHUD.cpp(260,211): note: Conversion requires a second user-defined-conversion operator or constructor
C:\Program Files\Epic Games\UE_5.7\Engine\Source\Runtime\Core\Public\String\FormatStringSan.h(487,4): note: or       'UE::Core::Private::FormatStringSan::TCheckedFormatStringPrivate<FString::FmtCharType,int>::TCheckedFormatStringPrivate(const CharType (&)[N])'
        with
        [
            CharType=FString::FmtCharType
        ]
			consteval TCheckedFormatStringPrivate(const CharType (&Fmt)[N])
			^
C:\Users\iputu\Documents\Wonder Chess\game\Source\WonderChessRuntime\Private\WCMatchHUD.cpp(260,211): note: while trying to match the argument list '(const FString::ElementType *)'
            Text(Hp>0?FString::Printf(TEXT("%d HP | Lv %d %s"),Hp,int(S->GetNumberField(TEXT("level"))),*(S->GetBoolField(TEXT("human"))?T(P,TEXT("HUMAN"),TEXT("PEMAIN")):FString(TEXT("BOT")))):FString::Printf(*T(P,TEXT("Placed %d - eliminated"),TEXT("Peringkat %d - tersingkir")),Place),1610,230+I*64,.70,Hp>0?Muted:Gold);
                                                                                                                                                                                                                  ^
C:\Program Files\Epic Games\UE_5.7\Engine\Source\Runtime\Core\Public\Containers\UnrealString.h.inl(1423,39): note: see declaration of 'FString::Printf'
	[[nodiscard]] static UE_STRING_CLASS Printf(UE::Core::TCheckedFormatString<FmtCharType, Types...> Fmt, Types... Args)
	                                     ^
C:\Users\iputu\Documents\Wonder Chess\game\Source\WonderChessRuntime\Private\WCMatchHUD.cpp(260,204): note: while trying to match the argument list '(const FString::ElementType *, int)'
            Text(Hp>0?FString::Printf(TEXT("%d HP | Lv %d %s"),Hp,int(S->GetNumberField(TEXT("level"))),*(S->GetBoolField(TEXT("human"))?T(P,TEXT("HUMAN"),TEXT("PEMAIN")):FString(TEXT("BOT")))):FString::Printf(*T(P,TEXT("Placed %d - eliminated"),TEXT("Peringkat %d - tersingkir")),Place),1610,230+I*64,.70,Hp>0?Muted:Gold);
                                                                                                                                                                                                           ^
C:\Users\iputu\Documents\Wonder Chess\game\Source\WonderChessRuntime\Private\WCMatchHUD.cpp(267,70): error C2664: 'FString FString::Printf<T>(UE::Core::Private::FormatStringSan::TCheckedFormatStringPrivate<FString::FmtCharType,double>,T)': cannot convert argument 1 from 'const FString::ElementType *' to 'UE::Core::Private::FormatStringSan::TCheckedFormatStringPrivate<FString::FmtCharType,double>'
        with
        [
            T=double
        ]
                if(U->GetNumberField(TEXT("shield"))>0)Text(FString::Printf(*T(P,TEXT("SHIELD %.0f"),TEXT("PERISAI %.0f")),U->GetNumberField(TEXT("shield"))/100),X-40,Y-17,.63,Gold);
                                                                     ^
C:\Users\iputu\Documents\Wonder Chess\game\Source\WonderChessRuntime\Private\WCMatchHUD.cpp(267,77): note: 'UE::Core::Private::FormatStringSan::TCheckedFormatStringPrivate<FString::FmtCharType,double>::TCheckedFormatStringPrivate': no overloaded function could convert all the argument types
                if(U->GetNumberField(TEXT("shield"))>0)Text(FString::Printf(*T(P,TEXT("SHIELD %.0f"),TEXT("PERISAI %.0f")),U->GetNumberField(TEXT("shield"))/100),X-40,Y-17,.63,Gold);
                                                                            ^
C:\Program Files\Epic Games\UE_5.7\Engine\Source\Runtime\Core\Public\String\FormatStringSan.h(520,1): note: could be 'UE::Core::Private::FormatStringSan::TCheckedFormatStringPrivate<FString::FmtCharType,double>::TCheckedFormatStringPrivate(UE::Core::Private::FormatStringSan::TCheckedFormatStringPrivate<FString::FmtCharType,double> &&)'
		};
^
C:\Users\iputu\Documents\Wonder Chess\game\Source\WonderChessRuntime\Private\WCMatchHUD.cpp(267,77): note: 'UE::Core::Private::FormatStringSan::TCheckedFormatStringPrivate<FString::FmtCharType,double>::TCheckedFormatStringPrivate(UE::Core::Private::FormatStringSan::TCheckedFormatStringPrivate<FString::FmtCharType,double> &&)': cannot convert argument 1 from 'const FString::ElementType *' to 'UE::Core::Private::FormatStringSan::TCheckedFormatStringPrivate<FString::FmtCharType,double> &&'
                if(U->GetNumberField(TEXT("shield"))>0)Text(FString::Printf(*T(P,TEXT("SHIELD %.0f"),TEXT("PERISAI %.0f")),U->GetNumberField(TEXT("shield"))/100),X-40,Y-17,.63,Gold);
                                                                            ^
C:\Users\iputu\Documents\Wonder Chess\game\Source\WonderChessRuntime\Private\WCMatchHUD.cpp(267,77): note: Reason: cannot convert from 'const FString::ElementType *' to 'UE::Core::Private::FormatStringSan::TCheckedFormatStringPrivate<FString::FmtCharType,double>'
C:\Users\iputu\Documents\Wonder Chess\game\Source\WonderChessRuntime\Private\WCMatchHUD.cpp(267,77): note: Conversion requires a second user-defined-conversion operator or constructor
C:\Program Files\Epic Games\UE_5.7\Engine\Source\Runtime\Core\Public\String\FormatStringSan.h(520,1): note: or       'UE::Core::Private::FormatStringSan::TCheckedFormatStringPrivate<FString::FmtCharType,double>::TCheckedFormatStringPrivate(const UE::Core::Private::FormatStringSan::TCheckedFormatStringPrivate<FString::FmtCharType,double> &)'
		};
^
C:\Users\iputu\Documents\Wonder Chess\game\Source\WonderChessRuntime\Private\WCMatchHUD.cpp(267,77): note: 'UE::Core::Private::FormatStringSan::TCheckedFormatStringPrivate<FString::FmtCharType,double>::TCheckedFormatStringPrivate(const UE::Core::Private::FormatStringSan::TCheckedFormatStringPrivate<FString::FmtCharType,double> &)': cannot convert argument 1 from 'const FString::ElementType *' to 'const UE::Core::Private::FormatStringSan::TCheckedFormatStringPrivate<FString::FmtCharType,double> &'
                if(U->GetNumberField(TEXT("shield"))>0)Text(FString::Printf(*T(P,TEXT("SHIELD %.0f"),TEXT("PERISAI %.0f")),U->GetNumberField(TEXT("shield"))/100),X-40,Y-17,.63,Gold);
                                                                            ^
C:\Users\iputu\Documents\Wonder Chess\game\Source\WonderChessRuntime\Private\WCMatchHUD.cpp(267,77): note: Reason: cannot convert from 'const FString::ElementType *' to 'const UE::Core::Private::FormatStringSan::TCheckedFormatStringPrivate<FString::FmtCharType,double>'
C:\Users\iputu\Documents\Wonder Chess\game\Source\WonderChessRuntime\Private\WCMatchHUD.cpp(267,77): note: Conversion requires a second user-defined-conversion operator or constructor
C:\Program Files\Epic Games\UE_5.7\Engine\Source\Runtime\Core\Public\String\FormatStringSan.h(487,4): note: or       'UE::Core::Private::FormatStringSan::TCheckedFormatStringPrivate<FString::FmtCharType,double>::TCheckedFormatStringPrivate(const CharType (&)[N])'
        with
        [
            CharType=FString::FmtCharType
        ]
			consteval TCheckedFormatStringPrivate(const CharType (&Fmt)[N])
			^
C:\Users\iputu\Documents\Wonder Chess\game\Source\WonderChessRuntime\Private\WCMatchHUD.cpp(267,77): note: while trying to match the argument list '(const FString::ElementType *)'
                if(U->GetNumberField(TEXT("shield"))>0)Text(FString::Printf(*T(P,TEXT("SHIELD %.0f"),TEXT("PERISAI %.0f")),U->GetNumberField(TEXT("shield"))/100),X-40,Y-17,.63,Gold);
                                                                            ^
C:\Program Files\Epic Games\UE_5.7\Engine\Source\Runtime\Core\Public\Containers\UnrealString.h.inl(1423,39): note: see declaration of 'FString::Printf'
	[[nodiscard]] static UE_STRING_CLASS Printf(UE::Core::TCheckedFormatString<FmtCharType, Types...> Fmt, Types... Args)
	                                     ^
C:\Users\iputu\Documents\Wonder Chess\game\Source\WonderChessRuntime\Private\WCMatchHUD.cpp(267,70): note: while trying to match the argument list '(const FString::ElementType *, double)'
                if(U->GetNumberField(TEXT("shield"))>0)Text(FString::Printf(*T(P,TEXT("SHIELD %.0f"),TEXT("PERISAI %.0f")),U->GetNumberField(TEXT("shield"))/100),X-40,Y-17,.63,Gold);
                                                                     ^
C:\Users\iputu\Documents\Wonder Chess\game\Source\WonderChessRuntime\Private\WCMatchHUD.cpp(292,27): error C2664: 'FString FString::Printf<T>(UE::Core::Private::FormatStringSan::TCheckedFormatStringPrivate<FString::FmtCharType,double>,T)': cannot convert argument 1 from 'const FString::ElementType *' to 'UE::Core::Private::FormatStringSan::TCheckedFormatStringPrivate<FString::FmtCharType,double>'
        with
        [
            T=double
        ]
            Text(FString::Printf(*T(P,TEXT("ATK %.2f before defense"),TEXT("ATK %.2f sebelum pertahanan")),Attack/100.0),45,568,.72);
                          ^
C:\Users\iputu\Documents\Wonder Chess\game\Source\WonderChessRuntime\Private\WCMatchHUD.cpp(292,34): note: 'UE::Core::Private::FormatStringSan::TCheckedFormatStringPrivate<FString::FmtCharType,double>::TCheckedFormatStringPrivate': no overloaded function could convert all the argument types
            Text(FString::Printf(*T(P,TEXT("ATK %.2f before defense"),TEXT("ATK %.2f sebelum pertahanan")),Attack/100.0),45,568,.72);
                                 ^
C:\Program Files\Epic Games\UE_5.7\Engine\Source\Runtime\Core\Public\String\FormatStringSan.h(520,1): note: could be 'UE::Core::Private::FormatStringSan::TCheckedFormatStringPrivate<FString::FmtCharType,double>::TCheckedFormatStringPrivate(UE::Core::Private::FormatStringSan::TCheckedFormatStringPrivate<FString::FmtCharType,double> &&)'
		};
^
C:\Users\iputu\Documents\Wonder Chess\game\Source\WonderChessRuntime\Private\WCMatchHUD.cpp(292,34): note: 'UE::Core::Private::FormatStringSan::TCheckedFormatStringPrivate<FString::FmtCharType,double>::TCheckedFormatStringPrivate(UE::Core::Private::FormatStringSan::TCheckedFormatStringPrivate<FString::FmtCharType,double> &&)': cannot convert argument 1 from 'const FString::ElementType *' to 'UE::Core::Private::FormatStringSan::TCheckedFormatStringPrivate<FString::FmtCharType,double> &&'
            Text(FString::Printf(*T(P,TEXT("ATK %.2f before defense"),TEXT("ATK %.2f sebelum pertahanan")),Attack/100.0),45,568,.72);
                                 ^
C:\Users\iputu\Documents\Wonder Chess\game\Source\WonderChessRuntime\Private\WCMatchHUD.cpp(292,34): note: Reason: cannot convert from 'const FString::ElementType *' to 'UE::Core::Private::FormatStringSan::TCheckedFormatStringPrivate<FString::FmtCharType,double>'
C:\Users\iputu\Documents\Wonder Chess\game\Source\WonderChessRuntime\Private\WCMatchHUD.cpp(292,34): note: Conversion requires a second user-defined-conversion operator or constructor
C:\Program Files\Epic Games\UE_5.7\Engine\Source\Runtime\Core\Public\String\FormatStringSan.h(520,1): note: or       'UE::Core::Private::FormatStringSan::TCheckedFormatStringPrivate<FString::FmtCharType,double>::TCheckedFormatStringPrivate(const UE::Core::Private::FormatStringSan::TCheckedFormatStringPrivate<FString::FmtCharType,double> &)'
		};
^
C:\Users\iputu\Documents\Wonder Chess\game\Source\WonderChessRuntime\Private\WCMatchHUD.cpp(292,34): note: 'UE::Core::Private::FormatStringSan::TCheckedFormatStringPrivate<FString::FmtCharType,double>::TCheckedFormatStringPrivate(const UE::Core::Private::FormatStringSan::TCheckedFormatStringPrivate<FString::FmtCharType,double> &)': cannot convert argument 1 from 'const FString::ElementType *' to 'const UE::Core::Private::FormatStringSan::TCheckedFormatStringPrivate<FString::FmtCharType,double> &'
            Text(FString::Printf(*T(P,TEXT("ATK %.2f before defense"),TEXT("ATK %.2f sebelum pertahanan")),Attack/100.0),45,568,.72);
                                 ^
C:\Users\iputu\Documents\Wonder Chess\game\Source\WonderChessRuntime\Private\WCMatchHUD.cpp(292,34): note: Reason: cannot convert from 'const FString::ElementType *' to 'const UE::Core::Private::FormatStringSan::TCheckedFormatStringPrivate<FString::FmtCharType,double>'
C:\Users\iputu\Documents\Wonder Chess\game\Source\WonderChessRuntime\Private\WCMatchHUD.cpp(292,34): note: Conversion requires a second user-defined-conversion operator or constructor
C:\Program Files\Epic Games\UE_5.7\Engine\Source\Runtime\Core\Public\String\FormatStringSan.h(487,4): note: or       'UE::Core::Private::FormatStringSan::TCheckedFormatStringPrivate<FString::FmtCharType,double>::TCheckedFormatStringPrivate(const CharType (&)[N])'
        with
        [
            CharType=FString::FmtCharType
        ]
			consteval TCheckedFormatStringPrivate(const CharType (&Fmt)[N])
			^
C:\Users\iputu\Documents\Wonder Chess\game\Source\WonderChessRuntime\Private\WCMatchHUD.cpp(292,34): note: while trying to match the argument list '(const FString::ElementType *)'
            Text(FString::Printf(*T(P,TEXT("ATK %.2f before defense"),TEXT("ATK %.2f sebelum pertahanan")),Attack/100.0),45,568,.72);
                                 ^
C:\Program Files\Epic Games\UE_5.7\Engine\Source\Runtime\Core\Public\Containers\UnrealString.h.inl(1423,39): note: see declaration of 'FString::Printf'
	[[nodiscard]] static UE_STRING_CLASS Printf(UE::Core::TCheckedFormatString<FmtCharType, Types...> Fmt, Types... Args)
	                                     ^
C:\Users\iputu\Documents\Wonder Chess\game\Source\WonderChessRuntime\Private\WCMatchHUD.cpp(292,27): note: while trying to match the argument list '(const FString::ElementType *, double)'
            Text(FString::Printf(*T(P,TEXT("ATK %.2f before defense"),TEXT("ATK %.2f sebelum pertahanan")),Attack/100.0),45,568,.72);
                          ^
C:\Users\iputu\Documents\Wonder Chess\game\Source\WonderChessRuntime\Private\WCMatchHUD.cpp(296,27): error C2664: 'FString FString::Printf<int,int>(UE::Core::Private::FormatStringSan::TCheckedFormatStringPrivate<FString::FmtCharType,int,int>,int,int)': cannot convert argument 1 from 'const FString::ElementType *' to 'UE::Core::Private::FormatStringSan::TCheckedFormatStringPrivate<FString::FmtCharType,int,int>'
            Text(FString::Printf(*T(P,TEXT("Armor %d / Magic resist %d"),TEXT("Fisik %d / Resist sihir %d")),Inspected.armor,Inspected.resistance),45,615,.73,Muted);
                          ^
C:\Users\iputu\Documents\Wonder Chess\game\Source\WonderChessRuntime\Private\WCMatchHUD.cpp(296,34): note: 'UE::Core::Private::FormatStringSan::TCheckedFormatStringPrivate<FString::FmtCharType,int,int>::TCheckedFormatStringPrivate': no overloaded function could convert all the argument types
            Text(FString::Printf(*T(P,TEXT("Armor %d / Magic resist %d"),TEXT("Fisik %d / Resist sihir %d")),Inspected.armor,Inspected.resistance),45,615,.73,Muted);
                                 ^
C:\Program Files\Epic Games\UE_5.7\Engine\Source\Runtime\Core\Public\String\FormatStringSan.h(520,1): note: could be 'UE::Core::Private::FormatStringSan::TCheckedFormatStringPrivate<FString::FmtCharType,int,int>::TCheckedFormatStringPrivate(UE::Core::Private::FormatStringSan::TCheckedFormatStringPrivate<FString::FmtCharType,int,int> &&)'
		};
^
C:\Users\iputu\Documents\Wonder Chess\game\Source\WonderChessRuntime\Private\WCMatchHUD.cpp(296,34): note: 'UE::Core::Private::FormatStringSan::TCheckedFormatStringPrivate<FString::FmtCharType,int,int>::TCheckedFormatStringPrivate(UE::Core::Private::FormatStringSan::TCheckedFormatStringPrivate<FString::FmtCharType,int,int> &&)': cannot convert argument 1 from 'const FString::ElementType *' to 'UE::Core::Private::FormatStringSan::TCheckedFormatStringPrivate<FString::FmtCharType,int,int> &&'
            Text(FString::Printf(*T(P,TEXT("Armor %d / Magic resist %d"),TEXT("Fisik %d / Resist sihir %d")),Inspected.armor,Inspected.resistance),45,615,.73,Muted);
                                 ^
C:\Users\iputu\Documents\Wonder Chess\game\Source\WonderChessRuntime\Private\WCMatchHUD.cpp(296,34): note: Reason: cannot convert from 'const FString::ElementType *' to 'UE::Core::Private::FormatStringSan::TCheckedFormatStringPrivate<FString::FmtCharType,int,int>'
C:\Users\iputu\Documents\Wonder Chess\game\Source\WonderChessRuntime\Private\WCMatchHUD.cpp(296,34): note: Conversion requires a second user-defined-conversion operator or constructor
C:\Program Files\Epic Games\UE_5.7\Engine\Source\Runtime\Core\Public\String\FormatStringSan.h(520,1): note: or       'UE::Core::Private::FormatStringSan::TCheckedFormatStringPrivate<FString::FmtCharType,int,int>::TCheckedFormatStringPrivate(const UE::Core::Private::FormatStringSan::TCheckedFormatStringPrivate<FString::FmtCharType,int,int> &)'
		};
^
C:\Users\iputu\Documents\Wonder Chess\game\Source\WonderChessRuntime\Private\WCMatchHUD.cpp(296,34): note: 'UE::Core::Private::FormatStringSan::TCheckedFormatStringPrivate<FString::FmtCharType,int,int>::TCheckedFormatStringPrivate(const UE::Core::Private::FormatStringSan::TCheckedFormatStringPrivate<FString::FmtCharType,int,int> &)': cannot convert argument 1 from 'const FString::ElementType *' to 'const UE::Core::Private::FormatStringSan::TCheckedFormatStringPrivate<FString::FmtCharType,int,int> &'
            Text(FString::Printf(*T(P,TEXT("Armor %d / Magic resist %d"),TEXT("Fisik %d / Resist sihir %d")),Inspected.armor,Inspected.resistance),45,615,.73,Muted);
                                 ^
C:\Users\iputu\Documents\Wonder Chess\game\Source\WonderChessRuntime\Private\WCMatchHUD.cpp(296,34): note: Reason: cannot convert from 'const FString::ElementType *' to 'const UE::Core::Private::FormatStringSan::TCheckedFormatStringPrivate<FString::FmtCharType,int,int>'
C:\Users\iputu\Documents\Wonder Chess\game\Source\WonderChessRuntime\Private\WCMatchHUD.cpp(296,34): note: Conversion requires a second user-defined-conversion operator or constructor
C:\Program Files\Epic Games\UE_5.7\Engine\Source\Runtime\Core\Public\String\FormatStringSan.h(487,4): note: or       'UE::Core::Private::FormatStringSan::TCheckedFormatStringPrivate<FString::FmtCharType,int,int>::TCheckedFormatStringPrivate(const CharType (&)[N])'
        with
        [
            CharType=FString::FmtCharType
        ]
			consteval TCheckedFormatStringPrivate(const CharType (&Fmt)[N])
			^
C:\Users\iputu\Documents\Wonder Chess\game\Source\WonderChessRuntime\Private\WCMatchHUD.cpp(296,34): note: while trying to match the argument list '(const FString::ElementType *)'
            Text(FString::Printf(*T(P,TEXT("Armor %d / Magic resist %d"),TEXT("Fisik %d / Resist sihir %d")),Inspected.armor,Inspected.resistance),45,615,.73,Muted);
                                 ^
C:\Program Files\Epic Games\UE_5.7\Engine\Source\Runtime\Core\Public\Containers\UnrealString.h.inl(1423,39): note: see declaration of 'FString::Printf'
	[[nodiscard]] static UE_STRING_CLASS Printf(UE::Core::TCheckedFormatString<FmtCharType, Types...> Fmt, Types... Args)
	                                     ^
C:\Users\iputu\Documents\Wonder Chess\game\Source\WonderChessRuntime\Private\WCMatchHUD.cpp(296,27): note: while trying to match the argument list '(const FString::ElementType *, int, int)'
            Text(FString::Printf(*T(P,TEXT("Armor %d / Magic resist %d"),TEXT("Fisik %d / Resist sihir %d")),Inspected.armor,Inspected.resistance),45,615,.73,Muted);
                          ^
C:\Users\iputu\Documents\Wonder Chess\game\Source\WonderChessRuntime\Private\WCMatchHUD.cpp(298,27): error C2664: 'FString FString::Printf<int,double>(UE::Core::Private::FormatStringSan::TCheckedFormatStringPrivate<FString::FmtCharType,int,double>,int,double)': cannot convert argument 1 from 'const FString::ElementType *' to 'UE::Core::Private::FormatStringSan::TCheckedFormatStringPrivate<FString::FmtCharType,int,double>'
            Text(FString::Printf(*T(P,TEXT("Range %d | %.2f attacks/s"),TEXT("Jarak %d | %.2f serangan/dtk")),U.range,1000.0/Interval),45,639,.7,Muted);
                          ^
C:\Users\iputu\Documents\Wonder Chess\game\Source\WonderChessRuntime\Private\WCMatchHUD.cpp(298,34): note: 'UE::Core::Private::FormatStringSan::TCheckedFormatStringPrivate<FString::FmtCharType,int,double>::TCheckedFormatStringPrivate': no overloaded function could convert all the argument types
            Text(FString::Printf(*T(P,TEXT("Range %d | %.2f attacks/s"),TEXT("Jarak %d | %.2f serangan/dtk")),U.range,1000.0/Interval),45,639,.7,Muted);
                                 ^
C:\Program Files\Epic Games\UE_5.7\Engine\Source\Runtime\Core\Public\String\FormatStringSan.h(520,1): note: could be 'UE::Core::Private::FormatStringSan::TCheckedFormatStringPrivate<FString::FmtCharType,int,double>::TCheckedFormatStringPrivate(UE::Core::Private::FormatStringSan::TCheckedFormatStringPrivate<FString::FmtCharType,int,double> &&)'
		};
^
C:\Users\iputu\Documents\Wonder Chess\game\Source\WonderChessRuntime\Private\WCMatchHUD.cpp(298,34): note: 'UE::Core::Private::FormatStringSan::TCheckedFormatStringPrivate<FString::FmtCharType,int,double>::TCheckedFormatStringPrivate(UE::Core::Private::FormatStringSan::TCheckedFormatStringPrivate<FString::FmtCharType,int,double> &&)': cannot convert argument 1 from 'const FString::ElementType *' to 'UE::Core::Private::FormatStringSan::TCheckedFormatStringPrivate<FString::FmtCharType,int,double> &&'
            Text(FString::Printf(*T(P,TEXT("Range %d | %.2f attacks/s"),TEXT("Jarak %d | %.2f serangan/dtk")),U.range,1000.0/Interval),45,639,.7,Muted);
                                 ^
C:\Users\iputu\Documents\Wonder Chess\game\Source\WonderChessRuntime\Private\WCMatchHUD.cpp(298,34): note: Reason: cannot convert from 'const FString::ElementType *' to 'UE::Core::Private::FormatStringSan::TCheckedFormatStringPrivate<FString::FmtCharType,int,double>'
C:\Users\iputu\Documents\Wonder Chess\game\Source\WonderChessRuntime\Private\WCMatchHUD.cpp(298,34): note: Conversion requires a second user-defined-conversion operator or constructor
C:\Program Files\Epic Games\UE_5.7\Engine\Source\Runtime\Core\Public\String\FormatStringSan.h(520,1): note: or       'UE::Core::Private::FormatStringSan::TCheckedFormatStringPrivate<FString::FmtCharType,int,double>::TCheckedFormatStringPrivate(const UE::Core::Private::FormatStringSan::TCheckedFormatStringPrivate<FString::FmtCharType,int,double> &)'
		};
^
C:\Users\iputu\Documents\Wonder Chess\game\Source\WonderChessRuntime\Private\WCMatchHUD.cpp(298,34): note: 'UE::Core::Private::FormatStringSan::TCheckedFormatStringPrivate<FString::FmtCharType,int,double>::TCheckedFormatStringPrivate(const UE::Core::Private::FormatStringSan::TCheckedFormatStringPrivate<FString::FmtCharType,int,double> &)': cannot convert argument 1 from 'const FString::ElementType *' to 'const UE::Core::Private::FormatStringSan::TCheckedFormatStringPrivate<FString::FmtCharType,int,double> &'
            Text(FString::Printf(*T(P,TEXT("Range %d | %.2f attacks/s"),TEXT("Jarak %d | %.2f serangan/dtk")),U.range,1000.0/Interval),45,639,.7,Muted);
                                 ^
C:\Users\iputu\Documents\Wonder Chess\game\Source\WonderChessRuntime\Private\WCMatchHUD.cpp(298,34): note: Reason: cannot convert from 'const FString::ElementType *' to 'const UE::Core::Private::FormatStringSan::TCheckedFormatStringPrivate<FString::FmtCharType,int,double>'
C:\Users\iputu\Documents\Wonder Chess\game\Source\WonderChessRuntime\Private\WCMatchHUD.cpp(298,34): note: Conversion requires a second user-defined-conversion operator or constructor
C:\Program Files\Epic Games\UE_5.7\Engine\Source\Runtime\Core\Public\String\FormatStringSan.h(487,4): note: or       'UE::Core::Private::FormatStringSan::TCheckedFormatStringPrivate<FString::FmtCharType,int,double>::TCheckedFormatStringPrivate(const CharType (&)[N])'
        with
        [
            CharType=FString::FmtCharType
        ]
			consteval TCheckedFormatStringPrivate(const CharType (&Fmt)[N])
			^
C:\Users\iputu\Documents\Wonder Chess\game\Source\WonderChessRuntime\Private\WCMatchHUD.cpp(298,34): note: while trying to match the argument list '(const FString::ElementType *)'
            Text(FString::Printf(*T(P,TEXT("Range %d | %.2f attacks/s"),TEXT("Jarak %d | %.2f serangan/dtk")),U.range,1000.0/Interval),45,639,.7,Muted);
                                 ^
C:\Program Files\Epic Games\UE_5.7\Engine\Source\Runtime\Core\Public\Containers\UnrealString.h.inl(1423,39): note: see declaration of 'FString::Printf'
	[[nodiscard]] static UE_STRING_CLASS Printf(UE::Core::TCheckedFormatString<FmtCharType, Types...> Fmt, Types... Args)
	                                     ^
C:\Users\iputu\Documents\Wonder Chess\game\Source\WonderChessRuntime\Private\WCMatchHUD.cpp(298,27): note: while trying to match the argument list '(const FString::ElementType *, const int, double)'
            Text(FString::Printf(*T(P,TEXT("Range %d | %.2f attacks/s"),TEXT("Jarak %d | %.2f serangan/dtk")),U.range,1000.0/Interval),45,639,.7,Muted);
                          ^
C:\Users\iputu\Documents\Wonder Chess\game\Source\WonderChessRuntime\Private\WCMatchHUD.cpp(299,27): error C2664: 'FString FString::Printf<T>(UE::Core::Private::FormatStringSan::TCheckedFormatStringPrivate<FString::FmtCharType,double>,T)': cannot convert argument 1 from 'const FString::ElementType *' to 'UE::Core::Private::FormatStringSan::TCheckedFormatStringPrivate<FString::FmtCharType,double>'
        with
        [
            T=double
        ]
            Text(FString::Printf(*T(P,TEXT("Shield %.2f"),TEXT("Perisai %.2f")),Inspected.shield/100.0),45,663,.73,Gold);
                          ^
C:\Users\iputu\Documents\Wonder Chess\game\Source\WonderChessRuntime\Private\WCMatchHUD.cpp(299,34): note: 'UE::Core::Private::FormatStringSan::TCheckedFormatStringPrivate<FString::FmtCharType,double>::TCheckedFormatStringPrivate': no overloaded function could convert all the argument types
            Text(FString::Printf(*T(P,TEXT("Shield %.2f"),TEXT("Perisai %.2f")),Inspected.shield/100.0),45,663,.73,Gold);
                                 ^
C:\Program Files\Epic Games\UE_5.7\Engine\Source\Runtime\Core\Public\String\FormatStringSan.h(520,1): note: could be 'UE::Core::Private::FormatStringSan::TCheckedFormatStringPrivate<FString::FmtCharType,double>::TCheckedFormatStringPrivate(UE::Core::Private::FormatStringSan::TCheckedFormatStringPrivate<FString::FmtCharType,double> &&)'
		};
^
C:\Users\iputu\Documents\Wonder Chess\game\Source\WonderChessRuntime\Private\WCMatchHUD.cpp(299,34): note: 'UE::Core::Private::FormatStringSan::TCheckedFormatStringPrivate<FString::FmtCharType,double>::TCheckedFormatStringPrivate(UE::Core::Private::FormatStringSan::TCheckedFormatStringPrivate<FString::FmtCharType,double> &&)': cannot convert argument 1 from 'const FString::ElementType *' to 'UE::Core::Private::FormatStringSan::TCheckedFormatStringPrivate<FString::FmtCharType,double> &&'
            Text(FString::Printf(*T(P,TEXT("Shield %.2f"),TEXT("Perisai %.2f")),Inspected.shield/100.0),45,663,.73,Gold);
                                 ^
C:\Users\iputu\Documents\Wonder Chess\game\Source\WonderChessRuntime\Private\WCMatchHUD.cpp(299,34): note: Reason: cannot convert from 'const FString::ElementType *' to 'UE::Core::Private::FormatStringSan::TCheckedFormatStringPrivate<FString::FmtCharType,double>'
C:\Users\iputu\Documents\Wonder Chess\game\Source\WonderChessRuntime\Private\WCMatchHUD.cpp(299,34): note: Conversion requires a second user-defined-conversion operator or constructor
C:\Program Files\Epic Games\UE_5.7\Engine\Source\Runtime\Core\Public\String\FormatStringSan.h(520,1): note: or       'UE::Core::Private::FormatStringSan::TCheckedFormatStringPrivate<FString::FmtCharType,double>::TCheckedFormatStringPrivate(const UE::Core::Private::FormatStringSan::TCheckedFormatStringPrivate<FString::FmtCharType,double> &)'
		};
^
C:\Users\iputu\Documents\Wonder Chess\game\Source\WonderChessRuntime\Private\WCMatchHUD.cpp(299,34): note: 'UE::Core::Private::FormatStringSan::TCheckedFormatStringPrivate<FString::FmtCharType,double>::TCheckedFormatStringPrivate(const UE::Core::Private::FormatStringSan::TCheckedFormatStringPrivate<FString::FmtCharType,double> &)': cannot convert argument 1 from 'const FString::ElementType *' to 'const UE::Core::Private::FormatStringSan::TCheckedFormatStringPrivate<FString::FmtCharType,double> &'
            Text(FString::Printf(*T(P,TEXT("Shield %.2f"),TEXT("Perisai %.2f")),Inspected.shield/100.0),45,663,.73,Gold);
                                 ^
C:\Users\iputu\Documents\Wonder Chess\game\Source\WonderChessRuntime\Private\WCMatchHUD.cpp(299,34): note: Reason: cannot convert from 'const FString::ElementType *' to 'const UE::Core::Private::FormatStringSan::TCheckedFormatStringPrivate<FString::FmtCharType,double>'
C:\Users\iputu\Documents\Wonder Chess\game\Source\WonderChessRuntime\Private\WCMatchHUD.cpp(299,34): note: Conversion requires a second user-defined-conversion operator or constructor
C:\Program Files\Epic Games\UE_5.7\Engine\Source\Runtime\Core\Public\String\FormatStringSan.h(487,4): note: or       'UE::Core::Private::FormatStringSan::TCheckedFormatStringPrivate<FString::FmtCharType,double>::TCheckedFormatStringPrivate(const CharType (&)[N])'
        with
        [
            CharType=FString::FmtCharType
        ]
			consteval TCheckedFormatStringPrivate(const CharType (&Fmt)[N])
			^
C:\Users\iputu\Documents\Wonder Chess\game\Source\WonderChessRuntime\Private\WCMatchHUD.cpp(299,34): note: while trying to match the argument list '(const FString::ElementType *)'
            Text(FString::Printf(*T(P,TEXT("Shield %.2f"),TEXT("Perisai %.2f")),Inspected.shield/100.0),45,663,.73,Gold);
                                 ^
C:\Program Files\Epic Games\UE_5.7\Engine\Source\Runtime\Core\Public\Containers\UnrealString.h.inl(1423,39): note: see declaration of 'FString::Printf'
	[[nodiscard]] static UE_STRING_CLASS Printf(UE::Core::TCheckedFormatString<FmtCharType, Types...> Fmt, Types... Args)
	                                     ^
C:\Users\iputu\Documents\Wonder Chess\game\Source\WonderChessRuntime\Private\WCMatchHUD.cpp(299,27): note: while trying to match the argument list '(const FString::ElementType *, double)'
            Text(FString::Printf(*T(P,TEXT("Shield %.2f"),TEXT("Perisai %.2f")),Inspected.shield/100.0),45,663,.73,Gold);
                          ^
C:\Users\iputu\Documents\Wonder Chess\game\Source\WonderChessRuntime\Private\WCMatchHUD.cpp(306,74): error C2664: 'FString FString::Printf<T>(UE::Core::Private::FormatStringSan::TCheckedFormatStringPrivate<FString::FmtCharType,double>,T)': cannot convert argument 1 from 'const FString::ElementType *' to 'UE::Core::Private::FormatStringSan::TCheckedFormatStringPrivate<FString::FmtCharType,double>'
        with
        [
            T=double
        ]
            if(Skill.effect==wc::Effect::StatModifier)Magnitude=FString::Printf(*T(P,TEXT("Attack rate %+0.2f%%"),TEXT("Laju serangan %+0.2f%%")),Power/100.0);
                                                                         ^
C:\Users\iputu\Documents\Wonder Chess\game\Source\WonderChessRuntime\Private\WCMatchHUD.cpp(306,81): note: 'UE::Core::Private::FormatStringSan::TCheckedFormatStringPrivate<FString::FmtCharType,double>::TCheckedFormatStringPrivate': no overloaded function could convert all the argument types
            if(Skill.effect==wc::Effect::StatModifier)Magnitude=FString::Printf(*T(P,TEXT("Attack rate %+0.2f%%"),TEXT("Laju serangan %+0.2f%%")),Power/100.0);
                                                                                ^
C:\Program Files\Epic Games\UE_5.7\Engine\Source\Runtime\Core\Public\String\FormatStringSan.h(520,1): note: could be 'UE::Core::Private::FormatStringSan::TCheckedFormatStringPrivate<FString::FmtCharType,double>::TCheckedFormatStringPrivate(UE::Core::Private::FormatStringSan::TCheckedFormatStringPrivate<FString::FmtCharType,double> &&)'
		};
^
C:\Users\iputu\Documents\Wonder Chess\game\Source\WonderChessRuntime\Private\WCMatchHUD.cpp(306,81): note: 'UE::Core::Private::FormatStringSan::TCheckedFormatStringPrivate<FString::FmtCharType,double>::TCheckedFormatStringPrivate(UE::Core::Private::FormatStringSan::TCheckedFormatStringPrivate<FString::FmtCharType,double> &&)': cannot convert argument 1 from 'const FString::ElementType *' to 'UE::Core::Private::FormatStringSan::TCheckedFormatStringPrivate<FString::FmtCharType,double> &&'
            if(Skill.effect==wc::Effect::StatModifier)Magnitude=FString::Printf(*T(P,TEXT("Attack rate %+0.2f%%"),TEXT("Laju serangan %+0.2f%%")),Power/100.0);
                                                                                ^
C:\Users\iputu\Documents\Wonder Chess\game\Source\WonderChessRuntime\Private\WCMatchHUD.cpp(306,81): note: Reason: cannot convert from 'const FString::ElementType *' to 'UE::Core::Private::FormatStringSan::TCheckedFormatStringPrivate<FString::FmtCharType,double>'
C:\Users\iputu\Documents\Wonder Chess\game\Source\WonderChessRuntime\Private\WCMatchHUD.cpp(306,81): note: Conversion requires a second user-defined-conversion operator or constructor
C:\Program Files\Epic Games\UE_5.7\Engine\Source\Runtime\Core\Public\String\FormatStringSan.h(520,1): note: or       'UE::Core::Private::FormatStringSan::TCheckedFormatStringPrivate<FString::FmtCharType,double>::TCheckedFormatStringPrivate(const UE::Core::Private::FormatStringSan::TCheckedFormatStringPrivate<FString::FmtCharType,double> &)'
		};
^
C:\Users\iputu\Documents\Wonder Chess\game\Source\WonderChessRuntime\Private\WCMatchHUD.cpp(306,81): note: 'UE::Core::Private::FormatStringSan::TCheckedFormatStringPrivate<FString::FmtCharType,double>::TCheckedFormatStringPrivate(const UE::Core::Private::FormatStringSan::TCheckedFormatStringPrivate<FString::FmtCharType,double> &)': cannot convert argument 1 from 'const FString::ElementType *' to 'const UE::Core::Private::FormatStringSan::TCheckedFormatStringPrivate<FString::FmtCharType,double> &'
            if(Skill.effect==wc::Effect::StatModifier)Magnitude=FString::Printf(*T(P,TEXT("Attack rate %+0.2f%%"),TEXT("Laju serangan %+0.2f%%")),Power/100.0);
                                                                                ^
C:\Users\iputu\Documents\Wonder Chess\game\Source\WonderChessRuntime\Private\WCMatchHUD.cpp(306,81): note: Reason: cannot convert from 'const FString::ElementType *' to 'const UE::Core::Private::FormatStringSan::TCheckedFormatStringPrivate<FString::FmtCharType,double>'
C:\Users\iputu\Documents\Wonder Chess\game\Source\WonderChessRuntime\Private\WCMatchHUD.cpp(306,81): note: Conversion requires a second user-defined-conversion operator or constructor
C:\Program Files\Epic Games\UE_5.7\Engine\Source\Runtime\Core\Public\String\FormatStringSan.h(487,4): note: or       'UE::Core::Private::FormatStringSan::TCheckedFormatStringPrivate<FString::FmtCharType,double>::TCheckedFormatStringPrivate(const CharType (&)[N])'
        with
        [
            CharType=FString::FmtCharType
        ]
			consteval TCheckedFormatStringPrivate(const CharType (&Fmt)[N])
			^
C:\Users\iputu\Documents\Wonder Chess\game\Source\WonderChessRuntime\Private\WCMatchHUD.cpp(306,81): note: while trying to match the argument list '(const FString::ElementType *)'
            if(Skill.effect==wc::Effect::StatModifier)Magnitude=FString::Printf(*T(P,TEXT("Attack rate %+0.2f%%"),TEXT("Laju serangan %+0.2f%%")),Power/100.0);
                                                                                ^
C:\Program Files\Epic Games\UE_5.7\Engine\Source\Runtime\Core\Public\Containers\UnrealString.h.inl(1423,39): note: see declaration of 'FString::Printf'
	[[nodiscard]] static UE_STRING_CLASS Printf(UE::Core::TCheckedFormatString<FmtCharType, Types...> Fmt, Types... Args)
	                                     ^
C:\Users\iputu\Documents\Wonder Chess\game\Source\WonderChessRuntime\Private\WCMatchHUD.cpp(306,74): note: while trying to match the argument list '(const FString::ElementType *, double)'
            if(Skill.effect==wc::Effect::StatModifier)Magnitude=FString::Printf(*T(P,TEXT("Attack rate %+0.2f%%"),TEXT("Laju serangan %+0.2f%%")),Power/100.0);
                                                                         ^
C:\Users\iputu\Documents\Wonder Chess\game\Source\WonderChessRuntime\Private\WCMatchHUD.cpp(308,71): error C2664: 'FString FString::Printf<int32>(UE::Core::Private::FormatStringSan::TCheckedFormatStringPrivate<FString::FmtCharType,int>,int32)': cannot convert argument 1 from 'const FString::ElementType *' to 'UE::Core::Private::FormatStringSan::TCheckedFormatStringPrivate<FString::FmtCharType,int>'
            else if(Skill.effect==wc::Effect::Dash)Magnitude=FString::Printf(*T(P,TEXT("Dash up to %d cells"),TEXT("Lari cepat hingga %d petak")),Skill.maxDash);
                                                                      ^
C:\Users\iputu\Documents\Wonder Chess\game\Source\WonderChessRuntime\Private\WCMatchHUD.cpp(308,78): note: 'UE::Core::Private::FormatStringSan::TCheckedFormatStringPrivate<FString::FmtCharType,int>::TCheckedFormatStringPrivate': no overloaded function could convert all the argument types
            else if(Skill.effect==wc::Effect::Dash)Magnitude=FString::Printf(*T(P,TEXT("Dash up to %d cells"),TEXT("Lari cepat hingga %d petak")),Skill.maxDash);
                                                                             ^
C:\Program Files\Epic Games\UE_5.7\Engine\Source\Runtime\Core\Public\String\FormatStringSan.h(520,1): note: could be 'UE::Core::Private::FormatStringSan::TCheckedFormatStringPrivate<FString::FmtCharType,int>::TCheckedFormatStringPrivate(UE::Core::Private::FormatStringSan::TCheckedFormatStringPrivate<FString::FmtCharType,int> &&)'
		};
^
C:\Users\iputu\Documents\Wonder Chess\game\Source\WonderChessRuntime\Private\WCMatchHUD.cpp(308,78): note: 'UE::Core::Private::FormatStringSan::TCheckedFormatStringPrivate<FString::FmtCharType,int>::TCheckedFormatStringPrivate(UE::Core::Private::FormatStringSan::TCheckedFormatStringPrivate<FString::FmtCharType,int> &&)': cannot convert argument 1 from 'const FString::ElementType *' to 'UE::Core::Private::FormatStringSan::TCheckedFormatStringPrivate<FString::FmtCharType,int> &&'
            else if(Skill.effect==wc::Effect::Dash)Magnitude=FString::Printf(*T(P,TEXT("Dash up to %d cells"),TEXT("Lari cepat hingga %d petak")),Skill.maxDash);
                                                                             ^
C:\Users\iputu\Documents\Wonder Chess\game\Source\WonderChessRuntime\Private\WCMatchHUD.cpp(308,78): note: Reason: cannot convert from 'const FString::ElementType *' to 'UE::Core::Private::FormatStringSan::TCheckedFormatStringPrivate<FString::FmtCharType,int>'
C:\Users\iputu\Documents\Wonder Chess\game\Source\WonderChessRuntime\Private\WCMatchHUD.cpp(308,78): note: Conversion requires a second user-defined-conversion operator or constructor
C:\Program Files\Epic Games\UE_5.7\Engine\Source\Runtime\Core\Public\String\FormatStringSan.h(520,1): note: or       'UE::Core::Private::FormatStringSan::TCheckedFormatStringPrivate<FString::FmtCharType,int>::TCheckedFormatStringPrivate(const UE::Core::Private::FormatStringSan::TCheckedFormatStringPrivate<FString::FmtCharType,int> &)'
		};
^
C:\Users\iputu\Documents\Wonder Chess\game\Source\WonderChessRuntime\Private\WCMatchHUD.cpp(308,78): note: 'UE::Core::Private::FormatStringSan::TCheckedFormatStringPrivate<FString::FmtCharType,int>::TCheckedFormatStringPrivate(const UE::Core::Private::FormatStringSan::TCheckedFormatStringPrivate<FString::FmtCharType,int> &)': cannot convert argument 1 from 'const FString::ElementType *' to 'const UE::Core::Private::FormatStringSan::TCheckedFormatStringPrivate<FString::FmtCharType,int> &'
            else if(Skill.effect==wc::Effect::Dash)Magnitude=FString::Printf(*T(P,TEXT("Dash up to %d cells"),TEXT("Lari cepat hingga %d petak")),Skill.maxDash);
                                                                             ^
C:\Users\iputu\Documents\Wonder Chess\game\Source\WonderChessRuntime\Private\WCMatchHUD.cpp(308,78): note: Reason: cannot convert from 'const FString::ElementType *' to 'const UE::Core::Private::FormatStringSan::TCheckedFormatStringPrivate<FString::FmtCharType,int>'
C:\Users\iputu\Documents\Wonder Chess\game\Source\WonderChessRuntime\Private\WCMatchHUD.cpp(308,78): note: Conversion requires a second user-defined-conversion operator or constructor
C:\Program Files\Epic Games\UE_5.7\Engine\Source\Runtime\Core\Public\String\FormatStringSan.h(487,4): note: or       'UE::Core::Private::FormatStringSan::TCheckedFormatStringPrivate<FString::FmtCharType,int>::TCheckedFormatStringPrivate(const CharType (&)[N])'
        with
        [
            CharType=FString::FmtCharType
        ]
			consteval TCheckedFormatStringPrivate(const CharType (&Fmt)[N])
			^
C:\Users\iputu\Documents\Wonder Chess\game\Source\WonderChessRuntime\Private\WCMatchHUD.cpp(308,78): note: while trying to match the argument list '(const FString::ElementType *)'
            else if(Skill.effect==wc::Effect::Dash)Magnitude=FString::Printf(*T(P,TEXT("Dash up to %d cells"),TEXT("Lari cepat hingga %d petak")),Skill.maxDash);
                                                                             ^
C:\Program Files\Epic Games\UE_5.7\Engine\Source\Runtime\Core\Public\Containers\UnrealString.h.inl(1423,39): note: see declaration of 'FString::Printf'
	[[nodiscard]] static UE_STRING_CLASS Printf(UE::Core::TCheckedFormatString<FmtCharType, Types...> Fmt, Types... Args)
	                                     ^
C:\Users\iputu\Documents\Wonder Chess\game\Source\WonderChessRuntime\Private\WCMatchHUD.cpp(308,71): note: while trying to match the argument list '(const FString::ElementType *, const int)'
            else if(Skill.effect==wc::Effect::Dash)Magnitude=FString::Printf(*T(P,TEXT("Dash up to %d cells"),TEXT("Lari cepat hingga %d petak")),Skill.maxDash);
                                                                      ^
C:\Users\iputu\Documents\Wonder Chess\game\Source\WonderChessRuntime\Private\WCMatchHUD.cpp(312,27): error C2664: 'FString FString::Printf<double,int>(UE::Core::Private::FormatStringSan::TCheckedFormatStringPrivate<FString::FmtCharType,double,int>,double,int)': cannot convert argument 1 from 'const FString::ElementType *' to 'UE::Core::Private::FormatStringSan::TCheckedFormatStringPrivate<FString::FmtCharType,double,int>'
            Text(FString::Printf(*T(P,TEXT("Duration %.2fs | Range %d"),TEXT("Durasi %.2fdtk | Jarak %d")),Skill.durationMs/1000.0,Skill.range),45,847,.68,Muted);
                          ^
C:\Users\iputu\Documents\Wonder Chess\game\Source\WonderChessRuntime\Private\WCMatchHUD.cpp(312,34): note: 'UE::Core::Private::FormatStringSan::TCheckedFormatStringPrivate<FString::FmtCharType,double,int>::TCheckedFormatStringPrivate': no overloaded function could convert all the argument types
            Text(FString::Printf(*T(P,TEXT("Duration %.2fs | Range %d"),TEXT("Durasi %.2fdtk | Jarak %d")),Skill.durationMs/1000.0,Skill.range),45,847,.68,Muted);
                                 ^
C:\Program Files\Epic Games\UE_5.7\Engine\Source\Runtime\Core\Public\String\FormatStringSan.h(520,1): note: could be 'UE::Core::Private::FormatStringSan::TCheckedFormatStringPrivate<FString::FmtCharType,double,int>::TCheckedFormatStringPrivate(UE::Core::Private::FormatStringSan::TCheckedFormatStringPrivate<FString::FmtCharType,double,int> &&)'
		};
^
C:\Users\iputu\Documents\Wonder Chess\game\Source\WonderChessRuntime\Private\WCMatchHUD.cpp(312,34): note: 'UE::Core::Private::FormatStringSan::TCheckedFormatStringPrivate<FString::FmtCharType,double,int>::TCheckedFormatStringPrivate(UE::Core::Private::FormatStringSan::TCheckedFormatStringPrivate<FString::FmtCharType,double,int> &&)': cannot convert argument 1 from 'const FString::ElementType *' to 'UE::Core::Private::FormatStringSan::TCheckedFormatStringPrivate<FString::FmtCharType,double,int> &&'
            Text(FString::Printf(*T(P,TEXT("Duration %.2fs | Range %d"),TEXT("Durasi %.2fdtk | Jarak %d")),Skill.durationMs/1000.0,Skill.range),45,847,.68,Muted);
                                 ^
C:\Users\iputu\Documents\Wonder Chess\game\Source\WonderChessRuntime\Private\WCMatchHUD.cpp(312,34): note: Reason: cannot convert from 'const FString::ElementType *' to 'UE::Core::Private::FormatStringSan::TCheckedFormatStringPrivate<FString::FmtCharType,double,int>'
C:\Users\iputu\Documents\Wonder Chess\game\Source\WonderChessRuntime\Private\WCMatchHUD.cpp(312,34): note: Conversion requires a second user-defined-conversion operator or constructor
C:\Program Files\Epic Games\UE_5.7\Engine\Source\Runtime\Core\Public\String\FormatStringSan.h(520,1): note: or       'UE::Core::Private::FormatStringSan::TCheckedFormatStringPrivate<FString::FmtCharType,double,int>::TCheckedFormatStringPrivate(const UE::Core::Private::FormatStringSan::TCheckedFormatStringPrivate<FString::FmtCharType,double,int> &)'
		};
^
C:\Users\iputu\Documents\Wonder Chess\game\Source\WonderChessRuntime\Private\WCMatchHUD.cpp(312,34): note: 'UE::Core::Private::FormatStringSan::TCheckedFormatStringPrivate<FString::FmtCharType,double,int>::TCheckedFormatStringPrivate(const UE::Core::Private::FormatStringSan::TCheckedFormatStringPrivate<FString::FmtCharType,double,int> &)': cannot convert argument 1 from 'const FString::ElementType *' to 'const UE::Core::Private::FormatStringSan::TCheckedFormatStringPrivate<FString::FmtCharType,double,int> &'
            Text(FString::Printf(*T(P,TEXT("Duration %.2fs | Range %d"),TEXT("Durasi %.2fdtk | Jarak %d")),Skill.durationMs/1000.0,Skill.range),45,847,.68,Muted);
                                 ^
C:\Users\iputu\Documents\Wonder Chess\game\Source\WonderChessRuntime\Private\WCMatchHUD.cpp(312,34): note: Reason: cannot convert from 'const FString::ElementType *' to 'const UE::Core::Private::FormatStringSan::TCheckedFormatStringPrivate<FString::FmtCharType,double,int>'
C:\Users\iputu\Documents\Wonder Chess\game\Source\WonderChessRuntime\Private\WCMatchHUD.cpp(312,34): note: Conversion requires a second user-defined-conversion operator or constructor
C:\Program Files\Epic Games\UE_5.7\Engine\Source\Runtime\Core\Public\String\FormatStringSan.h(487,4): note: or       'UE::Core::Private::FormatStringSan::TCheckedFormatStringPrivate<FString::FmtCharType,double,int>::TCheckedFormatStringPrivate(const CharType (&)[N])'
        with
        [
            CharType=FString::FmtCharType
        ]
			consteval TCheckedFormatStringPrivate(const CharType (&Fmt)[N])
			^
C:\Users\iputu\Documents\Wonder Chess\game\Source\WonderChessRuntime\Private\WCMatchHUD.cpp(312,34): note: while trying to match the argument list '(const FString::ElementType *)'
            Text(FString::Printf(*T(P,TEXT("Duration %.2fs | Range %d"),TEXT("Durasi %.2fdtk | Jarak %d")),Skill.durationMs/1000.0,Skill.range),45,847,.68,Muted);
                                 ^
C:\Program Files\Epic Games\UE_5.7\Engine\Source\Runtime\Core\Public\Containers\UnrealString.h.inl(1423,39): note: see declaration of 'FString::Printf'
	[[nodiscard]] static UE_STRING_CLASS Printf(UE::Core::TCheckedFormatString<FmtCharType, Types...> Fmt, Types... Args)
	                                     ^
C:\Users\iputu\Documents\Wonder Chess\game\Source\WonderChessRuntime\Private\WCMatchHUD.cpp(312,27): note: while trying to match the argument list '(const FString::ElementType *, double, const int)'
            Text(FString::Printf(*T(P,TEXT("Duration %.2fs | Range %d"),TEXT("Durasi %.2fdtk | Jarak %d")),Skill.durationMs/1000.0,Skill.range),45,847,.68,Muted);
                          ^
C:\Users\iputu\Documents\Wonder Chess\game\Source\WonderChessRuntime\Private\WCMatchHUD.cpp(313,27): error C2664: 'FString FString::Printf<int,int>(UE::Core::Private::FormatStringSan::TCheckedFormatStringPrivate<FString::FmtCharType,int,int>,int,int)': cannot convert argument 1 from 'const FString::ElementType *' to 'UE::Core::Private::FormatStringSan::TCheckedFormatStringPrivate<FString::FmtCharType,int,int>'
            Text(FString::Printf(*T(P,TEXT("Radius %d | Max targets %d"),TEXT("Radius %d | Maks target %d")),Skill.radius,Skill.maxTargets),45,870,.68,Muted);
                          ^
C:\Users\iputu\Documents\Wonder Chess\game\Source\WonderChessRuntime\Private\WCMatchHUD.cpp(313,34): note: 'UE::Core::Private::FormatStringSan::TCheckedFormatStringPrivate<FString::FmtCharType,int,int>::TCheckedFormatStringPrivate': no overloaded function could convert all the argument types
            Text(FString::Printf(*T(P,TEXT("Radius %d | Max targets %d"),TEXT("Radius %d | Maks target %d")),Skill.radius,Skill.maxTargets),45,870,.68,Muted);
                                 ^
C:\Program Files\Epic Games\UE_5.7\Engine\Source\Runtime\Core\Public\String\FormatStringSan.h(520,1): note: could be 'UE::Core::Private::FormatStringSan::TCheckedFormatStringPrivate<FString::FmtCharType,int,int>::TCheckedFormatStringPrivate(UE::Core::Private::FormatStringSan::TCheckedFormatStringPrivate<FString::FmtCharType,int,int> &&)'
		};
^
C:\Users\iputu\Documents\Wonder Chess\game\Source\WonderChessRuntime\Private\WCMatchHUD.cpp(313,34): note: 'UE::Core::Private::FormatStringSan::TCheckedFormatStringPrivate<FString::FmtCharType,int,int>::TCheckedFormatStringPrivate(UE::Core::Private::FormatStringSan::TCheckedFormatStringPrivate<FString::FmtCharType,int,int> &&)': cannot convert argument 1 from 'const FString::ElementType *' to 'UE::Core::Private::FormatStringSan::TCheckedFormatStringPrivate<FString::FmtCharType,int,int> &&'
            Text(FString::Printf(*T(P,TEXT("Radius %d | Max targets %d"),TEXT("Radius %d | Maks target %d")),Skill.radius,Skill.maxTargets),45,870,.68,Muted);
                                 ^
C:\Users\iputu\Documents\Wonder Chess\game\Source\WonderChessRuntime\Private\WCMatchHUD.cpp(313,34): note: Reason: cannot convert from 'const FString::ElementType *' to 'UE::Core::Private::FormatStringSan::TCheckedFormatStringPrivate<FString::FmtCharType,int,int>'
C:\Users\iputu\Documents\Wonder Chess\game\Source\WonderChessRuntime\Private\WCMatchHUD.cpp(313,34): note: Conversion requires a second user-defined-conversion operator or constructor
C:\Program Files\Epic Games\UE_5.7\Engine\Source\Runtime\Core\Public\String\FormatStringSan.h(520,1): note: or       'UE::Core::Private::FormatStringSan::TCheckedFormatStringPrivate<FString::FmtCharType,int,int>::TCheckedFormatStringPrivate(const UE::Core::Private::FormatStringSan::TCheckedFormatStringPrivate<FString::FmtCharType,int,int> &)'
		};
^
C:\Users\iputu\Documents\Wonder Chess\game\Source\WonderChessRuntime\Private\WCMatchHUD.cpp(313,34): note: 'UE::Core::Private::FormatStringSan::TCheckedFormatStringPrivate<FString::FmtCharType,int,int>::TCheckedFormatStringPrivate(const UE::Core::Private::FormatStringSan::TCheckedFormatStringPrivate<FString::FmtCharType,int,int> &)': cannot convert argument 1 from 'const FString::ElementType *' to 'const UE::Core::Private::FormatStringSan::TCheckedFormatStringPrivate<FString::FmtCharType,int,int> &'
            Text(FString::Printf(*T(P,TEXT("Radius %d | Max targets %d"),TEXT("Radius %d | Maks target %d")),Skill.radius,Skill.maxTargets),45,870,.68,Muted);
                                 ^
C:\Users\iputu\Documents\Wonder Chess\game\Source\WonderChessRuntime\Private\WCMatchHUD.cpp(313,34): note: Reason: cannot convert from 'const FString::ElementType *' to 'const UE::Core::Private::FormatStringSan::TCheckedFormatStringPrivate<FString::FmtCharType,int,int>'
C:\Users\iputu\Documents\Wonder Chess\game\Source\WonderChessRuntime\Private\WCMatchHUD.cpp(313,34): note: Conversion requires a second user-defined-conversion operator or constructor
C:\Program Files\Epic Games\UE_5.7\Engine\Source\Runtime\Core\Public\String\FormatStringSan.h(487,4): note: or       'UE::Core::Private::FormatStringSan::TCheckedFormatStringPrivate<FString::FmtCharType,int,int>::TCheckedFormatStringPrivate(const CharType (&)[N])'
        with
        [
            CharType=FString::FmtCharType
        ]
			consteval TCheckedFormatStringPrivate(const CharType (&Fmt)[N])
			^
C:\Users\iputu\Documents\Wonder Chess\game\Source\WonderChessRuntime\Private\WCMatchHUD.cpp(313,34): note: while trying to match the argument list '(const FString::ElementType *)'
            Text(FString::Printf(*T(P,TEXT("Radius %d | Max targets %d"),TEXT("Radius %d | Maks target %d")),Skill.radius,Skill.maxTargets),45,870,.68,Muted);
                                 ^
C:\Program Files\Epic Games\UE_5.7\Engine\Source\Runtime\Core\Public\Containers\UnrealString.h.inl(1423,39): note: see declaration of 'FString::Printf'
	[[nodiscard]] static UE_STRING_CLASS Printf(UE::Core::TCheckedFormatString<FmtCharType, Types...> Fmt, Types... Args)
	                                     ^
C:\Users\iputu\Documents\Wonder Chess\game\Source\WonderChessRuntime\Private\WCMatchHUD.cpp(313,27): note: while trying to match the argument list '(const FString::ElementType *, const int, const int)'
            Text(FString::Printf(*T(P,TEXT("Radius %d | Max targets %d"),TEXT("Radius %d | Maks target %d")),Skill.radius,Skill.maxTargets),45,870,.68,Muted);
                          ^
C:\Users\iputu\Documents\Wonder Chess\game\Source\WonderChessRuntime\Private\WCMatchHUD.cpp(314,27): error C2664: 'FString FString::Printf<double,double>(UE::Core::Private::FormatStringSan::TCheckedFormatStringPrivate<FString::FmtCharType,double,double>,double,double)': cannot convert argument 1 from 'const FString::ElementType *' to 'UE::Core::Private::FormatStringSan::TCheckedFormatStringPrivate<FString::FmtCharType,double,double>'
            Text(FString::Printf(*T(P,TEXT("First %.2fs | Cooldown %.2fs"),TEXT("Awal %.2fdtk | Jeda %.2fdtk")),Skill.firstCastMs/1000.0,Skill.cooldownMs/1000.0),45,893,.65,Muted);
                          ^
C:\Users\iputu\Documents\Wonder Chess\game\Source\WonderChessRuntime\Private\WCMatchHUD.cpp(314,34): note: 'UE::Core::Private::FormatStringSan::TCheckedFormatStringPrivate<FString::FmtCharType,double,double>::TCheckedFormatStringPrivate': no overloaded function could convert all the argument types
            Text(FString::Printf(*T(P,TEXT("First %.2fs | Cooldown %.2fs"),TEXT("Awal %.2fdtk | Jeda %.2fdtk")),Skill.firstCastMs/1000.0,Skill.cooldownMs/1000.0),45,893,.65,Muted);
                                 ^
C:\Program Files\Epic Games\UE_5.7\Engine\Source\Runtime\Core\Public\String\FormatStringSan.h(520,1): note: could be 'UE::Core::Private::FormatStringSan::TCheckedFormatStringPrivate<FString::FmtCharType,double,double>::TCheckedFormatStringPrivate(UE::Core::Private::FormatStringSan::TCheckedFormatStringPrivate<FString::FmtCharType,double,double> &&)'
		};
^
C:\Users\iputu\Documents\Wonder Chess\game\Source\WonderChessRuntime\Private\WCMatchHUD.cpp(314,34): note: 'UE::Core::Private::FormatStringSan::TCheckedFormatStringPrivate<FString::FmtCharType,double,double>::TCheckedFormatStringPrivate(UE::Core::Private::FormatStringSan::TCheckedFormatStringPrivate<FString::FmtCharType,double,double> &&)': cannot convert argument 1 from 'const FString::ElementType *' to 'UE::Core::Private::FormatStringSan::TCheckedFormatStringPrivate<FString::FmtCharType,double,double> &&'
            Text(FString::Printf(*T(P,TEXT("First %.2fs | Cooldown %.2fs"),TEXT("Awal %.2fdtk | Jeda %.2fdtk")),Skill.firstCastMs/1000.0,Skill.cooldownMs/1000.0),45,893,.65,Muted);
                                 ^
C:\Users\iputu\Documents\Wonder Chess\game\Source\WonderChessRuntime\Private\WCMatchHUD.cpp(314,34): note: Reason: cannot convert from 'const FString::ElementType *' to 'UE::Core::Private::FormatStringSan::TCheckedFormatStringPrivate<FString::FmtCharType,double,double>'
C:\Users\iputu\Documents\Wonder Chess\game\Source\WonderChessRuntime\Private\WCMatchHUD.cpp(314,34): note: Conversion requires a second user-defined-conversion operator or constructor
C:\Program Files\Epic Games\UE_5.7\Engine\Source\Runtime\Core\Public\String\FormatStringSan.h(520,1): note: or       'UE::Core::Private::FormatStringSan::TCheckedFormatStringPrivate<FString::FmtCharType,double,double>::TCheckedFormatStringPrivate(const UE::Core::Private::FormatStringSan::TCheckedFormatStringPrivate<FString::FmtCharType,double,double> &)'
		};
^
C:\Users\iputu\Documents\Wonder Chess\game\Source\WonderChessRuntime\Private\WCMatchHUD.cpp(314,34): note: 'UE::Core::Private::FormatStringSan::TCheckedFormatStringPrivate<FString::FmtCharType,double,double>::TCheckedFormatStringPrivate(const UE::Core::Private::FormatStringSan::TCheckedFormatStringPrivate<FString::FmtCharType,double,double> &)': cannot convert argument 1 from 'const FString::ElementType *' to 'const UE::Core::Private::FormatStringSan::TCheckedFormatStringPrivate<FString::FmtCharType,double,double> &'
            Text(FString::Printf(*T(P,TEXT("First %.2fs | Cooldown %.2fs"),TEXT("Awal %.2fdtk | Jeda %.2fdtk")),Skill.firstCastMs/1000.0,Skill.cooldownMs/1000.0),45,893,.65,Muted);
                                 ^
C:\Users\iputu\Documents\Wonder Chess\game\Source\WonderChessRuntime\Private\WCMatchHUD.cpp(314,34): note: Reason: cannot convert from 'const FString::ElementType *' to 'const UE::Core::Private::FormatStringSan::TCheckedFormatStringPrivate<FString::FmtCharType,double,double>'
C:\Users\iputu\Documents\Wonder Chess\game\Source\WonderChessRuntime\Private\WCMatchHUD.cpp(314,34): note: Conversion requires a second user-defined-conversion operator or constructor
C:\Program Files\Epic Games\UE_5.7\Engine\Source\Runtime\Core\Public\String\FormatStringSan.h(487,4): note: or       'UE::Core::Private::FormatStringSan::TCheckedFormatStringPrivate<FString::FmtCharType,double,double>::TCheckedFormatStringPrivate(const CharType (&)[N])'
        with
        [
            CharType=FString::FmtCharType
        ]
			consteval TCheckedFormatStringPrivate(const CharType (&Fmt)[N])
			^
C:\Users\iputu\Documents\Wonder Chess\game\Source\WonderChessRuntime\Private\WCMatchHUD.cpp(314,34): note: while trying to match the argument list '(const FString::ElementType *)'
            Text(FString::Printf(*T(P,TEXT("First %.2fs | Cooldown %.2fs"),TEXT("Awal %.2fdtk | Jeda %.2fdtk")),Skill.firstCastMs/1000.0,Skill.cooldownMs/1000.0),45,893,.65,Muted);
                                 ^
C:\Program Files\Epic Games\UE_5.7\Engine\Source\Runtime\Core\Public\Containers\UnrealString.h.inl(1423,39): note: see declaration of 'FString::Printf'
	[[nodiscard]] static UE_STRING_CLASS Printf(UE::Core::TCheckedFormatString<FmtCharType, Types...> Fmt, Types... Args)
	                                     ^
C:\Users\iputu\Documents\Wonder Chess\game\Source\WonderChessRuntime\Private\WCMatchHUD.cpp(314,27): note: while trying to match the argument list '(const FString::ElementType *, double, double)'
            Text(FString::Printf(*T(P,TEXT("First %.2fs | Cooldown %.2fs"),TEXT("Awal %.2fdtk | Jeda %.2fdtk")),Skill.firstCastMs/1000.0,Skill.cooldownMs/1000.0),45,893,.65,Muted);
                          ^
C:\Users\iputu\Documents\Wonder Chess\game\Source\WonderChessRuntime\Private\WCMatchHUD.cpp(315,27): error C2664: 'FString FString::Printf<double,double>(UE::Core::Private::FormatStringSan::TCheckedFormatStringPrivate<FString::FmtCharType,double,double>,double,double)': cannot convert argument 1 from 'const FString::ElementType *' to 'UE::Core::Private::FormatStringSan::TCheckedFormatStringPrivate<FString::FmtCharType,double,double>'
            Text(FString::Printf(*T(P,TEXT("Cast %.2fs | Recovery %.2fs"),TEXT("Cast %.2fdtk | Pulih %.2fdtk")),Skill.castMs/1000.0,Skill.recoveryMs/1000.0),45,916,.65,Muted);
                          ^
C:\Users\iputu\Documents\Wonder Chess\game\Source\WonderChessRuntime\Private\WCMatchHUD.cpp(315,34): note: 'UE::Core::Private::FormatStringSan::TCheckedFormatStringPrivate<FString::FmtCharType,double,double>::TCheckedFormatStringPrivate': no overloaded function could convert all the argument types
            Text(FString::Printf(*T(P,TEXT("Cast %.2fs | Recovery %.2fs"),TEXT("Cast %.2fdtk | Pulih %.2fdtk")),Skill.castMs/1000.0,Skill.recoveryMs/1000.0),45,916,.65,Muted);
                                 ^
C:\Program Files\Epic Games\UE_5.7\Engine\Source\Runtime\Core\Public\String\FormatStringSan.h(520,1): note: could be 'UE::Core::Private::FormatStringSan::TCheckedFormatStringPrivate<FString::FmtCharType,double,double>::TCheckedFormatStringPrivate(UE::Core::Private::FormatStringSan::TCheckedFormatStringPrivate<FString::FmtCharType,double,double> &&)'
		};
^
C:\Users\iputu\Documents\Wonder Chess\game\Source\WonderChessRuntime\Private\WCMatchHUD.cpp(315,34): note: 'UE::Core::Private::FormatStringSan::TCheckedFormatStringPrivate<FString::FmtCharType,double,double>::TCheckedFormatStringPrivate(UE::Core::Private::FormatStringSan::TCheckedFormatStringPrivate<FString::FmtCharType,double,double> &&)': cannot convert argument 1 from 'const FString::ElementType *' to 'UE::Core::Private::FormatStringSan::TCheckedFormatStringPrivate<FString::FmtCharType,double,double> &&'
            Text(FString::Printf(*T(P,TEXT("Cast %.2fs | Recovery %.2fs"),TEXT("Cast %.2fdtk | Pulih %.2fdtk")),Skill.castMs/1000.0,Skill.recoveryMs/1000.0),45,916,.65,Muted);
                                 ^
C:\Users\iputu\Documents\Wonder Chess\game\Source\WonderChessRuntime\Private\WCMatchHUD.cpp(315,34): note: Reason: cannot convert from 'const FString::ElementType *' to 'UE::Core::Private::FormatStringSan::TCheckedFormatStringPrivate<FString::FmtCharType,double,double>'
C:\Users\iputu\Documents\Wonder Chess\game\Source\WonderChessRuntime\Private\WCMatchHUD.cpp(315,34): note: Conversion requires a second user-defined-conversion operator or constructor
C:\Program Files\Epic Games\UE_5.7\Engine\Source\Runtime\Core\Public\String\FormatStringSan.h(520,1): note: or       'UE::Core::Private::FormatStringSan::TCheckedFormatStringPrivate<FString::FmtCharType,double,double>::TCheckedFormatStringPrivate(const UE::Core::Private::FormatStringSan::TCheckedFormatStringPrivate<FString::FmtCharType,double,double> &)'
		};
^
C:\Users\iputu\Documents\Wonder Chess\game\Source\WonderChessRuntime\Private\WCMatchHUD.cpp(315,34): note: 'UE::Core::Private::FormatStringSan::TCheckedFormatStringPrivate<FString::FmtCharType,double,double>::TCheckedFormatStringPrivate(const UE::Core::Private::FormatStringSan::TCheckedFormatStringPrivate<FString::FmtCharType,double,double> &)': cannot convert argument 1 from 'const FString::ElementType *' to 'const UE::Core::Private::FormatStringSan::TCheckedFormatStringPrivate<FString::FmtCharType,double,double> &'
            Text(FString::Printf(*T(P,TEXT("Cast %.2fs | Recovery %.2fs"),TEXT("Cast %.2fdtk | Pulih %.2fdtk")),Skill.castMs/1000.0,Skill.recoveryMs/1000.0),45,916,.65,Muted);
                                 ^
C:\Users\iputu\Documents\Wonder Chess\game\Source\WonderChessRuntime\Private\WCMatchHUD.cpp(315,34): note: Reason: cannot convert from 'const FString::ElementType *' to 'const UE::Core::Private::FormatStringSan::TCheckedFormatStringPrivate<FString::FmtCharType,double,double>'
C:\Users\iputu\Documents\Wonder Chess\game\Source\WonderChessRuntime\Private\WCMatchHUD.cpp(315,34): note: Conversion requires a second user-defined-conversion operator or constructor
C:\Program Files\Epic Games\UE_5.7\Engine\Source\Runtime\Core\Public\String\FormatStringSan.h(487,4): note: or       'UE::Core::Private::FormatStringSan::TCheckedFormatStringPrivate<FString::FmtCharType,double,double>::TCheckedFormatStringPrivate(const CharType (&)[N])'
        with
        [
            CharType=FString::FmtCharType
        ]
			consteval TCheckedFormatStringPrivate(const CharType (&Fmt)[N])
			^
C:\Users\iputu\Documents\Wonder Chess\game\Source\WonderChessRuntime\Private\WCMatchHUD.cpp(315,34): note: while trying to match the argument list '(const FString::ElementType *)'
            Text(FString::Printf(*T(P,TEXT("Cast %.2fs | Recovery %.2fs"),TEXT("Cast %.2fdtk | Pulih %.2fdtk")),Skill.castMs/1000.0,Skill.recoveryMs/1000.0),45,916,.65,Muted);
                                 ^
C:\Program Files\Epic Games\UE_5.7\Engine\Source\Runtime\Core\Public\Containers\UnrealString.h.inl(1423,39): note: see declaration of 'FString::Printf'
	[[nodiscard]] static UE_STRING_CLASS Printf(UE::Core::TCheckedFormatString<FmtCharType, Types...> Fmt, Types... Args)
	                                     ^
C:\Users\iputu\Documents\Wonder Chess\game\Source\WonderChessRuntime\Private\WCMatchHUD.cpp(315,27): note: while trying to match the argument list '(const FString::ElementType *, double, double)'
            Text(FString::Printf(*T(P,TEXT("Cast %.2fs | Recovery %.2fs"),TEXT("Cast %.2fdtk | Pulih %.2fdtk")),Skill.castMs/1000.0,Skill.recoveryMs/1000.0),45,916,.65,Muted);
                          ^
C:\Users\iputu\Documents\Wonder Chess\game\Source\WonderChessRuntime\Private\WCMatchHUD.cpp(316,27): error C2664: 'FString FString::Printf<T>(UE::Core::Private::FormatStringSan::TCheckedFormatStringPrivate<FString::FmtCharType,double>,T)': cannot convert argument 1 from 'const FString::ElementType *' to 'UE::Core::Private::FormatStringSan::TCheckedFormatStringPrivate<FString::FmtCharType,double>'
        with
        [
            T=double
        ]
            Text(FString::Printf(*T(P,TEXT("Travel %.2fs"),TEXT("Waktu proyektil %.2fdtk")),Skill.travelMs/1000.0),45,939,.65,Muted);
                          ^
C:\Users\iputu\Documents\Wonder Chess\game\Source\WonderChessRuntime\Private\WCMatchHUD.cpp(316,34): note: 'UE::Core::Private::FormatStringSan::TCheckedFormatStringPrivate<FString::FmtCharType,double>::TCheckedFormatStringPrivate': no overloaded function could convert all the argument types
            Text(FString::Printf(*T(P,TEXT("Travel %.2fs"),TEXT("Waktu proyektil %.2fdtk")),Skill.travelMs/1000.0),45,939,.65,Muted);
                                 ^
C:\Program Files\Epic Games\UE_5.7\Engine\Source\Runtime\Core\Public\String\FormatStringSan.h(520,1): note: could be 'UE::Core::Private::FormatStringSan::TCheckedFormatStringPrivate<FString::FmtCharType,double>::TCheckedFormatStringPrivate(UE::Core::Private::FormatStringSan::TCheckedFormatStringPrivate<FString::FmtCharType,double> &&)'
		};
^
C:\Users\iputu\Documents\Wonder Chess\game\Source\WonderChessRuntime\Private\WCMatchHUD.cpp(316,34): note: 'UE::Core::Private::FormatStringSan::TCheckedFormatStringPrivate<FString::FmtCharType,double>::TCheckedFormatStringPrivate(UE::Core::Private::FormatStringSan::TCheckedFormatStringPrivate<FString::FmtCharType,double> &&)': cannot convert argument 1 from 'const FString::ElementType *' to 'UE::Core::Private::FormatStringSan::TCheckedFormatStringPrivate<FString::FmtCharType,double> &&'
            Text(FString::Printf(*T(P,TEXT("Travel %.2fs"),TEXT("Waktu proyektil %.2fdtk")),Skill.travelMs/1000.0),45,939,.65,Muted);
                                 ^
C:\Users\iputu\Documents\Wonder Chess\game\Source\WonderChessRuntime\Private\WCMatchHUD.cpp(316,34): note: Reason: cannot convert from 'const FString::ElementType *' to 'UE::Core::Private::FormatStringSan::TCheckedFormatStringPrivate<FString::FmtCharType,double>'
C:\Users\iputu\Documents\Wonder Chess\game\Source\WonderChessRuntime\Private\WCMatchHUD.cpp(316,34): note: Conversion requires a second user-defined-conversion operator or constructor
C:\Program Files\Epic Games\UE_5.7\Engine\Source\Runtime\Core\Public\String\FormatStringSan.h(520,1): note: or       'UE::Core::Private::FormatStringSan::TCheckedFormatStringPrivate<FString::FmtCharType,double>::TCheckedFormatStringPrivate(const UE::Core::Private::FormatStringSan::TCheckedFormatStringPrivate<FString::FmtCharType,double> &)'
		};
^
C:\Users\iputu\Documents\Wonder Chess\game\Source\WonderChessRuntime\Private\WCMatchHUD.cpp(316,34): note: 'UE::Core::Private::FormatStringSan::TCheckedFormatStringPrivate<FString::FmtCharType,double>::TCheckedFormatStringPrivate(const UE::Core::Private::FormatStringSan::TCheckedFormatStringPrivate<FString::FmtCharType,double> &)': cannot convert argument 1 from 'const FString::ElementType *' to 'const UE::Core::Private::FormatStringSan::TCheckedFormatStringPrivate<FString::FmtCharType,double> &'
            Text(FString::Printf(*T(P,TEXT("Travel %.2fs"),TEXT("Waktu proyektil %.2fdtk")),Skill.travelMs/1000.0),45,939,.65,Muted);
                                 ^
C:\Users\iputu\Documents\Wonder Chess\game\Source\WonderChessRuntime\Private\WCMatchHUD.cpp(316,34): note: Reason: cannot convert from 'const FString::ElementType *' to 'const UE::Core::Private::FormatStringSan::TCheckedFormatStringPrivate<FString::FmtCharType,double>'
C:\Users\iputu\Documents\Wonder Chess\game\Source\WonderChessRuntime\Private\WCMatchHUD.cpp(316,34): note: Conversion requires a second user-defined-conversion operator or constructor
C:\Program Files\Epic Games\UE_5.7\Engine\Source\Runtime\Core\Public\String\FormatStringSan.h(487,4): note: or       'UE::Core::Private::FormatStringSan::TCheckedFormatStringPrivate<FString::FmtCharType,double>::TCheckedFormatStringPrivate(const CharType (&)[N])'
        with
        [
            CharType=FString::FmtCharType
        ]
			consteval TCheckedFormatStringPrivate(const CharType (&Fmt)[N])
			^
C:\Users\iputu\Documents\Wonder Chess\game\Source\WonderChessRuntime\Private\WCMatchHUD.cpp(316,34): note: while trying to match the argument list '(const FString::ElementType *)'
            Text(FString::Printf(*T(P,TEXT("Travel %.2fs"),TEXT("Waktu proyektil %.2fdtk")),Skill.travelMs/1000.0),45,939,.65,Muted);
                                 ^
C:\Program Files\Epic Games\UE_5.7\Engine\Source\Runtime\Core\Public\Containers\UnrealString.h.inl(1423,39): note: see declaration of 'FString::Printf'
	[[nodiscard]] static UE_STRING_CLASS Printf(UE::Core::TCheckedFormatString<FmtCharType, Types...> Fmt, Types... Args)
	                                     ^
C:\Users\iputu\Documents\Wonder Chess\game\Source\WonderChessRuntime\Private\WCMatchHUD.cpp(316,27): note: while trying to match the argument list '(const FString::ElementType *, double)'
            Text(FString::Printf(*T(P,TEXT("Travel %.2fs"),TEXT("Waktu proyektil %.2fdtk")),Skill.travelMs/1000.0),45,939,.65,Muted);
                          ^
C:\Users\iputu\Documents\Wonder Chess\game\Source\WonderChessRuntime\Private\WCMatchHUD.cpp(324,27): error C2664: 'FString FString::Printf<int,int,const FString::ElementType*,int,int>(UE::Core::Private::FormatStringSan::TCheckedFormatStringPrivate<FString::FmtCharType,int,int,const FString::ElementType *,int,int>,int,int,const FString::ElementType *,int,int)': cannot convert argument 1 from 'const FString::ElementType *' to 'UE::Core::Private::FormatStringSan::TCheckedFormatStringPrivate<FString::FmtCharType,int,int,const FString::ElementType *,int,int>'
            Text(FString::Printf(*T(P,TEXT("%d GOLD   /   LEVEL %d   /   XP %s   /   DEPLOYED %d/%d"),TEXT("%d EMAS   /   LEVEL %d   /   XP %s   /   DI PAPAN %d/%d")),GoldValue,Level,*Progress,Deployed,Level),355,799,1,Gold);
                          ^
C:\Users\iputu\Documents\Wonder Chess\game\Source\WonderChessRuntime\Private\WCMatchHUD.cpp(324,34): note: 'UE::Core::Private::FormatStringSan::TCheckedFormatStringPrivate<FString::FmtCharType,int,int,const FString::ElementType *,int,int>::TCheckedFormatStringPrivate': no overloaded function could convert all the argument types
            Text(FString::Printf(*T(P,TEXT("%d GOLD   /   LEVEL %d   /   XP %s   /   DEPLOYED %d/%d"),TEXT("%d EMAS   /   LEVEL %d   /   XP %s   /   DI PAPAN %d/%d")),GoldValue,Level,*Progress,Deployed,Level),355,799,1,Gold);
                                 ^
C:\Program Files\Epic Games\UE_5.7\Engine\Source\Runtime\Core\Public\String\FormatStringSan.h(520,1): note: could be 'UE::Core::Private::FormatStringSan::TCheckedFormatStringPrivate<FString::FmtCharType,int,int,const FString::ElementType *,int,int>::TCheckedFormatStringPrivate(UE::Core::Private::FormatStringSan::TCheckedFormatStringPrivate<FString::FmtCharType,int,int,const FString::ElementType *,int,int> &&)'
		};
^
C:\Users\iputu\Documents\Wonder Chess\game\Source\WonderChessRuntime\Private\WCMatchHUD.cpp(324,34): note: 'UE::Core::Private::FormatStringSan::TCheckedFormatStringPrivate<FString::FmtCharType,int,int,const FString::ElementType *,int,int>::TCheckedFormatStringPrivate(UE::Core::Private::FormatStringSan::TCheckedFormatStringPrivate<FString::FmtCharType,int,int,const FString::ElementType *,int,int> &&)': cannot convert argument 1 from 'const FString::ElementType *' to 'UE::Core::Private::FormatStringSan::TCheckedFormatStringPrivate<FString::FmtCharType,int,int,const FString::ElementType *,int,int> &&'
            Text(FString::Printf(*T(P,TEXT("%d GOLD   /   LEVEL %d   /   XP %s   /   DEPLOYED %d/%d"),TEXT("%d EMAS   /   LEVEL %d   /   XP %s   /   DI PAPAN %d/%d")),GoldValue,Level,*Progress,Deployed,Level),355,799,1,Gold);
                                 ^
C:\Users\iputu\Documents\Wonder Chess\game\Source\WonderChessRuntime\Private\WCMatchHUD.cpp(324,34): note: Reason: cannot convert from 'const FString::ElementType *' to 'UE::Core::Private::FormatStringSan::TCheckedFormatStringPrivate<FString::FmtCharType,int,int,const FString::ElementType *,int,int>'
C:\Users\iputu\Documents\Wonder Chess\game\Source\WonderChessRuntime\Private\WCMatchHUD.cpp(324,34): note: Conversion requires a second user-defined-conversion operator or constructor
C:\Program Files\Epic Games\UE_5.7\Engine\Source\Runtime\Core\Public\String\FormatStringSan.h(520,1): note: or       'UE::Core::Private::FormatStringSan::TCheckedFormatStringPrivate<FString::FmtCharType,int,int,const FString::ElementType *,int,int>::TCheckedFormatStringPrivate(const UE::Core::Private::FormatStringSan::TCheckedFormatStringPrivate<FString::FmtCharType,int,int,const FString::ElementType *,int,int> &)'
		};
^
C:\Users\iputu\Documents\Wonder Chess\game\Source\WonderChessRuntime\Private\WCMatchHUD.cpp(324,34): note: 'UE::Core::Private::FormatStringSan::TCheckedFormatStringPrivate<FString::FmtCharType,int,int,const FString::ElementType *,int,int>::TCheckedFormatStringPrivate(const UE::Core::Private::FormatStringSan::TCheckedFormatStringPrivate<FString::FmtCharType,int,int,const FString::ElementType *,int,int> &)': cannot convert argument 1 from 'const FString::ElementType *' to 'const UE::Core::Private::FormatStringSan::TCheckedFormatStringPrivate<FString::FmtCharType,int,int,const FString::ElementType *,int,int> &'
            Text(FString::Printf(*T(P,TEXT("%d GOLD   /   LEVEL %d   /   XP %s   /   DEPLOYED %d/%d"),TEXT("%d EMAS   /   LEVEL %d   /   XP %s   /   DI PAPAN %d/%d")),GoldValue,Level,*Progress,Deployed,Level),355,799,1,Gold);
                                 ^
C:\Users\iputu\Documents\Wonder Chess\game\Source\WonderChessRuntime\Private\WCMatchHUD.cpp(324,34): note: Reason: cannot convert from 'const FString::ElementType *' to 'const UE::Core::Private::FormatStringSan::TCheckedFormatStringPrivate<FString::FmtCharType,int,int,const FString::ElementType *,int,int>'
C:\Users\iputu\Documents\Wonder Chess\game\Source\WonderChessRuntime\Private\WCMatchHUD.cpp(324,34): note: Conversion requires a second user-defined-conversion operator or constructor
C:\Program Files\Epic Games\UE_5.7\Engine\Source\Runtime\Core\Public\String\FormatStringSan.h(487,4): note: or       'UE::Core::Private::FormatStringSan::TCheckedFormatStringPrivate<FString::FmtCharType,int,int,const FString::ElementType *,int,int>::TCheckedFormatStringPrivate(const CharType (&)[N])'
        with
        [
            CharType=FString::FmtCharType
        ]
			consteval TCheckedFormatStringPrivate(const CharType (&Fmt)[N])
			^
C:\Users\iputu\Documents\Wonder Chess\game\Source\WonderChessRuntime\Private\WCMatchHUD.cpp(324,34): note: while trying to match the argument list '(const FString::ElementType *)'
            Text(FString::Printf(*T(P,TEXT("%d GOLD   /   LEVEL %d   /   XP %s   /   DEPLOYED %d/%d"),TEXT("%d EMAS   /   LEVEL %d   /   XP %s   /   DI PAPAN %d/%d")),GoldValue,Level,*Progress,Deployed,Level),355,799,1,Gold);
                                 ^
C:\Program Files\Epic Games\UE_5.7\Engine\Source\Runtime\Core\Public\Containers\UnrealString.h.inl(1423,39): note: see declaration of 'FString::Printf'
	[[nodiscard]] static UE_STRING_CLASS Printf(UE::Core::TCheckedFormatString<FmtCharType, Types...> Fmt, Types... Args)
	                                     ^
C:\Users\iputu\Documents\Wonder Chess\game\Source\WonderChessRuntime\Private\WCMatchHUD.cpp(324,27): note: while trying to match the argument list '(const FString::ElementType *, int, int, const FString::ElementType *, int, int)'
            Text(FString::Printf(*T(P,TEXT("%d GOLD   /   LEVEL %d   /   XP %s   /   DEPLOYED %d/%d"),TEXT("%d EMAS   /   LEVEL %d   /   XP %s   /   DI PAPAN %d/%d")),GoldValue,Level,*Progress,Deployed,Level),355,799,1,Gold);
                          ^
C:\Users\iputu\Documents\Wonder Chess\game\Source\WonderChessRuntime\Private\WCMatchHUD.cpp(342,49): error C2664: 'FString FString::Printf<int32>(UE::Core::Private::FormatStringSan::TCheckedFormatStringPrivate<FString::FmtCharType,int>,int32)': cannot convert argument 1 from 'const FString::ElementType *' to 'UE::Core::Private::FormatStringSan::TCheckedFormatStringPrivate<FString::FmtCharType,int>'
                FString Feedback=Merge?FString::Printf(*T(P,TEXT("MERGE -> %d stars"),TEXT("GABUNG -> %d bintang")),TwoStars>=2?3:2):Full?T(P,TEXT("Bench full - no merge"),TEXT("Bangku penuh - tak bergabung")):FString();
                                                ^
C:\Users\iputu\Documents\Wonder Chess\game\Source\WonderChessRuntime\Private\WCMatchHUD.cpp(342,56): note: 'UE::Core::Private::FormatStringSan::TCheckedFormatStringPrivate<FString::FmtCharType,int>::TCheckedFormatStringPrivate': no overloaded function could convert all the argument types
                FString Feedback=Merge?FString::Printf(*T(P,TEXT("MERGE -> %d stars"),TEXT("GABUNG -> %d bintang")),TwoStars>=2?3:2):Full?T(P,TEXT("Bench full - no merge"),TEXT("Bangku penuh - tak bergabung")):FString();
                                                       ^
C:\Program Files\Epic Games\UE_5.7\Engine\Source\Runtime\Core\Public\String\FormatStringSan.h(520,1): note: could be 'UE::Core::Private::FormatStringSan::TCheckedFormatStringPrivate<FString::FmtCharType,int>::TCheckedFormatStringPrivate(UE::Core::Private::FormatStringSan::TCheckedFormatStringPrivate<FString::FmtCharType,int> &&)'
		};
^
C:\Users\iputu\Documents\Wonder Chess\game\Source\WonderChessRuntime\Private\WCMatchHUD.cpp(342,56): note: 'UE::Core::Private::FormatStringSan::TCheckedFormatStringPrivate<FString::FmtCharType,int>::TCheckedFormatStringPrivate(UE::Core::Private::FormatStringSan::TCheckedFormatStringPrivate<FString::FmtCharType,int> &&)': cannot convert argument 1 from 'const FString::ElementType *' to 'UE::Core::Private::FormatStringSan::TCheckedFormatStringPrivate<FString::FmtCharType,int> &&'
                FString Feedback=Merge?FString::Printf(*T(P,TEXT("MERGE -> %d stars"),TEXT("GABUNG -> %d bintang")),TwoStars>=2?3:2):Full?T(P,TEXT("Bench full - no merge"),TEXT("Bangku penuh - tak bergabung")):FString();
                                                       ^
C:\Users\iputu\Documents\Wonder Chess\game\Source\WonderChessRuntime\Private\WCMatchHUD.cpp(342,56): note: Reason: cannot convert from 'const FString::ElementType *' to 'UE::Core::Private::FormatStringSan::TCheckedFormatStringPrivate<FString::FmtCharType,int>'
C:\Users\iputu\Documents\Wonder Chess\game\Source\WonderChessRuntime\Private\WCMatchHUD.cpp(342,56): note: Conversion requires a second user-defined-conversion operator or constructor
C:\Program Files\Epic Games\UE_5.7\Engine\Source\Runtime\Core\Public\String\FormatStringSan.h(520,1): note: or       'UE::Core::Private::FormatStringSan::TCheckedFormatStringPrivate<FString::FmtCharType,int>::TCheckedFormatStringPrivate(const UE::Core::Private::FormatStringSan::TCheckedFormatStringPrivate<FString::FmtCharType,int> &)'
		};
^
C:\Users\iputu\Documents\Wonder Chess\game\Source\WonderChessRuntime\Private\WCMatchHUD.cpp(342,56): note: 'UE::Core::Private::FormatStringSan::TCheckedFormatStringPrivate<FString::FmtCharType,int>::TCheckedFormatStringPrivate(const UE::Core::Private::FormatStringSan::TCheckedFormatStringPrivate<FString::FmtCharType,int> &)': cannot convert argument 1 from 'const FString::ElementType *' to 'const UE::Core::Private::FormatStringSan::TCheckedFormatStringPrivate<FString::FmtCharType,int> &'
                FString Feedback=Merge?FString::Printf(*T(P,TEXT("MERGE -> %d stars"),TEXT("GABUNG -> %d bintang")),TwoStars>=2?3:2):Full?T(P,TEXT("Bench full - no merge"),TEXT("Bangku penuh - tak bergabung")):FString();
                                                       ^
C:\Users\iputu\Documents\Wonder Chess\game\Source\WonderChessRuntime\Private\WCMatchHUD.cpp(342,56): note: Reason: cannot convert from 'const FString::ElementType *' to 'const UE::Core::Private::FormatStringSan::TCheckedFormatStringPrivate<FString::FmtCharType,int>'
C:\Users\iputu\Documents\Wonder Chess\game\Source\WonderChessRuntime\Private\WCMatchHUD.cpp(342,56): note: Conversion requires a second user-defined-conversion operator or constructor
C:\Program Files\Epic Games\UE_5.7\Engine\Source\Runtime\Core\Public\String\FormatStringSan.h(487,4): note: or       'UE::Core::Private::FormatStringSan::TCheckedFormatStringPrivate<FString::FmtCharType,int>::TCheckedFormatStringPrivate(const CharType (&)[N])'
        with
        [
            CharType=FString::FmtCharType
        ]
			consteval TCheckedFormatStringPrivate(const CharType (&Fmt)[N])
			^
C:\Users\iputu\Documents\Wonder Chess\game\Source\WonderChessRuntime\Private\WCMatchHUD.cpp(342,56): note: while trying to match the argument list '(const FString::ElementType *)'
                FString Feedback=Merge?FString::Printf(*T(P,TEXT("MERGE -> %d stars"),TEXT("GABUNG -> %d bintang")),TwoStars>=2?3:2):Full?T(P,TEXT("Bench full - no merge"),TEXT("Bangku penuh - tak bergabung")):FString();
                                                       ^
C:\Program Files\Epic Games\UE_5.7\Engine\Source\Runtime\Core\Public\Containers\UnrealString.h.inl(1423,39): note: see declaration of 'FString::Printf'
	[[nodiscard]] static UE_STRING_CLASS Printf(UE::Core::TCheckedFormatString<FmtCharType, Types...> Fmt, Types... Args)
	                                     ^
C:\Users\iputu\Documents\Wonder Chess\game\Source\WonderChessRuntime\Private\WCMatchHUD.cpp(342,49): note: while trying to match the argument list '(const FString::ElementType *, int)'
                FString Feedback=Merge?FString::Printf(*T(P,TEXT("MERGE -> %d stars"),TEXT("GABUNG -> %d bintang")),TwoStars>=2?3:2):Full?T(P,TEXT("Bench full - no merge"),TEXT("Bangku penuh - tak bergabung")):FString();
                                                ^
C:\Users\iputu\Documents\Wonder Chess\game\Source\WonderChessRuntime\Private\WCMatchHUD.cpp(343,55): error C2664: 'FString FString::Printf<int32>(UE::Core::Private::FormatStringSan::TCheckedFormatStringPrivate<FString::FmtCharType,int>,int32)': cannot convert argument 1 from 'const FString::ElementType *' to 'UE::Core::Private::FormatStringSan::TCheckedFormatStringPrivate<FString::FmtCharType,int>'
                if(GoldValue<U.cost)Feedback=FString::Printf(*T(P,TEXT("Need %d more gold"),TEXT("Perlu %d emas lagi")),U.cost-GoldValue);
                                                      ^
C:\Users\iputu\Documents\Wonder Chess\game\Source\WonderChessRuntime\Private\WCMatchHUD.cpp(343,62): note: 'UE::Core::Private::FormatStringSan::TCheckedFormatStringPrivate<FString::FmtCharType,int>::TCheckedFormatStringPrivate': no overloaded function could convert all the argument types
                if(GoldValue<U.cost)Feedback=FString::Printf(*T(P,TEXT("Need %d more gold"),TEXT("Perlu %d emas lagi")),U.cost-GoldValue);
                                                             ^
C:\Program Files\Epic Games\UE_5.7\Engine\Source\Runtime\Core\Public\String\FormatStringSan.h(520,1): note: could be 'UE::Core::Private::FormatStringSan::TCheckedFormatStringPrivate<FString::FmtCharType,int>::TCheckedFormatStringPrivate(UE::Core::Private::FormatStringSan::TCheckedFormatStringPrivate<FString::FmtCharType,int> &&)'
		};
^
C:\Users\iputu\Documents\Wonder Chess\game\Source\WonderChessRuntime\Private\WCMatchHUD.cpp(343,62): note: 'UE::Core::Private::FormatStringSan::TCheckedFormatStringPrivate<FString::FmtCharType,int>::TCheckedFormatStringPrivate(UE::Core::Private::FormatStringSan::TCheckedFormatStringPrivate<FString::FmtCharType,int> &&)': cannot convert argument 1 from 'const FString::ElementType *' to 'UE::Core::Private::FormatStringSan::TCheckedFormatStringPrivate<FString::FmtCharType,int> &&'
                if(GoldValue<U.cost)Feedback=FString::Printf(*T(P,TEXT("Need %d more gold"),TEXT("Perlu %d emas lagi")),U.cost-GoldValue);
                                                             ^
C:\Users\iputu\Documents\Wonder Chess\game\Source\WonderChessRuntime\Private\WCMatchHUD.cpp(343,62): note: Reason: cannot convert from 'const FString::ElementType *' to 'UE::Core::Private::FormatStringSan::TCheckedFormatStringPrivate<FString::FmtCharType,int>'
C:\Users\iputu\Documents\Wonder Chess\game\Source\WonderChessRuntime\Private\WCMatchHUD.cpp(343,62): note: Conversion requires a second user-defined-conversion operator or constructor
C:\Program Files\Epic Games\UE_5.7\Engine\Source\Runtime\Core\Public\String\FormatStringSan.h(520,1): note: or       'UE::Core::Private::FormatStringSan::TCheckedFormatStringPrivate<FString::FmtCharType,int>::TCheckedFormatStringPrivate(const UE::Core::Private::FormatStringSan::TCheckedFormatStringPrivate<FString::FmtCharType,int> &)'
		};
^
C:\Users\iputu\Documents\Wonder Chess\game\Source\WonderChessRuntime\Private\WCMatchHUD.cpp(343,62): note: 'UE::Core::Private::FormatStringSan::TCheckedFormatStringPrivate<FString::FmtCharType,int>::TCheckedFormatStringPrivate(const UE::Core::Private::FormatStringSan::TCheckedFormatStringPrivate<FString::FmtCharType,int> &)': cannot convert argument 1 from 'const FString::ElementType *' to 'const UE::Core::Private::FormatStringSan::TCheckedFormatStringPrivate<FString::FmtCharType,int> &'
                if(GoldValue<U.cost)Feedback=FString::Printf(*T(P,TEXT("Need %d more gold"),TEXT("Perlu %d emas lagi")),U.cost-GoldValue);
                                                             ^
C:\Users\iputu\Documents\Wonder Chess\game\Source\WonderChessRuntime\Private\WCMatchHUD.cpp(343,62): note: Reason: cannot convert from 'const FString::ElementType *' to 'const UE::Core::Private::FormatStringSan::TCheckedFormatStringPrivate<FString::FmtCharType,int>'
C:\Users\iputu\Documents\Wonder Chess\game\Source\WonderChessRuntime\Private\WCMatchHUD.cpp(343,62): note: Conversion requires a second user-defined-conversion operator or constructor
C:\Program Files\Epic Games\UE_5.7\Engine\Source\Runtime\Core\Public\String\FormatStringSan.h(487,4): note: or       'UE::Core::Private::FormatStringSan::TCheckedFormatStringPrivate<FString::FmtCharType,int>::TCheckedFormatStringPrivate(const CharType (&)[N])'
        with
        [
            CharType=FString::FmtCharType
        ]
			consteval TCheckedFormatStringPrivate(const CharType (&Fmt)[N])
			^
C:\Users\iputu\Documents\Wonder Chess\game\Source\WonderChessRuntime\Private\WCMatchHUD.cpp(343,62): note: while trying to match the argument list '(const FString::ElementType *)'
                if(GoldValue<U.cost)Feedback=FString::Printf(*T(P,TEXT("Need %d more gold"),TEXT("Perlu %d emas lagi")),U.cost-GoldValue);
                                                             ^
C:\Program Files\Epic Games\UE_5.7\Engine\Source\Runtime\Core\Public\Containers\UnrealString.h.inl(1423,39): note: see declaration of 'FString::Printf'
	[[nodiscard]] static UE_STRING_CLASS Printf(UE::Core::TCheckedFormatString<FmtCharType, Types...> Fmt, Types... Args)
	                                     ^
C:\Users\iputu\Documents\Wonder Chess\game\Source\WonderChessRuntime\Private\WCMatchHUD.cpp(343,55): note: while trying to match the argument list '(const FString::ElementType *, int)'
                if(GoldValue<U.cost)Feedback=FString::Printf(*T(P,TEXT("Need %d more gold"),TEXT("Perlu %d emas lagi")),U.cost-GoldValue);
                                                      ^
C:\Users\iputu\Documents\Wonder Chess\game\Source\WonderChessRuntime\Private\WCMatchHUD.cpp(354,27): error C2664: 'FString FString::Printf<int32>(UE::Core::Private::FormatStringSan::TCheckedFormatStringPrivate<FString::FmtCharType,int>,int32)': cannot convert argument 1 from 'const FString::ElementType *' to 'UE::Core::Private::FormatStringSan::TCheckedFormatStringPrivate<FString::FmtCharType,int>'
            Text(FString::Printf(*T(P,TEXT("Placed %d. Select a captain to spectate; bots keep playing."),TEXT("Peringkat %d. Pilih kapten untuk menonton; bot terus bermain.")),Own.IsValid()?int(Own->GetNumberField(TEXT("place"))):0),382,683,.91,Gold);
                          ^
C:\Users\iputu\Documents\Wonder Chess\game\Source\WonderChessRuntime\Private\WCMatchHUD.cpp(354,34): note: 'UE::Core::Private::FormatStringSan::TCheckedFormatStringPrivate<FString::FmtCharType,int>::TCheckedFormatStringPrivate': no overloaded function could convert all the argument types
            Text(FString::Printf(*T(P,TEXT("Placed %d. Select a captain to spectate; bots keep playing."),TEXT("Peringkat %d. Pilih kapten untuk menonton; bot terus bermain.")),Own.IsValid()?int(Own->GetNumberField(TEXT("place"))):0),382,683,.91,Gold);
                                 ^
C:\Program Files\Epic Games\UE_5.7\Engine\Source\Runtime\Core\Public\String\FormatStringSan.h(520,1): note: could be 'UE::Core::Private::FormatStringSan::TCheckedFormatStringPrivate<FString::FmtCharType,int>::TCheckedFormatStringPrivate(UE::Core::Private::FormatStringSan::TCheckedFormatStringPrivate<FString::FmtCharType,int> &&)'
		};
^
C:\Users\iputu\Documents\Wonder Chess\game\Source\WonderChessRuntime\Private\WCMatchHUD.cpp(354,34): note: 'UE::Core::Private::FormatStringSan::TCheckedFormatStringPrivate<FString::FmtCharType,int>::TCheckedFormatStringPrivate(UE::Core::Private::FormatStringSan::TCheckedFormatStringPrivate<FString::FmtCharType,int> &&)': cannot convert argument 1 from 'const FString::ElementType *' to 'UE::Core::Private::FormatStringSan::TCheckedFormatStringPrivate<FString::FmtCharType,int> &&'
            Text(FString::Printf(*T(P,TEXT("Placed %d. Select a captain to spectate; bots keep playing."),TEXT("Peringkat %d. Pilih kapten untuk menonton; bot terus bermain.")),Own.IsValid()?int(Own->GetNumberField(TEXT("place"))):0),382,683,.91,Gold);
                                 ^
C:\Users\iputu\Documents\Wonder Chess\game\Source\WonderChessRuntime\Private\WCMatchHUD.cpp(354,34): note: Reason: cannot convert from 'const FString::ElementType *' to 'UE::Core::Private::FormatStringSan::TCheckedFormatStringPrivate<FString::FmtCharType,int>'
C:\Users\iputu\Documents\Wonder Chess\game\Source\WonderChessRuntime\Private\WCMatchHUD.cpp(354,34): note: Conversion requires a second user-defined-conversion operator or constructor
C:\Program Files\Epic Games\UE_5.7\Engine\Source\Runtime\Core\Public\String\FormatStringSan.h(520,1): note: or       'UE::Core::Private::FormatStringSan::TCheckedFormatStringPrivate<FString::FmtCharType,int>::TCheckedFormatStringPrivate(const UE::Core::Private::FormatStringSan::TCheckedFormatStringPrivate<FString::FmtCharType,int> &)'
		};
^
C:\Users\iputu\Documents\Wonder Chess\game\Source\WonderChessRuntime\Private\WCMatchHUD.cpp(354,34): note: 'UE::Core::Private::FormatStringSan::TCheckedFormatStringPrivate<FString::FmtCharType,int>::TCheckedFormatStringPrivate(const UE::Core::Private::FormatStringSan::TCheckedFormatStringPrivate<FString::FmtCharType,int> &)': cannot convert argument 1 from 'const FString::ElementType *' to 'const UE::Core::Private::FormatStringSan::TCheckedFormatStringPrivate<FString::FmtCharType,int> &'
            Text(FString::Printf(*T(P,TEXT("Placed %d. Select a captain to spectate; bots keep playing."),TEXT("Peringkat %d. Pilih kapten untuk menonton; bot terus bermain.")),Own.IsValid()?int(Own->GetNumberField(TEXT("place"))):0),382,683,.91,Gold);
                                 ^
C:\Users\iputu\Documents\Wonder Chess\game\Source\WonderChessRuntime\Private\WCMatchHUD.cpp(354,34): note: Reason: cannot convert from 'const FString::ElementType *' to 'const UE::Core::Private::FormatStringSan::TCheckedFormatStringPrivate<FString::FmtCharType,int>'
C:\Users\iputu\Documents\Wonder Chess\game\Source\WonderChessRuntime\Private\WCMatchHUD.cpp(354,34): note: Conversion requires a second user-defined-conversion operator or constructor
C:\Program Files\Epic Games\UE_5.7\Engine\Source\Runtime\Core\Public\String\FormatStringSan.h(487,4): note: or       'UE::Core::Private::FormatStringSan::TCheckedFormatStringPrivate<FString::FmtCharType,int>::TCheckedFormatStringPrivate(const CharType (&)[N])'
        with
        [
            CharType=FString::FmtCharType
        ]
			consteval TCheckedFormatStringPrivate(const CharType (&Fmt)[N])
			^
C:\Users\iputu\Documents\Wonder Chess\game\Source\WonderChessRuntime\Private\WCMatchHUD.cpp(354,34): note: while trying to match the argument list '(const FString::ElementType *)'
            Text(FString::Printf(*T(P,TEXT("Placed %d. Select a captain to spectate; bots keep playing."),TEXT("Peringkat %d. Pilih kapten untuk menonton; bot terus bermain.")),Own.IsValid()?int(Own->GetNumberField(TEXT("place"))):0),382,683,.91,Gold);
                                 ^
C:\Program Files\Epic Games\UE_5.7\Engine\Source\Runtime\Core\Public\Containers\UnrealString.h.inl(1423,39): note: see declaration of 'FString::Printf'
	[[nodiscard]] static UE_STRING_CLASS Printf(UE::Core::TCheckedFormatString<FmtCharType, Types...> Fmt, Types... Args)
	                                     ^
C:\Users\iputu\Documents\Wonder Chess\game\Source\WonderChessRuntime\Private\WCMatchHUD.cpp(354,27): note: while trying to match the argument list '(const FString::ElementType *, int)'
            Text(FString::Printf(*T(P,TEXT("Placed %d. Select a captain to spectate; bots keep playing."),TEXT("Peringkat %d. Pilih kapten untuk menonton; bot terus bermain.")),Own.IsValid()?int(Own->GetNumberField(TEXT("place"))):0),382,683,.91,Gold);
                          ^
C:\Users\iputu\Documents\Wonder Chess\game\Source\WonderChessRuntime\Private\WCMatchHUD.cpp(363,27): error C2664: 'FString FString::Printf<int32>(UE::Core::Private::FormatStringSan::TCheckedFormatStringPrivate<FString::FmtCharType,int>,int32)': cannot convert argument 1 from 'const FString::ElementType *' to 'UE::Core::Private::FormatStringSan::TCheckedFormatStringPrivate<FString::FmtCharType,int>'
            Text(FString::Printf(*T(P,TEXT("ROUND %d - ENCOUNTER RECAP"),TEXT("RONDE %d - RINGKASAN PERTARUNGAN")),int(Rec->GetNumberField(TEXT("round")))),425,242,1.3,Gold);
                          ^
C:\Users\iputu\Documents\Wonder Chess\game\Source\WonderChessRuntime\Private\WCMatchHUD.cpp(363,34): note: 'UE::Core::Private::FormatStringSan::TCheckedFormatStringPrivate<FString::FmtCharType,int>::TCheckedFormatStringPrivate': no overloaded function could convert all the argument types
            Text(FString::Printf(*T(P,TEXT("ROUND %d - ENCOUNTER RECAP"),TEXT("RONDE %d - RINGKASAN PERTARUNGAN")),int(Rec->GetNumberField(TEXT("round")))),425,242,1.3,Gold);
                                 ^
C:\Program Files\Epic Games\UE_5.7\Engine\Source\Runtime\Core\Public\String\FormatStringSan.h(520,1): note: could be 'UE::Core::Private::FormatStringSan::TCheckedFormatStringPrivate<FString::FmtCharType,int>::TCheckedFormatStringPrivate(UE::Core::Private::FormatStringSan::TCheckedFormatStringPrivate<FString::FmtCharType,int> &&)'
		};
^
C:\Users\iputu\Documents\Wonder Chess\game\Source\WonderChessRuntime\Private\WCMatchHUD.cpp(363,34): note: 'UE::Core::Private::FormatStringSan::TCheckedFormatStringPrivate<FString::FmtCharType,int>::TCheckedFormatStringPrivate(UE::Core::Private::FormatStringSan::TCheckedFormatStringPrivate<FString::FmtCharType,int> &&)': cannot convert argument 1 from 'const FString::ElementType *' to 'UE::Core::Private::FormatStringSan::TCheckedFormatStringPrivate<FString::FmtCharType,int> &&'
            Text(FString::Printf(*T(P,TEXT("ROUND %d - ENCOUNTER RECAP"),TEXT("RONDE %d - RINGKASAN PERTARUNGAN")),int(Rec->GetNumberField(TEXT("round")))),425,242,1.3,Gold);
                                 ^
C:\Users\iputu\Documents\Wonder Chess\game\Source\WonderChessRuntime\Private\WCMatchHUD.cpp(363,34): note: Reason: cannot convert from 'const FString::ElementType *' to 'UE::Core::Private::FormatStringSan::TCheckedFormatStringPrivate<FString::FmtCharType,int>'
C:\Users\iputu\Documents\Wonder Chess\game\Source\WonderChessRuntime\Private\WCMatchHUD.cpp(363,34): note: Conversion requires a second user-defined-conversion operator or constructor
C:\Program Files\Epic Games\UE_5.7\Engine\Source\Runtime\Core\Public\String\FormatStringSan.h(520,1): note: or       'UE::Core::Private::FormatStringSan::TCheckedFormatStringPrivate<FString::FmtCharType,int>::TCheckedFormatStringPrivate(const UE::Core::Private::FormatStringSan::TCheckedFormatStringPrivate<FString::FmtCharType,int> &)'
		};
^
C:\Users\iputu\Documents\Wonder Chess\game\Source\WonderChessRuntime\Private\WCMatchHUD.cpp(363,34): note: 'UE::Core::Private::FormatStringSan::TCheckedFormatStringPrivate<FString::FmtCharType,int>::TCheckedFormatStringPrivate(const UE::Core::Private::FormatStringSan::TCheckedFormatStringPrivate<FString::FmtCharType,int> &)': cannot convert argument 1 from 'const FString::ElementType *' to 'const UE::Core::Private::FormatStringSan::TCheckedFormatStringPrivate<FString::FmtCharType,int> &'
            Text(FString::Printf(*T(P,TEXT("ROUND %d - ENCOUNTER RECAP"),TEXT("RONDE %d - RINGKASAN PERTARUNGAN")),int(Rec->GetNumberField(TEXT("round")))),425,242,1.3,Gold);
                                 ^
C:\Users\iputu\Documents\Wonder Chess\game\Source\WonderChessRuntime\Private\WCMatchHUD.cpp(363,34): note: Reason: cannot convert from 'const FString::ElementType *' to 'const UE::Core::Private::FormatStringSan::TCheckedFormatStringPrivate<FString::FmtCharType,int>'
C:\Users\iputu\Documents\Wonder Chess\game\Source\WonderChessRuntime\Private\WCMatchHUD.cpp(363,34): note: Conversion requires a second user-defined-conversion operator or constructor
C:\Program Files\Epic Games\UE_5.7\Engine\Source\Runtime\Core\Public\String\FormatStringSan.h(487,4): note: or       'UE::Core::Private::FormatStringSan::TCheckedFormatStringPrivate<FString::FmtCharType,int>::TCheckedFormatStringPrivate(const CharType (&)[N])'
        with
        [
            CharType=FString::FmtCharType
        ]
			consteval TCheckedFormatStringPrivate(const CharType (&Fmt)[N])
			^
C:\Users\iputu\Documents\Wonder Chess\game\Source\WonderChessRuntime\Private\WCMatchHUD.cpp(363,34): note: while trying to match the argument list '(const FString::ElementType *)'
            Text(FString::Printf(*T(P,TEXT("ROUND %d - ENCOUNTER RECAP"),TEXT("RONDE %d - RINGKASAN PERTARUNGAN")),int(Rec->GetNumberField(TEXT("round")))),425,242,1.3,Gold);
                                 ^
C:\Program Files\Epic Games\UE_5.7\Engine\Source\Runtime\Core\Public\Containers\UnrealString.h.inl(1423,39): note: see declaration of 'FString::Printf'
	[[nodiscard]] static UE_STRING_CLASS Printf(UE::Core::TCheckedFormatString<FmtCharType, Types...> Fmt, Types... Args)
	                                     ^
C:\Users\iputu\Documents\Wonder Chess\game\Source\WonderChessRuntime\Private\WCMatchHUD.cpp(363,27): note: while trying to match the argument list '(const FString::ElementType *, int)'
            Text(FString::Printf(*T(P,TEXT("ROUND %d - ENCOUNTER RECAP"),TEXT("RONDE %d - RINGKASAN PERTARUNGAN")),int(Rec->GetNumberField(TEXT("round")))),425,242,1.3,Gold);
                          ^
C:\Users\iputu\Documents\Wonder Chess\game\Source\WonderChessRuntime\Private\WCMatchHUD.cpp(376,35): error C2664: 'FString FString::Printf<T>(UE::Core::Private::FormatStringSan::TCheckedFormatStringPrivate<FString::FmtCharType,double>,T)': cannot convert argument 1 from 'const FString::ElementType *' to 'UE::Core::Private::FormatStringSan::TCheckedFormatStringPrivate<FString::FmtCharType,double>'
        with
        [
            T=double
        ]
                    Text(FString::Printf(*T(P,TEXT("Survivors: %.0f"),TEXT("Hero bertahan: %.0f")),Survivors[Side]->AsNumber()),X,434,.94);
                                  ^
C:\Users\iputu\Documents\Wonder Chess\game\Source\WonderChessRuntime\Private\WCMatchHUD.cpp(376,42): note: 'UE::Core::Private::FormatStringSan::TCheckedFormatStringPrivate<FString::FmtCharType,double>::TCheckedFormatStringPrivate': no overloaded function could convert all the argument types
                    Text(FString::Printf(*T(P,TEXT("Survivors: %.0f"),TEXT("Hero bertahan: %.0f")),Survivors[Side]->AsNumber()),X,434,.94);
                                         ^
C:\Program Files\Epic Games\UE_5.7\Engine\Source\Runtime\Core\Public\String\FormatStringSan.h(520,1): note: could be 'UE::Core::Private::FormatStringSan::TCheckedFormatStringPrivate<FString::FmtCharType,double>::TCheckedFormatStringPrivate(UE::Core::Private::FormatStringSan::TCheckedFormatStringPrivate<FString::FmtCharType,double> &&)'
		};
^
C:\Users\iputu\Documents\Wonder Chess\game\Source\WonderChessRuntime\Private\WCMatchHUD.cpp(376,42): note: 'UE::Core::Private::FormatStringSan::TCheckedFormatStringPrivate<FString::FmtCharType,double>::TCheckedFormatStringPrivate(UE::Core::Private::FormatStringSan::TCheckedFormatStringPrivate<FString::FmtCharType,double> &&)': cannot convert argument 1 from 'const FString::ElementType *' to 'UE::Core::Private::FormatStringSan::TCheckedFormatStringPrivate<FString::FmtCharType,double> &&'
                    Text(FString::Printf(*T(P,TEXT("Survivors: %.0f"),TEXT("Hero bertahan: %.0f")),Survivors[Side]->AsNumber()),X,434,.94);
                                         ^
C:\Users\iputu\Documents\Wonder Chess\game\Source\WonderChessRuntime\Private\WCMatchHUD.cpp(376,42): note: Reason: cannot convert from 'const FString::ElementType *' to 'UE::Core::Private::FormatStringSan::TCheckedFormatStringPrivate<FString::FmtCharType,double>'
C:\Users\iputu\Documents\Wonder Chess\game\Source\WonderChessRuntime\Private\WCMatchHUD.cpp(376,42): note: Conversion requires a second user-defined-conversion operator or constructor
C:\Program Files\Epic Games\UE_5.7\Engine\Source\Runtime\Core\Public\String\FormatStringSan.h(520,1): note: or       'UE::Core::Private::FormatStringSan::TCheckedFormatStringPrivate<FString::FmtCharType,double>::TCheckedFormatStringPrivate(const UE::Core::Private::FormatStringSan::TCheckedFormatStringPrivate<FString::FmtCharType,double> &)'
		};
^
C:\Users\iputu\Documents\Wonder Chess\game\Source\WonderChessRuntime\Private\WCMatchHUD.cpp(376,42): note: 'UE::Core::Private::FormatStringSan::TCheckedFormatStringPrivate<FString::FmtCharType,double>::TCheckedFormatStringPrivate(const UE::Core::Private::FormatStringSan::TCheckedFormatStringPrivate<FString::FmtCharType,double> &)': cannot convert argument 1 from 'const FString::ElementType *' to 'const UE::Core::Private::FormatStringSan::TCheckedFormatStringPrivate<FString::FmtCharType,double> &'
                    Text(FString::Printf(*T(P,TEXT("Survivors: %.0f"),TEXT("Hero bertahan: %.0f")),Survivors[Side]->AsNumber()),X,434,.94);
                                         ^
C:\Users\iputu\Documents\Wonder Chess\game\Source\WonderChessRuntime\Private\WCMatchHUD.cpp(376,42): note: Reason: cannot convert from 'const FString::ElementType *' to 'const UE::Core::Private::FormatStringSan::TCheckedFormatStringPrivate<FString::FmtCharType,double>'
C:\Users\iputu\Documents\Wonder Chess\game\Source\WonderChessRuntime\Private\WCMatchHUD.cpp(376,42): note: Conversion requires a second user-defined-conversion operator or constructor
C:\Program Files\Epic Games\UE_5.7\Engine\Source\Runtime\Core\Public\String\FormatStringSan.h(487,4): note: or       'UE::Core::Private::FormatStringSan::TCheckedFormatStringPrivate<FString::FmtCharType,double>::TCheckedFormatStringPrivate(const CharType (&)[N])'
        with
        [
            CharType=FString::FmtCharType
        ]
			consteval TCheckedFormatStringPrivate(const CharType (&Fmt)[N])
			^
C:\Users\iputu\Documents\Wonder Chess\game\Source\WonderChessRuntime\Private\WCMatchHUD.cpp(376,42): note: while trying to match the argument list '(const FString::ElementType *)'
                    Text(FString::Printf(*T(P,TEXT("Survivors: %.0f"),TEXT("Hero bertahan: %.0f")),Survivors[Side]->AsNumber()),X,434,.94);
                                         ^
C:\Program Files\Epic Games\UE_5.7\Engine\Source\Runtime\Core\Public\Containers\UnrealString.h.inl(1423,39): note: see declaration of 'FString::Printf'
	[[nodiscard]] static UE_STRING_CLASS Printf(UE::Core::TCheckedFormatString<FmtCharType, Types...> Fmt, Types... Args)
	                                     ^
C:\Users\iputu\Documents\Wonder Chess\game\Source\WonderChessRuntime\Private\WCMatchHUD.cpp(376,35): note: while trying to match the argument list '(const FString::ElementType *, double)'
                    Text(FString::Printf(*T(P,TEXT("Survivors: %.0f"),TEXT("Hero bertahan: %.0f")),Survivors[Side]->AsNumber()),X,434,.94);
                                  ^
C:\Users\iputu\Documents\Wonder Chess\game\Source\WonderChessRuntime\Private\WCMatchHUD.cpp(377,35): error C2664: 'FString FString::Printf<T>(UE::Core::Private::FormatStringSan::TCheckedFormatStringPrivate<FString::FmtCharType,double>,T)': cannot convert argument 1 from 'const FString::ElementType *' to 'UE::Core::Private::FormatStringSan::TCheckedFormatStringPrivate<FString::FmtCharType,double>'
        with
        [
            T=double
        ]
                    Text(FString::Printf(*T(P,TEXT("Hero HP lost: %.2f"),TEXT("HP hero hilang: %.2f")),Loss[Side]->AsNumber()/100.0),X,464,.92);
                                  ^
C:\Users\iputu\Documents\Wonder Chess\game\Source\WonderChessRuntime\Private\WCMatchHUD.cpp(377,42): note: 'UE::Core::Private::FormatStringSan::TCheckedFormatStringPrivate<FString::FmtCharType,double>::TCheckedFormatStringPrivate': no overloaded function could convert all the argument types
                    Text(FString::Printf(*T(P,TEXT("Hero HP lost: %.2f"),TEXT("HP hero hilang: %.2f")),Loss[Side]->AsNumber()/100.0),X,464,.92);
                                         ^
C:\Program Files\Epic Games\UE_5.7\Engine\Source\Runtime\Core\Public\String\FormatStringSan.h(520,1): note: could be 'UE::Core::Private::FormatStringSan::TCheckedFormatStringPrivate<FString::FmtCharType,double>::TCheckedFormatStringPrivate(UE::Core::Private::FormatStringSan::TCheckedFormatStringPrivate<FString::FmtCharType,double> &&)'
		};
^
C:\Users\iputu\Documents\Wonder Chess\game\Source\WonderChessRuntime\Private\WCMatchHUD.cpp(377,42): note: 'UE::Core::Private::FormatStringSan::TCheckedFormatStringPrivate<FString::FmtCharType,double>::TCheckedFormatStringPrivate(UE::Core::Private::FormatStringSan::TCheckedFormatStringPrivate<FString::FmtCharType,double> &&)': cannot convert argument 1 from 'const FString::ElementType *' to 'UE::Core::Private::FormatStringSan::TCheckedFormatStringPrivate<FString::FmtCharType,double> &&'
                    Text(FString::Printf(*T(P,TEXT("Hero HP lost: %.2f"),TEXT("HP hero hilang: %.2f")),Loss[Side]->AsNumber()/100.0),X,464,.92);
                                         ^
C:\Users\iputu\Documents\Wonder Chess\game\Source\WonderChessRuntime\Private\WCMatchHUD.cpp(377,42): note: Reason: cannot convert from 'const FString::ElementType *' to 'UE::Core::Private::FormatStringSan::TCheckedFormatStringPrivate<FString::FmtCharType,double>'
C:\Users\iputu\Documents\Wonder Chess\game\Source\WonderChessRuntime\Private\WCMatchHUD.cpp(377,42): note: Conversion requires a second user-defined-conversion operator or constructor
C:\Program Files\Epic Games\UE_5.7\Engine\Source\Runtime\Core\Public\String\FormatStringSan.h(520,1): note: or       'UE::Core::Private::FormatStringSan::TCheckedFormatStringPrivate<FString::FmtCharType,double>::TCheckedFormatStringPrivate(const UE::Core::Private::FormatStringSan::TCheckedFormatStringPrivate<FString::FmtCharType,double> &)'
		};
^
C:\Users\iputu\Documents\Wonder Chess\game\Source\WonderChessRuntime\Private\WCMatchHUD.cpp(377,42): note: 'UE::Core::Private::FormatStringSan::TCheckedFormatStringPrivate<FString::FmtCharType,double>::TCheckedFormatStringPrivate(const UE::Core::Private::FormatStringSan::TCheckedFormatStringPrivate<FString::FmtCharType,double> &)': cannot convert argument 1 from 'const FString::ElementType *' to 'const UE::Core::Private::FormatStringSan::TCheckedFormatStringPrivate<FString::FmtCharType,double> &'
                    Text(FString::Printf(*T(P,TEXT("Hero HP lost: %.2f"),TEXT("HP hero hilang: %.2f")),Loss[Side]->AsNumber()/100.0),X,464,.92);
                                         ^
C:\Users\iputu\Documents\Wonder Chess\game\Source\WonderChessRuntime\Private\WCMatchHUD.cpp(377,42): note: Reason: cannot convert from 'const FString::ElementType *' to 'const UE::Core::Private::FormatStringSan::TCheckedFormatStringPrivate<FString::FmtCharType,double>'
C:\Users\iputu\Documents\Wonder Chess\game\Source\WonderChessRuntime\Private\WCMatchHUD.cpp(377,42): note: Conversion requires a second user-defined-conversion operator or constructor
C:\Program Files\Epic Games\UE_5.7\Engine\Source\Runtime\Core\Public\String\FormatStringSan.h(487,4): note: or       'UE::Core::Private::FormatStringSan::TCheckedFormatStringPrivate<FString::FmtCharType,double>::TCheckedFormatStringPrivate(const CharType (&)[N])'
        with
        [
            CharType=FString::FmtCharType
        ]
			consteval TCheckedFormatStringPrivate(const CharType (&Fmt)[N])
			^
C:\Users\iputu\Documents\Wonder Chess\game\Source\WonderChessRuntime\Private\WCMatchHUD.cpp(377,42): note: while trying to match the argument list '(const FString::ElementType *)'
                    Text(FString::Printf(*T(P,TEXT("Hero HP lost: %.2f"),TEXT("HP hero hilang: %.2f")),Loss[Side]->AsNumber()/100.0),X,464,.92);
                                         ^
C:\Program Files\Epic Games\UE_5.7\Engine\Source\Runtime\Core\Public\Containers\UnrealString.h.inl(1423,39): note: see declaration of 'FString::Printf'
	[[nodiscard]] static UE_STRING_CLASS Printf(UE::Core::TCheckedFormatString<FmtCharType, Types...> Fmt, Types... Args)
	                                     ^
C:\Users\iputu\Documents\Wonder Chess\game\Source\WonderChessRuntime\Private\WCMatchHUD.cpp(377,35): note: while trying to match the argument list '(const FString::ElementType *, double)'
                    Text(FString::Printf(*T(P,TEXT("Hero HP lost: %.2f"),TEXT("HP hero hilang: %.2f")),Loss[Side]->AsNumber()/100.0),X,464,.92);
                                  ^
C:\Users\iputu\Documents\Wonder Chess\game\Source\WonderChessRuntime\Private\WCMatchHUD.cpp(378,35): error C2664: 'FString FString::Printf<T>(UE::Core::Private::FormatStringSan::TCheckedFormatStringPrivate<FString::FmtCharType,double>,T)': cannot convert argument 1 from 'const FString::ElementType *' to 'UE::Core::Private::FormatStringSan::TCheckedFormatStringPrivate<FString::FmtCharType,double>'
        with
        [
            T=double
        ]
                    Text(FString::Printf(*T(P,TEXT("Shield absorbed: %.2f"),TEXT("Diserap perisai: %.2f")),Absorbed[Side]->AsNumber()/100.0),X,494,.92);
                                  ^
C:\Users\iputu\Documents\Wonder Chess\game\Source\WonderChessRuntime\Private\WCMatchHUD.cpp(378,42): note: 'UE::Core::Private::FormatStringSan::TCheckedFormatStringPrivate<FString::FmtCharType,double>::TCheckedFormatStringPrivate': no overloaded function could convert all the argument types
                    Text(FString::Printf(*T(P,TEXT("Shield absorbed: %.2f"),TEXT("Diserap perisai: %.2f")),Absorbed[Side]->AsNumber()/100.0),X,494,.92);
                                         ^
C:\Program Files\Epic Games\UE_5.7\Engine\Source\Runtime\Core\Public\String\FormatStringSan.h(520,1): note: could be 'UE::Core::Private::FormatStringSan::TCheckedFormatStringPrivate<FString::FmtCharType,double>::TCheckedFormatStringPrivate(UE::Core::Private::FormatStringSan::TCheckedFormatStringPrivate<FString::FmtCharType,double> &&)'
		};
^
C:\Users\iputu\Documents\Wonder Chess\game\Source\WonderChessRuntime\Private\WCMatchHUD.cpp(378,42): note: 'UE::Core::Private::FormatStringSan::TCheckedFormatStringPrivate<FString::FmtCharType,double>::TCheckedFormatStringPrivate(UE::Core::Private::FormatStringSan::TCheckedFormatStringPrivate<FString::FmtCharType,double> &&)': cannot convert argument 1 from 'const FString::ElementType *' to 'UE::Core::Private::FormatStringSan::TCheckedFormatStringPrivate<FString::FmtCharType,double> &&'
                    Text(FString::Printf(*T(P,TEXT("Shield absorbed: %.2f"),TEXT("Diserap perisai: %.2f")),Absorbed[Side]->AsNumber()/100.0),X,494,.92);
                                         ^
C:\Users\iputu\Documents\Wonder Chess\game\Source\WonderChessRuntime\Private\WCMatchHUD.cpp(378,42): note: Reason: cannot convert from 'const FString::ElementType *' to 'UE::Core::Private::FormatStringSan::TCheckedFormatStringPrivate<FString::FmtCharType,double>'
C:\Users\iputu\Documents\Wonder Chess\game\Source\WonderChessRuntime\Private\WCMatchHUD.cpp(378,42): note: Conversion requires a second user-defined-conversion operator or constructor
C:\Program Files\Epic Games\UE_5.7\Engine\Source\Runtime\Core\Public\String\FormatStringSan.h(520,1): note: or       'UE::Core::Private::FormatStringSan::TCheckedFormatStringPrivate<FString::FmtCharType,double>::TCheckedFormatStringPrivate(const UE::Core::Private::FormatStringSan::TCheckedFormatStringPrivate<FString::FmtCharType,double> &)'
		};
^
C:\Users\iputu\Documents\Wonder Chess\game\Source\WonderChessRuntime\Private\WCMatchHUD.cpp(378,42): note: 'UE::Core::Private::FormatStringSan::TCheckedFormatStringPrivate<FString::FmtCharType,double>::TCheckedFormatStringPrivate(const UE::Core::Private::FormatStringSan::TCheckedFormatStringPrivate<FString::FmtCharType,double> &)': cannot convert argument 1 from 'const FString::ElementType *' to 'const UE::Core::Private::FormatStringSan::TCheckedFormatStringPrivate<FString::FmtCharType,double> &'
                    Text(FString::Printf(*T(P,TEXT("Shield absorbed: %.2f"),TEXT("Diserap perisai: %.2f")),Absorbed[Side]->AsNumber()/100.0),X,494,.92);
                                         ^
C:\Users\iputu\Documents\Wonder Chess\game\Source\WonderChessRuntime\Private\WCMatchHUD.cpp(378,42): note: Reason: cannot convert from 'const FString::ElementType *' to 'const UE::Core::Private::FormatStringSan::TCheckedFormatStringPrivate<FString::FmtCharType,double>'
C:\Users\iputu\Documents\Wonder Chess\game\Source\WonderChessRuntime\Private\WCMatchHUD.cpp(378,42): note: Conversion requires a second user-defined-conversion operator or constructor
C:\Program Files\Epic Games\UE_5.7\Engine\Source\Runtime\Core\Public\String\FormatStringSan.h(487,4): note: or       'UE::Core::Private::FormatStringSan::TCheckedFormatStringPrivate<FString::FmtCharType,double>::TCheckedFormatStringPrivate(const CharType (&)[N])'
        with
        [
            CharType=FString::FmtCharType
        ]
			consteval TCheckedFormatStringPrivate(const CharType (&Fmt)[N])
			^
C:\Users\iputu\Documents\Wonder Chess\game\Source\WonderChessRuntime\Private\WCMatchHUD.cpp(378,42): note: while trying to match the argument list '(const FString::ElementType *)'
                    Text(FString::Printf(*T(P,TEXT("Shield absorbed: %.2f"),TEXT("Diserap perisai: %.2f")),Absorbed[Side]->AsNumber()/100.0),X,494,.92);
                                         ^
C:\Program Files\Epic Games\UE_5.7\Engine\Source\Runtime\Core\Public\Containers\UnrealString.h.inl(1423,39): note: see declaration of 'FString::Printf'
	[[nodiscard]] static UE_STRING_CLASS Printf(UE::Core::TCheckedFormatString<FmtCharType, Types...> Fmt, Types... Args)
	                                     ^
C:\Users\iputu\Documents\Wonder Chess\game\Source\WonderChessRuntime\Private\WCMatchHUD.cpp(378,35): note: while trying to match the argument list '(const FString::ElementType *, double)'
                    Text(FString::Printf(*T(P,TEXT("Shield absorbed: %.2f"),TEXT("Diserap perisai: %.2f")),Absorbed[Side]->AsNumber()/100.0),X,494,.92);
                                  ^
C:\Users\iputu\Documents\Wonder Chess\game\Source\WonderChessRuntime\Private\WCMatchHUD.cpp(379,35): error C2664: 'FString FString::Printf<T>(UE::Core::Private::FormatStringSan::TCheckedFormatStringPrivate<FString::FmtCharType,double>,T)': cannot convert argument 1 from 'const FString::ElementType *' to 'UE::Core::Private::FormatStringSan::TCheckedFormatStringPrivate<FString::FmtCharType,double>'
        with
        [
            T=double
        ]
                    Text(FString::Printf(*T(P,TEXT("Effective healing: %.2f"),TEXT("Pemulihan efektif: %.2f")),Healing[Side]->AsNumber()/100.0),X,524,.92);
                                  ^
C:\Users\iputu\Documents\Wonder Chess\game\Source\WonderChessRuntime\Private\WCMatchHUD.cpp(379,42): note: 'UE::Core::Private::FormatStringSan::TCheckedFormatStringPrivate<FString::FmtCharType,double>::TCheckedFormatStringPrivate': no overloaded function could convert all the argument types
                    Text(FString::Printf(*T(P,TEXT("Effective healing: %.2f"),TEXT("Pemulihan efektif: %.2f")),Healing[Side]->AsNumber()/100.0),X,524,.92);
                                         ^
C:\Program Files\Epic Games\UE_5.7\Engine\Source\Runtime\Core\Public\String\FormatStringSan.h(520,1): note: could be 'UE::Core::Private::FormatStringSan::TCheckedFormatStringPrivate<FString::FmtCharType,double>::TCheckedFormatStringPrivate(UE::Core::Private::FormatStringSan::TCheckedFormatStringPrivate<FString::FmtCharType,double> &&)'
		};
^
C:\Users\iputu\Documents\Wonder Chess\game\Source\WonderChessRuntime\Private\WCMatchHUD.cpp(379,42): note: 'UE::Core::Private::FormatStringSan::TCheckedFormatStringPrivate<FString::FmtCharType,double>::TCheckedFormatStringPrivate(UE::Core::Private::FormatStringSan::TCheckedFormatStringPrivate<FString::FmtCharType,double> &&)': cannot convert argument 1 from 'const FString::ElementType *' to 'UE::Core::Private::FormatStringSan::TCheckedFormatStringPrivate<FString::FmtCharType,double> &&'
                    Text(FString::Printf(*T(P,TEXT("Effective healing: %.2f"),TEXT("Pemulihan efektif: %.2f")),Healing[Side]->AsNumber()/100.0),X,524,.92);
                                         ^
C:\Users\iputu\Documents\Wonder Chess\game\Source\WonderChessRuntime\Private\WCMatchHUD.cpp(379,42): note: Reason: cannot convert from 'const FString::ElementType *' to 'UE::Core::Private::FormatStringSan::TCheckedFormatStringPrivate<FString::FmtCharType,double>'
C:\Users\iputu\Documents\Wonder Chess\game\Source\WonderChessRuntime\Private\WCMatchHUD.cpp(379,42): note: Conversion requires a second user-defined-conversion operator or constructor
C:\Program Files\Epic Games\UE_5.7\Engine\Source\Runtime\Core\Public\String\FormatStringSan.h(520,1): note: or       'UE::Core::Private::FormatStringSan::TCheckedFormatStringPrivate<FString::FmtCharType,double>::TCheckedFormatStringPrivate(const UE::Core::Private::FormatStringSan::TCheckedFormatStringPrivate<FString::FmtCharType,double> &)'
		};
^
C:\Users\iputu\Documents\Wonder Chess\game\Source\WonderChessRuntime\Private\WCMatchHUD.cpp(379,42): note: 'UE::Core::Private::FormatStringSan::TCheckedFormatStringPrivate<FString::FmtCharType,double>::TCheckedFormatStringPrivate(const UE::Core::Private::FormatStringSan::TCheckedFormatStringPrivate<FString::FmtCharType,double> &)': cannot convert argument 1 from 'const FString::ElementType *' to 'const UE::Core::Private::FormatStringSan::TCheckedFormatStringPrivate<FString::FmtCharType,double> &'
                    Text(FString::Printf(*T(P,TEXT("Effective healing: %.2f"),TEXT("Pemulihan efektif: %.2f")),Healing[Side]->AsNumber()/100.0),X,524,.92);
                                         ^
C:\Users\iputu\Documents\Wonder Chess\game\Source\WonderChessRuntime\Private\WCMatchHUD.cpp(379,42): note: Reason: cannot convert from 'const FString::ElementType *' to 'const UE::Core::Private::FormatStringSan::TCheckedFormatStringPrivate<FString::FmtCharType,double>'
C:\Users\iputu\Documents\Wonder Chess\game\Source\WonderChessRuntime\Private\WCMatchHUD.cpp(379,42): note: Conversion requires a second user-defined-conversion operator or constructor
C:\Program Files\Epic Games\UE_5.7\Engine\Source\Runtime\Core\Public\String\FormatStringSan.h(487,4): note: or       'UE::Core::Private::FormatStringSan::TCheckedFormatStringPrivate<FString::FmtCharType,double>::TCheckedFormatStringPrivate(const CharType (&)[N])'
        with
        [
            CharType=FString::FmtCharType
        ]
			consteval TCheckedFormatStringPrivate(const CharType (&Fmt)[N])
			^
C:\Users\iputu\Documents\Wonder Chess\game\Source\WonderChessRuntime\Private\WCMatchHUD.cpp(379,42): note: while trying to match the argument list '(const FString::ElementType *)'
                    Text(FString::Printf(*T(P,TEXT("Effective healing: %.2f"),TEXT("Pemulihan efektif: %.2f")),Healing[Side]->AsNumber()/100.0),X,524,.92);
                                         ^
C:\Program Files\Epic Games\UE_5.7\Engine\Source\Runtime\Core\Public\Containers\UnrealString.h.inl(1423,39): note: see declaration of 'FString::Printf'
	[[nodiscard]] static UE_STRING_CLASS Printf(UE::Core::TCheckedFormatString<FmtCharType, Types...> Fmt, Types... Args)
	                                     ^
C:\Users\iputu\Documents\Wonder Chess\game\Source\WonderChessRuntime\Private\WCMatchHUD.cpp(379,35): note: while trying to match the argument list '(const FString::ElementType *, double)'
                    Text(FString::Printf(*T(P,TEXT("Effective healing: %.2f"),TEXT("Pemulihan efektif: %.2f")),Healing[Side]->AsNumber()/100.0),X,524,.92);
                                  ^
C:\Users\iputu\Documents\Wonder Chess\game\Source\WonderChessRuntime\Private\WCMatchHUD.cpp(382,55): error C2664: 'FString FString::Printf<double,int>(UE::Core::Private::FormatStringSan::TCheckedFormatStringPrivate<FString::FmtCharType,double,int>,double,int)': cannot convert argument 1 from 'const FString::ElementType *' to 'UE::Core::Private::FormatStringSan::TCheckedFormatStringPrivate<FString::FmtCharType,double,int>'
                    else if(Winner<0)Formula=FString::Printf(*T(P,TEXT("Captain loss: %.0f (draw rule: %d)"),TEXT("HP kapten hilang: %.0f (aturan seri: %d)")),CaptainDamage[Side]->AsNumber(),Defs.rules.drawDamage);
                                                      ^
C:\Users\iputu\Documents\Wonder Chess\game\Source\WonderChessRuntime\Private\WCMatchHUD.cpp(382,62): note: 'UE::Core::Private::FormatStringSan::TCheckedFormatStringPrivate<FString::FmtCharType,double,int>::TCheckedFormatStringPrivate': no overloaded function could convert all the argument types
                    else if(Winner<0)Formula=FString::Printf(*T(P,TEXT("Captain loss: %.0f (draw rule: %d)"),TEXT("HP kapten hilang: %.0f (aturan seri: %d)")),CaptainDamage[Side]->AsNumber(),Defs.rules.drawDamage);
                                                             ^
C:\Program Files\Epic Games\UE_5.7\Engine\Source\Runtime\Core\Public\String\FormatStringSan.h(520,1): note: could be 'UE::Core::Private::FormatStringSan::TCheckedFormatStringPrivate<FString::FmtCharType,double,int>::TCheckedFormatStringPrivate(UE::Core::Private::FormatStringSan::TCheckedFormatStringPrivate<FString::FmtCharType,double,int> &&)'
		};
^
C:\Users\iputu\Documents\Wonder Chess\game\Source\WonderChessRuntime\Private\WCMatchHUD.cpp(382,62): note: 'UE::Core::Private::FormatStringSan::TCheckedFormatStringPrivate<FString::FmtCharType,double,int>::TCheckedFormatStringPrivate(UE::Core::Private::FormatStringSan::TCheckedFormatStringPrivate<FString::FmtCharType,double,int> &&)': cannot convert argument 1 from 'const FString::ElementType *' to 'UE::Core::Private::FormatStringSan::TCheckedFormatStringPrivate<FString::FmtCharType,double,int> &&'
                    else if(Winner<0)Formula=FString::Printf(*T(P,TEXT("Captain loss: %.0f (draw rule: %d)"),TEXT("HP kapten hilang: %.0f (aturan seri: %d)")),CaptainDamage[Side]->AsNumber(),Defs.rules.drawDamage);
                                                             ^
C:\Users\iputu\Documents\Wonder Chess\game\Source\WonderChessRuntime\Private\WCMatchHUD.cpp(382,62): note: Reason: cannot convert from 'const FString::ElementType *' to 'UE::Core::Private::FormatStringSan::TCheckedFormatStringPrivate<FString::FmtCharType,double,int>'
C:\Users\iputu\Documents\Wonder Chess\game\Source\WonderChessRuntime\Private\WCMatchHUD.cpp(382,62): note: Conversion requires a second user-defined-conversion operator or constructor
C:\Program Files\Epic Games\UE_5.7\Engine\Source\Runtime\Core\Public\String\FormatStringSan.h(520,1): note: or       'UE::Core::Private::FormatStringSan::TCheckedFormatStringPrivate<FString::FmtCharType,double,int>::TCheckedFormatStringPrivate(const UE::Core::Private::FormatStringSan::TCheckedFormatStringPrivate<FString::FmtCharType,double,int> &)'
		};
^
C:\Users\iputu\Documents\Wonder Chess\game\Source\WonderChessRuntime\Private\WCMatchHUD.cpp(382,62): note: 'UE::Core::Private::FormatStringSan::TCheckedFormatStringPrivate<FString::FmtCharType,double,int>::TCheckedFormatStringPrivate(const UE::Core::Private::FormatStringSan::TCheckedFormatStringPrivate<FString::FmtCharType,double,int> &)': cannot convert argument 1 from 'const FString::ElementType *' to 'const UE::Core::Private::FormatStringSan::TCheckedFormatStringPrivate<FString::FmtCharType,double,int> &'
                    else if(Winner<0)Formula=FString::Printf(*T(P,TEXT("Captain loss: %.0f (draw rule: %d)"),TEXT("HP kapten hilang: %.0f (aturan seri: %d)")),CaptainDamage[Side]->AsNumber(),Defs.rules.drawDamage);
                                                             ^
C:\Users\iputu\Documents\Wonder Chess\game\Source\WonderChessRuntime\Private\WCMatchHUD.cpp(382,62): note: Reason: cannot convert from 'const FString::ElementType *' to 'const UE::Core::Private::FormatStringSan::TCheckedFormatStringPrivate<FString::FmtCharType,double,int>'
C:\Users\iputu\Documents\Wonder Chess\game\Source\WonderChessRuntime\Private\WCMatchHUD.cpp(382,62): note: Conversion requires a second user-defined-conversion operator or constructor
C:\Program Files\Epic Games\UE_5.7\Engine\Source\Runtime\Core\Public\String\FormatStringSan.h(487,4): note: or       'UE::Core::Private::FormatStringSan::TCheckedFormatStringPrivate<FString::FmtCharType,double,int>::TCheckedFormatStringPrivate(const CharType (&)[N])'
        with
        [
            CharType=FString::FmtCharType
        ]
			consteval TCheckedFormatStringPrivate(const CharType (&Fmt)[N])
			^
C:\Users\iputu\Documents\Wonder Chess\game\Source\WonderChessRuntime\Private\WCMatchHUD.cpp(382,62): note: while trying to match the argument list '(const FString::ElementType *)'
                    else if(Winner<0)Formula=FString::Printf(*T(P,TEXT("Captain loss: %.0f (draw rule: %d)"),TEXT("HP kapten hilang: %.0f (aturan seri: %d)")),CaptainDamage[Side]->AsNumber(),Defs.rules.drawDamage);
                                                             ^
C:\Program Files\Epic Games\UE_5.7\Engine\Source\Runtime\Core\Public\Containers\UnrealString.h.inl(1423,39): note: see declaration of 'FString::Printf'
	[[nodiscard]] static UE_STRING_CLASS Printf(UE::Core::TCheckedFormatString<FmtCharType, Types...> Fmt, Types... Args)
	                                     ^
C:\Users\iputu\Documents\Wonder Chess\game\Source\WonderChessRuntime\Private\WCMatchHUD.cpp(382,55): note: while trying to match the argument list '(const FString::ElementType *, double, int)'
                    else if(Winner<0)Formula=FString::Printf(*T(P,TEXT("Captain loss: %.0f (draw rule: %d)"),TEXT("HP kapten hilang: %.0f (aturan seri: %d)")),CaptainDamage[Side]->AsNumber(),Defs.rules.drawDamage);
                                                      ^
C:\Users\iputu\Documents\Wonder Chess\game\Source\WonderChessRuntime\Private\WCMatchHUD.cpp(384,43): error C2664: 'FString FString::Printf<double,int,double>(UE::Core::Private::FormatStringSan::TCheckedFormatStringPrivate<FString::FmtCharType,double,int,double>,double,int,double)': cannot convert argument 1 from 'const FString::ElementType *' to 'UE::Core::Private::FormatStringSan::TCheckedFormatStringPrivate<FString::FmtCharType,double,int,double>'
                    else Formula=FString::Printf(*T(P,TEXT("Captain loss: %.0f = %d stage + %.0f enemy survivors"),TEXT("HP kapten hilang: %.0f = %d tahap + %.0f musuh bertahan")),CaptainDamage[Side]->AsNumber(),int(F->GetNumberField(TEXT("stageBase"))),Survivors[1-Side]->AsNumber());
                                          ^
C:\Users\iputu\Documents\Wonder Chess\game\Source\WonderChessRuntime\Private\WCMatchHUD.cpp(384,50): note: 'UE::Core::Private::FormatStringSan::TCheckedFormatStringPrivate<FString::FmtCharType,double,int,double>::TCheckedFormatStringPrivate': no overloaded function could convert all the argument types
                    else Formula=FString::Printf(*T(P,TEXT("Captain loss: %.0f = %d stage + %.0f enemy survivors"),TEXT("HP kapten hilang: %.0f = %d tahap + %.0f musuh bertahan")),CaptainDamage[Side]->AsNumber(),int(F->GetNumberField(TEXT("stageBase"))),Survivors[1-Side]->AsNumber());
                                                 ^
C:\Program Files\Epic Games\UE_5.7\Engine\Source\Runtime\Core\Public\String\FormatStringSan.h(520,1): note: could be 'UE::Core::Private::FormatStringSan::TCheckedFormatStringPrivate<FString::FmtCharType,double,int,double>::TCheckedFormatStringPrivate(UE::Core::Private::FormatStringSan::TCheckedFormatStringPrivate<FString::FmtCharType,double,int,double> &&)'
		};
^
C:\Users\iputu\Documents\Wonder Chess\game\Source\WonderChessRuntime\Private\WCMatchHUD.cpp(384,50): note: 'UE::Core::Private::FormatStringSan::TCheckedFormatStringPrivate<FString::FmtCharType,double,int,double>::TCheckedFormatStringPrivate(UE::Core::Private::FormatStringSan::TCheckedFormatStringPrivate<FString::FmtCharType,double,int,double> &&)': cannot convert argument 1 from 'const FString::ElementType *' to 'UE::Core::Private::FormatStringSan::TCheckedFormatStringPrivate<FString::FmtCharType,double,int,double> &&'
                    else Formula=FString::Printf(*T(P,TEXT("Captain loss: %.0f = %d stage + %.0f enemy survivors"),TEXT("HP kapten hilang: %.0f = %d tahap + %.0f musuh bertahan")),CaptainDamage[Side]->AsNumber(),int(F->GetNumberField(TEXT("stageBase"))),Survivors[1-Side]->AsNumber());
                                                 ^
C:\Users\iputu\Documents\Wonder Chess\game\Source\WonderChessRuntime\Private\WCMatchHUD.cpp(384,50): note: Reason: cannot convert from 'const FString::ElementType *' to 'UE::Core::Private::FormatStringSan::TCheckedFormatStringPrivate<FString::FmtCharType,double,int,double>'
C:\Users\iputu\Documents\Wonder Chess\game\Source\WonderChessRuntime\Private\WCMatchHUD.cpp(384,50): note: Conversion requires a second user-defined-conversion operator or constructor
C:\Program Files\Epic Games\UE_5.7\Engine\Source\Runtime\Core\Public\String\FormatStringSan.h(520,1): note: or       'UE::Core::Private::FormatStringSan::TCheckedFormatStringPrivate<FString::FmtCharType,double,int,double>::TCheckedFormatStringPrivate(const UE::Core::Private::FormatStringSan::TCheckedFormatStringPrivate<FString::FmtCharType,double,int,double> &)'
		};
^
C:\Users\iputu\Documents\Wonder Chess\game\Source\WonderChessRuntime\Private\WCMatchHUD.cpp(384,50): note: 'UE::Core::Private::FormatStringSan::TCheckedFormatStringPrivate<FString::FmtCharType,double,int,double>::TCheckedFormatStringPrivate(const UE::Core::Private::FormatStringSan::TCheckedFormatStringPrivate<FString::FmtCharType,double,int,double> &)': cannot convert argument 1 from 'const FString::ElementType *' to 'const UE::Core::Private::FormatStringSan::TCheckedFormatStringPrivate<FString::FmtCharType,double,int,double> &'
                    else Formula=FString::Printf(*T(P,TEXT("Captain loss: %.0f = %d stage + %.0f enemy survivors"),TEXT("HP kapten hilang: %.0f = %d tahap + %.0f musuh bertahan")),CaptainDamage[Side]->AsNumber(),int(F->GetNumberField(TEXT("stageBase"))),Survivors[1-Side]->AsNumber());
                                                 ^
C:\Users\iputu\Documents\Wonder Chess\game\Source\WonderChessRuntime\Private\WCMatchHUD.cpp(384,50): note: Reason: cannot convert from 'const FString::ElementType *' to 'const UE::Core::Private::FormatStringSan::TCheckedFormatStringPrivate<FString::FmtCharType,double,int,double>'
C:\Users\iputu\Documents\Wonder Chess\game\Source\WonderChessRuntime\Private\WCMatchHUD.cpp(384,50): note: Conversion requires a second user-defined-conversion operator or constructor
C:\Program Files\Epic Games\UE_5.7\Engine\Source\Runtime\Core\Public\String\FormatStringSan.h(487,4): note: or       'UE::Core::Private::FormatStringSan::TCheckedFormatStringPrivate<FString::FmtCharType,double,int,double>::TCheckedFormatStringPrivate(const CharType (&)[N])'
        with
        [
            CharType=FString::FmtCharType
        ]
			consteval TCheckedFormatStringPrivate(const CharType (&Fmt)[N])
			^
C:\Users\iputu\Documents\Wonder Chess\game\Source\WonderChessRuntime\Private\WCMatchHUD.cpp(384,50): note: while trying to match the argument list '(const FString::ElementType *)'
                    else Formula=FString::Printf(*T(P,TEXT("Captain loss: %.0f = %d stage + %.0f enemy survivors"),TEXT("HP kapten hilang: %.0f = %d tahap + %.0f musuh bertahan")),CaptainDamage[Side]->AsNumber(),int(F->GetNumberField(TEXT("stageBase"))),Survivors[1-Side]->AsNumber());
                                                 ^
C:\Program Files\Epic Games\UE_5.7\Engine\Source\Runtime\Core\Public\Containers\UnrealString.h.inl(1423,39): note: see declaration of 'FString::Printf'
	[[nodiscard]] static UE_STRING_CLASS Printf(UE::Core::TCheckedFormatString<FmtCharType, Types...> Fmt, Types... Args)
	                                     ^
C:\Users\iputu\Documents\Wonder Chess\game\Source\WonderChessRuntime\Private\WCMatchHUD.cpp(384,43): note: while trying to match the argument list '(const FString::ElementType *, double, int, double)'
                    else Formula=FString::Printf(*T(P,TEXT("Captain loss: %.0f = %d stage + %.0f enemy survivors"),TEXT("HP kapten hilang: %.0f = %d tahap + %.0f musuh bertahan")),CaptainDamage[Side]->AsNumber(),int(F->GetNumberField(TEXT("stageBase"))),Survivors[1-Side]->AsNumber());
                                          ^
C:\Users\iputu\Documents\Wonder Chess\game\Source\WonderChessRuntime\Private\WCMatchHUD.cpp(392,500): error C2664: 'FString FString::Printf<int,const FString::ElementType*,int>(UE::Core::Private::FormatStringSan::TCheckedFormatStringPrivate<FString::FmtCharType,int,const FString::ElementType *,int>,int,const FString::ElementType *,int)': cannot convert argument 1 from 'const FString::ElementType *' to 'UE::Core::Private::FormatStringSan::TCheckedFormatStringPrivate<FString::FmtCharType,int,const FString::ElementType *,int>'
        if(Phase==3){HitBoxMap.Reset();Focusable.Reset();Box(410,200,1090,530,Navy);Text(T(P,TEXT("THE TRIALS CONCLUDE"),TEXT("TURNAMEN SELESAI")),475,235,2,Gold);Text(State->GetBoolField(TEXT("capped"))?T(P,TEXT("Round cap adjudication - shared placements are possible"),TEXT("Batas ronde tercapai - peringkat bersama dapat terjadi")):T(P,TEXT("Final tournament standings"),TEXT("Peringkat akhir turnamen")),475,296,1,Muted);for(int I=0;I<Seats.Num();++I){auto S=Seats[I]->AsObject();Text(FString::Printf(*T(P,TEXT("#%d  %s | %d wins"),TEXT("#%d  %s | %d menang")),int(S->GetNumberField(TEXT("place"))),*S->GetStringField(TEXT("name")),int(S->GetNumberField(TEXT("wins")))),490+(I/4)*485,355+(I%4)*54,1);}Button(TEXT("restart"),Label(TEXT("match.restart")),475,618,430,64,P->AssignedSeat<=0);Button(TEXT("menu"),T(P,TEXT("Return to title"),TEXT("Kembali ke judul")),940,618,475,64);}
                                                                                                                                                                                                                                                                                                                                                                                                                                                                                                                   ^
C:\Users\iputu\Documents\Wonder Chess\game\Source\WonderChessRuntime\Private\WCMatchHUD.cpp(392,507): note: 'UE::Core::Private::FormatStringSan::TCheckedFormatStringPrivate<FString::FmtCharType,int,const FString::ElementType *,int>::TCheckedFormatStringPrivate': no overloaded function could convert all the argument types
        if(Phase==3){HitBoxMap.Reset();Focusable.Reset();Box(410,200,1090,530,Navy);Text(T(P,TEXT("THE TRIALS CONCLUDE"),TEXT("TURNAMEN SELESAI")),475,235,2,Gold);Text(State->GetBoolField(TEXT("capped"))?T(P,TEXT("Round cap adjudication - shared placements are possible"),TEXT("Batas ronde tercapai - peringkat bersama dapat terjadi")):T(P,TEXT("Final tournament standings"),TEXT("Peringkat akhir turnamen")),475,296,1,Muted);for(int I=0;I<Seats.Num();++I){auto S=Seats[I]->AsObject();Text(FString::Printf(*T(P,TEXT("#%d  %s | %d wins"),TEXT("#%d  %s | %d menang")),int(S->GetNumberField(TEXT("place"))),*S->GetStringField(TEXT("name")),int(S->GetNumberField(TEXT("wins")))),490+(I/4)*485,355+(I%4)*54,1);}Button(TEXT("restart"),Label(TEXT("match.restart")),475,618,430,64,P->AssignedSeat<=0);Button(TEXT("menu"),T(P,TEXT("Return to title"),TEXT("Kembali ke judul")),940,618,475,64);}
                                                                                                                                                                                                                                                                                                                                                                                                                                                                                                                          ^
C:\Program Files\Epic Games\UE_5.7\Engine\Source\Runtime\Core\Public\String\FormatStringSan.h(520,1): note: could be 'UE::Core::Private::FormatStringSan::TCheckedFormatStringPrivate<FString::FmtCharType,int,const FString::ElementType *,int>::TCheckedFormatStringPrivate(UE::Core::Private::FormatStringSan::TCheckedFormatStringPrivate<FString::FmtCharType,int,const FString::ElementType *,int> &&)'
		};
^
C:\Users\iputu\Documents\Wonder Chess\game\Source\WonderChessRuntime\Private\WCMatchHUD.cpp(392,507): note: 'UE::Core::Private::FormatStringSan::TCheckedFormatStringPrivate<FString::FmtCharType,int,const FString::ElementType *,int>::TCheckedFormatStringPrivate(UE::Core::Private::FormatStringSan::TCheckedFormatStringPrivate<FString::FmtCharType,int,const FString::ElementType *,int> &&)': cannot convert argument 1 from 'const FString::ElementType *' to 'UE::Core::Private::FormatStringSan::TCheckedFormatStringPrivate<FString::FmtCharType,int,const FString::ElementType *,int> &&'
        if(Phase==3){HitBoxMap.Reset();Focusable.Reset();Box(410,200,1090,530,Navy);Text(T(P,TEXT("THE TRIALS CONCLUDE"),TEXT("TURNAMEN SELESAI")),475,235,2,Gold);Text(State->GetBoolField(TEXT("capped"))?T(P,TEXT("Round cap adjudication - shared placements are possible"),TEXT("Batas ronde tercapai - peringkat bersama dapat terjadi")):T(P,TEXT("Final tournament standings"),TEXT("Peringkat akhir turnamen")),475,296,1,Muted);for(int I=0;I<Seats.Num();++I){auto S=Seats[I]->AsObject();Text(FString::Printf(*T(P,TEXT("#%d  %s | %d wins"),TEXT("#%d  %s | %d menang")),int(S->GetNumberField(TEXT("place"))),*S->GetStringField(TEXT("name")),int(S->GetNumberField(TEXT("wins")))),490+(I/4)*485,355+(I%4)*54,1);}Button(TEXT("restart"),Label(TEXT("match.restart")),475,618,430,64,P->AssignedSeat<=0);Button(TEXT("menu"),T(P,TEXT("Return to title"),TEXT("Kembali ke judul")),940,618,475,64);}
                                                                                                                                                                                                                                                                                                                                                                                                                                                                                                                          ^
C:\Users\iputu\Documents\Wonder Chess\game\Source\WonderChessRuntime\Private\WCMatchHUD.cpp(392,507): note: Reason: cannot convert from 'const FString::ElementType *' to 'UE::Core::Private::FormatStringSan::TCheckedFormatStringPrivate<FString::FmtCharType,int,const FString::ElementType *,int>'
C:\Users\iputu\Documents\Wonder Chess\game\Source\WonderChessRuntime\Private\WCMatchHUD.cpp(392,507): note: Conversion requires a second user-defined-conversion operator or constructor
C:\Program Files\Epic Games\UE_5.7\Engine\Source\Runtime\Core\Public\String\FormatStringSan.h(520,1): note: or       'UE::Core::Private::FormatStringSan::TCheckedFormatStringPrivate<FString::FmtCharType,int,const FString::ElementType *,int>::TCheckedFormatStringPrivate(const UE::Core::Private::FormatStringSan::TCheckedFormatStringPrivate<FString::FmtCharType,int,const FString::ElementType *,int> &)'
		};
^
C:\Users\iputu\Documents\Wonder Chess\game\Source\WonderChessRuntime\Private\WCMatchHUD.cpp(392,507): note: 'UE::Core::Private::FormatStringSan::TCheckedFormatStringPrivate<FString::FmtCharType,int,const FString::ElementType *,int>::TCheckedFormatStringPrivate(const UE::Core::Private::FormatStringSan::TCheckedFormatStringPrivate<FString::FmtCharType,int,const FString::ElementType *,int> &)': cannot convert argument 1 from 'const FString::ElementType *' to 'const UE::Core::Private::FormatStringSan::TCheckedFormatStringPrivate<FString::FmtCharType,int,const FString::ElementType *,int> &'
        if(Phase==3){HitBoxMap.Reset();Focusable.Reset();Box(410,200,1090,530,Navy);Text(T(P,TEXT("THE TRIALS CONCLUDE"),TEXT("TURNAMEN SELESAI")),475,235,2,Gold);Text(State->GetBoolField(TEXT("capped"))?T(P,TEXT("Round cap adjudication - shared placements are possible"),TEXT("Batas ronde tercapai - peringkat bersama dapat terjadi")):T(P,TEXT("Final tournament standings"),TEXT("Peringkat akhir turnamen")),475,296,1,Muted);for(int I=0;I<Seats.Num();++I){auto S=Seats[I]->AsObject();Text(FString::Printf(*T(P,TEXT("#%d  %s | %d wins"),TEXT("#%d  %s | %d menang")),int(S->GetNumberField(TEXT("place"))),*S->GetStringField(TEXT("name")),int(S->GetNumberField(TEXT("wins")))),490+(I/4)*485,355+(I%4)*54,1);}Button(TEXT("restart"),Label(TEXT("match.restart")),475,618,430,64,P->AssignedSeat<=0);Button(TEXT("menu"),T(P,TEXT("Return to title"),TEXT("Kembali ke judul")),940,618,475,64);}
                                                                                                                                                                                                                                                                                                                                                                                                                                                                                                                          ^
C:\Users\iputu\Documents\Wonder Chess\game\Source\WonderChessRuntime\Private\WCMatchHUD.cpp(392,507): note: Reason: cannot convert from 'const FString::ElementType *' to 'const UE::Core::Private::FormatStringSan::TCheckedFormatStringPrivate<FString::FmtCharType,int,const FString::ElementType *,int>'
C:\Users\iputu\Documents\Wonder Chess\game\Source\WonderChessRuntime\Private\WCMatchHUD.cpp(392,507): note: Conversion requires a second user-defined-conversion operator or constructor
C:\Program Files\Epic Games\UE_5.7\Engine\Source\Runtime\Core\Public\String\FormatStringSan.h(487,4): note: or       'UE::Core::Private::FormatStringSan::TCheckedFormatStringPrivate<FString::FmtCharType,int,const FString::ElementType *,int>::TCheckedFormatStringPrivate(const CharType (&)[N])'
        with
        [
            CharType=FString::FmtCharType
        ]
			consteval TCheckedFormatStringPrivate(const CharType (&Fmt)[N])
			^
C:\Users\iputu\Documents\Wonder Chess\game\Source\WonderChessRuntime\Private\WCMatchHUD.cpp(392,507): note: while trying to match the argument list '(const FString::ElementType *)'
        if(Phase==3){HitBoxMap.Reset();Focusable.Reset();Box(410,200,1090,530,Navy);Text(T(P,TEXT("THE TRIALS CONCLUDE"),TEXT("TURNAMEN SELESAI")),475,235,2,Gold);Text(State->GetBoolField(TEXT("capped"))?T(P,TEXT("Round cap adjudication - shared placements are possible"),TEXT("Batas ronde tercapai - peringkat bersama dapat terjadi")):T(P,TEXT("Final tournament standings"),TEXT("Peringkat akhir turnamen")),475,296,1,Muted);for(int I=0;I<Seats.Num();++I){auto S=Seats[I]->AsObject();Text(FString::Printf(*T(P,TEXT("#%d  %s | %d wins"),TEXT("#%d  %s | %d menang")),int(S->GetNumberField(TEXT("place"))),*S->GetStringField(TEXT("name")),int(S->GetNumberField(TEXT("wins")))),490+(I/4)*485,355+(I%4)*54,1);}Button(TEXT("restart"),Label(TEXT("match.restart")),475,618,430,64,P->AssignedSeat<=0);Button(TEXT("menu"),T(P,TEXT("Return to title"),TEXT("Kembali ke judul")),940,618,475,64);}
                                                                                                                                                                                                                                                                                                                                                                                                                                                                                                                          ^
C:\Program Files\Epic Games\UE_5.7\Engine\Source\Runtime\Core\Public\Containers\UnrealString.h.inl(1423,39): note: see declaration of 'FString::Printf'
	[[nodiscard]] static UE_STRING_CLASS Printf(UE::Core::TCheckedFormatString<FmtCharType, Types...> Fmt, Types... Args)
	                                     ^
C:\Users\iputu\Documents\Wonder Chess\game\Source\WonderChessRuntime\Private\WCMatchHUD.cpp(392,500): note: while trying to match the argument list '(const FString::ElementType *, int, const FString::ElementType *, int)'
        if(Phase==3){HitBoxMap.Reset();Focusable.Reset();Box(410,200,1090,530,Navy);Text(T(P,TEXT("THE TRIALS CONCLUDE"),TEXT("TURNAMEN SELESAI")),475,235,2,Gold);Text(State->GetBoolField(TEXT("capped"))?T(P,TEXT("Round cap adjudication - shared placements are possible"),TEXT("Batas ronde tercapai - peringkat bersama dapat terjadi")):T(P,TEXT("Final tournament standings"),TEXT("Peringkat akhir turnamen")),475,296,1,Muted);for(int I=0;I<Seats.Num();++I){auto S=Seats[I]->AsObject();Text(FString::Printf(*T(P,TEXT("#%d  %s | %d wins"),TEXT("#%d  %s | %d menang")),int(S->GetNumberField(TEXT("place"))),*S->GetStringField(TEXT("name")),int(S->GetNumberField(TEXT("wins")))),490+(I/4)*485,355+(I%4)*54,1);}Button(TEXT("restart"),Label(TEXT("match.restart")),475,618,430,64,P->AssignedSeat<=0);Button(TEXT("menu"),T(P,TEXT("Return to title"),TEXT("Kembali ke judul")),940,618,475,64);}
                                                                                                                                                                                                                                                                                                                                                                                                                                                                                                                   ^
[6/14] Compile [x64] WCMatchRuntime.cpp
C:\Users\iputu\Documents\Wonder Chess\game\Source\WonderChessRuntime\Private\WCMatchRuntime.cpp(169,358): error C2672: 'UInputComponent::BindKey': no matching overloaded function found
void AWCMatchController::SetupInputComponent() { Super::SetupInputComponent(); InputComponent->BindKey(EKeys::Escape,IE_Pressed,this,&AWCMatchController::Cancel); InputComponent->BindKey(EKeys::RightMouseButton,IE_Pressed,this,&AWCMatchController::Cancel); InputComponent->BindKey(EKeys::SpaceBar,IE_Pressed,this,&AWCMatchController::Ready);InputComponent->BindKey(EKeys::Tab,IE_Pressed).KeyDelegate.GetDelegateForManualSet().BindLambda([this](){if(auto* H=Cast<AWCMatchHUD>(GetHUD()))H->CycleFocus();});InputComponent->BindKey(EKeys::Enter,IE_Pressed).KeyDelegate.GetDelegateForManualSet().BindLambda([this](){if(auto* H=Cast<AWCMatchHUD>(GetHUD()))H->ActivateFocus();});InputComponent->BindKey(EKeys::Left,IE_Pressed).KeyDelegate.GetDelegateForManualSet().BindLambda([this](){if(auto* H=Cast<AWCMatchHUD>(GetHUD()))H->AdjustFocusedVolume(-.1f);});InputComponent->BindKey(EKeys::Right,IE_Pressed).KeyDelegate.GetDelegateForManualSet().BindLambda([this](){if(auto* H=Cast<AWCMatchHUD>(GetHUD()))H->AdjustFocusedVolume(.1f);}); }
                                                                                                                                                                                                                                                                                                                                                                     ^
C:\Program Files\Epic Games\UE_5.7\Engine\Source\Runtime\Engine\Classes\Components\InputComponent.h(1030,20): note: could be 'FInputKeyBinding &UInputComponent::BindKey(const FKey,const EInputEvent,UserClass *,TMemFunPtrType<false,UserClass,void(FKey)>::Type)'
	FInputKeyBinding& BindKey(const FKey Key, const EInputEvent KeyEvent, UserClass* Object, typename FInputActionHandlerWithKeySignature::TMethodPtr<UserClass> Func)
	                  ^
C:\Users\iputu\Documents\Wonder Chess\game\Source\WonderChessRuntime\Private\WCMatchRuntime.cpp(169,358): note: 'FInputKeyBinding &UInputComponent::BindKey(const FKey,const EInputEvent,UserClass *,TMemFunPtrType<false,UserClass,void(FKey)>::Type)': expects 4 arguments - 2 provided
void AWCMatchController::SetupInputComponent() { Super::SetupInputComponent(); InputComponent->BindKey(EKeys::Escape,IE_Pressed,this,&AWCMatchController::Cancel); InputComponent->BindKey(EKeys::RightMouseButton,IE_Pressed,this,&AWCMatchController::Cancel); InputComponent->BindKey(EKeys::SpaceBar,IE_Pressed,this,&AWCMatchController::Ready);InputComponent->BindKey(EKeys::Tab,IE_Pressed).KeyDelegate.GetDelegateForManualSet().BindLambda([this](){if(auto* H=Cast<AWCMatchHUD>(GetHUD()))H->CycleFocus();});InputComponent->BindKey(EKeys::Enter,IE_Pressed).KeyDelegate.GetDelegateForManualSet().BindLambda([this](){if(auto* H=Cast<AWCMatchHUD>(GetHUD()))H->ActivateFocus();});InputComponent->BindKey(EKeys::Left,IE_Pressed).KeyDelegate.GetDelegateForManualSet().BindLambda([this](){if(auto* H=Cast<AWCMatchHUD>(GetHUD()))H->AdjustFocusedVolume(-.1f);});InputComponent->BindKey(EKeys::Right,IE_Pressed).KeyDelegate.GetDelegateForManualSet().BindLambda([this](){if(auto* H=Cast<AWCMatchHUD>(GetHUD()))H->AdjustFocusedVolume(.1f);}); }
                                                                                                                                                                                                                                                                                                                                                                     ^
C:\Program Files\Epic Games\UE_5.7\Engine\Source\Runtime\Engine\Classes\Components\InputComponent.h(1020,20): note: or       'FInputKeyBinding &UInputComponent::BindKey(const FKey,const EInputEvent,UserClass *,TMemFunPtrType<false,UserClass,void(void)>::Type)'
	FInputKeyBinding& BindKey( const FKey Key, const EInputEvent KeyEvent, UserClass* Object, typename FInputActionHandlerSignature::TMethodPtr< UserClass > Func )
	                  ^
C:\Users\iputu\Documents\Wonder Chess\game\Source\WonderChessRuntime\Private\WCMatchRuntime.cpp(169,358): note: 'FInputKeyBinding &UInputComponent::BindKey(const FKey,const EInputEvent,UserClass *,TMemFunPtrType<false,UserClass,void(void)>::Type)': expects 4 arguments - 2 provided
void AWCMatchController::SetupInputComponent() { Super::SetupInputComponent(); InputComponent->BindKey(EKeys::Escape,IE_Pressed,this,&AWCMatchController::Cancel); InputComponent->BindKey(EKeys::RightMouseButton,IE_Pressed,this,&AWCMatchController::Cancel); InputComponent->BindKey(EKeys::SpaceBar,IE_Pressed,this,&AWCMatchController::Ready);InputComponent->BindKey(EKeys::Tab,IE_Pressed).KeyDelegate.GetDelegateForManualSet().BindLambda([this](){if(auto* H=Cast<AWCMatchHUD>(GetHUD()))H->CycleFocus();});InputComponent->BindKey(EKeys::Enter,IE_Pressed).KeyDelegate.GetDelegateForManualSet().BindLambda([this](){if(auto* H=Cast<AWCMatchHUD>(GetHUD()))H->ActivateFocus();});InputComponent->BindKey(EKeys::Left,IE_Pressed).KeyDelegate.GetDelegateForManualSet().BindLambda([this](){if(auto* H=Cast<AWCMatchHUD>(GetHUD()))H->AdjustFocusedVolume(-.1f);});InputComponent->BindKey(EKeys::Right,IE_Pressed).KeyDelegate.GetDelegateForManualSet().BindLambda([this](){if(auto* H=Cast<AWCMatchHUD>(GetHUD()))H->AdjustFocusedVolume(.1f);}); }
                                                                                                                                                                                                                                                                                                                                                                     ^
C:\Program Files\Epic Games\UE_5.7\Engine\Source\Runtime\Engine\Classes\Components\InputComponent.h(1007,20): note: or       'FInputKeyBinding &UInputComponent::BindKey(const FInputChord,const EInputEvent,UserClass *,TMemFunPtrType<false,UserClass,void(void)>::Type)'
	FInputKeyBinding& BindKey( const FInputChord Chord, const EInputEvent KeyEvent, UserClass* Object, typename FInputActionHandlerSignature::TMethodPtr< UserClass > Func )
	                  ^
C:\Users\iputu\Documents\Wonder Chess\game\Source\WonderChessRuntime\Private\WCMatchRuntime.cpp(169,358): note: 'FInputKeyBinding &UInputComponent::BindKey(const FInputChord,const EInputEvent,UserClass *,TMemFunPtrType<false,UserClass,void(void)>::Type)': expects 4 arguments - 2 provided
void AWCMatchController::SetupInputComponent() { Super::SetupInputComponent(); InputComponent->BindKey(EKeys::Escape,IE_Pressed,this,&AWCMatchController::Cancel); InputComponent->BindKey(EKeys::RightMouseButton,IE_Pressed,this,&AWCMatchController::Cancel); InputComponent->BindKey(EKeys::SpaceBar,IE_Pressed,this,&AWCMatchController::Ready);InputComponent->BindKey(EKeys::Tab,IE_Pressed).KeyDelegate.GetDelegateForManualSet().BindLambda([this](){if(auto* H=Cast<AWCMatchHUD>(GetHUD()))H->CycleFocus();});InputComponent->BindKey(EKeys::Enter,IE_Pressed).KeyDelegate.GetDelegateForManualSet().BindLambda([this](){if(auto* H=Cast<AWCMatchHUD>(GetHUD()))H->ActivateFocus();});InputComponent->BindKey(EKeys::Left,IE_Pressed).KeyDelegate.GetDelegateForManualSet().BindLambda([this](){if(auto* H=Cast<AWCMatchHUD>(GetHUD()))H->AdjustFocusedVolume(-.1f);});InputComponent->BindKey(EKeys::Right,IE_Pressed).KeyDelegate.GetDelegateForManualSet().BindLambda([this](){if(auto* H=Cast<AWCMatchHUD>(GetHUD()))H->AdjustFocusedVolume(.1f);}); }
                                                                                                                                                                                                                                                                                                                                                                     ^
C:\Users\iputu\Documents\Wonder Chess\game\Source\WonderChessRuntime\Private\WCMatchRuntime.cpp(169,521): error C2672: 'UInputComponent::BindKey': no matching overloaded function found
void AWCMatchController::SetupInputComponent() { Super::SetupInputComponent(); InputComponent->BindKey(EKeys::Escape,IE_Pressed,this,&AWCMatchController::Cancel); InputComponent->BindKey(EKeys::RightMouseButton,IE_Pressed,this,&AWCMatchController::Cancel); InputComponent->BindKey(EKeys::SpaceBar,IE_Pressed,this,&AWCMatchController::Ready);InputComponent->BindKey(EKeys::Tab,IE_Pressed).KeyDelegate.GetDelegateForManualSet().BindLambda([this](){if(auto* H=Cast<AWCMatchHUD>(GetHUD()))H->CycleFocus();});InputComponent->BindKey(EKeys::Enter,IE_Pressed).KeyDelegate.GetDelegateForManualSet().BindLambda([this](){if(auto* H=Cast<AWCMatchHUD>(GetHUD()))H->ActivateFocus();});InputComponent->BindKey(EKeys::Left,IE_Pressed).KeyDelegate.GetDelegateForManualSet().BindLambda([this](){if(auto* H=Cast<AWCMatchHUD>(GetHUD()))H->AdjustFocusedVolume(-.1f);});InputComponent->BindKey(EKeys::Right,IE_Pressed).KeyDelegate.GetDelegateForManualSet().BindLambda([this](){if(auto* H=Cast<AWCMatchHUD>(GetHUD()))H->AdjustFocusedVolume(.1f);}); }
                                                                                                                                                                                                                                                                                                                                                                                                                                                                                                                                        ^
C:\Program Files\Epic Games\UE_5.7\Engine\Source\Runtime\Engine\Classes\Components\InputComponent.h(1030,20): note: could be 'FInputKeyBinding &UInputComponent::BindKey(const FKey,const EInputEvent,UserClass *,TMemFunPtrType<false,UserClass,void(FKey)>::Type)'
	FInputKeyBinding& BindKey(const FKey Key, const EInputEvent KeyEvent, UserClass* Object, typename FInputActionHandlerWithKeySignature::TMethodPtr<UserClass> Func)
	                  ^
C:\Users\iputu\Documents\Wonder Chess\game\Source\WonderChessRuntime\Private\WCMatchRuntime.cpp(169,521): note: 'FInputKeyBinding &UInputComponent::BindKey(const FKey,const EInputEvent,UserClass *,TMemFunPtrType<false,UserClass,void(FKey)>::Type)': expects 4 arguments - 2 provided
void AWCMatchController::SetupInputComponent() { Super::SetupInputComponent(); InputComponent->BindKey(EKeys::Escape,IE_Pressed,this,&AWCMatchController::Cancel); InputComponent->BindKey(EKeys::RightMouseButton,IE_Pressed,this,&AWCMatchController::Cancel); InputComponent->BindKey(EKeys::SpaceBar,IE_Pressed,this,&AWCMatchController::Ready);InputComponent->BindKey(EKeys::Tab,IE_Pressed).KeyDelegate.GetDelegateForManualSet().BindLambda([this](){if(auto* H=Cast<AWCMatchHUD>(GetHUD()))H->CycleFocus();});InputComponent->BindKey(EKeys::Enter,IE_Pressed).KeyDelegate.GetDelegateForManualSet().BindLambda([this](){if(auto* H=Cast<AWCMatchHUD>(GetHUD()))H->ActivateFocus();});InputComponent->BindKey(EKeys::Left,IE_Pressed).KeyDelegate.GetDelegateForManualSet().BindLambda([this](){if(auto* H=Cast<AWCMatchHUD>(GetHUD()))H->AdjustFocusedVolume(-.1f);});InputComponent->BindKey(EKeys::Right,IE_Pressed).KeyDelegate.GetDelegateForManualSet().BindLambda([this](){if(auto* H=Cast<AWCMatchHUD>(GetHUD()))H->AdjustFocusedVolume(.1f);}); }
                                                                                                                                                                                                                                                                                                                                                                                                                                                                                                                                        ^
C:\Program Files\Epic Games\UE_5.7\Engine\Source\Runtime\Engine\Classes\Components\InputComponent.h(1020,20): note: or       'FInputKeyBinding &UInputComponent::BindKey(const FKey,const EInputEvent,UserClass *,TMemFunPtrType<false,UserClass,void(void)>::Type)'
	FInputKeyBinding& BindKey( const FKey Key, const EInputEvent KeyEvent, UserClass* Object, typename FInputActionHandlerSignature::TMethodPtr< UserClass > Func )
	                  ^
C:\Users\iputu\Documents\Wonder Chess\game\Source\WonderChessRuntime\Private\WCMatchRuntime.cpp(169,521): note: 'FInputKeyBinding &UInputComponent::BindKey(const FKey,const EInputEvent,UserClass *,TMemFunPtrType<false,UserClass,void(void)>::Type)': expects 4 arguments - 2 provided
void AWCMatchController::SetupInputComponent() { Super::SetupInputComponent(); InputComponent->BindKey(EKeys::Escape,IE_Pressed,this,&AWCMatchController::Cancel); InputComponent->BindKey(EKeys::RightMouseButton,IE_Pressed,this,&AWCMatchController::Cancel); InputComponent->BindKey(EKeys::SpaceBar,IE_Pressed,this,&AWCMatchController::Ready);InputComponent->BindKey(EKeys::Tab,IE_Pressed).KeyDelegate.GetDelegateForManualSet().BindLambda([this](){if(auto* H=Cast<AWCMatchHUD>(GetHUD()))H->CycleFocus();});InputComponent->BindKey(EKeys::Enter,IE_Pressed).KeyDelegate.GetDelegateForManualSet().BindLambda([this](){if(auto* H=Cast<AWCMatchHUD>(GetHUD()))H->ActivateFocus();});InputComponent->BindKey(EKeys::Left,IE_Pressed).KeyDelegate.GetDelegateForManualSet().BindLambda([this](){if(auto* H=Cast<AWCMatchHUD>(GetHUD()))H->AdjustFocusedVolume(-.1f);});InputComponent->BindKey(EKeys::Right,IE_Pressed).KeyDelegate.GetDelegateForManualSet().BindLambda([this](){if(auto* H=Cast<AWCMatchHUD>(GetHUD()))H->AdjustFocusedVolume(.1f);}); }
                                                                                                                                                                                                                                                                                                                                                                                                                                                                                                                                        ^
C:\Program Files\Epic Games\UE_5.7\Engine\Source\Runtime\Engine\Classes\Components\InputComponent.h(1007,20): note: or       'FInputKeyBinding &UInputComponent::BindKey(const FInputChord,const EInputEvent,UserClass *,TMemFunPtrType<false,UserClass,void(void)>::Type)'
	FInputKeyBinding& BindKey( const FInputChord Chord, const EInputEvent KeyEvent, UserClass* Object, typename FInputActionHandlerSignature::TMethodPtr< UserClass > Func )
	                  ^
C:\Users\iputu\Documents\Wonder Chess\game\Source\WonderChessRuntime\Private\WCMatchRuntime.cpp(169,521): note: 'FInputKeyBinding &UInputComponent::BindKey(const FInputChord,const EInputEvent,UserClass *,TMemFunPtrType<false,UserClass,void(void)>::Type)': expects 4 arguments - 2 provided
void AWCMatchController::SetupInputComponent() { Super::SetupInputComponent(); InputComponent->BindKey(EKeys::Escape,IE_Pressed,this,&AWCMatchController::Cancel); InputComponent->BindKey(EKeys::RightMouseButton,IE_Pressed,this,&AWCMatchController::Cancel); InputComponent->BindKey(EKeys::SpaceBar,IE_Pressed,this,&AWCMatchController::Ready);InputComponent->BindKey(EKeys::Tab,IE_Pressed).KeyDelegate.GetDelegateForManualSet().BindLambda([this](){if(auto* H=Cast<AWCMatchHUD>(GetHUD()))H->CycleFocus();});InputComponent->BindKey(EKeys::Enter,IE_Pressed).KeyDelegate.GetDelegateForManualSet().BindLambda([this](){if(auto* H=Cast<AWCMatchHUD>(GetHUD()))H->ActivateFocus();});InputComponent->BindKey(EKeys::Left,IE_Pressed).KeyDelegate.GetDelegateForManualSet().BindLambda([this](){if(auto* H=Cast<AWCMatchHUD>(GetHUD()))H->AdjustFocusedVolume(-.1f);});InputComponent->BindKey(EKeys::Right,IE_Pressed).KeyDelegate.GetDelegateForManualSet().BindLambda([this](){if(auto* H=Cast<AWCMatchHUD>(GetHUD()))H->AdjustFocusedVolume(.1f);}); }
                                                                                                                                                                                                                                                                                                                                                                                                                                                                                                                                        ^
C:\Users\iputu\Documents\Wonder Chess\game\Source\WonderChessRuntime\Private\WCMatchRuntime.cpp(169,689): error C2672: 'UInputComponent::BindKey': no matching overloaded function found
void AWCMatchController::SetupInputComponent() { Super::SetupInputComponent(); InputComponent->BindKey(EKeys::Escape,IE_Pressed,this,&AWCMatchController::Cancel); InputComponent->BindKey(EKeys::RightMouseButton,IE_Pressed,this,&AWCMatchController::Cancel); InputComponent->BindKey(EKeys::SpaceBar,IE_Pressed,this,&AWCMatchController::Ready);InputComponent->BindKey(EKeys::Tab,IE_Pressed).KeyDelegate.GetDelegateForManualSet().BindLambda([this](){if(auto* H=Cast<AWCMatchHUD>(GetHUD()))H->CycleFocus();});InputComponent->BindKey(EKeys::Enter,IE_Pressed).KeyDelegate.GetDelegateForManualSet().BindLambda([this](){if(auto* H=Cast<AWCMatchHUD>(GetHUD()))H->ActivateFocus();});InputComponent->BindKey(EKeys::Left,IE_Pressed).KeyDelegate.GetDelegateForManualSet().BindLambda([this](){if(auto* H=Cast<AWCMatchHUD>(GetHUD()))H->AdjustFocusedVolume(-.1f);});InputComponent->BindKey(EKeys::Right,IE_Pressed).KeyDelegate.GetDelegateForManualSet().BindLambda([this](){if(auto* H=Cast<AWCMatchHUD>(GetHUD()))H->AdjustFocusedVolume(.1f);}); }
                                                                                                                                                                                                                                                                                                                                                                                                                                                                                                                                                                                                                                                                                                                ^
C:\Program Files\Epic Games\UE_5.7\Engine\Source\Runtime\Engine\Classes\Components\InputComponent.h(1030,20): note: could be 'FInputKeyBinding &UInputComponent::BindKey(const FKey,const EInputEvent,UserClass *,TMemFunPtrType<false,UserClass,void(FKey)>::Type)'
	FInputKeyBinding& BindKey(const FKey Key, const EInputEvent KeyEvent, UserClass* Object, typename FInputActionHandlerWithKeySignature::TMethodPtr<UserClass> Func)
	                  ^
C:\Users\iputu\Documents\Wonder Chess\game\Source\WonderChessRuntime\Private\WCMatchRuntime.cpp(169,689): note: 'FInputKeyBinding &UInputComponent::BindKey(const FKey,const EInputEvent,UserClass *,TMemFunPtrType<false,UserClass,void(FKey)>::Type)': expects 4 arguments - 2 provided
void AWCMatchController::SetupInputComponent() { Super::SetupInputComponent(); InputComponent->BindKey(EKeys::Escape,IE_Pressed,this,&AWCMatchController::Cancel); InputComponent->BindKey(EKeys::RightMouseButton,IE_Pressed,this,&AWCMatchController::Cancel); InputComponent->BindKey(EKeys::SpaceBar,IE_Pressed,this,&AWCMatchController::Ready);InputComponent->BindKey(EKeys::Tab,IE_Pressed).KeyDelegate.GetDelegateForManualSet().BindLambda([this](){if(auto* H=Cast<AWCMatchHUD>(GetHUD()))H->CycleFocus();});InputComponent->BindKey(EKeys::Enter,IE_Pressed).KeyDelegate.GetDelegateForManualSet().BindLambda([this](){if(auto* H=Cast<AWCMatchHUD>(GetHUD()))H->ActivateFocus();});InputComponent->BindKey(EKeys::Left,IE_Pressed).KeyDelegate.GetDelegateForManualSet().BindLambda([this](){if(auto* H=Cast<AWCMatchHUD>(GetHUD()))H->AdjustFocusedVolume(-.1f);});InputComponent->BindKey(EKeys::Right,IE_Pressed).KeyDelegate.GetDelegateForManualSet().BindLambda([this](){if(auto* H=Cast<AWCMatchHUD>(GetHUD()))H->AdjustFocusedVolume(.1f);}); }
                                                                                                                                                                                                                                                                                                                                                                                                                                                                                                                                                                                                                                                                                                                ^
C:\Program Files\Epic Games\UE_5.7\Engine\Source\Runtime\Engine\Classes\Components\InputComponent.h(1020,20): note: or       'FInputKeyBinding &UInputComponent::BindKey(const FKey,const EInputEvent,UserClass *,TMemFunPtrType<false,UserClass,void(void)>::Type)'
	FInputKeyBinding& BindKey( const FKey Key, const EInputEvent KeyEvent, UserClass* Object, typename FInputActionHandlerSignature::TMethodPtr< UserClass > Func )
	                  ^
C:\Users\iputu\Documents\Wonder Chess\game\Source\WonderChessRuntime\Private\WCMatchRuntime.cpp(169,689): note: 'FInputKeyBinding &UInputComponent::BindKey(const FKey,const EInputEvent,UserClass *,TMemFunPtrType<false,UserClass,void(void)>::Type)': expects 4 arguments - 2 provided
void AWCMatchController::SetupInputComponent() { Super::SetupInputComponent(); InputComponent->BindKey(EKeys::Escape,IE_Pressed,this,&AWCMatchController::Cancel); InputComponent->BindKey(EKeys::RightMouseButton,IE_Pressed,this,&AWCMatchController::Cancel); InputComponent->BindKey(EKeys::SpaceBar,IE_Pressed,this,&AWCMatchController::Ready);InputComponent->BindKey(EKeys::Tab,IE_Pressed).KeyDelegate.GetDelegateForManualSet().BindLambda([this](){if(auto* H=Cast<AWCMatchHUD>(GetHUD()))H->CycleFocus();});InputComponent->BindKey(EKeys::Enter,IE_Pressed).KeyDelegate.GetDelegateForManualSet().BindLambda([this](){if(auto* H=Cast<AWCMatchHUD>(GetHUD()))H->ActivateFocus();});InputComponent->BindKey(EKeys::Left,IE_Pressed).KeyDelegate.GetDelegateForManualSet().BindLambda([this](){if(auto* H=Cast<AWCMatchHUD>(GetHUD()))H->AdjustFocusedVolume(-.1f);});InputComponent->BindKey(EKeys::Right,IE_Pressed).KeyDelegate.GetDelegateForManualSet().BindLambda([this](){if(auto* H=Cast<AWCMatchHUD>(GetHUD()))H->AdjustFocusedVolume(.1f);}); }
                                                                                                                                                                                                                                                                                                                                                                                                                                                                                                                                                                                                                                                                                                                ^
C:\Program Files\Epic Games\UE_5.7\Engine\Source\Runtime\Engine\Classes\Components\InputComponent.h(1007,20): note: or       'FInputKeyBinding &UInputComponent::BindKey(const FInputChord,const EInputEvent,UserClass *,TMemFunPtrType<false,UserClass,void(void)>::Type)'
	FInputKeyBinding& BindKey( const FInputChord Chord, const EInputEvent KeyEvent, UserClass* Object, typename FInputActionHandlerSignature::TMethodPtr< UserClass > Func )
	                  ^
C:\Users\iputu\Documents\Wonder Chess\game\Source\WonderChessRuntime\Private\WCMatchRuntime.cpp(169,689): note: 'FInputKeyBinding &UInputComponent::BindKey(const FInputChord,const EInputEvent,UserClass *,TMemFunPtrType<false,UserClass,void(void)>::Type)': expects 4 arguments - 2 provided
void AWCMatchController::SetupInputComponent() { Super::SetupInputComponent(); InputComponent->BindKey(EKeys::Escape,IE_Pressed,this,&AWCMatchController::Cancel); InputComponent->BindKey(EKeys::RightMouseButton,IE_Pressed,this,&AWCMatchController::Cancel); InputComponent->BindKey(EKeys::SpaceBar,IE_Pressed,this,&AWCMatchController::Ready);InputComponent->BindKey(EKeys::Tab,IE_Pressed).KeyDelegate.GetDelegateForManualSet().BindLambda([this](){if(auto* H=Cast<AWCMatchHUD>(GetHUD()))H->CycleFocus();});InputComponent->BindKey(EKeys::Enter,IE_Pressed).KeyDelegate.GetDelegateForManualSet().BindLambda([this](){if(auto* H=Cast<AWCMatchHUD>(GetHUD()))H->ActivateFocus();});InputComponent->BindKey(EKeys::Left,IE_Pressed).KeyDelegate.GetDelegateForManualSet().BindLambda([this](){if(auto* H=Cast<AWCMatchHUD>(GetHUD()))H->AdjustFocusedVolume(-.1f);});InputComponent->BindKey(EKeys::Right,IE_Pressed).KeyDelegate.GetDelegateForManualSet().BindLambda([this](){if(auto* H=Cast<AWCMatchHUD>(GetHUD()))H->AdjustFocusedVolume(.1f);}); }
                                                                                                                                                                                                                                                                                                                                                                                                                                                                                                                                                                                                                                                                                                                ^
C:\Users\iputu\Documents\Wonder Chess\game\Source\WonderChessRuntime\Private\WCMatchRuntime.cpp(169,866): error C2672: 'UInputComponent::BindKey': no matching overloaded function found
void AWCMatchController::SetupInputComponent() { Super::SetupInputComponent(); InputComponent->BindKey(EKeys::Escape,IE_Pressed,this,&AWCMatchController::Cancel); InputComponent->BindKey(EKeys::RightMouseButton,IE_Pressed,this,&AWCMatchController::Cancel); InputComponent->BindKey(EKeys::SpaceBar,IE_Pressed,this,&AWCMatchController::Ready);InputComponent->BindKey(EKeys::Tab,IE_Pressed).KeyDelegate.GetDelegateForManualSet().BindLambda([this](){if(auto* H=Cast<AWCMatchHUD>(GetHUD()))H->CycleFocus();});InputComponent->BindKey(EKeys::Enter,IE_Pressed).KeyDelegate.GetDelegateForManualSet().BindLambda([this](){if(auto* H=Cast<AWCMatchHUD>(GetHUD()))H->ActivateFocus();});InputComponent->BindKey(EKeys::Left,IE_Pressed).KeyDelegate.GetDelegateForManualSet().BindLambda([this](){if(auto* H=Cast<AWCMatchHUD>(GetHUD()))H->AdjustFocusedVolume(-.1f);});InputComponent->BindKey(EKeys::Right,IE_Pressed).KeyDelegate.GetDelegateForManualSet().BindLambda([this](){if(auto* H=Cast<AWCMatchHUD>(GetHUD()))H->AdjustFocusedVolume(.1f);}); }
                                                                                                                                                                                                                                                                                                                                                                                                                                                                                                                                                                                                                                                                                                                                                                                                                                                                                                 ^
C:\Program Files\Epic Games\UE_5.7\Engine\Source\Runtime\Engine\Classes\Components\InputComponent.h(1030,20): note: could be 'FInputKeyBinding &UInputComponent::BindKey(const FKey,const EInputEvent,UserClass *,TMemFunPtrType<false,UserClass,void(FKey)>::Type)'
	FInputKeyBinding& BindKey(const FKey Key, const EInputEvent KeyEvent, UserClass* Object, typename FInputActionHandlerWithKeySignature::TMethodPtr<UserClass> Func)
	                  ^
C:\Users\iputu\Documents\Wonder Chess\game\Source\WonderChessRuntime\Private\WCMatchRuntime.cpp(169,866): note: 'FInputKeyBinding &UInputComponent::BindKey(const FKey,const EInputEvent,UserClass *,TMemFunPtrType<false,UserClass,void(FKey)>::Type)': expects 4 arguments - 2 provided
void AWCMatchController::SetupInputComponent() { Super::SetupInputComponent(); InputComponent->BindKey(EKeys::Escape,IE_Pressed,this,&AWCMatchController::Cancel); InputComponent->BindKey(EKeys::RightMouseButton,IE_Pressed,this,&AWCMatchController::Cancel); InputComponent->BindKey(EKeys::SpaceBar,IE_Pressed,this,&AWCMatchController::Ready);InputComponent->BindKey(EKeys::Tab,IE_Pressed).KeyDelegate.GetDelegateForManualSet().BindLambda([this](){if(auto* H=Cast<AWCMatchHUD>(GetHUD()))H->CycleFocus();});InputComponent->BindKey(EKeys::Enter,IE_Pressed).KeyDelegate.GetDelegateForManualSet().BindLambda([this](){if(auto* H=Cast<AWCMatchHUD>(GetHUD()))H->ActivateFocus();});InputComponent->BindKey(EKeys::Left,IE_Pressed).KeyDelegate.GetDelegateForManualSet().BindLambda([this](){if(auto* H=Cast<AWCMatchHUD>(GetHUD()))H->AdjustFocusedVolume(-.1f);});InputComponent->BindKey(EKeys::Right,IE_Pressed).KeyDelegate.GetDelegateForManualSet().BindLambda([this](){if(auto* H=Cast<AWCMatchHUD>(GetHUD()))H->AdjustFocusedVolume(.1f);}); }
                                                                                                                                                                                                                                                                                                                                                                                                                                                                                                                                                                                                                                                                                                                                                                                                                                                                                                 ^
C:\Program Files\Epic Games\UE_5.7\Engine\Source\Runtime\Engine\Classes\Components\InputComponent.h(1020,20): note: or       'FInputKeyBinding &UInputComponent::BindKey(const FKey,const EInputEvent,UserClass *,TMemFunPtrType<false,UserClass,void(void)>::Type)'
	FInputKeyBinding& BindKey( const FKey Key, const EInputEvent KeyEvent, UserClass* Object, typename FInputActionHandlerSignature::TMethodPtr< UserClass > Func )
	                  ^
C:\Users\iputu\Documents\Wonder Chess\game\Source\WonderChessRuntime\Private\WCMatchRuntime.cpp(169,866): note: 'FInputKeyBinding &UInputComponent::BindKey(const FKey,const EInputEvent,UserClass *,TMemFunPtrType<false,UserClass,void(void)>::Type)': expects 4 arguments - 2 provided
void AWCMatchController::SetupInputComponent() { Super::SetupInputComponent(); InputComponent->BindKey(EKeys::Escape,IE_Pressed,this,&AWCMatchController::Cancel); InputComponent->BindKey(EKeys::RightMouseButton,IE_Pressed,this,&AWCMatchController::Cancel); InputComponent->BindKey(EKeys::SpaceBar,IE_Pressed,this,&AWCMatchController::Ready);InputComponent->BindKey(EKeys::Tab,IE_Pressed).KeyDelegate.GetDelegateForManualSet().BindLambda([this](){if(auto* H=Cast<AWCMatchHUD>(GetHUD()))H->CycleFocus();});InputComponent->BindKey(EKeys::Enter,IE_Pressed).KeyDelegate.GetDelegateForManualSet().BindLambda([this](){if(auto* H=Cast<AWCMatchHUD>(GetHUD()))H->ActivateFocus();});InputComponent->BindKey(EKeys::Left,IE_Pressed).KeyDelegate.GetDelegateForManualSet().BindLambda([this](){if(auto* H=Cast<AWCMatchHUD>(GetHUD()))H->AdjustFocusedVolume(-.1f);});InputComponent->BindKey(EKeys::Right,IE_Pressed).KeyDelegate.GetDelegateForManualSet().BindLambda([this](){if(auto* H=Cast<AWCMatchHUD>(GetHUD()))H->AdjustFocusedVolume(.1f);}); }
                                                                                                                                                                                                                                                                                                                                                                                                                                                                                                                                                                                                                                                                                                                                                                                                                                                                                                 ^
C:\Program Files\Epic Games\UE_5.7\Engine\Source\Runtime\Engine\Classes\Components\InputComponent.h(1007,20): note: or       'FInputKeyBinding &UInputComponent::BindKey(const FInputChord,const EInputEvent,UserClass *,TMemFunPtrType<false,UserClass,void(void)>::Type)'
	FInputKeyBinding& BindKey( const FInputChord Chord, const EInputEvent KeyEvent, UserClass* Object, typename FInputActionHandlerSignature::TMethodPtr< UserClass > Func )
	                  ^
C:\Users\iputu\Documents\Wonder Chess\game\Source\WonderChessRuntime\Private\WCMatchRuntime.cpp(169,866): note: 'FInputKeyBinding &UInputComponent::BindKey(const FInputChord,const EInputEvent,UserClass *,TMemFunPtrType<false,UserClass,void(void)>::Type)': expects 4 arguments - 2 provided
void AWCMatchController::SetupInputComponent() { Super::SetupInputComponent(); InputComponent->BindKey(EKeys::Escape,IE_Pressed,this,&AWCMatchController::Cancel); InputComponent->BindKey(EKeys::RightMouseButton,IE_Pressed,this,&AWCMatchController::Cancel); InputComponent->BindKey(EKeys::SpaceBar,IE_Pressed,this,&AWCMatchController::Ready);InputComponent->BindKey(EKeys::Tab,IE_Pressed).KeyDelegate.GetDelegateForManualSet().BindLambda([this](){if(auto* H=Cast<AWCMatchHUD>(GetHUD()))H->CycleFocus();});InputComponent->BindKey(EKeys::Enter,IE_Pressed).KeyDelegate.GetDelegateForManualSet().BindLambda([this](){if(auto* H=Cast<AWCMatchHUD>(GetHUD()))H->ActivateFocus();});InputComponent->BindKey(EKeys::Left,IE_Pressed).KeyDelegate.GetDelegateForManualSet().BindLambda([this](){if(auto* H=Cast<AWCMatchHUD>(GetHUD()))H->AdjustFocusedVolume(-.1f);});InputComponent->BindKey(EKeys::Right,IE_Pressed).KeyDelegate.GetDelegateForManualSet().BindLambda([this](){if(auto* H=Cast<AWCMatchHUD>(GetHUD()))H->AdjustFocusedVolume(.1f);}); }
                                                                                                                                                                                                                                                                                                                                                                                                                                                                                                                                                                                                                                                                                                                                                                                                                                                                                                 ^
[7/14] Compile [x64] WCNetworkSession.cpp
[8/14] Compile [x64] WCVerification.cpp
[9/14] Compile [x64] WonderSimulation.cpp
[10/14] Compile [x64] WonderSimulationTests.cpp
[11/14] Compile [x64] WonderTournament.cpp
Trace written to file C:/Users/iputu/AppData/Local/UnrealBuildTool/Log.uba with size 62.9kb
Total time in Unreal Build Accelerator local executor: 65.91 seconds

Result: Failed (OtherCompilationError)
Total execution time: 87.58 seconds
