warning: in the working copy of 'reports/WC-300/create-maps-retry.log', LF will be replaced by CRLF the next time Git touches it
warning: in the working copy of 'reports/WC-300/create-maps.log', LF will be replaced by CRLF the next time Git touches it
warning: in the working copy of 'reports/WC-300/data-table-import-first.log', LF will be replaced by CRLF the next time Git touches it
warning: in the working copy of 'reports/WC-300/data-table-import-path-retry.log', LF will be replaced by CRLF the next time Git touches it
warning: in the working copy of 'reports/WC-300/environment-native.json', LF will be replaced by CRLF the next time Git touches it
warning: in the working copy of 'reports/WC-300/launch-evidence.md', LF will be replaced by CRLF the next time Git touches it
warning: in the working copy of 'reports/WC-300/minimal-launch.log', LF will be replaced by CRLF the next time Git touches it
warning: in the working copy of 'reports/WC-310/engine-automation.log', LF will be replaced by CRLF the next time Git touches it
warning: in the working copy of 'reports/WC-310/runtime/RUNTIME_IMPLEMENTATION.md', LF will be replaced by CRLF the next time Git touches it
warning: in the working copy of 'reports/WC-310/runtime/adapter-review.md', LF will be replaced by CRLF the next time Git touches it
warning: in the working copy of 'reports/WC-310/runtime/engine-rounds.csv', LF will be replaced by CRLF the next time Git touches it
warning: in the working copy of 'reports/WC-310/runtime/engine-tournaments.csv', LF will be replaced by CRLF the next time Git touches it
warning: in the working copy of 'reports/WC-310/runtime/first-ui-observation.md', LF will be replaced by CRLF the next time Git touches it
warning: in the working copy of 'reports/WC-310/runtime/packaged-regression-recorder.md', LF will be replaced by CRLF the next time Git touches it
warning: in the working copy of 'reports/WC-310/runtime/packaged-verification-commands.md', LF will be replaced by CRLF the next time Git touches it
warning: in the working copy of 'reports/WC-310/runtime/post-retained-recap/compile.cmd', LF will be replaced by CRLF the next time Git touches it
warning: in the working copy of 'reports/WC-310/runtime/targeted-native-initial/analyze_targeted_combat.py', LF will be replaced by CRLF the next time Git touches it
warning: in the working copy of 'reports/WC-310/runtime/targeted-native-initial/build/compile.cmd', LF will be replaced by CRLF the next time Git touches it
warning: in the working copy of 'reports/WC-310/runtime/targeted-native-initial/targeted_combat_tests.cpp', LF will be replaced by CRLF the next time Git touches it
warning: in the working copy of 'reports/WC-310/runtime/targeted-native/build/compile.cmd', LF will be replaced by CRLF the next time Git touches it
warning: in the working copy of 'reports/WC-310/runtime/trait-native/build/compile.cmd', LF will be replaced by CRLF the next time Git touches it
warning: in the working copy of 'reports/WC-310/runtime/verification-handoff.md', LF will be replaced by CRLF the next time Git touches it
warning: in the working copy of 'reports/WC-330/84-clip-review.md', LF will be replaced by CRLF the next time Git touches it
warning: in the working copy of 'reports/WC-330/ART_EXECUTION.md', LF will be replaced by CRLF the next time Git touches it
warning: in the working copy of 'reports/WC-330/ada-costume-roundtrip/README.md', LF will be replaced by CRLF the next time Git touches it
warning: in the working copy of 'reports/WC-330/ada-costume-roundtrip/render_costume_preview.py', LF will be replaced by CRLF the next time Git touches it
warning: in the working copy of 'reports/WC-330/ada-costume-roundtrip/run_v1-import-editor.log', LF will be replaced by CRLF the next time Git touches it
warning: in the working copy of 'reports/WC-330/ada-costume-roundtrip/run_v2-cold-editor.log', LF will be replaced by CRLF the next time Git touches it
warning: in the working copy of 'reports/WC-330/ada-costume-roundtrip/run_v2-import-editor.log', LF will be replaced by CRLF the next time Git touches it
warning: in the working copy of 'reports/WC-330/ada-first-import.log', LF will be replaced by CRLF the next time Git touches it
warning: in the working copy of 'reports/WC-330/ada-legacy-import.log', LF will be replaced by CRLF the next time Git touches it
warning: in the working copy of 'reports/WC-330/ada-lods-import.log', LF will be replaced by CRLF the next time Git touches it
warning: in the working copy of 'reports/WC-330/ada-property-retry.log', LF will be replaced by CRLF the next time Git touches it
warning: in the working copy of 'reports/WC-330/ada-revision3-import.log', LF will be replaced by CRLF the next time Git touches it
warning: in the working copy of 'reports/WC-330/all-heroes-import.log', LF will be replaced by CRLF the next time Git touches it
warning: in the working copy of 'reports/WC-330/animation-revision-import-20260906T145839.log', LF will be replaced by CRLF the next time Git touches it
warning: in the working copy of 'reports/WC-330/animation-revision-import-20260906T145925.log', LF will be replaced by CRLF the next time Git touches it
warning: in the working copy of 'reports/WC-330/arena-canonical-import.log', LF will be replaced by CRLF the next time Git touches it
warning: in the working copy of 'reports/WC-330/arena-full-editor.log', LF will be replaced by CRLF the next time Git touches it
warning: in the working copy of 'reports/WC-330/arena-import.log', LF will be replaced by CRLF the next time Git touches it
warning: in the working copy of 'reports/WC-330/asset-automation-ada-persisted-settings.log', LF will be replaced by CRLF the next time Git touches it
warning: in the working copy of 'reports/WC-330/asset-automation-first.log', LF will be replaced by CRLF the next time Git touches it
warning: in the working copy of 'reports/WC-330/asset-automation-normalized.log', LF will be replaced by CRLF the next time Git touches it
warning: in the working copy of 'reports/WC-330/audio-pcm-import.log', LF will be replaced by CRLF the next time Git touches it
warning: in the working copy of 'reports/WC-330/calibration-facing-fix.log', LF will be replaced by CRLF the next time Git touches it
warning: in the working copy of 'reports/WC-330/calibration-import.log', LF will be replaced by CRLF the next time Git touches it
warning: in the working copy of 'reports/WC-330/calibration-up-fix.log', LF will be replaced by CRLF the next time Git touches it
warning: in the working copy of 'reports/WC-330/import-probe/all7-cm-console.log', LF will be replaced by CRLF the next time Git touches it
warning: in the working copy of 'reports/WC-330/import-probe/findings.md', LF will be replaced by CRLF the next time Git touches it
warning: in the working copy of 'reports/WC-330/import-probe/forward-cm-console.log', LF will be replaced by CRLF the next time Git touches it
warning: in the working copy of 'reports/WC-330/import-probe/meters-console.log', LF will be replaced by CRLF the next time Git touches it
warning: in the working copy of 'reports/WC-330/import-probe/normalized-cm-console.log', LF will be replaced by CRLF the next time Git touches it
warning: in the working copy of 'reports/WC-330/import-probe/probe_import_properties.py', LF will be replaced by CRLF the next time Git touches it
warning: in the working copy of 'reports/WC-330/import-probe/property-setter-console.log', LF will be replaced by CRLF the next time Git touches it
warning: in the working copy of 'reports/WC-330/normalized-alpha-import-retry.log', LF will be replaced by CRLF the next time Git touches it
warning: in the working copy of 'reports/WC-330/normalized-alpha-import.log', LF will be replaced by CRLF the next time Git touches it
warning: in the working copy of 'reports/WC-330/packaged-candidate6-network720-review.md', LF will be replaced by CRLF the next time Git touches it
warning: in the working copy of 'reports/WC-330/reimport-persisted-settings-ada.log', LF will be replaced by CRLF the next time Git touches it
warning: in the working copy of 'reports/WC-330/reimport-persisted-settings-roster.log', LF will be replaced by CRLF the next time Git touches it
warning: in the working copy of 'reports/WC-330/shipping-normal1080-review.md', LF will be replaced by CRLF the next time Git touches it
warning: in the working copy of 'reports/WC-330/shipping-normal1080/match-1-seat-0-pid-44708-skill-shots.jsonl', LF will be replaced by CRLF the next time Git touches it
warning: in the working copy of 'reports/WC-330/shipping-routed-skills720-review.md', LF will be replaced by CRLF the next time Git touches it
warning: in the working copy of 'reports/WC-330/shipping-routed-skills720/client-skill-shots.jsonl', LF will be replaced by CRLF the next time Git touches it
warning: in the working copy of 'reports/WC-330/shipping-routed-skills720/host-skill-shots.jsonl', LF will be replaced by CRLF the next time Git touches it
warning: in the working copy of 'reports/WC-330/shipping-spectator-fix-review.md', LF will be replaced by CRLF the next time Git touches it
warning: in the working copy of 'reports/WC-330/skeleton-persistence-six.log', LF will be replaced by CRLF the next time Git touches it
warning: in the working copy of 'reports/WC-330/unreal-art-review-candidate6.log', LF will be replaced by CRLF the next time Git touches it
warning: in the working copy of 'reports/WC-330/unreal-art-review.log', LF will be replaced by CRLF the next time Git touches it
warning: in the working copy of 'reports/WC-330/unreal-art-review/match-0-seat-0-pid-6708-frames.csv', LF will be replaced by CRLF the next time Git touches it
warning: in the working copy of 'reports/WC-330/unreal-art-review/match-0-seat-0-pid-6708-snapshots.jsonl', LF will be replaced by CRLF the next time Git touches it
warning: in the working copy of 'reports/WC-330/unreal-visual-review-revision6.md', LF will be replaced by CRLF the next time Git touches it
warning: in the working copy of 'reports/WC-330/unreal-visual-review.md', LF will be replaced by CRLF the next time Git touches it
warning: in the working copy of 'reports/WC-340/effect-import-console.log', LF will be replaced by CRLF the next time Git touches it
warning: in the working copy of 'reports/WC-340/effect-import-review.md', LF will be replaced by CRLF the next time Git touches it
warning: in the working copy of 'reports/WC-340/effect-import-uv2-console.log', LF will be replaced by CRLF the next time Git touches it
warning: in the working copy of 'reports/WC-350/first-ui.log', LF will be replaced by CRLF the next time Git touches it
warning: in the working copy of 'reports/WC-350/first-ui/match-0-seat-0-pid-41292-frames.csv', LF will be replaced by CRLF the next time Git touches it
warning: in the working copy of 'reports/WC-350/first-ui/match-0-seat-0-pid-41292-snapshots.jsonl', LF will be replaced by CRLF the next time Git touches it
warning: in the working copy of 'reports/WC-350/first-ui/match-1-seat-0-pid-41292-frames.csv', LF will be replaced by CRLF the next time Git touches it
warning: in the working copy of 'reports/WC-350/first-ui/match-1-seat-0-pid-41292-snapshots.jsonl', LF will be replaced by CRLF the next time Git touches it
warning: in the working copy of 'reports/WC-350/hero-audio-cold-verify.py', LF will be replaced by CRLF the next time Git touches it
warning: in the working copy of 'reports/WC-350/hero-audio-import.log', LF will be replaced by CRLF the next time Git touches it
warning: in the working copy of 'reports/WC-350/hero-audio-review.md', LF will be replaced by CRLF the next time Git touches it
warning: in the working copy of 'reports/WC-350/manual-ui-v4.log', LF will be replaced by CRLF the next time Git touches it
warning: in the working copy of 'reports/WC-350/manual-ui-v4/match-0-seat-0-pid-39856-frames.csv', LF will be replaced by CRLF the next time Git touches it
warning: in the working copy of 'reports/WC-350/manual-ui-v4/match-0-seat-0-pid-39856-snapshots.jsonl', LF will be replaced by CRLF the next time Git touches it
warning: in the working copy of 'reports/WC-350/manual-ui-v4/match-169-seat-0-pid-39856-commands.jsonl', LF will be replaced by CRLF the next time Git touches it
warning: in the working copy of 'reports/WC-350/manual-ui-v4/match-169-seat-0-pid-39856-frames.csv', LF will be replaced by CRLF the next time Git touches it
warning: in the working copy of 'reports/WC-350/manual-ui-v4/match-169-seat-0-pid-39856-snapshots.jsonl', LF will be replaced by CRLF the next time Git touches it
warning: in the working copy of 'reports/WC-360/acceptance-audit.md', LF will be replaced by CRLF the next time Git touches it
warning: in the working copy of 'reports/WC-360/alpha-candidate-automation/engine-evidence/engine-rounds.csv', LF will be replaced by CRLF the next time Git touches it
warning: in the working copy of 'reports/WC-360/alpha-candidate-automation/engine-evidence/engine-tournaments.csv', LF will be replaced by CRLF the next time Git touches it
warning: in the working copy of 'reports/WC-360/alpha-candidate-network/client/match-0-seat-0-pid-34484-frames.csv', LF will be replaced by CRLF the next time Git touches it
warning: in the working copy of 'reports/WC-360/alpha-candidate-network/client/match-0-seat-0-pid-34484-snapshots.jsonl', LF will be replaced by CRLF the next time Git touches it
warning: in the working copy of 'reports/WC-360/alpha-candidate-network/client/match-0-seat-1-pid-34484-frames.csv', LF will be replaced by CRLF the next time Git touches it
warning: in the working copy of 'reports/WC-360/alpha-candidate-network/client/match-0-seat-1-pid-34484-snapshots.jsonl', LF will be replaced by CRLF the next time Git touches it
warning: in the working copy of 'reports/WC-360/alpha-candidate-network/client/match-1-seat-1-pid-34484-commands.jsonl', LF will be replaced by CRLF the next time Git touches it
warning: in the working copy of 'reports/WC-360/alpha-candidate-network/client/match-1-seat-1-pid-34484-frames.csv', LF will be replaced by CRLF the next time Git touches it
warning: in the working copy of 'reports/WC-360/alpha-candidate-network/client/match-1-seat-1-pid-34484-skill-shots.jsonl', LF will be replaced by CRLF the next time Git touches it
warning: in the working copy of 'reports/WC-360/alpha-candidate-network/client/match-1-seat-1-pid-34484-snapshots.jsonl', LF will be replaced by CRLF the next time Git touches it
warning: in the working copy of 'reports/WC-360/alpha-candidate-network/host/match-0-seat-0-pid-49828-frames.csv', LF will be replaced by CRLF the next time Git touches it
warning: in the working copy of 'reports/WC-360/alpha-candidate-network/host/match-0-seat-0-pid-49828-snapshots.jsonl', LF will be replaced by CRLF the next time Git touches it
warning: in the working copy of 'reports/WC-360/alpha-candidate-network/host/match-1-seat-0-pid-49828-commands.jsonl', LF will be replaced by CRLF the next time Git touches it
warning: in the working copy of 'reports/WC-360/alpha-candidate-network/host/match-1-seat-0-pid-49828-frames.csv', LF will be replaced by CRLF the next time Git touches it
warning: in the working copy of 'reports/WC-360/alpha-candidate-network/host/match-1-seat-0-pid-49828-skill-shots.jsonl', LF will be replaced by CRLF the next time Git touches it
warning: in the working copy of 'reports/WC-360/alpha-candidate-network/host/match-1-seat-0-pid-49828-snapshots.jsonl', LF will be replaced by CRLF the next time Git touches it
warning: in the working copy of 'reports/WC-360/alpha-candidate-normal1080/match-0-seat-0-pid-52460-frames.csv', LF will be replaced by CRLF the next time Git touches it
warning: in the working copy of 'reports/WC-360/alpha-candidate-normal1080/match-0-seat-0-pid-52460-snapshots.jsonl', LF will be replaced by CRLF the next time Git touches it
warning: in the working copy of 'reports/WC-360/alpha-candidate-normal1080/match-1-seat-0-pid-52460-commands.jsonl', LF will be replaced by CRLF the next time Git touches it
warning: in the working copy of 'reports/WC-360/alpha-candidate-normal1080/match-1-seat-0-pid-52460-frames.csv', LF will be replaced by CRLF the next time Git touches it
warning: in the working copy of 'reports/WC-360/alpha-candidate-normal1080/match-1-seat-0-pid-52460-snapshots.jsonl', LF will be replaced by CRLF the next time Git touches it
warning: in the working copy of 'reports/WC-360/alpha-candidate-restart/match-1-seat-0-pid-53152-commands.jsonl', LF will be replaced by CRLF the next time Git touches it
warning: in the working copy of 'reports/WC-360/alpha-candidate-restart/match-1-seat-0-pid-53152-frames.csv', LF will be replaced by CRLF the next time Git touches it
warning: in the working copy of 'reports/WC-360/alpha-candidate-restart/match-1-seat-0-pid-53152-skill-shots.jsonl', LF will be replaced by CRLF the next time Git touches it
warning: in the working copy of 'reports/WC-360/alpha-candidate-restart/match-1-seat-0-pid-53152-snapshots.jsonl', LF will be replaced by CRLF the next time Git touches it
warning: in the working copy of 'reports/WC-360/alpha-candidate-restart/match-2-seat-0-pid-53152-commands.jsonl', LF will be replaced by CRLF the next time Git touches it
warning: in the working copy of 'reports/WC-360/alpha-candidate-restart/match-2-seat-0-pid-53152-frames.csv', LF will be replaced by CRLF the next time Git touches it
warning: in the working copy of 'reports/WC-360/alpha-candidate-restart/match-2-seat-0-pid-53152-skill-shots.jsonl', LF will be replaced by CRLF the next time Git touches it
warning: in the working copy of 'reports/WC-360/alpha-candidate-restart/match-2-seat-0-pid-53152-snapshots.jsonl', LF will be replaced by CRLF the next time Git touches it
warning: in the working copy of 'reports/WC-360/candidate4-analysis/analyze_packaged_regression.py', LF will be replaced by CRLF the next time Git touches it
warning: in the working copy of 'reports/WC-360/candidate4-analysis/analyze_packaged_sessions.py', LF will be replaced by CRLF the next time Git touches it
warning: in the working copy of 'reports/WC-360/candidate4-analysis/capture_candidate5_provenance.py', LF will be replaced by CRLF the next time Git touches it
warning: in the working copy of 'reports/WC-360/candidate4-automation.log', LF will be replaced by CRLF the next time Git touches it
warning: in the working copy of 'reports/WC-360/candidate4-automation/engine-rounds.csv', LF will be replaced by CRLF the next time Git touches it
warning: in the working copy of 'reports/WC-360/candidate4-automation/engine-tournaments.csv', LF will be replaced by CRLF the next time Git touches it
warning: in the working copy of 'reports/WC-360/candidate5-network/client/game.log', LF will be replaced by CRLF the next time Git touches it
warning: in the working copy of 'reports/WC-360/candidate5-network/client/match-0-seat-0-pid-42340-frames.csv', LF will be replaced by CRLF the next time Git touches it
warning: in the working copy of 'reports/WC-360/candidate5-network/client/match-0-seat-0-pid-42340-snapshots.jsonl', LF will be replaced by CRLF the next time Git touches it
warning: in the working copy of 'reports/WC-360/candidate5-network/client/match-0-seat-1-pid-42340-frames.csv', LF will be replaced by CRLF the next time Git touches it
warning: in the working copy of 'reports/WC-360/candidate5-network/client/match-0-seat-1-pid-42340-snapshots.jsonl', LF will be replaced by CRLF the next time Git touches it
warning: in the working copy of 'reports/WC-360/candidate5-network/client/match-1-seat-1-pid-42340-commands.jsonl', LF will be replaced by CRLF the next time Git touches it
warning: in the working copy of 'reports/WC-360/candidate5-network/client/match-1-seat-1-pid-42340-frames.csv', LF will be replaced by CRLF the next time Git touches it
warning: in the working copy of 'reports/WC-360/candidate5-network/client/match-1-seat-1-pid-42340-snapshots.jsonl', LF will be replaced by CRLF the next time Git touches it
warning: in the working copy of 'reports/WC-360/candidate5-network/host/game.log', LF will be replaced by CRLF the next time Git touches it
warning: in the working copy of 'reports/WC-360/candidate5-network/host/match-0-seat-0-pid-39788-frames.csv', LF will be replaced by CRLF the next time Git touches it
warning: in the working copy of 'reports/WC-360/candidate5-network/host/match-0-seat-0-pid-39788-snapshots.jsonl', LF will be replaced by CRLF the next time Git touches it
warning: in the working copy of 'reports/WC-360/candidate5-network/host/match-1-seat-0-pid-39788-commands.jsonl', LF will be replaced by CRLF the next time Git touches it
warning: in the working copy of 'reports/WC-360/candidate5-network/host/match-1-seat-0-pid-39788-frames.csv', LF will be replaced by CRLF the next time Git touches it
[main 5b0fec6] Preserve Wonder Chess research and execution evidence batch 01
 1245 files changed, 513377 insertions(+)
 create mode 100644 reports/WC-300/build-and-package-no-hotreload.log
 create mode 100644 reports/WC-300/build-and-package-retry.log
 create mode 100644 reports/WC-300/build-and-package.log
 create mode 100644 reports/WC-300/calibration-console.log
 create mode 100644 reports/WC-300/create-maps-console.log
 create mode 100644 reports/WC-300/create-maps-retry-console.log
 create mode 100644 reports/WC-300/create-maps-retry.log
 create mode 100644 reports/WC-300/create-maps.log
 create mode 100644 reports/WC-300/data-table-import-first-console.log
 create mode 100644 reports/WC-300/data-table-import-first.log
 create mode 100644 reports/WC-300/data-table-import-path-retry-console.log
 create mode 100644 reports/WC-300/data-table-import-path-retry.log
 create mode 100644 reports/WC-300/data-table-import.json
 create mode 100644 reports/WC-300/environment-native.json
 create mode 100644 reports/WC-300/first-editor-build.log
 create mode 100644 reports/WC-300/imported_DT_Abilities_Alpha.json
 create mode 100644 reports/WC-300/imported_DT_Units_Alpha.json
 create mode 100644 reports/WC-300/launch-evidence.md
 create mode 100644 reports/WC-300/minimal-launch.log
 create mode 100644 reports/WC-300/package/package-Development-20260906T050928Z.json
 create mode 100644 reports/WC-300/package/package-Development-20260906T050928Z.log
 create mode 100644 reports/WC-300/package/package-Development-20260906T051014Z.json
 create mode 100644 reports/WC-300/package/package-Development-20260906T051014Z.log
 create mode 100644 reports/WC-300/package/package-Development-20260906T051055Z.json
 create mode 100644 reports/WC-300/package/package-Development-20260906T051055Z.log
 create mode 100644 reports/WC-300/toolchain-audit.log
 create mode 100644 reports/WC-310/candidate1-editor-build.log
 create mode 100644 reports/WC-310/candidate1-editor-retry.log
 create mode 100644 reports/WC-310/engine-automation.log
 create mode 100644 reports/WC-310/engine-automation/index.html
 create mode 100644 reports/WC-310/engine-automation/index.json
 create mode 100644 reports/WC-310/first-integrated-editor.log
 create mode 100644 reports/WC-310/integrated-editor-retry.log
 create mode 100644 reports/WC-310/presentation-editor-build.log
 create mode 100644 reports/WC-310/runtime/RUNTIME_IMPLEMENTATION.md
 create mode 100644 reports/WC-310/runtime/adapter-review-snapshot.json
 create mode 100644 reports/WC-310/runtime/adapter-review.md
 create mode 100644 reports/WC-310/runtime/asset-automation-first-imported-assets.json
 create mode 100644 reports/WC-310/runtime/asset-automation-normalized-imported-assets.json
 create mode 100644 reports/WC-310/runtime/asset-automation-normalized-summary.json
 create mode 100644 reports/WC-310/runtime/asset-transform-investigation.md
 create mode 100644 reports/WC-310/runtime/catalog-digest.txt
 create mode 100644 reports/WC-310/runtime/compile.log
 create mode 100644 reports/WC-310/runtime/engine-rounds.csv
 create mode 100644 reports/WC-310/runtime/engine-tournaments.csv
 create mode 100644 reports/WC-310/runtime/evidence-reader-tests.log
 create mode 100644 reports/WC-310/runtime/first-ui-frame-summary.json
 create mode 100644 reports/WC-310/runtime/first-ui-observation.json
 create mode 100644 reports/WC-310/runtime/first-ui-observation.md
 create mode 100644 reports/WC-310/runtime/initial-fp-precise/compile.log
 create mode 100644 reports/WC-310/runtime/initial-fp-precise/mirror-combats.csv
 create mode 100644 reports/WC-310/runtime/initial-fp-precise/runtime-tests.log
 create mode 100644 reports/WC-310/runtime/initial-fp-precise/standalone-100-evidence.zip
 create mode 100644 reports/WC-310/runtime/initial-fp-precise/standalone-sha256.json
 create mode 100644 reports/WC-310/runtime/initial-fp-precise/tournaments.csv
 create mode 100644 reports/WC-310/runtime/mirror-combats.csv
 create mode 100644 reports/WC-310/runtime/packaged-regression-recorder.md
 create mode 100644 reports/WC-310/runtime/packaged-verification-commands.md
 create mode 100644 reports/WC-310/runtime/parity-and-summary.json
 create mode 100644 reports/WC-310/runtime/post-event-metadata/comparison-to-prior-engine.json
 create mode 100644 reports/WC-310/runtime/post-event-metadata/compile.log
 create mode 100644 reports/WC-310/runtime/post-event-metadata/mirror-combats.csv
 create mode 100644 reports/WC-310/runtime/post-event-metadata/runtime-tests.log
 create mode 100644 reports/WC-310/runtime/post-event-metadata/sha256.json
 create mode 100644 reports/WC-310/runtime/post-event-metadata/standalone-100-evidence.zip
 create mode 100644 reports/WC-310/runtime/post-event-metadata/tournaments.csv
 create mode 100644 reports/WC-310/runtime/post-retained-recap/compile.cmd
 create mode 100644 reports/WC-310/runtime/post-retained-recap/compile.log
 create mode 100644 reports/WC-310/runtime/post-retained-recap/runtime-tests.log
 create mode 100644 reports/WC-310/runtime/post-retained-recap/standalone-100-evidence.zip
 create mode 100644 reports/WC-310/runtime/post-retained-recap/validation.md
 create mode 100644 reports/WC-310/runtime/runtime-tests.log
 create mode 100644 reports/WC-310/runtime/standalone-100-evidence.zip
 create mode 100644 reports/WC-310/runtime/standalone-sha256.json
 create mode 100644 reports/WC-310/runtime/targeted-native-initial/analyze_targeted_combat.py
 create mode 100644 reports/WC-310/runtime/targeted-native-initial/build/compile.cmd
 create mode 100644 reports/WC-310/runtime/targeted-native-initial/build/compile.log
 create mode 100644 reports/WC-310/runtime/targeted-native-initial/build/edge-cases.csv
 create mode 100644 reports/WC-310/runtime/targeted-native-initial/build/edge-events.csv
 create mode 100644 reports/WC-310/runtime/targeted-native-initial/build/edge-positions.csv
 create mode 100644 reports/WC-310/runtime/targeted-native-initial/build/execution.json
 create mode 100644 reports/WC-310/runtime/targeted-native-initial/build/formation-combats.csv
 create mode 100644 reports/WC-310/runtime/targeted-native-initial/build/formations.csv
 create mode 100644 reports/WC-310/runtime/targeted-native-initial/build/process.json
 create mode 100644 reports/WC-310/runtime/targeted-native-initial/build/run.log
 create mode 100644 reports/WC-310/runtime/targeted-native-initial/mirror-comparisons.csv
 create mode 100644 reports/WC-310/runtime/targeted-native-initial/preservation.json
 create mode 100644 reports/WC-310/runtime/targeted-native-initial/targeted_combat_tests.cpp
 create mode 100644 reports/WC-310/runtime/targeted-native-initial/validation.json
 create mode 100644 reports/WC-310/runtime/targeted-native-initial/validation.md
 create mode 100644 reports/WC-310/runtime/targeted-native/build/compile.cmd
 create mode 100644 reports/WC-310/runtime/targeted-native/build/compile.log
 create mode 100644 reports/WC-310/runtime/targeted-native/build/edge-cases.csv
 create mode 100644 reports/WC-310/runtime/targeted-native/build/edge-events.csv
 create mode 100644 reports/WC-310/runtime/targeted-native/build/edge-positions.csv
 create mode 100644 reports/WC-310/runtime/targeted-native/build/execution.json
 create mode 100644 reports/WC-310/runtime/targeted-native/build/formation-combats.csv
 create mode 100644 reports/WC-310/runtime/targeted-native/build/formations.csv
 create mode 100644 reports/WC-310/runtime/targeted-native/build/process.json
 create mode 100644 reports/WC-310/runtime/targeted-native/build/run.log
 create mode 100644 reports/WC-310/runtime/targeted-native/mirror-comparisons.csv
 create mode 100644 reports/WC-310/runtime/tournaments.csv
 create mode 100644 reports/WC-310/runtime/trait-native/build/compile.cmd
 create mode 100644 reports/WC-310/runtime/trait-native/build/compile.log
 create mode 100644 reports/WC-310/runtime/trait-native/build/process.json
 create mode 100644 reports/WC-310/runtime/trait-native/build/run.log
 create mode 100644 reports/WC-310/runtime/trait-native/build/summary.json
 create mode 100644 reports/WC-310/runtime/trait-native/build/trait-cases.csv
 create mode 100644 reports/WC-310/runtime/trait-native/build/trait-events.csv
 create mode 100644 reports/WC-310/runtime/verification-handoff.md
 create mode 100644 reports/WC-330/84-clip-review.md
 create mode 100644 reports/WC-330/ART_EXECUTION.md
 create mode 100644 reports/WC-330/ada-author-retry.log
 create mode 100644 reports/WC-330/ada-author-revision2.log
 create mode 100644 reports/WC-330/ada-author-revision3.log
 create mode 100644 reports/WC-330/ada-author.log
 create mode 100644 reports/WC-330/ada-costume-roundtrip/README.md
 create mode 100644 reports/WC-330/ada-costume-roundtrip/baseline-breastplate.png
 create mode 100644 reports/WC-330/ada-costume-roundtrip/baseline/SK_wc_u_human_guardian.fbm/T_wc_u_human_guardian_BaseColor.png
 create mode 100644 reports/WC-330/ada-costume-roundtrip/baseline/SK_wc_u_human_guardian.fbm/T_wc_u_human_guardian_Normal.png
 create mode 100644 reports/WC-330/ada-costume-roundtrip/baseline/SK_wc_u_human_guardian.fbx
 create mode 100644 reports/WC-330/ada-costume-roundtrip/blender-execution.log
 create mode 100644 reports/WC-330/ada-costume-roundtrip/blender-exit.txt
 create mode 100644 reports/WC-330/ada-costume-roundtrip/changed-breastplate.png
 create mode 100644 reports/WC-330/ada-costume-roundtrip/changed/SK_wc_u_human_guardian.fbm/T_wc_u_human_guardian_BaseColor.png
 create mode 100644 reports/WC-330/ada-costume-roundtrip/changed/SK_wc_u_human_guardian.fbm/T_wc_u_human_guardian_Normal.png
 create mode 100644 reports/WC-330/ada-costume-roundtrip/changed/SK_wc_u_human_guardian.fbx
 create mode 100644 reports/WC-330/ada-costume-roundtrip/post-preview-verification.json
 create mode 100644 reports/WC-330/ada-costume-roundtrip/preview-execution.log
 create mode 100644 reports/WC-330/ada-costume-roundtrip/preview-exit.txt
 create mode 100644 reports/WC-330/ada-costume-roundtrip/preview-manifest.json
 create mode 100644 reports/WC-330/ada-costume-roundtrip/render_costume_preview.py
 create mode 100644 reports/WC-330/ada-costume-roundtrip/run_v1-import-console.log
 create mode 100644 reports/WC-330/ada-costume-roundtrip/run_v1-import-editor.log
 create mode 100644 reports/WC-330/ada-costume-roundtrip/run_v1-import-process.json
 create mode 100644 reports/WC-330/ada-costume-roundtrip/run_v2-cold-console.log
 create mode 100644 reports/WC-330/ada-costume-roundtrip/run_v2-cold-editor.log
 create mode 100644 reports/WC-330/ada-costume-roundtrip/run_v2-cold-process.json
 create mode 100644 reports/WC-330/ada-costume-roundtrip/run_v2-import-console.log
 create mode 100644 reports/WC-330/ada-costume-roundtrip/run_v2-import-editor.log
 create mode 100644 reports/WC-330/ada-costume-roundtrip/run_v2-import-process.json
 create mode 100644 reports/WC-330/ada-costume-roundtrip/source-baseline.blend
 create mode 100644 reports/WC-330/ada-costume-roundtrip/source-change-manifest.json
 create mode 100644 reports/WC-330/ada-costume-roundtrip/source-changed.blend
 create mode 100644 reports/WC-330/ada-first-import-console.log
 create mode 100644 reports/WC-330/ada-first-import.log
 create mode 100644 reports/WC-330/ada-inspection.log
 create mode 100644 reports/WC-330/ada-legacy-import-console.log
 create mode 100644 reports/WC-330/ada-legacy-import.log
 create mode 100644 reports/WC-330/ada-lods-console.log
 create mode 100644 reports/WC-330/ada-lods-import.log
 create mode 100644 reports/WC-330/ada-property-console.log
 create mode 100644 reports/WC-330/ada-property-retry.log
 create mode 100644 reports/WC-330/ada-revision3-console.log
 create mode 100644 reports/WC-330/ada-revision3-import.log
 create mode 100644 reports/WC-330/all-heroes-console.log
 create mode 100644 reports/WC-330/all-heroes-import.log
 create mode 100644 reports/WC-330/animation-refinement-coat-clearance.log
 create mode 100644 reports/WC-330/animation-refinement-hammer-trial.log
 create mode 100644 reports/WC-330/animation-refinement-import-list.json
 create mode 100644 reports/WC-330/animation-refinement-production-before-coat-clearance.json
 create mode 100644 reports/WC-330/animation-refinement-production.json
 create mode 100644 reports/WC-330/animation-refinement-production.log
 create mode 100644 reports/WC-330/animation-refinement-roster-trial.log
 create mode 100644 reports/WC-330/animation-refinement-roster-trial2.log
 create mode 100644 reports/WC-330/animation-refinement-roster-trial3.log
 create mode 100644 reports/WC-330/animation-refinement-roster-trial4.log
 create mode 100644 reports/WC-330/animation-refinement-roster-trial5.log
 create mode 100644 reports/WC-330/animation-refinement-trial.log
 create mode 100644 reports/WC-330/animation-refinement/wc_u_dwarf_guardian/Defeat_game_angle.png
 create mode 100644 reports/WC-330/animation-refinement/wc_u_dwarf_guardian/Defeat_portrait.png
 create mode 100644 reports/WC-330/animation-refinement/wc_u_dwarf_guardian/Hit_game_angle.png
 create mode 100644 reports/WC-330/animation-refinement/wc_u_dwarf_guardian/Hit_portrait.png
 create mode 100644 reports/WC-330/animation-refinement/wc_u_dwarf_guardian/Idle_game_angle.png
 create mode 100644 reports/WC-330/animation-refinement/wc_u_dwarf_guardian/Idle_portrait.png
 create mode 100644 reports/WC-330/animation-refinement/wc_u_dwarf_guardian/all-mesh-floor.json
 create mode 100644 reports/WC-330/animation-refinement/wc_u_dwarf_guardian/applied.json
 create mode 100644 reports/WC-330/animation-refinement/wc_u_dwarf_guardian/manifest-before.json
 create mode 100644 reports/WC-330/animation-refinement/wc_u_dwarf_guardian/motion-invariants.json
 create mode 100644 reports/WC-330/animation-refinement/wc_u_dwarf_guardian/trial.json
 create mode 100644 reports/WC-330/animation-refinement/wc_u_dwarf_ranger/Active_game_angle.png
 create mode 100644 reports/WC-330/animation-refinement/wc_u_dwarf_ranger/Active_portrait.png
 create mode 100644 reports/WC-330/animation-refinement/wc_u_dwarf_ranger/Defeat_game_angle.png
 create mode 100644 reports/WC-330/animation-refinement/wc_u_dwarf_ranger/Defeat_portrait.png
 create mode 100644 reports/WC-330/animation-refinement/wc_u_dwarf_ranger/Hit_game_angle.png
 create mode 100644 reports/WC-330/animation-refinement/wc_u_dwarf_ranger/Hit_portrait.png
 create mode 100644 reports/WC-330/animation-refinement/wc_u_dwarf_ranger/Idle_game_angle.png
 create mode 100644 reports/WC-330/animation-refinement/wc_u_dwarf_ranger/Idle_portrait.png
 create mode 100644 reports/WC-330/animation-refinement/wc_u_dwarf_ranger/Victory_game_angle.png
 create mode 100644 reports/WC-330/animation-refinement/wc_u_dwarf_ranger/Victory_portrait.png
 create mode 100644 reports/WC-330/animation-refinement/wc_u_dwarf_ranger/all-mesh-floor.json
 create mode 100644 reports/WC-330/animation-refinement/wc_u_dwarf_ranger/applied.json
 create mode 100644 reports/WC-330/animation-refinement/wc_u_dwarf_ranger/manifest-before.json
 create mode 100644 reports/WC-330/animation-refinement/wc_u_dwarf_ranger/motion-invariants.json
 create mode 100644 reports/WC-330/animation-refinement/wc_u_dwarf_ranger/trial.json
 create mode 100644 reports/WC-330/animation-refinement/wc_u_dwarf_warrior/Defeat_game_angle.png
 create mode 100644 reports/WC-330/animation-refinement/wc_u_dwarf_warrior/Defeat_portrait.png
 create mode 100644 reports/WC-330/animation-refinement/wc_u_dwarf_warrior/Hit_game_angle.png
 create mode 100644 reports/WC-330/animation-refinement/wc_u_dwarf_warrior/Hit_portrait.png
 create mode 100644 reports/WC-330/animation-refinement/wc_u_dwarf_warrior/Idle_game_angle.png
 create mode 100644 reports/WC-330/animation-refinement/wc_u_dwarf_warrior/Idle_portrait.png
 create mode 100644 reports/WC-330/animation-refinement/wc_u_dwarf_warrior/all-mesh-floor.json
 create mode 100644 reports/WC-330/animation-refinement/wc_u_dwarf_warrior/applied.json
 create mode 100644 reports/WC-330/animation-refinement/wc_u_dwarf_warrior/manifest-before.json
 create mode 100644 reports/WC-330/animation-refinement/wc_u_dwarf_warrior/motion-invariants.json
 create mode 100644 reports/WC-330/animation-refinement/wc_u_dwarf_warrior/trial.json
 create mode 100644 reports/WC-330/animation-refinement/wc_u_elf_priest/Active_game_angle.png
 create mode 100644 reports/WC-330/animation-refinement/wc_u_elf_priest/Active_portrait.png
 create mode 100644 reports/WC-330/animation-refinement/wc_u_elf_priest/Defeat_game_angle.png
 create mode 100644 reports/WC-330/animation-refinement/wc_u_elf_priest/Defeat_portrait.png
 create mode 100644 reports/WC-330/animation-refinement/wc_u_elf_priest/Hit_game_angle.png
 create mode 100644 reports/WC-330/animation-refinement/wc_u_elf_priest/Hit_portrait.png
 create mode 100644 reports/WC-330/animation-refinement/wc_u_elf_priest/Idle_game_angle.png
 create mode 100644 reports/WC-330/animation-refinement/wc_u_elf_priest/Idle_portrait.png
 create mode 100644 reports/WC-330/animation-refinement/wc_u_elf_priest/Victory_game_angle.png
 create mode 100644 reports/WC-330/animation-refinement/wc_u_elf_priest/Victory_portrait.png
 create mode 100644 reports/WC-330/animation-refinement/wc_u_elf_priest/all-mesh-floor.json
 create mode 100644 reports/WC-330/animation-refinement/wc_u_elf_priest/applied.json
 create mode 100644 reports/WC-330/animation-refinement/wc_u_elf_priest/manifest-before.json
 create mode 100644 reports/WC-330/animation-refinement/wc_u_elf_priest/motion-invariants.json
 create mode 100644 reports/WC-330/animation-refinement/wc_u_elf_priest/trial.json
 create mode 100644 reports/WC-330/animation-refinement/wc_u_elf_ranger/Active_game_angle.png
 create mode 100644 reports/WC-330/animation-refinement/wc_u_elf_ranger/Active_portrait.png
 create mode 100644 reports/WC-330/animation-refinement/wc_u_elf_ranger/Defeat_game_angle.png
 create mode 100644 reports/WC-330/animation-refinement/wc_u_elf_ranger/Defeat_portrait.png
 create mode 100644 reports/WC-330/animation-refinement/wc_u_elf_ranger/Hit_game_angle.png
 create mode 100644 reports/WC-330/animation-refinement/wc_u_elf_ranger/Hit_portrait.png
 create mode 100644 reports/WC-330/animation-refinement/wc_u_elf_ranger/Idle_game_angle.png
 create mode 100644 reports/WC-330/animation-refinement/wc_u_elf_ranger/Idle_portrait.png
 create mode 100644 reports/WC-330/animation-refinement/wc_u_elf_ranger/Victory_game_angle.png
 create mode 100644 reports/WC-330/animation-refinement/wc_u_elf_ranger/Victory_portrait.png
 create mode 100644 reports/WC-330/animation-refinement/wc_u_elf_ranger/all-mesh-floor.json
 create mode 100644 reports/WC-330/animation-refinement/wc_u_elf_ranger/applied.json
 create mode 100644 reports/WC-330/animation-refinement/wc_u_elf_ranger/manifest-before.json
 create mode 100644 reports/WC-330/animation-refinement/wc_u_elf_ranger/motion-invariants.json
 create mode 100644 reports/WC-330/animation-refinement/wc_u_elf_ranger/trial.json
 create mode 100644 reports/WC-330/animation-refinement/wc_u_elf_rogue/Defeat_game_angle.png
 create mode 100644 reports/WC-330/animation-refinement/wc_u_elf_rogue/Defeat_portrait.png
 create mode 100644 reports/WC-330/animation-refinement/wc_u_elf_rogue/Hit_game_angle.png
 create mode 100644 reports/WC-330/animation-refinement/wc_u_elf_rogue/Hit_portrait.png
 create mode 100644 reports/WC-330/animation-refinement/wc_u_elf_rogue/Idle_game_angle.png
 create mode 100644 reports/WC-330/animation-refinement/wc_u_elf_rogue/Idle_portrait.png
 create mode 100644 reports/WC-330/animation-refinement/wc_u_elf_rogue/all-mesh-floor.json
 create mode 100644 reports/WC-330/animation-refinement/wc_u_elf_rogue/applied.json
 create mode 100644 reports/WC-330/animation-refinement/wc_u_elf_rogue/manifest-before.json
 create mode 100644 reports/WC-330/animation-refinement/wc_u_elf_rogue/motion-invariants.json
 create mode 100644 reports/WC-330/animation-refinement/wc_u_elf_rogue/trial.json
 create mode 100644 reports/WC-330/animation-refinement/wc_u_human_guardian/Defeat_game_angle.png
 create mode 100644 reports/WC-330/animation-refinement/wc_u_human_guardian/Defeat_portrait.png
 create mode 100644 reports/WC-330/animation-refinement/wc_u_human_guardian/Hit_game_angle.png
 create mode 100644 reports/WC-330/animation-refinement/wc_u_human_guardian/Hit_portrait.png
 create mode 100644 reports/WC-330/animation-refinement/wc_u_human_guardian/Idle_game_angle.png
 create mode 100644 reports/WC-330/animation-refinement/wc_u_human_guardian/Idle_portrait.png
 create mode 100644 reports/WC-330/animation-refinement/wc_u_human_guardian/all-mesh-floor.json
 create mode 100644 reports/WC-330/animation-refinement/wc_u_human_guardian/applied.json
 create mode 100644 reports/WC-330/animation-refinement/wc_u_human_guardian/manifest-before.json
 create mode 100644 reports/WC-330/animation-refinement/wc_u_human_guardian/motion-invariants.json
 create mode 100644 reports/WC-330/animation-refinement/wc_u_human_guardian/trial.json
 create mode 100644 reports/WC-330/animation-refinement/wc_u_human_mage/Active_game_angle.png
 create mode 100644 reports/WC-330/animation-refinement/wc_u_human_mage/Active_portrait.png
 create mode 100644 reports/WC-330/animation-refinement/wc_u_human_mage/Defeat_game_angle.png
 create mode 100644 reports/WC-330/animation-refinement/wc_u_human_mage/Defeat_portrait.png
 create mode 100644 reports/WC-330/animation-refinement/wc_u_human_mage/Hit_game_angle.png
 create mode 100644 reports/WC-330/animation-refinement/wc_u_human_mage/Hit_portrait.png
 create mode 100644 reports/WC-330/animation-refinement/wc_u_human_mage/Idle_game_angle.png
 create mode 100644 reports/WC-330/animation-refinement/wc_u_human_mage/Idle_portrait.png
 create mode 100644 reports/WC-330/animation-refinement/wc_u_human_mage/Victory_game_angle.png
 create mode 100644 reports/WC-330/animation-refinement/wc_u_human_mage/Victory_portrait.png
 create mode 100644 reports/WC-330/animation-refinement/wc_u_human_mage/all-mesh-floor.json
 create mode 100644 reports/WC-330/animation-refinement/wc_u_human_mage/applied.json
 create mode 100644 reports/WC-330/animation-refinement/wc_u_human_mage/manifest-before.json
 create mode 100644 reports/WC-330/animation-refinement/wc_u_human_mage/motion-invariants.json
 create mode 100644 reports/WC-330/animation-refinement/wc_u_human_mage/trial.json
 create mode 100644 reports/WC-330/animation-refinement/wc_u_human_priest/Active_game_angle.png
 create mode 100644 reports/WC-330/animation-refinement/wc_u_human_priest/Active_portrait.png
 create mode 100644 reports/WC-330/animation-refinement/wc_u_human_priest/Defeat_game_angle.png
 create mode 100644 reports/WC-330/animation-refinement/wc_u_human_priest/Defeat_portrait.png
 create mode 100644 reports/WC-330/animation-refinement/wc_u_human_priest/Hit_game_angle.png
 create mode 100644 reports/WC-330/animation-refinement/wc_u_human_priest/Hit_portrait.png
 create mode 100644 reports/WC-330/animation-refinement/wc_u_human_priest/Idle_game_angle.png
 create mode 100644 reports/WC-330/animation-refinement/wc_u_human_priest/Idle_portrait.png
 create mode 100644 reports/WC-330/animation-refinement/wc_u_human_priest/Victory_game_angle.png
 create mode 100644 reports/WC-330/animation-refinement/wc_u_human_priest/Victory_portrait.png
 create mode 100644 reports/WC-330/animation-refinement/wc_u_human_priest/all-mesh-floor.json
 create mode 100644 reports/WC-330/animation-refinement/wc_u_human_priest/applied.json
 create mode 100644 reports/WC-330/animation-refinement/wc_u_human_priest/manifest-before.json
 create mode 100644 reports/WC-330/animation-refinement/wc_u_human_priest/motion-invariants.json
 create mode 100644 reports/WC-330/animation-refinement/wc_u_human_priest/trial.json
 create mode 100644 reports/WC-330/animation-refinement/wc_u_orc_mage/Active_game_angle.png
 create mode 100644 reports/WC-330/animation-refinement/wc_u_orc_mage/Active_portrait.png
 create mode 100644 reports/WC-330/animation-refinement/wc_u_orc_mage/Defeat_game_angle.png
 create mode 100644 reports/WC-330/animation-refinement/wc_u_orc_mage/Defeat_portrait.png
 create mode 100644 reports/WC-330/animation-refinement/wc_u_orc_mage/Hit_game_angle.png
 create mode 100644 reports/WC-330/animation-refinement/wc_u_orc_mage/Hit_portrait.png
 create mode 100644 reports/WC-330/animation-refinement/wc_u_orc_mage/Idle_game_angle.png
 create mode 100644 reports/WC-330/animation-refinement/wc_u_orc_mage/Idle_portrait.png
 create mode 100644 reports/WC-330/animation-refinement/wc_u_orc_mage/Victory_game_angle.png
 create mode 100644 reports/WC-330/animation-refinement/wc_u_orc_mage/Victory_portrait.png
 create mode 100644 reports/WC-330/animation-refinement/wc_u_orc_mage/all-mesh-floor.json
 create mode 100644 reports/WC-330/animation-refinement/wc_u_orc_mage/applied.json
 create mode 100644 reports/WC-330/animation-refinement/wc_u_orc_mage/manifest-before.json
 create mode 100644 reports/WC-330/animation-refinement/wc_u_orc_mage/motion-invariants.json
 create mode 100644 reports/WC-330/animation-refinement/wc_u_orc_mage/trial.json
 create mode 100644 reports/WC-330/animation-refinement/wc_u_orc_rogue/Defeat_game_angle.png
 create mode 100644 reports/WC-330/animation-refinement/wc_u_orc_rogue/Defeat_portrait.png
 create mode 100644 reports/WC-330/animation-refinement/wc_u_orc_rogue/Hit_game_angle.png
 create mode 100644 reports/WC-330/animation-refinement/wc_u_orc_rogue/Hit_portrait.png
 create mode 100644 reports/WC-330/animation-refinement/wc_u_orc_rogue/Idle_game_angle.png
 create mode 100644 reports/WC-330/animation-refinement/wc_u_orc_rogue/Idle_portrait.png
 create mode 100644 reports/WC-330/animation-refinement/wc_u_orc_rogue/all-mesh-floor.json
 create mode 100644 reports/WC-330/animation-refinement/wc_u_orc_rogue/applied.json
 create mode 100644 reports/WC-330/animation-refinement/wc_u_orc_rogue/manifest-before.json
 create mode 100644 reports/WC-330/animation-refinement/wc_u_orc_rogue/motion-invariants.json
 create mode 100644 reports/WC-330/animation-refinement/wc_u_orc_rogue/trial.json
 create mode 100644 reports/WC-330/animation-refinement/wc_u_orc_warrior/Defeat_game_angle.png
 create mode 100644 reports/WC-330/animation-refinement/wc_u_orc_warrior/Defeat_portrait.png
 create mode 100644 reports/WC-330/animation-refinement/wc_u_orc_warrior/Hit_game_angle.png
 create mode 100644 reports/WC-330/animation-refinement/wc_u_orc_warrior/Hit_portrait.png
 create mode 100644 reports/WC-330/animation-refinement/wc_u_orc_warrior/Idle_game_angle.png
 create mode 100644 reports/WC-330/animation-refinement/wc_u_orc_warrior/Idle_portrait.png
 create mode 100644 reports/WC-330/animation-refinement/wc_u_orc_warrior/all-mesh-floor.json
 create mode 100644 reports/WC-330/animation-refinement/wc_u_orc_warrior/applied.json
 create mode 100644 reports/WC-330/animation-refinement/wc_u_orc_warrior/manifest-before.json
 create mode 100644 reports/WC-330/animation-refinement/wc_u_orc_warrior/motion-invariants.json
 create mode 100644 reports/WC-330/animation-refinement/wc_u_orc_warrior/trial.json
 create mode 100644 reports/WC-330/animation-revision-import-20260906T145839-console.log
 create mode 100644 reports/WC-330/animation-revision-import-20260906T145839-process.json
 create mode 100644 reports/WC-330/animation-revision-import-20260906T145839-stderr.log
 create mode 100644 reports/WC-330/animation-revision-import-20260906T145839.log
 create mode 100644 reports/WC-330/animation-revision-import-20260906T145925-console.log
 create mode 100644 reports/WC-330/animation-revision-import-20260906T145925-process.json
 create mode 100644 reports/WC-330/animation-revision-import-20260906T145925-stderr.log
 create mode 100644 reports/WC-330/animation-revision-import-20260906T145925.log
 create mode 100644 reports/WC-330/animation-revision-import.json
 create mode 100644 reports/WC-330/arena-atlas-revision3.log
 create mode 100644 reports/WC-330/arena-author-revision2.log
 create mode 100644 reports/WC-330/arena-author.log
 create mode 100644 reports/WC-330/arena-canonical-console.log
 create mode 100644 reports/WC-330/arena-canonical-import.log
 create mode 100644 reports/WC-330/arena-canonical-textures.log
 create mode 100644 reports/WC-330/arena-framing-review.log
 create mode 100644 reports/WC-330/arena-full-editor-console.log
 create mode 100644 reports/WC-330/arena-full-editor.log
 create mode 100644 reports/WC-330/arena-import-console.log
 create mode 100644 reports/WC-330/arena-import.json
 create mode 100644 reports/WC-330/arena-import.log
 create mode 100644 reports/WC-330/arena-layout.log
 create mode 100644 reports/WC-330/arena/courtyard_1280x720.png
 create mode 100644 reports/WC-330/arena/courtyard_1920x1080.png
 create mode 100644 reports/WC-330/arena/courtyard_three_quarter.png
 create mode 100644 reports/WC-330/asset-automation-ada-persisted-settings-console.log
 create mode 100644 reports/WC-330/asset-automation-ada-persisted-settings.log
 create mode 100644 reports/WC-330/asset-automation-ada-persisted-settings/imported-assets.json
 create mode 100644 reports/WC-330/asset-automation-ada-persisted-settings/index.html
 create mode 100644 reports/WC-330/asset-automation-ada-persisted-settings/index.json
 create mode 100644 reports/WC-330/asset-automation-first-console.log
 create mode 100644 reports/WC-330/asset-automation-first.log
 create mode 100644 reports/WC-330/asset-automation-first/index.html
 create mode 100644 reports/WC-330/asset-automation-first/index.json
 create mode 100644 reports/WC-330/asset-automation-normalized-console.log
 create mode 100644 reports/WC-330/asset-automation-normalized.log
 create mode 100644 reports/WC-330/asset-automation-normalized/index.html
 create mode 100644 reports/WC-330/asset-automation-normalized/index.json
 create mode 100644 reports/WC-330/audio-pcm-console.log
 create mode 100644 reports/WC-330/audio-pcm-import.log
 create mode 100644 reports/WC-330/calibration-facing-console.log
 create mode 100644 reports/WC-330/calibration-facing-fix.log
 create mode 100644 reports/WC-330/calibration-import.log
 create mode 100644 reports/WC-330/calibration-unreal-before-facing-fix.json
 create mode 100644 reports/WC-330/calibration-unreal-before-up-fix.json
 create mode 100644 reports/WC-330/calibration-unreal.json
 create mode 100644 reports/WC-330/calibration-up-console.log
 create mode 100644 reports/WC-330/calibration-up-fix.log
 create mode 100644 reports/WC-330/crowded-roster-render.log
 create mode 100644 reports/WC-330/crowded-roster-revision4.log
 create mode 100644 reports/WC-330/dagna-revision4-contact-fix.log
 create mode 100644 reports/WC-330/dagna-revision4.log
 create mode 100644 reports/WC-330/dossier-revision5-resume.log
 create mode 100644 reports/WC-330/export-integrity-first-six.json
 create mode 100644 reports/WC-330/export-integrity.json
 create mode 100644 reports/WC-330/import-ada-revision2.json
 create mode 100644 reports/WC-330/import-alpha.json
 create mode 100644 reports/WC-330/import-audio.json
 create mode 100644 reports/WC-330/import-probe/all7-cm-console.log
 create mode 100644 reports/WC-330/import-probe/all7-comparison.json
 create mode 100644 reports/WC-330/import-probe/all7_cm-results.json
 create mode 100644 reports/WC-330/import-probe/comparison.json
 create mode 100644 reports/WC-330/import-probe/findings.md
 create mode 100644 reports/WC-330/import-probe/forward-cm-console.log
 create mode 100644 reports/WC-330/import-probe/forward_cm-results.json
 create mode 100644 reports/WC-330/import-probe/meters-console.log
 create mode 100644 reports/WC-330/import-probe/meters-results.json
 create mode 100644 reports/WC-330/import-probe/normalized-cm-console.log
 create mode 100644 reports/WC-330/import-probe/normalized_cm-results.json
 create mode 100644 reports/WC-330/import-probe/probe_import_properties.py
 create mode 100644 reports/WC-330/import-probe/property-setter-console.log
 create mode 100644 reports/WC-330/import-probe/property-setter-results.json
 create mode 100644 reports/WC-330/import-probe/python-api.txt
 create mode 100644 reports/WC-330/import-selected.json
 create mode 100644 reports/WC-330/import-wc_u_human_guardian.json
 create mode 100644 reports/WC-330/lod-render-review.log
 create mode 100644 reports/WC-330/lod-render-revision4.log
 create mode 100644 reports/WC-330/lod-revision5.log
 create mode 100644 reports/WC-330/mira-author-revision3.log
 create mode 100644 reports/WC-330/normalized-alpha-import-console.log
 create mode 100644 reports/WC-330/normalized-alpha-import-retry-console.log
 create mode 100644 reports/WC-330/normalized-alpha-import-retry.log
 create mode 100644 reports/WC-330/normalized-alpha-import.log
 create mode 100644 reports/WC-330/normalized-cm-copy-trial.log
 create mode 100644 reports/WC-330/normalized-cm-trial.log
 create mode 100644 reports/WC-330/normalized-roster-export.json
 create mode 100644 reports/WC-330/normalized-roster-export.log
 create mode 100644 reports/WC-330/packaged-candidate6-network720-review-evidence.json
 create mode 100644 reports/WC-330/packaged-candidate6-network720-review.md
 create mode 100644 reports/WC-330/packaged-candidate6-network720/client-round-05.png
 create mode 100644 reports/WC-330/packaged-candidate6-network720/client-round-08.png
 create mode 100644 reports/WC-330/packaged-candidate6-network720/client-round-10.png
 create mode 100644 reports/WC-330/packaged-candidate6-network720/client-round-12.png
 create mode 100644 reports/WC-330/packaged-candidate6-network720/client-session-observed.json
 create mode 100644 reports/WC-330/packaged-candidate6-network720/host-round-05.png
 create mode 100644 reports/WC-330/packaged-candidate6-network720/host-round-08.png
 create mode 100644 reports/WC-330/packaged-candidate6-network720/host-round-10.png
 create mode 100644 reports/WC-330/packaged-candidate6-network720/host-round-12.png
 create mode 100644 reports/WC-330/packaged-candidate6-network720/host-session-observed.json
 create mode 100644 reports/WC-330/reimport-persisted-settings-ada-console.log
 create mode 100644 reports/WC-330/reimport-persisted-settings-ada.log
 create mode 100644 reports/WC-330/reimport-persisted-settings-roster-console.log
 create mode 100644 reports/WC-330/reimport-persisted-settings-roster.log
 create mode 100644 reports/WC-330/remaining-heroes-author.log
 create mode 100644 reports/WC-330/remaining-heroes-resume.log
 create mode 100644 reports/WC-330/rest-skeleton-parity-revision6.log
 create mode 100644 reports/WC-330/rest-skeleton-parity.json
 create mode 100644 reports/WC-330/rest-skeleton-parity.log
 create mode 100644 reports/WC-330/revision3-ledger.json
 create mode 100644 reports/WC-330/revision4-ledger.json
 create mode 100644 reports/WC-330/roster-revision4-resume.log
 create mode 100644 reports/WC-330/roster-revision4.log
 create mode 100644 reports/WC-330/roster/84_key_pose_contact_sheet.png
 create mode 100644 reports/WC-330/roster/crowded_board.json
 create mode 100644 reports/WC-330/roster/crowded_board_1280x720.png
 create mode 100644 reports/WC-330/roster/crowded_board_1920x1080.png
 create mode 100644 reports/WC-330/roster/lod-render-evidence.json
 create mode 100644 reports/WC-330/roster/lod_comparison_1.png
 create mode 100644 reports/WC-330/roster/lod_comparison_2.png
 create mode 100644 reports/WC-330/roster/silhouette-render-evidence.json
 create mode 100644 reports/WC-330/roster/support-motion-render-evidence.json
 create mode 100644 reports/WC-330/roster/support_motion_contact_sheet.png
 create mode 100644 reports/WC-330/roster/twelve_hero_portraits.png
 create mode 100644 reports/WC-330/shipping-normal1080-review-evidence.json
 create mode 100644 reports/WC-330/shipping-normal1080-review.md
 create mode 100644 reports/WC-330/shipping-normal1080/launch.json
 create mode 100644 reports/WC-330/shipping-normal1080/match-1-seat-0-pid-44708-active-def-0.png
 create mode 100644 reports/WC-330/shipping-normal1080/match-1-seat-0-pid-44708-active-def-1.png
 create mode 100644 reports/WC-330/shipping-normal1080/match-1-seat-0-pid-44708-active-def-11.png
 create mode 100644 reports/WC-330/shipping-normal1080/match-1-seat-0-pid-44708-active-def-2.png
 create mode 100644 reports/WC-330/shipping-normal1080/match-1-seat-0-pid-44708-active-def-3.png
 create mode 100644 reports/WC-330/shipping-normal1080/match-1-seat-0-pid-44708-active-def-4.png
 create mode 100644 reports/WC-330/shipping-normal1080/match-1-seat-0-pid-44708-active-def-5.png
 create mode 100644 reports/WC-330/shipping-normal1080/match-1-seat-0-pid-44708-active-def-6.png
 create mode 100644 reports/WC-330/shipping-normal1080/match-1-seat-0-pid-44708-active-def-7.png
 create mode 100644 reports/WC-330/shipping-normal1080/match-1-seat-0-pid-44708-active-def-8.png
 create mode 100644 reports/WC-330/shipping-normal1080/match-1-seat-0-pid-44708-active-def-9.png
 create mode 100644 reports/WC-330/shipping-normal1080/match-1-seat-0-pid-44708-phase-1-round-10.png
 create mode 100644 reports/WC-330/shipping-normal1080/match-1-seat-0-pid-44708-phase-1-round-11.png
 create mode 100644 reports/WC-330/shipping-normal1080/match-1-seat-0-pid-44708-phase-1-round-2.png
 create mode 100644 reports/WC-330/shipping-normal1080/match-1-seat-0-pid-44708-phase-1-round-6.png
 create mode 100644 reports/WC-330/shipping-normal1080/match-1-seat-0-pid-44708-phase-1-round-9.png
 create mode 100644 reports/WC-330/shipping-normal1080/match-1-seat-0-pid-44708-session.json
 create mode 100644 reports/WC-330/shipping-normal1080/match-1-seat-0-pid-44708-skill-shots.jsonl
 create mode 100644 reports/WC-330/shipping-routed-skills720-review-evidence.json
 create mode 100644 reports/WC-330/shipping-routed-skills720-review.md
 create mode 100644 reports/WC-330/shipping-routed-skills720/client-active-def-00.png
 create mode 100644 reports/WC-330/shipping-routed-skills720/client-active-def-01.png
 create mode 100644 reports/WC-330/shipping-routed-skills720/client-active-def-02.png
 create mode 100644 reports/WC-330/shipping-routed-skills720/client-active-def-03.png
 create mode 100644 reports/WC-330/shipping-routed-skills720/client-active-def-04.png
 create mode 100644 reports/WC-330/shipping-routed-skills720/client-active-def-05.png
 create mode 100644 reports/WC-330/shipping-routed-skills720/client-active-def-06.png
 create mode 100644 reports/WC-330/shipping-routed-skills720/client-active-def-07.png
 create mode 100644 reports/WC-330/shipping-routed-skills720/client-active-def-08.png
 create mode 100644 reports/WC-330/shipping-routed-skills720/client-active-def-09.png
 create mode 100644 reports/WC-330/shipping-routed-skills720/client-launch.json
 create mode 100644 reports/WC-330/shipping-routed-skills720/client-match1-session.json
 create mode 100644 reports/WC-330/shipping-routed-skills720/client-session.json
 create mode 100644 reports/WC-330/shipping-routed-skills720/client-skill-shots.jsonl
 create mode 100644 reports/WC-330/shipping-routed-skills720/host-active-def-00.png
 create mode 100644 reports/WC-330/shipping-routed-skills720/host-active-def-01.png
 create mode 100644 reports/WC-330/shipping-routed-skills720/host-active-def-02.png
 create mode 100644 reports/WC-330/shipping-routed-skills720/host-active-def-03.png
 create mode 100644 reports/WC-330/shipping-routed-skills720/host-active-def-04.png
 create mode 100644 reports/WC-330/shipping-routed-skills720/host-active-def-05.png
 create mode 100644 reports/WC-330/shipping-routed-skills720/host-active-def-06.png
 create mode 100644 reports/WC-330/shipping-routed-skills720/host-active-def-07.png
 create mode 100644 reports/WC-330/shipping-routed-skills720/host-active-def-08.png
 create mode 100644 reports/WC-330/shipping-routed-skills720/host-active-def-09.png
 create mode 100644 reports/WC-330/shipping-routed-skills720/host-active-def-11.png
 create mode 100644 reports/WC-330/shipping-routed-skills720/host-launch.json
 create mode 100644 reports/WC-330/shipping-routed-skills720/host-match1-session.json
 create mode 100644 reports/WC-330/shipping-routed-skills720/host-session.json
 create mode 100644 reports/WC-330/shipping-routed-skills720/host-skill-shots.jsonl
 create mode 100644 reports/WC-330/shipping-spectator-fix-review-evidence.json
 create mode 100644 reports/WC-330/shipping-spectator-fix-review.md
 create mode 100644 reports/WC-330/shipping-spectator-fix/launch.json
 create mode 100644 reports/WC-330/shipping-spectator-fix/round-10.png
 create mode 100644 reports/WC-330/shipping-spectator-fix/round-11.png
 create mode 100644 reports/WC-330/shipping-spectator-fix/round-12.png
 create mode 100644 reports/WC-330/shipping-spectator-fix/round-13.png
 create mode 100644 reports/WC-330/shipping-spectator-fix/round-14.png
 create mode 100644 reports/WC-330/shipping-spectator-fix/session.json
 create mode 100644 reports/WC-330/silhouette-render-revision4.log
 create mode 100644 reports/WC-330/silhouette-revision5.log
 create mode 100644 reports/WC-330/skeleton-persistence-incident.json
 create mode 100644 reports/WC-330/skeleton-persistence-six-console.log
 create mode 100644 reports/WC-330/skeleton-persistence-six.log
 create mode 100644 reports/WC-330/support-motion-review.log
 create mode 100644 reports/WC-330/support-motion-revision5.log
 create mode 100644 reports/WC-330/three-dossier-revision5.log
 create mode 100644 reports/WC-330/unreal-art-review-candidate4/hashes.json
 create mode 100644 reports/WC-330/unreal-art-review-candidate4/pose-00.png
 create mode 100644 reports/WC-330/unreal-art-review-candidate4/pose-01.png
 create mode 100644 reports/WC-330/unreal-art-review-candidate4/pose-02.png
 create mode 100644 reports/WC-330/unreal-art-review-candidate4/pose-03.png
 create mode 100644 reports/WC-330/unreal-art-review-candidate4/pose-04.png
 create mode 100644 reports/WC-330/unreal-art-review-candidate4/pose-05.png
 create mode 100644 reports/WC-330/unreal-art-review-candidate4/pose-06.png
 create mode 100644 reports/WC-330/unreal-art-review-candidate4/pose-07.png
 create mode 100644 reports/WC-330/unreal-art-review-candidate4/pose-08.png
 create mode 100644 reports/WC-330/unreal-art-review-candidate4/pose-09.png
 create mode 100644 reports/WC-330/unreal-art-review-candidate4/pose-10.png
 create mode 100644 reports/WC-330/unreal-art-review-candidate4/pose-11.png
 create mode 100644 reports/WC-330/unreal-art-review-candidate4/pose-12.png
 create mode 100644 reports/WC-330/unreal-art-review-candidate4/pose-13.png
 create mode 100644 reports/WC-330/unreal-art-review-candidate4/pose-14.png
 create mode 100644 reports/WC-330/unreal-art-review-candidate4/pose-15.png
 create mode 100644 reports/WC-330/unreal-art-review-candidate4/pose-16.png
 create mode 100644 reports/WC-330/unreal-art-review-candidate4/pose-17.png
 create mode 100644 reports/WC-330/unreal-art-review-candidate4/pose-18.png
 create mode 100644 reports/WC-330/unreal-art-review-candidate4/pose-19.png
 create mode 100644 reports/WC-330/unreal-art-review-candidate4/pose-20.png
 create mode 100644 reports/WC-330/unreal-art-review-candidate6-cleanup.json
 create mode 100644 reports/WC-330/unreal-art-review-candidate6-launch.json
 create mode 100644 reports/WC-330/unreal-art-review-candidate6.log
 create mode 100644 reports/WC-330/unreal-art-review-console.log
 create mode 100644 reports/WC-330/unreal-art-review-revision6/pose-00.png
 create mode 100644 reports/WC-330/unreal-art-review-revision6/pose-01.png
 create mode 100644 reports/WC-330/unreal-art-review-revision6/pose-02.png
 create mode 100644 reports/WC-330/unreal-art-review-revision6/pose-03.png
 create mode 100644 reports/WC-330/unreal-art-review-revision6/pose-04.png
 create mode 100644 reports/WC-330/unreal-art-review-revision6/pose-05.png
 create mode 100644 reports/WC-330/unreal-art-review-revision6/pose-06.png
 create mode 100644 reports/WC-330/unreal-art-review-revision6/pose-07.png
 create mode 100644 reports/WC-330/unreal-art-review-revision6/pose-08.png
 create mode 100644 reports/WC-330/unreal-art-review-revision6/pose-09.png
 create mode 100644 reports/WC-330/unreal-art-review-revision6/pose-10.png
 create mode 100644 reports/WC-330/unreal-art-review-revision6/pose-11.png
 create mode 100644 reports/WC-330/unreal-art-review-revision6/pose-12.png
 create mode 100644 reports/WC-330/unreal-art-review-revision6/pose-13.png
 create mode 100644 reports/WC-330/unreal-art-review-revision6/pose-14.png
 create mode 100644 reports/WC-330/unreal-art-review-revision6/pose-15.png
 create mode 100644 reports/WC-330/unreal-art-review-revision6/pose-16.png
 create mode 100644 reports/WC-330/unreal-art-review-revision6/pose-17.png
 create mode 100644 reports/WC-330/unreal-art-review-revision6/pose-18.png
 create mode 100644 reports/WC-330/unreal-art-review-revision6/pose-19.png
 create mode 100644 reports/WC-330/unreal-art-review-revision6/pose-20.png
 create mode 100644 reports/WC-330/unreal-art-review.log
 create mode 100644 reports/WC-330/unreal-art-review/match-0-seat-0-pid-6708-frames.csv
 create mode 100644 reports/WC-330/unreal-art-review/match-0-seat-0-pid-6708-phase--1-round-0.png
 create mode 100644 reports/WC-330/unreal-art-review/match-0-seat-0-pid-6708-session.json
 create mode 100644 reports/WC-330/unreal-art-review/match-0-seat-0-pid-6708-snapshots.jsonl
 create mode 100644 reports/WC-330/unreal-art-review/session.json
 create mode 100644 reports/WC-330/unreal-visual-review-evidence.json
 create mode 100644 reports/WC-330/unreal-visual-review-revision6-evidence.json
 create mode 100644 reports/WC-330/unreal-visual-review-revision6.md
 create mode 100644 reports/WC-330/unreal-visual-review.md
 create mode 100644 reports/WC-330/wc_u_dwarf_guardian/LOD0_192px.png
 create mode 100644 reports/WC-330/wc_u_dwarf_guardian/LOD1_192px.png
 create mode 100644 reports/WC-330/wc_u_dwarf_guardian/LOD2_192px.png
 create mode 100644 reports/WC-330/wc_u_dwarf_guardian/back.png
 create mode 100644 reports/WC-330/wc_u_dwarf_guardian/clip_Active.png
 create mode 100644 reports/WC-330/wc_u_dwarf_guardian/clip_Attack.png
 create mode 100644 reports/WC-330/wc_u_dwarf_guardian/clip_Defeat.png
 create mode 100644 reports/WC-330/wc_u_dwarf_guardian/clip_Hit.png
 create mode 100644 reports/WC-330/wc_u_dwarf_guardian/clip_Idle.png
 create mode 100644 reports/WC-330/wc_u_dwarf_guardian/clip_Move.png
 create mode 100644 reports/WC-330/wc_u_dwarf_guardian/clip_Victory.png
 create mode 100644 reports/WC-330/wc_u_dwarf_guardian/contact_Active_anticipation.png
 create mode 100644 reports/WC-330/wc_u_dwarf_guardian/contact_Active_recovery.png
 create mode 100644 reports/WC-330/wc_u_dwarf_guardian/contact_Active_release.png
 create mode 100644 reports/WC-330/wc_u_dwarf_guardian/contact_Attack_anticipation.png
 create mode 100644 reports/WC-330/wc_u_dwarf_guardian/contact_Attack_recovery.png
 create mode 100644 reports/WC-330/wc_u_dwarf_guardian/contact_Attack_release.png
 create mode 100644 reports/WC-330/wc_u_dwarf_guardian/contact_Move_anticipation.png
 create mode 100644 reports/WC-330/wc_u_dwarf_guardian/contact_Move_recovery.png
 create mode 100644 reports/WC-330/wc_u_dwarf_guardian/contact_Move_release.png
 create mode 100644 reports/WC-330/wc_u_dwarf_guardian/front.png
 create mode 100644 reports/WC-330/wc_u_dwarf_guardian/motion-invariants.json
 create mode 100644 reports/WC-330/wc_u_dwarf_guardian/preview_96px.png
 create mode 100644 reports/WC-330/wc_u_dwarf_guardian/side.png
 create mode 100644 reports/WC-330/wc_u_dwarf_guardian/silhouette.png
 create mode 100644 reports/WC-330/wc_u_dwarf_guardian/structural.json
 create mode 100644 reports/WC-330/wc_u_dwarf_ranger/LOD0_192px.png
 create mode 100644 reports/WC-330/wc_u_dwarf_ranger/LOD1_192px.png
 create mode 100644 reports/WC-330/wc_u_dwarf_ranger/LOD2_192px.png
 create mode 100644 reports/WC-330/wc_u_dwarf_ranger/back.png
 create mode 100644 reports/WC-330/wc_u_dwarf_ranger/clip_Active.png
 create mode 100644 reports/WC-330/wc_u_dwarf_ranger/clip_Attack.png
 create mode 100644 reports/WC-330/wc_u_dwarf_ranger/clip_Defeat.png
 create mode 100644 reports/WC-330/wc_u_dwarf_ranger/clip_Hit.png
 create mode 100644 reports/WC-330/wc_u_dwarf_ranger/clip_Idle.png
 create mode 100644 reports/WC-330/wc_u_dwarf_ranger/clip_Move.png
 create mode 100644 reports/WC-330/wc_u_dwarf_ranger/clip_Victory.png
 create mode 100644 reports/WC-330/wc_u_dwarf_ranger/contact_Active_anticipation.png
 create mode 100644 reports/WC-330/wc_u_dwarf_ranger/contact_Active_recovery.png
 create mode 100644 reports/WC-330/wc_u_dwarf_ranger/contact_Active_release.png
 create mode 100644 reports/WC-330/wc_u_dwarf_ranger/contact_Attack_anticipation.png
 create mode 100644 reports/WC-330/wc_u_dwarf_ranger/contact_Attack_recovery.png
 create mode 100644 reports/WC-330/wc_u_dwarf_ranger/contact_Attack_release.png
 create mode 100644 reports/WC-330/wc_u_dwarf_ranger/contact_Move_anticipation.png
 create mode 100644 reports/WC-330/wc_u_dwarf_ranger/contact_Move_recovery.png
 create mode 100644 reports/WC-330/wc_u_dwarf_ranger/contact_Move_release.png
 create mode 100644 reports/WC-330/wc_u_dwarf_ranger/front.png
 create mode 100644 reports/WC-330/wc_u_dwarf_ranger/motion-invariants.json
 create mode 100644 reports/WC-330/wc_u_dwarf_ranger/preview_96px.png
 create mode 100644 reports/WC-330/wc_u_dwarf_ranger/side.png
 create mode 100644 reports/WC-330/wc_u_dwarf_ranger/silhouette.png
 create mode 100644 reports/WC-330/wc_u_dwarf_ranger/structural.json
 create mode 100644 reports/WC-330/wc_u_dwarf_warrior/LOD0_192px.png
 create mode 100644 reports/WC-330/wc_u_dwarf_warrior/LOD1_192px.png
 create mode 100644 reports/WC-330/wc_u_dwarf_warrior/LOD2_192px.png
 create mode 100644 reports/WC-330/wc_u_dwarf_warrior/back.png
 create mode 100644 reports/WC-330/wc_u_dwarf_warrior/clip_Active.png
 create mode 100644 reports/WC-330/wc_u_dwarf_warrior/clip_Attack.png
 create mode 100644 reports/WC-330/wc_u_dwarf_warrior/clip_Defeat.png
 create mode 100644 reports/WC-330/wc_u_dwarf_warrior/clip_Hit.png
 create mode 100644 reports/WC-330/wc_u_dwarf_warrior/clip_Idle.png
 create mode 100644 reports/WC-330/wc_u_dwarf_warrior/clip_Move.png
 create mode 100644 reports/WC-330/wc_u_dwarf_warrior/clip_Victory.png
 create mode 100644 reports/WC-330/wc_u_dwarf_warrior/contact_Active_anticipation.png
 create mode 100644 reports/WC-330/wc_u_dwarf_warrior/contact_Active_recovery.png
 create mode 100644 reports/WC-330/wc_u_dwarf_warrior/contact_Active_release.png
 create mode 100644 reports/WC-330/wc_u_dwarf_warrior/contact_Attack_anticipation.png
 create mode 100644 reports/WC-330/wc_u_dwarf_warrior/contact_Attack_recovery.png
 create mode 100644 reports/WC-330/wc_u_dwarf_warrior/contact_Attack_release.png
 create mode 100644 reports/WC-330/wc_u_dwarf_warrior/contact_Move_anticipation.png
 create mode 100644 reports/WC-330/wc_u_dwarf_warrior/contact_Move_recovery.png
 create mode 100644 reports/WC-330/wc_u_dwarf_warrior/contact_Move_release.png
 create mode 100644 reports/WC-330/wc_u_dwarf_warrior/front.png
 create mode 100644 reports/WC-330/wc_u_dwarf_warrior/motion-invariants.json
 create mode 100644 reports/WC-330/wc_u_dwarf_warrior/preview_96px.png
 create mode 100644 reports/WC-330/wc_u_dwarf_warrior/side.png
 create mode 100644 reports/WC-330/wc_u_dwarf_warrior/silhouette.png
 create mode 100644 reports/WC-330/wc_u_dwarf_warrior/structural.json
 create mode 100644 reports/WC-330/wc_u_elf_priest/LOD0_192px.png
 create mode 100644 reports/WC-330/wc_u_elf_priest/LOD1_192px.png
 create mode 100644 reports/WC-330/wc_u_elf_priest/LOD2_192px.png
 create mode 100644 reports/WC-330/wc_u_elf_priest/back.png
 create mode 100644 reports/WC-330/wc_u_elf_priest/clip_Active.png
 create mode 100644 reports/WC-330/wc_u_elf_priest/clip_Attack.png
 create mode 100644 reports/WC-330/wc_u_elf_priest/clip_Defeat.png
 create mode 100644 reports/WC-330/wc_u_elf_priest/clip_Hit.png
 create mode 100644 reports/WC-330/wc_u_elf_priest/clip_Idle.png
 create mode 100644 reports/WC-330/wc_u_elf_priest/clip_Move.png
 create mode 100644 reports/WC-330/wc_u_elf_priest/clip_Victory.png
 create mode 100644 reports/WC-330/wc_u_elf_priest/contact_Active_anticipation.png
 create mode 100644 reports/WC-330/wc_u_elf_priest/contact_Active_recovery.png
 create mode 100644 reports/WC-330/wc_u_elf_priest/contact_Active_release.png
 create mode 100644 reports/WC-330/wc_u_elf_priest/contact_Attack_anticipation.png
 create mode 100644 reports/WC-330/wc_u_elf_priest/contact_Attack_recovery.png
 create mode 100644 reports/WC-330/wc_u_elf_priest/contact_Attack_release.png
 create mode 100644 reports/WC-330/wc_u_elf_priest/contact_Move_anticipation.png
 create mode 100644 reports/WC-330/wc_u_elf_priest/contact_Move_recovery.png
 create mode 100644 reports/WC-330/wc_u_elf_priest/contact_Move_release.png
 create mode 100644 reports/WC-330/wc_u_elf_priest/front.png
 create mode 100644 reports/WC-330/wc_u_elf_priest/motion-invariants.json
 create mode 100644 reports/WC-330/wc_u_elf_priest/preview_96px.png
 create mode 100644 reports/WC-330/wc_u_elf_priest/side.png
 create mode 100644 reports/WC-330/wc_u_elf_priest/silhouette.png
 create mode 100644 reports/WC-330/wc_u_elf_priest/structural.json
 create mode 100644 reports/WC-330/wc_u_elf_ranger/LOD0_192px.png
 create mode 100644 reports/WC-330/wc_u_elf_ranger/LOD1_192px.png
 create mode 100644 reports/WC-330/wc_u_elf_ranger/LOD2_192px.png
 create mode 100644 reports/WC-330/wc_u_elf_ranger/back.png
 create mode 100644 reports/WC-330/wc_u_elf_ranger/clip_Active.png
 create mode 100644 reports/WC-330/wc_u_elf_ranger/clip_Attack.png
 create mode 100644 reports/WC-330/wc_u_elf_ranger/clip_Defeat.png
 create mode 100644 reports/WC-330/wc_u_elf_ranger/clip_Hit.png
 create mode 100644 reports/WC-330/wc_u_elf_ranger/clip_Idle.png
 create mode 100644 reports/WC-330/wc_u_elf_ranger/clip_Move.png
 create mode 100644 reports/WC-330/wc_u_elf_ranger/clip_Victory.png
 create mode 100644 reports/WC-330/wc_u_elf_ranger/contact_Active_anticipation.png
 create mode 100644 reports/WC-330/wc_u_elf_ranger/contact_Active_recovery.png
 create mode 100644 reports/WC-330/wc_u_elf_ranger/contact_Active_release.png
 create mode 100644 reports/WC-330/wc_u_elf_ranger/contact_Attack_anticipation.png
 create mode 100644 reports/WC-330/wc_u_elf_ranger/contact_Attack_recovery.png
 create mode 100644 reports/WC-330/wc_u_elf_ranger/contact_Attack_release.png
 create mode 100644 reports/WC-330/wc_u_elf_ranger/contact_Move_anticipation.png
 create mode 100644 reports/WC-330/wc_u_elf_ranger/contact_Move_recovery.png
 create mode 100644 reports/WC-330/wc_u_elf_ranger/contact_Move_release.png
 create mode 100644 reports/WC-330/wc_u_elf_ranger/front.png
 create mode 100644 reports/WC-330/wc_u_elf_ranger/motion-invariants.json
 create mode 100644 reports/WC-330/wc_u_elf_ranger/preview_96px.png
 create mode 100644 reports/WC-330/wc_u_elf_ranger/side.png
 create mode 100644 reports/WC-330/wc_u_elf_ranger/silhouette.png
 create mode 100644 reports/WC-330/wc_u_elf_ranger/structural.json
 create mode 100644 reports/WC-330/wc_u_elf_rogue/LOD0_192px.png
 create mode 100644 reports/WC-330/wc_u_elf_rogue/LOD1_192px.png
 create mode 100644 reports/WC-330/wc_u_elf_rogue/LOD2_192px.png
 create mode 100644 reports/WC-330/wc_u_elf_rogue/back.png
 create mode 100644 reports/WC-330/wc_u_elf_rogue/clip_Active.png
 create mode 100644 reports/WC-330/wc_u_elf_rogue/clip_Attack.png
 create mode 100644 reports/WC-330/wc_u_elf_rogue/clip_Defeat.png
 create mode 100644 reports/WC-330/wc_u_elf_rogue/clip_Hit.png
 create mode 100644 reports/WC-330/wc_u_elf_rogue/clip_Idle.png
 create mode 100644 reports/WC-330/wc_u_elf_rogue/clip_Move.png
 create mode 100644 reports/WC-330/wc_u_elf_rogue/clip_Victory.png
 create mode 100644 reports/WC-330/wc_u_elf_rogue/front.png
 create mode 100644 reports/WC-330/wc_u_elf_rogue/motion-invariants.json
 create mode 100644 reports/WC-330/wc_u_elf_rogue/preview_96px.png
 create mode 100644 reports/WC-330/wc_u_elf_rogue/side.png
 create mode 100644 reports/WC-330/wc_u_elf_rogue/silhouette.png
 create mode 100644 reports/WC-330/wc_u_elf_rogue/structural.json
 create mode 100644 reports/WC-330/wc_u_human_guardian/LOD0_192px.png
 create mode 100644 reports/WC-330/wc_u_human_guardian/LOD1_192px.png
 create mode 100644 reports/WC-330/wc_u_human_guardian/LOD2_192px.png
 create mode 100644 reports/WC-330/wc_u_human_guardian/back.png
 create mode 100644 reports/WC-330/wc_u_human_guardian/clip_Active.png
 create mode 100644 reports/WC-330/wc_u_human_guardian/clip_Attack.png
 create mode 100644 reports/WC-330/wc_u_human_guardian/clip_Defeat.png
 create mode 100644 reports/WC-330/wc_u_human_guardian/clip_Hit.png
 create mode 100644 reports/WC-330/wc_u_human_guardian/clip_Idle.png
 create mode 100644 reports/WC-330/wc_u_human_guardian/clip_Move.png
 create mode 100644 reports/WC-330/wc_u_human_guardian/clip_Victory.png
 create mode 100644 reports/WC-330/wc_u_human_guardian/front.png
 create mode 100644 reports/WC-330/wc_u_human_guardian/motion-invariants.json
 create mode 100644 reports/WC-330/wc_u_human_guardian/preview_96px.png
 create mode 100644 reports/WC-330/wc_u_human_guardian/side.png
 create mode 100644 reports/WC-330/wc_u_human_guardian/silhouette.png
 create mode 100644 reports/WC-330/wc_u_human_guardian/structural.json
 create mode 100644 reports/WC-330/wc_u_human_mage/LOD0_192px.png
 create mode 100644 reports/WC-330/wc_u_human_mage/LOD1_192px.png
 create mode 100644 reports/WC-330/wc_u_human_mage/LOD2_192px.png
 create mode 100644 reports/WC-330/wc_u_human_mage/back.png
 create mode 100644 reports/WC-330/wc_u_human_mage/clip_Active.png
 create mode 100644 reports/WC-330/wc_u_human_mage/clip_Attack.png
 create mode 100644 reports/WC-330/wc_u_human_mage/clip_Defeat.png
 create mode 100644 reports/WC-330/wc_u_human_mage/clip_Hit.png
 create mode 100644 reports/WC-330/wc_u_human_mage/clip_Idle.png
 create mode 100644 reports/WC-330/wc_u_human_mage/clip_Move.png
 create mode 100644 reports/WC-330/wc_u_human_mage/clip_Victory.png
 create mode 100644 reports/WC-330/wc_u_human_mage/front.png
 create mode 100644 reports/WC-330/wc_u_human_mage/motion-invariants.json
 create mode 100644 reports/WC-330/wc_u_human_mage/preview_96px.png
 create mode 100644 reports/WC-330/wc_u_human_mage/side.png
 create mode 100644 reports/WC-330/wc_u_human_mage/silhouette.png
 create mode 100644 reports/WC-330/wc_u_human_mage/structural.json
 create mode 100644 reports/WC-330/wc_u_human_priest/LOD0_192px.png
 create mode 100644 reports/WC-330/wc_u_human_priest/LOD1_192px.png
 create mode 100644 reports/WC-330/wc_u_human_priest/LOD2_192px.png
 create mode 100644 reports/WC-330/wc_u_human_priest/back.png
 create mode 100644 reports/WC-330/wc_u_human_priest/clip_Active.png
 create mode 100644 reports/WC-330/wc_u_human_priest/clip_Attack.png
 create mode 100644 reports/WC-330/wc_u_human_priest/clip_Defeat.png
 create mode 100644 reports/WC-330/wc_u_human_priest/clip_Hit.png
 create mode 100644 reports/WC-330/wc_u_human_priest/clip_Idle.png
 create mode 100644 reports/WC-330/wc_u_human_priest/clip_Move.png
 create mode 100644 reports/WC-330/wc_u_human_priest/clip_Victory.png
 create mode 100644 reports/WC-330/wc_u_human_priest/front.png
 create mode 100644 reports/WC-330/wc_u_human_priest/motion-invariants.json
 create mode 100644 reports/WC-330/wc_u_human_priest/preview_96px.png
 create mode 100644 reports/WC-330/wc_u_human_priest/side.png
 create mode 100644 reports/WC-330/wc_u_human_priest/silhouette.png
 create mode 100644 reports/WC-330/wc_u_human_priest/structural.json
 create mode 100644 reports/WC-330/wc_u_orc_mage/LOD0_192px.png
 create mode 100644 reports/WC-330/wc_u_orc_mage/LOD1_192px.png
 create mode 100644 reports/WC-330/wc_u_orc_mage/LOD2_192px.png
 create mode 100644 reports/WC-330/wc_u_orc_mage/back.png
 create mode 100644 reports/WC-330/wc_u_orc_mage/clip_Active.png
 create mode 100644 reports/WC-330/wc_u_orc_mage/clip_Attack.png
 create mode 100644 reports/WC-330/wc_u_orc_mage/clip_Defeat.png
 create mode 100644 reports/WC-330/wc_u_orc_mage/clip_Hit.png
 create mode 100644 reports/WC-330/wc_u_orc_mage/clip_Idle.png
 create mode 100644 reports/WC-330/wc_u_orc_mage/clip_Move.png
 create mode 100644 reports/WC-330/wc_u_orc_mage/clip_Victory.png
 create mode 100644 reports/WC-330/wc_u_orc_mage/front.png
 create mode 100644 reports/WC-330/wc_u_orc_mage/motion-invariants.json
 create mode 100644 reports/WC-330/wc_u_orc_mage/preview_96px.png
 create mode 100644 reports/WC-330/wc_u_orc_mage/side.png
 create mode 100644 reports/WC-330/wc_u_orc_mage/silhouette.png
 create mode 100644 reports/WC-330/wc_u_orc_mage/structural.json
 create mode 100644 reports/WC-330/wc_u_orc_rogue/LOD0_192px.png
 create mode 100644 reports/WC-330/wc_u_orc_rogue/LOD1_192px.png
 create mode 100644 reports/WC-330/wc_u_orc_rogue/LOD2_192px.png
 create mode 100644 reports/WC-330/wc_u_orc_rogue/back.png
 create mode 100644 reports/WC-330/wc_u_orc_rogue/clip_Active.png
 create mode 100644 reports/WC-330/wc_u_orc_rogue/clip_Attack.png
 create mode 100644 reports/WC-330/wc_u_orc_rogue/clip_Defeat.png
 create mode 100644 reports/WC-330/wc_u_orc_rogue/clip_Hit.png
 create mode 100644 reports/WC-330/wc_u_orc_rogue/clip_Idle.png
 create mode 100644 reports/WC-330/wc_u_orc_rogue/clip_Move.png
 create mode 100644 reports/WC-330/wc_u_orc_rogue/clip_Victory.png
 create mode 100644 reports/WC-330/wc_u_orc_rogue/front.png
 create mode 100644 reports/WC-330/wc_u_orc_rogue/motion-invariants.json
 create mode 100644 reports/WC-330/wc_u_orc_rogue/preview_96px.png
 create mode 100644 reports/WC-330/wc_u_orc_rogue/side.png
 create mode 100644 reports/WC-330/wc_u_orc_rogue/silhouette.png
 create mode 100644 reports/WC-330/wc_u_orc_rogue/structural.json
 create mode 100644 reports/WC-330/wc_u_orc_warrior/LOD0_192px.png
 create mode 100644 reports/WC-330/wc_u_orc_warrior/LOD1_192px.png
 create mode 100644 reports/WC-330/wc_u_orc_warrior/LOD2_192px.png
 create mode 100644 reports/WC-330/wc_u_orc_warrior/back.png
 create mode 100644 reports/WC-330/wc_u_orc_warrior/clip_Active.png
 create mode 100644 reports/WC-330/wc_u_orc_warrior/clip_Attack.png
 create mode 100644 reports/WC-330/wc_u_orc_warrior/clip_Defeat.png
 create mode 100644 reports/WC-330/wc_u_orc_warrior/clip_Hit.png
 create mode 100644 reports/WC-330/wc_u_orc_warrior/clip_Idle.png
 create mode 100644 reports/WC-330/wc_u_orc_warrior/clip_Move.png
 create mode 100644 reports/WC-330/wc_u_orc_warrior/clip_Victory.png
 create mode 100644 reports/WC-330/wc_u_orc_warrior/front.png
 create mode 100644 reports/WC-330/wc_u_orc_warrior/motion-invariants.json
 create mode 100644 reports/WC-330/wc_u_orc_warrior/preview_96px.png
 create mode 100644 reports/WC-330/wc_u_orc_warrior/side.png
 create mode 100644 reports/WC-330/wc_u_orc_warrior/silhouette.png
 create mode 100644 reports/WC-330/wc_u_orc_warrior/structural.json
 create mode 100644 reports/WC-340/SM_WC_ArrowGlyph.png
 create mode 100644 reports/WC-340/SM_WC_BoltGlyph.png
 create mode 100644 reports/WC-340/effect-import-console.log
 create mode 100644 reports/WC-340/effect-import-review.md
 create mode 100644 reports/WC-340/effect-import-uv2-console.log
 create mode 100644 reports/WC-340/effect-import-uv2.json
 create mode 100644 reports/WC-340/effect-import.json
 create mode 100644 reports/WC-340/projectile-glyphs-uv-fix.log
 create mode 100644 reports/WC-340/projectile-glyphs.log
 create mode 100644 reports/WC-340/projectile-manifest-before-uv-fix.json
 create mode 100644 reports/WC-350/audio-validation.json
 create mode 100644 reports/WC-350/audio-validation.md
 create mode 100644 reports/WC-350/candidate2-editor-build.log
 create mode 100644 reports/WC-350/candidate2-editor-retry.log
 create mode 100644 reports/WC-350/candidate3-editor-build.log
 create mode 100644 reports/WC-350/candidate3-editor-retry.log
 create mode 100644 reports/WC-350/candidate4-editor-build.log
 create mode 100644 reports/WC-350/candidate5-editor-build.log
 create mode 100644 reports/WC-350/candidate6-editor-build.log
 create mode 100644 reports/WC-350/candidate6-final-editor-build.log
 create mode 100644 reports/WC-350/first-ui.log
 create mode 100644 reports/WC-350/first-ui/match-0-seat-0-pid-41292-frames.csv
 create mode 100644 reports/WC-350/first-ui/match-0-seat-0-pid-41292-phase--1-round-0.png
 create mode 100644 reports/WC-350/first-ui/match-0-seat-0-pid-41292-session.json
 create mode 100644 reports/WC-350/first-ui/match-0-seat-0-pid-41292-snapshots.jsonl
 create mode 100644 reports/WC-350/first-ui/match-1-seat-0-pid-41292-frames.csv
 create mode 100644 reports/WC-350/first-ui/match-1-seat-0-pid-41292-phase-0-round-1.png
 create mode 100644 reports/WC-350/first-ui/match-1-seat-0-pid-41292-phase-1-round-1.png
 create mode 100644 reports/WC-350/first-ui/match-1-seat-0-pid-41292-session.json
 create mode 100644 reports/WC-350/first-ui/match-1-seat-0-pid-41292-snapshots.jsonl
 create mode 100644 reports/WC-350/first-ui/session.json
 create mode 100644 reports/WC-350/hero-audio-cold-verify.py
 create mode 100644 reports/WC-350/hero-audio-generation.log
 create mode 100644 reports/WC-350/hero-audio-import-before.json
 create mode 100644 reports/WC-350/hero-audio-import-cold.json
 create mode 100644 reports/WC-350/hero-audio-import.log
 create mode 100644 reports/WC-350/hero-audio-review.md
 create mode 100644 reports/WC-350/hero-audio.json
 create mode 100644 reports/WC-350/manual-ui-v4-console.log
 create mode 100644 reports/WC-350/manual-ui-v4.log
 create mode 100644 reports/WC-350/manual-ui-v4/match-0-seat-0-pid-39856-frames.csv
 create mode 100644 reports/WC-350/manual-ui-v4/match-0-seat-0-pid-39856-phase--1-round-0.png
 create mode 100644 reports/WC-350/manual-ui-v4/match-0-seat-0-pid-39856-session.json
 create mode 100644 reports/WC-350/manual-ui-v4/match-0-seat-0-pid-39856-snapshots.jsonl
 create mode 100644 reports/WC-350/manual-ui-v4/match-169-seat-0-pid-39856-commands.jsonl
 create mode 100644 reports/WC-350/manual-ui-v4/match-169-seat-0-pid-39856-frames.csv
 create mode 100644 reports/WC-350/manual-ui-v4/match-169-seat-0-pid-39856-phase-0-round-1.png
 create mode 100644 reports/WC-350/manual-ui-v4/match-169-seat-0-pid-39856-session.json
 create mode 100644 reports/WC-350/manual-ui-v4/match-169-seat-0-pid-39856-snapshots.jsonl
 create mode 100644 reports/WC-350/manual-ui-v4/session.json
 create mode 100644 reports/WC-350/shipping-startup-capture-editor-build.log
 create mode 100644 reports/WC-350/shipping-startup-editor-build.log
 create mode 100644 reports/WC-350/verification/zura-seed-candidates.json
 create mode 100644 reports/WC-360/acceptance-audit.md
 create mode 100644 reports/WC-360/alpha-candidate-automation/engine-evidence/capture.json
 create mode 100644 reports/WC-360/alpha-candidate-automation/engine-evidence/catalog-digest.txt
 create mode 100644 reports/WC-360/alpha-candidate-automation/engine-evidence/engine-rounds.csv
 create mode 100644 reports/WC-360/alpha-candidate-automation/engine-evidence/engine-tournaments.csv
 create mode 100644 reports/WC-360/alpha-candidate-automation/engine-evidence/imported-assets.json
 create mode 100644 reports/WC-360/alpha-candidate-automation/index.html
 create mode 100644 reports/WC-360/alpha-candidate-cook-audit/FinalCopyWin64_UFSFiles.txt
 create mode 100644 reports/WC-360/alpha-candidate-cook-audit/IoStoreCommands.txt
 create mode 100644 reports/WC-360/alpha-candidate-cook-audit/Manifest_UFSFiles_Win64.txt
 create mode 100644 reports/WC-360/alpha-candidate-cook-audit/PakListIoStore_WonderChess-Windows.txt
 create mode 100644 reports/WC-360/alpha-candidate-cook-audit/PakList_WonderChess-Windows.txt
 create mode 100644 reports/WC-360/alpha-candidate-cook-audit/PrePak_Windows_UFSFiles.txt
 create mode 100644 reports/WC-360/alpha-candidate-cook-audit/ReferencedSet.txt
 create mode 100644 reports/WC-360/alpha-candidate-network/client/launch.json
 create mode 100644 reports/WC-360/alpha-candidate-network/client/match-0-seat-0-pid-34484-frames.csv
 create mode 100644 reports/WC-360/alpha-candidate-network/client/match-0-seat-0-pid-34484-phase--1-round-0.png
 create mode 100644 reports/WC-360/alpha-candidate-network/client/match-0-seat-0-pid-34484-session.json
 create mode 100644 reports/WC-360/alpha-candidate-network/client/match-0-seat-0-pid-34484-snapshots.jsonl
 create mode 100644 reports/WC-360/alpha-candidate-network/client/match-0-seat-1-pid-34484-frames.csv
 create mode 100644 reports/WC-360/alpha-candidate-network/client/match-0-seat-1-pid-34484-session.json
 create mode 100644 reports/WC-360/alpha-candidate-network/client/match-0-seat-1-pid-34484-snapshots.jsonl
 create mode 100644 reports/WC-360/alpha-candidate-network/client/match-1-seat-1-pid-34484-active-def-0.png
 create mode 100644 reports/WC-360/alpha-candidate-network/client/match-1-seat-1-pid-34484-active-def-1.png
 create mode 100644 reports/WC-360/alpha-candidate-network/client/match-1-seat-1-pid-34484-active-def-11.png
 create mode 100644 reports/WC-360/alpha-candidate-network/client/match-1-seat-1-pid-34484-active-def-2.png
 create mode 100644 reports/WC-360/alpha-candidate-network/client/match-1-seat-1-pid-34484-active-def-3.png
 create mode 100644 reports/WC-360/alpha-candidate-network/client/match-1-seat-1-pid-34484-active-def-4.png
 create mode 100644 reports/WC-360/alpha-candidate-network/client/match-1-seat-1-pid-34484-active-def-5.png
 create mode 100644 reports/WC-360/alpha-candidate-network/client/match-1-seat-1-pid-34484-active-def-6.png
 create mode 100644 reports/WC-360/alpha-candidate-network/client/match-1-seat-1-pid-34484-active-def-7.png
 create mode 100644 reports/WC-360/alpha-candidate-network/client/match-1-seat-1-pid-34484-active-def-8.png
 create mode 100644 reports/WC-360/alpha-candidate-network/client/match-1-seat-1-pid-34484-active-def-9.png
 create mode 100644 reports/WC-360/alpha-candidate-network/client/match-1-seat-1-pid-34484-commands.jsonl
 create mode 100644 reports/WC-360/alpha-candidate-network/client/match-1-seat-1-pid-34484-frames.csv
 create mode 100644 reports/WC-360/alpha-candidate-network/client/match-1-seat-1-pid-34484-phase-0-round-1.png
 create mode 100644 reports/WC-360/alpha-candidate-network/client/match-1-seat-1-pid-34484-phase-0-round-10.png
 create mode 100644 reports/WC-360/alpha-candidate-network/client/match-1-seat-1-pid-34484-phase-0-round-11.png
 create mode 100644 reports/WC-360/alpha-candidate-network/client/match-1-seat-1-pid-34484-phase-0-round-12.png
 create mode 100644 reports/WC-360/alpha-candidate-network/client/match-1-seat-1-pid-34484-phase-0-round-13.png
 create mode 100644 reports/WC-360/alpha-candidate-network/client/match-1-seat-1-pid-34484-phase-0-round-14.png
 create mode 100644 reports/WC-360/alpha-candidate-network/client/match-1-seat-1-pid-34484-phase-0-round-2.png
 create mode 100644 reports/WC-360/alpha-candidate-network/client/match-1-seat-1-pid-34484-phase-0-round-3.png
 create mode 100644 reports/WC-360/alpha-candidate-network/client/match-1-seat-1-pid-34484-phase-0-round-4.png
 create mode 100644 reports/WC-360/alpha-candidate-network/client/match-1-seat-1-pid-34484-phase-0-round-5.png
 create mode 100644 reports/WC-360/alpha-candidate-network/client/match-1-seat-1-pid-34484-phase-0-round-6.png
 create mode 100644 reports/WC-360/alpha-candidate-network/client/match-1-seat-1-pid-34484-phase-0-round-7.png
 create mode 100644 reports/WC-360/alpha-candidate-network/client/match-1-seat-1-pid-34484-phase-0-round-8.png
 create mode 100644 reports/WC-360/alpha-candidate-network/client/match-1-seat-1-pid-34484-phase-0-round-9.png
 create mode 100644 reports/WC-360/alpha-candidate-network/client/match-1-seat-1-pid-34484-phase-1-round-1.png
 create mode 100644 reports/WC-360/alpha-candidate-network/client/match-1-seat-1-pid-34484-phase-1-round-10.png
 create mode 100644 reports/WC-360/alpha-candidate-network/client/match-1-seat-1-pid-34484-phase-1-round-11.png
 create mode 100644 reports/WC-360/alpha-candidate-network/client/match-1-seat-1-pid-34484-phase-1-round-12.png
 create mode 100644 reports/WC-360/alpha-candidate-network/client/match-1-seat-1-pid-34484-phase-1-round-13.png
 create mode 100644 reports/WC-360/alpha-candidate-network/client/match-1-seat-1-pid-34484-phase-1-round-14.png
 create mode 100644 reports/WC-360/alpha-candidate-network/client/match-1-seat-1-pid-34484-phase-1-round-15.png
 create mode 100644 reports/WC-360/alpha-candidate-network/client/match-1-seat-1-pid-34484-phase-1-round-16.png
 create mode 100644 reports/WC-360/alpha-candidate-network/client/match-1-seat-1-pid-34484-phase-1-round-17.png
 create mode 100644 reports/WC-360/alpha-candidate-network/client/match-1-seat-1-pid-34484-phase-1-round-18.png
 create mode 100644 reports/WC-360/alpha-candidate-network/client/match-1-seat-1-pid-34484-phase-1-round-19.png
 create mode 100644 reports/WC-360/alpha-candidate-network/client/match-1-seat-1-pid-34484-phase-1-round-2.png
 create mode 100644 reports/WC-360/alpha-candidate-network/client/match-1-seat-1-pid-34484-phase-1-round-20.png
 create mode 100644 reports/WC-360/alpha-candidate-network/client/match-1-seat-1-pid-34484-phase-1-round-21.png
 create mode 100644 reports/WC-360/alpha-candidate-network/client/match-1-seat-1-pid-34484-phase-1-round-22.png
 create mode 100644 reports/WC-360/alpha-candidate-network/client/match-1-seat-1-pid-34484-phase-1-round-23.png
 create mode 100644 reports/WC-360/alpha-candidate-network/client/match-1-seat-1-pid-34484-phase-1-round-3.png
 create mode 100644 reports/WC-360/alpha-candidate-network/client/match-1-seat-1-pid-34484-phase-1-round-4.png
 create mode 100644 reports/WC-360/alpha-candidate-network/client/match-1-seat-1-pid-34484-phase-1-round-5.png
 create mode 100644 reports/WC-360/alpha-candidate-network/client/match-1-seat-1-pid-34484-phase-1-round-6.png
 create mode 100644 reports/WC-360/alpha-candidate-network/client/match-1-seat-1-pid-34484-phase-1-round-7.png
 create mode 100644 reports/WC-360/alpha-candidate-network/client/match-1-seat-1-pid-34484-phase-1-round-8.png
 create mode 100644 reports/WC-360/alpha-candidate-network/client/match-1-seat-1-pid-34484-phase-1-round-9.png
 create mode 100644 reports/WC-360/alpha-candidate-network/client/match-1-seat-1-pid-34484-phase-2-round-1.png
 create mode 100644 reports/WC-360/alpha-candidate-network/client/match-1-seat-1-pid-34484-phase-2-round-10.png
 create mode 100644 reports/WC-360/alpha-candidate-network/client/match-1-seat-1-pid-34484-phase-2-round-11.png
 create mode 100644 reports/WC-360/alpha-candidate-network/client/match-1-seat-1-pid-34484-phase-2-round-12.png
 create mode 100644 reports/WC-360/alpha-candidate-network/client/match-1-seat-1-pid-34484-phase-2-round-13.png
 create mode 100644 reports/WC-360/alpha-candidate-network/client/match-1-seat-1-pid-34484-phase-2-round-14.png
 create mode 100644 reports/WC-360/alpha-candidate-network/client/match-1-seat-1-pid-34484-phase-2-round-15.png
 create mode 100644 reports/WC-360/alpha-candidate-network/client/match-1-seat-1-pid-34484-phase-2-round-16.png
 create mode 100644 reports/WC-360/alpha-candidate-network/client/match-1-seat-1-pid-34484-phase-2-round-17.png
 create mode 100644 reports/WC-360/alpha-candidate-network/client/match-1-seat-1-pid-34484-phase-2-round-18.png
 create mode 100644 reports/WC-360/alpha-candidate-network/client/match-1-seat-1-pid-34484-phase-2-round-19.png
 create mode 100644 reports/WC-360/alpha-candidate-network/client/match-1-seat-1-pid-34484-phase-2-round-2.png
 create mode 100644 reports/WC-360/alpha-candidate-network/client/match-1-seat-1-pid-34484-phase-2-round-20.png
 create mode 100644 reports/WC-360/alpha-candidate-network/client/match-1-seat-1-pid-34484-phase-2-round-21.png
 create mode 100644 reports/WC-360/alpha-candidate-network/client/match-1-seat-1-pid-34484-phase-2-round-22.png
 create mode 100644 reports/WC-360/alpha-candidate-network/client/match-1-seat-1-pid-34484-phase-2-round-3.png
 create mode 100644 reports/WC-360/alpha-candidate-network/client/match-1-seat-1-pid-34484-phase-2-round-4.png
 create mode 100644 reports/WC-360/alpha-candidate-network/client/match-1-seat-1-pid-34484-phase-2-round-5.png
 create mode 100644 reports/WC-360/alpha-candidate-network/client/match-1-seat-1-pid-34484-phase-2-round-6.png
 create mode 100644 reports/WC-360/alpha-candidate-network/client/match-1-seat-1-pid-34484-phase-2-round-7.png
 create mode 100644 reports/WC-360/alpha-candidate-network/client/match-1-seat-1-pid-34484-phase-2-round-8.png
 create mode 100644 reports/WC-360/alpha-candidate-network/client/match-1-seat-1-pid-34484-phase-2-round-9.png
 create mode 100644 reports/WC-360/alpha-candidate-network/client/match-1-seat-1-pid-34484-phase-3-round-23.png
 create mode 100644 reports/WC-360/alpha-candidate-network/client/match-1-seat-1-pid-34484-session.json
 create mode 100644 reports/WC-360/alpha-candidate-network/client/match-1-seat-1-pid-34484-skill-shots.jsonl
 create mode 100644 reports/WC-360/alpha-candidate-network/client/match-1-seat-1-pid-34484-snapshots.jsonl
 create mode 100644 reports/WC-360/alpha-candidate-network/client/session.json
 create mode 100644 reports/WC-360/alpha-candidate-network/concurrency.json
 create mode 100644 reports/WC-360/alpha-candidate-network/final-process-state.json
 create mode 100644 reports/WC-360/alpha-candidate-network/host/launch.json
 create mode 100644 reports/WC-360/alpha-candidate-network/host/match-0-seat-0-pid-49828-frames.csv
 create mode 100644 reports/WC-360/alpha-candidate-network/host/match-0-seat-0-pid-49828-phase--1-round-0.png
 create mode 100644 reports/WC-360/alpha-candidate-network/host/match-0-seat-0-pid-49828-session.json
 create mode 100644 reports/WC-360/alpha-candidate-network/host/match-0-seat-0-pid-49828-snapshots.jsonl
 create mode 100644 reports/WC-360/alpha-candidate-network/host/match-1-seat-0-pid-49828-active-def-0.png
 create mode 100644 reports/WC-360/alpha-candidate-network/host/match-1-seat-0-pid-49828-active-def-1.png
 create mode 100644 reports/WC-360/alpha-candidate-network/host/match-1-seat-0-pid-49828-active-def-11.png
 create mode 100644 reports/WC-360/alpha-candidate-network/host/match-1-seat-0-pid-49828-active-def-2.png
 create mode 100644 reports/WC-360/alpha-candidate-network/host/match-1-seat-0-pid-49828-active-def-3.png
 create mode 100644 reports/WC-360/alpha-candidate-network/host/match-1-seat-0-pid-49828-active-def-4.png
 create mode 100644 reports/WC-360/alpha-candidate-network/host/match-1-seat-0-pid-49828-active-def-5.png
 create mode 100644 reports/WC-360/alpha-candidate-network/host/match-1-seat-0-pid-49828-active-def-6.png
 create mode 100644 reports/WC-360/alpha-candidate-network/host/match-1-seat-0-pid-49828-active-def-7.png
 create mode 100644 reports/WC-360/alpha-candidate-network/host/match-1-seat-0-pid-49828-active-def-8.png
 create mode 100644 reports/WC-360/alpha-candidate-network/host/match-1-seat-0-pid-49828-active-def-9.png
 create mode 100644 reports/WC-360/alpha-candidate-network/host/match-1-seat-0-pid-49828-commands.jsonl
 create mode 100644 reports/WC-360/alpha-candidate-network/host/match-1-seat-0-pid-49828-frames.csv
 create mode 100644 reports/WC-360/alpha-candidate-network/host/match-1-seat-0-pid-49828-phase-0-round-1.png
 create mode 100644 reports/WC-360/alpha-candidate-network/host/match-1-seat-0-pid-49828-phase-0-round-10.png
 create mode 100644 reports/WC-360/alpha-candidate-network/host/match-1-seat-0-pid-49828-phase-0-round-11.png
 create mode 100644 reports/WC-360/alpha-candidate-network/host/match-1-seat-0-pid-49828-phase-0-round-12.png
 create mode 100644 reports/WC-360/alpha-candidate-network/host/match-1-seat-0-pid-49828-phase-0-round-13.png
 create mode 100644 reports/WC-360/alpha-candidate-network/host/match-1-seat-0-pid-49828-phase-0-round-14.png
 create mode 100644 reports/WC-360/alpha-candidate-network/host/match-1-seat-0-pid-49828-phase-0-round-2.png
 create mode 100644 reports/WC-360/alpha-candidate-network/host/match-1-seat-0-pid-49828-phase-0-round-3.png
 create mode 100644 reports/WC-360/alpha-candidate-network/host/match-1-seat-0-pid-49828-phase-0-round-4.png
 create mode 100644 reports/WC-360/alpha-candidate-network/host/match-1-seat-0-pid-49828-phase-0-round-5.png
 create mode 100644 reports/WC-360/alpha-candidate-network/host/match-1-seat-0-pid-49828-phase-0-round-6.png
 create mode 100644 reports/WC-360/alpha-candidate-network/host/match-1-seat-0-pid-49828-phase-0-round-7.png
 create mode 100644 reports/WC-360/alpha-candidate-network/host/match-1-seat-0-pid-49828-phase-0-round-8.png
 create mode 100644 reports/WC-360/alpha-candidate-network/host/match-1-seat-0-pid-49828-phase-0-round-9.png
 create mode 100644 reports/WC-360/alpha-candidate-network/host/match-1-seat-0-pid-49828-phase-1-round-1.png
 create mode 100644 reports/WC-360/alpha-candidate-network/host/match-1-seat-0-pid-49828-phase-1-round-10.png
 create mode 100644 reports/WC-360/alpha-candidate-network/host/match-1-seat-0-pid-49828-phase-1-round-11.png
 create mode 100644 reports/WC-360/alpha-candidate-network/host/match-1-seat-0-pid-49828-phase-1-round-12.png
 create mode 100644 reports/WC-360/alpha-candidate-network/host/match-1-seat-0-pid-49828-phase-1-round-13.png
 create mode 100644 reports/WC-360/alpha-candidate-network/host/match-1-seat-0-pid-49828-phase-1-round-14.png
 create mode 100644 reports/WC-360/alpha-candidate-network/host/match-1-seat-0-pid-49828-phase-1-round-15.png
 create mode 100644 reports/WC-360/alpha-candidate-network/host/match-1-seat-0-pid-49828-phase-1-round-16.png
 create mode 100644 reports/WC-360/alpha-candidate-network/host/match-1-seat-0-pid-49828-phase-1-round-17.png
 create mode 100644 reports/WC-360/alpha-candidate-network/host/match-1-seat-0-pid-49828-phase-1-round-18.png
 create mode 100644 reports/WC-360/alpha-candidate-network/host/match-1-seat-0-pid-49828-phase-1-round-19.png
 create mode 100644 reports/WC-360/alpha-candidate-network/host/match-1-seat-0-pid-49828-phase-1-round-2.png
 create mode 100644 reports/WC-360/alpha-candidate-network/host/match-1-seat-0-pid-49828-phase-1-round-20.png
 create mode 100644 reports/WC-360/alpha-candidate-network/host/match-1-seat-0-pid-49828-phase-1-round-21.png
 create mode 100644 reports/WC-360/alpha-candidate-network/host/match-1-seat-0-pid-49828-phase-1-round-22.png
 create mode 100644 reports/WC-360/alpha-candidate-network/host/match-1-seat-0-pid-49828-phase-1-round-23.png
 create mode 100644 reports/WC-360/alpha-candidate-network/host/match-1-seat-0-pid-49828-phase-1-round-3.png
 create mode 100644 reports/WC-360/alpha-candidate-network/host/match-1-seat-0-pid-49828-phase-1-round-4.png
 create mode 100644 reports/WC-360/alpha-candidate-network/host/match-1-seat-0-pid-49828-phase-1-round-5.png
 create mode 100644 reports/WC-360/alpha-candidate-network/host/match-1-seat-0-pid-49828-phase-1-round-6.png
 create mode 100644 reports/WC-360/alpha-candidate-network/host/match-1-seat-0-pid-49828-phase-1-round-7.png
 create mode 100644 reports/WC-360/alpha-candidate-network/host/match-1-seat-0-pid-49828-phase-1-round-8.png
 create mode 100644 reports/WC-360/alpha-candidate-network/host/match-1-seat-0-pid-49828-phase-1-round-9.png
 create mode 100644 reports/WC-360/alpha-candidate-network/host/match-1-seat-0-pid-49828-phase-2-round-1.png
 create mode 100644 reports/WC-360/alpha-candidate-network/host/match-1-seat-0-pid-49828-phase-2-round-10.png
 create mode 100644 reports/WC-360/alpha-candidate-network/host/match-1-seat-0-pid-49828-phase-2-round-11.png
 create mode 100644 reports/WC-360/alpha-candidate-network/host/match-1-seat-0-pid-49828-phase-2-round-12.png
 create mode 100644 reports/WC-360/alpha-candidate-network/host/match-1-seat-0-pid-49828-phase-2-round-13.png
 create mode 100644 reports/WC-360/alpha-candidate-network/host/match-1-seat-0-pid-49828-phase-2-round-14.png
 create mode 100644 reports/WC-360/alpha-candidate-network/host/match-1-seat-0-pid-49828-phase-2-round-15.png
 create mode 100644 reports/WC-360/alpha-candidate-network/host/match-1-seat-0-pid-49828-phase-2-round-16.png
 create mode 100644 reports/WC-360/alpha-candidate-network/host/match-1-seat-0-pid-49828-phase-2-round-17.png
 create mode 100644 reports/WC-360/alpha-candidate-network/host/match-1-seat-0-pid-49828-phase-2-round-18.png
 create mode 100644 reports/WC-360/alpha-candidate-network/host/match-1-seat-0-pid-49828-phase-2-round-19.png
 create mode 100644 reports/WC-360/alpha-candidate-network/host/match-1-seat-0-pid-49828-phase-2-round-2.png
 create mode 100644 reports/WC-360/alpha-candidate-network/host/match-1-seat-0-pid-49828-phase-2-round-20.png
 create mode 100644 reports/WC-360/alpha-candidate-network/host/match-1-seat-0-pid-49828-phase-2-round-21.png
 create mode 100644 reports/WC-360/alpha-candidate-network/host/match-1-seat-0-pid-49828-phase-2-round-22.png
 create mode 100644 reports/WC-360/alpha-candidate-network/host/match-1-seat-0-pid-49828-phase-2-round-3.png
 create mode 100644 reports/WC-360/alpha-candidate-network/host/match-1-seat-0-pid-49828-phase-2-round-4.png
 create mode 100644 reports/WC-360/alpha-candidate-network/host/match-1-seat-0-pid-49828-phase-2-round-5.png
 create mode 100644 reports/WC-360/alpha-candidate-network/host/match-1-seat-0-pid-49828-phase-2-round-6.png
 create mode 100644 reports/WC-360/alpha-candidate-network/host/match-1-seat-0-pid-49828-phase-2-round-7.png
 create mode 100644 reports/WC-360/alpha-candidate-network/host/match-1-seat-0-pid-49828-phase-2-round-8.png
 create mode 100644 reports/WC-360/alpha-candidate-network/host/match-1-seat-0-pid-49828-phase-2-round-9.png
 create mode 100644 reports/WC-360/alpha-candidate-network/host/match-1-seat-0-pid-49828-phase-3-round-23.png
 create mode 100644 reports/WC-360/alpha-candidate-network/host/match-1-seat-0-pid-49828-session.json
 create mode 100644 reports/WC-360/alpha-candidate-network/host/match-1-seat-0-pid-49828-skill-shots.jsonl
 create mode 100644 reports/WC-360/alpha-candidate-network/host/match-1-seat-0-pid-49828-snapshots.jsonl
 create mode 100644 reports/WC-360/alpha-candidate-network/host/session.json
 create mode 100644 reports/WC-360/alpha-candidate-network/trial.json
 create mode 100644 reports/WC-360/alpha-candidate-normal1080/gpu-before.csv
 create mode 100644 reports/WC-360/alpha-candidate-normal1080/match-0-seat-0-pid-52460-frames.csv
 create mode 100644 reports/WC-360/alpha-candidate-normal1080/match-0-seat-0-pid-52460-session.json
 create mode 100644 reports/WC-360/alpha-candidate-normal1080/match-0-seat-0-pid-52460-snapshots.jsonl
 create mode 100644 reports/WC-360/alpha-candidate-normal1080/match-1-seat-0-pid-52460-commands.jsonl
 create mode 100644 reports/WC-360/alpha-candidate-normal1080/match-1-seat-0-pid-52460-frames.csv
 create mode 100644 reports/WC-360/alpha-candidate-normal1080/match-1-seat-0-pid-52460-session.json
 create mode 100644 reports/WC-360/alpha-candidate-normal1080/match-1-seat-0-pid-52460-snapshots.jsonl
 create mode 100644 reports/WC-360/alpha-candidate-normal1080/session.json
 create mode 100644 reports/WC-360/alpha-candidate-regression/launch.json
 create mode 100644 reports/WC-360/alpha-candidate-regression/process-exit.json
 create mode 100644 reports/WC-360/alpha-candidate-regression/regression.json
 create mode 100644 reports/WC-360/alpha-candidate-restart/gpu-before.csv
 create mode 100644 reports/WC-360/alpha-candidate-restart/launch.json
 create mode 100644 reports/WC-360/alpha-candidate-restart/match-1-seat-0-pid-53152-active-def-0.png
 create mode 100644 reports/WC-360/alpha-candidate-restart/match-1-seat-0-pid-53152-active-def-1.png
 create mode 100644 reports/WC-360/alpha-candidate-restart/match-1-seat-0-pid-53152-active-def-10.png
 create mode 100644 reports/WC-360/alpha-candidate-restart/match-1-seat-0-pid-53152-active-def-11.png
 create mode 100644 reports/WC-360/alpha-candidate-restart/match-1-seat-0-pid-53152-active-def-3.png
 create mode 100644 reports/WC-360/alpha-candidate-restart/match-1-seat-0-pid-53152-active-def-4.png
 create mode 100644 reports/WC-360/alpha-candidate-restart/match-1-seat-0-pid-53152-active-def-5.png
 create mode 100644 reports/WC-360/alpha-candidate-restart/match-1-seat-0-pid-53152-active-def-6.png
 create mode 100644 reports/WC-360/alpha-candidate-restart/match-1-seat-0-pid-53152-active-def-7.png
 create mode 100644 reports/WC-360/alpha-candidate-restart/match-1-seat-0-pid-53152-active-def-8.png
 create mode 100644 reports/WC-360/alpha-candidate-restart/match-1-seat-0-pid-53152-active-def-9.png
 create mode 100644 reports/WC-360/alpha-candidate-restart/match-1-seat-0-pid-53152-commands.jsonl
 create mode 100644 reports/WC-360/alpha-candidate-restart/match-1-seat-0-pid-53152-frames.csv
 create mode 100644 reports/WC-360/alpha-candidate-restart/match-1-seat-0-pid-53152-phase-0-round-1.png
 create mode 100644 reports/WC-360/alpha-candidate-restart/match-1-seat-0-pid-53152-phase-0-round-10.png
 create mode 100644 reports/WC-360/alpha-candidate-restart/match-1-seat-0-pid-53152-phase-0-round-11.png
 create mode 100644 reports/WC-360/alpha-candidate-restart/match-1-seat-0-pid-53152-phase-0-round-12.png
 create mode 100644 reports/WC-360/alpha-candidate-restart/match-1-seat-0-pid-53152-phase-0-round-13.png
 create mode 100644 reports/WC-360/alpha-candidate-restart/match-1-seat-0-pid-53152-phase-0-round-14.png
 create mode 100644 reports/WC-360/alpha-candidate-restart/match-1-seat-0-pid-53152-phase-0-round-15.png
 create mode 100644 reports/WC-360/alpha-candidate-restart/match-1-seat-0-pid-53152-phase-0-round-16.png
 create mode 100644 reports/WC-360/alpha-candidate-restart/match-1-seat-0-pid-53152-phase-0-round-17.png
 create mode 100644 reports/WC-360/alpha-candidate-restart/match-1-seat-0-pid-53152-phase-0-round-2.png
 create mode 100644 reports/WC-360/alpha-candidate-restart/match-1-seat-0-pid-53152-phase-0-round-3.png
 create mode 100644 reports/WC-360/alpha-candidate-restart/match-1-seat-0-pid-53152-phase-0-round-4.png
 create mode 100644 reports/WC-360/alpha-candidate-restart/match-1-seat-0-pid-53152-phase-0-round-5.png
 create mode 100644 reports/WC-360/alpha-candidate-restart/match-1-seat-0-pid-53152-phase-0-round-6.png
 create mode 100644 reports/WC-360/alpha-candidate-restart/match-1-seat-0-pid-53152-phase-0-round-7.png
 create mode 100644 reports/WC-360/alpha-candidate-restart/match-1-seat-0-pid-53152-phase-0-round-8.png
 create mode 100644 reports/WC-360/alpha-candidate-restart/match-1-seat-0-pid-53152-phase-0-round-9.png
 create mode 100644 reports/WC-360/alpha-candidate-restart/match-1-seat-0-pid-53152-phase-1-round-1.png
 create mode 100644 reports/WC-360/alpha-candidate-restart/match-1-seat-0-pid-53152-phase-1-round-10.png
 create mode 100644 reports/WC-360/alpha-candidate-restart/match-1-seat-0-pid-53152-phase-1-round-11.png
 create mode 100644 reports/WC-360/alpha-candidate-restart/match-1-seat-0-pid-53152-phase-1-round-12.png
 create mode 100644 reports/WC-360/alpha-candidate-restart/match-1-seat-0-pid-53152-phase-1-round-14.png
 create mode 100644 reports/WC-360/alpha-candidate-restart/match-1-seat-0-pid-53152-phase-1-round-15.png
 create mode 100644 reports/WC-360/alpha-candidate-restart/match-1-seat-0-pid-53152-phase-1-round-16.png
 create mode 100644 reports/WC-360/alpha-candidate-restart/match-1-seat-0-pid-53152-phase-1-round-17.png
 create mode 100644 reports/WC-360/alpha-candidate-restart/match-1-seat-0-pid-53152-phase-1-round-18.png
 create mode 100644 reports/WC-360/alpha-candidate-restart/match-1-seat-0-pid-53152-phase-1-round-19.png
 create mode 100644 reports/WC-360/alpha-candidate-restart/match-1-seat-0-pid-53152-phase-1-round-2.png
 create mode 100644 reports/WC-360/alpha-candidate-restart/match-1-seat-0-pid-53152-phase-1-round-20.png
 create mode 100644 reports/WC-360/alpha-candidate-restart/match-1-seat-0-pid-53152-phase-1-round-21.png
 create mode 100644 reports/WC-360/alpha-candidate-restart/match-1-seat-0-pid-53152-phase-1-round-22.png
 create mode 100644 reports/WC-360/alpha-candidate-restart/match-1-seat-0-pid-53152-phase-1-round-23.png
 create mode 100644 reports/WC-360/alpha-candidate-restart/match-1-seat-0-pid-53152-phase-1-round-3.png
 create mode 100644 reports/WC-360/alpha-candidate-restart/match-1-seat-0-pid-53152-phase-1-round-4.png
 create mode 100644 reports/WC-360/alpha-candidate-restart/match-1-seat-0-pid-53152-phase-1-round-5.png
 create mode 100644 reports/WC-360/alpha-candidate-restart/match-1-seat-0-pid-53152-phase-1-round-6.png
 create mode 100644 reports/WC-360/alpha-candidate-restart/match-1-seat-0-pid-53152-phase-1-round-7.png
 create mode 100644 reports/WC-360/alpha-candidate-restart/match-1-seat-0-pid-53152-phase-1-round-8.png
 create mode 100644 reports/WC-360/alpha-candidate-restart/match-1-seat-0-pid-53152-phase-1-round-9.png
 create mode 100644 reports/WC-360/alpha-candidate-restart/match-1-seat-0-pid-53152-phase-3-round-23.png
 create mode 100644 reports/WC-360/alpha-candidate-restart/match-1-seat-0-pid-53152-session.json
 create mode 100644 reports/WC-360/alpha-candidate-restart/match-1-seat-0-pid-53152-skill-shots.jsonl
 create mode 100644 reports/WC-360/alpha-candidate-restart/match-1-seat-0-pid-53152-snapshots.jsonl
 create mode 100644 reports/WC-360/alpha-candidate-restart/match-2-seat-0-pid-53152-active-def-0.png
 create mode 100644 reports/WC-360/alpha-candidate-restart/match-2-seat-0-pid-53152-active-def-1.png
 create mode 100644 reports/WC-360/alpha-candidate-restart/match-2-seat-0-pid-53152-active-def-11.png
 create mode 100644 reports/WC-360/alpha-candidate-restart/match-2-seat-0-pid-53152-active-def-2.png
 create mode 100644 reports/WC-360/alpha-candidate-restart/match-2-seat-0-pid-53152-active-def-3.png
 create mode 100644 reports/WC-360/alpha-candidate-restart/match-2-seat-0-pid-53152-active-def-4.png
 create mode 100644 reports/WC-360/alpha-candidate-restart/match-2-seat-0-pid-53152-active-def-5.png
 create mode 100644 reports/WC-360/alpha-candidate-restart/match-2-seat-0-pid-53152-active-def-6.png
 create mode 100644 reports/WC-360/alpha-candidate-restart/match-2-seat-0-pid-53152-active-def-7.png
 create mode 100644 reports/WC-360/alpha-candidate-restart/match-2-seat-0-pid-53152-active-def-8.png
 create mode 100644 reports/WC-360/alpha-candidate-restart/match-2-seat-0-pid-53152-active-def-9.png
 create mode 100644 reports/WC-360/alpha-candidate-restart/match-2-seat-0-pid-53152-commands.jsonl
 create mode 100644 reports/WC-360/alpha-candidate-restart/match-2-seat-0-pid-53152-frames.csv
 create mode 100644 reports/WC-360/alpha-candidate-restart/match-2-seat-0-pid-53152-phase-0-round-1.png
 create mode 100644 reports/WC-360/alpha-candidate-restart/match-2-seat-0-pid-53152-phase-0-round-10.png
 create mode 100644 reports/WC-360/alpha-candidate-restart/match-2-seat-0-pid-53152-phase-0-round-11.png
 create mode 100644 reports/WC-360/alpha-candidate-restart/match-2-seat-0-pid-53152-phase-0-round-12.png
 create mode 100644 reports/WC-360/alpha-candidate-restart/match-2-seat-0-pid-53152-phase-0-round-13.png
 create mode 100644 reports/WC-360/alpha-candidate-restart/match-2-seat-0-pid-53152-phase-0-round-14.png
 create mode 100644 reports/WC-360/alpha-candidate-restart/match-2-seat-0-pid-53152-phase-0-round-2.png
 create mode 100644 reports/WC-360/alpha-candidate-restart/match-2-seat-0-pid-53152-phase-0-round-3.png
 create mode 100644 reports/WC-360/alpha-candidate-restart/match-2-seat-0-pid-53152-phase-0-round-4.png
 create mode 100644 reports/WC-360/alpha-candidate-restart/match-2-seat-0-pid-53152-phase-0-round-5.png
 create mode 100644 reports/WC-360/alpha-candidate-restart/match-2-seat-0-pid-53152-phase-0-round-6.png
 create mode 100644 reports/WC-360/alpha-candidate-restart/match-2-seat-0-pid-53152-phase-0-round-7.png
 create mode 100644 reports/WC-360/alpha-candidate-restart/match-2-seat-0-pid-53152-phase-0-round-8.png
 create mode 100644 reports/WC-360/alpha-candidate-restart/match-2-seat-0-pid-53152-phase-0-round-9.png
 create mode 100644 reports/WC-360/alpha-candidate-restart/match-2-seat-0-pid-53152-phase-1-round-1.png
 create mode 100644 reports/WC-360/alpha-candidate-restart/match-2-seat-0-pid-53152-phase-1-round-10.png
 create mode 100644 reports/WC-360/alpha-candidate-restart/match-2-seat-0-pid-53152-phase-1-round-11.png
 create mode 100644 reports/WC-360/alpha-candidate-restart/match-2-seat-0-pid-53152-phase-1-round-12.png
 create mode 100644 reports/WC-360/alpha-candidate-restart/match-2-seat-0-pid-53152-phase-1-round-13.png
 create mode 100644 reports/WC-360/alpha-candidate-restart/match-2-seat-0-pid-53152-phase-1-round-14.png
 create mode 100644 reports/WC-360/alpha-candidate-restart/match-2-seat-0-pid-53152-phase-1-round-15.png
 create mode 100644 reports/WC-360/alpha-candidate-restart/match-2-seat-0-pid-53152-phase-1-round-16.png
 create mode 100644 reports/WC-360/alpha-candidate-restart/match-2-seat-0-pid-53152-phase-1-round-17.png
 create mode 100644 reports/WC-360/alpha-candidate-restart/match-2-seat-0-pid-53152-phase-1-round-18.png
 create mode 100644 reports/WC-360/alpha-candidate-restart/match-2-seat-0-pid-53152-phase-1-round-19.png
 create mode 100644 reports/WC-360/alpha-candidate-restart/match-2-seat-0-pid-53152-phase-1-round-2.png
 create mode 100644 reports/WC-360/alpha-candidate-restart/match-2-seat-0-pid-53152-phase-1-round-20.png
 create mode 100644 reports/WC-360/alpha-candidate-restart/match-2-seat-0-pid-53152-phase-1-round-3.png
 create mode 100644 reports/WC-360/alpha-candidate-restart/match-2-seat-0-pid-53152-phase-1-round-4.png
 create mode 100644 reports/WC-360/alpha-candidate-restart/match-2-seat-0-pid-53152-phase-1-round-5.png
 create mode 100644 reports/WC-360/alpha-candidate-restart/match-2-seat-0-pid-53152-phase-1-round-6.png
 create mode 100644 reports/WC-360/alpha-candidate-restart/match-2-seat-0-pid-53152-phase-1-round-7.png
 create mode 100644 reports/WC-360/alpha-candidate-restart/match-2-seat-0-pid-53152-phase-1-round-8.png
 create mode 100644 reports/WC-360/alpha-candidate-restart/match-2-seat-0-pid-53152-phase-1-round-9.png
 create mode 100644 reports/WC-360/alpha-candidate-restart/match-2-seat-0-pid-53152-phase-3-round-20.png
 create mode 100644 reports/WC-360/alpha-candidate-restart/match-2-seat-0-pid-53152-session.json
 create mode 100644 reports/WC-360/alpha-candidate-restart/match-2-seat-0-pid-53152-skill-shots.jsonl
 create mode 100644 reports/WC-360/alpha-candidate-restart/match-2-seat-0-pid-53152-snapshots.jsonl
 create mode 100644 reports/WC-360/alpha-candidate-restart/session.json
 create mode 100644 reports/WC-360/candidate4-analysis/analysis.md
 create mode 100644 reports/WC-360/candidate4-analysis/analyze.py
 create mode 100644 reports/WC-360/candidate4-analysis/analyze_packaged_regression.py
 create mode 100644 reports/WC-360/candidate4-analysis/analyze_packaged_sessions.py
 create mode 100644 reports/WC-360/candidate4-analysis/candidate5-network-size-failure.json
 create mode 100644 reports/WC-360/candidate4-analysis/candidate5-regression-analysis.json
 create mode 100644 reports/WC-360/candidate4-analysis/candidate5-regression-analysis.md
 create mode 100644 reports/WC-360/candidate4-analysis/capture_candidate5_provenance.py
 create mode 100644 reports/WC-360/candidate4-analysis/comparison.json
 create mode 100644 reports/WC-360/candidate4-analysis/supplemental-standalone-hero-use.csv
 create mode 100644 reports/WC-360/candidate4-automation-console.log
 create mode 100644 reports/WC-360/candidate4-automation.log
 create mode 100644 reports/WC-360/candidate4-automation/engine-rounds.csv
 create mode 100644 reports/WC-360/candidate4-automation/engine-tournaments.csv
 create mode 100644 reports/WC-360/candidate4-automation/imported-assets.json
 create mode 100644 reports/WC-360/candidate4-automation/index.html
 create mode 100644 reports/WC-360/candidate4-automation/index.json
 create mode 100644 reports/WC-360/candidate5-network/audit/analysis.md
 create mode 100644 reports/WC-360/candidate5-network/audit/network-analysis.json
 create mode 100644 reports/WC-360/candidate5-network/audit/paired-state-audit.json
 create mode 100644 reports/WC-360/candidate5-network/client/game.log
 create mode 100644 reports/WC-360/candidate5-network/client/launch.json
 create mode 100644 reports/WC-360/candidate5-network/client/match-0-seat-0-pid-42340-frames.csv
 create mode 100644 reports/WC-360/candidate5-network/client/match-0-seat-0-pid-42340-phase--1-round-0.png
 create mode 100644 reports/WC-360/candidate5-network/client/match-0-seat-0-pid-42340-session.json
 create mode 100644 reports/WC-360/candidate5-network/client/match-0-seat-0-pid-42340-snapshots.jsonl
 create mode 100644 reports/WC-360/candidate5-network/client/match-0-seat-1-pid-42340-frames.csv
 create mode 100644 reports/WC-360/candidate5-network/client/match-0-seat-1-pid-42340-session.json
 create mode 100644 reports/WC-360/candidate5-network/client/match-0-seat-1-pid-42340-snapshots.jsonl
 create mode 100644 reports/WC-360/candidate5-network/client/match-1-seat-1-pid-42340-commands.jsonl
 create mode 100644 reports/WC-360/candidate5-network/client/match-1-seat-1-pid-42340-frames.csv
 create mode 100644 reports/WC-360/candidate5-network/client/match-1-seat-1-pid-42340-phase-0-round-1.png
 create mode 100644 reports/WC-360/candidate5-network/client/match-1-seat-1-pid-42340-phase-0-round-10.png
 create mode 100644 reports/WC-360/candidate5-network/client/match-1-seat-1-pid-42340-phase-0-round-11.png
 create mode 100644 reports/WC-360/candidate5-network/client/match-1-seat-1-pid-42340-phase-0-round-12.png
 create mode 100644 reports/WC-360/candidate5-network/client/match-1-seat-1-pid-42340-phase-0-round-13.png
 create mode 100644 reports/WC-360/candidate5-network/client/match-1-seat-1-pid-42340-phase-0-round-15.png
 create mode 100644 reports/WC-360/candidate5-network/client/match-1-seat-1-pid-42340-phase-0-round-16.png
 create mode 100644 reports/WC-360/candidate5-network/client/match-1-seat-1-pid-42340-phase-0-round-3.png
 create mode 100644 reports/WC-360/candidate5-network/client/match-1-seat-1-pid-42340-phase-0-round-5.png
 create mode 100644 reports/WC-360/candidate5-network/client/match-1-seat-1-pid-42340-phase-0-round-8.png
 create mode 100644 reports/WC-360/candidate5-network/client/match-1-seat-1-pid-42340-phase-0-round-9.png
 create mode 100644 reports/WC-360/candidate5-network/client/match-1-seat-1-pid-42340-phase-1-round-1.png
 create mode 100644 reports/WC-360/candidate5-network/client/match-1-seat-1-pid-42340-phase-1-round-17.png
 create mode 100644 reports/WC-360/candidate5-network/client/match-1-seat-1-pid-42340-phase-1-round-18.png
 create mode 100644 reports/WC-360/candidate5-network/client/match-1-seat-1-pid-42340-phase-1-round-19.png
 create mode 100644 reports/WC-360/candidate5-network/client/match-1-seat-1-pid-42340-phase-1-round-20.png
 create mode 100644 reports/WC-360/candidate5-network/client/match-1-seat-1-pid-42340-phase-1-round-21.png
 create mode 100644 reports/WC-360/candidate5-network/client/match-1-seat-1-pid-42340-phase-1-round-22.png
 create mode 100644 reports/WC-360/candidate5-network/client/match-1-seat-1-pid-42340-phase-2-round-18.png
 create mode 100644 reports/WC-360/candidate5-network/client/match-1-seat-1-pid-42340-phase-2-round-19.png
 create mode 100644 reports/WC-360/candidate5-network/client/match-1-seat-1-pid-42340-phase-3-round-22.png
 create mode 100644 reports/WC-360/candidate5-network/client/match-1-seat-1-pid-42340-session.json
 create mode 100644 reports/WC-360/candidate5-network/client/match-1-seat-1-pid-42340-snapshots.jsonl
 create mode 100644 reports/WC-360/candidate5-network/client/session.json
 create mode 100644 reports/WC-360/candidate5-network/host/game.log
 create mode 100644 reports/WC-360/candidate5-network/host/launch.json
 create mode 100644 reports/WC-360/candidate5-network/host/match-0-seat-0-pid-39788-frames.csv
 create mode 100644 reports/WC-360/candidate5-network/host/match-0-seat-0-pid-39788-phase--1-round-0.png
 create mode 100644 reports/WC-360/candidate5-network/host/match-0-seat-0-pid-39788-session.json
 create mode 100644 reports/WC-360/candidate5-network/host/match-0-seat-0-pid-39788-snapshots.jsonl
 create mode 100644 reports/WC-360/candidate5-network/host/match-1-seat-0-pid-39788-commands.jsonl
 create mode 100644 reports/WC-360/candidate5-network/host/match-1-seat-0-pid-39788-frames.csv
To https://github.com/TUPRAM/wonder-chess.git
   69fc3ef..5b0fec6  main -> main
branch 'main' set up to track 'origin/main'.
