warning: in the working copy of 'reports/WC-U440/20260906T133639Z/neutral-import/editor.log', LF will be replaced by CRLF the next time Git touches it
warning: in the working copy of 'reports/WC-U440/20260906T140230Z/cold-assets-data/editor.log', LF will be replaced by CRLF the next time Git touches it
warning: in the working copy of 'reports/WC-U440/20260906T140552Z/mira-import/editor.log', LF will be replaced by CRLF the next time Git touches it
warning: in the working copy of 'reports/WC-U440/20260906T141605Z/dwarves/executed_refinement_script.py', LF will be replaced by CRLF the next time Git touches it
warning: in the working copy of 'reports/WC-U440/20260906T141605Z/dwarves/handoff.json', LF will be replaced by CRLF the next time Git touches it
warning: in the working copy of 'reports/WC-U440/20260906T141648Z/rowan-import/editor.log', LF will be replaced by CRLF the next time Git touches it
warning: in the working copy of 'reports/WC-U440/20260906T141653Z-orcs/finalize-orc-metadata.py', LF will be replaced by CRLF the next time Git touches it
warning: in the working copy of 'reports/WC-U440/20260906T141653Z-orcs/frame-zura.py', LF will be replaced by CRLF the next time Git touches it
warning: in the working copy of 'reports/WC-U440/20260906T141653Z-orcs/inspect-owned-orcs.py', LF will be replaced by CRLF the next time Git touches it
warning: in the working copy of 'reports/WC-U440/20260906T141653Z-orcs/kesh-candidate01/executed-refinement.py', LF will be replaced by CRLF the next time Git touches it
warning: in the working copy of 'reports/WC-U440/20260906T141653Z-orcs/kesh-candidate02/executed-refinement.py', LF will be replaced by CRLF the next time Git touches it
warning: in the working copy of 'reports/WC-U440/20260906T141653Z-orcs/kesh-candidate02/workbench-review/executed-review.py', LF will be replaced by CRLF the next time Git touches it
warning: in the working copy of 'reports/WC-U440/20260906T141653Z-orcs/kesh-candidate02/workbench-review/executed-workbench-helper.py', LF will be replaced by CRLF the next time Git touches it
warning: in the working copy of 'reports/WC-U440/20260906T141653Z-orcs/kesh-contact03/executed-contact-fix.py', LF will be replaced by CRLF the next time Git touches it
warning: in the working copy of 'reports/WC-U440/20260906T141653Z-orcs/kesh-contact03/workbench-review/executed-review.py', LF will be replaced by CRLF the next time Git touches it
warning: in the working copy of 'reports/WC-U440/20260906T141653Z-orcs/kesh-contact03/workbench-review/executed-workbench-helper.py', LF will be replaced by CRLF the next time Git touches it
warning: in the working copy of 'reports/WC-U440/20260906T141653Z-orcs/orc-source-handoff.md', LF will be replaced by CRLF the next time Git touches it
warning: in the working copy of 'reports/WC-U440/20260906T141653Z-orcs/render-candidate.py', LF will be replaced by CRLF the next time Git touches it
warning: in the working copy of 'reports/WC-U440/20260906T141653Z-orcs/rok-candidate01/executed-refinement.py', LF will be replaced by CRLF the next time Git touches it
warning: in the working copy of 'reports/WC-U440/20260906T141653Z-orcs/rok-candidate02/executed-refinement.py', LF will be replaced by CRLF the next time Git touches it
warning: in the working copy of 'reports/WC-U440/20260906T141653Z-orcs/rok-candidate02/workbench-review/executed-review.py', LF will be replaced by CRLF the next time Git touches it
warning: in the working copy of 'reports/WC-U440/20260906T141653Z-orcs/rok-candidate02/workbench-review/executed-workbench-helper.py', LF will be replaced by CRLF the next time Git touches it
warning: in the working copy of 'reports/WC-U440/20260906T141653Z-orcs/summarize-orcs.py', LF will be replaced by CRLF the next time Git touches it
warning: in the working copy of 'reports/WC-U440/20260906T141653Z-orcs/zura-candidate01/executed-refinement.py', LF will be replaced by CRLF the next time Git touches it
warning: in the working copy of 'reports/WC-U440/20260906T141653Z-orcs/zura-candidate02/executed-refinement.py', LF will be replaced by CRLF the next time Git touches it
warning: in the working copy of 'reports/WC-U440/20260906T141653Z-orcs/zura-candidate02/workbench-fitted/executed-review.py', LF will be replaced by CRLF the next time Git touches it
warning: in the working copy of 'reports/WC-U440/20260906T141653Z-orcs/zura-candidate02/workbench-fitted/executed-workbench-helper.py', LF will be replaced by CRLF the next time Git touches it
warning: in the working copy of 'reports/WC-U440/20260906T141653Z-orcs/zura-candidate02/workbench-review/executed-review.py', LF will be replaced by CRLF the next time Git touches it
warning: in the working copy of 'reports/WC-U440/20260906T141653Z-orcs/zura-candidate02/workbench-review/executed-workbench-helper.py', LF will be replaced by CRLF the next time Git touches it
warning: in the working copy of 'reports/WC-U440/20260906T142439Z/import_alpha_assets/editor.log', LF will be replaced by CRLF the next time Git touches it
warning: in the working copy of 'reports/WC-U440/20260906T142439Z/import_data_tables/editor.log', LF will be replaced by CRLF the next time Git touches it
warning: in the working copy of 'reports/WC-U440/20260906T142908Z/elves-dwarves-import/editor.log', LF will be replaced by CRLF the next time Git touches it
warning: in the working copy of 'reports/WC-U440/20260906T143108Z/cold-all-current/editor.log', LF will be replaced by CRLF the next time Git touches it
warning: in the working copy of 'reports/WC-U440/20260906T144057Z/import_alpha_assets/editor.log', LF will be replaced by CRLF the next time Git touches it
warning: in the working copy of 'reports/WC-U440/20260906T144057Z/import_lobby_assets/editor.log', LF will be replaced by CRLF the next time Git touches it
warning: in the working copy of 'reports/WC-U440/20260906T144111Z/probe_cass_contacts.py', LF will be replaced by CRLF the next time Git touches it
warning: in the working copy of 'reports/WC-U440/20260906T144111Z/probe_four_rigs.py', LF will be replaced by CRLF the next time Git touches it
warning: in the working copy of 'reports/WC-U440/20260906T144111Z/wc_u_dwarf_priest/candidate-v1/executed-author.py', LF will be replaced by CRLF the next time Git touches it
warning: in the working copy of 'reports/WC-U440/20260906T144111Z/wc_u_dwarf_priest/refinement-v1/executed-refinement.py', LF will be replaced by CRLF the next time Git touches it
warning: in the working copy of 'reports/WC-U440/20260906T144111Z/wc_u_dwarf_priest/refinement-v2/executed-refinement.py', LF will be replaced by CRLF the next time Git touches it
warning: in the working copy of 'reports/WC-U440/20260906T144111Z/wc_u_elf_mage/candidate-v1/executed-author.py', LF will be replaced by CRLF the next time Git touches it
warning: in the working copy of 'reports/WC-U440/20260906T144111Z/wc_u_elf_mage/refinement-v1/executed-refinement.py', LF will be replaced by CRLF the next time Git touches it
warning: in the working copy of 'reports/WC-U440/20260906T144111Z/wc_u_elf_mage/refinement-v2/executed-refinement.py', LF will be replaced by CRLF the next time Git touches it
warning: in the working copy of 'reports/WC-U440/20260906T144111Z/wc_u_elf_mage/refinement-v3/executed-refinement.py', LF will be replaced by CRLF the next time Git touches it
warning: in the working copy of 'reports/WC-U440/20260906T144111Z/wc_u_human_warrior/candidate-v1/executed-author.py', LF will be replaced by CRLF the next time Git touches it
warning: in the working copy of 'reports/WC-U440/20260906T144111Z/wc_u_human_warrior/candidate-v2/executed-author.py', LF will be replaced by CRLF the next time Git touches it
warning: in the working copy of 'reports/WC-U440/20260906T144111Z/wc_u_human_warrior/candidate-v3/executed-author.py', LF will be replaced by CRLF the next time Git touches it
warning: in the working copy of 'reports/WC-U440/20260906T144111Z/wc_u_human_warrior/refinement-v1/executed-refinement.py', LF will be replaced by CRLF the next time Git touches it
warning: in the working copy of 'reports/WC-U440/20260906T144111Z/wc_u_human_warrior/refinement-v2/executed-refinement.py', LF will be replaced by CRLF the next time Git touches it
warning: in the working copy of 'reports/WC-U440/20260906T144111Z/wc_u_human_warrior/refinement-v3/executed-refinement.py', LF will be replaced by CRLF the next time Git touches it
warning: in the working copy of 'reports/WC-U440/20260906T144111Z/wc_u_orc_guardian/candidate-v1/executed-author.py', LF will be replaced by CRLF the next time Git touches it
warning: in the working copy of 'reports/WC-U440/20260906T144111Z/wc_u_orc_guardian/refinement-v1/executed-refinement.py', LF will be replaced by CRLF the next time Git touches it
warning: in the working copy of 'reports/WC-U440/20260906T144111Z/wc_u_orc_guardian/refinement-v2/executed-refinement.py', LF will be replaced by CRLF the next time Git touches it
warning: in the working copy of 'reports/WC-U440/20260906T144111Z/write-four-family-handoff.py', LF will be replaced by CRLF the next time Git touches it
warning: in the working copy of 'reports/WC-U440/20260906T151056Z/cass-import/editor.log', LF will be replaced by CRLF the next time Git touches it
warning: in the working copy of 'reports/WC-U440/20260906T151202Z-dragonkin-preparation/dragonkin-preparation-handoff.md', LF will be replaced by CRLF the next time Git touches it
warning: in the working copy of 'reports/WC-U440/20260906T152237Z/cass-orla-import/editor.log', LF will be replaced by CRLF the next time Git touches it
warning: in the working copy of 'reports/WC-U440/20260906T153339Z/neris-tala-import/editor.log', LF will be replaced by CRLF the next time Git touches it
warning: in the working copy of 'reports/WC-U440/20260906T153806Z/ada/candidate9-v1/executed-polish.py', LF will be replaced by CRLF the next time Git touches it
warning: in the working copy of 'reports/WC-U440/20260906T153806Z/ada/candidate9-v2/executed-polish.py', LF will be replaced by CRLF the next time Git touches it
warning: in the working copy of 'reports/WC-U440/20260906T153806Z/ada/candidate9-v3/executed-polish.py', LF will be replaced by CRLF the next time Git touches it
warning: in the working copy of 'reports/WC-U440/20260906T153806Z/ada/candidate9-v4/executed-polish.py', LF will be replaced by CRLF the next time Git touches it
warning: in the working copy of 'reports/WC-U440/20260906T153806Z/ada/candidate9-v5/executed-polish.py', LF will be replaced by CRLF the next time Git touches it
warning: in the working copy of 'reports/WC-U440/20260906T153806Z/ada/candidate9-v6/executed-polish.py', LF will be replaced by CRLF the next time Git touches it
warning: in the working copy of 'reports/WC-U440/20260906T153806Z/ada/candidate9-v7/executed-polish.py', LF will be replaced by CRLF the next time Git touches it
warning: in the working copy of 'reports/WC-U440/20260906T153806Z/ada/candidate9-v8/executed-polish.py', LF will be replaced by CRLF the next time Git touches it
warning: in the working copy of 'reports/WC-U440/20260906T153806Z/ada/candidate9-v8/executed-publish.py', LF will be replaced by CRLF the next time Git touches it
[main efca6f7] Preserve Wonder Chess research and execution evidence batch 06
 2499 files changed, 94183 insertions(+)
 create mode 100644 reports/WC-U440/20260906T133433Z/wc_u_elf_ranger/refinement-v1/motion-frames/Idle/0025.png
 create mode 100644 reports/WC-U440/20260906T133433Z/wc_u_elf_ranger/refinement-v1/motion-frames/Idle/0026.png
 create mode 100644 reports/WC-U440/20260906T133433Z/wc_u_elf_ranger/refinement-v1/motion-frames/Idle/0027.png
 create mode 100644 reports/WC-U440/20260906T133433Z/wc_u_elf_ranger/refinement-v1/motion-frames/Idle/0028.png
 create mode 100644 reports/WC-U440/20260906T133433Z/wc_u_elf_ranger/refinement-v1/motion-frames/Idle/0029.png
 create mode 100644 reports/WC-U440/20260906T133433Z/wc_u_elf_ranger/refinement-v1/motion-frames/Idle/0030.png
 create mode 100644 reports/WC-U440/20260906T133433Z/wc_u_elf_ranger/refinement-v1/motion-frames/Idle/0031.png
 create mode 100644 reports/WC-U440/20260906T133433Z/wc_u_elf_ranger/refinement-v1/motion-frames/Idle/0032.png
 create mode 100644 reports/WC-U440/20260906T133433Z/wc_u_elf_ranger/refinement-v1/motion-frames/Idle/0033.png
 create mode 100644 reports/WC-U440/20260906T133433Z/wc_u_elf_ranger/refinement-v1/motion-frames/Idle/0034.png
 create mode 100644 reports/WC-U440/20260906T133433Z/wc_u_elf_ranger/refinement-v1/motion-frames/Idle/0035.png
 create mode 100644 reports/WC-U440/20260906T133433Z/wc_u_elf_ranger/refinement-v1/motion-frames/Idle/0036.png
 create mode 100644 reports/WC-U440/20260906T133433Z/wc_u_elf_ranger/refinement-v1/motion-frames/Idle/0037.png
 create mode 100644 reports/WC-U440/20260906T133433Z/wc_u_elf_ranger/refinement-v1/motion-frames/Idle/0038.png
 create mode 100644 reports/WC-U440/20260906T133433Z/wc_u_elf_ranger/refinement-v1/motion-frames/Idle/0039.png
 create mode 100644 reports/WC-U440/20260906T133433Z/wc_u_elf_ranger/refinement-v1/motion-frames/Move/0000.png
 create mode 100644 reports/WC-U440/20260906T133433Z/wc_u_elf_ranger/refinement-v1/motion-frames/Move/0001.png
 create mode 100644 reports/WC-U440/20260906T133433Z/wc_u_elf_ranger/refinement-v1/motion-frames/Move/0002.png
 create mode 100644 reports/WC-U440/20260906T133433Z/wc_u_elf_ranger/refinement-v1/motion-frames/Move/0003.png
 create mode 100644 reports/WC-U440/20260906T133433Z/wc_u_elf_ranger/refinement-v1/motion-frames/Move/0004.png
 create mode 100644 reports/WC-U440/20260906T133433Z/wc_u_elf_ranger/refinement-v1/motion-frames/Move/0005.png
 create mode 100644 reports/WC-U440/20260906T133433Z/wc_u_elf_ranger/refinement-v1/motion-frames/Move/0006.png
 create mode 100644 reports/WC-U440/20260906T133433Z/wc_u_elf_ranger/refinement-v1/motion-frames/Move/0007.png
 create mode 100644 reports/WC-U440/20260906T133433Z/wc_u_elf_ranger/refinement-v1/motion-frames/Move/0008.png
 create mode 100644 reports/WC-U440/20260906T133433Z/wc_u_elf_ranger/refinement-v1/motion-frames/Move/0009.png
 create mode 100644 reports/WC-U440/20260906T133433Z/wc_u_elf_ranger/refinement-v1/motion-frames/Move/0010.png
 create mode 100644 reports/WC-U440/20260906T133433Z/wc_u_elf_ranger/refinement-v1/motion-frames/Move/0011.png
 create mode 100644 reports/WC-U440/20260906T133433Z/wc_u_elf_ranger/refinement-v1/motion-frames/Move/0012.png
 create mode 100644 reports/WC-U440/20260906T133433Z/wc_u_elf_ranger/refinement-v1/motion-frames/Move/0013.png
 create mode 100644 reports/WC-U440/20260906T133433Z/wc_u_elf_ranger/refinement-v1/motion-frames/Move/0014.png
 create mode 100644 reports/WC-U440/20260906T133433Z/wc_u_elf_ranger/refinement-v1/motion-frames/Move/0015.png
 create mode 100644 reports/WC-U440/20260906T133433Z/wc_u_elf_ranger/refinement-v1/motion-frames/Move/0016.png
 create mode 100644 reports/WC-U440/20260906T133433Z/wc_u_elf_ranger/refinement-v1/motion-frames/Move/0017.png
 create mode 100644 reports/WC-U440/20260906T133433Z/wc_u_elf_ranger/refinement-v1/motion-frames/Move/0018.png
 create mode 100644 reports/WC-U440/20260906T133433Z/wc_u_elf_ranger/refinement-v1/motion-frames/Move/0019.png
 create mode 100644 reports/WC-U440/20260906T133433Z/wc_u_elf_ranger/refinement-v1/motion-frames/Victory/0000.png
 create mode 100644 reports/WC-U440/20260906T133433Z/wc_u_elf_ranger/refinement-v1/motion-frames/Victory/0001.png
 create mode 100644 reports/WC-U440/20260906T133433Z/wc_u_elf_ranger/refinement-v1/motion-frames/Victory/0002.png
 create mode 100644 reports/WC-U440/20260906T133433Z/wc_u_elf_ranger/refinement-v1/motion-frames/Victory/0003.png
 create mode 100644 reports/WC-U440/20260906T133433Z/wc_u_elf_ranger/refinement-v1/motion-frames/Victory/0004.png
 create mode 100644 reports/WC-U440/20260906T133433Z/wc_u_elf_ranger/refinement-v1/motion-frames/Victory/0005.png
 create mode 100644 reports/WC-U440/20260906T133433Z/wc_u_elf_ranger/refinement-v1/motion-frames/Victory/0006.png
 create mode 100644 reports/WC-U440/20260906T133433Z/wc_u_elf_ranger/refinement-v1/motion-frames/Victory/0007.png
 create mode 100644 reports/WC-U440/20260906T133433Z/wc_u_elf_ranger/refinement-v1/motion-frames/Victory/0008.png
 create mode 100644 reports/WC-U440/20260906T133433Z/wc_u_elf_ranger/refinement-v1/motion-frames/Victory/0009.png
 create mode 100644 reports/WC-U440/20260906T133433Z/wc_u_elf_ranger/refinement-v1/motion-frames/Victory/0010.png
 create mode 100644 reports/WC-U440/20260906T133433Z/wc_u_elf_ranger/refinement-v1/motion-frames/Victory/0011.png
 create mode 100644 reports/WC-U440/20260906T133433Z/wc_u_elf_ranger/refinement-v1/motion-frames/Victory/0012.png
 create mode 100644 reports/WC-U440/20260906T133433Z/wc_u_elf_ranger/refinement-v1/motion-frames/Victory/0013.png
 create mode 100644 reports/WC-U440/20260906T133433Z/wc_u_elf_ranger/refinement-v1/motion-frames/Victory/0014.png
 create mode 100644 reports/WC-U440/20260906T133433Z/wc_u_elf_ranger/refinement-v1/motion-frames/Victory/0015.png
 create mode 100644 reports/WC-U440/20260906T133433Z/wc_u_elf_ranger/refinement-v1/motion-frames/Victory/0016.png
 create mode 100644 reports/WC-U440/20260906T133433Z/wc_u_elf_ranger/refinement-v1/motion-frames/Victory/0017.png
 create mode 100644 reports/WC-U440/20260906T133433Z/wc_u_elf_ranger/refinement-v1/motion-frames/Victory/0018.png
 create mode 100644 reports/WC-U440/20260906T133433Z/wc_u_elf_ranger/refinement-v1/motion-frames/Victory/0019.png
 create mode 100644 reports/WC-U440/20260906T133433Z/wc_u_elf_ranger/refinement-v1/motion-frames/Victory/0020.png
 create mode 100644 reports/WC-U440/20260906T133433Z/wc_u_elf_ranger/refinement-v1/motion-frames/Victory/0021.png
 create mode 100644 reports/WC-U440/20260906T133433Z/wc_u_elf_ranger/refinement-v1/motion-frames/Victory/0022.png
 create mode 100644 reports/WC-U440/20260906T133433Z/wc_u_elf_ranger/refinement-v1/motion-frames/Victory/0023.png
 create mode 100644 reports/WC-U440/20260906T133433Z/wc_u_elf_ranger/refinement-v1/motion-frames/Victory/0024.png
 create mode 100644 reports/WC-U440/20260906T133433Z/wc_u_elf_ranger/refinement-v1/motion-frames/Victory/0025.png
 create mode 100644 reports/WC-U440/20260906T133433Z/wc_u_elf_ranger/refinement-v1/motion-frames/Victory/0026.png
 create mode 100644 reports/WC-U440/20260906T133433Z/wc_u_elf_ranger/refinement-v1/motion-frames/Victory/0027.png
 create mode 100644 reports/WC-U440/20260906T133433Z/wc_u_elf_ranger/refinement-v1/motion-frames/Victory/0028.png
 create mode 100644 reports/WC-U440/20260906T133433Z/wc_u_elf_ranger/refinement-v1/motion-frames/Victory/0029.png
 create mode 100644 reports/WC-U440/20260906T133433Z/wc_u_elf_ranger/refinement-v1/motion-invariants.json
 create mode 100644 reports/WC-U440/20260906T133433Z/wc_u_elf_ranger/refinement-v1/motion-sequences.json
 create mode 100644 reports/WC-U440/20260906T133433Z/wc_u_elf_ranger/refinement-v1/normal-speed-evidence.json
 create mode 100644 reports/WC-U440/20260906T133433Z/wc_u_elf_ranger/refinement-v1/normalized-export/AN_wc_u_elf_ranger_Active.fbx
 create mode 100644 reports/WC-U440/20260906T133433Z/wc_u_elf_ranger/refinement-v1/normalized-export/AN_wc_u_elf_ranger_Attack.fbx
 create mode 100644 reports/WC-U440/20260906T133433Z/wc_u_elf_ranger/refinement-v1/normalized-export/AN_wc_u_elf_ranger_Defeat.fbx
 create mode 100644 reports/WC-U440/20260906T133433Z/wc_u_elf_ranger/refinement-v1/normalized-export/AN_wc_u_elf_ranger_Hit.fbx
 create mode 100644 reports/WC-U440/20260906T133433Z/wc_u_elf_ranger/refinement-v1/normalized-export/AN_wc_u_elf_ranger_Idle.fbx
 create mode 100644 reports/WC-U440/20260906T133433Z/wc_u_elf_ranger/refinement-v1/normalized-export/AN_wc_u_elf_ranger_Move.fbx
 create mode 100644 reports/WC-U440/20260906T133433Z/wc_u_elf_ranger/refinement-v1/normalized-export/AN_wc_u_elf_ranger_Victory.fbx
 create mode 100644 reports/WC-U440/20260906T133433Z/wc_u_elf_ranger/refinement-v1/normalized-export/SK_wc_u_elf_ranger.fbm/T_wc_u_elf_ranger_BaseColor.png
 create mode 100644 reports/WC-U440/20260906T133433Z/wc_u_elf_ranger/refinement-v1/normalized-export/SK_wc_u_elf_ranger.fbm/T_wc_u_elf_ranger_Normal.png
 create mode 100644 reports/WC-U440/20260906T133433Z/wc_u_elf_ranger/refinement-v1/normalized-export/SK_wc_u_elf_ranger.fbx
 create mode 100644 reports/WC-U440/20260906T133433Z/wc_u_elf_ranger/refinement-v1/normalized-export/SK_wc_u_elf_ranger_LOD1.fbm/T_wc_u_elf_ranger_BaseColor.png
 create mode 100644 reports/WC-U440/20260906T133433Z/wc_u_elf_ranger/refinement-v1/normalized-export/SK_wc_u_elf_ranger_LOD1.fbm/T_wc_u_elf_ranger_Normal.png
 create mode 100644 reports/WC-U440/20260906T133433Z/wc_u_elf_ranger/refinement-v1/normalized-export/SK_wc_u_elf_ranger_LOD1.fbx
 create mode 100644 reports/WC-U440/20260906T133433Z/wc_u_elf_ranger/refinement-v1/normalized-export/SK_wc_u_elf_ranger_LOD2.fbm/T_wc_u_elf_ranger_BaseColor.png
 create mode 100644 reports/WC-U440/20260906T133433Z/wc_u_elf_ranger/refinement-v1/normalized-export/SK_wc_u_elf_ranger_LOD2.fbm/T_wc_u_elf_ranger_Normal.png
 create mode 100644 reports/WC-U440/20260906T133433Z/wc_u_elf_ranger/refinement-v1/normalized-export/SK_wc_u_elf_ranger_LOD2.fbx
 create mode 100644 reports/WC-U440/20260906T133433Z/wc_u_elf_ranger/refinement-v1/normalized-export/export_manifest.json
 create mode 100644 reports/WC-U440/20260906T133433Z/wc_u_elf_ranger/refinement-v1/normalized-export/portrait.png
 create mode 100644 reports/WC-U440/20260906T133433Z/wc_u_elf_ranger/refinement-v1/published-motion-invariants.json
 create mode 100644 reports/WC-U440/20260906T133433Z/wc_u_elf_ranger/refinement-v1/published-verification.json
 create mode 100644 reports/WC-U440/20260906T133433Z/wc_u_elf_ranger/refinement-v1/refinement.json
 create mode 100644 reports/WC-U440/20260906T133433Z/wc_u_elf_ranger/refinement-v1/structure-inspection.json
 create mode 100644 reports/WC-U440/20260906T133433Z/wc_u_elf_ranger/refinement-v1/wc_u_elf_ranger-update24-revision7.blend
 create mode 100644 reports/WC-U440/20260906T133433Z/wc_u_elf_rogue-inspection.log
 create mode 100644 reports/WC-U440/20260906T133433Z/wc_u_elf_rogue/before/before-back.png
 create mode 100644 reports/WC-U440/20260906T133433Z/wc_u_elf_rogue/before/before-front.png
 create mode 100644 reports/WC-U440/20260906T133433Z/wc_u_elf_rogue/before/before-side.png
 create mode 100644 reports/WC-U440/20260906T133433Z/wc_u_elf_rogue/before/before-three-quarter.png
 create mode 100644 reports/WC-U440/20260906T133433Z/wc_u_elf_rogue/before/inspection.json
 create mode 100644 reports/WC-U440/20260906T133433Z/wc_u_elf_rogue/encoded-motion-v5.log
 create mode 100644 reports/WC-U440/20260906T133433Z/wc_u_elf_rogue/motion-review-v5.log
 create mode 100644 reports/WC-U440/20260906T133433Z/wc_u_elf_rogue/normalized-export-refinement-v5.log
 create mode 100644 reports/WC-U440/20260906T133433Z/wc_u_elf_rogue/published-verification-refinement-v5.log
 create mode 100644 reports/WC-U440/20260906T133433Z/wc_u_elf_rogue/refinement-v1.log
 create mode 100644 reports/WC-U440/20260906T133433Z/wc_u_elf_rogue/refinement-v1/after-back.png
 create mode 100644 reports/WC-U440/20260906T133433Z/wc_u_elf_rogue/refinement-v1/after-front.png
 create mode 100644 reports/WC-U440/20260906T133433Z/wc_u_elf_rogue/refinement-v1/after-side.png
 create mode 100644 reports/WC-U440/20260906T133433Z/wc_u_elf_rogue/refinement-v1/after-three-quarter.png
 create mode 100644 reports/WC-U440/20260906T133433Z/wc_u_elf_rogue/refinement-v1/before-export-manifest.json
 create mode 100644 reports/WC-U440/20260906T133433Z/wc_u_elf_rogue/refinement-v1/before-source.blend
 create mode 100644 reports/WC-U440/20260906T133433Z/wc_u_elf_rogue/refinement-v1/refinement.json
 create mode 100644 reports/WC-U440/20260906T133433Z/wc_u_elf_rogue/refinement-v1/wc_u_elf_rogue-update24-revision7.blend
 create mode 100644 reports/WC-U440/20260906T133433Z/wc_u_elf_rogue/refinement-v2.log
 create mode 100644 reports/WC-U440/20260906T133433Z/wc_u_elf_rogue/refinement-v2/after-back.png
 create mode 100644 reports/WC-U440/20260906T133433Z/wc_u_elf_rogue/refinement-v2/after-front.png
 create mode 100644 reports/WC-U440/20260906T133433Z/wc_u_elf_rogue/refinement-v2/after-side.png
 create mode 100644 reports/WC-U440/20260906T133433Z/wc_u_elf_rogue/refinement-v2/after-three-quarter.png
 create mode 100644 reports/WC-U440/20260906T133433Z/wc_u_elf_rogue/refinement-v2/before-export-manifest.json
 create mode 100644 reports/WC-U440/20260906T133433Z/wc_u_elf_rogue/refinement-v2/before-source.blend
 create mode 100644 reports/WC-U440/20260906T133433Z/wc_u_elf_rogue/refinement-v2/refinement.json
 create mode 100644 reports/WC-U440/20260906T133433Z/wc_u_elf_rogue/refinement-v2/wc_u_elf_rogue-update24-revision7.blend
 create mode 100644 reports/WC-U440/20260906T133433Z/wc_u_elf_rogue/refinement-v3.log
 create mode 100644 reports/WC-U440/20260906T133433Z/wc_u_elf_rogue/refinement-v3/after-back.png
 create mode 100644 reports/WC-U440/20260906T133433Z/wc_u_elf_rogue/refinement-v3/after-front.png
 create mode 100644 reports/WC-U440/20260906T133433Z/wc_u_elf_rogue/refinement-v3/after-side.png
 create mode 100644 reports/WC-U440/20260906T133433Z/wc_u_elf_rogue/refinement-v3/after-three-quarter.png
 create mode 100644 reports/WC-U440/20260906T133433Z/wc_u_elf_rogue/refinement-v3/before-export-manifest.json
 create mode 100644 reports/WC-U440/20260906T133433Z/wc_u_elf_rogue/refinement-v3/before-source.blend
 create mode 100644 reports/WC-U440/20260906T133433Z/wc_u_elf_rogue/refinement-v3/refinement.json
 create mode 100644 reports/WC-U440/20260906T133433Z/wc_u_elf_rogue/refinement-v3/wc_u_elf_rogue-update24-revision7.blend
 create mode 100644 reports/WC-U440/20260906T133433Z/wc_u_elf_rogue/refinement-v4.log
 create mode 100644 reports/WC-U440/20260906T133433Z/wc_u_elf_rogue/refinement-v4/after-back.png
 create mode 100644 reports/WC-U440/20260906T133433Z/wc_u_elf_rogue/refinement-v4/after-front.png
 create mode 100644 reports/WC-U440/20260906T133433Z/wc_u_elf_rogue/refinement-v4/after-side.png
 create mode 100644 reports/WC-U440/20260906T133433Z/wc_u_elf_rogue/refinement-v4/after-three-quarter.png
 create mode 100644 reports/WC-U440/20260906T133433Z/wc_u_elf_rogue/refinement-v4/before-export-manifest.json
 create mode 100644 reports/WC-U440/20260906T133433Z/wc_u_elf_rogue/refinement-v4/before-source.blend
 create mode 100644 reports/WC-U440/20260906T133433Z/wc_u_elf_rogue/refinement-v4/refinement.json
 create mode 100644 reports/WC-U440/20260906T133433Z/wc_u_elf_rogue/refinement-v4/wc_u_elf_rogue-update24-revision7.blend
 create mode 100644 reports/WC-U440/20260906T133433Z/wc_u_elf_rogue/refinement-v5.log
 create mode 100644 reports/WC-U440/20260906T133433Z/wc_u_elf_rogue/refinement-v5/Active-all-samples.png
 create mode 100644 reports/WC-U440/20260906T133433Z/wc_u_elf_rogue/refinement-v5/Active-normal-speed.gif
 create mode 100644 reports/WC-U440/20260906T133433Z/wc_u_elf_rogue/refinement-v5/Attack-all-samples.png
 create mode 100644 reports/WC-U440/20260906T133433Z/wc_u_elf_rogue/refinement-v5/Attack-normal-speed.gif
 create mode 100644 reports/WC-U440/20260906T133433Z/wc_u_elf_rogue/refinement-v5/Defeat-all-samples.png
 create mode 100644 reports/WC-U440/20260906T133433Z/wc_u_elf_rogue/refinement-v5/Defeat-normal-speed.gif
 create mode 100644 reports/WC-U440/20260906T133433Z/wc_u_elf_rogue/refinement-v5/EXPORT-published-inspection.json
 create mode 100644 reports/WC-U440/20260906T133433Z/wc_u_elf_rogue/refinement-v5/Hit-all-samples.png
 create mode 100644 reports/WC-U440/20260906T133433Z/wc_u_elf_rogue/refinement-v5/Hit-normal-speed.gif
 create mode 100644 reports/WC-U440/20260906T133433Z/wc_u_elf_rogue/refinement-v5/Idle-all-samples.png
 create mode 100644 reports/WC-U440/20260906T133433Z/wc_u_elf_rogue/refinement-v5/Idle-normal-speed.gif
 create mode 100644 reports/WC-U440/20260906T133433Z/wc_u_elf_rogue/refinement-v5/LOD_SOURCE-published-inspection.json
 create mode 100644 reports/WC-U440/20260906T133433Z/wc_u_elf_rogue/refinement-v5/Move-all-samples.png
 create mode 100644 reports/WC-U440/20260906T133433Z/wc_u_elf_rogue/refinement-v5/Move-normal-speed.gif
 create mode 100644 reports/WC-U440/20260906T133433Z/wc_u_elf_rogue/refinement-v5/Victory-all-samples.png
 create mode 100644 reports/WC-U440/20260906T133433Z/wc_u_elf_rogue/refinement-v5/Victory-normal-speed.gif
 create mode 100644 reports/WC-U440/20260906T133433Z/wc_u_elf_rogue/refinement-v5/after-back.png
 create mode 100644 reports/WC-U440/20260906T133433Z/wc_u_elf_rogue/refinement-v5/after-front.png
 create mode 100644 reports/WC-U440/20260906T133433Z/wc_u_elf_rogue/refinement-v5/after-side.png
 create mode 100644 reports/WC-U440/20260906T133433Z/wc_u_elf_rogue/refinement-v5/after-three-quarter.png
 create mode 100644 reports/WC-U440/20260906T133433Z/wc_u_elf_rogue/refinement-v5/before-export-manifest.json
 create mode 100644 reports/WC-U440/20260906T133433Z/wc_u_elf_rogue/refinement-v5/before-source.blend
 create mode 100644 reports/WC-U440/20260906T133433Z/wc_u_elf_rogue/refinement-v5/export-result.json
 create mode 100644 reports/WC-U440/20260906T133433Z/wc_u_elf_rogue/refinement-v5/motion-frames/Active/0000.png
 create mode 100644 reports/WC-U440/20260906T133433Z/wc_u_elf_rogue/refinement-v5/motion-frames/Active/0001.png
 create mode 100644 reports/WC-U440/20260906T133433Z/wc_u_elf_rogue/refinement-v5/motion-frames/Active/0002.png
 create mode 100644 reports/WC-U440/20260906T133433Z/wc_u_elf_rogue/refinement-v5/motion-frames/Active/0003.png
 create mode 100644 reports/WC-U440/20260906T133433Z/wc_u_elf_rogue/refinement-v5/motion-frames/Active/0004.png
 create mode 100644 reports/WC-U440/20260906T133433Z/wc_u_elf_rogue/refinement-v5/motion-frames/Active/0005.png
 create mode 100644 reports/WC-U440/20260906T133433Z/wc_u_elf_rogue/refinement-v5/motion-frames/Active/0006.png
 create mode 100644 reports/WC-U440/20260906T133433Z/wc_u_elf_rogue/refinement-v5/motion-frames/Active/0007.png
 create mode 100644 reports/WC-U440/20260906T133433Z/wc_u_elf_rogue/refinement-v5/motion-frames/Active/0008.png
 create mode 100644 reports/WC-U440/20260906T133433Z/wc_u_elf_rogue/refinement-v5/motion-frames/Active/0009.png
 create mode 100644 reports/WC-U440/20260906T133433Z/wc_u_elf_rogue/refinement-v5/motion-frames/Attack/0000.png
 create mode 100644 reports/WC-U440/20260906T133433Z/wc_u_elf_rogue/refinement-v5/motion-frames/Attack/0001.png
 create mode 100644 reports/WC-U440/20260906T133433Z/wc_u_elf_rogue/refinement-v5/motion-frames/Attack/0002.png
 create mode 100644 reports/WC-U440/20260906T133433Z/wc_u_elf_rogue/refinement-v5/motion-frames/Attack/0003.png
 create mode 100644 reports/WC-U440/20260906T133433Z/wc_u_elf_rogue/refinement-v5/motion-frames/Attack/0004.png
 create mode 100644 reports/WC-U440/20260906T133433Z/wc_u_elf_rogue/refinement-v5/motion-frames/Attack/0005.png
 create mode 100644 reports/WC-U440/20260906T133433Z/wc_u_elf_rogue/refinement-v5/motion-frames/Attack/0006.png
 create mode 100644 reports/WC-U440/20260906T133433Z/wc_u_elf_rogue/refinement-v5/motion-frames/Attack/0007.png
 create mode 100644 reports/WC-U440/20260906T133433Z/wc_u_elf_rogue/refinement-v5/motion-frames/Attack/0008.png
 create mode 100644 reports/WC-U440/20260906T133433Z/wc_u_elf_rogue/refinement-v5/motion-frames/Attack/0009.png
 create mode 100644 reports/WC-U440/20260906T133433Z/wc_u_elf_rogue/refinement-v5/motion-frames/Attack/0010.png
 create mode 100644 reports/WC-U440/20260906T133433Z/wc_u_elf_rogue/refinement-v5/motion-frames/Attack/0011.png
 create mode 100644 reports/WC-U440/20260906T133433Z/wc_u_elf_rogue/refinement-v5/motion-frames/Attack/0012.png
 create mode 100644 reports/WC-U440/20260906T133433Z/wc_u_elf_rogue/refinement-v5/motion-frames/Defeat/0000.png
 create mode 100644 reports/WC-U440/20260906T133433Z/wc_u_elf_rogue/refinement-v5/motion-frames/Defeat/0001.png
 create mode 100644 reports/WC-U440/20260906T133433Z/wc_u_elf_rogue/refinement-v5/motion-frames/Defeat/0002.png
 create mode 100644 reports/WC-U440/20260906T133433Z/wc_u_elf_rogue/refinement-v5/motion-frames/Defeat/0003.png
 create mode 100644 reports/WC-U440/20260906T133433Z/wc_u_elf_rogue/refinement-v5/motion-frames/Defeat/0004.png
 create mode 100644 reports/WC-U440/20260906T133433Z/wc_u_elf_rogue/refinement-v5/motion-frames/Defeat/0005.png
 create mode 100644 reports/WC-U440/20260906T133433Z/wc_u_elf_rogue/refinement-v5/motion-frames/Defeat/0006.png
 create mode 100644 reports/WC-U440/20260906T133433Z/wc_u_elf_rogue/refinement-v5/motion-frames/Defeat/0007.png
 create mode 100644 reports/WC-U440/20260906T133433Z/wc_u_elf_rogue/refinement-v5/motion-frames/Defeat/0008.png
 create mode 100644 reports/WC-U440/20260906T133433Z/wc_u_elf_rogue/refinement-v5/motion-frames/Defeat/0009.png
 create mode 100644 reports/WC-U440/20260906T133433Z/wc_u_elf_rogue/refinement-v5/motion-frames/Defeat/0010.png
 create mode 100644 reports/WC-U440/20260906T133433Z/wc_u_elf_rogue/refinement-v5/motion-frames/Defeat/0011.png
 create mode 100644 reports/WC-U440/20260906T133433Z/wc_u_elf_rogue/refinement-v5/motion-frames/Defeat/0012.png
 create mode 100644 reports/WC-U440/20260906T133433Z/wc_u_elf_rogue/refinement-v5/motion-frames/Defeat/0013.png
 create mode 100644 reports/WC-U440/20260906T133433Z/wc_u_elf_rogue/refinement-v5/motion-frames/Defeat/0014.png
 create mode 100644 reports/WC-U440/20260906T133433Z/wc_u_elf_rogue/refinement-v5/motion-frames/Defeat/0015.png
 create mode 100644 reports/WC-U440/20260906T133433Z/wc_u_elf_rogue/refinement-v5/motion-frames/Defeat/0016.png
 create mode 100644 reports/WC-U440/20260906T133433Z/wc_u_elf_rogue/refinement-v5/motion-frames/Defeat/0017.png
 create mode 100644 reports/WC-U440/20260906T133433Z/wc_u_elf_rogue/refinement-v5/motion-frames/Defeat/0018.png
 create mode 100644 reports/WC-U440/20260906T133433Z/wc_u_elf_rogue/refinement-v5/motion-frames/Defeat/0019.png
 create mode 100644 reports/WC-U440/20260906T133433Z/wc_u_elf_rogue/refinement-v5/motion-frames/Hit/0000.png
 create mode 100644 reports/WC-U440/20260906T133433Z/wc_u_elf_rogue/refinement-v5/motion-frames/Hit/0001.png
 create mode 100644 reports/WC-U440/20260906T133433Z/wc_u_elf_rogue/refinement-v5/motion-frames/Hit/0002.png
 create mode 100644 reports/WC-U440/20260906T133433Z/wc_u_elf_rogue/refinement-v5/motion-frames/Hit/0003.png
 create mode 100644 reports/WC-U440/20260906T133433Z/wc_u_elf_rogue/refinement-v5/motion-frames/Hit/0004.png
 create mode 100644 reports/WC-U440/20260906T133433Z/wc_u_elf_rogue/refinement-v5/motion-frames/Hit/0005.png
 create mode 100644 reports/WC-U440/20260906T133433Z/wc_u_elf_rogue/refinement-v5/motion-frames/Hit/0006.png
 create mode 100644 reports/WC-U440/20260906T133433Z/wc_u_elf_rogue/refinement-v5/motion-frames/Hit/0007.png
 create mode 100644 reports/WC-U440/20260906T133433Z/wc_u_elf_rogue/refinement-v5/motion-frames/Idle/0000.png
 create mode 100644 reports/WC-U440/20260906T133433Z/wc_u_elf_rogue/refinement-v5/motion-frames/Idle/0001.png
 create mode 100644 reports/WC-U440/20260906T133433Z/wc_u_elf_rogue/refinement-v5/motion-frames/Idle/0002.png
 create mode 100644 reports/WC-U440/20260906T133433Z/wc_u_elf_rogue/refinement-v5/motion-frames/Idle/0003.png
 create mode 100644 reports/WC-U440/20260906T133433Z/wc_u_elf_rogue/refinement-v5/motion-frames/Idle/0004.png
 create mode 100644 reports/WC-U440/20260906T133433Z/wc_u_elf_rogue/refinement-v5/motion-frames/Idle/0005.png
 create mode 100644 reports/WC-U440/20260906T133433Z/wc_u_elf_rogue/refinement-v5/motion-frames/Idle/0006.png
 create mode 100644 reports/WC-U440/20260906T133433Z/wc_u_elf_rogue/refinement-v5/motion-frames/Idle/0007.png
 create mode 100644 reports/WC-U440/20260906T133433Z/wc_u_elf_rogue/refinement-v5/motion-frames/Idle/0008.png
 create mode 100644 reports/WC-U440/20260906T133433Z/wc_u_elf_rogue/refinement-v5/motion-frames/Idle/0009.png
 create mode 100644 reports/WC-U440/20260906T133433Z/wc_u_elf_rogue/refinement-v5/motion-frames/Idle/0010.png
 create mode 100644 reports/WC-U440/20260906T133433Z/wc_u_elf_rogue/refinement-v5/motion-frames/Idle/0011.png
 create mode 100644 reports/WC-U440/20260906T133433Z/wc_u_elf_rogue/refinement-v5/motion-frames/Idle/0012.png
 create mode 100644 reports/WC-U440/20260906T133433Z/wc_u_elf_rogue/refinement-v5/motion-frames/Idle/0013.png
 create mode 100644 reports/WC-U440/20260906T133433Z/wc_u_elf_rogue/refinement-v5/motion-frames/Idle/0014.png
 create mode 100644 reports/WC-U440/20260906T133433Z/wc_u_elf_rogue/refinement-v5/motion-frames/Idle/0015.png
 create mode 100644 reports/WC-U440/20260906T133433Z/wc_u_elf_rogue/refinement-v5/motion-frames/Idle/0016.png
 create mode 100644 reports/WC-U440/20260906T133433Z/wc_u_elf_rogue/refinement-v5/motion-frames/Idle/0017.png
 create mode 100644 reports/WC-U440/20260906T133433Z/wc_u_elf_rogue/refinement-v5/motion-frames/Idle/0018.png
 create mode 100644 reports/WC-U440/20260906T133433Z/wc_u_elf_rogue/refinement-v5/motion-frames/Idle/0019.png
 create mode 100644 reports/WC-U440/20260906T133433Z/wc_u_elf_rogue/refinement-v5/motion-frames/Idle/0020.png
 create mode 100644 reports/WC-U440/20260906T133433Z/wc_u_elf_rogue/refinement-v5/motion-frames/Idle/0021.png
 create mode 100644 reports/WC-U440/20260906T133433Z/wc_u_elf_rogue/refinement-v5/motion-frames/Idle/0022.png
 create mode 100644 reports/WC-U440/20260906T133433Z/wc_u_elf_rogue/refinement-v5/motion-frames/Idle/0023.png
 create mode 100644 reports/WC-U440/20260906T133433Z/wc_u_elf_rogue/refinement-v5/motion-frames/Idle/0024.png
 create mode 100644 reports/WC-U440/20260906T133433Z/wc_u_elf_rogue/refinement-v5/motion-frames/Idle/0025.png
 create mode 100644 reports/WC-U440/20260906T133433Z/wc_u_elf_rogue/refinement-v5/motion-frames/Idle/0026.png
 create mode 100644 reports/WC-U440/20260906T133433Z/wc_u_elf_rogue/refinement-v5/motion-frames/Idle/0027.png
 create mode 100644 reports/WC-U440/20260906T133433Z/wc_u_elf_rogue/refinement-v5/motion-frames/Idle/0028.png
 create mode 100644 reports/WC-U440/20260906T133433Z/wc_u_elf_rogue/refinement-v5/motion-frames/Idle/0029.png
 create mode 100644 reports/WC-U440/20260906T133433Z/wc_u_elf_rogue/refinement-v5/motion-frames/Idle/0030.png
 create mode 100644 reports/WC-U440/20260906T133433Z/wc_u_elf_rogue/refinement-v5/motion-frames/Idle/0031.png
 create mode 100644 reports/WC-U440/20260906T133433Z/wc_u_elf_rogue/refinement-v5/motion-frames/Idle/0032.png
 create mode 100644 reports/WC-U440/20260906T133433Z/wc_u_elf_rogue/refinement-v5/motion-frames/Idle/0033.png
 create mode 100644 reports/WC-U440/20260906T133433Z/wc_u_elf_rogue/refinement-v5/motion-frames/Idle/0034.png
 create mode 100644 reports/WC-U440/20260906T133433Z/wc_u_elf_rogue/refinement-v5/motion-frames/Idle/0035.png
 create mode 100644 reports/WC-U440/20260906T133433Z/wc_u_elf_rogue/refinement-v5/motion-frames/Idle/0036.png
 create mode 100644 reports/WC-U440/20260906T133433Z/wc_u_elf_rogue/refinement-v5/motion-frames/Idle/0037.png
 create mode 100644 reports/WC-U440/20260906T133433Z/wc_u_elf_rogue/refinement-v5/motion-frames/Idle/0038.png
 create mode 100644 reports/WC-U440/20260906T133433Z/wc_u_elf_rogue/refinement-v5/motion-frames/Idle/0039.png
 create mode 100644 reports/WC-U440/20260906T133433Z/wc_u_elf_rogue/refinement-v5/motion-frames/Move/0000.png
 create mode 100644 reports/WC-U440/20260906T133433Z/wc_u_elf_rogue/refinement-v5/motion-frames/Move/0001.png
 create mode 100644 reports/WC-U440/20260906T133433Z/wc_u_elf_rogue/refinement-v5/motion-frames/Move/0002.png
 create mode 100644 reports/WC-U440/20260906T133433Z/wc_u_elf_rogue/refinement-v5/motion-frames/Move/0003.png
 create mode 100644 reports/WC-U440/20260906T133433Z/wc_u_elf_rogue/refinement-v5/motion-frames/Move/0004.png
 create mode 100644 reports/WC-U440/20260906T133433Z/wc_u_elf_rogue/refinement-v5/motion-frames/Move/0005.png
 create mode 100644 reports/WC-U440/20260906T133433Z/wc_u_elf_rogue/refinement-v5/motion-frames/Move/0006.png
 create mode 100644 reports/WC-U440/20260906T133433Z/wc_u_elf_rogue/refinement-v5/motion-frames/Move/0007.png
 create mode 100644 reports/WC-U440/20260906T133433Z/wc_u_elf_rogue/refinement-v5/motion-frames/Move/0008.png
 create mode 100644 reports/WC-U440/20260906T133433Z/wc_u_elf_rogue/refinement-v5/motion-frames/Move/0009.png
 create mode 100644 reports/WC-U440/20260906T133433Z/wc_u_elf_rogue/refinement-v5/motion-frames/Move/0010.png
 create mode 100644 reports/WC-U440/20260906T133433Z/wc_u_elf_rogue/refinement-v5/motion-frames/Move/0011.png
 create mode 100644 reports/WC-U440/20260906T133433Z/wc_u_elf_rogue/refinement-v5/motion-frames/Move/0012.png
 create mode 100644 reports/WC-U440/20260906T133433Z/wc_u_elf_rogue/refinement-v5/motion-frames/Move/0013.png
 create mode 100644 reports/WC-U440/20260906T133433Z/wc_u_elf_rogue/refinement-v5/motion-frames/Move/0014.png
 create mode 100644 reports/WC-U440/20260906T133433Z/wc_u_elf_rogue/refinement-v5/motion-frames/Move/0015.png
 create mode 100644 reports/WC-U440/20260906T133433Z/wc_u_elf_rogue/refinement-v5/motion-frames/Move/0016.png
 create mode 100644 reports/WC-U440/20260906T133433Z/wc_u_elf_rogue/refinement-v5/motion-frames/Move/0017.png
 create mode 100644 reports/WC-U440/20260906T133433Z/wc_u_elf_rogue/refinement-v5/motion-frames/Move/0018.png
 create mode 100644 reports/WC-U440/20260906T133433Z/wc_u_elf_rogue/refinement-v5/motion-frames/Move/0019.png
 create mode 100644 reports/WC-U440/20260906T133433Z/wc_u_elf_rogue/refinement-v5/motion-frames/Victory/0000.png
 create mode 100644 reports/WC-U440/20260906T133433Z/wc_u_elf_rogue/refinement-v5/motion-frames/Victory/0001.png
 create mode 100644 reports/WC-U440/20260906T133433Z/wc_u_elf_rogue/refinement-v5/motion-frames/Victory/0002.png
 create mode 100644 reports/WC-U440/20260906T133433Z/wc_u_elf_rogue/refinement-v5/motion-frames/Victory/0003.png
 create mode 100644 reports/WC-U440/20260906T133433Z/wc_u_elf_rogue/refinement-v5/motion-frames/Victory/0004.png
 create mode 100644 reports/WC-U440/20260906T133433Z/wc_u_elf_rogue/refinement-v5/motion-frames/Victory/0005.png
 create mode 100644 reports/WC-U440/20260906T133433Z/wc_u_elf_rogue/refinement-v5/motion-frames/Victory/0006.png
 create mode 100644 reports/WC-U440/20260906T133433Z/wc_u_elf_rogue/refinement-v5/motion-frames/Victory/0007.png
 create mode 100644 reports/WC-U440/20260906T133433Z/wc_u_elf_rogue/refinement-v5/motion-frames/Victory/0008.png
 create mode 100644 reports/WC-U440/20260906T133433Z/wc_u_elf_rogue/refinement-v5/motion-frames/Victory/0009.png
 create mode 100644 reports/WC-U440/20260906T133433Z/wc_u_elf_rogue/refinement-v5/motion-frames/Victory/0010.png
 create mode 100644 reports/WC-U440/20260906T133433Z/wc_u_elf_rogue/refinement-v5/motion-frames/Victory/0011.png
 create mode 100644 reports/WC-U440/20260906T133433Z/wc_u_elf_rogue/refinement-v5/motion-frames/Victory/0012.png
 create mode 100644 reports/WC-U440/20260906T133433Z/wc_u_elf_rogue/refinement-v5/motion-frames/Victory/0013.png
 create mode 100644 reports/WC-U440/20260906T133433Z/wc_u_elf_rogue/refinement-v5/motion-frames/Victory/0014.png
 create mode 100644 reports/WC-U440/20260906T133433Z/wc_u_elf_rogue/refinement-v5/motion-frames/Victory/0015.png
 create mode 100644 reports/WC-U440/20260906T133433Z/wc_u_elf_rogue/refinement-v5/motion-frames/Victory/0016.png
 create mode 100644 reports/WC-U440/20260906T133433Z/wc_u_elf_rogue/refinement-v5/motion-frames/Victory/0017.png
 create mode 100644 reports/WC-U440/20260906T133433Z/wc_u_elf_rogue/refinement-v5/motion-frames/Victory/0018.png
 create mode 100644 reports/WC-U440/20260906T133433Z/wc_u_elf_rogue/refinement-v5/motion-frames/Victory/0019.png
 create mode 100644 reports/WC-U440/20260906T133433Z/wc_u_elf_rogue/refinement-v5/motion-frames/Victory/0020.png
 create mode 100644 reports/WC-U440/20260906T133433Z/wc_u_elf_rogue/refinement-v5/motion-frames/Victory/0021.png
 create mode 100644 reports/WC-U440/20260906T133433Z/wc_u_elf_rogue/refinement-v5/motion-frames/Victory/0022.png
 create mode 100644 reports/WC-U440/20260906T133433Z/wc_u_elf_rogue/refinement-v5/motion-frames/Victory/0023.png
 create mode 100644 reports/WC-U440/20260906T133433Z/wc_u_elf_rogue/refinement-v5/motion-frames/Victory/0024.png
 create mode 100644 reports/WC-U440/20260906T133433Z/wc_u_elf_rogue/refinement-v5/motion-frames/Victory/0025.png
 create mode 100644 reports/WC-U440/20260906T133433Z/wc_u_elf_rogue/refinement-v5/motion-frames/Victory/0026.png
 create mode 100644 reports/WC-U440/20260906T133433Z/wc_u_elf_rogue/refinement-v5/motion-frames/Victory/0027.png
 create mode 100644 reports/WC-U440/20260906T133433Z/wc_u_elf_rogue/refinement-v5/motion-frames/Victory/0028.png
 create mode 100644 reports/WC-U440/20260906T133433Z/wc_u_elf_rogue/refinement-v5/motion-frames/Victory/0029.png
 create mode 100644 reports/WC-U440/20260906T133433Z/wc_u_elf_rogue/refinement-v5/motion-invariants.json
 create mode 100644 reports/WC-U440/20260906T133433Z/wc_u_elf_rogue/refinement-v5/motion-sequences.json
 create mode 100644 reports/WC-U440/20260906T133433Z/wc_u_elf_rogue/refinement-v5/normal-speed-evidence.json
 create mode 100644 reports/WC-U440/20260906T133433Z/wc_u_elf_rogue/refinement-v5/normalized-export/AN_wc_u_elf_rogue_Active.fbx
 create mode 100644 reports/WC-U440/20260906T133433Z/wc_u_elf_rogue/refinement-v5/normalized-export/AN_wc_u_elf_rogue_Attack.fbx
 create mode 100644 reports/WC-U440/20260906T133433Z/wc_u_elf_rogue/refinement-v5/normalized-export/AN_wc_u_elf_rogue_Defeat.fbx
 create mode 100644 reports/WC-U440/20260906T133433Z/wc_u_elf_rogue/refinement-v5/normalized-export/AN_wc_u_elf_rogue_Hit.fbx
 create mode 100644 reports/WC-U440/20260906T133433Z/wc_u_elf_rogue/refinement-v5/normalized-export/AN_wc_u_elf_rogue_Idle.fbx
 create mode 100644 reports/WC-U440/20260906T133433Z/wc_u_elf_rogue/refinement-v5/normalized-export/AN_wc_u_elf_rogue_Move.fbx
 create mode 100644 reports/WC-U440/20260906T133433Z/wc_u_elf_rogue/refinement-v5/normalized-export/AN_wc_u_elf_rogue_Victory.fbx
 create mode 100644 reports/WC-U440/20260906T133433Z/wc_u_elf_rogue/refinement-v5/normalized-export/SK_wc_u_elf_rogue.fbm/T_wc_u_elf_rogue_BaseColor.png
 create mode 100644 reports/WC-U440/20260906T133433Z/wc_u_elf_rogue/refinement-v5/normalized-export/SK_wc_u_elf_rogue.fbm/T_wc_u_elf_rogue_Normal.png
 create mode 100644 reports/WC-U440/20260906T133433Z/wc_u_elf_rogue/refinement-v5/normalized-export/SK_wc_u_elf_rogue.fbx
 create mode 100644 reports/WC-U440/20260906T133433Z/wc_u_elf_rogue/refinement-v5/normalized-export/SK_wc_u_elf_rogue_LOD1.fbm/T_wc_u_elf_rogue_BaseColor.png
 create mode 100644 reports/WC-U440/20260906T133433Z/wc_u_elf_rogue/refinement-v5/normalized-export/SK_wc_u_elf_rogue_LOD1.fbm/T_wc_u_elf_rogue_Normal.png
 create mode 100644 reports/WC-U440/20260906T133433Z/wc_u_elf_rogue/refinement-v5/normalized-export/SK_wc_u_elf_rogue_LOD1.fbx
 create mode 100644 reports/WC-U440/20260906T133433Z/wc_u_elf_rogue/refinement-v5/normalized-export/SK_wc_u_elf_rogue_LOD2.fbm/T_wc_u_elf_rogue_BaseColor.png
 create mode 100644 reports/WC-U440/20260906T133433Z/wc_u_elf_rogue/refinement-v5/normalized-export/SK_wc_u_elf_rogue_LOD2.fbm/T_wc_u_elf_rogue_Normal.png
 create mode 100644 reports/WC-U440/20260906T133433Z/wc_u_elf_rogue/refinement-v5/normalized-export/SK_wc_u_elf_rogue_LOD2.fbx
 create mode 100644 reports/WC-U440/20260906T133433Z/wc_u_elf_rogue/refinement-v5/normalized-export/export_manifest.json
 create mode 100644 reports/WC-U440/20260906T133433Z/wc_u_elf_rogue/refinement-v5/normalized-export/portrait.png
 create mode 100644 reports/WC-U440/20260906T133433Z/wc_u_elf_rogue/refinement-v5/published-motion-invariants.json
 create mode 100644 reports/WC-U440/20260906T133433Z/wc_u_elf_rogue/refinement-v5/published-verification.json
 create mode 100644 reports/WC-U440/20260906T133433Z/wc_u_elf_rogue/refinement-v5/refinement.json
 create mode 100644 reports/WC-U440/20260906T133433Z/wc_u_elf_rogue/refinement-v5/structure-inspection.json
 create mode 100644 reports/WC-U440/20260906T133433Z/wc_u_elf_rogue/refinement-v5/wc_u_elf_rogue-update24-revision7.blend
 create mode 100644 reports/WC-U440/20260906T133639Z/neutral-import/editor.log
 create mode 100644 reports/WC-U440/20260906T133639Z/neutral-import/import_neutral_assets.json
 create mode 100644 reports/WC-U440/20260906T133639Z/neutral-import/neutral-import.json
 create mode 100644 reports/WC-U440/20260906T133639Z/neutral-import/process.json
 create mode 100644 reports/WC-U440/20260906T133639Z/neutral-import/process.log
 create mode 100644 reports/WC-U440/20260906T140230Z/cold-assets-data/automation/index.html
 create mode 100644 reports/WC-U440/20260906T140230Z/cold-assets-data/automation/index.json
 create mode 100644 reports/WC-U440/20260906T140230Z/cold-assets-data/console.log
 create mode 100644 reports/WC-U440/20260906T140230Z/cold-assets-data/editor.log
 create mode 100644 reports/WC-U440/20260906T140230Z/cold-assets-data/imported-assets.json
 create mode 100644 reports/WC-U440/20260906T140230Z/cold-assets-data/imported-neutrals.json
 create mode 100644 reports/WC-U440/20260906T140230Z/cold-assets-data/process.json
 create mode 100644 reports/WC-U440/20260906T140552Z/mira-import/console.log
 create mode 100644 reports/WC-U440/20260906T140552Z/mira-import/editor.log
 create mode 100644 reports/WC-U440/20260906T140552Z/mira-import/import-wc_u_human_priest.json
 create mode 100644 reports/WC-U440/20260906T140552Z/mira-import/import_alpha_assets.json
 create mode 100644 reports/WC-U440/20260906T140552Z/mira-import/process.json
 create mode 100644 reports/WC-U440/20260906T140743Z/dwarves/inspection.log
 create mode 100644 reports/WC-U440/20260906T140743Z/dwarves/motion-refinement.log
 create mode 100644 reports/WC-U440/20260906T140743Z/dwarves/refinement.log
 create mode 100644 reports/WC-U440/20260906T140743Z/dwarves/wc_u_dwarf_guardian/after-back.png
 create mode 100644 reports/WC-U440/20260906T140743Z/dwarves/wc_u_dwarf_guardian/after-face.png
 create mode 100644 reports/WC-U440/20260906T140743Z/dwarves/wc_u_dwarf_guardian/after-front.png
 create mode 100644 reports/WC-U440/20260906T140743Z/dwarves/wc_u_dwarf_guardian/after-game-angle.png
 create mode 100644 reports/WC-U440/20260906T140743Z/dwarves/wc_u_dwarf_guardian/after-side.png
 create mode 100644 reports/WC-U440/20260906T140743Z/dwarves/wc_u_dwarf_guardian/after-three-quarter.png
 create mode 100644 reports/WC-U440/20260906T140743Z/dwarves/wc_u_dwarf_guardian/before-back.png
 create mode 100644 reports/WC-U440/20260906T140743Z/dwarves/wc_u_dwarf_guardian/before-export-manifest.json
 create mode 100644 reports/WC-U440/20260906T140743Z/dwarves/wc_u_dwarf_guardian/before-face.png
 create mode 100644 reports/WC-U440/20260906T140743Z/dwarves/wc_u_dwarf_guardian/before-front.png
 create mode 100644 reports/WC-U440/20260906T140743Z/dwarves/wc_u_dwarf_guardian/before-game-angle.png
 create mode 100644 reports/WC-U440/20260906T140743Z/dwarves/wc_u_dwarf_guardian/before-side.png
 create mode 100644 reports/WC-U440/20260906T140743Z/dwarves/wc_u_dwarf_guardian/before-source.blend
 create mode 100644 reports/WC-U440/20260906T140743Z/dwarves/wc_u_dwarf_guardian/before-three-quarter.png
 create mode 100644 reports/WC-U440/20260906T140743Z/dwarves/wc_u_dwarf_guardian/motion-refinement-failure.json
 create mode 100644 reports/WC-U440/20260906T140743Z/dwarves/wc_u_dwarf_guardian/refinement.json
 create mode 100644 reports/WC-U440/20260906T140743Z/dwarves/wc_u_dwarf_guardian/source-inspection.json
 create mode 100644 reports/WC-U440/20260906T140743Z/dwarves/wc_u_dwarf_guardian/wc_u_dwarf_guardian-update24-revision7.blend
 create mode 100644 reports/WC-U440/20260906T140743Z/dwarves/wc_u_dwarf_ranger/after-back.png
 create mode 100644 reports/WC-U440/20260906T140743Z/dwarves/wc_u_dwarf_ranger/after-face.png
 create mode 100644 reports/WC-U440/20260906T140743Z/dwarves/wc_u_dwarf_ranger/after-front.png
 create mode 100644 reports/WC-U440/20260906T140743Z/dwarves/wc_u_dwarf_ranger/after-game-angle.png
 create mode 100644 reports/WC-U440/20260906T140743Z/dwarves/wc_u_dwarf_ranger/after-side.png
 create mode 100644 reports/WC-U440/20260906T140743Z/dwarves/wc_u_dwarf_ranger/after-three-quarter.png
 create mode 100644 reports/WC-U440/20260906T140743Z/dwarves/wc_u_dwarf_ranger/before-back.png
 create mode 100644 reports/WC-U440/20260906T140743Z/dwarves/wc_u_dwarf_ranger/before-export-manifest.json
 create mode 100644 reports/WC-U440/20260906T140743Z/dwarves/wc_u_dwarf_ranger/before-face.png
 create mode 100644 reports/WC-U440/20260906T140743Z/dwarves/wc_u_dwarf_ranger/before-front.png
 create mode 100644 reports/WC-U440/20260906T140743Z/dwarves/wc_u_dwarf_ranger/before-game-angle.png
 create mode 100644 reports/WC-U440/20260906T140743Z/dwarves/wc_u_dwarf_ranger/before-side.png
 create mode 100644 reports/WC-U440/20260906T140743Z/dwarves/wc_u_dwarf_ranger/before-source.blend
 create mode 100644 reports/WC-U440/20260906T140743Z/dwarves/wc_u_dwarf_ranger/before-three-quarter.png
 create mode 100644 reports/WC-U440/20260906T140743Z/dwarves/wc_u_dwarf_ranger/refinement.json
 create mode 100644 reports/WC-U440/20260906T140743Z/dwarves/wc_u_dwarf_ranger/source-inspection.json
 create mode 100644 reports/WC-U440/20260906T140743Z/dwarves/wc_u_dwarf_ranger/wc_u_dwarf_ranger-update24-revision7.blend
 create mode 100644 reports/WC-U440/20260906T140743Z/dwarves/wc_u_dwarf_warrior/after-back.png
 create mode 100644 reports/WC-U440/20260906T140743Z/dwarves/wc_u_dwarf_warrior/after-face.png
 create mode 100644 reports/WC-U440/20260906T140743Z/dwarves/wc_u_dwarf_warrior/after-front.png
 create mode 100644 reports/WC-U440/20260906T140743Z/dwarves/wc_u_dwarf_warrior/after-game-angle.png
 create mode 100644 reports/WC-U440/20260906T140743Z/dwarves/wc_u_dwarf_warrior/after-side.png
 create mode 100644 reports/WC-U440/20260906T140743Z/dwarves/wc_u_dwarf_warrior/after-three-quarter.png
 create mode 100644 reports/WC-U440/20260906T140743Z/dwarves/wc_u_dwarf_warrior/before-back.png
 create mode 100644 reports/WC-U440/20260906T140743Z/dwarves/wc_u_dwarf_warrior/before-export-manifest.json
 create mode 100644 reports/WC-U440/20260906T140743Z/dwarves/wc_u_dwarf_warrior/before-face.png
 create mode 100644 reports/WC-U440/20260906T140743Z/dwarves/wc_u_dwarf_warrior/before-front.png
 create mode 100644 reports/WC-U440/20260906T140743Z/dwarves/wc_u_dwarf_warrior/before-game-angle.png
 create mode 100644 reports/WC-U440/20260906T140743Z/dwarves/wc_u_dwarf_warrior/before-side.png
 create mode 100644 reports/WC-U440/20260906T140743Z/dwarves/wc_u_dwarf_warrior/before-source.blend
 create mode 100644 reports/WC-U440/20260906T140743Z/dwarves/wc_u_dwarf_warrior/before-three-quarter.png
 create mode 100644 reports/WC-U440/20260906T140743Z/dwarves/wc_u_dwarf_warrior/refinement.json
 create mode 100644 reports/WC-U440/20260906T140743Z/dwarves/wc_u_dwarf_warrior/source-inspection.json
 create mode 100644 reports/WC-U440/20260906T140743Z/dwarves/wc_u_dwarf_warrior/wc_u_dwarf_warrior-update24-revision7.blend
 create mode 100644 reports/WC-U440/20260906T141605Z/dwarves/HANDOFF.md
 create mode 100644 reports/WC-U440/20260906T141605Z/dwarves/executed_refinement_script.py
 create mode 100644 reports/WC-U440/20260906T141605Z/dwarves/export.log
 create mode 100644 reports/WC-U440/20260906T141605Z/dwarves/handoff.json
 create mode 100644 reports/WC-U440/20260906T141605Z/dwarves/motion-dagna-02.log
 create mode 100644 reports/WC-U440/20260906T141605Z/dwarves/motion-refinement.log
 create mode 100644 reports/WC-U440/20260906T141605Z/dwarves/probe_dagna.py
 create mode 100644 reports/WC-U440/20260906T141605Z/dwarves/readback-validation.log
 create mode 100644 reports/WC-U440/20260906T141605Z/dwarves/recording.log
 create mode 100644 reports/WC-U440/20260906T141605Z/dwarves/refinement-tessa.log
 create mode 100644 reports/WC-U440/20260906T141605Z/dwarves/source-export-video-validation.json
 create mode 100644 reports/WC-U440/20260906T141605Z/dwarves/validate_exports.py
 create mode 100644 reports/WC-U440/20260906T141605Z/dwarves/wc_u_dwarf_guardian/after-back.png
 create mode 100644 reports/WC-U440/20260906T141605Z/dwarves/wc_u_dwarf_guardian/after-face.png
 create mode 100644 reports/WC-U440/20260906T141605Z/dwarves/wc_u_dwarf_guardian/after-front.png
 create mode 100644 reports/WC-U440/20260906T141605Z/dwarves/wc_u_dwarf_guardian/after-game-angle.png
 create mode 100644 reports/WC-U440/20260906T141605Z/dwarves/wc_u_dwarf_guardian/after-side.png
 create mode 100644 reports/WC-U440/20260906T141605Z/dwarves/wc_u_dwarf_guardian/after-three-quarter.png
 create mode 100644 reports/WC-U440/20260906T141605Z/dwarves/wc_u_dwarf_guardian/before-export-manifest.json
 create mode 100644 reports/WC-U440/20260906T141605Z/dwarves/wc_u_dwarf_guardian/continuous_Active.mp4
 create mode 100644 reports/WC-U440/20260906T141605Z/dwarves/wc_u_dwarf_guardian/continuous_Attack.mp4
 create mode 100644 reports/WC-U440/20260906T141605Z/dwarves/wc_u_dwarf_guardian/continuous_Defeat.mp4
 create mode 100644 reports/WC-U440/20260906T141605Z/dwarves/wc_u_dwarf_guardian/continuous_Hit.mp4
 create mode 100644 reports/WC-U440/20260906T141605Z/dwarves/wc_u_dwarf_guardian/continuous_Idle.mp4
 create mode 100644 reports/WC-U440/20260906T141605Z/dwarves/wc_u_dwarf_guardian/continuous_Move.mp4
 create mode 100644 reports/WC-U440/20260906T141605Z/dwarves/wc_u_dwarf_guardian/continuous_Victory.mp4
 create mode 100644 reports/WC-U440/20260906T141605Z/dwarves/wc_u_dwarf_guardian/export-result.json
 create mode 100644 reports/WC-U440/20260906T141605Z/dwarves/wc_u_dwarf_guardian/geometry-input.json
 create mode 100644 reports/WC-U440/20260906T141605Z/dwarves/wc_u_dwarf_guardian/geometry-sheet.png
 create mode 100644 reports/WC-U440/20260906T141605Z/dwarves/wc_u_dwarf_guardian/motion-invariants.json
 create mode 100644 reports/WC-U440/20260906T141605Z/dwarves/wc_u_dwarf_guardian/motion-sequences.json
 create mode 100644 reports/WC-U440/20260906T141605Z/dwarves/wc_u_dwarf_guardian/normalized-export/AN_wc_u_dwarf_guardian_Active.fbx
 create mode 100644 reports/WC-U440/20260906T141605Z/dwarves/wc_u_dwarf_guardian/normalized-export/AN_wc_u_dwarf_guardian_Attack.fbx
 create mode 100644 reports/WC-U440/20260906T141605Z/dwarves/wc_u_dwarf_guardian/normalized-export/AN_wc_u_dwarf_guardian_Defeat.fbx
 create mode 100644 reports/WC-U440/20260906T141605Z/dwarves/wc_u_dwarf_guardian/normalized-export/AN_wc_u_dwarf_guardian_Hit.fbx
 create mode 100644 reports/WC-U440/20260906T141605Z/dwarves/wc_u_dwarf_guardian/normalized-export/AN_wc_u_dwarf_guardian_Idle.fbx
 create mode 100644 reports/WC-U440/20260906T141605Z/dwarves/wc_u_dwarf_guardian/normalized-export/AN_wc_u_dwarf_guardian_Move.fbx
 create mode 100644 reports/WC-U440/20260906T141605Z/dwarves/wc_u_dwarf_guardian/normalized-export/AN_wc_u_dwarf_guardian_Victory.fbx
 create mode 100644 reports/WC-U440/20260906T141605Z/dwarves/wc_u_dwarf_guardian/normalized-export/SK_wc_u_dwarf_guardian.fbm/T_wc_u_dwarf_guardian_BaseColor.png
 create mode 100644 reports/WC-U440/20260906T141605Z/dwarves/wc_u_dwarf_guardian/normalized-export/SK_wc_u_dwarf_guardian.fbm/T_wc_u_dwarf_guardian_Normal.png
 create mode 100644 reports/WC-U440/20260906T141605Z/dwarves/wc_u_dwarf_guardian/normalized-export/SK_wc_u_dwarf_guardian.fbx
 create mode 100644 reports/WC-U440/20260906T141605Z/dwarves/wc_u_dwarf_guardian/normalized-export/SK_wc_u_dwarf_guardian_LOD1.fbm/T_wc_u_dwarf_guardian_BaseColor.png
 create mode 100644 reports/WC-U440/20260906T141605Z/dwarves/wc_u_dwarf_guardian/normalized-export/SK_wc_u_dwarf_guardian_LOD1.fbm/T_wc_u_dwarf_guardian_Normal.png
 create mode 100644 reports/WC-U440/20260906T141605Z/dwarves/wc_u_dwarf_guardian/normalized-export/SK_wc_u_dwarf_guardian_LOD1.fbx
 create mode 100644 reports/WC-U440/20260906T141605Z/dwarves/wc_u_dwarf_guardian/normalized-export/SK_wc_u_dwarf_guardian_LOD2.fbm/T_wc_u_dwarf_guardian_BaseColor.png
 create mode 100644 reports/WC-U440/20260906T141605Z/dwarves/wc_u_dwarf_guardian/normalized-export/SK_wc_u_dwarf_guardian_LOD2.fbm/T_wc_u_dwarf_guardian_Normal.png
 create mode 100644 reports/WC-U440/20260906T141605Z/dwarves/wc_u_dwarf_guardian/normalized-export/SK_wc_u_dwarf_guardian_LOD2.fbx
 create mode 100644 reports/WC-U440/20260906T141605Z/dwarves/wc_u_dwarf_guardian/normalized-export/export_manifest.json
 create mode 100644 reports/WC-U440/20260906T141605Z/dwarves/wc_u_dwarf_guardian/normalized-export/portrait.png
 create mode 100644 reports/WC-U440/20260906T141605Z/dwarves/wc_u_dwarf_guardian/pose-sheet.png
 create mode 100644 reports/WC-U440/20260906T141605Z/dwarves/wc_u_dwarf_guardian/pose_Active_001.png
 create mode 100644 reports/WC-U440/20260906T141605Z/dwarves/wc_u_dwarf_guardian/pose_Active_019.png
 create mode 100644 reports/WC-U440/20260906T141605Z/dwarves/wc_u_dwarf_guardian/pose_Active_021.png
 create mode 100644 reports/WC-U440/20260906T141605Z/dwarves/wc_u_dwarf_guardian/pose_Active_025.png
 create mode 100644 reports/WC-U440/20260906T141605Z/dwarves/wc_u_dwarf_guardian/pose_Active_043.png
 create mode 100644 reports/WC-U440/20260906T141605Z/dwarves/wc_u_dwarf_guardian/pose_Attack_001.png
 create mode 100644 reports/WC-U440/20260906T141605Z/dwarves/wc_u_dwarf_guardian/pose_Attack_010.png
 create mode 100644 reports/WC-U440/20260906T141605Z/dwarves/wc_u_dwarf_guardian/pose_Attack_016.png
 create mode 100644 reports/WC-U440/20260906T141605Z/dwarves/wc_u_dwarf_guardian/pose_Attack_020.png
 create mode 100644 reports/WC-U440/20260906T141605Z/dwarves/wc_u_dwarf_guardian/pose_Attack_040.png
 create mode 100644 reports/WC-U440/20260906T141605Z/dwarves/wc_u_dwarf_guardian/pose_Defeat_001.png
 create mode 100644 reports/WC-U440/20260906T141605Z/dwarves/wc_u_dwarf_guardian/pose_Defeat_020.png
 create mode 100644 reports/WC-U440/20260906T141605Z/dwarves/wc_u_dwarf_guardian/pose_Defeat_024.png
 create mode 100644 reports/WC-U440/20260906T141605Z/dwarves/wc_u_dwarf_guardian/pose_Defeat_030.png
 create mode 100644 reports/WC-U440/20260906T141605Z/dwarves/wc_u_dwarf_guardian/pose_Defeat_061.png
 create mode 100644 reports/WC-U440/20260906T141605Z/dwarves/wc_u_dwarf_guardian/pose_Hit_001.png
 create mode 100644 reports/WC-U440/20260906T141605Z/dwarves/wc_u_dwarf_guardian/pose_Hit_006.png
 create mode 100644 reports/WC-U440/20260906T141605Z/dwarves/wc_u_dwarf_guardian/pose_Hit_008.png
 create mode 100644 reports/WC-U440/20260906T141605Z/dwarves/wc_u_dwarf_guardian/pose_Hit_012.png
 create mode 100644 reports/WC-U440/20260906T141605Z/dwarves/wc_u_dwarf_guardian/pose_Hit_025.png
 create mode 100644 reports/WC-U440/20260906T141605Z/dwarves/wc_u_dwarf_guardian/pose_Idle_001.png
 create mode 100644 reports/WC-U440/20260906T141605Z/dwarves/wc_u_dwarf_guardian/pose_Idle_040.png
 create mode 100644 reports/WC-U440/20260906T141605Z/dwarves/wc_u_dwarf_guardian/pose_Idle_054.png
 create mode 100644 reports/WC-U440/20260906T141605Z/dwarves/wc_u_dwarf_guardian/pose_Idle_060.png
 create mode 100644 reports/WC-U440/20260906T141605Z/dwarves/wc_u_dwarf_guardian/pose_Idle_121.png
 create mode 100644 reports/WC-U440/20260906T141605Z/dwarves/wc_u_dwarf_guardian/pose_Move_001.png
 create mode 100644 reports/WC-U440/20260906T141605Z/dwarves/wc_u_dwarf_guardian/pose_Move_020.png
 create mode 100644 reports/WC-U440/20260906T141605Z/dwarves/wc_u_dwarf_guardian/pose_Move_024.png
 create mode 100644 reports/WC-U440/20260906T141605Z/dwarves/wc_u_dwarf_guardian/pose_Move_030.png
 create mode 100644 reports/WC-U440/20260906T141605Z/dwarves/wc_u_dwarf_guardian/pose_Move_061.png
 create mode 100644 reports/WC-U440/20260906T141605Z/dwarves/wc_u_dwarf_guardian/pose_Victory_001.png
 create mode 100644 reports/WC-U440/20260906T141605Z/dwarves/wc_u_dwarf_guardian/pose_Victory_030.png
 create mode 100644 reports/WC-U440/20260906T141605Z/dwarves/wc_u_dwarf_guardian/pose_Victory_039.png
 create mode 100644 reports/WC-U440/20260906T141605Z/dwarves/wc_u_dwarf_guardian/pose_Victory_045.png
 create mode 100644 reports/WC-U440/20260906T141605Z/dwarves/wc_u_dwarf_guardian/pose_Victory_091.png
 create mode 100644 reports/WC-U440/20260906T141605Z/dwarves/wc_u_dwarf_guardian/refinement.json
 create mode 100644 reports/WC-U440/20260906T141605Z/dwarves/wc_u_dwarf_guardian/silhouette96_front.png
 create mode 100644 reports/WC-U440/20260906T141605Z/dwarves/wc_u_dwarf_guardian/silhouette96_game-angle.png
 create mode 100644 reports/WC-U440/20260906T141605Z/dwarves/wc_u_dwarf_guardian/structure-inspection.json
 create mode 100644 reports/WC-U440/20260906T141605Z/dwarves/wc_u_dwarf_guardian/wc_u_dwarf_guardian-update24-motion7.blend
 create mode 100644 reports/WC-U440/20260906T141605Z/dwarves/wc_u_dwarf_ranger/after-back.png
 create mode 100644 reports/WC-U440/20260906T141605Z/dwarves/wc_u_dwarf_ranger/after-face.png
 create mode 100644 reports/WC-U440/20260906T141605Z/dwarves/wc_u_dwarf_ranger/after-front.png
 create mode 100644 reports/WC-U440/20260906T141605Z/dwarves/wc_u_dwarf_ranger/after-game-angle.png
 create mode 100644 reports/WC-U440/20260906T141605Z/dwarves/wc_u_dwarf_ranger/after-side.png
 create mode 100644 reports/WC-U440/20260906T141605Z/dwarves/wc_u_dwarf_ranger/after-three-quarter.png
 create mode 100644 reports/WC-U440/20260906T141605Z/dwarves/wc_u_dwarf_ranger/before-export-manifest.json
 create mode 100644 reports/WC-U440/20260906T141605Z/dwarves/wc_u_dwarf_ranger/before-source.blend
 create mode 100644 reports/WC-U440/20260906T141605Z/dwarves/wc_u_dwarf_ranger/continuous_Active.mp4
 create mode 100644 reports/WC-U440/20260906T141605Z/dwarves/wc_u_dwarf_ranger/continuous_Attack.mp4
 create mode 100644 reports/WC-U440/20260906T141605Z/dwarves/wc_u_dwarf_ranger/continuous_Defeat.mp4
 create mode 100644 reports/WC-U440/20260906T141605Z/dwarves/wc_u_dwarf_ranger/continuous_Hit.mp4
 create mode 100644 reports/WC-U440/20260906T141605Z/dwarves/wc_u_dwarf_ranger/continuous_Idle.mp4
 create mode 100644 reports/WC-U440/20260906T141605Z/dwarves/wc_u_dwarf_ranger/continuous_Move.mp4
 create mode 100644 reports/WC-U440/20260906T141605Z/dwarves/wc_u_dwarf_ranger/continuous_Victory.mp4
 create mode 100644 reports/WC-U440/20260906T141605Z/dwarves/wc_u_dwarf_ranger/export-result.json
 create mode 100644 reports/WC-U440/20260906T141605Z/dwarves/wc_u_dwarf_ranger/geometry-sheet.png
 create mode 100644 reports/WC-U440/20260906T141605Z/dwarves/wc_u_dwarf_ranger/motion-invariants.json
 create mode 100644 reports/WC-U440/20260906T141605Z/dwarves/wc_u_dwarf_ranger/motion-sequences.json
 create mode 100644 reports/WC-U440/20260906T141605Z/dwarves/wc_u_dwarf_ranger/normalized-export/AN_wc_u_dwarf_ranger_Active.fbx
 create mode 100644 reports/WC-U440/20260906T141605Z/dwarves/wc_u_dwarf_ranger/normalized-export/AN_wc_u_dwarf_ranger_Attack.fbx
 create mode 100644 reports/WC-U440/20260906T141605Z/dwarves/wc_u_dwarf_ranger/normalized-export/AN_wc_u_dwarf_ranger_Defeat.fbx
 create mode 100644 reports/WC-U440/20260906T141605Z/dwarves/wc_u_dwarf_ranger/normalized-export/AN_wc_u_dwarf_ranger_Hit.fbx
 create mode 100644 reports/WC-U440/20260906T141605Z/dwarves/wc_u_dwarf_ranger/normalized-export/AN_wc_u_dwarf_ranger_Idle.fbx
 create mode 100644 reports/WC-U440/20260906T141605Z/dwarves/wc_u_dwarf_ranger/normalized-export/AN_wc_u_dwarf_ranger_Move.fbx
 create mode 100644 reports/WC-U440/20260906T141605Z/dwarves/wc_u_dwarf_ranger/normalized-export/AN_wc_u_dwarf_ranger_Victory.fbx
 create mode 100644 reports/WC-U440/20260906T141605Z/dwarves/wc_u_dwarf_ranger/normalized-export/SK_wc_u_dwarf_ranger.fbm/T_wc_u_dwarf_ranger_BaseColor.png
 create mode 100644 reports/WC-U440/20260906T141605Z/dwarves/wc_u_dwarf_ranger/normalized-export/SK_wc_u_dwarf_ranger.fbm/T_wc_u_dwarf_ranger_Normal.png
 create mode 100644 reports/WC-U440/20260906T141605Z/dwarves/wc_u_dwarf_ranger/normalized-export/SK_wc_u_dwarf_ranger.fbx
 create mode 100644 reports/WC-U440/20260906T141605Z/dwarves/wc_u_dwarf_ranger/normalized-export/SK_wc_u_dwarf_ranger_LOD1.fbm/T_wc_u_dwarf_ranger_BaseColor.png
 create mode 100644 reports/WC-U440/20260906T141605Z/dwarves/wc_u_dwarf_ranger/normalized-export/SK_wc_u_dwarf_ranger_LOD1.fbm/T_wc_u_dwarf_ranger_Normal.png
 create mode 100644 reports/WC-U440/20260906T141605Z/dwarves/wc_u_dwarf_ranger/normalized-export/SK_wc_u_dwarf_ranger_LOD1.fbx
 create mode 100644 reports/WC-U440/20260906T141605Z/dwarves/wc_u_dwarf_ranger/normalized-export/SK_wc_u_dwarf_ranger_LOD2.fbm/T_wc_u_dwarf_ranger_BaseColor.png
 create mode 100644 reports/WC-U440/20260906T141605Z/dwarves/wc_u_dwarf_ranger/normalized-export/SK_wc_u_dwarf_ranger_LOD2.fbm/T_wc_u_dwarf_ranger_Normal.png
 create mode 100644 reports/WC-U440/20260906T141605Z/dwarves/wc_u_dwarf_ranger/normalized-export/SK_wc_u_dwarf_ranger_LOD2.fbx
 create mode 100644 reports/WC-U440/20260906T141605Z/dwarves/wc_u_dwarf_ranger/normalized-export/export_manifest.json
 create mode 100644 reports/WC-U440/20260906T141605Z/dwarves/wc_u_dwarf_ranger/normalized-export/portrait.png
 create mode 100644 reports/WC-U440/20260906T141605Z/dwarves/wc_u_dwarf_ranger/pose-sheet.png
 create mode 100644 reports/WC-U440/20260906T141605Z/dwarves/wc_u_dwarf_ranger/pose_Active_001.png
 create mode 100644 reports/WC-U440/20260906T141605Z/dwarves/wc_u_dwarf_ranger/pose_Active_016.png
 create mode 100644 reports/WC-U440/20260906T141605Z/dwarves/wc_u_dwarf_ranger/pose_Active_020.png
 create mode 100644 reports/WC-U440/20260906T141605Z/dwarves/wc_u_dwarf_ranger/pose_Active_022.png
 create mode 100644 reports/WC-U440/20260906T141605Z/dwarves/wc_u_dwarf_ranger/pose_Active_040.png
 create mode 100644 reports/WC-U440/20260906T141605Z/dwarves/wc_u_dwarf_ranger/pose_Attack_001.png
 create mode 100644 reports/WC-U440/20260906T141605Z/dwarves/wc_u_dwarf_ranger/pose_Attack_013.png
 create mode 100644 reports/WC-U440/20260906T141605Z/dwarves/wc_u_dwarf_ranger/pose_Attack_019.png
 create mode 100644 reports/WC-U440/20260906T141605Z/dwarves/wc_u_dwarf_ranger/pose_Attack_021.png
 create mode 100644 reports/WC-U440/20260906T141605Z/dwarves/wc_u_dwarf_ranger/pose_Attack_043.png
 create mode 100644 reports/WC-U440/20260906T141605Z/dwarves/wc_u_dwarf_ranger/pose_Defeat_001.png
 create mode 100644 reports/WC-U440/20260906T141605Z/dwarves/wc_u_dwarf_ranger/pose_Defeat_020.png
 create mode 100644 reports/WC-U440/20260906T141605Z/dwarves/wc_u_dwarf_ranger/pose_Defeat_024.png
 create mode 100644 reports/WC-U440/20260906T141605Z/dwarves/wc_u_dwarf_ranger/pose_Defeat_030.png
 create mode 100644 reports/WC-U440/20260906T141605Z/dwarves/wc_u_dwarf_ranger/pose_Defeat_061.png
 create mode 100644 reports/WC-U440/20260906T141605Z/dwarves/wc_u_dwarf_ranger/pose_Hit_001.png
 create mode 100644 reports/WC-U440/20260906T141605Z/dwarves/wc_u_dwarf_ranger/pose_Hit_006.png
 create mode 100644 reports/WC-U440/20260906T141605Z/dwarves/wc_u_dwarf_ranger/pose_Hit_008.png
 create mode 100644 reports/WC-U440/20260906T141605Z/dwarves/wc_u_dwarf_ranger/pose_Hit_012.png
 create mode 100644 reports/WC-U440/20260906T141605Z/dwarves/wc_u_dwarf_ranger/pose_Hit_025.png
 create mode 100644 reports/WC-U440/20260906T141605Z/dwarves/wc_u_dwarf_ranger/pose_Idle_001.png
 create mode 100644 reports/WC-U440/20260906T141605Z/dwarves/wc_u_dwarf_ranger/pose_Idle_040.png
 create mode 100644 reports/WC-U440/20260906T141605Z/dwarves/wc_u_dwarf_ranger/pose_Idle_054.png
 create mode 100644 reports/WC-U440/20260906T141605Z/dwarves/wc_u_dwarf_ranger/pose_Idle_060.png
 create mode 100644 reports/WC-U440/20260906T141605Z/dwarves/wc_u_dwarf_ranger/pose_Idle_121.png
 create mode 100644 reports/WC-U440/20260906T141605Z/dwarves/wc_u_dwarf_ranger/pose_Move_001.png
 create mode 100644 reports/WC-U440/20260906T141605Z/dwarves/wc_u_dwarf_ranger/pose_Move_020.png
 create mode 100644 reports/WC-U440/20260906T141605Z/dwarves/wc_u_dwarf_ranger/pose_Move_024.png
 create mode 100644 reports/WC-U440/20260906T141605Z/dwarves/wc_u_dwarf_ranger/pose_Move_030.png
 create mode 100644 reports/WC-U440/20260906T141605Z/dwarves/wc_u_dwarf_ranger/pose_Move_061.png
 create mode 100644 reports/WC-U440/20260906T141605Z/dwarves/wc_u_dwarf_ranger/pose_Victory_001.png
 create mode 100644 reports/WC-U440/20260906T141605Z/dwarves/wc_u_dwarf_ranger/pose_Victory_030.png
 create mode 100644 reports/WC-U440/20260906T141605Z/dwarves/wc_u_dwarf_ranger/pose_Victory_039.png
 create mode 100644 reports/WC-U440/20260906T141605Z/dwarves/wc_u_dwarf_ranger/pose_Victory_045.png
 create mode 100644 reports/WC-U440/20260906T141605Z/dwarves/wc_u_dwarf_ranger/pose_Victory_091.png
 create mode 100644 reports/WC-U440/20260906T141605Z/dwarves/wc_u_dwarf_ranger/refinement.json
 create mode 100644 reports/WC-U440/20260906T141605Z/dwarves/wc_u_dwarf_ranger/silhouette96_front.png
 create mode 100644 reports/WC-U440/20260906T141605Z/dwarves/wc_u_dwarf_ranger/silhouette96_game-angle.png
 create mode 100644 reports/WC-U440/20260906T141605Z/dwarves/wc_u_dwarf_ranger/structure-inspection.json
 create mode 100644 reports/WC-U440/20260906T141605Z/dwarves/wc_u_dwarf_ranger/wc_u_dwarf_ranger-update24-motion7.blend
 create mode 100644 reports/WC-U440/20260906T141605Z/dwarves/wc_u_dwarf_ranger/wc_u_dwarf_ranger-update24-revision7.blend
 create mode 100644 reports/WC-U440/20260906T141605Z/dwarves/wc_u_dwarf_warrior/after-back.png
 create mode 100644 reports/WC-U440/20260906T141605Z/dwarves/wc_u_dwarf_warrior/after-face.png
 create mode 100644 reports/WC-U440/20260906T141605Z/dwarves/wc_u_dwarf_warrior/after-front.png
 create mode 100644 reports/WC-U440/20260906T141605Z/dwarves/wc_u_dwarf_warrior/after-game-angle.png
 create mode 100644 reports/WC-U440/20260906T141605Z/dwarves/wc_u_dwarf_warrior/after-side.png
 create mode 100644 reports/WC-U440/20260906T141605Z/dwarves/wc_u_dwarf_warrior/after-three-quarter.png
 create mode 100644 reports/WC-U440/20260906T141605Z/dwarves/wc_u_dwarf_warrior/before-export-manifest.json
 create mode 100644 reports/WC-U440/20260906T141605Z/dwarves/wc_u_dwarf_warrior/continuous_Active.mp4
 create mode 100644 reports/WC-U440/20260906T141605Z/dwarves/wc_u_dwarf_warrior/continuous_Attack.mp4
 create mode 100644 reports/WC-U440/20260906T141605Z/dwarves/wc_u_dwarf_warrior/continuous_Defeat.mp4
 create mode 100644 reports/WC-U440/20260906T141605Z/dwarves/wc_u_dwarf_warrior/continuous_Hit.mp4
 create mode 100644 reports/WC-U440/20260906T141605Z/dwarves/wc_u_dwarf_warrior/continuous_Idle.mp4
 create mode 100644 reports/WC-U440/20260906T141605Z/dwarves/wc_u_dwarf_warrior/continuous_Move.mp4
 create mode 100644 reports/WC-U440/20260906T141605Z/dwarves/wc_u_dwarf_warrior/continuous_Victory.mp4
 create mode 100644 reports/WC-U440/20260906T141605Z/dwarves/wc_u_dwarf_warrior/export-result.json
 create mode 100644 reports/WC-U440/20260906T141605Z/dwarves/wc_u_dwarf_warrior/geometry-input.json
 create mode 100644 reports/WC-U440/20260906T141605Z/dwarves/wc_u_dwarf_warrior/geometry-sheet.png
 create mode 100644 reports/WC-U440/20260906T141605Z/dwarves/wc_u_dwarf_warrior/motion-invariants.json
 create mode 100644 reports/WC-U440/20260906T141605Z/dwarves/wc_u_dwarf_warrior/motion-refinement-failure.json
 create mode 100644 reports/WC-U440/20260906T141605Z/dwarves/wc_u_dwarf_warrior/motion-sequences.json
 create mode 100644 reports/WC-U440/20260906T141605Z/dwarves/wc_u_dwarf_warrior/normalized-export/AN_wc_u_dwarf_warrior_Active.fbx
 create mode 100644 reports/WC-U440/20260906T141605Z/dwarves/wc_u_dwarf_warrior/normalized-export/AN_wc_u_dwarf_warrior_Attack.fbx
 create mode 100644 reports/WC-U440/20260906T141605Z/dwarves/wc_u_dwarf_warrior/normalized-export/AN_wc_u_dwarf_warrior_Defeat.fbx
 create mode 100644 reports/WC-U440/20260906T141605Z/dwarves/wc_u_dwarf_warrior/normalized-export/AN_wc_u_dwarf_warrior_Hit.fbx
 create mode 100644 reports/WC-U440/20260906T141605Z/dwarves/wc_u_dwarf_warrior/normalized-export/AN_wc_u_dwarf_warrior_Idle.fbx
 create mode 100644 reports/WC-U440/20260906T141605Z/dwarves/wc_u_dwarf_warrior/normalized-export/AN_wc_u_dwarf_warrior_Move.fbx
 create mode 100644 reports/WC-U440/20260906T141605Z/dwarves/wc_u_dwarf_warrior/normalized-export/AN_wc_u_dwarf_warrior_Victory.fbx
 create mode 100644 reports/WC-U440/20260906T141605Z/dwarves/wc_u_dwarf_warrior/normalized-export/SK_wc_u_dwarf_warrior.fbm/T_wc_u_dwarf_warrior_BaseColor.png
 create mode 100644 reports/WC-U440/20260906T141605Z/dwarves/wc_u_dwarf_warrior/normalized-export/SK_wc_u_dwarf_warrior.fbm/T_wc_u_dwarf_warrior_Normal.png
 create mode 100644 reports/WC-U440/20260906T141605Z/dwarves/wc_u_dwarf_warrior/normalized-export/SK_wc_u_dwarf_warrior.fbx
 create mode 100644 reports/WC-U440/20260906T141605Z/dwarves/wc_u_dwarf_warrior/normalized-export/SK_wc_u_dwarf_warrior_LOD1.fbm/T_wc_u_dwarf_warrior_BaseColor.png
 create mode 100644 reports/WC-U440/20260906T141605Z/dwarves/wc_u_dwarf_warrior/normalized-export/SK_wc_u_dwarf_warrior_LOD1.fbm/T_wc_u_dwarf_warrior_Normal.png
 create mode 100644 reports/WC-U440/20260906T141605Z/dwarves/wc_u_dwarf_warrior/normalized-export/SK_wc_u_dwarf_warrior_LOD1.fbx
 create mode 100644 reports/WC-U440/20260906T141605Z/dwarves/wc_u_dwarf_warrior/normalized-export/SK_wc_u_dwarf_warrior_LOD2.fbm/T_wc_u_dwarf_warrior_BaseColor.png
 create mode 100644 reports/WC-U440/20260906T141605Z/dwarves/wc_u_dwarf_warrior/normalized-export/SK_wc_u_dwarf_warrior_LOD2.fbm/T_wc_u_dwarf_warrior_Normal.png
 create mode 100644 reports/WC-U440/20260906T141605Z/dwarves/wc_u_dwarf_warrior/normalized-export/SK_wc_u_dwarf_warrior_LOD2.fbx
 create mode 100644 reports/WC-U440/20260906T141605Z/dwarves/wc_u_dwarf_warrior/normalized-export/export_manifest.json
 create mode 100644 reports/WC-U440/20260906T141605Z/dwarves/wc_u_dwarf_warrior/normalized-export/portrait.png
 create mode 100644 reports/WC-U440/20260906T141605Z/dwarves/wc_u_dwarf_warrior/pose-sheet.png
 create mode 100644 reports/WC-U440/20260906T141605Z/dwarves/wc_u_dwarf_warrior/pose_Active_001.png
 create mode 100644 reports/WC-U440/20260906T141605Z/dwarves/wc_u_dwarf_warrior/pose_Active_019.png
 create mode 100644 reports/WC-U440/20260906T141605Z/dwarves/wc_u_dwarf_warrior/pose_Active_021.png
 create mode 100644 reports/WC-U440/20260906T141605Z/dwarves/wc_u_dwarf_warrior/pose_Active_025.png
 create mode 100644 reports/WC-U440/20260906T141605Z/dwarves/wc_u_dwarf_warrior/pose_Active_043.png
 create mode 100644 reports/WC-U440/20260906T141605Z/dwarves/wc_u_dwarf_warrior/pose_Attack_001.png
 create mode 100644 reports/WC-U440/20260906T141605Z/dwarves/wc_u_dwarf_warrior/pose_Attack_016.png
 create mode 100644 reports/WC-U440/20260906T141605Z/dwarves/wc_u_dwarf_warrior/pose_Attack_022.png
 create mode 100644 reports/WC-U440/20260906T141605Z/dwarves/wc_u_dwarf_warrior/pose_Attack_023.png
 create mode 100644 reports/WC-U440/20260906T141605Z/dwarves/wc_u_dwarf_warrior/pose_Attack_046.png
 create mode 100644 reports/WC-U440/20260906T141605Z/dwarves/wc_u_dwarf_warrior/pose_Defeat_001.png
 create mode 100644 reports/WC-U440/20260906T141605Z/dwarves/wc_u_dwarf_warrior/pose_Defeat_020.png
 create mode 100644 reports/WC-U440/20260906T141605Z/dwarves/wc_u_dwarf_warrior/pose_Defeat_024.png
 create mode 100644 reports/WC-U440/20260906T141605Z/dwarves/wc_u_dwarf_warrior/pose_Defeat_030.png
 create mode 100644 reports/WC-U440/20260906T141605Z/dwarves/wc_u_dwarf_warrior/pose_Defeat_061.png
 create mode 100644 reports/WC-U440/20260906T141605Z/dwarves/wc_u_dwarf_warrior/pose_Hit_001.png
 create mode 100644 reports/WC-U440/20260906T141605Z/dwarves/wc_u_dwarf_warrior/pose_Hit_006.png
 create mode 100644 reports/WC-U440/20260906T141605Z/dwarves/wc_u_dwarf_warrior/pose_Hit_008.png
 create mode 100644 reports/WC-U440/20260906T141605Z/dwarves/wc_u_dwarf_warrior/pose_Hit_012.png
 create mode 100644 reports/WC-U440/20260906T141605Z/dwarves/wc_u_dwarf_warrior/pose_Hit_025.png
 create mode 100644 reports/WC-U440/20260906T141605Z/dwarves/wc_u_dwarf_warrior/pose_Idle_001.png
 create mode 100644 reports/WC-U440/20260906T141605Z/dwarves/wc_u_dwarf_warrior/pose_Idle_040.png
 create mode 100644 reports/WC-U440/20260906T141605Z/dwarves/wc_u_dwarf_warrior/pose_Idle_054.png
 create mode 100644 reports/WC-U440/20260906T141605Z/dwarves/wc_u_dwarf_warrior/pose_Idle_060.png
 create mode 100644 reports/WC-U440/20260906T141605Z/dwarves/wc_u_dwarf_warrior/pose_Idle_121.png
 create mode 100644 reports/WC-U440/20260906T141605Z/dwarves/wc_u_dwarf_warrior/pose_Move_001.png
 create mode 100644 reports/WC-U440/20260906T141605Z/dwarves/wc_u_dwarf_warrior/pose_Move_020.png
 create mode 100644 reports/WC-U440/20260906T141605Z/dwarves/wc_u_dwarf_warrior/pose_Move_024.png
 create mode 100644 reports/WC-U440/20260906T141605Z/dwarves/wc_u_dwarf_warrior/pose_Move_030.png
 create mode 100644 reports/WC-U440/20260906T141605Z/dwarves/wc_u_dwarf_warrior/pose_Move_061.png
 create mode 100644 reports/WC-U440/20260906T141605Z/dwarves/wc_u_dwarf_warrior/pose_Victory_001.png
 create mode 100644 reports/WC-U440/20260906T141605Z/dwarves/wc_u_dwarf_warrior/pose_Victory_030.png
 create mode 100644 reports/WC-U440/20260906T141605Z/dwarves/wc_u_dwarf_warrior/pose_Victory_039.png
 create mode 100644 reports/WC-U440/20260906T141605Z/dwarves/wc_u_dwarf_warrior/pose_Victory_045.png
 create mode 100644 reports/WC-U440/20260906T141605Z/dwarves/wc_u_dwarf_warrior/pose_Victory_091.png
 create mode 100644 reports/WC-U440/20260906T141605Z/dwarves/wc_u_dwarf_warrior/refinement.json
 create mode 100644 reports/WC-U440/20260906T141605Z/dwarves/wc_u_dwarf_warrior/silhouette96_front.png
 create mode 100644 reports/WC-U440/20260906T141605Z/dwarves/wc_u_dwarf_warrior/silhouette96_game-angle.png
 create mode 100644 reports/WC-U440/20260906T141605Z/dwarves/wc_u_dwarf_warrior/structure-inspection.json
 create mode 100644 reports/WC-U440/20260906T141605Z/dwarves/wc_u_dwarf_warrior/wc_u_dwarf_warrior-update24-motion7.blend
 create mode 100644 reports/WC-U440/20260906T141648Z/rowan-import/editor.log
 create mode 100644 reports/WC-U440/20260906T141648Z/rowan-import/import-wc_u_human_mage.json
 create mode 100644 reports/WC-U440/20260906T141648Z/rowan-import/import_alpha_assets.json
 create mode 100644 reports/WC-U440/20260906T141648Z/rowan-import/process-exit.json
 create mode 100644 reports/WC-U440/20260906T141648Z/rowan-import/stdout.log
 create mode 100644 reports/WC-U440/20260906T141653Z-orcs/finalize-orc-metadata.py
 create mode 100644 reports/WC-U440/20260906T141653Z-orcs/frame-zura.py
 create mode 100644 reports/WC-U440/20260906T141653Z-orcs/inspect-exit-code.txt
 create mode 100644 reports/WC-U440/20260906T141653Z-orcs/inspect-owned-orcs.log
 create mode 100644 reports/WC-U440/20260906T141653Z-orcs/inspect-owned-orcs.py
 create mode 100644 reports/WC-U440/20260906T141653Z-orcs/kesh-candidate01-exit.txt
 create mode 100644 reports/WC-U440/20260906T141653Z-orcs/kesh-candidate01.log
 create mode 100644 reports/WC-U440/20260906T141653Z-orcs/kesh-candidate01/before-export-manifest.json
 create mode 100644 reports/WC-U440/20260906T141653Z-orcs/kesh-candidate01/before-source.blend
 create mode 100644 reports/WC-U440/20260906T141653Z-orcs/kesh-candidate01/executed-refinement.py
 create mode 100644 reports/WC-U440/20260906T141653Z-orcs/kesh-candidate01/refinement.json
 create mode 100644 reports/WC-U440/20260906T141653Z-orcs/kesh-candidate01/wc_u_orc_rogue-update24-revision7.blend
 create mode 100644 reports/WC-U440/20260906T141653Z-orcs/kesh-candidate02-exit.txt
 create mode 100644 reports/WC-U440/20260906T141653Z-orcs/kesh-candidate02.log
 create mode 100644 reports/WC-U440/20260906T141653Z-orcs/kesh-candidate02/after-back.png
 create mode 100644 reports/WC-U440/20260906T141653Z-orcs/kesh-candidate02/after-front.png
 create mode 100644 reports/WC-U440/20260906T141653Z-orcs/kesh-candidate02/after-side.png
 create mode 100644 reports/WC-U440/20260906T141653Z-orcs/kesh-candidate02/after-three-quarter.png
 create mode 100644 reports/WC-U440/20260906T141653Z-orcs/kesh-candidate02/before-export-manifest.json
 create mode 100644 reports/WC-U440/20260906T141653Z-orcs/kesh-candidate02/before-source.blend
 create mode 100644 reports/WC-U440/20260906T141653Z-orcs/kesh-candidate02/executed-refinement.py
 create mode 100644 reports/WC-U440/20260906T141653Z-orcs/kesh-candidate02/refinement.json
 create mode 100644 reports/WC-U440/20260906T141653Z-orcs/kesh-candidate02/wc_u_orc_rogue-update24-revision7.blend
 create mode 100644 reports/WC-U440/20260906T141653Z-orcs/kesh-candidate02/workbench-review/after-back.png
 create mode 100644 reports/WC-U440/20260906T141653Z-orcs/kesh-candidate02/workbench-review/after-front.png
 create mode 100644 reports/WC-U440/20260906T141653Z-orcs/kesh-candidate02/workbench-review/after-side.png
 create mode 100644 reports/WC-U440/20260906T141653Z-orcs/kesh-candidate02/workbench-review/after-three-quarter.png
 create mode 100644 reports/WC-U440/20260906T141653Z-orcs/kesh-candidate02/workbench-review/all-frame-camera-fit.json
 create mode 100644 reports/WC-U440/20260906T141653Z-orcs/kesh-candidate02/workbench-review/before-export-manifest.json
 create mode 100644 reports/WC-U440/20260906T141653Z-orcs/kesh-candidate02/workbench-review/before-source.blend
 create mode 100644 reports/WC-U440/20260906T141653Z-orcs/kesh-candidate02/workbench-review/executed-review.py
 create mode 100644 reports/WC-U440/20260906T141653Z-orcs/kesh-candidate02/workbench-review/executed-workbench-helper.py
 create mode 100644 reports/WC-U440/20260906T141653Z-orcs/kesh-candidate02/workbench-review/motion-invariants.json
 create mode 100644 reports/WC-U440/20260906T141653Z-orcs/kesh-candidate02/workbench-review/refinement.json
 create mode 100644 reports/WC-U440/20260906T141653Z-orcs/kesh-candidate02/workbench-review/structure-inspection.json
 create mode 100644 reports/WC-U440/20260906T141653Z-orcs/kesh-contact03-exit.txt
 create mode 100644 reports/WC-U440/20260906T141653Z-orcs/kesh-contact03-workbench-exit.txt
 create mode 100644 reports/WC-U440/20260906T141653Z-orcs/kesh-contact03-workbench.log
 create mode 100644 reports/WC-U440/20260906T141653Z-orcs/kesh-contact03.log
 create mode 100644 reports/WC-U440/20260906T141653Z-orcs/kesh-contact03/after-back.png
 create mode 100644 reports/WC-U440/20260906T141653Z-orcs/kesh-contact03/after-front.png
 create mode 100644 reports/WC-U440/20260906T141653Z-orcs/kesh-contact03/after-side.png
 create mode 100644 reports/WC-U440/20260906T141653Z-orcs/kesh-contact03/after-three-quarter.png
 create mode 100644 reports/WC-U440/20260906T141653Z-orcs/kesh-contact03/before-export-manifest.json
 create mode 100644 reports/WC-U440/20260906T141653Z-orcs/kesh-contact03/before-source.blend
 create mode 100644 reports/WC-U440/20260906T141653Z-orcs/kesh-contact03/executed-contact-fix.py
 create mode 100644 reports/WC-U440/20260906T141653Z-orcs/kesh-contact03/refinement.json
 create mode 100644 reports/WC-U440/20260906T141653Z-orcs/kesh-contact03/wc_u_orc_rogue-update24-revision7-contact.blend
 create mode 100644 reports/WC-U440/20260906T141653Z-orcs/kesh-contact03/workbench-review/EXPORT-published-inspection.json
 create mode 100644 reports/WC-U440/20260906T141653Z-orcs/kesh-contact03/workbench-review/LOD_SOURCE-published-inspection.json
 create mode 100644 reports/WC-U440/20260906T141653Z-orcs/kesh-contact03/workbench-review/after-back.png
 create mode 100644 reports/WC-U440/20260906T141653Z-orcs/kesh-contact03/workbench-review/after-front.png
 create mode 100644 reports/WC-U440/20260906T141653Z-orcs/kesh-contact03/workbench-review/after-side.png
 create mode 100644 reports/WC-U440/20260906T141653Z-orcs/kesh-contact03/workbench-review/after-three-quarter.png
 create mode 100644 reports/WC-U440/20260906T141653Z-orcs/kesh-contact03/workbench-review/all-frame-camera-fit.json
 create mode 100644 reports/WC-U440/20260906T141653Z-orcs/kesh-contact03/workbench-review/before-export-manifest.json
 create mode 100644 reports/WC-U440/20260906T141653Z-orcs/kesh-contact03/workbench-review/before-source.blend
 create mode 100644 reports/WC-U440/20260906T141653Z-orcs/kesh-contact03/workbench-review/continuous_Active.mp4
 create mode 100644 reports/WC-U440/20260906T141653Z-orcs/kesh-contact03/workbench-review/continuous_Attack.mp4
 create mode 100644 reports/WC-U440/20260906T141653Z-orcs/kesh-contact03/workbench-review/continuous_Defeat.mp4
 create mode 100644 reports/WC-U440/20260906T141653Z-orcs/kesh-contact03/workbench-review/continuous_Hit.mp4
 create mode 100644 reports/WC-U440/20260906T141653Z-orcs/kesh-contact03/workbench-review/continuous_Idle.mp4
 create mode 100644 reports/WC-U440/20260906T141653Z-orcs/kesh-contact03/workbench-review/continuous_Move.mp4
 create mode 100644 reports/WC-U440/20260906T141653Z-orcs/kesh-contact03/workbench-review/continuous_Victory.mp4
 create mode 100644 reports/WC-U440/20260906T141653Z-orcs/kesh-contact03/workbench-review/executed-review.py
 create mode 100644 reports/WC-U440/20260906T141653Z-orcs/kesh-contact03/workbench-review/executed-workbench-helper.py
 create mode 100644 reports/WC-U440/20260906T141653Z-orcs/kesh-contact03/workbench-review/export-result.json
 create mode 100644 reports/WC-U440/20260906T141653Z-orcs/kesh-contact03/workbench-review/motion-invariants.json
 create mode 100644 reports/WC-U440/20260906T141653Z-orcs/kesh-contact03/workbench-review/motion-sequences.json
 create mode 100644 reports/WC-U440/20260906T141653Z-orcs/kesh-contact03/workbench-review/normal-speed-evidence.json
 create mode 100644 reports/WC-U440/20260906T141653Z-orcs/kesh-contact03/workbench-review/normalized-export/AN_wc_u_orc_rogue_Active.fbx
 create mode 100644 reports/WC-U440/20260906T141653Z-orcs/kesh-contact03/workbench-review/normalized-export/AN_wc_u_orc_rogue_Attack.fbx
 create mode 100644 reports/WC-U440/20260906T141653Z-orcs/kesh-contact03/workbench-review/normalized-export/AN_wc_u_orc_rogue_Defeat.fbx
 create mode 100644 reports/WC-U440/20260906T141653Z-orcs/kesh-contact03/workbench-review/normalized-export/AN_wc_u_orc_rogue_Hit.fbx
 create mode 100644 reports/WC-U440/20260906T141653Z-orcs/kesh-contact03/workbench-review/normalized-export/AN_wc_u_orc_rogue_Idle.fbx
 create mode 100644 reports/WC-U440/20260906T141653Z-orcs/kesh-contact03/workbench-review/normalized-export/AN_wc_u_orc_rogue_Move.fbx
 create mode 100644 reports/WC-U440/20260906T141653Z-orcs/kesh-contact03/workbench-review/normalized-export/AN_wc_u_orc_rogue_Victory.fbx
 create mode 100644 reports/WC-U440/20260906T141653Z-orcs/kesh-contact03/workbench-review/normalized-export/SK_wc_u_orc_rogue.fbm/T_wc_u_orc_rogue_BaseColor.png
 create mode 100644 reports/WC-U440/20260906T141653Z-orcs/kesh-contact03/workbench-review/normalized-export/SK_wc_u_orc_rogue.fbm/T_wc_u_orc_rogue_Normal.png
 create mode 100644 reports/WC-U440/20260906T141653Z-orcs/kesh-contact03/workbench-review/normalized-export/SK_wc_u_orc_rogue.fbx
 create mode 100644 reports/WC-U440/20260906T141653Z-orcs/kesh-contact03/workbench-review/normalized-export/SK_wc_u_orc_rogue_LOD1.fbm/T_wc_u_orc_rogue_BaseColor.png
 create mode 100644 reports/WC-U440/20260906T141653Z-orcs/kesh-contact03/workbench-review/normalized-export/SK_wc_u_orc_rogue_LOD1.fbm/T_wc_u_orc_rogue_Normal.png
 create mode 100644 reports/WC-U440/20260906T141653Z-orcs/kesh-contact03/workbench-review/normalized-export/SK_wc_u_orc_rogue_LOD1.fbx
 create mode 100644 reports/WC-U440/20260906T141653Z-orcs/kesh-contact03/workbench-review/normalized-export/SK_wc_u_orc_rogue_LOD2.fbm/T_wc_u_orc_rogue_BaseColor.png
 create mode 100644 reports/WC-U440/20260906T141653Z-orcs/kesh-contact03/workbench-review/normalized-export/SK_wc_u_orc_rogue_LOD2.fbm/T_wc_u_orc_rogue_Normal.png
 create mode 100644 reports/WC-U440/20260906T141653Z-orcs/kesh-contact03/workbench-review/normalized-export/SK_wc_u_orc_rogue_LOD2.fbx
 create mode 100644 reports/WC-U440/20260906T141653Z-orcs/kesh-contact03/workbench-review/normalized-export/export_manifest.json
 create mode 100644 reports/WC-U440/20260906T141653Z-orcs/kesh-contact03/workbench-review/normalized-export/portrait.png
 create mode 100644 reports/WC-U440/20260906T141653Z-orcs/kesh-contact03/workbench-review/pose-index.png
 create mode 100644 reports/WC-U440/20260906T141653Z-orcs/kesh-contact03/workbench-review/pose_Active_001.png
 create mode 100644 reports/WC-U440/20260906T141653Z-orcs/kesh-contact03/workbench-review/pose_Active_007.png
 create mode 100644 reports/WC-U440/20260906T141653Z-orcs/kesh-contact03/workbench-review/pose_Active_013.png
 create mode 100644 reports/WC-U440/20260906T141653Z-orcs/kesh-contact03/workbench-review/pose_Active_015.png
 create mode 100644 reports/WC-U440/20260906T141653Z-orcs/kesh-contact03/workbench-review/pose_Active_031.png
 create mode 100644 reports/WC-U440/20260906T141653Z-orcs/kesh-contact03/workbench-review/pose_Attack_001.png
 create mode 100644 reports/WC-U440/20260906T141653Z-orcs/kesh-contact03/workbench-review/pose_Attack_010.png
 create mode 100644 reports/WC-U440/20260906T141653Z-orcs/kesh-contact03/workbench-review/pose_Attack_016.png
 create mode 100644 reports/WC-U440/20260906T141653Z-orcs/kesh-contact03/workbench-review/pose_Attack_020.png
 create mode 100644 reports/WC-U440/20260906T141653Z-orcs/kesh-contact03/workbench-review/pose_Attack_040.png
 create mode 100644 reports/WC-U440/20260906T141653Z-orcs/kesh-contact03/workbench-review/pose_Defeat_001.png
 create mode 100644 reports/WC-U440/20260906T141653Z-orcs/kesh-contact03/workbench-review/pose_Defeat_020.png
 create mode 100644 reports/WC-U440/20260906T141653Z-orcs/kesh-contact03/workbench-review/pose_Defeat_024.png
 create mode 100644 reports/WC-U440/20260906T141653Z-orcs/kesh-contact03/workbench-review/pose_Defeat_030.png
 create mode 100644 reports/WC-U440/20260906T141653Z-orcs/kesh-contact03/workbench-review/pose_Defeat_061.png
 create mode 100644 reports/WC-U440/20260906T141653Z-orcs/kesh-contact03/workbench-review/pose_Hit_001.png
 create mode 100644 reports/WC-U440/20260906T141653Z-orcs/kesh-contact03/workbench-review/pose_Hit_006.png
 create mode 100644 reports/WC-U440/20260906T141653Z-orcs/kesh-contact03/workbench-review/pose_Hit_008.png
 create mode 100644 reports/WC-U440/20260906T141653Z-orcs/kesh-contact03/workbench-review/pose_Hit_012.png
 create mode 100644 reports/WC-U440/20260906T141653Z-orcs/kesh-contact03/workbench-review/pose_Hit_025.png
 create mode 100644 reports/WC-U440/20260906T141653Z-orcs/kesh-contact03/workbench-review/pose_Idle_001.png
 create mode 100644 reports/WC-U440/20260906T141653Z-orcs/kesh-contact03/workbench-review/pose_Idle_040.png
 create mode 100644 reports/WC-U440/20260906T141653Z-orcs/kesh-contact03/workbench-review/pose_Idle_054.png
 create mode 100644 reports/WC-U440/20260906T141653Z-orcs/kesh-contact03/workbench-review/pose_Idle_060.png
 create mode 100644 reports/WC-U440/20260906T141653Z-orcs/kesh-contact03/workbench-review/pose_Idle_121.png
 create mode 100644 reports/WC-U440/20260906T141653Z-orcs/kesh-contact03/workbench-review/pose_Move_001.png
 create mode 100644 reports/WC-U440/20260906T141653Z-orcs/kesh-contact03/workbench-review/pose_Move_020.png
 create mode 100644 reports/WC-U440/20260906T141653Z-orcs/kesh-contact03/workbench-review/pose_Move_024.png
 create mode 100644 reports/WC-U440/20260906T141653Z-orcs/kesh-contact03/workbench-review/pose_Move_030.png
 create mode 100644 reports/WC-U440/20260906T141653Z-orcs/kesh-contact03/workbench-review/pose_Move_061.png
 create mode 100644 reports/WC-U440/20260906T141653Z-orcs/kesh-contact03/workbench-review/pose_Victory_001.png
 create mode 100644 reports/WC-U440/20260906T141653Z-orcs/kesh-contact03/workbench-review/pose_Victory_030.png
 create mode 100644 reports/WC-U440/20260906T141653Z-orcs/kesh-contact03/workbench-review/pose_Victory_039.png
 create mode 100644 reports/WC-U440/20260906T141653Z-orcs/kesh-contact03/workbench-review/pose_Victory_045.png
 create mode 100644 reports/WC-U440/20260906T141653Z-orcs/kesh-contact03/workbench-review/pose_Victory_091.png
 create mode 100644 reports/WC-U440/20260906T141653Z-orcs/kesh-contact03/workbench-review/published-motion-invariants.json
 create mode 100644 reports/WC-U440/20260906T141653Z-orcs/kesh-contact03/workbench-review/published-verification.json
 create mode 100644 reports/WC-U440/20260906T141653Z-orcs/kesh-contact03/workbench-review/refinement.json
 create mode 100644 reports/WC-U440/20260906T141653Z-orcs/kesh-contact03/workbench-review/structure-inspection.json
 create mode 100644 reports/WC-U440/20260906T141653Z-orcs/kesh-export07-exit.txt
 create mode 100644 reports/WC-U440/20260906T141653Z-orcs/kesh-export07.log
 create mode 100644 reports/WC-U440/20260906T141653Z-orcs/kesh-published-verify07-exit.txt
 create mode 100644 reports/WC-U440/20260906T141653Z-orcs/kesh-published-verify07.log
 create mode 100644 reports/WC-U440/20260906T141653Z-orcs/kesh-workbench02-exit.txt
 create mode 100644 reports/WC-U440/20260906T141653Z-orcs/kesh-workbench02.log
 create mode 100644 reports/WC-U440/20260906T141653Z-orcs/orc-source-handoff.json
 create mode 100644 reports/WC-U440/20260906T141653Z-orcs/orc-source-handoff.md
 create mode 100644 reports/WC-U440/20260906T141653Z-orcs/render-candidate.py
 create mode 100644 reports/WC-U440/20260906T141653Z-orcs/rok-candidate01-exit.txt
 create mode 100644 reports/WC-U440/20260906T141653Z-orcs/rok-candidate01.log
 create mode 100644 reports/WC-U440/20260906T141653Z-orcs/rok-candidate01/after-back.png
 create mode 100644 reports/WC-U440/20260906T141653Z-orcs/rok-candidate01/after-front.png
 create mode 100644 reports/WC-U440/20260906T141653Z-orcs/rok-candidate01/after-side.png
 create mode 100644 reports/WC-U440/20260906T141653Z-orcs/rok-candidate01/after-three-quarter.png
 create mode 100644 reports/WC-U440/20260906T141653Z-orcs/rok-candidate01/before-export-manifest.json
 create mode 100644 reports/WC-U440/20260906T141653Z-orcs/rok-candidate01/before-source.blend
 create mode 100644 reports/WC-U440/20260906T141653Z-orcs/rok-candidate01/executed-refinement.py
 create mode 100644 reports/WC-U440/20260906T141653Z-orcs/rok-candidate01/refinement.json
 create mode 100644 reports/WC-U440/20260906T141653Z-orcs/rok-candidate01/wc_u_orc_warrior-update24-revision7.blend
 create mode 100644 reports/WC-U440/20260906T141653Z-orcs/rok-candidate02-exit.txt
 create mode 100644 reports/WC-U440/20260906T141653Z-orcs/rok-candidate02.log
 create mode 100644 reports/WC-U440/20260906T141653Z-orcs/rok-candidate02/after-back.png
 create mode 100644 reports/WC-U440/20260906T141653Z-orcs/rok-candidate02/after-front.png
 create mode 100644 reports/WC-U440/20260906T141653Z-orcs/rok-candidate02/after-side.png
 create mode 100644 reports/WC-U440/20260906T141653Z-orcs/rok-candidate02/after-three-quarter.png
 create mode 100644 reports/WC-U440/20260906T141653Z-orcs/rok-candidate02/before-export-manifest.json
 create mode 100644 reports/WC-U440/20260906T141653Z-orcs/rok-candidate02/before-source.blend
 create mode 100644 reports/WC-U440/20260906T141653Z-orcs/rok-candidate02/executed-refinement.py
 create mode 100644 reports/WC-U440/20260906T141653Z-orcs/rok-candidate02/motion-frames/Idle/0000.png
 create mode 100644 reports/WC-U440/20260906T141653Z-orcs/rok-candidate02/motion-frames/Idle/0001.png
 create mode 100644 reports/WC-U440/20260906T141653Z-orcs/rok-candidate02/motion-frames/Idle/0002.png
 create mode 100644 reports/WC-U440/20260906T141653Z-orcs/rok-candidate02/motion-frames/Idle/0003.png
 create mode 100644 reports/WC-U440/20260906T141653Z-orcs/rok-candidate02/motion-frames/Idle/0004.png
 create mode 100644 reports/WC-U440/20260906T141653Z-orcs/rok-candidate02/motion-frames/Idle/0005.png
 create mode 100644 reports/WC-U440/20260906T141653Z-orcs/rok-candidate02/motion-frames/Idle/0006.png
 create mode 100644 reports/WC-U440/20260906T141653Z-orcs/rok-candidate02/motion-frames/Idle/0007.png
 create mode 100644 reports/WC-U440/20260906T141653Z-orcs/rok-candidate02/motion-frames/Idle/0008.png
 create mode 100644 reports/WC-U440/20260906T141653Z-orcs/rok-candidate02/motion-frames/Idle/0009.png
 create mode 100644 reports/WC-U440/20260906T141653Z-orcs/rok-candidate02/motion-frames/Idle/0010.png
 create mode 100644 reports/WC-U440/20260906T141653Z-orcs/rok-candidate02/motion-frames/Idle/0011.png
 create mode 100644 reports/WC-U440/20260906T141653Z-orcs/rok-candidate02/motion-frames/Idle/0012.png
 create mode 100644 reports/WC-U440/20260906T141653Z-orcs/rok-candidate02/motion-frames/Idle/0013.png
 create mode 100644 reports/WC-U440/20260906T141653Z-orcs/rok-candidate02/motion-frames/Idle/0014.png
 create mode 100644 reports/WC-U440/20260906T141653Z-orcs/rok-candidate02/motion-frames/Idle/0015.png
 create mode 100644 reports/WC-U440/20260906T141653Z-orcs/rok-candidate02/motion-frames/Idle/0016.png
 create mode 100644 reports/WC-U440/20260906T141653Z-orcs/rok-candidate02/motion-frames/Idle/0017.png
 create mode 100644 reports/WC-U440/20260906T141653Z-orcs/rok-candidate02/motion-frames/Idle/0018.png
 create mode 100644 reports/WC-U440/20260906T141653Z-orcs/rok-candidate02/motion-frames/Idle/0019.png
 create mode 100644 reports/WC-U440/20260906T141653Z-orcs/rok-candidate02/motion-frames/Idle/0020.png
 create mode 100644 reports/WC-U440/20260906T141653Z-orcs/rok-candidate02/motion-frames/Idle/0021.png
 create mode 100644 reports/WC-U440/20260906T141653Z-orcs/rok-candidate02/motion-frames/Idle/0022.png
 create mode 100644 reports/WC-U440/20260906T141653Z-orcs/rok-candidate02/motion-frames/Idle/0023.png
 create mode 100644 reports/WC-U440/20260906T141653Z-orcs/rok-candidate02/motion-frames/Idle/0024.png
 create mode 100644 reports/WC-U440/20260906T141653Z-orcs/rok-candidate02/motion-frames/Idle/0025.png
 create mode 100644 reports/WC-U440/20260906T141653Z-orcs/rok-candidate02/motion-frames/Idle/0026.png
 create mode 100644 reports/WC-U440/20260906T141653Z-orcs/rok-candidate02/motion-frames/Idle/0027.png
 create mode 100644 reports/WC-U440/20260906T141653Z-orcs/rok-candidate02/motion-frames/Idle/0028.png
 create mode 100644 reports/WC-U440/20260906T141653Z-orcs/rok-candidate02/motion-frames/Idle/0029.png
 create mode 100644 reports/WC-U440/20260906T141653Z-orcs/rok-candidate02/motion-frames/Idle/0030.png
 create mode 100644 reports/WC-U440/20260906T141653Z-orcs/rok-candidate02/motion-frames/Idle/0031.png
 create mode 100644 reports/WC-U440/20260906T141653Z-orcs/rok-candidate02/motion-frames/Idle/0032.png
 create mode 100644 reports/WC-U440/20260906T141653Z-orcs/rok-candidate02/motion-frames/Idle/0033.png
 create mode 100644 reports/WC-U440/20260906T141653Z-orcs/rok-candidate02/motion-frames/Idle/0034.png
 create mode 100644 reports/WC-U440/20260906T141653Z-orcs/rok-candidate02/motion-frames/Idle/0035.png
 create mode 100644 reports/WC-U440/20260906T141653Z-orcs/rok-candidate02/motion-frames/Idle/0036.png
 create mode 100644 reports/WC-U440/20260906T141653Z-orcs/rok-candidate02/motion-frames/Idle/0037.png
 create mode 100644 reports/WC-U440/20260906T141653Z-orcs/rok-candidate02/motion-frames/Idle/0038.png
 create mode 100644 reports/WC-U440/20260906T141653Z-orcs/rok-candidate02/motion-frames/Idle/0039.png
 create mode 100644 reports/WC-U440/20260906T141653Z-orcs/rok-candidate02/motion-frames/Move/0000.png
 create mode 100644 reports/WC-U440/20260906T141653Z-orcs/rok-candidate02/motion-frames/Move/0001.png
 create mode 100644 reports/WC-U440/20260906T141653Z-orcs/rok-candidate02/motion-frames/Move/0002.png
 create mode 100644 reports/WC-U440/20260906T141653Z-orcs/rok-candidate02/motion-frames/Move/0003.png
 create mode 100644 reports/WC-U440/20260906T141653Z-orcs/rok-candidate02/motion-frames/Move/0004.png
 create mode 100644 reports/WC-U440/20260906T141653Z-orcs/rok-candidate02/motion-frames/Move/0005.png
 create mode 100644 reports/WC-U440/20260906T141653Z-orcs/rok-candidate02/motion-frames/Move/0006.png
 create mode 100644 reports/WC-U440/20260906T141653Z-orcs/rok-candidate02/motion-frames/Move/0007.png
 create mode 100644 reports/WC-U440/20260906T141653Z-orcs/rok-candidate02/motion-frames/Move/0008.png
 create mode 100644 reports/WC-U440/20260906T141653Z-orcs/rok-candidate02/motion-frames/Move/0009.png
 create mode 100644 reports/WC-U440/20260906T141653Z-orcs/rok-candidate02/motion-frames/Move/0010.png
 create mode 100644 reports/WC-U440/20260906T141653Z-orcs/rok-candidate02/motion-frames/Move/0011.png
 create mode 100644 reports/WC-U440/20260906T141653Z-orcs/rok-candidate02/motion-frames/Move/0012.png
 create mode 100644 reports/WC-U440/20260906T141653Z-orcs/rok-candidate02/motion-invariants.json
 create mode 100644 reports/WC-U440/20260906T141653Z-orcs/rok-candidate02/refinement.json
 create mode 100644 reports/WC-U440/20260906T141653Z-orcs/rok-candidate02/structure-inspection.json
 create mode 100644 reports/WC-U440/20260906T141653Z-orcs/rok-candidate02/wc_u_orc_warrior-update24-revision7.blend
 create mode 100644 reports/WC-U440/20260906T141653Z-orcs/rok-candidate02/workbench-review/EXPORT-published-inspection.json
 create mode 100644 reports/WC-U440/20260906T141653Z-orcs/rok-candidate02/workbench-review/LOD_SOURCE-published-inspection.json
 create mode 100644 reports/WC-U440/20260906T141653Z-orcs/rok-candidate02/workbench-review/after-back.png
 create mode 100644 reports/WC-U440/20260906T141653Z-orcs/rok-candidate02/workbench-review/after-front.png
 create mode 100644 reports/WC-U440/20260906T141653Z-orcs/rok-candidate02/workbench-review/after-side.png
 create mode 100644 reports/WC-U440/20260906T141653Z-orcs/rok-candidate02/workbench-review/after-three-quarter.png
 create mode 100644 reports/WC-U440/20260906T141653Z-orcs/rok-candidate02/workbench-review/before-export-manifest.json
 create mode 100644 reports/WC-U440/20260906T141653Z-orcs/rok-candidate02/workbench-review/before-source.blend
 create mode 100644 reports/WC-U440/20260906T141653Z-orcs/rok-candidate02/workbench-review/continuous_Active.mp4
 create mode 100644 reports/WC-U440/20260906T141653Z-orcs/rok-candidate02/workbench-review/continuous_Attack.mp4
 create mode 100644 reports/WC-U440/20260906T141653Z-orcs/rok-candidate02/workbench-review/continuous_Defeat.mp4
 create mode 100644 reports/WC-U440/20260906T141653Z-orcs/rok-candidate02/workbench-review/continuous_Hit.mp4
 create mode 100644 reports/WC-U440/20260906T141653Z-orcs/rok-candidate02/workbench-review/continuous_Idle.mp4
 create mode 100644 reports/WC-U440/20260906T141653Z-orcs/rok-candidate02/workbench-review/continuous_Move.mp4
 create mode 100644 reports/WC-U440/20260906T141653Z-orcs/rok-candidate02/workbench-review/continuous_Victory.mp4
 create mode 100644 reports/WC-U440/20260906T141653Z-orcs/rok-candidate02/workbench-review/executed-review.py
 create mode 100644 reports/WC-U440/20260906T141653Z-orcs/rok-candidate02/workbench-review/executed-workbench-helper.py
 create mode 100644 reports/WC-U440/20260906T141653Z-orcs/rok-candidate02/workbench-review/export-result.json
 create mode 100644 reports/WC-U440/20260906T141653Z-orcs/rok-candidate02/workbench-review/motion-invariants.json
 create mode 100644 reports/WC-U440/20260906T141653Z-orcs/rok-candidate02/workbench-review/motion-sequences.json
 create mode 100644 reports/WC-U440/20260906T141653Z-orcs/rok-candidate02/workbench-review/normal-speed-evidence.json
 create mode 100644 reports/WC-U440/20260906T141653Z-orcs/rok-candidate02/workbench-review/normalized-export/AN_wc_u_orc_warrior_Active.fbx
 create mode 100644 reports/WC-U440/20260906T141653Z-orcs/rok-candidate02/workbench-review/normalized-export/AN_wc_u_orc_warrior_Attack.fbx
 create mode 100644 reports/WC-U440/20260906T141653Z-orcs/rok-candidate02/workbench-review/normalized-export/AN_wc_u_orc_warrior_Defeat.fbx
 create mode 100644 reports/WC-U440/20260906T141653Z-orcs/rok-candidate02/workbench-review/normalized-export/AN_wc_u_orc_warrior_Hit.fbx
 create mode 100644 reports/WC-U440/20260906T141653Z-orcs/rok-candidate02/workbench-review/normalized-export/AN_wc_u_orc_warrior_Idle.fbx
 create mode 100644 reports/WC-U440/20260906T141653Z-orcs/rok-candidate02/workbench-review/normalized-export/AN_wc_u_orc_warrior_Move.fbx
 create mode 100644 reports/WC-U440/20260906T141653Z-orcs/rok-candidate02/workbench-review/normalized-export/AN_wc_u_orc_warrior_Victory.fbx
 create mode 100644 reports/WC-U440/20260906T141653Z-orcs/rok-candidate02/workbench-review/normalized-export/SK_wc_u_orc_warrior.fbm/T_wc_u_orc_warrior_BaseColor.png
 create mode 100644 reports/WC-U440/20260906T141653Z-orcs/rok-candidate02/workbench-review/normalized-export/SK_wc_u_orc_warrior.fbm/T_wc_u_orc_warrior_Normal.png
 create mode 100644 reports/WC-U440/20260906T141653Z-orcs/rok-candidate02/workbench-review/normalized-export/SK_wc_u_orc_warrior.fbx
 create mode 100644 reports/WC-U440/20260906T141653Z-orcs/rok-candidate02/workbench-review/normalized-export/SK_wc_u_orc_warrior_LOD1.fbm/T_wc_u_orc_warrior_BaseColor.png
 create mode 100644 reports/WC-U440/20260906T141653Z-orcs/rok-candidate02/workbench-review/normalized-export/SK_wc_u_orc_warrior_LOD1.fbm/T_wc_u_orc_warrior_Normal.png
 create mode 100644 reports/WC-U440/20260906T141653Z-orcs/rok-candidate02/workbench-review/normalized-export/SK_wc_u_orc_warrior_LOD1.fbx
 create mode 100644 reports/WC-U440/20260906T141653Z-orcs/rok-candidate02/workbench-review/normalized-export/SK_wc_u_orc_warrior_LOD2.fbm/T_wc_u_orc_warrior_BaseColor.png
 create mode 100644 reports/WC-U440/20260906T141653Z-orcs/rok-candidate02/workbench-review/normalized-export/SK_wc_u_orc_warrior_LOD2.fbm/T_wc_u_orc_warrior_Normal.png
 create mode 100644 reports/WC-U440/20260906T141653Z-orcs/rok-candidate02/workbench-review/normalized-export/SK_wc_u_orc_warrior_LOD2.fbx
 create mode 100644 reports/WC-U440/20260906T141653Z-orcs/rok-candidate02/workbench-review/normalized-export/export_manifest.json
 create mode 100644 reports/WC-U440/20260906T141653Z-orcs/rok-candidate02/workbench-review/normalized-export/portrait.png
 create mode 100644 reports/WC-U440/20260906T141653Z-orcs/rok-candidate02/workbench-review/pose-index.png
 create mode 100644 reports/WC-U440/20260906T141653Z-orcs/rok-candidate02/workbench-review/pose_Active_001.png
 create mode 100644 reports/WC-U440/20260906T141653Z-orcs/rok-candidate02/workbench-review/pose_Active_010.png
 create mode 100644 reports/WC-U440/20260906T141653Z-orcs/rok-candidate02/workbench-review/pose_Active_016.png
 create mode 100644 reports/WC-U440/20260906T141653Z-orcs/rok-candidate02/workbench-review/pose_Active_017.png
 create mode 100644 reports/WC-U440/20260906T141653Z-orcs/rok-candidate02/workbench-review/pose_Active_034.png
 create mode 100644 reports/WC-U440/20260906T141653Z-orcs/rok-candidate02/workbench-review/pose_Attack_001.png
 create mode 100644 reports/WC-U440/20260906T141653Z-orcs/rok-candidate02/workbench-review/pose_Attack_016.png
 create mode 100644 reports/WC-U440/20260906T141653Z-orcs/rok-candidate02/workbench-review/pose_Attack_022.png
 create mode 100644 reports/WC-U440/20260906T141653Z-orcs/rok-candidate02/workbench-review/pose_Attack_023.png
 create mode 100644 reports/WC-U440/20260906T141653Z-orcs/rok-candidate02/workbench-review/pose_Attack_046.png
 create mode 100644 reports/WC-U440/20260906T141653Z-orcs/rok-candidate02/workbench-review/pose_Defeat_001.png
 create mode 100644 reports/WC-U440/20260906T141653Z-orcs/rok-candidate02/workbench-review/pose_Defeat_020.png
 create mode 100644 reports/WC-U440/20260906T141653Z-orcs/rok-candidate02/workbench-review/pose_Defeat_024.png
 create mode 100644 reports/WC-U440/20260906T141653Z-orcs/rok-candidate02/workbench-review/pose_Defeat_030.png
 create mode 100644 reports/WC-U440/20260906T141653Z-orcs/rok-candidate02/workbench-review/pose_Defeat_061.png
 create mode 100644 reports/WC-U440/20260906T141653Z-orcs/rok-candidate02/workbench-review/pose_Hit_001.png
 create mode 100644 reports/WC-U440/20260906T141653Z-orcs/rok-candidate02/workbench-review/pose_Hit_006.png
 create mode 100644 reports/WC-U440/20260906T141653Z-orcs/rok-candidate02/workbench-review/pose_Hit_008.png
 create mode 100644 reports/WC-U440/20260906T141653Z-orcs/rok-candidate02/workbench-review/pose_Hit_012.png
 create mode 100644 reports/WC-U440/20260906T141653Z-orcs/rok-candidate02/workbench-review/pose_Hit_025.png
 create mode 100644 reports/WC-U440/20260906T141653Z-orcs/rok-candidate02/workbench-review/pose_Idle_001.png
 create mode 100644 reports/WC-U440/20260906T141653Z-orcs/rok-candidate02/workbench-review/pose_Idle_040.png
 create mode 100644 reports/WC-U440/20260906T141653Z-orcs/rok-candidate02/workbench-review/pose_Idle_054.png
 create mode 100644 reports/WC-U440/20260906T141653Z-orcs/rok-candidate02/workbench-review/pose_Idle_060.png
 create mode 100644 reports/WC-U440/20260906T141653Z-orcs/rok-candidate02/workbench-review/pose_Idle_121.png
 create mode 100644 reports/WC-U440/20260906T141653Z-orcs/rok-candidate02/workbench-review/pose_Move_001.png
 create mode 100644 reports/WC-U440/20260906T141653Z-orcs/rok-candidate02/workbench-review/pose_Move_020.png
 create mode 100644 reports/WC-U440/20260906T141653Z-orcs/rok-candidate02/workbench-review/pose_Move_024.png
 create mode 100644 reports/WC-U440/20260906T141653Z-orcs/rok-candidate02/workbench-review/pose_Move_030.png
 create mode 100644 reports/WC-U440/20260906T141653Z-orcs/rok-candidate02/workbench-review/pose_Move_061.png
 create mode 100644 reports/WC-U440/20260906T141653Z-orcs/rok-candidate02/workbench-review/pose_Victory_001.png
 create mode 100644 reports/WC-U440/20260906T141653Z-orcs/rok-candidate02/workbench-review/pose_Victory_030.png
 create mode 100644 reports/WC-U440/20260906T141653Z-orcs/rok-candidate02/workbench-review/pose_Victory_039.png
 create mode 100644 reports/WC-U440/20260906T141653Z-orcs/rok-candidate02/workbench-review/pose_Victory_045.png
 create mode 100644 reports/WC-U440/20260906T141653Z-orcs/rok-candidate02/workbench-review/pose_Victory_091.png
 create mode 100644 reports/WC-U440/20260906T141653Z-orcs/rok-candidate02/workbench-review/published-motion-invariants.json
 create mode 100644 reports/WC-U440/20260906T141653Z-orcs/rok-candidate02/workbench-review/published-verification.json
 create mode 100644 reports/WC-U440/20260906T141653Z-orcs/rok-candidate02/workbench-review/refinement.json
 create mode 100644 reports/WC-U440/20260906T141653Z-orcs/rok-candidate02/workbench-review/structure-inspection.json
 create mode 100644 reports/WC-U440/20260906T141653Z-orcs/rok-export07-exit.txt
 create mode 100644 reports/WC-U440/20260906T141653Z-orcs/rok-export07.log
 create mode 100644 reports/WC-U440/20260906T141653Z-orcs/rok-motion02-exit.txt
 create mode 100644 reports/WC-U440/20260906T141653Z-orcs/rok-motion02.log
 create mode 100644 reports/WC-U440/20260906T141653Z-orcs/rok-published-verify07-exit.txt
 create mode 100644 reports/WC-U440/20260906T141653Z-orcs/rok-published-verify07.log
 create mode 100644 reports/WC-U440/20260906T141653Z-orcs/rok-render01-exit.txt
 create mode 100644 reports/WC-U440/20260906T141653Z-orcs/rok-render01.log
 create mode 100644 reports/WC-U440/20260906T141653Z-orcs/rok-workbench02-exit.txt
 create mode 100644 reports/WC-U440/20260906T141653Z-orcs/rok-workbench02.log
 create mode 100644 reports/WC-U440/20260906T141653Z-orcs/summarize-orcs.py
 create mode 100644 reports/WC-U440/20260906T141653Z-orcs/wc_u_orc_mage-inspection.json
 create mode 100644 reports/WC-U440/20260906T141653Z-orcs/wc_u_orc_rogue-inspection.json
 create mode 100644 reports/WC-U440/20260906T141653Z-orcs/wc_u_orc_warrior-inspection.json
 create mode 100644 reports/WC-U440/20260906T141653Z-orcs/zura-candidate01-exit.txt
 create mode 100644 reports/WC-U440/20260906T141653Z-orcs/zura-candidate01.log
 create mode 100644 reports/WC-U440/20260906T141653Z-orcs/zura-candidate01/after-back.png
 create mode 100644 reports/WC-U440/20260906T141653Z-orcs/zura-candidate01/after-front.png
 create mode 100644 reports/WC-U440/20260906T141653Z-orcs/zura-candidate01/after-side.png
 create mode 100644 reports/WC-U440/20260906T141653Z-orcs/zura-candidate01/after-three-quarter.png
 create mode 100644 reports/WC-U440/20260906T141653Z-orcs/zura-candidate01/before-export-manifest.json
 create mode 100644 reports/WC-U440/20260906T141653Z-orcs/zura-candidate01/before-source.blend
 create mode 100644 reports/WC-U440/20260906T141653Z-orcs/zura-candidate01/executed-refinement.py
 create mode 100644 reports/WC-U440/20260906T141653Z-orcs/zura-candidate01/refinement.json
 create mode 100644 reports/WC-U440/20260906T141653Z-orcs/zura-candidate01/wc_u_orc_mage-update24-revision7.blend
 create mode 100644 reports/WC-U440/20260906T141653Z-orcs/zura-candidate02-exit.txt
 create mode 100644 reports/WC-U440/20260906T141653Z-orcs/zura-candidate02.log
 create mode 100644 reports/WC-U440/20260906T141653Z-orcs/zura-candidate02/after-back.png
 create mode 100644 reports/WC-U440/20260906T141653Z-orcs/zura-candidate02/after-front.png
 create mode 100644 reports/WC-U440/20260906T141653Z-orcs/zura-candidate02/after-side.png
 create mode 100644 reports/WC-U440/20260906T141653Z-orcs/zura-candidate02/after-three-quarter.png
 create mode 100644 reports/WC-U440/20260906T141653Z-orcs/zura-candidate02/before-export-manifest.json
 create mode 100644 reports/WC-U440/20260906T141653Z-orcs/zura-candidate02/before-source.blend
 create mode 100644 reports/WC-U440/20260906T141653Z-orcs/zura-candidate02/executed-refinement.py
 create mode 100644 reports/WC-U440/20260906T141653Z-orcs/zura-candidate02/refinement.json
 create mode 100644 reports/WC-U440/20260906T141653Z-orcs/zura-candidate02/wc_u_orc_mage-update24-revision7.blend
 create mode 100644 reports/WC-U440/20260906T141653Z-orcs/zura-candidate02/workbench-fitted/EXPORT-published-inspection.json
 create mode 100644 reports/WC-U440/20260906T141653Z-orcs/zura-candidate02/workbench-fitted/LOD_SOURCE-published-inspection.json
 create mode 100644 reports/WC-U440/20260906T141653Z-orcs/zura-candidate02/workbench-fitted/after-back.png
 create mode 100644 reports/WC-U440/20260906T141653Z-orcs/zura-candidate02/workbench-fitted/after-front.png
 create mode 100644 reports/WC-U440/20260906T141653Z-orcs/zura-candidate02/workbench-fitted/after-side.png
 create mode 100644 reports/WC-U440/20260906T141653Z-orcs/zura-candidate02/workbench-fitted/after-three-quarter-framed.png
 create mode 100644 reports/WC-U440/20260906T141653Z-orcs/zura-candidate02/workbench-fitted/after-three-quarter.png
 create mode 100644 reports/WC-U440/20260906T141653Z-orcs/zura-candidate02/workbench-fitted/all-frame-camera-fit.json
 create mode 100644 reports/WC-U440/20260906T141653Z-orcs/zura-candidate02/workbench-fitted/before-export-manifest.json
 create mode 100644 reports/WC-U440/20260906T141653Z-orcs/zura-candidate02/workbench-fitted/before-source.blend
 create mode 100644 reports/WC-U440/20260906T141653Z-orcs/zura-candidate02/workbench-fitted/continuous_Active.mp4
 create mode 100644 reports/WC-U440/20260906T141653Z-orcs/zura-candidate02/workbench-fitted/continuous_Attack.mp4
 create mode 100644 reports/WC-U440/20260906T141653Z-orcs/zura-candidate02/workbench-fitted/continuous_Defeat.mp4
 create mode 100644 reports/WC-U440/20260906T141653Z-orcs/zura-candidate02/workbench-fitted/continuous_Hit.mp4
 create mode 100644 reports/WC-U440/20260906T141653Z-orcs/zura-candidate02/workbench-fitted/continuous_Idle.mp4
 create mode 100644 reports/WC-U440/20260906T141653Z-orcs/zura-candidate02/workbench-fitted/continuous_Move.mp4
 create mode 100644 reports/WC-U440/20260906T141653Z-orcs/zura-candidate02/workbench-fitted/continuous_Victory.mp4
 create mode 100644 reports/WC-U440/20260906T141653Z-orcs/zura-candidate02/workbench-fitted/executed-review.py
 create mode 100644 reports/WC-U440/20260906T141653Z-orcs/zura-candidate02/workbench-fitted/executed-workbench-helper.py
 create mode 100644 reports/WC-U440/20260906T141653Z-orcs/zura-candidate02/workbench-fitted/export-result.json
 create mode 100644 reports/WC-U440/20260906T141653Z-orcs/zura-candidate02/workbench-fitted/motion-invariants.json
 create mode 100644 reports/WC-U440/20260906T141653Z-orcs/zura-candidate02/workbench-fitted/motion-sequences.json
 create mode 100644 reports/WC-U440/20260906T141653Z-orcs/zura-candidate02/workbench-fitted/normal-speed-evidence.json
 create mode 100644 reports/WC-U440/20260906T141653Z-orcs/zura-candidate02/workbench-fitted/normalized-export/AN_wc_u_orc_mage_Active.fbx
 create mode 100644 reports/WC-U440/20260906T141653Z-orcs/zura-candidate02/workbench-fitted/normalized-export/AN_wc_u_orc_mage_Attack.fbx
 create mode 100644 reports/WC-U440/20260906T141653Z-orcs/zura-candidate02/workbench-fitted/normalized-export/AN_wc_u_orc_mage_Defeat.fbx
 create mode 100644 reports/WC-U440/20260906T141653Z-orcs/zura-candidate02/workbench-fitted/normalized-export/AN_wc_u_orc_mage_Hit.fbx
 create mode 100644 reports/WC-U440/20260906T141653Z-orcs/zura-candidate02/workbench-fitted/normalized-export/AN_wc_u_orc_mage_Idle.fbx
 create mode 100644 reports/WC-U440/20260906T141653Z-orcs/zura-candidate02/workbench-fitted/normalized-export/AN_wc_u_orc_mage_Move.fbx
 create mode 100644 reports/WC-U440/20260906T141653Z-orcs/zura-candidate02/workbench-fitted/normalized-export/AN_wc_u_orc_mage_Victory.fbx
 create mode 100644 reports/WC-U440/20260906T141653Z-orcs/zura-candidate02/workbench-fitted/normalized-export/SK_wc_u_orc_mage.fbm/T_wc_u_orc_mage_BaseColor.png
 create mode 100644 reports/WC-U440/20260906T141653Z-orcs/zura-candidate02/workbench-fitted/normalized-export/SK_wc_u_orc_mage.fbm/T_wc_u_orc_mage_Normal.png
 create mode 100644 reports/WC-U440/20260906T141653Z-orcs/zura-candidate02/workbench-fitted/normalized-export/SK_wc_u_orc_mage.fbx
 create mode 100644 reports/WC-U440/20260906T141653Z-orcs/zura-candidate02/workbench-fitted/normalized-export/SK_wc_u_orc_mage_LOD1.fbm/T_wc_u_orc_mage_BaseColor.png
 create mode 100644 reports/WC-U440/20260906T141653Z-orcs/zura-candidate02/workbench-fitted/normalized-export/SK_wc_u_orc_mage_LOD1.fbm/T_wc_u_orc_mage_Normal.png
 create mode 100644 reports/WC-U440/20260906T141653Z-orcs/zura-candidate02/workbench-fitted/normalized-export/SK_wc_u_orc_mage_LOD1.fbx
 create mode 100644 reports/WC-U440/20260906T141653Z-orcs/zura-candidate02/workbench-fitted/normalized-export/SK_wc_u_orc_mage_LOD2.fbm/T_wc_u_orc_mage_BaseColor.png
 create mode 100644 reports/WC-U440/20260906T141653Z-orcs/zura-candidate02/workbench-fitted/normalized-export/SK_wc_u_orc_mage_LOD2.fbm/T_wc_u_orc_mage_Normal.png
 create mode 100644 reports/WC-U440/20260906T141653Z-orcs/zura-candidate02/workbench-fitted/normalized-export/SK_wc_u_orc_mage_LOD2.fbx
 create mode 100644 reports/WC-U440/20260906T141653Z-orcs/zura-candidate02/workbench-fitted/normalized-export/export_manifest.json
 create mode 100644 reports/WC-U440/20260906T141653Z-orcs/zura-candidate02/workbench-fitted/normalized-export/portrait.png
 create mode 100644 reports/WC-U440/20260906T141653Z-orcs/zura-candidate02/workbench-fitted/portrait-before-framing.png
 create mode 100644 reports/WC-U440/20260906T141653Z-orcs/zura-candidate02/workbench-fitted/portrait-framing.json
 create mode 100644 reports/WC-U440/20260906T141653Z-orcs/zura-candidate02/workbench-fitted/pose-index.png
 create mode 100644 reports/WC-U440/20260906T141653Z-orcs/zura-candidate02/workbench-fitted/pose_Active_001.png
 create mode 100644 reports/WC-U440/20260906T141653Z-orcs/zura-candidate02/workbench-fitted/pose_Active_027.png
 create mode 100644 reports/WC-U440/20260906T141653Z-orcs/zura-candidate02/workbench-fitted/pose_Active_031.png
 create mode 100644 reports/WC-U440/20260906T141653Z-orcs/zura-candidate02/workbench-fitted/pose_Active_037.png
 create mode 100644 reports/WC-U440/20260906T141653Z-orcs/zura-candidate02/workbench-fitted/pose_Active_055.png
 create mode 100644 reports/WC-U440/20260906T141653Z-orcs/zura-candidate02/workbench-fitted/pose_Attack_001.png
 create mode 100644 reports/WC-U440/20260906T141653Z-orcs/zura-candidate02/workbench-fitted/pose_Attack_013.png
 create mode 100644 reports/WC-U440/20260906T141653Z-orcs/zura-candidate02/workbench-fitted/pose_Attack_019.png
 create mode 100644 reports/WC-U440/20260906T141653Z-orcs/zura-candidate02/workbench-fitted/pose_Attack_021.png
 create mode 100644 reports/WC-U440/20260906T141653Z-orcs/zura-candidate02/workbench-fitted/pose_Attack_043.png
 create mode 100644 reports/WC-U440/20260906T141653Z-orcs/zura-candidate02/workbench-fitted/pose_Defeat_001.png
 create mode 100644 reports/WC-U440/20260906T141653Z-orcs/zura-candidate02/workbench-fitted/pose_Defeat_020.png
 create mode 100644 reports/WC-U440/20260906T141653Z-orcs/zura-candidate02/workbench-fitted/pose_Defeat_024.png
 create mode 100644 reports/WC-U440/20260906T141653Z-orcs/zura-candidate02/workbench-fitted/pose_Defeat_030.png
 create mode 100644 reports/WC-U440/20260906T141653Z-orcs/zura-candidate02/workbench-fitted/pose_Defeat_061.png
 create mode 100644 reports/WC-U440/20260906T141653Z-orcs/zura-candidate02/workbench-fitted/pose_Hit_001.png
 create mode 100644 reports/WC-U440/20260906T141653Z-orcs/zura-candidate02/workbench-fitted/pose_Hit_006.png
 create mode 100644 reports/WC-U440/20260906T141653Z-orcs/zura-candidate02/workbench-fitted/pose_Hit_008.png
 create mode 100644 reports/WC-U440/20260906T141653Z-orcs/zura-candidate02/workbench-fitted/pose_Hit_012.png
 create mode 100644 reports/WC-U440/20260906T141653Z-orcs/zura-candidate02/workbench-fitted/pose_Hit_025.png
 create mode 100644 reports/WC-U440/20260906T141653Z-orcs/zura-candidate02/workbench-fitted/pose_Idle_001.png
 create mode 100644 reports/WC-U440/20260906T141653Z-orcs/zura-candidate02/workbench-fitted/pose_Idle_040.png
 create mode 100644 reports/WC-U440/20260906T141653Z-orcs/zura-candidate02/workbench-fitted/pose_Idle_054.png
 create mode 100644 reports/WC-U440/20260906T141653Z-orcs/zura-candidate02/workbench-fitted/pose_Idle_060.png
 create mode 100644 reports/WC-U440/20260906T141653Z-orcs/zura-candidate02/workbench-fitted/pose_Idle_121.png
 create mode 100644 reports/WC-U440/20260906T141653Z-orcs/zura-candidate02/workbench-fitted/pose_Move_001.png
 create mode 100644 reports/WC-U440/20260906T141653Z-orcs/zura-candidate02/workbench-fitted/pose_Move_020.png
 create mode 100644 reports/WC-U440/20260906T141653Z-orcs/zura-candidate02/workbench-fitted/pose_Move_024.png
 create mode 100644 reports/WC-U440/20260906T141653Z-orcs/zura-candidate02/workbench-fitted/pose_Move_030.png
 create mode 100644 reports/WC-U440/20260906T141653Z-orcs/zura-candidate02/workbench-fitted/pose_Move_061.png
 create mode 100644 reports/WC-U440/20260906T141653Z-orcs/zura-candidate02/workbench-fitted/pose_Victory_001.png
 create mode 100644 reports/WC-U440/20260906T141653Z-orcs/zura-candidate02/workbench-fitted/pose_Victory_030.png
 create mode 100644 reports/WC-U440/20260906T141653Z-orcs/zura-candidate02/workbench-fitted/pose_Victory_039.png
 create mode 100644 reports/WC-U440/20260906T141653Z-orcs/zura-candidate02/workbench-fitted/pose_Victory_045.png
 create mode 100644 reports/WC-U440/20260906T141653Z-orcs/zura-candidate02/workbench-fitted/pose_Victory_091.png
 create mode 100644 reports/WC-U440/20260906T141653Z-orcs/zura-candidate02/workbench-fitted/published-motion-invariants.json
 create mode 100644 reports/WC-U440/20260906T141653Z-orcs/zura-candidate02/workbench-fitted/published-verification.json
 create mode 100644 reports/WC-U440/20260906T141653Z-orcs/zura-candidate02/workbench-fitted/refinement.json
 create mode 100644 reports/WC-U440/20260906T141653Z-orcs/zura-candidate02/workbench-fitted/structure-inspection.json
 create mode 100644 reports/WC-U440/20260906T141653Z-orcs/zura-candidate02/workbench-review/after-back.png
 create mode 100644 reports/WC-U440/20260906T141653Z-orcs/zura-candidate02/workbench-review/after-front.png
 create mode 100644 reports/WC-U440/20260906T141653Z-orcs/zura-candidate02/workbench-review/after-side.png
 create mode 100644 reports/WC-U440/20260906T141653Z-orcs/zura-candidate02/workbench-review/after-three-quarter.png
 create mode 100644 reports/WC-U440/20260906T141653Z-orcs/zura-candidate02/workbench-review/before-export-manifest.json
 create mode 100644 reports/WC-U440/20260906T141653Z-orcs/zura-candidate02/workbench-review/before-source.blend
 create mode 100644 reports/WC-U440/20260906T141653Z-orcs/zura-candidate02/workbench-review/continuous_Active.mp4
 create mode 100644 reports/WC-U440/20260906T141653Z-orcs/zura-candidate02/workbench-review/continuous_Attack.mp4
 create mode 100644 reports/WC-U440/20260906T141653Z-orcs/zura-candidate02/workbench-review/continuous_Defeat.mp4
 create mode 100644 reports/WC-U440/20260906T141653Z-orcs/zura-candidate02/workbench-review/continuous_Hit.mp4
 create mode 100644 reports/WC-U440/20260906T141653Z-orcs/zura-candidate02/workbench-review/continuous_Idle.mp4
 create mode 100644 reports/WC-U440/20260906T141653Z-orcs/zura-candidate02/workbench-review/continuous_Move.mp4
 create mode 100644 reports/WC-U440/20260906T141653Z-orcs/zura-candidate02/workbench-review/continuous_Victory.mp4
 create mode 100644 reports/WC-U440/20260906T141653Z-orcs/zura-candidate02/workbench-review/executed-review.py
 create mode 100644 reports/WC-U440/20260906T141653Z-orcs/zura-candidate02/workbench-review/executed-workbench-helper.py
 create mode 100644 reports/WC-U440/20260906T141653Z-orcs/zura-candidate02/workbench-review/motion-invariants.json
 create mode 100644 reports/WC-U440/20260906T141653Z-orcs/zura-candidate02/workbench-review/motion-sequences.json
 create mode 100644 reports/WC-U440/20260906T141653Z-orcs/zura-candidate02/workbench-review/normal-speed-evidence.json
 create mode 100644 reports/WC-U440/20260906T141653Z-orcs/zura-candidate02/workbench-review/pose-index.png
 create mode 100644 reports/WC-U440/20260906T141653Z-orcs/zura-candidate02/workbench-review/pose_Active_001.png
 create mode 100644 reports/WC-U440/20260906T141653Z-orcs/zura-candidate02/workbench-review/pose_Active_027.png
 create mode 100644 reports/WC-U440/20260906T141653Z-orcs/zura-candidate02/workbench-review/pose_Active_031.png
 create mode 100644 reports/WC-U440/20260906T141653Z-orcs/zura-candidate02/workbench-review/pose_Active_037.png
 create mode 100644 reports/WC-U440/20260906T141653Z-orcs/zura-candidate02/workbench-review/pose_Active_055.png
 create mode 100644 reports/WC-U440/20260906T141653Z-orcs/zura-candidate02/workbench-review/pose_Attack_001.png
 create mode 100644 reports/WC-U440/20260906T141653Z-orcs/zura-candidate02/workbench-review/pose_Attack_013.png
 create mode 100644 reports/WC-U440/20260906T141653Z-orcs/zura-candidate02/workbench-review/pose_Attack_019.png
 create mode 100644 reports/WC-U440/20260906T141653Z-orcs/zura-candidate02/workbench-review/pose_Attack_021.png
 create mode 100644 reports/WC-U440/20260906T141653Z-orcs/zura-candidate02/workbench-review/pose_Attack_043.png
 create mode 100644 reports/WC-U440/20260906T141653Z-orcs/zura-candidate02/workbench-review/pose_Defeat_001.png
 create mode 100644 reports/WC-U440/20260906T141653Z-orcs/zura-candidate02/workbench-review/pose_Defeat_020.png
 create mode 100644 reports/WC-U440/20260906T141653Z-orcs/zura-candidate02/workbench-review/pose_Defeat_024.png
 create mode 100644 reports/WC-U440/20260906T141653Z-orcs/zura-candidate02/workbench-review/pose_Defeat_030.png
 create mode 100644 reports/WC-U440/20260906T141653Z-orcs/zura-candidate02/workbench-review/pose_Defeat_061.png
 create mode 100644 reports/WC-U440/20260906T141653Z-orcs/zura-candidate02/workbench-review/pose_Hit_001.png
 create mode 100644 reports/WC-U440/20260906T141653Z-orcs/zura-candidate02/workbench-review/pose_Hit_006.png
 create mode 100644 reports/WC-U440/20260906T141653Z-orcs/zura-candidate02/workbench-review/pose_Hit_008.png
 create mode 100644 reports/WC-U440/20260906T141653Z-orcs/zura-candidate02/workbench-review/pose_Hit_012.png
 create mode 100644 reports/WC-U440/20260906T141653Z-orcs/zura-candidate02/workbench-review/pose_Hit_025.png
 create mode 100644 reports/WC-U440/20260906T141653Z-orcs/zura-candidate02/workbench-review/pose_Idle_001.png
 create mode 100644 reports/WC-U440/20260906T141653Z-orcs/zura-candidate02/workbench-review/pose_Idle_040.png
 create mode 100644 reports/WC-U440/20260906T141653Z-orcs/zura-candidate02/workbench-review/pose_Idle_054.png
 create mode 100644 reports/WC-U440/20260906T141653Z-orcs/zura-candidate02/workbench-review/pose_Idle_060.png
 create mode 100644 reports/WC-U440/20260906T141653Z-orcs/zura-candidate02/workbench-review/pose_Idle_121.png
 create mode 100644 reports/WC-U440/20260906T141653Z-orcs/zura-candidate02/workbench-review/pose_Move_001.png
 create mode 100644 reports/WC-U440/20260906T141653Z-orcs/zura-candidate02/workbench-review/pose_Move_020.png
 create mode 100644 reports/WC-U440/20260906T141653Z-orcs/zura-candidate02/workbench-review/pose_Move_024.png
 create mode 100644 reports/WC-U440/20260906T141653Z-orcs/zura-candidate02/workbench-review/pose_Move_030.png
 create mode 100644 reports/WC-U440/20260906T141653Z-orcs/zura-candidate02/workbench-review/pose_Move_061.png
 create mode 100644 reports/WC-U440/20260906T141653Z-orcs/zura-candidate02/workbench-review/pose_Victory_001.png
 create mode 100644 reports/WC-U440/20260906T141653Z-orcs/zura-candidate02/workbench-review/pose_Victory_030.png
 create mode 100644 reports/WC-U440/20260906T141653Z-orcs/zura-candidate02/workbench-review/pose_Victory_039.png
 create mode 100644 reports/WC-U440/20260906T141653Z-orcs/zura-candidate02/workbench-review/pose_Victory_045.png
 create mode 100644 reports/WC-U440/20260906T141653Z-orcs/zura-candidate02/workbench-review/pose_Victory_091.png
 create mode 100644 reports/WC-U440/20260906T141653Z-orcs/zura-candidate02/workbench-review/refinement.json
 create mode 100644 reports/WC-U440/20260906T141653Z-orcs/zura-candidate02/workbench-review/structure-inspection.json
 create mode 100644 reports/WC-U440/20260906T141653Z-orcs/zura-export07-exit.txt
 create mode 100644 reports/WC-U440/20260906T141653Z-orcs/zura-export07.log
 create mode 100644 reports/WC-U440/20260906T141653Z-orcs/zura-portrait-framed-exit.txt
 create mode 100644 reports/WC-U440/20260906T141653Z-orcs/zura-portrait-framed.log
 create mode 100644 reports/WC-U440/20260906T141653Z-orcs/zura-published-verify07-exit.txt
 create mode 100644 reports/WC-U440/20260906T141653Z-orcs/zura-published-verify07.log
 create mode 100644 reports/WC-U440/20260906T141653Z-orcs/zura-render01-exit.txt
 create mode 100644 reports/WC-U440/20260906T141653Z-orcs/zura-render01.log
 create mode 100644 reports/WC-U440/20260906T141653Z-orcs/zura-workbench-fitted-exit.txt
 create mode 100644 reports/WC-U440/20260906T141653Z-orcs/zura-workbench-fitted.log
 create mode 100644 reports/WC-U440/20260906T141653Z-orcs/zura-workbench02-exit.txt
 create mode 100644 reports/WC-U440/20260906T141653Z-orcs/zura-workbench02.log
 create mode 100644 reports/WC-U440/20260906T142439Z/import_alpha_assets/editor.log
 create mode 100644 reports/WC-U440/20260906T142439Z/import_alpha_assets/import-wc_u_elf_ranger.json
 create mode 100644 reports/WC-U440/20260906T142439Z/import_alpha_assets/import_alpha_assets.json
 create mode 100644 reports/WC-U440/20260906T142439Z/import_alpha_assets/process-exit.json
 create mode 100644 reports/WC-U440/20260906T142439Z/import_alpha_assets/stdout.log
 create mode 100644 reports/WC-U440/20260906T142439Z/import_data_tables/data-table-import.json
 create mode 100644 reports/WC-U440/20260906T142439Z/import_data_tables/editor.log
 create mode 100644 reports/WC-U440/20260906T142439Z/import_data_tables/import_data_tables.json
 create mode 100644 reports/WC-U440/20260906T142439Z/import_data_tables/imported_DT_Abilities_Alpha.json
 create mode 100644 reports/WC-U440/20260906T142439Z/import_data_tables/imported_DT_Units_Alpha.json
 create mode 100644 reports/WC-U440/20260906T142439Z/import_data_tables/normalized_DT_Abilities_Alpha.json
 create mode 100644 reports/WC-U440/20260906T142439Z/import_data_tables/normalized_DT_Units_Alpha.json
 create mode 100644 reports/WC-U440/20260906T142439Z/import_data_tables/process-exit.json
 create mode 100644 reports/WC-U440/20260906T142439Z/import_data_tables/stdout.log
 create mode 100644 reports/WC-U440/20260906T142908Z/elves-dwarves-import/editor.log
 create mode 100644 reports/WC-U440/20260906T142908Z/elves-dwarves-import/import-selected.json
 create mode 100644 reports/WC-U440/20260906T142908Z/elves-dwarves-import/import_alpha_assets.json
 create mode 100644 reports/WC-U440/20260906T142908Z/elves-dwarves-import/process-exit.json
 create mode 100644 reports/WC-U440/20260906T142908Z/elves-dwarves-import/stdout.log
 create mode 100644 reports/WC-U440/20260906T143108Z/cold-all-current/automation/index.html
 create mode 100644 reports/WC-U440/20260906T143108Z/cold-all-current/automation/index.json
 create mode 100644 reports/WC-U440/20260906T143108Z/cold-all-current/editor.log
 create mode 100644 reports/WC-U440/20260906T143108Z/cold-all-current/imported-assets.json
 create mode 100644 reports/WC-U440/20260906T143108Z/cold-all-current/imported-neutrals.json
 create mode 100644 reports/WC-U440/20260906T143108Z/cold-all-current/process-exit.json
 create mode 100644 reports/WC-U440/20260906T143108Z/cold-all-current/stdout.log
 create mode 100644 reports/WC-U440/20260906T144057Z/import_alpha_assets/editor.log
 create mode 100644 reports/WC-U440/20260906T144057Z/import_alpha_assets/import-selected.json
 create mode 100644 reports/WC-U440/20260906T144057Z/import_alpha_assets/import_alpha_assets.json
 create mode 100644 reports/WC-U440/20260906T144057Z/import_alpha_assets/process-exit.json
 create mode 100644 reports/WC-U440/20260906T144057Z/import_alpha_assets/stdout.log
 create mode 100644 reports/WC-U440/20260906T144057Z/import_lobby_assets/editor.log
 create mode 100644 reports/WC-U440/20260906T144057Z/import_lobby_assets/import_lobby_assets.json
 create mode 100644 reports/WC-U440/20260906T144057Z/import_lobby_assets/lobby-import.json
 create mode 100644 reports/WC-U440/20260906T144057Z/import_lobby_assets/process-exit.json
 create mode 100644 reports/WC-U440/20260906T144057Z/import_lobby_assets/stdout.log
 create mode 100644 reports/WC-U440/20260906T144111Z/cass-author-v2.log
 create mode 100644 reports/WC-U440/20260906T144111Z/cass-author-v3.log
 create mode 100644 reports/WC-U440/20260906T144111Z/cass-encode-v4.log
 create mode 100644 reports/WC-U440/20260906T144111Z/cass-refinement-v1.log
 create mode 100644 reports/WC-U440/20260906T144111Z/cass-refinement-v2.log
 create mode 100644 reports/WC-U440/20260906T144111Z/cass-refinement-v3.log
 create mode 100644 reports/WC-U440/20260906T144111Z/cass-verify-v3.log
 create mode 100644 reports/WC-U440/20260906T144111Z/cass-verify-v4.log
 create mode 100644 reports/WC-U440/20260906T144111Z/four-family-handoff.log
 create mode 100644 reports/WC-U440/20260906T144111Z/four-family-source-handoff.json
 create mode 100644 reports/WC-U440/20260906T144111Z/four-family-source-handoff.md
 create mode 100644 reports/WC-U440/20260906T144111Z/neris-author-v1.log
 create mode 100644 reports/WC-U440/20260906T144111Z/neris-encode-v4.log
 create mode 100644 reports/WC-U440/20260906T144111Z/neris-refinement-v1.log
 create mode 100644 reports/WC-U440/20260906T144111Z/neris-refinement-v2.log
 create mode 100644 reports/WC-U440/20260906T144111Z/neris-refinement-v3.log
 create mode 100644 reports/WC-U440/20260906T144111Z/neris-verify-v3.log
 create mode 100644 reports/WC-U440/20260906T144111Z/neris-verify-v4.log
 create mode 100644 reports/WC-U440/20260906T144111Z/orla-author-v1.log
 create mode 100644 reports/WC-U440/20260906T144111Z/orla-encode-v3.log
 create mode 100644 reports/WC-U440/20260906T144111Z/orla-refinement-v1.log
 create mode 100644 reports/WC-U440/20260906T144111Z/orla-refinement-v2.log
 create mode 100644 reports/WC-U440/20260906T144111Z/orla-verify-v3.log
 create mode 100644 reports/WC-U440/20260906T144111Z/probe_cass_contacts.py
 create mode 100644 reports/WC-U440/20260906T144111Z/probe_four_rigs.py
 create mode 100644 reports/WC-U440/20260906T144111Z/rig-pose-probe.json
 create mode 100644 reports/WC-U440/20260906T144111Z/tala-author-v1.log
 create mode 100644 reports/WC-U440/20260906T144111Z/tala-encode-v3.log
 create mode 100644 reports/WC-U440/20260906T144111Z/tala-refinement-v1.log
 create mode 100644 reports/WC-U440/20260906T144111Z/tala-refinement-v2.log
 create mode 100644 reports/WC-U440/20260906T144111Z/tala-verify-v2.log
 create mode 100644 reports/WC-U440/20260906T144111Z/tala-verify-v3.log
 create mode 100644 reports/WC-U440/20260906T144111Z/wc_u_dwarf_priest/candidate-v1/EXPORT-inspection.json
 create mode 100644 reports/WC-U440/20260906T144111Z/wc_u_dwarf_priest/candidate-v1/LOD_SOURCE-inspection.json
 create mode 100644 reports/WC-U440/20260906T144111Z/wc_u_dwarf_priest/candidate-v1/authoring-result.json
 create mode 100644 reports/WC-U440/20260906T144111Z/wc_u_dwarf_priest/candidate-v1/back.png
 create mode 100644 reports/WC-U440/20260906T144111Z/wc_u_dwarf_priest/candidate-v1/clip_Active.png
 create mode 100644 reports/WC-U440/20260906T144111Z/wc_u_dwarf_priest/candidate-v1/clip_Attack.png
 create mode 100644 reports/WC-U440/20260906T144111Z/wc_u_dwarf_priest/candidate-v1/clip_Defeat.png
 create mode 100644 reports/WC-U440/20260906T144111Z/wc_u_dwarf_priest/candidate-v1/clip_Hit.png
 create mode 100644 reports/WC-U440/20260906T144111Z/wc_u_dwarf_priest/candidate-v1/clip_Idle.png
 create mode 100644 reports/WC-U440/20260906T144111Z/wc_u_dwarf_priest/candidate-v1/clip_Move.png
 create mode 100644 reports/WC-U440/20260906T144111Z/wc_u_dwarf_priest/candidate-v1/clip_Victory.png
 create mode 100644 reports/WC-U440/20260906T144111Z/wc_u_dwarf_priest/candidate-v1/executed-author.py
 create mode 100644 reports/WC-U440/20260906T144111Z/wc_u_dwarf_priest/candidate-v1/front.png
 create mode 100644 reports/WC-U440/20260906T144111Z/wc_u_dwarf_priest/candidate-v1/motion-invariants.json
 create mode 100644 reports/WC-U440/20260906T144111Z/wc_u_dwarf_priest/candidate-v1/side.png
 create mode 100644 reports/WC-U440/20260906T144111Z/wc_u_dwarf_priest/candidate-v1/three-quarter.png
 create mode 100644 reports/WC-U440/20260906T144111Z/wc_u_dwarf_priest/candidate-v1/unanimated-source.blend
 create mode 100644 reports/WC-U440/20260906T144111Z/wc_u_dwarf_priest/refinement-v1/back.png
 create mode 100644 reports/WC-U440/20260906T144111Z/wc_u_dwarf_priest/refinement-v1/before-export-manifest.json
 create mode 100644 reports/WC-U440/20260906T144111Z/wc_u_dwarf_priest/refinement-v1/before-portrait.png
 create mode 100644 reports/WC-U440/20260906T144111Z/wc_u_dwarf_priest/refinement-v1/before.blend
 create mode 100644 reports/WC-U440/20260906T144111Z/wc_u_dwarf_priest/refinement-v1/executed-refinement.py
 create mode 100644 reports/WC-U440/20260906T144111Z/wc_u_dwarf_priest/refinement-v1/front.png
 create mode 100644 reports/WC-U440/20260906T144111Z/wc_u_dwarf_priest/refinement-v1/prior-mesh-exports/SK_wc_u_dwarf_priest.fbx
 create mode 100644 reports/WC-U440/20260906T144111Z/wc_u_dwarf_priest/refinement-v1/prior-mesh-exports/SK_wc_u_dwarf_priest_LOD1.fbx
 create mode 100644 reports/WC-U440/20260906T144111Z/wc_u_dwarf_priest/refinement-v1/prior-mesh-exports/SK_wc_u_dwarf_priest_LOD2.fbx
 create mode 100644 reports/WC-U440/20260906T144111Z/wc_u_dwarf_priest/refinement-v1/refinement-result.json
 create mode 100644 reports/WC-U440/20260906T144111Z/wc_u_dwarf_priest/refinement-v1/side.png
 create mode 100644 reports/WC-U440/20260906T144111Z/wc_u_dwarf_priest/refinement-v1/three-quarter.png
 create mode 100644 reports/WC-U440/20260906T144111Z/wc_u_dwarf_priest/refinement-v2/back.png
 create mode 100644 reports/WC-U440/20260906T144111Z/wc_u_dwarf_priest/refinement-v2/before-export-manifest.json
 create mode 100644 reports/WC-U440/20260906T144111Z/wc_u_dwarf_priest/refinement-v2/before-portrait.png
 create mode 100644 reports/WC-U440/20260906T144111Z/wc_u_dwarf_priest/refinement-v2/before.blend
 create mode 100644 reports/WC-U440/20260906T144111Z/wc_u_dwarf_priest/refinement-v2/executed-refinement.py
 create mode 100644 reports/WC-U440/20260906T144111Z/wc_u_dwarf_priest/refinement-v2/front.png
 create mode 100644 reports/WC-U440/20260906T144111Z/wc_u_dwarf_priest/refinement-v2/refinement-result.json
 create mode 100644 reports/WC-U440/20260906T144111Z/wc_u_dwarf_priest/refinement-v2/side.png
 create mode 100644 reports/WC-U440/20260906T144111Z/wc_u_dwarf_priest/refinement-v2/three-quarter.png
 create mode 100644 reports/WC-U440/20260906T144111Z/wc_u_dwarf_priest/verified-v3/Active-all-samples.png
 create mode 100644 reports/WC-U440/20260906T144111Z/wc_u_dwarf_priest/verified-v3/Active-normal-speed.gif
 create mode 100644 reports/WC-U440/20260906T144111Z/wc_u_dwarf_priest/verified-v3/Attack-all-samples.png
 create mode 100644 reports/WC-U440/20260906T144111Z/wc_u_dwarf_priest/verified-v3/Attack-normal-speed.gif
 create mode 100644 reports/WC-U440/20260906T144111Z/wc_u_dwarf_priest/verified-v3/Defeat-all-samples.png
 create mode 100644 reports/WC-U440/20260906T144111Z/wc_u_dwarf_priest/verified-v3/Defeat-normal-speed.gif
 create mode 100644 reports/WC-U440/20260906T144111Z/wc_u_dwarf_priest/verified-v3/EXPORT-inspection.json
 create mode 100644 reports/WC-U440/20260906T144111Z/wc_u_dwarf_priest/verified-v3/Hit-all-samples.png
 create mode 100644 reports/WC-U440/20260906T144111Z/wc_u_dwarf_priest/verified-v3/Hit-normal-speed.gif
 create mode 100644 reports/WC-U440/20260906T144111Z/wc_u_dwarf_priest/verified-v3/Idle-all-samples.png
 create mode 100644 reports/WC-U440/20260906T144111Z/wc_u_dwarf_priest/verified-v3/Idle-normal-speed.gif
 create mode 100644 reports/WC-U440/20260906T144111Z/wc_u_dwarf_priest/verified-v3/LOD_SOURCE-inspection.json
 create mode 100644 reports/WC-U440/20260906T144111Z/wc_u_dwarf_priest/verified-v3/Move-all-samples.png
 create mode 100644 reports/WC-U440/20260906T144111Z/wc_u_dwarf_priest/verified-v3/Move-normal-speed.gif
 create mode 100644 reports/WC-U440/20260906T144111Z/wc_u_dwarf_priest/verified-v3/Victory-all-samples.png
 create mode 100644 reports/WC-U440/20260906T144111Z/wc_u_dwarf_priest/verified-v3/Victory-normal-speed.gif
 create mode 100644 reports/WC-U440/20260906T144111Z/wc_u_dwarf_priest/verified-v3/motion-frames/Active/0000.png
 create mode 100644 reports/WC-U440/20260906T144111Z/wc_u_dwarf_priest/verified-v3/motion-frames/Active/0001.png
 create mode 100644 reports/WC-U440/20260906T144111Z/wc_u_dwarf_priest/verified-v3/motion-frames/Active/0002.png
 create mode 100644 reports/WC-U440/20260906T144111Z/wc_u_dwarf_priest/verified-v3/motion-frames/Active/0003.png
 create mode 100644 reports/WC-U440/20260906T144111Z/wc_u_dwarf_priest/verified-v3/motion-frames/Active/0004.png
 create mode 100644 reports/WC-U440/20260906T144111Z/wc_u_dwarf_priest/verified-v3/motion-frames/Active/0005.png
 create mode 100644 reports/WC-U440/20260906T144111Z/wc_u_dwarf_priest/verified-v3/motion-frames/Active/0006.png
 create mode 100644 reports/WC-U440/20260906T144111Z/wc_u_dwarf_priest/verified-v3/motion-frames/Active/0007.png
 create mode 100644 reports/WC-U440/20260906T144111Z/wc_u_dwarf_priest/verified-v3/motion-frames/Active/0008.png
 create mode 100644 reports/WC-U440/20260906T144111Z/wc_u_dwarf_priest/verified-v3/motion-frames/Active/0009.png
 create mode 100644 reports/WC-U440/20260906T144111Z/wc_u_dwarf_priest/verified-v3/motion-frames/Active/0010.png
 create mode 100644 reports/WC-U440/20260906T144111Z/wc_u_dwarf_priest/verified-v3/motion-frames/Active/0011.png
 create mode 100644 reports/WC-U440/20260906T144111Z/wc_u_dwarf_priest/verified-v3/motion-frames/Active/0012.png
 create mode 100644 reports/WC-U440/20260906T144111Z/wc_u_dwarf_priest/verified-v3/motion-frames/Attack/0000.png
 create mode 100644 reports/WC-U440/20260906T144111Z/wc_u_dwarf_priest/verified-v3/motion-frames/Attack/0001.png
 create mode 100644 reports/WC-U440/20260906T144111Z/wc_u_dwarf_priest/verified-v3/motion-frames/Attack/0002.png
 create mode 100644 reports/WC-U440/20260906T144111Z/wc_u_dwarf_priest/verified-v3/motion-frames/Attack/0003.png
 create mode 100644 reports/WC-U440/20260906T144111Z/wc_u_dwarf_priest/verified-v3/motion-frames/Attack/0004.png
 create mode 100644 reports/WC-U440/20260906T144111Z/wc_u_dwarf_priest/verified-v3/motion-frames/Attack/0005.png
 create mode 100644 reports/WC-U440/20260906T144111Z/wc_u_dwarf_priest/verified-v3/motion-frames/Attack/0006.png
 create mode 100644 reports/WC-U440/20260906T144111Z/wc_u_dwarf_priest/verified-v3/motion-frames/Attack/0007.png
 create mode 100644 reports/WC-U440/20260906T144111Z/wc_u_dwarf_priest/verified-v3/motion-frames/Attack/0008.png
 create mode 100644 reports/WC-U440/20260906T144111Z/wc_u_dwarf_priest/verified-v3/motion-frames/Attack/0009.png
 create mode 100644 reports/WC-U440/20260906T144111Z/wc_u_dwarf_priest/verified-v3/motion-frames/Attack/0010.png
 create mode 100644 reports/WC-U440/20260906T144111Z/wc_u_dwarf_priest/verified-v3/motion-frames/Attack/0011.png
 create mode 100644 reports/WC-U440/20260906T144111Z/wc_u_dwarf_priest/verified-v3/motion-frames/Attack/0012.png
 create mode 100644 reports/WC-U440/20260906T144111Z/wc_u_dwarf_priest/verified-v3/motion-frames/Attack/0013.png
 create mode 100644 reports/WC-U440/20260906T144111Z/wc_u_dwarf_priest/verified-v3/motion-frames/Defeat/0000.png
 create mode 100644 reports/WC-U440/20260906T144111Z/wc_u_dwarf_priest/verified-v3/motion-frames/Defeat/0001.png
 create mode 100644 reports/WC-U440/20260906T144111Z/wc_u_dwarf_priest/verified-v3/motion-frames/Defeat/0002.png
 create mode 100644 reports/WC-U440/20260906T144111Z/wc_u_dwarf_priest/verified-v3/motion-frames/Defeat/0003.png
 create mode 100644 reports/WC-U440/20260906T144111Z/wc_u_dwarf_priest/verified-v3/motion-frames/Defeat/0004.png
 create mode 100644 reports/WC-U440/20260906T144111Z/wc_u_dwarf_priest/verified-v3/motion-frames/Defeat/0005.png
 create mode 100644 reports/WC-U440/20260906T144111Z/wc_u_dwarf_priest/verified-v3/motion-frames/Defeat/0006.png
 create mode 100644 reports/WC-U440/20260906T144111Z/wc_u_dwarf_priest/verified-v3/motion-frames/Defeat/0007.png
 create mode 100644 reports/WC-U440/20260906T144111Z/wc_u_dwarf_priest/verified-v3/motion-frames/Defeat/0008.png
 create mode 100644 reports/WC-U440/20260906T144111Z/wc_u_dwarf_priest/verified-v3/motion-frames/Defeat/0009.png
 create mode 100644 reports/WC-U440/20260906T144111Z/wc_u_dwarf_priest/verified-v3/motion-frames/Defeat/0010.png
 create mode 100644 reports/WC-U440/20260906T144111Z/wc_u_dwarf_priest/verified-v3/motion-frames/Defeat/0011.png
 create mode 100644 reports/WC-U440/20260906T144111Z/wc_u_dwarf_priest/verified-v3/motion-frames/Defeat/0012.png
 create mode 100644 reports/WC-U440/20260906T144111Z/wc_u_dwarf_priest/verified-v3/motion-frames/Defeat/0013.png
 create mode 100644 reports/WC-U440/20260906T144111Z/wc_u_dwarf_priest/verified-v3/motion-frames/Defeat/0014.png
 create mode 100644 reports/WC-U440/20260906T144111Z/wc_u_dwarf_priest/verified-v3/motion-frames/Defeat/0015.png
 create mode 100644 reports/WC-U440/20260906T144111Z/wc_u_dwarf_priest/verified-v3/motion-frames/Defeat/0016.png
 create mode 100644 reports/WC-U440/20260906T144111Z/wc_u_dwarf_priest/verified-v3/motion-frames/Defeat/0017.png
 create mode 100644 reports/WC-U440/20260906T144111Z/wc_u_dwarf_priest/verified-v3/motion-frames/Defeat/0018.png
 create mode 100644 reports/WC-U440/20260906T144111Z/wc_u_dwarf_priest/verified-v3/motion-frames/Defeat/0019.png
 create mode 100644 reports/WC-U440/20260906T144111Z/wc_u_dwarf_priest/verified-v3/motion-frames/Hit/0000.png
 create mode 100644 reports/WC-U440/20260906T144111Z/wc_u_dwarf_priest/verified-v3/motion-frames/Hit/0001.png
 create mode 100644 reports/WC-U440/20260906T144111Z/wc_u_dwarf_priest/verified-v3/motion-frames/Hit/0002.png
 create mode 100644 reports/WC-U440/20260906T144111Z/wc_u_dwarf_priest/verified-v3/motion-frames/Hit/0003.png
 create mode 100644 reports/WC-U440/20260906T144111Z/wc_u_dwarf_priest/verified-v3/motion-frames/Hit/0004.png
 create mode 100644 reports/WC-U440/20260906T144111Z/wc_u_dwarf_priest/verified-v3/motion-frames/Hit/0005.png
 create mode 100644 reports/WC-U440/20260906T144111Z/wc_u_dwarf_priest/verified-v3/motion-frames/Hit/0006.png
 create mode 100644 reports/WC-U440/20260906T144111Z/wc_u_dwarf_priest/verified-v3/motion-frames/Hit/0007.png
 create mode 100644 reports/WC-U440/20260906T144111Z/wc_u_dwarf_priest/verified-v3/motion-frames/Idle/0000.png
 create mode 100644 reports/WC-U440/20260906T144111Z/wc_u_dwarf_priest/verified-v3/motion-frames/Idle/0001.png
 create mode 100644 reports/WC-U440/20260906T144111Z/wc_u_dwarf_priest/verified-v3/motion-frames/Idle/0002.png
 create mode 100644 reports/WC-U440/20260906T144111Z/wc_u_dwarf_priest/verified-v3/motion-frames/Idle/0003.png
 create mode 100644 reports/WC-U440/20260906T144111Z/wc_u_dwarf_priest/verified-v3/motion-frames/Idle/0004.png
 create mode 100644 reports/WC-U440/20260906T144111Z/wc_u_dwarf_priest/verified-v3/motion-frames/Idle/0005.png
 create mode 100644 reports/WC-U440/20260906T144111Z/wc_u_dwarf_priest/verified-v3/motion-frames/Idle/0006.png
 create mode 100644 reports/WC-U440/20260906T144111Z/wc_u_dwarf_priest/verified-v3/motion-frames/Idle/0007.png
 create mode 100644 reports/WC-U440/20260906T144111Z/wc_u_dwarf_priest/verified-v3/motion-frames/Idle/0008.png
 create mode 100644 reports/WC-U440/20260906T144111Z/wc_u_dwarf_priest/verified-v3/motion-frames/Idle/0009.png
 create mode 100644 reports/WC-U440/20260906T144111Z/wc_u_dwarf_priest/verified-v3/motion-frames/Idle/0010.png
 create mode 100644 reports/WC-U440/20260906T144111Z/wc_u_dwarf_priest/verified-v3/motion-frames/Idle/0011.png
 create mode 100644 reports/WC-U440/20260906T144111Z/wc_u_dwarf_priest/verified-v3/motion-frames/Idle/0012.png
 create mode 100644 reports/WC-U440/20260906T144111Z/wc_u_dwarf_priest/verified-v3/motion-frames/Idle/0013.png
 create mode 100644 reports/WC-U440/20260906T144111Z/wc_u_dwarf_priest/verified-v3/motion-frames/Idle/0014.png
 create mode 100644 reports/WC-U440/20260906T144111Z/wc_u_dwarf_priest/verified-v3/motion-frames/Idle/0015.png
 create mode 100644 reports/WC-U440/20260906T144111Z/wc_u_dwarf_priest/verified-v3/motion-frames/Idle/0016.png
 create mode 100644 reports/WC-U440/20260906T144111Z/wc_u_dwarf_priest/verified-v3/motion-frames/Idle/0017.png
 create mode 100644 reports/WC-U440/20260906T144111Z/wc_u_dwarf_priest/verified-v3/motion-frames/Idle/0018.png
 create mode 100644 reports/WC-U440/20260906T144111Z/wc_u_dwarf_priest/verified-v3/motion-frames/Idle/0019.png
 create mode 100644 reports/WC-U440/20260906T144111Z/wc_u_dwarf_priest/verified-v3/motion-frames/Idle/0020.png
 create mode 100644 reports/WC-U440/20260906T144111Z/wc_u_dwarf_priest/verified-v3/motion-frames/Idle/0021.png
 create mode 100644 reports/WC-U440/20260906T144111Z/wc_u_dwarf_priest/verified-v3/motion-frames/Idle/0022.png
 create mode 100644 reports/WC-U440/20260906T144111Z/wc_u_dwarf_priest/verified-v3/motion-frames/Idle/0023.png
 create mode 100644 reports/WC-U440/20260906T144111Z/wc_u_dwarf_priest/verified-v3/motion-frames/Idle/0024.png
 create mode 100644 reports/WC-U440/20260906T144111Z/wc_u_dwarf_priest/verified-v3/motion-frames/Idle/0025.png
 create mode 100644 reports/WC-U440/20260906T144111Z/wc_u_dwarf_priest/verified-v3/motion-frames/Idle/0026.png
 create mode 100644 reports/WC-U440/20260906T144111Z/wc_u_dwarf_priest/verified-v3/motion-frames/Idle/0027.png
 create mode 100644 reports/WC-U440/20260906T144111Z/wc_u_dwarf_priest/verified-v3/motion-frames/Idle/0028.png
 create mode 100644 reports/WC-U440/20260906T144111Z/wc_u_dwarf_priest/verified-v3/motion-frames/Idle/0029.png
 create mode 100644 reports/WC-U440/20260906T144111Z/wc_u_dwarf_priest/verified-v3/motion-frames/Idle/0030.png
 create mode 100644 reports/WC-U440/20260906T144111Z/wc_u_dwarf_priest/verified-v3/motion-frames/Idle/0031.png
 create mode 100644 reports/WC-U440/20260906T144111Z/wc_u_dwarf_priest/verified-v3/motion-frames/Idle/0032.png
 create mode 100644 reports/WC-U440/20260906T144111Z/wc_u_dwarf_priest/verified-v3/motion-frames/Idle/0033.png
 create mode 100644 reports/WC-U440/20260906T144111Z/wc_u_dwarf_priest/verified-v3/motion-frames/Idle/0034.png
 create mode 100644 reports/WC-U440/20260906T144111Z/wc_u_dwarf_priest/verified-v3/motion-frames/Idle/0035.png
 create mode 100644 reports/WC-U440/20260906T144111Z/wc_u_dwarf_priest/verified-v3/motion-frames/Idle/0036.png
 create mode 100644 reports/WC-U440/20260906T144111Z/wc_u_dwarf_priest/verified-v3/motion-frames/Idle/0037.png
 create mode 100644 reports/WC-U440/20260906T144111Z/wc_u_dwarf_priest/verified-v3/motion-frames/Idle/0038.png
 create mode 100644 reports/WC-U440/20260906T144111Z/wc_u_dwarf_priest/verified-v3/motion-frames/Idle/0039.png
 create mode 100644 reports/WC-U440/20260906T144111Z/wc_u_dwarf_priest/verified-v3/motion-frames/Move/0000.png
 create mode 100644 reports/WC-U440/20260906T144111Z/wc_u_dwarf_priest/verified-v3/motion-frames/Move/0001.png
 create mode 100644 reports/WC-U440/20260906T144111Z/wc_u_dwarf_priest/verified-v3/motion-frames/Move/0002.png
 create mode 100644 reports/WC-U440/20260906T144111Z/wc_u_dwarf_priest/verified-v3/motion-frames/Move/0003.png
 create mode 100644 reports/WC-U440/20260906T144111Z/wc_u_dwarf_priest/verified-v3/motion-frames/Move/0004.png
 create mode 100644 reports/WC-U440/20260906T144111Z/wc_u_dwarf_priest/verified-v3/motion-frames/Move/0005.png
 create mode 100644 reports/WC-U440/20260906T144111Z/wc_u_dwarf_priest/verified-v3/motion-frames/Move/0006.png
 create mode 100644 reports/WC-U440/20260906T144111Z/wc_u_dwarf_priest/verified-v3/motion-frames/Move/0007.png
 create mode 100644 reports/WC-U440/20260906T144111Z/wc_u_dwarf_priest/verified-v3/motion-frames/Move/0008.png
 create mode 100644 reports/WC-U440/20260906T144111Z/wc_u_dwarf_priest/verified-v3/motion-frames/Move/0009.png
 create mode 100644 reports/WC-U440/20260906T144111Z/wc_u_dwarf_priest/verified-v3/motion-frames/Move/0010.png
 create mode 100644 reports/WC-U440/20260906T144111Z/wc_u_dwarf_priest/verified-v3/motion-frames/Move/0011.png
 create mode 100644 reports/WC-U440/20260906T144111Z/wc_u_dwarf_priest/verified-v3/motion-frames/Move/0012.png
 create mode 100644 reports/WC-U440/20260906T144111Z/wc_u_dwarf_priest/verified-v3/motion-frames/Move/0013.png
 create mode 100644 reports/WC-U440/20260906T144111Z/wc_u_dwarf_priest/verified-v3/motion-frames/Move/0014.png
 create mode 100644 reports/WC-U440/20260906T144111Z/wc_u_dwarf_priest/verified-v3/motion-frames/Move/0015.png
 create mode 100644 reports/WC-U440/20260906T144111Z/wc_u_dwarf_priest/verified-v3/motion-frames/Move/0016.png
 create mode 100644 reports/WC-U440/20260906T144111Z/wc_u_dwarf_priest/verified-v3/motion-frames/Move/0017.png
 create mode 100644 reports/WC-U440/20260906T144111Z/wc_u_dwarf_priest/verified-v3/motion-frames/Move/0018.png
 create mode 100644 reports/WC-U440/20260906T144111Z/wc_u_dwarf_priest/verified-v3/motion-frames/Move/0019.png
 create mode 100644 reports/WC-U440/20260906T144111Z/wc_u_dwarf_priest/verified-v3/motion-frames/Victory/0000.png
 create mode 100644 reports/WC-U440/20260906T144111Z/wc_u_dwarf_priest/verified-v3/motion-frames/Victory/0001.png
 create mode 100644 reports/WC-U440/20260906T144111Z/wc_u_dwarf_priest/verified-v3/motion-frames/Victory/0002.png
 create mode 100644 reports/WC-U440/20260906T144111Z/wc_u_dwarf_priest/verified-v3/motion-frames/Victory/0003.png
 create mode 100644 reports/WC-U440/20260906T144111Z/wc_u_dwarf_priest/verified-v3/motion-frames/Victory/0004.png
 create mode 100644 reports/WC-U440/20260906T144111Z/wc_u_dwarf_priest/verified-v3/motion-frames/Victory/0005.png
 create mode 100644 reports/WC-U440/20260906T144111Z/wc_u_dwarf_priest/verified-v3/motion-frames/Victory/0006.png
 create mode 100644 reports/WC-U440/20260906T144111Z/wc_u_dwarf_priest/verified-v3/motion-frames/Victory/0007.png
 create mode 100644 reports/WC-U440/20260906T144111Z/wc_u_dwarf_priest/verified-v3/motion-frames/Victory/0008.png
 create mode 100644 reports/WC-U440/20260906T144111Z/wc_u_dwarf_priest/verified-v3/motion-frames/Victory/0009.png
 create mode 100644 reports/WC-U440/20260906T144111Z/wc_u_dwarf_priest/verified-v3/motion-frames/Victory/0010.png
 create mode 100644 reports/WC-U440/20260906T144111Z/wc_u_dwarf_priest/verified-v3/motion-frames/Victory/0011.png
 create mode 100644 reports/WC-U440/20260906T144111Z/wc_u_dwarf_priest/verified-v3/motion-frames/Victory/0012.png
 create mode 100644 reports/WC-U440/20260906T144111Z/wc_u_dwarf_priest/verified-v3/motion-frames/Victory/0013.png
 create mode 100644 reports/WC-U440/20260906T144111Z/wc_u_dwarf_priest/verified-v3/motion-frames/Victory/0014.png
 create mode 100644 reports/WC-U440/20260906T144111Z/wc_u_dwarf_priest/verified-v3/motion-frames/Victory/0015.png
 create mode 100644 reports/WC-U440/20260906T144111Z/wc_u_dwarf_priest/verified-v3/motion-frames/Victory/0016.png
 create mode 100644 reports/WC-U440/20260906T144111Z/wc_u_dwarf_priest/verified-v3/motion-frames/Victory/0017.png
 create mode 100644 reports/WC-U440/20260906T144111Z/wc_u_dwarf_priest/verified-v3/motion-frames/Victory/0018.png
 create mode 100644 reports/WC-U440/20260906T144111Z/wc_u_dwarf_priest/verified-v3/motion-frames/Victory/0019.png
 create mode 100644 reports/WC-U440/20260906T144111Z/wc_u_dwarf_priest/verified-v3/motion-frames/Victory/0020.png
 create mode 100644 reports/WC-U440/20260906T144111Z/wc_u_dwarf_priest/verified-v3/motion-frames/Victory/0021.png
 create mode 100644 reports/WC-U440/20260906T144111Z/wc_u_dwarf_priest/verified-v3/motion-frames/Victory/0022.png
 create mode 100644 reports/WC-U440/20260906T144111Z/wc_u_dwarf_priest/verified-v3/motion-frames/Victory/0023.png
 create mode 100644 reports/WC-U440/20260906T144111Z/wc_u_dwarf_priest/verified-v3/motion-frames/Victory/0024.png
 create mode 100644 reports/WC-U440/20260906T144111Z/wc_u_dwarf_priest/verified-v3/motion-frames/Victory/0025.png
 create mode 100644 reports/WC-U440/20260906T144111Z/wc_u_dwarf_priest/verified-v3/motion-frames/Victory/0026.png
 create mode 100644 reports/WC-U440/20260906T144111Z/wc_u_dwarf_priest/verified-v3/motion-frames/Victory/0027.png
 create mode 100644 reports/WC-U440/20260906T144111Z/wc_u_dwarf_priest/verified-v3/motion-frames/Victory/0028.png
 create mode 100644 reports/WC-U440/20260906T144111Z/wc_u_dwarf_priest/verified-v3/motion-frames/Victory/0029.png
 create mode 100644 reports/WC-U440/20260906T144111Z/wc_u_dwarf_priest/verified-v3/motion-invariants.json
 create mode 100644 reports/WC-U440/20260906T144111Z/wc_u_dwarf_priest/verified-v3/motion-sequences.json
 create mode 100644 reports/WC-U440/20260906T144111Z/wc_u_dwarf_priest/verified-v3/normal-speed-evidence.json
 create mode 100644 reports/WC-U440/20260906T144111Z/wc_u_dwarf_priest/verified-v3/published-verification.json
 create mode 100644 reports/WC-U440/20260906T144111Z/wc_u_elf_mage/candidate-v1/EXPORT-inspection.json
 create mode 100644 reports/WC-U440/20260906T144111Z/wc_u_elf_mage/candidate-v1/LOD_SOURCE-inspection.json
 create mode 100644 reports/WC-U440/20260906T144111Z/wc_u_elf_mage/candidate-v1/authoring-result.json
 create mode 100644 reports/WC-U440/20260906T144111Z/wc_u_elf_mage/candidate-v1/back.png
 create mode 100644 reports/WC-U440/20260906T144111Z/wc_u_elf_mage/candidate-v1/clip_Active.png
 create mode 100644 reports/WC-U440/20260906T144111Z/wc_u_elf_mage/candidate-v1/clip_Attack.png
 create mode 100644 reports/WC-U440/20260906T144111Z/wc_u_elf_mage/candidate-v1/clip_Defeat.png
 create mode 100644 reports/WC-U440/20260906T144111Z/wc_u_elf_mage/candidate-v1/clip_Hit.png
 create mode 100644 reports/WC-U440/20260906T144111Z/wc_u_elf_mage/candidate-v1/clip_Idle.png
 create mode 100644 reports/WC-U440/20260906T144111Z/wc_u_elf_mage/candidate-v1/clip_Move.png
 create mode 100644 reports/WC-U440/20260906T144111Z/wc_u_elf_mage/candidate-v1/clip_Victory.png
 create mode 100644 reports/WC-U440/20260906T144111Z/wc_u_elf_mage/candidate-v1/executed-author.py
 create mode 100644 reports/WC-U440/20260906T144111Z/wc_u_elf_mage/candidate-v1/front.png
 create mode 100644 reports/WC-U440/20260906T144111Z/wc_u_elf_mage/candidate-v1/motion-invariants.json
 create mode 100644 reports/WC-U440/20260906T144111Z/wc_u_elf_mage/candidate-v1/side.png
 create mode 100644 reports/WC-U440/20260906T144111Z/wc_u_elf_mage/candidate-v1/three-quarter.png
 create mode 100644 reports/WC-U440/20260906T144111Z/wc_u_elf_mage/candidate-v1/unanimated-source.blend
 create mode 100644 reports/WC-U440/20260906T144111Z/wc_u_elf_mage/refinement-v1/back.png
 create mode 100644 reports/WC-U440/20260906T144111Z/wc_u_elf_mage/refinement-v1/before-export-manifest.json
 create mode 100644 reports/WC-U440/20260906T144111Z/wc_u_elf_mage/refinement-v1/before-portrait.png
 create mode 100644 reports/WC-U440/20260906T144111Z/wc_u_elf_mage/refinement-v1/before.blend
 create mode 100644 reports/WC-U440/20260906T144111Z/wc_u_elf_mage/refinement-v1/executed-refinement.py
 create mode 100644 reports/WC-U440/20260906T144111Z/wc_u_elf_mage/refinement-v1/front.png
 create mode 100644 reports/WC-U440/20260906T144111Z/wc_u_elf_mage/refinement-v1/refinement-result.json
 create mode 100644 reports/WC-U440/20260906T144111Z/wc_u_elf_mage/refinement-v1/side.png
 create mode 100644 reports/WC-U440/20260906T144111Z/wc_u_elf_mage/refinement-v1/three-quarter.png
 create mode 100644 reports/WC-U440/20260906T144111Z/wc_u_elf_mage/refinement-v2/back.png
 create mode 100644 reports/WC-U440/20260906T144111Z/wc_u_elf_mage/refinement-v2/before-export-manifest.json
 create mode 100644 reports/WC-U440/20260906T144111Z/wc_u_elf_mage/refinement-v2/before-portrait.png
 create mode 100644 reports/WC-U440/20260906T144111Z/wc_u_elf_mage/refinement-v2/before.blend
 create mode 100644 reports/WC-U440/20260906T144111Z/wc_u_elf_mage/refinement-v2/executed-refinement.py
 create mode 100644 reports/WC-U440/20260906T144111Z/wc_u_elf_mage/refinement-v2/front.png
 create mode 100644 reports/WC-U440/20260906T144111Z/wc_u_elf_mage/refinement-v2/prior-mesh-exports/SK_wc_u_elf_mage.fbx
 create mode 100644 reports/WC-U440/20260906T144111Z/wc_u_elf_mage/refinement-v2/prior-mesh-exports/SK_wc_u_elf_mage_LOD1.fbx
 create mode 100644 reports/WC-U440/20260906T144111Z/wc_u_elf_mage/refinement-v2/prior-mesh-exports/SK_wc_u_elf_mage_LOD2.fbx
 create mode 100644 reports/WC-U440/20260906T144111Z/wc_u_elf_mage/refinement-v2/refinement-result.json
 create mode 100644 reports/WC-U440/20260906T144111Z/wc_u_elf_mage/refinement-v2/side.png
 create mode 100644 reports/WC-U440/20260906T144111Z/wc_u_elf_mage/refinement-v2/three-quarter.png
 create mode 100644 reports/WC-U440/20260906T144111Z/wc_u_elf_mage/refinement-v3/back.png
 create mode 100644 reports/WC-U440/20260906T144111Z/wc_u_elf_mage/refinement-v3/before-export-manifest.json
 create mode 100644 reports/WC-U440/20260906T144111Z/wc_u_elf_mage/refinement-v3/before-portrait.png
 create mode 100644 reports/WC-U440/20260906T144111Z/wc_u_elf_mage/refinement-v3/before.blend
 create mode 100644 reports/WC-U440/20260906T144111Z/wc_u_elf_mage/refinement-v3/executed-refinement.py
 create mode 100644 reports/WC-U440/20260906T144111Z/wc_u_elf_mage/refinement-v3/front.png
 create mode 100644 reports/WC-U440/20260906T144111Z/wc_u_elf_mage/refinement-v3/refinement-result.json
 create mode 100644 reports/WC-U440/20260906T144111Z/wc_u_elf_mage/refinement-v3/side.png
 create mode 100644 reports/WC-U440/20260906T144111Z/wc_u_elf_mage/refinement-v3/three-quarter.png
 create mode 100644 reports/WC-U440/20260906T144111Z/wc_u_elf_mage/verified-v3/EXPORT-inspection.json
 create mode 100644 reports/WC-U440/20260906T144111Z/wc_u_elf_mage/verified-v3/LOD_SOURCE-inspection.json
 create mode 100644 reports/WC-U440/20260906T144111Z/wc_u_elf_mage/verified-v3/motion-frames/Active/0000.png
 create mode 100644 reports/WC-U440/20260906T144111Z/wc_u_elf_mage/verified-v3/motion-frames/Active/0001.png
 create mode 100644 reports/WC-U440/20260906T144111Z/wc_u_elf_mage/verified-v3/motion-frames/Active/0002.png
 create mode 100644 reports/WC-U440/20260906T144111Z/wc_u_elf_mage/verified-v3/motion-frames/Active/0003.png
 create mode 100644 reports/WC-U440/20260906T144111Z/wc_u_elf_mage/verified-v3/motion-frames/Active/0004.png
 create mode 100644 reports/WC-U440/20260906T144111Z/wc_u_elf_mage/verified-v3/motion-frames/Active/0005.png
 create mode 100644 reports/WC-U440/20260906T144111Z/wc_u_elf_mage/verified-v3/motion-frames/Active/0006.png
 create mode 100644 reports/WC-U440/20260906T144111Z/wc_u_elf_mage/verified-v3/motion-frames/Active/0007.png
 create mode 100644 reports/WC-U440/20260906T144111Z/wc_u_elf_mage/verified-v3/motion-frames/Active/0008.png
 create mode 100644 reports/WC-U440/20260906T144111Z/wc_u_elf_mage/verified-v3/motion-frames/Active/0009.png
 create mode 100644 reports/WC-U440/20260906T144111Z/wc_u_elf_mage/verified-v3/motion-frames/Active/0010.png
 create mode 100644 reports/WC-U440/20260906T144111Z/wc_u_elf_mage/verified-v3/motion-frames/Active/0011.png
 create mode 100644 reports/WC-U440/20260906T144111Z/wc_u_elf_mage/verified-v3/motion-frames/Active/0012.png
 create mode 100644 reports/WC-U440/20260906T144111Z/wc_u_elf_mage/verified-v3/motion-frames/Active/0013.png
 create mode 100644 reports/WC-U440/20260906T144111Z/wc_u_elf_mage/verified-v3/motion-frames/Attack/0000.png
 create mode 100644 reports/WC-U440/20260906T144111Z/wc_u_elf_mage/verified-v3/motion-frames/Attack/0001.png
 create mode 100644 reports/WC-U440/20260906T144111Z/wc_u_elf_mage/verified-v3/motion-frames/Attack/0002.png
 create mode 100644 reports/WC-U440/20260906T144111Z/wc_u_elf_mage/verified-v3/motion-frames/Attack/0003.png
 create mode 100644 reports/WC-U440/20260906T144111Z/wc_u_elf_mage/verified-v3/motion-frames/Attack/0004.png
 create mode 100644 reports/WC-U440/20260906T144111Z/wc_u_elf_mage/verified-v3/motion-frames/Attack/0005.png
 create mode 100644 reports/WC-U440/20260906T144111Z/wc_u_elf_mage/verified-v3/motion-frames/Attack/0006.png
 create mode 100644 reports/WC-U440/20260906T144111Z/wc_u_elf_mage/verified-v3/motion-frames/Attack/0007.png
 create mode 100644 reports/WC-U440/20260906T144111Z/wc_u_elf_mage/verified-v3/motion-frames/Attack/0008.png
 create mode 100644 reports/WC-U440/20260906T144111Z/wc_u_elf_mage/verified-v3/motion-frames/Attack/0009.png
 create mode 100644 reports/WC-U440/20260906T144111Z/wc_u_elf_mage/verified-v3/motion-frames/Attack/0010.png
 create mode 100644 reports/WC-U440/20260906T144111Z/wc_u_elf_mage/verified-v3/motion-frames/Attack/0011.png
 create mode 100644 reports/WC-U440/20260906T144111Z/wc_u_elf_mage/verified-v3/motion-frames/Attack/0012.png
 create mode 100644 reports/WC-U440/20260906T144111Z/wc_u_elf_mage/verified-v3/motion-frames/Attack/0013.png
 create mode 100644 reports/WC-U440/20260906T144111Z/wc_u_elf_mage/verified-v3/motion-frames/Defeat/0000.png
 create mode 100644 reports/WC-U440/20260906T144111Z/wc_u_elf_mage/verified-v3/motion-frames/Defeat/0001.png
 create mode 100644 reports/WC-U440/20260906T144111Z/wc_u_elf_mage/verified-v3/motion-frames/Defeat/0002.png
 create mode 100644 reports/WC-U440/20260906T144111Z/wc_u_elf_mage/verified-v3/motion-frames/Defeat/0003.png
 create mode 100644 reports/WC-U440/20260906T144111Z/wc_u_elf_mage/verified-v3/motion-frames/Defeat/0004.png
 create mode 100644 reports/WC-U440/20260906T144111Z/wc_u_elf_mage/verified-v3/motion-frames/Defeat/0005.png
 create mode 100644 reports/WC-U440/20260906T144111Z/wc_u_elf_mage/verified-v3/motion-frames/Defeat/0006.png
 create mode 100644 reports/WC-U440/20260906T144111Z/wc_u_elf_mage/verified-v3/motion-frames/Defeat/0007.png
 create mode 100644 reports/WC-U440/20260906T144111Z/wc_u_elf_mage/verified-v3/motion-frames/Defeat/0008.png
 create mode 100644 reports/WC-U440/20260906T144111Z/wc_u_elf_mage/verified-v3/motion-frames/Defeat/0009.png
 create mode 100644 reports/WC-U440/20260906T144111Z/wc_u_elf_mage/verified-v3/motion-frames/Defeat/0010.png
 create mode 100644 reports/WC-U440/20260906T144111Z/wc_u_elf_mage/verified-v3/motion-frames/Defeat/0011.png
 create mode 100644 reports/WC-U440/20260906T144111Z/wc_u_elf_mage/verified-v3/motion-frames/Defeat/0012.png
 create mode 100644 reports/WC-U440/20260906T144111Z/wc_u_elf_mage/verified-v3/motion-frames/Defeat/0013.png
 create mode 100644 reports/WC-U440/20260906T144111Z/wc_u_elf_mage/verified-v3/motion-frames/Defeat/0014.png
 create mode 100644 reports/WC-U440/20260906T144111Z/wc_u_elf_mage/verified-v3/motion-frames/Defeat/0015.png
 create mode 100644 reports/WC-U440/20260906T144111Z/wc_u_elf_mage/verified-v3/motion-frames/Defeat/0016.png
 create mode 100644 reports/WC-U440/20260906T144111Z/wc_u_elf_mage/verified-v3/motion-frames/Defeat/0017.png
 create mode 100644 reports/WC-U440/20260906T144111Z/wc_u_elf_mage/verified-v3/motion-frames/Defeat/0018.png
 create mode 100644 reports/WC-U440/20260906T144111Z/wc_u_elf_mage/verified-v3/motion-frames/Defeat/0019.png
 create mode 100644 reports/WC-U440/20260906T144111Z/wc_u_elf_mage/verified-v3/motion-frames/Hit/0000.png
 create mode 100644 reports/WC-U440/20260906T144111Z/wc_u_elf_mage/verified-v3/motion-frames/Hit/0001.png
 create mode 100644 reports/WC-U440/20260906T144111Z/wc_u_elf_mage/verified-v3/motion-frames/Hit/0002.png
 create mode 100644 reports/WC-U440/20260906T144111Z/wc_u_elf_mage/verified-v3/motion-frames/Hit/0003.png
 create mode 100644 reports/WC-U440/20260906T144111Z/wc_u_elf_mage/verified-v3/motion-frames/Hit/0004.png
 create mode 100644 reports/WC-U440/20260906T144111Z/wc_u_elf_mage/verified-v3/motion-frames/Hit/0005.png
 create mode 100644 reports/WC-U440/20260906T144111Z/wc_u_elf_mage/verified-v3/motion-frames/Hit/0006.png
 create mode 100644 reports/WC-U440/20260906T144111Z/wc_u_elf_mage/verified-v3/motion-frames/Hit/0007.png
 create mode 100644 reports/WC-U440/20260906T144111Z/wc_u_elf_mage/verified-v3/motion-frames/Idle/0000.png
 create mode 100644 reports/WC-U440/20260906T144111Z/wc_u_elf_mage/verified-v3/motion-frames/Idle/0001.png
 create mode 100644 reports/WC-U440/20260906T144111Z/wc_u_elf_mage/verified-v3/motion-frames/Idle/0002.png
 create mode 100644 reports/WC-U440/20260906T144111Z/wc_u_elf_mage/verified-v3/motion-frames/Idle/0003.png
 create mode 100644 reports/WC-U440/20260906T144111Z/wc_u_elf_mage/verified-v3/motion-frames/Idle/0004.png
 create mode 100644 reports/WC-U440/20260906T144111Z/wc_u_elf_mage/verified-v3/motion-frames/Idle/0005.png
 create mode 100644 reports/WC-U440/20260906T144111Z/wc_u_elf_mage/verified-v3/motion-frames/Idle/0006.png
 create mode 100644 reports/WC-U440/20260906T144111Z/wc_u_elf_mage/verified-v3/motion-frames/Idle/0007.png
 create mode 100644 reports/WC-U440/20260906T144111Z/wc_u_elf_mage/verified-v3/motion-frames/Idle/0008.png
 create mode 100644 reports/WC-U440/20260906T144111Z/wc_u_elf_mage/verified-v3/motion-frames/Idle/0009.png
 create mode 100644 reports/WC-U440/20260906T144111Z/wc_u_elf_mage/verified-v3/motion-frames/Idle/0010.png
 create mode 100644 reports/WC-U440/20260906T144111Z/wc_u_elf_mage/verified-v3/motion-frames/Idle/0011.png
 create mode 100644 reports/WC-U440/20260906T144111Z/wc_u_elf_mage/verified-v3/motion-frames/Idle/0012.png
 create mode 100644 reports/WC-U440/20260906T144111Z/wc_u_elf_mage/verified-v3/motion-frames/Idle/0013.png
 create mode 100644 reports/WC-U440/20260906T144111Z/wc_u_elf_mage/verified-v3/motion-frames/Idle/0014.png
 create mode 100644 reports/WC-U440/20260906T144111Z/wc_u_elf_mage/verified-v3/motion-frames/Idle/0015.png
 create mode 100644 reports/WC-U440/20260906T144111Z/wc_u_elf_mage/verified-v3/motion-frames/Idle/0016.png
 create mode 100644 reports/WC-U440/20260906T144111Z/wc_u_elf_mage/verified-v3/motion-frames/Idle/0017.png
 create mode 100644 reports/WC-U440/20260906T144111Z/wc_u_elf_mage/verified-v3/motion-frames/Idle/0018.png
 create mode 100644 reports/WC-U440/20260906T144111Z/wc_u_elf_mage/verified-v3/motion-frames/Idle/0019.png
 create mode 100644 reports/WC-U440/20260906T144111Z/wc_u_elf_mage/verified-v3/motion-frames/Idle/0020.png
 create mode 100644 reports/WC-U440/20260906T144111Z/wc_u_elf_mage/verified-v3/motion-frames/Idle/0021.png
 create mode 100644 reports/WC-U440/20260906T144111Z/wc_u_elf_mage/verified-v3/motion-frames/Idle/0022.png
 create mode 100644 reports/WC-U440/20260906T144111Z/wc_u_elf_mage/verified-v3/motion-frames/Idle/0023.png
 create mode 100644 reports/WC-U440/20260906T144111Z/wc_u_elf_mage/verified-v3/motion-frames/Idle/0024.png
 create mode 100644 reports/WC-U440/20260906T144111Z/wc_u_elf_mage/verified-v3/motion-frames/Idle/0025.png
 create mode 100644 reports/WC-U440/20260906T144111Z/wc_u_elf_mage/verified-v3/motion-frames/Idle/0026.png
 create mode 100644 reports/WC-U440/20260906T144111Z/wc_u_elf_mage/verified-v3/motion-frames/Idle/0027.png
 create mode 100644 reports/WC-U440/20260906T144111Z/wc_u_elf_mage/verified-v3/motion-frames/Idle/0028.png
 create mode 100644 reports/WC-U440/20260906T144111Z/wc_u_elf_mage/verified-v3/motion-frames/Idle/0029.png
 create mode 100644 reports/WC-U440/20260906T144111Z/wc_u_elf_mage/verified-v3/motion-frames/Idle/0030.png
 create mode 100644 reports/WC-U440/20260906T144111Z/wc_u_elf_mage/verified-v3/motion-frames/Idle/0031.png
 create mode 100644 reports/WC-U440/20260906T144111Z/wc_u_elf_mage/verified-v3/motion-frames/Idle/0032.png
 create mode 100644 reports/WC-U440/20260906T144111Z/wc_u_elf_mage/verified-v3/motion-frames/Idle/0033.png
 create mode 100644 reports/WC-U440/20260906T144111Z/wc_u_elf_mage/verified-v3/motion-frames/Idle/0034.png
 create mode 100644 reports/WC-U440/20260906T144111Z/wc_u_elf_mage/verified-v3/motion-frames/Idle/0035.png
 create mode 100644 reports/WC-U440/20260906T144111Z/wc_u_elf_mage/verified-v3/motion-frames/Idle/0036.png
 create mode 100644 reports/WC-U440/20260906T144111Z/wc_u_elf_mage/verified-v3/motion-frames/Idle/0037.png
 create mode 100644 reports/WC-U440/20260906T144111Z/wc_u_elf_mage/verified-v3/motion-frames/Idle/0038.png
 create mode 100644 reports/WC-U440/20260906T144111Z/wc_u_elf_mage/verified-v3/motion-frames/Idle/0039.png
 create mode 100644 reports/WC-U440/20260906T144111Z/wc_u_elf_mage/verified-v3/motion-frames/Move/0000.png
 create mode 100644 reports/WC-U440/20260906T144111Z/wc_u_elf_mage/verified-v3/motion-frames/Move/0001.png
 create mode 100644 reports/WC-U440/20260906T144111Z/wc_u_elf_mage/verified-v3/motion-frames/Move/0002.png
 create mode 100644 reports/WC-U440/20260906T144111Z/wc_u_elf_mage/verified-v3/motion-frames/Move/0003.png
 create mode 100644 reports/WC-U440/20260906T144111Z/wc_u_elf_mage/verified-v3/motion-frames/Move/0004.png
 create mode 100644 reports/WC-U440/20260906T144111Z/wc_u_elf_mage/verified-v3/motion-frames/Move/0005.png
 create mode 100644 reports/WC-U440/20260906T144111Z/wc_u_elf_mage/verified-v3/motion-frames/Move/0006.png
 create mode 100644 reports/WC-U440/20260906T144111Z/wc_u_elf_mage/verified-v3/motion-frames/Move/0007.png
 create mode 100644 reports/WC-U440/20260906T144111Z/wc_u_elf_mage/verified-v3/motion-frames/Move/0008.png
 create mode 100644 reports/WC-U440/20260906T144111Z/wc_u_elf_mage/verified-v3/motion-frames/Move/0009.png
 create mode 100644 reports/WC-U440/20260906T144111Z/wc_u_elf_mage/verified-v3/motion-frames/Move/0010.png
 create mode 100644 reports/WC-U440/20260906T144111Z/wc_u_elf_mage/verified-v3/motion-frames/Move/0011.png
 create mode 100644 reports/WC-U440/20260906T144111Z/wc_u_elf_mage/verified-v3/motion-frames/Move/0012.png
 create mode 100644 reports/WC-U440/20260906T144111Z/wc_u_elf_mage/verified-v3/motion-frames/Move/0013.png
 create mode 100644 reports/WC-U440/20260906T144111Z/wc_u_elf_mage/verified-v3/motion-frames/Move/0014.png
 create mode 100644 reports/WC-U440/20260906T144111Z/wc_u_elf_mage/verified-v3/motion-frames/Move/0015.png
 create mode 100644 reports/WC-U440/20260906T144111Z/wc_u_elf_mage/verified-v3/motion-frames/Move/0016.png
 create mode 100644 reports/WC-U440/20260906T144111Z/wc_u_elf_mage/verified-v3/motion-frames/Move/0017.png
 create mode 100644 reports/WC-U440/20260906T144111Z/wc_u_elf_mage/verified-v3/motion-frames/Move/0018.png
 create mode 100644 reports/WC-U440/20260906T144111Z/wc_u_elf_mage/verified-v3/motion-frames/Move/0019.png
 create mode 100644 reports/WC-U440/20260906T144111Z/wc_u_elf_mage/verified-v3/motion-frames/Victory/0000.png
 create mode 100644 reports/WC-U440/20260906T144111Z/wc_u_elf_mage/verified-v3/motion-frames/Victory/0001.png
 create mode 100644 reports/WC-U440/20260906T144111Z/wc_u_elf_mage/verified-v3/motion-frames/Victory/0002.png
 create mode 100644 reports/WC-U440/20260906T144111Z/wc_u_elf_mage/verified-v3/motion-frames/Victory/0003.png
 create mode 100644 reports/WC-U440/20260906T144111Z/wc_u_elf_mage/verified-v3/motion-frames/Victory/0004.png
 create mode 100644 reports/WC-U440/20260906T144111Z/wc_u_elf_mage/verified-v3/motion-frames/Victory/0005.png
 create mode 100644 reports/WC-U440/20260906T144111Z/wc_u_elf_mage/verified-v3/motion-frames/Victory/0006.png
 create mode 100644 reports/WC-U440/20260906T144111Z/wc_u_elf_mage/verified-v3/motion-frames/Victory/0007.png
 create mode 100644 reports/WC-U440/20260906T144111Z/wc_u_elf_mage/verified-v3/motion-frames/Victory/0008.png
 create mode 100644 reports/WC-U440/20260906T144111Z/wc_u_elf_mage/verified-v3/motion-frames/Victory/0009.png
 create mode 100644 reports/WC-U440/20260906T144111Z/wc_u_elf_mage/verified-v3/motion-frames/Victory/0010.png
 create mode 100644 reports/WC-U440/20260906T144111Z/wc_u_elf_mage/verified-v3/motion-frames/Victory/0011.png
 create mode 100644 reports/WC-U440/20260906T144111Z/wc_u_elf_mage/verified-v3/motion-frames/Victory/0012.png
 create mode 100644 reports/WC-U440/20260906T144111Z/wc_u_elf_mage/verified-v3/motion-frames/Victory/0013.png
 create mode 100644 reports/WC-U440/20260906T144111Z/wc_u_elf_mage/verified-v3/motion-frames/Victory/0014.png
 create mode 100644 reports/WC-U440/20260906T144111Z/wc_u_elf_mage/verified-v3/motion-frames/Victory/0015.png
 create mode 100644 reports/WC-U440/20260906T144111Z/wc_u_elf_mage/verified-v3/motion-frames/Victory/0016.png
 create mode 100644 reports/WC-U440/20260906T144111Z/wc_u_elf_mage/verified-v3/motion-frames/Victory/0017.png
 create mode 100644 reports/WC-U440/20260906T144111Z/wc_u_elf_mage/verified-v3/motion-frames/Victory/0018.png
 create mode 100644 reports/WC-U440/20260906T144111Z/wc_u_elf_mage/verified-v3/motion-frames/Victory/0019.png
 create mode 100644 reports/WC-U440/20260906T144111Z/wc_u_elf_mage/verified-v3/motion-frames/Victory/0020.png
 create mode 100644 reports/WC-U440/20260906T144111Z/wc_u_elf_mage/verified-v3/motion-frames/Victory/0021.png
 create mode 100644 reports/WC-U440/20260906T144111Z/wc_u_elf_mage/verified-v3/motion-frames/Victory/0022.png
 create mode 100644 reports/WC-U440/20260906T144111Z/wc_u_elf_mage/verified-v3/motion-frames/Victory/0023.png
 create mode 100644 reports/WC-U440/20260906T144111Z/wc_u_elf_mage/verified-v3/motion-frames/Victory/0024.png
 create mode 100644 reports/WC-U440/20260906T144111Z/wc_u_elf_mage/verified-v3/motion-frames/Victory/0025.png
 create mode 100644 reports/WC-U440/20260906T144111Z/wc_u_elf_mage/verified-v3/motion-frames/Victory/0026.png
 create mode 100644 reports/WC-U440/20260906T144111Z/wc_u_elf_mage/verified-v3/motion-frames/Victory/0027.png
 create mode 100644 reports/WC-U440/20260906T144111Z/wc_u_elf_mage/verified-v3/motion-frames/Victory/0028.png
 create mode 100644 reports/WC-U440/20260906T144111Z/wc_u_elf_mage/verified-v3/motion-frames/Victory/0029.png
 create mode 100644 reports/WC-U440/20260906T144111Z/wc_u_elf_mage/verified-v3/motion-invariants.json
 create mode 100644 reports/WC-U440/20260906T144111Z/wc_u_elf_mage/verified-v3/motion-sequences.json
 create mode 100644 reports/WC-U440/20260906T144111Z/wc_u_elf_mage/verified-v3/published-verification.json
 create mode 100644 reports/WC-U440/20260906T144111Z/wc_u_elf_mage/verified-v4/Active-all-samples.png
 create mode 100644 reports/WC-U440/20260906T144111Z/wc_u_elf_mage/verified-v4/Active-normal-speed.gif
 create mode 100644 reports/WC-U440/20260906T144111Z/wc_u_elf_mage/verified-v4/Attack-all-samples.png
 create mode 100644 reports/WC-U440/20260906T144111Z/wc_u_elf_mage/verified-v4/Attack-normal-speed.gif
 create mode 100644 reports/WC-U440/20260906T144111Z/wc_u_elf_mage/verified-v4/Defeat-all-samples.png
 create mode 100644 reports/WC-U440/20260906T144111Z/wc_u_elf_mage/verified-v4/Defeat-normal-speed.gif
 create mode 100644 reports/WC-U440/20260906T144111Z/wc_u_elf_mage/verified-v4/EXPORT-inspection.json
 create mode 100644 reports/WC-U440/20260906T144111Z/wc_u_elf_mage/verified-v4/Hit-all-samples.png
 create mode 100644 reports/WC-U440/20260906T144111Z/wc_u_elf_mage/verified-v4/Hit-normal-speed.gif
 create mode 100644 reports/WC-U440/20260906T144111Z/wc_u_elf_mage/verified-v4/Idle-all-samples.png
 create mode 100644 reports/WC-U440/20260906T144111Z/wc_u_elf_mage/verified-v4/Idle-normal-speed.gif
 create mode 100644 reports/WC-U440/20260906T144111Z/wc_u_elf_mage/verified-v4/LOD_SOURCE-inspection.json
 create mode 100644 reports/WC-U440/20260906T144111Z/wc_u_elf_mage/verified-v4/Move-all-samples.png
 create mode 100644 reports/WC-U440/20260906T144111Z/wc_u_elf_mage/verified-v4/Move-normal-speed.gif
 create mode 100644 reports/WC-U440/20260906T144111Z/wc_u_elf_mage/verified-v4/Victory-all-samples.png
 create mode 100644 reports/WC-U440/20260906T144111Z/wc_u_elf_mage/verified-v4/Victory-normal-speed.gif
 create mode 100644 reports/WC-U440/20260906T144111Z/wc_u_elf_mage/verified-v4/motion-frames/Active/0000.png
 create mode 100644 reports/WC-U440/20260906T144111Z/wc_u_elf_mage/verified-v4/motion-frames/Active/0001.png
 create mode 100644 reports/WC-U440/20260906T144111Z/wc_u_elf_mage/verified-v4/motion-frames/Active/0002.png
 create mode 100644 reports/WC-U440/20260906T144111Z/wc_u_elf_mage/verified-v4/motion-frames/Active/0003.png
 create mode 100644 reports/WC-U440/20260906T144111Z/wc_u_elf_mage/verified-v4/motion-frames/Active/0004.png
 create mode 100644 reports/WC-U440/20260906T144111Z/wc_u_elf_mage/verified-v4/motion-frames/Active/0005.png
 create mode 100644 reports/WC-U440/20260906T144111Z/wc_u_elf_mage/verified-v4/motion-frames/Active/0006.png
 create mode 100644 reports/WC-U440/20260906T144111Z/wc_u_elf_mage/verified-v4/motion-frames/Active/0007.png
 create mode 100644 reports/WC-U440/20260906T144111Z/wc_u_elf_mage/verified-v4/motion-frames/Active/0008.png
 create mode 100644 reports/WC-U440/20260906T144111Z/wc_u_elf_mage/verified-v4/motion-frames/Active/0009.png
 create mode 100644 reports/WC-U440/20260906T144111Z/wc_u_elf_mage/verified-v4/motion-frames/Active/0010.png
 create mode 100644 reports/WC-U440/20260906T144111Z/wc_u_elf_mage/verified-v4/motion-frames/Active/0011.png
 create mode 100644 reports/WC-U440/20260906T144111Z/wc_u_elf_mage/verified-v4/motion-frames/Active/0012.png
 create mode 100644 reports/WC-U440/20260906T144111Z/wc_u_elf_mage/verified-v4/motion-frames/Active/0013.png
 create mode 100644 reports/WC-U440/20260906T144111Z/wc_u_elf_mage/verified-v4/motion-frames/Attack/0000.png
 create mode 100644 reports/WC-U440/20260906T144111Z/wc_u_elf_mage/verified-v4/motion-frames/Attack/0001.png
 create mode 100644 reports/WC-U440/20260906T144111Z/wc_u_elf_mage/verified-v4/motion-frames/Attack/0002.png
 create mode 100644 reports/WC-U440/20260906T144111Z/wc_u_elf_mage/verified-v4/motion-frames/Attack/0003.png
 create mode 100644 reports/WC-U440/20260906T144111Z/wc_u_elf_mage/verified-v4/motion-frames/Attack/0004.png
 create mode 100644 reports/WC-U440/20260906T144111Z/wc_u_elf_mage/verified-v4/motion-frames/Attack/0005.png
 create mode 100644 reports/WC-U440/20260906T144111Z/wc_u_elf_mage/verified-v4/motion-frames/Attack/0006.png
 create mode 100644 reports/WC-U440/20260906T144111Z/wc_u_elf_mage/verified-v4/motion-frames/Attack/0007.png
 create mode 100644 reports/WC-U440/20260906T144111Z/wc_u_elf_mage/verified-v4/motion-frames/Attack/0008.png
 create mode 100644 reports/WC-U440/20260906T144111Z/wc_u_elf_mage/verified-v4/motion-frames/Attack/0009.png
 create mode 100644 reports/WC-U440/20260906T144111Z/wc_u_elf_mage/verified-v4/motion-frames/Attack/0010.png
 create mode 100644 reports/WC-U440/20260906T144111Z/wc_u_elf_mage/verified-v4/motion-frames/Attack/0011.png
 create mode 100644 reports/WC-U440/20260906T144111Z/wc_u_elf_mage/verified-v4/motion-frames/Attack/0012.png
 create mode 100644 reports/WC-U440/20260906T144111Z/wc_u_elf_mage/verified-v4/motion-frames/Attack/0013.png
 create mode 100644 reports/WC-U440/20260906T144111Z/wc_u_elf_mage/verified-v4/motion-frames/Defeat/0000.png
 create mode 100644 reports/WC-U440/20260906T144111Z/wc_u_elf_mage/verified-v4/motion-frames/Defeat/0001.png
 create mode 100644 reports/WC-U440/20260906T144111Z/wc_u_elf_mage/verified-v4/motion-frames/Defeat/0002.png
 create mode 100644 reports/WC-U440/20260906T144111Z/wc_u_elf_mage/verified-v4/motion-frames/Defeat/0003.png
 create mode 100644 reports/WC-U440/20260906T144111Z/wc_u_elf_mage/verified-v4/motion-frames/Defeat/0004.png
 create mode 100644 reports/WC-U440/20260906T144111Z/wc_u_elf_mage/verified-v4/motion-frames/Defeat/0005.png
 create mode 100644 reports/WC-U440/20260906T144111Z/wc_u_elf_mage/verified-v4/motion-frames/Defeat/0006.png
 create mode 100644 reports/WC-U440/20260906T144111Z/wc_u_elf_mage/verified-v4/motion-frames/Defeat/0007.png
 create mode 100644 reports/WC-U440/20260906T144111Z/wc_u_elf_mage/verified-v4/motion-frames/Defeat/0008.png
 create mode 100644 reports/WC-U440/20260906T144111Z/wc_u_elf_mage/verified-v4/motion-frames/Defeat/0009.png
 create mode 100644 reports/WC-U440/20260906T144111Z/wc_u_elf_mage/verified-v4/motion-frames/Defeat/0010.png
 create mode 100644 reports/WC-U440/20260906T144111Z/wc_u_elf_mage/verified-v4/motion-frames/Defeat/0011.png
 create mode 100644 reports/WC-U440/20260906T144111Z/wc_u_elf_mage/verified-v4/motion-frames/Defeat/0012.png
 create mode 100644 reports/WC-U440/20260906T144111Z/wc_u_elf_mage/verified-v4/motion-frames/Defeat/0013.png
 create mode 100644 reports/WC-U440/20260906T144111Z/wc_u_elf_mage/verified-v4/motion-frames/Defeat/0014.png
 create mode 100644 reports/WC-U440/20260906T144111Z/wc_u_elf_mage/verified-v4/motion-frames/Defeat/0015.png
 create mode 100644 reports/WC-U440/20260906T144111Z/wc_u_elf_mage/verified-v4/motion-frames/Defeat/0016.png
 create mode 100644 reports/WC-U440/20260906T144111Z/wc_u_elf_mage/verified-v4/motion-frames/Defeat/0017.png
 create mode 100644 reports/WC-U440/20260906T144111Z/wc_u_elf_mage/verified-v4/motion-frames/Defeat/0018.png
 create mode 100644 reports/WC-U440/20260906T144111Z/wc_u_elf_mage/verified-v4/motion-frames/Defeat/0019.png
 create mode 100644 reports/WC-U440/20260906T144111Z/wc_u_elf_mage/verified-v4/motion-frames/Hit/0000.png
 create mode 100644 reports/WC-U440/20260906T144111Z/wc_u_elf_mage/verified-v4/motion-frames/Hit/0001.png
 create mode 100644 reports/WC-U440/20260906T144111Z/wc_u_elf_mage/verified-v4/motion-frames/Hit/0002.png
 create mode 100644 reports/WC-U440/20260906T144111Z/wc_u_elf_mage/verified-v4/motion-frames/Hit/0003.png
 create mode 100644 reports/WC-U440/20260906T144111Z/wc_u_elf_mage/verified-v4/motion-frames/Hit/0004.png
 create mode 100644 reports/WC-U440/20260906T144111Z/wc_u_elf_mage/verified-v4/motion-frames/Hit/0005.png
 create mode 100644 reports/WC-U440/20260906T144111Z/wc_u_elf_mage/verified-v4/motion-frames/Hit/0006.png
 create mode 100644 reports/WC-U440/20260906T144111Z/wc_u_elf_mage/verified-v4/motion-frames/Hit/0007.png
 create mode 100644 reports/WC-U440/20260906T144111Z/wc_u_elf_mage/verified-v4/motion-frames/Idle/0000.png
 create mode 100644 reports/WC-U440/20260906T144111Z/wc_u_elf_mage/verified-v4/motion-frames/Idle/0001.png
 create mode 100644 reports/WC-U440/20260906T144111Z/wc_u_elf_mage/verified-v4/motion-frames/Idle/0002.png
 create mode 100644 reports/WC-U440/20260906T144111Z/wc_u_elf_mage/verified-v4/motion-frames/Idle/0003.png
 create mode 100644 reports/WC-U440/20260906T144111Z/wc_u_elf_mage/verified-v4/motion-frames/Idle/0004.png
 create mode 100644 reports/WC-U440/20260906T144111Z/wc_u_elf_mage/verified-v4/motion-frames/Idle/0005.png
 create mode 100644 reports/WC-U440/20260906T144111Z/wc_u_elf_mage/verified-v4/motion-frames/Idle/0006.png
 create mode 100644 reports/WC-U440/20260906T144111Z/wc_u_elf_mage/verified-v4/motion-frames/Idle/0007.png
 create mode 100644 reports/WC-U440/20260906T144111Z/wc_u_elf_mage/verified-v4/motion-frames/Idle/0008.png
 create mode 100644 reports/WC-U440/20260906T144111Z/wc_u_elf_mage/verified-v4/motion-frames/Idle/0009.png
 create mode 100644 reports/WC-U440/20260906T144111Z/wc_u_elf_mage/verified-v4/motion-frames/Idle/0010.png
 create mode 100644 reports/WC-U440/20260906T144111Z/wc_u_elf_mage/verified-v4/motion-frames/Idle/0011.png
 create mode 100644 reports/WC-U440/20260906T144111Z/wc_u_elf_mage/verified-v4/motion-frames/Idle/0012.png
 create mode 100644 reports/WC-U440/20260906T144111Z/wc_u_elf_mage/verified-v4/motion-frames/Idle/0013.png
 create mode 100644 reports/WC-U440/20260906T144111Z/wc_u_elf_mage/verified-v4/motion-frames/Idle/0014.png
 create mode 100644 reports/WC-U440/20260906T144111Z/wc_u_elf_mage/verified-v4/motion-frames/Idle/0015.png
 create mode 100644 reports/WC-U440/20260906T144111Z/wc_u_elf_mage/verified-v4/motion-frames/Idle/0016.png
 create mode 100644 reports/WC-U440/20260906T144111Z/wc_u_elf_mage/verified-v4/motion-frames/Idle/0017.png
 create mode 100644 reports/WC-U440/20260906T144111Z/wc_u_elf_mage/verified-v4/motion-frames/Idle/0018.png
 create mode 100644 reports/WC-U440/20260906T144111Z/wc_u_elf_mage/verified-v4/motion-frames/Idle/0019.png
 create mode 100644 reports/WC-U440/20260906T144111Z/wc_u_elf_mage/verified-v4/motion-frames/Idle/0020.png
 create mode 100644 reports/WC-U440/20260906T144111Z/wc_u_elf_mage/verified-v4/motion-frames/Idle/0021.png
 create mode 100644 reports/WC-U440/20260906T144111Z/wc_u_elf_mage/verified-v4/motion-frames/Idle/0022.png
 create mode 100644 reports/WC-U440/20260906T144111Z/wc_u_elf_mage/verified-v4/motion-frames/Idle/0023.png
 create mode 100644 reports/WC-U440/20260906T144111Z/wc_u_elf_mage/verified-v4/motion-frames/Idle/0024.png
 create mode 100644 reports/WC-U440/20260906T144111Z/wc_u_elf_mage/verified-v4/motion-frames/Idle/0025.png
 create mode 100644 reports/WC-U440/20260906T144111Z/wc_u_elf_mage/verified-v4/motion-frames/Idle/0026.png
 create mode 100644 reports/WC-U440/20260906T144111Z/wc_u_elf_mage/verified-v4/motion-frames/Idle/0027.png
 create mode 100644 reports/WC-U440/20260906T144111Z/wc_u_elf_mage/verified-v4/motion-frames/Idle/0028.png
 create mode 100644 reports/WC-U440/20260906T144111Z/wc_u_elf_mage/verified-v4/motion-frames/Idle/0029.png
 create mode 100644 reports/WC-U440/20260906T144111Z/wc_u_elf_mage/verified-v4/motion-frames/Idle/0030.png
 create mode 100644 reports/WC-U440/20260906T144111Z/wc_u_elf_mage/verified-v4/motion-frames/Idle/0031.png
 create mode 100644 reports/WC-U440/20260906T144111Z/wc_u_elf_mage/verified-v4/motion-frames/Idle/0032.png
 create mode 100644 reports/WC-U440/20260906T144111Z/wc_u_elf_mage/verified-v4/motion-frames/Idle/0033.png
 create mode 100644 reports/WC-U440/20260906T144111Z/wc_u_elf_mage/verified-v4/motion-frames/Idle/0034.png
 create mode 100644 reports/WC-U440/20260906T144111Z/wc_u_elf_mage/verified-v4/motion-frames/Idle/0035.png
 create mode 100644 reports/WC-U440/20260906T144111Z/wc_u_elf_mage/verified-v4/motion-frames/Idle/0036.png
 create mode 100644 reports/WC-U440/20260906T144111Z/wc_u_elf_mage/verified-v4/motion-frames/Idle/0037.png
 create mode 100644 reports/WC-U440/20260906T144111Z/wc_u_elf_mage/verified-v4/motion-frames/Idle/0038.png
 create mode 100644 reports/WC-U440/20260906T144111Z/wc_u_elf_mage/verified-v4/motion-frames/Idle/0039.png
 create mode 100644 reports/WC-U440/20260906T144111Z/wc_u_elf_mage/verified-v4/motion-frames/Move/0000.png
 create mode 100644 reports/WC-U440/20260906T144111Z/wc_u_elf_mage/verified-v4/motion-frames/Move/0001.png
 create mode 100644 reports/WC-U440/20260906T144111Z/wc_u_elf_mage/verified-v4/motion-frames/Move/0002.png
 create mode 100644 reports/WC-U440/20260906T144111Z/wc_u_elf_mage/verified-v4/motion-frames/Move/0003.png
 create mode 100644 reports/WC-U440/20260906T144111Z/wc_u_elf_mage/verified-v4/motion-frames/Move/0004.png
 create mode 100644 reports/WC-U440/20260906T144111Z/wc_u_elf_mage/verified-v4/motion-frames/Move/0005.png
 create mode 100644 reports/WC-U440/20260906T144111Z/wc_u_elf_mage/verified-v4/motion-frames/Move/0006.png
 create mode 100644 reports/WC-U440/20260906T144111Z/wc_u_elf_mage/verified-v4/motion-frames/Move/0007.png
 create mode 100644 reports/WC-U440/20260906T144111Z/wc_u_elf_mage/verified-v4/motion-frames/Move/0008.png
 create mode 100644 reports/WC-U440/20260906T144111Z/wc_u_elf_mage/verified-v4/motion-frames/Move/0009.png
 create mode 100644 reports/WC-U440/20260906T144111Z/wc_u_elf_mage/verified-v4/motion-frames/Move/0010.png
 create mode 100644 reports/WC-U440/20260906T144111Z/wc_u_elf_mage/verified-v4/motion-frames/Move/0011.png
 create mode 100644 reports/WC-U440/20260906T144111Z/wc_u_elf_mage/verified-v4/motion-frames/Move/0012.png
 create mode 100644 reports/WC-U440/20260906T144111Z/wc_u_elf_mage/verified-v4/motion-frames/Move/0013.png
 create mode 100644 reports/WC-U440/20260906T144111Z/wc_u_elf_mage/verified-v4/motion-frames/Move/0014.png
 create mode 100644 reports/WC-U440/20260906T144111Z/wc_u_elf_mage/verified-v4/motion-frames/Move/0015.png
 create mode 100644 reports/WC-U440/20260906T144111Z/wc_u_elf_mage/verified-v4/motion-frames/Move/0016.png
 create mode 100644 reports/WC-U440/20260906T144111Z/wc_u_elf_mage/verified-v4/motion-frames/Move/0017.png
 create mode 100644 reports/WC-U440/20260906T144111Z/wc_u_elf_mage/verified-v4/motion-frames/Move/0018.png
 create mode 100644 reports/WC-U440/20260906T144111Z/wc_u_elf_mage/verified-v4/motion-frames/Move/0019.png
 create mode 100644 reports/WC-U440/20260906T144111Z/wc_u_elf_mage/verified-v4/motion-frames/Victory/0000.png
 create mode 100644 reports/WC-U440/20260906T144111Z/wc_u_elf_mage/verified-v4/motion-frames/Victory/0001.png
 create mode 100644 reports/WC-U440/20260906T144111Z/wc_u_elf_mage/verified-v4/motion-frames/Victory/0002.png
 create mode 100644 reports/WC-U440/20260906T144111Z/wc_u_elf_mage/verified-v4/motion-frames/Victory/0003.png
 create mode 100644 reports/WC-U440/20260906T144111Z/wc_u_elf_mage/verified-v4/motion-frames/Victory/0004.png
 create mode 100644 reports/WC-U440/20260906T144111Z/wc_u_elf_mage/verified-v4/motion-frames/Victory/0005.png
 create mode 100644 reports/WC-U440/20260906T144111Z/wc_u_elf_mage/verified-v4/motion-frames/Victory/0006.png
 create mode 100644 reports/WC-U440/20260906T144111Z/wc_u_elf_mage/verified-v4/motion-frames/Victory/0007.png
 create mode 100644 reports/WC-U440/20260906T144111Z/wc_u_elf_mage/verified-v4/motion-frames/Victory/0008.png
 create mode 100644 reports/WC-U440/20260906T144111Z/wc_u_elf_mage/verified-v4/motion-frames/Victory/0009.png
 create mode 100644 reports/WC-U440/20260906T144111Z/wc_u_elf_mage/verified-v4/motion-frames/Victory/0010.png
 create mode 100644 reports/WC-U440/20260906T144111Z/wc_u_elf_mage/verified-v4/motion-frames/Victory/0011.png
 create mode 100644 reports/WC-U440/20260906T144111Z/wc_u_elf_mage/verified-v4/motion-frames/Victory/0012.png
 create mode 100644 reports/WC-U440/20260906T144111Z/wc_u_elf_mage/verified-v4/motion-frames/Victory/0013.png
 create mode 100644 reports/WC-U440/20260906T144111Z/wc_u_elf_mage/verified-v4/motion-frames/Victory/0014.png
 create mode 100644 reports/WC-U440/20260906T144111Z/wc_u_elf_mage/verified-v4/motion-frames/Victory/0015.png
 create mode 100644 reports/WC-U440/20260906T144111Z/wc_u_elf_mage/verified-v4/motion-frames/Victory/0016.png
 create mode 100644 reports/WC-U440/20260906T144111Z/wc_u_elf_mage/verified-v4/motion-frames/Victory/0017.png
 create mode 100644 reports/WC-U440/20260906T144111Z/wc_u_elf_mage/verified-v4/motion-frames/Victory/0018.png
 create mode 100644 reports/WC-U440/20260906T144111Z/wc_u_elf_mage/verified-v4/motion-frames/Victory/0019.png
 create mode 100644 reports/WC-U440/20260906T144111Z/wc_u_elf_mage/verified-v4/motion-frames/Victory/0020.png
 create mode 100644 reports/WC-U440/20260906T144111Z/wc_u_elf_mage/verified-v4/motion-frames/Victory/0021.png
 create mode 100644 reports/WC-U440/20260906T144111Z/wc_u_elf_mage/verified-v4/motion-frames/Victory/0022.png
 create mode 100644 reports/WC-U440/20260906T144111Z/wc_u_elf_mage/verified-v4/motion-frames/Victory/0023.png
 create mode 100644 reports/WC-U440/20260906T144111Z/wc_u_elf_mage/verified-v4/motion-frames/Victory/0024.png
 create mode 100644 reports/WC-U440/20260906T144111Z/wc_u_elf_mage/verified-v4/motion-frames/Victory/0025.png
 create mode 100644 reports/WC-U440/20260906T144111Z/wc_u_elf_mage/verified-v4/motion-frames/Victory/0026.png
 create mode 100644 reports/WC-U440/20260906T144111Z/wc_u_elf_mage/verified-v4/motion-frames/Victory/0027.png
 create mode 100644 reports/WC-U440/20260906T144111Z/wc_u_elf_mage/verified-v4/motion-frames/Victory/0028.png
 create mode 100644 reports/WC-U440/20260906T144111Z/wc_u_elf_mage/verified-v4/motion-frames/Victory/0029.png
 create mode 100644 reports/WC-U440/20260906T144111Z/wc_u_elf_mage/verified-v4/motion-invariants.json
 create mode 100644 reports/WC-U440/20260906T144111Z/wc_u_elf_mage/verified-v4/motion-sequences.json
 create mode 100644 reports/WC-U440/20260906T144111Z/wc_u_elf_mage/verified-v4/normal-speed-evidence.json
 create mode 100644 reports/WC-U440/20260906T144111Z/wc_u_elf_mage/verified-v4/published-verification.json
 create mode 100644 reports/WC-U440/20260906T144111Z/wc_u_human_warrior/candidate-v1/executed-author.py
 create mode 100644 reports/WC-U440/20260906T144111Z/wc_u_human_warrior/candidate-v2/executed-author.py
 create mode 100644 reports/WC-U440/20260906T144111Z/wc_u_human_warrior/candidate-v2/retained-partial-export/SK_wc_u_human_warrior.fbm/T_wc_u_human_warrior_BaseColor.png
 create mode 100644 reports/WC-U440/20260906T144111Z/wc_u_human_warrior/candidate-v2/retained-partial-export/SK_wc_u_human_warrior.fbm/T_wc_u_human_warrior_Normal.png
 create mode 100644 reports/WC-U440/20260906T144111Z/wc_u_human_warrior/candidate-v2/retained-partial-export/SK_wc_u_human_warrior.fbx
 create mode 100644 reports/WC-U440/20260906T144111Z/wc_u_human_warrior/candidate-v2/retained-partial-export/SK_wc_u_human_warrior_LOD1.fbm/T_wc_u_human_warrior_BaseColor.png
 create mode 100644 reports/WC-U440/20260906T144111Z/wc_u_human_warrior/candidate-v2/retained-partial-export/SK_wc_u_human_warrior_LOD1.fbm/T_wc_u_human_warrior_Normal.png
 create mode 100644 reports/WC-U440/20260906T144111Z/wc_u_human_warrior/candidate-v2/retained-partial-export/SK_wc_u_human_warrior_LOD1.fbx
 create mode 100644 reports/WC-U440/20260906T144111Z/wc_u_human_warrior/candidate-v2/retained-partial-export/SK_wc_u_human_warrior_LOD2.fbm/T_wc_u_human_warrior_BaseColor.png
 create mode 100644 reports/WC-U440/20260906T144111Z/wc_u_human_warrior/candidate-v2/retained-partial-export/SK_wc_u_human_warrior_LOD2.fbm/T_wc_u_human_warrior_Normal.png
 create mode 100644 reports/WC-U440/20260906T144111Z/wc_u_human_warrior/candidate-v2/retained-partial-export/SK_wc_u_human_warrior_LOD2.fbx
 create mode 100644 reports/WC-U440/20260906T144111Z/wc_u_human_warrior/candidate-v2/retained-partial-export/T_wc_u_human_warrior_BaseColor.png
 create mode 100644 reports/WC-U440/20260906T144111Z/wc_u_human_warrior/candidate-v2/retained-partial-export/T_wc_u_human_warrior_Normal.png
 create mode 100644 reports/WC-U440/20260906T144111Z/wc_u_human_warrior/candidate-v2/retained-partial-export/T_wc_u_human_warrior_ORM.png
 create mode 100644 reports/WC-U440/20260906T144111Z/wc_u_human_warrior/candidate-v2/unanimated-source.blend
 create mode 100644 reports/WC-U440/20260906T144111Z/wc_u_human_warrior/candidate-v3/EXPORT-inspection.json
 create mode 100644 reports/WC-U440/20260906T144111Z/wc_u_human_warrior/candidate-v3/LOD_SOURCE-inspection.json
 create mode 100644 reports/WC-U440/20260906T144111Z/wc_u_human_warrior/candidate-v3/authoring-result.json
 create mode 100644 reports/WC-U440/20260906T144111Z/wc_u_human_warrior/candidate-v3/back.png
 create mode 100644 reports/WC-U440/20260906T144111Z/wc_u_human_warrior/candidate-v3/clip_Active.png
 create mode 100644 reports/WC-U440/20260906T144111Z/wc_u_human_warrior/candidate-v3/clip_Attack.png
 create mode 100644 reports/WC-U440/20260906T144111Z/wc_u_human_warrior/candidate-v3/clip_Defeat.png
 create mode 100644 reports/WC-U440/20260906T144111Z/wc_u_human_warrior/candidate-v3/clip_Hit.png
 create mode 100644 reports/WC-U440/20260906T144111Z/wc_u_human_warrior/candidate-v3/clip_Idle.png
 create mode 100644 reports/WC-U440/20260906T144111Z/wc_u_human_warrior/candidate-v3/clip_Move.png
 create mode 100644 reports/WC-U440/20260906T144111Z/wc_u_human_warrior/candidate-v3/clip_Victory.png
 create mode 100644 reports/WC-U440/20260906T144111Z/wc_u_human_warrior/candidate-v3/executed-author.py
 create mode 100644 reports/WC-U440/20260906T144111Z/wc_u_human_warrior/candidate-v3/front.png
 create mode 100644 reports/WC-U440/20260906T144111Z/wc_u_human_warrior/candidate-v3/motion-invariants.json
 create mode 100644 reports/WC-U440/20260906T144111Z/wc_u_human_warrior/candidate-v3/resumed-source.json
 create mode 100644 reports/WC-U440/20260906T144111Z/wc_u_human_warrior/candidate-v3/retained-partial-export/AN_wc_u_human_warrior_Active.fbx
 create mode 100644 reports/WC-U440/20260906T144111Z/wc_u_human_warrior/candidate-v3/retained-partial-export/AN_wc_u_human_warrior_Attack.fbx
 create mode 100644 reports/WC-U440/20260906T144111Z/wc_u_human_warrior/candidate-v3/retained-partial-export/AN_wc_u_human_warrior_Hit.fbx
 create mode 100644 reports/WC-U440/20260906T144111Z/wc_u_human_warrior/candidate-v3/retained-partial-export/AN_wc_u_human_warrior_Idle.fbx
 create mode 100644 reports/WC-U440/20260906T144111Z/wc_u_human_warrior/candidate-v3/retained-partial-export/AN_wc_u_human_warrior_Move.fbx
 create mode 100644 reports/WC-U440/20260906T144111Z/wc_u_human_warrior/candidate-v3/retained-partial-export/SK_wc_u_human_warrior.fbm/T_wc_u_human_warrior_BaseColor.png
 create mode 100644 reports/WC-U440/20260906T144111Z/wc_u_human_warrior/candidate-v3/retained-partial-export/SK_wc_u_human_warrior.fbm/T_wc_u_human_warrior_Normal.png
 create mode 100644 reports/WC-U440/20260906T144111Z/wc_u_human_warrior/candidate-v3/retained-partial-export/SK_wc_u_human_warrior.fbx
 create mode 100644 reports/WC-U440/20260906T144111Z/wc_u_human_warrior/candidate-v3/retained-partial-export/SK_wc_u_human_warrior_LOD1.fbm/T_wc_u_human_warrior_BaseColor.png
 create mode 100644 reports/WC-U440/20260906T144111Z/wc_u_human_warrior/candidate-v3/retained-partial-export/SK_wc_u_human_warrior_LOD1.fbm/T_wc_u_human_warrior_Normal.png
 create mode 100644 reports/WC-U440/20260906T144111Z/wc_u_human_warrior/candidate-v3/retained-partial-export/SK_wc_u_human_warrior_LOD1.fbx
 create mode 100644 reports/WC-U440/20260906T144111Z/wc_u_human_warrior/candidate-v3/retained-partial-export/SK_wc_u_human_warrior_LOD2.fbm/T_wc_u_human_warrior_BaseColor.png
 create mode 100644 reports/WC-U440/20260906T144111Z/wc_u_human_warrior/candidate-v3/retained-partial-export/SK_wc_u_human_warrior_LOD2.fbm/T_wc_u_human_warrior_Normal.png
 create mode 100644 reports/WC-U440/20260906T144111Z/wc_u_human_warrior/candidate-v3/retained-partial-export/SK_wc_u_human_warrior_LOD2.fbx
 create mode 100644 reports/WC-U440/20260906T144111Z/wc_u_human_warrior/candidate-v3/retained-partial-export/T_wc_u_human_warrior_BaseColor.png
 create mode 100644 reports/WC-U440/20260906T144111Z/wc_u_human_warrior/candidate-v3/retained-partial-export/T_wc_u_human_warrior_Normal.png
 create mode 100644 reports/WC-U440/20260906T144111Z/wc_u_human_warrior/candidate-v3/retained-partial-export/T_wc_u_human_warrior_ORM.png
 create mode 100644 reports/WC-U440/20260906T144111Z/wc_u_human_warrior/candidate-v3/side.png
 create mode 100644 reports/WC-U440/20260906T144111Z/wc_u_human_warrior/candidate-v3/three-quarter.png
 create mode 100644 reports/WC-U440/20260906T144111Z/wc_u_human_warrior/candidate-v3/unanimated-source.blend
 create mode 100644 reports/WC-U440/20260906T144111Z/wc_u_human_warrior/refinement-v1/back.png
 create mode 100644 reports/WC-U440/20260906T144111Z/wc_u_human_warrior/refinement-v1/before-export-manifest.json
 create mode 100644 reports/WC-U440/20260906T144111Z/wc_u_human_warrior/refinement-v1/before-portrait.png
 create mode 100644 reports/WC-U440/20260906T144111Z/wc_u_human_warrior/refinement-v1/before.blend
 create mode 100644 reports/WC-U440/20260906T144111Z/wc_u_human_warrior/refinement-v1/executed-refinement.py
 create mode 100644 reports/WC-U440/20260906T144111Z/wc_u_human_warrior/refinement-v1/front.png
 create mode 100644 reports/WC-U440/20260906T144111Z/wc_u_human_warrior/refinement-v1/refinement-result.json
 create mode 100644 reports/WC-U440/20260906T144111Z/wc_u_human_warrior/refinement-v1/side.png
 create mode 100644 reports/WC-U440/20260906T144111Z/wc_u_human_warrior/refinement-v1/three-quarter.png
 create mode 100644 reports/WC-U440/20260906T144111Z/wc_u_human_warrior/refinement-v2/back.png
 create mode 100644 reports/WC-U440/20260906T144111Z/wc_u_human_warrior/refinement-v2/before-export-manifest.json
 create mode 100644 reports/WC-U440/20260906T144111Z/wc_u_human_warrior/refinement-v2/before-portrait.png
 create mode 100644 reports/WC-U440/20260906T144111Z/wc_u_human_warrior/refinement-v2/before.blend
 create mode 100644 reports/WC-U440/20260906T144111Z/wc_u_human_warrior/refinement-v2/executed-refinement.py
 create mode 100644 reports/WC-U440/20260906T144111Z/wc_u_human_warrior/refinement-v2/front.png
 create mode 100644 reports/WC-U440/20260906T144111Z/wc_u_human_warrior/refinement-v2/refinement-result.json
 create mode 100644 reports/WC-U440/20260906T144111Z/wc_u_human_warrior/refinement-v2/side.png
 create mode 100644 reports/WC-U440/20260906T144111Z/wc_u_human_warrior/refinement-v2/three-quarter.png
 create mode 100644 reports/WC-U440/20260906T144111Z/wc_u_human_warrior/refinement-v3/back.png
 create mode 100644 reports/WC-U440/20260906T144111Z/wc_u_human_warrior/refinement-v3/before-export-manifest.json
 create mode 100644 reports/WC-U440/20260906T144111Z/wc_u_human_warrior/refinement-v3/before-portrait.png
 create mode 100644 reports/WC-U440/20260906T144111Z/wc_u_human_warrior/refinement-v3/before.blend
 create mode 100644 reports/WC-U440/20260906T144111Z/wc_u_human_warrior/refinement-v3/executed-refinement.py
 create mode 100644 reports/WC-U440/20260906T144111Z/wc_u_human_warrior/refinement-v3/front.png
 create mode 100644 reports/WC-U440/20260906T144111Z/wc_u_human_warrior/refinement-v3/prior-mesh-exports/SK_wc_u_human_warrior.fbx
 create mode 100644 reports/WC-U440/20260906T144111Z/wc_u_human_warrior/refinement-v3/prior-mesh-exports/SK_wc_u_human_warrior_LOD1.fbx
 create mode 100644 reports/WC-U440/20260906T144111Z/wc_u_human_warrior/refinement-v3/prior-mesh-exports/SK_wc_u_human_warrior_LOD2.fbx
 create mode 100644 reports/WC-U440/20260906T144111Z/wc_u_human_warrior/refinement-v3/refinement-result.json
 create mode 100644 reports/WC-U440/20260906T144111Z/wc_u_human_warrior/refinement-v3/side.png
 create mode 100644 reports/WC-U440/20260906T144111Z/wc_u_human_warrior/refinement-v3/three-quarter.png
 create mode 100644 reports/WC-U440/20260906T144111Z/wc_u_human_warrior/verified-v3/EXPORT-inspection.json
 create mode 100644 reports/WC-U440/20260906T144111Z/wc_u_human_warrior/verified-v3/LOD_SOURCE-inspection.json
 create mode 100644 reports/WC-U440/20260906T144111Z/wc_u_human_warrior/verified-v3/motion-invariants.json
 create mode 100644 reports/WC-U440/20260906T144111Z/wc_u_human_warrior/verified-v4/Active-all-samples.png
 create mode 100644 reports/WC-U440/20260906T144111Z/wc_u_human_warrior/verified-v4/Active-normal-speed.gif
 create mode 100644 reports/WC-U440/20260906T144111Z/wc_u_human_warrior/verified-v4/Attack-all-samples.png
 create mode 100644 reports/WC-U440/20260906T144111Z/wc_u_human_warrior/verified-v4/Attack-normal-speed.gif
 create mode 100644 reports/WC-U440/20260906T144111Z/wc_u_human_warrior/verified-v4/Defeat-all-samples.png
 create mode 100644 reports/WC-U440/20260906T144111Z/wc_u_human_warrior/verified-v4/Defeat-normal-speed.gif
 create mode 100644 reports/WC-U440/20260906T144111Z/wc_u_human_warrior/verified-v4/EXPORT-inspection.json
 create mode 100644 reports/WC-U440/20260906T144111Z/wc_u_human_warrior/verified-v4/Hit-all-samples.png
 create mode 100644 reports/WC-U440/20260906T144111Z/wc_u_human_warrior/verified-v4/Hit-normal-speed.gif
 create mode 100644 reports/WC-U440/20260906T144111Z/wc_u_human_warrior/verified-v4/Idle-all-samples.png
 create mode 100644 reports/WC-U440/20260906T144111Z/wc_u_human_warrior/verified-v4/Idle-normal-speed.gif
 create mode 100644 reports/WC-U440/20260906T144111Z/wc_u_human_warrior/verified-v4/LOD_SOURCE-inspection.json
 create mode 100644 reports/WC-U440/20260906T144111Z/wc_u_human_warrior/verified-v4/Move-all-samples.png
 create mode 100644 reports/WC-U440/20260906T144111Z/wc_u_human_warrior/verified-v4/Move-normal-speed.gif
 create mode 100644 reports/WC-U440/20260906T144111Z/wc_u_human_warrior/verified-v4/Victory-all-samples.png
 create mode 100644 reports/WC-U440/20260906T144111Z/wc_u_human_warrior/verified-v4/Victory-normal-speed.gif
 create mode 100644 reports/WC-U440/20260906T144111Z/wc_u_human_warrior/verified-v4/motion-frames/Active/0000.png
 create mode 100644 reports/WC-U440/20260906T144111Z/wc_u_human_warrior/verified-v4/motion-frames/Active/0001.png
 create mode 100644 reports/WC-U440/20260906T144111Z/wc_u_human_warrior/verified-v4/motion-frames/Active/0002.png
 create mode 100644 reports/WC-U440/20260906T144111Z/wc_u_human_warrior/verified-v4/motion-frames/Active/0003.png
 create mode 100644 reports/WC-U440/20260906T144111Z/wc_u_human_warrior/verified-v4/motion-frames/Active/0004.png
 create mode 100644 reports/WC-U440/20260906T144111Z/wc_u_human_warrior/verified-v4/motion-frames/Active/0005.png
 create mode 100644 reports/WC-U440/20260906T144111Z/wc_u_human_warrior/verified-v4/motion-frames/Active/0006.png
 create mode 100644 reports/WC-U440/20260906T144111Z/wc_u_human_warrior/verified-v4/motion-frames/Active/0007.png
 create mode 100644 reports/WC-U440/20260906T144111Z/wc_u_human_warrior/verified-v4/motion-frames/Active/0008.png
 create mode 100644 reports/WC-U440/20260906T144111Z/wc_u_human_warrior/verified-v4/motion-frames/Active/0009.png
 create mode 100644 reports/WC-U440/20260906T144111Z/wc_u_human_warrior/verified-v4/motion-frames/Active/0010.png
 create mode 100644 reports/WC-U440/20260906T144111Z/wc_u_human_warrior/verified-v4/motion-frames/Active/0011.png
 create mode 100644 reports/WC-U440/20260906T144111Z/wc_u_human_warrior/verified-v4/motion-frames/Active/0012.png
 create mode 100644 reports/WC-U440/20260906T144111Z/wc_u_human_warrior/verified-v4/motion-frames/Attack/0000.png
 create mode 100644 reports/WC-U440/20260906T144111Z/wc_u_human_warrior/verified-v4/motion-frames/Attack/0001.png
 create mode 100644 reports/WC-U440/20260906T144111Z/wc_u_human_warrior/verified-v4/motion-frames/Attack/0002.png
 create mode 100644 reports/WC-U440/20260906T144111Z/wc_u_human_warrior/verified-v4/motion-frames/Attack/0003.png
 create mode 100644 reports/WC-U440/20260906T144111Z/wc_u_human_warrior/verified-v4/motion-frames/Attack/0004.png
 create mode 100644 reports/WC-U440/20260906T144111Z/wc_u_human_warrior/verified-v4/motion-frames/Attack/0005.png
 create mode 100644 reports/WC-U440/20260906T144111Z/wc_u_human_warrior/verified-v4/motion-frames/Attack/0006.png
 create mode 100644 reports/WC-U440/20260906T144111Z/wc_u_human_warrior/verified-v4/motion-frames/Attack/0007.png
 create mode 100644 reports/WC-U440/20260906T144111Z/wc_u_human_warrior/verified-v4/motion-frames/Attack/0008.png
 create mode 100644 reports/WC-U440/20260906T144111Z/wc_u_human_warrior/verified-v4/motion-frames/Attack/0009.png
 create mode 100644 reports/WC-U440/20260906T144111Z/wc_u_human_warrior/verified-v4/motion-frames/Attack/0010.png
 create mode 100644 reports/WC-U440/20260906T144111Z/wc_u_human_warrior/verified-v4/motion-frames/Attack/0011.png
 create mode 100644 reports/WC-U440/20260906T144111Z/wc_u_human_warrior/verified-v4/motion-frames/Attack/0012.png
 create mode 100644 reports/WC-U440/20260906T144111Z/wc_u_human_warrior/verified-v4/motion-frames/Attack/0013.png
 create mode 100644 reports/WC-U440/20260906T144111Z/wc_u_human_warrior/verified-v4/motion-frames/Attack/0014.png
 create mode 100644 reports/WC-U440/20260906T144111Z/wc_u_human_warrior/verified-v4/motion-frames/Defeat/0000.png
 create mode 100644 reports/WC-U440/20260906T144111Z/wc_u_human_warrior/verified-v4/motion-frames/Defeat/0001.png
 create mode 100644 reports/WC-U440/20260906T144111Z/wc_u_human_warrior/verified-v4/motion-frames/Defeat/0002.png
 create mode 100644 reports/WC-U440/20260906T144111Z/wc_u_human_warrior/verified-v4/motion-frames/Defeat/0003.png
 create mode 100644 reports/WC-U440/20260906T144111Z/wc_u_human_warrior/verified-v4/motion-frames/Defeat/0004.png
 create mode 100644 reports/WC-U440/20260906T144111Z/wc_u_human_warrior/verified-v4/motion-frames/Defeat/0005.png
 create mode 100644 reports/WC-U440/20260906T144111Z/wc_u_human_warrior/verified-v4/motion-frames/Defeat/0006.png
 create mode 100644 reports/WC-U440/20260906T144111Z/wc_u_human_warrior/verified-v4/motion-frames/Defeat/0007.png
 create mode 100644 reports/WC-U440/20260906T144111Z/wc_u_human_warrior/verified-v4/motion-frames/Defeat/0008.png
 create mode 100644 reports/WC-U440/20260906T144111Z/wc_u_human_warrior/verified-v4/motion-frames/Defeat/0009.png
 create mode 100644 reports/WC-U440/20260906T144111Z/wc_u_human_warrior/verified-v4/motion-frames/Defeat/0010.png
 create mode 100644 reports/WC-U440/20260906T144111Z/wc_u_human_warrior/verified-v4/motion-frames/Defeat/0011.png
 create mode 100644 reports/WC-U440/20260906T144111Z/wc_u_human_warrior/verified-v4/motion-frames/Defeat/0012.png
 create mode 100644 reports/WC-U440/20260906T144111Z/wc_u_human_warrior/verified-v4/motion-frames/Defeat/0013.png
 create mode 100644 reports/WC-U440/20260906T144111Z/wc_u_human_warrior/verified-v4/motion-frames/Defeat/0014.png
 create mode 100644 reports/WC-U440/20260906T144111Z/wc_u_human_warrior/verified-v4/motion-frames/Defeat/0015.png
 create mode 100644 reports/WC-U440/20260906T144111Z/wc_u_human_warrior/verified-v4/motion-frames/Defeat/0016.png
 create mode 100644 reports/WC-U440/20260906T144111Z/wc_u_human_warrior/verified-v4/motion-frames/Defeat/0017.png
 create mode 100644 reports/WC-U440/20260906T144111Z/wc_u_human_warrior/verified-v4/motion-frames/Defeat/0018.png
 create mode 100644 reports/WC-U440/20260906T144111Z/wc_u_human_warrior/verified-v4/motion-frames/Defeat/0019.png
 create mode 100644 reports/WC-U440/20260906T144111Z/wc_u_human_warrior/verified-v4/motion-frames/Hit/0000.png
 create mode 100644 reports/WC-U440/20260906T144111Z/wc_u_human_warrior/verified-v4/motion-frames/Hit/0001.png
 create mode 100644 reports/WC-U440/20260906T144111Z/wc_u_human_warrior/verified-v4/motion-frames/Hit/0002.png
 create mode 100644 reports/WC-U440/20260906T144111Z/wc_u_human_warrior/verified-v4/motion-frames/Hit/0003.png
 create mode 100644 reports/WC-U440/20260906T144111Z/wc_u_human_warrior/verified-v4/motion-frames/Hit/0004.png
 create mode 100644 reports/WC-U440/20260906T144111Z/wc_u_human_warrior/verified-v4/motion-frames/Hit/0005.png
 create mode 100644 reports/WC-U440/20260906T144111Z/wc_u_human_warrior/verified-v4/motion-frames/Hit/0006.png
 create mode 100644 reports/WC-U440/20260906T144111Z/wc_u_human_warrior/verified-v4/motion-frames/Hit/0007.png
 create mode 100644 reports/WC-U440/20260906T144111Z/wc_u_human_warrior/verified-v4/motion-frames/Idle/0000.png
 create mode 100644 reports/WC-U440/20260906T144111Z/wc_u_human_warrior/verified-v4/motion-frames/Idle/0001.png
 create mode 100644 reports/WC-U440/20260906T144111Z/wc_u_human_warrior/verified-v4/motion-frames/Idle/0002.png
 create mode 100644 reports/WC-U440/20260906T144111Z/wc_u_human_warrior/verified-v4/motion-frames/Idle/0003.png
 create mode 100644 reports/WC-U440/20260906T144111Z/wc_u_human_warrior/verified-v4/motion-frames/Idle/0004.png
 create mode 100644 reports/WC-U440/20260906T144111Z/wc_u_human_warrior/verified-v4/motion-frames/Idle/0005.png
 create mode 100644 reports/WC-U440/20260906T144111Z/wc_u_human_warrior/verified-v4/motion-frames/Idle/0006.png
 create mode 100644 reports/WC-U440/20260906T144111Z/wc_u_human_warrior/verified-v4/motion-frames/Idle/0007.png
 create mode 100644 reports/WC-U440/20260906T144111Z/wc_u_human_warrior/verified-v4/motion-frames/Idle/0008.png
 create mode 100644 reports/WC-U440/20260906T144111Z/wc_u_human_warrior/verified-v4/motion-frames/Idle/0009.png
 create mode 100644 reports/WC-U440/20260906T144111Z/wc_u_human_warrior/verified-v4/motion-frames/Idle/0010.png
 create mode 100644 reports/WC-U440/20260906T144111Z/wc_u_human_warrior/verified-v4/motion-frames/Idle/0011.png
 create mode 100644 reports/WC-U440/20260906T144111Z/wc_u_human_warrior/verified-v4/motion-frames/Idle/0012.png
 create mode 100644 reports/WC-U440/20260906T144111Z/wc_u_human_warrior/verified-v4/motion-frames/Idle/0013.png
 create mode 100644 reports/WC-U440/20260906T144111Z/wc_u_human_warrior/verified-v4/motion-frames/Idle/0014.png
 create mode 100644 reports/WC-U440/20260906T144111Z/wc_u_human_warrior/verified-v4/motion-frames/Idle/0015.png
 create mode 100644 reports/WC-U440/20260906T144111Z/wc_u_human_warrior/verified-v4/motion-frames/Idle/0016.png
 create mode 100644 reports/WC-U440/20260906T144111Z/wc_u_human_warrior/verified-v4/motion-frames/Idle/0017.png
 create mode 100644 reports/WC-U440/20260906T144111Z/wc_u_human_warrior/verified-v4/motion-frames/Idle/0018.png
 create mode 100644 reports/WC-U440/20260906T144111Z/wc_u_human_warrior/verified-v4/motion-frames/Idle/0019.png
 create mode 100644 reports/WC-U440/20260906T144111Z/wc_u_human_warrior/verified-v4/motion-frames/Idle/0020.png
 create mode 100644 reports/WC-U440/20260906T144111Z/wc_u_human_warrior/verified-v4/motion-frames/Idle/0021.png
 create mode 100644 reports/WC-U440/20260906T144111Z/wc_u_human_warrior/verified-v4/motion-frames/Idle/0022.png
 create mode 100644 reports/WC-U440/20260906T144111Z/wc_u_human_warrior/verified-v4/motion-frames/Idle/0023.png
 create mode 100644 reports/WC-U440/20260906T144111Z/wc_u_human_warrior/verified-v4/motion-frames/Idle/0024.png
 create mode 100644 reports/WC-U440/20260906T144111Z/wc_u_human_warrior/verified-v4/motion-frames/Idle/0025.png
 create mode 100644 reports/WC-U440/20260906T144111Z/wc_u_human_warrior/verified-v4/motion-frames/Idle/0026.png
 create mode 100644 reports/WC-U440/20260906T144111Z/wc_u_human_warrior/verified-v4/motion-frames/Idle/0027.png
 create mode 100644 reports/WC-U440/20260906T144111Z/wc_u_human_warrior/verified-v4/motion-frames/Idle/0028.png
 create mode 100644 reports/WC-U440/20260906T144111Z/wc_u_human_warrior/verified-v4/motion-frames/Idle/0029.png
 create mode 100644 reports/WC-U440/20260906T144111Z/wc_u_human_warrior/verified-v4/motion-frames/Idle/0030.png
 create mode 100644 reports/WC-U440/20260906T144111Z/wc_u_human_warrior/verified-v4/motion-frames/Idle/0031.png
 create mode 100644 reports/WC-U440/20260906T144111Z/wc_u_human_warrior/verified-v4/motion-frames/Idle/0032.png
 create mode 100644 reports/WC-U440/20260906T144111Z/wc_u_human_warrior/verified-v4/motion-frames/Idle/0033.png
 create mode 100644 reports/WC-U440/20260906T144111Z/wc_u_human_warrior/verified-v4/motion-frames/Idle/0034.png
 create mode 100644 reports/WC-U440/20260906T144111Z/wc_u_human_warrior/verified-v4/motion-frames/Idle/0035.png
 create mode 100644 reports/WC-U440/20260906T144111Z/wc_u_human_warrior/verified-v4/motion-frames/Idle/0036.png
 create mode 100644 reports/WC-U440/20260906T144111Z/wc_u_human_warrior/verified-v4/motion-frames/Idle/0037.png
 create mode 100644 reports/WC-U440/20260906T144111Z/wc_u_human_warrior/verified-v4/motion-frames/Idle/0038.png
 create mode 100644 reports/WC-U440/20260906T144111Z/wc_u_human_warrior/verified-v4/motion-frames/Idle/0039.png
 create mode 100644 reports/WC-U440/20260906T144111Z/wc_u_human_warrior/verified-v4/motion-frames/Move/0000.png
 create mode 100644 reports/WC-U440/20260906T144111Z/wc_u_human_warrior/verified-v4/motion-frames/Move/0001.png
 create mode 100644 reports/WC-U440/20260906T144111Z/wc_u_human_warrior/verified-v4/motion-frames/Move/0002.png
 create mode 100644 reports/WC-U440/20260906T144111Z/wc_u_human_warrior/verified-v4/motion-frames/Move/0003.png
 create mode 100644 reports/WC-U440/20260906T144111Z/wc_u_human_warrior/verified-v4/motion-frames/Move/0004.png
 create mode 100644 reports/WC-U440/20260906T144111Z/wc_u_human_warrior/verified-v4/motion-frames/Move/0005.png
 create mode 100644 reports/WC-U440/20260906T144111Z/wc_u_human_warrior/verified-v4/motion-frames/Move/0006.png
 create mode 100644 reports/WC-U440/20260906T144111Z/wc_u_human_warrior/verified-v4/motion-frames/Move/0007.png
 create mode 100644 reports/WC-U440/20260906T144111Z/wc_u_human_warrior/verified-v4/motion-frames/Move/0008.png
 create mode 100644 reports/WC-U440/20260906T144111Z/wc_u_human_warrior/verified-v4/motion-frames/Move/0009.png
 create mode 100644 reports/WC-U440/20260906T144111Z/wc_u_human_warrior/verified-v4/motion-frames/Move/0010.png
 create mode 100644 reports/WC-U440/20260906T144111Z/wc_u_human_warrior/verified-v4/motion-frames/Move/0011.png
 create mode 100644 reports/WC-U440/20260906T144111Z/wc_u_human_warrior/verified-v4/motion-frames/Move/0012.png
 create mode 100644 reports/WC-U440/20260906T144111Z/wc_u_human_warrior/verified-v4/motion-frames/Move/0013.png
 create mode 100644 reports/WC-U440/20260906T144111Z/wc_u_human_warrior/verified-v4/motion-frames/Move/0014.png
 create mode 100644 reports/WC-U440/20260906T144111Z/wc_u_human_warrior/verified-v4/motion-frames/Move/0015.png
 create mode 100644 reports/WC-U440/20260906T144111Z/wc_u_human_warrior/verified-v4/motion-frames/Move/0016.png
 create mode 100644 reports/WC-U440/20260906T144111Z/wc_u_human_warrior/verified-v4/motion-frames/Move/0017.png
 create mode 100644 reports/WC-U440/20260906T144111Z/wc_u_human_warrior/verified-v4/motion-frames/Move/0018.png
 create mode 100644 reports/WC-U440/20260906T144111Z/wc_u_human_warrior/verified-v4/motion-frames/Move/0019.png
 create mode 100644 reports/WC-U440/20260906T144111Z/wc_u_human_warrior/verified-v4/motion-frames/Victory/0000.png
 create mode 100644 reports/WC-U440/20260906T144111Z/wc_u_human_warrior/verified-v4/motion-frames/Victory/0001.png
 create mode 100644 reports/WC-U440/20260906T144111Z/wc_u_human_warrior/verified-v4/motion-frames/Victory/0002.png
 create mode 100644 reports/WC-U440/20260906T144111Z/wc_u_human_warrior/verified-v4/motion-frames/Victory/0003.png
 create mode 100644 reports/WC-U440/20260906T144111Z/wc_u_human_warrior/verified-v4/motion-frames/Victory/0004.png
 create mode 100644 reports/WC-U440/20260906T144111Z/wc_u_human_warrior/verified-v4/motion-frames/Victory/0005.png
 create mode 100644 reports/WC-U440/20260906T144111Z/wc_u_human_warrior/verified-v4/motion-frames/Victory/0006.png
 create mode 100644 reports/WC-U440/20260906T144111Z/wc_u_human_warrior/verified-v4/motion-frames/Victory/0007.png
 create mode 100644 reports/WC-U440/20260906T144111Z/wc_u_human_warrior/verified-v4/motion-frames/Victory/0008.png
 create mode 100644 reports/WC-U440/20260906T144111Z/wc_u_human_warrior/verified-v4/motion-frames/Victory/0009.png
 create mode 100644 reports/WC-U440/20260906T144111Z/wc_u_human_warrior/verified-v4/motion-frames/Victory/0010.png
 create mode 100644 reports/WC-U440/20260906T144111Z/wc_u_human_warrior/verified-v4/motion-frames/Victory/0011.png
 create mode 100644 reports/WC-U440/20260906T144111Z/wc_u_human_warrior/verified-v4/motion-frames/Victory/0012.png
 create mode 100644 reports/WC-U440/20260906T144111Z/wc_u_human_warrior/verified-v4/motion-frames/Victory/0013.png
 create mode 100644 reports/WC-U440/20260906T144111Z/wc_u_human_warrior/verified-v4/motion-frames/Victory/0014.png
 create mode 100644 reports/WC-U440/20260906T144111Z/wc_u_human_warrior/verified-v4/motion-frames/Victory/0015.png
 create mode 100644 reports/WC-U440/20260906T144111Z/wc_u_human_warrior/verified-v4/motion-frames/Victory/0016.png
 create mode 100644 reports/WC-U440/20260906T144111Z/wc_u_human_warrior/verified-v4/motion-frames/Victory/0017.png
 create mode 100644 reports/WC-U440/20260906T144111Z/wc_u_human_warrior/verified-v4/motion-frames/Victory/0018.png
 create mode 100644 reports/WC-U440/20260906T144111Z/wc_u_human_warrior/verified-v4/motion-frames/Victory/0019.png
 create mode 100644 reports/WC-U440/20260906T144111Z/wc_u_human_warrior/verified-v4/motion-frames/Victory/0020.png
 create mode 100644 reports/WC-U440/20260906T144111Z/wc_u_human_warrior/verified-v4/motion-frames/Victory/0021.png
 create mode 100644 reports/WC-U440/20260906T144111Z/wc_u_human_warrior/verified-v4/motion-frames/Victory/0022.png
 create mode 100644 reports/WC-U440/20260906T144111Z/wc_u_human_warrior/verified-v4/motion-frames/Victory/0023.png
 create mode 100644 reports/WC-U440/20260906T144111Z/wc_u_human_warrior/verified-v4/motion-frames/Victory/0024.png
 create mode 100644 reports/WC-U440/20260906T144111Z/wc_u_human_warrior/verified-v4/motion-frames/Victory/0025.png
 create mode 100644 reports/WC-U440/20260906T144111Z/wc_u_human_warrior/verified-v4/motion-frames/Victory/0026.png
 create mode 100644 reports/WC-U440/20260906T144111Z/wc_u_human_warrior/verified-v4/motion-frames/Victory/0027.png
 create mode 100644 reports/WC-U440/20260906T144111Z/wc_u_human_warrior/verified-v4/motion-frames/Victory/0028.png
 create mode 100644 reports/WC-U440/20260906T144111Z/wc_u_human_warrior/verified-v4/motion-frames/Victory/0029.png
 create mode 100644 reports/WC-U440/20260906T144111Z/wc_u_human_warrior/verified-v4/motion-invariants.json
 create mode 100644 reports/WC-U440/20260906T144111Z/wc_u_human_warrior/verified-v4/motion-sequences.json
 create mode 100644 reports/WC-U440/20260906T144111Z/wc_u_human_warrior/verified-v4/normal-speed-evidence.json
 create mode 100644 reports/WC-U440/20260906T144111Z/wc_u_human_warrior/verified-v4/published-verification.json
 create mode 100644 reports/WC-U440/20260906T144111Z/wc_u_orc_guardian/candidate-v1/EXPORT-inspection.json
 create mode 100644 reports/WC-U440/20260906T144111Z/wc_u_orc_guardian/candidate-v1/LOD_SOURCE-inspection.json
 create mode 100644 reports/WC-U440/20260906T144111Z/wc_u_orc_guardian/candidate-v1/authoring-result.json
 create mode 100644 reports/WC-U440/20260906T144111Z/wc_u_orc_guardian/candidate-v1/back.png
 create mode 100644 reports/WC-U440/20260906T144111Z/wc_u_orc_guardian/candidate-v1/clip_Active.png
 create mode 100644 reports/WC-U440/20260906T144111Z/wc_u_orc_guardian/candidate-v1/clip_Attack.png
 create mode 100644 reports/WC-U440/20260906T144111Z/wc_u_orc_guardian/candidate-v1/clip_Defeat.png
 create mode 100644 reports/WC-U440/20260906T144111Z/wc_u_orc_guardian/candidate-v1/clip_Hit.png
 create mode 100644 reports/WC-U440/20260906T144111Z/wc_u_orc_guardian/candidate-v1/clip_Idle.png
 create mode 100644 reports/WC-U440/20260906T144111Z/wc_u_orc_guardian/candidate-v1/clip_Move.png
 create mode 100644 reports/WC-U440/20260906T144111Z/wc_u_orc_guardian/candidate-v1/clip_Victory.png
 create mode 100644 reports/WC-U440/20260906T144111Z/wc_u_orc_guardian/candidate-v1/executed-author.py
 create mode 100644 reports/WC-U440/20260906T144111Z/wc_u_orc_guardian/candidate-v1/front.png
 create mode 100644 reports/WC-U440/20260906T144111Z/wc_u_orc_guardian/candidate-v1/motion-invariants.json
 create mode 100644 reports/WC-U440/20260906T144111Z/wc_u_orc_guardian/candidate-v1/side.png
 create mode 100644 reports/WC-U440/20260906T144111Z/wc_u_orc_guardian/candidate-v1/three-quarter.png
 create mode 100644 reports/WC-U440/20260906T144111Z/wc_u_orc_guardian/candidate-v1/unanimated-source.blend
 create mode 100644 reports/WC-U440/20260906T144111Z/wc_u_orc_guardian/refinement-v1/back.png
 create mode 100644 reports/WC-U440/20260906T144111Z/wc_u_orc_guardian/refinement-v1/before-export-manifest.json
 create mode 100644 reports/WC-U440/20260906T144111Z/wc_u_orc_guardian/refinement-v1/before-portrait.png
 create mode 100644 reports/WC-U440/20260906T144111Z/wc_u_orc_guardian/refinement-v1/before.blend
 create mode 100644 reports/WC-U440/20260906T144111Z/wc_u_orc_guardian/refinement-v1/executed-refinement.py
 create mode 100644 reports/WC-U440/20260906T144111Z/wc_u_orc_guardian/refinement-v1/front.png
 create mode 100644 reports/WC-U440/20260906T144111Z/wc_u_orc_guardian/refinement-v1/prior-mesh-exports/SK_wc_u_orc_guardian.fbx
 create mode 100644 reports/WC-U440/20260906T144111Z/wc_u_orc_guardian/refinement-v1/prior-mesh-exports/SK_wc_u_orc_guardian_LOD1.fbx
 create mode 100644 reports/WC-U440/20260906T144111Z/wc_u_orc_guardian/refinement-v1/prior-mesh-exports/SK_wc_u_orc_guardian_LOD2.fbx
 create mode 100644 reports/WC-U440/20260906T144111Z/wc_u_orc_guardian/refinement-v1/refinement-result.json
 create mode 100644 reports/WC-U440/20260906T144111Z/wc_u_orc_guardian/refinement-v1/side.png
 create mode 100644 reports/WC-U440/20260906T144111Z/wc_u_orc_guardian/refinement-v1/three-quarter.png
 create mode 100644 reports/WC-U440/20260906T144111Z/wc_u_orc_guardian/refinement-v2/back.png
 create mode 100644 reports/WC-U440/20260906T144111Z/wc_u_orc_guardian/refinement-v2/before-export-manifest.json
 create mode 100644 reports/WC-U440/20260906T144111Z/wc_u_orc_guardian/refinement-v2/before-portrait.png
 create mode 100644 reports/WC-U440/20260906T144111Z/wc_u_orc_guardian/refinement-v2/before.blend
 create mode 100644 reports/WC-U440/20260906T144111Z/wc_u_orc_guardian/refinement-v2/executed-refinement.py
 create mode 100644 reports/WC-U440/20260906T144111Z/wc_u_orc_guardian/refinement-v2/front.png
 create mode 100644 reports/WC-U440/20260906T144111Z/wc_u_orc_guardian/refinement-v2/refinement-result.json
 create mode 100644 reports/WC-U440/20260906T144111Z/wc_u_orc_guardian/refinement-v2/side.png
 create mode 100644 reports/WC-U440/20260906T144111Z/wc_u_orc_guardian/refinement-v2/three-quarter.png
 create mode 100644 reports/WC-U440/20260906T144111Z/wc_u_orc_guardian/verified-v2/EXPORT-inspection.json
 create mode 100644 reports/WC-U440/20260906T144111Z/wc_u_orc_guardian/verified-v2/LOD_SOURCE-inspection.json
 create mode 100644 reports/WC-U440/20260906T144111Z/wc_u_orc_guardian/verified-v2/motion-frames/Active/0000.png
 create mode 100644 reports/WC-U440/20260906T144111Z/wc_u_orc_guardian/verified-v2/motion-frames/Active/0001.png
 create mode 100644 reports/WC-U440/20260906T144111Z/wc_u_orc_guardian/verified-v2/motion-frames/Active/0002.png
 create mode 100644 reports/WC-U440/20260906T144111Z/wc_u_orc_guardian/verified-v2/motion-frames/Active/0003.png
 create mode 100644 reports/WC-U440/20260906T144111Z/wc_u_orc_guardian/verified-v2/motion-frames/Active/0004.png
 create mode 100644 reports/WC-U440/20260906T144111Z/wc_u_orc_guardian/verified-v2/motion-frames/Active/0005.png
 create mode 100644 reports/WC-U440/20260906T144111Z/wc_u_orc_guardian/verified-v2/motion-frames/Active/0006.png
 create mode 100644 reports/WC-U440/20260906T144111Z/wc_u_orc_guardian/verified-v2/motion-frames/Active/0007.png
 create mode 100644 reports/WC-U440/20260906T144111Z/wc_u_orc_guardian/verified-v2/motion-frames/Active/0008.png
 create mode 100644 reports/WC-U440/20260906T144111Z/wc_u_orc_guardian/verified-v2/motion-frames/Active/0009.png
 create mode 100644 reports/WC-U440/20260906T144111Z/wc_u_orc_guardian/verified-v2/motion-frames/Active/0010.png
 create mode 100644 reports/WC-U440/20260906T144111Z/wc_u_orc_guardian/verified-v2/motion-frames/Active/0011.png
 create mode 100644 reports/WC-U440/20260906T144111Z/wc_u_orc_guardian/verified-v2/motion-frames/Active/0012.png
 create mode 100644 reports/WC-U440/20260906T144111Z/wc_u_orc_guardian/verified-v2/motion-frames/Attack/0000.png
 create mode 100644 reports/WC-U440/20260906T144111Z/wc_u_orc_guardian/verified-v2/motion-frames/Attack/0001.png
 create mode 100644 reports/WC-U440/20260906T144111Z/wc_u_orc_guardian/verified-v2/motion-frames/Attack/0002.png
 create mode 100644 reports/WC-U440/20260906T144111Z/wc_u_orc_guardian/verified-v2/motion-frames/Attack/0003.png
 create mode 100644 reports/WC-U440/20260906T144111Z/wc_u_orc_guardian/verified-v2/motion-frames/Attack/0004.png
 create mode 100644 reports/WC-U440/20260906T144111Z/wc_u_orc_guardian/verified-v2/motion-frames/Attack/0005.png
 create mode 100644 reports/WC-U440/20260906T144111Z/wc_u_orc_guardian/verified-v2/motion-frames/Attack/0006.png
 create mode 100644 reports/WC-U440/20260906T144111Z/wc_u_orc_guardian/verified-v2/motion-frames/Attack/0007.png
 create mode 100644 reports/WC-U440/20260906T144111Z/wc_u_orc_guardian/verified-v2/motion-frames/Attack/0008.png
 create mode 100644 reports/WC-U440/20260906T144111Z/wc_u_orc_guardian/verified-v2/motion-frames/Attack/0009.png
 create mode 100644 reports/WC-U440/20260906T144111Z/wc_u_orc_guardian/verified-v2/motion-frames/Attack/0010.png
 create mode 100644 reports/WC-U440/20260906T144111Z/wc_u_orc_guardian/verified-v2/motion-frames/Attack/0011.png
 create mode 100644 reports/WC-U440/20260906T144111Z/wc_u_orc_guardian/verified-v2/motion-frames/Attack/0012.png
 create mode 100644 reports/WC-U440/20260906T144111Z/wc_u_orc_guardian/verified-v2/motion-frames/Defeat/0000.png
 create mode 100644 reports/WC-U440/20260906T144111Z/wc_u_orc_guardian/verified-v2/motion-frames/Defeat/0001.png
 create mode 100644 reports/WC-U440/20260906T144111Z/wc_u_orc_guardian/verified-v2/motion-frames/Defeat/0002.png
 create mode 100644 reports/WC-U440/20260906T144111Z/wc_u_orc_guardian/verified-v2/motion-frames/Defeat/0003.png
 create mode 100644 reports/WC-U440/20260906T144111Z/wc_u_orc_guardian/verified-v2/motion-frames/Defeat/0004.png
 create mode 100644 reports/WC-U440/20260906T144111Z/wc_u_orc_guardian/verified-v2/motion-frames/Defeat/0005.png
 create mode 100644 reports/WC-U440/20260906T144111Z/wc_u_orc_guardian/verified-v2/motion-frames/Defeat/0006.png
 create mode 100644 reports/WC-U440/20260906T144111Z/wc_u_orc_guardian/verified-v2/motion-frames/Defeat/0007.png
 create mode 100644 reports/WC-U440/20260906T144111Z/wc_u_orc_guardian/verified-v2/motion-frames/Defeat/0008.png
 create mode 100644 reports/WC-U440/20260906T144111Z/wc_u_orc_guardian/verified-v2/motion-frames/Defeat/0009.png
 create mode 100644 reports/WC-U440/20260906T144111Z/wc_u_orc_guardian/verified-v2/motion-frames/Defeat/0010.png
 create mode 100644 reports/WC-U440/20260906T144111Z/wc_u_orc_guardian/verified-v2/motion-frames/Defeat/0011.png
 create mode 100644 reports/WC-U440/20260906T144111Z/wc_u_orc_guardian/verified-v2/motion-frames/Defeat/0012.png
 create mode 100644 reports/WC-U440/20260906T144111Z/wc_u_orc_guardian/verified-v2/motion-frames/Defeat/0013.png
 create mode 100644 reports/WC-U440/20260906T144111Z/wc_u_orc_guardian/verified-v2/motion-frames/Defeat/0014.png
 create mode 100644 reports/WC-U440/20260906T144111Z/wc_u_orc_guardian/verified-v2/motion-frames/Defeat/0015.png
 create mode 100644 reports/WC-U440/20260906T144111Z/wc_u_orc_guardian/verified-v2/motion-frames/Defeat/0016.png
 create mode 100644 reports/WC-U440/20260906T144111Z/wc_u_orc_guardian/verified-v2/motion-frames/Defeat/0017.png
 create mode 100644 reports/WC-U440/20260906T144111Z/wc_u_orc_guardian/verified-v2/motion-frames/Defeat/0018.png
 create mode 100644 reports/WC-U440/20260906T144111Z/wc_u_orc_guardian/verified-v2/motion-frames/Defeat/0019.png
 create mode 100644 reports/WC-U440/20260906T144111Z/wc_u_orc_guardian/verified-v2/motion-frames/Hit/0000.png
 create mode 100644 reports/WC-U440/20260906T144111Z/wc_u_orc_guardian/verified-v2/motion-frames/Hit/0001.png
 create mode 100644 reports/WC-U440/20260906T144111Z/wc_u_orc_guardian/verified-v2/motion-frames/Hit/0002.png
 create mode 100644 reports/WC-U440/20260906T144111Z/wc_u_orc_guardian/verified-v2/motion-frames/Hit/0003.png
 create mode 100644 reports/WC-U440/20260906T144111Z/wc_u_orc_guardian/verified-v2/motion-frames/Hit/0004.png
 create mode 100644 reports/WC-U440/20260906T144111Z/wc_u_orc_guardian/verified-v2/motion-frames/Hit/0005.png
 create mode 100644 reports/WC-U440/20260906T144111Z/wc_u_orc_guardian/verified-v2/motion-frames/Hit/0006.png
 create mode 100644 reports/WC-U440/20260906T144111Z/wc_u_orc_guardian/verified-v2/motion-frames/Hit/0007.png
 create mode 100644 reports/WC-U440/20260906T144111Z/wc_u_orc_guardian/verified-v2/motion-frames/Idle/0000.png
 create mode 100644 reports/WC-U440/20260906T144111Z/wc_u_orc_guardian/verified-v2/motion-frames/Idle/0001.png
 create mode 100644 reports/WC-U440/20260906T144111Z/wc_u_orc_guardian/verified-v2/motion-frames/Idle/0002.png
 create mode 100644 reports/WC-U440/20260906T144111Z/wc_u_orc_guardian/verified-v2/motion-frames/Idle/0003.png
 create mode 100644 reports/WC-U440/20260906T144111Z/wc_u_orc_guardian/verified-v2/motion-frames/Idle/0004.png
 create mode 100644 reports/WC-U440/20260906T144111Z/wc_u_orc_guardian/verified-v2/motion-frames/Idle/0005.png
 create mode 100644 reports/WC-U440/20260906T144111Z/wc_u_orc_guardian/verified-v2/motion-frames/Idle/0006.png
 create mode 100644 reports/WC-U440/20260906T144111Z/wc_u_orc_guardian/verified-v2/motion-frames/Idle/0007.png
 create mode 100644 reports/WC-U440/20260906T144111Z/wc_u_orc_guardian/verified-v2/motion-frames/Idle/0008.png
 create mode 100644 reports/WC-U440/20260906T144111Z/wc_u_orc_guardian/verified-v2/motion-frames/Idle/0009.png
 create mode 100644 reports/WC-U440/20260906T144111Z/wc_u_orc_guardian/verified-v2/motion-frames/Idle/0010.png
 create mode 100644 reports/WC-U440/20260906T144111Z/wc_u_orc_guardian/verified-v2/motion-frames/Idle/0011.png
 create mode 100644 reports/WC-U440/20260906T144111Z/wc_u_orc_guardian/verified-v2/motion-frames/Idle/0012.png
 create mode 100644 reports/WC-U440/20260906T144111Z/wc_u_orc_guardian/verified-v2/motion-frames/Idle/0013.png
 create mode 100644 reports/WC-U440/20260906T144111Z/wc_u_orc_guardian/verified-v2/motion-frames/Idle/0014.png
 create mode 100644 reports/WC-U440/20260906T144111Z/wc_u_orc_guardian/verified-v2/motion-frames/Idle/0015.png
 create mode 100644 reports/WC-U440/20260906T144111Z/wc_u_orc_guardian/verified-v2/motion-frames/Idle/0016.png
 create mode 100644 reports/WC-U440/20260906T144111Z/wc_u_orc_guardian/verified-v2/motion-frames/Idle/0017.png
 create mode 100644 reports/WC-U440/20260906T144111Z/wc_u_orc_guardian/verified-v2/motion-frames/Idle/0018.png
 create mode 100644 reports/WC-U440/20260906T144111Z/wc_u_orc_guardian/verified-v2/motion-frames/Idle/0019.png
 create mode 100644 reports/WC-U440/20260906T144111Z/wc_u_orc_guardian/verified-v2/motion-frames/Idle/0020.png
 create mode 100644 reports/WC-U440/20260906T144111Z/wc_u_orc_guardian/verified-v2/motion-frames/Idle/0021.png
 create mode 100644 reports/WC-U440/20260906T144111Z/wc_u_orc_guardian/verified-v2/motion-frames/Idle/0022.png
 create mode 100644 reports/WC-U440/20260906T144111Z/wc_u_orc_guardian/verified-v2/motion-frames/Idle/0023.png
 create mode 100644 reports/WC-U440/20260906T144111Z/wc_u_orc_guardian/verified-v2/motion-frames/Idle/0024.png
 create mode 100644 reports/WC-U440/20260906T144111Z/wc_u_orc_guardian/verified-v2/motion-frames/Idle/0025.png
 create mode 100644 reports/WC-U440/20260906T144111Z/wc_u_orc_guardian/verified-v2/motion-frames/Idle/0026.png
 create mode 100644 reports/WC-U440/20260906T144111Z/wc_u_orc_guardian/verified-v2/motion-frames/Idle/0027.png
 create mode 100644 reports/WC-U440/20260906T144111Z/wc_u_orc_guardian/verified-v2/motion-frames/Idle/0028.png
 create mode 100644 reports/WC-U440/20260906T144111Z/wc_u_orc_guardian/verified-v2/motion-frames/Idle/0029.png
 create mode 100644 reports/WC-U440/20260906T144111Z/wc_u_orc_guardian/verified-v2/motion-frames/Idle/0030.png
 create mode 100644 reports/WC-U440/20260906T144111Z/wc_u_orc_guardian/verified-v2/motion-frames/Idle/0031.png
 create mode 100644 reports/WC-U440/20260906T144111Z/wc_u_orc_guardian/verified-v2/motion-frames/Idle/0032.png
 create mode 100644 reports/WC-U440/20260906T144111Z/wc_u_orc_guardian/verified-v2/motion-frames/Idle/0033.png
 create mode 100644 reports/WC-U440/20260906T144111Z/wc_u_orc_guardian/verified-v2/motion-frames/Idle/0034.png
 create mode 100644 reports/WC-U440/20260906T144111Z/wc_u_orc_guardian/verified-v2/motion-frames/Idle/0035.png
 create mode 100644 reports/WC-U440/20260906T144111Z/wc_u_orc_guardian/verified-v2/motion-frames/Idle/0036.png
 create mode 100644 reports/WC-U440/20260906T144111Z/wc_u_orc_guardian/verified-v2/motion-frames/Idle/0037.png
 create mode 100644 reports/WC-U440/20260906T144111Z/wc_u_orc_guardian/verified-v2/motion-frames/Idle/0038.png
 create mode 100644 reports/WC-U440/20260906T144111Z/wc_u_orc_guardian/verified-v2/motion-frames/Idle/0039.png
 create mode 100644 reports/WC-U440/20260906T144111Z/wc_u_orc_guardian/verified-v2/motion-frames/Move/0000.png
 create mode 100644 reports/WC-U440/20260906T144111Z/wc_u_orc_guardian/verified-v2/motion-frames/Move/0001.png
 create mode 100644 reports/WC-U440/20260906T144111Z/wc_u_orc_guardian/verified-v2/motion-frames/Move/0002.png
 create mode 100644 reports/WC-U440/20260906T144111Z/wc_u_orc_guardian/verified-v2/motion-frames/Move/0003.png
 create mode 100644 reports/WC-U440/20260906T144111Z/wc_u_orc_guardian/verified-v2/motion-frames/Move/0004.png
 create mode 100644 reports/WC-U440/20260906T144111Z/wc_u_orc_guardian/verified-v2/motion-frames/Move/0005.png
 create mode 100644 reports/WC-U440/20260906T144111Z/wc_u_orc_guardian/verified-v2/motion-frames/Move/0006.png
 create mode 100644 reports/WC-U440/20260906T144111Z/wc_u_orc_guardian/verified-v2/motion-frames/Move/0007.png
 create mode 100644 reports/WC-U440/20260906T144111Z/wc_u_orc_guardian/verified-v2/motion-frames/Move/0008.png
 create mode 100644 reports/WC-U440/20260906T144111Z/wc_u_orc_guardian/verified-v2/motion-frames/Move/0009.png
 create mode 100644 reports/WC-U440/20260906T144111Z/wc_u_orc_guardian/verified-v2/motion-frames/Move/0010.png
 create mode 100644 reports/WC-U440/20260906T144111Z/wc_u_orc_guardian/verified-v2/motion-frames/Move/0011.png
 create mode 100644 reports/WC-U440/20260906T144111Z/wc_u_orc_guardian/verified-v2/motion-frames/Move/0012.png
 create mode 100644 reports/WC-U440/20260906T144111Z/wc_u_orc_guardian/verified-v2/motion-frames/Move/0013.png
 create mode 100644 reports/WC-U440/20260906T144111Z/wc_u_orc_guardian/verified-v2/motion-frames/Move/0014.png
 create mode 100644 reports/WC-U440/20260906T144111Z/wc_u_orc_guardian/verified-v2/motion-frames/Move/0015.png
 create mode 100644 reports/WC-U440/20260906T144111Z/wc_u_orc_guardian/verified-v2/motion-frames/Move/0016.png
 create mode 100644 reports/WC-U440/20260906T144111Z/wc_u_orc_guardian/verified-v2/motion-frames/Move/0017.png
 create mode 100644 reports/WC-U440/20260906T144111Z/wc_u_orc_guardian/verified-v2/motion-frames/Move/0018.png
 create mode 100644 reports/WC-U440/20260906T144111Z/wc_u_orc_guardian/verified-v2/motion-frames/Move/0019.png
 create mode 100644 reports/WC-U440/20260906T144111Z/wc_u_orc_guardian/verified-v2/motion-frames/Victory/0000.png
 create mode 100644 reports/WC-U440/20260906T144111Z/wc_u_orc_guardian/verified-v2/motion-frames/Victory/0001.png
 create mode 100644 reports/WC-U440/20260906T144111Z/wc_u_orc_guardian/verified-v2/motion-frames/Victory/0002.png
 create mode 100644 reports/WC-U440/20260906T144111Z/wc_u_orc_guardian/verified-v2/motion-frames/Victory/0003.png
 create mode 100644 reports/WC-U440/20260906T144111Z/wc_u_orc_guardian/verified-v2/motion-frames/Victory/0004.png
 create mode 100644 reports/WC-U440/20260906T144111Z/wc_u_orc_guardian/verified-v2/motion-frames/Victory/0005.png
 create mode 100644 reports/WC-U440/20260906T144111Z/wc_u_orc_guardian/verified-v2/motion-frames/Victory/0006.png
 create mode 100644 reports/WC-U440/20260906T144111Z/wc_u_orc_guardian/verified-v2/motion-frames/Victory/0007.png
 create mode 100644 reports/WC-U440/20260906T144111Z/wc_u_orc_guardian/verified-v2/motion-frames/Victory/0008.png
 create mode 100644 reports/WC-U440/20260906T144111Z/wc_u_orc_guardian/verified-v2/motion-frames/Victory/0009.png
 create mode 100644 reports/WC-U440/20260906T144111Z/wc_u_orc_guardian/verified-v2/motion-frames/Victory/0010.png
 create mode 100644 reports/WC-U440/20260906T144111Z/wc_u_orc_guardian/verified-v2/motion-frames/Victory/0011.png
 create mode 100644 reports/WC-U440/20260906T144111Z/wc_u_orc_guardian/verified-v2/motion-frames/Victory/0012.png
 create mode 100644 reports/WC-U440/20260906T144111Z/wc_u_orc_guardian/verified-v2/motion-frames/Victory/0013.png
 create mode 100644 reports/WC-U440/20260906T144111Z/wc_u_orc_guardian/verified-v2/motion-frames/Victory/0014.png
 create mode 100644 reports/WC-U440/20260906T144111Z/wc_u_orc_guardian/verified-v2/motion-frames/Victory/0015.png
 create mode 100644 reports/WC-U440/20260906T144111Z/wc_u_orc_guardian/verified-v2/motion-frames/Victory/0016.png
 create mode 100644 reports/WC-U440/20260906T144111Z/wc_u_orc_guardian/verified-v2/motion-frames/Victory/0017.png
 create mode 100644 reports/WC-U440/20260906T144111Z/wc_u_orc_guardian/verified-v2/motion-frames/Victory/0018.png
 create mode 100644 reports/WC-U440/20260906T144111Z/wc_u_orc_guardian/verified-v2/motion-frames/Victory/0019.png
 create mode 100644 reports/WC-U440/20260906T144111Z/wc_u_orc_guardian/verified-v2/motion-frames/Victory/0020.png
 create mode 100644 reports/WC-U440/20260906T144111Z/wc_u_orc_guardian/verified-v2/motion-frames/Victory/0021.png
 create mode 100644 reports/WC-U440/20260906T144111Z/wc_u_orc_guardian/verified-v2/motion-frames/Victory/0022.png
 create mode 100644 reports/WC-U440/20260906T144111Z/wc_u_orc_guardian/verified-v2/motion-frames/Victory/0023.png
 create mode 100644 reports/WC-U440/20260906T144111Z/wc_u_orc_guardian/verified-v2/motion-frames/Victory/0024.png
 create mode 100644 reports/WC-U440/20260906T144111Z/wc_u_orc_guardian/verified-v2/motion-frames/Victory/0025.png
 create mode 100644 reports/WC-U440/20260906T144111Z/wc_u_orc_guardian/verified-v2/motion-frames/Victory/0026.png
 create mode 100644 reports/WC-U440/20260906T144111Z/wc_u_orc_guardian/verified-v2/motion-frames/Victory/0027.png
 create mode 100644 reports/WC-U440/20260906T144111Z/wc_u_orc_guardian/verified-v2/motion-frames/Victory/0028.png
 create mode 100644 reports/WC-U440/20260906T144111Z/wc_u_orc_guardian/verified-v2/motion-frames/Victory/0029.png
 create mode 100644 reports/WC-U440/20260906T144111Z/wc_u_orc_guardian/verified-v2/motion-invariants.json
 create mode 100644 reports/WC-U440/20260906T144111Z/wc_u_orc_guardian/verified-v2/motion-sequences.json
 create mode 100644 reports/WC-U440/20260906T144111Z/wc_u_orc_guardian/verified-v2/published-verification.json
 create mode 100644 reports/WC-U440/20260906T144111Z/wc_u_orc_guardian/verified-v3/Active-all-samples.png
 create mode 100644 reports/WC-U440/20260906T144111Z/wc_u_orc_guardian/verified-v3/Active-normal-speed.gif
 create mode 100644 reports/WC-U440/20260906T144111Z/wc_u_orc_guardian/verified-v3/Attack-all-samples.png
 create mode 100644 reports/WC-U440/20260906T144111Z/wc_u_orc_guardian/verified-v3/Attack-normal-speed.gif
 create mode 100644 reports/WC-U440/20260906T144111Z/wc_u_orc_guardian/verified-v3/Defeat-all-samples.png
 create mode 100644 reports/WC-U440/20260906T144111Z/wc_u_orc_guardian/verified-v3/Defeat-normal-speed.gif
 create mode 100644 reports/WC-U440/20260906T144111Z/wc_u_orc_guardian/verified-v3/EXPORT-inspection.json
 create mode 100644 reports/WC-U440/20260906T144111Z/wc_u_orc_guardian/verified-v3/Hit-all-samples.png
 create mode 100644 reports/WC-U440/20260906T144111Z/wc_u_orc_guardian/verified-v3/Hit-normal-speed.gif
 create mode 100644 reports/WC-U440/20260906T144111Z/wc_u_orc_guardian/verified-v3/Idle-all-samples.png
 create mode 100644 reports/WC-U440/20260906T144111Z/wc_u_orc_guardian/verified-v3/Idle-normal-speed.gif
 create mode 100644 reports/WC-U440/20260906T144111Z/wc_u_orc_guardian/verified-v3/LOD_SOURCE-inspection.json
 create mode 100644 reports/WC-U440/20260906T144111Z/wc_u_orc_guardian/verified-v3/Move-all-samples.png
 create mode 100644 reports/WC-U440/20260906T144111Z/wc_u_orc_guardian/verified-v3/Move-normal-speed.gif
 create mode 100644 reports/WC-U440/20260906T144111Z/wc_u_orc_guardian/verified-v3/Victory-all-samples.png
 create mode 100644 reports/WC-U440/20260906T144111Z/wc_u_orc_guardian/verified-v3/Victory-normal-speed.gif
 create mode 100644 reports/WC-U440/20260906T144111Z/wc_u_orc_guardian/verified-v3/motion-frames/Active/0000.png
 create mode 100644 reports/WC-U440/20260906T144111Z/wc_u_orc_guardian/verified-v3/motion-frames/Active/0001.png
 create mode 100644 reports/WC-U440/20260906T144111Z/wc_u_orc_guardian/verified-v3/motion-frames/Active/0002.png
 create mode 100644 reports/WC-U440/20260906T144111Z/wc_u_orc_guardian/verified-v3/motion-frames/Active/0003.png
 create mode 100644 reports/WC-U440/20260906T144111Z/wc_u_orc_guardian/verified-v3/motion-frames/Active/0004.png
 create mode 100644 reports/WC-U440/20260906T144111Z/wc_u_orc_guardian/verified-v3/motion-frames/Active/0005.png
 create mode 100644 reports/WC-U440/20260906T144111Z/wc_u_orc_guardian/verified-v3/motion-frames/Active/0006.png
 create mode 100644 reports/WC-U440/20260906T144111Z/wc_u_orc_guardian/verified-v3/motion-frames/Active/0007.png
 create mode 100644 reports/WC-U440/20260906T144111Z/wc_u_orc_guardian/verified-v3/motion-frames/Active/0008.png
 create mode 100644 reports/WC-U440/20260906T144111Z/wc_u_orc_guardian/verified-v3/motion-frames/Active/0009.png
 create mode 100644 reports/WC-U440/20260906T144111Z/wc_u_orc_guardian/verified-v3/motion-frames/Active/0010.png
 create mode 100644 reports/WC-U440/20260906T144111Z/wc_u_orc_guardian/verified-v3/motion-frames/Active/0011.png
 create mode 100644 reports/WC-U440/20260906T144111Z/wc_u_orc_guardian/verified-v3/motion-frames/Active/0012.png
 create mode 100644 reports/WC-U440/20260906T144111Z/wc_u_orc_guardian/verified-v3/motion-frames/Attack/0000.png
 create mode 100644 reports/WC-U440/20260906T144111Z/wc_u_orc_guardian/verified-v3/motion-frames/Attack/0001.png
 create mode 100644 reports/WC-U440/20260906T144111Z/wc_u_orc_guardian/verified-v3/motion-frames/Attack/0002.png
 create mode 100644 reports/WC-U440/20260906T144111Z/wc_u_orc_guardian/verified-v3/motion-frames/Attack/0003.png
 create mode 100644 reports/WC-U440/20260906T144111Z/wc_u_orc_guardian/verified-v3/motion-frames/Attack/0004.png
 create mode 100644 reports/WC-U440/20260906T144111Z/wc_u_orc_guardian/verified-v3/motion-frames/Attack/0005.png
 create mode 100644 reports/WC-U440/20260906T144111Z/wc_u_orc_guardian/verified-v3/motion-frames/Attack/0006.png
 create mode 100644 reports/WC-U440/20260906T144111Z/wc_u_orc_guardian/verified-v3/motion-frames/Attack/0007.png
 create mode 100644 reports/WC-U440/20260906T144111Z/wc_u_orc_guardian/verified-v3/motion-frames/Attack/0008.png
 create mode 100644 reports/WC-U440/20260906T144111Z/wc_u_orc_guardian/verified-v3/motion-frames/Attack/0009.png
 create mode 100644 reports/WC-U440/20260906T144111Z/wc_u_orc_guardian/verified-v3/motion-frames/Attack/0010.png
 create mode 100644 reports/WC-U440/20260906T144111Z/wc_u_orc_guardian/verified-v3/motion-frames/Attack/0011.png
 create mode 100644 reports/WC-U440/20260906T144111Z/wc_u_orc_guardian/verified-v3/motion-frames/Attack/0012.png
 create mode 100644 reports/WC-U440/20260906T144111Z/wc_u_orc_guardian/verified-v3/motion-frames/Defeat/0000.png
 create mode 100644 reports/WC-U440/20260906T144111Z/wc_u_orc_guardian/verified-v3/motion-frames/Defeat/0001.png
 create mode 100644 reports/WC-U440/20260906T144111Z/wc_u_orc_guardian/verified-v3/motion-frames/Defeat/0002.png
 create mode 100644 reports/WC-U440/20260906T144111Z/wc_u_orc_guardian/verified-v3/motion-frames/Defeat/0003.png
 create mode 100644 reports/WC-U440/20260906T144111Z/wc_u_orc_guardian/verified-v3/motion-frames/Defeat/0004.png
 create mode 100644 reports/WC-U440/20260906T144111Z/wc_u_orc_guardian/verified-v3/motion-frames/Defeat/0005.png
 create mode 100644 reports/WC-U440/20260906T144111Z/wc_u_orc_guardian/verified-v3/motion-frames/Defeat/0006.png
 create mode 100644 reports/WC-U440/20260906T144111Z/wc_u_orc_guardian/verified-v3/motion-frames/Defeat/0007.png
 create mode 100644 reports/WC-U440/20260906T144111Z/wc_u_orc_guardian/verified-v3/motion-frames/Defeat/0008.png
 create mode 100644 reports/WC-U440/20260906T144111Z/wc_u_orc_guardian/verified-v3/motion-frames/Defeat/0009.png
 create mode 100644 reports/WC-U440/20260906T144111Z/wc_u_orc_guardian/verified-v3/motion-frames/Defeat/0010.png
 create mode 100644 reports/WC-U440/20260906T144111Z/wc_u_orc_guardian/verified-v3/motion-frames/Defeat/0011.png
 create mode 100644 reports/WC-U440/20260906T144111Z/wc_u_orc_guardian/verified-v3/motion-frames/Defeat/0012.png
 create mode 100644 reports/WC-U440/20260906T144111Z/wc_u_orc_guardian/verified-v3/motion-frames/Defeat/0013.png
 create mode 100644 reports/WC-U440/20260906T144111Z/wc_u_orc_guardian/verified-v3/motion-frames/Defeat/0014.png
 create mode 100644 reports/WC-U440/20260906T144111Z/wc_u_orc_guardian/verified-v3/motion-frames/Defeat/0015.png
 create mode 100644 reports/WC-U440/20260906T144111Z/wc_u_orc_guardian/verified-v3/motion-frames/Defeat/0016.png
 create mode 100644 reports/WC-U440/20260906T144111Z/wc_u_orc_guardian/verified-v3/motion-frames/Defeat/0017.png
 create mode 100644 reports/WC-U440/20260906T144111Z/wc_u_orc_guardian/verified-v3/motion-frames/Defeat/0018.png
 create mode 100644 reports/WC-U440/20260906T144111Z/wc_u_orc_guardian/verified-v3/motion-frames/Defeat/0019.png
 create mode 100644 reports/WC-U440/20260906T144111Z/wc_u_orc_guardian/verified-v3/motion-frames/Hit/0000.png
 create mode 100644 reports/WC-U440/20260906T144111Z/wc_u_orc_guardian/verified-v3/motion-frames/Hit/0001.png
 create mode 100644 reports/WC-U440/20260906T144111Z/wc_u_orc_guardian/verified-v3/motion-frames/Hit/0002.png
 create mode 100644 reports/WC-U440/20260906T144111Z/wc_u_orc_guardian/verified-v3/motion-frames/Hit/0003.png
 create mode 100644 reports/WC-U440/20260906T144111Z/wc_u_orc_guardian/verified-v3/motion-frames/Hit/0004.png
 create mode 100644 reports/WC-U440/20260906T144111Z/wc_u_orc_guardian/verified-v3/motion-frames/Hit/0005.png
 create mode 100644 reports/WC-U440/20260906T144111Z/wc_u_orc_guardian/verified-v3/motion-frames/Hit/0006.png
 create mode 100644 reports/WC-U440/20260906T144111Z/wc_u_orc_guardian/verified-v3/motion-frames/Hit/0007.png
 create mode 100644 reports/WC-U440/20260906T144111Z/wc_u_orc_guardian/verified-v3/motion-frames/Idle/0000.png
 create mode 100644 reports/WC-U440/20260906T144111Z/wc_u_orc_guardian/verified-v3/motion-frames/Idle/0001.png
 create mode 100644 reports/WC-U440/20260906T144111Z/wc_u_orc_guardian/verified-v3/motion-frames/Idle/0002.png
 create mode 100644 reports/WC-U440/20260906T144111Z/wc_u_orc_guardian/verified-v3/motion-frames/Idle/0003.png
 create mode 100644 reports/WC-U440/20260906T144111Z/wc_u_orc_guardian/verified-v3/motion-frames/Idle/0004.png
 create mode 100644 reports/WC-U440/20260906T144111Z/wc_u_orc_guardian/verified-v3/motion-frames/Idle/0005.png
 create mode 100644 reports/WC-U440/20260906T144111Z/wc_u_orc_guardian/verified-v3/motion-frames/Idle/0006.png
 create mode 100644 reports/WC-U440/20260906T144111Z/wc_u_orc_guardian/verified-v3/motion-frames/Idle/0007.png
 create mode 100644 reports/WC-U440/20260906T144111Z/wc_u_orc_guardian/verified-v3/motion-frames/Idle/0008.png
 create mode 100644 reports/WC-U440/20260906T144111Z/wc_u_orc_guardian/verified-v3/motion-frames/Idle/0009.png
 create mode 100644 reports/WC-U440/20260906T144111Z/wc_u_orc_guardian/verified-v3/motion-frames/Idle/0010.png
 create mode 100644 reports/WC-U440/20260906T144111Z/wc_u_orc_guardian/verified-v3/motion-frames/Idle/0011.png
 create mode 100644 reports/WC-U440/20260906T144111Z/wc_u_orc_guardian/verified-v3/motion-frames/Idle/0012.png
 create mode 100644 reports/WC-U440/20260906T144111Z/wc_u_orc_guardian/verified-v3/motion-frames/Idle/0013.png
 create mode 100644 reports/WC-U440/20260906T144111Z/wc_u_orc_guardian/verified-v3/motion-frames/Idle/0014.png
 create mode 100644 reports/WC-U440/20260906T144111Z/wc_u_orc_guardian/verified-v3/motion-frames/Idle/0015.png
 create mode 100644 reports/WC-U440/20260906T144111Z/wc_u_orc_guardian/verified-v3/motion-frames/Idle/0016.png
 create mode 100644 reports/WC-U440/20260906T144111Z/wc_u_orc_guardian/verified-v3/motion-frames/Idle/0017.png
 create mode 100644 reports/WC-U440/20260906T144111Z/wc_u_orc_guardian/verified-v3/motion-frames/Idle/0018.png
 create mode 100644 reports/WC-U440/20260906T144111Z/wc_u_orc_guardian/verified-v3/motion-frames/Idle/0019.png
 create mode 100644 reports/WC-U440/20260906T144111Z/wc_u_orc_guardian/verified-v3/motion-frames/Idle/0020.png
 create mode 100644 reports/WC-U440/20260906T144111Z/wc_u_orc_guardian/verified-v3/motion-frames/Idle/0021.png
 create mode 100644 reports/WC-U440/20260906T144111Z/wc_u_orc_guardian/verified-v3/motion-frames/Idle/0022.png
 create mode 100644 reports/WC-U440/20260906T144111Z/wc_u_orc_guardian/verified-v3/motion-frames/Idle/0023.png
 create mode 100644 reports/WC-U440/20260906T144111Z/wc_u_orc_guardian/verified-v3/motion-frames/Idle/0024.png
 create mode 100644 reports/WC-U440/20260906T144111Z/wc_u_orc_guardian/verified-v3/motion-frames/Idle/0025.png
 create mode 100644 reports/WC-U440/20260906T144111Z/wc_u_orc_guardian/verified-v3/motion-frames/Idle/0026.png
 create mode 100644 reports/WC-U440/20260906T144111Z/wc_u_orc_guardian/verified-v3/motion-frames/Idle/0027.png
 create mode 100644 reports/WC-U440/20260906T144111Z/wc_u_orc_guardian/verified-v3/motion-frames/Idle/0028.png
 create mode 100644 reports/WC-U440/20260906T144111Z/wc_u_orc_guardian/verified-v3/motion-frames/Idle/0029.png
 create mode 100644 reports/WC-U440/20260906T144111Z/wc_u_orc_guardian/verified-v3/motion-frames/Idle/0030.png
 create mode 100644 reports/WC-U440/20260906T144111Z/wc_u_orc_guardian/verified-v3/motion-frames/Idle/0031.png
 create mode 100644 reports/WC-U440/20260906T144111Z/wc_u_orc_guardian/verified-v3/motion-frames/Idle/0032.png
 create mode 100644 reports/WC-U440/20260906T144111Z/wc_u_orc_guardian/verified-v3/motion-frames/Idle/0033.png
 create mode 100644 reports/WC-U440/20260906T144111Z/wc_u_orc_guardian/verified-v3/motion-frames/Idle/0034.png
 create mode 100644 reports/WC-U440/20260906T144111Z/wc_u_orc_guardian/verified-v3/motion-frames/Idle/0035.png
 create mode 100644 reports/WC-U440/20260906T144111Z/wc_u_orc_guardian/verified-v3/motion-frames/Idle/0036.png
 create mode 100644 reports/WC-U440/20260906T144111Z/wc_u_orc_guardian/verified-v3/motion-frames/Idle/0037.png
 create mode 100644 reports/WC-U440/20260906T144111Z/wc_u_orc_guardian/verified-v3/motion-frames/Idle/0038.png
 create mode 100644 reports/WC-U440/20260906T144111Z/wc_u_orc_guardian/verified-v3/motion-frames/Idle/0039.png
 create mode 100644 reports/WC-U440/20260906T144111Z/wc_u_orc_guardian/verified-v3/motion-frames/Move/0000.png
 create mode 100644 reports/WC-U440/20260906T144111Z/wc_u_orc_guardian/verified-v3/motion-frames/Move/0001.png
 create mode 100644 reports/WC-U440/20260906T144111Z/wc_u_orc_guardian/verified-v3/motion-frames/Move/0002.png
 create mode 100644 reports/WC-U440/20260906T144111Z/wc_u_orc_guardian/verified-v3/motion-frames/Move/0003.png
 create mode 100644 reports/WC-U440/20260906T144111Z/wc_u_orc_guardian/verified-v3/motion-frames/Move/0004.png
 create mode 100644 reports/WC-U440/20260906T144111Z/wc_u_orc_guardian/verified-v3/motion-frames/Move/0005.png
 create mode 100644 reports/WC-U440/20260906T144111Z/wc_u_orc_guardian/verified-v3/motion-frames/Move/0006.png
 create mode 100644 reports/WC-U440/20260906T144111Z/wc_u_orc_guardian/verified-v3/motion-frames/Move/0007.png
 create mode 100644 reports/WC-U440/20260906T144111Z/wc_u_orc_guardian/verified-v3/motion-frames/Move/0008.png
 create mode 100644 reports/WC-U440/20260906T144111Z/wc_u_orc_guardian/verified-v3/motion-frames/Move/0009.png
 create mode 100644 reports/WC-U440/20260906T144111Z/wc_u_orc_guardian/verified-v3/motion-frames/Move/0010.png
 create mode 100644 reports/WC-U440/20260906T144111Z/wc_u_orc_guardian/verified-v3/motion-frames/Move/0011.png
 create mode 100644 reports/WC-U440/20260906T144111Z/wc_u_orc_guardian/verified-v3/motion-frames/Move/0012.png
 create mode 100644 reports/WC-U440/20260906T144111Z/wc_u_orc_guardian/verified-v3/motion-frames/Move/0013.png
 create mode 100644 reports/WC-U440/20260906T144111Z/wc_u_orc_guardian/verified-v3/motion-frames/Move/0014.png
 create mode 100644 reports/WC-U440/20260906T144111Z/wc_u_orc_guardian/verified-v3/motion-frames/Move/0015.png
 create mode 100644 reports/WC-U440/20260906T144111Z/wc_u_orc_guardian/verified-v3/motion-frames/Move/0016.png
 create mode 100644 reports/WC-U440/20260906T144111Z/wc_u_orc_guardian/verified-v3/motion-frames/Move/0017.png
 create mode 100644 reports/WC-U440/20260906T144111Z/wc_u_orc_guardian/verified-v3/motion-frames/Move/0018.png
 create mode 100644 reports/WC-U440/20260906T144111Z/wc_u_orc_guardian/verified-v3/motion-frames/Move/0019.png
 create mode 100644 reports/WC-U440/20260906T144111Z/wc_u_orc_guardian/verified-v3/motion-frames/Victory/0000.png
 create mode 100644 reports/WC-U440/20260906T144111Z/wc_u_orc_guardian/verified-v3/motion-frames/Victory/0001.png
 create mode 100644 reports/WC-U440/20260906T144111Z/wc_u_orc_guardian/verified-v3/motion-frames/Victory/0002.png
 create mode 100644 reports/WC-U440/20260906T144111Z/wc_u_orc_guardian/verified-v3/motion-frames/Victory/0003.png
 create mode 100644 reports/WC-U440/20260906T144111Z/wc_u_orc_guardian/verified-v3/motion-frames/Victory/0004.png
 create mode 100644 reports/WC-U440/20260906T144111Z/wc_u_orc_guardian/verified-v3/motion-frames/Victory/0005.png
 create mode 100644 reports/WC-U440/20260906T144111Z/wc_u_orc_guardian/verified-v3/motion-frames/Victory/0006.png
 create mode 100644 reports/WC-U440/20260906T144111Z/wc_u_orc_guardian/verified-v3/motion-frames/Victory/0007.png
 create mode 100644 reports/WC-U440/20260906T144111Z/wc_u_orc_guardian/verified-v3/motion-frames/Victory/0008.png
 create mode 100644 reports/WC-U440/20260906T144111Z/wc_u_orc_guardian/verified-v3/motion-frames/Victory/0009.png
 create mode 100644 reports/WC-U440/20260906T144111Z/wc_u_orc_guardian/verified-v3/motion-frames/Victory/0010.png
 create mode 100644 reports/WC-U440/20260906T144111Z/wc_u_orc_guardian/verified-v3/motion-frames/Victory/0011.png
 create mode 100644 reports/WC-U440/20260906T144111Z/wc_u_orc_guardian/verified-v3/motion-frames/Victory/0012.png
 create mode 100644 reports/WC-U440/20260906T144111Z/wc_u_orc_guardian/verified-v3/motion-frames/Victory/0013.png
 create mode 100644 reports/WC-U440/20260906T144111Z/wc_u_orc_guardian/verified-v3/motion-frames/Victory/0014.png
 create mode 100644 reports/WC-U440/20260906T144111Z/wc_u_orc_guardian/verified-v3/motion-frames/Victory/0015.png
 create mode 100644 reports/WC-U440/20260906T144111Z/wc_u_orc_guardian/verified-v3/motion-frames/Victory/0016.png
 create mode 100644 reports/WC-U440/20260906T144111Z/wc_u_orc_guardian/verified-v3/motion-frames/Victory/0017.png
 create mode 100644 reports/WC-U440/20260906T144111Z/wc_u_orc_guardian/verified-v3/motion-frames/Victory/0018.png
 create mode 100644 reports/WC-U440/20260906T144111Z/wc_u_orc_guardian/verified-v3/motion-frames/Victory/0019.png
 create mode 100644 reports/WC-U440/20260906T144111Z/wc_u_orc_guardian/verified-v3/motion-frames/Victory/0020.png
 create mode 100644 reports/WC-U440/20260906T144111Z/wc_u_orc_guardian/verified-v3/motion-frames/Victory/0021.png
 create mode 100644 reports/WC-U440/20260906T144111Z/wc_u_orc_guardian/verified-v3/motion-frames/Victory/0022.png
 create mode 100644 reports/WC-U440/20260906T144111Z/wc_u_orc_guardian/verified-v3/motion-frames/Victory/0023.png
 create mode 100644 reports/WC-U440/20260906T144111Z/wc_u_orc_guardian/verified-v3/motion-frames/Victory/0024.png
 create mode 100644 reports/WC-U440/20260906T144111Z/wc_u_orc_guardian/verified-v3/motion-frames/Victory/0025.png
 create mode 100644 reports/WC-U440/20260906T144111Z/wc_u_orc_guardian/verified-v3/motion-frames/Victory/0026.png
 create mode 100644 reports/WC-U440/20260906T144111Z/wc_u_orc_guardian/verified-v3/motion-frames/Victory/0027.png
 create mode 100644 reports/WC-U440/20260906T144111Z/wc_u_orc_guardian/verified-v3/motion-frames/Victory/0028.png
 create mode 100644 reports/WC-U440/20260906T144111Z/wc_u_orc_guardian/verified-v3/motion-frames/Victory/0029.png
 create mode 100644 reports/WC-U440/20260906T144111Z/wc_u_orc_guardian/verified-v3/motion-invariants.json
 create mode 100644 reports/WC-U440/20260906T144111Z/wc_u_orc_guardian/verified-v3/motion-sequences.json
 create mode 100644 reports/WC-U440/20260906T144111Z/wc_u_orc_guardian/verified-v3/normal-speed-evidence.json
 create mode 100644 reports/WC-U440/20260906T144111Z/wc_u_orc_guardian/verified-v3/published-verification.json
 create mode 100644 reports/WC-U440/20260906T144111Z/write-four-family-handoff.py
 create mode 100644 reports/WC-U440/20260906T150422Z/original-source-freeze/verification.json
 create mode 100644 reports/WC-U440/20260906T151056Z/cass-import/console.log
 create mode 100644 reports/WC-U440/20260906T151056Z/cass-import/editor.log
 create mode 100644 reports/WC-U440/20260906T151056Z/cass-import/import-audio.json
 create mode 100644 reports/WC-U440/20260906T151056Z/cass-import/import_alpha_assets.json
 create mode 100644 reports/WC-U440/20260906T151056Z/cass-import/process-exit.json
 create mode 100644 reports/WC-U440/20260906T151202Z-dragonkin-preparation/dragonkin-preparation-handoff.md
 create mode 100644 reports/WC-U440/20260906T151202Z-dragonkin-preparation/helper-identity.json
 create mode 100644 reports/WC-U440/20260906T151202Z-dragonkin-preparation/preparation-contract.json
 create mode 100644 reports/WC-U440/20260906T151202Z-dragonkin-preparation/unexecuted-source-inventory.json
 create mode 100644 reports/WC-U440/20260906T152237Z/cass-orla-import/console.log
 create mode 100644 reports/WC-U440/20260906T152237Z/cass-orla-import/editor.log
 create mode 100644 reports/WC-U440/20260906T152237Z/cass-orla-import/import-selected.json
 create mode 100644 reports/WC-U440/20260906T152237Z/cass-orla-import/import_alpha_assets.json
 create mode 100644 reports/WC-U440/20260906T152237Z/cass-orla-import/process-exit.json
 create mode 100644 reports/WC-U440/20260906T153339Z/neris-tala-import/console.log
 create mode 100644 reports/WC-U440/20260906T153339Z/neris-tala-import/editor.log
 create mode 100644 reports/WC-U440/20260906T153339Z/neris-tala-import/import-selected.json
 create mode 100644 reports/WC-U440/20260906T153339Z/neris-tala-import/import_alpha_assets.json
 create mode 100644 reports/WC-U440/20260906T153339Z/neris-tala-import/process-exit.json
 create mode 100644 reports/WC-U440/20260906T153806Z/ada/ada-source9-handoff.json
 create mode 100644 reports/WC-U440/20260906T153806Z/ada/ada-source9-handoff.md
 create mode 100644 reports/WC-U440/20260906T153806Z/ada/candidate9-v1.log
 create mode 100644 reports/WC-U440/20260906T153806Z/ada/candidate9-v1/before-export-manifest.json
 create mode 100644 reports/WC-U440/20260906T153806Z/ada/candidate9-v1/before.blend
 create mode 100644 reports/WC-U440/20260906T153806Z/ada/candidate9-v1/executed-polish.py
 create mode 100644 reports/WC-U440/20260906T153806Z/ada/candidate9-v2.log
 create mode 100644 reports/WC-U440/20260906T153806Z/ada/candidate9-v2/ada-source9-candidate.blend
 create mode 100644 reports/WC-U440/20260906T153806Z/ada/candidate9-v2/back.png
 create mode 100644 reports/WC-U440/20260906T153806Z/ada/candidate9-v2/before-export-manifest.json
 create mode 100644 reports/WC-U440/20260906T153806Z/ada/candidate9-v2/before.blend
 create mode 100644 reports/WC-U440/20260906T153806Z/ada/candidate9-v2/candidate-result.json
 create mode 100644 reports/WC-U440/20260906T153806Z/ada/candidate9-v2/executed-polish.py
 create mode 100644 reports/WC-U440/20260906T153806Z/ada/candidate9-v2/face-three-quarter.png
 create mode 100644 reports/WC-U440/20260906T153806Z/ada/candidate9-v2/face.png
 create mode 100644 reports/WC-U440/20260906T153806Z/ada/candidate9-v2/front.png
 create mode 100644 reports/WC-U440/20260906T153806Z/ada/candidate9-v2/shield-rear.png
 create mode 100644 reports/WC-U440/20260906T153806Z/ada/candidate9-v2/side.png
 create mode 100644 reports/WC-U440/20260906T153806Z/ada/candidate9-v2/sword-grip.png
 create mode 100644 reports/WC-U440/20260906T153806Z/ada/candidate9-v2/three-quarter.png
 create mode 100644 reports/WC-U440/20260906T153806Z/ada/candidate9-v3.log
 create mode 100644 reports/WC-U440/20260906T153806Z/ada/candidate9-v3/ada-source9-candidate.blend
 create mode 100644 reports/WC-U440/20260906T153806Z/ada/candidate9-v3/back.png
 create mode 100644 reports/WC-U440/20260906T153806Z/ada/candidate9-v3/before-export-manifest.json
 create mode 100644 reports/WC-U440/20260906T153806Z/ada/candidate9-v3/before.blend
 create mode 100644 reports/WC-U440/20260906T153806Z/ada/candidate9-v3/candidate-result.json
 create mode 100644 reports/WC-U440/20260906T153806Z/ada/candidate9-v3/executed-polish.py
 create mode 100644 reports/WC-U440/20260906T153806Z/ada/candidate9-v3/face-three-quarter.png
 create mode 100644 reports/WC-U440/20260906T153806Z/ada/candidate9-v3/face.png
 create mode 100644 reports/WC-U440/20260906T153806Z/ada/candidate9-v3/front.png
 create mode 100644 reports/WC-U440/20260906T153806Z/ada/candidate9-v3/shield-rear.png
 create mode 100644 reports/WC-U440/20260906T153806Z/ada/candidate9-v3/side.png
 create mode 100644 reports/WC-U440/20260906T153806Z/ada/candidate9-v3/sword-grip.png
 create mode 100644 reports/WC-U440/20260906T153806Z/ada/candidate9-v3/three-quarter.png
 create mode 100644 reports/WC-U440/20260906T153806Z/ada/candidate9-v4.log
 create mode 100644 reports/WC-U440/20260906T153806Z/ada/candidate9-v4/ada-source9-candidate.blend
 create mode 100644 reports/WC-U440/20260906T153806Z/ada/candidate9-v4/back.png
 create mode 100644 reports/WC-U440/20260906T153806Z/ada/candidate9-v4/before-export-manifest.json
 create mode 100644 reports/WC-U440/20260906T153806Z/ada/candidate9-v4/before.blend
 create mode 100644 reports/WC-U440/20260906T153806Z/ada/candidate9-v4/candidate-result.json
 create mode 100644 reports/WC-U440/20260906T153806Z/ada/candidate9-v4/executed-polish.py
 create mode 100644 reports/WC-U440/20260906T153806Z/ada/candidate9-v4/face-three-quarter.png
 create mode 100644 reports/WC-U440/20260906T153806Z/ada/candidate9-v4/face.png
 create mode 100644 reports/WC-U440/20260906T153806Z/ada/candidate9-v4/front.png
 create mode 100644 reports/WC-U440/20260906T153806Z/ada/candidate9-v4/shield-rear.png
 create mode 100644 reports/WC-U440/20260906T153806Z/ada/candidate9-v4/side.png
 create mode 100644 reports/WC-U440/20260906T153806Z/ada/candidate9-v4/sword-grip.png
 create mode 100644 reports/WC-U440/20260906T153806Z/ada/candidate9-v4/three-quarter.png
 create mode 100644 reports/WC-U440/20260906T153806Z/ada/candidate9-v5-preflight.log
 create mode 100644 reports/WC-U440/20260906T153806Z/ada/candidate9-v5.log
 create mode 100644 reports/WC-U440/20260906T153806Z/ada/candidate9-v5/ada-source9-candidate.blend
 create mode 100644 reports/WC-U440/20260906T153806Z/ada/candidate9-v5/back.png
 create mode 100644 reports/WC-U440/20260906T153806Z/ada/candidate9-v5/before-export-manifest.json
 create mode 100644 reports/WC-U440/20260906T153806Z/ada/candidate9-v5/before.blend
 create mode 100644 reports/WC-U440/20260906T153806Z/ada/candidate9-v5/candidate-result.json
 create mode 100644 reports/WC-U440/20260906T153806Z/ada/candidate9-v5/executed-polish.py
 create mode 100644 reports/WC-U440/20260906T153806Z/ada/candidate9-v5/face-three-quarter.png
 create mode 100644 reports/WC-U440/20260906T153806Z/ada/candidate9-v5/face.png
 create mode 100644 reports/WC-U440/20260906T153806Z/ada/candidate9-v5/front.png
 create mode 100644 reports/WC-U440/20260906T153806Z/ada/candidate9-v5/preflight-structure.json
 create mode 100644 reports/WC-U440/20260906T153806Z/ada/candidate9-v5/shield-rear.png
 create mode 100644 reports/WC-U440/20260906T153806Z/ada/candidate9-v5/side.png
 create mode 100644 reports/WC-U440/20260906T153806Z/ada/candidate9-v5/sword-grip.png
 create mode 100644 reports/WC-U440/20260906T153806Z/ada/candidate9-v5/three-quarter.png
 create mode 100644 reports/WC-U440/20260906T153806Z/ada/candidate9-v6.log
 create mode 100644 reports/WC-U440/20260906T153806Z/ada/candidate9-v6/ada-source9-candidate.blend
 create mode 100644 reports/WC-U440/20260906T153806Z/ada/candidate9-v6/back.png
 create mode 100644 reports/WC-U440/20260906T153806Z/ada/candidate9-v6/before-export-manifest.json
 create mode 100644 reports/WC-U440/20260906T153806Z/ada/candidate9-v6/before.blend
 create mode 100644 reports/WC-U440/20260906T153806Z/ada/candidate9-v6/candidate-result.json
 create mode 100644 reports/WC-U440/20260906T153806Z/ada/candidate9-v6/executed-polish.py
 create mode 100644 reports/WC-U440/20260906T153806Z/ada/candidate9-v6/face-three-quarter.png
 create mode 100644 reports/WC-U440/20260906T153806Z/ada/candidate9-v6/face.png
 create mode 100644 reports/WC-U440/20260906T153806Z/ada/candidate9-v6/front.png
 create mode 100644 reports/WC-U440/20260906T153806Z/ada/candidate9-v6/shield-rear.png
 create mode 100644 reports/WC-U440/20260906T153806Z/ada/candidate9-v6/side.png
 create mode 100644 reports/WC-U440/20260906T153806Z/ada/candidate9-v6/sword-grip.png
 create mode 100644 reports/WC-U440/20260906T153806Z/ada/candidate9-v6/three-quarter.png
 create mode 100644 reports/WC-U440/20260906T153806Z/ada/candidate9-v7-motion.log
 create mode 100644 reports/WC-U440/20260906T153806Z/ada/candidate9-v7-preflight.log
 create mode 100644 reports/WC-U440/20260906T153806Z/ada/candidate9-v7.log
 create mode 100644 reports/WC-U440/20260906T153806Z/ada/candidate9-v7/ada-source9-candidate.blend
 create mode 100644 reports/WC-U440/20260906T153806Z/ada/candidate9-v7/back.png
 create mode 100644 reports/WC-U440/20260906T153806Z/ada/candidate9-v7/before-export-manifest.json
 create mode 100644 reports/WC-U440/20260906T153806Z/ada/candidate9-v7/before.blend
 create mode 100644 reports/WC-U440/20260906T153806Z/ada/candidate9-v7/candidate-result.json
 create mode 100644 reports/WC-U440/20260906T153806Z/ada/candidate9-v7/executed-polish.py
 create mode 100644 reports/WC-U440/20260906T153806Z/ada/candidate9-v7/face-three-quarter.png
 create mode 100644 reports/WC-U440/20260906T153806Z/ada/candidate9-v7/face.png
 create mode 100644 reports/WC-U440/20260906T153806Z/ada/candidate9-v7/front.png
 create mode 100644 reports/WC-U440/20260906T153806Z/ada/candidate9-v7/preflight-motion.json
 create mode 100644 reports/WC-U440/20260906T153806Z/ada/candidate9-v7/preflight-structure.json
 create mode 100644 reports/WC-U440/20260906T153806Z/ada/candidate9-v7/shield-rear.png
 create mode 100644 reports/WC-U440/20260906T153806Z/ada/candidate9-v7/side.png
 create mode 100644 reports/WC-U440/20260906T153806Z/ada/candidate9-v7/sword-grip.png
 create mode 100644 reports/WC-U440/20260906T153806Z/ada/candidate9-v7/three-quarter.png
 create mode 100644 reports/WC-U440/20260906T153806Z/ada/candidate9-v8-preflight.log
 create mode 100644 reports/WC-U440/20260906T153806Z/ada/candidate9-v8.log
 create mode 100644 reports/WC-U440/20260906T153806Z/ada/candidate9-v8/ada-source9-candidate.blend
 create mode 100644 reports/WC-U440/20260906T153806Z/ada/candidate9-v8/back.png
 create mode 100644 reports/WC-U440/20260906T153806Z/ada/candidate9-v8/before-export-manifest.json
 create mode 100644 reports/WC-U440/20260906T153806Z/ada/candidate9-v8/before-portrait.png
 create mode 100644 reports/WC-U440/20260906T153806Z/ada/candidate9-v8/before.blend
 create mode 100644 reports/WC-U440/20260906T153806Z/ada/candidate9-v8/candidate-motion-invariants.json
 create mode 100644 reports/WC-U440/20260906T153806Z/ada/candidate9-v8/candidate-result.json
 create mode 100644 reports/WC-U440/20260906T153806Z/ada/candidate9-v8/candidate-structure.json
 create mode 100644 reports/WC-U440/20260906T153806Z/ada/candidate9-v8/executed-polish.py
 create mode 100644 reports/WC-U440/20260906T153806Z/ada/candidate9-v8/executed-publish.py
 create mode 100644 reports/WC-U440/20260906T153806Z/ada/candidate9-v8/face-three-quarter.png
 create mode 100644 reports/WC-U440/20260906T153806Z/ada/candidate9-v8/face.png
To https://github.com/TUPRAM/wonder-chess.git
   6ff4338..efca6f7  main -> main
branch 'main' set up to track 'origin/main'.
