warning: in the working copy of 'reports/WC-U440/20260907T165200Z-closeout/engine-motion-all168/wc_u_elf_priest/Idle/frames.csv', LF will be replaced by CRLF the next time Git touches it
warning: in the working copy of 'reports/WC-U440/20260907T165200Z-closeout/engine-motion-all168/wc_u_elf_priest/Move/frames.csv', LF will be replaced by CRLF the next time Git touches it
warning: in the working copy of 'reports/WC-U440/20260907T165200Z-closeout/engine-motion-all168/wc_u_elf_priest/Victory/frames.csv', LF will be replaced by CRLF the next time Git touches it
warning: in the working copy of 'reports/WC-U440/20260907T165200Z-closeout/engine-motion-all168/wc_u_elf_ranger/Active/frames.csv', LF will be replaced by CRLF the next time Git touches it
warning: in the working copy of 'reports/WC-U440/20260907T165200Z-closeout/engine-motion-all168/wc_u_elf_ranger/Attack/frames.csv', LF will be replaced by CRLF the next time Git touches it
warning: in the working copy of 'reports/WC-U440/20260907T165200Z-closeout/engine-motion-all168/wc_u_elf_ranger/Defeat/frames.csv', LF will be replaced by CRLF the next time Git touches it
warning: in the working copy of 'reports/WC-U440/20260907T165200Z-closeout/engine-motion-all168/wc_u_elf_ranger/Hit/frames.csv', LF will be replaced by CRLF the next time Git touches it
warning: in the working copy of 'reports/WC-U440/20260907T165200Z-closeout/engine-motion-all168/wc_u_elf_ranger/Idle/frames.csv', LF will be replaced by CRLF the next time Git touches it
warning: in the working copy of 'reports/WC-U440/20260907T165200Z-closeout/engine-motion-all168/wc_u_elf_ranger/Move/frames.csv', LF will be replaced by CRLF the next time Git touches it
warning: in the working copy of 'reports/WC-U440/20260907T165200Z-closeout/engine-motion-all168/wc_u_elf_ranger/Victory/frames.csv', LF will be replaced by CRLF the next time Git touches it
warning: in the working copy of 'reports/WC-U440/20260907T165200Z-closeout/engine-motion-all168/wc_u_elf_rogue/Active/frames.csv', LF will be replaced by CRLF the next time Git touches it
warning: in the working copy of 'reports/WC-U440/20260907T165200Z-closeout/engine-motion-all168/wc_u_elf_rogue/Attack/frames.csv', LF will be replaced by CRLF the next time Git touches it
warning: in the working copy of 'reports/WC-U440/20260907T165200Z-closeout/engine-motion-all168/wc_u_elf_rogue/Defeat/frames.csv', LF will be replaced by CRLF the next time Git touches it
warning: in the working copy of 'reports/WC-U440/20260907T165200Z-closeout/engine-motion-all168/wc_u_elf_rogue/Hit/frames.csv', LF will be replaced by CRLF the next time Git touches it
warning: in the working copy of 'reports/WC-U440/20260907T165200Z-closeout/engine-motion-all168/wc_u_elf_rogue/Idle/frames.csv', LF will be replaced by CRLF the next time Git touches it
warning: in the working copy of 'reports/WC-U440/20260907T165200Z-closeout/engine-motion-all168/wc_u_elf_rogue/Move/frames.csv', LF will be replaced by CRLF the next time Git touches it
warning: in the working copy of 'reports/WC-U440/20260907T165200Z-closeout/engine-motion-all168/wc_u_elf_rogue/Victory/frames.csv', LF will be replaced by CRLF the next time Git touches it
warning: in the working copy of 'reports/WC-U440/20260907T165200Z-closeout/engine-motion-all168/wc_u_halfling_mage/Active/frames.csv', LF will be replaced by CRLF the next time Git touches it
warning: in the working copy of 'reports/WC-U440/20260907T165200Z-closeout/engine-motion-all168/wc_u_halfling_mage/Attack/frames.csv', LF will be replaced by CRLF the next time Git touches it
warning: in the working copy of 'reports/WC-U440/20260907T165200Z-closeout/engine-motion-all168/wc_u_halfling_mage/Defeat/frames.csv', LF will be replaced by CRLF the next time Git touches it
warning: in the working copy of 'reports/WC-U440/20260907T165200Z-closeout/engine-motion-all168/wc_u_halfling_mage/Hit/frames.csv', LF will be replaced by CRLF the next time Git touches it
warning: in the working copy of 'reports/WC-U440/20260907T165200Z-closeout/engine-motion-all168/wc_u_halfling_mage/Idle/frames.csv', LF will be replaced by CRLF the next time Git touches it
warning: in the working copy of 'reports/WC-U440/20260907T165200Z-closeout/engine-motion-all168/wc_u_halfling_mage/Move/frames.csv', LF will be replaced by CRLF the next time Git touches it
warning: in the working copy of 'reports/WC-U440/20260907T165200Z-closeout/engine-motion-all168/wc_u_halfling_mage/Victory/frames.csv', LF will be replaced by CRLF the next time Git touches it
warning: in the working copy of 'reports/WC-U440/20260907T165200Z-closeout/engine-motion-all168/wc_u_halfling_ranger/Active/frames.csv', LF will be replaced by CRLF the next time Git touches it
warning: in the working copy of 'reports/WC-U440/20260907T165200Z-closeout/engine-motion-all168/wc_u_halfling_ranger/Attack/frames.csv', LF will be replaced by CRLF the next time Git touches it
warning: in the working copy of 'reports/WC-U440/20260907T165200Z-closeout/engine-motion-all168/wc_u_halfling_ranger/Defeat/frames.csv', LF will be replaced by CRLF the next time Git touches it
warning: in the working copy of 'reports/WC-U440/20260907T165200Z-closeout/engine-motion-all168/wc_u_halfling_ranger/Hit/frames.csv', LF will be replaced by CRLF the next time Git touches it
warning: in the working copy of 'reports/WC-U440/20260907T165200Z-closeout/engine-motion-all168/wc_u_halfling_ranger/Idle/frames.csv', LF will be replaced by CRLF the next time Git touches it
warning: in the working copy of 'reports/WC-U440/20260907T165200Z-closeout/engine-motion-all168/wc_u_halfling_ranger/Move/frames.csv', LF will be replaced by CRLF the next time Git touches it
warning: in the working copy of 'reports/WC-U440/20260907T165200Z-closeout/engine-motion-all168/wc_u_halfling_ranger/Victory/frames.csv', LF will be replaced by CRLF the next time Git touches it
warning: in the working copy of 'reports/WC-U440/20260907T165200Z-closeout/engine-motion-all168/wc_u_halfling_rogue/Active/frames.csv', LF will be replaced by CRLF the next time Git touches it
warning: in the working copy of 'reports/WC-U440/20260907T165200Z-closeout/engine-motion-all168/wc_u_halfling_rogue/Attack/frames.csv', LF will be replaced by CRLF the next time Git touches it
warning: in the working copy of 'reports/WC-U440/20260907T165200Z-closeout/engine-motion-all168/wc_u_halfling_rogue/Defeat/frames.csv', LF will be replaced by CRLF the next time Git touches it
warning: in the working copy of 'reports/WC-U440/20260907T165200Z-closeout/engine-motion-all168/wc_u_halfling_rogue/Hit/frames.csv', LF will be replaced by CRLF the next time Git touches it
warning: in the working copy of 'reports/WC-U440/20260907T165200Z-closeout/engine-motion-all168/wc_u_halfling_rogue/Idle/frames.csv', LF will be replaced by CRLF the next time Git touches it
warning: in the working copy of 'reports/WC-U440/20260907T165200Z-closeout/engine-motion-all168/wc_u_halfling_rogue/Move/frames.csv', LF will be replaced by CRLF the next time Git touches it
warning: in the working copy of 'reports/WC-U440/20260907T165200Z-closeout/engine-motion-all168/wc_u_halfling_rogue/Victory/frames.csv', LF will be replaced by CRLF the next time Git touches it
warning: in the working copy of 'reports/WC-U440/20260907T165200Z-closeout/engine-motion-all168/wc_u_halfling_warrior/Active/frames.csv', LF will be replaced by CRLF the next time Git touches it
warning: in the working copy of 'reports/WC-U440/20260907T165200Z-closeout/engine-motion-all168/wc_u_halfling_warrior/Attack/frames.csv', LF will be replaced by CRLF the next time Git touches it
warning: in the working copy of 'reports/WC-U440/20260907T165200Z-closeout/engine-motion-all168/wc_u_halfling_warrior/Defeat/frames.csv', LF will be replaced by CRLF the next time Git touches it
warning: in the working copy of 'reports/WC-U440/20260907T165200Z-closeout/engine-motion-all168/wc_u_halfling_warrior/Hit/frames.csv', LF will be replaced by CRLF the next time Git touches it
warning: in the working copy of 'reports/WC-U440/20260907T165200Z-closeout/engine-motion-all168/wc_u_halfling_warrior/Idle/frames.csv', LF will be replaced by CRLF the next time Git touches it
warning: in the working copy of 'reports/WC-U440/20260907T165200Z-closeout/engine-motion-all168/wc_u_halfling_warrior/Move/frames.csv', LF will be replaced by CRLF the next time Git touches it
warning: in the working copy of 'reports/WC-U440/20260907T165200Z-closeout/engine-motion-all168/wc_u_halfling_warrior/Victory/frames.csv', LF will be replaced by CRLF the next time Git touches it
warning: in the working copy of 'reports/WC-U440/20260907T165200Z-closeout/engine-motion-all168/wc_u_human_guardian/Active/frames.csv', LF will be replaced by CRLF the next time Git touches it
warning: in the working copy of 'reports/WC-U440/20260907T165200Z-closeout/engine-motion-all168/wc_u_human_guardian/Attack/frames.csv', LF will be replaced by CRLF the next time Git touches it
warning: in the working copy of 'reports/WC-U440/20260907T165200Z-closeout/engine-motion-all168/wc_u_human_guardian/Defeat/frames.csv', LF will be replaced by CRLF the next time Git touches it
warning: in the working copy of 'reports/WC-U440/20260907T165200Z-closeout/engine-motion-all168/wc_u_human_guardian/Hit/frames.csv', LF will be replaced by CRLF the next time Git touches it
warning: in the working copy of 'reports/WC-U440/20260907T165200Z-closeout/engine-motion-all168/wc_u_human_guardian/Idle/frames.csv', LF will be replaced by CRLF the next time Git touches it
[main 9e31d538] Preserve Wonder Chess research and execution evidence batch 10
 1143 files changed, 1166 insertions(+)
 create mode 100644 reports/WC-U440/20260907T165200Z-closeout/engine-motion-all168/wc_u_elf_priest/Idle/frame-00040.png
 create mode 100644 reports/WC-U440/20260907T165200Z-closeout/engine-motion-all168/wc_u_elf_priest/Idle/frames.csv
 create mode 100644 reports/WC-U440/20260907T165200Z-closeout/engine-motion-all168/wc_u_elf_priest/Move/frame-00000.png
 create mode 100644 reports/WC-U440/20260907T165200Z-closeout/engine-motion-all168/wc_u_elf_priest/Move/frame-00001.png
 create mode 100644 reports/WC-U440/20260907T165200Z-closeout/engine-motion-all168/wc_u_elf_priest/Move/frame-00002.png
 create mode 100644 reports/WC-U440/20260907T165200Z-closeout/engine-motion-all168/wc_u_elf_priest/Move/frame-00003.png
 create mode 100644 reports/WC-U440/20260907T165200Z-closeout/engine-motion-all168/wc_u_elf_priest/Move/frame-00004.png
 create mode 100644 reports/WC-U440/20260907T165200Z-closeout/engine-motion-all168/wc_u_elf_priest/Move/frame-00005.png
 create mode 100644 reports/WC-U440/20260907T165200Z-closeout/engine-motion-all168/wc_u_elf_priest/Move/frame-00006.png
 create mode 100644 reports/WC-U440/20260907T165200Z-closeout/engine-motion-all168/wc_u_elf_priest/Move/frame-00007.png
 create mode 100644 reports/WC-U440/20260907T165200Z-closeout/engine-motion-all168/wc_u_elf_priest/Move/frame-00008.png
 create mode 100644 reports/WC-U440/20260907T165200Z-closeout/engine-motion-all168/wc_u_elf_priest/Move/frame-00009.png
 create mode 100644 reports/WC-U440/20260907T165200Z-closeout/engine-motion-all168/wc_u_elf_priest/Move/frame-00010.png
 create mode 100644 reports/WC-U440/20260907T165200Z-closeout/engine-motion-all168/wc_u_elf_priest/Move/frame-00011.png
 create mode 100644 reports/WC-U440/20260907T165200Z-closeout/engine-motion-all168/wc_u_elf_priest/Move/frame-00012.png
 create mode 100644 reports/WC-U440/20260907T165200Z-closeout/engine-motion-all168/wc_u_elf_priest/Move/frame-00013.png
 create mode 100644 reports/WC-U440/20260907T165200Z-closeout/engine-motion-all168/wc_u_elf_priest/Move/frame-00014.png
 create mode 100644 reports/WC-U440/20260907T165200Z-closeout/engine-motion-all168/wc_u_elf_priest/Move/frame-00015.png
 create mode 100644 reports/WC-U440/20260907T165200Z-closeout/engine-motion-all168/wc_u_elf_priest/Move/frame-00016.png
 create mode 100644 reports/WC-U440/20260907T165200Z-closeout/engine-motion-all168/wc_u_elf_priest/Move/frame-00017.png
 create mode 100644 reports/WC-U440/20260907T165200Z-closeout/engine-motion-all168/wc_u_elf_priest/Move/frame-00018.png
 create mode 100644 reports/WC-U440/20260907T165200Z-closeout/engine-motion-all168/wc_u_elf_priest/Move/frame-00019.png
 create mode 100644 reports/WC-U440/20260907T165200Z-closeout/engine-motion-all168/wc_u_elf_priest/Move/frame-00020.png
 create mode 100644 reports/WC-U440/20260907T165200Z-closeout/engine-motion-all168/wc_u_elf_priest/Move/frames.csv
 create mode 100644 reports/WC-U440/20260907T165200Z-closeout/engine-motion-all168/wc_u_elf_priest/Victory/frame-00000.png
 create mode 100644 reports/WC-U440/20260907T165200Z-closeout/engine-motion-all168/wc_u_elf_priest/Victory/frame-00001.png
 create mode 100644 reports/WC-U440/20260907T165200Z-closeout/engine-motion-all168/wc_u_elf_priest/Victory/frame-00002.png
 create mode 100644 reports/WC-U440/20260907T165200Z-closeout/engine-motion-all168/wc_u_elf_priest/Victory/frame-00003.png
 create mode 100644 reports/WC-U440/20260907T165200Z-closeout/engine-motion-all168/wc_u_elf_priest/Victory/frame-00004.png
 create mode 100644 reports/WC-U440/20260907T165200Z-closeout/engine-motion-all168/wc_u_elf_priest/Victory/frame-00005.png
 create mode 100644 reports/WC-U440/20260907T165200Z-closeout/engine-motion-all168/wc_u_elf_priest/Victory/frame-00006.png
 create mode 100644 reports/WC-U440/20260907T165200Z-closeout/engine-motion-all168/wc_u_elf_priest/Victory/frame-00007.png
 create mode 100644 reports/WC-U440/20260907T165200Z-closeout/engine-motion-all168/wc_u_elf_priest/Victory/frame-00008.png
 create mode 100644 reports/WC-U440/20260907T165200Z-closeout/engine-motion-all168/wc_u_elf_priest/Victory/frame-00009.png
 create mode 100644 reports/WC-U440/20260907T165200Z-closeout/engine-motion-all168/wc_u_elf_priest/Victory/frame-00010.png
 create mode 100644 reports/WC-U440/20260907T165200Z-closeout/engine-motion-all168/wc_u_elf_priest/Victory/frame-00011.png
 create mode 100644 reports/WC-U440/20260907T165200Z-closeout/engine-motion-all168/wc_u_elf_priest/Victory/frame-00012.png
 create mode 100644 reports/WC-U440/20260907T165200Z-closeout/engine-motion-all168/wc_u_elf_priest/Victory/frame-00013.png
 create mode 100644 reports/WC-U440/20260907T165200Z-closeout/engine-motion-all168/wc_u_elf_priest/Victory/frame-00014.png
 create mode 100644 reports/WC-U440/20260907T165200Z-closeout/engine-motion-all168/wc_u_elf_priest/Victory/frame-00015.png
 create mode 100644 reports/WC-U440/20260907T165200Z-closeout/engine-motion-all168/wc_u_elf_priest/Victory/frame-00016.png
 create mode 100644 reports/WC-U440/20260907T165200Z-closeout/engine-motion-all168/wc_u_elf_priest/Victory/frame-00017.png
 create mode 100644 reports/WC-U440/20260907T165200Z-closeout/engine-motion-all168/wc_u_elf_priest/Victory/frame-00018.png
 create mode 100644 reports/WC-U440/20260907T165200Z-closeout/engine-motion-all168/wc_u_elf_priest/Victory/frame-00019.png
 create mode 100644 reports/WC-U440/20260907T165200Z-closeout/engine-motion-all168/wc_u_elf_priest/Victory/frame-00020.png
 create mode 100644 reports/WC-U440/20260907T165200Z-closeout/engine-motion-all168/wc_u_elf_priest/Victory/frame-00021.png
 create mode 100644 reports/WC-U440/20260907T165200Z-closeout/engine-motion-all168/wc_u_elf_priest/Victory/frame-00022.png
 create mode 100644 reports/WC-U440/20260907T165200Z-closeout/engine-motion-all168/wc_u_elf_priest/Victory/frame-00023.png
 create mode 100644 reports/WC-U440/20260907T165200Z-closeout/engine-motion-all168/wc_u_elf_priest/Victory/frame-00024.png
 create mode 100644 reports/WC-U440/20260907T165200Z-closeout/engine-motion-all168/wc_u_elf_priest/Victory/frame-00025.png
 create mode 100644 reports/WC-U440/20260907T165200Z-closeout/engine-motion-all168/wc_u_elf_priest/Victory/frame-00026.png
 create mode 100644 reports/WC-U440/20260907T165200Z-closeout/engine-motion-all168/wc_u_elf_priest/Victory/frame-00027.png
 create mode 100644 reports/WC-U440/20260907T165200Z-closeout/engine-motion-all168/wc_u_elf_priest/Victory/frame-00028.png
 create mode 100644 reports/WC-U440/20260907T165200Z-closeout/engine-motion-all168/wc_u_elf_priest/Victory/frame-00029.png
 create mode 100644 reports/WC-U440/20260907T165200Z-closeout/engine-motion-all168/wc_u_elf_priest/Victory/frame-00030.png
 create mode 100644 reports/WC-U440/20260907T165200Z-closeout/engine-motion-all168/wc_u_elf_priest/Victory/frames.csv
 create mode 100644 reports/WC-U440/20260907T165200Z-closeout/engine-motion-all168/wc_u_elf_ranger/Active/frame-00000.png
 create mode 100644 reports/WC-U440/20260907T165200Z-closeout/engine-motion-all168/wc_u_elf_ranger/Active/frame-00001.png
 create mode 100644 reports/WC-U440/20260907T165200Z-closeout/engine-motion-all168/wc_u_elf_ranger/Active/frame-00002.png
 create mode 100644 reports/WC-U440/20260907T165200Z-closeout/engine-motion-all168/wc_u_elf_ranger/Active/frame-00003.png
 create mode 100644 reports/WC-U440/20260907T165200Z-closeout/engine-motion-all168/wc_u_elf_ranger/Active/frame-00004.png
 create mode 100644 reports/WC-U440/20260907T165200Z-closeout/engine-motion-all168/wc_u_elf_ranger/Active/frame-00005.png
 create mode 100644 reports/WC-U440/20260907T165200Z-closeout/engine-motion-all168/wc_u_elf_ranger/Active/frame-00006.png
 create mode 100644 reports/WC-U440/20260907T165200Z-closeout/engine-motion-all168/wc_u_elf_ranger/Active/frame-00007.png
 create mode 100644 reports/WC-U440/20260907T165200Z-closeout/engine-motion-all168/wc_u_elf_ranger/Active/frame-00008.png
 create mode 100644 reports/WC-U440/20260907T165200Z-closeout/engine-motion-all168/wc_u_elf_ranger/Active/frame-00009.png
 create mode 100644 reports/WC-U440/20260907T165200Z-closeout/engine-motion-all168/wc_u_elf_ranger/Active/frame-00010.png
 create mode 100644 reports/WC-U440/20260907T165200Z-closeout/engine-motion-all168/wc_u_elf_ranger/Active/frames.csv
 create mode 100644 reports/WC-U440/20260907T165200Z-closeout/engine-motion-all168/wc_u_elf_ranger/Attack/frame-00000.png
 create mode 100644 reports/WC-U440/20260907T165200Z-closeout/engine-motion-all168/wc_u_elf_ranger/Attack/frame-00001.png
 create mode 100644 reports/WC-U440/20260907T165200Z-closeout/engine-motion-all168/wc_u_elf_ranger/Attack/frame-00002.png
 create mode 100644 reports/WC-U440/20260907T165200Z-closeout/engine-motion-all168/wc_u_elf_ranger/Attack/frame-00003.png
 create mode 100644 reports/WC-U440/20260907T165200Z-closeout/engine-motion-all168/wc_u_elf_ranger/Attack/frame-00004.png
 create mode 100644 reports/WC-U440/20260907T165200Z-closeout/engine-motion-all168/wc_u_elf_ranger/Attack/frame-00005.png
 create mode 100644 reports/WC-U440/20260907T165200Z-closeout/engine-motion-all168/wc_u_elf_ranger/Attack/frame-00006.png
 create mode 100644 reports/WC-U440/20260907T165200Z-closeout/engine-motion-all168/wc_u_elf_ranger/Attack/frame-00007.png
 create mode 100644 reports/WC-U440/20260907T165200Z-closeout/engine-motion-all168/wc_u_elf_ranger/Attack/frame-00008.png
 create mode 100644 reports/WC-U440/20260907T165200Z-closeout/engine-motion-all168/wc_u_elf_ranger/Attack/frame-00009.png
 create mode 100644 reports/WC-U440/20260907T165200Z-closeout/engine-motion-all168/wc_u_elf_ranger/Attack/frame-00010.png
 create mode 100644 reports/WC-U440/20260907T165200Z-closeout/engine-motion-all168/wc_u_elf_ranger/Attack/frame-00011.png
 create mode 100644 reports/WC-U440/20260907T165200Z-closeout/engine-motion-all168/wc_u_elf_ranger/Attack/frame-00012.png
 create mode 100644 reports/WC-U440/20260907T165200Z-closeout/engine-motion-all168/wc_u_elf_ranger/Attack/frame-00013.png
 create mode 100644 reports/WC-U440/20260907T165200Z-closeout/engine-motion-all168/wc_u_elf_ranger/Attack/frame-00014.png
 create mode 100644 reports/WC-U440/20260907T165200Z-closeout/engine-motion-all168/wc_u_elf_ranger/Attack/frames.csv
 create mode 100644 reports/WC-U440/20260907T165200Z-closeout/engine-motion-all168/wc_u_elf_ranger/Defeat/frame-00000.png
 create mode 100644 reports/WC-U440/20260907T165200Z-closeout/engine-motion-all168/wc_u_elf_ranger/Defeat/frame-00001.png
 create mode 100644 reports/WC-U440/20260907T165200Z-closeout/engine-motion-all168/wc_u_elf_ranger/Defeat/frame-00002.png
 create mode 100644 reports/WC-U440/20260907T165200Z-closeout/engine-motion-all168/wc_u_elf_ranger/Defeat/frame-00003.png
 create mode 100644 reports/WC-U440/20260907T165200Z-closeout/engine-motion-all168/wc_u_elf_ranger/Defeat/frame-00004.png
 create mode 100644 reports/WC-U440/20260907T165200Z-closeout/engine-motion-all168/wc_u_elf_ranger/Defeat/frame-00005.png
 create mode 100644 reports/WC-U440/20260907T165200Z-closeout/engine-motion-all168/wc_u_elf_ranger/Defeat/frame-00006.png
 create mode 100644 reports/WC-U440/20260907T165200Z-closeout/engine-motion-all168/wc_u_elf_ranger/Defeat/frame-00007.png
 create mode 100644 reports/WC-U440/20260907T165200Z-closeout/engine-motion-all168/wc_u_elf_ranger/Defeat/frame-00008.png
 create mode 100644 reports/WC-U440/20260907T165200Z-closeout/engine-motion-all168/wc_u_elf_ranger/Defeat/frame-00009.png
 create mode 100644 reports/WC-U440/20260907T165200Z-closeout/engine-motion-all168/wc_u_elf_ranger/Defeat/frame-00010.png
 create mode 100644 reports/WC-U440/20260907T165200Z-closeout/engine-motion-all168/wc_u_elf_ranger/Defeat/frame-00011.png
 create mode 100644 reports/WC-U440/20260907T165200Z-closeout/engine-motion-all168/wc_u_elf_ranger/Defeat/frame-00012.png
 create mode 100644 reports/WC-U440/20260907T165200Z-closeout/engine-motion-all168/wc_u_elf_ranger/Defeat/frame-00013.png
 create mode 100644 reports/WC-U440/20260907T165200Z-closeout/engine-motion-all168/wc_u_elf_ranger/Defeat/frame-00014.png
 create mode 100644 reports/WC-U440/20260907T165200Z-closeout/engine-motion-all168/wc_u_elf_ranger/Defeat/frame-00015.png
 create mode 100644 reports/WC-U440/20260907T165200Z-closeout/engine-motion-all168/wc_u_elf_ranger/Defeat/frame-00016.png
 create mode 100644 reports/WC-U440/20260907T165200Z-closeout/engine-motion-all168/wc_u_elf_ranger/Defeat/frame-00017.png
 create mode 100644 reports/WC-U440/20260907T165200Z-closeout/engine-motion-all168/wc_u_elf_ranger/Defeat/frame-00018.png
 create mode 100644 reports/WC-U440/20260907T165200Z-closeout/engine-motion-all168/wc_u_elf_ranger/Defeat/frame-00019.png
 create mode 100644 reports/WC-U440/20260907T165200Z-closeout/engine-motion-all168/wc_u_elf_ranger/Defeat/frame-00020.png
 create mode 100644 reports/WC-U440/20260907T165200Z-closeout/engine-motion-all168/wc_u_elf_ranger/Defeat/frames.csv
 create mode 100644 reports/WC-U440/20260907T165200Z-closeout/engine-motion-all168/wc_u_elf_ranger/Hit/frame-00000.png
 create mode 100644 reports/WC-U440/20260907T165200Z-closeout/engine-motion-all168/wc_u_elf_ranger/Hit/frame-00001.png
 create mode 100644 reports/WC-U440/20260907T165200Z-closeout/engine-motion-all168/wc_u_elf_ranger/Hit/frame-00002.png
 create mode 100644 reports/WC-U440/20260907T165200Z-closeout/engine-motion-all168/wc_u_elf_ranger/Hit/frame-00003.png
 create mode 100644 reports/WC-U440/20260907T165200Z-closeout/engine-motion-all168/wc_u_elf_ranger/Hit/frame-00004.png
 create mode 100644 reports/WC-U440/20260907T165200Z-closeout/engine-motion-all168/wc_u_elf_ranger/Hit/frame-00005.png
 create mode 100644 reports/WC-U440/20260907T165200Z-closeout/engine-motion-all168/wc_u_elf_ranger/Hit/frame-00006.png
 create mode 100644 reports/WC-U440/20260907T165200Z-closeout/engine-motion-all168/wc_u_elf_ranger/Hit/frame-00007.png
 create mode 100644 reports/WC-U440/20260907T165200Z-closeout/engine-motion-all168/wc_u_elf_ranger/Hit/frame-00008.png
 create mode 100644 reports/WC-U440/20260907T165200Z-closeout/engine-motion-all168/wc_u_elf_ranger/Hit/frames.csv
 create mode 100644 reports/WC-U440/20260907T165200Z-closeout/engine-motion-all168/wc_u_elf_ranger/Idle/frame-00000.png
 create mode 100644 reports/WC-U440/20260907T165200Z-closeout/engine-motion-all168/wc_u_elf_ranger/Idle/frame-00001.png
 create mode 100644 reports/WC-U440/20260907T165200Z-closeout/engine-motion-all168/wc_u_elf_ranger/Idle/frame-00002.png
 create mode 100644 reports/WC-U440/20260907T165200Z-closeout/engine-motion-all168/wc_u_elf_ranger/Idle/frame-00003.png
 create mode 100644 reports/WC-U440/20260907T165200Z-closeout/engine-motion-all168/wc_u_elf_ranger/Idle/frame-00004.png
 create mode 100644 reports/WC-U440/20260907T165200Z-closeout/engine-motion-all168/wc_u_elf_ranger/Idle/frame-00005.png
 create mode 100644 reports/WC-U440/20260907T165200Z-closeout/engine-motion-all168/wc_u_elf_ranger/Idle/frame-00006.png
 create mode 100644 reports/WC-U440/20260907T165200Z-closeout/engine-motion-all168/wc_u_elf_ranger/Idle/frame-00007.png
 create mode 100644 reports/WC-U440/20260907T165200Z-closeout/engine-motion-all168/wc_u_elf_ranger/Idle/frame-00008.png
 create mode 100644 reports/WC-U440/20260907T165200Z-closeout/engine-motion-all168/wc_u_elf_ranger/Idle/frame-00009.png
 create mode 100644 reports/WC-U440/20260907T165200Z-closeout/engine-motion-all168/wc_u_elf_ranger/Idle/frame-00010.png
 create mode 100644 reports/WC-U440/20260907T165200Z-closeout/engine-motion-all168/wc_u_elf_ranger/Idle/frame-00011.png
 create mode 100644 reports/WC-U440/20260907T165200Z-closeout/engine-motion-all168/wc_u_elf_ranger/Idle/frame-00012.png
 create mode 100644 reports/WC-U440/20260907T165200Z-closeout/engine-motion-all168/wc_u_elf_ranger/Idle/frame-00013.png
 create mode 100644 reports/WC-U440/20260907T165200Z-closeout/engine-motion-all168/wc_u_elf_ranger/Idle/frame-00014.png
 create mode 100644 reports/WC-U440/20260907T165200Z-closeout/engine-motion-all168/wc_u_elf_ranger/Idle/frame-00015.png
 create mode 100644 reports/WC-U440/20260907T165200Z-closeout/engine-motion-all168/wc_u_elf_ranger/Idle/frame-00016.png
 create mode 100644 reports/WC-U440/20260907T165200Z-closeout/engine-motion-all168/wc_u_elf_ranger/Idle/frame-00017.png
 create mode 100644 reports/WC-U440/20260907T165200Z-closeout/engine-motion-all168/wc_u_elf_ranger/Idle/frame-00018.png
 create mode 100644 reports/WC-U440/20260907T165200Z-closeout/engine-motion-all168/wc_u_elf_ranger/Idle/frame-00019.png
 create mode 100644 reports/WC-U440/20260907T165200Z-closeout/engine-motion-all168/wc_u_elf_ranger/Idle/frame-00020.png
 create mode 100644 reports/WC-U440/20260907T165200Z-closeout/engine-motion-all168/wc_u_elf_ranger/Idle/frame-00021.png
 create mode 100644 reports/WC-U440/20260907T165200Z-closeout/engine-motion-all168/wc_u_elf_ranger/Idle/frame-00022.png
 create mode 100644 reports/WC-U440/20260907T165200Z-closeout/engine-motion-all168/wc_u_elf_ranger/Idle/frame-00023.png
 create mode 100644 reports/WC-U440/20260907T165200Z-closeout/engine-motion-all168/wc_u_elf_ranger/Idle/frame-00024.png
 create mode 100644 reports/WC-U440/20260907T165200Z-closeout/engine-motion-all168/wc_u_elf_ranger/Idle/frame-00025.png
 create mode 100644 reports/WC-U440/20260907T165200Z-closeout/engine-motion-all168/wc_u_elf_ranger/Idle/frame-00026.png
 create mode 100644 reports/WC-U440/20260907T165200Z-closeout/engine-motion-all168/wc_u_elf_ranger/Idle/frame-00027.png
 create mode 100644 reports/WC-U440/20260907T165200Z-closeout/engine-motion-all168/wc_u_elf_ranger/Idle/frame-00028.png
 create mode 100644 reports/WC-U440/20260907T165200Z-closeout/engine-motion-all168/wc_u_elf_ranger/Idle/frame-00029.png
 create mode 100644 reports/WC-U440/20260907T165200Z-closeout/engine-motion-all168/wc_u_elf_ranger/Idle/frame-00030.png
 create mode 100644 reports/WC-U440/20260907T165200Z-closeout/engine-motion-all168/wc_u_elf_ranger/Idle/frame-00031.png
 create mode 100644 reports/WC-U440/20260907T165200Z-closeout/engine-motion-all168/wc_u_elf_ranger/Idle/frame-00032.png
 create mode 100644 reports/WC-U440/20260907T165200Z-closeout/engine-motion-all168/wc_u_elf_ranger/Idle/frame-00033.png
 create mode 100644 reports/WC-U440/20260907T165200Z-closeout/engine-motion-all168/wc_u_elf_ranger/Idle/frame-00034.png
 create mode 100644 reports/WC-U440/20260907T165200Z-closeout/engine-motion-all168/wc_u_elf_ranger/Idle/frame-00035.png
 create mode 100644 reports/WC-U440/20260907T165200Z-closeout/engine-motion-all168/wc_u_elf_ranger/Idle/frame-00036.png
 create mode 100644 reports/WC-U440/20260907T165200Z-closeout/engine-motion-all168/wc_u_elf_ranger/Idle/frame-00037.png
 create mode 100644 reports/WC-U440/20260907T165200Z-closeout/engine-motion-all168/wc_u_elf_ranger/Idle/frame-00038.png
 create mode 100644 reports/WC-U440/20260907T165200Z-closeout/engine-motion-all168/wc_u_elf_ranger/Idle/frame-00039.png
 create mode 100644 reports/WC-U440/20260907T165200Z-closeout/engine-motion-all168/wc_u_elf_ranger/Idle/frame-00040.png
 create mode 100644 reports/WC-U440/20260907T165200Z-closeout/engine-motion-all168/wc_u_elf_ranger/Idle/frames.csv
 create mode 100644 reports/WC-U440/20260907T165200Z-closeout/engine-motion-all168/wc_u_elf_ranger/Move/frame-00000.png
 create mode 100644 reports/WC-U440/20260907T165200Z-closeout/engine-motion-all168/wc_u_elf_ranger/Move/frame-00001.png
 create mode 100644 reports/WC-U440/20260907T165200Z-closeout/engine-motion-all168/wc_u_elf_ranger/Move/frame-00002.png
 create mode 100644 reports/WC-U440/20260907T165200Z-closeout/engine-motion-all168/wc_u_elf_ranger/Move/frame-00003.png
 create mode 100644 reports/WC-U440/20260907T165200Z-closeout/engine-motion-all168/wc_u_elf_ranger/Move/frame-00004.png
 create mode 100644 reports/WC-U440/20260907T165200Z-closeout/engine-motion-all168/wc_u_elf_ranger/Move/frame-00005.png
 create mode 100644 reports/WC-U440/20260907T165200Z-closeout/engine-motion-all168/wc_u_elf_ranger/Move/frame-00006.png
 create mode 100644 reports/WC-U440/20260907T165200Z-closeout/engine-motion-all168/wc_u_elf_ranger/Move/frame-00007.png
 create mode 100644 reports/WC-U440/20260907T165200Z-closeout/engine-motion-all168/wc_u_elf_ranger/Move/frame-00008.png
 create mode 100644 reports/WC-U440/20260907T165200Z-closeout/engine-motion-all168/wc_u_elf_ranger/Move/frame-00009.png
 create mode 100644 reports/WC-U440/20260907T165200Z-closeout/engine-motion-all168/wc_u_elf_ranger/Move/frame-00010.png
 create mode 100644 reports/WC-U440/20260907T165200Z-closeout/engine-motion-all168/wc_u_elf_ranger/Move/frame-00011.png
 create mode 100644 reports/WC-U440/20260907T165200Z-closeout/engine-motion-all168/wc_u_elf_ranger/Move/frame-00012.png
 create mode 100644 reports/WC-U440/20260907T165200Z-closeout/engine-motion-all168/wc_u_elf_ranger/Move/frame-00013.png
 create mode 100644 reports/WC-U440/20260907T165200Z-closeout/engine-motion-all168/wc_u_elf_ranger/Move/frame-00014.png
 create mode 100644 reports/WC-U440/20260907T165200Z-closeout/engine-motion-all168/wc_u_elf_ranger/Move/frame-00015.png
 create mode 100644 reports/WC-U440/20260907T165200Z-closeout/engine-motion-all168/wc_u_elf_ranger/Move/frame-00016.png
 create mode 100644 reports/WC-U440/20260907T165200Z-closeout/engine-motion-all168/wc_u_elf_ranger/Move/frame-00017.png
 create mode 100644 reports/WC-U440/20260907T165200Z-closeout/engine-motion-all168/wc_u_elf_ranger/Move/frame-00018.png
 create mode 100644 reports/WC-U440/20260907T165200Z-closeout/engine-motion-all168/wc_u_elf_ranger/Move/frame-00019.png
 create mode 100644 reports/WC-U440/20260907T165200Z-closeout/engine-motion-all168/wc_u_elf_ranger/Move/frame-00020.png
 create mode 100644 reports/WC-U440/20260907T165200Z-closeout/engine-motion-all168/wc_u_elf_ranger/Move/frames.csv
 create mode 100644 reports/WC-U440/20260907T165200Z-closeout/engine-motion-all168/wc_u_elf_ranger/Victory/frame-00000.png
 create mode 100644 reports/WC-U440/20260907T165200Z-closeout/engine-motion-all168/wc_u_elf_ranger/Victory/frame-00001.png
 create mode 100644 reports/WC-U440/20260907T165200Z-closeout/engine-motion-all168/wc_u_elf_ranger/Victory/frame-00002.png
 create mode 100644 reports/WC-U440/20260907T165200Z-closeout/engine-motion-all168/wc_u_elf_ranger/Victory/frame-00003.png
 create mode 100644 reports/WC-U440/20260907T165200Z-closeout/engine-motion-all168/wc_u_elf_ranger/Victory/frame-00004.png
 create mode 100644 reports/WC-U440/20260907T165200Z-closeout/engine-motion-all168/wc_u_elf_ranger/Victory/frame-00005.png
 create mode 100644 reports/WC-U440/20260907T165200Z-closeout/engine-motion-all168/wc_u_elf_ranger/Victory/frame-00006.png
 create mode 100644 reports/WC-U440/20260907T165200Z-closeout/engine-motion-all168/wc_u_elf_ranger/Victory/frame-00007.png
 create mode 100644 reports/WC-U440/20260907T165200Z-closeout/engine-motion-all168/wc_u_elf_ranger/Victory/frame-00008.png
 create mode 100644 reports/WC-U440/20260907T165200Z-closeout/engine-motion-all168/wc_u_elf_ranger/Victory/frame-00009.png
 create mode 100644 reports/WC-U440/20260907T165200Z-closeout/engine-motion-all168/wc_u_elf_ranger/Victory/frame-00010.png
 create mode 100644 reports/WC-U440/20260907T165200Z-closeout/engine-motion-all168/wc_u_elf_ranger/Victory/frame-00011.png
 create mode 100644 reports/WC-U440/20260907T165200Z-closeout/engine-motion-all168/wc_u_elf_ranger/Victory/frame-00012.png
 create mode 100644 reports/WC-U440/20260907T165200Z-closeout/engine-motion-all168/wc_u_elf_ranger/Victory/frame-00013.png
 create mode 100644 reports/WC-U440/20260907T165200Z-closeout/engine-motion-all168/wc_u_elf_ranger/Victory/frame-00014.png
 create mode 100644 reports/WC-U440/20260907T165200Z-closeout/engine-motion-all168/wc_u_elf_ranger/Victory/frame-00015.png
 create mode 100644 reports/WC-U440/20260907T165200Z-closeout/engine-motion-all168/wc_u_elf_ranger/Victory/frame-00016.png
 create mode 100644 reports/WC-U440/20260907T165200Z-closeout/engine-motion-all168/wc_u_elf_ranger/Victory/frame-00017.png
 create mode 100644 reports/WC-U440/20260907T165200Z-closeout/engine-motion-all168/wc_u_elf_ranger/Victory/frame-00018.png
 create mode 100644 reports/WC-U440/20260907T165200Z-closeout/engine-motion-all168/wc_u_elf_ranger/Victory/frame-00019.png
 create mode 100644 reports/WC-U440/20260907T165200Z-closeout/engine-motion-all168/wc_u_elf_ranger/Victory/frame-00020.png
 create mode 100644 reports/WC-U440/20260907T165200Z-closeout/engine-motion-all168/wc_u_elf_ranger/Victory/frame-00021.png
 create mode 100644 reports/WC-U440/20260907T165200Z-closeout/engine-motion-all168/wc_u_elf_ranger/Victory/frame-00022.png
 create mode 100644 reports/WC-U440/20260907T165200Z-closeout/engine-motion-all168/wc_u_elf_ranger/Victory/frame-00023.png
 create mode 100644 reports/WC-U440/20260907T165200Z-closeout/engine-motion-all168/wc_u_elf_ranger/Victory/frame-00024.png
 create mode 100644 reports/WC-U440/20260907T165200Z-closeout/engine-motion-all168/wc_u_elf_ranger/Victory/frame-00025.png
 create mode 100644 reports/WC-U440/20260907T165200Z-closeout/engine-motion-all168/wc_u_elf_ranger/Victory/frame-00026.png
 create mode 100644 reports/WC-U440/20260907T165200Z-closeout/engine-motion-all168/wc_u_elf_ranger/Victory/frame-00027.png
 create mode 100644 reports/WC-U440/20260907T165200Z-closeout/engine-motion-all168/wc_u_elf_ranger/Victory/frame-00028.png
 create mode 100644 reports/WC-U440/20260907T165200Z-closeout/engine-motion-all168/wc_u_elf_ranger/Victory/frame-00029.png
 create mode 100644 reports/WC-U440/20260907T165200Z-closeout/engine-motion-all168/wc_u_elf_ranger/Victory/frame-00030.png
 create mode 100644 reports/WC-U440/20260907T165200Z-closeout/engine-motion-all168/wc_u_elf_ranger/Victory/frames.csv
 create mode 100644 reports/WC-U440/20260907T165200Z-closeout/engine-motion-all168/wc_u_elf_rogue/Active/frame-00000.png
 create mode 100644 reports/WC-U440/20260907T165200Z-closeout/engine-motion-all168/wc_u_elf_rogue/Active/frame-00001.png
 create mode 100644 reports/WC-U440/20260907T165200Z-closeout/engine-motion-all168/wc_u_elf_rogue/Active/frame-00002.png
 create mode 100644 reports/WC-U440/20260907T165200Z-closeout/engine-motion-all168/wc_u_elf_rogue/Active/frame-00003.png
 create mode 100644 reports/WC-U440/20260907T165200Z-closeout/engine-motion-all168/wc_u_elf_rogue/Active/frame-00004.png
 create mode 100644 reports/WC-U440/20260907T165200Z-closeout/engine-motion-all168/wc_u_elf_rogue/Active/frame-00005.png
 create mode 100644 reports/WC-U440/20260907T165200Z-closeout/engine-motion-all168/wc_u_elf_rogue/Active/frame-00006.png
 create mode 100644 reports/WC-U440/20260907T165200Z-closeout/engine-motion-all168/wc_u_elf_rogue/Active/frame-00007.png
 create mode 100644 reports/WC-U440/20260907T165200Z-closeout/engine-motion-all168/wc_u_elf_rogue/Active/frame-00008.png
 create mode 100644 reports/WC-U440/20260907T165200Z-closeout/engine-motion-all168/wc_u_elf_rogue/Active/frame-00009.png
 create mode 100644 reports/WC-U440/20260907T165200Z-closeout/engine-motion-all168/wc_u_elf_rogue/Active/frame-00010.png
 create mode 100644 reports/WC-U440/20260907T165200Z-closeout/engine-motion-all168/wc_u_elf_rogue/Active/frames.csv
 create mode 100644 reports/WC-U440/20260907T165200Z-closeout/engine-motion-all168/wc_u_elf_rogue/Attack/frame-00000.png
 create mode 100644 reports/WC-U440/20260907T165200Z-closeout/engine-motion-all168/wc_u_elf_rogue/Attack/frame-00001.png
 create mode 100644 reports/WC-U440/20260907T165200Z-closeout/engine-motion-all168/wc_u_elf_rogue/Attack/frame-00002.png
 create mode 100644 reports/WC-U440/20260907T165200Z-closeout/engine-motion-all168/wc_u_elf_rogue/Attack/frame-00003.png
 create mode 100644 reports/WC-U440/20260907T165200Z-closeout/engine-motion-all168/wc_u_elf_rogue/Attack/frame-00004.png
 create mode 100644 reports/WC-U440/20260907T165200Z-closeout/engine-motion-all168/wc_u_elf_rogue/Attack/frame-00005.png
 create mode 100644 reports/WC-U440/20260907T165200Z-closeout/engine-motion-all168/wc_u_elf_rogue/Attack/frame-00006.png
 create mode 100644 reports/WC-U440/20260907T165200Z-closeout/engine-motion-all168/wc_u_elf_rogue/Attack/frame-00007.png
 create mode 100644 reports/WC-U440/20260907T165200Z-closeout/engine-motion-all168/wc_u_elf_rogue/Attack/frame-00008.png
 create mode 100644 reports/WC-U440/20260907T165200Z-closeout/engine-motion-all168/wc_u_elf_rogue/Attack/frame-00009.png
 create mode 100644 reports/WC-U440/20260907T165200Z-closeout/engine-motion-all168/wc_u_elf_rogue/Attack/frame-00010.png
 create mode 100644 reports/WC-U440/20260907T165200Z-closeout/engine-motion-all168/wc_u_elf_rogue/Attack/frame-00011.png
 create mode 100644 reports/WC-U440/20260907T165200Z-closeout/engine-motion-all168/wc_u_elf_rogue/Attack/frame-00012.png
 create mode 100644 reports/WC-U440/20260907T165200Z-closeout/engine-motion-all168/wc_u_elf_rogue/Attack/frame-00013.png
 create mode 100644 reports/WC-U440/20260907T165200Z-closeout/engine-motion-all168/wc_u_elf_rogue/Attack/frame-00014.png
 create mode 100644 reports/WC-U440/20260907T165200Z-closeout/engine-motion-all168/wc_u_elf_rogue/Attack/frame-00015.png
 create mode 100644 reports/WC-U440/20260907T165200Z-closeout/engine-motion-all168/wc_u_elf_rogue/Attack/frame-00016.png
 create mode 100644 reports/WC-U440/20260907T165200Z-closeout/engine-motion-all168/wc_u_elf_rogue/Attack/frame-00017.png
 create mode 100644 reports/WC-U440/20260907T165200Z-closeout/engine-motion-all168/wc_u_elf_rogue/Attack/frame-00018.png
 create mode 100644 reports/WC-U440/20260907T165200Z-closeout/engine-motion-all168/wc_u_elf_rogue/Attack/frame-00019.png
 create mode 100644 reports/WC-U440/20260907T165200Z-closeout/engine-motion-all168/wc_u_elf_rogue/Attack/frame-00020.png
 create mode 100644 reports/WC-U440/20260907T165200Z-closeout/engine-motion-all168/wc_u_elf_rogue/Attack/frame-00021.png
 create mode 100644 reports/WC-U440/20260907T165200Z-closeout/engine-motion-all168/wc_u_elf_rogue/Attack/frame-00022.png
 create mode 100644 reports/WC-U440/20260907T165200Z-closeout/engine-motion-all168/wc_u_elf_rogue/Attack/frame-00023.png
 create mode 100644 reports/WC-U440/20260907T165200Z-closeout/engine-motion-all168/wc_u_elf_rogue/Attack/frame-00024.png
 create mode 100644 reports/WC-U440/20260907T165200Z-closeout/engine-motion-all168/wc_u_elf_rogue/Attack/frame-00025.png
 create mode 100644 reports/WC-U440/20260907T165200Z-closeout/engine-motion-all168/wc_u_elf_rogue/Attack/frame-00026.png
 create mode 100644 reports/WC-U440/20260907T165200Z-closeout/engine-motion-all168/wc_u_elf_rogue/Attack/frames.csv
 create mode 100644 reports/WC-U440/20260907T165200Z-closeout/engine-motion-all168/wc_u_elf_rogue/Defeat/frame-00000.png
 create mode 100644 reports/WC-U440/20260907T165200Z-closeout/engine-motion-all168/wc_u_elf_rogue/Defeat/frame-00001.png
 create mode 100644 reports/WC-U440/20260907T165200Z-closeout/engine-motion-all168/wc_u_elf_rogue/Defeat/frame-00002.png
 create mode 100644 reports/WC-U440/20260907T165200Z-closeout/engine-motion-all168/wc_u_elf_rogue/Defeat/frame-00003.png
 create mode 100644 reports/WC-U440/20260907T165200Z-closeout/engine-motion-all168/wc_u_elf_rogue/Defeat/frame-00004.png
 create mode 100644 reports/WC-U440/20260907T165200Z-closeout/engine-motion-all168/wc_u_elf_rogue/Defeat/frame-00005.png
 create mode 100644 reports/WC-U440/20260907T165200Z-closeout/engine-motion-all168/wc_u_elf_rogue/Defeat/frame-00006.png
 create mode 100644 reports/WC-U440/20260907T165200Z-closeout/engine-motion-all168/wc_u_elf_rogue/Defeat/frame-00007.png
 create mode 100644 reports/WC-U440/20260907T165200Z-closeout/engine-motion-all168/wc_u_elf_rogue/Defeat/frame-00008.png
 create mode 100644 reports/WC-U440/20260907T165200Z-closeout/engine-motion-all168/wc_u_elf_rogue/Defeat/frame-00009.png
 create mode 100644 reports/WC-U440/20260907T165200Z-closeout/engine-motion-all168/wc_u_elf_rogue/Defeat/frame-00010.png
 create mode 100644 reports/WC-U440/20260907T165200Z-closeout/engine-motion-all168/wc_u_elf_rogue/Defeat/frame-00011.png
 create mode 100644 reports/WC-U440/20260907T165200Z-closeout/engine-motion-all168/wc_u_elf_rogue/Defeat/frame-00012.png
 create mode 100644 reports/WC-U440/20260907T165200Z-closeout/engine-motion-all168/wc_u_elf_rogue/Defeat/frame-00013.png
 create mode 100644 reports/WC-U440/20260907T165200Z-closeout/engine-motion-all168/wc_u_elf_rogue/Defeat/frame-00014.png
 create mode 100644 reports/WC-U440/20260907T165200Z-closeout/engine-motion-all168/wc_u_elf_rogue/Defeat/frame-00015.png
 create mode 100644 reports/WC-U440/20260907T165200Z-closeout/engine-motion-all168/wc_u_elf_rogue/Defeat/frame-00016.png
 create mode 100644 reports/WC-U440/20260907T165200Z-closeout/engine-motion-all168/wc_u_elf_rogue/Defeat/frame-00017.png
 create mode 100644 reports/WC-U440/20260907T165200Z-closeout/engine-motion-all168/wc_u_elf_rogue/Defeat/frame-00018.png
 create mode 100644 reports/WC-U440/20260907T165200Z-closeout/engine-motion-all168/wc_u_elf_rogue/Defeat/frame-00019.png
 create mode 100644 reports/WC-U440/20260907T165200Z-closeout/engine-motion-all168/wc_u_elf_rogue/Defeat/frame-00020.png
 create mode 100644 reports/WC-U440/20260907T165200Z-closeout/engine-motion-all168/wc_u_elf_rogue/Defeat/frames.csv
 create mode 100644 reports/WC-U440/20260907T165200Z-closeout/engine-motion-all168/wc_u_elf_rogue/Hit/frame-00000.png
 create mode 100644 reports/WC-U440/20260907T165200Z-closeout/engine-motion-all168/wc_u_elf_rogue/Hit/frame-00001.png
 create mode 100644 reports/WC-U440/20260907T165200Z-closeout/engine-motion-all168/wc_u_elf_rogue/Hit/frame-00002.png
 create mode 100644 reports/WC-U440/20260907T165200Z-closeout/engine-motion-all168/wc_u_elf_rogue/Hit/frame-00003.png
 create mode 100644 reports/WC-U440/20260907T165200Z-closeout/engine-motion-all168/wc_u_elf_rogue/Hit/frame-00004.png
 create mode 100644 reports/WC-U440/20260907T165200Z-closeout/engine-motion-all168/wc_u_elf_rogue/Hit/frame-00005.png
 create mode 100644 reports/WC-U440/20260907T165200Z-closeout/engine-motion-all168/wc_u_elf_rogue/Hit/frame-00006.png
 create mode 100644 reports/WC-U440/20260907T165200Z-closeout/engine-motion-all168/wc_u_elf_rogue/Hit/frame-00007.png
 create mode 100644 reports/WC-U440/20260907T165200Z-closeout/engine-motion-all168/wc_u_elf_rogue/Hit/frame-00008.png
 create mode 100644 reports/WC-U440/20260907T165200Z-closeout/engine-motion-all168/wc_u_elf_rogue/Hit/frames.csv
 create mode 100644 reports/WC-U440/20260907T165200Z-closeout/engine-motion-all168/wc_u_elf_rogue/Idle/frame-00000.png
 create mode 100644 reports/WC-U440/20260907T165200Z-closeout/engine-motion-all168/wc_u_elf_rogue/Idle/frame-00001.png
 create mode 100644 reports/WC-U440/20260907T165200Z-closeout/engine-motion-all168/wc_u_elf_rogue/Idle/frame-00002.png
 create mode 100644 reports/WC-U440/20260907T165200Z-closeout/engine-motion-all168/wc_u_elf_rogue/Idle/frame-00003.png
 create mode 100644 reports/WC-U440/20260907T165200Z-closeout/engine-motion-all168/wc_u_elf_rogue/Idle/frame-00004.png
 create mode 100644 reports/WC-U440/20260907T165200Z-closeout/engine-motion-all168/wc_u_elf_rogue/Idle/frame-00005.png
 create mode 100644 reports/WC-U440/20260907T165200Z-closeout/engine-motion-all168/wc_u_elf_rogue/Idle/frame-00006.png
 create mode 100644 reports/WC-U440/20260907T165200Z-closeout/engine-motion-all168/wc_u_elf_rogue/Idle/frame-00007.png
 create mode 100644 reports/WC-U440/20260907T165200Z-closeout/engine-motion-all168/wc_u_elf_rogue/Idle/frame-00008.png
 create mode 100644 reports/WC-U440/20260907T165200Z-closeout/engine-motion-all168/wc_u_elf_rogue/Idle/frame-00009.png
 create mode 100644 reports/WC-U440/20260907T165200Z-closeout/engine-motion-all168/wc_u_elf_rogue/Idle/frame-00010.png
 create mode 100644 reports/WC-U440/20260907T165200Z-closeout/engine-motion-all168/wc_u_elf_rogue/Idle/frame-00011.png
 create mode 100644 reports/WC-U440/20260907T165200Z-closeout/engine-motion-all168/wc_u_elf_rogue/Idle/frame-00012.png
 create mode 100644 reports/WC-U440/20260907T165200Z-closeout/engine-motion-all168/wc_u_elf_rogue/Idle/frame-00013.png
 create mode 100644 reports/WC-U440/20260907T165200Z-closeout/engine-motion-all168/wc_u_elf_rogue/Idle/frame-00014.png
 create mode 100644 reports/WC-U440/20260907T165200Z-closeout/engine-motion-all168/wc_u_elf_rogue/Idle/frame-00015.png
 create mode 100644 reports/WC-U440/20260907T165200Z-closeout/engine-motion-all168/wc_u_elf_rogue/Idle/frame-00016.png
 create mode 100644 reports/WC-U440/20260907T165200Z-closeout/engine-motion-all168/wc_u_elf_rogue/Idle/frame-00017.png
 create mode 100644 reports/WC-U440/20260907T165200Z-closeout/engine-motion-all168/wc_u_elf_rogue/Idle/frame-00018.png
 create mode 100644 reports/WC-U440/20260907T165200Z-closeout/engine-motion-all168/wc_u_elf_rogue/Idle/frame-00019.png
 create mode 100644 reports/WC-U440/20260907T165200Z-closeout/engine-motion-all168/wc_u_elf_rogue/Idle/frame-00020.png
 create mode 100644 reports/WC-U440/20260907T165200Z-closeout/engine-motion-all168/wc_u_elf_rogue/Idle/frame-00021.png
 create mode 100644 reports/WC-U440/20260907T165200Z-closeout/engine-motion-all168/wc_u_elf_rogue/Idle/frame-00022.png
 create mode 100644 reports/WC-U440/20260907T165200Z-closeout/engine-motion-all168/wc_u_elf_rogue/Idle/frame-00023.png
 create mode 100644 reports/WC-U440/20260907T165200Z-closeout/engine-motion-all168/wc_u_elf_rogue/Idle/frame-00024.png
 create mode 100644 reports/WC-U440/20260907T165200Z-closeout/engine-motion-all168/wc_u_elf_rogue/Idle/frame-00025.png
 create mode 100644 reports/WC-U440/20260907T165200Z-closeout/engine-motion-all168/wc_u_elf_rogue/Idle/frame-00026.png
 create mode 100644 reports/WC-U440/20260907T165200Z-closeout/engine-motion-all168/wc_u_elf_rogue/Idle/frame-00027.png
 create mode 100644 reports/WC-U440/20260907T165200Z-closeout/engine-motion-all168/wc_u_elf_rogue/Idle/frame-00028.png
 create mode 100644 reports/WC-U440/20260907T165200Z-closeout/engine-motion-all168/wc_u_elf_rogue/Idle/frame-00029.png
 create mode 100644 reports/WC-U440/20260907T165200Z-closeout/engine-motion-all168/wc_u_elf_rogue/Idle/frame-00030.png
 create mode 100644 reports/WC-U440/20260907T165200Z-closeout/engine-motion-all168/wc_u_elf_rogue/Idle/frame-00031.png
 create mode 100644 reports/WC-U440/20260907T165200Z-closeout/engine-motion-all168/wc_u_elf_rogue/Idle/frame-00032.png
 create mode 100644 reports/WC-U440/20260907T165200Z-closeout/engine-motion-all168/wc_u_elf_rogue/Idle/frame-00033.png
 create mode 100644 reports/WC-U440/20260907T165200Z-closeout/engine-motion-all168/wc_u_elf_rogue/Idle/frame-00034.png
 create mode 100644 reports/WC-U440/20260907T165200Z-closeout/engine-motion-all168/wc_u_elf_rogue/Idle/frame-00035.png
 create mode 100644 reports/WC-U440/20260907T165200Z-closeout/engine-motion-all168/wc_u_elf_rogue/Idle/frame-00036.png
 create mode 100644 reports/WC-U440/20260907T165200Z-closeout/engine-motion-all168/wc_u_elf_rogue/Idle/frame-00037.png
 create mode 100644 reports/WC-U440/20260907T165200Z-closeout/engine-motion-all168/wc_u_elf_rogue/Idle/frame-00038.png
 create mode 100644 reports/WC-U440/20260907T165200Z-closeout/engine-motion-all168/wc_u_elf_rogue/Idle/frame-00039.png
 create mode 100644 reports/WC-U440/20260907T165200Z-closeout/engine-motion-all168/wc_u_elf_rogue/Idle/frame-00040.png
 create mode 100644 reports/WC-U440/20260907T165200Z-closeout/engine-motion-all168/wc_u_elf_rogue/Idle/frames.csv
 create mode 100644 reports/WC-U440/20260907T165200Z-closeout/engine-motion-all168/wc_u_elf_rogue/Move/frame-00000.png
 create mode 100644 reports/WC-U440/20260907T165200Z-closeout/engine-motion-all168/wc_u_elf_rogue/Move/frame-00001.png
 create mode 100644 reports/WC-U440/20260907T165200Z-closeout/engine-motion-all168/wc_u_elf_rogue/Move/frame-00002.png
 create mode 100644 reports/WC-U440/20260907T165200Z-closeout/engine-motion-all168/wc_u_elf_rogue/Move/frame-00003.png
 create mode 100644 reports/WC-U440/20260907T165200Z-closeout/engine-motion-all168/wc_u_elf_rogue/Move/frame-00004.png
 create mode 100644 reports/WC-U440/20260907T165200Z-closeout/engine-motion-all168/wc_u_elf_rogue/Move/frame-00005.png
 create mode 100644 reports/WC-U440/20260907T165200Z-closeout/engine-motion-all168/wc_u_elf_rogue/Move/frame-00006.png
 create mode 100644 reports/WC-U440/20260907T165200Z-closeout/engine-motion-all168/wc_u_elf_rogue/Move/frame-00007.png
 create mode 100644 reports/WC-U440/20260907T165200Z-closeout/engine-motion-all168/wc_u_elf_rogue/Move/frame-00008.png
 create mode 100644 reports/WC-U440/20260907T165200Z-closeout/engine-motion-all168/wc_u_elf_rogue/Move/frame-00009.png
 create mode 100644 reports/WC-U440/20260907T165200Z-closeout/engine-motion-all168/wc_u_elf_rogue/Move/frame-00010.png
 create mode 100644 reports/WC-U440/20260907T165200Z-closeout/engine-motion-all168/wc_u_elf_rogue/Move/frame-00011.png
 create mode 100644 reports/WC-U440/20260907T165200Z-closeout/engine-motion-all168/wc_u_elf_rogue/Move/frame-00012.png
 create mode 100644 reports/WC-U440/20260907T165200Z-closeout/engine-motion-all168/wc_u_elf_rogue/Move/frame-00013.png
 create mode 100644 reports/WC-U440/20260907T165200Z-closeout/engine-motion-all168/wc_u_elf_rogue/Move/frame-00014.png
 create mode 100644 reports/WC-U440/20260907T165200Z-closeout/engine-motion-all168/wc_u_elf_rogue/Move/frame-00015.png
 create mode 100644 reports/WC-U440/20260907T165200Z-closeout/engine-motion-all168/wc_u_elf_rogue/Move/frame-00016.png
 create mode 100644 reports/WC-U440/20260907T165200Z-closeout/engine-motion-all168/wc_u_elf_rogue/Move/frame-00017.png
 create mode 100644 reports/WC-U440/20260907T165200Z-closeout/engine-motion-all168/wc_u_elf_rogue/Move/frame-00018.png
 create mode 100644 reports/WC-U440/20260907T165200Z-closeout/engine-motion-all168/wc_u_elf_rogue/Move/frame-00019.png
 create mode 100644 reports/WC-U440/20260907T165200Z-closeout/engine-motion-all168/wc_u_elf_rogue/Move/frame-00020.png
 create mode 100644 reports/WC-U440/20260907T165200Z-closeout/engine-motion-all168/wc_u_elf_rogue/Move/frames.csv
 create mode 100644 reports/WC-U440/20260907T165200Z-closeout/engine-motion-all168/wc_u_elf_rogue/Victory/frame-00000.png
 create mode 100644 reports/WC-U440/20260907T165200Z-closeout/engine-motion-all168/wc_u_elf_rogue/Victory/frame-00001.png
 create mode 100644 reports/WC-U440/20260907T165200Z-closeout/engine-motion-all168/wc_u_elf_rogue/Victory/frame-00002.png
 create mode 100644 reports/WC-U440/20260907T165200Z-closeout/engine-motion-all168/wc_u_elf_rogue/Victory/frame-00003.png
 create mode 100644 reports/WC-U440/20260907T165200Z-closeout/engine-motion-all168/wc_u_elf_rogue/Victory/frame-00004.png
 create mode 100644 reports/WC-U440/20260907T165200Z-closeout/engine-motion-all168/wc_u_elf_rogue/Victory/frame-00005.png
 create mode 100644 reports/WC-U440/20260907T165200Z-closeout/engine-motion-all168/wc_u_elf_rogue/Victory/frame-00006.png
 create mode 100644 reports/WC-U440/20260907T165200Z-closeout/engine-motion-all168/wc_u_elf_rogue/Victory/frame-00007.png
 create mode 100644 reports/WC-U440/20260907T165200Z-closeout/engine-motion-all168/wc_u_elf_rogue/Victory/frame-00008.png
 create mode 100644 reports/WC-U440/20260907T165200Z-closeout/engine-motion-all168/wc_u_elf_rogue/Victory/frame-00009.png
 create mode 100644 reports/WC-U440/20260907T165200Z-closeout/engine-motion-all168/wc_u_elf_rogue/Victory/frame-00010.png
 create mode 100644 reports/WC-U440/20260907T165200Z-closeout/engine-motion-all168/wc_u_elf_rogue/Victory/frame-00011.png
 create mode 100644 reports/WC-U440/20260907T165200Z-closeout/engine-motion-all168/wc_u_elf_rogue/Victory/frame-00012.png
 create mode 100644 reports/WC-U440/20260907T165200Z-closeout/engine-motion-all168/wc_u_elf_rogue/Victory/frame-00013.png
 create mode 100644 reports/WC-U440/20260907T165200Z-closeout/engine-motion-all168/wc_u_elf_rogue/Victory/frame-00014.png
 create mode 100644 reports/WC-U440/20260907T165200Z-closeout/engine-motion-all168/wc_u_elf_rogue/Victory/frame-00015.png
 create mode 100644 reports/WC-U440/20260907T165200Z-closeout/engine-motion-all168/wc_u_elf_rogue/Victory/frame-00016.png
 create mode 100644 reports/WC-U440/20260907T165200Z-closeout/engine-motion-all168/wc_u_elf_rogue/Victory/frame-00017.png
 create mode 100644 reports/WC-U440/20260907T165200Z-closeout/engine-motion-all168/wc_u_elf_rogue/Victory/frame-00018.png
 create mode 100644 reports/WC-U440/20260907T165200Z-closeout/engine-motion-all168/wc_u_elf_rogue/Victory/frame-00019.png
 create mode 100644 reports/WC-U440/20260907T165200Z-closeout/engine-motion-all168/wc_u_elf_rogue/Victory/frame-00020.png
 create mode 100644 reports/WC-U440/20260907T165200Z-closeout/engine-motion-all168/wc_u_elf_rogue/Victory/frame-00021.png
 create mode 100644 reports/WC-U440/20260907T165200Z-closeout/engine-motion-all168/wc_u_elf_rogue/Victory/frame-00022.png
 create mode 100644 reports/WC-U440/20260907T165200Z-closeout/engine-motion-all168/wc_u_elf_rogue/Victory/frame-00023.png
 create mode 100644 reports/WC-U440/20260907T165200Z-closeout/engine-motion-all168/wc_u_elf_rogue/Victory/frame-00024.png
 create mode 100644 reports/WC-U440/20260907T165200Z-closeout/engine-motion-all168/wc_u_elf_rogue/Victory/frame-00025.png
 create mode 100644 reports/WC-U440/20260907T165200Z-closeout/engine-motion-all168/wc_u_elf_rogue/Victory/frame-00026.png
 create mode 100644 reports/WC-U440/20260907T165200Z-closeout/engine-motion-all168/wc_u_elf_rogue/Victory/frame-00027.png
 create mode 100644 reports/WC-U440/20260907T165200Z-closeout/engine-motion-all168/wc_u_elf_rogue/Victory/frame-00028.png
 create mode 100644 reports/WC-U440/20260907T165200Z-closeout/engine-motion-all168/wc_u_elf_rogue/Victory/frame-00029.png
 create mode 100644 reports/WC-U440/20260907T165200Z-closeout/engine-motion-all168/wc_u_elf_rogue/Victory/frame-00030.png
 create mode 100644 reports/WC-U440/20260907T165200Z-closeout/engine-motion-all168/wc_u_elf_rogue/Victory/frames.csv
 create mode 100644 reports/WC-U440/20260907T165200Z-closeout/engine-motion-all168/wc_u_halfling_mage/Active/frame-00000.png
 create mode 100644 reports/WC-U440/20260907T165200Z-closeout/engine-motion-all168/wc_u_halfling_mage/Active/frame-00001.png
 create mode 100644 reports/WC-U440/20260907T165200Z-closeout/engine-motion-all168/wc_u_halfling_mage/Active/frame-00002.png
 create mode 100644 reports/WC-U440/20260907T165200Z-closeout/engine-motion-all168/wc_u_halfling_mage/Active/frame-00003.png
 create mode 100644 reports/WC-U440/20260907T165200Z-closeout/engine-motion-all168/wc_u_halfling_mage/Active/frame-00004.png
 create mode 100644 reports/WC-U440/20260907T165200Z-closeout/engine-motion-all168/wc_u_halfling_mage/Active/frame-00005.png
 create mode 100644 reports/WC-U440/20260907T165200Z-closeout/engine-motion-all168/wc_u_halfling_mage/Active/frame-00006.png
 create mode 100644 reports/WC-U440/20260907T165200Z-closeout/engine-motion-all168/wc_u_halfling_mage/Active/frame-00007.png
 create mode 100644 reports/WC-U440/20260907T165200Z-closeout/engine-motion-all168/wc_u_halfling_mage/Active/frame-00008.png
 create mode 100644 reports/WC-U440/20260907T165200Z-closeout/engine-motion-all168/wc_u_halfling_mage/Active/frame-00009.png
 create mode 100644 reports/WC-U440/20260907T165200Z-closeout/engine-motion-all168/wc_u_halfling_mage/Active/frame-00010.png
 create mode 100644 reports/WC-U440/20260907T165200Z-closeout/engine-motion-all168/wc_u_halfling_mage/Active/frame-00011.png
 create mode 100644 reports/WC-U440/20260907T165200Z-closeout/engine-motion-all168/wc_u_halfling_mage/Active/frame-00012.png
 create mode 100644 reports/WC-U440/20260907T165200Z-closeout/engine-motion-all168/wc_u_halfling_mage/Active/frame-00013.png
 create mode 100644 reports/WC-U440/20260907T165200Z-closeout/engine-motion-all168/wc_u_halfling_mage/Active/frames.csv
 create mode 100644 reports/WC-U440/20260907T165200Z-closeout/engine-motion-all168/wc_u_halfling_mage/Attack/frame-00000.png
 create mode 100644 reports/WC-U440/20260907T165200Z-closeout/engine-motion-all168/wc_u_halfling_mage/Attack/frame-00001.png
 create mode 100644 reports/WC-U440/20260907T165200Z-closeout/engine-motion-all168/wc_u_halfling_mage/Attack/frame-00002.png
 create mode 100644 reports/WC-U440/20260907T165200Z-closeout/engine-motion-all168/wc_u_halfling_mage/Attack/frame-00003.png
 create mode 100644 reports/WC-U440/20260907T165200Z-closeout/engine-motion-all168/wc_u_halfling_mage/Attack/frame-00004.png
 create mode 100644 reports/WC-U440/20260907T165200Z-closeout/engine-motion-all168/wc_u_halfling_mage/Attack/frame-00005.png
 create mode 100644 reports/WC-U440/20260907T165200Z-closeout/engine-motion-all168/wc_u_halfling_mage/Attack/frame-00006.png
 create mode 100644 reports/WC-U440/20260907T165200Z-closeout/engine-motion-all168/wc_u_halfling_mage/Attack/frame-00007.png
 create mode 100644 reports/WC-U440/20260907T165200Z-closeout/engine-motion-all168/wc_u_halfling_mage/Attack/frame-00008.png
 create mode 100644 reports/WC-U440/20260907T165200Z-closeout/engine-motion-all168/wc_u_halfling_mage/Attack/frame-00009.png
 create mode 100644 reports/WC-U440/20260907T165200Z-closeout/engine-motion-all168/wc_u_halfling_mage/Attack/frame-00010.png
 create mode 100644 reports/WC-U440/20260907T165200Z-closeout/engine-motion-all168/wc_u_halfling_mage/Attack/frame-00011.png
 create mode 100644 reports/WC-U440/20260907T165200Z-closeout/engine-motion-all168/wc_u_halfling_mage/Attack/frame-00012.png
 create mode 100644 reports/WC-U440/20260907T165200Z-closeout/engine-motion-all168/wc_u_halfling_mage/Attack/frame-00013.png
 create mode 100644 reports/WC-U440/20260907T165200Z-closeout/engine-motion-all168/wc_u_halfling_mage/Attack/frame-00014.png
 create mode 100644 reports/WC-U440/20260907T165200Z-closeout/engine-motion-all168/wc_u_halfling_mage/Attack/frames.csv
 create mode 100644 reports/WC-U440/20260907T165200Z-closeout/engine-motion-all168/wc_u_halfling_mage/Defeat/frame-00000.png
 create mode 100644 reports/WC-U440/20260907T165200Z-closeout/engine-motion-all168/wc_u_halfling_mage/Defeat/frame-00001.png
 create mode 100644 reports/WC-U440/20260907T165200Z-closeout/engine-motion-all168/wc_u_halfling_mage/Defeat/frame-00002.png
 create mode 100644 reports/WC-U440/20260907T165200Z-closeout/engine-motion-all168/wc_u_halfling_mage/Defeat/frame-00003.png
 create mode 100644 reports/WC-U440/20260907T165200Z-closeout/engine-motion-all168/wc_u_halfling_mage/Defeat/frame-00004.png
 create mode 100644 reports/WC-U440/20260907T165200Z-closeout/engine-motion-all168/wc_u_halfling_mage/Defeat/frame-00005.png
 create mode 100644 reports/WC-U440/20260907T165200Z-closeout/engine-motion-all168/wc_u_halfling_mage/Defeat/frame-00006.png
 create mode 100644 reports/WC-U440/20260907T165200Z-closeout/engine-motion-all168/wc_u_halfling_mage/Defeat/frame-00007.png
 create mode 100644 reports/WC-U440/20260907T165200Z-closeout/engine-motion-all168/wc_u_halfling_mage/Defeat/frame-00008.png
 create mode 100644 reports/WC-U440/20260907T165200Z-closeout/engine-motion-all168/wc_u_halfling_mage/Defeat/frame-00009.png
 create mode 100644 reports/WC-U440/20260907T165200Z-closeout/engine-motion-all168/wc_u_halfling_mage/Defeat/frame-00010.png
 create mode 100644 reports/WC-U440/20260907T165200Z-closeout/engine-motion-all168/wc_u_halfling_mage/Defeat/frame-00011.png
 create mode 100644 reports/WC-U440/20260907T165200Z-closeout/engine-motion-all168/wc_u_halfling_mage/Defeat/frame-00012.png
 create mode 100644 reports/WC-U440/20260907T165200Z-closeout/engine-motion-all168/wc_u_halfling_mage/Defeat/frame-00013.png
 create mode 100644 reports/WC-U440/20260907T165200Z-closeout/engine-motion-all168/wc_u_halfling_mage/Defeat/frame-00014.png
 create mode 100644 reports/WC-U440/20260907T165200Z-closeout/engine-motion-all168/wc_u_halfling_mage/Defeat/frame-00015.png
 create mode 100644 reports/WC-U440/20260907T165200Z-closeout/engine-motion-all168/wc_u_halfling_mage/Defeat/frame-00016.png
 create mode 100644 reports/WC-U440/20260907T165200Z-closeout/engine-motion-all168/wc_u_halfling_mage/Defeat/frame-00017.png
 create mode 100644 reports/WC-U440/20260907T165200Z-closeout/engine-motion-all168/wc_u_halfling_mage/Defeat/frame-00018.png
 create mode 100644 reports/WC-U440/20260907T165200Z-closeout/engine-motion-all168/wc_u_halfling_mage/Defeat/frame-00019.png
 create mode 100644 reports/WC-U440/20260907T165200Z-closeout/engine-motion-all168/wc_u_halfling_mage/Defeat/frame-00020.png
 create mode 100644 reports/WC-U440/20260907T165200Z-closeout/engine-motion-all168/wc_u_halfling_mage/Defeat/frames.csv
 create mode 100644 reports/WC-U440/20260907T165200Z-closeout/engine-motion-all168/wc_u_halfling_mage/Hit/frame-00000.png
 create mode 100644 reports/WC-U440/20260907T165200Z-closeout/engine-motion-all168/wc_u_halfling_mage/Hit/frame-00001.png
 create mode 100644 reports/WC-U440/20260907T165200Z-closeout/engine-motion-all168/wc_u_halfling_mage/Hit/frame-00002.png
 create mode 100644 reports/WC-U440/20260907T165200Z-closeout/engine-motion-all168/wc_u_halfling_mage/Hit/frame-00003.png
 create mode 100644 reports/WC-U440/20260907T165200Z-closeout/engine-motion-all168/wc_u_halfling_mage/Hit/frame-00004.png
 create mode 100644 reports/WC-U440/20260907T165200Z-closeout/engine-motion-all168/wc_u_halfling_mage/Hit/frame-00005.png
 create mode 100644 reports/WC-U440/20260907T165200Z-closeout/engine-motion-all168/wc_u_halfling_mage/Hit/frame-00006.png
 create mode 100644 reports/WC-U440/20260907T165200Z-closeout/engine-motion-all168/wc_u_halfling_mage/Hit/frame-00007.png
 create mode 100644 reports/WC-U440/20260907T165200Z-closeout/engine-motion-all168/wc_u_halfling_mage/Hit/frame-00008.png
 create mode 100644 reports/WC-U440/20260907T165200Z-closeout/engine-motion-all168/wc_u_halfling_mage/Hit/frames.csv
 create mode 100644 reports/WC-U440/20260907T165200Z-closeout/engine-motion-all168/wc_u_halfling_mage/Idle/frame-00000.png
 create mode 100644 reports/WC-U440/20260907T165200Z-closeout/engine-motion-all168/wc_u_halfling_mage/Idle/frame-00001.png
 create mode 100644 reports/WC-U440/20260907T165200Z-closeout/engine-motion-all168/wc_u_halfling_mage/Idle/frame-00002.png
 create mode 100644 reports/WC-U440/20260907T165200Z-closeout/engine-motion-all168/wc_u_halfling_mage/Idle/frame-00003.png
 create mode 100644 reports/WC-U440/20260907T165200Z-closeout/engine-motion-all168/wc_u_halfling_mage/Idle/frame-00004.png
 create mode 100644 reports/WC-U440/20260907T165200Z-closeout/engine-motion-all168/wc_u_halfling_mage/Idle/frame-00005.png
 create mode 100644 reports/WC-U440/20260907T165200Z-closeout/engine-motion-all168/wc_u_halfling_mage/Idle/frame-00006.png
 create mode 100644 reports/WC-U440/20260907T165200Z-closeout/engine-motion-all168/wc_u_halfling_mage/Idle/frame-00007.png
 create mode 100644 reports/WC-U440/20260907T165200Z-closeout/engine-motion-all168/wc_u_halfling_mage/Idle/frame-00008.png
 create mode 100644 reports/WC-U440/20260907T165200Z-closeout/engine-motion-all168/wc_u_halfling_mage/Idle/frame-00009.png
 create mode 100644 reports/WC-U440/20260907T165200Z-closeout/engine-motion-all168/wc_u_halfling_mage/Idle/frame-00010.png
 create mode 100644 reports/WC-U440/20260907T165200Z-closeout/engine-motion-all168/wc_u_halfling_mage/Idle/frame-00011.png
 create mode 100644 reports/WC-U440/20260907T165200Z-closeout/engine-motion-all168/wc_u_halfling_mage/Idle/frame-00012.png
 create mode 100644 reports/WC-U440/20260907T165200Z-closeout/engine-motion-all168/wc_u_halfling_mage/Idle/frame-00013.png
 create mode 100644 reports/WC-U440/20260907T165200Z-closeout/engine-motion-all168/wc_u_halfling_mage/Idle/frame-00014.png
 create mode 100644 reports/WC-U440/20260907T165200Z-closeout/engine-motion-all168/wc_u_halfling_mage/Idle/frame-00015.png
 create mode 100644 reports/WC-U440/20260907T165200Z-closeout/engine-motion-all168/wc_u_halfling_mage/Idle/frame-00016.png
 create mode 100644 reports/WC-U440/20260907T165200Z-closeout/engine-motion-all168/wc_u_halfling_mage/Idle/frame-00017.png
 create mode 100644 reports/WC-U440/20260907T165200Z-closeout/engine-motion-all168/wc_u_halfling_mage/Idle/frame-00018.png
 create mode 100644 reports/WC-U440/20260907T165200Z-closeout/engine-motion-all168/wc_u_halfling_mage/Idle/frame-00019.png
 create mode 100644 reports/WC-U440/20260907T165200Z-closeout/engine-motion-all168/wc_u_halfling_mage/Idle/frame-00020.png
 create mode 100644 reports/WC-U440/20260907T165200Z-closeout/engine-motion-all168/wc_u_halfling_mage/Idle/frame-00021.png
 create mode 100644 reports/WC-U440/20260907T165200Z-closeout/engine-motion-all168/wc_u_halfling_mage/Idle/frame-00022.png
 create mode 100644 reports/WC-U440/20260907T165200Z-closeout/engine-motion-all168/wc_u_halfling_mage/Idle/frame-00023.png
 create mode 100644 reports/WC-U440/20260907T165200Z-closeout/engine-motion-all168/wc_u_halfling_mage/Idle/frame-00024.png
 create mode 100644 reports/WC-U440/20260907T165200Z-closeout/engine-motion-all168/wc_u_halfling_mage/Idle/frame-00025.png
 create mode 100644 reports/WC-U440/20260907T165200Z-closeout/engine-motion-all168/wc_u_halfling_mage/Idle/frame-00026.png
 create mode 100644 reports/WC-U440/20260907T165200Z-closeout/engine-motion-all168/wc_u_halfling_mage/Idle/frame-00027.png
 create mode 100644 reports/WC-U440/20260907T165200Z-closeout/engine-motion-all168/wc_u_halfling_mage/Idle/frame-00028.png
 create mode 100644 reports/WC-U440/20260907T165200Z-closeout/engine-motion-all168/wc_u_halfling_mage/Idle/frame-00029.png
 create mode 100644 reports/WC-U440/20260907T165200Z-closeout/engine-motion-all168/wc_u_halfling_mage/Idle/frame-00030.png
 create mode 100644 reports/WC-U440/20260907T165200Z-closeout/engine-motion-all168/wc_u_halfling_mage/Idle/frame-00031.png
 create mode 100644 reports/WC-U440/20260907T165200Z-closeout/engine-motion-all168/wc_u_halfling_mage/Idle/frame-00032.png
 create mode 100644 reports/WC-U440/20260907T165200Z-closeout/engine-motion-all168/wc_u_halfling_mage/Idle/frame-00033.png
 create mode 100644 reports/WC-U440/20260907T165200Z-closeout/engine-motion-all168/wc_u_halfling_mage/Idle/frame-00034.png
 create mode 100644 reports/WC-U440/20260907T165200Z-closeout/engine-motion-all168/wc_u_halfling_mage/Idle/frame-00035.png
 create mode 100644 reports/WC-U440/20260907T165200Z-closeout/engine-motion-all168/wc_u_halfling_mage/Idle/frame-00036.png
 create mode 100644 reports/WC-U440/20260907T165200Z-closeout/engine-motion-all168/wc_u_halfling_mage/Idle/frame-00037.png
 create mode 100644 reports/WC-U440/20260907T165200Z-closeout/engine-motion-all168/wc_u_halfling_mage/Idle/frame-00038.png
 create mode 100644 reports/WC-U440/20260907T165200Z-closeout/engine-motion-all168/wc_u_halfling_mage/Idle/frame-00039.png
 create mode 100644 reports/WC-U440/20260907T165200Z-closeout/engine-motion-all168/wc_u_halfling_mage/Idle/frame-00040.png
 create mode 100644 reports/WC-U440/20260907T165200Z-closeout/engine-motion-all168/wc_u_halfling_mage/Idle/frames.csv
 create mode 100644 reports/WC-U440/20260907T165200Z-closeout/engine-motion-all168/wc_u_halfling_mage/Move/frame-00000.png
 create mode 100644 reports/WC-U440/20260907T165200Z-closeout/engine-motion-all168/wc_u_halfling_mage/Move/frame-00001.png
 create mode 100644 reports/WC-U440/20260907T165200Z-closeout/engine-motion-all168/wc_u_halfling_mage/Move/frame-00002.png
 create mode 100644 reports/WC-U440/20260907T165200Z-closeout/engine-motion-all168/wc_u_halfling_mage/Move/frame-00003.png
 create mode 100644 reports/WC-U440/20260907T165200Z-closeout/engine-motion-all168/wc_u_halfling_mage/Move/frame-00004.png
 create mode 100644 reports/WC-U440/20260907T165200Z-closeout/engine-motion-all168/wc_u_halfling_mage/Move/frame-00005.png
 create mode 100644 reports/WC-U440/20260907T165200Z-closeout/engine-motion-all168/wc_u_halfling_mage/Move/frame-00006.png
 create mode 100644 reports/WC-U440/20260907T165200Z-closeout/engine-motion-all168/wc_u_halfling_mage/Move/frame-00007.png
 create mode 100644 reports/WC-U440/20260907T165200Z-closeout/engine-motion-all168/wc_u_halfling_mage/Move/frame-00008.png
 create mode 100644 reports/WC-U440/20260907T165200Z-closeout/engine-motion-all168/wc_u_halfling_mage/Move/frame-00009.png
 create mode 100644 reports/WC-U440/20260907T165200Z-closeout/engine-motion-all168/wc_u_halfling_mage/Move/frame-00010.png
 create mode 100644 reports/WC-U440/20260907T165200Z-closeout/engine-motion-all168/wc_u_halfling_mage/Move/frame-00011.png
 create mode 100644 reports/WC-U440/20260907T165200Z-closeout/engine-motion-all168/wc_u_halfling_mage/Move/frame-00012.png
 create mode 100644 reports/WC-U440/20260907T165200Z-closeout/engine-motion-all168/wc_u_halfling_mage/Move/frame-00013.png
 create mode 100644 reports/WC-U440/20260907T165200Z-closeout/engine-motion-all168/wc_u_halfling_mage/Move/frame-00014.png
 create mode 100644 reports/WC-U440/20260907T165200Z-closeout/engine-motion-all168/wc_u_halfling_mage/Move/frame-00015.png
 create mode 100644 reports/WC-U440/20260907T165200Z-closeout/engine-motion-all168/wc_u_halfling_mage/Move/frame-00016.png
 create mode 100644 reports/WC-U440/20260907T165200Z-closeout/engine-motion-all168/wc_u_halfling_mage/Move/frame-00017.png
 create mode 100644 reports/WC-U440/20260907T165200Z-closeout/engine-motion-all168/wc_u_halfling_mage/Move/frame-00018.png
 create mode 100644 reports/WC-U440/20260907T165200Z-closeout/engine-motion-all168/wc_u_halfling_mage/Move/frame-00019.png
 create mode 100644 reports/WC-U440/20260907T165200Z-closeout/engine-motion-all168/wc_u_halfling_mage/Move/frame-00020.png
 create mode 100644 reports/WC-U440/20260907T165200Z-closeout/engine-motion-all168/wc_u_halfling_mage/Move/frames.csv
 create mode 100644 reports/WC-U440/20260907T165200Z-closeout/engine-motion-all168/wc_u_halfling_mage/Victory/frame-00000.png
 create mode 100644 reports/WC-U440/20260907T165200Z-closeout/engine-motion-all168/wc_u_halfling_mage/Victory/frame-00001.png
 create mode 100644 reports/WC-U440/20260907T165200Z-closeout/engine-motion-all168/wc_u_halfling_mage/Victory/frame-00002.png
 create mode 100644 reports/WC-U440/20260907T165200Z-closeout/engine-motion-all168/wc_u_halfling_mage/Victory/frame-00003.png
 create mode 100644 reports/WC-U440/20260907T165200Z-closeout/engine-motion-all168/wc_u_halfling_mage/Victory/frame-00004.png
 create mode 100644 reports/WC-U440/20260907T165200Z-closeout/engine-motion-all168/wc_u_halfling_mage/Victory/frame-00005.png
 create mode 100644 reports/WC-U440/20260907T165200Z-closeout/engine-motion-all168/wc_u_halfling_mage/Victory/frame-00006.png
 create mode 100644 reports/WC-U440/20260907T165200Z-closeout/engine-motion-all168/wc_u_halfling_mage/Victory/frame-00007.png
 create mode 100644 reports/WC-U440/20260907T165200Z-closeout/engine-motion-all168/wc_u_halfling_mage/Victory/frame-00008.png
 create mode 100644 reports/WC-U440/20260907T165200Z-closeout/engine-motion-all168/wc_u_halfling_mage/Victory/frame-00009.png
 create mode 100644 reports/WC-U440/20260907T165200Z-closeout/engine-motion-all168/wc_u_halfling_mage/Victory/frame-00010.png
 create mode 100644 reports/WC-U440/20260907T165200Z-closeout/engine-motion-all168/wc_u_halfling_mage/Victory/frame-00011.png
 create mode 100644 reports/WC-U440/20260907T165200Z-closeout/engine-motion-all168/wc_u_halfling_mage/Victory/frame-00012.png
 create mode 100644 reports/WC-U440/20260907T165200Z-closeout/engine-motion-all168/wc_u_halfling_mage/Victory/frame-00013.png
 create mode 100644 reports/WC-U440/20260907T165200Z-closeout/engine-motion-all168/wc_u_halfling_mage/Victory/frame-00014.png
 create mode 100644 reports/WC-U440/20260907T165200Z-closeout/engine-motion-all168/wc_u_halfling_mage/Victory/frame-00015.png
 create mode 100644 reports/WC-U440/20260907T165200Z-closeout/engine-motion-all168/wc_u_halfling_mage/Victory/frame-00016.png
 create mode 100644 reports/WC-U440/20260907T165200Z-closeout/engine-motion-all168/wc_u_halfling_mage/Victory/frame-00017.png
 create mode 100644 reports/WC-U440/20260907T165200Z-closeout/engine-motion-all168/wc_u_halfling_mage/Victory/frame-00018.png
 create mode 100644 reports/WC-U440/20260907T165200Z-closeout/engine-motion-all168/wc_u_halfling_mage/Victory/frame-00019.png
 create mode 100644 reports/WC-U440/20260907T165200Z-closeout/engine-motion-all168/wc_u_halfling_mage/Victory/frame-00020.png
 create mode 100644 reports/WC-U440/20260907T165200Z-closeout/engine-motion-all168/wc_u_halfling_mage/Victory/frame-00021.png
 create mode 100644 reports/WC-U440/20260907T165200Z-closeout/engine-motion-all168/wc_u_halfling_mage/Victory/frame-00022.png
 create mode 100644 reports/WC-U440/20260907T165200Z-closeout/engine-motion-all168/wc_u_halfling_mage/Victory/frame-00023.png
 create mode 100644 reports/WC-U440/20260907T165200Z-closeout/engine-motion-all168/wc_u_halfling_mage/Victory/frame-00024.png
 create mode 100644 reports/WC-U440/20260907T165200Z-closeout/engine-motion-all168/wc_u_halfling_mage/Victory/frame-00025.png
 create mode 100644 reports/WC-U440/20260907T165200Z-closeout/engine-motion-all168/wc_u_halfling_mage/Victory/frame-00026.png
 create mode 100644 reports/WC-U440/20260907T165200Z-closeout/engine-motion-all168/wc_u_halfling_mage/Victory/frame-00027.png
 create mode 100644 reports/WC-U440/20260907T165200Z-closeout/engine-motion-all168/wc_u_halfling_mage/Victory/frame-00028.png
 create mode 100644 reports/WC-U440/20260907T165200Z-closeout/engine-motion-all168/wc_u_halfling_mage/Victory/frame-00029.png
 create mode 100644 reports/WC-U440/20260907T165200Z-closeout/engine-motion-all168/wc_u_halfling_mage/Victory/frame-00030.png
 create mode 100644 reports/WC-U440/20260907T165200Z-closeout/engine-motion-all168/wc_u_halfling_mage/Victory/frames.csv
 create mode 100644 reports/WC-U440/20260907T165200Z-closeout/engine-motion-all168/wc_u_halfling_ranger/Active/frame-00000.png
 create mode 100644 reports/WC-U440/20260907T165200Z-closeout/engine-motion-all168/wc_u_halfling_ranger/Active/frame-00001.png
 create mode 100644 reports/WC-U440/20260907T165200Z-closeout/engine-motion-all168/wc_u_halfling_ranger/Active/frame-00002.png
 create mode 100644 reports/WC-U440/20260907T165200Z-closeout/engine-motion-all168/wc_u_halfling_ranger/Active/frame-00003.png
 create mode 100644 reports/WC-U440/20260907T165200Z-closeout/engine-motion-all168/wc_u_halfling_ranger/Active/frame-00004.png
 create mode 100644 reports/WC-U440/20260907T165200Z-closeout/engine-motion-all168/wc_u_halfling_ranger/Active/frame-00005.png
 create mode 100644 reports/WC-U440/20260907T165200Z-closeout/engine-motion-all168/wc_u_halfling_ranger/Active/frame-00006.png
 create mode 100644 reports/WC-U440/20260907T165200Z-closeout/engine-motion-all168/wc_u_halfling_ranger/Active/frame-00007.png
 create mode 100644 reports/WC-U440/20260907T165200Z-closeout/engine-motion-all168/wc_u_halfling_ranger/Active/frame-00008.png
 create mode 100644 reports/WC-U440/20260907T165200Z-closeout/engine-motion-all168/wc_u_halfling_ranger/Active/frame-00009.png
 create mode 100644 reports/WC-U440/20260907T165200Z-closeout/engine-motion-all168/wc_u_halfling_ranger/Active/frame-00010.png
 create mode 100644 reports/WC-U440/20260907T165200Z-closeout/engine-motion-all168/wc_u_halfling_ranger/Active/frame-00011.png
 create mode 100644 reports/WC-U440/20260907T165200Z-closeout/engine-motion-all168/wc_u_halfling_ranger/Active/frame-00012.png
 create mode 100644 reports/WC-U440/20260907T165200Z-closeout/engine-motion-all168/wc_u_halfling_ranger/Active/frames.csv
 create mode 100644 reports/WC-U440/20260907T165200Z-closeout/engine-motion-all168/wc_u_halfling_ranger/Attack/frame-00000.png
 create mode 100644 reports/WC-U440/20260907T165200Z-closeout/engine-motion-all168/wc_u_halfling_ranger/Attack/frame-00001.png
 create mode 100644 reports/WC-U440/20260907T165200Z-closeout/engine-motion-all168/wc_u_halfling_ranger/Attack/frame-00002.png
 create mode 100644 reports/WC-U440/20260907T165200Z-closeout/engine-motion-all168/wc_u_halfling_ranger/Attack/frame-00003.png
 create mode 100644 reports/WC-U440/20260907T165200Z-closeout/engine-motion-all168/wc_u_halfling_ranger/Attack/frame-00004.png
 create mode 100644 reports/WC-U440/20260907T165200Z-closeout/engine-motion-all168/wc_u_halfling_ranger/Attack/frame-00005.png
 create mode 100644 reports/WC-U440/20260907T165200Z-closeout/engine-motion-all168/wc_u_halfling_ranger/Attack/frame-00006.png
 create mode 100644 reports/WC-U440/20260907T165200Z-closeout/engine-motion-all168/wc_u_halfling_ranger/Attack/frame-00007.png
 create mode 100644 reports/WC-U440/20260907T165200Z-closeout/engine-motion-all168/wc_u_halfling_ranger/Attack/frame-00008.png
 create mode 100644 reports/WC-U440/20260907T165200Z-closeout/engine-motion-all168/wc_u_halfling_ranger/Attack/frame-00009.png
 create mode 100644 reports/WC-U440/20260907T165200Z-closeout/engine-motion-all168/wc_u_halfling_ranger/Attack/frame-00010.png
 create mode 100644 reports/WC-U440/20260907T165200Z-closeout/engine-motion-all168/wc_u_halfling_ranger/Attack/frame-00011.png
 create mode 100644 reports/WC-U440/20260907T165200Z-closeout/engine-motion-all168/wc_u_halfling_ranger/Attack/frame-00012.png
 create mode 100644 reports/WC-U440/20260907T165200Z-closeout/engine-motion-all168/wc_u_halfling_ranger/Attack/frame-00013.png
 create mode 100644 reports/WC-U440/20260907T165200Z-closeout/engine-motion-all168/wc_u_halfling_ranger/Attack/frame-00014.png
 create mode 100644 reports/WC-U440/20260907T165200Z-closeout/engine-motion-all168/wc_u_halfling_ranger/Attack/frames.csv
 create mode 100644 reports/WC-U440/20260907T165200Z-closeout/engine-motion-all168/wc_u_halfling_ranger/Defeat/frame-00000.png
 create mode 100644 reports/WC-U440/20260907T165200Z-closeout/engine-motion-all168/wc_u_halfling_ranger/Defeat/frame-00001.png
 create mode 100644 reports/WC-U440/20260907T165200Z-closeout/engine-motion-all168/wc_u_halfling_ranger/Defeat/frame-00002.png
 create mode 100644 reports/WC-U440/20260907T165200Z-closeout/engine-motion-all168/wc_u_halfling_ranger/Defeat/frame-00003.png
 create mode 100644 reports/WC-U440/20260907T165200Z-closeout/engine-motion-all168/wc_u_halfling_ranger/Defeat/frame-00004.png
 create mode 100644 reports/WC-U440/20260907T165200Z-closeout/engine-motion-all168/wc_u_halfling_ranger/Defeat/frame-00005.png
 create mode 100644 reports/WC-U440/20260907T165200Z-closeout/engine-motion-all168/wc_u_halfling_ranger/Defeat/frame-00006.png
 create mode 100644 reports/WC-U440/20260907T165200Z-closeout/engine-motion-all168/wc_u_halfling_ranger/Defeat/frame-00007.png
 create mode 100644 reports/WC-U440/20260907T165200Z-closeout/engine-motion-all168/wc_u_halfling_ranger/Defeat/frame-00008.png
 create mode 100644 reports/WC-U440/20260907T165200Z-closeout/engine-motion-all168/wc_u_halfling_ranger/Defeat/frame-00009.png
 create mode 100644 reports/WC-U440/20260907T165200Z-closeout/engine-motion-all168/wc_u_halfling_ranger/Defeat/frame-00010.png
 create mode 100644 reports/WC-U440/20260907T165200Z-closeout/engine-motion-all168/wc_u_halfling_ranger/Defeat/frame-00011.png
 create mode 100644 reports/WC-U440/20260907T165200Z-closeout/engine-motion-all168/wc_u_halfling_ranger/Defeat/frame-00012.png
 create mode 100644 reports/WC-U440/20260907T165200Z-closeout/engine-motion-all168/wc_u_halfling_ranger/Defeat/frame-00013.png
 create mode 100644 reports/WC-U440/20260907T165200Z-closeout/engine-motion-all168/wc_u_halfling_ranger/Defeat/frame-00014.png
 create mode 100644 reports/WC-U440/20260907T165200Z-closeout/engine-motion-all168/wc_u_halfling_ranger/Defeat/frame-00015.png
 create mode 100644 reports/WC-U440/20260907T165200Z-closeout/engine-motion-all168/wc_u_halfling_ranger/Defeat/frame-00016.png
 create mode 100644 reports/WC-U440/20260907T165200Z-closeout/engine-motion-all168/wc_u_halfling_ranger/Defeat/frame-00017.png
 create mode 100644 reports/WC-U440/20260907T165200Z-closeout/engine-motion-all168/wc_u_halfling_ranger/Defeat/frame-00018.png
 create mode 100644 reports/WC-U440/20260907T165200Z-closeout/engine-motion-all168/wc_u_halfling_ranger/Defeat/frame-00019.png
 create mode 100644 reports/WC-U440/20260907T165200Z-closeout/engine-motion-all168/wc_u_halfling_ranger/Defeat/frame-00020.png
 create mode 100644 reports/WC-U440/20260907T165200Z-closeout/engine-motion-all168/wc_u_halfling_ranger/Defeat/frames.csv
 create mode 100644 reports/WC-U440/20260907T165200Z-closeout/engine-motion-all168/wc_u_halfling_ranger/Hit/frame-00000.png
 create mode 100644 reports/WC-U440/20260907T165200Z-closeout/engine-motion-all168/wc_u_halfling_ranger/Hit/frame-00001.png
 create mode 100644 reports/WC-U440/20260907T165200Z-closeout/engine-motion-all168/wc_u_halfling_ranger/Hit/frame-00002.png
 create mode 100644 reports/WC-U440/20260907T165200Z-closeout/engine-motion-all168/wc_u_halfling_ranger/Hit/frame-00003.png
 create mode 100644 reports/WC-U440/20260907T165200Z-closeout/engine-motion-all168/wc_u_halfling_ranger/Hit/frame-00004.png
 create mode 100644 reports/WC-U440/20260907T165200Z-closeout/engine-motion-all168/wc_u_halfling_ranger/Hit/frame-00005.png
 create mode 100644 reports/WC-U440/20260907T165200Z-closeout/engine-motion-all168/wc_u_halfling_ranger/Hit/frame-00006.png
 create mode 100644 reports/WC-U440/20260907T165200Z-closeout/engine-motion-all168/wc_u_halfling_ranger/Hit/frame-00007.png
 create mode 100644 reports/WC-U440/20260907T165200Z-closeout/engine-motion-all168/wc_u_halfling_ranger/Hit/frame-00008.png
 create mode 100644 reports/WC-U440/20260907T165200Z-closeout/engine-motion-all168/wc_u_halfling_ranger/Hit/frames.csv
 create mode 100644 reports/WC-U440/20260907T165200Z-closeout/engine-motion-all168/wc_u_halfling_ranger/Idle/frame-00000.png
 create mode 100644 reports/WC-U440/20260907T165200Z-closeout/engine-motion-all168/wc_u_halfling_ranger/Idle/frame-00001.png
 create mode 100644 reports/WC-U440/20260907T165200Z-closeout/engine-motion-all168/wc_u_halfling_ranger/Idle/frame-00002.png
 create mode 100644 reports/WC-U440/20260907T165200Z-closeout/engine-motion-all168/wc_u_halfling_ranger/Idle/frame-00003.png
 create mode 100644 reports/WC-U440/20260907T165200Z-closeout/engine-motion-all168/wc_u_halfling_ranger/Idle/frame-00004.png
 create mode 100644 reports/WC-U440/20260907T165200Z-closeout/engine-motion-all168/wc_u_halfling_ranger/Idle/frame-00005.png
 create mode 100644 reports/WC-U440/20260907T165200Z-closeout/engine-motion-all168/wc_u_halfling_ranger/Idle/frame-00006.png
 create mode 100644 reports/WC-U440/20260907T165200Z-closeout/engine-motion-all168/wc_u_halfling_ranger/Idle/frame-00007.png
 create mode 100644 reports/WC-U440/20260907T165200Z-closeout/engine-motion-all168/wc_u_halfling_ranger/Idle/frame-00008.png
 create mode 100644 reports/WC-U440/20260907T165200Z-closeout/engine-motion-all168/wc_u_halfling_ranger/Idle/frame-00009.png
 create mode 100644 reports/WC-U440/20260907T165200Z-closeout/engine-motion-all168/wc_u_halfling_ranger/Idle/frame-00010.png
 create mode 100644 reports/WC-U440/20260907T165200Z-closeout/engine-motion-all168/wc_u_halfling_ranger/Idle/frame-00011.png
 create mode 100644 reports/WC-U440/20260907T165200Z-closeout/engine-motion-all168/wc_u_halfling_ranger/Idle/frame-00012.png
 create mode 100644 reports/WC-U440/20260907T165200Z-closeout/engine-motion-all168/wc_u_halfling_ranger/Idle/frame-00013.png
 create mode 100644 reports/WC-U440/20260907T165200Z-closeout/engine-motion-all168/wc_u_halfling_ranger/Idle/frame-00014.png
 create mode 100644 reports/WC-U440/20260907T165200Z-closeout/engine-motion-all168/wc_u_halfling_ranger/Idle/frame-00015.png
 create mode 100644 reports/WC-U440/20260907T165200Z-closeout/engine-motion-all168/wc_u_halfling_ranger/Idle/frame-00016.png
 create mode 100644 reports/WC-U440/20260907T165200Z-closeout/engine-motion-all168/wc_u_halfling_ranger/Idle/frame-00017.png
 create mode 100644 reports/WC-U440/20260907T165200Z-closeout/engine-motion-all168/wc_u_halfling_ranger/Idle/frame-00018.png
 create mode 100644 reports/WC-U440/20260907T165200Z-closeout/engine-motion-all168/wc_u_halfling_ranger/Idle/frame-00019.png
 create mode 100644 reports/WC-U440/20260907T165200Z-closeout/engine-motion-all168/wc_u_halfling_ranger/Idle/frame-00020.png
 create mode 100644 reports/WC-U440/20260907T165200Z-closeout/engine-motion-all168/wc_u_halfling_ranger/Idle/frame-00021.png
 create mode 100644 reports/WC-U440/20260907T165200Z-closeout/engine-motion-all168/wc_u_halfling_ranger/Idle/frame-00022.png
 create mode 100644 reports/WC-U440/20260907T165200Z-closeout/engine-motion-all168/wc_u_halfling_ranger/Idle/frame-00023.png
 create mode 100644 reports/WC-U440/20260907T165200Z-closeout/engine-motion-all168/wc_u_halfling_ranger/Idle/frame-00024.png
 create mode 100644 reports/WC-U440/20260907T165200Z-closeout/engine-motion-all168/wc_u_halfling_ranger/Idle/frame-00025.png
 create mode 100644 reports/WC-U440/20260907T165200Z-closeout/engine-motion-all168/wc_u_halfling_ranger/Idle/frame-00026.png
 create mode 100644 reports/WC-U440/20260907T165200Z-closeout/engine-motion-all168/wc_u_halfling_ranger/Idle/frame-00027.png
 create mode 100644 reports/WC-U440/20260907T165200Z-closeout/engine-motion-all168/wc_u_halfling_ranger/Idle/frame-00028.png
 create mode 100644 reports/WC-U440/20260907T165200Z-closeout/engine-motion-all168/wc_u_halfling_ranger/Idle/frame-00029.png
 create mode 100644 reports/WC-U440/20260907T165200Z-closeout/engine-motion-all168/wc_u_halfling_ranger/Idle/frame-00030.png
 create mode 100644 reports/WC-U440/20260907T165200Z-closeout/engine-motion-all168/wc_u_halfling_ranger/Idle/frame-00031.png
 create mode 100644 reports/WC-U440/20260907T165200Z-closeout/engine-motion-all168/wc_u_halfling_ranger/Idle/frame-00032.png
 create mode 100644 reports/WC-U440/20260907T165200Z-closeout/engine-motion-all168/wc_u_halfling_ranger/Idle/frame-00033.png
 create mode 100644 reports/WC-U440/20260907T165200Z-closeout/engine-motion-all168/wc_u_halfling_ranger/Idle/frame-00034.png
 create mode 100644 reports/WC-U440/20260907T165200Z-closeout/engine-motion-all168/wc_u_halfling_ranger/Idle/frame-00035.png
 create mode 100644 reports/WC-U440/20260907T165200Z-closeout/engine-motion-all168/wc_u_halfling_ranger/Idle/frame-00036.png
 create mode 100644 reports/WC-U440/20260907T165200Z-closeout/engine-motion-all168/wc_u_halfling_ranger/Idle/frame-00037.png
 create mode 100644 reports/WC-U440/20260907T165200Z-closeout/engine-motion-all168/wc_u_halfling_ranger/Idle/frame-00038.png
 create mode 100644 reports/WC-U440/20260907T165200Z-closeout/engine-motion-all168/wc_u_halfling_ranger/Idle/frame-00039.png
 create mode 100644 reports/WC-U440/20260907T165200Z-closeout/engine-motion-all168/wc_u_halfling_ranger/Idle/frame-00040.png
 create mode 100644 reports/WC-U440/20260907T165200Z-closeout/engine-motion-all168/wc_u_halfling_ranger/Idle/frames.csv
 create mode 100644 reports/WC-U440/20260907T165200Z-closeout/engine-motion-all168/wc_u_halfling_ranger/Move/frame-00000.png
 create mode 100644 reports/WC-U440/20260907T165200Z-closeout/engine-motion-all168/wc_u_halfling_ranger/Move/frame-00001.png
 create mode 100644 reports/WC-U440/20260907T165200Z-closeout/engine-motion-all168/wc_u_halfling_ranger/Move/frame-00002.png
 create mode 100644 reports/WC-U440/20260907T165200Z-closeout/engine-motion-all168/wc_u_halfling_ranger/Move/frame-00003.png
 create mode 100644 reports/WC-U440/20260907T165200Z-closeout/engine-motion-all168/wc_u_halfling_ranger/Move/frame-00004.png
 create mode 100644 reports/WC-U440/20260907T165200Z-closeout/engine-motion-all168/wc_u_halfling_ranger/Move/frame-00005.png
 create mode 100644 reports/WC-U440/20260907T165200Z-closeout/engine-motion-all168/wc_u_halfling_ranger/Move/frame-00006.png
 create mode 100644 reports/WC-U440/20260907T165200Z-closeout/engine-motion-all168/wc_u_halfling_ranger/Move/frame-00007.png
 create mode 100644 reports/WC-U440/20260907T165200Z-closeout/engine-motion-all168/wc_u_halfling_ranger/Move/frame-00008.png
 create mode 100644 reports/WC-U440/20260907T165200Z-closeout/engine-motion-all168/wc_u_halfling_ranger/Move/frame-00009.png
 create mode 100644 reports/WC-U440/20260907T165200Z-closeout/engine-motion-all168/wc_u_halfling_ranger/Move/frame-00010.png
 create mode 100644 reports/WC-U440/20260907T165200Z-closeout/engine-motion-all168/wc_u_halfling_ranger/Move/frame-00011.png
 create mode 100644 reports/WC-U440/20260907T165200Z-closeout/engine-motion-all168/wc_u_halfling_ranger/Move/frame-00012.png
 create mode 100644 reports/WC-U440/20260907T165200Z-closeout/engine-motion-all168/wc_u_halfling_ranger/Move/frame-00013.png
 create mode 100644 reports/WC-U440/20260907T165200Z-closeout/engine-motion-all168/wc_u_halfling_ranger/Move/frame-00014.png
 create mode 100644 reports/WC-U440/20260907T165200Z-closeout/engine-motion-all168/wc_u_halfling_ranger/Move/frame-00015.png
 create mode 100644 reports/WC-U440/20260907T165200Z-closeout/engine-motion-all168/wc_u_halfling_ranger/Move/frame-00016.png
 create mode 100644 reports/WC-U440/20260907T165200Z-closeout/engine-motion-all168/wc_u_halfling_ranger/Move/frame-00017.png
 create mode 100644 reports/WC-U440/20260907T165200Z-closeout/engine-motion-all168/wc_u_halfling_ranger/Move/frame-00018.png
 create mode 100644 reports/WC-U440/20260907T165200Z-closeout/engine-motion-all168/wc_u_halfling_ranger/Move/frame-00019.png
 create mode 100644 reports/WC-U440/20260907T165200Z-closeout/engine-motion-all168/wc_u_halfling_ranger/Move/frame-00020.png
 create mode 100644 reports/WC-U440/20260907T165200Z-closeout/engine-motion-all168/wc_u_halfling_ranger/Move/frames.csv
 create mode 100644 reports/WC-U440/20260907T165200Z-closeout/engine-motion-all168/wc_u_halfling_ranger/Victory/frame-00000.png
 create mode 100644 reports/WC-U440/20260907T165200Z-closeout/engine-motion-all168/wc_u_halfling_ranger/Victory/frame-00001.png
 create mode 100644 reports/WC-U440/20260907T165200Z-closeout/engine-motion-all168/wc_u_halfling_ranger/Victory/frame-00002.png
 create mode 100644 reports/WC-U440/20260907T165200Z-closeout/engine-motion-all168/wc_u_halfling_ranger/Victory/frame-00003.png
 create mode 100644 reports/WC-U440/20260907T165200Z-closeout/engine-motion-all168/wc_u_halfling_ranger/Victory/frame-00004.png
 create mode 100644 reports/WC-U440/20260907T165200Z-closeout/engine-motion-all168/wc_u_halfling_ranger/Victory/frame-00005.png
 create mode 100644 reports/WC-U440/20260907T165200Z-closeout/engine-motion-all168/wc_u_halfling_ranger/Victory/frame-00006.png
 create mode 100644 reports/WC-U440/20260907T165200Z-closeout/engine-motion-all168/wc_u_halfling_ranger/Victory/frame-00007.png
 create mode 100644 reports/WC-U440/20260907T165200Z-closeout/engine-motion-all168/wc_u_halfling_ranger/Victory/frame-00008.png
 create mode 100644 reports/WC-U440/20260907T165200Z-closeout/engine-motion-all168/wc_u_halfling_ranger/Victory/frame-00009.png
 create mode 100644 reports/WC-U440/20260907T165200Z-closeout/engine-motion-all168/wc_u_halfling_ranger/Victory/frame-00010.png
 create mode 100644 reports/WC-U440/20260907T165200Z-closeout/engine-motion-all168/wc_u_halfling_ranger/Victory/frame-00011.png
 create mode 100644 reports/WC-U440/20260907T165200Z-closeout/engine-motion-all168/wc_u_halfling_ranger/Victory/frame-00012.png
 create mode 100644 reports/WC-U440/20260907T165200Z-closeout/engine-motion-all168/wc_u_halfling_ranger/Victory/frame-00013.png
 create mode 100644 reports/WC-U440/20260907T165200Z-closeout/engine-motion-all168/wc_u_halfling_ranger/Victory/frame-00014.png
 create mode 100644 reports/WC-U440/20260907T165200Z-closeout/engine-motion-all168/wc_u_halfling_ranger/Victory/frame-00015.png
 create mode 100644 reports/WC-U440/20260907T165200Z-closeout/engine-motion-all168/wc_u_halfling_ranger/Victory/frame-00016.png
 create mode 100644 reports/WC-U440/20260907T165200Z-closeout/engine-motion-all168/wc_u_halfling_ranger/Victory/frame-00017.png
 create mode 100644 reports/WC-U440/20260907T165200Z-closeout/engine-motion-all168/wc_u_halfling_ranger/Victory/frame-00018.png
 create mode 100644 reports/WC-U440/20260907T165200Z-closeout/engine-motion-all168/wc_u_halfling_ranger/Victory/frame-00019.png
 create mode 100644 reports/WC-U440/20260907T165200Z-closeout/engine-motion-all168/wc_u_halfling_ranger/Victory/frame-00020.png
 create mode 100644 reports/WC-U440/20260907T165200Z-closeout/engine-motion-all168/wc_u_halfling_ranger/Victory/frame-00021.png
 create mode 100644 reports/WC-U440/20260907T165200Z-closeout/engine-motion-all168/wc_u_halfling_ranger/Victory/frame-00022.png
 create mode 100644 reports/WC-U440/20260907T165200Z-closeout/engine-motion-all168/wc_u_halfling_ranger/Victory/frame-00023.png
 create mode 100644 reports/WC-U440/20260907T165200Z-closeout/engine-motion-all168/wc_u_halfling_ranger/Victory/frame-00024.png
 create mode 100644 reports/WC-U440/20260907T165200Z-closeout/engine-motion-all168/wc_u_halfling_ranger/Victory/frame-00025.png
 create mode 100644 reports/WC-U440/20260907T165200Z-closeout/engine-motion-all168/wc_u_halfling_ranger/Victory/frame-00026.png
 create mode 100644 reports/WC-U440/20260907T165200Z-closeout/engine-motion-all168/wc_u_halfling_ranger/Victory/frame-00027.png
 create mode 100644 reports/WC-U440/20260907T165200Z-closeout/engine-motion-all168/wc_u_halfling_ranger/Victory/frame-00028.png
 create mode 100644 reports/WC-U440/20260907T165200Z-closeout/engine-motion-all168/wc_u_halfling_ranger/Victory/frame-00029.png
 create mode 100644 reports/WC-U440/20260907T165200Z-closeout/engine-motion-all168/wc_u_halfling_ranger/Victory/frame-00030.png
 create mode 100644 reports/WC-U440/20260907T165200Z-closeout/engine-motion-all168/wc_u_halfling_ranger/Victory/frames.csv
 create mode 100644 reports/WC-U440/20260907T165200Z-closeout/engine-motion-all168/wc_u_halfling_rogue/Active/frame-00000.png
 create mode 100644 reports/WC-U440/20260907T165200Z-closeout/engine-motion-all168/wc_u_halfling_rogue/Active/frame-00001.png
 create mode 100644 reports/WC-U440/20260907T165200Z-closeout/engine-motion-all168/wc_u_halfling_rogue/Active/frame-00002.png
 create mode 100644 reports/WC-U440/20260907T165200Z-closeout/engine-motion-all168/wc_u_halfling_rogue/Active/frame-00003.png
 create mode 100644 reports/WC-U440/20260907T165200Z-closeout/engine-motion-all168/wc_u_halfling_rogue/Active/frame-00004.png
 create mode 100644 reports/WC-U440/20260907T165200Z-closeout/engine-motion-all168/wc_u_halfling_rogue/Active/frame-00005.png
 create mode 100644 reports/WC-U440/20260907T165200Z-closeout/engine-motion-all168/wc_u_halfling_rogue/Active/frame-00006.png
 create mode 100644 reports/WC-U440/20260907T165200Z-closeout/engine-motion-all168/wc_u_halfling_rogue/Active/frame-00007.png
 create mode 100644 reports/WC-U440/20260907T165200Z-closeout/engine-motion-all168/wc_u_halfling_rogue/Active/frame-00008.png
 create mode 100644 reports/WC-U440/20260907T165200Z-closeout/engine-motion-all168/wc_u_halfling_rogue/Active/frame-00009.png
 create mode 100644 reports/WC-U440/20260907T165200Z-closeout/engine-motion-all168/wc_u_halfling_rogue/Active/frame-00010.png
 create mode 100644 reports/WC-U440/20260907T165200Z-closeout/engine-motion-all168/wc_u_halfling_rogue/Active/frames.csv
 create mode 100644 reports/WC-U440/20260907T165200Z-closeout/engine-motion-all168/wc_u_halfling_rogue/Attack/frame-00000.png
 create mode 100644 reports/WC-U440/20260907T165200Z-closeout/engine-motion-all168/wc_u_halfling_rogue/Attack/frame-00001.png
 create mode 100644 reports/WC-U440/20260907T165200Z-closeout/engine-motion-all168/wc_u_halfling_rogue/Attack/frame-00002.png
 create mode 100644 reports/WC-U440/20260907T165200Z-closeout/engine-motion-all168/wc_u_halfling_rogue/Attack/frame-00003.png
 create mode 100644 reports/WC-U440/20260907T165200Z-closeout/engine-motion-all168/wc_u_halfling_rogue/Attack/frame-00004.png
 create mode 100644 reports/WC-U440/20260907T165200Z-closeout/engine-motion-all168/wc_u_halfling_rogue/Attack/frame-00005.png
 create mode 100644 reports/WC-U440/20260907T165200Z-closeout/engine-motion-all168/wc_u_halfling_rogue/Attack/frame-00006.png
 create mode 100644 reports/WC-U440/20260907T165200Z-closeout/engine-motion-all168/wc_u_halfling_rogue/Attack/frame-00007.png
 create mode 100644 reports/WC-U440/20260907T165200Z-closeout/engine-motion-all168/wc_u_halfling_rogue/Attack/frame-00008.png
 create mode 100644 reports/WC-U440/20260907T165200Z-closeout/engine-motion-all168/wc_u_halfling_rogue/Attack/frame-00009.png
 create mode 100644 reports/WC-U440/20260907T165200Z-closeout/engine-motion-all168/wc_u_halfling_rogue/Attack/frame-00010.png
 create mode 100644 reports/WC-U440/20260907T165200Z-closeout/engine-motion-all168/wc_u_halfling_rogue/Attack/frame-00011.png
 create mode 100644 reports/WC-U440/20260907T165200Z-closeout/engine-motion-all168/wc_u_halfling_rogue/Attack/frame-00012.png
 create mode 100644 reports/WC-U440/20260907T165200Z-closeout/engine-motion-all168/wc_u_halfling_rogue/Attack/frame-00013.png
 create mode 100644 reports/WC-U440/20260907T165200Z-closeout/engine-motion-all168/wc_u_halfling_rogue/Attack/frame-00014.png
 create mode 100644 reports/WC-U440/20260907T165200Z-closeout/engine-motion-all168/wc_u_halfling_rogue/Attack/frame-00015.png
 create mode 100644 reports/WC-U440/20260907T165200Z-closeout/engine-motion-all168/wc_u_halfling_rogue/Attack/frame-00016.png
 create mode 100644 reports/WC-U440/20260907T165200Z-closeout/engine-motion-all168/wc_u_halfling_rogue/Attack/frame-00017.png
 create mode 100644 reports/WC-U440/20260907T165200Z-closeout/engine-motion-all168/wc_u_halfling_rogue/Attack/frame-00018.png
 create mode 100644 reports/WC-U440/20260907T165200Z-closeout/engine-motion-all168/wc_u_halfling_rogue/Attack/frame-00019.png
 create mode 100644 reports/WC-U440/20260907T165200Z-closeout/engine-motion-all168/wc_u_halfling_rogue/Attack/frame-00020.png
 create mode 100644 reports/WC-U440/20260907T165200Z-closeout/engine-motion-all168/wc_u_halfling_rogue/Attack/frame-00021.png
 create mode 100644 reports/WC-U440/20260907T165200Z-closeout/engine-motion-all168/wc_u_halfling_rogue/Attack/frame-00022.png
 create mode 100644 reports/WC-U440/20260907T165200Z-closeout/engine-motion-all168/wc_u_halfling_rogue/Attack/frame-00023.png
 create mode 100644 reports/WC-U440/20260907T165200Z-closeout/engine-motion-all168/wc_u_halfling_rogue/Attack/frame-00024.png
 create mode 100644 reports/WC-U440/20260907T165200Z-closeout/engine-motion-all168/wc_u_halfling_rogue/Attack/frame-00025.png
 create mode 100644 reports/WC-U440/20260907T165200Z-closeout/engine-motion-all168/wc_u_halfling_rogue/Attack/frame-00026.png
 create mode 100644 reports/WC-U440/20260907T165200Z-closeout/engine-motion-all168/wc_u_halfling_rogue/Attack/frames.csv
 create mode 100644 reports/WC-U440/20260907T165200Z-closeout/engine-motion-all168/wc_u_halfling_rogue/Defeat/frame-00000.png
 create mode 100644 reports/WC-U440/20260907T165200Z-closeout/engine-motion-all168/wc_u_halfling_rogue/Defeat/frame-00001.png
 create mode 100644 reports/WC-U440/20260907T165200Z-closeout/engine-motion-all168/wc_u_halfling_rogue/Defeat/frame-00002.png
 create mode 100644 reports/WC-U440/20260907T165200Z-closeout/engine-motion-all168/wc_u_halfling_rogue/Defeat/frame-00003.png
 create mode 100644 reports/WC-U440/20260907T165200Z-closeout/engine-motion-all168/wc_u_halfling_rogue/Defeat/frame-00004.png
 create mode 100644 reports/WC-U440/20260907T165200Z-closeout/engine-motion-all168/wc_u_halfling_rogue/Defeat/frame-00005.png
 create mode 100644 reports/WC-U440/20260907T165200Z-closeout/engine-motion-all168/wc_u_halfling_rogue/Defeat/frame-00006.png
 create mode 100644 reports/WC-U440/20260907T165200Z-closeout/engine-motion-all168/wc_u_halfling_rogue/Defeat/frame-00007.png
 create mode 100644 reports/WC-U440/20260907T165200Z-closeout/engine-motion-all168/wc_u_halfling_rogue/Defeat/frame-00008.png
 create mode 100644 reports/WC-U440/20260907T165200Z-closeout/engine-motion-all168/wc_u_halfling_rogue/Defeat/frame-00009.png
 create mode 100644 reports/WC-U440/20260907T165200Z-closeout/engine-motion-all168/wc_u_halfling_rogue/Defeat/frame-00010.png
 create mode 100644 reports/WC-U440/20260907T165200Z-closeout/engine-motion-all168/wc_u_halfling_rogue/Defeat/frame-00011.png
 create mode 100644 reports/WC-U440/20260907T165200Z-closeout/engine-motion-all168/wc_u_halfling_rogue/Defeat/frame-00012.png
 create mode 100644 reports/WC-U440/20260907T165200Z-closeout/engine-motion-all168/wc_u_halfling_rogue/Defeat/frame-00013.png
 create mode 100644 reports/WC-U440/20260907T165200Z-closeout/engine-motion-all168/wc_u_halfling_rogue/Defeat/frame-00014.png
 create mode 100644 reports/WC-U440/20260907T165200Z-closeout/engine-motion-all168/wc_u_halfling_rogue/Defeat/frame-00015.png
 create mode 100644 reports/WC-U440/20260907T165200Z-closeout/engine-motion-all168/wc_u_halfling_rogue/Defeat/frame-00016.png
 create mode 100644 reports/WC-U440/20260907T165200Z-closeout/engine-motion-all168/wc_u_halfling_rogue/Defeat/frame-00017.png
 create mode 100644 reports/WC-U440/20260907T165200Z-closeout/engine-motion-all168/wc_u_halfling_rogue/Defeat/frame-00018.png
 create mode 100644 reports/WC-U440/20260907T165200Z-closeout/engine-motion-all168/wc_u_halfling_rogue/Defeat/frame-00019.png
 create mode 100644 reports/WC-U440/20260907T165200Z-closeout/engine-motion-all168/wc_u_halfling_rogue/Defeat/frame-00020.png
 create mode 100644 reports/WC-U440/20260907T165200Z-closeout/engine-motion-all168/wc_u_halfling_rogue/Defeat/frames.csv
 create mode 100644 reports/WC-U440/20260907T165200Z-closeout/engine-motion-all168/wc_u_halfling_rogue/Hit/frame-00000.png
 create mode 100644 reports/WC-U440/20260907T165200Z-closeout/engine-motion-all168/wc_u_halfling_rogue/Hit/frame-00001.png
 create mode 100644 reports/WC-U440/20260907T165200Z-closeout/engine-motion-all168/wc_u_halfling_rogue/Hit/frame-00002.png
 create mode 100644 reports/WC-U440/20260907T165200Z-closeout/engine-motion-all168/wc_u_halfling_rogue/Hit/frame-00003.png
 create mode 100644 reports/WC-U440/20260907T165200Z-closeout/engine-motion-all168/wc_u_halfling_rogue/Hit/frame-00004.png
 create mode 100644 reports/WC-U440/20260907T165200Z-closeout/engine-motion-all168/wc_u_halfling_rogue/Hit/frame-00005.png
 create mode 100644 reports/WC-U440/20260907T165200Z-closeout/engine-motion-all168/wc_u_halfling_rogue/Hit/frame-00006.png
 create mode 100644 reports/WC-U440/20260907T165200Z-closeout/engine-motion-all168/wc_u_halfling_rogue/Hit/frame-00007.png
 create mode 100644 reports/WC-U440/20260907T165200Z-closeout/engine-motion-all168/wc_u_halfling_rogue/Hit/frame-00008.png
 create mode 100644 reports/WC-U440/20260907T165200Z-closeout/engine-motion-all168/wc_u_halfling_rogue/Hit/frames.csv
 create mode 100644 reports/WC-U440/20260907T165200Z-closeout/engine-motion-all168/wc_u_halfling_rogue/Idle/frame-00000.png
 create mode 100644 reports/WC-U440/20260907T165200Z-closeout/engine-motion-all168/wc_u_halfling_rogue/Idle/frame-00001.png
 create mode 100644 reports/WC-U440/20260907T165200Z-closeout/engine-motion-all168/wc_u_halfling_rogue/Idle/frame-00002.png
 create mode 100644 reports/WC-U440/20260907T165200Z-closeout/engine-motion-all168/wc_u_halfling_rogue/Idle/frame-00003.png
 create mode 100644 reports/WC-U440/20260907T165200Z-closeout/engine-motion-all168/wc_u_halfling_rogue/Idle/frame-00004.png
 create mode 100644 reports/WC-U440/20260907T165200Z-closeout/engine-motion-all168/wc_u_halfling_rogue/Idle/frame-00005.png
 create mode 100644 reports/WC-U440/20260907T165200Z-closeout/engine-motion-all168/wc_u_halfling_rogue/Idle/frame-00006.png
 create mode 100644 reports/WC-U440/20260907T165200Z-closeout/engine-motion-all168/wc_u_halfling_rogue/Idle/frame-00007.png
 create mode 100644 reports/WC-U440/20260907T165200Z-closeout/engine-motion-all168/wc_u_halfling_rogue/Idle/frame-00008.png
 create mode 100644 reports/WC-U440/20260907T165200Z-closeout/engine-motion-all168/wc_u_halfling_rogue/Idle/frame-00009.png
 create mode 100644 reports/WC-U440/20260907T165200Z-closeout/engine-motion-all168/wc_u_halfling_rogue/Idle/frame-00010.png
 create mode 100644 reports/WC-U440/20260907T165200Z-closeout/engine-motion-all168/wc_u_halfling_rogue/Idle/frame-00011.png
 create mode 100644 reports/WC-U440/20260907T165200Z-closeout/engine-motion-all168/wc_u_halfling_rogue/Idle/frame-00012.png
 create mode 100644 reports/WC-U440/20260907T165200Z-closeout/engine-motion-all168/wc_u_halfling_rogue/Idle/frame-00013.png
 create mode 100644 reports/WC-U440/20260907T165200Z-closeout/engine-motion-all168/wc_u_halfling_rogue/Idle/frame-00014.png
 create mode 100644 reports/WC-U440/20260907T165200Z-closeout/engine-motion-all168/wc_u_halfling_rogue/Idle/frame-00015.png
 create mode 100644 reports/WC-U440/20260907T165200Z-closeout/engine-motion-all168/wc_u_halfling_rogue/Idle/frame-00016.png
 create mode 100644 reports/WC-U440/20260907T165200Z-closeout/engine-motion-all168/wc_u_halfling_rogue/Idle/frame-00017.png
 create mode 100644 reports/WC-U440/20260907T165200Z-closeout/engine-motion-all168/wc_u_halfling_rogue/Idle/frame-00018.png
 create mode 100644 reports/WC-U440/20260907T165200Z-closeout/engine-motion-all168/wc_u_halfling_rogue/Idle/frame-00019.png
 create mode 100644 reports/WC-U440/20260907T165200Z-closeout/engine-motion-all168/wc_u_halfling_rogue/Idle/frame-00020.png
 create mode 100644 reports/WC-U440/20260907T165200Z-closeout/engine-motion-all168/wc_u_halfling_rogue/Idle/frame-00021.png
 create mode 100644 reports/WC-U440/20260907T165200Z-closeout/engine-motion-all168/wc_u_halfling_rogue/Idle/frame-00022.png
 create mode 100644 reports/WC-U440/20260907T165200Z-closeout/engine-motion-all168/wc_u_halfling_rogue/Idle/frame-00023.png
 create mode 100644 reports/WC-U440/20260907T165200Z-closeout/engine-motion-all168/wc_u_halfling_rogue/Idle/frame-00024.png
 create mode 100644 reports/WC-U440/20260907T165200Z-closeout/engine-motion-all168/wc_u_halfling_rogue/Idle/frame-00025.png
 create mode 100644 reports/WC-U440/20260907T165200Z-closeout/engine-motion-all168/wc_u_halfling_rogue/Idle/frame-00026.png
 create mode 100644 reports/WC-U440/20260907T165200Z-closeout/engine-motion-all168/wc_u_halfling_rogue/Idle/frame-00027.png
 create mode 100644 reports/WC-U440/20260907T165200Z-closeout/engine-motion-all168/wc_u_halfling_rogue/Idle/frame-00028.png
 create mode 100644 reports/WC-U440/20260907T165200Z-closeout/engine-motion-all168/wc_u_halfling_rogue/Idle/frame-00029.png
 create mode 100644 reports/WC-U440/20260907T165200Z-closeout/engine-motion-all168/wc_u_halfling_rogue/Idle/frame-00030.png
 create mode 100644 reports/WC-U440/20260907T165200Z-closeout/engine-motion-all168/wc_u_halfling_rogue/Idle/frame-00031.png
 create mode 100644 reports/WC-U440/20260907T165200Z-closeout/engine-motion-all168/wc_u_halfling_rogue/Idle/frame-00032.png
 create mode 100644 reports/WC-U440/20260907T165200Z-closeout/engine-motion-all168/wc_u_halfling_rogue/Idle/frame-00033.png
 create mode 100644 reports/WC-U440/20260907T165200Z-closeout/engine-motion-all168/wc_u_halfling_rogue/Idle/frame-00034.png
 create mode 100644 reports/WC-U440/20260907T165200Z-closeout/engine-motion-all168/wc_u_halfling_rogue/Idle/frame-00035.png
 create mode 100644 reports/WC-U440/20260907T165200Z-closeout/engine-motion-all168/wc_u_halfling_rogue/Idle/frame-00036.png
 create mode 100644 reports/WC-U440/20260907T165200Z-closeout/engine-motion-all168/wc_u_halfling_rogue/Idle/frame-00037.png
 create mode 100644 reports/WC-U440/20260907T165200Z-closeout/engine-motion-all168/wc_u_halfling_rogue/Idle/frame-00038.png
 create mode 100644 reports/WC-U440/20260907T165200Z-closeout/engine-motion-all168/wc_u_halfling_rogue/Idle/frame-00039.png
 create mode 100644 reports/WC-U440/20260907T165200Z-closeout/engine-motion-all168/wc_u_halfling_rogue/Idle/frame-00040.png
 create mode 100644 reports/WC-U440/20260907T165200Z-closeout/engine-motion-all168/wc_u_halfling_rogue/Idle/frames.csv
 create mode 100644 reports/WC-U440/20260907T165200Z-closeout/engine-motion-all168/wc_u_halfling_rogue/Move/frame-00000.png
 create mode 100644 reports/WC-U440/20260907T165200Z-closeout/engine-motion-all168/wc_u_halfling_rogue/Move/frame-00001.png
 create mode 100644 reports/WC-U440/20260907T165200Z-closeout/engine-motion-all168/wc_u_halfling_rogue/Move/frame-00002.png
 create mode 100644 reports/WC-U440/20260907T165200Z-closeout/engine-motion-all168/wc_u_halfling_rogue/Move/frame-00003.png
 create mode 100644 reports/WC-U440/20260907T165200Z-closeout/engine-motion-all168/wc_u_halfling_rogue/Move/frame-00004.png
 create mode 100644 reports/WC-U440/20260907T165200Z-closeout/engine-motion-all168/wc_u_halfling_rogue/Move/frame-00005.png
 create mode 100644 reports/WC-U440/20260907T165200Z-closeout/engine-motion-all168/wc_u_halfling_rogue/Move/frame-00006.png
 create mode 100644 reports/WC-U440/20260907T165200Z-closeout/engine-motion-all168/wc_u_halfling_rogue/Move/frame-00007.png
 create mode 100644 reports/WC-U440/20260907T165200Z-closeout/engine-motion-all168/wc_u_halfling_rogue/Move/frame-00008.png
 create mode 100644 reports/WC-U440/20260907T165200Z-closeout/engine-motion-all168/wc_u_halfling_rogue/Move/frame-00009.png
 create mode 100644 reports/WC-U440/20260907T165200Z-closeout/engine-motion-all168/wc_u_halfling_rogue/Move/frame-00010.png
 create mode 100644 reports/WC-U440/20260907T165200Z-closeout/engine-motion-all168/wc_u_halfling_rogue/Move/frame-00011.png
 create mode 100644 reports/WC-U440/20260907T165200Z-closeout/engine-motion-all168/wc_u_halfling_rogue/Move/frame-00012.png
 create mode 100644 reports/WC-U440/20260907T165200Z-closeout/engine-motion-all168/wc_u_halfling_rogue/Move/frame-00013.png
 create mode 100644 reports/WC-U440/20260907T165200Z-closeout/engine-motion-all168/wc_u_halfling_rogue/Move/frame-00014.png
 create mode 100644 reports/WC-U440/20260907T165200Z-closeout/engine-motion-all168/wc_u_halfling_rogue/Move/frame-00015.png
 create mode 100644 reports/WC-U440/20260907T165200Z-closeout/engine-motion-all168/wc_u_halfling_rogue/Move/frame-00016.png
 create mode 100644 reports/WC-U440/20260907T165200Z-closeout/engine-motion-all168/wc_u_halfling_rogue/Move/frame-00017.png
 create mode 100644 reports/WC-U440/20260907T165200Z-closeout/engine-motion-all168/wc_u_halfling_rogue/Move/frame-00018.png
 create mode 100644 reports/WC-U440/20260907T165200Z-closeout/engine-motion-all168/wc_u_halfling_rogue/Move/frame-00019.png
 create mode 100644 reports/WC-U440/20260907T165200Z-closeout/engine-motion-all168/wc_u_halfling_rogue/Move/frame-00020.png
 create mode 100644 reports/WC-U440/20260907T165200Z-closeout/engine-motion-all168/wc_u_halfling_rogue/Move/frames.csv
 create mode 100644 reports/WC-U440/20260907T165200Z-closeout/engine-motion-all168/wc_u_halfling_rogue/Victory/frame-00000.png
 create mode 100644 reports/WC-U440/20260907T165200Z-closeout/engine-motion-all168/wc_u_halfling_rogue/Victory/frame-00001.png
 create mode 100644 reports/WC-U440/20260907T165200Z-closeout/engine-motion-all168/wc_u_halfling_rogue/Victory/frame-00002.png
 create mode 100644 reports/WC-U440/20260907T165200Z-closeout/engine-motion-all168/wc_u_halfling_rogue/Victory/frame-00003.png
 create mode 100644 reports/WC-U440/20260907T165200Z-closeout/engine-motion-all168/wc_u_halfling_rogue/Victory/frame-00004.png
 create mode 100644 reports/WC-U440/20260907T165200Z-closeout/engine-motion-all168/wc_u_halfling_rogue/Victory/frame-00005.png
 create mode 100644 reports/WC-U440/20260907T165200Z-closeout/engine-motion-all168/wc_u_halfling_rogue/Victory/frame-00006.png
 create mode 100644 reports/WC-U440/20260907T165200Z-closeout/engine-motion-all168/wc_u_halfling_rogue/Victory/frame-00007.png
 create mode 100644 reports/WC-U440/20260907T165200Z-closeout/engine-motion-all168/wc_u_halfling_rogue/Victory/frame-00008.png
 create mode 100644 reports/WC-U440/20260907T165200Z-closeout/engine-motion-all168/wc_u_halfling_rogue/Victory/frame-00009.png
 create mode 100644 reports/WC-U440/20260907T165200Z-closeout/engine-motion-all168/wc_u_halfling_rogue/Victory/frame-00010.png
 create mode 100644 reports/WC-U440/20260907T165200Z-closeout/engine-motion-all168/wc_u_halfling_rogue/Victory/frame-00011.png
 create mode 100644 reports/WC-U440/20260907T165200Z-closeout/engine-motion-all168/wc_u_halfling_rogue/Victory/frame-00012.png
 create mode 100644 reports/WC-U440/20260907T165200Z-closeout/engine-motion-all168/wc_u_halfling_rogue/Victory/frame-00013.png
 create mode 100644 reports/WC-U440/20260907T165200Z-closeout/engine-motion-all168/wc_u_halfling_rogue/Victory/frame-00014.png
 create mode 100644 reports/WC-U440/20260907T165200Z-closeout/engine-motion-all168/wc_u_halfling_rogue/Victory/frame-00015.png
 create mode 100644 reports/WC-U440/20260907T165200Z-closeout/engine-motion-all168/wc_u_halfling_rogue/Victory/frame-00016.png
 create mode 100644 reports/WC-U440/20260907T165200Z-closeout/engine-motion-all168/wc_u_halfling_rogue/Victory/frame-00017.png
 create mode 100644 reports/WC-U440/20260907T165200Z-closeout/engine-motion-all168/wc_u_halfling_rogue/Victory/frame-00018.png
 create mode 100644 reports/WC-U440/20260907T165200Z-closeout/engine-motion-all168/wc_u_halfling_rogue/Victory/frame-00019.png
 create mode 100644 reports/WC-U440/20260907T165200Z-closeout/engine-motion-all168/wc_u_halfling_rogue/Victory/frame-00020.png
 create mode 100644 reports/WC-U440/20260907T165200Z-closeout/engine-motion-all168/wc_u_halfling_rogue/Victory/frame-00021.png
 create mode 100644 reports/WC-U440/20260907T165200Z-closeout/engine-motion-all168/wc_u_halfling_rogue/Victory/frame-00022.png
 create mode 100644 reports/WC-U440/20260907T165200Z-closeout/engine-motion-all168/wc_u_halfling_rogue/Victory/frame-00023.png
 create mode 100644 reports/WC-U440/20260907T165200Z-closeout/engine-motion-all168/wc_u_halfling_rogue/Victory/frame-00024.png
 create mode 100644 reports/WC-U440/20260907T165200Z-closeout/engine-motion-all168/wc_u_halfling_rogue/Victory/frame-00025.png
 create mode 100644 reports/WC-U440/20260907T165200Z-closeout/engine-motion-all168/wc_u_halfling_rogue/Victory/frame-00026.png
 create mode 100644 reports/WC-U440/20260907T165200Z-closeout/engine-motion-all168/wc_u_halfling_rogue/Victory/frame-00027.png
 create mode 100644 reports/WC-U440/20260907T165200Z-closeout/engine-motion-all168/wc_u_halfling_rogue/Victory/frame-00028.png
 create mode 100644 reports/WC-U440/20260907T165200Z-closeout/engine-motion-all168/wc_u_halfling_rogue/Victory/frame-00029.png
 create mode 100644 reports/WC-U440/20260907T165200Z-closeout/engine-motion-all168/wc_u_halfling_rogue/Victory/frame-00030.png
 create mode 100644 reports/WC-U440/20260907T165200Z-closeout/engine-motion-all168/wc_u_halfling_rogue/Victory/frames.csv
 create mode 100644 reports/WC-U440/20260907T165200Z-closeout/engine-motion-all168/wc_u_halfling_warrior/Active/frame-00000.png
 create mode 100644 reports/WC-U440/20260907T165200Z-closeout/engine-motion-all168/wc_u_halfling_warrior/Active/frame-00001.png
 create mode 100644 reports/WC-U440/20260907T165200Z-closeout/engine-motion-all168/wc_u_halfling_warrior/Active/frame-00002.png
 create mode 100644 reports/WC-U440/20260907T165200Z-closeout/engine-motion-all168/wc_u_halfling_warrior/Active/frame-00003.png
 create mode 100644 reports/WC-U440/20260907T165200Z-closeout/engine-motion-all168/wc_u_halfling_warrior/Active/frame-00004.png
 create mode 100644 reports/WC-U440/20260907T165200Z-closeout/engine-motion-all168/wc_u_halfling_warrior/Active/frame-00005.png
 create mode 100644 reports/WC-U440/20260907T165200Z-closeout/engine-motion-all168/wc_u_halfling_warrior/Active/frame-00006.png
 create mode 100644 reports/WC-U440/20260907T165200Z-closeout/engine-motion-all168/wc_u_halfling_warrior/Active/frame-00007.png
 create mode 100644 reports/WC-U440/20260907T165200Z-closeout/engine-motion-all168/wc_u_halfling_warrior/Active/frame-00008.png
 create mode 100644 reports/WC-U440/20260907T165200Z-closeout/engine-motion-all168/wc_u_halfling_warrior/Active/frame-00009.png
 create mode 100644 reports/WC-U440/20260907T165200Z-closeout/engine-motion-all168/wc_u_halfling_warrior/Active/frame-00010.png
 create mode 100644 reports/WC-U440/20260907T165200Z-closeout/engine-motion-all168/wc_u_halfling_warrior/Active/frame-00011.png
 create mode 100644 reports/WC-U440/20260907T165200Z-closeout/engine-motion-all168/wc_u_halfling_warrior/Active/frames.csv
 create mode 100644 reports/WC-U440/20260907T165200Z-closeout/engine-motion-all168/wc_u_halfling_warrior/Attack/frame-00000.png
 create mode 100644 reports/WC-U440/20260907T165200Z-closeout/engine-motion-all168/wc_u_halfling_warrior/Attack/frame-00001.png
 create mode 100644 reports/WC-U440/20260907T165200Z-closeout/engine-motion-all168/wc_u_halfling_warrior/Attack/frame-00002.png
 create mode 100644 reports/WC-U440/20260907T165200Z-closeout/engine-motion-all168/wc_u_halfling_warrior/Attack/frame-00003.png
 create mode 100644 reports/WC-U440/20260907T165200Z-closeout/engine-motion-all168/wc_u_halfling_warrior/Attack/frame-00004.png
 create mode 100644 reports/WC-U440/20260907T165200Z-closeout/engine-motion-all168/wc_u_halfling_warrior/Attack/frame-00005.png
 create mode 100644 reports/WC-U440/20260907T165200Z-closeout/engine-motion-all168/wc_u_halfling_warrior/Attack/frame-00006.png
 create mode 100644 reports/WC-U440/20260907T165200Z-closeout/engine-motion-all168/wc_u_halfling_warrior/Attack/frame-00007.png
 create mode 100644 reports/WC-U440/20260907T165200Z-closeout/engine-motion-all168/wc_u_halfling_warrior/Attack/frame-00008.png
 create mode 100644 reports/WC-U440/20260907T165200Z-closeout/engine-motion-all168/wc_u_halfling_warrior/Attack/frame-00009.png
 create mode 100644 reports/WC-U440/20260907T165200Z-closeout/engine-motion-all168/wc_u_halfling_warrior/Attack/frame-00010.png
 create mode 100644 reports/WC-U440/20260907T165200Z-closeout/engine-motion-all168/wc_u_halfling_warrior/Attack/frame-00011.png
 create mode 100644 reports/WC-U440/20260907T165200Z-closeout/engine-motion-all168/wc_u_halfling_warrior/Attack/frame-00012.png
 create mode 100644 reports/WC-U440/20260907T165200Z-closeout/engine-motion-all168/wc_u_halfling_warrior/Attack/frame-00013.png
 create mode 100644 reports/WC-U440/20260907T165200Z-closeout/engine-motion-all168/wc_u_halfling_warrior/Attack/frame-00014.png
 create mode 100644 reports/WC-U440/20260907T165200Z-closeout/engine-motion-all168/wc_u_halfling_warrior/Attack/frame-00015.png
 create mode 100644 reports/WC-U440/20260907T165200Z-closeout/engine-motion-all168/wc_u_halfling_warrior/Attack/frames.csv
 create mode 100644 reports/WC-U440/20260907T165200Z-closeout/engine-motion-all168/wc_u_halfling_warrior/Defeat/frame-00000.png
 create mode 100644 reports/WC-U440/20260907T165200Z-closeout/engine-motion-all168/wc_u_halfling_warrior/Defeat/frame-00001.png
 create mode 100644 reports/WC-U440/20260907T165200Z-closeout/engine-motion-all168/wc_u_halfling_warrior/Defeat/frame-00002.png
 create mode 100644 reports/WC-U440/20260907T165200Z-closeout/engine-motion-all168/wc_u_halfling_warrior/Defeat/frame-00003.png
 create mode 100644 reports/WC-U440/20260907T165200Z-closeout/engine-motion-all168/wc_u_halfling_warrior/Defeat/frame-00004.png
 create mode 100644 reports/WC-U440/20260907T165200Z-closeout/engine-motion-all168/wc_u_halfling_warrior/Defeat/frame-00005.png
 create mode 100644 reports/WC-U440/20260907T165200Z-closeout/engine-motion-all168/wc_u_halfling_warrior/Defeat/frame-00006.png
 create mode 100644 reports/WC-U440/20260907T165200Z-closeout/engine-motion-all168/wc_u_halfling_warrior/Defeat/frame-00007.png
 create mode 100644 reports/WC-U440/20260907T165200Z-closeout/engine-motion-all168/wc_u_halfling_warrior/Defeat/frame-00008.png
 create mode 100644 reports/WC-U440/20260907T165200Z-closeout/engine-motion-all168/wc_u_halfling_warrior/Defeat/frame-00009.png
 create mode 100644 reports/WC-U440/20260907T165200Z-closeout/engine-motion-all168/wc_u_halfling_warrior/Defeat/frame-00010.png
 create mode 100644 reports/WC-U440/20260907T165200Z-closeout/engine-motion-all168/wc_u_halfling_warrior/Defeat/frame-00011.png
 create mode 100644 reports/WC-U440/20260907T165200Z-closeout/engine-motion-all168/wc_u_halfling_warrior/Defeat/frame-00012.png
 create mode 100644 reports/WC-U440/20260907T165200Z-closeout/engine-motion-all168/wc_u_halfling_warrior/Defeat/frame-00013.png
 create mode 100644 reports/WC-U440/20260907T165200Z-closeout/engine-motion-all168/wc_u_halfling_warrior/Defeat/frame-00014.png
 create mode 100644 reports/WC-U440/20260907T165200Z-closeout/engine-motion-all168/wc_u_halfling_warrior/Defeat/frame-00015.png
 create mode 100644 reports/WC-U440/20260907T165200Z-closeout/engine-motion-all168/wc_u_halfling_warrior/Defeat/frame-00016.png
 create mode 100644 reports/WC-U440/20260907T165200Z-closeout/engine-motion-all168/wc_u_halfling_warrior/Defeat/frame-00017.png
 create mode 100644 reports/WC-U440/20260907T165200Z-closeout/engine-motion-all168/wc_u_halfling_warrior/Defeat/frame-00018.png
 create mode 100644 reports/WC-U440/20260907T165200Z-closeout/engine-motion-all168/wc_u_halfling_warrior/Defeat/frame-00019.png
 create mode 100644 reports/WC-U440/20260907T165200Z-closeout/engine-motion-all168/wc_u_halfling_warrior/Defeat/frame-00020.png
 create mode 100644 reports/WC-U440/20260907T165200Z-closeout/engine-motion-all168/wc_u_halfling_warrior/Defeat/frames.csv
 create mode 100644 reports/WC-U440/20260907T165200Z-closeout/engine-motion-all168/wc_u_halfling_warrior/Hit/frame-00000.png
 create mode 100644 reports/WC-U440/20260907T165200Z-closeout/engine-motion-all168/wc_u_halfling_warrior/Hit/frame-00001.png
 create mode 100644 reports/WC-U440/20260907T165200Z-closeout/engine-motion-all168/wc_u_halfling_warrior/Hit/frame-00002.png
 create mode 100644 reports/WC-U440/20260907T165200Z-closeout/engine-motion-all168/wc_u_halfling_warrior/Hit/frame-00003.png
 create mode 100644 reports/WC-U440/20260907T165200Z-closeout/engine-motion-all168/wc_u_halfling_warrior/Hit/frame-00004.png
 create mode 100644 reports/WC-U440/20260907T165200Z-closeout/engine-motion-all168/wc_u_halfling_warrior/Hit/frame-00005.png
 create mode 100644 reports/WC-U440/20260907T165200Z-closeout/engine-motion-all168/wc_u_halfling_warrior/Hit/frame-00006.png
 create mode 100644 reports/WC-U440/20260907T165200Z-closeout/engine-motion-all168/wc_u_halfling_warrior/Hit/frame-00007.png
 create mode 100644 reports/WC-U440/20260907T165200Z-closeout/engine-motion-all168/wc_u_halfling_warrior/Hit/frame-00008.png
 create mode 100644 reports/WC-U440/20260907T165200Z-closeout/engine-motion-all168/wc_u_halfling_warrior/Hit/frames.csv
 create mode 100644 reports/WC-U440/20260907T165200Z-closeout/engine-motion-all168/wc_u_halfling_warrior/Idle/frame-00000.png
 create mode 100644 reports/WC-U440/20260907T165200Z-closeout/engine-motion-all168/wc_u_halfling_warrior/Idle/frame-00001.png
 create mode 100644 reports/WC-U440/20260907T165200Z-closeout/engine-motion-all168/wc_u_halfling_warrior/Idle/frame-00002.png
 create mode 100644 reports/WC-U440/20260907T165200Z-closeout/engine-motion-all168/wc_u_halfling_warrior/Idle/frame-00003.png
 create mode 100644 reports/WC-U440/20260907T165200Z-closeout/engine-motion-all168/wc_u_halfling_warrior/Idle/frame-00004.png
 create mode 100644 reports/WC-U440/20260907T165200Z-closeout/engine-motion-all168/wc_u_halfling_warrior/Idle/frame-00005.png
 create mode 100644 reports/WC-U440/20260907T165200Z-closeout/engine-motion-all168/wc_u_halfling_warrior/Idle/frame-00006.png
 create mode 100644 reports/WC-U440/20260907T165200Z-closeout/engine-motion-all168/wc_u_halfling_warrior/Idle/frame-00007.png
 create mode 100644 reports/WC-U440/20260907T165200Z-closeout/engine-motion-all168/wc_u_halfling_warrior/Idle/frame-00008.png
 create mode 100644 reports/WC-U440/20260907T165200Z-closeout/engine-motion-all168/wc_u_halfling_warrior/Idle/frame-00009.png
 create mode 100644 reports/WC-U440/20260907T165200Z-closeout/engine-motion-all168/wc_u_halfling_warrior/Idle/frame-00010.png
 create mode 100644 reports/WC-U440/20260907T165200Z-closeout/engine-motion-all168/wc_u_halfling_warrior/Idle/frame-00011.png
 create mode 100644 reports/WC-U440/20260907T165200Z-closeout/engine-motion-all168/wc_u_halfling_warrior/Idle/frame-00012.png
 create mode 100644 reports/WC-U440/20260907T165200Z-closeout/engine-motion-all168/wc_u_halfling_warrior/Idle/frame-00013.png
 create mode 100644 reports/WC-U440/20260907T165200Z-closeout/engine-motion-all168/wc_u_halfling_warrior/Idle/frame-00014.png
 create mode 100644 reports/WC-U440/20260907T165200Z-closeout/engine-motion-all168/wc_u_halfling_warrior/Idle/frame-00015.png
 create mode 100644 reports/WC-U440/20260907T165200Z-closeout/engine-motion-all168/wc_u_halfling_warrior/Idle/frame-00016.png
 create mode 100644 reports/WC-U440/20260907T165200Z-closeout/engine-motion-all168/wc_u_halfling_warrior/Idle/frame-00017.png
 create mode 100644 reports/WC-U440/20260907T165200Z-closeout/engine-motion-all168/wc_u_halfling_warrior/Idle/frame-00018.png
 create mode 100644 reports/WC-U440/20260907T165200Z-closeout/engine-motion-all168/wc_u_halfling_warrior/Idle/frame-00019.png
 create mode 100644 reports/WC-U440/20260907T165200Z-closeout/engine-motion-all168/wc_u_halfling_warrior/Idle/frame-00020.png
 create mode 100644 reports/WC-U440/20260907T165200Z-closeout/engine-motion-all168/wc_u_halfling_warrior/Idle/frame-00021.png
 create mode 100644 reports/WC-U440/20260907T165200Z-closeout/engine-motion-all168/wc_u_halfling_warrior/Idle/frame-00022.png
 create mode 100644 reports/WC-U440/20260907T165200Z-closeout/engine-motion-all168/wc_u_halfling_warrior/Idle/frame-00023.png
 create mode 100644 reports/WC-U440/20260907T165200Z-closeout/engine-motion-all168/wc_u_halfling_warrior/Idle/frame-00024.png
 create mode 100644 reports/WC-U440/20260907T165200Z-closeout/engine-motion-all168/wc_u_halfling_warrior/Idle/frame-00025.png
 create mode 100644 reports/WC-U440/20260907T165200Z-closeout/engine-motion-all168/wc_u_halfling_warrior/Idle/frame-00026.png
 create mode 100644 reports/WC-U440/20260907T165200Z-closeout/engine-motion-all168/wc_u_halfling_warrior/Idle/frame-00027.png
 create mode 100644 reports/WC-U440/20260907T165200Z-closeout/engine-motion-all168/wc_u_halfling_warrior/Idle/frame-00028.png
 create mode 100644 reports/WC-U440/20260907T165200Z-closeout/engine-motion-all168/wc_u_halfling_warrior/Idle/frame-00029.png
 create mode 100644 reports/WC-U440/20260907T165200Z-closeout/engine-motion-all168/wc_u_halfling_warrior/Idle/frame-00030.png
 create mode 100644 reports/WC-U440/20260907T165200Z-closeout/engine-motion-all168/wc_u_halfling_warrior/Idle/frame-00031.png
 create mode 100644 reports/WC-U440/20260907T165200Z-closeout/engine-motion-all168/wc_u_halfling_warrior/Idle/frame-00032.png
 create mode 100644 reports/WC-U440/20260907T165200Z-closeout/engine-motion-all168/wc_u_halfling_warrior/Idle/frame-00033.png
 create mode 100644 reports/WC-U440/20260907T165200Z-closeout/engine-motion-all168/wc_u_halfling_warrior/Idle/frame-00034.png
 create mode 100644 reports/WC-U440/20260907T165200Z-closeout/engine-motion-all168/wc_u_halfling_warrior/Idle/frame-00035.png
 create mode 100644 reports/WC-U440/20260907T165200Z-closeout/engine-motion-all168/wc_u_halfling_warrior/Idle/frame-00036.png
 create mode 100644 reports/WC-U440/20260907T165200Z-closeout/engine-motion-all168/wc_u_halfling_warrior/Idle/frame-00037.png
 create mode 100644 reports/WC-U440/20260907T165200Z-closeout/engine-motion-all168/wc_u_halfling_warrior/Idle/frame-00038.png
 create mode 100644 reports/WC-U440/20260907T165200Z-closeout/engine-motion-all168/wc_u_halfling_warrior/Idle/frame-00039.png
 create mode 100644 reports/WC-U440/20260907T165200Z-closeout/engine-motion-all168/wc_u_halfling_warrior/Idle/frame-00040.png
 create mode 100644 reports/WC-U440/20260907T165200Z-closeout/engine-motion-all168/wc_u_halfling_warrior/Idle/frames.csv
 create mode 100644 reports/WC-U440/20260907T165200Z-closeout/engine-motion-all168/wc_u_halfling_warrior/Move/frame-00000.png
 create mode 100644 reports/WC-U440/20260907T165200Z-closeout/engine-motion-all168/wc_u_halfling_warrior/Move/frame-00001.png
 create mode 100644 reports/WC-U440/20260907T165200Z-closeout/engine-motion-all168/wc_u_halfling_warrior/Move/frame-00002.png
 create mode 100644 reports/WC-U440/20260907T165200Z-closeout/engine-motion-all168/wc_u_halfling_warrior/Move/frame-00003.png
 create mode 100644 reports/WC-U440/20260907T165200Z-closeout/engine-motion-all168/wc_u_halfling_warrior/Move/frame-00004.png
 create mode 100644 reports/WC-U440/20260907T165200Z-closeout/engine-motion-all168/wc_u_halfling_warrior/Move/frame-00005.png
 create mode 100644 reports/WC-U440/20260907T165200Z-closeout/engine-motion-all168/wc_u_halfling_warrior/Move/frame-00006.png
 create mode 100644 reports/WC-U440/20260907T165200Z-closeout/engine-motion-all168/wc_u_halfling_warrior/Move/frame-00007.png
 create mode 100644 reports/WC-U440/20260907T165200Z-closeout/engine-motion-all168/wc_u_halfling_warrior/Move/frame-00008.png
 create mode 100644 reports/WC-U440/20260907T165200Z-closeout/engine-motion-all168/wc_u_halfling_warrior/Move/frame-00009.png
 create mode 100644 reports/WC-U440/20260907T165200Z-closeout/engine-motion-all168/wc_u_halfling_warrior/Move/frame-00010.png
 create mode 100644 reports/WC-U440/20260907T165200Z-closeout/engine-motion-all168/wc_u_halfling_warrior/Move/frame-00011.png
 create mode 100644 reports/WC-U440/20260907T165200Z-closeout/engine-motion-all168/wc_u_halfling_warrior/Move/frame-00012.png
 create mode 100644 reports/WC-U440/20260907T165200Z-closeout/engine-motion-all168/wc_u_halfling_warrior/Move/frame-00013.png
 create mode 100644 reports/WC-U440/20260907T165200Z-closeout/engine-motion-all168/wc_u_halfling_warrior/Move/frame-00014.png
 create mode 100644 reports/WC-U440/20260907T165200Z-closeout/engine-motion-all168/wc_u_halfling_warrior/Move/frame-00015.png
 create mode 100644 reports/WC-U440/20260907T165200Z-closeout/engine-motion-all168/wc_u_halfling_warrior/Move/frame-00016.png
 create mode 100644 reports/WC-U440/20260907T165200Z-closeout/engine-motion-all168/wc_u_halfling_warrior/Move/frame-00017.png
 create mode 100644 reports/WC-U440/20260907T165200Z-closeout/engine-motion-all168/wc_u_halfling_warrior/Move/frame-00018.png
 create mode 100644 reports/WC-U440/20260907T165200Z-closeout/engine-motion-all168/wc_u_halfling_warrior/Move/frame-00019.png
 create mode 100644 reports/WC-U440/20260907T165200Z-closeout/engine-motion-all168/wc_u_halfling_warrior/Move/frame-00020.png
 create mode 100644 reports/WC-U440/20260907T165200Z-closeout/engine-motion-all168/wc_u_halfling_warrior/Move/frames.csv
 create mode 100644 reports/WC-U440/20260907T165200Z-closeout/engine-motion-all168/wc_u_halfling_warrior/Victory/frame-00000.png
 create mode 100644 reports/WC-U440/20260907T165200Z-closeout/engine-motion-all168/wc_u_halfling_warrior/Victory/frame-00001.png
 create mode 100644 reports/WC-U440/20260907T165200Z-closeout/engine-motion-all168/wc_u_halfling_warrior/Victory/frame-00002.png
 create mode 100644 reports/WC-U440/20260907T165200Z-closeout/engine-motion-all168/wc_u_halfling_warrior/Victory/frame-00003.png
 create mode 100644 reports/WC-U440/20260907T165200Z-closeout/engine-motion-all168/wc_u_halfling_warrior/Victory/frame-00004.png
 create mode 100644 reports/WC-U440/20260907T165200Z-closeout/engine-motion-all168/wc_u_halfling_warrior/Victory/frame-00005.png
 create mode 100644 reports/WC-U440/20260907T165200Z-closeout/engine-motion-all168/wc_u_halfling_warrior/Victory/frame-00006.png
 create mode 100644 reports/WC-U440/20260907T165200Z-closeout/engine-motion-all168/wc_u_halfling_warrior/Victory/frame-00007.png
 create mode 100644 reports/WC-U440/20260907T165200Z-closeout/engine-motion-all168/wc_u_halfling_warrior/Victory/frame-00008.png
 create mode 100644 reports/WC-U440/20260907T165200Z-closeout/engine-motion-all168/wc_u_halfling_warrior/Victory/frame-00009.png
 create mode 100644 reports/WC-U440/20260907T165200Z-closeout/engine-motion-all168/wc_u_halfling_warrior/Victory/frame-00010.png
 create mode 100644 reports/WC-U440/20260907T165200Z-closeout/engine-motion-all168/wc_u_halfling_warrior/Victory/frame-00011.png
 create mode 100644 reports/WC-U440/20260907T165200Z-closeout/engine-motion-all168/wc_u_halfling_warrior/Victory/frame-00012.png
 create mode 100644 reports/WC-U440/20260907T165200Z-closeout/engine-motion-all168/wc_u_halfling_warrior/Victory/frame-00013.png
 create mode 100644 reports/WC-U440/20260907T165200Z-closeout/engine-motion-all168/wc_u_halfling_warrior/Victory/frame-00014.png
 create mode 100644 reports/WC-U440/20260907T165200Z-closeout/engine-motion-all168/wc_u_halfling_warrior/Victory/frame-00015.png
 create mode 100644 reports/WC-U440/20260907T165200Z-closeout/engine-motion-all168/wc_u_halfling_warrior/Victory/frame-00016.png
 create mode 100644 reports/WC-U440/20260907T165200Z-closeout/engine-motion-all168/wc_u_halfling_warrior/Victory/frame-00017.png
 create mode 100644 reports/WC-U440/20260907T165200Z-closeout/engine-motion-all168/wc_u_halfling_warrior/Victory/frame-00018.png
 create mode 100644 reports/WC-U440/20260907T165200Z-closeout/engine-motion-all168/wc_u_halfling_warrior/Victory/frame-00019.png
 create mode 100644 reports/WC-U440/20260907T165200Z-closeout/engine-motion-all168/wc_u_halfling_warrior/Victory/frame-00020.png
 create mode 100644 reports/WC-U440/20260907T165200Z-closeout/engine-motion-all168/wc_u_halfling_warrior/Victory/frame-00021.png
 create mode 100644 reports/WC-U440/20260907T165200Z-closeout/engine-motion-all168/wc_u_halfling_warrior/Victory/frame-00022.png
 create mode 100644 reports/WC-U440/20260907T165200Z-closeout/engine-motion-all168/wc_u_halfling_warrior/Victory/frame-00023.png
 create mode 100644 reports/WC-U440/20260907T165200Z-closeout/engine-motion-all168/wc_u_halfling_warrior/Victory/frame-00024.png
 create mode 100644 reports/WC-U440/20260907T165200Z-closeout/engine-motion-all168/wc_u_halfling_warrior/Victory/frame-00025.png
 create mode 100644 reports/WC-U440/20260907T165200Z-closeout/engine-motion-all168/wc_u_halfling_warrior/Victory/frame-00026.png
 create mode 100644 reports/WC-U440/20260907T165200Z-closeout/engine-motion-all168/wc_u_halfling_warrior/Victory/frame-00027.png
 create mode 100644 reports/WC-U440/20260907T165200Z-closeout/engine-motion-all168/wc_u_halfling_warrior/Victory/frame-00028.png
 create mode 100644 reports/WC-U440/20260907T165200Z-closeout/engine-motion-all168/wc_u_halfling_warrior/Victory/frame-00029.png
 create mode 100644 reports/WC-U440/20260907T165200Z-closeout/engine-motion-all168/wc_u_halfling_warrior/Victory/frame-00030.png
 create mode 100644 reports/WC-U440/20260907T165200Z-closeout/engine-motion-all168/wc_u_halfling_warrior/Victory/frames.csv
 create mode 100644 reports/WC-U440/20260907T165200Z-closeout/engine-motion-all168/wc_u_human_guardian/Active/frame-00000.png
 create mode 100644 reports/WC-U440/20260907T165200Z-closeout/engine-motion-all168/wc_u_human_guardian/Active/frame-00001.png
 create mode 100644 reports/WC-U440/20260907T165200Z-closeout/engine-motion-all168/wc_u_human_guardian/Active/frame-00002.png
 create mode 100644 reports/WC-U440/20260907T165200Z-closeout/engine-motion-all168/wc_u_human_guardian/Active/frame-00003.png
 create mode 100644 reports/WC-U440/20260907T165200Z-closeout/engine-motion-all168/wc_u_human_guardian/Active/frame-00004.png
 create mode 100644 reports/WC-U440/20260907T165200Z-closeout/engine-motion-all168/wc_u_human_guardian/Active/frame-00005.png
 create mode 100644 reports/WC-U440/20260907T165200Z-closeout/engine-motion-all168/wc_u_human_guardian/Active/frame-00006.png
 create mode 100644 reports/WC-U440/20260907T165200Z-closeout/engine-motion-all168/wc_u_human_guardian/Active/frame-00007.png
 create mode 100644 reports/WC-U440/20260907T165200Z-closeout/engine-motion-all168/wc_u_human_guardian/Active/frame-00008.png
 create mode 100644 reports/WC-U440/20260907T165200Z-closeout/engine-motion-all168/wc_u_human_guardian/Active/frame-00009.png
 create mode 100644 reports/WC-U440/20260907T165200Z-closeout/engine-motion-all168/wc_u_human_guardian/Active/frame-00010.png
 create mode 100644 reports/WC-U440/20260907T165200Z-closeout/engine-motion-all168/wc_u_human_guardian/Active/frame-00011.png
 create mode 100644 reports/WC-U440/20260907T165200Z-closeout/engine-motion-all168/wc_u_human_guardian/Active/frame-00012.png
 create mode 100644 reports/WC-U440/20260907T165200Z-closeout/engine-motion-all168/wc_u_human_guardian/Active/frames.csv
 create mode 100644 reports/WC-U440/20260907T165200Z-closeout/engine-motion-all168/wc_u_human_guardian/Attack/frame-00000.png
 create mode 100644 reports/WC-U440/20260907T165200Z-closeout/engine-motion-all168/wc_u_human_guardian/Attack/frame-00001.png
 create mode 100644 reports/WC-U440/20260907T165200Z-closeout/engine-motion-all168/wc_u_human_guardian/Attack/frame-00002.png
 create mode 100644 reports/WC-U440/20260907T165200Z-closeout/engine-motion-all168/wc_u_human_guardian/Attack/frame-00003.png
 create mode 100644 reports/WC-U440/20260907T165200Z-closeout/engine-motion-all168/wc_u_human_guardian/Attack/frame-00004.png
 create mode 100644 reports/WC-U440/20260907T165200Z-closeout/engine-motion-all168/wc_u_human_guardian/Attack/frame-00005.png
 create mode 100644 reports/WC-U440/20260907T165200Z-closeout/engine-motion-all168/wc_u_human_guardian/Attack/frame-00006.png
 create mode 100644 reports/WC-U440/20260907T165200Z-closeout/engine-motion-all168/wc_u_human_guardian/Attack/frame-00007.png
 create mode 100644 reports/WC-U440/20260907T165200Z-closeout/engine-motion-all168/wc_u_human_guardian/Attack/frame-00008.png
 create mode 100644 reports/WC-U440/20260907T165200Z-closeout/engine-motion-all168/wc_u_human_guardian/Attack/frame-00009.png
 create mode 100644 reports/WC-U440/20260907T165200Z-closeout/engine-motion-all168/wc_u_human_guardian/Attack/frame-00010.png
 create mode 100644 reports/WC-U440/20260907T165200Z-closeout/engine-motion-all168/wc_u_human_guardian/Attack/frame-00011.png
 create mode 100644 reports/WC-U440/20260907T165200Z-closeout/engine-motion-all168/wc_u_human_guardian/Attack/frame-00012.png
 create mode 100644 reports/WC-U440/20260907T165200Z-closeout/engine-motion-all168/wc_u_human_guardian/Attack/frame-00013.png
 create mode 100644 reports/WC-U440/20260907T165200Z-closeout/engine-motion-all168/wc_u_human_guardian/Attack/frames.csv
 create mode 100644 reports/WC-U440/20260907T165200Z-closeout/engine-motion-all168/wc_u_human_guardian/Defeat/frame-00000.png
 create mode 100644 reports/WC-U440/20260907T165200Z-closeout/engine-motion-all168/wc_u_human_guardian/Defeat/frame-00001.png
 create mode 100644 reports/WC-U440/20260907T165200Z-closeout/engine-motion-all168/wc_u_human_guardian/Defeat/frame-00002.png
 create mode 100644 reports/WC-U440/20260907T165200Z-closeout/engine-motion-all168/wc_u_human_guardian/Defeat/frame-00003.png
 create mode 100644 reports/WC-U440/20260907T165200Z-closeout/engine-motion-all168/wc_u_human_guardian/Defeat/frame-00004.png
 create mode 100644 reports/WC-U440/20260907T165200Z-closeout/engine-motion-all168/wc_u_human_guardian/Defeat/frame-00005.png
 create mode 100644 reports/WC-U440/20260907T165200Z-closeout/engine-motion-all168/wc_u_human_guardian/Defeat/frame-00006.png
 create mode 100644 reports/WC-U440/20260907T165200Z-closeout/engine-motion-all168/wc_u_human_guardian/Defeat/frame-00007.png
 create mode 100644 reports/WC-U440/20260907T165200Z-closeout/engine-motion-all168/wc_u_human_guardian/Defeat/frame-00008.png
 create mode 100644 reports/WC-U440/20260907T165200Z-closeout/engine-motion-all168/wc_u_human_guardian/Defeat/frame-00009.png
 create mode 100644 reports/WC-U440/20260907T165200Z-closeout/engine-motion-all168/wc_u_human_guardian/Defeat/frame-00010.png
 create mode 100644 reports/WC-U440/20260907T165200Z-closeout/engine-motion-all168/wc_u_human_guardian/Defeat/frame-00011.png
 create mode 100644 reports/WC-U440/20260907T165200Z-closeout/engine-motion-all168/wc_u_human_guardian/Defeat/frame-00012.png
 create mode 100644 reports/WC-U440/20260907T165200Z-closeout/engine-motion-all168/wc_u_human_guardian/Defeat/frame-00013.png
 create mode 100644 reports/WC-U440/20260907T165200Z-closeout/engine-motion-all168/wc_u_human_guardian/Defeat/frame-00014.png
 create mode 100644 reports/WC-U440/20260907T165200Z-closeout/engine-motion-all168/wc_u_human_guardian/Defeat/frame-00015.png
 create mode 100644 reports/WC-U440/20260907T165200Z-closeout/engine-motion-all168/wc_u_human_guardian/Defeat/frame-00016.png
 create mode 100644 reports/WC-U440/20260907T165200Z-closeout/engine-motion-all168/wc_u_human_guardian/Defeat/frame-00017.png
 create mode 100644 reports/WC-U440/20260907T165200Z-closeout/engine-motion-all168/wc_u_human_guardian/Defeat/frame-00018.png
 create mode 100644 reports/WC-U440/20260907T165200Z-closeout/engine-motion-all168/wc_u_human_guardian/Defeat/frame-00019.png
 create mode 100644 reports/WC-U440/20260907T165200Z-closeout/engine-motion-all168/wc_u_human_guardian/Defeat/frame-00020.png
 create mode 100644 reports/WC-U440/20260907T165200Z-closeout/engine-motion-all168/wc_u_human_guardian/Defeat/frames.csv
 create mode 100644 reports/WC-U440/20260907T165200Z-closeout/engine-motion-all168/wc_u_human_guardian/Hit/frame-00000.png
 create mode 100644 reports/WC-U440/20260907T165200Z-closeout/engine-motion-all168/wc_u_human_guardian/Hit/frame-00001.png
 create mode 100644 reports/WC-U440/20260907T165200Z-closeout/engine-motion-all168/wc_u_human_guardian/Hit/frame-00002.png
 create mode 100644 reports/WC-U440/20260907T165200Z-closeout/engine-motion-all168/wc_u_human_guardian/Hit/frame-00003.png
 create mode 100644 reports/WC-U440/20260907T165200Z-closeout/engine-motion-all168/wc_u_human_guardian/Hit/frame-00004.png
 create mode 100644 reports/WC-U440/20260907T165200Z-closeout/engine-motion-all168/wc_u_human_guardian/Hit/frame-00005.png
 create mode 100644 reports/WC-U440/20260907T165200Z-closeout/engine-motion-all168/wc_u_human_guardian/Hit/frame-00006.png
 create mode 100644 reports/WC-U440/20260907T165200Z-closeout/engine-motion-all168/wc_u_human_guardian/Hit/frame-00007.png
 create mode 100644 reports/WC-U440/20260907T165200Z-closeout/engine-motion-all168/wc_u_human_guardian/Hit/frame-00008.png
 create mode 100644 reports/WC-U440/20260907T165200Z-closeout/engine-motion-all168/wc_u_human_guardian/Hit/frames.csv
 create mode 100644 reports/WC-U440/20260907T165200Z-closeout/engine-motion-all168/wc_u_human_guardian/Idle/frame-00000.png
 create mode 100644 reports/WC-U440/20260907T165200Z-closeout/engine-motion-all168/wc_u_human_guardian/Idle/frame-00001.png
 create mode 100644 reports/WC-U440/20260907T165200Z-closeout/engine-motion-all168/wc_u_human_guardian/Idle/frame-00002.png
 create mode 100644 reports/WC-U440/20260907T165200Z-closeout/engine-motion-all168/wc_u_human_guardian/Idle/frame-00003.png
 create mode 100644 reports/WC-U440/20260907T165200Z-closeout/engine-motion-all168/wc_u_human_guardian/Idle/frame-00004.png
 create mode 100644 reports/WC-U440/20260907T165200Z-closeout/engine-motion-all168/wc_u_human_guardian/Idle/frame-00005.png
 create mode 100644 reports/WC-U440/20260907T165200Z-closeout/engine-motion-all168/wc_u_human_guardian/Idle/frame-00006.png
 create mode 100644 reports/WC-U440/20260907T165200Z-closeout/engine-motion-all168/wc_u_human_guardian/Idle/frame-00007.png
 create mode 100644 reports/WC-U440/20260907T165200Z-closeout/engine-motion-all168/wc_u_human_guardian/Idle/frame-00008.png
 create mode 100644 reports/WC-U440/20260907T165200Z-closeout/engine-motion-all168/wc_u_human_guardian/Idle/frame-00009.png
 create mode 100644 reports/WC-U440/20260907T165200Z-closeout/engine-motion-all168/wc_u_human_guardian/Idle/frame-00010.png
 create mode 100644 reports/WC-U440/20260907T165200Z-closeout/engine-motion-all168/wc_u_human_guardian/Idle/frame-00011.png
 create mode 100644 reports/WC-U440/20260907T165200Z-closeout/engine-motion-all168/wc_u_human_guardian/Idle/frame-00012.png
 create mode 100644 reports/WC-U440/20260907T165200Z-closeout/engine-motion-all168/wc_u_human_guardian/Idle/frame-00013.png
 create mode 100644 reports/WC-U440/20260907T165200Z-closeout/engine-motion-all168/wc_u_human_guardian/Idle/frame-00014.png
 create mode 100644 reports/WC-U440/20260907T165200Z-closeout/engine-motion-all168/wc_u_human_guardian/Idle/frame-00015.png
 create mode 100644 reports/WC-U440/20260907T165200Z-closeout/engine-motion-all168/wc_u_human_guardian/Idle/frame-00016.png
 create mode 100644 reports/WC-U440/20260907T165200Z-closeout/engine-motion-all168/wc_u_human_guardian/Idle/frame-00017.png
 create mode 100644 reports/WC-U440/20260907T165200Z-closeout/engine-motion-all168/wc_u_human_guardian/Idle/frame-00018.png
 create mode 100644 reports/WC-U440/20260907T165200Z-closeout/engine-motion-all168/wc_u_human_guardian/Idle/frame-00019.png
 create mode 100644 reports/WC-U440/20260907T165200Z-closeout/engine-motion-all168/wc_u_human_guardian/Idle/frame-00020.png
 create mode 100644 reports/WC-U440/20260907T165200Z-closeout/engine-motion-all168/wc_u_human_guardian/Idle/frame-00021.png
 create mode 100644 reports/WC-U440/20260907T165200Z-closeout/engine-motion-all168/wc_u_human_guardian/Idle/frame-00022.png
 create mode 100644 reports/WC-U440/20260907T165200Z-closeout/engine-motion-all168/wc_u_human_guardian/Idle/frame-00023.png
 create mode 100644 reports/WC-U440/20260907T165200Z-closeout/engine-motion-all168/wc_u_human_guardian/Idle/frame-00024.png
 create mode 100644 reports/WC-U440/20260907T165200Z-closeout/engine-motion-all168/wc_u_human_guardian/Idle/frame-00025.png
 create mode 100644 reports/WC-U440/20260907T165200Z-closeout/engine-motion-all168/wc_u_human_guardian/Idle/frame-00026.png
 create mode 100644 reports/WC-U440/20260907T165200Z-closeout/engine-motion-all168/wc_u_human_guardian/Idle/frame-00027.png
 create mode 100644 reports/WC-U440/20260907T165200Z-closeout/engine-motion-all168/wc_u_human_guardian/Idle/frame-00028.png
 create mode 100644 reports/WC-U440/20260907T165200Z-closeout/engine-motion-all168/wc_u_human_guardian/Idle/frame-00029.png
 create mode 100644 reports/WC-U440/20260907T165200Z-closeout/engine-motion-all168/wc_u_human_guardian/Idle/frame-00030.png
 create mode 100644 reports/WC-U440/20260907T165200Z-closeout/engine-motion-all168/wc_u_human_guardian/Idle/frame-00031.png
 create mode 100644 reports/WC-U440/20260907T165200Z-closeout/engine-motion-all168/wc_u_human_guardian/Idle/frame-00032.png
 create mode 100644 reports/WC-U440/20260907T165200Z-closeout/engine-motion-all168/wc_u_human_guardian/Idle/frame-00033.png
 create mode 100644 reports/WC-U440/20260907T165200Z-closeout/engine-motion-all168/wc_u_human_guardian/Idle/frame-00034.png
 create mode 100644 reports/WC-U440/20260907T165200Z-closeout/engine-motion-all168/wc_u_human_guardian/Idle/frame-00035.png
 create mode 100644 reports/WC-U440/20260907T165200Z-closeout/engine-motion-all168/wc_u_human_guardian/Idle/frame-00036.png
 create mode 100644 reports/WC-U440/20260907T165200Z-closeout/engine-motion-all168/wc_u_human_guardian/Idle/frame-00037.png
 create mode 100644 reports/WC-U440/20260907T165200Z-closeout/engine-motion-all168/wc_u_human_guardian/Idle/frame-00038.png
 create mode 100644 reports/WC-U440/20260907T165200Z-closeout/engine-motion-all168/wc_u_human_guardian/Idle/frame-00039.png
 create mode 100644 reports/WC-U440/20260907T165200Z-closeout/engine-motion-all168/wc_u_human_guardian/Idle/frame-00040.png
 create mode 100644 reports/WC-U440/20260907T165200Z-closeout/engine-motion-all168/wc_u_human_guardian/Idle/frames.csv
 create mode 100644 reports/WC-U440/20260907T165200Z-closeout/engine-motion-all168/wc_u_human_guardian/Move/frame-00000.png
 create mode 100644 reports/WC-U440/20260907T165200Z-closeout/engine-motion-all168/wc_u_human_guardian/Move/frame-00001.png
 create mode 100644 reports/WC-U440/20260907T165200Z-closeout/engine-motion-all168/wc_u_human_guardian/Move/frame-00002.png
 create mode 100644 reports/WC-U440/20260907T165200Z-closeout/engine-motion-all168/wc_u_human_guardian/Move/frame-00003.png
 create mode 100644 reports/WC-U440/20260907T165200Z-closeout/engine-motion-all168/wc_u_human_guardian/Move/frame-00004.png
 create mode 100644 reports/WC-U440/20260907T165200Z-closeout/engine-motion-all168/wc_u_human_guardian/Move/frame-00005.png
 create mode 100644 reports/WC-U440/20260907T165200Z-closeout/engine-motion-all168/wc_u_human_guardian/Move/frame-00006.png
 create mode 100644 reports/WC-U440/20260907T165200Z-closeout/engine-motion-all168/wc_u_human_guardian/Move/frame-00007.png
 create mode 100644 reports/WC-U440/20260907T165200Z-closeout/engine-motion-all168/wc_u_human_guardian/Move/frame-00008.png
 create mode 100644 reports/WC-U440/20260907T165200Z-closeout/engine-motion-all168/wc_u_human_guardian/Move/frame-00009.png
 create mode 100644 reports/WC-U440/20260907T165200Z-closeout/engine-motion-all168/wc_u_human_guardian/Move/frame-00010.png
 create mode 100644 reports/WC-U440/20260907T165200Z-closeout/engine-motion-all168/wc_u_human_guardian/Move/frame-00011.png
 create mode 100644 reports/WC-U440/20260907T165200Z-closeout/engine-motion-all168/wc_u_human_guardian/Move/frame-00012.png
 create mode 100644 reports/WC-U440/20260907T165200Z-closeout/engine-motion-all168/wc_u_human_guardian/Move/frame-00013.png
 create mode 100644 reports/WC-U440/20260907T165200Z-closeout/engine-motion-all168/wc_u_human_guardian/Move/frame-00014.png
 create mode 100644 reports/WC-U440/20260907T165200Z-closeout/engine-motion-all168/wc_u_human_guardian/Move/frame-00015.png
 create mode 100644 reports/WC-U440/20260907T165200Z-closeout/engine-motion-all168/wc_u_human_guardian/Move/frame-00016.png
To https://github.com/TUPRAM/wonder-chess.git
   2f39b8fd..9e31d538  main -> main
branch 'main' set up to track 'origin/main'.
