warning: in the working copy of 'reports/WC-U440/20260907T165200Z-closeout/engine-motion-all168/wc_u_dragonkin_ranger/Idle/frames.csv', LF will be replaced by CRLF the next time Git touches it
warning: in the working copy of 'reports/WC-U440/20260907T165200Z-closeout/engine-motion-all168/wc_u_dragonkin_ranger/Move/frames.csv', LF will be replaced by CRLF the next time Git touches it
warning: in the working copy of 'reports/WC-U440/20260907T165200Z-closeout/engine-motion-all168/wc_u_dragonkin_ranger/Victory/frames.csv', LF will be replaced by CRLF the next time Git touches it
warning: in the working copy of 'reports/WC-U440/20260907T165200Z-closeout/engine-motion-all168/wc_u_dragonkin_rogue/Active/frames.csv', LF will be replaced by CRLF the next time Git touches it
warning: in the working copy of 'reports/WC-U440/20260907T165200Z-closeout/engine-motion-all168/wc_u_dragonkin_rogue/Attack/frames.csv', LF will be replaced by CRLF the next time Git touches it
warning: in the working copy of 'reports/WC-U440/20260907T165200Z-closeout/engine-motion-all168/wc_u_dragonkin_rogue/Defeat/frames.csv', LF will be replaced by CRLF the next time Git touches it
warning: in the working copy of 'reports/WC-U440/20260907T165200Z-closeout/engine-motion-all168/wc_u_dragonkin_rogue/Hit/frames.csv', LF will be replaced by CRLF the next time Git touches it
warning: in the working copy of 'reports/WC-U440/20260907T165200Z-closeout/engine-motion-all168/wc_u_dragonkin_rogue/Idle/frames.csv', LF will be replaced by CRLF the next time Git touches it
warning: in the working copy of 'reports/WC-U440/20260907T165200Z-closeout/engine-motion-all168/wc_u_dragonkin_rogue/Move/frames.csv', LF will be replaced by CRLF the next time Git touches it
warning: in the working copy of 'reports/WC-U440/20260907T165200Z-closeout/engine-motion-all168/wc_u_dragonkin_rogue/Victory/frames.csv', LF will be replaced by CRLF the next time Git touches it
warning: in the working copy of 'reports/WC-U440/20260907T165200Z-closeout/engine-motion-all168/wc_u_dwarf_guardian/Active/frames.csv', LF will be replaced by CRLF the next time Git touches it
warning: in the working copy of 'reports/WC-U440/20260907T165200Z-closeout/engine-motion-all168/wc_u_dwarf_guardian/Attack/frames.csv', LF will be replaced by CRLF the next time Git touches it
warning: in the working copy of 'reports/WC-U440/20260907T165200Z-closeout/engine-motion-all168/wc_u_dwarf_guardian/Defeat/frames.csv', LF will be replaced by CRLF the next time Git touches it
warning: in the working copy of 'reports/WC-U440/20260907T165200Z-closeout/engine-motion-all168/wc_u_dwarf_guardian/Hit/frames.csv', LF will be replaced by CRLF the next time Git touches it
warning: in the working copy of 'reports/WC-U440/20260907T165200Z-closeout/engine-motion-all168/wc_u_dwarf_guardian/Idle/frames.csv', LF will be replaced by CRLF the next time Git touches it
warning: in the working copy of 'reports/WC-U440/20260907T165200Z-closeout/engine-motion-all168/wc_u_dwarf_guardian/Move/frames.csv', LF will be replaced by CRLF the next time Git touches it
warning: in the working copy of 'reports/WC-U440/20260907T165200Z-closeout/engine-motion-all168/wc_u_dwarf_guardian/Victory/frames.csv', LF will be replaced by CRLF the next time Git touches it
warning: in the working copy of 'reports/WC-U440/20260907T165200Z-closeout/engine-motion-all168/wc_u_dwarf_priest/Active/frames.csv', LF will be replaced by CRLF the next time Git touches it
warning: in the working copy of 'reports/WC-U440/20260907T165200Z-closeout/engine-motion-all168/wc_u_dwarf_priest/Attack/frames.csv', LF will be replaced by CRLF the next time Git touches it
warning: in the working copy of 'reports/WC-U440/20260907T165200Z-closeout/engine-motion-all168/wc_u_dwarf_priest/Defeat/frames.csv', LF will be replaced by CRLF the next time Git touches it
warning: in the working copy of 'reports/WC-U440/20260907T165200Z-closeout/engine-motion-all168/wc_u_dwarf_priest/Hit/frames.csv', LF will be replaced by CRLF the next time Git touches it
warning: in the working copy of 'reports/WC-U440/20260907T165200Z-closeout/engine-motion-all168/wc_u_dwarf_priest/Idle/frames.csv', LF will be replaced by CRLF the next time Git touches it
warning: in the working copy of 'reports/WC-U440/20260907T165200Z-closeout/engine-motion-all168/wc_u_dwarf_priest/Move/frames.csv', LF will be replaced by CRLF the next time Git touches it
warning: in the working copy of 'reports/WC-U440/20260907T165200Z-closeout/engine-motion-all168/wc_u_dwarf_priest/Victory/frames.csv', LF will be replaced by CRLF the next time Git touches it
warning: in the working copy of 'reports/WC-U440/20260907T165200Z-closeout/engine-motion-all168/wc_u_dwarf_ranger/Active/frames.csv', LF will be replaced by CRLF the next time Git touches it
warning: in the working copy of 'reports/WC-U440/20260907T165200Z-closeout/engine-motion-all168/wc_u_dwarf_ranger/Attack/frames.csv', LF will be replaced by CRLF the next time Git touches it
warning: in the working copy of 'reports/WC-U440/20260907T165200Z-closeout/engine-motion-all168/wc_u_dwarf_ranger/Defeat/frames.csv', LF will be replaced by CRLF the next time Git touches it
warning: in the working copy of 'reports/WC-U440/20260907T165200Z-closeout/engine-motion-all168/wc_u_dwarf_ranger/Hit/frames.csv', LF will be replaced by CRLF the next time Git touches it
warning: in the working copy of 'reports/WC-U440/20260907T165200Z-closeout/engine-motion-all168/wc_u_dwarf_ranger/Idle/frames.csv', LF will be replaced by CRLF the next time Git touches it
warning: in the working copy of 'reports/WC-U440/20260907T165200Z-closeout/engine-motion-all168/wc_u_dwarf_ranger/Move/frames.csv', LF will be replaced by CRLF the next time Git touches it
warning: in the working copy of 'reports/WC-U440/20260907T165200Z-closeout/engine-motion-all168/wc_u_dwarf_ranger/Victory/frames.csv', LF will be replaced by CRLF the next time Git touches it
warning: in the working copy of 'reports/WC-U440/20260907T165200Z-closeout/engine-motion-all168/wc_u_dwarf_warrior/Active/frames.csv', LF will be replaced by CRLF the next time Git touches it
warning: in the working copy of 'reports/WC-U440/20260907T165200Z-closeout/engine-motion-all168/wc_u_dwarf_warrior/Attack/frames.csv', LF will be replaced by CRLF the next time Git touches it
warning: in the working copy of 'reports/WC-U440/20260907T165200Z-closeout/engine-motion-all168/wc_u_dwarf_warrior/Defeat/frames.csv', LF will be replaced by CRLF the next time Git touches it
warning: in the working copy of 'reports/WC-U440/20260907T165200Z-closeout/engine-motion-all168/wc_u_dwarf_warrior/Hit/frames.csv', LF will be replaced by CRLF the next time Git touches it
warning: in the working copy of 'reports/WC-U440/20260907T165200Z-closeout/engine-motion-all168/wc_u_dwarf_warrior/Idle/frames.csv', LF will be replaced by CRLF the next time Git touches it
warning: in the working copy of 'reports/WC-U440/20260907T165200Z-closeout/engine-motion-all168/wc_u_dwarf_warrior/Move/frames.csv', LF will be replaced by CRLF the next time Git touches it
warning: in the working copy of 'reports/WC-U440/20260907T165200Z-closeout/engine-motion-all168/wc_u_dwarf_warrior/Victory/frames.csv', LF will be replaced by CRLF the next time Git touches it
warning: in the working copy of 'reports/WC-U440/20260907T165200Z-closeout/engine-motion-all168/wc_u_elf_mage/Active/frames.csv', LF will be replaced by CRLF the next time Git touches it
warning: in the working copy of 'reports/WC-U440/20260907T165200Z-closeout/engine-motion-all168/wc_u_elf_mage/Attack/frames.csv', LF will be replaced by CRLF the next time Git touches it
warning: in the working copy of 'reports/WC-U440/20260907T165200Z-closeout/engine-motion-all168/wc_u_elf_mage/Defeat/frames.csv', LF will be replaced by CRLF the next time Git touches it
warning: in the working copy of 'reports/WC-U440/20260907T165200Z-closeout/engine-motion-all168/wc_u_elf_mage/Hit/frames.csv', LF will be replaced by CRLF the next time Git touches it
warning: in the working copy of 'reports/WC-U440/20260907T165200Z-closeout/engine-motion-all168/wc_u_elf_mage/Idle/frames.csv', LF will be replaced by CRLF the next time Git touches it
warning: in the working copy of 'reports/WC-U440/20260907T165200Z-closeout/engine-motion-all168/wc_u_elf_mage/Move/frames.csv', LF will be replaced by CRLF the next time Git touches it
warning: in the working copy of 'reports/WC-U440/20260907T165200Z-closeout/engine-motion-all168/wc_u_elf_mage/Victory/frames.csv', LF will be replaced by CRLF the next time Git touches it
warning: in the working copy of 'reports/WC-U440/20260907T165200Z-closeout/engine-motion-all168/wc_u_elf_priest/Active/frames.csv', LF will be replaced by CRLF the next time Git touches it
warning: in the working copy of 'reports/WC-U440/20260907T165200Z-closeout/engine-motion-all168/wc_u_elf_priest/Attack/frames.csv', LF will be replaced by CRLF the next time Git touches it
warning: in the working copy of 'reports/WC-U440/20260907T165200Z-closeout/engine-motion-all168/wc_u_elf_priest/Defeat/frames.csv', LF will be replaced by CRLF the next time Git touches it
warning: in the working copy of 'reports/WC-U440/20260907T165200Z-closeout/engine-motion-all168/wc_u_elf_priest/Hit/frames.csv', LF will be replaced by CRLF the next time Git touches it
Auto packing the repository for optimum performance.
See "git help gc" for manual housekeeping.
[main 2f39b8fd] Preserve Wonder Chess research and execution evidence batch 09
 1147 files changed, 1126 insertions(+)
 create mode 100644 reports/WC-U440/20260907T165200Z-closeout/engine-motion-all168/wc_u_dragonkin_ranger/Idle/frame-00019.png
 create mode 100644 reports/WC-U440/20260907T165200Z-closeout/engine-motion-all168/wc_u_dragonkin_ranger/Idle/frame-00020.png
 create mode 100644 reports/WC-U440/20260907T165200Z-closeout/engine-motion-all168/wc_u_dragonkin_ranger/Idle/frame-00021.png
 create mode 100644 reports/WC-U440/20260907T165200Z-closeout/engine-motion-all168/wc_u_dragonkin_ranger/Idle/frame-00022.png
 create mode 100644 reports/WC-U440/20260907T165200Z-closeout/engine-motion-all168/wc_u_dragonkin_ranger/Idle/frame-00023.png
 create mode 100644 reports/WC-U440/20260907T165200Z-closeout/engine-motion-all168/wc_u_dragonkin_ranger/Idle/frame-00024.png
 create mode 100644 reports/WC-U440/20260907T165200Z-closeout/engine-motion-all168/wc_u_dragonkin_ranger/Idle/frame-00025.png
 create mode 100644 reports/WC-U440/20260907T165200Z-closeout/engine-motion-all168/wc_u_dragonkin_ranger/Idle/frame-00026.png
 create mode 100644 reports/WC-U440/20260907T165200Z-closeout/engine-motion-all168/wc_u_dragonkin_ranger/Idle/frame-00027.png
 create mode 100644 reports/WC-U440/20260907T165200Z-closeout/engine-motion-all168/wc_u_dragonkin_ranger/Idle/frame-00028.png
 create mode 100644 reports/WC-U440/20260907T165200Z-closeout/engine-motion-all168/wc_u_dragonkin_ranger/Idle/frame-00029.png
 create mode 100644 reports/WC-U440/20260907T165200Z-closeout/engine-motion-all168/wc_u_dragonkin_ranger/Idle/frame-00030.png
 create mode 100644 reports/WC-U440/20260907T165200Z-closeout/engine-motion-all168/wc_u_dragonkin_ranger/Idle/frame-00031.png
 create mode 100644 reports/WC-U440/20260907T165200Z-closeout/engine-motion-all168/wc_u_dragonkin_ranger/Idle/frame-00032.png
 create mode 100644 reports/WC-U440/20260907T165200Z-closeout/engine-motion-all168/wc_u_dragonkin_ranger/Idle/frame-00033.png
 create mode 100644 reports/WC-U440/20260907T165200Z-closeout/engine-motion-all168/wc_u_dragonkin_ranger/Idle/frame-00034.png
 create mode 100644 reports/WC-U440/20260907T165200Z-closeout/engine-motion-all168/wc_u_dragonkin_ranger/Idle/frame-00035.png
 create mode 100644 reports/WC-U440/20260907T165200Z-closeout/engine-motion-all168/wc_u_dragonkin_ranger/Idle/frame-00036.png
 create mode 100644 reports/WC-U440/20260907T165200Z-closeout/engine-motion-all168/wc_u_dragonkin_ranger/Idle/frame-00037.png
 create mode 100644 reports/WC-U440/20260907T165200Z-closeout/engine-motion-all168/wc_u_dragonkin_ranger/Idle/frame-00038.png
 create mode 100644 reports/WC-U440/20260907T165200Z-closeout/engine-motion-all168/wc_u_dragonkin_ranger/Idle/frame-00039.png
 create mode 100644 reports/WC-U440/20260907T165200Z-closeout/engine-motion-all168/wc_u_dragonkin_ranger/Idle/frame-00040.png
 create mode 100644 reports/WC-U440/20260907T165200Z-closeout/engine-motion-all168/wc_u_dragonkin_ranger/Idle/frames.csv
 create mode 100644 reports/WC-U440/20260907T165200Z-closeout/engine-motion-all168/wc_u_dragonkin_ranger/Move/frame-00000.png
 create mode 100644 reports/WC-U440/20260907T165200Z-closeout/engine-motion-all168/wc_u_dragonkin_ranger/Move/frame-00001.png
 create mode 100644 reports/WC-U440/20260907T165200Z-closeout/engine-motion-all168/wc_u_dragonkin_ranger/Move/frame-00002.png
 create mode 100644 reports/WC-U440/20260907T165200Z-closeout/engine-motion-all168/wc_u_dragonkin_ranger/Move/frame-00003.png
 create mode 100644 reports/WC-U440/20260907T165200Z-closeout/engine-motion-all168/wc_u_dragonkin_ranger/Move/frame-00004.png
 create mode 100644 reports/WC-U440/20260907T165200Z-closeout/engine-motion-all168/wc_u_dragonkin_ranger/Move/frame-00005.png
 create mode 100644 reports/WC-U440/20260907T165200Z-closeout/engine-motion-all168/wc_u_dragonkin_ranger/Move/frame-00006.png
 create mode 100644 reports/WC-U440/20260907T165200Z-closeout/engine-motion-all168/wc_u_dragonkin_ranger/Move/frame-00007.png
 create mode 100644 reports/WC-U440/20260907T165200Z-closeout/engine-motion-all168/wc_u_dragonkin_ranger/Move/frame-00008.png
 create mode 100644 reports/WC-U440/20260907T165200Z-closeout/engine-motion-all168/wc_u_dragonkin_ranger/Move/frame-00009.png
 create mode 100644 reports/WC-U440/20260907T165200Z-closeout/engine-motion-all168/wc_u_dragonkin_ranger/Move/frame-00010.png
 create mode 100644 reports/WC-U440/20260907T165200Z-closeout/engine-motion-all168/wc_u_dragonkin_ranger/Move/frame-00011.png
 create mode 100644 reports/WC-U440/20260907T165200Z-closeout/engine-motion-all168/wc_u_dragonkin_ranger/Move/frame-00012.png
 create mode 100644 reports/WC-U440/20260907T165200Z-closeout/engine-motion-all168/wc_u_dragonkin_ranger/Move/frame-00013.png
 create mode 100644 reports/WC-U440/20260907T165200Z-closeout/engine-motion-all168/wc_u_dragonkin_ranger/Move/frame-00014.png
 create mode 100644 reports/WC-U440/20260907T165200Z-closeout/engine-motion-all168/wc_u_dragonkin_ranger/Move/frame-00015.png
 create mode 100644 reports/WC-U440/20260907T165200Z-closeout/engine-motion-all168/wc_u_dragonkin_ranger/Move/frame-00016.png
 create mode 100644 reports/WC-U440/20260907T165200Z-closeout/engine-motion-all168/wc_u_dragonkin_ranger/Move/frame-00017.png
 create mode 100644 reports/WC-U440/20260907T165200Z-closeout/engine-motion-all168/wc_u_dragonkin_ranger/Move/frame-00018.png
 create mode 100644 reports/WC-U440/20260907T165200Z-closeout/engine-motion-all168/wc_u_dragonkin_ranger/Move/frame-00019.png
 create mode 100644 reports/WC-U440/20260907T165200Z-closeout/engine-motion-all168/wc_u_dragonkin_ranger/Move/frame-00020.png
 create mode 100644 reports/WC-U440/20260907T165200Z-closeout/engine-motion-all168/wc_u_dragonkin_ranger/Move/frames.csv
 create mode 100644 reports/WC-U440/20260907T165200Z-closeout/engine-motion-all168/wc_u_dragonkin_ranger/Victory/frame-00000.png
 create mode 100644 reports/WC-U440/20260907T165200Z-closeout/engine-motion-all168/wc_u_dragonkin_ranger/Victory/frame-00001.png
 create mode 100644 reports/WC-U440/20260907T165200Z-closeout/engine-motion-all168/wc_u_dragonkin_ranger/Victory/frame-00002.png
 create mode 100644 reports/WC-U440/20260907T165200Z-closeout/engine-motion-all168/wc_u_dragonkin_ranger/Victory/frame-00003.png
 create mode 100644 reports/WC-U440/20260907T165200Z-closeout/engine-motion-all168/wc_u_dragonkin_ranger/Victory/frame-00004.png
 create mode 100644 reports/WC-U440/20260907T165200Z-closeout/engine-motion-all168/wc_u_dragonkin_ranger/Victory/frame-00005.png
 create mode 100644 reports/WC-U440/20260907T165200Z-closeout/engine-motion-all168/wc_u_dragonkin_ranger/Victory/frame-00006.png
 create mode 100644 reports/WC-U440/20260907T165200Z-closeout/engine-motion-all168/wc_u_dragonkin_ranger/Victory/frame-00007.png
 create mode 100644 reports/WC-U440/20260907T165200Z-closeout/engine-motion-all168/wc_u_dragonkin_ranger/Victory/frame-00008.png
 create mode 100644 reports/WC-U440/20260907T165200Z-closeout/engine-motion-all168/wc_u_dragonkin_ranger/Victory/frame-00009.png
 create mode 100644 reports/WC-U440/20260907T165200Z-closeout/engine-motion-all168/wc_u_dragonkin_ranger/Victory/frame-00010.png
 create mode 100644 reports/WC-U440/20260907T165200Z-closeout/engine-motion-all168/wc_u_dragonkin_ranger/Victory/frame-00011.png
 create mode 100644 reports/WC-U440/20260907T165200Z-closeout/engine-motion-all168/wc_u_dragonkin_ranger/Victory/frame-00012.png
 create mode 100644 reports/WC-U440/20260907T165200Z-closeout/engine-motion-all168/wc_u_dragonkin_ranger/Victory/frame-00013.png
 create mode 100644 reports/WC-U440/20260907T165200Z-closeout/engine-motion-all168/wc_u_dragonkin_ranger/Victory/frame-00014.png
 create mode 100644 reports/WC-U440/20260907T165200Z-closeout/engine-motion-all168/wc_u_dragonkin_ranger/Victory/frame-00015.png
 create mode 100644 reports/WC-U440/20260907T165200Z-closeout/engine-motion-all168/wc_u_dragonkin_ranger/Victory/frame-00016.png
 create mode 100644 reports/WC-U440/20260907T165200Z-closeout/engine-motion-all168/wc_u_dragonkin_ranger/Victory/frame-00017.png
 create mode 100644 reports/WC-U440/20260907T165200Z-closeout/engine-motion-all168/wc_u_dragonkin_ranger/Victory/frame-00018.png
 create mode 100644 reports/WC-U440/20260907T165200Z-closeout/engine-motion-all168/wc_u_dragonkin_ranger/Victory/frame-00019.png
 create mode 100644 reports/WC-U440/20260907T165200Z-closeout/engine-motion-all168/wc_u_dragonkin_ranger/Victory/frame-00020.png
 create mode 100644 reports/WC-U440/20260907T165200Z-closeout/engine-motion-all168/wc_u_dragonkin_ranger/Victory/frame-00021.png
 create mode 100644 reports/WC-U440/20260907T165200Z-closeout/engine-motion-all168/wc_u_dragonkin_ranger/Victory/frame-00022.png
 create mode 100644 reports/WC-U440/20260907T165200Z-closeout/engine-motion-all168/wc_u_dragonkin_ranger/Victory/frame-00023.png
 create mode 100644 reports/WC-U440/20260907T165200Z-closeout/engine-motion-all168/wc_u_dragonkin_ranger/Victory/frame-00024.png
 create mode 100644 reports/WC-U440/20260907T165200Z-closeout/engine-motion-all168/wc_u_dragonkin_ranger/Victory/frame-00025.png
 create mode 100644 reports/WC-U440/20260907T165200Z-closeout/engine-motion-all168/wc_u_dragonkin_ranger/Victory/frame-00026.png
 create mode 100644 reports/WC-U440/20260907T165200Z-closeout/engine-motion-all168/wc_u_dragonkin_ranger/Victory/frame-00027.png
 create mode 100644 reports/WC-U440/20260907T165200Z-closeout/engine-motion-all168/wc_u_dragonkin_ranger/Victory/frame-00028.png
 create mode 100644 reports/WC-U440/20260907T165200Z-closeout/engine-motion-all168/wc_u_dragonkin_ranger/Victory/frame-00029.png
 create mode 100644 reports/WC-U440/20260907T165200Z-closeout/engine-motion-all168/wc_u_dragonkin_ranger/Victory/frame-00030.png
 create mode 100644 reports/WC-U440/20260907T165200Z-closeout/engine-motion-all168/wc_u_dragonkin_ranger/Victory/frames.csv
 create mode 100644 reports/WC-U440/20260907T165200Z-closeout/engine-motion-all168/wc_u_dragonkin_rogue/Active/frame-00000.png
 create mode 100644 reports/WC-U440/20260907T165200Z-closeout/engine-motion-all168/wc_u_dragonkin_rogue/Active/frame-00001.png
 create mode 100644 reports/WC-U440/20260907T165200Z-closeout/engine-motion-all168/wc_u_dragonkin_rogue/Active/frame-00002.png
 create mode 100644 reports/WC-U440/20260907T165200Z-closeout/engine-motion-all168/wc_u_dragonkin_rogue/Active/frame-00003.png
 create mode 100644 reports/WC-U440/20260907T165200Z-closeout/engine-motion-all168/wc_u_dragonkin_rogue/Active/frame-00004.png
 create mode 100644 reports/WC-U440/20260907T165200Z-closeout/engine-motion-all168/wc_u_dragonkin_rogue/Active/frame-00005.png
 create mode 100644 reports/WC-U440/20260907T165200Z-closeout/engine-motion-all168/wc_u_dragonkin_rogue/Active/frame-00006.png
 create mode 100644 reports/WC-U440/20260907T165200Z-closeout/engine-motion-all168/wc_u_dragonkin_rogue/Active/frame-00007.png
 create mode 100644 reports/WC-U440/20260907T165200Z-closeout/engine-motion-all168/wc_u_dragonkin_rogue/Active/frame-00008.png
 create mode 100644 reports/WC-U440/20260907T165200Z-closeout/engine-motion-all168/wc_u_dragonkin_rogue/Active/frame-00009.png
 create mode 100644 reports/WC-U440/20260907T165200Z-closeout/engine-motion-all168/wc_u_dragonkin_rogue/Active/frame-00010.png
 create mode 100644 reports/WC-U440/20260907T165200Z-closeout/engine-motion-all168/wc_u_dragonkin_rogue/Active/frame-00011.png
 create mode 100644 reports/WC-U440/20260907T165200Z-closeout/engine-motion-all168/wc_u_dragonkin_rogue/Active/frames.csv
 create mode 100644 reports/WC-U440/20260907T165200Z-closeout/engine-motion-all168/wc_u_dragonkin_rogue/Attack/frame-00000.png
 create mode 100644 reports/WC-U440/20260907T165200Z-closeout/engine-motion-all168/wc_u_dragonkin_rogue/Attack/frame-00001.png
 create mode 100644 reports/WC-U440/20260907T165200Z-closeout/engine-motion-all168/wc_u_dragonkin_rogue/Attack/frame-00002.png
 create mode 100644 reports/WC-U440/20260907T165200Z-closeout/engine-motion-all168/wc_u_dragonkin_rogue/Attack/frame-00003.png
 create mode 100644 reports/WC-U440/20260907T165200Z-closeout/engine-motion-all168/wc_u_dragonkin_rogue/Attack/frame-00004.png
 create mode 100644 reports/WC-U440/20260907T165200Z-closeout/engine-motion-all168/wc_u_dragonkin_rogue/Attack/frame-00005.png
 create mode 100644 reports/WC-U440/20260907T165200Z-closeout/engine-motion-all168/wc_u_dragonkin_rogue/Attack/frame-00006.png
 create mode 100644 reports/WC-U440/20260907T165200Z-closeout/engine-motion-all168/wc_u_dragonkin_rogue/Attack/frame-00007.png
 create mode 100644 reports/WC-U440/20260907T165200Z-closeout/engine-motion-all168/wc_u_dragonkin_rogue/Attack/frame-00008.png
 create mode 100644 reports/WC-U440/20260907T165200Z-closeout/engine-motion-all168/wc_u_dragonkin_rogue/Attack/frame-00009.png
 create mode 100644 reports/WC-U440/20260907T165200Z-closeout/engine-motion-all168/wc_u_dragonkin_rogue/Attack/frame-00010.png
 create mode 100644 reports/WC-U440/20260907T165200Z-closeout/engine-motion-all168/wc_u_dragonkin_rogue/Attack/frame-00011.png
 create mode 100644 reports/WC-U440/20260907T165200Z-closeout/engine-motion-all168/wc_u_dragonkin_rogue/Attack/frame-00012.png
 create mode 100644 reports/WC-U440/20260907T165200Z-closeout/engine-motion-all168/wc_u_dragonkin_rogue/Attack/frame-00013.png
 create mode 100644 reports/WC-U440/20260907T165200Z-closeout/engine-motion-all168/wc_u_dragonkin_rogue/Attack/frame-00014.png
 create mode 100644 reports/WC-U440/20260907T165200Z-closeout/engine-motion-all168/wc_u_dragonkin_rogue/Attack/frame-00015.png
 create mode 100644 reports/WC-U440/20260907T165200Z-closeout/engine-motion-all168/wc_u_dragonkin_rogue/Attack/frame-00016.png
 create mode 100644 reports/WC-U440/20260907T165200Z-closeout/engine-motion-all168/wc_u_dragonkin_rogue/Attack/frame-00017.png
 create mode 100644 reports/WC-U440/20260907T165200Z-closeout/engine-motion-all168/wc_u_dragonkin_rogue/Attack/frame-00018.png
 create mode 100644 reports/WC-U440/20260907T165200Z-closeout/engine-motion-all168/wc_u_dragonkin_rogue/Attack/frame-00019.png
 create mode 100644 reports/WC-U440/20260907T165200Z-closeout/engine-motion-all168/wc_u_dragonkin_rogue/Attack/frame-00020.png
 create mode 100644 reports/WC-U440/20260907T165200Z-closeout/engine-motion-all168/wc_u_dragonkin_rogue/Attack/frame-00021.png
 create mode 100644 reports/WC-U440/20260907T165200Z-closeout/engine-motion-all168/wc_u_dragonkin_rogue/Attack/frame-00022.png
 create mode 100644 reports/WC-U440/20260907T165200Z-closeout/engine-motion-all168/wc_u_dragonkin_rogue/Attack/frame-00023.png
 create mode 100644 reports/WC-U440/20260907T165200Z-closeout/engine-motion-all168/wc_u_dragonkin_rogue/Attack/frame-00024.png
 create mode 100644 reports/WC-U440/20260907T165200Z-closeout/engine-motion-all168/wc_u_dragonkin_rogue/Attack/frame-00025.png
 create mode 100644 reports/WC-U440/20260907T165200Z-closeout/engine-motion-all168/wc_u_dragonkin_rogue/Attack/frame-00026.png
 create mode 100644 reports/WC-U440/20260907T165200Z-closeout/engine-motion-all168/wc_u_dragonkin_rogue/Attack/frames.csv
 create mode 100644 reports/WC-U440/20260907T165200Z-closeout/engine-motion-all168/wc_u_dragonkin_rogue/Defeat/frame-00000.png
 create mode 100644 reports/WC-U440/20260907T165200Z-closeout/engine-motion-all168/wc_u_dragonkin_rogue/Defeat/frame-00001.png
 create mode 100644 reports/WC-U440/20260907T165200Z-closeout/engine-motion-all168/wc_u_dragonkin_rogue/Defeat/frame-00002.png
 create mode 100644 reports/WC-U440/20260907T165200Z-closeout/engine-motion-all168/wc_u_dragonkin_rogue/Defeat/frame-00003.png
 create mode 100644 reports/WC-U440/20260907T165200Z-closeout/engine-motion-all168/wc_u_dragonkin_rogue/Defeat/frame-00004.png
 create mode 100644 reports/WC-U440/20260907T165200Z-closeout/engine-motion-all168/wc_u_dragonkin_rogue/Defeat/frame-00005.png
 create mode 100644 reports/WC-U440/20260907T165200Z-closeout/engine-motion-all168/wc_u_dragonkin_rogue/Defeat/frame-00006.png
 create mode 100644 reports/WC-U440/20260907T165200Z-closeout/engine-motion-all168/wc_u_dragonkin_rogue/Defeat/frame-00007.png
 create mode 100644 reports/WC-U440/20260907T165200Z-closeout/engine-motion-all168/wc_u_dragonkin_rogue/Defeat/frame-00008.png
 create mode 100644 reports/WC-U440/20260907T165200Z-closeout/engine-motion-all168/wc_u_dragonkin_rogue/Defeat/frame-00009.png
 create mode 100644 reports/WC-U440/20260907T165200Z-closeout/engine-motion-all168/wc_u_dragonkin_rogue/Defeat/frame-00010.png
 create mode 100644 reports/WC-U440/20260907T165200Z-closeout/engine-motion-all168/wc_u_dragonkin_rogue/Defeat/frame-00011.png
 create mode 100644 reports/WC-U440/20260907T165200Z-closeout/engine-motion-all168/wc_u_dragonkin_rogue/Defeat/frame-00012.png
 create mode 100644 reports/WC-U440/20260907T165200Z-closeout/engine-motion-all168/wc_u_dragonkin_rogue/Defeat/frame-00013.png
 create mode 100644 reports/WC-U440/20260907T165200Z-closeout/engine-motion-all168/wc_u_dragonkin_rogue/Defeat/frame-00014.png
 create mode 100644 reports/WC-U440/20260907T165200Z-closeout/engine-motion-all168/wc_u_dragonkin_rogue/Defeat/frame-00015.png
 create mode 100644 reports/WC-U440/20260907T165200Z-closeout/engine-motion-all168/wc_u_dragonkin_rogue/Defeat/frame-00016.png
 create mode 100644 reports/WC-U440/20260907T165200Z-closeout/engine-motion-all168/wc_u_dragonkin_rogue/Defeat/frame-00017.png
 create mode 100644 reports/WC-U440/20260907T165200Z-closeout/engine-motion-all168/wc_u_dragonkin_rogue/Defeat/frame-00018.png
 create mode 100644 reports/WC-U440/20260907T165200Z-closeout/engine-motion-all168/wc_u_dragonkin_rogue/Defeat/frame-00019.png
 create mode 100644 reports/WC-U440/20260907T165200Z-closeout/engine-motion-all168/wc_u_dragonkin_rogue/Defeat/frame-00020.png
 create mode 100644 reports/WC-U440/20260907T165200Z-closeout/engine-motion-all168/wc_u_dragonkin_rogue/Defeat/frames.csv
 create mode 100644 reports/WC-U440/20260907T165200Z-closeout/engine-motion-all168/wc_u_dragonkin_rogue/Hit/frame-00000.png
 create mode 100644 reports/WC-U440/20260907T165200Z-closeout/engine-motion-all168/wc_u_dragonkin_rogue/Hit/frame-00001.png
 create mode 100644 reports/WC-U440/20260907T165200Z-closeout/engine-motion-all168/wc_u_dragonkin_rogue/Hit/frame-00002.png
 create mode 100644 reports/WC-U440/20260907T165200Z-closeout/engine-motion-all168/wc_u_dragonkin_rogue/Hit/frame-00003.png
 create mode 100644 reports/WC-U440/20260907T165200Z-closeout/engine-motion-all168/wc_u_dragonkin_rogue/Hit/frame-00004.png
 create mode 100644 reports/WC-U440/20260907T165200Z-closeout/engine-motion-all168/wc_u_dragonkin_rogue/Hit/frame-00005.png
 create mode 100644 reports/WC-U440/20260907T165200Z-closeout/engine-motion-all168/wc_u_dragonkin_rogue/Hit/frame-00006.png
 create mode 100644 reports/WC-U440/20260907T165200Z-closeout/engine-motion-all168/wc_u_dragonkin_rogue/Hit/frame-00007.png
 create mode 100644 reports/WC-U440/20260907T165200Z-closeout/engine-motion-all168/wc_u_dragonkin_rogue/Hit/frame-00008.png
 create mode 100644 reports/WC-U440/20260907T165200Z-closeout/engine-motion-all168/wc_u_dragonkin_rogue/Hit/frames.csv
 create mode 100644 reports/WC-U440/20260907T165200Z-closeout/engine-motion-all168/wc_u_dragonkin_rogue/Idle/frame-00000.png
 create mode 100644 reports/WC-U440/20260907T165200Z-closeout/engine-motion-all168/wc_u_dragonkin_rogue/Idle/frame-00001.png
 create mode 100644 reports/WC-U440/20260907T165200Z-closeout/engine-motion-all168/wc_u_dragonkin_rogue/Idle/frame-00002.png
 create mode 100644 reports/WC-U440/20260907T165200Z-closeout/engine-motion-all168/wc_u_dragonkin_rogue/Idle/frame-00003.png
 create mode 100644 reports/WC-U440/20260907T165200Z-closeout/engine-motion-all168/wc_u_dragonkin_rogue/Idle/frame-00004.png
 create mode 100644 reports/WC-U440/20260907T165200Z-closeout/engine-motion-all168/wc_u_dragonkin_rogue/Idle/frame-00005.png
 create mode 100644 reports/WC-U440/20260907T165200Z-closeout/engine-motion-all168/wc_u_dragonkin_rogue/Idle/frame-00006.png
 create mode 100644 reports/WC-U440/20260907T165200Z-closeout/engine-motion-all168/wc_u_dragonkin_rogue/Idle/frame-00007.png
 create mode 100644 reports/WC-U440/20260907T165200Z-closeout/engine-motion-all168/wc_u_dragonkin_rogue/Idle/frame-00008.png
 create mode 100644 reports/WC-U440/20260907T165200Z-closeout/engine-motion-all168/wc_u_dragonkin_rogue/Idle/frame-00009.png
 create mode 100644 reports/WC-U440/20260907T165200Z-closeout/engine-motion-all168/wc_u_dragonkin_rogue/Idle/frame-00010.png
 create mode 100644 reports/WC-U440/20260907T165200Z-closeout/engine-motion-all168/wc_u_dragonkin_rogue/Idle/frame-00011.png
 create mode 100644 reports/WC-U440/20260907T165200Z-closeout/engine-motion-all168/wc_u_dragonkin_rogue/Idle/frame-00012.png
 create mode 100644 reports/WC-U440/20260907T165200Z-closeout/engine-motion-all168/wc_u_dragonkin_rogue/Idle/frame-00013.png
 create mode 100644 reports/WC-U440/20260907T165200Z-closeout/engine-motion-all168/wc_u_dragonkin_rogue/Idle/frame-00014.png
 create mode 100644 reports/WC-U440/20260907T165200Z-closeout/engine-motion-all168/wc_u_dragonkin_rogue/Idle/frame-00015.png
 create mode 100644 reports/WC-U440/20260907T165200Z-closeout/engine-motion-all168/wc_u_dragonkin_rogue/Idle/frame-00016.png
 create mode 100644 reports/WC-U440/20260907T165200Z-closeout/engine-motion-all168/wc_u_dragonkin_rogue/Idle/frame-00017.png
 create mode 100644 reports/WC-U440/20260907T165200Z-closeout/engine-motion-all168/wc_u_dragonkin_rogue/Idle/frame-00018.png
 create mode 100644 reports/WC-U440/20260907T165200Z-closeout/engine-motion-all168/wc_u_dragonkin_rogue/Idle/frame-00019.png
 create mode 100644 reports/WC-U440/20260907T165200Z-closeout/engine-motion-all168/wc_u_dragonkin_rogue/Idle/frame-00020.png
 create mode 100644 reports/WC-U440/20260907T165200Z-closeout/engine-motion-all168/wc_u_dragonkin_rogue/Idle/frame-00021.png
 create mode 100644 reports/WC-U440/20260907T165200Z-closeout/engine-motion-all168/wc_u_dragonkin_rogue/Idle/frame-00022.png
 create mode 100644 reports/WC-U440/20260907T165200Z-closeout/engine-motion-all168/wc_u_dragonkin_rogue/Idle/frame-00023.png
 create mode 100644 reports/WC-U440/20260907T165200Z-closeout/engine-motion-all168/wc_u_dragonkin_rogue/Idle/frame-00024.png
 create mode 100644 reports/WC-U440/20260907T165200Z-closeout/engine-motion-all168/wc_u_dragonkin_rogue/Idle/frame-00025.png
 create mode 100644 reports/WC-U440/20260907T165200Z-closeout/engine-motion-all168/wc_u_dragonkin_rogue/Idle/frame-00026.png
 create mode 100644 reports/WC-U440/20260907T165200Z-closeout/engine-motion-all168/wc_u_dragonkin_rogue/Idle/frame-00027.png
 create mode 100644 reports/WC-U440/20260907T165200Z-closeout/engine-motion-all168/wc_u_dragonkin_rogue/Idle/frame-00028.png
 create mode 100644 reports/WC-U440/20260907T165200Z-closeout/engine-motion-all168/wc_u_dragonkin_rogue/Idle/frame-00029.png
 create mode 100644 reports/WC-U440/20260907T165200Z-closeout/engine-motion-all168/wc_u_dragonkin_rogue/Idle/frame-00030.png
 create mode 100644 reports/WC-U440/20260907T165200Z-closeout/engine-motion-all168/wc_u_dragonkin_rogue/Idle/frame-00031.png
 create mode 100644 reports/WC-U440/20260907T165200Z-closeout/engine-motion-all168/wc_u_dragonkin_rogue/Idle/frame-00032.png
 create mode 100644 reports/WC-U440/20260907T165200Z-closeout/engine-motion-all168/wc_u_dragonkin_rogue/Idle/frame-00033.png
 create mode 100644 reports/WC-U440/20260907T165200Z-closeout/engine-motion-all168/wc_u_dragonkin_rogue/Idle/frame-00034.png
 create mode 100644 reports/WC-U440/20260907T165200Z-closeout/engine-motion-all168/wc_u_dragonkin_rogue/Idle/frame-00035.png
 create mode 100644 reports/WC-U440/20260907T165200Z-closeout/engine-motion-all168/wc_u_dragonkin_rogue/Idle/frame-00036.png
 create mode 100644 reports/WC-U440/20260907T165200Z-closeout/engine-motion-all168/wc_u_dragonkin_rogue/Idle/frame-00037.png
 create mode 100644 reports/WC-U440/20260907T165200Z-closeout/engine-motion-all168/wc_u_dragonkin_rogue/Idle/frame-00038.png
 create mode 100644 reports/WC-U440/20260907T165200Z-closeout/engine-motion-all168/wc_u_dragonkin_rogue/Idle/frame-00039.png
 create mode 100644 reports/WC-U440/20260907T165200Z-closeout/engine-motion-all168/wc_u_dragonkin_rogue/Idle/frame-00040.png
 create mode 100644 reports/WC-U440/20260907T165200Z-closeout/engine-motion-all168/wc_u_dragonkin_rogue/Idle/frames.csv
 create mode 100644 reports/WC-U440/20260907T165200Z-closeout/engine-motion-all168/wc_u_dragonkin_rogue/Move/frame-00000.png
 create mode 100644 reports/WC-U440/20260907T165200Z-closeout/engine-motion-all168/wc_u_dragonkin_rogue/Move/frame-00001.png
 create mode 100644 reports/WC-U440/20260907T165200Z-closeout/engine-motion-all168/wc_u_dragonkin_rogue/Move/frame-00002.png
 create mode 100644 reports/WC-U440/20260907T165200Z-closeout/engine-motion-all168/wc_u_dragonkin_rogue/Move/frame-00003.png
 create mode 100644 reports/WC-U440/20260907T165200Z-closeout/engine-motion-all168/wc_u_dragonkin_rogue/Move/frame-00004.png
 create mode 100644 reports/WC-U440/20260907T165200Z-closeout/engine-motion-all168/wc_u_dragonkin_rogue/Move/frame-00005.png
 create mode 100644 reports/WC-U440/20260907T165200Z-closeout/engine-motion-all168/wc_u_dragonkin_rogue/Move/frame-00006.png
 create mode 100644 reports/WC-U440/20260907T165200Z-closeout/engine-motion-all168/wc_u_dragonkin_rogue/Move/frame-00007.png
 create mode 100644 reports/WC-U440/20260907T165200Z-closeout/engine-motion-all168/wc_u_dragonkin_rogue/Move/frame-00008.png
 create mode 100644 reports/WC-U440/20260907T165200Z-closeout/engine-motion-all168/wc_u_dragonkin_rogue/Move/frame-00009.png
 create mode 100644 reports/WC-U440/20260907T165200Z-closeout/engine-motion-all168/wc_u_dragonkin_rogue/Move/frame-00010.png
 create mode 100644 reports/WC-U440/20260907T165200Z-closeout/engine-motion-all168/wc_u_dragonkin_rogue/Move/frame-00011.png
 create mode 100644 reports/WC-U440/20260907T165200Z-closeout/engine-motion-all168/wc_u_dragonkin_rogue/Move/frame-00012.png
 create mode 100644 reports/WC-U440/20260907T165200Z-closeout/engine-motion-all168/wc_u_dragonkin_rogue/Move/frame-00013.png
 create mode 100644 reports/WC-U440/20260907T165200Z-closeout/engine-motion-all168/wc_u_dragonkin_rogue/Move/frame-00014.png
 create mode 100644 reports/WC-U440/20260907T165200Z-closeout/engine-motion-all168/wc_u_dragonkin_rogue/Move/frame-00015.png
 create mode 100644 reports/WC-U440/20260907T165200Z-closeout/engine-motion-all168/wc_u_dragonkin_rogue/Move/frame-00016.png
 create mode 100644 reports/WC-U440/20260907T165200Z-closeout/engine-motion-all168/wc_u_dragonkin_rogue/Move/frame-00017.png
 create mode 100644 reports/WC-U440/20260907T165200Z-closeout/engine-motion-all168/wc_u_dragonkin_rogue/Move/frame-00018.png
 create mode 100644 reports/WC-U440/20260907T165200Z-closeout/engine-motion-all168/wc_u_dragonkin_rogue/Move/frame-00019.png
 create mode 100644 reports/WC-U440/20260907T165200Z-closeout/engine-motion-all168/wc_u_dragonkin_rogue/Move/frame-00020.png
 create mode 100644 reports/WC-U440/20260907T165200Z-closeout/engine-motion-all168/wc_u_dragonkin_rogue/Move/frames.csv
 create mode 100644 reports/WC-U440/20260907T165200Z-closeout/engine-motion-all168/wc_u_dragonkin_rogue/Victory/frame-00000.png
 create mode 100644 reports/WC-U440/20260907T165200Z-closeout/engine-motion-all168/wc_u_dragonkin_rogue/Victory/frame-00001.png
 create mode 100644 reports/WC-U440/20260907T165200Z-closeout/engine-motion-all168/wc_u_dragonkin_rogue/Victory/frame-00002.png
 create mode 100644 reports/WC-U440/20260907T165200Z-closeout/engine-motion-all168/wc_u_dragonkin_rogue/Victory/frame-00003.png
 create mode 100644 reports/WC-U440/20260907T165200Z-closeout/engine-motion-all168/wc_u_dragonkin_rogue/Victory/frame-00004.png
 create mode 100644 reports/WC-U440/20260907T165200Z-closeout/engine-motion-all168/wc_u_dragonkin_rogue/Victory/frame-00005.png
 create mode 100644 reports/WC-U440/20260907T165200Z-closeout/engine-motion-all168/wc_u_dragonkin_rogue/Victory/frame-00006.png
 create mode 100644 reports/WC-U440/20260907T165200Z-closeout/engine-motion-all168/wc_u_dragonkin_rogue/Victory/frame-00007.png
 create mode 100644 reports/WC-U440/20260907T165200Z-closeout/engine-motion-all168/wc_u_dragonkin_rogue/Victory/frame-00008.png
 create mode 100644 reports/WC-U440/20260907T165200Z-closeout/engine-motion-all168/wc_u_dragonkin_rogue/Victory/frame-00009.png
 create mode 100644 reports/WC-U440/20260907T165200Z-closeout/engine-motion-all168/wc_u_dragonkin_rogue/Victory/frame-00010.png
 create mode 100644 reports/WC-U440/20260907T165200Z-closeout/engine-motion-all168/wc_u_dragonkin_rogue/Victory/frame-00011.png
 create mode 100644 reports/WC-U440/20260907T165200Z-closeout/engine-motion-all168/wc_u_dragonkin_rogue/Victory/frame-00012.png
 create mode 100644 reports/WC-U440/20260907T165200Z-closeout/engine-motion-all168/wc_u_dragonkin_rogue/Victory/frame-00013.png
 create mode 100644 reports/WC-U440/20260907T165200Z-closeout/engine-motion-all168/wc_u_dragonkin_rogue/Victory/frame-00014.png
 create mode 100644 reports/WC-U440/20260907T165200Z-closeout/engine-motion-all168/wc_u_dragonkin_rogue/Victory/frame-00015.png
 create mode 100644 reports/WC-U440/20260907T165200Z-closeout/engine-motion-all168/wc_u_dragonkin_rogue/Victory/frame-00016.png
 create mode 100644 reports/WC-U440/20260907T165200Z-closeout/engine-motion-all168/wc_u_dragonkin_rogue/Victory/frame-00017.png
 create mode 100644 reports/WC-U440/20260907T165200Z-closeout/engine-motion-all168/wc_u_dragonkin_rogue/Victory/frame-00018.png
 create mode 100644 reports/WC-U440/20260907T165200Z-closeout/engine-motion-all168/wc_u_dragonkin_rogue/Victory/frame-00019.png
 create mode 100644 reports/WC-U440/20260907T165200Z-closeout/engine-motion-all168/wc_u_dragonkin_rogue/Victory/frame-00020.png
 create mode 100644 reports/WC-U440/20260907T165200Z-closeout/engine-motion-all168/wc_u_dragonkin_rogue/Victory/frame-00021.png
 create mode 100644 reports/WC-U440/20260907T165200Z-closeout/engine-motion-all168/wc_u_dragonkin_rogue/Victory/frame-00022.png
 create mode 100644 reports/WC-U440/20260907T165200Z-closeout/engine-motion-all168/wc_u_dragonkin_rogue/Victory/frame-00023.png
 create mode 100644 reports/WC-U440/20260907T165200Z-closeout/engine-motion-all168/wc_u_dragonkin_rogue/Victory/frame-00024.png
 create mode 100644 reports/WC-U440/20260907T165200Z-closeout/engine-motion-all168/wc_u_dragonkin_rogue/Victory/frame-00025.png
 create mode 100644 reports/WC-U440/20260907T165200Z-closeout/engine-motion-all168/wc_u_dragonkin_rogue/Victory/frame-00026.png
 create mode 100644 reports/WC-U440/20260907T165200Z-closeout/engine-motion-all168/wc_u_dragonkin_rogue/Victory/frame-00027.png
 create mode 100644 reports/WC-U440/20260907T165200Z-closeout/engine-motion-all168/wc_u_dragonkin_rogue/Victory/frame-00028.png
 create mode 100644 reports/WC-U440/20260907T165200Z-closeout/engine-motion-all168/wc_u_dragonkin_rogue/Victory/frame-00029.png
 create mode 100644 reports/WC-U440/20260907T165200Z-closeout/engine-motion-all168/wc_u_dragonkin_rogue/Victory/frame-00030.png
 create mode 100644 reports/WC-U440/20260907T165200Z-closeout/engine-motion-all168/wc_u_dragonkin_rogue/Victory/frames.csv
 create mode 100644 reports/WC-U440/20260907T165200Z-closeout/engine-motion-all168/wc_u_dwarf_guardian/Active/frame-00000.png
 create mode 100644 reports/WC-U440/20260907T165200Z-closeout/engine-motion-all168/wc_u_dwarf_guardian/Active/frame-00001.png
 create mode 100644 reports/WC-U440/20260907T165200Z-closeout/engine-motion-all168/wc_u_dwarf_guardian/Active/frame-00002.png
 create mode 100644 reports/WC-U440/20260907T165200Z-closeout/engine-motion-all168/wc_u_dwarf_guardian/Active/frame-00003.png
 create mode 100644 reports/WC-U440/20260907T165200Z-closeout/engine-motion-all168/wc_u_dwarf_guardian/Active/frame-00004.png
 create mode 100644 reports/WC-U440/20260907T165200Z-closeout/engine-motion-all168/wc_u_dwarf_guardian/Active/frame-00005.png
 create mode 100644 reports/WC-U440/20260907T165200Z-closeout/engine-motion-all168/wc_u_dwarf_guardian/Active/frame-00006.png
 create mode 100644 reports/WC-U440/20260907T165200Z-closeout/engine-motion-all168/wc_u_dwarf_guardian/Active/frame-00007.png
 create mode 100644 reports/WC-U440/20260907T165200Z-closeout/engine-motion-all168/wc_u_dwarf_guardian/Active/frame-00008.png
 create mode 100644 reports/WC-U440/20260907T165200Z-closeout/engine-motion-all168/wc_u_dwarf_guardian/Active/frame-00009.png
 create mode 100644 reports/WC-U440/20260907T165200Z-closeout/engine-motion-all168/wc_u_dwarf_guardian/Active/frame-00010.png
 create mode 100644 reports/WC-U440/20260907T165200Z-closeout/engine-motion-all168/wc_u_dwarf_guardian/Active/frame-00011.png
 create mode 100644 reports/WC-U440/20260907T165200Z-closeout/engine-motion-all168/wc_u_dwarf_guardian/Active/frame-00012.png
 create mode 100644 reports/WC-U440/20260907T165200Z-closeout/engine-motion-all168/wc_u_dwarf_guardian/Active/frame-00013.png
 create mode 100644 reports/WC-U440/20260907T165200Z-closeout/engine-motion-all168/wc_u_dwarf_guardian/Active/frame-00014.png
 create mode 100644 reports/WC-U440/20260907T165200Z-closeout/engine-motion-all168/wc_u_dwarf_guardian/Active/frames.csv
 create mode 100644 reports/WC-U440/20260907T165200Z-closeout/engine-motion-all168/wc_u_dwarf_guardian/Attack/frame-00000.png
 create mode 100644 reports/WC-U440/20260907T165200Z-closeout/engine-motion-all168/wc_u_dwarf_guardian/Attack/frame-00001.png
 create mode 100644 reports/WC-U440/20260907T165200Z-closeout/engine-motion-all168/wc_u_dwarf_guardian/Attack/frame-00002.png
 create mode 100644 reports/WC-U440/20260907T165200Z-closeout/engine-motion-all168/wc_u_dwarf_guardian/Attack/frame-00003.png
 create mode 100644 reports/WC-U440/20260907T165200Z-closeout/engine-motion-all168/wc_u_dwarf_guardian/Attack/frame-00004.png
 create mode 100644 reports/WC-U440/20260907T165200Z-closeout/engine-motion-all168/wc_u_dwarf_guardian/Attack/frame-00005.png
 create mode 100644 reports/WC-U440/20260907T165200Z-closeout/engine-motion-all168/wc_u_dwarf_guardian/Attack/frame-00006.png
 create mode 100644 reports/WC-U440/20260907T165200Z-closeout/engine-motion-all168/wc_u_dwarf_guardian/Attack/frame-00007.png
 create mode 100644 reports/WC-U440/20260907T165200Z-closeout/engine-motion-all168/wc_u_dwarf_guardian/Attack/frame-00008.png
 create mode 100644 reports/WC-U440/20260907T165200Z-closeout/engine-motion-all168/wc_u_dwarf_guardian/Attack/frame-00009.png
 create mode 100644 reports/WC-U440/20260907T165200Z-closeout/engine-motion-all168/wc_u_dwarf_guardian/Attack/frame-00010.png
 create mode 100644 reports/WC-U440/20260907T165200Z-closeout/engine-motion-all168/wc_u_dwarf_guardian/Attack/frame-00011.png
 create mode 100644 reports/WC-U440/20260907T165200Z-closeout/engine-motion-all168/wc_u_dwarf_guardian/Attack/frame-00012.png
 create mode 100644 reports/WC-U440/20260907T165200Z-closeout/engine-motion-all168/wc_u_dwarf_guardian/Attack/frame-00013.png
 create mode 100644 reports/WC-U440/20260907T165200Z-closeout/engine-motion-all168/wc_u_dwarf_guardian/Attack/frames.csv
 create mode 100644 reports/WC-U440/20260907T165200Z-closeout/engine-motion-all168/wc_u_dwarf_guardian/Defeat/frame-00000.png
 create mode 100644 reports/WC-U440/20260907T165200Z-closeout/engine-motion-all168/wc_u_dwarf_guardian/Defeat/frame-00001.png
 create mode 100644 reports/WC-U440/20260907T165200Z-closeout/engine-motion-all168/wc_u_dwarf_guardian/Defeat/frame-00002.png
 create mode 100644 reports/WC-U440/20260907T165200Z-closeout/engine-motion-all168/wc_u_dwarf_guardian/Defeat/frame-00003.png
 create mode 100644 reports/WC-U440/20260907T165200Z-closeout/engine-motion-all168/wc_u_dwarf_guardian/Defeat/frame-00004.png
 create mode 100644 reports/WC-U440/20260907T165200Z-closeout/engine-motion-all168/wc_u_dwarf_guardian/Defeat/frame-00005.png
 create mode 100644 reports/WC-U440/20260907T165200Z-closeout/engine-motion-all168/wc_u_dwarf_guardian/Defeat/frame-00006.png
 create mode 100644 reports/WC-U440/20260907T165200Z-closeout/engine-motion-all168/wc_u_dwarf_guardian/Defeat/frame-00007.png
 create mode 100644 reports/WC-U440/20260907T165200Z-closeout/engine-motion-all168/wc_u_dwarf_guardian/Defeat/frame-00008.png
 create mode 100644 reports/WC-U440/20260907T165200Z-closeout/engine-motion-all168/wc_u_dwarf_guardian/Defeat/frame-00009.png
 create mode 100644 reports/WC-U440/20260907T165200Z-closeout/engine-motion-all168/wc_u_dwarf_guardian/Defeat/frame-00010.png
 create mode 100644 reports/WC-U440/20260907T165200Z-closeout/engine-motion-all168/wc_u_dwarf_guardian/Defeat/frame-00011.png
 create mode 100644 reports/WC-U440/20260907T165200Z-closeout/engine-motion-all168/wc_u_dwarf_guardian/Defeat/frame-00012.png
 create mode 100644 reports/WC-U440/20260907T165200Z-closeout/engine-motion-all168/wc_u_dwarf_guardian/Defeat/frame-00013.png
 create mode 100644 reports/WC-U440/20260907T165200Z-closeout/engine-motion-all168/wc_u_dwarf_guardian/Defeat/frame-00014.png
 create mode 100644 reports/WC-U440/20260907T165200Z-closeout/engine-motion-all168/wc_u_dwarf_guardian/Defeat/frame-00015.png
 create mode 100644 reports/WC-U440/20260907T165200Z-closeout/engine-motion-all168/wc_u_dwarf_guardian/Defeat/frame-00016.png
 create mode 100644 reports/WC-U440/20260907T165200Z-closeout/engine-motion-all168/wc_u_dwarf_guardian/Defeat/frame-00017.png
 create mode 100644 reports/WC-U440/20260907T165200Z-closeout/engine-motion-all168/wc_u_dwarf_guardian/Defeat/frame-00018.png
 create mode 100644 reports/WC-U440/20260907T165200Z-closeout/engine-motion-all168/wc_u_dwarf_guardian/Defeat/frame-00019.png
 create mode 100644 reports/WC-U440/20260907T165200Z-closeout/engine-motion-all168/wc_u_dwarf_guardian/Defeat/frame-00020.png
 create mode 100644 reports/WC-U440/20260907T165200Z-closeout/engine-motion-all168/wc_u_dwarf_guardian/Defeat/frames.csv
 create mode 100644 reports/WC-U440/20260907T165200Z-closeout/engine-motion-all168/wc_u_dwarf_guardian/Hit/frame-00000.png
 create mode 100644 reports/WC-U440/20260907T165200Z-closeout/engine-motion-all168/wc_u_dwarf_guardian/Hit/frame-00001.png
 create mode 100644 reports/WC-U440/20260907T165200Z-closeout/engine-motion-all168/wc_u_dwarf_guardian/Hit/frame-00002.png
 create mode 100644 reports/WC-U440/20260907T165200Z-closeout/engine-motion-all168/wc_u_dwarf_guardian/Hit/frame-00003.png
 create mode 100644 reports/WC-U440/20260907T165200Z-closeout/engine-motion-all168/wc_u_dwarf_guardian/Hit/frame-00004.png
 create mode 100644 reports/WC-U440/20260907T165200Z-closeout/engine-motion-all168/wc_u_dwarf_guardian/Hit/frame-00005.png
 create mode 100644 reports/WC-U440/20260907T165200Z-closeout/engine-motion-all168/wc_u_dwarf_guardian/Hit/frame-00006.png
 create mode 100644 reports/WC-U440/20260907T165200Z-closeout/engine-motion-all168/wc_u_dwarf_guardian/Hit/frame-00007.png
 create mode 100644 reports/WC-U440/20260907T165200Z-closeout/engine-motion-all168/wc_u_dwarf_guardian/Hit/frame-00008.png
 create mode 100644 reports/WC-U440/20260907T165200Z-closeout/engine-motion-all168/wc_u_dwarf_guardian/Hit/frames.csv
 create mode 100644 reports/WC-U440/20260907T165200Z-closeout/engine-motion-all168/wc_u_dwarf_guardian/Idle/frame-00000.png
 create mode 100644 reports/WC-U440/20260907T165200Z-closeout/engine-motion-all168/wc_u_dwarf_guardian/Idle/frame-00001.png
 create mode 100644 reports/WC-U440/20260907T165200Z-closeout/engine-motion-all168/wc_u_dwarf_guardian/Idle/frame-00002.png
 create mode 100644 reports/WC-U440/20260907T165200Z-closeout/engine-motion-all168/wc_u_dwarf_guardian/Idle/frame-00003.png
 create mode 100644 reports/WC-U440/20260907T165200Z-closeout/engine-motion-all168/wc_u_dwarf_guardian/Idle/frame-00004.png
 create mode 100644 reports/WC-U440/20260907T165200Z-closeout/engine-motion-all168/wc_u_dwarf_guardian/Idle/frame-00005.png
 create mode 100644 reports/WC-U440/20260907T165200Z-closeout/engine-motion-all168/wc_u_dwarf_guardian/Idle/frame-00006.png
 create mode 100644 reports/WC-U440/20260907T165200Z-closeout/engine-motion-all168/wc_u_dwarf_guardian/Idle/frame-00007.png
 create mode 100644 reports/WC-U440/20260907T165200Z-closeout/engine-motion-all168/wc_u_dwarf_guardian/Idle/frame-00008.png
 create mode 100644 reports/WC-U440/20260907T165200Z-closeout/engine-motion-all168/wc_u_dwarf_guardian/Idle/frame-00009.png
 create mode 100644 reports/WC-U440/20260907T165200Z-closeout/engine-motion-all168/wc_u_dwarf_guardian/Idle/frame-00010.png
 create mode 100644 reports/WC-U440/20260907T165200Z-closeout/engine-motion-all168/wc_u_dwarf_guardian/Idle/frame-00011.png
 create mode 100644 reports/WC-U440/20260907T165200Z-closeout/engine-motion-all168/wc_u_dwarf_guardian/Idle/frame-00012.png
 create mode 100644 reports/WC-U440/20260907T165200Z-closeout/engine-motion-all168/wc_u_dwarf_guardian/Idle/frame-00013.png
 create mode 100644 reports/WC-U440/20260907T165200Z-closeout/engine-motion-all168/wc_u_dwarf_guardian/Idle/frame-00014.png
 create mode 100644 reports/WC-U440/20260907T165200Z-closeout/engine-motion-all168/wc_u_dwarf_guardian/Idle/frame-00015.png
 create mode 100644 reports/WC-U440/20260907T165200Z-closeout/engine-motion-all168/wc_u_dwarf_guardian/Idle/frame-00016.png
 create mode 100644 reports/WC-U440/20260907T165200Z-closeout/engine-motion-all168/wc_u_dwarf_guardian/Idle/frame-00017.png
 create mode 100644 reports/WC-U440/20260907T165200Z-closeout/engine-motion-all168/wc_u_dwarf_guardian/Idle/frame-00018.png
 create mode 100644 reports/WC-U440/20260907T165200Z-closeout/engine-motion-all168/wc_u_dwarf_guardian/Idle/frame-00019.png
 create mode 100644 reports/WC-U440/20260907T165200Z-closeout/engine-motion-all168/wc_u_dwarf_guardian/Idle/frame-00020.png
 create mode 100644 reports/WC-U440/20260907T165200Z-closeout/engine-motion-all168/wc_u_dwarf_guardian/Idle/frame-00021.png
 create mode 100644 reports/WC-U440/20260907T165200Z-closeout/engine-motion-all168/wc_u_dwarf_guardian/Idle/frame-00022.png
 create mode 100644 reports/WC-U440/20260907T165200Z-closeout/engine-motion-all168/wc_u_dwarf_guardian/Idle/frame-00023.png
 create mode 100644 reports/WC-U440/20260907T165200Z-closeout/engine-motion-all168/wc_u_dwarf_guardian/Idle/frame-00024.png
 create mode 100644 reports/WC-U440/20260907T165200Z-closeout/engine-motion-all168/wc_u_dwarf_guardian/Idle/frame-00025.png
 create mode 100644 reports/WC-U440/20260907T165200Z-closeout/engine-motion-all168/wc_u_dwarf_guardian/Idle/frame-00026.png
 create mode 100644 reports/WC-U440/20260907T165200Z-closeout/engine-motion-all168/wc_u_dwarf_guardian/Idle/frame-00027.png
 create mode 100644 reports/WC-U440/20260907T165200Z-closeout/engine-motion-all168/wc_u_dwarf_guardian/Idle/frame-00028.png
 create mode 100644 reports/WC-U440/20260907T165200Z-closeout/engine-motion-all168/wc_u_dwarf_guardian/Idle/frame-00029.png
 create mode 100644 reports/WC-U440/20260907T165200Z-closeout/engine-motion-all168/wc_u_dwarf_guardian/Idle/frame-00030.png
 create mode 100644 reports/WC-U440/20260907T165200Z-closeout/engine-motion-all168/wc_u_dwarf_guardian/Idle/frame-00031.png
 create mode 100644 reports/WC-U440/20260907T165200Z-closeout/engine-motion-all168/wc_u_dwarf_guardian/Idle/frame-00032.png
 create mode 100644 reports/WC-U440/20260907T165200Z-closeout/engine-motion-all168/wc_u_dwarf_guardian/Idle/frame-00033.png
 create mode 100644 reports/WC-U440/20260907T165200Z-closeout/engine-motion-all168/wc_u_dwarf_guardian/Idle/frame-00034.png
 create mode 100644 reports/WC-U440/20260907T165200Z-closeout/engine-motion-all168/wc_u_dwarf_guardian/Idle/frame-00035.png
 create mode 100644 reports/WC-U440/20260907T165200Z-closeout/engine-motion-all168/wc_u_dwarf_guardian/Idle/frame-00036.png
 create mode 100644 reports/WC-U440/20260907T165200Z-closeout/engine-motion-all168/wc_u_dwarf_guardian/Idle/frame-00037.png
 create mode 100644 reports/WC-U440/20260907T165200Z-closeout/engine-motion-all168/wc_u_dwarf_guardian/Idle/frame-00038.png
 create mode 100644 reports/WC-U440/20260907T165200Z-closeout/engine-motion-all168/wc_u_dwarf_guardian/Idle/frame-00039.png
 create mode 100644 reports/WC-U440/20260907T165200Z-closeout/engine-motion-all168/wc_u_dwarf_guardian/Idle/frame-00040.png
 create mode 100644 reports/WC-U440/20260907T165200Z-closeout/engine-motion-all168/wc_u_dwarf_guardian/Idle/frames.csv
 create mode 100644 reports/WC-U440/20260907T165200Z-closeout/engine-motion-all168/wc_u_dwarf_guardian/Move/frame-00000.png
 create mode 100644 reports/WC-U440/20260907T165200Z-closeout/engine-motion-all168/wc_u_dwarf_guardian/Move/frame-00001.png
 create mode 100644 reports/WC-U440/20260907T165200Z-closeout/engine-motion-all168/wc_u_dwarf_guardian/Move/frame-00002.png
 create mode 100644 reports/WC-U440/20260907T165200Z-closeout/engine-motion-all168/wc_u_dwarf_guardian/Move/frame-00003.png
 create mode 100644 reports/WC-U440/20260907T165200Z-closeout/engine-motion-all168/wc_u_dwarf_guardian/Move/frame-00004.png
 create mode 100644 reports/WC-U440/20260907T165200Z-closeout/engine-motion-all168/wc_u_dwarf_guardian/Move/frame-00005.png
 create mode 100644 reports/WC-U440/20260907T165200Z-closeout/engine-motion-all168/wc_u_dwarf_guardian/Move/frame-00006.png
 create mode 100644 reports/WC-U440/20260907T165200Z-closeout/engine-motion-all168/wc_u_dwarf_guardian/Move/frame-00007.png
 create mode 100644 reports/WC-U440/20260907T165200Z-closeout/engine-motion-all168/wc_u_dwarf_guardian/Move/frame-00008.png
 create mode 100644 reports/WC-U440/20260907T165200Z-closeout/engine-motion-all168/wc_u_dwarf_guardian/Move/frame-00009.png
 create mode 100644 reports/WC-U440/20260907T165200Z-closeout/engine-motion-all168/wc_u_dwarf_guardian/Move/frame-00010.png
 create mode 100644 reports/WC-U440/20260907T165200Z-closeout/engine-motion-all168/wc_u_dwarf_guardian/Move/frame-00011.png
 create mode 100644 reports/WC-U440/20260907T165200Z-closeout/engine-motion-all168/wc_u_dwarf_guardian/Move/frame-00012.png
 create mode 100644 reports/WC-U440/20260907T165200Z-closeout/engine-motion-all168/wc_u_dwarf_guardian/Move/frame-00013.png
 create mode 100644 reports/WC-U440/20260907T165200Z-closeout/engine-motion-all168/wc_u_dwarf_guardian/Move/frame-00014.png
 create mode 100644 reports/WC-U440/20260907T165200Z-closeout/engine-motion-all168/wc_u_dwarf_guardian/Move/frame-00015.png
 create mode 100644 reports/WC-U440/20260907T165200Z-closeout/engine-motion-all168/wc_u_dwarf_guardian/Move/frame-00016.png
 create mode 100644 reports/WC-U440/20260907T165200Z-closeout/engine-motion-all168/wc_u_dwarf_guardian/Move/frame-00017.png
 create mode 100644 reports/WC-U440/20260907T165200Z-closeout/engine-motion-all168/wc_u_dwarf_guardian/Move/frame-00018.png
 create mode 100644 reports/WC-U440/20260907T165200Z-closeout/engine-motion-all168/wc_u_dwarf_guardian/Move/frame-00019.png
 create mode 100644 reports/WC-U440/20260907T165200Z-closeout/engine-motion-all168/wc_u_dwarf_guardian/Move/frame-00020.png
 create mode 100644 reports/WC-U440/20260907T165200Z-closeout/engine-motion-all168/wc_u_dwarf_guardian/Move/frames.csv
 create mode 100644 reports/WC-U440/20260907T165200Z-closeout/engine-motion-all168/wc_u_dwarf_guardian/Victory/frame-00000.png
 create mode 100644 reports/WC-U440/20260907T165200Z-closeout/engine-motion-all168/wc_u_dwarf_guardian/Victory/frame-00001.png
 create mode 100644 reports/WC-U440/20260907T165200Z-closeout/engine-motion-all168/wc_u_dwarf_guardian/Victory/frame-00002.png
 create mode 100644 reports/WC-U440/20260907T165200Z-closeout/engine-motion-all168/wc_u_dwarf_guardian/Victory/frame-00003.png
 create mode 100644 reports/WC-U440/20260907T165200Z-closeout/engine-motion-all168/wc_u_dwarf_guardian/Victory/frame-00004.png
 create mode 100644 reports/WC-U440/20260907T165200Z-closeout/engine-motion-all168/wc_u_dwarf_guardian/Victory/frame-00005.png
 create mode 100644 reports/WC-U440/20260907T165200Z-closeout/engine-motion-all168/wc_u_dwarf_guardian/Victory/frame-00006.png
 create mode 100644 reports/WC-U440/20260907T165200Z-closeout/engine-motion-all168/wc_u_dwarf_guardian/Victory/frame-00007.png
 create mode 100644 reports/WC-U440/20260907T165200Z-closeout/engine-motion-all168/wc_u_dwarf_guardian/Victory/frame-00008.png
 create mode 100644 reports/WC-U440/20260907T165200Z-closeout/engine-motion-all168/wc_u_dwarf_guardian/Victory/frame-00009.png
 create mode 100644 reports/WC-U440/20260907T165200Z-closeout/engine-motion-all168/wc_u_dwarf_guardian/Victory/frame-00010.png
 create mode 100644 reports/WC-U440/20260907T165200Z-closeout/engine-motion-all168/wc_u_dwarf_guardian/Victory/frame-00011.png
 create mode 100644 reports/WC-U440/20260907T165200Z-closeout/engine-motion-all168/wc_u_dwarf_guardian/Victory/frame-00012.png
 create mode 100644 reports/WC-U440/20260907T165200Z-closeout/engine-motion-all168/wc_u_dwarf_guardian/Victory/frame-00013.png
 create mode 100644 reports/WC-U440/20260907T165200Z-closeout/engine-motion-all168/wc_u_dwarf_guardian/Victory/frame-00014.png
 create mode 100644 reports/WC-U440/20260907T165200Z-closeout/engine-motion-all168/wc_u_dwarf_guardian/Victory/frame-00015.png
 create mode 100644 reports/WC-U440/20260907T165200Z-closeout/engine-motion-all168/wc_u_dwarf_guardian/Victory/frame-00016.png
 create mode 100644 reports/WC-U440/20260907T165200Z-closeout/engine-motion-all168/wc_u_dwarf_guardian/Victory/frame-00017.png
 create mode 100644 reports/WC-U440/20260907T165200Z-closeout/engine-motion-all168/wc_u_dwarf_guardian/Victory/frame-00018.png
 create mode 100644 reports/WC-U440/20260907T165200Z-closeout/engine-motion-all168/wc_u_dwarf_guardian/Victory/frame-00019.png
 create mode 100644 reports/WC-U440/20260907T165200Z-closeout/engine-motion-all168/wc_u_dwarf_guardian/Victory/frame-00020.png
 create mode 100644 reports/WC-U440/20260907T165200Z-closeout/engine-motion-all168/wc_u_dwarf_guardian/Victory/frame-00021.png
 create mode 100644 reports/WC-U440/20260907T165200Z-closeout/engine-motion-all168/wc_u_dwarf_guardian/Victory/frame-00022.png
 create mode 100644 reports/WC-U440/20260907T165200Z-closeout/engine-motion-all168/wc_u_dwarf_guardian/Victory/frame-00023.png
 create mode 100644 reports/WC-U440/20260907T165200Z-closeout/engine-motion-all168/wc_u_dwarf_guardian/Victory/frame-00024.png
 create mode 100644 reports/WC-U440/20260907T165200Z-closeout/engine-motion-all168/wc_u_dwarf_guardian/Victory/frame-00025.png
 create mode 100644 reports/WC-U440/20260907T165200Z-closeout/engine-motion-all168/wc_u_dwarf_guardian/Victory/frame-00026.png
 create mode 100644 reports/WC-U440/20260907T165200Z-closeout/engine-motion-all168/wc_u_dwarf_guardian/Victory/frame-00027.png
 create mode 100644 reports/WC-U440/20260907T165200Z-closeout/engine-motion-all168/wc_u_dwarf_guardian/Victory/frame-00028.png
 create mode 100644 reports/WC-U440/20260907T165200Z-closeout/engine-motion-all168/wc_u_dwarf_guardian/Victory/frame-00029.png
 create mode 100644 reports/WC-U440/20260907T165200Z-closeout/engine-motion-all168/wc_u_dwarf_guardian/Victory/frame-00030.png
 create mode 100644 reports/WC-U440/20260907T165200Z-closeout/engine-motion-all168/wc_u_dwarf_guardian/Victory/frames.csv
 create mode 100644 reports/WC-U440/20260907T165200Z-closeout/engine-motion-all168/wc_u_dwarf_priest/Active/frame-00000.png
 create mode 100644 reports/WC-U440/20260907T165200Z-closeout/engine-motion-all168/wc_u_dwarf_priest/Active/frame-00001.png
 create mode 100644 reports/WC-U440/20260907T165200Z-closeout/engine-motion-all168/wc_u_dwarf_priest/Active/frame-00002.png
 create mode 100644 reports/WC-U440/20260907T165200Z-closeout/engine-motion-all168/wc_u_dwarf_priest/Active/frame-00003.png
 create mode 100644 reports/WC-U440/20260907T165200Z-closeout/engine-motion-all168/wc_u_dwarf_priest/Active/frame-00004.png
 create mode 100644 reports/WC-U440/20260907T165200Z-closeout/engine-motion-all168/wc_u_dwarf_priest/Active/frame-00005.png
 create mode 100644 reports/WC-U440/20260907T165200Z-closeout/engine-motion-all168/wc_u_dwarf_priest/Active/frame-00006.png
 create mode 100644 reports/WC-U440/20260907T165200Z-closeout/engine-motion-all168/wc_u_dwarf_priest/Active/frame-00007.png
 create mode 100644 reports/WC-U440/20260907T165200Z-closeout/engine-motion-all168/wc_u_dwarf_priest/Active/frame-00008.png
 create mode 100644 reports/WC-U440/20260907T165200Z-closeout/engine-motion-all168/wc_u_dwarf_priest/Active/frame-00009.png
 create mode 100644 reports/WC-U440/20260907T165200Z-closeout/engine-motion-all168/wc_u_dwarf_priest/Active/frame-00010.png
 create mode 100644 reports/WC-U440/20260907T165200Z-closeout/engine-motion-all168/wc_u_dwarf_priest/Active/frame-00011.png
 create mode 100644 reports/WC-U440/20260907T165200Z-closeout/engine-motion-all168/wc_u_dwarf_priest/Active/frame-00012.png
 create mode 100644 reports/WC-U440/20260907T165200Z-closeout/engine-motion-all168/wc_u_dwarf_priest/Active/frame-00013.png
 create mode 100644 reports/WC-U440/20260907T165200Z-closeout/engine-motion-all168/wc_u_dwarf_priest/Active/frames.csv
 create mode 100644 reports/WC-U440/20260907T165200Z-closeout/engine-motion-all168/wc_u_dwarf_priest/Attack/frame-00000.png
 create mode 100644 reports/WC-U440/20260907T165200Z-closeout/engine-motion-all168/wc_u_dwarf_priest/Attack/frame-00001.png
 create mode 100644 reports/WC-U440/20260907T165200Z-closeout/engine-motion-all168/wc_u_dwarf_priest/Attack/frame-00002.png
 create mode 100644 reports/WC-U440/20260907T165200Z-closeout/engine-motion-all168/wc_u_dwarf_priest/Attack/frame-00003.png
 create mode 100644 reports/WC-U440/20260907T165200Z-closeout/engine-motion-all168/wc_u_dwarf_priest/Attack/frame-00004.png
 create mode 100644 reports/WC-U440/20260907T165200Z-closeout/engine-motion-all168/wc_u_dwarf_priest/Attack/frame-00005.png
 create mode 100644 reports/WC-U440/20260907T165200Z-closeout/engine-motion-all168/wc_u_dwarf_priest/Attack/frame-00006.png
 create mode 100644 reports/WC-U440/20260907T165200Z-closeout/engine-motion-all168/wc_u_dwarf_priest/Attack/frame-00007.png
 create mode 100644 reports/WC-U440/20260907T165200Z-closeout/engine-motion-all168/wc_u_dwarf_priest/Attack/frame-00008.png
 create mode 100644 reports/WC-U440/20260907T165200Z-closeout/engine-motion-all168/wc_u_dwarf_priest/Attack/frame-00009.png
 create mode 100644 reports/WC-U440/20260907T165200Z-closeout/engine-motion-all168/wc_u_dwarf_priest/Attack/frame-00010.png
 create mode 100644 reports/WC-U440/20260907T165200Z-closeout/engine-motion-all168/wc_u_dwarf_priest/Attack/frame-00011.png
 create mode 100644 reports/WC-U440/20260907T165200Z-closeout/engine-motion-all168/wc_u_dwarf_priest/Attack/frame-00012.png
 create mode 100644 reports/WC-U440/20260907T165200Z-closeout/engine-motion-all168/wc_u_dwarf_priest/Attack/frame-00013.png
 create mode 100644 reports/WC-U440/20260907T165200Z-closeout/engine-motion-all168/wc_u_dwarf_priest/Attack/frame-00014.png
 create mode 100644 reports/WC-U440/20260907T165200Z-closeout/engine-motion-all168/wc_u_dwarf_priest/Attack/frames.csv
 create mode 100644 reports/WC-U440/20260907T165200Z-closeout/engine-motion-all168/wc_u_dwarf_priest/Defeat/frame-00000.png
 create mode 100644 reports/WC-U440/20260907T165200Z-closeout/engine-motion-all168/wc_u_dwarf_priest/Defeat/frame-00001.png
 create mode 100644 reports/WC-U440/20260907T165200Z-closeout/engine-motion-all168/wc_u_dwarf_priest/Defeat/frame-00002.png
 create mode 100644 reports/WC-U440/20260907T165200Z-closeout/engine-motion-all168/wc_u_dwarf_priest/Defeat/frame-00003.png
 create mode 100644 reports/WC-U440/20260907T165200Z-closeout/engine-motion-all168/wc_u_dwarf_priest/Defeat/frame-00004.png
 create mode 100644 reports/WC-U440/20260907T165200Z-closeout/engine-motion-all168/wc_u_dwarf_priest/Defeat/frame-00005.png
 create mode 100644 reports/WC-U440/20260907T165200Z-closeout/engine-motion-all168/wc_u_dwarf_priest/Defeat/frame-00006.png
 create mode 100644 reports/WC-U440/20260907T165200Z-closeout/engine-motion-all168/wc_u_dwarf_priest/Defeat/frame-00007.png
 create mode 100644 reports/WC-U440/20260907T165200Z-closeout/engine-motion-all168/wc_u_dwarf_priest/Defeat/frame-00008.png
 create mode 100644 reports/WC-U440/20260907T165200Z-closeout/engine-motion-all168/wc_u_dwarf_priest/Defeat/frame-00009.png
 create mode 100644 reports/WC-U440/20260907T165200Z-closeout/engine-motion-all168/wc_u_dwarf_priest/Defeat/frame-00010.png
 create mode 100644 reports/WC-U440/20260907T165200Z-closeout/engine-motion-all168/wc_u_dwarf_priest/Defeat/frame-00011.png
 create mode 100644 reports/WC-U440/20260907T165200Z-closeout/engine-motion-all168/wc_u_dwarf_priest/Defeat/frame-00012.png
 create mode 100644 reports/WC-U440/20260907T165200Z-closeout/engine-motion-all168/wc_u_dwarf_priest/Defeat/frame-00013.png
 create mode 100644 reports/WC-U440/20260907T165200Z-closeout/engine-motion-all168/wc_u_dwarf_priest/Defeat/frame-00014.png
 create mode 100644 reports/WC-U440/20260907T165200Z-closeout/engine-motion-all168/wc_u_dwarf_priest/Defeat/frame-00015.png
 create mode 100644 reports/WC-U440/20260907T165200Z-closeout/engine-motion-all168/wc_u_dwarf_priest/Defeat/frame-00016.png
 create mode 100644 reports/WC-U440/20260907T165200Z-closeout/engine-motion-all168/wc_u_dwarf_priest/Defeat/frame-00017.png
 create mode 100644 reports/WC-U440/20260907T165200Z-closeout/engine-motion-all168/wc_u_dwarf_priest/Defeat/frame-00018.png
 create mode 100644 reports/WC-U440/20260907T165200Z-closeout/engine-motion-all168/wc_u_dwarf_priest/Defeat/frame-00019.png
 create mode 100644 reports/WC-U440/20260907T165200Z-closeout/engine-motion-all168/wc_u_dwarf_priest/Defeat/frame-00020.png
 create mode 100644 reports/WC-U440/20260907T165200Z-closeout/engine-motion-all168/wc_u_dwarf_priest/Defeat/frames.csv
 create mode 100644 reports/WC-U440/20260907T165200Z-closeout/engine-motion-all168/wc_u_dwarf_priest/Hit/frame-00000.png
 create mode 100644 reports/WC-U440/20260907T165200Z-closeout/engine-motion-all168/wc_u_dwarf_priest/Hit/frame-00001.png
 create mode 100644 reports/WC-U440/20260907T165200Z-closeout/engine-motion-all168/wc_u_dwarf_priest/Hit/frame-00002.png
 create mode 100644 reports/WC-U440/20260907T165200Z-closeout/engine-motion-all168/wc_u_dwarf_priest/Hit/frame-00003.png
 create mode 100644 reports/WC-U440/20260907T165200Z-closeout/engine-motion-all168/wc_u_dwarf_priest/Hit/frame-00004.png
 create mode 100644 reports/WC-U440/20260907T165200Z-closeout/engine-motion-all168/wc_u_dwarf_priest/Hit/frame-00005.png
 create mode 100644 reports/WC-U440/20260907T165200Z-closeout/engine-motion-all168/wc_u_dwarf_priest/Hit/frame-00006.png
 create mode 100644 reports/WC-U440/20260907T165200Z-closeout/engine-motion-all168/wc_u_dwarf_priest/Hit/frame-00007.png
 create mode 100644 reports/WC-U440/20260907T165200Z-closeout/engine-motion-all168/wc_u_dwarf_priest/Hit/frame-00008.png
 create mode 100644 reports/WC-U440/20260907T165200Z-closeout/engine-motion-all168/wc_u_dwarf_priest/Hit/frames.csv
 create mode 100644 reports/WC-U440/20260907T165200Z-closeout/engine-motion-all168/wc_u_dwarf_priest/Idle/frame-00000.png
 create mode 100644 reports/WC-U440/20260907T165200Z-closeout/engine-motion-all168/wc_u_dwarf_priest/Idle/frame-00001.png
 create mode 100644 reports/WC-U440/20260907T165200Z-closeout/engine-motion-all168/wc_u_dwarf_priest/Idle/frame-00002.png
 create mode 100644 reports/WC-U440/20260907T165200Z-closeout/engine-motion-all168/wc_u_dwarf_priest/Idle/frame-00003.png
 create mode 100644 reports/WC-U440/20260907T165200Z-closeout/engine-motion-all168/wc_u_dwarf_priest/Idle/frame-00004.png
 create mode 100644 reports/WC-U440/20260907T165200Z-closeout/engine-motion-all168/wc_u_dwarf_priest/Idle/frame-00005.png
 create mode 100644 reports/WC-U440/20260907T165200Z-closeout/engine-motion-all168/wc_u_dwarf_priest/Idle/frame-00006.png
 create mode 100644 reports/WC-U440/20260907T165200Z-closeout/engine-motion-all168/wc_u_dwarf_priest/Idle/frame-00007.png
 create mode 100644 reports/WC-U440/20260907T165200Z-closeout/engine-motion-all168/wc_u_dwarf_priest/Idle/frame-00008.png
 create mode 100644 reports/WC-U440/20260907T165200Z-closeout/engine-motion-all168/wc_u_dwarf_priest/Idle/frame-00009.png
 create mode 100644 reports/WC-U440/20260907T165200Z-closeout/engine-motion-all168/wc_u_dwarf_priest/Idle/frame-00010.png
 create mode 100644 reports/WC-U440/20260907T165200Z-closeout/engine-motion-all168/wc_u_dwarf_priest/Idle/frame-00011.png
 create mode 100644 reports/WC-U440/20260907T165200Z-closeout/engine-motion-all168/wc_u_dwarf_priest/Idle/frame-00012.png
 create mode 100644 reports/WC-U440/20260907T165200Z-closeout/engine-motion-all168/wc_u_dwarf_priest/Idle/frame-00013.png
 create mode 100644 reports/WC-U440/20260907T165200Z-closeout/engine-motion-all168/wc_u_dwarf_priest/Idle/frame-00014.png
 create mode 100644 reports/WC-U440/20260907T165200Z-closeout/engine-motion-all168/wc_u_dwarf_priest/Idle/frame-00015.png
 create mode 100644 reports/WC-U440/20260907T165200Z-closeout/engine-motion-all168/wc_u_dwarf_priest/Idle/frame-00016.png
 create mode 100644 reports/WC-U440/20260907T165200Z-closeout/engine-motion-all168/wc_u_dwarf_priest/Idle/frame-00017.png
 create mode 100644 reports/WC-U440/20260907T165200Z-closeout/engine-motion-all168/wc_u_dwarf_priest/Idle/frame-00018.png
 create mode 100644 reports/WC-U440/20260907T165200Z-closeout/engine-motion-all168/wc_u_dwarf_priest/Idle/frame-00019.png
 create mode 100644 reports/WC-U440/20260907T165200Z-closeout/engine-motion-all168/wc_u_dwarf_priest/Idle/frame-00020.png
 create mode 100644 reports/WC-U440/20260907T165200Z-closeout/engine-motion-all168/wc_u_dwarf_priest/Idle/frame-00021.png
 create mode 100644 reports/WC-U440/20260907T165200Z-closeout/engine-motion-all168/wc_u_dwarf_priest/Idle/frame-00022.png
 create mode 100644 reports/WC-U440/20260907T165200Z-closeout/engine-motion-all168/wc_u_dwarf_priest/Idle/frame-00023.png
 create mode 100644 reports/WC-U440/20260907T165200Z-closeout/engine-motion-all168/wc_u_dwarf_priest/Idle/frame-00024.png
 create mode 100644 reports/WC-U440/20260907T165200Z-closeout/engine-motion-all168/wc_u_dwarf_priest/Idle/frame-00025.png
 create mode 100644 reports/WC-U440/20260907T165200Z-closeout/engine-motion-all168/wc_u_dwarf_priest/Idle/frame-00026.png
 create mode 100644 reports/WC-U440/20260907T165200Z-closeout/engine-motion-all168/wc_u_dwarf_priest/Idle/frame-00027.png
 create mode 100644 reports/WC-U440/20260907T165200Z-closeout/engine-motion-all168/wc_u_dwarf_priest/Idle/frame-00028.png
 create mode 100644 reports/WC-U440/20260907T165200Z-closeout/engine-motion-all168/wc_u_dwarf_priest/Idle/frame-00029.png
 create mode 100644 reports/WC-U440/20260907T165200Z-closeout/engine-motion-all168/wc_u_dwarf_priest/Idle/frame-00030.png
 create mode 100644 reports/WC-U440/20260907T165200Z-closeout/engine-motion-all168/wc_u_dwarf_priest/Idle/frame-00031.png
 create mode 100644 reports/WC-U440/20260907T165200Z-closeout/engine-motion-all168/wc_u_dwarf_priest/Idle/frame-00032.png
 create mode 100644 reports/WC-U440/20260907T165200Z-closeout/engine-motion-all168/wc_u_dwarf_priest/Idle/frame-00033.png
 create mode 100644 reports/WC-U440/20260907T165200Z-closeout/engine-motion-all168/wc_u_dwarf_priest/Idle/frame-00034.png
 create mode 100644 reports/WC-U440/20260907T165200Z-closeout/engine-motion-all168/wc_u_dwarf_priest/Idle/frame-00035.png
 create mode 100644 reports/WC-U440/20260907T165200Z-closeout/engine-motion-all168/wc_u_dwarf_priest/Idle/frame-00036.png
 create mode 100644 reports/WC-U440/20260907T165200Z-closeout/engine-motion-all168/wc_u_dwarf_priest/Idle/frame-00037.png
 create mode 100644 reports/WC-U440/20260907T165200Z-closeout/engine-motion-all168/wc_u_dwarf_priest/Idle/frame-00038.png
 create mode 100644 reports/WC-U440/20260907T165200Z-closeout/engine-motion-all168/wc_u_dwarf_priest/Idle/frame-00039.png
 create mode 100644 reports/WC-U440/20260907T165200Z-closeout/engine-motion-all168/wc_u_dwarf_priest/Idle/frame-00040.png
 create mode 100644 reports/WC-U440/20260907T165200Z-closeout/engine-motion-all168/wc_u_dwarf_priest/Idle/frames.csv
 create mode 100644 reports/WC-U440/20260907T165200Z-closeout/engine-motion-all168/wc_u_dwarf_priest/Move/frame-00000.png
 create mode 100644 reports/WC-U440/20260907T165200Z-closeout/engine-motion-all168/wc_u_dwarf_priest/Move/frame-00001.png
 create mode 100644 reports/WC-U440/20260907T165200Z-closeout/engine-motion-all168/wc_u_dwarf_priest/Move/frame-00002.png
 create mode 100644 reports/WC-U440/20260907T165200Z-closeout/engine-motion-all168/wc_u_dwarf_priest/Move/frame-00003.png
 create mode 100644 reports/WC-U440/20260907T165200Z-closeout/engine-motion-all168/wc_u_dwarf_priest/Move/frame-00004.png
 create mode 100644 reports/WC-U440/20260907T165200Z-closeout/engine-motion-all168/wc_u_dwarf_priest/Move/frame-00005.png
 create mode 100644 reports/WC-U440/20260907T165200Z-closeout/engine-motion-all168/wc_u_dwarf_priest/Move/frame-00006.png
 create mode 100644 reports/WC-U440/20260907T165200Z-closeout/engine-motion-all168/wc_u_dwarf_priest/Move/frame-00007.png
 create mode 100644 reports/WC-U440/20260907T165200Z-closeout/engine-motion-all168/wc_u_dwarf_priest/Move/frame-00008.png
 create mode 100644 reports/WC-U440/20260907T165200Z-closeout/engine-motion-all168/wc_u_dwarf_priest/Move/frame-00009.png
 create mode 100644 reports/WC-U440/20260907T165200Z-closeout/engine-motion-all168/wc_u_dwarf_priest/Move/frame-00010.png
 create mode 100644 reports/WC-U440/20260907T165200Z-closeout/engine-motion-all168/wc_u_dwarf_priest/Move/frame-00011.png
 create mode 100644 reports/WC-U440/20260907T165200Z-closeout/engine-motion-all168/wc_u_dwarf_priest/Move/frame-00012.png
 create mode 100644 reports/WC-U440/20260907T165200Z-closeout/engine-motion-all168/wc_u_dwarf_priest/Move/frame-00013.png
 create mode 100644 reports/WC-U440/20260907T165200Z-closeout/engine-motion-all168/wc_u_dwarf_priest/Move/frame-00014.png
 create mode 100644 reports/WC-U440/20260907T165200Z-closeout/engine-motion-all168/wc_u_dwarf_priest/Move/frame-00015.png
 create mode 100644 reports/WC-U440/20260907T165200Z-closeout/engine-motion-all168/wc_u_dwarf_priest/Move/frame-00016.png
 create mode 100644 reports/WC-U440/20260907T165200Z-closeout/engine-motion-all168/wc_u_dwarf_priest/Move/frame-00017.png
 create mode 100644 reports/WC-U440/20260907T165200Z-closeout/engine-motion-all168/wc_u_dwarf_priest/Move/frame-00018.png
 create mode 100644 reports/WC-U440/20260907T165200Z-closeout/engine-motion-all168/wc_u_dwarf_priest/Move/frame-00019.png
 create mode 100644 reports/WC-U440/20260907T165200Z-closeout/engine-motion-all168/wc_u_dwarf_priest/Move/frame-00020.png
 create mode 100644 reports/WC-U440/20260907T165200Z-closeout/engine-motion-all168/wc_u_dwarf_priest/Move/frames.csv
 create mode 100644 reports/WC-U440/20260907T165200Z-closeout/engine-motion-all168/wc_u_dwarf_priest/Victory/frame-00000.png
 create mode 100644 reports/WC-U440/20260907T165200Z-closeout/engine-motion-all168/wc_u_dwarf_priest/Victory/frame-00001.png
 create mode 100644 reports/WC-U440/20260907T165200Z-closeout/engine-motion-all168/wc_u_dwarf_priest/Victory/frame-00002.png
 create mode 100644 reports/WC-U440/20260907T165200Z-closeout/engine-motion-all168/wc_u_dwarf_priest/Victory/frame-00003.png
 create mode 100644 reports/WC-U440/20260907T165200Z-closeout/engine-motion-all168/wc_u_dwarf_priest/Victory/frame-00004.png
 create mode 100644 reports/WC-U440/20260907T165200Z-closeout/engine-motion-all168/wc_u_dwarf_priest/Victory/frame-00005.png
 create mode 100644 reports/WC-U440/20260907T165200Z-closeout/engine-motion-all168/wc_u_dwarf_priest/Victory/frame-00006.png
 create mode 100644 reports/WC-U440/20260907T165200Z-closeout/engine-motion-all168/wc_u_dwarf_priest/Victory/frame-00007.png
 create mode 100644 reports/WC-U440/20260907T165200Z-closeout/engine-motion-all168/wc_u_dwarf_priest/Victory/frame-00008.png
 create mode 100644 reports/WC-U440/20260907T165200Z-closeout/engine-motion-all168/wc_u_dwarf_priest/Victory/frame-00009.png
 create mode 100644 reports/WC-U440/20260907T165200Z-closeout/engine-motion-all168/wc_u_dwarf_priest/Victory/frame-00010.png
 create mode 100644 reports/WC-U440/20260907T165200Z-closeout/engine-motion-all168/wc_u_dwarf_priest/Victory/frame-00011.png
 create mode 100644 reports/WC-U440/20260907T165200Z-closeout/engine-motion-all168/wc_u_dwarf_priest/Victory/frame-00012.png
 create mode 100644 reports/WC-U440/20260907T165200Z-closeout/engine-motion-all168/wc_u_dwarf_priest/Victory/frame-00013.png
 create mode 100644 reports/WC-U440/20260907T165200Z-closeout/engine-motion-all168/wc_u_dwarf_priest/Victory/frame-00014.png
 create mode 100644 reports/WC-U440/20260907T165200Z-closeout/engine-motion-all168/wc_u_dwarf_priest/Victory/frame-00015.png
 create mode 100644 reports/WC-U440/20260907T165200Z-closeout/engine-motion-all168/wc_u_dwarf_priest/Victory/frame-00016.png
 create mode 100644 reports/WC-U440/20260907T165200Z-closeout/engine-motion-all168/wc_u_dwarf_priest/Victory/frame-00017.png
 create mode 100644 reports/WC-U440/20260907T165200Z-closeout/engine-motion-all168/wc_u_dwarf_priest/Victory/frame-00018.png
 create mode 100644 reports/WC-U440/20260907T165200Z-closeout/engine-motion-all168/wc_u_dwarf_priest/Victory/frame-00019.png
 create mode 100644 reports/WC-U440/20260907T165200Z-closeout/engine-motion-all168/wc_u_dwarf_priest/Victory/frame-00020.png
 create mode 100644 reports/WC-U440/20260907T165200Z-closeout/engine-motion-all168/wc_u_dwarf_priest/Victory/frame-00021.png
 create mode 100644 reports/WC-U440/20260907T165200Z-closeout/engine-motion-all168/wc_u_dwarf_priest/Victory/frame-00022.png
 create mode 100644 reports/WC-U440/20260907T165200Z-closeout/engine-motion-all168/wc_u_dwarf_priest/Victory/frame-00023.png
 create mode 100644 reports/WC-U440/20260907T165200Z-closeout/engine-motion-all168/wc_u_dwarf_priest/Victory/frame-00024.png
 create mode 100644 reports/WC-U440/20260907T165200Z-closeout/engine-motion-all168/wc_u_dwarf_priest/Victory/frame-00025.png
 create mode 100644 reports/WC-U440/20260907T165200Z-closeout/engine-motion-all168/wc_u_dwarf_priest/Victory/frame-00026.png
 create mode 100644 reports/WC-U440/20260907T165200Z-closeout/engine-motion-all168/wc_u_dwarf_priest/Victory/frame-00027.png
 create mode 100644 reports/WC-U440/20260907T165200Z-closeout/engine-motion-all168/wc_u_dwarf_priest/Victory/frame-00028.png
 create mode 100644 reports/WC-U440/20260907T165200Z-closeout/engine-motion-all168/wc_u_dwarf_priest/Victory/frame-00029.png
 create mode 100644 reports/WC-U440/20260907T165200Z-closeout/engine-motion-all168/wc_u_dwarf_priest/Victory/frame-00030.png
 create mode 100644 reports/WC-U440/20260907T165200Z-closeout/engine-motion-all168/wc_u_dwarf_priest/Victory/frames.csv
 create mode 100644 reports/WC-U440/20260907T165200Z-closeout/engine-motion-all168/wc_u_dwarf_ranger/Active/frame-00000.png
 create mode 100644 reports/WC-U440/20260907T165200Z-closeout/engine-motion-all168/wc_u_dwarf_ranger/Active/frame-00001.png
 create mode 100644 reports/WC-U440/20260907T165200Z-closeout/engine-motion-all168/wc_u_dwarf_ranger/Active/frame-00002.png
 create mode 100644 reports/WC-U440/20260907T165200Z-closeout/engine-motion-all168/wc_u_dwarf_ranger/Active/frame-00003.png
 create mode 100644 reports/WC-U440/20260907T165200Z-closeout/engine-motion-all168/wc_u_dwarf_ranger/Active/frame-00004.png
 create mode 100644 reports/WC-U440/20260907T165200Z-closeout/engine-motion-all168/wc_u_dwarf_ranger/Active/frame-00005.png
 create mode 100644 reports/WC-U440/20260907T165200Z-closeout/engine-motion-all168/wc_u_dwarf_ranger/Active/frame-00006.png
 create mode 100644 reports/WC-U440/20260907T165200Z-closeout/engine-motion-all168/wc_u_dwarf_ranger/Active/frame-00007.png
 create mode 100644 reports/WC-U440/20260907T165200Z-closeout/engine-motion-all168/wc_u_dwarf_ranger/Active/frame-00008.png
 create mode 100644 reports/WC-U440/20260907T165200Z-closeout/engine-motion-all168/wc_u_dwarf_ranger/Active/frame-00009.png
 create mode 100644 reports/WC-U440/20260907T165200Z-closeout/engine-motion-all168/wc_u_dwarf_ranger/Active/frame-00010.png
 create mode 100644 reports/WC-U440/20260907T165200Z-closeout/engine-motion-all168/wc_u_dwarf_ranger/Active/frame-00011.png
 create mode 100644 reports/WC-U440/20260907T165200Z-closeout/engine-motion-all168/wc_u_dwarf_ranger/Active/frame-00012.png
 create mode 100644 reports/WC-U440/20260907T165200Z-closeout/engine-motion-all168/wc_u_dwarf_ranger/Active/frame-00013.png
 create mode 100644 reports/WC-U440/20260907T165200Z-closeout/engine-motion-all168/wc_u_dwarf_ranger/Active/frames.csv
 create mode 100644 reports/WC-U440/20260907T165200Z-closeout/engine-motion-all168/wc_u_dwarf_ranger/Attack/frame-00000.png
 create mode 100644 reports/WC-U440/20260907T165200Z-closeout/engine-motion-all168/wc_u_dwarf_ranger/Attack/frame-00001.png
 create mode 100644 reports/WC-U440/20260907T165200Z-closeout/engine-motion-all168/wc_u_dwarf_ranger/Attack/frame-00002.png
 create mode 100644 reports/WC-U440/20260907T165200Z-closeout/engine-motion-all168/wc_u_dwarf_ranger/Attack/frame-00003.png
 create mode 100644 reports/WC-U440/20260907T165200Z-closeout/engine-motion-all168/wc_u_dwarf_ranger/Attack/frame-00004.png
 create mode 100644 reports/WC-U440/20260907T165200Z-closeout/engine-motion-all168/wc_u_dwarf_ranger/Attack/frame-00005.png
 create mode 100644 reports/WC-U440/20260907T165200Z-closeout/engine-motion-all168/wc_u_dwarf_ranger/Attack/frame-00006.png
 create mode 100644 reports/WC-U440/20260907T165200Z-closeout/engine-motion-all168/wc_u_dwarf_ranger/Attack/frame-00007.png
 create mode 100644 reports/WC-U440/20260907T165200Z-closeout/engine-motion-all168/wc_u_dwarf_ranger/Attack/frame-00008.png
 create mode 100644 reports/WC-U440/20260907T165200Z-closeout/engine-motion-all168/wc_u_dwarf_ranger/Attack/frame-00009.png
 create mode 100644 reports/WC-U440/20260907T165200Z-closeout/engine-motion-all168/wc_u_dwarf_ranger/Attack/frame-00010.png
 create mode 100644 reports/WC-U440/20260907T165200Z-closeout/engine-motion-all168/wc_u_dwarf_ranger/Attack/frame-00011.png
 create mode 100644 reports/WC-U440/20260907T165200Z-closeout/engine-motion-all168/wc_u_dwarf_ranger/Attack/frame-00012.png
 create mode 100644 reports/WC-U440/20260907T165200Z-closeout/engine-motion-all168/wc_u_dwarf_ranger/Attack/frame-00013.png
 create mode 100644 reports/WC-U440/20260907T165200Z-closeout/engine-motion-all168/wc_u_dwarf_ranger/Attack/frame-00014.png
 create mode 100644 reports/WC-U440/20260907T165200Z-closeout/engine-motion-all168/wc_u_dwarf_ranger/Attack/frames.csv
 create mode 100644 reports/WC-U440/20260907T165200Z-closeout/engine-motion-all168/wc_u_dwarf_ranger/Defeat/frame-00000.png
 create mode 100644 reports/WC-U440/20260907T165200Z-closeout/engine-motion-all168/wc_u_dwarf_ranger/Defeat/frame-00001.png
 create mode 100644 reports/WC-U440/20260907T165200Z-closeout/engine-motion-all168/wc_u_dwarf_ranger/Defeat/frame-00002.png
 create mode 100644 reports/WC-U440/20260907T165200Z-closeout/engine-motion-all168/wc_u_dwarf_ranger/Defeat/frame-00003.png
 create mode 100644 reports/WC-U440/20260907T165200Z-closeout/engine-motion-all168/wc_u_dwarf_ranger/Defeat/frame-00004.png
 create mode 100644 reports/WC-U440/20260907T165200Z-closeout/engine-motion-all168/wc_u_dwarf_ranger/Defeat/frame-00005.png
 create mode 100644 reports/WC-U440/20260907T165200Z-closeout/engine-motion-all168/wc_u_dwarf_ranger/Defeat/frame-00006.png
 create mode 100644 reports/WC-U440/20260907T165200Z-closeout/engine-motion-all168/wc_u_dwarf_ranger/Defeat/frame-00007.png
 create mode 100644 reports/WC-U440/20260907T165200Z-closeout/engine-motion-all168/wc_u_dwarf_ranger/Defeat/frame-00008.png
 create mode 100644 reports/WC-U440/20260907T165200Z-closeout/engine-motion-all168/wc_u_dwarf_ranger/Defeat/frame-00009.png
 create mode 100644 reports/WC-U440/20260907T165200Z-closeout/engine-motion-all168/wc_u_dwarf_ranger/Defeat/frame-00010.png
 create mode 100644 reports/WC-U440/20260907T165200Z-closeout/engine-motion-all168/wc_u_dwarf_ranger/Defeat/frame-00011.png
 create mode 100644 reports/WC-U440/20260907T165200Z-closeout/engine-motion-all168/wc_u_dwarf_ranger/Defeat/frame-00012.png
 create mode 100644 reports/WC-U440/20260907T165200Z-closeout/engine-motion-all168/wc_u_dwarf_ranger/Defeat/frame-00013.png
 create mode 100644 reports/WC-U440/20260907T165200Z-closeout/engine-motion-all168/wc_u_dwarf_ranger/Defeat/frame-00014.png
 create mode 100644 reports/WC-U440/20260907T165200Z-closeout/engine-motion-all168/wc_u_dwarf_ranger/Defeat/frame-00015.png
 create mode 100644 reports/WC-U440/20260907T165200Z-closeout/engine-motion-all168/wc_u_dwarf_ranger/Defeat/frame-00016.png
 create mode 100644 reports/WC-U440/20260907T165200Z-closeout/engine-motion-all168/wc_u_dwarf_ranger/Defeat/frame-00017.png
 create mode 100644 reports/WC-U440/20260907T165200Z-closeout/engine-motion-all168/wc_u_dwarf_ranger/Defeat/frame-00018.png
 create mode 100644 reports/WC-U440/20260907T165200Z-closeout/engine-motion-all168/wc_u_dwarf_ranger/Defeat/frame-00019.png
 create mode 100644 reports/WC-U440/20260907T165200Z-closeout/engine-motion-all168/wc_u_dwarf_ranger/Defeat/frame-00020.png
 create mode 100644 reports/WC-U440/20260907T165200Z-closeout/engine-motion-all168/wc_u_dwarf_ranger/Defeat/frames.csv
 create mode 100644 reports/WC-U440/20260907T165200Z-closeout/engine-motion-all168/wc_u_dwarf_ranger/Hit/frame-00000.png
 create mode 100644 reports/WC-U440/20260907T165200Z-closeout/engine-motion-all168/wc_u_dwarf_ranger/Hit/frame-00001.png
 create mode 100644 reports/WC-U440/20260907T165200Z-closeout/engine-motion-all168/wc_u_dwarf_ranger/Hit/frame-00002.png
 create mode 100644 reports/WC-U440/20260907T165200Z-closeout/engine-motion-all168/wc_u_dwarf_ranger/Hit/frame-00003.png
 create mode 100644 reports/WC-U440/20260907T165200Z-closeout/engine-motion-all168/wc_u_dwarf_ranger/Hit/frame-00004.png
 create mode 100644 reports/WC-U440/20260907T165200Z-closeout/engine-motion-all168/wc_u_dwarf_ranger/Hit/frame-00005.png
 create mode 100644 reports/WC-U440/20260907T165200Z-closeout/engine-motion-all168/wc_u_dwarf_ranger/Hit/frame-00006.png
 create mode 100644 reports/WC-U440/20260907T165200Z-closeout/engine-motion-all168/wc_u_dwarf_ranger/Hit/frame-00007.png
 create mode 100644 reports/WC-U440/20260907T165200Z-closeout/engine-motion-all168/wc_u_dwarf_ranger/Hit/frame-00008.png
 create mode 100644 reports/WC-U440/20260907T165200Z-closeout/engine-motion-all168/wc_u_dwarf_ranger/Hit/frames.csv
 create mode 100644 reports/WC-U440/20260907T165200Z-closeout/engine-motion-all168/wc_u_dwarf_ranger/Idle/frame-00000.png
 create mode 100644 reports/WC-U440/20260907T165200Z-closeout/engine-motion-all168/wc_u_dwarf_ranger/Idle/frame-00001.png
 create mode 100644 reports/WC-U440/20260907T165200Z-closeout/engine-motion-all168/wc_u_dwarf_ranger/Idle/frame-00002.png
 create mode 100644 reports/WC-U440/20260907T165200Z-closeout/engine-motion-all168/wc_u_dwarf_ranger/Idle/frame-00003.png
 create mode 100644 reports/WC-U440/20260907T165200Z-closeout/engine-motion-all168/wc_u_dwarf_ranger/Idle/frame-00004.png
 create mode 100644 reports/WC-U440/20260907T165200Z-closeout/engine-motion-all168/wc_u_dwarf_ranger/Idle/frame-00005.png
 create mode 100644 reports/WC-U440/20260907T165200Z-closeout/engine-motion-all168/wc_u_dwarf_ranger/Idle/frame-00006.png
 create mode 100644 reports/WC-U440/20260907T165200Z-closeout/engine-motion-all168/wc_u_dwarf_ranger/Idle/frame-00007.png
 create mode 100644 reports/WC-U440/20260907T165200Z-closeout/engine-motion-all168/wc_u_dwarf_ranger/Idle/frame-00008.png
 create mode 100644 reports/WC-U440/20260907T165200Z-closeout/engine-motion-all168/wc_u_dwarf_ranger/Idle/frame-00009.png
 create mode 100644 reports/WC-U440/20260907T165200Z-closeout/engine-motion-all168/wc_u_dwarf_ranger/Idle/frame-00010.png
 create mode 100644 reports/WC-U440/20260907T165200Z-closeout/engine-motion-all168/wc_u_dwarf_ranger/Idle/frame-00011.png
 create mode 100644 reports/WC-U440/20260907T165200Z-closeout/engine-motion-all168/wc_u_dwarf_ranger/Idle/frame-00012.png
 create mode 100644 reports/WC-U440/20260907T165200Z-closeout/engine-motion-all168/wc_u_dwarf_ranger/Idle/frame-00013.png
 create mode 100644 reports/WC-U440/20260907T165200Z-closeout/engine-motion-all168/wc_u_dwarf_ranger/Idle/frame-00014.png
 create mode 100644 reports/WC-U440/20260907T165200Z-closeout/engine-motion-all168/wc_u_dwarf_ranger/Idle/frame-00015.png
 create mode 100644 reports/WC-U440/20260907T165200Z-closeout/engine-motion-all168/wc_u_dwarf_ranger/Idle/frame-00016.png
 create mode 100644 reports/WC-U440/20260907T165200Z-closeout/engine-motion-all168/wc_u_dwarf_ranger/Idle/frame-00017.png
 create mode 100644 reports/WC-U440/20260907T165200Z-closeout/engine-motion-all168/wc_u_dwarf_ranger/Idle/frame-00018.png
 create mode 100644 reports/WC-U440/20260907T165200Z-closeout/engine-motion-all168/wc_u_dwarf_ranger/Idle/frame-00019.png
 create mode 100644 reports/WC-U440/20260907T165200Z-closeout/engine-motion-all168/wc_u_dwarf_ranger/Idle/frame-00020.png
 create mode 100644 reports/WC-U440/20260907T165200Z-closeout/engine-motion-all168/wc_u_dwarf_ranger/Idle/frame-00021.png
 create mode 100644 reports/WC-U440/20260907T165200Z-closeout/engine-motion-all168/wc_u_dwarf_ranger/Idle/frame-00022.png
 create mode 100644 reports/WC-U440/20260907T165200Z-closeout/engine-motion-all168/wc_u_dwarf_ranger/Idle/frame-00023.png
 create mode 100644 reports/WC-U440/20260907T165200Z-closeout/engine-motion-all168/wc_u_dwarf_ranger/Idle/frame-00024.png
 create mode 100644 reports/WC-U440/20260907T165200Z-closeout/engine-motion-all168/wc_u_dwarf_ranger/Idle/frame-00025.png
 create mode 100644 reports/WC-U440/20260907T165200Z-closeout/engine-motion-all168/wc_u_dwarf_ranger/Idle/frame-00026.png
 create mode 100644 reports/WC-U440/20260907T165200Z-closeout/engine-motion-all168/wc_u_dwarf_ranger/Idle/frame-00027.png
 create mode 100644 reports/WC-U440/20260907T165200Z-closeout/engine-motion-all168/wc_u_dwarf_ranger/Idle/frame-00028.png
 create mode 100644 reports/WC-U440/20260907T165200Z-closeout/engine-motion-all168/wc_u_dwarf_ranger/Idle/frame-00029.png
 create mode 100644 reports/WC-U440/20260907T165200Z-closeout/engine-motion-all168/wc_u_dwarf_ranger/Idle/frame-00030.png
 create mode 100644 reports/WC-U440/20260907T165200Z-closeout/engine-motion-all168/wc_u_dwarf_ranger/Idle/frame-00031.png
 create mode 100644 reports/WC-U440/20260907T165200Z-closeout/engine-motion-all168/wc_u_dwarf_ranger/Idle/frame-00032.png
 create mode 100644 reports/WC-U440/20260907T165200Z-closeout/engine-motion-all168/wc_u_dwarf_ranger/Idle/frame-00033.png
 create mode 100644 reports/WC-U440/20260907T165200Z-closeout/engine-motion-all168/wc_u_dwarf_ranger/Idle/frame-00034.png
 create mode 100644 reports/WC-U440/20260907T165200Z-closeout/engine-motion-all168/wc_u_dwarf_ranger/Idle/frame-00035.png
 create mode 100644 reports/WC-U440/20260907T165200Z-closeout/engine-motion-all168/wc_u_dwarf_ranger/Idle/frame-00036.png
 create mode 100644 reports/WC-U440/20260907T165200Z-closeout/engine-motion-all168/wc_u_dwarf_ranger/Idle/frame-00037.png
 create mode 100644 reports/WC-U440/20260907T165200Z-closeout/engine-motion-all168/wc_u_dwarf_ranger/Idle/frame-00038.png
 create mode 100644 reports/WC-U440/20260907T165200Z-closeout/engine-motion-all168/wc_u_dwarf_ranger/Idle/frame-00039.png
 create mode 100644 reports/WC-U440/20260907T165200Z-closeout/engine-motion-all168/wc_u_dwarf_ranger/Idle/frame-00040.png
 create mode 100644 reports/WC-U440/20260907T165200Z-closeout/engine-motion-all168/wc_u_dwarf_ranger/Idle/frames.csv
 create mode 100644 reports/WC-U440/20260907T165200Z-closeout/engine-motion-all168/wc_u_dwarf_ranger/Move/frame-00000.png
 create mode 100644 reports/WC-U440/20260907T165200Z-closeout/engine-motion-all168/wc_u_dwarf_ranger/Move/frame-00001.png
 create mode 100644 reports/WC-U440/20260907T165200Z-closeout/engine-motion-all168/wc_u_dwarf_ranger/Move/frame-00002.png
 create mode 100644 reports/WC-U440/20260907T165200Z-closeout/engine-motion-all168/wc_u_dwarf_ranger/Move/frame-00003.png
 create mode 100644 reports/WC-U440/20260907T165200Z-closeout/engine-motion-all168/wc_u_dwarf_ranger/Move/frame-00004.png
 create mode 100644 reports/WC-U440/20260907T165200Z-closeout/engine-motion-all168/wc_u_dwarf_ranger/Move/frame-00005.png
 create mode 100644 reports/WC-U440/20260907T165200Z-closeout/engine-motion-all168/wc_u_dwarf_ranger/Move/frame-00006.png
 create mode 100644 reports/WC-U440/20260907T165200Z-closeout/engine-motion-all168/wc_u_dwarf_ranger/Move/frame-00007.png
 create mode 100644 reports/WC-U440/20260907T165200Z-closeout/engine-motion-all168/wc_u_dwarf_ranger/Move/frame-00008.png
 create mode 100644 reports/WC-U440/20260907T165200Z-closeout/engine-motion-all168/wc_u_dwarf_ranger/Move/frame-00009.png
 create mode 100644 reports/WC-U440/20260907T165200Z-closeout/engine-motion-all168/wc_u_dwarf_ranger/Move/frame-00010.png
 create mode 100644 reports/WC-U440/20260907T165200Z-closeout/engine-motion-all168/wc_u_dwarf_ranger/Move/frame-00011.png
 create mode 100644 reports/WC-U440/20260907T165200Z-closeout/engine-motion-all168/wc_u_dwarf_ranger/Move/frame-00012.png
 create mode 100644 reports/WC-U440/20260907T165200Z-closeout/engine-motion-all168/wc_u_dwarf_ranger/Move/frame-00013.png
 create mode 100644 reports/WC-U440/20260907T165200Z-closeout/engine-motion-all168/wc_u_dwarf_ranger/Move/frame-00014.png
 create mode 100644 reports/WC-U440/20260907T165200Z-closeout/engine-motion-all168/wc_u_dwarf_ranger/Move/frame-00015.png
 create mode 100644 reports/WC-U440/20260907T165200Z-closeout/engine-motion-all168/wc_u_dwarf_ranger/Move/frame-00016.png
 create mode 100644 reports/WC-U440/20260907T165200Z-closeout/engine-motion-all168/wc_u_dwarf_ranger/Move/frame-00017.png
 create mode 100644 reports/WC-U440/20260907T165200Z-closeout/engine-motion-all168/wc_u_dwarf_ranger/Move/frame-00018.png
 create mode 100644 reports/WC-U440/20260907T165200Z-closeout/engine-motion-all168/wc_u_dwarf_ranger/Move/frame-00019.png
 create mode 100644 reports/WC-U440/20260907T165200Z-closeout/engine-motion-all168/wc_u_dwarf_ranger/Move/frame-00020.png
 create mode 100644 reports/WC-U440/20260907T165200Z-closeout/engine-motion-all168/wc_u_dwarf_ranger/Move/frames.csv
 create mode 100644 reports/WC-U440/20260907T165200Z-closeout/engine-motion-all168/wc_u_dwarf_ranger/Victory/frame-00000.png
 create mode 100644 reports/WC-U440/20260907T165200Z-closeout/engine-motion-all168/wc_u_dwarf_ranger/Victory/frame-00001.png
 create mode 100644 reports/WC-U440/20260907T165200Z-closeout/engine-motion-all168/wc_u_dwarf_ranger/Victory/frame-00002.png
 create mode 100644 reports/WC-U440/20260907T165200Z-closeout/engine-motion-all168/wc_u_dwarf_ranger/Victory/frame-00003.png
 create mode 100644 reports/WC-U440/20260907T165200Z-closeout/engine-motion-all168/wc_u_dwarf_ranger/Victory/frame-00004.png
 create mode 100644 reports/WC-U440/20260907T165200Z-closeout/engine-motion-all168/wc_u_dwarf_ranger/Victory/frame-00005.png
 create mode 100644 reports/WC-U440/20260907T165200Z-closeout/engine-motion-all168/wc_u_dwarf_ranger/Victory/frame-00006.png
 create mode 100644 reports/WC-U440/20260907T165200Z-closeout/engine-motion-all168/wc_u_dwarf_ranger/Victory/frame-00007.png
 create mode 100644 reports/WC-U440/20260907T165200Z-closeout/engine-motion-all168/wc_u_dwarf_ranger/Victory/frame-00008.png
 create mode 100644 reports/WC-U440/20260907T165200Z-closeout/engine-motion-all168/wc_u_dwarf_ranger/Victory/frame-00009.png
 create mode 100644 reports/WC-U440/20260907T165200Z-closeout/engine-motion-all168/wc_u_dwarf_ranger/Victory/frame-00010.png
 create mode 100644 reports/WC-U440/20260907T165200Z-closeout/engine-motion-all168/wc_u_dwarf_ranger/Victory/frame-00011.png
 create mode 100644 reports/WC-U440/20260907T165200Z-closeout/engine-motion-all168/wc_u_dwarf_ranger/Victory/frame-00012.png
 create mode 100644 reports/WC-U440/20260907T165200Z-closeout/engine-motion-all168/wc_u_dwarf_ranger/Victory/frame-00013.png
 create mode 100644 reports/WC-U440/20260907T165200Z-closeout/engine-motion-all168/wc_u_dwarf_ranger/Victory/frame-00014.png
 create mode 100644 reports/WC-U440/20260907T165200Z-closeout/engine-motion-all168/wc_u_dwarf_ranger/Victory/frame-00015.png
 create mode 100644 reports/WC-U440/20260907T165200Z-closeout/engine-motion-all168/wc_u_dwarf_ranger/Victory/frame-00016.png
 create mode 100644 reports/WC-U440/20260907T165200Z-closeout/engine-motion-all168/wc_u_dwarf_ranger/Victory/frame-00017.png
 create mode 100644 reports/WC-U440/20260907T165200Z-closeout/engine-motion-all168/wc_u_dwarf_ranger/Victory/frame-00018.png
 create mode 100644 reports/WC-U440/20260907T165200Z-closeout/engine-motion-all168/wc_u_dwarf_ranger/Victory/frame-00019.png
 create mode 100644 reports/WC-U440/20260907T165200Z-closeout/engine-motion-all168/wc_u_dwarf_ranger/Victory/frame-00020.png
 create mode 100644 reports/WC-U440/20260907T165200Z-closeout/engine-motion-all168/wc_u_dwarf_ranger/Victory/frame-00021.png
 create mode 100644 reports/WC-U440/20260907T165200Z-closeout/engine-motion-all168/wc_u_dwarf_ranger/Victory/frame-00022.png
 create mode 100644 reports/WC-U440/20260907T165200Z-closeout/engine-motion-all168/wc_u_dwarf_ranger/Victory/frame-00023.png
 create mode 100644 reports/WC-U440/20260907T165200Z-closeout/engine-motion-all168/wc_u_dwarf_ranger/Victory/frame-00024.png
 create mode 100644 reports/WC-U440/20260907T165200Z-closeout/engine-motion-all168/wc_u_dwarf_ranger/Victory/frame-00025.png
 create mode 100644 reports/WC-U440/20260907T165200Z-closeout/engine-motion-all168/wc_u_dwarf_ranger/Victory/frame-00026.png
 create mode 100644 reports/WC-U440/20260907T165200Z-closeout/engine-motion-all168/wc_u_dwarf_ranger/Victory/frame-00027.png
 create mode 100644 reports/WC-U440/20260907T165200Z-closeout/engine-motion-all168/wc_u_dwarf_ranger/Victory/frame-00028.png
 create mode 100644 reports/WC-U440/20260907T165200Z-closeout/engine-motion-all168/wc_u_dwarf_ranger/Victory/frame-00029.png
 create mode 100644 reports/WC-U440/20260907T165200Z-closeout/engine-motion-all168/wc_u_dwarf_ranger/Victory/frame-00030.png
 create mode 100644 reports/WC-U440/20260907T165200Z-closeout/engine-motion-all168/wc_u_dwarf_ranger/Victory/frames.csv
 create mode 100644 reports/WC-U440/20260907T165200Z-closeout/engine-motion-all168/wc_u_dwarf_warrior/Active/frame-00000.png
 create mode 100644 reports/WC-U440/20260907T165200Z-closeout/engine-motion-all168/wc_u_dwarf_warrior/Active/frame-00001.png
 create mode 100644 reports/WC-U440/20260907T165200Z-closeout/engine-motion-all168/wc_u_dwarf_warrior/Active/frame-00002.png
 create mode 100644 reports/WC-U440/20260907T165200Z-closeout/engine-motion-all168/wc_u_dwarf_warrior/Active/frame-00003.png
 create mode 100644 reports/WC-U440/20260907T165200Z-closeout/engine-motion-all168/wc_u_dwarf_warrior/Active/frame-00004.png
 create mode 100644 reports/WC-U440/20260907T165200Z-closeout/engine-motion-all168/wc_u_dwarf_warrior/Active/frame-00005.png
 create mode 100644 reports/WC-U440/20260907T165200Z-closeout/engine-motion-all168/wc_u_dwarf_warrior/Active/frame-00006.png
 create mode 100644 reports/WC-U440/20260907T165200Z-closeout/engine-motion-all168/wc_u_dwarf_warrior/Active/frame-00007.png
 create mode 100644 reports/WC-U440/20260907T165200Z-closeout/engine-motion-all168/wc_u_dwarf_warrior/Active/frame-00008.png
 create mode 100644 reports/WC-U440/20260907T165200Z-closeout/engine-motion-all168/wc_u_dwarf_warrior/Active/frame-00009.png
 create mode 100644 reports/WC-U440/20260907T165200Z-closeout/engine-motion-all168/wc_u_dwarf_warrior/Active/frame-00010.png
 create mode 100644 reports/WC-U440/20260907T165200Z-closeout/engine-motion-all168/wc_u_dwarf_warrior/Active/frame-00011.png
 create mode 100644 reports/WC-U440/20260907T165200Z-closeout/engine-motion-all168/wc_u_dwarf_warrior/Active/frame-00012.png
 create mode 100644 reports/WC-U440/20260907T165200Z-closeout/engine-motion-all168/wc_u_dwarf_warrior/Active/frame-00013.png
 create mode 100644 reports/WC-U440/20260907T165200Z-closeout/engine-motion-all168/wc_u_dwarf_warrior/Active/frame-00014.png
 create mode 100644 reports/WC-U440/20260907T165200Z-closeout/engine-motion-all168/wc_u_dwarf_warrior/Active/frames.csv
 create mode 100644 reports/WC-U440/20260907T165200Z-closeout/engine-motion-all168/wc_u_dwarf_warrior/Attack/frame-00000.png
 create mode 100644 reports/WC-U440/20260907T165200Z-closeout/engine-motion-all168/wc_u_dwarf_warrior/Attack/frame-00001.png
 create mode 100644 reports/WC-U440/20260907T165200Z-closeout/engine-motion-all168/wc_u_dwarf_warrior/Attack/frame-00002.png
 create mode 100644 reports/WC-U440/20260907T165200Z-closeout/engine-motion-all168/wc_u_dwarf_warrior/Attack/frame-00003.png
 create mode 100644 reports/WC-U440/20260907T165200Z-closeout/engine-motion-all168/wc_u_dwarf_warrior/Attack/frame-00004.png
 create mode 100644 reports/WC-U440/20260907T165200Z-closeout/engine-motion-all168/wc_u_dwarf_warrior/Attack/frame-00005.png
 create mode 100644 reports/WC-U440/20260907T165200Z-closeout/engine-motion-all168/wc_u_dwarf_warrior/Attack/frame-00006.png
 create mode 100644 reports/WC-U440/20260907T165200Z-closeout/engine-motion-all168/wc_u_dwarf_warrior/Attack/frame-00007.png
 create mode 100644 reports/WC-U440/20260907T165200Z-closeout/engine-motion-all168/wc_u_dwarf_warrior/Attack/frame-00008.png
 create mode 100644 reports/WC-U440/20260907T165200Z-closeout/engine-motion-all168/wc_u_dwarf_warrior/Attack/frame-00009.png
 create mode 100644 reports/WC-U440/20260907T165200Z-closeout/engine-motion-all168/wc_u_dwarf_warrior/Attack/frame-00010.png
 create mode 100644 reports/WC-U440/20260907T165200Z-closeout/engine-motion-all168/wc_u_dwarf_warrior/Attack/frame-00011.png
 create mode 100644 reports/WC-U440/20260907T165200Z-closeout/engine-motion-all168/wc_u_dwarf_warrior/Attack/frame-00012.png
 create mode 100644 reports/WC-U440/20260907T165200Z-closeout/engine-motion-all168/wc_u_dwarf_warrior/Attack/frame-00013.png
 create mode 100644 reports/WC-U440/20260907T165200Z-closeout/engine-motion-all168/wc_u_dwarf_warrior/Attack/frame-00014.png
 create mode 100644 reports/WC-U440/20260907T165200Z-closeout/engine-motion-all168/wc_u_dwarf_warrior/Attack/frame-00015.png
 create mode 100644 reports/WC-U440/20260907T165200Z-closeout/engine-motion-all168/wc_u_dwarf_warrior/Attack/frames.csv
 create mode 100644 reports/WC-U440/20260907T165200Z-closeout/engine-motion-all168/wc_u_dwarf_warrior/Defeat/frame-00000.png
 create mode 100644 reports/WC-U440/20260907T165200Z-closeout/engine-motion-all168/wc_u_dwarf_warrior/Defeat/frame-00001.png
 create mode 100644 reports/WC-U440/20260907T165200Z-closeout/engine-motion-all168/wc_u_dwarf_warrior/Defeat/frame-00002.png
 create mode 100644 reports/WC-U440/20260907T165200Z-closeout/engine-motion-all168/wc_u_dwarf_warrior/Defeat/frame-00003.png
 create mode 100644 reports/WC-U440/20260907T165200Z-closeout/engine-motion-all168/wc_u_dwarf_warrior/Defeat/frame-00004.png
 create mode 100644 reports/WC-U440/20260907T165200Z-closeout/engine-motion-all168/wc_u_dwarf_warrior/Defeat/frame-00005.png
 create mode 100644 reports/WC-U440/20260907T165200Z-closeout/engine-motion-all168/wc_u_dwarf_warrior/Defeat/frame-00006.png
 create mode 100644 reports/WC-U440/20260907T165200Z-closeout/engine-motion-all168/wc_u_dwarf_warrior/Defeat/frame-00007.png
 create mode 100644 reports/WC-U440/20260907T165200Z-closeout/engine-motion-all168/wc_u_dwarf_warrior/Defeat/frame-00008.png
 create mode 100644 reports/WC-U440/20260907T165200Z-closeout/engine-motion-all168/wc_u_dwarf_warrior/Defeat/frame-00009.png
 create mode 100644 reports/WC-U440/20260907T165200Z-closeout/engine-motion-all168/wc_u_dwarf_warrior/Defeat/frame-00010.png
 create mode 100644 reports/WC-U440/20260907T165200Z-closeout/engine-motion-all168/wc_u_dwarf_warrior/Defeat/frame-00011.png
 create mode 100644 reports/WC-U440/20260907T165200Z-closeout/engine-motion-all168/wc_u_dwarf_warrior/Defeat/frame-00012.png
 create mode 100644 reports/WC-U440/20260907T165200Z-closeout/engine-motion-all168/wc_u_dwarf_warrior/Defeat/frame-00013.png
 create mode 100644 reports/WC-U440/20260907T165200Z-closeout/engine-motion-all168/wc_u_dwarf_warrior/Defeat/frame-00014.png
 create mode 100644 reports/WC-U440/20260907T165200Z-closeout/engine-motion-all168/wc_u_dwarf_warrior/Defeat/frame-00015.png
 create mode 100644 reports/WC-U440/20260907T165200Z-closeout/engine-motion-all168/wc_u_dwarf_warrior/Defeat/frame-00016.png
 create mode 100644 reports/WC-U440/20260907T165200Z-closeout/engine-motion-all168/wc_u_dwarf_warrior/Defeat/frame-00017.png
 create mode 100644 reports/WC-U440/20260907T165200Z-closeout/engine-motion-all168/wc_u_dwarf_warrior/Defeat/frame-00018.png
 create mode 100644 reports/WC-U440/20260907T165200Z-closeout/engine-motion-all168/wc_u_dwarf_warrior/Defeat/frame-00019.png
 create mode 100644 reports/WC-U440/20260907T165200Z-closeout/engine-motion-all168/wc_u_dwarf_warrior/Defeat/frame-00020.png
 create mode 100644 reports/WC-U440/20260907T165200Z-closeout/engine-motion-all168/wc_u_dwarf_warrior/Defeat/frames.csv
 create mode 100644 reports/WC-U440/20260907T165200Z-closeout/engine-motion-all168/wc_u_dwarf_warrior/Hit/frame-00000.png
 create mode 100644 reports/WC-U440/20260907T165200Z-closeout/engine-motion-all168/wc_u_dwarf_warrior/Hit/frame-00001.png
 create mode 100644 reports/WC-U440/20260907T165200Z-closeout/engine-motion-all168/wc_u_dwarf_warrior/Hit/frame-00002.png
 create mode 100644 reports/WC-U440/20260907T165200Z-closeout/engine-motion-all168/wc_u_dwarf_warrior/Hit/frame-00003.png
 create mode 100644 reports/WC-U440/20260907T165200Z-closeout/engine-motion-all168/wc_u_dwarf_warrior/Hit/frame-00004.png
 create mode 100644 reports/WC-U440/20260907T165200Z-closeout/engine-motion-all168/wc_u_dwarf_warrior/Hit/frame-00005.png
 create mode 100644 reports/WC-U440/20260907T165200Z-closeout/engine-motion-all168/wc_u_dwarf_warrior/Hit/frame-00006.png
 create mode 100644 reports/WC-U440/20260907T165200Z-closeout/engine-motion-all168/wc_u_dwarf_warrior/Hit/frame-00007.png
 create mode 100644 reports/WC-U440/20260907T165200Z-closeout/engine-motion-all168/wc_u_dwarf_warrior/Hit/frame-00008.png
 create mode 100644 reports/WC-U440/20260907T165200Z-closeout/engine-motion-all168/wc_u_dwarf_warrior/Hit/frames.csv
 create mode 100644 reports/WC-U440/20260907T165200Z-closeout/engine-motion-all168/wc_u_dwarf_warrior/Idle/frame-00000.png
 create mode 100644 reports/WC-U440/20260907T165200Z-closeout/engine-motion-all168/wc_u_dwarf_warrior/Idle/frame-00001.png
 create mode 100644 reports/WC-U440/20260907T165200Z-closeout/engine-motion-all168/wc_u_dwarf_warrior/Idle/frame-00002.png
 create mode 100644 reports/WC-U440/20260907T165200Z-closeout/engine-motion-all168/wc_u_dwarf_warrior/Idle/frame-00003.png
 create mode 100644 reports/WC-U440/20260907T165200Z-closeout/engine-motion-all168/wc_u_dwarf_warrior/Idle/frame-00004.png
 create mode 100644 reports/WC-U440/20260907T165200Z-closeout/engine-motion-all168/wc_u_dwarf_warrior/Idle/frame-00005.png
 create mode 100644 reports/WC-U440/20260907T165200Z-closeout/engine-motion-all168/wc_u_dwarf_warrior/Idle/frame-00006.png
 create mode 100644 reports/WC-U440/20260907T165200Z-closeout/engine-motion-all168/wc_u_dwarf_warrior/Idle/frame-00007.png
 create mode 100644 reports/WC-U440/20260907T165200Z-closeout/engine-motion-all168/wc_u_dwarf_warrior/Idle/frame-00008.png
 create mode 100644 reports/WC-U440/20260907T165200Z-closeout/engine-motion-all168/wc_u_dwarf_warrior/Idle/frame-00009.png
 create mode 100644 reports/WC-U440/20260907T165200Z-closeout/engine-motion-all168/wc_u_dwarf_warrior/Idle/frame-00010.png
 create mode 100644 reports/WC-U440/20260907T165200Z-closeout/engine-motion-all168/wc_u_dwarf_warrior/Idle/frame-00011.png
 create mode 100644 reports/WC-U440/20260907T165200Z-closeout/engine-motion-all168/wc_u_dwarf_warrior/Idle/frame-00012.png
 create mode 100644 reports/WC-U440/20260907T165200Z-closeout/engine-motion-all168/wc_u_dwarf_warrior/Idle/frame-00013.png
 create mode 100644 reports/WC-U440/20260907T165200Z-closeout/engine-motion-all168/wc_u_dwarf_warrior/Idle/frame-00014.png
 create mode 100644 reports/WC-U440/20260907T165200Z-closeout/engine-motion-all168/wc_u_dwarf_warrior/Idle/frame-00015.png
 create mode 100644 reports/WC-U440/20260907T165200Z-closeout/engine-motion-all168/wc_u_dwarf_warrior/Idle/frame-00016.png
 create mode 100644 reports/WC-U440/20260907T165200Z-closeout/engine-motion-all168/wc_u_dwarf_warrior/Idle/frame-00017.png
 create mode 100644 reports/WC-U440/20260907T165200Z-closeout/engine-motion-all168/wc_u_dwarf_warrior/Idle/frame-00018.png
 create mode 100644 reports/WC-U440/20260907T165200Z-closeout/engine-motion-all168/wc_u_dwarf_warrior/Idle/frame-00019.png
 create mode 100644 reports/WC-U440/20260907T165200Z-closeout/engine-motion-all168/wc_u_dwarf_warrior/Idle/frame-00020.png
 create mode 100644 reports/WC-U440/20260907T165200Z-closeout/engine-motion-all168/wc_u_dwarf_warrior/Idle/frame-00021.png
 create mode 100644 reports/WC-U440/20260907T165200Z-closeout/engine-motion-all168/wc_u_dwarf_warrior/Idle/frame-00022.png
 create mode 100644 reports/WC-U440/20260907T165200Z-closeout/engine-motion-all168/wc_u_dwarf_warrior/Idle/frame-00023.png
 create mode 100644 reports/WC-U440/20260907T165200Z-closeout/engine-motion-all168/wc_u_dwarf_warrior/Idle/frame-00024.png
 create mode 100644 reports/WC-U440/20260907T165200Z-closeout/engine-motion-all168/wc_u_dwarf_warrior/Idle/frame-00025.png
 create mode 100644 reports/WC-U440/20260907T165200Z-closeout/engine-motion-all168/wc_u_dwarf_warrior/Idle/frame-00026.png
 create mode 100644 reports/WC-U440/20260907T165200Z-closeout/engine-motion-all168/wc_u_dwarf_warrior/Idle/frame-00027.png
 create mode 100644 reports/WC-U440/20260907T165200Z-closeout/engine-motion-all168/wc_u_dwarf_warrior/Idle/frame-00028.png
 create mode 100644 reports/WC-U440/20260907T165200Z-closeout/engine-motion-all168/wc_u_dwarf_warrior/Idle/frame-00029.png
 create mode 100644 reports/WC-U440/20260907T165200Z-closeout/engine-motion-all168/wc_u_dwarf_warrior/Idle/frame-00030.png
 create mode 100644 reports/WC-U440/20260907T165200Z-closeout/engine-motion-all168/wc_u_dwarf_warrior/Idle/frame-00031.png
 create mode 100644 reports/WC-U440/20260907T165200Z-closeout/engine-motion-all168/wc_u_dwarf_warrior/Idle/frame-00032.png
 create mode 100644 reports/WC-U440/20260907T165200Z-closeout/engine-motion-all168/wc_u_dwarf_warrior/Idle/frame-00033.png
 create mode 100644 reports/WC-U440/20260907T165200Z-closeout/engine-motion-all168/wc_u_dwarf_warrior/Idle/frame-00034.png
 create mode 100644 reports/WC-U440/20260907T165200Z-closeout/engine-motion-all168/wc_u_dwarf_warrior/Idle/frame-00035.png
 create mode 100644 reports/WC-U440/20260907T165200Z-closeout/engine-motion-all168/wc_u_dwarf_warrior/Idle/frame-00036.png
 create mode 100644 reports/WC-U440/20260907T165200Z-closeout/engine-motion-all168/wc_u_dwarf_warrior/Idle/frame-00037.png
 create mode 100644 reports/WC-U440/20260907T165200Z-closeout/engine-motion-all168/wc_u_dwarf_warrior/Idle/frame-00038.png
 create mode 100644 reports/WC-U440/20260907T165200Z-closeout/engine-motion-all168/wc_u_dwarf_warrior/Idle/frame-00039.png
 create mode 100644 reports/WC-U440/20260907T165200Z-closeout/engine-motion-all168/wc_u_dwarf_warrior/Idle/frame-00040.png
 create mode 100644 reports/WC-U440/20260907T165200Z-closeout/engine-motion-all168/wc_u_dwarf_warrior/Idle/frames.csv
 create mode 100644 reports/WC-U440/20260907T165200Z-closeout/engine-motion-all168/wc_u_dwarf_warrior/Move/frame-00000.png
 create mode 100644 reports/WC-U440/20260907T165200Z-closeout/engine-motion-all168/wc_u_dwarf_warrior/Move/frame-00001.png
 create mode 100644 reports/WC-U440/20260907T165200Z-closeout/engine-motion-all168/wc_u_dwarf_warrior/Move/frame-00002.png
 create mode 100644 reports/WC-U440/20260907T165200Z-closeout/engine-motion-all168/wc_u_dwarf_warrior/Move/frame-00003.png
 create mode 100644 reports/WC-U440/20260907T165200Z-closeout/engine-motion-all168/wc_u_dwarf_warrior/Move/frame-00004.png
 create mode 100644 reports/WC-U440/20260907T165200Z-closeout/engine-motion-all168/wc_u_dwarf_warrior/Move/frame-00005.png
 create mode 100644 reports/WC-U440/20260907T165200Z-closeout/engine-motion-all168/wc_u_dwarf_warrior/Move/frame-00006.png
 create mode 100644 reports/WC-U440/20260907T165200Z-closeout/engine-motion-all168/wc_u_dwarf_warrior/Move/frame-00007.png
 create mode 100644 reports/WC-U440/20260907T165200Z-closeout/engine-motion-all168/wc_u_dwarf_warrior/Move/frame-00008.png
 create mode 100644 reports/WC-U440/20260907T165200Z-closeout/engine-motion-all168/wc_u_dwarf_warrior/Move/frame-00009.png
 create mode 100644 reports/WC-U440/20260907T165200Z-closeout/engine-motion-all168/wc_u_dwarf_warrior/Move/frame-00010.png
 create mode 100644 reports/WC-U440/20260907T165200Z-closeout/engine-motion-all168/wc_u_dwarf_warrior/Move/frame-00011.png
 create mode 100644 reports/WC-U440/20260907T165200Z-closeout/engine-motion-all168/wc_u_dwarf_warrior/Move/frame-00012.png
 create mode 100644 reports/WC-U440/20260907T165200Z-closeout/engine-motion-all168/wc_u_dwarf_warrior/Move/frame-00013.png
 create mode 100644 reports/WC-U440/20260907T165200Z-closeout/engine-motion-all168/wc_u_dwarf_warrior/Move/frame-00014.png
 create mode 100644 reports/WC-U440/20260907T165200Z-closeout/engine-motion-all168/wc_u_dwarf_warrior/Move/frame-00015.png
 create mode 100644 reports/WC-U440/20260907T165200Z-closeout/engine-motion-all168/wc_u_dwarf_warrior/Move/frame-00016.png
 create mode 100644 reports/WC-U440/20260907T165200Z-closeout/engine-motion-all168/wc_u_dwarf_warrior/Move/frame-00017.png
 create mode 100644 reports/WC-U440/20260907T165200Z-closeout/engine-motion-all168/wc_u_dwarf_warrior/Move/frame-00018.png
 create mode 100644 reports/WC-U440/20260907T165200Z-closeout/engine-motion-all168/wc_u_dwarf_warrior/Move/frame-00019.png
 create mode 100644 reports/WC-U440/20260907T165200Z-closeout/engine-motion-all168/wc_u_dwarf_warrior/Move/frame-00020.png
 create mode 100644 reports/WC-U440/20260907T165200Z-closeout/engine-motion-all168/wc_u_dwarf_warrior/Move/frames.csv
 create mode 100644 reports/WC-U440/20260907T165200Z-closeout/engine-motion-all168/wc_u_dwarf_warrior/Victory/frame-00000.png
 create mode 100644 reports/WC-U440/20260907T165200Z-closeout/engine-motion-all168/wc_u_dwarf_warrior/Victory/frame-00001.png
 create mode 100644 reports/WC-U440/20260907T165200Z-closeout/engine-motion-all168/wc_u_dwarf_warrior/Victory/frame-00002.png
 create mode 100644 reports/WC-U440/20260907T165200Z-closeout/engine-motion-all168/wc_u_dwarf_warrior/Victory/frame-00003.png
 create mode 100644 reports/WC-U440/20260907T165200Z-closeout/engine-motion-all168/wc_u_dwarf_warrior/Victory/frame-00004.png
 create mode 100644 reports/WC-U440/20260907T165200Z-closeout/engine-motion-all168/wc_u_dwarf_warrior/Victory/frame-00005.png
 create mode 100644 reports/WC-U440/20260907T165200Z-closeout/engine-motion-all168/wc_u_dwarf_warrior/Victory/frame-00006.png
 create mode 100644 reports/WC-U440/20260907T165200Z-closeout/engine-motion-all168/wc_u_dwarf_warrior/Victory/frame-00007.png
 create mode 100644 reports/WC-U440/20260907T165200Z-closeout/engine-motion-all168/wc_u_dwarf_warrior/Victory/frame-00008.png
 create mode 100644 reports/WC-U440/20260907T165200Z-closeout/engine-motion-all168/wc_u_dwarf_warrior/Victory/frame-00009.png
 create mode 100644 reports/WC-U440/20260907T165200Z-closeout/engine-motion-all168/wc_u_dwarf_warrior/Victory/frame-00010.png
 create mode 100644 reports/WC-U440/20260907T165200Z-closeout/engine-motion-all168/wc_u_dwarf_warrior/Victory/frame-00011.png
 create mode 100644 reports/WC-U440/20260907T165200Z-closeout/engine-motion-all168/wc_u_dwarf_warrior/Victory/frame-00012.png
 create mode 100644 reports/WC-U440/20260907T165200Z-closeout/engine-motion-all168/wc_u_dwarf_warrior/Victory/frame-00013.png
 create mode 100644 reports/WC-U440/20260907T165200Z-closeout/engine-motion-all168/wc_u_dwarf_warrior/Victory/frame-00014.png
 create mode 100644 reports/WC-U440/20260907T165200Z-closeout/engine-motion-all168/wc_u_dwarf_warrior/Victory/frame-00015.png
 create mode 100644 reports/WC-U440/20260907T165200Z-closeout/engine-motion-all168/wc_u_dwarf_warrior/Victory/frame-00016.png
 create mode 100644 reports/WC-U440/20260907T165200Z-closeout/engine-motion-all168/wc_u_dwarf_warrior/Victory/frame-00017.png
 create mode 100644 reports/WC-U440/20260907T165200Z-closeout/engine-motion-all168/wc_u_dwarf_warrior/Victory/frame-00018.png
 create mode 100644 reports/WC-U440/20260907T165200Z-closeout/engine-motion-all168/wc_u_dwarf_warrior/Victory/frame-00019.png
 create mode 100644 reports/WC-U440/20260907T165200Z-closeout/engine-motion-all168/wc_u_dwarf_warrior/Victory/frame-00020.png
 create mode 100644 reports/WC-U440/20260907T165200Z-closeout/engine-motion-all168/wc_u_dwarf_warrior/Victory/frame-00021.png
 create mode 100644 reports/WC-U440/20260907T165200Z-closeout/engine-motion-all168/wc_u_dwarf_warrior/Victory/frame-00022.png
 create mode 100644 reports/WC-U440/20260907T165200Z-closeout/engine-motion-all168/wc_u_dwarf_warrior/Victory/frame-00023.png
 create mode 100644 reports/WC-U440/20260907T165200Z-closeout/engine-motion-all168/wc_u_dwarf_warrior/Victory/frame-00024.png
 create mode 100644 reports/WC-U440/20260907T165200Z-closeout/engine-motion-all168/wc_u_dwarf_warrior/Victory/frame-00025.png
 create mode 100644 reports/WC-U440/20260907T165200Z-closeout/engine-motion-all168/wc_u_dwarf_warrior/Victory/frame-00026.png
 create mode 100644 reports/WC-U440/20260907T165200Z-closeout/engine-motion-all168/wc_u_dwarf_warrior/Victory/frame-00027.png
 create mode 100644 reports/WC-U440/20260907T165200Z-closeout/engine-motion-all168/wc_u_dwarf_warrior/Victory/frame-00028.png
 create mode 100644 reports/WC-U440/20260907T165200Z-closeout/engine-motion-all168/wc_u_dwarf_warrior/Victory/frame-00029.png
 create mode 100644 reports/WC-U440/20260907T165200Z-closeout/engine-motion-all168/wc_u_dwarf_warrior/Victory/frame-00030.png
 create mode 100644 reports/WC-U440/20260907T165200Z-closeout/engine-motion-all168/wc_u_dwarf_warrior/Victory/frames.csv
 create mode 100644 reports/WC-U440/20260907T165200Z-closeout/engine-motion-all168/wc_u_elf_mage/Active/frame-00000.png
 create mode 100644 reports/WC-U440/20260907T165200Z-closeout/engine-motion-all168/wc_u_elf_mage/Active/frame-00001.png
 create mode 100644 reports/WC-U440/20260907T165200Z-closeout/engine-motion-all168/wc_u_elf_mage/Active/frame-00002.png
 create mode 100644 reports/WC-U440/20260907T165200Z-closeout/engine-motion-all168/wc_u_elf_mage/Active/frame-00003.png
 create mode 100644 reports/WC-U440/20260907T165200Z-closeout/engine-motion-all168/wc_u_elf_mage/Active/frame-00004.png
 create mode 100644 reports/WC-U440/20260907T165200Z-closeout/engine-motion-all168/wc_u_elf_mage/Active/frame-00005.png
 create mode 100644 reports/WC-U440/20260907T165200Z-closeout/engine-motion-all168/wc_u_elf_mage/Active/frame-00006.png
 create mode 100644 reports/WC-U440/20260907T165200Z-closeout/engine-motion-all168/wc_u_elf_mage/Active/frame-00007.png
 create mode 100644 reports/WC-U440/20260907T165200Z-closeout/engine-motion-all168/wc_u_elf_mage/Active/frame-00008.png
 create mode 100644 reports/WC-U440/20260907T165200Z-closeout/engine-motion-all168/wc_u_elf_mage/Active/frame-00009.png
 create mode 100644 reports/WC-U440/20260907T165200Z-closeout/engine-motion-all168/wc_u_elf_mage/Active/frame-00010.png
 create mode 100644 reports/WC-U440/20260907T165200Z-closeout/engine-motion-all168/wc_u_elf_mage/Active/frame-00011.png
 create mode 100644 reports/WC-U440/20260907T165200Z-closeout/engine-motion-all168/wc_u_elf_mage/Active/frame-00012.png
 create mode 100644 reports/WC-U440/20260907T165200Z-closeout/engine-motion-all168/wc_u_elf_mage/Active/frame-00013.png
 create mode 100644 reports/WC-U440/20260907T165200Z-closeout/engine-motion-all168/wc_u_elf_mage/Active/frame-00014.png
 create mode 100644 reports/WC-U440/20260907T165200Z-closeout/engine-motion-all168/wc_u_elf_mage/Active/frames.csv
 create mode 100644 reports/WC-U440/20260907T165200Z-closeout/engine-motion-all168/wc_u_elf_mage/Attack/frame-00000.png
 create mode 100644 reports/WC-U440/20260907T165200Z-closeout/engine-motion-all168/wc_u_elf_mage/Attack/frame-00001.png
 create mode 100644 reports/WC-U440/20260907T165200Z-closeout/engine-motion-all168/wc_u_elf_mage/Attack/frame-00002.png
 create mode 100644 reports/WC-U440/20260907T165200Z-closeout/engine-motion-all168/wc_u_elf_mage/Attack/frame-00003.png
 create mode 100644 reports/WC-U440/20260907T165200Z-closeout/engine-motion-all168/wc_u_elf_mage/Attack/frame-00004.png
 create mode 100644 reports/WC-U440/20260907T165200Z-closeout/engine-motion-all168/wc_u_elf_mage/Attack/frame-00005.png
 create mode 100644 reports/WC-U440/20260907T165200Z-closeout/engine-motion-all168/wc_u_elf_mage/Attack/frame-00006.png
 create mode 100644 reports/WC-U440/20260907T165200Z-closeout/engine-motion-all168/wc_u_elf_mage/Attack/frame-00007.png
 create mode 100644 reports/WC-U440/20260907T165200Z-closeout/engine-motion-all168/wc_u_elf_mage/Attack/frame-00008.png
 create mode 100644 reports/WC-U440/20260907T165200Z-closeout/engine-motion-all168/wc_u_elf_mage/Attack/frame-00009.png
 create mode 100644 reports/WC-U440/20260907T165200Z-closeout/engine-motion-all168/wc_u_elf_mage/Attack/frame-00010.png
 create mode 100644 reports/WC-U440/20260907T165200Z-closeout/engine-motion-all168/wc_u_elf_mage/Attack/frame-00011.png
 create mode 100644 reports/WC-U440/20260907T165200Z-closeout/engine-motion-all168/wc_u_elf_mage/Attack/frame-00012.png
 create mode 100644 reports/WC-U440/20260907T165200Z-closeout/engine-motion-all168/wc_u_elf_mage/Attack/frame-00013.png
 create mode 100644 reports/WC-U440/20260907T165200Z-closeout/engine-motion-all168/wc_u_elf_mage/Attack/frame-00014.png
 create mode 100644 reports/WC-U440/20260907T165200Z-closeout/engine-motion-all168/wc_u_elf_mage/Attack/frames.csv
 create mode 100644 reports/WC-U440/20260907T165200Z-closeout/engine-motion-all168/wc_u_elf_mage/Defeat/frame-00000.png
 create mode 100644 reports/WC-U440/20260907T165200Z-closeout/engine-motion-all168/wc_u_elf_mage/Defeat/frame-00001.png
 create mode 100644 reports/WC-U440/20260907T165200Z-closeout/engine-motion-all168/wc_u_elf_mage/Defeat/frame-00002.png
 create mode 100644 reports/WC-U440/20260907T165200Z-closeout/engine-motion-all168/wc_u_elf_mage/Defeat/frame-00003.png
 create mode 100644 reports/WC-U440/20260907T165200Z-closeout/engine-motion-all168/wc_u_elf_mage/Defeat/frame-00004.png
 create mode 100644 reports/WC-U440/20260907T165200Z-closeout/engine-motion-all168/wc_u_elf_mage/Defeat/frame-00005.png
 create mode 100644 reports/WC-U440/20260907T165200Z-closeout/engine-motion-all168/wc_u_elf_mage/Defeat/frame-00006.png
 create mode 100644 reports/WC-U440/20260907T165200Z-closeout/engine-motion-all168/wc_u_elf_mage/Defeat/frame-00007.png
 create mode 100644 reports/WC-U440/20260907T165200Z-closeout/engine-motion-all168/wc_u_elf_mage/Defeat/frame-00008.png
 create mode 100644 reports/WC-U440/20260907T165200Z-closeout/engine-motion-all168/wc_u_elf_mage/Defeat/frame-00009.png
 create mode 100644 reports/WC-U440/20260907T165200Z-closeout/engine-motion-all168/wc_u_elf_mage/Defeat/frame-00010.png
 create mode 100644 reports/WC-U440/20260907T165200Z-closeout/engine-motion-all168/wc_u_elf_mage/Defeat/frame-00011.png
 create mode 100644 reports/WC-U440/20260907T165200Z-closeout/engine-motion-all168/wc_u_elf_mage/Defeat/frame-00012.png
 create mode 100644 reports/WC-U440/20260907T165200Z-closeout/engine-motion-all168/wc_u_elf_mage/Defeat/frame-00013.png
 create mode 100644 reports/WC-U440/20260907T165200Z-closeout/engine-motion-all168/wc_u_elf_mage/Defeat/frame-00014.png
 create mode 100644 reports/WC-U440/20260907T165200Z-closeout/engine-motion-all168/wc_u_elf_mage/Defeat/frame-00015.png
 create mode 100644 reports/WC-U440/20260907T165200Z-closeout/engine-motion-all168/wc_u_elf_mage/Defeat/frame-00016.png
 create mode 100644 reports/WC-U440/20260907T165200Z-closeout/engine-motion-all168/wc_u_elf_mage/Defeat/frame-00017.png
 create mode 100644 reports/WC-U440/20260907T165200Z-closeout/engine-motion-all168/wc_u_elf_mage/Defeat/frame-00018.png
 create mode 100644 reports/WC-U440/20260907T165200Z-closeout/engine-motion-all168/wc_u_elf_mage/Defeat/frame-00019.png
 create mode 100644 reports/WC-U440/20260907T165200Z-closeout/engine-motion-all168/wc_u_elf_mage/Defeat/frame-00020.png
 create mode 100644 reports/WC-U440/20260907T165200Z-closeout/engine-motion-all168/wc_u_elf_mage/Defeat/frames.csv
 create mode 100644 reports/WC-U440/20260907T165200Z-closeout/engine-motion-all168/wc_u_elf_mage/Hit/frame-00000.png
 create mode 100644 reports/WC-U440/20260907T165200Z-closeout/engine-motion-all168/wc_u_elf_mage/Hit/frame-00001.png
 create mode 100644 reports/WC-U440/20260907T165200Z-closeout/engine-motion-all168/wc_u_elf_mage/Hit/frame-00002.png
 create mode 100644 reports/WC-U440/20260907T165200Z-closeout/engine-motion-all168/wc_u_elf_mage/Hit/frame-00003.png
 create mode 100644 reports/WC-U440/20260907T165200Z-closeout/engine-motion-all168/wc_u_elf_mage/Hit/frame-00004.png
 create mode 100644 reports/WC-U440/20260907T165200Z-closeout/engine-motion-all168/wc_u_elf_mage/Hit/frame-00005.png
 create mode 100644 reports/WC-U440/20260907T165200Z-closeout/engine-motion-all168/wc_u_elf_mage/Hit/frame-00006.png
 create mode 100644 reports/WC-U440/20260907T165200Z-closeout/engine-motion-all168/wc_u_elf_mage/Hit/frame-00007.png
 create mode 100644 reports/WC-U440/20260907T165200Z-closeout/engine-motion-all168/wc_u_elf_mage/Hit/frame-00008.png
 create mode 100644 reports/WC-U440/20260907T165200Z-closeout/engine-motion-all168/wc_u_elf_mage/Hit/frames.csv
 create mode 100644 reports/WC-U440/20260907T165200Z-closeout/engine-motion-all168/wc_u_elf_mage/Idle/frame-00000.png
 create mode 100644 reports/WC-U440/20260907T165200Z-closeout/engine-motion-all168/wc_u_elf_mage/Idle/frame-00001.png
 create mode 100644 reports/WC-U440/20260907T165200Z-closeout/engine-motion-all168/wc_u_elf_mage/Idle/frame-00002.png
 create mode 100644 reports/WC-U440/20260907T165200Z-closeout/engine-motion-all168/wc_u_elf_mage/Idle/frame-00003.png
 create mode 100644 reports/WC-U440/20260907T165200Z-closeout/engine-motion-all168/wc_u_elf_mage/Idle/frame-00004.png
 create mode 100644 reports/WC-U440/20260907T165200Z-closeout/engine-motion-all168/wc_u_elf_mage/Idle/frame-00005.png
 create mode 100644 reports/WC-U440/20260907T165200Z-closeout/engine-motion-all168/wc_u_elf_mage/Idle/frame-00006.png
 create mode 100644 reports/WC-U440/20260907T165200Z-closeout/engine-motion-all168/wc_u_elf_mage/Idle/frame-00007.png
 create mode 100644 reports/WC-U440/20260907T165200Z-closeout/engine-motion-all168/wc_u_elf_mage/Idle/frame-00008.png
 create mode 100644 reports/WC-U440/20260907T165200Z-closeout/engine-motion-all168/wc_u_elf_mage/Idle/frame-00009.png
 create mode 100644 reports/WC-U440/20260907T165200Z-closeout/engine-motion-all168/wc_u_elf_mage/Idle/frame-00010.png
 create mode 100644 reports/WC-U440/20260907T165200Z-closeout/engine-motion-all168/wc_u_elf_mage/Idle/frame-00011.png
 create mode 100644 reports/WC-U440/20260907T165200Z-closeout/engine-motion-all168/wc_u_elf_mage/Idle/frame-00012.png
 create mode 100644 reports/WC-U440/20260907T165200Z-closeout/engine-motion-all168/wc_u_elf_mage/Idle/frame-00013.png
 create mode 100644 reports/WC-U440/20260907T165200Z-closeout/engine-motion-all168/wc_u_elf_mage/Idle/frame-00014.png
 create mode 100644 reports/WC-U440/20260907T165200Z-closeout/engine-motion-all168/wc_u_elf_mage/Idle/frame-00015.png
 create mode 100644 reports/WC-U440/20260907T165200Z-closeout/engine-motion-all168/wc_u_elf_mage/Idle/frame-00016.png
 create mode 100644 reports/WC-U440/20260907T165200Z-closeout/engine-motion-all168/wc_u_elf_mage/Idle/frame-00017.png
 create mode 100644 reports/WC-U440/20260907T165200Z-closeout/engine-motion-all168/wc_u_elf_mage/Idle/frame-00018.png
 create mode 100644 reports/WC-U440/20260907T165200Z-closeout/engine-motion-all168/wc_u_elf_mage/Idle/frame-00019.png
 create mode 100644 reports/WC-U440/20260907T165200Z-closeout/engine-motion-all168/wc_u_elf_mage/Idle/frame-00020.png
 create mode 100644 reports/WC-U440/20260907T165200Z-closeout/engine-motion-all168/wc_u_elf_mage/Idle/frame-00021.png
 create mode 100644 reports/WC-U440/20260907T165200Z-closeout/engine-motion-all168/wc_u_elf_mage/Idle/frame-00022.png
 create mode 100644 reports/WC-U440/20260907T165200Z-closeout/engine-motion-all168/wc_u_elf_mage/Idle/frame-00023.png
 create mode 100644 reports/WC-U440/20260907T165200Z-closeout/engine-motion-all168/wc_u_elf_mage/Idle/frame-00024.png
 create mode 100644 reports/WC-U440/20260907T165200Z-closeout/engine-motion-all168/wc_u_elf_mage/Idle/frame-00025.png
 create mode 100644 reports/WC-U440/20260907T165200Z-closeout/engine-motion-all168/wc_u_elf_mage/Idle/frame-00026.png
 create mode 100644 reports/WC-U440/20260907T165200Z-closeout/engine-motion-all168/wc_u_elf_mage/Idle/frame-00027.png
 create mode 100644 reports/WC-U440/20260907T165200Z-closeout/engine-motion-all168/wc_u_elf_mage/Idle/frame-00028.png
 create mode 100644 reports/WC-U440/20260907T165200Z-closeout/engine-motion-all168/wc_u_elf_mage/Idle/frame-00029.png
 create mode 100644 reports/WC-U440/20260907T165200Z-closeout/engine-motion-all168/wc_u_elf_mage/Idle/frame-00030.png
 create mode 100644 reports/WC-U440/20260907T165200Z-closeout/engine-motion-all168/wc_u_elf_mage/Idle/frame-00031.png
 create mode 100644 reports/WC-U440/20260907T165200Z-closeout/engine-motion-all168/wc_u_elf_mage/Idle/frame-00032.png
 create mode 100644 reports/WC-U440/20260907T165200Z-closeout/engine-motion-all168/wc_u_elf_mage/Idle/frame-00033.png
 create mode 100644 reports/WC-U440/20260907T165200Z-closeout/engine-motion-all168/wc_u_elf_mage/Idle/frame-00034.png
 create mode 100644 reports/WC-U440/20260907T165200Z-closeout/engine-motion-all168/wc_u_elf_mage/Idle/frame-00035.png
 create mode 100644 reports/WC-U440/20260907T165200Z-closeout/engine-motion-all168/wc_u_elf_mage/Idle/frame-00036.png
 create mode 100644 reports/WC-U440/20260907T165200Z-closeout/engine-motion-all168/wc_u_elf_mage/Idle/frame-00037.png
 create mode 100644 reports/WC-U440/20260907T165200Z-closeout/engine-motion-all168/wc_u_elf_mage/Idle/frame-00038.png
 create mode 100644 reports/WC-U440/20260907T165200Z-closeout/engine-motion-all168/wc_u_elf_mage/Idle/frame-00039.png
 create mode 100644 reports/WC-U440/20260907T165200Z-closeout/engine-motion-all168/wc_u_elf_mage/Idle/frame-00040.png
 create mode 100644 reports/WC-U440/20260907T165200Z-closeout/engine-motion-all168/wc_u_elf_mage/Idle/frames.csv
 create mode 100644 reports/WC-U440/20260907T165200Z-closeout/engine-motion-all168/wc_u_elf_mage/Move/frame-00000.png
 create mode 100644 reports/WC-U440/20260907T165200Z-closeout/engine-motion-all168/wc_u_elf_mage/Move/frame-00001.png
 create mode 100644 reports/WC-U440/20260907T165200Z-closeout/engine-motion-all168/wc_u_elf_mage/Move/frame-00002.png
 create mode 100644 reports/WC-U440/20260907T165200Z-closeout/engine-motion-all168/wc_u_elf_mage/Move/frame-00003.png
 create mode 100644 reports/WC-U440/20260907T165200Z-closeout/engine-motion-all168/wc_u_elf_mage/Move/frame-00004.png
 create mode 100644 reports/WC-U440/20260907T165200Z-closeout/engine-motion-all168/wc_u_elf_mage/Move/frame-00005.png
 create mode 100644 reports/WC-U440/20260907T165200Z-closeout/engine-motion-all168/wc_u_elf_mage/Move/frame-00006.png
 create mode 100644 reports/WC-U440/20260907T165200Z-closeout/engine-motion-all168/wc_u_elf_mage/Move/frame-00007.png
 create mode 100644 reports/WC-U440/20260907T165200Z-closeout/engine-motion-all168/wc_u_elf_mage/Move/frame-00008.png
 create mode 100644 reports/WC-U440/20260907T165200Z-closeout/engine-motion-all168/wc_u_elf_mage/Move/frame-00009.png
 create mode 100644 reports/WC-U440/20260907T165200Z-closeout/engine-motion-all168/wc_u_elf_mage/Move/frame-00010.png
 create mode 100644 reports/WC-U440/20260907T165200Z-closeout/engine-motion-all168/wc_u_elf_mage/Move/frame-00011.png
 create mode 100644 reports/WC-U440/20260907T165200Z-closeout/engine-motion-all168/wc_u_elf_mage/Move/frame-00012.png
 create mode 100644 reports/WC-U440/20260907T165200Z-closeout/engine-motion-all168/wc_u_elf_mage/Move/frame-00013.png
 create mode 100644 reports/WC-U440/20260907T165200Z-closeout/engine-motion-all168/wc_u_elf_mage/Move/frame-00014.png
 create mode 100644 reports/WC-U440/20260907T165200Z-closeout/engine-motion-all168/wc_u_elf_mage/Move/frame-00015.png
 create mode 100644 reports/WC-U440/20260907T165200Z-closeout/engine-motion-all168/wc_u_elf_mage/Move/frame-00016.png
 create mode 100644 reports/WC-U440/20260907T165200Z-closeout/engine-motion-all168/wc_u_elf_mage/Move/frame-00017.png
 create mode 100644 reports/WC-U440/20260907T165200Z-closeout/engine-motion-all168/wc_u_elf_mage/Move/frame-00018.png
 create mode 100644 reports/WC-U440/20260907T165200Z-closeout/engine-motion-all168/wc_u_elf_mage/Move/frame-00019.png
 create mode 100644 reports/WC-U440/20260907T165200Z-closeout/engine-motion-all168/wc_u_elf_mage/Move/frame-00020.png
 create mode 100644 reports/WC-U440/20260907T165200Z-closeout/engine-motion-all168/wc_u_elf_mage/Move/frames.csv
 create mode 100644 reports/WC-U440/20260907T165200Z-closeout/engine-motion-all168/wc_u_elf_mage/Victory/frame-00000.png
 create mode 100644 reports/WC-U440/20260907T165200Z-closeout/engine-motion-all168/wc_u_elf_mage/Victory/frame-00001.png
 create mode 100644 reports/WC-U440/20260907T165200Z-closeout/engine-motion-all168/wc_u_elf_mage/Victory/frame-00002.png
 create mode 100644 reports/WC-U440/20260907T165200Z-closeout/engine-motion-all168/wc_u_elf_mage/Victory/frame-00003.png
 create mode 100644 reports/WC-U440/20260907T165200Z-closeout/engine-motion-all168/wc_u_elf_mage/Victory/frame-00004.png
 create mode 100644 reports/WC-U440/20260907T165200Z-closeout/engine-motion-all168/wc_u_elf_mage/Victory/frame-00005.png
 create mode 100644 reports/WC-U440/20260907T165200Z-closeout/engine-motion-all168/wc_u_elf_mage/Victory/frame-00006.png
 create mode 100644 reports/WC-U440/20260907T165200Z-closeout/engine-motion-all168/wc_u_elf_mage/Victory/frame-00007.png
 create mode 100644 reports/WC-U440/20260907T165200Z-closeout/engine-motion-all168/wc_u_elf_mage/Victory/frame-00008.png
 create mode 100644 reports/WC-U440/20260907T165200Z-closeout/engine-motion-all168/wc_u_elf_mage/Victory/frame-00009.png
 create mode 100644 reports/WC-U440/20260907T165200Z-closeout/engine-motion-all168/wc_u_elf_mage/Victory/frame-00010.png
 create mode 100644 reports/WC-U440/20260907T165200Z-closeout/engine-motion-all168/wc_u_elf_mage/Victory/frame-00011.png
 create mode 100644 reports/WC-U440/20260907T165200Z-closeout/engine-motion-all168/wc_u_elf_mage/Victory/frame-00012.png
 create mode 100644 reports/WC-U440/20260907T165200Z-closeout/engine-motion-all168/wc_u_elf_mage/Victory/frame-00013.png
 create mode 100644 reports/WC-U440/20260907T165200Z-closeout/engine-motion-all168/wc_u_elf_mage/Victory/frame-00014.png
 create mode 100644 reports/WC-U440/20260907T165200Z-closeout/engine-motion-all168/wc_u_elf_mage/Victory/frame-00015.png
 create mode 100644 reports/WC-U440/20260907T165200Z-closeout/engine-motion-all168/wc_u_elf_mage/Victory/frame-00016.png
 create mode 100644 reports/WC-U440/20260907T165200Z-closeout/engine-motion-all168/wc_u_elf_mage/Victory/frame-00017.png
 create mode 100644 reports/WC-U440/20260907T165200Z-closeout/engine-motion-all168/wc_u_elf_mage/Victory/frame-00018.png
 create mode 100644 reports/WC-U440/20260907T165200Z-closeout/engine-motion-all168/wc_u_elf_mage/Victory/frame-00019.png
 create mode 100644 reports/WC-U440/20260907T165200Z-closeout/engine-motion-all168/wc_u_elf_mage/Victory/frame-00020.png
 create mode 100644 reports/WC-U440/20260907T165200Z-closeout/engine-motion-all168/wc_u_elf_mage/Victory/frame-00021.png
 create mode 100644 reports/WC-U440/20260907T165200Z-closeout/engine-motion-all168/wc_u_elf_mage/Victory/frame-00022.png
 create mode 100644 reports/WC-U440/20260907T165200Z-closeout/engine-motion-all168/wc_u_elf_mage/Victory/frame-00023.png
 create mode 100644 reports/WC-U440/20260907T165200Z-closeout/engine-motion-all168/wc_u_elf_mage/Victory/frame-00024.png
 create mode 100644 reports/WC-U440/20260907T165200Z-closeout/engine-motion-all168/wc_u_elf_mage/Victory/frame-00025.png
 create mode 100644 reports/WC-U440/20260907T165200Z-closeout/engine-motion-all168/wc_u_elf_mage/Victory/frame-00026.png
 create mode 100644 reports/WC-U440/20260907T165200Z-closeout/engine-motion-all168/wc_u_elf_mage/Victory/frame-00027.png
 create mode 100644 reports/WC-U440/20260907T165200Z-closeout/engine-motion-all168/wc_u_elf_mage/Victory/frame-00028.png
 create mode 100644 reports/WC-U440/20260907T165200Z-closeout/engine-motion-all168/wc_u_elf_mage/Victory/frame-00029.png
 create mode 100644 reports/WC-U440/20260907T165200Z-closeout/engine-motion-all168/wc_u_elf_mage/Victory/frame-00030.png
 create mode 100644 reports/WC-U440/20260907T165200Z-closeout/engine-motion-all168/wc_u_elf_mage/Victory/frames.csv
 create mode 100644 reports/WC-U440/20260907T165200Z-closeout/engine-motion-all168/wc_u_elf_priest/Active/frame-00000.png
 create mode 100644 reports/WC-U440/20260907T165200Z-closeout/engine-motion-all168/wc_u_elf_priest/Active/frame-00001.png
 create mode 100644 reports/WC-U440/20260907T165200Z-closeout/engine-motion-all168/wc_u_elf_priest/Active/frame-00002.png
 create mode 100644 reports/WC-U440/20260907T165200Z-closeout/engine-motion-all168/wc_u_elf_priest/Active/frame-00003.png
 create mode 100644 reports/WC-U440/20260907T165200Z-closeout/engine-motion-all168/wc_u_elf_priest/Active/frame-00004.png
 create mode 100644 reports/WC-U440/20260907T165200Z-closeout/engine-motion-all168/wc_u_elf_priest/Active/frame-00005.png
 create mode 100644 reports/WC-U440/20260907T165200Z-closeout/engine-motion-all168/wc_u_elf_priest/Active/frame-00006.png
 create mode 100644 reports/WC-U440/20260907T165200Z-closeout/engine-motion-all168/wc_u_elf_priest/Active/frame-00007.png
 create mode 100644 reports/WC-U440/20260907T165200Z-closeout/engine-motion-all168/wc_u_elf_priest/Active/frame-00008.png
 create mode 100644 reports/WC-U440/20260907T165200Z-closeout/engine-motion-all168/wc_u_elf_priest/Active/frame-00009.png
 create mode 100644 reports/WC-U440/20260907T165200Z-closeout/engine-motion-all168/wc_u_elf_priest/Active/frame-00010.png
 create mode 100644 reports/WC-U440/20260907T165200Z-closeout/engine-motion-all168/wc_u_elf_priest/Active/frame-00011.png
 create mode 100644 reports/WC-U440/20260907T165200Z-closeout/engine-motion-all168/wc_u_elf_priest/Active/frame-00012.png
 create mode 100644 reports/WC-U440/20260907T165200Z-closeout/engine-motion-all168/wc_u_elf_priest/Active/frame-00013.png
 create mode 100644 reports/WC-U440/20260907T165200Z-closeout/engine-motion-all168/wc_u_elf_priest/Active/frames.csv
 create mode 100644 reports/WC-U440/20260907T165200Z-closeout/engine-motion-all168/wc_u_elf_priest/Attack/frame-00000.png
 create mode 100644 reports/WC-U440/20260907T165200Z-closeout/engine-motion-all168/wc_u_elf_priest/Attack/frame-00001.png
 create mode 100644 reports/WC-U440/20260907T165200Z-closeout/engine-motion-all168/wc_u_elf_priest/Attack/frame-00002.png
 create mode 100644 reports/WC-U440/20260907T165200Z-closeout/engine-motion-all168/wc_u_elf_priest/Attack/frame-00003.png
 create mode 100644 reports/WC-U440/20260907T165200Z-closeout/engine-motion-all168/wc_u_elf_priest/Attack/frame-00004.png
 create mode 100644 reports/WC-U440/20260907T165200Z-closeout/engine-motion-all168/wc_u_elf_priest/Attack/frame-00005.png
 create mode 100644 reports/WC-U440/20260907T165200Z-closeout/engine-motion-all168/wc_u_elf_priest/Attack/frame-00006.png
 create mode 100644 reports/WC-U440/20260907T165200Z-closeout/engine-motion-all168/wc_u_elf_priest/Attack/frame-00007.png
 create mode 100644 reports/WC-U440/20260907T165200Z-closeout/engine-motion-all168/wc_u_elf_priest/Attack/frame-00008.png
 create mode 100644 reports/WC-U440/20260907T165200Z-closeout/engine-motion-all168/wc_u_elf_priest/Attack/frame-00009.png
 create mode 100644 reports/WC-U440/20260907T165200Z-closeout/engine-motion-all168/wc_u_elf_priest/Attack/frame-00010.png
 create mode 100644 reports/WC-U440/20260907T165200Z-closeout/engine-motion-all168/wc_u_elf_priest/Attack/frame-00011.png
 create mode 100644 reports/WC-U440/20260907T165200Z-closeout/engine-motion-all168/wc_u_elf_priest/Attack/frame-00012.png
 create mode 100644 reports/WC-U440/20260907T165200Z-closeout/engine-motion-all168/wc_u_elf_priest/Attack/frame-00013.png
 create mode 100644 reports/WC-U440/20260907T165200Z-closeout/engine-motion-all168/wc_u_elf_priest/Attack/frame-00014.png
 create mode 100644 reports/WC-U440/20260907T165200Z-closeout/engine-motion-all168/wc_u_elf_priest/Attack/frames.csv
 create mode 100644 reports/WC-U440/20260907T165200Z-closeout/engine-motion-all168/wc_u_elf_priest/Defeat/frame-00000.png
 create mode 100644 reports/WC-U440/20260907T165200Z-closeout/engine-motion-all168/wc_u_elf_priest/Defeat/frame-00001.png
 create mode 100644 reports/WC-U440/20260907T165200Z-closeout/engine-motion-all168/wc_u_elf_priest/Defeat/frame-00002.png
 create mode 100644 reports/WC-U440/20260907T165200Z-closeout/engine-motion-all168/wc_u_elf_priest/Defeat/frame-00003.png
 create mode 100644 reports/WC-U440/20260907T165200Z-closeout/engine-motion-all168/wc_u_elf_priest/Defeat/frame-00004.png
 create mode 100644 reports/WC-U440/20260907T165200Z-closeout/engine-motion-all168/wc_u_elf_priest/Defeat/frame-00005.png
 create mode 100644 reports/WC-U440/20260907T165200Z-closeout/engine-motion-all168/wc_u_elf_priest/Defeat/frame-00006.png
 create mode 100644 reports/WC-U440/20260907T165200Z-closeout/engine-motion-all168/wc_u_elf_priest/Defeat/frame-00007.png
 create mode 100644 reports/WC-U440/20260907T165200Z-closeout/engine-motion-all168/wc_u_elf_priest/Defeat/frame-00008.png
 create mode 100644 reports/WC-U440/20260907T165200Z-closeout/engine-motion-all168/wc_u_elf_priest/Defeat/frame-00009.png
 create mode 100644 reports/WC-U440/20260907T165200Z-closeout/engine-motion-all168/wc_u_elf_priest/Defeat/frame-00010.png
 create mode 100644 reports/WC-U440/20260907T165200Z-closeout/engine-motion-all168/wc_u_elf_priest/Defeat/frame-00011.png
 create mode 100644 reports/WC-U440/20260907T165200Z-closeout/engine-motion-all168/wc_u_elf_priest/Defeat/frame-00012.png
 create mode 100644 reports/WC-U440/20260907T165200Z-closeout/engine-motion-all168/wc_u_elf_priest/Defeat/frame-00013.png
 create mode 100644 reports/WC-U440/20260907T165200Z-closeout/engine-motion-all168/wc_u_elf_priest/Defeat/frame-00014.png
 create mode 100644 reports/WC-U440/20260907T165200Z-closeout/engine-motion-all168/wc_u_elf_priest/Defeat/frame-00015.png
 create mode 100644 reports/WC-U440/20260907T165200Z-closeout/engine-motion-all168/wc_u_elf_priest/Defeat/frame-00016.png
 create mode 100644 reports/WC-U440/20260907T165200Z-closeout/engine-motion-all168/wc_u_elf_priest/Defeat/frame-00017.png
 create mode 100644 reports/WC-U440/20260907T165200Z-closeout/engine-motion-all168/wc_u_elf_priest/Defeat/frame-00018.png
 create mode 100644 reports/WC-U440/20260907T165200Z-closeout/engine-motion-all168/wc_u_elf_priest/Defeat/frame-00019.png
 create mode 100644 reports/WC-U440/20260907T165200Z-closeout/engine-motion-all168/wc_u_elf_priest/Defeat/frame-00020.png
 create mode 100644 reports/WC-U440/20260907T165200Z-closeout/engine-motion-all168/wc_u_elf_priest/Defeat/frames.csv
 create mode 100644 reports/WC-U440/20260907T165200Z-closeout/engine-motion-all168/wc_u_elf_priest/Hit/frame-00000.png
 create mode 100644 reports/WC-U440/20260907T165200Z-closeout/engine-motion-all168/wc_u_elf_priest/Hit/frame-00001.png
 create mode 100644 reports/WC-U440/20260907T165200Z-closeout/engine-motion-all168/wc_u_elf_priest/Hit/frame-00002.png
 create mode 100644 reports/WC-U440/20260907T165200Z-closeout/engine-motion-all168/wc_u_elf_priest/Hit/frame-00003.png
 create mode 100644 reports/WC-U440/20260907T165200Z-closeout/engine-motion-all168/wc_u_elf_priest/Hit/frame-00004.png
 create mode 100644 reports/WC-U440/20260907T165200Z-closeout/engine-motion-all168/wc_u_elf_priest/Hit/frame-00005.png
 create mode 100644 reports/WC-U440/20260907T165200Z-closeout/engine-motion-all168/wc_u_elf_priest/Hit/frame-00006.png
 create mode 100644 reports/WC-U440/20260907T165200Z-closeout/engine-motion-all168/wc_u_elf_priest/Hit/frame-00007.png
 create mode 100644 reports/WC-U440/20260907T165200Z-closeout/engine-motion-all168/wc_u_elf_priest/Hit/frame-00008.png
 create mode 100644 reports/WC-U440/20260907T165200Z-closeout/engine-motion-all168/wc_u_elf_priest/Hit/frames.csv
 create mode 100644 reports/WC-U440/20260907T165200Z-closeout/engine-motion-all168/wc_u_elf_priest/Idle/frame-00000.png
 create mode 100644 reports/WC-U440/20260907T165200Z-closeout/engine-motion-all168/wc_u_elf_priest/Idle/frame-00001.png
 create mode 100644 reports/WC-U440/20260907T165200Z-closeout/engine-motion-all168/wc_u_elf_priest/Idle/frame-00002.png
 create mode 100644 reports/WC-U440/20260907T165200Z-closeout/engine-motion-all168/wc_u_elf_priest/Idle/frame-00003.png
 create mode 100644 reports/WC-U440/20260907T165200Z-closeout/engine-motion-all168/wc_u_elf_priest/Idle/frame-00004.png
 create mode 100644 reports/WC-U440/20260907T165200Z-closeout/engine-motion-all168/wc_u_elf_priest/Idle/frame-00005.png
 create mode 100644 reports/WC-U440/20260907T165200Z-closeout/engine-motion-all168/wc_u_elf_priest/Idle/frame-00006.png
 create mode 100644 reports/WC-U440/20260907T165200Z-closeout/engine-motion-all168/wc_u_elf_priest/Idle/frame-00007.png
 create mode 100644 reports/WC-U440/20260907T165200Z-closeout/engine-motion-all168/wc_u_elf_priest/Idle/frame-00008.png
 create mode 100644 reports/WC-U440/20260907T165200Z-closeout/engine-motion-all168/wc_u_elf_priest/Idle/frame-00009.png
 create mode 100644 reports/WC-U440/20260907T165200Z-closeout/engine-motion-all168/wc_u_elf_priest/Idle/frame-00010.png
 create mode 100644 reports/WC-U440/20260907T165200Z-closeout/engine-motion-all168/wc_u_elf_priest/Idle/frame-00011.png
 create mode 100644 reports/WC-U440/20260907T165200Z-closeout/engine-motion-all168/wc_u_elf_priest/Idle/frame-00012.png
 create mode 100644 reports/WC-U440/20260907T165200Z-closeout/engine-motion-all168/wc_u_elf_priest/Idle/frame-00013.png
 create mode 100644 reports/WC-U440/20260907T165200Z-closeout/engine-motion-all168/wc_u_elf_priest/Idle/frame-00014.png
 create mode 100644 reports/WC-U440/20260907T165200Z-closeout/engine-motion-all168/wc_u_elf_priest/Idle/frame-00015.png
 create mode 100644 reports/WC-U440/20260907T165200Z-closeout/engine-motion-all168/wc_u_elf_priest/Idle/frame-00016.png
 create mode 100644 reports/WC-U440/20260907T165200Z-closeout/engine-motion-all168/wc_u_elf_priest/Idle/frame-00017.png
 create mode 100644 reports/WC-U440/20260907T165200Z-closeout/engine-motion-all168/wc_u_elf_priest/Idle/frame-00018.png
 create mode 100644 reports/WC-U440/20260907T165200Z-closeout/engine-motion-all168/wc_u_elf_priest/Idle/frame-00019.png
 create mode 100644 reports/WC-U440/20260907T165200Z-closeout/engine-motion-all168/wc_u_elf_priest/Idle/frame-00020.png
 create mode 100644 reports/WC-U440/20260907T165200Z-closeout/engine-motion-all168/wc_u_elf_priest/Idle/frame-00021.png
 create mode 100644 reports/WC-U440/20260907T165200Z-closeout/engine-motion-all168/wc_u_elf_priest/Idle/frame-00022.png
 create mode 100644 reports/WC-U440/20260907T165200Z-closeout/engine-motion-all168/wc_u_elf_priest/Idle/frame-00023.png
 create mode 100644 reports/WC-U440/20260907T165200Z-closeout/engine-motion-all168/wc_u_elf_priest/Idle/frame-00024.png
 create mode 100644 reports/WC-U440/20260907T165200Z-closeout/engine-motion-all168/wc_u_elf_priest/Idle/frame-00025.png
 create mode 100644 reports/WC-U440/20260907T165200Z-closeout/engine-motion-all168/wc_u_elf_priest/Idle/frame-00026.png
 create mode 100644 reports/WC-U440/20260907T165200Z-closeout/engine-motion-all168/wc_u_elf_priest/Idle/frame-00027.png
 create mode 100644 reports/WC-U440/20260907T165200Z-closeout/engine-motion-all168/wc_u_elf_priest/Idle/frame-00028.png
 create mode 100644 reports/WC-U440/20260907T165200Z-closeout/engine-motion-all168/wc_u_elf_priest/Idle/frame-00029.png
 create mode 100644 reports/WC-U440/20260907T165200Z-closeout/engine-motion-all168/wc_u_elf_priest/Idle/frame-00030.png
 create mode 100644 reports/WC-U440/20260907T165200Z-closeout/engine-motion-all168/wc_u_elf_priest/Idle/frame-00031.png
 create mode 100644 reports/WC-U440/20260907T165200Z-closeout/engine-motion-all168/wc_u_elf_priest/Idle/frame-00032.png
 create mode 100644 reports/WC-U440/20260907T165200Z-closeout/engine-motion-all168/wc_u_elf_priest/Idle/frame-00033.png
 create mode 100644 reports/WC-U440/20260907T165200Z-closeout/engine-motion-all168/wc_u_elf_priest/Idle/frame-00034.png
 create mode 100644 reports/WC-U440/20260907T165200Z-closeout/engine-motion-all168/wc_u_elf_priest/Idle/frame-00035.png
 create mode 100644 reports/WC-U440/20260907T165200Z-closeout/engine-motion-all168/wc_u_elf_priest/Idle/frame-00036.png
 create mode 100644 reports/WC-U440/20260907T165200Z-closeout/engine-motion-all168/wc_u_elf_priest/Idle/frame-00037.png
 create mode 100644 reports/WC-U440/20260907T165200Z-closeout/engine-motion-all168/wc_u_elf_priest/Idle/frame-00038.png
 create mode 100644 reports/WC-U440/20260907T165200Z-closeout/engine-motion-all168/wc_u_elf_priest/Idle/frame-00039.png
To https://github.com/TUPRAM/wonder-chess.git
   fd57f6c4..2f39b8fd  main -> main
branch 'main' set up to track 'origin/main'.
