warning: in the working copy of 'reports/WC-U440/20260907T165200Z-closeout/engine-motion-all168/wc_u_orc_warrior/Victory/frames.csv', LF will be replaced by CRLF the next time Git touches it
warning: in the working copy of 'reports/WC-U440/20260907T165200Z-closeout/engine-movies168/blender-encode.log', LF will be replaced by CRLF the next time Git touches it
warning: in the working copy of 'reports/WC-U440/20260907T165200Z-closeout/final-import/editor.log', LF will be replaced by CRLF the next time Git touches it
warning: in the working copy of 'reports/WC-U440/20260907T165200Z-closeout/iri/executed-author.py', LF will be replaced by CRLF the next time Git touches it
warning: in the working copy of 'reports/WC-U440/20260907T165200Z-closeout/iri/executed-profile.py', LF will be replaced by CRLF the next time Git touches it
warning: in the working copy of 'reports/WC-U440/20260907T165200Z-closeout/oren/executed-author.py', LF will be replaced by CRLF the next time Git touches it
warning: in the working copy of 'reports/WC-U440/20260907T165200Z-closeout/oren/executed-profile.py', LF will be replaced by CRLF the next time Git touches it
warning: in the working copy of 'reports/WC-U440/20260907T165200Z-closeout/wc_u_dragonkin_priest-readback/executed-verifier.py', LF will be replaced by CRLF the next time Git touches it
warning: in the working copy of 'reports/WC-U440/20260907T165200Z-closeout/wc_u_dragonkin_ranger-readback/executed-verifier.py', LF will be replaced by CRLF the next time Git touches it
warning: in the working copy of 'reports/WC-U440/20260907T165200Z-closeout/wc_u_dragonkin_rogue-readback/executed-verifier.py', LF will be replaced by CRLF the next time Git touches it
warning: in the working copy of 'reports/WC-U440/20260907T165200Z-closeout/wc_u_halfling_rogue-fbx/executed-verifier.py', LF will be replaced by CRLF the next time Git touches it
warning: in the working copy of 'reports/WC-U440/20260907T165200Z-closeout/wc_u_halfling_rogue-windows/executed-candidate.py', LF will be replaced by CRLF the next time Git touches it
warning: in the working copy of 'reports/WC-U440/20260907T165200Z-closeout/wc_u_halfling_rogue-windows/executed-publish.py', LF will be replaced by CRLF the next time Git touches it
warning: in the working copy of 'reports/WC-U440/20260907T165200Z-closeout/wc_u_orc_rogue-fbx/executed-verifier.py', LF will be replaced by CRLF the next time Git touches it
warning: in the working copy of 'reports/WC-U440/20260907T165200Z-closeout/wc_u_orc_rogue-windows/executed-candidate.py', LF will be replaced by CRLF the next time Git touches it
warning: in the working copy of 'reports/WC-U440/20260907T165200Z-closeout/wc_u_orc_rogue-windows/executed-publish.py', LF will be replaced by CRLF the next time Git touches it
warning: in the working copy of 'reports/WC-U440/20260907T165200Z-closeout/wc_u_orc_warrior-fbx/executed-verifier.py', LF will be replaced by CRLF the next time Git touches it
warning: in the working copy of 'reports/WC-U450/20260906T132337Z/wave-experiment/compile.cmd', LF will be replaced by CRLF the next time Git touches it
warning: in the working copy of 'reports/WC-U450/20260906T132455Z/wave-experiment/compile.cmd', LF will be replaced by CRLF the next time Git touches it
warning: in the working copy of 'reports/WC-U450/20260906T132728Z/wave-experiment/compile.cmd', LF will be replaced by CRLF the next time Git touches it
warning: in the working copy of 'reports/WC-U450/20260906T132927Z/wave-experiment/compile.cmd', LF will be replaced by CRLF the next time Git touches it
warning: in the working copy of 'reports/WC-U450/20260906T133137Z/wave-experiment/compile.cmd', LF will be replaced by CRLF the next time Git touches it
warning: in the working copy of 'reports/WC-U450/20260906T135347Z/early-package-audit/package-source/WonderChess/Content/WonderChess/SourceData/runtime_stage_manifest.json', LF will be replaced by CRLF the next time Git touches it
warning: in the working copy of 'reports/WC-U450/20260906T143320Z/equal-investment-counters/compile.cmd', LF will be replaced by CRLF the next time Git touches it
warning: in the working copy of 'reports/WC-U450/20260906T143320Z/equal-investment-counters/source/Simulation/WonderSimulation.h', LF will be replaced by CRLF the next time Git touches it
warning: in the working copy of 'reports/WC-U450/20260906T143320Z/equal-investment-counters/source/WonderSimulation.cpp', LF will be replaced by CRLF the next time Git touches it
warning: in the working copy of 'reports/WC-U450/20260906T143320Z/equal-investment-counters/source/measure_update_counters.cpp', LF will be replaced by CRLF the next time Git touches it
warning: in the working copy of 'reports/WC-U450/20260906T143445Z/equal-investment-counters-final/HANDOFF.md', LF will be replaced by CRLF the next time Git touches it
warning: in the working copy of 'reports/WC-U450/20260906T143445Z/equal-investment-counters-final/analyze_measurements.py', LF will be replaced by CRLF the next time Git touches it
warning: in the working copy of 'reports/WC-U450/20260906T143445Z/equal-investment-counters-final/compile.cmd', LF will be replaced by CRLF the next time Git touches it
warning: in the working copy of 'reports/WC-U450/20260906T143445Z/equal-investment-counters-final/source/Simulation/WonderSimulation.h', LF will be replaced by CRLF the next time Git touches it
warning: in the working copy of 'reports/WC-U450/20260906T143445Z/equal-investment-counters-final/source/WonderSimulation.cpp', LF will be replaced by CRLF the next time Git touches it
warning: in the working copy of 'reports/WC-U450/20260906T143445Z/equal-investment-counters-final/source/measure_update_counters.cpp', LF will be replaced by CRLF the next time Git touches it
warning: in the working copy of 'reports/WC-U450/20260906T144159Z/asset-readiness/check_utility.py', LF will be replaced by CRLF the next time Git touches it
warning: in the working copy of 'reports/WC-U450/20260906T145345Z/restart-preflight/check_auditor.py', LF will be replaced by CRLF the next time Git touches it
warning: in the working copy of 'reports/WC-U450/20260906T145345Z/restart-preflight/check_runner.ps1', LF will be replaced by CRLF the next time Git touches it
warning: in the working copy of 'reports/WC-U450/20260906T150041Z/cold-namespace/editor.log', LF will be replaced by CRLF the next time Git touches it
warning: in the working copy of 'reports/WC-U450/20260906T150416Z/shipping-wrapper-handoff.md', LF will be replaced by CRLF the next time Git touches it
warning: in the working copy of 'reports/WC-U450/20260906T151630Z/integrated-package-audit-fixed/package-source/WonderChess/Content/WonderChess/SourceData/runtime_stage_manifest.json', LF will be replaced by CRLF the next time Git touches it
warning: in the working copy of 'reports/WC-U450/20260906T151630Z/integrated-package-audit-fixed/package-source/WonderChess/Content/WonderChess/SourceData/units.json', LF will be replaced by CRLF the next time Git touches it
warning: in the working copy of 'reports/WC-U450/20260906T152011Z-frame-analysis/frame-summarizer-handoff.md', LF will be replaced by CRLF the next time Git touches it
warning: in the working copy of 'reports/WC-U450/20260906T152237Z/integrated-two-restarts/match-0-seat-0-pid-38968-frames.csv', LF will be replaced by CRLF the next time Git touches it
warning: in the working copy of 'reports/WC-U450/20260906T152237Z/integrated-two-restarts/match-0-seat-0-pid-38968-snapshots.jsonl', LF will be replaced by CRLF the next time Git touches it
warning: in the working copy of 'reports/WC-U450/20260906T152237Z/integrated-two-restarts/match-1-seat-0-pid-38968-commands.jsonl', LF will be replaced by CRLF the next time Git touches it
warning: in the working copy of 'reports/WC-U450/20260906T152237Z/integrated-two-restarts/match-1-seat-0-pid-38968-frames.csv', LF will be replaced by CRLF the next time Git touches it
warning: in the working copy of 'reports/WC-U450/20260906T152237Z/integrated-two-restarts/match-1-seat-0-pid-38968-skill-shots.jsonl', LF will be replaced by CRLF the next time Git touches it
warning: in the working copy of 'reports/WC-U450/20260906T152237Z/integrated-two-restarts/match-1-seat-0-pid-38968-snapshots.jsonl', LF will be replaced by CRLF the next time Git touches it
warning: in the working copy of 'reports/WC-U450/20260906T152237Z/integrated-two-restarts/match-2-seat-0-pid-38968-commands.jsonl', LF will be replaced by CRLF the next time Git touches it
warning: in the working copy of 'reports/WC-U450/20260906T152237Z/integrated-two-restarts/match-2-seat-0-pid-38968-frames.csv', LF will be replaced by CRLF the next time Git touches it
warning: in the working copy of 'reports/WC-U450/20260906T152237Z/integrated-two-restarts/match-2-seat-0-pid-38968-skill-shots.jsonl', LF will be replaced by CRLF the next time Git touches it
warning: in the working copy of 'reports/WC-U450/20260906T152237Z/integrated-two-restarts/match-2-seat-0-pid-38968-snapshots.jsonl', LF will be replaced by CRLF the next time Git touches it
warning: in the working copy of 'reports/WC-U450/20260906T152237Z/integrated-two-restarts/match-3-seat-0-pid-38968-commands.jsonl', LF will be replaced by CRLF the next time Git touches it
warning: in the working copy of 'reports/WC-U450/20260906T152237Z/integrated-two-restarts/match-3-seat-0-pid-38968-frames.csv', LF will be replaced by CRLF the next time Git touches it
warning: in the working copy of 'reports/WC-U450/20260906T152237Z/integrated-two-restarts/match-3-seat-0-pid-38968-skill-shots.jsonl', LF will be replaced by CRLF the next time Git touches it
warning: in the working copy of 'reports/WC-U450/20260906T152237Z/integrated-two-restarts/match-3-seat-0-pid-38968-snapshots.jsonl', LF will be replaced by CRLF the next time Git touches it
warning: in the working copy of 'reports/WC-U450/20260906T160315Z/motion-recorder-preparation/WCAnimationReview.cpp.txt', LF will be replaced by CRLF the next time Git touches it
warning: in the working copy of 'reports/WC-U450/20260906T161056Z/engine-motion-encoder/HANDOFF.md', LF will be replaced by CRLF the next time Git touches it
warning: in the working copy of 'reports/WC-U450/20260906T161056Z/engine-motion-encoder/probe_blender_vse.py', LF will be replaced by CRLF the next time Git touches it
warning: in the working copy of 'reports/WC-U450/20260906T161056Z/engine-motion-encoder/synthetic-encoded/blender-encode.log', LF will be replaced by CRLF the next time Git touches it
warning: in the working copy of 'reports/WC-U450/20260906T161205Z/pippa-engine-motion-pilot/editor.log', LF will be replaced by CRLF the next time Git touches it
warning: in the working copy of 'reports/WC-U450/20260906T161205Z/pippa-engine-motion-pilot/match-0-seat-0-pid-52432-frames.csv', LF will be replaced by CRLF the next time Git touches it
warning: in the working copy of 'reports/WC-U450/20260906T161205Z/pippa-engine-motion-pilot/match-0-seat-0-pid-52432-snapshots.jsonl', LF will be replaced by CRLF the next time Git touches it
warning: in the working copy of 'reports/WC-U450/20260906T161205Z/pippa-engine-motion-pilot/wc_u_halfling_warrior/Active/frames.csv', LF will be replaced by CRLF the next time Git touches it
warning: in the working copy of 'reports/WC-U450/20260906T161205Z/pippa-engine-motion-pilot/wc_u_halfling_warrior/Attack/frames.csv', LF will be replaced by CRLF the next time Git touches it
warning: in the working copy of 'reports/WC-U450/20260906T161205Z/pippa-engine-motion-pilot/wc_u_halfling_warrior/Defeat/frames.csv', LF will be replaced by CRLF the next time Git touches it
warning: in the working copy of 'reports/WC-U450/20260906T161205Z/pippa-engine-motion-pilot/wc_u_halfling_warrior/Hit/frames.csv', LF will be replaced by CRLF the next time Git touches it
warning: in the working copy of 'reports/WC-U450/20260906T161205Z/pippa-engine-motion-pilot/wc_u_halfling_warrior/Idle/frames.csv', LF will be replaced by CRLF the next time Git touches it
warning: in the working copy of 'reports/WC-U450/20260906T161205Z/pippa-engine-motion-pilot/wc_u_halfling_warrior/Move/frames.csv', LF will be replaced by CRLF the next time Git touches it
warning: in the working copy of 'reports/WC-U450/20260906T161205Z/pippa-engine-motion-pilot/wc_u_halfling_warrior/Victory/frames.csv', LF will be replaced by CRLF the next time Git touches it
warning: in the working copy of 'reports/WC-U450/20260906T161426Z/pippa-encoder-repaired/HANDOFF.md', LF will be replaced by CRLF the next time Git touches it
warning: in the working copy of 'reports/WC-U450/20260906T161426Z/pippa-encoder-repaired/encoded/blender-encode.log', LF will be replaced by CRLF the next time Git touches it
warning: in the working copy of 'reports/WC-U450/20260906T162820Z-editor-wrapper-refusals/run-refusal-tests.ps1', LF will be replaced by CRLF the next time Git touches it
warning: in the working copy of 'reports/WC-U450/20260906T1630Z-editor-wrapper-refusals/run-refusal-tests.ps1', LF will be replaced by CRLF the next time Git touches it
warning: in the working copy of 'reports/WC-U450/20260906T1633Z-editor-wrapper-fixed-refusals/REVIEW.md', LF will be replaced by CRLF the next time Git touches it
warning: in the working copy of 'reports/WC-U450/20260906T1633Z-editor-wrapper-fixed-refusals/run-refusal-tests.ps1', LF will be replaced by CRLF the next time Git touches it
[main 3f90ab50] Preserve Wonder Chess research and execution evidence batch 12
 1169 files changed, 2763144 insertions(+)
 create mode 100644 reports/WC-U440/20260907T165200Z-closeout/engine-motion-all168/wc_u_orc_warrior/Victory/frame-00006.png
 create mode 100644 reports/WC-U440/20260907T165200Z-closeout/engine-motion-all168/wc_u_orc_warrior/Victory/frame-00007.png
 create mode 100644 reports/WC-U440/20260907T165200Z-closeout/engine-motion-all168/wc_u_orc_warrior/Victory/frame-00008.png
 create mode 100644 reports/WC-U440/20260907T165200Z-closeout/engine-motion-all168/wc_u_orc_warrior/Victory/frame-00009.png
 create mode 100644 reports/WC-U440/20260907T165200Z-closeout/engine-motion-all168/wc_u_orc_warrior/Victory/frame-00010.png
 create mode 100644 reports/WC-U440/20260907T165200Z-closeout/engine-motion-all168/wc_u_orc_warrior/Victory/frame-00011.png
 create mode 100644 reports/WC-U440/20260907T165200Z-closeout/engine-motion-all168/wc_u_orc_warrior/Victory/frame-00012.png
 create mode 100644 reports/WC-U440/20260907T165200Z-closeout/engine-motion-all168/wc_u_orc_warrior/Victory/frame-00013.png
 create mode 100644 reports/WC-U440/20260907T165200Z-closeout/engine-motion-all168/wc_u_orc_warrior/Victory/frame-00014.png
 create mode 100644 reports/WC-U440/20260907T165200Z-closeout/engine-motion-all168/wc_u_orc_warrior/Victory/frame-00015.png
 create mode 100644 reports/WC-U440/20260907T165200Z-closeout/engine-motion-all168/wc_u_orc_warrior/Victory/frame-00016.png
 create mode 100644 reports/WC-U440/20260907T165200Z-closeout/engine-motion-all168/wc_u_orc_warrior/Victory/frame-00017.png
 create mode 100644 reports/WC-U440/20260907T165200Z-closeout/engine-motion-all168/wc_u_orc_warrior/Victory/frame-00018.png
 create mode 100644 reports/WC-U440/20260907T165200Z-closeout/engine-motion-all168/wc_u_orc_warrior/Victory/frame-00019.png
 create mode 100644 reports/WC-U440/20260907T165200Z-closeout/engine-motion-all168/wc_u_orc_warrior/Victory/frame-00020.png
 create mode 100644 reports/WC-U440/20260907T165200Z-closeout/engine-motion-all168/wc_u_orc_warrior/Victory/frame-00021.png
 create mode 100644 reports/WC-U440/20260907T165200Z-closeout/engine-motion-all168/wc_u_orc_warrior/Victory/frame-00022.png
 create mode 100644 reports/WC-U440/20260907T165200Z-closeout/engine-motion-all168/wc_u_orc_warrior/Victory/frame-00023.png
 create mode 100644 reports/WC-U440/20260907T165200Z-closeout/engine-motion-all168/wc_u_orc_warrior/Victory/frame-00024.png
 create mode 100644 reports/WC-U440/20260907T165200Z-closeout/engine-motion-all168/wc_u_orc_warrior/Victory/frame-00025.png
 create mode 100644 reports/WC-U440/20260907T165200Z-closeout/engine-motion-all168/wc_u_orc_warrior/Victory/frame-00026.png
 create mode 100644 reports/WC-U440/20260907T165200Z-closeout/engine-motion-all168/wc_u_orc_warrior/Victory/frame-00027.png
 create mode 100644 reports/WC-U440/20260907T165200Z-closeout/engine-motion-all168/wc_u_orc_warrior/Victory/frame-00028.png
 create mode 100644 reports/WC-U440/20260907T165200Z-closeout/engine-motion-all168/wc_u_orc_warrior/Victory/frame-00029.png
 create mode 100644 reports/WC-U440/20260907T165200Z-closeout/engine-motion-all168/wc_u_orc_warrior/Victory/frame-00030.png
 create mode 100644 reports/WC-U440/20260907T165200Z-closeout/engine-motion-all168/wc_u_orc_warrior/Victory/frames.csv
 create mode 100644 reports/WC-U440/20260907T165200Z-closeout/engine-movies168/blender-encode.log
 create mode 100644 reports/WC-U440/20260907T165200Z-closeout/engine-movies168/encoder-readback.json
 create mode 100644 reports/WC-U440/20260907T165200Z-closeout/engine-movies168/encoding-job.json
 create mode 100644 reports/WC-U440/20260907T165200Z-closeout/engine-movies168/wc_u_dragonkin_guardian-Active.mp4
 create mode 100644 reports/WC-U440/20260907T165200Z-closeout/engine-movies168/wc_u_dragonkin_guardian-Attack.mp4
 create mode 100644 reports/WC-U440/20260907T165200Z-closeout/engine-movies168/wc_u_dragonkin_guardian-Defeat.mp4
 create mode 100644 reports/WC-U440/20260907T165200Z-closeout/engine-movies168/wc_u_dragonkin_guardian-Hit.mp4
 create mode 100644 reports/WC-U440/20260907T165200Z-closeout/engine-movies168/wc_u_dragonkin_guardian-Idle.mp4
 create mode 100644 reports/WC-U440/20260907T165200Z-closeout/engine-movies168/wc_u_dragonkin_guardian-Move.mp4
 create mode 100644 reports/WC-U440/20260907T165200Z-closeout/engine-movies168/wc_u_dragonkin_guardian-Victory.mp4
 create mode 100644 reports/WC-U440/20260907T165200Z-closeout/engine-movies168/wc_u_dragonkin_priest-Active.mp4
 create mode 100644 reports/WC-U440/20260907T165200Z-closeout/engine-movies168/wc_u_dragonkin_priest-Attack.mp4
 create mode 100644 reports/WC-U440/20260907T165200Z-closeout/engine-movies168/wc_u_dragonkin_priest-Defeat.mp4
 create mode 100644 reports/WC-U440/20260907T165200Z-closeout/engine-movies168/wc_u_dragonkin_priest-Hit.mp4
 create mode 100644 reports/WC-U440/20260907T165200Z-closeout/engine-movies168/wc_u_dragonkin_priest-Idle.mp4
 create mode 100644 reports/WC-U440/20260907T165200Z-closeout/engine-movies168/wc_u_dragonkin_priest-Move.mp4
 create mode 100644 reports/WC-U440/20260907T165200Z-closeout/engine-movies168/wc_u_dragonkin_priest-Victory.mp4
 create mode 100644 reports/WC-U440/20260907T165200Z-closeout/engine-movies168/wc_u_dragonkin_ranger-Active.mp4
 create mode 100644 reports/WC-U440/20260907T165200Z-closeout/engine-movies168/wc_u_dragonkin_ranger-Attack.mp4
 create mode 100644 reports/WC-U440/20260907T165200Z-closeout/engine-movies168/wc_u_dragonkin_ranger-Defeat.mp4
 create mode 100644 reports/WC-U440/20260907T165200Z-closeout/engine-movies168/wc_u_dragonkin_ranger-Hit.mp4
 create mode 100644 reports/WC-U440/20260907T165200Z-closeout/engine-movies168/wc_u_dragonkin_ranger-Idle.mp4
 create mode 100644 reports/WC-U440/20260907T165200Z-closeout/engine-movies168/wc_u_dragonkin_ranger-Move.mp4
 create mode 100644 reports/WC-U440/20260907T165200Z-closeout/engine-movies168/wc_u_dragonkin_ranger-Victory.mp4
 create mode 100644 reports/WC-U440/20260907T165200Z-closeout/engine-movies168/wc_u_dragonkin_rogue-Active.mp4
 create mode 100644 reports/WC-U440/20260907T165200Z-closeout/engine-movies168/wc_u_dragonkin_rogue-Attack.mp4
 create mode 100644 reports/WC-U440/20260907T165200Z-closeout/engine-movies168/wc_u_dragonkin_rogue-Defeat.mp4
 create mode 100644 reports/WC-U440/20260907T165200Z-closeout/engine-movies168/wc_u_dragonkin_rogue-Hit.mp4
 create mode 100644 reports/WC-U440/20260907T165200Z-closeout/engine-movies168/wc_u_dragonkin_rogue-Idle.mp4
 create mode 100644 reports/WC-U440/20260907T165200Z-closeout/engine-movies168/wc_u_dragonkin_rogue-Move.mp4
 create mode 100644 reports/WC-U440/20260907T165200Z-closeout/engine-movies168/wc_u_dragonkin_rogue-Victory.mp4
 create mode 100644 reports/WC-U440/20260907T165200Z-closeout/engine-movies168/wc_u_dwarf_guardian-Active.mp4
 create mode 100644 reports/WC-U440/20260907T165200Z-closeout/engine-movies168/wc_u_dwarf_guardian-Attack.mp4
 create mode 100644 reports/WC-U440/20260907T165200Z-closeout/engine-movies168/wc_u_dwarf_guardian-Defeat.mp4
 create mode 100644 reports/WC-U440/20260907T165200Z-closeout/engine-movies168/wc_u_dwarf_guardian-Hit.mp4
 create mode 100644 reports/WC-U440/20260907T165200Z-closeout/engine-movies168/wc_u_dwarf_guardian-Idle.mp4
 create mode 100644 reports/WC-U440/20260907T165200Z-closeout/engine-movies168/wc_u_dwarf_guardian-Move.mp4
 create mode 100644 reports/WC-U440/20260907T165200Z-closeout/engine-movies168/wc_u_dwarf_guardian-Victory.mp4
 create mode 100644 reports/WC-U440/20260907T165200Z-closeout/engine-movies168/wc_u_dwarf_priest-Active.mp4
 create mode 100644 reports/WC-U440/20260907T165200Z-closeout/engine-movies168/wc_u_dwarf_priest-Attack.mp4
 create mode 100644 reports/WC-U440/20260907T165200Z-closeout/engine-movies168/wc_u_dwarf_priest-Defeat.mp4
 create mode 100644 reports/WC-U440/20260907T165200Z-closeout/engine-movies168/wc_u_dwarf_priest-Hit.mp4
 create mode 100644 reports/WC-U440/20260907T165200Z-closeout/engine-movies168/wc_u_dwarf_priest-Idle.mp4
 create mode 100644 reports/WC-U440/20260907T165200Z-closeout/engine-movies168/wc_u_dwarf_priest-Move.mp4
 create mode 100644 reports/WC-U440/20260907T165200Z-closeout/engine-movies168/wc_u_dwarf_priest-Victory.mp4
 create mode 100644 reports/WC-U440/20260907T165200Z-closeout/engine-movies168/wc_u_dwarf_ranger-Active.mp4
 create mode 100644 reports/WC-U440/20260907T165200Z-closeout/engine-movies168/wc_u_dwarf_ranger-Attack.mp4
 create mode 100644 reports/WC-U440/20260907T165200Z-closeout/engine-movies168/wc_u_dwarf_ranger-Defeat.mp4
 create mode 100644 reports/WC-U440/20260907T165200Z-closeout/engine-movies168/wc_u_dwarf_ranger-Hit.mp4
 create mode 100644 reports/WC-U440/20260907T165200Z-closeout/engine-movies168/wc_u_dwarf_ranger-Idle.mp4
 create mode 100644 reports/WC-U440/20260907T165200Z-closeout/engine-movies168/wc_u_dwarf_ranger-Move.mp4
 create mode 100644 reports/WC-U440/20260907T165200Z-closeout/engine-movies168/wc_u_dwarf_ranger-Victory.mp4
 create mode 100644 reports/WC-U440/20260907T165200Z-closeout/engine-movies168/wc_u_dwarf_warrior-Active.mp4
 create mode 100644 reports/WC-U440/20260907T165200Z-closeout/engine-movies168/wc_u_dwarf_warrior-Attack.mp4
 create mode 100644 reports/WC-U440/20260907T165200Z-closeout/engine-movies168/wc_u_dwarf_warrior-Defeat.mp4
 create mode 100644 reports/WC-U440/20260907T165200Z-closeout/engine-movies168/wc_u_dwarf_warrior-Hit.mp4
 create mode 100644 reports/WC-U440/20260907T165200Z-closeout/engine-movies168/wc_u_dwarf_warrior-Idle.mp4
 create mode 100644 reports/WC-U440/20260907T165200Z-closeout/engine-movies168/wc_u_dwarf_warrior-Move.mp4
 create mode 100644 reports/WC-U440/20260907T165200Z-closeout/engine-movies168/wc_u_dwarf_warrior-Victory.mp4
 create mode 100644 reports/WC-U440/20260907T165200Z-closeout/engine-movies168/wc_u_elf_mage-Active.mp4
 create mode 100644 reports/WC-U440/20260907T165200Z-closeout/engine-movies168/wc_u_elf_mage-Attack.mp4
 create mode 100644 reports/WC-U440/20260907T165200Z-closeout/engine-movies168/wc_u_elf_mage-Defeat.mp4
 create mode 100644 reports/WC-U440/20260907T165200Z-closeout/engine-movies168/wc_u_elf_mage-Hit.mp4
 create mode 100644 reports/WC-U440/20260907T165200Z-closeout/engine-movies168/wc_u_elf_mage-Idle.mp4
 create mode 100644 reports/WC-U440/20260907T165200Z-closeout/engine-movies168/wc_u_elf_mage-Move.mp4
 create mode 100644 reports/WC-U440/20260907T165200Z-closeout/engine-movies168/wc_u_elf_mage-Victory.mp4
 create mode 100644 reports/WC-U440/20260907T165200Z-closeout/engine-movies168/wc_u_elf_priest-Active.mp4
 create mode 100644 reports/WC-U440/20260907T165200Z-closeout/engine-movies168/wc_u_elf_priest-Attack.mp4
 create mode 100644 reports/WC-U440/20260907T165200Z-closeout/engine-movies168/wc_u_elf_priest-Defeat.mp4
 create mode 100644 reports/WC-U440/20260907T165200Z-closeout/engine-movies168/wc_u_elf_priest-Hit.mp4
 create mode 100644 reports/WC-U440/20260907T165200Z-closeout/engine-movies168/wc_u_elf_priest-Idle.mp4
 create mode 100644 reports/WC-U440/20260907T165200Z-closeout/engine-movies168/wc_u_elf_priest-Move.mp4
 create mode 100644 reports/WC-U440/20260907T165200Z-closeout/engine-movies168/wc_u_elf_priest-Victory.mp4
 create mode 100644 reports/WC-U440/20260907T165200Z-closeout/engine-movies168/wc_u_elf_ranger-Active.mp4
 create mode 100644 reports/WC-U440/20260907T165200Z-closeout/engine-movies168/wc_u_elf_ranger-Attack.mp4
 create mode 100644 reports/WC-U440/20260907T165200Z-closeout/engine-movies168/wc_u_elf_ranger-Defeat.mp4
 create mode 100644 reports/WC-U440/20260907T165200Z-closeout/engine-movies168/wc_u_elf_ranger-Hit.mp4
 create mode 100644 reports/WC-U440/20260907T165200Z-closeout/engine-movies168/wc_u_elf_ranger-Idle.mp4
 create mode 100644 reports/WC-U440/20260907T165200Z-closeout/engine-movies168/wc_u_elf_ranger-Move.mp4
 create mode 100644 reports/WC-U440/20260907T165200Z-closeout/engine-movies168/wc_u_elf_ranger-Victory.mp4
 create mode 100644 reports/WC-U440/20260907T165200Z-closeout/engine-movies168/wc_u_elf_rogue-Active.mp4
 create mode 100644 reports/WC-U440/20260907T165200Z-closeout/engine-movies168/wc_u_elf_rogue-Attack.mp4
 create mode 100644 reports/WC-U440/20260907T165200Z-closeout/engine-movies168/wc_u_elf_rogue-Defeat.mp4
 create mode 100644 reports/WC-U440/20260907T165200Z-closeout/engine-movies168/wc_u_elf_rogue-Hit.mp4
 create mode 100644 reports/WC-U440/20260907T165200Z-closeout/engine-movies168/wc_u_elf_rogue-Idle.mp4
 create mode 100644 reports/WC-U440/20260907T165200Z-closeout/engine-movies168/wc_u_elf_rogue-Move.mp4
 create mode 100644 reports/WC-U440/20260907T165200Z-closeout/engine-movies168/wc_u_elf_rogue-Victory.mp4
 create mode 100644 reports/WC-U440/20260907T165200Z-closeout/engine-movies168/wc_u_halfling_mage-Active.mp4
 create mode 100644 reports/WC-U440/20260907T165200Z-closeout/engine-movies168/wc_u_halfling_mage-Attack.mp4
 create mode 100644 reports/WC-U440/20260907T165200Z-closeout/engine-movies168/wc_u_halfling_mage-Defeat.mp4
 create mode 100644 reports/WC-U440/20260907T165200Z-closeout/engine-movies168/wc_u_halfling_mage-Hit.mp4
 create mode 100644 reports/WC-U440/20260907T165200Z-closeout/engine-movies168/wc_u_halfling_mage-Idle.mp4
 create mode 100644 reports/WC-U440/20260907T165200Z-closeout/engine-movies168/wc_u_halfling_mage-Move.mp4
 create mode 100644 reports/WC-U440/20260907T165200Z-closeout/engine-movies168/wc_u_halfling_mage-Victory.mp4
 create mode 100644 reports/WC-U440/20260907T165200Z-closeout/engine-movies168/wc_u_halfling_ranger-Active.mp4
 create mode 100644 reports/WC-U440/20260907T165200Z-closeout/engine-movies168/wc_u_halfling_ranger-Attack.mp4
 create mode 100644 reports/WC-U440/20260907T165200Z-closeout/engine-movies168/wc_u_halfling_ranger-Defeat.mp4
 create mode 100644 reports/WC-U440/20260907T165200Z-closeout/engine-movies168/wc_u_halfling_ranger-Hit.mp4
 create mode 100644 reports/WC-U440/20260907T165200Z-closeout/engine-movies168/wc_u_halfling_ranger-Idle.mp4
 create mode 100644 reports/WC-U440/20260907T165200Z-closeout/engine-movies168/wc_u_halfling_ranger-Move.mp4
 create mode 100644 reports/WC-U440/20260907T165200Z-closeout/engine-movies168/wc_u_halfling_ranger-Victory.mp4
 create mode 100644 reports/WC-U440/20260907T165200Z-closeout/engine-movies168/wc_u_halfling_rogue-Active.mp4
 create mode 100644 reports/WC-U440/20260907T165200Z-closeout/engine-movies168/wc_u_halfling_rogue-Attack.mp4
 create mode 100644 reports/WC-U440/20260907T165200Z-closeout/engine-movies168/wc_u_halfling_rogue-Defeat.mp4
 create mode 100644 reports/WC-U440/20260907T165200Z-closeout/engine-movies168/wc_u_halfling_rogue-Hit.mp4
 create mode 100644 reports/WC-U440/20260907T165200Z-closeout/engine-movies168/wc_u_halfling_rogue-Idle.mp4
 create mode 100644 reports/WC-U440/20260907T165200Z-closeout/engine-movies168/wc_u_halfling_rogue-Move.mp4
 create mode 100644 reports/WC-U440/20260907T165200Z-closeout/engine-movies168/wc_u_halfling_rogue-Victory.mp4
 create mode 100644 reports/WC-U440/20260907T165200Z-closeout/engine-movies168/wc_u_halfling_warrior-Active.mp4
 create mode 100644 reports/WC-U440/20260907T165200Z-closeout/engine-movies168/wc_u_halfling_warrior-Attack.mp4
 create mode 100644 reports/WC-U440/20260907T165200Z-closeout/engine-movies168/wc_u_halfling_warrior-Defeat.mp4
 create mode 100644 reports/WC-U440/20260907T165200Z-closeout/engine-movies168/wc_u_halfling_warrior-Hit.mp4
 create mode 100644 reports/WC-U440/20260907T165200Z-closeout/engine-movies168/wc_u_halfling_warrior-Idle.mp4
 create mode 100644 reports/WC-U440/20260907T165200Z-closeout/engine-movies168/wc_u_halfling_warrior-Move.mp4
 create mode 100644 reports/WC-U440/20260907T165200Z-closeout/engine-movies168/wc_u_halfling_warrior-Victory.mp4
 create mode 100644 reports/WC-U440/20260907T165200Z-closeout/engine-movies168/wc_u_human_guardian-Active.mp4
 create mode 100644 reports/WC-U440/20260907T165200Z-closeout/engine-movies168/wc_u_human_guardian-Attack.mp4
 create mode 100644 reports/WC-U440/20260907T165200Z-closeout/engine-movies168/wc_u_human_guardian-Defeat.mp4
 create mode 100644 reports/WC-U440/20260907T165200Z-closeout/engine-movies168/wc_u_human_guardian-Hit.mp4
 create mode 100644 reports/WC-U440/20260907T165200Z-closeout/engine-movies168/wc_u_human_guardian-Idle.mp4
 create mode 100644 reports/WC-U440/20260907T165200Z-closeout/engine-movies168/wc_u_human_guardian-Move.mp4
 create mode 100644 reports/WC-U440/20260907T165200Z-closeout/engine-movies168/wc_u_human_guardian-Victory.mp4
 create mode 100644 reports/WC-U440/20260907T165200Z-closeout/engine-movies168/wc_u_human_mage-Active.mp4
 create mode 100644 reports/WC-U440/20260907T165200Z-closeout/engine-movies168/wc_u_human_mage-Attack.mp4
 create mode 100644 reports/WC-U440/20260907T165200Z-closeout/engine-movies168/wc_u_human_mage-Defeat.mp4
 create mode 100644 reports/WC-U440/20260907T165200Z-closeout/engine-movies168/wc_u_human_mage-Hit.mp4
 create mode 100644 reports/WC-U440/20260907T165200Z-closeout/engine-movies168/wc_u_human_mage-Idle.mp4
 create mode 100644 reports/WC-U440/20260907T165200Z-closeout/engine-movies168/wc_u_human_mage-Move.mp4
 create mode 100644 reports/WC-U440/20260907T165200Z-closeout/engine-movies168/wc_u_human_mage-Victory.mp4
 create mode 100644 reports/WC-U440/20260907T165200Z-closeout/engine-movies168/wc_u_human_priest-Active.mp4
 create mode 100644 reports/WC-U440/20260907T165200Z-closeout/engine-movies168/wc_u_human_priest-Attack.mp4
 create mode 100644 reports/WC-U440/20260907T165200Z-closeout/engine-movies168/wc_u_human_priest-Defeat.mp4
 create mode 100644 reports/WC-U440/20260907T165200Z-closeout/engine-movies168/wc_u_human_priest-Hit.mp4
 create mode 100644 reports/WC-U440/20260907T165200Z-closeout/engine-movies168/wc_u_human_priest-Idle.mp4
 create mode 100644 reports/WC-U440/20260907T165200Z-closeout/engine-movies168/wc_u_human_priest-Move.mp4
 create mode 100644 reports/WC-U440/20260907T165200Z-closeout/engine-movies168/wc_u_human_priest-Victory.mp4
 create mode 100644 reports/WC-U440/20260907T165200Z-closeout/engine-movies168/wc_u_human_warrior-Active.mp4
 create mode 100644 reports/WC-U440/20260907T165200Z-closeout/engine-movies168/wc_u_human_warrior-Attack.mp4
 create mode 100644 reports/WC-U440/20260907T165200Z-closeout/engine-movies168/wc_u_human_warrior-Defeat.mp4
 create mode 100644 reports/WC-U440/20260907T165200Z-closeout/engine-movies168/wc_u_human_warrior-Hit.mp4
 create mode 100644 reports/WC-U440/20260907T165200Z-closeout/engine-movies168/wc_u_human_warrior-Idle.mp4
 create mode 100644 reports/WC-U440/20260907T165200Z-closeout/engine-movies168/wc_u_human_warrior-Move.mp4
 create mode 100644 reports/WC-U440/20260907T165200Z-closeout/engine-movies168/wc_u_human_warrior-Victory.mp4
 create mode 100644 reports/WC-U440/20260907T165200Z-closeout/engine-movies168/wc_u_orc_guardian-Active.mp4
 create mode 100644 reports/WC-U440/20260907T165200Z-closeout/engine-movies168/wc_u_orc_guardian-Attack.mp4
 create mode 100644 reports/WC-U440/20260907T165200Z-closeout/engine-movies168/wc_u_orc_guardian-Defeat.mp4
 create mode 100644 reports/WC-U440/20260907T165200Z-closeout/engine-movies168/wc_u_orc_guardian-Hit.mp4
 create mode 100644 reports/WC-U440/20260907T165200Z-closeout/engine-movies168/wc_u_orc_guardian-Idle.mp4
 create mode 100644 reports/WC-U440/20260907T165200Z-closeout/engine-movies168/wc_u_orc_guardian-Move.mp4
 create mode 100644 reports/WC-U440/20260907T165200Z-closeout/engine-movies168/wc_u_orc_guardian-Victory.mp4
 create mode 100644 reports/WC-U440/20260907T165200Z-closeout/engine-movies168/wc_u_orc_mage-Active.mp4
 create mode 100644 reports/WC-U440/20260907T165200Z-closeout/engine-movies168/wc_u_orc_mage-Attack.mp4
 create mode 100644 reports/WC-U440/20260907T165200Z-closeout/engine-movies168/wc_u_orc_mage-Defeat.mp4
 create mode 100644 reports/WC-U440/20260907T165200Z-closeout/engine-movies168/wc_u_orc_mage-Hit.mp4
 create mode 100644 reports/WC-U440/20260907T165200Z-closeout/engine-movies168/wc_u_orc_mage-Idle.mp4
 create mode 100644 reports/WC-U440/20260907T165200Z-closeout/engine-movies168/wc_u_orc_mage-Move.mp4
 create mode 100644 reports/WC-U440/20260907T165200Z-closeout/engine-movies168/wc_u_orc_mage-Victory.mp4
 create mode 100644 reports/WC-U440/20260907T165200Z-closeout/engine-movies168/wc_u_orc_rogue-Active.mp4
 create mode 100644 reports/WC-U440/20260907T165200Z-closeout/engine-movies168/wc_u_orc_rogue-Attack.mp4
 create mode 100644 reports/WC-U440/20260907T165200Z-closeout/engine-movies168/wc_u_orc_rogue-Defeat.mp4
 create mode 100644 reports/WC-U440/20260907T165200Z-closeout/engine-movies168/wc_u_orc_rogue-Hit.mp4
 create mode 100644 reports/WC-U440/20260907T165200Z-closeout/engine-movies168/wc_u_orc_rogue-Idle.mp4
 create mode 100644 reports/WC-U440/20260907T165200Z-closeout/engine-movies168/wc_u_orc_rogue-Move.mp4
 create mode 100644 reports/WC-U440/20260907T165200Z-closeout/engine-movies168/wc_u_orc_rogue-Victory.mp4
 create mode 100644 reports/WC-U440/20260907T165200Z-closeout/engine-movies168/wc_u_orc_warrior-Active.mp4
 create mode 100644 reports/WC-U440/20260907T165200Z-closeout/engine-movies168/wc_u_orc_warrior-Attack.mp4
 create mode 100644 reports/WC-U440/20260907T165200Z-closeout/engine-movies168/wc_u_orc_warrior-Defeat.mp4
 create mode 100644 reports/WC-U440/20260907T165200Z-closeout/engine-movies168/wc_u_orc_warrior-Hit.mp4
 create mode 100644 reports/WC-U440/20260907T165200Z-closeout/engine-movies168/wc_u_orc_warrior-Idle.mp4
 create mode 100644 reports/WC-U440/20260907T165200Z-closeout/engine-movies168/wc_u_orc_warrior-Move.mp4
 create mode 100644 reports/WC-U440/20260907T165200Z-closeout/engine-movies168/wc_u_orc_warrior-Victory.mp4
 create mode 100644 reports/WC-U440/20260907T165200Z-closeout/final-import-console.log
 create mode 100644 reports/WC-U440/20260907T165200Z-closeout/final-import/editor.log
 create mode 100644 reports/WC-U440/20260907T165200Z-closeout/final-import/import-selected.json
 create mode 100644 reports/WC-U440/20260907T165200Z-closeout/final-import/import_alpha_assets.json
 create mode 100644 reports/WC-U440/20260907T165200Z-closeout/final-import/process.json
 create mode 100644 reports/WC-U440/20260907T165200Z-closeout/final-import/stderr.log
 create mode 100644 reports/WC-U440/20260907T165200Z-closeout/final-import/stdout.log
 create mode 100644 reports/WC-U440/20260907T165200Z-closeout/iri-console.log
 create mode 100644 reports/WC-U440/20260907T165200Z-closeout/iri/Active-end.png
 create mode 100644 reports/WC-U440/20260907T165200Z-closeout/iri/Active-release.png
 create mode 100644 reports/WC-U440/20260907T165200Z-closeout/iri/Active-start.png
 create mode 100644 reports/WC-U440/20260907T165200Z-closeout/iri/Attack-L-end.png
 create mode 100644 reports/WC-U440/20260907T165200Z-closeout/iri/Attack-L-release.png
 create mode 100644 reports/WC-U440/20260907T165200Z-closeout/iri/Attack-L-start.png
 create mode 100644 reports/WC-U440/20260907T165200Z-closeout/iri/Attack-R-end.png
 create mode 100644 reports/WC-U440/20260907T165200Z-closeout/iri/Attack-R-release.png
 create mode 100644 reports/WC-U440/20260907T165200Z-closeout/iri/Attack-R-start.png
 create mode 100644 reports/WC-U440/20260907T165200Z-closeout/iri/Attack-end.png
 create mode 100644 reports/WC-U440/20260907T165200Z-closeout/iri/Attack-release.png
 create mode 100644 reports/WC-U440/20260907T165200Z-closeout/iri/Attack-start.png
 create mode 100644 reports/WC-U440/20260907T165200Z-closeout/iri/Defeat-end.png
 create mode 100644 reports/WC-U440/20260907T165200Z-closeout/iri/Defeat-release.png
 create mode 100644 reports/WC-U440/20260907T165200Z-closeout/iri/Defeat-start.png
 create mode 100644 reports/WC-U440/20260907T165200Z-closeout/iri/Hit-end.png
 create mode 100644 reports/WC-U440/20260907T165200Z-closeout/iri/Hit-release.png
 create mode 100644 reports/WC-U440/20260907T165200Z-closeout/iri/Hit-start.png
 create mode 100644 reports/WC-U440/20260907T165200Z-closeout/iri/Idle-end.png
 create mode 100644 reports/WC-U440/20260907T165200Z-closeout/iri/Idle-release.png
 create mode 100644 reports/WC-U440/20260907T165200Z-closeout/iri/Idle-start.png
 create mode 100644 reports/WC-U440/20260907T165200Z-closeout/iri/Move-end.png
 create mode 100644 reports/WC-U440/20260907T165200Z-closeout/iri/Move-release.png
 create mode 100644 reports/WC-U440/20260907T165200Z-closeout/iri/Move-start.png
 create mode 100644 reports/WC-U440/20260907T165200Z-closeout/iri/Victory-end.png
 create mode 100644 reports/WC-U440/20260907T165200Z-closeout/iri/Victory-release.png
 create mode 100644 reports/WC-U440/20260907T165200Z-closeout/iri/Victory-start.png
 create mode 100644 reports/WC-U440/20260907T165200Z-closeout/iri/all-frame-invariants.json
 create mode 100644 reports/WC-U440/20260907T165200Z-closeout/iri/back.png
 create mode 100644 reports/WC-U440/20260907T165200Z-closeout/iri/completed.json
 create mode 100644 reports/WC-U440/20260907T165200Z-closeout/iri/continuous-Active.mp4
 create mode 100644 reports/WC-U440/20260907T165200Z-closeout/iri/continuous-Attack.mp4
 create mode 100644 reports/WC-U440/20260907T165200Z-closeout/iri/continuous-Defeat.mp4
 create mode 100644 reports/WC-U440/20260907T165200Z-closeout/iri/continuous-Hit.mp4
 create mode 100644 reports/WC-U440/20260907T165200Z-closeout/iri/continuous-Idle.mp4
 create mode 100644 reports/WC-U440/20260907T165200Z-closeout/iri/continuous-Move.mp4
 create mode 100644 reports/WC-U440/20260907T165200Z-closeout/iri/continuous-Victory.mp4
 create mode 100644 reports/WC-U440/20260907T165200Z-closeout/iri/executed-author.py
 create mode 100644 reports/WC-U440/20260907T165200Z-closeout/iri/executed-ik-reach.json
 create mode 100644 reports/WC-U440/20260907T165200Z-closeout/iri/executed-profile.py
 create mode 100644 reports/WC-U440/20260907T165200Z-closeout/iri/face.png
 create mode 100644 reports/WC-U440/20260907T165200Z-closeout/iri/front.png
 create mode 100644 reports/WC-U440/20260907T165200Z-closeout/iri/game-angle.png
 create mode 100644 reports/WC-U440/20260907T165200Z-closeout/iri/input.json
 create mode 100644 reports/WC-U440/20260907T165200Z-closeout/iri/rest-structure.json
 create mode 100644 reports/WC-U440/20260907T165200Z-closeout/iri/rig-calibration.json
 create mode 100644 reports/WC-U440/20260907T165200Z-closeout/iri/sampled-motion.json
 create mode 100644 reports/WC-U440/20260907T165200Z-closeout/iri/side.png
 create mode 100644 reports/WC-U440/20260907T165200Z-closeout/iri/structural.json
 create mode 100644 reports/WC-U440/20260907T165200Z-closeout/iri/three-quarter.png
 create mode 100644 reports/WC-U440/20260907T165200Z-closeout/matrix-complete-inputs.log
 create mode 100644 reports/WC-U440/20260907T165200Z-closeout/matrix-corrected.log
 create mode 100644 reports/WC-U440/20260907T165200Z-closeout/matrix.log
 create mode 100644 reports/WC-U440/20260907T165200Z-closeout/oren-console.log
 create mode 100644 reports/WC-U440/20260907T165200Z-closeout/oren/Active-end.png
 create mode 100644 reports/WC-U440/20260907T165200Z-closeout/oren/Active-release.png
 create mode 100644 reports/WC-U440/20260907T165200Z-closeout/oren/Active-start.png
 create mode 100644 reports/WC-U440/20260907T165200Z-closeout/oren/Attack-end.png
 create mode 100644 reports/WC-U440/20260907T165200Z-closeout/oren/Attack-release.png
 create mode 100644 reports/WC-U440/20260907T165200Z-closeout/oren/Attack-start.png
 create mode 100644 reports/WC-U440/20260907T165200Z-closeout/oren/Defeat-end.png
 create mode 100644 reports/WC-U440/20260907T165200Z-closeout/oren/Defeat-release.png
 create mode 100644 reports/WC-U440/20260907T165200Z-closeout/oren/Defeat-start.png
 create mode 100644 reports/WC-U440/20260907T165200Z-closeout/oren/Hit-end.png
 create mode 100644 reports/WC-U440/20260907T165200Z-closeout/oren/Hit-release.png
 create mode 100644 reports/WC-U440/20260907T165200Z-closeout/oren/Hit-start.png
 create mode 100644 reports/WC-U440/20260907T165200Z-closeout/oren/Idle-end.png
 create mode 100644 reports/WC-U440/20260907T165200Z-closeout/oren/Idle-release.png
 create mode 100644 reports/WC-U440/20260907T165200Z-closeout/oren/Idle-start.png
 create mode 100644 reports/WC-U440/20260907T165200Z-closeout/oren/Move-end.png
 create mode 100644 reports/WC-U440/20260907T165200Z-closeout/oren/Move-release.png
 create mode 100644 reports/WC-U440/20260907T165200Z-closeout/oren/Move-start.png
 create mode 100644 reports/WC-U440/20260907T165200Z-closeout/oren/Victory-end.png
 create mode 100644 reports/WC-U440/20260907T165200Z-closeout/oren/Victory-release.png
 create mode 100644 reports/WC-U440/20260907T165200Z-closeout/oren/Victory-start.png
 create mode 100644 reports/WC-U440/20260907T165200Z-closeout/oren/all-frame-invariants.json
 create mode 100644 reports/WC-U440/20260907T165200Z-closeout/oren/back.png
 create mode 100644 reports/WC-U440/20260907T165200Z-closeout/oren/completed.json
 create mode 100644 reports/WC-U440/20260907T165200Z-closeout/oren/continuous-Active.mp4
 create mode 100644 reports/WC-U440/20260907T165200Z-closeout/oren/continuous-Attack.mp4
 create mode 100644 reports/WC-U440/20260907T165200Z-closeout/oren/continuous-Defeat.mp4
 create mode 100644 reports/WC-U440/20260907T165200Z-closeout/oren/continuous-Hit.mp4
 create mode 100644 reports/WC-U440/20260907T165200Z-closeout/oren/continuous-Idle.mp4
 create mode 100644 reports/WC-U440/20260907T165200Z-closeout/oren/continuous-Move.mp4
 create mode 100644 reports/WC-U440/20260907T165200Z-closeout/oren/continuous-Victory.mp4
 create mode 100644 reports/WC-U440/20260907T165200Z-closeout/oren/executed-author.py
 create mode 100644 reports/WC-U440/20260907T165200Z-closeout/oren/executed-ik-reach.json
 create mode 100644 reports/WC-U440/20260907T165200Z-closeout/oren/executed-profile.py
 create mode 100644 reports/WC-U440/20260907T165200Z-closeout/oren/face.png
 create mode 100644 reports/WC-U440/20260907T165200Z-closeout/oren/front.png
 create mode 100644 reports/WC-U440/20260907T165200Z-closeout/oren/game-angle.png
 create mode 100644 reports/WC-U440/20260907T165200Z-closeout/oren/input.json
 create mode 100644 reports/WC-U440/20260907T165200Z-closeout/oren/rest-structure.json
 create mode 100644 reports/WC-U440/20260907T165200Z-closeout/oren/rig-calibration.json
 create mode 100644 reports/WC-U440/20260907T165200Z-closeout/oren/sampled-motion.json
 create mode 100644 reports/WC-U440/20260907T165200Z-closeout/oren/side.png
 create mode 100644 reports/WC-U440/20260907T165200Z-closeout/oren/structural.json
 create mode 100644 reports/WC-U440/20260907T165200Z-closeout/oren/three-quarter.png
 create mode 100644 reports/WC-U440/20260907T165200Z-closeout/package-console.log
 create mode 100644 reports/WC-U440/20260907T165200Z-closeout/provenance.log
 create mode 100644 reports/WC-U440/20260907T165200Z-closeout/rok-publish.log
 create mode 100644 reports/WC-U440/20260907T165200Z-closeout/visual-and-import-review.json
 create mode 100644 reports/WC-U440/20260907T165200Z-closeout/wc_u_dragonkin_priest-readback.log
 create mode 100644 reports/WC-U440/20260907T165200Z-closeout/wc_u_dragonkin_priest-readback/executed-verifier.py
 create mode 100644 reports/WC-U440/20260907T165200Z-closeout/wc_u_dragonkin_priest-readback/fbx-video-validation.json
 create mode 100644 reports/WC-U440/20260907T165200Z-closeout/wc_u_dragonkin_priest-readback/saved-source-fbx/EXPORT-inspection.json
 create mode 100644 reports/WC-U440/20260907T165200Z-closeout/wc_u_dragonkin_priest-readback/saved-source-fbx/LOD_SOURCE-inspection.json
 create mode 100644 reports/WC-U440/20260907T165200Z-closeout/wc_u_dragonkin_priest-readback/saved-source-fbx/motion-invariants.json
 create mode 100644 reports/WC-U440/20260907T165200Z-closeout/wc_u_dragonkin_priest-readback/saved-source-fbx/published-verification.json
 create mode 100644 reports/WC-U440/20260907T165200Z-closeout/wc_u_dragonkin_priest-readback/silhouette96-front.png
 create mode 100644 reports/WC-U440/20260907T165200Z-closeout/wc_u_dragonkin_priest-readback/silhouette96-game-angle.png
 create mode 100644 reports/WC-U440/20260907T165200Z-closeout/wc_u_dragonkin_ranger-readback.log
 create mode 100644 reports/WC-U440/20260907T165200Z-closeout/wc_u_dragonkin_ranger-readback/executed-verifier.py
 create mode 100644 reports/WC-U440/20260907T165200Z-closeout/wc_u_dragonkin_ranger-readback/fbx-video-validation.json
 create mode 100644 reports/WC-U440/20260907T165200Z-closeout/wc_u_dragonkin_ranger-readback/saved-source-fbx/EXPORT-inspection.json
 create mode 100644 reports/WC-U440/20260907T165200Z-closeout/wc_u_dragonkin_ranger-readback/saved-source-fbx/LOD_SOURCE-inspection.json
 create mode 100644 reports/WC-U440/20260907T165200Z-closeout/wc_u_dragonkin_ranger-readback/saved-source-fbx/motion-invariants.json
 create mode 100644 reports/WC-U440/20260907T165200Z-closeout/wc_u_dragonkin_ranger-readback/saved-source-fbx/published-verification.json
 create mode 100644 reports/WC-U440/20260907T165200Z-closeout/wc_u_dragonkin_ranger-readback/silhouette96-front.png
 create mode 100644 reports/WC-U440/20260907T165200Z-closeout/wc_u_dragonkin_ranger-readback/silhouette96-game-angle.png
 create mode 100644 reports/WC-U440/20260907T165200Z-closeout/wc_u_dragonkin_rogue-readback.log
 create mode 100644 reports/WC-U440/20260907T165200Z-closeout/wc_u_dragonkin_rogue-readback/executed-verifier.py
 create mode 100644 reports/WC-U440/20260907T165200Z-closeout/wc_u_dragonkin_rogue-readback/fbx-video-validation.json
 create mode 100644 reports/WC-U440/20260907T165200Z-closeout/wc_u_dragonkin_rogue-readback/saved-source-fbx/EXPORT-inspection.json
 create mode 100644 reports/WC-U440/20260907T165200Z-closeout/wc_u_dragonkin_rogue-readback/saved-source-fbx/LOD_SOURCE-inspection.json
 create mode 100644 reports/WC-U440/20260907T165200Z-closeout/wc_u_dragonkin_rogue-readback/saved-source-fbx/motion-invariants.json
 create mode 100644 reports/WC-U440/20260907T165200Z-closeout/wc_u_dragonkin_rogue-readback/saved-source-fbx/published-verification.json
 create mode 100644 reports/WC-U440/20260907T165200Z-closeout/wc_u_dragonkin_rogue-readback/silhouette96-front.png
 create mode 100644 reports/WC-U440/20260907T165200Z-closeout/wc_u_dragonkin_rogue-readback/silhouette96-game-angle.png
 create mode 100644 reports/WC-U440/20260907T165200Z-closeout/wc_u_halfling_rogue-candidate.log
 create mode 100644 reports/WC-U440/20260907T165200Z-closeout/wc_u_halfling_rogue-fbx.log
 create mode 100644 reports/WC-U440/20260907T165200Z-closeout/wc_u_halfling_rogue-fbx/animation-fbx-readback.json
 create mode 100644 reports/WC-U440/20260907T165200Z-closeout/wc_u_halfling_rogue-fbx/executed-verifier.py
 create mode 100644 reports/WC-U440/20260907T165200Z-closeout/wc_u_halfling_rogue-publish.log
 create mode 100644 reports/WC-U440/20260907T165200Z-closeout/wc_u_halfling_rogue-windows/L-040.png
 create mode 100644 reports/WC-U440/20260907T165200Z-closeout/wc_u_halfling_rogue-windows/L-047.png
 create mode 100644 reports/WC-U440/20260907T165200Z-closeout/wc_u_halfling_rogue-windows/L-055.png
 create mode 100644 reports/WC-U440/20260907T165200Z-closeout/wc_u_halfling_rogue-windows/L-064.png
 create mode 100644 reports/WC-U440/20260907T165200Z-closeout/wc_u_halfling_rogue-windows/L-079.png
 create mode 100644 reports/WC-U440/20260907T165200Z-closeout/wc_u_halfling_rogue-windows/R-001.png
 create mode 100644 reports/WC-U440/20260907T165200Z-closeout/wc_u_halfling_rogue-windows/R-008.png
 create mode 100644 reports/WC-U440/20260907T165200Z-closeout/wc_u_halfling_rogue-windows/R-016.png
 create mode 100644 reports/WC-U440/20260907T165200Z-closeout/wc_u_halfling_rogue-windows/R-025.png
 create mode 100644 reports/WC-U440/20260907T165200Z-closeout/wc_u_halfling_rogue-windows/R-040.png
 create mode 100644 reports/WC-U440/20260907T165200Z-closeout/wc_u_halfling_rogue-windows/before-Attack.fbx
 create mode 100644 reports/WC-U440/20260907T165200Z-closeout/wc_u_halfling_rogue-windows/before-export-manifest.json
 create mode 100644 reports/WC-U440/20260907T165200Z-closeout/wc_u_halfling_rogue-windows/before.blend
 create mode 100644 reports/WC-U440/20260907T165200Z-closeout/wc_u_halfling_rogue-windows/candidate-result.json
 create mode 100644 reports/WC-U440/20260907T165200Z-closeout/wc_u_halfling_rogue-windows/candidate.blend
 create mode 100644 reports/WC-U440/20260907T165200Z-closeout/wc_u_halfling_rogue-windows/executed-candidate.py
 create mode 100644 reports/WC-U440/20260907T165200Z-closeout/wc_u_halfling_rogue-windows/executed-publish.py
 create mode 100644 reports/WC-U440/20260907T165200Z-closeout/wc_u_halfling_rogue-windows/normalized-export/AN_wc_u_halfling_rogue_Attack.fbx
 create mode 100644 reports/WC-U440/20260907T165200Z-closeout/wc_u_halfling_rogue-windows/published-result.json
 create mode 100644 reports/WC-U440/20260907T165200Z-closeout/wc_u_orc_rogue-candidate.log
 create mode 100644 reports/WC-U440/20260907T165200Z-closeout/wc_u_orc_rogue-fbx.log
 create mode 100644 reports/WC-U440/20260907T165200Z-closeout/wc_u_orc_rogue-fbx/animation-fbx-readback.json
 create mode 100644 reports/WC-U440/20260907T165200Z-closeout/wc_u_orc_rogue-fbx/executed-verifier.py
 create mode 100644 reports/WC-U440/20260907T165200Z-closeout/wc_u_orc_rogue-publish.log
 create mode 100644 reports/WC-U440/20260907T165200Z-closeout/wc_u_orc_rogue-windows/L-040.png
 create mode 100644 reports/WC-U440/20260907T165200Z-closeout/wc_u_orc_rogue-windows/L-047.png
 create mode 100644 reports/WC-U440/20260907T165200Z-closeout/wc_u_orc_rogue-windows/L-055.png
 create mode 100644 reports/WC-U440/20260907T165200Z-closeout/wc_u_orc_rogue-windows/L-064.png
 create mode 100644 reports/WC-U440/20260907T165200Z-closeout/wc_u_orc_rogue-windows/L-079.png
 create mode 100644 reports/WC-U440/20260907T165200Z-closeout/wc_u_orc_rogue-windows/R-001.png
 create mode 100644 reports/WC-U440/20260907T165200Z-closeout/wc_u_orc_rogue-windows/R-008.png
 create mode 100644 reports/WC-U440/20260907T165200Z-closeout/wc_u_orc_rogue-windows/R-016.png
 create mode 100644 reports/WC-U440/20260907T165200Z-closeout/wc_u_orc_rogue-windows/R-025.png
 create mode 100644 reports/WC-U440/20260907T165200Z-closeout/wc_u_orc_rogue-windows/R-040.png
 create mode 100644 reports/WC-U440/20260907T165200Z-closeout/wc_u_orc_rogue-windows/before-Attack.fbx
 create mode 100644 reports/WC-U440/20260907T165200Z-closeout/wc_u_orc_rogue-windows/before-export-manifest.json
 create mode 100644 reports/WC-U440/20260907T165200Z-closeout/wc_u_orc_rogue-windows/before.blend
 create mode 100644 reports/WC-U440/20260907T165200Z-closeout/wc_u_orc_rogue-windows/candidate-result.json
 create mode 100644 reports/WC-U440/20260907T165200Z-closeout/wc_u_orc_rogue-windows/candidate.blend
 create mode 100644 reports/WC-U440/20260907T165200Z-closeout/wc_u_orc_rogue-windows/executed-candidate.py
 create mode 100644 reports/WC-U440/20260907T165200Z-closeout/wc_u_orc_rogue-windows/executed-publish.py
 create mode 100644 reports/WC-U440/20260907T165200Z-closeout/wc_u_orc_rogue-windows/normalized-export/AN_wc_u_orc_rogue_Attack.fbx
 create mode 100644 reports/WC-U440/20260907T165200Z-closeout/wc_u_orc_rogue-windows/published-result.json
 create mode 100644 reports/WC-U440/20260907T165200Z-closeout/wc_u_orc_warrior-fbx.log
 create mode 100644 reports/WC-U440/20260907T165200Z-closeout/wc_u_orc_warrior-fbx/animation-fbx-readback.json
 create mode 100644 reports/WC-U440/20260907T165200Z-closeout/wc_u_orc_warrior-fbx/executed-verifier.py
 create mode 100644 reports/WC-U450/20260906T132337Z/wave-experiment/CatalogFixture.h
 create mode 100644 reports/WC-U450/20260906T132337Z/wave-experiment/compile.cmd
 create mode 100644 reports/WC-U450/20260906T132337Z/wave-experiment/compile.log
 create mode 100644 reports/WC-U450/20260906T132337Z/wave-experiment/experimental-factors.csv
 create mode 100644 reports/WC-U450/20260906T132337Z/wave-experiment/matches.csv
 create mode 100644 reports/WC-U450/20260906T132337Z/wave-experiment/measurement.log
 create mode 100644 reports/WC-U450/20260906T132337Z/wave-experiment/process.json
 create mode 100644 reports/WC-U450/20260906T132337Z/wave-experiment/wave-outcomes.csv
 create mode 100644 reports/WC-U450/20260906T132455Z/wave-experiment/CatalogFixture.h
 create mode 100644 reports/WC-U450/20260906T132455Z/wave-experiment/compile.cmd
 create mode 100644 reports/WC-U450/20260906T132455Z/wave-experiment/compile.log
 create mode 100644 reports/WC-U450/20260906T132455Z/wave-experiment/experimental-factors.csv
 create mode 100644 reports/WC-U450/20260906T132455Z/wave-experiment/matches.csv
 create mode 100644 reports/WC-U450/20260906T132455Z/wave-experiment/measurement.log
 create mode 100644 reports/WC-U450/20260906T132455Z/wave-experiment/process.json
 create mode 100644 reports/WC-U450/20260906T132455Z/wave-experiment/summary.json
 create mode 100644 reports/WC-U450/20260906T132455Z/wave-experiment/wave-outcomes.csv
 create mode 100644 reports/WC-U450/20260906T132728Z/wave-experiment/CatalogFixture.h
 create mode 100644 reports/WC-U450/20260906T132728Z/wave-experiment/compile.cmd
 create mode 100644 reports/WC-U450/20260906T132728Z/wave-experiment/compile.log
 create mode 100644 reports/WC-U450/20260906T132728Z/wave-experiment/experimental-factors.csv
 create mode 100644 reports/WC-U450/20260906T132728Z/wave-experiment/matches.csv
 create mode 100644 reports/WC-U450/20260906T132728Z/wave-experiment/measurement.log
 create mode 100644 reports/WC-U450/20260906T132728Z/wave-experiment/process.json
 create mode 100644 reports/WC-U450/20260906T132728Z/wave-experiment/summary.json
 create mode 100644 reports/WC-U450/20260906T132728Z/wave-experiment/wave-outcomes.csv
 create mode 100644 reports/WC-U450/20260906T132927Z/wave-experiment/CatalogFixture.h
 create mode 100644 reports/WC-U450/20260906T132927Z/wave-experiment/compile.cmd
 create mode 100644 reports/WC-U450/20260906T132927Z/wave-experiment/compile.log
 create mode 100644 reports/WC-U450/20260906T132927Z/wave-experiment/experimental-factors.csv
 create mode 100644 reports/WC-U450/20260906T132927Z/wave-experiment/matches.csv
 create mode 100644 reports/WC-U450/20260906T132927Z/wave-experiment/measurement.log
 create mode 100644 reports/WC-U450/20260906T132927Z/wave-experiment/process.json
 create mode 100644 reports/WC-U450/20260906T132927Z/wave-experiment/summary.json
 create mode 100644 reports/WC-U450/20260906T132927Z/wave-experiment/wave-outcomes.csv
 create mode 100644 reports/WC-U450/20260906T133137Z/wave-experiment/CatalogFixture.h
 create mode 100644 reports/WC-U450/20260906T133137Z/wave-experiment/compile.cmd
 create mode 100644 reports/WC-U450/20260906T133137Z/wave-experiment/compile.log
 create mode 100644 reports/WC-U450/20260906T133137Z/wave-experiment/experimental-factors.csv
 create mode 100644 reports/WC-U450/20260906T133137Z/wave-experiment/matches.csv
 create mode 100644 reports/WC-U450/20260906T133137Z/wave-experiment/measurement.log
 create mode 100644 reports/WC-U450/20260906T133137Z/wave-experiment/process.json
 create mode 100644 reports/WC-U450/20260906T133137Z/wave-experiment/summary.json
 create mode 100644 reports/WC-U450/20260906T133137Z/wave-experiment/wave-outcomes.csv
 create mode 100644 reports/WC-U450/20260906T134142Z/native-visual-actions/CatalogFixture.h
 create mode 100644 reports/WC-U450/20260906T134142Z/native-visual-actions/ability-coverage.csv
 create mode 100644 reports/WC-U450/20260906T134142Z/native-visual-actions/bot-decisions.csv
 create mode 100644 reports/WC-U450/20260906T134142Z/native-visual-actions/compile.cmd
 create mode 100644 reports/WC-U450/20260906T134142Z/native-visual-actions/compile.log
 create mode 100644 reports/WC-U450/20260906T134142Z/native-visual-actions/compositions.csv
 create mode 100644 reports/WC-U450/20260906T134142Z/native-visual-actions/encounter-outcomes.csv
 create mode 100644 reports/WC-U450/20260906T134142Z/native-visual-actions/mirror-combats.csv
 create mode 100644 reports/WC-U450/20260906T134142Z/native-visual-actions/process.json
 create mode 100644 reports/WC-U450/20260906T134142Z/native-visual-actions/round-economy.csv
 create mode 100644 reports/WC-U450/20260906T134142Z/native-visual-actions/runtime-tests.log
 create mode 100644 reports/WC-U450/20260906T134142Z/native-visual-actions/tournaments.csv
 create mode 100644 reports/WC-U450/20260906T134142Z/native-visual-actions/trait-coverage.csv
 create mode 100644 reports/WC-U450/20260906T134242Z/tuning-adoption/adoption.json
 create mode 100644 reports/WC-U450/20260906T134319Z/tuned-validation/catalog.log
 create mode 100644 reports/WC-U450/20260906T134319Z/tuned-validation/documents.log
 create mode 100644 reports/WC-U450/20260906T134319Z/tuned-validation/kit.log
 create mode 100644 reports/WC-U450/20260906T134319Z/tuned-validation/reference-fixtures-corrected.log
 create mode 100644 reports/WC-U450/20260906T134319Z/tuned-validation/reference.log
 create mode 100644 reports/WC-U450/20260906T134319Z/tuned-validation/result.json
 create mode 100644 reports/WC-U450/20260906T134818Z/native-tuned-100/CatalogFixture.h
 create mode 100644 reports/WC-U450/20260906T134818Z/native-tuned-100/ability-coverage.csv
 create mode 100644 reports/WC-U450/20260906T134818Z/native-tuned-100/bot-decisions.csv
 create mode 100644 reports/WC-U450/20260906T134818Z/native-tuned-100/compile.cmd
 create mode 100644 reports/WC-U450/20260906T134818Z/native-tuned-100/compile.log
 create mode 100644 reports/WC-U450/20260906T134818Z/native-tuned-100/compositions.csv
 create mode 100644 reports/WC-U450/20260906T134818Z/native-tuned-100/encounter-outcomes.csv
 create mode 100644 reports/WC-U450/20260906T134818Z/native-tuned-100/launcher.log
 create mode 100644 reports/WC-U450/20260906T134818Z/native-tuned-100/mirror-combats.csv
 create mode 100644 reports/WC-U450/20260906T134818Z/native-tuned-100/process.json
 create mode 100644 reports/WC-U450/20260906T134818Z/native-tuned-100/round-economy.csv
 create mode 100644 reports/WC-U450/20260906T134818Z/native-tuned-100/runtime-tests.log
 create mode 100644 reports/WC-U450/20260906T134818Z/native-tuned-100/summary.json
 create mode 100644 reports/WC-U450/20260906T134818Z/native-tuned-100/tournaments.csv
 create mode 100644 reports/WC-U450/20260906T134818Z/native-tuned-100/trait-coverage.csv
 create mode 100644 reports/WC-U450/20260906T135016Z/audio/audio.json
 create mode 100644 reports/WC-U450/20260906T135016Z/audio/generation.log
 create mode 100644 reports/WC-U450/20260906T135347Z/early-package-audit-02/HANDOFF.md
 create mode 100644 reports/WC-U450/20260906T135347Z/early-package-audit-02/regression-analysis.json
 create mode 100644 reports/WC-U450/20260906T135347Z/early-package-audit-03/HANDOFF.md
 create mode 100644 reports/WC-U450/20260906T135347Z/early-package-audit-03/regression-analysis.json
 create mode 100644 reports/WC-U450/20260906T135347Z/early-package-audit/HANDOFF.md
 create mode 100644 reports/WC-U450/20260906T135347Z/early-package-audit/extract-source.log
 create mode 100644 reports/WC-U450/20260906T135347Z/early-package-audit/package-source/WonderChess/Content/WonderChess/SourceData/asset_manifest.json
 create mode 100644 reports/WC-U450/20260906T135347Z/early-package-audit/package-source/WonderChess/Content/WonderChess/SourceData/bots.json
 create mode 100644 reports/WC-U450/20260906T135347Z/early-package-audit/package-source/WonderChess/Content/WonderChess/SourceData/generated/catalog_digest.json
 create mode 100644 reports/WC-U450/20260906T135347Z/early-package-audit/package-source/WonderChess/Content/WonderChess/SourceData/generated/unreal/DT_Abilities_Alpha.json
 create mode 100644 reports/WC-U450/20260906T135347Z/early-package-audit/package-source/WonderChess/Content/WonderChess/SourceData/generated/unreal/DT_Units_Alpha.json
 create mode 100644 reports/WC-U450/20260906T135347Z/early-package-audit/package-source/WonderChess/Content/WonderChess/SourceData/locales/en.json
 create mode 100644 reports/WC-U450/20260906T135347Z/early-package-audit/package-source/WonderChess/Content/WonderChess/SourceData/locales/id.json
 create mode 100644 reports/WC-U450/20260906T135347Z/early-package-audit/package-source/WonderChess/Content/WonderChess/SourceData/neutrals.json
 create mode 100644 reports/WC-U450/20260906T135347Z/early-package-audit/package-source/WonderChess/Content/WonderChess/SourceData/rules.alpha.json
 create mode 100644 reports/WC-U450/20260906T135347Z/early-package-audit/package-source/WonderChess/Content/WonderChess/SourceData/runtime_stage_manifest.json
 create mode 100644 reports/WC-U450/20260906T135347Z/early-package-audit/package-source/WonderChess/Content/WonderChess/SourceData/traits.json
 create mode 100644 reports/WC-U450/20260906T135347Z/early-package-audit/package-source/WonderChess/Content/WonderChess/SourceData/units.json
 create mode 100644 reports/WC-U450/20260906T135347Z/early-package-audit/package-source/WonderChess/Content/WonderChess/SourceData/world.json
 create mode 100644 reports/WC-U450/20260906T135347Z/early-package-audit/regression-analysis.json
 create mode 100644 reports/WC-U450/20260906T140347Z/early-package-audit-final-02/HANDOFF.md
 create mode 100644 reports/WC-U450/20260906T140347Z/early-package-audit-final-02/analyzer-tests.json
 create mode 100644 reports/WC-U450/20260906T140347Z/early-package-audit-final-02/analyzer-tests.log
 create mode 100644 reports/WC-U450/20260906T140347Z/early-package-audit-final-02/execution.json
 create mode 100644 reports/WC-U450/20260906T140347Z/early-package-audit-final-02/execution.log
 create mode 100644 reports/WC-U450/20260906T140347Z/early-package-audit-final-02/regression-analysis.json
 create mode 100644 reports/WC-U450/20260906T140347Z/early-package-audit-final/HANDOFF.md
 create mode 100644 reports/WC-U450/20260906T140347Z/early-package-audit-final/analyzer-tests.json
 create mode 100644 reports/WC-U450/20260906T140347Z/early-package-audit-final/analyzer-tests.log
 create mode 100644 reports/WC-U450/20260906T140347Z/early-package-audit-final/execution.json
 create mode 100644 reports/WC-U450/20260906T140347Z/early-package-audit-final/execution.log
 create mode 100644 reports/WC-U450/20260906T140347Z/early-package-audit-final/regression-analysis.json
 create mode 100644 reports/WC-U450/20260906T141625Z/skill-aware-bots/CatalogFixture.h
 create mode 100644 reports/WC-U450/20260906T141625Z/skill-aware-bots/compile.cmd
 create mode 100644 reports/WC-U450/20260906T141625Z/skill-aware-bots/compile.log
 create mode 100644 reports/WC-U450/20260906T141625Z/skill-aware-bots/driver.log
 create mode 100644 reports/WC-U450/20260906T141625Z/skill-aware-bots/process.json
 create mode 100644 reports/WC-U450/20260906T141849Z/skill-aware-bots-check/CatalogFixture.h
 create mode 100644 reports/WC-U450/20260906T141849Z/skill-aware-bots-check/compile.cmd
 create mode 100644 reports/WC-U450/20260906T141849Z/skill-aware-bots-check/compile.log
 create mode 100644 reports/WC-U450/20260906T141849Z/skill-aware-bots-check/driver.log
 create mode 100644 reports/WC-U450/20260906T141849Z/skill-aware-bots-check/process.json
 create mode 100644 reports/WC-U450/20260906T141849Z/skill-aware-bots-check/runtime-tests.log
 create mode 100644 reports/WC-U450/20260906T142005Z/skill-aware-bots-fixed/CatalogFixture.h
 create mode 100644 reports/WC-U450/20260906T142005Z/skill-aware-bots-fixed/compile.cmd
 create mode 100644 reports/WC-U450/20260906T142005Z/skill-aware-bots-fixed/compile.log
 create mode 100644 reports/WC-U450/20260906T142005Z/skill-aware-bots-fixed/driver.log
 create mode 100644 reports/WC-U450/20260906T142005Z/skill-aware-bots-fixed/process.json
 create mode 100644 reports/WC-U450/20260906T142005Z/skill-aware-bots-fixed/runtime-tests.log
 create mode 100644 reports/WC-U450/20260906T142228Z/skill-aware-bots-current/CatalogFixture.h
 create mode 100644 reports/WC-U450/20260906T142228Z/skill-aware-bots-current/ability-coverage.csv
 create mode 100644 reports/WC-U450/20260906T142228Z/skill-aware-bots-current/bot-decisions.csv
 create mode 100644 reports/WC-U450/20260906T142228Z/skill-aware-bots-current/compile.cmd
 create mode 100644 reports/WC-U450/20260906T142228Z/skill-aware-bots-current/compile.log
 create mode 100644 reports/WC-U450/20260906T142228Z/skill-aware-bots-current/compositions.csv
 create mode 100644 reports/WC-U450/20260906T142228Z/skill-aware-bots-current/driver.log
 create mode 100644 reports/WC-U450/20260906T142228Z/skill-aware-bots-current/encounter-outcomes.csv
 create mode 100644 reports/WC-U450/20260906T142228Z/skill-aware-bots-current/mirror-combats.csv
 create mode 100644 reports/WC-U450/20260906T142228Z/skill-aware-bots-current/policy-comparison.json
 create mode 100644 reports/WC-U450/20260906T142228Z/skill-aware-bots-current/process.json
 create mode 100644 reports/WC-U450/20260906T142228Z/skill-aware-bots-current/round-economy.csv
 create mode 100644 reports/WC-U450/20260906T142228Z/skill-aware-bots-current/runtime-tests.log
 create mode 100644 reports/WC-U450/20260906T142228Z/skill-aware-bots-current/summary.json
 create mode 100644 reports/WC-U450/20260906T142228Z/skill-aware-bots-current/tournaments.csv
 create mode 100644 reports/WC-U450/20260906T142228Z/skill-aware-bots-current/trait-coverage.csv
 create mode 100644 reports/WC-U450/20260906T142613Z/current-validation/catalog.log
 create mode 100644 reports/WC-U450/20260906T142613Z/current-validation/documents.log
 create mode 100644 reports/WC-U450/20260906T142613Z/current-validation/git-add.log
 create mode 100644 reports/WC-U450/20260906T142613Z/current-validation/kit.log
 create mode 100644 reports/WC-U450/20260906T142613Z/current-validation/python.log
 create mode 100644 reports/WC-U450/20260906T142613Z/current-validation/results.json
 create mode 100644 reports/WC-U450/20260906T143320Z/equal-investment-counters/CatalogFixture.h
 create mode 100644 reports/WC-U450/20260906T143320Z/equal-investment-counters/compile.cmd
 create mode 100644 reports/WC-U450/20260906T143320Z/equal-investment-counters/compile.log
 create mode 100644 reports/WC-U450/20260906T143320Z/equal-investment-counters/compiler-location.txt
 create mode 100644 reports/WC-U450/20260906T143320Z/equal-investment-counters/counter-summary.csv
 create mode 100644 reports/WC-U450/20260906T143320Z/equal-investment-counters/deployments.csv
 create mode 100644 reports/WC-U450/20260906T143320Z/equal-investment-counters/events.csv
 create mode 100644 reports/WC-U450/20260906T143320Z/equal-investment-counters/outcomes.csv
 create mode 100644 reports/WC-U450/20260906T143320Z/equal-investment-counters/process.json
 create mode 100644 reports/WC-U450/20260906T143320Z/equal-investment-counters/run.log
 create mode 100644 reports/WC-U450/20260906T143320Z/equal-investment-counters/source/Simulation/WonderSimulation.h
 create mode 100644 reports/WC-U450/20260906T143320Z/equal-investment-counters/source/WonderSimulation.cpp
 create mode 100644 reports/WC-U450/20260906T143320Z/equal-investment-counters/source/measure_update_counters.cpp
 create mode 100644 reports/WC-U450/20260906T143320Z/equal-investment-counters/summary.json
 create mode 100644 reports/WC-U450/20260906T143320Z/equal-investment-counters/unit-outcomes.csv
 create mode 100644 reports/WC-U450/20260906T143445Z/equal-investment-counters-final/CatalogFixture.h
 create mode 100644 reports/WC-U450/20260906T143445Z/equal-investment-counters-final/HANDOFF.md
 create mode 100644 reports/WC-U450/20260906T143445Z/equal-investment-counters-final/analyze_measurements.py
 create mode 100644 reports/WC-U450/20260906T143445Z/equal-investment-counters-final/compile.cmd
 create mode 100644 reports/WC-U450/20260906T143445Z/equal-investment-counters-final/compile.log
 create mode 100644 reports/WC-U450/20260906T143445Z/equal-investment-counters-final/compiler-location.txt
 create mode 100644 reports/WC-U450/20260906T143445Z/equal-investment-counters-final/counter-analysis.json
 create mode 100644 reports/WC-U450/20260906T143445Z/equal-investment-counters-final/counter-summary.csv
 create mode 100644 reports/WC-U450/20260906T143445Z/equal-investment-counters-final/deployments.csv
 create mode 100644 reports/WC-U450/20260906T143445Z/equal-investment-counters-final/events.csv
 create mode 100644 reports/WC-U450/20260906T143445Z/equal-investment-counters-final/outcomes.csv
 create mode 100644 reports/WC-U450/20260906T143445Z/equal-investment-counters-final/process.json
 create mode 100644 reports/WC-U450/20260906T143445Z/equal-investment-counters-final/run.log
 create mode 100644 reports/WC-U450/20260906T143445Z/equal-investment-counters-final/source/Simulation/WonderSimulation.h
 create mode 100644 reports/WC-U450/20260906T143445Z/equal-investment-counters-final/source/WonderSimulation.cpp
 create mode 100644 reports/WC-U450/20260906T143445Z/equal-investment-counters-final/source/measure_update_counters.cpp
 create mode 100644 reports/WC-U450/20260906T143445Z/equal-investment-counters-final/summary.json
 create mode 100644 reports/WC-U450/20260906T143445Z/equal-investment-counters-final/unit-outcomes.csv
 create mode 100644 reports/WC-U450/20260906T144159Z/asset-readiness/asset-readiness.json
 create mode 100644 reports/WC-U450/20260906T144159Z/asset-readiness/check_utility.py
 create mode 100644 reports/WC-U450/20260906T144159Z/asset-readiness/hero-clips-168.csv
 create mode 100644 reports/WC-U450/20260906T144159Z/asset-readiness/neutral-clips.csv
 create mode 100644 reports/WC-U450/20260906T144159Z/asset-readiness/utility-checks.json
 create mode 100644 reports/WC-U450/20260906T144303Z/asset-readiness-final/HANDOFF.md
 create mode 100644 reports/WC-U450/20260906T144303Z/asset-readiness-final/asset-readiness.json
 create mode 100644 reports/WC-U450/20260906T144303Z/asset-readiness-final/hero-clips-168.csv
 create mode 100644 reports/WC-U450/20260906T144303Z/asset-readiness-final/neutral-clips.csv
 create mode 100644 reports/WC-U450/20260906T144303Z/asset-readiness-final/verification.json
 create mode 100644 reports/WC-U450/20260906T145345Z/restart-preflight/actual-early-payload-preflight.json
 create mode 100644 reports/WC-U450/20260906T145345Z/restart-preflight/auditor-fixture/extra.pak
 create mode 100644 reports/WC-U450/20260906T145345Z/restart-preflight/auditor-fixture/payload.pak
 create mode 100644 reports/WC-U450/20260906T145345Z/restart-preflight/auditor-focused-checks.json
 create mode 100644 reports/WC-U450/20260906T145345Z/restart-preflight/check_auditor.py
 create mode 100644 reports/WC-U450/20260906T145345Z/restart-preflight/check_runner.ps1
 create mode 100644 reports/WC-U450/20260906T145345Z/restart-preflight/checks.json
 create mode 100644 reports/WC-U450/20260906T145345Z/restart-preflight/fixture-package/Saved/runtime.log
 create mode 100644 reports/WC-U450/20260906T145345Z/restart-preflight/fixture-package/payload.pak
 create mode 100644 reports/WC-U450/20260906T145345Z/restart-preflight/fixture-package/unexpected.pak
 create mode 100644 reports/WC-U450/20260906T145345Z/restart-preflight/runner-negative-checks.json
 create mode 100644 reports/WC-U450/20260906T145345Z/restart-preflight/transition-checks.log
 create mode 100644 reports/WC-U450/20260906T150041Z/cold-namespace/automation/index.html
 create mode 100644 reports/WC-U450/20260906T150041Z/cold-namespace/automation/index.json
 create mode 100644 reports/WC-U450/20260906T150041Z/cold-namespace/console.log
 create mode 100644 reports/WC-U450/20260906T150041Z/cold-namespace/editor.log
 create mode 100644 reports/WC-U450/20260906T150041Z/cold-namespace/process-exit.json
 create mode 100644 reports/WC-U450/20260906T150416Z/payload-preflight-fixtures/changed-ucas-manifest.json
 create mode 100644 reports/WC-U450/20260906T150416Z/payload-preflight-fixtures/changed-ucas-trial.json
 create mode 100644 reports/WC-U450/20260906T150416Z/payload-preflight-fixtures/changed-ucas/fixture.exe
 create mode 100644 reports/WC-U450/20260906T150416Z/payload-preflight-fixtures/changed-ucas/fixture.pak
 create mode 100644 reports/WC-U450/20260906T150416Z/payload-preflight-fixtures/changed-ucas/fixture.ucas
 create mode 100644 reports/WC-U450/20260906T150416Z/payload-preflight-fixtures/duplicate-entry-manifest.json
 create mode 100644 reports/WC-U450/20260906T150416Z/payload-preflight-fixtures/duplicate-entry-trial.json
 create mode 100644 reports/WC-U450/20260906T150416Z/payload-preflight-fixtures/duplicate-entry/fixture.exe
 create mode 100644 reports/WC-U450/20260906T150416Z/payload-preflight-fixtures/duplicate-entry/fixture.pak
 create mode 100644 reports/WC-U450/20260906T150416Z/payload-preflight-fixtures/duplicate-entry/fixture.ucas
 create mode 100644 reports/WC-U450/20260906T150416Z/payload-preflight-fixtures/legacy-executable-only-manifest.json
 create mode 100644 reports/WC-U450/20260906T150416Z/payload-preflight-fixtures/legacy-executable-only-trial.json
 create mode 100644 reports/WC-U450/20260906T150416Z/payload-preflight-fixtures/legacy-executable-only/fixture.exe
 create mode 100644 reports/WC-U450/20260906T150416Z/payload-preflight-fixtures/legacy-executable-only/fixture.pak
 create mode 100644 reports/WC-U450/20260906T150416Z/payload-preflight-fixtures/legacy-executable-only/fixture.ucas
 create mode 100644 reports/WC-U450/20260906T150416Z/payload-preflight-fixtures/missing-file-manifest.json
 create mode 100644 reports/WC-U450/20260906T150416Z/payload-preflight-fixtures/missing-file-trial.json
 create mode 100644 reports/WC-U450/20260906T150416Z/payload-preflight-fixtures/missing-file/fixture.exe
 create mode 100644 reports/WC-U450/20260906T150416Z/payload-preflight-fixtures/missing-file/fixture.pak
 create mode 100644 reports/WC-U450/20260906T150416Z/payload-preflight-fixtures/missing-file/fixture.ucas
 create mode 100644 reports/WC-U450/20260906T150416Z/payload-preflight-fixtures/outside-root-manifest.json
 create mode 100644 reports/WC-U450/20260906T150416Z/payload-preflight-fixtures/outside-root-trial.json
 create mode 100644 reports/WC-U450/20260906T150416Z/payload-preflight-fixtures/outside-root/fixture.exe
 create mode 100644 reports/WC-U450/20260906T150416Z/payload-preflight-fixtures/outside-root/fixture.pak
 create mode 100644 reports/WC-U450/20260906T150416Z/payload-preflight-fixtures/outside-root/fixture.ucas
 create mode 100644 reports/WC-U450/20260906T150416Z/payload-preflight-fixtures/outside.fixture
 create mode 100644 reports/WC-U450/20260906T150416Z/payload-preflight-fixtures/preflight-fixture-results.json
 create mode 100644 reports/WC-U450/20260906T150416Z/payload-preflight-fixtures/python-auditor-fixture-results.json
 create mode 100644 reports/WC-U450/20260906T150416Z/payload-preflight-fixtures/runtime-saved-manifest.json
 create mode 100644 reports/WC-U450/20260906T150416Z/payload-preflight-fixtures/runtime-saved-trial.json
 create mode 100644 reports/WC-U450/20260906T150416Z/payload-preflight-fixtures/runtime-saved/WonderChess/Saved/session.json
 create mode 100644 reports/WC-U450/20260906T150416Z/payload-preflight-fixtures/runtime-saved/fixture.exe
 create mode 100644 reports/WC-U450/20260906T150416Z/payload-preflight-fixtures/runtime-saved/fixture.pak
 create mode 100644 reports/WC-U450/20260906T150416Z/payload-preflight-fixtures/runtime-saved/fixture.ucas
 create mode 100644 reports/WC-U450/20260906T150416Z/payload-preflight-fixtures/unexpected-file-manifest.json
 create mode 100644 reports/WC-U450/20260906T150416Z/payload-preflight-fixtures/unexpected-file-trial.json
 create mode 100644 reports/WC-U450/20260906T150416Z/payload-preflight-fixtures/unexpected-file/fixture.exe
 create mode 100644 reports/WC-U450/20260906T150416Z/payload-preflight-fixtures/unexpected-file/fixture.pak
 create mode 100644 reports/WC-U450/20260906T150416Z/payload-preflight-fixtures/unexpected-file/fixture.ucas
 create mode 100644 reports/WC-U450/20260906T150416Z/payload-preflight-fixtures/unexpected-file/unexpected.dll
 create mode 100644 reports/WC-U450/20260906T150416Z/payload-preflight-fixtures/valid-manifest.json
 create mode 100644 reports/WC-U450/20260906T150416Z/payload-preflight-fixtures/valid-trial.json
 create mode 100644 reports/WC-U450/20260906T150416Z/payload-preflight-fixtures/valid/fixture.exe
 create mode 100644 reports/WC-U450/20260906T150416Z/payload-preflight-fixtures/valid/fixture.pak
 create mode 100644 reports/WC-U450/20260906T150416Z/payload-preflight-fixtures/valid/fixture.ucas
 create mode 100644 reports/WC-U450/20260906T150416Z/powershell-parse.json
 create mode 100644 reports/WC-U450/20260906T150416Z/shipping-wrapper-handoff.md
 create mode 100644 reports/WC-U450/20260906T150920Z/integrated100/launch.json
 create mode 100644 reports/WC-U450/20260906T150920Z/integrated100/process-exit.json
 create mode 100644 reports/WC-U450/20260906T150920Z/integrated100/regression.json
 create mode 100644 reports/WC-U450/20260906T151309Z/integrated-package-audit/extract.log
 create mode 100644 reports/WC-U450/20260906T151309Z/integrated-package-audit/extraction.json
 create mode 100644 reports/WC-U450/20260906T151630Z/integrated-package-audit-fixed/audit/HANDOFF.md
 create mode 100644 reports/WC-U450/20260906T151630Z/integrated-package-audit-fixed/audit/regression-analysis.json
 create mode 100644 reports/WC-U450/20260906T151630Z/integrated-package-audit-fixed/extract.log
 create mode 100644 reports/WC-U450/20260906T151630Z/integrated-package-audit-fixed/extraction.json
 create mode 100644 reports/WC-U450/20260906T151630Z/integrated-package-audit-fixed/package-source/WonderChess/Content/WonderChess/SourceData/asset_manifest.json
 create mode 100644 reports/WC-U450/20260906T151630Z/integrated-package-audit-fixed/package-source/WonderChess/Content/WonderChess/SourceData/bots.json
 create mode 100644 reports/WC-U450/20260906T151630Z/integrated-package-audit-fixed/package-source/WonderChess/Content/WonderChess/SourceData/generated/catalog_digest.json
 create mode 100644 reports/WC-U450/20260906T151630Z/integrated-package-audit-fixed/package-source/WonderChess/Content/WonderChess/SourceData/generated/unreal/DT_Abilities_Alpha.json
 create mode 100644 reports/WC-U450/20260906T151630Z/integrated-package-audit-fixed/package-source/WonderChess/Content/WonderChess/SourceData/generated/unreal/DT_Units_Alpha.json
 create mode 100644 reports/WC-U450/20260906T151630Z/integrated-package-audit-fixed/package-source/WonderChess/Content/WonderChess/SourceData/locales/en.json
 create mode 100644 reports/WC-U450/20260906T151630Z/integrated-package-audit-fixed/package-source/WonderChess/Content/WonderChess/SourceData/locales/id.json
 create mode 100644 reports/WC-U450/20260906T151630Z/integrated-package-audit-fixed/package-source/WonderChess/Content/WonderChess/SourceData/neutrals.json
 create mode 100644 reports/WC-U450/20260906T151630Z/integrated-package-audit-fixed/package-source/WonderChess/Content/WonderChess/SourceData/rules.alpha.json
 create mode 100644 reports/WC-U450/20260906T151630Z/integrated-package-audit-fixed/package-source/WonderChess/Content/WonderChess/SourceData/runtime_stage_manifest.json
 create mode 100644 reports/WC-U450/20260906T151630Z/integrated-package-audit-fixed/package-source/WonderChess/Content/WonderChess/SourceData/traits.json
 create mode 100644 reports/WC-U450/20260906T151630Z/integrated-package-audit-fixed/package-source/WonderChess/Content/WonderChess/SourceData/units.json
 create mode 100644 reports/WC-U450/20260906T151630Z/integrated-package-audit-fixed/package-source/WonderChess/Content/WonderChess/SourceData/world.json
 create mode 100644 reports/WC-U450/20260906T152011Z-frame-analysis/focused-fixtures.log
 create mode 100644 reports/WC-U450/20260906T152011Z-frame-analysis/frame-summarizer-handoff.md
 create mode 100644 reports/WC-U450/20260906T152011Z-frame-analysis/integrated-gallery-preliminary.json
 create mode 100644 reports/WC-U450/20260906T152237Z/integrated-two-restarts/functional-audit/audit.json
 create mode 100644 reports/WC-U450/20260906T152237Z/integrated-two-restarts/functional-audit/audit.md
 create mode 100644 reports/WC-U450/20260906T152237Z/integrated-two-restarts/gpu-before.csv
 create mode 100644 reports/WC-U450/20260906T152237Z/integrated-two-restarts/launch.json
 create mode 100644 reports/WC-U450/20260906T152237Z/integrated-two-restarts/match-0-seat-0-pid-38968-frames.csv
 create mode 100644 reports/WC-U450/20260906T152237Z/integrated-two-restarts/match-0-seat-0-pid-38968-phase--1-round-0.png
 create mode 100644 reports/WC-U450/20260906T152237Z/integrated-two-restarts/match-0-seat-0-pid-38968-session.json
 create mode 100644 reports/WC-U450/20260906T152237Z/integrated-two-restarts/match-0-seat-0-pid-38968-snapshots.jsonl
 create mode 100644 reports/WC-U450/20260906T152237Z/integrated-two-restarts/match-1-seat-0-pid-38968-active-def-0.png
 create mode 100644 reports/WC-U450/20260906T152237Z/integrated-two-restarts/match-1-seat-0-pid-38968-active-def-12.png
 create mode 100644 reports/WC-U450/20260906T152237Z/integrated-two-restarts/match-1-seat-0-pid-38968-active-def-15.png
 create mode 100644 reports/WC-U450/20260906T152237Z/integrated-two-restarts/match-1-seat-0-pid-38968-active-def-16.png
 create mode 100644 reports/WC-U450/20260906T152237Z/integrated-two-restarts/match-1-seat-0-pid-38968-active-def-17.png
 create mode 100644 reports/WC-U450/20260906T152237Z/integrated-two-restarts/match-1-seat-0-pid-38968-active-def-18.png
 create mode 100644 reports/WC-U450/20260906T152237Z/integrated-two-restarts/match-1-seat-0-pid-38968-active-def-2.png
 create mode 100644 reports/WC-U450/20260906T152237Z/integrated-two-restarts/match-1-seat-0-pid-38968-active-def-20.png
 create mode 100644 reports/WC-U450/20260906T152237Z/integrated-two-restarts/match-1-seat-0-pid-38968-active-def-21.png
 create mode 100644 reports/WC-U450/20260906T152237Z/integrated-two-restarts/match-1-seat-0-pid-38968-active-def-23.png
 create mode 100644 reports/WC-U450/20260906T152237Z/integrated-two-restarts/match-1-seat-0-pid-38968-active-def-3.png
 create mode 100644 reports/WC-U450/20260906T152237Z/integrated-two-restarts/match-1-seat-0-pid-38968-active-def-4.png
 create mode 100644 reports/WC-U450/20260906T152237Z/integrated-two-restarts/match-1-seat-0-pid-38968-active-def-5.png
 create mode 100644 reports/WC-U450/20260906T152237Z/integrated-two-restarts/match-1-seat-0-pid-38968-active-def-6.png
 create mode 100644 reports/WC-U450/20260906T152237Z/integrated-two-restarts/match-1-seat-0-pid-38968-active-def-7.png
 create mode 100644 reports/WC-U450/20260906T152237Z/integrated-two-restarts/match-1-seat-0-pid-38968-active-def-8.png
 create mode 100644 reports/WC-U450/20260906T152237Z/integrated-two-restarts/match-1-seat-0-pid-38968-active-def-9.png
 create mode 100644 reports/WC-U450/20260906T152237Z/integrated-two-restarts/match-1-seat-0-pid-38968-commands.jsonl
 create mode 100644 reports/WC-U450/20260906T152237Z/integrated-two-restarts/match-1-seat-0-pid-38968-frames.csv
 create mode 100644 reports/WC-U450/20260906T152237Z/integrated-two-restarts/match-1-seat-0-pid-38968-phase-0-round-1.png
 create mode 100644 reports/WC-U450/20260906T152237Z/integrated-two-restarts/match-1-seat-0-pid-38968-phase-0-round-10.png
 create mode 100644 reports/WC-U450/20260906T152237Z/integrated-two-restarts/match-1-seat-0-pid-38968-phase-0-round-11.png
 create mode 100644 reports/WC-U450/20260906T152237Z/integrated-two-restarts/match-1-seat-0-pid-38968-phase-0-round-12.png
 create mode 100644 reports/WC-U450/20260906T152237Z/integrated-two-restarts/match-1-seat-0-pid-38968-phase-0-round-13.png
 create mode 100644 reports/WC-U450/20260906T152237Z/integrated-two-restarts/match-1-seat-0-pid-38968-phase-0-round-14.png
 create mode 100644 reports/WC-U450/20260906T152237Z/integrated-two-restarts/match-1-seat-0-pid-38968-phase-0-round-17.png
 create mode 100644 reports/WC-U450/20260906T152237Z/integrated-two-restarts/match-1-seat-0-pid-38968-phase-0-round-2.png
 create mode 100644 reports/WC-U450/20260906T152237Z/integrated-two-restarts/match-1-seat-0-pid-38968-phase-0-round-27.png
 create mode 100644 reports/WC-U450/20260906T152237Z/integrated-two-restarts/match-1-seat-0-pid-38968-phase-0-round-3.png
 create mode 100644 reports/WC-U450/20260906T152237Z/integrated-two-restarts/match-1-seat-0-pid-38968-phase-0-round-4.png
 create mode 100644 reports/WC-U450/20260906T152237Z/integrated-two-restarts/match-1-seat-0-pid-38968-phase-0-round-5.png
 create mode 100644 reports/WC-U450/20260906T152237Z/integrated-two-restarts/match-1-seat-0-pid-38968-phase-0-round-6.png
 create mode 100644 reports/WC-U450/20260906T152237Z/integrated-two-restarts/match-1-seat-0-pid-38968-phase-0-round-7.png
 create mode 100644 reports/WC-U450/20260906T152237Z/integrated-two-restarts/match-1-seat-0-pid-38968-phase-0-round-8.png
 create mode 100644 reports/WC-U450/20260906T152237Z/integrated-two-restarts/match-1-seat-0-pid-38968-phase-0-round-9.png
 create mode 100644 reports/WC-U450/20260906T152237Z/integrated-two-restarts/match-1-seat-0-pid-38968-phase-1-round-1.png
 create mode 100644 reports/WC-U450/20260906T152237Z/integrated-two-restarts/match-1-seat-0-pid-38968-phase-1-round-10.png
 create mode 100644 reports/WC-U450/20260906T152237Z/integrated-two-restarts/match-1-seat-0-pid-38968-phase-1-round-11.png
 create mode 100644 reports/WC-U450/20260906T152237Z/integrated-two-restarts/match-1-seat-0-pid-38968-phase-1-round-12.png
 create mode 100644 reports/WC-U450/20260906T152237Z/integrated-two-restarts/match-1-seat-0-pid-38968-phase-1-round-13.png
 create mode 100644 reports/WC-U450/20260906T152237Z/integrated-two-restarts/match-1-seat-0-pid-38968-phase-1-round-14.png
 create mode 100644 reports/WC-U450/20260906T152237Z/integrated-two-restarts/match-1-seat-0-pid-38968-phase-1-round-15.png
 create mode 100644 reports/WC-U450/20260906T152237Z/integrated-two-restarts/match-1-seat-0-pid-38968-phase-1-round-16.png
 create mode 100644 reports/WC-U450/20260906T152237Z/integrated-two-restarts/match-1-seat-0-pid-38968-phase-1-round-17.png
 create mode 100644 reports/WC-U450/20260906T152237Z/integrated-two-restarts/match-1-seat-0-pid-38968-phase-1-round-18.png
 create mode 100644 reports/WC-U450/20260906T152237Z/integrated-two-restarts/match-1-seat-0-pid-38968-phase-1-round-19.png
 create mode 100644 reports/WC-U450/20260906T152237Z/integrated-two-restarts/match-1-seat-0-pid-38968-phase-1-round-2.png
 create mode 100644 reports/WC-U450/20260906T152237Z/integrated-two-restarts/match-1-seat-0-pid-38968-phase-1-round-20.png
 create mode 100644 reports/WC-U450/20260906T152237Z/integrated-two-restarts/match-1-seat-0-pid-38968-phase-1-round-21.png
 create mode 100644 reports/WC-U450/20260906T152237Z/integrated-two-restarts/match-1-seat-0-pid-38968-phase-1-round-22.png
 create mode 100644 reports/WC-U450/20260906T152237Z/integrated-two-restarts/match-1-seat-0-pid-38968-phase-1-round-23.png
 create mode 100644 reports/WC-U450/20260906T152237Z/integrated-two-restarts/match-1-seat-0-pid-38968-phase-1-round-24.png
 create mode 100644 reports/WC-U450/20260906T152237Z/integrated-two-restarts/match-1-seat-0-pid-38968-phase-1-round-25.png
 create mode 100644 reports/WC-U450/20260906T152237Z/integrated-two-restarts/match-1-seat-0-pid-38968-phase-1-round-26.png
 create mode 100644 reports/WC-U450/20260906T152237Z/integrated-two-restarts/match-1-seat-0-pid-38968-phase-1-round-27.png
 create mode 100644 reports/WC-U450/20260906T152237Z/integrated-two-restarts/match-1-seat-0-pid-38968-phase-1-round-28.png
 create mode 100644 reports/WC-U450/20260906T152237Z/integrated-two-restarts/match-1-seat-0-pid-38968-phase-1-round-3.png
 create mode 100644 reports/WC-U450/20260906T152237Z/integrated-two-restarts/match-1-seat-0-pid-38968-phase-1-round-4.png
 create mode 100644 reports/WC-U450/20260906T152237Z/integrated-two-restarts/match-1-seat-0-pid-38968-phase-1-round-5.png
 create mode 100644 reports/WC-U450/20260906T152237Z/integrated-two-restarts/match-1-seat-0-pid-38968-phase-1-round-6.png
 create mode 100644 reports/WC-U450/20260906T152237Z/integrated-two-restarts/match-1-seat-0-pid-38968-phase-1-round-7.png
 create mode 100644 reports/WC-U450/20260906T152237Z/integrated-two-restarts/match-1-seat-0-pid-38968-phase-1-round-8.png
 create mode 100644 reports/WC-U450/20260906T152237Z/integrated-two-restarts/match-1-seat-0-pid-38968-phase-1-round-9.png
 create mode 100644 reports/WC-U450/20260906T152237Z/integrated-two-restarts/match-1-seat-0-pid-38968-phase-3-round-28.png
 create mode 100644 reports/WC-U450/20260906T152237Z/integrated-two-restarts/match-1-seat-0-pid-38968-session.json
 create mode 100644 reports/WC-U450/20260906T152237Z/integrated-two-restarts/match-1-seat-0-pid-38968-skill-shots.jsonl
 create mode 100644 reports/WC-U450/20260906T152237Z/integrated-two-restarts/match-1-seat-0-pid-38968-snapshots.jsonl
 create mode 100644 reports/WC-U450/20260906T152237Z/integrated-two-restarts/match-2-seat-0-pid-38968-active-def-0.png
 create mode 100644 reports/WC-U450/20260906T152237Z/integrated-two-restarts/match-2-seat-0-pid-38968-active-def-1.png
 create mode 100644 reports/WC-U450/20260906T152237Z/integrated-two-restarts/match-2-seat-0-pid-38968-active-def-10.png
 create mode 100644 reports/WC-U450/20260906T152237Z/integrated-two-restarts/match-2-seat-0-pid-38968-active-def-12.png
 create mode 100644 reports/WC-U450/20260906T152237Z/integrated-two-restarts/match-2-seat-0-pid-38968-active-def-15.png
 create mode 100644 reports/WC-U450/20260906T152237Z/integrated-two-restarts/match-2-seat-0-pid-38968-active-def-16.png
 create mode 100644 reports/WC-U450/20260906T152237Z/integrated-two-restarts/match-2-seat-0-pid-38968-active-def-17.png
 create mode 100644 reports/WC-U450/20260906T152237Z/integrated-two-restarts/match-2-seat-0-pid-38968-active-def-18.png
 create mode 100644 reports/WC-U450/20260906T152237Z/integrated-two-restarts/match-2-seat-0-pid-38968-active-def-19.png
 create mode 100644 reports/WC-U450/20260906T152237Z/integrated-two-restarts/match-2-seat-0-pid-38968-active-def-2.png
 create mode 100644 reports/WC-U450/20260906T152237Z/integrated-two-restarts/match-2-seat-0-pid-38968-active-def-3.png
 create mode 100644 reports/WC-U450/20260906T152237Z/integrated-two-restarts/match-2-seat-0-pid-38968-active-def-4.png
 create mode 100644 reports/WC-U450/20260906T152237Z/integrated-two-restarts/match-2-seat-0-pid-38968-active-def-5.png
 create mode 100644 reports/WC-U450/20260906T152237Z/integrated-two-restarts/match-2-seat-0-pid-38968-active-def-6.png
 create mode 100644 reports/WC-U450/20260906T152237Z/integrated-two-restarts/match-2-seat-0-pid-38968-active-def-7.png
 create mode 100644 reports/WC-U450/20260906T152237Z/integrated-two-restarts/match-2-seat-0-pid-38968-active-def-8.png
 create mode 100644 reports/WC-U450/20260906T152237Z/integrated-two-restarts/match-2-seat-0-pid-38968-active-def-9.png
 create mode 100644 reports/WC-U450/20260906T152237Z/integrated-two-restarts/match-2-seat-0-pid-38968-commands.jsonl
 create mode 100644 reports/WC-U450/20260906T152237Z/integrated-two-restarts/match-2-seat-0-pid-38968-frames.csv
 create mode 100644 reports/WC-U450/20260906T152237Z/integrated-two-restarts/match-2-seat-0-pid-38968-phase-0-round-1.png
 create mode 100644 reports/WC-U450/20260906T152237Z/integrated-two-restarts/match-2-seat-0-pid-38968-phase-0-round-10.png
 create mode 100644 reports/WC-U450/20260906T152237Z/integrated-two-restarts/match-2-seat-0-pid-38968-phase-0-round-11.png
 create mode 100644 reports/WC-U450/20260906T152237Z/integrated-two-restarts/match-2-seat-0-pid-38968-phase-0-round-12.png
 create mode 100644 reports/WC-U450/20260906T152237Z/integrated-two-restarts/match-2-seat-0-pid-38968-phase-0-round-13.png
 create mode 100644 reports/WC-U450/20260906T152237Z/integrated-two-restarts/match-2-seat-0-pid-38968-phase-0-round-14.png
 create mode 100644 reports/WC-U450/20260906T152237Z/integrated-two-restarts/match-2-seat-0-pid-38968-phase-0-round-15.png
 create mode 100644 reports/WC-U450/20260906T152237Z/integrated-two-restarts/match-2-seat-0-pid-38968-phase-0-round-16.png
 create mode 100644 reports/WC-U450/20260906T152237Z/integrated-two-restarts/match-2-seat-0-pid-38968-phase-0-round-17.png
 create mode 100644 reports/WC-U450/20260906T152237Z/integrated-two-restarts/match-2-seat-0-pid-38968-phase-0-round-18.png
 create mode 100644 reports/WC-U450/20260906T152237Z/integrated-two-restarts/match-2-seat-0-pid-38968-phase-0-round-2.png
 create mode 100644 reports/WC-U450/20260906T152237Z/integrated-two-restarts/match-2-seat-0-pid-38968-phase-0-round-21.png
 create mode 100644 reports/WC-U450/20260906T152237Z/integrated-two-restarts/match-2-seat-0-pid-38968-phase-0-round-3.png
 create mode 100644 reports/WC-U450/20260906T152237Z/integrated-two-restarts/match-2-seat-0-pid-38968-phase-0-round-4.png
 create mode 100644 reports/WC-U450/20260906T152237Z/integrated-two-restarts/match-2-seat-0-pid-38968-phase-0-round-5.png
 create mode 100644 reports/WC-U450/20260906T152237Z/integrated-two-restarts/match-2-seat-0-pid-38968-phase-0-round-6.png
 create mode 100644 reports/WC-U450/20260906T152237Z/integrated-two-restarts/match-2-seat-0-pid-38968-phase-0-round-7.png
 create mode 100644 reports/WC-U450/20260906T152237Z/integrated-two-restarts/match-2-seat-0-pid-38968-phase-0-round-8.png
 create mode 100644 reports/WC-U450/20260906T152237Z/integrated-two-restarts/match-2-seat-0-pid-38968-phase-0-round-9.png
 create mode 100644 reports/WC-U450/20260906T152237Z/integrated-two-restarts/match-2-seat-0-pid-38968-phase-1-round-1.png
 create mode 100644 reports/WC-U450/20260906T152237Z/integrated-two-restarts/match-2-seat-0-pid-38968-phase-1-round-10.png
 create mode 100644 reports/WC-U450/20260906T152237Z/integrated-two-restarts/match-2-seat-0-pid-38968-phase-1-round-11.png
 create mode 100644 reports/WC-U450/20260906T152237Z/integrated-two-restarts/match-2-seat-0-pid-38968-phase-1-round-12.png
 create mode 100644 reports/WC-U450/20260906T152237Z/integrated-two-restarts/match-2-seat-0-pid-38968-phase-1-round-13.png
 create mode 100644 reports/WC-U450/20260906T152237Z/integrated-two-restarts/match-2-seat-0-pid-38968-phase-1-round-14.png
 create mode 100644 reports/WC-U450/20260906T152237Z/integrated-two-restarts/match-2-seat-0-pid-38968-phase-1-round-15.png
 create mode 100644 reports/WC-U450/20260906T152237Z/integrated-two-restarts/match-2-seat-0-pid-38968-phase-1-round-16.png
 create mode 100644 reports/WC-U450/20260906T152237Z/integrated-two-restarts/match-2-seat-0-pid-38968-phase-1-round-17.png
 create mode 100644 reports/WC-U450/20260906T152237Z/integrated-two-restarts/match-2-seat-0-pid-38968-phase-1-round-18.png
 create mode 100644 reports/WC-U450/20260906T152237Z/integrated-two-restarts/match-2-seat-0-pid-38968-phase-1-round-19.png
 create mode 100644 reports/WC-U450/20260906T152237Z/integrated-two-restarts/match-2-seat-0-pid-38968-phase-1-round-2.png
 create mode 100644 reports/WC-U450/20260906T152237Z/integrated-two-restarts/match-2-seat-0-pid-38968-phase-1-round-20.png
 create mode 100644 reports/WC-U450/20260906T152237Z/integrated-two-restarts/match-2-seat-0-pid-38968-phase-1-round-21.png
 create mode 100644 reports/WC-U450/20260906T152237Z/integrated-two-restarts/match-2-seat-0-pid-38968-phase-1-round-22.png
 create mode 100644 reports/WC-U450/20260906T152237Z/integrated-two-restarts/match-2-seat-0-pid-38968-phase-1-round-23.png
 create mode 100644 reports/WC-U450/20260906T152237Z/integrated-two-restarts/match-2-seat-0-pid-38968-phase-1-round-24.png
 create mode 100644 reports/WC-U450/20260906T152237Z/integrated-two-restarts/match-2-seat-0-pid-38968-phase-1-round-25.png
 create mode 100644 reports/WC-U450/20260906T152237Z/integrated-two-restarts/match-2-seat-0-pid-38968-phase-1-round-26.png
 create mode 100644 reports/WC-U450/20260906T152237Z/integrated-two-restarts/match-2-seat-0-pid-38968-phase-1-round-27.png
 create mode 100644 reports/WC-U450/20260906T152237Z/integrated-two-restarts/match-2-seat-0-pid-38968-phase-1-round-28.png
 create mode 100644 reports/WC-U450/20260906T152237Z/integrated-two-restarts/match-2-seat-0-pid-38968-phase-1-round-29.png
 create mode 100644 reports/WC-U450/20260906T152237Z/integrated-two-restarts/match-2-seat-0-pid-38968-phase-1-round-3.png
 create mode 100644 reports/WC-U450/20260906T152237Z/integrated-two-restarts/match-2-seat-0-pid-38968-phase-1-round-30.png
 create mode 100644 reports/WC-U450/20260906T152237Z/integrated-two-restarts/match-2-seat-0-pid-38968-phase-1-round-4.png
 create mode 100644 reports/WC-U450/20260906T152237Z/integrated-two-restarts/match-2-seat-0-pid-38968-phase-1-round-5.png
 create mode 100644 reports/WC-U450/20260906T152237Z/integrated-two-restarts/match-2-seat-0-pid-38968-phase-1-round-6.png
 create mode 100644 reports/WC-U450/20260906T152237Z/integrated-two-restarts/match-2-seat-0-pid-38968-phase-1-round-7.png
 create mode 100644 reports/WC-U450/20260906T152237Z/integrated-two-restarts/match-2-seat-0-pid-38968-phase-1-round-8.png
 create mode 100644 reports/WC-U450/20260906T152237Z/integrated-two-restarts/match-2-seat-0-pid-38968-phase-1-round-9.png
 create mode 100644 reports/WC-U450/20260906T152237Z/integrated-two-restarts/match-2-seat-0-pid-38968-phase-3-round-30.png
 create mode 100644 reports/WC-U450/20260906T152237Z/integrated-two-restarts/match-2-seat-0-pid-38968-session.json
 create mode 100644 reports/WC-U450/20260906T152237Z/integrated-two-restarts/match-2-seat-0-pid-38968-skill-shots.jsonl
 create mode 100644 reports/WC-U450/20260906T152237Z/integrated-two-restarts/match-2-seat-0-pid-38968-snapshots.jsonl
 create mode 100644 reports/WC-U450/20260906T152237Z/integrated-two-restarts/match-3-seat-0-pid-38968-active-def-0.png
 create mode 100644 reports/WC-U450/20260906T152237Z/integrated-two-restarts/match-3-seat-0-pid-38968-active-def-1.png
 create mode 100644 reports/WC-U450/20260906T152237Z/integrated-two-restarts/match-3-seat-0-pid-38968-active-def-10.png
 create mode 100644 reports/WC-U450/20260906T152237Z/integrated-two-restarts/match-3-seat-0-pid-38968-active-def-12.png
 create mode 100644 reports/WC-U450/20260906T152237Z/integrated-two-restarts/match-3-seat-0-pid-38968-active-def-14.png
 create mode 100644 reports/WC-U450/20260906T152237Z/integrated-two-restarts/match-3-seat-0-pid-38968-active-def-15.png
 create mode 100644 reports/WC-U450/20260906T152237Z/integrated-two-restarts/match-3-seat-0-pid-38968-active-def-16.png
 create mode 100644 reports/WC-U450/20260906T152237Z/integrated-two-restarts/match-3-seat-0-pid-38968-active-def-17.png
 create mode 100644 reports/WC-U450/20260906T152237Z/integrated-two-restarts/match-3-seat-0-pid-38968-active-def-18.png
 create mode 100644 reports/WC-U450/20260906T152237Z/integrated-two-restarts/match-3-seat-0-pid-38968-active-def-19.png
 create mode 100644 reports/WC-U450/20260906T152237Z/integrated-two-restarts/match-3-seat-0-pid-38968-active-def-2.png
 create mode 100644 reports/WC-U450/20260906T152237Z/integrated-two-restarts/match-3-seat-0-pid-38968-active-def-20.png
 create mode 100644 reports/WC-U450/20260906T152237Z/integrated-two-restarts/match-3-seat-0-pid-38968-active-def-3.png
 create mode 100644 reports/WC-U450/20260906T152237Z/integrated-two-restarts/match-3-seat-0-pid-38968-active-def-4.png
 create mode 100644 reports/WC-U450/20260906T152237Z/integrated-two-restarts/match-3-seat-0-pid-38968-active-def-5.png
 create mode 100644 reports/WC-U450/20260906T152237Z/integrated-two-restarts/match-3-seat-0-pid-38968-active-def-6.png
 create mode 100644 reports/WC-U450/20260906T152237Z/integrated-two-restarts/match-3-seat-0-pid-38968-active-def-8.png
 create mode 100644 reports/WC-U450/20260906T152237Z/integrated-two-restarts/match-3-seat-0-pid-38968-active-def-9.png
 create mode 100644 reports/WC-U450/20260906T152237Z/integrated-two-restarts/match-3-seat-0-pid-38968-commands.jsonl
 create mode 100644 reports/WC-U450/20260906T152237Z/integrated-two-restarts/match-3-seat-0-pid-38968-frames.csv
 create mode 100644 reports/WC-U450/20260906T152237Z/integrated-two-restarts/match-3-seat-0-pid-38968-phase-0-round-1.png
 create mode 100644 reports/WC-U450/20260906T152237Z/integrated-two-restarts/match-3-seat-0-pid-38968-phase-0-round-10.png
 create mode 100644 reports/WC-U450/20260906T152237Z/integrated-two-restarts/match-3-seat-0-pid-38968-phase-0-round-11.png
 create mode 100644 reports/WC-U450/20260906T152237Z/integrated-two-restarts/match-3-seat-0-pid-38968-phase-0-round-13.png
 create mode 100644 reports/WC-U450/20260906T152237Z/integrated-two-restarts/match-3-seat-0-pid-38968-phase-0-round-15.png
 create mode 100644 reports/WC-U450/20260906T152237Z/integrated-two-restarts/match-3-seat-0-pid-38968-phase-0-round-16.png
 create mode 100644 reports/WC-U450/20260906T152237Z/integrated-two-restarts/match-3-seat-0-pid-38968-phase-0-round-17.png
 create mode 100644 reports/WC-U450/20260906T152237Z/integrated-two-restarts/match-3-seat-0-pid-38968-phase-0-round-2.png
 create mode 100644 reports/WC-U450/20260906T152237Z/integrated-two-restarts/match-3-seat-0-pid-38968-phase-0-round-3.png
 create mode 100644 reports/WC-U450/20260906T152237Z/integrated-two-restarts/match-3-seat-0-pid-38968-phase-0-round-4.png
 create mode 100644 reports/WC-U450/20260906T152237Z/integrated-two-restarts/match-3-seat-0-pid-38968-phase-0-round-5.png
 create mode 100644 reports/WC-U450/20260906T152237Z/integrated-two-restarts/match-3-seat-0-pid-38968-phase-0-round-6.png
 create mode 100644 reports/WC-U450/20260906T152237Z/integrated-two-restarts/match-3-seat-0-pid-38968-phase-0-round-7.png
 create mode 100644 reports/WC-U450/20260906T152237Z/integrated-two-restarts/match-3-seat-0-pid-38968-phase-0-round-8.png
 create mode 100644 reports/WC-U450/20260906T152237Z/integrated-two-restarts/match-3-seat-0-pid-38968-phase-0-round-9.png
 create mode 100644 reports/WC-U450/20260906T152237Z/integrated-two-restarts/match-3-seat-0-pid-38968-phase-1-round-1.png
 create mode 100644 reports/WC-U450/20260906T152237Z/integrated-two-restarts/match-3-seat-0-pid-38968-phase-1-round-10.png
 create mode 100644 reports/WC-U450/20260906T152237Z/integrated-two-restarts/match-3-seat-0-pid-38968-phase-1-round-11.png
 create mode 100644 reports/WC-U450/20260906T152237Z/integrated-two-restarts/match-3-seat-0-pid-38968-phase-1-round-12.png
 create mode 100644 reports/WC-U450/20260906T152237Z/integrated-two-restarts/match-3-seat-0-pid-38968-phase-1-round-13.png
 create mode 100644 reports/WC-U450/20260906T152237Z/integrated-two-restarts/match-3-seat-0-pid-38968-phase-1-round-14.png
 create mode 100644 reports/WC-U450/20260906T152237Z/integrated-two-restarts/match-3-seat-0-pid-38968-phase-1-round-15.png
 create mode 100644 reports/WC-U450/20260906T152237Z/integrated-two-restarts/match-3-seat-0-pid-38968-phase-1-round-16.png
 create mode 100644 reports/WC-U450/20260906T152237Z/integrated-two-restarts/match-3-seat-0-pid-38968-phase-1-round-17.png
 create mode 100644 reports/WC-U450/20260906T152237Z/integrated-two-restarts/match-3-seat-0-pid-38968-phase-1-round-18.png
 create mode 100644 reports/WC-U450/20260906T152237Z/integrated-two-restarts/match-3-seat-0-pid-38968-phase-1-round-19.png
 create mode 100644 reports/WC-U450/20260906T152237Z/integrated-two-restarts/match-3-seat-0-pid-38968-phase-1-round-2.png
 create mode 100644 reports/WC-U450/20260906T152237Z/integrated-two-restarts/match-3-seat-0-pid-38968-phase-1-round-20.png
 create mode 100644 reports/WC-U450/20260906T152237Z/integrated-two-restarts/match-3-seat-0-pid-38968-phase-1-round-21.png
 create mode 100644 reports/WC-U450/20260906T152237Z/integrated-two-restarts/match-3-seat-0-pid-38968-phase-1-round-22.png
 create mode 100644 reports/WC-U450/20260906T152237Z/integrated-two-restarts/match-3-seat-0-pid-38968-phase-1-round-23.png
 create mode 100644 reports/WC-U450/20260906T152237Z/integrated-two-restarts/match-3-seat-0-pid-38968-phase-1-round-24.png
 create mode 100644 reports/WC-U450/20260906T152237Z/integrated-two-restarts/match-3-seat-0-pid-38968-phase-1-round-25.png
 create mode 100644 reports/WC-U450/20260906T152237Z/integrated-two-restarts/match-3-seat-0-pid-38968-phase-1-round-26.png
 create mode 100644 reports/WC-U450/20260906T152237Z/integrated-two-restarts/match-3-seat-0-pid-38968-phase-1-round-27.png
 create mode 100644 reports/WC-U450/20260906T152237Z/integrated-two-restarts/match-3-seat-0-pid-38968-phase-1-round-28.png
 create mode 100644 reports/WC-U450/20260906T152237Z/integrated-two-restarts/match-3-seat-0-pid-38968-phase-1-round-29.png
 create mode 100644 reports/WC-U450/20260906T152237Z/integrated-two-restarts/match-3-seat-0-pid-38968-phase-1-round-3.png
 create mode 100644 reports/WC-U450/20260906T152237Z/integrated-two-restarts/match-3-seat-0-pid-38968-phase-1-round-4.png
 create mode 100644 reports/WC-U450/20260906T152237Z/integrated-two-restarts/match-3-seat-0-pid-38968-phase-1-round-5.png
 create mode 100644 reports/WC-U450/20260906T152237Z/integrated-two-restarts/match-3-seat-0-pid-38968-phase-1-round-6.png
 create mode 100644 reports/WC-U450/20260906T152237Z/integrated-two-restarts/match-3-seat-0-pid-38968-phase-1-round-7.png
 create mode 100644 reports/WC-U450/20260906T152237Z/integrated-two-restarts/match-3-seat-0-pid-38968-phase-1-round-8.png
 create mode 100644 reports/WC-U450/20260906T152237Z/integrated-two-restarts/match-3-seat-0-pid-38968-phase-1-round-9.png
 create mode 100644 reports/WC-U450/20260906T152237Z/integrated-two-restarts/match-3-seat-0-pid-38968-phase-3-round-29.png
 create mode 100644 reports/WC-U450/20260906T152237Z/integrated-two-restarts/match-3-seat-0-pid-38968-session.json
 create mode 100644 reports/WC-U450/20260906T152237Z/integrated-two-restarts/match-3-seat-0-pid-38968-skill-shots.jsonl
 create mode 100644 reports/WC-U450/20260906T152237Z/integrated-two-restarts/match-3-seat-0-pid-38968-snapshots.jsonl
 create mode 100644 reports/WC-U450/20260906T152237Z/integrated-two-restarts/session.json
 create mode 100644 reports/WC-U450/20260906T152648Z/post-import-flag-validation/catalog.log
 create mode 100644 reports/WC-U450/20260906T152648Z/post-import-flag-validation/documents.log
 create mode 100644 reports/WC-U450/20260906T152648Z/post-import-flag-validation/kit.log
 create mode 100644 reports/WC-U450/20260906T152648Z/post-import-flag-validation/reference.log
 create mode 100644 reports/WC-U450/20260906T152648Z/post-import-flag-validation/results.json
 create mode 100644 reports/WC-U450/20260906T153043Z-frame-fixture-repair/diff-check.log
 create mode 100644 reports/WC-U450/20260906T153043Z-frame-fixture-repair/focused.log
 create mode 100644 reports/WC-U450/20260906T153043Z-frame-fixture-repair/reference.log
 create mode 100644 reports/WC-U450/20260906T153043Z-frame-fixture-repair/result.json
 create mode 100644 reports/WC-U450/20260906T154431Z/protocol5-native100/CatalogFixture.h
 create mode 100644 reports/WC-U450/20260906T154431Z/protocol5-native100/ability-coverage.csv
 create mode 100644 reports/WC-U450/20260906T154431Z/protocol5-native100/bot-decisions.csv
 create mode 100644 reports/WC-U450/20260906T154431Z/protocol5-native100/compile.cmd
 create mode 100644 reports/WC-U450/20260906T154431Z/protocol5-native100/compile.log
 create mode 100644 reports/WC-U450/20260906T154431Z/protocol5-native100/compositions.csv
 create mode 100644 reports/WC-U450/20260906T154431Z/protocol5-native100/encounter-outcomes.csv
 create mode 100644 reports/WC-U450/20260906T154431Z/protocol5-native100/mirror-combats.csv
 create mode 100644 reports/WC-U450/20260906T154431Z/protocol5-native100/process.json
 create mode 100644 reports/WC-U450/20260906T154431Z/protocol5-native100/round-economy.csv
 create mode 100644 reports/WC-U450/20260906T154431Z/protocol5-native100/runtime-tests.log
 create mode 100644 reports/WC-U450/20260906T154431Z/protocol5-native100/summary.json
 create mode 100644 reports/WC-U450/20260906T154431Z/protocol5-native100/tournaments.csv
 create mode 100644 reports/WC-U450/20260906T154431Z/protocol5-native100/trait-coverage.csv
 create mode 100644 reports/WC-U450/20260906T155430Z/inventory-preview-native100/CatalogFixture.h
 create mode 100644 reports/WC-U450/20260906T155430Z/inventory-preview-native100/ability-coverage.csv
 create mode 100644 reports/WC-U450/20260906T155430Z/inventory-preview-native100/bot-decisions.csv
 create mode 100644 reports/WC-U450/20260906T155430Z/inventory-preview-native100/compile.cmd
 create mode 100644 reports/WC-U450/20260906T155430Z/inventory-preview-native100/compile.log
 create mode 100644 reports/WC-U450/20260906T155430Z/inventory-preview-native100/compositions.csv
 create mode 100644 reports/WC-U450/20260906T155430Z/inventory-preview-native100/encounter-outcomes.csv
 create mode 100644 reports/WC-U450/20260906T155430Z/inventory-preview-native100/inventory-refactor-byte-parity-failed.json
 create mode 100644 reports/WC-U450/20260906T155430Z/inventory-preview-native100/inventory-refactor-gameplay-parity.json
 create mode 100644 reports/WC-U450/20260906T155430Z/inventory-preview-native100/mirror-combats.csv
 create mode 100644 reports/WC-U450/20260906T155430Z/inventory-preview-native100/process.json
 create mode 100644 reports/WC-U450/20260906T155430Z/inventory-preview-native100/round-economy.csv
 create mode 100644 reports/WC-U450/20260906T155430Z/inventory-preview-native100/runtime-tests.log
 create mode 100644 reports/WC-U450/20260906T155430Z/inventory-preview-native100/summary.json
 create mode 100644 reports/WC-U450/20260906T155430Z/inventory-preview-native100/tournaments.csv
 create mode 100644 reports/WC-U450/20260906T155430Z/inventory-preview-native100/trait-coverage.csv
 create mode 100644 reports/WC-U450/20260906T160147Z-gallery-frame-analysis/focused-fixtures.log
 create mode 100644 reports/WC-U450/20260906T160147Z-gallery-frame-analysis/reference-suite.log
 create mode 100644 reports/WC-U450/20260906T160147Z-gallery-frame-analysis/result.json
 create mode 100644 reports/WC-U450/20260906T160147Z-gallery-frame-analysis/sixteen-gallery1080-preliminary-context-bound.json
 create mode 100644 reports/WC-U450/20260906T160147Z-gallery-frame-analysis/sixteen-gallery1080-preliminary.json
 create mode 100644 reports/WC-U450/20260906T160147Z-gallery-frame-analysis/summary.log
 create mode 100644 reports/WC-U450/20260906T160315Z/motion-recorder-preparation/WCAnimationReview.cpp.txt
 create mode 100644 reports/WC-U450/20260906T161056Z/engine-motion-encoder/HANDOFF.md
 create mode 100644 reports/WC-U450/20260906T161056Z/engine-motion-encoder/probe_blender_vse.log
 create mode 100644 reports/WC-U450/20260906T161056Z/engine-motion-encoder/probe_blender_vse.py
 create mode 100644 reports/WC-U450/20260906T161056Z/engine-motion-encoder/synthetic-encoded/blender-encode.log
 create mode 100644 reports/WC-U450/20260906T161056Z/engine-motion-encoder/synthetic-encoded/encoder-readback.json
 create mode 100644 reports/WC-U450/20260906T161056Z/engine-motion-encoder/synthetic-encoded/encoding-job.json
 create mode 100644 reports/WC-U450/20260906T161056Z/engine-motion-encoder/synthetic-encoded/encoding-report.json
 create mode 100644 reports/WC-U450/20260906T161056Z/engine-motion-encoder/synthetic-encoded/wc_u_human_guardian-Move.mp4
 create mode 100644 reports/WC-U450/20260906T161056Z/engine-motion-encoder/synthetic-input/engine-motion.json
 create mode 100644 reports/WC-U450/20260906T161056Z/engine-motion-encoder/synthetic-input/wc_u_human_guardian/Move/frame-00000.png
 create mode 100644 reports/WC-U450/20260906T161056Z/engine-motion-encoder/synthetic-input/wc_u_human_guardian/Move/frame-00001.png
 create mode 100644 reports/WC-U450/20260906T161056Z/engine-motion-encoder/synthetic-input/wc_u_human_guardian/Move/frame-00002.png
 create mode 100644 reports/WC-U450/20260906T161056Z/engine-motion-encoder/synthetic-input/wc_u_human_guardian/Move/frame-00003.png
 create mode 100644 reports/WC-U450/20260906T161056Z/engine-motion-encoder/synthetic-input/wc_u_human_guardian/Move/frame-00004.png
 create mode 100644 reports/WC-U450/20260906T161056Z/engine-motion-encoder/synthetic-input/wc_u_human_guardian/Move/frame-00005.png
 create mode 100644 reports/WC-U450/20260906T161056Z/engine-motion-encoder/synthetic-input/wc_u_human_guardian/Move/frame-00006.png
 create mode 100644 reports/WC-U450/20260906T161056Z/engine-motion-encoder/synthetic-input/wc_u_human_guardian/Move/frame-00007.png
 create mode 100644 reports/WC-U450/20260906T161056Z/engine-motion-encoder/synthetic-input/wc_u_human_guardian/Move/frame-00008.png
 create mode 100644 reports/WC-U450/20260906T161056Z/engine-motion-encoder/synthetic-input/wc_u_human_guardian/Move/frame-00009.png
 create mode 100644 reports/WC-U450/20260906T161056Z/engine-motion-encoder/synthetic-input/wc_u_human_guardian/Move/frame-00010.png
 create mode 100644 reports/WC-U450/20260906T161056Z/engine-motion-encoder/synthetic-input/wc_u_human_guardian/Move/frame-00011.png
 create mode 100644 reports/WC-U450/20260906T161056Z/engine-motion-encoder/synthetic-input/wc_u_human_guardian/Move/frame-00012.png
 create mode 100644 reports/WC-U450/20260906T161056Z/engine-motion-encoder/synthetic-input/wc_u_human_guardian/Move/frame-00013.png
 create mode 100644 reports/WC-U450/20260906T161056Z/engine-motion-encoder/synthetic-input/wc_u_human_guardian/Move/frame-00014.png
 create mode 100644 reports/WC-U450/20260906T161056Z/engine-motion-encoder/synthetic-input/wc_u_human_guardian/Move/frame-00015.png
 create mode 100644 reports/WC-U450/20260906T161056Z/engine-motion-encoder/synthetic-input/wc_u_human_guardian/Move/frame-00016.png
 create mode 100644 reports/WC-U450/20260906T161056Z/engine-motion-encoder/synthetic-input/wc_u_human_guardian/Move/frame-00017.png
 create mode 100644 reports/WC-U450/20260906T161056Z/engine-motion-encoder/synthetic-input/wc_u_human_guardian/Move/frame-00018.png
 create mode 100644 reports/WC-U450/20260906T161056Z/engine-motion-encoder/synthetic-input/wc_u_human_guardian/Move/frame-00019.png
 create mode 100644 reports/WC-U450/20260906T161056Z/engine-motion-encoder/synthetic-input/wc_u_human_guardian/Move/frame-00020.png
 create mode 100644 reports/WC-U450/20260906T161056Z/engine-motion-encoder/synthetic-input/wc_u_human_guardian/Move/frames.csv
 create mode 100644 reports/WC-U450/20260906T161056Z/engine-motion-encoder/unit-tests.log
 create mode 100644 reports/WC-U450/20260906T161205Z/pippa-engine-motion-pilot/editor.log
 create mode 100644 reports/WC-U450/20260906T161205Z/pippa-engine-motion-pilot/engine-motion.json
 create mode 100644 reports/WC-U450/20260906T161205Z/pippa-engine-motion-pilot/launch.json
 create mode 100644 reports/WC-U450/20260906T161205Z/pippa-engine-motion-pilot/match-0-seat-0-pid-52432-frames.csv
 create mode 100644 reports/WC-U450/20260906T161205Z/pippa-engine-motion-pilot/match-0-seat-0-pid-52432-session.json
 create mode 100644 reports/WC-U450/20260906T161205Z/pippa-engine-motion-pilot/match-0-seat-0-pid-52432-snapshots.jsonl
 create mode 100644 reports/WC-U450/20260906T161205Z/pippa-engine-motion-pilot/process-exit.json
 create mode 100644 reports/WC-U450/20260906T161205Z/pippa-engine-motion-pilot/session.json
 create mode 100644 reports/WC-U450/20260906T161205Z/pippa-engine-motion-pilot/wc_u_halfling_warrior/Active/frame-00000.png
 create mode 100644 reports/WC-U450/20260906T161205Z/pippa-engine-motion-pilot/wc_u_halfling_warrior/Active/frame-00001.png
 create mode 100644 reports/WC-U450/20260906T161205Z/pippa-engine-motion-pilot/wc_u_halfling_warrior/Active/frame-00002.png
 create mode 100644 reports/WC-U450/20260906T161205Z/pippa-engine-motion-pilot/wc_u_halfling_warrior/Active/frame-00003.png
 create mode 100644 reports/WC-U450/20260906T161205Z/pippa-engine-motion-pilot/wc_u_halfling_warrior/Active/frame-00004.png
 create mode 100644 reports/WC-U450/20260906T161205Z/pippa-engine-motion-pilot/wc_u_halfling_warrior/Active/frame-00005.png
 create mode 100644 reports/WC-U450/20260906T161205Z/pippa-engine-motion-pilot/wc_u_halfling_warrior/Active/frame-00006.png
 create mode 100644 reports/WC-U450/20260906T161205Z/pippa-engine-motion-pilot/wc_u_halfling_warrior/Active/frame-00007.png
 create mode 100644 reports/WC-U450/20260906T161205Z/pippa-engine-motion-pilot/wc_u_halfling_warrior/Active/frame-00008.png
 create mode 100644 reports/WC-U450/20260906T161205Z/pippa-engine-motion-pilot/wc_u_halfling_warrior/Active/frame-00009.png
 create mode 100644 reports/WC-U450/20260906T161205Z/pippa-engine-motion-pilot/wc_u_halfling_warrior/Active/frame-00010.png
 create mode 100644 reports/WC-U450/20260906T161205Z/pippa-engine-motion-pilot/wc_u_halfling_warrior/Active/frame-00011.png
 create mode 100644 reports/WC-U450/20260906T161205Z/pippa-engine-motion-pilot/wc_u_halfling_warrior/Active/frames.csv
 create mode 100644 reports/WC-U450/20260906T161205Z/pippa-engine-motion-pilot/wc_u_halfling_warrior/Attack/frame-00000.png
 create mode 100644 reports/WC-U450/20260906T161205Z/pippa-engine-motion-pilot/wc_u_halfling_warrior/Attack/frame-00001.png
 create mode 100644 reports/WC-U450/20260906T161205Z/pippa-engine-motion-pilot/wc_u_halfling_warrior/Attack/frame-00002.png
 create mode 100644 reports/WC-U450/20260906T161205Z/pippa-engine-motion-pilot/wc_u_halfling_warrior/Attack/frame-00003.png
 create mode 100644 reports/WC-U450/20260906T161205Z/pippa-engine-motion-pilot/wc_u_halfling_warrior/Attack/frame-00004.png
 create mode 100644 reports/WC-U450/20260906T161205Z/pippa-engine-motion-pilot/wc_u_halfling_warrior/Attack/frame-00005.png
 create mode 100644 reports/WC-U450/20260906T161205Z/pippa-engine-motion-pilot/wc_u_halfling_warrior/Attack/frame-00006.png
 create mode 100644 reports/WC-U450/20260906T161205Z/pippa-engine-motion-pilot/wc_u_halfling_warrior/Attack/frame-00007.png
 create mode 100644 reports/WC-U450/20260906T161205Z/pippa-engine-motion-pilot/wc_u_halfling_warrior/Attack/frame-00008.png
 create mode 100644 reports/WC-U450/20260906T161205Z/pippa-engine-motion-pilot/wc_u_halfling_warrior/Attack/frame-00009.png
 create mode 100644 reports/WC-U450/20260906T161205Z/pippa-engine-motion-pilot/wc_u_halfling_warrior/Attack/frame-00010.png
 create mode 100644 reports/WC-U450/20260906T161205Z/pippa-engine-motion-pilot/wc_u_halfling_warrior/Attack/frame-00011.png
 create mode 100644 reports/WC-U450/20260906T161205Z/pippa-engine-motion-pilot/wc_u_halfling_warrior/Attack/frame-00012.png
 create mode 100644 reports/WC-U450/20260906T161205Z/pippa-engine-motion-pilot/wc_u_halfling_warrior/Attack/frame-00013.png
 create mode 100644 reports/WC-U450/20260906T161205Z/pippa-engine-motion-pilot/wc_u_halfling_warrior/Attack/frame-00014.png
 create mode 100644 reports/WC-U450/20260906T161205Z/pippa-engine-motion-pilot/wc_u_halfling_warrior/Attack/frame-00015.png
 create mode 100644 reports/WC-U450/20260906T161205Z/pippa-engine-motion-pilot/wc_u_halfling_warrior/Attack/frames.csv
 create mode 100644 reports/WC-U450/20260906T161205Z/pippa-engine-motion-pilot/wc_u_halfling_warrior/Defeat/frame-00000.png
 create mode 100644 reports/WC-U450/20260906T161205Z/pippa-engine-motion-pilot/wc_u_halfling_warrior/Defeat/frame-00001.png
 create mode 100644 reports/WC-U450/20260906T161205Z/pippa-engine-motion-pilot/wc_u_halfling_warrior/Defeat/frame-00002.png
 create mode 100644 reports/WC-U450/20260906T161205Z/pippa-engine-motion-pilot/wc_u_halfling_warrior/Defeat/frame-00003.png
 create mode 100644 reports/WC-U450/20260906T161205Z/pippa-engine-motion-pilot/wc_u_halfling_warrior/Defeat/frame-00004.png
 create mode 100644 reports/WC-U450/20260906T161205Z/pippa-engine-motion-pilot/wc_u_halfling_warrior/Defeat/frame-00005.png
 create mode 100644 reports/WC-U450/20260906T161205Z/pippa-engine-motion-pilot/wc_u_halfling_warrior/Defeat/frame-00006.png
 create mode 100644 reports/WC-U450/20260906T161205Z/pippa-engine-motion-pilot/wc_u_halfling_warrior/Defeat/frame-00007.png
 create mode 100644 reports/WC-U450/20260906T161205Z/pippa-engine-motion-pilot/wc_u_halfling_warrior/Defeat/frame-00008.png
 create mode 100644 reports/WC-U450/20260906T161205Z/pippa-engine-motion-pilot/wc_u_halfling_warrior/Defeat/frame-00009.png
 create mode 100644 reports/WC-U450/20260906T161205Z/pippa-engine-motion-pilot/wc_u_halfling_warrior/Defeat/frame-00010.png
 create mode 100644 reports/WC-U450/20260906T161205Z/pippa-engine-motion-pilot/wc_u_halfling_warrior/Defeat/frame-00011.png
 create mode 100644 reports/WC-U450/20260906T161205Z/pippa-engine-motion-pilot/wc_u_halfling_warrior/Defeat/frame-00012.png
 create mode 100644 reports/WC-U450/20260906T161205Z/pippa-engine-motion-pilot/wc_u_halfling_warrior/Defeat/frame-00013.png
 create mode 100644 reports/WC-U450/20260906T161205Z/pippa-engine-motion-pilot/wc_u_halfling_warrior/Defeat/frame-00014.png
 create mode 100644 reports/WC-U450/20260906T161205Z/pippa-engine-motion-pilot/wc_u_halfling_warrior/Defeat/frame-00015.png
 create mode 100644 reports/WC-U450/20260906T161205Z/pippa-engine-motion-pilot/wc_u_halfling_warrior/Defeat/frame-00016.png
 create mode 100644 reports/WC-U450/20260906T161205Z/pippa-engine-motion-pilot/wc_u_halfling_warrior/Defeat/frame-00017.png
 create mode 100644 reports/WC-U450/20260906T161205Z/pippa-engine-motion-pilot/wc_u_halfling_warrior/Defeat/frame-00018.png
 create mode 100644 reports/WC-U450/20260906T161205Z/pippa-engine-motion-pilot/wc_u_halfling_warrior/Defeat/frame-00019.png
 create mode 100644 reports/WC-U450/20260906T161205Z/pippa-engine-motion-pilot/wc_u_halfling_warrior/Defeat/frame-00020.png
 create mode 100644 reports/WC-U450/20260906T161205Z/pippa-engine-motion-pilot/wc_u_halfling_warrior/Defeat/frames.csv
 create mode 100644 reports/WC-U450/20260906T161205Z/pippa-engine-motion-pilot/wc_u_halfling_warrior/Hit/frame-00000.png
 create mode 100644 reports/WC-U450/20260906T161205Z/pippa-engine-motion-pilot/wc_u_halfling_warrior/Hit/frame-00001.png
 create mode 100644 reports/WC-U450/20260906T161205Z/pippa-engine-motion-pilot/wc_u_halfling_warrior/Hit/frame-00002.png
 create mode 100644 reports/WC-U450/20260906T161205Z/pippa-engine-motion-pilot/wc_u_halfling_warrior/Hit/frame-00003.png
 create mode 100644 reports/WC-U450/20260906T161205Z/pippa-engine-motion-pilot/wc_u_halfling_warrior/Hit/frame-00004.png
 create mode 100644 reports/WC-U450/20260906T161205Z/pippa-engine-motion-pilot/wc_u_halfling_warrior/Hit/frame-00005.png
 create mode 100644 reports/WC-U450/20260906T161205Z/pippa-engine-motion-pilot/wc_u_halfling_warrior/Hit/frame-00006.png
 create mode 100644 reports/WC-U450/20260906T161205Z/pippa-engine-motion-pilot/wc_u_halfling_warrior/Hit/frame-00007.png
 create mode 100644 reports/WC-U450/20260906T161205Z/pippa-engine-motion-pilot/wc_u_halfling_warrior/Hit/frame-00008.png
 create mode 100644 reports/WC-U450/20260906T161205Z/pippa-engine-motion-pilot/wc_u_halfling_warrior/Hit/frames.csv
 create mode 100644 reports/WC-U450/20260906T161205Z/pippa-engine-motion-pilot/wc_u_halfling_warrior/Idle/frame-00000.png
 create mode 100644 reports/WC-U450/20260906T161205Z/pippa-engine-motion-pilot/wc_u_halfling_warrior/Idle/frame-00001.png
 create mode 100644 reports/WC-U450/20260906T161205Z/pippa-engine-motion-pilot/wc_u_halfling_warrior/Idle/frame-00002.png
 create mode 100644 reports/WC-U450/20260906T161205Z/pippa-engine-motion-pilot/wc_u_halfling_warrior/Idle/frame-00003.png
 create mode 100644 reports/WC-U450/20260906T161205Z/pippa-engine-motion-pilot/wc_u_halfling_warrior/Idle/frame-00004.png
 create mode 100644 reports/WC-U450/20260906T161205Z/pippa-engine-motion-pilot/wc_u_halfling_warrior/Idle/frame-00005.png
 create mode 100644 reports/WC-U450/20260906T161205Z/pippa-engine-motion-pilot/wc_u_halfling_warrior/Idle/frame-00006.png
 create mode 100644 reports/WC-U450/20260906T161205Z/pippa-engine-motion-pilot/wc_u_halfling_warrior/Idle/frame-00007.png
 create mode 100644 reports/WC-U450/20260906T161205Z/pippa-engine-motion-pilot/wc_u_halfling_warrior/Idle/frame-00008.png
 create mode 100644 reports/WC-U450/20260906T161205Z/pippa-engine-motion-pilot/wc_u_halfling_warrior/Idle/frame-00009.png
 create mode 100644 reports/WC-U450/20260906T161205Z/pippa-engine-motion-pilot/wc_u_halfling_warrior/Idle/frame-00010.png
 create mode 100644 reports/WC-U450/20260906T161205Z/pippa-engine-motion-pilot/wc_u_halfling_warrior/Idle/frame-00011.png
 create mode 100644 reports/WC-U450/20260906T161205Z/pippa-engine-motion-pilot/wc_u_halfling_warrior/Idle/frame-00012.png
 create mode 100644 reports/WC-U450/20260906T161205Z/pippa-engine-motion-pilot/wc_u_halfling_warrior/Idle/frame-00013.png
 create mode 100644 reports/WC-U450/20260906T161205Z/pippa-engine-motion-pilot/wc_u_halfling_warrior/Idle/frame-00014.png
 create mode 100644 reports/WC-U450/20260906T161205Z/pippa-engine-motion-pilot/wc_u_halfling_warrior/Idle/frame-00015.png
 create mode 100644 reports/WC-U450/20260906T161205Z/pippa-engine-motion-pilot/wc_u_halfling_warrior/Idle/frame-00016.png
 create mode 100644 reports/WC-U450/20260906T161205Z/pippa-engine-motion-pilot/wc_u_halfling_warrior/Idle/frame-00017.png
 create mode 100644 reports/WC-U450/20260906T161205Z/pippa-engine-motion-pilot/wc_u_halfling_warrior/Idle/frame-00018.png
 create mode 100644 reports/WC-U450/20260906T161205Z/pippa-engine-motion-pilot/wc_u_halfling_warrior/Idle/frame-00019.png
 create mode 100644 reports/WC-U450/20260906T161205Z/pippa-engine-motion-pilot/wc_u_halfling_warrior/Idle/frame-00020.png
 create mode 100644 reports/WC-U450/20260906T161205Z/pippa-engine-motion-pilot/wc_u_halfling_warrior/Idle/frame-00021.png
 create mode 100644 reports/WC-U450/20260906T161205Z/pippa-engine-motion-pilot/wc_u_halfling_warrior/Idle/frame-00022.png
 create mode 100644 reports/WC-U450/20260906T161205Z/pippa-engine-motion-pilot/wc_u_halfling_warrior/Idle/frame-00023.png
 create mode 100644 reports/WC-U450/20260906T161205Z/pippa-engine-motion-pilot/wc_u_halfling_warrior/Idle/frame-00024.png
 create mode 100644 reports/WC-U450/20260906T161205Z/pippa-engine-motion-pilot/wc_u_halfling_warrior/Idle/frame-00025.png
 create mode 100644 reports/WC-U450/20260906T161205Z/pippa-engine-motion-pilot/wc_u_halfling_warrior/Idle/frame-00026.png
 create mode 100644 reports/WC-U450/20260906T161205Z/pippa-engine-motion-pilot/wc_u_halfling_warrior/Idle/frame-00027.png
 create mode 100644 reports/WC-U450/20260906T161205Z/pippa-engine-motion-pilot/wc_u_halfling_warrior/Idle/frame-00028.png
 create mode 100644 reports/WC-U450/20260906T161205Z/pippa-engine-motion-pilot/wc_u_halfling_warrior/Idle/frame-00029.png
 create mode 100644 reports/WC-U450/20260906T161205Z/pippa-engine-motion-pilot/wc_u_halfling_warrior/Idle/frame-00030.png
 create mode 100644 reports/WC-U450/20260906T161205Z/pippa-engine-motion-pilot/wc_u_halfling_warrior/Idle/frame-00031.png
 create mode 100644 reports/WC-U450/20260906T161205Z/pippa-engine-motion-pilot/wc_u_halfling_warrior/Idle/frame-00032.png
 create mode 100644 reports/WC-U450/20260906T161205Z/pippa-engine-motion-pilot/wc_u_halfling_warrior/Idle/frame-00033.png
 create mode 100644 reports/WC-U450/20260906T161205Z/pippa-engine-motion-pilot/wc_u_halfling_warrior/Idle/frame-00034.png
 create mode 100644 reports/WC-U450/20260906T161205Z/pippa-engine-motion-pilot/wc_u_halfling_warrior/Idle/frame-00035.png
 create mode 100644 reports/WC-U450/20260906T161205Z/pippa-engine-motion-pilot/wc_u_halfling_warrior/Idle/frame-00036.png
 create mode 100644 reports/WC-U450/20260906T161205Z/pippa-engine-motion-pilot/wc_u_halfling_warrior/Idle/frame-00037.png
 create mode 100644 reports/WC-U450/20260906T161205Z/pippa-engine-motion-pilot/wc_u_halfling_warrior/Idle/frame-00038.png
 create mode 100644 reports/WC-U450/20260906T161205Z/pippa-engine-motion-pilot/wc_u_halfling_warrior/Idle/frame-00039.png
 create mode 100644 reports/WC-U450/20260906T161205Z/pippa-engine-motion-pilot/wc_u_halfling_warrior/Idle/frame-00040.png
 create mode 100644 reports/WC-U450/20260906T161205Z/pippa-engine-motion-pilot/wc_u_halfling_warrior/Idle/frames.csv
 create mode 100644 reports/WC-U450/20260906T161205Z/pippa-engine-motion-pilot/wc_u_halfling_warrior/Move/frame-00000.png
 create mode 100644 reports/WC-U450/20260906T161205Z/pippa-engine-motion-pilot/wc_u_halfling_warrior/Move/frame-00001.png
 create mode 100644 reports/WC-U450/20260906T161205Z/pippa-engine-motion-pilot/wc_u_halfling_warrior/Move/frame-00002.png
 create mode 100644 reports/WC-U450/20260906T161205Z/pippa-engine-motion-pilot/wc_u_halfling_warrior/Move/frame-00003.png
 create mode 100644 reports/WC-U450/20260906T161205Z/pippa-engine-motion-pilot/wc_u_halfling_warrior/Move/frame-00004.png
 create mode 100644 reports/WC-U450/20260906T161205Z/pippa-engine-motion-pilot/wc_u_halfling_warrior/Move/frame-00005.png
 create mode 100644 reports/WC-U450/20260906T161205Z/pippa-engine-motion-pilot/wc_u_halfling_warrior/Move/frame-00006.png
 create mode 100644 reports/WC-U450/20260906T161205Z/pippa-engine-motion-pilot/wc_u_halfling_warrior/Move/frame-00007.png
 create mode 100644 reports/WC-U450/20260906T161205Z/pippa-engine-motion-pilot/wc_u_halfling_warrior/Move/frame-00008.png
 create mode 100644 reports/WC-U450/20260906T161205Z/pippa-engine-motion-pilot/wc_u_halfling_warrior/Move/frame-00009.png
 create mode 100644 reports/WC-U450/20260906T161205Z/pippa-engine-motion-pilot/wc_u_halfling_warrior/Move/frame-00010.png
 create mode 100644 reports/WC-U450/20260906T161205Z/pippa-engine-motion-pilot/wc_u_halfling_warrior/Move/frame-00011.png
 create mode 100644 reports/WC-U450/20260906T161205Z/pippa-engine-motion-pilot/wc_u_halfling_warrior/Move/frame-00012.png
 create mode 100644 reports/WC-U450/20260906T161205Z/pippa-engine-motion-pilot/wc_u_halfling_warrior/Move/frame-00013.png
 create mode 100644 reports/WC-U450/20260906T161205Z/pippa-engine-motion-pilot/wc_u_halfling_warrior/Move/frame-00014.png
 create mode 100644 reports/WC-U450/20260906T161205Z/pippa-engine-motion-pilot/wc_u_halfling_warrior/Move/frame-00015.png
 create mode 100644 reports/WC-U450/20260906T161205Z/pippa-engine-motion-pilot/wc_u_halfling_warrior/Move/frame-00016.png
 create mode 100644 reports/WC-U450/20260906T161205Z/pippa-engine-motion-pilot/wc_u_halfling_warrior/Move/frame-00017.png
 create mode 100644 reports/WC-U450/20260906T161205Z/pippa-engine-motion-pilot/wc_u_halfling_warrior/Move/frame-00018.png
 create mode 100644 reports/WC-U450/20260906T161205Z/pippa-engine-motion-pilot/wc_u_halfling_warrior/Move/frame-00019.png
 create mode 100644 reports/WC-U450/20260906T161205Z/pippa-engine-motion-pilot/wc_u_halfling_warrior/Move/frame-00020.png
 create mode 100644 reports/WC-U450/20260906T161205Z/pippa-engine-motion-pilot/wc_u_halfling_warrior/Move/frames.csv
 create mode 100644 reports/WC-U450/20260906T161205Z/pippa-engine-motion-pilot/wc_u_halfling_warrior/Victory/frame-00000.png
 create mode 100644 reports/WC-U450/20260906T161205Z/pippa-engine-motion-pilot/wc_u_halfling_warrior/Victory/frame-00001.png
 create mode 100644 reports/WC-U450/20260906T161205Z/pippa-engine-motion-pilot/wc_u_halfling_warrior/Victory/frame-00002.png
 create mode 100644 reports/WC-U450/20260906T161205Z/pippa-engine-motion-pilot/wc_u_halfling_warrior/Victory/frame-00003.png
 create mode 100644 reports/WC-U450/20260906T161205Z/pippa-engine-motion-pilot/wc_u_halfling_warrior/Victory/frame-00004.png
 create mode 100644 reports/WC-U450/20260906T161205Z/pippa-engine-motion-pilot/wc_u_halfling_warrior/Victory/frame-00005.png
 create mode 100644 reports/WC-U450/20260906T161205Z/pippa-engine-motion-pilot/wc_u_halfling_warrior/Victory/frame-00006.png
 create mode 100644 reports/WC-U450/20260906T161205Z/pippa-engine-motion-pilot/wc_u_halfling_warrior/Victory/frame-00007.png
 create mode 100644 reports/WC-U450/20260906T161205Z/pippa-engine-motion-pilot/wc_u_halfling_warrior/Victory/frame-00008.png
 create mode 100644 reports/WC-U450/20260906T161205Z/pippa-engine-motion-pilot/wc_u_halfling_warrior/Victory/frame-00009.png
 create mode 100644 reports/WC-U450/20260906T161205Z/pippa-engine-motion-pilot/wc_u_halfling_warrior/Victory/frame-00010.png
 create mode 100644 reports/WC-U450/20260906T161205Z/pippa-engine-motion-pilot/wc_u_halfling_warrior/Victory/frame-00011.png
 create mode 100644 reports/WC-U450/20260906T161205Z/pippa-engine-motion-pilot/wc_u_halfling_warrior/Victory/frame-00012.png
 create mode 100644 reports/WC-U450/20260906T161205Z/pippa-engine-motion-pilot/wc_u_halfling_warrior/Victory/frame-00013.png
 create mode 100644 reports/WC-U450/20260906T161205Z/pippa-engine-motion-pilot/wc_u_halfling_warrior/Victory/frame-00014.png
 create mode 100644 reports/WC-U450/20260906T161205Z/pippa-engine-motion-pilot/wc_u_halfling_warrior/Victory/frame-00015.png
 create mode 100644 reports/WC-U450/20260906T161205Z/pippa-engine-motion-pilot/wc_u_halfling_warrior/Victory/frame-00016.png
 create mode 100644 reports/WC-U450/20260906T161205Z/pippa-engine-motion-pilot/wc_u_halfling_warrior/Victory/frame-00017.png
 create mode 100644 reports/WC-U450/20260906T161205Z/pippa-engine-motion-pilot/wc_u_halfling_warrior/Victory/frame-00018.png
 create mode 100644 reports/WC-U450/20260906T161205Z/pippa-engine-motion-pilot/wc_u_halfling_warrior/Victory/frame-00019.png
 create mode 100644 reports/WC-U450/20260906T161205Z/pippa-engine-motion-pilot/wc_u_halfling_warrior/Victory/frame-00020.png
 create mode 100644 reports/WC-U450/20260906T161205Z/pippa-engine-motion-pilot/wc_u_halfling_warrior/Victory/frame-00021.png
 create mode 100644 reports/WC-U450/20260906T161205Z/pippa-engine-motion-pilot/wc_u_halfling_warrior/Victory/frame-00022.png
 create mode 100644 reports/WC-U450/20260906T161205Z/pippa-engine-motion-pilot/wc_u_halfling_warrior/Victory/frame-00023.png
 create mode 100644 reports/WC-U450/20260906T161205Z/pippa-engine-motion-pilot/wc_u_halfling_warrior/Victory/frame-00024.png
 create mode 100644 reports/WC-U450/20260906T161205Z/pippa-engine-motion-pilot/wc_u_halfling_warrior/Victory/frame-00025.png
 create mode 100644 reports/WC-U450/20260906T161205Z/pippa-engine-motion-pilot/wc_u_halfling_warrior/Victory/frame-00026.png
 create mode 100644 reports/WC-U450/20260906T161205Z/pippa-engine-motion-pilot/wc_u_halfling_warrior/Victory/frame-00027.png
 create mode 100644 reports/WC-U450/20260906T161205Z/pippa-engine-motion-pilot/wc_u_halfling_warrior/Victory/frame-00028.png
 create mode 100644 reports/WC-U450/20260906T161205Z/pippa-engine-motion-pilot/wc_u_halfling_warrior/Victory/frame-00029.png
 create mode 100644 reports/WC-U450/20260906T161205Z/pippa-engine-motion-pilot/wc_u_halfling_warrior/Victory/frame-00030.png
 create mode 100644 reports/WC-U450/20260906T161205Z/pippa-engine-motion-pilot/wc_u_halfling_warrior/Victory/frames.csv
 create mode 100644 reports/WC-U450/20260906T161327Z/pippa-engine-motion-encoded/encoding-report.json
 create mode 100644 reports/WC-U450/20260906T161426Z/pippa-encoder-repaired/HANDOFF.md
 create mode 100644 reports/WC-U450/20260906T161426Z/pippa-encoder-repaired/encoded/blender-encode.log
 create mode 100644 reports/WC-U450/20260906T161426Z/pippa-encoder-repaired/encoded/encoder-readback.json
 create mode 100644 reports/WC-U450/20260906T161426Z/pippa-encoder-repaired/encoded/encoding-job.json
 create mode 100644 reports/WC-U450/20260906T161426Z/pippa-encoder-repaired/encoded/encoding-report.json
 create mode 100644 reports/WC-U450/20260906T161426Z/pippa-encoder-repaired/encoded/wc_u_halfling_warrior-Active.mp4
 create mode 100644 reports/WC-U450/20260906T161426Z/pippa-encoder-repaired/encoded/wc_u_halfling_warrior-Attack.mp4
 create mode 100644 reports/WC-U450/20260906T161426Z/pippa-encoder-repaired/encoded/wc_u_halfling_warrior-Defeat.mp4
 create mode 100644 reports/WC-U450/20260906T161426Z/pippa-encoder-repaired/encoded/wc_u_halfling_warrior-Hit.mp4
 create mode 100644 reports/WC-U450/20260906T161426Z/pippa-encoder-repaired/encoded/wc_u_halfling_warrior-Idle.mp4
 create mode 100644 reports/WC-U450/20260906T161426Z/pippa-encoder-repaired/encoded/wc_u_halfling_warrior-Move.mp4
 create mode 100644 reports/WC-U450/20260906T161426Z/pippa-encoder-repaired/encoded/wc_u_halfling_warrior-Victory.mp4
 create mode 100644 reports/WC-U450/20260906T161426Z/pippa-encoder-repaired/tests.log
 create mode 100644 reports/WC-U450/20260906T162435Z/current-validation/catalog.log
 create mode 100644 reports/WC-U450/20260906T162435Z/current-validation/documents.log
 create mode 100644 reports/WC-U450/20260906T162435Z/current-validation/kit.log
 create mode 100644 reports/WC-U450/20260906T162435Z/current-validation/results.json
 create mode 100644 reports/WC-U450/20260906T162435Z/current-validation/tests.log
 create mode 100644 reports/WC-U450/20260906T162820Z-editor-wrapper-refusals/cases/preexisting-evidence/retained-evidence.bin
 create mode 100644 reports/WC-U450/20260906T162820Z-editor-wrapper-refusals/cases/wrong-case-hero/process.json
 create mode 100644 reports/WC-U450/20260906T162820Z-editor-wrapper-refusals/cases/wrong-case-task/process.json
 create mode 100644 reports/WC-U450/20260906T162820Z-editor-wrapper-refusals/result.json
 create mode 100644 reports/WC-U450/20260906T162820Z-editor-wrapper-refusals/run-refusal-tests.ps1
 create mode 100644 reports/WC-U450/20260906T162820Z-editor-wrapper-refusals/run.log
 create mode 100644 reports/WC-U450/20260906T1630Z-editor-wrapper-refusals/cases/preexisting-evidence/retained-evidence.bin
 create mode 100644 reports/WC-U450/20260906T1630Z-editor-wrapper-refusals/cases/wrong-case-hero/process.json
 create mode 100644 reports/WC-U450/20260906T1630Z-editor-wrapper-refusals/cases/wrong-case-task/process.json
 create mode 100644 reports/WC-U450/20260906T1630Z-editor-wrapper-refusals/result.json
 create mode 100644 reports/WC-U450/20260906T1630Z-editor-wrapper-refusals/run-refusal-tests.ps1
 create mode 100644 reports/WC-U450/20260906T1630Z-editor-wrapper-refusals/run.log
 create mode 100644 reports/WC-U450/20260906T1633Z-editor-wrapper-fixed-refusals/REVIEW.md
 create mode 100644 reports/WC-U450/20260906T1633Z-editor-wrapper-fixed-refusals/cases/preexisting-evidence/retained-evidence.bin
 create mode 100644 reports/WC-U450/20260906T1633Z-editor-wrapper-fixed-refusals/cases/restore-absent/process.json
 create mode 100644 reports/WC-U450/20260906T1633Z-editor-wrapper-fixed-refusals/cases/restore-mixed/process.json
 create mode 100644 reports/WC-U450/20260906T1633Z-editor-wrapper-fixed-refusals/result.json
 create mode 100644 reports/WC-U450/20260906T1633Z-editor-wrapper-fixed-refusals/run-refusal-tests.ps1
 create mode 100644 reports/WC-U450/20260906T1633Z-editor-wrapper-fixed-refusals/run.log
 create mode 100644 reports/WC-U450/20260906T163731Z/r2-packaged100/launch.json
 create mode 100644 reports/WC-U450/20260906T163731Z/r2-packaged100/process-exit.json
To https://github.com/TUPRAM/wonder-chess.git
   90ecc1c3..3f90ab50  main -> main
branch 'main' set up to track 'origin/main'.
