warning: in the working copy of 'reports/WC-U440/20260906T153806Z/ada/inspect-final-hand-connectivity.py', LF will be replaced by CRLF the next time Git touches it
warning: in the working copy of 'reports/WC-U440/20260906T153806Z/ada/inspect-source8.py', LF will be replaced by CRLF the next time Git touches it
warning: in the working copy of 'reports/WC-U440/20260906T153806Z/ada/write-handoff.py', LF will be replaced by CRLF the next time Git touches it
warning: in the working copy of 'reports/WC-U440/20260906T153814Z/cold-sixteen/editor.log', LF will be replaced by CRLF the next time Git touches it
warning: in the working copy of 'reports/WC-U440/20260906T155451Z/validate-pippa.py', LF will be replaced by CRLF the next time Git touches it
warning: in the working copy of 'reports/WC-U440/20260906T155651Z/validate-pippa.py', LF will be replaced by CRLF the next time Git touches it
warning: in the working copy of 'reports/WC-U440/20260906T155929Z/probe-lod-validation.py', LF will be replaced by CRLF the next time Git touches it
warning: in the working copy of 'reports/WC-U440/20260906T155929Z/validate-pippa.py', LF will be replaced by CRLF the next time Git touches it
warning: in the working copy of 'reports/WC-U440/20260906T160156Z/validate-pippa.py', LF will be replaced by CRLF the next time Git touches it
warning: in the working copy of 'reports/WC-U440/20260906T160405Z/pippa-readback/render-silhouettes.py', LF will be replaced by CRLF the next time Git touches it
warning: in the working copy of 'reports/WC-U440/20260906T160405Z/pippa-readback/validate-pippa.py', LF will be replaced by CRLF the next time Git touches it
warning: in the working copy of 'reports/WC-U440/20260906T160431Z/ada9-import/editor.log', LF will be replaced by CRLF the next time Git touches it
warning: in the working copy of 'reports/WC-U440/20260906T160537Z-cass/candidate5-v1/executed-refinement.py', LF will be replaced by CRLF the next time Git touches it
warning: in the working copy of 'reports/WC-U440/20260906T160537Z-cass/candidate5-v2/executed-publish.py', LF will be replaced by CRLF the next time Git touches it
warning: in the working copy of 'reports/WC-U440/20260906T160537Z-cass/candidate5-v2/executed-refinement.py', LF will be replaced by CRLF the next time Git touches it
warning: in the working copy of 'reports/WC-U440/20260906T160537Z-cass/inspect-cass4.py', LF will be replaced by CRLF the next time Git touches it
warning: in the working copy of 'reports/WC-U440/20260906T160537Z-cass/verify-preserved-geometry.py', LF will be replaced by CRLF the next time Git touches it
warning: in the working copy of 'reports/WC-U440/20260906T160537Z-cass/write-handoff.py', LF will be replaced by CRLF the next time Git touches it
warning: in the working copy of 'reports/WC-U440/20260906T160653Z/pippa7-import/editor.log', LF will be replaced by CRLF the next time Git touches it
warning: in the working copy of 'reports/WC-U440/20260906T161053Z/cold-pippa/editor.log', LF will be replaced by CRLF the next time Git touches it
warning: in the working copy of 'reports/WC-U440/20260906T161455Z-face-fit/neris-before-v2/executed-inspection.py', LF will be replaced by CRLF the next time Git touches it
warning: in the working copy of 'reports/WC-U440/20260906T161455Z-face-fit/neris-candidate5/executed-publish.py', LF will be replaced by CRLF the next time Git touches it
warning: in the working copy of 'reports/WC-U440/20260906T161455Z-face-fit/neris-candidate5/executed-refinement.py', LF will be replaced by CRLF the next time Git touches it
warning: in the working copy of 'reports/WC-U440/20260906T161455Z-face-fit/orla-before/executed-inspection.py', LF will be replaced by CRLF the next time Git touches it
warning: in the working copy of 'reports/WC-U440/20260906T161455Z-face-fit/orla-candidate4/executed-publish.py', LF will be replaced by CRLF the next time Git touches it
warning: in the working copy of 'reports/WC-U440/20260906T161455Z-face-fit/orla-candidate4/executed-refinement.py', LF will be replaced by CRLF the next time Git touches it
warning: in the working copy of 'reports/WC-U440/20260906T161455Z-face-fit/tala-before/executed-inspection.py', LF will be replaced by CRLF the next time Git touches it
warning: in the working copy of 'reports/WC-U440/20260906T161455Z-face-fit/tala-candidate4/executed-publish.py', LF will be replaced by CRLF the next time Git touches it
warning: in the working copy of 'reports/WC-U440/20260906T161455Z-face-fit/tala-candidate4/executed-refinement.py', LF will be replaced by CRLF the next time Git touches it
warning: in the working copy of 'reports/WC-U440/20260906T161455Z-face-fit/write-handoff.py', LF will be replaced by CRLF the next time Git touches it
warning: in the working copy of 'reports/WC-U440/20260906T162235Z/cass5-import-path-fixed/editor.log', LF will be replaced by CRLF the next time Git touches it
warning: in the working copy of 'reports/WC-U440/20260906T162318Z/halflings/make_review_sheets.py', LF will be replaced by CRLF the next time Git touches it
warning: in the working copy of 'reports/WC-U440/20260906T162355Z/three-face-import/editor.log', LF will be replaced by CRLF the next time Git touches it
warning: in the working copy of 'reports/WC-U440/20260906T162705Z-elf-shoulders/liora-before/executed-inspection.py', LF will be replaced by CRLF the next time Git touches it
warning: in the working copy of 'reports/WC-U440/20260906T162705Z-elf-shoulders/liora-candidate8-v2/executed-publish.py', LF will be replaced by CRLF the next time Git touches it
warning: in the working copy of 'reports/WC-U440/20260906T162705Z-elf-shoulders/liora-candidate8-v2/executed-repair.py', LF will be replaced by CRLF the next time Git touches it
warning: in the working copy of 'reports/WC-U440/20260906T162705Z-elf-shoulders/liora-candidate8/executed-repair.py', LF will be replaced by CRLF the next time Git touches it
warning: in the working copy of 'reports/WC-U440/20260906T162705Z-elf-shoulders/readback_sylas_attack.py', LF will be replaced by CRLF the next time Git touches it
warning: in the working copy of 'reports/WC-U440/20260906T162705Z-elf-shoulders/sylas-before/executed-inspection.py', LF will be replaced by CRLF the next time Git touches it
warning: in the working copy of 'reports/WC-U440/20260906T162705Z-elf-shoulders/sylas-candidate8-v2/executed-publish.py', LF will be replaced by CRLF the next time Git touches it
warning: in the working copy of 'reports/WC-U440/20260906T162705Z-elf-shoulders/sylas-candidate8-v2/executed-repair.py', LF will be replaced by CRLF the next time Git touches it
warning: in the working copy of 'reports/WC-U440/20260906T162705Z-elf-shoulders/sylas-candidate8/executed-repair.py', LF will be replaced by CRLF the next time Git touches it
warning: in the working copy of 'reports/WC-U440/20260906T162705Z-elf-shoulders/write_brief_audit.py', LF will be replaced by CRLF the next time Git touches it
warning: in the working copy of 'reports/WC-U440/20260906T162705Z-elf-shoulders/write_elf_handoff.py', LF will be replaced by CRLF the next time Git touches it
warning: in the working copy of 'reports/WC-U440/20260906T162841Z/halfling-face-fit/make_review_sheets.py', LF will be replaced by CRLF the next time Git touches it
warning: in the working copy of 'reports/WC-U440/20260906T162841Z/halfling-face-fit/milo-readback/executed-verifier.py', LF will be replaced by CRLF the next time Git touches it
warning: in the working copy of 'reports/WC-U440/20260906T162841Z/halfling-face-fit/nella-readback/executed-verifier.py', LF will be replaced by CRLF the next time Git touches it
warning: in the working copy of 'reports/WC-U440/20260906T163210Z/cold-seventeen/editor.log', LF will be replaced by CRLF the next time Git touches it
warning: in the working copy of 'reports/WC-U440/20260906T163654Z/halfling-final-check/finn-readback/executed-verifier.py', LF will be replaced by CRLF the next time Git touches it
warning: in the working copy of 'reports/WC-U440/20260906T163654Z/halfling-final-check/make_handoff.py', LF will be replaced by CRLF the next time Git touches it
warning: in the working copy of 'reports/WC-U440/20260906T163654Z/halfling-final-check/make_review_sheets.py', LF will be replaced by CRLF the next time Git touches it
warning: in the working copy of 'reports/WC-U440/20260906T163654Z/halfling-final-check/nella-readback/executed-verifier.py', LF will be replaced by CRLF the next time Git touches it
warning: in the working copy of 'reports/WC-U440/20260906T163812Z/finn-milo-import/editor.log', LF will be replaced by CRLF the next time Git touches it
warning: in the working copy of 'reports/WC-U440/20260906T163949Z/nella4-import/editor.log', LF will be replaced by CRLF the next time Git touches it
warning: in the working copy of 'reports/WC-U440/20260906T164048Z/elf-shoulder-import/editor.log', LF will be replaced by CRLF the next time Git touches it
warning: in the working copy of 'reports/WC-U440/20260906T164215Z/cold-twenty/editor.log', LF will be replaced by CRLF the next time Git touches it
warning: in the working copy of 'reports/WC-U440/20260906T164517Z/dragonkin-readiness/READINESS.md', LF will be replaced by CRLF the next time Git touches it
warning: in the working copy of 'reports/WC-U440/20260906T164907Z/dragonkin/sora/executed-author.py', LF will be replaced by CRLF the next time Git touches it
warning: in the working copy of 'reports/WC-U440/20260906T164907Z/dragonkin/sora/executed-profile.py', LF will be replaced by CRLF the next time Git touches it
warning: in the working copy of 'reports/WC-U440/20260906T164928Z-kesh-shoulders/before/executed-inspection.py', LF will be replaced by CRLF the next time Git touches it
[main 3d854a9] Preserve Wonder Chess research and execution evidence batch 07
 2794 files changed, 130649 insertions(+)
 create mode 100644 reports/WC-U440/20260906T153806Z/ada/candidate9-v8/front.png
 create mode 100644 reports/WC-U440/20260906T153806Z/ada/candidate9-v8/normalized-export/SK_wc_u_human_guardian.fbm/T_wc_u_human_guardian_BaseColor.png
 create mode 100644 reports/WC-U440/20260906T153806Z/ada/candidate9-v8/normalized-export/SK_wc_u_human_guardian.fbm/T_wc_u_human_guardian_Normal.png
 create mode 100644 reports/WC-U440/20260906T153806Z/ada/candidate9-v8/normalized-export/SK_wc_u_human_guardian.fbx
 create mode 100644 reports/WC-U440/20260906T153806Z/ada/candidate9-v8/normalized-export/SK_wc_u_human_guardian_LOD1.fbm/T_wc_u_human_guardian_BaseColor.png
 create mode 100644 reports/WC-U440/20260906T153806Z/ada/candidate9-v8/normalized-export/SK_wc_u_human_guardian_LOD1.fbm/T_wc_u_human_guardian_Normal.png
 create mode 100644 reports/WC-U440/20260906T153806Z/ada/candidate9-v8/normalized-export/SK_wc_u_human_guardian_LOD1.fbx
 create mode 100644 reports/WC-U440/20260906T153806Z/ada/candidate9-v8/normalized-export/SK_wc_u_human_guardian_LOD2.fbm/T_wc_u_human_guardian_BaseColor.png
 create mode 100644 reports/WC-U440/20260906T153806Z/ada/candidate9-v8/normalized-export/SK_wc_u_human_guardian_LOD2.fbm/T_wc_u_human_guardian_Normal.png
 create mode 100644 reports/WC-U440/20260906T153806Z/ada/candidate9-v8/normalized-export/SK_wc_u_human_guardian_LOD2.fbx
 create mode 100644 reports/WC-U440/20260906T153806Z/ada/candidate9-v8/preflight-structure.json
 create mode 100644 reports/WC-U440/20260906T153806Z/ada/candidate9-v8/published-result.json
 create mode 100644 reports/WC-U440/20260906T153806Z/ada/candidate9-v8/shield-rear.png
 create mode 100644 reports/WC-U440/20260906T153806Z/ada/candidate9-v8/side.png
 create mode 100644 reports/WC-U440/20260906T153806Z/ada/candidate9-v8/sword-grip.png
 create mode 100644 reports/WC-U440/20260906T153806Z/ada/candidate9-v8/three-quarter.png
 create mode 100644 reports/WC-U440/20260906T153806Z/ada/encode9.log
 create mode 100644 reports/WC-U440/20260906T153806Z/ada/final-hand-connectivity.json
 create mode 100644 reports/WC-U440/20260906T153806Z/ada/final-hand-connectivity.log
 create mode 100644 reports/WC-U440/20260906T153806Z/ada/inspect-final-hand-connectivity.py
 create mode 100644 reports/WC-U440/20260906T153806Z/ada/inspect-source8.py
 create mode 100644 reports/WC-U440/20260906T153806Z/ada/inspection8.log
 create mode 100644 reports/WC-U440/20260906T153806Z/ada/inspection8/back.png
 create mode 100644 reports/WC-U440/20260906T153806Z/ada/inspection8/components.json
 create mode 100644 reports/WC-U440/20260906T153806Z/ada/inspection8/face-three-quarter.png
 create mode 100644 reports/WC-U440/20260906T153806Z/ada/inspection8/face.png
 create mode 100644 reports/WC-U440/20260906T153806Z/ada/inspection8/front.png
 create mode 100644 reports/WC-U440/20260906T153806Z/ada/inspection8/shield-rear.png
 create mode 100644 reports/WC-U440/20260906T153806Z/ada/inspection8/side.png
 create mode 100644 reports/WC-U440/20260906T153806Z/ada/inspection8/source-invariants.json
 create mode 100644 reports/WC-U440/20260906T153806Z/ada/inspection8/sword-grip.png
 create mode 100644 reports/WC-U440/20260906T153806Z/ada/inspection8/three-quarter.png
 create mode 100644 reports/WC-U440/20260906T153806Z/ada/publish9.log
 create mode 100644 reports/WC-U440/20260906T153806Z/ada/verified9.log
 create mode 100644 reports/WC-U440/20260906T153806Z/ada/verified9/Active-all-samples.png
 create mode 100644 reports/WC-U440/20260906T153806Z/ada/verified9/Active-normal-speed.gif
 create mode 100644 reports/WC-U440/20260906T153806Z/ada/verified9/Attack-all-samples.png
 create mode 100644 reports/WC-U440/20260906T153806Z/ada/verified9/Attack-normal-speed.gif
 create mode 100644 reports/WC-U440/20260906T153806Z/ada/verified9/Defeat-all-samples.png
 create mode 100644 reports/WC-U440/20260906T153806Z/ada/verified9/Defeat-normal-speed.gif
 create mode 100644 reports/WC-U440/20260906T153806Z/ada/verified9/EXPORT-inspection.json
 create mode 100644 reports/WC-U440/20260906T153806Z/ada/verified9/Hit-all-samples.png
 create mode 100644 reports/WC-U440/20260906T153806Z/ada/verified9/Hit-normal-speed.gif
 create mode 100644 reports/WC-U440/20260906T153806Z/ada/verified9/Idle-all-samples.png
 create mode 100644 reports/WC-U440/20260906T153806Z/ada/verified9/Idle-normal-speed.gif
 create mode 100644 reports/WC-U440/20260906T153806Z/ada/verified9/LOD_SOURCE-inspection.json
 create mode 100644 reports/WC-U440/20260906T153806Z/ada/verified9/Move-all-samples.png
 create mode 100644 reports/WC-U440/20260906T153806Z/ada/verified9/Move-normal-speed.gif
 create mode 100644 reports/WC-U440/20260906T153806Z/ada/verified9/Victory-all-samples.png
 create mode 100644 reports/WC-U440/20260906T153806Z/ada/verified9/Victory-normal-speed.gif
 create mode 100644 reports/WC-U440/20260906T153806Z/ada/verified9/motion-frames/Active/0000.png
 create mode 100644 reports/WC-U440/20260906T153806Z/ada/verified9/motion-frames/Active/0001.png
 create mode 100644 reports/WC-U440/20260906T153806Z/ada/verified9/motion-frames/Active/0002.png
 create mode 100644 reports/WC-U440/20260906T153806Z/ada/verified9/motion-frames/Active/0003.png
 create mode 100644 reports/WC-U440/20260906T153806Z/ada/verified9/motion-frames/Active/0004.png
 create mode 100644 reports/WC-U440/20260906T153806Z/ada/verified9/motion-frames/Active/0005.png
 create mode 100644 reports/WC-U440/20260906T153806Z/ada/verified9/motion-frames/Active/0006.png
 create mode 100644 reports/WC-U440/20260906T153806Z/ada/verified9/motion-frames/Active/0007.png
 create mode 100644 reports/WC-U440/20260906T153806Z/ada/verified9/motion-frames/Active/0008.png
 create mode 100644 reports/WC-U440/20260906T153806Z/ada/verified9/motion-frames/Active/0009.png
 create mode 100644 reports/WC-U440/20260906T153806Z/ada/verified9/motion-frames/Active/0010.png
 create mode 100644 reports/WC-U440/20260906T153806Z/ada/verified9/motion-frames/Active/0011.png
 create mode 100644 reports/WC-U440/20260906T153806Z/ada/verified9/motion-frames/Attack/0000.png
 create mode 100644 reports/WC-U440/20260906T153806Z/ada/verified9/motion-frames/Attack/0001.png
 create mode 100644 reports/WC-U440/20260906T153806Z/ada/verified9/motion-frames/Attack/0002.png
 create mode 100644 reports/WC-U440/20260906T153806Z/ada/verified9/motion-frames/Attack/0003.png
 create mode 100644 reports/WC-U440/20260906T153806Z/ada/verified9/motion-frames/Attack/0004.png
 create mode 100644 reports/WC-U440/20260906T153806Z/ada/verified9/motion-frames/Attack/0005.png
 create mode 100644 reports/WC-U440/20260906T153806Z/ada/verified9/motion-frames/Attack/0006.png
 create mode 100644 reports/WC-U440/20260906T153806Z/ada/verified9/motion-frames/Attack/0007.png
 create mode 100644 reports/WC-U440/20260906T153806Z/ada/verified9/motion-frames/Attack/0008.png
 create mode 100644 reports/WC-U440/20260906T153806Z/ada/verified9/motion-frames/Attack/0009.png
 create mode 100644 reports/WC-U440/20260906T153806Z/ada/verified9/motion-frames/Attack/0010.png
 create mode 100644 reports/WC-U440/20260906T153806Z/ada/verified9/motion-frames/Attack/0011.png
 create mode 100644 reports/WC-U440/20260906T153806Z/ada/verified9/motion-frames/Attack/0012.png
 create mode 100644 reports/WC-U440/20260906T153806Z/ada/verified9/motion-frames/Defeat/0000.png
 create mode 100644 reports/WC-U440/20260906T153806Z/ada/verified9/motion-frames/Defeat/0001.png
 create mode 100644 reports/WC-U440/20260906T153806Z/ada/verified9/motion-frames/Defeat/0002.png
 create mode 100644 reports/WC-U440/20260906T153806Z/ada/verified9/motion-frames/Defeat/0003.png
 create mode 100644 reports/WC-U440/20260906T153806Z/ada/verified9/motion-frames/Defeat/0004.png
 create mode 100644 reports/WC-U440/20260906T153806Z/ada/verified9/motion-frames/Defeat/0005.png
 create mode 100644 reports/WC-U440/20260906T153806Z/ada/verified9/motion-frames/Defeat/0006.png
 create mode 100644 reports/WC-U440/20260906T153806Z/ada/verified9/motion-frames/Defeat/0007.png
 create mode 100644 reports/WC-U440/20260906T153806Z/ada/verified9/motion-frames/Defeat/0008.png
 create mode 100644 reports/WC-U440/20260906T153806Z/ada/verified9/motion-frames/Defeat/0009.png
 create mode 100644 reports/WC-U440/20260906T153806Z/ada/verified9/motion-frames/Defeat/0010.png
 create mode 100644 reports/WC-U440/20260906T153806Z/ada/verified9/motion-frames/Defeat/0011.png
 create mode 100644 reports/WC-U440/20260906T153806Z/ada/verified9/motion-frames/Defeat/0012.png
 create mode 100644 reports/WC-U440/20260906T153806Z/ada/verified9/motion-frames/Defeat/0013.png
 create mode 100644 reports/WC-U440/20260906T153806Z/ada/verified9/motion-frames/Defeat/0014.png
 create mode 100644 reports/WC-U440/20260906T153806Z/ada/verified9/motion-frames/Defeat/0015.png
 create mode 100644 reports/WC-U440/20260906T153806Z/ada/verified9/motion-frames/Defeat/0016.png
 create mode 100644 reports/WC-U440/20260906T153806Z/ada/verified9/motion-frames/Defeat/0017.png
 create mode 100644 reports/WC-U440/20260906T153806Z/ada/verified9/motion-frames/Defeat/0018.png
 create mode 100644 reports/WC-U440/20260906T153806Z/ada/verified9/motion-frames/Defeat/0019.png
 create mode 100644 reports/WC-U440/20260906T153806Z/ada/verified9/motion-frames/Hit/0000.png
 create mode 100644 reports/WC-U440/20260906T153806Z/ada/verified9/motion-frames/Hit/0001.png
 create mode 100644 reports/WC-U440/20260906T153806Z/ada/verified9/motion-frames/Hit/0002.png
 create mode 100644 reports/WC-U440/20260906T153806Z/ada/verified9/motion-frames/Hit/0003.png
 create mode 100644 reports/WC-U440/20260906T153806Z/ada/verified9/motion-frames/Hit/0004.png
 create mode 100644 reports/WC-U440/20260906T153806Z/ada/verified9/motion-frames/Hit/0005.png
 create mode 100644 reports/WC-U440/20260906T153806Z/ada/verified9/motion-frames/Hit/0006.png
 create mode 100644 reports/WC-U440/20260906T153806Z/ada/verified9/motion-frames/Hit/0007.png
 create mode 100644 reports/WC-U440/20260906T153806Z/ada/verified9/motion-frames/Idle/0000.png
 create mode 100644 reports/WC-U440/20260906T153806Z/ada/verified9/motion-frames/Idle/0001.png
 create mode 100644 reports/WC-U440/20260906T153806Z/ada/verified9/motion-frames/Idle/0002.png
 create mode 100644 reports/WC-U440/20260906T153806Z/ada/verified9/motion-frames/Idle/0003.png
 create mode 100644 reports/WC-U440/20260906T153806Z/ada/verified9/motion-frames/Idle/0004.png
 create mode 100644 reports/WC-U440/20260906T153806Z/ada/verified9/motion-frames/Idle/0005.png
 create mode 100644 reports/WC-U440/20260906T153806Z/ada/verified9/motion-frames/Idle/0006.png
 create mode 100644 reports/WC-U440/20260906T153806Z/ada/verified9/motion-frames/Idle/0007.png
 create mode 100644 reports/WC-U440/20260906T153806Z/ada/verified9/motion-frames/Idle/0008.png
 create mode 100644 reports/WC-U440/20260906T153806Z/ada/verified9/motion-frames/Idle/0009.png
 create mode 100644 reports/WC-U440/20260906T153806Z/ada/verified9/motion-frames/Idle/0010.png
 create mode 100644 reports/WC-U440/20260906T153806Z/ada/verified9/motion-frames/Idle/0011.png
 create mode 100644 reports/WC-U440/20260906T153806Z/ada/verified9/motion-frames/Idle/0012.png
 create mode 100644 reports/WC-U440/20260906T153806Z/ada/verified9/motion-frames/Idle/0013.png
 create mode 100644 reports/WC-U440/20260906T153806Z/ada/verified9/motion-frames/Idle/0014.png
 create mode 100644 reports/WC-U440/20260906T153806Z/ada/verified9/motion-frames/Idle/0015.png
 create mode 100644 reports/WC-U440/20260906T153806Z/ada/verified9/motion-frames/Idle/0016.png
 create mode 100644 reports/WC-U440/20260906T153806Z/ada/verified9/motion-frames/Idle/0017.png
 create mode 100644 reports/WC-U440/20260906T153806Z/ada/verified9/motion-frames/Idle/0018.png
 create mode 100644 reports/WC-U440/20260906T153806Z/ada/verified9/motion-frames/Idle/0019.png
 create mode 100644 reports/WC-U440/20260906T153806Z/ada/verified9/motion-frames/Idle/0020.png
 create mode 100644 reports/WC-U440/20260906T153806Z/ada/verified9/motion-frames/Idle/0021.png
 create mode 100644 reports/WC-U440/20260906T153806Z/ada/verified9/motion-frames/Idle/0022.png
 create mode 100644 reports/WC-U440/20260906T153806Z/ada/verified9/motion-frames/Idle/0023.png
 create mode 100644 reports/WC-U440/20260906T153806Z/ada/verified9/motion-frames/Idle/0024.png
 create mode 100644 reports/WC-U440/20260906T153806Z/ada/verified9/motion-frames/Idle/0025.png
 create mode 100644 reports/WC-U440/20260906T153806Z/ada/verified9/motion-frames/Idle/0026.png
 create mode 100644 reports/WC-U440/20260906T153806Z/ada/verified9/motion-frames/Idle/0027.png
 create mode 100644 reports/WC-U440/20260906T153806Z/ada/verified9/motion-frames/Idle/0028.png
 create mode 100644 reports/WC-U440/20260906T153806Z/ada/verified9/motion-frames/Idle/0029.png
 create mode 100644 reports/WC-U440/20260906T153806Z/ada/verified9/motion-frames/Idle/0030.png
 create mode 100644 reports/WC-U440/20260906T153806Z/ada/verified9/motion-frames/Idle/0031.png
 create mode 100644 reports/WC-U440/20260906T153806Z/ada/verified9/motion-frames/Idle/0032.png
 create mode 100644 reports/WC-U440/20260906T153806Z/ada/verified9/motion-frames/Idle/0033.png
 create mode 100644 reports/WC-U440/20260906T153806Z/ada/verified9/motion-frames/Idle/0034.png
 create mode 100644 reports/WC-U440/20260906T153806Z/ada/verified9/motion-frames/Idle/0035.png
 create mode 100644 reports/WC-U440/20260906T153806Z/ada/verified9/motion-frames/Idle/0036.png
 create mode 100644 reports/WC-U440/20260906T153806Z/ada/verified9/motion-frames/Idle/0037.png
 create mode 100644 reports/WC-U440/20260906T153806Z/ada/verified9/motion-frames/Idle/0038.png
 create mode 100644 reports/WC-U440/20260906T153806Z/ada/verified9/motion-frames/Idle/0039.png
 create mode 100644 reports/WC-U440/20260906T153806Z/ada/verified9/motion-frames/Move/0000.png
 create mode 100644 reports/WC-U440/20260906T153806Z/ada/verified9/motion-frames/Move/0001.png
 create mode 100644 reports/WC-U440/20260906T153806Z/ada/verified9/motion-frames/Move/0002.png
 create mode 100644 reports/WC-U440/20260906T153806Z/ada/verified9/motion-frames/Move/0003.png
 create mode 100644 reports/WC-U440/20260906T153806Z/ada/verified9/motion-frames/Move/0004.png
 create mode 100644 reports/WC-U440/20260906T153806Z/ada/verified9/motion-frames/Move/0005.png
 create mode 100644 reports/WC-U440/20260906T153806Z/ada/verified9/motion-frames/Move/0006.png
 create mode 100644 reports/WC-U440/20260906T153806Z/ada/verified9/motion-frames/Move/0007.png
 create mode 100644 reports/WC-U440/20260906T153806Z/ada/verified9/motion-frames/Move/0008.png
 create mode 100644 reports/WC-U440/20260906T153806Z/ada/verified9/motion-frames/Move/0009.png
 create mode 100644 reports/WC-U440/20260906T153806Z/ada/verified9/motion-frames/Move/0010.png
 create mode 100644 reports/WC-U440/20260906T153806Z/ada/verified9/motion-frames/Move/0011.png
 create mode 100644 reports/WC-U440/20260906T153806Z/ada/verified9/motion-frames/Move/0012.png
 create mode 100644 reports/WC-U440/20260906T153806Z/ada/verified9/motion-frames/Move/0013.png
 create mode 100644 reports/WC-U440/20260906T153806Z/ada/verified9/motion-frames/Move/0014.png
 create mode 100644 reports/WC-U440/20260906T153806Z/ada/verified9/motion-frames/Move/0015.png
 create mode 100644 reports/WC-U440/20260906T153806Z/ada/verified9/motion-frames/Move/0016.png
 create mode 100644 reports/WC-U440/20260906T153806Z/ada/verified9/motion-frames/Move/0017.png
 create mode 100644 reports/WC-U440/20260906T153806Z/ada/verified9/motion-frames/Move/0018.png
 create mode 100644 reports/WC-U440/20260906T153806Z/ada/verified9/motion-frames/Move/0019.png
 create mode 100644 reports/WC-U440/20260906T153806Z/ada/verified9/motion-frames/Victory/0000.png
 create mode 100644 reports/WC-U440/20260906T153806Z/ada/verified9/motion-frames/Victory/0001.png
 create mode 100644 reports/WC-U440/20260906T153806Z/ada/verified9/motion-frames/Victory/0002.png
 create mode 100644 reports/WC-U440/20260906T153806Z/ada/verified9/motion-frames/Victory/0003.png
 create mode 100644 reports/WC-U440/20260906T153806Z/ada/verified9/motion-frames/Victory/0004.png
 create mode 100644 reports/WC-U440/20260906T153806Z/ada/verified9/motion-frames/Victory/0005.png
 create mode 100644 reports/WC-U440/20260906T153806Z/ada/verified9/motion-frames/Victory/0006.png
 create mode 100644 reports/WC-U440/20260906T153806Z/ada/verified9/motion-frames/Victory/0007.png
 create mode 100644 reports/WC-U440/20260906T153806Z/ada/verified9/motion-frames/Victory/0008.png
 create mode 100644 reports/WC-U440/20260906T153806Z/ada/verified9/motion-frames/Victory/0009.png
 create mode 100644 reports/WC-U440/20260906T153806Z/ada/verified9/motion-frames/Victory/0010.png
 create mode 100644 reports/WC-U440/20260906T153806Z/ada/verified9/motion-frames/Victory/0011.png
 create mode 100644 reports/WC-U440/20260906T153806Z/ada/verified9/motion-frames/Victory/0012.png
 create mode 100644 reports/WC-U440/20260906T153806Z/ada/verified9/motion-frames/Victory/0013.png
 create mode 100644 reports/WC-U440/20260906T153806Z/ada/verified9/motion-frames/Victory/0014.png
 create mode 100644 reports/WC-U440/20260906T153806Z/ada/verified9/motion-frames/Victory/0015.png
 create mode 100644 reports/WC-U440/20260906T153806Z/ada/verified9/motion-frames/Victory/0016.png
 create mode 100644 reports/WC-U440/20260906T153806Z/ada/verified9/motion-frames/Victory/0017.png
 create mode 100644 reports/WC-U440/20260906T153806Z/ada/verified9/motion-frames/Victory/0018.png
 create mode 100644 reports/WC-U440/20260906T153806Z/ada/verified9/motion-frames/Victory/0019.png
 create mode 100644 reports/WC-U440/20260906T153806Z/ada/verified9/motion-frames/Victory/0020.png
 create mode 100644 reports/WC-U440/20260906T153806Z/ada/verified9/motion-frames/Victory/0021.png
 create mode 100644 reports/WC-U440/20260906T153806Z/ada/verified9/motion-frames/Victory/0022.png
 create mode 100644 reports/WC-U440/20260906T153806Z/ada/verified9/motion-frames/Victory/0023.png
 create mode 100644 reports/WC-U440/20260906T153806Z/ada/verified9/motion-frames/Victory/0024.png
 create mode 100644 reports/WC-U440/20260906T153806Z/ada/verified9/motion-frames/Victory/0025.png
 create mode 100644 reports/WC-U440/20260906T153806Z/ada/verified9/motion-frames/Victory/0026.png
 create mode 100644 reports/WC-U440/20260906T153806Z/ada/verified9/motion-frames/Victory/0027.png
 create mode 100644 reports/WC-U440/20260906T153806Z/ada/verified9/motion-frames/Victory/0028.png
 create mode 100644 reports/WC-U440/20260906T153806Z/ada/verified9/motion-frames/Victory/0029.png
 create mode 100644 reports/WC-U440/20260906T153806Z/ada/verified9/motion-invariants.json
 create mode 100644 reports/WC-U440/20260906T153806Z/ada/verified9/motion-sequences.json
 create mode 100644 reports/WC-U440/20260906T153806Z/ada/verified9/normal-speed-evidence.json
 create mode 100644 reports/WC-U440/20260906T153806Z/ada/verified9/published-verification.json
 create mode 100644 reports/WC-U440/20260906T153806Z/ada/write-handoff.py
 create mode 100644 reports/WC-U440/20260906T153814Z/cold-sixteen/automation/index.html
 create mode 100644 reports/WC-U440/20260906T153814Z/cold-sixteen/automation/index.json
 create mode 100644 reports/WC-U440/20260906T153814Z/cold-sixteen/console.log
 create mode 100644 reports/WC-U440/20260906T153814Z/cold-sixteen/editor.log
 create mode 100644 reports/WC-U440/20260906T153814Z/cold-sixteen/imported-assets.json
 create mode 100644 reports/WC-U440/20260906T153814Z/cold-sixteen/launch.json
 create mode 100644 reports/WC-U440/20260906T153814Z/cold-sixteen/process-exit.json
 create mode 100644 reports/WC-U440/20260906T154801Z/pippa-production.log
 create mode 100644 reports/WC-U440/20260906T154801Z/pippa/Active-end.png
 create mode 100644 reports/WC-U440/20260906T154801Z/pippa/Active-release.png
 create mode 100644 reports/WC-U440/20260906T154801Z/pippa/Active-start.png
 create mode 100644 reports/WC-U440/20260906T154801Z/pippa/Attack-end.png
 create mode 100644 reports/WC-U440/20260906T154801Z/pippa/Attack-release.png
 create mode 100644 reports/WC-U440/20260906T154801Z/pippa/Attack-start.png
 create mode 100644 reports/WC-U440/20260906T154801Z/pippa/Defeat-end.png
 create mode 100644 reports/WC-U440/20260906T154801Z/pippa/Defeat-release.png
 create mode 100644 reports/WC-U440/20260906T154801Z/pippa/Defeat-start.png
 create mode 100644 reports/WC-U440/20260906T154801Z/pippa/Hit-end.png
 create mode 100644 reports/WC-U440/20260906T154801Z/pippa/Hit-release.png
 create mode 100644 reports/WC-U440/20260906T154801Z/pippa/Hit-start.png
 create mode 100644 reports/WC-U440/20260906T154801Z/pippa/Idle-end.png
 create mode 100644 reports/WC-U440/20260906T154801Z/pippa/Idle-release.png
 create mode 100644 reports/WC-U440/20260906T154801Z/pippa/Idle-start.png
 create mode 100644 reports/WC-U440/20260906T154801Z/pippa/Move-end.png
 create mode 100644 reports/WC-U440/20260906T154801Z/pippa/Move-release.png
 create mode 100644 reports/WC-U440/20260906T154801Z/pippa/Move-start.png
 create mode 100644 reports/WC-U440/20260906T154801Z/pippa/Victory-end.png
 create mode 100644 reports/WC-U440/20260906T154801Z/pippa/Victory-release.png
 create mode 100644 reports/WC-U440/20260906T154801Z/pippa/Victory-start.png
 create mode 100644 reports/WC-U440/20260906T154801Z/pippa/all-frame-invariants.json
 create mode 100644 reports/WC-U440/20260906T154801Z/pippa/back.png
 create mode 100644 reports/WC-U440/20260906T154801Z/pippa/completed.json
 create mode 100644 reports/WC-U440/20260906T154801Z/pippa/continuous-Active.mp4
 create mode 100644 reports/WC-U440/20260906T154801Z/pippa/continuous-Attack.mp4
 create mode 100644 reports/WC-U440/20260906T154801Z/pippa/continuous-Defeat.mp4
 create mode 100644 reports/WC-U440/20260906T154801Z/pippa/continuous-Hit.mp4
 create mode 100644 reports/WC-U440/20260906T154801Z/pippa/continuous-Idle.mp4
 create mode 100644 reports/WC-U440/20260906T154801Z/pippa/continuous-Move.mp4
 create mode 100644 reports/WC-U440/20260906T154801Z/pippa/continuous-Victory.mp4
 create mode 100644 reports/WC-U440/20260906T154801Z/pippa/executed-ik-reach.json
 create mode 100644 reports/WC-U440/20260906T154801Z/pippa/face.png
 create mode 100644 reports/WC-U440/20260906T154801Z/pippa/front.png
 create mode 100644 reports/WC-U440/20260906T154801Z/pippa/game-angle.png
 create mode 100644 reports/WC-U440/20260906T154801Z/pippa/input.json
 create mode 100644 reports/WC-U440/20260906T154801Z/pippa/sampled-motion.json
 create mode 100644 reports/WC-U440/20260906T154801Z/pippa/side.png
 create mode 100644 reports/WC-U440/20260906T154801Z/pippa/structural.json
 create mode 100644 reports/WC-U440/20260906T154801Z/pippa/three-quarter.png
 create mode 100644 reports/WC-U440/20260906T154801Z/process-exit.json
 create mode 100644 reports/WC-U440/20260906T155106Z/pippa-production.log
 create mode 100644 reports/WC-U440/20260906T155106Z/pippa/Active-end.png
 create mode 100644 reports/WC-U440/20260906T155106Z/pippa/Active-release.png
 create mode 100644 reports/WC-U440/20260906T155106Z/pippa/Active-start.png
 create mode 100644 reports/WC-U440/20260906T155106Z/pippa/Attack-end.png
 create mode 100644 reports/WC-U440/20260906T155106Z/pippa/Attack-release.png
 create mode 100644 reports/WC-U440/20260906T155106Z/pippa/Attack-start.png
 create mode 100644 reports/WC-U440/20260906T155106Z/pippa/Defeat-end.png
 create mode 100644 reports/WC-U440/20260906T155106Z/pippa/Defeat-release.png
 create mode 100644 reports/WC-U440/20260906T155106Z/pippa/Defeat-start.png
 create mode 100644 reports/WC-U440/20260906T155106Z/pippa/Hit-end.png
 create mode 100644 reports/WC-U440/20260906T155106Z/pippa/Hit-release.png
 create mode 100644 reports/WC-U440/20260906T155106Z/pippa/Hit-start.png
 create mode 100644 reports/WC-U440/20260906T155106Z/pippa/Idle-end.png
 create mode 100644 reports/WC-U440/20260906T155106Z/pippa/Idle-release.png
 create mode 100644 reports/WC-U440/20260906T155106Z/pippa/Idle-start.png
 create mode 100644 reports/WC-U440/20260906T155106Z/pippa/Move-end.png
 create mode 100644 reports/WC-U440/20260906T155106Z/pippa/Move-release.png
 create mode 100644 reports/WC-U440/20260906T155106Z/pippa/Move-start.png
 create mode 100644 reports/WC-U440/20260906T155106Z/pippa/Victory-end.png
 create mode 100644 reports/WC-U440/20260906T155106Z/pippa/Victory-release.png
 create mode 100644 reports/WC-U440/20260906T155106Z/pippa/Victory-start.png
 create mode 100644 reports/WC-U440/20260906T155106Z/pippa/all-frame-invariants.json
 create mode 100644 reports/WC-U440/20260906T155106Z/pippa/back.png
 create mode 100644 reports/WC-U440/20260906T155106Z/pippa/before-exports/AN_wc_u_halfling_warrior_Active.fbx
 create mode 100644 reports/WC-U440/20260906T155106Z/pippa/before-exports/AN_wc_u_halfling_warrior_Attack.fbx
 create mode 100644 reports/WC-U440/20260906T155106Z/pippa/before-exports/AN_wc_u_halfling_warrior_Defeat.fbx
 create mode 100644 reports/WC-U440/20260906T155106Z/pippa/before-exports/AN_wc_u_halfling_warrior_Hit.fbx
 create mode 100644 reports/WC-U440/20260906T155106Z/pippa/before-exports/AN_wc_u_halfling_warrior_Idle.fbx
 create mode 100644 reports/WC-U440/20260906T155106Z/pippa/before-exports/AN_wc_u_halfling_warrior_Move.fbx
 create mode 100644 reports/WC-U440/20260906T155106Z/pippa/before-exports/AN_wc_u_halfling_warrior_Victory.fbx
 create mode 100644 reports/WC-U440/20260906T155106Z/pippa/before-exports/SK_wc_u_halfling_warrior.fbm/T_wc_u_halfling_warrior_BaseColor.png
 create mode 100644 reports/WC-U440/20260906T155106Z/pippa/before-exports/SK_wc_u_halfling_warrior.fbm/T_wc_u_halfling_warrior_Normal.png
 create mode 100644 reports/WC-U440/20260906T155106Z/pippa/before-exports/SK_wc_u_halfling_warrior.fbx
 create mode 100644 reports/WC-U440/20260906T155106Z/pippa/before-exports/SK_wc_u_halfling_warrior_LOD1.fbm/T_wc_u_halfling_warrior_BaseColor.png
 create mode 100644 reports/WC-U440/20260906T155106Z/pippa/before-exports/SK_wc_u_halfling_warrior_LOD1.fbm/T_wc_u_halfling_warrior_Normal.png
 create mode 100644 reports/WC-U440/20260906T155106Z/pippa/before-exports/SK_wc_u_halfling_warrior_LOD1.fbx
 create mode 100644 reports/WC-U440/20260906T155106Z/pippa/before-exports/SK_wc_u_halfling_warrior_LOD2.fbm/T_wc_u_halfling_warrior_BaseColor.png
 create mode 100644 reports/WC-U440/20260906T155106Z/pippa/before-exports/SK_wc_u_halfling_warrior_LOD2.fbm/T_wc_u_halfling_warrior_Normal.png
 create mode 100644 reports/WC-U440/20260906T155106Z/pippa/before-exports/SK_wc_u_halfling_warrior_LOD2.fbx
 create mode 100644 reports/WC-U440/20260906T155106Z/pippa/before-exports/T_wc_u_halfling_warrior_BaseColor.png
 create mode 100644 reports/WC-U440/20260906T155106Z/pippa/before-exports/T_wc_u_halfling_warrior_Normal.png
 create mode 100644 reports/WC-U440/20260906T155106Z/pippa/before-exports/T_wc_u_halfling_warrior_ORM.png
 create mode 100644 reports/WC-U440/20260906T155106Z/pippa/before-exports/export_manifest.json
 create mode 100644 reports/WC-U440/20260906T155106Z/pippa/before-exports/portrait.png
 create mode 100644 reports/WC-U440/20260906T155106Z/pippa/before-source/wc_u_halfling_warrior.blend
 create mode 100644 reports/WC-U440/20260906T155106Z/pippa/completed.json
 create mode 100644 reports/WC-U440/20260906T155106Z/pippa/continuous-Active.mp4
 create mode 100644 reports/WC-U440/20260906T155106Z/pippa/continuous-Attack.mp4
 create mode 100644 reports/WC-U440/20260906T155106Z/pippa/continuous-Defeat.mp4
 create mode 100644 reports/WC-U440/20260906T155106Z/pippa/continuous-Hit.mp4
 create mode 100644 reports/WC-U440/20260906T155106Z/pippa/continuous-Idle.mp4
 create mode 100644 reports/WC-U440/20260906T155106Z/pippa/continuous-Move.mp4
 create mode 100644 reports/WC-U440/20260906T155106Z/pippa/continuous-Victory.mp4
 create mode 100644 reports/WC-U440/20260906T155106Z/pippa/executed-ik-reach.json
 create mode 100644 reports/WC-U440/20260906T155106Z/pippa/face.png
 create mode 100644 reports/WC-U440/20260906T155106Z/pippa/front.png
 create mode 100644 reports/WC-U440/20260906T155106Z/pippa/game-angle.png
 create mode 100644 reports/WC-U440/20260906T155106Z/pippa/input.json
 create mode 100644 reports/WC-U440/20260906T155106Z/pippa/sampled-motion.json
 create mode 100644 reports/WC-U440/20260906T155106Z/pippa/side.png
 create mode 100644 reports/WC-U440/20260906T155106Z/pippa/structural.json
 create mode 100644 reports/WC-U440/20260906T155106Z/pippa/three-quarter.png
 create mode 100644 reports/WC-U440/20260906T155106Z/process-exit.json
 create mode 100644 reports/WC-U440/20260906T155258Z/pippa-production.log
 create mode 100644 reports/WC-U440/20260906T155258Z/pippa/Active-end.png
 create mode 100644 reports/WC-U440/20260906T155258Z/pippa/Active-release.png
 create mode 100644 reports/WC-U440/20260906T155258Z/pippa/Active-start.png
 create mode 100644 reports/WC-U440/20260906T155258Z/pippa/Attack-end.png
 create mode 100644 reports/WC-U440/20260906T155258Z/pippa/Attack-release.png
 create mode 100644 reports/WC-U440/20260906T155258Z/pippa/Attack-start.png
 create mode 100644 reports/WC-U440/20260906T155258Z/pippa/Defeat-end.png
 create mode 100644 reports/WC-U440/20260906T155258Z/pippa/Defeat-release.png
 create mode 100644 reports/WC-U440/20260906T155258Z/pippa/Defeat-start.png
 create mode 100644 reports/WC-U440/20260906T155258Z/pippa/Hit-end.png
 create mode 100644 reports/WC-U440/20260906T155258Z/pippa/Hit-release.png
 create mode 100644 reports/WC-U440/20260906T155258Z/pippa/Hit-start.png
 create mode 100644 reports/WC-U440/20260906T155258Z/pippa/Idle-end.png
 create mode 100644 reports/WC-U440/20260906T155258Z/pippa/Idle-release.png
 create mode 100644 reports/WC-U440/20260906T155258Z/pippa/Idle-start.png
 create mode 100644 reports/WC-U440/20260906T155258Z/pippa/Move-end.png
 create mode 100644 reports/WC-U440/20260906T155258Z/pippa/Move-release.png
 create mode 100644 reports/WC-U440/20260906T155258Z/pippa/Move-start.png
 create mode 100644 reports/WC-U440/20260906T155258Z/pippa/Victory-end.png
 create mode 100644 reports/WC-U440/20260906T155258Z/pippa/Victory-release.png
 create mode 100644 reports/WC-U440/20260906T155258Z/pippa/Victory-start.png
 create mode 100644 reports/WC-U440/20260906T155258Z/pippa/all-frame-invariants.json
 create mode 100644 reports/WC-U440/20260906T155258Z/pippa/back.png
 create mode 100644 reports/WC-U440/20260906T155258Z/pippa/before-exports/AN_wc_u_halfling_warrior_Active.fbx
 create mode 100644 reports/WC-U440/20260906T155258Z/pippa/before-exports/AN_wc_u_halfling_warrior_Attack.fbx
 create mode 100644 reports/WC-U440/20260906T155258Z/pippa/before-exports/AN_wc_u_halfling_warrior_Defeat.fbx
 create mode 100644 reports/WC-U440/20260906T155258Z/pippa/before-exports/AN_wc_u_halfling_warrior_Hit.fbx
 create mode 100644 reports/WC-U440/20260906T155258Z/pippa/before-exports/AN_wc_u_halfling_warrior_Idle.fbx
 create mode 100644 reports/WC-U440/20260906T155258Z/pippa/before-exports/AN_wc_u_halfling_warrior_Move.fbx
 create mode 100644 reports/WC-U440/20260906T155258Z/pippa/before-exports/AN_wc_u_halfling_warrior_Victory.fbx
 create mode 100644 reports/WC-U440/20260906T155258Z/pippa/before-exports/SK_wc_u_halfling_warrior.fbm/T_wc_u_halfling_warrior_BaseColor.png
 create mode 100644 reports/WC-U440/20260906T155258Z/pippa/before-exports/SK_wc_u_halfling_warrior.fbm/T_wc_u_halfling_warrior_Normal.png
 create mode 100644 reports/WC-U440/20260906T155258Z/pippa/before-exports/SK_wc_u_halfling_warrior.fbx
 create mode 100644 reports/WC-U440/20260906T155258Z/pippa/before-exports/SK_wc_u_halfling_warrior_LOD1.fbm/T_wc_u_halfling_warrior_BaseColor.png
 create mode 100644 reports/WC-U440/20260906T155258Z/pippa/before-exports/SK_wc_u_halfling_warrior_LOD1.fbm/T_wc_u_halfling_warrior_Normal.png
 create mode 100644 reports/WC-U440/20260906T155258Z/pippa/before-exports/SK_wc_u_halfling_warrior_LOD1.fbx
 create mode 100644 reports/WC-U440/20260906T155258Z/pippa/before-exports/SK_wc_u_halfling_warrior_LOD2.fbm/T_wc_u_halfling_warrior_BaseColor.png
 create mode 100644 reports/WC-U440/20260906T155258Z/pippa/before-exports/SK_wc_u_halfling_warrior_LOD2.fbm/T_wc_u_halfling_warrior_Normal.png
 create mode 100644 reports/WC-U440/20260906T155258Z/pippa/before-exports/SK_wc_u_halfling_warrior_LOD2.fbx
 create mode 100644 reports/WC-U440/20260906T155258Z/pippa/before-exports/T_wc_u_halfling_warrior_BaseColor.png
 create mode 100644 reports/WC-U440/20260906T155258Z/pippa/before-exports/T_wc_u_halfling_warrior_Normal.png
 create mode 100644 reports/WC-U440/20260906T155258Z/pippa/before-exports/T_wc_u_halfling_warrior_ORM.png
 create mode 100644 reports/WC-U440/20260906T155258Z/pippa/before-exports/export_manifest.json
 create mode 100644 reports/WC-U440/20260906T155258Z/pippa/before-exports/portrait.png
 create mode 100644 reports/WC-U440/20260906T155258Z/pippa/before-source/wc_u_halfling_warrior.blend
 create mode 100644 reports/WC-U440/20260906T155258Z/pippa/completed.json
 create mode 100644 reports/WC-U440/20260906T155258Z/pippa/continuous-Active.mp4
 create mode 100644 reports/WC-U440/20260906T155258Z/pippa/continuous-Attack.mp4
 create mode 100644 reports/WC-U440/20260906T155258Z/pippa/continuous-Defeat.mp4
 create mode 100644 reports/WC-U440/20260906T155258Z/pippa/continuous-Hit.mp4
 create mode 100644 reports/WC-U440/20260906T155258Z/pippa/continuous-Idle.mp4
 create mode 100644 reports/WC-U440/20260906T155258Z/pippa/continuous-Move.mp4
 create mode 100644 reports/WC-U440/20260906T155258Z/pippa/continuous-Victory.mp4
 create mode 100644 reports/WC-U440/20260906T155258Z/pippa/executed-ik-reach.json
 create mode 100644 reports/WC-U440/20260906T155258Z/pippa/face.png
 create mode 100644 reports/WC-U440/20260906T155258Z/pippa/front.png
 create mode 100644 reports/WC-U440/20260906T155258Z/pippa/game-angle.png
 create mode 100644 reports/WC-U440/20260906T155258Z/pippa/input.json
 create mode 100644 reports/WC-U440/20260906T155258Z/pippa/sampled-motion.json
 create mode 100644 reports/WC-U440/20260906T155258Z/pippa/side.png
 create mode 100644 reports/WC-U440/20260906T155258Z/pippa/structural.json
 create mode 100644 reports/WC-U440/20260906T155258Z/pippa/three-quarter.png
 create mode 100644 reports/WC-U440/20260906T155258Z/process-exit.json
 create mode 100644 reports/WC-U440/20260906T155451Z/pippa-production.log
 create mode 100644 reports/WC-U440/20260906T155451Z/pippa/Active-end.png
 create mode 100644 reports/WC-U440/20260906T155451Z/pippa/Active-release.png
 create mode 100644 reports/WC-U440/20260906T155451Z/pippa/Active-start.png
 create mode 100644 reports/WC-U440/20260906T155451Z/pippa/Attack-end.png
 create mode 100644 reports/WC-U440/20260906T155451Z/pippa/Attack-release.png
 create mode 100644 reports/WC-U440/20260906T155451Z/pippa/Attack-start.png
 create mode 100644 reports/WC-U440/20260906T155451Z/pippa/Defeat-end.png
 create mode 100644 reports/WC-U440/20260906T155451Z/pippa/Defeat-release.png
 create mode 100644 reports/WC-U440/20260906T155451Z/pippa/Defeat-start.png
 create mode 100644 reports/WC-U440/20260906T155451Z/pippa/Hit-end.png
 create mode 100644 reports/WC-U440/20260906T155451Z/pippa/Hit-release.png
 create mode 100644 reports/WC-U440/20260906T155451Z/pippa/Hit-start.png
 create mode 100644 reports/WC-U440/20260906T155451Z/pippa/Idle-end.png
 create mode 100644 reports/WC-U440/20260906T155451Z/pippa/Idle-release.png
 create mode 100644 reports/WC-U440/20260906T155451Z/pippa/Idle-start.png
 create mode 100644 reports/WC-U440/20260906T155451Z/pippa/Move-end.png
 create mode 100644 reports/WC-U440/20260906T155451Z/pippa/Move-release.png
 create mode 100644 reports/WC-U440/20260906T155451Z/pippa/Move-start.png
 create mode 100644 reports/WC-U440/20260906T155451Z/pippa/Victory-end.png
 create mode 100644 reports/WC-U440/20260906T155451Z/pippa/Victory-release.png
 create mode 100644 reports/WC-U440/20260906T155451Z/pippa/Victory-start.png
 create mode 100644 reports/WC-U440/20260906T155451Z/pippa/all-frame-invariants.json
 create mode 100644 reports/WC-U440/20260906T155451Z/pippa/back.png
 create mode 100644 reports/WC-U440/20260906T155451Z/pippa/before-exports/AN_wc_u_halfling_warrior_Active.fbx
 create mode 100644 reports/WC-U440/20260906T155451Z/pippa/before-exports/AN_wc_u_halfling_warrior_Attack.fbx
 create mode 100644 reports/WC-U440/20260906T155451Z/pippa/before-exports/AN_wc_u_halfling_warrior_Defeat.fbx
 create mode 100644 reports/WC-U440/20260906T155451Z/pippa/before-exports/AN_wc_u_halfling_warrior_Hit.fbx
 create mode 100644 reports/WC-U440/20260906T155451Z/pippa/before-exports/AN_wc_u_halfling_warrior_Idle.fbx
 create mode 100644 reports/WC-U440/20260906T155451Z/pippa/before-exports/AN_wc_u_halfling_warrior_Move.fbx
 create mode 100644 reports/WC-U440/20260906T155451Z/pippa/before-exports/AN_wc_u_halfling_warrior_Victory.fbx
 create mode 100644 reports/WC-U440/20260906T155451Z/pippa/before-exports/SK_wc_u_halfling_warrior.fbm/T_wc_u_halfling_warrior_BaseColor.png
 create mode 100644 reports/WC-U440/20260906T155451Z/pippa/before-exports/SK_wc_u_halfling_warrior.fbm/T_wc_u_halfling_warrior_Normal.png
 create mode 100644 reports/WC-U440/20260906T155451Z/pippa/before-exports/SK_wc_u_halfling_warrior.fbx
 create mode 100644 reports/WC-U440/20260906T155451Z/pippa/before-exports/SK_wc_u_halfling_warrior_LOD1.fbm/T_wc_u_halfling_warrior_BaseColor.png
 create mode 100644 reports/WC-U440/20260906T155451Z/pippa/before-exports/SK_wc_u_halfling_warrior_LOD1.fbm/T_wc_u_halfling_warrior_Normal.png
 create mode 100644 reports/WC-U440/20260906T155451Z/pippa/before-exports/SK_wc_u_halfling_warrior_LOD1.fbx
 create mode 100644 reports/WC-U440/20260906T155451Z/pippa/before-exports/SK_wc_u_halfling_warrior_LOD2.fbm/T_wc_u_halfling_warrior_BaseColor.png
 create mode 100644 reports/WC-U440/20260906T155451Z/pippa/before-exports/SK_wc_u_halfling_warrior_LOD2.fbm/T_wc_u_halfling_warrior_Normal.png
 create mode 100644 reports/WC-U440/20260906T155451Z/pippa/before-exports/SK_wc_u_halfling_warrior_LOD2.fbx
 create mode 100644 reports/WC-U440/20260906T155451Z/pippa/before-exports/T_wc_u_halfling_warrior_BaseColor.png
 create mode 100644 reports/WC-U440/20260906T155451Z/pippa/before-exports/T_wc_u_halfling_warrior_Normal.png
 create mode 100644 reports/WC-U440/20260906T155451Z/pippa/before-exports/T_wc_u_halfling_warrior_ORM.png
 create mode 100644 reports/WC-U440/20260906T155451Z/pippa/before-exports/export_manifest.json
 create mode 100644 reports/WC-U440/20260906T155451Z/pippa/before-exports/portrait.png
 create mode 100644 reports/WC-U440/20260906T155451Z/pippa/before-source/wc_u_halfling_warrior.blend
 create mode 100644 reports/WC-U440/20260906T155451Z/pippa/completed.json
 create mode 100644 reports/WC-U440/20260906T155451Z/pippa/continuous-Active.mp4
 create mode 100644 reports/WC-U440/20260906T155451Z/pippa/continuous-Attack.mp4
 create mode 100644 reports/WC-U440/20260906T155451Z/pippa/continuous-Defeat.mp4
 create mode 100644 reports/WC-U440/20260906T155451Z/pippa/continuous-Hit.mp4
 create mode 100644 reports/WC-U440/20260906T155451Z/pippa/continuous-Idle.mp4
 create mode 100644 reports/WC-U440/20260906T155451Z/pippa/continuous-Move.mp4
 create mode 100644 reports/WC-U440/20260906T155451Z/pippa/continuous-Victory.mp4
 create mode 100644 reports/WC-U440/20260906T155451Z/pippa/executed-ik-reach.json
 create mode 100644 reports/WC-U440/20260906T155451Z/pippa/face.png
 create mode 100644 reports/WC-U440/20260906T155451Z/pippa/front.png
 create mode 100644 reports/WC-U440/20260906T155451Z/pippa/game-angle.png
 create mode 100644 reports/WC-U440/20260906T155451Z/pippa/input.json
 create mode 100644 reports/WC-U440/20260906T155451Z/pippa/sampled-motion.json
 create mode 100644 reports/WC-U440/20260906T155451Z/pippa/side.png
 create mode 100644 reports/WC-U440/20260906T155451Z/pippa/structural.json
 create mode 100644 reports/WC-U440/20260906T155451Z/pippa/three-quarter.png
 create mode 100644 reports/WC-U440/20260906T155451Z/process-exit.json
 create mode 100644 reports/WC-U440/20260906T155451Z/validate-pippa.py
 create mode 100644 reports/WC-U440/20260906T155651Z/pippa-production.log
 create mode 100644 reports/WC-U440/20260906T155651Z/pippa/Active-end.png
 create mode 100644 reports/WC-U440/20260906T155651Z/pippa/Active-release.png
 create mode 100644 reports/WC-U440/20260906T155651Z/pippa/Active-start.png
 create mode 100644 reports/WC-U440/20260906T155651Z/pippa/Attack-end.png
 create mode 100644 reports/WC-U440/20260906T155651Z/pippa/Attack-release.png
 create mode 100644 reports/WC-U440/20260906T155651Z/pippa/Attack-start.png
 create mode 100644 reports/WC-U440/20260906T155651Z/pippa/Defeat-end.png
 create mode 100644 reports/WC-U440/20260906T155651Z/pippa/Defeat-release.png
 create mode 100644 reports/WC-U440/20260906T155651Z/pippa/Defeat-start.png
 create mode 100644 reports/WC-U440/20260906T155651Z/pippa/Hit-end.png
 create mode 100644 reports/WC-U440/20260906T155651Z/pippa/Hit-release.png
 create mode 100644 reports/WC-U440/20260906T155651Z/pippa/Hit-start.png
 create mode 100644 reports/WC-U440/20260906T155651Z/pippa/Idle-end.png
 create mode 100644 reports/WC-U440/20260906T155651Z/pippa/Idle-release.png
 create mode 100644 reports/WC-U440/20260906T155651Z/pippa/Idle-start.png
 create mode 100644 reports/WC-U440/20260906T155651Z/pippa/Move-end.png
 create mode 100644 reports/WC-U440/20260906T155651Z/pippa/Move-release.png
 create mode 100644 reports/WC-U440/20260906T155651Z/pippa/Move-start.png
 create mode 100644 reports/WC-U440/20260906T155651Z/pippa/Victory-end.png
 create mode 100644 reports/WC-U440/20260906T155651Z/pippa/Victory-release.png
 create mode 100644 reports/WC-U440/20260906T155651Z/pippa/Victory-start.png
 create mode 100644 reports/WC-U440/20260906T155651Z/pippa/all-frame-invariants.json
 create mode 100644 reports/WC-U440/20260906T155651Z/pippa/back.png
 create mode 100644 reports/WC-U440/20260906T155651Z/pippa/before-exports/AN_wc_u_halfling_warrior_Active.fbx
 create mode 100644 reports/WC-U440/20260906T155651Z/pippa/before-exports/AN_wc_u_halfling_warrior_Attack.fbx
 create mode 100644 reports/WC-U440/20260906T155651Z/pippa/before-exports/AN_wc_u_halfling_warrior_Defeat.fbx
 create mode 100644 reports/WC-U440/20260906T155651Z/pippa/before-exports/AN_wc_u_halfling_warrior_Hit.fbx
 create mode 100644 reports/WC-U440/20260906T155651Z/pippa/before-exports/AN_wc_u_halfling_warrior_Idle.fbx
 create mode 100644 reports/WC-U440/20260906T155651Z/pippa/before-exports/AN_wc_u_halfling_warrior_Move.fbx
 create mode 100644 reports/WC-U440/20260906T155651Z/pippa/before-exports/AN_wc_u_halfling_warrior_Victory.fbx
 create mode 100644 reports/WC-U440/20260906T155651Z/pippa/before-exports/SK_wc_u_halfling_warrior.fbm/T_wc_u_halfling_warrior_BaseColor.png
 create mode 100644 reports/WC-U440/20260906T155651Z/pippa/before-exports/SK_wc_u_halfling_warrior.fbm/T_wc_u_halfling_warrior_Normal.png
 create mode 100644 reports/WC-U440/20260906T155651Z/pippa/before-exports/SK_wc_u_halfling_warrior.fbx
 create mode 100644 reports/WC-U440/20260906T155651Z/pippa/before-exports/SK_wc_u_halfling_warrior_LOD1.fbm/T_wc_u_halfling_warrior_BaseColor.png
 create mode 100644 reports/WC-U440/20260906T155651Z/pippa/before-exports/SK_wc_u_halfling_warrior_LOD1.fbm/T_wc_u_halfling_warrior_Normal.png
 create mode 100644 reports/WC-U440/20260906T155651Z/pippa/before-exports/SK_wc_u_halfling_warrior_LOD1.fbx
 create mode 100644 reports/WC-U440/20260906T155651Z/pippa/before-exports/SK_wc_u_halfling_warrior_LOD2.fbm/T_wc_u_halfling_warrior_BaseColor.png
 create mode 100644 reports/WC-U440/20260906T155651Z/pippa/before-exports/SK_wc_u_halfling_warrior_LOD2.fbm/T_wc_u_halfling_warrior_Normal.png
 create mode 100644 reports/WC-U440/20260906T155651Z/pippa/before-exports/SK_wc_u_halfling_warrior_LOD2.fbx
 create mode 100644 reports/WC-U440/20260906T155651Z/pippa/before-exports/T_wc_u_halfling_warrior_BaseColor.png
 create mode 100644 reports/WC-U440/20260906T155651Z/pippa/before-exports/T_wc_u_halfling_warrior_Normal.png
 create mode 100644 reports/WC-U440/20260906T155651Z/pippa/before-exports/T_wc_u_halfling_warrior_ORM.png
 create mode 100644 reports/WC-U440/20260906T155651Z/pippa/before-exports/export_manifest.json
 create mode 100644 reports/WC-U440/20260906T155651Z/pippa/before-exports/portrait.png
 create mode 100644 reports/WC-U440/20260906T155651Z/pippa/before-source/wc_u_halfling_warrior.blend
 create mode 100644 reports/WC-U440/20260906T155651Z/pippa/completed.json
 create mode 100644 reports/WC-U440/20260906T155651Z/pippa/continuous-Active.mp4
 create mode 100644 reports/WC-U440/20260906T155651Z/pippa/continuous-Attack.mp4
 create mode 100644 reports/WC-U440/20260906T155651Z/pippa/continuous-Defeat.mp4
 create mode 100644 reports/WC-U440/20260906T155651Z/pippa/continuous-Hit.mp4
 create mode 100644 reports/WC-U440/20260906T155651Z/pippa/continuous-Idle.mp4
 create mode 100644 reports/WC-U440/20260906T155651Z/pippa/continuous-Move.mp4
 create mode 100644 reports/WC-U440/20260906T155651Z/pippa/continuous-Victory.mp4
 create mode 100644 reports/WC-U440/20260906T155651Z/pippa/executed-ik-reach.json
 create mode 100644 reports/WC-U440/20260906T155651Z/pippa/face.png
 create mode 100644 reports/WC-U440/20260906T155651Z/pippa/front.png
 create mode 100644 reports/WC-U440/20260906T155651Z/pippa/game-angle.png
 create mode 100644 reports/WC-U440/20260906T155651Z/pippa/input.json
 create mode 100644 reports/WC-U440/20260906T155651Z/pippa/sampled-motion.json
 create mode 100644 reports/WC-U440/20260906T155651Z/pippa/side.png
 create mode 100644 reports/WC-U440/20260906T155651Z/pippa/structural.json
 create mode 100644 reports/WC-U440/20260906T155651Z/pippa/three-quarter.png
 create mode 100644 reports/WC-U440/20260906T155651Z/process-exit.json
 create mode 100644 reports/WC-U440/20260906T155651Z/readback-exit.json
 create mode 100644 reports/WC-U440/20260906T155651Z/readback.log
 create mode 100644 reports/WC-U440/20260906T155651Z/saved-source-fbx/EXPORT-inspection.json
 create mode 100644 reports/WC-U440/20260906T155651Z/saved-source-fbx/LOD_SOURCE-inspection.json
 create mode 100644 reports/WC-U440/20260906T155651Z/saved-source-fbx/motion-invariants.json
 create mode 100644 reports/WC-U440/20260906T155651Z/validate-pippa.py
 create mode 100644 reports/WC-U440/20260906T155929Z/lod-validation-probe.json
 create mode 100644 reports/WC-U440/20260906T155929Z/lod-validation-probe.log
 create mode 100644 reports/WC-U440/20260906T155929Z/pippa-production.log
 create mode 100644 reports/WC-U440/20260906T155929Z/pippa/Active-end.png
 create mode 100644 reports/WC-U440/20260906T155929Z/pippa/Active-release.png
 create mode 100644 reports/WC-U440/20260906T155929Z/pippa/Active-start.png
 create mode 100644 reports/WC-U440/20260906T155929Z/pippa/Attack-end.png
 create mode 100644 reports/WC-U440/20260906T155929Z/pippa/Attack-release.png
 create mode 100644 reports/WC-U440/20260906T155929Z/pippa/Attack-start.png
 create mode 100644 reports/WC-U440/20260906T155929Z/pippa/Defeat-end.png
 create mode 100644 reports/WC-U440/20260906T155929Z/pippa/Defeat-release.png
 create mode 100644 reports/WC-U440/20260906T155929Z/pippa/Defeat-start.png
 create mode 100644 reports/WC-U440/20260906T155929Z/pippa/Hit-end.png
 create mode 100644 reports/WC-U440/20260906T155929Z/pippa/Hit-release.png
 create mode 100644 reports/WC-U440/20260906T155929Z/pippa/Hit-start.png
 create mode 100644 reports/WC-U440/20260906T155929Z/pippa/Idle-end.png
 create mode 100644 reports/WC-U440/20260906T155929Z/pippa/Idle-release.png
 create mode 100644 reports/WC-U440/20260906T155929Z/pippa/Idle-start.png
 create mode 100644 reports/WC-U440/20260906T155929Z/pippa/Move-end.png
 create mode 100644 reports/WC-U440/20260906T155929Z/pippa/Move-release.png
 create mode 100644 reports/WC-U440/20260906T155929Z/pippa/Move-start.png
 create mode 100644 reports/WC-U440/20260906T155929Z/pippa/Victory-end.png
 create mode 100644 reports/WC-U440/20260906T155929Z/pippa/Victory-release.png
 create mode 100644 reports/WC-U440/20260906T155929Z/pippa/Victory-start.png
 create mode 100644 reports/WC-U440/20260906T155929Z/pippa/all-frame-invariants.json
 create mode 100644 reports/WC-U440/20260906T155929Z/pippa/back.png
 create mode 100644 reports/WC-U440/20260906T155929Z/pippa/before-exports/AN_wc_u_halfling_warrior_Active.fbx
 create mode 100644 reports/WC-U440/20260906T155929Z/pippa/before-exports/AN_wc_u_halfling_warrior_Attack.fbx
 create mode 100644 reports/WC-U440/20260906T155929Z/pippa/before-exports/AN_wc_u_halfling_warrior_Defeat.fbx
 create mode 100644 reports/WC-U440/20260906T155929Z/pippa/before-exports/AN_wc_u_halfling_warrior_Hit.fbx
 create mode 100644 reports/WC-U440/20260906T155929Z/pippa/before-exports/AN_wc_u_halfling_warrior_Idle.fbx
 create mode 100644 reports/WC-U440/20260906T155929Z/pippa/before-exports/AN_wc_u_halfling_warrior_Move.fbx
 create mode 100644 reports/WC-U440/20260906T155929Z/pippa/before-exports/AN_wc_u_halfling_warrior_Victory.fbx
 create mode 100644 reports/WC-U440/20260906T155929Z/pippa/before-exports/SK_wc_u_halfling_warrior.fbm/T_wc_u_halfling_warrior_BaseColor.png
 create mode 100644 reports/WC-U440/20260906T155929Z/pippa/before-exports/SK_wc_u_halfling_warrior.fbm/T_wc_u_halfling_warrior_Normal.png
 create mode 100644 reports/WC-U440/20260906T155929Z/pippa/before-exports/SK_wc_u_halfling_warrior.fbx
 create mode 100644 reports/WC-U440/20260906T155929Z/pippa/before-exports/SK_wc_u_halfling_warrior_LOD1.fbm/T_wc_u_halfling_warrior_BaseColor.png
 create mode 100644 reports/WC-U440/20260906T155929Z/pippa/before-exports/SK_wc_u_halfling_warrior_LOD1.fbm/T_wc_u_halfling_warrior_Normal.png
 create mode 100644 reports/WC-U440/20260906T155929Z/pippa/before-exports/SK_wc_u_halfling_warrior_LOD1.fbx
 create mode 100644 reports/WC-U440/20260906T155929Z/pippa/before-exports/SK_wc_u_halfling_warrior_LOD2.fbm/T_wc_u_halfling_warrior_BaseColor.png
 create mode 100644 reports/WC-U440/20260906T155929Z/pippa/before-exports/SK_wc_u_halfling_warrior_LOD2.fbm/T_wc_u_halfling_warrior_Normal.png
 create mode 100644 reports/WC-U440/20260906T155929Z/pippa/before-exports/SK_wc_u_halfling_warrior_LOD2.fbx
 create mode 100644 reports/WC-U440/20260906T155929Z/pippa/before-exports/T_wc_u_halfling_warrior_BaseColor.png
 create mode 100644 reports/WC-U440/20260906T155929Z/pippa/before-exports/T_wc_u_halfling_warrior_Normal.png
 create mode 100644 reports/WC-U440/20260906T155929Z/pippa/before-exports/T_wc_u_halfling_warrior_ORM.png
 create mode 100644 reports/WC-U440/20260906T155929Z/pippa/before-exports/export_manifest.json
 create mode 100644 reports/WC-U440/20260906T155929Z/pippa/before-exports/portrait.png
 create mode 100644 reports/WC-U440/20260906T155929Z/pippa/before-source/wc_u_halfling_warrior.blend
 create mode 100644 reports/WC-U440/20260906T155929Z/pippa/completed.json
 create mode 100644 reports/WC-U440/20260906T155929Z/pippa/continuous-Active.mp4
 create mode 100644 reports/WC-U440/20260906T155929Z/pippa/continuous-Attack.mp4
 create mode 100644 reports/WC-U440/20260906T155929Z/pippa/continuous-Defeat.mp4
 create mode 100644 reports/WC-U440/20260906T155929Z/pippa/continuous-Hit.mp4
 create mode 100644 reports/WC-U440/20260906T155929Z/pippa/continuous-Idle.mp4
 create mode 100644 reports/WC-U440/20260906T155929Z/pippa/continuous-Move.mp4
 create mode 100644 reports/WC-U440/20260906T155929Z/pippa/continuous-Victory.mp4
 create mode 100644 reports/WC-U440/20260906T155929Z/pippa/executed-ik-reach.json
 create mode 100644 reports/WC-U440/20260906T155929Z/pippa/face.png
 create mode 100644 reports/WC-U440/20260906T155929Z/pippa/front.png
 create mode 100644 reports/WC-U440/20260906T155929Z/pippa/game-angle.png
 create mode 100644 reports/WC-U440/20260906T155929Z/pippa/input.json
 create mode 100644 reports/WC-U440/20260906T155929Z/pippa/sampled-motion.json
 create mode 100644 reports/WC-U440/20260906T155929Z/pippa/side.png
 create mode 100644 reports/WC-U440/20260906T155929Z/pippa/sparse-clip-review.png
 create mode 100644 reports/WC-U440/20260906T155929Z/pippa/structural.json
 create mode 100644 reports/WC-U440/20260906T155929Z/pippa/three-quarter.png
 create mode 100644 reports/WC-U440/20260906T155929Z/probe-lod-validation.py
 create mode 100644 reports/WC-U440/20260906T155929Z/process-exit.json
 create mode 100644 reports/WC-U440/20260906T155929Z/readback-exit.json
 create mode 100644 reports/WC-U440/20260906T155929Z/readback.log
 create mode 100644 reports/WC-U440/20260906T155929Z/saved-source-fbx/EXPORT-inspection.json
 create mode 100644 reports/WC-U440/20260906T155929Z/saved-source-fbx/LOD_SOURCE-inspection.json
 create mode 100644 reports/WC-U440/20260906T155929Z/saved-source-fbx/motion-invariants.json
 create mode 100644 reports/WC-U440/20260906T155929Z/validate-pippa.py
 create mode 100644 reports/WC-U440/20260906T160156Z/pippa-production.log
 create mode 100644 reports/WC-U440/20260906T160156Z/pippa/Active-end.png
 create mode 100644 reports/WC-U440/20260906T160156Z/pippa/Active-release.png
 create mode 100644 reports/WC-U440/20260906T160156Z/pippa/Active-start.png
 create mode 100644 reports/WC-U440/20260906T160156Z/pippa/Attack-end.png
 create mode 100644 reports/WC-U440/20260906T160156Z/pippa/Attack-release.png
 create mode 100644 reports/WC-U440/20260906T160156Z/pippa/Attack-start.png
 create mode 100644 reports/WC-U440/20260906T160156Z/pippa/Defeat-end.png
 create mode 100644 reports/WC-U440/20260906T160156Z/pippa/Defeat-release.png
 create mode 100644 reports/WC-U440/20260906T160156Z/pippa/Defeat-start.png
 create mode 100644 reports/WC-U440/20260906T160156Z/pippa/Hit-end.png
 create mode 100644 reports/WC-U440/20260906T160156Z/pippa/Hit-release.png
 create mode 100644 reports/WC-U440/20260906T160156Z/pippa/Hit-start.png
 create mode 100644 reports/WC-U440/20260906T160156Z/pippa/Idle-end.png
 create mode 100644 reports/WC-U440/20260906T160156Z/pippa/Idle-release.png
 create mode 100644 reports/WC-U440/20260906T160156Z/pippa/Idle-start.png
 create mode 100644 reports/WC-U440/20260906T160156Z/pippa/Move-end.png
 create mode 100644 reports/WC-U440/20260906T160156Z/pippa/Move-release.png
 create mode 100644 reports/WC-U440/20260906T160156Z/pippa/Move-start.png
 create mode 100644 reports/WC-U440/20260906T160156Z/pippa/Victory-end.png
 create mode 100644 reports/WC-U440/20260906T160156Z/pippa/Victory-release.png
 create mode 100644 reports/WC-U440/20260906T160156Z/pippa/Victory-start.png
 create mode 100644 reports/WC-U440/20260906T160156Z/pippa/all-frame-invariants.json
 create mode 100644 reports/WC-U440/20260906T160156Z/pippa/back.png
 create mode 100644 reports/WC-U440/20260906T160156Z/pippa/before-exports/AN_wc_u_halfling_warrior_Active.fbx
 create mode 100644 reports/WC-U440/20260906T160156Z/pippa/before-exports/AN_wc_u_halfling_warrior_Attack.fbx
 create mode 100644 reports/WC-U440/20260906T160156Z/pippa/before-exports/AN_wc_u_halfling_warrior_Defeat.fbx
 create mode 100644 reports/WC-U440/20260906T160156Z/pippa/before-exports/AN_wc_u_halfling_warrior_Hit.fbx
 create mode 100644 reports/WC-U440/20260906T160156Z/pippa/before-exports/AN_wc_u_halfling_warrior_Idle.fbx
 create mode 100644 reports/WC-U440/20260906T160156Z/pippa/before-exports/AN_wc_u_halfling_warrior_Move.fbx
 create mode 100644 reports/WC-U440/20260906T160156Z/pippa/before-exports/AN_wc_u_halfling_warrior_Victory.fbx
 create mode 100644 reports/WC-U440/20260906T160156Z/pippa/before-exports/SK_wc_u_halfling_warrior.fbm/T_wc_u_halfling_warrior_BaseColor.png
 create mode 100644 reports/WC-U440/20260906T160156Z/pippa/before-exports/SK_wc_u_halfling_warrior.fbm/T_wc_u_halfling_warrior_Normal.png
 create mode 100644 reports/WC-U440/20260906T160156Z/pippa/before-exports/SK_wc_u_halfling_warrior.fbx
 create mode 100644 reports/WC-U440/20260906T160156Z/pippa/before-exports/SK_wc_u_halfling_warrior_LOD1.fbm/T_wc_u_halfling_warrior_BaseColor.png
 create mode 100644 reports/WC-U440/20260906T160156Z/pippa/before-exports/SK_wc_u_halfling_warrior_LOD1.fbm/T_wc_u_halfling_warrior_Normal.png
 create mode 100644 reports/WC-U440/20260906T160156Z/pippa/before-exports/SK_wc_u_halfling_warrior_LOD1.fbx
 create mode 100644 reports/WC-U440/20260906T160156Z/pippa/before-exports/SK_wc_u_halfling_warrior_LOD2.fbm/T_wc_u_halfling_warrior_BaseColor.png
 create mode 100644 reports/WC-U440/20260906T160156Z/pippa/before-exports/SK_wc_u_halfling_warrior_LOD2.fbm/T_wc_u_halfling_warrior_Normal.png
 create mode 100644 reports/WC-U440/20260906T160156Z/pippa/before-exports/SK_wc_u_halfling_warrior_LOD2.fbx
 create mode 100644 reports/WC-U440/20260906T160156Z/pippa/before-exports/T_wc_u_halfling_warrior_BaseColor.png
 create mode 100644 reports/WC-U440/20260906T160156Z/pippa/before-exports/T_wc_u_halfling_warrior_Normal.png
 create mode 100644 reports/WC-U440/20260906T160156Z/pippa/before-exports/T_wc_u_halfling_warrior_ORM.png
 create mode 100644 reports/WC-U440/20260906T160156Z/pippa/before-exports/export_manifest.json
 create mode 100644 reports/WC-U440/20260906T160156Z/pippa/before-exports/portrait.png
 create mode 100644 reports/WC-U440/20260906T160156Z/pippa/before-source/wc_u_halfling_warrior.blend
 create mode 100644 reports/WC-U440/20260906T160156Z/pippa/completed.json
 create mode 100644 reports/WC-U440/20260906T160156Z/pippa/continuous-Active.mp4
 create mode 100644 reports/WC-U440/20260906T160156Z/pippa/continuous-Attack.mp4
 create mode 100644 reports/WC-U440/20260906T160156Z/pippa/continuous-Defeat.mp4
 create mode 100644 reports/WC-U440/20260906T160156Z/pippa/continuous-Hit.mp4
 create mode 100644 reports/WC-U440/20260906T160156Z/pippa/continuous-Idle.mp4
 create mode 100644 reports/WC-U440/20260906T160156Z/pippa/continuous-Move.mp4
 create mode 100644 reports/WC-U440/20260906T160156Z/pippa/continuous-Victory.mp4
 create mode 100644 reports/WC-U440/20260906T160156Z/pippa/executed-ik-reach.json
 create mode 100644 reports/WC-U440/20260906T160156Z/pippa/face.png
 create mode 100644 reports/WC-U440/20260906T160156Z/pippa/front.png
 create mode 100644 reports/WC-U440/20260906T160156Z/pippa/game-angle.png
 create mode 100644 reports/WC-U440/20260906T160156Z/pippa/input.json
 create mode 100644 reports/WC-U440/20260906T160156Z/pippa/sampled-motion.json
 create mode 100644 reports/WC-U440/20260906T160156Z/pippa/side.png
 create mode 100644 reports/WC-U440/20260906T160156Z/pippa/structural.json
 create mode 100644 reports/WC-U440/20260906T160156Z/pippa/three-quarter.png
 create mode 100644 reports/WC-U440/20260906T160156Z/process-exit.json
 create mode 100644 reports/WC-U440/20260906T160156Z/readback-exit.json
 create mode 100644 reports/WC-U440/20260906T160156Z/readback.log
 create mode 100644 reports/WC-U440/20260906T160156Z/saved-source-fbx/EXPORT-inspection.json
 create mode 100644 reports/WC-U440/20260906T160156Z/saved-source-fbx/LOD_SOURCE-inspection.json
 create mode 100644 reports/WC-U440/20260906T160156Z/saved-source-fbx/motion-invariants.json
 create mode 100644 reports/WC-U440/20260906T160156Z/saved-source-fbx/published-verification.json
 create mode 100644 reports/WC-U440/20260906T160156Z/validate-pippa.py
 create mode 100644 reports/WC-U440/20260906T160405Z/pippa-readback/HANDOFF.md
 create mode 100644 reports/WC-U440/20260906T160405Z/pippa-readback/fbx-video-validation.json
 create mode 100644 reports/WC-U440/20260906T160405Z/pippa-readback/handoff.json
 create mode 100644 reports/WC-U440/20260906T160405Z/pippa-readback/readback-exit.json
 create mode 100644 reports/WC-U440/20260906T160405Z/pippa-readback/readback.log
 create mode 100644 reports/WC-U440/20260906T160405Z/pippa-readback/render-silhouettes.py
 create mode 100644 reports/WC-U440/20260906T160405Z/pippa-readback/saved-source-fbx/EXPORT-inspection.json
 create mode 100644 reports/WC-U440/20260906T160405Z/pippa-readback/saved-source-fbx/LOD_SOURCE-inspection.json
 create mode 100644 reports/WC-U440/20260906T160405Z/pippa-readback/saved-source-fbx/motion-invariants.json
 create mode 100644 reports/WC-U440/20260906T160405Z/pippa-readback/saved-source-fbx/published-verification.json
 create mode 100644 reports/WC-U440/20260906T160405Z/pippa-readback/silhouette96-front.png
 create mode 100644 reports/WC-U440/20260906T160405Z/pippa-readback/silhouette96-game-angle.png
 create mode 100644 reports/WC-U440/20260906T160405Z/pippa-readback/silhouettes.log
 create mode 100644 reports/WC-U440/20260906T160405Z/pippa-readback/sparse-clip-review.png
 create mode 100644 reports/WC-U440/20260906T160405Z/pippa-readback/validate-pippa.py
 create mode 100644 reports/WC-U440/20260906T160431Z/ada9-import/console.log
 create mode 100644 reports/WC-U440/20260906T160431Z/ada9-import/editor.log
 create mode 100644 reports/WC-U440/20260906T160431Z/ada9-import/import-wc_u_human_guardian.json
 create mode 100644 reports/WC-U440/20260906T160431Z/ada9-import/import_alpha_assets.json
 create mode 100644 reports/WC-U440/20260906T160431Z/ada9-import/process.json
 create mode 100644 reports/WC-U440/20260906T160537Z-cass/before-face-three-quarter.png
 create mode 100644 reports/WC-U440/20260906T160537Z-cass/before-face.png
 create mode 100644 reports/WC-U440/20260906T160537Z-cass/candidate5-v1.log
 create mode 100644 reports/WC-U440/20260906T160537Z-cass/candidate5-v1/back.png
 create mode 100644 reports/WC-U440/20260906T160537Z-cass/candidate5-v1/before-export-manifest.json
 create mode 100644 reports/WC-U440/20260906T160537Z-cass/candidate5-v1/before.blend
 create mode 100644 reports/WC-U440/20260906T160537Z-cass/candidate5-v1/candidate-result.json
 create mode 100644 reports/WC-U440/20260906T160537Z-cass/candidate5-v1/cass-source5-candidate.blend
 create mode 100644 reports/WC-U440/20260906T160537Z-cass/candidate5-v1/executed-refinement.py
 create mode 100644 reports/WC-U440/20260906T160537Z-cass/candidate5-v1/face-three-quarter.png
 create mode 100644 reports/WC-U440/20260906T160537Z-cass/candidate5-v1/face.png
 create mode 100644 reports/WC-U440/20260906T160537Z-cass/candidate5-v1/front.png
 create mode 100644 reports/WC-U440/20260906T160537Z-cass/candidate5-v1/side.png
 create mode 100644 reports/WC-U440/20260906T160537Z-cass/candidate5-v1/three-quarter.png
 create mode 100644 reports/WC-U440/20260906T160537Z-cass/candidate5-v2.log
 create mode 100644 reports/WC-U440/20260906T160537Z-cass/candidate5-v2/back.png
 create mode 100644 reports/WC-U440/20260906T160537Z-cass/candidate5-v2/before-export-manifest.json
 create mode 100644 reports/WC-U440/20260906T160537Z-cass/candidate5-v2/before-portrait.png
 create mode 100644 reports/WC-U440/20260906T160537Z-cass/candidate5-v2/before.blend
 create mode 100644 reports/WC-U440/20260906T160537Z-cass/candidate5-v2/candidate-motion.json
 create mode 100644 reports/WC-U440/20260906T160537Z-cass/candidate5-v2/candidate-result.json
 create mode 100644 reports/WC-U440/20260906T160537Z-cass/candidate5-v2/candidate-structure.json
 create mode 100644 reports/WC-U440/20260906T160537Z-cass/candidate5-v2/cass-source5-candidate.blend
 create mode 100644 reports/WC-U440/20260906T160537Z-cass/candidate5-v2/executed-publish.py
 create mode 100644 reports/WC-U440/20260906T160537Z-cass/candidate5-v2/executed-refinement.py
 create mode 100644 reports/WC-U440/20260906T160537Z-cass/candidate5-v2/face-three-quarter.png
 create mode 100644 reports/WC-U440/20260906T160537Z-cass/candidate5-v2/face.png
 create mode 100644 reports/WC-U440/20260906T160537Z-cass/candidate5-v2/front.png
 create mode 100644 reports/WC-U440/20260906T160537Z-cass/candidate5-v2/normalized-export/SK_wc_u_human_warrior.fbm/T_wc_u_human_warrior_BaseColor.png
 create mode 100644 reports/WC-U440/20260906T160537Z-cass/candidate5-v2/normalized-export/SK_wc_u_human_warrior.fbm/T_wc_u_human_warrior_Normal.png
 create mode 100644 reports/WC-U440/20260906T160537Z-cass/candidate5-v2/normalized-export/SK_wc_u_human_warrior.fbx
 create mode 100644 reports/WC-U440/20260906T160537Z-cass/candidate5-v2/normalized-export/SK_wc_u_human_warrior_LOD1.fbm/T_wc_u_human_warrior_BaseColor.png
 create mode 100644 reports/WC-U440/20260906T160537Z-cass/candidate5-v2/normalized-export/SK_wc_u_human_warrior_LOD1.fbm/T_wc_u_human_warrior_Normal.png
 create mode 100644 reports/WC-U440/20260906T160537Z-cass/candidate5-v2/normalized-export/SK_wc_u_human_warrior_LOD1.fbx
 create mode 100644 reports/WC-U440/20260906T160537Z-cass/candidate5-v2/normalized-export/SK_wc_u_human_warrior_LOD2.fbm/T_wc_u_human_warrior_BaseColor.png
 create mode 100644 reports/WC-U440/20260906T160537Z-cass/candidate5-v2/normalized-export/SK_wc_u_human_warrior_LOD2.fbm/T_wc_u_human_warrior_Normal.png
 create mode 100644 reports/WC-U440/20260906T160537Z-cass/candidate5-v2/normalized-export/SK_wc_u_human_warrior_LOD2.fbx
 create mode 100644 reports/WC-U440/20260906T160537Z-cass/candidate5-v2/published-result.json
 create mode 100644 reports/WC-U440/20260906T160537Z-cass/candidate5-v2/side.png
 create mode 100644 reports/WC-U440/20260906T160537Z-cass/candidate5-v2/three-quarter.png
 create mode 100644 reports/WC-U440/20260906T160537Z-cass/cass-source5-handoff.json
 create mode 100644 reports/WC-U440/20260906T160537Z-cass/cass-source5-handoff.md
 create mode 100644 reports/WC-U440/20260906T160537Z-cass/encode5.log
 create mode 100644 reports/WC-U440/20260906T160537Z-cass/inspect-cass4.log
 create mode 100644 reports/WC-U440/20260906T160537Z-cass/inspect-cass4.py
 create mode 100644 reports/WC-U440/20260906T160537Z-cass/preserved-geometry.json
 create mode 100644 reports/WC-U440/20260906T160537Z-cass/preserved-geometry.log
 create mode 100644 reports/WC-U440/20260906T160537Z-cass/publish5.log
 create mode 100644 reports/WC-U440/20260906T160537Z-cass/source4-face-components.json
 create mode 100644 reports/WC-U440/20260906T160537Z-cass/source4-invariants.json
 create mode 100644 reports/WC-U440/20260906T160537Z-cass/verified5/Active-all-samples.png
 create mode 100644 reports/WC-U440/20260906T160537Z-cass/verified5/Active-normal-speed.gif
 create mode 100644 reports/WC-U440/20260906T160537Z-cass/verified5/Attack-all-samples.png
 create mode 100644 reports/WC-U440/20260906T160537Z-cass/verified5/Attack-normal-speed.gif
 create mode 100644 reports/WC-U440/20260906T160537Z-cass/verified5/Defeat-all-samples.png
 create mode 100644 reports/WC-U440/20260906T160537Z-cass/verified5/Defeat-normal-speed.gif
 create mode 100644 reports/WC-U440/20260906T160537Z-cass/verified5/EXPORT-inspection.json
 create mode 100644 reports/WC-U440/20260906T160537Z-cass/verified5/Hit-all-samples.png
 create mode 100644 reports/WC-U440/20260906T160537Z-cass/verified5/Hit-normal-speed.gif
 create mode 100644 reports/WC-U440/20260906T160537Z-cass/verified5/Idle-all-samples.png
 create mode 100644 reports/WC-U440/20260906T160537Z-cass/verified5/Idle-normal-speed.gif
 create mode 100644 reports/WC-U440/20260906T160537Z-cass/verified5/LOD_SOURCE-inspection.json
 create mode 100644 reports/WC-U440/20260906T160537Z-cass/verified5/Move-all-samples.png
 create mode 100644 reports/WC-U440/20260906T160537Z-cass/verified5/Move-normal-speed.gif
 create mode 100644 reports/WC-U440/20260906T160537Z-cass/verified5/Victory-all-samples.png
 create mode 100644 reports/WC-U440/20260906T160537Z-cass/verified5/Victory-normal-speed.gif
 create mode 100644 reports/WC-U440/20260906T160537Z-cass/verified5/motion-frames/Active/0000.png
 create mode 100644 reports/WC-U440/20260906T160537Z-cass/verified5/motion-frames/Active/0001.png
 create mode 100644 reports/WC-U440/20260906T160537Z-cass/verified5/motion-frames/Active/0002.png
 create mode 100644 reports/WC-U440/20260906T160537Z-cass/verified5/motion-frames/Active/0003.png
 create mode 100644 reports/WC-U440/20260906T160537Z-cass/verified5/motion-frames/Active/0004.png
 create mode 100644 reports/WC-U440/20260906T160537Z-cass/verified5/motion-frames/Active/0005.png
 create mode 100644 reports/WC-U440/20260906T160537Z-cass/verified5/motion-frames/Active/0006.png
 create mode 100644 reports/WC-U440/20260906T160537Z-cass/verified5/motion-frames/Active/0007.png
 create mode 100644 reports/WC-U440/20260906T160537Z-cass/verified5/motion-frames/Active/0008.png
 create mode 100644 reports/WC-U440/20260906T160537Z-cass/verified5/motion-frames/Active/0009.png
 create mode 100644 reports/WC-U440/20260906T160537Z-cass/verified5/motion-frames/Active/0010.png
 create mode 100644 reports/WC-U440/20260906T160537Z-cass/verified5/motion-frames/Active/0011.png
 create mode 100644 reports/WC-U440/20260906T160537Z-cass/verified5/motion-frames/Active/0012.png
 create mode 100644 reports/WC-U440/20260906T160537Z-cass/verified5/motion-frames/Attack/0000.png
 create mode 100644 reports/WC-U440/20260906T160537Z-cass/verified5/motion-frames/Attack/0001.png
 create mode 100644 reports/WC-U440/20260906T160537Z-cass/verified5/motion-frames/Attack/0002.png
 create mode 100644 reports/WC-U440/20260906T160537Z-cass/verified5/motion-frames/Attack/0003.png
 create mode 100644 reports/WC-U440/20260906T160537Z-cass/verified5/motion-frames/Attack/0004.png
 create mode 100644 reports/WC-U440/20260906T160537Z-cass/verified5/motion-frames/Attack/0005.png
 create mode 100644 reports/WC-U440/20260906T160537Z-cass/verified5/motion-frames/Attack/0006.png
 create mode 100644 reports/WC-U440/20260906T160537Z-cass/verified5/motion-frames/Attack/0007.png
 create mode 100644 reports/WC-U440/20260906T160537Z-cass/verified5/motion-frames/Attack/0008.png
 create mode 100644 reports/WC-U440/20260906T160537Z-cass/verified5/motion-frames/Attack/0009.png
 create mode 100644 reports/WC-U440/20260906T160537Z-cass/verified5/motion-frames/Attack/0010.png
 create mode 100644 reports/WC-U440/20260906T160537Z-cass/verified5/motion-frames/Attack/0011.png
 create mode 100644 reports/WC-U440/20260906T160537Z-cass/verified5/motion-frames/Attack/0012.png
 create mode 100644 reports/WC-U440/20260906T160537Z-cass/verified5/motion-frames/Attack/0013.png
 create mode 100644 reports/WC-U440/20260906T160537Z-cass/verified5/motion-frames/Attack/0014.png
 create mode 100644 reports/WC-U440/20260906T160537Z-cass/verified5/motion-frames/Defeat/0000.png
 create mode 100644 reports/WC-U440/20260906T160537Z-cass/verified5/motion-frames/Defeat/0001.png
 create mode 100644 reports/WC-U440/20260906T160537Z-cass/verified5/motion-frames/Defeat/0002.png
 create mode 100644 reports/WC-U440/20260906T160537Z-cass/verified5/motion-frames/Defeat/0003.png
 create mode 100644 reports/WC-U440/20260906T160537Z-cass/verified5/motion-frames/Defeat/0004.png
 create mode 100644 reports/WC-U440/20260906T160537Z-cass/verified5/motion-frames/Defeat/0005.png
 create mode 100644 reports/WC-U440/20260906T160537Z-cass/verified5/motion-frames/Defeat/0006.png
 create mode 100644 reports/WC-U440/20260906T160537Z-cass/verified5/motion-frames/Defeat/0007.png
 create mode 100644 reports/WC-U440/20260906T160537Z-cass/verified5/motion-frames/Defeat/0008.png
 create mode 100644 reports/WC-U440/20260906T160537Z-cass/verified5/motion-frames/Defeat/0009.png
 create mode 100644 reports/WC-U440/20260906T160537Z-cass/verified5/motion-frames/Defeat/0010.png
 create mode 100644 reports/WC-U440/20260906T160537Z-cass/verified5/motion-frames/Defeat/0011.png
 create mode 100644 reports/WC-U440/20260906T160537Z-cass/verified5/motion-frames/Defeat/0012.png
 create mode 100644 reports/WC-U440/20260906T160537Z-cass/verified5/motion-frames/Defeat/0013.png
 create mode 100644 reports/WC-U440/20260906T160537Z-cass/verified5/motion-frames/Defeat/0014.png
 create mode 100644 reports/WC-U440/20260906T160537Z-cass/verified5/motion-frames/Defeat/0015.png
 create mode 100644 reports/WC-U440/20260906T160537Z-cass/verified5/motion-frames/Defeat/0016.png
 create mode 100644 reports/WC-U440/20260906T160537Z-cass/verified5/motion-frames/Defeat/0017.png
 create mode 100644 reports/WC-U440/20260906T160537Z-cass/verified5/motion-frames/Defeat/0018.png
 create mode 100644 reports/WC-U440/20260906T160537Z-cass/verified5/motion-frames/Defeat/0019.png
 create mode 100644 reports/WC-U440/20260906T160537Z-cass/verified5/motion-frames/Hit/0000.png
 create mode 100644 reports/WC-U440/20260906T160537Z-cass/verified5/motion-frames/Hit/0001.png
 create mode 100644 reports/WC-U440/20260906T160537Z-cass/verified5/motion-frames/Hit/0002.png
 create mode 100644 reports/WC-U440/20260906T160537Z-cass/verified5/motion-frames/Hit/0003.png
 create mode 100644 reports/WC-U440/20260906T160537Z-cass/verified5/motion-frames/Hit/0004.png
 create mode 100644 reports/WC-U440/20260906T160537Z-cass/verified5/motion-frames/Hit/0005.png
 create mode 100644 reports/WC-U440/20260906T160537Z-cass/verified5/motion-frames/Hit/0006.png
 create mode 100644 reports/WC-U440/20260906T160537Z-cass/verified5/motion-frames/Hit/0007.png
 create mode 100644 reports/WC-U440/20260906T160537Z-cass/verified5/motion-frames/Idle/0000.png
 create mode 100644 reports/WC-U440/20260906T160537Z-cass/verified5/motion-frames/Idle/0001.png
 create mode 100644 reports/WC-U440/20260906T160537Z-cass/verified5/motion-frames/Idle/0002.png
 create mode 100644 reports/WC-U440/20260906T160537Z-cass/verified5/motion-frames/Idle/0003.png
 create mode 100644 reports/WC-U440/20260906T160537Z-cass/verified5/motion-frames/Idle/0004.png
 create mode 100644 reports/WC-U440/20260906T160537Z-cass/verified5/motion-frames/Idle/0005.png
 create mode 100644 reports/WC-U440/20260906T160537Z-cass/verified5/motion-frames/Idle/0006.png
 create mode 100644 reports/WC-U440/20260906T160537Z-cass/verified5/motion-frames/Idle/0007.png
 create mode 100644 reports/WC-U440/20260906T160537Z-cass/verified5/motion-frames/Idle/0008.png
 create mode 100644 reports/WC-U440/20260906T160537Z-cass/verified5/motion-frames/Idle/0009.png
 create mode 100644 reports/WC-U440/20260906T160537Z-cass/verified5/motion-frames/Idle/0010.png
 create mode 100644 reports/WC-U440/20260906T160537Z-cass/verified5/motion-frames/Idle/0011.png
 create mode 100644 reports/WC-U440/20260906T160537Z-cass/verified5/motion-frames/Idle/0012.png
 create mode 100644 reports/WC-U440/20260906T160537Z-cass/verified5/motion-frames/Idle/0013.png
 create mode 100644 reports/WC-U440/20260906T160537Z-cass/verified5/motion-frames/Idle/0014.png
 create mode 100644 reports/WC-U440/20260906T160537Z-cass/verified5/motion-frames/Idle/0015.png
 create mode 100644 reports/WC-U440/20260906T160537Z-cass/verified5/motion-frames/Idle/0016.png
 create mode 100644 reports/WC-U440/20260906T160537Z-cass/verified5/motion-frames/Idle/0017.png
 create mode 100644 reports/WC-U440/20260906T160537Z-cass/verified5/motion-frames/Idle/0018.png
 create mode 100644 reports/WC-U440/20260906T160537Z-cass/verified5/motion-frames/Idle/0019.png
 create mode 100644 reports/WC-U440/20260906T160537Z-cass/verified5/motion-frames/Idle/0020.png
 create mode 100644 reports/WC-U440/20260906T160537Z-cass/verified5/motion-frames/Idle/0021.png
 create mode 100644 reports/WC-U440/20260906T160537Z-cass/verified5/motion-frames/Idle/0022.png
 create mode 100644 reports/WC-U440/20260906T160537Z-cass/verified5/motion-frames/Idle/0023.png
 create mode 100644 reports/WC-U440/20260906T160537Z-cass/verified5/motion-frames/Idle/0024.png
 create mode 100644 reports/WC-U440/20260906T160537Z-cass/verified5/motion-frames/Idle/0025.png
 create mode 100644 reports/WC-U440/20260906T160537Z-cass/verified5/motion-frames/Idle/0026.png
 create mode 100644 reports/WC-U440/20260906T160537Z-cass/verified5/motion-frames/Idle/0027.png
 create mode 100644 reports/WC-U440/20260906T160537Z-cass/verified5/motion-frames/Idle/0028.png
 create mode 100644 reports/WC-U440/20260906T160537Z-cass/verified5/motion-frames/Idle/0029.png
 create mode 100644 reports/WC-U440/20260906T160537Z-cass/verified5/motion-frames/Idle/0030.png
 create mode 100644 reports/WC-U440/20260906T160537Z-cass/verified5/motion-frames/Idle/0031.png
 create mode 100644 reports/WC-U440/20260906T160537Z-cass/verified5/motion-frames/Idle/0032.png
 create mode 100644 reports/WC-U440/20260906T160537Z-cass/verified5/motion-frames/Idle/0033.png
 create mode 100644 reports/WC-U440/20260906T160537Z-cass/verified5/motion-frames/Idle/0034.png
 create mode 100644 reports/WC-U440/20260906T160537Z-cass/verified5/motion-frames/Idle/0035.png
 create mode 100644 reports/WC-U440/20260906T160537Z-cass/verified5/motion-frames/Idle/0036.png
 create mode 100644 reports/WC-U440/20260906T160537Z-cass/verified5/motion-frames/Idle/0037.png
 create mode 100644 reports/WC-U440/20260906T160537Z-cass/verified5/motion-frames/Idle/0038.png
 create mode 100644 reports/WC-U440/20260906T160537Z-cass/verified5/motion-frames/Idle/0039.png
 create mode 100644 reports/WC-U440/20260906T160537Z-cass/verified5/motion-frames/Move/0000.png
 create mode 100644 reports/WC-U440/20260906T160537Z-cass/verified5/motion-frames/Move/0001.png
 create mode 100644 reports/WC-U440/20260906T160537Z-cass/verified5/motion-frames/Move/0002.png
 create mode 100644 reports/WC-U440/20260906T160537Z-cass/verified5/motion-frames/Move/0003.png
 create mode 100644 reports/WC-U440/20260906T160537Z-cass/verified5/motion-frames/Move/0004.png
 create mode 100644 reports/WC-U440/20260906T160537Z-cass/verified5/motion-frames/Move/0005.png
 create mode 100644 reports/WC-U440/20260906T160537Z-cass/verified5/motion-frames/Move/0006.png
 create mode 100644 reports/WC-U440/20260906T160537Z-cass/verified5/motion-frames/Move/0007.png
 create mode 100644 reports/WC-U440/20260906T160537Z-cass/verified5/motion-frames/Move/0008.png
 create mode 100644 reports/WC-U440/20260906T160537Z-cass/verified5/motion-frames/Move/0009.png
 create mode 100644 reports/WC-U440/20260906T160537Z-cass/verified5/motion-frames/Move/0010.png
 create mode 100644 reports/WC-U440/20260906T160537Z-cass/verified5/motion-frames/Move/0011.png
 create mode 100644 reports/WC-U440/20260906T160537Z-cass/verified5/motion-frames/Move/0012.png
 create mode 100644 reports/WC-U440/20260906T160537Z-cass/verified5/motion-frames/Move/0013.png
 create mode 100644 reports/WC-U440/20260906T160537Z-cass/verified5/motion-frames/Move/0014.png
 create mode 100644 reports/WC-U440/20260906T160537Z-cass/verified5/motion-frames/Move/0015.png
 create mode 100644 reports/WC-U440/20260906T160537Z-cass/verified5/motion-frames/Move/0016.png
 create mode 100644 reports/WC-U440/20260906T160537Z-cass/verified5/motion-frames/Move/0017.png
 create mode 100644 reports/WC-U440/20260906T160537Z-cass/verified5/motion-frames/Move/0018.png
 create mode 100644 reports/WC-U440/20260906T160537Z-cass/verified5/motion-frames/Move/0019.png
 create mode 100644 reports/WC-U440/20260906T160537Z-cass/verified5/motion-frames/Victory/0000.png
 create mode 100644 reports/WC-U440/20260906T160537Z-cass/verified5/motion-frames/Victory/0001.png
 create mode 100644 reports/WC-U440/20260906T160537Z-cass/verified5/motion-frames/Victory/0002.png
 create mode 100644 reports/WC-U440/20260906T160537Z-cass/verified5/motion-frames/Victory/0003.png
 create mode 100644 reports/WC-U440/20260906T160537Z-cass/verified5/motion-frames/Victory/0004.png
 create mode 100644 reports/WC-U440/20260906T160537Z-cass/verified5/motion-frames/Victory/0005.png
 create mode 100644 reports/WC-U440/20260906T160537Z-cass/verified5/motion-frames/Victory/0006.png
 create mode 100644 reports/WC-U440/20260906T160537Z-cass/verified5/motion-frames/Victory/0007.png
 create mode 100644 reports/WC-U440/20260906T160537Z-cass/verified5/motion-frames/Victory/0008.png
 create mode 100644 reports/WC-U440/20260906T160537Z-cass/verified5/motion-frames/Victory/0009.png
 create mode 100644 reports/WC-U440/20260906T160537Z-cass/verified5/motion-frames/Victory/0010.png
 create mode 100644 reports/WC-U440/20260906T160537Z-cass/verified5/motion-frames/Victory/0011.png
 create mode 100644 reports/WC-U440/20260906T160537Z-cass/verified5/motion-frames/Victory/0012.png
 create mode 100644 reports/WC-U440/20260906T160537Z-cass/verified5/motion-frames/Victory/0013.png
 create mode 100644 reports/WC-U440/20260906T160537Z-cass/verified5/motion-frames/Victory/0014.png
 create mode 100644 reports/WC-U440/20260906T160537Z-cass/verified5/motion-frames/Victory/0015.png
 create mode 100644 reports/WC-U440/20260906T160537Z-cass/verified5/motion-frames/Victory/0016.png
 create mode 100644 reports/WC-U440/20260906T160537Z-cass/verified5/motion-frames/Victory/0017.png
 create mode 100644 reports/WC-U440/20260906T160537Z-cass/verified5/motion-frames/Victory/0018.png
 create mode 100644 reports/WC-U440/20260906T160537Z-cass/verified5/motion-frames/Victory/0019.png
 create mode 100644 reports/WC-U440/20260906T160537Z-cass/verified5/motion-frames/Victory/0020.png
 create mode 100644 reports/WC-U440/20260906T160537Z-cass/verified5/motion-frames/Victory/0021.png
 create mode 100644 reports/WC-U440/20260906T160537Z-cass/verified5/motion-frames/Victory/0022.png
 create mode 100644 reports/WC-U440/20260906T160537Z-cass/verified5/motion-frames/Victory/0023.png
 create mode 100644 reports/WC-U440/20260906T160537Z-cass/verified5/motion-frames/Victory/0024.png
 create mode 100644 reports/WC-U440/20260906T160537Z-cass/verified5/motion-frames/Victory/0025.png
 create mode 100644 reports/WC-U440/20260906T160537Z-cass/verified5/motion-frames/Victory/0026.png
 create mode 100644 reports/WC-U440/20260906T160537Z-cass/verified5/motion-frames/Victory/0027.png
 create mode 100644 reports/WC-U440/20260906T160537Z-cass/verified5/motion-frames/Victory/0028.png
 create mode 100644 reports/WC-U440/20260906T160537Z-cass/verified5/motion-frames/Victory/0029.png
 create mode 100644 reports/WC-U440/20260906T160537Z-cass/verified5/motion-invariants.json
 create mode 100644 reports/WC-U440/20260906T160537Z-cass/verified5/motion-sequences.json
 create mode 100644 reports/WC-U440/20260906T160537Z-cass/verified5/normal-speed-evidence.json
 create mode 100644 reports/WC-U440/20260906T160537Z-cass/verified5/published-verification.json
 create mode 100644 reports/WC-U440/20260906T160537Z-cass/verify-preserved-geometry.py
 create mode 100644 reports/WC-U440/20260906T160537Z-cass/verify5.log
 create mode 100644 reports/WC-U440/20260906T160537Z-cass/write-handoff.py
 create mode 100644 reports/WC-U440/20260906T160653Z/pippa7-import/console.log
 create mode 100644 reports/WC-U440/20260906T160653Z/pippa7-import/editor.log
 create mode 100644 reports/WC-U440/20260906T160653Z/pippa7-import/import-wc_u_halfling_warrior.json
 create mode 100644 reports/WC-U440/20260906T160653Z/pippa7-import/import_alpha_assets.json
 create mode 100644 reports/WC-U440/20260906T160653Z/pippa7-import/process.json
 create mode 100644 reports/WC-U440/20260906T161053Z/cold-pippa/automation/index.html
 create mode 100644 reports/WC-U440/20260906T161053Z/cold-pippa/automation/index.json
 create mode 100644 reports/WC-U440/20260906T161053Z/cold-pippa/console.log
 create mode 100644 reports/WC-U440/20260906T161053Z/cold-pippa/editor.log
 create mode 100644 reports/WC-U440/20260906T161053Z/cold-pippa/imported-assets.json
 create mode 100644 reports/WC-U440/20260906T161053Z/cold-pippa/launch.json
 create mode 100644 reports/WC-U440/20260906T161053Z/cold-pippa/process-exit.json
 create mode 100644 reports/WC-U440/20260906T161455Z-face-fit/neris-before-v2.log
 create mode 100644 reports/WC-U440/20260906T161455Z-face-fit/neris-before-v2/executed-inspection.py
 create mode 100644 reports/WC-U440/20260906T161455Z-face-fit/neris-before-v2/face-components.json
 create mode 100644 reports/WC-U440/20260906T161455Z-face-fit/neris-before-v2/face-three-quarter.png
 create mode 100644 reports/WC-U440/20260906T161455Z-face-fit/neris-before-v2/face.png
 create mode 100644 reports/WC-U440/20260906T161455Z-face-fit/neris-before.log
 create mode 100644 reports/WC-U440/20260906T161455Z-face-fit/neris-candidate5.log
 create mode 100644 reports/WC-U440/20260906T161455Z-face-fit/neris-candidate5/back.png
 create mode 100644 reports/WC-U440/20260906T161455Z-face-fit/neris-candidate5/before-export-manifest.json
 create mode 100644 reports/WC-U440/20260906T161455Z-face-fit/neris-candidate5/before-portrait.png
 create mode 100644 reports/WC-U440/20260906T161455Z-face-fit/neris-candidate5/before.blend
 create mode 100644 reports/WC-U440/20260906T161455Z-face-fit/neris-candidate5/candidate-motion.json
 create mode 100644 reports/WC-U440/20260906T161455Z-face-fit/neris-candidate5/candidate-result.json
 create mode 100644 reports/WC-U440/20260906T161455Z-face-fit/neris-candidate5/candidate-structure.json
 create mode 100644 reports/WC-U440/20260906T161455Z-face-fit/neris-candidate5/candidate.blend
 create mode 100644 reports/WC-U440/20260906T161455Z-face-fit/neris-candidate5/executed-publish.py
 create mode 100644 reports/WC-U440/20260906T161455Z-face-fit/neris-candidate5/executed-refinement.py
 create mode 100644 reports/WC-U440/20260906T161455Z-face-fit/neris-candidate5/face-three-quarter.png
 create mode 100644 reports/WC-U440/20260906T161455Z-face-fit/neris-candidate5/face.png
 create mode 100644 reports/WC-U440/20260906T161455Z-face-fit/neris-candidate5/front.png
 create mode 100644 reports/WC-U440/20260906T161455Z-face-fit/neris-candidate5/normalized-export/SK_wc_u_elf_mage.fbm/T_wc_u_elf_mage_BaseColor.png
 create mode 100644 reports/WC-U440/20260906T161455Z-face-fit/neris-candidate5/normalized-export/SK_wc_u_elf_mage.fbm/T_wc_u_elf_mage_Normal.png
 create mode 100644 reports/WC-U440/20260906T161455Z-face-fit/neris-candidate5/normalized-export/SK_wc_u_elf_mage.fbx
 create mode 100644 reports/WC-U440/20260906T161455Z-face-fit/neris-candidate5/normalized-export/SK_wc_u_elf_mage_LOD1.fbm/T_wc_u_elf_mage_BaseColor.png
 create mode 100644 reports/WC-U440/20260906T161455Z-face-fit/neris-candidate5/normalized-export/SK_wc_u_elf_mage_LOD1.fbm/T_wc_u_elf_mage_Normal.png
 create mode 100644 reports/WC-U440/20260906T161455Z-face-fit/neris-candidate5/normalized-export/SK_wc_u_elf_mage_LOD1.fbx
 create mode 100644 reports/WC-U440/20260906T161455Z-face-fit/neris-candidate5/normalized-export/SK_wc_u_elf_mage_LOD2.fbm/T_wc_u_elf_mage_BaseColor.png
 create mode 100644 reports/WC-U440/20260906T161455Z-face-fit/neris-candidate5/normalized-export/SK_wc_u_elf_mage_LOD2.fbm/T_wc_u_elf_mage_Normal.png
 create mode 100644 reports/WC-U440/20260906T161455Z-face-fit/neris-candidate5/normalized-export/SK_wc_u_elf_mage_LOD2.fbx
 create mode 100644 reports/WC-U440/20260906T161455Z-face-fit/neris-candidate5/published-result.json
 create mode 100644 reports/WC-U440/20260906T161455Z-face-fit/neris-candidate5/side.png
 create mode 100644 reports/WC-U440/20260906T161455Z-face-fit/neris-candidate5/three-quarter.png
 create mode 100644 reports/WC-U440/20260906T161455Z-face-fit/neris-encode5.log
 create mode 100644 reports/WC-U440/20260906T161455Z-face-fit/neris-publish5.log
 create mode 100644 reports/WC-U440/20260906T161455Z-face-fit/neris-verified5/Active-all-samples.png
 create mode 100644 reports/WC-U440/20260906T161455Z-face-fit/neris-verified5/Active-normal-speed.gif
 create mode 100644 reports/WC-U440/20260906T161455Z-face-fit/neris-verified5/Attack-all-samples.png
 create mode 100644 reports/WC-U440/20260906T161455Z-face-fit/neris-verified5/Attack-normal-speed.gif
 create mode 100644 reports/WC-U440/20260906T161455Z-face-fit/neris-verified5/Defeat-all-samples.png
 create mode 100644 reports/WC-U440/20260906T161455Z-face-fit/neris-verified5/Defeat-normal-speed.gif
 create mode 100644 reports/WC-U440/20260906T161455Z-face-fit/neris-verified5/EXPORT-inspection.json
 create mode 100644 reports/WC-U440/20260906T161455Z-face-fit/neris-verified5/Hit-all-samples.png
 create mode 100644 reports/WC-U440/20260906T161455Z-face-fit/neris-verified5/Hit-normal-speed.gif
 create mode 100644 reports/WC-U440/20260906T161455Z-face-fit/neris-verified5/Idle-all-samples.png
 create mode 100644 reports/WC-U440/20260906T161455Z-face-fit/neris-verified5/Idle-normal-speed.gif
 create mode 100644 reports/WC-U440/20260906T161455Z-face-fit/neris-verified5/LOD_SOURCE-inspection.json
 create mode 100644 reports/WC-U440/20260906T161455Z-face-fit/neris-verified5/Move-all-samples.png
 create mode 100644 reports/WC-U440/20260906T161455Z-face-fit/neris-verified5/Move-normal-speed.gif
 create mode 100644 reports/WC-U440/20260906T161455Z-face-fit/neris-verified5/Victory-all-samples.png
 create mode 100644 reports/WC-U440/20260906T161455Z-face-fit/neris-verified5/Victory-normal-speed.gif
 create mode 100644 reports/WC-U440/20260906T161455Z-face-fit/neris-verified5/motion-frames/Active/0000.png
 create mode 100644 reports/WC-U440/20260906T161455Z-face-fit/neris-verified5/motion-frames/Active/0001.png
 create mode 100644 reports/WC-U440/20260906T161455Z-face-fit/neris-verified5/motion-frames/Active/0002.png
 create mode 100644 reports/WC-U440/20260906T161455Z-face-fit/neris-verified5/motion-frames/Active/0003.png
 create mode 100644 reports/WC-U440/20260906T161455Z-face-fit/neris-verified5/motion-frames/Active/0004.png
 create mode 100644 reports/WC-U440/20260906T161455Z-face-fit/neris-verified5/motion-frames/Active/0005.png
 create mode 100644 reports/WC-U440/20260906T161455Z-face-fit/neris-verified5/motion-frames/Active/0006.png
 create mode 100644 reports/WC-U440/20260906T161455Z-face-fit/neris-verified5/motion-frames/Active/0007.png
 create mode 100644 reports/WC-U440/20260906T161455Z-face-fit/neris-verified5/motion-frames/Active/0008.png
 create mode 100644 reports/WC-U440/20260906T161455Z-face-fit/neris-verified5/motion-frames/Active/0009.png
 create mode 100644 reports/WC-U440/20260906T161455Z-face-fit/neris-verified5/motion-frames/Active/0010.png
 create mode 100644 reports/WC-U440/20260906T161455Z-face-fit/neris-verified5/motion-frames/Active/0011.png
 create mode 100644 reports/WC-U440/20260906T161455Z-face-fit/neris-verified5/motion-frames/Active/0012.png
 create mode 100644 reports/WC-U440/20260906T161455Z-face-fit/neris-verified5/motion-frames/Active/0013.png
 create mode 100644 reports/WC-U440/20260906T161455Z-face-fit/neris-verified5/motion-frames/Attack/0000.png
 create mode 100644 reports/WC-U440/20260906T161455Z-face-fit/neris-verified5/motion-frames/Attack/0001.png
 create mode 100644 reports/WC-U440/20260906T161455Z-face-fit/neris-verified5/motion-frames/Attack/0002.png
 create mode 100644 reports/WC-U440/20260906T161455Z-face-fit/neris-verified5/motion-frames/Attack/0003.png
 create mode 100644 reports/WC-U440/20260906T161455Z-face-fit/neris-verified5/motion-frames/Attack/0004.png
 create mode 100644 reports/WC-U440/20260906T161455Z-face-fit/neris-verified5/motion-frames/Attack/0005.png
 create mode 100644 reports/WC-U440/20260906T161455Z-face-fit/neris-verified5/motion-frames/Attack/0006.png
 create mode 100644 reports/WC-U440/20260906T161455Z-face-fit/neris-verified5/motion-frames/Attack/0007.png
 create mode 100644 reports/WC-U440/20260906T161455Z-face-fit/neris-verified5/motion-frames/Attack/0008.png
 create mode 100644 reports/WC-U440/20260906T161455Z-face-fit/neris-verified5/motion-frames/Attack/0009.png
 create mode 100644 reports/WC-U440/20260906T161455Z-face-fit/neris-verified5/motion-frames/Attack/0010.png
 create mode 100644 reports/WC-U440/20260906T161455Z-face-fit/neris-verified5/motion-frames/Attack/0011.png
 create mode 100644 reports/WC-U440/20260906T161455Z-face-fit/neris-verified5/motion-frames/Attack/0012.png
 create mode 100644 reports/WC-U440/20260906T161455Z-face-fit/neris-verified5/motion-frames/Attack/0013.png
 create mode 100644 reports/WC-U440/20260906T161455Z-face-fit/neris-verified5/motion-frames/Defeat/0000.png
 create mode 100644 reports/WC-U440/20260906T161455Z-face-fit/neris-verified5/motion-frames/Defeat/0001.png
 create mode 100644 reports/WC-U440/20260906T161455Z-face-fit/neris-verified5/motion-frames/Defeat/0002.png
 create mode 100644 reports/WC-U440/20260906T161455Z-face-fit/neris-verified5/motion-frames/Defeat/0003.png
 create mode 100644 reports/WC-U440/20260906T161455Z-face-fit/neris-verified5/motion-frames/Defeat/0004.png
 create mode 100644 reports/WC-U440/20260906T161455Z-face-fit/neris-verified5/motion-frames/Defeat/0005.png
 create mode 100644 reports/WC-U440/20260906T161455Z-face-fit/neris-verified5/motion-frames/Defeat/0006.png
 create mode 100644 reports/WC-U440/20260906T161455Z-face-fit/neris-verified5/motion-frames/Defeat/0007.png
 create mode 100644 reports/WC-U440/20260906T161455Z-face-fit/neris-verified5/motion-frames/Defeat/0008.png
 create mode 100644 reports/WC-U440/20260906T161455Z-face-fit/neris-verified5/motion-frames/Defeat/0009.png
 create mode 100644 reports/WC-U440/20260906T161455Z-face-fit/neris-verified5/motion-frames/Defeat/0010.png
 create mode 100644 reports/WC-U440/20260906T161455Z-face-fit/neris-verified5/motion-frames/Defeat/0011.png
 create mode 100644 reports/WC-U440/20260906T161455Z-face-fit/neris-verified5/motion-frames/Defeat/0012.png
 create mode 100644 reports/WC-U440/20260906T161455Z-face-fit/neris-verified5/motion-frames/Defeat/0013.png
 create mode 100644 reports/WC-U440/20260906T161455Z-face-fit/neris-verified5/motion-frames/Defeat/0014.png
 create mode 100644 reports/WC-U440/20260906T161455Z-face-fit/neris-verified5/motion-frames/Defeat/0015.png
 create mode 100644 reports/WC-U440/20260906T161455Z-face-fit/neris-verified5/motion-frames/Defeat/0016.png
 create mode 100644 reports/WC-U440/20260906T161455Z-face-fit/neris-verified5/motion-frames/Defeat/0017.png
 create mode 100644 reports/WC-U440/20260906T161455Z-face-fit/neris-verified5/motion-frames/Defeat/0018.png
 create mode 100644 reports/WC-U440/20260906T161455Z-face-fit/neris-verified5/motion-frames/Defeat/0019.png
 create mode 100644 reports/WC-U440/20260906T161455Z-face-fit/neris-verified5/motion-frames/Hit/0000.png
 create mode 100644 reports/WC-U440/20260906T161455Z-face-fit/neris-verified5/motion-frames/Hit/0001.png
 create mode 100644 reports/WC-U440/20260906T161455Z-face-fit/neris-verified5/motion-frames/Hit/0002.png
 create mode 100644 reports/WC-U440/20260906T161455Z-face-fit/neris-verified5/motion-frames/Hit/0003.png
 create mode 100644 reports/WC-U440/20260906T161455Z-face-fit/neris-verified5/motion-frames/Hit/0004.png
 create mode 100644 reports/WC-U440/20260906T161455Z-face-fit/neris-verified5/motion-frames/Hit/0005.png
 create mode 100644 reports/WC-U440/20260906T161455Z-face-fit/neris-verified5/motion-frames/Hit/0006.png
 create mode 100644 reports/WC-U440/20260906T161455Z-face-fit/neris-verified5/motion-frames/Hit/0007.png
 create mode 100644 reports/WC-U440/20260906T161455Z-face-fit/neris-verified5/motion-frames/Idle/0000.png
 create mode 100644 reports/WC-U440/20260906T161455Z-face-fit/neris-verified5/motion-frames/Idle/0001.png
 create mode 100644 reports/WC-U440/20260906T161455Z-face-fit/neris-verified5/motion-frames/Idle/0002.png
 create mode 100644 reports/WC-U440/20260906T161455Z-face-fit/neris-verified5/motion-frames/Idle/0003.png
 create mode 100644 reports/WC-U440/20260906T161455Z-face-fit/neris-verified5/motion-frames/Idle/0004.png
 create mode 100644 reports/WC-U440/20260906T161455Z-face-fit/neris-verified5/motion-frames/Idle/0005.png
 create mode 100644 reports/WC-U440/20260906T161455Z-face-fit/neris-verified5/motion-frames/Idle/0006.png
 create mode 100644 reports/WC-U440/20260906T161455Z-face-fit/neris-verified5/motion-frames/Idle/0007.png
 create mode 100644 reports/WC-U440/20260906T161455Z-face-fit/neris-verified5/motion-frames/Idle/0008.png
 create mode 100644 reports/WC-U440/20260906T161455Z-face-fit/neris-verified5/motion-frames/Idle/0009.png
 create mode 100644 reports/WC-U440/20260906T161455Z-face-fit/neris-verified5/motion-frames/Idle/0010.png
 create mode 100644 reports/WC-U440/20260906T161455Z-face-fit/neris-verified5/motion-frames/Idle/0011.png
 create mode 100644 reports/WC-U440/20260906T161455Z-face-fit/neris-verified5/motion-frames/Idle/0012.png
 create mode 100644 reports/WC-U440/20260906T161455Z-face-fit/neris-verified5/motion-frames/Idle/0013.png
 create mode 100644 reports/WC-U440/20260906T161455Z-face-fit/neris-verified5/motion-frames/Idle/0014.png
 create mode 100644 reports/WC-U440/20260906T161455Z-face-fit/neris-verified5/motion-frames/Idle/0015.png
 create mode 100644 reports/WC-U440/20260906T161455Z-face-fit/neris-verified5/motion-frames/Idle/0016.png
 create mode 100644 reports/WC-U440/20260906T161455Z-face-fit/neris-verified5/motion-frames/Idle/0017.png
 create mode 100644 reports/WC-U440/20260906T161455Z-face-fit/neris-verified5/motion-frames/Idle/0018.png
 create mode 100644 reports/WC-U440/20260906T161455Z-face-fit/neris-verified5/motion-frames/Idle/0019.png
 create mode 100644 reports/WC-U440/20260906T161455Z-face-fit/neris-verified5/motion-frames/Idle/0020.png
 create mode 100644 reports/WC-U440/20260906T161455Z-face-fit/neris-verified5/motion-frames/Idle/0021.png
 create mode 100644 reports/WC-U440/20260906T161455Z-face-fit/neris-verified5/motion-frames/Idle/0022.png
 create mode 100644 reports/WC-U440/20260906T161455Z-face-fit/neris-verified5/motion-frames/Idle/0023.png
 create mode 100644 reports/WC-U440/20260906T161455Z-face-fit/neris-verified5/motion-frames/Idle/0024.png
 create mode 100644 reports/WC-U440/20260906T161455Z-face-fit/neris-verified5/motion-frames/Idle/0025.png
 create mode 100644 reports/WC-U440/20260906T161455Z-face-fit/neris-verified5/motion-frames/Idle/0026.png
 create mode 100644 reports/WC-U440/20260906T161455Z-face-fit/neris-verified5/motion-frames/Idle/0027.png
 create mode 100644 reports/WC-U440/20260906T161455Z-face-fit/neris-verified5/motion-frames/Idle/0028.png
 create mode 100644 reports/WC-U440/20260906T161455Z-face-fit/neris-verified5/motion-frames/Idle/0029.png
 create mode 100644 reports/WC-U440/20260906T161455Z-face-fit/neris-verified5/motion-frames/Idle/0030.png
 create mode 100644 reports/WC-U440/20260906T161455Z-face-fit/neris-verified5/motion-frames/Idle/0031.png
 create mode 100644 reports/WC-U440/20260906T161455Z-face-fit/neris-verified5/motion-frames/Idle/0032.png
 create mode 100644 reports/WC-U440/20260906T161455Z-face-fit/neris-verified5/motion-frames/Idle/0033.png
 create mode 100644 reports/WC-U440/20260906T161455Z-face-fit/neris-verified5/motion-frames/Idle/0034.png
 create mode 100644 reports/WC-U440/20260906T161455Z-face-fit/neris-verified5/motion-frames/Idle/0035.png
 create mode 100644 reports/WC-U440/20260906T161455Z-face-fit/neris-verified5/motion-frames/Idle/0036.png
 create mode 100644 reports/WC-U440/20260906T161455Z-face-fit/neris-verified5/motion-frames/Idle/0037.png
 create mode 100644 reports/WC-U440/20260906T161455Z-face-fit/neris-verified5/motion-frames/Idle/0038.png
 create mode 100644 reports/WC-U440/20260906T161455Z-face-fit/neris-verified5/motion-frames/Idle/0039.png
 create mode 100644 reports/WC-U440/20260906T161455Z-face-fit/neris-verified5/motion-frames/Move/0000.png
 create mode 100644 reports/WC-U440/20260906T161455Z-face-fit/neris-verified5/motion-frames/Move/0001.png
 create mode 100644 reports/WC-U440/20260906T161455Z-face-fit/neris-verified5/motion-frames/Move/0002.png
 create mode 100644 reports/WC-U440/20260906T161455Z-face-fit/neris-verified5/motion-frames/Move/0003.png
 create mode 100644 reports/WC-U440/20260906T161455Z-face-fit/neris-verified5/motion-frames/Move/0004.png
 create mode 100644 reports/WC-U440/20260906T161455Z-face-fit/neris-verified5/motion-frames/Move/0005.png
 create mode 100644 reports/WC-U440/20260906T161455Z-face-fit/neris-verified5/motion-frames/Move/0006.png
 create mode 100644 reports/WC-U440/20260906T161455Z-face-fit/neris-verified5/motion-frames/Move/0007.png
 create mode 100644 reports/WC-U440/20260906T161455Z-face-fit/neris-verified5/motion-frames/Move/0008.png
 create mode 100644 reports/WC-U440/20260906T161455Z-face-fit/neris-verified5/motion-frames/Move/0009.png
 create mode 100644 reports/WC-U440/20260906T161455Z-face-fit/neris-verified5/motion-frames/Move/0010.png
 create mode 100644 reports/WC-U440/20260906T161455Z-face-fit/neris-verified5/motion-frames/Move/0011.png
 create mode 100644 reports/WC-U440/20260906T161455Z-face-fit/neris-verified5/motion-frames/Move/0012.png
 create mode 100644 reports/WC-U440/20260906T161455Z-face-fit/neris-verified5/motion-frames/Move/0013.png
 create mode 100644 reports/WC-U440/20260906T161455Z-face-fit/neris-verified5/motion-frames/Move/0014.png
 create mode 100644 reports/WC-U440/20260906T161455Z-face-fit/neris-verified5/motion-frames/Move/0015.png
 create mode 100644 reports/WC-U440/20260906T161455Z-face-fit/neris-verified5/motion-frames/Move/0016.png
 create mode 100644 reports/WC-U440/20260906T161455Z-face-fit/neris-verified5/motion-frames/Move/0017.png
 create mode 100644 reports/WC-U440/20260906T161455Z-face-fit/neris-verified5/motion-frames/Move/0018.png
 create mode 100644 reports/WC-U440/20260906T161455Z-face-fit/neris-verified5/motion-frames/Move/0019.png
 create mode 100644 reports/WC-U440/20260906T161455Z-face-fit/neris-verified5/motion-frames/Victory/0000.png
 create mode 100644 reports/WC-U440/20260906T161455Z-face-fit/neris-verified5/motion-frames/Victory/0001.png
 create mode 100644 reports/WC-U440/20260906T161455Z-face-fit/neris-verified5/motion-frames/Victory/0002.png
 create mode 100644 reports/WC-U440/20260906T161455Z-face-fit/neris-verified5/motion-frames/Victory/0003.png
 create mode 100644 reports/WC-U440/20260906T161455Z-face-fit/neris-verified5/motion-frames/Victory/0004.png
 create mode 100644 reports/WC-U440/20260906T161455Z-face-fit/neris-verified5/motion-frames/Victory/0005.png
 create mode 100644 reports/WC-U440/20260906T161455Z-face-fit/neris-verified5/motion-frames/Victory/0006.png
 create mode 100644 reports/WC-U440/20260906T161455Z-face-fit/neris-verified5/motion-frames/Victory/0007.png
 create mode 100644 reports/WC-U440/20260906T161455Z-face-fit/neris-verified5/motion-frames/Victory/0008.png
 create mode 100644 reports/WC-U440/20260906T161455Z-face-fit/neris-verified5/motion-frames/Victory/0009.png
 create mode 100644 reports/WC-U440/20260906T161455Z-face-fit/neris-verified5/motion-frames/Victory/0010.png
 create mode 100644 reports/WC-U440/20260906T161455Z-face-fit/neris-verified5/motion-frames/Victory/0011.png
 create mode 100644 reports/WC-U440/20260906T161455Z-face-fit/neris-verified5/motion-frames/Victory/0012.png
 create mode 100644 reports/WC-U440/20260906T161455Z-face-fit/neris-verified5/motion-frames/Victory/0013.png
 create mode 100644 reports/WC-U440/20260906T161455Z-face-fit/neris-verified5/motion-frames/Victory/0014.png
 create mode 100644 reports/WC-U440/20260906T161455Z-face-fit/neris-verified5/motion-frames/Victory/0015.png
 create mode 100644 reports/WC-U440/20260906T161455Z-face-fit/neris-verified5/motion-frames/Victory/0016.png
 create mode 100644 reports/WC-U440/20260906T161455Z-face-fit/neris-verified5/motion-frames/Victory/0017.png
 create mode 100644 reports/WC-U440/20260906T161455Z-face-fit/neris-verified5/motion-frames/Victory/0018.png
 create mode 100644 reports/WC-U440/20260906T161455Z-face-fit/neris-verified5/motion-frames/Victory/0019.png
 create mode 100644 reports/WC-U440/20260906T161455Z-face-fit/neris-verified5/motion-frames/Victory/0020.png
 create mode 100644 reports/WC-U440/20260906T161455Z-face-fit/neris-verified5/motion-frames/Victory/0021.png
 create mode 100644 reports/WC-U440/20260906T161455Z-face-fit/neris-verified5/motion-frames/Victory/0022.png
 create mode 100644 reports/WC-U440/20260906T161455Z-face-fit/neris-verified5/motion-frames/Victory/0023.png
 create mode 100644 reports/WC-U440/20260906T161455Z-face-fit/neris-verified5/motion-frames/Victory/0024.png
 create mode 100644 reports/WC-U440/20260906T161455Z-face-fit/neris-verified5/motion-frames/Victory/0025.png
 create mode 100644 reports/WC-U440/20260906T161455Z-face-fit/neris-verified5/motion-frames/Victory/0026.png
 create mode 100644 reports/WC-U440/20260906T161455Z-face-fit/neris-verified5/motion-frames/Victory/0027.png
 create mode 100644 reports/WC-U440/20260906T161455Z-face-fit/neris-verified5/motion-frames/Victory/0028.png
 create mode 100644 reports/WC-U440/20260906T161455Z-face-fit/neris-verified5/motion-frames/Victory/0029.png
 create mode 100644 reports/WC-U440/20260906T161455Z-face-fit/neris-verified5/motion-invariants.json
 create mode 100644 reports/WC-U440/20260906T161455Z-face-fit/neris-verified5/motion-sequences.json
 create mode 100644 reports/WC-U440/20260906T161455Z-face-fit/neris-verified5/normal-speed-evidence.json
 create mode 100644 reports/WC-U440/20260906T161455Z-face-fit/neris-verified5/published-verification.json
 create mode 100644 reports/WC-U440/20260906T161455Z-face-fit/neris-verify5.log
 create mode 100644 reports/WC-U440/20260906T161455Z-face-fit/orla-before.log
 create mode 100644 reports/WC-U440/20260906T161455Z-face-fit/orla-before/executed-inspection.py
 create mode 100644 reports/WC-U440/20260906T161455Z-face-fit/orla-before/face-components.json
 create mode 100644 reports/WC-U440/20260906T161455Z-face-fit/orla-before/face-three-quarter.png
 create mode 100644 reports/WC-U440/20260906T161455Z-face-fit/orla-before/face.png
 create mode 100644 reports/WC-U440/20260906T161455Z-face-fit/orla-candidate4.log
 create mode 100644 reports/WC-U440/20260906T161455Z-face-fit/orla-candidate4/back.png
 create mode 100644 reports/WC-U440/20260906T161455Z-face-fit/orla-candidate4/before-export-manifest.json
 create mode 100644 reports/WC-U440/20260906T161455Z-face-fit/orla-candidate4/before-portrait.png
 create mode 100644 reports/WC-U440/20260906T161455Z-face-fit/orla-candidate4/before.blend
 create mode 100644 reports/WC-U440/20260906T161455Z-face-fit/orla-candidate4/candidate-motion.json
 create mode 100644 reports/WC-U440/20260906T161455Z-face-fit/orla-candidate4/candidate-result.json
 create mode 100644 reports/WC-U440/20260906T161455Z-face-fit/orla-candidate4/candidate-structure.json
 create mode 100644 reports/WC-U440/20260906T161455Z-face-fit/orla-candidate4/candidate.blend
 create mode 100644 reports/WC-U440/20260906T161455Z-face-fit/orla-candidate4/executed-publish.py
 create mode 100644 reports/WC-U440/20260906T161455Z-face-fit/orla-candidate4/executed-refinement.py
 create mode 100644 reports/WC-U440/20260906T161455Z-face-fit/orla-candidate4/face-three-quarter.png
 create mode 100644 reports/WC-U440/20260906T161455Z-face-fit/orla-candidate4/face.png
 create mode 100644 reports/WC-U440/20260906T161455Z-face-fit/orla-candidate4/front.png
 create mode 100644 reports/WC-U440/20260906T161455Z-face-fit/orla-candidate4/normalized-export/SK_wc_u_dwarf_priest.fbm/T_wc_u_dwarf_priest_BaseColor.png
 create mode 100644 reports/WC-U440/20260906T161455Z-face-fit/orla-candidate4/normalized-export/SK_wc_u_dwarf_priest.fbm/T_wc_u_dwarf_priest_Normal.png
 create mode 100644 reports/WC-U440/20260906T161455Z-face-fit/orla-candidate4/normalized-export/SK_wc_u_dwarf_priest.fbx
 create mode 100644 reports/WC-U440/20260906T161455Z-face-fit/orla-candidate4/normalized-export/SK_wc_u_dwarf_priest_LOD1.fbm/T_wc_u_dwarf_priest_BaseColor.png
 create mode 100644 reports/WC-U440/20260906T161455Z-face-fit/orla-candidate4/normalized-export/SK_wc_u_dwarf_priest_LOD1.fbm/T_wc_u_dwarf_priest_Normal.png
 create mode 100644 reports/WC-U440/20260906T161455Z-face-fit/orla-candidate4/normalized-export/SK_wc_u_dwarf_priest_LOD1.fbx
 create mode 100644 reports/WC-U440/20260906T161455Z-face-fit/orla-candidate4/normalized-export/SK_wc_u_dwarf_priest_LOD2.fbm/T_wc_u_dwarf_priest_BaseColor.png
 create mode 100644 reports/WC-U440/20260906T161455Z-face-fit/orla-candidate4/normalized-export/SK_wc_u_dwarf_priest_LOD2.fbm/T_wc_u_dwarf_priest_Normal.png
 create mode 100644 reports/WC-U440/20260906T161455Z-face-fit/orla-candidate4/normalized-export/SK_wc_u_dwarf_priest_LOD2.fbx
 create mode 100644 reports/WC-U440/20260906T161455Z-face-fit/orla-candidate4/published-result.json
 create mode 100644 reports/WC-U440/20260906T161455Z-face-fit/orla-candidate4/side.png
 create mode 100644 reports/WC-U440/20260906T161455Z-face-fit/orla-candidate4/three-quarter.png
 create mode 100644 reports/WC-U440/20260906T161455Z-face-fit/orla-encode4.log
 create mode 100644 reports/WC-U440/20260906T161455Z-face-fit/orla-publish4.log
 create mode 100644 reports/WC-U440/20260906T161455Z-face-fit/orla-verified4/Active-all-samples.png
 create mode 100644 reports/WC-U440/20260906T161455Z-face-fit/orla-verified4/Active-normal-speed.gif
 create mode 100644 reports/WC-U440/20260906T161455Z-face-fit/orla-verified4/Attack-all-samples.png
 create mode 100644 reports/WC-U440/20260906T161455Z-face-fit/orla-verified4/Attack-normal-speed.gif
 create mode 100644 reports/WC-U440/20260906T161455Z-face-fit/orla-verified4/Defeat-all-samples.png
 create mode 100644 reports/WC-U440/20260906T161455Z-face-fit/orla-verified4/Defeat-normal-speed.gif
 create mode 100644 reports/WC-U440/20260906T161455Z-face-fit/orla-verified4/EXPORT-inspection.json
 create mode 100644 reports/WC-U440/20260906T161455Z-face-fit/orla-verified4/Hit-all-samples.png
 create mode 100644 reports/WC-U440/20260906T161455Z-face-fit/orla-verified4/Hit-normal-speed.gif
 create mode 100644 reports/WC-U440/20260906T161455Z-face-fit/orla-verified4/Idle-all-samples.png
 create mode 100644 reports/WC-U440/20260906T161455Z-face-fit/orla-verified4/Idle-normal-speed.gif
 create mode 100644 reports/WC-U440/20260906T161455Z-face-fit/orla-verified4/LOD_SOURCE-inspection.json
 create mode 100644 reports/WC-U440/20260906T161455Z-face-fit/orla-verified4/Move-all-samples.png
 create mode 100644 reports/WC-U440/20260906T161455Z-face-fit/orla-verified4/Move-normal-speed.gif
 create mode 100644 reports/WC-U440/20260906T161455Z-face-fit/orla-verified4/Victory-all-samples.png
 create mode 100644 reports/WC-U440/20260906T161455Z-face-fit/orla-verified4/Victory-normal-speed.gif
 create mode 100644 reports/WC-U440/20260906T161455Z-face-fit/orla-verified4/motion-frames/Active/0000.png
 create mode 100644 reports/WC-U440/20260906T161455Z-face-fit/orla-verified4/motion-frames/Active/0001.png
 create mode 100644 reports/WC-U440/20260906T161455Z-face-fit/orla-verified4/motion-frames/Active/0002.png
 create mode 100644 reports/WC-U440/20260906T161455Z-face-fit/orla-verified4/motion-frames/Active/0003.png
 create mode 100644 reports/WC-U440/20260906T161455Z-face-fit/orla-verified4/motion-frames/Active/0004.png
 create mode 100644 reports/WC-U440/20260906T161455Z-face-fit/orla-verified4/motion-frames/Active/0005.png
 create mode 100644 reports/WC-U440/20260906T161455Z-face-fit/orla-verified4/motion-frames/Active/0006.png
 create mode 100644 reports/WC-U440/20260906T161455Z-face-fit/orla-verified4/motion-frames/Active/0007.png
 create mode 100644 reports/WC-U440/20260906T161455Z-face-fit/orla-verified4/motion-frames/Active/0008.png
 create mode 100644 reports/WC-U440/20260906T161455Z-face-fit/orla-verified4/motion-frames/Active/0009.png
 create mode 100644 reports/WC-U440/20260906T161455Z-face-fit/orla-verified4/motion-frames/Active/0010.png
 create mode 100644 reports/WC-U440/20260906T161455Z-face-fit/orla-verified4/motion-frames/Active/0011.png
 create mode 100644 reports/WC-U440/20260906T161455Z-face-fit/orla-verified4/motion-frames/Active/0012.png
 create mode 100644 reports/WC-U440/20260906T161455Z-face-fit/orla-verified4/motion-frames/Attack/0000.png
 create mode 100644 reports/WC-U440/20260906T161455Z-face-fit/orla-verified4/motion-frames/Attack/0001.png
 create mode 100644 reports/WC-U440/20260906T161455Z-face-fit/orla-verified4/motion-frames/Attack/0002.png
 create mode 100644 reports/WC-U440/20260906T161455Z-face-fit/orla-verified4/motion-frames/Attack/0003.png
 create mode 100644 reports/WC-U440/20260906T161455Z-face-fit/orla-verified4/motion-frames/Attack/0004.png
 create mode 100644 reports/WC-U440/20260906T161455Z-face-fit/orla-verified4/motion-frames/Attack/0005.png
 create mode 100644 reports/WC-U440/20260906T161455Z-face-fit/orla-verified4/motion-frames/Attack/0006.png
 create mode 100644 reports/WC-U440/20260906T161455Z-face-fit/orla-verified4/motion-frames/Attack/0007.png
 create mode 100644 reports/WC-U440/20260906T161455Z-face-fit/orla-verified4/motion-frames/Attack/0008.png
 create mode 100644 reports/WC-U440/20260906T161455Z-face-fit/orla-verified4/motion-frames/Attack/0009.png
 create mode 100644 reports/WC-U440/20260906T161455Z-face-fit/orla-verified4/motion-frames/Attack/0010.png
 create mode 100644 reports/WC-U440/20260906T161455Z-face-fit/orla-verified4/motion-frames/Attack/0011.png
 create mode 100644 reports/WC-U440/20260906T161455Z-face-fit/orla-verified4/motion-frames/Attack/0012.png
 create mode 100644 reports/WC-U440/20260906T161455Z-face-fit/orla-verified4/motion-frames/Attack/0013.png
 create mode 100644 reports/WC-U440/20260906T161455Z-face-fit/orla-verified4/motion-frames/Defeat/0000.png
 create mode 100644 reports/WC-U440/20260906T161455Z-face-fit/orla-verified4/motion-frames/Defeat/0001.png
 create mode 100644 reports/WC-U440/20260906T161455Z-face-fit/orla-verified4/motion-frames/Defeat/0002.png
 create mode 100644 reports/WC-U440/20260906T161455Z-face-fit/orla-verified4/motion-frames/Defeat/0003.png
 create mode 100644 reports/WC-U440/20260906T161455Z-face-fit/orla-verified4/motion-frames/Defeat/0004.png
 create mode 100644 reports/WC-U440/20260906T161455Z-face-fit/orla-verified4/motion-frames/Defeat/0005.png
 create mode 100644 reports/WC-U440/20260906T161455Z-face-fit/orla-verified4/motion-frames/Defeat/0006.png
 create mode 100644 reports/WC-U440/20260906T161455Z-face-fit/orla-verified4/motion-frames/Defeat/0007.png
 create mode 100644 reports/WC-U440/20260906T161455Z-face-fit/orla-verified4/motion-frames/Defeat/0008.png
 create mode 100644 reports/WC-U440/20260906T161455Z-face-fit/orla-verified4/motion-frames/Defeat/0009.png
 create mode 100644 reports/WC-U440/20260906T161455Z-face-fit/orla-verified4/motion-frames/Defeat/0010.png
 create mode 100644 reports/WC-U440/20260906T161455Z-face-fit/orla-verified4/motion-frames/Defeat/0011.png
 create mode 100644 reports/WC-U440/20260906T161455Z-face-fit/orla-verified4/motion-frames/Defeat/0012.png
 create mode 100644 reports/WC-U440/20260906T161455Z-face-fit/orla-verified4/motion-frames/Defeat/0013.png
 create mode 100644 reports/WC-U440/20260906T161455Z-face-fit/orla-verified4/motion-frames/Defeat/0014.png
 create mode 100644 reports/WC-U440/20260906T161455Z-face-fit/orla-verified4/motion-frames/Defeat/0015.png
 create mode 100644 reports/WC-U440/20260906T161455Z-face-fit/orla-verified4/motion-frames/Defeat/0016.png
 create mode 100644 reports/WC-U440/20260906T161455Z-face-fit/orla-verified4/motion-frames/Defeat/0017.png
 create mode 100644 reports/WC-U440/20260906T161455Z-face-fit/orla-verified4/motion-frames/Defeat/0018.png
 create mode 100644 reports/WC-U440/20260906T161455Z-face-fit/orla-verified4/motion-frames/Defeat/0019.png
 create mode 100644 reports/WC-U440/20260906T161455Z-face-fit/orla-verified4/motion-frames/Hit/0000.png
 create mode 100644 reports/WC-U440/20260906T161455Z-face-fit/orla-verified4/motion-frames/Hit/0001.png
 create mode 100644 reports/WC-U440/20260906T161455Z-face-fit/orla-verified4/motion-frames/Hit/0002.png
 create mode 100644 reports/WC-U440/20260906T161455Z-face-fit/orla-verified4/motion-frames/Hit/0003.png
 create mode 100644 reports/WC-U440/20260906T161455Z-face-fit/orla-verified4/motion-frames/Hit/0004.png
 create mode 100644 reports/WC-U440/20260906T161455Z-face-fit/orla-verified4/motion-frames/Hit/0005.png
 create mode 100644 reports/WC-U440/20260906T161455Z-face-fit/orla-verified4/motion-frames/Hit/0006.png
 create mode 100644 reports/WC-U440/20260906T161455Z-face-fit/orla-verified4/motion-frames/Hit/0007.png
 create mode 100644 reports/WC-U440/20260906T161455Z-face-fit/orla-verified4/motion-frames/Idle/0000.png
 create mode 100644 reports/WC-U440/20260906T161455Z-face-fit/orla-verified4/motion-frames/Idle/0001.png
 create mode 100644 reports/WC-U440/20260906T161455Z-face-fit/orla-verified4/motion-frames/Idle/0002.png
 create mode 100644 reports/WC-U440/20260906T161455Z-face-fit/orla-verified4/motion-frames/Idle/0003.png
 create mode 100644 reports/WC-U440/20260906T161455Z-face-fit/orla-verified4/motion-frames/Idle/0004.png
 create mode 100644 reports/WC-U440/20260906T161455Z-face-fit/orla-verified4/motion-frames/Idle/0005.png
 create mode 100644 reports/WC-U440/20260906T161455Z-face-fit/orla-verified4/motion-frames/Idle/0006.png
 create mode 100644 reports/WC-U440/20260906T161455Z-face-fit/orla-verified4/motion-frames/Idle/0007.png
 create mode 100644 reports/WC-U440/20260906T161455Z-face-fit/orla-verified4/motion-frames/Idle/0008.png
 create mode 100644 reports/WC-U440/20260906T161455Z-face-fit/orla-verified4/motion-frames/Idle/0009.png
 create mode 100644 reports/WC-U440/20260906T161455Z-face-fit/orla-verified4/motion-frames/Idle/0010.png
 create mode 100644 reports/WC-U440/20260906T161455Z-face-fit/orla-verified4/motion-frames/Idle/0011.png
 create mode 100644 reports/WC-U440/20260906T161455Z-face-fit/orla-verified4/motion-frames/Idle/0012.png
 create mode 100644 reports/WC-U440/20260906T161455Z-face-fit/orla-verified4/motion-frames/Idle/0013.png
 create mode 100644 reports/WC-U440/20260906T161455Z-face-fit/orla-verified4/motion-frames/Idle/0014.png
 create mode 100644 reports/WC-U440/20260906T161455Z-face-fit/orla-verified4/motion-frames/Idle/0015.png
 create mode 100644 reports/WC-U440/20260906T161455Z-face-fit/orla-verified4/motion-frames/Idle/0016.png
 create mode 100644 reports/WC-U440/20260906T161455Z-face-fit/orla-verified4/motion-frames/Idle/0017.png
 create mode 100644 reports/WC-U440/20260906T161455Z-face-fit/orla-verified4/motion-frames/Idle/0018.png
 create mode 100644 reports/WC-U440/20260906T161455Z-face-fit/orla-verified4/motion-frames/Idle/0019.png
 create mode 100644 reports/WC-U440/20260906T161455Z-face-fit/orla-verified4/motion-frames/Idle/0020.png
 create mode 100644 reports/WC-U440/20260906T161455Z-face-fit/orla-verified4/motion-frames/Idle/0021.png
 create mode 100644 reports/WC-U440/20260906T161455Z-face-fit/orla-verified4/motion-frames/Idle/0022.png
 create mode 100644 reports/WC-U440/20260906T161455Z-face-fit/orla-verified4/motion-frames/Idle/0023.png
 create mode 100644 reports/WC-U440/20260906T161455Z-face-fit/orla-verified4/motion-frames/Idle/0024.png
 create mode 100644 reports/WC-U440/20260906T161455Z-face-fit/orla-verified4/motion-frames/Idle/0025.png
 create mode 100644 reports/WC-U440/20260906T161455Z-face-fit/orla-verified4/motion-frames/Idle/0026.png
 create mode 100644 reports/WC-U440/20260906T161455Z-face-fit/orla-verified4/motion-frames/Idle/0027.png
 create mode 100644 reports/WC-U440/20260906T161455Z-face-fit/orla-verified4/motion-frames/Idle/0028.png
 create mode 100644 reports/WC-U440/20260906T161455Z-face-fit/orla-verified4/motion-frames/Idle/0029.png
 create mode 100644 reports/WC-U440/20260906T161455Z-face-fit/orla-verified4/motion-frames/Idle/0030.png
 create mode 100644 reports/WC-U440/20260906T161455Z-face-fit/orla-verified4/motion-frames/Idle/0031.png
 create mode 100644 reports/WC-U440/20260906T161455Z-face-fit/orla-verified4/motion-frames/Idle/0032.png
 create mode 100644 reports/WC-U440/20260906T161455Z-face-fit/orla-verified4/motion-frames/Idle/0033.png
 create mode 100644 reports/WC-U440/20260906T161455Z-face-fit/orla-verified4/motion-frames/Idle/0034.png
 create mode 100644 reports/WC-U440/20260906T161455Z-face-fit/orla-verified4/motion-frames/Idle/0035.png
 create mode 100644 reports/WC-U440/20260906T161455Z-face-fit/orla-verified4/motion-frames/Idle/0036.png
 create mode 100644 reports/WC-U440/20260906T161455Z-face-fit/orla-verified4/motion-frames/Idle/0037.png
 create mode 100644 reports/WC-U440/20260906T161455Z-face-fit/orla-verified4/motion-frames/Idle/0038.png
 create mode 100644 reports/WC-U440/20260906T161455Z-face-fit/orla-verified4/motion-frames/Idle/0039.png
 create mode 100644 reports/WC-U440/20260906T161455Z-face-fit/orla-verified4/motion-frames/Move/0000.png
 create mode 100644 reports/WC-U440/20260906T161455Z-face-fit/orla-verified4/motion-frames/Move/0001.png
 create mode 100644 reports/WC-U440/20260906T161455Z-face-fit/orla-verified4/motion-frames/Move/0002.png
 create mode 100644 reports/WC-U440/20260906T161455Z-face-fit/orla-verified4/motion-frames/Move/0003.png
 create mode 100644 reports/WC-U440/20260906T161455Z-face-fit/orla-verified4/motion-frames/Move/0004.png
 create mode 100644 reports/WC-U440/20260906T161455Z-face-fit/orla-verified4/motion-frames/Move/0005.png
 create mode 100644 reports/WC-U440/20260906T161455Z-face-fit/orla-verified4/motion-frames/Move/0006.png
 create mode 100644 reports/WC-U440/20260906T161455Z-face-fit/orla-verified4/motion-frames/Move/0007.png
 create mode 100644 reports/WC-U440/20260906T161455Z-face-fit/orla-verified4/motion-frames/Move/0008.png
 create mode 100644 reports/WC-U440/20260906T161455Z-face-fit/orla-verified4/motion-frames/Move/0009.png
 create mode 100644 reports/WC-U440/20260906T161455Z-face-fit/orla-verified4/motion-frames/Move/0010.png
 create mode 100644 reports/WC-U440/20260906T161455Z-face-fit/orla-verified4/motion-frames/Move/0011.png
 create mode 100644 reports/WC-U440/20260906T161455Z-face-fit/orla-verified4/motion-frames/Move/0012.png
 create mode 100644 reports/WC-U440/20260906T161455Z-face-fit/orla-verified4/motion-frames/Move/0013.png
 create mode 100644 reports/WC-U440/20260906T161455Z-face-fit/orla-verified4/motion-frames/Move/0014.png
 create mode 100644 reports/WC-U440/20260906T161455Z-face-fit/orla-verified4/motion-frames/Move/0015.png
 create mode 100644 reports/WC-U440/20260906T161455Z-face-fit/orla-verified4/motion-frames/Move/0016.png
 create mode 100644 reports/WC-U440/20260906T161455Z-face-fit/orla-verified4/motion-frames/Move/0017.png
 create mode 100644 reports/WC-U440/20260906T161455Z-face-fit/orla-verified4/motion-frames/Move/0018.png
 create mode 100644 reports/WC-U440/20260906T161455Z-face-fit/orla-verified4/motion-frames/Move/0019.png
 create mode 100644 reports/WC-U440/20260906T161455Z-face-fit/orla-verified4/motion-frames/Victory/0000.png
 create mode 100644 reports/WC-U440/20260906T161455Z-face-fit/orla-verified4/motion-frames/Victory/0001.png
 create mode 100644 reports/WC-U440/20260906T161455Z-face-fit/orla-verified4/motion-frames/Victory/0002.png
 create mode 100644 reports/WC-U440/20260906T161455Z-face-fit/orla-verified4/motion-frames/Victory/0003.png
 create mode 100644 reports/WC-U440/20260906T161455Z-face-fit/orla-verified4/motion-frames/Victory/0004.png
 create mode 100644 reports/WC-U440/20260906T161455Z-face-fit/orla-verified4/motion-frames/Victory/0005.png
 create mode 100644 reports/WC-U440/20260906T161455Z-face-fit/orla-verified4/motion-frames/Victory/0006.png
 create mode 100644 reports/WC-U440/20260906T161455Z-face-fit/orla-verified4/motion-frames/Victory/0007.png
 create mode 100644 reports/WC-U440/20260906T161455Z-face-fit/orla-verified4/motion-frames/Victory/0008.png
 create mode 100644 reports/WC-U440/20260906T161455Z-face-fit/orla-verified4/motion-frames/Victory/0009.png
 create mode 100644 reports/WC-U440/20260906T161455Z-face-fit/orla-verified4/motion-frames/Victory/0010.png
 create mode 100644 reports/WC-U440/20260906T161455Z-face-fit/orla-verified4/motion-frames/Victory/0011.png
 create mode 100644 reports/WC-U440/20260906T161455Z-face-fit/orla-verified4/motion-frames/Victory/0012.png
 create mode 100644 reports/WC-U440/20260906T161455Z-face-fit/orla-verified4/motion-frames/Victory/0013.png
 create mode 100644 reports/WC-U440/20260906T161455Z-face-fit/orla-verified4/motion-frames/Victory/0014.png
 create mode 100644 reports/WC-U440/20260906T161455Z-face-fit/orla-verified4/motion-frames/Victory/0015.png
 create mode 100644 reports/WC-U440/20260906T161455Z-face-fit/orla-verified4/motion-frames/Victory/0016.png
 create mode 100644 reports/WC-U440/20260906T161455Z-face-fit/orla-verified4/motion-frames/Victory/0017.png
 create mode 100644 reports/WC-U440/20260906T161455Z-face-fit/orla-verified4/motion-frames/Victory/0018.png
 create mode 100644 reports/WC-U440/20260906T161455Z-face-fit/orla-verified4/motion-frames/Victory/0019.png
 create mode 100644 reports/WC-U440/20260906T161455Z-face-fit/orla-verified4/motion-frames/Victory/0020.png
 create mode 100644 reports/WC-U440/20260906T161455Z-face-fit/orla-verified4/motion-frames/Victory/0021.png
 create mode 100644 reports/WC-U440/20260906T161455Z-face-fit/orla-verified4/motion-frames/Victory/0022.png
 create mode 100644 reports/WC-U440/20260906T161455Z-face-fit/orla-verified4/motion-frames/Victory/0023.png
 create mode 100644 reports/WC-U440/20260906T161455Z-face-fit/orla-verified4/motion-frames/Victory/0024.png
 create mode 100644 reports/WC-U440/20260906T161455Z-face-fit/orla-verified4/motion-frames/Victory/0025.png
 create mode 100644 reports/WC-U440/20260906T161455Z-face-fit/orla-verified4/motion-frames/Victory/0026.png
 create mode 100644 reports/WC-U440/20260906T161455Z-face-fit/orla-verified4/motion-frames/Victory/0027.png
 create mode 100644 reports/WC-U440/20260906T161455Z-face-fit/orla-verified4/motion-frames/Victory/0028.png
 create mode 100644 reports/WC-U440/20260906T161455Z-face-fit/orla-verified4/motion-frames/Victory/0029.png
 create mode 100644 reports/WC-U440/20260906T161455Z-face-fit/orla-verified4/motion-invariants.json
 create mode 100644 reports/WC-U440/20260906T161455Z-face-fit/orla-verified4/motion-sequences.json
 create mode 100644 reports/WC-U440/20260906T161455Z-face-fit/orla-verified4/normal-speed-evidence.json
 create mode 100644 reports/WC-U440/20260906T161455Z-face-fit/orla-verified4/published-verification.json
 create mode 100644 reports/WC-U440/20260906T161455Z-face-fit/orla-verify4.log
 create mode 100644 reports/WC-U440/20260906T161455Z-face-fit/tala-before.log
 create mode 100644 reports/WC-U440/20260906T161455Z-face-fit/tala-before/executed-inspection.py
 create mode 100644 reports/WC-U440/20260906T161455Z-face-fit/tala-before/face-components.json
 create mode 100644 reports/WC-U440/20260906T161455Z-face-fit/tala-before/face-three-quarter.png
 create mode 100644 reports/WC-U440/20260906T161455Z-face-fit/tala-before/face.png
 create mode 100644 reports/WC-U440/20260906T161455Z-face-fit/tala-candidate4.log
 create mode 100644 reports/WC-U440/20260906T161455Z-face-fit/tala-candidate4/back.png
 create mode 100644 reports/WC-U440/20260906T161455Z-face-fit/tala-candidate4/before-export-manifest.json
 create mode 100644 reports/WC-U440/20260906T161455Z-face-fit/tala-candidate4/before-portrait.png
 create mode 100644 reports/WC-U440/20260906T161455Z-face-fit/tala-candidate4/before.blend
 create mode 100644 reports/WC-U440/20260906T161455Z-face-fit/tala-candidate4/candidate-motion.json
 create mode 100644 reports/WC-U440/20260906T161455Z-face-fit/tala-candidate4/candidate-result.json
 create mode 100644 reports/WC-U440/20260906T161455Z-face-fit/tala-candidate4/candidate-structure.json
 create mode 100644 reports/WC-U440/20260906T161455Z-face-fit/tala-candidate4/candidate.blend
 create mode 100644 reports/WC-U440/20260906T161455Z-face-fit/tala-candidate4/executed-publish.py
 create mode 100644 reports/WC-U440/20260906T161455Z-face-fit/tala-candidate4/executed-refinement.py
 create mode 100644 reports/WC-U440/20260906T161455Z-face-fit/tala-candidate4/face-three-quarter.png
 create mode 100644 reports/WC-U440/20260906T161455Z-face-fit/tala-candidate4/face.png
 create mode 100644 reports/WC-U440/20260906T161455Z-face-fit/tala-candidate4/front.png
 create mode 100644 reports/WC-U440/20260906T161455Z-face-fit/tala-candidate4/normalized-export/SK_wc_u_orc_guardian.fbm/T_wc_u_orc_guardian_BaseColor.png
 create mode 100644 reports/WC-U440/20260906T161455Z-face-fit/tala-candidate4/normalized-export/SK_wc_u_orc_guardian.fbm/T_wc_u_orc_guardian_Normal.png
 create mode 100644 reports/WC-U440/20260906T161455Z-face-fit/tala-candidate4/normalized-export/SK_wc_u_orc_guardian.fbx
 create mode 100644 reports/WC-U440/20260906T161455Z-face-fit/tala-candidate4/normalized-export/SK_wc_u_orc_guardian_LOD1.fbm/T_wc_u_orc_guardian_BaseColor.png
 create mode 100644 reports/WC-U440/20260906T161455Z-face-fit/tala-candidate4/normalized-export/SK_wc_u_orc_guardian_LOD1.fbm/T_wc_u_orc_guardian_Normal.png
 create mode 100644 reports/WC-U440/20260906T161455Z-face-fit/tala-candidate4/normalized-export/SK_wc_u_orc_guardian_LOD1.fbx
 create mode 100644 reports/WC-U440/20260906T161455Z-face-fit/tala-candidate4/normalized-export/SK_wc_u_orc_guardian_LOD2.fbm/T_wc_u_orc_guardian_BaseColor.png
 create mode 100644 reports/WC-U440/20260906T161455Z-face-fit/tala-candidate4/normalized-export/SK_wc_u_orc_guardian_LOD2.fbm/T_wc_u_orc_guardian_Normal.png
 create mode 100644 reports/WC-U440/20260906T161455Z-face-fit/tala-candidate4/normalized-export/SK_wc_u_orc_guardian_LOD2.fbx
 create mode 100644 reports/WC-U440/20260906T161455Z-face-fit/tala-candidate4/published-result.json
 create mode 100644 reports/WC-U440/20260906T161455Z-face-fit/tala-candidate4/side.png
 create mode 100644 reports/WC-U440/20260906T161455Z-face-fit/tala-candidate4/three-quarter.png
 create mode 100644 reports/WC-U440/20260906T161455Z-face-fit/tala-encode4.log
 create mode 100644 reports/WC-U440/20260906T161455Z-face-fit/tala-publish4.log
 create mode 100644 reports/WC-U440/20260906T161455Z-face-fit/tala-verified4/Active-all-samples.png
 create mode 100644 reports/WC-U440/20260906T161455Z-face-fit/tala-verified4/Active-normal-speed.gif
 create mode 100644 reports/WC-U440/20260906T161455Z-face-fit/tala-verified4/Attack-all-samples.png
 create mode 100644 reports/WC-U440/20260906T161455Z-face-fit/tala-verified4/Attack-normal-speed.gif
 create mode 100644 reports/WC-U440/20260906T161455Z-face-fit/tala-verified4/Defeat-all-samples.png
 create mode 100644 reports/WC-U440/20260906T161455Z-face-fit/tala-verified4/Defeat-normal-speed.gif
 create mode 100644 reports/WC-U440/20260906T161455Z-face-fit/tala-verified4/EXPORT-inspection.json
 create mode 100644 reports/WC-U440/20260906T161455Z-face-fit/tala-verified4/Hit-all-samples.png
 create mode 100644 reports/WC-U440/20260906T161455Z-face-fit/tala-verified4/Hit-normal-speed.gif
 create mode 100644 reports/WC-U440/20260906T161455Z-face-fit/tala-verified4/Idle-all-samples.png
 create mode 100644 reports/WC-U440/20260906T161455Z-face-fit/tala-verified4/Idle-normal-speed.gif
 create mode 100644 reports/WC-U440/20260906T161455Z-face-fit/tala-verified4/LOD_SOURCE-inspection.json
 create mode 100644 reports/WC-U440/20260906T161455Z-face-fit/tala-verified4/Move-all-samples.png
 create mode 100644 reports/WC-U440/20260906T161455Z-face-fit/tala-verified4/Move-normal-speed.gif
 create mode 100644 reports/WC-U440/20260906T161455Z-face-fit/tala-verified4/Victory-all-samples.png
 create mode 100644 reports/WC-U440/20260906T161455Z-face-fit/tala-verified4/Victory-normal-speed.gif
 create mode 100644 reports/WC-U440/20260906T161455Z-face-fit/tala-verified4/motion-frames/Active/0000.png
 create mode 100644 reports/WC-U440/20260906T161455Z-face-fit/tala-verified4/motion-frames/Active/0001.png
 create mode 100644 reports/WC-U440/20260906T161455Z-face-fit/tala-verified4/motion-frames/Active/0002.png
 create mode 100644 reports/WC-U440/20260906T161455Z-face-fit/tala-verified4/motion-frames/Active/0003.png
 create mode 100644 reports/WC-U440/20260906T161455Z-face-fit/tala-verified4/motion-frames/Active/0004.png
 create mode 100644 reports/WC-U440/20260906T161455Z-face-fit/tala-verified4/motion-frames/Active/0005.png
 create mode 100644 reports/WC-U440/20260906T161455Z-face-fit/tala-verified4/motion-frames/Active/0006.png
 create mode 100644 reports/WC-U440/20260906T161455Z-face-fit/tala-verified4/motion-frames/Active/0007.png
 create mode 100644 reports/WC-U440/20260906T161455Z-face-fit/tala-verified4/motion-frames/Active/0008.png
 create mode 100644 reports/WC-U440/20260906T161455Z-face-fit/tala-verified4/motion-frames/Active/0009.png
 create mode 100644 reports/WC-U440/20260906T161455Z-face-fit/tala-verified4/motion-frames/Active/0010.png
 create mode 100644 reports/WC-U440/20260906T161455Z-face-fit/tala-verified4/motion-frames/Active/0011.png
 create mode 100644 reports/WC-U440/20260906T161455Z-face-fit/tala-verified4/motion-frames/Active/0012.png
 create mode 100644 reports/WC-U440/20260906T161455Z-face-fit/tala-verified4/motion-frames/Attack/0000.png
 create mode 100644 reports/WC-U440/20260906T161455Z-face-fit/tala-verified4/motion-frames/Attack/0001.png
 create mode 100644 reports/WC-U440/20260906T161455Z-face-fit/tala-verified4/motion-frames/Attack/0002.png
 create mode 100644 reports/WC-U440/20260906T161455Z-face-fit/tala-verified4/motion-frames/Attack/0003.png
 create mode 100644 reports/WC-U440/20260906T161455Z-face-fit/tala-verified4/motion-frames/Attack/0004.png
 create mode 100644 reports/WC-U440/20260906T161455Z-face-fit/tala-verified4/motion-frames/Attack/0005.png
 create mode 100644 reports/WC-U440/20260906T161455Z-face-fit/tala-verified4/motion-frames/Attack/0006.png
 create mode 100644 reports/WC-U440/20260906T161455Z-face-fit/tala-verified4/motion-frames/Attack/0007.png
 create mode 100644 reports/WC-U440/20260906T161455Z-face-fit/tala-verified4/motion-frames/Attack/0008.png
 create mode 100644 reports/WC-U440/20260906T161455Z-face-fit/tala-verified4/motion-frames/Attack/0009.png
 create mode 100644 reports/WC-U440/20260906T161455Z-face-fit/tala-verified4/motion-frames/Attack/0010.png
 create mode 100644 reports/WC-U440/20260906T161455Z-face-fit/tala-verified4/motion-frames/Attack/0011.png
 create mode 100644 reports/WC-U440/20260906T161455Z-face-fit/tala-verified4/motion-frames/Attack/0012.png
 create mode 100644 reports/WC-U440/20260906T161455Z-face-fit/tala-verified4/motion-frames/Defeat/0000.png
 create mode 100644 reports/WC-U440/20260906T161455Z-face-fit/tala-verified4/motion-frames/Defeat/0001.png
 create mode 100644 reports/WC-U440/20260906T161455Z-face-fit/tala-verified4/motion-frames/Defeat/0002.png
 create mode 100644 reports/WC-U440/20260906T161455Z-face-fit/tala-verified4/motion-frames/Defeat/0003.png
 create mode 100644 reports/WC-U440/20260906T161455Z-face-fit/tala-verified4/motion-frames/Defeat/0004.png
 create mode 100644 reports/WC-U440/20260906T161455Z-face-fit/tala-verified4/motion-frames/Defeat/0005.png
 create mode 100644 reports/WC-U440/20260906T161455Z-face-fit/tala-verified4/motion-frames/Defeat/0006.png
 create mode 100644 reports/WC-U440/20260906T161455Z-face-fit/tala-verified4/motion-frames/Defeat/0007.png
 create mode 100644 reports/WC-U440/20260906T161455Z-face-fit/tala-verified4/motion-frames/Defeat/0008.png
 create mode 100644 reports/WC-U440/20260906T161455Z-face-fit/tala-verified4/motion-frames/Defeat/0009.png
 create mode 100644 reports/WC-U440/20260906T161455Z-face-fit/tala-verified4/motion-frames/Defeat/0010.png
 create mode 100644 reports/WC-U440/20260906T161455Z-face-fit/tala-verified4/motion-frames/Defeat/0011.png
 create mode 100644 reports/WC-U440/20260906T161455Z-face-fit/tala-verified4/motion-frames/Defeat/0012.png
 create mode 100644 reports/WC-U440/20260906T161455Z-face-fit/tala-verified4/motion-frames/Defeat/0013.png
 create mode 100644 reports/WC-U440/20260906T161455Z-face-fit/tala-verified4/motion-frames/Defeat/0014.png
 create mode 100644 reports/WC-U440/20260906T161455Z-face-fit/tala-verified4/motion-frames/Defeat/0015.png
 create mode 100644 reports/WC-U440/20260906T161455Z-face-fit/tala-verified4/motion-frames/Defeat/0016.png
 create mode 100644 reports/WC-U440/20260906T161455Z-face-fit/tala-verified4/motion-frames/Defeat/0017.png
 create mode 100644 reports/WC-U440/20260906T161455Z-face-fit/tala-verified4/motion-frames/Defeat/0018.png
 create mode 100644 reports/WC-U440/20260906T161455Z-face-fit/tala-verified4/motion-frames/Defeat/0019.png
 create mode 100644 reports/WC-U440/20260906T161455Z-face-fit/tala-verified4/motion-frames/Hit/0000.png
 create mode 100644 reports/WC-U440/20260906T161455Z-face-fit/tala-verified4/motion-frames/Hit/0001.png
 create mode 100644 reports/WC-U440/20260906T161455Z-face-fit/tala-verified4/motion-frames/Hit/0002.png
 create mode 100644 reports/WC-U440/20260906T161455Z-face-fit/tala-verified4/motion-frames/Hit/0003.png
 create mode 100644 reports/WC-U440/20260906T161455Z-face-fit/tala-verified4/motion-frames/Hit/0004.png
 create mode 100644 reports/WC-U440/20260906T161455Z-face-fit/tala-verified4/motion-frames/Hit/0005.png
 create mode 100644 reports/WC-U440/20260906T161455Z-face-fit/tala-verified4/motion-frames/Hit/0006.png
 create mode 100644 reports/WC-U440/20260906T161455Z-face-fit/tala-verified4/motion-frames/Hit/0007.png
 create mode 100644 reports/WC-U440/20260906T161455Z-face-fit/tala-verified4/motion-frames/Idle/0000.png
 create mode 100644 reports/WC-U440/20260906T161455Z-face-fit/tala-verified4/motion-frames/Idle/0001.png
 create mode 100644 reports/WC-U440/20260906T161455Z-face-fit/tala-verified4/motion-frames/Idle/0002.png
 create mode 100644 reports/WC-U440/20260906T161455Z-face-fit/tala-verified4/motion-frames/Idle/0003.png
 create mode 100644 reports/WC-U440/20260906T161455Z-face-fit/tala-verified4/motion-frames/Idle/0004.png
 create mode 100644 reports/WC-U440/20260906T161455Z-face-fit/tala-verified4/motion-frames/Idle/0005.png
 create mode 100644 reports/WC-U440/20260906T161455Z-face-fit/tala-verified4/motion-frames/Idle/0006.png
 create mode 100644 reports/WC-U440/20260906T161455Z-face-fit/tala-verified4/motion-frames/Idle/0007.png
 create mode 100644 reports/WC-U440/20260906T161455Z-face-fit/tala-verified4/motion-frames/Idle/0008.png
 create mode 100644 reports/WC-U440/20260906T161455Z-face-fit/tala-verified4/motion-frames/Idle/0009.png
 create mode 100644 reports/WC-U440/20260906T161455Z-face-fit/tala-verified4/motion-frames/Idle/0010.png
 create mode 100644 reports/WC-U440/20260906T161455Z-face-fit/tala-verified4/motion-frames/Idle/0011.png
 create mode 100644 reports/WC-U440/20260906T161455Z-face-fit/tala-verified4/motion-frames/Idle/0012.png
 create mode 100644 reports/WC-U440/20260906T161455Z-face-fit/tala-verified4/motion-frames/Idle/0013.png
 create mode 100644 reports/WC-U440/20260906T161455Z-face-fit/tala-verified4/motion-frames/Idle/0014.png
 create mode 100644 reports/WC-U440/20260906T161455Z-face-fit/tala-verified4/motion-frames/Idle/0015.png
 create mode 100644 reports/WC-U440/20260906T161455Z-face-fit/tala-verified4/motion-frames/Idle/0016.png
 create mode 100644 reports/WC-U440/20260906T161455Z-face-fit/tala-verified4/motion-frames/Idle/0017.png
 create mode 100644 reports/WC-U440/20260906T161455Z-face-fit/tala-verified4/motion-frames/Idle/0018.png
 create mode 100644 reports/WC-U440/20260906T161455Z-face-fit/tala-verified4/motion-frames/Idle/0019.png
 create mode 100644 reports/WC-U440/20260906T161455Z-face-fit/tala-verified4/motion-frames/Idle/0020.png
 create mode 100644 reports/WC-U440/20260906T161455Z-face-fit/tala-verified4/motion-frames/Idle/0021.png
 create mode 100644 reports/WC-U440/20260906T161455Z-face-fit/tala-verified4/motion-frames/Idle/0022.png
 create mode 100644 reports/WC-U440/20260906T161455Z-face-fit/tala-verified4/motion-frames/Idle/0023.png
 create mode 100644 reports/WC-U440/20260906T161455Z-face-fit/tala-verified4/motion-frames/Idle/0024.png
 create mode 100644 reports/WC-U440/20260906T161455Z-face-fit/tala-verified4/motion-frames/Idle/0025.png
 create mode 100644 reports/WC-U440/20260906T161455Z-face-fit/tala-verified4/motion-frames/Idle/0026.png
 create mode 100644 reports/WC-U440/20260906T161455Z-face-fit/tala-verified4/motion-frames/Idle/0027.png
 create mode 100644 reports/WC-U440/20260906T161455Z-face-fit/tala-verified4/motion-frames/Idle/0028.png
 create mode 100644 reports/WC-U440/20260906T161455Z-face-fit/tala-verified4/motion-frames/Idle/0029.png
 create mode 100644 reports/WC-U440/20260906T161455Z-face-fit/tala-verified4/motion-frames/Idle/0030.png
 create mode 100644 reports/WC-U440/20260906T161455Z-face-fit/tala-verified4/motion-frames/Idle/0031.png
 create mode 100644 reports/WC-U440/20260906T161455Z-face-fit/tala-verified4/motion-frames/Idle/0032.png
 create mode 100644 reports/WC-U440/20260906T161455Z-face-fit/tala-verified4/motion-frames/Idle/0033.png
 create mode 100644 reports/WC-U440/20260906T161455Z-face-fit/tala-verified4/motion-frames/Idle/0034.png
 create mode 100644 reports/WC-U440/20260906T161455Z-face-fit/tala-verified4/motion-frames/Idle/0035.png
 create mode 100644 reports/WC-U440/20260906T161455Z-face-fit/tala-verified4/motion-frames/Idle/0036.png
 create mode 100644 reports/WC-U440/20260906T161455Z-face-fit/tala-verified4/motion-frames/Idle/0037.png
 create mode 100644 reports/WC-U440/20260906T161455Z-face-fit/tala-verified4/motion-frames/Idle/0038.png
 create mode 100644 reports/WC-U440/20260906T161455Z-face-fit/tala-verified4/motion-frames/Idle/0039.png
 create mode 100644 reports/WC-U440/20260906T161455Z-face-fit/tala-verified4/motion-frames/Move/0000.png
 create mode 100644 reports/WC-U440/20260906T161455Z-face-fit/tala-verified4/motion-frames/Move/0001.png
 create mode 100644 reports/WC-U440/20260906T161455Z-face-fit/tala-verified4/motion-frames/Move/0002.png
 create mode 100644 reports/WC-U440/20260906T161455Z-face-fit/tala-verified4/motion-frames/Move/0003.png
 create mode 100644 reports/WC-U440/20260906T161455Z-face-fit/tala-verified4/motion-frames/Move/0004.png
 create mode 100644 reports/WC-U440/20260906T161455Z-face-fit/tala-verified4/motion-frames/Move/0005.png
 create mode 100644 reports/WC-U440/20260906T161455Z-face-fit/tala-verified4/motion-frames/Move/0006.png
 create mode 100644 reports/WC-U440/20260906T161455Z-face-fit/tala-verified4/motion-frames/Move/0007.png
 create mode 100644 reports/WC-U440/20260906T161455Z-face-fit/tala-verified4/motion-frames/Move/0008.png
 create mode 100644 reports/WC-U440/20260906T161455Z-face-fit/tala-verified4/motion-frames/Move/0009.png
 create mode 100644 reports/WC-U440/20260906T161455Z-face-fit/tala-verified4/motion-frames/Move/0010.png
 create mode 100644 reports/WC-U440/20260906T161455Z-face-fit/tala-verified4/motion-frames/Move/0011.png
 create mode 100644 reports/WC-U440/20260906T161455Z-face-fit/tala-verified4/motion-frames/Move/0012.png
 create mode 100644 reports/WC-U440/20260906T161455Z-face-fit/tala-verified4/motion-frames/Move/0013.png
 create mode 100644 reports/WC-U440/20260906T161455Z-face-fit/tala-verified4/motion-frames/Move/0014.png
 create mode 100644 reports/WC-U440/20260906T161455Z-face-fit/tala-verified4/motion-frames/Move/0015.png
 create mode 100644 reports/WC-U440/20260906T161455Z-face-fit/tala-verified4/motion-frames/Move/0016.png
 create mode 100644 reports/WC-U440/20260906T161455Z-face-fit/tala-verified4/motion-frames/Move/0017.png
 create mode 100644 reports/WC-U440/20260906T161455Z-face-fit/tala-verified4/motion-frames/Move/0018.png
 create mode 100644 reports/WC-U440/20260906T161455Z-face-fit/tala-verified4/motion-frames/Move/0019.png
 create mode 100644 reports/WC-U440/20260906T161455Z-face-fit/tala-verified4/motion-frames/Victory/0000.png
 create mode 100644 reports/WC-U440/20260906T161455Z-face-fit/tala-verified4/motion-frames/Victory/0001.png
 create mode 100644 reports/WC-U440/20260906T161455Z-face-fit/tala-verified4/motion-frames/Victory/0002.png
 create mode 100644 reports/WC-U440/20260906T161455Z-face-fit/tala-verified4/motion-frames/Victory/0003.png
 create mode 100644 reports/WC-U440/20260906T161455Z-face-fit/tala-verified4/motion-frames/Victory/0004.png
 create mode 100644 reports/WC-U440/20260906T161455Z-face-fit/tala-verified4/motion-frames/Victory/0005.png
 create mode 100644 reports/WC-U440/20260906T161455Z-face-fit/tala-verified4/motion-frames/Victory/0006.png
 create mode 100644 reports/WC-U440/20260906T161455Z-face-fit/tala-verified4/motion-frames/Victory/0007.png
 create mode 100644 reports/WC-U440/20260906T161455Z-face-fit/tala-verified4/motion-frames/Victory/0008.png
 create mode 100644 reports/WC-U440/20260906T161455Z-face-fit/tala-verified4/motion-frames/Victory/0009.png
 create mode 100644 reports/WC-U440/20260906T161455Z-face-fit/tala-verified4/motion-frames/Victory/0010.png
 create mode 100644 reports/WC-U440/20260906T161455Z-face-fit/tala-verified4/motion-frames/Victory/0011.png
 create mode 100644 reports/WC-U440/20260906T161455Z-face-fit/tala-verified4/motion-frames/Victory/0012.png
 create mode 100644 reports/WC-U440/20260906T161455Z-face-fit/tala-verified4/motion-frames/Victory/0013.png
 create mode 100644 reports/WC-U440/20260906T161455Z-face-fit/tala-verified4/motion-frames/Victory/0014.png
 create mode 100644 reports/WC-U440/20260906T161455Z-face-fit/tala-verified4/motion-frames/Victory/0015.png
 create mode 100644 reports/WC-U440/20260906T161455Z-face-fit/tala-verified4/motion-frames/Victory/0016.png
 create mode 100644 reports/WC-U440/20260906T161455Z-face-fit/tala-verified4/motion-frames/Victory/0017.png
 create mode 100644 reports/WC-U440/20260906T161455Z-face-fit/tala-verified4/motion-frames/Victory/0018.png
 create mode 100644 reports/WC-U440/20260906T161455Z-face-fit/tala-verified4/motion-frames/Victory/0019.png
 create mode 100644 reports/WC-U440/20260906T161455Z-face-fit/tala-verified4/motion-frames/Victory/0020.png
 create mode 100644 reports/WC-U440/20260906T161455Z-face-fit/tala-verified4/motion-frames/Victory/0021.png
 create mode 100644 reports/WC-U440/20260906T161455Z-face-fit/tala-verified4/motion-frames/Victory/0022.png
 create mode 100644 reports/WC-U440/20260906T161455Z-face-fit/tala-verified4/motion-frames/Victory/0023.png
 create mode 100644 reports/WC-U440/20260906T161455Z-face-fit/tala-verified4/motion-frames/Victory/0024.png
 create mode 100644 reports/WC-U440/20260906T161455Z-face-fit/tala-verified4/motion-frames/Victory/0025.png
 create mode 100644 reports/WC-U440/20260906T161455Z-face-fit/tala-verified4/motion-frames/Victory/0026.png
 create mode 100644 reports/WC-U440/20260906T161455Z-face-fit/tala-verified4/motion-frames/Victory/0027.png
 create mode 100644 reports/WC-U440/20260906T161455Z-face-fit/tala-verified4/motion-frames/Victory/0028.png
 create mode 100644 reports/WC-U440/20260906T161455Z-face-fit/tala-verified4/motion-frames/Victory/0029.png
 create mode 100644 reports/WC-U440/20260906T161455Z-face-fit/tala-verified4/motion-invariants.json
 create mode 100644 reports/WC-U440/20260906T161455Z-face-fit/tala-verified4/motion-sequences.json
 create mode 100644 reports/WC-U440/20260906T161455Z-face-fit/tala-verified4/normal-speed-evidence.json
 create mode 100644 reports/WC-U440/20260906T161455Z-face-fit/tala-verified4/published-verification.json
 create mode 100644 reports/WC-U440/20260906T161455Z-face-fit/tala-verify4.log
 create mode 100644 reports/WC-U440/20260906T161455Z-face-fit/three-face-source-handoff.json
 create mode 100644 reports/WC-U440/20260906T161455Z-face-fit/three-face-source-handoff.md
 create mode 100644 reports/WC-U440/20260906T161455Z-face-fit/write-handoff.py
 create mode 100644 reports/WC-U440/20260906T161802Z/halflings/finn-exit.json
 create mode 100644 reports/WC-U440/20260906T161802Z/halflings/finn-production.log
 create mode 100644 reports/WC-U440/20260906T161802Z/halflings/finn/Active-end.png
 create mode 100644 reports/WC-U440/20260906T161802Z/halflings/finn/Active-release.png
 create mode 100644 reports/WC-U440/20260906T161802Z/halflings/finn/Active-start.png
 create mode 100644 reports/WC-U440/20260906T161802Z/halflings/finn/Attack-end.png
 create mode 100644 reports/WC-U440/20260906T161802Z/halflings/finn/Attack-release.png
 create mode 100644 reports/WC-U440/20260906T161802Z/halflings/finn/Attack-start.png
 create mode 100644 reports/WC-U440/20260906T161802Z/halflings/finn/Defeat-end.png
 create mode 100644 reports/WC-U440/20260906T161802Z/halflings/finn/Defeat-release.png
 create mode 100644 reports/WC-U440/20260906T161802Z/halflings/finn/Defeat-start.png
 create mode 100644 reports/WC-U440/20260906T161802Z/halflings/finn/Hit-end.png
 create mode 100644 reports/WC-U440/20260906T161802Z/halflings/finn/Hit-release.png
 create mode 100644 reports/WC-U440/20260906T161802Z/halflings/finn/Hit-start.png
 create mode 100644 reports/WC-U440/20260906T161802Z/halflings/finn/Idle-end.png
 create mode 100644 reports/WC-U440/20260906T161802Z/halflings/finn/Idle-release.png
 create mode 100644 reports/WC-U440/20260906T161802Z/halflings/finn/Idle-start.png
 create mode 100644 reports/WC-U440/20260906T161802Z/halflings/finn/Move-end.png
 create mode 100644 reports/WC-U440/20260906T161802Z/halflings/finn/Move-release.png
 create mode 100644 reports/WC-U440/20260906T161802Z/halflings/finn/Move-start.png
 create mode 100644 reports/WC-U440/20260906T161802Z/halflings/finn/Victory-end.png
 create mode 100644 reports/WC-U440/20260906T161802Z/halflings/finn/Victory-release.png
 create mode 100644 reports/WC-U440/20260906T161802Z/halflings/finn/Victory-start.png
 create mode 100644 reports/WC-U440/20260906T161802Z/halflings/finn/all-frame-invariants.json
 create mode 100644 reports/WC-U440/20260906T161802Z/halflings/finn/back.png
 create mode 100644 reports/WC-U440/20260906T161802Z/halflings/finn/completed.json
 create mode 100644 reports/WC-U440/20260906T161802Z/halflings/finn/continuous-Active.mp4
 create mode 100644 reports/WC-U440/20260906T161802Z/halflings/finn/continuous-Attack.mp4
 create mode 100644 reports/WC-U440/20260906T161802Z/halflings/finn/continuous-Defeat.mp4
 create mode 100644 reports/WC-U440/20260906T161802Z/halflings/finn/continuous-Hit.mp4
 create mode 100644 reports/WC-U440/20260906T161802Z/halflings/finn/continuous-Idle.mp4
 create mode 100644 reports/WC-U440/20260906T161802Z/halflings/finn/continuous-Move.mp4
 create mode 100644 reports/WC-U440/20260906T161802Z/halflings/finn/continuous-Victory.mp4
 create mode 100644 reports/WC-U440/20260906T161802Z/halflings/finn/executed-ik-reach.json
 create mode 100644 reports/WC-U440/20260906T161802Z/halflings/finn/face.png
 create mode 100644 reports/WC-U440/20260906T161802Z/halflings/finn/front.png
 create mode 100644 reports/WC-U440/20260906T161802Z/halflings/finn/game-angle.png
 create mode 100644 reports/WC-U440/20260906T161802Z/halflings/finn/input.json
 create mode 100644 reports/WC-U440/20260906T161802Z/halflings/finn/sampled-motion.json
 create mode 100644 reports/WC-U440/20260906T161802Z/halflings/finn/side.png
 create mode 100644 reports/WC-U440/20260906T161802Z/halflings/finn/structural.json
 create mode 100644 reports/WC-U440/20260906T161802Z/halflings/finn/three-quarter.png
 create mode 100644 reports/WC-U440/20260906T161953Z/halflings/finn-exit.json
 create mode 100644 reports/WC-U440/20260906T161953Z/halflings/finn-production.log
 create mode 100644 reports/WC-U440/20260906T161953Z/halflings/finn/Active-end.png
 create mode 100644 reports/WC-U440/20260906T161953Z/halflings/finn/Active-release.png
 create mode 100644 reports/WC-U440/20260906T161953Z/halflings/finn/Active-start.png
 create mode 100644 reports/WC-U440/20260906T161953Z/halflings/finn/Attack-end.png
 create mode 100644 reports/WC-U440/20260906T161953Z/halflings/finn/Attack-release.png
 create mode 100644 reports/WC-U440/20260906T161953Z/halflings/finn/Attack-start.png
 create mode 100644 reports/WC-U440/20260906T161953Z/halflings/finn/Defeat-end.png
 create mode 100644 reports/WC-U440/20260906T161953Z/halflings/finn/Defeat-release.png
 create mode 100644 reports/WC-U440/20260906T161953Z/halflings/finn/Defeat-start.png
 create mode 100644 reports/WC-U440/20260906T161953Z/halflings/finn/Hit-end.png
 create mode 100644 reports/WC-U440/20260906T161953Z/halflings/finn/Hit-release.png
 create mode 100644 reports/WC-U440/20260906T161953Z/halflings/finn/Hit-start.png
 create mode 100644 reports/WC-U440/20260906T161953Z/halflings/finn/Idle-end.png
 create mode 100644 reports/WC-U440/20260906T161953Z/halflings/finn/Idle-release.png
 create mode 100644 reports/WC-U440/20260906T161953Z/halflings/finn/Idle-start.png
 create mode 100644 reports/WC-U440/20260906T161953Z/halflings/finn/Move-end.png
 create mode 100644 reports/WC-U440/20260906T161953Z/halflings/finn/Move-release.png
 create mode 100644 reports/WC-U440/20260906T161953Z/halflings/finn/Move-start.png
 create mode 100644 reports/WC-U440/20260906T161953Z/halflings/finn/Victory-end.png
 create mode 100644 reports/WC-U440/20260906T161953Z/halflings/finn/Victory-release.png
 create mode 100644 reports/WC-U440/20260906T161953Z/halflings/finn/Victory-start.png
 create mode 100644 reports/WC-U440/20260906T161953Z/halflings/finn/all-frame-invariants.json
 create mode 100644 reports/WC-U440/20260906T161953Z/halflings/finn/back.png
 create mode 100644 reports/WC-U440/20260906T161953Z/halflings/finn/before-exports/AN_wc_u_halfling_ranger_Active.fbx
 create mode 100644 reports/WC-U440/20260906T161953Z/halflings/finn/before-exports/AN_wc_u_halfling_ranger_Attack.fbx
 create mode 100644 reports/WC-U440/20260906T161953Z/halflings/finn/before-exports/AN_wc_u_halfling_ranger_Defeat.fbx
 create mode 100644 reports/WC-U440/20260906T161953Z/halflings/finn/before-exports/AN_wc_u_halfling_ranger_Hit.fbx
 create mode 100644 reports/WC-U440/20260906T161953Z/halflings/finn/before-exports/AN_wc_u_halfling_ranger_Idle.fbx
 create mode 100644 reports/WC-U440/20260906T161953Z/halflings/finn/before-exports/AN_wc_u_halfling_ranger_Move.fbx
 create mode 100644 reports/WC-U440/20260906T161953Z/halflings/finn/before-exports/AN_wc_u_halfling_ranger_Victory.fbx
 create mode 100644 reports/WC-U440/20260906T161953Z/halflings/finn/before-exports/SK_wc_u_halfling_ranger.fbm/T_wc_u_halfling_ranger_BaseColor.png
 create mode 100644 reports/WC-U440/20260906T161953Z/halflings/finn/before-exports/SK_wc_u_halfling_ranger.fbm/T_wc_u_halfling_ranger_Normal.png
 create mode 100644 reports/WC-U440/20260906T161953Z/halflings/finn/before-exports/SK_wc_u_halfling_ranger.fbx
 create mode 100644 reports/WC-U440/20260906T161953Z/halflings/finn/before-exports/SK_wc_u_halfling_ranger_LOD1.fbm/T_wc_u_halfling_ranger_BaseColor.png
 create mode 100644 reports/WC-U440/20260906T161953Z/halflings/finn/before-exports/SK_wc_u_halfling_ranger_LOD1.fbm/T_wc_u_halfling_ranger_Normal.png
 create mode 100644 reports/WC-U440/20260906T161953Z/halflings/finn/before-exports/SK_wc_u_halfling_ranger_LOD1.fbx
 create mode 100644 reports/WC-U440/20260906T161953Z/halflings/finn/before-exports/SK_wc_u_halfling_ranger_LOD2.fbm/T_wc_u_halfling_ranger_BaseColor.png
 create mode 100644 reports/WC-U440/20260906T161953Z/halflings/finn/before-exports/SK_wc_u_halfling_ranger_LOD2.fbm/T_wc_u_halfling_ranger_Normal.png
 create mode 100644 reports/WC-U440/20260906T161953Z/halflings/finn/before-exports/SK_wc_u_halfling_ranger_LOD2.fbx
 create mode 100644 reports/WC-U440/20260906T161953Z/halflings/finn/before-exports/T_wc_u_halfling_ranger_BaseColor.png
 create mode 100644 reports/WC-U440/20260906T161953Z/halflings/finn/before-exports/T_wc_u_halfling_ranger_Normal.png
 create mode 100644 reports/WC-U440/20260906T161953Z/halflings/finn/before-exports/T_wc_u_halfling_ranger_ORM.png
 create mode 100644 reports/WC-U440/20260906T161953Z/halflings/finn/before-exports/export_manifest.json
 create mode 100644 reports/WC-U440/20260906T161953Z/halflings/finn/before-exports/portrait.png
 create mode 100644 reports/WC-U440/20260906T161953Z/halflings/finn/before-source/wc_u_halfling_ranger.blend
 create mode 100644 reports/WC-U440/20260906T161953Z/halflings/finn/completed.json
 create mode 100644 reports/WC-U440/20260906T161953Z/halflings/finn/continuous-Active.mp4
 create mode 100644 reports/WC-U440/20260906T161953Z/halflings/finn/continuous-Attack.mp4
 create mode 100644 reports/WC-U440/20260906T161953Z/halflings/finn/continuous-Defeat.mp4
 create mode 100644 reports/WC-U440/20260906T161953Z/halflings/finn/continuous-Hit.mp4
 create mode 100644 reports/WC-U440/20260906T161953Z/halflings/finn/continuous-Idle.mp4
 create mode 100644 reports/WC-U440/20260906T161953Z/halflings/finn/continuous-Move.mp4
 create mode 100644 reports/WC-U440/20260906T161953Z/halflings/finn/continuous-Victory.mp4
 create mode 100644 reports/WC-U440/20260906T161953Z/halflings/finn/executed-ik-reach.json
 create mode 100644 reports/WC-U440/20260906T161953Z/halflings/finn/face.png
 create mode 100644 reports/WC-U440/20260906T161953Z/halflings/finn/front.png
 create mode 100644 reports/WC-U440/20260906T161953Z/halflings/finn/game-angle.png
 create mode 100644 reports/WC-U440/20260906T161953Z/halflings/finn/input.json
 create mode 100644 reports/WC-U440/20260906T161953Z/halflings/finn/sampled-motion.json
 create mode 100644 reports/WC-U440/20260906T161953Z/halflings/finn/side.png
 create mode 100644 reports/WC-U440/20260906T161953Z/halflings/finn/structural.json
 create mode 100644 reports/WC-U440/20260906T161953Z/halflings/finn/three-quarter.png
 create mode 100644 reports/WC-U440/20260906T162134Z/cass5-import/editor.log
 create mode 100644 reports/WC-U440/20260906T162134Z/cass5-import/launch.json
 create mode 100644 reports/WC-U440/20260906T162134Z/cass5-import/process.json
 create mode 100644 reports/WC-U440/20260906T162134Z/cass5-import/stderr.log
 create mode 100644 reports/WC-U440/20260906T162134Z/cass5-import/stdout.log
 create mode 100644 reports/WC-U440/20260906T162137Z/halflings/finn-exit.json
 create mode 100644 reports/WC-U440/20260906T162137Z/halflings/finn-production.log
 create mode 100644 reports/WC-U440/20260906T162137Z/halflings/finn/Active-end.png
 create mode 100644 reports/WC-U440/20260906T162137Z/halflings/finn/Active-release.png
 create mode 100644 reports/WC-U440/20260906T162137Z/halflings/finn/Active-start.png
 create mode 100644 reports/WC-U440/20260906T162137Z/halflings/finn/Attack-end.png
 create mode 100644 reports/WC-U440/20260906T162137Z/halflings/finn/Attack-release.png
 create mode 100644 reports/WC-U440/20260906T162137Z/halflings/finn/Attack-start.png
 create mode 100644 reports/WC-U440/20260906T162137Z/halflings/finn/Defeat-end.png
 create mode 100644 reports/WC-U440/20260906T162137Z/halflings/finn/Defeat-release.png
 create mode 100644 reports/WC-U440/20260906T162137Z/halflings/finn/Defeat-start.png
 create mode 100644 reports/WC-U440/20260906T162137Z/halflings/finn/Hit-end.png
 create mode 100644 reports/WC-U440/20260906T162137Z/halflings/finn/Hit-release.png
 create mode 100644 reports/WC-U440/20260906T162137Z/halflings/finn/Hit-start.png
 create mode 100644 reports/WC-U440/20260906T162137Z/halflings/finn/Idle-end.png
 create mode 100644 reports/WC-U440/20260906T162137Z/halflings/finn/Idle-release.png
 create mode 100644 reports/WC-U440/20260906T162137Z/halflings/finn/Idle-start.png
 create mode 100644 reports/WC-U440/20260906T162137Z/halflings/finn/Move-end.png
 create mode 100644 reports/WC-U440/20260906T162137Z/halflings/finn/Move-release.png
 create mode 100644 reports/WC-U440/20260906T162137Z/halflings/finn/Move-start.png
 create mode 100644 reports/WC-U440/20260906T162137Z/halflings/finn/Victory-end.png
 create mode 100644 reports/WC-U440/20260906T162137Z/halflings/finn/Victory-release.png
 create mode 100644 reports/WC-U440/20260906T162137Z/halflings/finn/Victory-start.png
 create mode 100644 reports/WC-U440/20260906T162137Z/halflings/finn/all-frame-invariants.json
 create mode 100644 reports/WC-U440/20260906T162137Z/halflings/finn/back.png
 create mode 100644 reports/WC-U440/20260906T162137Z/halflings/finn/before-exports/AN_wc_u_halfling_ranger_Active.fbx
 create mode 100644 reports/WC-U440/20260906T162137Z/halflings/finn/before-exports/AN_wc_u_halfling_ranger_Attack.fbx
 create mode 100644 reports/WC-U440/20260906T162137Z/halflings/finn/before-exports/AN_wc_u_halfling_ranger_Defeat.fbx
 create mode 100644 reports/WC-U440/20260906T162137Z/halflings/finn/before-exports/AN_wc_u_halfling_ranger_Hit.fbx
 create mode 100644 reports/WC-U440/20260906T162137Z/halflings/finn/before-exports/AN_wc_u_halfling_ranger_Idle.fbx
 create mode 100644 reports/WC-U440/20260906T162137Z/halflings/finn/before-exports/AN_wc_u_halfling_ranger_Move.fbx
 create mode 100644 reports/WC-U440/20260906T162137Z/halflings/finn/before-exports/AN_wc_u_halfling_ranger_Victory.fbx
 create mode 100644 reports/WC-U440/20260906T162137Z/halflings/finn/before-exports/SK_wc_u_halfling_ranger.fbm/T_wc_u_halfling_ranger_BaseColor.png
 create mode 100644 reports/WC-U440/20260906T162137Z/halflings/finn/before-exports/SK_wc_u_halfling_ranger.fbm/T_wc_u_halfling_ranger_Normal.png
 create mode 100644 reports/WC-U440/20260906T162137Z/halflings/finn/before-exports/SK_wc_u_halfling_ranger.fbx
 create mode 100644 reports/WC-U440/20260906T162137Z/halflings/finn/before-exports/SK_wc_u_halfling_ranger_LOD1.fbm/T_wc_u_halfling_ranger_BaseColor.png
 create mode 100644 reports/WC-U440/20260906T162137Z/halflings/finn/before-exports/SK_wc_u_halfling_ranger_LOD1.fbm/T_wc_u_halfling_ranger_Normal.png
 create mode 100644 reports/WC-U440/20260906T162137Z/halflings/finn/before-exports/SK_wc_u_halfling_ranger_LOD1.fbx
 create mode 100644 reports/WC-U440/20260906T162137Z/halflings/finn/before-exports/SK_wc_u_halfling_ranger_LOD2.fbm/T_wc_u_halfling_ranger_BaseColor.png
 create mode 100644 reports/WC-U440/20260906T162137Z/halflings/finn/before-exports/SK_wc_u_halfling_ranger_LOD2.fbm/T_wc_u_halfling_ranger_Normal.png
 create mode 100644 reports/WC-U440/20260906T162137Z/halflings/finn/before-exports/SK_wc_u_halfling_ranger_LOD2.fbx
 create mode 100644 reports/WC-U440/20260906T162137Z/halflings/finn/before-exports/T_wc_u_halfling_ranger_BaseColor.png
 create mode 100644 reports/WC-U440/20260906T162137Z/halflings/finn/before-exports/T_wc_u_halfling_ranger_Normal.png
 create mode 100644 reports/WC-U440/20260906T162137Z/halflings/finn/before-exports/T_wc_u_halfling_ranger_ORM.png
 create mode 100644 reports/WC-U440/20260906T162137Z/halflings/finn/before-exports/export_manifest.json
 create mode 100644 reports/WC-U440/20260906T162137Z/halflings/finn/before-exports/portrait.png
 create mode 100644 reports/WC-U440/20260906T162137Z/halflings/finn/before-source/wc_u_halfling_ranger.blend
 create mode 100644 reports/WC-U440/20260906T162137Z/halflings/finn/completed.json
 create mode 100644 reports/WC-U440/20260906T162137Z/halflings/finn/continuous-Active.mp4
 create mode 100644 reports/WC-U440/20260906T162137Z/halflings/finn/continuous-Attack.mp4
 create mode 100644 reports/WC-U440/20260906T162137Z/halflings/finn/continuous-Defeat.mp4
 create mode 100644 reports/WC-U440/20260906T162137Z/halflings/finn/continuous-Hit.mp4
 create mode 100644 reports/WC-U440/20260906T162137Z/halflings/finn/continuous-Idle.mp4
 create mode 100644 reports/WC-U440/20260906T162137Z/halflings/finn/continuous-Move.mp4
 create mode 100644 reports/WC-U440/20260906T162137Z/halflings/finn/continuous-Victory.mp4
 create mode 100644 reports/WC-U440/20260906T162137Z/halflings/finn/executed-ik-reach.json
 create mode 100644 reports/WC-U440/20260906T162137Z/halflings/finn/face.png
 create mode 100644 reports/WC-U440/20260906T162137Z/halflings/finn/front.png
 create mode 100644 reports/WC-U440/20260906T162137Z/halflings/finn/game-angle.png
 create mode 100644 reports/WC-U440/20260906T162137Z/halflings/finn/input.json
 create mode 100644 reports/WC-U440/20260906T162137Z/halflings/finn/sampled-motion.json
 create mode 100644 reports/WC-U440/20260906T162137Z/halflings/finn/side.png
 create mode 100644 reports/WC-U440/20260906T162137Z/halflings/finn/structural.json
 create mode 100644 reports/WC-U440/20260906T162137Z/halflings/finn/three-quarter.png
 create mode 100644 reports/WC-U440/20260906T162137Z/halflings/nella-exit.json
 create mode 100644 reports/WC-U440/20260906T162137Z/halflings/nella-production.log
 create mode 100644 reports/WC-U440/20260906T162137Z/halflings/nella/executed-ik-reach.json
 create mode 100644 reports/WC-U440/20260906T162137Z/halflings/nella/input.json
 create mode 100644 reports/WC-U440/20260906T162235Z/cass5-import-path-fixed/editor.log
 create mode 100644 reports/WC-U440/20260906T162235Z/cass5-import-path-fixed/import-wc_u_human_warrior.json
 create mode 100644 reports/WC-U440/20260906T162235Z/cass5-import-path-fixed/import_alpha_assets.json
 create mode 100644 reports/WC-U440/20260906T162235Z/cass5-import-path-fixed/launch.json
 create mode 100644 reports/WC-U440/20260906T162235Z/cass5-import-path-fixed/process.json
 create mode 100644 reports/WC-U440/20260906T162235Z/cass5-import-path-fixed/stderr.log
 create mode 100644 reports/WC-U440/20260906T162235Z/cass5-import-path-fixed/stdout.log
 create mode 100644 reports/WC-U440/20260906T162318Z/halflings/finn-exit.json
 create mode 100644 reports/WC-U440/20260906T162318Z/halflings/finn-production.log
 create mode 100644 reports/WC-U440/20260906T162318Z/halflings/finn-readback-exit.json
 create mode 100644 reports/WC-U440/20260906T162318Z/halflings/finn-readback.log
 create mode 100644 reports/WC-U440/20260906T162318Z/halflings/finn-readback/fbx-video-validation.json
 create mode 100644 reports/WC-U440/20260906T162318Z/halflings/finn-readback/saved-source-fbx/EXPORT-inspection.json
 create mode 100644 reports/WC-U440/20260906T162318Z/halflings/finn-readback/saved-source-fbx/LOD_SOURCE-inspection.json
 create mode 100644 reports/WC-U440/20260906T162318Z/halflings/finn-readback/saved-source-fbx/motion-invariants.json
 create mode 100644 reports/WC-U440/20260906T162318Z/halflings/finn-readback/saved-source-fbx/published-verification.json
 create mode 100644 reports/WC-U440/20260906T162318Z/halflings/finn-readback/silhouette96-front.png
 create mode 100644 reports/WC-U440/20260906T162318Z/halflings/finn-readback/silhouette96-game-angle.png
 create mode 100644 reports/WC-U440/20260906T162318Z/halflings/finn-sparse-clips-review.png
 create mode 100644 reports/WC-U440/20260906T162318Z/halflings/finn-views-review.png
 create mode 100644 reports/WC-U440/20260906T162318Z/halflings/finn/Active-end.png
 create mode 100644 reports/WC-U440/20260906T162318Z/halflings/finn/Active-release.png
 create mode 100644 reports/WC-U440/20260906T162318Z/halflings/finn/Active-start.png
 create mode 100644 reports/WC-U440/20260906T162318Z/halflings/finn/Attack-end.png
 create mode 100644 reports/WC-U440/20260906T162318Z/halflings/finn/Attack-release.png
 create mode 100644 reports/WC-U440/20260906T162318Z/halflings/finn/Attack-start.png
 create mode 100644 reports/WC-U440/20260906T162318Z/halflings/finn/Defeat-end.png
 create mode 100644 reports/WC-U440/20260906T162318Z/halflings/finn/Defeat-release.png
 create mode 100644 reports/WC-U440/20260906T162318Z/halflings/finn/Defeat-start.png
 create mode 100644 reports/WC-U440/20260906T162318Z/halflings/finn/Hit-end.png
 create mode 100644 reports/WC-U440/20260906T162318Z/halflings/finn/Hit-release.png
 create mode 100644 reports/WC-U440/20260906T162318Z/halflings/finn/Hit-start.png
 create mode 100644 reports/WC-U440/20260906T162318Z/halflings/finn/Idle-end.png
 create mode 100644 reports/WC-U440/20260906T162318Z/halflings/finn/Idle-release.png
 create mode 100644 reports/WC-U440/20260906T162318Z/halflings/finn/Idle-start.png
 create mode 100644 reports/WC-U440/20260906T162318Z/halflings/finn/Move-end.png
 create mode 100644 reports/WC-U440/20260906T162318Z/halflings/finn/Move-release.png
 create mode 100644 reports/WC-U440/20260906T162318Z/halflings/finn/Move-start.png
 create mode 100644 reports/WC-U440/20260906T162318Z/halflings/finn/Victory-end.png
 create mode 100644 reports/WC-U440/20260906T162318Z/halflings/finn/Victory-release.png
 create mode 100644 reports/WC-U440/20260906T162318Z/halflings/finn/Victory-start.png
 create mode 100644 reports/WC-U440/20260906T162318Z/halflings/finn/all-frame-invariants.json
 create mode 100644 reports/WC-U440/20260906T162318Z/halflings/finn/back.png
 create mode 100644 reports/WC-U440/20260906T162318Z/halflings/finn/before-exports/AN_wc_u_halfling_ranger_Active.fbx
 create mode 100644 reports/WC-U440/20260906T162318Z/halflings/finn/before-exports/AN_wc_u_halfling_ranger_Attack.fbx
 create mode 100644 reports/WC-U440/20260906T162318Z/halflings/finn/before-exports/AN_wc_u_halfling_ranger_Defeat.fbx
 create mode 100644 reports/WC-U440/20260906T162318Z/halflings/finn/before-exports/AN_wc_u_halfling_ranger_Hit.fbx
 create mode 100644 reports/WC-U440/20260906T162318Z/halflings/finn/before-exports/AN_wc_u_halfling_ranger_Idle.fbx
 create mode 100644 reports/WC-U440/20260906T162318Z/halflings/finn/before-exports/AN_wc_u_halfling_ranger_Move.fbx
 create mode 100644 reports/WC-U440/20260906T162318Z/halflings/finn/before-exports/AN_wc_u_halfling_ranger_Victory.fbx
 create mode 100644 reports/WC-U440/20260906T162318Z/halflings/finn/before-exports/SK_wc_u_halfling_ranger.fbm/T_wc_u_halfling_ranger_BaseColor.png
 create mode 100644 reports/WC-U440/20260906T162318Z/halflings/finn/before-exports/SK_wc_u_halfling_ranger.fbm/T_wc_u_halfling_ranger_Normal.png
 create mode 100644 reports/WC-U440/20260906T162318Z/halflings/finn/before-exports/SK_wc_u_halfling_ranger.fbx
 create mode 100644 reports/WC-U440/20260906T162318Z/halflings/finn/before-exports/SK_wc_u_halfling_ranger_LOD1.fbm/T_wc_u_halfling_ranger_BaseColor.png
 create mode 100644 reports/WC-U440/20260906T162318Z/halflings/finn/before-exports/SK_wc_u_halfling_ranger_LOD1.fbm/T_wc_u_halfling_ranger_Normal.png
 create mode 100644 reports/WC-U440/20260906T162318Z/halflings/finn/before-exports/SK_wc_u_halfling_ranger_LOD1.fbx
 create mode 100644 reports/WC-U440/20260906T162318Z/halflings/finn/before-exports/SK_wc_u_halfling_ranger_LOD2.fbm/T_wc_u_halfling_ranger_BaseColor.png
 create mode 100644 reports/WC-U440/20260906T162318Z/halflings/finn/before-exports/SK_wc_u_halfling_ranger_LOD2.fbm/T_wc_u_halfling_ranger_Normal.png
 create mode 100644 reports/WC-U440/20260906T162318Z/halflings/finn/before-exports/SK_wc_u_halfling_ranger_LOD2.fbx
 create mode 100644 reports/WC-U440/20260906T162318Z/halflings/finn/before-exports/T_wc_u_halfling_ranger_BaseColor.png
 create mode 100644 reports/WC-U440/20260906T162318Z/halflings/finn/before-exports/T_wc_u_halfling_ranger_Normal.png
 create mode 100644 reports/WC-U440/20260906T162318Z/halflings/finn/before-exports/T_wc_u_halfling_ranger_ORM.png
 create mode 100644 reports/WC-U440/20260906T162318Z/halflings/finn/before-exports/export_manifest.json
 create mode 100644 reports/WC-U440/20260906T162318Z/halflings/finn/before-exports/portrait.png
 create mode 100644 reports/WC-U440/20260906T162318Z/halflings/finn/before-source/wc_u_halfling_ranger.blend
 create mode 100644 reports/WC-U440/20260906T162318Z/halflings/finn/completed.json
 create mode 100644 reports/WC-U440/20260906T162318Z/halflings/finn/continuous-Active.mp4
 create mode 100644 reports/WC-U440/20260906T162318Z/halflings/finn/continuous-Attack.mp4
 create mode 100644 reports/WC-U440/20260906T162318Z/halflings/finn/continuous-Defeat.mp4
 create mode 100644 reports/WC-U440/20260906T162318Z/halflings/finn/continuous-Hit.mp4
 create mode 100644 reports/WC-U440/20260906T162318Z/halflings/finn/continuous-Idle.mp4
 create mode 100644 reports/WC-U440/20260906T162318Z/halflings/finn/continuous-Move.mp4
 create mode 100644 reports/WC-U440/20260906T162318Z/halflings/finn/continuous-Victory.mp4
 create mode 100644 reports/WC-U440/20260906T162318Z/halflings/finn/executed-ik-reach.json
 create mode 100644 reports/WC-U440/20260906T162318Z/halflings/finn/face.png
 create mode 100644 reports/WC-U440/20260906T162318Z/halflings/finn/front.png
 create mode 100644 reports/WC-U440/20260906T162318Z/halflings/finn/game-angle.png
 create mode 100644 reports/WC-U440/20260906T162318Z/halflings/finn/input.json
 create mode 100644 reports/WC-U440/20260906T162318Z/halflings/finn/sampled-motion.json
 create mode 100644 reports/WC-U440/20260906T162318Z/halflings/finn/side.png
 create mode 100644 reports/WC-U440/20260906T162318Z/halflings/finn/structural.json
 create mode 100644 reports/WC-U440/20260906T162318Z/halflings/finn/three-quarter.png
 create mode 100644 reports/WC-U440/20260906T162318Z/halflings/make_review_sheets.py
 create mode 100644 reports/WC-U440/20260906T162318Z/halflings/milo-exit.json
 create mode 100644 reports/WC-U440/20260906T162318Z/halflings/milo-production.log
 create mode 100644 reports/WC-U440/20260906T162318Z/halflings/milo/Active-end.png
 create mode 100644 reports/WC-U440/20260906T162318Z/halflings/milo/Active-release.png
 create mode 100644 reports/WC-U440/20260906T162318Z/halflings/milo/Active-start.png
 create mode 100644 reports/WC-U440/20260906T162318Z/halflings/milo/Attack-end.png
 create mode 100644 reports/WC-U440/20260906T162318Z/halflings/milo/Attack-release.png
 create mode 100644 reports/WC-U440/20260906T162318Z/halflings/milo/Attack-start.png
 create mode 100644 reports/WC-U440/20260906T162318Z/halflings/milo/Defeat-end.png
 create mode 100644 reports/WC-U440/20260906T162318Z/halflings/milo/Defeat-release.png
 create mode 100644 reports/WC-U440/20260906T162318Z/halflings/milo/Defeat-start.png
 create mode 100644 reports/WC-U440/20260906T162318Z/halflings/milo/Hit-end.png
 create mode 100644 reports/WC-U440/20260906T162318Z/halflings/milo/Hit-release.png
 create mode 100644 reports/WC-U440/20260906T162318Z/halflings/milo/Hit-start.png
 create mode 100644 reports/WC-U440/20260906T162318Z/halflings/milo/Idle-end.png
 create mode 100644 reports/WC-U440/20260906T162318Z/halflings/milo/Idle-release.png
 create mode 100644 reports/WC-U440/20260906T162318Z/halflings/milo/Idle-start.png
 create mode 100644 reports/WC-U440/20260906T162318Z/halflings/milo/Move-end.png
 create mode 100644 reports/WC-U440/20260906T162318Z/halflings/milo/Move-release.png
 create mode 100644 reports/WC-U440/20260906T162318Z/halflings/milo/Move-start.png
 create mode 100644 reports/WC-U440/20260906T162318Z/halflings/milo/Victory-end.png
 create mode 100644 reports/WC-U440/20260906T162318Z/halflings/milo/Victory-release.png
 create mode 100644 reports/WC-U440/20260906T162318Z/halflings/milo/Victory-start.png
 create mode 100644 reports/WC-U440/20260906T162318Z/halflings/milo/all-frame-invariants.json
 create mode 100644 reports/WC-U440/20260906T162318Z/halflings/milo/back.png
 create mode 100644 reports/WC-U440/20260906T162318Z/halflings/milo/completed.json
 create mode 100644 reports/WC-U440/20260906T162318Z/halflings/milo/continuous-Active.mp4
 create mode 100644 reports/WC-U440/20260906T162318Z/halflings/milo/continuous-Attack.mp4
 create mode 100644 reports/WC-U440/20260906T162318Z/halflings/milo/continuous-Defeat.mp4
 create mode 100644 reports/WC-U440/20260906T162318Z/halflings/milo/continuous-Hit.mp4
 create mode 100644 reports/WC-U440/20260906T162318Z/halflings/milo/continuous-Idle.mp4
 create mode 100644 reports/WC-U440/20260906T162318Z/halflings/milo/continuous-Move.mp4
 create mode 100644 reports/WC-U440/20260906T162318Z/halflings/milo/continuous-Victory.mp4
 create mode 100644 reports/WC-U440/20260906T162318Z/halflings/milo/executed-ik-reach.json
 create mode 100644 reports/WC-U440/20260906T162318Z/halflings/milo/face.png
 create mode 100644 reports/WC-U440/20260906T162318Z/halflings/milo/front.png
 create mode 100644 reports/WC-U440/20260906T162318Z/halflings/milo/game-angle.png
 create mode 100644 reports/WC-U440/20260906T162318Z/halflings/milo/input.json
 create mode 100644 reports/WC-U440/20260906T162318Z/halflings/milo/sampled-motion.json
 create mode 100644 reports/WC-U440/20260906T162318Z/halflings/milo/side.png
 create mode 100644 reports/WC-U440/20260906T162318Z/halflings/milo/structural.json
 create mode 100644 reports/WC-U440/20260906T162318Z/halflings/milo/three-quarter.png
 create mode 100644 reports/WC-U440/20260906T162318Z/halflings/nella-exit.json
 create mode 100644 reports/WC-U440/20260906T162318Z/halflings/nella-production.log
 create mode 100644 reports/WC-U440/20260906T162318Z/halflings/nella/Active-end.png
 create mode 100644 reports/WC-U440/20260906T162318Z/halflings/nella/Active-release.png
 create mode 100644 reports/WC-U440/20260906T162318Z/halflings/nella/Active-start.png
 create mode 100644 reports/WC-U440/20260906T162318Z/halflings/nella/Attack-end.png
 create mode 100644 reports/WC-U440/20260906T162318Z/halflings/nella/Attack-release.png
 create mode 100644 reports/WC-U440/20260906T162318Z/halflings/nella/Attack-start.png
 create mode 100644 reports/WC-U440/20260906T162318Z/halflings/nella/Defeat-end.png
 create mode 100644 reports/WC-U440/20260906T162318Z/halflings/nella/Defeat-release.png
 create mode 100644 reports/WC-U440/20260906T162318Z/halflings/nella/Defeat-start.png
 create mode 100644 reports/WC-U440/20260906T162318Z/halflings/nella/Hit-end.png
 create mode 100644 reports/WC-U440/20260906T162318Z/halflings/nella/Hit-release.png
 create mode 100644 reports/WC-U440/20260906T162318Z/halflings/nella/Hit-start.png
 create mode 100644 reports/WC-U440/20260906T162318Z/halflings/nella/Idle-end.png
 create mode 100644 reports/WC-U440/20260906T162318Z/halflings/nella/Idle-release.png
 create mode 100644 reports/WC-U440/20260906T162318Z/halflings/nella/Idle-start.png
 create mode 100644 reports/WC-U440/20260906T162318Z/halflings/nella/Move-end.png
 create mode 100644 reports/WC-U440/20260906T162318Z/halflings/nella/Move-release.png
 create mode 100644 reports/WC-U440/20260906T162318Z/halflings/nella/Move-start.png
 create mode 100644 reports/WC-U440/20260906T162318Z/halflings/nella/Victory-end.png
 create mode 100644 reports/WC-U440/20260906T162318Z/halflings/nella/Victory-release.png
 create mode 100644 reports/WC-U440/20260906T162318Z/halflings/nella/Victory-start.png
 create mode 100644 reports/WC-U440/20260906T162318Z/halflings/nella/all-frame-invariants.json
 create mode 100644 reports/WC-U440/20260906T162318Z/halflings/nella/back.png
 create mode 100644 reports/WC-U440/20260906T162318Z/halflings/nella/before-exports/AN_wc_u_halfling_rogue_Active.fbx
 create mode 100644 reports/WC-U440/20260906T162318Z/halflings/nella/before-exports/AN_wc_u_halfling_rogue_Attack.fbx
 create mode 100644 reports/WC-U440/20260906T162318Z/halflings/nella/before-exports/AN_wc_u_halfling_rogue_Defeat.fbx
 create mode 100644 reports/WC-U440/20260906T162318Z/halflings/nella/before-exports/AN_wc_u_halfling_rogue_Hit.fbx
 create mode 100644 reports/WC-U440/20260906T162318Z/halflings/nella/before-exports/AN_wc_u_halfling_rogue_Idle.fbx
 create mode 100644 reports/WC-U440/20260906T162318Z/halflings/nella/before-exports/AN_wc_u_halfling_rogue_Move.fbx
 create mode 100644 reports/WC-U440/20260906T162318Z/halflings/nella/before-exports/AN_wc_u_halfling_rogue_Victory.fbx
 create mode 100644 reports/WC-U440/20260906T162318Z/halflings/nella/before-exports/SK_wc_u_halfling_rogue.fbm/T_wc_u_halfling_rogue_BaseColor.png
 create mode 100644 reports/WC-U440/20260906T162318Z/halflings/nella/before-exports/SK_wc_u_halfling_rogue.fbm/T_wc_u_halfling_rogue_Normal.png
 create mode 100644 reports/WC-U440/20260906T162318Z/halflings/nella/before-exports/SK_wc_u_halfling_rogue.fbx
 create mode 100644 reports/WC-U440/20260906T162318Z/halflings/nella/before-exports/SK_wc_u_halfling_rogue_LOD1.fbm/T_wc_u_halfling_rogue_BaseColor.png
 create mode 100644 reports/WC-U440/20260906T162318Z/halflings/nella/before-exports/SK_wc_u_halfling_rogue_LOD1.fbm/T_wc_u_halfling_rogue_Normal.png
 create mode 100644 reports/WC-U440/20260906T162318Z/halflings/nella/before-exports/SK_wc_u_halfling_rogue_LOD1.fbx
 create mode 100644 reports/WC-U440/20260906T162318Z/halflings/nella/before-exports/SK_wc_u_halfling_rogue_LOD2.fbm/T_wc_u_halfling_rogue_BaseColor.png
 create mode 100644 reports/WC-U440/20260906T162318Z/halflings/nella/before-exports/SK_wc_u_halfling_rogue_LOD2.fbm/T_wc_u_halfling_rogue_Normal.png
 create mode 100644 reports/WC-U440/20260906T162318Z/halflings/nella/before-exports/SK_wc_u_halfling_rogue_LOD2.fbx
 create mode 100644 reports/WC-U440/20260906T162318Z/halflings/nella/before-exports/T_wc_u_halfling_rogue_BaseColor.png
 create mode 100644 reports/WC-U440/20260906T162318Z/halflings/nella/before-exports/T_wc_u_halfling_rogue_Normal.png
 create mode 100644 reports/WC-U440/20260906T162318Z/halflings/nella/before-exports/T_wc_u_halfling_rogue_ORM.png
 create mode 100644 reports/WC-U440/20260906T162318Z/halflings/nella/completed.json
 create mode 100644 reports/WC-U440/20260906T162318Z/halflings/nella/continuous-Active.mp4
 create mode 100644 reports/WC-U440/20260906T162318Z/halflings/nella/continuous-Attack.mp4
 create mode 100644 reports/WC-U440/20260906T162318Z/halflings/nella/continuous-Defeat.mp4
 create mode 100644 reports/WC-U440/20260906T162318Z/halflings/nella/continuous-Hit.mp4
 create mode 100644 reports/WC-U440/20260906T162318Z/halflings/nella/continuous-Idle.mp4
 create mode 100644 reports/WC-U440/20260906T162318Z/halflings/nella/continuous-Move.mp4
 create mode 100644 reports/WC-U440/20260906T162318Z/halflings/nella/continuous-Victory.mp4
 create mode 100644 reports/WC-U440/20260906T162318Z/halflings/nella/executed-ik-reach.json
 create mode 100644 reports/WC-U440/20260906T162318Z/halflings/nella/face.png
 create mode 100644 reports/WC-U440/20260906T162318Z/halflings/nella/front.png
 create mode 100644 reports/WC-U440/20260906T162318Z/halflings/nella/game-angle.png
 create mode 100644 reports/WC-U440/20260906T162318Z/halflings/nella/input.json
 create mode 100644 reports/WC-U440/20260906T162318Z/halflings/nella/sampled-motion.json
 create mode 100644 reports/WC-U440/20260906T162318Z/halflings/nella/side.png
 create mode 100644 reports/WC-U440/20260906T162318Z/halflings/nella/structural.json
 create mode 100644 reports/WC-U440/20260906T162318Z/halflings/nella/three-quarter.png
 create mode 100644 reports/WC-U440/20260906T162355Z/three-face-import/editor.log
 create mode 100644 reports/WC-U440/20260906T162355Z/three-face-import/import-selected.json
 create mode 100644 reports/WC-U440/20260906T162355Z/three-face-import/import_alpha_assets.json
 create mode 100644 reports/WC-U440/20260906T162355Z/three-face-import/process.json
 create mode 100644 reports/WC-U440/20260906T162355Z/three-face-import/stderr.log
 create mode 100644 reports/WC-U440/20260906T162355Z/three-face-import/stdout.log
 create mode 100644 reports/WC-U440/20260906T162705Z-elf-liora-inspection.log
 create mode 100644 reports/WC-U440/20260906T162705Z-elf-shoulders/brief-audit/24-hero-brief-audit.json
 create mode 100644 reports/WC-U440/20260906T162705Z-elf-shoulders/brief-audit/24-hero-brief-audit.md
 create mode 100644 reports/WC-U440/20260906T162705Z-elf-shoulders/brief-audit/wc_u_dwarf_guardian-portrait.png
 create mode 100644 reports/WC-U440/20260906T162705Z-elf-shoulders/brief-audit/wc_u_dwarf_priest-portrait.png
 create mode 100644 reports/WC-U440/20260906T162705Z-elf-shoulders/brief-audit/wc_u_dwarf_ranger-portrait.png
 create mode 100644 reports/WC-U440/20260906T162705Z-elf-shoulders/brief-audit/wc_u_dwarf_warrior-portrait.png
 create mode 100644 reports/WC-U440/20260906T162705Z-elf-shoulders/brief-audit/wc_u_elf_mage-portrait.png
 create mode 100644 reports/WC-U440/20260906T162705Z-elf-shoulders/brief-audit/wc_u_elf_priest-portrait.png
 create mode 100644 reports/WC-U440/20260906T162705Z-elf-shoulders/brief-audit/wc_u_elf_ranger-portrait.png
 create mode 100644 reports/WC-U440/20260906T162705Z-elf-shoulders/brief-audit/wc_u_elf_rogue-portrait.png
 create mode 100644 reports/WC-U440/20260906T162705Z-elf-shoulders/brief-audit/wc_u_halfling_mage-portrait.png
 create mode 100644 reports/WC-U440/20260906T162705Z-elf-shoulders/brief-audit/wc_u_halfling_ranger-portrait.png
 create mode 100644 reports/WC-U440/20260906T162705Z-elf-shoulders/brief-audit/wc_u_halfling_rogue-portrait.png
 create mode 100644 reports/WC-U440/20260906T162705Z-elf-shoulders/brief-audit/wc_u_halfling_warrior-portrait.png
 create mode 100644 reports/WC-U440/20260906T162705Z-elf-shoulders/brief-audit/wc_u_human_guardian-portrait.png
 create mode 100644 reports/WC-U440/20260906T162705Z-elf-shoulders/brief-audit/wc_u_human_mage-portrait.png
 create mode 100644 reports/WC-U440/20260906T162705Z-elf-shoulders/brief-audit/wc_u_human_priest-portrait.png
 create mode 100644 reports/WC-U440/20260906T162705Z-elf-shoulders/brief-audit/wc_u_human_warrior-portrait.png
 create mode 100644 reports/WC-U440/20260906T162705Z-elf-shoulders/brief-audit/wc_u_orc_guardian-portrait.png
 create mode 100644 reports/WC-U440/20260906T162705Z-elf-shoulders/brief-audit/wc_u_orc_mage-portrait.png
 create mode 100644 reports/WC-U440/20260906T162705Z-elf-shoulders/brief-audit/wc_u_orc_rogue-portrait.png
 create mode 100644 reports/WC-U440/20260906T162705Z-elf-shoulders/brief-audit/wc_u_orc_warrior-portrait.png
 create mode 100644 reports/WC-U440/20260906T162705Z-elf-shoulders/elf-source8-handoff.json
 create mode 100644 reports/WC-U440/20260906T162705Z-elf-shoulders/elf-source8-handoff.md
 create mode 100644 reports/WC-U440/20260906T162705Z-elf-shoulders/kesh-before-inspection.log
 create mode 100644 reports/WC-U440/20260906T162705Z-elf-shoulders/liora-arm-review-v2.log
 create mode 100644 reports/WC-U440/20260906T162705Z-elf-shoulders/liora-arm-review.log
 create mode 100644 reports/WC-U440/20260906T162705Z-elf-shoulders/liora-before/arm-inspection.json
 create mode 100644 reports/WC-U440/20260906T162705Z-elf-shoulders/liora-before/executed-inspection.py
 create mode 100644 reports/WC-U440/20260906T162705Z-elf-shoulders/liora-candidate8-v2.log
 create mode 100644 reports/WC-U440/20260906T162705Z-elf-shoulders/liora-candidate8-v2/arm-review-v2/Active-001.png
 create mode 100644 reports/WC-U440/20260906T162705Z-elf-shoulders/liora-candidate8-v2/arm-review-v2/Active-013.png
 create mode 100644 reports/WC-U440/20260906T162705Z-elf-shoulders/liora-candidate8-v2/arm-review-v2/Active-015.png
 create mode 100644 reports/WC-U440/20260906T162705Z-elf-shoulders/liora-candidate8-v2/arm-review-v2/Active-023.png
 create mode 100644 reports/WC-U440/20260906T162705Z-elf-shoulders/liora-candidate8-v2/arm-review-v2/Active-031.png
 create mode 100644 reports/WC-U440/20260906T162705Z-elf-shoulders/liora-candidate8-v2/arm-review-v2/Attack-001.png
 create mode 100644 reports/WC-U440/20260906T162705Z-elf-shoulders/liora-candidate8-v2/arm-review-v2/Attack-019.png
 create mode 100644 reports/WC-U440/20260906T162705Z-elf-shoulders/liora-candidate8-v2/arm-review-v2/Attack-021.png
 create mode 100644 reports/WC-U440/20260906T162705Z-elf-shoulders/liora-candidate8-v2/arm-review-v2/Attack-032.png
 create mode 100644 reports/WC-U440/20260906T162705Z-elf-shoulders/liora-candidate8-v2/arm-review-v2/Attack-043.png
 create mode 100644 reports/WC-U440/20260906T162705Z-elf-shoulders/liora-candidate8-v2/arm-review-v2/Defeat-001.png
 create mode 100644 reports/WC-U440/20260906T162705Z-elf-shoulders/liora-candidate8-v2/arm-review-v2/Defeat-015.png
 create mode 100644 reports/WC-U440/20260906T162705Z-elf-shoulders/liora-candidate8-v2/arm-review-v2/Defeat-030.png
 create mode 100644 reports/WC-U440/20260906T162705Z-elf-shoulders/liora-candidate8-v2/arm-review-v2/Defeat-045.png
 create mode 100644 reports/WC-U440/20260906T162705Z-elf-shoulders/liora-candidate8-v2/arm-review-v2/Defeat-061.png
 create mode 100644 reports/WC-U440/20260906T162705Z-elf-shoulders/liora-candidate8-v2/arm-review-v2/Hit-001.png
 create mode 100644 reports/WC-U440/20260906T162705Z-elf-shoulders/liora-candidate8-v2/arm-review-v2/Hit-006.png
 create mode 100644 reports/WC-U440/20260906T162705Z-elf-shoulders/liora-candidate8-v2/arm-review-v2/Hit-012.png
 create mode 100644 reports/WC-U440/20260906T162705Z-elf-shoulders/liora-candidate8-v2/arm-review-v2/Hit-018.png
 create mode 100644 reports/WC-U440/20260906T162705Z-elf-shoulders/liora-candidate8-v2/arm-review-v2/Hit-025.png
 create mode 100644 reports/WC-U440/20260906T162705Z-elf-shoulders/liora-candidate8-v2/arm-review-v2/Idle-001.png
 create mode 100644 reports/WC-U440/20260906T162705Z-elf-shoulders/liora-candidate8-v2/arm-review-v2/Idle-030.png
 create mode 100644 reports/WC-U440/20260906T162705Z-elf-shoulders/liora-candidate8-v2/arm-review-v2/Idle-060.png
 create mode 100644 reports/WC-U440/20260906T162705Z-elf-shoulders/liora-candidate8-v2/arm-review-v2/Idle-090.png
 create mode 100644 reports/WC-U440/20260906T162705Z-elf-shoulders/liora-candidate8-v2/arm-review-v2/Idle-121.png
 create mode 100644 reports/WC-U440/20260906T162705Z-elf-shoulders/liora-candidate8-v2/arm-review-v2/Move-001.png
 create mode 100644 reports/WC-U440/20260906T162705Z-elf-shoulders/liora-candidate8-v2/arm-review-v2/Move-015.png
 create mode 100644 reports/WC-U440/20260906T162705Z-elf-shoulders/liora-candidate8-v2/arm-review-v2/Move-030.png
 create mode 100644 reports/WC-U440/20260906T162705Z-elf-shoulders/liora-candidate8-v2/arm-review-v2/Move-045.png
 create mode 100644 reports/WC-U440/20260906T162705Z-elf-shoulders/liora-candidate8-v2/arm-review-v2/Move-061.png
 create mode 100644 reports/WC-U440/20260906T162705Z-elf-shoulders/liora-candidate8-v2/arm-review-v2/Victory-001.png
 create mode 100644 reports/WC-U440/20260906T162705Z-elf-shoulders/liora-candidate8-v2/arm-review-v2/Victory-022.png
 create mode 100644 reports/WC-U440/20260906T162705Z-elf-shoulders/liora-candidate8-v2/arm-review-v2/Victory-045.png
 create mode 100644 reports/WC-U440/20260906T162705Z-elf-shoulders/liora-candidate8-v2/arm-review-v2/Victory-068.png
 create mode 100644 reports/WC-U440/20260906T162705Z-elf-shoulders/liora-candidate8-v2/arm-review-v2/Victory-091.png
 create mode 100644 reports/WC-U440/20260906T162705Z-elf-shoulders/liora-candidate8-v2/arm-review-v2/candidate-deformation-review.json
 create mode 100644 reports/WC-U440/20260906T162705Z-elf-shoulders/liora-candidate8-v2/arm-review-v2/seven-clip-arm-poses.png
 create mode 100644 reports/WC-U440/20260906T162705Z-elf-shoulders/liora-candidate8-v2/arm-review/candidate-deformation-review.json
 create mode 100644 reports/WC-U440/20260906T162705Z-elf-shoulders/liora-candidate8-v2/back.png
 create mode 100644 reports/WC-U440/20260906T162705Z-elf-shoulders/liora-candidate8-v2/before-export-manifest.json
 create mode 100644 reports/WC-U440/20260906T162705Z-elf-shoulders/liora-candidate8-v2/before-portrait.png
 create mode 100644 reports/WC-U440/20260906T162705Z-elf-shoulders/liora-candidate8-v2/before.blend
 create mode 100644 reports/WC-U440/20260906T162705Z-elf-shoulders/liora-candidate8-v2/candidate-motion.json
 create mode 100644 reports/WC-U440/20260906T162705Z-elf-shoulders/liora-candidate8-v2/candidate-result.json
 create mode 100644 reports/WC-U440/20260906T162705Z-elf-shoulders/liora-candidate8-v2/candidate-structure.json
 create mode 100644 reports/WC-U440/20260906T162705Z-elf-shoulders/liora-candidate8-v2/candidate.blend
 create mode 100644 reports/WC-U440/20260906T162705Z-elf-shoulders/liora-candidate8-v2/executed-publish.py
 create mode 100644 reports/WC-U440/20260906T162705Z-elf-shoulders/liora-candidate8-v2/executed-repair.py
 create mode 100644 reports/WC-U440/20260906T162705Z-elf-shoulders/liora-candidate8-v2/front.png
 create mode 100644 reports/WC-U440/20260906T162705Z-elf-shoulders/liora-candidate8-v2/normalized-export/SK_wc_u_elf_ranger.fbm/T_wc_u_elf_ranger_BaseColor.png
 create mode 100644 reports/WC-U440/20260906T162705Z-elf-shoulders/liora-candidate8-v2/normalized-export/SK_wc_u_elf_ranger.fbm/T_wc_u_elf_ranger_Normal.png
 create mode 100644 reports/WC-U440/20260906T162705Z-elf-shoulders/liora-candidate8-v2/normalized-export/SK_wc_u_elf_ranger.fbx
 create mode 100644 reports/WC-U440/20260906T162705Z-elf-shoulders/liora-candidate8-v2/normalized-export/SK_wc_u_elf_ranger_LOD1.fbm/T_wc_u_elf_ranger_BaseColor.png
 create mode 100644 reports/WC-U440/20260906T162705Z-elf-shoulders/liora-candidate8-v2/normalized-export/SK_wc_u_elf_ranger_LOD1.fbm/T_wc_u_elf_ranger_Normal.png
 create mode 100644 reports/WC-U440/20260906T162705Z-elf-shoulders/liora-candidate8-v2/normalized-export/SK_wc_u_elf_ranger_LOD1.fbx
 create mode 100644 reports/WC-U440/20260906T162705Z-elf-shoulders/liora-candidate8-v2/normalized-export/SK_wc_u_elf_ranger_LOD2.fbm/T_wc_u_elf_ranger_BaseColor.png
 create mode 100644 reports/WC-U440/20260906T162705Z-elf-shoulders/liora-candidate8-v2/normalized-export/SK_wc_u_elf_ranger_LOD2.fbm/T_wc_u_elf_ranger_Normal.png
 create mode 100644 reports/WC-U440/20260906T162705Z-elf-shoulders/liora-candidate8-v2/normalized-export/SK_wc_u_elf_ranger_LOD2.fbx
 create mode 100644 reports/WC-U440/20260906T162705Z-elf-shoulders/liora-candidate8-v2/published-result.json
 create mode 100644 reports/WC-U440/20260906T162705Z-elf-shoulders/liora-candidate8-v2/side.png
 create mode 100644 reports/WC-U440/20260906T162705Z-elf-shoulders/liora-candidate8-v2/sleeve-change-selection.json
 create mode 100644 reports/WC-U440/20260906T162705Z-elf-shoulders/liora-candidate8-v2/three-quarter.png
 create mode 100644 reports/WC-U440/20260906T162705Z-elf-shoulders/liora-candidate8.log
 create mode 100644 reports/WC-U440/20260906T162705Z-elf-shoulders/liora-candidate8/before-export-manifest.json
 create mode 100644 reports/WC-U440/20260906T162705Z-elf-shoulders/liora-candidate8/before-portrait.png
 create mode 100644 reports/WC-U440/20260906T162705Z-elf-shoulders/liora-candidate8/before.blend
 create mode 100644 reports/WC-U440/20260906T162705Z-elf-shoulders/liora-candidate8/executed-repair.py
 create mode 100644 reports/WC-U440/20260906T162705Z-elf-shoulders/liora-encode8.log
 create mode 100644 reports/WC-U440/20260906T162705Z-elf-shoulders/liora-publish8.log
 create mode 100644 reports/WC-U440/20260906T162705Z-elf-shoulders/liora-verified8/Active-all-samples.png
 create mode 100644 reports/WC-U440/20260906T162705Z-elf-shoulders/liora-verified8/Active-normal-speed.gif
 create mode 100644 reports/WC-U440/20260906T162705Z-elf-shoulders/liora-verified8/Attack-all-samples.png
 create mode 100644 reports/WC-U440/20260906T162705Z-elf-shoulders/liora-verified8/Attack-normal-speed.gif
 create mode 100644 reports/WC-U440/20260906T162705Z-elf-shoulders/liora-verified8/Defeat-all-samples.png
 create mode 100644 reports/WC-U440/20260906T162705Z-elf-shoulders/liora-verified8/Defeat-normal-speed.gif
 create mode 100644 reports/WC-U440/20260906T162705Z-elf-shoulders/liora-verified8/EXPORT-inspection.json
 create mode 100644 reports/WC-U440/20260906T162705Z-elf-shoulders/liora-verified8/Hit-all-samples.png
 create mode 100644 reports/WC-U440/20260906T162705Z-elf-shoulders/liora-verified8/Hit-normal-speed.gif
 create mode 100644 reports/WC-U440/20260906T162705Z-elf-shoulders/liora-verified8/Idle-all-samples.png
 create mode 100644 reports/WC-U440/20260906T162705Z-elf-shoulders/liora-verified8/Idle-normal-speed.gif
 create mode 100644 reports/WC-U440/20260906T162705Z-elf-shoulders/liora-verified8/LOD_SOURCE-inspection.json
 create mode 100644 reports/WC-U440/20260906T162705Z-elf-shoulders/liora-verified8/Move-all-samples.png
 create mode 100644 reports/WC-U440/20260906T162705Z-elf-shoulders/liora-verified8/Move-normal-speed.gif
 create mode 100644 reports/WC-U440/20260906T162705Z-elf-shoulders/liora-verified8/Victory-all-samples.png
 create mode 100644 reports/WC-U440/20260906T162705Z-elf-shoulders/liora-verified8/Victory-normal-speed.gif
 create mode 100644 reports/WC-U440/20260906T162705Z-elf-shoulders/liora-verified8/motion-frames/Active/0000.png
 create mode 100644 reports/WC-U440/20260906T162705Z-elf-shoulders/liora-verified8/motion-frames/Active/0001.png
 create mode 100644 reports/WC-U440/20260906T162705Z-elf-shoulders/liora-verified8/motion-frames/Active/0002.png
 create mode 100644 reports/WC-U440/20260906T162705Z-elf-shoulders/liora-verified8/motion-frames/Active/0003.png
 create mode 100644 reports/WC-U440/20260906T162705Z-elf-shoulders/liora-verified8/motion-frames/Active/0004.png
 create mode 100644 reports/WC-U440/20260906T162705Z-elf-shoulders/liora-verified8/motion-frames/Active/0005.png
 create mode 100644 reports/WC-U440/20260906T162705Z-elf-shoulders/liora-verified8/motion-frames/Active/0006.png
 create mode 100644 reports/WC-U440/20260906T162705Z-elf-shoulders/liora-verified8/motion-frames/Active/0007.png
 create mode 100644 reports/WC-U440/20260906T162705Z-elf-shoulders/liora-verified8/motion-frames/Active/0008.png
 create mode 100644 reports/WC-U440/20260906T162705Z-elf-shoulders/liora-verified8/motion-frames/Active/0009.png
 create mode 100644 reports/WC-U440/20260906T162705Z-elf-shoulders/liora-verified8/motion-frames/Attack/0000.png
 create mode 100644 reports/WC-U440/20260906T162705Z-elf-shoulders/liora-verified8/motion-frames/Attack/0001.png
 create mode 100644 reports/WC-U440/20260906T162705Z-elf-shoulders/liora-verified8/motion-frames/Attack/0002.png
 create mode 100644 reports/WC-U440/20260906T162705Z-elf-shoulders/liora-verified8/motion-frames/Attack/0003.png
 create mode 100644 reports/WC-U440/20260906T162705Z-elf-shoulders/liora-verified8/motion-frames/Attack/0004.png
 create mode 100644 reports/WC-U440/20260906T162705Z-elf-shoulders/liora-verified8/motion-frames/Attack/0005.png
 create mode 100644 reports/WC-U440/20260906T162705Z-elf-shoulders/liora-verified8/motion-frames/Attack/0006.png
 create mode 100644 reports/WC-U440/20260906T162705Z-elf-shoulders/liora-verified8/motion-frames/Attack/0007.png
 create mode 100644 reports/WC-U440/20260906T162705Z-elf-shoulders/liora-verified8/motion-frames/Attack/0008.png
 create mode 100644 reports/WC-U440/20260906T162705Z-elf-shoulders/liora-verified8/motion-frames/Attack/0009.png
 create mode 100644 reports/WC-U440/20260906T162705Z-elf-shoulders/liora-verified8/motion-frames/Attack/0010.png
 create mode 100644 reports/WC-U440/20260906T162705Z-elf-shoulders/liora-verified8/motion-frames/Attack/0011.png
 create mode 100644 reports/WC-U440/20260906T162705Z-elf-shoulders/liora-verified8/motion-frames/Attack/0012.png
 create mode 100644 reports/WC-U440/20260906T162705Z-elf-shoulders/liora-verified8/motion-frames/Attack/0013.png
 create mode 100644 reports/WC-U440/20260906T162705Z-elf-shoulders/liora-verified8/motion-frames/Defeat/0000.png
 create mode 100644 reports/WC-U440/20260906T162705Z-elf-shoulders/liora-verified8/motion-frames/Defeat/0001.png
 create mode 100644 reports/WC-U440/20260906T162705Z-elf-shoulders/liora-verified8/motion-frames/Defeat/0002.png
 create mode 100644 reports/WC-U440/20260906T162705Z-elf-shoulders/liora-verified8/motion-frames/Defeat/0003.png
 create mode 100644 reports/WC-U440/20260906T162705Z-elf-shoulders/liora-verified8/motion-frames/Defeat/0004.png
 create mode 100644 reports/WC-U440/20260906T162705Z-elf-shoulders/liora-verified8/motion-frames/Defeat/0005.png
 create mode 100644 reports/WC-U440/20260906T162705Z-elf-shoulders/liora-verified8/motion-frames/Defeat/0006.png
 create mode 100644 reports/WC-U440/20260906T162705Z-elf-shoulders/liora-verified8/motion-frames/Defeat/0007.png
 create mode 100644 reports/WC-U440/20260906T162705Z-elf-shoulders/liora-verified8/motion-frames/Defeat/0008.png
 create mode 100644 reports/WC-U440/20260906T162705Z-elf-shoulders/liora-verified8/motion-frames/Defeat/0009.png
 create mode 100644 reports/WC-U440/20260906T162705Z-elf-shoulders/liora-verified8/motion-frames/Defeat/0010.png
 create mode 100644 reports/WC-U440/20260906T162705Z-elf-shoulders/liora-verified8/motion-frames/Defeat/0011.png
 create mode 100644 reports/WC-U440/20260906T162705Z-elf-shoulders/liora-verified8/motion-frames/Defeat/0012.png
 create mode 100644 reports/WC-U440/20260906T162705Z-elf-shoulders/liora-verified8/motion-frames/Defeat/0013.png
 create mode 100644 reports/WC-U440/20260906T162705Z-elf-shoulders/liora-verified8/motion-frames/Defeat/0014.png
 create mode 100644 reports/WC-U440/20260906T162705Z-elf-shoulders/liora-verified8/motion-frames/Defeat/0015.png
 create mode 100644 reports/WC-U440/20260906T162705Z-elf-shoulders/liora-verified8/motion-frames/Defeat/0016.png
 create mode 100644 reports/WC-U440/20260906T162705Z-elf-shoulders/liora-verified8/motion-frames/Defeat/0017.png
 create mode 100644 reports/WC-U440/20260906T162705Z-elf-shoulders/liora-verified8/motion-frames/Defeat/0018.png
 create mode 100644 reports/WC-U440/20260906T162705Z-elf-shoulders/liora-verified8/motion-frames/Defeat/0019.png
 create mode 100644 reports/WC-U440/20260906T162705Z-elf-shoulders/liora-verified8/motion-frames/Hit/0000.png
 create mode 100644 reports/WC-U440/20260906T162705Z-elf-shoulders/liora-verified8/motion-frames/Hit/0001.png
 create mode 100644 reports/WC-U440/20260906T162705Z-elf-shoulders/liora-verified8/motion-frames/Hit/0002.png
 create mode 100644 reports/WC-U440/20260906T162705Z-elf-shoulders/liora-verified8/motion-frames/Hit/0003.png
 create mode 100644 reports/WC-U440/20260906T162705Z-elf-shoulders/liora-verified8/motion-frames/Hit/0004.png
 create mode 100644 reports/WC-U440/20260906T162705Z-elf-shoulders/liora-verified8/motion-frames/Hit/0005.png
 create mode 100644 reports/WC-U440/20260906T162705Z-elf-shoulders/liora-verified8/motion-frames/Hit/0006.png
 create mode 100644 reports/WC-U440/20260906T162705Z-elf-shoulders/liora-verified8/motion-frames/Hit/0007.png
 create mode 100644 reports/WC-U440/20260906T162705Z-elf-shoulders/liora-verified8/motion-frames/Idle/0000.png
 create mode 100644 reports/WC-U440/20260906T162705Z-elf-shoulders/liora-verified8/motion-frames/Idle/0001.png
 create mode 100644 reports/WC-U440/20260906T162705Z-elf-shoulders/liora-verified8/motion-frames/Idle/0002.png
 create mode 100644 reports/WC-U440/20260906T162705Z-elf-shoulders/liora-verified8/motion-frames/Idle/0003.png
 create mode 100644 reports/WC-U440/20260906T162705Z-elf-shoulders/liora-verified8/motion-frames/Idle/0004.png
 create mode 100644 reports/WC-U440/20260906T162705Z-elf-shoulders/liora-verified8/motion-frames/Idle/0005.png
 create mode 100644 reports/WC-U440/20260906T162705Z-elf-shoulders/liora-verified8/motion-frames/Idle/0006.png
 create mode 100644 reports/WC-U440/20260906T162705Z-elf-shoulders/liora-verified8/motion-frames/Idle/0007.png
 create mode 100644 reports/WC-U440/20260906T162705Z-elf-shoulders/liora-verified8/motion-frames/Idle/0008.png
 create mode 100644 reports/WC-U440/20260906T162705Z-elf-shoulders/liora-verified8/motion-frames/Idle/0009.png
 create mode 100644 reports/WC-U440/20260906T162705Z-elf-shoulders/liora-verified8/motion-frames/Idle/0010.png
 create mode 100644 reports/WC-U440/20260906T162705Z-elf-shoulders/liora-verified8/motion-frames/Idle/0011.png
 create mode 100644 reports/WC-U440/20260906T162705Z-elf-shoulders/liora-verified8/motion-frames/Idle/0012.png
 create mode 100644 reports/WC-U440/20260906T162705Z-elf-shoulders/liora-verified8/motion-frames/Idle/0013.png
 create mode 100644 reports/WC-U440/20260906T162705Z-elf-shoulders/liora-verified8/motion-frames/Idle/0014.png
 create mode 100644 reports/WC-U440/20260906T162705Z-elf-shoulders/liora-verified8/motion-frames/Idle/0015.png
 create mode 100644 reports/WC-U440/20260906T162705Z-elf-shoulders/liora-verified8/motion-frames/Idle/0016.png
 create mode 100644 reports/WC-U440/20260906T162705Z-elf-shoulders/liora-verified8/motion-frames/Idle/0017.png
 create mode 100644 reports/WC-U440/20260906T162705Z-elf-shoulders/liora-verified8/motion-frames/Idle/0018.png
 create mode 100644 reports/WC-U440/20260906T162705Z-elf-shoulders/liora-verified8/motion-frames/Idle/0019.png
 create mode 100644 reports/WC-U440/20260906T162705Z-elf-shoulders/liora-verified8/motion-frames/Idle/0020.png
 create mode 100644 reports/WC-U440/20260906T162705Z-elf-shoulders/liora-verified8/motion-frames/Idle/0021.png
 create mode 100644 reports/WC-U440/20260906T162705Z-elf-shoulders/liora-verified8/motion-frames/Idle/0022.png
 create mode 100644 reports/WC-U440/20260906T162705Z-elf-shoulders/liora-verified8/motion-frames/Idle/0023.png
 create mode 100644 reports/WC-U440/20260906T162705Z-elf-shoulders/liora-verified8/motion-frames/Idle/0024.png
 create mode 100644 reports/WC-U440/20260906T162705Z-elf-shoulders/liora-verified8/motion-frames/Idle/0025.png
 create mode 100644 reports/WC-U440/20260906T162705Z-elf-shoulders/liora-verified8/motion-frames/Idle/0026.png
 create mode 100644 reports/WC-U440/20260906T162705Z-elf-shoulders/liora-verified8/motion-frames/Idle/0027.png
 create mode 100644 reports/WC-U440/20260906T162705Z-elf-shoulders/liora-verified8/motion-frames/Idle/0028.png
 create mode 100644 reports/WC-U440/20260906T162705Z-elf-shoulders/liora-verified8/motion-frames/Idle/0029.png
 create mode 100644 reports/WC-U440/20260906T162705Z-elf-shoulders/liora-verified8/motion-frames/Idle/0030.png
 create mode 100644 reports/WC-U440/20260906T162705Z-elf-shoulders/liora-verified8/motion-frames/Idle/0031.png
 create mode 100644 reports/WC-U440/20260906T162705Z-elf-shoulders/liora-verified8/motion-frames/Idle/0032.png
 create mode 100644 reports/WC-U440/20260906T162705Z-elf-shoulders/liora-verified8/motion-frames/Idle/0033.png
 create mode 100644 reports/WC-U440/20260906T162705Z-elf-shoulders/liora-verified8/motion-frames/Idle/0034.png
 create mode 100644 reports/WC-U440/20260906T162705Z-elf-shoulders/liora-verified8/motion-frames/Idle/0035.png
 create mode 100644 reports/WC-U440/20260906T162705Z-elf-shoulders/liora-verified8/motion-frames/Idle/0036.png
 create mode 100644 reports/WC-U440/20260906T162705Z-elf-shoulders/liora-verified8/motion-frames/Idle/0037.png
 create mode 100644 reports/WC-U440/20260906T162705Z-elf-shoulders/liora-verified8/motion-frames/Idle/0038.png
 create mode 100644 reports/WC-U440/20260906T162705Z-elf-shoulders/liora-verified8/motion-frames/Idle/0039.png
 create mode 100644 reports/WC-U440/20260906T162705Z-elf-shoulders/liora-verified8/motion-frames/Move/0000.png
 create mode 100644 reports/WC-U440/20260906T162705Z-elf-shoulders/liora-verified8/motion-frames/Move/0001.png
 create mode 100644 reports/WC-U440/20260906T162705Z-elf-shoulders/liora-verified8/motion-frames/Move/0002.png
 create mode 100644 reports/WC-U440/20260906T162705Z-elf-shoulders/liora-verified8/motion-frames/Move/0003.png
 create mode 100644 reports/WC-U440/20260906T162705Z-elf-shoulders/liora-verified8/motion-frames/Move/0004.png
 create mode 100644 reports/WC-U440/20260906T162705Z-elf-shoulders/liora-verified8/motion-frames/Move/0005.png
 create mode 100644 reports/WC-U440/20260906T162705Z-elf-shoulders/liora-verified8/motion-frames/Move/0006.png
 create mode 100644 reports/WC-U440/20260906T162705Z-elf-shoulders/liora-verified8/motion-frames/Move/0007.png
 create mode 100644 reports/WC-U440/20260906T162705Z-elf-shoulders/liora-verified8/motion-frames/Move/0008.png
 create mode 100644 reports/WC-U440/20260906T162705Z-elf-shoulders/liora-verified8/motion-frames/Move/0009.png
 create mode 100644 reports/WC-U440/20260906T162705Z-elf-shoulders/liora-verified8/motion-frames/Move/0010.png
 create mode 100644 reports/WC-U440/20260906T162705Z-elf-shoulders/liora-verified8/motion-frames/Move/0011.png
 create mode 100644 reports/WC-U440/20260906T162705Z-elf-shoulders/liora-verified8/motion-frames/Move/0012.png
 create mode 100644 reports/WC-U440/20260906T162705Z-elf-shoulders/liora-verified8/motion-frames/Move/0013.png
 create mode 100644 reports/WC-U440/20260906T162705Z-elf-shoulders/liora-verified8/motion-frames/Move/0014.png
 create mode 100644 reports/WC-U440/20260906T162705Z-elf-shoulders/liora-verified8/motion-frames/Move/0015.png
 create mode 100644 reports/WC-U440/20260906T162705Z-elf-shoulders/liora-verified8/motion-frames/Move/0016.png
 create mode 100644 reports/WC-U440/20260906T162705Z-elf-shoulders/liora-verified8/motion-frames/Move/0017.png
 create mode 100644 reports/WC-U440/20260906T162705Z-elf-shoulders/liora-verified8/motion-frames/Move/0018.png
 create mode 100644 reports/WC-U440/20260906T162705Z-elf-shoulders/liora-verified8/motion-frames/Move/0019.png
 create mode 100644 reports/WC-U440/20260906T162705Z-elf-shoulders/liora-verified8/motion-frames/Victory/0000.png
 create mode 100644 reports/WC-U440/20260906T162705Z-elf-shoulders/liora-verified8/motion-frames/Victory/0001.png
 create mode 100644 reports/WC-U440/20260906T162705Z-elf-shoulders/liora-verified8/motion-frames/Victory/0002.png
 create mode 100644 reports/WC-U440/20260906T162705Z-elf-shoulders/liora-verified8/motion-frames/Victory/0003.png
 create mode 100644 reports/WC-U440/20260906T162705Z-elf-shoulders/liora-verified8/motion-frames/Victory/0004.png
 create mode 100644 reports/WC-U440/20260906T162705Z-elf-shoulders/liora-verified8/motion-frames/Victory/0005.png
 create mode 100644 reports/WC-U440/20260906T162705Z-elf-shoulders/liora-verified8/motion-frames/Victory/0006.png
 create mode 100644 reports/WC-U440/20260906T162705Z-elf-shoulders/liora-verified8/motion-frames/Victory/0007.png
 create mode 100644 reports/WC-U440/20260906T162705Z-elf-shoulders/liora-verified8/motion-frames/Victory/0008.png
 create mode 100644 reports/WC-U440/20260906T162705Z-elf-shoulders/liora-verified8/motion-frames/Victory/0009.png
 create mode 100644 reports/WC-U440/20260906T162705Z-elf-shoulders/liora-verified8/motion-frames/Victory/0010.png
 create mode 100644 reports/WC-U440/20260906T162705Z-elf-shoulders/liora-verified8/motion-frames/Victory/0011.png
 create mode 100644 reports/WC-U440/20260906T162705Z-elf-shoulders/liora-verified8/motion-frames/Victory/0012.png
 create mode 100644 reports/WC-U440/20260906T162705Z-elf-shoulders/liora-verified8/motion-frames/Victory/0013.png
 create mode 100644 reports/WC-U440/20260906T162705Z-elf-shoulders/liora-verified8/motion-frames/Victory/0014.png
 create mode 100644 reports/WC-U440/20260906T162705Z-elf-shoulders/liora-verified8/motion-frames/Victory/0015.png
 create mode 100644 reports/WC-U440/20260906T162705Z-elf-shoulders/liora-verified8/motion-frames/Victory/0016.png
 create mode 100644 reports/WC-U440/20260906T162705Z-elf-shoulders/liora-verified8/motion-frames/Victory/0017.png
 create mode 100644 reports/WC-U440/20260906T162705Z-elf-shoulders/liora-verified8/motion-frames/Victory/0018.png
 create mode 100644 reports/WC-U440/20260906T162705Z-elf-shoulders/liora-verified8/motion-frames/Victory/0019.png
 create mode 100644 reports/WC-U440/20260906T162705Z-elf-shoulders/liora-verified8/motion-frames/Victory/0020.png
 create mode 100644 reports/WC-U440/20260906T162705Z-elf-shoulders/liora-verified8/motion-frames/Victory/0021.png
 create mode 100644 reports/WC-U440/20260906T162705Z-elf-shoulders/liora-verified8/motion-frames/Victory/0022.png
 create mode 100644 reports/WC-U440/20260906T162705Z-elf-shoulders/liora-verified8/motion-frames/Victory/0023.png
 create mode 100644 reports/WC-U440/20260906T162705Z-elf-shoulders/liora-verified8/motion-frames/Victory/0024.png
 create mode 100644 reports/WC-U440/20260906T162705Z-elf-shoulders/liora-verified8/motion-frames/Victory/0025.png
 create mode 100644 reports/WC-U440/20260906T162705Z-elf-shoulders/liora-verified8/motion-frames/Victory/0026.png
 create mode 100644 reports/WC-U440/20260906T162705Z-elf-shoulders/liora-verified8/motion-frames/Victory/0027.png
 create mode 100644 reports/WC-U440/20260906T162705Z-elf-shoulders/liora-verified8/motion-frames/Victory/0028.png
 create mode 100644 reports/WC-U440/20260906T162705Z-elf-shoulders/liora-verified8/motion-frames/Victory/0029.png
 create mode 100644 reports/WC-U440/20260906T162705Z-elf-shoulders/liora-verified8/motion-invariants.json
 create mode 100644 reports/WC-U440/20260906T162705Z-elf-shoulders/liora-verified8/motion-sequences.json
 create mode 100644 reports/WC-U440/20260906T162705Z-elf-shoulders/liora-verified8/normal-speed-evidence.json
 create mode 100644 reports/WC-U440/20260906T162705Z-elf-shoulders/liora-verified8/published-verification.json
 create mode 100644 reports/WC-U440/20260906T162705Z-elf-shoulders/liora-verify8.log
 create mode 100644 reports/WC-U440/20260906T162705Z-elf-shoulders/readback_sylas_attack.py
 create mode 100644 reports/WC-U440/20260906T162705Z-elf-shoulders/sylas-Attack-readback.json
 create mode 100644 reports/WC-U440/20260906T162705Z-elf-shoulders/sylas-Attack-readback.log
 create mode 100644 reports/WC-U440/20260906T162705Z-elf-shoulders/sylas-arm-review-v2.log
 create mode 100644 reports/WC-U440/20260906T162705Z-elf-shoulders/sylas-arm-review.log
 create mode 100644 reports/WC-U440/20260906T162705Z-elf-shoulders/sylas-before/arm-inspection.json
 create mode 100644 reports/WC-U440/20260906T162705Z-elf-shoulders/sylas-before/executed-inspection.py
 create mode 100644 reports/WC-U440/20260906T162705Z-elf-shoulders/sylas-candidate8-v2.log
 create mode 100644 reports/WC-U440/20260906T162705Z-elf-shoulders/sylas-candidate8-v2/arm-review-v2/Active-001.png
 create mode 100644 reports/WC-U440/20260906T162705Z-elf-shoulders/sylas-candidate8-v2/arm-review-v2/Active-013.png
 create mode 100644 reports/WC-U440/20260906T162705Z-elf-shoulders/sylas-candidate8-v2/arm-review-v2/Active-015.png
 create mode 100644 reports/WC-U440/20260906T162705Z-elf-shoulders/sylas-candidate8-v2/arm-review-v2/Active-023.png
 create mode 100644 reports/WC-U440/20260906T162705Z-elf-shoulders/sylas-candidate8-v2/arm-review-v2/Active-031.png
 create mode 100644 reports/WC-U440/20260906T162705Z-elf-shoulders/sylas-candidate8-v2/arm-review-v2/Attack-001.png
 create mode 100644 reports/WC-U440/20260906T162705Z-elf-shoulders/sylas-candidate8-v2/arm-review-v2/Attack-016.png
 create mode 100644 reports/WC-U440/20260906T162705Z-elf-shoulders/sylas-candidate8-v2/arm-review-v2/Attack-020.png
 create mode 100644 reports/WC-U440/20260906T162705Z-elf-shoulders/sylas-candidate8-v2/arm-review-v2/Attack-030.png
 create mode 100644 reports/WC-U440/20260906T162705Z-elf-shoulders/sylas-candidate8-v2/arm-review-v2/Attack-040.png
 create mode 100644 reports/WC-U440/20260906T162705Z-elf-shoulders/sylas-candidate8-v2/arm-review-v2/Defeat-001.png
 create mode 100644 reports/WC-U440/20260906T162705Z-elf-shoulders/sylas-candidate8-v2/arm-review-v2/Defeat-015.png
 create mode 100644 reports/WC-U440/20260906T162705Z-elf-shoulders/sylas-candidate8-v2/arm-review-v2/Defeat-030.png
 create mode 100644 reports/WC-U440/20260906T162705Z-elf-shoulders/sylas-candidate8-v2/arm-review-v2/Defeat-045.png
 create mode 100644 reports/WC-U440/20260906T162705Z-elf-shoulders/sylas-candidate8-v2/arm-review-v2/Defeat-061.png
 create mode 100644 reports/WC-U440/20260906T162705Z-elf-shoulders/sylas-candidate8-v2/arm-review-v2/Hit-001.png
 create mode 100644 reports/WC-U440/20260906T162705Z-elf-shoulders/sylas-candidate8-v2/arm-review-v2/Hit-006.png
 create mode 100644 reports/WC-U440/20260906T162705Z-elf-shoulders/sylas-candidate8-v2/arm-review-v2/Hit-012.png
 create mode 100644 reports/WC-U440/20260906T162705Z-elf-shoulders/sylas-candidate8-v2/arm-review-v2/Hit-018.png
 create mode 100644 reports/WC-U440/20260906T162705Z-elf-shoulders/sylas-candidate8-v2/arm-review-v2/Hit-025.png
 create mode 100644 reports/WC-U440/20260906T162705Z-elf-shoulders/sylas-candidate8-v2/arm-review-v2/Idle-001.png
 create mode 100644 reports/WC-U440/20260906T162705Z-elf-shoulders/sylas-candidate8-v2/arm-review-v2/Idle-030.png
 create mode 100644 reports/WC-U440/20260906T162705Z-elf-shoulders/sylas-candidate8-v2/arm-review-v2/Idle-060.png
 create mode 100644 reports/WC-U440/20260906T162705Z-elf-shoulders/sylas-candidate8-v2/arm-review-v2/Idle-090.png
 create mode 100644 reports/WC-U440/20260906T162705Z-elf-shoulders/sylas-candidate8-v2/arm-review-v2/Idle-121.png
 create mode 100644 reports/WC-U440/20260906T162705Z-elf-shoulders/sylas-candidate8-v2/arm-review-v2/Move-001.png
 create mode 100644 reports/WC-U440/20260906T162705Z-elf-shoulders/sylas-candidate8-v2/arm-review-v2/Move-015.png
 create mode 100644 reports/WC-U440/20260906T162705Z-elf-shoulders/sylas-candidate8-v2/arm-review-v2/Move-030.png
 create mode 100644 reports/WC-U440/20260906T162705Z-elf-shoulders/sylas-candidate8-v2/arm-review-v2/Move-045.png
 create mode 100644 reports/WC-U440/20260906T162705Z-elf-shoulders/sylas-candidate8-v2/arm-review-v2/Move-061.png
 create mode 100644 reports/WC-U440/20260906T162705Z-elf-shoulders/sylas-candidate8-v2/arm-review-v2/Victory-001.png
 create mode 100644 reports/WC-U440/20260906T162705Z-elf-shoulders/sylas-candidate8-v2/arm-review-v2/Victory-022.png
 create mode 100644 reports/WC-U440/20260906T162705Z-elf-shoulders/sylas-candidate8-v2/arm-review-v2/Victory-045.png
 create mode 100644 reports/WC-U440/20260906T162705Z-elf-shoulders/sylas-candidate8-v2/arm-review-v2/Victory-068.png
 create mode 100644 reports/WC-U440/20260906T162705Z-elf-shoulders/sylas-candidate8-v2/arm-review-v2/Victory-091.png
 create mode 100644 reports/WC-U440/20260906T162705Z-elf-shoulders/sylas-candidate8-v2/arm-review-v2/candidate-deformation-review.json
 create mode 100644 reports/WC-U440/20260906T162705Z-elf-shoulders/sylas-candidate8-v2/arm-review-v2/seven-clip-arm-poses.png
 create mode 100644 reports/WC-U440/20260906T162705Z-elf-shoulders/sylas-candidate8-v2/arm-review/candidate-deformation-review.json
 create mode 100644 reports/WC-U440/20260906T162705Z-elf-shoulders/sylas-candidate8-v2/back.png
 create mode 100644 reports/WC-U440/20260906T162705Z-elf-shoulders/sylas-candidate8-v2/before-export-manifest.json
 create mode 100644 reports/WC-U440/20260906T162705Z-elf-shoulders/sylas-candidate8-v2/before-portrait.png
 create mode 100644 reports/WC-U440/20260906T162705Z-elf-shoulders/sylas-candidate8-v2/before.blend
 create mode 100644 reports/WC-U440/20260906T162705Z-elf-shoulders/sylas-candidate8-v2/candidate-motion.json
 create mode 100644 reports/WC-U440/20260906T162705Z-elf-shoulders/sylas-candidate8-v2/candidate-result.json
 create mode 100644 reports/WC-U440/20260906T162705Z-elf-shoulders/sylas-candidate8-v2/candidate-structure.json
 create mode 100644 reports/WC-U440/20260906T162705Z-elf-shoulders/sylas-candidate8-v2/candidate.blend
 create mode 100644 reports/WC-U440/20260906T162705Z-elf-shoulders/sylas-candidate8-v2/executed-publish.py
 create mode 100644 reports/WC-U440/20260906T162705Z-elf-shoulders/sylas-candidate8-v2/executed-repair.py
 create mode 100644 reports/WC-U440/20260906T162705Z-elf-shoulders/sylas-candidate8-v2/front.png
 create mode 100644 reports/WC-U440/20260906T162705Z-elf-shoulders/sylas-candidate8-v2/normalized-export/AN_wc_u_elf_rogue_Attack.fbm/T_wc_u_elf_rogue_BaseColor.png
 create mode 100644 reports/WC-U440/20260906T162705Z-elf-shoulders/sylas-candidate8-v2/normalized-export/AN_wc_u_elf_rogue_Attack.fbm/T_wc_u_elf_rogue_Normal.png
 create mode 100644 reports/WC-U440/20260906T162705Z-elf-shoulders/sylas-candidate8-v2/normalized-export/AN_wc_u_elf_rogue_Attack.fbx
 create mode 100644 reports/WC-U440/20260906T162705Z-elf-shoulders/sylas-candidate8-v2/normalized-export/SK_wc_u_elf_rogue.fbm/T_wc_u_elf_rogue_BaseColor.png
 create mode 100644 reports/WC-U440/20260906T162705Z-elf-shoulders/sylas-candidate8-v2/normalized-export/SK_wc_u_elf_rogue.fbm/T_wc_u_elf_rogue_Normal.png
 create mode 100644 reports/WC-U440/20260906T162705Z-elf-shoulders/sylas-candidate8-v2/normalized-export/SK_wc_u_elf_rogue.fbx
 create mode 100644 reports/WC-U440/20260906T162705Z-elf-shoulders/sylas-candidate8-v2/normalized-export/SK_wc_u_elf_rogue_LOD1.fbm/T_wc_u_elf_rogue_BaseColor.png
 create mode 100644 reports/WC-U440/20260906T162705Z-elf-shoulders/sylas-candidate8-v2/normalized-export/SK_wc_u_elf_rogue_LOD1.fbm/T_wc_u_elf_rogue_Normal.png
 create mode 100644 reports/WC-U440/20260906T162705Z-elf-shoulders/sylas-candidate8-v2/normalized-export/SK_wc_u_elf_rogue_LOD1.fbx
 create mode 100644 reports/WC-U440/20260906T162705Z-elf-shoulders/sylas-candidate8-v2/normalized-export/SK_wc_u_elf_rogue_LOD2.fbm/T_wc_u_elf_rogue_BaseColor.png
 create mode 100644 reports/WC-U440/20260906T162705Z-elf-shoulders/sylas-candidate8-v2/normalized-export/SK_wc_u_elf_rogue_LOD2.fbm/T_wc_u_elf_rogue_Normal.png
 create mode 100644 reports/WC-U440/20260906T162705Z-elf-shoulders/sylas-candidate8-v2/normalized-export/SK_wc_u_elf_rogue_LOD2.fbx
 create mode 100644 reports/WC-U440/20260906T162705Z-elf-shoulders/sylas-candidate8-v2/published-result.json
 create mode 100644 reports/WC-U440/20260906T162705Z-elf-shoulders/sylas-candidate8-v2/side.png
 create mode 100644 reports/WC-U440/20260906T162705Z-elf-shoulders/sylas-candidate8-v2/sleeve-change-selection.json
 create mode 100644 reports/WC-U440/20260906T162705Z-elf-shoulders/sylas-candidate8-v2/three-quarter.png
 create mode 100644 reports/WC-U440/20260906T162705Z-elf-shoulders/sylas-candidate8.log
 create mode 100644 reports/WC-U440/20260906T162705Z-elf-shoulders/sylas-candidate8/before-export-manifest.json
 create mode 100644 reports/WC-U440/20260906T162705Z-elf-shoulders/sylas-candidate8/before-portrait.png
 create mode 100644 reports/WC-U440/20260906T162705Z-elf-shoulders/sylas-candidate8/before.blend
 create mode 100644 reports/WC-U440/20260906T162705Z-elf-shoulders/sylas-candidate8/executed-repair.py
 create mode 100644 reports/WC-U440/20260906T162705Z-elf-shoulders/sylas-encode8.log
 create mode 100644 reports/WC-U440/20260906T162705Z-elf-shoulders/sylas-publish8.log
 create mode 100644 reports/WC-U440/20260906T162705Z-elf-shoulders/sylas-verified8/Active-all-samples.png
 create mode 100644 reports/WC-U440/20260906T162705Z-elf-shoulders/sylas-verified8/Active-normal-speed.gif
 create mode 100644 reports/WC-U440/20260906T162705Z-elf-shoulders/sylas-verified8/Attack-all-samples.png
 create mode 100644 reports/WC-U440/20260906T162705Z-elf-shoulders/sylas-verified8/Attack-normal-speed.gif
 create mode 100644 reports/WC-U440/20260906T162705Z-elf-shoulders/sylas-verified8/Defeat-all-samples.png
 create mode 100644 reports/WC-U440/20260906T162705Z-elf-shoulders/sylas-verified8/Defeat-normal-speed.gif
 create mode 100644 reports/WC-U440/20260906T162705Z-elf-shoulders/sylas-verified8/EXPORT-inspection.json
 create mode 100644 reports/WC-U440/20260906T162705Z-elf-shoulders/sylas-verified8/Hit-all-samples.png
 create mode 100644 reports/WC-U440/20260906T162705Z-elf-shoulders/sylas-verified8/Hit-normal-speed.gif
 create mode 100644 reports/WC-U440/20260906T162705Z-elf-shoulders/sylas-verified8/Idle-all-samples.png
 create mode 100644 reports/WC-U440/20260906T162705Z-elf-shoulders/sylas-verified8/Idle-normal-speed.gif
 create mode 100644 reports/WC-U440/20260906T162705Z-elf-shoulders/sylas-verified8/LOD_SOURCE-inspection.json
 create mode 100644 reports/WC-U440/20260906T162705Z-elf-shoulders/sylas-verified8/Move-all-samples.png
 create mode 100644 reports/WC-U440/20260906T162705Z-elf-shoulders/sylas-verified8/Move-normal-speed.gif
 create mode 100644 reports/WC-U440/20260906T162705Z-elf-shoulders/sylas-verified8/Victory-all-samples.png
 create mode 100644 reports/WC-U440/20260906T162705Z-elf-shoulders/sylas-verified8/Victory-normal-speed.gif
 create mode 100644 reports/WC-U440/20260906T162705Z-elf-shoulders/sylas-verified8/motion-frames/Active/0000.png
 create mode 100644 reports/WC-U440/20260906T162705Z-elf-shoulders/sylas-verified8/motion-frames/Active/0001.png
 create mode 100644 reports/WC-U440/20260906T162705Z-elf-shoulders/sylas-verified8/motion-frames/Active/0002.png
 create mode 100644 reports/WC-U440/20260906T162705Z-elf-shoulders/sylas-verified8/motion-frames/Active/0003.png
 create mode 100644 reports/WC-U440/20260906T162705Z-elf-shoulders/sylas-verified8/motion-frames/Active/0004.png
 create mode 100644 reports/WC-U440/20260906T162705Z-elf-shoulders/sylas-verified8/motion-frames/Active/0005.png
 create mode 100644 reports/WC-U440/20260906T162705Z-elf-shoulders/sylas-verified8/motion-frames/Active/0006.png
 create mode 100644 reports/WC-U440/20260906T162705Z-elf-shoulders/sylas-verified8/motion-frames/Active/0007.png
 create mode 100644 reports/WC-U440/20260906T162705Z-elf-shoulders/sylas-verified8/motion-frames/Active/0008.png
 create mode 100644 reports/WC-U440/20260906T162705Z-elf-shoulders/sylas-verified8/motion-frames/Active/0009.png
 create mode 100644 reports/WC-U440/20260906T162705Z-elf-shoulders/sylas-verified8/motion-frames/Attack/0000.png
 create mode 100644 reports/WC-U440/20260906T162705Z-elf-shoulders/sylas-verified8/motion-frames/Attack/0001.png
 create mode 100644 reports/WC-U440/20260906T162705Z-elf-shoulders/sylas-verified8/motion-frames/Attack/0002.png
 create mode 100644 reports/WC-U440/20260906T162705Z-elf-shoulders/sylas-verified8/motion-frames/Attack/0003.png
 create mode 100644 reports/WC-U440/20260906T162705Z-elf-shoulders/sylas-verified8/motion-frames/Attack/0004.png
 create mode 100644 reports/WC-U440/20260906T162705Z-elf-shoulders/sylas-verified8/motion-frames/Attack/0005.png
 create mode 100644 reports/WC-U440/20260906T162705Z-elf-shoulders/sylas-verified8/motion-frames/Attack/0006.png
 create mode 100644 reports/WC-U440/20260906T162705Z-elf-shoulders/sylas-verified8/motion-frames/Attack/0007.png
 create mode 100644 reports/WC-U440/20260906T162705Z-elf-shoulders/sylas-verified8/motion-frames/Attack/0008.png
 create mode 100644 reports/WC-U440/20260906T162705Z-elf-shoulders/sylas-verified8/motion-frames/Attack/0009.png
 create mode 100644 reports/WC-U440/20260906T162705Z-elf-shoulders/sylas-verified8/motion-frames/Attack/0010.png
 create mode 100644 reports/WC-U440/20260906T162705Z-elf-shoulders/sylas-verified8/motion-frames/Attack/0011.png
 create mode 100644 reports/WC-U440/20260906T162705Z-elf-shoulders/sylas-verified8/motion-frames/Attack/0012.png
 create mode 100644 reports/WC-U440/20260906T162705Z-elf-shoulders/sylas-verified8/motion-frames/Defeat/0000.png
 create mode 100644 reports/WC-U440/20260906T162705Z-elf-shoulders/sylas-verified8/motion-frames/Defeat/0001.png
 create mode 100644 reports/WC-U440/20260906T162705Z-elf-shoulders/sylas-verified8/motion-frames/Defeat/0002.png
 create mode 100644 reports/WC-U440/20260906T162705Z-elf-shoulders/sylas-verified8/motion-frames/Defeat/0003.png
 create mode 100644 reports/WC-U440/20260906T162705Z-elf-shoulders/sylas-verified8/motion-frames/Defeat/0004.png
 create mode 100644 reports/WC-U440/20260906T162705Z-elf-shoulders/sylas-verified8/motion-frames/Defeat/0005.png
 create mode 100644 reports/WC-U440/20260906T162705Z-elf-shoulders/sylas-verified8/motion-frames/Defeat/0006.png
 create mode 100644 reports/WC-U440/20260906T162705Z-elf-shoulders/sylas-verified8/motion-frames/Defeat/0007.png
 create mode 100644 reports/WC-U440/20260906T162705Z-elf-shoulders/sylas-verified8/motion-frames/Defeat/0008.png
 create mode 100644 reports/WC-U440/20260906T162705Z-elf-shoulders/sylas-verified8/motion-frames/Defeat/0009.png
 create mode 100644 reports/WC-U440/20260906T162705Z-elf-shoulders/sylas-verified8/motion-frames/Defeat/0010.png
 create mode 100644 reports/WC-U440/20260906T162705Z-elf-shoulders/sylas-verified8/motion-frames/Defeat/0011.png
 create mode 100644 reports/WC-U440/20260906T162705Z-elf-shoulders/sylas-verified8/motion-frames/Defeat/0012.png
 create mode 100644 reports/WC-U440/20260906T162705Z-elf-shoulders/sylas-verified8/motion-frames/Defeat/0013.png
 create mode 100644 reports/WC-U440/20260906T162705Z-elf-shoulders/sylas-verified8/motion-frames/Defeat/0014.png
 create mode 100644 reports/WC-U440/20260906T162705Z-elf-shoulders/sylas-verified8/motion-frames/Defeat/0015.png
 create mode 100644 reports/WC-U440/20260906T162705Z-elf-shoulders/sylas-verified8/motion-frames/Defeat/0016.png
 create mode 100644 reports/WC-U440/20260906T162705Z-elf-shoulders/sylas-verified8/motion-frames/Defeat/0017.png
 create mode 100644 reports/WC-U440/20260906T162705Z-elf-shoulders/sylas-verified8/motion-frames/Defeat/0018.png
 create mode 100644 reports/WC-U440/20260906T162705Z-elf-shoulders/sylas-verified8/motion-frames/Defeat/0019.png
 create mode 100644 reports/WC-U440/20260906T162705Z-elf-shoulders/sylas-verified8/motion-frames/Hit/0000.png
 create mode 100644 reports/WC-U440/20260906T162705Z-elf-shoulders/sylas-verified8/motion-frames/Hit/0001.png
 create mode 100644 reports/WC-U440/20260906T162705Z-elf-shoulders/sylas-verified8/motion-frames/Hit/0002.png
 create mode 100644 reports/WC-U440/20260906T162705Z-elf-shoulders/sylas-verified8/motion-frames/Hit/0003.png
 create mode 100644 reports/WC-U440/20260906T162705Z-elf-shoulders/sylas-verified8/motion-frames/Hit/0004.png
 create mode 100644 reports/WC-U440/20260906T162705Z-elf-shoulders/sylas-verified8/motion-frames/Hit/0005.png
 create mode 100644 reports/WC-U440/20260906T162705Z-elf-shoulders/sylas-verified8/motion-frames/Hit/0006.png
 create mode 100644 reports/WC-U440/20260906T162705Z-elf-shoulders/sylas-verified8/motion-frames/Hit/0007.png
 create mode 100644 reports/WC-U440/20260906T162705Z-elf-shoulders/sylas-verified8/motion-frames/Idle/0000.png
 create mode 100644 reports/WC-U440/20260906T162705Z-elf-shoulders/sylas-verified8/motion-frames/Idle/0001.png
 create mode 100644 reports/WC-U440/20260906T162705Z-elf-shoulders/sylas-verified8/motion-frames/Idle/0002.png
 create mode 100644 reports/WC-U440/20260906T162705Z-elf-shoulders/sylas-verified8/motion-frames/Idle/0003.png
 create mode 100644 reports/WC-U440/20260906T162705Z-elf-shoulders/sylas-verified8/motion-frames/Idle/0004.png
 create mode 100644 reports/WC-U440/20260906T162705Z-elf-shoulders/sylas-verified8/motion-frames/Idle/0005.png
 create mode 100644 reports/WC-U440/20260906T162705Z-elf-shoulders/sylas-verified8/motion-frames/Idle/0006.png
 create mode 100644 reports/WC-U440/20260906T162705Z-elf-shoulders/sylas-verified8/motion-frames/Idle/0007.png
 create mode 100644 reports/WC-U440/20260906T162705Z-elf-shoulders/sylas-verified8/motion-frames/Idle/0008.png
 create mode 100644 reports/WC-U440/20260906T162705Z-elf-shoulders/sylas-verified8/motion-frames/Idle/0009.png
 create mode 100644 reports/WC-U440/20260906T162705Z-elf-shoulders/sylas-verified8/motion-frames/Idle/0010.png
 create mode 100644 reports/WC-U440/20260906T162705Z-elf-shoulders/sylas-verified8/motion-frames/Idle/0011.png
 create mode 100644 reports/WC-U440/20260906T162705Z-elf-shoulders/sylas-verified8/motion-frames/Idle/0012.png
 create mode 100644 reports/WC-U440/20260906T162705Z-elf-shoulders/sylas-verified8/motion-frames/Idle/0013.png
 create mode 100644 reports/WC-U440/20260906T162705Z-elf-shoulders/sylas-verified8/motion-frames/Idle/0014.png
 create mode 100644 reports/WC-U440/20260906T162705Z-elf-shoulders/sylas-verified8/motion-frames/Idle/0015.png
 create mode 100644 reports/WC-U440/20260906T162705Z-elf-shoulders/sylas-verified8/motion-frames/Idle/0016.png
 create mode 100644 reports/WC-U440/20260906T162705Z-elf-shoulders/sylas-verified8/motion-frames/Idle/0017.png
 create mode 100644 reports/WC-U440/20260906T162705Z-elf-shoulders/sylas-verified8/motion-frames/Idle/0018.png
 create mode 100644 reports/WC-U440/20260906T162705Z-elf-shoulders/sylas-verified8/motion-frames/Idle/0019.png
 create mode 100644 reports/WC-U440/20260906T162705Z-elf-shoulders/sylas-verified8/motion-frames/Idle/0020.png
 create mode 100644 reports/WC-U440/20260906T162705Z-elf-shoulders/sylas-verified8/motion-frames/Idle/0021.png
 create mode 100644 reports/WC-U440/20260906T162705Z-elf-shoulders/sylas-verified8/motion-frames/Idle/0022.png
 create mode 100644 reports/WC-U440/20260906T162705Z-elf-shoulders/sylas-verified8/motion-frames/Idle/0023.png
 create mode 100644 reports/WC-U440/20260906T162705Z-elf-shoulders/sylas-verified8/motion-frames/Idle/0024.png
 create mode 100644 reports/WC-U440/20260906T162705Z-elf-shoulders/sylas-verified8/motion-frames/Idle/0025.png
 create mode 100644 reports/WC-U440/20260906T162705Z-elf-shoulders/sylas-verified8/motion-frames/Idle/0026.png
 create mode 100644 reports/WC-U440/20260906T162705Z-elf-shoulders/sylas-verified8/motion-frames/Idle/0027.png
 create mode 100644 reports/WC-U440/20260906T162705Z-elf-shoulders/sylas-verified8/motion-frames/Idle/0028.png
 create mode 100644 reports/WC-U440/20260906T162705Z-elf-shoulders/sylas-verified8/motion-frames/Idle/0029.png
 create mode 100644 reports/WC-U440/20260906T162705Z-elf-shoulders/sylas-verified8/motion-frames/Idle/0030.png
 create mode 100644 reports/WC-U440/20260906T162705Z-elf-shoulders/sylas-verified8/motion-frames/Idle/0031.png
 create mode 100644 reports/WC-U440/20260906T162705Z-elf-shoulders/sylas-verified8/motion-frames/Idle/0032.png
 create mode 100644 reports/WC-U440/20260906T162705Z-elf-shoulders/sylas-verified8/motion-frames/Idle/0033.png
 create mode 100644 reports/WC-U440/20260906T162705Z-elf-shoulders/sylas-verified8/motion-frames/Idle/0034.png
 create mode 100644 reports/WC-U440/20260906T162705Z-elf-shoulders/sylas-verified8/motion-frames/Idle/0035.png
 create mode 100644 reports/WC-U440/20260906T162705Z-elf-shoulders/sylas-verified8/motion-frames/Idle/0036.png
 create mode 100644 reports/WC-U440/20260906T162705Z-elf-shoulders/sylas-verified8/motion-frames/Idle/0037.png
 create mode 100644 reports/WC-U440/20260906T162705Z-elf-shoulders/sylas-verified8/motion-frames/Idle/0038.png
 create mode 100644 reports/WC-U440/20260906T162705Z-elf-shoulders/sylas-verified8/motion-frames/Idle/0039.png
 create mode 100644 reports/WC-U440/20260906T162705Z-elf-shoulders/sylas-verified8/motion-frames/Move/0000.png
 create mode 100644 reports/WC-U440/20260906T162705Z-elf-shoulders/sylas-verified8/motion-frames/Move/0001.png
 create mode 100644 reports/WC-U440/20260906T162705Z-elf-shoulders/sylas-verified8/motion-frames/Move/0002.png
 create mode 100644 reports/WC-U440/20260906T162705Z-elf-shoulders/sylas-verified8/motion-frames/Move/0003.png
 create mode 100644 reports/WC-U440/20260906T162705Z-elf-shoulders/sylas-verified8/motion-frames/Move/0004.png
 create mode 100644 reports/WC-U440/20260906T162705Z-elf-shoulders/sylas-verified8/motion-frames/Move/0005.png
 create mode 100644 reports/WC-U440/20260906T162705Z-elf-shoulders/sylas-verified8/motion-frames/Move/0006.png
 create mode 100644 reports/WC-U440/20260906T162705Z-elf-shoulders/sylas-verified8/motion-frames/Move/0007.png
 create mode 100644 reports/WC-U440/20260906T162705Z-elf-shoulders/sylas-verified8/motion-frames/Move/0008.png
 create mode 100644 reports/WC-U440/20260906T162705Z-elf-shoulders/sylas-verified8/motion-frames/Move/0009.png
 create mode 100644 reports/WC-U440/20260906T162705Z-elf-shoulders/sylas-verified8/motion-frames/Move/0010.png
 create mode 100644 reports/WC-U440/20260906T162705Z-elf-shoulders/sylas-verified8/motion-frames/Move/0011.png
 create mode 100644 reports/WC-U440/20260906T162705Z-elf-shoulders/sylas-verified8/motion-frames/Move/0012.png
 create mode 100644 reports/WC-U440/20260906T162705Z-elf-shoulders/sylas-verified8/motion-frames/Move/0013.png
 create mode 100644 reports/WC-U440/20260906T162705Z-elf-shoulders/sylas-verified8/motion-frames/Move/0014.png
 create mode 100644 reports/WC-U440/20260906T162705Z-elf-shoulders/sylas-verified8/motion-frames/Move/0015.png
 create mode 100644 reports/WC-U440/20260906T162705Z-elf-shoulders/sylas-verified8/motion-frames/Move/0016.png
 create mode 100644 reports/WC-U440/20260906T162705Z-elf-shoulders/sylas-verified8/motion-frames/Move/0017.png
 create mode 100644 reports/WC-U440/20260906T162705Z-elf-shoulders/sylas-verified8/motion-frames/Move/0018.png
 create mode 100644 reports/WC-U440/20260906T162705Z-elf-shoulders/sylas-verified8/motion-frames/Move/0019.png
 create mode 100644 reports/WC-U440/20260906T162705Z-elf-shoulders/sylas-verified8/motion-frames/Victory/0000.png
 create mode 100644 reports/WC-U440/20260906T162705Z-elf-shoulders/sylas-verified8/motion-frames/Victory/0001.png
 create mode 100644 reports/WC-U440/20260906T162705Z-elf-shoulders/sylas-verified8/motion-frames/Victory/0002.png
 create mode 100644 reports/WC-U440/20260906T162705Z-elf-shoulders/sylas-verified8/motion-frames/Victory/0003.png
 create mode 100644 reports/WC-U440/20260906T162705Z-elf-shoulders/sylas-verified8/motion-frames/Victory/0004.png
 create mode 100644 reports/WC-U440/20260906T162705Z-elf-shoulders/sylas-verified8/motion-frames/Victory/0005.png
 create mode 100644 reports/WC-U440/20260906T162705Z-elf-shoulders/sylas-verified8/motion-frames/Victory/0006.png
 create mode 100644 reports/WC-U440/20260906T162705Z-elf-shoulders/sylas-verified8/motion-frames/Victory/0007.png
 create mode 100644 reports/WC-U440/20260906T162705Z-elf-shoulders/sylas-verified8/motion-frames/Victory/0008.png
 create mode 100644 reports/WC-U440/20260906T162705Z-elf-shoulders/sylas-verified8/motion-frames/Victory/0009.png
 create mode 100644 reports/WC-U440/20260906T162705Z-elf-shoulders/sylas-verified8/motion-frames/Victory/0010.png
 create mode 100644 reports/WC-U440/20260906T162705Z-elf-shoulders/sylas-verified8/motion-frames/Victory/0011.png
 create mode 100644 reports/WC-U440/20260906T162705Z-elf-shoulders/sylas-verified8/motion-frames/Victory/0012.png
 create mode 100644 reports/WC-U440/20260906T162705Z-elf-shoulders/sylas-verified8/motion-frames/Victory/0013.png
 create mode 100644 reports/WC-U440/20260906T162705Z-elf-shoulders/sylas-verified8/motion-frames/Victory/0014.png
 create mode 100644 reports/WC-U440/20260906T162705Z-elf-shoulders/sylas-verified8/motion-frames/Victory/0015.png
 create mode 100644 reports/WC-U440/20260906T162705Z-elf-shoulders/sylas-verified8/motion-frames/Victory/0016.png
 create mode 100644 reports/WC-U440/20260906T162705Z-elf-shoulders/sylas-verified8/motion-frames/Victory/0017.png
 create mode 100644 reports/WC-U440/20260906T162705Z-elf-shoulders/sylas-verified8/motion-frames/Victory/0018.png
 create mode 100644 reports/WC-U440/20260906T162705Z-elf-shoulders/sylas-verified8/motion-frames/Victory/0019.png
 create mode 100644 reports/WC-U440/20260906T162705Z-elf-shoulders/sylas-verified8/motion-frames/Victory/0020.png
 create mode 100644 reports/WC-U440/20260906T162705Z-elf-shoulders/sylas-verified8/motion-frames/Victory/0021.png
 create mode 100644 reports/WC-U440/20260906T162705Z-elf-shoulders/sylas-verified8/motion-frames/Victory/0022.png
 create mode 100644 reports/WC-U440/20260906T162705Z-elf-shoulders/sylas-verified8/motion-frames/Victory/0023.png
 create mode 100644 reports/WC-U440/20260906T162705Z-elf-shoulders/sylas-verified8/motion-frames/Victory/0024.png
 create mode 100644 reports/WC-U440/20260906T162705Z-elf-shoulders/sylas-verified8/motion-frames/Victory/0025.png
 create mode 100644 reports/WC-U440/20260906T162705Z-elf-shoulders/sylas-verified8/motion-frames/Victory/0026.png
 create mode 100644 reports/WC-U440/20260906T162705Z-elf-shoulders/sylas-verified8/motion-frames/Victory/0027.png
 create mode 100644 reports/WC-U440/20260906T162705Z-elf-shoulders/sylas-verified8/motion-frames/Victory/0028.png
 create mode 100644 reports/WC-U440/20260906T162705Z-elf-shoulders/sylas-verified8/motion-frames/Victory/0029.png
 create mode 100644 reports/WC-U440/20260906T162705Z-elf-shoulders/sylas-verified8/motion-invariants.json
 create mode 100644 reports/WC-U440/20260906T162705Z-elf-shoulders/sylas-verified8/motion-sequences.json
 create mode 100644 reports/WC-U440/20260906T162705Z-elf-shoulders/sylas-verified8/normal-speed-evidence.json
 create mode 100644 reports/WC-U440/20260906T162705Z-elf-shoulders/sylas-verified8/published-verification.json
 create mode 100644 reports/WC-U440/20260906T162705Z-elf-shoulders/sylas-verify8.log
 create mode 100644 reports/WC-U440/20260906T162705Z-elf-shoulders/write_brief_audit.py
 create mode 100644 reports/WC-U440/20260906T162705Z-elf-shoulders/write_elf_handoff.py
 create mode 100644 reports/WC-U440/20260906T162705Z-elf-sylas-inspection.log
 create mode 100644 reports/WC-U440/20260906T162841Z/halfling-face-fit/finn-exit.json
 create mode 100644 reports/WC-U440/20260906T162841Z/halfling-face-fit/finn-production.log
 create mode 100644 reports/WC-U440/20260906T162841Z/halfling-face-fit/finn-readback-exit.json
 create mode 100644 reports/WC-U440/20260906T162841Z/halfling-face-fit/finn-readback.log
 create mode 100644 reports/WC-U440/20260906T162841Z/halfling-face-fit/finn-readback/fbx-video-validation.json
 create mode 100644 reports/WC-U440/20260906T162841Z/halfling-face-fit/finn-readback/saved-source-fbx/EXPORT-inspection.json
 create mode 100644 reports/WC-U440/20260906T162841Z/halfling-face-fit/finn-readback/saved-source-fbx/LOD_SOURCE-inspection.json
 create mode 100644 reports/WC-U440/20260906T162841Z/halfling-face-fit/finn-readback/saved-source-fbx/motion-invariants.json
 create mode 100644 reports/WC-U440/20260906T162841Z/halfling-face-fit/finn-readback/saved-source-fbx/published-verification.json
 create mode 100644 reports/WC-U440/20260906T162841Z/halfling-face-fit/finn-readback/silhouette96-front.png
 create mode 100644 reports/WC-U440/20260906T162841Z/halfling-face-fit/finn-readback/silhouette96-game-angle.png
 create mode 100644 reports/WC-U440/20260906T162841Z/halfling-face-fit/finn-sparse-clips-review.png
 create mode 100644 reports/WC-U440/20260906T162841Z/halfling-face-fit/finn-views-review.png
 create mode 100644 reports/WC-U440/20260906T162841Z/halfling-face-fit/finn/Active-end.png
 create mode 100644 reports/WC-U440/20260906T162841Z/halfling-face-fit/finn/Active-release.png
 create mode 100644 reports/WC-U440/20260906T162841Z/halfling-face-fit/finn/Active-start.png
 create mode 100644 reports/WC-U440/20260906T162841Z/halfling-face-fit/finn/Attack-end.png
 create mode 100644 reports/WC-U440/20260906T162841Z/halfling-face-fit/finn/Attack-release.png
 create mode 100644 reports/WC-U440/20260906T162841Z/halfling-face-fit/finn/Attack-start.png
 create mode 100644 reports/WC-U440/20260906T162841Z/halfling-face-fit/finn/Defeat-end.png
 create mode 100644 reports/WC-U440/20260906T162841Z/halfling-face-fit/finn/Defeat-release.png
 create mode 100644 reports/WC-U440/20260906T162841Z/halfling-face-fit/finn/Defeat-start.png
 create mode 100644 reports/WC-U440/20260906T162841Z/halfling-face-fit/finn/Hit-end.png
 create mode 100644 reports/WC-U440/20260906T162841Z/halfling-face-fit/finn/Hit-release.png
 create mode 100644 reports/WC-U440/20260906T162841Z/halfling-face-fit/finn/Hit-start.png
 create mode 100644 reports/WC-U440/20260906T162841Z/halfling-face-fit/finn/Idle-end.png
 create mode 100644 reports/WC-U440/20260906T162841Z/halfling-face-fit/finn/Idle-release.png
 create mode 100644 reports/WC-U440/20260906T162841Z/halfling-face-fit/finn/Idle-start.png
 create mode 100644 reports/WC-U440/20260906T162841Z/halfling-face-fit/finn/Move-end.png
 create mode 100644 reports/WC-U440/20260906T162841Z/halfling-face-fit/finn/Move-release.png
 create mode 100644 reports/WC-U440/20260906T162841Z/halfling-face-fit/finn/Move-start.png
 create mode 100644 reports/WC-U440/20260906T162841Z/halfling-face-fit/finn/Victory-end.png
 create mode 100644 reports/WC-U440/20260906T162841Z/halfling-face-fit/finn/Victory-release.png
 create mode 100644 reports/WC-U440/20260906T162841Z/halfling-face-fit/finn/Victory-start.png
 create mode 100644 reports/WC-U440/20260906T162841Z/halfling-face-fit/finn/all-frame-invariants.json
 create mode 100644 reports/WC-U440/20260906T162841Z/halfling-face-fit/finn/back.png
 create mode 100644 reports/WC-U440/20260906T162841Z/halfling-face-fit/finn/before-exports/AN_wc_u_halfling_ranger_Active.fbx
 create mode 100644 reports/WC-U440/20260906T162841Z/halfling-face-fit/finn/before-exports/AN_wc_u_halfling_ranger_Attack.fbx
 create mode 100644 reports/WC-U440/20260906T162841Z/halfling-face-fit/finn/before-exports/AN_wc_u_halfling_ranger_Defeat.fbx
 create mode 100644 reports/WC-U440/20260906T162841Z/halfling-face-fit/finn/before-exports/AN_wc_u_halfling_ranger_Hit.fbx
 create mode 100644 reports/WC-U440/20260906T162841Z/halfling-face-fit/finn/before-exports/AN_wc_u_halfling_ranger_Idle.fbx
 create mode 100644 reports/WC-U440/20260906T162841Z/halfling-face-fit/finn/before-exports/AN_wc_u_halfling_ranger_Move.fbx
 create mode 100644 reports/WC-U440/20260906T162841Z/halfling-face-fit/finn/before-exports/AN_wc_u_halfling_ranger_Victory.fbx
 create mode 100644 reports/WC-U440/20260906T162841Z/halfling-face-fit/finn/before-exports/SK_wc_u_halfling_ranger.fbm/T_wc_u_halfling_ranger_BaseColor.png
 create mode 100644 reports/WC-U440/20260906T162841Z/halfling-face-fit/finn/before-exports/SK_wc_u_halfling_ranger.fbm/T_wc_u_halfling_ranger_Normal.png
 create mode 100644 reports/WC-U440/20260906T162841Z/halfling-face-fit/finn/before-exports/SK_wc_u_halfling_ranger.fbx
 create mode 100644 reports/WC-U440/20260906T162841Z/halfling-face-fit/finn/before-exports/SK_wc_u_halfling_ranger_LOD1.fbm/T_wc_u_halfling_ranger_BaseColor.png
 create mode 100644 reports/WC-U440/20260906T162841Z/halfling-face-fit/finn/before-exports/SK_wc_u_halfling_ranger_LOD1.fbm/T_wc_u_halfling_ranger_Normal.png
 create mode 100644 reports/WC-U440/20260906T162841Z/halfling-face-fit/finn/before-exports/SK_wc_u_halfling_ranger_LOD1.fbx
 create mode 100644 reports/WC-U440/20260906T162841Z/halfling-face-fit/finn/before-exports/SK_wc_u_halfling_ranger_LOD2.fbm/T_wc_u_halfling_ranger_BaseColor.png
 create mode 100644 reports/WC-U440/20260906T162841Z/halfling-face-fit/finn/before-exports/SK_wc_u_halfling_ranger_LOD2.fbm/T_wc_u_halfling_ranger_Normal.png
 create mode 100644 reports/WC-U440/20260906T162841Z/halfling-face-fit/finn/before-exports/SK_wc_u_halfling_ranger_LOD2.fbx
 create mode 100644 reports/WC-U440/20260906T162841Z/halfling-face-fit/finn/before-exports/T_wc_u_halfling_ranger_BaseColor.png
 create mode 100644 reports/WC-U440/20260906T162841Z/halfling-face-fit/finn/before-exports/T_wc_u_halfling_ranger_Normal.png
 create mode 100644 reports/WC-U440/20260906T162841Z/halfling-face-fit/finn/before-exports/T_wc_u_halfling_ranger_ORM.png
 create mode 100644 reports/WC-U440/20260906T162841Z/halfling-face-fit/finn/before-exports/export_manifest.json
 create mode 100644 reports/WC-U440/20260906T162841Z/halfling-face-fit/finn/before-exports/portrait.png
 create mode 100644 reports/WC-U440/20260906T162841Z/halfling-face-fit/finn/before-source/wc_u_halfling_ranger.blend
 create mode 100644 reports/WC-U440/20260906T162841Z/halfling-face-fit/finn/completed.json
 create mode 100644 reports/WC-U440/20260906T162841Z/halfling-face-fit/finn/continuous-Active.mp4
 create mode 100644 reports/WC-U440/20260906T162841Z/halfling-face-fit/finn/continuous-Attack.mp4
 create mode 100644 reports/WC-U440/20260906T162841Z/halfling-face-fit/finn/continuous-Defeat.mp4
 create mode 100644 reports/WC-U440/20260906T162841Z/halfling-face-fit/finn/continuous-Hit.mp4
 create mode 100644 reports/WC-U440/20260906T162841Z/halfling-face-fit/finn/continuous-Idle.mp4
 create mode 100644 reports/WC-U440/20260906T162841Z/halfling-face-fit/finn/continuous-Move.mp4
 create mode 100644 reports/WC-U440/20260906T162841Z/halfling-face-fit/finn/continuous-Victory.mp4
 create mode 100644 reports/WC-U440/20260906T162841Z/halfling-face-fit/finn/executed-ik-reach.json
 create mode 100644 reports/WC-U440/20260906T162841Z/halfling-face-fit/finn/face.png
 create mode 100644 reports/WC-U440/20260906T162841Z/halfling-face-fit/finn/front.png
 create mode 100644 reports/WC-U440/20260906T162841Z/halfling-face-fit/finn/game-angle.png
 create mode 100644 reports/WC-U440/20260906T162841Z/halfling-face-fit/finn/input.json
 create mode 100644 reports/WC-U440/20260906T162841Z/halfling-face-fit/finn/sampled-motion.json
 create mode 100644 reports/WC-U440/20260906T162841Z/halfling-face-fit/finn/side.png
 create mode 100644 reports/WC-U440/20260906T162841Z/halfling-face-fit/finn/structural.json
 create mode 100644 reports/WC-U440/20260906T162841Z/halfling-face-fit/finn/three-quarter.png
 create mode 100644 reports/WC-U440/20260906T162841Z/halfling-face-fit/make_review_sheets.py
 create mode 100644 reports/WC-U440/20260906T162841Z/halfling-face-fit/milo-exit.json
 create mode 100644 reports/WC-U440/20260906T162841Z/halfling-face-fit/milo-production.log
 create mode 100644 reports/WC-U440/20260906T162841Z/halfling-face-fit/milo-readback-exit.json
 create mode 100644 reports/WC-U440/20260906T162841Z/halfling-face-fit/milo-readback.log
 create mode 100644 reports/WC-U440/20260906T162841Z/halfling-face-fit/milo-readback/executed-verifier.py
 create mode 100644 reports/WC-U440/20260906T162841Z/halfling-face-fit/milo-readback/fbx-video-validation.json
 create mode 100644 reports/WC-U440/20260906T162841Z/halfling-face-fit/milo-readback/saved-source-fbx/EXPORT-inspection.json
 create mode 100644 reports/WC-U440/20260906T162841Z/halfling-face-fit/milo-readback/saved-source-fbx/LOD_SOURCE-inspection.json
 create mode 100644 reports/WC-U440/20260906T162841Z/halfling-face-fit/milo-readback/saved-source-fbx/motion-invariants.json
 create mode 100644 reports/WC-U440/20260906T162841Z/halfling-face-fit/milo-readback/saved-source-fbx/published-verification.json
 create mode 100644 reports/WC-U440/20260906T162841Z/halfling-face-fit/milo-readback/silhouette96-front.png
 create mode 100644 reports/WC-U440/20260906T162841Z/halfling-face-fit/milo-readback/silhouette96-game-angle.png
 create mode 100644 reports/WC-U440/20260906T162841Z/halfling-face-fit/milo-sparse-clips-review.png
 create mode 100644 reports/WC-U440/20260906T162841Z/halfling-face-fit/milo-views-review.png
 create mode 100644 reports/WC-U440/20260906T162841Z/halfling-face-fit/milo/Active-end.png
 create mode 100644 reports/WC-U440/20260906T162841Z/halfling-face-fit/milo/Active-release.png
 create mode 100644 reports/WC-U440/20260906T162841Z/halfling-face-fit/milo/Active-start.png
 create mode 100644 reports/WC-U440/20260906T162841Z/halfling-face-fit/milo/Attack-end.png
 create mode 100644 reports/WC-U440/20260906T162841Z/halfling-face-fit/milo/Attack-release.png
 create mode 100644 reports/WC-U440/20260906T162841Z/halfling-face-fit/milo/Attack-start.png
 create mode 100644 reports/WC-U440/20260906T162841Z/halfling-face-fit/milo/Defeat-end.png
 create mode 100644 reports/WC-U440/20260906T162841Z/halfling-face-fit/milo/Defeat-release.png
 create mode 100644 reports/WC-U440/20260906T162841Z/halfling-face-fit/milo/Defeat-start.png
 create mode 100644 reports/WC-U440/20260906T162841Z/halfling-face-fit/milo/Hit-end.png
 create mode 100644 reports/WC-U440/20260906T162841Z/halfling-face-fit/milo/Hit-release.png
 create mode 100644 reports/WC-U440/20260906T162841Z/halfling-face-fit/milo/Hit-start.png
 create mode 100644 reports/WC-U440/20260906T162841Z/halfling-face-fit/milo/Idle-end.png
 create mode 100644 reports/WC-U440/20260906T162841Z/halfling-face-fit/milo/Idle-release.png
 create mode 100644 reports/WC-U440/20260906T162841Z/halfling-face-fit/milo/Idle-start.png
 create mode 100644 reports/WC-U440/20260906T162841Z/halfling-face-fit/milo/Move-end.png
 create mode 100644 reports/WC-U440/20260906T162841Z/halfling-face-fit/milo/Move-release.png
 create mode 100644 reports/WC-U440/20260906T162841Z/halfling-face-fit/milo/Move-start.png
 create mode 100644 reports/WC-U440/20260906T162841Z/halfling-face-fit/milo/Victory-end.png
 create mode 100644 reports/WC-U440/20260906T162841Z/halfling-face-fit/milo/Victory-release.png
 create mode 100644 reports/WC-U440/20260906T162841Z/halfling-face-fit/milo/Victory-start.png
 create mode 100644 reports/WC-U440/20260906T162841Z/halfling-face-fit/milo/all-frame-invariants.json
 create mode 100644 reports/WC-U440/20260906T162841Z/halfling-face-fit/milo/back.png
 create mode 100644 reports/WC-U440/20260906T162841Z/halfling-face-fit/milo/before-exports/AN_wc_u_halfling_mage_Active.fbx
 create mode 100644 reports/WC-U440/20260906T162841Z/halfling-face-fit/milo/before-exports/AN_wc_u_halfling_mage_Attack.fbx
 create mode 100644 reports/WC-U440/20260906T162841Z/halfling-face-fit/milo/before-exports/AN_wc_u_halfling_mage_Defeat.fbx
 create mode 100644 reports/WC-U440/20260906T162841Z/halfling-face-fit/milo/before-exports/AN_wc_u_halfling_mage_Hit.fbx
 create mode 100644 reports/WC-U440/20260906T162841Z/halfling-face-fit/milo/before-exports/AN_wc_u_halfling_mage_Idle.fbx
 create mode 100644 reports/WC-U440/20260906T162841Z/halfling-face-fit/milo/before-exports/AN_wc_u_halfling_mage_Move.fbx
 create mode 100644 reports/WC-U440/20260906T162841Z/halfling-face-fit/milo/before-exports/AN_wc_u_halfling_mage_Victory.fbx
 create mode 100644 reports/WC-U440/20260906T162841Z/halfling-face-fit/milo/before-exports/SK_wc_u_halfling_mage.fbm/T_wc_u_halfling_mage_BaseColor.png
 create mode 100644 reports/WC-U440/20260906T162841Z/halfling-face-fit/milo/before-exports/SK_wc_u_halfling_mage.fbm/T_wc_u_halfling_mage_Normal.png
 create mode 100644 reports/WC-U440/20260906T162841Z/halfling-face-fit/milo/before-exports/SK_wc_u_halfling_mage.fbx
 create mode 100644 reports/WC-U440/20260906T162841Z/halfling-face-fit/milo/before-exports/SK_wc_u_halfling_mage_LOD1.fbm/T_wc_u_halfling_mage_BaseColor.png
 create mode 100644 reports/WC-U440/20260906T162841Z/halfling-face-fit/milo/before-exports/SK_wc_u_halfling_mage_LOD1.fbm/T_wc_u_halfling_mage_Normal.png
 create mode 100644 reports/WC-U440/20260906T162841Z/halfling-face-fit/milo/before-exports/SK_wc_u_halfling_mage_LOD1.fbx
 create mode 100644 reports/WC-U440/20260906T162841Z/halfling-face-fit/milo/before-exports/SK_wc_u_halfling_mage_LOD2.fbm/T_wc_u_halfling_mage_BaseColor.png
 create mode 100644 reports/WC-U440/20260906T162841Z/halfling-face-fit/milo/before-exports/SK_wc_u_halfling_mage_LOD2.fbm/T_wc_u_halfling_mage_Normal.png
 create mode 100644 reports/WC-U440/20260906T162841Z/halfling-face-fit/milo/before-exports/SK_wc_u_halfling_mage_LOD2.fbx
 create mode 100644 reports/WC-U440/20260906T162841Z/halfling-face-fit/milo/before-exports/T_wc_u_halfling_mage_BaseColor.png
 create mode 100644 reports/WC-U440/20260906T162841Z/halfling-face-fit/milo/before-exports/T_wc_u_halfling_mage_Normal.png
 create mode 100644 reports/WC-U440/20260906T162841Z/halfling-face-fit/milo/before-exports/T_wc_u_halfling_mage_ORM.png
 create mode 100644 reports/WC-U440/20260906T162841Z/halfling-face-fit/milo/before-exports/export_manifest.json
 create mode 100644 reports/WC-U440/20260906T162841Z/halfling-face-fit/milo/before-exports/portrait.png
 create mode 100644 reports/WC-U440/20260906T162841Z/halfling-face-fit/milo/before-source/wc_u_halfling_mage.blend
 create mode 100644 reports/WC-U440/20260906T162841Z/halfling-face-fit/milo/completed.json
 create mode 100644 reports/WC-U440/20260906T162841Z/halfling-face-fit/milo/continuous-Active.mp4
 create mode 100644 reports/WC-U440/20260906T162841Z/halfling-face-fit/milo/continuous-Attack.mp4
 create mode 100644 reports/WC-U440/20260906T162841Z/halfling-face-fit/milo/continuous-Defeat.mp4
 create mode 100644 reports/WC-U440/20260906T162841Z/halfling-face-fit/milo/continuous-Hit.mp4
 create mode 100644 reports/WC-U440/20260906T162841Z/halfling-face-fit/milo/continuous-Idle.mp4
 create mode 100644 reports/WC-U440/20260906T162841Z/halfling-face-fit/milo/continuous-Move.mp4
 create mode 100644 reports/WC-U440/20260906T162841Z/halfling-face-fit/milo/continuous-Victory.mp4
 create mode 100644 reports/WC-U440/20260906T162841Z/halfling-face-fit/milo/executed-ik-reach.json
 create mode 100644 reports/WC-U440/20260906T162841Z/halfling-face-fit/milo/face.png
 create mode 100644 reports/WC-U440/20260906T162841Z/halfling-face-fit/milo/front.png
 create mode 100644 reports/WC-U440/20260906T162841Z/halfling-face-fit/milo/game-angle.png
 create mode 100644 reports/WC-U440/20260906T162841Z/halfling-face-fit/milo/input.json
 create mode 100644 reports/WC-U440/20260906T162841Z/halfling-face-fit/milo/sampled-motion.json
 create mode 100644 reports/WC-U440/20260906T162841Z/halfling-face-fit/milo/side.png
 create mode 100644 reports/WC-U440/20260906T162841Z/halfling-face-fit/milo/structural.json
 create mode 100644 reports/WC-U440/20260906T162841Z/halfling-face-fit/milo/three-quarter.png
 create mode 100644 reports/WC-U440/20260906T162841Z/halfling-face-fit/nella-exit.json
 create mode 100644 reports/WC-U440/20260906T162841Z/halfling-face-fit/nella-production.log
 create mode 100644 reports/WC-U440/20260906T162841Z/halfling-face-fit/nella-readback-exit.json
 create mode 100644 reports/WC-U440/20260906T162841Z/halfling-face-fit/nella-readback.log
 create mode 100644 reports/WC-U440/20260906T162841Z/halfling-face-fit/nella-readback/executed-verifier.py
 create mode 100644 reports/WC-U440/20260906T162841Z/halfling-face-fit/nella-readback/fbx-video-validation.json
 create mode 100644 reports/WC-U440/20260906T162841Z/halfling-face-fit/nella-readback/saved-source-fbx/EXPORT-inspection.json
 create mode 100644 reports/WC-U440/20260906T162841Z/halfling-face-fit/nella-readback/saved-source-fbx/LOD_SOURCE-inspection.json
 create mode 100644 reports/WC-U440/20260906T162841Z/halfling-face-fit/nella-readback/saved-source-fbx/motion-invariants.json
 create mode 100644 reports/WC-U440/20260906T162841Z/halfling-face-fit/nella-readback/saved-source-fbx/published-verification.json
 create mode 100644 reports/WC-U440/20260906T162841Z/halfling-face-fit/nella-readback/silhouette96-front.png
 create mode 100644 reports/WC-U440/20260906T162841Z/halfling-face-fit/nella-readback/silhouette96-game-angle.png
 create mode 100644 reports/WC-U440/20260906T162841Z/halfling-face-fit/nella-sparse-clips-review.png
 create mode 100644 reports/WC-U440/20260906T162841Z/halfling-face-fit/nella-views-review.png
 create mode 100644 reports/WC-U440/20260906T162841Z/halfling-face-fit/nella/Active-end.png
 create mode 100644 reports/WC-U440/20260906T162841Z/halfling-face-fit/nella/Active-release.png
 create mode 100644 reports/WC-U440/20260906T162841Z/halfling-face-fit/nella/Active-start.png
 create mode 100644 reports/WC-U440/20260906T162841Z/halfling-face-fit/nella/Attack-end.png
 create mode 100644 reports/WC-U440/20260906T162841Z/halfling-face-fit/nella/Attack-release.png
 create mode 100644 reports/WC-U440/20260906T162841Z/halfling-face-fit/nella/Attack-start.png
 create mode 100644 reports/WC-U440/20260906T162841Z/halfling-face-fit/nella/Defeat-end.png
 create mode 100644 reports/WC-U440/20260906T162841Z/halfling-face-fit/nella/Defeat-release.png
 create mode 100644 reports/WC-U440/20260906T162841Z/halfling-face-fit/nella/Defeat-start.png
 create mode 100644 reports/WC-U440/20260906T162841Z/halfling-face-fit/nella/Hit-end.png
 create mode 100644 reports/WC-U440/20260906T162841Z/halfling-face-fit/nella/Hit-release.png
 create mode 100644 reports/WC-U440/20260906T162841Z/halfling-face-fit/nella/Hit-start.png
 create mode 100644 reports/WC-U440/20260906T162841Z/halfling-face-fit/nella/Idle-end.png
 create mode 100644 reports/WC-U440/20260906T162841Z/halfling-face-fit/nella/Idle-release.png
 create mode 100644 reports/WC-U440/20260906T162841Z/halfling-face-fit/nella/Idle-start.png
 create mode 100644 reports/WC-U440/20260906T162841Z/halfling-face-fit/nella/Move-end.png
 create mode 100644 reports/WC-U440/20260906T162841Z/halfling-face-fit/nella/Move-release.png
 create mode 100644 reports/WC-U440/20260906T162841Z/halfling-face-fit/nella/Move-start.png
 create mode 100644 reports/WC-U440/20260906T162841Z/halfling-face-fit/nella/Victory-end.png
 create mode 100644 reports/WC-U440/20260906T162841Z/halfling-face-fit/nella/Victory-release.png
 create mode 100644 reports/WC-U440/20260906T162841Z/halfling-face-fit/nella/Victory-start.png
 create mode 100644 reports/WC-U440/20260906T162841Z/halfling-face-fit/nella/all-frame-invariants.json
 create mode 100644 reports/WC-U440/20260906T162841Z/halfling-face-fit/nella/back.png
 create mode 100644 reports/WC-U440/20260906T162841Z/halfling-face-fit/nella/before-exports/AN_wc_u_halfling_rogue_Active.fbx
 create mode 100644 reports/WC-U440/20260906T162841Z/halfling-face-fit/nella/before-exports/AN_wc_u_halfling_rogue_Attack.fbx
 create mode 100644 reports/WC-U440/20260906T162841Z/halfling-face-fit/nella/before-exports/AN_wc_u_halfling_rogue_Defeat.fbx
 create mode 100644 reports/WC-U440/20260906T162841Z/halfling-face-fit/nella/before-exports/AN_wc_u_halfling_rogue_Hit.fbx
 create mode 100644 reports/WC-U440/20260906T162841Z/halfling-face-fit/nella/before-exports/AN_wc_u_halfling_rogue_Idle.fbx
 create mode 100644 reports/WC-U440/20260906T162841Z/halfling-face-fit/nella/before-exports/AN_wc_u_halfling_rogue_Move.fbx
 create mode 100644 reports/WC-U440/20260906T162841Z/halfling-face-fit/nella/before-exports/AN_wc_u_halfling_rogue_Victory.fbx
 create mode 100644 reports/WC-U440/20260906T162841Z/halfling-face-fit/nella/before-exports/SK_wc_u_halfling_rogue.fbm/T_wc_u_halfling_rogue_BaseColor.png
 create mode 100644 reports/WC-U440/20260906T162841Z/halfling-face-fit/nella/before-exports/SK_wc_u_halfling_rogue.fbm/T_wc_u_halfling_rogue_Normal.png
 create mode 100644 reports/WC-U440/20260906T162841Z/halfling-face-fit/nella/before-exports/SK_wc_u_halfling_rogue.fbx
 create mode 100644 reports/WC-U440/20260906T162841Z/halfling-face-fit/nella/before-exports/SK_wc_u_halfling_rogue_LOD1.fbm/T_wc_u_halfling_rogue_BaseColor.png
 create mode 100644 reports/WC-U440/20260906T162841Z/halfling-face-fit/nella/before-exports/SK_wc_u_halfling_rogue_LOD1.fbm/T_wc_u_halfling_rogue_Normal.png
 create mode 100644 reports/WC-U440/20260906T162841Z/halfling-face-fit/nella/before-exports/SK_wc_u_halfling_rogue_LOD1.fbx
 create mode 100644 reports/WC-U440/20260906T162841Z/halfling-face-fit/nella/before-exports/SK_wc_u_halfling_rogue_LOD2.fbm/T_wc_u_halfling_rogue_BaseColor.png
 create mode 100644 reports/WC-U440/20260906T162841Z/halfling-face-fit/nella/before-exports/SK_wc_u_halfling_rogue_LOD2.fbm/T_wc_u_halfling_rogue_Normal.png
 create mode 100644 reports/WC-U440/20260906T162841Z/halfling-face-fit/nella/before-exports/SK_wc_u_halfling_rogue_LOD2.fbx
 create mode 100644 reports/WC-U440/20260906T162841Z/halfling-face-fit/nella/before-exports/T_wc_u_halfling_rogue_BaseColor.png
 create mode 100644 reports/WC-U440/20260906T162841Z/halfling-face-fit/nella/before-exports/T_wc_u_halfling_rogue_Normal.png
 create mode 100644 reports/WC-U440/20260906T162841Z/halfling-face-fit/nella/before-exports/T_wc_u_halfling_rogue_ORM.png
 create mode 100644 reports/WC-U440/20260906T162841Z/halfling-face-fit/nella/before-exports/export_manifest.json
 create mode 100644 reports/WC-U440/20260906T162841Z/halfling-face-fit/nella/before-exports/portrait.png
 create mode 100644 reports/WC-U440/20260906T162841Z/halfling-face-fit/nella/before-source/wc_u_halfling_rogue.blend
 create mode 100644 reports/WC-U440/20260906T162841Z/halfling-face-fit/nella/completed.json
 create mode 100644 reports/WC-U440/20260906T162841Z/halfling-face-fit/nella/continuous-Active.mp4
 create mode 100644 reports/WC-U440/20260906T162841Z/halfling-face-fit/nella/continuous-Attack.mp4
 create mode 100644 reports/WC-U440/20260906T162841Z/halfling-face-fit/nella/continuous-Defeat.mp4
 create mode 100644 reports/WC-U440/20260906T162841Z/halfling-face-fit/nella/continuous-Hit.mp4
 create mode 100644 reports/WC-U440/20260906T162841Z/halfling-face-fit/nella/continuous-Idle.mp4
 create mode 100644 reports/WC-U440/20260906T162841Z/halfling-face-fit/nella/continuous-Move.mp4
 create mode 100644 reports/WC-U440/20260906T162841Z/halfling-face-fit/nella/continuous-Victory.mp4
 create mode 100644 reports/WC-U440/20260906T162841Z/halfling-face-fit/nella/executed-ik-reach.json
 create mode 100644 reports/WC-U440/20260906T162841Z/halfling-face-fit/nella/face.png
 create mode 100644 reports/WC-U440/20260906T162841Z/halfling-face-fit/nella/front.png
 create mode 100644 reports/WC-U440/20260906T162841Z/halfling-face-fit/nella/game-angle.png
 create mode 100644 reports/WC-U440/20260906T162841Z/halfling-face-fit/nella/input.json
 create mode 100644 reports/WC-U440/20260906T162841Z/halfling-face-fit/nella/sampled-motion.json
 create mode 100644 reports/WC-U440/20260906T162841Z/halfling-face-fit/nella/side.png
 create mode 100644 reports/WC-U440/20260906T162841Z/halfling-face-fit/nella/structural.json
 create mode 100644 reports/WC-U440/20260906T162841Z/halfling-face-fit/nella/three-quarter.png
 create mode 100644 reports/WC-U440/20260906T163210Z/cold-seventeen/automation/index.html
 create mode 100644 reports/WC-U440/20260906T163210Z/cold-seventeen/automation/index.json
 create mode 100644 reports/WC-U440/20260906T163210Z/cold-seventeen/editor.log
 create mode 100644 reports/WC-U440/20260906T163210Z/cold-seventeen/imported-assets.json
 create mode 100644 reports/WC-U440/20260906T163210Z/cold-seventeen/imported-neutrals.json
 create mode 100644 reports/WC-U440/20260906T163210Z/cold-seventeen/launch.json
 create mode 100644 reports/WC-U440/20260906T163210Z/cold-seventeen/process.json
 create mode 100644 reports/WC-U440/20260906T163210Z/cold-seventeen/stderr.log
 create mode 100644 reports/WC-U440/20260906T163210Z/cold-seventeen/stdout.log
 create mode 100644 reports/WC-U440/20260906T163654Z/halfling-final-check/HANDOFF.json
 create mode 100644 reports/WC-U440/20260906T163654Z/halfling-final-check/HANDOFF.md
 create mode 100644 reports/WC-U440/20260906T163654Z/halfling-final-check/finn-readback-exit.json
 create mode 100644 reports/WC-U440/20260906T163654Z/halfling-final-check/finn-readback.log
 create mode 100644 reports/WC-U440/20260906T163654Z/halfling-final-check/finn-readback/executed-verifier.py
 create mode 100644 reports/WC-U440/20260906T163654Z/halfling-final-check/finn-readback/fbx-video-validation.json
 create mode 100644 reports/WC-U440/20260906T163654Z/halfling-final-check/finn-readback/saved-source-fbx/EXPORT-inspection.json
 create mode 100644 reports/WC-U440/20260906T163654Z/halfling-final-check/finn-readback/saved-source-fbx/LOD_SOURCE-inspection.json
 create mode 100644 reports/WC-U440/20260906T163654Z/halfling-final-check/finn-readback/saved-source-fbx/motion-invariants.json
 create mode 100644 reports/WC-U440/20260906T163654Z/halfling-final-check/finn-readback/saved-source-fbx/published-verification.json
 create mode 100644 reports/WC-U440/20260906T163654Z/halfling-final-check/finn-readback/silhouette96-front.png
 create mode 100644 reports/WC-U440/20260906T163654Z/halfling-final-check/finn-readback/silhouette96-game-angle.png
 create mode 100644 reports/WC-U440/20260906T163654Z/halfling-final-check/make_handoff.py
 create mode 100644 reports/WC-U440/20260906T163654Z/halfling-final-check/make_review_sheets.py
 create mode 100644 reports/WC-U440/20260906T163654Z/halfling-final-check/nella-exit.json
 create mode 100644 reports/WC-U440/20260906T163654Z/halfling-final-check/nella-production.log
 create mode 100644 reports/WC-U440/20260906T163654Z/halfling-final-check/nella-readback-exit.json
 create mode 100644 reports/WC-U440/20260906T163654Z/halfling-final-check/nella-readback.log
 create mode 100644 reports/WC-U440/20260906T163654Z/halfling-final-check/nella-readback/executed-verifier.py
 create mode 100644 reports/WC-U440/20260906T163654Z/halfling-final-check/nella-readback/fbx-video-validation.json
 create mode 100644 reports/WC-U440/20260906T163654Z/halfling-final-check/nella-readback/saved-source-fbx/EXPORT-inspection.json
 create mode 100644 reports/WC-U440/20260906T163654Z/halfling-final-check/nella-readback/saved-source-fbx/LOD_SOURCE-inspection.json
 create mode 100644 reports/WC-U440/20260906T163654Z/halfling-final-check/nella-readback/saved-source-fbx/motion-invariants.json
 create mode 100644 reports/WC-U440/20260906T163654Z/halfling-final-check/nella-readback/saved-source-fbx/published-verification.json
 create mode 100644 reports/WC-U440/20260906T163654Z/halfling-final-check/nella-readback/silhouette96-front.png
 create mode 100644 reports/WC-U440/20260906T163654Z/halfling-final-check/nella-readback/silhouette96-game-angle.png
 create mode 100644 reports/WC-U440/20260906T163654Z/halfling-final-check/nella-sparse-clips-review.png
 create mode 100644 reports/WC-U440/20260906T163654Z/halfling-final-check/nella-views-review.png
 create mode 100644 reports/WC-U440/20260906T163654Z/halfling-final-check/nella/Active-end.png
 create mode 100644 reports/WC-U440/20260906T163654Z/halfling-final-check/nella/Active-release.png
 create mode 100644 reports/WC-U440/20260906T163654Z/halfling-final-check/nella/Active-start.png
 create mode 100644 reports/WC-U440/20260906T163654Z/halfling-final-check/nella/Attack-end.png
 create mode 100644 reports/WC-U440/20260906T163654Z/halfling-final-check/nella/Attack-release.png
 create mode 100644 reports/WC-U440/20260906T163654Z/halfling-final-check/nella/Attack-start.png
 create mode 100644 reports/WC-U440/20260906T163654Z/halfling-final-check/nella/Defeat-end.png
 create mode 100644 reports/WC-U440/20260906T163654Z/halfling-final-check/nella/Defeat-release.png
 create mode 100644 reports/WC-U440/20260906T163654Z/halfling-final-check/nella/Defeat-start.png
 create mode 100644 reports/WC-U440/20260906T163654Z/halfling-final-check/nella/Hit-end.png
 create mode 100644 reports/WC-U440/20260906T163654Z/halfling-final-check/nella/Hit-release.png
 create mode 100644 reports/WC-U440/20260906T163654Z/halfling-final-check/nella/Hit-start.png
 create mode 100644 reports/WC-U440/20260906T163654Z/halfling-final-check/nella/Idle-end.png
 create mode 100644 reports/WC-U440/20260906T163654Z/halfling-final-check/nella/Idle-release.png
 create mode 100644 reports/WC-U440/20260906T163654Z/halfling-final-check/nella/Idle-start.png
 create mode 100644 reports/WC-U440/20260906T163654Z/halfling-final-check/nella/Move-end.png
 create mode 100644 reports/WC-U440/20260906T163654Z/halfling-final-check/nella/Move-release.png
 create mode 100644 reports/WC-U440/20260906T163654Z/halfling-final-check/nella/Move-start.png
 create mode 100644 reports/WC-U440/20260906T163654Z/halfling-final-check/nella/Victory-end.png
 create mode 100644 reports/WC-U440/20260906T163654Z/halfling-final-check/nella/Victory-release.png
 create mode 100644 reports/WC-U440/20260906T163654Z/halfling-final-check/nella/Victory-start.png
 create mode 100644 reports/WC-U440/20260906T163654Z/halfling-final-check/nella/all-frame-invariants.json
 create mode 100644 reports/WC-U440/20260906T163654Z/halfling-final-check/nella/back.png
 create mode 100644 reports/WC-U440/20260906T163654Z/halfling-final-check/nella/before-exports/AN_wc_u_halfling_rogue_Active.fbx
 create mode 100644 reports/WC-U440/20260906T163654Z/halfling-final-check/nella/before-exports/AN_wc_u_halfling_rogue_Attack.fbx
 create mode 100644 reports/WC-U440/20260906T163654Z/halfling-final-check/nella/before-exports/AN_wc_u_halfling_rogue_Defeat.fbx
 create mode 100644 reports/WC-U440/20260906T163654Z/halfling-final-check/nella/before-exports/AN_wc_u_halfling_rogue_Hit.fbx
 create mode 100644 reports/WC-U440/20260906T163654Z/halfling-final-check/nella/before-exports/AN_wc_u_halfling_rogue_Idle.fbx
 create mode 100644 reports/WC-U440/20260906T163654Z/halfling-final-check/nella/before-exports/AN_wc_u_halfling_rogue_Move.fbx
 create mode 100644 reports/WC-U440/20260906T163654Z/halfling-final-check/nella/before-exports/AN_wc_u_halfling_rogue_Victory.fbx
 create mode 100644 reports/WC-U440/20260906T163654Z/halfling-final-check/nella/before-exports/SK_wc_u_halfling_rogue.fbm/T_wc_u_halfling_rogue_BaseColor.png
 create mode 100644 reports/WC-U440/20260906T163654Z/halfling-final-check/nella/before-exports/SK_wc_u_halfling_rogue.fbm/T_wc_u_halfling_rogue_Normal.png
 create mode 100644 reports/WC-U440/20260906T163654Z/halfling-final-check/nella/before-exports/SK_wc_u_halfling_rogue.fbx
 create mode 100644 reports/WC-U440/20260906T163654Z/halfling-final-check/nella/before-exports/SK_wc_u_halfling_rogue_LOD1.fbm/T_wc_u_halfling_rogue_BaseColor.png
 create mode 100644 reports/WC-U440/20260906T163654Z/halfling-final-check/nella/before-exports/SK_wc_u_halfling_rogue_LOD1.fbm/T_wc_u_halfling_rogue_Normal.png
 create mode 100644 reports/WC-U440/20260906T163654Z/halfling-final-check/nella/before-exports/SK_wc_u_halfling_rogue_LOD1.fbx
 create mode 100644 reports/WC-U440/20260906T163654Z/halfling-final-check/nella/before-exports/SK_wc_u_halfling_rogue_LOD2.fbm/T_wc_u_halfling_rogue_BaseColor.png
 create mode 100644 reports/WC-U440/20260906T163654Z/halfling-final-check/nella/before-exports/SK_wc_u_halfling_rogue_LOD2.fbm/T_wc_u_halfling_rogue_Normal.png
 create mode 100644 reports/WC-U440/20260906T163654Z/halfling-final-check/nella/before-exports/SK_wc_u_halfling_rogue_LOD2.fbx
 create mode 100644 reports/WC-U440/20260906T163654Z/halfling-final-check/nella/before-exports/T_wc_u_halfling_rogue_BaseColor.png
 create mode 100644 reports/WC-U440/20260906T163654Z/halfling-final-check/nella/before-exports/T_wc_u_halfling_rogue_Normal.png
 create mode 100644 reports/WC-U440/20260906T163654Z/halfling-final-check/nella/before-exports/T_wc_u_halfling_rogue_ORM.png
 create mode 100644 reports/WC-U440/20260906T163654Z/halfling-final-check/nella/before-exports/export_manifest.json
 create mode 100644 reports/WC-U440/20260906T163654Z/halfling-final-check/nella/before-exports/portrait.png
 create mode 100644 reports/WC-U440/20260906T163654Z/halfling-final-check/nella/before-source/wc_u_halfling_rogue.blend
 create mode 100644 reports/WC-U440/20260906T163654Z/halfling-final-check/nella/completed.json
 create mode 100644 reports/WC-U440/20260906T163654Z/halfling-final-check/nella/continuous-Active.mp4
 create mode 100644 reports/WC-U440/20260906T163654Z/halfling-final-check/nella/continuous-Attack.mp4
 create mode 100644 reports/WC-U440/20260906T163654Z/halfling-final-check/nella/continuous-Defeat.mp4
 create mode 100644 reports/WC-U440/20260906T163654Z/halfling-final-check/nella/continuous-Hit.mp4
 create mode 100644 reports/WC-U440/20260906T163654Z/halfling-final-check/nella/continuous-Idle.mp4
 create mode 100644 reports/WC-U440/20260906T163654Z/halfling-final-check/nella/continuous-Move.mp4
 create mode 100644 reports/WC-U440/20260906T163654Z/halfling-final-check/nella/continuous-Victory.mp4
 create mode 100644 reports/WC-U440/20260906T163654Z/halfling-final-check/nella/executed-ik-reach.json
 create mode 100644 reports/WC-U440/20260906T163654Z/halfling-final-check/nella/face.png
 create mode 100644 reports/WC-U440/20260906T163654Z/halfling-final-check/nella/front.png
 create mode 100644 reports/WC-U440/20260906T163654Z/halfling-final-check/nella/game-angle.png
 create mode 100644 reports/WC-U440/20260906T163654Z/halfling-final-check/nella/input.json
 create mode 100644 reports/WC-U440/20260906T163654Z/halfling-final-check/nella/sampled-motion.json
 create mode 100644 reports/WC-U440/20260906T163654Z/halfling-final-check/nella/side.png
 create mode 100644 reports/WC-U440/20260906T163654Z/halfling-final-check/nella/structural.json
 create mode 100644 reports/WC-U440/20260906T163654Z/halfling-final-check/nella/three-quarter.png
 create mode 100644 reports/WC-U440/20260906T163812Z/finn-milo-import/editor.log
 create mode 100644 reports/WC-U440/20260906T163812Z/finn-milo-import/import-selected.json
 create mode 100644 reports/WC-U440/20260906T163812Z/finn-milo-import/import_alpha_assets.json
 create mode 100644 reports/WC-U440/20260906T163812Z/finn-milo-import/process.json
 create mode 100644 reports/WC-U440/20260906T163812Z/finn-milo-import/stderr.log
 create mode 100644 reports/WC-U440/20260906T163812Z/finn-milo-import/stdout.log
 create mode 100644 reports/WC-U440/20260906T163949Z/nella4-import/editor.log
 create mode 100644 reports/WC-U440/20260906T163949Z/nella4-import/import-wc_u_halfling_rogue.json
 create mode 100644 reports/WC-U440/20260906T163949Z/nella4-import/import_alpha_assets.json
 create mode 100644 reports/WC-U440/20260906T163949Z/nella4-import/process.json
 create mode 100644 reports/WC-U440/20260906T163949Z/nella4-import/stderr.log
 create mode 100644 reports/WC-U440/20260906T163949Z/nella4-import/stdout.log
 create mode 100644 reports/WC-U440/20260906T164048Z/elf-shoulder-import/editor.log
 create mode 100644 reports/WC-U440/20260906T164048Z/elf-shoulder-import/import-selected.json
 create mode 100644 reports/WC-U440/20260906T164048Z/elf-shoulder-import/import_alpha_assets.json
 create mode 100644 reports/WC-U440/20260906T164048Z/elf-shoulder-import/process.json
 create mode 100644 reports/WC-U440/20260906T164048Z/elf-shoulder-import/stderr.log
 create mode 100644 reports/WC-U440/20260906T164048Z/elf-shoulder-import/stdout.log
 create mode 100644 reports/WC-U440/20260906T164215Z/cold-twenty/automation/index.html
 create mode 100644 reports/WC-U440/20260906T164215Z/cold-twenty/automation/index.json
 create mode 100644 reports/WC-U440/20260906T164215Z/cold-twenty/editor.log
 create mode 100644 reports/WC-U440/20260906T164215Z/cold-twenty/imported-assets.json
 create mode 100644 reports/WC-U440/20260906T164215Z/cold-twenty/imported-neutrals.json
 create mode 100644 reports/WC-U440/20260906T164215Z/cold-twenty/launch.json
 create mode 100644 reports/WC-U440/20260906T164215Z/cold-twenty/process.json
 create mode 100644 reports/WC-U440/20260906T164215Z/cold-twenty/stderr.log
 create mode 100644 reports/WC-U440/20260906T164215Z/cold-twenty/stdout.log
 create mode 100644 reports/WC-U440/20260906T164517Z/dragonkin-readiness/READINESS.md
 create mode 100644 reports/WC-U440/20260906T164517Z/dragonkin-readiness/execution.json
 create mode 100644 reports/WC-U440/20260906T164517Z/dragonkin-readiness/preparation.json
 create mode 100644 reports/WC-U440/20260906T164517Z/dragonkin-readiness/preparation.stderr.log
 create mode 100644 reports/WC-U440/20260906T164907Z/dragonkin/process-exit.json
 create mode 100644 reports/WC-U440/20260906T164907Z/dragonkin/sora-author.log
 create mode 100644 reports/WC-U440/20260906T164907Z/dragonkin/sora/Active-end.png
 create mode 100644 reports/WC-U440/20260906T164907Z/dragonkin/sora/Active-release.png
 create mode 100644 reports/WC-U440/20260906T164907Z/dragonkin/sora/Active-start.png
 create mode 100644 reports/WC-U440/20260906T164907Z/dragonkin/sora/Attack-end.png
 create mode 100644 reports/WC-U440/20260906T164907Z/dragonkin/sora/Attack-release.png
 create mode 100644 reports/WC-U440/20260906T164907Z/dragonkin/sora/Attack-start.png
 create mode 100644 reports/WC-U440/20260906T164907Z/dragonkin/sora/Defeat-end.png
 create mode 100644 reports/WC-U440/20260906T164907Z/dragonkin/sora/Defeat-release.png
 create mode 100644 reports/WC-U440/20260906T164907Z/dragonkin/sora/Defeat-start.png
 create mode 100644 reports/WC-U440/20260906T164907Z/dragonkin/sora/Hit-end.png
 create mode 100644 reports/WC-U440/20260906T164907Z/dragonkin/sora/Hit-release.png
 create mode 100644 reports/WC-U440/20260906T164907Z/dragonkin/sora/Hit-start.png
 create mode 100644 reports/WC-U440/20260906T164907Z/dragonkin/sora/Idle-end.png
 create mode 100644 reports/WC-U440/20260906T164907Z/dragonkin/sora/Idle-release.png
 create mode 100644 reports/WC-U440/20260906T164907Z/dragonkin/sora/Idle-start.png
 create mode 100644 reports/WC-U440/20260906T164907Z/dragonkin/sora/Move-end.png
 create mode 100644 reports/WC-U440/20260906T164907Z/dragonkin/sora/Move-release.png
 create mode 100644 reports/WC-U440/20260906T164907Z/dragonkin/sora/Move-start.png
 create mode 100644 reports/WC-U440/20260906T164907Z/dragonkin/sora/Victory-end.png
 create mode 100644 reports/WC-U440/20260906T164907Z/dragonkin/sora/Victory-release.png
 create mode 100644 reports/WC-U440/20260906T164907Z/dragonkin/sora/Victory-start.png
 create mode 100644 reports/WC-U440/20260906T164907Z/dragonkin/sora/all-frame-invariants.json
 create mode 100644 reports/WC-U440/20260906T164907Z/dragonkin/sora/back.png
 create mode 100644 reports/WC-U440/20260906T164907Z/dragonkin/sora/completed.json
 create mode 100644 reports/WC-U440/20260906T164907Z/dragonkin/sora/continuous-Active.mp4
 create mode 100644 reports/WC-U440/20260906T164907Z/dragonkin/sora/continuous-Attack.mp4
 create mode 100644 reports/WC-U440/20260906T164907Z/dragonkin/sora/continuous-Defeat.mp4
 create mode 100644 reports/WC-U440/20260906T164907Z/dragonkin/sora/continuous-Hit.mp4
 create mode 100644 reports/WC-U440/20260906T164907Z/dragonkin/sora/continuous-Idle.mp4
 create mode 100644 reports/WC-U440/20260906T164907Z/dragonkin/sora/continuous-Move.mp4
 create mode 100644 reports/WC-U440/20260906T164907Z/dragonkin/sora/continuous-Victory.mp4
 create mode 100644 reports/WC-U440/20260906T164907Z/dragonkin/sora/executed-author.py
 create mode 100644 reports/WC-U440/20260906T164907Z/dragonkin/sora/executed-ik-reach.json
 create mode 100644 reports/WC-U440/20260906T164907Z/dragonkin/sora/executed-profile.py
 create mode 100644 reports/WC-U440/20260906T164907Z/dragonkin/sora/face.png
 create mode 100644 reports/WC-U440/20260906T164907Z/dragonkin/sora/front.png
 create mode 100644 reports/WC-U440/20260906T164907Z/dragonkin/sora/game-angle.png
 create mode 100644 reports/WC-U440/20260906T164907Z/dragonkin/sora/input.json
 create mode 100644 reports/WC-U440/20260906T164907Z/dragonkin/sora/rest-structure.json
 create mode 100644 reports/WC-U440/20260906T164907Z/dragonkin/sora/sampled-motion.json
 create mode 100644 reports/WC-U440/20260906T164907Z/dragonkin/sora/side.png
 create mode 100644 reports/WC-U440/20260906T164907Z/dragonkin/sora/structural.json
 create mode 100644 reports/WC-U440/20260906T164907Z/dragonkin/sora/three-quarter.png
 create mode 100644 reports/WC-U440/20260906T164928Z-kesh-shoulders/arm-review.log
 create mode 100644 reports/WC-U440/20260906T164928Z-kesh-shoulders/before/arm-inspection.json
 create mode 100644 reports/WC-U440/20260906T164928Z-kesh-shoulders/before/executed-inspection.py
 create mode 100644 reports/WC-U440/20260906T164928Z-kesh-shoulders/candidate8.log
 create mode 100644 reports/WC-U440/20260906T164928Z-kesh-shoulders/candidate8/arm-review/Active-001.png
To https://github.com/TUPRAM/wonder-chess.git
   efca6f7..3d854a9  main -> main
branch 'main' set up to track 'origin/main'.
