experiment,seed,round,seat,winner,timeout,health_after,damage,reward
7,101,1,0,0,0,60,0,2
7,101,1,1,0,0,60,0,2
7,101,1,2,0,0,60,0,2
7,101,1,3,0,0,60,0,2
7,101,1,4,0,0,60,0,2
7,101,1,5,0,0,60,0,2
7,101,1,6,0,0,60,0,2
7,101,1,7,0,0,60,0,2
7,101,2,0,0,0,60,0,2
7,101,2,1,0,0,60,0,2
7,101,2,2,0,0,60,0,2
7,101,2,3,0,0,60,0,2
7,101,2,4,0,0,60,0,2
7,101,2,5,0,0,60,0,2
7,101,2,6,0,0,60,0,2
7,101,2,7,0,0,60,0,2
7,101,3,0,0,0,60,0,2
7,101,3,1,0,0,60,0,2
7,101,3,2,0,0,60,0,2
7,101,3,3,0,0,60,0,2
7,101,3,4,0,0,60,0,2
7,101,3,5,0,0,60,0,2
7,101,3,6,0,0,60,0,2
7,101,3,7,0,0,60,0,2
7,101,5,0,0,0,60,0,2
7,101,5,1,0,0,56,0,2
7,101,5,2,0,0,56,0,2
7,101,5,3,0,0,60,0,2
7,101,5,4,0,0,60,0,2
7,101,5,5,0,0,60,0,2
7,101,5,6,0,0,56,0,2
7,101,5,7,0,0,56,0,2
7,101,10,0,0,0,54,0,2
7,101,10,1,0,0,51,0,2
7,101,10,2,0,0,43,0,2
7,101,10,3,0,0,34,0,2
7,101,10,4,0,0,50,0,2
7,101,10,5,0,0,60,0,2
7,101,10,6,0,0,27,0,2
7,101,10,7,0,0,52,0,2
7,101,15,0,0,0,39,0,2
7,101,15,1,0,0,39,0,2
7,101,15,2,0,0,43,0,2
7,101,15,4,0,0,32,0,2
7,101,15,5,0,0,60,0,2
7,101,15,7,0,0,44,0,2
7,101,20,0,0,0,33,0,2
7,101,20,1,0,0,22,0,2
7,101,20,2,0,0,19,0,2
7,101,20,4,1,0,0,2,0
7,101,20,5,0,0,60,0,2
7,101,20,7,0,0,29,0,2
7,101,25,0,0,0,33,0,2
7,101,25,1,1,1,2,2,0
7,101,25,5,0,0,43,0,2
7,101,25,7,0,0,3,0,2
7,101,30,0,1,0,13,2,0
7,101,30,5,1,0,12,2,0
7,102,1,0,0,0,60,0,2
7,102,1,1,0,0,60,0,2
7,102,1,2,0,0,60,0,2
7,102,1,3,0,0,60,0,2
7,102,1,4,0,0,60,0,2
7,102,1,5,0,0,60,0,2
7,102,1,6,0,0,60,0,2
7,102,1,7,0,0,60,0,2
7,102,2,0,0,0,60,0,2
7,102,2,1,0,0,60,0,2
7,102,2,2,0,0,60,0,2
7,102,2,3,0,0,60,0,2
7,102,2,4,0,0,60,0,2
7,102,2,5,0,0,60,0,2
7,102,2,6,0,0,60,0,2
7,102,2,7,0,0,60,0,2
7,102,3,0,0,0,60,0,2
7,102,3,1,0,0,60,0,2
7,102,3,2,0,0,60,0,2
7,102,3,3,0,0,60,0,2
7,102,3,4,0,0,60,0,2
7,102,3,5,0,0,60,0,2
7,102,3,6,0,0,60,0,2
7,102,3,7,0,0,60,0,2
7,102,5,0,0,0,60,0,2
7,102,5,1,0,0,60,0,2
7,102,5,2,0,0,54,0,2
7,102,5,3,0,0,56,0,2
7,102,5,4,0,0,55,0,2
7,102,5,5,0,0,60,0,2
7,102,5,6,0,0,60,0,2
7,102,5,7,0,0,54,0,2
7,102,10,0,0,0,38,0,2
7,102,10,1,0,0,56,0,2
7,102,10,2,0,0,36,0,2
7,102,10,3,0,0,30,0,2
7,102,10,4,0,0,55,0,2
7,102,10,5,0,0,44,0,2
7,102,10,6,0,0,55,0,2
7,102,10,7,0,0,54,0,2
7,102,15,0,0,0,26,0,2
7,102,15,1,0,0,50,0,2
7,102,15,2,0,0,12,0,2
7,102,15,3,0,0,1,0,2
7,102,15,4,0,0,47,0,2
7,102,15,5,0,0,20,0,2
7,102,15,6,0,0,42,0,2
7,102,15,7,0,0,54,0,2
7,102,20,1,0,0,37,0,2
7,102,20,4,1,0,22,2,0
7,102,20,5,1,0,2,2,0
7,102,20,6,0,0,42,0,2
7,102,20,7,0,0,54,0,2
7,102,25,1,0,0,21,0,2
7,102,25,6,1,1,12,2,0
7,102,25,7,0,0,54,0,2
7,103,1,0,0,0,60,0,2
7,103,1,1,0,0,60,0,2
7,103,1,2,0,0,60,0,2
7,103,1,3,0,0,60,0,2
7,103,1,4,0,0,60,0,2
7,103,1,5,0,0,60,0,2
7,103,1,6,0,0,60,0,2
7,103,1,7,0,0,60,0,2
7,103,2,0,0,0,60,0,2
7,103,2,1,0,0,60,0,2
7,103,2,2,0,0,60,0,2
7,103,2,3,0,0,60,0,2
7,103,2,4,0,0,60,0,2
7,103,2,5,0,0,60,0,2
7,103,2,6,0,0,60,0,2
7,103,2,7,0,0,60,0,2
7,103,3,0,0,0,60,0,2
7,103,3,1,0,0,60,0,2
7,103,3,2,0,0,60,0,2
7,103,3,3,0,0,60,0,2
7,103,3,4,0,0,60,0,2
7,103,3,5,0,0,60,0,2
7,103,3,6,0,0,60,0,2
7,103,3,7,0,0,60,0,2
7,103,5,0,0,0,54,0,2
7,103,5,1,0,0,55,0,2
7,103,5,2,0,0,60,0,2
7,103,5,3,0,0,60,0,2
7,103,5,4,0,0,60,0,2
7,103,5,5,0,0,55,0,2
7,103,5,6,0,0,60,0,2
7,103,5,7,0,0,55,0,2
7,103,10,0,0,0,54,0,2
7,103,10,1,0,0,38,0,2
7,103,10,2,0,0,54,0,2
7,103,10,3,0,0,44,0,2
7,103,10,4,0,0,35,0,2
7,103,10,5,0,0,52,0,2
7,103,10,6,0,0,60,0,2
7,103,10,7,0,0,28,0,2
7,103,15,0,0,0,54,0,2
7,103,15,1,0,0,21,0,2
7,103,15,2,0,0,35,0,2
7,103,15,3,0,0,22,0,2
7,103,15,4,0,0,12,0,2
7,103,15,5,0,0,39,0,2
7,103,15,6,0,0,51,0,2
7,103,15,7,0,0,22,0,2
7,103,20,0,0,0,54,0,2
7,103,20,2,0,1,18,0,2
7,103,20,5,0,0,39,0,2
7,103,20,6,0,0,34,0,2
7,103,25,0,0,0,54,0,2
7,103,25,5,1,0,18,2,0
7,103,25,6,1,0,4,2,0
7,104,1,0,0,0,60,0,2
7,104,1,1,0,0,60,0,2
7,104,1,2,0,0,60,0,2
7,104,1,3,0,0,60,0,2
7,104,1,4,0,0,60,0,2
7,104,1,5,0,0,60,0,2
7,104,1,6,0,0,60,0,2
7,104,1,7,0,0,60,0,2
7,104,2,0,0,0,60,0,2
7,104,2,1,0,0,60,0,2
7,104,2,2,0,0,60,0,2
7,104,2,3,0,0,60,0,2
7,104,2,4,0,0,60,0,2
7,104,2,5,0,0,60,0,2
7,104,2,6,0,0,60,0,2
7,104,2,7,0,0,60,0,2
7,104,3,0,0,0,60,0,2
7,104,3,1,0,0,60,0,2
7,104,3,2,0,0,60,0,2
7,104,3,3,0,0,60,0,2
7,104,3,4,0,0,60,0,2
7,104,3,5,0,0,60,0,2
7,104,3,6,0,0,60,0,2
7,104,3,7,0,0,60,0,2
7,104,5,0,0,0,60,0,2
7,104,5,1,0,0,60,0,2
7,104,5,2,0,0,60,0,2
7,104,5,3,0,0,54,0,2
7,104,5,4,0,0,60,0,2
7,104,5,5,0,0,55,0,2
7,104,5,6,0,0,54,0,2
7,104,5,7,0,0,56,0,2
7,104,10,0,0,0,60,0,2
7,104,10,1,0,0,49,0,2
7,104,10,2,0,0,50,0,2
7,104,10,3,0,0,27,0,2
7,104,10,4,0,0,50,0,2
7,104,10,5,0,0,48,0,2
7,104,10,6,0,0,47,0,2
7,104,10,7,0,0,36,0,2
7,104,15,0,0,0,60,0,2
7,104,15,1,0,0,37,0,2
7,104,15,2,0,0,50,0,2
7,104,15,4,0,0,29,0,2
7,104,15,5,0,0,33,0,2
7,104,15,6,0,0,37,0,2
7,104,15,7,0,0,13,0,2
7,104,20,0,0,0,52,0,2
7,104,20,1,1,0,5,2,0
7,104,20,2,0,0,43,0,2
7,104,20,5,0,0,25,0,2
7,104,20,6,0,0,21,0,2
7,104,20,7,0,0,6,0,2
7,104,25,0,0,0,33,0,2
7,104,25,2,0,1,35,0,2
7,104,25,5,0,0,15,0,2
7,104,30,2,1,0,14,2,0
7,104,30,5,1,0,13,2,0
7,105,1,0,0,0,60,0,2
7,105,1,1,0,0,60,0,2
7,105,1,2,0,0,60,0,2
7,105,1,3,0,0,60,0,2
7,105,1,4,0,0,60,0,2
7,105,1,5,0,0,60,0,2
7,105,1,6,0,0,60,0,2
7,105,1,7,0,0,60,0,2
7,105,2,0,0,0,60,0,2
7,105,2,1,0,0,60,0,2
7,105,2,2,0,0,60,0,2
7,105,2,3,0,0,60,0,2
7,105,2,4,0,0,60,0,2
7,105,2,5,0,0,60,0,2
7,105,2,6,0,0,60,0,2
7,105,2,7,0,0,60,0,2
7,105,3,0,0,0,60,0,2
7,105,3,1,0,0,60,0,2
7,105,3,2,0,0,60,0,2
7,105,3,3,0,0,60,0,2
7,105,3,4,0,0,60,0,2
7,105,3,5,0,0,60,0,2
7,105,3,6,0,0,60,0,2
7,105,3,7,0,0,60,0,2
7,105,5,0,0,0,60,0,2
7,105,5,1,0,0,56,0,2
7,105,5,2,0,0,60,0,2
7,105,5,3,0,0,56,0,2
7,105,5,4,0,0,55,0,2
7,105,5,5,0,0,56,0,2
7,105,5,6,0,0,60,0,2
7,105,5,7,0,0,60,0,2
7,105,10,0,0,0,49,0,2
7,105,10,1,0,0,51,0,2
7,105,10,2,0,0,60,0,2
7,105,10,3,0,0,36,0,2
7,105,10,4,0,0,40,0,2
7,105,10,5,0,0,56,0,2
7,105,10,6,0,0,45,0,2
7,105,10,7,0,0,41,0,2
7,105,15,0,0,0,39,0,2
7,105,15,1,0,0,46,0,2
7,105,15,2,0,0,44,0,2
7,105,15,3,0,0,5,0,2
7,105,15,4,0,0,35,0,2
7,105,15,5,0,0,56,0,2
7,105,15,6,0,0,30,0,2
7,105,15,7,0,0,21,0,2
7,105,20,0,0,0,32,0,2
7,105,20,1,1,0,22,2,0
7,105,20,2,0,1,29,0,2
7,105,20,4,0,0,35,0,2
7,105,20,5,0,0,45,0,2
7,105,20,6,1,0,0,2,0
7,105,20,7,0,0,7,0,2
7,105,25,0,0,0,32,0,2
7,105,25,1,0,0,4,0,2
7,105,25,4,0,0,28,0,2
7,105,25,5,0,0,25,0,2
7,105,30,0,1,0,13,2,0
7,105,30,4,1,0,26,2,0
7,106,1,0,0,0,60,0,2
7,106,1,1,0,0,60,0,2
7,106,1,2,0,0,60,0,2
7,106,1,3,0,0,60,0,2
7,106,1,4,0,0,60,0,2
7,106,1,5,0,0,60,0,2
7,106,1,6,0,0,60,0,2
7,106,1,7,0,0,60,0,2
7,106,2,0,0,0,60,0,2
7,106,2,1,0,0,60,0,2
7,106,2,2,0,0,60,0,2
7,106,2,3,0,0,60,0,2
7,106,2,4,0,0,60,0,2
7,106,2,5,0,0,60,0,2
7,106,2,6,0,0,60,0,2
7,106,2,7,0,0,60,0,2
7,106,3,0,0,0,60,0,2
7,106,3,1,0,0,60,0,2
7,106,3,2,0,0,60,0,2
7,106,3,3,0,0,60,0,2
7,106,3,4,0,0,60,0,2
7,106,3,5,0,0,60,0,2
7,106,3,6,0,0,60,0,2
7,106,3,7,0,0,60,0,2
7,106,5,0,0,0,60,0,2
7,106,5,1,0,0,56,0,2
7,106,5,2,0,0,55,0,2
7,106,5,3,0,0,60,0,2
7,106,5,4,0,0,60,0,2
7,106,5,5,0,0,55,0,2
7,106,5,6,0,0,60,0,2
7,106,5,7,0,0,55,0,2
7,106,10,0,0,0,51,0,2
7,106,10,1,0,0,48,0,2
7,106,10,2,0,0,52,0,2
7,106,10,3,0,0,44,0,2
7,106,10,4,0,0,60,0,2
7,106,10,5,0,0,34,0,2
7,106,10,6,0,0,46,0,2
7,106,10,7,0,0,51,0,2
7,106,15,0,0,0,42,0,2
7,106,15,1,0,0,48,0,2
7,106,15,2,0,0,47,0,2
7,106,15,3,0,0,14,0,2
7,106,15,4,0,0,45,0,2
7,106,15,5,0,0,6,0,2
7,106,15,6,0,0,34,0,2
7,106,15,7,0,0,43,0,2
7,106,20,0,1,0,19,2,0
7,106,20,1,0,0,40,0,2
7,106,20,2,0,0,47,0,2
7,106,20,3,0,0,6,0,2
7,106,20,4,0,0,22,0,2
7,106,20,6,1,0,12,2,0
7,106,20,7,1,0,18,2,0
7,106,25,1,0,0,29,0,2
7,106,25,2,0,0,47,0,2
7,106,25,4,0,0,14,0,2
7,106,30,1,1,0,19,2,0
7,106,30,2,1,0,27,2,0
7,106,30,4,1,0,2,2,0
7,106,35,2,1,1,7,2,0
7,106,35,4,0,0,2,0,2
7,107,1,0,0,0,60,0,2
7,107,1,1,0,0,60,0,2
7,107,1,2,0,0,60,0,2
7,107,1,3,0,0,60,0,2
7,107,1,4,0,0,60,0,2
7,107,1,5,0,0,60,0,2
7,107,1,6,0,0,60,0,2
7,107,1,7,0,0,60,0,2
7,107,2,0,0,0,60,0,2
7,107,2,1,0,0,60,0,2
7,107,2,2,0,0,60,0,2
7,107,2,3,0,0,60,0,2
7,107,2,4,0,0,60,0,2
7,107,2,5,0,0,60,0,2
7,107,2,6,0,0,60,0,2
7,107,2,7,0,0,60,0,2
7,107,3,0,0,0,60,0,2
7,107,3,1,0,0,60,0,2
7,107,3,2,0,0,60,0,2
7,107,3,3,0,0,60,0,2
7,107,3,4,0,0,60,0,2
7,107,3,5,0,0,60,0,2
7,107,3,6,0,0,60,0,2
7,107,3,7,0,0,60,0,2
7,107,5,0,0,0,54,0,2
7,107,5,1,0,0,60,0,2
7,107,5,2,0,0,54,0,2
7,107,5,3,0,0,60,0,2
7,107,5,4,0,0,54,0,2
7,107,5,5,0,0,60,0,2
7,107,5,6,0,0,56,0,2
7,107,5,7,0,0,60,0,2
7,107,10,0,0,0,37,0,2
7,107,10,1,0,0,45,0,2
7,107,10,2,0,0,30,0,2
7,107,10,3,0,0,55,0,2
7,107,10,4,0,0,37,0,2
7,107,10,5,0,0,60,0,2
7,107,10,6,0,0,51,0,2
7,107,10,7,0,0,55,0,2
7,107,15,0,0,0,30,0,2
7,107,15,1,0,0,20,0,2
7,107,15,2,0,0,13,0,2
7,107,15,3,0,0,49,0,2
7,107,15,4,0,0,5,0,2
7,107,15,5,0,0,41,0,2
7,107,15,6,0,0,51,0,2
7,107,15,7,0,0,48,0,2
7,107,20,0,0,0,30,0,2
7,107,20,3,0,0,38,0,2
7,107,20,5,0,0,16,0,2
7,107,20,6,0,0,45,0,2
7,107,20,7,0,0,34,0,2
7,107,25,0,0,0,13,0,2
7,107,25,3,0,0,30,0,2
7,107,25,6,0,0,27,0,2
7,107,25,7,0,0,10,0,2
7,107,30,0,0,0,5,0,2
7,107,30,3,0,0,22,0,2
7,107,30,6,1,0,0,2,0
7,108,1,0,0,0,60,0,2
7,108,1,1,0,0,60,0,2
7,108,1,2,0,0,60,0,2
7,108,1,3,0,0,60,0,2
7,108,1,4,0,0,60,0,2
7,108,1,5,0,0,60,0,2
7,108,1,6,0,0,60,0,2
7,108,1,7,0,0,60,0,2
7,108,2,0,0,0,60,0,2
7,108,2,1,0,0,60,0,2
7,108,2,2,0,0,60,0,2
7,108,2,3,0,0,60,0,2
7,108,2,4,0,0,60,0,2
7,108,2,5,0,0,60,0,2
7,108,2,6,0,0,60,0,2
7,108,2,7,0,0,60,0,2
7,108,3,0,0,0,60,0,2
7,108,3,1,0,0,60,0,2
7,108,3,2,0,0,60,0,2
7,108,3,3,0,0,60,0,2
7,108,3,4,0,0,60,0,2
7,108,3,5,0,0,60,0,2
7,108,3,6,0,0,60,0,2
7,108,3,7,0,0,60,0,2
7,108,5,0,0,0,60,0,2
7,108,5,1,0,0,57,0,2
7,108,5,2,0,0,55,0,2
7,108,5,3,0,0,55,0,2
7,108,5,4,0,0,60,0,2
7,108,5,5,0,0,54,0,2
7,108,5,6,0,0,60,0,2
7,108,5,7,0,0,60,0,2
7,108,10,0,0,0,40,0,2
7,108,10,1,0,0,57,0,2
7,108,10,2,0,0,45,0,2
7,108,10,3,0,0,31,0,2
7,108,10,4,0,0,45,0,2
7,108,10,5,0,0,37,0,2
7,108,10,6,0,0,60,0,2
7,108,10,7,0,0,55,0,2
7,108,15,0,0,0,33,0,2
7,108,15,1,0,0,57,0,2
7,108,15,2,0,0,31,0,2
7,108,15,3,0,0,8,0,2
7,108,15,4,0,0,22,0,2
7,108,15,5,0,0,7,0,2
7,108,15,6,0,0,56,0,2
7,108,15,7,0,0,37,0,2
7,108,20,0,0,0,16,0,2
7,108,20,1,0,0,57,0,2
7,108,20,2,0,0,14,0,2
7,108,20,6,0,0,56,0,2
7,108,20,7,0,0,4,0,2
7,108,25,1,0,0,41,0,2
7,108,25,6,0,0,56,0,2
7,108,30,1,0,0,9,0,2
7,108,30,6,0,0,56,0,2
7,109,1,0,0,0,60,0,2
7,109,1,1,0,0,60,0,2
7,109,1,2,0,0,60,0,2
7,109,1,3,0,0,60,0,2
7,109,1,4,0,0,60,0,2
7,109,1,5,0,0,60,0,2
7,109,1,6,0,0,60,0,2
7,109,1,7,0,0,60,0,2
7,109,2,0,0,0,60,0,2
7,109,2,1,0,0,60,0,2
7,109,2,2,0,0,60,0,2
7,109,2,3,0,0,60,0,2
7,109,2,4,0,0,60,0,2
7,109,2,5,0,0,60,0,2
7,109,2,6,0,0,60,0,2
7,109,2,7,0,0,60,0,2
7,109,3,0,0,0,60,0,2
7,109,3,1,0,0,60,0,2
7,109,3,2,0,0,60,0,2
7,109,3,3,0,0,60,0,2
7,109,3,4,0,0,60,0,2
7,109,3,5,0,0,60,0,2
7,109,3,6,0,0,60,0,2
7,109,3,7,0,0,60,0,2
7,109,5,0,0,0,60,0,2
7,109,5,1,0,0,54,0,2
7,109,5,2,0,0,54,0,2
7,109,5,3,0,0,60,0,2
7,109,5,4,0,0,55,0,2
7,109,5,5,0,0,60,0,2
7,109,5,6,0,0,54,0,2
7,109,5,7,0,0,60,0,2
7,109,10,0,0,0,60,0,2
7,109,10,1,0,0,38,0,2
7,109,10,2,0,0,42,0,2
7,109,10,3,0,0,48,0,2
7,109,10,4,0,0,37,0,2
7,109,10,5,0,0,50,0,2
7,109,10,6,0,0,48,0,2
7,109,10,7,0,0,45,0,2
7,109,15,0,0,0,55,0,2
7,109,15,1,0,0,32,0,2
7,109,15,2,0,0,28,0,2
7,109,15,3,0,0,42,0,2
7,109,15,4,0,0,9,0,2
7,109,15,5,0,0,42,0,2
7,109,15,6,0,0,20,0,2
7,109,15,7,0,0,30,0,2
7,109,20,0,0,0,33,0,2
7,109,20,1,1,0,11,2,0
7,109,20,2,0,0,28,0,2
7,109,20,3,0,0,42,0,2
7,109,20,5,0,0,42,0,2
7,109,20,7,1,0,3,2,0
7,109,25,0,0,0,4,0,2
7,109,25,2,0,0,20,0,2
7,109,25,3,0,0,42,0,2
7,109,25,5,0,1,14,0,2
7,110,1,0,0,0,60,0,2
7,110,1,1,0,0,60,0,2
7,110,1,2,0,0,60,0,2
7,110,1,3,0,0,60,0,2
7,110,1,4,0,0,60,0,2
7,110,1,5,0,0,60,0,2
7,110,1,6,0,0,60,0,2
7,110,1,7,0,0,60,0,2
7,110,2,0,0,0,60,0,2
7,110,2,1,0,0,60,0,2
7,110,2,2,0,0,60,0,2
7,110,2,3,0,0,60,0,2
7,110,2,4,0,0,60,0,2
7,110,2,5,0,0,60,0,2
7,110,2,6,0,0,60,0,2
7,110,2,7,0,0,60,0,2
7,110,3,0,0,0,60,0,2
7,110,3,1,0,0,60,0,2
7,110,3,2,0,0,60,0,2
7,110,3,3,0,0,60,0,2
7,110,3,4,0,0,60,0,2
7,110,3,5,0,0,60,0,2
7,110,3,6,0,0,60,0,2
7,110,3,7,0,0,60,0,2
7,110,5,0,0,0,55,0,2
7,110,5,1,0,0,60,0,2
7,110,5,2,0,0,60,0,2
7,110,5,3,0,0,55,0,2
7,110,5,4,0,0,55,0,2
7,110,5,5,0,0,60,0,2
7,110,5,6,0,0,56,0,2
7,110,5,7,0,0,60,0,2
7,110,10,0,0,0,37,0,2
7,110,10,1,0,0,55,0,2
7,110,10,2,0,0,48,0,2
7,110,10,3,0,0,36,0,2
7,110,10,4,0,0,34,0,2
7,110,10,5,0,0,55,0,2
7,110,10,6,0,0,46,0,2
7,110,10,7,0,0,60,0,2
7,110,15,0,0,0,22,0,2
7,110,15,1,0,0,55,0,2
7,110,15,2,0,0,17,0,2
7,110,15,4,0,0,12,0,2
7,110,15,5,0,0,46,0,2
7,110,15,6,0,0,40,0,2
7,110,15,7,0,0,55,0,2
7,110,20,1,0,0,55,0,2
7,110,20,5,0,0,46,0,2
7,110,20,6,0,0,17,0,2
7,110,20,7,0,0,31,0,2
7,110,25,1,0,0,38,0,2
7,110,25,5,0,0,28,0,2
7,110,25,6,0,0,9,0,2
7,110,25,7,0,0,7,0,2
7,110,30,1,1,0,28,2,0
7,110,30,5,1,0,0,2,0
7,110,30,6,0,0,1,0,2
7,111,1,0,0,0,60,0,2
7,111,1,1,0,0,60,0,2
7,111,1,2,0,0,60,0,2
7,111,1,3,0,0,60,0,2
7,111,1,4,0,0,60,0,2
7,111,1,5,0,0,60,0,2
7,111,1,6,0,0,60,0,2
7,111,1,7,0,0,60,0,2
7,111,2,0,0,0,60,0,2
7,111,2,1,0,0,60,0,2
7,111,2,2,0,0,60,0,2
7,111,2,3,0,0,60,0,2
7,111,2,4,0,0,60,0,2
7,111,2,5,0,0,60,0,2
7,111,2,6,0,0,60,0,2
7,111,2,7,0,0,60,0,2
7,111,3,0,0,0,60,0,2
7,111,3,1,0,0,60,0,2
7,111,3,2,0,0,60,0,2
7,111,3,3,0,0,60,0,2
7,111,3,4,0,0,60,0,2
7,111,3,5,0,0,60,0,2
7,111,3,6,0,0,60,0,2
7,111,3,7,0,0,60,0,2
7,111,5,0,0,0,54,0,2
7,111,5,1,0,0,55,0,2
7,111,5,2,0,0,55,0,2
7,111,5,3,0,0,60,0,2
7,111,5,4,0,0,60,0,2
7,111,5,5,0,0,53,0,2
7,111,5,6,0,0,60,0,2
7,111,5,7,0,0,60,0,2
7,111,10,0,0,0,48,0,2
7,111,10,1,0,0,36,0,2
7,111,10,2,0,0,44,0,2
7,111,10,3,0,0,47,0,2
7,111,10,4,0,0,60,0,2
7,111,10,5,0,0,31,0,2
7,111,10,6,0,0,53,0,2
7,111,10,7,0,0,56,0,2
7,111,15,0,0,0,43,0,2
7,111,15,1,0,0,10,0,2
7,111,15,2,0,0,22,0,2
7,111,15,3,0,0,25,0,2
7,111,15,4,0,0,47,0,2
7,111,15,5,0,0,31,0,2
7,111,15,6,0,0,47,0,2
7,111,15,7,0,0,45,0,2
7,111,20,0,1,0,19,2,0
7,111,20,2,0,0,8,0,2
7,111,20,4,0,0,47,0,2
7,111,20,5,0,0,31,0,2
7,111,20,6,-1,0,18,2,0
7,111,20,7,0,0,38,0,2
7,111,25,4,0,0,47,0,2
7,111,25,5,0,0,24,0,2
7,111,25,7,1,0,12,2,0
7,112,1,0,0,0,60,0,2
7,112,1,1,0,0,60,0,2
7,112,1,2,0,0,60,0,2
7,112,1,3,0,0,60,0,2
7,112,1,4,0,0,60,0,2
7,112,1,5,0,0,60,0,2
7,112,1,6,0,0,60,0,2
7,112,1,7,0,0,60,0,2
7,112,2,0,0,0,60,0,2
7,112,2,1,0,0,60,0,2
7,112,2,2,0,0,60,0,2
7,112,2,3,0,0,60,0,2
7,112,2,4,0,0,60,0,2
7,112,2,5,0,0,60,0,2
7,112,2,6,0,0,60,0,2
7,112,2,7,0,0,60,0,2
7,112,3,0,0,0,60,0,2
7,112,3,1,0,0,60,0,2
7,112,3,2,0,0,60,0,2
7,112,3,3,0,0,60,0,2
7,112,3,4,0,0,60,0,2
7,112,3,5,0,0,60,0,2
7,112,3,6,0,0,60,0,2
7,112,3,7,0,0,60,0,2
7,112,5,0,0,0,60,0,2
7,112,5,1,0,0,60,0,2
7,112,5,2,0,0,60,0,2
7,112,5,3,0,0,60,0,2
7,112,5,4,0,0,55,0,2
7,112,5,5,0,0,54,0,2
7,112,5,6,0,0,55,0,2
7,112,5,7,0,0,54,0,2
7,112,10,0,0,0,46,0,2
7,112,10,1,0,0,54,0,2
7,112,10,2,0,0,53,0,2
7,112,10,3,0,0,60,0,2
7,112,10,4,0,0,27,0,2
7,112,10,5,0,0,48,0,2
7,112,10,6,0,0,36,0,2
7,112,10,7,0,0,41,0,2
7,112,15,0,0,0,23,0,2
7,112,15,1,0,0,40,0,2
7,112,15,2,0,0,47,0,2
7,112,15,3,0,0,60,0,2
7,112,15,5,0,0,42,0,2
7,112,15,6,0,0,20,0,2
7,112,15,7,0,0,17,0,2
7,112,20,1,0,0,29,0,2
7,112,20,2,0,0,41,0,2
7,112,20,3,1,0,49,2,0
7,112,20,5,0,0,35,0,2
7,112,25,1,0,0,10,0,2
7,112,25,2,0,0,21,0,2
7,112,25,3,1,0,31,2,0
7,112,25,5,0,0,19,0,2
7,112,30,2,1,0,2,2,0
7,112,30,3,1,0,11,2,0
7,113,1,0,0,0,60,0,2
7,113,1,1,0,0,60,0,2
7,113,1,2,0,0,60,0,2
7,113,1,3,0,0,60,0,2
7,113,1,4,0,0,60,0,2
7,113,1,5,0,0,60,0,2
7,113,1,6,0,0,60,0,2
7,113,1,7,0,0,60,0,2
7,113,2,0,0,0,60,0,2
7,113,2,1,0,0,60,0,2
7,113,2,2,0,0,60,0,2
7,113,2,3,0,0,60,0,2
7,113,2,4,0,0,60,0,2
7,113,2,5,0,0,60,0,2
7,113,2,6,0,0,60,0,2
7,113,2,7,0,0,60,0,2
7,113,3,0,0,0,60,0,2
7,113,3,1,0,0,60,0,2
7,113,3,2,0,0,60,0,2
7,113,3,3,0,0,60,0,2
7,113,3,4,0,0,60,0,2
7,113,3,5,0,0,60,0,2
7,113,3,6,0,0,60,0,2
7,113,3,7,0,0,60,0,2
7,113,5,0,0,0,56,0,2
7,113,5,1,0,0,60,0,2
7,113,5,2,0,0,60,0,2
7,113,5,3,0,0,60,0,2
7,113,5,4,0,0,55,0,2
7,113,5,5,0,0,53,0,2
7,113,5,6,0,0,60,0,2
7,113,5,7,0,0,54,0,2
7,113,10,0,0,0,56,0,2
7,113,10,1,0,0,47,0,2
7,113,10,2,0,0,55,0,2
7,113,10,3,0,0,48,0,2
7,113,10,4,0,0,44,0,2
7,113,10,5,0,0,48,0,2
7,113,10,6,0,0,48,0,2
7,113,10,7,0,0,25,0,2
7,113,15,0,0,0,37,0,2
7,113,15,1,0,0,40,0,2
7,113,15,2,0,0,55,0,2
7,113,15,3,0,0,20,0,2
7,113,15,4,0,0,30,0,2
7,113,15,5,0,0,42,0,2
7,113,15,6,0,0,42,0,2
7,113,20,0,0,0,28,0,2
7,113,20,1,1,0,18,2,0
7,113,20,2,0,0,55,0,2
7,113,20,4,0,0,5,0,2
7,113,20,5,0,0,26,0,2
7,113,20,6,0,0,20,0,2
7,113,25,0,0,0,21,0,2
7,113,25,2,0,0,39,0,2
7,113,25,5,0,0,17,0,2
7,114,1,0,0,0,60,0,2
7,114,1,1,0,0,60,0,2
7,114,1,2,0,0,60,0,2
7,114,1,3,0,0,60,0,2
7,114,1,4,0,0,60,0,2
7,114,1,5,0,0,60,0,2
7,114,1,6,0,0,60,0,2
7,114,1,7,0,0,60,0,2
7,114,2,0,0,0,60,0,2
7,114,2,1,0,0,60,0,2
7,114,2,2,0,0,60,0,2
7,114,2,3,0,0,60,0,2
7,114,2,4,0,0,60,0,2
7,114,2,5,0,0,60,0,2
7,114,2,6,0,0,60,0,2
7,114,2,7,0,0,60,0,2
7,114,3,0,0,0,60,0,2
7,114,3,1,0,0,60,0,2
7,114,3,2,0,0,60,0,2
7,114,3,3,0,0,60,0,2
7,114,3,4,0,0,60,0,2
7,114,3,5,0,0,60,0,2
7,114,3,6,0,0,60,0,2
7,114,3,7,0,0,60,0,2
7,114,5,0,0,0,55,0,2
7,114,5,1,0,0,60,0,2
7,114,5,2,0,0,53,0,2
7,114,5,3,0,0,56,0,2
7,114,5,4,0,0,60,0,2
7,114,5,5,0,0,60,0,2
7,114,5,6,0,0,55,0,2
7,114,5,7,0,0,60,0,2
7,114,10,0,0,0,44,0,2
7,114,10,1,0,0,36,0,2
7,114,10,2,0,0,39,0,2
7,114,10,3,0,0,56,0,2
7,114,10,4,0,0,52,0,2
7,114,10,5,0,0,54,0,2
7,114,10,6,0,0,49,0,2
7,114,10,7,0,0,56,0,2
7,114,15,0,0,0,27,0,2
7,114,15,1,0,0,4,0,2
7,114,15,2,0,0,29,0,2
7,114,15,3,0,0,43,0,2
7,114,15,4,0,0,46,0,2
7,114,15,5,0,0,47,0,2
7,114,15,6,0,0,36,0,2
7,114,15,7,0,0,51,0,2
7,114,20,0,1,0,0,2,0
7,114,20,3,0,0,29,0,2
7,114,20,4,0,0,46,0,2
7,114,20,5,0,0,30,0,2
7,114,20,6,0,0,30,0,2
7,114,20,7,0,0,45,0,2
7,114,25,3,0,0,21,0,2
7,114,25,4,0,0,30,0,2
7,114,25,5,0,0,14,0,2
7,114,25,6,0,0,4,0,2
7,114,25,7,0,0,29,0,2
7,114,30,3,0,0,6,0,2
7,114,30,4,1,0,11,2,0
7,114,30,7,1,0,2,2,0
7,115,1,0,0,0,60,0,2
7,115,1,1,0,0,60,0,2
7,115,1,2,0,0,60,0,2
7,115,1,3,0,0,60,0,2
7,115,1,4,0,0,60,0,2
7,115,1,5,0,0,60,0,2
7,115,1,6,0,0,60,0,2
7,115,1,7,0,0,60,0,2
7,115,2,0,0,0,60,0,2
7,115,2,1,0,0,60,0,2
7,115,2,2,0,0,60,0,2
7,115,2,3,0,0,60,0,2
7,115,2,4,0,0,60,0,2
7,115,2,5,0,0,60,0,2
7,115,2,6,0,0,60,0,2
7,115,2,7,0,0,60,0,2
7,115,3,0,0,0,60,0,2
7,115,3,1,0,0,60,0,2
7,115,3,2,0,0,60,0,2
7,115,3,3,0,0,60,0,2
7,115,3,4,0,0,60,0,2
7,115,3,5,0,0,60,0,2
7,115,3,6,0,0,60,0,2
7,115,3,7,0,0,60,0,2
7,115,5,0,0,0,60,0,2
7,115,5,1,0,0,55,0,2
7,115,5,2,0,0,53,0,2
7,115,5,3,0,0,56,0,2
7,115,5,4,0,0,60,0,2
7,115,5,5,0,0,53,0,2
7,115,5,6,0,0,60,0,2
7,115,5,7,0,0,60,0,2
7,115,10,0,0,0,48,0,2
7,115,10,1,0,0,36,0,2
7,115,10,2,0,0,42,0,2
7,115,10,3,0,0,40,0,2
7,115,10,4,0,0,54,0,2
7,115,10,5,0,0,30,0,2
7,115,10,6,0,0,56,0,2
7,115,10,7,0,0,60,0,2
7,115,15,0,0,0,38,0,2
7,115,15,1,0,0,21,0,2
7,115,15,2,0,0,23,0,2
7,115,15,3,0,0,35,0,2
7,115,15,4,0,0,30,0,2
7,115,15,6,0,0,47,0,2
7,115,15,7,0,0,60,0,2
7,115,20,0,0,0,32,0,2
7,115,20,3,0,0,12,0,2
7,115,20,4,1,0,2,2,0
7,115,20,6,0,0,47,0,2
7,115,20,7,0,0,55,0,2
7,115,25,0,1,0,2,2,0
7,115,25,6,0,0,47,0,2
7,115,25,7,0,0,48,0,2
7,115,30,6,1,0,30,2,0
7,115,30,7,1,0,38,2,0
7,115,35,6,0,0,14,0,2
7,115,35,7,0,0,21,0,2
7,116,1,0,0,0,60,0,2
7,116,1,1,0,0,60,0,2
7,116,1,2,0,0,60,0,2
7,116,1,3,0,0,60,0,2
7,116,1,4,0,0,60,0,2
7,116,1,5,0,0,60,0,2
7,116,1,6,0,0,60,0,2
7,116,1,7,0,0,60,0,2
7,116,2,0,0,0,60,0,2
7,116,2,1,0,0,60,0,2
7,116,2,2,0,0,60,0,2
7,116,2,3,0,0,60,0,2
7,116,2,4,0,0,60,0,2
7,116,2,5,0,0,60,0,2
7,116,2,6,0,0,60,0,2
7,116,2,7,0,0,60,0,2
7,116,3,0,0,0,60,0,2
7,116,3,1,0,0,60,0,2
7,116,3,2,0,0,60,0,2
7,116,3,3,0,0,60,0,2
7,116,3,4,0,0,60,0,2
7,116,3,5,0,0,60,0,2
7,116,3,6,0,0,60,0,2
7,116,3,7,0,0,60,0,2
7,116,5,0,0,0,55,0,2
7,116,5,1,0,0,60,0,2
7,116,5,2,0,0,56,0,2
7,116,5,3,0,0,60,0,2
7,116,5,4,0,0,56,0,2
7,116,5,5,0,0,60,0,2
7,116,5,6,0,0,54,0,2
7,116,5,7,0,0,60,0,2
7,116,10,0,0,0,39,0,2
7,116,10,1,0,0,60,0,2
7,116,10,2,0,0,41,0,2
7,116,10,3,0,0,54,0,2
7,116,10,4,0,0,42,0,2
7,116,10,5,0,0,54,0,2
7,116,10,6,0,0,33,0,2
7,116,10,7,0,0,50,0,2
7,116,15,0,0,0,33,0,2
7,116,15,1,0,0,53,0,2
7,116,15,2,0,0,18,0,2
7,116,15,3,0,0,54,0,2
7,116,15,4,0,0,18,0,2
7,116,15,5,0,0,38,0,2
7,116,15,6,0,0,7,0,2
7,116,15,7,0,0,39,0,2
7,116,20,1,0,0,47,0,2
7,116,20,3,0,0,54,0,2
7,116,20,4,1,0,0,2,0
7,116,20,5,0,0,31,0,2
7,116,20,7,0,0,22,0,2
7,116,25,1,0,0,32,0,2
7,116,25,3,0,0,54,0,2
7,116,30,1,0,0,9,0,2
7,116,30,3,0,0,47,0,2
7,117,1,0,0,0,60,0,2
7,117,1,1,0,0,60,0,2
7,117,1,2,0,0,60,0,2
7,117,1,3,0,0,60,0,2
7,117,1,4,0,0,60,0,2
7,117,1,5,0,0,60,0,2
7,117,1,6,0,0,60,0,2
7,117,1,7,0,0,60,0,2
7,117,2,0,0,0,60,0,2
7,117,2,1,0,0,60,0,2
7,117,2,2,0,0,60,0,2
7,117,2,3,0,0,60,0,2
7,117,2,4,0,0,60,0,2
7,117,2,5,0,0,60,0,2
7,117,2,6,0,0,60,0,2
7,117,2,7,0,0,60,0,2
7,117,3,0,0,0,60,0,2
7,117,3,1,0,0,60,0,2
7,117,3,2,0,0,60,0,2
7,117,3,3,0,0,60,0,2
7,117,3,4,0,0,60,0,2
7,117,3,5,0,0,60,0,2
7,117,3,6,0,0,60,0,2
7,117,3,7,0,0,60,0,2
7,117,5,0,0,0,60,0,2
7,117,5,1,0,0,60,0,2
7,117,5,2,0,0,53,0,2
7,117,5,3,0,0,55,0,2
7,117,5,4,0,0,60,0,2
7,117,5,5,0,0,56,0,2
7,117,5,6,0,0,60,0,2
7,117,5,7,0,0,54,0,2
7,117,10,0,0,0,56,0,2
7,117,10,1,0,0,57,0,2
7,117,10,2,0,0,43,0,2
7,117,10,3,0,0,33,0,2
7,117,10,4,0,0,46,0,2
7,117,10,5,0,0,47,0,2
7,117,10,6,0,0,41,0,2
7,117,10,7,0,0,48,0,2
7,117,15,0,0,0,48,0,2
7,117,15,1,0,0,43,0,2
7,117,15,2,0,0,43,0,2
7,117,15,4,0,0,30,0,2
7,117,15,5,0,0,34,0,2
7,117,15,6,0,0,8,0,2
7,117,15,7,0,0,48,0,2
7,117,20,0,0,0,31,0,2
7,117,20,1,1,0,19,2,0
7,117,20,2,0,0,33,0,2
7,117,20,5,0,0,28,0,2
7,117,20,7,0,0,41,0,2
7,117,25,2,0,0,15,0,2
7,117,25,5,0,0,28,0,2
7,117,25,7,0,0,24,0,2
7,118,1,0,0,0,60,0,2
7,118,1,1,0,0,60,0,2
7,118,1,2,0,0,60,0,2
7,118,1,3,0,0,60,0,2
7,118,1,4,0,0,60,0,2
7,118,1,5,0,0,60,0,2
7,118,1,6,0,0,60,0,2
7,118,1,7,0,0,60,0,2
7,118,2,0,0,0,60,0,2
7,118,2,1,0,0,60,0,2
7,118,2,2,0,0,60,0,2
7,118,2,3,0,0,60,0,2
7,118,2,4,0,0,60,0,2
7,118,2,5,0,0,60,0,2
7,118,2,6,0,0,60,0,2
7,118,2,7,0,0,60,0,2
7,118,3,0,0,0,60,0,2
7,118,3,1,0,0,60,0,2
7,118,3,2,0,0,60,0,2
7,118,3,3,0,0,60,0,2
7,118,3,4,0,0,60,0,2
7,118,3,5,0,0,60,0,2
7,118,3,6,0,0,60,0,2
7,118,3,7,0,0,60,0,2
7,118,5,0,0,0,54,0,2
7,118,5,1,0,0,54,0,2
7,118,5,2,0,0,60,0,2
7,118,5,3,0,0,55,0,2
7,118,5,4,0,0,55,0,2
7,118,5,5,0,0,60,0,2
7,118,5,6,0,0,60,0,2
7,118,5,7,0,0,60,0,2
7,118,10,0,0,0,54,0,2
7,118,10,1,0,0,37,0,2
7,118,10,2,0,0,54,0,2
7,118,10,3,0,0,30,0,2
7,118,10,4,0,0,46,0,2
7,118,10,5,0,0,55,0,2
7,118,10,6,0,0,38,0,2
7,118,10,7,0,0,55,0,2
7,118,15,0,0,0,40,0,2
7,118,15,1,0,0,31,0,2
7,118,15,2,0,0,47,0,2
7,118,15,4,0,0,34,0,2
7,118,15,5,0,0,49,0,2
7,118,15,6,0,0,11,0,2
7,118,15,7,0,0,50,0,2
7,118,20,0,0,0,40,0,2
7,118,20,1,0,0,9,0,2
7,118,20,2,0,0,30,0,2
7,118,20,4,0,0,11,0,2
7,118,20,5,0,0,34,0,2
7,118,20,7,0,0,50,0,2
7,118,25,0,0,0,22,0,2
7,118,25,5,0,0,19,0,2
7,118,25,7,0,0,50,0,2
7,119,1,0,0,0,60,0,2
7,119,1,1,0,0,60,0,2
7,119,1,2,0,0,60,0,2
7,119,1,3,0,0,60,0,2
7,119,1,4,0,0,60,0,2
7,119,1,5,0,0,60,0,2
7,119,1,6,0,0,60,0,2
7,119,1,7,0,0,60,0,2
7,119,2,0,0,0,60,0,2
7,119,2,1,0,0,60,0,2
7,119,2,2,0,0,60,0,2
7,119,2,3,0,0,60,0,2
7,119,2,4,0,0,60,0,2
7,119,2,5,0,0,60,0,2
7,119,2,6,0,0,60,0,2
7,119,2,7,0,0,60,0,2
7,119,3,0,0,0,60,0,2
7,119,3,1,0,0,60,0,2
7,119,3,2,0,0,60,0,2
7,119,3,3,0,0,60,0,2
7,119,3,4,0,0,60,0,2
7,119,3,5,0,0,60,0,2
7,119,3,6,0,0,60,0,2
7,119,3,7,0,0,60,0,2
7,119,5,0,0,0,56,0,2
7,119,5,1,0,0,60,0,2
7,119,5,2,0,0,60,0,2
7,119,5,3,0,0,54,0,2
7,119,5,4,0,0,57,0,2
7,119,5,5,0,0,55,0,2
7,119,5,6,0,0,60,0,2
7,119,5,7,0,0,60,0,2
7,119,10,0,0,0,50,0,2
7,119,10,1,0,0,49,0,2
7,119,10,2,0,0,60,0,2
7,119,10,3,0,0,27,0,2
7,119,10,4,0,0,44,0,2
7,119,10,5,0,0,39,0,2
7,119,10,6,0,0,43,0,2
7,119,10,7,0,0,55,0,2
7,119,15,0,0,0,50,0,2
7,119,15,1,0,0,33,0,2
7,119,15,2,0,0,52,0,2
7,119,15,3,0,0,1,0,2
7,119,15,4,0,0,12,0,2
7,119,15,5,0,0,33,0,2
7,119,15,6,0,0,20,0,2
7,119,15,7,0,0,43,0,2
7,119,20,0,0,0,50,0,2
7,119,20,1,0,0,14,0,2
7,119,20,2,0,1,43,0,2
7,119,20,7,1,0,24,2,0
7,119,25,0,0,0,33,0,2
7,119,25,2,0,1,23,0,2
7,119,25,7,0,0,2,0,2
7,120,1,0,0,0,60,0,2
7,120,1,1,0,0,60,0,2
7,120,1,2,0,0,60,0,2
7,120,1,3,0,0,60,0,2
7,120,1,4,0,0,60,0,2
7,120,1,5,0,0,60,0,2
7,120,1,6,0,0,60,0,2
7,120,1,7,0,0,60,0,2
7,120,2,0,0,0,60,0,2
7,120,2,1,0,0,60,0,2
7,120,2,2,0,0,60,0,2
7,120,2,3,0,0,60,0,2
7,120,2,4,0,0,60,0,2
7,120,2,5,0,0,60,0,2
7,120,2,6,0,0,60,0,2
7,120,2,7,0,0,60,0,2
7,120,3,0,0,0,60,0,2
7,120,3,1,0,0,60,0,2
7,120,3,2,0,0,60,0,2
7,120,3,3,0,0,60,0,2
7,120,3,4,0,0,60,0,2
7,120,3,5,0,0,60,0,2
7,120,3,6,0,0,60,0,2
7,120,3,7,0,0,60,0,2
7,120,5,0,0,0,60,0,2
7,120,5,1,0,0,54,0,2
7,120,5,2,0,0,54,0,2
7,120,5,3,0,0,60,0,2
7,120,5,4,0,0,60,0,2
7,120,5,5,0,0,55,0,2
7,120,5,6,0,0,60,0,2
7,120,5,7,0,0,55,0,2
7,120,10,0,0,0,60,0,2
7,120,10,1,0,0,43,0,2
7,120,10,2,0,0,44,0,2
7,120,10,3,0,0,54,0,2
7,120,10,4,0,0,41,0,2
7,120,10,5,0,0,47,0,2
7,120,10,6,0,0,42,0,2
7,120,10,7,0,0,48,0,2
7,120,15,0,0,0,60,0,2
7,120,15,1,0,0,31,0,2
7,120,15,2,0,0,24,0,2
7,120,15,3,0,0,36,0,2
7,120,15,4,0,0,20,0,2
7,120,15,5,0,0,40,0,2
7,120,15,6,0,0,29,0,2
7,120,15,7,0,0,36,0,2
7,120,20,0,0,0,60,0,2
7,120,20,1,1,0,6,2,0
7,120,20,3,1,0,11,2,0
7,120,20,5,0,0,40,0,2
7,120,20,6,1,0,13,2,0
7,120,20,7,1,0,27,2,0
7,120,25,0,0,0,50,0,2
7,120,25,5,0,0,23,0,2
7,120,25,7,1,0,6,2,0
7,121,1,0,0,0,60,0,2
7,121,1,1,0,0,60,0,2
7,121,1,2,0,0,60,0,2
7,121,1,3,0,0,60,0,2
7,121,1,4,0,0,60,0,2
7,121,1,5,0,0,60,0,2
7,121,1,6,0,0,60,0,2
7,121,1,7,0,0,60,0,2
7,121,2,0,0,0,60,0,2
7,121,2,1,0,0,60,0,2
7,121,2,2,0,0,60,0,2
7,121,2,3,0,0,60,0,2
7,121,2,4,0,0,60,0,2
7,121,2,5,0,0,60,0,2
7,121,2,6,0,0,60,0,2
7,121,2,7,0,0,60,0,2
7,121,3,0,0,0,60,0,2
7,121,3,1,0,0,60,0,2
7,121,3,2,0,0,60,0,2
7,121,3,3,0,0,60,0,2
7,121,3,4,0,0,60,0,2
7,121,3,5,0,0,60,0,2
7,121,3,6,0,0,60,0,2
7,121,3,7,0,0,60,0,2
7,121,5,0,0,0,60,0,2
7,121,5,1,0,0,56,0,2
7,121,5,2,0,0,56,0,2
7,121,5,3,0,0,54,0,2
7,121,5,4,0,0,60,0,2
7,121,5,5,0,0,60,0,2
7,121,5,6,0,0,60,0,2
7,121,5,7,0,0,56,0,2
7,121,10,0,0,0,50,0,2
7,121,10,1,0,0,32,0,2
7,121,10,2,0,0,47,0,2
7,121,10,3,0,0,45,0,2
7,121,10,4,0,0,56,0,2
7,121,10,5,0,0,50,0,2
7,121,10,6,0,0,60,0,2
7,121,10,7,0,0,35,0,2
7,121,15,0,0,0,43,0,2
7,121,15,1,0,0,28,0,2
7,121,15,2,0,0,32,0,2
7,121,15,3,0,0,45,0,2
7,121,15,4,0,0,29,0,2
7,121,15,5,0,0,23,0,2
7,121,15,6,0,0,51,0,2
7,121,15,7,0,0,20,0,2
7,121,20,0,1,0,25,2,0
7,121,20,1,0,0,28,0,2
7,121,20,2,0,0,16,0,2
7,121,20,3,0,0,32,0,2
7,121,20,5,0,0,17,0,2
7,121,20,6,1,0,28,2,0
7,121,20,7,1,0,1,2,0
7,121,25,1,0,0,28,0,2
7,121,25,3,1,0,5,2,0
7,121,25,5,0,0,17,0,2
7,122,1,0,0,0,60,0,2
7,122,1,1,0,0,60,0,2
7,122,1,2,0,0,60,0,2
7,122,1,3,0,0,60,0,2
7,122,1,4,0,0,60,0,2
7,122,1,5,0,0,60,0,2
7,122,1,6,0,0,60,0,2
7,122,1,7,0,0,60,0,2
7,122,2,0,0,0,60,0,2
7,122,2,1,0,0,60,0,2
7,122,2,2,0,0,60,0,2
7,122,2,3,0,0,60,0,2
7,122,2,4,0,0,60,0,2
7,122,2,5,0,0,60,0,2
7,122,2,6,0,0,60,0,2
7,122,2,7,0,0,60,0,2
7,122,3,0,0,0,60,0,2
7,122,3,1,0,0,60,0,2
7,122,3,2,0,0,60,0,2
7,122,3,3,0,0,60,0,2
7,122,3,4,0,0,60,0,2
7,122,3,5,0,0,60,0,2
7,122,3,6,0,0,60,0,2
7,122,3,7,0,0,60,0,2
7,122,5,0,0,0,60,0,2
7,122,5,1,0,0,55,0,2
7,122,5,2,0,0,60,0,2
7,122,5,3,0,0,56,0,2
7,122,5,4,0,0,55,0,2
7,122,5,5,0,0,60,0,2
7,122,5,6,0,0,56,0,2
7,122,5,7,0,0,60,0,2
7,122,10,0,0,0,60,0,2
7,122,10,1,0,0,37,0,2
7,122,10,2,0,0,54,0,2
7,122,10,3,0,0,30,0,2
7,122,10,4,0,0,42,0,2
7,122,10,5,0,0,56,0,2
7,122,10,6,0,0,51,0,2
7,122,10,7,0,0,44,0,2
7,122,15,0,0,0,49,0,2
7,122,15,1,0,0,4,0,2
7,122,15,2,0,0,46,0,2
7,122,15,4,0,0,33,0,2
7,122,15,5,0,0,51,0,2
7,122,15,6,0,0,44,0,2
7,122,15,7,0,0,31,0,2
7,122,20,0,0,0,43,0,2
7,122,20,2,0,0,40,0,2
7,122,20,5,0,0,36,0,2
7,122,20,6,1,0,21,2,0
7,122,20,7,0,0,25,0,2
7,122,25,0,0,0,16,0,2
7,122,25,2,0,0,22,0,2
7,122,25,5,0,0,36,0,2
7,122,25,7,0,0,16,0,2
7,122,30,0,1,0,14,2,0
7,122,30,5,1,0,18,2,0
7,123,1,0,0,0,60,0,2
7,123,1,1,0,0,60,0,2
7,123,1,2,0,0,60,0,2
7,123,1,3,0,0,60,0,2
7,123,1,4,0,0,60,0,2
7,123,1,5,0,0,60,0,2
7,123,1,6,0,0,60,0,2
7,123,1,7,0,0,60,0,2
7,123,2,0,0,0,60,0,2
7,123,2,1,0,0,60,0,2
7,123,2,2,0,0,60,0,2
7,123,2,3,0,0,60,0,2
7,123,2,4,0,0,60,0,2
7,123,2,5,0,0,60,0,2
7,123,2,6,0,0,60,0,2
7,123,2,7,0,0,60,0,2
7,123,3,0,0,0,60,0,2
7,123,3,1,0,0,60,0,2
7,123,3,2,0,0,60,0,2
7,123,3,3,0,0,60,0,2
7,123,3,4,0,0,60,0,2
7,123,3,5,0,0,60,0,2
7,123,3,6,0,0,60,0,2
7,123,3,7,0,0,60,0,2
7,123,5,0,0,0,54,0,2
7,123,5,1,0,0,60,0,2
7,123,5,2,0,0,54,0,2
7,123,5,3,0,0,60,0,2
7,123,5,4,0,0,60,0,2
7,123,5,5,0,0,60,0,2
7,123,5,6,0,0,55,0,2
7,123,5,7,0,0,54,0,2
7,123,10,0,0,0,44,0,2
7,123,10,1,0,0,50,0,2
7,123,10,2,0,0,48,0,2
7,123,10,3,0,0,56,0,2
7,123,10,4,0,0,51,0,2
7,123,10,5,0,0,51,0,2
7,123,10,6,0,0,43,0,2
7,123,10,7,0,0,31,0,2
7,123,15,0,0,0,25,0,2
7,123,15,1,0,0,50,0,2
7,123,15,2,0,0,35,0,2
7,123,15,3,0,0,51,0,2
7,123,15,4,0,0,45,0,2
7,123,15,5,0,0,21,0,2
7,123,15,6,0,0,26,0,2
7,123,15,7,0,0,9,0,2
7,123,20,0,1,0,8,2,0
7,123,20,1,0,0,44,0,2
7,123,20,2,0,1,20,0,2
7,123,20,3,0,0,51,0,2
7,123,20,4,0,0,37,0,2
7,123,20,6,1,0,3,2,0
7,123,25,1,0,0,19,0,2
7,123,25,3,0,0,42,0,2
7,123,25,4,1,1,27,2,0
7,123,30,3,0,0,42,0,2
7,123,30,4,1,0,0,2,0
7,124,1,0,0,0,60,0,2
7,124,1,1,0,0,60,0,2
7,124,1,2,0,0,60,0,2
7,124,1,3,0,0,60,0,2
7,124,1,4,0,0,60,0,2
7,124,1,5,0,0,60,0,2
7,124,1,6,0,0,60,0,2
7,124,1,7,0,0,60,0,2
7,124,2,0,0,0,60,0,2
7,124,2,1,0,0,60,0,2
7,124,2,2,0,0,60,0,2
7,124,2,3,0,0,60,0,2
7,124,2,4,0,0,60,0,2
7,124,2,5,0,0,60,0,2
7,124,2,6,0,0,60,0,2
7,124,2,7,0,0,60,0,2
7,124,3,0,0,0,60,0,2
7,124,3,1,0,0,60,0,2
7,124,3,2,0,0,60,0,2
7,124,3,3,0,0,60,0,2
7,124,3,4,0,0,60,0,2
7,124,3,5,0,0,60,0,2
7,124,3,6,0,0,60,0,2
7,124,3,7,0,0,60,0,2
7,124,5,0,0,0,60,0,2
7,124,5,1,0,0,55,0,2
7,124,5,2,0,0,60,0,2
7,124,5,3,0,0,60,0,2
7,124,5,4,0,0,60,0,2
7,124,5,5,0,0,57,0,2
7,124,5,6,0,0,54,0,2
7,124,5,7,0,0,54,0,2
7,124,10,0,0,0,51,0,2
7,124,10,1,0,0,32,0,2
7,124,10,2,0,0,55,0,2
7,124,10,3,0,0,52,0,2
7,124,10,4,0,0,60,0,2
7,124,10,5,0,0,51,0,2
7,124,10,6,0,0,43,0,2
7,124,10,7,0,0,27,0,2
7,124,15,0,0,0,51,0,2
7,124,15,1,0,0,32,0,2
7,124,15,2,0,0,43,0,2
7,124,15,3,0,0,39,0,2
7,124,15,4,0,0,52,0,2
7,124,15,5,0,0,27,0,2
7,124,15,6,0,0,14,0,2
7,124,15,7,0,0,7,0,2
7,124,20,0,0,0,51,0,2
7,124,20,1,0,0,21,0,2
7,124,20,2,0,0,35,0,2
7,124,20,3,1,0,1,2,0
7,124,20,4,0,0,28,0,2
7,124,20,5,1,0,19,2,0
7,124,25,0,0,0,20,0,2
7,124,25,1,0,0,21,0,2
7,124,25,2,0,0,35,0,2
7,124,25,4,1,0,7,2,0
7,124,30,1,1,0,11,2,0
7,124,30,2,1,0,18,2,0
7,125,1,0,0,0,60,0,2
7,125,1,1,0,0,60,0,2
7,125,1,2,0,0,60,0,2
7,125,1,3,0,0,60,0,2
7,125,1,4,0,0,60,0,2
7,125,1,5,0,0,60,0,2
7,125,1,6,0,0,60,0,2
7,125,1,7,0,0,60,0,2
7,125,2,0,0,0,60,0,2
7,125,2,1,0,0,60,0,2
7,125,2,2,0,0,60,0,2
7,125,2,3,0,0,60,0,2
7,125,2,4,0,0,60,0,2
7,125,2,5,0,0,60,0,2
7,125,2,6,0,0,60,0,2
7,125,2,7,0,0,60,0,2
7,125,3,0,0,0,60,0,2
7,125,3,1,0,0,60,0,2
7,125,3,2,0,0,60,0,2
7,125,3,3,0,0,60,0,2
7,125,3,4,0,0,60,0,2
7,125,3,5,0,0,60,0,2
7,125,3,6,0,0,60,0,2
7,125,3,7,0,0,60,0,2
7,125,5,0,0,0,60,0,2
7,125,5,1,0,0,60,0,2
7,125,5,2,0,0,60,0,2
7,125,5,3,0,0,55,0,2
7,125,5,4,0,0,60,0,2
7,125,5,5,0,0,54,0,2
7,125,5,6,0,0,54,0,2
7,125,5,7,0,0,55,0,2
7,125,10,0,0,0,56,0,2
7,125,10,1,0,0,44,0,2
7,125,10,2,0,0,55,0,2
7,125,10,3,0,0,43,0,2
7,125,10,4,0,0,50,0,2
7,125,10,5,0,0,54,0,2
7,125,10,6,0,0,37,0,2
7,125,10,7,0,0,32,0,2
7,125,15,0,0,0,56,0,2
7,125,15,1,0,0,35,0,2
7,125,15,2,0,0,29,0,2
7,125,15,3,0,0,27,0,2
7,125,15,4,0,0,35,0,2
7,125,15,5,0,0,50,0,2
7,125,15,6,0,0,16,0,2
7,125,15,7,0,0,21,0,2
7,125,20,0,0,0,56,0,2
7,125,20,1,1,0,24,2,0
7,125,20,2,0,0,21,0,2
7,125,20,5,0,0,44,0,2
7,125,20,7,0,0,14,0,2
7,125,25,0,1,1,54,2,0
7,125,25,5,0,0,37,0,2
7,125,30,0,1,0,27,2,0
7,125,30,5,0,0,30,0,2
7,125,35,0,0,0,20,0,2
7,125,35,5,0,0,8,0,2
7,126,1,0,0,0,60,0,2
7,126,1,1,0,0,60,0,2
7,126,1,2,0,0,60,0,2
7,126,1,3,0,0,60,0,2
7,126,1,4,0,0,60,0,2
7,126,1,5,0,0,60,0,2
7,126,1,6,0,0,60,0,2
7,126,1,7,0,0,60,0,2
7,126,2,0,0,0,60,0,2
7,126,2,1,0,0,60,0,2
7,126,2,2,0,0,60,0,2
7,126,2,3,0,0,60,0,2
7,126,2,4,0,0,60,0,2
7,126,2,5,0,0,60,0,2
7,126,2,6,0,0,60,0,2
7,126,2,7,0,0,60,0,2
7,126,3,0,0,0,60,0,2
7,126,3,1,0,0,60,0,2
7,126,3,2,0,0,60,0,2
7,126,3,3,0,0,60,0,2
7,126,3,4,0,0,60,0,2
7,126,3,5,0,0,60,0,2
7,126,3,6,0,0,60,0,2
7,126,3,7,0,0,60,0,2
7,126,5,0,0,0,60,0,2
7,126,5,1,0,0,60,0,2
7,126,5,2,0,0,53,0,2
7,126,5,3,0,0,57,0,2
7,126,5,4,0,0,55,0,2
7,126,5,5,0,0,60,0,2
7,126,5,6,0,0,54,0,2
7,126,5,7,0,0,60,0,2
7,126,10,0,0,0,54,0,2
7,126,10,1,0,0,49,0,2
7,126,10,2,0,0,25,0,2
7,126,10,3,0,0,39,0,2
7,126,10,4,0,0,50,0,2
7,126,10,5,0,0,60,0,2
7,126,10,6,0,0,34,0,2
7,126,10,7,0,0,47,0,2
7,126,15,0,0,0,30,0,2
7,126,15,1,0,0,49,0,2
7,126,15,2,0,0,11,0,2
7,126,15,3,0,0,25,0,2
7,126,15,4,0,0,29,0,2
7,126,15,5,0,0,60,0,2
7,126,15,6,0,0,4,0,2
7,126,15,7,0,0,33,0,2
7,126,20,1,0,0,42,0,2
7,126,20,4,1,0,13,2,0
7,126,20,5,0,0,51,0,2
7,126,20,7,1,0,31,2,0
7,126,25,1,0,0,26,0,2
7,126,25,4,1,0,2,2,0
7,126,25,5,1,0,22,2,0
7,126,25,7,1,0,12,2,0
7,127,1,0,0,0,60,0,2
7,127,1,1,0,0,60,0,2
7,127,1,2,0,0,60,0,2
7,127,1,3,0,0,60,0,2
7,127,1,4,0,0,60,0,2
7,127,1,5,0,0,60,0,2
7,127,1,6,0,0,60,0,2
7,127,1,7,0,0,60,0,2
7,127,2,0,0,0,60,0,2
7,127,2,1,0,0,60,0,2
7,127,2,2,0,0,60,0,2
7,127,2,3,0,0,60,0,2
7,127,2,4,0,0,60,0,2
7,127,2,5,0,0,60,0,2
7,127,2,6,0,0,60,0,2
7,127,2,7,0,0,60,0,2
7,127,3,0,0,0,60,0,2
7,127,3,1,0,0,60,0,2
7,127,3,2,0,0,60,0,2
7,127,3,3,0,0,60,0,2
7,127,3,4,0,0,60,0,2
7,127,3,5,0,0,60,0,2
7,127,3,6,0,0,60,0,2
7,127,3,7,0,0,60,0,2
7,127,5,0,0,0,56,0,2
7,127,5,1,0,0,60,0,2
7,127,5,2,0,0,56,0,2
7,127,5,3,0,0,55,0,2
7,127,5,4,0,0,60,0,2
7,127,5,5,0,0,60,0,2
7,127,5,6,0,0,56,0,2
7,127,5,7,0,0,60,0,2
7,127,10,0,0,0,51,0,2
7,127,10,1,0,0,47,0,2
7,127,10,2,0,0,56,0,2
7,127,10,3,0,0,25,0,2
7,127,10,4,0,0,60,0,2
7,127,10,5,0,0,48,0,2
7,127,10,6,0,0,38,0,2
7,127,10,7,0,0,33,0,2
7,127,15,0,0,0,49,0,2
7,127,15,1,0,0,38,0,2
7,127,15,2,0,0,56,0,2
7,127,15,4,0,0,54,0,2
7,127,15,5,0,0,18,0,2
7,127,15,6,0,0,19,0,2
7,127,15,7,0,0,12,0,2
7,127,20,0,0,0,41,0,2
7,127,20,1,0,0,22,0,2
7,127,20,2,0,0,56,0,2
7,127,20,4,0,0,40,0,2
7,127,25,0,0,0,14,0,2
7,127,25,1,1,0,0,2,0
7,127,25,2,0,0,56,0,2
7,127,25,4,1,0,12,2,0
7,128,1,0,0,0,60,0,2
7,128,1,1,0,0,60,0,2
7,128,1,2,0,0,60,0,2
7,128,1,3,0,0,60,0,2
7,128,1,4,0,0,60,0,2
7,128,1,5,0,0,60,0,2
7,128,1,6,0,0,60,0,2
7,128,1,7,0,0,60,0,2
7,128,2,0,0,0,60,0,2
7,128,2,1,0,0,60,0,2
7,128,2,2,0,0,60,0,2
7,128,2,3,0,0,60,0,2
7,128,2,4,0,0,60,0,2
7,128,2,5,0,0,60,0,2
7,128,2,6,0,0,60,0,2
7,128,2,7,0,0,60,0,2
7,128,3,0,0,0,60,0,2
7,128,3,1,0,0,60,0,2
7,128,3,2,0,0,60,0,2
7,128,3,3,0,0,60,0,2
7,128,3,4,0,0,60,0,2
7,128,3,5,0,0,60,0,2
7,128,3,6,0,0,60,0,2
7,128,3,7,0,0,60,0,2
7,128,5,0,0,0,60,0,2
7,128,5,1,0,0,56,0,2
7,128,5,2,0,0,56,0,2
7,128,5,3,0,0,54,0,2
7,128,5,4,0,0,60,0,2
7,128,5,5,0,0,60,0,2
7,128,5,6,0,0,60,0,2
7,128,5,7,0,0,56,0,2
7,128,10,0,0,0,50,0,2
7,128,10,1,0,0,50,0,2
7,128,10,2,0,0,37,0,2
7,128,10,3,0,0,36,0,2
7,128,10,4,0,0,39,0,2
7,128,10,5,0,0,60,0,2
7,128,10,6,0,0,57,0,2
7,128,10,7,0,0,50,0,2
7,128,15,0,0,0,44,0,2
7,128,15,1,0,0,32,0,2
7,128,15,2,0,0,37,0,2
7,128,15,3,0,0,5,0,2
7,128,15,4,0,0,18,0,2
7,128,15,5,0,0,52,0,2
7,128,15,6,0,0,38,0,2
7,128,15,7,0,0,44,0,2
7,128,20,0,0,0,12,0,2
7,128,20,1,0,0,12,0,2
7,128,20,2,0,0,30,0,2
7,128,20,5,0,0,52,0,2
7,128,20,6,0,0,31,0,2
7,128,20,7,0,0,34,0,2
7,128,25,2,0,0,30,0,2
7,128,25,5,0,0,42,0,2
7,128,25,7,1,0,4,2,0
7,128,30,2,0,0,30,0,2
7,128,30,5,1,0,4,2,0
7,129,1,0,0,0,60,0,2
7,129,1,1,0,0,60,0,2
7,129,1,2,0,0,60,0,2
7,129,1,3,0,0,60,0,2
7,129,1,4,0,0,60,0,2
7,129,1,5,0,0,60,0,2
7,129,1,6,0,0,60,0,2
7,129,1,7,0,0,60,0,2
7,129,2,0,0,0,60,0,2
7,129,2,1,0,0,60,0,2
7,129,2,2,0,0,60,0,2
7,129,2,3,0,0,60,0,2
7,129,2,4,0,0,60,0,2
7,129,2,5,0,0,60,0,2
7,129,2,6,0,0,60,0,2
7,129,2,7,0,0,60,0,2
7,129,3,0,0,0,60,0,2
7,129,3,1,0,0,60,0,2
7,129,3,2,0,0,60,0,2
7,129,3,3,0,0,60,0,2
7,129,3,4,0,0,60,0,2
7,129,3,5,0,0,60,0,2
7,129,3,6,0,0,60,0,2
7,129,3,7,0,0,60,0,2
7,129,5,0,0,0,60,0,2
7,129,5,1,0,0,60,0,2
7,129,5,2,0,0,56,0,2
7,129,5,3,0,0,60,0,2
7,129,5,4,0,0,55,0,2
7,129,5,5,0,0,56,0,2
7,129,5,6,0,0,60,0,2
7,129,5,7,0,0,54,0,2
7,129,10,0,0,0,54,0,2
7,129,10,1,0,0,60,0,2
7,129,10,2,0,0,45,0,2
7,129,10,3,0,0,49,0,2
7,129,10,4,0,0,43,0,2
7,129,10,5,0,0,48,0,2
7,129,10,6,0,0,34,0,2
7,129,10,7,0,0,40,0,2
7,129,15,0,0,0,54,0,2
7,129,15,1,0,0,46,0,2
7,129,15,2,0,0,17,0,2
7,129,15,3,0,0,15,0,2
7,129,15,4,0,0,37,0,2
7,129,15,5,0,0,48,0,2
7,129,15,7,0,0,35,0,2
7,129,20,0,0,0,54,0,2
7,129,20,1,1,0,10,2,0
7,129,20,2,1,0,2,2,0
7,129,20,4,1,0,1,2,0
7,129,20,5,0,0,35,0,2
7,129,20,7,0,0,35,0,2
7,129,25,0,0,0,54,0,2
7,129,25,5,0,0,19,0,2
7,129,25,7,0,0,12,0,2
7,129,30,0,0,0,54,0,2
7,129,30,5,1,0,0,2,0
7,130,1,0,0,0,60,0,2
7,130,1,1,0,0,60,0,2
7,130,1,2,0,0,60,0,2
7,130,1,3,0,0,60,0,2
7,130,1,4,0,0,60,0,2
7,130,1,5,0,0,60,0,2
7,130,1,6,0,0,60,0,2
7,130,1,7,0,0,60,0,2
7,130,2,0,0,0,60,0,2
7,130,2,1,0,0,60,0,2
7,130,2,2,0,0,60,0,2
7,130,2,3,0,0,60,0,2
7,130,2,4,0,0,60,0,2
7,130,2,5,0,0,60,0,2
7,130,2,6,0,0,60,0,2
7,130,2,7,0,0,60,0,2
7,130,3,0,0,0,60,0,2
7,130,3,1,0,0,60,0,2
7,130,3,2,0,0,60,0,2
7,130,3,3,0,0,60,0,2
7,130,3,4,0,0,60,0,2
7,130,3,5,0,0,60,0,2
7,130,3,6,0,0,60,0,2
7,130,3,7,0,0,60,0,2
7,130,5,0,0,0,57,0,2
7,130,5,1,0,0,60,0,2
7,130,5,2,0,0,60,0,2
7,130,5,3,0,0,56,0,2
7,130,5,4,0,0,60,0,2
7,130,5,5,0,0,55,0,2
7,130,5,6,0,0,55,0,2
7,130,5,7,0,0,60,0,2
7,130,10,0,0,0,37,0,2
7,130,10,1,0,0,52,0,2
7,130,10,2,0,0,52,0,2
7,130,10,3,0,0,56,0,2
7,130,10,4,0,0,42,0,2
7,130,10,5,0,0,36,0,2
7,130,10,6,0,0,45,0,2
7,130,10,7,0,0,60,0,2
7,130,15,0,0,0,6,0,2
7,130,15,1,0,0,39,0,2
7,130,15,2,0,0,33,0,2
7,130,15,3,0,0,56,0,2
7,130,15,4,0,0,18,0,2
7,130,15,5,0,0,24,0,2
7,130,15,6,0,0,40,0,2
7,130,15,7,0,0,52,0,2
7,130,20,1,0,0,14,0,2
7,130,20,2,0,0,18,0,2
7,130,20,3,0,0,56,0,2
7,130,20,5,0,0,18,0,2
7,130,20,6,0,0,26,0,2
7,130,20,7,0,0,39,0,2
7,130,25,3,0,0,48,0,2
7,130,25,5,0,0,10,0,2
7,130,25,6,1,0,7,2,0
7,130,25,7,0,0,30,0,2
7,130,30,3,1,0,28,2,0
7,130,30,5,1,0,8,2,0
7,131,1,0,0,0,60,0,2
7,131,1,1,0,0,60,0,2
7,131,1,2,0,0,60,0,2
7,131,1,3,0,0,60,0,2
7,131,1,4,0,0,60,0,2
7,131,1,5,0,0,60,0,2
7,131,1,6,0,0,60,0,2
7,131,1,7,0,0,60,0,2
7,131,2,0,0,0,60,0,2
7,131,2,1,0,0,60,0,2
7,131,2,2,0,0,60,0,2
7,131,2,3,0,0,60,0,2
7,131,2,4,0,0,60,0,2
7,131,2,5,0,0,60,0,2
7,131,2,6,0,0,60,0,2
7,131,2,7,0,0,60,0,2
7,131,3,0,0,0,60,0,2
7,131,3,1,0,0,60,0,2
7,131,3,2,0,0,60,0,2
7,131,3,3,0,0,60,0,2
7,131,3,4,0,0,60,0,2
7,131,3,5,0,0,60,0,2
7,131,3,6,0,0,60,0,2
7,131,3,7,0,0,60,0,2
7,131,5,0,0,0,55,0,2
7,131,5,1,0,0,60,0,2
7,131,5,2,0,0,55,0,2
7,131,5,3,0,0,54,0,2
7,131,5,4,0,0,60,0,2
7,131,5,5,0,0,60,0,2
7,131,5,6,0,0,60,0,2
7,131,5,7,0,0,56,0,2
7,131,10,0,0,0,49,0,2
7,131,10,1,0,0,45,0,2
7,131,10,2,0,0,45,0,2
7,131,10,3,0,0,31,0,2
7,131,10,4,0,0,53,0,2
7,131,10,5,0,0,39,0,2
7,131,10,6,0,0,60,0,2
7,131,10,7,0,0,50,0,2
7,131,15,0,0,0,34,0,2
7,131,15,1,0,0,38,0,2
7,131,15,2,0,0,29,0,2
7,131,15,4,0,0,53,0,2
7,131,15,5,0,0,14,0,2
7,131,15,6,0,0,60,0,2
7,131,15,7,0,0,24,0,2
7,131,20,0,0,0,11,0,2
7,131,20,1,0,0,24,0,2
7,131,20,2,1,0,12,2,0
7,131,20,4,0,0,53,0,2
7,131,20,6,0,0,53,0,2
7,131,25,1,1,0,2,2,0
7,131,25,4,0,0,53,0,2
7,131,25,6,0,0,37,0,2
7,131,30,4,1,0,51,2,0
7,131,30,6,1,0,9,2,0
7,132,1,0,0,0,60,0,2
7,132,1,1,0,0,60,0,2
7,132,1,2,0,0,60,0,2
7,132,1,3,0,0,60,0,2
7,132,1,4,0,0,60,0,2
7,132,1,5,0,0,60,0,2
7,132,1,6,0,0,60,0,2
7,132,1,7,0,0,60,0,2
7,132,2,0,0,0,60,0,2
7,132,2,1,0,0,60,0,2
7,132,2,2,0,0,60,0,2
7,132,2,3,0,0,60,0,2
7,132,2,4,0,0,60,0,2
7,132,2,5,0,0,60,0,2
7,132,2,6,0,0,60,0,2
7,132,2,7,0,0,60,0,2
7,132,3,0,0,0,60,0,2
7,132,3,1,0,0,60,0,2
7,132,3,2,0,0,60,0,2
7,132,3,3,0,0,60,0,2
7,132,3,4,0,0,60,0,2
7,132,3,5,0,0,60,0,2
7,132,3,6,0,0,60,0,2
7,132,3,7,0,0,60,0,2
7,132,5,0,0,0,60,0,2
7,132,5,1,0,0,54,0,2
7,132,5,2,0,0,54,0,2
7,132,5,3,0,0,60,0,2
7,132,5,4,0,0,53,0,2
7,132,5,5,0,0,60,0,2
7,132,5,6,0,0,60,0,2
7,132,5,7,0,0,55,0,2
7,132,10,0,0,0,45,0,2
7,132,10,1,0,0,30,0,2
7,132,10,2,0,0,50,0,2
7,132,10,3,0,0,53,0,2
7,132,10,4,0,0,34,0,2
7,132,10,5,0,0,55,0,2
7,132,10,6,0,0,57,0,2
7,132,10,7,0,0,46,0,2
7,132,15,0,0,0,30,0,2
7,132,15,1,0,0,8,0,2
7,132,15,2,0,0,35,0,2
7,132,15,3,0,0,25,0,2
7,132,15,4,0,0,4,0,2
7,132,15,5,0,0,55,0,2
7,132,15,6,0,0,57,0,2
7,132,15,7,0,0,38,0,2
7,132,20,0,0,0,17,0,2
7,132,20,2,0,1,18,0,2
7,132,20,5,0,0,55,0,2
7,132,20,6,0,0,57,0,2
7,132,20,7,1,0,11,2,0
7,132,25,5,0,0,46,0,2
7,132,25,6,0,0,57,0,2
7,132,30,5,0,0,9,0,2
7,132,30,6,0,0,57,0,2
7,133,1,0,0,0,60,0,2
7,133,1,1,0,0,60,0,2
7,133,1,2,0,0,60,0,2
7,133,1,3,0,0,60,0,2
7,133,1,4,0,0,60,0,2
7,133,1,5,0,0,60,0,2
7,133,1,6,0,0,60,0,2
7,133,1,7,0,0,60,0,2
7,133,2,0,0,0,60,0,2
7,133,2,1,0,0,60,0,2
7,133,2,2,0,0,60,0,2
7,133,2,3,0,0,60,0,2
7,133,2,4,0,0,60,0,2
7,133,2,5,0,0,60,0,2
7,133,2,6,0,0,60,0,2
7,133,2,7,0,0,60,0,2
7,133,3,0,0,0,60,0,2
7,133,3,1,0,0,60,0,2
7,133,3,2,0,0,60,0,2
7,133,3,3,0,0,60,0,2
7,133,3,4,0,0,60,0,2
7,133,3,5,0,0,60,0,2
7,133,3,6,0,0,60,0,2
7,133,3,7,0,0,60,0,2
7,133,5,0,0,0,55,0,2
7,133,5,1,0,0,55,0,2
7,133,5,2,0,0,60,0,2
7,133,5,3,0,0,60,0,2
7,133,5,4,0,0,60,0,2
7,133,5,5,0,0,60,0,2
7,133,5,6,0,0,54,0,2
7,133,5,7,0,0,54,0,2
7,133,10,0,0,0,40,0,2
7,133,10,1,0,0,30,0,2
7,133,10,2,0,0,55,0,2
7,133,10,3,0,0,60,0,2
7,133,10,4,0,0,45,0,2
7,133,10,5,0,0,56,0,2
7,133,10,6,0,0,51,0,2
7,133,10,7,0,0,32,0,2
7,133,15,0,0,0,12,0,2
7,133,15,2,0,0,51,0,2
7,133,15,3,0,0,46,0,2
7,133,15,4,0,0,30,0,2
7,133,15,5,0,0,56,0,2
7,133,15,6,0,0,36,0,2
7,133,15,7,0,0,25,0,2
7,133,20,2,0,0,43,0,2
7,133,20,3,1,0,36,2,0
7,133,20,4,1,0,3,2,0
7,133,20,5,0,0,56,0,2
7,133,20,6,1,0,11,2,0
7,133,25,2,1,0,33,2,0
7,133,25,5,1,1,44,2,0
7,134,1,0,0,0,60,0,2
7,134,1,1,0,0,60,0,2
7,134,1,2,0,0,60,0,2
7,134,1,3,0,0,60,0,2
7,134,1,4,0,0,60,0,2
7,134,1,5,0,0,60,0,2
7,134,1,6,0,0,60,0,2
7,134,1,7,0,0,60,0,2
7,134,2,0,0,0,60,0,2
7,134,2,1,0,0,60,0,2
7,134,2,2,0,0,60,0,2
7,134,2,3,0,0,60,0,2
7,134,2,4,0,0,60,0,2
7,134,2,5,0,0,60,0,2
7,134,2,6,0,0,60,0,2
7,134,2,7,0,0,60,0,2
7,134,3,0,0,0,60,0,2
7,134,3,1,0,0,60,0,2
7,134,3,2,0,0,60,0,2
7,134,3,3,0,0,60,0,2
7,134,3,4,0,0,60,0,2
7,134,3,5,0,0,60,0,2
7,134,3,6,0,0,60,0,2
7,134,3,7,0,0,60,0,2
7,134,5,0,0,0,60,0,2
7,134,5,1,0,0,57,0,2
7,134,5,2,0,0,60,0,2
7,134,5,3,0,0,55,0,2
7,134,5,4,0,0,60,0,2
7,134,5,5,0,0,53,0,2
7,134,5,6,0,0,55,0,2
7,134,5,7,0,0,60,0,2
7,134,10,0,0,0,42,0,2
7,134,10,1,0,0,57,0,2
7,134,10,2,0,0,33,0,2
7,134,10,3,0,0,36,0,2
7,134,10,4,0,0,55,0,2
7,134,10,5,0,0,53,0,2
7,134,10,6,0,0,33,0,2
7,134,10,7,0,0,55,0,2
7,134,15,0,0,0,20,0,2
7,134,15,1,0,0,46,0,2
7,134,15,2,0,0,8,0,2
7,134,15,3,0,0,14,0,2
7,134,15,4,0,0,48,0,2
7,134,15,5,0,0,53,0,2
7,134,15,6,0,0,1,0,2
7,134,15,7,0,0,55,0,2
7,134,20,1,0,0,38,0,2
7,134,20,4,0,0,48,0,2
7,134,20,5,0,0,39,0,2
7,134,20,7,0,0,31,0,2
7,134,25,1,1,0,19,2,0
7,134,25,4,0,0,41,0,2
7,134,25,5,1,0,11,2,0
7,134,25,7,0,0,13,0,2
7,134,30,4,0,0,22,0,2
7,134,30,7,1,0,4,2,0
7,135,1,0,0,0,60,0,2
7,135,1,1,0,0,60,0,2
7,135,1,2,0,0,60,0,2
7,135,1,3,0,0,60,0,2
7,135,1,4,0,0,60,0,2
7,135,1,5,0,0,60,0,2
7,135,1,6,0,0,60,0,2
7,135,1,7,0,0,60,0,2
7,135,2,0,0,0,60,0,2
7,135,2,1,0,0,60,0,2
7,135,2,2,0,0,60,0,2
7,135,2,3,0,0,60,0,2
7,135,2,4,0,0,60,0,2
7,135,2,5,0,0,60,0,2
7,135,2,6,0,0,60,0,2
7,135,2,7,0,0,60,0,2
7,135,3,0,0,0,60,0,2
7,135,3,1,0,0,60,0,2
7,135,3,2,0,0,60,0,2
7,135,3,3,0,0,60,0,2
7,135,3,4,0,0,60,0,2
7,135,3,5,0,0,60,0,2
7,135,3,6,0,0,60,0,2
7,135,3,7,0,0,60,0,2
7,135,5,0,0,0,60,0,2
7,135,5,1,0,0,60,0,2
7,135,5,2,0,0,54,0,2
7,135,5,3,0,0,55,0,2
7,135,5,4,0,0,54,0,2
7,135,5,5,0,0,55,0,2
7,135,5,6,0,0,60,0,2
7,135,5,7,0,0,60,0,2
7,135,10,0,0,0,45,0,2
7,135,10,1,0,0,55,0,2
7,135,10,2,0,0,45,0,2
7,135,10,3,0,0,35,0,2
7,135,10,4,0,0,49,0,2
7,135,10,5,0,0,46,0,2
7,135,10,6,0,0,45,0,2
7,135,10,7,0,0,60,0,2
7,135,15,0,0,0,45,0,2
7,135,15,1,0,0,55,0,2
7,135,15,2,0,0,34,0,2
7,135,15,3,0,0,1,0,2
7,135,15,4,0,0,42,0,2
7,135,15,5,0,0,32,0,2
7,135,15,6,0,0,19,0,2
7,135,15,7,0,0,36,0,2
7,135,20,0,0,0,45,0,2
7,135,20,1,0,0,49,0,2
7,135,20,2,0,0,26,0,2
7,135,20,4,0,0,17,0,2
7,135,20,6,0,0,11,0,2
7,135,20,7,0,0,7,0,2
7,135,25,0,0,0,45,0,2
7,135,25,1,0,0,41,0,2
7,135,30,0,0,0,28,0,2
7,135,30,1,0,0,25,0,2
7,135,35,0,0,0,13,0,2
7,135,35,1,0,0,5,0,2
7,136,1,0,0,0,60,0,2
7,136,1,1,0,0,60,0,2
7,136,1,2,0,0,60,0,2
7,136,1,3,0,0,60,0,2
7,136,1,4,0,0,60,0,2
7,136,1,5,0,0,60,0,2
7,136,1,6,0,0,60,0,2
7,136,1,7,0,0,60,0,2
7,136,2,0,0,0,60,0,2
7,136,2,1,0,0,60,0,2
7,136,2,2,0,0,60,0,2
7,136,2,3,0,0,60,0,2
7,136,2,4,0,0,60,0,2
7,136,2,5,0,0,60,0,2
7,136,2,6,0,0,60,0,2
7,136,2,7,0,0,60,0,2
7,136,3,0,0,0,60,0,2
7,136,3,1,0,0,60,0,2
7,136,3,2,0,0,60,0,2
7,136,3,3,0,0,60,0,2
7,136,3,4,0,0,60,0,2
7,136,3,5,0,0,60,0,2
7,136,3,6,0,0,60,0,2
7,136,3,7,0,0,60,0,2
7,136,5,0,0,0,54,0,2
7,136,5,1,0,0,60,0,2
7,136,5,2,0,0,60,0,2
7,136,5,3,0,0,60,0,2
7,136,5,4,0,0,55,0,2
7,136,5,5,0,0,56,0,2
7,136,5,6,0,0,60,0,2
7,136,5,7,0,0,54,0,2
7,136,10,0,0,0,42,0,2
7,136,10,1,0,0,56,0,2
7,136,10,2,0,0,60,0,2
7,136,10,3,0,0,51,0,2
7,136,10,4,0,0,38,0,2
7,136,10,5,0,0,51,0,2
7,136,10,6,0,0,42,0,2
7,136,10,7,0,0,36,0,2
7,136,15,0,0,0,19,0,2
7,136,15,1,0,0,56,0,2
7,136,15,2,0,0,47,0,2
7,136,15,3,0,0,40,0,2
7,136,15,4,0,0,6,0,2
7,136,15,5,0,0,51,0,2
7,136,15,6,0,0,35,0,2
7,136,15,7,0,0,6,0,2
7,136,20,1,0,0,33,0,2
7,136,20,2,0,0,40,0,2
7,136,20,3,0,0,23,0,2
7,136,20,5,0,0,41,0,2
7,136,20,6,0,0,29,0,2
7,136,25,2,0,0,21,0,2
7,136,25,5,0,0,41,0,2
7,136,25,6,0,0,12,0,2
7,137,1,0,0,0,60,0,2
7,137,1,1,0,0,60,0,2
7,137,1,2,0,0,60,0,2
7,137,1,3,0,0,60,0,2
7,137,1,4,0,0,60,0,2
7,137,1,5,0,0,60,0,2
7,137,1,6,0,0,60,0,2
7,137,1,7,0,0,60,0,2
7,137,2,0,0,0,60,0,2
7,137,2,1,0,0,60,0,2
7,137,2,2,0,0,60,0,2
7,137,2,3,0,0,60,0,2
7,137,2,4,0,0,60,0,2
7,137,2,5,0,0,60,0,2
7,137,2,6,0,0,60,0,2
7,137,2,7,0,0,60,0,2
7,137,3,0,0,0,60,0,2
7,137,3,1,0,0,60,0,2
7,137,3,2,0,0,60,0,2
7,137,3,3,0,0,60,0,2
7,137,3,4,0,0,60,0,2
7,137,3,5,0,0,60,0,2
7,137,3,6,0,0,60,0,2
7,137,3,7,0,0,60,0,2
7,137,5,0,0,0,54,0,2
7,137,5,1,0,0,60,0,2
7,137,5,2,0,0,54,0,2
7,137,5,3,0,0,54,0,2
7,137,5,4,0,0,55,0,2
7,137,5,5,0,0,60,0,2
7,137,5,6,0,0,60,0,2
7,137,5,7,0,0,60,0,2
7,137,10,0,0,0,50,0,2
7,137,10,1,0,0,60,0,2
7,137,10,2,0,0,50,0,2
7,137,10,3,0,0,25,0,2
7,137,10,4,0,0,44,0,2
7,137,10,5,0,0,49,0,2
7,137,10,6,0,0,50,0,2
7,137,10,7,0,0,37,0,2
7,137,15,0,0,0,34,0,2
7,137,15,1,0,0,60,0,2
7,137,15,2,0,0,50,0,2
7,137,15,4,0,0,23,0,2
7,137,15,5,0,0,40,0,2
7,137,15,6,0,0,30,0,2
7,137,15,7,0,0,12,0,2
7,137,20,0,1,0,8,2,0
7,137,20,1,0,0,60,0,2
7,137,20,2,0,0,43,0,2
7,137,20,5,0,0,22,0,2
7,137,20,6,-1,0,16,2,0
7,137,25,1,0,0,60,0,2
7,137,25,2,0,0,24,0,2
7,138,1,0,0,0,60,0,2
7,138,1,1,0,0,60,0,2
7,138,1,2,0,0,60,0,2
7,138,1,3,0,0,60,0,2
7,138,1,4,0,0,60,0,2
7,138,1,5,0,0,60,0,2
7,138,1,6,0,0,60,0,2
7,138,1,7,0,0,60,0,2
7,138,2,0,0,0,60,0,2
7,138,2,1,0,0,60,0,2
7,138,2,2,0,0,60,0,2
7,138,2,3,0,0,60,0,2
7,138,2,4,0,0,60,0,2
7,138,2,5,0,0,60,0,2
7,138,2,6,0,0,60,0,2
7,138,2,7,0,0,60,0,2
7,138,3,0,0,0,60,0,2
7,138,3,1,0,0,60,0,2
7,138,3,2,0,0,60,0,2
7,138,3,3,0,0,60,0,2
7,138,3,4,0,0,60,0,2
7,138,3,5,0,0,60,0,2
7,138,3,6,0,0,60,0,2
7,138,3,7,0,0,60,0,2
7,138,5,0,0,0,57,0,2
7,138,5,1,0,0,55,0,2
7,138,5,2,0,0,60,0,2
7,138,5,3,0,0,60,0,2
7,138,5,4,0,0,55,0,2
7,138,5,5,0,0,60,0,2
7,138,5,6,0,0,54,0,2
7,138,5,7,0,0,60,0,2
7,138,10,0,0,0,49,0,2
7,138,10,1,0,0,55,0,2
7,138,10,2,0,0,49,0,2
7,138,10,3,0,0,42,0,2
7,138,10,4,0,0,47,0,2
7,138,10,5,0,0,51,0,2
7,138,10,6,0,0,26,0,2
7,138,10,7,0,0,60,0,2
7,138,15,0,0,0,49,0,2
7,138,15,1,0,0,48,0,2
7,138,15,2,0,0,37,0,2
7,138,15,3,0,0,26,0,2
7,138,15,4,0,0,41,0,2
7,138,15,5,0,0,25,0,2
7,138,15,7,0,0,53,0,2
7,138,20,0,0,0,49,0,2
7,138,20,1,0,0,42,0,2
7,138,20,2,1,0,11,2,0
7,138,20,3,1,0,0,2,0
7,138,20,4,0,0,18,0,2
7,138,20,5,1,0,9,2,0
7,138,20,7,0,0,46,0,2
7,138,25,0,0,0,49,0,2
7,138,25,1,0,0,22,0,2
7,138,25,7,1,0,25,2,0
7,139,1,0,0,0,60,0,2
7,139,1,1,0,0,60,0,2
7,139,1,2,0,0,60,0,2
7,139,1,3,0,0,60,0,2
7,139,1,4,0,0,60,0,2
7,139,1,5,0,0,60,0,2
7,139,1,6,0,0,60,0,2
7,139,1,7,0,0,60,0,2
7,139,2,0,0,0,60,0,2
7,139,2,1,0,0,60,0,2
7,139,2,2,0,0,60,0,2
7,139,2,3,0,0,60,0,2
7,139,2,4,0,0,60,0,2
7,139,2,5,0,0,60,0,2
7,139,2,6,0,0,60,0,2
7,139,2,7,0,0,60,0,2
7,139,3,0,0,0,60,0,2
7,139,3,1,0,0,60,0,2
7,139,3,2,0,0,60,0,2
7,139,3,3,0,0,60,0,2
7,139,3,4,0,0,60,0,2
7,139,3,5,0,0,60,0,2
7,139,3,6,0,0,60,0,2
7,139,3,7,0,0,60,0,2
7,139,5,0,0,0,55,0,2
7,139,5,1,0,0,57,0,2
7,139,5,2,0,0,60,0,2
7,139,5,3,0,0,60,0,2
7,139,5,4,0,0,57,0,2
7,139,5,5,0,0,60,0,2
7,139,5,6,0,0,60,0,2
7,139,5,7,0,0,56,0,2
7,139,10,0,0,0,39,0,2
7,139,10,1,0,0,51,0,2
7,139,10,2,0,0,60,0,2
7,139,10,3,0,0,42,0,2
7,139,10,4,0,0,40,0,2
7,139,10,5,0,0,51,0,2
7,139,10,6,0,0,41,0,2
7,139,10,7,0,0,56,0,2
7,139,15,0,0,0,6,0,2
7,139,15,1,0,0,51,0,2
7,139,15,2,0,0,60,0,2
7,139,15,3,0,0,13,0,2
7,139,15,4,0,0,30,0,2
7,139,15,5,0,0,43,0,2
7,139,15,6,0,0,10,0,2
7,139,15,7,0,0,50,0,2
7,139,20,1,0,0,51,0,2
7,139,20,2,1,1,50,2,0
7,139,20,4,0,0,13,0,2
7,139,20,5,0,0,26,0,2
7,139,20,7,0,0,35,0,2
7,139,25,1,0,0,43,0,2
7,139,25,2,1,0,17,2,0
7,139,25,4,0,0,13,0,2
7,139,25,5,1,0,0,2,0
7,139,25,7,1,0,7,2,0
7,140,1,0,0,0,60,0,2
7,140,1,1,0,0,60,0,2
7,140,1,2,0,0,60,0,2
7,140,1,3,0,0,60,0,2
7,140,1,4,0,0,60,0,2
7,140,1,5,0,0,60,0,2
7,140,1,6,0,0,60,0,2
7,140,1,7,0,0,60,0,2
7,140,2,0,0,0,60,0,2
7,140,2,1,0,0,60,0,2
7,140,2,2,0,0,60,0,2
7,140,2,3,0,0,60,0,2
7,140,2,4,0,0,60,0,2
7,140,2,5,0,0,60,0,2
7,140,2,6,0,0,60,0,2
7,140,2,7,0,0,60,0,2
7,140,3,0,0,0,60,0,2
7,140,3,1,0,0,60,0,2
7,140,3,2,0,0,60,0,2
7,140,3,3,0,0,60,0,2
7,140,3,4,0,0,60,0,2
7,140,3,5,0,0,60,0,2
7,140,3,6,0,0,60,0,2
7,140,3,7,0,0,60,0,2
7,140,5,0,0,0,55,0,2
7,140,5,1,0,0,60,0,2
7,140,5,2,0,0,60,0,2
7,140,5,3,0,0,56,0,2
7,140,5,4,0,0,60,0,2
7,140,5,5,0,0,60,0,2
7,140,5,6,0,0,55,0,2
7,140,5,7,0,0,56,0,2
7,140,10,0,0,0,38,0,2
7,140,10,1,0,0,53,0,2
7,140,10,2,0,0,50,0,2
7,140,10,3,0,0,37,0,2
7,140,10,4,0,0,52,0,2
7,140,10,5,0,0,60,0,2
7,140,10,6,0,0,50,0,2
7,140,10,7,0,0,43,0,2
7,140,15,0,0,0,8,0,2
7,140,15,1,0,0,53,0,2
7,140,15,2,0,0,38,0,2
7,140,15,3,0,0,12,0,2
7,140,15,4,0,0,36,0,2
7,140,15,5,0,0,55,0,2
7,140,15,6,0,0,44,0,2
7,140,15,7,0,0,24,0,2
7,140,20,1,0,0,53,0,2
7,140,20,2,0,0,38,0,2
7,140,20,4,0,0,13,0,2
7,140,20,5,0,0,48,0,2
7,140,20,6,0,0,22,0,2
7,140,20,7,0,0,1,0,2
7,140,25,1,0,0,36,0,2
7,140,25,2,1,0,36,2,0
7,140,25,5,0,0,39,0,2
7,140,30,1,1,0,10,2,0
7,140,30,2,0,0,36,0,2
7,140,30,5,1,0,26,2,0
7,141,1,0,0,0,60,0,2
7,141,1,1,0,0,60,0,2
7,141,1,2,0,0,60,0,2
7,141,1,3,0,0,60,0,2
7,141,1,4,0,0,60,0,2
7,141,1,5,0,0,60,0,2
7,141,1,6,0,0,60,0,2
7,141,1,7,0,0,60,0,2
7,141,2,0,0,0,60,0,2
7,141,2,1,0,0,60,0,2
7,141,2,2,0,0,60,0,2
7,141,2,3,0,0,60,0,2
7,141,2,4,0,0,60,0,2
7,141,2,5,0,0,60,0,2
7,141,2,6,0,0,60,0,2
7,141,2,7,0,0,60,0,2
7,141,3,0,0,0,60,0,2
7,141,3,1,0,0,60,0,2
7,141,3,2,0,0,60,0,2
7,141,3,3,0,0,60,0,2
7,141,3,4,0,0,60,0,2
7,141,3,5,0,0,60,0,2
7,141,3,6,0,0,60,0,2
7,141,3,7,0,0,60,0,2
7,141,5,0,0,0,60,0,2
7,141,5,1,0,0,53,0,2
7,141,5,2,0,0,60,0,2
7,141,5,3,0,0,60,0,2
7,141,5,4,0,0,54,0,2
7,141,5,5,0,0,55,0,2
7,141,5,6,0,0,55,0,2
7,141,5,7,0,0,60,0,2
7,141,10,0,0,0,43,0,2
7,141,10,1,0,0,27,0,2
7,141,10,2,0,0,60,0,2
7,141,10,3,0,0,55,0,2
7,141,10,4,0,0,42,0,2
7,141,10,5,0,0,35,0,2
7,141,10,6,0,0,37,0,2
7,141,10,7,0,0,60,0,2
7,141,15,0,0,0,20,0,2
7,141,15,2,0,0,53,0,2
7,141,15,3,0,0,55,0,2
7,141,15,4,0,0,17,0,2
7,141,15,5,0,0,14,0,2
7,141,15,6,0,0,28,0,2
7,141,15,7,0,0,55,0,2
7,141,20,2,0,0,46,0,2
7,141,20,3,0,0,48,0,2
7,141,20,6,0,0,12,0,2
7,141,20,7,0,0,44,0,2
7,141,25,2,1,1,5,2,0
7,141,25,3,0,0,40,0,2
7,141,25,7,0,0,35,0,2
7,141,30,3,0,0,32,0,2
7,141,30,7,0,0,18,0,2
7,142,1,0,0,0,60,0,2
7,142,1,1,0,0,60,0,2
7,142,1,2,0,0,60,0,2
7,142,1,3,0,0,60,0,2
7,142,1,4,0,0,60,0,2
7,142,1,5,0,0,60,0,2
7,142,1,6,0,0,60,0,2
7,142,1,7,0,0,60,0,2
7,142,2,0,0,0,60,0,2
7,142,2,1,0,0,60,0,2
7,142,2,2,0,0,60,0,2
7,142,2,3,0,0,60,0,2
7,142,2,4,0,0,60,0,2
7,142,2,5,0,0,60,0,2
7,142,2,6,0,0,60,0,2
7,142,2,7,0,0,60,0,2
7,142,3,0,0,0,60,0,2
7,142,3,1,0,0,60,0,2
7,142,3,2,0,0,60,0,2
7,142,3,3,0,0,60,0,2
7,142,3,4,0,0,60,0,2
7,142,3,5,0,0,60,0,2
7,142,3,6,0,0,60,0,2
7,142,3,7,0,0,60,0,2
7,142,5,0,0,0,53,0,2
7,142,5,1,0,0,56,0,2
7,142,5,2,0,0,60,0,2
7,142,5,3,0,0,60,0,2
7,142,5,4,0,0,60,0,2
7,142,5,5,0,0,60,0,2
7,142,5,6,0,0,56,0,2
7,142,5,7,0,0,55,0,2
7,142,10,0,0,0,43,0,2
7,142,10,1,0,0,33,0,2
7,142,10,2,0,0,60,0,2
7,142,10,3,0,0,51,0,2
7,142,10,4,0,0,48,0,2
7,142,10,5,0,0,52,0,2
7,142,10,6,0,0,56,0,2
7,142,10,7,0,0,33,0,2
7,142,15,0,0,0,40,0,2
7,142,15,1,0,0,10,0,2
7,142,15,2,0,0,33,0,2
7,142,15,3,0,0,51,0,2
7,142,15,4,0,0,24,0,2
7,142,15,5,0,0,45,0,2
7,142,15,6,0,0,56,0,2
7,142,15,7,0,0,11,0,2
7,142,20,0,0,0,23,0,2
7,142,20,2,1,0,13,2,0
7,142,20,3,0,0,51,0,2
7,142,20,4,0,0,9,0,2
7,142,20,5,0,0,20,0,2
7,142,20,6,0,0,49,0,2
7,142,25,3,0,0,51,0,2
7,142,25,6,0,0,49,0,2
7,142,30,3,0,0,51,0,2
7,142,30,6,1,0,10,2,0
7,143,1,0,0,0,60,0,2
7,143,1,1,0,0,60,0,2
7,143,1,2,0,0,60,0,2
7,143,1,3,0,0,60,0,2
7,143,1,4,0,0,60,0,2
7,143,1,5,0,0,60,0,2
7,143,1,6,0,0,60,0,2
7,143,1,7,0,0,60,0,2
7,143,2,0,0,0,60,0,2
7,143,2,1,0,0,60,0,2
7,143,2,2,0,0,60,0,2
7,143,2,3,0,0,60,0,2
7,143,2,4,0,0,60,0,2
7,143,2,5,0,0,60,0,2
7,143,2,6,0,0,60,0,2
7,143,2,7,0,0,60,0,2
7,143,3,0,0,0,60,0,2
7,143,3,1,0,0,60,0,2
7,143,3,2,0,0,60,0,2
7,143,3,3,0,0,60,0,2
7,143,3,4,0,0,60,0,2
7,143,3,5,0,0,60,0,2
7,143,3,6,0,0,60,0,2
7,143,3,7,0,0,60,0,2
7,143,5,0,0,0,60,0,2
7,143,5,1,0,0,57,0,2
7,143,5,2,0,0,55,0,2
7,143,5,3,0,0,56,0,2
7,143,5,4,0,0,60,0,2
7,143,5,5,0,0,56,0,2
7,143,5,6,0,0,60,0,2
7,143,5,7,0,0,60,0,2
7,143,10,0,0,0,40,0,2
7,143,10,1,0,0,51,0,2
7,143,10,2,0,0,34,0,2
7,143,10,3,0,0,56,0,2
7,143,10,4,0,0,49,0,2
7,143,10,5,0,0,37,0,2
7,143,10,6,0,0,49,0,2
7,143,10,7,0,0,60,0,2
7,143,15,0,0,0,22,0,2
7,143,15,1,0,0,20,0,2
7,143,15,2,0,0,34,0,2
7,143,15,3,0,0,56,0,2
7,143,15,4,0,0,31,0,2
7,143,15,5,0,0,13,0,2
7,143,15,6,0,0,22,0,2
7,143,15,7,0,0,60,0,2
7,143,20,0,0,0,22,0,2
7,143,20,2,0,0,17,0,2
7,143,20,3,0,0,56,0,2
7,143,20,4,1,0,4,2,0
7,143,20,7,0,0,43,0,2
7,143,25,0,0,0,6,0,2
7,143,25,2,0,0,8,0,2
7,143,25,3,0,0,39,0,2
7,143,25,7,0,0,25,0,2
7,143,30,0,0,0,6,0,2
7,143,30,3,1,0,12,2,0
7,143,30,7,1,0,3,2,0
7,144,1,0,0,0,60,0,2
7,144,1,1,0,0,60,0,2
7,144,1,2,0,0,60,0,2
7,144,1,3,0,0,60,0,2
7,144,1,4,0,0,60,0,2
7,144,1,5,0,0,60,0,2
7,144,1,6,0,0,60,0,2
7,144,1,7,0,0,60,0,2
7,144,2,0,0,0,60,0,2
7,144,2,1,0,0,60,0,2
7,144,2,2,0,0,60,0,2
7,144,2,3,0,0,60,0,2
7,144,2,4,0,0,60,0,2
7,144,2,5,0,0,60,0,2
7,144,2,6,0,0,60,0,2
7,144,2,7,0,0,60,0,2
7,144,3,0,0,0,60,0,2
7,144,3,1,0,0,60,0,2
7,144,3,2,0,0,60,0,2
7,144,3,3,0,0,60,0,2
7,144,3,4,0,0,60,0,2
7,144,3,5,0,0,60,0,2
7,144,3,6,0,0,60,0,2
7,144,3,7,0,0,60,0,2
7,144,5,0,0,0,57,0,2
7,144,5,1,0,0,54,0,2
7,144,5,2,0,0,54,0,2
7,144,5,3,0,0,60,0,2
7,144,5,4,0,0,60,0,2
7,144,5,5,0,0,53,0,2
7,144,5,6,0,0,60,0,2
7,144,5,7,0,0,60,0,2
7,144,10,0,0,0,53,0,2
7,144,10,1,0,0,48,0,2
7,144,10,2,0,0,35,0,2
7,144,10,3,0,0,38,0,2
7,144,10,4,0,0,54,0,2
7,144,10,5,0,0,33,0,2
7,144,10,6,0,0,60,0,2
7,144,10,7,0,0,49,0,2
7,144,15,0,0,0,53,0,2
7,144,15,1,0,0,27,0,2
7,144,15,2,0,0,21,0,2
7,144,15,3,0,0,18,0,2
7,144,15,4,0,0,32,0,2
7,144,15,5,0,0,20,0,2
7,144,15,6,0,0,43,0,2
7,144,15,7,0,0,49,0,2
7,144,20,0,0,0,39,0,2
7,144,20,1,0,0,6,0,2
7,144,20,2,0,0,9,0,2
7,144,20,3,0,0,5,0,2
7,144,20,4,0,1,7,0,2
7,144,20,5,0,0,20,0,2
7,144,20,6,1,0,14,2,0
7,144,20,7,0,0,42,0,2
7,144,25,0,1,0,19,2,0
7,144,25,5,0,0,20,0,2
7,144,25,7,0,0,26,0,2
7,144,30,5,0,0,20,0,2
7,144,30,7,1,0,6,2,0
7,145,1,0,0,0,60,0,2
7,145,1,1,0,0,60,0,2
7,145,1,2,0,0,60,0,2
7,145,1,3,0,0,60,0,2
7,145,1,4,0,0,60,0,2
7,145,1,5,0,0,60,0,2
7,145,1,6,0,0,60,0,2
7,145,1,7,0,0,60,0,2
7,145,2,0,0,0,60,0,2
7,145,2,1,0,0,60,0,2
7,145,2,2,0,0,60,0,2
7,145,2,3,0,0,60,0,2
7,145,2,4,0,0,60,0,2
7,145,2,5,0,0,60,0,2
7,145,2,6,0,0,60,0,2
7,145,2,7,0,0,60,0,2
7,145,3,0,0,0,60,0,2
7,145,3,1,0,0,60,0,2
7,145,3,2,0,0,60,0,2
7,145,3,3,0,0,60,0,2
7,145,3,4,0,0,60,0,2
7,145,3,5,0,0,60,0,2
7,145,3,6,0,0,60,0,2
7,145,3,7,0,0,60,0,2
7,145,5,0,0,0,56,0,2
7,145,5,1,0,0,54,0,2
7,145,5,2,0,0,60,0,2
7,145,5,3,0,0,60,0,2
7,145,5,4,0,0,60,0,2
7,145,5,5,0,0,60,0,2
7,145,5,6,0,0,55,0,2
7,145,5,7,0,0,55,0,2
7,145,10,0,0,0,37,0,2
7,145,10,1,0,0,48,0,2
7,145,10,2,0,0,60,0,2
7,145,10,3,0,0,51,0,2
7,145,10,4,0,0,48,0,2
7,145,10,5,0,0,54,0,2
7,145,10,6,0,0,27,0,2
7,145,10,7,0,0,45,0,2
7,145,15,0,0,0,32,0,2
7,145,15,1,0,0,48,0,2
7,145,15,2,0,0,40,0,2
7,145,15,3,0,0,47,0,2
7,145,15,4,0,0,42,0,2
7,145,15,5,0,0,42,0,2
7,145,15,7,0,0,21,0,2
7,145,20,0,1,0,6,2,0
7,145,20,1,0,0,35,0,2
7,145,20,2,0,0,35,0,2
7,145,20,3,0,0,42,0,2
7,145,20,4,0,0,42,0,2
7,145,20,5,0,0,11,0,2
7,145,20,7,0,0,2,0,2
7,145,25,1,0,0,17,0,2
7,145,25,2,0,0,18,0,2
7,145,25,3,0,0,34,0,2
7,145,25,4,0,0,27,0,2
7,145,30,1,1,0,0,2,0
7,145,30,3,0,1,17,0,2
7,145,30,4,0,0,20,0,2
7,146,1,0,0,0,60,0,2
7,146,1,1,0,0,60,0,2
7,146,1,2,0,0,60,0,2
7,146,1,3,0,0,60,0,2
7,146,1,4,0,0,60,0,2
7,146,1,5,0,0,60,0,2
7,146,1,6,0,0,60,0,2
7,146,1,7,0,0,60,0,2
7,146,2,0,0,0,60,0,2
7,146,2,1,0,0,60,0,2
7,146,2,2,0,0,60,0,2
7,146,2,3,0,0,60,0,2
7,146,2,4,0,0,60,0,2
7,146,2,5,0,0,60,0,2
7,146,2,6,0,0,60,0,2
7,146,2,7,0,0,60,0,2
7,146,3,0,0,0,60,0,2
7,146,3,1,0,0,60,0,2
7,146,3,2,0,0,60,0,2
7,146,3,3,0,0,60,0,2
7,146,3,4,0,0,60,0,2
7,146,3,5,0,0,60,0,2
7,146,3,6,0,0,60,0,2
7,146,3,7,0,0,60,0,2
7,146,5,0,0,0,60,0,2
7,146,5,1,0,0,56,0,2
7,146,5,2,0,0,60,0,2
7,146,5,3,0,0,60,0,2
7,146,5,4,0,0,55,0,2
7,146,5,5,0,0,55,0,2
7,146,5,6,0,0,53,0,2
7,146,5,7,0,0,60,0,2
7,146,10,0,0,0,49,0,2
7,146,10,1,0,0,50,0,2
7,146,10,2,0,0,56,0,2
7,146,10,3,0,0,60,0,2
7,146,10,4,0,0,35,0,2
7,146,10,5,0,0,36,0,2
7,146,10,6,0,0,32,0,2
7,146,10,7,0,0,49,0,2
7,146,15,0,0,0,39,0,2
7,146,15,1,0,0,36,0,2
7,146,15,2,0,0,56,0,2
7,146,15,3,0,0,60,0,2
7,146,15,4,0,0,21,0,2
7,146,15,5,0,0,7,0,2
7,146,15,6,0,0,11,0,2
7,146,15,7,0,0,28,0,2
7,146,20,0,0,0,39,0,2
7,146,20,1,0,0,12,0,2
7,146,20,2,0,0,41,0,2
7,146,20,3,0,0,53,0,2
7,146,20,7,1,0,0,2,0
7,146,25,0,0,0,39,0,2
7,146,25,2,0,0,24,0,2
7,146,25,3,0,0,30,0,2
7,147,1,0,0,0,60,0,2
7,147,1,1,0,0,60,0,2
7,147,1,2,0,0,60,0,2
7,147,1,3,0,0,60,0,2
7,147,1,4,0,0,60,0,2
7,147,1,5,0,0,60,0,2
7,147,1,6,0,0,60,0,2
7,147,1,7,0,0,60,0,2
7,147,2,0,0,0,60,0,2
7,147,2,1,0,0,60,0,2
7,147,2,2,0,0,60,0,2
7,147,2,3,0,0,60,0,2
7,147,2,4,0,0,60,0,2
7,147,2,5,0,0,60,0,2
7,147,2,6,0,0,60,0,2
7,147,2,7,0,0,60,0,2
7,147,3,0,0,0,60,0,2
7,147,3,1,0,0,60,0,2
7,147,3,2,0,0,60,0,2
7,147,3,3,0,0,60,0,2
7,147,3,4,0,0,60,0,2
7,147,3,5,0,0,60,0,2
7,147,3,6,0,0,60,0,2
7,147,3,7,0,0,60,0,2
7,147,5,0,0,0,60,0,2
7,147,5,1,0,0,56,0,2
7,147,5,2,0,0,55,0,2
7,147,5,3,0,0,56,0,2
7,147,5,4,0,0,60,0,2
7,147,5,5,0,0,54,0,2
7,147,5,6,0,0,60,0,2
7,147,5,7,0,0,60,0,2
7,147,10,0,0,0,55,0,2
7,147,10,1,0,0,47,0,2
7,147,10,2,0,0,41,0,2
7,147,10,3,0,0,33,0,2
7,147,10,4,0,0,29,0,2
7,147,10,5,0,0,47,0,2
7,147,10,6,0,0,60,0,2
7,147,10,7,0,0,49,0,2
7,147,15,0,0,0,55,0,2
7,147,15,1,0,0,34,0,2
7,147,15,2,0,0,29,0,2
7,147,15,3,0,0,10,0,2
7,147,15,5,0,0,35,0,2
7,147,15,6,0,0,39,0,2
7,147,15,7,0,0,49,0,2
7,147,20,0,0,0,49,0,2
7,147,20,1,0,0,21,0,2
7,147,20,2,0,0,11,0,2
7,147,20,5,0,0,19,0,2
7,147,20,6,1,0,10,2,0
7,147,20,7,0,0,49,0,2
7,147,25,0,0,1,31,0,2
7,147,25,1,0,0,21,0,2
7,147,25,7,0,0,21,0,2
7,147,30,0,1,0,11,2,0
7,147,30,1,0,0,21,0,2
7,148,1,0,0,0,60,0,2
7,148,1,1,0,0,60,0,2
7,148,1,2,0,0,60,0,2
7,148,1,3,0,0,60,0,2
7,148,1,4,0,0,60,0,2
7,148,1,5,0,0,60,0,2
7,148,1,6,0,0,60,0,2
7,148,1,7,0,0,60,0,2
7,148,2,0,0,0,60,0,2
7,148,2,1,0,0,60,0,2
7,148,2,2,0,0,60,0,2
7,148,2,3,0,0,60,0,2
7,148,2,4,0,0,60,0,2
7,148,2,5,0,0,60,0,2
7,148,2,6,0,0,60,0,2
7,148,2,7,0,0,60,0,2
7,148,3,0,0,0,60,0,2
7,148,3,1,0,0,60,0,2
7,148,3,2,0,0,60,0,2
7,148,3,3,0,0,60,0,2
7,148,3,4,0,0,60,0,2
7,148,3,5,0,0,60,0,2
7,148,3,6,0,0,60,0,2
7,148,3,7,0,0,60,0,2
7,148,5,0,0,0,60,0,2
7,148,5,1,0,0,60,0,2
7,148,5,2,0,0,55,0,2
7,148,5,3,0,0,60,0,2
7,148,5,4,0,0,60,0,2
7,148,5,5,0,0,55,0,2
7,148,5,6,0,0,56,0,2
7,148,5,7,0,0,56,0,2
7,148,10,0,0,0,41,0,2
7,148,10,1,0,0,56,0,2
7,148,10,2,0,0,55,0,2
7,148,10,3,0,0,41,0,2
7,148,10,4,0,0,54,0,2
7,148,10,5,0,0,50,0,2
7,148,10,6,0,0,38,0,2
7,148,10,7,0,0,46,0,2
7,148,15,0,0,0,29,0,2
7,148,15,1,0,0,40,0,2
7,148,15,2,0,0,55,0,2
7,148,15,3,0,0,27,0,2
7,148,15,4,0,0,48,0,2
7,148,15,5,0,0,44,0,2
7,148,15,6,0,0,6,0,2
7,148,15,7,0,0,29,0,2
7,148,20,0,0,0,7,0,2
7,148,20,1,0,0,22,0,2
7,148,20,2,0,0,46,0,2
7,148,20,3,0,0,6,0,2
7,148,20,4,0,0,41,0,2
7,148,20,5,1,0,42,2,0
7,148,20,7,0,0,3,0,2
7,148,25,1,1,0,12,2,0
7,148,25,2,1,0,21,2,0
7,148,25,4,0,0,33,0,2
7,148,25,5,1,0,21,2,0
7,148,30,4,1,0,12,2,0
7,148,30,5,1,0,19,2,0
7,149,1,0,0,0,60,0,2
7,149,1,1,0,0,60,0,2
7,149,1,2,0,0,60,0,2
7,149,1,3,0,0,60,0,2
7,149,1,4,0,0,60,0,2
7,149,1,5,0,0,60,0,2
7,149,1,6,0,0,60,0,2
7,149,1,7,0,0,60,0,2
7,149,2,0,0,0,60,0,2
7,149,2,1,0,0,60,0,2
7,149,2,2,0,0,60,0,2
7,149,2,3,0,0,60,0,2
7,149,2,4,0,0,60,0,2
7,149,2,5,0,0,60,0,2
7,149,2,6,0,0,60,0,2
7,149,2,7,0,0,60,0,2
7,149,3,0,0,0,60,0,2
7,149,3,1,0,0,60,0,2
7,149,3,2,0,0,60,0,2
7,149,3,3,0,0,60,0,2
7,149,3,4,0,0,60,0,2
7,149,3,5,0,0,60,0,2
7,149,3,6,0,0,60,0,2
7,149,3,7,0,0,60,0,2
7,149,5,0,0,0,55,0,2
7,149,5,1,0,0,60,0,2
7,149,5,2,0,0,60,0,2
7,149,5,3,0,0,53,0,2
7,149,5,4,0,0,60,0,2
7,149,5,5,0,0,60,0,2
7,149,5,6,0,0,54,0,2
7,149,5,7,0,0,56,0,2
7,149,10,0,0,0,55,0,2
7,149,10,1,0,0,49,0,2
7,149,10,2,0,0,50,0,2
7,149,10,3,0,0,26,0,2
7,149,10,4,0,0,41,0,2
7,149,10,5,0,0,56,0,2
7,149,10,6,0,0,47,0,2
7,149,10,7,0,0,47,0,2
7,149,15,0,0,0,55,0,2
7,149,15,1,0,0,42,0,2
7,149,15,2,0,0,27,0,2
7,149,15,4,0,0,18,0,2
7,149,15,5,0,0,56,0,2
7,149,15,6,0,0,25,0,2
7,149,15,7,0,0,34,0,2
7,149,20,0,0,0,39,0,2
7,149,20,1,0,0,42,0,2
7,149,20,2,1,0,2,2,0
7,149,20,5,0,0,56,0,2
7,149,20,6,1,0,9,2,0
7,149,20,7,0,0,10,0,2
7,149,25,0,0,0,22,0,2
7,149,25,1,0,0,23,0,2
7,149,25,5,0,0,48,0,2
7,149,30,0,1,0,0,2,0
7,149,30,5,1,0,46,2,0
7,150,1,0,0,0,60,0,2
7,150,1,1,0,0,60,0,2
7,150,1,2,0,0,60,0,2
7,150,1,3,0,0,60,0,2
7,150,1,4,0,0,60,0,2
7,150,1,5,0,0,60,0,2
7,150,1,6,0,0,60,0,2
7,150,1,7,0,0,60,0,2
7,150,2,0,0,0,60,0,2
7,150,2,1,0,0,60,0,2
7,150,2,2,0,0,60,0,2
7,150,2,3,0,0,60,0,2
7,150,2,4,0,0,60,0,2
7,150,2,5,0,0,60,0,2
7,150,2,6,0,0,60,0,2
7,150,2,7,0,0,60,0,2
7,150,3,0,0,0,60,0,2
7,150,3,1,0,0,60,0,2
7,150,3,2,0,0,60,0,2
7,150,3,3,0,0,60,0,2
7,150,3,4,0,0,60,0,2
7,150,3,5,0,0,60,0,2
7,150,3,6,0,0,60,0,2
7,150,3,7,0,0,60,0,2
7,150,5,0,0,0,60,0,2
7,150,5,1,0,0,60,0,2
7,150,5,2,0,0,54,0,2
7,150,5,3,0,0,54,0,2
7,150,5,4,0,0,60,0,2
7,150,5,5,0,0,56,0,2
7,150,5,6,0,0,55,0,2
7,150,5,7,0,0,60,0,2
7,150,10,0,0,0,52,0,2
7,150,10,1,0,0,55,0,2
7,150,10,2,0,0,32,0,2
7,150,10,3,0,0,40,0,2
7,150,10,4,0,0,44,0,2
7,150,10,5,0,0,53,0,2
7,150,10,6,0,0,55,0,2
7,150,10,7,0,0,51,0,2
7,150,15,0,0,0,41,0,2
7,150,15,1,0,0,34,0,2
7,150,15,2,0,0,20,0,2
7,150,15,3,0,0,25,0,2
7,150,15,4,0,0,16,0,2
7,150,15,5,0,0,41,0,2
7,150,15,6,0,0,55,0,2
7,150,15,7,0,0,45,0,2
7,150,20,0,1,0,16,2,0
7,150,20,2,0,0,20,0,2
7,150,20,3,1,0,8,2,0
7,150,20,5,0,0,41,0,2
7,150,20,6,0,0,39,0,2
7,150,20,7,0,0,30,0,2
7,150,25,5,0,0,41,0,2
7,150,25,6,0,0,39,0,2
7,151,1,0,0,0,60,0,2
7,151,1,1,0,0,60,0,2
7,151,1,2,0,0,60,0,2
7,151,1,3,0,0,60,0,2
7,151,1,4,0,0,60,0,2
7,151,1,5,0,0,60,0,2
7,151,1,6,0,0,60,0,2
7,151,1,7,0,0,60,0,2
7,151,2,0,0,0,60,0,2
7,151,2,1,0,0,60,0,2
7,151,2,2,0,0,60,0,2
7,151,2,3,0,0,60,0,2
7,151,2,4,0,0,60,0,2
7,151,2,5,0,0,60,0,2
7,151,2,6,0,0,60,0,2
7,151,2,7,0,0,60,0,2
7,151,3,0,0,0,60,0,2
7,151,3,1,0,0,60,0,2
7,151,3,2,0,0,60,0,2
7,151,3,3,0,0,60,0,2
7,151,3,4,0,0,60,0,2
7,151,3,5,0,0,60,0,2
7,151,3,6,0,0,60,0,2
7,151,3,7,0,0,60,0,2
7,151,5,0,0,0,60,0,2
7,151,5,1,0,0,60,0,2
7,151,5,2,0,0,60,0,2
7,151,5,3,0,0,54,0,2
7,151,5,4,0,0,56,0,2
7,151,5,5,0,0,55,0,2
7,151,5,6,0,0,56,0,2
7,151,5,7,0,0,60,0,2
7,151,10,0,0,0,51,0,2
7,151,10,1,0,0,45,0,2
7,151,10,2,0,0,42,0,2
7,151,10,3,0,0,39,0,2
7,151,10,4,0,0,44,0,2
7,151,10,5,0,0,55,0,2
7,151,10,6,0,0,52,0,2
7,151,10,7,0,0,49,0,2
7,151,15,0,0,0,38,0,2
7,151,15,1,0,0,31,0,2
7,151,15,2,0,0,15,0,2
7,151,15,3,0,0,12,0,2
7,151,15,4,0,0,18,0,2
7,151,15,5,0,0,55,0,2
7,151,15,6,0,0,52,0,2
7,151,15,7,0,0,42,0,2
7,151,20,0,0,0,28,0,2
7,151,20,5,0,0,38,0,2
7,151,20,6,0,0,52,0,2
7,151,20,7,0,0,33,0,2
7,151,25,5,0,0,19,0,2
7,151,25,6,0,0,52,0,2
7,151,25,7,1,0,3,2,0
7,152,1,0,0,0,60,0,2
7,152,1,1,0,0,60,0,2
7,152,1,2,0,0,60,0,2
7,152,1,3,0,0,60,0,2
7,152,1,4,0,0,60,0,2
7,152,1,5,0,0,60,0,2
7,152,1,6,0,0,60,0,2
7,152,1,7,0,0,60,0,2
7,152,2,0,0,0,60,0,2
7,152,2,1,0,0,60,0,2
7,152,2,2,0,0,60,0,2
7,152,2,3,0,0,60,0,2
7,152,2,4,0,0,60,0,2
7,152,2,5,0,0,60,0,2
7,152,2,6,0,0,60,0,2
7,152,2,7,0,0,60,0,2
7,152,3,0,0,0,60,0,2
7,152,3,1,0,0,60,0,2
7,152,3,2,0,0,60,0,2
7,152,3,3,0,0,60,0,2
7,152,3,4,0,0,60,0,2
7,152,3,5,0,0,60,0,2
7,152,3,6,0,0,60,0,2
7,152,3,7,0,0,60,0,2
7,152,5,0,0,0,55,0,2
7,152,5,1,0,0,60,0,2
7,152,5,2,0,0,53,0,2
7,152,5,3,0,0,60,0,2
7,152,5,4,0,0,60,0,2
7,152,5,5,0,0,55,0,2
7,152,5,6,0,0,54,0,2
7,152,5,7,0,0,60,0,2
7,152,10,0,0,0,50,0,2
7,152,10,1,0,0,42,0,2
7,152,10,2,0,0,36,0,2
7,152,10,3,0,0,54,0,2
7,152,10,4,0,0,60,0,2
7,152,10,5,0,0,36,0,2
7,152,10,6,0,0,38,0,2
7,152,10,7,0,0,57,0,2
7,152,15,0,0,0,22,0,2
7,152,15,1,0,0,17,0,2
7,152,15,2,0,0,13,0,2
7,152,15,3,0,0,42,0,2
7,152,15,4,0,0,60,0,2
7,152,15,5,0,0,8,0,2
7,152,15,6,0,0,38,0,2
7,152,15,7,0,0,57,0,2
7,152,20,0,1,0,13,2,0
7,152,20,3,1,0,15,2,0
7,152,20,4,1,0,51,2,0
7,152,20,6,0,0,38,0,2
7,152,20,7,0,0,44,0,2
7,152,25,4,0,0,24,0,2
7,152,25,6,0,0,38,0,2
7,152,25,7,0,0,25,0,2
7,153,1,0,0,0,60,0,2
7,153,1,1,0,0,60,0,2
7,153,1,2,0,0,60,0,2
7,153,1,3,0,0,60,0,2
7,153,1,4,0,0,60,0,2
7,153,1,5,0,0,60,0,2
7,153,1,6,0,0,60,0,2
7,153,1,7,0,0,60,0,2
7,153,2,0,0,0,60,0,2
7,153,2,1,0,0,60,0,2
7,153,2,2,0,0,60,0,2
7,153,2,3,0,0,60,0,2
7,153,2,4,0,0,60,0,2
7,153,2,5,0,0,60,0,2
7,153,2,6,0,0,60,0,2
7,153,2,7,0,0,60,0,2
7,153,3,0,0,0,60,0,2
7,153,3,1,0,0,60,0,2
7,153,3,2,0,0,60,0,2
7,153,3,3,0,0,60,0,2
7,153,3,4,0,0,60,0,2
7,153,3,5,0,0,60,0,2
7,153,3,6,0,0,60,0,2
7,153,3,7,0,0,60,0,2
7,153,5,0,0,0,60,0,2
7,153,5,1,0,0,54,0,2
7,153,5,2,0,0,60,0,2
7,153,5,3,0,0,60,0,2
7,153,5,4,0,0,55,0,2
7,153,5,5,0,0,57,0,2
7,153,5,6,0,0,60,0,2
7,153,5,7,0,0,56,0,2
7,153,10,0,0,0,51,0,2
7,153,10,1,0,0,33,0,2
7,153,10,2,0,0,56,0,2
7,153,10,3,0,0,42,0,2
7,153,10,4,0,0,55,0,2
7,153,10,5,0,0,33,0,2
7,153,10,6,0,0,60,0,2
7,153,10,7,0,0,41,0,2
7,153,15,0,0,0,41,0,2
7,153,15,1,0,0,6,0,2
7,153,15,2,0,0,52,0,2
7,153,15,3,0,0,20,0,2
7,153,15,4,0,0,55,0,2
7,153,15,5,0,0,10,0,2
7,153,15,6,0,0,60,0,2
7,153,15,7,0,0,9,0,2
7,153,20,0,0,0,21,0,2
7,153,20,2,0,0,52,0,2
7,153,20,3,0,0,4,0,2
7,153,20,4,0,0,55,0,2
7,153,20,6,0,0,45,0,2
7,153,25,2,0,0,23,0,2
7,153,25,4,0,0,55,0,2
7,153,25,6,0,0,37,0,2
7,153,30,4,0,0,55,0,2
7,153,30,6,0,0,19,0,2
7,154,1,0,0,0,60,0,2
7,154,1,1,0,0,60,0,2
7,154,1,2,0,0,60,0,2
7,154,1,3,0,0,60,0,2
7,154,1,4,0,0,60,0,2
7,154,1,5,0,0,60,0,2
7,154,1,6,0,0,60,0,2
7,154,1,7,0,0,60,0,2
7,154,2,0,0,0,60,0,2
7,154,2,1,0,0,60,0,2
7,154,2,2,0,0,60,0,2
7,154,2,3,0,0,60,0,2
7,154,2,4,0,0,60,0,2
7,154,2,5,0,0,60,0,2
7,154,2,6,0,0,60,0,2
7,154,2,7,0,0,60,0,2
7,154,3,0,0,0,60,0,2
7,154,3,1,0,0,60,0,2
7,154,3,2,0,0,60,0,2
7,154,3,3,0,0,60,0,2
7,154,3,4,0,0,60,0,2
7,154,3,5,0,0,60,0,2
7,154,3,6,0,0,60,0,2
7,154,3,7,0,0,60,0,2
7,154,5,0,0,0,55,0,2
7,154,5,1,0,0,60,0,2
7,154,5,2,0,0,55,0,2
7,154,5,3,0,0,60,0,2
7,154,5,4,0,0,56,0,2
7,154,5,5,0,0,60,0,2
7,154,5,6,0,0,60,0,2
7,154,5,7,0,0,53,0,2
7,154,10,0,0,0,38,0,2
7,154,10,1,0,0,55,0,2
7,154,10,2,0,0,40,0,2
7,154,10,3,0,0,51,0,2
7,154,10,4,0,0,40,0,2
7,154,10,5,0,0,60,0,2
7,154,10,6,0,0,54,0,2
7,154,10,7,0,0,34,0,2
7,154,15,0,0,0,38,0,2
7,154,15,1,0,0,55,0,2
7,154,15,2,0,0,8,0,2
7,154,15,3,0,0,28,0,2
7,154,15,4,0,0,18,0,2
7,154,15,5,0,0,53,0,2
7,154,15,6,0,0,49,0,2
7,154,15,7,0,0,1,0,2
7,154,20,0,0,0,24,0,2
7,154,20,1,0,0,55,0,2
7,154,20,3,0,0,2,0,2
7,154,20,5,0,0,53,0,2
7,154,20,6,0,0,34,0,2
7,154,25,1,0,0,47,0,2
7,154,25,5,0,0,46,0,2
7,154,25,6,0,0,10,0,2
7,154,30,1,1,0,28,2,0
7,154,30,5,1,0,29,2,0
7,155,1,0,0,0,60,0,2
7,155,1,1,0,0,60,0,2
7,155,1,2,0,0,60,0,2
7,155,1,3,0,0,60,0,2
7,155,1,4,0,0,60,0,2
7,155,1,5,0,0,60,0,2
7,155,1,6,0,0,60,0,2
7,155,1,7,0,0,60,0,2
7,155,2,0,0,0,60,0,2
7,155,2,1,0,0,60,0,2
7,155,2,2,0,0,60,0,2
7,155,2,3,0,0,60,0,2
7,155,2,4,0,0,60,0,2
7,155,2,5,0,0,60,0,2
7,155,2,6,0,0,60,0,2
7,155,2,7,0,0,60,0,2
7,155,3,0,0,0,60,0,2
7,155,3,1,0,0,60,0,2
7,155,3,2,0,0,60,0,2
7,155,3,3,0,0,60,0,2
7,155,3,4,0,0,60,0,2
7,155,3,5,0,0,60,0,2
7,155,3,6,0,0,60,0,2
7,155,3,7,0,0,60,0,2
7,155,5,0,0,0,60,0,2
7,155,5,1,0,0,57,0,2
7,155,5,2,0,0,54,0,2
7,155,5,3,0,0,53,0,2
7,155,5,4,0,0,60,0,2
7,155,5,5,0,0,55,0,2
7,155,5,6,0,0,60,0,2
7,155,5,7,0,0,60,0,2
7,155,10,0,0,0,55,0,2
7,155,10,1,0,0,52,0,2
7,155,10,2,0,0,47,0,2
7,155,10,3,0,0,39,0,2
7,155,10,4,0,0,36,0,2
7,155,10,5,0,0,42,0,2
7,155,10,6,0,0,54,0,2
7,155,10,7,0,0,53,0,2
7,155,15,0,0,0,51,0,2
7,155,15,1,0,0,47,0,2
7,155,15,2,0,0,40,0,2
7,155,15,3,0,0,39,0,2
7,155,15,5,0,0,21,0,2
7,155,15,6,0,0,28,0,2
7,155,15,7,0,0,36,0,2
7,155,20,0,0,0,36,0,2
7,155,20,1,0,0,39,0,2
7,155,20,2,0,1,20,0,2
7,155,20,3,0,0,39,0,2
7,155,20,5,0,0,21,0,2
7,155,25,0,1,0,0,2,0
7,155,25,1,0,0,23,0,2
7,155,25,3,0,0,23,0,2
7,155,25,5,1,0,19,2,0
7,155,30,3,1,0,21,2,0
7,155,30,5,1,0,0,2,0
7,156,1,0,0,0,60,0,2
7,156,1,1,0,0,60,0,2
7,156,1,2,0,0,60,0,2
7,156,1,3,0,0,60,0,2
7,156,1,4,0,0,60,0,2
7,156,1,5,0,0,60,0,2
7,156,1,6,0,0,60,0,2
7,156,1,7,0,0,60,0,2
7,156,2,0,0,0,60,0,2
7,156,2,1,0,0,60,0,2
7,156,2,2,0,0,60,0,2
7,156,2,3,0,0,60,0,2
7,156,2,4,0,0,60,0,2
7,156,2,5,0,0,60,0,2
7,156,2,6,0,0,60,0,2
7,156,2,7,0,0,60,0,2
7,156,3,0,0,0,60,0,2
7,156,3,1,0,0,60,0,2
7,156,3,2,0,0,60,0,2
7,156,3,3,0,0,60,0,2
7,156,3,4,0,0,60,0,2
7,156,3,5,0,0,60,0,2
7,156,3,6,0,0,60,0,2
7,156,3,7,0,0,60,0,2
7,156,5,0,0,0,54,0,2
7,156,5,1,0,0,60,0,2
7,156,5,2,0,0,60,0,2
7,156,5,3,0,0,55,0,2
7,156,5,4,0,0,60,0,2
7,156,5,5,0,0,54,0,2
7,156,5,6,0,0,56,0,2
7,156,5,7,0,0,60,0,2
7,156,10,0,0,0,28,0,2
7,156,10,1,0,0,55,0,2
7,156,10,2,0,0,60,0,2
7,156,10,3,0,0,43,0,2
7,156,10,4,0,0,44,0,2
7,156,10,5,0,0,54,0,2
7,156,10,6,0,0,46,0,2
7,156,10,7,0,0,34,0,2
7,156,15,0,0,0,8,0,2
7,156,15,1,0,0,55,0,2
7,156,15,2,0,0,54,0,2
7,156,15,3,0,0,31,0,2
7,156,15,4,0,0,30,0,2
7,156,15,5,0,0,33,0,2
7,156,15,6,0,0,43,0,2
7,156,15,7,0,0,3,0,2
7,156,20,1,0,0,46,0,2
7,156,20,2,0,0,25,0,2
7,156,20,3,1,0,29,2,0
7,156,20,4,1,0,28,2,0
7,156,20,5,0,0,4,0,2
7,156,20,6,1,0,25,2,0
7,156,25,1,0,0,28,0,2
7,156,25,3,0,0,29,0,2
7,156,25,4,0,0,28,0,2
7,156,30,3,1,0,7,2,0
7,156,30,4,0,0,28,0,2
7,157,1,0,0,0,60,0,2
7,157,1,1,0,0,60,0,2
7,157,1,2,0,0,60,0,2
7,157,1,3,0,0,60,0,2
7,157,1,4,0,0,60,0,2
7,157,1,5,0,0,60,0,2
7,157,1,6,0,0,60,0,2
7,157,1,7,0,0,60,0,2
7,157,2,0,0,0,60,0,2
7,157,2,1,0,0,60,0,2
7,157,2,2,0,0,60,0,2
7,157,2,3,0,0,60,0,2
7,157,2,4,0,0,60,0,2
7,157,2,5,0,0,60,0,2
7,157,2,6,0,0,60,0,2
7,157,2,7,0,0,60,0,2
7,157,3,0,0,0,60,0,2
7,157,3,1,0,0,60,0,2
7,157,3,2,0,0,60,0,2
7,157,3,3,0,0,60,0,2
7,157,3,4,0,0,60,0,2
7,157,3,5,0,0,60,0,2
7,157,3,6,0,0,60,0,2
7,157,3,7,0,0,60,0,2
7,157,5,0,0,0,60,0,2
7,157,5,1,0,0,60,0,2
7,157,5,2,0,0,56,0,2
7,157,5,3,0,0,55,0,2
7,157,5,4,0,0,54,0,2
7,157,5,5,0,0,60,0,2
7,157,5,6,0,0,60,0,2
7,157,5,7,0,0,56,0,2
7,157,10,0,0,0,52,0,2
7,157,10,1,0,0,60,0,2
7,157,10,2,0,0,34,0,2
7,157,10,3,0,0,45,0,2
7,157,10,4,0,0,35,0,2
7,157,10,5,0,0,34,0,2
7,157,10,6,0,0,54,0,2
7,157,10,7,0,0,56,0,2
7,157,15,0,0,0,46,0,2
7,157,15,1,0,0,60,0,2
7,157,15,2,0,0,15,0,2
7,157,15,3,0,0,25,0,2
7,157,15,4,0,0,3,0,2
7,157,15,5,0,0,18,0,2
7,157,15,6,0,0,50,0,2
7,157,15,7,0,0,41,0,2
7,157,20,0,1,0,6,2,0
7,157,20,1,0,0,60,0,2
7,157,20,5,1,0,10,2,0
7,157,20,6,0,0,35,0,2
7,157,20,7,0,0,41,0,2
7,157,25,1,0,0,60,0,2
7,157,25,6,0,0,15,0,2
7,157,25,7,0,0,24,0,2
7,158,1,0,0,0,60,0,2
7,158,1,1,0,0,60,0,2
7,158,1,2,0,0,60,0,2
7,158,1,3,0,0,60,0,2
7,158,1,4,0,0,60,0,2
7,158,1,5,0,0,60,0,2
7,158,1,6,0,0,60,0,2
7,158,1,7,0,0,60,0,2
7,158,2,0,0,0,60,0,2
7,158,2,1,0,0,60,0,2
7,158,2,2,0,0,60,0,2
7,158,2,3,0,0,60,0,2
7,158,2,4,0,0,60,0,2
7,158,2,5,0,0,60,0,2
7,158,2,6,0,0,60,0,2
7,158,2,7,0,0,60,0,2
7,158,3,0,0,0,60,0,2
7,158,3,1,0,0,60,0,2
7,158,3,2,0,0,60,0,2
7,158,3,3,0,0,60,0,2
7,158,3,4,0,0,60,0,2
7,158,3,5,0,0,60,0,2
7,158,3,6,0,0,60,0,2
7,158,3,7,0,0,60,0,2
7,158,5,0,0,0,54,0,2
7,158,5,1,0,0,60,0,2
7,158,5,2,0,0,55,0,2
7,158,5,3,0,0,55,0,2
7,158,5,4,0,0,54,0,2
7,158,5,5,0,0,60,0,2
7,158,5,6,0,0,60,0,2
7,158,5,7,0,0,60,0,2
7,158,10,0,0,0,33,0,2
7,158,10,1,0,0,52,0,2
7,158,10,2,0,0,50,0,2
7,158,10,3,0,0,31,0,2
7,158,10,4,0,0,40,0,2
7,158,10,5,0,0,60,0,2
7,158,10,6,0,0,43,0,2
7,158,10,7,0,0,54,0,2
7,158,15,0,0,0,13,0,2
7,158,15,1,0,0,52,0,2
7,158,15,2,0,0,50,0,2
7,158,15,3,0,0,7,0,2
7,158,15,4,0,0,23,0,2
7,158,15,5,0,0,60,0,2
7,158,15,6,0,0,7,0,2
7,158,15,7,0,0,33,0,2
7,158,20,1,0,0,52,0,2
7,158,20,2,0,1,24,0,2
7,158,20,4,0,0,16,0,2
7,158,20,5,0,0,52,0,2
7,158,20,7,0,0,1,0,2
7,158,25,1,0,0,50,0,2
7,158,25,5,0,0,37,0,2
7,158,30,1,0,0,35,0,2
7,158,30,5,1,0,19,2,0
7,159,1,0,0,0,60,0,2
7,159,1,1,0,0,60,0,2
7,159,1,2,0,0,60,0,2
7,159,1,3,0,0,60,0,2
7,159,1,4,0,0,60,0,2
7,159,1,5,0,0,60,0,2
7,159,1,6,0,0,60,0,2
7,159,1,7,0,0,60,0,2
7,159,2,0,0,0,60,0,2
7,159,2,1,0,0,60,0,2
7,159,2,2,0,0,60,0,2
7,159,2,3,0,0,60,0,2
7,159,2,4,0,0,60,0,2
7,159,2,5,0,0,60,0,2
7,159,2,6,0,0,60,0,2
7,159,2,7,0,0,60,0,2
7,159,3,0,0,0,60,0,2
7,159,3,1,0,0,60,0,2
7,159,3,2,0,0,60,0,2
7,159,3,3,0,0,60,0,2
7,159,3,4,0,0,60,0,2
7,159,3,5,0,0,60,0,2
7,159,3,6,0,0,60,0,2
7,159,3,7,0,0,60,0,2
7,159,5,0,0,0,53,0,2
7,159,5,1,0,0,55,0,2
7,159,5,2,0,0,60,0,2
7,159,5,3,0,0,60,0,2
7,159,5,4,0,0,53,0,2
7,159,5,5,0,0,55,0,2
7,159,5,6,0,0,60,0,2
7,159,5,7,0,0,60,0,2
7,159,10,0,0,0,53,0,2
7,159,10,1,0,0,38,0,2
7,159,10,2,0,0,60,0,2
7,159,10,3,0,0,41,0,2
7,159,10,4,0,0,32,0,2
7,159,10,5,0,0,45,0,2
7,159,10,6,0,0,57,0,2
7,159,10,7,0,0,40,0,2
7,159,15,0,0,0,38,0,2
7,159,15,1,0,0,16,0,2
7,159,15,2,0,0,56,0,2
7,159,15,3,0,0,33,0,2
7,159,15,4,0,0,2,0,2
7,159,15,5,0,0,40,0,2
7,159,15,6,0,0,57,0,2
7,159,15,7,0,0,11,0,2
7,159,20,0,0,0,22,0,2
7,159,20,2,0,0,56,0,2
7,159,20,3,0,0,18,0,2
7,159,20,5,0,0,9,0,2
7,159,20,6,0,0,57,0,2
7,159,25,2,0,0,48,0,2
7,159,25,6,0,0,48,0,2
7,159,30,2,0,0,40,0,2
7,159,30,6,1,0,19,2,0
7,160,1,0,0,0,60,0,2
7,160,1,1,0,0,60,0,2
7,160,1,2,0,0,60,0,2
7,160,1,3,0,0,60,0,2
7,160,1,4,0,0,60,0,2
7,160,1,5,0,0,60,0,2
7,160,1,6,0,0,60,0,2
7,160,1,7,0,0,60,0,2
7,160,2,0,0,0,60,0,2
7,160,2,1,0,0,60,0,2
7,160,2,2,0,0,60,0,2
7,160,2,3,0,0,60,0,2
7,160,2,4,0,0,60,0,2
7,160,2,5,0,0,60,0,2
7,160,2,6,0,0,60,0,2
7,160,2,7,0,0,60,0,2
7,160,3,0,0,0,60,0,2
7,160,3,1,0,0,60,0,2
7,160,3,2,0,0,60,0,2
7,160,3,3,0,0,60,0,2
7,160,3,4,0,0,60,0,2
7,160,3,5,0,0,60,0,2
7,160,3,6,0,0,60,0,2
7,160,3,7,0,0,60,0,2
7,160,5,0,0,0,60,0,2
7,160,5,1,0,0,55,0,2
7,160,5,2,0,0,55,0,2
7,160,5,3,0,0,60,0,2
7,160,5,4,0,0,60,0,2
7,160,5,5,0,0,60,0,2
7,160,5,6,0,0,55,0,2
7,160,5,7,0,0,56,0,2
7,160,10,0,0,0,46,0,2
7,160,10,1,0,0,46,0,2
7,160,10,2,0,0,29,0,2
7,160,10,3,0,0,60,0,2
7,160,10,4,0,0,60,0,2
7,160,10,5,0,0,50,0,2
7,160,10,6,0,0,35,0,2
7,160,10,7,0,0,45,0,2
7,160,15,0,0,0,36,0,2
7,160,15,1,0,0,44,0,2
7,160,15,2,0,0,17,0,2
7,160,15,3,0,0,46,0,2
7,160,15,4,0,0,52,0,2
7,160,15,5,0,0,36,0,2
7,160,15,6,0,0,14,0,2
7,160,15,7,0,0,25,0,2
7,160,20,0,0,0,26,0,2
7,160,20,1,0,0,31,0,2
7,160,20,2,1,0,6,2,0
7,160,20,3,0,0,38,0,2
7,160,20,4,0,0,31,0,2
7,160,20,5,1,0,20,2,0
7,160,25,0,0,0,16,0,2
7,160,25,1,0,0,5,0,2
7,160,25,3,1,0,1,2,0
7,160,25,4,1,0,10,2,0
7,160,25,5,0,0,20,0,2
7,161,1,0,0,0,60,0,2
7,161,1,1,0,0,60,0,2
7,161,1,2,0,0,60,0,2
7,161,1,3,0,0,60,0,2
7,161,1,4,0,0,60,0,2
7,161,1,5,0,0,60,0,2
7,161,1,6,0,0,60,0,2
7,161,1,7,0,0,60,0,2
7,161,2,0,0,0,60,0,2
7,161,2,1,0,0,60,0,2
7,161,2,2,0,0,60,0,2
7,161,2,3,0,0,60,0,2
7,161,2,4,0,0,60,0,2
7,161,2,5,0,0,60,0,2
7,161,2,6,0,0,60,0,2
7,161,2,7,0,0,60,0,2
7,161,3,0,0,0,60,0,2
7,161,3,1,0,0,60,0,2
7,161,3,2,0,0,60,0,2
7,161,3,3,0,0,60,0,2
7,161,3,4,0,0,60,0,2
7,161,3,5,0,0,60,0,2
7,161,3,6,0,0,60,0,2
7,161,3,7,0,0,60,0,2
7,161,5,0,0,0,54,0,2
7,161,5,1,0,0,60,0,2
7,161,5,2,0,0,60,0,2
7,161,5,3,0,0,56,0,2
7,161,5,4,0,0,60,0,2
7,161,5,5,0,0,57,0,2
7,161,5,6,0,0,55,0,2
7,161,5,7,0,0,60,0,2
7,161,10,0,0,0,48,0,2
7,161,10,1,0,0,60,0,2
7,161,10,2,0,0,54,0,2
7,161,10,3,0,0,35,0,2
7,161,10,4,0,0,50,0,2
7,161,10,5,0,0,50,0,2
7,161,10,6,0,0,42,0,2
7,161,10,7,0,0,39,0,2
7,161,15,0,0,0,34,0,2
7,161,15,1,0,0,54,0,2
7,161,15,2,0,0,54,0,2
7,161,15,3,0,0,4,0,2
7,161,15,4,0,0,38,0,2
7,161,15,5,0,0,42,0,2
7,161,15,6,0,0,15,0,2
7,161,15,7,0,0,27,0,2
7,161,20,0,0,0,34,0,2
7,161,20,1,0,0,48,0,2
7,161,20,2,0,0,48,0,2
7,161,20,4,1,0,9,2,0
7,161,20,5,0,0,27,0,2
7,161,25,0,0,0,17,0,2
7,161,25,1,0,0,30,0,2
7,161,25,2,1,1,37,2,0
7,161,30,0,1,0,6,2,0
7,161,30,2,1,0,26,2,0
7,162,1,0,0,0,60,0,2
7,162,1,1,0,0,60,0,2
7,162,1,2,0,0,60,0,2
7,162,1,3,0,0,60,0,2
7,162,1,4,0,0,60,0,2
7,162,1,5,0,0,60,0,2
7,162,1,6,0,0,60,0,2
7,162,1,7,0,0,60,0,2
7,162,2,0,0,0,60,0,2
7,162,2,1,0,0,60,0,2
7,162,2,2,0,0,60,0,2
7,162,2,3,0,0,60,0,2
7,162,2,4,0,0,60,0,2
7,162,2,5,0,0,60,0,2
7,162,2,6,0,0,60,0,2
7,162,2,7,0,0,60,0,2
7,162,3,0,0,0,60,0,2
7,162,3,1,0,0,60,0,2
7,162,3,2,0,0,60,0,2
7,162,3,3,0,0,60,0,2
7,162,3,4,0,0,60,0,2
7,162,3,5,0,0,60,0,2
7,162,3,6,0,0,60,0,2
7,162,3,7,0,0,60,0,2
7,162,5,0,0,0,60,0,2
7,162,5,1,0,0,60,0,2
7,162,5,2,0,0,60,0,2
7,162,5,3,0,0,53,0,2
7,162,5,4,0,0,60,0,2
7,162,5,5,0,0,57,0,2
7,162,5,6,0,0,56,0,2
7,162,5,7,0,0,54,0,2
7,162,10,0,0,0,33,0,2
7,162,10,1,0,0,43,0,2
7,162,10,2,0,0,50,0,2
7,162,10,3,0,0,26,0,2
7,162,10,4,0,0,54,0,2
7,162,10,5,0,0,57,0,2
7,162,10,6,0,0,45,0,2
7,162,10,7,0,0,54,0,2
7,162,15,0,0,0,1,0,2
7,162,15,1,0,0,29,0,2
7,162,15,2,0,0,50,0,2
7,162,15,4,0,0,47,0,2
7,162,15,5,0,0,57,0,2
7,162,15,6,0,0,32,0,2
7,162,15,7,0,0,33,0,2
7,162,20,1,0,0,21,0,2
7,162,20,2,0,0,50,0,2
7,162,20,4,0,0,25,0,2
7,162,20,5,0,0,50,0,2
7,162,20,6,0,0,3,0,2
7,162,20,7,1,0,9,2,0
7,162,25,1,0,0,5,0,2
7,162,25,2,1,0,22,2,0
7,162,25,5,0,0,50,0,2
7,162,30,2,1,0,4,2,0
7,162,30,5,1,0,32,2,0
7,163,1,0,0,0,60,0,2
7,163,1,1,0,0,60,0,2
7,163,1,2,0,0,60,0,2
7,163,1,3,0,0,60,0,2
7,163,1,4,0,0,60,0,2
7,163,1,5,0,0,60,0,2
7,163,1,6,0,0,60,0,2
7,163,1,7,0,0,60,0,2
7,163,2,0,0,0,60,0,2
7,163,2,1,0,0,60,0,2
7,163,2,2,0,0,60,0,2
7,163,2,3,0,0,60,0,2
7,163,2,4,0,0,60,0,2
7,163,2,5,0,0,60,0,2
7,163,2,6,0,0,60,0,2
7,163,2,7,0,0,60,0,2
7,163,3,0,0,0,60,0,2
7,163,3,1,0,0,60,0,2
7,163,3,2,0,0,60,0,2
7,163,3,3,0,0,60,0,2
7,163,3,4,0,0,60,0,2
7,163,3,5,0,0,60,0,2
7,163,3,6,0,0,60,0,2
7,163,3,7,0,0,60,0,2
7,163,5,0,0,0,55,0,2
7,163,5,1,0,0,53,0,2
7,163,5,2,0,0,60,0,2
7,163,5,3,0,0,60,0,2
7,163,5,4,0,0,55,0,2
7,163,5,5,0,0,60,0,2
7,163,5,6,0,0,60,0,2
7,163,5,7,0,0,55,0,2
7,163,10,0,0,0,55,0,2
7,163,10,1,0,0,28,0,2
7,163,10,2,0,0,53,0,2
7,163,10,3,0,0,43,0,2
7,163,10,4,0,0,37,0,2
7,163,10,5,0,0,47,0,2
7,163,10,6,0,0,49,0,2
7,163,10,7,0,0,52,0,2
7,163,15,0,0,0,55,0,2
7,163,15,2,0,0,49,0,2
7,163,15,3,0,0,14,0,2
7,163,15,5,0,0,41,0,2
7,163,15,6,0,0,49,0,2
7,163,15,7,0,0,40,0,2
7,163,20,0,0,0,55,0,2
7,163,20,2,0,0,25,0,2
7,163,20,5,0,0,17,0,2
7,163,20,6,0,0,44,0,2
7,163,20,7,0,0,32,0,2
7,163,25,0,0,0,55,0,2
7,163,25,6,0,0,12,0,2
7,163,25,7,1,0,22,2,0
7,164,1,0,0,0,60,0,2
7,164,1,1,0,0,60,0,2
7,164,1,2,0,0,60,0,2
7,164,1,3,0,0,60,0,2
7,164,1,4,0,0,60,0,2
7,164,1,5,0,0,60,0,2
7,164,1,6,0,0,60,0,2
7,164,1,7,0,0,60,0,2
7,164,2,0,0,0,60,0,2
7,164,2,1,0,0,60,0,2
7,164,2,2,0,0,60,0,2
7,164,2,3,0,0,60,0,2
7,164,2,4,0,0,60,0,2
7,164,2,5,0,0,60,0,2
7,164,2,6,0,0,60,0,2
7,164,2,7,0,0,60,0,2
7,164,3,0,0,0,60,0,2
7,164,3,1,0,0,60,0,2
7,164,3,2,0,0,60,0,2
7,164,3,3,0,0,60,0,2
7,164,3,4,0,0,60,0,2
7,164,3,5,0,0,60,0,2
7,164,3,6,0,0,60,0,2
7,164,3,7,0,0,60,0,2
7,164,5,0,0,0,54,0,2
7,164,5,1,0,0,60,0,2
7,164,5,2,0,0,60,0,2
7,164,5,3,0,0,55,0,2
7,164,5,4,0,0,60,0,2
7,164,5,5,0,0,56,0,2
7,164,5,6,0,0,54,0,2
7,164,5,7,0,0,60,0,2
7,164,10,0,0,0,54,0,2
7,164,10,1,0,0,42,0,2
7,164,10,2,0,0,47,0,2
7,164,10,3,0,0,39,0,2
7,164,10,4,0,0,52,0,2
7,164,10,5,0,0,52,0,2
7,164,10,6,0,0,39,0,2
7,164,10,7,0,0,54,0,2
7,164,15,0,0,0,44,0,2
7,164,15,1,0,0,42,0,2
7,164,15,2,0,0,32,0,2
7,164,15,3,0,0,8,0,2
7,164,15,4,0,0,39,0,2
7,164,15,5,0,0,52,0,2
7,164,15,6,0,0,13,0,2
7,164,15,7,0,0,39,0,2
7,164,20,0,0,0,37,0,2
7,164,20,1,0,0,42,0,2
7,164,20,2,1,0,5,2,0
7,164,20,4,1,0,28,2,0
7,164,20,5,0,0,44,0,2
7,164,20,7,0,0,12,0,2
7,164,25,0,0,0,37,0,2
7,164,25,1,0,0,24,0,2
7,164,25,5,0,0,36,0,2
7,164,30,0,1,0,9,2,0
7,164,30,5,0,0,28,0,2
7,165,1,0,0,0,60,0,2
7,165,1,1,0,0,60,0,2
7,165,1,2,0,0,60,0,2
7,165,1,3,0,0,60,0,2
7,165,1,4,0,0,60,0,2
7,165,1,5,0,0,60,0,2
7,165,1,6,0,0,60,0,2
7,165,1,7,0,0,60,0,2
7,165,2,0,0,0,60,0,2
7,165,2,1,0,0,60,0,2
7,165,2,2,0,0,60,0,2
7,165,2,3,0,0,60,0,2
7,165,2,4,0,0,60,0,2
7,165,2,5,0,0,60,0,2
7,165,2,6,0,0,60,0,2
7,165,2,7,0,0,60,0,2
7,165,3,0,0,0,60,0,2
7,165,3,1,0,0,60,0,2
7,165,3,2,0,0,60,0,2
7,165,3,3,0,0,60,0,2
7,165,3,4,0,0,60,0,2
7,165,3,5,0,0,60,0,2
7,165,3,6,0,0,60,0,2
7,165,3,7,0,0,60,0,2
7,165,5,0,0,0,60,0,2
7,165,5,1,0,0,60,0,2
7,165,5,2,0,0,54,0,2
7,165,5,3,0,0,55,0,2
7,165,5,4,0,0,60,0,2
7,165,5,5,0,0,56,0,2
7,165,5,6,0,0,60,0,2
7,165,5,7,0,0,54,0,2
7,165,10,0,0,0,55,0,2
7,165,10,1,0,0,44,0,2
7,165,10,2,0,0,44,0,2
7,165,10,3,0,0,34,0,2
7,165,10,4,0,0,46,0,2
7,165,10,5,0,0,51,0,2
7,165,10,6,0,0,57,0,2
7,165,10,7,0,0,50,0,2
7,165,15,0,0,0,48,0,2
7,165,15,1,0,0,11,0,2
7,165,15,2,0,0,33,0,2
7,165,15,3,0,0,8,0,2
7,165,15,4,0,0,26,0,2
7,165,15,5,0,0,44,0,2
7,165,15,6,0,0,49,0,2
7,165,15,7,0,0,43,0,2
7,165,20,0,0,0,48,0,2
7,165,20,2,0,0,15,0,2
7,165,20,5,0,0,44,0,2
7,165,20,6,-1,0,23,2,0
7,165,20,7,0,0,29,0,2
7,165,25,0,0,0,48,0,2
7,165,25,5,0,0,26,0,2
7,165,25,7,0,0,21,0,2
7,165,30,0,1,0,27,2,0
7,165,30,5,0,0,9,0,2
7,166,1,0,0,0,60,0,2
7,166,1,1,0,0,60,0,2
7,166,1,2,0,0,60,0,2
7,166,1,3,0,0,60,0,2
7,166,1,4,0,0,60,0,2
7,166,1,5,0,0,60,0,2
7,166,1,6,0,0,60,0,2
7,166,1,7,0,0,60,0,2
7,166,2,0,0,0,60,0,2
7,166,2,1,0,0,60,0,2
7,166,2,2,0,0,60,0,2
7,166,2,3,0,0,60,0,2
7,166,2,4,0,0,60,0,2
7,166,2,5,0,0,60,0,2
7,166,2,6,0,0,60,0,2
7,166,2,7,0,0,60,0,2
7,166,3,0,0,0,60,0,2
7,166,3,1,0,0,60,0,2
7,166,3,2,0,0,60,0,2
7,166,3,3,0,0,60,0,2
7,166,3,4,0,0,60,0,2
7,166,3,5,0,0,60,0,2
7,166,3,6,0,0,60,0,2
7,166,3,7,0,0,60,0,2
7,166,5,0,0,0,55,0,2
7,166,5,1,0,0,54,0,2
7,166,5,2,0,0,60,0,2
7,166,5,3,0,0,54,0,2
7,166,5,4,0,0,60,0,2
7,166,5,5,0,0,60,0,2
7,166,5,6,0,0,53,0,2
7,166,5,7,0,0,60,0,2
7,166,10,0,0,0,40,0,2
7,166,10,1,0,0,37,0,2
7,166,10,2,0,0,34,0,2
7,166,10,3,0,0,54,0,2
7,166,10,4,0,0,55,0,2
7,166,10,5,0,0,55,0,2
7,166,10,6,0,0,49,0,2
7,166,10,7,0,0,42,0,2
7,166,15,0,0,0,23,0,2
7,166,15,1,0,0,5,0,2
7,166,15,2,0,0,4,0,2
7,166,15,3,0,0,42,0,2
7,166,15,4,0,0,40,0,2
7,166,15,5,0,0,55,0,2
7,166,15,6,0,0,49,0,2
7,166,15,7,0,0,29,0,2
7,166,20,3,0,0,26,0,2
7,166,20,4,0,0,33,0,2
7,166,20,5,0,0,49,0,2
7,166,20,6,0,0,43,0,2
7,166,20,7,0,0,12,0,2
7,166,25,3,0,1,1,0,2
7,166,25,4,1,0,2,2,0
7,166,25,5,1,0,28,2,0
7,166,25,6,0,0,43,0,2
7,167,1,0,0,0,60,0,2
7,167,1,1,0,0,60,0,2
7,167,1,2,0,0,60,0,2
7,167,1,3,0,0,60,0,2
7,167,1,4,0,0,60,0,2
7,167,1,5,0,0,60,0,2
7,167,1,6,0,0,60,0,2
7,167,1,7,0,0,60,0,2
7,167,2,0,0,0,60,0,2
7,167,2,1,0,0,60,0,2
7,167,2,2,0,0,60,0,2
7,167,2,3,0,0,60,0,2
7,167,2,4,0,0,60,0,2
7,167,2,5,0,0,60,0,2
7,167,2,6,0,0,60,0,2
7,167,2,7,0,0,60,0,2
7,167,3,0,0,0,60,0,2
7,167,3,1,0,0,60,0,2
7,167,3,2,0,0,60,0,2
7,167,3,3,0,0,60,0,2
7,167,3,4,0,0,60,0,2
7,167,3,5,0,0,60,0,2
7,167,3,6,0,0,60,0,2
7,167,3,7,0,0,60,0,2
7,167,5,0,0,0,53,0,2
7,167,5,1,0,0,57,0,2
7,167,5,2,0,0,55,0,2
7,167,5,3,0,0,60,0,2
7,167,5,4,0,0,55,0,2
7,167,5,5,0,0,60,0,2
7,167,5,6,0,0,60,0,2
7,167,5,7,0,0,60,0,2
7,167,10,0,0,0,49,0,2
7,167,10,1,0,0,52,0,2
7,167,10,2,0,0,51,0,2
7,167,10,3,0,0,47,0,2
7,167,10,4,0,0,49,0,2
7,167,10,5,0,0,39,0,2
7,167,10,6,0,0,44,0,2
7,167,10,7,0,0,47,0,2
7,167,15,0,0,0,49,0,2
7,167,15,1,0,0,37,0,2
7,167,15,2,0,0,39,0,2
7,167,15,3,0,0,17,0,2
7,167,15,4,0,0,23,0,2
7,167,15,5,0,0,39,0,2
7,167,15,6,0,0,39,0,2
7,167,15,7,0,0,27,0,2
7,167,20,0,0,0,43,0,2
7,167,20,1,0,0,27,0,2
7,167,20,2,0,0,20,0,2
7,167,20,5,1,0,15,2,0
7,167,20,6,0,0,39,0,2
7,167,20,7,1,0,4,2,0
7,167,25,0,0,0,23,0,2
7,167,25,2,0,0,20,0,2
7,167,25,6,1,0,27,2,0
7,167,30,0,1,0,11,2,0
7,167,30,2,0,0,13,0,2
7,168,1,0,0,0,60,0,2
7,168,1,1,0,0,60,0,2
7,168,1,2,0,0,60,0,2
7,168,1,3,0,0,60,0,2
7,168,1,4,0,0,60,0,2
7,168,1,5,0,0,60,0,2
7,168,1,6,0,0,60,0,2
7,168,1,7,0,0,60,0,2
7,168,2,0,0,0,60,0,2
7,168,2,1,0,0,60,0,2
7,168,2,2,0,0,60,0,2
7,168,2,3,0,0,60,0,2
7,168,2,4,0,0,60,0,2
7,168,2,5,0,0,60,0,2
7,168,2,6,0,0,60,0,2
7,168,2,7,0,0,60,0,2
7,168,3,0,0,0,60,0,2
7,168,3,1,0,0,60,0,2
7,168,3,2,0,0,60,0,2
7,168,3,3,0,0,60,0,2
7,168,3,4,0,0,60,0,2
7,168,3,5,0,0,60,0,2
7,168,3,6,0,0,60,0,2
7,168,3,7,0,0,60,0,2
7,168,5,0,0,0,55,0,2
7,168,5,1,0,0,60,0,2
7,168,5,2,0,0,55,0,2
7,168,5,3,0,0,60,0,2
7,168,5,4,0,0,60,0,2
7,168,5,5,0,0,56,0,2
7,168,5,6,0,0,56,0,2
7,168,5,7,0,0,60,0,2
7,168,10,0,0,0,55,0,2
7,168,10,1,0,0,50,0,2
7,168,10,2,0,0,33,0,2
7,168,10,3,0,0,53,0,2
7,168,10,4,0,0,54,0,2
7,168,10,5,0,0,44,0,2
7,168,10,6,0,0,33,0,2
7,168,10,7,0,0,47,0,2
7,168,15,0,0,0,55,0,2
7,168,15,1,0,0,34,0,2
7,168,15,2,0,0,33,0,2
7,168,15,3,0,0,23,0,2
7,168,15,4,0,0,34,0,2
7,168,15,5,0,0,29,0,2
7,168,15,6,0,0,5,0,2
7,168,15,7,0,0,39,0,2
7,168,20,0,0,0,48,0,2
7,168,20,1,1,0,24,2,0
7,168,20,2,0,0,24,0,2
7,168,20,4,1,0,6,2,0
7,168,20,5,1,0,13,2,0
7,168,20,7,0,0,33,0,2
7,168,25,0,0,0,31,0,2
7,168,25,2,1,1,10,2,0
7,168,25,7,0,0,33,0,2
7,169,1,0,0,0,60,0,2
7,169,1,1,0,0,60,0,2
7,169,1,2,0,0,60,0,2
7,169,1,3,0,0,60,0,2
7,169,1,4,0,0,60,0,2
7,169,1,5,0,0,60,0,2
7,169,1,6,0,0,60,0,2
7,169,1,7,0,0,60,0,2
7,169,2,0,0,0,60,0,2
7,169,2,1,0,0,60,0,2
7,169,2,2,0,0,60,0,2
7,169,2,3,0,0,60,0,2
7,169,2,4,0,0,60,0,2
7,169,2,5,0,0,60,0,2
7,169,2,6,0,0,60,0,2
7,169,2,7,0,0,60,0,2
7,169,3,0,0,0,60,0,2
7,169,3,1,0,0,60,0,2
7,169,3,2,0,0,60,0,2
7,169,3,3,0,0,60,0,2
7,169,3,4,0,0,60,0,2
7,169,3,5,0,0,60,0,2
7,169,3,6,0,0,60,0,2
7,169,3,7,0,0,60,0,2
7,169,5,0,0,0,55,0,2
7,169,5,1,0,0,60,0,2
7,169,5,2,0,0,55,0,2
7,169,5,3,0,0,60,0,2
7,169,5,4,0,0,60,0,2
7,169,5,5,0,0,55,0,2
7,169,5,6,0,0,56,0,2
7,169,5,7,0,0,60,0,2
7,169,10,0,0,0,52,0,2
7,169,10,1,0,0,56,0,2
7,169,10,2,0,0,50,0,2
7,169,10,3,0,0,51,0,2
7,169,10,4,0,0,54,0,2
7,169,10,5,0,0,40,0,2
7,169,10,6,0,0,39,0,2
7,169,10,7,0,0,36,0,2
7,169,15,0,0,0,45,0,2
7,169,15,1,0,0,44,0,2
7,169,15,2,0,0,50,0,2
7,169,15,3,0,0,27,0,2
7,169,15,4,0,0,35,0,2
7,169,15,5,0,0,30,0,2
7,169,15,6,0,0,39,0,2
7,169,15,7,0,0,5,0,2
7,169,20,0,0,0,20,0,2
7,169,20,1,0,0,44,0,2
7,169,20,2,0,0,50,0,2
7,169,20,4,1,0,9,2,0
7,169,20,5,0,0,13,0,2
7,169,20,6,1,0,22,2,0
7,169,25,1,0,0,34,0,2
7,169,25,2,1,0,48,2,0
7,170,1,0,0,0,60,0,2
7,170,1,1,0,0,60,0,2
7,170,1,2,0,0,60,0,2
7,170,1,3,0,0,60,0,2
7,170,1,4,0,0,60,0,2
7,170,1,5,0,0,60,0,2
7,170,1,6,0,0,60,0,2
7,170,1,7,0,0,60,0,2
7,170,2,0,0,0,60,0,2
7,170,2,1,0,0,60,0,2
7,170,2,2,0,0,60,0,2
7,170,2,3,0,0,60,0,2
7,170,2,4,0,0,60,0,2
7,170,2,5,0,0,60,0,2
7,170,2,6,0,0,60,0,2
7,170,2,7,0,0,60,0,2
7,170,3,0,0,0,60,0,2
7,170,3,1,0,0,60,0,2
7,170,3,2,0,0,60,0,2
7,170,3,3,0,0,60,0,2
7,170,3,4,0,0,60,0,2
7,170,3,5,0,0,60,0,2
7,170,3,6,0,0,60,0,2
7,170,3,7,0,0,60,0,2
7,170,5,0,0,0,60,0,2
7,170,5,1,0,0,54,0,2
7,170,5,2,0,0,54,0,2
7,170,5,3,0,0,55,0,2
7,170,5,4,0,0,60,0,2
7,170,5,5,0,0,56,0,2
7,170,5,6,0,0,60,0,2
7,170,5,7,0,0,60,0,2
7,170,10,0,0,0,55,0,2
7,170,10,1,0,0,32,0,2
7,170,10,2,0,0,42,0,2
7,170,10,3,0,0,34,0,2
7,170,10,4,0,0,55,0,2
7,170,10,5,0,0,37,0,2
7,170,10,6,0,0,52,0,2
7,170,10,7,0,0,60,0,2
7,170,15,0,0,0,34,0,2
7,170,15,1,0,0,18,0,2
7,170,15,2,0,0,28,0,2
7,170,15,4,0,0,47,0,2
7,170,15,5,0,0,31,0,2
7,170,15,6,0,0,36,0,2
7,170,15,7,0,0,53,0,2
7,170,20,0,0,0,1,0,2
7,170,20,2,0,0,14,0,2
7,170,20,4,0,0,41,0,2
7,170,20,5,0,0,31,0,2
7,170,20,6,0,0,11,0,2
7,170,20,7,0,0,47,0,2
7,170,25,4,0,0,24,0,2
7,170,25,5,0,0,22,0,2
7,170,25,7,0,0,39,0,2
7,170,30,5,0,0,5,0,2
7,170,30,7,0,0,28,0,2
7,171,1,0,0,0,60,0,2
7,171,1,1,0,0,60,0,2
7,171,1,2,0,0,60,0,2
7,171,1,3,0,0,60,0,2
7,171,1,4,0,0,60,0,2
7,171,1,5,0,0,60,0,2
7,171,1,6,0,0,60,0,2
7,171,1,7,0,0,60,0,2
7,171,2,0,0,0,60,0,2
7,171,2,1,0,0,60,0,2
7,171,2,2,0,0,60,0,2
7,171,2,3,0,0,60,0,2
7,171,2,4,0,0,60,0,2
7,171,2,5,0,0,60,0,2
7,171,2,6,0,0,60,0,2
7,171,2,7,0,0,60,0,2
7,171,3,0,0,0,60,0,2
7,171,3,1,0,0,60,0,2
7,171,3,2,0,0,60,0,2
7,171,3,3,0,0,60,0,2
7,171,3,4,0,0,60,0,2
7,171,3,5,0,0,60,0,2
7,171,3,6,0,0,60,0,2
7,171,3,7,0,0,60,0,2
7,171,5,0,0,0,60,0,2
7,171,5,1,0,0,56,0,2
7,171,5,2,0,0,55,0,2
7,171,5,3,0,0,60,0,2
7,171,5,4,0,0,60,0,2
7,171,5,5,0,0,60,0,2
7,171,5,6,0,0,55,0,2
7,171,5,7,0,0,56,0,2
7,171,10,0,0,0,43,0,2
7,171,10,1,0,0,41,0,2
7,171,10,2,0,0,55,0,2
7,171,10,3,0,0,56,0,2
7,171,10,4,0,0,48,0,2
7,171,10,5,0,0,47,0,2
7,171,10,6,0,0,36,0,2
7,171,10,7,0,0,51,0,2
7,171,15,0,0,0,12,0,2
7,171,15,1,0,0,36,0,2
7,171,15,2,0,0,47,0,2
7,171,15,3,0,0,49,0,2
7,171,15,4,0,0,35,0,2
7,171,15,5,0,0,18,0,2
7,171,15,6,0,0,22,0,2
7,171,15,7,0,0,51,0,2
7,171,20,1,1,0,19,2,0
7,171,20,2,0,0,33,0,2
7,171,20,3,1,0,25,2,0
7,171,20,4,0,0,28,0,2
7,171,20,6,0,0,15,0,2
7,171,20,7,0,0,51,0,2
7,171,25,2,0,0,24,0,2
7,171,25,6,0,0,6,0,2
7,171,25,7,0,0,51,0,2
7,171,30,2,1,0,4,2,0
7,171,30,7,1,0,40,2,0
7,172,1,0,0,0,60,0,2
7,172,1,1,0,0,60,0,2
7,172,1,2,0,0,60,0,2
7,172,1,3,0,0,60,0,2
7,172,1,4,0,0,60,0,2
7,172,1,5,0,0,60,0,2
7,172,1,6,0,0,60,0,2
7,172,1,7,0,0,60,0,2
7,172,2,0,0,0,60,0,2
7,172,2,1,0,0,60,0,2
7,172,2,2,0,0,60,0,2
7,172,2,3,0,0,60,0,2
7,172,2,4,0,0,60,0,2
7,172,2,5,0,0,60,0,2
7,172,2,6,0,0,60,0,2
7,172,2,7,0,0,60,0,2
7,172,3,0,0,0,60,0,2
7,172,3,1,0,0,60,0,2
7,172,3,2,0,0,60,0,2
7,172,3,3,0,0,60,0,2
7,172,3,4,0,0,60,0,2
7,172,3,5,0,0,60,0,2
7,172,3,6,0,0,60,0,2
7,172,3,7,0,0,60,0,2
7,172,5,0,0,0,60,0,2
7,172,5,1,0,0,56,0,2
7,172,5,2,0,0,54,0,2
7,172,5,3,0,0,60,0,2
7,172,5,4,0,0,53,0,2
7,172,5,5,0,0,60,0,2
7,172,5,6,0,0,53,0,2
7,172,5,7,0,0,60,0,2
7,172,10,0,0,0,39,0,2
7,172,10,1,0,0,45,0,2
7,172,10,2,0,0,49,0,2
7,172,10,3,0,0,54,0,2
7,172,10,4,0,0,26,0,2
7,172,10,5,0,0,55,0,2
7,172,10,6,0,0,32,0,2
7,172,10,7,0,0,54,0,2
7,172,15,0,0,0,22,0,2
7,172,15,1,0,0,31,0,2
7,172,15,2,0,0,49,0,2
7,172,15,3,0,0,26,0,2
7,172,15,5,0,0,55,0,2
7,172,15,7,0,0,54,0,2
7,172,20,0,1,0,14,2,0
7,172,20,1,0,0,8,0,2
7,172,20,2,1,0,15,2,0
7,172,20,3,1,0,4,2,0
7,172,20,5,1,0,46,2,0
7,172,20,7,0,0,54,0,2
7,172,25,5,0,0,46,0,2
7,172,25,7,1,0,34,2,0
7,172,30,5,1,0,17,2,0
7,172,30,7,1,0,23,2,0
7,173,1,0,0,0,60,0,2
7,173,1,1,0,0,60,0,2
7,173,1,2,0,0,60,0,2
7,173,1,3,0,0,60,0,2
7,173,1,4,0,0,60,0,2
7,173,1,5,0,0,60,0,2
7,173,1,6,0,0,60,0,2
7,173,1,7,0,0,60,0,2
7,173,2,0,0,0,60,0,2
7,173,2,1,0,0,60,0,2
7,173,2,2,0,0,60,0,2
7,173,2,3,0,0,60,0,2
7,173,2,4,0,0,60,0,2
7,173,2,5,0,0,60,0,2
7,173,2,6,0,0,60,0,2
7,173,2,7,0,0,60,0,2
7,173,3,0,0,0,60,0,2
7,173,3,1,0,0,60,0,2
7,173,3,2,0,0,60,0,2
7,173,3,3,0,0,60,0,2
7,173,3,4,0,0,60,0,2
7,173,3,5,0,0,60,0,2
7,173,3,6,0,0,60,0,2
7,173,3,7,0,0,60,0,2
7,173,5,0,0,0,60,0,2
7,173,5,1,0,0,60,0,2
7,173,5,2,0,0,60,0,2
7,173,5,3,0,0,56,0,2
7,173,5,4,0,0,54,0,2
7,173,5,5,0,0,55,0,2
7,173,5,6,0,0,60,0,2
7,173,5,7,0,0,55,0,2
7,173,10,0,0,0,40,0,2
7,173,10,1,0,0,60,0,2
7,173,10,2,0,0,55,0,2
7,173,10,3,0,0,40,0,2
7,173,10,4,0,0,47,0,2
7,173,10,5,0,0,40,0,2
7,173,10,6,0,0,56,0,2
7,173,10,7,0,0,44,0,2
7,173,15,0,0,0,26,0,2
7,173,15,1,0,0,53,0,2
7,173,15,2,0,0,55,0,2
7,173,15,3,0,0,11,0,2
7,173,15,4,0,0,23,0,2
7,173,15,5,0,0,34,0,2
7,173,15,6,0,0,40,0,2
7,173,15,7,0,0,28,0,2
7,173,20,0,1,0,0,2,0
7,173,20,1,1,0,27,2,0
7,173,20,2,0,0,55,0,2
7,173,20,5,0,0,34,0,2
7,173,20,6,1,0,22,2,0
7,173,20,7,1,0,17,2,0
7,173,25,1,1,0,6,2,0
7,173,25,2,0,0,35,0,2
7,173,25,5,0,0,34,0,2
7,174,1,0,0,0,60,0,2
7,174,1,1,0,0,60,0,2
7,174,1,2,0,0,60,0,2
7,174,1,3,0,0,60,0,2
7,174,1,4,0,0,60,0,2
7,174,1,5,0,0,60,0,2
7,174,1,6,0,0,60,0,2
7,174,1,7,0,0,60,0,2
7,174,2,0,0,0,60,0,2
7,174,2,1,0,0,60,0,2
7,174,2,2,0,0,60,0,2
7,174,2,3,0,0,60,0,2
7,174,2,4,0,0,60,0,2
7,174,2,5,0,0,60,0,2
7,174,2,6,0,0,60,0,2
7,174,2,7,0,0,60,0,2
7,174,3,0,0,0,60,0,2
7,174,3,1,0,0,60,0,2
7,174,3,2,0,0,60,0,2
7,174,3,3,0,0,60,0,2
7,174,3,4,0,0,60,0,2
7,174,3,5,0,0,60,0,2
7,174,3,6,0,0,60,0,2
7,174,3,7,0,0,60,0,2
7,174,5,0,0,0,56,0,2
7,174,5,1,0,0,60,0,2
7,174,5,2,0,0,60,0,2
7,174,5,3,0,0,55,0,2
7,174,5,4,0,0,60,0,2
7,174,5,5,0,0,55,0,2
7,174,5,6,0,0,60,0,2
7,174,5,7,0,0,55,0,2
7,174,10,0,0,0,56,0,2
7,174,10,1,0,0,60,0,2
7,174,10,2,0,0,44,0,2
7,174,10,3,0,0,38,0,2
7,174,10,4,0,0,43,0,2
7,174,10,5,0,0,39,0,2
7,174,10,6,0,0,42,0,2
7,174,10,7,0,0,52,0,2
7,174,15,0,0,0,50,0,2
7,174,15,1,0,0,53,0,2
7,174,15,2,0,0,18,0,2
7,174,15,3,0,0,17,0,2
7,174,15,4,0,0,32,0,2
7,174,15,5,0,0,11,0,2
7,174,15,6,0,0,28,0,2
7,174,15,7,0,0,52,0,2
7,174,20,0,0,0,34,0,2
7,174,20,1,0,0,43,0,2
7,174,20,2,0,1,9,0,2
7,174,20,4,0,0,15,0,2
7,174,20,7,0,0,52,0,2
7,174,25,0,1,1,0,2,0
7,174,25,1,0,0,5,0,2
7,174,25,4,0,0,6,0,2
7,174,25,7,0,0,52,0,2
7,175,1,0,0,0,60,0,2
7,175,1,1,0,0,60,0,2
7,175,1,2,0,0,60,0,2
7,175,1,3,0,0,60,0,2
7,175,1,4,0,0,60,0,2
7,175,1,5,0,0,60,0,2
7,175,1,6,0,0,60,0,2
7,175,1,7,0,0,60,0,2
7,175,2,0,0,0,60,0,2
7,175,2,1,0,0,60,0,2
7,175,2,2,0,0,60,0,2
7,175,2,3,0,0,60,0,2
7,175,2,4,0,0,60,0,2
7,175,2,5,0,0,60,0,2
7,175,2,6,0,0,60,0,2
7,175,2,7,0,0,60,0,2
7,175,3,0,0,0,60,0,2
7,175,3,1,0,0,60,0,2
7,175,3,2,0,0,60,0,2
7,175,3,3,0,0,60,0,2
7,175,3,4,0,0,60,0,2
7,175,3,5,0,0,60,0,2
7,175,3,6,0,0,60,0,2
7,175,3,7,0,0,60,0,2
7,175,5,0,0,0,56,0,2
7,175,5,1,0,0,60,0,2
7,175,5,2,0,0,55,0,2
7,175,5,3,0,0,60,0,2
7,175,5,4,0,0,60,0,2
7,175,5,5,0,0,55,0,2
7,175,5,6,0,0,60,0,2
7,175,5,7,0,0,54,0,2
7,175,10,0,0,0,52,0,2
7,175,10,1,0,0,45,0,2
7,175,10,2,0,0,51,0,2
7,175,10,3,0,0,49,0,2
7,175,10,4,0,0,56,0,2
7,175,10,5,0,0,29,0,2
7,175,10,6,0,0,53,0,2
7,175,10,7,0,0,33,0,2
7,175,15,0,0,0,52,0,2
7,175,15,1,0,0,19,0,2
7,175,15,2,0,0,42,0,2
7,175,15,3,0,0,49,0,2
7,175,15,4,0,0,44,0,2
7,175,15,5,0,0,13,0,2
7,175,15,6,0,0,26,0,2
7,175,15,7,0,0,3,0,2
7,175,20,0,0,0,45,0,2
7,175,20,1,0,0,19,0,2
7,175,20,2,0,0,15,0,2
7,175,20,3,0,0,49,0,2
7,175,20,4,1,0,14,2,0
7,175,20,6,1,0,0,2,0
7,175,25,0,1,0,14,2,0
7,175,25,1,1,0,9,2,0
7,175,25,3,0,0,49,0,2
7,176,1,0,0,0,60,0,2
7,176,1,1,0,0,60,0,2
7,176,1,2,0,0,60,0,2
7,176,1,3,0,0,60,0,2
7,176,1,4,0,0,60,0,2
7,176,1,5,0,0,60,0,2
7,176,1,6,0,0,60,0,2
7,176,1,7,0,0,60,0,2
7,176,2,0,0,0,60,0,2
7,176,2,1,0,0,60,0,2
7,176,2,2,0,0,60,0,2
7,176,2,3,0,0,60,0,2
7,176,2,4,0,0,60,0,2
7,176,2,5,0,0,60,0,2
7,176,2,6,0,0,60,0,2
7,176,2,7,0,0,60,0,2
7,176,3,0,0,0,60,0,2
7,176,3,1,0,0,60,0,2
7,176,3,2,0,0,60,0,2
7,176,3,3,0,0,60,0,2
7,176,3,4,0,0,60,0,2
7,176,3,5,0,0,60,0,2
7,176,3,6,0,0,60,0,2
7,176,3,7,0,0,60,0,2
7,176,5,0,0,0,56,0,2
7,176,5,1,0,0,60,0,2
7,176,5,2,0,0,58,0,2
7,176,5,3,0,0,56,0,2
7,176,5,4,0,0,58,0,2
7,176,5,5,0,0,60,0,2
7,176,5,6,0,0,60,0,2
7,176,5,7,0,0,55,0,2
7,176,10,0,0,0,52,0,2
7,176,10,1,0,0,54,0,2
7,176,10,2,0,0,58,0,2
7,176,10,3,0,0,36,0,2
7,176,10,4,0,0,48,0,2
7,176,10,5,0,0,44,0,2
7,176,10,6,0,0,55,0,2
7,176,10,7,0,0,34,0,2
7,176,15,0,0,0,52,0,2
7,176,15,1,0,0,23,0,2
7,176,15,2,0,0,58,0,2
7,176,15,3,0,0,20,0,2
7,176,15,4,0,0,22,0,2
7,176,15,5,0,0,33,0,2
7,176,15,6,0,0,55,0,2
7,176,15,7,0,0,5,0,2
7,176,20,0,0,0,52,0,2
7,176,20,1,1,0,3,2,0
7,176,20,2,1,0,56,2,0
7,176,20,5,0,1,25,0,2
7,176,20,6,1,0,31,2,0
7,176,25,0,0,0,52,0,2
7,176,25,2,1,0,36,2,0
7,176,25,5,1,0,4,2,0
7,177,1,0,0,0,60,0,2
7,177,1,1,0,0,60,0,2
7,177,1,2,0,0,60,0,2
7,177,1,3,0,0,60,0,2
7,177,1,4,0,0,60,0,2
7,177,1,5,0,0,60,0,2
7,177,1,6,0,0,60,0,2
7,177,1,7,0,0,60,0,2
7,177,2,0,0,0,60,0,2
7,177,2,1,0,0,60,0,2
7,177,2,2,0,0,60,0,2
7,177,2,3,0,0,60,0,2
7,177,2,4,0,0,60,0,2
7,177,2,5,0,0,60,0,2
7,177,2,6,0,0,60,0,2
7,177,2,7,0,0,60,0,2
7,177,3,0,0,0,60,0,2
7,177,3,1,0,0,60,0,2
7,177,3,2,0,0,60,0,2
7,177,3,3,0,0,60,0,2
7,177,3,4,0,0,60,0,2
7,177,3,5,0,0,60,0,2
7,177,3,6,0,0,60,0,2
7,177,3,7,0,0,60,0,2
7,177,5,0,0,0,60,0,2
7,177,5,1,0,0,60,0,2
7,177,5,2,0,0,54,0,2
7,177,5,3,0,0,60,0,2
7,177,5,4,0,0,56,0,2
7,177,5,5,0,0,56,0,2
7,177,5,6,0,0,56,0,2
7,177,5,7,0,0,60,0,2
7,177,10,0,0,0,57,0,2
7,177,10,1,0,0,38,0,2
7,177,10,2,0,0,30,0,2
7,177,10,3,0,0,51,0,2
7,177,10,4,0,0,52,0,2
7,177,10,5,0,0,56,0,2
7,177,10,6,0,0,46,0,2
7,177,10,7,0,0,47,0,2
7,177,15,0,0,0,57,0,2
7,177,15,1,0,0,23,0,2
7,177,15,2,0,0,1,0,2
7,177,15,3,0,0,31,0,2
7,177,15,4,0,0,52,0,2
7,177,15,5,0,0,56,0,2
7,177,15,6,0,0,16,0,2
7,177,15,7,0,0,16,0,2
7,177,20,0,0,0,57,0,2
7,177,20,3,1,0,29,2,0
7,177,20,4,0,0,45,0,2
7,177,20,5,0,0,50,0,2
7,177,25,0,0,0,57,0,2
7,177,25,4,0,0,38,0,2
7,177,25,5,0,0,25,0,2
7,177,30,0,1,0,55,2,0
7,177,30,4,1,0,7,2,0
7,177,30,5,0,0,3,0,2
7,178,1,0,0,0,60,0,2
7,178,1,1,0,0,60,0,2
7,178,1,2,0,0,60,0,2
7,178,1,3,0,0,60,0,2
7,178,1,4,0,0,60,0,2
7,178,1,5,0,0,60,0,2
7,178,1,6,0,0,60,0,2
7,178,1,7,0,0,60,0,2
7,178,2,0,0,0,60,0,2
7,178,2,1,0,0,60,0,2
7,178,2,2,0,0,60,0,2
7,178,2,3,0,0,60,0,2
7,178,2,4,0,0,60,0,2
7,178,2,5,0,0,60,0,2
7,178,2,6,0,0,60,0,2
7,178,2,7,0,0,60,0,2
7,178,3,0,0,0,60,0,2
7,178,3,1,0,0,60,0,2
7,178,3,2,0,0,60,0,2
7,178,3,3,0,0,60,0,2
7,178,3,4,0,0,60,0,2
7,178,3,5,0,0,60,0,2
7,178,3,6,0,0,60,0,2
7,178,3,7,0,0,60,0,2
7,178,5,0,0,0,60,0,2
7,178,5,1,0,0,56,0,2
7,178,5,2,0,0,60,0,2
7,178,5,3,0,0,55,0,2
7,178,5,4,0,0,56,0,2
7,178,5,5,0,0,60,0,2
7,178,5,6,0,0,60,0,2
7,178,5,7,0,0,57,0,2
7,178,10,0,0,0,49,0,2
7,178,10,1,0,0,51,0,2
7,178,10,2,0,0,54,0,2
7,178,10,3,0,0,35,0,2
7,178,10,4,0,0,31,0,2
7,178,10,5,0,0,52,0,2
7,178,10,6,0,0,60,0,2
7,178,10,7,0,0,45,0,2
7,178,15,0,0,0,34,0,2
7,178,15,1,0,0,51,0,2
7,178,15,2,0,0,31,0,2
7,178,15,3,0,0,11,0,2
7,178,15,4,0,0,7,0,2
7,178,15,5,0,0,47,0,2
7,178,15,6,0,0,60,0,2
7,178,15,7,0,0,14,0,2
7,178,20,0,1,0,7,2,0
7,178,20,1,0,0,39,0,2
7,178,20,5,0,0,47,0,2
7,178,20,6,0,0,60,0,2
7,178,25,1,0,0,10,0,2
7,178,25,5,0,0,31,0,2
7,178,25,6,0,0,60,0,2
7,179,1,0,0,0,60,0,2
7,179,1,1,0,0,60,0,2
7,179,1,2,0,0,60,0,2
7,179,1,3,0,0,60,0,2
7,179,1,4,0,0,60,0,2
7,179,1,5,0,0,60,0,2
7,179,1,6,0,0,60,0,2
7,179,1,7,0,0,60,0,2
7,179,2,0,0,0,60,0,2
7,179,2,1,0,0,60,0,2
7,179,2,2,0,0,60,0,2
7,179,2,3,0,0,60,0,2
7,179,2,4,0,0,60,0,2
7,179,2,5,0,0,60,0,2
7,179,2,6,0,0,60,0,2
7,179,2,7,0,0,60,0,2
7,179,3,0,0,0,60,0,2
7,179,3,1,0,0,60,0,2
7,179,3,2,0,0,60,0,2
7,179,3,3,0,0,60,0,2
7,179,3,4,0,0,60,0,2
7,179,3,5,0,0,60,0,2
7,179,3,6,0,0,60,0,2
7,179,3,7,0,0,60,0,2
7,179,5,0,0,0,60,0,2
7,179,5,1,0,0,55,0,2
7,179,5,2,0,0,60,0,2
7,179,5,3,0,0,56,0,2
7,179,5,4,0,0,60,0,2
7,179,5,5,0,0,55,0,2
7,179,5,6,0,0,54,0,2
7,179,5,7,0,0,60,0,2
7,179,10,0,0,0,49,0,2
7,179,10,1,0,0,49,0,2
7,179,10,2,0,0,56,0,2
7,179,10,3,0,0,30,0,2
7,179,10,4,0,0,48,0,2
7,179,10,5,0,0,41,0,2
7,179,10,6,0,0,34,0,2
7,179,10,7,0,0,52,0,2
7,179,15,0,0,0,42,0,2
7,179,15,1,0,0,49,0,2
7,179,15,2,0,0,35,0,2
7,179,15,4,0,0,27,0,2
7,179,15,5,0,0,21,0,2
7,179,15,6,0,0,22,0,2
7,179,15,7,0,0,52,0,2
7,179,20,0,1,0,23,2,0
7,179,20,1,0,0,49,0,2
7,179,20,2,0,0,11,0,2
7,179,20,6,0,0,8,0,2
7,179,20,7,0,0,52,0,2
7,179,25,1,0,0,49,0,2
7,179,25,7,0,0,25,0,2
7,179,30,1,1,0,40,2,0
7,179,30,7,1,0,0,2,0
7,180,1,0,0,0,60,0,2
7,180,1,1,0,0,60,0,2
7,180,1,2,0,0,60,0,2
7,180,1,3,0,0,60,0,2
7,180,1,4,0,0,60,0,2
7,180,1,5,0,0,60,0,2
7,180,1,6,0,0,60,0,2
7,180,1,7,0,0,60,0,2
7,180,2,0,0,0,60,0,2
7,180,2,1,0,0,60,0,2
7,180,2,2,0,0,60,0,2
7,180,2,3,0,0,60,0,2
7,180,2,4,0,0,60,0,2
7,180,2,5,0,0,60,0,2
7,180,2,6,0,0,60,0,2
7,180,2,7,0,0,60,0,2
7,180,3,0,0,0,60,0,2
7,180,3,1,0,0,60,0,2
7,180,3,2,0,0,60,0,2
7,180,3,3,0,0,60,0,2
7,180,3,4,0,0,60,0,2
7,180,3,5,0,0,60,0,2
7,180,3,6,0,0,60,0,2
7,180,3,7,0,0,60,0,2
7,180,5,0,0,0,56,0,2
7,180,5,1,0,0,60,0,2
7,180,5,2,0,0,55,0,2
7,180,5,3,0,0,60,0,2
7,180,5,4,0,0,55,0,2
7,180,5,5,0,0,55,0,2
7,180,5,6,0,0,60,0,2
7,180,5,7,0,0,60,0,2
7,180,10,0,0,0,56,0,2
7,180,10,1,0,0,56,0,2
7,180,10,2,0,0,51,0,2
7,180,10,3,0,0,45,0,2
7,180,10,4,0,0,40,0,2
7,180,10,5,0,0,37,0,2
7,180,10,6,0,0,47,0,2
7,180,10,7,0,0,47,0,2
7,180,15,0,0,0,56,0,2
7,180,15,1,0,0,30,0,2
7,180,15,2,0,0,36,0,2
7,180,15,3,0,0,23,0,2
7,180,15,4,0,0,17,0,2
7,180,15,5,0,0,25,0,2
7,180,15,6,0,0,43,0,2
7,180,15,7,0,0,42,0,2
7,180,20,0,0,0,49,0,2
7,180,20,1,0,0,15,0,2
7,180,20,2,1,0,24,2,0
7,180,20,3,0,0,3,0,2
7,180,20,4,0,0,9,0,2
7,180,20,6,0,0,15,0,2
7,180,20,7,0,0,35,0,2
7,180,25,0,0,0,49,0,2
7,180,25,7,0,0,18,0,2
7,181,1,0,0,0,60,0,2
7,181,1,1,0,0,60,0,2
7,181,1,2,0,0,60,0,2
7,181,1,3,0,0,60,0,2
7,181,1,4,0,0,60,0,2
7,181,1,5,0,0,60,0,2
7,181,1,6,0,0,60,0,2
7,181,1,7,0,0,60,0,2
7,181,2,0,0,0,60,0,2
7,181,2,1,0,0,60,0,2
7,181,2,2,0,0,60,0,2
7,181,2,3,0,0,60,0,2
7,181,2,4,0,0,60,0,2
7,181,2,5,0,0,60,0,2
7,181,2,6,0,0,60,0,2
7,181,2,7,0,0,60,0,2
7,181,3,0,0,0,60,0,2
7,181,3,1,0,0,60,0,2
7,181,3,2,0,0,60,0,2
7,181,3,3,0,0,60,0,2
7,181,3,4,0,0,60,0,2
7,181,3,5,0,0,60,0,2
7,181,3,6,0,0,60,0,2
7,181,3,7,0,0,60,0,2
7,181,5,0,0,0,60,0,2
7,181,5,1,0,0,60,0,2
7,181,5,2,0,0,60,0,2
7,181,5,3,0,0,55,0,2
7,181,5,4,0,0,60,0,2
7,181,5,5,0,0,54,0,2
7,181,5,6,0,0,56,0,2
7,181,5,7,0,0,56,0,2
7,181,10,0,0,0,41,0,2
7,181,10,1,0,0,60,0,2
7,181,10,2,0,0,50,0,2
7,181,10,3,0,0,50,0,2
7,181,10,4,0,0,36,0,2
7,181,10,5,0,0,49,0,2
7,181,10,6,0,0,51,0,2
7,181,10,7,0,0,36,0,2
7,181,15,0,0,0,7,0,2
7,181,15,1,0,0,60,0,2
7,181,15,2,0,0,36,0,2
7,181,15,3,0,0,44,0,2
7,181,15,4,0,0,6,0,2
7,181,15,5,0,0,49,0,2
7,181,15,6,0,0,41,0,2
7,181,15,7,0,0,17,0,2
7,181,20,1,0,0,36,0,2
7,181,20,2,0,0,15,0,2
7,181,20,3,0,0,44,0,2
7,181,20,5,0,0,42,0,2
7,181,20,6,0,0,25,0,2
7,181,20,7,0,0,2,0,2
7,181,25,3,0,0,27,0,2
7,181,25,5,0,0,42,0,2
7,181,25,6,0,0,7,0,2
7,182,1,0,0,0,60,0,2
7,182,1,1,0,0,60,0,2
7,182,1,2,0,0,60,0,2
7,182,1,3,0,0,60,0,2
7,182,1,4,0,0,60,0,2
7,182,1,5,0,0,60,0,2
7,182,1,6,0,0,60,0,2
7,182,1,7,0,0,60,0,2
7,182,2,0,0,0,60,0,2
7,182,2,1,0,0,60,0,2
7,182,2,2,0,0,60,0,2
7,182,2,3,0,0,60,0,2
7,182,2,4,0,0,60,0,2
7,182,2,5,0,0,60,0,2
7,182,2,6,0,0,60,0,2
7,182,2,7,0,0,60,0,2
7,182,3,0,0,0,60,0,2
7,182,3,1,0,0,60,0,2
7,182,3,2,0,0,60,0,2
7,182,3,3,0,0,60,0,2
7,182,3,4,0,0,60,0,2
7,182,3,5,0,0,60,0,2
7,182,3,6,0,0,60,0,2
7,182,3,7,0,0,60,0,2
7,182,5,0,0,0,55,0,2
7,182,5,1,0,0,60,0,2
7,182,5,2,0,0,60,0,2
7,182,5,3,0,0,60,0,2
7,182,5,4,0,0,54,0,2
7,182,5,5,0,0,55,0,2
7,182,5,6,0,0,55,0,2
7,182,5,7,0,0,60,0,2
7,182,10,0,0,0,31,0,2
7,182,10,1,0,0,40,0,2
7,182,10,2,0,0,60,0,2
7,182,10,3,0,0,60,0,2
7,182,10,4,0,0,43,0,2
7,182,10,5,0,0,49,0,2
7,182,10,6,0,0,41,0,2
7,182,10,7,0,0,42,0,2
7,182,15,1,0,0,25,0,2
7,182,15,2,0,0,55,0,2
7,182,15,3,0,0,60,0,2
7,182,15,4,0,0,15,0,2
7,182,15,5,0,0,34,0,2
7,182,15,6,0,0,41,0,2
7,182,15,7,0,0,22,0,2
7,182,20,1,1,0,7,2,0
7,182,20,2,0,0,48,0,2
7,182,20,3,0,0,43,0,2
7,182,20,5,0,0,28,0,2
7,182,20,6,1,0,33,2,0
7,182,25,2,0,1,18,0,2
7,182,25,3,0,0,35,0,2
7,182,25,5,1,1,19,2,0
7,182,25,6,1,0,4,2,0
7,183,1,0,0,0,60,0,2
7,183,1,1,0,0,60,0,2
7,183,1,2,0,0,60,0,2
7,183,1,3,0,0,60,0,2
7,183,1,4,0,0,60,0,2
7,183,1,5,0,0,60,0,2
7,183,1,6,0,0,60,0,2
7,183,1,7,0,0,60,0,2
7,183,2,0,0,0,60,0,2
7,183,2,1,0,0,60,0,2
7,183,2,2,0,0,60,0,2
7,183,2,3,0,0,60,0,2
7,183,2,4,0,0,60,0,2
7,183,2,5,0,0,60,0,2
7,183,2,6,0,0,60,0,2
7,183,2,7,0,0,60,0,2
7,183,3,0,0,0,60,0,2
7,183,3,1,0,0,60,0,2
7,183,3,2,0,0,60,0,2
7,183,3,3,0,0,60,0,2
7,183,3,4,0,0,60,0,2
7,183,3,5,0,0,60,0,2
7,183,3,6,0,0,60,0,2
7,183,3,7,0,0,60,0,2
7,183,5,0,0,0,60,0,2
7,183,5,1,0,0,55,0,2
7,183,5,2,0,0,53,0,2
7,183,5,3,0,0,55,0,2
7,183,5,4,0,0,60,0,2
7,183,5,5,0,0,56,0,2
7,183,5,6,0,0,60,0,2
7,183,5,7,0,0,60,0,2
7,183,10,0,0,0,60,0,2
7,183,10,1,0,0,52,0,2
7,183,10,2,0,0,35,0,2
7,183,10,3,0,0,28,0,2
7,183,10,4,0,0,44,0,2
7,183,10,5,0,0,52,0,2
7,183,10,6,0,0,51,0,2
7,183,10,7,0,0,48,0,2
7,183,15,0,0,0,60,0,2
7,183,15,1,0,0,45,0,2
7,183,15,2,0,0,17,0,2
7,183,15,4,0,0,29,0,2
7,183,15,5,0,0,49,0,2
7,183,15,6,0,0,24,0,2
7,183,15,7,0,0,33,0,2
7,183,20,0,0,0,60,0,2
7,183,20,1,0,0,38,0,2
7,183,20,4,1,0,2,2,0
7,183,20,5,0,0,34,0,2
7,183,20,7,0,0,27,0,2
7,183,25,0,0,0,60,0,2
7,183,25,1,1,0,10,2,0
7,183,25,5,0,0,25,0,2
7,184,1,0,0,0,60,0,2
7,184,1,1,0,0,60,0,2
7,184,1,2,0,0,60,0,2
7,184,1,3,0,0,60,0,2
7,184,1,4,0,0,60,0,2
7,184,1,5,0,0,60,0,2
7,184,1,6,0,0,60,0,2
7,184,1,7,0,0,60,0,2
7,184,2,0,0,0,60,0,2
7,184,2,1,0,0,60,0,2
7,184,2,2,0,0,60,0,2
7,184,2,3,0,0,60,0,2
7,184,2,4,0,0,60,0,2
7,184,2,5,0,0,60,0,2
7,184,2,6,0,0,60,0,2
7,184,2,7,0,0,60,0,2
7,184,3,0,0,0,60,0,2
7,184,3,1,0,0,60,0,2
7,184,3,2,0,0,60,0,2
7,184,3,3,0,0,60,0,2
7,184,3,4,0,0,60,0,2
7,184,3,5,0,0,60,0,2
7,184,3,6,0,0,60,0,2
7,184,3,7,0,0,60,0,2
7,184,5,0,0,0,60,0,2
7,184,5,1,0,0,60,0,2
7,184,5,2,0,0,54,0,2
7,184,5,3,0,0,53,0,2
7,184,5,4,0,0,60,0,2
7,184,5,5,0,0,60,0,2
7,184,5,6,0,0,54,0,2
7,184,5,7,0,0,55,0,2
7,184,10,0,0,0,50,0,2
7,184,10,1,0,0,60,0,2
7,184,10,2,0,0,46,0,2
7,184,10,3,0,0,30,0,2
7,184,10,4,0,0,44,0,2
7,184,10,5,0,0,51,0,2
7,184,10,6,0,0,54,0,2
7,184,10,7,0,0,39,0,2
7,184,15,0,0,0,15,0,2
7,184,15,1,0,0,60,0,2
7,184,15,2,0,0,25,0,2
7,184,15,3,0,0,2,0,2
7,184,15,4,0,0,28,0,2
7,184,15,5,0,0,43,0,2
7,184,15,6,0,0,44,0,2
7,184,15,7,0,0,39,0,2
7,184,20,1,0,0,60,0,2
7,184,20,2,0,0,10,0,2
7,184,20,4,1,0,13,2,0
7,184,20,5,0,0,37,0,2
7,184,20,6,0,0,35,0,2
7,184,20,7,0,1,6,0,2
7,184,25,1,0,0,52,0,2
7,184,25,5,0,1,16,0,2
7,184,25,6,0,0,35,0,2
7,184,30,1,1,0,25,2,0
7,184,30,6,1,0,18,2,0
7,184,35,1,0,0,11,0,2
7,184,35,6,0,0,2,0,2
7,185,1,0,0,0,60,0,2
7,185,1,1,0,0,60,0,2
7,185,1,2,0,0,60,0,2
7,185,1,3,0,0,60,0,2
7,185,1,4,0,0,60,0,2
7,185,1,5,0,0,60,0,2
7,185,1,6,0,0,60,0,2
7,185,1,7,0,0,60,0,2
7,185,2,0,0,0,60,0,2
7,185,2,1,0,0,60,0,2
7,185,2,2,0,0,60,0,2
7,185,2,3,0,0,60,0,2
7,185,2,4,0,0,60,0,2
7,185,2,5,0,0,60,0,2
7,185,2,6,0,0,60,0,2
7,185,2,7,0,0,60,0,2
7,185,3,0,0,0,60,0,2
7,185,3,1,0,0,60,0,2
7,185,3,2,0,0,60,0,2
7,185,3,3,0,0,60,0,2
7,185,3,4,0,0,60,0,2
7,185,3,5,0,0,60,0,2
7,185,3,6,0,0,60,0,2
7,185,3,7,0,0,60,0,2
7,185,5,0,0,0,56,0,2
7,185,5,1,0,0,53,0,2
7,185,5,2,0,0,60,0,2
7,185,5,3,0,0,56,0,2
7,185,5,4,0,0,60,0,2
7,185,5,5,0,0,60,0,2
7,185,5,6,0,0,60,0,2
7,185,5,7,0,0,53,0,2
7,185,10,0,0,0,45,0,2
7,185,10,1,0,0,30,0,2
7,185,10,2,0,0,60,0,2
7,185,10,3,0,0,39,0,2
7,185,10,4,0,0,54,0,2
7,185,10,5,0,0,60,0,2
7,185,10,6,0,0,48,0,2
7,185,10,7,0,0,28,0,2
7,185,15,0,0,0,27,0,2
7,185,15,1,0,0,14,0,2
7,185,15,2,0,0,60,0,2
7,185,15,3,0,0,6,0,2
7,185,15,4,0,0,30,0,2
7,185,15,5,0,0,53,0,2
7,185,15,6,0,0,43,0,2
7,185,15,7,0,0,15,0,2
7,185,20,0,0,0,3,0,2
7,185,20,2,0,0,60,0,2
7,185,20,4,0,0,30,0,2
7,185,20,5,0,0,44,0,2
7,185,20,6,0,0,19,0,2
7,185,25,2,0,0,60,0,2
7,185,25,4,0,0,4,0,2
7,185,25,5,0,0,22,0,2
7,186,1,0,0,0,60,0,2
7,186,1,1,0,0,60,0,2
7,186,1,2,0,0,60,0,2
7,186,1,3,0,0,60,0,2
7,186,1,4,0,0,60,0,2
7,186,1,5,0,0,60,0,2
7,186,1,6,0,0,60,0,2
7,186,1,7,0,0,60,0,2
7,186,2,0,0,0,60,0,2
7,186,2,1,0,0,60,0,2
7,186,2,2,0,0,60,0,2
7,186,2,3,0,0,60,0,2
7,186,2,4,0,0,60,0,2
7,186,2,5,0,0,60,0,2
7,186,2,6,0,0,60,0,2
7,186,2,7,0,0,60,0,2
7,186,3,0,0,0,60,0,2
7,186,3,1,0,0,60,0,2
7,186,3,2,0,0,60,0,2
7,186,3,3,0,0,60,0,2
7,186,3,4,0,0,60,0,2
7,186,3,5,0,0,60,0,2
7,186,3,6,0,0,60,0,2
7,186,3,7,0,0,60,0,2
7,186,5,0,0,0,60,0,2
7,186,5,1,0,0,60,0,2
7,186,5,2,0,0,60,0,2
7,186,5,3,0,0,54,0,2
7,186,5,4,0,0,60,0,2
7,186,5,5,0,0,56,0,2
7,186,5,6,0,0,55,0,2
7,186,5,7,0,0,54,0,2
7,186,10,0,0,0,47,0,2
7,186,10,1,0,0,51,0,2
7,186,10,2,0,0,57,0,2
7,186,10,3,0,0,36,0,2
7,186,10,4,0,0,60,0,2
7,186,10,5,0,0,52,0,2
7,186,10,6,0,0,37,0,2
7,186,10,7,0,0,32,0,2
7,186,15,0,0,0,33,0,2
7,186,15,1,0,0,45,0,2
7,186,15,2,0,0,51,0,2
7,186,15,4,0,0,55,0,2
7,186,15,5,0,0,52,0,2
7,186,15,6,0,0,5,0,2
7,186,15,7,0,0,8,0,2
7,186,20,1,0,0,31,0,2
7,186,20,2,0,0,46,0,2
7,186,20,4,0,0,40,0,2
7,186,20,5,0,0,43,0,2
7,186,25,1,0,0,14,0,2
7,186,25,2,1,1,36,2,0
7,186,25,4,0,0,4,0,2
7,186,25,5,0,0,32,0,2
7,186,30,2,0,0,36,0,2
7,186,30,5,1,0,0,2,0
7,187,1,0,0,0,60,0,2
7,187,1,1,0,0,60,0,2
7,187,1,2,0,0,60,0,2
7,187,1,3,0,0,60,0,2
7,187,1,4,0,0,60,0,2
7,187,1,5,0,0,60,0,2
7,187,1,6,0,0,60,0,2
7,187,1,7,0,0,60,0,2
7,187,2,0,0,0,60,0,2
7,187,2,1,0,0,60,0,2
7,187,2,2,0,0,60,0,2
7,187,2,3,0,0,60,0,2
7,187,2,4,0,0,60,0,2
7,187,2,5,0,0,60,0,2
7,187,2,6,0,0,60,0,2
7,187,2,7,0,0,60,0,2
7,187,3,0,0,0,60,0,2
7,187,3,1,0,0,60,0,2
7,187,3,2,0,0,60,0,2
7,187,3,3,0,0,60,0,2
7,187,3,4,0,0,60,0,2
7,187,3,5,0,0,60,0,2
7,187,3,6,0,0,60,0,2
7,187,3,7,0,0,60,0,2
7,187,5,0,0,0,54,0,2
7,187,5,1,0,0,60,0,2
7,187,5,2,0,0,60,0,2
7,187,5,3,0,0,54,0,2
7,187,5,4,0,0,56,0,2
7,187,5,5,0,0,60,0,2
7,187,5,6,0,0,54,0,2
7,187,5,7,0,0,60,0,2
7,187,10,0,0,0,29,0,2
7,187,10,1,0,0,60,0,2
7,187,10,2,0,0,60,0,2
7,187,10,3,0,0,39,0,2
7,187,10,4,0,0,43,0,2
7,187,10,5,0,0,50,0,2
7,187,10,6,0,0,33,0,2
7,187,10,7,0,0,46,0,2
7,187,15,0,0,0,17,0,2
7,187,15,1,0,0,60,0,2
7,187,15,2,0,0,39,0,2
7,187,15,3,0,0,16,0,2
7,187,15,4,0,0,12,0,2
7,187,15,5,0,0,36,0,2
7,187,15,6,0,0,17,0,2
7,187,15,7,0,0,46,0,2
7,187,20,1,0,0,60,0,2
7,187,20,2,0,1,25,0,2
7,187,20,5,0,0,26,0,2
7,187,20,7,0,0,39,0,2
7,187,25,1,0,0,49,0,2
7,187,25,2,0,1,7,0,2
7,187,25,7,0,0,29,0,2
7,188,1,0,0,0,60,0,2
7,188,1,1,0,0,60,0,2
7,188,1,2,0,0,60,0,2
7,188,1,3,0,0,60,0,2
7,188,1,4,0,0,60,0,2
7,188,1,5,0,0,60,0,2
7,188,1,6,0,0,60,0,2
7,188,1,7,0,0,60,0,2
7,188,2,0,0,0,60,0,2
7,188,2,1,0,0,60,0,2
7,188,2,2,0,0,60,0,2
7,188,2,3,0,0,60,0,2
7,188,2,4,0,0,60,0,2
7,188,2,5,0,0,60,0,2
7,188,2,6,0,0,60,0,2
7,188,2,7,0,0,60,0,2
7,188,3,0,0,0,60,0,2
7,188,3,1,0,0,60,0,2
7,188,3,2,0,0,60,0,2
7,188,3,3,0,0,60,0,2
7,188,3,4,0,0,60,0,2
7,188,3,5,0,0,60,0,2
7,188,3,6,0,0,60,0,2
7,188,3,7,0,0,60,0,2
7,188,5,0,0,0,56,0,2
7,188,5,1,0,0,55,0,2
7,188,5,2,0,0,60,0,2
7,188,5,3,0,0,57,0,2
7,188,5,4,0,0,55,0,2
7,188,5,5,0,0,60,0,2
7,188,5,6,0,0,60,0,2
7,188,5,7,0,0,60,0,2
7,188,10,0,0,0,44,0,2
7,188,10,1,0,0,45,0,2
7,188,10,2,0,0,54,0,2
7,188,10,3,0,0,50,0,2
7,188,10,4,0,0,36,0,2
7,188,10,5,0,0,48,0,2
7,188,10,6,0,0,36,0,2
7,188,10,7,0,0,60,0,2
7,188,15,0,0,0,15,0,2
7,188,15,1,0,0,37,0,2
7,188,15,2,0,0,50,0,2
7,188,15,3,0,0,34,0,2
7,188,15,4,0,0,2,0,2
7,188,15,5,0,0,48,0,2
7,188,15,6,0,0,16,0,2
7,188,15,7,0,0,53,0,2
7,188,20,1,0,0,6,0,2
7,188,20,2,0,0,50,0,2
7,188,20,3,1,0,6,2,0
7,188,20,5,0,0,42,0,2
7,188,20,7,0,0,43,0,2
7,188,25,2,0,0,50,0,2
7,188,25,5,0,0,32,0,2
7,188,25,7,1,0,7,2,0
7,188,30,2,0,0,24,0,2
7,188,30,5,0,0,17,0,2
7,189,1,0,0,0,60,0,2
7,189,1,1,0,0,60,0,2
7,189,1,2,0,0,60,0,2
7,189,1,3,0,0,60,0,2
7,189,1,4,0,0,60,0,2
7,189,1,5,0,0,60,0,2
7,189,1,6,0,0,60,0,2
7,189,1,7,0,0,60,0,2
7,189,2,0,0,0,60,0,2
7,189,2,1,0,0,60,0,2
7,189,2,2,0,0,60,0,2
7,189,2,3,0,0,60,0,2
7,189,2,4,0,0,60,0,2
7,189,2,5,0,0,60,0,2
7,189,2,6,0,0,60,0,2
7,189,2,7,0,0,60,0,2
7,189,3,0,0,0,60,0,2
7,189,3,1,0,0,60,0,2
7,189,3,2,0,0,60,0,2
7,189,3,3,0,0,60,0,2
7,189,3,4,0,0,60,0,2
7,189,3,5,0,0,60,0,2
7,189,3,6,0,0,60,0,2
7,189,3,7,0,0,60,0,2
7,189,5,0,0,0,60,0,2
7,189,5,1,0,0,56,0,2
7,189,5,2,0,0,60,0,2
7,189,5,3,0,0,60,0,2
7,189,5,4,0,0,56,0,2
7,189,5,5,0,0,54,0,2
7,189,5,6,0,0,57,0,2
7,189,5,7,0,0,60,0,2
7,189,10,0,0,0,60,0,2
7,189,10,1,0,0,29,0,2
7,189,10,2,0,0,42,0,2
7,189,10,3,0,0,50,0,2
7,189,10,4,0,0,50,0,2
7,189,10,5,0,0,45,0,2
7,189,10,6,0,0,29,0,2
7,189,10,7,0,0,60,0,2
7,189,15,0,0,0,60,0,2
7,189,15,1,0,0,7,0,2
7,189,15,2,0,0,33,0,2
7,189,15,3,0,0,32,0,2
7,189,15,4,0,0,24,0,2
7,189,15,5,0,0,45,0,2
7,189,15,6,0,0,1,0,2
7,189,15,7,0,0,50,0,2
7,189,20,0,0,0,53,0,2
7,189,20,2,0,1,10,0,2
7,189,20,3,1,0,12,2,0
7,189,20,4,0,0,3,0,2
7,189,20,5,0,0,45,0,2
7,189,20,7,0,0,34,0,2
7,189,25,0,0,0,34,0,2
7,189,25,5,0,0,45,0,2
7,189,25,7,0,0,16,0,2
7,189,30,0,0,0,6,0,2
7,189,30,5,0,0,45,0,2
7,190,1,0,0,0,60,0,2
7,190,1,1,0,0,60,0,2
7,190,1,2,0,0,60,0,2
7,190,1,3,0,0,60,0,2
7,190,1,4,0,0,60,0,2
7,190,1,5,0,0,60,0,2
7,190,1,6,0,0,60,0,2
7,190,1,7,0,0,60,0,2
7,190,2,0,0,0,60,0,2
7,190,2,1,0,0,60,0,2
7,190,2,2,0,0,60,0,2
7,190,2,3,0,0,60,0,2
7,190,2,4,0,0,60,0,2
7,190,2,5,0,0,60,0,2
7,190,2,6,0,0,60,0,2
7,190,2,7,0,0,60,0,2
7,190,3,0,0,0,60,0,2
7,190,3,1,0,0,60,0,2
7,190,3,2,0,0,60,0,2
7,190,3,3,0,0,60,0,2
7,190,3,4,0,0,60,0,2
7,190,3,5,0,0,60,0,2
7,190,3,6,0,0,60,0,2
7,190,3,7,0,0,60,0,2
7,190,5,0,0,0,54,0,2
7,190,5,1,0,0,55,0,2
7,190,5,2,0,0,54,0,2
7,190,5,3,0,0,60,0,2
7,190,5,4,0,0,60,0,2
7,190,5,5,0,0,54,0,2
7,190,5,6,0,0,60,0,2
7,190,5,7,0,0,60,0,2
7,190,10,0,0,0,43,0,2
7,190,10,1,0,0,44,0,2
7,190,10,2,0,0,30,0,2
7,190,10,3,0,0,55,0,2
7,190,10,4,0,0,41,0,2
7,190,10,5,0,0,49,0,2
7,190,10,6,0,0,60,0,2
7,190,10,7,0,0,46,0,2
7,190,15,0,0,0,43,0,2
7,190,15,1,0,0,15,0,2
7,190,15,3,0,0,48,0,2
7,190,15,4,0,0,21,0,2
7,190,15,5,0,0,34,0,2
7,190,15,6,0,0,60,0,2
7,190,15,7,0,0,32,0,2
7,190,20,0,0,0,43,0,2
7,190,20,3,0,0,25,0,2
7,190,20,4,0,0,13,0,2
7,190,20,5,0,0,18,0,2
7,190,20,6,0,0,51,0,2
7,190,20,7,1,0,6,2,0
7,190,25,0,0,0,43,0,2
7,190,25,3,1,0,6,2,0
7,190,25,6,0,0,42,0,2
7,190,30,0,0,0,43,0,2
7,190,30,6,1,0,4,2,0
7,191,1,0,0,0,60,0,2
7,191,1,1,0,0,60,0,2
7,191,1,2,0,0,60,0,2
7,191,1,3,0,0,60,0,2
7,191,1,4,0,0,60,0,2
7,191,1,5,0,0,60,0,2
7,191,1,6,0,0,60,0,2
7,191,1,7,0,0,60,0,2
7,191,2,0,0,0,60,0,2
7,191,2,1,0,0,60,0,2
7,191,2,2,0,0,60,0,2
7,191,2,3,0,0,60,0,2
7,191,2,4,0,0,60,0,2
7,191,2,5,0,0,60,0,2
7,191,2,6,0,0,60,0,2
7,191,2,7,0,0,60,0,2
7,191,3,0,0,0,60,0,2
7,191,3,1,0,0,60,0,2
7,191,3,2,0,0,60,0,2
7,191,3,3,0,0,60,0,2
7,191,3,4,0,0,60,0,2
7,191,3,5,0,0,60,0,2
7,191,3,6,0,0,60,0,2
7,191,3,7,0,0,60,0,2
7,191,5,0,0,0,60,0,2
7,191,5,1,0,0,57,0,2
7,191,5,2,0,0,60,0,2
7,191,5,3,0,0,60,0,2
7,191,5,4,0,0,54,0,2
7,191,5,5,0,0,60,0,2
7,191,5,6,0,0,56,0,2
7,191,5,7,0,0,53,0,2
7,191,10,0,0,0,43,0,2
7,191,10,1,0,0,57,0,2
7,191,10,2,0,0,39,0,2
7,191,10,3,0,0,54,0,2
7,191,10,4,0,0,28,0,2
7,191,10,5,0,0,60,0,2
7,191,10,6,0,0,36,0,2
7,191,10,7,0,0,47,0,2
7,191,15,0,0,0,19,0,2
7,191,15,1,0,0,57,0,2
7,191,15,2,0,0,15,0,2
7,191,15,3,0,0,35,0,2
7,191,15,4,0,0,2,0,2
7,191,15,5,0,0,60,0,2
7,191,15,6,0,0,23,0,2
7,191,15,7,0,0,41,0,2
7,191,20,1,1,0,40,2,0
7,191,20,3,0,0,27,0,2
7,191,20,5,0,0,60,0,2
7,191,20,7,1,0,29,2,0
7,191,25,1,1,0,3,2,0
7,191,25,3,0,0,18,0,2
7,191,25,5,0,0,60,0,2
7,191,25,7,0,1,2,0,2
7,192,1,0,0,0,60,0,2
7,192,1,1,0,0,60,0,2
7,192,1,2,0,0,60,0,2
7,192,1,3,0,0,60,0,2
7,192,1,4,0,0,60,0,2
7,192,1,5,0,0,60,0,2
7,192,1,6,0,0,60,0,2
7,192,1,7,0,0,60,0,2
7,192,2,0,0,0,60,0,2
7,192,2,1,0,0,60,0,2
7,192,2,2,0,0,60,0,2
7,192,2,3,0,0,60,0,2
7,192,2,4,0,0,60,0,2
7,192,2,5,0,0,60,0,2
7,192,2,6,0,0,60,0,2
7,192,2,7,0,0,60,0,2
7,192,3,0,0,0,60,0,2
7,192,3,1,0,0,60,0,2
7,192,3,2,0,0,60,0,2
7,192,3,3,0,0,60,0,2
7,192,3,4,0,0,60,0,2
7,192,3,5,0,0,60,0,2
7,192,3,6,0,0,60,0,2
7,192,3,7,0,0,60,0,2
7,192,5,0,0,0,54,0,2
7,192,5,1,0,0,60,0,2
7,192,5,2,0,0,60,0,2
7,192,5,3,0,0,60,0,2
7,192,5,4,0,0,56,0,2
7,192,5,5,0,0,55,0,2
7,192,5,6,0,0,60,0,2
7,192,5,7,0,0,55,0,2
7,192,10,0,0,0,41,0,2
7,192,10,1,0,0,60,0,2
7,192,10,2,0,0,42,0,2
7,192,10,3,0,0,39,0,2
7,192,10,4,0,0,46,0,2
7,192,10,5,0,0,46,0,2
7,192,10,6,0,0,60,0,2
7,192,10,7,0,0,43,0,2
7,192,15,0,0,0,24,0,2
7,192,15,1,0,0,55,0,2
7,192,15,2,0,0,13,0,2
7,192,15,3,0,0,8,0,2
7,192,15,4,0,0,30,0,2
7,192,15,5,0,0,46,0,2
7,192,15,6,0,0,54,0,2
7,192,15,7,0,0,38,0,2
7,192,20,0,0,0,9,0,2
7,192,20,1,0,0,42,0,2
7,192,20,4,0,0,5,0,2
7,192,20,5,0,0,38,0,2
7,192,20,6,0,0,32,0,2
7,192,20,7,0,0,38,0,2
7,192,25,1,0,0,7,0,2
7,192,25,5,0,0,38,0,2
7,192,25,6,1,0,12,2,0
7,192,25,7,0,0,29,0,2
7,192,30,5,1,0,27,2,0
7,192,30,7,1,0,11,2,0
7,193,1,0,0,0,60,0,2
7,193,1,1,0,0,60,0,2
7,193,1,2,0,0,60,0,2
7,193,1,3,0,0,60,0,2
7,193,1,4,0,0,60,0,2
7,193,1,5,0,0,60,0,2
7,193,1,6,0,0,60,0,2
7,193,1,7,0,0,60,0,2
7,193,2,0,0,0,60,0,2
7,193,2,1,0,0,60,0,2
7,193,2,2,0,0,60,0,2
7,193,2,3,0,0,60,0,2
7,193,2,4,0,0,60,0,2
7,193,2,5,0,0,60,0,2
7,193,2,6,0,0,60,0,2
7,193,2,7,0,0,60,0,2
7,193,3,0,0,0,60,0,2
7,193,3,1,0,0,60,0,2
7,193,3,2,0,0,60,0,2
7,193,3,3,0,0,60,0,2
7,193,3,4,0,0,60,0,2
7,193,3,5,0,0,60,0,2
7,193,3,6,0,0,60,0,2
7,193,3,7,0,0,60,0,2
7,193,5,0,0,0,55,0,2
7,193,5,1,0,0,55,0,2
7,193,5,2,0,0,60,0,2
7,193,5,3,0,0,60,0,2
7,193,5,4,0,0,56,0,2
7,193,5,5,0,0,60,0,2
7,193,5,6,0,0,55,0,2
7,193,5,7,0,0,60,0,2
7,193,10,0,0,0,55,0,2
7,193,10,1,0,0,29,0,2
7,193,10,2,0,0,44,0,2
7,193,10,3,0,0,60,0,2
7,193,10,4,0,0,30,0,2
7,193,10,5,0,0,52,0,2
7,193,10,6,0,0,49,0,2
7,193,10,7,0,0,49,0,2
7,193,15,0,0,0,43,0,2
7,193,15,2,0,0,24,0,2
7,193,15,3,0,0,60,0,2
7,193,15,4,0,0,24,0,2
7,193,15,5,0,0,28,0,2
7,193,15,6,0,0,39,0,2
7,193,15,7,0,0,43,0,2
7,193,20,0,0,0,36,0,2
7,193,20,3,0,0,60,0,2
7,193,20,4,0,0,19,0,2
7,193,20,6,0,0,21,0,2
7,193,20,7,0,0,27,0,2
7,193,25,0,0,0,19,0,2
7,193,25,3,0,0,60,0,2
7,193,25,4,0,0,2,0,2
7,193,25,7,0,0,3,0,2
7,194,1,0,0,0,60,0,2
7,194,1,1,0,0,60,0,2
7,194,1,2,0,0,60,0,2
7,194,1,3,0,0,60,0,2
7,194,1,4,0,0,60,0,2
7,194,1,5,0,0,60,0,2
7,194,1,6,0,0,60,0,2
7,194,1,7,0,0,60,0,2
7,194,2,0,0,0,60,0,2
7,194,2,1,0,0,60,0,2
7,194,2,2,0,0,60,0,2
7,194,2,3,0,0,60,0,2
7,194,2,4,0,0,60,0,2
7,194,2,5,0,0,60,0,2
7,194,2,6,0,0,60,0,2
7,194,2,7,0,0,60,0,2
7,194,3,0,0,0,60,0,2
7,194,3,1,0,0,60,0,2
7,194,3,2,0,0,60,0,2
7,194,3,3,0,0,60,0,2
7,194,3,4,0,0,60,0,2
7,194,3,5,0,0,60,0,2
7,194,3,6,0,0,60,0,2
7,194,3,7,0,0,60,0,2
7,194,5,0,0,0,60,0,2
7,194,5,1,0,0,60,0,2
7,194,5,2,0,0,60,0,2
7,194,5,3,0,0,55,0,2
7,194,5,4,0,0,56,0,2
7,194,5,5,0,0,60,0,2
7,194,5,6,0,0,54,0,2
7,194,5,7,0,0,53,0,2
7,194,10,0,0,0,50,0,2
7,194,10,1,0,0,37,0,2
7,194,10,2,0,0,44,0,2
7,194,10,3,0,0,33,0,2
7,194,10,4,0,0,56,0,2
7,194,10,5,0,0,60,0,2
7,194,10,6,0,0,48,0,2
7,194,10,7,0,0,44,0,2
7,194,15,0,0,0,41,0,2
7,194,15,1,0,0,23,0,2
7,194,15,2,0,0,27,0,2
7,194,15,3,0,0,6,0,2
7,194,15,4,0,0,38,0,2
7,194,15,5,0,0,60,0,2
7,194,15,6,0,0,24,0,2
7,194,15,7,0,0,44,0,2
7,194,20,0,0,0,25,0,2
7,194,20,1,0,0,9,0,2
7,194,20,4,0,0,38,0,2
7,194,20,5,0,0,60,0,2
7,194,20,7,0,0,33,0,2
7,194,25,4,1,0,18,2,0
7,194,25,5,0,0,60,0,2
7,194,25,7,0,0,13,0,2
7,195,1,0,0,0,60,0,2
7,195,1,1,0,0,60,0,2
7,195,1,2,0,0,60,0,2
7,195,1,3,0,0,60,0,2
7,195,1,4,0,0,60,0,2
7,195,1,5,0,0,60,0,2
7,195,1,6,0,0,60,0,2
7,195,1,7,0,0,60,0,2
7,195,2,0,0,0,60,0,2
7,195,2,1,0,0,60,0,2
7,195,2,2,0,0,60,0,2
7,195,2,3,0,0,60,0,2
7,195,2,4,0,0,60,0,2
7,195,2,5,0,0,60,0,2
7,195,2,6,0,0,60,0,2
7,195,2,7,0,0,60,0,2
7,195,3,0,0,0,60,0,2
7,195,3,1,0,0,60,0,2
7,195,3,2,0,0,60,0,2
7,195,3,3,0,0,60,0,2
7,195,3,4,0,0,60,0,2
7,195,3,5,0,0,60,0,2
7,195,3,6,0,0,60,0,2
7,195,3,7,0,0,60,0,2
7,195,5,0,0,0,60,0,2
7,195,5,1,0,0,60,0,2
7,195,5,2,0,0,55,0,2
7,195,5,3,0,0,55,0,2
7,195,5,4,0,0,55,0,2
7,195,5,5,0,0,60,0,2
7,195,5,6,0,0,60,0,2
7,195,5,7,0,0,55,0,2
7,195,10,0,0,0,54,0,2
7,195,10,1,0,0,54,0,2
7,195,10,2,0,0,45,0,2
7,195,10,3,0,0,46,0,2
7,195,10,4,0,0,32,0,2
7,195,10,5,0,0,34,0,2
7,195,10,6,0,0,60,0,2
7,195,10,7,0,0,42,0,2
7,195,15,0,0,0,31,0,2
7,195,15,1,0,0,41,0,2
7,195,15,2,0,0,37,0,2
7,195,15,3,0,0,46,0,2
7,195,15,4,0,0,5,0,2
7,195,15,5,0,0,22,0,2
7,195,15,6,0,0,54,0,2
7,195,15,7,0,0,23,0,2
7,195,20,0,0,0,14,0,2
7,195,20,1,0,0,24,0,2
7,195,20,2,0,1,31,0,2
7,195,20,3,1,0,16,2,0
7,195,20,5,1,0,20,2,0
7,195,20,6,1,0,37,2,0
7,195,20,7,1,0,13,2,0
7,195,25,0,1,0,2,2,0
7,195,25,1,0,0,7,0,2
7,195,25,3,1,0,0,2,0
7,195,25,5,1,0,0,2,0
7,195,25,6,0,0,10,0,2
7,195,25,7,0,0,13,0,2
7,196,1,0,0,0,60,0,2
7,196,1,1,0,0,60,0,2
7,196,1,2,0,0,60,0,2
7,196,1,3,0,0,60,0,2
7,196,1,4,0,0,60,0,2
7,196,1,5,0,0,60,0,2
7,196,1,6,0,0,60,0,2
7,196,1,7,0,0,60,0,2
7,196,2,0,0,0,60,0,2
7,196,2,1,0,0,60,0,2
7,196,2,2,0,0,60,0,2
7,196,2,3,0,0,60,0,2
7,196,2,4,0,0,60,0,2
7,196,2,5,0,0,60,0,2
7,196,2,6,0,0,60,0,2
7,196,2,7,0,0,60,0,2
7,196,3,0,0,0,60,0,2
7,196,3,1,0,0,60,0,2
7,196,3,2,0,0,60,0,2
7,196,3,3,0,0,60,0,2
7,196,3,4,0,0,60,0,2
7,196,3,5,0,0,60,0,2
7,196,3,6,0,0,60,0,2
7,196,3,7,0,0,60,0,2
7,196,5,0,0,0,60,0,2
7,196,5,1,0,0,54,0,2
7,196,5,2,0,0,60,0,2
7,196,5,3,0,0,60,0,2
7,196,5,4,0,0,60,0,2
7,196,5,5,0,0,54,0,2
7,196,5,6,0,0,56,0,2
7,196,5,7,0,0,54,0,2
7,196,10,0,0,0,50,0,2
7,196,10,1,0,0,32,0,2
7,196,10,2,0,0,60,0,2
7,196,10,3,0,0,42,0,2
7,196,10,4,0,0,51,0,2
7,196,10,5,0,0,38,0,2
7,196,10,6,0,0,56,0,2
7,196,10,7,0,0,44,0,2
7,196,15,0,0,0,35,0,2
7,196,15,1,0,0,20,0,2
7,196,15,2,0,0,60,0,2
7,196,15,3,0,0,28,0,2
7,196,15,4,0,0,40,0,2
7,196,15,5,0,0,21,0,2
7,196,15,6,0,0,48,0,2
7,196,15,7,0,0,13,0,2
7,196,20,0,0,0,35,0,2
7,196,20,1,1,0,18,2,0
7,196,20,2,1,0,37,2,0
7,196,20,4,0,0,18,0,2
7,196,20,5,1,0,2,2,0
7,196,20,6,0,0,40,0,2
7,196,25,0,0,0,35,0,2
7,196,25,2,1,0,17,2,0
7,196,25,4,0,0,2,0,2
7,196,25,6,1,0,8,2,0
7,197,1,0,0,0,60,0,2
7,197,1,1,0,0,60,0,2
7,197,1,2,0,0,60,0,2
7,197,1,3,0,0,60,0,2
7,197,1,4,0,0,60,0,2
7,197,1,5,0,0,60,0,2
7,197,1,6,0,0,60,0,2
7,197,1,7,0,0,60,0,2
7,197,2,0,0,0,60,0,2
7,197,2,1,0,0,60,0,2
7,197,2,2,0,0,60,0,2
7,197,2,3,0,0,60,0,2
7,197,2,4,0,0,60,0,2
7,197,2,5,0,0,60,0,2
7,197,2,6,0,0,60,0,2
7,197,2,7,0,0,60,0,2
7,197,3,0,0,0,60,0,2
7,197,3,1,0,0,60,0,2
7,197,3,2,0,0,60,0,2
7,197,3,3,0,0,60,0,2
7,197,3,4,0,0,60,0,2
7,197,3,5,0,0,60,0,2
7,197,3,6,0,0,60,0,2
7,197,3,7,0,0,60,0,2
7,197,5,0,0,0,60,0,2
7,197,5,1,0,0,55,0,2
7,197,5,2,0,0,60,0,2
7,197,5,3,0,0,60,0,2
7,197,5,4,0,0,54,0,2
7,197,5,5,0,0,60,0,2
7,197,5,6,0,0,54,0,2
7,197,5,7,0,0,53,0,2
7,197,10,0,0,0,60,0,2
7,197,10,1,0,0,52,0,2
7,197,10,2,0,0,54,0,2
7,197,10,3,0,0,32,0,2
7,197,10,4,0,0,36,0,2
7,197,10,5,0,0,36,0,2
7,197,10,6,0,0,37,0,2
7,197,10,7,0,0,53,0,2
7,197,15,0,0,0,60,0,2
7,197,15,1,0,0,37,0,2
7,197,15,2,0,0,41,0,2
7,197,15,4,0,0,15,0,2
7,197,15,5,0,0,22,0,2
7,197,15,6,0,0,25,0,2
7,197,15,7,0,0,45,0,2
7,197,20,0,0,0,60,0,2
7,197,20,1,0,0,29,0,2
7,197,20,2,0,0,27,0,2
7,197,20,7,0,0,45,0,2
7,197,25,0,0,0,60,0,2
7,197,25,7,0,0,36,0,2
7,198,1,0,0,0,60,0,2
7,198,1,1,0,0,60,0,2
7,198,1,2,0,0,60,0,2
7,198,1,3,0,0,60,0,2
7,198,1,4,0,0,60,0,2
7,198,1,5,0,0,60,0,2
7,198,1,6,0,0,60,0,2
7,198,1,7,0,0,60,0,2
7,198,2,0,0,0,60,0,2
7,198,2,1,0,0,60,0,2
7,198,2,2,0,0,60,0,2
7,198,2,3,0,0,60,0,2
7,198,2,4,0,0,60,0,2
7,198,2,5,0,0,60,0,2
7,198,2,6,0,0,60,0,2
7,198,2,7,0,0,60,0,2
7,198,3,0,0,0,60,0,2
7,198,3,1,0,0,60,0,2
7,198,3,2,0,0,60,0,2
7,198,3,3,0,0,60,0,2
7,198,3,4,0,0,60,0,2
7,198,3,5,0,0,60,0,2
7,198,3,6,0,0,60,0,2
7,198,3,7,0,0,60,0,2
7,198,5,0,0,0,60,0,2
7,198,5,1,0,0,60,0,2
7,198,5,2,0,0,53,0,2
7,198,5,3,0,0,56,0,2
7,198,5,4,0,0,60,0,2
7,198,5,5,0,0,53,0,2
7,198,5,6,0,0,60,0,2
7,198,5,7,0,0,55,0,2
7,198,10,0,0,0,52,0,2
7,198,10,1,0,0,49,0,2
7,198,10,2,0,0,34,0,2
7,198,10,3,0,0,48,0,2
7,198,10,4,0,0,60,0,2
7,198,10,5,0,0,36,0,2
7,198,10,6,0,0,56,0,2
7,198,10,7,0,0,44,0,2
7,198,15,0,0,0,34,0,2
7,198,15,1,0,0,17,0,2
7,198,15,2,0,0,14,0,2
7,198,15,3,0,0,29,0,2
7,198,15,4,0,0,60,0,2
7,198,15,5,0,0,21,0,2
7,198,15,6,0,0,56,0,2
7,198,15,7,0,0,35,0,2
7,198,20,0,0,0,10,0,2
7,198,20,2,0,0,2,0,2
7,198,20,3,1,0,12,2,0
7,198,20,4,0,0,60,0,2
7,198,20,6,0,0,40,0,2
7,198,20,7,0,0,26,0,2
7,198,25,4,0,0,60,0,2
7,198,25,6,0,0,5,0,2
7,198,25,7,0,0,19,0,2
7,198,30,4,0,0,36,0,2
7,198,30,7,0,0,11,0,2
7,199,1,0,0,0,60,0,2
7,199,1,1,0,0,60,0,2
7,199,1,2,0,0,60,0,2
7,199,1,3,0,0,60,0,2
7,199,1,4,0,0,60,0,2
7,199,1,5,0,0,60,0,2
7,199,1,6,0,0,60,0,2
7,199,1,7,0,0,60,0,2
7,199,2,0,0,0,60,0,2
7,199,2,1,0,0,60,0,2
7,199,2,2,0,0,60,0,2
7,199,2,3,0,0,60,0,2
7,199,2,4,0,0,60,0,2
7,199,2,5,0,0,60,0,2
7,199,2,6,0,0,60,0,2
7,199,2,7,0,0,60,0,2
7,199,3,0,0,0,60,0,2
7,199,3,1,0,0,60,0,2
7,199,3,2,0,0,60,0,2
7,199,3,3,0,0,60,0,2
7,199,3,4,0,0,60,0,2
7,199,3,5,0,0,60,0,2
7,199,3,6,0,0,60,0,2
7,199,3,7,0,0,60,0,2
7,199,5,0,0,0,55,0,2
7,199,5,1,0,0,60,0,2
7,199,5,2,0,0,60,0,2
7,199,5,3,0,0,60,0,2
7,199,5,4,0,0,54,0,2
7,199,5,5,0,0,60,0,2
7,199,5,6,0,0,54,0,2
7,199,5,7,0,0,56,0,2
7,199,10,0,0,0,50,0,2
7,199,10,1,0,0,45,0,2
7,199,10,2,0,0,56,0,2
7,199,10,3,0,0,43,0,2
7,199,10,4,0,0,50,0,2
7,199,10,5,0,0,60,0,2
7,199,10,6,0,0,30,0,2
7,199,10,7,0,0,37,0,2
7,199,15,0,0,0,50,0,2
7,199,15,1,0,0,26,0,2
7,199,15,2,0,0,56,0,2
7,199,15,3,0,0,21,0,2
7,199,15,4,0,0,32,0,2
7,199,15,5,0,0,60,0,2
7,199,15,7,0,0,15,0,2
7,199,20,0,0,0,50,0,2
7,199,20,1,0,0,11,0,2
7,199,20,2,0,0,26,0,2
7,199,20,4,0,0,24,0,2
7,199,20,5,0,0,53,0,2
7,199,20,7,0,0,5,0,2
7,199,25,0,0,0,50,0,2
7,199,25,4,0,0,10,0,2
7,199,25,5,0,0,35,0,2
7,199,30,0,0,0,50,0,2
7,199,30,5,1,0,7,2,0
7,200,1,0,0,0,60,0,2
7,200,1,1,0,0,60,0,2
7,200,1,2,0,0,60,0,2
7,200,1,3,0,0,60,0,2
7,200,1,4,0,0,60,0,2
7,200,1,5,0,0,60,0,2
7,200,1,6,0,0,60,0,2
7,200,1,7,0,0,60,0,2
7,200,2,0,0,0,60,0,2
7,200,2,1,0,0,60,0,2
7,200,2,2,0,0,60,0,2
7,200,2,3,0,0,60,0,2
7,200,2,4,0,0,60,0,2
7,200,2,5,0,0,60,0,2
7,200,2,6,0,0,60,0,2
7,200,2,7,0,0,60,0,2
7,200,3,0,0,0,60,0,2
7,200,3,1,0,0,60,0,2
7,200,3,2,0,0,60,0,2
7,200,3,3,0,0,60,0,2
7,200,3,4,0,0,60,0,2
7,200,3,5,0,0,60,0,2
7,200,3,6,0,0,60,0,2
7,200,3,7,0,0,60,0,2
7,200,5,0,0,0,60,0,2
7,200,5,1,0,0,60,0,2
7,200,5,2,0,0,53,0,2
7,200,5,3,0,0,55,0,2
7,200,5,4,0,0,56,0,2
7,200,5,5,0,0,55,0,2
7,200,5,6,0,0,60,0,2
7,200,5,7,0,0,60,0,2
7,200,10,0,0,0,35,0,2
7,200,10,1,0,0,54,0,2
7,200,10,2,0,0,38,0,2
7,200,10,3,0,0,55,0,2
7,200,10,4,0,0,37,0,2
7,200,10,5,0,0,43,0,2
7,200,10,6,0,0,53,0,2
7,200,10,7,0,0,51,0,2
7,200,15,0,0,0,11,0,2
7,200,15,1,0,0,31,0,2
7,200,15,2,0,0,24,0,2
7,200,15,3,0,0,55,0,2
7,200,15,4,0,1,5,0,2
7,200,15,5,0,0,43,0,2
7,200,15,6,0,0,43,0,2
7,200,15,7,0,0,39,0,2
7,200,20,1,1,0,14,2,0
7,200,20,3,0,0,55,0,2
7,200,20,5,0,0,31,0,2
7,200,20,6,0,0,37,0,2
7,200,20,7,0,0,18,0,2
7,200,25,3,0,0,55,0,2
7,200,25,5,1,0,29,2,0
7,200,25,6,0,0,12,0,2
7,200,30,3,1,0,53,2,0
7,200,30,5,1,0,1,2,0
