seed,round,pvp_round_index,kind,wave_id,seat_a,seat_b,winner,ticks,timeout,survivors_a,survivors_b
1,1,0,2,wc_wave_01,0,-1,0,82,0,3,0
1,1,0,2,wc_wave_01,1,-1,0,91,0,4,0
1,1,0,2,wc_wave_01,2,-1,0,73,0,4,0
1,1,0,2,wc_wave_01,3,-1,0,58,0,4,0
1,1,0,2,wc_wave_01,4,-1,0,82,0,4,0
1,1,0,2,wc_wave_01,5,-1,0,58,0,4,0
1,1,0,2,wc_wave_01,6,-1,0,97,0,3,0
1,1,0,2,wc_wave_01,7,-1,0,65,0,4,0
1,2,0,2,wc_wave_02,0,-1,0,99,0,4,0
1,2,0,2,wc_wave_02,1,-1,0,81,0,4,0
1,2,0,2,wc_wave_02,2,-1,0,128,0,4,0
1,2,0,2,wc_wave_02,3,-1,0,99,0,4,0
1,2,0,2,wc_wave_02,4,-1,0,119,0,4,0
1,2,0,2,wc_wave_02,5,-1,0,96,0,4,0
1,2,0,2,wc_wave_02,6,-1,0,95,0,4,0
1,2,0,2,wc_wave_02,7,-1,0,93,0,4,0
1,3,0,2,wc_wave_03,0,-1,0,132,0,5,0
1,3,0,2,wc_wave_03,1,-1,0,96,0,5,0
1,3,0,2,wc_wave_03,2,-1,0,143,0,5,0
1,3,0,2,wc_wave_03,3,-1,0,86,0,5,0
1,3,0,2,wc_wave_03,4,-1,0,105,0,5,0
1,3,0,2,wc_wave_03,5,-1,0,117,0,5,0
1,3,0,2,wc_wave_03,6,-1,0,161,0,5,0
1,3,0,2,wc_wave_03,7,-1,0,97,0,5,0
1,4,1,0,,0,2,1,732,0,0,3
1,4,1,0,,1,7,1,728,0,0,3
1,4,1,0,,3,5,0,500,0,3,0
1,4,1,0,,4,6,1,800,1,1,1
1,5,1,2,wc_wave_05,0,-1,0,174,0,5,0
1,5,1,2,wc_wave_05,1,-1,0,227,0,5,0
1,5,1,2,wc_wave_05,2,-1,0,221,0,5,0
1,5,1,2,wc_wave_05,3,-1,0,146,0,5,0
1,5,1,2,wc_wave_05,4,-1,0,174,0,5,0
1,5,1,2,wc_wave_05,5,-1,0,217,0,5,0
1,5,1,2,wc_wave_05,6,-1,0,235,0,5,0
1,5,1,2,wc_wave_05,7,-1,0,192,0,5,0
1,6,2,0,,0,1,0,364,0,5,0
1,6,2,0,,2,4,1,725,0,0,4
1,6,2,0,,3,6,0,757,0,2,0
1,6,2,0,,5,7,0,800,1,1,1
1,7,3,0,,0,5,0,764,0,2,0
1,7,3,0,,1,6,1,590,0,0,4
1,7,3,0,,2,3,1,520,0,0,5
1,7,3,0,,4,7,0,800,1,2,2
1,8,4,0,,0,6,0,598,0,4,0
1,8,4,0,,1,2,1,504,0,0,5
1,8,4,0,,3,7,1,800,1,1,4
1,8,4,0,,4,5,0,745,0,3,0
1,9,5,0,,0,4,0,800,1,2,1
1,9,5,0,,1,3,1,402,0,0,4
1,9,5,0,,2,5,1,800,1,2,2
1,9,5,0,,6,7,1,642,0,0,5
1,10,5,2,wc_wave_10,0,-1,0,251,0,6,0
1,10,5,2,wc_wave_10,1,-1,0,223,0,6,0
1,10,5,2,wc_wave_10,2,-1,0,262,0,6,0
1,10,5,2,wc_wave_10,3,-1,0,199,0,6,0
1,10,5,2,wc_wave_10,4,-1,0,221,0,6,0
1,10,5,2,wc_wave_10,5,-1,0,328,0,6,0
1,10,5,2,wc_wave_10,6,-1,0,252,0,5,0
1,10,5,2,wc_wave_10,7,-1,0,282,0,6,0
1,11,6,0,,0,7,0,800,1,3,1
1,11,6,0,,1,5,1,397,0,0,5
1,11,6,0,,2,6,1,736,0,0,2
1,11,6,0,,3,4,1,800,1,1,1
1,12,7,0,,0,3,0,768,0,2,0
1,12,7,0,,1,4,1,404,0,0,5
1,12,7,0,,2,7,1,793,0,0,5
1,12,7,0,,5,6,0,542,0,4,0
1,13,8,0,,0,5,1,692,0,0,3
1,13,8,0,,1,7,1,502,0,0,5
1,13,8,0,,2,4,1,791,0,0,3
1,13,8,0,,3,6,0,506,0,4,0
1,14,9,0,,0,2,0,593,0,4,0
1,14,9,0,,1,6,1,552,0,0,4
1,14,9,0,,3,4,1,800,1,1,1
1,14,9,0,,5,7,1,800,1,3,3
1,15,9,2,wc_wave_15,0,-1,0,284,0,5,0
1,15,9,2,wc_wave_15,2,-1,0,541,0,4,0
1,15,9,2,wc_wave_15,3,-1,0,284,0,5,0
1,15,9,2,wc_wave_15,4,-1,0,341,0,5,0
1,15,9,2,wc_wave_15,5,-1,0,308,0,4,0
1,15,9,2,wc_wave_15,6,-1,0,360,0,5,0
1,15,9,2,wc_wave_15,7,-1,0,326,0,6,0
1,16,10,1,,3,5,0,800,1,2,3
1,16,10,0,,0,6,0,476,0,5,0
1,16,10,0,,2,7,1,800,1,1,4
1,16,10,0,,4,5,1,745,0,0,4
1,17,11,1,,6,4,1,610,0,0,3
1,17,11,0,,0,3,0,768,0,1,0
1,17,11,0,,2,5,1,711,0,0,5
1,17,11,0,,4,7,1,800,1,1,3
1,18,12,0,,0,4,0,604,0,3,0
1,18,12,0,,3,7,0,800,1,2,1
1,18,12,0,,5,6,0,800,1,3,1
1,19,13,0,,0,3,0,570,0,4,0
1,19,13,0,,4,5,1,800,1,1,5
1,19,13,0,,6,7,1,748,0,0,3
1,20,13,2,wc_wave_20,0,-1,0,437,0,2,0
1,20,13,2,wc_wave_20,3,-1,1,538,0,0,1
1,20,13,2,wc_wave_20,4,-1,0,512,0,3,0
1,20,13,2,wc_wave_20,5,-1,0,722,0,2,0
1,20,13,2,wc_wave_20,7,-1,0,656,0,2,0
1,21,14,1,,5,0,1,800,1,1,3
1,21,14,0,,0,7,0,795,0,3,0
1,21,14,0,,3,4,0,551,0,3,0
1,22,15,1,,0,4,0,574,0,4,0
1,22,15,0,,3,5,1,800,1,3,4
1,22,15,0,,4,7,1,715,0,0,4
1,23,16,1,,4,5,0,800,1,3,2
1,23,16,0,,0,3,0,672,0,2,0
1,23,16,0,,5,7,0,800,1,4,4
1,24,17,1,,7,0,1,723,0,0,3
1,24,17,0,,0,5,0,800,1,3,1
1,24,17,0,,3,4,1,438,0,0,4
1,25,17,2,wc_wave_25,0,-1,0,546,0,2,0
1,25,17,2,wc_wave_25,4,-1,0,471,0,2,0
1,25,17,2,wc_wave_25,5,-1,1,800,1,1,3
1,25,17,2,wc_wave_25,7,-1,0,671,0,4,0
1,26,18,0,,0,4,0,775,0,1,0
1,26,18,0,,5,7,1,800,1,3,3
1,27,19,1,,5,0,1,800,1,1,3
1,27,19,0,,0,7,0,711,0,3,0
1,28,20,1,,7,5,0,800,1,3,2
1,28,20,0,,0,5,0,800,1,3,2
1,29,21,0,,0,7,0,800,1,2,1
2,1,0,2,wc_wave_01,0,-1,0,86,0,4,0
2,1,0,2,wc_wave_01,1,-1,0,81,0,4,0
2,1,0,2,wc_wave_01,2,-1,0,84,0,4,0
2,1,0,2,wc_wave_01,3,-1,0,58,0,4,0
2,1,0,2,wc_wave_01,4,-1,0,82,0,4,0
2,1,0,2,wc_wave_01,5,-1,0,83,0,4,0
2,1,0,2,wc_wave_01,6,-1,0,56,0,4,0
2,1,0,2,wc_wave_01,7,-1,0,82,0,4,0
2,2,0,2,wc_wave_02,0,-1,0,105,0,4,0
2,2,0,2,wc_wave_02,1,-1,0,112,0,4,0
2,2,0,2,wc_wave_02,2,-1,0,119,0,4,0
2,2,0,2,wc_wave_02,3,-1,0,99,0,4,0
2,2,0,2,wc_wave_02,4,-1,0,99,0,4,0
2,2,0,2,wc_wave_02,5,-1,0,81,0,4,0
2,2,0,2,wc_wave_02,6,-1,0,98,0,4,0
2,2,0,2,wc_wave_02,7,-1,0,180,0,4,0
2,3,0,2,wc_wave_03,0,-1,0,124,0,5,0
2,3,0,2,wc_wave_03,1,-1,0,128,0,5,0
2,3,0,2,wc_wave_03,2,-1,0,148,0,5,0
2,3,0,2,wc_wave_03,3,-1,0,99,0,5,0
2,3,0,2,wc_wave_03,4,-1,0,106,0,5,0
2,3,0,2,wc_wave_03,5,-1,0,112,0,5,0
2,3,0,2,wc_wave_03,6,-1,0,117,0,5,0
2,3,0,2,wc_wave_03,7,-1,0,158,0,5,0
2,4,1,0,,0,1,1,417,0,0,4
2,4,1,0,,2,4,1,800,1,1,1
2,4,1,0,,3,6,0,340,0,5,0
2,4,1,0,,5,7,0,794,0,3,0
2,5,1,2,wc_wave_05,0,-1,0,167,0,5,0
2,5,1,2,wc_wave_05,1,-1,0,165,0,5,0
2,5,1,2,wc_wave_05,2,-1,0,308,0,5,0
2,5,1,2,wc_wave_05,3,-1,0,154,0,5,0
2,5,1,2,wc_wave_05,4,-1,0,232,0,5,0
2,5,1,2,wc_wave_05,5,-1,0,203,0,5,0
2,5,1,2,wc_wave_05,6,-1,0,185,0,5,0
2,5,1,2,wc_wave_05,7,-1,0,235,0,5,0
2,6,2,0,,0,3,1,381,0,0,4
2,6,2,0,,1,2,0,645,0,4,0
2,6,2,0,,4,5,0,800,1,1,1
2,6,2,0,,6,7,1,743,0,0,3
2,7,3,0,,0,7,1,559,0,0,5
2,7,3,0,,1,3,1,492,0,0,5
2,7,3,0,,2,5,0,800,1,4,3
2,7,3,0,,4,6,1,651,0,0,3
2,8,4,0,,0,2,0,702,0,4,0
2,8,4,0,,1,6,0,459,0,4,0
2,8,4,0,,3,5,0,535,0,5,0
2,8,4,0,,4,7,1,501,0,0,6
2,9,5,0,,0,5,0,672,0,2,0
2,9,5,0,,1,4,0,498,0,5,0
2,9,5,0,,2,6,1,537,0,0,3
2,9,5,0,,3,7,1,750,0,0,2
2,10,5,2,wc_wave_10,0,-1,0,346,0,6,0
2,10,5,2,wc_wave_10,1,-1,0,273,0,5,0
2,10,5,2,wc_wave_10,2,-1,0,380,0,6,0
2,10,5,2,wc_wave_10,3,-1,0,239,0,6,0
2,10,5,2,wc_wave_10,4,-1,0,263,0,6,0
2,10,5,2,wc_wave_10,5,-1,0,284,0,6,0
2,10,5,2,wc_wave_10,6,-1,0,233,0,6,0
2,10,5,2,wc_wave_10,7,-1,0,221,0,6,0
2,11,6,0,,0,4,1,676,0,0,4
2,11,6,0,,1,7,1,651,0,0,5
2,11,6,0,,2,3,1,412,0,0,6
2,11,6,0,,5,6,1,553,0,0,2
2,12,7,0,,0,6,0,516,0,3,0
2,12,7,0,,1,5,1,800,1,2,3
2,12,7,0,,2,7,1,565,0,0,6
2,12,7,0,,3,4,0,302,0,6,0
2,13,8,0,,0,3,1,368,0,0,5
2,13,8,0,,1,4,0,614,0,4,0
2,13,8,0,,2,6,1,465,0,0,4
2,13,8,0,,5,7,1,618,0,0,5
2,14,9,0,,0,6,1,475,0,0,2
2,14,9,0,,1,7,1,755,0,0,4
2,14,9,0,,2,5,0,800,1,3,1
2,14,9,0,,3,4,0,527,0,4,0
2,15,9,2,wc_wave_15,0,-1,0,289,0,5,0
2,15,9,2,wc_wave_15,1,-1,0,283,0,6,0
2,15,9,2,wc_wave_15,2,-1,0,347,0,5,0
2,15,9,2,wc_wave_15,3,-1,0,221,0,5,0
2,15,9,2,wc_wave_15,4,-1,0,457,0,4,0
2,15,9,2,wc_wave_15,5,-1,0,407,0,5,0
2,15,9,2,wc_wave_15,6,-1,0,261,0,6,0
2,15,9,2,wc_wave_15,7,-1,0,309,0,5,0
2,16,10,0,,0,1,0,758,0,1,0
2,16,10,0,,2,7,1,627,0,0,5
2,16,10,0,,3,6,0,408,0,4,0
2,16,10,0,,4,5,0,800,1,4,2
2,17,11,0,,0,2,0,443,0,4,0
2,17,11,0,,1,5,0,450,0,5,0
2,17,11,0,,3,7,0,800,1,1,1
2,17,11,0,,4,6,1,555,0,0,4
2,18,12,1,,4,7,1,718,0,0,4
2,18,12,0,,0,5,0,484,0,4,0
2,18,12,0,,1,3,1,607,0,0,3
2,18,12,0,,6,7,1,574,0,0,4
2,19,13,1,,7,0,0,638,0,4,0
2,19,13,0,,0,3,1,406,0,0,5
2,19,13,0,,1,6,0,485,0,4,0
2,20,13,2,wc_wave_20,0,-1,1,526,0,0,1
2,20,13,2,wc_wave_20,1,-1,0,373,0,4,0
2,20,13,2,wc_wave_20,3,-1,0,340,0,4,0
2,20,13,2,wc_wave_20,6,-1,0,636,0,1,0
2,20,13,2,wc_wave_20,7,-1,0,555,0,4,0
2,21,14,1,,6,3,1,435,0,0,4
2,21,14,0,,0,1,1,800,1,1,2
2,21,14,0,,3,7,0,735,0,2,0
2,22,15,1,,3,1,0,575,0,4,0
2,22,15,0,,1,7,0,800,1,2,2
2,23,16,1,,1,3,1,570,0,0,3
2,23,16,0,,3,7,0,650,0,2,0
2,24,17,1,,7,1,1,800,1,2,3
2,24,17,0,,1,3,1,574,0,0,3
2,25,17,2,wc_wave_25,1,-1,0,470,0,3,0
2,25,17,2,wc_wave_25,3,-1,0,476,0,3,0
2,25,17,2,wc_wave_25,7,-1,0,800,1,2,1
2,26,18,1,,1,7,0,800,1,2,1
2,26,18,0,,3,7,0,587,0,3,0
2,27,19,1,,3,1,0,537,0,4,0
2,27,19,0,,1,7,0,710,0,4,0
2,28,20,0,,1,3,1,556,0,0,4
3,1,0,2,wc_wave_01,0,-1,0,82,0,4,0
3,1,0,2,wc_wave_01,1,-1,0,80,0,4,0
3,1,0,2,wc_wave_01,2,-1,0,63,0,4,0
3,1,0,2,wc_wave_01,3,-1,0,63,0,4,0
3,1,0,2,wc_wave_01,4,-1,0,83,0,4,0
3,1,0,2,wc_wave_01,5,-1,0,84,0,4,0
3,1,0,2,wc_wave_01,6,-1,0,82,0,4,0
3,1,0,2,wc_wave_01,7,-1,0,73,0,4,0
3,2,0,2,wc_wave_02,0,-1,0,146,0,4,0
3,2,0,2,wc_wave_02,1,-1,0,80,0,4,0
3,2,0,2,wc_wave_02,2,-1,0,105,0,4,0
3,2,0,2,wc_wave_02,3,-1,0,87,0,4,0
3,2,0,2,wc_wave_02,4,-1,0,111,0,4,0
3,2,0,2,wc_wave_02,5,-1,0,95,0,4,0
3,2,0,2,wc_wave_02,6,-1,0,100,0,4,0
3,2,0,2,wc_wave_02,7,-1,0,127,0,4,0
3,3,0,2,wc_wave_03,0,-1,0,195,0,5,0
3,3,0,2,wc_wave_03,1,-1,0,124,0,5,0
3,3,0,2,wc_wave_03,2,-1,0,129,0,5,0
3,3,0,2,wc_wave_03,3,-1,0,148,0,5,0
3,3,0,2,wc_wave_03,4,-1,0,111,0,5,0
3,3,0,2,wc_wave_03,5,-1,0,120,0,5,0
3,3,0,2,wc_wave_03,6,-1,0,112,0,5,0
3,3,0,2,wc_wave_03,7,-1,0,143,0,5,0
3,4,1,0,,0,5,0,681,0,2,0
3,4,1,0,,1,7,1,494,0,0,5
3,4,1,0,,2,3,0,800,1,1,1
3,4,1,0,,4,6,1,771,0,0,4
3,5,1,2,wc_wave_05,0,-1,0,214,0,5,0
3,5,1,2,wc_wave_05,1,-1,0,155,0,5,0
3,5,1,2,wc_wave_05,2,-1,0,242,0,5,0
3,5,1,2,wc_wave_05,3,-1,0,146,0,5,0
3,5,1,2,wc_wave_05,4,-1,0,218,0,5,0
3,5,1,2,wc_wave_05,5,-1,0,200,0,5,0
3,5,1,2,wc_wave_05,6,-1,0,256,0,5,0
3,5,1,2,wc_wave_05,7,-1,0,134,0,5,0
3,6,2,0,,0,3,0,587,0,2,0
3,6,2,0,,1,6,0,449,0,4,0
3,6,2,0,,2,4,0,800,1,3,1
3,6,2,0,,5,7,1,384,0,0,4
3,7,3,0,,0,1,1,707,0,0,2
3,7,3,0,,2,7,1,584,0,0,5
3,7,3,0,,3,4,0,602,0,3,0
3,7,3,0,,5,6,0,645,0,3,0
3,8,4,0,,0,6,1,800,1,1,4
3,8,4,0,,1,4,0,446,0,5,0
3,8,4,0,,2,5,0,800,1,1,1
3,8,4,0,,3,7,1,371,0,0,6
3,9,5,0,,0,4,0,644,0,4,0
3,9,5,0,,1,2,1,770,0,0,2
3,9,5,0,,3,5,1,410,0,0,4
3,9,5,0,,6,7,1,613,0,0,4
3,10,5,2,wc_wave_10,0,-1,0,306,0,6,0
3,10,5,2,wc_wave_10,1,-1,0,219,0,6,0
3,10,5,2,wc_wave_10,2,-1,0,263,0,6,0
3,10,5,2,wc_wave_10,3,-1,0,265,0,4,0
3,10,5,2,wc_wave_10,4,-1,0,418,0,5,0
3,10,5,2,wc_wave_10,5,-1,0,193,0,6,0
3,10,5,2,wc_wave_10,6,-1,0,405,0,4,0
3,10,5,2,wc_wave_10,7,-1,0,212,0,6,0
3,11,6,0,,0,7,1,800,1,1,2
3,11,6,0,,1,3,0,441,0,4,0
3,11,6,0,,2,6,0,437,0,5,0
3,11,6,0,,4,5,1,494,0,0,5
3,12,7,0,,0,2,1,538,0,0,4
3,12,7,0,,1,5,1,800,1,1,1
3,12,7,0,,3,6,0,536,0,2,0
3,12,7,0,,4,7,1,693,0,0,2
3,13,8,0,,0,5,1,532,0,0,5
3,13,8,0,,1,2,1,800,1,1,1
3,13,8,0,,3,7,1,478,0,0,4
3,13,8,0,,4,6,0,712,0,3,0
3,14,9,0,,0,1,1,643,0,0,3
3,14,9,0,,2,5,0,611,0,2,0
3,14,9,0,,3,6,0,718,0,2,0
3,14,9,0,,4,7,1,585,0,0,3
3,15,9,2,wc_wave_15,0,-1,0,438,0,3,0
3,15,9,2,wc_wave_15,1,-1,0,263,0,6,0
3,15,9,2,wc_wave_15,2,-1,0,286,0,5,0
3,15,9,2,wc_wave_15,3,-1,0,274,0,5,0
3,15,9,2,wc_wave_15,4,-1,0,356,0,5,0
3,15,9,2,wc_wave_15,5,-1,0,290,0,5,0
3,15,9,2,wc_wave_15,6,-1,0,416,0,4,0
3,15,9,2,wc_wave_15,7,-1,0,331,0,5,0
3,16,10,0,,0,6,0,800,1,3,1
3,16,10,0,,1,4,0,578,0,4,0
3,16,10,0,,2,3,0,467,0,4,0
3,16,10,0,,5,7,0,701,0,2,0
3,17,11,0,,0,7,1,640,0,0,4
3,17,11,0,,1,3,1,642,0,0,2
3,17,11,0,,2,6,0,541,0,5,0
3,17,11,0,,4,5,1,416,0,0,4
3,18,12,1,,5,3,1,800,1,1,1
3,18,12,0,,0,3,1,571,0,0,3
3,18,12,0,,1,6,0,688,0,4,0
3,18,12,0,,2,7,0,655,0,3,0
3,19,13,0,,0,2,1,513,0,0,4
3,19,13,0,,1,5,0,608,0,2,0
3,19,13,0,,3,7,0,555,0,2,0
3,20,13,2,wc_wave_20,1,-1,0,533,0,2,0
3,20,13,2,wc_wave_20,2,-1,0,425,0,2,0
3,20,13,2,wc_wave_20,3,-1,0,361,0,3,0
3,20,13,2,wc_wave_20,5,-1,0,373,0,4,0
3,20,13,2,wc_wave_20,7,-1,0,631,0,1,0
3,21,14,1,,7,1,1,733,0,0,3
3,21,14,0,,1,3,1,484,0,0,2
3,21,14,0,,2,5,1,703,0,0,3
3,22,15,1,,1,5,0,631,0,2,0
3,22,15,0,,2,3,1,693,0,0,2
3,22,15,0,,5,7,0,800,1,2,1
3,23,16,1,,2,1,0,659,0,3,0
3,23,16,0,,1,7,0,800,1,3,1
3,23,16,0,,3,5,0,471,0,2,0
3,24,17,1,,3,7,1,666,0,0,2
3,24,17,0,,1,5,1,800,1,1,1
3,24,17,0,,2,7,0,800,1,2,1
3,25,17,2,wc_wave_25,1,-1,0,426,0,5,0
3,25,17,2,wc_wave_25,2,-1,0,542,0,3,0
3,25,17,2,wc_wave_25,3,-1,0,498,0,2,0
3,25,17,2,wc_wave_25,5,-1,0,652,0,1,0
3,25,17,2,wc_wave_25,7,-1,0,581,0,3,0
3,26,18,1,,1,2,1,762,0,0,2
3,26,18,0,,2,3,1,618,0,0,1
3,26,18,0,,5,7,0,666,0,3,0
3,27,19,0,,1,3,1,628,0,0,1
3,27,19,0,,2,5,1,626,0,0,3
3,28,20,0,,1,2,1,625,0,0,3
3,28,20,0,,3,5,0,475,0,4,0
3,29,21,1,,5,2,0,730,0,1,0
3,29,21,0,,2,3,1,534,0,0,3
3,30,21,2,wc_wave_30,2,-1,1,497,0,0,3
3,30,21,2,wc_wave_30,3,-1,1,533,0,0,1
3,30,21,2,wc_wave_30,5,-1,1,435,0,0,4
3,31,22,1,,3,5,1,547,0,0,2
3,31,22,0,,2,5,1,678,0,0,2
3,32,23,0,,2,5,1,755,0,0,1
4,1,0,2,wc_wave_01,0,-1,0,76,0,4,0
4,1,0,2,wc_wave_01,1,-1,0,82,0,4,0
4,1,0,2,wc_wave_01,2,-1,0,56,0,4,0
4,1,0,2,wc_wave_01,3,-1,0,35,0,4,0
4,1,0,2,wc_wave_01,4,-1,0,56,0,4,0
4,1,0,2,wc_wave_01,5,-1,0,93,0,4,0
4,1,0,2,wc_wave_01,6,-1,0,78,0,3,0
4,1,0,2,wc_wave_01,7,-1,0,35,0,4,0
4,2,0,2,wc_wave_02,0,-1,0,111,0,4,0
4,2,0,2,wc_wave_02,1,-1,0,99,0,4,0
4,2,0,2,wc_wave_02,2,-1,0,119,0,4,0
4,2,0,2,wc_wave_02,3,-1,0,147,0,4,0
4,2,0,2,wc_wave_02,4,-1,0,96,0,4,0
4,2,0,2,wc_wave_02,5,-1,0,119,0,4,0
4,2,0,2,wc_wave_02,6,-1,0,96,0,4,0
4,2,0,2,wc_wave_02,7,-1,0,80,0,4,0
4,3,0,2,wc_wave_03,0,-1,0,117,0,5,0
4,3,0,2,wc_wave_03,1,-1,0,128,0,5,0
4,3,0,2,wc_wave_03,2,-1,0,151,0,5,0
4,3,0,2,wc_wave_03,3,-1,0,124,0,5,0
4,3,0,2,wc_wave_03,4,-1,0,79,0,5,0
4,3,0,2,wc_wave_03,5,-1,0,189,0,5,0
4,3,0,2,wc_wave_03,6,-1,0,117,0,5,0
4,3,0,2,wc_wave_03,7,-1,0,135,0,5,0
4,4,1,0,,0,1,0,800,1,2,2
4,4,1,0,,2,4,1,530,0,0,3
4,4,1,0,,3,5,0,800,1,3,1
4,4,1,0,,6,7,0,800,1,3,1
4,5,1,2,wc_wave_05,0,-1,0,207,0,5,0
4,5,1,2,wc_wave_05,1,-1,0,193,0,5,0
4,5,1,2,wc_wave_05,2,-1,0,230,0,5,0
4,5,1,2,wc_wave_05,3,-1,0,227,0,5,0
4,5,1,2,wc_wave_05,4,-1,0,147,0,5,0
4,5,1,2,wc_wave_05,5,-1,0,246,0,5,0
4,5,1,2,wc_wave_05,6,-1,0,193,0,5,0
4,5,1,2,wc_wave_05,7,-1,0,241,0,5,0
4,6,2,0,,0,5,1,675,0,0,4
4,6,2,0,,1,4,0,492,0,4,0
4,6,2,0,,2,6,0,800,1,2,1
4,6,2,0,,3,7,1,800,1,1,2
4,7,3,0,,0,4,0,800,1,3,2
4,7,3,0,,1,5,0,800,1,3,3
4,7,3,0,,2,7,1,800,1,1,1
4,7,3,0,,3,6,1,800,1,1,4
4,8,4,0,,0,7,1,800,1,1,2
4,8,4,0,,1,6,0,697,0,5,0
4,8,4,0,,2,3,0,651,0,3,0
4,8,4,0,,4,5,1,533,0,0,6
4,9,5,0,,0,6,0,500,0,6,0
4,9,5,0,,1,7,1,800,1,2,2
4,9,5,0,,2,5,1,660,0,0,3
4,9,5,0,,3,4,0,800,1,3,1
4,10,5,2,wc_wave_10,0,-1,0,278,0,6,0
4,10,5,2,wc_wave_10,1,-1,0,274,0,5,0
4,10,5,2,wc_wave_10,2,-1,0,267,0,5,0
4,10,5,2,wc_wave_10,3,-1,0,345,0,6,0
4,10,5,2,wc_wave_10,4,-1,0,333,0,5,0
4,10,5,2,wc_wave_10,5,-1,0,253,0,6,0
4,10,5,2,wc_wave_10,6,-1,0,340,0,6,0
4,10,5,2,wc_wave_10,7,-1,0,222,0,6,0
4,11,6,0,,0,2,0,666,0,4,0
4,11,6,0,,1,3,0,761,0,3,0
4,11,6,0,,4,6,0,800,1,2,1
4,11,6,0,,5,7,1,800,1,1,2
4,12,7,0,,0,3,0,677,0,4,0
4,12,7,0,,1,2,0,575,0,4,0
4,12,7,0,,4,7,1,585,0,0,4
4,12,7,0,,5,6,0,546,0,5,0
4,13,8,0,,0,7,0,800,1,3,1
4,13,8,0,,1,5,1,780,0,0,3
4,13,8,0,,2,4,0,798,0,3,0
4,13,8,0,,3,6,1,800,1,3,2
4,14,9,0,,0,3,0,641,0,4,0
4,14,9,0,,1,6,0,727,0,3,0
4,14,9,0,,2,5,1,494,0,0,4
4,14,9,0,,4,7,1,566,0,0,5
4,15,9,2,wc_wave_15,0,-1,0,266,0,5,0
4,15,9,2,wc_wave_15,1,-1,0,296,0,5,0
4,15,9,2,wc_wave_15,2,-1,0,369,0,4,0
4,15,9,2,wc_wave_15,3,-1,0,435,0,4,0
4,15,9,2,wc_wave_15,4,-1,0,241,0,6,0
4,15,9,2,wc_wave_15,5,-1,0,256,0,6,0
4,15,9,2,wc_wave_15,6,-1,0,328,0,4,0
4,15,9,2,wc_wave_15,7,-1,0,222,0,5,0
4,16,10,0,,0,4,0,574,0,5,0
4,16,10,0,,1,2,0,593,0,3,0
4,16,10,0,,3,5,1,553,0,0,5
4,16,10,0,,6,7,1,800,1,1,1
4,17,11,0,,0,5,1,673,0,0,3
4,17,11,0,,1,3,0,747,0,5,0
4,17,11,0,,2,7,1,602,0,0,4
4,17,11,0,,4,6,1,619,0,0,2
4,18,12,0,,0,2,0,698,0,4,0
4,18,12,0,,1,7,1,800,1,1,2
4,18,12,0,,5,6,0,653,0,2,0
4,19,13,0,,0,1,0,800,1,3,2
4,19,13,0,,2,6,1,609,0,0,3
4,19,13,0,,5,7,0,544,0,4,0
4,20,13,2,wc_wave_20,0,-1,0,478,0,3,0
4,20,13,2,wc_wave_20,1,-1,1,743,0,0,1
4,20,13,2,wc_wave_20,5,-1,0,560,0,2,0
4,20,13,2,wc_wave_20,6,-1,0,556,0,1,0
4,20,13,2,wc_wave_20,7,-1,1,639,0,0,1
4,21,14,1,,0,6,0,800,1,2,1
4,21,14,0,,1,5,1,585,0,0,5
4,21,14,0,,6,7,1,636,0,0,4
4,22,15,0,,0,1,0,800,1,3,1
4,22,15,0,,5,7,0,478,0,4,0
4,23,16,0,,0,5,1,685,0,0,5
4,23,16,0,,1,7,0,800,1,1,2
4,24,17,0,,0,7,0,800,1,3,1
4,24,17,0,,1,5,1,578,0,0,4
4,25,17,2,wc_wave_25,0,-1,0,446,0,6,0
4,25,17,2,wc_wave_25,5,-1,0,415,0,4,0
4,25,17,2,wc_wave_25,7,-1,1,535,0,0,4
4,26,18,1,,7,5,1,570,0,0,4
4,26,18,0,,0,5,1,800,1,1,3
4,27,19,0,,0,5,1,741,0,0,4
4,28,20,0,,0,5,1,653,0,0,5
4,29,21,0,,0,5,1,793,0,0,4
5,1,0,2,wc_wave_01,0,-1,0,85,0,3,0
5,1,0,2,wc_wave_01,1,-1,0,83,0,4,0
5,1,0,2,wc_wave_01,2,-1,0,84,0,4,0
5,1,0,2,wc_wave_01,3,-1,0,34,0,4,0
5,1,0,2,wc_wave_01,4,-1,0,105,0,4,0
5,1,0,2,wc_wave_01,5,-1,0,56,0,4,0
5,1,0,2,wc_wave_01,6,-1,0,58,0,4,0
5,1,0,2,wc_wave_01,7,-1,0,102,0,4,0
5,2,0,2,wc_wave_02,0,-1,0,95,0,4,0
5,2,0,2,wc_wave_02,1,-1,0,99,0,4,0
5,2,0,2,wc_wave_02,2,-1,0,192,0,4,0
5,2,0,2,wc_wave_02,3,-1,0,112,0,4,0
5,2,0,2,wc_wave_02,4,-1,0,133,0,4,0
5,2,0,2,wc_wave_02,5,-1,0,98,0,4,0
5,2,0,2,wc_wave_02,6,-1,0,105,0,4,0
5,2,0,2,wc_wave_02,7,-1,0,166,0,4,0
5,3,0,2,wc_wave_03,0,-1,0,117,0,5,0
5,3,0,2,wc_wave_03,1,-1,0,105,0,5,0
5,3,0,2,wc_wave_03,2,-1,0,174,0,5,0
5,3,0,2,wc_wave_03,3,-1,0,143,0,5,0
5,3,0,2,wc_wave_03,4,-1,0,119,0,5,0
5,3,0,2,wc_wave_03,5,-1,0,105,0,5,0
5,3,0,2,wc_wave_03,6,-1,0,128,0,5,0
5,3,0,2,wc_wave_03,7,-1,0,157,0,5,0
5,4,1,0,,0,7,1,800,1,3,2
5,4,1,0,,1,4,1,562,0,0,2
5,4,1,0,,2,5,1,800,1,2,3
5,4,1,0,,3,6,0,766,0,2,0
5,5,1,2,wc_wave_05,0,-1,0,237,0,5,0
5,5,1,2,wc_wave_05,1,-1,0,167,0,5,0
5,5,1,2,wc_wave_05,2,-1,0,200,0,5,0
5,5,1,2,wc_wave_05,3,-1,0,161,0,5,0
5,5,1,2,wc_wave_05,4,-1,0,207,0,5,0
5,5,1,2,wc_wave_05,5,-1,0,191,0,5,0
5,5,1,2,wc_wave_05,6,-1,0,169,0,5,0
5,5,1,2,wc_wave_05,7,-1,0,223,0,5,0
5,6,2,0,,0,6,0,800,1,3,1
5,6,2,0,,1,2,1,598,0,0,2
5,6,2,0,,3,4,0,738,0,4,0
5,6,2,0,,5,7,0,800,1,2,2
5,7,3,0,,0,4,0,739,0,5,0
5,7,3,0,,1,5,1,427,0,0,6
5,7,3,0,,2,3,1,726,0,0,3
5,7,3,0,,6,7,1,527,0,0,5
5,8,4,0,,0,3,1,713,0,0,4
5,8,4,0,,1,7,1,454,0,0,3
5,8,4,0,,2,6,1,800,1,1,2
5,8,4,0,,4,5,1,610,0,0,5
5,9,5,0,,0,1,0,461,0,4,0
5,9,5,0,,2,4,0,644,0,6,0
5,9,5,0,,3,7,0,658,0,4,0
5,9,5,0,,5,6,0,639,0,4,0
5,10,5,2,wc_wave_10,0,-1,0,262,0,6,0
5,10,5,2,wc_wave_10,1,-1,0,173,0,6,0
5,10,5,2,wc_wave_10,2,-1,0,240,0,6,0
5,10,5,2,wc_wave_10,3,-1,0,229,0,6,0
5,10,5,2,wc_wave_10,4,-1,0,380,0,6,0
5,10,5,2,wc_wave_10,5,-1,0,218,0,6,0
5,10,5,2,wc_wave_10,6,-1,0,263,0,6,0
5,10,5,2,wc_wave_10,7,-1,0,217,0,6,0
5,11,6,0,,0,2,1,800,1,2,4
5,11,6,0,,1,6,1,625,0,0,2
5,11,6,0,,3,5,1,526,0,0,4
5,11,6,0,,4,7,1,698,0,0,3
5,12,7,0,,0,5,1,572,0,0,4
5,12,7,0,,1,3,1,571,0,0,3
5,12,7,0,,2,7,0,800,1,4,1
5,12,7,0,,4,6,1,800,1,1,3
5,13,8,0,,0,3,0,800,1,2,1
5,13,8,0,,1,7,1,551,0,0,3
5,13,8,0,,2,4,0,741,0,5,0
5,13,8,0,,5,6,0,393,0,6,0
5,14,9,0,,0,7,0,800,1,2,1
5,14,9,0,,1,5,1,375,0,0,6
5,14,9,0,,2,6,0,766,0,4,0
5,14,9,0,,3,4,0,633,0,4,0
5,15,9,2,wc_wave_15,0,-1,0,430,0,4,0
5,15,9,2,wc_wave_15,1,-1,0,331,0,4,0
5,15,9,2,wc_wave_15,2,-1,0,680,0,3,0
5,15,9,2,wc_wave_15,3,-1,0,335,0,5,0
5,15,9,2,wc_wave_15,4,-1,0,497,0,4,0
5,15,9,2,wc_wave_15,5,-1,0,221,0,6,0
5,15,9,2,wc_wave_15,6,-1,0,308,0,4,0
5,15,9,2,wc_wave_15,7,-1,0,341,0,5,0
5,16,10,0,,0,5,1,521,0,0,4
5,16,10,0,,1,2,1,609,0,0,4
5,16,10,0,,3,6,0,723,0,3,0
5,16,10,0,,4,7,1,800,1,1,1
5,17,11,0,,0,2,0,800,1,5,1
5,17,11,0,,3,5,1,553,0,0,3
5,17,11,0,,6,7,1,551,0,0,3
5,18,12,0,,0,6,1,800,1,2,2
5,18,12,0,,2,5,1,543,0,0,6
5,18,12,0,,3,7,0,791,0,2,0
5,19,13,0,,0,2,0,800,1,5,1
5,19,13,0,,3,6,0,603,0,4,0
5,19,13,0,,5,7,0,528,0,3,0
5,20,13,2,wc_wave_20,0,-1,1,688,0,0,1
5,20,13,2,wc_wave_20,2,-1,0,800,1,1,1
5,20,13,2,wc_wave_20,3,-1,1,604,0,0,1
5,20,13,2,wc_wave_20,5,-1,0,326,0,4,0
5,20,13,2,wc_wave_20,7,-1,1,633,0,0,1
5,21,14,1,,3,2,0,800,1,3,3
5,21,14,0,,0,5,1,638,0,0,3
5,21,14,0,,2,7,0,732,0,4,0
5,22,15,1,,7,0,1,667,0,0,4
5,22,15,0,,0,3,1,703,0,0,4
5,22,15,0,,2,5,1,610,0,0,4
5,23,16,0,,0,2,0,800,1,4,1
5,23,16,0,,3,5,1,553,0,0,4
5,24,17,1,,0,5,1,629,0,0,4
5,24,17,0,,3,5,1,506,0,0,4
5,25,17,2,wc_wave_25,3,-1,0,673,0,2,0
5,25,17,2,wc_wave_25,5,-1,0,357,0,5,0
5,26,18,0,,3,5,1,517,0,0,5
5,27,19,0,,3,5,1,506,0,0,4
6,1,0,2,wc_wave_01,0,-1,0,76,0,4,0
6,1,0,2,wc_wave_01,1,-1,0,34,0,4,0
6,1,0,2,wc_wave_01,2,-1,0,85,0,4,0
6,1,0,2,wc_wave_01,3,-1,0,50,0,4,0
6,1,0,2,wc_wave_01,4,-1,0,80,0,3,0
6,1,0,2,wc_wave_01,5,-1,0,89,0,3,0
6,1,0,2,wc_wave_01,6,-1,0,83,0,4,0
6,1,0,2,wc_wave_01,7,-1,0,50,0,4,0
6,2,0,2,wc_wave_02,0,-1,0,99,0,4,0
6,2,0,2,wc_wave_02,1,-1,0,99,0,4,0
6,2,0,2,wc_wave_02,2,-1,0,119,0,4,0
6,2,0,2,wc_wave_02,3,-1,0,92,0,4,0
6,2,0,2,wc_wave_02,4,-1,0,99,0,4,0
6,2,0,2,wc_wave_02,5,-1,0,112,0,4,0
6,2,0,2,wc_wave_02,6,-1,0,98,0,4,0
6,2,0,2,wc_wave_02,7,-1,0,95,0,4,0
6,3,0,2,wc_wave_03,0,-1,0,129,0,5,0
6,3,0,2,wc_wave_03,1,-1,0,123,0,5,0
6,3,0,2,wc_wave_03,2,-1,0,128,0,5,0
6,3,0,2,wc_wave_03,3,-1,0,105,0,5,0
6,3,0,2,wc_wave_03,4,-1,0,94,0,5,0
6,3,0,2,wc_wave_03,5,-1,0,99,0,5,0
6,3,0,2,wc_wave_03,6,-1,0,135,0,5,0
6,3,0,2,wc_wave_03,7,-1,0,117,0,5,0
6,4,1,0,,0,1,0,538,0,4,0
6,4,1,0,,2,7,1,549,0,0,2
6,4,1,0,,3,4,1,546,0,0,2
6,4,1,0,,5,6,1,800,1,1,3
6,5,1,2,wc_wave_05,0,-1,0,214,0,5,0
6,5,1,2,wc_wave_05,1,-1,0,164,0,5,0
6,5,1,2,wc_wave_05,2,-1,0,228,0,5,0
6,5,1,2,wc_wave_05,3,-1,0,141,0,5,0
6,5,1,2,wc_wave_05,4,-1,0,174,0,5,0
6,5,1,2,wc_wave_05,5,-1,0,176,0,5,0
6,5,1,2,wc_wave_05,6,-1,0,196,0,5,0
6,5,1,2,wc_wave_05,7,-1,0,177,0,5,0
6,6,2,0,,0,2,0,749,0,4,0
6,6,2,0,,1,5,0,555,0,4,0
6,6,2,0,,3,6,0,487,0,3,0
6,6,2,0,,4,7,0,672,0,2,0
6,7,3,0,,0,5,0,800,1,3,2
6,7,3,0,,1,2,1,800,1,1,2
6,7,3,0,,3,7,1,507,0,0,3
6,7,3,0,,4,6,0,626,0,3,0
6,8,4,0,,0,3,1,570,0,0,4
6,8,4,0,,1,4,0,683,0,4,0
6,8,4,0,,2,5,0,730,0,6,0
6,8,4,0,,6,7,1,549,0,0,3
6,9,5,0,,0,7,0,536,0,4,0
6,9,5,0,,1,6,0,663,0,2,0
6,9,5,0,,2,4,0,800,1,4,1
6,9,5,0,,3,5,0,571,0,4,0
6,10,5,2,wc_wave_10,0,-1,0,284,0,6,0
6,10,5,2,wc_wave_10,1,-1,0,196,0,6,0
6,10,5,2,wc_wave_10,2,-1,0,275,0,6,0
6,10,5,2,wc_wave_10,3,-1,0,196,0,6,0
6,10,5,2,wc_wave_10,4,-1,0,263,0,6,0
6,10,5,2,wc_wave_10,5,-1,0,350,0,4,0
6,10,5,2,wc_wave_10,6,-1,0,221,0,6,0
6,10,5,2,wc_wave_10,7,-1,0,236,0,6,0
6,11,6,0,,0,4,0,513,0,4,0
6,11,6,0,,1,3,0,510,0,2,0
6,11,6,0,,2,6,0,686,0,4,0
6,11,6,0,,5,7,1,767,0,0,2
6,12,7,0,,0,6,0,470,0,4,0
6,12,7,0,,1,7,0,389,0,4,0
6,12,7,0,,2,3,0,554,0,4,0
6,12,7,0,,4,5,1,715,0,0,4
6,13,8,0,,0,2,0,614,0,3,0
6,13,8,0,,1,4,1,800,1,1,1
6,13,8,0,,3,5,1,702,0,0,3
6,13,8,0,,6,7,1,550,0,0,2
6,14,9,0,,0,1,0,386,0,4,0
6,14,9,0,,2,6,0,711,0,4,0
6,14,9,0,,3,7,0,678,0,1,0
6,14,9,0,,4,5,1,800,1,2,2
6,15,9,2,wc_wave_15,0,-1,0,268,0,6,0
6,15,9,2,wc_wave_15,1,-1,0,263,0,5,0
6,15,9,2,wc_wave_15,2,-1,0,406,0,5,0
6,15,9,2,wc_wave_15,3,-1,0,276,0,5,0
6,15,9,2,wc_wave_15,4,-1,0,250,0,5,0
6,15,9,2,wc_wave_15,5,-1,0,439,0,5,0
6,15,9,2,wc_wave_15,6,-1,0,335,0,5,0
6,15,9,2,wc_wave_15,7,-1,0,273,0,4,0
6,16,10,0,,0,7,0,488,0,4,0
6,16,10,0,,1,3,0,534,0,2,0
6,16,10,0,,2,4,0,800,1,4,2
6,16,10,0,,5,6,0,569,0,5,0
6,17,11,0,,0,4,0,522,0,5,0
6,17,11,0,,1,7,0,628,0,1,0
6,17,11,0,,2,5,0,800,1,5,1
6,17,11,0,,3,6,1,468,0,0,3
6,18,12,0,,0,3,0,462,0,4,0
6,18,12,0,,1,2,1,699,0,0,3
6,18,12,0,,4,6,1,578,0,0,3
6,18,12,0,,5,7,0,617,0,4,0
6,19,13,0,,0,6,0,657,0,3,0
6,19,13,0,,1,5,1,599,0,0,4
6,19,13,0,,2,7,0,800,1,2,1
6,19,13,0,,3,4,1,720,0,0,2
6,20,13,2,wc_wave_20,0,-1,0,437,0,4,0
6,20,13,2,wc_wave_20,1,-1,0,607,0,1,0
6,20,13,2,wc_wave_20,2,-1,1,723,0,0,1
6,20,13,2,wc_wave_20,3,-1,1,536,0,0,1
6,20,13,2,wc_wave_20,4,-1,1,522,0,0,2
6,20,13,2,wc_wave_20,5,-1,0,470,0,3,0
6,20,13,2,wc_wave_20,7,-1,1,530,0,0,1
6,21,14,1,,2,3,0,576,0,4,0
6,21,14,0,,0,5,1,800,1,3,2
6,21,14,0,,1,3,0,491,0,3,0
6,21,14,0,,4,7,1,706,0,0,2
6,22,15,1,,7,5,1,587,0,0,4
6,22,15,0,,0,1,0,568,0,3,0
6,22,15,0,,2,5,1,800,1,1,4
6,23,16,0,,0,5,0,800,1,2,1
6,23,16,0,,1,2,0,658,0,3,0
6,24,17,0,,0,2,0,789,0,4,0
6,24,17,0,,1,5,1,658,0,0,4
6,25,17,2,wc_wave_25,0,-1,0,558,0,3,0
6,25,17,2,wc_wave_25,1,-1,0,589,0,1,0
6,25,17,2,wc_wave_25,2,-1,1,596,0,0,3
6,25,17,2,wc_wave_25,5,-1,1,636,0,0,3
6,26,18,0,,0,5,1,800,1,2,2
6,26,18,0,,1,2,0,682,0,3,0
6,27,19,0,,0,1,0,591,0,3,0
6,27,19,0,,2,5,1,800,1,1,3
6,28,20,0,,0,5,1,800,1,2,2
6,29,21,0,,0,5,1,800,1,1,3
6,30,21,2,wc_wave_30,0,-1,1,574,0,0,2
6,30,21,2,wc_wave_30,5,-1,1,620,0,0,2
6,31,22,0,,0,5,0,800,1,3,1
7,1,0,2,wc_wave_01,0,-1,0,85,0,3,0
7,1,0,2,wc_wave_01,1,-1,0,91,0,3,0
7,1,0,2,wc_wave_01,2,-1,0,101,0,4,0
7,1,0,2,wc_wave_01,3,-1,0,83,0,4,0
7,1,0,2,wc_wave_01,4,-1,0,76,0,4,0
7,1,0,2,wc_wave_01,5,-1,0,77,0,4,0
7,1,0,2,wc_wave_01,6,-1,0,56,0,4,0
7,1,0,2,wc_wave_01,7,-1,0,34,0,4,0
7,2,0,2,wc_wave_02,0,-1,0,73,0,4,0
7,2,0,2,wc_wave_02,1,-1,0,95,0,4,0
7,2,0,2,wc_wave_02,2,-1,0,119,0,4,0
7,2,0,2,wc_wave_02,3,-1,0,76,0,4,0
7,2,0,2,wc_wave_02,4,-1,0,97,0,4,0
7,2,0,2,wc_wave_02,5,-1,0,98,0,4,0
7,2,0,2,wc_wave_02,6,-1,0,97,0,4,0
7,2,0,2,wc_wave_02,7,-1,0,98,0,4,0
7,3,0,2,wc_wave_03,0,-1,0,112,0,5,0
7,3,0,2,wc_wave_03,1,-1,0,99,0,5,0
7,3,0,2,wc_wave_03,2,-1,0,151,0,5,0
7,3,0,2,wc_wave_03,3,-1,0,99,0,5,0
7,3,0,2,wc_wave_03,4,-1,0,105,0,5,0
7,3,0,2,wc_wave_03,5,-1,0,124,0,5,0
7,3,0,2,wc_wave_03,6,-1,0,109,0,5,0
7,3,0,2,wc_wave_03,7,-1,0,98,0,5,0
7,4,1,0,,0,5,0,800,1,2,1
7,4,1,0,,1,2,1,527,0,0,4
7,4,1,0,,3,4,1,788,0,0,2
7,4,1,0,,6,7,0,755,0,4,0
7,5,1,2,wc_wave_05,0,-1,0,173,0,5,0
7,5,1,2,wc_wave_05,1,-1,0,167,0,5,0
7,5,1,2,wc_wave_05,2,-1,0,200,0,5,0
7,5,1,2,wc_wave_05,3,-1,0,164,0,5,0
7,5,1,2,wc_wave_05,4,-1,0,154,0,5,0
7,5,1,2,wc_wave_05,5,-1,0,201,0,5,0
7,5,1,2,wc_wave_05,6,-1,0,219,0,5,0
7,5,1,2,wc_wave_05,7,-1,0,254,0,5,0
7,6,2,0,,0,4,1,653,0,0,3
7,6,2,0,,1,3,1,447,0,0,3
7,6,2,0,,2,6,1,671,0,0,4
7,6,2,0,,5,7,0,499,0,4,0
7,7,3,0,,0,3,1,438,0,0,5
7,7,3,0,,1,5,1,486,0,0,3
7,7,3,0,,2,7,1,567,0,0,5
7,7,3,0,,4,6,1,724,0,0,3
7,8,4,0,,0,7,1,800,1,2,1
7,8,4,0,,1,4,0,565,0,3,0
7,8,4,0,,2,3,1,479,0,0,6
7,8,4,0,,5,6,0,800,1,2,1
7,9,5,0,,0,2,0,800,1,4,1
7,9,5,0,,1,6,0,541,0,3,0
7,9,5,0,,3,7,0,542,0,5,0
7,9,5,0,,4,5,1,774,0,0,1
7,10,5,2,wc_wave_10,0,-1,0,199,0,6,0
7,10,5,2,wc_wave_10,1,-1,0,182,0,6,0
7,10,5,2,wc_wave_10,2,-1,0,302,0,6,0
7,10,5,2,wc_wave_10,3,-1,0,176,0,6,0
7,10,5,2,wc_wave_10,4,-1,0,293,0,5,0
7,10,5,2,wc_wave_10,5,-1,0,221,0,6,0
7,10,5,2,wc_wave_10,6,-1,0,289,0,6,0
7,10,5,2,wc_wave_10,7,-1,0,242,0,6,0
7,11,6,0,,0,1,1,607,0,0,2
7,11,6,0,,2,5,1,800,1,1,3
7,11,6,0,,3,6,0,496,0,4,0
7,11,6,0,,4,7,1,471,0,0,6
7,12,7,0,,0,6,1,667,0,0,2
7,12,7,0,,1,7,1,733,0,0,1
7,12,7,0,,2,4,0,800,1,5,2
7,12,7,0,,3,5,0,476,0,4,0
7,13,8,0,,0,3,1,541,0,0,4
7,13,8,0,,1,4,0,413,0,6,0
7,13,8,0,,2,7,1,622,0,0,4
7,13,8,0,,5,6,1,698,0,0,2
7,14,9,0,,0,2,0,713,0,4,0
7,14,9,0,,1,7,1,681,0,0,1
7,14,9,0,,3,6,0,456,0,5,0
7,14,9,0,,4,5,1,394,0,0,6
7,15,9,2,wc_wave_15,0,-1,0,254,0,6,0
7,15,9,2,wc_wave_15,1,-1,0,264,0,5,0
7,15,9,2,wc_wave_15,2,-1,0,595,0,5,0
7,15,9,2,wc_wave_15,3,-1,0,240,0,5,0
7,15,9,2,wc_wave_15,4,-1,0,449,0,3,0
7,15,9,2,wc_wave_15,5,-1,0,286,0,5,0
7,15,9,2,wc_wave_15,6,-1,0,279,0,5,0
7,15,9,2,wc_wave_15,7,-1,0,343,0,5,0
7,16,10,0,,0,1,1,539,0,0,2
7,16,10,0,,2,4,0,791,0,6,0
7,16,10,0,,3,5,0,546,0,5,0
7,16,10,0,,6,7,1,611,0,0,3
7,17,11,1,,0,6,0,672,0,2,0
7,17,11,0,,1,6,0,466,0,4,0
7,17,11,0,,2,5,1,800,1,2,4
7,17,11,0,,3,7,0,542,0,5,0
7,18,12,1,,1,3,1,566,0,0,3
7,18,12,0,,0,3,1,528,0,0,4
7,18,12,0,,2,6,1,725,0,0,5
7,18,12,0,,5,7,1,601,0,0,5
7,19,13,0,,0,7,1,583,0,0,4
7,19,13,0,,1,5,0,603,0,3,0
7,19,13,0,,3,6,0,503,0,5,0
7,20,13,2,wc_wave_20,0,-1,0,437,0,2,0
7,20,13,2,wc_wave_20,1,-1,0,388,0,2,0
7,20,13,2,wc_wave_20,3,-1,0,330,0,4,0
7,20,13,2,wc_wave_20,5,-1,1,727,0,0,1
7,20,13,2,wc_wave_20,6,-1,0,437,0,3,0
7,20,13,2,wc_wave_20,7,-1,0,403,0,4,0
7,21,14,0,,0,5,1,712,0,0,1
7,21,14,0,,1,6,0,568,0,2,0
7,21,14,0,,3,7,0,587,0,3,0
7,22,15,1,,5,6,0,756,0,4,0
7,22,15,0,,1,3,1,603,0,0,2
7,22,15,0,,6,7,1,560,0,0,3
7,23,16,0,,1,7,0,658,0,3,0
7,23,16,0,,3,5,0,613,0,4,0
7,24,17,0,,1,3,1,482,0,0,4
7,24,17,0,,5,7,0,800,1,2,2
7,25,17,2,wc_wave_25,1,-1,0,348,0,4,0
7,25,17,2,wc_wave_25,3,-1,0,391,0,4,0
7,25,17,2,wc_wave_25,5,-1,0,678,0,2,0
7,25,17,2,wc_wave_25,7,-1,0,545,0,3,0
7,26,18,0,,1,5,1,642,0,0,2
7,26,18,0,,3,7,0,799,0,2,0
7,27,19,1,,3,5,0,704,0,3,0
7,27,19,0,,1,5,1,770,0,0,1
7,28,20,0,,3,5,0,631,0,4,0
8,1,0,2,wc_wave_01,0,-1,0,76,0,4,0
8,1,0,2,wc_wave_01,1,-1,0,65,0,4,0
8,1,0,2,wc_wave_01,2,-1,0,76,0,4,0
8,1,0,2,wc_wave_01,3,-1,0,76,0,4,0
8,1,0,2,wc_wave_01,4,-1,0,82,0,4,0
8,1,0,2,wc_wave_01,5,-1,0,85,0,4,0
8,1,0,2,wc_wave_01,6,-1,0,82,0,4,0
8,1,0,2,wc_wave_01,7,-1,0,63,0,4,0
8,2,0,2,wc_wave_02,0,-1,0,99,0,4,0
8,2,0,2,wc_wave_02,1,-1,0,99,0,4,0
8,2,0,2,wc_wave_02,2,-1,0,99,0,4,0
8,2,0,2,wc_wave_02,3,-1,0,96,0,4,0
8,2,0,2,wc_wave_02,4,-1,0,105,0,4,0
8,2,0,2,wc_wave_02,5,-1,0,81,0,4,0
8,2,0,2,wc_wave_02,6,-1,0,129,0,4,0
8,2,0,2,wc_wave_02,7,-1,0,111,0,4,0
8,3,0,2,wc_wave_03,0,-1,0,105,0,5,0
8,3,0,2,wc_wave_03,1,-1,0,109,0,5,0
8,3,0,2,wc_wave_03,2,-1,0,119,0,5,0
8,3,0,2,wc_wave_03,3,-1,0,124,0,5,0
8,3,0,2,wc_wave_03,4,-1,0,152,0,5,0
8,3,0,2,wc_wave_03,5,-1,0,97,0,5,0
8,3,0,2,wc_wave_03,6,-1,0,143,0,5,0
8,3,0,2,wc_wave_03,7,-1,0,98,0,5,0
8,4,1,0,,0,7,0,661,0,3,0
8,4,1,0,,1,5,1,791,0,0,1
8,4,1,0,,2,4,1,800,1,1,2
8,4,1,0,,3,6,0,664,0,2,0
8,5,1,2,wc_wave_05,0,-1,0,228,0,5,0
8,5,1,2,wc_wave_05,1,-1,0,177,0,5,0
8,5,1,2,wc_wave_05,2,-1,0,212,0,5,0
8,5,1,2,wc_wave_05,3,-1,0,153,0,5,0
8,5,1,2,wc_wave_05,4,-1,0,187,0,5,0
8,5,1,2,wc_wave_05,5,-1,0,161,0,5,0
8,5,1,2,wc_wave_05,6,-1,0,214,0,5,0
8,5,1,2,wc_wave_05,7,-1,0,187,0,5,0
8,6,2,0,,0,5,1,385,0,0,5
8,6,2,0,,1,3,1,477,0,0,2
8,6,2,0,,2,6,0,800,1,2,2
8,6,2,0,,4,7,0,678,0,3,0
8,7,3,0,,0,6,0,800,1,4,1
8,7,3,0,,1,4,0,800,1,1,1
8,7,3,0,,2,3,1,482,0,0,4
8,7,3,0,,5,7,0,506,0,4,0
8,8,4,0,,0,4,1,800,1,2,3
8,8,4,0,,1,2,0,590,0,4,0
8,8,4,0,,3,5,0,610,0,2,0
8,8,4,0,,6,7,0,800,1,1,3
8,9,5,0,,0,3,1,414,0,0,6
8,9,5,0,,1,6,1,616,0,0,4
8,9,5,0,,2,7,0,560,0,5,0
8,9,5,0,,4,5,1,481,0,0,6
8,10,5,2,wc_wave_10,0,-1,0,271,0,5,0
8,10,5,2,wc_wave_10,1,-1,0,208,0,5,0
8,10,5,2,wc_wave_10,2,-1,0,278,0,6,0
8,10,5,2,wc_wave_10,3,-1,0,142,0,6,0
8,10,5,2,wc_wave_10,4,-1,0,320,0,5,0
8,10,5,2,wc_wave_10,5,-1,0,246,0,5,0
8,10,5,2,wc_wave_10,6,-1,0,266,0,6,0
8,10,5,2,wc_wave_10,7,-1,0,322,0,5,0
8,11,6,0,,0,2,1,504,0,0,6
8,11,6,0,,1,7,0,446,0,6,0
8,11,6,0,,3,4,0,356,0,5,0
8,11,6,0,,5,6,1,713,0,0,4
8,12,7,0,,0,1,1,514,0,0,4
8,12,7,0,,2,5,1,716,0,0,4
8,12,7,0,,3,7,0,374,0,6,0
8,12,7,0,,4,6,1,578,0,0,5
8,13,8,0,,0,5,1,525,0,0,5
8,13,8,0,,1,7,0,590,0,4,0
8,13,8,0,,2,6,1,788,0,0,2
8,13,8,0,,3,4,0,415,0,6,0
8,14,9,0,,0,4,1,800,1,1,3
8,14,9,0,,1,5,1,669,0,0,4
8,14,9,0,,2,3,1,497,0,0,2
8,14,9,0,,6,7,0,706,0,5,0
8,15,9,2,wc_wave_15,0,-1,0,536,0,3,0
8,15,9,2,wc_wave_15,1,-1,0,273,0,4,0
8,15,9,2,wc_wave_15,2,-1,0,248,0,5,0
8,15,9,2,wc_wave_15,3,-1,0,232,0,6,0
8,15,9,2,wc_wave_15,4,-1,0,461,0,4,0
8,15,9,2,wc_wave_15,5,-1,0,284,0,6,0
8,15,9,2,wc_wave_15,6,-1,0,277,0,5,0
8,16,10,1,,1,3,1,500,0,0,5
8,16,10,0,,0,3,1,412,0,0,6
8,16,10,0,,2,4,0,462,0,6,0
8,16,10,0,,5,6,1,718,0,0,4
8,17,11,0,,1,2,1,541,0,0,3
8,17,11,0,,3,6,1,800,1,1,2
8,17,11,0,,4,5,1,506,0,0,5
8,18,12,0,,1,4,0,628,0,3,0
8,18,12,0,,2,6,1,800,1,1,2
8,18,12,0,,3,5,1,659,0,0,2
8,19,13,1,,6,1,0,642,0,5,0
8,19,13,0,,1,3,1,504,0,0,4
8,19,13,0,,2,5,1,560,0,0,3
8,20,13,2,wc_wave_20,1,-1,1,675,0,0,1
8,20,13,2,wc_wave_20,2,-1,0,469,0,2,0
8,20,13,2,wc_wave_20,3,-1,0,381,0,4,0
8,20,13,2,wc_wave_20,5,-1,0,363,0,4,0
8,20,13,2,wc_wave_20,6,-1,0,750,0,1,0
8,21,14,1,,3,5,1,576,0,0,4
8,21,14,0,,1,2,1,631,0,0,2
8,21,14,0,,5,6,0,800,1,2,3
8,22,15,1,,5,1,0,600,0,5,0
8,22,15,0,,1,6,0,800,1,2,2
8,22,15,0,,2,3,1,401,0,0,5
8,23,16,0,,1,3,1,639,0,0,2
8,23,16,0,,5,6,0,782,0,5,0
8,24,17,1,,6,3,1,761,0,0,3
8,24,17,0,,3,5,1,608,0,0,3
8,25,17,2,wc_wave_25,3,-1,0,430,0,4,0
8,25,17,2,wc_wave_25,5,-1,0,490,0,2,0
8,25,17,2,wc_wave_25,6,-1,1,787,0,0,3
8,26,18,1,,5,6,0,800,1,4,1
8,26,18,0,,3,6,0,800,1,1,2
8,27,19,1,,3,5,1,800,1,1,1
8,27,19,0,,5,6,0,800,1,3,2
8,28,20,0,,3,5,1,800,1,1,2
8,29,21,0,,3,5,1,576,0,0,4
8,30,21,2,wc_wave_30,3,-1,1,547,0,0,2
8,30,21,2,wc_wave_30,5,-1,0,508,0,3,0
8,31,22,0,,3,5,0,800,1,1,1
8,32,23,0,,3,5,1,659,0,0,2
9,1,0,2,wc_wave_01,0,-1,0,80,0,4,0
9,1,0,2,wc_wave_01,1,-1,0,80,0,4,0
9,1,0,2,wc_wave_01,2,-1,0,83,0,4,0
9,1,0,2,wc_wave_01,3,-1,0,76,0,4,0
9,1,0,2,wc_wave_01,4,-1,0,56,0,4,0
9,1,0,2,wc_wave_01,5,-1,0,61,0,4,0
9,1,0,2,wc_wave_01,6,-1,0,56,0,3,0
9,1,0,2,wc_wave_01,7,-1,0,58,0,3,0
9,2,0,2,wc_wave_02,0,-1,0,105,0,4,0
9,2,0,2,wc_wave_02,1,-1,0,96,0,4,0
9,2,0,2,wc_wave_02,2,-1,0,119,0,4,0
9,2,0,2,wc_wave_02,3,-1,0,124,0,4,0
9,2,0,2,wc_wave_02,4,-1,0,128,0,4,0
9,2,0,2,wc_wave_02,5,-1,0,127,0,4,0
9,2,0,2,wc_wave_02,6,-1,0,105,0,4,0
9,2,0,2,wc_wave_02,7,-1,0,81,0,4,0
9,3,0,2,wc_wave_03,0,-1,0,152,0,5,0
9,3,0,2,wc_wave_03,1,-1,0,142,0,5,0
9,3,0,2,wc_wave_03,2,-1,0,156,0,5,0
9,3,0,2,wc_wave_03,3,-1,0,117,0,5,0
9,3,0,2,wc_wave_03,4,-1,0,126,0,5,0
9,3,0,2,wc_wave_03,5,-1,0,157,0,5,0
9,3,0,2,wc_wave_03,6,-1,0,99,0,5,0
9,3,0,2,wc_wave_03,7,-1,0,98,0,5,0
9,4,1,0,,0,1,0,537,0,3,0
9,4,1,0,,2,4,0,800,1,4,1
9,4,1,0,,3,7,0,637,0,5,0
9,4,1,0,,5,6,0,800,1,3,2
9,5,1,2,wc_wave_05,0,-1,0,212,0,5,0
9,5,1,2,wc_wave_05,1,-1,0,167,0,5,0
9,5,1,2,wc_wave_05,2,-1,0,230,0,5,0
9,5,1,2,wc_wave_05,3,-1,0,193,0,5,0
9,5,1,2,wc_wave_05,4,-1,0,200,0,5,0
9,5,1,2,wc_wave_05,5,-1,0,273,0,5,0
9,5,1,2,wc_wave_05,6,-1,0,177,0,5,0
9,5,1,2,wc_wave_05,7,-1,0,185,0,5,0
9,6,2,0,,0,7,1,507,0,0,4
9,6,2,0,,1,5,0,725,0,2,0
9,6,2,0,,2,6,0,785,0,3,0
9,6,2,0,,3,4,1,800,1,2,3
9,7,3,0,,0,6,0,575,0,3,0
9,7,3,0,,1,4,1,800,1,1,1
9,7,3,0,,2,3,1,725,0,0,5
9,7,3,0,,5,7,1,600,0,0,5
9,8,4,0,,0,2,0,800,1,1,1
9,8,4,0,,1,3,1,678,0,0,3
9,8,4,0,,4,5,1,797,0,0,2
9,8,4,0,,6,7,1,689,0,0,3
9,9,5,0,,0,3,0,800,1,1,2
9,9,5,0,,1,6,1,570,0,0,3
9,9,5,0,,2,5,1,670,0,0,3
9,9,5,0,,4,7,1,655,0,0,3
9,10,5,2,wc_wave_10,0,-1,0,252,0,6,0
9,10,5,2,wc_wave_10,1,-1,0,207,0,6,0
9,10,5,2,wc_wave_10,2,-1,0,302,0,5,0
9,10,5,2,wc_wave_10,3,-1,0,423,0,6,0
9,10,5,2,wc_wave_10,4,-1,0,222,0,6,0
9,10,5,2,wc_wave_10,5,-1,0,281,0,6,0
9,10,5,2,wc_wave_10,6,-1,0,326,0,6,0
9,10,5,2,wc_wave_10,7,-1,0,236,0,6,0
9,11,6,0,,0,5,0,701,0,3,0
9,11,6,0,,1,7,1,586,0,0,5
9,11,6,0,,2,3,0,800,1,4,2
9,11,6,0,,4,6,0,730,0,3,0
9,12,7,0,,0,4,1,800,1,1,1
9,12,7,0,,1,5,0,669,0,2,0
9,12,7,0,,2,7,1,624,0,0,4
9,12,7,0,,3,6,0,800,1,4,1
9,13,8,0,,0,6,1,691,0,0,3
9,13,8,0,,1,2,0,674,0,3,0
9,13,8,0,,3,5,1,800,1,2,3
9,13,8,0,,4,7,1,800,1,2,2
9,14,9,0,,0,2,0,800,1,2,1
9,14,9,0,,1,4,1,624,0,0,3
9,14,9,0,,3,7,1,731,0,0,5
9,14,9,0,,5,6,1,800,1,1,2
9,15,9,2,wc_wave_15,0,-1,0,329,0,5,0
9,15,9,2,wc_wave_15,1,-1,0,317,0,3,0
9,15,9,2,wc_wave_15,2,-1,0,348,0,5,0
9,15,9,2,wc_wave_15,3,-1,0,392,0,5,0
9,15,9,2,wc_wave_15,4,-1,0,316,0,6,0
9,15,9,2,wc_wave_15,5,-1,0,362,0,4,0
9,15,9,2,wc_wave_15,6,-1,0,324,0,5,0
9,15,9,2,wc_wave_15,7,-1,0,249,0,5,0
9,16,10,0,,0,7,1,546,0,0,4
9,16,10,0,,1,6,1,737,0,0,2
9,16,10,0,,2,5,1,797,0,0,3
9,16,10,0,,3,4,0,800,1,3,1
9,17,11,0,,0,1,0,645,0,2,0
9,17,11,0,,2,7,1,770,0,0,5
9,17,11,0,,3,5,1,707,0,0,6
9,17,11,0,,4,6,0,730,0,3,0
9,18,12,0,,0,5,1,653,0,0,2
9,18,12,0,,1,3,0,800,1,4,1
9,18,12,0,,2,4,0,749,0,3,0
9,18,12,0,,6,7,1,666,0,0,4
9,19,13,0,,0,4,-1,800,1,1,1
9,19,13,0,,1,2,1,800,1,1,4
9,19,13,0,,3,6,1,800,1,2,2
9,19,13,0,,5,7,1,800,1,1,3
9,20,13,2,wc_wave_20,0,-1,0,547,0,1,0
9,20,13,2,wc_wave_20,1,-1,1,530,0,0,1
9,20,13,2,wc_wave_20,2,-1,1,729,0,0,1
9,20,13,2,wc_wave_20,3,-1,0,652,0,1,0
9,20,13,2,wc_wave_20,4,-1,1,694,0,0,1
9,20,13,2,wc_wave_20,5,-1,1,681,0,0,1
9,20,13,2,wc_wave_20,6,-1,0,581,0,2,0
9,20,13,2,wc_wave_20,7,-1,0,488,0,3,0
9,21,14,0,,0,3,0,800,1,3,1
9,21,14,0,,1,7,1,447,0,0,5
9,21,14,0,,2,6,1,800,1,1,5
9,21,14,0,,4,5,1,695,0,0,3
9,22,15,1,,6,0,0,557,0,3,0
9,22,15,0,,0,5,0,800,1,2,1
9,22,15,0,,4,7,1,593,0,0,5
9,23,16,1,,7,5,1,800,1,1,3
9,23,16,0,,0,4,0,778,0,1,0
9,23,16,0,,5,6,1,800,1,1,3
9,24,17,0,,0,5,1,687,0,0,2
9,24,17,0,,6,7,1,631,0,0,4
9,25,17,2,wc_wave_25,0,-1,1,446,0,0,3
9,25,17,2,wc_wave_25,5,-1,1,470,0,0,4
9,25,17,2,wc_wave_25,6,-1,0,711,0,3,0
9,25,17,2,wc_wave_25,7,-1,0,427,0,6,0
9,26,18,0,,0,7,1,480,0,0,5
9,26,18,0,,5,6,1,800,1,2,2
9,27,19,1,,0,6,1,585,0,0,3
9,27,19,0,,6,7,1,672,0,0,5
10,1,0,2,wc_wave_01,0,-1,0,65,0,4,0
10,1,0,2,wc_wave_01,1,-1,0,82,0,4,0
10,1,0,2,wc_wave_01,2,-1,0,78,0,4,0
10,1,0,2,wc_wave_01,3,-1,0,73,0,4,0
10,1,0,2,wc_wave_01,4,-1,0,37,0,4,0
10,1,0,2,wc_wave_01,5,-1,0,37,0,4,0
10,1,0,2,wc_wave_01,6,-1,0,82,0,4,0
10,1,0,2,wc_wave_01,7,-1,0,56,0,4,0
10,2,0,2,wc_wave_02,0,-1,0,67,0,4,0
10,2,0,2,wc_wave_02,1,-1,0,114,0,4,0
10,2,0,2,wc_wave_02,2,-1,0,125,0,4,0
10,2,0,2,wc_wave_02,3,-1,0,117,0,4,0
10,2,0,2,wc_wave_02,4,-1,0,86,0,4,0
10,2,0,2,wc_wave_02,5,-1,0,75,0,4,0
10,2,0,2,wc_wave_02,6,-1,0,98,0,4,0
10,2,0,2,wc_wave_02,7,-1,0,85,0,4,0
10,3,0,2,wc_wave_03,0,-1,0,100,0,5,0
10,3,0,2,wc_wave_03,1,-1,0,132,0,5,0
10,3,0,2,wc_wave_03,2,-1,0,149,0,5,0
10,3,0,2,wc_wave_03,3,-1,0,111,0,5,0
10,3,0,2,wc_wave_03,4,-1,0,117,0,5,0
10,3,0,2,wc_wave_03,5,-1,0,117,0,5,0
10,3,0,2,wc_wave_03,6,-1,0,123,0,5,0
10,3,0,2,wc_wave_03,7,-1,0,120,0,5,0
10,4,1,0,,0,2,0,755,0,2,0
10,4,1,0,,1,7,0,553,0,5,0
10,4,1,0,,3,5,0,688,0,1,0
10,4,1,0,,4,6,0,541,0,3,0
10,5,1,2,wc_wave_05,0,-1,0,190,0,5,0
10,5,1,2,wc_wave_05,1,-1,0,161,0,5,0
10,5,1,2,wc_wave_05,2,-1,0,246,0,5,0
10,5,1,2,wc_wave_05,3,-1,0,137,0,5,0
10,5,1,2,wc_wave_05,4,-1,0,163,0,5,0
10,5,1,2,wc_wave_05,5,-1,0,200,0,5,0
10,5,1,2,wc_wave_05,6,-1,0,149,0,5,0
10,5,1,2,wc_wave_05,7,-1,0,233,0,5,0
10,6,2,0,,0,3,0,517,0,3,0
10,6,2,0,,1,4,0,703,0,3,0
10,6,2,0,,2,6,0,800,1,2,1
10,6,2,0,,5,7,0,800,1,1,1
10,7,3,0,,0,1,0,800,1,1,1
10,7,3,0,,2,7,0,800,1,6,2
10,7,3,0,,3,6,1,605,0,0,3
10,7,3,0,,4,5,0,738,0,2,0
10,8,4,0,,0,4,1,486,0,0,3
10,8,4,0,,1,3,0,644,0,5,0
10,8,4,0,,2,5,0,735,0,2,0
10,8,4,0,,6,7,0,800,1,3,2
10,9,5,0,,0,5,1,527,0,0,4
10,9,5,0,,1,6,1,723,0,0,3
10,9,5,0,,2,3,0,503,0,6,0
10,9,5,0,,4,7,0,557,0,4,0
10,10,5,2,wc_wave_10,0,-1,0,275,0,5,0
10,10,5,2,wc_wave_10,1,-1,0,258,0,6,0
10,10,5,2,wc_wave_10,2,-1,0,233,0,6,0
10,10,5,2,wc_wave_10,3,-1,0,388,0,5,0
10,10,5,2,wc_wave_10,4,-1,0,162,0,6,0
10,10,5,2,wc_wave_10,5,-1,0,187,0,6,0
10,10,5,2,wc_wave_10,6,-1,0,245,0,6,0
10,10,5,2,wc_wave_10,7,-1,0,251,0,6,0
10,11,6,0,,0,6,0,800,1,1,1
10,11,6,0,,1,5,1,550,0,0,4
10,11,6,0,,2,4,0,662,0,3,0
10,11,6,0,,3,7,1,440,0,0,6
10,12,7,0,,0,7,1,591,0,0,4
10,12,7,0,,1,2,1,800,1,1,6
10,12,7,0,,3,4,1,586,0,0,2
10,12,7,0,,5,6,0,587,0,4,0
10,13,8,0,,0,4,1,538,0,0,3
10,13,8,0,,1,7,1,800,1,3,2
10,13,8,0,,2,6,0,776,0,4,0
10,13,8,0,,3,5,1,618,0,0,5
10,14,9,0,,0,3,0,572,0,4,0
10,14,9,0,,1,6,0,800,1,2,1
10,14,9,0,,2,7,0,800,1,5,1
10,14,9,0,,4,5,1,529,0,0,3
10,15,9,2,wc_wave_15,0,-1,0,328,0,4,0
10,15,9,2,wc_wave_15,1,-1,0,399,0,5,0
10,15,9,2,wc_wave_15,2,-1,0,399,0,6,0
10,15,9,2,wc_wave_15,3,-1,0,516,0,3,0
10,15,9,2,wc_wave_15,4,-1,0,256,0,6,0
10,15,9,2,wc_wave_15,5,-1,0,292,0,6,0
10,15,9,2,wc_wave_15,6,-1,0,293,0,6,0
10,15,9,2,wc_wave_15,7,-1,0,328,0,5,0
10,16,10,0,,0,6,1,800,1,1,2
10,16,10,0,,1,4,1,594,0,0,3
10,16,10,0,,2,3,0,800,1,5,1
10,16,10,0,,5,7,0,707,0,4,0
10,17,11,1,,0,2,1,741,0,0,6
10,17,11,0,,1,2,1,800,1,1,6
10,17,11,0,,4,7,0,778,0,2,0
10,17,11,0,,5,6,0,548,0,5,0
10,18,12,1,,5,0,0,626,0,5,0
10,18,12,0,,0,1,1,579,0,0,6
10,18,12,0,,2,4,0,800,1,3,1
10,18,12,0,,6,7,0,800,1,3,2
10,19,13,1,,4,6,0,614,0,2,0
10,19,13,0,,0,7,1,589,0,0,5
10,19,13,0,,1,5,1,586,0,0,5
10,19,13,0,,2,6,0,800,1,4,1
10,20,13,2,wc_wave_20,1,-1,0,487,0,3,0
10,20,13,2,wc_wave_20,2,-1,0,587,0,3,0
10,20,13,2,wc_wave_20,4,-1,0,468,0,3,0
10,20,13,2,wc_wave_20,5,-1,0,399,0,4,0
10,20,13,2,wc_wave_20,6,-1,1,633,0,0,1
10,20,13,2,wc_wave_20,7,-1,0,498,0,3,0
10,21,14,0,,1,4,1,737,0,0,2
10,21,14,0,,2,5,1,800,1,2,4
10,21,14,0,,6,7,1,764,0,0,3
10,22,15,0,,2,4,0,800,1,2,1
10,22,15,0,,5,7,0,800,1,4,1
10,23,16,1,,2,5,1,800,1,3,3
10,23,16,0,,4,5,1,714,0,0,3
10,24,17,1,,4,2,1,800,1,1,2
10,24,17,0,,2,5,0,800,1,3,3
10,25,17,2,wc_wave_25,2,-1,0,800,1,3,1
10,25,17,2,wc_wave_25,4,-1,0,410,0,3,0
10,25,17,2,wc_wave_25,5,-1,0,657,0,3,0
10,26,18,1,,5,4,0,775,0,3,0
10,26,18,0,,2,4,0,800,1,2,1
10,27,19,1,,2,5,1,800,1,3,3
10,27,19,0,,4,5,1,800,1,1,2
10,28,20,0,,2,5,1,800,1,1,3
10,29,21,0,,2,5,1,800,1,2,4
10,30,21,2,wc_wave_30,2,-1,1,800,1,1,1
10,30,21,2,wc_wave_30,5,-1,0,633,0,2,0
10,31,22,0,,2,5,1,800,1,3,3
11,1,0,2,wc_wave_01,0,-1,0,89,0,4,0
11,1,0,2,wc_wave_01,1,-1,0,76,0,4,0
11,1,0,2,wc_wave_01,2,-1,0,58,0,4,0
11,1,0,2,wc_wave_01,3,-1,0,50,0,4,0
11,1,0,2,wc_wave_01,4,-1,0,56,0,4,0
11,1,0,2,wc_wave_01,5,-1,0,82,0,4,0
11,1,0,2,wc_wave_01,6,-1,0,83,0,3,0
11,1,0,2,wc_wave_01,7,-1,0,83,0,4,0
11,2,0,2,wc_wave_02,0,-1,0,75,0,4,0
11,2,0,2,wc_wave_02,1,-1,0,87,0,4,0
11,2,0,2,wc_wave_02,2,-1,0,85,0,4,0
11,2,0,2,wc_wave_02,3,-1,0,99,0,4,0
11,2,0,2,wc_wave_02,4,-1,0,98,0,4,0
11,2,0,2,wc_wave_02,5,-1,0,114,0,4,0
11,2,0,2,wc_wave_02,6,-1,0,99,0,4,0
11,2,0,2,wc_wave_02,7,-1,0,138,0,4,0
11,3,0,2,wc_wave_03,0,-1,0,149,0,5,0
11,3,0,2,wc_wave_03,1,-1,0,124,0,5,0
11,3,0,2,wc_wave_03,2,-1,0,139,0,5,0
11,3,0,2,wc_wave_03,3,-1,0,105,0,5,0
11,3,0,2,wc_wave_03,4,-1,0,111,0,5,0
11,3,0,2,wc_wave_03,5,-1,0,131,0,5,0
11,3,0,2,wc_wave_03,6,-1,0,99,0,5,0
11,3,0,2,wc_wave_03,7,-1,0,181,0,5,0
11,4,1,0,,0,7,0,768,0,3,0
11,4,1,0,,1,5,1,531,0,0,3
11,4,1,0,,2,4,1,800,1,1,2
11,4,1,0,,3,6,1,669,0,0,2
11,5,1,2,wc_wave_05,0,-1,0,192,0,5,0
11,5,1,2,wc_wave_05,1,-1,0,181,0,5,0
11,5,1,2,wc_wave_05,2,-1,0,194,0,5,0
11,5,1,2,wc_wave_05,3,-1,0,146,0,5,0
11,5,1,2,wc_wave_05,4,-1,0,204,0,5,0
11,5,1,2,wc_wave_05,5,-1,0,184,0,5,0
11,5,1,2,wc_wave_05,6,-1,0,246,0,5,0
11,5,1,2,wc_wave_05,7,-1,0,187,0,5,0
11,6,2,0,,0,1,1,614,0,0,2
11,6,2,0,,2,6,0,800,1,1,1
11,6,2,0,,3,7,1,800,1,1,2
11,6,2,0,,4,5,1,466,0,0,4
11,7,3,0,,0,6,0,800,1,1,2
11,7,3,0,,1,2,0,558,0,3,0
11,7,3,0,,3,5,1,700,0,0,2
11,7,3,0,,4,7,1,602,0,0,5
11,8,4,0,,0,4,0,618,0,2,0
11,8,4,0,,1,3,0,497,0,3,0
11,8,4,0,,2,5,1,600,0,0,4
11,8,4,0,,6,7,1,800,1,1,3
11,9,5,0,,0,2,1,559,0,0,4
11,9,5,0,,1,7,0,575,0,4,0
11,9,5,0,,3,4,0,487,0,4,0
11,9,5,0,,5,6,0,569,0,5,0
11,10,5,2,wc_wave_10,0,-1,0,155,0,6,0
11,10,5,2,wc_wave_10,1,-1,0,232,0,6,0
11,10,5,2,wc_wave_10,2,-1,0,364,0,5,0
11,10,5,2,wc_wave_10,3,-1,0,212,0,6,0
11,10,5,2,wc_wave_10,4,-1,0,292,0,6,0
11,10,5,2,wc_wave_10,5,-1,0,227,0,6,0
11,10,5,2,wc_wave_10,6,-1,0,269,0,6,0
11,10,5,2,wc_wave_10,7,-1,0,239,0,6,0
11,11,6,0,,0,5,0,638,0,3,0
11,11,6,0,,1,3,0,504,0,3,0
11,11,6,0,,2,7,0,641,0,5,0
11,11,6,0,,4,6,1,411,0,0,3
11,12,7,0,,0,3,0,397,0,3,0
11,12,7,0,,1,6,1,618,0,0,2
11,12,7,0,,2,4,0,464,0,3,0
11,12,7,0,,5,7,0,607,0,5,0
11,13,8,0,,0,5,0,696,0,2,0
11,13,8,0,,1,4,0,472,0,3,0
11,13,8,0,,2,3,0,756,0,1,0
11,13,8,0,,6,7,0,800,1,2,1
11,14,9,0,,0,4,0,367,0,3,0
11,14,9,0,,1,2,0,466,0,4,0
11,14,9,0,,3,7,1,800,1,1,2
11,14,9,0,,5,6,0,782,0,4,0
11,15,9,2,wc_wave_15,0,-1,0,256,0,5,0
11,15,9,2,wc_wave_15,1,-1,0,264,0,5,0
11,15,9,2,wc_wave_15,2,-1,0,283,0,5,0
11,15,9,2,wc_wave_15,3,-1,0,308,0,5,0
11,15,9,2,wc_wave_15,4,-1,0,335,0,5,0
11,15,9,2,wc_wave_15,5,-1,0,266,0,5,0
11,15,9,2,wc_wave_15,6,-1,0,335,0,4,0
11,15,9,2,wc_wave_15,7,-1,0,378,0,5,0
11,16,10,0,,0,2,0,521,0,3,0
11,16,10,0,,1,7,0,759,0,3,0
11,16,10,0,,3,6,1,491,0,0,3
11,16,10,0,,4,5,1,552,0,0,5
11,17,11,0,,0,1,0,554,0,3,0
11,17,11,0,,2,6,1,491,0,0,4
11,17,11,0,,3,4,1,794,0,0,2
11,17,11,0,,5,7,0,800,1,3,2
11,18,12,0,,0,7,0,528,0,4,0
11,18,12,0,,1,5,0,532,0,4,0
11,18,12,0,,2,3,0,570,0,4,0
11,18,12,0,,4,6,1,501,0,0,3
11,19,13,0,,0,6,0,553,0,2,0
11,19,13,0,,1,7,0,574,0,4,0
11,19,13,0,,2,5,1,779,0,0,1
11,20,13,2,wc_wave_20,0,-1,0,413,0,3,0
11,20,13,2,wc_wave_20,1,-1,0,471,0,5,0
11,20,13,2,wc_wave_20,2,-1,0,364,0,4,0
11,20,13,2,wc_wave_20,5,-1,0,488,0,3,0
11,20,13,2,wc_wave_20,6,-1,0,355,0,4,0
11,21,14,1,,0,2,0,477,0,3,0
11,21,14,0,,1,2,0,555,0,4,0
11,21,14,0,,5,6,0,738,0,1,0
11,22,15,1,,2,6,1,578,0,0,2
11,22,15,0,,0,5,0,585,0,3,0
11,22,15,0,,1,6,1,694,0,0,1
11,23,16,0,,0,6,1,741,0,0,1
11,23,16,0,,1,5,0,475,0,4,0
11,24,17,0,,0,5,0,578,0,3,0
11,24,17,0,,1,6,1,554,0,0,4
11,25,17,2,wc_wave_25,0,-1,0,389,0,5,0
11,25,17,2,wc_wave_25,1,-1,0,576,0,4,0
11,25,17,2,wc_wave_25,5,-1,1,580,0,0,3
11,25,17,2,wc_wave_25,6,-1,0,416,0,4,0
11,26,18,0,,0,1,0,554,0,2,0
11,26,18,0,,5,6,0,800,1,1,1
11,27,19,0,,0,6,0,617,0,2,0
11,27,19,0,,1,5,0,746,0,2,0
11,28,20,0,,0,1,1,755,0,0,1
11,28,20,0,,5,6,1,800,1,1,1
11,29,21,1,,6,1,1,741,0,0,1
11,29,21,0,,0,1,1,618,0,0,1
11,30,21,2,wc_wave_30,0,-1,0,582,0,2,0
11,30,21,2,wc_wave_30,1,-1,1,462,0,0,4
11,31,22,0,,0,1,1,617,0,0,1
11,32,23,0,,0,1,0,593,0,2,0
11,33,24,0,,0,1,0,554,0,2,0
12,1,0,2,wc_wave_01,0,-1,0,56,0,4,0
12,1,0,2,wc_wave_01,1,-1,0,82,0,4,0
12,1,0,2,wc_wave_01,2,-1,0,78,0,4,0
12,1,0,2,wc_wave_01,3,-1,0,89,0,4,0
12,1,0,2,wc_wave_01,4,-1,0,82,0,4,0
12,1,0,2,wc_wave_01,5,-1,0,37,0,4,0
12,1,0,2,wc_wave_01,6,-1,0,67,0,4,0
12,1,0,2,wc_wave_01,7,-1,0,68,0,4,0
12,2,0,2,wc_wave_02,0,-1,0,98,0,4,0
12,2,0,2,wc_wave_02,1,-1,0,98,0,4,0
12,2,0,2,wc_wave_02,2,-1,0,134,0,4,0
12,2,0,2,wc_wave_02,3,-1,0,124,0,4,0
12,2,0,2,wc_wave_02,4,-1,0,147,0,4,0
12,2,0,2,wc_wave_02,5,-1,0,99,0,4,0
12,2,0,2,wc_wave_02,6,-1,0,96,0,4,0
12,2,0,2,wc_wave_02,7,-1,0,99,0,4,0
12,3,0,2,wc_wave_03,0,-1,0,133,0,5,0
12,3,0,2,wc_wave_03,1,-1,0,111,0,5,0
12,3,0,2,wc_wave_03,2,-1,0,183,0,5,0
12,3,0,2,wc_wave_03,3,-1,0,140,0,5,0
12,3,0,2,wc_wave_03,4,-1,0,148,0,5,0
12,3,0,2,wc_wave_03,5,-1,0,112,0,5,0
12,3,0,2,wc_wave_03,6,-1,0,105,0,5,0
12,3,0,2,wc_wave_03,7,-1,0,141,0,5,0
12,4,1,0,,0,1,0,648,0,1,0
12,4,1,0,,2,6,1,669,0,0,4
12,4,1,0,,3,7,1,588,0,0,3
12,4,1,0,,4,5,1,800,1,1,2
12,5,1,2,wc_wave_05,0,-1,0,200,0,5,0
12,5,1,2,wc_wave_05,1,-1,0,115,0,5,0
12,5,1,2,wc_wave_05,2,-1,0,308,0,5,0
12,5,1,2,wc_wave_05,3,-1,0,146,0,5,0
12,5,1,2,wc_wave_05,4,-1,0,196,0,5,0
12,5,1,2,wc_wave_05,5,-1,0,191,0,5,0
12,5,1,2,wc_wave_05,6,-1,0,221,0,5,0
12,5,1,2,wc_wave_05,7,-1,0,212,0,5,0
12,6,2,0,,0,6,1,800,1,2,2
12,6,2,0,,1,5,1,655,0,0,2
12,6,2,0,,2,3,1,741,0,0,4
12,6,2,0,,4,7,0,708,0,5,0
12,7,3,0,,0,5,1,800,1,1,2
12,7,3,0,,1,4,0,622,0,5,0
12,7,3,0,,2,7,1,792,0,0,4
12,7,3,0,,3,6,1,610,0,0,3
12,8,4,0,,0,7,0,656,0,3,0
12,8,4,0,,1,2,0,484,0,5,0
12,8,4,0,,3,5,1,375,0,0,6
12,8,4,0,,4,6,0,792,0,4,0
12,9,5,0,,0,4,1,800,1,1,2
12,9,5,0,,1,3,0,344,0,6,0
12,9,5,0,,2,5,1,735,0,0,4
12,9,5,0,,6,7,1,721,0,0,2
12,10,5,2,wc_wave_10,0,-1,0,202,0,6,0
12,10,5,2,wc_wave_10,1,-1,0,190,0,6,0
12,10,5,2,wc_wave_10,2,-1,0,291,0,6,0
12,10,5,2,wc_wave_10,3,-1,0,251,0,6,0
12,10,5,2,wc_wave_10,4,-1,0,303,0,6,0
12,10,5,2,wc_wave_10,5,-1,0,250,0,6,0
12,10,5,2,wc_wave_10,6,-1,0,302,0,6,0
12,10,5,2,wc_wave_10,7,-1,0,251,0,6,0
12,11,6,0,,0,3,0,481,0,3,0
12,11,6,0,,1,6,0,570,0,3,0
12,11,6,0,,2,4,0,800,1,5,1
12,11,6,0,,5,7,0,540,0,3,0
12,12,7,0,,0,2,0,537,0,4,0
12,12,7,0,,1,7,0,567,0,2,0
12,12,7,0,,3,4,1,628,0,0,5
12,12,7,0,,5,6,0,624,0,3,0
12,13,8,0,,0,7,1,497,0,0,3
12,13,8,0,,1,4,0,770,0,2,0
12,13,8,0,,2,6,0,800,1,4,2
12,13,8,0,,3,5,1,450,0,0,3
12,14,9,0,,0,2,0,600,0,3,0
12,14,9,0,,1,5,1,800,1,1,3
12,14,9,0,,3,7,1,417,0,0,4
12,14,9,0,,4,6,0,800,1,4,2
12,15,9,2,wc_wave_15,0,-1,0,203,0,5,0
12,15,9,2,wc_wave_15,1,-1,0,286,0,6,0
12,15,9,2,wc_wave_15,2,-1,0,459,0,5,0
12,15,9,2,wc_wave_15,3,-1,0,308,0,5,0
12,15,9,2,wc_wave_15,4,-1,0,384,0,6,0
12,15,9,2,wc_wave_15,5,-1,0,293,0,5,0
12,15,9,2,wc_wave_15,6,-1,0,418,0,5,0
12,15,9,2,wc_wave_15,7,-1,0,308,0,5,0
12,16,10,0,,0,1,1,506,0,0,4
12,16,10,0,,2,4,1,800,1,1,4
12,16,10,0,,3,6,0,800,1,1,1
12,16,10,0,,5,7,0,666,0,2,0
12,17,11,0,,0,5,1,549,0,0,1
12,17,11,0,,1,2,0,543,0,5,0
12,17,11,0,,3,4,1,800,1,1,3
12,17,11,0,,6,7,1,550,0,0,5
12,18,12,0,,0,6,0,506,0,5,0
12,18,12,0,,1,7,1,729,0,0,2
12,18,12,0,,4,5,1,727,0,0,3
12,19,13,1,,5,1,0,800,1,3,1
12,19,13,0,,0,1,0,703,0,3,0
12,19,13,0,,4,7,1,678,0,0,4
12,20,13,2,wc_wave_20,0,-1,0,438,0,3,0
12,20,13,2,wc_wave_20,1,-1,0,462,0,2,0
12,20,13,2,wc_wave_20,4,-1,0,760,0,1,0
12,20,13,2,wc_wave_20,5,-1,0,547,0,2,0
12,20,13,2,wc_wave_20,7,-1,1,569,0,0,1
12,21,14,1,,0,4,0,580,0,4,0
12,21,14,0,,1,4,1,800,1,1,3
12,21,14,0,,5,7,1,685,0,0,3
12,22,15,1,,1,7,0,800,1,1,1
12,22,15,0,,0,5,0,535,0,3,0
12,22,15,0,,4,7,1,598,0,0,4
12,23,16,1,,7,0,1,518,0,0,4
12,23,16,0,,0,1,1,700,0,0,2
12,23,16,0,,4,5,1,632,0,0,3
12,24,17,0,,0,5,0,454,0,3,0
12,24,17,0,,1,7,0,729,0,3,0
12,25,17,2,wc_wave_25,0,-1,0,446,0,3,0
12,25,17,2,wc_wave_25,1,-1,0,736,0,2,0
12,25,17,2,wc_wave_25,5,-1,0,480,0,3,0
12,25,17,2,wc_wave_25,7,-1,0,507,0,1,0
12,26,18,0,,0,7,0,655,0,1,0
12,26,18,0,,1,5,0,663,0,2,0
12,27,19,0,,0,1,0,661,0,4,0
12,27,19,0,,5,7,1,576,0,0,3
12,28,20,0,,0,7,0,679,0,1,0
12,28,20,0,,1,5,0,688,0,3,0
12,29,21,1,,0,5,0,475,0,3,0
12,29,21,0,,1,5,0,553,0,4,0
12,30,21,2,wc_wave_30,0,-1,1,444,0,0,4
12,30,21,2,wc_wave_30,1,-1,1,516,0,0,4
12,31,22,0,,0,1,0,618,0,4,0
13,1,0,2,wc_wave_01,0,-1,0,76,0,4,0
13,1,0,2,wc_wave_01,1,-1,0,76,0,4,0
13,1,0,2,wc_wave_01,2,-1,0,84,0,4,0
13,1,0,2,wc_wave_01,3,-1,0,58,0,4,0
13,1,0,2,wc_wave_01,4,-1,0,105,0,4,0
13,1,0,2,wc_wave_01,5,-1,0,58,0,4,0
13,1,0,2,wc_wave_01,6,-1,0,76,0,4,0
13,1,0,2,wc_wave_01,7,-1,0,84,0,4,0
13,2,0,2,wc_wave_02,0,-1,0,112,0,4,0
13,2,0,2,wc_wave_02,1,-1,0,82,0,4,0
13,2,0,2,wc_wave_02,2,-1,0,127,0,4,0
13,2,0,2,wc_wave_02,3,-1,0,98,0,4,0
13,2,0,2,wc_wave_02,4,-1,0,119,0,4,0
13,2,0,2,wc_wave_02,5,-1,0,87,0,4,0
13,2,0,2,wc_wave_02,6,-1,0,125,0,4,0
13,2,0,2,wc_wave_02,7,-1,0,149,0,4,0
13,3,0,2,wc_wave_03,0,-1,0,132,0,5,0
13,3,0,2,wc_wave_03,1,-1,0,124,0,5,0
13,3,0,2,wc_wave_03,2,-1,0,137,0,5,0
13,3,0,2,wc_wave_03,3,-1,0,98,0,5,0
13,3,0,2,wc_wave_03,4,-1,0,148,0,5,0
13,3,0,2,wc_wave_03,5,-1,0,101,0,5,0
13,3,0,2,wc_wave_03,6,-1,0,133,0,5,0
13,3,0,2,wc_wave_03,7,-1,0,170,0,5,0
13,4,1,0,,0,4,0,671,0,4,0
13,4,1,0,,1,7,1,602,0,0,5
13,4,1,0,,2,5,0,657,0,4,0
13,4,1,0,,3,6,0,800,1,3,1
13,5,1,2,wc_wave_05,0,-1,0,212,0,5,0
13,5,1,2,wc_wave_05,1,-1,0,173,0,5,0
13,5,1,2,wc_wave_05,2,-1,0,227,0,5,0
13,5,1,2,wc_wave_05,3,-1,0,201,0,5,0
13,5,1,2,wc_wave_05,4,-1,0,196,0,5,0
13,5,1,2,wc_wave_05,5,-1,0,181,0,5,0
13,5,1,2,wc_wave_05,6,-1,0,182,0,5,0
13,5,1,2,wc_wave_05,7,-1,0,246,0,5,0
13,6,2,0,,0,3,0,800,1,2,3
13,6,2,0,,1,2,0,735,0,4,0
13,6,2,0,,4,5,0,613,0,3,0
13,6,2,0,,6,7,0,743,0,3,0
13,7,3,0,,0,7,1,800,1,2,3
13,7,3,0,,1,5,0,432,0,5,0
13,7,3,0,,2,3,0,747,0,4,0
13,7,3,0,,4,6,1,716,0,0,4
13,8,4,0,,0,1,1,800,1,1,4
13,8,4,0,,2,6,1,800,1,1,3
13,8,4,0,,3,4,1,691,0,0,3
13,8,4,0,,5,7,1,643,0,0,3
13,9,5,0,,0,2,0,800,1,5,1
13,9,5,0,,1,6,0,800,1,3,1
13,9,5,0,,3,5,1,399,0,0,4
13,9,5,0,,4,7,1,728,0,0,3
13,10,5,2,wc_wave_10,0,-1,0,438,0,6,0
13,10,5,2,wc_wave_10,1,-1,0,242,0,6,0
13,10,5,2,wc_wave_10,2,-1,0,322,0,6,0
13,10,5,2,wc_wave_10,3,-1,0,269,0,6,0
13,10,5,2,wc_wave_10,4,-1,0,301,0,6,0
13,10,5,2,wc_wave_10,5,-1,0,312,0,6,0
13,10,5,2,wc_wave_10,6,-1,0,251,0,6,0
13,10,5,2,wc_wave_10,7,-1,0,294,0,4,0
13,11,6,0,,0,4,0,800,1,4,2
13,11,6,0,,1,3,0,426,0,6,0
13,11,6,0,,2,7,0,800,1,3,1
13,11,6,0,,5,6,0,800,1,3,1
13,12,7,0,,0,6,0,800,1,3,2
13,12,7,0,,1,4,0,697,0,5,0
13,12,7,0,,2,5,0,800,1,5,1
13,12,7,0,,3,7,1,723,0,0,3
13,13,8,0,,0,5,0,757,0,5,0
13,13,8,0,,1,3,0,643,0,4,0
13,13,8,0,,2,4,0,800,1,4,3
13,13,8,0,,6,7,0,693,0,3,0
13,14,9,0,,0,3,0,570,0,5,0
13,14,9,0,,1,2,0,800,1,5,1
13,14,9,0,,4,7,0,800,1,2,2
13,14,9,0,,5,6,0,800,1,4,1
13,15,9,2,wc_wave_15,0,-1,0,254,0,5,0
13,15,9,2,wc_wave_15,1,-1,0,235,0,5,0
13,15,9,2,wc_wave_15,2,-1,0,358,0,5,0
13,15,9,2,wc_wave_15,3,-1,0,342,0,4,0
13,15,9,2,wc_wave_15,4,-1,0,381,0,5,0
13,15,9,2,wc_wave_15,5,-1,0,221,0,6,0
13,15,9,2,wc_wave_15,6,-1,0,273,0,6,0
13,15,9,2,wc_wave_15,7,-1,0,259,0,6,0
13,16,10,0,,0,7,0,764,0,5,0
13,16,10,0,,1,5,1,800,1,1,2
13,16,10,0,,2,3,0,635,0,5,0
13,16,10,0,,4,6,1,800,1,1,4
13,17,11,1,,7,2,1,800,1,2,5
13,17,11,0,,0,5,0,800,1,3,2
13,17,11,0,,1,6,1,800,1,1,3
13,17,11,0,,2,4,0,800,1,4,3
13,18,12,1,,4,5,1,698,0,0,5
13,18,12,0,,0,1,1,800,1,3,3
13,18,12,0,,2,6,0,800,1,3,4
13,18,12,0,,5,7,0,571,0,4,0
13,19,13,0,,0,6,0,800,1,3,2
13,19,13,0,,1,7,0,556,0,4,0
13,19,13,0,,2,5,1,800,1,1,5
13,20,13,2,wc_wave_20,0,-1,0,431,0,4,0
13,20,13,2,wc_wave_20,1,-1,0,425,0,4,0
13,20,13,2,wc_wave_20,2,-1,0,669,0,3,0
13,20,13,2,wc_wave_20,5,-1,0,490,0,3,0
13,20,13,2,wc_wave_20,6,-1,0,449,0,4,0
13,20,13,2,wc_wave_20,7,-1,1,670,0,0,1
13,21,14,1,,1,5,0,800,1,3,1
13,21,14,0,,0,2,0,800,1,3,3
13,21,14,0,,5,6,0,800,1,3,1
13,22,15,1,,2,6,1,800,1,4,4
13,22,15,0,,0,5,0,743,0,4,0
13,22,15,0,,1,6,0,781,0,4,0
13,23,16,0,,0,1,0,800,1,2,2
13,23,16,0,,2,5,1,800,1,1,4
13,24,17,1,,0,5,1,800,1,3,3
13,24,17,0,,1,5,0,664,0,4,0
13,25,17,2,wc_wave_25,0,-1,0,644,0,4,0
13,25,17,2,wc_wave_25,1,-1,0,519,0,3,0
13,26,18,0,,0,1,0,800,1,3,1
13,27,19,0,,0,1,1,800,1,2,2
13,28,20,0,,0,1,1,800,1,2,3
13,29,21,0,,0,1,0,800,1,3,2
13,30,21,2,wc_wave_30,0,-1,1,598,0,0,3
13,30,21,2,wc_wave_30,1,-1,1,594,0,0,3
13,31,22,0,,0,1,1,800,1,1,4
13,32,23,0,,0,1,1,730,0,0,5
14,1,0,2,wc_wave_01,0,-1,0,93,0,4,0
14,1,0,2,wc_wave_01,1,-1,0,82,0,3,0
14,1,0,2,wc_wave_01,2,-1,0,68,0,4,0
14,1,0,2,wc_wave_01,3,-1,0,34,0,4,0
14,1,0,2,wc_wave_01,4,-1,0,76,0,4,0
14,1,0,2,wc_wave_01,5,-1,0,82,0,4,0
14,1,0,2,wc_wave_01,6,-1,0,89,0,3,0
14,1,0,2,wc_wave_01,7,-1,0,56,0,4,0
14,2,0,2,wc_wave_02,0,-1,0,146,0,4,0
14,2,0,2,wc_wave_02,1,-1,0,98,0,4,0
14,2,0,2,wc_wave_02,2,-1,0,127,0,4,0
14,2,0,2,wc_wave_02,3,-1,0,105,0,4,0
14,2,0,2,wc_wave_02,4,-1,0,80,0,4,0
14,2,0,2,wc_wave_02,5,-1,0,119,0,4,0
14,2,0,2,wc_wave_02,6,-1,0,86,0,4,0
14,2,0,2,wc_wave_02,7,-1,0,100,0,4,0
14,3,0,2,wc_wave_03,0,-1,0,124,0,5,0
14,3,0,2,wc_wave_03,1,-1,0,119,0,5,0
14,3,0,2,wc_wave_03,2,-1,0,183,0,5,0
14,3,0,2,wc_wave_03,3,-1,0,117,0,5,0
14,3,0,2,wc_wave_03,4,-1,0,102,0,5,0
14,3,0,2,wc_wave_03,5,-1,0,136,0,5,0
14,3,0,2,wc_wave_03,6,-1,0,124,0,5,0
14,3,0,2,wc_wave_03,7,-1,0,117,0,5,0
14,4,1,0,,0,7,1,800,1,2,3
14,4,1,0,,1,6,1,800,1,1,3
14,4,1,0,,2,4,1,788,0,0,4
14,4,1,0,,3,5,1,349,0,0,5
14,5,1,2,wc_wave_05,0,-1,0,158,0,5,0
14,5,1,2,wc_wave_05,1,-1,0,251,0,5,0
14,5,1,2,wc_wave_05,2,-1,0,212,0,5,0
14,5,1,2,wc_wave_05,3,-1,0,210,0,5,0
14,5,1,2,wc_wave_05,4,-1,0,173,0,5,0
14,5,1,2,wc_wave_05,5,-1,0,205,0,5,0
14,5,1,2,wc_wave_05,6,-1,0,187,0,5,0
14,5,1,2,wc_wave_05,7,-1,0,190,0,5,0
14,6,2,0,,0,2,1,800,1,1,2
14,6,2,0,,1,4,1,595,0,0,5
14,6,2,0,,3,6,1,360,0,0,5
14,6,2,0,,5,7,0,759,0,4,0
14,7,3,0,,0,6,1,800,1,3,3
14,7,3,0,,1,7,1,480,0,0,5
14,7,3,0,,2,3,0,485,0,5,0
14,7,3,0,,4,5,0,684,0,4,0
14,8,4,0,,0,4,1,800,1,1,3
14,8,4,0,,1,5,1,562,0,0,4
14,8,4,0,,2,6,0,800,1,3,1
14,8,4,0,,3,7,1,459,0,0,3
14,9,5,0,,0,1,0,624,0,5,0
14,9,5,0,,2,7,1,467,0,0,5
14,9,5,0,,3,4,1,508,0,0,4
14,9,5,0,,5,6,1,618,0,0,3
14,10,5,2,wc_wave_10,0,-1,0,240,0,6,0
14,10,5,2,wc_wave_10,1,-1,0,245,0,5,0
14,10,5,2,wc_wave_10,2,-1,0,288,0,6,0
14,10,5,2,wc_wave_10,3,-1,0,191,0,6,0
14,10,5,2,wc_wave_10,4,-1,0,244,0,6,0
14,10,5,2,wc_wave_10,5,-1,0,273,0,6,0
14,10,5,2,wc_wave_10,6,-1,0,187,0,6,0
14,10,5,2,wc_wave_10,7,-1,0,161,0,6,0
14,11,6,0,,0,6,1,636,0,0,5
14,11,6,0,,1,3,1,374,0,0,5
14,11,6,0,,2,5,1,800,1,3,4
14,11,6,0,,4,7,1,523,0,0,4
14,12,7,0,,0,5,1,800,1,1,4
14,12,7,0,,1,2,1,524,0,0,6
14,12,7,0,,3,4,1,461,0,0,5
14,12,7,0,,6,7,0,559,0,2,0
14,13,8,0,,0,3,0,663,0,2,0
14,13,8,0,,1,7,1,294,0,0,6
14,13,8,0,,2,5,1,703,0,0,4
14,13,8,0,,4,6,1,641,0,0,4
14,14,9,0,,0,1,0,548,0,5,0
14,14,9,0,,2,6,1,774,0,0,3
14,14,9,0,,3,7,1,426,0,0,3
14,14,9,0,,4,5,0,800,1,3,2
14,15,9,2,wc_wave_15,0,-1,0,324,0,4,0
14,15,9,2,wc_wave_15,2,-1,0,363,0,4,0
14,15,9,2,wc_wave_15,3,-1,0,266,0,5,0
14,15,9,2,wc_wave_15,4,-1,0,379,0,5,0
14,15,9,2,wc_wave_15,5,-1,0,393,0,5,0
14,15,9,2,wc_wave_15,6,-1,0,324,0,5,0
14,15,9,2,wc_wave_15,7,-1,0,240,0,5,0
14,16,10,1,,7,4,0,489,0,3,0
14,16,10,0,,0,2,0,800,1,3,1
14,16,10,0,,3,5,1,568,0,0,4
14,16,10,0,,4,6,1,695,0,0,5
14,17,11,0,,0,7,1,460,0,0,5
14,17,11,0,,2,4,1,613,0,0,6
14,17,11,0,,5,6,1,800,1,1,2
14,18,12,0,,0,4,0,800,1,4,2
14,18,12,0,,2,6,1,526,0,0,5
14,18,12,0,,5,7,1,549,0,0,3
14,19,13,1,,0,5,1,800,1,1,3
14,19,13,0,,4,5,1,800,1,2,2
14,19,13,0,,6,7,0,469,0,4,0
14,20,13,2,wc_wave_20,0,-1,1,716,0,0,1
14,20,13,2,wc_wave_20,4,-1,1,690,0,0,1
14,20,13,2,wc_wave_20,5,-1,0,560,0,2,0
14,20,13,2,wc_wave_20,6,-1,0,357,0,5,0
14,20,13,2,wc_wave_20,7,-1,0,394,0,3,0
14,21,14,1,,5,6,1,684,0,0,3
14,21,14,0,,0,7,1,486,0,0,4
14,21,14,0,,4,6,1,578,0,0,4
14,22,15,0,,4,5,1,735,0,0,4
14,22,15,0,,6,7,0,509,0,2,0
14,23,16,1,,6,5,0,684,0,3,0
14,23,16,0,,5,7,1,800,1,1,2
14,24,17,1,,5,7,1,800,1,1,1
14,24,17,0,,6,7,0,581,0,2,0
14,25,17,2,wc_wave_25,5,-1,0,549,0,4,0
14,25,17,2,wc_wave_25,6,-1,0,449,0,4,0
14,25,17,2,wc_wave_25,7,-1,0,452,0,2,0
14,26,18,1,,7,6,1,461,0,0,4
14,26,18,0,,5,6,1,685,0,0,4
14,27,19,0,,6,7,0,506,0,3,0
14,28,20,0,,6,7,0,583,0,3,0
15,1,0,2,wc_wave_01,0,-1,0,82,0,4,0
15,1,0,2,wc_wave_01,1,-1,0,82,0,4,0
15,1,0,2,wc_wave_01,2,-1,0,78,0,4,0
15,1,0,2,wc_wave_01,3,-1,0,58,0,4,0
15,1,0,2,wc_wave_01,4,-1,0,85,0,4,0
15,1,0,2,wc_wave_01,5,-1,0,56,0,4,0
15,1,0,2,wc_wave_01,6,-1,0,82,0,4,0
15,1,0,2,wc_wave_01,7,-1,0,82,0,4,0
15,2,0,2,wc_wave_02,0,-1,0,119,0,4,0
15,2,0,2,wc_wave_02,1,-1,0,100,0,4,0
15,2,0,2,wc_wave_02,2,-1,0,105,0,4,0
15,2,0,2,wc_wave_02,3,-1,0,98,0,4,0
15,2,0,2,wc_wave_02,4,-1,0,106,0,4,0
15,2,0,2,wc_wave_02,5,-1,0,97,0,4,0
15,2,0,2,wc_wave_02,6,-1,0,110,0,4,0
15,2,0,2,wc_wave_02,7,-1,0,99,0,4,0
15,3,0,2,wc_wave_03,0,-1,0,137,0,5,0
15,3,0,2,wc_wave_03,1,-1,0,99,0,5,0
15,3,0,2,wc_wave_03,2,-1,0,137,0,5,0
15,3,0,2,wc_wave_03,3,-1,0,103,0,5,0
15,3,0,2,wc_wave_03,4,-1,0,117,0,5,0
15,3,0,2,wc_wave_03,5,-1,0,98,0,5,0
15,3,0,2,wc_wave_03,6,-1,0,131,0,5,0
15,3,0,2,wc_wave_03,7,-1,0,134,0,5,0
15,4,1,0,,0,3,0,800,1,3,1
15,4,1,0,,1,2,0,648,0,3,0
15,4,1,0,,4,7,1,800,1,1,1
15,4,1,0,,5,6,1,688,0,0,2
15,5,1,2,wc_wave_05,0,-1,0,237,0,5,0
15,5,1,2,wc_wave_05,1,-1,0,173,0,5,0
15,5,1,2,wc_wave_05,2,-1,0,250,0,5,0
15,5,1,2,wc_wave_05,3,-1,0,185,0,5,0
15,5,1,2,wc_wave_05,4,-1,0,173,0,5,0
15,5,1,2,wc_wave_05,5,-1,0,174,0,5,0
15,5,1,2,wc_wave_05,6,-1,0,155,0,5,0
15,5,1,2,wc_wave_05,7,-1,0,162,0,5,0
15,6,2,0,,0,7,1,558,0,0,4
15,6,2,0,,1,6,1,714,0,0,1
15,6,2,0,,2,5,0,631,0,4,0
15,6,2,0,,3,4,1,552,0,0,4
15,7,3,0,,0,5,0,800,1,3,2
15,7,3,0,,1,7,1,800,1,1,2
15,7,3,0,,2,3,0,615,0,3,0
15,7,3,0,,4,6,1,438,0,0,5
15,8,4,0,,0,4,0,449,0,5,0
15,8,4,0,,1,3,0,469,0,4,0
15,8,4,0,,2,6,1,706,0,0,4
15,8,4,0,,5,7,1,606,0,0,5
15,9,5,0,,0,2,0,800,1,3,1
15,9,5,0,,1,4,0,472,0,3,0
15,9,5,0,,3,5,0,556,0,2,0
15,9,5,0,,6,7,0,686,0,2,0
15,10,5,2,wc_wave_10,0,-1,0,312,0,6,0
15,10,5,2,wc_wave_10,1,-1,0,205,0,5,0
15,10,5,2,wc_wave_10,2,-1,0,282,0,6,0
15,10,5,2,wc_wave_10,3,-1,0,189,0,6,0
15,10,5,2,wc_wave_10,4,-1,0,302,0,5,0
15,10,5,2,wc_wave_10,5,-1,0,262,0,5,0
15,10,5,2,wc_wave_10,6,-1,0,202,0,6,0
15,10,5,2,wc_wave_10,7,-1,0,243,0,6,0
15,11,6,0,,0,6,0,800,1,2,2
15,11,6,0,,1,5,0,647,0,4,0
15,11,6,0,,2,4,0,800,1,3,1
15,11,6,0,,3,7,1,597,0,0,3
15,12,7,0,,0,1,0,800,1,3,1
15,12,7,0,,2,7,0,800,1,2,1
15,12,7,0,,3,6,1,515,0,0,4
15,12,7,0,,4,5,0,800,1,2,1
15,13,8,0,,0,7,0,724,0,3,0
15,13,8,0,,1,2,1,754,0,0,3
15,13,8,0,,3,4,1,577,0,0,3
15,13,8,0,,5,6,1,606,0,0,4
15,14,9,0,,0,2,1,800,1,1,3
15,14,9,0,,1,3,0,679,0,3,0
15,14,9,0,,4,6,1,598,0,0,6
15,14,9,0,,5,7,1,647,0,0,2
15,15,9,2,wc_wave_15,0,-1,0,323,0,6,0
15,15,9,2,wc_wave_15,1,-1,0,338,0,5,0
15,15,9,2,wc_wave_15,2,-1,0,329,0,5,0
15,15,9,2,wc_wave_15,3,-1,0,233,0,5,0
15,15,9,2,wc_wave_15,4,-1,0,324,0,6,0
15,15,9,2,wc_wave_15,5,-1,0,346,0,5,0
15,15,9,2,wc_wave_15,6,-1,0,314,0,6,0
15,15,9,2,wc_wave_15,7,-1,0,306,0,6,0
15,16,10,0,,0,5,0,618,0,4,0
15,16,10,0,,1,7,0,705,0,6,0
15,16,10,0,,2,4,1,800,1,2,3
15,16,10,0,,3,6,1,516,0,0,4
15,17,11,1,,3,7,1,521,0,0,4
15,17,11,0,,0,1,0,800,1,2,2
15,17,11,0,,2,6,1,790,0,0,2
15,17,11,0,,4,7,1,759,0,0,2
15,18,12,0,,0,4,0,800,1,3,2
15,18,12,0,,1,6,1,800,1,1,3
15,18,12,0,,2,7,1,800,1,1,3
15,19,13,0,,0,2,0,732,0,4,0
15,19,13,0,,1,4,0,800,1,2,1
15,19,13,0,,6,7,0,760,0,3,0
15,20,13,2,wc_wave_20,0,-1,1,775,0,0,1
15,20,13,2,wc_wave_20,1,-1,0,584,0,2,0
15,20,13,2,wc_wave_20,2,-1,0,780,0,1,0
15,20,13,2,wc_wave_20,4,-1,0,619,0,1,0
15,20,13,2,wc_wave_20,6,-1,0,472,0,3,0
15,20,13,2,wc_wave_20,7,-1,0,593,0,3,0
15,21,14,0,,0,6,0,800,1,2,1
15,21,14,0,,1,7,0,784,0,4,0
15,21,14,0,,2,4,0,800,1,4,1
15,22,15,1,,0,1,0,745,0,5,0
15,22,15,0,,1,6,1,800,1,1,3
15,22,15,0,,2,7,0,800,1,2,2
15,23,16,1,,1,2,0,788,0,3,0
15,23,16,0,,0,7,0,633,0,5,0
15,23,16,0,,2,6,1,800,1,1,2
15,24,17,0,,0,2,1,800,1,2,4
15,24,17,0,,1,6,1,800,1,1,3
15,25,17,2,wc_wave_25,0,-1,0,643,0,3,0
15,25,17,2,wc_wave_25,1,-1,1,800,1,1,2
15,25,17,2,wc_wave_25,2,-1,1,786,0,0,2
15,25,17,2,wc_wave_25,6,-1,0,630,0,2,0
15,26,18,0,,0,6,0,725,0,3,0
15,26,18,0,,1,2,0,800,1,3,2
15,27,19,1,,6,1,1,800,1,1,1
15,27,19,0,,0,1,0,690,0,5,0
15,28,20,0,,0,6,1,800,1,1,5
15,29,21,0,,0,6,1,800,1,1,3
15,30,21,2,wc_wave_30,0,-1,1,443,0,0,5
15,30,21,2,wc_wave_30,6,-1,1,502,0,0,3
15,31,22,0,,0,6,0,800,1,2,2
15,32,23,0,,0,6,1,800,1,1,3
15,33,24,0,,0,6,1,800,1,1,2
16,1,0,2,wc_wave_01,0,-1,0,58,0,4,0
16,1,0,2,wc_wave_01,1,-1,0,34,0,4,0
16,1,0,2,wc_wave_01,2,-1,0,76,0,4,0
16,1,0,2,wc_wave_01,3,-1,0,82,0,4,0
16,1,0,2,wc_wave_01,4,-1,0,35,0,4,0
16,1,0,2,wc_wave_01,5,-1,0,56,0,4,0
16,1,0,2,wc_wave_01,6,-1,0,105,0,4,0
16,1,0,2,wc_wave_01,7,-1,0,58,0,4,0
16,2,0,2,wc_wave_02,0,-1,0,96,0,4,0
16,2,0,2,wc_wave_02,1,-1,0,82,0,4,0
16,2,0,2,wc_wave_02,2,-1,0,132,0,4,0
16,2,0,2,wc_wave_02,3,-1,0,96,0,4,0
16,2,0,2,wc_wave_02,4,-1,0,105,0,4,0
16,2,0,2,wc_wave_02,5,-1,0,99,0,4,0
16,2,0,2,wc_wave_02,6,-1,0,119,0,4,0
16,2,0,2,wc_wave_02,7,-1,0,85,0,4,0
16,3,0,2,wc_wave_03,0,-1,0,112,0,5,0
16,3,0,2,wc_wave_03,1,-1,0,99,0,5,0
16,3,0,2,wc_wave_03,2,-1,0,174,0,5,0
16,3,0,2,wc_wave_03,3,-1,0,86,0,5,0
16,3,0,2,wc_wave_03,4,-1,0,105,0,5,0
16,3,0,2,wc_wave_03,5,-1,0,105,0,5,0
16,3,0,2,wc_wave_03,6,-1,0,167,0,5,0
16,3,0,2,wc_wave_03,7,-1,0,117,0,5,0
16,4,1,0,,0,4,1,331,0,0,2
16,4,1,0,,1,2,0,530,0,5,0
16,4,1,0,,3,7,0,709,0,1,0
16,4,1,0,,5,6,1,700,0,0,2
16,5,1,2,wc_wave_05,0,-1,0,203,0,5,0
16,5,1,2,wc_wave_05,1,-1,0,157,0,5,0
16,5,1,2,wc_wave_05,2,-1,0,243,0,5,0
16,5,1,2,wc_wave_05,3,-1,0,139,0,5,0
16,5,1,2,wc_wave_05,4,-1,0,146,0,5,0
16,5,1,2,wc_wave_05,5,-1,0,193,0,5,0
16,5,1,2,wc_wave_05,6,-1,0,174,0,5,0
16,5,1,2,wc_wave_05,7,-1,0,148,0,5,0
16,6,2,0,,0,2,0,698,0,4,0
16,6,2,0,,1,4,1,481,0,0,2
16,6,2,0,,3,5,0,718,0,5,0
16,6,2,0,,6,7,1,639,0,0,2
16,7,3,0,,0,6,1,800,1,1,2
16,7,3,0,,1,3,0,770,0,2,0
16,7,3,0,,2,4,1,631,0,0,5
16,7,3,0,,5,7,1,603,0,0,6
16,8,4,0,,0,5,0,800,1,3,2
16,8,4,0,,1,6,0,633,0,2,0
16,8,4,0,,2,7,1,800,1,1,4
16,8,4,0,,3,4,1,538,0,0,4
16,9,5,0,,0,3,0,798,0,3,0
16,9,5,0,,1,7,1,570,0,0,3
16,9,5,0,,2,6,1,800,1,2,5
16,9,5,0,,4,5,0,709,0,5,0
16,10,5,2,wc_wave_10,0,-1,0,276,0,6,0
16,10,5,2,wc_wave_10,1,-1,0,251,0,6,0
16,10,5,2,wc_wave_10,2,-1,0,535,0,6,0
16,10,5,2,wc_wave_10,3,-1,0,266,0,6,0
16,10,5,2,wc_wave_10,4,-1,0,192,0,6,0
16,10,5,2,wc_wave_10,5,-1,0,442,0,6,0
16,10,5,2,wc_wave_10,6,-1,0,316,0,6,0
16,10,5,2,wc_wave_10,7,-1,0,262,0,5,0
16,11,6,0,,0,1,1,800,1,1,1
16,11,6,0,,2,5,1,800,1,5,6
16,11,6,0,,3,6,0,490,0,4,0
16,11,6,0,,4,7,0,709,0,3,0
16,12,7,0,,0,7,0,800,1,2,1
16,12,7,0,,1,5,1,800,1,2,2
16,12,7,0,,2,3,1,656,0,0,5
16,12,7,0,,4,6,1,760,0,0,3
16,13,8,0,,0,2,0,800,1,4,1
16,13,8,0,,1,3,1,780,0,0,1
16,13,8,0,,4,5,1,800,1,2,3
16,13,8,0,,6,7,1,800,1,1,2
16,14,9,0,,0,5,1,800,1,2,2
16,14,9,0,,1,7,0,751,0,1,0
16,14,9,0,,2,4,0,800,1,3,2
16,14,9,0,,3,6,0,495,0,5,0
16,15,9,2,wc_wave_15,0,-1,0,388,0,4,0
16,15,9,2,wc_wave_15,1,-1,0,267,0,5,0
16,15,9,2,wc_wave_15,2,-1,0,416,0,5,0
16,15,9,2,wc_wave_15,3,-1,0,232,0,5,0
16,15,9,2,wc_wave_15,4,-1,0,276,0,5,0
16,15,9,2,wc_wave_15,5,-1,0,311,0,5,0
16,15,9,2,wc_wave_15,6,-1,0,409,0,4,0
16,15,9,2,wc_wave_15,7,-1,0,337,0,5,0
16,16,10,0,,0,7,-1,800,1,1,1
16,16,10,0,,1,2,1,800,1,2,2
16,16,10,0,,3,5,1,591,0,0,3
16,16,10,0,,4,6,0,495,0,3,0
16,17,11,0,,0,3,1,612,0,0,4
16,17,11,0,,1,4,0,450,0,4,0
16,17,11,0,,2,7,0,800,1,3,2
16,17,11,0,,5,6,0,551,0,6,0
16,18,12,0,,0,6,0,678,0,5,0
16,18,12,0,,1,5,1,648,0,0,2
16,18,12,0,,2,3,1,698,0,0,4
16,18,12,0,,4,7,0,608,0,2,0
16,19,13,1,,0,4,1,767,0,0,2
16,19,13,0,,1,6,0,411,0,4,0
16,19,13,0,,3,4,1,590,0,0,2
16,19,13,0,,5,7,0,516,0,6,0
16,20,13,2,wc_wave_20,0,-1,1,717,0,0,1
16,20,13,2,wc_wave_20,1,-1,0,361,0,4,0
16,20,13,2,wc_wave_20,3,-1,0,460,0,3,0
16,20,13,2,wc_wave_20,4,-1,0,475,0,2,0
16,20,13,2,wc_wave_20,5,-1,0,351,0,5,0
16,20,13,2,wc_wave_20,7,-1,0,542,0,1,0
16,21,14,0,,0,1,1,562,0,0,3
16,21,14,0,,3,7,0,571,0,3,0
16,21,14,0,,4,5,1,519,0,0,3
16,22,15,0,,0,4,1,502,0,0,4
16,22,15,0,,1,7,0,482,0,4,0
16,22,15,0,,3,5,1,537,0,0,4
16,23,16,1,,5,1,0,565,0,4,0
16,23,16,0,,0,1,1,528,0,0,4
16,23,16,0,,3,4,1,630,0,0,2
16,24,17,0,,1,4,0,466,0,4,0
16,24,17,0,,3,5,1,480,0,0,6
16,25,17,2,wc_wave_25,1,-1,0,443,0,3,0
16,25,17,2,wc_wave_25,4,-1,0,491,0,3,0
16,25,17,2,wc_wave_25,5,-1,0,456,0,5,0
16,26,18,1,,1,5,1,595,0,0,2
16,26,18,0,,4,5,1,575,0,0,5
16,27,19,1,,4,1,1,556,0,0,3
16,27,19,0,,1,5,1,625,0,0,3
16,28,20,0,,1,5,0,800,1,2,1
16,29,21,0,,1,5,1,690,0,0,3
16,30,21,2,wc_wave_30,1,-1,0,687,0,1,0
16,30,21,2,wc_wave_30,5,-1,0,600,0,3,0
16,31,22,0,,1,5,1,513,0,0,5
17,1,0,2,wc_wave_01,0,-1,0,76,0,4,0
17,1,0,2,wc_wave_01,1,-1,0,80,0,4,0
17,1,0,2,wc_wave_01,2,-1,0,83,0,4,0
17,1,0,2,wc_wave_01,3,-1,0,82,0,4,0
17,1,0,2,wc_wave_01,4,-1,0,76,0,4,0
17,1,0,2,wc_wave_01,5,-1,0,50,0,4,0
17,1,0,2,wc_wave_01,6,-1,0,82,0,4,0
17,1,0,2,wc_wave_01,7,-1,0,76,0,4,0
17,2,0,2,wc_wave_02,0,-1,0,112,0,4,0
17,2,0,2,wc_wave_02,1,-1,0,76,0,4,0
17,2,0,2,wc_wave_02,2,-1,0,98,0,4,0
17,2,0,2,wc_wave_02,3,-1,0,112,0,4,0
17,2,0,2,wc_wave_02,4,-1,0,106,0,4,0
17,2,0,2,wc_wave_02,5,-1,0,112,0,4,0
17,2,0,2,wc_wave_02,6,-1,0,99,0,4,0
17,2,0,2,wc_wave_02,7,-1,0,99,0,4,0
17,3,0,2,wc_wave_03,0,-1,0,143,0,5,0
17,3,0,2,wc_wave_03,1,-1,0,105,0,5,0
17,3,0,2,wc_wave_03,2,-1,0,165,0,5,0
17,3,0,2,wc_wave_03,3,-1,0,118,0,5,0
17,3,0,2,wc_wave_03,4,-1,0,142,0,5,0
17,3,0,2,wc_wave_03,5,-1,0,182,0,5,0
17,3,0,2,wc_wave_03,6,-1,0,107,0,5,0
17,3,0,2,wc_wave_03,7,-1,0,94,0,5,0
17,4,1,0,,0,6,1,750,0,0,3
17,4,1,0,,1,2,0,800,1,1,1
17,4,1,0,,3,5,0,536,0,4,0
17,4,1,0,,4,7,0,800,1,3,1
17,5,1,2,wc_wave_05,0,-1,0,202,0,5,0
17,5,1,2,wc_wave_05,1,-1,0,173,0,5,0
17,5,1,2,wc_wave_05,2,-1,0,191,0,5,0
17,5,1,2,wc_wave_05,3,-1,0,200,0,5,0
17,5,1,2,wc_wave_05,4,-1,0,189,0,5,0
17,5,1,2,wc_wave_05,5,-1,0,286,0,5,0
17,5,1,2,wc_wave_05,6,-1,0,248,0,5,0
17,5,1,2,wc_wave_05,7,-1,0,174,0,5,0
17,6,2,0,,0,5,1,800,1,1,2
17,6,2,0,,1,7,1,580,0,0,3
17,6,2,0,,2,4,0,800,1,3,1
17,6,2,0,,3,6,0,484,0,3,0
17,7,3,0,,0,1,1,615,0,0,3
17,7,3,0,,2,3,0,738,0,3,0
17,7,3,0,,4,6,0,653,0,5,0
17,7,3,0,,5,7,1,690,0,0,4
17,8,4,0,,0,4,1,651,0,0,4
17,8,4,0,,1,3,0,633,0,2,0
17,8,4,0,,2,5,0,615,0,4,0
17,8,4,0,,6,7,1,513,0,0,5
17,9,5,0,,0,2,1,656,0,0,6
17,9,5,0,,1,4,1,646,0,0,2
17,9,5,0,,3,7,1,612,0,0,3
17,9,5,0,,5,6,0,605,0,3,0
17,10,5,2,wc_wave_10,0,-1,0,452,0,5,0
17,10,5,2,wc_wave_10,1,-1,0,171,0,6,0
17,10,5,2,wc_wave_10,2,-1,0,273,0,6,0
17,10,5,2,wc_wave_10,3,-1,0,233,0,6,0
17,10,5,2,wc_wave_10,4,-1,0,274,0,5,0
17,10,5,2,wc_wave_10,5,-1,0,243,0,6,0
17,10,5,2,wc_wave_10,6,-1,0,328,0,5,0
17,10,5,2,wc_wave_10,7,-1,0,284,0,6,0
17,11,6,0,,0,3,0,800,1,3,1
17,11,6,0,,1,6,1,534,0,0,3
17,11,6,0,,2,7,1,800,1,2,2
17,11,6,0,,4,5,1,552,0,0,4
17,12,7,0,,0,7,1,663,0,0,5
17,12,7,0,,1,5,1,530,0,0,3
17,12,7,0,,2,6,0,665,0,5,0
17,12,7,0,,3,4,1,509,0,0,6
17,13,8,0,,0,4,1,800,1,1,4
17,13,8,0,,1,6,0,560,0,2,0
17,13,8,0,,2,3,0,517,0,6,0
17,13,8,0,,5,7,0,597,0,4,0
17,14,9,0,,0,5,1,432,0,0,4
17,14,9,0,,1,3,0,451,0,2,0
17,14,9,0,,2,4,0,732,0,5,0
17,14,9,0,,6,7,1,700,0,0,4
17,15,9,2,wc_wave_15,0,-1,0,625,0,3,0
17,15,9,2,wc_wave_15,1,-1,0,231,0,4,0
17,15,9,2,wc_wave_15,2,-1,0,281,0,6,0
17,15,9,2,wc_wave_15,3,-1,0,317,0,5,0
17,15,9,2,wc_wave_15,4,-1,0,344,0,5,0
17,15,9,2,wc_wave_15,5,-1,0,254,0,6,0
17,15,9,2,wc_wave_15,6,-1,0,430,0,5,0
17,15,9,2,wc_wave_15,7,-1,0,328,0,6,0
17,16,10,0,,0,3,0,547,0,5,0
17,16,10,0,,1,5,1,479,0,0,5
17,16,10,0,,2,6,0,640,0,5,0
17,16,10,0,,4,7,0,800,1,3,1
17,17,11,0,,0,7,1,800,1,1,4
17,17,11,0,,1,2,0,800,1,2,1
17,17,11,0,,3,6,0,800,1,2,1
17,17,11,0,,4,5,1,404,0,0,4
17,18,12,0,,1,4,0,512,0,3,0
17,18,12,0,,2,5,1,556,0,0,4
17,18,12,0,,3,7,1,722,0,0,3
17,19,13,1,,1,7,0,636,0,4,0
17,19,13,0,,2,7,0,800,1,4,2
17,19,13,0,,4,5,1,382,0,0,5
17,20,13,2,wc_wave_20,1,-1,0,441,0,2,0
17,20,13,2,wc_wave_20,2,-1,0,631,0,1,0
17,20,13,2,wc_wave_20,4,-1,1,614,0,0,1
17,20,13,2,wc_wave_20,5,-1,0,412,0,3,0
17,20,13,2,wc_wave_20,7,-1,0,510,0,3,0
17,21,14,1,,2,1,1,800,1,1,2
17,21,14,0,,1,4,0,517,0,3,0
17,21,14,0,,5,7,0,539,0,4,0
17,22,15,1,,5,2,0,556,0,4,0
17,22,15,0,,1,7,0,585,0,5,0
17,22,15,0,,2,4,1,800,1,1,2
17,23,16,1,,7,4,1,656,0,0,4
17,23,16,0,,1,2,1,800,1,1,3
17,23,16,0,,4,5,1,382,0,0,4
17,24,17,1,,2,5,1,632,0,0,5
17,24,17,0,,1,5,1,559,0,0,4
17,25,17,2,wc_wave_25,1,-1,1,800,1,1,1
17,25,17,2,wc_wave_25,2,-1,1,684,0,0,3
17,25,17,2,wc_wave_25,5,-1,0,398,0,5,0
17,26,18,1,,1,2,0,765,0,3,0
17,26,18,0,,2,5,1,550,0,0,5
17,27,19,0,,1,5,1,709,0,0,2
17,28,20,0,,1,5,1,563,0,0,4
18,1,0,2,wc_wave_01,0,-1,0,84,0,4,0
18,1,0,2,wc_wave_01,1,-1,0,56,0,4,0
18,1,0,2,wc_wave_01,2,-1,0,76,0,4,0
18,1,0,2,wc_wave_01,3,-1,0,35,0,4,0
18,1,0,2,wc_wave_01,4,-1,0,78,0,4,0
18,1,0,2,wc_wave_01,5,-1,0,82,0,4,0
18,1,0,2,wc_wave_01,6,-1,0,82,0,4,0
18,1,0,2,wc_wave_01,7,-1,0,76,0,3,0
18,2,0,2,wc_wave_02,0,-1,0,149,0,4,0
18,2,0,2,wc_wave_02,1,-1,0,105,0,4,0
18,2,0,2,wc_wave_02,2,-1,0,105,0,4,0
18,2,0,2,wc_wave_02,3,-1,0,76,0,4,0
18,2,0,2,wc_wave_02,4,-1,0,98,0,4,0
18,2,0,2,wc_wave_02,5,-1,0,119,0,4,0
18,2,0,2,wc_wave_02,6,-1,0,99,0,4,0
18,2,0,2,wc_wave_02,7,-1,0,97,0,4,0
18,3,0,2,wc_wave_03,0,-1,0,112,0,5,0
18,3,0,2,wc_wave_03,1,-1,0,105,0,5,0
18,3,0,2,wc_wave_03,2,-1,0,125,0,5,0
18,3,0,2,wc_wave_03,3,-1,0,105,0,5,0
18,3,0,2,wc_wave_03,4,-1,0,99,0,5,0
18,3,0,2,wc_wave_03,5,-1,0,162,0,5,0
18,3,0,2,wc_wave_03,6,-1,0,99,0,5,0
18,3,0,2,wc_wave_03,7,-1,0,100,0,5,0
18,4,1,0,,0,7,0,720,0,2,0
18,4,1,0,,1,5,0,548,0,4,0
18,4,1,0,,2,6,0,800,1,2,1
18,4,1,0,,3,4,0,587,0,2,0
18,5,1,2,wc_wave_05,0,-1,0,146,0,5,0
18,5,1,2,wc_wave_05,1,-1,0,148,0,5,0
18,5,1,2,wc_wave_05,2,-1,0,250,0,5,0
18,5,1,2,wc_wave_05,3,-1,0,146,0,5,0
18,5,1,2,wc_wave_05,4,-1,0,239,0,5,0
18,5,1,2,wc_wave_05,5,-1,0,227,0,5,0
18,5,1,2,wc_wave_05,6,-1,0,192,0,5,0
18,5,1,2,wc_wave_05,7,-1,0,207,0,5,0
18,6,2,0,,0,5,0,450,0,4,0
18,6,2,0,,1,4,0,658,0,3,0
18,6,2,0,,2,3,1,800,1,2,2
18,6,2,0,,6,7,1,665,0,0,3
18,7,3,0,,0,4,0,505,0,4,0
18,7,3,0,,1,2,1,800,1,1,5
18,7,3,0,,3,7,0,504,0,3,0
18,7,3,0,,5,6,1,800,1,1,4
18,8,4,0,,0,2,1,800,1,2,4
18,8,4,0,,1,7,0,522,0,4,0
18,8,4,0,,3,5,0,599,0,3,0
18,8,4,0,,4,6,1,728,0,0,5
18,9,5,0,,0,3,0,514,0,3,0
18,9,5,0,,1,6,1,536,0,0,4
18,9,5,0,,2,7,0,751,0,6,0
18,9,5,0,,4,5,0,800,1,3,1
18,10,5,2,wc_wave_10,0,-1,0,201,0,6,0
18,10,5,2,wc_wave_10,1,-1,0,254,0,6,0
18,10,5,2,wc_wave_10,2,-1,0,324,0,6,0
18,10,5,2,wc_wave_10,3,-1,0,162,0,6,0
18,10,5,2,wc_wave_10,4,-1,0,319,0,4,0
18,10,5,2,wc_wave_10,5,-1,0,358,0,4,0
18,10,5,2,wc_wave_10,6,-1,0,212,0,6,0
18,10,5,2,wc_wave_10,7,-1,0,314,0,6,0
18,11,6,0,,0,1,0,432,0,5,0
18,11,6,0,,2,4,0,769,0,6,0
18,11,6,0,,3,6,1,763,0,0,2
18,11,6,0,,5,7,1,800,1,1,3
18,12,7,0,,0,6,1,592,0,0,4
18,12,7,0,,1,3,1,481,0,0,3
18,12,7,0,,2,5,0,665,0,6,0
18,12,7,0,,4,7,0,722,0,5,0
18,13,8,0,,0,2,1,594,0,0,6
18,13,8,0,,1,7,1,770,0,0,2
18,13,8,0,,3,5,0,559,0,3,0
18,13,8,0,,4,6,1,603,0,0,4
18,14,9,0,,0,6,0,590,0,2,0
18,14,9,0,,1,4,0,800,1,3,1
18,14,9,0,,2,3,0,586,0,5,0
18,14,9,0,,5,7,0,696,0,5,0
18,15,9,2,wc_wave_15,0,-1,0,242,0,5,0
18,15,9,2,wc_wave_15,1,-1,0,259,0,6,0
18,15,9,2,wc_wave_15,2,-1,0,332,0,5,0
18,15,9,2,wc_wave_15,3,-1,0,286,0,4,0
18,15,9,2,wc_wave_15,4,-1,0,566,0,3,0
18,15,9,2,wc_wave_15,5,-1,0,437,0,5,0
18,15,9,2,wc_wave_15,6,-1,0,286,0,5,0
18,15,9,2,wc_wave_15,7,-1,0,467,0,3,0
18,16,10,0,,0,3,0,433,0,4,0
18,16,10,0,,1,5,0,639,0,3,0
18,16,10,0,,2,4,0,752,0,6,0
18,16,10,0,,6,7,0,420,0,5,0
18,17,11,0,,0,1,0,384,0,4,0
18,17,11,0,,2,7,0,621,0,5,0
18,17,11,0,,3,4,1,733,0,0,2
18,17,11,0,,5,6,1,706,0,0,4
18,18,12,1,,7,0,1,408,0,0,4
18,18,12,0,,0,4,1,672,0,0,2
18,18,12,0,,1,2,1,654,0,0,4
18,18,12,0,,3,6,1,510,0,0,3
18,19,13,0,,0,3,0,494,0,3,0
18,19,13,0,,1,4,1,472,0,0,4
18,19,13,0,,2,6,1,788,0,0,3
18,20,13,2,wc_wave_20,0,-1,0,474,0,3,0
18,20,13,2,wc_wave_20,1,-1,1,523,0,0,1
18,20,13,2,wc_wave_20,2,-1,0,800,1,1,1
18,20,13,2,wc_wave_20,3,-1,0,529,0,1,0
18,20,13,2,wc_wave_20,4,-1,0,538,0,2,0
18,20,13,2,wc_wave_20,6,-1,0,521,0,2,0
18,21,14,1,,3,2,1,576,0,0,4
18,21,14,0,,0,2,0,800,1,2,1
18,21,14,0,,4,6,1,602,0,0,3
18,22,15,0,,0,3,0,472,0,3,0
18,22,15,0,,2,6,0,722,0,3,0
18,23,16,1,,2,0,0,743,0,3,0
18,23,16,0,,0,6,1,743,0,0,1
18,24,17,1,,6,2,1,800,1,1,2
18,24,17,0,,0,2,1,800,1,3,3
18,25,17,2,wc_wave_25,0,-1,0,463,0,3,0
18,25,17,2,wc_wave_25,2,-1,0,729,0,3,0
18,25,17,2,wc_wave_25,6,-1,0,637,0,2,0
18,26,18,1,,0,6,1,646,0,0,1
18,26,18,0,,2,6,1,800,1,1,4
18,27,19,1,,2,0,0,800,1,2,1
18,27,19,0,,0,6,0,638,0,1,0
18,28,20,1,,0,6,1,641,0,0,2
18,28,20,0,,2,6,0,722,0,3,0
18,29,21,0,,2,6,1,800,1,1,4
18,30,21,2,wc_wave_30,2,-1,1,775,0,0,2
18,30,21,2,wc_wave_30,6,-1,1,494,0,0,4
18,31,22,0,,2,6,1,800,1,1,4
18,32,23,0,,2,6,1,800,1,2,3
19,1,0,2,wc_wave_01,0,-1,0,65,0,4,0
19,1,0,2,wc_wave_01,1,-1,0,65,0,4,0
19,1,0,2,wc_wave_01,2,-1,0,82,0,4,0
19,1,0,2,wc_wave_01,3,-1,0,37,0,4,0
19,1,0,2,wc_wave_01,4,-1,0,35,0,4,0
19,1,0,2,wc_wave_01,5,-1,0,82,0,4,0
19,1,0,2,wc_wave_01,6,-1,0,82,0,4,0
19,1,0,2,wc_wave_01,7,-1,0,94,0,4,0
19,2,0,2,wc_wave_02,0,-1,0,119,0,4,0
19,2,0,2,wc_wave_02,1,-1,0,98,0,4,0
19,2,0,2,wc_wave_02,2,-1,0,119,0,4,0
19,2,0,2,wc_wave_02,3,-1,0,84,0,4,0
19,2,0,2,wc_wave_02,4,-1,0,114,0,4,0
19,2,0,2,wc_wave_02,5,-1,0,105,0,4,0
19,2,0,2,wc_wave_02,6,-1,0,111,0,4,0
19,2,0,2,wc_wave_02,7,-1,0,176,0,4,0
19,3,0,2,wc_wave_03,0,-1,0,159,0,5,0
19,3,0,2,wc_wave_03,1,-1,0,106,0,5,0
19,3,0,2,wc_wave_03,2,-1,0,174,0,5,0
19,3,0,2,wc_wave_03,3,-1,0,94,0,5,0
19,3,0,2,wc_wave_03,4,-1,0,105,0,5,0
19,3,0,2,wc_wave_03,5,-1,0,164,0,5,0
19,3,0,2,wc_wave_03,6,-1,0,159,0,5,0
19,3,0,2,wc_wave_03,7,-1,0,125,0,5,0
19,4,1,0,,0,1,1,566,0,0,2
19,4,1,0,,2,4,1,697,0,0,4
19,4,1,0,,3,7,1,559,0,0,3
19,4,1,0,,5,6,0,800,1,3,3
19,5,1,2,wc_wave_05,0,-1,0,227,0,5,0
19,5,1,2,wc_wave_05,1,-1,0,146,0,5,0
19,5,1,2,wc_wave_05,2,-1,0,469,0,5,0
19,5,1,2,wc_wave_05,3,-1,0,128,0,5,0
19,5,1,2,wc_wave_05,4,-1,0,182,0,5,0
19,5,1,2,wc_wave_05,5,-1,0,213,0,5,0
19,5,1,2,wc_wave_05,6,-1,0,258,0,5,0
19,5,1,2,wc_wave_05,7,-1,0,201,0,5,0
19,6,2,0,,0,2,0,800,1,4,1
19,6,2,0,,1,3,1,544,0,0,1
19,6,2,0,,4,5,0,698,0,3,0
19,6,2,0,,6,7,1,800,1,1,3
19,7,3,0,,0,5,1,800,1,2,3
19,7,3,0,,1,7,1,705,0,0,3
19,7,3,0,,2,6,1,800,1,3,2
19,7,3,0,,3,4,0,629,0,2,0
19,8,4,0,,0,3,0,621,0,3,0
19,8,4,0,,1,2,0,650,0,3,0
19,8,4,0,,4,6,0,800,1,3,3
19,8,4,0,,5,7,0,800,1,3,1
19,9,5,0,,0,6,0,800,1,2,2
19,9,5,0,,1,5,1,514,0,0,4
19,9,5,0,,2,3,1,790,0,0,1
19,9,5,0,,4,7,1,800,1,1,3
19,10,5,2,wc_wave_10,0,-1,0,310,0,6,0
19,10,5,2,wc_wave_10,1,-1,0,218,0,6,0
19,10,5,2,wc_wave_10,2,-1,0,345,0,5,0
19,10,5,2,wc_wave_10,3,-1,0,187,0,5,0
19,10,5,2,wc_wave_10,4,-1,0,246,0,6,0
19,10,5,2,wc_wave_10,5,-1,0,314,0,6,0
19,10,5,2,wc_wave_10,6,-1,0,236,0,5,0
19,10,5,2,wc_wave_10,7,-1,0,227,0,6,0
19,11,6,0,,0,4,0,577,0,4,0
19,11,6,0,,1,6,1,679,0,0,2
19,11,6,0,,2,7,1,800,1,3,4
19,11,6,0,,3,5,1,550,0,0,4
19,12,7,0,,0,7,0,800,1,3,2
19,12,7,0,,1,4,1,554,0,0,2
19,12,7,0,,2,5,1,800,1,1,3
19,12,7,0,,3,6,1,629,0,0,3
19,13,8,0,,0,4,0,711,0,3,0
19,13,8,0,,1,3,0,516,0,2,0
19,13,8,0,,2,7,1,800,1,1,5
19,13,8,0,,5,6,0,714,0,6,0
19,14,9,0,,0,5,1,800,1,1,4
19,14,9,0,,1,7,1,555,0,0,5
19,14,9,0,,2,4,0,566,0,3,0
19,14,9,0,,3,6,1,497,0,0,4
19,15,9,2,wc_wave_15,0,-1,0,323,0,6,0
19,15,9,2,wc_wave_15,1,-1,0,309,0,4,0
19,15,9,2,wc_wave_15,2,-1,0,300,0,5,0
19,15,9,2,wc_wave_15,3,-1,0,261,0,5,0
19,15,9,2,wc_wave_15,4,-1,0,326,0,4,0
19,15,9,2,wc_wave_15,5,-1,0,386,0,5,0
19,15,9,2,wc_wave_15,6,-1,0,342,0,5,0
19,15,9,2,wc_wave_15,7,-1,0,413,0,5,0
19,16,10,0,,0,3,0,437,0,5,0
19,16,10,0,,1,2,1,527,0,0,5
19,16,10,0,,4,5,1,642,0,0,5
19,16,10,0,,6,7,1,800,1,3,3
19,17,11,0,,0,1,0,594,0,3,0
19,17,11,0,,2,6,0,651,0,4,0
19,17,11,0,,3,4,0,607,0,1,0
19,17,11,0,,5,7,0,800,1,5,1
19,18,12,0,,0,2,1,800,1,2,3
19,18,12,0,,1,5,1,455,0,0,5
19,18,12,0,,3,7,1,654,0,0,4
19,18,12,0,,4,6,1,800,1,1,2
19,19,13,0,,0,7,0,800,1,4,1
19,19,13,0,,1,4,1,724,0,0,1
19,19,13,0,,2,5,1,634,0,0,5
19,19,13,0,,3,6,1,800,1,1,1
19,20,13,2,wc_wave_20,0,-1,0,590,0,3,0
19,20,13,2,wc_wave_20,2,-1,0,501,0,2,0
19,20,13,2,wc_wave_20,4,-1,1,567,0,0,1
19,20,13,2,wc_wave_20,5,-1,0,440,0,4,0
19,20,13,2,wc_wave_20,6,-1,1,699,0,0,1
19,20,13,2,wc_wave_20,7,-1,0,742,0,1,0
19,21,14,0,,0,6,0,800,1,3,1
19,21,14,0,,2,4,0,580,0,3,0
19,21,14,0,,5,7,0,800,1,5,1
19,22,15,1,,7,0,0,800,1,3,1
19,22,15,0,,0,5,1,800,1,1,4
19,22,15,0,,2,6,0,768,0,2,0
19,23,16,0,,0,2,0,673,0,3,0
19,23,16,0,,5,7,0,720,0,5,0
19,24,17,1,,0,5,1,800,1,1,4
19,24,17,0,,5,7,0,785,0,5,0
19,25,17,2,wc_wave_25,0,-1,0,629,0,3,0
19,25,17,2,wc_wave_25,5,-1,0,427,0,5,0
19,26,18,0,,0,5,1,800,1,1,6
19,27,19,0,,0,5,1,800,1,1,5
20,1,0,2,wc_wave_01,0,-1,0,73,0,4,0
20,1,0,2,wc_wave_01,1,-1,0,35,0,4,0
20,1,0,2,wc_wave_01,2,-1,0,82,0,4,0
20,1,0,2,wc_wave_01,3,-1,0,76,0,4,0
20,1,0,2,wc_wave_01,4,-1,0,82,0,4,0
20,1,0,2,wc_wave_01,5,-1,0,76,0,4,0
20,1,0,2,wc_wave_01,6,-1,0,73,0,4,0
20,1,0,2,wc_wave_01,7,-1,0,97,0,4,0
20,2,0,2,wc_wave_02,0,-1,0,119,0,4,0
20,2,0,2,wc_wave_02,1,-1,0,105,0,4,0
20,2,0,2,wc_wave_02,2,-1,0,143,0,4,0
20,2,0,2,wc_wave_02,3,-1,0,119,0,4,0
20,2,0,2,wc_wave_02,4,-1,0,116,0,4,0
20,2,0,2,wc_wave_02,5,-1,0,85,0,4,0
20,2,0,2,wc_wave_02,6,-1,0,105,0,4,0
20,2,0,2,wc_wave_02,7,-1,0,119,0,4,0
20,3,0,2,wc_wave_03,0,-1,0,134,0,5,0
20,3,0,2,wc_wave_03,1,-1,0,119,0,5,0
20,3,0,2,wc_wave_03,2,-1,0,214,0,5,0
20,3,0,2,wc_wave_03,3,-1,0,118,0,5,0
20,3,0,2,wc_wave_03,4,-1,0,119,0,5,0
20,3,0,2,wc_wave_03,5,-1,0,137,0,5,0
20,3,0,2,wc_wave_03,6,-1,0,105,0,5,0
20,3,0,2,wc_wave_03,7,-1,0,127,0,5,0
20,4,1,0,,0,5,0,562,0,5,0
20,4,1,0,,1,3,1,403,0,0,3
20,4,1,0,,2,6,1,694,0,0,5
20,4,1,0,,4,7,1,738,0,0,4
20,5,1,2,wc_wave_05,0,-1,0,193,0,5,0
20,5,1,2,wc_wave_05,1,-1,0,156,0,5,0
20,5,1,2,wc_wave_05,2,-1,0,244,0,5,0
20,5,1,2,wc_wave_05,3,-1,0,157,0,5,0
20,5,1,2,wc_wave_05,4,-1,0,214,0,5,0
20,5,1,2,wc_wave_05,5,-1,0,222,0,5,0
20,5,1,2,wc_wave_05,6,-1,0,248,0,5,0
20,5,1,2,wc_wave_05,7,-1,0,193,0,5,0
20,6,2,0,,0,4,0,800,1,2,1
20,6,2,0,,1,6,1,374,0,0,4
20,6,2,0,,2,7,0,800,1,5,1
20,6,2,0,,3,5,0,510,0,3,0
20,7,3,0,,0,6,1,674,0,0,5
20,7,3,0,,1,5,1,687,0,0,1
20,7,3,0,,2,4,0,736,0,5,0
20,7,3,0,,3,7,0,638,0,3,0
20,8,4,0,,0,1,0,800,1,1,1
20,8,4,0,,2,3,1,800,1,2,2
20,8,4,0,,4,6,1,412,0,0,4
20,8,4,0,,5,7,1,800,1,2,4
20,9,5,0,,0,3,1,583,0,0,3
20,9,5,0,,1,2,1,782,0,0,3
20,9,5,0,,4,5,0,567,0,3,0
20,9,5,0,,6,7,0,525,0,4,0
20,10,5,2,wc_wave_10,0,-1,0,310,0,6,0
20,10,5,2,wc_wave_10,1,-1,0,236,0,6,0
20,10,5,2,wc_wave_10,2,-1,0,342,0,6,0
20,10,5,2,wc_wave_10,3,-1,0,273,0,6,0
20,10,5,2,wc_wave_10,4,-1,0,243,0,5,0
20,10,5,2,wc_wave_10,5,-1,0,326,0,6,0
20,10,5,2,wc_wave_10,6,-1,0,177,0,6,0
20,10,5,2,wc_wave_10,7,-1,0,266,0,5,0
20,11,6,0,,0,7,0,800,1,2,1
20,11,6,0,,1,4,1,415,0,0,4
20,11,6,0,,2,5,0,800,1,5,2
20,11,6,0,,3,6,1,482,0,0,5
20,12,7,0,,0,2,1,800,1,3,3
20,12,7,0,,1,7,1,516,0,0,3
20,12,7,0,,3,4,1,642,0,0,4
20,12,7,0,,5,6,1,486,0,0,6
20,13,8,0,,0,3,1,545,0,0,3
20,13,8,0,,1,4,0,705,0,2,0
20,13,8,0,,2,5,0,800,1,5,1
20,13,8,0,,6,7,0,788,0,1,0
20,14,9,0,,0,7,1,586,0,0,4
20,14,9,0,,1,6,1,497,0,0,2
20,14,9,0,,2,3,0,800,1,3,2
20,14,9,0,,4,5,0,703,0,4,0
20,15,9,2,wc_wave_15,0,-1,0,416,0,4,0
20,15,9,2,wc_wave_15,1,-1,0,308,0,5,0
20,15,9,2,wc_wave_15,2,-1,0,470,0,5,0
20,15,9,2,wc_wave_15,3,-1,0,308,0,4,0
20,15,9,2,wc_wave_15,4,-1,0,360,0,5,0
20,15,9,2,wc_wave_15,5,-1,0,365,0,5,0
20,15,9,2,wc_wave_15,6,-1,0,270,0,6,0
20,15,9,2,wc_wave_15,7,-1,0,304,0,5,0
20,16,10,0,,0,2,1,575,0,0,6
20,16,10,0,,1,7,1,475,0,0,3
20,16,10,0,,3,4,1,800,1,1,3
20,16,10,0,,5,6,1,575,0,0,4
20,17,11,1,,1,0,0,566,0,3,0
20,17,11,0,,0,4,1,800,1,1,2
20,17,11,0,,2,7,0,680,0,4,0
20,17,11,0,,3,6,1,537,0,0,2
20,18,12,1,,6,2,1,688,0,0,4
20,18,12,0,,0,2,1,545,0,0,6
20,18,12,0,,1,3,1,440,0,0,3
20,18,12,0,,4,7,1,738,0,0,2
20,19,13,0,,1,2,1,665,0,0,5
20,19,13,0,,3,7,0,725,0,1,0
20,19,13,0,,4,6,1,675,0,0,2
20,20,13,2,wc_wave_20,2,-1,0,498,0,4,0
20,20,13,2,wc_wave_20,3,-1,0,400,0,3,0
20,20,13,2,wc_wave_20,4,-1,0,601,0,3,0
20,20,13,2,wc_wave_20,6,-1,0,410,0,3,0
20,20,13,2,wc_wave_20,7,-1,0,398,0,3,0
20,21,14,1,,7,6,0,581,0,2,0
20,21,14,0,,2,4,0,800,1,4,1
20,21,14,0,,3,6,0,563,0,3,0
20,22,15,1,,2,6,0,792,0,3,0
20,22,15,0,,3,7,0,654,0,2,0
20,22,15,0,,4,6,1,603,0,0,2
20,23,16,0,,2,7,0,709,0,4,0
20,23,16,0,,3,6,0,604,0,2,0
20,24,17,1,,3,2,1,691,0,0,5
20,24,17,0,,2,6,0,700,0,4,0
20,25,17,2,wc_wave_25,2,-1,0,561,0,5,0
20,25,17,2,wc_wave_25,3,-1,0,433,0,4,0
20,25,17,2,wc_wave_25,6,-1,0,482,0,3,0
20,26,18,1,,6,3,1,560,0,0,1
20,26,18,0,,2,3,0,694,0,5,0
20,27,19,1,,2,6,0,669,0,4,0
20,27,19,0,,3,6,1,613,0,0,2
20,28,20,0,,2,6,0,670,0,5,0
20,29,21,0,,2,6,0,698,0,4,0
21,1,0,2,wc_wave_01,0,-1,0,58,0,3,0
21,1,0,2,wc_wave_01,1,-1,0,76,0,4,0
21,1,0,2,wc_wave_01,2,-1,0,84,0,4,0
21,1,0,2,wc_wave_01,3,-1,0,34,0,4,0
21,1,0,2,wc_wave_01,4,-1,0,35,0,4,0
21,1,0,2,wc_wave_01,5,-1,0,91,0,4,0
21,1,0,2,wc_wave_01,6,-1,0,59,0,4,0
21,1,0,2,wc_wave_01,7,-1,0,37,0,4,0
21,2,0,2,wc_wave_02,0,-1,0,111,0,4,0
21,2,0,2,wc_wave_02,1,-1,0,99,0,4,0
21,2,0,2,wc_wave_02,2,-1,0,156,0,4,0
21,2,0,2,wc_wave_02,3,-1,0,105,0,4,0
21,2,0,2,wc_wave_02,4,-1,0,112,0,4,0
21,2,0,2,wc_wave_02,5,-1,0,81,0,4,0
21,2,0,2,wc_wave_02,6,-1,0,99,0,4,0
21,2,0,2,wc_wave_02,7,-1,0,105,0,4,0
21,3,0,2,wc_wave_03,0,-1,0,99,0,5,0
21,3,0,2,wc_wave_03,1,-1,0,119,0,5,0
21,3,0,2,wc_wave_03,2,-1,0,220,0,5,0
21,3,0,2,wc_wave_03,3,-1,0,117,0,5,0
21,3,0,2,wc_wave_03,4,-1,0,106,0,5,0
21,3,0,2,wc_wave_03,5,-1,0,98,0,5,0
21,3,0,2,wc_wave_03,6,-1,0,128,0,5,0
21,3,0,2,wc_wave_03,7,-1,0,99,0,5,0
21,4,1,0,,0,2,1,672,0,0,4
21,4,1,0,,1,5,0,441,0,5,0
21,4,1,0,,3,4,1,500,0,0,5
21,4,1,0,,6,7,1,800,1,2,2
21,5,1,2,wc_wave_05,0,-1,0,178,0,5,0
21,5,1,2,wc_wave_05,1,-1,0,154,0,5,0
21,5,1,2,wc_wave_05,2,-1,0,264,0,5,0
21,5,1,2,wc_wave_05,3,-1,0,212,0,5,0
21,5,1,2,wc_wave_05,4,-1,0,187,0,5,0
21,5,1,2,wc_wave_05,5,-1,0,161,0,5,0
21,5,1,2,wc_wave_05,6,-1,0,220,0,5,0
21,5,1,2,wc_wave_05,7,-1,0,206,0,5,0
21,6,2,0,,0,1,0,553,0,3,0
21,6,2,0,,2,7,1,683,0,0,2
21,6,2,0,,3,5,1,800,1,1,2
21,6,2,0,,4,6,0,664,0,5,0
21,7,3,0,,0,3,0,540,0,5,0
21,7,3,0,,1,7,1,616,0,0,2
21,7,3,0,,2,4,1,800,1,1,4
21,7,3,0,,5,6,0,800,1,2,1
21,8,4,0,,0,6,0,617,0,5,0
21,8,4,0,,1,3,0,516,0,6,0
21,8,4,0,,2,5,0,548,0,5,0
21,8,4,0,,4,7,1,761,0,0,3
21,9,5,0,,0,5,0,592,0,4,0
21,9,5,0,,1,4,1,569,0,0,4
21,9,5,0,,2,6,0,691,0,4,0
21,9,5,0,,3,7,1,662,0,0,4
21,10,5,2,wc_wave_10,0,-1,0,243,0,6,0
21,10,5,2,wc_wave_10,1,-1,0,281,0,6,0
21,10,5,2,wc_wave_10,2,-1,0,196,0,6,0
21,10,5,2,wc_wave_10,3,-1,0,255,0,5,0
21,10,5,2,wc_wave_10,4,-1,0,282,0,6,0
21,10,5,2,wc_wave_10,5,-1,0,298,0,5,0
21,10,5,2,wc_wave_10,6,-1,0,235,0,6,0
21,10,5,2,wc_wave_10,7,-1,0,203,0,6,0
21,11,6,0,,0,4,1,688,0,0,3
21,11,6,0,,1,6,0,800,1,2,1
21,11,6,0,,2,3,0,589,0,6,0
21,11,6,0,,5,7,1,649,0,0,3
21,12,7,0,,0,7,1,688,0,0,2
21,12,7,0,,1,2,1,741,0,0,2
21,12,7,0,,3,6,1,800,1,1,3
21,12,7,0,,4,5,0,719,0,3,0
21,13,8,0,,0,5,0,673,0,2,0
21,13,8,0,,1,3,0,666,0,4,0
21,13,8,0,,2,4,0,527,0,5,0
21,13,8,0,,6,7,1,702,0,0,3
21,14,9,0,,0,2,1,688,0,0,3
21,14,9,0,,1,6,0,791,0,2,0
21,14,9,0,,3,7,1,568,0,0,5
21,14,9,0,,4,5,1,800,1,1,2
21,15,9,2,wc_wave_15,0,-1,0,313,0,5,0
21,15,9,2,wc_wave_15,1,-1,0,277,0,6,0
21,15,9,2,wc_wave_15,2,-1,0,286,0,5,0
21,15,9,2,wc_wave_15,4,-1,0,264,0,5,0
21,15,9,2,wc_wave_15,5,-1,0,366,0,5,0
21,15,9,2,wc_wave_15,6,-1,0,343,0,5,0
21,15,9,2,wc_wave_15,7,-1,0,326,0,4,0
21,16,10,1,,7,5,0,623,0,4,0
21,16,10,0,,0,6,0,800,1,3,1
21,16,10,0,,1,4,0,686,0,3,0
21,16,10,0,,2,5,0,577,0,4,0
21,17,11,1,,0,1,0,698,0,3,0
21,17,11,0,,1,2,1,618,0,0,3
21,17,11,0,,4,7,1,620,0,0,3
21,17,11,0,,5,6,1,800,1,1,2
21,18,12,1,,2,6,0,748,0,2,0
21,18,12,0,,0,7,1,757,0,0,2
21,18,12,0,,1,5,0,646,0,4,0
21,18,12,0,,4,6,1,644,0,0,3
21,19,13,0,,0,4,0,595,0,4,0
21,19,13,0,,1,6,0,754,0,4,0
21,19,13,0,,2,7,0,800,1,1,1
21,20,13,2,wc_wave_20,0,-1,1,625,0,0,1
21,20,13,2,wc_wave_20,1,-1,0,558,0,2,0
21,20,13,2,wc_wave_20,2,-1,0,506,0,2,0
21,20,13,2,wc_wave_20,4,-1,0,496,0,2,0
21,20,13,2,wc_wave_20,7,-1,0,502,0,2,0
21,21,14,1,,4,2,1,508,0,0,3
21,21,14,0,,0,2,1,695,0,0,3
21,21,14,0,,1,7,1,800,1,1,2
21,22,15,0,,0,1,1,800,1,1,4
21,22,15,0,,2,7,0,800,1,1,1
21,23,16,0,,0,7,1,800,1,1,3
21,23,16,0,,1,2,1,767,0,0,3
21,24,17,1,,1,7,0,800,1,1,1
21,24,17,0,,2,7,0,800,1,2,1
21,25,17,2,wc_wave_25,1,-1,0,690,0,2,0
21,25,17,2,wc_wave_25,2,-1,0,559,0,3,0
21,25,17,2,wc_wave_25,7,-1,0,619,0,2,0
21,26,18,1,,7,1,0,800,1,3,1
21,26,18,0,,1,2,1,800,1,1,3
21,27,19,1,,2,7,1,800,1,1,1
21,27,19,0,,1,7,1,768,0,0,2
21,28,20,0,,2,7,0,800,1,1,1
21,29,21,0,,2,7,0,800,1,1,1
21,30,21,2,wc_wave_30,2,-1,0,612,0,2,0
21,30,21,2,wc_wave_30,7,-1,1,564,0,0,3
21,31,22,0,,2,7,0,800,1,1,1
21,32,23,0,,2,7,0,800,1,2,1
21,33,24,0,,2,7,0,800,1,2,1
22,1,0,2,wc_wave_01,0,-1,0,35,0,4,0
22,1,0,2,wc_wave_01,1,-1,0,34,0,4,0
22,1,0,2,wc_wave_01,2,-1,0,76,0,3,0
22,1,0,2,wc_wave_01,3,-1,0,81,0,4,0
22,1,0,2,wc_wave_01,4,-1,0,84,0,4,0
22,1,0,2,wc_wave_01,5,-1,0,76,0,4,0
22,1,0,2,wc_wave_01,6,-1,0,61,0,3,0
22,1,0,2,wc_wave_01,7,-1,0,85,0,4,0
22,2,0,2,wc_wave_02,0,-1,0,76,0,4,0
22,2,0,2,wc_wave_02,1,-1,0,95,0,4,0
22,2,0,2,wc_wave_02,2,-1,0,87,0,4,0
22,2,0,2,wc_wave_02,3,-1,0,133,0,4,0
22,2,0,2,wc_wave_02,4,-1,0,112,0,4,0
22,2,0,2,wc_wave_02,5,-1,0,147,0,4,0
22,2,0,2,wc_wave_02,6,-1,0,119,0,4,0
22,2,0,2,wc_wave_02,7,-1,0,121,0,4,0
22,3,0,2,wc_wave_03,0,-1,0,99,0,5,0
22,3,0,2,wc_wave_03,1,-1,0,86,0,5,0
22,3,0,2,wc_wave_03,2,-1,0,117,0,5,0
22,3,0,2,wc_wave_03,3,-1,0,167,0,5,0
22,3,0,2,wc_wave_03,4,-1,0,86,0,5,0
22,3,0,2,wc_wave_03,5,-1,0,129,0,5,0
22,3,0,2,wc_wave_03,6,-1,0,117,0,5,0
22,3,0,2,wc_wave_03,7,-1,0,117,0,5,0
22,4,1,0,,0,4,0,451,0,3,0
22,4,1,0,,1,3,0,587,0,2,0
22,4,1,0,,2,7,0,598,0,5,0
22,4,1,0,,5,6,1,800,1,1,1
22,5,1,2,wc_wave_05,0,-1,0,114,0,5,0
22,5,1,2,wc_wave_05,1,-1,0,169,0,5,0
22,5,1,2,wc_wave_05,2,-1,0,236,0,5,0
22,5,1,2,wc_wave_05,3,-1,0,222,0,5,0
22,5,1,2,wc_wave_05,4,-1,0,189,0,5,0
22,5,1,2,wc_wave_05,5,-1,0,186,0,5,0
22,5,1,2,wc_wave_05,6,-1,0,227,0,5,0
22,5,1,2,wc_wave_05,7,-1,0,221,0,5,0
22,6,2,0,,0,5,0,427,0,4,0
22,6,2,0,,1,6,0,415,0,3,0
22,6,2,0,,2,4,0,604,0,3,0
22,6,2,0,,3,7,1,723,0,0,2
22,7,3,0,,0,6,0,401,0,6,0
22,7,3,0,,1,7,0,561,0,2,0
22,7,3,0,,2,3,0,750,0,4,0
22,7,3,0,,4,5,0,527,0,4,0
22,8,4,0,,0,3,0,354,0,5,0
22,8,4,0,,1,2,0,800,1,2,2
22,8,4,0,,4,6,0,438,0,4,0
22,8,4,0,,5,7,1,575,0,0,4
22,9,5,0,,0,7,0,604,0,3,0
22,9,5,0,,1,4,0,655,0,2,0
22,9,5,0,,2,5,0,683,0,4,0
22,9,5,0,,3,6,0,594,0,1,0
22,10,5,2,wc_wave_10,0,-1,0,208,0,6,0
22,10,5,2,wc_wave_10,1,-1,0,161,0,6,0
22,10,5,2,wc_wave_10,2,-1,0,356,0,6,0
22,10,5,2,wc_wave_10,3,-1,0,261,0,6,0
22,10,5,2,wc_wave_10,4,-1,0,240,0,6,0
22,10,5,2,wc_wave_10,5,-1,0,306,0,4,0
22,10,5,2,wc_wave_10,6,-1,0,199,0,6,0
22,10,5,2,wc_wave_10,7,-1,0,252,0,5,0
22,11,6,0,,0,1,0,641,0,2,0
22,11,6,0,,2,6,0,714,0,2,0
22,11,6,0,,3,5,0,447,0,4,0
22,11,6,0,,4,7,0,633,0,3,0
22,12,7,0,,0,2,0,587,0,5,0
22,12,7,0,,1,5,0,383,0,4,0
22,12,7,0,,3,4,0,593,0,3,0
22,12,7,0,,6,7,1,436,0,0,3
22,13,8,0,,0,4,0,671,0,4,0
22,13,8,0,,1,6,0,341,0,4,0
22,13,8,0,,2,3,1,490,0,0,4
22,13,8,0,,5,7,1,399,0,0,5
22,14,9,0,,0,2,0,800,1,4,1
22,14,9,0,,1,4,0,700,0,2,0
22,14,9,0,,3,7,0,646,0,2,0
22,14,9,0,,5,6,1,744,0,0,2
22,15,9,2,wc_wave_15,0,-1,0,310,0,5,0
22,15,9,2,wc_wave_15,1,-1,0,268,0,5,0
22,15,9,2,wc_wave_15,2,-1,0,437,0,5,0
22,15,9,2,wc_wave_15,3,-1,0,256,0,6,0
22,15,9,2,wc_wave_15,4,-1,0,326,0,5,0
22,15,9,2,wc_wave_15,5,-1,0,458,0,3,0
22,15,9,2,wc_wave_15,6,-1,0,387,0,4,0
22,15,9,2,wc_wave_15,7,-1,0,248,0,5,0
22,16,10,0,,0,6,0,568,0,4,0
22,16,10,0,,1,2,0,727,0,2,0
22,16,10,0,,3,5,0,590,0,3,0
22,16,10,0,,4,7,1,775,0,0,3
22,17,11,1,,3,0,0,653,0,2,0
22,17,11,0,,0,1,0,641,0,2,0
22,17,11,0,,2,7,1,720,0,0,4
22,17,11,0,,4,6,0,800,1,2,1
22,18,12,1,,4,3,1,501,0,0,4
22,18,12,0,,0,7,0,725,0,2,0
22,18,12,0,,1,3,0,515,0,4,0
22,18,12,0,,2,6,0,800,1,3,1
22,19,13,0,,0,3,0,792,0,1,0
22,19,13,0,,1,7,0,561,0,2,0
22,19,13,0,,2,4,1,800,1,2,2
22,20,13,2,wc_wave_20,0,-1,0,425,0,4,0
22,20,13,2,wc_wave_20,1,-1,0,341,0,3,0
22,20,13,2,wc_wave_20,2,-1,1,775,0,0,1
22,20,13,2,wc_wave_20,3,-1,0,425,0,3,0
22,20,13,2,wc_wave_20,4,-1,1,655,0,0,1
22,20,13,2,wc_wave_20,7,-1,0,448,0,3,0
22,21,14,0,,0,4,1,798,0,0,2
22,21,14,0,,1,3,0,582,0,3,0
22,21,14,0,,2,7,1,768,0,0,4
22,22,15,1,,0,1,1,707,0,0,2
22,22,15,0,,1,7,0,492,0,3,0
22,22,15,0,,3,4,0,481,0,3,0
22,23,16,0,,0,7,0,693,0,2,0
22,23,16,0,,1,3,0,576,0,2,0
22,24,17,0,,0,1,0,743,0,1,0
22,24,17,0,,3,7,0,554,0,3,0
22,25,17,2,wc_wave_25,0,-1,0,741,0,1,0
22,25,17,2,wc_wave_25,1,-1,0,320,0,4,0
22,25,17,2,wc_wave_25,3,-1,0,478,0,5,0
22,26,18,1,,1,3,0,529,0,3,0
22,26,18,0,,0,3,1,800,1,1,1
22,27,19,1,,0,1,0,688,0,1,0
22,27,19,0,,1,3,0,570,0,3,0
22,28,20,0,,0,1,1,723,0,0,1
22,29,21,0,,0,1,1,713,0,0,1
22,30,21,2,wc_wave_30,0,-1,1,639,0,0,1
22,30,21,2,wc_wave_30,1,-1,1,647,0,0,1
22,31,22,0,,0,1,0,763,0,1,0
22,32,23,0,,0,1,1,674,0,0,2
22,33,24,0,,0,1,1,675,0,0,2
22,34,25,0,,0,1,1,756,0,0,1
23,1,0,2,wc_wave_01,0,-1,0,80,0,4,0
23,1,0,2,wc_wave_01,1,-1,0,34,0,3,0
23,1,0,2,wc_wave_01,2,-1,0,132,0,4,0
23,1,0,2,wc_wave_01,3,-1,0,37,0,4,0
23,1,0,2,wc_wave_01,4,-1,0,82,0,4,0
23,1,0,2,wc_wave_01,5,-1,0,83,0,4,0
23,1,0,2,wc_wave_01,6,-1,0,56,0,4,0
23,1,0,2,wc_wave_01,7,-1,0,73,0,4,0
23,2,0,2,wc_wave_02,0,-1,0,119,0,4,0
23,2,0,2,wc_wave_02,1,-1,0,86,0,4,0
23,2,0,2,wc_wave_02,2,-1,0,179,0,4,0
23,2,0,2,wc_wave_02,3,-1,0,92,0,4,0
23,2,0,2,wc_wave_02,4,-1,0,98,0,4,0
23,2,0,2,wc_wave_02,5,-1,0,188,0,4,0
23,2,0,2,wc_wave_02,6,-1,0,97,0,4,0
23,2,0,2,wc_wave_02,7,-1,0,117,0,4,0
23,3,0,2,wc_wave_03,0,-1,0,117,0,5,0
23,3,0,2,wc_wave_03,1,-1,0,128,0,5,0
23,3,0,2,wc_wave_03,2,-1,0,182,0,5,0
23,3,0,2,wc_wave_03,3,-1,0,117,0,5,0
23,3,0,2,wc_wave_03,4,-1,0,148,0,5,0
23,3,0,2,wc_wave_03,5,-1,0,156,0,5,0
23,3,0,2,wc_wave_03,6,-1,0,119,0,5,0
23,3,0,2,wc_wave_03,7,-1,0,142,0,5,0
23,4,1,0,,0,3,0,458,0,3,0
23,4,1,0,,1,4,0,401,0,5,0
23,4,1,0,,2,6,0,800,1,3,2
23,4,1,0,,5,7,0,800,1,3,1
23,5,1,2,wc_wave_05,0,-1,0,167,0,5,0
23,5,1,2,wc_wave_05,1,-1,0,153,0,5,0
23,5,1,2,wc_wave_05,2,-1,0,273,0,5,0
23,5,1,2,wc_wave_05,3,-1,0,206,0,5,0
23,5,1,2,wc_wave_05,4,-1,0,276,0,5,0
23,5,1,2,wc_wave_05,5,-1,0,266,0,5,0
23,5,1,2,wc_wave_05,6,-1,0,205,0,5,0
23,5,1,2,wc_wave_05,7,-1,0,218,0,5,0
23,6,2,0,,0,1,0,800,1,1,1
23,6,2,0,,2,7,0,800,1,3,2
23,6,2,0,,3,5,1,800,1,2,1
23,6,2,0,,4,6,1,404,0,0,4
23,7,3,0,,0,2,0,619,0,3,0
23,7,3,0,,1,3,1,522,0,0,2
23,7,3,0,,4,5,1,437,0,0,6
23,7,3,0,,6,7,0,756,0,3,0
23,8,4,0,,0,7,0,800,1,2,1
23,8,4,0,,1,2,0,800,1,2,1
23,8,4,0,,3,4,0,527,0,5,0
23,8,4,0,,5,6,0,412,0,5,0
23,9,5,0,,0,4,0,381,0,4,0
23,9,5,0,,1,7,1,800,1,1,1
23,9,5,0,,2,5,1,512,0,0,5
23,9,5,0,,3,6,0,723,0,2,0
23,10,5,2,wc_wave_10,0,-1,0,207,0,6,0
23,10,5,2,wc_wave_10,1,-1,0,188,0,6,0
23,10,5,2,wc_wave_10,2,-1,0,333,0,6,0
23,10,5,2,wc_wave_10,3,-1,0,227,0,6,0
23,10,5,2,wc_wave_10,4,-1,0,196,0,6,0
23,10,5,2,wc_wave_10,5,-1,0,185,0,6,0
23,10,5,2,wc_wave_10,6,-1,0,232,0,6,0
23,10,5,2,wc_wave_10,7,-1,0,325,0,6,0
23,11,6,0,,0,5,1,420,0,0,5
23,11,6,0,,1,6,1,522,0,0,3
23,11,6,0,,2,4,0,622,0,6,0
23,11,6,0,,3,7,0,800,1,2,2
23,12,7,0,,0,6,1,735,0,0,1
23,12,7,0,,1,5,1,412,0,0,5
23,12,7,0,,2,3,1,800,1,2,3
23,12,7,0,,4,7,1,800,1,1,2
23,13,8,0,,0,5,1,511,0,0,3
23,13,8,0,,1,2,1,602,0,0,3
23,13,8,0,,3,4,1,741,0,0,2
23,13,8,0,,6,7,0,800,1,3,1
23,14,9,0,,0,3,0,566,0,4,0
23,14,9,0,,1,5,1,437,0,0,4
23,14,9,0,,2,7,0,800,1,4,1
23,14,9,0,,4,6,0,609,0,5,0
23,15,9,2,wc_wave_15,0,-1,0,322,0,5,0
23,15,9,2,wc_wave_15,1,-1,0,301,0,5,0
23,15,9,2,wc_wave_15,2,-1,0,305,0,6,0
23,15,9,2,wc_wave_15,3,-1,0,322,0,5,0
23,15,9,2,wc_wave_15,4,-1,0,257,0,5,0
23,15,9,2,wc_wave_15,5,-1,0,231,0,6,0
23,15,9,2,wc_wave_15,6,-1,0,276,0,6,0
23,15,9,2,wc_wave_15,7,-1,0,395,0,5,0
23,16,10,0,,0,2,0,800,1,2,2
23,16,10,0,,1,4,1,614,0,0,3
23,16,10,0,,3,6,1,643,0,0,3
23,16,10,0,,5,7,0,685,0,5,0
23,17,11,0,,0,4,0,800,1,2,1
23,17,11,0,,1,7,0,723,0,2,0
23,17,11,0,,2,6,0,800,1,3,1
23,17,11,0,,3,5,1,644,0,0,4
23,18,12,0,,0,1,0,506,0,4,0
23,18,12,0,,2,3,0,665,0,5,0
23,18,12,0,,4,7,0,661,0,5,0
23,18,12,0,,5,6,0,800,1,3,1
23,19,13,1,,2,4,1,800,1,2,2
23,19,13,0,,0,6,0,618,0,3,0
23,19,13,0,,1,3,1,654,0,0,2
23,19,13,0,,4,5,1,800,1,2,2
23,20,13,2,wc_wave_20,0,-1,0,469,0,3,0
23,20,13,2,wc_wave_20,2,-1,0,588,0,3,0
23,20,13,2,wc_wave_20,3,-1,1,551,0,0,1
23,20,13,2,wc_wave_20,5,-1,0,411,0,4,0
23,20,13,2,wc_wave_20,6,-1,0,516,0,2,0
23,21,14,1,,6,2,1,800,1,1,3
23,21,14,0,,0,3,0,629,0,3,0
23,21,14,0,,2,5,1,604,0,0,4
23,22,15,1,,3,2,1,634,0,0,5
23,22,15,0,,0,2,1,800,1,2,2
23,22,15,0,,5,6,0,759,0,2,0
23,23,16,1,,5,0,1,800,1,1,2
23,23,16,0,,0,2,0,667,0,4,0
23,24,17,1,,0,5,1,800,1,1,2
23,24,17,0,,2,5,1,683,0,0,4
23,25,17,2,wc_wave_25,0,-1,1,719,0,0,3
23,25,17,2,wc_wave_25,5,-1,0,596,0,3,0
23,26,18,0,,0,5,1,800,1,1,2
23,27,19,0,,0,5,1,775,0,0,3
23,28,20,0,,0,5,0,764,0,3,0
23,29,21,0,,0,5,0,749,0,4,0
23,30,21,2,wc_wave_30,0,-1,1,596,0,0,2
23,30,21,2,wc_wave_30,5,-1,0,719,0,1,0
23,31,22,0,,0,5,1,800,1,1,2
24,1,0,2,wc_wave_01,0,-1,0,37,0,4,0
24,1,0,2,wc_wave_01,1,-1,0,82,0,3,0
24,1,0,2,wc_wave_01,2,-1,0,76,0,4,0
24,1,0,2,wc_wave_01,3,-1,0,82,0,4,0
24,1,0,2,wc_wave_01,4,-1,0,94,0,4,0
24,1,0,2,wc_wave_01,5,-1,0,35,0,4,0
24,1,0,2,wc_wave_01,6,-1,0,81,0,4,0
24,1,0,2,wc_wave_01,7,-1,0,58,0,4,0
24,2,0,2,wc_wave_02,0,-1,0,112,0,4,0
24,2,0,2,wc_wave_02,1,-1,0,76,0,4,0
24,2,0,2,wc_wave_02,2,-1,0,137,0,4,0
24,2,0,2,wc_wave_02,3,-1,0,111,0,4,0
24,2,0,2,wc_wave_02,4,-1,0,121,0,4,0
24,2,0,2,wc_wave_02,5,-1,0,76,0,4,0
24,2,0,2,wc_wave_02,6,-1,0,150,0,4,0
24,2,0,2,wc_wave_02,7,-1,0,86,0,4,0
24,3,0,2,wc_wave_03,0,-1,0,99,0,5,0
24,3,0,2,wc_wave_03,1,-1,0,124,0,5,0
24,3,0,2,wc_wave_03,2,-1,0,104,0,5,0
24,3,0,2,wc_wave_03,3,-1,0,111,0,5,0
24,3,0,2,wc_wave_03,4,-1,0,193,0,5,0
24,3,0,2,wc_wave_03,5,-1,0,105,0,5,0
24,3,0,2,wc_wave_03,6,-1,0,174,0,5,0
24,3,0,2,wc_wave_03,7,-1,0,112,0,5,0
24,4,1,0,,0,5,1,649,0,0,4
24,4,1,0,,1,4,0,605,0,4,0
24,4,1,0,,2,6,0,638,0,5,0
24,4,1,0,,3,7,0,559,0,3,0
24,5,1,2,wc_wave_05,0,-1,0,236,0,5,0
24,5,1,2,wc_wave_05,1,-1,0,181,0,5,0
24,5,1,2,wc_wave_05,2,-1,0,154,0,5,0
24,5,1,2,wc_wave_05,3,-1,0,196,0,5,0
24,5,1,2,wc_wave_05,4,-1,0,230,0,5,0
24,5,1,2,wc_wave_05,5,-1,0,171,0,5,0
24,5,1,2,wc_wave_05,6,-1,0,269,0,5,0
24,5,1,2,wc_wave_05,7,-1,0,183,0,5,0
24,6,2,0,,0,7,0,680,0,2,0
24,6,2,0,,1,3,1,552,0,0,4
24,6,2,0,,2,5,1,584,0,0,1
24,6,2,0,,4,6,1,800,1,2,3
24,7,3,0,,0,2,1,800,1,2,2
24,7,3,0,,1,7,1,664,0,0,5
24,7,3,0,,3,6,0,627,0,5,0
24,7,3,0,,4,5,1,377,0,0,5
24,8,4,0,,0,1,1,769,0,0,4
24,8,4,0,,2,3,1,654,0,0,5
24,8,4,0,,4,7,1,683,0,0,5
24,8,4,0,,5,6,0,392,0,5,0
24,9,5,0,,0,3,1,564,0,0,5
24,9,5,0,,1,5,1,782,0,0,2
24,9,5,0,,2,4,0,528,0,5,0
24,9,5,0,,6,7,1,758,0,0,3
24,10,5,2,wc_wave_10,0,-1,0,366,0,6,0
24,10,5,2,wc_wave_10,1,-1,0,287,0,5,0
24,10,5,2,wc_wave_10,2,-1,0,257,0,6,0
24,10,5,2,wc_wave_10,3,-1,0,251,0,6,0
24,10,5,2,wc_wave_10,4,-1,0,319,0,6,0
24,10,5,2,wc_wave_10,5,-1,0,196,0,6,0
24,10,5,2,wc_wave_10,6,-1,0,288,0,6,0
24,10,5,2,wc_wave_10,7,-1,0,311,0,6,0
24,11,6,0,,0,4,0,676,0,5,0
24,11,6,0,,1,6,0,714,0,5,0
24,11,6,0,,2,7,0,800,1,4,1
24,11,6,0,,3,5,0,800,1,1,1
24,12,7,0,,0,6,0,441,0,5,0
24,12,7,0,,1,2,1,800,1,2,4
24,12,7,0,,3,4,0,433,0,5,0
24,12,7,0,,5,7,0,795,0,3,0
24,13,8,0,,0,7,1,800,1,2,1
24,13,8,0,,1,6,0,743,0,5,0
24,13,8,0,,2,3,1,800,1,2,2
24,13,8,0,,4,5,1,399,0,0,6
24,14,9,0,,0,6,0,704,0,2,0
24,14,9,0,,1,2,1,800,1,4,5
24,14,9,0,,3,5,1,800,1,1,1
24,14,9,0,,4,7,1,540,0,0,6
24,15,9,2,wc_wave_15,0,-1,0,240,0,6,0
24,15,9,2,wc_wave_15,1,-1,0,416,0,5,0
24,15,9,2,wc_wave_15,2,-1,0,489,0,5,0
24,15,9,2,wc_wave_15,3,-1,0,268,0,5,0
24,15,9,2,wc_wave_15,5,-1,0,281,0,5,0
24,15,9,2,wc_wave_15,6,-1,0,292,0,4,0
24,15,9,2,wc_wave_15,7,-1,0,353,0,5,0
24,16,10,1,,6,7,1,486,0,0,6
24,16,10,0,,0,5,1,800,1,1,3
24,16,10,0,,1,3,1,800,1,1,4
24,16,10,0,,2,7,1,800,1,2,2
24,17,11,0,,0,2,1,800,1,2,3
24,17,11,0,,1,5,1,800,1,2,4
24,17,11,0,,3,7,0,739,0,3,0
24,18,12,0,,0,3,1,566,0,0,5
24,18,12,0,,1,7,1,800,1,1,5
24,18,12,0,,2,5,1,800,1,1,3
24,19,13,0,,0,1,0,800,1,4,1
24,19,13,0,,2,3,0,800,1,3,2
24,19,13,0,,5,7,0,800,1,3,1
24,20,13,2,wc_wave_20,0,-1,0,424,0,2,0
24,20,13,2,wc_wave_20,2,-1,0,554,0,3,0
24,20,13,2,wc_wave_20,3,-1,0,523,0,2,0
24,20,13,2,wc_wave_20,5,-1,0,459,0,3,0
24,20,13,2,wc_wave_20,7,-1,0,539,0,2,0
24,21,14,1,,0,2,1,637,0,0,5
24,21,14,0,,2,7,1,800,1,1,2
24,21,14,0,,3,5,1,697,0,0,3
24,22,15,0,,2,5,0,800,1,3,1
24,22,15,0,,3,7,1,734,0,0,4
24,23,16,0,,2,3,0,800,1,3,1
24,23,16,0,,5,7,0,800,1,3,1
24,24,17,0,,2,7,1,754,0,0,3
24,24,17,0,,3,5,1,666,0,0,3
24,25,17,2,wc_wave_25,2,-1,1,800,1,1,2
24,25,17,2,wc_wave_25,3,-1,0,619,0,3,0
24,25,17,2,wc_wave_25,5,-1,0,474,0,5,0
24,25,17,2,wc_wave_25,7,-1,0,560,0,4,0
24,26,18,0,,2,5,0,800,1,2,2
24,26,18,0,,3,7,0,795,0,3,0
24,27,19,0,,2,3,1,763,0,0,4
24,27,19,0,,5,7,0,757,0,4,0
24,28,20,1,,5,3,0,800,1,1,1
24,28,20,0,,2,3,1,759,0,0,4
24,29,21,0,,3,5,1,629,0,0,3
25,1,0,2,wc_wave_01,0,-1,0,77,0,4,0
25,1,0,2,wc_wave_01,1,-1,0,56,0,4,0
25,1,0,2,wc_wave_01,2,-1,0,76,0,4,0
25,1,0,2,wc_wave_01,3,-1,0,67,0,3,0
25,1,0,2,wc_wave_01,4,-1,0,76,0,4,0
25,1,0,2,wc_wave_01,5,-1,0,78,0,4,0
25,1,0,2,wc_wave_01,6,-1,0,65,0,4,0
25,1,0,2,wc_wave_01,7,-1,0,82,0,4,0
25,2,0,2,wc_wave_02,0,-1,0,151,0,4,0
25,2,0,2,wc_wave_02,1,-1,0,75,0,4,0
25,2,0,2,wc_wave_02,2,-1,0,164,0,4,0
25,2,0,2,wc_wave_02,3,-1,0,97,0,4,0
25,2,0,2,wc_wave_02,4,-1,0,99,0,4,0
25,2,0,2,wc_wave_02,5,-1,0,113,0,4,0
25,2,0,2,wc_wave_02,6,-1,0,85,0,4,0
25,2,0,2,wc_wave_02,7,-1,0,137,0,4,0
25,3,0,2,wc_wave_03,0,-1,0,217,0,5,0
25,3,0,2,wc_wave_03,1,-1,0,86,0,5,0
25,3,0,2,wc_wave_03,2,-1,0,257,0,5,0
25,3,0,2,wc_wave_03,3,-1,0,159,0,5,0
25,3,0,2,wc_wave_03,4,-1,0,99,0,5,0
25,3,0,2,wc_wave_03,5,-1,0,179,0,5,0
25,3,0,2,wc_wave_03,6,-1,0,98,0,5,0
25,3,0,2,wc_wave_03,7,-1,0,137,0,5,0
25,4,1,0,,0,1,1,619,0,0,4
25,4,1,0,,2,6,1,800,1,2,3
25,4,1,0,,3,5,0,654,0,2,0
25,4,1,0,,4,7,1,605,0,0,5
25,5,1,2,wc_wave_05,0,-1,0,254,0,5,0
25,5,1,2,wc_wave_05,1,-1,0,159,0,5,0
25,5,1,2,wc_wave_05,2,-1,0,337,0,5,0
25,5,1,2,wc_wave_05,3,-1,0,214,0,5,0
25,5,1,2,wc_wave_05,4,-1,0,153,0,5,0
25,5,1,2,wc_wave_05,5,-1,0,240,0,5,0
25,5,1,2,wc_wave_05,6,-1,0,185,0,5,0
25,5,1,2,wc_wave_05,7,-1,0,263,0,5,0
25,6,2,0,,0,2,0,800,1,2,2
25,6,2,0,,1,7,0,460,0,4,0
25,6,2,0,,3,4,1,535,0,0,4
25,6,2,0,,5,6,1,526,0,0,4
25,7,3,0,,0,7,1,795,0,0,4
25,7,3,0,,1,5,0,467,0,4,0
25,7,3,0,,2,4,1,711,0,0,3
25,7,3,0,,3,6,1,651,0,0,1
25,8,4,0,,0,6,1,499,0,0,4
25,8,4,0,,1,4,0,481,0,3,0
25,8,4,0,,2,5,1,800,1,1,3
25,8,4,0,,3,7,0,800,1,2,1
25,9,5,0,,0,3,0,660,0,4,0
25,9,5,0,,1,2,0,654,0,2,0
25,9,5,0,,4,5,1,589,0,0,5
25,9,5,0,,6,7,0,474,0,6,0
25,10,5,2,wc_wave_10,0,-1,0,271,0,6,0
25,10,5,2,wc_wave_10,1,-1,0,163,0,6,0
25,10,5,2,wc_wave_10,2,-1,0,241,0,6,0
25,10,5,2,wc_wave_10,3,-1,0,317,0,6,0
25,10,5,2,wc_wave_10,4,-1,0,228,0,6,0
25,10,5,2,wc_wave_10,5,-1,0,219,0,6,0
25,10,5,2,wc_wave_10,6,-1,0,301,0,6,0
25,10,5,2,wc_wave_10,7,-1,0,326,0,6,0
25,11,6,0,,0,5,1,637,0,0,4
25,11,6,0,,1,3,0,348,0,6,0
25,11,6,0,,2,7,0,739,0,4,0
25,11,6,0,,4,6,0,741,0,4,0
25,12,7,0,,0,4,1,800,1,1,2
25,12,7,0,,1,6,0,482,0,3,0
25,12,7,0,,2,3,0,800,1,3,2
25,12,7,0,,5,7,0,472,0,5,0
25,13,8,0,,0,1,1,614,0,0,3
25,13,8,0,,2,6,0,651,0,5,0
25,13,8,0,,3,7,1,800,1,1,3
25,13,8,0,,4,5,1,554,0,0,4
25,14,9,0,,0,7,0,800,1,4,2
25,14,9,0,,1,3,0,444,0,5,0
25,14,9,0,,2,5,1,694,0,0,4
25,14,9,0,,4,6,1,800,1,1,2
25,15,9,2,wc_wave_15,0,-1,0,375,0,5,0
25,15,9,2,wc_wave_15,1,-1,0,240,0,6,0
25,15,9,2,wc_wave_15,2,-1,0,346,0,6,0
25,15,9,2,wc_wave_15,3,-1,0,447,0,3,0
25,15,9,2,wc_wave_15,4,-1,0,290,0,5,0
25,15,9,2,wc_wave_15,5,-1,0,240,0,6,0
25,15,9,2,wc_wave_15,6,-1,0,365,0,4,0
25,15,9,2,wc_wave_15,7,-1,0,425,0,4,0
25,16,10,0,,0,4,0,799,0,3,0
25,16,10,0,,1,6,0,462,0,4,0
25,16,10,0,,2,3,0,534,0,6,0
25,16,10,0,,5,7,0,485,0,5,0
25,17,11,0,,0,6,0,571,0,6,0
25,17,11,0,,1,2,0,577,0,3,0
25,17,11,0,,3,5,1,418,0,0,5
25,17,11,0,,4,7,0,717,0,4,0
25,18,12,1,,0,2,1,800,1,1,4
25,18,12,0,,1,4,0,487,0,4,0
25,18,12,0,,2,7,0,800,1,3,1
25,18,12,0,,5,6,0,532,0,5,0
25,19,13,0,,0,6,0,674,0,4,0
25,19,13,0,,1,5,1,730,0,0,2
25,19,13,0,,2,4,0,654,0,6,0
25,20,13,2,wc_wave_20,0,-1,1,705,0,0,2
25,20,13,2,wc_wave_20,1,-1,0,372,0,3,0
25,20,13,2,wc_wave_20,2,-1,0,595,0,3,0
25,20,13,2,wc_wave_20,5,-1,0,426,0,4,0
25,20,13,2,wc_wave_20,6,-1,1,545,0,0,1
25,21,14,0,,0,5,1,589,0,0,4
25,21,14,0,,1,2,0,720,0,2,0
25,22,15,0,,0,1,1,537,0,0,3
25,22,15,0,,2,5,1,629,0,0,4
25,23,16,1,,5,1,0,732,0,2,0
25,23,16,0,,1,2,0,653,0,4,0
25,24,17,0,,1,5,1,704,0,0,2
25,25,17,2,wc_wave_25,1,-1,0,487,0,3,0
25,25,17,2,wc_wave_25,5,-1,0,560,0,4,0
25,26,18,0,,1,5,1,691,0,0,2
25,27,19,0,,1,5,1,524,0,0,3
25,28,20,0,,1,5,0,800,1,2,1
25,29,21,0,,1,5,1,747,0,0,1
25,30,21,2,wc_wave_30,1,-1,0,449,0,2,0
25,30,21,2,wc_wave_30,5,-1,0,561,0,3,0
25,31,22,0,,1,5,0,686,0,2,0
25,32,23,0,,1,5,0,598,0,3,0
25,33,24,0,,1,5,0,628,0,3,0
25,34,25,0,,1,5,1,800,1,1,1
25,35,25,2,wc_wave_35,1,-1,0,429,0,4,0
25,35,25,2,wc_wave_35,5,-1,0,569,0,4,0
25,36,26,0,,1,5,0,800,1,1,1
25,37,27,0,,1,5,1,800,1,1,1
25,38,28,0,,1,5,0,673,0,1,0
26,1,0,2,wc_wave_01,0,-1,0,34,0,4,0
26,1,0,2,wc_wave_01,1,-1,0,65,0,4,0
26,1,0,2,wc_wave_01,2,-1,0,83,0,4,0
26,1,0,2,wc_wave_01,3,-1,0,33,0,4,0
26,1,0,2,wc_wave_01,4,-1,0,82,0,4,0
26,1,0,2,wc_wave_01,5,-1,0,56,0,4,0
26,1,0,2,wc_wave_01,6,-1,0,61,0,3,0
26,1,0,2,wc_wave_01,7,-1,0,82,0,4,0
26,2,0,2,wc_wave_02,0,-1,0,86,0,4,0
26,2,0,2,wc_wave_02,1,-1,0,106,0,4,0
26,2,0,2,wc_wave_02,2,-1,0,156,0,4,0
26,2,0,2,wc_wave_02,3,-1,0,86,0,4,0
26,2,0,2,wc_wave_02,4,-1,0,115,0,4,0
26,2,0,2,wc_wave_02,5,-1,0,127,0,4,0
26,2,0,2,wc_wave_02,6,-1,0,98,0,4,0
26,2,0,2,wc_wave_02,7,-1,0,80,0,4,0
26,3,0,2,wc_wave_03,0,-1,0,98,0,5,0
26,3,0,2,wc_wave_03,1,-1,0,125,0,5,0
26,3,0,2,wc_wave_03,2,-1,0,187,0,5,0
26,3,0,2,wc_wave_03,3,-1,0,98,0,5,0
26,3,0,2,wc_wave_03,4,-1,0,132,0,5,0
26,3,0,2,wc_wave_03,5,-1,0,120,0,5,0
26,3,0,2,wc_wave_03,6,-1,0,118,0,5,0
26,3,0,2,wc_wave_03,7,-1,0,141,0,5,0
26,4,1,0,,0,7,0,713,0,2,0
26,4,1,0,,1,6,0,466,0,3,0
26,4,1,0,,2,3,0,694,0,3,0
26,4,1,0,,4,5,0,741,0,4,0
26,5,1,2,wc_wave_05,0,-1,0,185,0,5,0
26,5,1,2,wc_wave_05,1,-1,0,182,0,5,0
26,5,1,2,wc_wave_05,2,-1,0,205,0,5,0
26,5,1,2,wc_wave_05,3,-1,0,187,0,5,0
26,5,1,2,wc_wave_05,4,-1,0,173,0,5,0
26,5,1,2,wc_wave_05,5,-1,0,209,0,5,0
26,5,1,2,wc_wave_05,6,-1,0,114,0,5,0
26,5,1,2,wc_wave_05,7,-1,0,185,0,5,0
26,6,2,0,,0,3,0,800,1,3,1
26,6,2,0,,1,4,1,359,0,0,4
26,6,2,0,,2,6,1,479,0,0,4
26,6,2,0,,5,7,1,800,1,1,1
26,7,3,0,,0,5,1,721,0,0,4
26,7,3,0,,1,2,1,596,0,0,2
26,7,3,0,,3,6,1,403,0,0,6
26,7,3,0,,4,7,1,678,0,0,4
26,8,4,0,,0,1,0,527,0,4,0
26,8,4,0,,2,4,0,800,1,2,1
26,8,4,0,,3,5,1,585,0,0,4
26,8,4,0,,6,7,0,587,0,4,0
26,9,5,0,,0,6,1,800,1,1,2
26,9,5,0,,1,5,1,493,0,0,5
26,9,5,0,,2,7,-1,800,1,1,1
26,9,5,0,,3,4,1,643,0,0,2
26,10,5,2,wc_wave_10,0,-1,0,251,0,6,0
26,10,5,2,wc_wave_10,1,-1,0,221,0,6,0
26,10,5,2,wc_wave_10,2,-1,0,287,0,6,0
26,10,5,2,wc_wave_10,3,-1,0,265,0,6,0
26,10,5,2,wc_wave_10,4,-1,0,269,0,6,0
26,10,5,2,wc_wave_10,5,-1,0,221,0,5,0
26,10,5,2,wc_wave_10,6,-1,0,209,0,6,0
26,10,5,2,wc_wave_10,7,-1,0,262,0,6,0
26,11,6,0,,0,4,0,800,1,3,1
26,11,6,0,,1,3,0,458,0,4,0
26,11,6,0,,2,5,1,676,0,0,3
26,11,6,0,,6,7,0,661,0,4,0
26,12,7,0,,0,2,0,800,1,2,1
26,12,7,0,,1,5,0,654,0,2,0
26,12,7,0,,3,7,1,528,0,0,4
26,12,7,0,,4,6,1,672,0,0,5
26,13,8,0,,0,4,0,800,1,3,2
26,13,8,0,,1,7,0,633,0,4,0
26,13,8,0,,2,3,0,525,0,4,0
26,13,8,0,,5,6,0,541,0,3,0
26,14,9,0,,0,3,0,501,0,5,0
26,14,9,0,,1,2,0,591,0,4,0
26,14,9,0,,4,6,1,686,0,0,4
26,14,9,0,,5,7,0,754,0,3,0
26,15,9,2,wc_wave_15,0,-1,0,377,0,5,0
26,15,9,2,wc_wave_15,1,-1,0,284,0,5,0
26,15,9,2,wc_wave_15,2,-1,0,465,0,4,0
26,15,9,2,wc_wave_15,3,-1,0,304,0,5,0
26,15,9,2,wc_wave_15,4,-1,0,430,0,4,0
26,15,9,2,wc_wave_15,5,-1,0,274,0,5,0
26,15,9,2,wc_wave_15,6,-1,0,246,0,6,0
26,15,9,2,wc_wave_15,7,-1,0,393,0,4,0
26,16,10,0,,0,6,1,635,0,0,3
26,16,10,0,,1,7,0,625,0,3,0
26,16,10,0,,2,5,1,800,1,2,2
26,16,10,0,,3,4,1,697,0,0,3
26,17,11,1,,1,6,1,800,1,1,1
26,17,11,0,,0,5,1,682,0,0,3
26,17,11,0,,2,6,1,800,1,1,3
26,17,11,0,,4,7,0,682,0,4,0
26,18,12,1,,7,0,1,800,1,1,2
26,18,12,0,,0,1,1,751,0,0,2
26,18,12,0,,2,4,1,779,0,0,3
26,18,12,0,,5,6,0,594,0,4,0
26,19,13,1,,2,7,0,800,1,3,1
26,19,13,0,,0,5,1,641,0,0,4
26,19,13,0,,1,4,0,628,0,4,0
26,19,13,0,,6,7,0,602,0,5,0
26,20,13,2,wc_wave_20,0,-1,1,639,0,0,1
26,20,13,2,wc_wave_20,1,-1,0,460,0,3,0
26,20,13,2,wc_wave_20,2,-1,0,667,0,2,0
26,20,13,2,wc_wave_20,4,-1,0,547,0,2,0
26,20,13,2,wc_wave_20,5,-1,0,517,0,3,0
26,20,13,2,wc_wave_20,6,-1,0,437,0,3,0
26,21,14,0,,0,2,0,800,1,2,1
26,21,14,0,,1,6,0,505,0,4,0
26,21,14,0,,4,5,1,742,0,0,2
26,22,15,0,,0,4,1,749,0,0,2
26,22,15,0,,1,5,1,559,0,0,4
26,22,15,0,,2,6,0,754,0,3,0
26,23,16,0,,0,1,1,551,0,0,4
26,23,16,0,,2,5,1,774,0,0,4
26,23,16,0,,4,6,0,728,0,3,0
26,24,17,0,,1,4,0,754,0,2,0
26,24,17,0,,5,6,0,618,0,3,0
26,25,17,2,wc_wave_25,1,-1,0,715,0,1,0
26,25,17,2,wc_wave_25,5,-1,0,522,0,4,0
26,25,17,2,wc_wave_25,6,-1,1,600,0,0,3
26,26,18,1,,6,1,1,743,0,0,1
26,26,18,0,,1,5,1,530,0,0,5
26,27,19,0,,1,5,1,490,0,0,4
26,28,20,0,,1,5,1,610,0,0,3
27,1,0,2,wc_wave_01,0,-1,0,34,0,4,0
27,1,0,2,wc_wave_01,1,-1,0,76,0,4,0
27,1,0,2,wc_wave_01,2,-1,0,78,0,4,0
27,1,0,2,wc_wave_01,3,-1,0,58,0,4,0
27,1,0,2,wc_wave_01,4,-1,0,56,0,4,0
27,1,0,2,wc_wave_01,5,-1,0,78,0,4,0
27,1,0,2,wc_wave_01,6,-1,0,89,0,4,0
27,1,0,2,wc_wave_01,7,-1,0,82,0,4,0
27,2,0,2,wc_wave_02,0,-1,0,76,0,4,0
27,2,0,2,wc_wave_02,1,-1,0,100,0,4,0
27,2,0,2,wc_wave_02,2,-1,0,151,0,4,0
27,2,0,2,wc_wave_02,3,-1,0,73,0,4,0
27,2,0,2,wc_wave_02,4,-1,0,96,0,4,0
27,2,0,2,wc_wave_02,5,-1,0,80,0,4,0
27,2,0,2,wc_wave_02,6,-1,0,119,0,4,0
27,2,0,2,wc_wave_02,7,-1,0,105,0,4,0
27,3,0,2,wc_wave_03,0,-1,0,94,0,5,0
27,3,0,2,wc_wave_03,1,-1,0,105,0,5,0
27,3,0,2,wc_wave_03,2,-1,0,128,0,5,0
27,3,0,2,wc_wave_03,3,-1,0,112,0,5,0
27,3,0,2,wc_wave_03,4,-1,0,105,0,5,0
27,3,0,2,wc_wave_03,5,-1,0,117,0,5,0
27,3,0,2,wc_wave_03,6,-1,0,128,0,5,0
27,3,0,2,wc_wave_03,7,-1,0,98,0,5,0
27,4,1,0,,0,3,0,751,0,1,0
27,4,1,0,,1,6,1,800,1,1,2
27,4,1,0,,2,4,0,800,1,2,1
27,4,1,0,,5,7,0,587,0,4,0
27,5,1,2,wc_wave_05,0,-1,0,194,0,5,0
27,5,1,2,wc_wave_05,1,-1,0,173,0,5,0
27,5,1,2,wc_wave_05,2,-1,0,182,0,5,0
27,5,1,2,wc_wave_05,3,-1,0,177,0,5,0
27,5,1,2,wc_wave_05,4,-1,0,137,0,5,0
27,5,1,2,wc_wave_05,5,-1,0,205,0,5,0
27,5,1,2,wc_wave_05,6,-1,0,246,0,5,0
27,5,1,2,wc_wave_05,7,-1,0,234,0,5,0
27,6,2,0,,0,5,0,626,0,2,0
27,6,2,0,,1,2,1,479,0,0,4
27,6,2,0,,3,7,1,730,0,0,3
27,6,2,0,,4,6,0,542,0,4,0
27,7,3,0,,0,6,0,611,0,5,0
27,7,3,0,,1,3,0,486,0,4,0
27,7,3,0,,2,5,0,575,0,5,0
27,7,3,0,,4,7,0,620,0,6,0
27,8,4,0,,0,1,0,520,0,4,0
27,8,4,0,,2,3,0,541,0,5,0
27,8,4,0,,4,5,0,501,0,3,0
27,8,4,0,,6,7,1,800,1,1,3
27,9,5,0,,0,4,0,474,0,3,0
27,9,5,0,,1,5,0,674,0,3,0
27,9,5,0,,2,7,0,658,0,4,0
27,9,5,0,,3,6,0,669,0,3,0
27,10,5,2,wc_wave_10,0,-1,0,227,0,6,0
27,10,5,2,wc_wave_10,1,-1,0,207,0,6,0
27,10,5,2,wc_wave_10,2,-1,0,260,0,6,0
27,10,5,2,wc_wave_10,3,-1,0,326,0,6,0
27,10,5,2,wc_wave_10,4,-1,0,210,0,6,0
27,10,5,2,wc_wave_10,5,-1,0,264,0,6,0
27,10,5,2,wc_wave_10,6,-1,0,346,0,5,0
27,10,5,2,wc_wave_10,7,-1,0,387,0,6,0
27,11,6,0,,0,7,0,632,0,3,0
27,11,6,0,,1,4,0,364,0,5,0
27,11,6,0,,2,6,0,639,0,5,0
27,11,6,0,,3,5,1,800,1,1,2
27,12,7,0,,0,2,0,783,0,2,0
27,12,7,0,,1,7,0,506,0,5,0
27,12,7,0,,3,4,0,399,0,5,0
27,12,7,0,,5,6,0,800,1,2,1
27,13,8,0,,0,6,0,547,0,4,0
27,13,8,0,,1,3,0,667,0,2,0
27,13,8,0,,2,7,0,665,0,5,0
27,13,8,0,,4,5,1,599,0,0,2
27,14,9,0,,0,4,0,463,0,2,0
27,14,9,0,,1,6,0,519,0,4,0
27,14,9,0,,2,5,1,800,1,1,2
27,14,9,0,,3,7,0,621,0,4,0
27,15,9,2,wc_wave_15,0,-1,0,286,0,5,0
27,15,9,2,wc_wave_15,1,-1,0,279,0,5,0
27,15,9,2,wc_wave_15,2,-1,0,389,0,5,0
27,15,9,2,wc_wave_15,3,-1,0,264,0,5,0
27,15,9,2,wc_wave_15,4,-1,0,260,0,5,0
27,15,9,2,wc_wave_15,5,-1,0,299,0,5,0
27,15,9,2,wc_wave_15,6,-1,0,352,0,4,0
27,15,9,2,wc_wave_15,7,-1,0,341,0,5,0
27,16,10,0,,0,5,0,634,0,3,0
27,16,10,0,,1,2,0,800,1,2,1
27,16,10,0,,3,6,0,534,0,3,0
27,16,10,0,,4,7,0,765,0,1,0
27,17,11,0,,0,2,1,800,1,1,2
27,17,11,0,,1,4,0,527,0,4,0
27,17,11,0,,3,5,0,706,0,3,0
27,17,11,0,,6,7,0,800,1,2,1
27,18,12,1,,2,4,1,783,0,0,2
27,18,12,0,,0,3,0,552,0,3,0
27,18,12,0,,1,5,0,800,1,1,1
27,18,12,0,,4,6,0,474,0,3,0
27,19,13,0,,0,1,1,726,0,0,1
27,19,13,0,,2,3,1,800,1,1,2
27,19,13,0,,4,5,1,576,0,0,3
27,20,13,2,wc_wave_20,0,-1,0,418,0,3,0
27,20,13,2,wc_wave_20,1,-1,0,344,0,4,0
27,20,13,2,wc_wave_20,2,-1,1,711,0,0,1
27,20,13,2,wc_wave_20,3,-1,1,523,0,0,1
27,20,13,2,wc_wave_20,4,-1,0,617,0,1,0
27,20,13,2,wc_wave_20,5,-1,0,389,0,4,0
27,21,14,0,,0,5,1,731,0,0,2
27,21,14,0,,1,2,0,800,1,2,1
27,21,14,0,,3,4,0,721,0,2,0
27,22,15,1,,3,1,1,527,0,0,4
27,22,15,0,,0,2,0,738,0,3,0
27,22,15,0,,1,5,1,718,0,0,4
27,23,16,1,,0,3,0,751,0,2,0
27,23,16,0,,1,2,0,706,0,3,0
27,23,16,0,,3,5,1,800,1,1,4
27,24,17,1,,5,1,0,677,0,4,0
27,24,17,0,,0,1,1,430,0,0,5
27,25,17,2,wc_wave_25,0,-1,0,542,0,1,0
27,25,17,2,wc_wave_25,1,-1,0,310,0,6,0
27,25,17,2,wc_wave_25,5,-1,0,524,0,4,0
27,26,18,1,,1,0,0,434,0,4,0
27,26,18,0,,0,5,1,543,0,0,4
27,27,19,1,,5,1,0,800,1,2,1
27,27,19,0,,0,1,1,671,0,0,3
27,28,20,1,,1,0,0,414,0,4,0
27,28,20,0,,0,5,1,757,0,0,2
27,29,21,1,,0,5,1,594,0,0,3
27,29,21,0,,1,5,0,800,1,1,1
27,30,21,2,wc_wave_30,1,-1,1,627,0,0,2
27,30,21,2,wc_wave_30,5,-1,1,607,0,0,4
27,31,22,0,,1,5,0,581,0,4,0
27,32,23,0,,1,5,0,800,1,1,2
28,1,0,2,wc_wave_01,0,-1,0,83,0,4,0
28,1,0,2,wc_wave_01,1,-1,0,91,0,4,0
28,1,0,2,wc_wave_01,2,-1,0,82,0,4,0
28,1,0,2,wc_wave_01,3,-1,0,35,0,4,0
28,1,0,2,wc_wave_01,4,-1,0,82,0,4,0
28,1,0,2,wc_wave_01,5,-1,0,82,0,3,0
28,1,0,2,wc_wave_01,6,-1,0,82,0,4,0
28,1,0,2,wc_wave_01,7,-1,0,56,0,4,0
28,2,0,2,wc_wave_02,0,-1,0,93,0,4,0
28,2,0,2,wc_wave_02,1,-1,0,80,0,4,0
28,2,0,2,wc_wave_02,2,-1,0,190,0,4,0
28,2,0,2,wc_wave_02,3,-1,0,112,0,4,0
28,2,0,2,wc_wave_02,4,-1,0,105,0,4,0
28,2,0,2,wc_wave_02,5,-1,0,87,0,4,0
28,2,0,2,wc_wave_02,6,-1,0,99,0,4,0
28,2,0,2,wc_wave_02,7,-1,0,121,0,4,0
28,3,0,2,wc_wave_03,0,-1,0,122,0,5,0
28,3,0,2,wc_wave_03,1,-1,0,99,0,5,0
28,3,0,2,wc_wave_03,2,-1,0,159,0,5,0
28,3,0,2,wc_wave_03,3,-1,0,142,0,5,0
28,3,0,2,wc_wave_03,4,-1,0,111,0,5,0
28,3,0,2,wc_wave_03,5,-1,0,123,0,5,0
28,3,0,2,wc_wave_03,6,-1,0,114,0,5,0
28,3,0,2,wc_wave_03,7,-1,0,124,0,5,0
28,4,1,0,,0,4,1,613,0,0,4
28,4,1,0,,1,5,1,496,0,0,2
28,4,1,0,,2,3,0,800,1,4,1
28,4,1,0,,6,7,0,693,0,3,0
28,5,1,2,wc_wave_05,0,-1,0,221,0,5,0
28,5,1,2,wc_wave_05,1,-1,0,146,0,5,0
28,5,1,2,wc_wave_05,2,-1,0,232,0,5,0
28,5,1,2,wc_wave_05,3,-1,0,193,0,5,0
28,5,1,2,wc_wave_05,4,-1,0,193,0,5,0
28,5,1,2,wc_wave_05,5,-1,0,193,0,5,0
28,5,1,2,wc_wave_05,6,-1,0,214,0,5,0
28,5,1,2,wc_wave_05,7,-1,0,213,0,5,0
28,6,2,0,,0,1,1,733,0,0,1
28,6,2,0,,2,4,1,800,1,2,2
28,6,2,0,,3,7,1,800,1,1,1
28,6,2,0,,5,6,1,776,0,0,2
28,7,3,0,,0,2,1,800,1,1,2
28,7,3,0,,1,6,0,800,1,2,1
28,7,3,0,,3,4,1,798,0,0,3
28,7,3,0,,5,7,0,690,0,3,0
28,8,4,0,,0,5,0,540,0,2,0
28,8,4,0,,1,3,0,552,0,4,0
28,8,4,0,,2,7,0,800,1,5,1
28,8,4,0,,4,6,0,548,0,4,0
28,9,5,0,,0,7,1,514,0,0,4
28,9,5,0,,1,4,1,659,0,0,2
28,9,5,0,,2,5,0,708,0,3,0
28,9,5,0,,3,6,1,800,1,2,1
28,10,5,2,wc_wave_10,0,-1,0,221,0,5,0
28,10,5,2,wc_wave_10,1,-1,0,193,0,6,0
28,10,5,2,wc_wave_10,2,-1,0,458,0,6,0
28,10,5,2,wc_wave_10,3,-1,0,306,0,6,0
28,10,5,2,wc_wave_10,4,-1,0,221,0,6,0
28,10,5,2,wc_wave_10,5,-1,0,244,0,6,0
28,10,5,2,wc_wave_10,6,-1,0,288,0,6,0
28,10,5,2,wc_wave_10,7,-1,0,246,0,6,0
28,11,6,0,,0,6,0,657,0,3,0
28,11,6,0,,1,2,1,800,1,2,2
28,11,6,0,,3,5,1,455,0,0,4
28,11,6,0,,4,7,1,800,1,1,1
28,12,7,0,,0,3,0,443,0,5,0
28,12,7,0,,1,7,0,742,0,2,0
28,12,7,0,,2,6,1,723,0,0,4
28,12,7,0,,4,5,0,564,0,3,0
28,13,8,0,,0,6,0,791,0,1,0
28,13,8,0,,1,5,1,525,0,0,3
28,13,8,0,,2,3,0,631,0,4,0
28,13,8,0,,4,7,1,687,0,0,3
28,14,9,0,,0,2,0,743,0,4,0
28,14,9,0,,1,3,0,496,0,4,0
28,14,9,0,,4,5,1,699,0,0,2
28,14,9,0,,6,7,0,630,0,3,0
28,15,9,2,wc_wave_15,0,-1,0,308,0,5,0
28,15,9,2,wc_wave_15,1,-1,0,308,0,6,0
28,15,9,2,wc_wave_15,2,-1,0,416,0,5,0
28,15,9,2,wc_wave_15,3,-1,0,412,0,4,0
28,15,9,2,wc_wave_15,4,-1,0,299,0,5,0
28,15,9,2,wc_wave_15,5,-1,0,223,0,6,0
28,15,9,2,wc_wave_15,6,-1,0,296,0,5,0
28,15,9,2,wc_wave_15,7,-1,0,303,0,5,0
28,16,10,0,,0,7,1,800,1,1,3
28,16,10,0,,1,6,0,800,1,2,1
28,16,10,0,,2,4,1,765,0,0,4
28,16,10,0,,3,5,1,435,0,0,4
28,17,11,1,,7,2,1,800,1,1,2
28,17,11,0,,0,5,1,446,0,0,5
28,17,11,0,,1,2,1,800,1,2,2
28,17,11,0,,4,6,0,650,0,2,0
28,18,12,1,,5,7,0,454,0,4,0
28,18,12,0,,0,4,0,800,1,2,1
28,18,12,0,,1,7,0,800,1,3,3
28,18,12,0,,2,6,1,698,0,0,2
28,19,13,1,,4,1,1,800,1,3,2
28,19,13,0,,0,1,0,800,1,5,1
28,19,13,0,,2,5,1,446,0,0,5
28,19,13,0,,6,7,0,539,0,4,0
28,20,13,2,wc_wave_20,0,-1,0,485,0,4,0
28,20,13,2,wc_wave_20,1,-1,0,538,0,2,0
28,20,13,2,wc_wave_20,2,-1,0,570,0,1,0
28,20,13,2,wc_wave_20,4,-1,0,610,0,1,0
28,20,13,2,wc_wave_20,5,-1,0,405,0,4,0
28,20,13,2,wc_wave_20,6,-1,0,497,0,3,0
28,20,13,2,wc_wave_20,7,-1,1,638,0,0,1
28,21,14,1,,1,5,1,561,0,0,4
28,21,14,0,,0,2,0,737,0,3,0
28,21,14,0,,4,7,0,603,0,4,0
28,21,14,0,,5,6,0,544,0,4,0
28,22,15,0,,0,6,0,779,0,2,0
28,22,15,0,,1,4,1,800,1,1,4
28,22,15,0,,2,5,1,426,0,0,5
28,23,16,1,,0,4,1,800,1,2,2
28,23,16,0,,1,6,1,800,1,3,2
28,23,16,0,,4,5,1,548,0,0,4
28,24,17,0,,0,5,1,541,0,0,5
28,24,17,0,,4,6,0,739,0,4,0
28,25,17,2,wc_wave_25,0,-1,0,688,0,3,0
28,25,17,2,wc_wave_25,4,-1,0,602,0,3,0
28,25,17,2,wc_wave_25,5,-1,0,545,0,3,0
28,26,18,1,,5,4,0,474,0,5,0
28,26,18,0,,0,4,1,711,0,0,4
28,27,19,0,,4,5,1,615,0,0,4
28,28,20,0,,4,5,1,434,0,0,4
29,1,0,2,wc_wave_01,0,-1,0,82,0,4,0
29,1,0,2,wc_wave_01,1,-1,0,84,0,4,0
29,1,0,2,wc_wave_01,2,-1,0,82,0,4,0
29,1,0,2,wc_wave_01,3,-1,0,87,0,4,0
29,1,0,2,wc_wave_01,4,-1,0,35,0,4,0
29,1,0,2,wc_wave_01,5,-1,0,56,0,4,0
29,1,0,2,wc_wave_01,6,-1,0,89,0,4,0
29,1,0,2,wc_wave_01,7,-1,0,35,0,4,0
29,2,0,2,wc_wave_02,0,-1,0,86,0,4,0
29,2,0,2,wc_wave_02,1,-1,0,99,0,4,0
29,2,0,2,wc_wave_02,2,-1,0,174,0,4,0
29,2,0,2,wc_wave_02,3,-1,0,105,0,4,0
29,2,0,2,wc_wave_02,4,-1,0,105,0,4,0
29,2,0,2,wc_wave_02,5,-1,0,98,0,4,0
29,2,0,2,wc_wave_02,6,-1,0,119,0,4,0
29,2,0,2,wc_wave_02,7,-1,0,119,0,4,0
29,3,0,2,wc_wave_03,0,-1,0,142,0,5,0
29,3,0,2,wc_wave_03,1,-1,0,137,0,5,0
29,3,0,2,wc_wave_03,2,-1,0,136,0,5,0
29,3,0,2,wc_wave_03,3,-1,0,124,0,5,0
29,3,0,2,wc_wave_03,4,-1,0,99,0,5,0
29,3,0,2,wc_wave_03,5,-1,0,105,0,5,0
29,3,0,2,wc_wave_03,6,-1,0,152,0,5,0
29,3,0,2,wc_wave_03,7,-1,0,134,0,5,0
29,4,1,0,,0,6,1,479,0,0,5
29,4,1,0,,1,3,1,452,0,0,4
29,4,1,0,,2,7,1,770,0,0,4
29,4,1,0,,4,5,0,625,0,2,0
29,5,1,2,wc_wave_05,0,-1,0,252,0,5,0
29,5,1,2,wc_wave_05,1,-1,0,201,0,5,0
29,5,1,2,wc_wave_05,2,-1,0,246,0,5,0
29,5,1,2,wc_wave_05,3,-1,0,182,0,5,0
29,5,1,2,wc_wave_05,4,-1,0,170,0,5,0
29,5,1,2,wc_wave_05,5,-1,0,193,0,5,0
29,5,1,2,wc_wave_05,6,-1,0,233,0,5,0
29,5,1,2,wc_wave_05,7,-1,0,205,0,5,0
29,6,2,0,,0,5,1,572,0,0,5
29,6,2,0,,1,7,0,541,0,2,0
29,6,2,0,,2,6,1,563,0,0,4
29,6,2,0,,3,4,1,710,0,0,2
29,7,3,0,,0,1,1,360,0,0,5
29,7,3,0,,2,4,1,800,1,1,2
29,7,3,0,,3,6,0,800,1,2,1
29,7,3,0,,5,7,1,545,0,0,4
29,8,4,0,,0,7,1,456,0,0,5
29,8,4,0,,1,4,0,556,0,1,0
29,8,4,0,,2,3,0,800,1,3,2
29,8,4,0,,5,6,0,763,0,3,0
29,9,5,0,,0,2,1,712,0,0,5
29,9,5,0,,1,6,1,800,1,1,1
29,9,5,0,,3,5,0,674,0,2,0
29,9,5,0,,4,7,1,508,0,0,3
29,10,5,2,wc_wave_10,0,-1,0,441,0,5,0
29,10,5,2,wc_wave_10,1,-1,0,193,0,6,0
29,10,5,2,wc_wave_10,2,-1,0,315,0,6,0
29,10,5,2,wc_wave_10,3,-1,0,208,0,6,0
29,10,5,2,wc_wave_10,4,-1,0,258,0,6,0
29,10,5,2,wc_wave_10,5,-1,0,290,0,6,0
29,10,5,2,wc_wave_10,6,-1,0,380,0,5,0
29,10,5,2,wc_wave_10,7,-1,0,227,0,6,0
29,11,6,0,,0,3,1,409,0,0,5
29,11,6,0,,1,5,1,705,0,0,2
29,11,6,0,,2,4,0,782,0,3,0
29,11,6,0,,6,7,1,800,1,1,3
29,12,7,0,,0,4,1,662,0,0,5
29,12,7,0,,1,2,0,514,0,5,0
29,12,7,0,,3,7,0,690,0,2,0
29,12,7,0,,5,6,0,800,1,2,2
29,13,8,0,,0,7,1,481,0,0,5
29,13,8,0,,1,3,0,800,1,1,1
29,13,8,0,,2,5,1,620,0,0,5
29,13,8,0,,4,6,1,534,0,0,6
29,14,9,1,,7,3,1,646,0,0,3
29,14,9,0,,1,2,0,586,0,4,0
29,14,9,0,,3,6,0,566,0,6,0
29,14,9,0,,4,5,1,547,0,0,5
29,15,9,2,wc_wave_15,1,-1,0,264,0,5,0
29,15,9,2,wc_wave_15,2,-1,0,416,0,5,0
29,15,9,2,wc_wave_15,3,-1,0,241,0,5,0
29,15,9,2,wc_wave_15,4,-1,0,514,0,4,0
29,15,9,2,wc_wave_15,5,-1,0,240,0,6,0
29,15,9,2,wc_wave_15,6,-1,0,362,0,5,0
29,15,9,2,wc_wave_15,7,-1,0,288,0,6,0
29,16,10,1,,1,6,1,641,0,0,3
29,16,10,0,,2,5,1,605,0,0,5
29,16,10,0,,3,4,0,579,0,5,0
29,16,10,0,,6,7,0,787,0,3,0
29,17,11,1,,6,4,0,678,0,4,0
29,17,11,0,,1,4,0,426,0,5,0
29,17,11,0,,2,7,1,656,0,0,4
29,17,11,0,,3,5,1,800,1,2,3
29,18,12,1,,4,7,1,582,0,0,4
29,18,12,0,,1,5,0,800,1,2,1
29,18,12,0,,2,3,0,800,1,5,3
29,18,12,0,,6,7,0,782,0,2,0
29,19,13,1,,5,7,0,800,1,2,1
29,19,13,0,,1,7,0,559,0,3,0
29,19,13,0,,2,6,1,692,0,0,5
29,19,13,0,,3,4,0,672,0,4,0
29,20,13,2,wc_wave_20,1,-1,0,457,0,2,0
29,20,13,2,wc_wave_20,3,-1,0,525,0,2,0
29,20,13,2,wc_wave_20,5,-1,0,548,0,3,0
29,20,13,2,wc_wave_20,6,-1,0,456,0,4,0
29,20,13,2,wc_wave_20,7,-1,0,571,0,1,0
29,21,14,1,,3,7,1,800,1,1,3
29,21,14,0,,1,5,0,800,1,1,2
29,21,14,0,,6,7,0,597,0,4,0
29,22,15,1,,5,6,1,772,0,0,4
29,22,15,0,,1,7,1,660,0,0,1
29,22,15,0,,3,6,1,800,1,1,2
29,23,16,1,,1,6,0,598,0,3,0
29,23,16,0,,3,5,1,778,0,0,5
29,23,16,0,,6,7,1,725,0,0,2
29,24,17,1,,6,5,1,779,0,0,4
29,24,17,0,,1,3,0,800,1,1,2
29,24,17,0,,5,7,1,800,1,1,2
29,25,17,2,wc_wave_25,1,-1,0,399,0,5,0
29,25,17,2,wc_wave_25,5,-1,0,566,0,3,0
29,25,17,2,wc_wave_25,6,-1,0,800,1,2,1
29,25,17,2,wc_wave_25,7,-1,0,638,0,2,0
29,26,18,0,,1,5,1,727,0,0,3
29,26,18,0,,6,7,0,725,0,3,0
29,27,19,0,,1,6,1,710,0,0,2
29,27,19,0,,5,7,0,607,0,3,0
29,28,20,1,,5,1,0,557,0,3,0
29,28,20,0,,1,6,0,612,0,3,0
29,29,21,1,,1,6,0,662,0,3,0
29,29,21,0,,5,6,1,800,1,2,3
29,30,21,2,wc_wave_30,1,-1,1,459,0,0,3
29,30,21,2,wc_wave_30,5,-1,0,660,0,1,0
29,30,21,2,wc_wave_30,6,-1,1,497,0,0,4
29,31,22,1,,6,5,1,800,1,1,2
29,31,22,0,,1,5,0,768,0,2,0
30,1,0,2,wc_wave_01,0,-1,0,58,0,4,0
30,1,0,2,wc_wave_01,1,-1,0,37,0,4,0
30,1,0,2,wc_wave_01,2,-1,0,86,0,4,0
30,1,0,2,wc_wave_01,3,-1,0,65,0,4,0
30,1,0,2,wc_wave_01,4,-1,0,65,0,4,0
30,1,0,2,wc_wave_01,5,-1,0,82,0,4,0
30,1,0,2,wc_wave_01,6,-1,0,78,0,4,0
30,1,0,2,wc_wave_01,7,-1,0,76,0,4,0
30,2,0,2,wc_wave_02,0,-1,0,98,0,4,0
30,2,0,2,wc_wave_02,1,-1,0,80,0,4,0
30,2,0,2,wc_wave_02,2,-1,0,158,0,4,0
30,2,0,2,wc_wave_02,3,-1,0,105,0,4,0
30,2,0,2,wc_wave_02,4,-1,0,112,0,4,0
30,2,0,2,wc_wave_02,5,-1,0,99,0,4,0
30,2,0,2,wc_wave_02,6,-1,0,105,0,4,0
30,2,0,2,wc_wave_02,7,-1,0,112,0,4,0
30,3,0,2,wc_wave_03,0,-1,0,120,0,5,0
30,3,0,2,wc_wave_03,1,-1,0,99,0,5,0
30,3,0,2,wc_wave_03,2,-1,0,189,0,5,0
30,3,0,2,wc_wave_03,3,-1,0,117,0,5,0
30,3,0,2,wc_wave_03,4,-1,0,124,0,5,0
30,3,0,2,wc_wave_03,5,-1,0,95,0,5,0
30,3,0,2,wc_wave_03,6,-1,0,105,0,5,0
30,3,0,2,wc_wave_03,7,-1,0,99,0,5,0
30,4,1,0,,0,3,0,800,1,3,1
30,4,1,0,,1,2,0,505,0,4,0
30,4,1,0,,4,6,0,618,0,3,0
30,4,1,0,,5,7,1,737,0,0,2
30,5,1,2,wc_wave_05,0,-1,0,161,0,5,0
30,5,1,2,wc_wave_05,1,-1,0,167,0,5,0
30,5,1,2,wc_wave_05,2,-1,0,336,0,5,0
30,5,1,2,wc_wave_05,3,-1,0,190,0,5,0
30,5,1,2,wc_wave_05,4,-1,0,210,0,5,0
30,5,1,2,wc_wave_05,5,-1,0,166,0,5,0
30,5,1,2,wc_wave_05,6,-1,0,245,0,5,0
30,5,1,2,wc_wave_05,7,-1,0,186,0,5,0
30,6,2,0,,0,4,1,800,1,1,1
30,6,2,0,,1,7,0,766,0,2,0
30,6,2,0,,2,5,1,800,1,1,3
30,6,2,0,,3,6,0,459,0,5,0
30,7,3,0,,0,2,0,753,0,4,0
30,7,3,0,,1,4,0,515,0,3,0
30,7,3,0,,3,7,0,800,1,4,1
30,7,3,0,,5,6,0,526,0,4,0
30,8,4,0,,0,5,0,714,0,2,0
30,8,4,0,,1,3,1,790,0,0,1
30,8,4,0,,2,6,0,775,0,5,0
30,8,4,0,,4,7,1,800,1,1,2
30,9,5,0,,0,1,1,723,0,0,1
30,9,5,0,,2,4,1,733,0,0,3
30,9,5,0,,3,5,1,711,0,0,2
30,9,5,0,,6,7,1,601,0,0,4
30,10,5,2,wc_wave_10,0,-1,0,274,0,6,0
30,10,5,2,wc_wave_10,1,-1,0,269,0,6,0
30,10,5,2,wc_wave_10,2,-1,0,585,0,5,0
30,10,5,2,wc_wave_10,3,-1,0,318,0,5,0
30,10,5,2,wc_wave_10,4,-1,0,241,0,6,0
30,10,5,2,wc_wave_10,5,-1,0,179,0,6,0
30,10,5,2,wc_wave_10,6,-1,0,237,0,6,0
30,10,5,2,wc_wave_10,7,-1,0,207,0,6,0
30,11,6,0,,0,6,0,800,1,2,1
30,11,6,0,,1,5,1,517,0,0,2
30,11,6,0,,2,7,1,800,1,1,3
30,11,6,0,,3,4,0,800,1,3,1
30,12,7,0,,0,7,1,680,0,0,3
30,12,7,0,,1,6,0,595,0,2,0
30,12,7,0,,2,3,0,800,1,3,2
30,12,7,0,,4,5,1,622,0,0,2
30,13,8,0,,0,1,1,800,1,1,1
30,13,8,0,,2,4,1,800,1,1,2
30,13,8,0,,3,7,1,538,0,0,6
30,13,8,0,,5,6,0,416,0,4,0
30,14,9,0,,0,7,1,712,0,0,5
30,14,9,0,,1,3,1,703,0,0,2
30,14,9,0,,2,5,1,520,0,0,4
30,14,9,0,,4,6,0,516,0,4,0
30,15,9,2,wc_wave_15,0,-1,0,363,0,4,0
30,15,9,2,wc_wave_15,1,-1,0,245,0,5,0
30,15,9,2,wc_wave_15,2,-1,0,443,0,5,0
30,15,9,2,wc_wave_15,3,-1,0,365,0,5,0
30,15,9,2,wc_wave_15,4,-1,0,284,0,5,0
30,15,9,2,wc_wave_15,5,-1,0,223,0,5,0
30,15,9,2,wc_wave_15,6,-1,0,308,0,5,0
30,15,9,2,wc_wave_15,7,-1,0,263,0,5,0
30,16,10,0,,0,2,1,800,1,3,3
30,16,10,0,,1,6,0,530,0,3,0
30,16,10,0,,3,5,1,525,0,0,3
30,16,10,0,,4,7,1,472,0,0,5
30,17,11,1,,5,4,0,460,0,3,0
30,17,11,0,,0,3,1,793,0,0,3
30,17,11,0,,1,4,1,613,0,0,2
30,17,11,0,,2,7,1,800,1,3,4
30,18,12,1,,7,1,0,557,0,4,0
30,18,12,0,,0,5,1,541,0,0,3
30,18,12,0,,1,2,1,800,1,1,3
30,18,12,0,,3,4,1,653,0,0,2
30,19,13,1,,4,0,0,571,0,4,0
30,19,13,0,,0,1,0,781,0,2,0
30,19,13,0,,2,3,0,800,1,2,3
30,19,13,0,,5,7,0,761,0,2,0
30,20,13,2,wc_wave_20,0,-1,1,571,0,0,1
30,20,13,2,wc_wave_20,1,-1,0,547,0,1,0
30,20,13,2,wc_wave_20,2,-1,1,729,0,0,1
30,20,13,2,wc_wave_20,3,-1,0,413,0,3,0
30,20,13,2,wc_wave_20,4,-1,-1,698,0,0,0
30,20,13,2,wc_wave_20,5,-1,0,371,0,3,0
30,20,13,2,wc_wave_20,7,-1,0,670,0,2,0
30,21,14,1,,3,0,0,530,0,5,0
30,21,14,0,,0,7,1,800,1,2,3
30,21,14,0,,1,5,1,479,0,0,3
30,21,14,0,,2,4,1,800,1,4,2
30,22,15,1,,0,4,1,553,0,0,4
30,22,15,0,,1,3,1,498,0,0,4
30,22,15,0,,2,7,0,800,1,4,4
30,22,15,0,,4,5,1,561,0,0,2
30,23,16,0,,1,2,1,800,1,2,3
30,23,16,0,,3,4,0,573,0,3,0
30,23,16,0,,5,7,0,785,0,2,0
30,24,17,1,,2,5,1,638,0,0,3
30,24,17,0,,3,5,0,508,0,4,0
30,24,17,0,,4,7,1,766,0,0,2
30,25,17,2,wc_wave_25,3,-1,0,473,0,4,0
30,25,17,2,wc_wave_25,4,-1,0,438,0,5,0
30,25,17,2,wc_wave_25,5,-1,0,457,0,2,0
30,25,17,2,wc_wave_25,7,-1,0,629,0,3,0
30,26,18,0,,3,7,0,702,0,4,0
30,26,18,0,,4,5,1,473,0,0,3
30,27,19,1,,3,5,0,557,0,3,0
30,27,19,0,,5,7,1,664,0,0,2
30,28,20,1,,5,3,1,622,0,0,2
30,28,20,0,,3,7,0,721,0,3,0
30,29,21,1,,7,5,0,800,1,2,1
30,29,21,0,,3,5,0,562,0,3,0
30,30,21,2,wc_wave_30,3,-1,0,630,0,1,0
30,30,21,2,wc_wave_30,5,-1,1,531,0,0,2
30,30,21,2,wc_wave_30,7,-1,1,596,0,0,3
30,31,22,1,,3,7,0,800,1,2,1
30,31,22,0,,5,7,0,771,0,2,0
30,32,23,0,,3,5,1,763,0,0,1
30,33,24,0,,3,5,0,481,0,4,0
30,34,25,0,,3,5,0,723,0,3,0
31,1,0,2,wc_wave_01,0,-1,0,37,0,4,0
31,1,0,2,wc_wave_01,1,-1,0,32,0,4,0
31,1,0,2,wc_wave_01,2,-1,0,58,0,4,0
31,1,0,2,wc_wave_01,3,-1,0,80,0,3,0
31,1,0,2,wc_wave_01,4,-1,0,73,0,4,0
31,1,0,2,wc_wave_01,5,-1,0,82,0,4,0
31,1,0,2,wc_wave_01,6,-1,0,89,0,4,0
31,1,0,2,wc_wave_01,7,-1,0,56,0,4,0
31,2,0,2,wc_wave_02,0,-1,0,105,0,4,0
31,2,0,2,wc_wave_02,1,-1,0,92,0,4,0
31,2,0,2,wc_wave_02,2,-1,0,86,0,4,0
31,2,0,2,wc_wave_02,3,-1,0,99,0,4,0
31,2,0,2,wc_wave_02,4,-1,0,112,0,4,0
31,2,0,2,wc_wave_02,5,-1,0,76,0,4,0
31,2,0,2,wc_wave_02,6,-1,0,133,0,4,0
31,2,0,2,wc_wave_02,7,-1,0,85,0,4,0
31,3,0,2,wc_wave_03,0,-1,0,105,0,5,0
31,3,0,2,wc_wave_03,1,-1,0,93,0,5,0
31,3,0,2,wc_wave_03,2,-1,0,117,0,5,0
31,3,0,2,wc_wave_03,3,-1,0,117,0,5,0
31,3,0,2,wc_wave_03,4,-1,0,142,0,5,0
31,3,0,2,wc_wave_03,5,-1,0,99,0,5,0
31,3,0,2,wc_wave_03,6,-1,0,148,0,5,0
31,3,0,2,wc_wave_03,7,-1,0,148,0,5,0
31,4,1,0,,0,2,1,800,1,1,3
31,4,1,0,,1,7,1,528,0,0,4
31,4,1,0,,3,4,1,504,0,0,3
31,4,1,0,,5,6,0,799,0,1,0
31,5,1,2,wc_wave_05,0,-1,0,186,0,5,0
31,5,1,2,wc_wave_05,1,-1,0,142,0,5,0
31,5,1,2,wc_wave_05,2,-1,0,218,0,5,0
31,5,1,2,wc_wave_05,3,-1,0,182,0,5,0
31,5,1,2,wc_wave_05,4,-1,0,193,0,5,0
31,5,1,2,wc_wave_05,5,-1,0,149,0,5,0
31,5,1,2,wc_wave_05,6,-1,0,178,0,5,0
31,5,1,2,wc_wave_05,7,-1,0,200,0,5,0
31,6,2,0,,0,6,0,799,0,2,0
31,6,2,0,,1,2,1,800,1,1,3
31,6,2,0,,3,7,1,581,0,0,4
31,6,2,0,,4,5,1,674,0,0,2
31,7,3,0,,0,1,0,691,0,3,0
31,7,3,0,,2,4,1,787,0,0,3
31,7,3,0,,3,5,1,514,0,0,3
31,7,3,0,,6,7,1,800,1,1,2
31,8,4,0,,0,5,1,628,0,0,5
31,8,4,0,,1,3,0,515,0,2,0
31,8,4,0,,2,7,0,800,1,3,2
31,8,4,0,,4,6,1,800,1,1,3
31,9,5,0,,0,4,1,800,1,2,2
31,9,5,0,,1,6,1,475,0,0,5
31,9,5,0,,2,3,1,680,0,0,3
31,9,5,0,,5,7,1,800,1,2,3
31,10,5,2,wc_wave_10,0,-1,0,317,0,6,0
31,10,5,2,wc_wave_10,1,-1,0,162,0,6,0
31,10,5,2,wc_wave_10,2,-1,0,305,0,6,0
31,10,5,2,wc_wave_10,3,-1,0,211,0,6,0
31,10,5,2,wc_wave_10,4,-1,0,219,0,6,0
31,10,5,2,wc_wave_10,5,-1,0,264,0,6,0
31,10,5,2,wc_wave_10,6,-1,0,243,0,6,0
31,10,5,2,wc_wave_10,7,-1,0,325,0,6,0
31,11,6,0,,0,3,0,800,1,1,1
31,11,6,0,,1,5,1,788,0,0,2
31,11,6,0,,2,6,1,481,0,0,5
31,11,6,0,,4,7,0,717,0,5,0
31,12,7,0,,0,7,0,800,1,4,1
31,12,7,0,,1,4,1,800,1,1,1
31,12,7,0,,2,5,1,800,1,2,3
31,12,7,0,,3,6,1,542,0,0,4
31,13,8,0,,0,5,1,800,1,1,2
31,13,8,0,,1,6,1,629,0,0,4
31,13,8,0,,2,4,1,703,0,0,5
31,13,8,0,,3,7,0,534,0,2,0
31,14,9,0,,0,1,1,623,0,0,3
31,14,9,0,,2,7,0,800,1,5,2
31,14,9,0,,3,6,1,587,0,0,2
31,14,9,0,,4,5,1,800,1,1,3
31,15,9,2,wc_wave_15,0,-1,0,305,0,5,0
31,15,9,2,wc_wave_15,1,-1,0,236,0,4,0
31,15,9,2,wc_wave_15,2,-1,0,598,0,4,0
31,15,9,2,wc_wave_15,3,-1,0,191,0,5,0
31,15,9,2,wc_wave_15,4,-1,0,296,0,5,0
31,15,9,2,wc_wave_15,5,-1,0,293,0,5,0
31,15,9,2,wc_wave_15,6,-1,0,255,0,6,0
31,15,9,2,wc_wave_15,7,-1,0,458,0,5,0
31,16,10,0,,0,6,1,567,0,0,5
31,16,10,0,,1,5,1,657,0,0,3
31,16,10,0,,2,3,1,453,0,0,4
31,16,10,0,,4,7,0,624,0,5,0
31,17,11,0,,0,3,1,507,0,0,5
31,17,11,0,,1,2,0,594,0,4,0
31,17,11,0,,4,6,1,583,0,0,4
31,17,11,0,,5,7,0,714,0,5,0
31,18,12,0,,0,2,1,800,1,2,5
31,18,12,0,,1,7,0,573,0,4,0
31,18,12,0,,3,4,0,505,0,4,0
31,18,12,0,,5,6,1,789,0,0,4
31,19,13,1,,5,3,1,722,0,0,2
31,19,13,0,,0,4,1,794,0,0,3
31,19,13,0,,1,3,1,415,0,0,3
31,19,13,0,,2,6,1,500,0,0,5
31,20,13,2,wc_wave_20,1,-1,0,636,0,1,0
31,20,13,2,wc_wave_20,3,-1,0,340,0,3,0
31,20,13,2,wc_wave_20,4,-1,0,538,0,2,0
31,20,13,2,wc_wave_20,5,-1,0,581,0,2,0
31,20,13,2,wc_wave_20,6,-1,0,374,0,5,0
31,21,14,1,,4,1,0,750,0,3,0
31,21,14,0,,1,5,1,663,0,0,3
31,21,14,0,,3,6,1,578,0,0,2
31,22,15,0,,3,4,0,632,0,2,0
31,22,15,0,,5,6,1,800,1,1,3
31,23,16,0,,3,5,0,800,1,1,1
31,23,16,0,,4,6,1,666,0,0,4
31,24,17,0,,3,6,0,647,0,2,0
31,24,17,0,,4,5,1,625,0,0,5
31,25,17,2,wc_wave_25,3,-1,0,320,0,5,0
31,25,17,2,wc_wave_25,5,-1,0,485,0,4,0
31,25,17,2,wc_wave_25,6,-1,0,418,0,4,0
31,26,18,1,,6,5,0,737,0,4,0
31,26,18,0,,3,5,0,607,0,2,0
31,27,19,1,,3,6,1,670,0,0,1
31,27,19,0,,5,6,1,800,1,1,2
31,28,20,1,,5,3,1,556,0,0,3
31,28,20,0,,3,6,1,632,0,0,1
31,29,21,0,,3,6,1,597,0,0,2
32,1,0,2,wc_wave_01,0,-1,0,56,0,4,0
32,1,0,2,wc_wave_01,1,-1,0,82,0,4,0
32,1,0,2,wc_wave_01,2,-1,0,84,0,3,0
32,1,0,2,wc_wave_01,3,-1,0,99,0,3,0
32,1,0,2,wc_wave_01,4,-1,0,63,0,4,0
32,1,0,2,wc_wave_01,5,-1,0,76,0,4,0
32,1,0,2,wc_wave_01,6,-1,0,68,0,4,0
32,1,0,2,wc_wave_01,7,-1,0,82,0,4,0
32,2,0,2,wc_wave_02,0,-1,0,106,0,4,0
32,2,0,2,wc_wave_02,1,-1,0,119,0,4,0
32,2,0,2,wc_wave_02,2,-1,0,94,0,4,0
32,2,0,2,wc_wave_02,3,-1,0,91,0,4,0
32,2,0,2,wc_wave_02,4,-1,0,112,0,4,0
32,2,0,2,wc_wave_02,5,-1,0,133,0,4,0
32,2,0,2,wc_wave_02,6,-1,0,99,0,4,0
32,2,0,2,wc_wave_02,7,-1,0,97,0,4,0
32,3,0,2,wc_wave_03,0,-1,0,100,0,5,0
32,3,0,2,wc_wave_03,1,-1,0,134,0,5,0
32,3,0,2,wc_wave_03,2,-1,0,134,0,5,0
32,3,0,2,wc_wave_03,3,-1,0,111,0,5,0
32,3,0,2,wc_wave_03,4,-1,0,128,0,5,0
32,3,0,2,wc_wave_03,5,-1,0,167,0,5,0
32,3,0,2,wc_wave_03,6,-1,0,125,0,5,0
32,3,0,2,wc_wave_03,7,-1,0,117,0,5,0
32,4,1,0,,0,3,0,607,0,2,0
32,4,1,0,,1,2,1,670,0,0,4
32,4,1,0,,4,6,1,755,0,0,3
32,4,1,0,,5,7,0,800,1,2,2
32,5,1,2,wc_wave_05,0,-1,0,174,0,5,0
32,5,1,2,wc_wave_05,1,-1,0,230,0,5,0
32,5,1,2,wc_wave_05,2,-1,0,194,0,5,0
32,5,1,2,wc_wave_05,3,-1,0,207,0,5,0
32,5,1,2,wc_wave_05,4,-1,0,196,0,5,0
32,5,1,2,wc_wave_05,5,-1,0,176,0,5,0
32,5,1,2,wc_wave_05,6,-1,0,213,0,5,0
32,5,1,2,wc_wave_05,7,-1,0,190,0,5,0
32,6,2,0,,0,2,0,714,0,3,0
32,6,2,0,,1,4,0,529,0,3,0
32,6,2,0,,3,7,1,512,0,0,3
32,6,2,0,,5,6,0,401,0,5,0
32,7,3,0,,0,1,1,546,0,0,3
32,7,3,0,,2,4,0,702,0,4,0
32,7,3,0,,3,5,1,530,0,0,3
32,7,3,0,,6,7,1,660,0,0,3
32,8,4,0,,0,6,0,800,1,3,1
32,8,4,0,,1,3,0,418,0,5,0
32,8,4,0,,2,7,0,798,0,4,0
32,8,4,0,,4,5,1,666,0,0,4
32,9,5,0,,0,5,1,800,1,2,1
32,9,5,0,,1,7,1,705,0,0,2
32,9,5,0,,2,6,1,800,1,1,1
32,9,5,0,,3,4,1,800,1,1,3
32,10,5,2,wc_wave_10,0,-1,0,239,0,6,0
32,10,5,2,wc_wave_10,1,-1,0,217,0,6,0
32,10,5,2,wc_wave_10,2,-1,0,251,0,6,0
32,10,5,2,wc_wave_10,3,-1,0,294,0,5,0
32,10,5,2,wc_wave_10,4,-1,0,321,0,5,0
32,10,5,2,wc_wave_10,5,-1,0,304,0,4,0
32,10,5,2,wc_wave_10,6,-1,0,161,0,6,0
32,10,5,2,wc_wave_10,7,-1,0,256,0,6,0
32,11,6,0,,0,7,1,800,1,1,1
32,11,6,0,,1,5,0,601,0,4,0
32,11,6,0,,2,3,0,659,0,4,0
32,11,6,0,,4,6,1,574,0,0,4
32,12,7,0,,0,4,0,683,0,4,0
32,12,7,0,,1,7,1,800,1,1,1
32,12,7,0,,2,5,1,676,0,0,2
32,12,7,0,,3,6,1,471,0,0,4
32,13,8,0,,0,5,0,800,1,1,1
32,13,8,0,,1,6,1,551,0,0,2
32,13,8,0,,2,3,0,659,0,5,0
32,13,8,0,,4,7,1,555,0,0,6
32,14,9,0,,0,2,1,800,1,1,2
32,14,9,0,,1,4,0,522,0,5,0
32,14,9,0,,3,5,1,571,0,0,4
32,14,9,0,,6,7,1,665,0,0,3
32,15,9,2,wc_wave_15,0,-1,0,330,0,5,0
32,15,9,2,wc_wave_15,1,-1,0,298,0,5,0
32,15,9,2,wc_wave_15,2,-1,0,377,0,5,0
32,15,9,2,wc_wave_15,3,-1,0,419,0,4,0
32,15,9,2,wc_wave_15,4,-1,0,394,0,4,0
32,15,9,2,wc_wave_15,5,-1,0,332,0,5,0
32,15,9,2,wc_wave_15,6,-1,0,244,0,5,0
32,15,9,2,wc_wave_15,7,-1,0,337,0,5,0
32,16,10,0,,0,7,1,800,1,2,3
32,16,10,0,,1,5,0,671,0,3,0
32,16,10,0,,2,6,1,458,0,0,4
32,16,10,0,,3,4,1,406,0,0,6
32,17,11,1,,0,6,1,573,0,0,3
32,17,11,0,,1,6,0,618,0,2,0
32,17,11,0,,2,7,1,800,1,2,3
32,17,11,0,,4,5,0,769,0,4,0
32,18,12,1,,5,6,1,598,0,0,4
32,18,12,0,,0,1,0,683,0,2,0
32,18,12,0,,2,6,1,470,0,0,4
32,18,12,0,,4,7,0,750,0,4,0
32,19,13,1,,4,0,0,800,1,1,3
32,19,13,0,,0,6,1,703,0,0,2
32,19,13,0,,1,2,0,466,0,6,0
32,19,13,0,,5,7,1,800,1,1,5
32,20,13,2,wc_wave_20,0,-1,0,564,0,2,0
32,20,13,2,wc_wave_20,1,-1,0,456,0,3,0
32,20,13,2,wc_wave_20,2,-1,1,721,0,0,1
32,20,13,2,wc_wave_20,4,-1,0,590,0,1,0
32,20,13,2,wc_wave_20,5,-1,0,574,0,2,0
32,20,13,2,wc_wave_20,6,-1,0,390,0,4,0
32,20,13,2,wc_wave_20,7,-1,1,800,1,1,1
32,21,14,1,,7,2,0,800,1,4,2
32,21,14,0,,0,1,1,800,1,1,2
32,21,14,0,,2,5,1,703,0,0,3
32,21,14,0,,4,6,1,535,0,0,3
32,22,15,1,,6,5,0,548,0,4,0
32,22,15,0,,0,7,0,800,1,3,2
32,22,15,0,,1,5,1,800,1,1,2
32,23,16,1,,1,6,1,800,1,1,1
32,23,16,0,,0,5,0,800,1,2,2
32,23,16,0,,6,7,0,800,1,1,1
32,24,17,1,,7,1,1,791,0,0,3
32,24,17,0,,0,1,1,703,0,0,2
32,24,17,0,,5,6,1,638,0,0,3
32,25,17,2,wc_wave_25,0,-1,1,687,0,0,2
32,25,17,2,wc_wave_25,1,-1,0,545,0,2,0
32,25,17,2,wc_wave_25,6,-1,0,545,0,3,0
32,25,17,2,wc_wave_25,7,-1,0,516,0,4,0
32,26,18,0,,0,7,0,800,1,2,2
32,26,18,0,,1,6,1,601,0,0,2
32,27,19,0,,0,6,1,685,0,0,2
32,27,19,0,,1,7,1,763,0,0,3
32,28,20,1,,6,7,0,739,0,3,0
32,28,20,0,,1,7,1,795,0,0,2
32,29,21,0,,6,7,0,591,0,5,0
33,1,0,2,wc_wave_01,0,-1,0,82,0,4,0
33,1,0,2,wc_wave_01,1,-1,0,37,0,4,0
33,1,0,2,wc_wave_01,2,-1,0,73,0,3,0
33,1,0,2,wc_wave_01,3,-1,0,56,0,4,0
33,1,0,2,wc_wave_01,4,-1,0,63,0,4,0
33,1,0,2,wc_wave_01,5,-1,0,56,0,4,0
33,1,0,2,wc_wave_01,6,-1,0,78,0,4,0
33,1,0,2,wc_wave_01,7,-1,0,37,0,4,0
33,2,0,2,wc_wave_02,0,-1,0,105,0,4,0
33,2,0,2,wc_wave_02,1,-1,0,96,0,4,0
33,2,0,2,wc_wave_02,2,-1,0,134,0,4,0
33,2,0,2,wc_wave_02,3,-1,0,100,0,4,0
33,2,0,2,wc_wave_02,4,-1,0,111,0,4,0
33,2,0,2,wc_wave_02,5,-1,0,85,0,4,0
33,2,0,2,wc_wave_02,6,-1,0,99,0,4,0
33,2,0,2,wc_wave_02,7,-1,0,99,0,4,0
33,3,0,2,wc_wave_03,0,-1,0,152,0,5,0
33,3,0,2,wc_wave_03,1,-1,0,86,0,5,0
33,3,0,2,wc_wave_03,2,-1,0,197,0,5,0
33,3,0,2,wc_wave_03,3,-1,0,117,0,5,0
33,3,0,2,wc_wave_03,4,-1,0,128,0,5,0
33,3,0,2,wc_wave_03,5,-1,0,117,0,5,0
33,3,0,2,wc_wave_03,6,-1,0,105,0,5,0
33,3,0,2,wc_wave_03,7,-1,0,143,0,5,0
33,4,1,0,,0,7,0,756,0,4,0
33,4,1,0,,1,2,0,800,1,2,1
33,4,1,0,,3,5,0,575,0,2,0
33,4,1,0,,4,6,1,547,0,0,4
33,5,1,2,wc_wave_05,0,-1,0,237,0,5,0
33,5,1,2,wc_wave_05,1,-1,0,173,0,5,0
33,5,1,2,wc_wave_05,2,-1,0,412,0,5,0
33,5,1,2,wc_wave_05,3,-1,0,227,0,5,0
33,5,1,2,wc_wave_05,4,-1,0,207,0,5,0
33,5,1,2,wc_wave_05,5,-1,0,176,0,5,0
33,5,1,2,wc_wave_05,6,-1,0,205,0,5,0
33,5,1,2,wc_wave_05,7,-1,0,236,0,5,0
33,6,2,0,,0,2,0,800,1,4,2
33,6,2,0,,1,5,1,520,0,0,2
33,6,2,0,,3,6,0,585,0,2,0
33,6,2,0,,4,7,0,800,1,3,1
33,7,3,0,,0,4,1,679,0,0,4
33,7,3,0,,1,3,1,449,0,0,2
33,7,3,0,,2,5,1,757,0,0,5
33,7,3,0,,6,7,1,800,1,1,3
33,8,4,0,,0,3,1,546,0,0,3
33,8,4,0,,1,7,1,483,0,0,2
33,8,4,0,,2,4,1,574,0,0,4
33,8,4,0,,5,6,0,499,0,3,0
33,9,5,0,,0,1,1,552,0,0,2
33,9,5,0,,2,6,0,800,1,4,2
33,9,5,0,,3,4,1,548,0,0,5
33,9,5,0,,5,7,0,800,1,3,1
33,10,5,2,wc_wave_10,0,-1,0,299,0,6,0
33,10,5,2,wc_wave_10,1,-1,0,164,0,6,0
33,10,5,2,wc_wave_10,2,-1,0,421,0,6,0
33,10,5,2,wc_wave_10,3,-1,0,258,0,6,0
33,10,5,2,wc_wave_10,4,-1,0,233,0,6,0
33,10,5,2,wc_wave_10,5,-1,0,266,0,6,0
33,10,5,2,wc_wave_10,6,-1,0,274,0,6,0
33,10,5,2,wc_wave_10,7,-1,0,236,0,6,0
33,11,6,0,,0,6,0,770,0,4,0
33,11,6,0,,1,4,1,482,0,0,4
33,11,6,0,,2,5,1,508,0,0,5
33,11,6,0,,3,7,1,467,0,0,4
33,12,7,0,,0,5,1,415,0,0,5
33,12,7,0,,1,6,0,570,0,2,0
33,12,7,0,,2,3,1,783,0,0,4
33,12,7,0,,4,7,0,621,0,3,0
33,13,8,0,,0,6,0,800,1,3,1
33,13,8,0,,1,3,1,467,0,0,3
33,13,8,0,,2,7,1,677,0,0,4
33,13,8,0,,4,5,1,800,1,1,1
33,14,9,0,,0,2,1,800,1,3,4
33,14,9,0,,1,5,1,340,0,0,5
33,14,9,0,,3,7,1,605,0,0,2
33,14,9,0,,4,6,0,690,0,4,0
33,15,9,2,wc_wave_15,0,-1,0,457,0,5,0
33,15,9,2,wc_wave_15,1,-1,0,331,0,4,0
33,15,9,2,wc_wave_15,2,-1,0,545,0,5,0
33,15,9,2,wc_wave_15,3,-1,0,343,0,6,0
33,15,9,2,wc_wave_15,4,-1,0,344,0,5,0
33,15,9,2,wc_wave_15,5,-1,0,286,0,5,0
33,15,9,2,wc_wave_15,6,-1,0,418,0,4,0
33,15,9,2,wc_wave_15,7,-1,0,284,0,5,0
33,16,10,0,,0,7,1,471,0,0,5
33,16,10,0,,1,4,1,481,0,0,5
33,16,10,0,,2,3,1,800,1,1,3
33,16,10,0,,5,6,0,486,0,5,0
33,17,11,0,,0,5,1,419,0,0,5
33,17,11,0,,1,7,1,385,0,0,4
33,17,11,0,,2,4,1,556,0,0,5
33,17,11,0,,3,6,0,800,1,1,1
33,18,12,0,,0,1,1,539,0,0,2
33,18,12,0,,3,4,1,584,0,0,3
33,18,12,0,,5,7,0,655,0,3,0
33,19,13,0,,0,3,1,610,0,0,3
33,19,13,0,,1,7,1,407,0,0,5
33,19,13,0,,4,5,1,800,1,1,1
33,20,13,2,wc_wave_20,3,-1,1,538,0,0,1
33,20,13,2,wc_wave_20,4,-1,0,594,0,3,0
33,20,13,2,wc_wave_20,5,-1,0,394,0,4,0
33,20,13,2,wc_wave_20,7,-1,0,456,0,3,0
33,21,14,0,,3,5,1,506,0,0,5
33,21,14,0,,4,7,0,800,1,3,1
33,22,15,0,,3,7,1,578,0,0,5
33,22,15,0,,4,5,1,800,1,1,3
33,23,16,0,,3,4,1,584,0,0,3
33,23,16,0,,5,7,0,800,1,3,1
33,24,17,0,,3,5,1,634,0,0,4
33,24,17,0,,4,7,0,800,1,4,1
33,25,17,2,wc_wave_25,4,-1,1,619,0,0,3
33,25,17,2,wc_wave_25,5,-1,0,435,0,5,0
33,25,17,2,wc_wave_25,7,-1,0,753,0,2,0
33,26,18,1,,7,5,1,765,0,0,3
33,26,18,0,,4,5,1,686,0,0,3
33,27,19,0,,4,5,1,698,0,0,3
33,28,20,0,,4,5,1,796,0,0,3
33,29,21,0,,4,5,0,614,0,5,0
33,30,21,2,wc_wave_30,4,-1,1,524,0,0,4
33,30,21,2,wc_wave_30,5,-1,0,643,0,2,0
33,31,22,0,,4,5,1,723,0,0,2
34,1,0,2,wc_wave_01,0,-1,0,50,0,4,0
34,1,0,2,wc_wave_01,1,-1,0,63,0,4,0
34,1,0,2,wc_wave_01,2,-1,0,58,0,4,0
34,1,0,2,wc_wave_01,3,-1,0,61,0,4,0
34,1,0,2,wc_wave_01,4,-1,0,76,0,4,0
34,1,0,2,wc_wave_01,5,-1,0,63,0,4,0
34,1,0,2,wc_wave_01,6,-1,0,34,0,4,0
34,1,0,2,wc_wave_01,7,-1,0,76,0,4,0
34,2,0,2,wc_wave_02,0,-1,0,98,0,4,0
34,2,0,2,wc_wave_02,1,-1,0,73,0,4,0
34,2,0,2,wc_wave_02,2,-1,0,106,0,4,0
34,2,0,2,wc_wave_02,3,-1,0,105,0,4,0
34,2,0,2,wc_wave_02,4,-1,0,87,0,4,0
34,2,0,2,wc_wave_02,5,-1,0,119,0,4,0
34,2,0,2,wc_wave_02,6,-1,0,99,0,4,0
34,2,0,2,wc_wave_02,7,-1,0,84,0,4,0
34,3,0,2,wc_wave_03,0,-1,0,92,0,5,0
34,3,0,2,wc_wave_03,1,-1,0,106,0,5,0
34,3,0,2,wc_wave_03,2,-1,0,117,0,5,0
34,3,0,2,wc_wave_03,3,-1,0,105,0,5,0
34,3,0,2,wc_wave_03,4,-1,0,100,0,5,0
34,3,0,2,wc_wave_03,5,-1,0,128,0,5,0
34,3,0,2,wc_wave_03,6,-1,0,81,0,5,0
34,3,0,2,wc_wave_03,7,-1,0,113,0,5,0
34,4,1,0,,0,1,0,394,0,2,0
34,4,1,0,,2,3,1,678,0,0,3
34,4,1,0,,4,6,1,720,0,0,1
34,4,1,0,,5,7,1,520,0,0,4
34,5,1,2,wc_wave_05,0,-1,0,147,0,5,0
34,5,1,2,wc_wave_05,1,-1,0,148,0,5,0
34,5,1,2,wc_wave_05,2,-1,0,207,0,5,0
34,5,1,2,wc_wave_05,3,-1,0,154,0,5,0
34,5,1,2,wc_wave_05,4,-1,0,184,0,5,0
34,5,1,2,wc_wave_05,5,-1,0,202,0,5,0
34,5,1,2,wc_wave_05,6,-1,0,173,0,5,0
34,5,1,2,wc_wave_05,7,-1,0,222,0,5,0
34,6,2,0,,0,3,-1,800,1,1,1
34,6,2,0,,1,6,1,376,0,0,3
34,6,2,0,,2,5,0,592,0,4,0
34,6,2,0,,4,7,1,746,0,0,2
34,7,3,0,,0,5,1,800,1,1,1
34,7,3,0,,1,7,0,800,1,1,1
34,7,3,0,,2,4,0,800,1,3,2
34,7,3,0,,3,6,0,472,0,6,0
34,8,4,0,,0,2,0,800,1,3,3
34,8,4,0,,1,4,1,518,0,0,3
34,8,4,0,,3,7,1,701,0,0,3
34,8,4,0,,5,6,0,633,0,4,0
34,9,5,0,,0,4,0,633,0,4,0
34,9,5,0,,1,2,1,535,0,0,5
34,9,5,0,,3,5,0,702,0,2,0
34,9,5,0,,6,7,1,454,0,0,4
34,10,5,2,wc_wave_10,0,-1,0,271,0,6,0
34,10,5,2,wc_wave_10,1,-1,0,231,0,5,0
34,10,5,2,wc_wave_10,2,-1,0,390,0,6,0
34,10,5,2,wc_wave_10,3,-1,0,202,0,6,0
34,10,5,2,wc_wave_10,4,-1,0,212,0,6,0
34,10,5,2,wc_wave_10,5,-1,0,253,0,5,0
34,10,5,2,wc_wave_10,6,-1,0,204,0,6,0
34,10,5,2,wc_wave_10,7,-1,0,264,0,6,0
34,11,6,0,,0,7,0,665,0,2,0
34,11,6,0,,1,3,1,559,0,0,3
34,11,6,0,,2,6,1,800,1,1,4
34,11,6,0,,4,5,1,647,0,0,5
34,12,7,0,,0,6,0,636,0,3,0
34,12,7,0,,1,5,0,711,0,2,0
34,12,7,0,,2,7,1,583,0,0,5
34,12,7,0,,3,4,0,758,0,2,0
34,13,8,0,,0,4,0,680,0,2,0
34,13,8,0,,1,3,1,424,0,0,5
34,13,8,0,,2,5,1,800,1,1,3
34,13,8,0,,6,7,1,515,0,0,5
34,14,9,0,,0,7,0,773,0,2,0
34,14,9,0,,1,5,1,466,0,0,4
34,14,9,0,,2,3,1,800,1,1,3
34,14,9,0,,4,6,0,539,0,4,0
34,15,9,2,wc_wave_15,0,-1,0,336,0,5,0
34,15,9,2,wc_wave_15,1,-1,0,367,0,3,0
34,15,9,2,wc_wave_15,2,-1,0,419,0,6,0
34,15,9,2,wc_wave_15,3,-1,0,283,0,5,0
34,15,9,2,wc_wave_15,4,-1,0,334,0,5,0
34,15,9,2,wc_wave_15,5,-1,0,260,0,5,0
34,15,9,2,wc_wave_15,6,-1,0,300,0,5,0
34,15,9,2,wc_wave_15,7,-1,0,274,0,5,0
34,16,10,0,,0,1,0,595,0,4,0
34,16,10,0,,2,7,1,528,0,0,6
34,16,10,0,,3,6,0,672,0,2,0
34,16,10,0,,4,5,0,800,1,2,2
34,17,11,0,,0,2,0,757,0,5,0
34,17,11,0,,1,4,1,654,0,0,3
34,17,11,0,,3,7,1,575,0,0,4
34,17,11,0,,5,6,0,638,0,3,0
34,18,12,0,,0,5,1,739,0,0,2
34,18,12,0,,1,7,1,582,0,0,2
34,18,12,0,,2,6,0,800,1,2,1
34,18,12,0,,3,4,1,665,0,0,2
34,19,13,0,,0,3,0,549,0,4,0
34,19,13,0,,2,4,1,751,0,0,4
34,19,13,0,,5,7,1,762,0,0,2
34,20,13,2,wc_wave_20,0,-1,0,681,0,1,0
34,20,13,2,wc_wave_20,3,-1,0,622,0,1,0
34,20,13,2,wc_wave_20,4,-1,0,451,0,2,0
34,20,13,2,wc_wave_20,5,-1,0,460,0,3,0
34,20,13,2,wc_wave_20,7,-1,0,622,0,2,0
34,21,14,1,,7,4,1,756,0,0,1
34,21,14,0,,0,4,0,800,1,1,1
34,21,14,0,,3,5,1,548,0,0,3
34,22,15,1,,5,7,0,607,0,2,0
34,22,15,0,,0,7,1,800,1,1,1
34,22,15,0,,3,4,1,614,0,0,2
34,23,16,1,,0,5,1,576,0,0,2
34,23,16,0,,3,5,1,510,0,0,4
34,23,16,0,,4,7,1,730,0,0,2
34,24,17,1,,3,7,1,539,0,0,3
34,24,17,0,,0,7,1,584,0,0,4
34,24,17,0,,4,5,1,607,0,0,3
34,25,17,2,wc_wave_25,0,-1,1,596,0,0,3
34,25,17,2,wc_wave_25,5,-1,0,462,0,4,0
34,25,17,2,wc_wave_25,7,-1,1,552,0,0,3
34,26,18,1,,0,5,1,517,0,0,5
34,26,18,0,,5,7,0,619,0,2,0
34,27,19,1,,5,7,0,772,0,1,0
34,27,19,0,,0,7,0,800,1,1,1
34,28,20,1,,7,0,0,626,0,3,0
34,28,20,0,,0,5,1,800,1,1,1
34,29,21,1,,5,7,0,619,0,2,0
34,29,21,0,,0,7,1,648,0,0,3
34,30,21,2,wc_wave_30,5,-1,1,564,0,0,2
34,30,21,2,wc_wave_30,7,-1,1,435,0,0,4
34,31,22,0,,5,7,0,601,0,3,0
34,32,23,0,,5,7,0,603,0,3,0
34,33,24,0,,5,7,0,609,0,3,0
35,1,0,2,wc_wave_01,0,-1,0,65,0,4,0
35,1,0,2,wc_wave_01,1,-1,0,82,0,4,0
35,1,0,2,wc_wave_01,2,-1,0,58,0,4,0
35,1,0,2,wc_wave_01,3,-1,0,78,0,4,0
35,1,0,2,wc_wave_01,4,-1,0,105,0,4,0
35,1,0,2,wc_wave_01,5,-1,0,58,0,4,0
35,1,0,2,wc_wave_01,6,-1,0,63,0,4,0
35,1,0,2,wc_wave_01,7,-1,0,105,0,3,0
35,2,0,2,wc_wave_02,0,-1,0,99,0,4,0
35,2,0,2,wc_wave_02,1,-1,0,94,0,4,0
35,2,0,2,wc_wave_02,2,-1,0,99,0,4,0
35,2,0,2,wc_wave_02,3,-1,0,113,0,4,0
35,2,0,2,wc_wave_02,4,-1,0,100,0,4,0
35,2,0,2,wc_wave_02,5,-1,0,98,0,4,0
35,2,0,2,wc_wave_02,6,-1,0,132,0,4,0
35,2,0,2,wc_wave_02,7,-1,0,94,0,4,0
35,3,0,2,wc_wave_03,0,-1,0,111,0,5,0
35,3,0,2,wc_wave_03,1,-1,0,101,0,5,0
35,3,0,2,wc_wave_03,2,-1,0,143,0,5,0
35,3,0,2,wc_wave_03,3,-1,0,128,0,5,0
35,3,0,2,wc_wave_03,4,-1,0,125,0,5,0
35,3,0,2,wc_wave_03,5,-1,0,98,0,5,0
35,3,0,2,wc_wave_03,6,-1,0,119,0,5,0
35,3,0,2,wc_wave_03,7,-1,0,128,0,5,0
35,4,1,0,,0,1,0,782,0,1,0
35,4,1,0,,2,7,1,645,0,0,5
35,4,1,0,,3,5,1,538,0,0,3
35,4,1,0,,4,6,0,718,0,3,0
35,5,1,2,wc_wave_05,0,-1,0,190,0,5,0
35,5,1,2,wc_wave_05,1,-1,0,173,0,5,0
35,5,1,2,wc_wave_05,2,-1,0,257,0,5,0
35,5,1,2,wc_wave_05,3,-1,0,180,0,5,0
35,5,1,2,wc_wave_05,4,-1,0,169,0,5,0
35,5,1,2,wc_wave_05,5,-1,0,200,0,5,0
35,5,1,2,wc_wave_05,6,-1,0,193,0,5,0
35,5,1,2,wc_wave_05,7,-1,0,198,0,5,0
35,6,2,0,,0,7,0,456,0,4,0
35,6,2,0,,1,2,1,593,0,0,4
35,6,2,0,,3,6,1,578,0,0,3
35,6,2,0,,4,5,0,607,0,3,0
35,7,3,0,,0,4,0,648,0,5,0
35,7,3,0,,1,7,0,751,0,2,0
35,7,3,0,,2,3,0,673,0,4,0
35,7,3,0,,5,6,1,673,0,0,3
35,8,4,0,,0,3,0,407,0,6,0
35,8,4,0,,1,5,0,541,0,3,0
35,8,4,0,,2,6,1,779,0,0,4
35,8,4,0,,4,7,0,800,1,3,1
35,9,5,0,,0,6,0,526,0,5,0
35,9,5,0,,1,4,0,528,0,3,0
35,9,5,0,,2,5,1,800,1,1,2
35,9,5,0,,3,7,1,491,0,0,4
35,10,5,2,wc_wave_10,0,-1,0,183,0,6,0
35,10,5,2,wc_wave_10,1,-1,0,182,0,6,0
35,10,5,2,wc_wave_10,2,-1,0,338,0,6,0
35,10,5,2,wc_wave_10,3,-1,0,240,0,6,0
35,10,5,2,wc_wave_10,4,-1,0,231,0,6,0
35,10,5,2,wc_wave_10,5,-1,0,261,0,6,0
35,10,5,2,wc_wave_10,6,-1,0,297,0,6,0
35,10,5,2,wc_wave_10,7,-1,0,222,0,6,0
35,11,6,0,,0,5,0,605,0,3,0
35,11,6,0,,1,3,0,331,0,5,0
35,11,6,0,,2,4,1,700,0,0,2
35,11,6,0,,6,7,1,595,0,0,3
35,12,7,0,,0,2,0,542,0,6,0
35,12,7,0,,1,6,0,528,0,4,0
35,12,7,0,,3,4,1,286,0,0,6
35,12,7,0,,5,7,1,701,0,0,2
35,13,8,0,,0,5,0,747,0,3,0
35,13,8,0,,1,3,0,332,0,5,0
35,13,8,0,,2,4,1,559,0,0,3
35,13,8,0,,6,7,0,800,1,2,1
35,14,9,0,,0,7,0,598,0,3,0
35,14,9,0,,1,5,0,603,0,4,0
35,14,9,0,,2,3,0,411,0,3,0
35,14,9,0,,4,6,1,615,0,0,4
35,15,9,2,wc_wave_15,0,-1,0,293,0,5,0
35,15,9,2,wc_wave_15,1,-1,0,243,0,5,0
35,15,9,2,wc_wave_15,2,-1,0,320,0,4,0
35,15,9,2,wc_wave_15,4,-1,0,294,0,5,0
35,15,9,2,wc_wave_15,5,-1,0,389,0,4,0
35,15,9,2,wc_wave_15,6,-1,0,328,0,5,0
35,15,9,2,wc_wave_15,7,-1,0,281,0,5,0
35,16,10,1,,5,6,0,690,0,3,0
35,16,10,0,,0,4,0,438,0,5,0
35,16,10,0,,1,7,0,481,0,3,0
35,16,10,0,,2,6,1,758,0,0,3
35,17,11,1,,6,0,1,787,0,0,3
35,17,11,0,,0,1,1,594,0,0,2
35,17,11,0,,2,7,1,661,0,0,2
35,17,11,0,,4,5,1,515,0,0,5
35,18,12,1,,0,2,0,421,0,5,0
35,18,12,0,,1,6,0,626,0,3,0
35,18,12,0,,2,5,1,497,0,0,4
35,18,12,0,,4,7,1,585,0,0,2
35,19,13,1,,7,5,1,520,0,0,3
35,19,13,0,,0,5,1,690,0,0,2
35,19,13,0,,1,2,0,387,0,6,0
35,19,13,0,,4,6,1,599,0,0,4
35,20,13,2,wc_wave_20,0,-1,0,459,0,3,0
35,20,13,2,wc_wave_20,1,-1,0,332,0,4,0
35,20,13,2,wc_wave_20,4,-1,0,506,0,2,0
35,20,13,2,wc_wave_20,5,-1,0,442,0,2,0
35,20,13,2,wc_wave_20,6,-1,0,455,0,4,0
35,20,13,2,wc_wave_20,7,-1,1,569,0,0,1
35,21,14,0,,0,7,0,535,0,3,0
35,21,14,0,,1,4,0,433,0,4,0
35,21,14,0,,5,6,0,534,0,5,0
35,22,15,1,,1,0,0,589,0,2,0
35,22,15,0,,0,6,0,613,0,4,0
35,22,15,0,,5,7,0,358,0,4,0
35,23,16,1,,5,1,1,676,0,0,2
35,23,16,0,,0,1,1,486,0,0,2
35,24,17,1,,0,5,1,586,0,0,3
35,24,17,0,,1,5,1,617,0,0,2
35,25,17,2,wc_wave_25,0,-1,0,495,0,4,0
35,25,17,2,wc_wave_25,1,-1,0,326,0,5,0
35,25,17,2,wc_wave_25,5,-1,0,441,0,3,0
35,26,18,1,,1,0,0,613,0,2,0
35,26,18,0,,0,5,1,621,0,0,1
35,27,19,1,,0,5,1,482,0,0,3
35,27,19,0,,1,5,1,588,0,0,2
35,28,20,1,,5,1,0,665,0,1,0
35,28,20,0,,0,1,1,535,0,0,3
35,29,21,1,,1,0,0,513,0,2,0
35,29,21,0,,0,5,1,526,0,0,3
35,30,21,2,wc_wave_30,1,-1,1,627,0,0,1
35,30,21,2,wc_wave_30,5,-1,0,486,0,2,0
35,31,22,0,,1,5,1,665,0,0,1
35,32,23,0,,1,5,1,679,0,0,1
35,33,24,0,,1,5,1,585,0,0,1
35,34,25,0,,1,5,1,713,0,0,1
35,35,25,2,wc_wave_35,1,-1,0,522,0,4,0
35,35,25,2,wc_wave_35,5,-1,0,800,1,1,1
35,36,26,0,,1,5,1,590,0,0,1
36,1,0,2,wc_wave_01,0,-1,0,61,0,4,0
36,1,0,2,wc_wave_01,1,-1,0,87,0,4,0
36,1,0,2,wc_wave_01,2,-1,0,63,0,4,0
36,1,0,2,wc_wave_01,3,-1,0,56,0,4,0
36,1,0,2,wc_wave_01,4,-1,0,37,0,4,0
36,1,0,2,wc_wave_01,5,-1,0,82,0,3,0
36,1,0,2,wc_wave_01,6,-1,0,50,0,4,0
36,1,0,2,wc_wave_01,7,-1,0,78,0,4,0
36,2,0,2,wc_wave_02,0,-1,0,99,0,4,0
36,2,0,2,wc_wave_02,1,-1,0,99,0,4,0
36,2,0,2,wc_wave_02,2,-1,0,120,0,4,0
36,2,0,2,wc_wave_02,3,-1,0,87,0,4,0
36,2,0,2,wc_wave_02,4,-1,0,80,0,4,0
36,2,0,2,wc_wave_02,5,-1,0,73,0,4,0
36,2,0,2,wc_wave_02,6,-1,0,119,0,4,0
36,2,0,2,wc_wave_02,7,-1,0,95,0,4,0
36,3,0,2,wc_wave_03,0,-1,0,105,0,5,0
36,3,0,2,wc_wave_03,1,-1,0,117,0,5,0
36,3,0,2,wc_wave_03,2,-1,0,112,0,5,0
36,3,0,2,wc_wave_03,3,-1,0,109,0,5,0
36,3,0,2,wc_wave_03,4,-1,0,148,0,5,0
36,3,0,2,wc_wave_03,5,-1,0,122,0,5,0
36,3,0,2,wc_wave_03,6,-1,0,113,0,5,0
36,3,0,2,wc_wave_03,7,-1,0,112,0,5,0
36,4,1,0,,0,2,1,671,0,0,2
36,4,1,0,,1,4,1,485,0,0,3
36,4,1,0,,3,5,1,728,0,0,3
36,4,1,0,,6,7,1,559,0,0,4
36,5,1,2,wc_wave_05,0,-1,0,182,0,5,0
36,5,1,2,wc_wave_05,1,-1,0,172,0,5,0
36,5,1,2,wc_wave_05,2,-1,0,179,0,5,0
36,5,1,2,wc_wave_05,3,-1,0,173,0,5,0
36,5,1,2,wc_wave_05,4,-1,0,193,0,5,0
36,5,1,2,wc_wave_05,5,-1,0,194,0,5,0
36,5,1,2,wc_wave_05,6,-1,0,245,0,5,0
36,5,1,2,wc_wave_05,7,-1,0,195,0,5,0
36,6,2,0,,0,4,1,581,0,0,4
36,6,2,0,,1,6,0,461,0,3,0
36,6,2,0,,2,5,-1,800,1,1,1
36,6,2,0,,3,7,0,559,0,2,0
36,7,3,0,,0,7,1,657,0,0,4
36,7,3,0,,1,3,1,458,0,0,3
36,7,3,0,,2,4,0,791,0,2,0
36,7,3,0,,5,6,1,720,0,0,2
36,8,4,0,,0,3,0,563,0,2,0
36,8,4,0,,1,7,1,404,0,0,4
36,8,4,0,,2,6,1,800,1,2,2
36,8,4,0,,4,5,0,800,1,2,1
36,9,5,0,,0,6,1,800,1,1,2
36,9,5,0,,1,5,1,526,0,0,5
36,9,5,0,,2,7,1,800,1,1,2
36,9,5,0,,3,4,1,584,0,0,2
36,10,5,2,wc_wave_10,0,-1,0,171,0,6,0
36,10,5,2,wc_wave_10,1,-1,0,321,0,6,0
36,10,5,2,wc_wave_10,2,-1,0,286,0,6,0
36,10,5,2,wc_wave_10,3,-1,0,253,0,6,0
36,10,5,2,wc_wave_10,4,-1,0,255,0,6,0
36,10,5,2,wc_wave_10,5,-1,0,271,0,6,0
36,10,5,2,wc_wave_10,6,-1,0,258,0,6,0
36,10,5,2,wc_wave_10,7,-1,0,235,0,5,0
36,11,6,0,,0,1,0,312,0,6,0
36,11,6,0,,2,3,0,677,0,4,0
36,11,6,0,,4,6,0,745,0,2,0
36,11,6,0,,5,7,0,800,1,2,1
36,12,7,0,,0,5,0,647,0,2,0
36,12,7,0,,1,2,1,673,0,0,4
36,12,7,0,,3,6,1,463,0,0,3
36,12,7,0,,4,7,1,744,0,0,2
36,13,8,0,,0,3,0,378,0,6,0
36,13,8,0,,1,5,1,800,1,1,2
36,13,8,0,,2,4,0,800,1,3,1
36,13,8,0,,6,7,1,728,0,0,2
36,14,9,0,,0,5,1,800,1,2,3
36,14,9,0,,1,6,0,557,0,4,0
36,14,9,0,,2,7,1,800,1,2,4
36,14,9,0,,3,4,1,511,0,0,4
36,15,9,2,wc_wave_15,0,-1,0,195,0,5,0
36,15,9,2,wc_wave_15,1,-1,0,248,0,6,0
36,15,9,2,wc_wave_15,2,-1,0,449,0,5,0
36,15,9,2,wc_wave_15,3,-1,0,308,0,4,0
36,15,9,2,wc_wave_15,4,-1,0,343,0,4,0
36,15,9,2,wc_wave_15,5,-1,0,409,0,4,0
36,15,9,2,wc_wave_15,6,-1,0,308,0,5,0
36,15,9,2,wc_wave_15,7,-1,0,291,0,5,0
36,16,10,0,,0,6,0,516,0,3,0
36,16,10,0,,1,4,0,541,0,3,0
36,16,10,0,,2,3,0,659,0,5,0
36,16,10,0,,5,7,1,800,1,1,2
36,17,11,0,,0,7,0,449,0,4,0
36,17,11,0,,1,2,0,783,0,4,0
36,17,11,0,,3,5,1,552,0,0,4
36,17,11,0,,4,6,0,745,0,2,0
36,18,12,1,,1,0,1,641,0,0,2
36,18,12,0,,0,2,0,800,1,3,2
36,18,12,0,,4,7,1,701,0,0,2
36,18,12,0,,5,6,1,800,1,1,2
36,19,13,1,,0,4,0,553,0,3,0
36,19,13,0,,1,7,0,505,0,4,0
36,19,13,0,,2,6,1,800,1,3,3
36,19,13,0,,4,5,1,659,0,0,3
36,20,13,2,wc_wave_20,0,-1,0,394,0,3,0
36,20,13,2,wc_wave_20,1,-1,0,517,0,2,0
36,20,13,2,wc_wave_20,2,-1,0,654,0,3,0
36,20,13,2,wc_wave_20,4,-1,0,522,0,2,0
36,20,13,2,wc_wave_20,5,-1,0,518,0,3,0
36,20,13,2,wc_wave_20,6,-1,0,488,0,4,0
36,20,13,2,wc_wave_20,7,-1,0,469,0,2,0
36,21,14,1,,4,2,1,800,1,2,3
36,21,14,0,,0,7,0,676,0,1,0
36,21,14,0,,1,6,0,590,0,3,0
36,21,14,0,,2,5,1,800,1,1,4
36,22,15,1,,7,1,1,703,0,0,3
36,22,15,0,,0,1,1,658,0,0,1
36,22,15,0,,2,6,0,800,1,4,3
36,22,15,0,,4,5,1,706,0,0,3
36,23,16,0,,0,2,0,769,0,4,0
36,23,16,0,,1,4,0,435,0,4,0
36,23,16,0,,5,7,0,698,0,2,0
36,24,17,0,,0,5,1,730,0,0,2
36,24,17,0,,1,7,0,574,0,2,0
36,25,17,2,wc_wave_25,0,-1,0,396,0,5,0
36,25,17,2,wc_wave_25,1,-1,0,507,0,3,0
36,25,17,2,wc_wave_25,5,-1,0,659,0,3,0
36,25,17,2,wc_wave_25,7,-1,0,492,0,4,0
36,26,18,0,,0,7,0,645,0,2,0
36,26,18,0,,1,5,1,665,0,0,2
36,27,19,1,,5,0,0,770,0,2,0
36,27,19,0,,0,1,0,610,0,2,0
36,28,20,0,,0,5,1,710,0,0,3
36,29,21,0,,0,5,1,800,1,1,1
36,30,21,2,wc_wave_30,0,-1,1,619,0,0,1
36,30,21,2,wc_wave_30,5,-1,0,519,0,2,0
37,1,0,2,wc_wave_01,0,-1,0,76,0,4,0
37,1,0,2,wc_wave_01,1,-1,0,56,0,4,0
37,1,0,2,wc_wave_01,2,-1,0,63,0,3,0
37,1,0,2,wc_wave_01,3,-1,0,33,0,4,0
37,1,0,2,wc_wave_01,4,-1,0,65,0,4,0
37,1,0,2,wc_wave_01,5,-1,0,56,0,4,0
37,1,0,2,wc_wave_01,6,-1,0,58,0,4,0
37,1,0,2,wc_wave_01,7,-1,0,58,0,4,0
37,2,0,2,wc_wave_02,0,-1,0,107,0,4,0
37,2,0,2,wc_wave_02,1,-1,0,94,0,4,0
37,2,0,2,wc_wave_02,2,-1,0,97,0,4,0
37,2,0,2,wc_wave_02,3,-1,0,105,0,4,0
37,2,0,2,wc_wave_02,4,-1,0,100,0,4,0
37,2,0,2,wc_wave_02,5,-1,0,93,0,4,0
37,2,0,2,wc_wave_02,6,-1,0,98,0,4,0
37,2,0,2,wc_wave_02,7,-1,0,99,0,4,0
37,3,0,2,wc_wave_03,0,-1,0,133,0,5,0
37,3,0,2,wc_wave_03,1,-1,0,119,0,5,0
37,3,0,2,wc_wave_03,2,-1,0,119,0,5,0
37,3,0,2,wc_wave_03,3,-1,0,125,0,5,0
37,3,0,2,wc_wave_03,4,-1,0,139,0,5,0
37,3,0,2,wc_wave_03,5,-1,0,117,0,5,0
37,3,0,2,wc_wave_03,6,-1,0,105,0,5,0
37,3,0,2,wc_wave_03,7,-1,0,105,0,5,0
37,4,1,0,,0,6,1,800,1,1,3
37,4,1,0,,1,2,0,567,0,5,0
37,4,1,0,,3,5,1,770,0,0,3
37,4,1,0,,4,7,1,442,0,0,5
37,5,1,2,wc_wave_05,0,-1,0,237,0,5,0
37,5,1,2,wc_wave_05,1,-1,0,137,0,5,0
37,5,1,2,wc_wave_05,2,-1,0,248,0,5,0
37,5,1,2,wc_wave_05,3,-1,0,218,0,5,0
37,5,1,2,wc_wave_05,4,-1,0,184,0,5,0
37,5,1,2,wc_wave_05,5,-1,0,175,0,5,0
37,5,1,2,wc_wave_05,6,-1,0,194,0,5,0
37,5,1,2,wc_wave_05,7,-1,0,174,0,5,0
37,6,2,0,,0,7,0,800,1,2,1
37,6,2,0,,1,5,0,413,0,3,0
37,6,2,0,,2,3,1,800,1,2,3
37,6,2,0,,4,6,0,800,1,2,1
37,7,3,0,,0,5,1,800,1,1,3
37,7,3,0,,1,7,0,453,0,3,0
37,7,3,0,,2,6,1,698,0,0,4
37,7,3,0,,3,4,1,800,1,1,5
37,8,4,0,,0,2,1,800,1,2,4
37,8,4,0,,1,6,0,575,0,4,0
37,8,4,0,,3,7,1,800,1,2,2
37,8,4,0,,4,5,1,800,1,3,4
37,9,5,0,,0,1,0,633,0,3,0
37,9,5,0,,2,4,0,800,1,3,3
37,9,5,0,,3,6,1,529,0,0,4
37,9,5,0,,5,7,1,575,0,0,4
37,10,5,2,wc_wave_10,0,-1,0,318,0,6,0
37,10,5,2,wc_wave_10,1,-1,0,264,0,5,0
37,10,5,2,wc_wave_10,2,-1,0,297,0,6,0
37,10,5,2,wc_wave_10,3,-1,0,307,0,5,0
37,10,5,2,wc_wave_10,4,-1,0,262,0,6,0
37,10,5,2,wc_wave_10,5,-1,0,209,0,6,0
37,10,5,2,wc_wave_10,6,-1,0,211,0,6,0
37,10,5,2,wc_wave_10,7,-1,0,256,0,6,0
37,11,6,0,,0,4,0,572,0,4,0
37,11,6,0,,1,3,0,453,0,6,0
37,11,6,0,,2,7,0,800,1,5,3
37,11,6,0,,5,6,1,658,0,0,2
37,12,7,0,,0,3,0,496,0,5,0
37,12,7,0,,1,4,0,534,0,4,0
37,12,7,0,,2,5,1,697,0,0,4
37,12,7,0,,6,7,1,761,0,0,3
37,13,8,0,,0,6,0,609,0,3,0
37,13,8,0,,1,7,1,800,1,1,1
37,13,8,0,,2,4,0,667,0,5,0
37,13,8,0,,3,5,1,562,0,0,4
37,14,9,0,,0,4,0,510,0,4,0
37,14,9,0,,1,5,0,790,0,1,0
37,14,9,0,,2,3,0,613,0,6,0
37,14,9,0,,6,7,1,638,0,0,1
37,15,9,2,wc_wave_15,0,-1,0,286,0,5,0
37,15,9,2,wc_wave_15,1,-1,0,322,0,5,0
37,15,9,2,wc_wave_15,2,-1,0,333,0,6,0
37,15,9,2,wc_wave_15,3,-1,0,584,0,3,0
37,15,9,2,wc_wave_15,4,-1,0,478,0,3,0
37,15,9,2,wc_wave_15,5,-1,0,272,0,5,0
37,15,9,2,wc_wave_15,6,-1,0,313,0,5,0
37,15,9,2,wc_wave_15,7,-1,0,266,0,5,0
37,16,10,0,,0,5,0,552,0,2,0
37,16,10,0,,1,6,0,627,0,3,0
37,16,10,0,,2,7,1,800,1,1,3
37,16,10,0,,3,4,1,683,0,0,3
37,17,11,1,,5,2,1,800,1,1,3
37,17,11,0,,0,7,0,656,0,2,0
37,17,11,0,,1,2,0,800,1,3,1
37,17,11,0,,4,6,1,676,0,0,2
37,18,12,1,,0,2,0,591,0,5,0
37,18,12,0,,1,4,0,503,0,4,0
37,18,12,0,,2,6,0,732,0,4,0
37,18,12,0,,5,7,1,508,0,0,4
37,19,13,0,,0,1,0,549,0,4,0
37,19,13,0,,2,7,1,677,0,0,4
37,19,13,0,,5,6,0,461,0,4,0
37,20,13,2,wc_wave_20,0,-1,0,622,0,2,0
37,20,13,2,wc_wave_20,1,-1,0,516,0,2,0
37,20,13,2,wc_wave_20,2,-1,0,656,0,2,0
37,20,13,2,wc_wave_20,5,-1,0,433,0,4,0
37,20,13,2,wc_wave_20,6,-1,1,479,0,0,1
37,20,13,2,wc_wave_20,7,-1,0,434,0,3,0
37,21,14,0,,0,6,0,543,0,4,0
37,21,14,0,,1,2,1,800,1,2,5
37,21,14,0,,5,7,1,574,0,0,2
37,22,15,1,,2,5,1,669,0,0,4
37,22,15,0,,0,5,0,569,0,3,0
37,22,15,0,,1,7,0,796,0,1,0
37,23,16,0,,0,7,0,673,0,2,0
37,23,16,0,,1,5,1,692,0,0,2
37,24,17,0,,0,1,0,472,0,4,0
37,24,17,0,,5,7,1,522,0,0,4
37,25,17,2,wc_wave_25,0,-1,0,444,0,4,0
37,25,17,2,wc_wave_25,1,-1,1,448,0,0,3
37,25,17,2,wc_wave_25,7,-1,0,517,0,2,0
37,26,18,1,,7,1,0,672,0,3,0
37,26,18,0,,0,1,0,665,0,3,0
37,27,19,0,,0,7,0,800,1,2,1
37,28,20,0,,0,7,0,670,0,3,0
37,29,21,0,,0,7,0,796,0,2,0
38,1,0,2,wc_wave_01,0,-1,0,76,0,4,0
38,1,0,2,wc_wave_01,1,-1,0,34,0,4,0
38,1,0,2,wc_wave_01,2,-1,0,76,0,4,0
38,1,0,2,wc_wave_01,3,-1,0,56,0,4,0
38,1,0,2,wc_wave_01,4,-1,0,50,0,4,0
38,1,0,2,wc_wave_01,5,-1,0,76,0,4,0
38,1,0,2,wc_wave_01,6,-1,0,83,0,4,0
38,1,0,2,wc_wave_01,7,-1,0,76,0,4,0
38,2,0,2,wc_wave_02,0,-1,0,119,0,4,0
38,2,0,2,wc_wave_02,1,-1,0,99,0,4,0
38,2,0,2,wc_wave_02,2,-1,0,119,0,4,0
38,2,0,2,wc_wave_02,3,-1,0,81,0,4,0
38,2,0,2,wc_wave_02,4,-1,0,133,0,4,0
38,2,0,2,wc_wave_02,5,-1,0,81,0,4,0
38,2,0,2,wc_wave_02,6,-1,0,83,0,4,0
38,2,0,2,wc_wave_02,7,-1,0,146,0,4,0
38,3,0,2,wc_wave_03,0,-1,0,125,0,5,0
38,3,0,2,wc_wave_03,1,-1,0,99,0,5,0
38,3,0,2,wc_wave_03,2,-1,0,119,0,5,0
38,3,0,2,wc_wave_03,3,-1,0,105,0,5,0
38,3,0,2,wc_wave_03,4,-1,0,148,0,5,0
38,3,0,2,wc_wave_03,5,-1,0,94,0,5,0
38,3,0,2,wc_wave_03,6,-1,0,97,0,5,0
38,3,0,2,wc_wave_03,7,-1,0,162,0,5,0
38,4,1,0,,0,7,0,800,1,3,2
38,4,1,0,,1,4,1,477,0,0,3
38,4,1,0,,2,5,0,583,0,3,0
38,4,1,0,,3,6,1,800,1,1,3
38,5,1,2,wc_wave_05,0,-1,0,182,0,5,0
38,5,1,2,wc_wave_05,1,-1,0,182,0,5,0
38,5,1,2,wc_wave_05,2,-1,0,235,0,5,0
38,5,1,2,wc_wave_05,3,-1,0,129,0,5,0
38,5,1,2,wc_wave_05,4,-1,0,212,0,5,0
38,5,1,2,wc_wave_05,5,-1,0,146,0,5,0
38,5,1,2,wc_wave_05,6,-1,0,203,0,5,0
38,5,1,2,wc_wave_05,7,-1,0,244,0,5,0
38,6,2,0,,0,1,1,620,0,0,4
38,6,2,0,,2,3,1,480,0,0,4
38,6,2,0,,4,6,1,800,1,2,3
38,6,2,0,,5,7,1,696,0,0,3
38,7,3,0,,0,4,1,800,1,1,2
38,7,3,0,,1,2,0,790,0,2,0
38,7,3,0,,3,5,1,562,0,0,2
38,7,3,0,,6,7,0,800,1,5,3
38,8,4,0,,0,3,1,566,0,0,5
38,8,4,0,,1,6,1,800,1,2,3
38,8,4,0,,2,7,1,800,1,3,3
38,8,4,0,,4,5,0,710,0,4,0
38,9,5,0,,0,2,1,800,1,2,3
38,9,5,0,,1,3,1,638,0,0,3
38,9,5,0,,4,7,0,800,1,3,1
38,9,5,0,,5,6,1,800,1,2,3
38,10,5,2,wc_wave_10,0,-1,0,296,0,6,0
38,10,5,2,wc_wave_10,1,-1,0,269,0,6,0
38,10,5,2,wc_wave_10,2,-1,0,350,0,6,0
38,10,5,2,wc_wave_10,3,-1,0,152,0,6,0
38,10,5,2,wc_wave_10,4,-1,0,203,0,6,0
38,10,5,2,wc_wave_10,5,-1,0,215,0,6,0
38,10,5,2,wc_wave_10,6,-1,0,302,0,6,0
38,10,5,2,wc_wave_10,7,-1,0,264,0,6,0
38,11,6,0,,0,6,1,751,0,0,5
38,11,6,0,,1,5,0,800,1,2,2
38,11,6,0,,2,4,1,613,0,0,5
38,11,6,0,,3,7,1,800,1,1,2
38,12,7,0,,0,5,1,647,0,0,5
38,12,7,0,,1,7,1,800,1,1,4
38,12,7,0,,2,6,1,800,1,2,2
38,12,7,0,,3,4,1,625,0,0,2
38,13,8,0,,0,4,1,587,0,0,5
38,13,8,0,,1,3,1,492,0,0,4
38,13,8,0,,2,7,0,800,1,5,1
38,13,8,0,,5,6,1,800,1,2,3
38,14,9,0,,0,1,1,645,0,0,5
38,14,9,0,,2,4,0,727,0,4,0
38,14,9,0,,3,5,0,800,1,2,1
38,14,9,0,,6,7,1,800,1,2,4
38,15,9,2,wc_wave_15,0,-1,0,367,0,5,0
38,15,9,2,wc_wave_15,1,-1,0,253,0,5,0
38,15,9,2,wc_wave_15,2,-1,0,328,0,6,0
38,15,9,2,wc_wave_15,3,-1,0,269,0,5,0
38,15,9,2,wc_wave_15,4,-1,0,324,0,6,0
38,15,9,2,wc_wave_15,5,-1,0,281,0,6,0
38,15,9,2,wc_wave_15,6,-1,0,280,0,6,0
38,15,9,2,wc_wave_15,7,-1,0,389,0,5,0
38,16,10,0,,0,2,1,697,0,0,4
38,16,10,0,,1,7,1,758,0,0,4
38,16,10,0,,3,6,1,800,1,1,3
38,16,10,0,,4,5,1,568,0,0,4
38,17,11,1,,6,2,1,800,1,2,3
38,17,11,0,,1,2,1,799,0,0,3
38,17,11,0,,3,4,0,460,0,5,0
38,17,11,0,,5,7,0,800,1,3,2
38,18,12,1,,3,2,1,800,1,1,4
38,18,12,0,,1,6,1,712,0,0,4
38,18,12,0,,2,5,0,800,1,3,1
38,18,12,0,,4,7,0,617,0,4,0
38,19,13,1,,2,4,0,781,0,3,0
38,19,13,0,,1,5,1,631,0,0,3
38,19,13,0,,3,7,1,761,0,0,3
38,19,13,0,,4,6,1,734,0,0,3
38,20,13,2,wc_wave_20,2,-1,0,501,0,5,0
38,20,13,2,wc_wave_20,3,-1,0,466,0,2,0
38,20,13,2,wc_wave_20,4,-1,1,693,0,0,1
38,20,13,2,wc_wave_20,5,-1,0,586,0,2,0
38,20,13,2,wc_wave_20,6,-1,0,469,0,4,0
38,20,13,2,wc_wave_20,7,-1,0,560,0,3,0
38,21,14,0,,2,6,0,800,1,3,2
38,21,14,0,,3,5,0,800,1,2,2
38,21,14,0,,4,7,1,773,0,0,2
38,22,15,0,,2,5,0,723,0,5,0
38,22,15,0,,3,7,0,800,1,2,1
38,22,15,0,,4,6,1,694,0,0,3
38,23,16,1,,4,3,1,516,0,0,3
38,23,16,0,,2,3,0,800,1,3,2
38,23,16,0,,6,7,0,800,1,4,1
38,24,17,0,,2,7,0,800,1,3,2
38,24,17,0,,3,6,0,788,0,3,0
38,25,17,2,wc_wave_25,2,-1,0,767,0,2,0
38,25,17,2,wc_wave_25,3,-1,0,497,0,4,0
38,25,17,2,wc_wave_25,6,-1,0,472,0,5,0
38,26,18,1,,6,2,1,800,1,2,3
38,26,18,0,,2,3,1,800,1,2,2
38,27,19,1,,3,6,1,800,1,1,2
38,27,19,0,,2,6,0,800,1,3,2
38,28,20,0,,2,6,0,800,1,3,2
39,1,0,2,wc_wave_01,0,-1,0,82,0,4,0
39,1,0,2,wc_wave_01,1,-1,0,34,0,4,0
39,1,0,2,wc_wave_01,2,-1,0,82,0,4,0
39,1,0,2,wc_wave_01,3,-1,0,37,0,4,0
39,1,0,2,wc_wave_01,4,-1,0,91,0,4,0
39,1,0,2,wc_wave_01,5,-1,0,65,0,4,0
39,1,0,2,wc_wave_01,6,-1,0,83,0,4,0
39,1,0,2,wc_wave_01,7,-1,0,82,0,4,0
39,2,0,2,wc_wave_02,0,-1,0,99,0,4,0
39,2,0,2,wc_wave_02,1,-1,0,98,0,4,0
39,2,0,2,wc_wave_02,2,-1,0,174,0,4,0
39,2,0,2,wc_wave_02,3,-1,0,114,0,4,0
39,2,0,2,wc_wave_02,4,-1,0,119,0,4,0
39,2,0,2,wc_wave_02,5,-1,0,119,0,4,0
39,2,0,2,wc_wave_02,6,-1,0,119,0,4,0
39,2,0,2,wc_wave_02,7,-1,0,112,0,4,0
39,3,0,2,wc_wave_03,0,-1,0,123,0,5,0
39,3,0,2,wc_wave_03,1,-1,0,111,0,5,0
39,3,0,2,wc_wave_03,2,-1,0,143,0,5,0
39,3,0,2,wc_wave_03,3,-1,0,98,0,5,0
39,3,0,2,wc_wave_03,4,-1,0,124,0,5,0
39,3,0,2,wc_wave_03,5,-1,0,117,0,5,0
39,3,0,2,wc_wave_03,6,-1,0,167,0,5,0
39,3,0,2,wc_wave_03,7,-1,0,117,0,5,0
39,4,1,0,,0,3,1,678,0,0,2
39,4,1,0,,1,7,1,534,0,0,2
39,4,1,0,,2,5,1,800,1,3,4
39,4,1,0,,4,6,0,572,0,4,0
39,5,1,2,wc_wave_05,0,-1,0,156,0,5,0
39,5,1,2,wc_wave_05,1,-1,0,169,0,5,0
39,5,1,2,wc_wave_05,2,-1,0,244,0,5,0
39,5,1,2,wc_wave_05,3,-1,0,150,0,5,0
39,5,1,2,wc_wave_05,4,-1,0,190,0,5,0
39,5,1,2,wc_wave_05,5,-1,0,189,0,5,0
39,5,1,2,wc_wave_05,6,-1,0,280,0,5,0
39,5,1,2,wc_wave_05,7,-1,0,190,0,5,0
39,6,2,0,,0,4,1,736,0,0,2
39,6,2,0,,1,2,1,736,0,0,3
39,6,2,0,,3,5,1,532,0,0,4
39,6,2,0,,6,7,0,638,0,2,0
39,7,3,0,,0,5,1,649,0,0,4
39,7,3,0,,1,6,0,666,0,3,0
39,7,3,0,,2,3,1,725,0,0,4
39,7,3,0,,4,7,0,800,1,4,1
39,8,4,0,,0,1,1,686,0,0,2
39,8,4,0,,2,4,0,800,1,4,2
39,8,4,0,,3,7,0,676,0,4,0
39,8,4,0,,5,6,0,562,0,6,0
39,9,5,0,,0,6,0,800,1,2,1
39,9,5,0,,1,3,1,800,1,1,2
39,9,5,0,,2,7,0,795,0,6,0
39,9,5,0,,4,5,1,497,0,0,6
39,10,5,2,wc_wave_10,0,-1,0,246,0,6,0
39,10,5,2,wc_wave_10,1,-1,0,233,0,6,0
39,10,5,2,wc_wave_10,2,-1,0,360,0,6,0
39,10,5,2,wc_wave_10,3,-1,0,256,0,6,0
39,10,5,2,wc_wave_10,4,-1,0,286,0,6,0
39,10,5,2,wc_wave_10,5,-1,0,231,0,6,0
39,10,5,2,wc_wave_10,6,-1,0,308,0,5,0
39,10,5,2,wc_wave_10,7,-1,0,294,0,6,0
39,11,6,0,,0,2,1,800,1,1,3
39,11,6,0,,1,4,0,694,0,4,0
39,11,6,0,,3,6,0,800,1,2,2
39,11,6,0,,5,7,0,575,0,4,0
39,12,7,0,,0,7,0,580,0,3,0
39,12,7,0,,1,5,1,482,0,0,4
39,12,7,0,,2,6,0,800,1,4,2
39,12,7,0,,3,4,0,787,0,2,0
39,13,8,0,,0,5,1,467,0,0,4
39,13,8,0,,1,7,1,800,1,1,2
39,13,8,0,,2,4,0,800,1,4,3
39,13,8,0,,3,6,0,800,1,2,1
39,14,9,0,,0,3,1,666,0,0,2
39,14,9,0,,1,2,1,800,1,1,3
39,14,9,0,,4,5,1,466,0,0,6
39,14,9,0,,6,7,1,800,1,1,2
39,15,9,2,wc_wave_15,0,-1,0,294,0,5,0
39,15,9,2,wc_wave_15,1,-1,0,389,0,4,0
39,15,9,2,wc_wave_15,2,-1,0,377,0,6,0
39,15,9,2,wc_wave_15,3,-1,0,341,0,4,0
39,15,9,2,wc_wave_15,4,-1,0,328,0,5,0
39,15,9,2,wc_wave_15,5,-1,0,273,0,6,0
39,15,9,2,wc_wave_15,6,-1,0,407,0,5,0
39,15,9,2,wc_wave_15,7,-1,0,334,0,5,0
39,16,10,0,,0,2,1,800,1,2,5
39,16,10,0,,1,3,1,800,1,1,2
39,16,10,0,,4,6,0,672,0,3,0
39,16,10,0,,5,7,0,466,0,5,0
39,17,11,0,,0,4,1,764,0,0,2
39,17,11,0,,1,5,1,429,0,0,4
39,17,11,0,,2,6,0,800,1,5,1
39,17,11,0,,3,7,0,800,1,1,1
39,18,12,1,,2,7,0,800,1,3,1
39,18,12,0,,0,1,0,791,0,2,0
39,18,12,0,,3,5,1,448,0,0,5
39,18,12,0,,4,7,1,714,0,0,2
39,19,13,1,,3,2,1,800,1,2,4
39,19,13,0,,0,7,1,800,1,1,2
39,19,13,0,,1,4,1,524,0,0,3
39,19,13,0,,2,5,1,565,0,0,5
39,20,13,2,wc_wave_20,2,-1,0,800,1,2,1
39,20,13,2,wc_wave_20,3,-1,1,567,0,0,1
39,20,13,2,wc_wave_20,4,-1,1,487,0,0,1
39,20,13,2,wc_wave_20,5,-1,0,388,0,4,0
39,20,13,2,wc_wave_20,7,-1,0,653,0,2,0
39,21,14,1,,7,5,1,427,0,0,5
39,21,14,0,,2,4,1,800,1,2,2
39,21,14,0,,3,5,1,460,0,0,5
39,22,15,0,,2,5,1,800,1,1,3
39,22,15,0,,3,4,1,604,0,0,3
39,23,16,0,,2,3,0,800,1,4,1
39,23,16,0,,4,5,1,434,0,0,4
39,24,17,1,,5,3,0,550,0,4,0
39,24,17,0,,2,3,0,800,1,6,1
39,25,17,2,wc_wave_25,2,-1,1,778,0,0,2
39,25,17,2,wc_wave_25,5,-1,0,419,0,5,0
39,26,18,0,,2,5,1,686,0,0,3
39,27,19,0,,2,5,1,662,0,0,3
40,1,0,2,wc_wave_01,0,-1,0,58,0,4,0
40,1,0,2,wc_wave_01,1,-1,0,82,0,4,0
40,1,0,2,wc_wave_01,2,-1,0,80,0,4,0
40,1,0,2,wc_wave_01,3,-1,0,65,0,4,0
40,1,0,2,wc_wave_01,4,-1,0,63,0,4,0
40,1,0,2,wc_wave_01,5,-1,0,63,0,4,0
40,1,0,2,wc_wave_01,6,-1,0,85,0,4,0
40,1,0,2,wc_wave_01,7,-1,0,82,0,4,0
40,2,0,2,wc_wave_02,0,-1,0,86,0,4,0
40,2,0,2,wc_wave_02,1,-1,0,74,0,4,0
40,2,0,2,wc_wave_02,2,-1,0,163,0,4,0
40,2,0,2,wc_wave_02,3,-1,0,119,0,4,0
40,2,0,2,wc_wave_02,4,-1,0,99,0,4,0
40,2,0,2,wc_wave_02,5,-1,0,98,0,4,0
40,2,0,2,wc_wave_02,6,-1,0,133,0,4,0
40,2,0,2,wc_wave_02,7,-1,0,105,0,4,0
40,3,0,2,wc_wave_03,0,-1,0,117,0,5,0
40,3,0,2,wc_wave_03,1,-1,0,124,0,5,0
40,3,0,2,wc_wave_03,2,-1,0,190,0,5,0
40,3,0,2,wc_wave_03,3,-1,0,127,0,5,0
40,3,0,2,wc_wave_03,4,-1,0,112,0,5,0
40,3,0,2,wc_wave_03,5,-1,0,94,0,5,0
40,3,0,2,wc_wave_03,6,-1,0,128,0,5,0
40,3,0,2,wc_wave_03,7,-1,0,143,0,5,0
40,4,1,0,,0,4,0,610,0,4,0
40,4,1,0,,1,7,0,593,0,3,0
40,4,1,0,,2,5,1,800,1,1,2
40,4,1,0,,3,6,1,800,1,1,2
40,5,1,2,wc_wave_05,0,-1,0,200,0,5,0
40,5,1,2,wc_wave_05,1,-1,0,149,0,5,0
40,5,1,2,wc_wave_05,2,-1,0,246,0,5,0
40,5,1,2,wc_wave_05,3,-1,0,173,0,5,0
40,5,1,2,wc_wave_05,4,-1,0,183,0,5,0
40,5,1,2,wc_wave_05,5,-1,0,136,0,5,0
40,5,1,2,wc_wave_05,6,-1,0,200,0,5,0
40,5,1,2,wc_wave_05,7,-1,0,224,0,5,0
40,6,2,0,,0,5,1,720,0,0,2
40,6,2,0,,1,3,0,514,0,1,0
40,6,2,0,,2,6,0,800,1,4,1
40,6,2,0,,4,7,0,535,0,5,0
40,7,3,0,,0,7,0,509,0,6,0
40,7,3,0,,1,5,0,712,0,2,0
40,7,3,0,,2,3,0,490,0,6,0
40,7,3,0,,4,6,1,563,0,0,6
40,8,4,0,,0,2,1,800,1,1,2
40,8,4,0,,1,6,0,569,0,4,0
40,8,4,0,,3,7,1,342,0,0,6
40,8,4,0,,4,5,1,487,0,0,4
40,9,5,0,,0,1,1,800,1,1,1
40,9,5,0,,2,4,0,712,0,6,0
40,9,5,0,,3,5,1,362,0,0,5
40,9,5,0,,6,7,1,579,0,0,5
40,10,5,2,wc_wave_10,0,-1,0,277,0,6,0
40,10,5,2,wc_wave_10,1,-1,0,220,0,6,0
40,10,5,2,wc_wave_10,2,-1,0,298,0,5,0
40,10,5,2,wc_wave_10,3,-1,0,230,0,6,0
40,10,5,2,wc_wave_10,4,-1,0,268,0,6,0
40,10,5,2,wc_wave_10,5,-1,0,193,0,6,0
40,10,5,2,wc_wave_10,6,-1,0,237,0,6,0
40,10,5,2,wc_wave_10,7,-1,0,198,0,6,0
40,11,6,0,,0,6,0,708,0,2,0
40,11,6,0,,1,2,1,800,1,2,2
40,11,6,0,,3,4,1,517,0,0,3
40,11,6,0,,5,7,0,725,0,3,0
40,12,7,0,,0,3,0,400,0,5,0
40,12,7,0,,1,4,0,461,0,4,0
40,12,7,0,,2,7,1,610,0,0,5
40,12,7,0,,5,6,0,521,0,3,0
40,13,8,0,,0,6,1,703,0,0,3
40,13,8,0,,1,7,0,751,0,2,0
40,13,8,0,,2,4,0,796,0,4,0
40,13,8,0,,3,5,1,378,0,0,4
40,14,9,0,,0,5,1,647,0,0,3
40,14,9,0,,1,6,0,630,0,2,0
40,14,9,0,,2,7,1,622,0,0,4
40,14,9,0,,3,4,1,491,0,0,3
40,15,9,2,wc_wave_15,0,-1,0,292,0,6,0
40,15,9,2,wc_wave_15,1,-1,0,221,0,6,0
40,15,9,2,wc_wave_15,2,-1,0,348,0,5,0
40,15,9,2,wc_wave_15,3,-1,0,327,0,4,0
40,15,9,2,wc_wave_15,4,-1,0,281,0,5,0
40,15,9,2,wc_wave_15,5,-1,0,291,0,5,0
40,15,9,2,wc_wave_15,6,-1,0,264,0,5,0
40,15,9,2,wc_wave_15,7,-1,0,255,0,5,0
40,16,10,0,,0,4,0,611,0,3,0
40,16,10,0,,1,2,1,790,0,0,2
40,16,10,0,,3,6,1,504,0,0,4
40,16,10,0,,5,7,0,751,0,2,0
40,17,11,1,,5,4,0,578,0,3,0
40,17,11,0,,0,1,1,800,1,1,1
40,17,11,0,,2,6,1,723,0,0,2
40,17,11,0,,4,7,1,432,0,0,5
40,18,12,0,,0,2,1,744,0,0,4
40,18,12,0,,1,5,1,578,0,0,4
40,18,12,0,,6,7,1,463,0,0,6
40,19,13,0,,0,7,1,674,0,0,3
40,19,13,0,,1,2,0,800,1,2,1
40,19,13,0,,5,6,0,587,0,4,0
40,20,13,2,wc_wave_20,0,-1,0,456,0,3,0
40,20,13,2,wc_wave_20,1,-1,0,351,0,4,0
40,20,13,2,wc_wave_20,2,-1,0,528,0,3,0
40,20,13,2,wc_wave_20,5,-1,0,446,0,4,0
40,20,13,2,wc_wave_20,6,-1,0,466,0,2,0
40,20,13,2,wc_wave_20,7,-1,0,451,0,4,0
40,21,14,0,,0,6,0,800,1,2,1
40,21,14,0,,1,7,1,669,0,0,3
40,21,14,0,,2,5,1,800,1,1,3
40,22,15,1,,7,5,1,800,1,2,3
40,22,15,0,,0,2,1,800,1,2,3
40,22,15,0,,1,5,1,741,0,0,2
40,23,16,1,,2,7,0,758,0,4,0
40,23,16,0,,0,5,1,629,0,0,3
40,23,16,0,,1,7,0,576,0,3,0
40,24,17,0,,1,2,0,777,0,3,0
40,24,17,0,,5,7,0,800,1,3,2
40,25,17,2,wc_wave_25,1,-1,0,454,0,3,0
40,25,17,2,wc_wave_25,2,-1,0,800,1,2,1
40,25,17,2,wc_wave_25,5,-1,0,473,0,4,0
40,26,18,1,,1,5,0,791,0,2,0
40,26,18,0,,2,5,0,800,1,5,1
40,27,19,1,,5,2,0,670,0,3,0
40,27,19,0,,1,2,1,800,1,2,2
40,28,20,1,,1,5,1,800,1,1,2
40,28,20,0,,2,5,1,744,0,0,3
40,29,21,0,,1,5,1,660,0,0,2
40,30,21,2,wc_wave_30,1,-1,1,611,0,0,2
40,30,21,2,wc_wave_30,5,-1,0,745,0,1,0
41,1,0,2,wc_wave_01,0,-1,0,35,0,4,0
41,1,0,2,wc_wave_01,1,-1,0,80,0,4,0
41,1,0,2,wc_wave_01,2,-1,0,65,0,3,0
41,1,0,2,wc_wave_01,3,-1,0,67,0,4,0
41,1,0,2,wc_wave_01,4,-1,0,76,0,4,0
41,1,0,2,wc_wave_01,5,-1,0,50,0,4,0
41,1,0,2,wc_wave_01,6,-1,0,67,0,4,0
41,1,0,2,wc_wave_01,7,-1,0,105,0,4,0
41,2,0,2,wc_wave_02,0,-1,0,105,0,4,0
41,2,0,2,wc_wave_02,1,-1,0,99,0,4,0
41,2,0,2,wc_wave_02,2,-1,0,76,0,4,0
41,2,0,2,wc_wave_02,3,-1,0,115,0,4,0
41,2,0,2,wc_wave_02,4,-1,0,112,0,4,0
41,2,0,2,wc_wave_02,5,-1,0,119,0,4,0
41,2,0,2,wc_wave_02,6,-1,0,99,0,4,0
41,2,0,2,wc_wave_02,7,-1,0,176,0,4,0
41,3,0,2,wc_wave_03,0,-1,0,117,0,5,0
41,3,0,2,wc_wave_03,1,-1,0,117,0,5,0
41,3,0,2,wc_wave_03,2,-1,0,105,0,5,0
41,3,0,2,wc_wave_03,3,-1,0,143,0,5,0
41,3,0,2,wc_wave_03,4,-1,0,95,0,5,0
41,3,0,2,wc_wave_03,5,-1,0,112,0,5,0
41,3,0,2,wc_wave_03,6,-1,0,128,0,5,0
41,3,0,2,wc_wave_03,7,-1,0,137,0,5,0
41,4,1,0,,0,1,0,484,0,2,0
41,4,1,0,,2,4,1,493,0,0,2
41,4,1,0,,3,5,1,702,0,0,3
41,4,1,0,,6,7,0,800,1,2,1
41,5,1,2,wc_wave_05,0,-1,0,243,0,5,0
41,5,1,2,wc_wave_05,1,-1,0,161,0,5,0
41,5,1,2,wc_wave_05,2,-1,0,164,0,5,0
41,5,1,2,wc_wave_05,3,-1,0,200,0,5,0
41,5,1,2,wc_wave_05,4,-1,0,177,0,5,0
41,5,1,2,wc_wave_05,5,-1,0,187,0,5,0
41,5,1,2,wc_wave_05,6,-1,0,243,0,5,0
41,5,1,2,wc_wave_05,7,-1,0,230,0,5,0
41,6,2,0,,0,3,0,590,0,4,0
41,6,2,0,,1,2,1,531,0,0,2
41,6,2,0,,4,6,1,591,0,0,2
41,6,2,0,,5,7,1,718,0,0,2
41,7,3,0,,0,5,1,668,0,0,3
41,7,3,0,,1,6,0,495,0,4,0
41,7,3,0,,2,7,1,620,0,0,5
41,7,3,0,,3,4,0,556,0,2,0
41,8,4,0,,0,2,1,576,0,0,3
41,8,4,0,,1,4,0,375,0,4,0
41,8,4,0,,3,7,1,399,0,0,6
41,8,4,0,,5,6,0,663,0,3,0
41,9,5,0,,0,6,1,624,0,0,2
41,9,5,0,,1,3,0,414,0,4,0
41,9,5,0,,2,5,0,738,0,5,0
41,9,5,0,,4,7,1,407,0,0,5
41,10,5,2,wc_wave_10,0,-1,0,305,0,5,0
41,10,5,2,wc_wave_10,1,-1,0,183,0,6,0
41,10,5,2,wc_wave_10,2,-1,0,262,0,6,0
41,10,5,2,wc_wave_10,3,-1,0,239,0,6,0
41,10,5,2,wc_wave_10,4,-1,0,269,0,5,0
41,10,5,2,wc_wave_10,5,-1,0,259,0,6,0
41,10,5,2,wc_wave_10,6,-1,0,279,0,5,0
41,10,5,2,wc_wave_10,7,-1,0,206,0,6,0
41,11,6,0,,0,3,0,699,0,2,0
41,11,6,0,,1,7,1,669,0,0,2
41,11,6,0,,2,6,0,706,0,3,0
41,11,6,0,,4,5,1,469,0,0,5
41,12,7,0,,0,7,1,440,0,0,5
41,12,7,0,,1,5,1,800,1,1,1
41,12,7,0,,2,3,0,550,0,4,0
41,12,7,0,,4,6,1,464,0,0,4
41,13,8,0,,0,4,1,648,0,0,2
41,13,8,0,,1,7,1,730,0,0,2
41,13,8,0,,2,5,0,800,1,4,2
41,13,8,0,,3,6,1,450,0,0,4
41,14,9,0,,0,6,1,432,0,0,3
41,14,9,0,,1,3,0,414,0,5,0
41,14,9,0,,2,7,1,641,0,0,3
41,14,9,0,,4,5,1,723,0,0,4
41,15,9,2,wc_wave_15,0,-1,0,399,0,4,0
41,15,9,2,wc_wave_15,1,-1,0,281,0,5,0
41,15,9,2,wc_wave_15,2,-1,0,273,0,5,0
41,15,9,2,wc_wave_15,3,-1,0,292,0,4,0
41,15,9,2,wc_wave_15,4,-1,0,339,0,4,0
41,15,9,2,wc_wave_15,5,-1,0,465,0,5,0
41,15,9,2,wc_wave_15,6,-1,0,340,0,4,0
41,15,9,2,wc_wave_15,7,-1,0,293,0,5,0
41,16,10,0,,0,1,1,391,0,0,5
41,16,10,0,,2,3,0,513,0,5,0
41,16,10,0,,4,7,1,415,0,0,5
41,16,10,0,,5,6,1,563,0,0,4
41,17,11,1,,4,1,1,411,0,0,4
41,17,11,0,,0,7,1,390,0,0,5
41,17,11,0,,1,5,0,582,0,5,0
41,17,11,0,,2,6,1,547,0,0,2
41,18,12,0,,0,5,1,613,0,0,5
41,18,12,0,,1,2,0,523,0,4,0
41,18,12,0,,6,7,1,495,0,0,3
41,19,13,1,,2,6,1,651,0,0,2
41,19,13,0,,1,6,0,530,0,1,0
41,19,13,0,,5,7,1,652,0,0,6
41,20,13,2,wc_wave_20,1,-1,0,394,0,3,0
41,20,13,2,wc_wave_20,2,-1,1,569,0,0,1
41,20,13,2,wc_wave_20,5,-1,1,729,0,0,1
41,20,13,2,wc_wave_20,6,-1,1,613,0,0,1
41,20,13,2,wc_wave_20,7,-1,0,418,0,4,0
41,21,14,1,,6,5,0,651,0,2,0
41,21,14,0,,1,5,0,517,0,5,0
41,21,14,0,,2,7,1,587,0,0,4
41,22,15,0,,1,2,0,427,0,5,0
41,22,15,0,,6,7,1,504,0,0,3
41,23,16,1,,7,1,0,788,0,2,0
41,23,16,0,,1,6,0,339,0,4,0
41,24,17,1,,1,6,0,386,0,4,0
41,24,17,0,,6,7,1,488,0,0,4
41,25,17,2,wc_wave_25,1,-1,0,327,0,5,0
41,25,17,2,wc_wave_25,7,-1,0,546,0,5,0
41,26,18,0,,1,7,1,719,0,0,3
41,27,19,0,,1,7,0,800,1,1,1
41,28,20,0,,1,7,0,800,1,1,1
41,29,21,0,,1,7,1,800,1,1,2
41,30,21,2,wc_wave_30,1,-1,1,504,0,0,2
41,30,21,2,wc_wave_30,7,-1,1,786,0,0,1
41,31,22,0,,1,7,1,745,0,0,3
41,32,23,0,,1,7,1,800,1,1,1
41,33,24,0,,1,7,1,800,1,1,1
42,1,0,2,wc_wave_01,0,-1,0,89,0,3,0
42,1,0,2,wc_wave_01,1,-1,0,37,0,4,0
42,1,0,2,wc_wave_01,2,-1,0,58,0,4,0
42,1,0,2,wc_wave_01,3,-1,0,65,0,4,0
42,1,0,2,wc_wave_01,4,-1,0,33,0,3,0
42,1,0,2,wc_wave_01,5,-1,0,82,0,3,0
42,1,0,2,wc_wave_01,6,-1,0,34,0,4,0
42,1,0,2,wc_wave_01,7,-1,0,63,0,4,0
42,2,0,2,wc_wave_02,0,-1,0,119,0,4,0
42,2,0,2,wc_wave_02,1,-1,0,99,0,4,0
42,2,0,2,wc_wave_02,2,-1,0,146,0,4,0
42,2,0,2,wc_wave_02,3,-1,0,76,0,4,0
42,2,0,2,wc_wave_02,4,-1,0,99,0,4,0
42,2,0,2,wc_wave_02,5,-1,0,100,0,4,0
42,2,0,2,wc_wave_02,6,-1,0,105,0,4,0
42,2,0,2,wc_wave_02,7,-1,0,105,0,4,0
42,3,0,2,wc_wave_03,0,-1,0,117,0,5,0
42,3,0,2,wc_wave_03,1,-1,0,117,0,5,0
42,3,0,2,wc_wave_03,2,-1,0,187,0,5,0
42,3,0,2,wc_wave_03,3,-1,0,89,0,5,0
42,3,0,2,wc_wave_03,4,-1,0,105,0,5,0
42,3,0,2,wc_wave_03,5,-1,0,117,0,5,0
42,3,0,2,wc_wave_03,6,-1,0,89,0,5,0
42,3,0,2,wc_wave_03,7,-1,0,117,0,5,0
42,4,1,0,,0,2,0,607,0,5,0
42,4,1,0,,1,5,1,473,0,0,3
42,4,1,0,,3,6,0,556,0,2,0
42,4,1,0,,4,7,0,611,0,4,0
42,5,1,2,wc_wave_05,0,-1,0,251,0,5,0
42,5,1,2,wc_wave_05,1,-1,0,212,0,5,0
42,5,1,2,wc_wave_05,2,-1,0,262,0,5,0
42,5,1,2,wc_wave_05,3,-1,0,146,0,5,0
42,5,1,2,wc_wave_05,4,-1,0,146,0,5,0
42,5,1,2,wc_wave_05,5,-1,0,221,0,5,0
42,5,1,2,wc_wave_05,6,-1,0,146,0,5,0
42,5,1,2,wc_wave_05,7,-1,0,205,0,5,0
42,6,2,0,,0,4,0,605,0,3,0
42,6,2,0,,1,2,1,582,0,0,3
42,6,2,0,,3,5,0,385,0,5,0
42,6,2,0,,6,7,0,550,0,3,0
42,7,3,0,,0,5,1,800,1,1,2
42,7,3,0,,1,7,1,472,0,0,6
42,7,3,0,,2,3,1,528,0,0,3
42,7,3,0,,4,6,1,630,0,0,5
42,8,4,0,,0,3,1,564,0,0,3
42,8,4,0,,1,4,1,576,0,0,3
42,8,4,0,,2,6,1,800,1,1,3
42,8,4,0,,5,7,0,702,0,4,0
42,9,5,0,,0,1,0,435,0,5,0
42,9,5,0,,2,7,1,800,1,4,3
42,9,5,0,,3,4,0,496,0,3,0
42,9,5,0,,5,6,1,791,0,0,2
42,10,5,2,wc_wave_10,0,-1,0,262,0,6,0
42,10,5,2,wc_wave_10,1,-1,0,235,0,6,0
42,10,5,2,wc_wave_10,2,-1,0,362,0,6,0
42,10,5,2,wc_wave_10,3,-1,0,203,0,6,0
42,10,5,2,wc_wave_10,4,-1,0,240,0,6,0
42,10,5,2,wc_wave_10,5,-1,0,264,0,6,0
42,10,5,2,wc_wave_10,6,-1,0,266,0,6,0
42,10,5,2,wc_wave_10,7,-1,0,396,0,5,0
42,11,6,0,,0,6,0,569,0,4,0
42,11,6,0,,1,3,1,420,0,0,3
42,11,6,0,,2,4,1,800,1,2,3
42,11,6,0,,5,7,0,781,0,4,0
42,12,7,0,,0,4,0,626,0,3,0
42,12,7,0,,1,6,1,459,0,0,5
42,12,7,0,,2,5,0,800,1,6,1
42,12,7,0,,3,7,0,510,0,6,0
42,13,8,0,,0,7,0,656,0,3,0
42,13,8,0,,1,2,1,743,0,0,4
42,13,8,0,,3,6,0,481,0,3,0
42,13,8,0,,4,5,1,753,0,0,3
42,14,9,0,,0,6,0,778,0,2,0
42,14,9,0,,1,5,1,703,0,0,4
42,14,9,0,,2,7,0,800,1,5,1
42,14,9,0,,3,4,0,528,0,4,0
42,15,9,2,wc_wave_15,0,-1,0,380,0,5,0
42,15,9,2,wc_wave_15,2,-1,0,427,0,5,0
42,15,9,2,wc_wave_15,3,-1,0,229,0,6,0
42,15,9,2,wc_wave_15,4,-1,0,335,0,5,0
42,15,9,2,wc_wave_15,5,-1,0,417,0,4,0
42,15,9,2,wc_wave_15,6,-1,0,280,0,6,0
42,15,9,2,wc_wave_15,7,-1,0,306,0,4,0
42,16,10,1,,4,2,1,800,1,2,2
42,16,10,0,,0,7,0,610,0,3,0
42,16,10,0,,2,3,1,635,0,0,3
42,16,10,0,,5,6,1,712,0,0,4
42,17,11,1,,7,6,1,583,0,0,4
42,17,11,0,,0,3,0,665,0,2,0
42,17,11,0,,2,6,1,688,0,0,4
42,17,11,0,,4,5,0,800,1,2,2
42,18,12,0,,0,2,0,800,1,4,1
42,18,12,0,,3,5,0,666,0,3,0
42,18,12,0,,4,6,1,518,0,0,5
42,19,13,0,,0,4,0,627,0,4,0
42,19,13,0,,2,5,1,800,1,2,3
42,19,13,0,,3,6,0,688,0,2,0
42,20,13,2,wc_wave_20,0,-1,0,491,0,3,0
42,20,13,2,wc_wave_20,2,-1,1,757,0,0,1
42,20,13,2,wc_wave_20,3,-1,0,418,0,2,0
42,20,13,2,wc_wave_20,5,-1,1,650,0,0,1
42,20,13,2,wc_wave_20,6,-1,0,594,0,2,0
42,21,14,0,,0,6,0,573,0,4,0
42,21,14,0,,3,5,0,716,0,2,0
42,22,15,0,,0,3,0,800,1,2,1
42,22,15,0,,5,6,1,735,0,0,3
42,23,16,1,,6,0,1,714,0,0,3
42,23,16,0,,0,3,0,800,1,1,1
42,24,17,1,,0,6,0,572,0,4,0
42,24,17,0,,3,6,0,550,0,3,0
42,25,17,2,wc_wave_25,0,-1,0,500,0,3,0
42,25,17,2,wc_wave_25,3,-1,0,504,0,3,0
42,25,17,2,wc_wave_25,6,-1,0,450,0,4,0
42,26,18,1,,3,0,1,800,1,1,3
42,26,18,0,,0,6,0,673,0,4,0
42,27,19,0,,0,3,0,645,0,3,0
42,28,20,0,,0,3,1,675,0,0,4
42,29,21,0,,0,3,1,692,0,0,2
42,30,21,2,wc_wave_30,0,-1,1,621,0,0,2
42,30,21,2,wc_wave_30,3,-1,1,512,0,0,3
42,31,22,0,,0,3,1,625,0,0,3
42,32,23,0,,0,3,0,533,0,4,0
42,33,24,0,,0,3,0,611,0,3,0
43,1,0,2,wc_wave_01,0,-1,0,105,0,3,0
43,1,0,2,wc_wave_01,1,-1,0,105,0,4,0
43,1,0,2,wc_wave_01,2,-1,0,61,0,4,0
43,1,0,2,wc_wave_01,3,-1,0,82,0,3,0
43,1,0,2,wc_wave_01,4,-1,0,34,0,4,0
43,1,0,2,wc_wave_01,5,-1,0,76,0,4,0
43,1,0,2,wc_wave_01,6,-1,0,63,0,4,0
43,1,0,2,wc_wave_01,7,-1,0,82,0,3,0
43,2,0,2,wc_wave_02,0,-1,0,124,0,4,0
43,2,0,2,wc_wave_02,1,-1,0,98,0,4,0
43,2,0,2,wc_wave_02,2,-1,0,119,0,4,0
43,2,0,2,wc_wave_02,3,-1,0,97,0,4,0
43,2,0,2,wc_wave_02,4,-1,0,73,0,4,0
43,2,0,2,wc_wave_02,5,-1,0,106,0,4,0
43,2,0,2,wc_wave_02,6,-1,0,105,0,4,0
43,2,0,2,wc_wave_02,7,-1,0,74,0,4,0
43,3,0,2,wc_wave_03,0,-1,0,163,0,5,0
43,3,0,2,wc_wave_03,1,-1,0,94,0,5,0
43,3,0,2,wc_wave_03,2,-1,0,117,0,5,0
43,3,0,2,wc_wave_03,3,-1,0,95,0,5,0
43,3,0,2,wc_wave_03,4,-1,0,99,0,5,0
43,3,0,2,wc_wave_03,5,-1,0,106,0,5,0
43,3,0,2,wc_wave_03,6,-1,0,124,0,5,0
43,3,0,2,wc_wave_03,7,-1,0,112,0,5,0
43,4,1,0,,0,1,0,800,1,3,1
43,4,1,0,,2,5,1,800,1,2,3
43,4,1,0,,3,4,0,506,0,3,0
43,4,1,0,,6,7,1,611,0,0,3
43,5,1,2,wc_wave_05,0,-1,0,190,0,5,0
43,5,1,2,wc_wave_05,1,-1,0,164,0,5,0
43,5,1,2,wc_wave_05,2,-1,0,249,0,5,0
43,5,1,2,wc_wave_05,3,-1,0,166,0,5,0
43,5,1,2,wc_wave_05,4,-1,0,173,0,5,0
43,5,1,2,wc_wave_05,5,-1,0,203,0,5,0
43,5,1,2,wc_wave_05,6,-1,0,213,0,5,0
43,5,1,2,wc_wave_05,7,-1,0,200,0,5,0
43,6,2,0,,0,2,0,800,1,3,2
43,6,2,0,,1,4,0,427,0,4,0
43,6,2,0,,3,7,1,606,0,0,3
43,6,2,0,,5,6,0,426,0,4,0
43,7,3,0,,0,3,0,707,0,5,0
43,7,3,0,,1,7,1,454,0,0,4
43,7,3,0,,2,6,0,598,0,5,0
43,7,3,0,,4,5,1,446,0,0,5
43,8,4,0,,0,6,0,488,0,6,0
43,8,4,0,,1,5,1,500,0,0,4
43,8,4,0,,2,3,0,800,1,5,1
43,8,4,0,,4,7,1,446,0,0,4
43,9,5,0,,0,7,1,800,1,2,4
43,9,5,0,,1,2,1,702,0,0,4
43,9,5,0,,3,5,1,646,0,0,4
43,9,5,0,,4,6,0,390,0,6,0
43,10,5,2,wc_wave_10,0,-1,0,257,0,6,0
43,10,5,2,wc_wave_10,1,-1,0,198,0,6,0
43,10,5,2,wc_wave_10,2,-1,0,407,0,5,0
43,10,5,2,wc_wave_10,3,-1,0,314,0,5,0
43,10,5,2,wc_wave_10,4,-1,0,230,0,6,0
43,10,5,2,wc_wave_10,5,-1,0,310,0,6,0
43,10,5,2,wc_wave_10,6,-1,0,395,0,5,0
43,10,5,2,wc_wave_10,7,-1,0,209,0,6,0
43,11,6,0,,0,6,0,550,0,6,0
43,11,6,0,,1,3,1,548,0,0,3
43,11,6,0,,2,4,0,800,1,4,1
43,11,6,0,,5,7,1,642,0,0,4
43,12,7,0,,0,4,0,566,0,5,0
43,12,7,0,,1,6,1,458,0,0,4
43,12,7,0,,2,7,1,725,0,0,5
43,12,7,0,,3,5,1,592,0,0,5
43,13,8,0,,0,5,0,729,0,5,0
43,13,8,0,,1,2,1,702,0,0,5
43,13,8,0,,3,6,0,800,1,2,1
43,13,8,0,,4,7,1,513,0,0,3
43,14,9,0,,0,3,0,683,0,5,0
43,14,9,0,,1,5,1,450,0,0,5
43,14,9,0,,2,7,1,654,0,0,5
43,14,9,0,,4,6,0,655,0,2,0
43,15,9,2,wc_wave_15,0,-1,0,302,0,5,0
43,15,9,2,wc_wave_15,1,-1,0,308,0,4,0
43,15,9,2,wc_wave_15,2,-1,0,494,0,5,0
43,15,9,2,wc_wave_15,3,-1,0,434,0,5,0
43,15,9,2,wc_wave_15,4,-1,0,244,0,5,0
43,15,9,2,wc_wave_15,5,-1,0,454,0,4,0
43,15,9,2,wc_wave_15,6,-1,0,433,0,4,0
43,15,9,2,wc_wave_15,7,-1,0,262,0,6,0
43,16,10,0,,0,7,0,800,1,3,2
43,16,10,0,,1,4,1,416,0,0,3
43,16,10,0,,2,5,1,800,1,1,4
43,16,10,0,,3,6,0,778,0,2,0
43,17,11,0,,0,2,0,741,0,6,0
43,17,11,0,,3,4,1,511,0,0,4
43,17,11,0,,5,7,1,799,0,0,4
43,18,12,0,,0,5,0,794,0,5,0
43,18,12,0,,2,4,1,787,0,0,3
43,18,12,0,,3,7,1,535,0,0,5
43,19,13,1,,0,4,0,790,0,3,0
43,19,13,0,,2,7,1,800,1,1,4
43,19,13,0,,4,5,0,603,0,2,0
43,20,13,2,wc_wave_20,0,-1,0,550,0,3,0
43,20,13,2,wc_wave_20,4,-1,1,521,0,0,1
43,20,13,2,wc_wave_20,5,-1,0,518,0,2,0
43,20,13,2,wc_wave_20,7,-1,0,550,0,3,0
43,21,14,0,,0,5,0,702,0,5,0
43,21,14,0,,4,7,1,496,0,0,5
43,22,15,0,,0,7,0,800,1,3,1
43,22,15,0,,4,5,1,800,1,1,1
43,23,16,1,,7,5,0,719,0,4,0
43,23,16,0,,0,5,0,800,1,4,1
43,24,17,0,,0,7,1,800,1,2,2
43,25,17,2,wc_wave_25,0,-1,0,569,0,4,0
43,25,17,2,wc_wave_25,7,-1,0,656,0,2,0
43,26,18,0,,0,7,0,800,1,3,1
43,27,19,0,,0,7,0,800,1,3,1
43,28,20,0,,0,7,0,780,0,3,0
43,29,21,0,,0,7,0,800,1,3,2
43,30,21,2,wc_wave_30,0,-1,1,517,0,0,4
43,30,21,2,wc_wave_30,7,-1,1,508,0,0,4
43,31,22,0,,0,7,0,800,1,3,2
44,1,0,2,wc_wave_01,0,-1,0,76,0,4,0
44,1,0,2,wc_wave_01,1,-1,0,82,0,4,0
44,1,0,2,wc_wave_01,2,-1,0,85,0,4,0
44,1,0,2,wc_wave_01,3,-1,0,61,0,4,0
44,1,0,2,wc_wave_01,4,-1,0,91,0,4,0
44,1,0,2,wc_wave_01,5,-1,0,61,0,4,0
44,1,0,2,wc_wave_01,6,-1,0,35,0,4,0
44,1,0,2,wc_wave_01,7,-1,0,37,0,3,0
44,2,0,2,wc_wave_02,0,-1,0,107,0,4,0
44,2,0,2,wc_wave_02,1,-1,0,98,0,4,0
44,2,0,2,wc_wave_02,2,-1,0,87,0,4,0
44,2,0,2,wc_wave_02,3,-1,0,105,0,4,0
44,2,0,2,wc_wave_02,4,-1,0,131,0,4,0
44,2,0,2,wc_wave_02,5,-1,0,105,0,4,0
44,2,0,2,wc_wave_02,6,-1,0,80,0,4,0
44,2,0,2,wc_wave_02,7,-1,0,123,0,4,0
44,3,0,2,wc_wave_03,0,-1,0,106,0,5,0
44,3,0,2,wc_wave_03,1,-1,0,125,0,5,0
44,3,0,2,wc_wave_03,2,-1,0,123,0,5,0
44,3,0,2,wc_wave_03,3,-1,0,117,0,5,0
44,3,0,2,wc_wave_03,4,-1,0,143,0,5,0
44,3,0,2,wc_wave_03,5,-1,0,132,0,5,0
44,3,0,2,wc_wave_03,6,-1,0,99,0,5,0
44,3,0,2,wc_wave_03,7,-1,0,81,0,5,0
44,4,1,0,,0,5,0,800,1,2,1
44,4,1,0,,1,6,1,590,0,0,4
44,4,1,0,,2,7,1,470,0,0,4
44,4,1,0,,3,4,0,599,0,2,0
44,5,1,2,wc_wave_05,0,-1,0,190,0,5,0
44,5,1,2,wc_wave_05,1,-1,0,231,0,5,0
44,5,1,2,wc_wave_05,2,-1,0,246,0,5,0
44,5,1,2,wc_wave_05,3,-1,0,119,0,5,0
44,5,1,2,wc_wave_05,4,-1,0,161,0,5,0
44,5,1,2,wc_wave_05,5,-1,0,222,0,5,0
44,5,1,2,wc_wave_05,6,-1,0,173,0,5,0
44,5,1,2,wc_wave_05,7,-1,0,189,0,5,0
44,6,2,0,,0,7,1,563,0,0,4
44,6,2,0,,1,2,1,633,0,0,4
44,6,2,0,,3,5,0,721,0,1,0
44,6,2,0,,4,6,1,694,0,0,1
44,7,3,0,,0,6,0,611,0,3,0
44,7,3,0,,1,3,1,552,0,0,1
44,7,3,0,,2,4,0,800,1,4,1
44,7,3,0,,5,7,1,800,1,3,4
44,8,4,0,,0,1,0,393,0,5,0
44,8,4,0,,2,5,0,776,0,5,0
44,8,4,0,,3,6,1,473,0,0,4
44,8,4,0,,4,7,0,800,1,2,1
44,9,5,0,,0,3,0,466,0,5,0
44,9,5,0,,1,7,1,498,0,0,4
44,9,5,0,,2,6,0,800,1,4,1
44,9,5,0,,4,5,0,779,0,3,0
44,10,5,2,wc_wave_10,0,-1,0,227,0,6,0
44,10,5,2,wc_wave_10,1,-1,0,379,0,5,0
44,10,5,2,wc_wave_10,2,-1,0,272,0,6,0
44,10,5,2,wc_wave_10,3,-1,0,222,0,6,0
44,10,5,2,wc_wave_10,4,-1,0,264,0,5,0
44,10,5,2,wc_wave_10,5,-1,0,294,0,6,0
44,10,5,2,wc_wave_10,6,-1,0,236,0,6,0
44,10,5,2,wc_wave_10,7,-1,0,328,0,6,0
44,11,6,0,,0,2,1,624,0,0,4
44,11,6,0,,1,4,1,497,0,0,5
44,11,6,0,,3,7,1,586,0,0,3
44,11,6,0,,5,6,1,589,0,0,4
44,12,7,0,,0,4,0,545,0,3,0
44,12,7,0,,1,5,1,676,0,0,5
44,12,7,0,,2,3,0,400,0,6,0
44,12,7,0,,6,7,0,800,1,3,1
44,13,8,0,,0,7,0,718,0,4,0
44,13,8,0,,1,2,1,607,0,0,5
44,13,8,0,,3,5,1,778,0,0,1
44,13,8,0,,4,6,1,535,0,0,2
44,14,9,0,,0,5,0,482,0,5,0
44,14,9,0,,1,6,1,446,0,0,4
44,14,9,0,,2,3,0,586,0,5,0
44,14,9,0,,4,7,0,800,1,2,1
44,15,9,2,wc_wave_15,0,-1,0,322,0,5,0
44,15,9,2,wc_wave_15,2,-1,0,328,0,6,0
44,15,9,2,wc_wave_15,3,-1,0,324,0,3,0
44,15,9,2,wc_wave_15,4,-1,0,304,0,4,0
44,15,9,2,wc_wave_15,5,-1,0,416,0,4,0
44,15,9,2,wc_wave_15,6,-1,0,286,0,5,0
44,15,9,2,wc_wave_15,7,-1,0,435,0,4,0
44,16,10,1,,2,7,0,800,1,6,2
44,16,10,0,,0,4,0,565,0,4,0
44,16,10,0,,3,6,1,413,0,0,4
44,16,10,0,,5,7,1,631,0,0,4
44,17,11,1,,3,7,1,627,0,0,3
44,17,11,0,,0,2,1,800,1,1,5
44,17,11,0,,4,5,0,563,0,3,0
44,17,11,0,,6,7,0,800,1,1,1
44,18,12,1,,4,2,1,722,0,0,4
44,18,12,0,,0,3,0,503,0,4,0
44,18,12,0,,2,6,0,642,0,4,0
44,18,12,0,,5,7,1,689,0,0,4
44,19,13,1,,7,0,0,800,1,2,2
44,19,13,0,,0,2,1,763,0,0,5
44,19,13,0,,4,6,1,612,0,0,2
44,20,13,2,wc_wave_20,0,-1,0,528,0,2,0
44,20,13,2,wc_wave_20,2,-1,0,532,0,4,0
44,20,13,2,wc_wave_20,4,-1,1,571,0,0,1
44,20,13,2,wc_wave_20,6,-1,0,571,0,1,0
44,20,13,2,wc_wave_20,7,-1,1,648,0,0,1
44,21,14,1,,0,6,0,800,1,1,1
44,21,14,0,,2,4,0,662,0,5,0
44,21,14,0,,6,7,1,725,0,0,3
44,22,15,0,,0,7,0,800,1,4,1
44,22,15,0,,2,6,0,800,1,2,1
44,23,16,0,,0,6,0,658,0,3,0
44,23,16,0,,2,7,0,800,1,5,2
44,24,17,0,,0,2,1,800,1,1,3
44,24,17,0,,6,7,0,643,0,4,0
44,25,17,2,wc_wave_25,0,-1,0,566,0,3,0
44,25,17,2,wc_wave_25,2,-1,1,800,1,1,1
44,25,17,2,wc_wave_25,6,-1,1,524,0,0,3
44,26,18,1,,6,2,0,800,1,3,1
44,26,18,0,,0,2,1,800,1,1,4
44,27,19,1,,0,6,0,737,0,2,0
44,27,19,0,,2,6,0,678,0,4,0
44,28,20,1,,6,0,1,714,0,0,2
44,28,20,0,,0,2,1,763,0,0,5
45,1,0,2,wc_wave_01,0,-1,0,76,0,4,0
45,1,0,2,wc_wave_01,1,-1,0,82,0,4,0
45,1,0,2,wc_wave_01,2,-1,0,102,0,4,0
45,1,0,2,wc_wave_01,3,-1,0,89,0,4,0
45,1,0,2,wc_wave_01,4,-1,0,81,0,4,0
45,1,0,2,wc_wave_01,5,-1,0,61,0,4,0
45,1,0,2,wc_wave_01,6,-1,0,89,0,3,0
45,1,0,2,wc_wave_01,7,-1,0,105,0,4,0
45,2,0,2,wc_wave_02,0,-1,0,146,0,4,0
45,2,0,2,wc_wave_02,1,-1,0,133,0,4,0
45,2,0,2,wc_wave_02,2,-1,0,128,0,4,0
45,2,0,2,wc_wave_02,3,-1,0,105,0,4,0
45,2,0,2,wc_wave_02,4,-1,0,104,0,4,0
45,2,0,2,wc_wave_02,5,-1,0,105,0,4,0
45,2,0,2,wc_wave_02,6,-1,0,107,0,4,0
45,2,0,2,wc_wave_02,7,-1,0,159,0,4,0
45,3,0,2,wc_wave_03,0,-1,0,156,0,5,0
45,3,0,2,wc_wave_03,1,-1,0,128,0,5,0
45,3,0,2,wc_wave_03,2,-1,0,167,0,5,0
45,3,0,2,wc_wave_03,3,-1,0,86,0,5,0
45,3,0,2,wc_wave_03,4,-1,0,123,0,5,0
45,3,0,2,wc_wave_03,5,-1,0,127,0,5,0
45,3,0,2,wc_wave_03,6,-1,0,94,0,5,0
45,3,0,2,wc_wave_03,7,-1,0,196,0,5,0
45,4,1,0,,0,4,1,800,1,3,4
45,4,1,0,,1,6,0,800,1,1,1
45,4,1,0,,2,7,0,800,1,4,3
45,4,1,0,,3,5,1,800,1,1,1
45,5,1,2,wc_wave_05,0,-1,0,218,0,5,0
45,5,1,2,wc_wave_05,1,-1,0,173,0,5,0
45,5,1,2,wc_wave_05,2,-1,0,266,0,5,0
45,5,1,2,wc_wave_05,3,-1,0,163,0,5,0
45,5,1,2,wc_wave_05,4,-1,0,213,0,5,0
45,5,1,2,wc_wave_05,5,-1,0,214,0,5,0
45,5,1,2,wc_wave_05,6,-1,0,124,0,5,0
45,5,1,2,wc_wave_05,7,-1,0,227,0,5,0
45,6,2,0,,0,6,1,473,0,0,4
45,6,2,0,,1,5,1,536,0,0,3
45,6,2,0,,2,4,1,788,0,0,5
45,6,2,0,,3,7,1,369,0,0,5
45,7,3,0,,0,1,1,657,0,0,3
45,7,3,0,,2,3,1,482,0,0,5
45,7,3,0,,4,6,1,443,0,0,5
45,7,3,0,,5,7,1,775,0,0,3
45,8,4,0,,0,7,0,800,1,3,1
45,8,4,0,,1,2,0,800,1,2,2
45,8,4,0,,3,4,0,457,0,4,0
45,8,4,0,,5,6,1,599,0,0,4
45,9,5,0,,0,2,0,702,0,4,0
45,9,5,0,,1,3,0,555,0,3,0
45,9,5,0,,4,5,1,588,0,0,5
45,9,5,0,,6,7,0,466,0,5,0
45,10,5,2,wc_wave_10,0,-1,0,268,0,6,0
45,10,5,2,wc_wave_10,1,-1,0,312,0,6,0
45,10,5,2,wc_wave_10,2,-1,0,404,0,6,0
45,10,5,2,wc_wave_10,3,-1,0,205,0,6,0
45,10,5,2,wc_wave_10,4,-1,0,389,0,6,0
45,10,5,2,wc_wave_10,5,-1,0,262,0,6,0
45,10,5,2,wc_wave_10,6,-1,0,194,0,6,0
45,10,5,2,wc_wave_10,7,-1,0,226,0,6,0
45,11,6,0,,0,5,1,800,1,1,2
45,11,6,0,,1,2,0,374,0,5,0
45,11,6,0,,3,6,1,479,0,0,5
45,11,6,0,,4,7,1,632,0,0,4
45,12,7,0,,0,3,1,624,0,0,5
45,12,7,0,,1,4,0,475,0,4,0
45,12,7,0,,2,6,1,449,0,0,6
45,12,7,0,,5,7,1,754,0,0,3
45,13,8,0,,0,6,1,486,0,0,6
45,13,8,0,,1,7,0,740,0,4,0
45,13,8,0,,2,5,1,783,0,0,4
45,13,8,0,,3,4,0,529,0,5,0
45,14,9,0,,0,7,1,766,0,0,5
45,14,9,0,,1,5,0,551,0,5,0
45,14,9,0,,2,3,1,568,0,0,4
45,14,9,0,,4,6,1,465,0,0,5
45,15,9,2,wc_wave_15,0,-1,0,401,0,4,0
45,15,9,2,wc_wave_15,1,-1,0,281,0,5,0
45,15,9,2,wc_wave_15,2,-1,0,436,0,4,0
45,15,9,2,wc_wave_15,3,-1,0,310,0,5,0
45,15,9,2,wc_wave_15,4,-1,0,343,0,5,0
45,15,9,2,wc_wave_15,5,-1,0,391,0,4,0
45,15,9,2,wc_wave_15,6,-1,0,266,0,6,0
45,15,9,2,wc_wave_15,7,-1,0,364,0,6,0
45,16,10,0,,0,4,0,800,1,2,1
45,16,10,0,,1,7,0,533,0,5,0
45,16,10,0,,2,5,1,800,1,1,4
45,16,10,0,,3,6,1,525,0,0,5
45,17,11,1,,0,1,1,533,0,0,5
45,17,11,0,,1,6,1,666,0,0,3
45,17,11,0,,3,7,0,800,1,3,1
45,17,11,0,,4,5,1,800,1,1,2
45,18,12,0,,0,5,1,800,1,2,3
45,18,12,0,,1,3,0,565,0,3,0
45,18,12,0,,6,7,0,578,0,4,0
45,19,13,1,,6,5,0,521,0,5,0
45,19,13,0,,1,7,0,800,1,4,1
45,19,13,0,,3,5,0,566,0,4,0
45,20,13,2,wc_wave_20,1,-1,0,555,0,2,0
45,20,13,2,wc_wave_20,3,-1,0,535,0,2,0
45,20,13,2,wc_wave_20,5,-1,1,655,0,0,1
45,20,13,2,wc_wave_20,6,-1,0,363,0,4,0
45,21,14,0,,1,5,0,638,0,4,0
45,21,14,0,,3,6,1,526,0,0,4
45,22,15,0,,1,3,0,595,0,4,0
45,22,15,0,,5,6,1,466,0,0,5
45,23,16,1,,1,6,1,695,0,0,3
45,23,16,0,,3,6,1,553,0,0,3
45,24,17,0,,1,6,1,626,0,0,3
45,25,17,2,wc_wave_25,1,-1,1,592,0,0,4
45,25,17,2,wc_wave_25,6,-1,0,402,0,5,0
45,26,18,0,,1,6,1,741,0,0,1
45,27,19,0,,1,6,1,666,0,0,2
45,28,20,0,,1,6,1,742,0,0,2
45,29,21,0,,1,6,1,660,0,0,2
46,1,0,2,wc_wave_01,0,-1,0,32,0,3,0
46,1,0,2,wc_wave_01,1,-1,0,82,0,4,0
46,1,0,2,wc_wave_01,2,-1,0,61,0,4,0
46,1,0,2,wc_wave_01,3,-1,0,85,0,4,0
46,1,0,2,wc_wave_01,4,-1,0,103,0,4,0
46,1,0,2,wc_wave_01,5,-1,0,76,0,4,0
46,1,0,2,wc_wave_01,6,-1,0,39,0,4,0
46,1,0,2,wc_wave_01,7,-1,0,78,0,4,0
46,2,0,2,wc_wave_02,0,-1,0,73,0,4,0
46,2,0,2,wc_wave_02,1,-1,0,99,0,4,0
46,2,0,2,wc_wave_02,2,-1,0,105,0,4,0
46,2,0,2,wc_wave_02,3,-1,0,128,0,4,0
46,2,0,2,wc_wave_02,4,-1,0,99,0,4,0
46,2,0,2,wc_wave_02,5,-1,0,147,0,4,0
46,2,0,2,wc_wave_02,6,-1,0,105,0,4,0
46,2,0,2,wc_wave_02,7,-1,0,84,0,4,0
46,3,0,2,wc_wave_03,0,-1,0,112,0,5,0
46,3,0,2,wc_wave_03,1,-1,0,124,0,5,0
46,3,0,2,wc_wave_03,2,-1,0,129,0,5,0
46,3,0,2,wc_wave_03,3,-1,0,125,0,5,0
46,3,0,2,wc_wave_03,4,-1,0,162,0,5,0
46,3,0,2,wc_wave_03,5,-1,0,159,0,5,0
46,3,0,2,wc_wave_03,6,-1,0,86,0,5,0
46,3,0,2,wc_wave_03,7,-1,0,159,0,5,0
46,4,1,0,,0,4,0,399,0,4,0
46,4,1,0,,1,2,0,654,0,1,0
46,4,1,0,,3,6,0,690,0,1,0
46,4,1,0,,5,7,1,800,1,3,5
46,5,1,2,wc_wave_05,0,-1,0,152,0,5,0
46,5,1,2,wc_wave_05,1,-1,0,146,0,5,0
46,5,1,2,wc_wave_05,2,-1,0,176,0,5,0
46,5,1,2,wc_wave_05,3,-1,0,157,0,5,0
46,5,1,2,wc_wave_05,4,-1,0,146,0,5,0
46,5,1,2,wc_wave_05,5,-1,0,194,0,5,0
46,5,1,2,wc_wave_05,6,-1,0,203,0,5,0
46,5,1,2,wc_wave_05,7,-1,0,244,0,5,0
46,6,2,0,,0,2,0,551,0,3,0
46,6,2,0,,1,4,0,590,0,2,0
46,6,2,0,,3,5,1,766,0,0,2
46,6,2,0,,6,7,1,563,0,0,4
46,7,3,0,,0,7,1,688,0,0,3
46,7,3,0,,1,5,1,489,0,0,4
46,7,3,0,,2,3,1,720,0,0,3
46,7,3,0,,4,6,0,800,1,2,3
46,8,4,0,,0,1,0,331,0,5,0
46,8,4,0,,2,7,1,776,0,0,4
46,8,4,0,,3,4,0,762,0,2,0
46,8,4,0,,5,6,0,777,0,4,0
46,9,5,0,,0,5,1,800,1,1,1
46,9,5,0,,1,3,1,698,0,0,2
46,9,5,0,,2,6,0,744,0,4,0
46,9,5,0,,4,7,1,655,0,0,5
46,10,5,2,wc_wave_10,0,-1,0,237,0,6,0
46,10,5,2,wc_wave_10,1,-1,0,246,0,5,0
46,10,5,2,wc_wave_10,2,-1,0,213,0,6,0
46,10,5,2,wc_wave_10,3,-1,0,297,0,5,0
46,10,5,2,wc_wave_10,4,-1,0,234,0,6,0
46,10,5,2,wc_wave_10,5,-1,0,227,0,6,0
46,10,5,2,wc_wave_10,6,-1,0,269,0,6,0
46,10,5,2,wc_wave_10,7,-1,0,264,0,6,0
46,11,6,0,,0,3,0,648,0,3,0
46,11,6,0,,1,6,1,502,0,0,5
46,11,6,0,,2,7,1,588,0,0,4
46,11,6,0,,4,5,0,737,0,3,0
46,12,7,0,,0,6,0,602,0,4,0
46,12,7,0,,1,4,1,800,1,1,2
46,12,7,0,,2,5,1,668,0,0,3
46,12,7,0,,3,7,1,614,0,0,3
46,13,8,0,,0,5,0,678,0,3,0
46,13,8,0,,1,7,1,453,0,0,5
46,13,8,0,,2,4,1,628,0,0,5
46,13,8,0,,3,6,1,683,0,0,3
46,14,9,0,,0,3,0,510,0,4,0
46,14,9,0,,1,2,1,638,0,0,3
46,14,9,0,,4,5,0,649,0,5,0
46,14,9,0,,6,7,1,613,0,0,3
46,15,9,2,wc_wave_15,0,-1,0,308,0,5,0
46,15,9,2,wc_wave_15,1,-1,0,326,0,5,0
46,15,9,2,wc_wave_15,2,-1,0,350,0,4,0
46,15,9,2,wc_wave_15,3,-1,0,304,0,5,0
46,15,9,2,wc_wave_15,4,-1,0,335,0,5,0
46,15,9,2,wc_wave_15,5,-1,0,293,0,6,0
46,15,9,2,wc_wave_15,6,-1,0,370,0,5,0
46,15,9,2,wc_wave_15,7,-1,0,264,0,5,0
46,16,10,0,,0,4,1,638,0,0,4
46,16,10,0,,1,7,1,453,0,0,5
46,16,10,0,,2,6,0,681,0,3,0
46,16,10,0,,3,5,1,552,0,0,5
46,17,11,0,,0,2,0,609,0,4,0
46,17,11,0,,1,3,0,618,0,2,0
46,17,11,0,,4,6,0,559,0,5,0
46,17,11,0,,5,7,1,505,0,0,5
46,18,12,0,,0,1,0,483,0,4,0
46,18,12,0,,2,4,1,609,0,0,4
46,18,12,0,,3,7,1,488,0,0,5
46,18,12,0,,5,6,0,654,0,3,0
46,19,13,0,,0,7,1,625,0,0,4
46,19,13,0,,2,5,1,656,0,0,2
46,19,13,0,,3,4,1,594,0,0,4
46,20,13,2,wc_wave_20,0,-1,0,404,0,4,0
46,20,13,2,wc_wave_20,4,-1,0,574,0,3,0
46,20,13,2,wc_wave_20,5,-1,1,662,0,0,1
46,20,13,2,wc_wave_20,7,-1,0,434,0,3,0
46,21,14,0,,0,5,1,800,1,1,2
46,21,14,0,,4,7,1,588,0,0,4
46,22,15,0,,0,4,1,800,1,1,2
46,22,15,0,,5,7,1,610,0,0,3
46,23,16,0,,0,7,1,600,0,0,5
46,23,16,0,,4,5,0,800,1,2,2
46,24,17,0,,0,5,0,728,0,1,0
46,24,17,0,,4,7,1,762,0,0,3
46,25,17,2,wc_wave_25,0,-1,0,503,0,1,0
46,25,17,2,wc_wave_25,4,-1,0,440,0,4,0
46,25,17,2,wc_wave_25,7,-1,0,404,0,3,0
46,26,18,1,,4,0,0,800,1,3,1
46,26,18,0,,0,7,1,584,0,0,4
46,27,19,0,,4,7,1,800,1,1,2
46,28,20,0,,4,7,1,674,0,0,3
46,29,21,0,,4,7,0,800,1,2,2
46,30,21,2,wc_wave_30,4,-1,1,470,0,0,4
46,30,21,2,wc_wave_30,7,-1,1,550,0,0,3
46,31,22,0,,4,7,1,800,1,1,2
47,1,0,2,wc_wave_01,0,-1,0,93,0,4,0
47,1,0,2,wc_wave_01,1,-1,0,63,0,4,0
47,1,0,2,wc_wave_01,2,-1,0,76,0,4,0
47,1,0,2,wc_wave_01,3,-1,0,82,0,3,0
47,1,0,2,wc_wave_01,4,-1,0,84,0,4,0
47,1,0,2,wc_wave_01,5,-1,0,50,0,4,0
47,1,0,2,wc_wave_01,6,-1,0,82,0,4,0
47,1,0,2,wc_wave_01,7,-1,0,77,0,4,0
47,2,0,2,wc_wave_02,0,-1,0,81,0,4,0
47,2,0,2,wc_wave_02,1,-1,0,105,0,4,0
47,2,0,2,wc_wave_02,2,-1,0,99,0,4,0
47,2,0,2,wc_wave_02,3,-1,0,97,0,4,0
47,2,0,2,wc_wave_02,4,-1,0,127,0,4,0
47,2,0,2,wc_wave_02,5,-1,0,73,0,4,0
47,2,0,2,wc_wave_02,6,-1,0,146,0,4,0
47,2,0,2,wc_wave_02,7,-1,0,97,0,4,0
47,3,0,2,wc_wave_03,0,-1,0,148,0,5,0
47,3,0,2,wc_wave_03,1,-1,0,86,0,5,0
47,3,0,2,wc_wave_03,2,-1,0,137,0,5,0
47,3,0,2,wc_wave_03,3,-1,0,105,0,5,0
47,3,0,2,wc_wave_03,4,-1,0,112,0,5,0
47,3,0,2,wc_wave_03,5,-1,0,119,0,5,0
47,3,0,2,wc_wave_03,6,-1,0,148,0,5,0
47,3,0,2,wc_wave_03,7,-1,0,148,0,5,0
47,4,1,0,,0,6,0,800,1,2,3
47,4,1,0,,1,2,1,656,0,0,3
47,4,1,0,,3,4,0,758,0,2,0
47,4,1,0,,5,7,1,477,0,0,5
47,5,1,2,wc_wave_05,0,-1,0,197,0,5,0
47,5,1,2,wc_wave_05,1,-1,0,128,0,5,0
47,5,1,2,wc_wave_05,2,-1,0,271,0,5,0
47,5,1,2,wc_wave_05,3,-1,0,141,0,5,0
47,5,1,2,wc_wave_05,4,-1,0,173,0,5,0
47,5,1,2,wc_wave_05,5,-1,0,155,0,5,0
47,5,1,2,wc_wave_05,6,-1,0,298,0,5,0
47,5,1,2,wc_wave_05,7,-1,0,186,0,5,0
47,6,2,0,,0,2,1,800,1,2,2
47,6,2,0,,1,5,1,423,0,0,3
47,6,2,0,,3,6,1,680,0,0,2
47,6,2,0,,4,7,0,736,0,1,0
47,7,3,0,,0,7,1,657,0,0,5
47,7,3,0,,1,3,1,493,0,0,5
47,7,3,0,,2,5,1,739,0,0,3
47,7,3,0,,4,6,0,697,0,4,0
47,8,4,0,,0,3,1,659,0,0,5
47,8,4,0,,1,4,1,376,0,0,4
47,8,4,0,,2,7,1,660,0,0,4
47,8,4,0,,5,6,0,753,0,3,0
47,9,5,0,,0,5,1,546,0,0,3
47,9,5,0,,1,6,1,452,0,0,4
47,9,5,0,,2,4,1,800,1,1,2
47,9,5,0,,3,7,1,624,0,0,5
47,10,5,2,wc_wave_10,0,-1,0,344,0,5,0
47,10,5,2,wc_wave_10,1,-1,0,229,0,5,0
47,10,5,2,wc_wave_10,2,-1,0,243,0,6,0
47,10,5,2,wc_wave_10,3,-1,0,196,0,6,0
47,10,5,2,wc_wave_10,4,-1,0,233,0,6,0
47,10,5,2,wc_wave_10,5,-1,0,203,0,6,0
47,10,5,2,wc_wave_10,6,-1,0,285,0,6,0
47,10,5,2,wc_wave_10,7,-1,0,263,0,6,0
47,11,6,0,,0,1,0,480,0,5,0
47,11,6,0,,2,3,0,800,1,3,1
47,11,6,0,,4,5,0,559,0,2,0
47,11,6,0,,6,7,1,593,0,0,6
47,12,7,0,,0,4,1,647,0,0,5
47,12,7,0,,1,7,1,381,0,0,5
47,12,7,0,,2,6,0,800,1,5,2
47,12,7,0,,3,5,1,623,0,0,2
47,13,8,0,,0,2,1,517,0,0,6
47,13,8,0,,1,6,1,603,0,0,4
47,13,8,0,,3,7,1,587,0,0,4
47,13,8,0,,4,5,0,681,0,1,0
47,14,9,0,,0,1,0,705,0,2,0
47,14,9,0,,2,5,0,548,0,5,0
47,14,9,0,,3,6,0,607,0,5,0
47,14,9,0,,4,7,1,800,1,1,2
47,15,9,2,wc_wave_15,0,-1,0,393,0,5,0
47,15,9,2,wc_wave_15,1,-1,0,322,0,4,0
47,15,9,2,wc_wave_15,2,-1,0,404,0,5,0
47,15,9,2,wc_wave_15,3,-1,0,293,0,4,0
47,15,9,2,wc_wave_15,4,-1,0,273,0,6,0
47,15,9,2,wc_wave_15,5,-1,0,309,0,5,0
47,15,9,2,wc_wave_15,6,-1,0,380,0,5,0
47,15,9,2,wc_wave_15,7,-1,0,324,0,5,0
47,16,10,0,,0,5,1,583,0,0,3
47,16,10,0,,1,4,1,414,0,0,5
47,16,10,0,,2,3,0,800,1,3,1
47,16,10,0,,6,7,1,665,0,0,4
47,17,11,1,,2,4,0,800,1,3,1
47,17,11,0,,0,7,1,696,0,0,5
47,17,11,0,,3,5,1,743,0,0,1
47,17,11,0,,4,6,0,619,0,4,0
47,18,12,1,,7,5,0,774,0,2,0
47,18,12,0,,0,6,0,640,0,4,0
47,18,12,0,,2,5,0,594,0,5,0
47,18,12,0,,3,4,1,767,0,0,2
47,19,13,0,,0,3,0,600,0,4,0
47,19,13,0,,2,7,1,800,1,1,3
47,19,13,0,,4,5,0,800,1,1,1
47,20,13,2,wc_wave_20,0,-1,0,482,0,4,0
47,20,13,2,wc_wave_20,2,-1,0,710,0,2,0
47,20,13,2,wc_wave_20,3,-1,1,625,0,0,1
47,20,13,2,wc_wave_20,4,-1,0,469,0,2,0
47,20,13,2,wc_wave_20,5,-1,1,602,0,0,1
47,20,13,2,wc_wave_20,7,-1,0,616,0,3,0
47,21,14,1,,0,4,0,763,0,2,0
47,21,14,0,,2,4,0,787,0,4,0
47,21,14,0,,5,7,1,643,0,0,4
47,22,15,1,,4,7,1,696,0,0,3
47,22,15,0,,0,5,0,800,1,2,1
47,22,15,0,,2,7,0,800,1,4,2
47,23,16,0,,0,7,1,757,0,0,5
47,23,16,0,,2,4,0,643,0,4,0
47,24,17,1,,2,7,0,800,1,4,2
47,24,17,0,,4,7,1,697,0,0,3
47,25,17,2,wc_wave_25,2,-1,0,800,1,3,1
47,25,17,2,wc_wave_25,4,-1,0,599,0,3,0
47,25,17,2,wc_wave_25,7,-1,0,634,0,4,0
47,26,18,1,,7,2,1,800,1,2,3
47,26,18,0,,2,4,0,800,1,2,2
47,27,19,1,,4,7,1,600,0,0,4
47,27,19,0,,2,7,0,800,1,4,2
47,28,20,0,,2,7,0,800,1,4,2
47,29,21,0,,2,7,1,800,1,2,3
47,30,21,2,wc_wave_30,2,-1,1,546,0,0,4
47,30,21,2,wc_wave_30,7,-1,1,641,0,0,3
47,31,22,0,,2,7,1,800,1,1,3
47,32,23,0,,2,7,0,800,1,5,2
47,33,24,0,,2,7,0,800,1,3,3
48,1,0,2,wc_wave_01,0,-1,0,37,0,4,0
48,1,0,2,wc_wave_01,1,-1,0,34,0,4,0
48,1,0,2,wc_wave_01,2,-1,0,82,0,4,0
48,1,0,2,wc_wave_01,3,-1,0,37,0,4,0
48,1,0,2,wc_wave_01,4,-1,0,63,0,4,0
48,1,0,2,wc_wave_01,5,-1,0,34,0,4,0
48,1,0,2,wc_wave_01,6,-1,0,37,0,4,0
48,1,0,2,wc_wave_01,7,-1,0,65,0,4,0
48,2,0,2,wc_wave_02,0,-1,0,105,0,4,0
48,2,0,2,wc_wave_02,1,-1,0,98,0,4,0
48,2,0,2,wc_wave_02,2,-1,0,106,0,4,0
48,2,0,2,wc_wave_02,3,-1,0,81,0,4,0
48,2,0,2,wc_wave_02,4,-1,0,80,0,4,0
48,2,0,2,wc_wave_02,5,-1,0,76,0,4,0
48,2,0,2,wc_wave_02,6,-1,0,105,0,4,0
48,2,0,2,wc_wave_02,7,-1,0,95,0,4,0
48,3,0,2,wc_wave_03,0,-1,0,117,0,5,0
48,3,0,2,wc_wave_03,1,-1,0,125,0,5,0
48,3,0,2,wc_wave_03,2,-1,0,127,0,5,0
48,3,0,2,wc_wave_03,3,-1,0,77,0,5,0
48,3,0,2,wc_wave_03,4,-1,0,99,0,5,0
48,3,0,2,wc_wave_03,5,-1,0,109,0,5,0
48,3,0,2,wc_wave_03,6,-1,0,112,0,5,0
48,3,0,2,wc_wave_03,7,-1,0,105,0,5,0
48,4,1,0,,0,6,1,601,0,0,4
48,4,1,0,,1,3,1,361,0,0,3
48,4,1,0,,2,7,1,665,0,0,2
48,4,1,0,,4,5,1,800,1,1,1
48,5,1,2,wc_wave_05,0,-1,0,212,0,5,0
48,5,1,2,wc_wave_05,1,-1,0,196,0,5,0
48,5,1,2,wc_wave_05,2,-1,0,200,0,5,0
48,5,1,2,wc_wave_05,3,-1,0,167,0,5,0
48,5,1,2,wc_wave_05,4,-1,0,193,0,5,0
48,5,1,2,wc_wave_05,5,-1,0,127,0,5,0
48,5,1,2,wc_wave_05,6,-1,0,146,0,5,0
48,5,1,2,wc_wave_05,7,-1,0,196,0,5,0
48,6,2,0,,0,2,1,780,0,0,3
48,6,2,0,,1,6,1,491,0,0,3
48,6,2,0,,3,5,1,706,0,0,1
48,6,2,0,,4,7,1,519,0,0,4
48,7,3,0,,0,7,1,652,0,0,2
48,7,3,0,,1,4,0,788,0,2,0
48,7,3,0,,2,5,0,800,1,1,1
48,7,3,0,,3,6,1,637,0,0,2
48,8,4,0,,0,3,1,548,0,0,3
48,8,4,0,,1,2,0,800,1,3,2
48,8,4,0,,4,6,1,603,0,0,4
48,8,4,0,,5,7,0,475,0,4,0
48,9,5,0,,0,5,1,434,0,0,5
48,9,5,0,,1,7,1,800,1,2,2
48,9,5,0,,2,6,1,653,0,0,2
48,9,5,0,,3,4,0,796,0,1,0
48,10,5,2,wc_wave_10,0,-1,0,214,0,6,0
48,10,5,2,wc_wave_10,1,-1,0,306,0,6,0
48,10,5,2,wc_wave_10,2,-1,0,271,0,6,0
48,10,5,2,wc_wave_10,3,-1,0,233,0,6,0
48,10,5,2,wc_wave_10,4,-1,0,336,0,5,0
48,10,5,2,wc_wave_10,5,-1,0,187,0,6,0
48,10,5,2,wc_wave_10,6,-1,0,243,0,6,0
48,10,5,2,wc_wave_10,7,-1,0,308,0,6,0
48,11,6,0,,0,4,1,800,1,1,1
48,11,6,0,,1,5,1,763,0,0,2
48,11,6,0,,2,3,0,800,1,2,1
48,11,6,0,,6,7,0,495,0,4,0
48,12,7,0,,0,1,1,551,0,0,5
48,12,7,0,,2,4,0,718,0,5,0
48,12,7,0,,3,7,1,800,1,1,2
48,12,7,0,,5,6,1,521,0,0,3
48,13,8,0,,0,4,1,725,0,0,2
48,13,8,0,,1,2,0,737,0,4,0
48,13,8,0,,3,6,1,409,0,0,3
48,13,8,0,,5,7,0,613,0,3,0
48,14,9,0,,0,3,1,614,0,0,2
48,14,9,0,,1,7,1,768,0,0,3
48,14,9,0,,2,5,1,741,0,0,3
48,14,9,0,,4,6,1,374,0,0,5
48,15,9,2,wc_wave_15,0,-1,0,299,0,5,0
48,15,9,2,wc_wave_15,1,-1,0,341,0,4,0
48,15,9,2,wc_wave_15,2,-1,0,291,0,5,0
48,15,9,2,wc_wave_15,3,-1,0,250,0,6,0
48,15,9,2,wc_wave_15,4,-1,0,416,0,4,0
48,15,9,2,wc_wave_15,5,-1,0,266,0,6,0
48,15,9,2,wc_wave_15,6,-1,0,222,0,6,0
48,15,9,2,wc_wave_15,7,-1,0,362,0,5,0
48,16,10,0,,0,5,1,603,0,0,2
48,16,10,0,,1,3,0,601,0,4,0
48,16,10,0,,2,4,1,800,1,3,3
48,16,10,0,,6,7,0,505,0,2,0
48,17,11,0,,0,1,1,748,0,0,2
48,17,11,0,,2,6,1,488,0,0,4
48,17,11,0,,3,7,1,638,0,0,3
48,17,11,0,,4,5,1,466,0,0,6
48,18,12,1,,3,2,0,654,0,2,0
48,18,12,0,,1,4,0,622,0,4,0
48,18,12,0,,2,7,1,715,0,0,3
48,18,12,0,,5,6,1,654,0,0,1
48,19,13,1,,1,5,1,716,0,0,2
48,19,13,0,,2,6,1,369,0,0,6
48,19,13,0,,3,5,1,465,0,0,4
48,19,13,0,,4,7,1,453,0,0,4
48,20,13,2,wc_wave_20,1,-1,0,475,0,2,0
48,20,13,2,wc_wave_20,3,-1,0,559,0,1,0
48,20,13,2,wc_wave_20,5,-1,0,394,0,4,0
48,20,13,2,wc_wave_20,6,-1,0,353,0,3,0
48,20,13,2,wc_wave_20,7,-1,0,490,0,1,0
48,21,14,1,,5,6,0,691,0,1,0
48,21,14,0,,1,6,1,644,0,0,2
48,21,14,0,,3,7,1,800,1,1,1
48,22,15,1,,6,7,0,471,0,3,0
48,22,15,0,,1,7,1,712,0,0,2
48,22,15,0,,3,5,1,528,0,0,3
48,23,16,0,,1,6,1,663,0,0,2
48,23,16,0,,5,7,0,512,0,5,0
48,24,17,0,,1,5,1,800,1,1,1
48,24,17,0,,6,7,0,426,0,4,0
48,25,17,2,wc_wave_25,5,-1,0,432,0,3,0
48,25,17,2,wc_wave_25,6,-1,0,344,0,4,0
48,25,17,2,wc_wave_25,7,-1,0,745,0,1,0
48,26,18,1,,7,5,1,613,0,0,3
48,26,18,0,,5,6,0,677,0,1,0
48,27,19,1,,5,7,0,512,0,3,0
48,27,19,0,,6,7,0,433,0,4,0
48,28,20,0,,5,6,0,644,0,1,0
48,29,21,0,,5,6,1,742,0,0,1
48,30,21,2,wc_wave_30,5,-1,1,675,0,0,1
48,30,21,2,wc_wave_30,6,-1,0,562,0,1,0
48,31,22,0,,5,6,1,742,0,0,1
48,32,23,0,,5,6,1,575,0,0,2
48,33,24,0,,5,6,-1,770,0,0,0
48,34,25,0,,5,6,0,716,0,1,0
48,35,25,2,wc_wave_35,5,-1,0,705,0,2,0
48,35,25,2,wc_wave_35,6,-1,0,502,0,4,0
48,36,26,0,,5,6,0,666,0,1,0
48,37,27,0,,5,6,1,666,0,0,1
48,38,28,0,,5,6,0,653,0,1,0
48,39,29,0,,5,6,1,641,0,0,1
48,40,29,2,wc_wave_40,5,-1,1,514,0,0,2
48,40,29,2,wc_wave_40,6,-1,1,582,0,0,2
49,1,0,2,wc_wave_01,0,-1,0,82,0,4,0
49,1,0,2,wc_wave_01,1,-1,0,82,0,3,0
49,1,0,2,wc_wave_01,2,-1,0,58,0,4,0
49,1,0,2,wc_wave_01,3,-1,0,65,0,4,0
49,1,0,2,wc_wave_01,4,-1,0,82,0,3,0
49,1,0,2,wc_wave_01,5,-1,0,58,0,4,0
49,1,0,2,wc_wave_01,6,-1,0,58,0,4,0
49,1,0,2,wc_wave_01,7,-1,0,34,0,4,0
49,2,0,2,wc_wave_02,0,-1,0,99,0,4,0
49,2,0,2,wc_wave_02,1,-1,0,80,0,4,0
49,2,0,2,wc_wave_02,2,-1,0,119,0,4,0
49,2,0,2,wc_wave_02,3,-1,0,97,0,4,0
49,2,0,2,wc_wave_02,4,-1,0,99,0,4,0
49,2,0,2,wc_wave_02,5,-1,0,99,0,4,0
49,2,0,2,wc_wave_02,6,-1,0,98,0,4,0
49,2,0,2,wc_wave_02,7,-1,0,105,0,4,0
49,3,0,2,wc_wave_03,0,-1,0,97,0,5,0
49,3,0,2,wc_wave_03,1,-1,0,105,0,5,0
49,3,0,2,wc_wave_03,2,-1,0,148,0,5,0
49,3,0,2,wc_wave_03,3,-1,0,119,0,5,0
49,3,0,2,wc_wave_03,4,-1,0,162,0,5,0
49,3,0,2,wc_wave_03,5,-1,0,95,0,5,0
49,3,0,2,wc_wave_03,6,-1,0,107,0,5,0
49,3,0,2,wc_wave_03,7,-1,0,117,0,5,0
49,4,1,0,,0,6,0,594,0,4,0
49,4,1,0,,1,4,1,800,1,1,1
49,4,1,0,,2,5,0,800,1,3,1
49,4,1,0,,3,7,1,445,0,0,5
49,5,1,2,wc_wave_05,0,-1,0,185,0,5,0
49,5,1,2,wc_wave_05,1,-1,0,121,0,5,0
49,5,1,2,wc_wave_05,2,-1,0,255,0,5,0
49,5,1,2,wc_wave_05,3,-1,0,200,0,5,0
49,5,1,2,wc_wave_05,4,-1,0,255,0,5,0
49,5,1,2,wc_wave_05,5,-1,0,164,0,5,0
49,5,1,2,wc_wave_05,6,-1,0,134,0,5,0
49,5,1,2,wc_wave_05,7,-1,0,223,0,5,0
49,6,2,0,,0,3,0,446,0,4,0
49,6,2,0,,1,6,1,342,0,0,4
49,6,2,0,,2,4,0,800,1,3,2
49,6,2,0,,5,7,1,654,0,0,3
49,7,3,0,,0,4,1,652,0,0,5
49,7,3,0,,1,7,1,608,0,0,4
49,7,3,0,,2,6,0,800,1,4,1
49,7,3,0,,3,5,1,658,0,0,1
49,8,4,0,,0,7,1,800,1,2,2
49,8,4,0,,1,5,1,473,0,0,4
49,8,4,0,,2,3,0,623,0,4,0
49,8,4,0,,4,6,1,670,0,0,3
49,9,5,0,,0,1,0,525,0,4,0
49,9,5,0,,2,7,0,621,0,5,0
49,9,5,0,,3,6,1,430,0,0,5
49,9,5,0,,4,5,0,453,0,6,0
49,10,5,2,wc_wave_10,0,-1,0,238,0,6,0
49,10,5,2,wc_wave_10,1,-1,0,182,0,6,0
49,10,5,2,wc_wave_10,2,-1,0,236,0,6,0
49,10,5,2,wc_wave_10,3,-1,0,258,0,6,0
49,10,5,2,wc_wave_10,4,-1,0,253,0,6,0
49,10,5,2,wc_wave_10,5,-1,0,268,0,5,0
49,10,5,2,wc_wave_10,6,-1,0,219,0,6,0
49,10,5,2,wc_wave_10,7,-1,0,256,0,6,0
49,11,6,0,,0,2,1,727,0,0,4
49,11,6,0,,1,3,0,477,0,3,0
49,11,6,0,,4,7,0,595,0,4,0
49,11,6,0,,5,6,1,473,0,0,4
49,12,7,0,,0,5,0,642,0,4,0
49,12,7,0,,1,2,1,489,0,0,5
49,12,7,0,,3,4,1,535,0,0,4
49,12,7,0,,6,7,0,600,0,3,0
49,13,8,0,,0,2,1,791,0,0,4
49,13,8,0,,1,5,0,413,0,4,0
49,13,8,0,,3,6,1,429,0,0,5
49,13,8,0,,4,7,0,800,1,3,2
49,14,9,0,,0,6,1,605,0,0,4
49,14,9,0,,1,4,1,604,0,0,4
49,14,9,0,,2,5,0,532,0,4,0
49,14,9,0,,3,7,1,466,0,0,4
49,15,9,2,wc_wave_15,0,-1,0,320,0,6,0
49,15,9,2,wc_wave_15,1,-1,0,238,0,5,0
49,15,9,2,wc_wave_15,2,-1,0,368,0,6,0
49,15,9,2,wc_wave_15,3,-1,0,344,0,3,0
49,15,9,2,wc_wave_15,4,-1,0,281,0,4,0
49,15,9,2,wc_wave_15,5,-1,0,300,0,4,0
49,15,9,2,wc_wave_15,6,-1,0,286,0,5,0
49,15,9,2,wc_wave_15,7,-1,0,240,0,6,0
49,16,10,0,,0,7,1,603,0,0,4
49,16,10,0,,1,2,1,659,0,0,3
49,16,10,0,,3,4,1,507,0,0,4
49,16,10,0,,5,6,1,431,0,0,4
49,17,11,1,,0,4,0,800,1,1,3
49,17,11,0,,1,7,1,416,0,0,5
49,17,11,0,,2,6,0,784,0,5,0
49,17,11,0,,4,5,0,683,0,2,0
49,18,12,1,,2,4,1,800,1,2,3
49,18,12,0,,0,7,1,597,0,0,4
49,18,12,0,,4,6,1,673,0,0,2
49,19,13,1,,4,0,0,783,0,2,0
49,19,13,0,,0,6,1,560,0,0,5
49,19,13,0,,2,7,1,800,1,1,4
49,20,13,2,wc_wave_20,2,-1,0,800,1,2,1
49,20,13,2,wc_wave_20,4,-1,0,550,0,2,0
49,20,13,2,wc_wave_20,6,-1,0,496,0,2,0
49,20,13,2,wc_wave_20,7,-1,0,457,0,3,0
49,21,14,0,,2,4,0,800,1,5,2
49,21,14,0,,6,7,1,800,1,1,1
49,22,15,0,,2,6,1,800,1,2,3
49,22,15,0,,4,7,1,681,0,0,2
49,23,16,0,,2,7,1,800,1,3,2
49,23,16,0,,4,6,1,780,0,0,2
49,24,17,0,,2,4,0,800,1,3,1
49,24,17,0,,6,7,1,800,1,1,3
49,25,17,2,wc_wave_25,2,-1,0,557,0,3,0
49,25,17,2,wc_wave_25,4,-1,0,473,0,4,0
49,25,17,2,wc_wave_25,6,-1,0,354,0,3,0
49,25,17,2,wc_wave_25,7,-1,0,637,0,2,0
49,26,18,0,,2,7,0,800,1,4,1
49,26,18,0,,4,6,1,634,0,0,3
49,27,19,1,,7,6,1,662,0,0,3
49,27,19,0,,2,6,0,800,1,3,1
49,28,20,1,,6,7,1,726,0,0,3
49,28,20,0,,2,7,0,737,0,4,0
49,29,21,1,,2,6,0,800,1,2,2
49,29,21,0,,6,7,0,800,1,2,1
49,30,21,2,wc_wave_30,2,-1,0,790,0,1,0
49,30,21,2,wc_wave_30,6,-1,1,620,0,0,2
49,31,22,0,,2,6,1,800,1,1,4
49,32,23,0,,2,6,1,800,1,2,3
49,33,24,0,,2,6,1,800,1,2,3
50,1,0,2,wc_wave_01,0,-1,0,65,0,4,0
50,1,0,2,wc_wave_01,1,-1,0,80,0,3,0
50,1,0,2,wc_wave_01,2,-1,0,58,0,4,0
50,1,0,2,wc_wave_01,3,-1,0,35,0,4,0
50,1,0,2,wc_wave_01,4,-1,0,58,0,4,0
50,1,0,2,wc_wave_01,5,-1,0,97,0,4,0
50,1,0,2,wc_wave_01,6,-1,0,56,0,4,0
50,1,0,2,wc_wave_01,7,-1,0,61,0,4,0
50,2,0,2,wc_wave_02,0,-1,0,98,0,4,0
50,2,0,2,wc_wave_02,1,-1,0,81,0,4,0
50,2,0,2,wc_wave_02,2,-1,0,159,0,4,0
50,2,0,2,wc_wave_02,3,-1,0,105,0,4,0
50,2,0,2,wc_wave_02,4,-1,0,87,0,4,0
50,2,0,2,wc_wave_02,5,-1,0,76,0,4,0
50,2,0,2,wc_wave_02,6,-1,0,109,0,4,0
50,2,0,2,wc_wave_02,7,-1,0,80,0,4,0
50,3,0,2,wc_wave_03,0,-1,0,133,0,5,0
50,3,0,2,wc_wave_03,1,-1,0,83,0,5,0
50,3,0,2,wc_wave_03,2,-1,0,137,0,5,0
50,3,0,2,wc_wave_03,3,-1,0,117,0,5,0
50,3,0,2,wc_wave_03,4,-1,0,111,0,5,0
50,3,0,2,wc_wave_03,5,-1,0,81,0,5,0
50,3,0,2,wc_wave_03,6,-1,0,112,0,5,0
50,3,0,2,wc_wave_03,7,-1,0,101,0,5,0
50,4,1,0,,0,2,1,707,0,0,3
50,4,1,0,,1,6,0,476,0,4,0
50,4,1,0,,3,4,0,479,0,5,0
50,4,1,0,,5,7,1,447,0,0,4
50,5,1,2,wc_wave_05,0,-1,0,161,0,5,0
50,5,1,2,wc_wave_05,1,-1,0,162,0,5,0
50,5,1,2,wc_wave_05,2,-1,0,212,0,5,0
50,5,1,2,wc_wave_05,3,-1,0,205,0,5,0
50,5,1,2,wc_wave_05,4,-1,0,200,0,5,0
50,5,1,2,wc_wave_05,5,-1,0,131,0,5,0
50,5,1,2,wc_wave_05,6,-1,0,237,0,5,0
50,5,1,2,wc_wave_05,7,-1,0,162,0,5,0
50,6,2,0,,0,1,0,558,0,1,0
50,6,2,0,,2,6,0,663,0,4,0
50,6,2,0,,3,7,0,551,0,3,0
50,6,2,0,,4,5,1,535,0,0,1
50,7,3,0,,0,3,1,706,0,0,2
50,7,3,0,,1,4,1,588,0,0,2
50,7,3,0,,2,5,0,628,0,5,0
50,7,3,0,,6,7,0,534,0,5,0
50,8,4,0,,0,5,0,395,0,5,0
50,8,4,0,,1,3,1,398,0,0,5
50,8,4,0,,2,7,0,629,0,4,0
50,8,4,0,,4,6,1,726,0,0,2
50,9,5,0,,0,6,0,521,0,3,0
50,9,5,0,,1,5,0,463,0,5,0
50,9,5,0,,2,3,1,523,0,0,4
50,9,5,0,,4,7,0,800,1,1,1
50,10,5,2,wc_wave_10,0,-1,0,199,0,6,0
50,10,5,2,wc_wave_10,1,-1,0,203,0,6,0
50,10,5,2,wc_wave_10,2,-1,0,288,0,6,0
50,10,5,2,wc_wave_10,3,-1,0,170,0,6,0
50,10,5,2,wc_wave_10,4,-1,0,336,0,6,0
50,10,5,2,wc_wave_10,5,-1,0,300,0,6,0
50,10,5,2,wc_wave_10,6,-1,0,202,0,6,0
50,10,5,2,wc_wave_10,7,-1,0,344,0,4,0
50,11,6,0,,0,7,0,770,0,1,0
50,11,6,0,,1,2,1,562,0,0,4
50,11,6,0,,3,4,0,469,0,5,0
50,11,6,0,,5,6,0,800,1,2,1
50,12,7,0,,0,4,0,564,0,3,0
50,12,7,0,,1,7,1,647,0,0,3
50,12,7,0,,2,5,0,800,1,2,1
50,12,7,0,,3,6,0,466,0,4,0
50,13,8,0,,0,7,1,723,0,0,1
50,13,8,0,,1,6,1,733,0,0,1
50,13,8,0,,2,4,0,676,0,2,0
50,13,8,0,,3,5,0,482,0,5,0
50,14,9,0,,0,3,1,418,0,0,3
50,14,9,0,,1,7,0,693,0,2,0
50,14,9,0,,2,6,0,800,1,1,1
50,14,9,0,,4,5,0,711,0,2,0
50,15,9,2,wc_wave_15,0,-1,0,262,0,5,0
50,15,9,2,wc_wave_15,1,-1,0,245,0,5,0
50,15,9,2,wc_wave_15,2,-1,0,308,0,5,0
50,15,9,2,wc_wave_15,3,-1,0,230,0,5,0
50,15,9,2,wc_wave_15,4,-1,0,321,0,6,0
50,15,9,2,wc_wave_15,5,-1,0,320,0,5,0
50,15,9,2,wc_wave_15,6,-1,0,211,0,5,0
50,15,9,2,wc_wave_15,7,-1,0,369,0,5,0
50,16,10,0,,0,5,0,678,0,3,0
50,16,10,0,,1,4,1,578,0,0,2
50,16,10,0,,2,3,1,690,0,0,2
50,16,10,0,,6,7,1,704,0,0,1
50,17,11,0,,0,6,0,601,0,2,0
50,17,11,0,,1,3,1,538,0,0,3
50,17,11,0,,2,4,0,649,0,3,0
50,17,11,0,,5,7,1,800,1,1,4
50,18,12,1,,1,0,1,532,0,0,2
50,18,12,0,,0,2,1,574,0,0,2
50,18,12,0,,3,6,0,466,0,5,0
50,18,12,0,,4,7,1,659,0,0,2
50,19,13,1,,3,7,0,610,0,3,0
50,19,13,0,,0,4,0,519,0,3,0
50,19,13,0,,1,2,1,733,0,0,3
50,19,13,0,,6,7,1,697,0,0,2
50,20,13,2,wc_wave_20,0,-1,0,466,0,2,0
50,20,13,2,wc_wave_20,2,-1,0,590,0,2,0
50,20,13,2,wc_wave_20,3,-1,0,350,0,4,0
50,20,13,2,wc_wave_20,4,-1,1,723,0,0,1
50,20,13,2,wc_wave_20,7,-1,0,521,0,3,0
50,21,14,1,,7,2,1,743,0,0,3
50,21,14,0,,0,2,1,454,0,0,3
50,21,14,0,,3,4,0,443,0,4,0
50,22,15,0,,0,7,0,729,0,2,0
50,22,15,0,,2,3,1,482,0,0,4
50,23,16,0,,0,3,1,472,0,0,3
50,23,16,0,,2,7,0,748,0,2,0
50,24,17,0,,0,2,1,553,0,0,3
50,24,17,0,,3,7,0,528,0,3,0
50,25,17,2,wc_wave_25,0,-1,0,420,0,4,0
50,25,17,2,wc_wave_25,2,-1,0,521,0,4,0
50,25,17,2,wc_wave_25,3,-1,0,389,0,4,0
50,26,18,1,,0,3,1,418,0,0,4
50,26,18,0,,2,3,1,494,0,0,4
50,27,19,0,,2,3,1,537,0,0,3
50,28,20,0,,2,3,1,537,0,0,3
50,29,21,0,,2,3,1,579,0,0,3
50,30,21,2,wc_wave_30,2,-1,1,413,0,0,4
50,30,21,2,wc_wave_30,3,-1,0,521,0,2,0
51,1,0,2,wc_wave_01,0,-1,0,76,0,4,0
51,1,0,2,wc_wave_01,1,-1,0,82,0,4,0
51,1,0,2,wc_wave_01,2,-1,0,85,0,3,0
51,1,0,2,wc_wave_01,3,-1,0,89,0,4,0
51,1,0,2,wc_wave_01,4,-1,0,85,0,3,0
51,1,0,2,wc_wave_01,5,-1,0,58,0,4,0
51,1,0,2,wc_wave_01,6,-1,0,82,0,4,0
51,1,0,2,wc_wave_01,7,-1,0,76,0,4,0
51,2,0,2,wc_wave_02,0,-1,0,99,0,4,0
51,2,0,2,wc_wave_02,1,-1,0,84,0,4,0
51,2,0,2,wc_wave_02,2,-1,0,119,0,4,0
51,2,0,2,wc_wave_02,3,-1,0,105,0,4,0
51,2,0,2,wc_wave_02,4,-1,0,85,0,4,0
51,2,0,2,wc_wave_02,5,-1,0,97,0,4,0
51,2,0,2,wc_wave_02,6,-1,0,127,0,4,0
51,2,0,2,wc_wave_02,7,-1,0,146,0,4,0
51,3,0,2,wc_wave_03,0,-1,0,86,0,5,0
51,3,0,2,wc_wave_03,1,-1,0,99,0,5,0
51,3,0,2,wc_wave_03,2,-1,0,141,0,5,0
51,3,0,2,wc_wave_03,3,-1,0,97,0,5,0
51,3,0,2,wc_wave_03,4,-1,0,123,0,5,0
51,3,0,2,wc_wave_03,5,-1,0,117,0,5,0
51,3,0,2,wc_wave_03,6,-1,0,124,0,5,0
51,3,0,2,wc_wave_03,7,-1,0,203,0,5,0
51,4,1,0,,0,6,0,772,0,2,0
51,4,1,0,,1,4,0,424,0,2,0
51,4,1,0,,2,5,0,590,0,4,0
51,4,1,0,,3,7,0,610,0,3,0
51,5,1,2,wc_wave_05,0,-1,0,159,0,5,0
51,5,1,2,wc_wave_05,1,-1,0,183,0,5,0
51,5,1,2,wc_wave_05,2,-1,0,218,0,5,0
51,5,1,2,wc_wave_05,3,-1,0,146,0,5,0
51,5,1,2,wc_wave_05,4,-1,0,201,0,5,0
51,5,1,2,wc_wave_05,5,-1,0,138,0,5,0
51,5,1,2,wc_wave_05,6,-1,0,227,0,5,0
51,5,1,2,wc_wave_05,7,-1,0,293,0,5,0
51,6,2,0,,0,7,0,458,0,4,0
51,6,2,0,,1,5,0,557,0,4,0
51,6,2,0,,2,4,1,540,0,0,4
51,6,2,0,,3,6,0,683,0,2,0
51,7,3,0,,0,2,0,571,0,5,0
51,7,3,0,,1,7,0,572,0,4,0
51,7,3,0,,3,5,0,686,0,2,0
51,7,3,0,,4,6,1,630,0,0,4
51,8,4,0,,0,3,0,800,1,2,1
51,8,4,0,,1,2,0,584,0,4,0
51,8,4,0,,4,7,0,800,1,1,1
51,8,4,0,,5,6,0,800,1,3,3
51,9,5,0,,0,1,0,755,0,2,0
51,9,5,0,,2,6,1,677,0,0,3
51,9,5,0,,3,4,0,395,0,5,0
51,9,5,0,,5,7,0,800,1,2,2
51,10,5,2,wc_wave_10,0,-1,0,203,0,6,0
51,10,5,2,wc_wave_10,1,-1,0,264,0,5,0
51,10,5,2,wc_wave_10,2,-1,0,263,0,6,0
51,10,5,2,wc_wave_10,3,-1,0,203,0,6,0
51,10,5,2,wc_wave_10,4,-1,0,376,0,4,0
51,10,5,2,wc_wave_10,5,-1,0,281,0,6,0
51,10,5,2,wc_wave_10,6,-1,0,296,0,5,0
51,10,5,2,wc_wave_10,7,-1,0,275,0,6,0
51,11,6,0,,0,4,0,409,0,5,0
51,11,6,0,,1,6,0,523,0,5,0
51,11,6,0,,2,7,1,710,0,0,3
51,11,6,0,,3,5,0,589,0,5,0
51,12,7,0,,0,5,0,574,0,4,0
51,12,7,0,,1,4,0,390,0,4,0
51,12,7,0,,2,3,1,569,0,0,5
51,12,7,0,,6,7,1,630,0,0,2
51,13,8,0,,0,6,0,561,0,4,0
51,13,8,0,,1,3,1,636,0,0,3
51,13,8,0,,2,7,1,627,0,0,4
51,13,8,0,,4,5,1,666,0,0,4
51,14,9,0,,0,2,0,582,0,4,0
51,14,9,0,,1,5,0,595,0,4,0
51,14,9,0,,3,6,0,528,0,5,0
51,14,9,0,,4,7,1,395,0,0,6
51,15,9,2,wc_wave_15,0,-1,0,266,0,5,0
51,15,9,2,wc_wave_15,1,-1,0,302,0,6,0
51,15,9,2,wc_wave_15,2,-1,0,373,0,5,0
51,15,9,2,wc_wave_15,3,-1,0,264,0,5,0
51,15,9,2,wc_wave_15,4,-1,0,479,0,3,0
51,15,9,2,wc_wave_15,5,-1,0,443,0,5,0
51,15,9,2,wc_wave_15,6,-1,0,389,0,5,0
51,15,9,2,wc_wave_15,7,-1,0,362,0,5,0
51,16,10,0,,0,4,0,391,0,5,0
51,16,10,0,,1,6,0,577,0,4,0
51,16,10,0,,2,5,0,800,1,3,1
51,16,10,0,,3,7,1,800,1,1,1
51,17,11,0,,0,3,1,582,0,0,3
51,17,11,0,,1,2,0,604,0,5,0
51,17,11,0,,4,6,1,529,0,0,5
51,17,11,0,,5,7,1,517,0,0,4
51,18,12,0,,0,5,0,509,0,4,0
51,18,12,0,,1,3,0,652,0,4,0
51,18,12,0,,6,7,1,565,0,0,4
51,19,13,1,,7,0,1,630,0,0,3
51,19,13,0,,0,1,1,641,0,0,3
51,19,13,0,,3,6,0,638,0,3,0
51,20,13,2,wc_wave_20,0,-1,0,437,0,2,0
51,20,13,2,wc_wave_20,1,-1,0,470,0,3,0
51,20,13,2,wc_wave_20,3,-1,0,508,0,2,0
51,20,13,2,wc_wave_20,7,-1,0,463,0,3,0
51,21,14,0,,0,3,0,606,0,3,0
51,21,14,0,,1,7,0,474,0,5,0
51,22,15,0,,0,7,0,747,0,2,0
51,22,15,0,,1,3,0,793,0,1,0
51,23,16,0,,0,1,1,766,0,0,2
51,23,16,0,,3,7,1,595,0,0,4
51,24,17,0,,0,3,0,570,0,4,0
51,24,17,0,,1,7,0,647,0,2,0
51,25,17,2,wc_wave_25,0,-1,0,550,0,3,0
51,25,17,2,wc_wave_25,1,-1,0,451,0,4,0
51,25,17,2,wc_wave_25,3,-1,0,597,0,4,0
51,26,18,1,,0,1,1,800,1,1,2
51,26,18,0,,1,3,0,800,1,3,1
51,27,19,0,,0,1,1,747,0,0,3
51,28,20,0,,0,1,1,519,0,0,4
51,29,21,0,,0,1,1,654,0,0,3
52,1,0,2,wc_wave_01,0,-1,0,63,0,4,0
52,1,0,2,wc_wave_01,1,-1,0,76,0,4,0
52,1,0,2,wc_wave_01,2,-1,0,85,0,3,0
52,1,0,2,wc_wave_01,3,-1,0,81,0,4,0
52,1,0,2,wc_wave_01,4,-1,0,82,0,3,0
52,1,0,2,wc_wave_01,5,-1,0,59,0,4,0
52,1,0,2,wc_wave_01,6,-1,0,56,0,4,0
52,1,0,2,wc_wave_01,7,-1,0,58,0,4,0
52,2,0,2,wc_wave_02,0,-1,0,106,0,4,0
52,2,0,2,wc_wave_02,1,-1,0,98,0,4,0
52,2,0,2,wc_wave_02,2,-1,0,99,0,4,0
52,2,0,2,wc_wave_02,3,-1,0,98,0,4,0
52,2,0,2,wc_wave_02,4,-1,0,100,0,4,0
52,2,0,2,wc_wave_02,5,-1,0,99,0,4,0
52,2,0,2,wc_wave_02,6,-1,0,73,0,4,0
52,2,0,2,wc_wave_02,7,-1,0,85,0,4,0
52,3,0,2,wc_wave_03,0,-1,0,138,0,5,0
52,3,0,2,wc_wave_03,1,-1,0,98,0,5,0
52,3,0,2,wc_wave_03,2,-1,0,129,0,5,0
52,3,0,2,wc_wave_03,3,-1,0,114,0,5,0
52,3,0,2,wc_wave_03,4,-1,0,106,0,5,0
52,3,0,2,wc_wave_03,5,-1,0,99,0,5,0
52,3,0,2,wc_wave_03,6,-1,0,117,0,5,0
52,3,0,2,wc_wave_03,7,-1,0,99,0,5,0
52,4,1,0,,0,2,0,709,0,4,0
52,4,1,0,,1,4,1,540,0,0,3
52,4,1,0,,3,7,1,674,0,0,3
52,4,1,0,,5,6,1,667,0,0,4
52,5,1,2,wc_wave_05,0,-1,0,176,0,5,0
52,5,1,2,wc_wave_05,1,-1,0,173,0,5,0
52,5,1,2,wc_wave_05,2,-1,0,242,0,5,0
52,5,1,2,wc_wave_05,3,-1,0,260,0,5,0
52,5,1,2,wc_wave_05,4,-1,0,173,0,5,0
52,5,1,2,wc_wave_05,5,-1,0,167,0,5,0
52,5,1,2,wc_wave_05,6,-1,0,196,0,5,0
52,5,1,2,wc_wave_05,7,-1,0,161,0,5,0
52,6,2,0,,0,4,0,708,0,4,0
52,6,2,0,,1,5,1,506,0,0,2
52,6,2,0,,2,3,0,777,0,4,0
52,6,2,0,,6,7,1,607,0,0,4
52,7,3,0,,0,3,0,435,0,5,0
52,7,3,0,,1,6,0,703,0,3,0
52,7,3,0,,2,7,0,800,1,3,2
52,7,3,0,,4,5,1,694,0,0,3
52,8,4,0,,0,6,0,780,0,4,0
52,8,4,0,,1,2,0,800,1,2,1
52,8,4,0,,3,5,1,553,0,0,4
52,8,4,0,,4,7,1,800,1,2,2
52,9,5,0,,0,7,0,800,1,2,1
52,9,5,0,,1,3,0,751,0,1,0
52,9,5,0,,2,5,0,800,1,2,2
52,9,5,0,,4,6,1,800,1,2,3
52,10,5,2,wc_wave_10,0,-1,0,282,0,6,0
52,10,5,2,wc_wave_10,1,-1,0,224,0,6,0
52,10,5,2,wc_wave_10,2,-1,0,259,0,6,0
52,10,5,2,wc_wave_10,3,-1,0,318,0,5,0
52,10,5,2,wc_wave_10,4,-1,0,237,0,5,0
52,10,5,2,wc_wave_10,5,-1,0,237,0,6,0
52,10,5,2,wc_wave_10,6,-1,0,311,0,6,0
52,10,5,2,wc_wave_10,7,-1,0,258,0,6,0
52,11,6,0,,0,5,1,569,0,0,5
52,11,6,0,,1,7,1,502,0,0,4
52,11,6,0,,2,4,0,800,1,4,1
52,11,6,0,,3,6,1,703,0,0,3
52,12,7,0,,0,1,0,550,0,4,0
52,12,7,0,,2,6,0,800,1,4,1
52,12,7,0,,3,4,1,540,0,0,4
52,12,7,0,,5,7,0,603,0,4,0
52,13,8,0,,0,7,0,800,1,1,2
52,13,8,0,,1,6,1,578,0,0,3
52,13,8,0,,2,3,0,629,0,3,0
52,13,8,0,,4,5,1,444,0,0,6
52,14,9,0,,0,5,1,525,0,0,6
52,14,9,0,,1,4,1,571,0,0,3
52,14,9,0,,2,7,0,800,1,3,2
52,14,9,0,,3,6,1,471,0,0,4
52,15,9,2,wc_wave_15,0,-1,0,374,0,4,0
52,15,9,2,wc_wave_15,1,-1,0,280,0,5,0
52,15,9,2,wc_wave_15,2,-1,0,391,0,5,0
52,15,9,2,wc_wave_15,3,-1,0,461,0,4,0
52,15,9,2,wc_wave_15,4,-1,0,344,0,5,0
52,15,9,2,wc_wave_15,5,-1,0,262,0,6,0
52,15,9,2,wc_wave_15,6,-1,0,243,0,6,0
52,15,9,2,wc_wave_15,7,-1,0,346,0,6,0
52,16,10,0,,0,4,1,741,0,0,3
52,16,10,0,,1,3,0,534,0,4,0
52,16,10,0,,2,5,1,654,0,0,4
52,16,10,0,,6,7,1,800,1,1,2
52,17,11,1,,5,7,0,580,0,5,0
52,17,11,0,,0,1,0,798,0,3,0
52,17,11,0,,2,6,1,800,1,2,2
52,17,11,0,,4,7,1,723,0,0,4
52,18,12,1,,7,1,0,683,0,4,0
52,18,12,0,,0,6,1,800,1,1,2
52,18,12,0,,1,5,1,428,0,0,5
52,18,12,0,,2,4,0,800,1,4,2
52,19,13,1,,0,2,1,800,1,1,3
52,19,13,0,,1,2,1,800,1,1,3
52,19,13,0,,4,6,1,680,0,0,3
52,19,13,0,,5,7,0,713,0,4,0
52,20,13,2,wc_wave_20,0,-1,0,475,0,3,0
52,20,13,2,wc_wave_20,2,-1,0,635,0,2,0
52,20,13,2,wc_wave_20,5,-1,0,417,0,3,0
52,20,13,2,wc_wave_20,6,-1,0,492,0,2,0
52,20,13,2,wc_wave_20,7,-1,0,650,0,2,0
52,21,14,1,,6,5,1,596,0,0,3
52,21,14,0,,0,7,1,800,1,1,4
52,21,14,0,,2,5,1,800,1,1,3
52,22,15,1,,2,7,0,800,1,3,3
52,22,15,0,,0,5,1,639,0,0,5
52,22,15,0,,6,7,0,800,1,2,1
52,23,16,0,,2,6,0,636,0,4,0
52,23,16,0,,5,7,0,749,0,3,0
52,24,17,0,,2,7,0,800,1,2,2
52,24,17,0,,5,6,0,800,1,1,1
52,25,17,2,wc_wave_25,2,-1,0,610,0,3,0
52,25,17,2,wc_wave_25,5,-1,0,537,0,3,0
52,25,17,2,wc_wave_25,6,-1,0,506,0,3,0
52,26,18,1,,6,2,0,798,0,2,0
52,26,18,0,,2,5,1,751,0,0,5
52,27,19,1,,2,6,0,759,0,3,0
52,27,19,0,,5,6,0,553,0,4,0
52,28,20,0,,2,5,1,800,1,1,2
52,29,21,0,,2,5,1,714,0,0,5
53,1,0,2,wc_wave_01,0,-1,0,63,0,4,0
53,1,0,2,wc_wave_01,1,-1,0,102,0,3,0
53,1,0,2,wc_wave_01,2,-1,0,105,0,4,0
53,1,0,2,wc_wave_01,3,-1,0,35,0,4,0
53,1,0,2,wc_wave_01,4,-1,0,37,0,4,0
53,1,0,2,wc_wave_01,5,-1,0,81,0,4,0
53,1,0,2,wc_wave_01,6,-1,0,83,0,3,0
53,1,0,2,wc_wave_01,7,-1,0,82,0,4,0
53,2,0,2,wc_wave_02,0,-1,0,115,0,4,0
53,2,0,2,wc_wave_02,1,-1,0,128,0,4,0
53,2,0,2,wc_wave_02,2,-1,0,86,0,4,0
53,2,0,2,wc_wave_02,3,-1,0,105,0,4,0
53,2,0,2,wc_wave_02,4,-1,0,80,0,4,0
53,2,0,2,wc_wave_02,5,-1,0,98,0,4,0
53,2,0,2,wc_wave_02,6,-1,0,86,0,4,0
53,2,0,2,wc_wave_02,7,-1,0,136,0,4,0
53,3,0,2,wc_wave_03,0,-1,0,101,0,5,0
53,3,0,2,wc_wave_03,1,-1,0,127,0,5,0
53,3,0,2,wc_wave_03,2,-1,0,99,0,5,0
53,3,0,2,wc_wave_03,3,-1,0,124,0,5,0
53,3,0,2,wc_wave_03,4,-1,0,117,0,5,0
53,3,0,2,wc_wave_03,5,-1,0,134,0,5,0
53,3,0,2,wc_wave_03,6,-1,0,105,0,5,0
53,3,0,2,wc_wave_03,7,-1,0,127,0,5,0
53,4,1,0,,0,6,1,618,0,0,4
53,4,1,0,,1,4,1,735,0,0,3
53,4,1,0,,2,3,0,695,0,4,0
53,4,1,0,,5,7,1,800,1,1,2
53,5,1,2,wc_wave_05,0,-1,0,215,0,5,0
53,5,1,2,wc_wave_05,1,-1,0,200,0,5,0
53,5,1,2,wc_wave_05,2,-1,0,231,0,5,0
53,5,1,2,wc_wave_05,3,-1,0,189,0,5,0
53,5,1,2,wc_wave_05,4,-1,0,193,0,5,0
53,5,1,2,wc_wave_05,5,-1,0,225,0,5,0
53,5,1,2,wc_wave_05,6,-1,0,146,0,5,0
53,5,1,2,wc_wave_05,7,-1,0,193,0,5,0
53,6,2,0,,0,7,1,713,0,0,3
53,6,2,0,,1,3,0,603,0,2,0
53,6,2,0,,2,6,1,535,0,0,3
53,6,2,0,,4,5,1,800,1,1,2
53,7,3,0,,0,3,1,800,1,1,1
53,7,3,0,,1,7,1,679,0,0,3
53,7,3,0,,2,4,0,800,1,2,1
53,7,3,0,,5,6,1,551,0,0,4
53,8,4,0,,0,2,1,582,0,0,6
53,8,4,0,,1,5,0,674,0,3,0
53,8,4,0,,3,4,1,511,0,0,2
53,8,4,0,,6,7,0,566,0,5,0
53,9,5,0,,0,4,1,512,0,0,5
53,9,5,0,,1,6,1,479,0,0,5
53,9,5,0,,2,5,1,800,1,1,2
53,9,5,0,,3,7,1,552,0,0,4
53,10,5,2,wc_wave_10,0,-1,0,347,0,6,0
53,10,5,2,wc_wave_10,1,-1,0,212,0,6,0
53,10,5,2,wc_wave_10,2,-1,0,293,0,6,0
53,10,5,2,wc_wave_10,3,-1,0,251,0,6,0
53,10,5,2,wc_wave_10,4,-1,0,236,0,6,0
53,10,5,2,wc_wave_10,5,-1,0,289,0,6,0
53,10,5,2,wc_wave_10,6,-1,0,203,0,6,0
53,10,5,2,wc_wave_10,7,-1,0,295,0,6,0
53,11,6,0,,0,5,1,745,0,0,4
53,11,6,0,,1,2,0,492,0,5,0
53,11,6,0,,3,6,1,395,0,0,4
53,11,6,0,,4,7,0,629,0,5,0
53,12,7,0,,0,1,1,490,0,0,3
53,12,7,0,,2,7,1,696,0,0,4
53,12,7,0,,3,5,1,360,0,0,6
53,12,7,0,,4,6,0,691,0,2,0
53,13,8,0,,0,3,0,476,0,4,0
53,13,8,0,,1,7,0,770,0,2,0
53,13,8,0,,2,6,1,546,0,0,3
53,13,8,0,,4,5,0,638,0,3,0
53,14,9,0,,0,6,1,426,0,0,4
53,14,9,0,,1,4,1,629,0,0,2
53,14,9,0,,2,3,0,405,0,5,0
53,14,9,0,,5,7,1,800,1,1,3
53,15,9,2,wc_wave_15,0,-1,0,381,0,4,0
53,15,9,2,wc_wave_15,1,-1,0,249,0,5,0
53,15,9,2,wc_wave_15,2,-1,0,268,0,5,0
53,15,9,2,wc_wave_15,3,-1,0,386,0,3,0
53,15,9,2,wc_wave_15,4,-1,0,266,0,6,0
53,15,9,2,wc_wave_15,5,-1,0,283,0,6,0
53,15,9,2,wc_wave_15,6,-1,0,202,0,5,0
53,15,9,2,wc_wave_15,7,-1,0,299,0,6,0
53,16,10,0,,0,4,1,513,0,0,5
53,16,10,0,,1,2,1,696,0,0,2
53,16,10,0,,3,5,1,379,0,0,4
53,16,10,0,,6,7,0,718,0,2,0
53,17,11,1,,4,6,0,641,0,1,0
53,17,11,0,,0,1,1,475,0,0,4
53,17,11,0,,2,7,1,800,1,1,1
53,17,11,0,,5,6,1,618,0,0,2
53,18,12,0,,1,6,1,800,1,1,1
53,18,12,0,,2,5,1,659,0,0,3
53,18,12,0,,4,7,0,690,0,3,0
53,19,13,0,,1,5,0,734,0,1,0
53,19,13,0,,2,4,1,639,0,0,4
53,19,13,0,,6,7,0,630,0,3,0
53,20,13,2,wc_wave_20,1,-1,0,361,0,4,0
53,20,13,2,wc_wave_20,2,-1,1,538,0,0,1
53,20,13,2,wc_wave_20,4,-1,0,431,0,3,0
53,20,13,2,wc_wave_20,5,-1,0,457,0,2,0
53,20,13,2,wc_wave_20,6,-1,0,413,0,3,0
53,20,13,2,wc_wave_20,7,-1,0,612,0,1,0
53,21,14,0,,1,7,0,556,0,4,0
53,21,14,0,,2,5,1,657,0,0,3
53,21,14,0,,4,6,1,648,0,0,2
53,22,15,1,,6,1,1,588,0,0,2
53,22,15,0,,1,4,1,691,0,0,1
53,22,15,0,,5,7,0,800,1,2,1
53,23,16,0,,1,5,0,537,0,2,0
53,23,16,0,,4,6,0,719,0,2,0
53,24,17,0,,1,6,1,675,0,0,2
53,24,17,0,,4,5,1,706,0,0,1
53,25,17,2,wc_wave_25,1,-1,0,434,0,3,0
53,25,17,2,wc_wave_25,4,-1,0,479,0,4,0
53,25,17,2,wc_wave_25,5,-1,0,459,0,3,0
53,25,17,2,wc_wave_25,6,-1,0,551,0,2,0
53,26,18,0,,1,4,0,629,0,2,0
53,26,18,0,,5,6,0,800,1,1,1
53,27,19,0,,1,5,1,545,0,0,3
53,27,19,0,,4,6,0,800,1,1,1
53,28,20,0,,1,6,0,617,0,3,0
53,28,20,0,,4,5,1,744,0,0,1
53,29,21,0,,1,4,0,616,0,2,0
53,29,21,0,,5,6,1,800,1,1,1
53,30,21,2,wc_wave_30,1,-1,1,490,0,0,1
53,30,21,2,wc_wave_30,4,-1,1,539,0,0,2
53,30,21,2,wc_wave_30,5,-1,1,504,0,0,3
53,30,21,2,wc_wave_30,6,-1,1,516,0,0,3
53,31,22,1,,5,4,1,613,0,0,3
53,31,22,0,,4,6,1,800,1,1,1
53,32,23,0,,4,6,1,791,0,0,2
54,1,0,2,wc_wave_01,0,-1,0,63,0,4,0
54,1,0,2,wc_wave_01,1,-1,0,78,0,4,0
54,1,0,2,wc_wave_01,2,-1,0,82,0,4,0
54,1,0,2,wc_wave_01,3,-1,0,76,0,4,0
54,1,0,2,wc_wave_01,4,-1,0,83,0,4,0
54,1,0,2,wc_wave_01,5,-1,0,93,0,3,0
54,1,0,2,wc_wave_01,6,-1,0,104,0,3,0
54,1,0,2,wc_wave_01,7,-1,0,82,0,4,0
54,2,0,2,wc_wave_02,0,-1,0,119,0,4,0
54,2,0,2,wc_wave_02,1,-1,0,112,0,4,0
54,2,0,2,wc_wave_02,2,-1,0,135,0,4,0
54,2,0,2,wc_wave_02,3,-1,0,99,0,4,0
54,2,0,2,wc_wave_02,4,-1,0,98,0,4,0
54,2,0,2,wc_wave_02,5,-1,0,113,0,4,0
54,2,0,2,wc_wave_02,6,-1,0,128,0,4,0
54,2,0,2,wc_wave_02,7,-1,0,128,0,4,0
54,3,0,2,wc_wave_03,0,-1,0,148,0,5,0
54,3,0,2,wc_wave_03,1,-1,0,99,0,5,0
54,3,0,2,wc_wave_03,2,-1,0,180,0,5,0
54,3,0,2,wc_wave_03,3,-1,0,112,0,5,0
54,3,0,2,wc_wave_03,4,-1,0,127,0,5,0
54,3,0,2,wc_wave_03,5,-1,0,130,0,5,0
54,3,0,2,wc_wave_03,6,-1,0,148,0,5,0
54,3,0,2,wc_wave_03,7,-1,0,139,0,5,0
54,4,1,0,,0,6,1,800,1,2,3
54,4,1,0,,1,4,1,665,0,0,2
54,4,1,0,,2,5,1,800,1,2,4
54,4,1,0,,3,7,0,780,0,4,0
54,5,1,2,wc_wave_05,0,-1,0,192,0,5,0
54,5,1,2,wc_wave_05,1,-1,0,152,0,5,0
54,5,1,2,wc_wave_05,2,-1,0,362,0,5,0
54,5,1,2,wc_wave_05,3,-1,0,222,0,5,0
54,5,1,2,wc_wave_05,4,-1,0,275,0,5,0
54,5,1,2,wc_wave_05,5,-1,0,232,0,5,0
54,5,1,2,wc_wave_05,6,-1,0,191,0,5,0
54,5,1,2,wc_wave_05,7,-1,0,218,0,5,0
54,6,2,0,,0,3,0,800,1,2,1
54,6,2,0,,1,7,0,396,0,4,0
54,6,2,0,,2,6,1,800,1,1,3
54,6,2,0,,4,5,1,786,0,0,2
54,7,3,0,,0,1,1,556,0,0,3
54,7,3,0,,2,4,0,800,1,3,3
54,7,3,0,,3,6,0,580,0,3,0
54,7,3,0,,5,7,1,541,0,0,5
54,8,4,0,,0,4,0,546,0,3,0
54,8,4,0,,1,2,0,610,0,4,0
54,8,4,0,,3,5,1,800,1,1,2
54,8,4,0,,6,7,1,582,0,0,4
54,9,5,0,,0,5,0,800,1,3,1
54,9,5,0,,1,3,1,599,0,0,3
54,9,5,0,,2,7,1,800,1,1,3
54,9,5,0,,4,6,0,463,0,5,0
54,10,5,2,wc_wave_10,0,-1,0,250,0,6,0
54,10,5,2,wc_wave_10,1,-1,0,233,0,6,0
54,10,5,2,wc_wave_10,2,-1,0,378,0,6,0
54,10,5,2,wc_wave_10,3,-1,0,212,0,6,0
54,10,5,2,wc_wave_10,4,-1,0,230,0,6,0
54,10,5,2,wc_wave_10,5,-1,0,221,0,6,0
54,10,5,2,wc_wave_10,6,-1,0,237,0,5,0
54,10,5,2,wc_wave_10,7,-1,0,240,0,6,0
54,11,6,0,,0,7,0,723,0,2,0
54,11,6,0,,1,5,0,714,0,2,0
54,11,6,0,,2,6,0,800,1,3,1
54,11,6,0,,3,4,0,509,0,4,0
54,12,7,0,,0,1,0,574,0,4,0
54,12,7,0,,2,3,1,800,1,2,3
54,12,7,0,,4,7,1,746,0,0,1
54,12,7,0,,5,6,0,590,0,4,0
54,13,8,0,,0,2,0,800,1,4,1
54,13,8,0,,1,6,0,389,0,4,0
54,13,8,0,,3,7,0,586,0,3,0
54,13,8,0,,4,5,1,518,0,0,5
54,14,9,0,,0,4,0,668,0,4,0
54,14,9,0,,1,2,1,800,1,2,3
54,14,9,0,,3,5,1,629,0,0,5
54,14,9,0,,6,7,0,779,0,3,0
54,15,9,2,wc_wave_15,0,-1,0,304,0,5,0
54,15,9,2,wc_wave_15,1,-1,0,233,0,6,0
54,15,9,2,wc_wave_15,2,-1,0,396,0,5,0
54,15,9,2,wc_wave_15,3,-1,0,281,0,5,0
54,15,9,2,wc_wave_15,4,-1,0,373,0,5,0
54,15,9,2,wc_wave_15,5,-1,0,317,0,5,0
54,15,9,2,wc_wave_15,6,-1,0,330,0,4,0
54,15,9,2,wc_wave_15,7,-1,0,294,0,5,0
54,16,10,0,,0,6,0,606,0,4,0
54,16,10,0,,1,5,1,623,0,0,3
54,16,10,0,,2,7,0,685,0,4,0
54,16,10,0,,3,4,1,540,0,0,3
54,17,11,0,,0,3,0,723,0,4,0
54,17,11,0,,1,6,0,515,0,3,0
54,17,11,0,,2,5,1,800,1,2,3
54,17,11,0,,4,7,0,703,0,4,0
54,18,12,0,,0,7,0,723,0,3,0
54,18,12,0,,1,4,1,734,0,0,1
54,18,12,0,,2,3,1,800,1,2,2
54,18,12,0,,5,6,0,572,0,4,0
54,19,13,1,,7,1,1,625,0,0,2
54,19,13,0,,0,5,0,783,0,4,0
54,19,13,0,,1,3,1,707,0,0,2
54,19,13,0,,2,4,1,744,0,0,5
54,20,13,2,wc_wave_20,0,-1,0,452,0,4,0
54,20,13,2,wc_wave_20,1,-1,0,413,0,2,0
54,20,13,2,wc_wave_20,3,-1,0,588,0,1,0
54,20,13,2,wc_wave_20,4,-1,0,465,0,4,0
54,20,13,2,wc_wave_20,5,-1,0,538,0,1,0
54,21,14,1,,3,4,1,628,0,0,4
54,21,14,0,,0,1,0,574,0,4,0
54,21,14,0,,4,5,0,621,0,6,0
54,22,15,1,,5,3,1,743,0,0,2
54,22,15,0,,0,4,0,755,0,4,0
54,22,15,0,,1,3,1,621,0,0,3
54,23,16,0,,0,3,0,787,0,3,0
54,23,16,0,,4,5,0,510,0,5,0
54,24,17,0,,0,5,0,667,0,6,0
54,24,17,0,,3,4,1,522,0,0,5
54,25,17,2,wc_wave_25,0,-1,1,646,0,0,3
54,25,17,2,wc_wave_25,4,-1,0,528,0,3,0
54,26,18,0,,0,4,1,800,1,2,3
54,27,19,0,,0,4,0,800,1,2,1
55,1,0,2,wc_wave_01,0,-1,0,83,0,4,0
55,1,0,2,wc_wave_01,1,-1,0,65,0,4,0
55,1,0,2,wc_wave_01,2,-1,0,105,0,4,0
55,1,0,2,wc_wave_01,3,-1,0,76,0,4,0
55,1,0,2,wc_wave_01,4,-1,0,34,0,4,0
55,1,0,2,wc_wave_01,5,-1,0,81,0,4,0
55,1,0,2,wc_wave_01,6,-1,0,82,0,4,0
55,1,0,2,wc_wave_01,7,-1,0,82,0,4,0
55,2,0,2,wc_wave_02,0,-1,0,128,0,4,0
55,2,0,2,wc_wave_02,1,-1,0,83,0,4,0
55,2,0,2,wc_wave_02,2,-1,0,119,0,4,0
55,2,0,2,wc_wave_02,3,-1,0,85,0,4,0
55,2,0,2,wc_wave_02,4,-1,0,99,0,4,0
55,2,0,2,wc_wave_02,5,-1,0,100,0,4,0
55,2,0,2,wc_wave_02,6,-1,0,100,0,4,0
55,2,0,2,wc_wave_02,7,-1,0,121,0,4,0
55,3,0,2,wc_wave_03,0,-1,0,179,0,5,0
55,3,0,2,wc_wave_03,1,-1,0,86,0,5,0
55,3,0,2,wc_wave_03,2,-1,0,124,0,5,0
55,3,0,2,wc_wave_03,3,-1,0,101,0,5,0
55,3,0,2,wc_wave_03,4,-1,0,119,0,5,0
55,3,0,2,wc_wave_03,5,-1,0,93,0,5,0
55,3,0,2,wc_wave_03,6,-1,0,111,0,5,0
55,3,0,2,wc_wave_03,7,-1,0,111,0,5,0
55,4,1,0,,0,4,1,800,1,1,1
55,4,1,0,,1,6,1,597,0,0,3
55,4,1,0,,2,3,1,800,1,2,3
55,4,1,0,,5,7,1,800,1,1,2
55,5,1,2,wc_wave_05,0,-1,0,201,0,5,0
55,5,1,2,wc_wave_05,1,-1,0,146,0,5,0
55,5,1,2,wc_wave_05,2,-1,0,263,0,5,0
55,5,1,2,wc_wave_05,3,-1,0,207,0,5,0
55,5,1,2,wc_wave_05,4,-1,0,173,0,5,0
55,5,1,2,wc_wave_05,5,-1,0,200,0,5,0
55,5,1,2,wc_wave_05,6,-1,0,212,0,5,0
55,5,1,2,wc_wave_05,7,-1,0,161,0,5,0
55,6,2,0,,0,2,1,800,1,1,2
55,6,2,0,,1,5,1,407,0,0,4
55,6,2,0,,3,6,1,800,1,2,4
55,6,2,0,,4,7,1,800,1,1,2
55,7,3,0,,0,6,0,800,1,4,1
55,7,3,0,,1,7,1,390,0,0,5
55,7,3,0,,2,4,1,472,0,0,5
55,7,3,0,,3,5,1,763,0,0,4
55,8,4,0,,0,5,1,800,1,1,3
55,8,4,0,,1,3,1,320,0,0,5
55,8,4,0,,2,7,1,726,0,0,4
55,8,4,0,,4,6,0,506,0,4,0
55,9,5,0,,0,1,0,275,0,6,0
55,9,5,0,,2,5,1,800,1,2,2
55,9,5,0,,3,4,1,690,0,0,4
55,9,5,0,,6,7,1,526,0,0,5
55,10,5,2,wc_wave_10,0,-1,0,211,0,6,0
55,10,5,2,wc_wave_10,1,-1,0,199,0,5,0
55,10,5,2,wc_wave_10,2,-1,0,327,0,6,0
55,10,5,2,wc_wave_10,3,-1,0,308,0,6,0
55,10,5,2,wc_wave_10,4,-1,0,179,0,6,0
55,10,5,2,wc_wave_10,5,-1,0,290,0,6,0
55,10,5,2,wc_wave_10,6,-1,0,336,0,6,0
55,10,5,2,wc_wave_10,7,-1,0,269,0,6,0
55,11,6,0,,0,2,0,670,0,4,0
55,11,6,0,,1,4,1,312,0,0,6
55,11,6,0,,3,7,1,723,0,0,5
55,11,6,0,,5,6,0,600,0,6,0
55,12,7,0,,0,7,0,800,1,3,1
55,12,7,0,,1,2,1,424,0,0,3
55,12,7,0,,3,6,0,562,0,5,0
55,12,7,0,,4,5,0,542,0,4,0
55,13,8,0,,0,3,0,785,0,4,0
55,13,8,0,,1,4,1,319,0,0,6
55,13,8,0,,2,6,0,640,0,6,0
55,13,8,0,,5,7,0,800,1,4,1
55,14,9,0,,0,6,0,504,0,6,0
55,14,9,0,,1,5,1,389,0,0,5
55,14,9,0,,2,7,1,627,0,0,4
55,14,9,0,,3,4,1,633,0,0,3
55,15,9,2,wc_wave_15,0,-1,0,342,0,6,0
55,15,9,2,wc_wave_15,2,-1,0,362,0,5,0
55,15,9,2,wc_wave_15,3,-1,0,416,0,4,0
55,15,9,2,wc_wave_15,4,-1,0,299,0,5,0
55,15,9,2,wc_wave_15,5,-1,0,240,0,6,0
55,15,9,2,wc_wave_15,6,-1,0,456,0,4,0
55,15,9,2,wc_wave_15,7,-1,0,330,0,5,0
55,16,10,1,,5,0,1,796,0,0,3
55,16,10,0,,0,3,0,633,0,5,0
55,16,10,0,,2,6,0,674,0,4,0
55,16,10,0,,4,7,0,603,0,5,0
55,17,11,0,,0,4,0,800,1,1,1
55,17,11,0,,2,5,1,608,0,0,5
55,17,11,0,,3,7,1,800,1,1,3
55,18,12,0,,0,7,0,740,0,4,0
55,18,12,0,,2,4,1,551,0,0,5
55,18,12,0,,3,5,1,800,1,2,2
55,19,13,1,,2,0,1,800,1,1,4
55,19,13,0,,0,4,0,743,0,2,0
55,19,13,0,,5,7,1,800,1,1,2
55,20,13,2,wc_wave_20,0,-1,0,555,0,2,0
55,20,13,2,wc_wave_20,4,-1,0,485,0,3,0
55,20,13,2,wc_wave_20,5,-1,0,417,0,4,0
55,20,13,2,wc_wave_20,7,-1,0,488,0,3,0
55,21,14,0,,0,7,0,800,1,3,1
55,21,14,0,,4,5,1,695,0,0,3
55,22,15,0,,0,5,1,800,1,1,4
55,22,15,0,,4,7,1,800,1,3,1
55,23,16,0,,0,7,1,800,1,2,3
55,23,16,0,,4,5,0,800,1,2,1
55,24,17,0,,0,5,0,800,1,3,2
55,24,17,0,,4,7,1,671,0,0,4
55,25,17,2,wc_wave_25,0,-1,0,480,0,4,0
55,25,17,2,wc_wave_25,4,-1,1,718,0,0,1
55,25,17,2,wc_wave_25,5,-1,0,634,0,3,0
55,25,17,2,wc_wave_25,7,-1,0,711,0,3,0
55,26,18,0,,0,4,0,584,0,3,0
55,26,18,0,,5,7,1,800,1,1,3
55,27,19,0,,0,7,0,800,1,2,1
55,27,19,0,,4,5,0,800,1,2,1
55,28,20,1,,0,4,0,654,0,3,0
55,28,20,0,,4,7,1,740,0,0,3
55,29,21,0,,0,7,0,800,1,3,2
55,30,21,2,wc_wave_30,0,-1,1,546,0,0,4
55,30,21,2,wc_wave_30,7,-1,1,627,0,0,2
56,1,0,2,wc_wave_01,0,-1,0,81,0,4,0
56,1,0,2,wc_wave_01,1,-1,0,89,0,3,0
56,1,0,2,wc_wave_01,2,-1,0,82,0,4,0
56,1,0,2,wc_wave_01,3,-1,0,82,0,4,0
56,1,0,2,wc_wave_01,4,-1,0,82,0,4,0
56,1,0,2,wc_wave_01,5,-1,0,83,0,4,0
56,1,0,2,wc_wave_01,6,-1,0,82,0,4,0
56,1,0,2,wc_wave_01,7,-1,0,56,0,4,0
56,2,0,2,wc_wave_02,0,-1,0,136,0,4,0
56,2,0,2,wc_wave_02,1,-1,0,85,0,4,0
56,2,0,2,wc_wave_02,2,-1,0,125,0,4,0
56,2,0,2,wc_wave_02,3,-1,0,94,0,4,0
56,2,0,2,wc_wave_02,4,-1,0,133,0,4,0
56,2,0,2,wc_wave_02,5,-1,0,106,0,4,0
56,2,0,2,wc_wave_02,6,-1,0,111,0,4,0
56,2,0,2,wc_wave_02,7,-1,0,86,0,4,0
56,3,0,2,wc_wave_03,0,-1,0,181,0,5,0
56,3,0,2,wc_wave_03,1,-1,0,98,0,5,0
56,3,0,2,wc_wave_03,2,-1,0,105,0,5,0
56,3,0,2,wc_wave_03,3,-1,0,117,0,5,0
56,3,0,2,wc_wave_03,4,-1,0,99,0,5,0
56,3,0,2,wc_wave_03,5,-1,0,130,0,5,0
56,3,0,2,wc_wave_03,6,-1,0,112,0,5,0
56,3,0,2,wc_wave_03,7,-1,0,117,0,5,0
56,4,1,0,,0,2,1,781,0,0,3
56,4,1,0,,1,4,0,800,1,2,1
56,4,1,0,,3,6,0,800,1,2,1
56,4,1,0,,5,7,0,675,0,3,0
56,5,1,2,wc_wave_05,0,-1,0,227,0,5,0
56,5,1,2,wc_wave_05,1,-1,0,161,0,5,0
56,5,1,2,wc_wave_05,2,-1,0,221,0,5,0
56,5,1,2,wc_wave_05,3,-1,0,167,0,5,0
56,5,1,2,wc_wave_05,4,-1,0,142,0,5,0
56,5,1,2,wc_wave_05,5,-1,0,176,0,5,0
56,5,1,2,wc_wave_05,6,-1,0,190,0,5,0
56,5,1,2,wc_wave_05,7,-1,0,185,0,5,0
56,6,2,0,,0,3,1,472,0,0,3
56,6,2,0,,1,6,0,589,0,3,0
56,6,2,0,,2,5,1,793,0,0,3
56,6,2,0,,4,7,1,590,0,0,3
56,7,3,0,,0,4,1,574,0,0,5
56,7,3,0,,1,7,1,502,0,0,4
56,7,3,0,,2,3,1,800,1,1,2
56,7,3,0,,5,6,0,670,0,3,0
56,8,4,0,,0,5,0,800,1,3,1
56,8,4,0,,1,2,0,800,1,5,2
56,8,4,0,,3,7,1,369,0,0,4
56,8,4,0,,4,6,0,511,0,5,0
56,9,5,0,,0,1,0,800,1,4,1
56,9,5,0,,2,4,1,800,1,2,3
56,9,5,0,,3,5,1,442,0,0,5
56,9,5,0,,6,7,1,380,0,0,6
56,10,5,2,wc_wave_10,0,-1,0,242,0,5,0
56,10,5,2,wc_wave_10,1,-1,0,255,0,6,0
56,10,5,2,wc_wave_10,2,-1,0,326,0,6,0
56,10,5,2,wc_wave_10,3,-1,0,196,0,6,0
56,10,5,2,wc_wave_10,4,-1,0,253,0,6,0
56,10,5,2,wc_wave_10,5,-1,0,294,0,5,0
56,10,5,2,wc_wave_10,6,-1,0,286,0,6,0
56,10,5,2,wc_wave_10,7,-1,0,232,0,6,0
56,11,6,0,,0,7,1,404,0,0,5
56,11,6,0,,1,5,1,800,1,2,3
56,11,6,0,,2,6,0,800,1,3,3
56,11,6,0,,3,4,1,567,0,0,3
56,12,7,0,,0,6,1,583,0,0,4
56,12,7,0,,1,3,0,536,0,4,0
56,12,7,0,,2,7,1,669,0,0,4
56,12,7,0,,4,5,1,800,1,1,3
56,13,8,0,,0,7,1,402,0,0,4
56,13,8,0,,1,5,1,800,1,1,4
56,13,8,0,,2,6,1,800,1,4,5
56,13,8,0,,3,4,1,685,0,0,2
56,14,9,0,,0,1,1,551,0,0,4
56,14,9,0,,2,3,1,800,1,2,3
56,14,9,0,,4,6,0,800,1,2,2
56,14,9,0,,5,7,1,694,0,0,3
56,15,9,2,wc_wave_15,0,-1,0,485,0,4,0
56,15,9,2,wc_wave_15,1,-1,0,292,0,5,0
56,15,9,2,wc_wave_15,2,-1,0,600,0,5,0
56,15,9,2,wc_wave_15,3,-1,0,250,0,5,0
56,15,9,2,wc_wave_15,4,-1,0,322,0,5,0
56,15,9,2,wc_wave_15,5,-1,0,400,0,4,0
56,15,9,2,wc_wave_15,6,-1,0,360,0,5,0
56,15,9,2,wc_wave_15,7,-1,0,300,0,5,0
56,16,10,0,,0,3,1,489,0,0,3
56,16,10,0,,1,4,0,697,0,4,0
56,16,10,0,,2,7,1,567,0,0,6
56,16,10,0,,5,6,0,800,1,3,2
56,17,11,0,,0,4,1,495,0,0,5
56,17,11,0,,1,3,0,800,1,2,1
56,17,11,0,,2,5,1,800,1,4,5
56,17,11,0,,6,7,1,482,0,0,3
56,18,12,0,,1,6,0,713,0,3,0
56,18,12,0,,3,7,1,790,0,0,1
56,18,12,0,,4,5,1,746,0,0,3
56,19,13,1,,3,5,1,717,0,0,4
56,19,13,0,,1,5,1,800,1,2,4
56,19,13,0,,4,7,1,477,0,0,5
56,20,13,2,wc_wave_20,1,-1,0,436,0,3,0
56,20,13,2,wc_wave_20,3,-1,0,676,0,1,0
56,20,13,2,wc_wave_20,4,-1,1,552,0,0,1
56,20,13,2,wc_wave_20,5,-1,0,556,0,3,0
56,20,13,2,wc_wave_20,7,-1,0,447,0,3,0
56,21,14,1,,1,7,1,669,0,0,3
56,21,14,0,,3,7,1,770,0,0,2
56,21,14,0,,4,5,1,646,0,0,5
56,22,15,0,,1,4,0,718,0,3,0
56,22,15,0,,5,7,0,790,0,2,0
56,23,16,1,,7,1,0,681,0,3,0
56,23,16,0,,1,5,1,800,1,1,4
56,24,17,1,,5,7,0,599,0,3,0
56,24,17,0,,1,7,1,627,0,0,4
56,25,17,2,wc_wave_25,5,-1,0,667,0,2,0
56,25,17,2,wc_wave_25,7,-1,0,506,0,2,0
56,26,18,0,,5,7,0,733,0,2,0
56,27,19,0,,5,7,0,800,1,2,1
56,28,20,0,,5,7,0,800,1,1,1
56,29,21,0,,5,7,0,693,0,2,0
56,30,21,2,wc_wave_30,5,-1,1,547,0,0,3
56,30,21,2,wc_wave_30,7,-1,1,430,0,0,3
56,31,22,0,,5,7,1,800,1,1,1
56,32,23,0,,5,7,1,800,1,1,2
56,33,24,0,,5,7,0,760,0,3,0
56,34,25,0,,5,7,0,678,0,3,0
57,1,0,2,wc_wave_01,0,-1,0,82,0,4,0
57,1,0,2,wc_wave_01,1,-1,0,58,0,4,0
57,1,0,2,wc_wave_01,2,-1,0,91,0,4,0
57,1,0,2,wc_wave_01,3,-1,0,65,0,4,0
57,1,0,2,wc_wave_01,4,-1,0,58,0,4,0
57,1,0,2,wc_wave_01,5,-1,0,82,0,4,0
57,1,0,2,wc_wave_01,6,-1,0,89,0,4,0
57,1,0,2,wc_wave_01,7,-1,0,76,0,4,0
57,2,0,2,wc_wave_02,0,-1,0,92,0,4,0
57,2,0,2,wc_wave_02,1,-1,0,80,0,4,0
57,2,0,2,wc_wave_02,2,-1,0,143,0,4,0
57,2,0,2,wc_wave_02,3,-1,0,98,0,4,0
57,2,0,2,wc_wave_02,4,-1,0,86,0,4,0
57,2,0,2,wc_wave_02,5,-1,0,112,0,4,0
57,2,0,2,wc_wave_02,6,-1,0,128,0,4,0
57,2,0,2,wc_wave_02,7,-1,0,119,0,4,0
57,3,0,2,wc_wave_03,0,-1,0,117,0,5,0
57,3,0,2,wc_wave_03,1,-1,0,105,0,5,0
57,3,0,2,wc_wave_03,2,-1,0,159,0,5,0
57,3,0,2,wc_wave_03,3,-1,0,98,0,5,0
57,3,0,2,wc_wave_03,4,-1,0,117,0,5,0
57,3,0,2,wc_wave_03,5,-1,0,152,0,5,0
57,3,0,2,wc_wave_03,6,-1,0,137,0,5,0
57,3,0,2,wc_wave_03,7,-1,0,148,0,5,0
57,4,1,0,,0,6,0,597,0,4,0
57,4,1,0,,1,5,0,686,0,4,0
57,4,1,0,,2,7,1,800,1,1,2
57,4,1,0,,3,4,1,404,0,0,3
57,5,1,2,wc_wave_05,0,-1,0,203,0,5,0
57,5,1,2,wc_wave_05,1,-1,0,167,0,5,0
57,5,1,2,wc_wave_05,2,-1,0,268,0,5,0
57,5,1,2,wc_wave_05,3,-1,0,142,0,5,0
57,5,1,2,wc_wave_05,4,-1,0,186,0,5,0
57,5,1,2,wc_wave_05,5,-1,0,228,0,5,0
57,5,1,2,wc_wave_05,6,-1,0,215,0,5,0
57,5,1,2,wc_wave_05,7,-1,0,146,0,5,0
57,6,2,0,,0,4,0,564,0,5,0
57,6,2,0,,1,7,1,641,0,0,1
57,6,2,0,,2,5,1,800,1,1,3
57,6,2,0,,3,6,1,773,0,0,1
57,7,3,0,,0,1,1,800,1,1,2
57,7,3,0,,2,4,1,800,1,2,3
57,7,3,0,,3,7,1,618,0,0,3
57,7,3,0,,5,6,0,800,1,3,1
57,8,4,0,,0,2,0,800,1,4,1
57,8,4,0,,1,3,0,653,0,1,0
57,8,4,0,,4,6,0,475,0,6,0
57,8,4,0,,5,7,0,770,0,2,0
57,9,5,0,,0,5,0,800,1,1,1
57,9,5,0,,1,6,0,480,0,4,0
57,9,5,0,,2,3,1,800,1,1,2
57,9,5,0,,4,7,1,486,0,0,5
57,10,5,2,wc_wave_10,0,-1,0,239,0,6,0
57,10,5,2,wc_wave_10,1,-1,0,276,0,4,0
57,10,5,2,wc_wave_10,2,-1,0,494,0,6,0
57,10,5,2,wc_wave_10,3,-1,0,236,0,6,0
57,10,5,2,wc_wave_10,4,-1,0,339,0,6,0
57,10,5,2,wc_wave_10,5,-1,0,168,0,6,0
57,10,5,2,wc_wave_10,6,-1,0,324,0,5,0
57,10,5,2,wc_wave_10,7,-1,0,221,0,6,0
57,11,6,0,,0,7,1,607,0,0,4
57,11,6,0,,1,4,0,800,1,3,1
57,11,6,0,,2,6,0,521,0,6,0
57,11,6,0,,3,5,1,658,0,0,2
57,12,7,0,,0,3,0,571,0,3,0
57,12,7,0,,1,2,0,800,1,3,2
57,12,7,0,,4,5,1,570,0,0,4
57,12,7,0,,6,7,1,354,0,0,6
57,13,8,0,,0,2,0,628,0,4,0
57,13,8,0,,1,4,1,800,1,1,2
57,13,8,0,,3,6,0,324,0,6,0
57,13,8,0,,5,7,1,800,1,2,2
57,14,9,0,,0,3,0,599,0,2,0
57,14,9,0,,1,2,1,800,1,2,3
57,14,9,0,,4,7,1,480,0,0,5
57,14,9,0,,5,6,0,391,0,6,0
57,15,9,2,wc_wave_15,0,-1,0,317,0,4,0
57,15,9,2,wc_wave_15,1,-1,0,350,0,5,0
57,15,9,2,wc_wave_15,2,-1,0,327,0,5,0
57,15,9,2,wc_wave_15,3,-1,0,351,0,5,0
57,15,9,2,wc_wave_15,4,-1,0,434,0,3,0
57,15,9,2,wc_wave_15,5,-1,0,269,0,5,0
57,15,9,2,wc_wave_15,7,-1,0,302,0,5,0
57,16,10,1,,3,2,0,638,0,3,0
57,16,10,0,,0,4,0,535,0,4,0
57,16,10,0,,1,5,1,551,0,0,5
57,16,10,0,,2,7,1,759,0,0,4
57,17,11,1,,1,3,1,674,0,0,2
57,17,11,0,,0,7,1,654,0,0,3
57,17,11,0,,2,4,0,792,0,2,0
57,17,11,0,,3,5,1,540,0,0,4
57,18,12,1,,4,3,1,473,0,0,5
57,18,12,0,,0,1,1,752,0,0,2
57,18,12,0,,2,5,1,711,0,0,5
57,18,12,0,,3,7,0,755,0,1,0
57,19,13,1,,2,3,1,715,0,0,4
57,19,13,0,,0,3,1,614,0,0,3
57,19,13,0,,1,7,1,763,0,0,2
57,19,13,0,,4,5,1,465,0,0,6
57,20,13,2,wc_wave_20,0,-1,0,521,0,2,0
57,20,13,2,wc_wave_20,1,-1,0,481,0,2,0
57,20,13,2,wc_wave_20,3,-1,0,437,0,3,0
57,20,13,2,wc_wave_20,5,-1,0,472,0,4,0
57,20,13,2,wc_wave_20,7,-1,0,494,0,2,0
57,21,14,1,,0,5,1,527,0,0,4
57,21,14,0,,1,3,1,670,0,0,3
57,21,14,0,,5,7,0,800,1,2,2
57,22,15,1,,7,3,1,587,0,0,4
57,22,15,0,,0,1,1,683,0,0,3
57,22,15,0,,3,5,0,800,1,1,1
57,23,16,1,,5,0,0,525,0,6,0
57,23,16,0,,0,3,1,800,1,1,3
57,23,16,0,,1,7,1,773,0,0,3
57,24,17,0,,1,5,1,698,0,0,3
57,24,17,0,,3,7,0,800,1,3,1
57,25,17,2,wc_wave_25,3,-1,0,425,0,5,0
57,25,17,2,wc_wave_25,5,-1,0,644,0,3,0
57,25,17,2,wc_wave_25,7,-1,0,508,0,3,0
57,26,18,1,,7,5,1,789,0,0,3
57,26,18,0,,3,5,0,705,0,4,0
57,27,19,1,,5,7,0,800,1,3,1
57,27,19,0,,3,7,0,796,0,3,0
57,28,20,1,,3,5,1,800,1,2,3
57,28,20,0,,5,7,0,644,0,4,0
57,29,21,0,,3,5,0,800,1,4,1
57,30,21,2,wc_wave_30,3,-1,1,624,0,0,3
57,30,21,2,wc_wave_30,5,-1,0,715,0,1,0
57,31,22,0,,3,5,0,800,1,3,2
57,32,23,0,,3,5,0,667,0,5,0
58,1,0,2,wc_wave_01,0,-1,0,76,0,4,0
58,1,0,2,wc_wave_01,1,-1,0,85,0,4,0
58,1,0,2,wc_wave_01,2,-1,0,82,0,4,0
58,1,0,2,wc_wave_01,3,-1,0,50,0,4,0
58,1,0,2,wc_wave_01,4,-1,0,76,0,4,0
58,1,0,2,wc_wave_01,5,-1,0,102,0,4,0
58,1,0,2,wc_wave_01,6,-1,0,76,0,4,0
58,1,0,2,wc_wave_01,7,-1,0,105,0,4,0
58,2,0,2,wc_wave_02,0,-1,0,138,0,4,0
58,2,0,2,wc_wave_02,1,-1,0,97,0,4,0
58,2,0,2,wc_wave_02,2,-1,0,119,0,4,0
58,2,0,2,wc_wave_02,3,-1,0,105,0,4,0
58,2,0,2,wc_wave_02,4,-1,0,110,0,4,0
58,2,0,2,wc_wave_02,5,-1,0,119,0,4,0
58,2,0,2,wc_wave_02,6,-1,0,95,0,4,0
58,2,0,2,wc_wave_02,7,-1,0,119,0,4,0
58,3,0,2,wc_wave_03,0,-1,0,152,0,5,0
58,3,0,2,wc_wave_03,1,-1,0,100,0,5,0
58,3,0,2,wc_wave_03,2,-1,0,189,0,5,0
58,3,0,2,wc_wave_03,3,-1,0,95,0,5,0
58,3,0,2,wc_wave_03,4,-1,0,132,0,5,0
58,3,0,2,wc_wave_03,5,-1,0,133,0,5,0
58,3,0,2,wc_wave_03,6,-1,0,111,0,5,0
58,3,0,2,wc_wave_03,7,-1,0,138,0,5,0
58,4,1,0,,0,6,1,800,1,1,2
58,4,1,0,,1,3,0,482,0,4,0
58,4,1,0,,2,5,0,800,1,4,1
58,4,1,0,,4,7,1,470,0,0,3
58,5,1,2,wc_wave_05,0,-1,0,194,0,5,0
58,5,1,2,wc_wave_05,1,-1,0,148,0,5,0
58,5,1,2,wc_wave_05,2,-1,0,130,0,5,0
58,5,1,2,wc_wave_05,3,-1,0,153,0,5,0
58,5,1,2,wc_wave_05,4,-1,0,176,0,5,0
58,5,1,2,wc_wave_05,5,-1,0,231,0,5,0
58,5,1,2,wc_wave_05,6,-1,0,130,0,5,0
58,5,1,2,wc_wave_05,7,-1,0,157,0,5,0
58,6,2,0,,0,3,1,613,0,0,3
58,6,2,0,,1,6,0,638,0,4,0
58,6,2,0,,2,7,1,629,0,0,3
58,6,2,0,,4,5,0,691,0,3,0
58,7,3,0,,0,2,1,800,1,4,4
58,7,3,0,,1,7,1,800,1,2,2
58,7,3,0,,3,4,0,422,0,5,0
58,7,3,0,,5,6,1,791,0,0,2
58,8,4,0,,0,1,1,731,0,0,5
58,8,4,0,,2,4,0,651,0,5,0
58,8,4,0,,3,5,0,716,0,2,0
58,8,4,0,,6,7,1,519,0,0,4
58,9,5,0,,0,7,1,541,0,0,5
58,9,5,0,,1,5,0,800,1,3,1
58,9,5,0,,2,3,1,778,0,0,3
58,9,5,0,,4,6,1,543,0,0,4
58,10,5,2,wc_wave_10,0,-1,0,330,0,5,0
58,10,5,2,wc_wave_10,1,-1,0,274,0,6,0
58,10,5,2,wc_wave_10,2,-1,0,266,0,6,0
58,10,5,2,wc_wave_10,3,-1,0,296,0,6,0
58,10,5,2,wc_wave_10,4,-1,0,263,0,6,0
58,10,5,2,wc_wave_10,5,-1,0,243,0,6,0
58,10,5,2,wc_wave_10,6,-1,0,212,0,6,0
58,10,5,2,wc_wave_10,7,-1,0,187,0,6,0
58,11,6,0,,0,4,0,707,0,4,0
58,11,6,0,,1,2,1,800,1,2,4
58,11,6,0,,3,6,1,738,0,0,2
58,11,6,0,,5,7,1,650,0,0,3
58,12,7,0,,0,5,1,713,0,0,3
58,12,7,0,,1,4,0,667,0,4,0
58,12,7,0,,2,6,0,666,0,4,0
58,12,7,0,,3,7,1,344,0,0,6
58,13,8,0,,0,3,0,800,1,1,1
58,13,8,0,,1,7,1,578,0,0,5
58,13,8,0,,2,4,0,618,0,4,0
58,13,8,0,,5,6,0,600,0,4,0
58,14,9,0,,0,7,1,650,0,0,4
58,14,9,0,,1,6,0,701,0,3,0
58,14,9,0,,2,5,1,734,0,0,4
58,14,9,0,,3,4,0,501,0,4,0
58,15,9,2,wc_wave_15,0,-1,0,366,0,5,0
58,15,9,2,wc_wave_15,1,-1,0,347,0,5,0
58,15,9,2,wc_wave_15,2,-1,0,335,0,5,0
58,15,9,2,wc_wave_15,3,-1,0,291,0,5,0
58,15,9,2,wc_wave_15,4,-1,0,487,0,4,0
58,15,9,2,wc_wave_15,5,-1,0,343,0,5,0
58,15,9,2,wc_wave_15,6,-1,0,254,0,5,0
58,15,9,2,wc_wave_15,7,-1,0,245,0,6,0
58,16,10,0,,0,2,1,800,1,2,3
58,16,10,0,,1,5,1,800,1,1,4
58,16,10,0,,3,7,1,356,0,0,5
58,16,10,0,,4,6,1,800,1,1,2
58,17,11,1,,2,3,0,800,1,4,1
58,17,11,0,,0,1,1,800,1,3,3
58,17,11,0,,3,5,1,638,0,0,4
58,17,11,0,,6,7,1,479,0,0,4
58,18,12,1,,7,2,0,791,0,3,0
58,18,12,0,,0,5,0,800,1,3,2
58,18,12,0,,1,2,0,800,1,3,3
58,18,12,0,,3,6,0,717,0,2,0
58,19,13,1,,1,3,0,791,0,3,0
58,19,13,0,,0,3,0,670,0,4,0
58,19,13,0,,2,6,0,800,1,3,1
58,19,13,0,,5,7,1,782,0,0,3
58,20,13,2,wc_wave_20,0,-1,0,622,0,3,0
58,20,13,2,wc_wave_20,1,-1,0,677,0,2,0
58,20,13,2,wc_wave_20,2,-1,-1,723,0,0,0
58,20,13,2,wc_wave_20,3,-1,1,537,0,0,1
58,20,13,2,wc_wave_20,5,-1,0,644,0,2,0
58,20,13,2,wc_wave_20,6,-1,1,490,0,0,2
58,20,13,2,wc_wave_20,7,-1,0,334,0,4,0
58,21,14,0,,0,1,0,800,1,4,2
58,21,14,0,,2,5,1,800,1,1,3
58,21,14,0,,3,7,1,479,0,0,5
58,22,15,1,,0,7,1,713,0,0,3
58,22,15,0,,1,5,1,800,1,1,4
58,22,15,0,,2,7,1,731,0,0,3
58,23,16,0,,1,2,1,800,1,2,3
58,23,16,0,,5,7,1,719,0,0,3
58,24,17,0,,1,7,1,629,0,0,5
58,24,17,0,,2,5,1,800,1,2,3
58,25,17,2,wc_wave_25,2,-1,1,616,0,0,4
58,25,17,2,wc_wave_25,5,-1,0,559,0,5,0
58,25,17,2,wc_wave_25,7,-1,0,421,0,4,0
58,26,18,1,,5,7,1,627,0,0,5
58,26,18,0,,2,7,1,671,0,0,4
59,1,0,2,wc_wave_01,0,-1,0,84,0,4,0
59,1,0,2,wc_wave_01,1,-1,0,64,0,4,0
59,1,0,2,wc_wave_01,2,-1,0,76,0,4,0
59,1,0,2,wc_wave_01,3,-1,0,82,0,4,0
59,1,0,2,wc_wave_01,4,-1,0,82,0,4,0
59,1,0,2,wc_wave_01,5,-1,0,82,0,4,0
59,1,0,2,wc_wave_01,6,-1,0,78,0,4,0
59,1,0,2,wc_wave_01,7,-1,0,91,0,4,0
59,2,0,2,wc_wave_02,0,-1,0,105,0,4,0
59,2,0,2,wc_wave_02,1,-1,0,94,0,4,0
59,2,0,2,wc_wave_02,2,-1,0,105,0,4,0
59,2,0,2,wc_wave_02,3,-1,0,119,0,4,0
59,2,0,2,wc_wave_02,4,-1,0,114,0,4,0
59,2,0,2,wc_wave_02,5,-1,0,119,0,4,0
59,2,0,2,wc_wave_02,6,-1,0,106,0,4,0
59,2,0,2,wc_wave_02,7,-1,0,105,0,4,0
59,3,0,2,wc_wave_03,0,-1,0,137,0,5,0
59,3,0,2,wc_wave_03,1,-1,0,98,0,5,0
59,3,0,2,wc_wave_03,2,-1,0,104,0,5,0
59,3,0,2,wc_wave_03,3,-1,0,143,0,5,0
59,3,0,2,wc_wave_03,4,-1,0,117,0,5,0
59,3,0,2,wc_wave_03,5,-1,0,139,0,5,0
59,3,0,2,wc_wave_03,6,-1,0,117,0,5,0
59,3,0,2,wc_wave_03,7,-1,0,105,0,5,0
59,4,1,0,,0,1,1,374,0,0,5
59,4,1,0,,2,5,1,800,1,1,3
59,4,1,0,,3,7,1,415,0,0,4
59,4,1,0,,4,6,1,630,0,0,3
59,5,1,2,wc_wave_05,0,-1,0,265,0,5,0
59,5,1,2,wc_wave_05,1,-1,0,191,0,5,0
59,5,1,2,wc_wave_05,2,-1,0,221,0,5,0
59,5,1,2,wc_wave_05,3,-1,0,232,0,5,0
59,5,1,2,wc_wave_05,4,-1,0,174,0,5,0
59,5,1,2,wc_wave_05,5,-1,0,193,0,5,0
59,5,1,2,wc_wave_05,6,-1,0,182,0,5,0
59,5,1,2,wc_wave_05,7,-1,0,161,0,5,0
59,6,2,0,,0,4,0,720,0,4,0
59,6,2,0,,1,3,0,725,0,3,0
59,6,2,0,,2,6,1,800,1,2,3
59,6,2,0,,5,7,1,668,0,0,2
59,7,3,0,,0,5,0,654,0,4,0
59,7,3,0,,1,6,1,505,0,0,4
59,7,3,0,,2,3,0,800,1,4,2
59,7,3,0,,4,7,1,800,1,2,2
59,8,4,0,,0,6,0,588,0,5,0
59,8,4,0,,1,7,0,736,0,2,0
59,8,4,0,,2,4,1,800,1,1,3
59,8,4,0,,3,5,1,570,0,0,5
59,9,5,0,,0,7,0,676,0,4,0
59,9,5,0,,1,2,1,800,1,1,3
59,9,5,0,,3,6,1,438,0,0,5
59,9,5,0,,4,5,0,678,0,5,0
59,10,5,2,wc_wave_10,0,-1,0,254,0,6,0
59,10,5,2,wc_wave_10,1,-1,0,266,0,5,0
59,10,5,2,wc_wave_10,2,-1,0,402,0,6,0
59,10,5,2,wc_wave_10,3,-1,0,288,0,6,0
59,10,5,2,wc_wave_10,4,-1,0,275,0,5,0
59,10,5,2,wc_wave_10,5,-1,0,186,0,6,0
59,10,5,2,wc_wave_10,6,-1,0,252,0,6,0
59,10,5,2,wc_wave_10,7,-1,0,278,0,6,0
59,11,6,0,,0,3,0,659,0,4,0
59,11,6,0,,1,4,1,800,1,1,2
59,11,6,0,,2,7,0,629,0,6,0
59,11,6,0,,5,6,0,660,0,3,0
59,12,7,0,,0,2,0,800,1,4,3
59,12,7,0,,1,5,1,800,1,0,1
59,12,7,0,,3,4,1,627,0,0,5
59,12,7,0,,6,7,0,800,1,2,1
59,13,8,0,,0,7,0,575,0,5,0
59,13,8,0,,1,4,0,796,0,2,0
59,13,8,0,,2,5,1,663,0,0,5
59,13,8,0,,3,6,1,493,0,0,5
59,14,9,0,,0,6,0,671,0,1,0
59,14,9,0,,1,2,1,725,0,0,4
59,14,9,0,,3,5,1,615,0,0,3
59,14,9,0,,4,7,0,698,0,4,0
59,15,9,2,wc_wave_15,0,-1,0,254,0,6,0
59,15,9,2,wc_wave_15,1,-1,0,256,0,5,0
59,15,9,2,wc_wave_15,2,-1,0,400,0,5,0
59,15,9,2,wc_wave_15,4,-1,0,374,0,5,0
59,15,9,2,wc_wave_15,5,-1,0,266,0,5,0
59,15,9,2,wc_wave_15,6,-1,0,255,0,5,0
59,15,9,2,wc_wave_15,7,-1,0,354,0,5,0
59,16,10,1,,1,6,1,582,0,0,2
59,16,10,0,,0,5,1,757,0,0,3
59,16,10,0,,2,4,1,800,1,1,4
59,16,10,0,,6,7,0,520,0,4,0
59,17,11,1,,4,0,1,800,1,2,3
59,17,11,0,,0,2,0,800,1,4,1
59,17,11,0,,1,7,0,535,0,5,0
59,17,11,0,,5,6,0,558,0,3,0
59,18,12,1,,6,2,1,717,0,0,3
59,18,12,0,,0,1,0,800,1,2,2
59,18,12,0,,2,7,0,607,0,6,0
59,18,12,0,,4,5,1,743,0,0,4
59,19,13,0,,0,2,0,800,1,5,1
59,19,13,0,,1,5,1,752,0,0,2
59,19,13,0,,4,6,1,626,0,0,3
59,20,13,2,wc_wave_20,0,-1,0,421,0,4,0
59,20,13,2,wc_wave_20,1,-1,0,414,0,4,0
59,20,13,2,wc_wave_20,2,-1,0,800,1,1,1
59,20,13,2,wc_wave_20,4,-1,1,788,0,0,1
59,20,13,2,wc_wave_20,5,-1,0,374,0,4,0
59,20,13,2,wc_wave_20,6,-1,0,417,0,4,0
59,21,14,0,,0,6,1,800,1,1,2
59,21,14,0,,1,4,0,800,1,3,1
59,21,14,0,,2,5,1,800,1,1,2
59,22,15,1,,5,6,0,699,0,3,0
59,22,15,0,,0,4,1,800,1,2,3
59,22,15,0,,1,6,0,690,0,2,0
59,23,16,1,,0,5,0,800,1,2,1
59,23,16,0,,1,5,0,800,1,1,1
59,23,16,0,,4,6,1,800,1,1,3
59,24,17,0,,0,1,0,800,1,3,2
59,24,17,0,,5,6,1,800,1,1,1
59,25,17,2,wc_wave_25,0,-1,0,543,0,3,0
59,25,17,2,wc_wave_25,1,-1,0,584,0,2,0
59,25,17,2,wc_wave_25,5,-1,0,526,0,3,0
59,25,17,2,wc_wave_25,6,-1,1,566,0,0,4
59,26,18,0,,0,5,0,800,1,2,1
59,26,18,0,,1,6,1,800,1,1,2
59,27,19,1,,5,6,0,800,1,2,1
59,27,19,0,,0,6,1,684,0,0,3
59,28,20,1,,0,5,0,800,1,2,1
59,28,20,0,,5,6,0,800,1,2,2
59,29,21,1,,6,0,0,682,0,3,0
59,29,21,0,,0,5,0,800,1,3,1
59,30,21,2,wc_wave_30,0,-1,1,642,0,0,1
59,30,21,2,wc_wave_30,5,-1,1,628,0,0,3
59,30,21,2,wc_wave_30,6,-1,1,593,0,0,2
59,31,22,1,,5,6,1,710,0,0,2
59,31,22,0,,0,6,1,800,1,1,1
59,32,23,1,,0,5,1,610,0,0,5
59,32,23,0,,5,6,0,800,1,1,1
59,33,24,0,,5,6,0,741,0,3,0
60,1,0,2,wc_wave_01,0,-1,0,82,0,3,0
60,1,0,2,wc_wave_01,1,-1,0,34,0,4,0
60,1,0,2,wc_wave_01,2,-1,0,91,0,4,0
60,1,0,2,wc_wave_01,3,-1,0,35,0,4,0
60,1,0,2,wc_wave_01,4,-1,0,35,0,4,0
60,1,0,2,wc_wave_01,5,-1,0,105,0,4,0
60,1,0,2,wc_wave_01,6,-1,0,63,0,4,0
60,1,0,2,wc_wave_01,7,-1,0,76,0,4,0
60,2,0,2,wc_wave_02,0,-1,0,98,0,4,0
60,2,0,2,wc_wave_02,1,-1,0,98,0,4,0
60,2,0,2,wc_wave_02,2,-1,0,143,0,4,0
60,2,0,2,wc_wave_02,3,-1,0,73,0,4,0
60,2,0,2,wc_wave_02,4,-1,0,105,0,4,0
60,2,0,2,wc_wave_02,5,-1,0,105,0,4,0
60,2,0,2,wc_wave_02,6,-1,0,119,0,4,0
60,2,0,2,wc_wave_02,7,-1,0,99,0,4,0
60,3,0,2,wc_wave_03,0,-1,0,100,0,5,0
60,3,0,2,wc_wave_03,1,-1,0,98,0,5,0
60,3,0,2,wc_wave_03,2,-1,0,142,0,5,0
60,3,0,2,wc_wave_03,3,-1,0,94,0,5,0
60,3,0,2,wc_wave_03,4,-1,0,148,0,5,0
60,3,0,2,wc_wave_03,5,-1,0,142,0,5,0
60,3,0,2,wc_wave_03,6,-1,0,119,0,5,0
60,3,0,2,wc_wave_03,7,-1,0,121,0,5,0
60,4,1,0,,0,3,0,441,0,3,0
60,4,1,0,,1,7,0,468,0,4,0
60,4,1,0,,2,5,1,658,0,0,5
60,4,1,0,,4,6,1,590,0,0,4
60,5,1,2,wc_wave_05,0,-1,0,147,0,5,0
60,5,1,2,wc_wave_05,1,-1,0,197,0,5,0
60,5,1,2,wc_wave_05,2,-1,0,222,0,5,0
60,5,1,2,wc_wave_05,3,-1,0,175,0,5,0
60,5,1,2,wc_wave_05,4,-1,0,205,0,5,0
60,5,1,2,wc_wave_05,5,-1,0,212,0,5,0
60,5,1,2,wc_wave_05,6,-1,0,173,0,5,0
60,5,1,2,wc_wave_05,7,-1,0,206,0,5,0
60,6,2,0,,0,6,0,527,0,4,0
60,6,2,0,,1,5,0,675,0,5,0
60,6,2,0,,2,7,0,800,1,2,1
60,6,2,0,,3,4,1,741,0,0,3
60,7,3,0,,0,5,0,521,0,4,0
60,7,3,0,,1,6,1,683,0,0,2
60,7,3,0,,2,3,1,524,0,0,5
60,7,3,0,,4,7,1,587,0,0,3
60,8,4,0,,0,7,0,467,0,5,0
60,8,4,0,,1,3,1,617,0,0,3
60,8,4,0,,2,4,1,800,1,1,3
60,8,4,0,,5,6,1,800,1,1,2
60,9,5,0,,0,4,0,505,0,5,0
60,9,5,0,,1,2,0,633,0,3,0
60,9,5,0,,3,5,0,587,0,3,0
60,9,5,0,,6,7,1,655,0,0,3
60,10,5,2,wc_wave_10,0,-1,0,228,0,6,0
60,10,5,2,wc_wave_10,1,-1,0,232,0,5,0
60,10,5,2,wc_wave_10,2,-1,0,321,0,6,0
60,10,5,2,wc_wave_10,3,-1,0,207,0,6,0
60,10,5,2,wc_wave_10,4,-1,0,299,0,4,0
60,10,5,2,wc_wave_10,5,-1,0,310,0,6,0
60,10,5,2,wc_wave_10,6,-1,0,219,0,6,0
60,10,5,2,wc_wave_10,7,-1,0,232,0,6,0
60,11,6,0,,0,2,1,800,1,2,3
60,11,6,0,,1,4,0,644,0,3,0
60,11,6,0,,3,6,1,739,0,0,2
60,11,6,0,,5,7,1,561,0,0,4
60,12,7,0,,0,1,0,606,0,3,0
60,12,7,0,,2,6,0,800,1,5,1
60,12,7,0,,3,7,0,679,0,2,0
60,12,7,0,,4,5,0,717,0,4,0
60,13,8,0,,0,6,1,800,1,1,2
60,13,8,0,,1,7,0,711,0,2,0
60,13,8,0,,2,4,0,692,0,6,0
60,13,8,0,,3,5,0,472,0,4,0
60,14,9,0,,0,3,0,566,0,3,0
60,14,9,0,,1,5,0,562,0,4,0
60,14,9,0,,2,7,0,752,0,4,0
60,14,9,0,,4,6,1,800,1,1,2
60,15,9,2,wc_wave_15,0,-1,0,268,0,5,0
60,15,9,2,wc_wave_15,1,-1,0,277,0,5,0
60,15,9,2,wc_wave_15,2,-1,0,335,0,4,0
60,15,9,2,wc_wave_15,3,-1,0,304,0,5,0
60,15,9,2,wc_wave_15,4,-1,0,341,0,5,0
60,15,9,2,wc_wave_15,5,-1,0,374,0,4,0
60,15,9,2,wc_wave_15,6,-1,0,327,0,5,0
60,15,9,2,wc_wave_15,7,-1,0,288,0,5,0
60,16,10,0,,0,4,0,800,1,2,1
60,16,10,0,,1,6,1,800,1,1,2
60,16,10,0,,2,5,0,791,0,3,0
60,16,10,0,,3,7,0,621,0,3,0
60,17,11,0,,0,1,0,660,0,2,0
60,17,11,0,,2,3,0,800,1,2,1
60,17,11,0,,4,5,0,800,1,5,1
60,17,11,0,,6,7,0,586,0,3,0
60,18,12,1,,1,3,0,503,0,5,0
60,18,12,0,,0,7,0,733,0,3,0
60,18,12,0,,2,6,0,800,1,3,1
60,18,12,0,,3,4,1,760,0,0,2
60,19,13,1,,4,7,0,641,0,4,0
60,19,13,0,,0,2,0,698,0,3,0
60,19,13,0,,1,7,0,611,0,3,0
60,19,13,0,,3,6,1,800,1,1,2
60,20,13,2,wc_wave_20,0,-1,0,437,0,2,0
60,20,13,2,wc_wave_20,1,-1,0,366,0,4,0
60,20,13,2,wc_wave_20,2,-1,0,800,1,1,1
60,20,13,2,wc_wave_20,3,-1,1,542,0,0,1
60,20,13,2,wc_wave_20,4,-1,0,466,0,3,0
60,20,13,2,wc_wave_20,6,-1,0,523,0,3,0
60,21,14,0,,0,6,0,800,1,1,1
60,21,14,0,,1,2,0,664,0,4,0
60,21,14,0,,3,4,1,632,0,0,3
60,22,15,0,,0,3,0,629,0,2,0
60,22,15,0,,1,4,0,497,0,5,0
60,22,15,0,,2,6,1,800,1,2,3
60,23,16,1,,6,1,1,712,0,0,3
60,23,16,0,,0,1,1,706,0,0,3
60,23,16,0,,2,4,1,800,1,1,3
60,24,17,0,,0,6,1,650,0,0,3
60,24,17,0,,1,4,0,569,0,4,0
60,25,17,2,wc_wave_25,0,-1,0,559,0,3,0
60,25,17,2,wc_wave_25,1,-1,0,396,0,3,0
60,25,17,2,wc_wave_25,6,-1,0,800,1,2,1
60,26,18,1,,0,1,1,728,0,0,3
60,26,18,0,,1,6,0,712,0,2,0
60,27,19,1,,6,0,1,743,0,0,2
60,27,19,0,,0,1,1,524,0,0,4
60,28,20,1,,0,1,1,609,0,0,2
60,28,20,0,,1,6,0,657,0,4,0
60,29,21,0,,0,1,1,752,0,0,3
61,1,0,2,wc_wave_01,0,-1,0,82,0,4,0
61,1,0,2,wc_wave_01,1,-1,0,63,0,4,0
61,1,0,2,wc_wave_01,2,-1,0,91,0,4,0
61,1,0,2,wc_wave_01,3,-1,0,82,0,4,0
61,1,0,2,wc_wave_01,4,-1,0,89,0,4,0
61,1,0,2,wc_wave_01,5,-1,0,56,0,4,0
61,1,0,2,wc_wave_01,6,-1,0,82,0,3,0
61,1,0,2,wc_wave_01,7,-1,0,34,0,4,0
61,2,0,2,wc_wave_02,0,-1,0,119,0,4,0
61,2,0,2,wc_wave_02,1,-1,0,105,0,4,0
61,2,0,2,wc_wave_02,2,-1,0,95,0,4,0
61,2,0,2,wc_wave_02,3,-1,0,124,0,4,0
61,2,0,2,wc_wave_02,4,-1,0,114,0,4,0
61,2,0,2,wc_wave_02,5,-1,0,119,0,4,0
61,2,0,2,wc_wave_02,6,-1,0,73,0,4,0
61,2,0,2,wc_wave_02,7,-1,0,119,0,4,0
61,3,0,2,wc_wave_03,0,-1,0,203,0,5,0
61,3,0,2,wc_wave_03,1,-1,0,105,0,5,0
61,3,0,2,wc_wave_03,2,-1,0,179,0,5,0
61,3,0,2,wc_wave_03,3,-1,0,117,0,5,0
61,3,0,2,wc_wave_03,4,-1,0,117,0,5,0
61,3,0,2,wc_wave_03,5,-1,0,133,0,5,0
61,3,0,2,wc_wave_03,6,-1,0,74,0,5,0
61,3,0,2,wc_wave_03,7,-1,0,119,0,5,0
61,4,1,0,,0,7,1,703,0,0,4
61,4,1,0,,1,5,0,311,0,4,0
61,4,1,0,,2,3,1,694,0,0,5
61,4,1,0,,4,6,1,540,0,0,1
61,5,1,2,wc_wave_05,0,-1,0,276,0,5,0
61,5,1,2,wc_wave_05,1,-1,0,146,0,5,0
61,5,1,2,wc_wave_05,2,-1,0,362,0,5,0
61,5,1,2,wc_wave_05,3,-1,0,162,0,5,0
61,5,1,2,wc_wave_05,4,-1,0,167,0,5,0
61,5,1,2,wc_wave_05,5,-1,0,227,0,5,0
61,5,1,2,wc_wave_05,6,-1,0,155,0,5,0
61,5,1,2,wc_wave_05,7,-1,0,218,0,5,0
61,6,2,0,,0,6,0,800,1,2,1
61,6,2,0,,1,2,0,800,1,3,1
61,6,2,0,,3,5,0,535,0,3,0
61,6,2,0,,4,7,1,708,0,0,2
61,7,3,0,,0,4,0,800,1,4,1
61,7,3,0,,1,3,1,572,0,0,3
61,7,3,0,,2,5,0,780,0,4,0
61,7,3,0,,6,7,1,691,0,0,2
61,8,4,0,,0,1,0,800,1,2,1
61,8,4,0,,2,7,0,800,1,3,1
61,8,4,0,,3,6,0,352,0,5,0
61,8,4,0,,4,5,0,784,0,2,0
61,9,5,0,,0,3,1,603,0,0,3
61,9,5,0,,1,7,0,613,0,3,0
61,9,5,0,,2,4,0,800,1,3,2
61,9,5,0,,5,6,1,800,1,1,1
61,10,5,2,wc_wave_10,0,-1,0,361,0,5,0
61,10,5,2,wc_wave_10,1,-1,0,193,0,6,0
61,10,5,2,wc_wave_10,2,-1,0,420,0,6,0
61,10,5,2,wc_wave_10,3,-1,0,251,0,6,0
61,10,5,2,wc_wave_10,4,-1,0,264,0,6,0
61,10,5,2,wc_wave_10,5,-1,0,352,0,5,0
61,10,5,2,wc_wave_10,6,-1,0,183,0,6,0
61,10,5,2,wc_wave_10,7,-1,0,296,0,6,0
61,11,6,0,,0,2,0,800,1,6,1
61,11,6,0,,1,6,1,657,0,0,1
61,11,6,0,,3,4,0,532,0,4,0
61,11,6,0,,5,7,1,751,0,0,4
61,12,7,0,,0,5,0,618,0,5,0
61,12,7,0,,1,4,0,506,0,4,0
61,12,7,0,,2,6,1,690,0,0,4
61,12,7,0,,3,7,0,550,0,5,0
61,13,8,0,,0,6,0,590,0,5,0
61,13,8,0,,1,7,0,679,0,3,0
61,13,8,0,,2,5,0,800,1,4,2
61,13,8,0,,3,4,0,451,0,5,0
61,14,9,0,,0,2,0,800,1,5,1
61,14,9,0,,1,4,0,415,0,4,0
61,14,9,0,,3,6,0,439,0,4,0
61,14,9,0,,5,7,1,664,0,0,5
61,15,9,2,wc_wave_15,0,-1,0,364,0,5,0
61,15,9,2,wc_wave_15,1,-1,0,221,0,5,0
61,15,9,2,wc_wave_15,2,-1,0,457,0,5,0
61,15,9,2,wc_wave_15,3,-1,0,262,0,5,0
61,15,9,2,wc_wave_15,4,-1,0,366,0,4,0
61,15,9,2,wc_wave_15,5,-1,0,324,0,5,0
61,15,9,2,wc_wave_15,6,-1,0,222,0,5,0
61,15,9,2,wc_wave_15,7,-1,0,346,0,6,0
61,16,10,0,,0,4,0,633,0,4,0
61,16,10,0,,1,2,0,587,0,4,0
61,16,10,0,,3,7,0,601,0,5,0
61,16,10,0,,5,6,0,486,0,3,0
61,17,11,0,,0,5,0,800,1,3,1
61,17,11,0,,1,6,0,415,0,3,0
61,17,11,0,,2,3,1,800,1,2,4
61,17,11,0,,4,7,1,800,1,1,2
61,18,12,0,,0,7,0,800,1,4,1
61,18,12,0,,1,3,0,642,0,3,0
61,18,12,0,,2,6,0,709,0,3,0
61,19,13,0,,0,3,1,800,1,1,3
61,19,13,0,,1,6,0,427,0,5,0
61,19,13,0,,2,7,0,800,1,4,1
61,20,13,2,wc_wave_20,0,-1,0,662,0,2,0
61,20,13,2,wc_wave_20,1,-1,0,294,0,4,0
61,20,13,2,wc_wave_20,2,-1,0,437,0,3,0
61,20,13,2,wc_wave_20,3,-1,0,480,0,3,0
61,20,13,2,wc_wave_20,7,-1,1,625,0,0,1
61,21,14,1,,1,0,0,606,0,5,0
61,21,14,0,,0,7,0,800,1,3,3
61,21,14,0,,2,3,0,800,1,4,1
61,22,15,0,,0,2,1,800,1,2,2
61,22,15,0,,1,3,0,551,0,4,0
61,23,16,0,,0,3,1,786,0,0,4
61,23,16,0,,1,2,0,562,0,3,0
61,24,17,1,,3,1,1,682,0,0,3
61,24,17,0,,0,1,1,647,0,0,4
61,25,17,2,wc_wave_25,0,-1,0,714,0,4,0
61,25,17,2,wc_wave_25,1,-1,0,349,0,5,0
61,25,17,2,wc_wave_25,3,-1,0,530,0,4,0
61,26,18,1,,0,3,1,800,1,3,4
61,26,18,0,,1,3,0,641,0,3,0
61,27,19,1,,1,0,0,751,0,3,0
61,27,19,0,,0,3,1,800,1,3,3
61,28,20,0,,1,3,0,744,0,2,0
61,29,21,0,,1,3,0,641,0,3,0
62,1,0,2,wc_wave_01,0,-1,0,82,0,4,0
62,1,0,2,wc_wave_01,1,-1,0,34,0,4,0
62,1,0,2,wc_wave_01,2,-1,0,73,0,4,0
62,1,0,2,wc_wave_01,3,-1,0,112,0,3,0
62,1,0,2,wc_wave_01,4,-1,0,65,0,4,0
62,1,0,2,wc_wave_01,5,-1,0,64,0,4,0
62,1,0,2,wc_wave_01,6,-1,0,34,0,4,0
62,1,0,2,wc_wave_01,7,-1,0,85,0,4,0
62,2,0,2,wc_wave_02,0,-1,0,117,0,4,0
62,2,0,2,wc_wave_02,1,-1,0,81,0,4,0
62,2,0,2,wc_wave_02,2,-1,0,119,0,4,0
62,2,0,2,wc_wave_02,3,-1,0,128,0,4,0
62,2,0,2,wc_wave_02,4,-1,0,105,0,4,0
62,2,0,2,wc_wave_02,5,-1,0,73,0,4,0
62,2,0,2,wc_wave_02,6,-1,0,99,0,4,0
62,2,0,2,wc_wave_02,7,-1,0,121,0,4,0
62,3,0,2,wc_wave_03,0,-1,0,105,0,5,0
62,3,0,2,wc_wave_03,1,-1,0,95,0,5,0
62,3,0,2,wc_wave_03,2,-1,0,173,0,5,0
62,3,0,2,wc_wave_03,3,-1,0,182,0,5,0
62,3,0,2,wc_wave_03,4,-1,0,105,0,5,0
62,3,0,2,wc_wave_03,5,-1,0,132,0,5,0
62,3,0,2,wc_wave_03,6,-1,0,99,0,5,0
62,3,0,2,wc_wave_03,7,-1,0,161,0,5,0
62,4,1,0,,0,2,0,800,1,3,1
62,4,1,0,,1,5,0,432,0,4,0
62,4,1,0,,3,7,0,800,1,3,3
62,4,1,0,,4,6,0,711,0,2,0
62,5,1,2,wc_wave_05,0,-1,0,190,0,5,0
62,5,1,2,wc_wave_05,1,-1,0,149,0,5,0
62,5,1,2,wc_wave_05,2,-1,0,291,0,5,0
62,5,1,2,wc_wave_05,3,-1,0,255,0,5,0
62,5,1,2,wc_wave_05,4,-1,0,133,0,5,0
62,5,1,2,wc_wave_05,5,-1,0,256,0,5,0
62,5,1,2,wc_wave_05,6,-1,0,176,0,5,0
62,5,1,2,wc_wave_05,7,-1,0,221,0,5,0
62,6,2,0,,0,7,0,550,0,5,0
62,6,2,0,,1,3,1,727,0,0,2
62,6,2,0,,2,6,1,688,0,0,2
62,6,2,0,,4,5,0,584,0,3,0
62,7,3,0,,0,6,1,779,0,0,2
62,7,3,0,,1,2,0,800,1,1,1
62,7,3,0,,3,4,0,800,1,1,1
62,7,3,0,,5,7,0,748,0,3,0
62,8,4,0,,0,1,1,800,1,2,2
62,8,4,0,,2,5,0,800,1,4,1
62,8,4,0,,3,6,1,632,0,0,4
62,8,4,0,,4,7,0,649,0,4,0
62,9,5,0,,0,4,0,800,1,2,1
62,9,5,0,,1,7,0,723,0,3,0
62,9,5,0,,2,3,0,800,1,3,3
62,9,5,0,,5,6,1,609,0,0,3
62,10,5,2,wc_wave_10,0,-1,0,336,0,5,0
62,10,5,2,wc_wave_10,1,-1,0,202,0,6,0
62,10,5,2,wc_wave_10,2,-1,0,357,0,6,0
62,10,5,2,wc_wave_10,3,-1,0,264,0,6,0
62,10,5,2,wc_wave_10,4,-1,0,208,0,6,0
62,10,5,2,wc_wave_10,5,-1,0,318,0,5,0
62,10,5,2,wc_wave_10,6,-1,0,207,0,6,0
62,10,5,2,wc_wave_10,7,-1,0,274,0,6,0
62,11,6,0,,0,7,1,800,1,3,5
62,11,6,0,,1,6,0,684,0,2,0
62,11,6,0,,2,4,1,800,1,1,2
62,11,6,0,,3,5,0,800,1,3,1
62,12,7,0,,0,5,0,800,1,4,2
62,12,7,0,,1,4,0,775,0,2,0
62,12,7,0,,2,7,1,800,1,1,2
62,12,7,0,,3,6,1,715,0,0,1
62,13,8,0,,0,3,0,800,1,5,1
62,13,8,0,,1,5,0,800,1,2,1
62,13,8,0,,2,4,0,708,0,5,0
62,13,8,0,,6,7,0,611,0,3,0
62,14,9,0,,0,2,1,800,1,1,4
62,14,9,0,,1,4,0,800,1,2,1
62,14,9,0,,3,7,1,800,1,2,1
62,14,9,0,,5,6,1,606,0,0,3
62,15,9,2,wc_wave_15,0,-1,0,341,0,6,0
62,15,9,2,wc_wave_15,1,-1,0,294,0,5,0
62,15,9,2,wc_wave_15,2,-1,0,291,0,5,0
62,15,9,2,wc_wave_15,3,-1,0,389,0,5,0
62,15,9,2,wc_wave_15,4,-1,0,316,0,5,0
62,15,9,2,wc_wave_15,5,-1,0,344,0,4,0
62,15,9,2,wc_wave_15,6,-1,0,263,0,5,0
62,15,9,2,wc_wave_15,7,-1,0,299,0,6,0
62,16,10,0,,0,4,0,800,1,4,2
62,16,10,0,,1,6,1,691,0,0,3
62,16,10,0,,2,7,0,800,1,4,1
62,16,10,0,,3,5,0,800,1,3,3
62,17,11,0,,0,5,0,793,0,5,0
62,17,11,0,,1,2,1,691,0,0,3
62,17,11,0,,3,4,1,800,1,1,4
62,17,11,0,,6,7,1,723,0,0,3
62,18,12,1,,3,1,1,800,1,1,2
62,18,12,0,,0,1,1,800,1,1,2
62,18,12,0,,2,6,0,778,0,3,0
62,18,12,0,,4,7,1,800,1,1,3
62,19,13,1,,6,0,1,800,1,1,3
62,19,13,0,,0,4,0,800,1,3,2
62,19,13,0,,1,7,0,743,0,2,0
62,19,13,0,,2,3,0,761,0,5,0
62,20,13,2,wc_wave_20,0,-1,0,760,0,1,0
62,20,13,2,wc_wave_20,1,-1,0,413,0,2,0
62,20,13,2,wc_wave_20,2,-1,0,469,0,3,0
62,20,13,2,wc_wave_20,3,-1,1,619,0,0,1
62,20,13,2,wc_wave_20,4,-1,0,471,0,4,0
62,20,13,2,wc_wave_20,6,-1,0,442,0,4,0
62,20,13,2,wc_wave_20,7,-1,1,633,0,0,1
62,21,14,1,,7,0,0,800,1,3,2
62,21,14,0,,0,3,0,800,1,3,3
62,21,14,0,,1,2,1,741,0,0,4
62,21,14,0,,4,6,1,750,0,0,4
62,22,15,1,,0,1,1,800,1,1,2
62,22,15,0,,1,6,0,800,1,1,1
62,22,15,0,,2,7,0,692,0,5,0
62,23,16,0,,0,6,0,800,1,3,2
62,23,16,0,,1,2,1,800,1,1,4
62,24,17,0,,0,1,0,800,1,2,1
62,24,17,0,,2,6,0,790,0,4,0
62,25,17,2,wc_wave_25,0,-1,1,729,0,0,3
62,25,17,2,wc_wave_25,1,-1,1,670,0,0,2
62,25,17,2,wc_wave_25,2,-1,0,723,0,2,0
62,25,17,2,wc_wave_25,6,-1,0,765,0,1,0
62,26,18,0,,0,2,1,800,1,1,6
62,26,18,0,,1,6,1,673,0,0,2
62,27,19,0,,0,6,1,792,0,0,3
62,27,19,0,,1,2,1,782,0,0,4
62,28,20,0,,2,6,0,800,1,3,2
63,1,0,2,wc_wave_01,0,-1,0,58,0,4,0
63,1,0,2,wc_wave_01,1,-1,0,82,0,4,0
63,1,0,2,wc_wave_01,2,-1,0,84,0,4,0
63,1,0,2,wc_wave_01,3,-1,0,76,0,4,0
63,1,0,2,wc_wave_01,4,-1,0,34,0,4,0
63,1,0,2,wc_wave_01,5,-1,0,81,0,4,0
63,1,0,2,wc_wave_01,6,-1,0,89,0,4,0
63,1,0,2,wc_wave_01,7,-1,0,91,0,4,0
63,2,0,2,wc_wave_02,0,-1,0,112,0,4,0
63,2,0,2,wc_wave_02,1,-1,0,120,0,4,0
63,2,0,2,wc_wave_02,2,-1,0,137,0,4,0
63,2,0,2,wc_wave_02,3,-1,0,111,0,4,0
63,2,0,2,wc_wave_02,4,-1,0,75,0,4,0
63,2,0,2,wc_wave_02,5,-1,0,127,0,4,0
63,2,0,2,wc_wave_02,6,-1,0,119,0,4,0
63,2,0,2,wc_wave_02,7,-1,0,119,0,4,0
63,3,0,2,wc_wave_03,0,-1,0,152,0,5,0
63,3,0,2,wc_wave_03,1,-1,0,95,0,5,0
63,3,0,2,wc_wave_03,2,-1,0,156,0,5,0
63,3,0,2,wc_wave_03,3,-1,0,117,0,5,0
63,3,0,2,wc_wave_03,4,-1,0,99,0,5,0
63,3,0,2,wc_wave_03,5,-1,0,127,0,5,0
63,3,0,2,wc_wave_03,6,-1,0,142,0,5,0
63,3,0,2,wc_wave_03,7,-1,0,157,0,5,0
63,4,1,0,,0,4,1,703,0,0,3
63,4,1,0,,1,6,1,679,0,0,3
63,4,1,0,,2,5,1,800,1,3,4
63,4,1,0,,3,7,0,592,0,4,0
63,5,1,2,wc_wave_05,0,-1,0,222,0,5,0
63,5,1,2,wc_wave_05,1,-1,0,146,0,5,0
63,5,1,2,wc_wave_05,2,-1,0,327,0,5,0
63,5,1,2,wc_wave_05,3,-1,0,190,0,5,0
63,5,1,2,wc_wave_05,4,-1,0,210,0,5,0
63,5,1,2,wc_wave_05,5,-1,0,178,0,5,0
63,5,1,2,wc_wave_05,6,-1,0,174,0,5,0
63,5,1,2,wc_wave_05,7,-1,0,258,0,5,0
63,6,2,0,,0,2,1,800,1,3,5
63,6,2,0,,1,7,0,800,1,1,1
63,6,2,0,,3,6,1,800,1,1,2
63,6,2,0,,4,5,1,731,0,0,1
63,7,3,0,,0,6,1,800,1,1,4
63,7,3,0,,1,2,1,678,0,0,5
63,7,3,0,,3,5,0,581,0,5,0
63,7,3,0,,4,7,1,575,0,0,3
63,8,4,0,,0,3,1,535,0,0,4
63,8,4,0,,1,5,0,557,0,3,0
63,8,4,0,,2,7,1,800,1,2,3
63,8,4,0,,4,6,1,565,0,0,3
63,9,5,0,,0,5,0,800,1,3,2
63,9,5,0,,1,3,1,466,0,0,3
63,9,5,0,,2,4,0,725,0,5,0
63,9,5,0,,6,7,0,692,0,5,0
63,10,5,2,wc_wave_10,0,-1,0,301,0,6,0
63,10,5,2,wc_wave_10,1,-1,0,186,0,6,0
63,10,5,2,wc_wave_10,2,-1,0,345,0,5,0
63,10,5,2,wc_wave_10,3,-1,0,231,0,6,0
63,10,5,2,wc_wave_10,4,-1,0,235,0,6,0
63,10,5,2,wc_wave_10,5,-1,0,330,0,5,0
63,10,5,2,wc_wave_10,6,-1,0,242,0,6,0
63,10,5,2,wc_wave_10,7,-1,0,245,0,6,0
63,11,6,0,,0,7,1,677,0,0,4
63,11,6,0,,1,4,0,591,0,1,0
63,11,6,0,,2,3,1,800,1,2,3
63,11,6,0,,5,6,0,624,0,4,0
63,12,7,0,,0,1,0,595,0,4,0
63,12,7,0,,2,6,0,562,0,6,0
63,12,7,0,,3,4,0,443,0,5,0
63,12,7,0,,5,7,1,707,0,0,4
63,13,8,0,,0,3,0,800,1,1,1
63,13,8,0,,1,4,1,606,0,0,2
63,13,8,0,,2,5,0,535,0,6,0
63,13,8,0,,6,7,1,800,1,1,2
63,14,9,0,,0,2,1,698,0,0,3
63,14,9,0,,1,5,1,545,0,0,4
63,14,9,0,,3,7,0,800,1,2,1
63,14,9,0,,4,6,1,663,0,0,3
63,15,9,2,wc_wave_15,0,-1,0,331,0,6,0
63,15,9,2,wc_wave_15,1,-1,0,307,0,4,0
63,15,9,2,wc_wave_15,2,-1,0,333,0,6,0
63,15,9,2,wc_wave_15,3,-1,0,304,0,5,0
63,15,9,2,wc_wave_15,4,-1,0,339,0,5,0
63,15,9,2,wc_wave_15,5,-1,0,294,0,6,0
63,15,9,2,wc_wave_15,6,-1,0,261,0,5,0
63,15,9,2,wc_wave_15,7,-1,0,341,0,5,0
63,16,10,0,,0,1,0,475,0,3,0
63,16,10,0,,2,7,0,800,1,3,1
63,16,10,0,,3,6,1,555,0,0,4
63,16,10,0,,4,5,1,774,0,0,2
63,17,11,0,,0,6,1,566,0,0,4
63,17,11,0,,1,7,1,531,0,0,4
63,17,11,0,,2,4,0,800,1,5,1
63,17,11,0,,3,5,0,800,1,3,1
63,18,12,0,,0,5,1,800,1,1,2
63,18,12,0,,1,3,1,474,0,0,5
63,18,12,0,,2,6,0,776,0,3,0
63,18,12,0,,4,7,0,800,1,2,1
63,19,13,1,,7,0,1,800,1,1,2
63,19,13,0,,0,4,0,707,0,2,0
63,19,13,0,,2,3,0,800,1,4,1
63,19,13,0,,5,6,1,566,0,0,5
63,20,13,2,wc_wave_20,0,-1,0,492,0,2,0
63,20,13,2,wc_wave_20,2,-1,0,494,0,5,0
63,20,13,2,wc_wave_20,3,-1,0,538,0,2,0
63,20,13,2,wc_wave_20,5,-1,0,557,0,1,0
63,20,13,2,wc_wave_20,6,-1,0,413,0,3,0
63,20,13,2,wc_wave_20,7,-1,0,472,0,3,0
63,21,14,0,,0,3,1,769,0,0,2
63,21,14,0,,2,6,0,800,1,4,1
63,21,14,0,,5,7,0,800,1,1,2
63,22,15,0,,0,7,0,768,0,1,0
63,22,15,0,,2,5,0,800,1,5,1
63,22,15,0,,3,6,1,626,0,0,3
63,23,16,1,,6,0,0,547,0,4,0
63,23,16,0,,0,2,1,679,0,0,6
63,23,16,0,,3,7,0,800,1,2,1
63,24,17,1,,3,2,1,800,1,1,5
63,24,17,0,,2,6,0,800,1,4,1
63,25,17,2,wc_wave_25,2,-1,0,571,0,5,0
63,25,17,2,wc_wave_25,3,-1,1,474,0,0,4
63,25,17,2,wc_wave_25,6,-1,0,588,0,3,0
63,26,18,1,,2,3,0,800,1,5,1
63,26,18,0,,3,6,1,800,1,1,1
63,27,19,1,,6,2,1,800,1,1,4
63,27,19,0,,2,3,0,800,1,4,1
63,28,20,0,,2,6,0,761,0,4,0
64,1,0,2,wc_wave_01,0,-1,0,82,0,4,0
64,1,0,2,wc_wave_01,1,-1,0,56,0,3,0
64,1,0,2,wc_wave_01,2,-1,0,94,0,4,0
64,1,0,2,wc_wave_01,3,-1,0,34,0,4,0
64,1,0,2,wc_wave_01,4,-1,0,82,0,4,0
64,1,0,2,wc_wave_01,5,-1,0,61,0,3,0
64,1,0,2,wc_wave_01,6,-1,0,84,0,3,0
64,1,0,2,wc_wave_01,7,-1,0,63,0,4,0
64,2,0,2,wc_wave_02,0,-1,0,112,0,4,0
64,2,0,2,wc_wave_02,1,-1,0,81,0,4,0
64,2,0,2,wc_wave_02,2,-1,0,93,0,4,0
64,2,0,2,wc_wave_02,3,-1,0,81,0,4,0
64,2,0,2,wc_wave_02,4,-1,0,123,0,4,0
64,2,0,2,wc_wave_02,5,-1,0,125,0,4,0
64,2,0,2,wc_wave_02,6,-1,0,105,0,4,0
64,2,0,2,wc_wave_02,7,-1,0,58,0,4,0
64,3,0,2,wc_wave_03,0,-1,0,100,0,5,0
64,3,0,2,wc_wave_03,1,-1,0,117,0,5,0
64,3,0,2,wc_wave_03,2,-1,0,153,0,5,0
64,3,0,2,wc_wave_03,3,-1,0,92,0,5,0
64,3,0,2,wc_wave_03,4,-1,0,123,0,5,0
64,3,0,2,wc_wave_03,5,-1,0,137,0,5,0
64,3,0,2,wc_wave_03,6,-1,0,142,0,5,0
64,3,0,2,wc_wave_03,7,-1,0,143,0,5,0
64,4,1,0,,0,1,1,409,0,0,5
64,4,1,0,,2,3,1,404,0,0,4
64,4,1,0,,4,7,0,800,1,2,1
64,4,1,0,,5,6,1,650,0,0,4
64,5,1,2,wc_wave_05,0,-1,0,194,0,5,0
64,5,1,2,wc_wave_05,1,-1,0,187,0,5,0
64,5,1,2,wc_wave_05,2,-1,0,218,0,5,0
64,5,1,2,wc_wave_05,3,-1,0,200,0,5,0
64,5,1,2,wc_wave_05,4,-1,0,178,0,5,0
64,5,1,2,wc_wave_05,5,-1,0,273,0,5,0
64,5,1,2,wc_wave_05,6,-1,0,231,0,5,0
64,5,1,2,wc_wave_05,7,-1,0,178,0,5,0
64,6,2,0,,0,6,1,718,0,0,4
64,6,2,0,,1,7,0,712,0,2,0
64,6,2,0,,2,4,1,553,0,0,5
64,6,2,0,,3,5,0,619,0,4,0
64,7,3,0,,0,3,1,500,0,0,5
64,7,3,0,,1,4,1,734,0,0,1
64,7,3,0,,2,5,0,800,1,4,3
64,7,3,0,,6,7,0,670,0,6,0
64,8,4,0,,0,4,1,548,0,0,4
64,8,4,0,,1,3,1,493,0,0,4
64,8,4,0,,2,6,1,800,1,2,5
64,8,4,0,,5,7,0,800,1,3,2
64,9,5,0,,0,7,0,509,0,4,0
64,9,5,0,,1,2,0,672,0,6,0
64,9,5,0,,3,6,0,701,0,4,0
64,9,5,0,,4,5,0,754,0,4,0
64,10,5,2,wc_wave_10,0,-1,0,249,0,6,0
64,10,5,2,wc_wave_10,1,-1,0,266,0,6,0
64,10,5,2,wc_wave_10,2,-1,0,286,0,6,0
64,10,5,2,wc_wave_10,3,-1,0,220,0,6,0
64,10,5,2,wc_wave_10,4,-1,0,250,0,6,0
64,10,5,2,wc_wave_10,5,-1,0,240,0,6,0
64,10,5,2,wc_wave_10,6,-1,0,252,0,6,0
64,10,5,2,wc_wave_10,7,-1,0,198,0,6,0
64,11,6,0,,0,2,0,800,1,2,2
64,11,6,0,,1,5,0,662,0,3,0
64,11,6,0,,3,7,1,529,0,0,3
64,11,6,0,,4,6,0,800,1,3,2
64,12,7,0,,0,5,1,673,0,0,3
64,12,7,0,,1,6,1,780,0,0,3
64,12,7,0,,2,7,1,581,0,0,4
64,12,7,0,,3,4,0,465,0,4,0
64,13,8,0,,0,4,0,800,1,2,1
64,13,8,0,,1,5,1,580,0,0,5
64,13,8,0,,2,3,1,724,0,0,4
64,13,8,0,,6,7,1,668,0,0,3
64,14,9,0,,0,1,0,616,0,3,0
64,14,9,0,,2,5,1,800,1,1,4
64,14,9,0,,3,6,0,751,0,2,0
64,14,9,0,,4,7,1,436,0,0,5
64,15,9,2,wc_wave_15,0,-1,0,294,0,4,0
64,15,9,2,wc_wave_15,1,-1,0,263,0,5,0
64,15,9,2,wc_wave_15,2,-1,0,601,0,5,0
64,15,9,2,wc_wave_15,3,-1,0,254,0,5,0
64,15,9,2,wc_wave_15,4,-1,0,333,0,5,0
64,15,9,2,wc_wave_15,5,-1,0,340,0,5,0
64,15,9,2,wc_wave_15,6,-1,0,312,0,5,0
64,15,9,2,wc_wave_15,7,-1,0,256,0,5,0
64,16,10,0,,0,7,1,493,0,0,4
64,16,10,0,,1,2,0,572,0,5,0
64,16,10,0,,3,5,1,552,0,0,3
64,16,10,0,,4,6,1,800,1,1,2
64,17,11,1,,3,1,0,517,0,3,0
64,17,11,0,,0,6,0,753,0,3,0
64,17,11,0,,1,4,0,544,0,3,0
64,17,11,0,,5,7,1,657,0,0,3
64,18,12,1,,5,4,0,490,0,5,0
64,18,12,0,,0,7,1,800,1,1,1
64,18,12,0,,1,6,0,531,0,4,0
64,18,12,0,,3,4,0,421,0,4,0
64,19,13,1,,6,5,1,800,1,1,2
64,19,13,0,,0,5,1,695,0,0,4
64,19,13,0,,1,4,0,379,0,5,0
64,19,13,0,,3,7,0,583,0,2,0
64,20,13,2,wc_wave_20,0,-1,0,519,0,2,0
64,20,13,2,wc_wave_20,1,-1,0,417,0,3,0
64,20,13,2,wc_wave_20,3,-1,0,366,0,3,0
64,20,13,2,wc_wave_20,4,-1,1,485,0,0,1
64,20,13,2,wc_wave_20,5,-1,1,729,0,0,1
64,20,13,2,wc_wave_20,6,-1,0,527,0,3,0
64,20,13,2,wc_wave_20,7,-1,0,405,0,4,0
64,21,14,1,,4,3,1,421,0,0,4
64,21,14,0,,0,6,1,726,0,0,2
64,21,14,0,,1,7,0,540,0,3,0
64,21,14,0,,3,5,0,512,0,3,0
64,22,15,1,,1,6,0,800,1,2,1
64,22,15,0,,3,7,0,512,0,3,0
64,22,15,0,,5,6,1,800,1,2,2
64,23,16,1,,7,5,0,727,0,3,0
64,23,16,0,,1,5,0,620,0,3,0
64,23,16,0,,3,6,0,613,0,4,0
64,24,17,0,,1,3,1,583,0,0,2
64,24,17,0,,6,7,0,795,0,3,0
64,25,17,2,wc_wave_25,1,-1,1,502,0,0,4
64,25,17,2,wc_wave_25,3,-1,0,350,0,4,0
64,25,17,2,wc_wave_25,6,-1,1,766,0,0,2
64,26,18,1,,6,3,1,650,0,0,2
64,26,18,0,,1,3,1,554,0,0,3
64,27,19,0,,1,3,1,492,0,0,4
65,1,0,2,wc_wave_01,0,-1,0,82,0,4,0
65,1,0,2,wc_wave_01,1,-1,0,97,0,4,0
65,1,0,2,wc_wave_01,2,-1,0,68,0,4,0
65,1,0,2,wc_wave_01,3,-1,0,76,0,4,0
65,1,0,2,wc_wave_01,4,-1,0,63,0,4,0
65,1,0,2,wc_wave_01,5,-1,0,61,0,4,0
65,1,0,2,wc_wave_01,6,-1,0,82,0,4,0
65,1,0,2,wc_wave_01,7,-1,0,105,0,4,0
65,2,0,2,wc_wave_02,0,-1,0,119,0,4,0
65,2,0,2,wc_wave_02,1,-1,0,81,0,4,0
65,2,0,2,wc_wave_02,2,-1,0,99,0,4,0
65,2,0,2,wc_wave_02,3,-1,0,110,0,4,0
65,2,0,2,wc_wave_02,4,-1,0,111,0,4,0
65,2,0,2,wc_wave_02,5,-1,0,99,0,4,0
65,2,0,2,wc_wave_02,6,-1,0,145,0,4,0
65,2,0,2,wc_wave_02,7,-1,0,151,0,4,0
65,3,0,2,wc_wave_03,0,-1,0,128,0,5,0
65,3,0,2,wc_wave_03,1,-1,0,101,0,5,0
65,3,0,2,wc_wave_03,2,-1,0,97,0,5,0
65,3,0,2,wc_wave_03,3,-1,0,113,0,5,0
65,3,0,2,wc_wave_03,4,-1,0,117,0,5,0
65,3,0,2,wc_wave_03,5,-1,0,137,0,5,0
65,3,0,2,wc_wave_03,6,-1,0,117,0,5,0
65,3,0,2,wc_wave_03,7,-1,0,133,0,5,0
65,4,1,0,,0,1,0,590,0,4,0
65,4,1,0,,2,5,1,647,0,0,3
65,4,1,0,,3,6,1,559,0,0,4
65,4,1,0,,4,7,0,658,0,3,0
65,5,1,2,wc_wave_05,0,-1,0,227,0,5,0
65,5,1,2,wc_wave_05,1,-1,0,169,0,5,0
65,5,1,2,wc_wave_05,2,-1,0,277,0,5,0
65,5,1,2,wc_wave_05,3,-1,0,173,0,5,0
65,5,1,2,wc_wave_05,4,-1,0,212,0,5,0
65,5,1,2,wc_wave_05,5,-1,0,215,0,5,0
65,5,1,2,wc_wave_05,6,-1,0,167,0,5,0
65,5,1,2,wc_wave_05,7,-1,0,178,0,5,0
65,6,2,0,,0,5,0,445,0,5,0
65,6,2,0,,1,2,1,800,1,2,2
65,6,2,0,,3,7,1,508,0,0,4
65,6,2,0,,4,6,1,698,0,0,5
65,7,3,0,,0,7,0,481,0,6,0
65,7,3,0,,1,3,0,603,0,3,0
65,7,3,0,,2,4,1,800,1,2,3
65,7,3,0,,5,6,1,800,1,2,5
65,8,4,0,,0,4,0,566,0,4,0
65,8,4,0,,1,6,0,790,0,4,0
65,8,4,0,,2,7,1,800,1,1,3
65,8,4,0,,3,5,1,588,0,0,5
65,9,5,0,,0,6,0,587,0,5,0
65,9,5,0,,1,7,1,665,0,0,4
65,9,5,0,,2,3,0,800,1,4,1
65,9,5,0,,4,5,1,577,0,0,3
65,10,5,2,wc_wave_10,0,-1,0,232,0,6,0
65,10,5,2,wc_wave_10,1,-1,0,232,0,6,0
65,10,5,2,wc_wave_10,2,-1,0,349,0,6,0
65,10,5,2,wc_wave_10,3,-1,0,251,0,6,0
65,10,5,2,wc_wave_10,4,-1,0,251,0,6,0
65,10,5,2,wc_wave_10,5,-1,0,264,0,6,0
65,10,5,2,wc_wave_10,6,-1,0,330,0,6,0
65,10,5,2,wc_wave_10,7,-1,0,203,0,6,0
65,11,6,0,,0,3,0,755,0,4,0
65,11,6,0,,1,4,0,506,0,4,0
65,11,6,0,,2,6,0,800,1,3,2
65,11,6,0,,5,7,1,666,0,0,4
65,12,7,0,,0,2,0,671,0,5,0
65,12,7,0,,1,5,0,546,0,4,0
65,12,7,0,,3,4,0,392,0,4,0
65,12,7,0,,6,7,1,700,0,0,5
65,13,8,0,,0,6,0,711,0,5,0
65,13,8,0,,1,3,0,782,0,2,0
65,13,8,0,,2,4,1,689,0,0,5
65,13,8,0,,5,7,1,617,0,0,4
65,14,9,0,,0,4,0,596,0,4,0
65,14,9,0,,1,7,1,800,1,1,1
65,14,9,0,,2,3,1,552,0,0,4
65,14,9,0,,5,6,0,739,0,4,0
65,15,9,2,wc_wave_15,0,-1,0,316,0,5,0
65,15,9,2,wc_wave_15,1,-1,0,207,0,6,0
65,15,9,2,wc_wave_15,2,-1,0,526,0,4,0
65,15,9,2,wc_wave_15,3,-1,0,264,0,5,0
65,15,9,2,wc_wave_15,4,-1,0,354,0,4,0
65,15,9,2,wc_wave_15,5,-1,0,290,0,5,0
65,15,9,2,wc_wave_15,6,-1,0,362,0,4,0
65,15,9,2,wc_wave_15,7,-1,0,281,0,5,0
65,16,10,0,,0,5,0,747,0,2,0
65,16,10,0,,1,2,0,457,0,5,0
65,16,10,0,,3,7,1,759,0,0,3
65,16,10,0,,4,6,0,800,1,3,1
65,17,11,0,,0,3,1,667,0,0,3
65,17,11,0,,1,6,0,555,0,3,0
65,17,11,0,,2,7,1,757,0,0,5
65,17,11,0,,4,5,1,421,0,0,6
65,18,12,0,,0,7,1,771,0,0,4
65,18,12,0,,1,4,0,306,0,5,0
65,18,12,0,,2,6,1,800,1,3,3
65,18,12,0,,3,5,1,623,0,0,4
65,19,13,1,,7,4,0,594,0,4,0
65,19,13,0,,0,4,0,541,0,4,0
65,19,13,0,,1,5,0,550,0,3,0
65,19,13,0,,3,6,0,567,0,4,0
65,20,13,2,wc_wave_20,0,-1,0,521,0,3,0
65,20,13,2,wc_wave_20,1,-1,0,273,0,5,0
65,20,13,2,wc_wave_20,3,-1,0,413,0,3,0
65,20,13,2,wc_wave_20,5,-1,0,628,0,1,0
65,20,13,2,wc_wave_20,7,-1,0,800,1,1,1
65,21,14,1,,5,0,1,800,1,1,2
65,21,14,0,,0,1,1,542,0,0,4
65,21,14,0,,3,7,0,610,0,4,0
65,22,15,1,,3,1,1,800,1,1,1
65,22,15,0,,0,7,0,800,1,3,2
65,22,15,0,,1,5,0,669,0,1,0
65,23,16,1,,0,1,1,552,0,0,3
65,23,16,0,,1,7,0,711,0,3,0
65,24,17,1,,1,0,0,435,0,5,0
65,24,17,0,,0,7,0,800,1,3,1
65,25,17,2,wc_wave_25,0,-1,0,633,0,2,0
65,25,17,2,wc_wave_25,1,-1,0,409,0,4,0
65,25,17,2,wc_wave_25,7,-1,0,636,0,2,0
65,26,18,1,,7,1,1,800,1,1,2
65,26,18,0,,0,1,1,552,0,0,4
65,27,19,1,,0,7,0,800,1,3,1
65,27,19,0,,1,7,0,800,1,1,1
65,28,20,0,,0,1,1,504,0,0,3
65,29,21,0,,0,1,1,552,0,0,3
66,1,0,2,wc_wave_01,0,-1,0,35,0,4,0
66,1,0,2,wc_wave_01,1,-1,0,58,0,4,0
66,1,0,2,wc_wave_01,2,-1,0,85,0,4,0
66,1,0,2,wc_wave_01,3,-1,0,56,0,4,0
66,1,0,2,wc_wave_01,4,-1,0,76,0,4,0
66,1,0,2,wc_wave_01,5,-1,0,58,0,4,0
66,1,0,2,wc_wave_01,6,-1,0,63,0,4,0
66,1,0,2,wc_wave_01,7,-1,0,56,0,4,0
66,2,0,2,wc_wave_02,0,-1,0,76,0,4,0
66,2,0,2,wc_wave_02,1,-1,0,73,0,4,0
66,2,0,2,wc_wave_02,2,-1,0,154,0,4,0
66,2,0,2,wc_wave_02,3,-1,0,81,0,4,0
66,2,0,2,wc_wave_02,4,-1,0,119,0,4,0
66,2,0,2,wc_wave_02,5,-1,0,107,0,4,0
66,2,0,2,wc_wave_02,6,-1,0,101,0,4,0
66,2,0,2,wc_wave_02,7,-1,0,108,0,4,0
66,3,0,2,wc_wave_03,0,-1,0,99,0,5,0
66,3,0,2,wc_wave_03,1,-1,0,76,0,5,0
66,3,0,2,wc_wave_03,2,-1,0,174,0,5,0
66,3,0,2,wc_wave_03,3,-1,0,105,0,5,0
66,3,0,2,wc_wave_03,4,-1,0,136,0,5,0
66,3,0,2,wc_wave_03,5,-1,0,98,0,5,0
66,3,0,2,wc_wave_03,6,-1,0,105,0,5,0
66,3,0,2,wc_wave_03,7,-1,0,105,0,5,0
66,4,1,0,,0,2,0,601,0,5,0
66,4,1,0,,1,5,1,720,0,0,2
66,4,1,0,,3,6,0,283,0,4,0
66,4,1,0,,4,7,0,800,1,3,2
66,5,1,2,wc_wave_05,0,-1,0,221,0,5,0
66,5,1,2,wc_wave_05,1,-1,0,125,0,5,0
66,5,1,2,wc_wave_05,2,-1,0,243,0,5,0
66,5,1,2,wc_wave_05,3,-1,0,113,0,5,0
66,5,1,2,wc_wave_05,4,-1,0,207,0,5,0
66,5,1,2,wc_wave_05,5,-1,0,196,0,5,0
66,5,1,2,wc_wave_05,6,-1,0,192,0,5,0
66,5,1,2,wc_wave_05,7,-1,0,207,0,5,0
66,6,2,0,,0,1,0,522,0,3,0
66,6,2,0,,2,4,1,800,1,4,4
66,6,2,0,,3,5,1,505,0,0,2
66,6,2,0,,6,7,1,725,0,0,2
66,7,3,0,,0,3,0,535,0,3,0
66,7,3,0,,1,7,1,409,0,0,4
66,7,3,0,,2,5,1,800,1,1,5
66,7,3,0,,4,6,0,716,0,3,0
66,8,4,0,,0,4,1,747,0,0,5
66,8,4,0,,1,6,1,604,0,0,3
66,8,4,0,,2,3,0,574,0,5,0
66,8,4,0,,5,7,0,465,0,5,0
66,9,5,0,,0,7,0,638,0,3,0
66,9,5,0,,1,3,1,466,0,0,3
66,9,5,0,,2,6,0,800,1,4,1
66,9,5,0,,4,5,1,537,0,0,5
66,10,5,2,wc_wave_10,0,-1,0,216,0,6,0
66,10,5,2,wc_wave_10,1,-1,0,262,0,5,0
66,10,5,2,wc_wave_10,2,-1,0,322,0,6,0
66,10,5,2,wc_wave_10,3,-1,0,212,0,6,0
66,10,5,2,wc_wave_10,4,-1,0,217,0,5,0
66,10,5,2,wc_wave_10,5,-1,0,176,0,6,0
66,10,5,2,wc_wave_10,6,-1,0,286,0,5,0
66,10,5,2,wc_wave_10,7,-1,0,230,0,6,0
66,11,6,0,,0,4,1,800,1,1,2
66,11,6,0,,1,2,1,697,0,0,3
66,11,6,0,,3,7,1,464,0,0,4
66,11,6,0,,5,6,0,400,0,6,0
66,12,7,0,,0,5,1,553,0,0,3
66,12,7,0,,1,4,1,535,0,0,5
66,12,7,0,,2,7,0,800,1,4,1
66,12,7,0,,3,6,0,572,0,3,0
66,13,8,0,,0,6,0,518,0,5,0
66,13,8,0,,1,7,1,552,0,0,4
66,13,8,0,,2,5,1,473,0,0,4
66,13,8,0,,3,4,0,610,0,3,0
66,14,9,0,,0,5,1,497,0,0,4
66,14,9,0,,1,4,1,582,0,0,4
66,14,9,0,,2,6,0,785,0,2,0
66,14,9,0,,3,7,1,600,0,0,3
66,15,9,2,wc_wave_15,0,-1,0,294,0,5,0
66,15,9,2,wc_wave_15,1,-1,0,299,0,4,0
66,15,9,2,wc_wave_15,2,-1,0,400,0,6,0
66,15,9,2,wc_wave_15,3,-1,0,294,0,5,0
66,15,9,2,wc_wave_15,4,-1,0,389,0,4,0
66,15,9,2,wc_wave_15,5,-1,0,218,0,6,0
66,15,9,2,wc_wave_15,6,-1,0,427,0,4,0
66,15,9,2,wc_wave_15,7,-1,0,284,0,5,0
66,16,10,0,,0,1,0,461,0,4,0
66,16,10,0,,2,3,1,786,0,0,3
66,16,10,0,,4,7,1,800,1,3,3
66,16,10,0,,5,6,0,432,0,5,0
66,17,11,0,,0,2,0,646,0,5,0
66,17,11,0,,3,4,0,800,1,2,1
66,17,11,0,,5,7,0,506,0,5,0
66,18,12,0,,0,3,1,800,1,1,2
66,18,12,0,,2,7,1,800,1,1,1
66,18,12,0,,4,5,1,691,0,0,4
66,19,13,0,,0,7,1,800,1,1,2
66,19,13,0,,2,4,0,800,1,4,3
66,19,13,0,,3,5,1,452,0,0,5
66,20,13,2,wc_wave_20,0,-1,0,512,0,2,0
66,20,13,2,wc_wave_20,2,-1,1,723,0,0,2
66,20,13,2,wc_wave_20,3,-1,0,514,0,2,0
66,20,13,2,wc_wave_20,4,-1,0,790,0,3,0
66,20,13,2,wc_wave_20,5,-1,0,382,0,4,0
66,20,13,2,wc_wave_20,7,-1,1,600,0,0,1
66,21,14,0,,0,2,1,767,0,0,5
66,21,14,0,,3,4,0,567,0,5,0
66,21,14,0,,5,7,0,506,0,5,0
66,22,15,0,,0,3,1,698,0,0,4
66,22,15,0,,2,5,1,648,0,0,4
66,22,15,0,,4,7,0,800,1,3,2
66,23,16,0,,3,7,0,562,0,3,0
66,23,16,0,,4,5,1,638,0,0,5
66,24,17,0,,3,5,1,435,0,0,4
66,25,17,2,wc_wave_25,3,-1,0,430,0,3,0
66,25,17,2,wc_wave_25,5,-1,0,351,0,5,0
66,26,18,0,,3,5,1,556,0,0,2
66,27,19,0,,3,5,1,482,0,0,3
67,1,0,2,wc_wave_01,0,-1,0,82,0,4,0
67,1,0,2,wc_wave_01,1,-1,0,56,0,3,0
67,1,0,2,wc_wave_01,2,-1,0,101,0,4,0
67,1,0,2,wc_wave_01,3,-1,0,76,0,4,0
67,1,0,2,wc_wave_01,4,-1,0,95,0,4,0
67,1,0,2,wc_wave_01,5,-1,0,34,0,4,0
67,1,0,2,wc_wave_01,6,-1,0,74,0,4,0
67,1,0,2,wc_wave_01,7,-1,0,82,0,4,0
67,2,0,2,wc_wave_02,0,-1,0,105,0,4,0
67,2,0,2,wc_wave_02,1,-1,0,85,0,4,0
67,2,0,2,wc_wave_02,2,-1,0,112,0,4,0
67,2,0,2,wc_wave_02,3,-1,0,105,0,4,0
67,2,0,2,wc_wave_02,4,-1,0,73,0,4,0
67,2,0,2,wc_wave_02,5,-1,0,81,0,4,0
67,2,0,2,wc_wave_02,6,-1,0,95,0,4,0
67,2,0,2,wc_wave_02,7,-1,0,98,0,4,0
67,3,0,2,wc_wave_03,0,-1,0,125,0,5,0
67,3,0,2,wc_wave_03,1,-1,0,105,0,5,0
67,3,0,2,wc_wave_03,2,-1,0,86,0,5,0
67,3,0,2,wc_wave_03,3,-1,0,100,0,5,0
67,3,0,2,wc_wave_03,4,-1,0,100,0,5,0
67,3,0,2,wc_wave_03,5,-1,0,105,0,5,0
67,3,0,2,wc_wave_03,6,-1,0,95,0,5,0
67,3,0,2,wc_wave_03,7,-1,0,156,0,5,0
67,4,1,0,,0,2,1,800,1,1,2
67,4,1,0,,1,4,1,799,0,0,1
67,4,1,0,,3,5,0,436,0,4,0
67,4,1,0,,6,7,1,475,0,0,4
67,5,1,2,wc_wave_05,0,-1,0,200,0,5,0
67,5,1,2,wc_wave_05,1,-1,0,141,0,5,0
67,5,1,2,wc_wave_05,2,-1,0,135,0,5,0
67,5,1,2,wc_wave_05,3,-1,0,163,0,5,0
67,5,1,2,wc_wave_05,4,-1,0,206,0,5,0
67,5,1,2,wc_wave_05,5,-1,0,200,0,5,0
67,5,1,2,wc_wave_05,6,-1,0,173,0,5,0
67,5,1,2,wc_wave_05,7,-1,0,222,0,5,0
67,6,2,0,,0,6,1,716,0,0,3
67,6,2,0,,1,2,0,784,0,2,0
67,6,2,0,,3,7,1,800,1,1,2
67,6,2,0,,4,5,0,595,0,4,0
67,7,3,0,,0,4,0,587,0,3,0
67,7,3,0,,1,3,0,454,0,4,0
67,7,3,0,,2,6,1,800,1,2,5
67,7,3,0,,5,7,1,528,0,0,6
67,8,4,0,,0,7,1,800,1,1,2
67,8,4,0,,1,6,1,610,0,0,2
67,8,4,0,,2,5,0,800,1,3,1
67,8,4,0,,3,4,0,400,0,5,0
67,9,5,0,,0,3,0,768,0,1,0
67,9,5,0,,1,5,0,432,0,3,0
67,9,5,0,,2,7,1,800,1,2,4
67,9,5,0,,4,6,1,492,0,0,4
67,10,5,2,wc_wave_10,0,-1,0,212,0,6,0
67,10,5,2,wc_wave_10,1,-1,0,170,0,6,0
67,10,5,2,wc_wave_10,2,-1,0,475,0,6,0
67,10,5,2,wc_wave_10,3,-1,0,243,0,6,0
67,10,5,2,wc_wave_10,4,-1,0,233,0,5,0
67,10,5,2,wc_wave_10,5,-1,0,308,0,5,0
67,10,5,2,wc_wave_10,6,-1,0,221,0,6,0
67,10,5,2,wc_wave_10,7,-1,0,222,0,6,0
67,11,6,0,,0,1,1,625,0,0,1
67,11,6,0,,2,3,1,800,1,1,2
67,11,6,0,,4,7,1,551,0,0,5
67,11,6,0,,5,6,1,629,0,0,4
67,12,7,0,,0,5,0,630,0,3,0
67,12,7,0,,1,7,1,532,0,0,5
67,12,7,0,,2,4,0,711,0,4,0
67,12,7,0,,3,6,1,490,0,0,5
67,13,8,0,,0,4,0,560,0,4,0
67,13,8,0,,1,3,0,448,0,3,0
67,13,8,0,,2,5,0,723,0,5,0
67,13,8,0,,6,7,1,736,0,0,3
67,14,9,0,,0,6,1,767,0,0,2
67,14,9,0,,1,5,0,550,0,3,0
67,14,9,0,,2,4,0,514,0,6,0
67,14,9,0,,3,7,1,539,0,0,4
67,15,9,2,wc_wave_15,0,-1,0,299,0,5,0
67,15,9,2,wc_wave_15,1,-1,0,282,0,5,0
67,15,9,2,wc_wave_15,2,-1,0,340,0,6,0
67,15,9,2,wc_wave_15,3,-1,0,342,0,4,0
67,15,9,2,wc_wave_15,4,-1,0,416,0,3,0
67,15,9,2,wc_wave_15,5,-1,0,354,0,5,0
67,15,9,2,wc_wave_15,6,-1,0,327,0,5,0
67,15,9,2,wc_wave_15,7,-1,0,308,0,5,0
67,16,10,0,,0,2,0,546,0,5,0
67,16,10,0,,1,7,1,432,0,0,5
67,16,10,0,,3,5,1,667,0,0,2
67,16,10,0,,4,6,1,469,0,0,5
67,17,11,1,,0,1,0,598,0,3,0
67,17,11,0,,1,6,1,628,0,0,2
67,17,11,0,,2,3,0,613,0,3,0
67,17,11,0,,5,7,1,540,0,0,4
67,18,12,0,,0,7,1,753,0,0,5
67,18,12,0,,1,2,0,495,0,4,0
67,18,12,0,,3,6,1,626,0,0,3
67,19,13,0,,0,3,0,522,0,5,0
67,19,13,0,,1,7,0,719,0,3,0
67,19,13,0,,2,6,1,700,0,0,4
67,20,13,2,wc_wave_20,0,-1,0,456,0,3,0
67,20,13,2,wc_wave_20,1,-1,0,344,0,4,0
67,20,13,2,wc_wave_20,2,-1,1,577,0,0,2
67,20,13,2,wc_wave_20,6,-1,0,469,0,3,0
67,20,13,2,wc_wave_20,7,-1,0,502,0,2,0
67,21,14,1,,7,2,0,800,1,4,1
67,21,14,0,,0,6,0,739,0,3,0
67,21,14,0,,1,2,0,562,0,4,0
67,22,15,0,,0,1,0,422,0,4,0
67,22,15,0,,6,7,1,800,1,2,2
67,23,16,0,,0,7,0,734,0,3,0
67,23,16,0,,1,6,1,647,0,0,1
67,24,17,0,,0,6,0,607,0,3,0
67,24,17,0,,1,7,1,496,0,0,5
67,25,17,2,wc_wave_25,0,-1,0,416,0,5,0
67,25,17,2,wc_wave_25,1,-1,0,659,0,1,0
67,25,17,2,wc_wave_25,6,-1,0,475,0,4,0
67,25,17,2,wc_wave_25,7,-1,0,610,0,3,0
67,26,18,0,,0,7,0,800,1,2,1
67,26,18,0,,1,6,1,531,0,0,2
67,27,19,1,,6,7,0,800,1,3,1
67,27,19,0,,0,7,0,790,0,4,0
67,28,20,1,,0,6,0,756,0,2,0
67,28,20,0,,6,7,1,706,0,0,3
67,29,21,1,,6,7,1,725,0,0,3
67,29,21,0,,0,7,0,770,0,4,0
67,30,21,2,wc_wave_30,0,-1,1,736,0,0,1
67,30,21,2,wc_wave_30,6,-1,1,512,0,0,3
67,30,21,2,wc_wave_30,7,-1,1,539,0,0,3
67,31,22,1,,7,6,0,800,1,2,1
67,31,22,0,,0,6,0,735,0,2,0
67,32,23,0,,0,7,0,670,0,5,0
67,33,24,0,,0,7,0,779,0,3,0
68,1,0,2,wc_wave_01,0,-1,0,78,0,4,0
68,1,0,2,wc_wave_01,1,-1,0,82,0,4,0
68,1,0,2,wc_wave_01,2,-1,0,65,0,4,0
68,1,0,2,wc_wave_01,3,-1,0,65,0,3,0
68,1,0,2,wc_wave_01,4,-1,0,82,0,4,0
68,1,0,2,wc_wave_01,5,-1,0,76,0,4,0
68,1,0,2,wc_wave_01,6,-1,0,56,0,4,0
68,1,0,2,wc_wave_01,7,-1,0,35,0,4,0
68,2,0,2,wc_wave_02,0,-1,0,112,0,4,0
68,2,0,2,wc_wave_02,1,-1,0,84,0,4,0
68,2,0,2,wc_wave_02,2,-1,0,105,0,4,0
68,2,0,2,wc_wave_02,3,-1,0,95,0,4,0
68,2,0,2,wc_wave_02,4,-1,0,95,0,4,0
68,2,0,2,wc_wave_02,5,-1,0,98,0,4,0
68,2,0,2,wc_wave_02,6,-1,0,124,0,4,0
68,2,0,2,wc_wave_02,7,-1,0,99,0,4,0
68,3,0,2,wc_wave_03,0,-1,0,117,0,5,0
68,3,0,2,wc_wave_03,1,-1,0,105,0,5,0
68,3,0,2,wc_wave_03,2,-1,0,164,0,5,0
68,3,0,2,wc_wave_03,3,-1,0,89,0,5,0
68,3,0,2,wc_wave_03,4,-1,0,138,0,5,0
68,3,0,2,wc_wave_03,5,-1,0,136,0,5,0
68,3,0,2,wc_wave_03,6,-1,0,117,0,5,0
68,3,0,2,wc_wave_03,7,-1,0,125,0,5,0
68,4,1,0,,0,3,1,484,0,0,3
68,4,1,0,,1,7,0,532,0,5,0
68,4,1,0,,2,5,0,800,1,3,1
68,4,1,0,,4,6,0,800,1,3,1
68,5,1,2,wc_wave_05,0,-1,0,187,0,5,0
68,5,1,2,wc_wave_05,1,-1,0,173,0,5,0
68,5,1,2,wc_wave_05,2,-1,0,227,0,5,0
68,5,1,2,wc_wave_05,3,-1,0,167,0,5,0
68,5,1,2,wc_wave_05,4,-1,0,229,0,5,0
68,5,1,2,wc_wave_05,5,-1,0,214,0,5,0
68,5,1,2,wc_wave_05,6,-1,0,174,0,5,0
68,5,1,2,wc_wave_05,7,-1,0,191,0,5,0
68,6,2,0,,0,1,1,627,0,0,3
68,6,2,0,,2,6,0,764,0,3,0
68,6,2,0,,3,5,1,800,1,1,2
68,6,2,0,,4,7,1,535,0,0,3
68,7,3,0,,0,6,0,566,0,3,0
68,7,3,0,,1,5,0,758,0,4,0
68,7,3,0,,2,7,1,747,0,0,3
68,7,3,0,,3,4,0,618,0,5,0
68,8,4,0,,0,5,1,507,0,0,4
68,8,4,0,,1,6,0,572,0,5,0
68,8,4,0,,2,4,0,733,0,6,0
68,8,4,0,,3,7,0,644,0,2,0
68,9,5,0,,0,2,0,760,0,2,0
68,9,5,0,,1,3,1,800,1,1,3
68,9,5,0,,4,5,1,614,0,0,4
68,9,5,0,,6,7,1,548,0,0,3
68,10,5,2,wc_wave_10,0,-1,0,248,0,6,0
68,10,5,2,wc_wave_10,1,-1,0,323,0,6,0
68,10,5,2,wc_wave_10,2,-1,0,252,0,6,0
68,10,5,2,wc_wave_10,3,-1,0,221,0,6,0
68,10,5,2,wc_wave_10,4,-1,0,564,0,5,0
68,10,5,2,wc_wave_10,5,-1,0,250,0,6,0
68,10,5,2,wc_wave_10,6,-1,0,273,0,6,0
68,10,5,2,wc_wave_10,7,-1,0,230,0,6,0
68,11,6,0,,0,7,0,535,0,4,0
68,11,6,0,,1,4,0,563,0,5,0
68,11,6,0,,2,3,1,641,0,0,3
68,11,6,0,,5,6,0,578,0,4,0
68,12,7,0,,0,4,0,606,0,5,0
68,12,7,0,,1,2,0,698,0,4,0
68,12,7,0,,3,6,0,557,0,3,0
68,12,7,0,,5,7,0,488,0,4,0
68,13,8,0,,0,6,0,636,0,5,0
68,13,8,0,,1,5,0,751,0,3,0
68,13,8,0,,2,3,1,672,0,0,3
68,13,8,0,,4,7,1,456,0,0,5
68,14,9,0,,0,3,1,800,1,1,3
68,14,9,0,,1,4,0,501,0,5,0
68,14,9,0,,2,5,1,634,0,0,4
68,14,9,0,,6,7,1,488,0,0,3
68,15,9,2,wc_wave_15,0,-1,0,281,0,5,0
68,15,9,2,wc_wave_15,1,-1,0,292,0,5,0
68,15,9,2,wc_wave_15,2,-1,0,360,0,6,0
68,15,9,2,wc_wave_15,3,-1,0,308,0,5,0
68,15,9,2,wc_wave_15,5,-1,0,313,0,6,0
68,15,9,2,wc_wave_15,6,-1,0,436,0,3,0
68,15,9,2,wc_wave_15,7,-1,0,234,0,6,0
68,16,10,1,,1,3,0,770,0,2,0
68,16,10,0,,0,5,1,693,0,0,5
68,16,10,0,,2,7,1,623,0,0,2
68,16,10,0,,3,6,0,685,0,3,0
68,17,11,0,,0,2,0,694,0,4,0
68,17,11,0,,1,7,0,541,0,4,0
68,17,11,0,,3,5,0,800,1,1,1
68,18,12,0,,0,3,1,601,0,0,3
68,18,12,0,,1,2,0,706,0,3,0
68,18,12,0,,5,7,0,480,0,4,0
68,19,13,0,,0,1,1,590,0,0,4
68,19,13,0,,2,5,1,667,0,0,4
68,19,13,0,,3,7,0,574,0,2,0
68,20,13,2,wc_wave_20,0,-1,-1,662,0,0,0
68,20,13,2,wc_wave_20,1,-1,0,458,0,3,0
68,20,13,2,wc_wave_20,3,-1,0,394,0,3,0
68,20,13,2,wc_wave_20,5,-1,0,381,0,5,0
68,20,13,2,wc_wave_20,7,-1,0,481,0,2,0
68,21,14,1,,0,7,0,651,0,2,0
68,21,14,0,,1,7,0,582,0,3,0
68,21,14,0,,3,5,1,645,0,0,3
68,22,15,1,,5,7,0,528,0,3,0
68,22,15,0,,0,1,1,570,0,0,4
68,22,15,0,,3,7,0,512,0,4,0
68,23,16,1,,3,1,1,592,0,0,4
68,23,16,0,,1,5,0,800,1,3,2
68,24,17,1,,5,3,0,663,0,2,0
68,24,17,0,,1,3,1,800,1,1,1
68,25,17,2,wc_wave_25,1,-1,0,598,0,2,0
68,25,17,2,wc_wave_25,3,-1,0,418,0,4,0
68,25,17,2,wc_wave_25,5,-1,0,466,0,5,0
68,26,18,1,,3,5,1,691,0,0,3
68,26,18,0,,1,5,0,800,1,4,1
68,27,19,1,,1,3,0,598,0,3,0
68,27,19,0,,3,5,1,636,0,0,4
68,28,20,1,,3,1,1,723,0,0,4
68,28,20,0,,1,5,0,800,1,3,2
68,29,21,1,,5,3,0,625,0,3,0
68,29,21,0,,1,3,0,658,0,3,0
68,30,21,2,wc_wave_30,1,-1,0,707,0,1,0
68,30,21,2,wc_wave_30,5,-1,0,630,0,2,0
68,31,22,0,,1,5,1,798,0,0,2
68,32,23,0,,1,5,1,800,1,2,3
68,33,24,0,,1,5,1,733,0,0,3
68,34,25,0,,1,5,1,800,1,1,2
68,35,25,2,wc_wave_35,1,-1,0,585,0,4,0
68,35,25,2,wc_wave_35,5,-1,0,578,0,5,0
68,36,26,0,,1,5,1,800,1,2,2
68,37,27,0,,1,5,1,800,1,2,2
69,1,0,2,wc_wave_01,0,-1,0,94,0,4,0
69,1,0,2,wc_wave_01,1,-1,0,58,0,4,0
69,1,0,2,wc_wave_01,2,-1,0,105,0,4,0
69,1,0,2,wc_wave_01,3,-1,0,78,0,4,0
69,1,0,2,wc_wave_01,4,-1,0,81,0,4,0
69,1,0,2,wc_wave_01,5,-1,0,102,0,4,0
69,1,0,2,wc_wave_01,6,-1,0,82,0,4,0
69,1,0,2,wc_wave_01,7,-1,0,89,0,4,0
69,2,0,2,wc_wave_02,0,-1,0,76,0,4,0
69,2,0,2,wc_wave_02,1,-1,0,81,0,4,0
69,2,0,2,wc_wave_02,2,-1,0,119,0,4,0
69,2,0,2,wc_wave_02,3,-1,0,98,0,4,0
69,2,0,2,wc_wave_02,4,-1,0,110,0,4,0
69,2,0,2,wc_wave_02,5,-1,0,112,0,4,0
69,2,0,2,wc_wave_02,6,-1,0,105,0,4,0
69,2,0,2,wc_wave_02,7,-1,0,115,0,4,0
69,3,0,2,wc_wave_03,0,-1,0,105,0,5,0
69,3,0,2,wc_wave_03,1,-1,0,111,0,5,0
69,3,0,2,wc_wave_03,2,-1,0,148,0,5,0
69,3,0,2,wc_wave_03,3,-1,0,105,0,5,0
69,3,0,2,wc_wave_03,4,-1,0,129,0,5,0
69,3,0,2,wc_wave_03,5,-1,0,182,0,5,0
69,3,0,2,wc_wave_03,6,-1,0,112,0,5,0
69,3,0,2,wc_wave_03,7,-1,0,125,0,5,0
69,4,1,0,,0,6,1,800,1,1,2
69,4,1,0,,1,2,0,557,0,3,0
69,4,1,0,,3,7,1,518,0,0,3
69,4,1,0,,4,5,0,721,0,4,0
69,5,1,2,wc_wave_05,0,-1,0,218,0,5,0
69,5,1,2,wc_wave_05,1,-1,0,150,0,5,0
69,5,1,2,wc_wave_05,2,-1,0,290,0,5,0
69,5,1,2,wc_wave_05,3,-1,0,142,0,5,0
69,5,1,2,wc_wave_05,4,-1,0,180,0,5,0
69,5,1,2,wc_wave_05,5,-1,0,281,0,5,0
69,5,1,2,wc_wave_05,6,-1,0,219,0,5,0
69,5,1,2,wc_wave_05,7,-1,0,212,0,5,0
69,6,2,0,,0,2,1,789,0,0,2
69,6,2,0,,1,3,0,342,0,4,0
69,6,2,0,,4,7,1,634,0,0,3
69,6,2,0,,5,6,1,462,0,0,4
69,7,3,0,,0,7,1,612,0,0,3
69,7,3,0,,1,4,0,597,0,4,0
69,7,3,0,,2,5,0,462,0,6,0
69,7,3,0,,3,6,1,409,0,0,4
69,8,4,0,,0,5,0,437,0,5,0
69,8,4,0,,1,7,0,535,0,4,0
69,8,4,0,,2,3,0,451,0,5,0
69,8,4,0,,4,6,1,562,0,0,3
69,9,5,0,,0,4,0,487,0,4,0
69,9,5,0,,1,6,0,800,1,1,1
69,9,5,0,,2,7,0,705,0,3,0
69,9,5,0,,3,5,1,534,0,0,2
69,10,5,2,wc_wave_10,0,-1,0,162,0,6,0
69,10,5,2,wc_wave_10,1,-1,0,246,0,6,0
69,10,5,2,wc_wave_10,2,-1,0,259,0,6,0
69,10,5,2,wc_wave_10,3,-1,0,257,0,5,0
69,10,5,2,wc_wave_10,4,-1,0,268,0,6,0
69,10,5,2,wc_wave_10,5,-1,0,308,0,6,0
69,10,5,2,wc_wave_10,6,-1,0,174,0,6,0
69,10,5,2,wc_wave_10,7,-1,0,221,0,6,0
69,11,6,0,,0,3,0,286,0,5,0
69,11,6,0,,1,5,0,564,0,5,0
69,11,6,0,,2,4,0,572,0,5,0
69,11,6,0,,6,7,0,497,0,3,0
69,12,7,0,,0,1,-1,733,0,0,0
69,12,7,0,,2,6,1,720,0,0,3
69,12,7,0,,3,4,0,585,0,3,0
69,12,7,0,,5,7,0,547,0,3,0
69,13,8,0,,0,6,1,719,0,0,1
69,13,8,0,,1,5,0,675,0,2,0
69,13,8,0,,2,4,0,602,0,5,0
69,13,8,0,,3,7,1,557,0,0,2
69,14,9,0,,0,1,0,558,0,3,0
69,14,9,0,,2,6,1,738,0,0,3
69,14,9,0,,3,5,1,478,0,0,2
69,14,9,0,,4,7,1,491,0,0,4
69,15,9,2,wc_wave_15,0,-1,0,227,0,5,0
69,15,9,2,wc_wave_15,1,-1,0,308,0,5,0
69,15,9,2,wc_wave_15,2,-1,0,386,0,5,0
69,15,9,2,wc_wave_15,3,-1,0,269,0,5,0
69,15,9,2,wc_wave_15,4,-1,0,380,0,4,0
69,15,9,2,wc_wave_15,5,-1,0,288,0,5,0
69,15,9,2,wc_wave_15,6,-1,0,227,0,5,0
69,15,9,2,wc_wave_15,7,-1,0,254,0,5,0
69,16,10,0,,0,2,0,629,0,5,0
69,16,10,0,,1,7,0,800,1,1,1
69,16,10,0,,3,6,1,360,0,0,4
69,16,10,0,,4,5,1,584,0,0,3
69,17,11,1,,6,7,0,646,0,2,0
69,17,11,0,,0,3,0,391,0,4,0
69,17,11,0,,1,2,1,770,0,0,4
69,17,11,0,,5,7,1,545,0,0,3
69,18,12,0,,0,7,0,512,0,4,0
69,18,12,0,,1,6,1,659,0,0,4
69,18,12,0,,2,5,1,800,1,1,2
69,19,13,0,,0,1,0,573,0,4,0
69,19,13,0,,2,7,0,651,0,4,0
69,19,13,0,,5,6,1,566,0,0,3
69,20,13,2,wc_wave_20,0,-1,0,443,0,2,0
69,20,13,2,wc_wave_20,1,-1,0,551,0,2,0
69,20,13,2,wc_wave_20,2,-1,0,708,0,2,0
69,20,13,2,wc_wave_20,5,-1,0,443,0,3,0
69,20,13,2,wc_wave_20,6,-1,0,406,0,4,0
69,20,13,2,wc_wave_20,7,-1,0,492,0,2,0
69,21,14,0,,0,5,0,537,0,3,0
69,21,14,0,,1,2,1,744,0,0,4
69,21,14,0,,6,7,1,698,0,0,3
69,22,15,1,,7,2,1,675,0,0,4
69,22,15,0,,0,2,0,584,0,4,0
69,22,15,0,,1,6,1,607,0,0,5
69,23,16,1,,0,6,0,618,0,1,0
69,23,16,0,,1,7,1,576,0,0,5
69,23,16,0,,2,6,1,800,1,1,2
69,24,17,0,,0,2,0,690,0,4,0
69,24,17,0,,6,7,0,800,1,1,1
69,25,17,2,wc_wave_25,0,-1,0,374,0,4,0
69,25,17,2,wc_wave_25,6,-1,0,662,0,2,0
69,26,18,0,,0,6,1,726,0,0,2
69,27,19,0,,0,6,0,655,0,2,0
69,28,20,0,,0,6,1,800,1,1,2
69,29,21,0,,0,6,0,798,0,2,0
69,30,21,2,wc_wave_30,0,-1,1,431,0,0,4
69,30,21,2,wc_wave_30,6,-1,1,539,0,0,3
69,31,22,0,,0,6,1,800,1,1,1
69,32,23,0,,0,6,1,800,1,1,3
69,33,24,0,,0,6,0,767,0,2,0
69,34,25,0,,0,6,0,579,0,3,0
69,35,25,2,wc_wave_35,0,-1,0,475,0,4,0
69,35,25,2,wc_wave_35,6,-1,0,653,0,4,0
69,36,26,0,,0,6,0,586,0,3,0
69,37,27,0,,0,6,0,586,0,4,0
70,1,0,2,wc_wave_01,0,-1,0,76,0,4,0
70,1,0,2,wc_wave_01,1,-1,0,63,0,4,0
70,1,0,2,wc_wave_01,2,-1,0,58,0,4,0
70,1,0,2,wc_wave_01,3,-1,0,65,0,4,0
70,1,0,2,wc_wave_01,4,-1,0,85,0,4,0
70,1,0,2,wc_wave_01,5,-1,0,34,0,4,0
70,1,0,2,wc_wave_01,6,-1,0,89,0,3,0
70,1,0,2,wc_wave_01,7,-1,0,89,0,4,0
70,2,0,2,wc_wave_02,0,-1,0,105,0,4,0
70,2,0,2,wc_wave_02,1,-1,0,105,0,4,0
70,2,0,2,wc_wave_02,2,-1,0,98,0,4,0
70,2,0,2,wc_wave_02,3,-1,0,100,0,4,0
70,2,0,2,wc_wave_02,4,-1,0,110,0,4,0
70,2,0,2,wc_wave_02,5,-1,0,99,0,4,0
70,2,0,2,wc_wave_02,6,-1,0,97,0,4,0
70,2,0,2,wc_wave_02,7,-1,0,119,0,4,0
70,3,0,2,wc_wave_03,0,-1,0,117,0,5,0
70,3,0,2,wc_wave_03,1,-1,0,72,0,5,0
70,3,0,2,wc_wave_03,2,-1,0,111,0,5,0
70,3,0,2,wc_wave_03,3,-1,0,95,0,5,0
70,3,0,2,wc_wave_03,4,-1,0,127,0,5,0
70,3,0,2,wc_wave_03,5,-1,0,98,0,5,0
70,3,0,2,wc_wave_03,6,-1,0,125,0,5,0
70,3,0,2,wc_wave_03,7,-1,0,138,0,5,0
70,4,1,0,,0,6,1,734,0,0,2
70,4,1,0,,1,3,0,468,0,2,0
70,4,1,0,,2,7,0,737,0,2,0
70,4,1,0,,4,5,1,566,0,0,4
70,5,1,2,wc_wave_05,0,-1,0,221,0,5,0
70,5,1,2,wc_wave_05,1,-1,0,101,0,5,0
70,5,1,2,wc_wave_05,2,-1,0,192,0,5,0
70,5,1,2,wc_wave_05,3,-1,0,184,0,5,0
70,5,1,2,wc_wave_05,4,-1,0,193,0,5,0
70,5,1,2,wc_wave_05,5,-1,0,161,0,5,0
70,5,1,2,wc_wave_05,6,-1,0,197,0,5,0
70,5,1,2,wc_wave_05,7,-1,0,218,0,5,0
70,6,2,0,,0,2,1,704,0,0,3
70,6,2,0,,1,6,1,436,0,0,3
70,6,2,0,,3,5,1,461,0,0,4
70,6,2,0,,4,7,0,800,1,2,1
70,7,3,0,,0,1,1,626,0,0,2
70,7,3,0,,2,5,1,566,0,0,4
70,7,3,0,,3,4,1,558,0,0,3
70,7,3,0,,6,7,0,595,0,5,0
70,8,4,0,,0,3,0,603,0,3,0
70,8,4,0,,1,2,1,800,1,1,1
70,8,4,0,,4,6,1,495,0,0,4
70,8,4,0,,5,7,0,685,0,4,0
70,9,5,0,,0,7,0,646,0,5,0
70,9,5,0,,1,4,0,548,0,2,0
70,9,5,0,,2,3,0,625,0,3,0
70,9,5,0,,5,6,1,800,1,1,1
70,10,5,2,wc_wave_10,0,-1,0,232,0,6,0
70,10,5,2,wc_wave_10,1,-1,0,162,0,5,0
70,10,5,2,wc_wave_10,2,-1,0,276,0,6,0
70,10,5,2,wc_wave_10,3,-1,0,374,0,5,0
70,10,5,2,wc_wave_10,4,-1,0,214,0,6,0
70,10,5,2,wc_wave_10,5,-1,0,201,0,6,0
70,10,5,2,wc_wave_10,6,-1,0,228,0,6,0
70,10,5,2,wc_wave_10,7,-1,0,426,0,5,0
70,11,6,0,,0,4,1,730,0,0,1
70,11,6,0,,1,5,1,604,0,0,4
70,11,6,0,,2,6,1,585,0,0,4
70,11,6,0,,3,7,0,800,1,3,2
70,12,7,0,,0,5,1,630,0,0,4
70,12,7,0,,1,7,0,637,0,2,0
70,12,7,0,,2,4,0,576,0,2,0
70,12,7,0,,3,6,1,401,0,0,5
70,13,8,0,,0,4,1,515,0,0,3
70,13,8,0,,1,6,1,354,0,0,4
70,13,8,0,,2,7,0,534,0,6,0
70,13,8,0,,3,5,1,415,0,0,5
70,14,9,0,,0,6,1,575,0,0,4
70,14,9,0,,1,2,1,588,0,0,3
70,14,9,0,,3,4,1,370,0,0,6
70,14,9,0,,5,7,0,501,0,5,0
70,15,9,2,wc_wave_15,0,-1,0,310,0,6,0
70,15,9,2,wc_wave_15,1,-1,0,257,0,4,0
70,15,9,2,wc_wave_15,2,-1,0,328,0,5,0
70,15,9,2,wc_wave_15,3,-1,0,422,0,3,0
70,15,9,2,wc_wave_15,4,-1,0,260,0,5,0
70,15,9,2,wc_wave_15,5,-1,0,373,0,5,0
70,15,9,2,wc_wave_15,6,-1,0,230,0,6,0
70,15,9,2,wc_wave_15,7,-1,0,800,1,2,1
70,16,10,0,,0,7,0,800,1,3,2
70,16,10,0,,1,3,0,530,0,3,0
70,16,10,0,,2,5,0,714,0,3,0
70,16,10,0,,4,6,1,453,0,0,2
70,17,11,0,,0,2,1,658,0,0,3
70,17,11,0,,1,4,1,750,0,0,1
70,17,11,0,,5,6,0,754,0,1,0
70,18,12,0,,0,1,0,694,0,3,0
70,18,12,0,,2,6,1,736,0,0,2
70,18,12,0,,4,5,1,710,0,0,3
70,19,13,0,,0,5,1,614,0,0,4
70,19,13,0,,1,6,1,604,0,0,2
70,19,13,0,,2,4,1,640,0,0,3
70,20,13,2,wc_wave_20,0,-1,1,506,0,0,1
70,20,13,2,wc_wave_20,1,-1,1,511,0,0,1
70,20,13,2,wc_wave_20,2,-1,0,569,0,2,0
70,20,13,2,wc_wave_20,4,-1,1,619,0,0,1
70,20,13,2,wc_wave_20,5,-1,0,574,0,2,0
70,20,13,2,wc_wave_20,6,-1,0,636,0,1,0
70,21,14,0,,0,4,1,682,0,0,3
70,21,14,0,,1,5,1,439,0,0,4
70,21,14,0,,2,6,1,753,0,0,3
70,22,15,0,,2,5,1,573,0,0,4
70,22,15,0,,4,6,1,598,0,0,3
70,23,16,0,,2,4,0,763,0,2,0
70,23,16,0,,5,6,0,704,0,2,0
70,24,17,0,,2,6,1,632,0,0,3
70,24,17,0,,4,5,1,477,0,0,4
70,25,17,2,wc_wave_25,2,-1,1,630,0,0,2
70,25,17,2,wc_wave_25,5,-1,0,515,0,3,0
70,25,17,2,wc_wave_25,6,-1,1,619,0,0,2
70,26,18,1,,5,2,0,600,0,4,0
70,26,18,0,,2,6,1,685,0,0,4
70,27,19,0,,5,6,0,688,0,3,0
70,28,20,0,,5,6,1,800,1,1,1
70,29,21,0,,5,6,0,758,0,2,0
70,30,21,2,wc_wave_30,5,-1,1,547,0,0,2
70,30,21,2,wc_wave_30,6,-1,1,519,0,0,3
70,31,22,0,,5,6,0,627,0,2,0
70,32,23,0,,5,6,0,634,0,3,0
70,33,24,0,,5,6,0,699,0,2,0
70,34,25,0,,5,6,1,800,1,1,1
70,35,25,2,wc_wave_35,5,-1,0,684,0,4,0
70,35,25,2,wc_wave_35,6,-1,0,800,1,1,1
70,36,26,0,,5,6,0,620,0,2,0
71,1,0,2,wc_wave_01,0,-1,0,85,0,4,0
71,1,0,2,wc_wave_01,1,-1,0,81,0,4,0
71,1,0,2,wc_wave_01,2,-1,0,82,0,4,0
71,1,0,2,wc_wave_01,3,-1,0,56,0,4,0
71,1,0,2,wc_wave_01,4,-1,0,56,0,4,0
71,1,0,2,wc_wave_01,5,-1,0,56,0,4,0
71,1,0,2,wc_wave_01,6,-1,0,93,0,4,0
71,1,0,2,wc_wave_01,7,-1,0,65,0,4,0
71,2,0,2,wc_wave_02,0,-1,0,105,0,4,0
71,2,0,2,wc_wave_02,1,-1,0,105,0,4,0
71,2,0,2,wc_wave_02,2,-1,0,112,0,4,0
71,2,0,2,wc_wave_02,3,-1,0,97,0,4,0
71,2,0,2,wc_wave_02,4,-1,0,99,0,4,0
71,2,0,2,wc_wave_02,5,-1,0,105,0,4,0
71,2,0,2,wc_wave_02,6,-1,0,119,0,4,0
71,2,0,2,wc_wave_02,7,-1,0,87,0,4,0
71,3,0,2,wc_wave_03,0,-1,0,139,0,5,0
71,3,0,2,wc_wave_03,1,-1,0,117,0,5,0
71,3,0,2,wc_wave_03,2,-1,0,137,0,5,0
71,3,0,2,wc_wave_03,3,-1,0,125,0,5,0
71,3,0,2,wc_wave_03,4,-1,0,99,0,5,0
71,3,0,2,wc_wave_03,5,-1,0,117,0,5,0
71,3,0,2,wc_wave_03,6,-1,0,117,0,5,0
71,3,0,2,wc_wave_03,7,-1,0,125,0,5,0
71,4,1,0,,0,6,1,758,0,0,5
71,4,1,0,,1,4,1,315,0,0,4
71,4,1,0,,2,3,1,536,0,0,5
71,4,1,0,,5,7,0,800,1,2,2
71,5,1,2,wc_wave_05,0,-1,0,174,0,5,0
71,5,1,2,wc_wave_05,1,-1,0,215,0,5,0
71,5,1,2,wc_wave_05,2,-1,0,236,0,5,0
71,5,1,2,wc_wave_05,3,-1,0,181,0,5,0
71,5,1,2,wc_wave_05,4,-1,0,200,0,5,0
71,5,1,2,wc_wave_05,5,-1,0,145,0,5,0
71,5,1,2,wc_wave_05,6,-1,0,215,0,5,0
71,5,1,2,wc_wave_05,7,-1,0,169,0,5,0
71,6,2,0,,0,7,0,800,1,2,1
71,6,2,0,,1,3,1,427,0,0,3
71,6,2,0,,2,4,0,565,0,3,0
71,6,2,0,,5,6,1,800,1,1,2
71,7,3,0,,0,3,0,520,0,3,0
71,7,3,0,,1,5,0,800,1,2,1
71,7,3,0,,2,6,1,751,0,0,6
71,7,3,0,,4,7,0,561,0,4,0
71,8,4,0,,0,1,0,583,0,4,0
71,8,4,0,,2,7,0,800,1,4,1
71,8,4,0,,3,6,0,704,0,2,0
71,8,4,0,,4,5,1,411,0,0,5
71,9,5,0,,0,5,0,800,1,3,1
71,9,5,0,,1,2,0,800,1,3,1
71,9,5,0,,3,7,0,494,0,5,0
71,9,5,0,,4,6,1,482,0,0,4
71,10,5,2,wc_wave_10,0,-1,0,270,0,6,0
71,10,5,2,wc_wave_10,1,-1,0,248,0,6,0
71,10,5,2,wc_wave_10,2,-1,0,431,0,5,0
71,10,5,2,wc_wave_10,3,-1,0,185,0,6,0
71,10,5,2,wc_wave_10,4,-1,0,223,0,6,0
71,10,5,2,wc_wave_10,5,-1,0,232,0,6,0
71,10,5,2,wc_wave_10,6,-1,0,242,0,6,0
71,10,5,2,wc_wave_10,7,-1,0,398,0,5,0
71,11,6,0,,0,4,0,554,0,3,0
71,11,6,0,,1,3,0,530,0,1,0
71,11,6,0,,2,5,1,800,1,1,3
71,11,6,0,,6,7,0,662,0,4,0
71,12,7,0,,0,2,0,800,1,4,1
71,12,7,0,,1,7,0,682,0,3,0
71,12,7,0,,3,4,1,490,0,0,2
71,12,7,0,,5,6,0,634,0,4,0
71,13,8,0,,0,4,0,472,0,4,0
71,13,8,0,,1,6,1,458,0,0,6
71,13,8,0,,2,7,1,800,1,3,3
71,13,8,0,,3,5,1,437,0,0,4
71,14,9,0,,0,6,0,670,0,5,0
71,14,9,0,,1,7,1,800,1,1,2
71,14,9,0,,2,5,0,800,1,3,1
71,14,9,0,,3,4,1,516,0,0,2
71,15,9,2,wc_wave_15,0,-1,0,361,0,5,0
71,15,9,2,wc_wave_15,1,-1,0,411,0,3,0
71,15,9,2,wc_wave_15,2,-1,0,380,0,5,0
71,15,9,2,wc_wave_15,3,-1,0,298,0,4,0
71,15,9,2,wc_wave_15,4,-1,0,304,0,4,0
71,15,9,2,wc_wave_15,5,-1,0,312,0,5,0
71,15,9,2,wc_wave_15,6,-1,0,327,0,5,0
71,15,9,2,wc_wave_15,7,-1,0,449,0,4,0
71,16,10,0,,0,5,0,643,0,4,0
71,16,10,0,,1,2,1,735,0,0,4
71,16,10,0,,3,7,0,800,1,2,2
71,16,10,0,,4,6,1,441,0,0,4
71,17,11,0,,0,2,0,654,0,5,0
71,17,11,0,,1,4,0,547,0,1,0
71,17,11,0,,3,5,1,392,0,0,6
71,17,11,0,,6,7,1,800,1,2,4
71,18,12,0,,0,7,0,624,0,5,0
71,18,12,0,,1,5,1,481,0,0,4
71,18,12,0,,2,4,0,559,0,4,0
71,18,12,0,,3,6,1,599,0,0,3
71,19,13,0,,0,1,0,413,0,6,0
71,19,13,0,,2,6,0,800,1,4,1
71,19,13,0,,3,7,0,800,1,1,1
71,19,13,0,,4,5,1,389,0,0,5
71,20,13,2,wc_wave_20,0,-1,0,630,0,2,0
71,20,13,2,wc_wave_20,2,-1,1,734,0,0,1
71,20,13,2,wc_wave_20,3,-1,1,517,0,0,1
71,20,13,2,wc_wave_20,5,-1,0,437,0,2,0
71,20,13,2,wc_wave_20,6,-1,1,606,0,0,1
71,21,14,1,,3,2,1,509,0,0,4
71,21,14,0,,0,2,0,687,0,4,0
71,21,14,0,,5,6,0,633,0,4,0
71,22,15,0,,0,6,0,560,0,4,0
71,22,15,0,,3,5,1,464,0,0,4
71,23,16,0,,0,5,0,758,0,3,0
71,24,17,0,,0,5,1,658,0,0,4
71,25,17,2,wc_wave_25,0,-1,0,571,0,3,0
71,25,17,2,wc_wave_25,5,-1,1,602,0,0,4
71,26,18,0,,0,5,0,652,0,3,0
71,27,19,0,,0,5,0,753,0,4,0
71,28,20,0,,0,5,0,645,0,4,0
72,1,0,2,wc_wave_01,0,-1,0,61,0,3,0
72,1,0,2,wc_wave_01,1,-1,0,58,0,4,0
72,1,0,2,wc_wave_01,2,-1,0,82,0,4,0
72,1,0,2,wc_wave_01,3,-1,0,65,0,4,0
72,1,0,2,wc_wave_01,4,-1,0,65,0,4,0
72,1,0,2,wc_wave_01,5,-1,0,97,0,4,0
72,1,0,2,wc_wave_01,6,-1,0,100,0,3,0
72,1,0,2,wc_wave_01,7,-1,0,105,0,4,0
72,2,0,2,wc_wave_02,0,-1,0,80,0,4,0
72,2,0,2,wc_wave_02,1,-1,0,119,0,4,0
72,2,0,2,wc_wave_02,2,-1,0,154,0,4,0
72,2,0,2,wc_wave_02,3,-1,0,119,0,4,0
72,2,0,2,wc_wave_02,4,-1,0,73,0,4,0
72,2,0,2,wc_wave_02,5,-1,0,113,0,4,0
72,2,0,2,wc_wave_02,6,-1,0,124,0,4,0
72,2,0,2,wc_wave_02,7,-1,0,156,0,4,0
72,3,0,2,wc_wave_03,0,-1,0,127,0,5,0
72,3,0,2,wc_wave_03,1,-1,0,123,0,5,0
72,3,0,2,wc_wave_03,2,-1,0,172,0,5,0
72,3,0,2,wc_wave_03,3,-1,0,117,0,5,0
72,3,0,2,wc_wave_03,4,-1,0,112,0,5,0
72,3,0,2,wc_wave_03,5,-1,0,86,0,5,0
72,3,0,2,wc_wave_03,6,-1,0,176,0,5,0
72,3,0,2,wc_wave_03,7,-1,0,158,0,5,0
72,4,1,0,,0,2,0,800,1,3,1
72,4,1,0,,1,4,0,597,0,2,0
72,4,1,0,,3,7,0,800,1,3,3
72,4,1,0,,5,6,0,800,1,1,1
72,5,1,2,wc_wave_05,0,-1,0,169,0,5,0
72,5,1,2,wc_wave_05,1,-1,0,156,0,5,0
72,5,1,2,wc_wave_05,2,-1,0,325,0,5,0
72,5,1,2,wc_wave_05,3,-1,0,182,0,5,0
72,5,1,2,wc_wave_05,4,-1,0,161,0,5,0
72,5,1,2,wc_wave_05,5,-1,0,245,0,5,0
72,5,1,2,wc_wave_05,6,-1,0,268,0,5,0
72,5,1,2,wc_wave_05,7,-1,0,204,0,5,0
72,6,2,0,,0,4,1,649,0,0,2
72,6,2,0,,1,7,1,606,0,0,3
72,6,2,0,,2,5,1,631,0,0,5
72,6,2,0,,3,6,1,738,0,0,3
72,7,3,0,,0,7,1,800,1,2,2
72,7,3,0,,1,5,0,800,1,2,1
72,7,3,0,,2,3,0,800,1,5,1
72,7,3,0,,4,6,1,800,1,1,3
72,8,4,0,,0,3,0,629,0,5,0
72,8,4,0,,1,6,1,800,1,1,1
72,8,4,0,,2,4,1,800,1,3,3
72,8,4,0,,5,7,1,800,1,1,3
72,9,5,0,,0,5,1,455,0,0,5
72,9,5,0,,1,2,0,800,1,4,1
72,9,5,0,,3,4,1,427,0,0,5
72,9,5,0,,6,7,0,800,1,5,1
72,10,5,2,wc_wave_10,0,-1,0,222,0,6,0
72,10,5,2,wc_wave_10,1,-1,0,210,0,6,0
72,10,5,2,wc_wave_10,2,-1,0,339,0,6,0
72,10,5,2,wc_wave_10,3,-1,0,326,0,5,0
72,10,5,2,wc_wave_10,4,-1,0,221,0,6,0
72,10,5,2,wc_wave_10,5,-1,0,225,0,6,0
72,10,5,2,wc_wave_10,6,-1,0,244,0,6,0
72,10,5,2,wc_wave_10,7,-1,0,289,0,5,0
72,11,6,0,,0,6,1,629,0,0,3
72,11,6,0,,1,3,0,792,0,2,0
72,11,6,0,,2,7,1,800,1,2,4
72,11,6,0,,4,5,1,800,1,1,3
72,12,7,0,,0,1,0,549,0,3,0
72,12,7,0,,2,6,1,739,0,0,5
72,12,7,0,,3,5,1,458,0,0,5
72,12,7,0,,4,7,1,800,1,2,4
72,13,8,0,,0,6,1,613,0,0,3
72,13,8,0,,1,7,1,652,0,0,5
72,13,8,0,,2,5,1,799,0,0,4
72,13,8,0,,3,4,1,719,0,0,2
72,14,9,0,,0,7,0,800,1,3,2
72,14,9,0,,1,6,1,534,0,0,5
72,14,9,0,,2,4,1,800,1,1,3
72,14,9,0,,3,5,1,466,0,0,5
72,15,9,2,wc_wave_15,0,-1,0,328,0,5,0
72,15,9,2,wc_wave_15,1,-1,0,326,0,6,0
72,15,9,2,wc_wave_15,2,-1,0,307,0,6,0
72,15,9,2,wc_wave_15,3,-1,0,382,0,5,0
72,15,9,2,wc_wave_15,4,-1,0,269,0,5,0
72,15,9,2,wc_wave_15,5,-1,0,246,0,5,0
72,15,9,2,wc_wave_15,6,-1,0,329,0,5,0
72,15,9,2,wc_wave_15,7,-1,0,441,0,4,0
72,16,10,0,,0,5,1,427,0,0,4
72,16,10,0,,1,4,1,762,0,0,3
72,16,10,0,,2,7,0,800,1,6,1
72,16,10,0,,3,6,1,512,0,0,5
72,17,11,1,,7,6,1,774,0,0,4
72,17,11,0,,0,4,1,618,0,0,2
72,17,11,0,,1,2,1,607,0,0,6
72,17,11,0,,5,6,0,563,0,3,0
72,18,12,1,,6,2,0,800,1,2,1
72,18,12,0,,0,2,1,605,0,0,5
72,18,12,0,,1,5,1,512,0,0,4
72,18,12,0,,4,7,1,800,1,3,3
72,19,13,1,,4,6,1,641,0,0,4
72,19,13,0,,0,1,0,712,0,2,0
72,19,13,0,,2,7,0,637,0,6,0
72,19,13,0,,5,6,1,800,1,1,2
72,20,13,2,wc_wave_20,0,-1,1,523,0,0,1
72,20,13,2,wc_wave_20,2,-1,0,542,0,4,0
72,20,13,2,wc_wave_20,4,-1,0,427,0,3,0
72,20,13,2,wc_wave_20,5,-1,0,416,0,4,0
72,20,13,2,wc_wave_20,6,-1,0,549,0,1,0
72,20,13,2,wc_wave_20,7,-1,1,729,0,0,1
72,21,14,0,,0,6,1,506,0,0,5
72,21,14,0,,2,4,0,630,0,5,0
72,21,14,0,,5,7,0,800,1,5,1
72,22,15,0,,2,6,0,619,0,4,0
72,22,15,0,,4,5,0,800,1,2,3
72,23,16,0,,2,5,0,580,0,6,0
72,23,16,0,,4,6,1,629,0,0,4
72,24,17,1,,5,6,1,689,0,0,4
72,24,17,0,,2,6,0,614,0,4,0
72,25,17,2,wc_wave_25,2,-1,0,614,0,4,0
72,25,17,2,wc_wave_25,5,-1,0,800,1,2,1
72,25,17,2,wc_wave_25,6,-1,0,589,0,3,0
72,26,18,1,,2,5,0,589,0,6,0
72,26,18,0,,5,6,1,800,1,1,2
72,27,19,1,,6,2,1,579,0,0,4
72,27,19,0,,2,5,0,555,0,5,0
72,28,20,0,,2,6,0,686,0,4,0
72,29,21,0,,2,6,0,574,0,4,0
73,1,0,2,wc_wave_01,0,-1,0,82,0,4,0
73,1,0,2,wc_wave_01,1,-1,0,83,0,3,0
73,1,0,2,wc_wave_01,2,-1,0,113,0,4,0
73,1,0,2,wc_wave_01,3,-1,0,76,0,4,0
73,1,0,2,wc_wave_01,4,-1,0,63,0,4,0
73,1,0,2,wc_wave_01,5,-1,0,61,0,4,0
73,1,0,2,wc_wave_01,6,-1,0,56,0,4,0
73,1,0,2,wc_wave_01,7,-1,0,82,0,4,0
73,2,0,2,wc_wave_02,0,-1,0,119,0,4,0
73,2,0,2,wc_wave_02,1,-1,0,98,0,4,0
73,2,0,2,wc_wave_02,2,-1,0,112,0,4,0
73,2,0,2,wc_wave_02,3,-1,0,117,0,4,0
73,2,0,2,wc_wave_02,4,-1,0,98,0,4,0
73,2,0,2,wc_wave_02,5,-1,0,109,0,4,0
73,2,0,2,wc_wave_02,6,-1,0,146,0,4,0
73,2,0,2,wc_wave_02,7,-1,0,113,0,4,0
73,3,0,2,wc_wave_03,0,-1,0,143,0,5,0
73,3,0,2,wc_wave_03,1,-1,0,120,0,5,0
73,3,0,2,wc_wave_03,2,-1,0,168,0,5,0
73,3,0,2,wc_wave_03,3,-1,0,124,0,5,0
73,3,0,2,wc_wave_03,4,-1,0,94,0,5,0
73,3,0,2,wc_wave_03,5,-1,0,141,0,5,0
73,3,0,2,wc_wave_03,6,-1,0,148,0,5,0
73,3,0,2,wc_wave_03,7,-1,0,136,0,5,0
73,4,1,0,,0,6,1,679,0,0,4
73,4,1,0,,1,7,0,662,0,3,0
73,4,1,0,,2,3,0,502,0,4,0
73,4,1,0,,4,5,1,696,0,0,3
73,5,1,2,wc_wave_05,0,-1,0,210,0,5,0
73,5,1,2,wc_wave_05,1,-1,0,200,0,5,0
73,5,1,2,wc_wave_05,2,-1,0,191,0,5,0
73,5,1,2,wc_wave_05,3,-1,0,157,0,5,0
73,5,1,2,wc_wave_05,4,-1,0,184,0,5,0
73,5,1,2,wc_wave_05,5,-1,0,193,0,5,0
73,5,1,2,wc_wave_05,6,-1,0,221,0,5,0
73,5,1,2,wc_wave_05,7,-1,0,236,0,5,0
73,6,2,0,,0,1,0,512,0,3,0
73,6,2,0,,2,5,0,800,1,3,2
73,6,2,0,,3,4,1,527,0,0,3
73,6,2,0,,6,7,1,800,1,1,3
73,7,3,0,,0,2,0,702,0,5,0
73,7,3,0,,1,5,1,800,1,2,3
73,7,3,0,,3,6,1,644,0,0,1
73,7,3,0,,4,7,0,800,1,1,1
73,8,4,0,,0,3,0,725,0,2,0
73,8,4,0,,1,6,1,700,0,0,3
73,8,4,0,,2,4,0,800,1,1,2
73,8,4,0,,5,7,1,800,1,2,3
73,9,5,0,,0,5,0,800,1,3,1
73,9,5,0,,1,4,1,800,1,1,1
73,9,5,0,,2,6,1,607,0,0,3
73,9,5,0,,3,7,0,647,0,1,0
73,10,5,2,wc_wave_10,0,-1,0,274,0,6,0
73,10,5,2,wc_wave_10,1,-1,0,319,0,5,0
73,10,5,2,wc_wave_10,2,-1,0,348,0,6,0
73,10,5,2,wc_wave_10,3,-1,0,207,0,6,0
73,10,5,2,wc_wave_10,4,-1,0,281,0,5,0
73,10,5,2,wc_wave_10,5,-1,0,275,0,6,0
73,10,5,2,wc_wave_10,6,-1,0,203,0,6,0
73,10,5,2,wc_wave_10,7,-1,0,230,0,6,0
73,11,6,0,,0,4,1,800,1,1,1
73,11,6,0,,1,3,0,766,0,3,0
73,11,6,0,,2,7,0,785,0,3,0
73,11,6,0,,5,6,1,634,0,0,4
73,12,7,0,,0,7,1,726,0,0,3
73,12,7,0,,1,2,0,472,0,6,0
73,12,7,0,,3,5,0,658,0,3,0
73,12,7,0,,4,6,1,480,0,0,4
73,13,8,0,,0,1,1,561,0,0,5
73,13,8,0,,2,3,1,642,0,0,4
73,13,8,0,,4,5,1,672,0,0,2
73,13,8,0,,6,7,0,529,0,5,0
73,14,9,0,,0,4,1,751,0,0,3
73,14,9,0,,1,5,0,562,0,5,0
73,14,9,0,,2,6,1,560,0,0,5
73,14,9,0,,3,7,0,786,0,2,0
73,15,9,2,wc_wave_15,0,-1,0,326,0,5,0
73,15,9,2,wc_wave_15,1,-1,0,245,0,6,0
73,15,9,2,wc_wave_15,2,-1,0,335,0,5,0
73,15,9,2,wc_wave_15,3,-1,0,310,0,5,0
73,15,9,2,wc_wave_15,4,-1,0,324,0,5,0
73,15,9,2,wc_wave_15,5,-1,0,312,0,4,0
73,15,9,2,wc_wave_15,6,-1,0,227,0,6,0
73,15,9,2,wc_wave_15,7,-1,0,315,0,5,0
73,16,10,0,,0,5,0,570,0,4,0
73,16,10,0,,1,3,0,728,0,3,0
73,16,10,0,,2,7,1,800,1,1,2
73,16,10,0,,4,6,1,575,0,0,4
73,17,11,0,,0,3,1,779,0,0,3
73,17,11,0,,1,2,0,590,0,5,0
73,17,11,0,,4,7,1,677,0,0,3
73,17,11,0,,5,6,1,428,0,0,5
73,18,12,0,,0,2,0,641,0,5,0
73,18,12,0,,1,4,0,480,0,4,0
73,18,12,0,,3,6,1,654,0,0,2
73,18,12,0,,5,7,1,583,0,0,3
73,19,13,0,,0,7,1,673,0,0,4
73,19,13,0,,1,6,0,780,0,2,0
73,19,13,0,,3,4,0,569,0,3,0
73,20,13,2,wc_wave_20,0,-1,1,794,0,0,1
73,20,13,2,wc_wave_20,1,-1,0,445,0,4,0
73,20,13,2,wc_wave_20,3,-1,0,379,0,4,0
73,20,13,2,wc_wave_20,4,-1,0,413,0,4,0
73,20,13,2,wc_wave_20,6,-1,0,351,0,5,0
73,20,13,2,wc_wave_20,7,-1,0,422,0,3,0
73,21,14,0,,0,6,1,672,0,0,4
73,21,14,0,,1,3,0,800,1,2,1
73,21,14,0,,4,7,1,800,1,1,1
73,22,15,0,,1,7,0,579,0,3,0
73,22,15,0,,3,6,1,800,1,1,2
73,23,16,0,,1,6,1,675,0,0,3
73,23,16,0,,3,7,0,669,0,3,0
73,24,17,0,,1,3,0,800,1,2,1
73,24,17,0,,6,7,0,629,0,3,0
73,25,17,2,wc_wave_25,1,-1,0,440,0,5,0
73,25,17,2,wc_wave_25,6,-1,0,535,0,3,0
73,25,17,2,wc_wave_25,7,-1,0,536,0,3,0
73,26,18,1,,1,7,0,663,0,3,0
73,26,18,0,,6,7,0,718,0,3,0
73,27,19,0,,1,6,0,800,1,1,1
73,28,20,0,,1,6,1,795,0,0,3
73,29,21,0,,1,6,1,763,0,0,2
73,30,21,2,wc_wave_30,1,-1,0,702,0,1,0
73,30,21,2,wc_wave_30,6,-1,0,670,0,1,0
73,31,22,0,,1,6,1,719,0,0,3
73,32,23,0,,1,6,1,800,1,1,2
74,1,0,2,wc_wave_01,0,-1,0,76,0,4,0
74,1,0,2,wc_wave_01,1,-1,0,78,0,4,0
74,1,0,2,wc_wave_01,2,-1,0,91,0,4,0
74,1,0,2,wc_wave_01,3,-1,0,56,0,4,0
74,1,0,2,wc_wave_01,4,-1,0,76,0,4,0
74,1,0,2,wc_wave_01,5,-1,0,76,0,4,0
74,1,0,2,wc_wave_01,6,-1,0,58,0,4,0
74,1,0,2,wc_wave_01,7,-1,0,58,0,4,0
74,2,0,2,wc_wave_02,0,-1,0,97,0,4,0
74,2,0,2,wc_wave_02,1,-1,0,99,0,4,0
74,2,0,2,wc_wave_02,2,-1,0,156,0,4,0
74,2,0,2,wc_wave_02,3,-1,0,85,0,4,0
74,2,0,2,wc_wave_02,4,-1,0,101,0,4,0
74,2,0,2,wc_wave_02,5,-1,0,93,0,4,0
74,2,0,2,wc_wave_02,6,-1,0,85,0,4,0
74,2,0,2,wc_wave_02,7,-1,0,73,0,4,0
74,3,0,2,wc_wave_03,0,-1,0,125,0,5,0
74,3,0,2,wc_wave_03,1,-1,0,86,0,5,0
74,3,0,2,wc_wave_03,2,-1,0,194,0,5,0
74,3,0,2,wc_wave_03,3,-1,0,99,0,5,0
74,3,0,2,wc_wave_03,4,-1,0,111,0,5,0
74,3,0,2,wc_wave_03,5,-1,0,124,0,5,0
74,3,0,2,wc_wave_03,6,-1,0,109,0,5,0
74,3,0,2,wc_wave_03,7,-1,0,86,0,5,0
74,4,1,0,,0,3,0,546,0,2,0
74,4,1,0,,1,5,1,769,0,0,2
74,4,1,0,,2,4,0,678,0,3,0
74,4,1,0,,6,7,0,646,0,3,0
74,5,1,2,wc_wave_05,0,-1,0,191,0,5,0
74,5,1,2,wc_wave_05,1,-1,0,163,0,5,0
74,5,1,2,wc_wave_05,2,-1,0,261,0,5,0
74,5,1,2,wc_wave_05,3,-1,0,149,0,5,0
74,5,1,2,wc_wave_05,4,-1,0,227,0,5,0
74,5,1,2,wc_wave_05,5,-1,0,174,0,5,0
74,5,1,2,wc_wave_05,6,-1,0,164,0,5,0
74,5,1,2,wc_wave_05,7,-1,0,186,0,5,0
74,6,2,0,,0,5,0,759,0,2,0
74,6,2,0,,1,3,0,369,0,3,0
74,6,2,0,,2,7,1,800,1,2,2
74,6,2,0,,4,6,1,540,0,0,4
74,7,3,0,,0,4,0,493,0,4,0
74,7,3,0,,1,2,0,606,0,3,0
74,7,3,0,,3,7,1,575,0,0,3
74,7,3,0,,5,6,1,433,0,0,5
74,8,4,0,,0,7,1,718,0,0,4
74,8,4,0,,1,6,1,527,0,0,2
74,8,4,0,,2,5,0,725,0,5,0
74,8,4,0,,3,4,0,558,0,3,0
74,9,5,0,,0,1,0,612,0,2,0
74,9,5,0,,2,6,1,575,0,0,5
74,9,5,0,,3,5,1,500,0,0,4
74,9,5,0,,4,7,1,502,0,0,5
74,10,5,2,wc_wave_10,0,-1,0,249,0,6,0
74,10,5,2,wc_wave_10,1,-1,0,153,0,6,0
74,10,5,2,wc_wave_10,2,-1,0,352,0,5,0
74,10,5,2,wc_wave_10,3,-1,0,274,0,5,0
74,10,5,2,wc_wave_10,4,-1,0,332,0,5,0
74,10,5,2,wc_wave_10,5,-1,0,312,0,6,0
74,10,5,2,wc_wave_10,6,-1,0,217,0,6,0
74,10,5,2,wc_wave_10,7,-1,0,236,0,6,0
74,11,6,0,,0,2,1,693,0,0,3
74,11,6,0,,1,7,1,521,0,0,4
74,11,6,0,,3,6,1,432,0,0,4
74,11,6,0,,4,5,1,515,0,0,5
74,12,7,0,,0,6,1,426,0,0,4
74,12,7,0,,1,4,0,321,0,5,0
74,12,7,0,,2,3,0,593,0,4,0
74,12,7,0,,5,7,1,571,0,0,5
74,13,8,0,,0,3,0,470,0,5,0
74,13,8,0,,1,6,1,584,0,0,2
74,13,8,0,,2,7,1,570,0,0,5
74,13,8,0,,4,5,1,457,0,0,6
74,14,9,0,,0,2,1,656,0,0,3
74,14,9,0,,1,4,0,321,0,6,0
74,14,9,0,,3,7,1,369,0,0,6
74,14,9,0,,5,6,1,653,0,0,1
74,15,9,2,wc_wave_15,0,-1,0,312,0,4,0
74,15,9,2,wc_wave_15,1,-1,0,240,0,5,0
74,15,9,2,wc_wave_15,2,-1,0,335,0,5,0
74,15,9,2,wc_wave_15,3,-1,0,344,0,3,0
74,15,9,2,wc_wave_15,5,-1,0,254,0,6,0
74,15,9,2,wc_wave_15,6,-1,0,265,0,5,0
74,15,9,2,wc_wave_15,7,-1,0,260,0,6,0
74,16,10,1,,5,7,1,626,0,0,4
74,16,10,0,,0,1,1,444,0,0,3
74,16,10,0,,2,3,0,483,0,4,0
74,16,10,0,,6,7,1,609,0,0,3
74,17,11,0,,0,5,1,455,0,0,4
74,17,11,0,,1,7,1,678,0,0,3
74,17,11,0,,2,6,1,614,0,0,5
74,18,12,0,,0,6,1,488,0,0,4
74,18,12,0,,1,5,0,592,0,2,0
74,18,12,0,,2,7,1,800,1,1,3
74,19,13,0,,0,7,1,742,0,0,3
74,19,13,0,,1,2,0,638,0,4,0
74,19,13,0,,5,6,1,546,0,0,3
74,20,13,2,wc_wave_20,0,-1,0,499,0,2,0
74,20,13,2,wc_wave_20,1,-1,0,382,0,3,0
74,20,13,2,wc_wave_20,2,-1,0,599,0,2,0
74,20,13,2,wc_wave_20,5,-1,0,445,0,2,0
74,20,13,2,wc_wave_20,6,-1,0,377,0,3,0
74,20,13,2,wc_wave_20,7,-1,0,473,0,3,0
74,21,14,0,,0,1,1,671,0,0,2
74,21,14,0,,2,5,1,606,0,0,4
74,21,14,0,,6,7,0,725,0,1,0
74,22,15,0,,1,6,0,602,0,2,0
74,22,15,0,,5,7,1,574,0,0,4
74,23,16,1,,6,7,0,638,0,3,0
74,23,16,0,,1,7,0,555,0,4,0
74,24,17,1,,1,6,1,613,0,0,2
74,24,17,0,,6,7,1,720,0,0,1
74,25,17,2,wc_wave_25,1,-1,0,416,0,4,0
74,25,17,2,wc_wave_25,6,-1,0,433,0,3,0
74,25,17,2,wc_wave_25,7,-1,0,487,0,4,0
74,26,18,1,,7,1,0,747,0,2,0
74,26,18,0,,1,6,1,700,0,0,1
74,27,19,1,,1,7,1,579,0,0,2
74,27,19,0,,6,7,1,776,0,0,2
74,28,20,1,,7,1,0,477,0,4,0
74,28,20,0,,1,6,1,625,0,0,2
74,29,21,0,,6,7,1,528,0,0,3
74,30,21,2,wc_wave_30,6,-1,1,627,0,0,1
74,30,21,2,wc_wave_30,7,-1,0,443,0,2,0
74,31,22,0,,6,7,1,461,0,0,3
74,32,23,0,,6,7,1,650,0,0,2
74,33,24,0,,6,7,1,542,0,0,3
75,1,0,2,wc_wave_01,0,-1,0,80,0,3,0
75,1,0,2,wc_wave_01,1,-1,0,65,0,4,0
75,1,0,2,wc_wave_01,2,-1,0,67,0,4,0
75,1,0,2,wc_wave_01,3,-1,0,80,0,4,0
75,1,0,2,wc_wave_01,4,-1,0,78,0,4,0
75,1,0,2,wc_wave_01,5,-1,0,82,0,4,0
75,1,0,2,wc_wave_01,6,-1,0,78,0,4,0
75,1,0,2,wc_wave_01,7,-1,0,56,0,4,0
75,2,0,2,wc_wave_02,0,-1,0,107,0,4,0
75,2,0,2,wc_wave_02,1,-1,0,76,0,4,0
75,2,0,2,wc_wave_02,2,-1,0,174,0,4,0
75,2,0,2,wc_wave_02,3,-1,0,80,0,4,0
75,2,0,2,wc_wave_02,4,-1,0,99,0,4,0
75,2,0,2,wc_wave_02,5,-1,0,128,0,4,0
75,2,0,2,wc_wave_02,6,-1,0,119,0,4,0
75,2,0,2,wc_wave_02,7,-1,0,105,0,4,0
75,3,0,2,wc_wave_03,0,-1,0,123,0,5,0
75,3,0,2,wc_wave_03,1,-1,0,100,0,5,0
75,3,0,2,wc_wave_03,2,-1,0,220,0,5,0
75,3,0,2,wc_wave_03,3,-1,0,129,0,5,0
75,3,0,2,wc_wave_03,4,-1,0,119,0,5,0
75,3,0,2,wc_wave_03,5,-1,0,159,0,5,0
75,3,0,2,wc_wave_03,6,-1,0,112,0,5,0
75,3,0,2,wc_wave_03,7,-1,0,142,0,5,0
75,4,1,0,,0,6,0,726,0,2,0
75,4,1,0,,1,2,1,800,1,2,2
75,4,1,0,,3,7,0,603,0,4,0
75,4,1,0,,4,5,1,800,1,1,4
75,5,1,2,wc_wave_05,0,-1,0,206,0,5,0
75,5,1,2,wc_wave_05,1,-1,0,178,0,5,0
75,5,1,2,wc_wave_05,2,-1,0,265,0,5,0
75,5,1,2,wc_wave_05,3,-1,0,173,0,5,0
75,5,1,2,wc_wave_05,4,-1,0,232,0,5,0
75,5,1,2,wc_wave_05,5,-1,0,163,0,5,0
75,5,1,2,wc_wave_05,6,-1,0,149,0,5,0
75,5,1,2,wc_wave_05,7,-1,0,193,0,5,0
75,6,2,0,,0,7,1,800,1,1,3
75,6,2,0,,1,6,1,353,0,0,5
75,6,2,0,,2,5,1,761,0,0,4
75,6,2,0,,3,4,0,470,0,5,0
75,7,3,0,,0,3,1,566,0,0,5
75,7,3,0,,1,5,1,656,0,0,5
75,7,3,0,,2,4,0,601,0,6,0
75,7,3,0,,6,7,0,598,0,4,0
75,8,4,0,,0,5,0,797,0,2,0
75,8,4,0,,1,4,0,457,0,4,0
75,8,4,0,,2,7,0,800,1,4,3
75,8,4,0,,3,6,1,593,0,0,2
75,9,5,0,,0,4,0,513,0,4,0
75,9,5,0,,1,7,0,800,1,1,1
75,9,5,0,,2,6,1,790,0,0,3
75,9,5,0,,3,5,0,658,0,3,0
75,10,5,2,wc_wave_10,0,-1,0,258,0,6,0
75,10,5,2,wc_wave_10,1,-1,0,188,0,6,0
75,10,5,2,wc_wave_10,2,-1,0,293,0,5,0
75,10,5,2,wc_wave_10,3,-1,0,243,0,6,0
75,10,5,2,wc_wave_10,4,-1,0,396,0,4,0
75,10,5,2,wc_wave_10,5,-1,0,288,0,6,0
75,10,5,2,wc_wave_10,6,-1,0,212,0,6,0
75,10,5,2,wc_wave_10,7,-1,0,396,0,6,0
75,11,6,0,,0,2,1,800,1,1,5
75,11,6,0,,1,3,1,566,0,0,3
75,11,6,0,,4,6,1,431,0,0,4
75,11,6,0,,5,7,0,800,1,2,2
75,12,7,0,,0,1,0,501,0,3,0
75,12,7,0,,2,3,1,800,1,2,2
75,12,7,0,,4,7,1,731,0,0,4
75,12,7,0,,5,6,1,530,0,0,4
75,13,8,0,,0,7,0,800,1,2,1
75,13,8,0,,1,5,1,639,0,0,2
75,13,8,0,,2,6,0,603,0,4,0
75,13,8,0,,3,4,0,565,0,4,0
75,14,9,0,,0,4,0,430,0,5,0
75,14,9,0,,1,3,1,546,0,0,3
75,14,9,0,,2,5,0,760,0,5,0
75,14,9,0,,6,7,0,714,0,3,0
75,15,9,2,wc_wave_15,0,-1,0,290,0,6,0
75,15,9,2,wc_wave_15,1,-1,0,301,0,3,0
75,15,9,2,wc_wave_15,2,-1,0,368,0,6,0
75,15,9,2,wc_wave_15,3,-1,0,284,0,5,0
75,15,9,2,wc_wave_15,5,-1,0,290,0,5,0
75,15,9,2,wc_wave_15,6,-1,0,264,0,5,0
75,15,9,2,wc_wave_15,7,-1,0,329,0,6,0
75,16,10,1,,7,3,1,800,1,1,2
75,16,10,0,,0,2,1,800,1,2,3
75,16,10,0,,1,6,1,451,0,0,3
75,16,10,0,,3,5,1,708,0,0,3
75,17,11,1,,1,0,1,490,0,0,4
75,17,11,0,,0,6,1,715,0,0,1
75,17,11,0,,2,3,0,718,0,5,0
75,17,11,0,,5,7,1,800,1,1,4
75,18,12,1,,5,0,1,651,0,0,4
75,18,12,0,,0,7,1,800,1,1,2
75,18,12,0,,1,2,1,663,0,0,5
75,18,12,0,,3,6,1,442,0,0,3
75,19,13,0,,0,3,0,583,0,3,0
75,19,13,0,,2,7,0,800,1,4,3
75,19,13,0,,5,6,1,546,0,0,5
75,20,13,2,wc_wave_20,0,-1,0,438,0,3,0
75,20,13,2,wc_wave_20,2,-1,0,729,0,3,0
75,20,13,2,wc_wave_20,3,-1,1,602,0,0,1
75,20,13,2,wc_wave_20,5,-1,1,588,0,0,1
75,20,13,2,wc_wave_20,6,-1,0,416,0,3,0
75,20,13,2,wc_wave_20,7,-1,0,545,0,3,0
75,21,14,0,,0,6,1,590,0,0,3
75,21,14,0,,2,3,0,742,0,3,0
75,21,14,0,,5,7,1,732,0,0,4
75,22,15,1,,6,2,0,800,1,2,2
75,22,15,0,,0,2,1,800,1,2,3
75,22,15,0,,3,7,1,678,0,0,2
75,23,16,1,,2,7,0,800,1,4,3
75,23,16,0,,0,3,1,610,0,0,2
75,23,16,0,,6,7,0,800,1,3,1
75,24,17,1,,3,6,1,546,0,0,3
75,24,17,0,,2,6,1,800,1,1,2
75,25,17,2,wc_wave_25,2,-1,1,800,1,1,2
75,25,17,2,wc_wave_25,6,-1,0,489,0,3,0
75,26,18,0,,2,6,0,800,1,3,2
75,27,19,0,,2,6,1,800,1,2,2
75,28,20,0,,2,6,1,800,1,2,2
75,29,21,0,,2,6,1,800,1,2,2
75,30,21,2,wc_wave_30,2,-1,1,658,0,0,3
75,30,21,2,wc_wave_30,6,-1,1,757,0,0,1
75,31,22,0,,2,6,1,800,1,2,2
76,1,0,2,wc_wave_01,0,-1,0,85,0,4,0
76,1,0,2,wc_wave_01,1,-1,0,56,0,4,0
76,1,0,2,wc_wave_01,2,-1,0,61,0,4,0
76,1,0,2,wc_wave_01,3,-1,0,85,0,4,0
76,1,0,2,wc_wave_01,4,-1,0,82,0,4,0
76,1,0,2,wc_wave_01,5,-1,0,85,0,4,0
76,1,0,2,wc_wave_01,6,-1,0,82,0,4,0
76,1,0,2,wc_wave_01,7,-1,0,76,0,3,0
76,2,0,2,wc_wave_02,0,-1,0,95,0,4,0
76,2,0,2,wc_wave_02,1,-1,0,100,0,4,0
76,2,0,2,wc_wave_02,2,-1,0,119,0,4,0
76,2,0,2,wc_wave_02,3,-1,0,65,0,4,0
76,2,0,2,wc_wave_02,4,-1,0,105,0,4,0
76,2,0,2,wc_wave_02,5,-1,0,119,0,4,0
76,2,0,2,wc_wave_02,6,-1,0,105,0,4,0
76,2,0,2,wc_wave_02,7,-1,0,87,0,4,0
76,3,0,2,wc_wave_03,0,-1,0,111,0,5,0
76,3,0,2,wc_wave_03,1,-1,0,117,0,5,0
76,3,0,2,wc_wave_03,2,-1,0,136,0,5,0
76,3,0,2,wc_wave_03,3,-1,0,79,0,5,0
76,3,0,2,wc_wave_03,4,-1,0,148,0,5,0
76,3,0,2,wc_wave_03,5,-1,0,107,0,5,0
76,3,0,2,wc_wave_03,6,-1,0,139,0,5,0
76,3,0,2,wc_wave_03,7,-1,0,94,0,5,0
76,4,1,0,,0,2,0,800,1,2,2
76,4,1,0,,1,7,1,449,0,0,3
76,4,1,0,,3,4,1,336,0,0,4
76,4,1,0,,5,6,0,457,0,4,0
76,5,1,2,wc_wave_05,0,-1,0,228,0,5,0
76,5,1,2,wc_wave_05,1,-1,0,129,0,5,0
76,5,1,2,wc_wave_05,2,-1,0,192,0,5,0
76,5,1,2,wc_wave_05,3,-1,0,156,0,5,0
76,5,1,2,wc_wave_05,4,-1,0,170,0,5,0
76,5,1,2,wc_wave_05,5,-1,0,155,0,5,0
76,5,1,2,wc_wave_05,6,-1,0,181,0,5,0
76,5,1,2,wc_wave_05,7,-1,0,149,0,5,0
76,6,2,0,,0,7,1,566,0,0,3
76,6,2,0,,1,4,0,774,0,1,0
76,6,2,0,,2,6,0,625,0,2,0
76,6,2,0,,3,5,1,393,0,0,4
76,7,3,0,,0,1,0,628,0,1,0
76,7,3,0,,2,7,1,614,0,0,6
76,7,3,0,,3,6,1,426,0,0,2
76,7,3,0,,4,5,1,783,0,0,3
76,8,4,0,,0,3,0,353,0,5,0
76,8,4,0,,1,6,0,500,0,3,0
76,8,4,0,,2,5,1,800,1,3,3
76,8,4,0,,4,7,1,479,0,0,4
76,9,5,0,,0,5,1,664,0,0,3
76,9,5,0,,1,3,0,409,0,4,0
76,9,5,0,,2,4,0,800,1,2,1
76,9,5,0,,6,7,1,432,0,0,4
76,10,5,2,wc_wave_10,0,-1,0,244,0,6,0
76,10,5,2,wc_wave_10,1,-1,0,262,0,6,0
76,10,5,2,wc_wave_10,2,-1,0,264,0,6,0
76,10,5,2,wc_wave_10,3,-1,0,278,0,6,0
76,10,5,2,wc_wave_10,4,-1,0,205,0,6,0
76,10,5,2,wc_wave_10,5,-1,0,274,0,6,0
76,10,5,2,wc_wave_10,6,-1,0,258,0,4,0
76,10,5,2,wc_wave_10,7,-1,0,215,0,6,0
76,11,6,0,,0,6,0,372,0,4,0
76,11,6,0,,1,2,0,800,1,2,2
76,11,6,0,,3,4,1,349,0,0,4
76,11,6,0,,5,7,1,800,1,1,2
76,12,7,0,,0,4,0,474,0,3,0
76,12,7,0,,1,5,0,749,0,4,0
76,12,7,0,,2,6,0,466,0,5,0
76,12,7,0,,3,7,1,337,0,0,4
76,13,8,0,,0,1,1,769,0,0,2
76,13,8,0,,2,3,0,312,0,6,0
76,13,8,0,,4,6,0,497,0,3,0
76,13,8,0,,5,7,1,633,0,0,5
76,14,9,0,,0,5,0,623,0,4,0
76,14,9,0,,1,7,1,698,0,0,2
76,14,9,0,,2,4,0,439,0,5,0
76,14,9,0,,3,6,1,475,0,0,2
76,15,9,2,wc_wave_15,0,-1,0,248,0,5,0
76,15,9,2,wc_wave_15,1,-1,0,283,0,5,0
76,15,9,2,wc_wave_15,2,-1,0,304,0,5,0
76,15,9,2,wc_wave_15,3,-1,0,350,0,2,0
76,15,9,2,wc_wave_15,4,-1,0,330,0,4,0
76,15,9,2,wc_wave_15,5,-1,0,448,0,4,0
76,15,9,2,wc_wave_15,6,-1,0,326,0,4,0
76,15,9,2,wc_wave_15,7,-1,0,329,0,5,0
76,16,10,0,,0,7,0,593,0,3,0
76,16,10,0,,1,4,0,617,0,3,0
76,16,10,0,,2,3,0,304,0,5,0
76,16,10,0,,5,6,0,577,0,4,0
76,17,11,1,,6,0,1,359,0,0,4
76,17,11,0,,0,2,0,589,0,3,0
76,17,11,0,,1,5,0,800,1,3,1
76,17,11,0,,4,7,1,409,0,0,4
76,18,12,1,,2,5,0,710,0,4,0
76,18,12,0,,0,1,0,658,0,2,0
76,18,12,0,,4,5,1,744,0,0,2
76,18,12,0,,6,7,1,421,0,0,4
76,19,13,0,,0,4,0,388,0,4,0
76,19,13,0,,1,2,1,678,0,0,3
76,19,13,0,,5,7,1,780,0,0,5
76,20,13,2,wc_wave_20,0,-1,0,425,0,3,0
76,20,13,2,wc_wave_20,1,-1,0,384,0,3,0
76,20,13,2,wc_wave_20,2,-1,0,512,0,3,0
76,20,13,2,wc_wave_20,5,-1,1,676,0,0,1
76,20,13,2,wc_wave_20,7,-1,0,487,0,2,0
76,21,14,1,,5,2,1,800,1,1,3
76,21,14,0,,0,2,0,682,0,1,0
76,21,14,0,,1,7,0,800,1,1,1
76,22,15,1,,1,2,1,800,1,2,2
76,22,15,0,,0,5,0,688,0,4,0
76,22,15,0,,2,7,0,648,0,3,0
76,23,16,0,,0,2,1,792,0,0,1
76,23,16,0,,1,7,0,708,0,2,0
76,24,17,0,,0,1,0,648,0,2,0
76,24,17,0,,2,7,1,718,0,0,2
76,25,17,2,wc_wave_25,0,-1,0,506,0,2,0
76,25,17,2,wc_wave_25,1,-1,1,692,0,0,1
76,25,17,2,wc_wave_25,2,-1,0,606,0,3,0
76,25,17,2,wc_wave_25,7,-1,0,800,1,1,1
76,26,18,0,,0,7,0,542,0,4,0
76,26,18,0,,1,2,1,761,0,0,3
76,27,19,0,,0,1,1,724,0,0,1
76,27,19,0,,2,7,1,747,0,0,3
76,28,20,0,,0,7,0,672,0,2,0
76,28,20,0,,1,2,0,748,0,2,0
76,29,21,1,,7,1,0,723,0,2,0
76,29,21,0,,0,1,0,541,0,3,0
76,30,21,2,wc_wave_30,0,-1,1,466,0,0,3
76,30,21,2,wc_wave_30,7,-1,1,596,0,0,2
76,31,22,0,,0,7,1,565,0,0,3
76,32,23,0,,0,7,1,743,0,0,1
76,33,24,0,,0,7,1,800,1,1,1
76,34,25,0,,0,7,1,766,0,0,1
77,1,0,2,wc_wave_01,0,-1,0,63,0,4,0
77,1,0,2,wc_wave_01,1,-1,0,37,0,4,0
77,1,0,2,wc_wave_01,2,-1,0,89,0,4,0
77,1,0,2,wc_wave_01,3,-1,0,35,0,4,0
77,1,0,2,wc_wave_01,4,-1,0,76,0,4,0
77,1,0,2,wc_wave_01,5,-1,0,80,0,4,0
77,1,0,2,wc_wave_01,6,-1,0,37,0,4,0
77,1,0,2,wc_wave_01,7,-1,0,76,0,4,0
77,2,0,2,wc_wave_02,0,-1,0,100,0,4,0
77,2,0,2,wc_wave_02,1,-1,0,76,0,4,0
77,2,0,2,wc_wave_02,2,-1,0,156,0,4,0
77,2,0,2,wc_wave_02,3,-1,0,105,0,4,0
77,2,0,2,wc_wave_02,4,-1,0,99,0,4,0
77,2,0,2,wc_wave_02,5,-1,0,121,0,4,0
77,2,0,2,wc_wave_02,6,-1,0,105,0,4,0
77,2,0,2,wc_wave_02,7,-1,0,112,0,4,0
77,3,0,2,wc_wave_03,0,-1,0,97,0,5,0
77,3,0,2,wc_wave_03,1,-1,0,100,0,5,0
77,3,0,2,wc_wave_03,2,-1,0,148,0,5,0
77,3,0,2,wc_wave_03,3,-1,0,117,0,5,0
77,3,0,2,wc_wave_03,4,-1,0,105,0,5,0
77,3,0,2,wc_wave_03,5,-1,0,169,0,5,0
77,3,0,2,wc_wave_03,6,-1,0,128,0,5,0
77,3,0,2,wc_wave_03,7,-1,0,111,0,5,0
77,4,1,0,,0,5,0,800,1,3,1
77,4,1,0,,1,4,1,440,0,0,3
77,4,1,0,,2,7,0,800,1,4,1
77,4,1,0,,3,6,1,800,1,1,2
77,5,1,2,wc_wave_05,0,-1,0,195,0,5,0
77,5,1,2,wc_wave_05,1,-1,0,181,0,5,0
77,5,1,2,wc_wave_05,2,-1,0,237,0,5,0
77,5,1,2,wc_wave_05,3,-1,0,248,0,5,0
77,5,1,2,wc_wave_05,4,-1,0,157,0,5,0
77,5,1,2,wc_wave_05,5,-1,0,230,0,5,0
77,5,1,2,wc_wave_05,6,-1,0,193,0,5,0
77,5,1,2,wc_wave_05,7,-1,0,254,0,5,0
77,6,2,0,,0,2,0,800,1,2,2
77,6,2,0,,1,7,1,351,0,0,5
77,6,2,0,,3,4,1,788,0,0,2
77,6,2,0,,5,6,0,800,1,2,1
77,7,3,0,,0,7,1,800,1,1,3
77,7,3,0,,1,3,1,771,0,0,2
77,7,3,0,,2,5,1,800,1,1,4
77,7,3,0,,4,6,0,641,0,3,0
77,8,4,0,,0,4,0,557,0,3,0
77,8,4,0,,1,2,1,507,0,0,5
77,8,4,0,,3,5,1,790,0,0,5
77,8,4,0,,6,7,1,550,0,0,6
77,9,5,0,,0,1,0,567,0,4,0
77,9,5,0,,2,6,0,712,0,5,0
77,9,5,0,,3,7,1,565,0,0,6
77,9,5,0,,4,5,1,496,0,0,4
77,10,5,2,wc_wave_10,0,-1,0,442,0,6,0
77,10,5,2,wc_wave_10,1,-1,0,188,0,6,0
77,10,5,2,wc_wave_10,2,-1,0,312,0,6,0
77,10,5,2,wc_wave_10,3,-1,0,455,0,6,0
77,10,5,2,wc_wave_10,4,-1,0,263,0,6,0
77,10,5,2,wc_wave_10,5,-1,0,264,0,6,0
77,10,5,2,wc_wave_10,6,-1,0,335,0,5,0
77,10,5,2,wc_wave_10,7,-1,0,323,0,6,0
77,11,6,0,,0,3,0,512,0,6,0
77,11,6,0,,1,6,0,387,0,4,0
77,11,6,0,,2,4,0,800,1,4,1
77,11,6,0,,5,7,1,754,0,0,3
77,12,7,0,,0,6,0,439,0,5,0
77,12,7,0,,1,5,0,607,0,2,0
77,12,7,0,,2,3,0,786,0,5,0
77,12,7,0,,4,7,1,551,0,0,4
77,13,8,0,,0,1,0,541,0,4,0
77,13,8,0,,2,4,0,795,0,3,0
77,13,8,0,,3,5,1,490,0,0,6
77,13,8,0,,6,7,1,696,0,0,5
77,14,9,0,,0,7,1,718,0,0,4
77,14,9,0,,1,6,0,510,0,5,0
77,14,9,0,,2,5,1,775,0,0,3
77,14,9,0,,3,4,1,718,0,0,5
77,15,9,2,wc_wave_15,0,-1,0,311,0,5,0
77,15,9,2,wc_wave_15,1,-1,0,264,0,5,0
77,15,9,2,wc_wave_15,2,-1,0,429,0,5,0
77,15,9,2,wc_wave_15,3,-1,1,713,0,0,3
77,15,9,2,wc_wave_15,4,-1,0,379,0,4,0
77,15,9,2,wc_wave_15,5,-1,0,317,0,5,0
77,15,9,2,wc_wave_15,6,-1,0,457,0,5,0
77,15,9,2,wc_wave_15,7,-1,0,389,0,5,0
77,16,10,1,,2,7,1,800,1,1,5
77,16,10,0,,0,4,0,426,0,5,0
77,16,10,0,,1,7,1,672,0,0,2
77,16,10,0,,5,6,0,567,0,6,0
77,17,11,0,,0,5,0,519,0,5,0
77,17,11,0,,1,2,1,774,0,0,3
77,17,11,0,,4,7,1,568,0,0,4
77,18,12,0,,0,2,0,598,0,6,0
77,18,12,0,,1,4,0,523,0,2,0
77,18,12,0,,5,7,1,800,1,2,2
77,19,13,0,,0,4,0,450,0,4,0
77,19,13,0,,1,5,0,486,0,4,0
77,19,13,0,,2,7,0,800,1,3,1
77,20,13,2,wc_wave_20,0,-1,0,623,0,2,0
77,20,13,2,wc_wave_20,1,-1,0,527,0,2,0
77,20,13,2,wc_wave_20,2,-1,0,509,0,3,0
77,20,13,2,wc_wave_20,5,-1,1,536,0,0,1
77,20,13,2,wc_wave_20,7,-1,1,800,1,1,1
77,21,14,1,,1,0,0,540,0,4,0
77,21,14,0,,0,7,0,786,0,2,0
77,21,14,0,,2,5,0,800,1,2,2
77,22,15,1,,0,2,0,713,0,4,0
77,22,15,0,,1,2,0,610,0,4,0
77,22,15,0,,5,7,0,800,1,3,1
77,23,16,1,,5,0,1,537,0,0,4
77,23,16,0,,0,1,0,800,1,1,1
77,23,16,0,,2,7,1,800,1,1,4
77,24,17,0,,0,2,0,690,0,4,0
77,24,17,0,,1,7,0,658,0,3,0
77,25,17,2,wc_wave_25,0,-1,0,584,0,3,0
77,25,17,2,wc_wave_25,1,-1,0,447,0,3,0
77,25,17,2,wc_wave_25,7,-1,1,781,0,0,3
77,26,18,1,,7,0,1,573,0,0,6
77,26,18,0,,0,1,1,597,0,0,3
77,27,19,1,,0,7,0,800,1,3,3
77,27,19,0,,1,7,0,531,0,4,0
77,28,20,0,,0,1,1,800,1,1,2
77,29,21,0,,0,1,1,674,0,0,2
77,30,21,2,wc_wave_30,0,-1,1,535,0,0,4
77,30,21,2,wc_wave_30,1,-1,1,444,0,0,3
77,31,22,0,,0,1,1,800,1,1,1
77,32,23,0,,0,1,0,800,1,1,1
78,1,0,2,wc_wave_01,0,-1,0,76,0,4,0
78,1,0,2,wc_wave_01,1,-1,0,59,0,4,0
78,1,0,2,wc_wave_01,2,-1,0,83,0,4,0
78,1,0,2,wc_wave_01,3,-1,0,73,0,4,0
78,1,0,2,wc_wave_01,4,-1,0,81,0,4,0
78,1,0,2,wc_wave_01,5,-1,0,76,0,4,0
78,1,0,2,wc_wave_01,6,-1,0,76,0,4,0
78,1,0,2,wc_wave_01,7,-1,0,82,0,4,0
78,2,0,2,wc_wave_02,0,-1,0,98,0,4,0
78,2,0,2,wc_wave_02,1,-1,0,98,0,4,0
78,2,0,2,wc_wave_02,2,-1,0,119,0,4,0
78,2,0,2,wc_wave_02,3,-1,0,119,0,4,0
78,2,0,2,wc_wave_02,4,-1,0,119,0,4,0
78,2,0,2,wc_wave_02,5,-1,0,105,0,4,0
78,2,0,2,wc_wave_02,6,-1,0,119,0,4,0
78,2,0,2,wc_wave_02,7,-1,0,159,0,4,0
78,3,0,2,wc_wave_03,0,-1,0,139,0,5,0
78,3,0,2,wc_wave_03,1,-1,0,98,0,5,0
78,3,0,2,wc_wave_03,2,-1,0,158,0,5,0
78,3,0,2,wc_wave_03,3,-1,0,120,0,5,0
78,3,0,2,wc_wave_03,4,-1,0,131,0,5,0
78,3,0,2,wc_wave_03,5,-1,0,111,0,5,0
78,3,0,2,wc_wave_03,6,-1,0,163,0,5,0
78,3,0,2,wc_wave_03,7,-1,0,134,0,5,0
78,4,1,0,,0,6,0,650,0,3,0
78,4,1,0,,1,2,1,666,0,0,4
78,4,1,0,,3,4,0,800,1,4,1
78,4,1,0,,5,7,1,624,0,0,3
78,5,1,2,wc_wave_05,0,-1,0,194,0,5,0
78,5,1,2,wc_wave_05,1,-1,0,240,0,5,0
78,5,1,2,wc_wave_05,2,-1,0,285,0,5,0
78,5,1,2,wc_wave_05,3,-1,0,153,0,5,0
78,5,1,2,wc_wave_05,4,-1,0,190,0,5,0
78,5,1,2,wc_wave_05,5,-1,0,206,0,5,0
78,5,1,2,wc_wave_05,6,-1,0,264,0,5,0
78,5,1,2,wc_wave_05,7,-1,0,207,0,5,0
78,6,2,0,,0,3,0,625,0,4,0
78,6,2,0,,1,7,1,442,0,0,3
78,6,2,0,,2,6,1,800,1,3,3
78,6,2,0,,4,5,0,623,0,5,0
78,7,3,0,,0,2,0,741,0,6,0
78,7,3,0,,1,4,1,459,0,0,6
78,7,3,0,,3,7,1,800,1,2,2
78,7,3,0,,5,6,0,583,0,4,0
78,8,4,0,,0,7,0,630,0,4,0
78,8,4,0,,1,6,0,670,0,3,0
78,8,4,0,,2,4,1,800,1,1,4
78,8,4,0,,3,5,1,753,0,0,4
78,9,5,0,,0,4,0,701,0,4,0
78,9,5,0,,1,5,1,602,0,0,6
78,9,5,0,,2,3,1,800,1,2,5
78,9,5,0,,6,7,1,645,0,0,4
78,10,5,2,wc_wave_10,0,-1,0,266,0,6,0
78,10,5,2,wc_wave_10,1,-1,0,313,0,5,0
78,10,5,2,wc_wave_10,2,-1,0,390,0,6,0
78,10,5,2,wc_wave_10,3,-1,0,361,0,6,0
78,10,5,2,wc_wave_10,4,-1,0,257,0,5,0
78,10,5,2,wc_wave_10,5,-1,0,218,0,6,0
78,10,5,2,wc_wave_10,6,-1,0,366,0,5,0
78,10,5,2,wc_wave_10,7,-1,0,237,0,6,0
78,11,6,0,,0,5,1,707,0,0,3
78,11,6,0,,1,3,0,800,1,2,2
78,11,6,0,,2,7,1,800,1,1,3
78,11,6,0,,4,6,0,477,0,6,0
78,12,7,0,,0,1,0,665,0,4,0
78,12,7,0,,2,5,1,676,0,0,5
78,12,7,0,,3,6,0,554,0,5,0
78,12,7,0,,4,7,0,800,1,2,1
78,13,8,0,,0,5,0,690,0,4,0
78,13,8,0,,1,2,0,800,1,4,2
78,13,8,0,,3,7,0,613,0,5,0
78,13,8,0,,4,6,0,557,0,5,0
78,14,9,0,,0,2,0,671,0,5,0
78,14,9,0,,1,5,1,580,0,0,6
78,14,9,0,,3,6,0,534,0,6,0
78,14,9,0,,4,7,0,661,0,4,0
78,15,9,2,wc_wave_15,0,-1,0,328,0,5,0
78,15,9,2,wc_wave_15,1,-1,0,396,0,4,0
78,15,9,2,wc_wave_15,2,-1,0,526,0,5,0
78,15,9,2,wc_wave_15,3,-1,0,342,0,6,0
78,15,9,2,wc_wave_15,4,-1,0,288,0,6,0
78,15,9,2,wc_wave_15,5,-1,0,320,0,5,0
78,15,9,2,wc_wave_15,6,-1,0,733,0,1,0
78,15,9,2,wc_wave_15,7,-1,0,369,0,5,0
78,16,10,0,,0,6,0,448,0,6,0
78,16,10,0,,1,4,1,800,1,2,3
78,16,10,0,,2,7,1,800,1,1,4
78,16,10,0,,3,5,0,800,1,2,2
78,17,11,0,,0,1,0,542,0,5,0
78,17,11,0,,3,4,0,726,0,5,0
78,17,11,0,,5,7,0,498,0,5,0
78,18,12,1,,0,3,1,800,1,2,3
78,18,12,0,,3,7,0,621,0,5,0
78,18,12,0,,4,5,1,606,0,0,5
78,19,13,1,,5,0,0,680,0,3,0
78,19,13,0,,0,7,0,535,0,5,0
78,19,13,0,,3,4,0,774,0,5,0
78,20,13,2,wc_wave_20,0,-1,0,486,0,4,0
78,20,13,2,wc_wave_20,3,-1,0,790,0,1,0
78,20,13,2,wc_wave_20,4,-1,0,507,0,2,0
78,20,13,2,wc_wave_20,5,-1,0,456,0,4,0
78,20,13,2,wc_wave_20,7,-1,1,520,0,0,1
78,21,14,0,,0,4,0,687,0,4,0
78,21,14,0,,3,5,0,800,1,3,2
78,22,15,0,,0,3,1,800,1,2,3
78,22,15,0,,4,5,1,624,0,0,5
78,23,16,1,,3,5,1,800,1,1,5
78,23,16,0,,0,5,0,800,1,3,1
78,24,17,1,,5,0,1,706,0,0,6
78,24,17,0,,0,3,1,800,1,1,2
78,25,17,2,wc_wave_25,0,-1,1,555,0,0,4
78,25,17,2,wc_wave_25,3,-1,1,655,0,0,4
78,25,17,2,wc_wave_25,5,-1,0,507,0,5,0
78,26,18,1,,3,5,1,800,1,2,4
78,26,18,0,,0,5,1,800,1,1,4
78,27,19,1,,0,3,0,800,1,3,1
78,27,19,0,,3,5,0,800,1,4,2
78,28,20,0,,0,3,1,800,1,1,3
78,29,21,0,,0,3,1,800,1,1,3
78,30,21,2,wc_wave_30,0,-1,1,597,0,0,3
78,30,21,2,wc_wave_30,3,-1,1,565,0,0,4
79,1,0,2,wc_wave_01,0,-1,0,91,0,4,0
79,1,0,2,wc_wave_01,1,-1,0,35,0,4,0
79,1,0,2,wc_wave_01,2,-1,0,83,0,4,0
79,1,0,2,wc_wave_01,3,-1,0,82,0,4,0
79,1,0,2,wc_wave_01,4,-1,0,67,0,4,0
79,1,0,2,wc_wave_01,5,-1,0,78,0,4,0
79,1,0,2,wc_wave_01,6,-1,0,56,0,4,0
79,1,0,2,wc_wave_01,7,-1,0,65,0,4,0
79,2,0,2,wc_wave_02,0,-1,0,119,0,4,0
79,2,0,2,wc_wave_02,1,-1,0,99,0,4,0
79,2,0,2,wc_wave_02,2,-1,0,142,0,4,0
79,2,0,2,wc_wave_02,3,-1,0,105,0,4,0
79,2,0,2,wc_wave_02,4,-1,0,105,0,4,0
79,2,0,2,wc_wave_02,5,-1,0,128,0,4,0
79,2,0,2,wc_wave_02,6,-1,0,105,0,4,0
79,2,0,2,wc_wave_02,7,-1,0,87,0,4,0
79,3,0,2,wc_wave_03,0,-1,0,148,0,5,0
79,3,0,2,wc_wave_03,1,-1,0,123,0,5,0
79,3,0,2,wc_wave_03,2,-1,0,142,0,5,0
79,3,0,2,wc_wave_03,3,-1,0,105,0,5,0
79,3,0,2,wc_wave_03,4,-1,0,119,0,5,0
79,3,0,2,wc_wave_03,5,-1,0,129,0,5,0
79,3,0,2,wc_wave_03,6,-1,0,98,0,5,0
79,3,0,2,wc_wave_03,7,-1,0,117,0,5,0
79,4,1,0,,0,1,0,695,0,3,0
79,4,1,0,,2,3,1,680,0,0,3
79,4,1,0,,4,7,1,475,0,0,4
79,4,1,0,,5,6,0,760,0,5,0
79,5,1,2,wc_wave_05,0,-1,0,205,0,5,0
79,5,1,2,wc_wave_05,1,-1,0,156,0,5,0
79,5,1,2,wc_wave_05,2,-1,0,308,0,5,0
79,5,1,2,wc_wave_05,3,-1,0,203,0,5,0
79,5,1,2,wc_wave_05,4,-1,0,252,0,5,0
79,5,1,2,wc_wave_05,5,-1,0,221,0,5,0
79,5,1,2,wc_wave_05,6,-1,0,205,0,5,0
79,5,1,2,wc_wave_05,7,-1,0,253,0,5,0
79,6,2,0,,0,2,0,800,1,4,2
79,6,2,0,,1,3,0,590,0,3,0
79,6,2,0,,4,5,1,563,0,0,4
79,6,2,0,,6,7,0,679,0,2,0
79,7,3,0,,0,3,1,748,0,0,4
79,7,3,0,,1,5,0,701,0,2,0
79,7,3,0,,2,7,0,800,1,4,5
79,7,3,0,,4,6,1,576,0,0,6
79,8,4,0,,0,4,0,751,0,3,0
79,8,4,0,,1,7,0,576,0,3,0
79,8,4,0,,2,5,1,800,1,4,4
79,8,4,0,,3,6,0,800,1,3,2
79,9,5,0,,0,7,1,728,0,0,3
79,9,5,0,,1,4,0,602,0,3,0
79,9,5,0,,2,6,0,593,0,6,0
79,9,5,0,,3,5,0,800,1,4,2
79,10,5,2,wc_wave_10,0,-1,0,283,0,6,0
79,10,5,2,wc_wave_10,1,-1,0,203,0,6,0
79,10,5,2,wc_wave_10,2,-1,0,293,0,6,0
79,10,5,2,wc_wave_10,3,-1,0,222,0,6,0
79,10,5,2,wc_wave_10,4,-1,0,263,0,6,0
79,10,5,2,wc_wave_10,5,-1,0,278,0,6,0
79,10,5,2,wc_wave_10,6,-1,0,236,0,6,0
79,10,5,2,wc_wave_10,7,-1,0,278,0,6,0
79,11,6,0,,0,5,1,800,1,1,3
79,11,6,0,,1,6,0,578,0,2,0
79,11,6,0,,2,4,0,637,0,4,0
79,11,6,0,,3,7,0,613,0,5,0
79,12,7,0,,0,6,0,710,0,5,0
79,12,7,0,,1,2,1,800,1,1,2
79,12,7,0,,3,4,0,800,1,2,1
79,12,7,0,,5,7,0,542,0,6,0
79,13,8,0,,0,3,1,646,0,0,6
79,13,8,0,,1,4,0,651,0,3,0
79,13,8,0,,2,5,1,800,1,1,3
79,13,8,0,,6,7,0,558,0,4,0
79,14,9,0,,0,7,0,714,0,2,0
79,14,9,0,,1,3,0,723,0,2,0
79,14,9,0,,2,6,0,679,0,4,0
79,14,9,0,,4,5,1,498,0,0,3
79,15,9,2,wc_wave_15,0,-1,0,331,0,4,0
79,15,9,2,wc_wave_15,1,-1,0,308,0,5,0
79,15,9,2,wc_wave_15,2,-1,0,377,0,5,0
79,15,9,2,wc_wave_15,3,-1,0,361,0,5,0
79,15,9,2,wc_wave_15,4,-1,0,365,0,4,0
79,15,9,2,wc_wave_15,5,-1,0,326,0,6,0
79,15,9,2,wc_wave_15,6,-1,0,396,0,4,0
79,15,9,2,wc_wave_15,7,-1,0,364,0,5,0
79,16,10,0,,0,2,1,681,0,0,5
79,16,10,0,,1,5,1,800,1,1,3
79,16,10,0,,3,6,0,586,0,4,0
79,16,10,0,,4,7,0,634,0,3,0
79,17,11,0,,0,5,1,638,0,0,4
79,17,11,0,,1,7,0,408,0,6,0
79,17,11,0,,2,3,1,800,1,3,2
79,17,11,0,,4,6,0,519,0,5,0
79,18,12,1,,1,2,0,800,1,2,1
79,18,12,0,,0,6,0,800,1,2,1
79,18,12,0,,2,4,1,800,1,1,1
79,18,12,0,,3,5,1,736,0,0,4
79,19,13,0,,0,1,1,469,0,0,5
79,19,13,0,,2,5,1,800,1,1,4
79,19,13,0,,3,4,0,800,1,2,1
79,20,13,2,wc_wave_20,0,-1,1,505,0,0,2
79,20,13,2,wc_wave_20,1,-1,0,317,0,4,0
79,20,13,2,wc_wave_20,2,-1,0,523,0,3,0
79,20,13,2,wc_wave_20,3,-1,1,715,0,0,1
79,20,13,2,wc_wave_20,5,-1,0,586,0,2,0
79,21,14,1,,3,0,0,727,0,4,0
79,21,14,0,,0,5,1,548,0,0,5
79,21,14,0,,1,2,0,546,0,3,0
79,22,15,0,,1,5,0,569,0,3,0
79,22,15,0,,2,3,0,650,0,6,0
79,23,16,0,,1,3,0,572,0,3,0
79,23,16,0,,2,5,0,800,1,4,2
79,24,17,0,,1,2,0,634,0,3,0
79,24,17,0,,3,5,1,713,0,0,5
79,25,17,2,wc_wave_25,1,-1,0,285,0,5,0
79,25,17,2,wc_wave_25,3,-1,0,674,0,2,0
79,25,17,2,wc_wave_25,5,-1,0,730,0,2,0
79,26,18,1,,5,1,0,800,1,1,1
79,26,18,0,,1,3,0,528,0,3,0
79,27,19,0,,1,5,0,771,0,2,0
79,28,20,0,,1,5,1,800,1,1,3
79,29,21,0,,1,5,0,747,0,2,0
79,30,21,2,wc_wave_30,1,-1,1,596,0,0,1
79,30,21,2,wc_wave_30,5,-1,1,539,0,0,3
79,31,22,0,,1,5,1,708,0,0,2
79,32,23,0,,1,5,0,711,0,3,0
79,33,24,0,,1,5,0,800,1,2,1
80,1,0,2,wc_wave_01,0,-1,0,56,0,4,0
80,1,0,2,wc_wave_01,1,-1,0,65,0,4,0
80,1,0,2,wc_wave_01,2,-1,0,35,0,4,0
80,1,0,2,wc_wave_01,3,-1,0,76,0,4,0
80,1,0,2,wc_wave_01,4,-1,0,56,0,4,0
80,1,0,2,wc_wave_01,5,-1,0,82,0,4,0
80,1,0,2,wc_wave_01,6,-1,0,82,0,4,0
80,1,0,2,wc_wave_01,7,-1,0,82,0,4,0
80,2,0,2,wc_wave_02,0,-1,0,100,0,4,0
80,2,0,2,wc_wave_02,1,-1,0,73,0,4,0
80,2,0,2,wc_wave_02,2,-1,0,94,0,4,0
80,2,0,2,wc_wave_02,3,-1,0,95,0,4,0
80,2,0,2,wc_wave_02,4,-1,0,119,0,4,0
80,2,0,2,wc_wave_02,5,-1,0,110,0,4,0
80,2,0,2,wc_wave_02,6,-1,0,127,0,4,0
80,2,0,2,wc_wave_02,7,-1,0,105,0,4,0
80,3,0,2,wc_wave_03,0,-1,0,120,0,5,0
80,3,0,2,wc_wave_03,1,-1,0,148,0,5,0
80,3,0,2,wc_wave_03,2,-1,0,136,0,5,0
80,3,0,2,wc_wave_03,3,-1,0,109,0,5,0
80,3,0,2,wc_wave_03,4,-1,0,81,0,5,0
80,3,0,2,wc_wave_03,5,-1,0,127,0,5,0
80,3,0,2,wc_wave_03,6,-1,0,127,0,5,0
80,3,0,2,wc_wave_03,7,-1,0,125,0,5,0
80,4,1,0,,0,7,1,800,1,1,2
80,4,1,0,,1,2,0,521,0,2,0
80,4,1,0,,3,4,1,511,0,0,2
80,4,1,0,,5,6,0,623,0,4,0
80,5,1,2,wc_wave_05,0,-1,0,203,0,5,0
80,5,1,2,wc_wave_05,1,-1,0,200,0,5,0
80,5,1,2,wc_wave_05,2,-1,0,183,0,5,0
80,5,1,2,wc_wave_05,3,-1,0,221,0,5,0
80,5,1,2,wc_wave_05,4,-1,0,187,0,5,0
80,5,1,2,wc_wave_05,5,-1,0,246,0,5,0
80,5,1,2,wc_wave_05,6,-1,0,181,0,5,0
80,5,1,2,wc_wave_05,7,-1,0,197,0,5,0
80,6,2,0,,0,2,0,800,1,3,3
80,6,2,0,,1,7,0,800,1,2,1
80,6,2,0,,3,5,1,435,0,0,5
80,6,2,0,,4,6,1,684,0,0,3
80,7,3,0,,0,4,0,552,0,4,0
80,7,3,0,,1,5,1,583,0,0,4
80,7,3,0,,2,6,0,800,1,5,2
80,7,3,0,,3,7,1,589,0,0,4
80,8,4,0,,0,5,1,668,0,0,3
80,8,4,0,,1,4,0,640,0,4,0
80,8,4,0,,2,3,0,639,0,5,0
80,8,4,0,,6,7,1,672,0,0,3
80,9,5,0,,0,6,0,594,0,4,0
80,9,5,0,,1,3,0,329,0,6,0
80,9,5,0,,2,4,1,649,0,0,4
80,9,5,0,,5,7,0,573,0,4,0
80,10,5,2,wc_wave_10,0,-1,0,219,0,6,0
80,10,5,2,wc_wave_10,1,-1,0,258,0,5,0
80,10,5,2,wc_wave_10,2,-1,0,326,0,6,0
80,10,5,2,wc_wave_10,3,-1,0,278,0,4,0
80,10,5,2,wc_wave_10,4,-1,0,241,0,6,0
80,10,5,2,wc_wave_10,5,-1,0,181,0,6,0
80,10,5,2,wc_wave_10,6,-1,0,278,0,6,0
80,10,5,2,wc_wave_10,7,-1,0,231,0,6,0
80,11,6,0,,0,3,0,372,0,4,0
80,11,6,0,,1,6,0,666,0,2,0
80,11,6,0,,2,5,1,613,0,0,4
80,11,6,0,,4,7,1,522,0,0,3
80,12,7,0,,0,1,0,505,0,4,0
80,12,7,0,,2,7,1,743,0,0,3
80,12,7,0,,3,6,1,386,0,0,4
80,12,7,0,,4,5,1,456,0,0,4
80,13,8,0,,0,4,0,550,0,3,0
80,13,8,0,,1,2,1,800,1,1,3
80,13,8,0,,3,7,1,330,0,0,5
80,13,8,0,,5,6,0,445,0,5,0
80,14,9,0,,0,1,0,643,0,2,0
80,14,9,0,,2,5,1,607,0,0,5
80,14,9,0,,3,6,1,378,0,0,4
80,14,9,0,,4,7,1,507,0,0,2
80,15,9,2,wc_wave_15,0,-1,0,266,0,5,0
80,15,9,2,wc_wave_15,1,-1,0,339,0,3,0
80,15,9,2,wc_wave_15,2,-1,0,480,0,5,0
80,15,9,2,wc_wave_15,4,-1,0,269,0,5,0
80,15,9,2,wc_wave_15,5,-1,0,227,0,6,0
80,15,9,2,wc_wave_15,6,-1,0,333,0,6,0
80,15,9,2,wc_wave_15,7,-1,0,266,0,5,0
80,16,10,1,,5,0,0,477,0,4,0
80,16,10,0,,0,2,0,800,1,4,1
80,16,10,0,,1,4,1,471,0,0,4
80,16,10,0,,6,7,1,486,0,0,4
80,17,11,1,,0,7,1,550,0,0,2
80,17,11,0,,1,7,1,476,0,0,4
80,17,11,0,,2,6,0,800,1,4,1
80,17,11,0,,4,5,1,707,0,0,1
80,18,12,1,,2,4,1,721,0,0,4
80,18,12,0,,0,6,0,476,0,4,0
80,18,12,0,,1,4,1,586,0,0,3
80,18,12,0,,5,7,0,469,0,4,0
80,19,13,0,,0,4,0,632,0,2,0
80,19,13,0,,1,5,1,493,0,0,4
80,19,13,0,,2,7,1,716,0,0,4
80,20,13,2,wc_wave_20,0,-1,0,521,0,2,0
80,20,13,2,wc_wave_20,4,-1,0,485,0,2,0
80,20,13,2,wc_wave_20,5,-1,0,372,0,4,0
80,20,13,2,wc_wave_20,7,-1,0,444,0,3,0
80,21,14,0,,0,5,1,703,0,0,2
80,21,14,0,,4,7,1,746,0,0,1
80,22,15,1,,7,5,1,562,0,0,2
80,22,15,0,,0,5,1,487,0,0,4
80,23,16,1,,0,7,1,546,0,0,3
80,23,16,0,,5,7,0,479,0,4,0
80,24,17,1,,5,0,0,562,0,2,0
80,24,17,0,,0,7,1,683,0,0,1
80,25,17,2,wc_wave_25,0,-1,1,607,0,0,1
80,25,17,2,wc_wave_25,5,-1,0,427,0,3,0
80,25,17,2,wc_wave_25,7,-1,0,466,0,4,0
80,26,18,1,,7,5,1,718,0,0,1
80,26,18,0,,0,5,1,614,0,0,2
80,27,19,1,,5,7,0,556,0,3,0
80,27,19,0,,0,7,1,660,0,0,3
80,28,20,0,,5,7,0,538,0,2,0
80,29,21,0,,5,7,0,455,0,3,0
81,1,0,2,wc_wave_01,0,-1,0,76,0,4,0
81,1,0,2,wc_wave_01,1,-1,0,68,0,4,0
81,1,0,2,wc_wave_01,2,-1,0,82,0,4,0
81,1,0,2,wc_wave_01,3,-1,0,83,0,4,0
81,1,0,2,wc_wave_01,4,-1,0,76,0,4,0
81,1,0,2,wc_wave_01,5,-1,0,84,0,4,0
81,1,0,2,wc_wave_01,6,-1,0,83,0,4,0
81,1,0,2,wc_wave_01,7,-1,0,82,0,4,0
81,2,0,2,wc_wave_02,0,-1,0,65,0,4,0
81,2,0,2,wc_wave_02,1,-1,0,124,0,4,0
81,2,0,2,wc_wave_02,2,-1,0,99,0,4,0
81,2,0,2,wc_wave_02,3,-1,0,111,0,4,0
81,2,0,2,wc_wave_02,4,-1,0,138,0,4,0
81,2,0,2,wc_wave_02,5,-1,0,86,0,4,0
81,2,0,2,wc_wave_02,6,-1,0,113,0,4,0
81,2,0,2,wc_wave_02,7,-1,0,112,0,4,0
81,3,0,2,wc_wave_03,0,-1,0,117,0,5,0
81,3,0,2,wc_wave_03,1,-1,0,133,0,5,0
81,3,0,2,wc_wave_03,2,-1,0,99,0,5,0
81,3,0,2,wc_wave_03,3,-1,0,123,0,5,0
81,3,0,2,wc_wave_03,4,-1,0,99,0,5,0
81,3,0,2,wc_wave_03,5,-1,0,124,0,5,0
81,3,0,2,wc_wave_03,6,-1,0,179,0,5,0
81,3,0,2,wc_wave_03,7,-1,0,123,0,5,0
81,4,1,0,,0,7,0,756,0,2,0
81,4,1,0,,1,6,0,466,0,5,0
81,4,1,0,,2,4,1,800,1,1,1
81,4,1,0,,3,5,1,689,0,0,3
81,5,1,2,wc_wave_05,0,-1,0,178,0,5,0
81,5,1,2,wc_wave_05,1,-1,0,124,0,5,0
81,5,1,2,wc_wave_05,2,-1,0,162,0,5,0
81,5,1,2,wc_wave_05,3,-1,0,203,0,5,0
81,5,1,2,wc_wave_05,4,-1,0,158,0,5,0
81,5,1,2,wc_wave_05,5,-1,0,159,0,5,0
81,5,1,2,wc_wave_05,6,-1,0,220,0,5,0
81,5,1,2,wc_wave_05,7,-1,0,178,0,5,0
81,6,2,0,,0,6,0,504,0,5,0
81,6,2,0,,1,7,1,563,0,0,4
81,6,2,0,,2,3,0,634,0,4,0
81,6,2,0,,4,5,1,800,1,1,2
81,7,3,0,,0,3,0,730,0,4,0
81,7,3,0,,1,4,1,646,0,0,2
81,7,3,0,,2,7,1,800,1,1,3
81,7,3,0,,5,6,0,467,0,5,0
81,8,4,0,,0,4,0,800,1,2,1
81,8,4,0,,1,3,0,594,0,2,0
81,8,4,0,,2,5,1,634,0,0,4
81,8,4,0,,6,7,1,546,0,0,5
81,9,5,0,,0,2,0,800,1,5,1
81,9,5,0,,1,5,1,442,0,0,4
81,9,5,0,,3,7,1,702,0,0,5
81,9,5,0,,4,6,0,790,0,2,0
81,10,5,2,wc_wave_10,0,-1,0,266,0,6,0
81,10,5,2,wc_wave_10,1,-1,0,197,0,6,0
81,10,5,2,wc_wave_10,2,-1,0,312,0,6,0
81,10,5,2,wc_wave_10,3,-1,0,393,0,5,0
81,10,5,2,wc_wave_10,4,-1,0,246,0,6,0
81,10,5,2,wc_wave_10,5,-1,0,266,0,6,0
81,10,5,2,wc_wave_10,6,-1,0,236,0,6,0
81,10,5,2,wc_wave_10,7,-1,0,250,0,5,0
81,11,6,0,,0,5,1,684,0,0,3
81,11,6,0,,1,2,0,800,1,2,1
81,11,6,0,,3,6,1,527,0,0,4
81,11,6,0,,4,7,0,800,1,3,1
81,12,7,0,,0,1,0,666,0,3,0
81,12,7,0,,2,6,1,627,0,0,4
81,12,7,0,,3,4,1,647,0,0,4
81,12,7,0,,5,7,0,800,1,2,2
81,13,8,0,,0,3,0,734,0,4,0
81,13,8,0,,1,4,1,518,0,0,5
81,13,8,0,,2,5,1,609,0,0,4
81,13,8,0,,6,7,0,720,0,2,0
81,14,9,0,,0,1,0,614,0,4,0
81,14,9,0,,2,7,1,718,0,0,4
81,14,9,0,,3,4,1,664,0,0,5
81,14,9,0,,5,6,0,670,0,3,0
81,15,9,2,wc_wave_15,0,-1,0,346,0,5,0
81,15,9,2,wc_wave_15,1,-1,0,246,0,5,0
81,15,9,2,wc_wave_15,2,-1,0,395,0,5,0
81,15,9,2,wc_wave_15,3,-1,0,519,0,2,0
81,15,9,2,wc_wave_15,4,-1,0,320,0,5,0
81,15,9,2,wc_wave_15,5,-1,0,301,0,5,0
81,15,9,2,wc_wave_15,6,-1,0,269,0,5,0
81,15,9,2,wc_wave_15,7,-1,0,314,0,5,0
81,16,10,0,,0,4,0,800,1,2,1
81,16,10,0,,1,3,0,634,0,2,0
81,16,10,0,,2,6,1,632,0,0,4
81,16,10,0,,5,7,1,800,1,1,4
81,17,11,1,,1,2,0,800,1,3,1
81,17,11,0,,0,5,1,800,1,2,2
81,17,11,0,,2,7,0,800,1,5,3
81,17,11,0,,4,6,0,800,1,2,1
81,18,12,1,,4,7,0,800,1,2,1
81,18,12,0,,0,2,0,800,1,5,2
81,18,12,0,,1,7,1,596,0,0,3
81,18,12,0,,5,6,0,673,0,4,0
81,19,13,0,,0,7,0,800,1,2,1
81,19,13,0,,1,6,1,689,0,0,1
81,19,13,0,,4,5,0,800,1,2,2
81,20,13,2,wc_wave_20,0,-1,0,605,0,2,0
81,20,13,2,wc_wave_20,1,-1,1,611,0,0,1
81,20,13,2,wc_wave_20,4,-1,0,496,0,3,0
81,20,13,2,wc_wave_20,5,-1,0,469,0,3,0
81,20,13,2,wc_wave_20,6,-1,0,385,0,4,0
81,20,13,2,wc_wave_20,7,-1,0,496,0,2,0
81,21,14,0,,0,6,0,800,1,2,1
81,21,14,0,,1,5,1,591,0,0,3
81,21,14,0,,4,7,1,800,1,1,3
81,22,15,0,,0,4,0,800,1,2,2
81,22,15,0,,5,7,1,800,1,3,2
81,23,16,0,,0,7,1,800,1,2,3
81,23,16,0,,4,5,1,800,1,1,2
81,24,17,0,,0,5,1,800,1,1,3
81,24,17,0,,4,7,0,708,0,3,0
81,25,17,2,wc_wave_25,0,-1,1,695,0,0,3
81,25,17,2,wc_wave_25,4,-1,0,548,0,4,0
81,25,17,2,wc_wave_25,5,-1,0,598,0,3,0
81,25,17,2,wc_wave_25,7,-1,0,654,0,2,0
81,26,18,0,,0,7,1,800,1,2,2
81,26,18,0,,4,5,0,800,1,3,2
81,27,19,0,,0,4,0,800,1,3,1
81,27,19,0,,5,7,0,800,1,2,2
81,28,20,0,,0,5,1,714,0,0,3
81,28,20,0,,4,7,0,694,0,4,0
81,29,21,1,,5,4,0,800,1,2,1
81,29,21,0,,0,4,0,800,1,3,1
81,30,21,2,wc_wave_30,0,-1,1,608,0,0,3
81,30,21,2,wc_wave_30,4,-1,1,504,0,0,3
81,30,21,2,wc_wave_30,5,-1,1,470,0,0,4
81,31,22,1,,0,5,0,800,1,2,2
81,31,22,0,,4,5,1,800,1,1,3
81,32,23,0,,0,5,1,754,0,0,4
82,1,0,2,wc_wave_01,0,-1,0,63,0,4,0
82,1,0,2,wc_wave_01,1,-1,0,105,0,3,0
82,1,0,2,wc_wave_01,2,-1,0,76,0,4,0
82,1,0,2,wc_wave_01,3,-1,0,82,0,4,0
82,1,0,2,wc_wave_01,4,-1,0,82,0,4,0
82,1,0,2,wc_wave_01,5,-1,0,65,0,4,0
82,1,0,2,wc_wave_01,6,-1,0,58,0,4,0
82,1,0,2,wc_wave_01,7,-1,0,76,0,4,0
82,2,0,2,wc_wave_02,0,-1,0,121,0,4,0
82,2,0,2,wc_wave_02,1,-1,0,84,0,4,0
82,2,0,2,wc_wave_02,2,-1,0,174,0,4,0
82,2,0,2,wc_wave_02,3,-1,0,85,0,4,0
82,2,0,2,wc_wave_02,4,-1,0,84,0,4,0
82,2,0,2,wc_wave_02,5,-1,0,138,0,4,0
82,2,0,2,wc_wave_02,6,-1,0,98,0,4,0
82,2,0,2,wc_wave_02,7,-1,0,116,0,4,0
82,3,0,2,wc_wave_03,0,-1,0,105,0,5,0
82,3,0,2,wc_wave_03,1,-1,0,98,0,5,0
82,3,0,2,wc_wave_03,2,-1,0,143,0,5,0
82,3,0,2,wc_wave_03,3,-1,0,100,0,5,0
82,3,0,2,wc_wave_03,4,-1,0,105,0,5,0
82,3,0,2,wc_wave_03,5,-1,0,119,0,5,0
82,3,0,2,wc_wave_03,6,-1,0,105,0,5,0
82,3,0,2,wc_wave_03,7,-1,0,127,0,5,0
82,4,1,0,,0,6,0,671,0,1,0
82,4,1,0,,1,5,0,406,0,4,0
82,4,1,0,,2,7,0,800,1,3,3
82,4,1,0,,3,4,1,432,0,0,2
82,5,1,2,wc_wave_05,0,-1,0,131,0,5,0
82,5,1,2,wc_wave_05,1,-1,0,146,0,5,0
82,5,1,2,wc_wave_05,2,-1,0,302,0,5,0
82,5,1,2,wc_wave_05,3,-1,0,146,0,5,0
82,5,1,2,wc_wave_05,4,-1,0,177,0,5,0
82,5,1,2,wc_wave_05,5,-1,0,200,0,5,0
82,5,1,2,wc_wave_05,6,-1,0,177,0,5,0
82,5,1,2,wc_wave_05,7,-1,0,246,0,5,0
82,6,2,0,,0,2,0,778,0,5,0
82,6,2,0,,1,7,1,554,0,0,2
82,6,2,0,,3,6,1,529,0,0,3
82,6,2,0,,4,5,1,461,0,0,3
82,7,3,0,,0,7,1,566,0,0,4
82,7,3,0,,1,4,0,503,0,3,0
82,7,3,0,,2,6,1,800,1,1,6
82,7,3,0,,3,5,1,508,0,0,3
82,8,4,0,,0,1,1,618,0,0,5
82,8,4,0,,2,4,1,800,1,2,3
82,8,4,0,,3,7,1,525,0,0,4
82,8,4,0,,5,6,0,800,1,3,1
82,9,5,0,,0,4,1,640,0,0,3
82,9,5,0,,1,3,0,583,0,4,0
82,9,5,0,,2,5,1,768,0,0,4
82,9,5,0,,6,7,1,666,0,0,5
82,10,5,2,wc_wave_10,0,-1,0,404,0,5,0
82,10,5,2,wc_wave_10,1,-1,0,264,0,6,0
82,10,5,2,wc_wave_10,2,-1,0,470,0,6,0
82,10,5,2,wc_wave_10,3,-1,0,227,0,6,0
82,10,5,2,wc_wave_10,4,-1,0,244,0,6,0
82,10,5,2,wc_wave_10,5,-1,0,212,0,6,0
82,10,5,2,wc_wave_10,6,-1,0,320,0,5,0
82,10,5,2,wc_wave_10,7,-1,0,249,0,6,0
82,11,6,0,,0,5,0,800,1,2,0
82,11,6,0,,1,6,0,800,1,2,1
82,11,6,0,,2,3,0,800,1,4,1
82,11,6,0,,4,7,1,586,0,0,4
82,12,7,0,,0,3,0,587,0,4,0
82,12,7,0,,1,2,0,800,1,5,3
82,12,7,0,,4,6,1,720,0,0,3
82,12,7,0,,5,7,1,669,0,0,3
82,13,8,0,,0,7,1,639,0,0,5
82,13,8,0,,1,6,0,738,0,4,0
82,13,8,0,,2,3,0,800,1,4,2
82,13,8,0,,4,5,1,702,0,0,2
82,14,9,0,,0,1,0,800,1,2,1
82,14,9,0,,2,5,0,800,1,3,1
82,14,9,0,,3,4,1,453,0,0,3
82,14,9,0,,6,7,1,706,0,0,3
82,15,9,2,wc_wave_15,0,-1,0,419,0,5,0
82,15,9,2,wc_wave_15,1,-1,0,258,0,5,0
82,15,9,2,wc_wave_15,2,-1,0,409,0,6,0
82,15,9,2,wc_wave_15,3,-1,0,326,0,4,0
82,15,9,2,wc_wave_15,4,-1,0,295,0,5,0
82,15,9,2,wc_wave_15,5,-1,0,293,0,6,0
82,15,9,2,wc_wave_15,6,-1,0,344,0,5,0
82,15,9,2,wc_wave_15,7,-1,0,266,0,6,0
82,16,10,0,,0,3,0,554,0,4,0
82,16,10,0,,1,5,0,610,0,3,0
82,16,10,0,,2,7,0,800,1,4,2
82,16,10,0,,4,6,1,635,0,0,4
82,17,11,1,,2,0,0,800,1,3,3
82,17,11,0,,0,6,1,762,0,0,2
82,17,11,0,,1,4,0,509,0,5,0
82,17,11,0,,5,7,1,625,0,0,3
82,18,12,1,,0,4,0,800,1,1,1
82,18,12,0,,1,2,0,800,1,3,1
82,18,12,0,,4,7,1,491,0,0,5
82,18,12,0,,5,6,1,775,0,0,3
82,19,13,1,,5,0,0,800,1,2,1
82,19,13,0,,0,6,1,766,0,0,3
82,19,13,0,,1,7,0,637,0,3,0
82,19,13,0,,2,4,0,747,0,5,0
82,20,13,2,wc_wave_20,0,-1,1,746,0,0,1
82,20,13,2,wc_wave_20,1,-1,0,421,0,3,0
82,20,13,2,wc_wave_20,2,-1,0,727,0,2,0
82,20,13,2,wc_wave_20,5,-1,0,349,0,4,0
82,20,13,2,wc_wave_20,6,-1,0,466,0,3,0
82,20,13,2,wc_wave_20,7,-1,0,458,0,3,0
82,21,14,0,,0,7,1,800,1,1,3
82,21,14,0,,1,5,0,671,0,3,0
82,21,14,0,,2,6,1,800,1,3,3
82,22,15,0,,0,2,1,800,1,1,6
82,22,15,0,,1,6,0,751,0,2,0
82,22,15,0,,5,7,0,800,1,1,2
82,23,16,1,,6,7,0,750,0,4,0
82,23,16,0,,1,7,0,646,0,2,0
82,23,16,0,,2,5,0,800,1,2,3
82,24,17,0,,1,6,1,800,1,1,1
82,24,17,0,,2,7,0,800,1,4,2
82,25,17,2,wc_wave_25,1,-1,0,504,0,4,0
82,25,17,2,wc_wave_25,2,-1,1,678,0,0,4
82,25,17,2,wc_wave_25,6,-1,1,619,0,0,2
82,25,17,2,wc_wave_25,7,-1,1,560,0,0,3
82,26,18,0,,1,2,0,800,1,3,2
82,26,18,0,,6,7,0,731,0,2,0
82,27,19,1,,1,7,0,658,0,4,0
82,27,19,0,,6,7,0,778,0,4,0
82,28,20,0,,1,6,0,800,1,2,1
82,29,21,0,,1,6,1,692,0,0,2
82,30,21,2,wc_wave_30,1,-1,0,641,0,1,0
82,30,21,2,wc_wave_30,6,-1,1,590,0,0,4
82,31,22,0,,1,6,0,800,1,2,1
83,1,0,2,wc_wave_01,0,-1,0,73,0,4,0
83,1,0,2,wc_wave_01,1,-1,0,34,0,4,0
83,1,0,2,wc_wave_01,2,-1,0,85,0,4,0
83,1,0,2,wc_wave_01,3,-1,0,50,0,4,0
83,1,0,2,wc_wave_01,4,-1,0,65,0,4,0
83,1,0,2,wc_wave_01,5,-1,0,105,0,4,0
83,1,0,2,wc_wave_01,6,-1,0,78,0,3,0
83,1,0,2,wc_wave_01,7,-1,0,83,0,4,0
83,2,0,2,wc_wave_02,0,-1,0,104,0,4,0
83,2,0,2,wc_wave_02,1,-1,0,81,0,4,0
83,2,0,2,wc_wave_02,2,-1,0,105,0,4,0
83,2,0,2,wc_wave_02,3,-1,0,98,0,4,0
83,2,0,2,wc_wave_02,4,-1,0,124,0,4,0
83,2,0,2,wc_wave_02,5,-1,0,128,0,4,0
83,2,0,2,wc_wave_02,6,-1,0,96,0,4,0
83,2,0,2,wc_wave_02,7,-1,0,111,0,4,0
83,3,0,2,wc_wave_03,0,-1,0,132,0,5,0
83,3,0,2,wc_wave_03,1,-1,0,100,0,5,0
83,3,0,2,wc_wave_03,2,-1,0,109,0,5,0
83,3,0,2,wc_wave_03,3,-1,0,86,0,5,0
83,3,0,2,wc_wave_03,4,-1,0,124,0,5,0
83,3,0,2,wc_wave_03,5,-1,0,163,0,5,0
83,3,0,2,wc_wave_03,6,-1,0,117,0,5,0
83,3,0,2,wc_wave_03,7,-1,0,137,0,5,0
83,4,1,0,,0,6,1,534,0,0,1
83,4,1,0,,1,2,1,466,0,0,3
83,4,1,0,,3,7,1,352,0,0,4
83,4,1,0,,4,5,1,540,0,0,3
83,5,1,2,wc_wave_05,0,-1,0,232,0,5,0
83,5,1,2,wc_wave_05,1,-1,0,205,0,5,0
83,5,1,2,wc_wave_05,2,-1,0,201,0,5,0
83,5,1,2,wc_wave_05,3,-1,0,174,0,5,0
83,5,1,2,wc_wave_05,4,-1,0,159,0,5,0
83,5,1,2,wc_wave_05,5,-1,0,173,0,5,0
83,5,1,2,wc_wave_05,6,-1,0,194,0,5,0
83,5,1,2,wc_wave_05,7,-1,0,156,0,5,0
83,6,2,0,,0,1,0,417,0,3,0
83,6,2,0,,2,7,1,800,1,1,2
83,6,2,0,,3,5,1,436,0,0,4
83,6,2,0,,4,6,0,578,0,2,0
83,7,3,0,,0,7,1,800,1,1,1
83,7,3,0,,1,5,1,309,0,0,6
83,7,3,0,,2,4,1,733,0,0,3
83,7,3,0,,3,6,1,418,0,0,4
83,8,4,0,,0,3,0,474,0,4,0
83,8,4,0,,1,4,1,346,0,0,5
83,8,4,0,,2,5,1,613,0,0,5
83,8,4,0,,6,7,0,669,0,2,0
83,9,5,0,,0,4,1,554,0,0,3
83,9,5,0,,1,7,1,444,0,0,4
83,9,5,0,,2,3,1,634,0,0,4
83,9,5,0,,5,6,0,530,0,2,0
83,10,5,2,wc_wave_10,0,-1,0,293,0,6,0
83,10,5,2,wc_wave_10,1,-1,0,250,0,5,0
83,10,5,2,wc_wave_10,2,-1,0,494,0,6,0
83,10,5,2,wc_wave_10,3,-1,0,262,0,6,0
83,10,5,2,wc_wave_10,4,-1,0,177,0,6,0
83,10,5,2,wc_wave_10,5,-1,0,259,0,6,0
83,10,5,2,wc_wave_10,6,-1,0,212,0,6,0
83,10,5,2,wc_wave_10,7,-1,0,266,0,6,0
83,11,6,0,,0,2,0,800,1,3,2
83,11,6,0,,1,6,1,411,0,0,4
83,11,6,0,,3,4,1,438,0,0,3
83,11,6,0,,5,7,0,743,0,4,0
83,12,7,0,,0,5,1,714,0,0,3
83,12,7,0,,1,3,1,502,0,0,2
83,12,7,0,,2,6,1,531,0,0,5
83,12,7,0,,4,7,0,463,0,4,0
83,13,8,0,,0,4,1,498,0,0,3
83,13,8,0,,1,2,1,643,0,0,2
83,13,8,0,,3,5,1,589,0,0,5
83,13,8,0,,6,7,1,800,1,2,2
83,14,9,0,,0,2,0,800,1,5,1
83,14,9,0,,1,3,1,706,0,0,2
83,14,9,0,,4,6,0,468,0,3,0
83,14,9,0,,5,7,0,800,1,4,1
83,15,9,2,wc_wave_15,0,-1,0,358,0,4,0
83,15,9,2,wc_wave_15,1,-1,0,305,0,3,0
83,15,9,2,wc_wave_15,2,-1,0,531,0,4,0
83,15,9,2,wc_wave_15,3,-1,0,353,0,4,0
83,15,9,2,wc_wave_15,4,-1,0,256,0,5,0
83,15,9,2,wc_wave_15,5,-1,0,362,0,5,0
83,15,9,2,wc_wave_15,6,-1,0,329,0,5,0
83,15,9,2,wc_wave_15,7,-1,0,532,0,4,0
83,16,10,0,,0,1,0,541,0,2,0
83,16,10,0,,2,7,1,800,1,3,4
83,16,10,0,,3,6,1,527,0,0,3
83,16,10,0,,4,5,1,574,0,0,3
83,17,11,1,,3,0,0,646,0,3,0
83,17,11,0,,0,6,1,561,0,0,3
83,17,11,0,,2,5,1,600,0,0,5
83,17,11,0,,4,7,0,506,0,3,0
83,18,12,0,,0,7,1,748,0,0,3
83,18,12,0,,3,4,1,562,0,0,2
83,18,12,0,,5,6,0,585,0,3,0
83,19,13,0,,0,5,1,551,0,0,4
83,19,13,0,,3,7,0,710,0,3,0
83,19,13,0,,4,6,0,425,0,3,0
83,20,13,2,wc_wave_20,0,-1,1,613,0,0,1
83,20,13,2,wc_wave_20,3,-1,1,610,0,0,1
83,20,13,2,wc_wave_20,4,-1,0,550,0,1,0
83,20,13,2,wc_wave_20,5,-1,0,773,0,1,0
83,20,13,2,wc_wave_20,6,-1,1,583,0,0,1
83,20,13,2,wc_wave_20,7,-1,1,687,0,0,1
83,21,14,0,,0,3,1,567,0,0,4
83,21,14,0,,4,7,0,554,0,3,0
83,21,14,0,,5,6,0,472,0,5,0
83,22,15,1,,6,3,1,630,0,0,1
83,22,15,0,,3,4,1,552,0,0,3
83,22,15,0,,5,7,0,669,0,3,0
83,23,16,1,,4,5,1,565,0,0,3
83,23,16,0,,5,6,0,532,0,3,0
83,24,17,0,,4,5,1,566,0,0,3
83,25,17,2,wc_wave_25,4,-1,0,526,0,2,0
83,25,17,2,wc_wave_25,5,-1,0,607,0,2,0
83,26,18,0,,4,5,1,467,0,0,4
83,27,19,0,,4,5,1,679,0,0,2
83,28,20,0,,4,5,1,548,0,0,3
83,29,21,0,,4,5,1,624,0,0,3
84,1,0,2,wc_wave_01,0,-1,0,76,0,4,0
84,1,0,2,wc_wave_01,1,-1,0,50,0,4,0
84,1,0,2,wc_wave_01,2,-1,0,76,0,4,0
84,1,0,2,wc_wave_01,3,-1,0,34,0,4,0
84,1,0,2,wc_wave_01,4,-1,0,65,0,4,0
84,1,0,2,wc_wave_01,5,-1,0,78,0,4,0
84,1,0,2,wc_wave_01,6,-1,0,76,0,4,0
84,1,0,2,wc_wave_01,7,-1,0,56,0,4,0
84,2,0,2,wc_wave_02,0,-1,0,99,0,4,0
84,2,0,2,wc_wave_02,1,-1,0,98,0,4,0
84,2,0,2,wc_wave_02,2,-1,0,127,0,4,0
84,2,0,2,wc_wave_02,3,-1,0,73,0,4,0
84,2,0,2,wc_wave_02,4,-1,0,80,0,4,0
84,2,0,2,wc_wave_02,5,-1,0,97,0,4,0
84,2,0,2,wc_wave_02,6,-1,0,106,0,4,0
84,2,0,2,wc_wave_02,7,-1,0,146,0,4,0
84,3,0,2,wc_wave_03,0,-1,0,117,0,5,0
84,3,0,2,wc_wave_03,1,-1,0,105,0,5,0
84,3,0,2,wc_wave_03,2,-1,0,203,0,5,0
84,3,0,2,wc_wave_03,3,-1,0,117,0,5,0
84,3,0,2,wc_wave_03,4,-1,0,100,0,5,0
84,3,0,2,wc_wave_03,5,-1,0,135,0,5,0
84,3,0,2,wc_wave_03,6,-1,0,106,0,5,0
84,3,0,2,wc_wave_03,7,-1,0,148,0,5,0
84,4,1,0,,0,5,0,800,1,2,1
84,4,1,0,,1,4,1,469,0,0,2
84,4,1,0,,2,7,1,641,0,0,5
84,4,1,0,,3,6,1,385,0,0,5
84,5,1,2,wc_wave_05,0,-1,0,196,0,5,0
84,5,1,2,wc_wave_05,1,-1,0,201,0,5,0
84,5,1,2,wc_wave_05,2,-1,0,244,0,5,0
84,5,1,2,wc_wave_05,3,-1,0,173,0,5,0
84,5,1,2,wc_wave_05,4,-1,0,146,0,5,0
84,5,1,2,wc_wave_05,5,-1,0,203,0,5,0
84,5,1,2,wc_wave_05,6,-1,0,173,0,5,0
84,5,1,2,wc_wave_05,7,-1,0,165,0,5,0
84,6,2,0,,0,2,1,800,1,1,4
84,6,2,0,,1,7,1,656,0,0,2
84,6,2,0,,3,4,1,443,0,0,2
84,6,2,0,,5,6,1,377,0,0,3
84,7,3,0,,0,3,0,734,0,3,0
84,7,3,0,,1,5,0,427,0,4,0
84,7,3,0,,2,6,0,654,0,2,0
84,7,3,0,,4,7,1,461,0,0,3
84,8,4,0,,0,4,0,552,0,4,0
84,8,4,0,,1,2,1,800,1,1,1
84,8,4,0,,3,5,0,800,1,2,1
84,8,4,0,,6,7,1,580,0,0,3
84,9,5,0,,0,1,0,486,0,4,0
84,9,5,0,,2,3,0,601,0,5,0
84,9,5,0,,4,6,1,432,0,0,4
84,9,5,0,,5,7,1,569,0,0,5
84,10,5,2,wc_wave_10,0,-1,0,268,0,6,0
84,10,5,2,wc_wave_10,1,-1,0,177,0,6,0
84,10,5,2,wc_wave_10,2,-1,0,240,0,6,0
84,10,5,2,wc_wave_10,3,-1,0,377,0,5,0
84,10,5,2,wc_wave_10,4,-1,0,217,0,6,0
84,10,5,2,wc_wave_10,5,-1,0,310,0,6,0
84,10,5,2,wc_wave_10,6,-1,0,194,0,6,0
84,10,5,2,wc_wave_10,7,-1,0,203,0,6,0
84,11,6,0,,0,4,0,571,0,3,0
84,11,6,0,,1,6,1,541,0,0,2
84,11,6,0,,2,5,1,800,1,2,3
84,11,6,0,,3,7,1,481,0,0,5
84,12,7,0,,0,7,0,800,1,2,2
84,12,7,0,,1,3,0,485,0,3,0
84,12,7,0,,2,4,0,601,0,5,0
84,12,7,0,,5,6,1,800,1,1,3
84,13,8,0,,0,6,0,800,1,1,1
84,13,8,0,,1,7,1,622,0,0,4
84,13,8,0,,2,3,0,628,0,4,0
84,13,8,0,,4,5,1,524,0,0,5
84,14,9,0,,0,7,1,566,0,0,4
84,14,9,0,,1,6,0,500,0,3,0
84,14,9,0,,2,4,0,762,0,2,0
84,14,9,0,,3,5,1,536,0,0,4
84,15,9,2,wc_wave_15,0,-1,0,278,0,5,0
84,15,9,2,wc_wave_15,1,-1,0,200,0,5,0
84,15,9,2,wc_wave_15,2,-1,0,367,0,5,0
84,15,9,2,wc_wave_15,3,-1,0,311,0,4,0
84,15,9,2,wc_wave_15,4,-1,0,274,0,4,0
84,15,9,2,wc_wave_15,5,-1,0,315,0,6,0
84,15,9,2,wc_wave_15,6,-1,0,227,0,5,0
84,15,9,2,wc_wave_15,7,-1,0,264,0,5,0
84,16,10,0,,0,3,0,505,0,4,0
84,16,10,0,,1,4,0,461,0,3,0
84,16,10,0,,2,5,1,795,0,0,3
84,16,10,0,,6,7,1,624,0,0,3
84,17,11,1,,4,6,1,531,0,0,3
84,17,11,0,,0,6,0,551,0,3,0
84,17,11,0,,1,2,0,723,0,2,0
84,17,11,0,,5,7,1,636,0,0,5
84,18,12,0,,0,5,0,658,0,4,0
84,18,12,0,,1,7,1,578,0,0,4
84,18,12,0,,2,6,1,668,0,0,3
84,19,13,0,,0,6,0,637,0,2,0
84,19,13,0,,1,5,0,800,1,3,1
84,19,13,0,,2,7,1,752,0,0,3
84,20,13,2,wc_wave_20,0,-1,0,413,0,4,0
84,20,13,2,wc_wave_20,1,-1,0,588,0,1,0
84,20,13,2,wc_wave_20,2,-1,0,727,0,1,0
84,20,13,2,wc_wave_20,5,-1,1,532,0,0,2
84,20,13,2,wc_wave_20,6,-1,0,346,0,3,0
84,20,13,2,wc_wave_20,7,-1,0,418,0,3,0
84,21,14,1,,1,0,1,566,0,0,3
84,21,14,0,,0,2,0,578,0,4,0
84,21,14,0,,6,7,1,691,0,0,2
84,22,15,1,,6,2,0,558,0,4,0
84,22,15,0,,0,7,1,800,1,1,2
84,22,15,0,,1,2,0,728,0,2,0
84,23,16,1,,0,1,0,490,0,5,0
84,23,16,0,,1,6,1,385,0,0,5
84,23,16,0,,2,7,1,592,0,0,4
84,24,17,0,,0,6,0,463,0,5,0
84,24,17,0,,1,7,1,494,0,0,4
84,25,17,2,wc_wave_25,0,-1,0,504,0,3,0
84,25,17,2,wc_wave_25,7,-1,0,566,0,3,0
84,26,18,0,,0,7,1,800,1,2,2
84,27,19,0,,0,7,0,800,1,2,0
84,28,20,0,,0,7,0,800,1,3,1
84,29,21,0,,0,7,0,800,1,2,2
84,30,21,2,wc_wave_30,0,-1,0,556,0,2,0
84,30,21,2,wc_wave_30,7,-1,1,650,0,0,3
84,31,22,0,,0,7,0,800,1,3,1
84,32,23,0,,0,7,0,800,1,3,1
84,33,24,0,,0,7,0,800,1,4,1
85,1,0,2,wc_wave_01,0,-1,0,76,0,4,0
85,1,0,2,wc_wave_01,1,-1,0,78,0,4,0
85,1,0,2,wc_wave_01,2,-1,0,85,0,4,0
85,1,0,2,wc_wave_01,3,-1,0,84,0,3,0
85,1,0,2,wc_wave_01,4,-1,0,83,0,3,0
85,1,0,2,wc_wave_01,5,-1,0,65,0,4,0
85,1,0,2,wc_wave_01,6,-1,0,94,0,3,0
85,1,0,2,wc_wave_01,7,-1,0,82,0,3,0
85,2,0,2,wc_wave_02,0,-1,0,165,0,4,0
85,2,0,2,wc_wave_02,1,-1,0,85,0,4,0
85,2,0,2,wc_wave_02,2,-1,0,56,0,4,0
85,2,0,2,wc_wave_02,3,-1,0,105,0,4,0
85,2,0,2,wc_wave_02,4,-1,0,75,0,4,0
85,2,0,2,wc_wave_02,5,-1,0,100,0,4,0
85,2,0,2,wc_wave_02,6,-1,0,119,0,4,0
85,2,0,2,wc_wave_02,7,-1,0,105,0,4,0
85,3,0,2,wc_wave_03,0,-1,0,125,0,5,0
85,3,0,2,wc_wave_03,1,-1,0,117,0,5,0
85,3,0,2,wc_wave_03,2,-1,0,117,0,5,0
85,3,0,2,wc_wave_03,3,-1,0,133,0,5,0
85,3,0,2,wc_wave_03,4,-1,0,137,0,5,0
85,3,0,2,wc_wave_03,5,-1,0,105,0,5,0
85,3,0,2,wc_wave_03,6,-1,0,117,0,5,0
85,3,0,2,wc_wave_03,7,-1,0,95,0,5,0
85,4,1,0,,0,4,1,642,0,0,5
85,4,1,0,,1,5,0,708,0,3,0
85,4,1,0,,2,3,1,498,0,0,5
85,4,1,0,,6,7,0,798,0,3,0
85,5,1,2,wc_wave_05,0,-1,0,183,0,5,0
85,5,1,2,wc_wave_05,1,-1,0,212,0,5,0
85,5,1,2,wc_wave_05,2,-1,0,180,0,5,0
85,5,1,2,wc_wave_05,3,-1,0,146,0,5,0
85,5,1,2,wc_wave_05,4,-1,0,148,0,5,0
85,5,1,2,wc_wave_05,5,-1,0,173,0,5,0
85,5,1,2,wc_wave_05,6,-1,0,194,0,5,0
85,5,1,2,wc_wave_05,7,-1,0,200,0,5,0
85,6,2,0,,0,5,0,783,0,2,0
85,6,2,0,,1,7,0,674,0,3,0
85,6,2,0,,2,4,1,707,0,0,2
85,6,2,0,,3,6,0,709,0,2,0
85,7,3,0,,0,2,0,540,0,4,0
85,7,3,0,,1,6,0,650,0,4,0
85,7,3,0,,3,4,1,662,0,0,1
85,7,3,0,,5,7,1,800,1,1,3
85,8,4,0,,0,6,1,800,1,1,2
85,8,4,0,,1,3,0,626,0,3,0
85,8,4,0,,2,5,0,660,0,4,0
85,8,4,0,,4,7,0,800,1,2,1
85,9,5,0,,0,7,1,800,1,3,2
85,9,5,0,,1,4,0,735,0,2,0
85,9,5,0,,2,6,1,678,0,0,2
85,9,5,0,,3,5,0,774,0,2,0
85,10,5,2,wc_wave_10,0,-1,0,256,0,6,0
85,10,5,2,wc_wave_10,1,-1,0,256,0,6,0
85,10,5,2,wc_wave_10,2,-1,0,272,0,6,0
85,10,5,2,wc_wave_10,3,-1,0,202,0,6,0
85,10,5,2,wc_wave_10,4,-1,0,227,0,6,0
85,10,5,2,wc_wave_10,5,-1,0,202,0,6,0
85,10,5,2,wc_wave_10,6,-1,0,221,0,6,0
85,10,5,2,wc_wave_10,7,-1,0,262,0,6,0
85,11,6,0,,0,1,0,787,0,2,0
85,11,6,0,,2,5,1,636,0,0,3
85,11,6,0,,3,7,1,639,0,0,3
85,11,6,0,,4,6,1,723,0,0,1
85,12,7,0,,0,3,1,586,0,0,3
85,12,7,0,,1,2,0,741,0,3,0
85,12,7,0,,4,5,1,800,1,1,2
85,12,7,0,,6,7,1,800,1,1,3
85,13,8,0,,0,1,0,800,1,2,1
85,13,8,0,,2,7,1,670,0,0,4
85,13,8,0,,3,4,0,598,0,2,0
85,13,8,0,,5,6,0,800,1,1,2
85,14,9,0,,0,5,0,800,1,2,1
85,14,9,0,,1,7,0,800,1,3,2
85,14,9,0,,2,3,1,457,0,0,3
85,14,9,0,,4,6,0,646,0,2,0
85,15,9,2,wc_wave_15,0,-1,0,364,0,4,0
85,15,9,2,wc_wave_15,1,-1,0,331,0,5,0
85,15,9,2,wc_wave_15,2,-1,0,356,0,5,0
85,15,9,2,wc_wave_15,3,-1,0,223,0,5,0
85,15,9,2,wc_wave_15,4,-1,0,292,0,5,0
85,15,9,2,wc_wave_15,5,-1,0,266,0,5,0
85,15,9,2,wc_wave_15,6,-1,0,271,0,6,0
85,15,9,2,wc_wave_15,7,-1,0,358,0,5,0
85,16,10,0,,0,2,0,687,0,3,0
85,16,10,0,,1,3,1,540,0,0,3
85,16,10,0,,4,7,0,800,1,1,1
85,16,10,0,,5,6,0,665,0,3,0
85,17,11,0,,0,7,1,800,1,2,2
85,17,11,0,,1,5,1,794,0,0,2
85,17,11,0,,2,4,1,536,0,0,4
85,17,11,0,,3,6,0,603,0,3,0
85,18,12,1,,7,5,0,760,0,3,0
85,18,12,0,,0,4,1,686,0,0,3
85,18,12,0,,1,6,1,763,0,0,1
85,18,12,0,,3,5,0,642,0,2,0
85,19,13,1,,3,0,0,622,0,2,0
85,19,13,0,,0,6,0,694,0,3,0
85,19,13,0,,1,7,1,755,0,0,3
85,19,13,0,,4,5,0,697,0,4,0
85,20,13,2,wc_wave_20,0,-1,0,497,0,3,0
85,20,13,2,wc_wave_20,1,-1,1,625,0,0,1
85,20,13,2,wc_wave_20,3,-1,0,484,0,2,0
85,20,13,2,wc_wave_20,4,-1,0,413,0,4,0
85,20,13,2,wc_wave_20,5,-1,0,541,0,2,0
85,20,13,2,wc_wave_20,6,-1,0,636,0,1,0
85,20,13,2,wc_wave_20,7,-1,0,488,0,4,0
85,21,14,1,,5,0,0,800,1,4,1
85,21,14,0,,0,1,0,800,1,2,1
85,21,14,0,,3,7,0,800,1,2,2
85,21,14,0,,4,6,0,602,0,2,0
85,22,15,1,,0,7,1,800,1,2,4
85,22,15,0,,1,4,1,544,0,0,3
85,22,15,0,,3,6,0,619,0,3,0
85,22,15,0,,5,7,1,800,1,2,4
85,23,16,0,,0,4,1,586,0,0,4
85,23,16,0,,1,5,0,800,1,2,2
85,23,16,0,,3,7,1,800,1,1,2
85,24,17,1,,4,3,1,587,0,0,1
85,24,17,0,,0,3,1,607,0,0,3
85,24,17,0,,1,7,1,735,0,0,3
85,25,17,2,wc_wave_25,3,-1,0,473,0,3,0
85,25,17,2,wc_wave_25,4,-1,0,497,0,4,0
85,25,17,2,wc_wave_25,7,-1,0,581,0,4,0
85,26,18,1,,7,4,1,800,1,2,2
85,26,18,0,,3,4,1,550,0,0,3
85,27,19,1,,3,7,1,800,1,1,2
85,27,19,0,,4,7,0,800,1,2,1
85,28,20,1,,4,3,1,666,0,0,1
85,28,20,0,,3,7,1,665,0,0,3
85,29,21,1,,3,4,0,613,0,1,0
85,29,21,0,,4,7,1,800,1,2,2
85,30,21,2,wc_wave_30,3,-1,0,546,0,2,0
85,30,21,2,wc_wave_30,4,-1,1,616,0,0,1
85,30,21,2,wc_wave_30,7,-1,1,659,0,0,2
85,31,22,1,,7,3,1,800,1,1,2
85,31,22,0,,3,4,1,569,0,0,2
85,32,23,0,,3,4,1,550,0,0,3
86,1,0,2,wc_wave_01,0,-1,0,85,0,4,0
86,1,0,2,wc_wave_01,1,-1,0,63,0,4,0
86,1,0,2,wc_wave_01,2,-1,0,34,0,4,0
86,1,0,2,wc_wave_01,3,-1,0,35,0,4,0
86,1,0,2,wc_wave_01,4,-1,0,82,0,4,0
86,1,0,2,wc_wave_01,5,-1,0,64,0,4,0
86,1,0,2,wc_wave_01,6,-1,0,61,0,4,0
86,1,0,2,wc_wave_01,7,-1,0,91,0,4,0
86,2,0,2,wc_wave_02,0,-1,0,87,0,4,0
86,2,0,2,wc_wave_02,1,-1,0,95,0,4,0
86,2,0,2,wc_wave_02,2,-1,0,143,0,4,0
86,2,0,2,wc_wave_02,3,-1,0,99,0,4,0
86,2,0,2,wc_wave_02,4,-1,0,99,0,4,0
86,2,0,2,wc_wave_02,5,-1,0,105,0,4,0
86,2,0,2,wc_wave_02,6,-1,0,105,0,4,0
86,2,0,2,wc_wave_02,7,-1,0,127,0,4,0
86,3,0,2,wc_wave_03,0,-1,0,105,0,5,0
86,3,0,2,wc_wave_03,1,-1,0,102,0,5,0
86,3,0,2,wc_wave_03,2,-1,0,128,0,5,0
86,3,0,2,wc_wave_03,3,-1,0,118,0,5,0
86,3,0,2,wc_wave_03,4,-1,0,112,0,5,0
86,3,0,2,wc_wave_03,5,-1,0,148,0,5,0
86,3,0,2,wc_wave_03,6,-1,0,112,0,5,0
86,3,0,2,wc_wave_03,7,-1,0,152,0,5,0
86,4,1,0,,0,3,0,551,0,3,0
86,4,1,0,,1,4,1,312,0,0,5
86,4,1,0,,2,5,0,800,1,4,2
86,4,1,0,,6,7,0,800,1,2,1
86,5,1,2,wc_wave_05,0,-1,0,137,0,5,0
86,5,1,2,wc_wave_05,1,-1,0,172,0,5,0
86,5,1,2,wc_wave_05,2,-1,0,154,0,5,0
86,5,1,2,wc_wave_05,3,-1,0,181,0,5,0
86,5,1,2,wc_wave_05,4,-1,0,202,0,5,0
86,5,1,2,wc_wave_05,5,-1,0,218,0,5,0
86,5,1,2,wc_wave_05,6,-1,0,187,0,5,0
86,5,1,2,wc_wave_05,7,-1,0,184,0,5,0
86,6,2,0,,0,7,0,513,0,4,0
86,6,2,0,,1,6,1,449,0,0,4
86,6,2,0,,2,3,0,456,0,4,0
86,6,2,0,,4,5,1,800,1,1,2
86,7,3,0,,0,4,0,664,0,3,0
86,7,3,0,,1,3,0,348,0,4,0
86,7,3,0,,2,6,1,800,1,1,3
86,7,3,0,,5,7,0,800,1,2,1
86,8,4,0,,0,6,0,800,1,2,2
86,8,4,0,,1,5,0,800,1,1,1
86,8,4,0,,2,7,1,800,1,2,2
86,8,4,0,,3,4,1,505,0,0,5
86,9,5,0,,0,2,1,800,1,1,2
86,9,5,0,,1,7,1,732,0,0,2
86,9,5,0,,3,5,1,569,0,0,4
86,9,5,0,,4,6,1,646,0,0,3
86,10,5,2,wc_wave_10,0,-1,0,324,0,5,0
86,10,5,2,wc_wave_10,1,-1,0,157,0,6,0
86,10,5,2,wc_wave_10,2,-1,0,302,0,6,0
86,10,5,2,wc_wave_10,3,-1,0,193,0,6,0
86,10,5,2,wc_wave_10,4,-1,0,339,0,6,0
86,10,5,2,wc_wave_10,5,-1,0,466,0,6,0
86,10,5,2,wc_wave_10,6,-1,0,260,0,6,0
86,10,5,2,wc_wave_10,7,-1,0,324,0,6,0
86,11,6,0,,0,1,1,686,0,0,5
86,11,6,0,,2,4,0,535,0,5,0
86,11,6,0,,3,7,1,546,0,0,4
86,11,6,0,,5,6,1,795,0,0,3
86,12,7,0,,0,5,0,800,1,3,2
86,12,7,0,,1,2,0,800,1,3,1
86,12,7,0,,3,6,1,614,0,0,3
86,12,7,0,,4,7,1,640,0,0,3
86,13,8,0,,0,3,0,770,0,3,0
86,13,8,0,,1,7,0,800,1,3,2
86,13,8,0,,2,5,0,800,1,4,1
86,13,8,0,,4,6,1,573,0,0,4
86,14,9,0,,0,2,0,800,1,4,3
86,14,9,0,,1,3,1,792,0,0,2
86,14,9,0,,4,7,1,516,0,0,5
86,14,9,0,,5,6,1,800,1,2,2
86,15,9,2,wc_wave_15,0,-1,0,302,0,5,0
86,15,9,2,wc_wave_15,1,-1,0,352,0,5,0
86,15,9,2,wc_wave_15,2,-1,0,380,0,6,0
86,15,9,2,wc_wave_15,3,-1,0,260,0,5,0
86,15,9,2,wc_wave_15,4,-1,0,256,0,5,0
86,15,9,2,wc_wave_15,5,-1,0,371,0,5,0
86,15,9,2,wc_wave_15,6,-1,0,343,0,5,0
86,15,9,2,wc_wave_15,7,-1,0,324,0,6,0
86,16,10,0,,0,4,0,606,0,4,0
86,16,10,0,,1,6,1,740,0,0,2
86,16,10,0,,2,7,1,800,1,1,5
86,16,10,0,,3,5,0,800,1,4,1
86,17,11,0,,0,1,0,743,0,3,0
86,17,11,0,,2,6,1,800,1,2,3
86,17,11,0,,3,4,0,389,0,3,0
86,17,11,0,,5,7,1,800,1,2,3
86,18,12,1,,3,6,0,594,0,4,0
86,18,12,0,,0,5,0,800,1,4,1
86,18,12,0,,1,2,0,800,1,4,3
86,18,12,0,,6,7,0,720,0,3,0
86,19,13,1,,1,5,0,800,1,3,2
86,19,13,0,,0,7,0,800,1,3,1
86,19,13,0,,2,3,1,800,1,2,4
86,19,13,0,,5,6,1,800,1,1,4
86,20,13,2,wc_wave_20,0,-1,0,556,0,2,0
86,20,13,2,wc_wave_20,1,-1,0,568,0,2,0
86,20,13,2,wc_wave_20,2,-1,0,800,1,1,1
86,20,13,2,wc_wave_20,3,-1,0,610,0,1,0
86,20,13,2,wc_wave_20,6,-1,0,716,0,1,0
86,20,13,2,wc_wave_20,7,-1,1,635,0,0,1
86,21,14,0,,0,6,0,723,0,3,0
86,21,14,0,,1,2,0,800,1,3,2
86,21,14,0,,3,7,0,709,0,2,0
86,22,15,1,,6,1,1,658,0,0,3
86,22,15,0,,0,3,1,658,0,0,4
86,22,15,0,,1,7,1,800,1,2,3
86,23,16,1,,7,3,1,650,0,0,4
86,23,16,0,,0,6,1,800,1,1,2
86,23,16,0,,1,3,0,800,1,3,1
86,24,17,1,,0,7,0,780,0,3,0
86,24,17,0,,1,7,0,800,1,2,2
86,24,17,0,,3,6,0,581,0,3,0
86,25,17,2,wc_wave_25,0,-1,1,672,0,0,1
86,25,17,2,wc_wave_25,1,-1,0,469,0,5,0
86,25,17,2,wc_wave_25,3,-1,0,582,0,2,0
86,25,17,2,wc_wave_25,6,-1,1,661,0,0,1
86,26,18,0,,0,3,1,800,1,1,1
86,26,18,0,,1,6,0,586,0,5,0
86,27,19,0,,0,1,0,800,1,2,1
86,27,19,0,,3,6,1,770,0,0,4
86,28,20,1,,6,0,1,800,1,1,2
86,28,20,0,,0,1,1,682,0,0,4
86,29,21,1,,1,6,0,769,0,2,0
86,29,21,0,,0,6,0,723,0,3,0
86,30,21,2,wc_wave_30,0,-1,1,445,0,0,4
86,30,21,2,wc_wave_30,1,-1,1,506,0,0,3
86,31,22,0,,0,1,0,800,1,2,2
87,1,0,2,wc_wave_01,0,-1,0,65,0,4,0
87,1,0,2,wc_wave_01,1,-1,0,85,0,4,0
87,1,0,2,wc_wave_01,2,-1,0,68,0,4,0
87,1,0,2,wc_wave_01,3,-1,0,76,0,4,0
87,1,0,2,wc_wave_01,4,-1,0,76,0,4,0
87,1,0,2,wc_wave_01,5,-1,0,73,0,4,0
87,1,0,2,wc_wave_01,6,-1,0,93,0,4,0
87,1,0,2,wc_wave_01,7,-1,0,61,0,4,0
87,2,0,2,wc_wave_02,0,-1,0,105,0,4,0
87,2,0,2,wc_wave_02,1,-1,0,75,0,4,0
87,2,0,2,wc_wave_02,2,-1,0,121,0,4,0
87,2,0,2,wc_wave_02,3,-1,0,98,0,4,0
87,2,0,2,wc_wave_02,4,-1,0,97,0,4,0
87,2,0,2,wc_wave_02,5,-1,0,119,0,4,0
87,2,0,2,wc_wave_02,6,-1,0,119,0,4,0
87,2,0,2,wc_wave_02,7,-1,0,105,0,4,0
87,3,0,2,wc_wave_03,0,-1,0,124,0,5,0
87,3,0,2,wc_wave_03,1,-1,0,97,0,5,0
87,3,0,2,wc_wave_03,2,-1,0,105,0,5,0
87,3,0,2,wc_wave_03,3,-1,0,111,0,5,0
87,3,0,2,wc_wave_03,4,-1,0,95,0,5,0
87,3,0,2,wc_wave_03,5,-1,0,148,0,5,0
87,3,0,2,wc_wave_03,6,-1,0,157,0,5,0
87,3,0,2,wc_wave_03,7,-1,0,129,0,5,0
87,4,1,0,,0,6,0,726,0,3,0
87,4,1,0,,1,7,0,689,0,2,0
87,4,1,0,,2,4,1,592,0,0,2
87,4,1,0,,3,5,0,751,0,3,0
87,5,1,2,wc_wave_05,0,-1,0,146,0,5,0
87,5,1,2,wc_wave_05,1,-1,0,148,0,5,0
87,5,1,2,wc_wave_05,2,-1,0,156,0,5,0
87,5,1,2,wc_wave_05,3,-1,0,204,0,5,0
87,5,1,2,wc_wave_05,4,-1,0,173,0,5,0
87,5,1,2,wc_wave_05,5,-1,0,250,0,5,0
87,5,1,2,wc_wave_05,6,-1,0,223,0,5,0
87,5,1,2,wc_wave_05,7,-1,0,167,0,5,0
87,6,2,0,,0,1,1,714,0,0,1
87,6,2,0,,2,3,1,718,0,0,4
87,6,2,0,,4,7,0,637,0,2,0
87,6,2,0,,5,6,0,765,0,3,0
87,7,3,0,,0,7,0,618,0,4,0
87,7,3,0,,1,3,0,703,0,3,0
87,7,3,0,,2,6,0,671,0,4,0
87,7,3,0,,4,5,0,611,0,3,0
87,8,4,0,,0,5,0,629,0,3,0
87,8,4,0,,1,4,1,800,1,1,1
87,8,4,0,,2,7,0,800,1,4,1
87,8,4,0,,3,6,0,800,1,3,1
87,9,5,0,,0,2,0,678,0,2,0
87,9,5,0,,1,6,0,537,0,4,0
87,9,5,0,,3,4,1,800,1,1,3
87,9,5,0,,5,7,1,800,1,2,3
87,10,5,2,wc_wave_10,0,-1,0,204,0,6,0
87,10,5,2,wc_wave_10,1,-1,0,197,0,6,0
87,10,5,2,wc_wave_10,2,-1,0,270,0,6,0
87,10,5,2,wc_wave_10,3,-1,0,284,0,5,0
87,10,5,2,wc_wave_10,4,-1,0,232,0,6,0
87,10,5,2,wc_wave_10,5,-1,0,316,0,4,0
87,10,5,2,wc_wave_10,6,-1,0,253,0,6,0
87,10,5,2,wc_wave_10,7,-1,0,258,0,6,0
87,11,6,0,,0,3,0,720,0,3,0
87,11,6,0,,1,5,0,623,0,4,0
87,11,6,0,,2,4,0,603,0,4,0
87,11,6,0,,6,7,1,633,0,0,3
87,12,7,0,,0,4,0,557,0,1,0
87,12,7,0,,1,6,0,703,0,2,0
87,12,7,0,,2,5,0,693,0,3,0
87,12,7,0,,3,7,1,800,1,1,1
87,13,8,0,,0,7,0,652,0,2,0
87,13,8,0,,1,2,1,800,1,2,2
87,13,8,0,,3,5,0,743,0,3,0
87,13,8,0,,4,6,1,614,0,0,1
87,14,9,0,,0,2,0,751,0,2,0
87,14,9,0,,1,4,0,567,0,3,0
87,14,9,0,,3,6,1,782,0,0,2
87,14,9,0,,5,7,1,800,1,1,2
87,15,9,2,wc_wave_15,0,-1,0,300,0,5,0
87,15,9,2,wc_wave_15,1,-1,0,281,0,6,0
87,15,9,2,wc_wave_15,2,-1,0,348,0,5,0
87,15,9,2,wc_wave_15,3,-1,0,267,0,6,0
87,15,9,2,wc_wave_15,4,-1,0,244,0,4,0
87,15,9,2,wc_wave_15,5,-1,0,346,0,5,0
87,15,9,2,wc_wave_15,6,-1,0,293,0,5,0
87,15,9,2,wc_wave_15,7,-1,0,310,0,5,0
87,16,10,0,,0,4,0,604,0,1,0
87,16,10,0,,1,3,0,539,0,4,0
87,16,10,0,,2,7,0,800,1,2,1
87,16,10,0,,5,6,1,800,1,1,1
87,17,11,0,,0,3,0,594,0,4,0
87,17,11,0,,1,7,0,665,0,4,0
87,17,11,0,,2,6,0,706,0,3,0
87,17,11,0,,4,5,0,647,0,1,0
87,18,12,0,,0,6,0,487,0,2,0
87,18,12,0,,1,5,0,599,0,3,0
87,18,12,0,,2,3,0,800,1,2,3
87,18,12,0,,4,7,0,512,0,2,0
87,19,13,1,,0,1,0,564,0,2,0
87,19,13,0,,1,2,0,800,1,3,1
87,19,13,0,,3,4,1,613,0,0,4
87,19,13,0,,6,7,0,564,0,3,0
87,20,13,2,wc_wave_20,0,-1,0,359,0,4,0
87,20,13,2,wc_wave_20,1,-1,0,394,0,3,0
87,20,13,2,wc_wave_20,2,-1,0,612,0,2,0
87,20,13,2,wc_wave_20,3,-1,0,591,0,1,0
87,20,13,2,wc_wave_20,4,-1,0,449,0,2,0
87,20,13,2,wc_wave_20,6,-1,1,650,0,0,1
87,20,13,2,wc_wave_20,7,-1,1,717,0,0,1
87,21,14,1,,7,3,0,800,1,1,2
87,21,14,0,,0,2,0,766,0,3,0
87,21,14,0,,1,3,0,601,0,4,0
87,21,14,0,,4,6,0,480,0,3,0
87,22,15,1,,2,4,0,800,1,2,1
87,22,15,0,,0,4,0,481,0,2,0
87,22,15,0,,1,7,0,617,0,4,0
87,23,16,0,,0,2,0,695,0,3,0
87,23,16,0,,1,4,0,444,0,3,0
87,24,17,0,,0,1,0,800,1,1,1
87,24,17,0,,2,4,0,527,0,4,0
87,25,17,2,wc_wave_25,0,-1,0,424,0,4,0
87,25,17,2,wc_wave_25,1,-1,0,696,0,2,0
87,25,17,2,wc_wave_25,2,-1,1,599,0,0,3
87,25,17,2,wc_wave_25,4,-1,0,420,0,2,0
87,26,18,0,,0,4,0,469,0,2,0
87,26,18,0,,1,2,0,800,1,2,2
87,27,19,1,,1,0,1,782,0,0,1
87,27,19,0,,0,2,1,783,0,0,2
87,28,20,1,,2,1,1,787,0,0,2
87,28,20,0,,0,1,0,650,0,2,0
87,29,21,0,,0,1,1,590,0,0,3
87,30,21,2,wc_wave_30,0,-1,1,377,0,0,4
87,30,21,2,wc_wave_30,1,-1,1,481,0,0,3
87,31,22,0,,0,1,0,553,0,3,0
87,32,23,0,,0,1,0,650,0,1,0
87,33,24,0,,0,1,1,787,0,0,1
87,34,25,0,,0,1,0,751,0,1,0
87,35,25,2,wc_wave_35,0,-1,1,705,0,0,1
87,35,25,2,wc_wave_35,1,-1,0,702,0,2,0
87,36,26,0,,0,1,0,564,0,3,0
88,1,0,2,wc_wave_01,0,-1,0,81,0,4,0
88,1,0,2,wc_wave_01,1,-1,0,61,0,4,0
88,1,0,2,wc_wave_01,2,-1,0,84,0,4,0
88,1,0,2,wc_wave_01,3,-1,0,58,0,4,0
88,1,0,2,wc_wave_01,4,-1,0,68,0,4,0
88,1,0,2,wc_wave_01,5,-1,0,80,0,4,0
88,1,0,2,wc_wave_01,6,-1,0,78,0,4,0
88,1,0,2,wc_wave_01,7,-1,0,76,0,4,0
88,2,0,2,wc_wave_02,0,-1,0,119,0,4,0
88,2,0,2,wc_wave_02,1,-1,0,105,0,4,0
88,2,0,2,wc_wave_02,2,-1,0,116,0,4,0
88,2,0,2,wc_wave_02,3,-1,0,100,0,4,0
88,2,0,2,wc_wave_02,4,-1,0,105,0,4,0
88,2,0,2,wc_wave_02,5,-1,0,98,0,4,0
88,2,0,2,wc_wave_02,6,-1,0,111,0,4,0
88,2,0,2,wc_wave_02,7,-1,0,119,0,4,0
88,3,0,2,wc_wave_03,0,-1,0,137,0,5,0
88,3,0,2,wc_wave_03,1,-1,0,105,0,5,0
88,3,0,2,wc_wave_03,2,-1,0,167,0,5,0
88,3,0,2,wc_wave_03,3,-1,0,99,0,5,0
88,3,0,2,wc_wave_03,4,-1,0,112,0,5,0
88,3,0,2,wc_wave_03,5,-1,0,136,0,5,0
88,3,0,2,wc_wave_03,6,-1,0,136,0,5,0
88,3,0,2,wc_wave_03,7,-1,0,123,0,5,0
88,4,1,0,,0,2,0,800,1,4,2
88,4,1,0,,1,3,0,669,0,3,0
88,4,1,0,,4,5,0,723,0,4,0
88,4,1,0,,6,7,0,800,1,2,2
88,5,1,2,wc_wave_05,0,-1,0,273,0,5,0
88,5,1,2,wc_wave_05,1,-1,0,154,0,5,0
88,5,1,2,wc_wave_05,2,-1,0,187,0,5,0
88,5,1,2,wc_wave_05,3,-1,0,161,0,5,0
88,5,1,2,wc_wave_05,4,-1,0,166,0,5,0
88,5,1,2,wc_wave_05,5,-1,0,221,0,5,0
88,5,1,2,wc_wave_05,6,-1,0,191,0,5,0
88,5,1,2,wc_wave_05,7,-1,0,210,0,5,0
88,6,2,0,,0,6,0,548,0,4,0
88,6,2,0,,1,7,0,793,0,2,0
88,6,2,0,,2,5,1,743,0,0,3
88,6,2,0,,3,4,1,514,0,0,4
88,7,3,0,,0,5,1,800,1,1,2
88,7,3,0,,1,4,0,527,0,4,0
88,7,3,0,,2,7,0,800,1,2,1
88,7,3,0,,3,6,0,674,0,2,0
88,8,4,0,,0,1,0,580,0,2,0
88,8,4,0,,2,4,1,800,1,1,5
88,8,4,0,,3,7,1,550,0,0,4
88,8,4,0,,5,6,0,348,0,6,0
88,9,5,0,,0,7,0,546,0,5,0
88,9,5,0,,1,5,1,727,0,0,1
88,9,5,0,,2,3,0,524,0,5,0
88,9,5,0,,4,6,0,400,0,6,0
88,10,5,2,wc_wave_10,0,-1,0,232,0,6,0
88,10,5,2,wc_wave_10,1,-1,0,250,0,6,0
88,10,5,2,wc_wave_10,2,-1,0,427,0,6,0
88,10,5,2,wc_wave_10,3,-1,0,277,0,6,0
88,10,5,2,wc_wave_10,4,-1,0,181,0,6,0
88,10,5,2,wc_wave_10,5,-1,0,228,0,6,0
88,10,5,2,wc_wave_10,6,-1,0,345,0,6,0
88,10,5,2,wc_wave_10,7,-1,0,384,0,4,0
88,11,6,0,,0,2,0,658,0,5,0
88,11,6,0,,1,6,0,426,0,6,0
88,11,6,0,,3,5,1,348,0,0,5
88,11,6,0,,4,7,0,624,0,4,0
88,12,7,0,,0,4,0,738,0,1,0
88,12,7,0,,1,3,0,429,0,5,0
88,12,7,0,,2,6,0,629,0,4,0
88,12,7,0,,5,7,0,660,0,5,0
88,13,8,0,,0,3,0,422,0,4,0
88,13,8,0,,1,2,0,633,0,4,0
88,13,8,0,,4,7,1,800,1,2,2
88,13,8,0,,5,6,0,388,0,5,0
88,14,9,0,,0,4,1,800,1,1,1
88,14,9,0,,1,6,0,663,0,3,0
88,14,9,0,,2,5,1,583,0,0,4
88,14,9,0,,3,7,1,475,0,0,5
88,15,9,2,wc_wave_15,0,-1,0,324,0,5,0
88,15,9,2,wc_wave_15,1,-1,0,296,0,6,0
88,15,9,2,wc_wave_15,2,-1,0,380,0,4,0
88,15,9,2,wc_wave_15,3,-1,0,308,0,3,0
88,15,9,2,wc_wave_15,4,-1,0,281,0,5,0
88,15,9,2,wc_wave_15,5,-1,0,276,0,5,0
88,15,9,2,wc_wave_15,6,-1,0,381,0,5,0
88,15,9,2,wc_wave_15,7,-1,0,335,0,5,0
88,16,10,0,,0,3,0,409,0,5,0
88,16,10,0,,1,4,1,800,1,1,1
88,16,10,0,,2,6,0,800,1,2,2
88,16,10,0,,5,7,0,800,1,3,1
88,17,11,0,,0,5,1,677,0,0,3
88,17,11,0,,1,7,0,800,1,2,2
88,17,11,0,,2,4,1,721,0,0,2
88,18,12,0,,0,1,1,674,0,0,3
88,18,12,0,,2,7,1,572,0,0,6
88,18,12,0,,4,5,1,456,0,0,4
88,19,13,0,,0,7,1,695,0,0,3
88,19,13,0,,1,5,1,583,0,0,3
88,19,13,0,,2,4,1,743,0,0,3
88,20,13,2,wc_wave_20,0,-1,0,495,0,2,0
88,20,13,2,wc_wave_20,1,-1,0,611,0,2,0
88,20,13,2,wc_wave_20,4,-1,0,516,0,2,0
88,20,13,2,wc_wave_20,5,-1,0,394,0,3,0
88,20,13,2,wc_wave_20,7,-1,1,753,0,0,1
88,21,14,1,,4,5,1,664,0,0,3
88,21,14,0,,0,5,1,588,0,0,3
88,21,14,0,,1,7,0,800,1,4,1
88,22,15,1,,0,7,1,800,1,2,2
88,22,15,0,,1,4,0,626,0,3,0
88,22,15,0,,5,7,0,800,1,2,1
88,23,16,0,,0,4,1,800,1,2,2
88,23,16,0,,1,5,0,738,0,3,0
88,24,17,0,,0,1,1,618,0,0,4
88,24,17,0,,4,5,0,787,0,2,0
88,25,17,2,wc_wave_25,1,-1,0,610,0,3,0
88,25,17,2,wc_wave_25,4,-1,1,556,0,0,2
88,25,17,2,wc_wave_25,5,-1,1,586,0,0,3
88,26,18,1,,1,5,0,526,0,4,0
88,26,18,0,,4,5,1,570,0,0,3
88,27,19,1,,5,1,1,646,0,0,5
88,27,19,0,,1,4,0,766,0,3,0
88,28,20,0,,1,5,0,546,0,4,0
88,29,21,0,,1,5,0,703,0,3,0
88,30,21,2,wc_wave_30,1,-1,1,570,0,0,3
88,30,21,2,wc_wave_30,5,-1,1,362,0,0,5
88,31,22,0,,1,5,0,567,0,5,0
89,1,0,2,wc_wave_01,0,-1,0,35,0,4,0
89,1,0,2,wc_wave_01,1,-1,0,77,0,4,0
89,1,0,2,wc_wave_01,2,-1,0,68,0,4,0
89,1,0,2,wc_wave_01,3,-1,0,82,0,4,0
89,1,0,2,wc_wave_01,4,-1,0,58,0,4,0
89,1,0,2,wc_wave_01,5,-1,0,73,0,4,0
89,1,0,2,wc_wave_01,6,-1,0,91,0,4,0
89,1,0,2,wc_wave_01,7,-1,0,91,0,4,0
89,2,0,2,wc_wave_02,0,-1,0,156,0,4,0
89,2,0,2,wc_wave_02,1,-1,0,117,0,4,0
89,2,0,2,wc_wave_02,2,-1,0,112,0,4,0
89,2,0,2,wc_wave_02,3,-1,0,115,0,4,0
89,2,0,2,wc_wave_02,4,-1,0,105,0,4,0
89,2,0,2,wc_wave_02,5,-1,0,117,0,4,0
89,2,0,2,wc_wave_02,6,-1,0,116,0,4,0
89,2,0,2,wc_wave_02,7,-1,0,128,0,4,0
89,3,0,2,wc_wave_03,0,-1,0,124,0,5,0
89,3,0,2,wc_wave_03,1,-1,0,124,0,5,0
89,3,0,2,wc_wave_03,2,-1,0,136,0,5,0
89,3,0,2,wc_wave_03,3,-1,0,106,0,5,0
89,3,0,2,wc_wave_03,4,-1,0,105,0,5,0
89,3,0,2,wc_wave_03,5,-1,0,127,0,5,0
89,3,0,2,wc_wave_03,6,-1,0,117,0,5,0
89,3,0,2,wc_wave_03,7,-1,0,167,0,5,0
89,4,1,0,,0,5,0,800,1,4,2
89,4,1,0,,1,6,0,719,0,4,0
89,4,1,0,,2,4,1,613,0,0,4
89,4,1,0,,3,7,0,800,1,3,1
89,5,1,2,wc_wave_05,0,-1,0,174,0,5,0
89,5,1,2,wc_wave_05,1,-1,0,182,0,5,0
89,5,1,2,wc_wave_05,2,-1,0,236,0,5,0
89,5,1,2,wc_wave_05,3,-1,0,190,0,5,0
89,5,1,2,wc_wave_05,4,-1,0,167,0,5,0
89,5,1,2,wc_wave_05,5,-1,0,273,0,5,0
89,5,1,2,wc_wave_05,6,-1,0,203,0,5,0
89,5,1,2,wc_wave_05,7,-1,0,202,0,5,0
89,6,2,0,,0,6,0,535,0,4,0
89,6,2,0,,1,3,1,658,0,0,4
89,6,2,0,,2,5,1,800,1,2,3
89,6,2,0,,4,7,0,695,0,4,0
89,7,3,0,,0,3,0,488,0,5,0
89,7,3,0,,1,7,1,788,0,0,4
89,7,3,0,,2,6,0,800,1,3,3
89,7,3,0,,4,5,0,572,0,6,0
89,8,4,0,,0,2,0,686,0,4,0
89,8,4,0,,1,4,1,613,0,0,6
89,8,4,0,,3,6,0,600,0,4,0
89,8,4,0,,5,7,0,800,1,3,1
89,9,5,0,,0,7,0,647,0,5,0
89,9,5,0,,1,5,0,800,1,3,2
89,9,5,0,,2,3,1,624,0,0,4
89,9,5,0,,4,6,0,607,0,5,0
89,10,5,2,wc_wave_10,0,-1,0,270,0,6,0
89,10,5,2,wc_wave_10,1,-1,0,263,0,6,0
89,10,5,2,wc_wave_10,2,-1,0,305,0,6,0
89,10,5,2,wc_wave_10,3,-1,0,236,0,5,0
89,10,5,2,wc_wave_10,4,-1,0,303,0,6,0
89,10,5,2,wc_wave_10,5,-1,0,244,0,6,0
89,10,5,2,wc_wave_10,6,-1,0,292,0,6,0
89,10,5,2,wc_wave_10,7,-1,0,326,0,6,0
89,11,6,0,,0,4,0,765,0,3,0
89,11,6,0,,1,2,1,790,0,0,6
89,11,6,0,,3,5,0,800,1,3,1
89,11,6,0,,6,7,0,782,0,2,0
89,12,7,0,,0,1,0,732,0,4,0
89,12,7,0,,2,7,0,800,1,5,2
89,12,7,0,,3,4,1,768,0,0,1
89,12,7,0,,5,6,1,612,0,0,4
89,13,8,0,,0,6,0,800,1,3,1
89,13,8,0,,1,2,1,800,1,2,3
89,13,8,0,,3,5,0,682,0,4,0
89,13,8,0,,4,7,0,800,1,3,1
89,14,9,0,,0,1,0,653,0,3,0
89,14,9,0,,2,7,0,800,1,5,2
89,14,9,0,,3,6,1,618,0,0,6
89,14,9,0,,4,5,0,629,0,5,0
89,15,9,2,wc_wave_15,0,-1,0,264,0,5,0
89,15,9,2,wc_wave_15,1,-1,0,326,0,5,0
89,15,9,2,wc_wave_15,2,-1,0,474,0,5,0
89,15,9,2,wc_wave_15,3,-1,0,335,0,4,0
89,15,9,2,wc_wave_15,4,-1,0,364,0,6,0
89,15,9,2,wc_wave_15,5,-1,0,348,0,5,0
89,15,9,2,wc_wave_15,6,-1,0,324,0,5,0
89,15,9,2,wc_wave_15,7,-1,0,458,0,5,0
89,16,10,0,,0,5,0,703,0,5,0
89,16,10,0,,1,4,1,800,1,2,3
89,16,10,0,,2,6,1,609,0,0,5
89,16,10,0,,3,7,0,800,1,3,2
89,17,11,0,,0,4,0,764,0,3,0
89,17,11,0,,1,7,0,800,1,4,2
89,17,11,0,,2,3,1,680,0,0,4
89,17,11,0,,5,6,1,583,0,0,5
89,18,12,0,,0,2,0,587,0,5,0
89,18,12,0,,1,3,0,800,1,4,1
89,18,12,0,,4,6,1,800,1,1,4
89,19,13,0,,0,3,0,684,0,4,0
89,19,13,0,,1,6,1,800,1,2,4
89,19,13,0,,2,4,1,800,1,1,4
89,20,13,2,wc_wave_20,0,-1,0,435,0,3,0
89,20,13,2,wc_wave_20,2,-1,0,800,1,2,1
89,20,13,2,wc_wave_20,3,-1,1,655,0,0,1
89,20,13,2,wc_wave_20,4,-1,0,646,0,2,0
89,20,13,2,wc_wave_20,6,-1,0,578,0,2,0
89,21,14,1,,4,3,0,731,0,4,0
89,21,14,0,,0,2,0,558,0,5,0
89,21,14,0,,3,6,1,570,0,0,4
89,22,15,0,,0,3,0,800,1,3,2
89,22,15,0,,4,6,1,751,0,0,3
89,23,16,1,,6,0,1,751,0,0,2
89,23,16,0,,0,4,0,737,0,3,0
89,24,17,1,,0,6,0,800,1,2,2
89,24,17,0,,4,6,1,647,0,0,4
89,25,17,2,wc_wave_25,0,-1,0,522,0,4,0
89,25,17,2,wc_wave_25,4,-1,1,703,0,0,1
89,25,17,2,wc_wave_25,6,-1,0,574,0,3,0
89,26,18,1,,6,0,1,800,1,1,4
89,26,18,0,,0,4,0,672,0,3,0
89,27,19,1,,4,6,1,678,0,0,3
89,27,19,0,,0,6,1,800,1,1,1
89,28,20,0,,0,6,1,800,1,2,3
89,29,21,0,,0,6,0,800,1,1,1
90,1,0,2,wc_wave_01,0,-1,0,82,0,4,0
90,1,0,2,wc_wave_01,1,-1,0,35,0,4,0
90,1,0,2,wc_wave_01,2,-1,0,93,0,4,0
90,1,0,2,wc_wave_01,3,-1,0,84,0,4,0
90,1,0,2,wc_wave_01,4,-1,0,63,0,4,0
90,1,0,2,wc_wave_01,5,-1,0,82,0,4,0
90,1,0,2,wc_wave_01,6,-1,0,76,0,4,0
90,1,0,2,wc_wave_01,7,-1,0,76,0,4,0
90,2,0,2,wc_wave_02,0,-1,0,92,0,4,0
90,2,0,2,wc_wave_02,1,-1,0,99,0,4,0
90,2,0,2,wc_wave_02,2,-1,0,137,0,4,0
90,2,0,2,wc_wave_02,3,-1,0,99,0,4,0
90,2,0,2,wc_wave_02,4,-1,0,96,0,4,0
90,2,0,2,wc_wave_02,5,-1,0,117,0,4,0
90,2,0,2,wc_wave_02,6,-1,0,106,0,4,0
90,2,0,2,wc_wave_02,7,-1,0,86,0,4,0
90,3,0,2,wc_wave_03,0,-1,0,119,0,5,0
90,3,0,2,wc_wave_03,1,-1,0,106,0,5,0
90,3,0,2,wc_wave_03,2,-1,0,185,0,5,0
90,3,0,2,wc_wave_03,3,-1,0,105,0,5,0
90,3,0,2,wc_wave_03,4,-1,0,86,0,5,0
90,3,0,2,wc_wave_03,5,-1,0,112,0,5,0
90,3,0,2,wc_wave_03,6,-1,0,153,0,5,0
90,3,0,2,wc_wave_03,7,-1,0,138,0,5,0
90,4,1,0,,0,7,1,664,0,0,4
90,4,1,0,,1,3,0,455,0,4,0
90,4,1,0,,2,6,0,800,1,3,3
90,4,1,0,,4,5,0,743,0,3,0
90,5,1,2,wc_wave_05,0,-1,0,223,0,5,0
90,5,1,2,wc_wave_05,1,-1,0,123,0,5,0
90,5,1,2,wc_wave_05,2,-1,0,310,0,5,0
90,5,1,2,wc_wave_05,3,-1,0,169,0,5,0
90,5,1,2,wc_wave_05,4,-1,0,163,0,5,0
90,5,1,2,wc_wave_05,5,-1,0,200,0,5,0
90,5,1,2,wc_wave_05,6,-1,0,210,0,5,0
90,5,1,2,wc_wave_05,7,-1,0,185,0,5,0
90,6,2,0,,0,2,1,800,1,1,3
90,6,2,0,,1,6,1,646,0,0,2
90,6,2,0,,3,4,1,792,0,0,2
90,6,2,0,,5,7,1,800,1,2,4
90,7,3,0,,0,5,0,792,0,3,0
90,7,3,0,,1,2,0,800,1,3,1
90,7,3,0,,3,6,1,757,0,0,3
90,7,3,0,,4,7,1,800,1,1,3
90,8,4,0,,0,1,0,429,0,4,0
90,8,4,0,,2,7,1,743,0,0,4
90,8,4,0,,3,5,0,800,1,2,2
90,8,4,0,,4,6,0,800,1,3,2
90,9,5,0,,0,4,0,592,0,6,0
90,9,5,0,,1,5,1,800,1,2,2
90,9,5,0,,2,3,1,790,0,0,4
90,9,5,0,,6,7,1,495,0,0,4
90,10,5,2,wc_wave_10,0,-1,0,255,0,6,0
90,10,5,2,wc_wave_10,1,-1,0,202,0,6,0
90,10,5,2,wc_wave_10,2,-1,0,634,0,4,0
90,10,5,2,wc_wave_10,3,-1,0,253,0,6,0
90,10,5,2,wc_wave_10,4,-1,0,263,0,6,0
90,10,5,2,wc_wave_10,5,-1,0,286,0,6,0
90,10,5,2,wc_wave_10,6,-1,0,255,0,5,0
90,10,5,2,wc_wave_10,7,-1,0,339,0,6,0
90,11,6,0,,0,3,0,549,0,5,0
90,11,6,0,,1,7,1,502,0,0,4
90,11,6,0,,2,4,1,583,0,0,5
90,11,6,0,,5,6,0,800,1,3,2
90,12,7,0,,0,6,0,728,0,4,0
90,12,7,0,,1,4,1,800,1,1,1
90,12,7,0,,2,5,1,606,0,0,6
90,12,7,0,,3,7,1,511,0,0,4
90,13,8,0,,0,2,0,652,0,5,0
90,13,8,0,,1,7,1,415,0,0,4
90,13,8,0,,3,4,1,496,0,0,4
90,13,8,0,,5,6,0,792,0,4,0
90,14,9,0,,0,5,0,800,1,1,1
90,14,9,0,,1,3,0,494,0,3,0
90,14,9,0,,2,4,1,572,0,0,6
90,14,9,0,,6,7,1,678,0,0,5
90,15,9,2,wc_wave_15,0,-1,0,296,0,6,0
90,15,9,2,wc_wave_15,1,-1,0,321,0,5,0
90,15,9,2,wc_wave_15,2,-1,0,531,0,5,0
90,15,9,2,wc_wave_15,3,-1,0,416,0,5,0
90,15,9,2,wc_wave_15,4,-1,0,254,0,5,0
90,15,9,2,wc_wave_15,5,-1,0,291,0,5,0
90,15,9,2,wc_wave_15,6,-1,0,424,0,5,0
90,15,9,2,wc_wave_15,7,-1,0,264,0,6,0
90,16,10,0,,0,7,0,800,1,2,2
90,16,10,0,,1,5,1,696,0,0,3
90,16,10,0,,2,3,1,745,0,0,3
90,16,10,0,,4,6,0,800,1,3,1
90,17,11,1,,1,0,1,610,0,0,4
90,17,11,0,,0,6,0,675,0,5,0
90,17,11,0,,3,7,1,452,0,0,4
90,17,11,0,,4,5,0,800,1,3,1
90,18,12,0,,0,3,0,502,0,5,0
90,18,12,0,,1,4,0,545,0,3,0
90,18,12,0,,5,7,1,585,0,0,4
90,19,13,1,,4,7,1,557,0,0,5
90,19,13,0,,0,7,1,721,0,0,3
90,19,13,0,,1,5,0,672,0,2,0
90,20,13,2,wc_wave_20,0,-1,0,557,0,2,0
90,20,13,2,wc_wave_20,1,-1,0,374,0,4,0
90,20,13,2,wc_wave_20,4,-1,0,407,0,3,0
90,20,13,2,wc_wave_20,5,-1,1,761,0,0,1
90,20,13,2,wc_wave_20,7,-1,0,425,0,3,0
90,21,14,1,,7,1,0,783,0,1,0
90,21,14,0,,0,1,1,745,0,0,3
90,21,14,0,,4,5,0,800,1,2,2
90,22,15,1,,5,7,1,744,0,0,4
90,22,15,0,,0,7,1,735,0,0,3
90,22,15,0,,1,4,0,613,0,3,0
90,23,16,0,,0,4,0,638,0,5,0
90,23,16,0,,1,7,1,727,0,0,2
90,24,17,0,,0,1,1,657,0,0,2
90,24,17,0,,4,7,1,761,0,0,3
90,25,17,2,wc_wave_25,0,-1,1,667,0,0,3
90,25,17,2,wc_wave_25,1,-1,0,433,0,3,0
90,25,17,2,wc_wave_25,7,-1,0,573,0,3,0
90,26,18,1,,0,7,0,800,1,2,1
90,26,18,0,,1,7,1,666,0,0,2
90,27,19,0,,0,7,1,759,0,0,2
90,28,20,0,,0,7,0,800,1,2,1
90,29,21,0,,0,7,1,800,1,1,2
91,1,0,2,wc_wave_01,0,-1,0,37,0,4,0
91,1,0,2,wc_wave_01,1,-1,0,81,0,4,0
91,1,0,2,wc_wave_01,2,-1,0,78,0,3,0
91,1,0,2,wc_wave_01,3,-1,0,97,0,4,0
91,1,0,2,wc_wave_01,4,-1,0,82,0,4,0
91,1,0,2,wc_wave_01,5,-1,0,91,0,4,0
91,1,0,2,wc_wave_01,6,-1,0,34,0,4,0
91,1,0,2,wc_wave_01,7,-1,0,63,0,4,0
91,2,0,2,wc_wave_02,0,-1,0,105,0,4,0
91,2,0,2,wc_wave_02,1,-1,0,99,0,4,0
91,2,0,2,wc_wave_02,2,-1,0,94,0,4,0
91,2,0,2,wc_wave_02,3,-1,0,119,0,4,0
91,2,0,2,wc_wave_02,4,-1,0,98,0,4,0
91,2,0,2,wc_wave_02,5,-1,0,119,0,4,0
91,2,0,2,wc_wave_02,6,-1,0,81,0,4,0
91,2,0,2,wc_wave_02,7,-1,0,111,0,4,0
91,3,0,2,wc_wave_03,0,-1,0,142,0,5,0
91,3,0,2,wc_wave_03,1,-1,0,123,0,5,0
91,3,0,2,wc_wave_03,2,-1,0,105,0,5,0
91,3,0,2,wc_wave_03,3,-1,0,124,0,5,0
91,3,0,2,wc_wave_03,4,-1,0,63,0,5,0
91,3,0,2,wc_wave_03,5,-1,0,109,0,5,0
91,3,0,2,wc_wave_03,6,-1,0,112,0,5,0
91,3,0,2,wc_wave_03,7,-1,0,117,0,5,0
91,4,1,0,,0,3,1,800,1,2,2
91,4,1,0,,1,2,1,686,0,0,1
91,4,1,0,,4,6,0,369,0,5,0
91,4,1,0,,5,7,1,505,0,0,4
91,5,1,2,wc_wave_05,0,-1,0,169,0,5,0
91,5,1,2,wc_wave_05,1,-1,0,173,0,5,0
91,5,1,2,wc_wave_05,2,-1,0,266,0,5,0
91,5,1,2,wc_wave_05,3,-1,0,196,0,5,0
91,5,1,2,wc_wave_05,4,-1,0,138,0,5,0
91,5,1,2,wc_wave_05,5,-1,0,214,0,5,0
91,5,1,2,wc_wave_05,6,-1,0,173,0,5,0
91,5,1,2,wc_wave_05,7,-1,0,159,0,5,0
91,6,2,0,,0,5,1,800,1,2,1
91,6,2,0,,1,4,1,338,0,0,5
91,6,2,0,,2,6,0,567,0,4,0
91,6,2,0,,3,7,1,564,0,0,4
91,7,3,0,,0,4,1,800,1,2,2
91,7,3,0,,1,5,1,757,0,0,3
91,7,3,0,,2,3,0,800,1,3,2
91,7,3,0,,6,7,1,461,0,0,5
91,8,4,0,,0,7,1,566,0,0,4
91,8,4,0,,1,6,0,629,0,4,0
91,8,4,0,,2,5,0,800,1,3,2
91,8,4,0,,3,4,0,560,0,5,0
91,9,5,0,,0,6,0,638,0,3,0
91,9,5,0,,1,7,1,457,0,0,6
91,9,5,0,,2,4,0,800,1,4,3
91,9,5,0,,3,5,1,800,1,1,3
91,10,5,2,wc_wave_10,0,-1,0,196,0,6,0
91,10,5,2,wc_wave_10,1,-1,0,311,0,5,0
91,10,5,2,wc_wave_10,2,-1,0,367,0,6,0
91,10,5,2,wc_wave_10,3,-1,0,270,0,6,0
91,10,5,2,wc_wave_10,4,-1,0,244,0,6,0
91,10,5,2,wc_wave_10,5,-1,0,203,0,6,0
91,10,5,2,wc_wave_10,6,-1,0,254,0,6,0
91,10,5,2,wc_wave_10,7,-1,0,233,0,6,0
91,11,6,0,,0,1,0,294,0,6,0
91,11,6,0,,2,7,1,751,0,0,3
91,11,6,0,,3,6,0,800,1,3,1
91,11,6,0,,4,5,1,775,0,0,3
91,12,7,0,,0,2,0,730,0,3,0
91,12,7,0,,1,3,1,800,1,2,2
91,12,7,0,,4,7,1,529,0,0,5
91,12,7,0,,5,6,0,558,0,4,0
91,13,8,0,,0,4,0,578,0,5,0
91,13,8,0,,1,2,1,619,0,0,5
91,13,8,0,,3,5,1,567,0,0,4
91,13,8,0,,6,7,1,517,0,0,5
91,14,9,0,,0,1,0,351,0,6,0
91,14,9,0,,2,7,1,800,1,1,4
91,14,9,0,,3,4,1,800,1,2,4
91,14,9,0,,5,6,0,534,0,5,0
91,15,9,2,wc_wave_15,0,-1,0,247,0,5,0
91,15,9,2,wc_wave_15,1,-1,0,537,0,1,0
91,15,9,2,wc_wave_15,2,-1,0,461,0,5,0
91,15,9,2,wc_wave_15,3,-1,0,418,0,4,0
91,15,9,2,wc_wave_15,4,-1,0,310,0,5,0
91,15,9,2,wc_wave_15,5,-1,0,308,0,5,0
91,15,9,2,wc_wave_15,7,-1,0,281,0,6,0
91,16,10,1,,7,3,0,674,0,4,0
91,16,10,0,,0,2,0,607,0,3,0
91,16,10,0,,1,3,0,634,0,4,0
91,16,10,0,,4,5,1,708,0,0,3
91,17,11,1,,0,7,0,566,0,3,0
91,17,11,0,,1,4,1,621,0,0,6
91,17,11,0,,2,3,0,800,1,5,1
91,17,11,0,,5,7,1,727,0,0,3
91,18,12,0,,0,3,0,494,0,5,0
91,18,12,0,,2,5,0,800,1,4,2
91,18,12,0,,4,7,1,650,0,0,5
91,19,13,0,,0,5,0,466,0,4,0
91,19,13,0,,2,4,0,800,1,4,1
91,19,13,0,,3,7,1,723,0,0,4
91,20,13,2,wc_wave_20,0,-1,0,332,0,4,0
91,20,13,2,wc_wave_20,2,-1,0,715,0,2,0
91,20,13,2,wc_wave_20,5,-1,0,628,0,2,0
91,20,13,2,wc_wave_20,7,-1,0,449,0,4,0
91,21,14,0,,0,2,0,607,0,4,0
91,21,14,0,,5,7,1,783,0,0,3
91,22,15,0,,0,7,0,491,0,4,0
91,22,15,0,,2,5,0,800,1,3,2
91,23,16,0,,0,5,0,506,0,3,0
91,23,16,0,,2,7,1,800,1,1,3
91,24,17,1,,2,0,1,550,0,0,5
91,24,17,0,,0,7,0,575,0,3,0
91,25,17,2,wc_wave_25,0,-1,0,372,0,5,0
91,25,17,2,wc_wave_25,2,-1,1,732,0,0,3
91,25,17,2,wc_wave_25,7,-1,0,542,0,4,0
91,26,18,1,,7,2,0,800,1,3,2
91,26,18,0,,0,2,0,607,0,4,0
91,27,19,0,,0,7,0,491,0,3,0
91,28,20,0,,0,7,0,528,0,3,0
91,29,21,0,,0,7,0,528,0,3,0
91,30,21,2,wc_wave_30,0,-1,0,437,0,2,0
91,30,21,2,wc_wave_30,7,-1,1,627,0,0,2
91,31,22,0,,0,7,0,578,0,3,0
91,32,23,0,,0,7,0,619,0,3,0
92,1,0,2,wc_wave_01,0,-1,0,65,0,4,0
92,1,0,2,wc_wave_01,1,-1,0,63,0,4,0
92,1,0,2,wc_wave_01,2,-1,0,99,0,4,0
92,1,0,2,wc_wave_01,3,-1,0,63,0,4,0
92,1,0,2,wc_wave_01,4,-1,0,83,0,4,0
92,1,0,2,wc_wave_01,5,-1,0,35,0,4,0
92,1,0,2,wc_wave_01,6,-1,0,82,0,4,0
92,1,0,2,wc_wave_01,7,-1,0,82,0,4,0
92,2,0,2,wc_wave_02,0,-1,0,119,0,4,0
92,2,0,2,wc_wave_02,1,-1,0,99,0,4,0
92,2,0,2,wc_wave_02,2,-1,0,107,0,4,0
92,2,0,2,wc_wave_02,3,-1,0,105,0,4,0
92,2,0,2,wc_wave_02,4,-1,0,99,0,4,0
92,2,0,2,wc_wave_02,5,-1,0,105,0,4,0
92,2,0,2,wc_wave_02,6,-1,0,73,0,4,0
92,2,0,2,wc_wave_02,7,-1,0,173,0,4,0
92,3,0,2,wc_wave_03,0,-1,0,117,0,5,0
92,3,0,2,wc_wave_03,1,-1,0,118,0,5,0
92,3,0,2,wc_wave_03,2,-1,0,174,0,5,0
92,3,0,2,wc_wave_03,3,-1,0,125,0,5,0
92,3,0,2,wc_wave_03,4,-1,0,117,0,5,0
92,3,0,2,wc_wave_03,5,-1,0,105,0,5,0
92,3,0,2,wc_wave_03,6,-1,0,128,0,5,0
92,3,0,2,wc_wave_03,7,-1,0,174,0,5,0
92,4,1,0,,0,4,0,800,1,1,1
92,4,1,0,,1,3,0,660,0,2,0
92,4,1,0,,2,7,0,800,1,3,3
92,4,1,0,,5,6,0,611,0,3,0
92,5,1,2,wc_wave_05,0,-1,0,173,0,5,0
92,5,1,2,wc_wave_05,1,-1,0,240,0,5,0
92,5,1,2,wc_wave_05,2,-1,0,288,0,5,0
92,5,1,2,wc_wave_05,3,-1,0,146,0,5,0
92,5,1,2,wc_wave_05,4,-1,0,200,0,5,0
92,5,1,2,wc_wave_05,5,-1,0,146,0,5,0
92,5,1,2,wc_wave_05,6,-1,0,176,0,5,0
92,5,1,2,wc_wave_05,7,-1,0,254,0,5,0
92,6,2,0,,0,7,1,748,0,0,3
92,6,2,0,,1,4,0,563,0,3,0
92,6,2,0,,2,6,1,558,0,0,5
92,6,2,0,,3,5,1,800,1,1,2
92,7,3,0,,0,5,1,515,0,0,4
92,7,3,0,,1,2,0,800,1,2,2
92,7,3,0,,3,4,0,559,0,4,0
92,7,3,0,,6,7,0,800,1,3,2
92,8,4,0,,0,2,0,601,0,4,0
92,8,4,0,,1,7,1,800,1,2,3
92,8,4,0,,3,6,0,630,0,3,0
92,8,4,0,,4,5,1,410,0,0,3
92,9,5,0,,0,1,0,600,0,3,0
92,9,5,0,,2,3,1,800,1,1,1
92,9,5,0,,4,6,1,690,0,0,3
92,9,5,0,,5,7,0,650,0,5,0
92,10,5,2,wc_wave_10,0,-1,0,203,0,6,0
92,10,5,2,wc_wave_10,1,-1,0,241,0,6,0
92,10,5,2,wc_wave_10,2,-1,0,334,0,6,0
92,10,5,2,wc_wave_10,3,-1,0,205,0,6,0
92,10,5,2,wc_wave_10,4,-1,0,401,0,3,0
92,10,5,2,wc_wave_10,5,-1,0,195,0,6,0
92,10,5,2,wc_wave_10,6,-1,0,221,0,6,0
92,10,5,2,wc_wave_10,7,-1,0,411,0,4,0
92,11,6,0,,0,6,0,491,0,4,0
92,11,6,0,,1,5,1,590,0,0,2
92,11,6,0,,2,4,0,548,0,6,0
92,11,6,0,,3,7,0,718,0,3,0
92,12,7,0,,0,3,1,650,0,0,5
92,12,7,0,,1,6,1,800,1,1,2
92,12,7,0,,2,5,1,791,0,0,1
92,12,7,0,,4,7,1,770,0,0,6
92,13,8,0,,0,4,0,373,0,6,0
92,13,8,0,,1,5,1,505,0,0,4
92,13,8,0,,2,7,0,794,0,4,0
92,13,8,0,,3,6,0,509,0,4,0
92,14,9,0,,0,7,0,577,0,6,0
92,14,9,0,,1,4,0,448,0,5,0
92,14,9,0,,2,6,0,674,0,3,0
92,14,9,0,,3,5,1,658,0,0,3
92,15,9,2,wc_wave_15,0,-1,0,217,0,6,0
92,15,9,2,wc_wave_15,1,-1,0,314,0,5,0
92,15,9,2,wc_wave_15,2,-1,0,301,0,5,0
92,15,9,2,wc_wave_15,3,-1,0,256,0,4,0
92,15,9,2,wc_wave_15,5,-1,0,256,0,5,0
92,15,9,2,wc_wave_15,6,-1,0,289,0,5,0
92,15,9,2,wc_wave_15,7,-1,0,462,0,5,0
92,16,10,1,,0,3,0,541,0,5,0
92,16,10,0,,1,7,0,700,0,4,0
92,16,10,0,,2,3,1,800,1,1,2
92,16,10,0,,5,6,0,421,0,3,0
92,17,11,1,,7,6,1,800,1,1,2
92,17,11,0,,0,6,0,436,0,5,0
92,17,11,0,,1,3,1,743,0,0,3
92,17,11,0,,2,5,1,490,0,0,3
92,18,12,1,,1,6,0,500,0,3,0
92,18,12,0,,0,5,0,747,0,2,0
92,18,12,0,,2,6,0,548,0,4,0
92,18,12,0,,3,7,0,664,0,5,0
92,19,13,0,,0,1,0,505,0,5,0
92,19,13,0,,2,3,1,800,1,1,3
92,19,13,0,,5,6,0,359,0,5,0
92,20,13,2,wc_wave_20,0,-1,0,407,0,4,0
92,20,13,2,wc_wave_20,1,-1,0,483,0,2,0
92,20,13,2,wc_wave_20,2,-1,0,800,1,1,1
92,20,13,2,wc_wave_20,3,-1,0,570,0,2,0
92,20,13,2,wc_wave_20,5,-1,0,408,0,3,0
92,21,14,1,,3,1,1,800,1,1,3
92,21,14,0,,0,2,0,800,1,1,1
92,21,14,0,,1,5,1,481,0,0,3
92,22,15,1,,2,1,0,492,0,4,0
92,22,15,0,,0,1,0,425,0,5,0
92,22,15,0,,3,5,1,800,1,1,1
92,23,16,0,,0,3,0,800,1,3,1
92,23,16,0,,2,5,0,729,0,2,0
92,24,17,0,,0,5,1,649,0,0,3
92,24,17,0,,2,3,0,800,1,2,1
92,25,17,2,wc_wave_25,0,-1,0,437,0,6,0
92,25,17,2,wc_wave_25,2,-1,0,443,0,3,0
92,25,17,2,wc_wave_25,3,-1,1,682,0,0,1
92,25,17,2,wc_wave_25,5,-1,0,431,0,3,0
92,26,18,0,,0,2,0,765,0,3,0
92,26,18,0,,3,5,1,671,0,0,3
92,27,19,1,,5,0,0,583,0,3,0
92,27,19,0,,0,3,0,542,0,5,0
92,28,20,0,,0,5,1,566,0,0,4
92,29,21,0,,0,5,1,723,0,0,2
92,30,21,2,wc_wave_30,0,-1,1,543,0,0,3
92,30,21,2,wc_wave_30,5,-1,0,627,0,1,0
92,31,22,0,,0,5,1,566,0,0,4
92,32,23,0,,0,5,1,707,0,0,3
93,1,0,2,wc_wave_01,0,-1,0,37,0,4,0
93,1,0,2,wc_wave_01,1,-1,0,82,0,4,0
93,1,0,2,wc_wave_01,2,-1,0,94,0,4,0
93,1,0,2,wc_wave_01,3,-1,0,89,0,4,0
93,1,0,2,wc_wave_01,4,-1,0,76,0,4,0
93,1,0,2,wc_wave_01,5,-1,0,76,0,4,0
93,1,0,2,wc_wave_01,6,-1,0,74,0,4,0
93,1,0,2,wc_wave_01,7,-1,0,34,0,4,0
93,2,0,2,wc_wave_02,0,-1,0,128,0,4,0
93,2,0,2,wc_wave_02,1,-1,0,99,0,4,0
93,2,0,2,wc_wave_02,2,-1,0,121,0,4,0
93,2,0,2,wc_wave_02,3,-1,0,106,0,4,0
93,2,0,2,wc_wave_02,4,-1,0,105,0,4,0
93,2,0,2,wc_wave_02,5,-1,0,99,0,4,0
93,2,0,2,wc_wave_02,6,-1,0,115,0,4,0
93,2,0,2,wc_wave_02,7,-1,0,111,0,4,0
93,3,0,2,wc_wave_03,0,-1,0,148,0,5,0
93,3,0,2,wc_wave_03,1,-1,0,86,0,5,0
93,3,0,2,wc_wave_03,2,-1,0,141,0,5,0
93,3,0,2,wc_wave_03,3,-1,0,147,0,5,0
93,3,0,2,wc_wave_03,4,-1,0,105,0,5,0
93,3,0,2,wc_wave_03,5,-1,0,162,0,5,0
93,3,0,2,wc_wave_03,6,-1,0,95,0,5,0
93,3,0,2,wc_wave_03,7,-1,0,138,0,5,0
93,4,1,0,,0,3,1,800,1,2,2
93,4,1,0,,1,2,0,500,0,4,0
93,4,1,0,,4,7,0,581,0,3,0
93,4,1,0,,5,6,0,678,0,2,0
93,5,1,2,wc_wave_05,0,-1,0,227,0,5,0
93,5,1,2,wc_wave_05,1,-1,0,97,0,5,0
93,5,1,2,wc_wave_05,2,-1,0,266,0,5,0
93,5,1,2,wc_wave_05,3,-1,0,224,0,5,0
93,5,1,2,wc_wave_05,4,-1,0,174,0,5,0
93,5,1,2,wc_wave_05,5,-1,0,192,0,5,0
93,5,1,2,wc_wave_05,6,-1,0,186,0,5,0
93,5,1,2,wc_wave_05,7,-1,0,245,0,5,0
93,6,2,0,,0,6,1,800,1,2,3
93,6,2,0,,1,3,0,299,0,5,0
93,6,2,0,,2,7,1,618,0,0,3
93,6,2,0,,4,5,1,795,0,0,1
93,7,3,0,,0,7,1,697,0,0,5
93,7,3,0,,1,4,0,389,0,4,0
93,7,3,0,,2,6,1,618,0,0,4
93,7,3,0,,3,5,1,608,0,0,3
93,8,4,0,,0,4,-1,800,1,1,1
93,8,4,0,,1,6,0,469,0,3,0
93,8,4,0,,2,3,0,617,0,3,0
93,8,4,0,,5,7,1,598,0,0,5
93,9,5,0,,0,1,1,504,0,0,4
93,9,5,0,,2,5,0,800,1,3,1
93,9,5,0,,3,4,1,591,0,0,3
93,9,5,0,,6,7,0,545,0,4,0
93,10,5,2,wc_wave_10,0,-1,0,326,0,6,0
93,10,5,2,wc_wave_10,1,-1,0,194,0,6,0
93,10,5,2,wc_wave_10,2,-1,0,322,0,6,0
93,10,5,2,wc_wave_10,3,-1,0,326,0,5,0
93,10,5,2,wc_wave_10,4,-1,0,336,0,5,0
93,10,5,2,wc_wave_10,5,-1,0,188,0,6,0
93,10,5,2,wc_wave_10,6,-1,0,205,0,6,0
93,10,5,2,wc_wave_10,7,-1,0,222,0,6,0
93,11,6,0,,0,5,1,399,0,0,5
93,11,6,0,,1,7,0,731,0,1,0
93,11,6,0,,2,4,0,624,0,3,0
93,11,6,0,,3,6,1,386,0,0,5
93,12,7,0,,0,2,1,756,0,0,4
93,12,7,0,,1,5,1,594,0,0,1
93,12,7,0,,3,7,1,466,0,0,5
93,12,7,0,,4,6,1,374,0,0,5
93,13,8,0,,0,3,1,800,1,1,2
93,13,8,0,,1,4,0,403,0,5,0
93,13,8,0,,2,6,1,633,0,0,3
93,13,8,0,,5,7,0,459,0,4,0
93,14,9,0,,0,2,1,800,1,2,3
93,14,9,0,,1,7,0,528,0,4,0
93,14,9,0,,3,5,1,314,0,0,5
93,14,9,0,,4,6,1,379,0,0,5
93,15,9,2,wc_wave_15,0,-1,0,356,0,5,0
93,15,9,2,wc_wave_15,1,-1,0,218,0,6,0
93,15,9,2,wc_wave_15,2,-1,0,381,0,4,0
93,15,9,2,wc_wave_15,3,-1,0,382,0,5,0
93,15,9,2,wc_wave_15,4,-1,0,335,0,5,0
93,15,9,2,wc_wave_15,5,-1,0,236,0,5,0
93,15,9,2,wc_wave_15,6,-1,0,263,0,5,0
93,15,9,2,wc_wave_15,7,-1,0,264,0,6,0
93,16,10,0,,0,4,0,719,0,4,0
93,16,10,0,,1,2,0,587,0,5,0
93,16,10,0,,3,7,1,497,0,0,4
93,16,10,0,,5,6,0,727,0,2,0
93,17,11,0,,0,1,1,468,0,0,6
93,17,11,0,,2,5,1,465,0,0,5
93,17,11,0,,3,4,0,590,0,4,0
93,17,11,0,,6,7,0,485,0,4,0
93,18,12,1,,2,3,0,667,0,4,0
93,18,12,0,,1,5,0,741,0,2,0
93,18,12,0,,3,6,1,397,0,0,5
93,18,12,0,,4,7,1,444,0,0,5
93,19,13,1,,5,2,0,554,0,4,0
93,19,13,0,,1,6,0,594,0,3,0
93,19,13,0,,2,7,0,800,1,3,2
93,20,13,2,wc_wave_20,1,-1,0,317,0,4,0
93,20,13,2,wc_wave_20,2,-1,1,760,0,0,1
93,20,13,2,wc_wave_20,5,-1,0,317,0,4,0
93,20,13,2,wc_wave_20,6,-1,0,413,0,3,0
93,20,13,2,wc_wave_20,7,-1,0,538,0,2,0
93,21,14,1,,1,2,0,628,0,5,0
93,21,14,0,,2,6,1,777,0,0,3
93,21,14,0,,5,7,0,422,0,3,0
93,22,15,1,,7,6,1,506,0,0,4
93,22,15,0,,1,6,0,582,0,3,0
93,22,15,0,,2,5,1,529,0,0,4
93,23,16,1,,6,5,0,707,0,1,0
93,23,16,0,,1,5,0,582,0,3,0
93,24,17,1,,5,6,0,694,0,1,0
93,24,17,0,,1,6,0,558,0,3,0
93,25,17,2,wc_wave_25,1,-1,0,354,0,4,0
93,25,17,2,wc_wave_25,5,-1,0,393,0,4,0
93,25,17,2,wc_wave_25,6,-1,0,457,0,4,0
93,26,18,1,,1,5,0,556,0,2,0
93,26,18,0,,5,6,0,674,0,1,0
93,27,19,1,,6,1,1,489,0,0,2
93,27,19,0,,1,5,0,554,0,2,0
93,28,20,1,,5,6,0,577,0,2,0
93,28,20,0,,1,6,0,451,0,3,0
93,29,21,0,,1,5,0,509,0,2,0
93,30,21,2,wc_wave_30,1,-1,0,482,0,2,0
93,30,21,2,wc_wave_30,5,-1,0,566,0,1,0
93,31,22,0,,1,5,0,472,0,2,0
93,32,23,0,,1,5,0,526,0,2,0
93,33,24,0,,1,5,1,630,0,0,2
93,34,25,0,,1,5,0,533,0,2,0
94,1,0,2,wc_wave_01,0,-1,0,93,0,4,0
94,1,0,2,wc_wave_01,1,-1,0,82,0,4,0
94,1,0,2,wc_wave_01,2,-1,0,61,0,4,0
94,1,0,2,wc_wave_01,3,-1,0,34,0,3,0
94,1,0,2,wc_wave_01,4,-1,0,82,0,4,0
94,1,0,2,wc_wave_01,5,-1,0,56,0,4,0
94,1,0,2,wc_wave_01,6,-1,0,56,0,4,0
94,1,0,2,wc_wave_01,7,-1,0,85,0,4,0
94,2,0,2,wc_wave_02,0,-1,0,128,0,4,0
94,2,0,2,wc_wave_02,1,-1,0,81,0,4,0
94,2,0,2,wc_wave_02,2,-1,0,105,0,4,0
94,2,0,2,wc_wave_02,3,-1,0,86,0,4,0
94,2,0,2,wc_wave_02,4,-1,0,127,0,4,0
94,2,0,2,wc_wave_02,5,-1,0,97,0,4,0
94,2,0,2,wc_wave_02,6,-1,0,105,0,4,0
94,2,0,2,wc_wave_02,7,-1,0,95,0,4,0
94,3,0,2,wc_wave_03,0,-1,0,137,0,5,0
94,3,0,2,wc_wave_03,1,-1,0,99,0,5,0
94,3,0,2,wc_wave_03,2,-1,0,244,0,5,0
94,3,0,2,wc_wave_03,3,-1,0,99,0,5,0
94,3,0,2,wc_wave_03,4,-1,0,117,0,5,0
94,3,0,2,wc_wave_03,5,-1,0,110,0,5,0
94,3,0,2,wc_wave_03,6,-1,0,117,0,5,0
94,3,0,2,wc_wave_03,7,-1,0,133,0,5,0
94,4,1,0,,0,7,0,599,0,3,0
94,4,1,0,,1,4,1,603,0,0,3
94,4,1,0,,2,6,1,800,1,3,3
94,4,1,0,,3,5,0,572,0,2,0
94,5,1,2,wc_wave_05,0,-1,0,146,0,5,0
94,5,1,2,wc_wave_05,1,-1,0,185,0,5,0
94,5,1,2,wc_wave_05,2,-1,0,335,0,5,0
94,5,1,2,wc_wave_05,3,-1,0,119,0,5,0
94,5,1,2,wc_wave_05,4,-1,0,185,0,5,0
94,5,1,2,wc_wave_05,5,-1,0,132,0,5,0
94,5,1,2,wc_wave_05,6,-1,0,203,0,5,0
94,5,1,2,wc_wave_05,7,-1,0,210,0,5,0
94,6,2,0,,0,2,0,527,0,5,0
94,6,2,0,,1,5,0,647,0,3,0
94,6,2,0,,3,6,0,547,0,3,0
94,6,2,0,,4,7,1,783,0,0,3
94,7,3,0,,0,1,0,800,1,3,1
94,7,3,0,,2,5,1,467,0,0,5
94,7,3,0,,3,7,0,447,0,4,0
94,7,3,0,,4,6,1,800,1,3,4
94,8,4,0,,0,4,0,598,0,4,0
94,8,4,0,,1,3,0,460,0,5,0
94,8,4,0,,2,7,1,744,0,0,3
94,8,4,0,,5,6,0,800,1,2,2
94,9,5,0,,0,6,1,732,0,0,5
94,9,5,0,,1,7,0,560,0,4,0
94,9,5,0,,2,3,1,472,0,0,6
94,9,5,0,,4,5,1,771,0,0,4
94,10,5,2,wc_wave_10,0,-1,0,268,0,6,0
94,10,5,2,wc_wave_10,1,-1,0,259,0,6,0
94,10,5,2,wc_wave_10,2,-1,0,442,0,5,0
94,10,5,2,wc_wave_10,3,-1,0,214,0,6,0
94,10,5,2,wc_wave_10,4,-1,0,364,0,6,0
94,10,5,2,wc_wave_10,5,-1,0,218,0,6,0
94,10,5,2,wc_wave_10,6,-1,0,212,0,6,0
94,10,5,2,wc_wave_10,7,-1,0,307,0,6,0
94,11,6,0,,0,3,0,469,0,5,0
94,11,6,0,,1,6,0,630,0,4,0
94,11,6,0,,2,4,1,738,0,0,5
94,11,6,0,,5,7,0,613,0,3,0
94,12,7,0,,0,5,0,469,0,4,0
94,12,7,0,,1,2,0,415,0,6,0
94,12,7,0,,3,4,0,725,0,3,0
94,12,7,0,,6,7,0,751,0,1,0
94,13,8,0,,0,7,0,437,0,6,0
94,13,8,0,,1,6,0,668,0,3,0
94,13,8,0,,2,4,1,657,0,0,6
94,13,8,0,,3,5,0,666,0,2,0
94,14,9,0,,0,3,0,471,0,4,0
94,14,9,0,,1,5,0,413,0,5,0
94,14,9,0,,2,7,1,501,0,0,6
94,14,9,0,,4,6,1,800,1,3,3
94,15,9,2,wc_wave_15,0,-1,0,265,0,5,0
94,15,9,2,wc_wave_15,1,-1,0,288,0,6,0
94,15,9,2,wc_wave_15,3,-1,0,236,0,5,0
94,15,9,2,wc_wave_15,4,-1,0,443,0,5,0
94,15,9,2,wc_wave_15,5,-1,0,312,0,5,0
94,15,9,2,wc_wave_15,6,-1,0,256,0,6,0
94,15,9,2,wc_wave_15,7,-1,0,247,0,5,0
94,16,10,1,,7,3,1,630,0,0,3
94,16,10,0,,0,1,0,560,0,5,0
94,16,10,0,,3,6,0,649,0,2,0
94,16,10,0,,4,5,0,723,0,4,0
94,17,11,1,,5,0,1,481,0,0,4
94,17,11,0,,0,6,0,537,0,5,0
94,17,11,0,,1,7,0,415,0,6,0
94,17,11,0,,3,4,1,800,1,2,3
94,18,12,1,,3,1,1,601,0,0,4
94,18,12,0,,0,1,0,643,0,3,0
94,18,12,0,,4,7,0,800,1,2,1
94,18,12,0,,5,6,1,439,0,0,4
94,19,13,0,,0,5,0,556,0,4,0
94,19,13,0,,1,4,0,587,0,5,0
94,19,13,0,,3,6,1,534,0,0,4
94,20,13,2,wc_wave_20,0,-1,0,386,0,4,0
94,20,13,2,wc_wave_20,1,-1,0,419,0,3,0
94,20,13,2,wc_wave_20,3,-1,0,498,0,2,0
94,20,13,2,wc_wave_20,4,-1,1,573,0,0,3
94,20,13,2,wc_wave_20,6,-1,0,434,0,3,0
94,21,14,1,,6,0,1,587,0,0,4
94,21,14,0,,0,4,0,525,0,5,0
94,21,14,0,,1,3,0,576,0,4,0
94,22,15,0,,0,3,0,575,0,4,0
94,22,15,0,,1,6,0,567,0,4,0
94,23,16,1,,0,1,0,793,0,3,0
94,23,16,0,,1,6,0,800,1,3,1
94,24,17,0,,0,1,0,644,0,3,0
94,25,17,2,wc_wave_25,0,-1,0,421,0,4,0
94,25,17,2,wc_wave_25,1,-1,0,511,0,3,0
94,26,18,0,,0,1,0,684,0,3,0
94,27,19,0,,0,1,0,637,0,4,0
94,28,20,0,,0,1,0,697,0,3,0
95,1,0,2,wc_wave_01,0,-1,0,83,0,4,0
95,1,0,2,wc_wave_01,1,-1,0,84,0,4,0
95,1,0,2,wc_wave_01,2,-1,0,84,0,4,0
95,1,0,2,wc_wave_01,3,-1,0,56,0,4,0
95,1,0,2,wc_wave_01,4,-1,0,56,0,4,0
95,1,0,2,wc_wave_01,5,-1,0,93,0,4,0
95,1,0,2,wc_wave_01,6,-1,0,37,0,4,0
95,1,0,2,wc_wave_01,7,-1,0,82,0,4,0
95,2,0,2,wc_wave_02,0,-1,0,86,0,4,0
95,2,0,2,wc_wave_02,1,-1,0,124,0,4,0
95,2,0,2,wc_wave_02,2,-1,0,113,0,4,0
95,2,0,2,wc_wave_02,3,-1,0,105,0,4,0
95,2,0,2,wc_wave_02,4,-1,0,108,0,4,0
95,2,0,2,wc_wave_02,5,-1,0,98,0,4,0
95,2,0,2,wc_wave_02,6,-1,0,133,0,4,0
95,2,0,2,wc_wave_02,7,-1,0,119,0,4,0
95,3,0,2,wc_wave_03,0,-1,0,82,0,5,0
95,3,0,2,wc_wave_03,1,-1,0,108,0,5,0
95,3,0,2,wc_wave_03,2,-1,0,153,0,5,0
95,3,0,2,wc_wave_03,3,-1,0,124,0,5,0
95,3,0,2,wc_wave_03,4,-1,0,94,0,5,0
95,3,0,2,wc_wave_03,5,-1,0,123,0,5,0
95,3,0,2,wc_wave_03,6,-1,0,163,0,5,0
95,3,0,2,wc_wave_03,7,-1,0,134,0,5,0
95,4,1,0,,0,4,0,785,0,2,0
95,4,1,0,,1,6,1,695,0,0,3
95,4,1,0,,2,5,1,690,0,0,3
95,4,1,0,,3,7,0,775,0,2,0
95,5,1,2,wc_wave_05,0,-1,0,159,0,5,0
95,5,1,2,wc_wave_05,1,-1,0,185,0,5,0
95,5,1,2,wc_wave_05,2,-1,0,255,0,5,0
95,5,1,2,wc_wave_05,3,-1,0,149,0,5,0
95,5,1,2,wc_wave_05,4,-1,0,161,0,5,0
95,5,1,2,wc_wave_05,5,-1,0,169,0,5,0
95,5,1,2,wc_wave_05,6,-1,0,134,0,5,0
95,5,1,2,wc_wave_05,7,-1,0,214,0,5,0
95,6,2,0,,0,1,0,607,0,2,0
95,6,2,0,,2,3,1,553,0,0,3
95,6,2,0,,4,6,1,402,0,0,3
95,6,2,0,,5,7,1,800,1,1,2
95,7,3,0,,0,3,1,730,0,0,4
95,7,3,0,,1,2,0,611,0,4,0
95,7,3,0,,4,7,0,800,1,4,1
95,7,3,0,,5,6,1,558,0,0,3
95,8,4,0,,0,2,0,800,1,3,2
95,8,4,0,,1,7,1,778,0,0,3
95,8,4,0,,3,6,1,800,1,1,2
95,8,4,0,,4,5,0,800,1,2,1
95,9,5,0,,0,6,1,509,0,0,5
95,9,5,0,,1,4,0,646,0,2,0
95,9,5,0,,2,7,1,800,1,1,3
95,9,5,0,,3,5,1,800,1,1,1
95,10,5,2,wc_wave_10,0,-1,0,263,0,6,0
95,10,5,2,wc_wave_10,1,-1,0,206,0,6,0
95,10,5,2,wc_wave_10,2,-1,0,360,0,6,0
95,10,5,2,wc_wave_10,3,-1,0,300,0,6,0
95,10,5,2,wc_wave_10,4,-1,0,237,0,6,0
95,10,5,2,wc_wave_10,5,-1,0,232,0,6,0
95,10,5,2,wc_wave_10,6,-1,0,219,0,6,0
95,10,5,2,wc_wave_10,7,-1,0,299,0,6,0
95,11,6,0,,0,7,1,800,1,2,3
95,11,6,0,,1,5,1,565,0,0,5
95,11,6,0,,2,6,1,516,0,0,5
95,11,6,0,,3,4,1,768,0,0,2
95,12,7,0,,0,5,0,800,1,2,1
95,12,7,0,,1,3,0,626,0,3,0
95,12,7,0,,2,4,1,800,1,1,1
95,12,7,0,,6,7,0,653,0,5,0
95,13,8,0,,0,1,0,800,1,1,1
95,13,8,0,,2,6,1,744,0,0,4
95,13,8,0,,3,7,1,800,1,2,3
95,13,8,0,,4,5,1,595,0,0,2
95,14,9,0,,0,6,1,551,0,0,5
95,14,9,0,,1,7,0,613,0,5,0
95,14,9,0,,2,4,1,628,0,0,3
95,14,9,0,,3,5,1,584,0,0,5
95,15,9,2,wc_wave_15,0,-1,0,305,0,5,0
95,15,9,2,wc_wave_15,1,-1,0,214,0,5,0
95,15,9,2,wc_wave_15,2,-1,0,378,0,5,0
95,15,9,2,wc_wave_15,3,-1,0,363,0,4,0
95,15,9,2,wc_wave_15,4,-1,0,284,0,5,0
95,15,9,2,wc_wave_15,5,-1,0,277,0,5,0
95,15,9,2,wc_wave_15,6,-1,0,264,0,5,0
95,15,9,2,wc_wave_15,7,-1,0,427,0,5,0
95,16,10,0,,0,4,0,479,0,3,0
95,16,10,0,,1,3,1,553,0,0,3
95,16,10,0,,2,5,1,743,0,0,4
95,16,10,0,,6,7,1,777,0,0,2
95,17,11,1,,4,3,1,533,0,0,3
95,17,11,0,,0,3,0,683,0,3,0
95,17,11,0,,1,6,1,474,0,0,4
95,17,11,0,,5,7,0,711,0,4,0
95,18,12,1,,0,7,0,791,0,3,0
95,18,12,0,,1,5,1,734,0,0,2
95,18,12,0,,3,6,1,800,1,1,1
95,18,12,0,,4,7,0,800,1,1,1
95,19,13,1,,6,5,1,784,0,0,2
95,19,13,0,,0,5,1,800,1,1,3
95,19,13,0,,1,4,0,726,0,3,0
95,19,13,0,,3,7,0,800,1,1,1
95,20,13,2,wc_wave_20,0,-1,0,497,0,4,0
95,20,13,2,wc_wave_20,1,-1,1,682,0,0,1
95,20,13,2,wc_wave_20,3,-1,0,431,0,2,0
95,20,13,2,wc_wave_20,4,-1,1,675,0,0,1
95,20,13,2,wc_wave_20,5,-1,0,521,0,2,0
95,20,13,2,wc_wave_20,6,-1,0,496,0,2,0
95,20,13,2,wc_wave_20,7,-1,0,578,0,2,0
95,21,14,1,,3,4,0,618,0,2,0
95,21,14,0,,0,1,0,800,1,2,2
95,21,14,0,,4,6,1,566,0,0,4
95,21,14,0,,5,7,0,590,0,5,0
95,22,15,1,,7,4,0,800,1,2,1
95,22,15,0,,0,4,0,702,0,4,0
95,22,15,0,,1,6,1,708,0,0,3
95,22,15,0,,3,5,0,800,1,1,1
95,23,16,1,,5,0,0,800,1,1,1
95,23,16,0,,0,3,0,800,1,1,1
95,23,16,0,,6,7,1,800,1,2,1
95,24,17,1,,6,5,1,747,0,0,2
95,24,17,0,,0,7,0,800,1,2,2
95,24,17,0,,3,5,1,737,0,0,2
95,25,17,2,wc_wave_25,0,-1,0,474,0,4,0
95,25,17,2,wc_wave_25,5,-1,0,616,0,2,0
95,25,17,2,wc_wave_25,6,-1,1,523,0,0,3
95,26,18,1,,0,6,0,698,0,2,0
95,26,18,0,,5,6,0,605,0,3,0
95,27,19,1,,5,0,1,714,0,0,3
95,27,19,0,,0,6,0,532,0,3,0
95,28,20,1,,6,5,1,764,0,0,1
95,28,20,0,,0,5,1,800,1,1,2
95,29,21,1,,0,6,0,667,0,2,0
95,29,21,0,,5,6,0,784,0,2,0
95,30,21,2,wc_wave_30,0,-1,1,591,0,0,3
95,30,21,2,wc_wave_30,5,-1,1,627,0,0,2
95,31,22,0,,0,5,1,692,0,0,3
95,32,23,0,,0,5,1,800,1,1,1
96,1,0,2,wc_wave_01,0,-1,0,81,0,4,0
96,1,0,2,wc_wave_01,1,-1,0,34,0,4,0
96,1,0,2,wc_wave_01,2,-1,0,61,0,3,0
96,1,0,2,wc_wave_01,3,-1,0,76,0,4,0
96,1,0,2,wc_wave_01,4,-1,0,56,0,4,0
96,1,0,2,wc_wave_01,5,-1,0,61,0,4,0
96,1,0,2,wc_wave_01,6,-1,0,63,0,4,0
96,1,0,2,wc_wave_01,7,-1,0,82,0,4,0
96,2,0,2,wc_wave_02,0,-1,0,158,0,4,0
96,2,0,2,wc_wave_02,1,-1,0,75,0,4,0
96,2,0,2,wc_wave_02,2,-1,0,119,0,4,0
96,2,0,2,wc_wave_02,3,-1,0,119,0,4,0
96,2,0,2,wc_wave_02,4,-1,0,119,0,4,0
96,2,0,2,wc_wave_02,5,-1,0,105,0,4,0
96,2,0,2,wc_wave_02,6,-1,0,115,0,4,0
96,2,0,2,wc_wave_02,7,-1,0,85,0,4,0
96,3,0,2,wc_wave_03,0,-1,0,157,0,5,0
96,3,0,2,wc_wave_03,1,-1,0,79,0,5,0
96,3,0,2,wc_wave_03,2,-1,0,174,0,5,0
96,3,0,2,wc_wave_03,3,-1,0,126,0,5,0
96,3,0,2,wc_wave_03,4,-1,0,93,0,5,0
96,3,0,2,wc_wave_03,5,-1,0,109,0,5,0
96,3,0,2,wc_wave_03,6,-1,0,127,0,5,0
96,3,0,2,wc_wave_03,7,-1,0,124,0,5,0
96,4,1,0,,0,3,1,800,1,1,5
96,4,1,0,,1,7,1,620,0,0,2
96,4,1,0,,2,6,0,610,0,3,0
96,4,1,0,,4,5,0,515,0,4,0
96,5,1,2,wc_wave_05,0,-1,0,200,0,5,0
96,5,1,2,wc_wave_05,1,-1,0,163,0,5,0
96,5,1,2,wc_wave_05,2,-1,0,243,0,5,0
96,5,1,2,wc_wave_05,3,-1,0,156,0,5,0
96,5,1,2,wc_wave_05,4,-1,0,193,0,5,0
96,5,1,2,wc_wave_05,5,-1,0,193,0,5,0
96,5,1,2,wc_wave_05,6,-1,0,173,0,5,0
96,5,1,2,wc_wave_05,7,-1,0,207,0,5,0
96,6,2,0,,0,4,0,800,1,1,1
96,6,2,0,,1,6,0,350,0,3,0
96,6,2,0,,2,3,0,783,0,2,0
96,6,2,0,,5,7,0,658,0,3,0
96,7,3,0,,0,5,0,587,0,6,0
96,7,3,0,,1,2,1,579,0,0,4
96,7,3,0,,3,6,0,508,0,4,0
96,7,3,0,,4,7,0,611,0,5,0
96,8,4,0,,0,2,0,800,1,3,1
96,8,4,0,,1,5,1,485,0,0,3
96,8,4,0,,3,4,0,800,1,3,1
96,8,4,0,,6,7,0,800,1,3,1
96,9,5,0,,0,1,0,487,0,6,0
96,9,5,0,,2,4,0,800,1,2,2
96,9,5,0,,3,7,0,650,0,2,0
96,9,5,0,,5,6,1,800,1,2,2
96,10,5,2,wc_wave_10,0,-1,0,360,0,6,0
96,10,5,2,wc_wave_10,1,-1,0,183,0,6,0
96,10,5,2,wc_wave_10,2,-1,0,316,0,6,0
96,10,5,2,wc_wave_10,3,-1,0,250,0,6,0
96,10,5,2,wc_wave_10,4,-1,0,378,0,6,0
96,10,5,2,wc_wave_10,5,-1,0,251,0,6,0
96,10,5,2,wc_wave_10,6,-1,0,258,0,6,0
96,10,5,2,wc_wave_10,7,-1,0,235,0,6,0
96,11,6,0,,0,6,0,676,0,5,0
96,11,6,0,,1,4,1,471,0,0,6
96,11,6,0,,2,7,0,711,0,2,0
96,11,6,0,,3,5,1,544,0,0,4
96,12,7,0,,0,7,0,713,0,4,0
96,12,7,0,,1,3,1,534,0,0,3
96,12,7,0,,2,5,1,800,1,1,2
96,12,7,0,,4,6,0,800,1,2,1
96,13,8,0,,0,6,0,788,0,4,0
96,13,8,0,,1,7,1,436,0,0,4
96,13,8,0,,2,4,0,791,0,2,0
96,13,8,0,,3,5,1,800,1,1,3
96,14,9,0,,0,4,0,800,1,5,2
96,14,9,0,,1,2,1,392,0,0,5
96,14,9,0,,3,7,0,486,0,4,0
96,14,9,0,,5,6,0,800,1,4,1
96,15,9,2,wc_wave_15,0,-1,0,299,0,6,0
96,15,9,2,wc_wave_15,1,-1,0,317,0,5,0
96,15,9,2,wc_wave_15,2,-1,0,350,0,4,0
96,15,9,2,wc_wave_15,3,-1,0,262,0,5,0
96,15,9,2,wc_wave_15,4,-1,0,405,0,5,0
96,15,9,2,wc_wave_15,5,-1,0,402,0,5,0
96,15,9,2,wc_wave_15,6,-1,0,281,0,5,0
96,15,9,2,wc_wave_15,7,-1,0,344,0,4,0
96,16,10,0,,0,3,0,613,0,5,0
96,16,10,0,,1,5,1,758,0,0,3
96,16,10,0,,2,7,0,566,0,2,0
96,16,10,0,,4,6,1,800,1,1,2
96,17,11,1,,7,4,1,800,1,2,3
96,17,11,0,,0,2,0,712,0,3,0
96,17,11,0,,3,6,0,560,0,2,0
96,17,11,0,,4,5,1,800,1,2,5
96,18,12,1,,4,3,1,800,1,1,4
96,18,12,0,,0,5,0,800,1,5,2
96,18,12,0,,2,3,0,590,0,3,0
96,18,12,0,,6,7,0,599,0,2,0
96,19,13,0,,0,4,0,778,0,5,0
96,19,13,0,,2,5,0,800,1,2,1
96,19,13,0,,3,6,0,553,0,3,0
96,20,13,2,wc_wave_20,0,-1,0,421,0,4,0
96,20,13,2,wc_wave_20,2,-1,0,413,0,3,0
96,20,13,2,wc_wave_20,3,-1,0,466,0,3,0
96,20,13,2,wc_wave_20,5,-1,0,609,0,3,0
96,21,14,0,,0,2,0,800,1,3,1
96,21,14,0,,3,5,1,790,0,0,3
96,22,15,0,,0,3,0,760,0,3,0
96,22,15,0,,2,5,1,800,1,1,2
96,23,16,0,,0,5,0,800,1,4,3
96,23,16,0,,2,3,0,608,0,2,0
96,24,17,0,,0,3,0,660,0,3,0
96,24,17,0,,2,5,1,800,1,2,3
96,25,17,2,wc_wave_25,0,-1,0,567,0,5,0
96,25,17,2,wc_wave_25,2,-1,1,596,0,0,2
96,25,17,2,wc_wave_25,5,-1,0,620,0,4,0
96,26,18,1,,2,0,1,784,0,0,2
96,26,18,0,,0,5,0,800,1,4,2
96,27,19,1,,5,2,1,730,0,0,4
96,27,19,0,,0,2,0,638,0,4,0
97,1,0,2,wc_wave_01,0,-1,0,81,0,4,0
97,1,0,2,wc_wave_01,1,-1,0,76,0,4,0
97,1,0,2,wc_wave_01,2,-1,0,82,0,4,0
97,1,0,2,wc_wave_01,3,-1,0,63,0,4,0
97,1,0,2,wc_wave_01,4,-1,0,84,0,4,0
97,1,0,2,wc_wave_01,5,-1,0,82,0,4,0
97,1,0,2,wc_wave_01,6,-1,0,56,0,4,0
97,1,0,2,wc_wave_01,7,-1,0,56,0,4,0
97,2,0,2,wc_wave_02,0,-1,0,146,0,4,0
97,2,0,2,wc_wave_02,1,-1,0,80,0,4,0
97,2,0,2,wc_wave_02,2,-1,0,98,0,4,0
97,2,0,2,wc_wave_02,3,-1,0,81,0,4,0
97,2,0,2,wc_wave_02,4,-1,0,145,0,4,0
97,2,0,2,wc_wave_02,5,-1,0,105,0,4,0
97,2,0,2,wc_wave_02,6,-1,0,112,0,4,0
97,2,0,2,wc_wave_02,7,-1,0,158,0,4,0
97,3,0,2,wc_wave_03,0,-1,0,189,0,5,0
97,3,0,2,wc_wave_03,1,-1,0,86,0,5,0
97,3,0,2,wc_wave_03,2,-1,0,118,0,5,0
97,3,0,2,wc_wave_03,3,-1,0,94,0,5,0
97,3,0,2,wc_wave_03,4,-1,0,119,0,5,0
97,3,0,2,wc_wave_03,5,-1,0,129,0,5,0
97,3,0,2,wc_wave_03,6,-1,0,127,0,5,0
97,3,0,2,wc_wave_03,7,-1,0,142,0,5,0
97,4,1,0,,0,2,1,800,1,4,5
97,4,1,0,,1,3,1,437,0,0,2
97,4,1,0,,4,6,1,620,0,0,4
97,4,1,0,,5,7,1,748,0,0,2
97,5,1,2,wc_wave_05,0,-1,0,264,0,5,0
97,5,1,2,wc_wave_05,1,-1,0,146,0,5,0
97,5,1,2,wc_wave_05,2,-1,0,244,0,5,0
97,5,1,2,wc_wave_05,3,-1,0,163,0,5,0
97,5,1,2,wc_wave_05,4,-1,0,255,0,5,0
97,5,1,2,wc_wave_05,5,-1,0,231,0,5,0
97,5,1,2,wc_wave_05,6,-1,0,205,0,5,0
97,5,1,2,wc_wave_05,7,-1,0,227,0,5,0
97,6,2,0,,0,4,0,776,0,5,0
97,6,2,0,,1,7,1,731,0,0,3
97,6,2,0,,2,6,0,678,0,3,0
97,6,2,0,,3,5,1,526,0,0,3
97,7,3,0,,0,5,0,800,1,3,2
97,7,3,0,,1,6,1,491,0,0,4
97,7,3,0,,2,7,0,800,1,3,2
97,7,3,0,,3,4,0,505,0,5,0
97,8,4,0,,0,6,0,800,1,2,2
97,8,4,0,,1,2,1,663,0,0,3
97,8,4,0,,3,7,1,796,0,0,2
97,8,4,0,,4,5,1,643,0,0,3
97,9,5,0,,0,3,0,526,0,4,0
97,9,5,0,,1,4,0,582,0,3,0
97,9,5,0,,2,5,0,657,0,4,0
97,9,5,0,,6,7,1,784,0,0,3
97,10,5,2,wc_wave_10,0,-1,0,262,0,6,0
97,10,5,2,wc_wave_10,1,-1,0,210,0,6,0
97,10,5,2,wc_wave_10,2,-1,0,370,0,6,0
97,10,5,2,wc_wave_10,3,-1,0,256,0,5,0
97,10,5,2,wc_wave_10,4,-1,0,282,0,4,0
97,10,5,2,wc_wave_10,5,-1,0,263,0,6,0
97,10,5,2,wc_wave_10,6,-1,0,169,0,5,0
97,10,5,2,wc_wave_10,7,-1,0,371,0,5,0
97,11,6,0,,0,1,0,539,0,5,0
97,11,6,0,,2,3,0,661,0,3,0
97,11,6,0,,4,7,1,613,0,0,4
97,11,6,0,,5,6,1,567,0,0,4
97,12,7,0,,0,7,0,704,0,4,0
97,12,7,0,,1,5,0,562,0,4,0
97,12,7,0,,2,4,0,795,0,4,0
97,12,7,0,,3,6,1,425,0,0,4
97,13,8,0,,0,1,0,795,0,3,0
97,13,8,0,,2,5,0,753,0,3,0
97,13,8,0,,3,7,1,616,0,0,4
97,13,8,0,,4,6,1,512,0,0,5
97,14,9,0,,0,5,0,587,0,5,0
97,14,9,0,,1,7,0,532,0,5,0
97,14,9,0,,2,6,0,800,1,3,1
97,14,9,0,,3,4,0,622,0,2,0
97,15,9,2,wc_wave_15,0,-1,0,264,0,5,0
97,15,9,2,wc_wave_15,1,-1,0,219,0,5,0
97,15,9,2,wc_wave_15,2,-1,0,357,0,6,0
97,15,9,2,wc_wave_15,3,-1,0,272,0,5,0
97,15,9,2,wc_wave_15,4,-1,0,380,0,5,0
97,15,9,2,wc_wave_15,5,-1,0,353,0,5,0
97,15,9,2,wc_wave_15,6,-1,0,233,0,6,0
97,15,9,2,wc_wave_15,7,-1,0,375,0,5,0
97,16,10,0,,0,2,0,800,1,3,1
97,16,10,0,,1,4,0,491,0,4,0
97,16,10,0,,3,6,1,466,0,0,4
97,16,10,0,,5,7,1,725,0,0,3
97,17,11,1,,0,3,0,598,0,3,0
97,17,11,0,,1,6,1,603,0,0,4
97,17,11,0,,2,7,0,800,1,4,2
97,17,11,0,,3,5,0,462,0,3,0
97,18,12,1,,5,1,1,656,0,0,2
97,18,12,0,,0,6,1,800,1,1,1
97,18,12,0,,1,7,0,555,0,4,0
97,18,12,0,,2,3,0,566,0,4,0
97,19,13,0,,0,7,0,800,1,4,2
97,19,13,0,,1,3,0,529,0,3,0
97,19,13,0,,2,6,0,800,1,2,2
97,20,13,2,wc_wave_20,0,-1,0,412,0,4,0
97,20,13,2,wc_wave_20,1,-1,0,397,0,3,0
97,20,13,2,wc_wave_20,2,-1,0,517,0,3,0
97,20,13,2,wc_wave_20,6,-1,0,617,0,1,0
97,20,13,2,wc_wave_20,7,-1,0,638,0,1,0
97,21,14,1,,7,6,1,800,1,1,1
97,21,14,0,,0,6,1,800,1,1,3
97,21,14,0,,1,2,0,800,1,2,2
97,22,15,1,,2,7,0,800,1,3,2
97,22,15,0,,0,7,1,800,1,2,3
97,22,15,0,,1,6,1,662,0,0,2
97,23,16,1,,1,0,1,628,0,0,3
97,23,16,0,,0,2,0,800,1,4,2
97,23,16,0,,6,7,0,800,1,2,2
97,24,17,0,,0,6,1,800,1,1,2
97,24,17,0,,1,2,1,800,1,1,3
97,25,17,2,wc_wave_25,0,-1,0,734,0,4,0
97,25,17,2,wc_wave_25,2,-1,1,800,1,1,2
97,25,17,2,wc_wave_25,6,-1,0,511,0,3,0
97,26,18,1,,6,2,0,800,1,2,1
97,26,18,0,,0,2,1,800,1,2,4
97,27,19,1,,0,6,1,800,1,2,3
97,27,19,0,,2,6,1,800,1,1,2
97,28,20,1,,2,0,0,800,1,3,2
97,28,20,0,,0,6,1,800,1,1,3
97,29,21,0,,2,6,1,772,0,0,4
97,30,21,2,wc_wave_30,2,-1,1,535,0,0,4
97,30,21,2,wc_wave_30,6,-1,1,458,0,0,4
97,31,22,0,,2,6,0,800,1,2,1
97,32,23,0,,2,6,1,800,1,1,2
97,33,24,0,,2,6,1,800,1,2,2
98,1,0,2,wc_wave_01,0,-1,0,82,0,4,0
98,1,0,2,wc_wave_01,1,-1,0,37,0,4,0
98,1,0,2,wc_wave_01,2,-1,0,83,0,4,0
98,1,0,2,wc_wave_01,3,-1,0,58,0,4,0
98,1,0,2,wc_wave_01,4,-1,0,84,0,4,0
98,1,0,2,wc_wave_01,5,-1,0,82,0,4,0
98,1,0,2,wc_wave_01,6,-1,0,83,0,4,0
98,1,0,2,wc_wave_01,7,-1,0,93,0,4,0
98,2,0,2,wc_wave_02,0,-1,0,99,0,4,0
98,2,0,2,wc_wave_02,1,-1,0,80,0,4,0
98,2,0,2,wc_wave_02,2,-1,0,190,0,4,0
98,2,0,2,wc_wave_02,3,-1,0,99,0,4,0
98,2,0,2,wc_wave_02,4,-1,0,113,0,4,0
98,2,0,2,wc_wave_02,5,-1,0,99,0,4,0
98,2,0,2,wc_wave_02,6,-1,0,97,0,4,0
98,2,0,2,wc_wave_02,7,-1,0,95,0,4,0
98,3,0,2,wc_wave_03,0,-1,0,143,0,5,0
98,3,0,2,wc_wave_03,1,-1,0,94,0,5,0
98,3,0,2,wc_wave_03,2,-1,0,128,0,5,0
98,3,0,2,wc_wave_03,3,-1,0,79,0,5,0
98,3,0,2,wc_wave_03,4,-1,0,98,0,5,0
98,3,0,2,wc_wave_03,5,-1,0,97,0,5,0
98,3,0,2,wc_wave_03,6,-1,0,117,0,5,0
98,3,0,2,wc_wave_03,7,-1,0,171,0,5,0
98,4,1,0,,0,1,0,608,0,1,0
98,4,1,0,,2,7,0,800,1,3,2
98,4,1,0,,3,5,1,412,0,0,3
98,4,1,0,,4,6,0,656,0,5,0
98,5,1,2,wc_wave_05,0,-1,0,221,0,5,0
98,5,1,2,wc_wave_05,1,-1,0,147,0,5,0
98,5,1,2,wc_wave_05,2,-1,0,231,0,5,0
98,5,1,2,wc_wave_05,3,-1,0,157,0,5,0
98,5,1,2,wc_wave_05,4,-1,0,184,0,5,0
98,5,1,2,wc_wave_05,5,-1,0,207,0,5,0
98,5,1,2,wc_wave_05,6,-1,0,180,0,5,0
98,5,1,2,wc_wave_05,7,-1,0,193,0,5,0
98,6,2,0,,0,5,1,466,0,0,4
98,6,2,0,,1,4,1,402,0,0,5
98,6,2,0,,2,6,1,782,0,0,3
98,6,2,0,,3,7,1,744,0,0,2
98,7,3,0,,0,4,1,627,0,0,5
98,7,3,0,,1,2,1,738,0,0,3
98,7,3,0,,3,6,1,653,0,0,4
98,7,3,0,,5,7,0,744,0,4,0
98,8,4,0,,0,2,1,800,1,1,4
98,8,4,0,,1,3,1,442,0,0,3
98,8,4,0,,4,5,0,800,1,2,1
98,8,4,0,,6,7,1,587,0,0,4
98,9,5,0,,0,6,1,666,0,0,5
98,9,5,0,,1,5,1,391,0,0,5
98,9,5,0,,2,3,1,800,1,3,2
98,9,5,0,,4,7,1,551,0,0,5
98,10,5,2,wc_wave_10,0,-1,0,258,0,6,0
98,10,5,2,wc_wave_10,1,-1,0,222,0,6,0
98,10,5,2,wc_wave_10,2,-1,0,342,0,5,0
98,10,5,2,wc_wave_10,3,-1,0,168,0,6,0
98,10,5,2,wc_wave_10,4,-1,0,212,0,6,0
98,10,5,2,wc_wave_10,5,-1,0,207,0,6,0
98,10,5,2,wc_wave_10,6,-1,0,292,0,6,0
98,10,5,2,wc_wave_10,7,-1,0,239,0,6,0
98,11,6,0,,0,3,1,515,0,0,4
98,11,6,0,,1,7,1,553,0,0,4
98,11,6,0,,2,4,0,800,1,2,1
98,11,6,0,,5,6,0,678,0,2,0
98,12,7,0,,0,7,1,527,0,0,4
98,12,7,0,,1,6,1,628,0,0,3
98,12,7,0,,2,5,1,800,1,1,4
98,12,7,0,,3,4,0,688,0,2,0
98,13,8,0,,0,4,1,549,0,0,4
98,13,8,0,,1,2,1,723,0,0,3
98,13,8,0,,3,7,1,587,0,0,3
98,13,8,0,,5,6,0,638,0,3,0
98,14,9,0,,0,2,1,763,0,0,3
98,14,9,0,,1,5,1,571,0,0,4
98,14,9,0,,3,4,0,800,1,1,1
98,14,9,0,,6,7,1,599,0,0,3
98,15,9,2,wc_wave_15,0,-1,0,439,0,4,0
98,15,9,2,wc_wave_15,1,-1,0,324,0,4,0
98,15,9,2,wc_wave_15,2,-1,0,330,0,6,0
98,15,9,2,wc_wave_15,3,-1,0,273,0,4,0
98,15,9,2,wc_wave_15,4,-1,0,318,0,4,0
98,15,9,2,wc_wave_15,5,-1,0,317,0,5,0
98,15,9,2,wc_wave_15,6,-1,0,281,0,6,0
98,15,9,2,wc_wave_15,7,-1,0,245,0,6,0
98,16,10,0,,0,5,1,577,0,0,5
98,16,10,0,,1,6,1,437,0,0,4
98,16,10,0,,2,3,1,564,0,0,4
98,16,10,0,,4,7,1,576,0,0,4
98,17,11,0,,2,4,0,800,1,2,1
98,17,11,0,,3,6,1,579,0,0,2
98,17,11,0,,5,7,0,791,0,1,0
98,18,12,0,,2,7,1,687,0,0,4
98,18,12,0,,3,5,1,648,0,0,3
98,18,12,0,,4,6,1,500,0,0,3
98,19,13,0,,2,6,1,738,0,0,2
98,19,13,0,,3,7,1,800,1,1,1
98,19,13,0,,4,5,1,556,0,0,3
98,20,13,2,wc_wave_20,2,-1,0,606,0,1,0
98,20,13,2,wc_wave_20,3,-1,0,417,0,2,0
98,20,13,2,wc_wave_20,4,-1,0,670,0,1,0
98,20,13,2,wc_wave_20,5,-1,0,512,0,3,0
98,20,13,2,wc_wave_20,6,-1,0,440,0,2,0
98,20,13,2,wc_wave_20,7,-1,0,469,0,2,0
98,21,14,0,,2,5,0,800,1,2,1
98,21,14,0,,3,4,0,555,0,3,0
98,21,14,0,,6,7,1,691,0,0,1
98,22,15,1,,3,5,1,766,0,0,3
98,22,15,0,,2,7,1,787,0,0,2
98,22,15,0,,5,6,0,713,0,3,0
98,23,16,1,,7,5,1,794,0,0,3
98,23,16,0,,2,5,0,800,1,2,1
98,23,16,0,,3,6,0,626,0,2,0
98,24,17,1,,6,2,0,800,1,1,1
98,24,17,0,,2,7,1,785,0,0,2
98,24,17,0,,3,5,1,667,0,0,3
98,25,17,2,wc_wave_25,2,-1,1,800,1,2,1
98,25,17,2,wc_wave_25,5,-1,1,800,1,1,1
98,25,17,2,wc_wave_25,6,-1,0,374,0,4,0
98,25,17,2,wc_wave_25,7,-1,0,558,0,2,0
98,26,18,0,,2,5,1,800,1,1,3
98,26,18,0,,6,7,1,725,0,0,1
98,27,19,0,,5,7,0,800,1,2,1
98,28,20,0,,5,7,0,800,1,3,1
98,29,21,0,,5,7,0,800,1,2,1
98,30,21,2,wc_wave_30,5,-1,1,566,0,0,3
98,30,21,2,wc_wave_30,7,-1,1,481,0,0,3
98,31,22,0,,5,7,1,800,1,1,3
98,32,23,0,,5,7,0,800,1,2,1
99,1,0,2,wc_wave_01,0,-1,0,82,0,4,0
99,1,0,2,wc_wave_01,1,-1,0,64,0,4,0
99,1,0,2,wc_wave_01,2,-1,0,78,0,4,0
99,1,0,2,wc_wave_01,3,-1,0,58,0,4,0
99,1,0,2,wc_wave_01,4,-1,0,58,0,4,0
99,1,0,2,wc_wave_01,5,-1,0,82,0,4,0
99,1,0,2,wc_wave_01,6,-1,0,58,0,4,0
99,1,0,2,wc_wave_01,7,-1,0,35,0,4,0
99,2,0,2,wc_wave_02,0,-1,0,112,0,4,0
99,2,0,2,wc_wave_02,1,-1,0,110,0,4,0
99,2,0,2,wc_wave_02,2,-1,0,98,0,4,0
99,2,0,2,wc_wave_02,3,-1,0,73,0,4,0
99,2,0,2,wc_wave_02,4,-1,0,111,0,4,0
99,2,0,2,wc_wave_02,5,-1,0,98,0,4,0
99,2,0,2,wc_wave_02,6,-1,0,124,0,4,0
99,2,0,2,wc_wave_02,7,-1,0,80,0,4,0
99,3,0,2,wc_wave_03,0,-1,0,97,0,5,0
99,3,0,2,wc_wave_03,1,-1,0,142,0,5,0
99,3,0,2,wc_wave_03,2,-1,0,117,0,5,0
99,3,0,2,wc_wave_03,3,-1,0,117,0,5,0
99,3,0,2,wc_wave_03,4,-1,0,137,0,5,0
99,3,0,2,wc_wave_03,5,-1,0,98,0,5,0
99,3,0,2,wc_wave_03,6,-1,0,128,0,5,0
99,3,0,2,wc_wave_03,7,-1,0,131,0,5,0
99,4,1,0,,0,1,0,630,0,3,0
99,4,1,0,,2,4,0,670,0,3,0
99,4,1,0,,3,5,0,759,0,3,0
99,4,1,0,,6,7,1,416,0,0,5
99,5,1,2,wc_wave_05,0,-1,0,167,0,5,0
99,5,1,2,wc_wave_05,1,-1,0,214,0,5,0
99,5,1,2,wc_wave_05,2,-1,0,210,0,5,0
99,5,1,2,wc_wave_05,3,-1,0,167,0,5,0
99,5,1,2,wc_wave_05,4,-1,0,153,0,5,0
99,5,1,2,wc_wave_05,5,-1,0,204,0,5,0
99,5,1,2,wc_wave_05,6,-1,0,203,0,5,0
99,5,1,2,wc_wave_05,7,-1,0,165,0,5,0
99,6,2,0,,0,2,1,800,1,1,1
99,6,2,0,,1,5,0,525,0,3,0
99,6,2,0,,3,7,1,800,1,2,3
99,6,2,0,,4,6,0,543,0,2,0
99,7,3,0,,0,5,0,598,0,4,0
99,7,3,0,,1,3,0,666,0,4,0
99,7,3,0,,2,6,0,444,0,5,0
99,7,3,0,,4,7,0,795,0,3,0
99,8,4,0,,0,3,0,635,0,4,0
99,8,4,0,,1,4,1,618,0,0,3
99,8,4,0,,2,7,1,800,1,1,3
99,8,4,0,,5,6,1,621,0,0,4
99,9,5,0,,0,4,1,669,0,0,1
99,9,5,0,,1,2,1,520,0,0,4
99,9,5,0,,3,6,1,800,1,2,3
99,9,5,0,,5,7,1,711,0,0,4
99,10,5,2,wc_wave_10,0,-1,0,250,0,6,0
99,10,5,2,wc_wave_10,1,-1,0,245,0,5,0
99,10,5,2,wc_wave_10,2,-1,0,212,0,6,0
99,10,5,2,wc_wave_10,3,-1,0,286,0,6,0
99,10,5,2,wc_wave_10,4,-1,0,227,0,6,0
99,10,5,2,wc_wave_10,5,-1,0,256,0,6,0
99,10,5,2,wc_wave_10,6,-1,0,318,0,6,0
99,10,5,2,wc_wave_10,7,-1,0,303,0,6,0
99,11,6,0,,0,7,1,800,1,1,2
99,11,6,0,,1,6,1,579,0,0,3
99,11,6,0,,2,5,0,575,0,4,0
99,11,6,0,,3,4,1,559,0,0,4
99,12,7,0,,0,6,1,800,1,1,1
99,12,7,0,,1,7,1,680,0,0,4
99,12,7,0,,2,3,0,521,0,5,0
99,12,7,0,,4,5,1,753,0,0,1
99,13,8,0,,0,7,0,732,0,2,0
99,13,8,0,,1,2,1,525,0,0,4
99,13,8,0,,3,5,1,531,0,0,4
99,13,8,0,,4,6,0,635,0,5,0
99,14,9,0,,0,4,1,618,0,0,3
99,14,9,0,,1,5,1,656,0,0,2
99,14,9,0,,2,3,0,618,0,3,0
99,14,9,0,,6,7,0,665,0,5,0
99,15,9,2,wc_wave_15,0,-1,0,308,0,5,0
99,15,9,2,wc_wave_15,1,-1,0,259,0,4,0
99,15,9,2,wc_wave_15,2,-1,0,284,0,5,0
99,15,9,2,wc_wave_15,3,-1,0,348,0,4,0
99,15,9,2,wc_wave_15,4,-1,0,293,0,6,0
99,15,9,2,wc_wave_15,5,-1,0,268,0,5,0
99,15,9,2,wc_wave_15,6,-1,0,372,0,5,0
99,15,9,2,wc_wave_15,7,-1,0,420,0,4,0
99,16,10,0,,0,3,1,800,1,1,1
99,16,10,0,,1,6,0,670,0,4,0
99,16,10,0,,2,5,0,703,0,2,0
99,16,10,0,,4,7,0,714,0,3,0
99,17,11,0,,0,6,0,692,0,2,0
99,17,11,0,,1,3,1,800,1,1,3
99,17,11,0,,2,7,0,604,0,4,0
99,17,11,0,,4,5,0,570,0,2,0
99,18,12,0,,0,5,1,555,0,0,3
99,18,12,0,,1,4,1,569,0,0,5
99,18,12,0,,2,6,0,512,0,5,0
99,18,12,0,,3,7,0,800,1,2,1
99,19,13,0,,0,2,1,544,0,0,3
99,19,13,0,,1,7,0,800,1,1,1
99,19,13,0,,3,4,1,644,0,0,4
99,19,13,0,,5,6,0,511,0,5,0
99,20,13,2,wc_wave_20,0,-1,0,556,0,2,0
99,20,13,2,wc_wave_20,1,-1,1,683,0,0,1
99,20,13,2,wc_wave_20,2,-1,0,411,0,3,0
99,20,13,2,wc_wave_20,4,-1,0,509,0,3,0
99,20,13,2,wc_wave_20,5,-1,0,449,0,2,0
99,20,13,2,wc_wave_20,7,-1,1,613,0,0,1
99,21,14,1,,5,7,0,628,0,4,0
99,21,14,0,,0,7,0,762,0,3,0
99,21,14,0,,2,4,1,775,0,0,1
99,22,15,1,,2,5,0,592,0,3,0
99,22,15,0,,0,5,0,678,0,2,0
99,22,15,0,,4,7,0,800,1,2,1
99,23,16,0,,0,2,1,632,0,0,3
99,23,16,0,,4,5,0,558,0,3,0
99,24,17,1,,4,0,0,768,0,2,0
99,24,17,0,,0,2,1,693,0,0,3
99,25,17,2,wc_wave_25,2,-1,0,490,0,4,0
99,25,17,2,wc_wave_25,4,-1,0,587,0,2,0
99,26,18,0,,2,4,1,781,0,0,1
99,27,19,0,,2,4,0,554,0,4,0
99,28,20,0,,2,4,0,566,0,4,0
99,29,21,0,,2,4,0,800,1,1,1
99,30,21,2,wc_wave_30,2,-1,1,508,0,0,3
99,30,21,2,wc_wave_30,4,-1,1,512,0,0,3
99,31,22,0,,2,4,1,730,0,0,2
99,32,23,0,,2,4,0,800,1,1,1
99,33,24,0,,2,4,0,609,0,3,0
99,34,25,0,,2,4,0,800,1,2,1
100,1,0,2,wc_wave_01,0,-1,0,113,0,3,0
100,1,0,2,wc_wave_01,1,-1,0,82,0,4,0
100,1,0,2,wc_wave_01,2,-1,0,76,0,4,0
100,1,0,2,wc_wave_01,3,-1,0,63,0,4,0
100,1,0,2,wc_wave_01,4,-1,0,82,0,3,0
100,1,0,2,wc_wave_01,5,-1,0,58,0,4,0
100,1,0,2,wc_wave_01,6,-1,0,37,0,4,0
100,1,0,2,wc_wave_01,7,-1,0,58,0,4,0
100,2,0,2,wc_wave_02,0,-1,0,159,0,4,0
100,2,0,2,wc_wave_02,1,-1,0,111,0,4,0
100,2,0,2,wc_wave_02,2,-1,0,105,0,4,0
100,2,0,2,wc_wave_02,3,-1,0,127,0,4,0
100,2,0,2,wc_wave_02,4,-1,0,116,0,4,0
100,2,0,2,wc_wave_02,5,-1,0,97,0,4,0
100,2,0,2,wc_wave_02,6,-1,0,105,0,4,0
100,2,0,2,wc_wave_02,7,-1,0,98,0,4,0
100,3,0,2,wc_wave_03,0,-1,0,205,0,5,0
100,3,0,2,wc_wave_03,1,-1,0,162,0,5,0
100,3,0,2,wc_wave_03,2,-1,0,83,0,5,0
100,3,0,2,wc_wave_03,3,-1,0,128,0,5,0
100,3,0,2,wc_wave_03,4,-1,0,117,0,5,0
100,3,0,2,wc_wave_03,5,-1,0,98,0,5,0
100,3,0,2,wc_wave_03,6,-1,0,117,0,5,0
100,3,0,2,wc_wave_03,7,-1,0,117,0,5,0
100,4,1,0,,0,4,1,593,0,0,5
100,4,1,0,,1,6,1,605,0,0,1
100,4,1,0,,2,3,0,800,1,2,1
100,4,1,0,,5,7,0,659,0,2,0
100,5,1,2,wc_wave_05,0,-1,0,300,0,5,0
100,5,1,2,wc_wave_05,1,-1,0,181,0,5,0
100,5,1,2,wc_wave_05,2,-1,0,187,0,5,0
100,5,1,2,wc_wave_05,3,-1,0,214,0,5,0
100,5,1,2,wc_wave_05,4,-1,0,164,0,5,0
100,5,1,2,wc_wave_05,5,-1,0,189,0,5,0
100,5,1,2,wc_wave_05,6,-1,0,201,0,5,0
100,5,1,2,wc_wave_05,7,-1,0,151,0,5,0
100,6,2,0,,0,6,0,800,1,3,2
100,6,2,0,,1,3,0,657,0,3,0
100,6,2,0,,2,7,1,756,0,0,3
100,6,2,0,,4,5,0,800,1,3,1
100,7,3,0,,0,5,1,800,1,2,3
100,7,3,0,,1,2,0,627,0,4,0
100,7,3,0,,3,7,1,800,1,1,1
100,7,3,0,,4,6,0,633,0,5,0
100,8,4,0,,0,1,1,565,0,0,6
100,8,4,0,,2,5,1,667,0,0,4
100,8,4,0,,3,6,1,479,0,0,5
100,8,4,0,,4,7,0,521,0,5,0
100,9,5,0,,0,3,0,800,1,3,2
100,9,5,0,,1,7,1,453,0,0,5
100,9,5,0,,2,4,1,559,0,0,3
100,9,5,0,,5,6,0,800,1,3,1
100,10,5,2,wc_wave_10,0,-1,0,436,0,6,0
100,10,5,2,wc_wave_10,1,-1,0,230,0,6,0
100,10,5,2,wc_wave_10,2,-1,0,297,0,6,0
100,10,5,2,wc_wave_10,3,-1,0,309,0,6,0
100,10,5,2,wc_wave_10,4,-1,0,219,0,6,0
100,10,5,2,wc_wave_10,5,-1,0,237,0,6,0
100,10,5,2,wc_wave_10,6,-1,0,196,0,6,0
100,10,5,2,wc_wave_10,7,-1,0,283,0,6,0
100,11,6,0,,0,7,1,657,0,0,5
100,11,6,0,,1,5,1,478,0,0,4
100,11,6,0,,2,6,1,503,0,0,3
100,11,6,0,,3,4,1,468,0,0,6
100,12,7,0,,0,2,0,800,1,3,1
100,12,7,0,,1,4,1,588,0,0,2
100,12,7,0,,3,5,1,607,0,0,4
100,12,7,0,,6,7,0,751,0,1,0
100,13,8,0,,0,5,1,800,1,1,3
100,13,8,0,,1,2,1,602,0,0,2
100,13,8,0,,3,6,1,466,0,0,5
100,13,8,0,,4,7,1,614,0,0,2
100,14,9,0,,0,2,1,800,1,2,2
100,14,9,0,,1,5,1,469,0,0,4
100,14,9,0,,3,7,1,575,0,0,3
100,14,9,0,,4,6,1,641,0,0,2
100,15,9,2,wc_wave_15,0,-1,0,415,0,6,0
100,15,9,2,wc_wave_15,1,-1,0,308,0,5,0
100,15,9,2,wc_wave_15,2,-1,0,324,0,5,0
100,15,9,2,wc_wave_15,3,-1,0,334,0,5,0
100,15,9,2,wc_wave_15,4,-1,0,288,0,5,0
100,15,9,2,wc_wave_15,5,-1,0,327,0,6,0
100,15,9,2,wc_wave_15,6,-1,0,248,0,6,0
100,15,9,2,wc_wave_15,7,-1,0,292,0,5,0
100,16,10,0,,0,3,0,704,0,5,0
100,16,10,0,,1,4,1,516,0,0,4
100,16,10,0,,2,5,1,777,0,0,2
100,16,10,0,,6,7,1,636,0,0,2
100,17,11,1,,5,6,0,800,1,4,1
100,17,11,0,,0,4,1,800,1,2,4
100,17,11,0,,1,7,1,558,0,0,3
100,17,11,0,,2,6,1,520,0,0,4
100,18,12,1,,0,7,1,790,0,0,4
100,18,12,0,,1,6,1,624,0,0,3
100,18,12,0,,2,4,1,603,0,0,4
100,18,12,0,,5,7,0,759,0,2,0
100,19,13,1,,4,5,0,800,1,4,1
100,19,13,0,,0,6,1,800,1,2,3
100,19,13,0,,1,5,1,800,1,1,2
100,19,13,0,,2,7,1,600,0,0,3
100,20,13,2,wc_wave_20,4,-1,0,520,0,1,0
100,20,13,2,wc_wave_20,5,-1,0,631,0,1,0
100,20,13,2,wc_wave_20,6,-1,0,443,0,3,0
100,20,13,2,wc_wave_20,7,-1,1,586,0,0,1
100,21,14,0,,4,7,1,637,0,0,3
100,21,14,0,,5,6,1,800,1,1,3
100,22,15,0,,4,6,1,535,0,0,3
100,22,15,0,,5,7,1,800,1,1,2
100,23,16,0,,4,5,0,800,1,3,1
100,23,16,0,,6,7,1,745,0,0,2
100,24,17,0,,4,7,1,723,0,0,2
100,24,17,0,,5,6,0,800,1,2,1
100,25,17,2,wc_wave_25,4,-1,0,750,0,1,0
100,25,17,2,wc_wave_25,5,-1,0,666,0,2,0
100,25,17,2,wc_wave_25,6,-1,0,531,0,3,0
100,25,17,2,wc_wave_25,7,-1,0,690,0,2,0
100,26,18,0,,4,6,1,478,0,0,3
100,26,18,0,,5,7,1,800,1,1,4
100,27,19,0,,4,5,1,800,1,1,3
100,27,19,0,,6,7,0,698,0,3,0
100,28,20,0,,4,6,1,531,0,0,3
100,28,20,0,,5,7,1,800,1,2,4
100,29,21,1,,7,6,0,625,0,2,0
100,29,21,0,,5,6,1,800,1,1,2
100,30,21,2,wc_wave_30,5,-1,1,570,0,0,3
100,30,21,2,wc_wave_30,6,-1,0,678,0,1,0
100,30,21,2,wc_wave_30,7,-1,1,493,0,0,2
100,31,22,0,,6,7,0,800,1,1,1
100,32,23,0,,6,7,0,618,0,3,0
100,33,24,0,,6,7,1,752,0,0,2
100,34,25,0,,6,7,0,613,0,4,0
