variant,seed,round,index,kind,unit_id,hero,side,star,alive,casts,first_cast_tick,mana_from_attacks,mana_from_damage,mana_spent,mana_remaining,mana_on_death,blocked_ready_decisions
mana20,1001,0,0,protected,1,wc_vn_snapvine,0,1,0,3,159,25850,4150,30000,0,0,0
mana20,1001,0,0,protected,2,wc_vn_bellback,0,1,0,0,-1,0,0,0,0,0,0
mana20,1001,0,0,protected,3,wc_vn_cragstoat,0,1,0,0,-1,0,0,0,0,0,0
mana20,1001,0,0,protected,1048580,wc_vn_bellback,1,1,1,0,-1,0,0,0,0,0,0
mana20,1001,0,0,protected,1048581,wc_vn_grandmother_root,1,1,1,3,32,0,0,0,0,0,0
mana20,1001,0,0,protected,1048582,wc_vn_cragstoat,1,1,1,2,137,0,0,0,0,0,0
mana20,1002,0,1,protected,1,wc_vn_snapvine,0,1,1,4,159,43317,1366,40000,4683,0,0
mana20,1002,0,1,protected,2,wc_vn_bellback,0,1,0,0,-1,0,0,0,0,0,0
mana20,1002,0,1,protected,3,wc_vn_cragstoat,0,1,0,0,-1,0,0,0,0,0,0
mana20,1002,0,1,protected,1048580,wc_vn_bellback,1,1,0,0,-1,0,0,0,0,0,0
mana20,1002,0,1,protected,1048581,wc_vn_grandmother_root,1,1,0,4,32,0,0,0,0,0,0
mana20,1002,0,1,protected,1048582,wc_vn_cragstoat,1,1,0,0,-1,0,0,0,0,0,0
mana20,1003,0,2,protected,1,wc_vn_snapvine,0,1,0,3,159,25850,4150,30000,0,0,0
mana20,1003,0,2,protected,2,wc_vn_bellback,0,1,0,0,-1,0,0,0,0,0,0
mana20,1003,0,2,protected,3,wc_vn_cragstoat,0,1,0,0,-1,0,0,0,0,0,0
mana20,1003,0,2,protected,1048580,wc_vn_bellback,1,1,1,0,-1,0,0,0,0,0,0
mana20,1003,0,2,protected,1048581,wc_vn_grandmother_root,1,1,1,3,32,0,0,0,0,0,0
mana20,1003,0,2,protected,1048582,wc_vn_cragstoat,1,1,1,2,137,0,0,0,0,0,0
mana20,1004,0,3,protected,1,wc_vn_snapvine,0,1,1,4,159,43317,1366,40000,4683,0,0
mana20,1004,0,3,protected,2,wc_vn_bellback,0,1,0,0,-1,0,0,0,0,0,0
mana20,1004,0,3,protected,3,wc_vn_cragstoat,0,1,0,0,-1,0,0,0,0,0,0
mana20,1004,0,3,protected,1048580,wc_vn_bellback,1,1,0,0,-1,0,0,0,0,0,0
mana20,1004,0,3,protected,1048581,wc_vn_grandmother_root,1,1,0,4,32,0,0,0,0,0,0
mana20,1004,0,3,protected,1048582,wc_vn_cragstoat,1,1,0,0,-1,0,0,0,0,0,0
mana20,1005,0,4,protected,1,wc_vn_snapvine,0,1,1,4,159,48000,1044,40000,9044,0,0
mana20,1005,0,4,protected,2,wc_vn_bellback,0,1,0,0,-1,0,0,0,0,0,0
mana20,1005,0,4,protected,3,wc_vn_cragstoat,0,1,0,0,-1,0,0,0,0,0,0
mana20,1005,0,4,protected,1048580,wc_vn_bellback,1,1,0,0,-1,0,0,0,0,0,0
mana20,1005,0,4,protected,1048581,wc_vn_grandmother_root,1,1,0,5,32,0,0,0,0,0,0
mana20,1005,0,4,protected,1048582,wc_vn_cragstoat,1,1,0,0,-1,0,0,0,0,0,0
mana20,1006,0,5,protected,1,wc_vn_snapvine,0,1,0,3,159,25850,4150,30000,0,0,0
mana20,1006,0,5,protected,2,wc_vn_bellback,0,1,0,0,-1,0,0,0,0,0,0
mana20,1006,0,5,protected,3,wc_vn_cragstoat,0,1,0,0,-1,0,0,0,0,0,0
mana20,1006,0,5,protected,1048580,wc_vn_bellback,1,1,1,0,-1,0,0,0,0,0,0
mana20,1006,0,5,protected,1048581,wc_vn_grandmother_root,1,1,1,3,32,0,0,0,0,0,0
mana20,1006,0,5,protected,1048582,wc_vn_cragstoat,1,1,1,2,137,0,0,0,0,0,0
mana20,1007,0,6,protected,1,wc_vn_snapvine,0,1,1,4,159,43317,1366,40000,4683,0,0
mana20,1007,0,6,protected,2,wc_vn_bellback,0,1,0,0,-1,0,0,0,0,0,0
mana20,1007,0,6,protected,3,wc_vn_cragstoat,0,1,0,0,-1,0,0,0,0,0,0
mana20,1007,0,6,protected,1048580,wc_vn_bellback,1,1,0,0,-1,0,0,0,0,0,0
mana20,1007,0,6,protected,1048581,wc_vn_grandmother_root,1,1,0,4,32,0,0,0,0,0,0
mana20,1007,0,6,protected,1048582,wc_vn_cragstoat,1,1,0,0,-1,0,0,0,0,0,0
mana20,1008,0,7,protected,1,wc_vn_snapvine,0,1,1,4,159,48000,1044,40000,9044,0,0
mana20,1008,0,7,protected,2,wc_vn_bellback,0,1,0,0,-1,0,0,0,0,0,0
mana20,1008,0,7,protected,3,wc_vn_cragstoat,0,1,0,0,-1,0,0,0,0,0,0
mana20,1008,0,7,protected,1048580,wc_vn_bellback,1,1,0,0,-1,0,0,0,0,0,0
mana20,1008,0,7,protected,1048581,wc_vn_grandmother_root,1,1,0,5,32,0,0,0,0,0,0
mana20,1008,0,7,protected,1048582,wc_vn_cragstoat,1,1,0,0,-1,0,0,0,0,0,0
mana20,1009,0,8,protected,1,wc_vn_snapvine,0,1,0,3,159,25850,4150,30000,0,0,0
mana20,1009,0,8,protected,2,wc_vn_bellback,0,1,0,0,-1,0,0,0,0,0,0
mana20,1009,0,8,protected,3,wc_vn_cragstoat,0,1,0,0,-1,0,0,0,0,0,0
mana20,1009,0,8,protected,1048580,wc_vn_bellback,1,1,1,0,-1,0,0,0,0,0,0
mana20,1009,0,8,protected,1048581,wc_vn_grandmother_root,1,1,1,3,32,0,0,0,0,0,0
mana20,1009,0,8,protected,1048582,wc_vn_cragstoat,1,1,1,2,137,0,0,0,0,0,0
mana20,1010,0,9,protected,1,wc_vn_snapvine,0,1,1,4,159,48000,1044,40000,9044,0,0
mana20,1010,0,9,protected,2,wc_vn_bellback,0,1,0,0,-1,0,0,0,0,0,0
mana20,1010,0,9,protected,3,wc_vn_cragstoat,0,1,0,0,-1,0,0,0,0,0,0
mana20,1010,0,9,protected,1048580,wc_vn_bellback,1,1,0,0,-1,0,0,0,0,0,0
mana20,1010,0,9,protected,1048581,wc_vn_grandmother_root,1,1,0,5,32,0,0,0,0,0,0
mana20,1010,0,9,protected,1048582,wc_vn_cragstoat,1,1,0,0,-1,0,0,0,0,0,0
mana20,1011,0,10,protected,1,wc_vn_snapvine,0,1,0,3,159,25850,4150,30000,0,0,0
mana20,1011,0,10,protected,2,wc_vn_bellback,0,1,0,0,-1,0,0,0,0,0,0
mana20,1011,0,10,protected,3,wc_vn_cragstoat,0,1,0,0,-1,0,0,0,0,0,0
mana20,1011,0,10,protected,1048580,wc_vn_bellback,1,1,1,0,-1,0,0,0,0,0,0
mana20,1011,0,10,protected,1048581,wc_vn_grandmother_root,1,1,1,3,32,0,0,0,0,0,0
mana20,1011,0,10,protected,1048582,wc_vn_cragstoat,1,1,1,2,137,0,0,0,0,0,0
mana20,1012,0,11,protected,1,wc_vn_snapvine,0,1,1,4,159,43317,1366,40000,4683,0,0
mana20,1012,0,11,protected,2,wc_vn_bellback,0,1,0,0,-1,0,0,0,0,0,0
mana20,1012,0,11,protected,3,wc_vn_cragstoat,0,1,0,0,-1,0,0,0,0,0,0
mana20,1012,0,11,protected,1048580,wc_vn_bellback,1,1,0,0,-1,0,0,0,0,0,0
mana20,1012,0,11,protected,1048581,wc_vn_grandmother_root,1,1,0,4,32,0,0,0,0,0,0
mana20,1012,0,11,protected,1048582,wc_vn_cragstoat,1,1,0,0,-1,0,0,0,0,0,0
mana20,1013,0,12,protected,1,wc_vn_snapvine,0,1,1,4,159,48000,1044,40000,9044,0,0
mana20,1013,0,12,protected,2,wc_vn_bellback,0,1,0,0,-1,0,0,0,0,0,0
mana20,1013,0,12,protected,3,wc_vn_cragstoat,0,1,0,0,-1,0,0,0,0,0,0
mana20,1013,0,12,protected,1048580,wc_vn_bellback,1,1,0,0,-1,0,0,0,0,0,0
mana20,1013,0,12,protected,1048581,wc_vn_grandmother_root,1,1,0,5,32,0,0,0,0,0,0
mana20,1013,0,12,protected,1048582,wc_vn_cragstoat,1,1,0,0,-1,0,0,0,0,0,0
mana20,1014,0,13,protected,1,wc_vn_snapvine,0,1,0,3,159,25850,4150,30000,0,0,0
mana20,1014,0,13,protected,2,wc_vn_bellback,0,1,0,0,-1,0,0,0,0,0,0
mana20,1014,0,13,protected,3,wc_vn_cragstoat,0,1,0,0,-1,0,0,0,0,0,0
mana20,1014,0,13,protected,1048580,wc_vn_bellback,1,1,1,0,-1,0,0,0,0,0,0
mana20,1014,0,13,protected,1048581,wc_vn_grandmother_root,1,1,1,3,32,0,0,0,0,0,0
mana20,1014,0,13,protected,1048582,wc_vn_cragstoat,1,1,1,2,137,0,0,0,0,0,0
mana20,1015,0,14,protected,1,wc_vn_snapvine,0,1,1,4,159,43317,1366,40000,4683,0,0
mana20,1015,0,14,protected,2,wc_vn_bellback,0,1,0,0,-1,0,0,0,0,0,0
mana20,1015,0,14,protected,3,wc_vn_cragstoat,0,1,0,0,-1,0,0,0,0,0,0
mana20,1015,0,14,protected,1048580,wc_vn_bellback,1,1,0,0,-1,0,0,0,0,0,0
mana20,1015,0,14,protected,1048581,wc_vn_grandmother_root,1,1,0,4,32,0,0,0,0,0,0
mana20,1015,0,14,protected,1048582,wc_vn_cragstoat,1,1,0,0,-1,0,0,0,0,0,0
mana20,1016,0,15,protected,1,wc_vn_snapvine,0,1,1,4,159,48000,1044,40000,9044,0,0
mana20,1016,0,15,protected,2,wc_vn_bellback,0,1,0,0,-1,0,0,0,0,0,0
mana20,1016,0,15,protected,3,wc_vn_cragstoat,0,1,0,0,-1,0,0,0,0,0,0
mana20,1016,0,15,protected,1048580,wc_vn_bellback,1,1,0,0,-1,0,0,0,0,0,0
mana20,1016,0,15,protected,1048581,wc_vn_grandmother_root,1,1,0,5,32,0,0,0,0,0,0
mana20,1016,0,15,protected,1048582,wc_vn_cragstoat,1,1,0,0,-1,0,0,0,0,0,0
mana20,1001,0,16,protected,4,wc_vn_bellback,0,1,1,0,-1,0,0,0,0,0,0
mana20,1001,0,16,protected,5,wc_vn_grandmother_root,0,1,1,4,32,0,0,0,0,0,0
mana20,1001,0,16,protected,6,wc_vn_cragstoat,0,1,1,0,-1,0,0,0,0,0,0
mana20,1001,0,16,protected,1048577,wc_vn_snapvine,1,1,0,3,159,26980,5020,30000,0,2000,0
mana20,1001,0,16,protected,1048578,wc_vn_bellback,1,1,0,0,-1,0,0,0,0,0,0
mana20,1001,0,16,protected,1048579,wc_vn_cragstoat,1,1,0,0,-1,0,0,0,0,0,0
mana20,1002,0,17,protected,4,wc_vn_bellback,0,1,1,0,-1,0,0,0,0,0,0
mana20,1002,0,17,protected,5,wc_vn_grandmother_root,0,1,1,4,32,0,0,0,0,0,0
mana20,1002,0,17,protected,6,wc_vn_cragstoat,0,1,1,0,-1,0,0,0,0,0,0
mana20,1002,0,17,protected,1048577,wc_vn_snapvine,1,1,0,3,159,26980,5020,30000,0,2000,0
mana20,1002,0,17,protected,1048578,wc_vn_bellback,1,1,0,0,-1,0,0,0,0,0,0
mana20,1002,0,17,protected,1048579,wc_vn_cragstoat,1,1,0,0,-1,0,0,0,0,0,0
mana20,1003,0,18,protected,4,wc_vn_bellback,0,1,1,0,-1,0,0,0,0,0,0
mana20,1003,0,18,protected,5,wc_vn_grandmother_root,0,1,1,4,32,0,0,0,0,0,0
mana20,1003,0,18,protected,6,wc_vn_cragstoat,0,1,1,0,-1,0,0,0,0,0,0
mana20,1003,0,18,protected,1048577,wc_vn_snapvine,1,1,0,3,159,26980,5020,30000,0,2000,0
mana20,1003,0,18,protected,1048578,wc_vn_bellback,1,1,0,0,-1,0,0,0,0,0,0
mana20,1003,0,18,protected,1048579,wc_vn_cragstoat,1,1,0,0,-1,0,0,0,0,0,0
mana20,1004,0,19,protected,4,wc_vn_bellback,0,1,1,0,-1,0,0,0,0,0,0
mana20,1004,0,19,protected,5,wc_vn_grandmother_root,0,1,1,4,32,0,0,0,0,0,0
mana20,1004,0,19,protected,6,wc_vn_cragstoat,0,1,1,0,-1,0,0,0,0,0,0
mana20,1004,0,19,protected,1048577,wc_vn_snapvine,1,1,0,3,159,26980,5020,30000,0,2000,0
mana20,1004,0,19,protected,1048578,wc_vn_bellback,1,1,0,0,-1,0,0,0,0,0,0
mana20,1004,0,19,protected,1048579,wc_vn_cragstoat,1,1,0,0,-1,0,0,0,0,0,0
mana20,1005,0,20,protected,4,wc_vn_bellback,0,1,0,0,-1,0,0,0,0,0,0
mana20,1005,0,20,protected,5,wc_vn_grandmother_root,0,1,0,6,32,0,0,0,0,0,0
mana20,1005,0,20,protected,6,wc_vn_cragstoat,0,1,0,0,-1,0,0,0,0,0,0
mana20,1005,0,20,protected,1048577,wc_vn_snapvine,1,1,1,5,159,47912,2088,50000,0,0,0
mana20,1005,0,20,protected,1048578,wc_vn_bellback,1,1,0,0,-1,0,0,0,0,0,0
mana20,1005,0,20,protected,1048579,wc_vn_cragstoat,1,1,0,0,-1,0,0,0,0,0,0
mana20,1006,0,21,protected,4,wc_vn_bellback,0,1,0,0,-1,0,0,0,0,0,0
mana20,1006,0,21,protected,5,wc_vn_grandmother_root,0,1,0,6,32,0,0,0,0,0,0
mana20,1006,0,21,protected,6,wc_vn_cragstoat,0,1,0,0,-1,0,0,0,0,0,0
mana20,1006,0,21,protected,1048577,wc_vn_snapvine,1,1,1,5,159,47912,2088,50000,0,0,0
mana20,1006,0,21,protected,1048578,wc_vn_bellback,1,1,0,0,-1,0,0,0,0,0,0
mana20,1006,0,21,protected,1048579,wc_vn_cragstoat,1,1,0,0,-1,0,0,0,0,0,0
mana20,1007,0,22,protected,4,wc_vn_bellback,0,1,0,0,-1,0,0,0,0,0,0
mana20,1007,0,22,protected,5,wc_vn_grandmother_root,0,1,0,6,32,0,0,0,0,0,0
mana20,1007,0,22,protected,6,wc_vn_cragstoat,0,1,0,0,-1,0,0,0,0,0,0
mana20,1007,0,22,protected,1048577,wc_vn_snapvine,1,1,1,5,159,47912,2088,50000,0,0,0
mana20,1007,0,22,protected,1048578,wc_vn_bellback,1,1,0,0,-1,0,0,0,0,0,0
mana20,1007,0,22,protected,1048579,wc_vn_cragstoat,1,1,0,0,-1,0,0,0,0,0,0
mana20,1008,0,23,protected,4,wc_vn_bellback,0,1,0,0,-1,0,0,0,0,0,0
mana20,1008,0,23,protected,5,wc_vn_grandmother_root,0,1,0,4,32,0,0,0,0,0,0
mana20,1008,0,23,protected,6,wc_vn_cragstoat,0,1,0,0,-1,0,0,0,0,0,0
mana20,1008,0,23,protected,1048577,wc_vn_snapvine,1,1,1,4,159,46000,1366,40000,7366,0,0
mana20,1008,0,23,protected,1048578,wc_vn_bellback,1,1,0,0,-1,0,0,0,0,0,0
mana20,1008,0,23,protected,1048579,wc_vn_cragstoat,1,1,0,0,-1,0,0,0,0,0,0
mana20,1009,0,24,protected,4,wc_vn_bellback,0,1,0,0,-1,0,0,0,0,0,0
mana20,1009,0,24,protected,5,wc_vn_grandmother_root,0,1,0,4,32,0,0,0,0,0,0
mana20,1009,0,24,protected,6,wc_vn_cragstoat,0,1,0,0,-1,0,0,0,0,0,0
mana20,1009,0,24,protected,1048577,wc_vn_snapvine,1,1,1,4,159,46000,1366,40000,7366,0,0
mana20,1009,0,24,protected,1048578,wc_vn_bellback,1,1,0,0,-1,0,0,0,0,0,0
mana20,1009,0,24,protected,1048579,wc_vn_cragstoat,1,1,0,0,-1,0,0,0,0,0,0
mana20,1010,0,25,protected,4,wc_vn_bellback,0,1,0,0,-1,0,0,0,0,0,0
mana20,1010,0,25,protected,5,wc_vn_grandmother_root,0,1,0,6,32,0,0,0,0,0,0
mana20,1010,0,25,protected,6,wc_vn_cragstoat,0,1,0,0,-1,0,0,0,0,0,0
mana20,1010,0,25,protected,1048577,wc_vn_snapvine,1,1,1,5,159,47912,2088,50000,0,0,0
mana20,1010,0,25,protected,1048578,wc_vn_bellback,1,1,0,0,-1,0,0,0,0,0,0
mana20,1010,0,25,protected,1048579,wc_vn_cragstoat,1,1,0,0,-1,0,0,0,0,0,0
mana20,1011,0,26,protected,4,wc_vn_bellback,0,1,1,0,-1,0,0,0,0,0,0
mana20,1011,0,26,protected,5,wc_vn_grandmother_root,0,1,1,4,32,0,0,0,0,0,0
mana20,1011,0,26,protected,6,wc_vn_cragstoat,0,1,1,0,-1,0,0,0,0,0,0
mana20,1011,0,26,protected,1048577,wc_vn_snapvine,1,1,0,3,159,26980,5020,30000,0,2000,0
mana20,1011,0,26,protected,1048578,wc_vn_bellback,1,1,0,0,-1,0,0,0,0,0,0
mana20,1011,0,26,protected,1048579,wc_vn_cragstoat,1,1,0,0,-1,0,0,0,0,0,0
mana20,1012,0,27,protected,4,wc_vn_bellback,0,1,0,0,-1,0,0,0,0,0,0
mana20,1012,0,27,protected,5,wc_vn_grandmother_root,0,1,0,4,32,0,0,0,0,0,0
mana20,1012,0,27,protected,6,wc_vn_cragstoat,0,1,0,0,-1,0,0,0,0,0,0
mana20,1012,0,27,protected,1048577,wc_vn_snapvine,1,1,1,4,159,46000,1366,40000,7366,0,0
mana20,1012,0,27,protected,1048578,wc_vn_bellback,1,1,0,0,-1,0,0,0,0,0,0
mana20,1012,0,27,protected,1048579,wc_vn_cragstoat,1,1,0,0,-1,0,0,0,0,0,0
mana20,1013,0,28,protected,4,wc_vn_bellback,0,1,1,0,-1,0,0,0,0,0,0
mana20,1013,0,28,protected,5,wc_vn_grandmother_root,0,1,1,4,32,0,0,0,0,0,0
mana20,1013,0,28,protected,6,wc_vn_cragstoat,0,1,1,0,-1,0,0,0,0,0,0
mana20,1013,0,28,protected,1048577,wc_vn_snapvine,1,1,0,3,159,26980,5020,30000,0,2000,0
mana20,1013,0,28,protected,1048578,wc_vn_bellback,1,1,0,0,-1,0,0,0,0,0,0
mana20,1013,0,28,protected,1048579,wc_vn_cragstoat,1,1,0,0,-1,0,0,0,0,0,0
mana20,1014,0,29,protected,4,wc_vn_bellback,0,1,1,0,-1,0,0,0,0,0,0
mana20,1014,0,29,protected,5,wc_vn_grandmother_root,0,1,1,4,32,0,0,0,0,0,0
mana20,1014,0,29,protected,6,wc_vn_cragstoat,0,1,1,0,-1,0,0,0,0,0,0
mana20,1014,0,29,protected,1048577,wc_vn_snapvine,1,1,0,3,159,26980,5020,30000,0,2000,0
mana20,1014,0,29,protected,1048578,wc_vn_bellback,1,1,0,0,-1,0,0,0,0,0,0
mana20,1014,0,29,protected,1048579,wc_vn_cragstoat,1,1,0,0,-1,0,0,0,0,0,0
mana20,1015,0,30,protected,4,wc_vn_bellback,0,1,0,0,-1,0,0,0,0,0,0
mana20,1015,0,30,protected,5,wc_vn_grandmother_root,0,1,0,6,32,0,0,0,0,0,0
mana20,1015,0,30,protected,6,wc_vn_cragstoat,0,1,0,0,-1,0,0,0,0,0,0
mana20,1015,0,30,protected,1048577,wc_vn_snapvine,1,1,1,5,159,47912,2088,50000,0,0,0
mana20,1015,0,30,protected,1048578,wc_vn_bellback,1,1,0,0,-1,0,0,0,0,0,0
mana20,1015,0,30,protected,1048579,wc_vn_cragstoat,1,1,0,0,-1,0,0,0,0,0,0
mana20,1016,0,31,protected,4,wc_vn_bellback,0,1,1,0,-1,0,0,0,0,0,0
mana20,1016,0,31,protected,5,wc_vn_grandmother_root,0,1,1,4,32,0,0,0,0,0,0
mana20,1016,0,31,protected,6,wc_vn_cragstoat,0,1,1,0,-1,0,0,0,0,0,0
mana20,1016,0,31,protected,1048577,wc_vn_snapvine,1,1,0,3,159,26980,5020,30000,0,2000,0
mana20,1016,0,31,protected,1048578,wc_vn_bellback,1,1,0,0,-1,0,0,0,0,0,0
mana20,1016,0,31,protected,1048579,wc_vn_cragstoat,1,1,0,0,-1,0,0,0,0,0,0
mana20,1001,0,32,protected,1,wc_vn_snapvine,0,2,0,3,159,30000,7726,30000,0,7726,0
mana20,1001,0,32,protected,2,wc_vn_bellback,0,1,0,0,-1,0,0,0,0,0,0
mana20,1001,0,32,protected,3,wc_vn_cragstoat,0,1,0,0,-1,0,0,0,0,0,0
mana20,1001,0,32,protected,1048580,wc_vn_bellback,1,1,1,0,-1,0,0,0,0,0,0
mana20,1001,0,32,protected,1048581,wc_vn_grandmother_root,1,2,0,3,32,0,0,0,0,0,0
mana20,1001,0,32,protected,1048582,wc_vn_cragstoat,1,1,1,2,117,0,0,0,0,0,0
mana20,1002,0,33,protected,1,wc_vn_snapvine,0,2,1,4,159,37578,2422,40000,0,0,0
mana20,1002,0,33,protected,2,wc_vn_bellback,0,1,0,0,-1,0,0,0,0,0,0
mana20,1002,0,33,protected,3,wc_vn_cragstoat,0,1,0,0,-1,0,0,0,0,0,0
mana20,1002,0,33,protected,1048580,wc_vn_bellback,1,1,0,0,-1,0,0,0,0,0,0
mana20,1002,0,33,protected,1048581,wc_vn_grandmother_root,1,2,0,4,32,0,0,0,0,0,0
mana20,1002,0,33,protected,1048582,wc_vn_cragstoat,1,1,0,0,-1,0,0,0,0,0,0
mana20,1003,0,34,protected,1,wc_vn_snapvine,0,2,0,3,159,30000,7726,30000,0,7726,0
mana20,1003,0,34,protected,2,wc_vn_bellback,0,1,0,0,-1,0,0,0,0,0,0
mana20,1003,0,34,protected,3,wc_vn_cragstoat,0,1,0,0,-1,0,0,0,0,0,0
mana20,1003,0,34,protected,1048580,wc_vn_bellback,1,1,1,0,-1,0,0,0,0,0,0
mana20,1003,0,34,protected,1048581,wc_vn_grandmother_root,1,2,0,3,32,0,0,0,0,0,0
mana20,1003,0,34,protected,1048582,wc_vn_cragstoat,1,1,1,2,117,0,0,0,0,0,0
mana20,1004,0,35,protected,1,wc_vn_snapvine,0,2,1,4,159,37578,2422,40000,0,0,0
mana20,1004,0,35,protected,2,wc_vn_bellback,0,1,0,0,-1,0,0,0,0,0,0
mana20,1004,0,35,protected,3,wc_vn_cragstoat,0,1,0,0,-1,0,0,0,0,0,0
mana20,1004,0,35,protected,1048580,wc_vn_bellback,1,1,0,0,-1,0,0,0,0,0,0
mana20,1004,0,35,protected,1048581,wc_vn_grandmother_root,1,2,0,4,32,0,0,0,0,0,0
mana20,1004,0,35,protected,1048582,wc_vn_cragstoat,1,1,0,0,-1,0,0,0,0,0,0
mana20,1005,0,36,protected,1,wc_vn_snapvine,0,2,1,4,159,39532,2468,40000,2000,0,0
mana20,1005,0,36,protected,2,wc_vn_bellback,0,1,0,0,-1,0,0,0,0,0,0
mana20,1005,0,36,protected,3,wc_vn_cragstoat,0,1,0,0,-1,0,0,0,0,0,0
mana20,1005,0,36,protected,1048580,wc_vn_bellback,1,1,0,0,-1,0,0,0,0,0,0
mana20,1005,0,36,protected,1048581,wc_vn_grandmother_root,1,2,0,5,32,0,0,0,0,0,0
mana20,1005,0,36,protected,1048582,wc_vn_cragstoat,1,1,0,0,-1,0,0,0,0,0,0
mana20,1006,0,37,protected,1,wc_vn_snapvine,0,2,0,3,159,30000,7726,30000,0,7726,0
mana20,1006,0,37,protected,2,wc_vn_bellback,0,1,0,0,-1,0,0,0,0,0,0
mana20,1006,0,37,protected,3,wc_vn_cragstoat,0,1,0,0,-1,0,0,0,0,0,0
mana20,1006,0,37,protected,1048580,wc_vn_bellback,1,1,1,0,-1,0,0,0,0,0,0
mana20,1006,0,37,protected,1048581,wc_vn_grandmother_root,1,2,0,3,32,0,0,0,0,0,0
mana20,1006,0,37,protected,1048582,wc_vn_cragstoat,1,1,1,2,117,0,0,0,0,0,0
mana20,1007,0,38,protected,1,wc_vn_snapvine,0,2,1,4,159,37578,2422,40000,0,0,0
mana20,1007,0,38,protected,2,wc_vn_bellback,0,1,0,0,-1,0,0,0,0,0,0
mana20,1007,0,38,protected,3,wc_vn_cragstoat,0,1,0,0,-1,0,0,0,0,0,0
mana20,1007,0,38,protected,1048580,wc_vn_bellback,1,1,0,0,-1,0,0,0,0,0,0
mana20,1007,0,38,protected,1048581,wc_vn_grandmother_root,1,2,0,4,32,0,0,0,0,0,0
mana20,1007,0,38,protected,1048582,wc_vn_cragstoat,1,1,0,0,-1,0,0,0,0,0,0
mana20,1008,0,39,protected,1,wc_vn_snapvine,0,2,1,4,159,39532,2468,40000,2000,0,0
mana20,1008,0,39,protected,2,wc_vn_bellback,0,1,0,0,-1,0,0,0,0,0,0
mana20,1008,0,39,protected,3,wc_vn_cragstoat,0,1,0,0,-1,0,0,0,0,0,0
mana20,1008,0,39,protected,1048580,wc_vn_bellback,1,1,0,0,-1,0,0,0,0,0,0
mana20,1008,0,39,protected,1048581,wc_vn_grandmother_root,1,2,0,5,32,0,0,0,0,0,0
mana20,1008,0,39,protected,1048582,wc_vn_cragstoat,1,1,0,0,-1,0,0,0,0,0,0
mana20,1009,0,40,protected,1,wc_vn_snapvine,0,2,0,3,159,30000,7726,30000,0,7726,0
mana20,1009,0,40,protected,2,wc_vn_bellback,0,1,0,0,-1,0,0,0,0,0,0
mana20,1009,0,40,protected,3,wc_vn_cragstoat,0,1,0,0,-1,0,0,0,0,0,0
mana20,1009,0,40,protected,1048580,wc_vn_bellback,1,1,1,0,-1,0,0,0,0,0,0
mana20,1009,0,40,protected,1048581,wc_vn_grandmother_root,1,2,0,3,32,0,0,0,0,0,0
mana20,1009,0,40,protected,1048582,wc_vn_cragstoat,1,1,1,2,117,0,0,0,0,0,0
mana20,1010,0,41,protected,1,wc_vn_snapvine,0,2,1,4,159,39532,2468,40000,2000,0,0
mana20,1010,0,41,protected,2,wc_vn_bellback,0,1,0,0,-1,0,0,0,0,0,0
mana20,1010,0,41,protected,3,wc_vn_cragstoat,0,1,0,0,-1,0,0,0,0,0,0
mana20,1010,0,41,protected,1048580,wc_vn_bellback,1,1,0,0,-1,0,0,0,0,0,0
mana20,1010,0,41,protected,1048581,wc_vn_grandmother_root,1,2,0,5,32,0,0,0,0,0,0
mana20,1010,0,41,protected,1048582,wc_vn_cragstoat,1,1,0,0,-1,0,0,0,0,0,0
mana20,1011,0,42,protected,1,wc_vn_snapvine,0,2,0,3,159,30000,7726,30000,0,7726,0
mana20,1011,0,42,protected,2,wc_vn_bellback,0,1,0,0,-1,0,0,0,0,0,0
mana20,1011,0,42,protected,3,wc_vn_cragstoat,0,1,0,0,-1,0,0,0,0,0,0
mana20,1011,0,42,protected,1048580,wc_vn_bellback,1,1,1,0,-1,0,0,0,0,0,0
mana20,1011,0,42,protected,1048581,wc_vn_grandmother_root,1,2,0,3,32,0,0,0,0,0,0
mana20,1011,0,42,protected,1048582,wc_vn_cragstoat,1,1,1,2,117,0,0,0,0,0,0
mana20,1012,0,43,protected,1,wc_vn_snapvine,0,2,1,4,159,37578,2422,40000,0,0,0
mana20,1012,0,43,protected,2,wc_vn_bellback,0,1,0,0,-1,0,0,0,0,0,0
mana20,1012,0,43,protected,3,wc_vn_cragstoat,0,1,0,0,-1,0,0,0,0,0,0
mana20,1012,0,43,protected,1048580,wc_vn_bellback,1,1,0,0,-1,0,0,0,0,0,0
mana20,1012,0,43,protected,1048581,wc_vn_grandmother_root,1,2,0,4,32,0,0,0,0,0,0
mana20,1012,0,43,protected,1048582,wc_vn_cragstoat,1,1,0,0,-1,0,0,0,0,0,0
mana20,1013,0,44,protected,1,wc_vn_snapvine,0,2,1,4,159,39532,2468,40000,2000,0,0
mana20,1013,0,44,protected,2,wc_vn_bellback,0,1,0,0,-1,0,0,0,0,0,0
mana20,1013,0,44,protected,3,wc_vn_cragstoat,0,1,0,0,-1,0,0,0,0,0,0
mana20,1013,0,44,protected,1048580,wc_vn_bellback,1,1,0,0,-1,0,0,0,0,0,0
mana20,1013,0,44,protected,1048581,wc_vn_grandmother_root,1,2,0,5,32,0,0,0,0,0,0
mana20,1013,0,44,protected,1048582,wc_vn_cragstoat,1,1,0,0,-1,0,0,0,0,0,0
mana20,1014,0,45,protected,1,wc_vn_snapvine,0,2,0,3,159,30000,7726,30000,0,7726,0
mana20,1014,0,45,protected,2,wc_vn_bellback,0,1,0,0,-1,0,0,0,0,0,0
mana20,1014,0,45,protected,3,wc_vn_cragstoat,0,1,0,0,-1,0,0,0,0,0,0
mana20,1014,0,45,protected,1048580,wc_vn_bellback,1,1,1,0,-1,0,0,0,0,0,0
mana20,1014,0,45,protected,1048581,wc_vn_grandmother_root,1,2,0,3,32,0,0,0,0,0,0
mana20,1014,0,45,protected,1048582,wc_vn_cragstoat,1,1,1,2,117,0,0,0,0,0,0
mana20,1015,0,46,protected,1,wc_vn_snapvine,0,2,1,4,159,37578,2422,40000,0,0,0
mana20,1015,0,46,protected,2,wc_vn_bellback,0,1,0,0,-1,0,0,0,0,0,0
mana20,1015,0,46,protected,3,wc_vn_cragstoat,0,1,0,0,-1,0,0,0,0,0,0
mana20,1015,0,46,protected,1048580,wc_vn_bellback,1,1,0,0,-1,0,0,0,0,0,0
mana20,1015,0,46,protected,1048581,wc_vn_grandmother_root,1,2,0,4,32,0,0,0,0,0,0
mana20,1015,0,46,protected,1048582,wc_vn_cragstoat,1,1,0,0,-1,0,0,0,0,0,0
mana20,1016,0,47,protected,1,wc_vn_snapvine,0,2,1,4,159,39532,2468,40000,2000,0,0
mana20,1016,0,47,protected,2,wc_vn_bellback,0,1,0,0,-1,0,0,0,0,0,0
mana20,1016,0,47,protected,3,wc_vn_cragstoat,0,1,0,0,-1,0,0,0,0,0,0
mana20,1016,0,47,protected,1048580,wc_vn_bellback,1,1,0,0,-1,0,0,0,0,0,0
mana20,1016,0,47,protected,1048581,wc_vn_grandmother_root,1,2,0,5,32,0,0,0,0,0,0
mana20,1016,0,47,protected,1048582,wc_vn_cragstoat,1,1,0,0,-1,0,0,0,0,0,0
mana20,1001,0,48,protected,4,wc_vn_bellback,0,1,0,0,-1,0,0,0,0,0,0
mana20,1001,0,48,protected,5,wc_vn_grandmother_root,0,2,1,4,32,0,0,0,0,0,0
mana20,1001,0,48,protected,6,wc_vn_cragstoat,0,1,1,0,-1,0,0,0,0,0,0
mana20,1001,0,48,protected,1048577,wc_vn_snapvine,1,2,0,3,159,28512,6976,30000,0,5488,0
mana20,1001,0,48,protected,1048578,wc_vn_bellback,1,1,0,0,-1,0,0,0,0,0,0
mana20,1001,0,48,protected,1048579,wc_vn_cragstoat,1,1,0,0,-1,0,0,0,0,0,0
mana20,1002,0,49,protected,4,wc_vn_bellback,0,1,1,0,-1,0,0,0,0,0,0
mana20,1002,0,49,protected,5,wc_vn_grandmother_root,0,2,1,4,32,0,0,0,0,0,0
mana20,1002,0,49,protected,6,wc_vn_cragstoat,0,1,1,0,-1,0,0,0,0,0,0
mana20,1002,0,49,protected,1048577,wc_vn_snapvine,1,2,0,3,159,26512,6493,30000,0,3005,0
mana20,1002,0,49,protected,1048578,wc_vn_bellback,1,1,0,0,-1,0,0,0,0,0,0
mana20,1002,0,49,protected,1048579,wc_vn_cragstoat,1,1,0,0,-1,0,0,0,0,0,0
mana20,1003,0,50,protected,4,wc_vn_bellback,0,1,1,0,-1,0,0,0,0,0,0
mana20,1003,0,50,protected,5,wc_vn_grandmother_root,0,2,1,4,32,0,0,0,0,0,0
mana20,1003,0,50,protected,6,wc_vn_cragstoat,0,1,1,0,-1,0,0,0,0,0,0
mana20,1003,0,50,protected,1048577,wc_vn_snapvine,1,2,0,3,159,26512,6493,30000,0,3005,0
mana20,1003,0,50,protected,1048578,wc_vn_bellback,1,1,0,0,-1,0,0,0,0,0,0
mana20,1003,0,50,protected,1048579,wc_vn_cragstoat,1,1,0,0,-1,0,0,0,0,0,0
mana20,1004,0,51,protected,4,wc_vn_bellback,0,1,0,0,-1,0,0,0,0,0,0
mana20,1004,0,51,protected,5,wc_vn_grandmother_root,0,2,1,4,32,0,0,0,0,0,0
mana20,1004,0,51,protected,6,wc_vn_cragstoat,0,1,1,0,-1,0,0,0,0,0,0
mana20,1004,0,51,protected,1048577,wc_vn_snapvine,1,2,0,3,159,28512,6976,30000,0,5488,0
mana20,1004,0,51,protected,1048578,wc_vn_bellback,1,1,0,0,-1,0,0,0,0,0,0
mana20,1004,0,51,protected,1048579,wc_vn_cragstoat,1,1,0,0,-1,0,0,0,0,0,0
mana20,1005,0,52,protected,4,wc_vn_bellback,0,1,0,0,-1,0,0,0,0,0,0
mana20,1005,0,52,protected,5,wc_vn_grandmother_root,0,2,0,5,32,0,0,0,0,0,0
mana20,1005,0,52,protected,6,wc_vn_cragstoat,0,1,0,0,-1,0,0,0,0,0,0
mana20,1005,0,52,protected,1048577,wc_vn_snapvine,1,2,1,5,159,45348,4652,50000,0,0,0
mana20,1005,0,52,protected,1048578,wc_vn_bellback,1,1,0,0,-1,0,0,0,0,0,0
mana20,1005,0,52,protected,1048579,wc_vn_cragstoat,1,1,0,0,-1,0,0,0,0,0,0
mana20,1006,0,53,protected,4,wc_vn_bellback,0,1,0,0,-1,0,0,0,0,0,0
mana20,1006,0,53,protected,5,wc_vn_grandmother_root,0,2,0,5,32,0,0,0,0,0,0
mana20,1006,0,53,protected,6,wc_vn_cragstoat,0,1,0,0,-1,0,0,0,0,0,0
mana20,1006,0,53,protected,1048577,wc_vn_snapvine,1,2,1,5,159,45348,4652,50000,0,0,0
mana20,1006,0,53,protected,1048578,wc_vn_bellback,1,1,0,0,-1,0,0,0,0,0,0
mana20,1006,0,53,protected,1048579,wc_vn_cragstoat,1,1,0,0,-1,0,0,0,0,0,0
mana20,1007,0,54,protected,4,wc_vn_bellback,0,1,0,0,-1,0,0,0,0,0,0
mana20,1007,0,54,protected,5,wc_vn_grandmother_root,0,2,0,5,32,0,0,0,0,0,0
mana20,1007,0,54,protected,6,wc_vn_cragstoat,0,1,0,0,-1,0,0,0,0,0,0
mana20,1007,0,54,protected,1048577,wc_vn_snapvine,1,2,1,5,159,45348,4652,50000,0,0,0
mana20,1007,0,54,protected,1048578,wc_vn_bellback,1,1,0,0,-1,0,0,0,0,0,0
mana20,1007,0,54,protected,1048579,wc_vn_cragstoat,1,1,0,0,-1,0,0,0,0,0,0
mana20,1008,0,55,protected,4,wc_vn_bellback,0,1,0,0,-1,0,0,0,0,0,0
mana20,1008,0,55,protected,5,wc_vn_grandmother_root,0,2,0,4,32,0,0,0,0,0,0
mana20,1008,0,55,protected,6,wc_vn_cragstoat,0,1,0,0,-1,0,0,0,0,0,0
mana20,1008,0,55,protected,1048577,wc_vn_snapvine,1,2,1,4,159,37578,2422,40000,0,0,0
mana20,1008,0,55,protected,1048578,wc_vn_bellback,1,1,0,0,-1,0,0,0,0,0,0
mana20,1008,0,55,protected,1048579,wc_vn_cragstoat,1,1,0,0,-1,0,0,0,0,0,0
mana20,1009,0,56,protected,4,wc_vn_bellback,0,1,0,0,-1,0,0,0,0,0,0
mana20,1009,0,56,protected,5,wc_vn_grandmother_root,0,2,0,4,32,0,0,0,0,0,0
mana20,1009,0,56,protected,6,wc_vn_cragstoat,0,1,0,0,-1,0,0,0,0,0,0
mana20,1009,0,56,protected,1048577,wc_vn_snapvine,1,2,1,4,159,37578,2422,40000,0,0,0
mana20,1009,0,56,protected,1048578,wc_vn_bellback,1,1,0,0,-1,0,0,0,0,0,0
mana20,1009,0,56,protected,1048579,wc_vn_cragstoat,1,1,0,0,-1,0,0,0,0,0,0
mana20,1010,0,57,protected,4,wc_vn_bellback,0,1,0,0,-1,0,0,0,0,0,0
mana20,1010,0,57,protected,5,wc_vn_grandmother_root,0,2,0,5,32,0,0,0,0,0,0
mana20,1010,0,57,protected,6,wc_vn_cragstoat,0,1,0,0,-1,0,0,0,0,0,0
mana20,1010,0,57,protected,1048577,wc_vn_snapvine,1,2,1,5,159,45348,4652,50000,0,0,0
mana20,1010,0,57,protected,1048578,wc_vn_bellback,1,1,0,0,-1,0,0,0,0,0,0
mana20,1010,0,57,protected,1048579,wc_vn_cragstoat,1,1,0,0,-1,0,0,0,0,0,0
mana20,1011,0,58,protected,4,wc_vn_bellback,0,1,1,0,-1,0,0,0,0,0,0
mana20,1011,0,58,protected,5,wc_vn_grandmother_root,0,2,1,4,32,0,0,0,0,0,0
mana20,1011,0,58,protected,6,wc_vn_cragstoat,0,1,1,0,-1,0,0,0,0,0,0
mana20,1011,0,58,protected,1048577,wc_vn_snapvine,1,2,0,3,159,26512,6493,30000,0,3005,0
mana20,1011,0,58,protected,1048578,wc_vn_bellback,1,1,0,0,-1,0,0,0,0,0,0
mana20,1011,0,58,protected,1048579,wc_vn_cragstoat,1,1,0,0,-1,0,0,0,0,0,0
mana20,1012,0,59,protected,4,wc_vn_bellback,0,1,0,0,-1,0,0,0,0,0,0
mana20,1012,0,59,protected,5,wc_vn_grandmother_root,0,2,0,4,32,0,0,0,0,0,0
mana20,1012,0,59,protected,6,wc_vn_cragstoat,0,1,0,0,-1,0,0,0,0,0,0
mana20,1012,0,59,protected,1048577,wc_vn_snapvine,1,2,1,4,159,37578,2422,40000,0,0,0
mana20,1012,0,59,protected,1048578,wc_vn_bellback,1,1,0,0,-1,0,0,0,0,0,0
mana20,1012,0,59,protected,1048579,wc_vn_cragstoat,1,1,0,0,-1,0,0,0,0,0,0
mana20,1013,0,60,protected,4,wc_vn_bellback,0,1,0,0,-1,0,0,0,0,0,0
mana20,1013,0,60,protected,5,wc_vn_grandmother_root,0,2,1,4,32,0,0,0,0,0,0
mana20,1013,0,60,protected,6,wc_vn_cragstoat,0,1,1,0,-1,0,0,0,0,0,0
mana20,1013,0,60,protected,1048577,wc_vn_snapvine,1,2,0,3,159,28512,6976,30000,0,5488,0
mana20,1013,0,60,protected,1048578,wc_vn_bellback,1,1,0,0,-1,0,0,0,0,0,0
mana20,1013,0,60,protected,1048579,wc_vn_cragstoat,1,1,0,0,-1,0,0,0,0,0,0
mana20,1014,0,61,protected,4,wc_vn_bellback,0,1,0,0,-1,0,0,0,0,0,0
mana20,1014,0,61,protected,5,wc_vn_grandmother_root,0,2,1,4,32,0,0,0,0,0,0
mana20,1014,0,61,protected,6,wc_vn_cragstoat,0,1,1,0,-1,0,0,0,0,0,0
mana20,1014,0,61,protected,1048577,wc_vn_snapvine,1,2,0,3,159,28512,6976,30000,0,5488,0
mana20,1014,0,61,protected,1048578,wc_vn_bellback,1,1,0,0,-1,0,0,0,0,0,0
mana20,1014,0,61,protected,1048579,wc_vn_cragstoat,1,1,0,0,-1,0,0,0,0,0,0
mana20,1015,0,62,protected,4,wc_vn_bellback,0,1,0,0,-1,0,0,0,0,0,0
mana20,1015,0,62,protected,5,wc_vn_grandmother_root,0,2,0,5,32,0,0,0,0,0,0
mana20,1015,0,62,protected,6,wc_vn_cragstoat,0,1,0,0,-1,0,0,0,0,0,0
mana20,1015,0,62,protected,1048577,wc_vn_snapvine,1,2,1,5,159,45348,4652,50000,0,0,0
mana20,1015,0,62,protected,1048578,wc_vn_bellback,1,1,0,0,-1,0,0,0,0,0,0
mana20,1015,0,62,protected,1048579,wc_vn_cragstoat,1,1,0,0,-1,0,0,0,0,0,0
mana20,1016,0,63,protected,4,wc_vn_bellback,0,1,0,0,-1,0,0,0,0,0,0
mana20,1016,0,63,protected,5,wc_vn_grandmother_root,0,2,1,4,32,0,0,0,0,0,0
mana20,1016,0,63,protected,6,wc_vn_cragstoat,0,1,1,0,-1,0,0,0,0,0,0
mana20,1016,0,63,protected,1048577,wc_vn_snapvine,1,2,0,3,159,28512,6976,30000,0,5488,0
mana20,1016,0,63,protected,1048578,wc_vn_bellback,1,1,0,0,-1,0,0,0,0,0,0
mana20,1016,0,63,protected,1048579,wc_vn_cragstoat,1,1,0,0,-1,0,0,0,0,0,0
mana20,1001,0,64,protected,1,wc_vn_snapvine,0,3,1,3,159,33731,5341,30000,9072,0,0
mana20,1001,0,64,protected,2,wc_vn_bellback,0,1,0,0,-1,0,0,0,0,0,0
mana20,1001,0,64,protected,3,wc_vn_cragstoat,0,1,0,0,-1,0,0,0,0,0,0
mana20,1001,0,64,protected,1048580,wc_vn_bellback,1,1,0,0,-1,0,0,0,0,0,0
mana20,1001,0,64,protected,1048581,wc_vn_grandmother_root,1,3,0,4,32,0,0,0,0,0,0
mana20,1001,0,64,protected,1048582,wc_vn_cragstoat,1,1,0,2,117,0,0,0,0,0,0
mana20,1002,0,65,protected,1,wc_vn_snapvine,0,3,1,3,159,34000,2422,30000,6422,0,0
mana20,1002,0,65,protected,2,wc_vn_bellback,0,1,0,0,-1,0,0,0,0,0,0
mana20,1002,0,65,protected,3,wc_vn_cragstoat,0,1,0,0,-1,0,0,0,0,0,0
mana20,1002,0,65,protected,1048580,wc_vn_bellback,1,1,0,0,-1,0,0,0,0,0,0
mana20,1002,0,65,protected,1048581,wc_vn_grandmother_root,1,3,0,4,32,0,0,0,0,0,0
mana20,1002,0,65,protected,1048582,wc_vn_cragstoat,1,1,0,0,-1,0,0,0,0,0,0
mana20,1003,0,66,protected,1,wc_vn_snapvine,0,3,1,3,159,33731,5341,30000,9072,0,0
mana20,1003,0,66,protected,2,wc_vn_bellback,0,1,0,0,-1,0,0,0,0,0,0
mana20,1003,0,66,protected,3,wc_vn_cragstoat,0,1,0,0,-1,0,0,0,0,0,0
mana20,1003,0,66,protected,1048580,wc_vn_bellback,1,1,0,0,-1,0,0,0,0,0,0
mana20,1003,0,66,protected,1048581,wc_vn_grandmother_root,1,3,0,4,32,0,0,0,0,0,0
mana20,1003,0,66,protected,1048582,wc_vn_cragstoat,1,1,0,2,117,0,0,0,0,0,0
mana20,1004,0,67,protected,1,wc_vn_snapvine,0,3,1,3,159,34000,2422,30000,6422,0,0
mana20,1004,0,67,protected,2,wc_vn_bellback,0,1,0,0,-1,0,0,0,0,0,0
mana20,1004,0,67,protected,3,wc_vn_cragstoat,0,1,0,0,-1,0,0,0,0,0,0
mana20,1004,0,67,protected,1048580,wc_vn_bellback,1,1,0,0,-1,0,0,0,0,0,0
mana20,1004,0,67,protected,1048581,wc_vn_grandmother_root,1,3,0,4,32,0,0,0,0,0,0
mana20,1004,0,67,protected,1048582,wc_vn_cragstoat,1,1,0,0,-1,0,0,0,0,0,0
mana20,1005,0,68,protected,1,wc_vn_snapvine,0,3,1,3,159,34434,2610,30000,7044,0,0
mana20,1005,0,68,protected,2,wc_vn_bellback,0,1,0,0,-1,0,0,0,0,0,0
mana20,1005,0,68,protected,3,wc_vn_cragstoat,0,1,0,0,-1,0,0,0,0,0,0
mana20,1005,0,68,protected,1048580,wc_vn_bellback,1,1,0,0,-1,0,0,0,0,0,0
mana20,1005,0,68,protected,1048581,wc_vn_grandmother_root,1,3,0,4,32,0,0,0,0,0,0
mana20,1005,0,68,protected,1048582,wc_vn_cragstoat,1,1,0,0,-1,0,0,0,0,0,0
mana20,1006,0,69,protected,1,wc_vn_snapvine,0,3,1,3,159,33731,5341,30000,9072,0,0
mana20,1006,0,69,protected,2,wc_vn_bellback,0,1,0,0,-1,0,0,0,0,0,0
mana20,1006,0,69,protected,3,wc_vn_cragstoat,0,1,0,0,-1,0,0,0,0,0,0
mana20,1006,0,69,protected,1048580,wc_vn_bellback,1,1,0,0,-1,0,0,0,0,0,0
mana20,1006,0,69,protected,1048581,wc_vn_grandmother_root,1,3,0,4,32,0,0,0,0,0,0
mana20,1006,0,69,protected,1048582,wc_vn_cragstoat,1,1,0,2,117,0,0,0,0,0,0
mana20,1007,0,70,protected,1,wc_vn_snapvine,0,3,1,3,159,34000,2422,30000,6422,0,0
mana20,1007,0,70,protected,2,wc_vn_bellback,0,1,0,0,-1,0,0,0,0,0,0
mana20,1007,0,70,protected,3,wc_vn_cragstoat,0,1,0,0,-1,0,0,0,0,0,0
mana20,1007,0,70,protected,1048580,wc_vn_bellback,1,1,0,0,-1,0,0,0,0,0,0
mana20,1007,0,70,protected,1048581,wc_vn_grandmother_root,1,3,0,4,32,0,0,0,0,0,0
mana20,1007,0,70,protected,1048582,wc_vn_cragstoat,1,1,0,0,-1,0,0,0,0,0,0
mana20,1008,0,71,protected,1,wc_vn_snapvine,0,3,1,3,159,34434,2610,30000,7044,0,0
mana20,1008,0,71,protected,2,wc_vn_bellback,0,1,0,0,-1,0,0,0,0,0,0
mana20,1008,0,71,protected,3,wc_vn_cragstoat,0,1,0,0,-1,0,0,0,0,0,0
mana20,1008,0,71,protected,1048580,wc_vn_bellback,1,1,0,0,-1,0,0,0,0,0,0
mana20,1008,0,71,protected,1048581,wc_vn_grandmother_root,1,3,0,4,32,0,0,0,0,0,0
mana20,1008,0,71,protected,1048582,wc_vn_cragstoat,1,1,0,0,-1,0,0,0,0,0,0
mana20,1009,0,72,protected,1,wc_vn_snapvine,0,3,1,3,159,33731,5341,30000,9072,0,0
mana20,1009,0,72,protected,2,wc_vn_bellback,0,1,0,0,-1,0,0,0,0,0,0
mana20,1009,0,72,protected,3,wc_vn_cragstoat,0,1,0,0,-1,0,0,0,0,0,0
mana20,1009,0,72,protected,1048580,wc_vn_bellback,1,1,0,0,-1,0,0,0,0,0,0
mana20,1009,0,72,protected,1048581,wc_vn_grandmother_root,1,3,0,4,32,0,0,0,0,0,0
mana20,1009,0,72,protected,1048582,wc_vn_cragstoat,1,1,0,2,117,0,0,0,0,0,0
mana20,1010,0,73,protected,1,wc_vn_snapvine,0,3,1,3,159,34434,2610,30000,7044,0,0
mana20,1010,0,73,protected,2,wc_vn_bellback,0,1,0,0,-1,0,0,0,0,0,0
mana20,1010,0,73,protected,3,wc_vn_cragstoat,0,1,0,0,-1,0,0,0,0,0,0
mana20,1010,0,73,protected,1048580,wc_vn_bellback,1,1,0,0,-1,0,0,0,0,0,0
mana20,1010,0,73,protected,1048581,wc_vn_grandmother_root,1,3,0,4,32,0,0,0,0,0,0
mana20,1010,0,73,protected,1048582,wc_vn_cragstoat,1,1,0,0,-1,0,0,0,0,0,0
mana20,1011,0,74,protected,1,wc_vn_snapvine,0,3,1,3,159,33731,5341,30000,9072,0,0
mana20,1011,0,74,protected,2,wc_vn_bellback,0,1,0,0,-1,0,0,0,0,0,0
mana20,1011,0,74,protected,3,wc_vn_cragstoat,0,1,0,0,-1,0,0,0,0,0,0
mana20,1011,0,74,protected,1048580,wc_vn_bellback,1,1,0,0,-1,0,0,0,0,0,0
mana20,1011,0,74,protected,1048581,wc_vn_grandmother_root,1,3,0,4,32,0,0,0,0,0,0
mana20,1011,0,74,protected,1048582,wc_vn_cragstoat,1,1,0,2,117,0,0,0,0,0,0
mana20,1012,0,75,protected,1,wc_vn_snapvine,0,3,1,3,159,34000,2422,30000,6422,0,0
mana20,1012,0,75,protected,2,wc_vn_bellback,0,1,0,0,-1,0,0,0,0,0,0
mana20,1012,0,75,protected,3,wc_vn_cragstoat,0,1,0,0,-1,0,0,0,0,0,0
mana20,1012,0,75,protected,1048580,wc_vn_bellback,1,1,0,0,-1,0,0,0,0,0,0
mana20,1012,0,75,protected,1048581,wc_vn_grandmother_root,1,3,0,4,32,0,0,0,0,0,0
mana20,1012,0,75,protected,1048582,wc_vn_cragstoat,1,1,0,0,-1,0,0,0,0,0,0
mana20,1013,0,76,protected,1,wc_vn_snapvine,0,3,1,3,159,34434,2610,30000,7044,0,0
mana20,1013,0,76,protected,2,wc_vn_bellback,0,1,0,0,-1,0,0,0,0,0,0
mana20,1013,0,76,protected,3,wc_vn_cragstoat,0,1,0,0,-1,0,0,0,0,0,0
mana20,1013,0,76,protected,1048580,wc_vn_bellback,1,1,0,0,-1,0,0,0,0,0,0
mana20,1013,0,76,protected,1048581,wc_vn_grandmother_root,1,3,0,4,32,0,0,0,0,0,0
mana20,1013,0,76,protected,1048582,wc_vn_cragstoat,1,1,0,0,-1,0,0,0,0,0,0
mana20,1014,0,77,protected,1,wc_vn_snapvine,0,3,1,3,159,33731,5341,30000,9072,0,0
mana20,1014,0,77,protected,2,wc_vn_bellback,0,1,0,0,-1,0,0,0,0,0,0
mana20,1014,0,77,protected,3,wc_vn_cragstoat,0,1,0,0,-1,0,0,0,0,0,0
mana20,1014,0,77,protected,1048580,wc_vn_bellback,1,1,0,0,-1,0,0,0,0,0,0
mana20,1014,0,77,protected,1048581,wc_vn_grandmother_root,1,3,0,4,32,0,0,0,0,0,0
mana20,1014,0,77,protected,1048582,wc_vn_cragstoat,1,1,0,2,117,0,0,0,0,0,0
mana20,1015,0,78,protected,1,wc_vn_snapvine,0,3,1,3,159,34000,2422,30000,6422,0,0
mana20,1015,0,78,protected,2,wc_vn_bellback,0,1,0,0,-1,0,0,0,0,0,0
mana20,1015,0,78,protected,3,wc_vn_cragstoat,0,1,0,0,-1,0,0,0,0,0,0
mana20,1015,0,78,protected,1048580,wc_vn_bellback,1,1,0,0,-1,0,0,0,0,0,0
mana20,1015,0,78,protected,1048581,wc_vn_grandmother_root,1,3,0,4,32,0,0,0,0,0,0
mana20,1015,0,78,protected,1048582,wc_vn_cragstoat,1,1,0,0,-1,0,0,0,0,0,0
mana20,1016,0,79,protected,1,wc_vn_snapvine,0,3,1,3,159,34434,2610,30000,7044,0,0
mana20,1016,0,79,protected,2,wc_vn_bellback,0,1,0,0,-1,0,0,0,0,0,0
mana20,1016,0,79,protected,3,wc_vn_cragstoat,0,1,0,0,-1,0,0,0,0,0,0
mana20,1016,0,79,protected,1048580,wc_vn_bellback,1,1,0,0,-1,0,0,0,0,0,0
mana20,1016,0,79,protected,1048581,wc_vn_grandmother_root,1,3,0,4,32,0,0,0,0,0,0
mana20,1016,0,79,protected,1048582,wc_vn_cragstoat,1,1,0,0,-1,0,0,0,0,0,0
mana20,1001,0,80,protected,4,wc_vn_bellback,0,1,0,0,-1,0,0,0,0,0,0
mana20,1001,0,80,protected,5,wc_vn_grandmother_root,0,3,0,4,32,0,0,0,0,0,0
mana20,1001,0,80,protected,6,wc_vn_cragstoat,0,1,0,0,-1,0,0,0,0,0,0
mana20,1001,0,80,protected,1048577,wc_vn_snapvine,1,3,1,3,159,34036,5036,30000,9072,0,0
mana20,1001,0,80,protected,1048578,wc_vn_bellback,1,1,0,0,-1,0,0,0,0,0,0
mana20,1001,0,80,protected,1048579,wc_vn_cragstoat,1,1,0,0,-1,0,0,0,0,0,0
mana20,1002,0,81,protected,4,wc_vn_bellback,0,1,0,0,-1,0,0,0,0,0,0
mana20,1002,0,81,protected,5,wc_vn_grandmother_root,0,3,0,4,32,0,0,0,0,0,0
mana20,1002,0,81,protected,6,wc_vn_cragstoat,0,1,0,0,-1,0,0,0,0,0,0
mana20,1002,0,81,protected,1048577,wc_vn_snapvine,1,3,1,3,159,34036,5036,30000,9072,0,0
mana20,1002,0,81,protected,1048578,wc_vn_bellback,1,1,0,0,-1,0,0,0,0,0,0
mana20,1002,0,81,protected,1048579,wc_vn_cragstoat,1,1,0,0,-1,0,0,0,0,0,0
mana20,1003,0,82,protected,4,wc_vn_bellback,0,1,0,0,-1,0,0,0,0,0,0
mana20,1003,0,82,protected,5,wc_vn_grandmother_root,0,3,0,4,32,0,0,0,0,0,0
mana20,1003,0,82,protected,6,wc_vn_cragstoat,0,1,0,0,-1,0,0,0,0,0,0
mana20,1003,0,82,protected,1048577,wc_vn_snapvine,1,3,1,3,159,34036,5036,30000,9072,0,0
mana20,1003,0,82,protected,1048578,wc_vn_bellback,1,1,0,0,-1,0,0,0,0,0,0
mana20,1003,0,82,protected,1048579,wc_vn_cragstoat,1,1,0,0,-1,0,0,0,0,0,0
mana20,1004,0,83,protected,4,wc_vn_bellback,0,1,0,0,-1,0,0,0,0,0,0
mana20,1004,0,83,protected,5,wc_vn_grandmother_root,0,3,0,4,32,0,0,0,0,0,0
mana20,1004,0,83,protected,6,wc_vn_cragstoat,0,1,0,0,-1,0,0,0,0,0,0
mana20,1004,0,83,protected,1048577,wc_vn_snapvine,1,3,1,3,159,34036,5036,30000,9072,0,0
mana20,1004,0,83,protected,1048578,wc_vn_bellback,1,1,0,0,-1,0,0,0,0,0,0
mana20,1004,0,83,protected,1048579,wc_vn_cragstoat,1,1,0,0,-1,0,0,0,0,0,0
mana20,1005,0,84,protected,4,wc_vn_bellback,0,1,0,0,-1,0,0,0,0,0,0
mana20,1005,0,84,protected,5,wc_vn_grandmother_root,0,3,0,5,32,0,0,0,0,0,0
mana20,1005,0,84,protected,6,wc_vn_cragstoat,0,1,0,0,-1,0,0,0,0,0,0
mana20,1005,0,84,protected,1048577,wc_vn_snapvine,1,3,1,4,159,36446,3554,40000,0,0,0
mana20,1005,0,84,protected,1048578,wc_vn_bellback,1,1,0,0,-1,0,0,0,0,0,0
mana20,1005,0,84,protected,1048579,wc_vn_cragstoat,1,1,0,0,-1,0,0,0,0,0,0
mana20,1006,0,85,protected,4,wc_vn_bellback,0,1,0,0,-1,0,0,0,0,0,0
mana20,1006,0,85,protected,5,wc_vn_grandmother_root,0,3,0,5,32,0,0,0,0,0,0
mana20,1006,0,85,protected,6,wc_vn_cragstoat,0,1,0,0,-1,0,0,0,0,0,0
mana20,1006,0,85,protected,1048577,wc_vn_snapvine,1,3,1,4,159,36446,3554,40000,0,0,0
mana20,1006,0,85,protected,1048578,wc_vn_bellback,1,1,0,0,-1,0,0,0,0,0,0
mana20,1006,0,85,protected,1048579,wc_vn_cragstoat,1,1,0,0,-1,0,0,0,0,0,0
mana20,1007,0,86,protected,4,wc_vn_bellback,0,1,0,0,-1,0,0,0,0,0,0
mana20,1007,0,86,protected,5,wc_vn_grandmother_root,0,3,0,5,32,0,0,0,0,0,0
mana20,1007,0,86,protected,6,wc_vn_cragstoat,0,1,0,0,-1,0,0,0,0,0,0
mana20,1007,0,86,protected,1048577,wc_vn_snapvine,1,3,1,4,159,36446,3554,40000,0,0,0
mana20,1007,0,86,protected,1048578,wc_vn_bellback,1,1,0,0,-1,0,0,0,0,0,0
mana20,1007,0,86,protected,1048579,wc_vn_cragstoat,1,1,0,0,-1,0,0,0,0,0,0
mana20,1008,0,87,protected,4,wc_vn_bellback,0,1,0,0,-1,0,0,0,0,0,0
mana20,1008,0,87,protected,5,wc_vn_grandmother_root,0,3,0,4,32,0,0,0,0,0,0
mana20,1008,0,87,protected,6,wc_vn_cragstoat,0,1,0,0,-1,0,0,0,0,0,0
mana20,1008,0,87,protected,1048577,wc_vn_snapvine,1,3,1,4,159,44957,5043,40000,10000,0,0
mana20,1008,0,87,protected,1048578,wc_vn_bellback,1,1,0,0,-1,0,0,0,0,0,0
mana20,1008,0,87,protected,1048579,wc_vn_cragstoat,1,1,0,0,-1,0,0,0,0,0,0
mana20,1009,0,88,protected,4,wc_vn_bellback,0,1,0,0,-1,0,0,0,0,0,0
mana20,1009,0,88,protected,5,wc_vn_grandmother_root,0,3,0,4,32,0,0,0,0,0,0
mana20,1009,0,88,protected,6,wc_vn_cragstoat,0,1,0,0,-1,0,0,0,0,0,0
mana20,1009,0,88,protected,1048577,wc_vn_snapvine,1,3,1,4,159,44957,5043,40000,10000,0,0
mana20,1009,0,88,protected,1048578,wc_vn_bellback,1,1,0,0,-1,0,0,0,0,0,0
mana20,1009,0,88,protected,1048579,wc_vn_cragstoat,1,1,0,0,-1,0,0,0,0,0,0
mana20,1010,0,89,protected,4,wc_vn_bellback,0,1,0,0,-1,0,0,0,0,0,0
mana20,1010,0,89,protected,5,wc_vn_grandmother_root,0,3,0,5,32,0,0,0,0,0,0
mana20,1010,0,89,protected,6,wc_vn_cragstoat,0,1,0,0,-1,0,0,0,0,0,0
mana20,1010,0,89,protected,1048577,wc_vn_snapvine,1,3,1,4,159,36446,3554,40000,0,0,0
mana20,1010,0,89,protected,1048578,wc_vn_bellback,1,1,0,0,-1,0,0,0,0,0,0
mana20,1010,0,89,protected,1048579,wc_vn_cragstoat,1,1,0,0,-1,0,0,0,0,0,0
mana20,1011,0,90,protected,4,wc_vn_bellback,0,1,0,0,-1,0,0,0,0,0,0
mana20,1011,0,90,protected,5,wc_vn_grandmother_root,0,3,0,4,32,0,0,0,0,0,0
mana20,1011,0,90,protected,6,wc_vn_cragstoat,0,1,0,0,-1,0,0,0,0,0,0
mana20,1011,0,90,protected,1048577,wc_vn_snapvine,1,3,1,3,159,34036,5036,30000,9072,0,0
mana20,1011,0,90,protected,1048578,wc_vn_bellback,1,1,0,0,-1,0,0,0,0,0,0
mana20,1011,0,90,protected,1048579,wc_vn_cragstoat,1,1,0,0,-1,0,0,0,0,0,0
mana20,1012,0,91,protected,4,wc_vn_bellback,0,1,0,0,-1,0,0,0,0,0,0
mana20,1012,0,91,protected,5,wc_vn_grandmother_root,0,3,0,4,32,0,0,0,0,0,0
mana20,1012,0,91,protected,6,wc_vn_cragstoat,0,1,0,0,-1,0,0,0,0,0,0
mana20,1012,0,91,protected,1048577,wc_vn_snapvine,1,3,1,4,159,44957,5043,40000,10000,0,0
mana20,1012,0,91,protected,1048578,wc_vn_bellback,1,1,0,0,-1,0,0,0,0,0,0
mana20,1012,0,91,protected,1048579,wc_vn_cragstoat,1,1,0,0,-1,0,0,0,0,0,0
mana20,1013,0,92,protected,4,wc_vn_bellback,0,1,0,0,-1,0,0,0,0,0,0
mana20,1013,0,92,protected,5,wc_vn_grandmother_root,0,3,0,4,32,0,0,0,0,0,0
mana20,1013,0,92,protected,6,wc_vn_cragstoat,0,1,0,0,-1,0,0,0,0,0,0
mana20,1013,0,92,protected,1048577,wc_vn_snapvine,1,3,1,3,159,34036,5036,30000,9072,0,0
mana20,1013,0,92,protected,1048578,wc_vn_bellback,1,1,0,0,-1,0,0,0,0,0,0
mana20,1013,0,92,protected,1048579,wc_vn_cragstoat,1,1,0,0,-1,0,0,0,0,0,0
mana20,1014,0,93,protected,4,wc_vn_bellback,0,1,0,0,-1,0,0,0,0,0,0
mana20,1014,0,93,protected,5,wc_vn_grandmother_root,0,3,0,4,32,0,0,0,0,0,0
mana20,1014,0,93,protected,6,wc_vn_cragstoat,0,1,0,0,-1,0,0,0,0,0,0
mana20,1014,0,93,protected,1048577,wc_vn_snapvine,1,3,1,3,159,34036,5036,30000,9072,0,0
mana20,1014,0,93,protected,1048578,wc_vn_bellback,1,1,0,0,-1,0,0,0,0,0,0
mana20,1014,0,93,protected,1048579,wc_vn_cragstoat,1,1,0,0,-1,0,0,0,0,0,0
mana20,1015,0,94,protected,4,wc_vn_bellback,0,1,0,0,-1,0,0,0,0,0,0
mana20,1015,0,94,protected,5,wc_vn_grandmother_root,0,3,0,5,32,0,0,0,0,0,0
mana20,1015,0,94,protected,6,wc_vn_cragstoat,0,1,0,0,-1,0,0,0,0,0,0
mana20,1015,0,94,protected,1048577,wc_vn_snapvine,1,3,1,4,159,36446,3554,40000,0,0,0
mana20,1015,0,94,protected,1048578,wc_vn_bellback,1,1,0,0,-1,0,0,0,0,0,0
mana20,1015,0,94,protected,1048579,wc_vn_cragstoat,1,1,0,0,-1,0,0,0,0,0,0
mana20,1016,0,95,protected,4,wc_vn_bellback,0,1,0,0,-1,0,0,0,0,0,0
mana20,1016,0,95,protected,5,wc_vn_grandmother_root,0,3,0,4,32,0,0,0,0,0,0
mana20,1016,0,95,protected,6,wc_vn_cragstoat,0,1,0,0,-1,0,0,0,0,0,0
mana20,1016,0,95,protected,1048577,wc_vn_snapvine,1,3,1,3,159,34036,5036,30000,9072,0,0
mana20,1016,0,95,protected,1048578,wc_vn_bellback,1,1,0,0,-1,0,0,0,0,0,0
mana20,1016,0,95,protected,1048579,wc_vn_cragstoat,1,1,0,0,-1,0,0,0,0,0,0
mana20,1001,0,96,exposed,1,wc_vn_snapvine,0,1,0,1,73,4980,6573,10000,0,1553,0
mana20,1001,0,96,exposed,2,wc_vn_bellback,0,1,0,0,-1,0,0,0,0,0,0
mana20,1001,0,96,exposed,3,wc_vn_cragstoat,0,1,0,1,197,0,0,0,0,0,0
mana20,1001,0,96,exposed,1048580,wc_vn_bellback,1,1,0,0,-1,0,0,0,0,0,0
mana20,1001,0,96,exposed,1048581,wc_vn_grandmother_root,1,1,1,4,32,0,0,0,0,0,0
mana20,1001,0,96,exposed,1048582,wc_vn_cragstoat,1,1,1,2,169,0,0,0,0,0,0
mana20,1002,0,97,exposed,1,wc_vn_snapvine,0,1,0,1,73,4980,6573,10000,0,1553,0
mana20,1002,0,97,exposed,2,wc_vn_bellback,0,1,1,0,-1,0,0,0,0,0,0
mana20,1002,0,97,exposed,3,wc_vn_cragstoat,0,1,1,2,217,0,0,0,0,0,0
mana20,1002,0,97,exposed,1048580,wc_vn_bellback,1,1,0,0,-1,0,0,0,0,0,0
mana20,1002,0,97,exposed,1048581,wc_vn_grandmother_root,1,1,0,3,32,0,0,0,0,0,0
mana20,1002,0,97,exposed,1048582,wc_vn_cragstoat,1,1,0,1,169,0,0,0,0,0,0
mana20,1003,0,98,exposed,1,wc_vn_snapvine,0,1,0,1,73,4980,6573,10000,0,1553,0
mana20,1003,0,98,exposed,2,wc_vn_bellback,0,1,0,0,-1,0,0,0,0,0,0
mana20,1003,0,98,exposed,3,wc_vn_cragstoat,0,1,0,2,181,0,0,0,0,0,0
mana20,1003,0,98,exposed,1048580,wc_vn_bellback,1,1,0,0,-1,0,0,0,0,0,0
mana20,1003,0,98,exposed,1048581,wc_vn_grandmother_root,1,1,1,4,32,0,0,0,0,0,0
mana20,1003,0,98,exposed,1048582,wc_vn_cragstoat,1,1,1,3,169,0,0,0,0,0,0
mana20,1004,0,99,exposed,1,wc_vn_snapvine,0,1,0,1,73,4980,6573,10000,0,1553,0
mana20,1004,0,99,exposed,2,wc_vn_bellback,0,1,1,0,-1,0,0,0,0,0,0
mana20,1004,0,99,exposed,3,wc_vn_cragstoat,0,1,1,2,217,0,0,0,0,0,0
mana20,1004,0,99,exposed,1048580,wc_vn_bellback,1,1,0,0,-1,0,0,0,0,0,0
mana20,1004,0,99,exposed,1048581,wc_vn_grandmother_root,1,1,0,3,32,0,0,0,0,0,0
mana20,1004,0,99,exposed,1048582,wc_vn_cragstoat,1,1,0,1,169,0,0,0,0,0,0
mana20,1005,0,100,exposed,1,wc_vn_snapvine,0,1,0,1,121,12000,7747,10000,0,9747,0
mana20,1005,0,100,exposed,2,wc_vn_bellback,0,1,0,0,-1,0,0,0,0,0,0
mana20,1005,0,100,exposed,3,wc_vn_cragstoat,0,1,0,0,-1,0,0,0,0,0,0
mana20,1005,0,100,exposed,1048580,wc_vn_bellback,1,1,1,0,-1,0,0,0,0,0,0
mana20,1005,0,100,exposed,1048581,wc_vn_grandmother_root,1,1,1,3,32,0,0,0,0,0,0
mana20,1005,0,100,exposed,1048582,wc_vn_cragstoat,1,1,1,2,161,0,0,0,0,0,0
mana20,1006,0,101,exposed,1,wc_vn_snapvine,0,1,0,1,121,12000,7747,10000,0,9747,0
mana20,1006,0,101,exposed,2,wc_vn_bellback,0,1,0,0,-1,0,0,0,0,0,0
mana20,1006,0,101,exposed,3,wc_vn_cragstoat,0,1,0,0,-1,0,0,0,0,0,0
mana20,1006,0,101,exposed,1048580,wc_vn_bellback,1,1,1,0,-1,0,0,0,0,0,0
mana20,1006,0,101,exposed,1048581,wc_vn_grandmother_root,1,1,1,3,32,0,0,0,0,0,0
mana20,1006,0,101,exposed,1048582,wc_vn_cragstoat,1,1,1,2,161,0,0,0,0,0,0
mana20,1007,0,102,exposed,1,wc_vn_snapvine,0,1,0,1,121,12000,7747,10000,0,9747,0
mana20,1007,0,102,exposed,2,wc_vn_bellback,0,1,0,0,-1,0,0,0,0,0,0
mana20,1007,0,102,exposed,3,wc_vn_cragstoat,0,1,0,0,-1,0,0,0,0,0,0
mana20,1007,0,102,exposed,1048580,wc_vn_bellback,1,1,1,0,-1,0,0,0,0,0,0
mana20,1007,0,102,exposed,1048581,wc_vn_grandmother_root,1,1,1,3,32,0,0,0,0,0,0
mana20,1007,0,102,exposed,1048582,wc_vn_cragstoat,1,1,1,2,161,0,0,0,0,0,0
mana20,1008,0,103,exposed,1,wc_vn_snapvine,0,1,0,2,121,20000,8610,20000,0,8610,0
mana20,1008,0,103,exposed,2,wc_vn_bellback,0,1,0,0,-1,0,0,0,0,0,0
mana20,1008,0,103,exposed,3,wc_vn_cragstoat,0,1,0,0,-1,0,0,0,0,0,0
mana20,1008,0,103,exposed,1048580,wc_vn_bellback,1,1,1,0,-1,0,0,0,0,0,0
mana20,1008,0,103,exposed,1048581,wc_vn_grandmother_root,1,1,1,3,32,0,0,0,0,0,0
mana20,1008,0,103,exposed,1048582,wc_vn_cragstoat,1,1,1,2,161,0,0,0,0,0,0
mana20,1009,0,104,exposed,1,wc_vn_snapvine,0,1,0,2,121,20000,8610,20000,0,8610,0
mana20,1009,0,104,exposed,2,wc_vn_bellback,0,1,0,0,-1,0,0,0,0,0,0
mana20,1009,0,104,exposed,3,wc_vn_cragstoat,0,1,0,0,-1,0,0,0,0,0,0
mana20,1009,0,104,exposed,1048580,wc_vn_bellback,1,1,0,0,-1,0,0,0,0,0,0
mana20,1009,0,104,exposed,1048581,wc_vn_grandmother_root,1,1,1,4,32,0,0,0,0,0,0
mana20,1009,0,104,exposed,1048582,wc_vn_cragstoat,1,1,1,1,161,0,0,0,0,0,0
mana20,1010,0,105,exposed,1,wc_vn_snapvine,0,1,0,1,121,12000,7747,10000,0,9747,0
mana20,1010,0,105,exposed,2,wc_vn_bellback,0,1,0,0,-1,0,0,0,0,0,0
mana20,1010,0,105,exposed,3,wc_vn_cragstoat,0,1,0,0,-1,0,0,0,0,0,0
mana20,1010,0,105,exposed,1048580,wc_vn_bellback,1,1,1,0,-1,0,0,0,0,0,0
mana20,1010,0,105,exposed,1048581,wc_vn_grandmother_root,1,1,1,3,32,0,0,0,0,0,0
mana20,1010,0,105,exposed,1048582,wc_vn_cragstoat,1,1,1,2,161,0,0,0,0,0,0
mana20,1011,0,106,exposed,1,wc_vn_snapvine,0,1,0,1,73,4980,6573,10000,0,1553,0
mana20,1011,0,106,exposed,2,wc_vn_bellback,0,1,0,0,-1,0,0,0,0,0,0
mana20,1011,0,106,exposed,3,wc_vn_cragstoat,0,1,0,2,181,0,0,0,0,0,0
mana20,1011,0,106,exposed,1048580,wc_vn_bellback,1,1,0,0,-1,0,0,0,0,0,0
mana20,1011,0,106,exposed,1048581,wc_vn_grandmother_root,1,1,1,4,32,0,0,0,0,0,0
mana20,1011,0,106,exposed,1048582,wc_vn_cragstoat,1,1,1,3,169,0,0,0,0,0,0
mana20,1012,0,107,exposed,1,wc_vn_snapvine,0,1,0,2,121,20000,8610,20000,0,8610,0
mana20,1012,0,107,exposed,2,wc_vn_bellback,0,1,0,0,-1,0,0,0,0,0,0
mana20,1012,0,107,exposed,3,wc_vn_cragstoat,0,1,0,0,-1,0,0,0,0,0,0
mana20,1012,0,107,exposed,1048580,wc_vn_bellback,1,1,1,0,-1,0,0,0,0,0,0
mana20,1012,0,107,exposed,1048581,wc_vn_grandmother_root,1,1,1,3,32,0,0,0,0,0,0
mana20,1012,0,107,exposed,1048582,wc_vn_cragstoat,1,1,1,2,161,0,0,0,0,0,0
mana20,1013,0,108,exposed,1,wc_vn_snapvine,0,1,0,1,73,4980,6573,10000,0,1553,0
mana20,1013,0,108,exposed,2,wc_vn_bellback,0,1,0,0,-1,0,0,0,0,0,0
mana20,1013,0,108,exposed,3,wc_vn_cragstoat,0,1,0,0,-1,0,0,0,0,0,0
mana20,1013,0,108,exposed,1048580,wc_vn_bellback,1,1,1,0,-1,0,0,0,0,0,0
mana20,1013,0,108,exposed,1048581,wc_vn_grandmother_root,1,1,1,6,32,0,0,0,0,0,0
mana20,1013,0,108,exposed,1048582,wc_vn_cragstoat,1,1,0,1,169,0,0,0,0,0,0
mana20,1014,0,109,exposed,1,wc_vn_snapvine,0,1,0,1,73,4980,6573,10000,0,1553,0
mana20,1014,0,109,exposed,2,wc_vn_bellback,0,1,0,0,-1,0,0,0,0,0,0
mana20,1014,0,109,exposed,3,wc_vn_cragstoat,0,1,0,1,197,0,0,0,0,0,0
mana20,1014,0,109,exposed,1048580,wc_vn_bellback,1,1,0,0,-1,0,0,0,0,0,0
mana20,1014,0,109,exposed,1048581,wc_vn_grandmother_root,1,1,1,4,32,0,0,0,0,0,0
mana20,1014,0,109,exposed,1048582,wc_vn_cragstoat,1,1,1,2,169,0,0,0,0,0,0
mana20,1015,0,110,exposed,1,wc_vn_snapvine,0,1,0,1,121,12000,7747,10000,0,9747,0
mana20,1015,0,110,exposed,2,wc_vn_bellback,0,1,0,0,-1,0,0,0,0,0,0
mana20,1015,0,110,exposed,3,wc_vn_cragstoat,0,1,0,0,-1,0,0,0,0,0,0
mana20,1015,0,110,exposed,1048580,wc_vn_bellback,1,1,1,0,-1,0,0,0,0,0,0
mana20,1015,0,110,exposed,1048581,wc_vn_grandmother_root,1,1,1,3,32,0,0,0,0,0,0
mana20,1015,0,110,exposed,1048582,wc_vn_cragstoat,1,1,1,2,161,0,0,0,0,0,0
mana20,1016,0,111,exposed,1,wc_vn_snapvine,0,1,0,1,73,4980,6573,10000,0,1553,0
mana20,1016,0,111,exposed,2,wc_vn_bellback,0,1,1,0,-1,0,0,0,0,0,0
mana20,1016,0,111,exposed,3,wc_vn_cragstoat,0,1,1,2,217,0,0,0,0,0,0
mana20,1016,0,111,exposed,1048580,wc_vn_bellback,1,1,0,0,-1,0,0,0,0,0,0
mana20,1016,0,111,exposed,1048581,wc_vn_grandmother_root,1,1,0,3,32,0,0,0,0,0,0
mana20,1016,0,111,exposed,1048582,wc_vn_cragstoat,1,1,0,1,169,0,0,0,0,0,0
mana20,1001,0,112,exposed,4,wc_vn_bellback,0,1,0,0,-1,0,0,0,0,0,0
mana20,1001,0,112,exposed,5,wc_vn_grandmother_root,0,1,1,4,32,0,0,0,0,0,0
mana20,1001,0,112,exposed,6,wc_vn_cragstoat,0,1,1,2,153,0,0,0,0,0,0
mana20,1001,0,112,exposed,1048577,wc_vn_snapvine,1,1,0,1,73,4980,6573,10000,0,1553,0
mana20,1001,0,112,exposed,1048578,wc_vn_bellback,1,1,0,0,-1,0,0,0,0,0,0
mana20,1001,0,112,exposed,1048579,wc_vn_cragstoat,1,1,0,0,-1,0,0,0,0,0,0
mana20,1002,0,113,exposed,4,wc_vn_bellback,0,1,1,0,-1,0,0,0,0,0,0
mana20,1002,0,113,exposed,5,wc_vn_grandmother_root,0,1,1,3,32,0,0,0,0,0,0
mana20,1002,0,113,exposed,6,wc_vn_cragstoat,0,1,1,1,377,0,0,0,0,0,0
mana20,1002,0,113,exposed,1048577,wc_vn_snapvine,1,1,0,2,121,20780,7830,20000,0,8610,0
mana20,1002,0,113,exposed,1048578,wc_vn_bellback,1,1,0,0,-1,0,0,0,0,0,0
mana20,1002,0,113,exposed,1048579,wc_vn_cragstoat,1,1,0,0,-1,0,0,0,0,0,0
mana20,1003,0,114,exposed,4,wc_vn_bellback,0,1,0,0,-1,0,0,0,0,0,0
mana20,1003,0,114,exposed,5,wc_vn_grandmother_root,0,1,1,4,32,0,0,0,0,0,0
mana20,1003,0,114,exposed,6,wc_vn_cragstoat,0,1,1,2,153,0,0,0,0,0,0
mana20,1003,0,114,exposed,1048577,wc_vn_snapvine,1,1,0,1,73,4980,6573,10000,0,1553,0
mana20,1003,0,114,exposed,1048578,wc_vn_bellback,1,1,0,0,-1,0,0,0,0,0,0
mana20,1003,0,114,exposed,1048579,wc_vn_cragstoat,1,1,0,0,-1,0,0,0,0,0,0
mana20,1004,0,115,exposed,4,wc_vn_bellback,0,1,0,0,-1,0,0,0,0,0,0
mana20,1004,0,115,exposed,5,wc_vn_grandmother_root,0,1,1,4,32,0,0,0,0,0,0
mana20,1004,0,115,exposed,6,wc_vn_cragstoat,0,1,1,0,-1,0,0,0,0,0,0
mana20,1004,0,115,exposed,1048577,wc_vn_snapvine,1,1,0,2,121,20780,7830,20000,0,8610,0
mana20,1004,0,115,exposed,1048578,wc_vn_bellback,1,1,0,0,-1,0,0,0,0,0,0
mana20,1004,0,115,exposed,1048579,wc_vn_cragstoat,1,1,0,0,-1,0,0,0,0,0,0
mana20,1005,0,116,exposed,4,wc_vn_bellback,0,1,1,0,-1,0,0,0,0,0,0
mana20,1005,0,116,exposed,5,wc_vn_grandmother_root,0,1,1,4,32,0,0,0,0,0,0
mana20,1005,0,116,exposed,6,wc_vn_cragstoat,0,1,1,0,-1,0,0,0,0,0,0
mana20,1005,0,116,exposed,1048577,wc_vn_snapvine,1,1,0,2,121,13588,6412,20000,0,0,0
mana20,1005,0,116,exposed,1048578,wc_vn_bellback,1,1,0,0,-1,0,0,0,0,0,0
mana20,1005,0,116,exposed,1048579,wc_vn_cragstoat,1,1,0,0,-1,0,0,0,0,0,0
mana20,1006,0,117,exposed,4,wc_vn_bellback,0,1,0,0,-1,0,0,0,0,0,0
mana20,1006,0,117,exposed,5,wc_vn_grandmother_root,0,1,0,5,32,0,0,0,0,0,0
mana20,1006,0,117,exposed,6,wc_vn_cragstoat,0,1,0,1,153,0,0,0,0,0,0
mana20,1006,0,117,exposed,1048577,wc_vn_snapvine,1,1,0,1,73,4980,6573,10000,0,1553,0
mana20,1006,0,117,exposed,1048578,wc_vn_bellback,1,1,1,0,-1,0,0,0,0,0,0
mana20,1006,0,117,exposed,1048579,wc_vn_cragstoat,1,1,1,1,461,0,0,0,0,0,0
mana20,1007,0,118,exposed,4,wc_vn_bellback,0,1,1,0,-1,0,0,0,0,0,0
mana20,1007,0,118,exposed,5,wc_vn_grandmother_root,0,1,1,3,32,0,0,0,0,0,0
mana20,1007,0,118,exposed,6,wc_vn_cragstoat,0,1,1,1,377,0,0,0,0,0,0
mana20,1007,0,118,exposed,1048577,wc_vn_snapvine,1,1,0,2,121,20780,7830,20000,0,8610,0
mana20,1007,0,118,exposed,1048578,wc_vn_bellback,1,1,0,0,-1,0,0,0,0,0,0
mana20,1007,0,118,exposed,1048579,wc_vn_cragstoat,1,1,0,0,-1,0,0,0,0,0,0
mana20,1008,0,119,exposed,4,wc_vn_bellback,0,1,1,0,-1,0,0,0,0,0,0
mana20,1008,0,119,exposed,5,wc_vn_grandmother_root,0,1,1,4,32,0,0,0,0,0,0
mana20,1008,0,119,exposed,6,wc_vn_cragstoat,0,1,1,0,-1,0,0,0,0,0,0
mana20,1008,0,119,exposed,1048577,wc_vn_snapvine,1,1,0,2,121,13588,6412,20000,0,0,0
mana20,1008,0,119,exposed,1048578,wc_vn_bellback,1,1,0,0,-1,0,0,0,0,0,0
mana20,1008,0,119,exposed,1048579,wc_vn_cragstoat,1,1,0,0,-1,0,0,0,0,0,0
mana20,1009,0,120,exposed,4,wc_vn_bellback,0,1,1,0,-1,0,0,0,0,0,0
mana20,1009,0,120,exposed,5,wc_vn_grandmother_root,0,1,1,6,32,0,0,0,0,0,0
mana20,1009,0,120,exposed,6,wc_vn_cragstoat,0,1,0,1,153,0,0,0,0,0,0
mana20,1009,0,120,exposed,1048577,wc_vn_snapvine,1,1,0,1,73,4980,6573,10000,0,1553,0
mana20,1009,0,120,exposed,1048578,wc_vn_bellback,1,1,0,0,-1,0,0,0,0,0,0
mana20,1009,0,120,exposed,1048579,wc_vn_cragstoat,1,1,0,0,-1,0,0,0,0,0,0
mana20,1010,0,121,exposed,4,wc_vn_bellback,0,1,1,0,-1,0,0,0,0,0,0
mana20,1010,0,121,exposed,5,wc_vn_grandmother_root,0,1,1,4,32,0,0,0,0,0,0
mana20,1010,0,121,exposed,6,wc_vn_cragstoat,0,1,1,0,-1,0,0,0,0,0,0
mana20,1010,0,121,exposed,1048577,wc_vn_snapvine,1,1,0,2,121,13588,6412,20000,0,0,0
mana20,1010,0,121,exposed,1048578,wc_vn_bellback,1,1,0,0,-1,0,0,0,0,0,0
mana20,1010,0,121,exposed,1048579,wc_vn_cragstoat,1,1,0,0,-1,0,0,0,0,0,0
mana20,1011,0,122,exposed,4,wc_vn_bellback,0,1,0,0,-1,0,0,0,0,0,0
mana20,1011,0,122,exposed,5,wc_vn_grandmother_root,0,1,1,4,32,0,0,0,0,0,0
mana20,1011,0,122,exposed,6,wc_vn_cragstoat,0,1,1,2,153,0,0,0,0,0,0
mana20,1011,0,122,exposed,1048577,wc_vn_snapvine,1,1,0,1,73,4980,6573,10000,0,1553,0
mana20,1011,0,122,exposed,1048578,wc_vn_bellback,1,1,0,0,-1,0,0,0,0,0,0
mana20,1011,0,122,exposed,1048579,wc_vn_cragstoat,1,1,0,0,-1,0,0,0,0,0,0
mana20,1012,0,123,exposed,4,wc_vn_bellback,0,1,1,0,-1,0,0,0,0,0,0
mana20,1012,0,123,exposed,5,wc_vn_grandmother_root,0,1,1,3,32,0,0,0,0,0,0
mana20,1012,0,123,exposed,6,wc_vn_cragstoat,0,1,1,1,377,0,0,0,0,0,0
mana20,1012,0,123,exposed,1048577,wc_vn_snapvine,1,1,0,2,121,20780,7830,20000,0,8610,0
mana20,1012,0,123,exposed,1048578,wc_vn_bellback,1,1,0,0,-1,0,0,0,0,0,0
mana20,1012,0,123,exposed,1048579,wc_vn_cragstoat,1,1,0,0,-1,0,0,0,0,0,0
mana20,1013,0,124,exposed,4,wc_vn_bellback,0,1,0,0,-1,0,0,0,0,0,0
mana20,1013,0,124,exposed,5,wc_vn_grandmother_root,0,1,1,4,32,0,0,0,0,0,0
mana20,1013,0,124,exposed,6,wc_vn_cragstoat,0,1,1,0,-1,0,0,0,0,0,0
mana20,1013,0,124,exposed,1048577,wc_vn_snapvine,1,1,0,2,121,13588,6412,20000,0,0,0
mana20,1013,0,124,exposed,1048578,wc_vn_bellback,1,1,0,0,-1,0,0,0,0,0,0
mana20,1013,0,124,exposed,1048579,wc_vn_cragstoat,1,1,0,0,-1,0,0,0,0,0,0
mana20,1014,0,125,exposed,4,wc_vn_bellback,0,1,0,0,-1,0,0,0,0,0,0
mana20,1014,0,125,exposed,5,wc_vn_grandmother_root,0,1,1,4,32,0,0,0,0,0,0
mana20,1014,0,125,exposed,6,wc_vn_cragstoat,0,1,1,2,153,0,0,0,0,0,0
mana20,1014,0,125,exposed,1048577,wc_vn_snapvine,1,1,0,1,73,4980,6573,10000,0,1553,0
mana20,1014,0,125,exposed,1048578,wc_vn_bellback,1,1,0,0,-1,0,0,0,0,0,0
mana20,1014,0,125,exposed,1048579,wc_vn_cragstoat,1,1,0,0,-1,0,0,0,0,0,0
mana20,1015,0,126,exposed,4,wc_vn_bellback,0,1,1,0,-1,0,0,0,0,0,0
mana20,1015,0,126,exposed,5,wc_vn_grandmother_root,0,1,1,3,32,0,0,0,0,0,0
mana20,1015,0,126,exposed,6,wc_vn_cragstoat,0,1,1,1,377,0,0,0,0,0,0
mana20,1015,0,126,exposed,1048577,wc_vn_snapvine,1,1,0,2,121,20780,7830,20000,0,8610,0
mana20,1015,0,126,exposed,1048578,wc_vn_bellback,1,1,0,0,-1,0,0,0,0,0,0
mana20,1015,0,126,exposed,1048579,wc_vn_cragstoat,1,1,0,0,-1,0,0,0,0,0,0
mana20,1016,0,127,exposed,4,wc_vn_bellback,0,1,0,0,-1,0,0,0,0,0,0
mana20,1016,0,127,exposed,5,wc_vn_grandmother_root,0,1,1,4,32,0,0,0,0,0,0
mana20,1016,0,127,exposed,6,wc_vn_cragstoat,0,1,1,0,-1,0,0,0,0,0,0
mana20,1016,0,127,exposed,1048577,wc_vn_snapvine,1,1,0,2,121,13588,6412,20000,0,0,0
mana20,1016,0,127,exposed,1048578,wc_vn_bellback,1,1,0,0,-1,0,0,0,0,0,0
mana20,1016,0,127,exposed,1048579,wc_vn_cragstoat,1,1,0,0,-1,0,0,0,0,0,0
mana20,1001,0,128,exposed,1,wc_vn_snapvine,0,2,0,2,73,12000,8000,20000,0,0,0
mana20,1001,0,128,exposed,2,wc_vn_bellback,0,1,1,0,-1,0,0,0,0,0,0
mana20,1001,0,128,exposed,3,wc_vn_cragstoat,0,1,0,2,201,0,0,0,0,0,0
mana20,1001,0,128,exposed,1048580,wc_vn_bellback,1,1,0,0,-1,0,0,0,0,0,0
mana20,1001,0,128,exposed,1048581,wc_vn_grandmother_root,1,2,0,4,32,0,0,0,0,0,0
mana20,1001,0,128,exposed,1048582,wc_vn_cragstoat,1,1,0,1,217,0,0,0,0,0,0
mana20,1002,0,129,exposed,1,wc_vn_snapvine,0,2,0,2,73,14811,7569,20000,0,2380,0
mana20,1002,0,129,exposed,2,wc_vn_bellback,0,1,1,0,-1,0,0,0,0,0,0
mana20,1002,0,129,exposed,3,wc_vn_cragstoat,0,1,1,3,181,0,0,0,0,0,0
mana20,1002,0,129,exposed,1048580,wc_vn_bellback,1,1,0,0,-1,0,0,0,0,0,0
mana20,1002,0,129,exposed,1048581,wc_vn_grandmother_root,1,2,0,5,32,0,0,0,0,0,0
mana20,1002,0,129,exposed,1048582,wc_vn_cragstoat,1,1,0,0,-1,0,0,0,0,0,0
mana20,1003,0,130,exposed,1,wc_vn_snapvine,0,2,0,2,73,17571,7434,20000,0,5005,0
mana20,1003,0,130,exposed,2,wc_vn_bellback,0,1,1,0,-1,0,0,0,0,0,0
mana20,1003,0,130,exposed,3,wc_vn_cragstoat,0,1,1,2,201,0,0,0,0,0,0
mana20,1003,0,130,exposed,1048580,wc_vn_bellback,1,1,0,0,-1,0,0,0,0,0,0
mana20,1003,0,130,exposed,1048581,wc_vn_grandmother_root,1,2,0,4,32,0,0,0,0,0,0
mana20,1003,0,130,exposed,1048582,wc_vn_cragstoat,1,1,0,1,201,0,0,0,0,0,0
mana20,1004,0,131,exposed,1,wc_vn_snapvine,0,2,0,2,73,14811,7569,20000,0,2380,0
mana20,1004,0,131,exposed,2,wc_vn_bellback,0,1,1,0,-1,0,0,0,0,0,0
mana20,1004,0,131,exposed,3,wc_vn_cragstoat,0,1,1,3,181,0,0,0,0,0,0
mana20,1004,0,131,exposed,1048580,wc_vn_bellback,1,1,0,0,-1,0,0,0,0,0,0
mana20,1004,0,131,exposed,1048581,wc_vn_grandmother_root,1,2,0,5,32,0,0,0,0,0,0
mana20,1004,0,131,exposed,1048582,wc_vn_cragstoat,1,1,0,0,-1,0,0,0,0,0,0
mana20,1005,0,132,exposed,1,wc_vn_snapvine,0,2,0,3,121,29725,7035,30000,0,6760,0
mana20,1005,0,132,exposed,2,wc_vn_bellback,0,1,1,0,-1,0,0,0,0,0,0
mana20,1005,0,132,exposed,3,wc_vn_cragstoat,0,1,0,0,-1,0,0,0,0,0,0
mana20,1005,0,132,exposed,1048580,wc_vn_bellback,1,1,0,0,-1,0,0,0,0,0,0
mana20,1005,0,132,exposed,1048581,wc_vn_grandmother_root,1,2,0,3,32,0,0,0,0,0,0
mana20,1005,0,132,exposed,1048582,wc_vn_cragstoat,1,1,0,0,-1,0,0,0,0,0,0
mana20,1006,0,133,exposed,1,wc_vn_snapvine,0,2,0,2,121,16000,7005,20000,0,3005,0
mana20,1006,0,133,exposed,2,wc_vn_bellback,0,1,0,0,-1,0,0,0,0,0,0
mana20,1006,0,133,exposed,3,wc_vn_cragstoat,0,1,0,0,-1,0,0,0,0,0,0
mana20,1006,0,133,exposed,1048580,wc_vn_bellback,1,1,0,0,-1,0,0,0,0,0,0
mana20,1006,0,133,exposed,1048581,wc_vn_grandmother_root,1,2,1,4,32,0,0,0,0,0,0
mana20,1006,0,133,exposed,1048582,wc_vn_cragstoat,1,1,1,1,161,0,0,0,0,0,0
mana20,1007,0,134,exposed,1,wc_vn_snapvine,0,2,0,3,121,29203,7557,30000,0,6760,0
mana20,1007,0,134,exposed,2,wc_vn_bellback,0,1,1,0,-1,0,0,0,0,0,0
mana20,1007,0,134,exposed,3,wc_vn_cragstoat,0,1,0,0,-1,0,0,0,0,0,0
mana20,1007,0,134,exposed,1048580,wc_vn_bellback,1,1,0,0,-1,0,0,0,0,0,0
mana20,1007,0,134,exposed,1048581,wc_vn_grandmother_root,1,2,0,3,32,0,0,0,0,0,0
mana20,1007,0,134,exposed,1048582,wc_vn_cragstoat,1,1,0,0,-1,0,0,0,0,0,0
mana20,1008,0,135,exposed,1,wc_vn_snapvine,0,2,1,4,121,37997,2003,40000,0,0,0
mana20,1008,0,135,exposed,2,wc_vn_bellback,0,1,0,0,-1,0,0,0,0,0,0
mana20,1008,0,135,exposed,3,wc_vn_cragstoat,0,1,0,0,-1,0,0,0,0,0,0
mana20,1008,0,135,exposed,1048580,wc_vn_bellback,1,1,0,0,-1,0,0,0,0,0,0
mana20,1008,0,135,exposed,1048581,wc_vn_grandmother_root,1,2,0,3,32,0,0,0,0,0,0
mana20,1008,0,135,exposed,1048582,wc_vn_cragstoat,1,1,0,0,-1,0,0,0,0,0,0
mana20,1009,0,136,exposed,1,wc_vn_snapvine,0,2,0,3,121,29517,7932,30000,0,7449,0
mana20,1009,0,136,exposed,2,wc_vn_bellback,0,1,0,0,-1,0,0,0,0,0,0
mana20,1009,0,136,exposed,3,wc_vn_cragstoat,0,1,0,0,-1,0,0,0,0,0,0
mana20,1009,0,136,exposed,1048580,wc_vn_bellback,1,1,0,0,-1,0,0,0,0,0,0
mana20,1009,0,136,exposed,1048581,wc_vn_grandmother_root,1,2,0,3,32,0,0,0,0,0,0
mana20,1009,0,136,exposed,1048582,wc_vn_cragstoat,1,1,1,1,161,0,0,0,0,0,0
mana20,1010,0,137,exposed,1,wc_vn_snapvine,0,2,0,3,121,29725,7035,30000,0,6760,0
mana20,1010,0,137,exposed,2,wc_vn_bellback,0,1,1,0,-1,0,0,0,0,0,0
mana20,1010,0,137,exposed,3,wc_vn_cragstoat,0,1,0,0,-1,0,0,0,0,0,0
mana20,1010,0,137,exposed,1048580,wc_vn_bellback,1,1,0,0,-1,0,0,0,0,0,0
mana20,1010,0,137,exposed,1048581,wc_vn_grandmother_root,1,2,0,3,32,0,0,0,0,0,0
mana20,1010,0,137,exposed,1048582,wc_vn_cragstoat,1,1,0,0,-1,0,0,0,0,0,0
mana20,1011,0,138,exposed,1,wc_vn_snapvine,0,2,0,2,73,17571,7434,20000,0,5005,0
mana20,1011,0,138,exposed,2,wc_vn_bellback,0,1,1,0,-1,0,0,0,0,0,0
mana20,1011,0,138,exposed,3,wc_vn_cragstoat,0,1,1,2,201,0,0,0,0,0,0
mana20,1011,0,138,exposed,1048580,wc_vn_bellback,1,1,0,0,-1,0,0,0,0,0,0
mana20,1011,0,138,exposed,1048581,wc_vn_grandmother_root,1,2,0,4,32,0,0,0,0,0,0
mana20,1011,0,138,exposed,1048582,wc_vn_cragstoat,1,1,0,1,201,0,0,0,0,0,0
mana20,1012,0,139,exposed,1,wc_vn_snapvine,0,2,1,4,121,37997,2003,40000,0,0,0
mana20,1012,0,139,exposed,2,wc_vn_bellback,0,1,0,0,-1,0,0,0,0,0,0
mana20,1012,0,139,exposed,3,wc_vn_cragstoat,0,1,0,0,-1,0,0,0,0,0,0
mana20,1012,0,139,exposed,1048580,wc_vn_bellback,1,1,0,0,-1,0,0,0,0,0,0
mana20,1012,0,139,exposed,1048581,wc_vn_grandmother_root,1,2,0,3,32,0,0,0,0,0,0
mana20,1012,0,139,exposed,1048582,wc_vn_cragstoat,1,1,0,0,-1,0,0,0,0,0,0
mana20,1013,0,140,exposed,1,wc_vn_snapvine,0,2,0,2,73,14811,7569,20000,0,2380,0
mana20,1013,0,140,exposed,2,wc_vn_bellback,0,1,1,0,-1,0,0,0,0,0,0
mana20,1013,0,140,exposed,3,wc_vn_cragstoat,0,1,1,2,181,0,0,0,0,0,0
mana20,1013,0,140,exposed,1048580,wc_vn_bellback,1,1,0,0,-1,0,0,0,0,0,0
mana20,1013,0,140,exposed,1048581,wc_vn_grandmother_root,1,2,0,4,32,0,0,0,0,0,0
mana20,1013,0,140,exposed,1048582,wc_vn_cragstoat,1,1,0,0,-1,0,0,0,0,0,0
mana20,1014,0,141,exposed,1,wc_vn_snapvine,0,2,0,2,73,17571,7434,20000,0,5005,0
mana20,1014,0,141,exposed,2,wc_vn_bellback,0,1,1,0,-1,0,0,0,0,0,0
mana20,1014,0,141,exposed,3,wc_vn_cragstoat,0,1,1,2,201,0,0,0,0,0,0
mana20,1014,0,141,exposed,1048580,wc_vn_bellback,1,1,0,0,-1,0,0,0,0,0,0
mana20,1014,0,141,exposed,1048581,wc_vn_grandmother_root,1,2,0,4,32,0,0,0,0,0,0
mana20,1014,0,141,exposed,1048582,wc_vn_cragstoat,1,1,0,1,201,0,0,0,0,0,0
mana20,1015,0,142,exposed,1,wc_vn_snapvine,0,2,0,3,121,29203,7557,30000,0,6760,0
mana20,1015,0,142,exposed,2,wc_vn_bellback,0,1,1,0,-1,0,0,0,0,0,0
mana20,1015,0,142,exposed,3,wc_vn_cragstoat,0,1,0,0,-1,0,0,0,0,0,0
mana20,1015,0,142,exposed,1048580,wc_vn_bellback,1,1,0,0,-1,0,0,0,0,0,0
mana20,1015,0,142,exposed,1048581,wc_vn_grandmother_root,1,2,0,3,32,0,0,0,0,0,0
mana20,1015,0,142,exposed,1048582,wc_vn_cragstoat,1,1,0,0,-1,0,0,0,0,0,0
mana20,1016,0,143,exposed,1,wc_vn_snapvine,0,2,0,2,73,14811,7569,20000,0,2380,0
mana20,1016,0,143,exposed,2,wc_vn_bellback,0,1,1,0,-1,0,0,0,0,0,0
mana20,1016,0,143,exposed,3,wc_vn_cragstoat,0,1,1,2,181,0,0,0,0,0,0
mana20,1016,0,143,exposed,1048580,wc_vn_bellback,1,1,0,0,-1,0,0,0,0,0,0
mana20,1016,0,143,exposed,1048581,wc_vn_grandmother_root,1,2,0,5,32,0,0,0,0,0,0
mana20,1016,0,143,exposed,1048582,wc_vn_cragstoat,1,1,0,0,-1,0,0,0,0,0,0
mana20,1001,0,144,exposed,4,wc_vn_bellback,0,1,0,0,-1,0,0,0,0,0,0
mana20,1001,0,144,exposed,5,wc_vn_grandmother_root,0,2,1,5,32,0,0,0,0,0,0
mana20,1001,0,144,exposed,6,wc_vn_cragstoat,0,1,1,2,153,0,0,0,0,0,0
mana20,1001,0,144,exposed,1048577,wc_vn_snapvine,1,2,0,1,73,8000,8419,10000,0,6419,0
mana20,1001,0,144,exposed,1048578,wc_vn_bellback,1,1,0,0,-1,0,0,0,0,0,0
mana20,1001,0,144,exposed,1048579,wc_vn_cragstoat,1,1,0,0,-1,0,0,0,0,0,0
mana20,1002,0,145,exposed,4,wc_vn_bellback,0,1,0,0,-1,0,0,0,0,0,0
mana20,1002,0,145,exposed,5,wc_vn_grandmother_root,0,2,0,3,32,0,0,0,0,0,0
mana20,1002,0,145,exposed,6,wc_vn_cragstoat,0,1,1,0,-1,0,0,0,0,0,0
mana20,1002,0,145,exposed,1048577,wc_vn_snapvine,1,2,0,3,121,32136,7796,30000,0,9932,0
mana20,1002,0,145,exposed,1048578,wc_vn_bellback,1,1,0,0,-1,0,0,0,0,0,0
mana20,1002,0,145,exposed,1048579,wc_vn_cragstoat,1,1,0,0,-1,0,0,0,0,0,0
mana20,1003,0,146,exposed,4,wc_vn_bellback,0,1,0,0,-1,0,0,0,0,0,0
mana20,1003,0,146,exposed,5,wc_vn_grandmother_root,0,2,1,5,32,0,0,0,0,0,0
mana20,1003,0,146,exposed,6,wc_vn_cragstoat,0,1,1,2,153,0,0,0,0,0,0
mana20,1003,0,146,exposed,1048577,wc_vn_snapvine,1,2,0,1,73,8000,8419,10000,0,6419,0
mana20,1003,0,146,exposed,1048578,wc_vn_bellback,1,1,0,0,-1,0,0,0,0,0,0
mana20,1003,0,146,exposed,1048579,wc_vn_cragstoat,1,1,0,0,-1,0,0,0,0,0,0
mana20,1004,0,147,exposed,4,wc_vn_bellback,0,1,0,0,-1,0,0,0,0,0,0
mana20,1004,0,147,exposed,5,wc_vn_grandmother_root,0,2,0,3,32,0,0,0,0,0,0
mana20,1004,0,147,exposed,6,wc_vn_cragstoat,0,1,1,0,-1,0,0,0,0,0,0
mana20,1004,0,147,exposed,1048577,wc_vn_snapvine,1,2,0,3,121,32619,7313,30000,0,9932,0
mana20,1004,0,147,exposed,1048578,wc_vn_bellback,1,1,0,0,-1,0,0,0,0,0,0
mana20,1004,0,147,exposed,1048579,wc_vn_cragstoat,1,1,0,0,-1,0,0,0,0,0,0
mana20,1005,0,148,exposed,4,wc_vn_bellback,0,1,1,0,-1,0,0,0,0,0,0
mana20,1005,0,148,exposed,5,wc_vn_grandmother_root,0,2,1,6,32,0,0,0,0,0,0
mana20,1005,0,148,exposed,6,wc_vn_cragstoat,0,1,0,0,-1,0,0,0,0,0,0
mana20,1005,0,148,exposed,1048577,wc_vn_snapvine,1,2,0,3,121,30105,7177,30000,0,7282,0
mana20,1005,0,148,exposed,1048578,wc_vn_bellback,1,1,0,0,-1,0,0,0,0,0,0
mana20,1005,0,148,exposed,1048579,wc_vn_cragstoat,1,1,0,0,-1,0,0,0,0,0,0
mana20,1006,0,149,exposed,4,wc_vn_bellback,0,1,0,0,-1,0,0,0,0,0,0
mana20,1006,0,149,exposed,5,wc_vn_grandmother_root,0,2,0,6,32,0,0,0,0,0,0
mana20,1006,0,149,exposed,6,wc_vn_cragstoat,0,1,0,1,153,0,0,0,0,0,0
mana20,1006,0,149,exposed,1048577,wc_vn_snapvine,1,2,0,2,73,11645,8355,20000,0,0,0
mana20,1006,0,149,exposed,1048578,wc_vn_bellback,1,1,1,0,-1,0,0,0,0,0,0
mana20,1006,0,149,exposed,1048579,wc_vn_cragstoat,1,1,1,1,381,0,0,0,0,0,0
mana20,1007,0,150,exposed,4,wc_vn_bellback,0,1,0,0,-1,0,0,0,0,0,0
mana20,1007,0,150,exposed,5,wc_vn_grandmother_root,0,2,0,4,32,0,0,0,0,0,0
mana20,1007,0,150,exposed,6,wc_vn_cragstoat,0,1,0,0,-1,0,0,0,0,0,0
mana20,1007,0,150,exposed,1048577,wc_vn_snapvine,1,2,1,4,121,39951,2049,40000,2000,0,0
mana20,1007,0,150,exposed,1048578,wc_vn_bellback,1,1,0,0,-1,0,0,0,0,0,0
mana20,1007,0,150,exposed,1048579,wc_vn_cragstoat,1,1,0,0,-1,0,0,0,0,0,0
mana20,1008,0,151,exposed,4,wc_vn_bellback,0,1,1,0,-1,0,0,0,0,0,0
mana20,1008,0,151,exposed,5,wc_vn_grandmother_root,0,2,1,6,32,0,0,0,0,0,0
mana20,1008,0,151,exposed,6,wc_vn_cragstoat,0,1,0,0,-1,0,0,0,0,0,0
mana20,1008,0,151,exposed,1048577,wc_vn_snapvine,1,2,0,3,121,29583,7699,30000,0,7282,0
mana20,1008,0,151,exposed,1048578,wc_vn_bellback,1,1,0,0,-1,0,0,0,0,0,0
mana20,1008,0,151,exposed,1048579,wc_vn_cragstoat,1,1,0,0,-1,0,0,0,0,0,0
mana20,1009,0,152,exposed,4,wc_vn_bellback,0,1,0,0,-1,0,0,0,0,0,0
mana20,1009,0,152,exposed,5,wc_vn_grandmother_root,0,2,1,7,32,0,0,0,0,0,0
mana20,1009,0,152,exposed,6,wc_vn_cragstoat,0,1,0,1,153,0,0,0,0,0,0
mana20,1009,0,152,exposed,1048577,wc_vn_snapvine,1,2,0,2,73,11645,8355,20000,0,0,0
mana20,1009,0,152,exposed,1048578,wc_vn_bellback,1,1,1,0,-1,0,0,0,0,0,0
mana20,1009,0,152,exposed,1048579,wc_vn_cragstoat,1,1,0,1,381,0,0,0,0,0,0
mana20,1010,0,153,exposed,4,wc_vn_bellback,0,1,1,0,-1,0,0,0,0,0,0
mana20,1010,0,153,exposed,5,wc_vn_grandmother_root,0,2,1,6,32,0,0,0,0,0,0
mana20,1010,0,153,exposed,6,wc_vn_cragstoat,0,1,0,0,-1,0,0,0,0,0,0
mana20,1010,0,153,exposed,1048577,wc_vn_snapvine,1,2,0,3,121,30105,7177,30000,0,7282,0
mana20,1010,0,153,exposed,1048578,wc_vn_bellback,1,1,0,0,-1,0,0,0,0,0,0
mana20,1010,0,153,exposed,1048579,wc_vn_cragstoat,1,1,0,0,-1,0,0,0,0,0,0
mana20,1011,0,154,exposed,4,wc_vn_bellback,0,1,0,0,-1,0,0,0,0,0,0
mana20,1011,0,154,exposed,5,wc_vn_grandmother_root,0,2,1,5,32,0,0,0,0,0,0
mana20,1011,0,154,exposed,6,wc_vn_cragstoat,0,1,1,2,153,0,0,0,0,0,0
mana20,1011,0,154,exposed,1048577,wc_vn_snapvine,1,2,0,1,73,8000,8419,10000,0,6419,0
mana20,1011,0,154,exposed,1048578,wc_vn_bellback,1,1,0,0,-1,0,0,0,0,0,0
mana20,1011,0,154,exposed,1048579,wc_vn_cragstoat,1,1,0,0,-1,0,0,0,0,0,0
mana20,1012,0,155,exposed,4,wc_vn_bellback,0,1,0,0,-1,0,0,0,0,0,0
mana20,1012,0,155,exposed,5,wc_vn_grandmother_root,0,2,0,3,32,0,0,0,0,0,0
mana20,1012,0,155,exposed,6,wc_vn_cragstoat,0,1,0,0,-1,0,0,0,0,0,0
mana20,1012,0,155,exposed,1048577,wc_vn_snapvine,1,2,1,4,121,38377,1623,40000,0,0,0
mana20,1012,0,155,exposed,1048578,wc_vn_bellback,1,1,0,0,-1,0,0,0,0,0,0
mana20,1012,0,155,exposed,1048579,wc_vn_cragstoat,1,1,0,0,-1,0,0,0,0,0,0
mana20,1013,0,156,exposed,4,wc_vn_bellback,0,1,0,0,-1,0,0,0,0,0,0
mana20,1013,0,156,exposed,5,wc_vn_grandmother_root,0,2,1,4,32,0,0,0,0,0,0
mana20,1013,0,156,exposed,6,wc_vn_cragstoat,0,1,1,0,-1,0,0,0,0,0,0
mana20,1013,0,156,exposed,1048577,wc_vn_snapvine,1,2,0,2,121,18673,7337,20000,0,6010,0
mana20,1013,0,156,exposed,1048578,wc_vn_bellback,1,1,0,0,-1,0,0,0,0,0,0
mana20,1013,0,156,exposed,1048579,wc_vn_cragstoat,1,1,0,0,-1,0,0,0,0,0,0
mana20,1014,0,157,exposed,4,wc_vn_bellback,0,1,0,0,-1,0,0,0,0,0,0
mana20,1014,0,157,exposed,5,wc_vn_grandmother_root,0,2,1,4,32,0,0,0,0,0,0
mana20,1014,0,157,exposed,6,wc_vn_cragstoat,0,1,1,2,153,0,0,0,0,0,0
mana20,1014,0,157,exposed,1048577,wc_vn_snapvine,1,2,0,1,73,8000,8419,10000,0,6419,0
mana20,1014,0,157,exposed,1048578,wc_vn_bellback,1,1,0,0,-1,0,0,0,0,0,0
mana20,1014,0,157,exposed,1048579,wc_vn_cragstoat,1,1,0,0,-1,0,0,0,0,0,0
mana20,1015,0,158,exposed,4,wc_vn_bellback,0,1,0,0,-1,0,0,0,0,0,0
mana20,1015,0,158,exposed,5,wc_vn_grandmother_root,0,2,0,4,32,0,0,0,0,0,0
mana20,1015,0,158,exposed,6,wc_vn_cragstoat,0,1,0,0,-1,0,0,0,0,0,0
mana20,1015,0,158,exposed,1048577,wc_vn_snapvine,1,2,1,4,121,39951,2049,40000,2000,0,0
mana20,1015,0,158,exposed,1048578,wc_vn_bellback,1,1,0,0,-1,0,0,0,0,0,0
mana20,1015,0,158,exposed,1048579,wc_vn_cragstoat,1,1,0,0,-1,0,0,0,0,0,0
mana20,1016,0,159,exposed,4,wc_vn_bellback,0,1,0,0,-1,0,0,0,0,0,0
mana20,1016,0,159,exposed,5,wc_vn_grandmother_root,0,2,1,4,32,0,0,0,0,0,0
mana20,1016,0,159,exposed,6,wc_vn_cragstoat,0,1,1,0,-1,0,0,0,0,0,0
mana20,1016,0,159,exposed,1048577,wc_vn_snapvine,1,2,0,2,121,19156,6854,20000,0,6010,0
mana20,1016,0,159,exposed,1048578,wc_vn_bellback,1,1,0,0,-1,0,0,0,0,0,0
mana20,1016,0,159,exposed,1048579,wc_vn_cragstoat,1,1,0,0,-1,0,0,0,0,0,0
mana20,1001,0,160,exposed,1,wc_vn_snapvine,0,3,0,3,97,22502,7498,30000,0,0,0
mana20,1001,0,160,exposed,2,wc_vn_bellback,0,1,1,0,-1,0,0,0,0,0,0
mana20,1001,0,160,exposed,3,wc_vn_cragstoat,0,1,1,0,-1,0,0,0,0,0,0
mana20,1001,0,160,exposed,1048580,wc_vn_bellback,1,1,0,0,-1,0,0,0,0,0,0
mana20,1001,0,160,exposed,1048581,wc_vn_grandmother_root,1,3,0,3,32,0,0,0,0,0,0
mana20,1001,0,160,exposed,1048582,wc_vn_cragstoat,1,1,0,0,-1,0,0,0,0,0,0
mana20,1002,0,161,exposed,1,wc_vn_snapvine,0,3,1,2,97,21519,5525,20000,7044,0,0
mana20,1002,0,161,exposed,2,wc_vn_bellback,0,1,1,0,-1,0,0,0,0,0,0
mana20,1002,0,161,exposed,3,wc_vn_cragstoat,0,1,1,1,237,0,0,0,0,0,0
mana20,1002,0,161,exposed,1048580,wc_vn_bellback,1,1,0,0,-1,0,0,0,0,0,0
mana20,1002,0,161,exposed,1048581,wc_vn_grandmother_root,1,3,0,2,32,0,0,0,0,0,0
mana20,1002,0,161,exposed,1048582,wc_vn_cragstoat,1,1,0,0,-1,0,0,0,0,0,0
mana20,1003,0,162,exposed,1,wc_vn_snapvine,0,3,0,3,97,22502,7498,30000,0,0,0
mana20,1003,0,162,exposed,2,wc_vn_bellback,0,1,1,0,-1,0,0,0,0,0,0
mana20,1003,0,162,exposed,3,wc_vn_cragstoat,0,1,1,0,-1,0,0,0,0,0,0
mana20,1003,0,162,exposed,1048580,wc_vn_bellback,1,1,0,0,-1,0,0,0,0,0,0
mana20,1003,0,162,exposed,1048581,wc_vn_grandmother_root,1,3,0,3,32,0,0,0,0,0,0
mana20,1003,0,162,exposed,1048582,wc_vn_cragstoat,1,1,0,0,-1,0,0,0,0,0,0
mana20,1004,0,163,exposed,1,wc_vn_snapvine,0,3,1,2,97,21519,5525,20000,7044,0,0
mana20,1004,0,163,exposed,2,wc_vn_bellback,0,1,1,0,-1,0,0,0,0,0,0
mana20,1004,0,163,exposed,3,wc_vn_cragstoat,0,1,1,1,237,0,0,0,0,0,0
mana20,1004,0,163,exposed,1048580,wc_vn_bellback,1,1,0,0,-1,0,0,0,0,0,0
mana20,1004,0,163,exposed,1048581,wc_vn_grandmother_root,1,3,0,2,32,0,0,0,0,0,0
mana20,1004,0,163,exposed,1048582,wc_vn_cragstoat,1,1,0,0,-1,0,0,0,0,0,0
mana20,1005,0,164,exposed,1,wc_vn_snapvine,0,3,1,3,121,34025,5975,30000,10000,0,0
mana20,1005,0,164,exposed,2,wc_vn_bellback,0,1,1,0,-1,0,0,0,0,0,0
mana20,1005,0,164,exposed,3,wc_vn_cragstoat,0,1,0,0,-1,0,0,0,0,0,0
mana20,1005,0,164,exposed,1048580,wc_vn_bellback,1,1,0,0,-1,0,0,0,0,0,0
mana20,1005,0,164,exposed,1048581,wc_vn_grandmother_root,1,3,0,3,32,0,0,0,0,0,0
mana20,1005,0,164,exposed,1048582,wc_vn_cragstoat,1,1,0,0,-1,0,0,0,0,0,0
mana20,1006,0,165,exposed,1,wc_vn_snapvine,0,3,1,3,121,31197,5607,30000,6804,0,0
mana20,1006,0,165,exposed,2,wc_vn_bellback,0,1,1,0,-1,0,0,0,0,0,0
mana20,1006,0,165,exposed,3,wc_vn_cragstoat,0,1,0,0,-1,0,0,0,0,0,0
mana20,1006,0,165,exposed,1048580,wc_vn_bellback,1,1,0,0,-1,0,0,0,0,0,0
mana20,1006,0,165,exposed,1048581,wc_vn_grandmother_root,1,3,0,3,32,0,0,0,0,0,0
mana20,1006,0,165,exposed,1048582,wc_vn_cragstoat,1,1,0,0,-1,0,0,0,0,0,0
mana20,1007,0,166,exposed,1,wc_vn_snapvine,0,3,1,3,121,33503,6497,30000,10000,0,0
mana20,1007,0,166,exposed,2,wc_vn_bellback,0,1,1,0,-1,0,0,0,0,0,0
mana20,1007,0,166,exposed,3,wc_vn_cragstoat,0,1,0,0,-1,0,0,0,0,0,0
mana20,1007,0,166,exposed,1048580,wc_vn_bellback,1,1,0,0,-1,0,0,0,0,0,0
mana20,1007,0,166,exposed,1048581,wc_vn_grandmother_root,1,3,0,3,32,0,0,0,0,0,0
mana20,1007,0,166,exposed,1048582,wc_vn_cragstoat,1,1,0,0,-1,0,0,0,0,0,0
mana20,1008,0,167,exposed,1,wc_vn_snapvine,0,3,1,3,121,36534,2099,30000,8633,0,0
mana20,1008,0,167,exposed,2,wc_vn_bellback,0,1,0,0,-1,0,0,0,0,0,0
mana20,1008,0,167,exposed,3,wc_vn_cragstoat,0,1,0,0,-1,0,0,0,0,0,0
mana20,1008,0,167,exposed,1048580,wc_vn_bellback,1,1,0,0,-1,0,0,0,0,0,0
mana20,1008,0,167,exposed,1048581,wc_vn_grandmother_root,1,3,0,3,32,0,0,0,0,0,0
mana20,1008,0,167,exposed,1048582,wc_vn_cragstoat,1,1,0,0,-1,0,0,0,0,0,0
mana20,1009,0,168,exposed,1,wc_vn_snapvine,0,3,1,3,121,34784,4288,30000,9072,0,0
mana20,1009,0,168,exposed,2,wc_vn_bellback,0,1,0,0,-1,0,0,0,0,0,0
mana20,1009,0,168,exposed,3,wc_vn_cragstoat,0,1,0,0,-1,0,0,0,0,0,0
mana20,1009,0,168,exposed,1048580,wc_vn_bellback,1,1,0,0,-1,0,0,0,0,0,0
mana20,1009,0,168,exposed,1048581,wc_vn_grandmother_root,1,3,0,3,32,0,0,0,0,0,0
mana20,1009,0,168,exposed,1048582,wc_vn_cragstoat,1,1,0,0,-1,0,0,0,0,0,0
mana20,1010,0,169,exposed,1,wc_vn_snapvine,0,3,1,3,121,34025,5975,30000,10000,0,0
mana20,1010,0,169,exposed,2,wc_vn_bellback,0,1,1,0,-1,0,0,0,0,0,0
mana20,1010,0,169,exposed,3,wc_vn_cragstoat,0,1,0,0,-1,0,0,0,0,0,0
mana20,1010,0,169,exposed,1048580,wc_vn_bellback,1,1,0,0,-1,0,0,0,0,0,0
mana20,1010,0,169,exposed,1048581,wc_vn_grandmother_root,1,3,0,3,32,0,0,0,0,0,0
mana20,1010,0,169,exposed,1048582,wc_vn_cragstoat,1,1,0,0,-1,0,0,0,0,0,0
mana20,1011,0,170,exposed,1,wc_vn_snapvine,0,3,0,3,97,22502,7498,30000,0,0,0
mana20,1011,0,170,exposed,2,wc_vn_bellback,0,1,1,0,-1,0,0,0,0,0,0
mana20,1011,0,170,exposed,3,wc_vn_cragstoat,0,1,1,0,-1,0,0,0,0,0,0
mana20,1011,0,170,exposed,1048580,wc_vn_bellback,1,1,0,0,-1,0,0,0,0,0,0
mana20,1011,0,170,exposed,1048581,wc_vn_grandmother_root,1,3,0,3,32,0,0,0,0,0,0
mana20,1011,0,170,exposed,1048582,wc_vn_cragstoat,1,1,0,0,-1,0,0,0,0,0,0
mana20,1012,0,171,exposed,1,wc_vn_snapvine,0,3,1,3,121,36534,2099,30000,8633,0,0
mana20,1012,0,171,exposed,2,wc_vn_bellback,0,1,0,0,-1,0,0,0,0,0,0
mana20,1012,0,171,exposed,3,wc_vn_cragstoat,0,1,0,0,-1,0,0,0,0,0,0
mana20,1012,0,171,exposed,1048580,wc_vn_bellback,1,1,0,0,-1,0,0,0,0,0,0
mana20,1012,0,171,exposed,1048581,wc_vn_grandmother_root,1,3,0,3,32,0,0,0,0,0,0
mana20,1012,0,171,exposed,1048582,wc_vn_cragstoat,1,1,0,0,-1,0,0,0,0,0,0
mana20,1013,0,172,exposed,1,wc_vn_snapvine,0,3,1,2,97,21519,5525,20000,7044,0,0
mana20,1013,0,172,exposed,2,wc_vn_bellback,0,1,1,0,-1,0,0,0,0,0,0
mana20,1013,0,172,exposed,3,wc_vn_cragstoat,0,1,1,1,237,0,0,0,0,0,0
mana20,1013,0,172,exposed,1048580,wc_vn_bellback,1,1,0,0,-1,0,0,0,0,0,0
mana20,1013,0,172,exposed,1048581,wc_vn_grandmother_root,1,3,0,2,32,0,0,0,0,0,0
mana20,1013,0,172,exposed,1048582,wc_vn_cragstoat,1,1,0,0,-1,0,0,0,0,0,0
mana20,1014,0,173,exposed,1,wc_vn_snapvine,0,3,0,3,97,22502,7498,30000,0,0,0
mana20,1014,0,173,exposed,2,wc_vn_bellback,0,1,1,0,-1,0,0,0,0,0,0
mana20,1014,0,173,exposed,3,wc_vn_cragstoat,0,1,1,0,-1,0,0,0,0,0,0
mana20,1014,0,173,exposed,1048580,wc_vn_bellback,1,1,0,0,-1,0,0,0,0,0,0
mana20,1014,0,173,exposed,1048581,wc_vn_grandmother_root,1,3,0,3,32,0,0,0,0,0,0
mana20,1014,0,173,exposed,1048582,wc_vn_cragstoat,1,1,0,0,-1,0,0,0,0,0,0
mana20,1015,0,174,exposed,1,wc_vn_snapvine,0,3,1,3,121,33503,6497,30000,10000,0,0
mana20,1015,0,174,exposed,2,wc_vn_bellback,0,1,1,0,-1,0,0,0,0,0,0
mana20,1015,0,174,exposed,3,wc_vn_cragstoat,0,1,0,0,-1,0,0,0,0,0,0
mana20,1015,0,174,exposed,1048580,wc_vn_bellback,1,1,0,0,-1,0,0,0,0,0,0
mana20,1015,0,174,exposed,1048581,wc_vn_grandmother_root,1,3,0,3,32,0,0,0,0,0,0
mana20,1015,0,174,exposed,1048582,wc_vn_cragstoat,1,1,0,0,-1,0,0,0,0,0,0
mana20,1016,0,175,exposed,1,wc_vn_snapvine,0,3,1,2,97,21519,5525,20000,7044,0,0
mana20,1016,0,175,exposed,2,wc_vn_bellback,0,1,1,0,-1,0,0,0,0,0,0
mana20,1016,0,175,exposed,3,wc_vn_cragstoat,0,1,1,1,237,0,0,0,0,0,0
mana20,1016,0,175,exposed,1048580,wc_vn_bellback,1,1,0,0,-1,0,0,0,0,0,0
mana20,1016,0,175,exposed,1048581,wc_vn_grandmother_root,1,3,0,2,32,0,0,0,0,0,0
mana20,1016,0,175,exposed,1048582,wc_vn_cragstoat,1,1,0,0,-1,0,0,0,0,0,0
mana20,1001,0,176,exposed,4,wc_vn_bellback,0,1,0,0,-1,0,0,0,0,0,0
mana20,1001,0,176,exposed,5,wc_vn_grandmother_root,0,3,0,3,32,0,0,0,0,0,0
mana20,1001,0,176,exposed,6,wc_vn_cragstoat,0,1,0,0,-1,0,0,0,0,0,0
mana20,1001,0,176,exposed,1048577,wc_vn_snapvine,1,3,0,3,97,22502,7498,30000,0,0,0
mana20,1001,0,176,exposed,1048578,wc_vn_bellback,1,1,1,0,-1,0,0,0,0,0,0
mana20,1001,0,176,exposed,1048579,wc_vn_cragstoat,1,1,1,0,-1,0,0,0,0,0,0
mana20,1002,0,177,exposed,4,wc_vn_bellback,0,1,0,0,-1,0,0,0,0,0,0
mana20,1002,0,177,exposed,5,wc_vn_grandmother_root,0,3,0,3,32,0,0,0,0,0,0
mana20,1002,0,177,exposed,6,wc_vn_cragstoat,0,1,0,0,-1,0,0,0,0,0,0
mana20,1002,0,177,exposed,1048577,wc_vn_snapvine,1,3,1,3,121,30784,3752,30000,4536,0,0
mana20,1002,0,177,exposed,1048578,wc_vn_bellback,1,1,0,0,-1,0,0,0,0,0,0
mana20,1002,0,177,exposed,1048579,wc_vn_cragstoat,1,1,0,0,-1,0,0,0,0,0,0
mana20,1003,0,178,exposed,4,wc_vn_bellback,0,1,0,0,-1,0,0,0,0,0,0
mana20,1003,0,178,exposed,5,wc_vn_grandmother_root,0,3,0,3,32,0,0,0,0,0,0
mana20,1003,0,178,exposed,6,wc_vn_cragstoat,0,1,0,0,-1,0,0,0,0,0,0
mana20,1003,0,178,exposed,1048577,wc_vn_snapvine,1,3,0,3,97,22502,7498,30000,0,0,0
mana20,1003,0,178,exposed,1048578,wc_vn_bellback,1,1,1,0,-1,0,0,0,0,0,0
mana20,1003,0,178,exposed,1048579,wc_vn_cragstoat,1,1,1,0,-1,0,0,0,0,0,0
mana20,1004,0,179,exposed,4,wc_vn_bellback,0,1,0,0,-1,0,0,0,0,0,0
mana20,1004,0,179,exposed,5,wc_vn_grandmother_root,0,3,0,3,32,0,0,0,0,0,0
mana20,1004,0,179,exposed,6,wc_vn_cragstoat,0,1,0,0,-1,0,0,0,0,0,0
mana20,1004,0,179,exposed,1048577,wc_vn_snapvine,1,3,1,3,121,31052,3484,30000,4536,0,0
mana20,1004,0,179,exposed,1048578,wc_vn_bellback,1,1,0,0,-1,0,0,0,0,0,0
mana20,1004,0,179,exposed,1048579,wc_vn_cragstoat,1,1,0,0,-1,0,0,0,0,0,0
mana20,1005,0,180,exposed,4,wc_vn_bellback,0,1,0,0,-1,0,0,0,0,0,0
mana20,1005,0,180,exposed,5,wc_vn_grandmother_root,0,3,0,4,32,0,0,0,0,0,0
mana20,1005,0,180,exposed,6,wc_vn_cragstoat,0,1,0,0,-1,0,0,0,0,0,0
mana20,1005,0,180,exposed,1048577,wc_vn_snapvine,1,3,1,4,121,36504,5861,40000,2365,0,0
mana20,1005,0,180,exposed,1048578,wc_vn_bellback,1,1,1,0,-1,0,0,0,0,0,0
mana20,1005,0,180,exposed,1048579,wc_vn_cragstoat,1,1,0,0,-1,0,0,0,0,0,0
mana20,1006,0,181,exposed,4,wc_vn_bellback,0,1,0,0,-1,0,0,0,0,0,0
mana20,1006,0,181,exposed,5,wc_vn_grandmother_root,0,3,0,3,32,0,0,0,0,0,0
mana20,1006,0,181,exposed,6,wc_vn_cragstoat,0,1,0,0,-1,0,0,0,0,0,0
mana20,1006,0,181,exposed,1048577,wc_vn_snapvine,1,3,1,3,97,23443,6557,30000,0,0,0
mana20,1006,0,181,exposed,1048578,wc_vn_bellback,1,1,1,0,-1,0,0,0,0,0,0
mana20,1006,0,181,exposed,1048579,wc_vn_cragstoat,1,1,1,1,333,0,0,0,0,0,0
mana20,1007,0,182,exposed,4,wc_vn_bellback,0,1,0,0,-1,0,0,0,0,0,0
mana20,1007,0,182,exposed,5,wc_vn_grandmother_root,0,3,0,4,32,0,0,0,0,0,0
mana20,1007,0,182,exposed,6,wc_vn_cragstoat,0,1,0,0,-1,0,0,0,0,0,0
mana20,1007,0,182,exposed,1048577,wc_vn_snapvine,1,3,1,3,121,32956,1566,30000,4522,0,0
mana20,1007,0,182,exposed,1048578,wc_vn_bellback,1,1,0,0,-1,0,0,0,0,0,0
mana20,1007,0,182,exposed,1048579,wc_vn_cragstoat,1,1,0,0,-1,0,0,0,0,0,0
mana20,1008,0,183,exposed,4,wc_vn_bellback,0,1,0,0,-1,0,0,0,0,0,0
mana20,1008,0,183,exposed,5,wc_vn_grandmother_root,0,3,0,4,32,0,0,0,0,0,0
mana20,1008,0,183,exposed,6,wc_vn_cragstoat,0,1,0,0,-1,0,0,0,0,0,0
mana20,1008,0,183,exposed,1048577,wc_vn_snapvine,1,3,1,4,121,35982,6383,40000,2365,0,0
mana20,1008,0,183,exposed,1048578,wc_vn_bellback,1,1,1,0,-1,0,0,0,0,0,0
mana20,1008,0,183,exposed,1048579,wc_vn_cragstoat,1,1,0,0,-1,0,0,0,0,0,0
mana20,1009,0,184,exposed,4,wc_vn_bellback,0,1,0,0,-1,0,0,0,0,0,0
mana20,1009,0,184,exposed,5,wc_vn_grandmother_root,0,3,0,3,32,0,0,0,0,0,0
mana20,1009,0,184,exposed,6,wc_vn_cragstoat,0,1,0,0,-1,0,0,0,0,0,0
mana20,1009,0,184,exposed,1048577,wc_vn_snapvine,1,3,1,3,97,23443,6557,30000,0,0,0
mana20,1009,0,184,exposed,1048578,wc_vn_bellback,1,1,1,0,-1,0,0,0,0,0,0
mana20,1009,0,184,exposed,1048579,wc_vn_cragstoat,1,1,1,1,333,0,0,0,0,0,0
mana20,1010,0,185,exposed,4,wc_vn_bellback,0,1,0,0,-1,0,0,0,0,0,0
mana20,1010,0,185,exposed,5,wc_vn_grandmother_root,0,3,0,4,32,0,0,0,0,0,0
mana20,1010,0,185,exposed,6,wc_vn_cragstoat,0,1,0,0,-1,0,0,0,0,0,0
mana20,1010,0,185,exposed,1048577,wc_vn_snapvine,1,3,1,4,121,36504,5861,40000,2365,0,0
mana20,1010,0,185,exposed,1048578,wc_vn_bellback,1,1,1,0,-1,0,0,0,0,0,0
mana20,1010,0,185,exposed,1048579,wc_vn_cragstoat,1,1,0,0,-1,0,0,0,0,0,0
mana20,1011,0,186,exposed,4,wc_vn_bellback,0,1,0,0,-1,0,0,0,0,0,0
mana20,1011,0,186,exposed,5,wc_vn_grandmother_root,0,3,0,3,32,0,0,0,0,0,0
mana20,1011,0,186,exposed,6,wc_vn_cragstoat,0,1,0,0,-1,0,0,0,0,0,0
mana20,1011,0,186,exposed,1048577,wc_vn_snapvine,1,3,0,3,97,22502,7498,30000,0,0,0
mana20,1011,0,186,exposed,1048578,wc_vn_bellback,1,1,1,0,-1,0,0,0,0,0,0
mana20,1011,0,186,exposed,1048579,wc_vn_cragstoat,1,1,1,0,-1,0,0,0,0,0,0
mana20,1012,0,187,exposed,4,wc_vn_bellback,0,1,0,0,-1,0,0,0,0,0,0
mana20,1012,0,187,exposed,5,wc_vn_grandmother_root,0,3,0,4,32,0,0,0,0,0,0
mana20,1012,0,187,exposed,6,wc_vn_cragstoat,0,1,0,0,-1,0,0,0,0,0,0
mana20,1012,0,187,exposed,1048577,wc_vn_snapvine,1,3,1,4,121,42534,4199,40000,6733,0,0
mana20,1012,0,187,exposed,1048578,wc_vn_bellback,1,1,0,0,-1,0,0,0,0,0,0
mana20,1012,0,187,exposed,1048579,wc_vn_cragstoat,1,1,0,0,-1,0,0,0,0,0,0
mana20,1013,0,188,exposed,4,wc_vn_bellback,0,1,0,0,-1,0,0,0,0,0,0
mana20,1013,0,188,exposed,5,wc_vn_grandmother_root,0,3,0,3,32,0,0,0,0,0,0
mana20,1013,0,188,exposed,6,wc_vn_cragstoat,0,1,0,0,-1,0,0,0,0,0,0
mana20,1013,0,188,exposed,1048577,wc_vn_snapvine,1,3,1,3,121,33224,6776,30000,10000,0,0
mana20,1013,0,188,exposed,1048578,wc_vn_bellback,1,1,1,0,-1,0,0,0,0,0,0
mana20,1013,0,188,exposed,1048579,wc_vn_cragstoat,1,1,0,0,-1,0,0,0,0,0,0
mana20,1014,0,189,exposed,4,wc_vn_bellback,0,1,0,0,-1,0,0,0,0,0,0
mana20,1014,0,189,exposed,5,wc_vn_grandmother_root,0,3,0,3,32,0,0,0,0,0,0
mana20,1014,0,189,exposed,6,wc_vn_cragstoat,0,1,0,0,-1,0,0,0,0,0,0
mana20,1014,0,189,exposed,1048577,wc_vn_snapvine,1,3,0,3,97,22502,7498,30000,0,0,0
mana20,1014,0,189,exposed,1048578,wc_vn_bellback,1,1,1,0,-1,0,0,0,0,0,0
mana20,1014,0,189,exposed,1048579,wc_vn_cragstoat,1,1,1,0,-1,0,0,0,0,0,0
mana20,1015,0,190,exposed,4,wc_vn_bellback,0,1,0,0,-1,0,0,0,0,0,0
mana20,1015,0,190,exposed,5,wc_vn_grandmother_root,0,3,0,4,32,0,0,0,0,0,0
mana20,1015,0,190,exposed,6,wc_vn_cragstoat,0,1,0,0,-1,0,0,0,0,0,0
mana20,1015,0,190,exposed,1048577,wc_vn_snapvine,1,3,1,3,121,32956,1566,30000,4522,0,0
mana20,1015,0,190,exposed,1048578,wc_vn_bellback,1,1,0,0,-1,0,0,0,0,0,0
mana20,1015,0,190,exposed,1048579,wc_vn_cragstoat,1,1,0,0,-1,0,0,0,0,0,0
mana20,1016,0,191,exposed,4,wc_vn_bellback,0,1,0,0,-1,0,0,0,0,0,0
mana20,1016,0,191,exposed,5,wc_vn_grandmother_root,0,3,0,3,32,0,0,0,0,0,0
mana20,1016,0,191,exposed,6,wc_vn_cragstoat,0,1,0,0,-1,0,0,0,0,0,0
mana20,1016,0,191,exposed,1048577,wc_vn_snapvine,1,3,1,3,121,31197,5607,30000,6804,0,0
mana20,1016,0,191,exposed,1048578,wc_vn_bellback,1,1,1,0,-1,0,0,0,0,0,0
mana20,1016,0,191,exposed,1048579,wc_vn_cragstoat,1,1,0,0,-1,0,0,0,0,0,0
mana20,1001,0,192,protected,1,wc_vn_prism_organ,0,1,1,3,146,26355,3645,30000,0,0,0
mana20,1001,0,192,protected,2,wc_vn_bellback,0,1,1,0,-1,0,0,0,0,0,0
mana20,1001,0,192,protected,3,wc_vn_cragstoat,0,1,0,0,-1,0,0,0,0,0,0
mana20,1001,0,192,protected,1048580,wc_vn_bellback,1,1,0,0,-1,0,0,0,0,0,0
mana20,1001,0,192,protected,1048581,wc_vn_grandmother_root,1,1,0,4,32,0,0,0,0,0,0
mana20,1001,0,192,protected,1048582,wc_vn_cragstoat,1,1,0,1,121,0,0,0,0,0,0
mana20,1002,0,193,protected,1,wc_vn_prism_organ,0,1,1,3,146,30000,0,30000,0,0,0
mana20,1002,0,193,protected,2,wc_vn_bellback,0,1,1,0,-1,0,0,0,0,0,0
mana20,1002,0,193,protected,3,wc_vn_cragstoat,0,1,0,0,-1,0,0,0,0,0,0
mana20,1002,0,193,protected,1048580,wc_vn_bellback,1,1,0,0,-1,0,0,0,0,0,0
mana20,1002,0,193,protected,1048581,wc_vn_grandmother_root,1,1,0,4,32,0,0,0,0,0,0
mana20,1002,0,193,protected,1048582,wc_vn_cragstoat,1,1,0,0,-1,0,0,0,0,0,0
mana20,1003,0,194,protected,1,wc_vn_prism_organ,0,1,0,4,146,44091,4785,40000,0,8876,0
mana20,1003,0,194,protected,2,wc_vn_bellback,0,1,0,0,-1,0,0,0,0,0,0
mana20,1003,0,194,protected,3,wc_vn_cragstoat,0,1,0,0,-1,0,0,0,0,0,0
mana20,1003,0,194,protected,1048580,wc_vn_bellback,1,1,0,0,-1,0,0,0,0,0,0
mana20,1003,0,194,protected,1048581,wc_vn_grandmother_root,1,1,1,6,32,0,0,0,0,0,0
mana20,1003,0,194,protected,1048582,wc_vn_cragstoat,1,1,0,2,137,0,0,0,0,0,0
mana20,1004,0,195,protected,1,wc_vn_prism_organ,0,1,1,3,146,30000,0,30000,0,0,0
mana20,1004,0,195,protected,2,wc_vn_bellback,0,1,1,0,-1,0,0,0,0,0,0
mana20,1004,0,195,protected,3,wc_vn_cragstoat,0,1,0,0,-1,0,0,0,0,0,0
mana20,1004,0,195,protected,1048580,wc_vn_bellback,1,1,0,0,-1,0,0,0,0,0,0
mana20,1004,0,195,protected,1048581,wc_vn_grandmother_root,1,1,0,4,32,0,0,0,0,0,0
mana20,1004,0,195,protected,1048582,wc_vn_cragstoat,1,1,0,0,-1,0,0,0,0,0,0
mana20,1005,0,196,protected,1,wc_vn_prism_organ,0,1,1,3,146,30000,0,30000,0,0,0
mana20,1005,0,196,protected,2,wc_vn_bellback,0,1,1,0,-1,0,0,0,0,0,0
mana20,1005,0,196,protected,3,wc_vn_cragstoat,0,1,0,0,-1,0,0,0,0,0,0
mana20,1005,0,196,protected,1048580,wc_vn_bellback,1,1,0,0,-1,0,0,0,0,0,0
mana20,1005,0,196,protected,1048581,wc_vn_grandmother_root,1,1,0,4,32,0,0,0,0,0,0
mana20,1005,0,196,protected,1048582,wc_vn_cragstoat,1,1,0,0,-1,0,0,0,0,0,0
mana20,1006,0,197,protected,1,wc_vn_prism_organ,0,1,1,3,146,26355,3645,30000,0,0,0
mana20,1006,0,197,protected,2,wc_vn_bellback,0,1,1,0,-1,0,0,0,0,0,0
mana20,1006,0,197,protected,3,wc_vn_cragstoat,0,1,0,0,-1,0,0,0,0,0,0
mana20,1006,0,197,protected,1048580,wc_vn_bellback,1,1,0,0,-1,0,0,0,0,0,0
mana20,1006,0,197,protected,1048581,wc_vn_grandmother_root,1,1,0,4,32,0,0,0,0,0,0
mana20,1006,0,197,protected,1048582,wc_vn_cragstoat,1,1,0,1,121,0,0,0,0,0,0
mana20,1007,0,198,protected,1,wc_vn_prism_organ,0,1,1,3,146,30000,0,30000,0,0,0
mana20,1007,0,198,protected,2,wc_vn_bellback,0,1,1,0,-1,0,0,0,0,0,0
mana20,1007,0,198,protected,3,wc_vn_cragstoat,0,1,0,0,-1,0,0,0,0,0,0
mana20,1007,0,198,protected,1048580,wc_vn_bellback,1,1,0,0,-1,0,0,0,0,0,0
mana20,1007,0,198,protected,1048581,wc_vn_grandmother_root,1,1,0,4,32,0,0,0,0,0,0
mana20,1007,0,198,protected,1048582,wc_vn_cragstoat,1,1,0,0,-1,0,0,0,0,0,0
mana20,1008,0,199,protected,1,wc_vn_prism_organ,0,1,1,3,146,30000,0,30000,0,0,0
mana20,1008,0,199,protected,2,wc_vn_bellback,0,1,1,0,-1,0,0,0,0,0,0
mana20,1008,0,199,protected,3,wc_vn_cragstoat,0,1,0,0,-1,0,0,0,0,0,0
mana20,1008,0,199,protected,1048580,wc_vn_bellback,1,1,0,0,-1,0,0,0,0,0,0
mana20,1008,0,199,protected,1048581,wc_vn_grandmother_root,1,1,0,4,32,0,0,0,0,0,0
mana20,1008,0,199,protected,1048582,wc_vn_cragstoat,1,1,0,0,-1,0,0,0,0,0,0
mana20,1009,0,200,protected,1,wc_vn_prism_organ,0,1,0,4,146,44091,4785,40000,0,8876,0
mana20,1009,0,200,protected,2,wc_vn_bellback,0,1,0,0,-1,0,0,0,0,0,0
mana20,1009,0,200,protected,3,wc_vn_cragstoat,0,1,0,0,-1,0,0,0,0,0,0
mana20,1009,0,200,protected,1048580,wc_vn_bellback,1,1,0,0,-1,0,0,0,0,0,0
mana20,1009,0,200,protected,1048581,wc_vn_grandmother_root,1,1,1,6,32,0,0,0,0,0,0
mana20,1009,0,200,protected,1048582,wc_vn_cragstoat,1,1,0,2,137,0,0,0,0,0,0
mana20,1010,0,201,protected,1,wc_vn_prism_organ,0,1,1,3,146,30000,0,30000,0,0,0
mana20,1010,0,201,protected,2,wc_vn_bellback,0,1,1,0,-1,0,0,0,0,0,0
mana20,1010,0,201,protected,3,wc_vn_cragstoat,0,1,0,0,-1,0,0,0,0,0,0
mana20,1010,0,201,protected,1048580,wc_vn_bellback,1,1,0,0,-1,0,0,0,0,0,0
mana20,1010,0,201,protected,1048581,wc_vn_grandmother_root,1,1,0,4,32,0,0,0,0,0,0
mana20,1010,0,201,protected,1048582,wc_vn_cragstoat,1,1,0,0,-1,0,0,0,0,0,0
mana20,1011,0,202,protected,1,wc_vn_prism_organ,0,1,0,4,146,44091,4785,40000,0,8876,0
mana20,1011,0,202,protected,2,wc_vn_bellback,0,1,0,0,-1,0,0,0,0,0,0
mana20,1011,0,202,protected,3,wc_vn_cragstoat,0,1,0,0,-1,0,0,0,0,0,0
mana20,1011,0,202,protected,1048580,wc_vn_bellback,1,1,0,0,-1,0,0,0,0,0,0
mana20,1011,0,202,protected,1048581,wc_vn_grandmother_root,1,1,1,6,32,0,0,0,0,0,0
mana20,1011,0,202,protected,1048582,wc_vn_cragstoat,1,1,0,2,137,0,0,0,0,0,0
mana20,1012,0,203,protected,1,wc_vn_prism_organ,0,1,1,3,146,30000,0,30000,0,0,0
mana20,1012,0,203,protected,2,wc_vn_bellback,0,1,1,0,-1,0,0,0,0,0,0
mana20,1012,0,203,protected,3,wc_vn_cragstoat,0,1,0,0,-1,0,0,0,0,0,0
mana20,1012,0,203,protected,1048580,wc_vn_bellback,1,1,0,0,-1,0,0,0,0,0,0
mana20,1012,0,203,protected,1048581,wc_vn_grandmother_root,1,1,0,4,32,0,0,0,0,0,0
mana20,1012,0,203,protected,1048582,wc_vn_cragstoat,1,1,0,0,-1,0,0,0,0,0,0
mana20,1013,0,204,protected,1,wc_vn_prism_organ,0,1,1,3,146,30000,0,30000,0,0,0
mana20,1013,0,204,protected,2,wc_vn_bellback,0,1,1,0,-1,0,0,0,0,0,0
mana20,1013,0,204,protected,3,wc_vn_cragstoat,0,1,0,0,-1,0,0,0,0,0,0
mana20,1013,0,204,protected,1048580,wc_vn_bellback,1,1,0,0,-1,0,0,0,0,0,0
mana20,1013,0,204,protected,1048581,wc_vn_grandmother_root,1,1,0,4,32,0,0,0,0,0,0
mana20,1013,0,204,protected,1048582,wc_vn_cragstoat,1,1,0,0,-1,0,0,0,0,0,0
mana20,1014,0,205,protected,1,wc_vn_prism_organ,0,1,1,3,146,26355,3645,30000,0,0,0
mana20,1014,0,205,protected,2,wc_vn_bellback,0,1,1,0,-1,0,0,0,0,0,0
mana20,1014,0,205,protected,3,wc_vn_cragstoat,0,1,0,0,-1,0,0,0,0,0,0
mana20,1014,0,205,protected,1048580,wc_vn_bellback,1,1,0,0,-1,0,0,0,0,0,0
mana20,1014,0,205,protected,1048581,wc_vn_grandmother_root,1,1,0,4,32,0,0,0,0,0,0
mana20,1014,0,205,protected,1048582,wc_vn_cragstoat,1,1,0,1,121,0,0,0,0,0,0
mana20,1015,0,206,protected,1,wc_vn_prism_organ,0,1,1,3,146,30000,0,30000,0,0,0
mana20,1015,0,206,protected,2,wc_vn_bellback,0,1,1,0,-1,0,0,0,0,0,0
mana20,1015,0,206,protected,3,wc_vn_cragstoat,0,1,0,0,-1,0,0,0,0,0,0
mana20,1015,0,206,protected,1048580,wc_vn_bellback,1,1,0,0,-1,0,0,0,0,0,0
mana20,1015,0,206,protected,1048581,wc_vn_grandmother_root,1,1,0,4,32,0,0,0,0,0,0
mana20,1015,0,206,protected,1048582,wc_vn_cragstoat,1,1,0,0,-1,0,0,0,0,0,0
mana20,1016,0,207,protected,1,wc_vn_prism_organ,0,1,1,3,146,30000,0,30000,0,0,0
mana20,1016,0,207,protected,2,wc_vn_bellback,0,1,1,0,-1,0,0,0,0,0,0
mana20,1016,0,207,protected,3,wc_vn_cragstoat,0,1,0,0,-1,0,0,0,0,0,0
mana20,1016,0,207,protected,1048580,wc_vn_bellback,1,1,0,0,-1,0,0,0,0,0,0
mana20,1016,0,207,protected,1048581,wc_vn_grandmother_root,1,1,0,4,32,0,0,0,0,0,0
mana20,1016,0,207,protected,1048582,wc_vn_cragstoat,1,1,0,0,-1,0,0,0,0,0,0
mana20,1001,0,208,protected,4,wc_vn_bellback,0,1,0,0,-1,0,0,0,0,0,0
mana20,1001,0,208,protected,5,wc_vn_grandmother_root,0,1,0,5,32,0,0,0,0,0,0
mana20,1001,0,208,protected,6,wc_vn_cragstoat,0,1,0,1,341,0,0,0,0,0,0
mana20,1001,0,208,protected,1048577,wc_vn_prism_organ,1,1,1,4,146,37030,4970,40000,2000,0,0
mana20,1001,0,208,protected,1048578,wc_vn_bellback,1,1,0,0,-1,0,0,0,0,0,0
mana20,1001,0,208,protected,1048579,wc_vn_cragstoat,1,1,0,0,-1,0,0,0,0,0,0
mana20,1002,0,209,protected,4,wc_vn_bellback,0,1,0,0,-1,0,0,0,0,0,0
mana20,1002,0,209,protected,5,wc_vn_grandmother_root,0,1,0,5,32,0,0,0,0,0,0
mana20,1002,0,209,protected,6,wc_vn_cragstoat,0,1,0,1,341,0,0,0,0,0,0
mana20,1002,0,209,protected,1048577,wc_vn_prism_organ,1,1,1,4,146,37030,4970,40000,2000,0,0
mana20,1002,0,209,protected,1048578,wc_vn_bellback,1,1,0,0,-1,0,0,0,0,0,0
mana20,1002,0,209,protected,1048579,wc_vn_cragstoat,1,1,0,0,-1,0,0,0,0,0,0
mana20,1003,0,210,protected,4,wc_vn_bellback,0,1,0,0,-1,0,0,0,0,0,0
mana20,1003,0,210,protected,5,wc_vn_grandmother_root,0,1,0,5,32,0,0,0,0,0,0
mana20,1003,0,210,protected,6,wc_vn_cragstoat,0,1,0,1,341,0,0,0,0,0,0
mana20,1003,0,210,protected,1048577,wc_vn_prism_organ,1,1,1,4,146,37030,4970,40000,2000,0,0
mana20,1003,0,210,protected,1048578,wc_vn_bellback,1,1,0,0,-1,0,0,0,0,0,0
mana20,1003,0,210,protected,1048579,wc_vn_cragstoat,1,1,0,0,-1,0,0,0,0,0,0
mana20,1004,0,211,protected,4,wc_vn_bellback,0,1,0,0,-1,0,0,0,0,0,0
mana20,1004,0,211,protected,5,wc_vn_grandmother_root,0,1,0,5,32,0,0,0,0,0,0
mana20,1004,0,211,protected,6,wc_vn_cragstoat,0,1,0,1,341,0,0,0,0,0,0
mana20,1004,0,211,protected,1048577,wc_vn_prism_organ,1,1,1,4,146,37030,4970,40000,2000,0,0
mana20,1004,0,211,protected,1048578,wc_vn_bellback,1,1,0,0,-1,0,0,0,0,0,0
mana20,1004,0,211,protected,1048579,wc_vn_cragstoat,1,1,0,0,-1,0,0,0,0,0,0
mana20,1005,0,212,protected,4,wc_vn_bellback,0,1,0,0,-1,0,0,0,0,0,0
mana20,1005,0,212,protected,5,wc_vn_grandmother_root,0,1,0,4,32,0,0,0,0,0,0
mana20,1005,0,212,protected,6,wc_vn_cragstoat,0,1,0,0,-1,0,0,0,0,0,0
mana20,1005,0,212,protected,1048577,wc_vn_prism_organ,1,1,1,3,146,30000,0,30000,0,0,0
mana20,1005,0,212,protected,1048578,wc_vn_bellback,1,1,1,0,-1,0,0,0,0,0,0
mana20,1005,0,212,protected,1048579,wc_vn_cragstoat,1,1,0,0,-1,0,0,0,0,0,0
mana20,1006,0,213,protected,4,wc_vn_bellback,0,1,0,0,-1,0,0,0,0,0,0
mana20,1006,0,213,protected,5,wc_vn_grandmother_root,0,1,0,4,32,0,0,0,0,0,0
mana20,1006,0,213,protected,6,wc_vn_cragstoat,0,1,0,0,-1,0,0,0,0,0,0
mana20,1006,0,213,protected,1048577,wc_vn_prism_organ,1,1,1,3,146,30000,0,30000,0,0,0
mana20,1006,0,213,protected,1048578,wc_vn_bellback,1,1,1,0,-1,0,0,0,0,0,0
mana20,1006,0,213,protected,1048579,wc_vn_cragstoat,1,1,0,0,-1,0,0,0,0,0,0
mana20,1007,0,214,protected,4,wc_vn_bellback,0,1,0,0,-1,0,0,0,0,0,0
mana20,1007,0,214,protected,5,wc_vn_grandmother_root,0,1,0,4,32,0,0,0,0,0,0
mana20,1007,0,214,protected,6,wc_vn_cragstoat,0,1,0,0,-1,0,0,0,0,0,0
mana20,1007,0,214,protected,1048577,wc_vn_prism_organ,1,1,1,3,146,30000,0,30000,0,0,0
mana20,1007,0,214,protected,1048578,wc_vn_bellback,1,1,1,0,-1,0,0,0,0,0,0
mana20,1007,0,214,protected,1048579,wc_vn_cragstoat,1,1,0,0,-1,0,0,0,0,0,0
mana20,1008,0,215,protected,4,wc_vn_bellback,0,1,0,0,-1,0,0,0,0,0,0
mana20,1008,0,215,protected,5,wc_vn_grandmother_root,0,1,0,4,32,0,0,0,0,0,0
mana20,1008,0,215,protected,6,wc_vn_cragstoat,0,1,0,0,-1,0,0,0,0,0,0
mana20,1008,0,215,protected,1048577,wc_vn_prism_organ,1,1,1,3,146,30000,0,30000,0,0,0
mana20,1008,0,215,protected,1048578,wc_vn_bellback,1,1,1,0,-1,0,0,0,0,0,0
mana20,1008,0,215,protected,1048579,wc_vn_cragstoat,1,1,0,0,-1,0,0,0,0,0,0
mana20,1009,0,216,protected,4,wc_vn_bellback,0,1,0,0,-1,0,0,0,0,0,0
mana20,1009,0,216,protected,5,wc_vn_grandmother_root,0,1,0,4,32,0,0,0,0,0,0
mana20,1009,0,216,protected,6,wc_vn_cragstoat,0,1,0,0,-1,0,0,0,0,0,0
mana20,1009,0,216,protected,1048577,wc_vn_prism_organ,1,1,1,3,146,30000,0,30000,0,0,0
mana20,1009,0,216,protected,1048578,wc_vn_bellback,1,1,1,0,-1,0,0,0,0,0,0
mana20,1009,0,216,protected,1048579,wc_vn_cragstoat,1,1,0,0,-1,0,0,0,0,0,0
mana20,1010,0,217,protected,4,wc_vn_bellback,0,1,0,0,-1,0,0,0,0,0,0
mana20,1010,0,217,protected,5,wc_vn_grandmother_root,0,1,0,4,32,0,0,0,0,0,0
mana20,1010,0,217,protected,6,wc_vn_cragstoat,0,1,0,0,-1,0,0,0,0,0,0
mana20,1010,0,217,protected,1048577,wc_vn_prism_organ,1,1,1,3,146,30000,0,30000,0,0,0
mana20,1010,0,217,protected,1048578,wc_vn_bellback,1,1,1,0,-1,0,0,0,0,0,0
mana20,1010,0,217,protected,1048579,wc_vn_cragstoat,1,1,0,0,-1,0,0,0,0,0,0
mana20,1011,0,218,protected,4,wc_vn_bellback,0,1,0,0,-1,0,0,0,0,0,0
mana20,1011,0,218,protected,5,wc_vn_grandmother_root,0,1,0,5,32,0,0,0,0,0,0
mana20,1011,0,218,protected,6,wc_vn_cragstoat,0,1,0,1,341,0,0,0,0,0,0
mana20,1011,0,218,protected,1048577,wc_vn_prism_organ,1,1,1,4,146,37030,4970,40000,2000,0,0
mana20,1011,0,218,protected,1048578,wc_vn_bellback,1,1,0,0,-1,0,0,0,0,0,0
mana20,1011,0,218,protected,1048579,wc_vn_cragstoat,1,1,0,0,-1,0,0,0,0,0,0
mana20,1012,0,219,protected,4,wc_vn_bellback,0,1,0,0,-1,0,0,0,0,0,0
mana20,1012,0,219,protected,5,wc_vn_grandmother_root,0,1,0,4,32,0,0,0,0,0,0
mana20,1012,0,219,protected,6,wc_vn_cragstoat,0,1,0,0,-1,0,0,0,0,0,0
mana20,1012,0,219,protected,1048577,wc_vn_prism_organ,1,1,1,3,146,30000,0,30000,0,0,0
mana20,1012,0,219,protected,1048578,wc_vn_bellback,1,1,1,0,-1,0,0,0,0,0,0
mana20,1012,0,219,protected,1048579,wc_vn_cragstoat,1,1,0,0,-1,0,0,0,0,0,0
mana20,1013,0,220,protected,4,wc_vn_bellback,0,1,0,0,-1,0,0,0,0,0,0
mana20,1013,0,220,protected,5,wc_vn_grandmother_root,0,1,0,5,32,0,0,0,0,0,0
mana20,1013,0,220,protected,6,wc_vn_cragstoat,0,1,0,1,341,0,0,0,0,0,0
mana20,1013,0,220,protected,1048577,wc_vn_prism_organ,1,1,1,4,146,37030,4970,40000,2000,0,0
mana20,1013,0,220,protected,1048578,wc_vn_bellback,1,1,0,0,-1,0,0,0,0,0,0
mana20,1013,0,220,protected,1048579,wc_vn_cragstoat,1,1,0,0,-1,0,0,0,0,0,0
mana20,1014,0,221,protected,4,wc_vn_bellback,0,1,0,0,-1,0,0,0,0,0,0
mana20,1014,0,221,protected,5,wc_vn_grandmother_root,0,1,0,5,32,0,0,0,0,0,0
mana20,1014,0,221,protected,6,wc_vn_cragstoat,0,1,0,1,341,0,0,0,0,0,0
mana20,1014,0,221,protected,1048577,wc_vn_prism_organ,1,1,1,4,146,37030,4970,40000,2000,0,0
mana20,1014,0,221,protected,1048578,wc_vn_bellback,1,1,0,0,-1,0,0,0,0,0,0
mana20,1014,0,221,protected,1048579,wc_vn_cragstoat,1,1,0,0,-1,0,0,0,0,0,0
mana20,1015,0,222,protected,4,wc_vn_bellback,0,1,0,0,-1,0,0,0,0,0,0
mana20,1015,0,222,protected,5,wc_vn_grandmother_root,0,1,0,4,32,0,0,0,0,0,0
mana20,1015,0,222,protected,6,wc_vn_cragstoat,0,1,0,0,-1,0,0,0,0,0,0
mana20,1015,0,222,protected,1048577,wc_vn_prism_organ,1,1,1,3,146,30000,0,30000,0,0,0
mana20,1015,0,222,protected,1048578,wc_vn_bellback,1,1,1,0,-1,0,0,0,0,0,0
mana20,1015,0,222,protected,1048579,wc_vn_cragstoat,1,1,0,0,-1,0,0,0,0,0,0
mana20,1016,0,223,protected,4,wc_vn_bellback,0,1,0,0,-1,0,0,0,0,0,0
mana20,1016,0,223,protected,5,wc_vn_grandmother_root,0,1,0,5,32,0,0,0,0,0,0
mana20,1016,0,223,protected,6,wc_vn_cragstoat,0,1,0,1,341,0,0,0,0,0,0
mana20,1016,0,223,protected,1048577,wc_vn_prism_organ,1,1,1,4,146,37030,4970,40000,2000,0,0
mana20,1016,0,223,protected,1048578,wc_vn_bellback,1,1,0,0,-1,0,0,0,0,0,0
mana20,1016,0,223,protected,1048579,wc_vn_cragstoat,1,1,0,0,-1,0,0,0,0,0,0
mana20,1001,0,224,protected,1,wc_vn_prism_organ,0,2,1,3,146,27807,2193,30000,0,0,0
mana20,1001,0,224,protected,2,wc_vn_bellback,0,1,0,0,-1,0,0,0,0,0,0
mana20,1001,0,224,protected,3,wc_vn_cragstoat,0,1,0,0,-1,0,0,0,0,0,0
mana20,1001,0,224,protected,1048580,wc_vn_bellback,1,1,0,0,-1,0,0,0,0,0,0
mana20,1001,0,224,protected,1048581,wc_vn_grandmother_root,1,2,0,4,32,0,0,0,0,0,0
mana20,1001,0,224,protected,1048582,wc_vn_cragstoat,1,1,0,1,101,0,0,0,0,0,0
mana20,1002,0,225,protected,1,wc_vn_prism_organ,0,2,1,3,146,30000,0,30000,0,0,0
mana20,1002,0,225,protected,2,wc_vn_bellback,0,1,0,0,-1,0,0,0,0,0,0
mana20,1002,0,225,protected,3,wc_vn_cragstoat,0,1,0,0,-1,0,0,0,0,0,0
mana20,1002,0,225,protected,1048580,wc_vn_bellback,1,1,0,0,-1,0,0,0,0,0,0
mana20,1002,0,225,protected,1048581,wc_vn_grandmother_root,1,2,0,4,32,0,0,0,0,0,0
mana20,1002,0,225,protected,1048582,wc_vn_cragstoat,1,1,0,0,-1,0,0,0,0,0,0
mana20,1003,0,226,protected,1,wc_vn_prism_organ,0,2,1,3,146,30248,1752,30000,2000,0,0
mana20,1003,0,226,protected,2,wc_vn_bellback,0,1,0,0,-1,0,0,0,0,0,0
mana20,1003,0,226,protected,3,wc_vn_cragstoat,0,1,0,0,-1,0,0,0,0,0,0
mana20,1003,0,226,protected,1048580,wc_vn_bellback,1,1,0,0,-1,0,0,0,0,0,0
mana20,1003,0,226,protected,1048581,wc_vn_grandmother_root,1,2,0,4,32,0,0,0,0,0,0
mana20,1003,0,226,protected,1048582,wc_vn_cragstoat,1,1,0,1,117,0,0,0,0,0,0
mana20,1004,0,227,protected,1,wc_vn_prism_organ,0,2,1,3,146,30000,0,30000,0,0,0
mana20,1004,0,227,protected,2,wc_vn_bellback,0,1,0,0,-1,0,0,0,0,0,0
mana20,1004,0,227,protected,3,wc_vn_cragstoat,0,1,0,0,-1,0,0,0,0,0,0
mana20,1004,0,227,protected,1048580,wc_vn_bellback,1,1,0,0,-1,0,0,0,0,0,0
mana20,1004,0,227,protected,1048581,wc_vn_grandmother_root,1,2,0,4,32,0,0,0,0,0,0
mana20,1004,0,227,protected,1048582,wc_vn_cragstoat,1,1,0,0,-1,0,0,0,0,0,0
mana20,1005,0,228,protected,1,wc_vn_prism_organ,0,2,1,3,146,30000,0,30000,0,0,0
mana20,1005,0,228,protected,2,wc_vn_bellback,0,1,0,0,-1,0,0,0,0,0,0
mana20,1005,0,228,protected,3,wc_vn_cragstoat,0,1,0,0,-1,0,0,0,0,0,0
mana20,1005,0,228,protected,1048580,wc_vn_bellback,1,1,0,0,-1,0,0,0,0,0,0
mana20,1005,0,228,protected,1048581,wc_vn_grandmother_root,1,2,0,4,32,0,0,0,0,0,0
mana20,1005,0,228,protected,1048582,wc_vn_cragstoat,1,1,0,0,-1,0,0,0,0,0,0
mana20,1006,0,229,protected,1,wc_vn_prism_organ,0,2,1,3,146,27807,2193,30000,0,0,0
mana20,1006,0,229,protected,2,wc_vn_bellback,0,1,0,0,-1,0,0,0,0,0,0
mana20,1006,0,229,protected,3,wc_vn_cragstoat,0,1,0,0,-1,0,0,0,0,0,0
mana20,1006,0,229,protected,1048580,wc_vn_bellback,1,1,0,0,-1,0,0,0,0,0,0
mana20,1006,0,229,protected,1048581,wc_vn_grandmother_root,1,2,0,4,32,0,0,0,0,0,0
mana20,1006,0,229,protected,1048582,wc_vn_cragstoat,1,1,0,1,101,0,0,0,0,0,0
mana20,1007,0,230,protected,1,wc_vn_prism_organ,0,2,1,3,146,30000,0,30000,0,0,0
mana20,1007,0,230,protected,2,wc_vn_bellback,0,1,0,0,-1,0,0,0,0,0,0
mana20,1007,0,230,protected,3,wc_vn_cragstoat,0,1,0,0,-1,0,0,0,0,0,0
mana20,1007,0,230,protected,1048580,wc_vn_bellback,1,1,0,0,-1,0,0,0,0,0,0
mana20,1007,0,230,protected,1048581,wc_vn_grandmother_root,1,2,0,4,32,0,0,0,0,0,0
mana20,1007,0,230,protected,1048582,wc_vn_cragstoat,1,1,0,0,-1,0,0,0,0,0,0
mana20,1008,0,231,protected,1,wc_vn_prism_organ,0,2,1,3,146,30000,0,30000,0,0,0
mana20,1008,0,231,protected,2,wc_vn_bellback,0,1,0,0,-1,0,0,0,0,0,0
mana20,1008,0,231,protected,3,wc_vn_cragstoat,0,1,0,0,-1,0,0,0,0,0,0
mana20,1008,0,231,protected,1048580,wc_vn_bellback,1,1,0,0,-1,0,0,0,0,0,0
mana20,1008,0,231,protected,1048581,wc_vn_grandmother_root,1,2,0,4,32,0,0,0,0,0,0
mana20,1008,0,231,protected,1048582,wc_vn_cragstoat,1,1,0,0,-1,0,0,0,0,0,0
mana20,1009,0,232,protected,1,wc_vn_prism_organ,0,2,1,3,146,30248,1752,30000,2000,0,0
mana20,1009,0,232,protected,2,wc_vn_bellback,0,1,0,0,-1,0,0,0,0,0,0
mana20,1009,0,232,protected,3,wc_vn_cragstoat,0,1,0,0,-1,0,0,0,0,0,0
mana20,1009,0,232,protected,1048580,wc_vn_bellback,1,1,0,0,-1,0,0,0,0,0,0
mana20,1009,0,232,protected,1048581,wc_vn_grandmother_root,1,2,0,4,32,0,0,0,0,0,0
mana20,1009,0,232,protected,1048582,wc_vn_cragstoat,1,1,0,1,117,0,0,0,0,0,0
mana20,1010,0,233,protected,1,wc_vn_prism_organ,0,2,1,3,146,30000,0,30000,0,0,0
mana20,1010,0,233,protected,2,wc_vn_bellback,0,1,0,0,-1,0,0,0,0,0,0
mana20,1010,0,233,protected,3,wc_vn_cragstoat,0,1,0,0,-1,0,0,0,0,0,0
mana20,1010,0,233,protected,1048580,wc_vn_bellback,1,1,0,0,-1,0,0,0,0,0,0
mana20,1010,0,233,protected,1048581,wc_vn_grandmother_root,1,2,0,4,32,0,0,0,0,0,0
mana20,1010,0,233,protected,1048582,wc_vn_cragstoat,1,1,0,0,-1,0,0,0,0,0,0
mana20,1011,0,234,protected,1,wc_vn_prism_organ,0,2,1,3,146,30248,1752,30000,2000,0,0
mana20,1011,0,234,protected,2,wc_vn_bellback,0,1,0,0,-1,0,0,0,0,0,0
mana20,1011,0,234,protected,3,wc_vn_cragstoat,0,1,0,0,-1,0,0,0,0,0,0
mana20,1011,0,234,protected,1048580,wc_vn_bellback,1,1,0,0,-1,0,0,0,0,0,0
mana20,1011,0,234,protected,1048581,wc_vn_grandmother_root,1,2,0,4,32,0,0,0,0,0,0
mana20,1011,0,234,protected,1048582,wc_vn_cragstoat,1,1,0,1,117,0,0,0,0,0,0
mana20,1012,0,235,protected,1,wc_vn_prism_organ,0,2,1,3,146,30000,0,30000,0,0,0
mana20,1012,0,235,protected,2,wc_vn_bellback,0,1,0,0,-1,0,0,0,0,0,0
mana20,1012,0,235,protected,3,wc_vn_cragstoat,0,1,0,0,-1,0,0,0,0,0,0
mana20,1012,0,235,protected,1048580,wc_vn_bellback,1,1,0,0,-1,0,0,0,0,0,0
mana20,1012,0,235,protected,1048581,wc_vn_grandmother_root,1,2,0,4,32,0,0,0,0,0,0
mana20,1012,0,235,protected,1048582,wc_vn_cragstoat,1,1,0,0,-1,0,0,0,0,0,0
mana20,1013,0,236,protected,1,wc_vn_prism_organ,0,2,1,3,146,30000,0,30000,0,0,0
mana20,1013,0,236,protected,2,wc_vn_bellback,0,1,0,0,-1,0,0,0,0,0,0
mana20,1013,0,236,protected,3,wc_vn_cragstoat,0,1,0,0,-1,0,0,0,0,0,0
mana20,1013,0,236,protected,1048580,wc_vn_bellback,1,1,0,0,-1,0,0,0,0,0,0
mana20,1013,0,236,protected,1048581,wc_vn_grandmother_root,1,2,0,4,32,0,0,0,0,0,0
mana20,1013,0,236,protected,1048582,wc_vn_cragstoat,1,1,0,0,-1,0,0,0,0,0,0
mana20,1014,0,237,protected,1,wc_vn_prism_organ,0,2,1,3,146,27807,2193,30000,0,0,0
mana20,1014,0,237,protected,2,wc_vn_bellback,0,1,0,0,-1,0,0,0,0,0,0
mana20,1014,0,237,protected,3,wc_vn_cragstoat,0,1,0,0,-1,0,0,0,0,0,0
mana20,1014,0,237,protected,1048580,wc_vn_bellback,1,1,0,0,-1,0,0,0,0,0,0
mana20,1014,0,237,protected,1048581,wc_vn_grandmother_root,1,2,0,4,32,0,0,0,0,0,0
mana20,1014,0,237,protected,1048582,wc_vn_cragstoat,1,1,0,1,101,0,0,0,0,0,0
mana20,1015,0,238,protected,1,wc_vn_prism_organ,0,2,1,3,146,30000,0,30000,0,0,0
mana20,1015,0,238,protected,2,wc_vn_bellback,0,1,0,0,-1,0,0,0,0,0,0
mana20,1015,0,238,protected,3,wc_vn_cragstoat,0,1,0,0,-1,0,0,0,0,0,0
mana20,1015,0,238,protected,1048580,wc_vn_bellback,1,1,0,0,-1,0,0,0,0,0,0
mana20,1015,0,238,protected,1048581,wc_vn_grandmother_root,1,2,0,4,32,0,0,0,0,0,0
mana20,1015,0,238,protected,1048582,wc_vn_cragstoat,1,1,0,0,-1,0,0,0,0,0,0
mana20,1016,0,239,protected,1,wc_vn_prism_organ,0,2,1,3,146,30000,0,30000,0,0,0
mana20,1016,0,239,protected,2,wc_vn_bellback,0,1,0,0,-1,0,0,0,0,0,0
mana20,1016,0,239,protected,3,wc_vn_cragstoat,0,1,0,0,-1,0,0,0,0,0,0
mana20,1016,0,239,protected,1048580,wc_vn_bellback,1,1,0,0,-1,0,0,0,0,0,0
mana20,1016,0,239,protected,1048581,wc_vn_grandmother_root,1,2,0,4,32,0,0,0,0,0,0
mana20,1016,0,239,protected,1048582,wc_vn_cragstoat,1,1,0,0,-1,0,0,0,0,0,0
mana20,1001,0,240,protected,4,wc_vn_bellback,0,1,0,0,-1,0,0,0,0,0,0
mana20,1001,0,240,protected,5,wc_vn_grandmother_root,0,2,0,6,32,0,0,0,0,0,0
mana20,1001,0,240,protected,6,wc_vn_cragstoat,0,1,0,1,321,0,0,0,0,0,0
mana20,1001,0,240,protected,1048577,wc_vn_prism_organ,1,2,1,4,146,36496,3504,40000,0,0,0
mana20,1001,0,240,protected,1048578,wc_vn_bellback,1,1,0,0,-1,0,0,0,0,0,0
mana20,1001,0,240,protected,1048579,wc_vn_cragstoat,1,1,0,0,-1,0,0,0,0,0,0
mana20,1002,0,241,protected,4,wc_vn_bellback,0,1,0,0,-1,0,0,0,0,0,0
mana20,1002,0,241,protected,5,wc_vn_grandmother_root,0,2,0,6,32,0,0,0,0,0,0
mana20,1002,0,241,protected,6,wc_vn_cragstoat,0,1,0,1,321,0,0,0,0,0,0
mana20,1002,0,241,protected,1048577,wc_vn_prism_organ,1,2,1,4,146,36496,3504,40000,0,0,0
mana20,1002,0,241,protected,1048578,wc_vn_bellback,1,1,0,0,-1,0,0,0,0,0,0
mana20,1002,0,241,protected,1048579,wc_vn_cragstoat,1,1,0,0,-1,0,0,0,0,0,0
mana20,1003,0,242,protected,4,wc_vn_bellback,0,1,0,0,-1,0,0,0,0,0,0
mana20,1003,0,242,protected,5,wc_vn_grandmother_root,0,2,0,6,32,0,0,0,0,0,0
mana20,1003,0,242,protected,6,wc_vn_cragstoat,0,1,0,1,321,0,0,0,0,0,0
mana20,1003,0,242,protected,1048577,wc_vn_prism_organ,1,2,1,4,146,36496,3504,40000,0,0,0
mana20,1003,0,242,protected,1048578,wc_vn_bellback,1,1,0,0,-1,0,0,0,0,0,0
mana20,1003,0,242,protected,1048579,wc_vn_cragstoat,1,1,0,0,-1,0,0,0,0,0,0
mana20,1004,0,243,protected,4,wc_vn_bellback,0,1,0,0,-1,0,0,0,0,0,0
mana20,1004,0,243,protected,5,wc_vn_grandmother_root,0,2,0,6,32,0,0,0,0,0,0
mana20,1004,0,243,protected,6,wc_vn_cragstoat,0,1,0,1,321,0,0,0,0,0,0
mana20,1004,0,243,protected,1048577,wc_vn_prism_organ,1,2,1,4,146,36496,3504,40000,0,0,0
mana20,1004,0,243,protected,1048578,wc_vn_bellback,1,1,0,0,-1,0,0,0,0,0,0
mana20,1004,0,243,protected,1048579,wc_vn_cragstoat,1,1,0,0,-1,0,0,0,0,0,0
mana20,1005,0,244,protected,4,wc_vn_bellback,0,1,0,0,-1,0,0,0,0,0,0
mana20,1005,0,244,protected,5,wc_vn_grandmother_root,0,2,0,4,32,0,0,0,0,0,0
mana20,1005,0,244,protected,6,wc_vn_cragstoat,0,1,0,0,-1,0,0,0,0,0,0
mana20,1005,0,244,protected,1048577,wc_vn_prism_organ,1,2,1,3,146,30000,0,30000,0,0,0
mana20,1005,0,244,protected,1048578,wc_vn_bellback,1,1,0,0,-1,0,0,0,0,0,0
mana20,1005,0,244,protected,1048579,wc_vn_cragstoat,1,1,0,0,-1,0,0,0,0,0,0
mana20,1006,0,245,protected,4,wc_vn_bellback,0,1,0,0,-1,0,0,0,0,0,0
mana20,1006,0,245,protected,5,wc_vn_grandmother_root,0,2,0,4,32,0,0,0,0,0,0
mana20,1006,0,245,protected,6,wc_vn_cragstoat,0,1,0,0,-1,0,0,0,0,0,0
mana20,1006,0,245,protected,1048577,wc_vn_prism_organ,1,2,1,3,146,30000,0,30000,0,0,0
mana20,1006,0,245,protected,1048578,wc_vn_bellback,1,1,0,0,-1,0,0,0,0,0,0
mana20,1006,0,245,protected,1048579,wc_vn_cragstoat,1,1,0,0,-1,0,0,0,0,0,0
mana20,1007,0,246,protected,4,wc_vn_bellback,0,1,0,0,-1,0,0,0,0,0,0
mana20,1007,0,246,protected,5,wc_vn_grandmother_root,0,2,0,4,32,0,0,0,0,0,0
mana20,1007,0,246,protected,6,wc_vn_cragstoat,0,1,0,0,-1,0,0,0,0,0,0
mana20,1007,0,246,protected,1048577,wc_vn_prism_organ,1,2,1,3,146,30000,0,30000,0,0,0
mana20,1007,0,246,protected,1048578,wc_vn_bellback,1,1,0,0,-1,0,0,0,0,0,0
mana20,1007,0,246,protected,1048579,wc_vn_cragstoat,1,1,0,0,-1,0,0,0,0,0,0
mana20,1008,0,247,protected,4,wc_vn_bellback,0,1,0,0,-1,0,0,0,0,0,0
mana20,1008,0,247,protected,5,wc_vn_grandmother_root,0,2,0,4,32,0,0,0,0,0,0
mana20,1008,0,247,protected,6,wc_vn_cragstoat,0,1,0,0,-1,0,0,0,0,0,0
mana20,1008,0,247,protected,1048577,wc_vn_prism_organ,1,2,1,3,146,30000,0,30000,0,0,0
mana20,1008,0,247,protected,1048578,wc_vn_bellback,1,1,0,0,-1,0,0,0,0,0,0
mana20,1008,0,247,protected,1048579,wc_vn_cragstoat,1,1,0,0,-1,0,0,0,0,0,0
mana20,1009,0,248,protected,4,wc_vn_bellback,0,1,0,0,-1,0,0,0,0,0,0
mana20,1009,0,248,protected,5,wc_vn_grandmother_root,0,2,0,4,32,0,0,0,0,0,0
mana20,1009,0,248,protected,6,wc_vn_cragstoat,0,1,0,0,-1,0,0,0,0,0,0
mana20,1009,0,248,protected,1048577,wc_vn_prism_organ,1,2,1,3,146,30000,0,30000,0,0,0
mana20,1009,0,248,protected,1048578,wc_vn_bellback,1,1,0,0,-1,0,0,0,0,0,0
mana20,1009,0,248,protected,1048579,wc_vn_cragstoat,1,1,0,0,-1,0,0,0,0,0,0
mana20,1010,0,249,protected,4,wc_vn_bellback,0,1,0,0,-1,0,0,0,0,0,0
mana20,1010,0,249,protected,5,wc_vn_grandmother_root,0,2,0,4,32,0,0,0,0,0,0
mana20,1010,0,249,protected,6,wc_vn_cragstoat,0,1,0,0,-1,0,0,0,0,0,0
mana20,1010,0,249,protected,1048577,wc_vn_prism_organ,1,2,1,3,146,30000,0,30000,0,0,0
mana20,1010,0,249,protected,1048578,wc_vn_bellback,1,1,0,0,-1,0,0,0,0,0,0
mana20,1010,0,249,protected,1048579,wc_vn_cragstoat,1,1,0,0,-1,0,0,0,0,0,0
mana20,1011,0,250,protected,4,wc_vn_bellback,0,1,0,0,-1,0,0,0,0,0,0
mana20,1011,0,250,protected,5,wc_vn_grandmother_root,0,2,0,6,32,0,0,0,0,0,0
mana20,1011,0,250,protected,6,wc_vn_cragstoat,0,1,0,1,321,0,0,0,0,0,0
mana20,1011,0,250,protected,1048577,wc_vn_prism_organ,1,2,1,4,146,36496,3504,40000,0,0,0
mana20,1011,0,250,protected,1048578,wc_vn_bellback,1,1,0,0,-1,0,0,0,0,0,0
mana20,1011,0,250,protected,1048579,wc_vn_cragstoat,1,1,0,0,-1,0,0,0,0,0,0
mana20,1012,0,251,protected,4,wc_vn_bellback,0,1,0,0,-1,0,0,0,0,0,0
mana20,1012,0,251,protected,5,wc_vn_grandmother_root,0,2,0,4,32,0,0,0,0,0,0
mana20,1012,0,251,protected,6,wc_vn_cragstoat,0,1,0,0,-1,0,0,0,0,0,0
mana20,1012,0,251,protected,1048577,wc_vn_prism_organ,1,2,1,3,146,30000,0,30000,0,0,0
mana20,1012,0,251,protected,1048578,wc_vn_bellback,1,1,0,0,-1,0,0,0,0,0,0
mana20,1012,0,251,protected,1048579,wc_vn_cragstoat,1,1,0,0,-1,0,0,0,0,0,0
mana20,1013,0,252,protected,4,wc_vn_bellback,0,1,0,0,-1,0,0,0,0,0,0
mana20,1013,0,252,protected,5,wc_vn_grandmother_root,0,2,0,6,32,0,0,0,0,0,0
mana20,1013,0,252,protected,6,wc_vn_cragstoat,0,1,0,1,321,0,0,0,0,0,0
mana20,1013,0,252,protected,1048577,wc_vn_prism_organ,1,2,1,4,146,36496,3504,40000,0,0,0
mana20,1013,0,252,protected,1048578,wc_vn_bellback,1,1,0,0,-1,0,0,0,0,0,0
mana20,1013,0,252,protected,1048579,wc_vn_cragstoat,1,1,0,0,-1,0,0,0,0,0,0
mana20,1014,0,253,protected,4,wc_vn_bellback,0,1,0,0,-1,0,0,0,0,0,0
mana20,1014,0,253,protected,5,wc_vn_grandmother_root,0,2,0,6,32,0,0,0,0,0,0
mana20,1014,0,253,protected,6,wc_vn_cragstoat,0,1,0,1,321,0,0,0,0,0,0
mana20,1014,0,253,protected,1048577,wc_vn_prism_organ,1,2,1,4,146,36496,3504,40000,0,0,0
mana20,1014,0,253,protected,1048578,wc_vn_bellback,1,1,0,0,-1,0,0,0,0,0,0
mana20,1014,0,253,protected,1048579,wc_vn_cragstoat,1,1,0,0,-1,0,0,0,0,0,0
mana20,1015,0,254,protected,4,wc_vn_bellback,0,1,0,0,-1,0,0,0,0,0,0
mana20,1015,0,254,protected,5,wc_vn_grandmother_root,0,2,0,4,32,0,0,0,0,0,0
mana20,1015,0,254,protected,6,wc_vn_cragstoat,0,1,0,0,-1,0,0,0,0,0,0
mana20,1015,0,254,protected,1048577,wc_vn_prism_organ,1,2,1,3,146,30000,0,30000,0,0,0
mana20,1015,0,254,protected,1048578,wc_vn_bellback,1,1,0,0,-1,0,0,0,0,0,0
mana20,1015,0,254,protected,1048579,wc_vn_cragstoat,1,1,0,0,-1,0,0,0,0,0,0
mana20,1016,0,255,protected,4,wc_vn_bellback,0,1,0,0,-1,0,0,0,0,0,0
mana20,1016,0,255,protected,5,wc_vn_grandmother_root,0,2,0,6,32,0,0,0,0,0,0
mana20,1016,0,255,protected,6,wc_vn_cragstoat,0,1,0,1,321,0,0,0,0,0,0
mana20,1016,0,255,protected,1048577,wc_vn_prism_organ,1,2,1,4,146,36496,3504,40000,0,0,0
mana20,1016,0,255,protected,1048578,wc_vn_bellback,1,1,0,0,-1,0,0,0,0,0,0
mana20,1016,0,255,protected,1048579,wc_vn_cragstoat,1,1,0,0,-1,0,0,0,0,0,0
mana20,1001,0,256,protected,1,wc_vn_prism_organ,0,3,1,3,146,28356,1644,30000,0,0,0
mana20,1001,0,256,protected,2,wc_vn_bellback,0,1,0,0,-1,0,0,0,0,0,0
mana20,1001,0,256,protected,3,wc_vn_cragstoat,0,1,0,0,-1,0,0,0,0,0,0
mana20,1001,0,256,protected,1048580,wc_vn_bellback,1,1,0,0,-1,0,0,0,0,0,0
mana20,1001,0,256,protected,1048581,wc_vn_grandmother_root,1,3,0,4,32,0,0,0,0,0,0
mana20,1001,0,256,protected,1048582,wc_vn_cragstoat,1,1,0,1,101,0,0,0,0,0,0
mana20,1002,0,257,protected,1,wc_vn_prism_organ,0,3,1,3,146,28686,1314,30000,0,0,0
mana20,1002,0,257,protected,2,wc_vn_bellback,0,1,0,0,-1,0,0,0,0,0,0
mana20,1002,0,257,protected,3,wc_vn_cragstoat,0,1,0,0,-1,0,0,0,0,0,0
mana20,1002,0,257,protected,1048580,wc_vn_bellback,1,1,0,0,-1,0,0,0,0,0,0
mana20,1002,0,257,protected,1048581,wc_vn_grandmother_root,1,3,0,4,32,0,0,0,0,0,0
mana20,1002,0,257,protected,1048582,wc_vn_cragstoat,1,1,0,0,-1,0,0,0,0,0,0
mana20,1003,0,258,protected,1,wc_vn_prism_organ,0,3,1,3,146,28686,1314,30000,0,0,0
mana20,1003,0,258,protected,2,wc_vn_bellback,0,1,0,0,-1,0,0,0,0,0,0
mana20,1003,0,258,protected,3,wc_vn_cragstoat,0,1,0,0,-1,0,0,0,0,0,0
mana20,1003,0,258,protected,1048580,wc_vn_bellback,1,1,0,0,-1,0,0,0,0,0,0
mana20,1003,0,258,protected,1048581,wc_vn_grandmother_root,1,3,0,4,32,0,0,0,0,0,0
mana20,1003,0,258,protected,1048582,wc_vn_cragstoat,1,1,0,1,117,0,0,0,0,0,0
mana20,1004,0,259,protected,1,wc_vn_prism_organ,0,3,1,3,146,29124,876,30000,0,0,0
mana20,1004,0,259,protected,2,wc_vn_bellback,0,1,0,0,-1,0,0,0,0,0,0
mana20,1004,0,259,protected,3,wc_vn_cragstoat,0,1,0,0,-1,0,0,0,0,0,0
mana20,1004,0,259,protected,1048580,wc_vn_bellback,1,1,0,0,-1,0,0,0,0,0,0
mana20,1004,0,259,protected,1048581,wc_vn_grandmother_root,1,3,0,4,32,0,0,0,0,0,0
mana20,1004,0,259,protected,1048582,wc_vn_cragstoat,1,1,0,0,-1,0,0,0,0,0,0
mana20,1005,0,260,protected,1,wc_vn_prism_organ,0,3,1,3,146,29124,876,30000,0,0,0
mana20,1005,0,260,protected,2,wc_vn_bellback,0,1,0,0,-1,0,0,0,0,0,0
mana20,1005,0,260,protected,3,wc_vn_cragstoat,0,1,0,0,-1,0,0,0,0,0,0
mana20,1005,0,260,protected,1048580,wc_vn_bellback,1,1,0,0,-1,0,0,0,0,0,0
mana20,1005,0,260,protected,1048581,wc_vn_grandmother_root,1,3,0,4,32,0,0,0,0,0,0
mana20,1005,0,260,protected,1048582,wc_vn_cragstoat,1,1,0,0,-1,0,0,0,0,0,0
mana20,1006,0,261,protected,1,wc_vn_prism_organ,0,3,1,3,146,28356,1644,30000,0,0,0
mana20,1006,0,261,protected,2,wc_vn_bellback,0,1,0,0,-1,0,0,0,0,0,0
mana20,1006,0,261,protected,3,wc_vn_cragstoat,0,1,0,0,-1,0,0,0,0,0,0
mana20,1006,0,261,protected,1048580,wc_vn_bellback,1,1,0,0,-1,0,0,0,0,0,0
mana20,1006,0,261,protected,1048581,wc_vn_grandmother_root,1,3,0,4,32,0,0,0,0,0,0
mana20,1006,0,261,protected,1048582,wc_vn_cragstoat,1,1,0,1,101,0,0,0,0,0,0
mana20,1007,0,262,protected,1,wc_vn_prism_organ,0,3,1,3,146,28686,1314,30000,0,0,0
mana20,1007,0,262,protected,2,wc_vn_bellback,0,1,0,0,-1,0,0,0,0,0,0
mana20,1007,0,262,protected,3,wc_vn_cragstoat,0,1,0,0,-1,0,0,0,0,0,0
mana20,1007,0,262,protected,1048580,wc_vn_bellback,1,1,0,0,-1,0,0,0,0,0,0
mana20,1007,0,262,protected,1048581,wc_vn_grandmother_root,1,3,0,4,32,0,0,0,0,0,0
mana20,1007,0,262,protected,1048582,wc_vn_cragstoat,1,1,0,0,-1,0,0,0,0,0,0
mana20,1008,0,263,protected,1,wc_vn_prism_organ,0,3,1,3,146,29124,876,30000,0,0,0
mana20,1008,0,263,protected,2,wc_vn_bellback,0,1,0,0,-1,0,0,0,0,0,0
mana20,1008,0,263,protected,3,wc_vn_cragstoat,0,1,0,0,-1,0,0,0,0,0,0
mana20,1008,0,263,protected,1048580,wc_vn_bellback,1,1,0,0,-1,0,0,0,0,0,0
mana20,1008,0,263,protected,1048581,wc_vn_grandmother_root,1,3,0,4,32,0,0,0,0,0,0
mana20,1008,0,263,protected,1048582,wc_vn_cragstoat,1,1,0,0,-1,0,0,0,0,0,0
mana20,1009,0,264,protected,1,wc_vn_prism_organ,0,3,1,3,146,28248,1752,30000,0,0,0
mana20,1009,0,264,protected,2,wc_vn_bellback,0,1,0,0,-1,0,0,0,0,0,0
mana20,1009,0,264,protected,3,wc_vn_cragstoat,0,1,0,0,-1,0,0,0,0,0,0
mana20,1009,0,264,protected,1048580,wc_vn_bellback,1,1,0,0,-1,0,0,0,0,0,0
mana20,1009,0,264,protected,1048581,wc_vn_grandmother_root,1,3,0,4,32,0,0,0,0,0,0
mana20,1009,0,264,protected,1048582,wc_vn_cragstoat,1,1,0,1,117,0,0,0,0,0,0
mana20,1010,0,265,protected,1,wc_vn_prism_organ,0,3,1,3,146,29124,876,30000,0,0,0
mana20,1010,0,265,protected,2,wc_vn_bellback,0,1,0,0,-1,0,0,0,0,0,0
mana20,1010,0,265,protected,3,wc_vn_cragstoat,0,1,0,0,-1,0,0,0,0,0,0
mana20,1010,0,265,protected,1048580,wc_vn_bellback,1,1,0,0,-1,0,0,0,0,0,0
mana20,1010,0,265,protected,1048581,wc_vn_grandmother_root,1,3,0,4,32,0,0,0,0,0,0
mana20,1010,0,265,protected,1048582,wc_vn_cragstoat,1,1,0,0,-1,0,0,0,0,0,0
mana20,1011,0,266,protected,1,wc_vn_prism_organ,0,3,1,3,146,28248,1752,30000,0,0,0
mana20,1011,0,266,protected,2,wc_vn_bellback,0,1,0,0,-1,0,0,0,0,0,0
mana20,1011,0,266,protected,3,wc_vn_cragstoat,0,1,0,0,-1,0,0,0,0,0,0
mana20,1011,0,266,protected,1048580,wc_vn_bellback,1,1,0,0,-1,0,0,0,0,0,0
mana20,1011,0,266,protected,1048581,wc_vn_grandmother_root,1,3,0,4,32,0,0,0,0,0,0
mana20,1011,0,266,protected,1048582,wc_vn_cragstoat,1,1,0,1,117,0,0,0,0,0,0
mana20,1012,0,267,protected,1,wc_vn_prism_organ,0,3,1,3,146,28686,1314,30000,0,0,0
mana20,1012,0,267,protected,2,wc_vn_bellback,0,1,0,0,-1,0,0,0,0,0,0
mana20,1012,0,267,protected,3,wc_vn_cragstoat,0,1,0,0,-1,0,0,0,0,0,0
mana20,1012,0,267,protected,1048580,wc_vn_bellback,1,1,0,0,-1,0,0,0,0,0,0
mana20,1012,0,267,protected,1048581,wc_vn_grandmother_root,1,3,0,4,32,0,0,0,0,0,0
mana20,1012,0,267,protected,1048582,wc_vn_cragstoat,1,1,0,0,-1,0,0,0,0,0,0
mana20,1013,0,268,protected,1,wc_vn_prism_organ,0,3,1,3,146,29124,876,30000,0,0,0
mana20,1013,0,268,protected,2,wc_vn_bellback,0,1,0,0,-1,0,0,0,0,0,0
mana20,1013,0,268,protected,3,wc_vn_cragstoat,0,1,0,0,-1,0,0,0,0,0,0
mana20,1013,0,268,protected,1048580,wc_vn_bellback,1,1,0,0,-1,0,0,0,0,0,0
mana20,1013,0,268,protected,1048581,wc_vn_grandmother_root,1,3,0,4,32,0,0,0,0,0,0
mana20,1013,0,268,protected,1048582,wc_vn_cragstoat,1,1,0,0,-1,0,0,0,0,0,0
mana20,1014,0,269,protected,1,wc_vn_prism_organ,0,3,1,3,146,27918,2082,30000,0,0,0
mana20,1014,0,269,protected,2,wc_vn_bellback,0,1,0,0,-1,0,0,0,0,0,0
mana20,1014,0,269,protected,3,wc_vn_cragstoat,0,1,0,0,-1,0,0,0,0,0,0
mana20,1014,0,269,protected,1048580,wc_vn_bellback,1,1,0,0,-1,0,0,0,0,0,0
mana20,1014,0,269,protected,1048581,wc_vn_grandmother_root,1,3,0,4,32,0,0,0,0,0,0
mana20,1014,0,269,protected,1048582,wc_vn_cragstoat,1,1,0,1,101,0,0,0,0,0,0
mana20,1015,0,270,protected,1,wc_vn_prism_organ,0,3,1,3,146,28686,1314,30000,0,0,0
mana20,1015,0,270,protected,2,wc_vn_bellback,0,1,0,0,-1,0,0,0,0,0,0
mana20,1015,0,270,protected,3,wc_vn_cragstoat,0,1,0,0,-1,0,0,0,0,0,0
mana20,1015,0,270,protected,1048580,wc_vn_bellback,1,1,0,0,-1,0,0,0,0,0,0
mana20,1015,0,270,protected,1048581,wc_vn_grandmother_root,1,3,0,4,32,0,0,0,0,0,0
mana20,1015,0,270,protected,1048582,wc_vn_cragstoat,1,1,0,0,-1,0,0,0,0,0,0
mana20,1016,0,271,protected,1,wc_vn_prism_organ,0,3,1,3,146,29124,876,30000,0,0,0
mana20,1016,0,271,protected,2,wc_vn_bellback,0,1,0,0,-1,0,0,0,0,0,0
mana20,1016,0,271,protected,3,wc_vn_cragstoat,0,1,0,0,-1,0,0,0,0,0,0
mana20,1016,0,271,protected,1048580,wc_vn_bellback,1,1,0,0,-1,0,0,0,0,0,0
mana20,1016,0,271,protected,1048581,wc_vn_grandmother_root,1,3,0,4,32,0,0,0,0,0,0
mana20,1016,0,271,protected,1048582,wc_vn_cragstoat,1,1,0,0,-1,0,0,0,0,0,0
mana20,1001,0,272,protected,4,wc_vn_bellback,0,1,0,0,-1,0,0,0,0,0,0
mana20,1001,0,272,protected,5,wc_vn_grandmother_root,0,3,0,4,32,0,0,0,0,0,0
mana20,1001,0,272,protected,6,wc_vn_cragstoat,0,1,0,0,-1,0,0,0,0,0,0
mana20,1001,0,272,protected,1048577,wc_vn_prism_organ,1,3,1,3,146,31810,2628,30000,4438,0,0
mana20,1001,0,272,protected,1048578,wc_vn_bellback,1,1,0,0,-1,0,0,0,0,0,0
mana20,1001,0,272,protected,1048579,wc_vn_cragstoat,1,1,0,0,-1,0,0,0,0,0,0
mana20,1002,0,273,protected,4,wc_vn_bellback,0,1,0,0,-1,0,0,0,0,0,0
mana20,1002,0,273,protected,5,wc_vn_grandmother_root,0,3,0,4,32,0,0,0,0,0,0
mana20,1002,0,273,protected,6,wc_vn_cragstoat,0,1,0,0,-1,0,0,0,0,0,0
mana20,1002,0,273,protected,1048577,wc_vn_prism_organ,1,3,1,3,146,31810,2628,30000,4438,0,0
mana20,1002,0,273,protected,1048578,wc_vn_bellback,1,1,0,0,-1,0,0,0,0,0,0
mana20,1002,0,273,protected,1048579,wc_vn_cragstoat,1,1,0,0,-1,0,0,0,0,0,0
mana20,1003,0,274,protected,4,wc_vn_bellback,0,1,0,0,-1,0,0,0,0,0,0
mana20,1003,0,274,protected,5,wc_vn_grandmother_root,0,3,0,4,32,0,0,0,0,0,0
mana20,1003,0,274,protected,6,wc_vn_cragstoat,0,1,0,0,-1,0,0,0,0,0,0
mana20,1003,0,274,protected,1048577,wc_vn_prism_organ,1,3,1,3,146,31810,2628,30000,4438,0,0
mana20,1003,0,274,protected,1048578,wc_vn_bellback,1,1,0,0,-1,0,0,0,0,0,0
mana20,1003,0,274,protected,1048579,wc_vn_cragstoat,1,1,0,0,-1,0,0,0,0,0,0
mana20,1004,0,275,protected,4,wc_vn_bellback,0,1,0,0,-1,0,0,0,0,0,0
mana20,1004,0,275,protected,5,wc_vn_grandmother_root,0,3,0,4,32,0,0,0,0,0,0
mana20,1004,0,275,protected,6,wc_vn_cragstoat,0,1,0,0,-1,0,0,0,0,0,0
mana20,1004,0,275,protected,1048577,wc_vn_prism_organ,1,3,1,3,146,31810,2628,30000,4438,0,0
mana20,1004,0,275,protected,1048578,wc_vn_bellback,1,1,0,0,-1,0,0,0,0,0,0
mana20,1004,0,275,protected,1048579,wc_vn_cragstoat,1,1,0,0,-1,0,0,0,0,0,0
mana20,1005,0,276,protected,4,wc_vn_bellback,0,1,0,0,-1,0,0,0,0,0,0
mana20,1005,0,276,protected,5,wc_vn_grandmother_root,0,3,0,4,32,0,0,0,0,0,0
mana20,1005,0,276,protected,6,wc_vn_cragstoat,0,1,0,0,-1,0,0,0,0,0,0
mana20,1005,0,276,protected,1048577,wc_vn_prism_organ,1,3,1,3,146,29124,876,30000,0,0,0
mana20,1005,0,276,protected,1048578,wc_vn_bellback,1,1,0,0,-1,0,0,0,0,0,0
mana20,1005,0,276,protected,1048579,wc_vn_cragstoat,1,1,0,0,-1,0,0,0,0,0,0
mana20,1006,0,277,protected,4,wc_vn_bellback,0,1,0,0,-1,0,0,0,0,0,0
mana20,1006,0,277,protected,5,wc_vn_grandmother_root,0,3,0,4,32,0,0,0,0,0,0
mana20,1006,0,277,protected,6,wc_vn_cragstoat,0,1,0,0,-1,0,0,0,0,0,0
mana20,1006,0,277,protected,1048577,wc_vn_prism_organ,1,3,1,3,146,29124,876,30000,0,0,0
mana20,1006,0,277,protected,1048578,wc_vn_bellback,1,1,0,0,-1,0,0,0,0,0,0
mana20,1006,0,277,protected,1048579,wc_vn_cragstoat,1,1,0,0,-1,0,0,0,0,0,0
mana20,1007,0,278,protected,4,wc_vn_bellback,0,1,0,0,-1,0,0,0,0,0,0
mana20,1007,0,278,protected,5,wc_vn_grandmother_root,0,3,0,4,32,0,0,0,0,0,0
mana20,1007,0,278,protected,6,wc_vn_cragstoat,0,1,0,0,-1,0,0,0,0,0,0
mana20,1007,0,278,protected,1048577,wc_vn_prism_organ,1,3,1,3,146,29124,876,30000,0,0,0
mana20,1007,0,278,protected,1048578,wc_vn_bellback,1,1,0,0,-1,0,0,0,0,0,0
mana20,1007,0,278,protected,1048579,wc_vn_cragstoat,1,1,0,0,-1,0,0,0,0,0,0
mana20,1008,0,279,protected,4,wc_vn_bellback,0,1,0,0,-1,0,0,0,0,0,0
mana20,1008,0,279,protected,5,wc_vn_grandmother_root,0,3,0,4,32,0,0,0,0,0,0
mana20,1008,0,279,protected,6,wc_vn_cragstoat,0,1,0,0,-1,0,0,0,0,0,0
mana20,1008,0,279,protected,1048577,wc_vn_prism_organ,1,3,1,3,146,28686,1314,30000,0,0,0
mana20,1008,0,279,protected,1048578,wc_vn_bellback,1,1,0,0,-1,0,0,0,0,0,0
mana20,1008,0,279,protected,1048579,wc_vn_cragstoat,1,1,0,0,-1,0,0,0,0,0,0
mana20,1009,0,280,protected,4,wc_vn_bellback,0,1,0,0,-1,0,0,0,0,0,0
mana20,1009,0,280,protected,5,wc_vn_grandmother_root,0,3,0,4,32,0,0,0,0,0,0
mana20,1009,0,280,protected,6,wc_vn_cragstoat,0,1,0,0,-1,0,0,0,0,0,0
mana20,1009,0,280,protected,1048577,wc_vn_prism_organ,1,3,1,3,146,29124,876,30000,0,0,0
mana20,1009,0,280,protected,1048578,wc_vn_bellback,1,1,0,0,-1,0,0,0,0,0,0
mana20,1009,0,280,protected,1048579,wc_vn_cragstoat,1,1,0,0,-1,0,0,0,0,0,0
mana20,1010,0,281,protected,4,wc_vn_bellback,0,1,0,0,-1,0,0,0,0,0,0
mana20,1010,0,281,protected,5,wc_vn_grandmother_root,0,3,0,4,32,0,0,0,0,0,0
mana20,1010,0,281,protected,6,wc_vn_cragstoat,0,1,0,0,-1,0,0,0,0,0,0
mana20,1010,0,281,protected,1048577,wc_vn_prism_organ,1,3,1,3,146,29124,876,30000,0,0,0
mana20,1010,0,281,protected,1048578,wc_vn_bellback,1,1,0,0,-1,0,0,0,0,0,0
mana20,1010,0,281,protected,1048579,wc_vn_cragstoat,1,1,0,0,-1,0,0,0,0,0,0
mana20,1011,0,282,protected,4,wc_vn_bellback,0,1,0,0,-1,0,0,0,0,0,0
mana20,1011,0,282,protected,5,wc_vn_grandmother_root,0,3,0,4,32,0,0,0,0,0,0
mana20,1011,0,282,protected,6,wc_vn_cragstoat,0,1,0,0,-1,0,0,0,0,0,0
mana20,1011,0,282,protected,1048577,wc_vn_prism_organ,1,3,1,3,146,31810,2628,30000,4438,0,0
mana20,1011,0,282,protected,1048578,wc_vn_bellback,1,1,0,0,-1,0,0,0,0,0,0
mana20,1011,0,282,protected,1048579,wc_vn_cragstoat,1,1,0,0,-1,0,0,0,0,0,0
mana20,1012,0,283,protected,4,wc_vn_bellback,0,1,0,0,-1,0,0,0,0,0,0
mana20,1012,0,283,protected,5,wc_vn_grandmother_root,0,3,0,4,32,0,0,0,0,0,0
mana20,1012,0,283,protected,6,wc_vn_cragstoat,0,1,0,0,-1,0,0,0,0,0,0
mana20,1012,0,283,protected,1048577,wc_vn_prism_organ,1,3,1,3,146,28686,1314,30000,0,0,0
mana20,1012,0,283,protected,1048578,wc_vn_bellback,1,1,0,0,-1,0,0,0,0,0,0
mana20,1012,0,283,protected,1048579,wc_vn_cragstoat,1,1,0,0,-1,0,0,0,0,0,0
mana20,1013,0,284,protected,4,wc_vn_bellback,0,1,0,0,-1,0,0,0,0,0,0
mana20,1013,0,284,protected,5,wc_vn_grandmother_root,0,3,0,4,32,0,0,0,0,0,0
mana20,1013,0,284,protected,6,wc_vn_cragstoat,0,1,0,0,-1,0,0,0,0,0,0
mana20,1013,0,284,protected,1048577,wc_vn_prism_organ,1,3,1,3,146,31810,2628,30000,4438,0,0
mana20,1013,0,284,protected,1048578,wc_vn_bellback,1,1,0,0,-1,0,0,0,0,0,0
mana20,1013,0,284,protected,1048579,wc_vn_cragstoat,1,1,0,0,-1,0,0,0,0,0,0
mana20,1014,0,285,protected,4,wc_vn_bellback,0,1,0,0,-1,0,0,0,0,0,0
mana20,1014,0,285,protected,5,wc_vn_grandmother_root,0,3,0,4,32,0,0,0,0,0,0
mana20,1014,0,285,protected,6,wc_vn_cragstoat,0,1,0,0,-1,0,0,0,0,0,0
mana20,1014,0,285,protected,1048577,wc_vn_prism_organ,1,3,1,3,146,31810,2628,30000,4438,0,0
mana20,1014,0,285,protected,1048578,wc_vn_bellback,1,1,0,0,-1,0,0,0,0,0,0
mana20,1014,0,285,protected,1048579,wc_vn_cragstoat,1,1,0,0,-1,0,0,0,0,0,0
mana20,1015,0,286,protected,4,wc_vn_bellback,0,1,0,0,-1,0,0,0,0,0,0
mana20,1015,0,286,protected,5,wc_vn_grandmother_root,0,3,0,4,32,0,0,0,0,0,0
mana20,1015,0,286,protected,6,wc_vn_cragstoat,0,1,0,0,-1,0,0,0,0,0,0
mana20,1015,0,286,protected,1048577,wc_vn_prism_organ,1,3,1,3,146,29124,876,30000,0,0,0
mana20,1015,0,286,protected,1048578,wc_vn_bellback,1,1,0,0,-1,0,0,0,0,0,0
mana20,1015,0,286,protected,1048579,wc_vn_cragstoat,1,1,0,0,-1,0,0,0,0,0,0
mana20,1016,0,287,protected,4,wc_vn_bellback,0,1,0,0,-1,0,0,0,0,0,0
mana20,1016,0,287,protected,5,wc_vn_grandmother_root,0,3,0,4,32,0,0,0,0,0,0
mana20,1016,0,287,protected,6,wc_vn_cragstoat,0,1,0,0,-1,0,0,0,0,0,0
mana20,1016,0,287,protected,1048577,wc_vn_prism_organ,1,3,1,3,146,31810,2628,30000,4438,0,0
mana20,1016,0,287,protected,1048578,wc_vn_bellback,1,1,0,0,-1,0,0,0,0,0,0
mana20,1016,0,287,protected,1048579,wc_vn_cragstoat,1,1,0,0,-1,0,0,0,0,0,0
mana20,1001,0,288,exposed,1,wc_vn_prism_organ,0,1,0,1,88,6489,7251,10000,0,3740,0
mana20,1001,0,288,exposed,2,wc_vn_bellback,0,1,1,0,-1,0,0,0,0,0,0
mana20,1001,0,288,exposed,3,wc_vn_cragstoat,0,1,0,0,-1,0,0,0,0,0,0
mana20,1001,0,288,exposed,1048580,wc_vn_bellback,1,1,0,0,-1,0,0,0,0,0,0
mana20,1001,0,288,exposed,1048581,wc_vn_grandmother_root,1,1,1,7,32,0,0,0,0,0,0
mana20,1001,0,288,exposed,1048582,wc_vn_cragstoat,1,1,0,0,-1,0,0,0,0,0,0
mana20,1002,0,289,exposed,1,wc_vn_prism_organ,0,1,0,1,88,6489,7251,10000,0,3740,0
mana20,1002,0,289,exposed,2,wc_vn_bellback,0,1,1,0,-1,0,0,0,0,0,0
mana20,1002,0,289,exposed,3,wc_vn_cragstoat,0,1,1,1,421,0,0,0,0,0,0
mana20,1002,0,289,exposed,1048580,wc_vn_bellback,1,1,0,0,-1,0,0,0,0,0,0
mana20,1002,0,289,exposed,1048581,wc_vn_grandmother_root,1,1,0,4,32,0,0,0,0,0,0
mana20,1002,0,289,exposed,1048582,wc_vn_cragstoat,1,1,0,0,-1,0,0,0,0,0,0
mana20,1003,0,290,exposed,1,wc_vn_prism_organ,0,1,0,1,88,6489,7251,10000,0,3740,0
mana20,1003,0,290,exposed,2,wc_vn_bellback,0,1,1,0,-1,0,0,0,0,0,0
mana20,1003,0,290,exposed,3,wc_vn_cragstoat,0,1,1,1,321,0,0,0,0,0,0
mana20,1003,0,290,exposed,1048580,wc_vn_bellback,1,1,0,0,-1,0,0,0,0,0,0
mana20,1003,0,290,exposed,1048581,wc_vn_grandmother_root,1,1,0,4,32,0,0,0,0,0,0
mana20,1003,0,290,exposed,1048582,wc_vn_cragstoat,1,1,0,0,-1,0,0,0,0,0,0
mana20,1004,0,291,exposed,1,wc_vn_prism_organ,0,1,0,1,88,6489,7533,10000,0,4022,0
mana20,1004,0,291,exposed,2,wc_vn_bellback,0,1,1,0,-1,0,0,0,0,0,0
mana20,1004,0,291,exposed,3,wc_vn_cragstoat,0,1,1,1,381,0,0,0,0,0,0
mana20,1004,0,291,exposed,1048580,wc_vn_bellback,1,1,0,0,-1,0,0,0,0,0,0
mana20,1004,0,291,exposed,1048581,wc_vn_grandmother_root,1,1,0,4,32,0,0,0,0,0,0
mana20,1004,0,291,exposed,1048582,wc_vn_cragstoat,1,1,0,0,-1,0,0,0,0,0,0
mana20,1005,0,292,exposed,1,wc_vn_prism_organ,0,1,0,2,146,18260,6751,20000,0,5011,0
mana20,1005,0,292,exposed,2,wc_vn_bellback,0,1,1,0,-1,0,0,0,0,0,0
mana20,1005,0,292,exposed,3,wc_vn_cragstoat,0,1,0,0,-1,0,0,0,0,0,0
mana20,1005,0,292,exposed,1048580,wc_vn_bellback,1,1,0,0,-1,0,0,0,0,0,0
mana20,1005,0,292,exposed,1048581,wc_vn_grandmother_root,1,1,1,6,32,0,0,0,0,0,0
mana20,1005,0,292,exposed,1048582,wc_vn_cragstoat,1,1,0,0,-1,0,0,0,0,0,0
mana20,1006,0,293,exposed,1,wc_vn_prism_organ,0,1,0,2,146,14780,5220,20000,0,0,0
mana20,1006,0,293,exposed,2,wc_vn_bellback,0,1,0,0,-1,0,0,0,0,0,0
mana20,1006,0,293,exposed,3,wc_vn_cragstoat,0,1,0,0,-1,0,0,0,0,0,0
mana20,1006,0,293,exposed,1048580,wc_vn_bellback,1,1,0,0,-1,0,0,0,0,0,0
mana20,1006,0,293,exposed,1048581,wc_vn_grandmother_root,1,1,1,4,32,0,0,0,0,0,0
mana20,1006,0,293,exposed,1048582,wc_vn_cragstoat,1,1,1,1,281,0,0,0,0,0,0
mana20,1007,0,294,exposed,1,wc_vn_prism_organ,0,1,0,1,146,13478,6522,10000,0,10000,0
mana20,1007,0,294,exposed,2,wc_vn_bellback,0,1,0,0,-1,0,0,0,0,0,0
mana20,1007,0,294,exposed,3,wc_vn_cragstoat,0,1,0,0,-1,0,0,0,0,0,0
mana20,1007,0,294,exposed,1048580,wc_vn_bellback,1,1,1,0,-1,0,0,0,0,0,0
mana20,1007,0,294,exposed,1048581,wc_vn_grandmother_root,1,1,1,3,32,0,0,0,0,0,0
mana20,1007,0,294,exposed,1048582,wc_vn_cragstoat,1,1,1,1,277,0,0,0,0,0,0
mana20,1008,0,295,exposed,1,wc_vn_prism_organ,0,1,1,3,146,31271,729,30000,2000,0,0
mana20,1008,0,295,exposed,2,wc_vn_bellback,0,1,1,0,-1,0,0,0,0,0,0
mana20,1008,0,295,exposed,3,wc_vn_cragstoat,0,1,0,0,-1,0,0,0,0,0,0
mana20,1008,0,295,exposed,1048580,wc_vn_bellback,1,1,0,0,-1,0,0,0,0,0,0
mana20,1008,0,295,exposed,1048581,wc_vn_grandmother_root,1,1,0,4,32,0,0,0,0,0,0
mana20,1008,0,295,exposed,1048582,wc_vn_cragstoat,1,1,0,0,-1,0,0,0,0,0,0
mana20,1009,0,296,exposed,1,wc_vn_prism_organ,0,1,1,3,146,31439,6561,30000,8000,0,0
mana20,1009,0,296,exposed,2,wc_vn_bellback,0,1,1,0,-1,0,0,0,0,0,0
mana20,1009,0,296,exposed,3,wc_vn_cragstoat,0,1,0,0,-1,0,0,0,0,0,0
mana20,1009,0,296,exposed,1048580,wc_vn_bellback,1,1,0,0,-1,0,0,0,0,0,0
mana20,1009,0,296,exposed,1048581,wc_vn_grandmother_root,1,1,0,4,32,0,0,0,0,0,0
mana20,1009,0,296,exposed,1048582,wc_vn_cragstoat,1,1,0,0,-1,0,0,0,0,0,0
mana20,1010,0,297,exposed,1,wc_vn_prism_organ,0,1,0,2,146,18260,6751,20000,0,5011,0
mana20,1010,0,297,exposed,2,wc_vn_bellback,0,1,1,0,-1,0,0,0,0,0,0
mana20,1010,0,297,exposed,3,wc_vn_cragstoat,0,1,0,0,-1,0,0,0,0,0,0
mana20,1010,0,297,exposed,1048580,wc_vn_bellback,1,1,0,0,-1,0,0,0,0,0,0
mana20,1010,0,297,exposed,1048581,wc_vn_grandmother_root,1,1,1,6,32,0,0,0,0,0,0
mana20,1010,0,297,exposed,1048582,wc_vn_cragstoat,1,1,0,0,-1,0,0,0,0,0,0
mana20,1011,0,298,exposed,1,wc_vn_prism_organ,0,1,0,1,88,6489,7251,10000,0,3740,0
mana20,1011,0,298,exposed,2,wc_vn_bellback,0,1,1,0,-1,0,0,0,0,0,0
mana20,1011,0,298,exposed,3,wc_vn_cragstoat,0,1,1,1,321,0,0,0,0,0,0
mana20,1011,0,298,exposed,1048580,wc_vn_bellback,1,1,0,0,-1,0,0,0,0,0,0
mana20,1011,0,298,exposed,1048581,wc_vn_grandmother_root,1,1,0,4,32,0,0,0,0,0,0
mana20,1011,0,298,exposed,1048582,wc_vn_cragstoat,1,1,0,0,-1,0,0,0,0,0,0
mana20,1012,0,299,exposed,1,wc_vn_prism_organ,0,1,0,4,146,38177,6261,40000,0,4438,0
mana20,1012,0,299,exposed,2,wc_vn_bellback,0,1,0,0,-1,0,0,0,0,0,0
mana20,1012,0,299,exposed,3,wc_vn_cragstoat,0,1,0,0,-1,0,0,0,0,0,0
mana20,1012,0,299,exposed,1048580,wc_vn_bellback,1,1,0,0,-1,0,0,0,0,0,0
mana20,1012,0,299,exposed,1048581,wc_vn_grandmother_root,1,1,1,5,32,0,0,0,0,0,0
mana20,1012,0,299,exposed,1048582,wc_vn_cragstoat,1,1,0,0,-1,0,0,0,0,0,0
mana20,1013,0,300,exposed,1,wc_vn_prism_organ,0,1,0,1,88,6489,7533,10000,0,4022,0
mana20,1013,0,300,exposed,2,wc_vn_bellback,0,1,1,0,-1,0,0,0,0,0,0
mana20,1013,0,300,exposed,3,wc_vn_cragstoat,0,1,1,1,341,0,0,0,0,0,0
mana20,1013,0,300,exposed,1048580,wc_vn_bellback,1,1,0,0,-1,0,0,0,0,0,0
mana20,1013,0,300,exposed,1048581,wc_vn_grandmother_root,1,1,0,4,32,0,0,0,0,0,0
mana20,1013,0,300,exposed,1048582,wc_vn_cragstoat,1,1,0,0,-1,0,0,0,0,0,0
mana20,1014,0,301,exposed,1,wc_vn_prism_organ,0,1,0,1,88,6489,7251,10000,0,3740,0
mana20,1014,0,301,exposed,2,wc_vn_bellback,0,1,1,0,-1,0,0,0,0,0,0
mana20,1014,0,301,exposed,3,wc_vn_cragstoat,0,1,0,0,-1,0,0,0,0,0,0
mana20,1014,0,301,exposed,1048580,wc_vn_bellback,1,1,0,0,-1,0,0,0,0,0,0
mana20,1014,0,301,exposed,1048581,wc_vn_grandmother_root,1,1,1,7,32,0,0,0,0,0,0
mana20,1014,0,301,exposed,1048582,wc_vn_cragstoat,1,1,0,0,-1,0,0,0,0,0,0
mana20,1015,0,302,exposed,1,wc_vn_prism_organ,0,1,0,1,146,13478,6522,10000,0,10000,0
mana20,1015,0,302,exposed,2,wc_vn_bellback,0,1,0,0,-1,0,0,0,0,0,0
mana20,1015,0,302,exposed,3,wc_vn_cragstoat,0,1,0,0,-1,0,0,0,0,0,0
mana20,1015,0,302,exposed,1048580,wc_vn_bellback,1,1,1,0,-1,0,0,0,0,0,0
mana20,1015,0,302,exposed,1048581,wc_vn_grandmother_root,1,1,1,3,32,0,0,0,0,0,0
mana20,1015,0,302,exposed,1048582,wc_vn_cragstoat,1,1,1,1,277,0,0,0,0,0,0
mana20,1016,0,303,exposed,1,wc_vn_prism_organ,0,1,0,1,88,6489,7533,10000,0,4022,0
mana20,1016,0,303,exposed,2,wc_vn_bellback,0,1,1,0,-1,0,0,0,0,0,0
mana20,1016,0,303,exposed,3,wc_vn_cragstoat,0,1,1,1,341,0,0,0,0,0,0
mana20,1016,0,303,exposed,1048580,wc_vn_bellback,1,1,0,0,-1,0,0,0,0,0,0
mana20,1016,0,303,exposed,1048581,wc_vn_grandmother_root,1,1,0,4,32,0,0,0,0,0,0
mana20,1016,0,303,exposed,1048582,wc_vn_cragstoat,1,1,0,0,-1,0,0,0,0,0,0
mana20,1001,0,304,exposed,4,wc_vn_bellback,0,1,0,0,-1,0,0,0,0,0,0
mana20,1001,0,304,exposed,5,wc_vn_grandmother_root,0,1,1,7,32,0,0,0,0,0,0
mana20,1001,0,304,exposed,6,wc_vn_cragstoat,0,1,0,0,-1,0,0,0,0,0,0
mana20,1001,0,304,exposed,1048577,wc_vn_prism_organ,1,1,0,1,88,6489,7251,10000,0,3740,0
mana20,1001,0,304,exposed,1048578,wc_vn_bellback,1,1,1,0,-1,0,0,0,0,0,0
mana20,1001,0,304,exposed,1048579,wc_vn_cragstoat,1,1,0,0,-1,0,0,0,0,0,0
mana20,1002,0,305,exposed,4,wc_vn_bellback,0,1,0,0,-1,0,0,0,0,0,0
mana20,1002,0,305,exposed,5,wc_vn_grandmother_root,0,1,1,4,32,0,0,0,0,0,0
mana20,1002,0,305,exposed,6,wc_vn_cragstoat,0,1,1,0,-1,0,0,0,0,0,0
mana20,1002,0,305,exposed,1048577,wc_vn_prism_organ,1,1,0,2,146,21626,6561,20000,0,8187,0
mana20,1002,0,305,exposed,1048578,wc_vn_bellback,1,1,0,0,-1,0,0,0,0,0,0
mana20,1002,0,305,exposed,1048579,wc_vn_cragstoat,1,1,0,0,-1,0,0,0,0,0,0
mana20,1003,0,306,exposed,4,wc_vn_bellback,0,1,0,0,-1,0,0,0,0,0,0
mana20,1003,0,306,exposed,5,wc_vn_grandmother_root,0,1,1,4,32,0,0,0,0,0,0
mana20,1003,0,306,exposed,6,wc_vn_cragstoat,0,1,1,0,-1,0,0,0,0,0,0
mana20,1003,0,306,exposed,1048577,wc_vn_prism_organ,1,1,0,1,88,6489,7251,10000,0,3740,0
mana20,1003,0,306,exposed,1048578,wc_vn_bellback,1,1,0,0,-1,0,0,0,0,0,0
mana20,1003,0,306,exposed,1048579,wc_vn_cragstoat,1,1,0,0,-1,0,0,0,0,0,0
mana20,1004,0,307,exposed,4,wc_vn_bellback,0,1,0,0,-1,0,0,0,0,0,0
mana20,1004,0,307,exposed,5,wc_vn_grandmother_root,0,1,1,4,32,0,0,0,0,0,0
mana20,1004,0,307,exposed,6,wc_vn_cragstoat,0,1,1,0,-1,0,0,0,0,0,0
mana20,1004,0,307,exposed,1048577,wc_vn_prism_organ,1,1,0,2,146,22355,5832,20000,0,8187,0
mana20,1004,0,307,exposed,1048578,wc_vn_bellback,1,1,0,0,-1,0,0,0,0,0,0
mana20,1004,0,307,exposed,1048579,wc_vn_cragstoat,1,1,0,0,-1,0,0,0,0,0,0
mana20,1005,0,308,exposed,4,wc_vn_bellback,0,1,0,0,-1,0,0,0,0,0,0
mana20,1005,0,308,exposed,5,wc_vn_grandmother_root,0,1,1,6,32,0,0,0,0,0,0
mana20,1005,0,308,exposed,6,wc_vn_cragstoat,0,1,0,0,-1,0,0,0,0,0,0
mana20,1005,0,308,exposed,1048577,wc_vn_prism_organ,1,1,0,2,146,18260,6751,20000,0,5011,0
mana20,1005,0,308,exposed,1048578,wc_vn_bellback,1,1,1,0,-1,0,0,0,0,0,0
mana20,1005,0,308,exposed,1048579,wc_vn_cragstoat,1,1,0,0,-1,0,0,0,0,0,0
mana20,1006,0,309,exposed,4,wc_vn_bellback,0,1,0,0,-1,0,0,0,0,0,0
mana20,1006,0,309,exposed,5,wc_vn_grandmother_root,0,1,0,4,32,0,0,0,0,0,0
mana20,1006,0,309,exposed,6,wc_vn_cragstoat,0,1,0,0,-1,0,0,0,0,0,0
mana20,1006,0,309,exposed,1048577,wc_vn_prism_organ,1,1,0,1,88,6489,7533,10000,0,4022,0
mana20,1006,0,309,exposed,1048578,wc_vn_bellback,1,1,1,0,-1,0,0,0,0,0,0
mana20,1006,0,309,exposed,1048579,wc_vn_cragstoat,1,1,1,1,389,0,0,0,0,0,0
mana20,1007,0,310,exposed,4,wc_vn_bellback,0,1,0,0,-1,0,0,0,0,0,0
mana20,1007,0,310,exposed,5,wc_vn_grandmother_root,0,1,0,4,32,0,0,0,0,0,0
mana20,1007,0,310,exposed,6,wc_vn_cragstoat,0,1,0,0,-1,0,0,0,0,0,0
mana20,1007,0,310,exposed,1048577,wc_vn_prism_organ,1,1,1,3,146,31271,729,30000,2000,0,0
mana20,1007,0,310,exposed,1048578,wc_vn_bellback,1,1,1,0,-1,0,0,0,0,0,0
mana20,1007,0,310,exposed,1048579,wc_vn_cragstoat,1,1,0,0,-1,0,0,0,0,0,0
mana20,1008,0,311,exposed,4,wc_vn_bellback,0,1,1,0,-1,0,0,0,0,0,0
mana20,1008,0,311,exposed,5,wc_vn_grandmother_root,0,1,1,6,32,0,0,0,0,0,0
mana20,1008,0,311,exposed,6,wc_vn_cragstoat,0,1,0,0,-1,0,0,0,0,0,0
mana20,1008,0,311,exposed,1048577,wc_vn_prism_organ,1,1,0,2,146,18260,6751,20000,0,5011,0
mana20,1008,0,311,exposed,1048578,wc_vn_bellback,1,1,0,0,-1,0,0,0,0,0,0
mana20,1008,0,311,exposed,1048579,wc_vn_cragstoat,1,1,0,0,-1,0,0,0,0,0,0
mana20,1009,0,312,exposed,4,wc_vn_bellback,0,1,0,0,-1,0,0,0,0,0,0
mana20,1009,0,312,exposed,5,wc_vn_grandmother_root,0,1,0,6,32,0,0,0,0,0,0
mana20,1009,0,312,exposed,6,wc_vn_cragstoat,0,1,0,0,-1,0,0,0,0,0,0
mana20,1009,0,312,exposed,1048577,wc_vn_prism_organ,1,1,0,1,88,6489,7533,10000,0,4022,0
mana20,1009,0,312,exposed,1048578,wc_vn_bellback,1,1,1,0,-1,0,0,0,0,0,0
mana20,1009,0,312,exposed,1048579,wc_vn_cragstoat,1,1,0,1,381,0,0,0,0,0,0
mana20,1010,0,313,exposed,4,wc_vn_bellback,0,1,0,0,-1,0,0,0,0,0,0
mana20,1010,0,313,exposed,5,wc_vn_grandmother_root,0,1,1,6,32,0,0,0,0,0,0
mana20,1010,0,313,exposed,6,wc_vn_cragstoat,0,1,0,0,-1,0,0,0,0,0,0
mana20,1010,0,313,exposed,1048577,wc_vn_prism_organ,1,1,0,2,146,18260,6751,20000,0,5011,0
mana20,1010,0,313,exposed,1048578,wc_vn_bellback,1,1,1,0,-1,0,0,0,0,0,0
mana20,1010,0,313,exposed,1048579,wc_vn_cragstoat,1,1,0,0,-1,0,0,0,0,0,0
mana20,1011,0,314,exposed,4,wc_vn_bellback,0,1,0,0,-1,0,0,0,0,0,0
mana20,1011,0,314,exposed,5,wc_vn_grandmother_root,0,1,1,4,32,0,0,0,0,0,0
mana20,1011,0,314,exposed,6,wc_vn_cragstoat,0,1,1,0,-1,0,0,0,0,0,0
mana20,1011,0,314,exposed,1048577,wc_vn_prism_organ,1,1,0,1,88,6489,7251,10000,0,3740,0
mana20,1011,0,314,exposed,1048578,wc_vn_bellback,1,1,0,0,-1,0,0,0,0,0,0
mana20,1011,0,314,exposed,1048579,wc_vn_cragstoat,1,1,0,0,-1,0,0,0,0,0,0
mana20,1012,0,315,exposed,4,wc_vn_bellback,0,1,0,0,-1,0,0,0,0,0,0
mana20,1012,0,315,exposed,5,wc_vn_grandmother_root,0,1,0,6,32,0,0,0,0,0,0
mana20,1012,0,315,exposed,6,wc_vn_cragstoat,0,1,0,0,-1,0,0,0,0,0,0
mana20,1012,0,315,exposed,1048577,wc_vn_prism_organ,1,1,1,4,146,39519,2481,40000,2000,0,0
mana20,1012,0,315,exposed,1048578,wc_vn_bellback,1,1,0,0,-1,0,0,0,0,0,0
mana20,1012,0,315,exposed,1048579,wc_vn_cragstoat,1,1,0,0,-1,0,0,0,0,0,0
mana20,1013,0,316,exposed,4,wc_vn_bellback,0,1,0,0,-1,0,0,0,0,0,0
mana20,1013,0,316,exposed,5,wc_vn_grandmother_root,0,1,1,4,32,0,0,0,0,0,0
mana20,1013,0,316,exposed,6,wc_vn_cragstoat,0,1,1,0,-1,0,0,0,0,0,0
mana20,1013,0,316,exposed,1048577,wc_vn_prism_organ,1,1,0,2,146,14051,5949,20000,0,0,0
mana20,1013,0,316,exposed,1048578,wc_vn_bellback,1,1,0,0,-1,0,0,0,0,0,0
mana20,1013,0,316,exposed,1048579,wc_vn_cragstoat,1,1,0,0,-1,0,0,0,0,0,0
mana20,1014,0,317,exposed,4,wc_vn_bellback,0,1,0,0,-1,0,0,0,0,0,0
mana20,1014,0,317,exposed,5,wc_vn_grandmother_root,0,1,0,4,32,0,0,0,0,0,0
mana20,1014,0,317,exposed,6,wc_vn_cragstoat,0,1,0,0,-1,0,0,0,0,0,0
mana20,1014,0,317,exposed,1048577,wc_vn_prism_organ,1,1,0,1,88,6489,7251,10000,0,3740,0
mana20,1014,0,317,exposed,1048578,wc_vn_bellback,1,1,1,0,-1,0,0,0,0,0,0
mana20,1014,0,317,exposed,1048579,wc_vn_cragstoat,1,1,1,1,369,0,0,0,0,0,0
mana20,1015,0,318,exposed,4,wc_vn_bellback,0,1,0,0,-1,0,0,0,0,0,0
mana20,1015,0,318,exposed,5,wc_vn_grandmother_root,0,1,0,4,32,0,0,0,0,0,0
mana20,1015,0,318,exposed,6,wc_vn_cragstoat,0,1,0,0,-1,0,0,0,0,0,0
mana20,1015,0,318,exposed,1048577,wc_vn_prism_organ,1,1,1,3,146,31271,729,30000,2000,0,0
mana20,1015,0,318,exposed,1048578,wc_vn_bellback,1,1,1,0,-1,0,0,0,0,0,0
mana20,1015,0,318,exposed,1048579,wc_vn_cragstoat,1,1,0,0,-1,0,0,0,0,0,0
mana20,1016,0,319,exposed,4,wc_vn_bellback,0,1,0,0,-1,0,0,0,0,0,0
mana20,1016,0,319,exposed,5,wc_vn_grandmother_root,0,1,1,4,32,0,0,0,0,0,0
mana20,1016,0,319,exposed,6,wc_vn_cragstoat,0,1,1,0,-1,0,0,0,0,0,0
mana20,1016,0,319,exposed,1048577,wc_vn_prism_organ,1,1,0,2,146,14780,5220,20000,0,0,0
mana20,1016,0,319,exposed,1048578,wc_vn_bellback,1,1,0,0,-1,0,0,0,0,0,0
mana20,1016,0,319,exposed,1048579,wc_vn_cragstoat,1,1,0,0,-1,0,0,0,0,0,0
mana20,1001,0,320,exposed,1,wc_vn_prism_organ,0,2,1,2,88,16880,7558,20000,4438,0,0
mana20,1001,0,320,exposed,2,wc_vn_bellback,0,1,1,0,-1,0,0,0,0,0,0
mana20,1001,0,320,exposed,3,wc_vn_cragstoat,0,1,1,1,217,0,0,0,0,0,0
mana20,1001,0,320,exposed,1048580,wc_vn_bellback,1,1,0,0,-1,0,0,0,0,0,0
mana20,1001,0,320,exposed,1048581,wc_vn_grandmother_root,1,2,0,2,32,0,0,0,0,0,0
mana20,1001,0,320,exposed,1048582,wc_vn_cragstoat,1,1,0,0,-1,0,0,0,0,0,0
mana20,1002,0,321,exposed,1,wc_vn_prism_organ,0,2,0,2,88,19414,7462,20000,0,6876,0
mana20,1002,0,321,exposed,2,wc_vn_bellback,0,1,1,0,-1,0,0,0,0,0,0
mana20,1002,0,321,exposed,3,wc_vn_cragstoat,0,1,1,1,261,0,0,0,0,0,0
mana20,1002,0,321,exposed,1048580,wc_vn_bellback,1,1,0,0,-1,0,0,0,0,0,0
mana20,1002,0,321,exposed,1048581,wc_vn_grandmother_root,1,2,0,3,32,0,0,0,0,0,0
mana20,1002,0,321,exposed,1048582,wc_vn_cragstoat,1,1,0,0,-1,0,0,0,0,0,0
mana20,1003,0,322,exposed,1,wc_vn_prism_organ,0,2,1,2,88,16880,7558,20000,4438,0,0
mana20,1003,0,322,exposed,2,wc_vn_bellback,0,1,1,0,-1,0,0,0,0,0,0
mana20,1003,0,322,exposed,3,wc_vn_cragstoat,0,1,1,1,217,0,0,0,0,0,0
mana20,1003,0,322,exposed,1048580,wc_vn_bellback,1,1,0,0,-1,0,0,0,0,0,0
mana20,1003,0,322,exposed,1048581,wc_vn_grandmother_root,1,2,0,2,32,0,0,0,0,0,0
mana20,1003,0,322,exposed,1048582,wc_vn_cragstoat,1,1,0,0,-1,0,0,0,0,0,0
mana20,1004,0,323,exposed,1,wc_vn_prism_organ,0,2,0,2,88,19414,7462,20000,0,6876,0
mana20,1004,0,323,exposed,2,wc_vn_bellback,0,1,1,0,-1,0,0,0,0,0,0
mana20,1004,0,323,exposed,3,wc_vn_cragstoat,0,1,1,1,261,0,0,0,0,0,0
mana20,1004,0,323,exposed,1048580,wc_vn_bellback,1,1,0,0,-1,0,0,0,0,0,0
mana20,1004,0,323,exposed,1048581,wc_vn_grandmother_root,1,2,0,3,32,0,0,0,0,0,0
mana20,1004,0,323,exposed,1048582,wc_vn_cragstoat,1,1,0,0,-1,0,0,0,0,0,0
mana20,1005,0,324,exposed,1,wc_vn_prism_organ,0,2,1,3,146,27848,6590,30000,4438,0,0
mana20,1005,0,324,exposed,2,wc_vn_bellback,0,1,1,0,-1,0,0,0,0,0,0
mana20,1005,0,324,exposed,3,wc_vn_cragstoat,0,1,0,0,-1,0,0,0,0,0,0
mana20,1005,0,324,exposed,1048580,wc_vn_bellback,1,1,0,0,-1,0,0,0,0,0,0
mana20,1005,0,324,exposed,1048581,wc_vn_grandmother_root,1,2,0,4,32,0,0,0,0,0,0
mana20,1005,0,324,exposed,1048582,wc_vn_cragstoat,1,1,0,0,-1,0,0,0,0,0,0
mana20,1006,0,325,exposed,1,wc_vn_prism_organ,0,2,0,2,146,20839,7252,20000,0,8091,0
mana20,1006,0,325,exposed,2,wc_vn_bellback,0,1,0,0,-1,0,0,0,0,0,0
mana20,1006,0,325,exposed,3,wc_vn_cragstoat,0,1,0,0,-1,0,0,0,0,0,0
mana20,1006,0,325,exposed,1048580,wc_vn_bellback,1,1,0,0,-1,0,0,0,0,0,0
mana20,1006,0,325,exposed,1048581,wc_vn_grandmother_root,1,2,1,5,32,0,0,0,0,0,0
mana20,1006,0,325,exposed,1048582,wc_vn_cragstoat,1,1,1,1,401,0,0,0,0,0,0
mana20,1007,0,326,exposed,1,wc_vn_prism_organ,0,2,0,2,146,18434,6640,20000,0,5074,0
mana20,1007,0,326,exposed,2,wc_vn_bellback,0,1,0,0,-1,0,0,0,0,0,0
mana20,1007,0,326,exposed,3,wc_vn_cragstoat,0,1,0,0,-1,0,0,0,0,0,0
mana20,1007,0,326,exposed,1048580,wc_vn_bellback,1,1,1,0,-1,0,0,0,0,0,0
mana20,1007,0,326,exposed,1048581,wc_vn_grandmother_root,1,2,1,5,32,0,0,0,0,0,0
mana20,1007,0,326,exposed,1048582,wc_vn_cragstoat,1,1,0,0,-1,0,0,0,0,0,0
mana20,1008,0,327,exposed,1,wc_vn_prism_organ,0,2,1,3,146,33190,1248,30000,4438,0,0
mana20,1008,0,327,exposed,2,wc_vn_bellback,0,1,0,0,-1,0,0,0,0,0,0
mana20,1008,0,327,exposed,3,wc_vn_cragstoat,0,1,0,0,-1,0,0,0,0,0,0
mana20,1008,0,327,exposed,1048580,wc_vn_bellback,1,1,0,0,-1,0,0,0,0,0,0
mana20,1008,0,327,exposed,1048581,wc_vn_grandmother_root,1,2,0,4,32,0,0,0,0,0,0
mana20,1008,0,327,exposed,1048582,wc_vn_cragstoat,1,1,0,0,-1,0,0,0,0,0,0
mana20,1009,0,328,exposed,1,wc_vn_prism_organ,0,2,1,3,146,32760,3240,30000,6000,0,0
mana20,1009,0,328,exposed,2,wc_vn_bellback,0,1,1,0,-1,0,0,0,0,0,0
mana20,1009,0,328,exposed,3,wc_vn_cragstoat,0,1,0,0,-1,0,0,0,0,0,0
mana20,1009,0,328,exposed,1048580,wc_vn_bellback,1,1,0,0,-1,0,0,0,0,0,0
mana20,1009,0,328,exposed,1048581,wc_vn_grandmother_root,1,2,0,4,32,0,0,0,0,0,0
mana20,1009,0,328,exposed,1048582,wc_vn_cragstoat,1,1,0,0,-1,0,0,0,0,0,0
mana20,1010,0,329,exposed,1,wc_vn_prism_organ,0,2,1,3,146,27848,6590,30000,4438,0,0
mana20,1010,0,329,exposed,2,wc_vn_bellback,0,1,1,0,-1,0,0,0,0,0,0
mana20,1010,0,329,exposed,3,wc_vn_cragstoat,0,1,0,0,-1,0,0,0,0,0,0
mana20,1010,0,329,exposed,1048580,wc_vn_bellback,1,1,0,0,-1,0,0,0,0,0,0
mana20,1010,0,329,exposed,1048581,wc_vn_grandmother_root,1,2,0,4,32,0,0,0,0,0,0
mana20,1010,0,329,exposed,1048582,wc_vn_cragstoat,1,1,0,0,-1,0,0,0,0,0,0
mana20,1011,0,330,exposed,1,wc_vn_prism_organ,0,2,1,2,88,16880,7558,20000,4438,0,0
mana20,1011,0,330,exposed,2,wc_vn_bellback,0,1,1,0,-1,0,0,0,0,0,0
mana20,1011,0,330,exposed,3,wc_vn_cragstoat,0,1,1,1,217,0,0,0,0,0,0
mana20,1011,0,330,exposed,1048580,wc_vn_bellback,1,1,0,0,-1,0,0,0,0,0,0
mana20,1011,0,330,exposed,1048581,wc_vn_grandmother_root,1,2,0,2,32,0,0,0,0,0,0
mana20,1011,0,330,exposed,1048582,wc_vn_cragstoat,1,1,0,0,-1,0,0,0,0,0,0
mana20,1012,0,331,exposed,1,wc_vn_prism_organ,0,2,1,4,146,37413,5025,40000,2438,0,0
mana20,1012,0,331,exposed,2,wc_vn_bellback,0,1,0,0,-1,0,0,0,0,0,0
mana20,1012,0,331,exposed,3,wc_vn_cragstoat,0,1,0,0,-1,0,0,0,0,0,0
mana20,1012,0,331,exposed,1048580,wc_vn_bellback,1,1,0,0,-1,0,0,0,0,0,0
mana20,1012,0,331,exposed,1048581,wc_vn_grandmother_root,1,2,0,5,32,0,0,0,0,0,0
mana20,1012,0,331,exposed,1048582,wc_vn_cragstoat,1,1,0,0,-1,0,0,0,0,0,0
mana20,1013,0,332,exposed,1,wc_vn_prism_organ,0,2,0,2,88,21414,7462,20000,0,8876,0
mana20,1013,0,332,exposed,2,wc_vn_bellback,0,1,1,0,-1,0,0,0,0,0,0
mana20,1013,0,332,exposed,3,wc_vn_cragstoat,0,1,1,1,261,0,0,0,0,0,0
mana20,1013,0,332,exposed,1048580,wc_vn_bellback,1,1,0,0,-1,0,0,0,0,0,0
mana20,1013,0,332,exposed,1048581,wc_vn_grandmother_root,1,2,0,3,32,0,0,0,0,0,0
mana20,1013,0,332,exposed,1048582,wc_vn_cragstoat,1,1,0,0,-1,0,0,0,0,0,0
mana20,1014,0,333,exposed,1,wc_vn_prism_organ,0,2,0,2,88,12343,7657,20000,0,0,0
mana20,1014,0,333,exposed,2,wc_vn_bellback,0,1,1,0,-1,0,0,0,0,0,0
mana20,1014,0,333,exposed,3,wc_vn_cragstoat,0,1,1,1,261,0,0,0,0,0,0
mana20,1014,0,333,exposed,1048580,wc_vn_bellback,1,1,0,0,-1,0,0,0,0,0,0
mana20,1014,0,333,exposed,1048581,wc_vn_grandmother_root,1,2,0,3,32,0,0,0,0,0,0
mana20,1014,0,333,exposed,1048582,wc_vn_cragstoat,1,1,0,0,-1,0,0,0,0,0,0
mana20,1015,0,334,exposed,1,wc_vn_prism_organ,0,2,0,2,146,18434,6640,20000,0,5074,0
mana20,1015,0,334,exposed,2,wc_vn_bellback,0,1,0,0,-1,0,0,0,0,0,0
mana20,1015,0,334,exposed,3,wc_vn_cragstoat,0,1,0,0,-1,0,0,0,0,0,0
mana20,1015,0,334,exposed,1048580,wc_vn_bellback,1,1,1,0,-1,0,0,0,0,0,0
mana20,1015,0,334,exposed,1048581,wc_vn_grandmother_root,1,2,1,5,32,0,0,0,0,0,0
mana20,1015,0,334,exposed,1048582,wc_vn_cragstoat,1,1,0,0,-1,0,0,0,0,0,0
mana20,1016,0,335,exposed,1,wc_vn_prism_organ,0,2,0,2,88,21414,7462,20000,0,8876,0
mana20,1016,0,335,exposed,2,wc_vn_bellback,0,1,1,0,-1,0,0,0,0,0,0
mana20,1016,0,335,exposed,3,wc_vn_cragstoat,0,1,1,1,261,0,0,0,0,0,0
mana20,1016,0,335,exposed,1048580,wc_vn_bellback,1,1,0,0,-1,0,0,0,0,0,0
mana20,1016,0,335,exposed,1048581,wc_vn_grandmother_root,1,2,0,3,32,0,0,0,0,0,0
mana20,1016,0,335,exposed,1048582,wc_vn_cragstoat,1,1,0,0,-1,0,0,0,0,0,0
mana20,1001,0,336,exposed,4,wc_vn_bellback,0,1,0,0,-1,0,0,0,0,0,0
mana20,1001,0,336,exposed,5,wc_vn_grandmother_root,0,2,0,2,32,0,0,0,0,0,0
mana20,1001,0,336,exposed,6,wc_vn_cragstoat,0,1,0,0,-1,0,0,0,0,0,0
mana20,1001,0,336,exposed,1048577,wc_vn_prism_organ,1,2,1,2,88,16748,7690,20000,4438,0,0
mana20,1001,0,336,exposed,1048578,wc_vn_bellback,1,1,1,0,-1,0,0,0,0,0,0
mana20,1001,0,336,exposed,1048579,wc_vn_cragstoat,1,1,1,1,217,0,0,0,0,0,0
mana20,1002,0,337,exposed,4,wc_vn_bellback,0,1,0,0,-1,0,0,0,0,0,0
mana20,1002,0,337,exposed,5,wc_vn_grandmother_root,0,2,0,6,32,0,0,0,0,0,0
mana20,1002,0,337,exposed,6,wc_vn_cragstoat,0,1,0,0,-1,0,0,0,0,0,0
mana20,1002,0,337,exposed,1048577,wc_vn_prism_organ,1,2,1,4,146,42702,6612,40000,9314,0,0
mana20,1002,0,337,exposed,1048578,wc_vn_bellback,1,1,0,0,-1,0,0,0,0,0,0
mana20,1002,0,337,exposed,1048579,wc_vn_cragstoat,1,1,0,0,-1,0,0,0,0,0,0
mana20,1003,0,338,exposed,4,wc_vn_bellback,0,1,0,0,-1,0,0,0,0,0,0
mana20,1003,0,338,exposed,5,wc_vn_grandmother_root,0,2,1,5,32,0,0,0,0,0,0
mana20,1003,0,338,exposed,6,wc_vn_cragstoat,0,1,1,0,-1,0,0,0,0,0,0
mana20,1003,0,338,exposed,1048577,wc_vn_prism_organ,1,2,0,2,88,12157,7843,20000,0,0,0
mana20,1003,0,338,exposed,1048578,wc_vn_bellback,1,1,0,0,-1,0,0,0,0,0,0
mana20,1003,0,338,exposed,1048579,wc_vn_cragstoat,1,1,0,0,-1,0,0,0,0,0,0
mana20,1004,0,339,exposed,4,wc_vn_bellback,0,1,0,0,-1,0,0,0,0,0,0
mana20,1004,0,339,exposed,5,wc_vn_grandmother_root,0,2,0,4,32,0,0,0,0,0,0
mana20,1004,0,339,exposed,6,wc_vn_cragstoat,0,1,0,0,-1,0,0,0,0,0,0
mana20,1004,0,339,exposed,1048577,wc_vn_prism_organ,1,2,1,3,146,31140,4860,30000,6000,0,0
mana20,1004,0,339,exposed,1048578,wc_vn_bellback,1,1,1,0,-1,0,0,0,0,0,0
mana20,1004,0,339,exposed,1048579,wc_vn_cragstoat,1,1,0,0,-1,0,0,0,0,0,0
mana20,1005,0,340,exposed,4,wc_vn_bellback,0,1,0,0,-1,0,0,0,0,0,0
mana20,1005,0,340,exposed,5,wc_vn_grandmother_root,0,2,0,4,32,0,0,0,0,0,0
mana20,1005,0,340,exposed,6,wc_vn_cragstoat,0,1,0,0,-1,0,0,0,0,0,0
mana20,1005,0,340,exposed,1048577,wc_vn_prism_organ,1,2,1,3,146,27848,6590,30000,4438,0,0
mana20,1005,0,340,exposed,1048578,wc_vn_bellback,1,1,1,0,-1,0,0,0,0,0,0
mana20,1005,0,340,exposed,1048579,wc_vn_cragstoat,1,1,0,0,-1,0,0,0,0,0,0
mana20,1006,0,341,exposed,4,wc_vn_bellback,0,1,0,0,-1,0,0,0,0,0,0
mana20,1006,0,341,exposed,5,wc_vn_grandmother_root,0,2,0,3,32,0,0,0,0,0,0
mana20,1006,0,341,exposed,6,wc_vn_cragstoat,0,1,0,0,-1,0,0,0,0,0,0
mana20,1006,0,341,exposed,1048577,wc_vn_prism_organ,1,2,0,2,88,21414,7462,20000,0,8876,0
mana20,1006,0,341,exposed,1048578,wc_vn_bellback,1,1,1,0,-1,0,0,0,0,0,0
mana20,1006,0,341,exposed,1048579,wc_vn_cragstoat,1,1,1,1,261,0,0,0,0,0,0
mana20,1007,0,342,exposed,4,wc_vn_bellback,0,1,0,0,-1,0,0,0,0,0,0
mana20,1007,0,342,exposed,5,wc_vn_grandmother_root,0,2,0,4,32,0,0,0,0,0,0
mana20,1007,0,342,exposed,6,wc_vn_cragstoat,0,1,0,0,-1,0,0,0,0,0,0
mana20,1007,0,342,exposed,1048577,wc_vn_prism_organ,1,2,1,3,146,33190,1248,30000,4438,0,0
mana20,1007,0,342,exposed,1048578,wc_vn_bellback,1,1,0,0,-1,0,0,0,0,0,0
mana20,1007,0,342,exposed,1048579,wc_vn_cragstoat,1,1,0,0,-1,0,0,0,0,0,0
mana20,1008,0,343,exposed,4,wc_vn_bellback,0,1,0,0,-1,0,0,0,0,0,0
mana20,1008,0,343,exposed,5,wc_vn_grandmother_root,0,2,1,7,32,0,0,0,0,0,0
mana20,1008,0,343,exposed,6,wc_vn_cragstoat,0,1,0,0,-1,0,0,0,0,0,0
mana20,1008,0,343,exposed,1048577,wc_vn_prism_organ,1,2,0,3,146,27580,6858,30000,0,4438,0
mana20,1008,0,343,exposed,1048578,wc_vn_bellback,1,1,1,0,-1,0,0,0,0,0,0
mana20,1008,0,343,exposed,1048579,wc_vn_cragstoat,1,1,0,0,-1,0,0,0,0,0,0
mana20,1009,0,344,exposed,4,wc_vn_bellback,0,1,0,0,-1,0,0,0,0,0,0
mana20,1009,0,344,exposed,5,wc_vn_grandmother_root,0,2,0,3,32,0,0,0,0,0,0
mana20,1009,0,344,exposed,6,wc_vn_cragstoat,0,1,0,0,-1,0,0,0,0,0,0
mana20,1009,0,344,exposed,1048577,wc_vn_prism_organ,1,2,0,2,88,19414,7462,20000,0,6876,0
mana20,1009,0,344,exposed,1048578,wc_vn_bellback,1,1,1,0,-1,0,0,0,0,0,0
mana20,1009,0,344,exposed,1048579,wc_vn_cragstoat,1,1,1,1,261,0,0,0,0,0,0
mana20,1010,0,345,exposed,4,wc_vn_bellback,0,1,0,0,-1,0,0,0,0,0,0
mana20,1010,0,345,exposed,5,wc_vn_grandmother_root,0,2,0,4,32,0,0,0,0,0,0
mana20,1010,0,345,exposed,6,wc_vn_cragstoat,0,1,0,0,-1,0,0,0,0,0,0
mana20,1010,0,345,exposed,1048577,wc_vn_prism_organ,1,2,1,3,146,27848,6590,30000,4438,0,0
mana20,1010,0,345,exposed,1048578,wc_vn_bellback,1,1,1,0,-1,0,0,0,0,0,0
mana20,1010,0,345,exposed,1048579,wc_vn_cragstoat,1,1,0,0,-1,0,0,0,0,0,0
mana20,1011,0,346,exposed,4,wc_vn_bellback,0,1,0,0,-1,0,0,0,0,0,0
mana20,1011,0,346,exposed,5,wc_vn_grandmother_root,0,2,1,5,32,0,0,0,0,0,0
mana20,1011,0,346,exposed,6,wc_vn_cragstoat,0,1,1,0,-1,0,0,0,0,0,0
mana20,1011,0,346,exposed,1048577,wc_vn_prism_organ,1,2,0,2,88,12157,7843,20000,0,0,0
mana20,1011,0,346,exposed,1048578,wc_vn_bellback,1,1,0,0,-1,0,0,0,0,0,0
mana20,1011,0,346,exposed,1048579,wc_vn_cragstoat,1,1,0,0,-1,0,0,0,0,0,0
mana20,1012,0,347,exposed,4,wc_vn_bellback,0,1,0,0,-1,0,0,0,0,0,0
mana20,1012,0,347,exposed,5,wc_vn_grandmother_root,0,2,0,5,32,0,0,0,0,0,0
mana20,1012,0,347,exposed,6,wc_vn_cragstoat,0,1,0,0,-1,0,0,0,0,0,0
mana20,1012,0,347,exposed,1048577,wc_vn_prism_organ,1,2,1,4,146,37000,3000,40000,0,0,0
mana20,1012,0,347,exposed,1048578,wc_vn_bellback,1,1,0,0,-1,0,0,0,0,0,0
mana20,1012,0,347,exposed,1048579,wc_vn_cragstoat,1,1,0,0,-1,0,0,0,0,0,0
mana20,1013,0,348,exposed,4,wc_vn_bellback,0,1,0,0,-1,0,0,0,0,0,0
mana20,1013,0,348,exposed,5,wc_vn_grandmother_root,0,2,1,7,32,0,0,0,0,0,0
mana20,1013,0,348,exposed,6,wc_vn_cragstoat,0,1,0,0,-1,0,0,0,0,0,0
mana20,1013,0,348,exposed,1048577,wc_vn_prism_organ,1,2,0,3,146,24682,7318,30000,0,2000,0
mana20,1013,0,348,exposed,1048578,wc_vn_bellback,1,1,1,0,-1,0,0,0,0,0,0
mana20,1013,0,348,exposed,1048579,wc_vn_cragstoat,1,1,0,0,-1,0,0,0,0,0,0
mana20,1014,0,349,exposed,4,wc_vn_bellback,0,1,0,0,-1,0,0,0,0,0,0
mana20,1014,0,349,exposed,5,wc_vn_grandmother_root,0,2,0,2,32,0,0,0,0,0,0
mana20,1014,0,349,exposed,6,wc_vn_cragstoat,0,1,0,0,-1,0,0,0,0,0,0
mana20,1014,0,349,exposed,1048577,wc_vn_prism_organ,1,2,1,2,88,16748,7690,20000,4438,0,0
mana20,1014,0,349,exposed,1048578,wc_vn_bellback,1,1,1,0,-1,0,0,0,0,0,0
mana20,1014,0,349,exposed,1048579,wc_vn_cragstoat,1,1,1,1,217,0,0,0,0,0,0
mana20,1015,0,350,exposed,4,wc_vn_bellback,0,1,0,0,-1,0,0,0,0,0,0
mana20,1015,0,350,exposed,5,wc_vn_grandmother_root,0,2,0,4,32,0,0,0,0,0,0
mana20,1015,0,350,exposed,6,wc_vn_cragstoat,0,1,0,0,-1,0,0,0,0,0,0
mana20,1015,0,350,exposed,1048577,wc_vn_prism_organ,1,2,1,3,146,33190,1248,30000,4438,0,0
mana20,1015,0,350,exposed,1048578,wc_vn_bellback,1,1,0,0,-1,0,0,0,0,0,0
mana20,1015,0,350,exposed,1048579,wc_vn_cragstoat,1,1,0,0,-1,0,0,0,0,0,0
mana20,1016,0,351,exposed,4,wc_vn_bellback,0,1,0,0,-1,0,0,0,0,0,0
mana20,1016,0,351,exposed,5,wc_vn_grandmother_root,0,2,1,5,32,0,0,0,0,0,0
mana20,1016,0,351,exposed,6,wc_vn_cragstoat,0,1,1,0,-1,0,0,0,0,0,0
mana20,1016,0,351,exposed,1048577,wc_vn_prism_organ,1,2,0,2,146,20839,7252,20000,0,8091,0
mana20,1016,0,351,exposed,1048578,wc_vn_bellback,1,1,0,0,-1,0,0,0,0,0,0
mana20,1016,0,351,exposed,1048579,wc_vn_cragstoat,1,1,0,0,-1,0,0,0,0,0,0
mana20,1001,0,352,exposed,1,wc_vn_prism_organ,0,3,1,2,117,18853,5147,20000,4000,0,0
mana20,1001,0,352,exposed,2,wc_vn_bellback,0,1,1,0,-1,0,0,0,0,0,0
mana20,1001,0,352,exposed,3,wc_vn_cragstoat,0,1,1,1,181,0,0,0,0,0,0
mana20,1001,0,352,exposed,1048580,wc_vn_bellback,1,1,0,0,-1,0,0,0,0,0,0
mana20,1001,0,352,exposed,1048581,wc_vn_grandmother_root,1,3,0,3,32,0,0,0,0,0,0
mana20,1001,0,352,exposed,1048582,wc_vn_cragstoat,1,1,0,0,-1,0,0,0,0,0,0
mana20,1002,0,353,exposed,1,wc_vn_prism_organ,0,3,1,2,117,22239,7761,20000,10000,0,0
mana20,1002,0,353,exposed,2,wc_vn_bellback,0,1,1,0,-1,0,0,0,0,0,0
mana20,1002,0,353,exposed,3,wc_vn_cragstoat,0,1,1,1,321,0,0,0,0,0,0
mana20,1002,0,353,exposed,1048580,wc_vn_bellback,1,1,0,0,-1,0,0,0,0,0,0
mana20,1002,0,353,exposed,1048581,wc_vn_grandmother_root,1,3,0,3,32,0,0,0,0,0,0
mana20,1002,0,353,exposed,1048582,wc_vn_cragstoat,1,1,0,0,-1,0,0,0,0,0,0
mana20,1003,0,354,exposed,1,wc_vn_prism_organ,0,3,1,2,117,18853,5147,20000,4000,0,0
mana20,1003,0,354,exposed,2,wc_vn_bellback,0,1,1,0,-1,0,0,0,0,0,0
mana20,1003,0,354,exposed,3,wc_vn_cragstoat,0,1,1,1,181,0,0,0,0,0,0
mana20,1003,0,354,exposed,1048580,wc_vn_bellback,1,1,0,0,-1,0,0,0,0,0,0
mana20,1003,0,354,exposed,1048581,wc_vn_grandmother_root,1,3,0,3,32,0,0,0,0,0,0
mana20,1003,0,354,exposed,1048582,wc_vn_cragstoat,1,1,0,0,-1,0,0,0,0,0,0
mana20,1004,0,355,exposed,1,wc_vn_prism_organ,0,3,1,2,117,16853,5147,20000,2000,0,0
mana20,1004,0,355,exposed,2,wc_vn_bellback,0,1,1,0,-1,0,0,0,0,0,0
mana20,1004,0,355,exposed,3,wc_vn_cragstoat,0,1,1,1,161,0,0,0,0,0,0
mana20,1004,0,355,exposed,1048580,wc_vn_bellback,1,1,0,0,-1,0,0,0,0,0,0
mana20,1004,0,355,exposed,1048581,wc_vn_grandmother_root,1,3,0,3,32,0,0,0,0,0,0
mana20,1004,0,355,exposed,1048582,wc_vn_cragstoat,1,1,0,0,-1,0,0,0,0,0,0
mana20,1005,0,356,exposed,1,wc_vn_prism_organ,0,3,1,3,146,25006,4994,30000,0,0,0
mana20,1005,0,356,exposed,2,wc_vn_bellback,0,1,1,0,-1,0,0,0,0,0,0
mana20,1005,0,356,exposed,3,wc_vn_cragstoat,0,1,0,0,-1,0,0,0,0,0,0
mana20,1005,0,356,exposed,1048580,wc_vn_bellback,1,1,0,0,-1,0,0,0,0,0,0
mana20,1005,0,356,exposed,1048581,wc_vn_grandmother_root,1,3,0,4,32,0,0,0,0,0,0
mana20,1005,0,356,exposed,1048582,wc_vn_cragstoat,1,1,0,0,-1,0,0,0,0,0,0
mana20,1006,0,357,exposed,1,wc_vn_prism_organ,0,3,1,3,146,28792,6084,30000,4876,0,0
mana20,1006,0,357,exposed,2,wc_vn_bellback,0,1,1,0,-1,0,0,0,0,0,0
mana20,1006,0,357,exposed,3,wc_vn_cragstoat,0,1,0,0,-1,0,0,0,0,0,0
mana20,1006,0,357,exposed,1048580,wc_vn_bellback,1,1,0,0,-1,0,0,0,0,0,0
mana20,1006,0,357,exposed,1048581,wc_vn_grandmother_root,1,3,0,4,32,0,0,0,0,0,0
mana20,1006,0,357,exposed,1048582,wc_vn_cragstoat,1,1,0,0,-1,0,0,0,0,0,0
mana20,1007,0,358,exposed,1,wc_vn_prism_organ,0,3,1,3,146,26369,6069,30000,2438,0,0
mana20,1007,0,358,exposed,2,wc_vn_bellback,0,1,1,0,-1,0,0,0,0,0,0
mana20,1007,0,358,exposed,3,wc_vn_cragstoat,0,1,0,0,-1,0,0,0,0,0,0
mana20,1007,0,358,exposed,1048580,wc_vn_bellback,1,1,0,0,-1,0,0,0,0,0,0
mana20,1007,0,358,exposed,1048581,wc_vn_grandmother_root,1,3,0,4,32,0,0,0,0,0,0
mana20,1007,0,358,exposed,1048582,wc_vn_cragstoat,1,1,0,0,-1,0,0,0,0,0,0
mana20,1008,0,359,exposed,1,wc_vn_prism_organ,0,3,1,3,146,28236,1764,30000,0,0,0
mana20,1008,0,359,exposed,2,wc_vn_bellback,0,1,0,0,-1,0,0,0,0,0,0
mana20,1008,0,359,exposed,3,wc_vn_cragstoat,0,1,0,0,-1,0,0,0,0,0,0
mana20,1008,0,359,exposed,1048580,wc_vn_bellback,1,1,0,0,-1,0,0,0,0,0,0
mana20,1008,0,359,exposed,1048581,wc_vn_grandmother_root,1,3,0,4,32,0,0,0,0,0,0
mana20,1008,0,359,exposed,1048582,wc_vn_cragstoat,1,1,0,0,-1,0,0,0,0,0,0
mana20,1009,0,360,exposed,1,wc_vn_prism_organ,0,3,1,3,146,31549,2889,30000,4438,0,0
mana20,1009,0,360,exposed,2,wc_vn_bellback,0,1,0,0,-1,0,0,0,0,0,0
mana20,1009,0,360,exposed,3,wc_vn_cragstoat,0,1,0,0,-1,0,0,0,0,0,0
mana20,1009,0,360,exposed,1048580,wc_vn_bellback,1,1,0,0,-1,0,0,0,0,0,0
mana20,1009,0,360,exposed,1048581,wc_vn_grandmother_root,1,3,0,4,32,0,0,0,0,0,0
mana20,1009,0,360,exposed,1048582,wc_vn_cragstoat,1,1,0,0,-1,0,0,0,0,0,0
mana20,1010,0,361,exposed,1,wc_vn_prism_organ,0,3,1,3,146,25006,4994,30000,0,0,0
mana20,1010,0,361,exposed,2,wc_vn_bellback,0,1,1,0,-1,0,0,0,0,0,0
mana20,1010,0,361,exposed,3,wc_vn_cragstoat,0,1,0,0,-1,0,0,0,0,0,0
mana20,1010,0,361,exposed,1048580,wc_vn_bellback,1,1,0,0,-1,0,0,0,0,0,0
mana20,1010,0,361,exposed,1048581,wc_vn_grandmother_root,1,3,0,4,32,0,0,0,0,0,0
mana20,1010,0,361,exposed,1048582,wc_vn_cragstoat,1,1,0,0,-1,0,0,0,0,0,0
mana20,1011,0,362,exposed,1,wc_vn_prism_organ,0,3,1,2,117,18853,5147,20000,4000,0,0
mana20,1011,0,362,exposed,2,wc_vn_bellback,0,1,1,0,-1,0,0,0,0,0,0
mana20,1011,0,362,exposed,3,wc_vn_cragstoat,0,1,1,1,181,0,0,0,0,0,0
mana20,1011,0,362,exposed,1048580,wc_vn_bellback,1,1,0,0,-1,0,0,0,0,0,0
mana20,1011,0,362,exposed,1048581,wc_vn_grandmother_root,1,3,0,3,32,0,0,0,0,0,0
mana20,1011,0,362,exposed,1048582,wc_vn_cragstoat,1,1,0,0,-1,0,0,0,0,0,0
mana20,1012,0,363,exposed,1,wc_vn_prism_organ,0,3,1,3,146,31621,2817,30000,4438,0,0
mana20,1012,0,363,exposed,2,wc_vn_bellback,0,1,0,0,-1,0,0,0,0,0,0
mana20,1012,0,363,exposed,3,wc_vn_cragstoat,0,1,0,0,-1,0,0,0,0,0,0
mana20,1012,0,363,exposed,1048580,wc_vn_bellback,1,1,0,0,-1,0,0,0,0,0,0
mana20,1012,0,363,exposed,1048581,wc_vn_grandmother_root,1,3,0,4,32,0,0,0,0,0,0
mana20,1012,0,363,exposed,1048582,wc_vn_cragstoat,1,1,0,0,-1,0,0,0,0,0,0
mana20,1013,0,364,exposed,1,wc_vn_prism_organ,0,3,1,2,117,16853,5147,20000,2000,0,0
mana20,1013,0,364,exposed,2,wc_vn_bellback,0,1,1,0,-1,0,0,0,0,0,0
mana20,1013,0,364,exposed,3,wc_vn_cragstoat,0,1,1,1,161,0,0,0,0,0,0
mana20,1013,0,364,exposed,1048580,wc_vn_bellback,1,1,0,0,-1,0,0,0,0,0,0
mana20,1013,0,364,exposed,1048581,wc_vn_grandmother_root,1,3,0,3,32,0,0,0,0,0,0
mana20,1013,0,364,exposed,1048582,wc_vn_cragstoat,1,1,0,0,-1,0,0,0,0,0,0
mana20,1014,0,365,exposed,1,wc_vn_prism_organ,0,3,1,3,117,23100,6900,30000,0,0,0
mana20,1014,0,365,exposed,2,wc_vn_bellback,0,1,1,0,-1,0,0,0,0,0,0
mana20,1014,0,365,exposed,3,wc_vn_cragstoat,0,1,1,1,281,0,0,0,0,0,0
mana20,1014,0,365,exposed,1048580,wc_vn_bellback,1,1,0,0,-1,0,0,0,0,0,0
mana20,1014,0,365,exposed,1048581,wc_vn_grandmother_root,1,3,0,3,32,0,0,0,0,0,0
mana20,1014,0,365,exposed,1048582,wc_vn_cragstoat,1,1,0,0,-1,0,0,0,0,0,0
mana20,1015,0,366,exposed,1,wc_vn_prism_organ,0,3,1,3,146,26369,6069,30000,2438,0,0
mana20,1015,0,366,exposed,2,wc_vn_bellback,0,1,1,0,-1,0,0,0,0,0,0
mana20,1015,0,366,exposed,3,wc_vn_cragstoat,0,1,0,0,-1,0,0,0,0,0,0
mana20,1015,0,366,exposed,1048580,wc_vn_bellback,1,1,0,0,-1,0,0,0,0,0,0
mana20,1015,0,366,exposed,1048581,wc_vn_grandmother_root,1,3,0,4,32,0,0,0,0,0,0
mana20,1015,0,366,exposed,1048582,wc_vn_cragstoat,1,1,0,0,-1,0,0,0,0,0,0
mana20,1016,0,367,exposed,1,wc_vn_prism_organ,0,3,1,2,117,16853,5147,20000,2000,0,0
mana20,1016,0,367,exposed,2,wc_vn_bellback,0,1,1,0,-1,0,0,0,0,0,0
mana20,1016,0,367,exposed,3,wc_vn_cragstoat,0,1,1,1,161,0,0,0,0,0,0
mana20,1016,0,367,exposed,1048580,wc_vn_bellback,1,1,0,0,-1,0,0,0,0,0,0
mana20,1016,0,367,exposed,1048581,wc_vn_grandmother_root,1,3,0,3,32,0,0,0,0,0,0
mana20,1016,0,367,exposed,1048582,wc_vn_cragstoat,1,1,0,0,-1,0,0,0,0,0,0
mana20,1001,0,368,exposed,4,wc_vn_bellback,0,1,0,0,-1,0,0,0,0,0,0
mana20,1001,0,368,exposed,5,wc_vn_grandmother_root,0,3,0,3,32,0,0,0,0,0,0
mana20,1001,0,368,exposed,6,wc_vn_cragstoat,0,1,0,0,-1,0,0,0,0,0,0
mana20,1001,0,368,exposed,1048577,wc_vn_prism_organ,1,3,1,2,117,18853,5147,20000,4000,0,0
mana20,1001,0,368,exposed,1048578,wc_vn_bellback,1,1,1,0,-1,0,0,0,0,0,0
mana20,1001,0,368,exposed,1048579,wc_vn_cragstoat,1,1,1,1,197,0,0,0,0,0,0
mana20,1002,0,369,exposed,4,wc_vn_bellback,0,1,0,0,-1,0,0,0,0,0,0
mana20,1002,0,369,exposed,5,wc_vn_grandmother_root,0,3,0,4,32,0,0,0,0,0,0
mana20,1002,0,369,exposed,6,wc_vn_cragstoat,0,1,0,0,-1,0,0,0,0,0,0
mana20,1002,0,369,exposed,1048577,wc_vn_prism_organ,1,3,1,3,146,28223,3777,30000,2000,0,0
mana20,1002,0,369,exposed,1048578,wc_vn_bellback,1,1,0,0,-1,0,0,0,0,0,0
mana20,1002,0,369,exposed,1048579,wc_vn_cragstoat,1,1,0,0,-1,0,0,0,0,0,0
mana20,1003,0,370,exposed,4,wc_vn_bellback,0,1,0,0,-1,0,0,0,0,0,0
mana20,1003,0,370,exposed,5,wc_vn_grandmother_root,0,3,0,3,32,0,0,0,0,0,0
mana20,1003,0,370,exposed,6,wc_vn_cragstoat,0,1,0,0,-1,0,0,0,0,0,0
mana20,1003,0,370,exposed,1048577,wc_vn_prism_organ,1,3,0,2,117,21658,7656,20000,0,9314,0
mana20,1003,0,370,exposed,1048578,wc_vn_bellback,1,1,1,0,-1,0,0,0,0,0,0
mana20,1003,0,370,exposed,1048579,wc_vn_cragstoat,1,1,1,1,337,0,0,0,0,0,0
mana20,1004,0,371,exposed,4,wc_vn_bellback,0,1,0,0,-1,0,0,0,0,0,0
mana20,1004,0,371,exposed,5,wc_vn_grandmother_root,0,3,0,4,32,0,0,0,0,0,0
mana20,1004,0,371,exposed,6,wc_vn_cragstoat,0,1,0,0,-1,0,0,0,0,0,0
mana20,1004,0,371,exposed,1048577,wc_vn_prism_organ,1,3,1,3,146,30886,3552,30000,4438,0,0
mana20,1004,0,371,exposed,1048578,wc_vn_bellback,1,1,0,0,-1,0,0,0,0,0,0
mana20,1004,0,371,exposed,1048579,wc_vn_cragstoat,1,1,0,0,-1,0,0,0,0,0,0
mana20,1005,0,372,exposed,4,wc_vn_bellback,0,1,0,0,-1,0,0,0,0,0,0
mana20,1005,0,372,exposed,5,wc_vn_grandmother_root,0,3,0,4,32,0,0,0,0,0,0
mana20,1005,0,372,exposed,6,wc_vn_cragstoat,0,1,0,0,-1,0,0,0,0,0,0
mana20,1005,0,372,exposed,1048577,wc_vn_prism_organ,1,3,1,3,146,25032,4968,30000,0,0,0
mana20,1005,0,372,exposed,1048578,wc_vn_bellback,1,1,1,0,-1,0,0,0,0,0,0
mana20,1005,0,372,exposed,1048579,wc_vn_cragstoat,1,1,0,0,-1,0,0,0,0,0,0
mana20,1006,0,373,exposed,4,wc_vn_bellback,0,1,0,0,-1,0,0,0,0,0,0
mana20,1006,0,373,exposed,5,wc_vn_grandmother_root,0,3,0,3,32,0,0,0,0,0,0
mana20,1006,0,373,exposed,6,wc_vn_cragstoat,0,1,0,0,-1,0,0,0,0,0,0
mana20,1006,0,373,exposed,1048577,wc_vn_prism_organ,1,3,1,2,117,16853,5147,20000,2000,0,0
mana20,1006,0,373,exposed,1048578,wc_vn_bellback,1,1,1,0,-1,0,0,0,0,0,0
mana20,1006,0,373,exposed,1048579,wc_vn_cragstoat,1,1,1,1,161,0,0,0,0,0,0
mana20,1007,0,374,exposed,4,wc_vn_bellback,0,1,0,0,-1,0,0,0,0,0,0
mana20,1007,0,374,exposed,5,wc_vn_grandmother_root,0,3,0,4,32,0,0,0,0,0,0
mana20,1007,0,374,exposed,6,wc_vn_cragstoat,0,1,0,0,-1,0,0,0,0,0,0
mana20,1007,0,374,exposed,1048577,wc_vn_prism_organ,1,3,1,3,146,28236,1764,30000,0,0,0
mana20,1007,0,374,exposed,1048578,wc_vn_bellback,1,1,0,0,-1,0,0,0,0,0,0
mana20,1007,0,374,exposed,1048579,wc_vn_cragstoat,1,1,0,0,-1,0,0,0,0,0,0
mana20,1008,0,375,exposed,4,wc_vn_bellback,0,1,0,0,-1,0,0,0,0,0,0
mana20,1008,0,375,exposed,5,wc_vn_grandmother_root,0,3,0,4,32,0,0,0,0,0,0
mana20,1008,0,375,exposed,6,wc_vn_cragstoat,0,1,0,0,-1,0,0,0,0,0,0
mana20,1008,0,375,exposed,1048577,wc_vn_prism_organ,1,3,1,3,146,25032,4968,30000,0,0,0
mana20,1008,0,375,exposed,1048578,wc_vn_bellback,1,1,1,0,-1,0,0,0,0,0,0
mana20,1008,0,375,exposed,1048579,wc_vn_cragstoat,1,1,0,0,-1,0,0,0,0,0,0
mana20,1009,0,376,exposed,4,wc_vn_bellback,0,1,0,0,-1,0,0,0,0,0,0
mana20,1009,0,376,exposed,5,wc_vn_grandmother_root,0,3,0,3,32,0,0,0,0,0,0
mana20,1009,0,376,exposed,6,wc_vn_cragstoat,0,1,0,0,-1,0,0,0,0,0,0
mana20,1009,0,376,exposed,1048577,wc_vn_prism_organ,1,3,1,2,117,16853,5147,20000,2000,0,0
mana20,1009,0,376,exposed,1048578,wc_vn_bellback,1,1,1,0,-1,0,0,0,0,0,0
mana20,1009,0,376,exposed,1048579,wc_vn_cragstoat,1,1,1,1,161,0,0,0,0,0,0
mana20,1010,0,377,exposed,4,wc_vn_bellback,0,1,0,0,-1,0,0,0,0,0,0
mana20,1010,0,377,exposed,5,wc_vn_grandmother_root,0,3,0,4,32,0,0,0,0,0,0
mana20,1010,0,377,exposed,6,wc_vn_cragstoat,0,1,0,0,-1,0,0,0,0,0,0
mana20,1010,0,377,exposed,1048577,wc_vn_prism_organ,1,3,1,3,146,25032,4968,30000,0,0,0
mana20,1010,0,377,exposed,1048578,wc_vn_bellback,1,1,1,0,-1,0,0,0,0,0,0
mana20,1010,0,377,exposed,1048579,wc_vn_cragstoat,1,1,0,0,-1,0,0,0,0,0,0
mana20,1011,0,378,exposed,4,wc_vn_bellback,0,1,0,0,-1,0,0,0,0,0,0
mana20,1011,0,378,exposed,5,wc_vn_grandmother_root,0,3,0,3,32,0,0,0,0,0,0
mana20,1011,0,378,exposed,6,wc_vn_cragstoat,0,1,0,0,-1,0,0,0,0,0,0
mana20,1011,0,378,exposed,1048577,wc_vn_prism_organ,1,3,0,2,117,21658,7656,20000,0,9314,0
mana20,1011,0,378,exposed,1048578,wc_vn_bellback,1,1,1,0,-1,0,0,0,0,0,0
mana20,1011,0,378,exposed,1048579,wc_vn_cragstoat,1,1,1,1,337,0,0,0,0,0,0
mana20,1012,0,379,exposed,4,wc_vn_bellback,0,1,0,0,-1,0,0,0,0,0,0
mana20,1012,0,379,exposed,5,wc_vn_grandmother_root,0,3,0,4,32,0,0,0,0,0,0
mana20,1012,0,379,exposed,6,wc_vn_cragstoat,0,1,0,0,-1,0,0,0,0,0,0
mana20,1012,0,379,exposed,1048577,wc_vn_prism_organ,1,3,1,3,146,28236,1764,30000,0,0,0
mana20,1012,0,379,exposed,1048578,wc_vn_bellback,1,1,0,0,-1,0,0,0,0,0,0
mana20,1012,0,379,exposed,1048579,wc_vn_cragstoat,1,1,0,0,-1,0,0,0,0,0,0
mana20,1013,0,380,exposed,4,wc_vn_bellback,0,1,0,0,-1,0,0,0,0,0,0
mana20,1013,0,380,exposed,5,wc_vn_grandmother_root,0,3,0,4,32,0,0,0,0,0,0
mana20,1013,0,380,exposed,6,wc_vn_cragstoat,0,1,0,0,-1,0,0,0,0,0,0
mana20,1013,0,380,exposed,1048577,wc_vn_prism_organ,1,3,1,3,146,26699,5739,30000,2438,0,0
mana20,1013,0,380,exposed,1048578,wc_vn_bellback,1,1,1,0,-1,0,0,0,0,0,0
mana20,1013,0,380,exposed,1048579,wc_vn_cragstoat,1,1,0,0,-1,0,0,0,0,0,0
mana20,1014,0,381,exposed,4,wc_vn_bellback,0,1,0,0,-1,0,0,0,0,0,0
mana20,1014,0,381,exposed,5,wc_vn_grandmother_root,0,3,0,3,32,0,0,0,0,0,0
mana20,1014,0,381,exposed,6,wc_vn_cragstoat,0,1,0,0,-1,0,0,0,0,0,0
mana20,1014,0,381,exposed,1048577,wc_vn_prism_organ,1,3,1,2,117,18853,5147,20000,4000,0,0
mana20,1014,0,381,exposed,1048578,wc_vn_bellback,1,1,1,0,-1,0,0,0,0,0,0
mana20,1014,0,381,exposed,1048579,wc_vn_cragstoat,1,1,1,1,197,0,0,0,0,0,0
mana20,1015,0,382,exposed,4,wc_vn_bellback,0,1,0,0,-1,0,0,0,0,0,0
mana20,1015,0,382,exposed,5,wc_vn_grandmother_root,0,3,0,4,32,0,0,0,0,0,0
mana20,1015,0,382,exposed,6,wc_vn_cragstoat,0,1,0,0,-1,0,0,0,0,0,0
mana20,1015,0,382,exposed,1048577,wc_vn_prism_organ,1,3,1,3,146,28236,1764,30000,0,0,0
mana20,1015,0,382,exposed,1048578,wc_vn_bellback,1,1,0,0,-1,0,0,0,0,0,0
mana20,1015,0,382,exposed,1048579,wc_vn_cragstoat,1,1,0,0,-1,0,0,0,0,0,0
mana20,1016,0,383,exposed,4,wc_vn_bellback,0,1,0,0,-1,0,0,0,0,0,0
mana20,1016,0,383,exposed,5,wc_vn_grandmother_root,0,3,0,4,32,0,0,0,0,0,0
mana20,1016,0,383,exposed,6,wc_vn_cragstoat,0,1,0,0,-1,0,0,0,0,0,0
mana20,1016,0,383,exposed,1048577,wc_vn_prism_organ,1,3,1,3,146,28924,5952,30000,4876,0,0
mana20,1016,0,383,exposed,1048578,wc_vn_bellback,1,1,1,0,-1,0,0,0,0,0,0
mana20,1016,0,383,exposed,1048579,wc_vn_cragstoat,1,1,0,0,-1,0,0,0,0,0,0
mana20,1001,0,384,protected,1,wc_vn_reefglass,0,1,1,3,126,34012,5988,30000,10000,0,1
mana20,1001,0,384,protected,2,wc_vn_bellback,0,1,1,0,-1,0,0,0,0,0,0
mana20,1001,0,384,protected,3,wc_vn_cragstoat,0,1,0,0,-1,0,0,0,0,0,0
mana20,1001,0,384,protected,1048580,wc_vn_bellback,1,1,0,0,-1,0,0,0,0,0,0
mana20,1001,0,384,protected,1048581,wc_vn_grandmother_root,1,1,0,4,32,0,0,0,0,0,0
mana20,1001,0,384,protected,1048582,wc_vn_cragstoat,1,1,0,2,121,0,0,0,0,0,0
mana20,1002,0,385,protected,1,wc_vn_reefglass,0,1,1,1,126,20000,0,10000,10000,0,23
mana20,1002,0,385,protected,2,wc_vn_bellback,0,1,0,0,-1,0,0,0,0,0,0
mana20,1002,0,385,protected,3,wc_vn_cragstoat,0,1,0,0,-1,0,0,0,0,0,0
mana20,1002,0,385,protected,1048580,wc_vn_bellback,1,1,0,0,-1,0,0,0,0,0,0
mana20,1002,0,385,protected,1048581,wc_vn_grandmother_root,1,1,0,6,32,0,0,0,0,0,0
mana20,1002,0,385,protected,1048582,wc_vn_cragstoat,1,1,0,0,-1,0,0,0,0,0,0
mana20,1003,0,386,protected,1,wc_vn_reefglass,0,1,0,2,126,27424,2576,20000,0,10000,19
mana20,1003,0,386,protected,2,wc_vn_bellback,0,1,0,0,-1,0,0,0,0,0,0
mana20,1003,0,386,protected,3,wc_vn_cragstoat,0,1,0,0,-1,0,0,0,0,0,0
mana20,1003,0,386,protected,1048580,wc_vn_bellback,1,1,0,0,-1,0,0,0,0,0,0
mana20,1003,0,386,protected,1048581,wc_vn_grandmother_root,1,1,1,5,32,0,0,0,0,0,0
mana20,1003,0,386,protected,1048582,wc_vn_cragstoat,1,1,0,1,137,0,0,0,0,0,0
mana20,1004,0,387,protected,1,wc_vn_reefglass,0,1,1,1,126,20000,0,10000,10000,0,23
mana20,1004,0,387,protected,2,wc_vn_bellback,0,1,0,0,-1,0,0,0,0,0,0
mana20,1004,0,387,protected,3,wc_vn_cragstoat,0,1,0,0,-1,0,0,0,0,0,0
mana20,1004,0,387,protected,1048580,wc_vn_bellback,1,1,0,0,-1,0,0,0,0,0,0
mana20,1004,0,387,protected,1048581,wc_vn_grandmother_root,1,1,0,6,32,0,0,0,0,0,0
mana20,1004,0,387,protected,1048582,wc_vn_cragstoat,1,1,0,0,-1,0,0,0,0,0,0
mana20,1005,0,388,protected,1,wc_vn_reefglass,0,1,1,1,126,20000,0,10000,10000,0,23
mana20,1005,0,388,protected,2,wc_vn_bellback,0,1,0,0,-1,0,0,0,0,0,0
mana20,1005,0,388,protected,3,wc_vn_cragstoat,0,1,0,0,-1,0,0,0,0,0,0
mana20,1005,0,388,protected,1048580,wc_vn_bellback,1,1,0,0,-1,0,0,0,0,0,0
mana20,1005,0,388,protected,1048581,wc_vn_grandmother_root,1,1,0,6,32,0,0,0,0,0,0
mana20,1005,0,388,protected,1048582,wc_vn_cragstoat,1,1,0,0,-1,0,0,0,0,0,0
mana20,1006,0,389,protected,1,wc_vn_reefglass,0,1,1,3,126,34012,5988,30000,10000,0,1
mana20,1006,0,389,protected,2,wc_vn_bellback,0,1,1,0,-1,0,0,0,0,0,0
mana20,1006,0,389,protected,3,wc_vn_cragstoat,0,1,0,0,-1,0,0,0,0,0,0
mana20,1006,0,389,protected,1048580,wc_vn_bellback,1,1,0,0,-1,0,0,0,0,0,0
mana20,1006,0,389,protected,1048581,wc_vn_grandmother_root,1,1,0,4,32,0,0,0,0,0,0
mana20,1006,0,389,protected,1048582,wc_vn_cragstoat,1,1,0,2,121,0,0,0,0,0,0
mana20,1007,0,390,protected,1,wc_vn_reefglass,0,1,1,1,126,20000,0,10000,10000,0,23
mana20,1007,0,390,protected,2,wc_vn_bellback,0,1,0,0,-1,0,0,0,0,0,0
mana20,1007,0,390,protected,3,wc_vn_cragstoat,0,1,0,0,-1,0,0,0,0,0,0
mana20,1007,0,390,protected,1048580,wc_vn_bellback,1,1,0,0,-1,0,0,0,0,0,0
mana20,1007,0,390,protected,1048581,wc_vn_grandmother_root,1,1,0,6,32,0,0,0,0,0,0
mana20,1007,0,390,protected,1048582,wc_vn_cragstoat,1,1,0,0,-1,0,0,0,0,0,0
mana20,1008,0,391,protected,1,wc_vn_reefglass,0,1,1,1,126,20000,0,10000,10000,0,23
mana20,1008,0,391,protected,2,wc_vn_bellback,0,1,0,0,-1,0,0,0,0,0,0
mana20,1008,0,391,protected,3,wc_vn_cragstoat,0,1,0,0,-1,0,0,0,0,0,0
mana20,1008,0,391,protected,1048580,wc_vn_bellback,1,1,0,0,-1,0,0,0,0,0,0
mana20,1008,0,391,protected,1048581,wc_vn_grandmother_root,1,1,0,6,32,0,0,0,0,0,0
mana20,1008,0,391,protected,1048582,wc_vn_cragstoat,1,1,0,0,-1,0,0,0,0,0,0
mana20,1009,0,392,protected,1,wc_vn_reefglass,0,1,0,2,126,27424,2576,20000,0,10000,19
mana20,1009,0,392,protected,2,wc_vn_bellback,0,1,0,0,-1,0,0,0,0,0,0
mana20,1009,0,392,protected,3,wc_vn_cragstoat,0,1,0,0,-1,0,0,0,0,0,0
mana20,1009,0,392,protected,1048580,wc_vn_bellback,1,1,0,0,-1,0,0,0,0,0,0
mana20,1009,0,392,protected,1048581,wc_vn_grandmother_root,1,1,1,5,32,0,0,0,0,0,0
mana20,1009,0,392,protected,1048582,wc_vn_cragstoat,1,1,0,1,137,0,0,0,0,0,0
mana20,1010,0,393,protected,1,wc_vn_reefglass,0,1,1,1,126,20000,0,10000,10000,0,23
mana20,1010,0,393,protected,2,wc_vn_bellback,0,1,0,0,-1,0,0,0,0,0,0
mana20,1010,0,393,protected,3,wc_vn_cragstoat,0,1,0,0,-1,0,0,0,0,0,0
mana20,1010,0,393,protected,1048580,wc_vn_bellback,1,1,0,0,-1,0,0,0,0,0,0
mana20,1010,0,393,protected,1048581,wc_vn_grandmother_root,1,1,0,6,32,0,0,0,0,0,0
mana20,1010,0,393,protected,1048582,wc_vn_cragstoat,1,1,0,0,-1,0,0,0,0,0,0
mana20,1011,0,394,protected,1,wc_vn_reefglass,0,1,0,2,126,27424,2576,20000,0,10000,19
mana20,1011,0,394,protected,2,wc_vn_bellback,0,1,0,0,-1,0,0,0,0,0,0
mana20,1011,0,394,protected,3,wc_vn_cragstoat,0,1,0,0,-1,0,0,0,0,0,0
mana20,1011,0,394,protected,1048580,wc_vn_bellback,1,1,0,0,-1,0,0,0,0,0,0
mana20,1011,0,394,protected,1048581,wc_vn_grandmother_root,1,1,1,5,32,0,0,0,0,0,0
mana20,1011,0,394,protected,1048582,wc_vn_cragstoat,1,1,0,1,137,0,0,0,0,0,0
mana20,1012,0,395,protected,1,wc_vn_reefglass,0,1,1,1,126,20000,0,10000,10000,0,23
mana20,1012,0,395,protected,2,wc_vn_bellback,0,1,0,0,-1,0,0,0,0,0,0
mana20,1012,0,395,protected,3,wc_vn_cragstoat,0,1,0,0,-1,0,0,0,0,0,0
mana20,1012,0,395,protected,1048580,wc_vn_bellback,1,1,0,0,-1,0,0,0,0,0,0
mana20,1012,0,395,protected,1048581,wc_vn_grandmother_root,1,1,0,6,32,0,0,0,0,0,0
mana20,1012,0,395,protected,1048582,wc_vn_cragstoat,1,1,0,0,-1,0,0,0,0,0,0
mana20,1013,0,396,protected,1,wc_vn_reefglass,0,1,1,1,126,20000,0,10000,10000,0,23
mana20,1013,0,396,protected,2,wc_vn_bellback,0,1,0,0,-1,0,0,0,0,0,0
mana20,1013,0,396,protected,3,wc_vn_cragstoat,0,1,0,0,-1,0,0,0,0,0,0
mana20,1013,0,396,protected,1048580,wc_vn_bellback,1,1,0,0,-1,0,0,0,0,0,0
mana20,1013,0,396,protected,1048581,wc_vn_grandmother_root,1,1,0,6,32,0,0,0,0,0,0
mana20,1013,0,396,protected,1048582,wc_vn_cragstoat,1,1,0,0,-1,0,0,0,0,0,0
mana20,1014,0,397,protected,1,wc_vn_reefglass,0,1,1,3,126,34012,5988,30000,10000,0,1
mana20,1014,0,397,protected,2,wc_vn_bellback,0,1,1,0,-1,0,0,0,0,0,0
mana20,1014,0,397,protected,3,wc_vn_cragstoat,0,1,0,0,-1,0,0,0,0,0,0
mana20,1014,0,397,protected,1048580,wc_vn_bellback,1,1,0,0,-1,0,0,0,0,0,0
mana20,1014,0,397,protected,1048581,wc_vn_grandmother_root,1,1,0,4,32,0,0,0,0,0,0
mana20,1014,0,397,protected,1048582,wc_vn_cragstoat,1,1,0,2,121,0,0,0,0,0,0
mana20,1015,0,398,protected,1,wc_vn_reefglass,0,1,1,1,126,20000,0,10000,10000,0,23
mana20,1015,0,398,protected,2,wc_vn_bellback,0,1,0,0,-1,0,0,0,0,0,0
mana20,1015,0,398,protected,3,wc_vn_cragstoat,0,1,0,0,-1,0,0,0,0,0,0
mana20,1015,0,398,protected,1048580,wc_vn_bellback,1,1,0,0,-1,0,0,0,0,0,0
mana20,1015,0,398,protected,1048581,wc_vn_grandmother_root,1,1,0,6,32,0,0,0,0,0,0
mana20,1015,0,398,protected,1048582,wc_vn_cragstoat,1,1,0,0,-1,0,0,0,0,0,0
mana20,1016,0,399,protected,1,wc_vn_reefglass,0,1,1,1,126,20000,0,10000,10000,0,23
mana20,1016,0,399,protected,2,wc_vn_bellback,0,1,0,0,-1,0,0,0,0,0,0
mana20,1016,0,399,protected,3,wc_vn_cragstoat,0,1,0,0,-1,0,0,0,0,0,0
mana20,1016,0,399,protected,1048580,wc_vn_bellback,1,1,0,0,-1,0,0,0,0,0,0
mana20,1016,0,399,protected,1048581,wc_vn_grandmother_root,1,1,0,6,32,0,0,0,0,0,0
mana20,1016,0,399,protected,1048582,wc_vn_cragstoat,1,1,0,0,-1,0,0,0,0,0,0
mana20,1001,0,400,protected,4,wc_vn_bellback,0,1,0,0,-1,0,0,0,0,0,0
mana20,1001,0,400,protected,5,wc_vn_grandmother_root,0,1,1,7,32,0,0,0,0,0,0
mana20,1001,0,400,protected,6,wc_vn_cragstoat,0,1,0,2,317,0,0,0,0,0,0
mana20,1001,0,400,protected,1048577,wc_vn_reefglass,1,1,1,3,126,36304,3696,30000,10000,0,13
mana20,1001,0,400,protected,1048578,wc_vn_bellback,1,1,0,0,-1,0,0,0,0,0,0
mana20,1001,0,400,protected,1048579,wc_vn_cragstoat,1,1,0,0,-1,0,0,0,0,0,0
mana20,1002,0,401,protected,4,wc_vn_bellback,0,1,0,0,-1,0,0,0,0,0,0
mana20,1002,0,401,protected,5,wc_vn_grandmother_root,0,1,1,7,32,0,0,0,0,0,0
mana20,1002,0,401,protected,6,wc_vn_cragstoat,0,1,0,2,317,0,0,0,0,0,0
mana20,1002,0,401,protected,1048577,wc_vn_reefglass,1,1,1,3,126,36304,3696,30000,10000,0,13
mana20,1002,0,401,protected,1048578,wc_vn_bellback,1,1,0,0,-1,0,0,0,0,0,0
mana20,1002,0,401,protected,1048579,wc_vn_cragstoat,1,1,0,0,-1,0,0,0,0,0,0
mana20,1003,0,402,protected,4,wc_vn_bellback,0,1,0,0,-1,0,0,0,0,0,0
mana20,1003,0,402,protected,5,wc_vn_grandmother_root,0,1,1,7,32,0,0,0,0,0,0
mana20,1003,0,402,protected,6,wc_vn_cragstoat,0,1,0,2,317,0,0,0,0,0,0
mana20,1003,0,402,protected,1048577,wc_vn_reefglass,1,1,1,3,126,36304,3696,30000,10000,0,13
mana20,1003,0,402,protected,1048578,wc_vn_bellback,1,1,0,0,-1,0,0,0,0,0,0
mana20,1003,0,402,protected,1048579,wc_vn_cragstoat,1,1,0,0,-1,0,0,0,0,0,0
mana20,1004,0,403,protected,4,wc_vn_bellback,0,1,0,0,-1,0,0,0,0,0,0
mana20,1004,0,403,protected,5,wc_vn_grandmother_root,0,1,1,7,32,0,0,0,0,0,0
mana20,1004,0,403,protected,6,wc_vn_cragstoat,0,1,0,2,317,0,0,0,0,0,0
mana20,1004,0,403,protected,1048577,wc_vn_reefglass,1,1,1,3,126,36304,3696,30000,10000,0,13
mana20,1004,0,403,protected,1048578,wc_vn_bellback,1,1,0,0,-1,0,0,0,0,0,0
mana20,1004,0,403,protected,1048579,wc_vn_cragstoat,1,1,0,0,-1,0,0,0,0,0,0
mana20,1005,0,404,protected,4,wc_vn_bellback,0,1,0,0,-1,0,0,0,0,0,0
mana20,1005,0,404,protected,5,wc_vn_grandmother_root,0,1,0,6,32,0,0,0,0,0,0
mana20,1005,0,404,protected,6,wc_vn_cragstoat,0,1,0,0,-1,0,0,0,0,0,0
mana20,1005,0,404,protected,1048577,wc_vn_reefglass,1,1,1,1,126,20000,0,10000,10000,0,23
mana20,1005,0,404,protected,1048578,wc_vn_bellback,1,1,0,0,-1,0,0,0,0,0,0
mana20,1005,0,404,protected,1048579,wc_vn_cragstoat,1,1,0,0,-1,0,0,0,0,0,0
mana20,1006,0,405,protected,4,wc_vn_bellback,0,1,0,0,-1,0,0,0,0,0,0
mana20,1006,0,405,protected,5,wc_vn_grandmother_root,0,1,0,6,32,0,0,0,0,0,0
mana20,1006,0,405,protected,6,wc_vn_cragstoat,0,1,0,0,-1,0,0,0,0,0,0
mana20,1006,0,405,protected,1048577,wc_vn_reefglass,1,1,1,1,126,20000,0,10000,10000,0,23
mana20,1006,0,405,protected,1048578,wc_vn_bellback,1,1,0,0,-1,0,0,0,0,0,0
mana20,1006,0,405,protected,1048579,wc_vn_cragstoat,1,1,0,0,-1,0,0,0,0,0,0
mana20,1007,0,406,protected,4,wc_vn_bellback,0,1,0,0,-1,0,0,0,0,0,0
mana20,1007,0,406,protected,5,wc_vn_grandmother_root,0,1,0,6,32,0,0,0,0,0,0
mana20,1007,0,406,protected,6,wc_vn_cragstoat,0,1,0,0,-1,0,0,0,0,0,0
mana20,1007,0,406,protected,1048577,wc_vn_reefglass,1,1,1,1,126,20000,0,10000,10000,0,23
mana20,1007,0,406,protected,1048578,wc_vn_bellback,1,1,0,0,-1,0,0,0,0,0,0
mana20,1007,0,406,protected,1048579,wc_vn_cragstoat,1,1,0,0,-1,0,0,0,0,0,0
mana20,1008,0,407,protected,4,wc_vn_bellback,0,1,0,0,-1,0,0,0,0,0,0
mana20,1008,0,407,protected,5,wc_vn_grandmother_root,0,1,0,6,32,0,0,0,0,0,0
mana20,1008,0,407,protected,6,wc_vn_cragstoat,0,1,0,0,-1,0,0,0,0,0,0
mana20,1008,0,407,protected,1048577,wc_vn_reefglass,1,1,1,1,126,20000,0,10000,10000,0,23
mana20,1008,0,407,protected,1048578,wc_vn_bellback,1,1,0,0,-1,0,0,0,0,0,0
mana20,1008,0,407,protected,1048579,wc_vn_cragstoat,1,1,0,0,-1,0,0,0,0,0,0
mana20,1009,0,408,protected,4,wc_vn_bellback,0,1,0,0,-1,0,0,0,0,0,0
mana20,1009,0,408,protected,5,wc_vn_grandmother_root,0,1,0,6,32,0,0,0,0,0,0
mana20,1009,0,408,protected,6,wc_vn_cragstoat,0,1,0,0,-1,0,0,0,0,0,0
mana20,1009,0,408,protected,1048577,wc_vn_reefglass,1,1,1,1,126,20000,0,10000,10000,0,23
mana20,1009,0,408,protected,1048578,wc_vn_bellback,1,1,0,0,-1,0,0,0,0,0,0
mana20,1009,0,408,protected,1048579,wc_vn_cragstoat,1,1,0,0,-1,0,0,0,0,0,0
mana20,1010,0,409,protected,4,wc_vn_bellback,0,1,0,0,-1,0,0,0,0,0,0
mana20,1010,0,409,protected,5,wc_vn_grandmother_root,0,1,0,6,32,0,0,0,0,0,0
mana20,1010,0,409,protected,6,wc_vn_cragstoat,0,1,0,0,-1,0,0,0,0,0,0
mana20,1010,0,409,protected,1048577,wc_vn_reefglass,1,1,1,1,126,20000,0,10000,10000,0,23
mana20,1010,0,409,protected,1048578,wc_vn_bellback,1,1,0,0,-1,0,0,0,0,0,0
mana20,1010,0,409,protected,1048579,wc_vn_cragstoat,1,1,0,0,-1,0,0,0,0,0,0
mana20,1011,0,410,protected,4,wc_vn_bellback,0,1,0,0,-1,0,0,0,0,0,0
mana20,1011,0,410,protected,5,wc_vn_grandmother_root,0,1,1,7,32,0,0,0,0,0,0
mana20,1011,0,410,protected,6,wc_vn_cragstoat,0,1,0,2,317,0,0,0,0,0,0
mana20,1011,0,410,protected,1048577,wc_vn_reefglass,1,1,1,3,126,36304,3696,30000,10000,0,13
mana20,1011,0,410,protected,1048578,wc_vn_bellback,1,1,0,0,-1,0,0,0,0,0,0
mana20,1011,0,410,protected,1048579,wc_vn_cragstoat,1,1,0,0,-1,0,0,0,0,0,0
mana20,1012,0,411,protected,4,wc_vn_bellback,0,1,0,0,-1,0,0,0,0,0,0
mana20,1012,0,411,protected,5,wc_vn_grandmother_root,0,1,0,6,32,0,0,0,0,0,0
mana20,1012,0,411,protected,6,wc_vn_cragstoat,0,1,0,0,-1,0,0,0,0,0,0
mana20,1012,0,411,protected,1048577,wc_vn_reefglass,1,1,1,1,126,20000,0,10000,10000,0,23
mana20,1012,0,411,protected,1048578,wc_vn_bellback,1,1,0,0,-1,0,0,0,0,0,0
mana20,1012,0,411,protected,1048579,wc_vn_cragstoat,1,1,0,0,-1,0,0,0,0,0,0
mana20,1013,0,412,protected,4,wc_vn_bellback,0,1,0,0,-1,0,0,0,0,0,0
mana20,1013,0,412,protected,5,wc_vn_grandmother_root,0,1,1,7,32,0,0,0,0,0,0
mana20,1013,0,412,protected,6,wc_vn_cragstoat,0,1,0,2,317,0,0,0,0,0,0
mana20,1013,0,412,protected,1048577,wc_vn_reefglass,1,1,1,3,126,36304,3696,30000,10000,0,13
mana20,1013,0,412,protected,1048578,wc_vn_bellback,1,1,0,0,-1,0,0,0,0,0,0
mana20,1013,0,412,protected,1048579,wc_vn_cragstoat,1,1,0,0,-1,0,0,0,0,0,0
mana20,1014,0,413,protected,4,wc_vn_bellback,0,1,0,0,-1,0,0,0,0,0,0
mana20,1014,0,413,protected,5,wc_vn_grandmother_root,0,1,1,7,32,0,0,0,0,0,0
mana20,1014,0,413,protected,6,wc_vn_cragstoat,0,1,0,2,317,0,0,0,0,0,0
mana20,1014,0,413,protected,1048577,wc_vn_reefglass,1,1,1,3,126,36304,3696,30000,10000,0,13
mana20,1014,0,413,protected,1048578,wc_vn_bellback,1,1,0,0,-1,0,0,0,0,0,0
mana20,1014,0,413,protected,1048579,wc_vn_cragstoat,1,1,0,0,-1,0,0,0,0,0,0
mana20,1015,0,414,protected,4,wc_vn_bellback,0,1,0,0,-1,0,0,0,0,0,0
mana20,1015,0,414,protected,5,wc_vn_grandmother_root,0,1,0,6,32,0,0,0,0,0,0
mana20,1015,0,414,protected,6,wc_vn_cragstoat,0,1,0,0,-1,0,0,0,0,0,0
mana20,1015,0,414,protected,1048577,wc_vn_reefglass,1,1,1,1,126,20000,0,10000,10000,0,23
mana20,1015,0,414,protected,1048578,wc_vn_bellback,1,1,0,0,-1,0,0,0,0,0,0
mana20,1015,0,414,protected,1048579,wc_vn_cragstoat,1,1,0,0,-1,0,0,0,0,0,0
mana20,1016,0,415,protected,4,wc_vn_bellback,0,1,0,0,-1,0,0,0,0,0,0
mana20,1016,0,415,protected,5,wc_vn_grandmother_root,0,1,1,7,32,0,0,0,0,0,0
mana20,1016,0,415,protected,6,wc_vn_cragstoat,0,1,0,2,317,0,0,0,0,0,0
mana20,1016,0,415,protected,1048577,wc_vn_reefglass,1,1,1,3,126,36304,3696,30000,10000,0,13
mana20,1016,0,415,protected,1048578,wc_vn_bellback,1,1,0,0,-1,0,0,0,0,0,0
mana20,1016,0,415,protected,1048579,wc_vn_cragstoat,1,1,0,0,-1,0,0,0,0,0,0
mana20,1001,0,416,protected,1,wc_vn_reefglass,0,2,1,1,126,18756,1244,10000,10000,0,10
mana20,1001,0,416,protected,2,wc_vn_bellback,0,1,1,0,-1,0,0,0,0,0,0
mana20,1001,0,416,protected,3,wc_vn_cragstoat,0,1,0,0,-1,0,0,0,0,0,0
mana20,1001,0,416,protected,1048580,wc_vn_bellback,1,1,0,0,-1,0,0,0,0,0,0
mana20,1001,0,416,protected,1048581,wc_vn_grandmother_root,1,2,0,4,32,0,0,0,0,0,0
mana20,1001,0,416,protected,1048582,wc_vn_cragstoat,1,1,0,1,101,0,0,0,0,0,0
mana20,1002,0,417,protected,1,wc_vn_reefglass,0,2,1,1,126,20000,0,10000,10000,0,18
mana20,1002,0,417,protected,2,wc_vn_bellback,0,1,0,0,-1,0,0,0,0,0,0
mana20,1002,0,417,protected,3,wc_vn_cragstoat,0,1,0,0,-1,0,0,0,0,0,0
mana20,1002,0,417,protected,1048580,wc_vn_bellback,1,1,0,0,-1,0,0,0,0,0,0
mana20,1002,0,417,protected,1048581,wc_vn_grandmother_root,1,2,0,5,32,0,0,0,0,0,0
mana20,1002,0,417,protected,1048582,wc_vn_cragstoat,1,1,0,0,-1,0,0,0,0,0,0
mana20,1003,0,418,protected,1,wc_vn_reefglass,0,2,1,1,126,20000,0,10000,10000,0,12
mana20,1003,0,418,protected,2,wc_vn_bellback,0,1,0,0,-1,0,0,0,0,0,0
mana20,1003,0,418,protected,3,wc_vn_cragstoat,0,1,0,0,-1,0,0,0,0,0,0
mana20,1003,0,418,protected,1048580,wc_vn_bellback,1,1,0,0,-1,0,0,0,0,0,0
mana20,1003,0,418,protected,1048581,wc_vn_grandmother_root,1,2,0,5,32,0,0,0,0,0,0
mana20,1003,0,418,protected,1048582,wc_vn_cragstoat,1,1,0,1,117,0,0,0,0,0,0
mana20,1004,0,419,protected,1,wc_vn_reefglass,0,2,1,1,126,20000,0,10000,10000,0,18
mana20,1004,0,419,protected,2,wc_vn_bellback,0,1,0,0,-1,0,0,0,0,0,0
mana20,1004,0,419,protected,3,wc_vn_cragstoat,0,1,0,0,-1,0,0,0,0,0,0
mana20,1004,0,419,protected,1048580,wc_vn_bellback,1,1,0,0,-1,0,0,0,0,0,0
mana20,1004,0,419,protected,1048581,wc_vn_grandmother_root,1,2,0,5,32,0,0,0,0,0,0
mana20,1004,0,419,protected,1048582,wc_vn_cragstoat,1,1,0,0,-1,0,0,0,0,0,0
mana20,1005,0,420,protected,1,wc_vn_reefglass,0,2,1,1,126,20000,0,10000,10000,0,18
mana20,1005,0,420,protected,2,wc_vn_bellback,0,1,0,0,-1,0,0,0,0,0,0
mana20,1005,0,420,protected,3,wc_vn_cragstoat,0,1,0,0,-1,0,0,0,0,0,0
mana20,1005,0,420,protected,1048580,wc_vn_bellback,1,1,0,0,-1,0,0,0,0,0,0
mana20,1005,0,420,protected,1048581,wc_vn_grandmother_root,1,2,0,5,32,0,0,0,0,0,0
mana20,1005,0,420,protected,1048582,wc_vn_cragstoat,1,1,0,0,-1,0,0,0,0,0,0
mana20,1006,0,421,protected,1,wc_vn_reefglass,0,2,1,1,126,18756,1244,10000,10000,0,10
mana20,1006,0,421,protected,2,wc_vn_bellback,0,1,1,0,-1,0,0,0,0,0,0
mana20,1006,0,421,protected,3,wc_vn_cragstoat,0,1,0,0,-1,0,0,0,0,0,0
mana20,1006,0,421,protected,1048580,wc_vn_bellback,1,1,0,0,-1,0,0,0,0,0,0
mana20,1006,0,421,protected,1048581,wc_vn_grandmother_root,1,2,0,4,32,0,0,0,0,0,0
mana20,1006,0,421,protected,1048582,wc_vn_cragstoat,1,1,0,1,101,0,0,0,0,0,0
mana20,1007,0,422,protected,1,wc_vn_reefglass,0,2,1,1,126,20000,0,10000,10000,0,18
mana20,1007,0,422,protected,2,wc_vn_bellback,0,1,0,0,-1,0,0,0,0,0,0
mana20,1007,0,422,protected,3,wc_vn_cragstoat,0,1,0,0,-1,0,0,0,0,0,0
mana20,1007,0,422,protected,1048580,wc_vn_bellback,1,1,0,0,-1,0,0,0,0,0,0
mana20,1007,0,422,protected,1048581,wc_vn_grandmother_root,1,2,0,5,32,0,0,0,0,0,0
mana20,1007,0,422,protected,1048582,wc_vn_cragstoat,1,1,0,0,-1,0,0,0,0,0,0
mana20,1008,0,423,protected,1,wc_vn_reefglass,0,2,1,1,126,20000,0,10000,10000,0,18
mana20,1008,0,423,protected,2,wc_vn_bellback,0,1,0,0,-1,0,0,0,0,0,0
mana20,1008,0,423,protected,3,wc_vn_cragstoat,0,1,0,0,-1,0,0,0,0,0,0
mana20,1008,0,423,protected,1048580,wc_vn_bellback,1,1,0,0,-1,0,0,0,0,0,0
mana20,1008,0,423,protected,1048581,wc_vn_grandmother_root,1,2,0,5,32,0,0,0,0,0,0
mana20,1008,0,423,protected,1048582,wc_vn_cragstoat,1,1,0,0,-1,0,0,0,0,0,0
mana20,1009,0,424,protected,1,wc_vn_reefglass,0,2,1,1,126,20000,0,10000,10000,0,12
mana20,1009,0,424,protected,2,wc_vn_bellback,0,1,0,0,-1,0,0,0,0,0,0
mana20,1009,0,424,protected,3,wc_vn_cragstoat,0,1,0,0,-1,0,0,0,0,0,0
mana20,1009,0,424,protected,1048580,wc_vn_bellback,1,1,0,0,-1,0,0,0,0,0,0
mana20,1009,0,424,protected,1048581,wc_vn_grandmother_root,1,2,0,5,32,0,0,0,0,0,0
mana20,1009,0,424,protected,1048582,wc_vn_cragstoat,1,1,0,1,117,0,0,0,0,0,0
mana20,1010,0,425,protected,1,wc_vn_reefglass,0,2,1,1,126,20000,0,10000,10000,0,18
mana20,1010,0,425,protected,2,wc_vn_bellback,0,1,0,0,-1,0,0,0,0,0,0
mana20,1010,0,425,protected,3,wc_vn_cragstoat,0,1,0,0,-1,0,0,0,0,0,0
mana20,1010,0,425,protected,1048580,wc_vn_bellback,1,1,0,0,-1,0,0,0,0,0,0
mana20,1010,0,425,protected,1048581,wc_vn_grandmother_root,1,2,0,5,32,0,0,0,0,0,0
mana20,1010,0,425,protected,1048582,wc_vn_cragstoat,1,1,0,0,-1,0,0,0,0,0,0
mana20,1011,0,426,protected,1,wc_vn_reefglass,0,2,1,1,126,20000,0,10000,10000,0,12
mana20,1011,0,426,protected,2,wc_vn_bellback,0,1,0,0,-1,0,0,0,0,0,0
mana20,1011,0,426,protected,3,wc_vn_cragstoat,0,1,0,0,-1,0,0,0,0,0,0
mana20,1011,0,426,protected,1048580,wc_vn_bellback,1,1,0,0,-1,0,0,0,0,0,0
mana20,1011,0,426,protected,1048581,wc_vn_grandmother_root,1,2,0,5,32,0,0,0,0,0,0
mana20,1011,0,426,protected,1048582,wc_vn_cragstoat,1,1,0,1,117,0,0,0,0,0,0
mana20,1012,0,427,protected,1,wc_vn_reefglass,0,2,1,1,126,20000,0,10000,10000,0,18
mana20,1012,0,427,protected,2,wc_vn_bellback,0,1,0,0,-1,0,0,0,0,0,0
mana20,1012,0,427,protected,3,wc_vn_cragstoat,0,1,0,0,-1,0,0,0,0,0,0
mana20,1012,0,427,protected,1048580,wc_vn_bellback,1,1,0,0,-1,0,0,0,0,0,0
mana20,1012,0,427,protected,1048581,wc_vn_grandmother_root,1,2,0,5,32,0,0,0,0,0,0
mana20,1012,0,427,protected,1048582,wc_vn_cragstoat,1,1,0,0,-1,0,0,0,0,0,0
mana20,1013,0,428,protected,1,wc_vn_reefglass,0,2,1,1,126,20000,0,10000,10000,0,18
mana20,1013,0,428,protected,2,wc_vn_bellback,0,1,0,0,-1,0,0,0,0,0,0
mana20,1013,0,428,protected,3,wc_vn_cragstoat,0,1,0,0,-1,0,0,0,0,0,0
mana20,1013,0,428,protected,1048580,wc_vn_bellback,1,1,0,0,-1,0,0,0,0,0,0
mana20,1013,0,428,protected,1048581,wc_vn_grandmother_root,1,2,0,5,32,0,0,0,0,0,0
mana20,1013,0,428,protected,1048582,wc_vn_cragstoat,1,1,0,0,-1,0,0,0,0,0,0
mana20,1014,0,429,protected,1,wc_vn_reefglass,0,2,1,1,126,18005,1995,10000,10000,0,10
mana20,1014,0,429,protected,2,wc_vn_bellback,0,1,1,0,-1,0,0,0,0,0,0
mana20,1014,0,429,protected,3,wc_vn_cragstoat,0,1,0,0,-1,0,0,0,0,0,0
mana20,1014,0,429,protected,1048580,wc_vn_bellback,1,1,0,0,-1,0,0,0,0,0,0
mana20,1014,0,429,protected,1048581,wc_vn_grandmother_root,1,2,0,4,32,0,0,0,0,0,0
mana20,1014,0,429,protected,1048582,wc_vn_cragstoat,1,1,0,1,101,0,0,0,0,0,0
mana20,1015,0,430,protected,1,wc_vn_reefglass,0,2,1,1,126,20000,0,10000,10000,0,18
mana20,1015,0,430,protected,2,wc_vn_bellback,0,1,0,0,-1,0,0,0,0,0,0
mana20,1015,0,430,protected,3,wc_vn_cragstoat,0,1,0,0,-1,0,0,0,0,0,0
mana20,1015,0,430,protected,1048580,wc_vn_bellback,1,1,0,0,-1,0,0,0,0,0,0
mana20,1015,0,430,protected,1048581,wc_vn_grandmother_root,1,2,0,5,32,0,0,0,0,0,0
mana20,1015,0,430,protected,1048582,wc_vn_cragstoat,1,1,0,0,-1,0,0,0,0,0,0
mana20,1016,0,431,protected,1,wc_vn_reefglass,0,2,1,1,126,20000,0,10000,10000,0,18
mana20,1016,0,431,protected,2,wc_vn_bellback,0,1,0,0,-1,0,0,0,0,0,0
mana20,1016,0,431,protected,3,wc_vn_cragstoat,0,1,0,0,-1,0,0,0,0,0,0
mana20,1016,0,431,protected,1048580,wc_vn_bellback,1,1,0,0,-1,0,0,0,0,0,0
mana20,1016,0,431,protected,1048581,wc_vn_grandmother_root,1,2,0,5,32,0,0,0,0,0,0
mana20,1016,0,431,protected,1048582,wc_vn_cragstoat,1,1,0,0,-1,0,0,0,0,0,0
mana20,1001,0,432,protected,4,wc_vn_bellback,0,1,0,0,-1,0,0,0,0,0,0
mana20,1001,0,432,protected,5,wc_vn_grandmother_root,0,2,0,6,32,0,0,0,0,0,0
mana20,1001,0,432,protected,6,wc_vn_cragstoat,0,1,0,0,-1,0,0,0,0,0,0
mana20,1001,0,432,protected,1048577,wc_vn_reefglass,1,2,1,2,126,28992,1008,20000,10000,0,14
mana20,1001,0,432,protected,1048578,wc_vn_bellback,1,1,0,0,-1,0,0,0,0,0,0
mana20,1001,0,432,protected,1048579,wc_vn_cragstoat,1,1,0,0,-1,0,0,0,0,0,0
mana20,1002,0,433,protected,4,wc_vn_bellback,0,1,0,0,-1,0,0,0,0,0,0
mana20,1002,0,433,protected,5,wc_vn_grandmother_root,0,2,0,6,32,0,0,0,0,0,0
mana20,1002,0,433,protected,6,wc_vn_cragstoat,0,1,0,0,-1,0,0,0,0,0,0
mana20,1002,0,433,protected,1048577,wc_vn_reefglass,1,2,1,2,126,28992,1008,20000,10000,0,14
mana20,1002,0,433,protected,1048578,wc_vn_bellback,1,1,0,0,-1,0,0,0,0,0,0
mana20,1002,0,433,protected,1048579,wc_vn_cragstoat,1,1,0,0,-1,0,0,0,0,0,0
mana20,1003,0,434,protected,4,wc_vn_bellback,0,1,0,0,-1,0,0,0,0,0,0
mana20,1003,0,434,protected,5,wc_vn_grandmother_root,0,2,0,6,32,0,0,0,0,0,0
mana20,1003,0,434,protected,6,wc_vn_cragstoat,0,1,0,0,-1,0,0,0,0,0,0
mana20,1003,0,434,protected,1048577,wc_vn_reefglass,1,2,1,2,126,28992,1008,20000,10000,0,14
mana20,1003,0,434,protected,1048578,wc_vn_bellback,1,1,0,0,-1,0,0,0,0,0,0
mana20,1003,0,434,protected,1048579,wc_vn_cragstoat,1,1,0,0,-1,0,0,0,0,0,0
mana20,1004,0,435,protected,4,wc_vn_bellback,0,1,0,0,-1,0,0,0,0,0,0
mana20,1004,0,435,protected,5,wc_vn_grandmother_root,0,2,0,6,32,0,0,0,0,0,0
mana20,1004,0,435,protected,6,wc_vn_cragstoat,0,1,0,0,-1,0,0,0,0,0,0
mana20,1004,0,435,protected,1048577,wc_vn_reefglass,1,2,1,2,126,28992,1008,20000,10000,0,14
mana20,1004,0,435,protected,1048578,wc_vn_bellback,1,1,0,0,-1,0,0,0,0,0,0
mana20,1004,0,435,protected,1048579,wc_vn_cragstoat,1,1,0,0,-1,0,0,0,0,0,0
mana20,1005,0,436,protected,4,wc_vn_bellback,0,1,0,0,-1,0,0,0,0,0,0
mana20,1005,0,436,protected,5,wc_vn_grandmother_root,0,2,0,5,32,0,0,0,0,0,0
mana20,1005,0,436,protected,6,wc_vn_cragstoat,0,1,0,0,-1,0,0,0,0,0,0
mana20,1005,0,436,protected,1048577,wc_vn_reefglass,1,2,1,1,126,20000,0,10000,10000,0,18
mana20,1005,0,436,protected,1048578,wc_vn_bellback,1,1,0,0,-1,0,0,0,0,0,0
mana20,1005,0,436,protected,1048579,wc_vn_cragstoat,1,1,0,0,-1,0,0,0,0,0,0
mana20,1006,0,437,protected,4,wc_vn_bellback,0,1,0,0,-1,0,0,0,0,0,0
mana20,1006,0,437,protected,5,wc_vn_grandmother_root,0,2,0,5,32,0,0,0,0,0,0
mana20,1006,0,437,protected,6,wc_vn_cragstoat,0,1,0,0,-1,0,0,0,0,0,0
mana20,1006,0,437,protected,1048577,wc_vn_reefglass,1,2,1,1,126,20000,0,10000,10000,0,18
mana20,1006,0,437,protected,1048578,wc_vn_bellback,1,1,0,0,-1,0,0,0,0,0,0
mana20,1006,0,437,protected,1048579,wc_vn_cragstoat,1,1,0,0,-1,0,0,0,0,0,0
mana20,1007,0,438,protected,4,wc_vn_bellback,0,1,0,0,-1,0,0,0,0,0,0
mana20,1007,0,438,protected,5,wc_vn_grandmother_root,0,2,0,5,32,0,0,0,0,0,0
mana20,1007,0,438,protected,6,wc_vn_cragstoat,0,1,0,0,-1,0,0,0,0,0,0
mana20,1007,0,438,protected,1048577,wc_vn_reefglass,1,2,1,1,126,20000,0,10000,10000,0,18
mana20,1007,0,438,protected,1048578,wc_vn_bellback,1,1,0,0,-1,0,0,0,0,0,0
mana20,1007,0,438,protected,1048579,wc_vn_cragstoat,1,1,0,0,-1,0,0,0,0,0,0
mana20,1008,0,439,protected,4,wc_vn_bellback,0,1,0,0,-1,0,0,0,0,0,0
mana20,1008,0,439,protected,5,wc_vn_grandmother_root,0,2,0,5,32,0,0,0,0,0,0
mana20,1008,0,439,protected,6,wc_vn_cragstoat,0,1,0,0,-1,0,0,0,0,0,0
mana20,1008,0,439,protected,1048577,wc_vn_reefglass,1,2,1,1,126,20000,0,10000,10000,0,18
mana20,1008,0,439,protected,1048578,wc_vn_bellback,1,1,0,0,-1,0,0,0,0,0,0
mana20,1008,0,439,protected,1048579,wc_vn_cragstoat,1,1,0,0,-1,0,0,0,0,0,0
mana20,1009,0,440,protected,4,wc_vn_bellback,0,1,0,0,-1,0,0,0,0,0,0
mana20,1009,0,440,protected,5,wc_vn_grandmother_root,0,2,0,5,32,0,0,0,0,0,0
mana20,1009,0,440,protected,6,wc_vn_cragstoat,0,1,0,0,-1,0,0,0,0,0,0
mana20,1009,0,440,protected,1048577,wc_vn_reefglass,1,2,1,1,126,20000,0,10000,10000,0,18
mana20,1009,0,440,protected,1048578,wc_vn_bellback,1,1,0,0,-1,0,0,0,0,0,0
mana20,1009,0,440,protected,1048579,wc_vn_cragstoat,1,1,0,0,-1,0,0,0,0,0,0
mana20,1010,0,441,protected,4,wc_vn_bellback,0,1,0,0,-1,0,0,0,0,0,0
mana20,1010,0,441,protected,5,wc_vn_grandmother_root,0,2,0,5,32,0,0,0,0,0,0
mana20,1010,0,441,protected,6,wc_vn_cragstoat,0,1,0,0,-1,0,0,0,0,0,0
mana20,1010,0,441,protected,1048577,wc_vn_reefglass,1,2,1,1,126,20000,0,10000,10000,0,18
mana20,1010,0,441,protected,1048578,wc_vn_bellback,1,1,0,0,-1,0,0,0,0,0,0
mana20,1010,0,441,protected,1048579,wc_vn_cragstoat,1,1,0,0,-1,0,0,0,0,0,0
mana20,1011,0,442,protected,4,wc_vn_bellback,0,1,0,0,-1,0,0,0,0,0,0
mana20,1011,0,442,protected,5,wc_vn_grandmother_root,0,2,0,6,32,0,0,0,0,0,0
mana20,1011,0,442,protected,6,wc_vn_cragstoat,0,1,0,0,-1,0,0,0,0,0,0
mana20,1011,0,442,protected,1048577,wc_vn_reefglass,1,2,1,2,126,28992,1008,20000,10000,0,14
mana20,1011,0,442,protected,1048578,wc_vn_bellback,1,1,0,0,-1,0,0,0,0,0,0
mana20,1011,0,442,protected,1048579,wc_vn_cragstoat,1,1,0,0,-1,0,0,0,0,0,0
mana20,1012,0,443,protected,4,wc_vn_bellback,0,1,0,0,-1,0,0,0,0,0,0
mana20,1012,0,443,protected,5,wc_vn_grandmother_root,0,2,0,5,32,0,0,0,0,0,0
mana20,1012,0,443,protected,6,wc_vn_cragstoat,0,1,0,0,-1,0,0,0,0,0,0
mana20,1012,0,443,protected,1048577,wc_vn_reefglass,1,2,1,1,126,20000,0,10000,10000,0,18
mana20,1012,0,443,protected,1048578,wc_vn_bellback,1,1,0,0,-1,0,0,0,0,0,0
mana20,1012,0,443,protected,1048579,wc_vn_cragstoat,1,1,0,0,-1,0,0,0,0,0,0
mana20,1013,0,444,protected,4,wc_vn_bellback,0,1,0,0,-1,0,0,0,0,0,0
mana20,1013,0,444,protected,5,wc_vn_grandmother_root,0,2,0,6,32,0,0,0,0,0,0
mana20,1013,0,444,protected,6,wc_vn_cragstoat,0,1,0,0,-1,0,0,0,0,0,0
mana20,1013,0,444,protected,1048577,wc_vn_reefglass,1,2,1,2,126,28992,1008,20000,10000,0,14
mana20,1013,0,444,protected,1048578,wc_vn_bellback,1,1,0,0,-1,0,0,0,0,0,0
mana20,1013,0,444,protected,1048579,wc_vn_cragstoat,1,1,0,0,-1,0,0,0,0,0,0
mana20,1014,0,445,protected,4,wc_vn_bellback,0,1,0,0,-1,0,0,0,0,0,0
mana20,1014,0,445,protected,5,wc_vn_grandmother_root,0,2,0,6,32,0,0,0,0,0,0
mana20,1014,0,445,protected,6,wc_vn_cragstoat,0,1,0,0,-1,0,0,0,0,0,0
mana20,1014,0,445,protected,1048577,wc_vn_reefglass,1,2,1,2,126,28992,1008,20000,10000,0,14
mana20,1014,0,445,protected,1048578,wc_vn_bellback,1,1,0,0,-1,0,0,0,0,0,0
mana20,1014,0,445,protected,1048579,wc_vn_cragstoat,1,1,0,0,-1,0,0,0,0,0,0
mana20,1015,0,446,protected,4,wc_vn_bellback,0,1,0,0,-1,0,0,0,0,0,0
mana20,1015,0,446,protected,5,wc_vn_grandmother_root,0,2,0,5,32,0,0,0,0,0,0
mana20,1015,0,446,protected,6,wc_vn_cragstoat,0,1,0,0,-1,0,0,0,0,0,0
mana20,1015,0,446,protected,1048577,wc_vn_reefglass,1,2,1,1,126,20000,0,10000,10000,0,18
mana20,1015,0,446,protected,1048578,wc_vn_bellback,1,1,0,0,-1,0,0,0,0,0,0
mana20,1015,0,446,protected,1048579,wc_vn_cragstoat,1,1,0,0,-1,0,0,0,0,0,0
mana20,1016,0,447,protected,4,wc_vn_bellback,0,1,0,0,-1,0,0,0,0,0,0
mana20,1016,0,447,protected,5,wc_vn_grandmother_root,0,2,0,6,32,0,0,0,0,0,0
mana20,1016,0,447,protected,6,wc_vn_cragstoat,0,1,0,0,-1,0,0,0,0,0,0
mana20,1016,0,447,protected,1048577,wc_vn_reefglass,1,2,1,2,126,28992,1008,20000,10000,0,14
mana20,1016,0,447,protected,1048578,wc_vn_bellback,1,1,0,0,-1,0,0,0,0,0,0
mana20,1016,0,447,protected,1048579,wc_vn_cragstoat,1,1,0,0,-1,0,0,0,0,0,0
mana20,1001,0,448,protected,1,wc_vn_reefglass,0,3,1,2,126,29155,845,20000,10000,0,3
mana20,1001,0,448,protected,2,wc_vn_bellback,0,1,0,0,-1,0,0,0,0,0,0
mana20,1001,0,448,protected,3,wc_vn_cragstoat,0,1,0,0,-1,0,0,0,0,0,0
mana20,1001,0,448,protected,1048580,wc_vn_bellback,1,1,0,0,-1,0,0,0,0,0,0
mana20,1001,0,448,protected,1048581,wc_vn_grandmother_root,1,3,0,4,32,0,0,0,0,0,0
mana20,1001,0,448,protected,1048582,wc_vn_cragstoat,1,1,0,1,101,0,0,0,0,0,0
mana20,1002,0,449,protected,1,wc_vn_reefglass,0,3,1,1,126,20000,0,10000,10000,0,12
mana20,1002,0,449,protected,2,wc_vn_bellback,0,1,0,0,-1,0,0,0,0,0,0
mana20,1002,0,449,protected,3,wc_vn_cragstoat,0,1,0,0,-1,0,0,0,0,0,0
mana20,1002,0,449,protected,1048580,wc_vn_bellback,1,1,0,0,-1,0,0,0,0,0,0
mana20,1002,0,449,protected,1048581,wc_vn_grandmother_root,1,3,0,5,32,0,0,0,0,0,0
mana20,1002,0,449,protected,1048582,wc_vn_cragstoat,1,1,0,0,-1,0,0,0,0,0,0
mana20,1003,0,450,protected,1,wc_vn_reefglass,0,3,1,3,126,28992,1008,30000,0,0,0
mana20,1003,0,450,protected,2,wc_vn_bellback,0,1,0,0,-1,0,0,0,0,0,0
mana20,1003,0,450,protected,3,wc_vn_cragstoat,0,1,0,0,-1,0,0,0,0,0,0
mana20,1003,0,450,protected,1048580,wc_vn_bellback,1,1,0,0,-1,0,0,0,0,0,0
mana20,1003,0,450,protected,1048581,wc_vn_grandmother_root,1,3,0,4,32,0,0,0,0,0,0
mana20,1003,0,450,protected,1048582,wc_vn_cragstoat,1,1,0,1,117,0,0,0,0,0,0
mana20,1004,0,451,protected,1,wc_vn_reefglass,0,3,1,1,126,20000,0,10000,10000,0,12
mana20,1004,0,451,protected,2,wc_vn_bellback,0,1,0,0,-1,0,0,0,0,0,0
mana20,1004,0,451,protected,3,wc_vn_cragstoat,0,1,0,0,-1,0,0,0,0,0,0
mana20,1004,0,451,protected,1048580,wc_vn_bellback,1,1,0,0,-1,0,0,0,0,0,0
mana20,1004,0,451,protected,1048581,wc_vn_grandmother_root,1,3,0,5,32,0,0,0,0,0,0
mana20,1004,0,451,protected,1048582,wc_vn_cragstoat,1,1,0,0,-1,0,0,0,0,0,0
mana20,1005,0,452,protected,1,wc_vn_reefglass,0,3,1,1,126,20000,0,10000,10000,0,12
mana20,1005,0,452,protected,2,wc_vn_bellback,0,1,0,0,-1,0,0,0,0,0,0
mana20,1005,0,452,protected,3,wc_vn_cragstoat,0,1,0,0,-1,0,0,0,0,0,0
mana20,1005,0,452,protected,1048580,wc_vn_bellback,1,1,0,0,-1,0,0,0,0,0,0
mana20,1005,0,452,protected,1048581,wc_vn_grandmother_root,1,3,0,5,32,0,0,0,0,0,0
mana20,1005,0,452,protected,1048582,wc_vn_cragstoat,1,1,0,0,-1,0,0,0,0,0,0
mana20,1006,0,453,protected,1,wc_vn_reefglass,0,3,1,2,126,29155,845,20000,10000,0,3
mana20,1006,0,453,protected,2,wc_vn_bellback,0,1,0,0,-1,0,0,0,0,0,0
mana20,1006,0,453,protected,3,wc_vn_cragstoat,0,1,0,0,-1,0,0,0,0,0,0
mana20,1006,0,453,protected,1048580,wc_vn_bellback,1,1,0,0,-1,0,0,0,0,0,0
mana20,1006,0,453,protected,1048581,wc_vn_grandmother_root,1,3,0,4,32,0,0,0,0,0,0
mana20,1006,0,453,protected,1048582,wc_vn_cragstoat,1,1,0,1,101,0,0,0,0,0,0
mana20,1007,0,454,protected,1,wc_vn_reefglass,0,3,1,1,126,20000,0,10000,10000,0,12
mana20,1007,0,454,protected,2,wc_vn_bellback,0,1,0,0,-1,0,0,0,0,0,0
mana20,1007,0,454,protected,3,wc_vn_cragstoat,0,1,0,0,-1,0,0,0,0,0,0
mana20,1007,0,454,protected,1048580,wc_vn_bellback,1,1,0,0,-1,0,0,0,0,0,0
mana20,1007,0,454,protected,1048581,wc_vn_grandmother_root,1,3,0,5,32,0,0,0,0,0,0
mana20,1007,0,454,protected,1048582,wc_vn_cragstoat,1,1,0,0,-1,0,0,0,0,0,0
mana20,1008,0,455,protected,1,wc_vn_reefglass,0,3,1,1,126,20000,0,10000,10000,0,12
mana20,1008,0,455,protected,2,wc_vn_bellback,0,1,0,0,-1,0,0,0,0,0,0
mana20,1008,0,455,protected,3,wc_vn_cragstoat,0,1,0,0,-1,0,0,0,0,0,0
mana20,1008,0,455,protected,1048580,wc_vn_bellback,1,1,0,0,-1,0,0,0,0,0,0
mana20,1008,0,455,protected,1048581,wc_vn_grandmother_root,1,3,0,5,32,0,0,0,0,0,0
mana20,1008,0,455,protected,1048582,wc_vn_cragstoat,1,1,0,0,-1,0,0,0,0,0,0
mana20,1009,0,456,protected,1,wc_vn_reefglass,0,3,1,3,126,28992,1008,30000,0,0,0
mana20,1009,0,456,protected,2,wc_vn_bellback,0,1,0,0,-1,0,0,0,0,0,0
mana20,1009,0,456,protected,3,wc_vn_cragstoat,0,1,0,0,-1,0,0,0,0,0,0
mana20,1009,0,456,protected,1048580,wc_vn_bellback,1,1,0,0,-1,0,0,0,0,0,0
mana20,1009,0,456,protected,1048581,wc_vn_grandmother_root,1,3,0,4,32,0,0,0,0,0,0
mana20,1009,0,456,protected,1048582,wc_vn_cragstoat,1,1,0,1,117,0,0,0,0,0,0
mana20,1010,0,457,protected,1,wc_vn_reefglass,0,3,1,1,126,20000,0,10000,10000,0,12
mana20,1010,0,457,protected,2,wc_vn_bellback,0,1,0,0,-1,0,0,0,0,0,0
mana20,1010,0,457,protected,3,wc_vn_cragstoat,0,1,0,0,-1,0,0,0,0,0,0
mana20,1010,0,457,protected,1048580,wc_vn_bellback,1,1,0,0,-1,0,0,0,0,0,0
mana20,1010,0,457,protected,1048581,wc_vn_grandmother_root,1,3,0,5,32,0,0,0,0,0,0
mana20,1010,0,457,protected,1048582,wc_vn_cragstoat,1,1,0,0,-1,0,0,0,0,0,0
mana20,1011,0,458,protected,1,wc_vn_reefglass,0,3,1,3,126,28992,1008,30000,0,0,0
mana20,1011,0,458,protected,2,wc_vn_bellback,0,1,0,0,-1,0,0,0,0,0,0
mana20,1011,0,458,protected,3,wc_vn_cragstoat,0,1,0,0,-1,0,0,0,0,0,0
mana20,1011,0,458,protected,1048580,wc_vn_bellback,1,1,0,0,-1,0,0,0,0,0,0
mana20,1011,0,458,protected,1048581,wc_vn_grandmother_root,1,3,0,4,32,0,0,0,0,0,0
mana20,1011,0,458,protected,1048582,wc_vn_cragstoat,1,1,0,1,117,0,0,0,0,0,0
mana20,1012,0,459,protected,1,wc_vn_reefglass,0,3,1,1,126,20000,0,10000,10000,0,12
mana20,1012,0,459,protected,2,wc_vn_bellback,0,1,0,0,-1,0,0,0,0,0,0
mana20,1012,0,459,protected,3,wc_vn_cragstoat,0,1,0,0,-1,0,0,0,0,0,0
mana20,1012,0,459,protected,1048580,wc_vn_bellback,1,1,0,0,-1,0,0,0,0,0,0
mana20,1012,0,459,protected,1048581,wc_vn_grandmother_root,1,3,0,5,32,0,0,0,0,0,0
mana20,1012,0,459,protected,1048582,wc_vn_cragstoat,1,1,0,0,-1,0,0,0,0,0,0
mana20,1013,0,460,protected,1,wc_vn_reefglass,0,3,1,1,126,20000,0,10000,10000,0,12
mana20,1013,0,460,protected,2,wc_vn_bellback,0,1,0,0,-1,0,0,0,0,0,0
mana20,1013,0,460,protected,3,wc_vn_cragstoat,0,1,0,0,-1,0,0,0,0,0,0
mana20,1013,0,460,protected,1048580,wc_vn_bellback,1,1,0,0,-1,0,0,0,0,0,0
mana20,1013,0,460,protected,1048581,wc_vn_grandmother_root,1,3,0,5,32,0,0,0,0,0,0
mana20,1013,0,460,protected,1048582,wc_vn_cragstoat,1,1,0,0,-1,0,0,0,0,0,0
mana20,1014,0,461,protected,1,wc_vn_reefglass,0,3,1,2,126,28738,1262,20000,10000,0,3
mana20,1014,0,461,protected,2,wc_vn_bellback,0,1,0,0,-1,0,0,0,0,0,0
mana20,1014,0,461,protected,3,wc_vn_cragstoat,0,1,0,0,-1,0,0,0,0,0,0
mana20,1014,0,461,protected,1048580,wc_vn_bellback,1,1,0,0,-1,0,0,0,0,0,0
mana20,1014,0,461,protected,1048581,wc_vn_grandmother_root,1,3,0,4,32,0,0,0,0,0,0
mana20,1014,0,461,protected,1048582,wc_vn_cragstoat,1,1,0,1,101,0,0,0,0,0,0
mana20,1015,0,462,protected,1,wc_vn_reefglass,0,3,1,1,126,20000,0,10000,10000,0,12
mana20,1015,0,462,protected,2,wc_vn_bellback,0,1,0,0,-1,0,0,0,0,0,0
mana20,1015,0,462,protected,3,wc_vn_cragstoat,0,1,0,0,-1,0,0,0,0,0,0
mana20,1015,0,462,protected,1048580,wc_vn_bellback,1,1,0,0,-1,0,0,0,0,0,0
mana20,1015,0,462,protected,1048581,wc_vn_grandmother_root,1,3,0,5,32,0,0,0,0,0,0
mana20,1015,0,462,protected,1048582,wc_vn_cragstoat,1,1,0,0,-1,0,0,0,0,0,0
mana20,1016,0,463,protected,1,wc_vn_reefglass,0,3,1,1,126,20000,0,10000,10000,0,12
mana20,1016,0,463,protected,2,wc_vn_bellback,0,1,0,0,-1,0,0,0,0,0,0
mana20,1016,0,463,protected,3,wc_vn_cragstoat,0,1,0,0,-1,0,0,0,0,0,0
mana20,1016,0,463,protected,1048580,wc_vn_bellback,1,1,0,0,-1,0,0,0,0,0,0
mana20,1016,0,463,protected,1048581,wc_vn_grandmother_root,1,3,0,5,32,0,0,0,0,0,0
mana20,1016,0,463,protected,1048582,wc_vn_cragstoat,1,1,0,0,-1,0,0,0,0,0,0
mana20,1001,0,464,protected,4,wc_vn_bellback,0,1,0,0,-1,0,0,0,0,0,0
mana20,1001,0,464,protected,5,wc_vn_grandmother_root,0,3,0,5,32,0,0,0,0,0,0
mana20,1001,0,464,protected,6,wc_vn_cragstoat,0,1,0,0,-1,0,0,0,0,0,0
mana20,1001,0,464,protected,1048577,wc_vn_reefglass,1,3,1,1,126,20000,0,10000,10000,0,17
mana20,1001,0,464,protected,1048578,wc_vn_bellback,1,1,0,0,-1,0,0,0,0,0,0
mana20,1001,0,464,protected,1048579,wc_vn_cragstoat,1,1,0,0,-1,0,0,0,0,0,0
mana20,1002,0,465,protected,4,wc_vn_bellback,0,1,0,0,-1,0,0,0,0,0,0
mana20,1002,0,465,protected,5,wc_vn_grandmother_root,0,3,0,5,32,0,0,0,0,0,0
mana20,1002,0,465,protected,6,wc_vn_cragstoat,0,1,0,0,-1,0,0,0,0,0,0
mana20,1002,0,465,protected,1048577,wc_vn_reefglass,1,3,1,1,126,20000,0,10000,10000,0,17
mana20,1002,0,465,protected,1048578,wc_vn_bellback,1,1,0,0,-1,0,0,0,0,0,0
mana20,1002,0,465,protected,1048579,wc_vn_cragstoat,1,1,0,0,-1,0,0,0,0,0,0
mana20,1003,0,466,protected,4,wc_vn_bellback,0,1,0,0,-1,0,0,0,0,0,0
mana20,1003,0,466,protected,5,wc_vn_grandmother_root,0,3,0,5,32,0,0,0,0,0,0
mana20,1003,0,466,protected,6,wc_vn_cragstoat,0,1,0,0,-1,0,0,0,0,0,0
mana20,1003,0,466,protected,1048577,wc_vn_reefglass,1,3,1,1,126,20000,0,10000,10000,0,17
mana20,1003,0,466,protected,1048578,wc_vn_bellback,1,1,0,0,-1,0,0,0,0,0,0
mana20,1003,0,466,protected,1048579,wc_vn_cragstoat,1,1,0,0,-1,0,0,0,0,0,0
mana20,1004,0,467,protected,4,wc_vn_bellback,0,1,0,0,-1,0,0,0,0,0,0
mana20,1004,0,467,protected,5,wc_vn_grandmother_root,0,3,0,5,32,0,0,0,0,0,0
mana20,1004,0,467,protected,6,wc_vn_cragstoat,0,1,0,0,-1,0,0,0,0,0,0
mana20,1004,0,467,protected,1048577,wc_vn_reefglass,1,3,1,1,126,20000,0,10000,10000,0,17
mana20,1004,0,467,protected,1048578,wc_vn_bellback,1,1,0,0,-1,0,0,0,0,0,0
mana20,1004,0,467,protected,1048579,wc_vn_cragstoat,1,1,0,0,-1,0,0,0,0,0,0
mana20,1005,0,468,protected,4,wc_vn_bellback,0,1,0,0,-1,0,0,0,0,0,0
mana20,1005,0,468,protected,5,wc_vn_grandmother_root,0,3,0,5,32,0,0,0,0,0,0
mana20,1005,0,468,protected,6,wc_vn_cragstoat,0,1,0,0,-1,0,0,0,0,0,0
mana20,1005,0,468,protected,1048577,wc_vn_reefglass,1,3,1,1,126,20000,0,10000,10000,0,12
mana20,1005,0,468,protected,1048578,wc_vn_bellback,1,1,0,0,-1,0,0,0,0,0,0
mana20,1005,0,468,protected,1048579,wc_vn_cragstoat,1,1,0,0,-1,0,0,0,0,0,0
mana20,1006,0,469,protected,4,wc_vn_bellback,0,1,0,0,-1,0,0,0,0,0,0
mana20,1006,0,469,protected,5,wc_vn_grandmother_root,0,3,0,5,32,0,0,0,0,0,0
mana20,1006,0,469,protected,6,wc_vn_cragstoat,0,1,0,0,-1,0,0,0,0,0,0
mana20,1006,0,469,protected,1048577,wc_vn_reefglass,1,3,1,1,126,20000,0,10000,10000,0,12
mana20,1006,0,469,protected,1048578,wc_vn_bellback,1,1,0,0,-1,0,0,0,0,0,0
mana20,1006,0,469,protected,1048579,wc_vn_cragstoat,1,1,0,0,-1,0,0,0,0,0,0
mana20,1007,0,470,protected,4,wc_vn_bellback,0,1,0,0,-1,0,0,0,0,0,0
mana20,1007,0,470,protected,5,wc_vn_grandmother_root,0,3,0,5,32,0,0,0,0,0,0
mana20,1007,0,470,protected,6,wc_vn_cragstoat,0,1,0,0,-1,0,0,0,0,0,0
mana20,1007,0,470,protected,1048577,wc_vn_reefglass,1,3,1,1,126,20000,0,10000,10000,0,12
mana20,1007,0,470,protected,1048578,wc_vn_bellback,1,1,0,0,-1,0,0,0,0,0,0
mana20,1007,0,470,protected,1048579,wc_vn_cragstoat,1,1,0,0,-1,0,0,0,0,0,0
mana20,1008,0,471,protected,4,wc_vn_bellback,0,1,0,0,-1,0,0,0,0,0,0
mana20,1008,0,471,protected,5,wc_vn_grandmother_root,0,3,0,5,32,0,0,0,0,0,0
mana20,1008,0,471,protected,6,wc_vn_cragstoat,0,1,0,0,-1,0,0,0,0,0,0
mana20,1008,0,471,protected,1048577,wc_vn_reefglass,1,3,1,1,126,20000,0,10000,10000,0,12
mana20,1008,0,471,protected,1048578,wc_vn_bellback,1,1,0,0,-1,0,0,0,0,0,0
mana20,1008,0,471,protected,1048579,wc_vn_cragstoat,1,1,0,0,-1,0,0,0,0,0,0
mana20,1009,0,472,protected,4,wc_vn_bellback,0,1,0,0,-1,0,0,0,0,0,0
mana20,1009,0,472,protected,5,wc_vn_grandmother_root,0,3,0,5,32,0,0,0,0,0,0
mana20,1009,0,472,protected,6,wc_vn_cragstoat,0,1,0,0,-1,0,0,0,0,0,0
mana20,1009,0,472,protected,1048577,wc_vn_reefglass,1,3,1,1,126,20000,0,10000,10000,0,12
mana20,1009,0,472,protected,1048578,wc_vn_bellback,1,1,0,0,-1,0,0,0,0,0,0
mana20,1009,0,472,protected,1048579,wc_vn_cragstoat,1,1,0,0,-1,0,0,0,0,0,0
mana20,1010,0,473,protected,4,wc_vn_bellback,0,1,0,0,-1,0,0,0,0,0,0
mana20,1010,0,473,protected,5,wc_vn_grandmother_root,0,3,0,5,32,0,0,0,0,0,0
mana20,1010,0,473,protected,6,wc_vn_cragstoat,0,1,0,0,-1,0,0,0,0,0,0
mana20,1010,0,473,protected,1048577,wc_vn_reefglass,1,3,1,1,126,20000,0,10000,10000,0,12
mana20,1010,0,473,protected,1048578,wc_vn_bellback,1,1,0,0,-1,0,0,0,0,0,0
mana20,1010,0,473,protected,1048579,wc_vn_cragstoat,1,1,0,0,-1,0,0,0,0,0,0
mana20,1011,0,474,protected,4,wc_vn_bellback,0,1,0,0,-1,0,0,0,0,0,0
mana20,1011,0,474,protected,5,wc_vn_grandmother_root,0,3,0,5,32,0,0,0,0,0,0
mana20,1011,0,474,protected,6,wc_vn_cragstoat,0,1,0,0,-1,0,0,0,0,0,0
mana20,1011,0,474,protected,1048577,wc_vn_reefglass,1,3,1,1,126,20000,0,10000,10000,0,17
mana20,1011,0,474,protected,1048578,wc_vn_bellback,1,1,0,0,-1,0,0,0,0,0,0
mana20,1011,0,474,protected,1048579,wc_vn_cragstoat,1,1,0,0,-1,0,0,0,0,0,0
mana20,1012,0,475,protected,4,wc_vn_bellback,0,1,0,0,-1,0,0,0,0,0,0
mana20,1012,0,475,protected,5,wc_vn_grandmother_root,0,3,0,5,32,0,0,0,0,0,0
mana20,1012,0,475,protected,6,wc_vn_cragstoat,0,1,0,0,-1,0,0,0,0,0,0
mana20,1012,0,475,protected,1048577,wc_vn_reefglass,1,3,1,1,126,20000,0,10000,10000,0,12
mana20,1012,0,475,protected,1048578,wc_vn_bellback,1,1,0,0,-1,0,0,0,0,0,0
mana20,1012,0,475,protected,1048579,wc_vn_cragstoat,1,1,0,0,-1,0,0,0,0,0,0
mana20,1013,0,476,protected,4,wc_vn_bellback,0,1,0,0,-1,0,0,0,0,0,0
mana20,1013,0,476,protected,5,wc_vn_grandmother_root,0,3,0,5,32,0,0,0,0,0,0
mana20,1013,0,476,protected,6,wc_vn_cragstoat,0,1,0,0,-1,0,0,0,0,0,0
mana20,1013,0,476,protected,1048577,wc_vn_reefglass,1,3,1,1,126,20000,0,10000,10000,0,17
mana20,1013,0,476,protected,1048578,wc_vn_bellback,1,1,0,0,-1,0,0,0,0,0,0
mana20,1013,0,476,protected,1048579,wc_vn_cragstoat,1,1,0,0,-1,0,0,0,0,0,0
mana20,1014,0,477,protected,4,wc_vn_bellback,0,1,0,0,-1,0,0,0,0,0,0
mana20,1014,0,477,protected,5,wc_vn_grandmother_root,0,3,0,5,32,0,0,0,0,0,0
mana20,1014,0,477,protected,6,wc_vn_cragstoat,0,1,0,0,-1,0,0,0,0,0,0
mana20,1014,0,477,protected,1048577,wc_vn_reefglass,1,3,1,1,126,20000,0,10000,10000,0,17
mana20,1014,0,477,protected,1048578,wc_vn_bellback,1,1,0,0,-1,0,0,0,0,0,0
mana20,1014,0,477,protected,1048579,wc_vn_cragstoat,1,1,0,0,-1,0,0,0,0,0,0
mana20,1015,0,478,protected,4,wc_vn_bellback,0,1,0,0,-1,0,0,0,0,0,0
mana20,1015,0,478,protected,5,wc_vn_grandmother_root,0,3,0,5,32,0,0,0,0,0,0
mana20,1015,0,478,protected,6,wc_vn_cragstoat,0,1,0,0,-1,0,0,0,0,0,0
mana20,1015,0,478,protected,1048577,wc_vn_reefglass,1,3,1,1,126,20000,0,10000,10000,0,12
mana20,1015,0,478,protected,1048578,wc_vn_bellback,1,1,0,0,-1,0,0,0,0,0,0
mana20,1015,0,478,protected,1048579,wc_vn_cragstoat,1,1,0,0,-1,0,0,0,0,0,0
mana20,1016,0,479,protected,4,wc_vn_bellback,0,1,0,0,-1,0,0,0,0,0,0
mana20,1016,0,479,protected,5,wc_vn_grandmother_root,0,3,0,5,32,0,0,0,0,0,0
mana20,1016,0,479,protected,6,wc_vn_cragstoat,0,1,0,0,-1,0,0,0,0,0,0
mana20,1016,0,479,protected,1048577,wc_vn_reefglass,1,3,1,1,126,20000,0,10000,10000,0,17
mana20,1016,0,479,protected,1048578,wc_vn_bellback,1,1,0,0,-1,0,0,0,0,0,0
mana20,1016,0,479,protected,1048579,wc_vn_cragstoat,1,1,0,0,-1,0,0,0,0,0,0
mana20,1001,0,480,exposed,1,wc_vn_reefglass,0,1,0,1,76,12000,8000,10000,0,10000,0
mana20,1001,0,480,exposed,2,wc_vn_bellback,0,1,0,0,-1,0,0,0,0,0,0
mana20,1001,0,480,exposed,3,wc_vn_cragstoat,0,1,0,1,181,0,0,0,0,0,0
mana20,1001,0,480,exposed,1048580,wc_vn_bellback,1,1,0,0,-1,0,0,0,0,0,0
mana20,1001,0,480,exposed,1048581,wc_vn_grandmother_root,1,1,1,5,32,0,0,0,0,0,0
mana20,1001,0,480,exposed,1048582,wc_vn_cragstoat,1,1,1,0,-1,0,0,0,0,0,0
mana20,1002,0,481,exposed,1,wc_vn_reefglass,0,1,0,1,76,12000,8000,10000,0,10000,0
mana20,1002,0,481,exposed,2,wc_vn_bellback,0,1,0,0,-1,0,0,0,0,0,0
mana20,1002,0,481,exposed,3,wc_vn_cragstoat,0,1,1,2,321,0,0,0,0,0,0
mana20,1002,0,481,exposed,1048580,wc_vn_bellback,1,1,0,0,-1,0,0,0,0,0,0
mana20,1002,0,481,exposed,1048581,wc_vn_grandmother_root,1,1,0,5,32,0,0,0,0,0,0
mana20,1002,0,481,exposed,1048582,wc_vn_cragstoat,1,1,0,0,-1,0,0,0,0,0,0
mana20,1003,0,482,exposed,1,wc_vn_reefglass,0,1,0,1,76,12000,8000,10000,0,10000,0
mana20,1003,0,482,exposed,2,wc_vn_bellback,0,1,1,0,-1,0,0,0,0,0,0
mana20,1003,0,482,exposed,3,wc_vn_cragstoat,0,1,0,1,181,0,0,0,0,0,0
mana20,1003,0,482,exposed,1048580,wc_vn_bellback,1,1,0,0,-1,0,0,0,0,0,0
mana20,1003,0,482,exposed,1048581,wc_vn_grandmother_root,1,1,1,6,32,0,0,0,0,0,0
mana20,1003,0,482,exposed,1048582,wc_vn_cragstoat,1,1,0,0,-1,0,0,0,0,0,0
mana20,1004,0,483,exposed,1,wc_vn_reefglass,0,1,0,2,76,12328,7672,20000,0,0,0
mana20,1004,0,483,exposed,2,wc_vn_bellback,0,1,1,0,-1,0,0,0,0,0,0
mana20,1004,0,483,exposed,3,wc_vn_cragstoat,0,1,1,2,161,0,0,0,0,0,0
mana20,1004,0,483,exposed,1048580,wc_vn_bellback,1,1,0,0,-1,0,0,0,0,0,0
mana20,1004,0,483,exposed,1048581,wc_vn_grandmother_root,1,1,0,2,32,0,0,0,0,0,0
mana20,1004,0,483,exposed,1048582,wc_vn_cragstoat,1,1,0,0,-1,0,0,0,0,0,0
mana20,1005,0,484,exposed,1,wc_vn_reefglass,0,1,0,2,126,24000,6000,20000,0,10000,2
mana20,1005,0,484,exposed,2,wc_vn_bellback,0,1,0,0,-1,0,0,0,0,0,0
mana20,1005,0,484,exposed,3,wc_vn_cragstoat,0,1,0,0,-1,0,0,0,0,0,0
mana20,1005,0,484,exposed,1048580,wc_vn_bellback,1,1,1,0,-1,0,0,0,0,0,0
mana20,1005,0,484,exposed,1048581,wc_vn_grandmother_root,1,1,1,6,32,0,0,0,0,0,0
mana20,1005,0,484,exposed,1048582,wc_vn_cragstoat,1,1,0,0,-1,0,0,0,0,0,0
mana20,1006,0,485,exposed,1,wc_vn_reefglass,0,1,0,2,126,23085,6915,20000,0,10000,0
mana20,1006,0,485,exposed,2,wc_vn_bellback,0,1,0,0,-1,0,0,0,0,0,0
mana20,1006,0,485,exposed,3,wc_vn_cragstoat,0,1,0,0,-1,0,0,0,0,0,0
mana20,1006,0,485,exposed,1048580,wc_vn_bellback,1,1,0,0,-1,0,0,0,0,0,0
mana20,1006,0,485,exposed,1048581,wc_vn_grandmother_root,1,1,1,5,32,0,0,0,0,0,0
mana20,1006,0,485,exposed,1048582,wc_vn_cragstoat,1,1,1,0,-1,0,0,0,0,0,0
mana20,1007,0,486,exposed,1,wc_vn_reefglass,0,1,0,2,126,20000,6896,20000,0,6896,0
mana20,1007,0,486,exposed,2,wc_vn_bellback,0,1,0,0,-1,0,0,0,0,0,0
mana20,1007,0,486,exposed,3,wc_vn_cragstoat,0,1,0,0,-1,0,0,0,0,0,0
mana20,1007,0,486,exposed,1048580,wc_vn_bellback,1,1,1,0,-1,0,0,0,0,0,0
mana20,1007,0,486,exposed,1048581,wc_vn_grandmother_root,1,1,1,4,32,0,0,0,0,0,0
mana20,1007,0,486,exposed,1048582,wc_vn_cragstoat,1,1,1,1,337,0,0,0,0,0,0
mana20,1008,0,487,exposed,1,wc_vn_reefglass,0,1,1,2,126,27760,2240,20000,10000,0,21
mana20,1008,0,487,exposed,2,wc_vn_bellback,0,1,0,0,-1,0,0,0,0,0,0
mana20,1008,0,487,exposed,3,wc_vn_cragstoat,0,1,0,0,-1,0,0,0,0,0,0
mana20,1008,0,487,exposed,1048580,wc_vn_bellback,1,1,0,0,-1,0,0,0,0,0,0
mana20,1008,0,487,exposed,1048581,wc_vn_grandmother_root,1,1,1,6,32,0,0,0,0,0,0
mana20,1008,0,487,exposed,1048582,wc_vn_cragstoat,1,1,0,0,-1,0,0,0,0,0,0
mana20,1009,0,488,exposed,1,wc_vn_reefglass,0,1,0,2,126,25520,4480,20000,0,10000,5
mana20,1009,0,488,exposed,2,wc_vn_bellback,0,1,0,0,-1,0,0,0,0,0,0
mana20,1009,0,488,exposed,3,wc_vn_cragstoat,0,1,0,0,-1,0,0,0,0,0,0
mana20,1009,0,488,exposed,1048580,wc_vn_bellback,1,1,0,0,-1,0,0,0,0,0,0
mana20,1009,0,488,exposed,1048581,wc_vn_grandmother_root,1,1,1,5,32,0,0,0,0,0,0
mana20,1009,0,488,exposed,1048582,wc_vn_cragstoat,1,1,0,0,-1,0,0,0,0,0,0
mana20,1010,0,489,exposed,1,wc_vn_reefglass,0,1,0,2,126,24000,6000,20000,0,10000,2
mana20,1010,0,489,exposed,2,wc_vn_bellback,0,1,0,0,-1,0,0,0,0,0,0
mana20,1010,0,489,exposed,3,wc_vn_cragstoat,0,1,0,0,-1,0,0,0,0,0,0
mana20,1010,0,489,exposed,1048580,wc_vn_bellback,1,1,1,0,-1,0,0,0,0,0,0
mana20,1010,0,489,exposed,1048581,wc_vn_grandmother_root,1,1,1,6,32,0,0,0,0,0,0
mana20,1010,0,489,exposed,1048582,wc_vn_cragstoat,1,1,0,0,-1,0,0,0,0,0,0
mana20,1011,0,490,exposed,1,wc_vn_reefglass,0,1,0,1,76,12000,8000,10000,0,10000,0
mana20,1011,0,490,exposed,2,wc_vn_bellback,0,1,1,0,-1,0,0,0,0,0,0
mana20,1011,0,490,exposed,3,wc_vn_cragstoat,0,1,0,1,181,0,0,0,0,0,0
mana20,1011,0,490,exposed,1048580,wc_vn_bellback,1,1,0,0,-1,0,0,0,0,0,0
mana20,1011,0,490,exposed,1048581,wc_vn_grandmother_root,1,1,1,6,32,0,0,0,0,0,0
mana20,1011,0,490,exposed,1048582,wc_vn_cragstoat,1,1,0,0,-1,0,0,0,0,0,0
mana20,1012,0,491,exposed,1,wc_vn_reefglass,0,1,0,2,126,24960,5040,20000,0,10000,4
mana20,1012,0,491,exposed,2,wc_vn_bellback,0,1,0,0,-1,0,0,0,0,0,0
mana20,1012,0,491,exposed,3,wc_vn_cragstoat,0,1,0,0,-1,0,0,0,0,0,0
mana20,1012,0,491,exposed,1048580,wc_vn_bellback,1,1,1,0,-1,0,0,0,0,0,0
mana20,1012,0,491,exposed,1048581,wc_vn_grandmother_root,1,1,0,3,32,0,0,0,0,0,0
mana20,1012,0,491,exposed,1048582,wc_vn_cragstoat,1,1,1,1,497,0,0,0,0,0,0
mana20,1013,0,492,exposed,1,wc_vn_reefglass,0,1,0,2,76,14328,7672,20000,0,2000,0
mana20,1013,0,492,exposed,2,wc_vn_bellback,0,1,1,0,-1,0,0,0,0,0,0
mana20,1013,0,492,exposed,3,wc_vn_cragstoat,0,1,1,2,177,0,0,0,0,0,0
mana20,1013,0,492,exposed,1048580,wc_vn_bellback,1,1,0,0,-1,0,0,0,0,0,0
mana20,1013,0,492,exposed,1048581,wc_vn_grandmother_root,1,1,0,4,32,0,0,0,0,0,0
mana20,1013,0,492,exposed,1048582,wc_vn_cragstoat,1,1,0,0,-1,0,0,0,0,0,0
mana20,1014,0,493,exposed,1,wc_vn_reefglass,0,1,0,1,76,12000,8000,10000,0,10000,0
mana20,1014,0,493,exposed,2,wc_vn_bellback,0,1,0,0,-1,0,0,0,0,0,0
mana20,1014,0,493,exposed,3,wc_vn_cragstoat,0,1,0,1,181,0,0,0,0,0,0
mana20,1014,0,493,exposed,1048580,wc_vn_bellback,1,1,0,0,-1,0,0,0,0,0,0
mana20,1014,0,493,exposed,1048581,wc_vn_grandmother_root,1,1,1,5,32,0,0,0,0,0,0
mana20,1014,0,493,exposed,1048582,wc_vn_cragstoat,1,1,1,1,361,0,0,0,0,0,0
mana20,1015,0,494,exposed,1,wc_vn_reefglass,0,1,0,2,126,20000,6896,20000,0,6896,0
mana20,1015,0,494,exposed,2,wc_vn_bellback,0,1,0,0,-1,0,0,0,0,0,0
mana20,1015,0,494,exposed,3,wc_vn_cragstoat,0,1,0,0,-1,0,0,0,0,0,0
mana20,1015,0,494,exposed,1048580,wc_vn_bellback,1,1,1,0,-1,0,0,0,0,0,0
mana20,1015,0,494,exposed,1048581,wc_vn_grandmother_root,1,1,1,4,32,0,0,0,0,0,0
mana20,1015,0,494,exposed,1048582,wc_vn_cragstoat,1,1,1,1,337,0,0,0,0,0,0
mana20,1016,0,495,exposed,1,wc_vn_reefglass,0,1,0,2,76,14328,7672,20000,0,2000,0
mana20,1016,0,495,exposed,2,wc_vn_bellback,0,1,1,0,-1,0,0,0,0,0,0
mana20,1016,0,495,exposed,3,wc_vn_cragstoat,0,1,1,2,177,0,0,0,0,0,0
mana20,1016,0,495,exposed,1048580,wc_vn_bellback,1,1,0,0,-1,0,0,0,0,0,0
mana20,1016,0,495,exposed,1048581,wc_vn_grandmother_root,1,1,0,4,32,0,0,0,0,0,0
mana20,1016,0,495,exposed,1048582,wc_vn_cragstoat,1,1,0,0,-1,0,0,0,0,0,0
mana20,1001,0,496,exposed,4,wc_vn_bellback,0,1,0,0,-1,0,0,0,0,0,0
mana20,1001,0,496,exposed,5,wc_vn_grandmother_root,0,1,1,7,32,0,0,0,0,0,0
mana20,1001,0,496,exposed,6,wc_vn_cragstoat,0,1,0,0,-1,0,0,0,0,0,0
mana20,1001,0,496,exposed,1048577,wc_vn_reefglass,1,1,0,1,76,12000,8000,10000,0,10000,0
mana20,1001,0,496,exposed,1048578,wc_vn_bellback,1,1,1,0,-1,0,0,0,0,0,0
mana20,1001,0,496,exposed,1048579,wc_vn_cragstoat,1,1,0,1,133,0,0,0,0,0,0
mana20,1002,0,497,exposed,4,wc_vn_bellback,0,1,0,0,-1,0,0,0,0,0,0
mana20,1002,0,497,exposed,5,wc_vn_grandmother_root,0,1,0,3,32,0,0,0,0,0,0
mana20,1002,0,497,exposed,6,wc_vn_cragstoat,0,1,1,1,481,0,0,0,0,0,0
mana20,1002,0,497,exposed,1048577,wc_vn_reefglass,1,1,0,3,126,33280,6720,30000,0,10000,0
mana20,1002,0,497,exposed,1048578,wc_vn_bellback,1,1,0,0,-1,0,0,0,0,0,0
mana20,1002,0,497,exposed,1048579,wc_vn_cragstoat,1,1,0,0,-1,0,0,0,0,0,0
mana20,1003,0,498,exposed,4,wc_vn_bellback,0,1,0,0,-1,0,0,0,0,0,0
mana20,1003,0,498,exposed,5,wc_vn_grandmother_root,0,1,1,4,32,0,0,0,0,0,0
mana20,1003,0,498,exposed,6,wc_vn_cragstoat,0,1,1,1,321,0,0,0,0,0,0
mana20,1003,0,498,exposed,1048577,wc_vn_reefglass,1,1,0,1,76,12000,8000,10000,0,10000,0
mana20,1003,0,498,exposed,1048578,wc_vn_bellback,1,1,0,0,-1,0,0,0,0,0,0
mana20,1003,0,498,exposed,1048579,wc_vn_cragstoat,1,1,0,1,133,0,0,0,0,0,0
mana20,1004,0,499,exposed,4,wc_vn_bellback,0,1,0,0,-1,0,0,0,0,0,0
mana20,1004,0,499,exposed,5,wc_vn_grandmother_root,0,1,0,3,32,0,0,0,0,0,0
mana20,1004,0,499,exposed,6,wc_vn_cragstoat,0,1,1,0,-1,0,0,0,0,0,0
mana20,1004,0,499,exposed,1048577,wc_vn_reefglass,1,1,0,3,126,31520,6720,30000,0,8240,0
mana20,1004,0,499,exposed,1048578,wc_vn_bellback,1,1,0,0,-1,0,0,0,0,0,0
mana20,1004,0,499,exposed,1048579,wc_vn_cragstoat,1,1,0,0,-1,0,0,0,0,0,0
mana20,1005,0,500,exposed,4,wc_vn_bellback,0,1,0,0,-1,0,0,0,0,0,0
mana20,1005,0,500,exposed,5,wc_vn_grandmother_root,0,1,1,7,32,0,0,0,0,0,0
mana20,1005,0,500,exposed,6,wc_vn_cragstoat,0,1,0,0,-1,0,0,0,0,0,0
mana20,1005,0,500,exposed,1048577,wc_vn_reefglass,1,1,0,3,126,26074,5926,30000,0,2000,0
mana20,1005,0,500,exposed,1048578,wc_vn_bellback,1,1,1,0,-1,0,0,0,0,0,0
mana20,1005,0,500,exposed,1048579,wc_vn_cragstoat,1,1,0,0,-1,0,0,0,0,0,0
mana20,1006,0,501,exposed,4,wc_vn_bellback,0,1,0,0,-1,0,0,0,0,0,0
mana20,1006,0,501,exposed,5,wc_vn_grandmother_root,0,1,0,3,32,0,0,0,0,0,0
mana20,1006,0,501,exposed,6,wc_vn_cragstoat,0,1,0,0,-1,0,0,0,0,0,0
mana20,1006,0,501,exposed,1048577,wc_vn_reefglass,1,1,0,2,76,18429,8481,20000,0,6910,0
mana20,1006,0,501,exposed,1048578,wc_vn_bellback,1,1,1,0,-1,0,0,0,0,0,0
mana20,1006,0,501,exposed,1048579,wc_vn_cragstoat,1,1,1,2,217,0,0,0,0,0,0
mana20,1007,0,502,exposed,4,wc_vn_bellback,0,1,0,0,-1,0,0,0,0,0,0
mana20,1007,0,502,exposed,5,wc_vn_grandmother_root,0,1,0,5,32,0,0,0,0,0,0
mana20,1007,0,502,exposed,6,wc_vn_cragstoat,0,1,0,0,-1,0,0,0,0,0,0
mana20,1007,0,502,exposed,1048577,wc_vn_reefglass,1,1,1,4,126,47760,2240,40000,10000,0,0
mana20,1007,0,502,exposed,1048578,wc_vn_bellback,1,1,0,0,-1,0,0,0,0,0,0
mana20,1007,0,502,exposed,1048579,wc_vn_cragstoat,1,1,0,0,-1,0,0,0,0,0,0
mana20,1008,0,503,exposed,4,wc_vn_bellback,0,1,1,0,-1,0,0,0,0,0,0
mana20,1008,0,503,exposed,5,wc_vn_grandmother_root,0,1,1,6,32,0,0,0,0,0,0
mana20,1008,0,503,exposed,6,wc_vn_cragstoat,0,1,0,0,-1,0,0,0,0,0,0
mana20,1008,0,503,exposed,1048577,wc_vn_reefglass,1,1,0,3,126,26074,5926,30000,0,2000,0
mana20,1008,0,503,exposed,1048578,wc_vn_bellback,1,1,0,0,-1,0,0,0,0,0,0
mana20,1008,0,503,exposed,1048579,wc_vn_cragstoat,1,1,0,0,-1,0,0,0,0,0,0
mana20,1009,0,504,exposed,4,wc_vn_bellback,0,1,0,0,-1,0,0,0,0,0,0
mana20,1009,0,504,exposed,5,wc_vn_grandmother_root,0,1,0,4,32,0,0,0,0,0,0
mana20,1009,0,504,exposed,6,wc_vn_cragstoat,0,1,0,0,-1,0,0,0,0,0,0
mana20,1009,0,504,exposed,1048577,wc_vn_reefglass,1,1,0,2,76,18429,8481,20000,0,6910,0
mana20,1009,0,504,exposed,1048578,wc_vn_bellback,1,1,1,0,-1,0,0,0,0,0,0
mana20,1009,0,504,exposed,1048579,wc_vn_cragstoat,1,1,1,2,217,0,0,0,0,0,0
mana20,1010,0,505,exposed,4,wc_vn_bellback,0,1,0,0,-1,0,0,0,0,0,0
mana20,1010,0,505,exposed,5,wc_vn_grandmother_root,0,1,1,7,32,0,0,0,0,0,0
mana20,1010,0,505,exposed,6,wc_vn_cragstoat,0,1,0,0,-1,0,0,0,0,0,0
mana20,1010,0,505,exposed,1048577,wc_vn_reefglass,1,1,0,3,126,26074,5926,30000,0,2000,0
mana20,1010,0,505,exposed,1048578,wc_vn_bellback,1,1,1,0,-1,0,0,0,0,0,0
mana20,1010,0,505,exposed,1048579,wc_vn_cragstoat,1,1,0,0,-1,0,0,0,0,0,0
mana20,1011,0,506,exposed,4,wc_vn_bellback,0,1,0,0,-1,0,0,0,0,0,0
mana20,1011,0,506,exposed,5,wc_vn_grandmother_root,0,1,1,4,32,0,0,0,0,0,0
mana20,1011,0,506,exposed,6,wc_vn_cragstoat,0,1,1,1,321,0,0,0,0,0,0
mana20,1011,0,506,exposed,1048577,wc_vn_reefglass,1,1,0,1,76,12000,8000,10000,0,10000,0
mana20,1011,0,506,exposed,1048578,wc_vn_bellback,1,1,0,0,-1,0,0,0,0,0,0
mana20,1011,0,506,exposed,1048579,wc_vn_cragstoat,1,1,0,1,133,0,0,0,0,0,0
mana20,1012,0,507,exposed,4,wc_vn_bellback,0,1,1,0,-1,0,0,0,0,0,0
mana20,1012,0,507,exposed,5,wc_vn_grandmother_root,0,1,0,5,32,0,0,0,0,0,0
mana20,1012,0,507,exposed,6,wc_vn_cragstoat,0,1,0,0,-1,0,0,0,0,0,0
mana20,1012,0,507,exposed,1048577,wc_vn_reefglass,1,1,0,5,126,53760,6240,50000,0,10000,2
mana20,1012,0,507,exposed,1048578,wc_vn_bellback,1,1,0,0,-1,0,0,0,0,0,0
mana20,1012,0,507,exposed,1048579,wc_vn_cragstoat,1,1,0,0,-1,0,0,0,0,0,0
mana20,1013,0,508,exposed,4,wc_vn_bellback,0,1,0,0,-1,0,0,0,0,0,0
mana20,1013,0,508,exposed,5,wc_vn_grandmother_root,0,1,1,5,32,0,0,0,0,0,0
mana20,1013,0,508,exposed,6,wc_vn_cragstoat,0,1,1,0,-1,0,0,0,0,0,0
mana20,1013,0,508,exposed,1048577,wc_vn_reefglass,1,1,0,2,126,23263,6737,20000,0,10000,0
mana20,1013,0,508,exposed,1048578,wc_vn_bellback,1,1,0,0,-1,0,0,0,0,0,0
mana20,1013,0,508,exposed,1048579,wc_vn_cragstoat,1,1,0,0,-1,0,0,0,0,0,0
mana20,1014,0,509,exposed,4,wc_vn_bellback,0,1,0,0,-1,0,0,0,0,0,0
mana20,1014,0,509,exposed,5,wc_vn_grandmother_root,0,1,0,4,32,0,0,0,0,0,0
mana20,1014,0,509,exposed,6,wc_vn_cragstoat,0,1,0,0,-1,0,0,0,0,0,0
mana20,1014,0,509,exposed,1048577,wc_vn_reefglass,1,1,0,1,76,12000,8000,10000,0,10000,0
mana20,1014,0,509,exposed,1048578,wc_vn_bellback,1,1,1,0,-1,0,0,0,0,0,0
mana20,1014,0,509,exposed,1048579,wc_vn_cragstoat,1,1,1,2,133,0,0,0,0,0,0
mana20,1015,0,510,exposed,4,wc_vn_bellback,0,1,0,0,-1,0,0,0,0,0,0
mana20,1015,0,510,exposed,5,wc_vn_grandmother_root,0,1,0,5,32,0,0,0,0,0,0
mana20,1015,0,510,exposed,6,wc_vn_cragstoat,0,1,0,0,-1,0,0,0,0,0,0
mana20,1015,0,510,exposed,1048577,wc_vn_reefglass,1,1,1,4,126,47760,2240,40000,10000,0,0
mana20,1015,0,510,exposed,1048578,wc_vn_bellback,1,1,0,0,-1,0,0,0,0,0,0
mana20,1015,0,510,exposed,1048579,wc_vn_cragstoat,1,1,0,0,-1,0,0,0,0,0,0
mana20,1016,0,511,exposed,4,wc_vn_bellback,0,1,0,0,-1,0,0,0,0,0,0
mana20,1016,0,511,exposed,5,wc_vn_grandmother_root,0,1,1,5,32,0,0,0,0,0,0
mana20,1016,0,511,exposed,6,wc_vn_cragstoat,0,1,1,0,-1,0,0,0,0,0,0
mana20,1016,0,511,exposed,1048577,wc_vn_reefglass,1,1,0,2,126,23263,6737,20000,0,10000,0
mana20,1016,0,511,exposed,1048578,wc_vn_bellback,1,1,0,0,-1,0,0,0,0,0,0
mana20,1016,0,511,exposed,1048579,wc_vn_cragstoat,1,1,0,0,-1,0,0,0,0,0,0
mana20,1001,0,512,exposed,1,wc_vn_reefglass,0,2,1,3,101,23739,6261,30000,0,0,0
mana20,1001,0,512,exposed,2,wc_vn_bellback,0,1,1,0,-1,0,0,0,0,0,0
mana20,1001,0,512,exposed,3,wc_vn_cragstoat,0,1,1,2,153,0,0,0,0,0,0
mana20,1001,0,512,exposed,1048580,wc_vn_bellback,1,1,0,0,-1,0,0,0,0,0,0
mana20,1001,0,512,exposed,1048581,wc_vn_grandmother_root,1,2,0,3,32,0,0,0,0,0,0
mana20,1001,0,512,exposed,1048582,wc_vn_cragstoat,1,1,0,0,-1,0,0,0,0,0,0
mana20,1002,0,513,exposed,1,wc_vn_reefglass,0,2,0,2,101,18276,7725,20000,0,6001,0
mana20,1002,0,513,exposed,2,wc_vn_bellback,0,1,0,0,-1,0,0,0,0,0,0
mana20,1002,0,513,exposed,3,wc_vn_cragstoat,0,1,0,2,421,0,0,0,0,0,0
mana20,1002,0,513,exposed,1048580,wc_vn_bellback,1,1,0,0,-1,0,0,0,0,0,0
mana20,1002,0,513,exposed,1048581,wc_vn_grandmother_root,1,2,1,6,32,0,0,0,0,0,0
mana20,1002,0,513,exposed,1048582,wc_vn_cragstoat,1,1,0,0,-1,0,0,0,0,0,0
mana20,1003,0,514,exposed,1,wc_vn_reefglass,0,2,1,3,101,23739,6261,30000,0,0,0
mana20,1003,0,514,exposed,2,wc_vn_bellback,0,1,1,0,-1,0,0,0,0,0,0
mana20,1003,0,514,exposed,3,wc_vn_cragstoat,0,1,1,2,153,0,0,0,0,0,0
mana20,1003,0,514,exposed,1048580,wc_vn_bellback,1,1,0,0,-1,0,0,0,0,0,0
mana20,1003,0,514,exposed,1048581,wc_vn_grandmother_root,1,2,0,3,32,0,0,0,0,0,0
mana20,1003,0,514,exposed,1048582,wc_vn_cragstoat,1,1,0,0,-1,0,0,0,0,0,0
mana20,1004,0,515,exposed,1,wc_vn_reefglass,0,2,1,2,101,23856,6144,20000,10000,0,0
mana20,1004,0,515,exposed,2,wc_vn_bellback,0,1,1,0,-1,0,0,0,0,0,0
mana20,1004,0,515,exposed,3,wc_vn_cragstoat,0,1,1,2,137,0,0,0,0,0,0
mana20,1004,0,515,exposed,1048580,wc_vn_bellback,1,1,0,0,-1,0,0,0,0,0,0
mana20,1004,0,515,exposed,1048581,wc_vn_grandmother_root,1,2,0,3,32,0,0,0,0,0,0
mana20,1004,0,515,exposed,1048582,wc_vn_cragstoat,1,1,0,0,-1,0,0,0,0,0,0
mana20,1005,0,516,exposed,1,wc_vn_reefglass,0,2,1,2,126,26285,3715,20000,10000,0,9
mana20,1005,0,516,exposed,2,wc_vn_bellback,0,1,1,0,-1,0,0,0,0,0,0
mana20,1005,0,516,exposed,3,wc_vn_cragstoat,0,1,0,0,-1,0,0,0,0,0,0
mana20,1005,0,516,exposed,1048580,wc_vn_bellback,1,1,0,0,-1,0,0,0,0,0,0
mana20,1005,0,516,exposed,1048581,wc_vn_grandmother_root,1,2,0,4,32,0,0,0,0,0,0
mana20,1005,0,516,exposed,1048582,wc_vn_cragstoat,1,1,0,0,-1,0,0,0,0,0,0
mana20,1006,0,517,exposed,1,wc_vn_reefglass,0,2,0,2,126,24857,5143,20000,0,10000,6
mana20,1006,0,517,exposed,2,wc_vn_bellback,0,1,1,0,-1,0,0,0,0,0,0
mana20,1006,0,517,exposed,3,wc_vn_cragstoat,0,1,0,0,-1,0,0,0,0,0,0
mana20,1006,0,517,exposed,1048580,wc_vn_bellback,1,1,0,0,-1,0,0,0,0,0,0
mana20,1006,0,517,exposed,1048581,wc_vn_grandmother_root,1,2,0,3,32,0,0,0,0,0,0
mana20,1006,0,517,exposed,1048582,wc_vn_cragstoat,1,1,0,1,281,0,0,0,0,0,0
mana20,1007,0,518,exposed,1,wc_vn_reefglass,0,2,0,3,126,27746,6809,30000,0,4555,0
mana20,1007,0,518,exposed,2,wc_vn_bellback,0,1,0,0,-1,0,0,0,0,0,0
mana20,1007,0,518,exposed,3,wc_vn_cragstoat,0,1,0,0,-1,0,0,0,0,0,0
mana20,1007,0,518,exposed,1048580,wc_vn_bellback,1,1,1,0,-1,0,0,0,0,0,0
mana20,1007,0,518,exposed,1048581,wc_vn_grandmother_root,1,2,0,3,32,0,0,0,0,0,0
mana20,1007,0,518,exposed,1048582,wc_vn_cragstoat,1,1,1,1,457,0,0,0,0,0,0
mana20,1008,0,519,exposed,1,wc_vn_reefglass,0,2,1,2,126,29378,622,20000,10000,0,11
mana20,1008,0,519,exposed,2,wc_vn_bellback,0,1,0,0,-1,0,0,0,0,0,0
mana20,1008,0,519,exposed,3,wc_vn_cragstoat,0,1,0,0,-1,0,0,0,0,0,0
mana20,1008,0,519,exposed,1048580,wc_vn_bellback,1,1,0,0,-1,0,0,0,0,0,0
mana20,1008,0,519,exposed,1048581,wc_vn_grandmother_root,1,2,0,5,32,0,0,0,0,0,0
mana20,1008,0,519,exposed,1048582,wc_vn_cragstoat,1,1,0,0,-1,0,0,0,0,0,0
mana20,1009,0,520,exposed,1,wc_vn_reefglass,0,2,1,2,126,26890,3110,20000,10000,0,9
mana20,1009,0,520,exposed,2,wc_vn_bellback,0,1,1,0,-1,0,0,0,0,0,0
mana20,1009,0,520,exposed,3,wc_vn_cragstoat,0,1,0,0,-1,0,0,0,0,0,0
mana20,1009,0,520,exposed,1048580,wc_vn_bellback,1,1,0,0,-1,0,0,0,0,0,0
mana20,1009,0,520,exposed,1048581,wc_vn_grandmother_root,1,2,0,5,32,0,0,0,0,0,0
mana20,1009,0,520,exposed,1048582,wc_vn_cragstoat,1,1,0,0,-1,0,0,0,0,0,0
mana20,1010,0,521,exposed,1,wc_vn_reefglass,0,2,1,2,126,26285,3715,20000,10000,0,9
mana20,1010,0,521,exposed,2,wc_vn_bellback,0,1,1,0,-1,0,0,0,0,0,0
mana20,1010,0,521,exposed,3,wc_vn_cragstoat,0,1,0,0,-1,0,0,0,0,0,0
mana20,1010,0,521,exposed,1048580,wc_vn_bellback,1,1,0,0,-1,0,0,0,0,0,0
mana20,1010,0,521,exposed,1048581,wc_vn_grandmother_root,1,2,0,4,32,0,0,0,0,0,0
mana20,1010,0,521,exposed,1048582,wc_vn_cragstoat,1,1,0,0,-1,0,0,0,0,0,0
mana20,1011,0,522,exposed,1,wc_vn_reefglass,0,2,1,3,101,23403,6597,30000,0,0,0
mana20,1011,0,522,exposed,2,wc_vn_bellback,0,1,1,0,-1,0,0,0,0,0,0
mana20,1011,0,522,exposed,3,wc_vn_cragstoat,0,1,1,2,153,0,0,0,0,0,0
mana20,1011,0,522,exposed,1048580,wc_vn_bellback,1,1,0,0,-1,0,0,0,0,0,0
mana20,1011,0,522,exposed,1048581,wc_vn_grandmother_root,1,2,0,3,32,0,0,0,0,0,0
mana20,1011,0,522,exposed,1048582,wc_vn_cragstoat,1,1,0,0,-1,0,0,0,0,0,0
mana20,1012,0,523,exposed,1,wc_vn_reefglass,0,2,1,2,126,25823,4177,20000,10000,0,10
mana20,1012,0,523,exposed,2,wc_vn_bellback,0,1,0,0,-1,0,0,0,0,0,0
mana20,1012,0,523,exposed,3,wc_vn_cragstoat,0,1,0,0,-1,0,0,0,0,0,0
mana20,1012,0,523,exposed,1048580,wc_vn_bellback,1,1,0,0,-1,0,0,0,0,0,0
mana20,1012,0,523,exposed,1048581,wc_vn_grandmother_root,1,2,0,3,32,0,0,0,0,0,0
mana20,1012,0,523,exposed,1048582,wc_vn_cragstoat,1,1,0,0,-1,0,0,0,0,0,0
mana20,1013,0,524,exposed,1,wc_vn_reefglass,0,2,1,2,101,24445,5555,20000,10000,0,0
mana20,1013,0,524,exposed,2,wc_vn_bellback,0,1,1,0,-1,0,0,0,0,0,0
mana20,1013,0,524,exposed,3,wc_vn_cragstoat,0,1,1,2,137,0,0,0,0,0,0
mana20,1013,0,524,exposed,1048580,wc_vn_bellback,1,1,0,0,-1,0,0,0,0,0,0
mana20,1013,0,524,exposed,1048581,wc_vn_grandmother_root,1,2,0,3,32,0,0,0,0,0,0
mana20,1013,0,524,exposed,1048582,wc_vn_cragstoat,1,1,0,0,-1,0,0,0,0,0,0
mana20,1014,0,525,exposed,1,wc_vn_reefglass,0,2,0,2,101,22041,7959,20000,0,10000,0
mana20,1014,0,525,exposed,2,wc_vn_bellback,0,1,1,0,-1,0,0,0,0,0,0
mana20,1014,0,525,exposed,3,wc_vn_cragstoat,0,1,1,3,153,0,0,0,0,0,0
mana20,1014,0,525,exposed,1048580,wc_vn_bellback,1,1,0,0,-1,0,0,0,0,0,0
mana20,1014,0,525,exposed,1048581,wc_vn_grandmother_root,1,2,0,4,32,0,0,0,0,0,0
mana20,1014,0,525,exposed,1048582,wc_vn_cragstoat,1,1,0,1,261,0,0,0,0,0,0
mana20,1015,0,526,exposed,1,wc_vn_reefglass,0,2,0,3,126,27746,6809,30000,0,4555,0
mana20,1015,0,526,exposed,2,wc_vn_bellback,0,1,0,0,-1,0,0,0,0,0,0
mana20,1015,0,526,exposed,3,wc_vn_cragstoat,0,1,0,0,-1,0,0,0,0,0,0
mana20,1015,0,526,exposed,1048580,wc_vn_bellback,1,1,1,0,-1,0,0,0,0,0,0
mana20,1015,0,526,exposed,1048581,wc_vn_grandmother_root,1,2,0,3,32,0,0,0,0,0,0
mana20,1015,0,526,exposed,1048582,wc_vn_cragstoat,1,1,1,1,457,0,0,0,0,0,0
mana20,1016,0,527,exposed,1,wc_vn_reefglass,0,2,1,2,101,24445,5555,20000,10000,0,0
mana20,1016,0,527,exposed,2,wc_vn_bellback,0,1,1,0,-1,0,0,0,0,0,0
mana20,1016,0,527,exposed,3,wc_vn_cragstoat,0,1,1,2,137,0,0,0,0,0,0
mana20,1016,0,527,exposed,1048580,wc_vn_bellback,1,1,0,0,-1,0,0,0,0,0,0
mana20,1016,0,527,exposed,1048581,wc_vn_grandmother_root,1,2,0,3,32,0,0,0,0,0,0
mana20,1016,0,527,exposed,1048582,wc_vn_cragstoat,1,1,0,0,-1,0,0,0,0,0,0
mana20,1001,0,528,exposed,4,wc_vn_bellback,0,1,0,0,-1,0,0,0,0,0,0
mana20,1001,0,528,exposed,5,wc_vn_grandmother_root,0,2,0,3,32,0,0,0,0,0,0
mana20,1001,0,528,exposed,6,wc_vn_cragstoat,0,1,0,0,-1,0,0,0,0,0,0
mana20,1001,0,528,exposed,1048577,wc_vn_reefglass,1,2,1,2,101,23848,6152,20000,10000,0,1
mana20,1001,0,528,exposed,1048578,wc_vn_bellback,1,1,1,0,-1,0,0,0,0,0,0
mana20,1001,0,528,exposed,1048579,wc_vn_cragstoat,1,1,1,2,153,0,0,0,0,0,0
mana20,1002,0,529,exposed,4,wc_vn_bellback,0,1,0,0,-1,0,0,0,0,0,0
mana20,1002,0,529,exposed,5,wc_vn_grandmother_root,0,2,0,3,32,0,0,0,0,0,0
mana20,1002,0,529,exposed,6,wc_vn_cragstoat,0,1,0,0,-1,0,0,0,0,0,0
mana20,1002,0,529,exposed,1048577,wc_vn_reefglass,1,2,1,3,126,34402,5598,30000,10000,0,1
mana20,1002,0,529,exposed,1048578,wc_vn_bellback,1,1,1,0,-1,0,0,0,0,0,0
mana20,1002,0,529,exposed,1048579,wc_vn_cragstoat,1,1,0,0,-1,0,0,0,0,0,0
mana20,1003,0,530,exposed,4,wc_vn_bellback,0,1,0,0,-1,0,0,0,0,0,0
mana20,1003,0,530,exposed,5,wc_vn_grandmother_root,0,2,0,3,32,0,0,0,0,0,0
mana20,1003,0,530,exposed,6,wc_vn_cragstoat,0,1,0,0,-1,0,0,0,0,0,0
mana20,1003,0,530,exposed,1048577,wc_vn_reefglass,1,2,0,2,101,22713,7287,20000,0,10000,1
mana20,1003,0,530,exposed,1048578,wc_vn_bellback,1,1,1,0,-1,0,0,0,0,0,0
mana20,1003,0,530,exposed,1048579,wc_vn_cragstoat,1,1,1,1,153,0,0,0,0,0,0
mana20,1004,0,531,exposed,4,wc_vn_bellback,0,1,0,0,-1,0,0,0,0,0,0
mana20,1004,0,531,exposed,5,wc_vn_grandmother_root,0,2,0,3,32,0,0,0,0,0,0
mana20,1004,0,531,exposed,6,wc_vn_cragstoat,0,1,0,0,-1,0,0,0,0,0,0
mana20,1004,0,531,exposed,1048577,wc_vn_reefglass,1,2,1,2,126,25957,4043,20000,10000,0,5
mana20,1004,0,531,exposed,1048578,wc_vn_bellback,1,1,1,0,-1,0,0,0,0,0,0
mana20,1004,0,531,exposed,1048579,wc_vn_cragstoat,1,1,0,0,-1,0,0,0,0,0,0
mana20,1005,0,532,exposed,4,wc_vn_bellback,0,1,0,0,-1,0,0,0,0,0,0
mana20,1005,0,532,exposed,5,wc_vn_grandmother_root,0,2,0,5,32,0,0,0,0,0,0
mana20,1005,0,532,exposed,6,wc_vn_cragstoat,0,1,0,0,-1,0,0,0,0,0,0
mana20,1005,0,532,exposed,1048577,wc_vn_reefglass,1,2,1,2,126,25755,4245,20000,10000,0,9
mana20,1005,0,532,exposed,1048578,wc_vn_bellback,1,1,1,0,-1,0,0,0,0,0,0
mana20,1005,0,532,exposed,1048579,wc_vn_cragstoat,1,1,0,0,-1,0,0,0,0,0,0
mana20,1006,0,533,exposed,4,wc_vn_bellback,0,1,0,0,-1,0,0,0,0,0,0
mana20,1006,0,533,exposed,5,wc_vn_grandmother_root,0,2,0,3,32,0,0,0,0,0,0
mana20,1006,0,533,exposed,6,wc_vn_cragstoat,0,1,0,0,-1,0,0,0,0,0,0
mana20,1006,0,533,exposed,1048577,wc_vn_reefglass,1,2,1,2,101,24470,5530,20000,10000,0,0
mana20,1006,0,533,exposed,1048578,wc_vn_bellback,1,1,1,0,-1,0,0,0,0,0,0
mana20,1006,0,533,exposed,1048579,wc_vn_cragstoat,1,1,1,2,137,0,0,0,0,0,0
mana20,1007,0,534,exposed,4,wc_vn_bellback,0,1,0,0,-1,0,0,0,0,0,0
mana20,1007,0,534,exposed,5,wc_vn_grandmother_root,0,2,0,4,32,0,0,0,0,0,0
mana20,1007,0,534,exposed,6,wc_vn_cragstoat,0,1,0,0,-1,0,0,0,0,0,0
mana20,1007,0,534,exposed,1048577,wc_vn_reefglass,1,2,1,3,126,39378,622,30000,10000,0,0
mana20,1007,0,534,exposed,1048578,wc_vn_bellback,1,1,1,0,-1,0,0,0,0,0,0
mana20,1007,0,534,exposed,1048579,wc_vn_cragstoat,1,1,0,0,-1,0,0,0,0,0,0
mana20,1008,0,535,exposed,4,wc_vn_bellback,0,1,0,0,-1,0,0,0,0,0,0
mana20,1008,0,535,exposed,5,wc_vn_grandmother_root,0,2,0,4,32,0,0,0,0,0,0
mana20,1008,0,535,exposed,6,wc_vn_cragstoat,0,1,0,0,-1,0,0,0,0,0,0
mana20,1008,0,535,exposed,1048577,wc_vn_reefglass,1,2,1,2,126,25814,4186,20000,10000,0,10
mana20,1008,0,535,exposed,1048578,wc_vn_bellback,1,1,1,0,-1,0,0,0,0,0,0
mana20,1008,0,535,exposed,1048579,wc_vn_cragstoat,1,1,0,0,-1,0,0,0,0,0,0
mana20,1009,0,536,exposed,4,wc_vn_bellback,0,1,0,0,-1,0,0,0,0,0,0
mana20,1009,0,536,exposed,5,wc_vn_grandmother_root,0,2,0,3,32,0,0,0,0,0,0
mana20,1009,0,536,exposed,6,wc_vn_cragstoat,0,1,0,0,-1,0,0,0,0,0,0
mana20,1009,0,536,exposed,1048577,wc_vn_reefglass,1,2,1,2,101,23478,5093,20000,8571,0,0
mana20,1009,0,536,exposed,1048578,wc_vn_bellback,1,1,1,0,-1,0,0,0,0,0,0
mana20,1009,0,536,exposed,1048579,wc_vn_cragstoat,1,1,1,2,137,0,0,0,0,0,0
mana20,1010,0,537,exposed,4,wc_vn_bellback,0,1,0,0,-1,0,0,0,0,0,0
mana20,1010,0,537,exposed,5,wc_vn_grandmother_root,0,2,0,5,32,0,0,0,0,0,0
mana20,1010,0,537,exposed,6,wc_vn_cragstoat,0,1,0,0,-1,0,0,0,0,0,0
mana20,1010,0,537,exposed,1048577,wc_vn_reefglass,1,2,1,2,126,25755,4245,20000,10000,0,9
mana20,1010,0,537,exposed,1048578,wc_vn_bellback,1,1,1,0,-1,0,0,0,0,0,0
mana20,1010,0,537,exposed,1048579,wc_vn_cragstoat,1,1,0,0,-1,0,0,0,0,0,0
mana20,1011,0,538,exposed,4,wc_vn_bellback,0,1,0,0,-1,0,0,0,0,0,0
mana20,1011,0,538,exposed,5,wc_vn_grandmother_root,0,2,0,3,32,0,0,0,0,0,0
mana20,1011,0,538,exposed,6,wc_vn_cragstoat,0,1,0,0,-1,0,0,0,0,0,0
mana20,1011,0,538,exposed,1048577,wc_vn_reefglass,1,2,0,2,101,22377,7623,20000,0,10000,1
mana20,1011,0,538,exposed,1048578,wc_vn_bellback,1,1,1,0,-1,0,0,0,0,0,0
mana20,1011,0,538,exposed,1048579,wc_vn_cragstoat,1,1,1,1,153,0,0,0,0,0,0
mana20,1012,0,539,exposed,4,wc_vn_bellback,0,1,0,0,-1,0,0,0,0,0,0
mana20,1012,0,539,exposed,5,wc_vn_grandmother_root,0,2,0,4,32,0,0,0,0,0,0
mana20,1012,0,539,exposed,6,wc_vn_cragstoat,0,1,0,0,-1,0,0,0,0,0,0
mana20,1012,0,539,exposed,1048577,wc_vn_reefglass,1,2,1,4,126,46998,3002,40000,10000,0,0
mana20,1012,0,539,exposed,1048578,wc_vn_bellback,1,1,0,0,-1,0,0,0,0,0,0
mana20,1012,0,539,exposed,1048579,wc_vn_cragstoat,1,1,0,0,-1,0,0,0,0,0,0
mana20,1013,0,540,exposed,4,wc_vn_bellback,0,1,0,0,-1,0,0,0,0,0,0
mana20,1013,0,540,exposed,5,wc_vn_grandmother_root,0,2,0,4,32,0,0,0,0,0,0
mana20,1013,0,540,exposed,6,wc_vn_cragstoat,0,1,0,0,-1,0,0,0,0,0,0
mana20,1013,0,540,exposed,1048577,wc_vn_reefglass,1,2,1,2,126,25622,4378,20000,10000,0,9
mana20,1013,0,540,exposed,1048578,wc_vn_bellback,1,1,1,0,-1,0,0,0,0,0,0
mana20,1013,0,540,exposed,1048579,wc_vn_cragstoat,1,1,0,0,-1,0,0,0,0,0,0
mana20,1014,0,541,exposed,4,wc_vn_bellback,0,1,0,0,-1,0,0,0,0,0,0
mana20,1014,0,541,exposed,5,wc_vn_grandmother_root,0,2,0,3,32,0,0,0,0,0,0
mana20,1014,0,541,exposed,6,wc_vn_cragstoat,0,1,0,0,-1,0,0,0,0,0,0
mana20,1014,0,541,exposed,1048577,wc_vn_reefglass,1,2,1,2,101,23848,6152,20000,10000,0,1
mana20,1014,0,541,exposed,1048578,wc_vn_bellback,1,1,1,0,-1,0,0,0,0,0,0
mana20,1014,0,541,exposed,1048579,wc_vn_cragstoat,1,1,1,2,153,0,0,0,0,0,0
mana20,1015,0,542,exposed,4,wc_vn_bellback,0,1,0,0,-1,0,0,0,0,0,0
mana20,1015,0,542,exposed,5,wc_vn_grandmother_root,0,2,0,4,32,0,0,0,0,0,0
mana20,1015,0,542,exposed,6,wc_vn_cragstoat,0,1,0,0,-1,0,0,0,0,0,0
mana20,1015,0,542,exposed,1048577,wc_vn_reefglass,1,2,1,3,126,39378,622,30000,10000,0,0
mana20,1015,0,542,exposed,1048578,wc_vn_bellback,1,1,1,0,-1,0,0,0,0,0,0
mana20,1015,0,542,exposed,1048579,wc_vn_cragstoat,1,1,0,0,-1,0,0,0,0,0,0
mana20,1016,0,543,exposed,4,wc_vn_bellback,0,1,0,0,-1,0,0,0,0,0,0
mana20,1016,0,543,exposed,5,wc_vn_grandmother_root,0,2,0,3,32,0,0,0,0,0,0
mana20,1016,0,543,exposed,6,wc_vn_cragstoat,0,1,0,0,-1,0,0,0,0,0,0
mana20,1016,0,543,exposed,1048577,wc_vn_reefglass,1,2,1,3,126,33756,6244,30000,10000,0,0
mana20,1016,0,543,exposed,1048578,wc_vn_bellback,1,1,1,0,-1,0,0,0,0,0,0
mana20,1016,0,543,exposed,1048579,wc_vn_cragstoat,1,1,0,0,-1,0,0,0,0,0,0
mana20,1001,0,544,exposed,1,wc_vn_reefglass,0,3,1,2,101,25230,4770,20000,10000,0,0
mana20,1001,0,544,exposed,2,wc_vn_bellback,0,1,1,0,-1,0,0,0,0,0,0
mana20,1001,0,544,exposed,3,wc_vn_cragstoat,0,1,1,2,213,0,0,0,0,0,0
mana20,1001,0,544,exposed,1048580,wc_vn_bellback,1,1,0,0,-1,0,0,0,0,0,0
mana20,1001,0,544,exposed,1048581,wc_vn_grandmother_root,1,3,0,3,32,0,0,0,0,0,0
mana20,1001,0,544,exposed,1048582,wc_vn_cragstoat,1,1,0,0,-1,0,0,0,0,0,0
mana20,1002,0,545,exposed,1,wc_vn_reefglass,0,3,1,2,101,23811,6189,20000,10000,0,7
mana20,1002,0,545,exposed,2,wc_vn_bellback,0,1,1,0,-1,0,0,0,0,0,0
mana20,1002,0,545,exposed,3,wc_vn_cragstoat,0,1,1,1,457,0,0,0,0,0,0
mana20,1002,0,545,exposed,1048580,wc_vn_bellback,1,1,0,0,-1,0,0,0,0,0,0
mana20,1002,0,545,exposed,1048581,wc_vn_grandmother_root,1,3,0,3,32,0,0,0,0,0,0
mana20,1002,0,545,exposed,1048582,wc_vn_cragstoat,1,1,0,0,-1,0,0,0,0,0,0
mana20,1003,0,546,exposed,1,wc_vn_reefglass,0,3,1,2,101,25230,4770,20000,10000,0,0
mana20,1003,0,546,exposed,2,wc_vn_bellback,0,1,1,0,-1,0,0,0,0,0,0
mana20,1003,0,546,exposed,3,wc_vn_cragstoat,0,1,1,2,213,0,0,0,0,0,0
mana20,1003,0,546,exposed,1048580,wc_vn_bellback,1,1,0,0,-1,0,0,0,0,0,0
mana20,1003,0,546,exposed,1048581,wc_vn_grandmother_root,1,3,0,3,32,0,0,0,0,0,0
mana20,1003,0,546,exposed,1048582,wc_vn_cragstoat,1,1,0,0,-1,0,0,0,0,0,0
mana20,1004,0,547,exposed,1,wc_vn_reefglass,0,3,1,2,101,25104,4896,20000,10000,0,0
mana20,1004,0,547,exposed,2,wc_vn_bellback,0,1,1,0,-1,0,0,0,0,0,0
mana20,1004,0,547,exposed,3,wc_vn_cragstoat,0,1,1,2,137,0,0,0,0,0,0
mana20,1004,0,547,exposed,1048580,wc_vn_bellback,1,1,0,0,-1,0,0,0,0,0,0
mana20,1004,0,547,exposed,1048581,wc_vn_grandmother_root,1,3,0,3,32,0,0,0,0,0,0
mana20,1004,0,547,exposed,1048582,wc_vn_cragstoat,1,1,0,0,-1,0,0,0,0,0,0
mana20,1005,0,548,exposed,1,wc_vn_reefglass,0,3,1,3,126,31813,2523,30000,4336,0,0
mana20,1005,0,548,exposed,2,wc_vn_bellback,0,1,1,0,-1,0,0,0,0,0,0
mana20,1005,0,548,exposed,3,wc_vn_cragstoat,0,1,0,0,-1,0,0,0,0,0,0
mana20,1005,0,548,exposed,1048580,wc_vn_bellback,1,1,0,0,-1,0,0,0,0,0,0
mana20,1005,0,548,exposed,1048581,wc_vn_grandmother_root,1,3,0,3,32,0,0,0,0,0,0
mana20,1005,0,548,exposed,1048582,wc_vn_cragstoat,1,1,0,0,-1,0,0,0,0,0,0
mana20,1006,0,549,exposed,1,wc_vn_reefglass,0,3,1,3,126,31691,5001,30000,6692,0,0
mana20,1006,0,549,exposed,2,wc_vn_bellback,0,1,1,0,-1,0,0,0,0,0,0
mana20,1006,0,549,exposed,3,wc_vn_cragstoat,0,1,0,0,-1,0,0,0,0,0,0
mana20,1006,0,549,exposed,1048580,wc_vn_bellback,1,1,0,0,-1,0,0,0,0,0,0
mana20,1006,0,549,exposed,1048581,wc_vn_grandmother_root,1,3,0,3,32,0,0,0,0,0,0
mana20,1006,0,549,exposed,1048582,wc_vn_cragstoat,1,1,0,1,301,0,0,0,0,0,0
mana20,1007,0,550,exposed,1,wc_vn_reefglass,0,3,1,3,126,34374,5626,30000,10000,0,1
mana20,1007,0,550,exposed,2,wc_vn_bellback,0,1,1,0,-1,0,0,0,0,0,0
mana20,1007,0,550,exposed,3,wc_vn_cragstoat,0,1,0,0,-1,0,0,0,0,0,0
mana20,1007,0,550,exposed,1048580,wc_vn_bellback,1,1,0,0,-1,0,0,0,0,0,0
mana20,1007,0,550,exposed,1048581,wc_vn_grandmother_root,1,3,0,3,32,0,0,0,0,0,0
mana20,1007,0,550,exposed,1048582,wc_vn_cragstoat,1,1,0,0,-1,0,0,0,0,0,0
mana20,1008,0,551,exposed,1,wc_vn_reefglass,0,3,1,2,126,30000,0,20000,10000,0,6
mana20,1008,0,551,exposed,2,wc_vn_bellback,0,1,0,0,-1,0,0,0,0,0,0
mana20,1008,0,551,exposed,3,wc_vn_cragstoat,0,1,0,0,-1,0,0,0,0,0,0
mana20,1008,0,551,exposed,1048580,wc_vn_bellback,1,1,0,0,-1,0,0,0,0,0,0
mana20,1008,0,551,exposed,1048581,wc_vn_grandmother_root,1,3,0,4,32,0,0,0,0,0,0
mana20,1008,0,551,exposed,1048582,wc_vn_cragstoat,1,1,0,0,-1,0,0,0,0,0,0
mana20,1009,0,552,exposed,1,wc_vn_reefglass,0,3,1,2,126,28789,1211,20000,10000,0,8
mana20,1009,0,552,exposed,2,wc_vn_bellback,0,1,0,0,-1,0,0,0,0,0,0
mana20,1009,0,552,exposed,3,wc_vn_cragstoat,0,1,0,0,-1,0,0,0,0,0,0
mana20,1009,0,552,exposed,1048580,wc_vn_bellback,1,1,0,0,-1,0,0,0,0,0,0
mana20,1009,0,552,exposed,1048581,wc_vn_grandmother_root,1,3,0,5,32,0,0,0,0,0,0
mana20,1009,0,552,exposed,1048582,wc_vn_cragstoat,1,1,0,0,-1,0,0,0,0,0,0
mana20,1010,0,553,exposed,1,wc_vn_reefglass,0,3,1,3,126,31813,2523,30000,4336,0,0
mana20,1010,0,553,exposed,2,wc_vn_bellback,0,1,1,0,-1,0,0,0,0,0,0
mana20,1010,0,553,exposed,3,wc_vn_cragstoat,0,1,0,0,-1,0,0,0,0,0,0
mana20,1010,0,553,exposed,1048580,wc_vn_bellback,1,1,0,0,-1,0,0,0,0,0,0
mana20,1010,0,553,exposed,1048581,wc_vn_grandmother_root,1,3,0,3,32,0,0,0,0,0,0
mana20,1010,0,553,exposed,1048582,wc_vn_cragstoat,1,1,0,0,-1,0,0,0,0,0,0
mana20,1011,0,554,exposed,1,wc_vn_reefglass,0,3,1,2,101,25122,4878,20000,10000,0,0
mana20,1011,0,554,exposed,2,wc_vn_bellback,0,1,1,0,-1,0,0,0,0,0,0
mana20,1011,0,554,exposed,3,wc_vn_cragstoat,0,1,1,2,213,0,0,0,0,0,0
mana20,1011,0,554,exposed,1048580,wc_vn_bellback,1,1,0,0,-1,0,0,0,0,0,0
mana20,1011,0,554,exposed,1048581,wc_vn_grandmother_root,1,3,0,3,32,0,0,0,0,0,0
mana20,1011,0,554,exposed,1048582,wc_vn_cragstoat,1,1,0,0,-1,0,0,0,0,0,0
mana20,1012,0,555,exposed,1,wc_vn_reefglass,0,3,1,2,126,26970,3030,20000,10000,0,7
mana20,1012,0,555,exposed,2,wc_vn_bellback,0,1,0,0,-1,0,0,0,0,0,0
mana20,1012,0,555,exposed,3,wc_vn_cragstoat,0,1,0,0,-1,0,0,0,0,0,0
mana20,1012,0,555,exposed,1048580,wc_vn_bellback,1,1,0,0,-1,0,0,0,0,0,0
mana20,1012,0,555,exposed,1048581,wc_vn_grandmother_root,1,3,0,3,32,0,0,0,0,0,0
mana20,1012,0,555,exposed,1048582,wc_vn_cragstoat,1,1,0,0,-1,0,0,0,0,0,0
mana20,1013,0,556,exposed,1,wc_vn_reefglass,0,3,1,2,101,24520,4488,20000,9008,0,0
mana20,1013,0,556,exposed,2,wc_vn_bellback,0,1,1,0,-1,0,0,0,0,0,0
mana20,1013,0,556,exposed,3,wc_vn_cragstoat,0,1,1,2,137,0,0,0,0,0,0
mana20,1013,0,556,exposed,1048580,wc_vn_bellback,1,1,0,0,-1,0,0,0,0,0,0
mana20,1013,0,556,exposed,1048581,wc_vn_grandmother_root,1,3,0,3,32,0,0,0,0,0,0
mana20,1013,0,556,exposed,1048582,wc_vn_cragstoat,1,1,0,0,-1,0,0,0,0,0,0
mana20,1014,0,557,exposed,1,wc_vn_reefglass,0,3,1,2,101,23892,6108,20000,10000,0,2
mana20,1014,0,557,exposed,2,wc_vn_bellback,0,1,1,0,-1,0,0,0,0,0,0
mana20,1014,0,557,exposed,3,wc_vn_cragstoat,0,1,1,0,-1,0,0,0,0,0,0
mana20,1014,0,557,exposed,1048580,wc_vn_bellback,1,1,0,0,-1,0,0,0,0,0,0
mana20,1014,0,557,exposed,1048581,wc_vn_grandmother_root,1,3,0,3,32,0,0,0,0,0,0
mana20,1014,0,557,exposed,1048582,wc_vn_cragstoat,1,1,0,1,281,0,0,0,0,0,0
mana20,1015,0,558,exposed,1,wc_vn_reefglass,0,3,1,3,126,34374,5626,30000,10000,0,1
mana20,1015,0,558,exposed,2,wc_vn_bellback,0,1,1,0,-1,0,0,0,0,0,0
mana20,1015,0,558,exposed,3,wc_vn_cragstoat,0,1,0,0,-1,0,0,0,0,0,0
mana20,1015,0,558,exposed,1048580,wc_vn_bellback,1,1,0,0,-1,0,0,0,0,0,0
mana20,1015,0,558,exposed,1048581,wc_vn_grandmother_root,1,3,0,3,32,0,0,0,0,0,0
mana20,1015,0,558,exposed,1048582,wc_vn_cragstoat,1,1,0,0,-1,0,0,0,0,0,0
mana20,1016,0,559,exposed,1,wc_vn_reefglass,0,3,1,2,101,24520,4488,20000,9008,0,0
mana20,1016,0,559,exposed,2,wc_vn_bellback,0,1,1,0,-1,0,0,0,0,0,0
mana20,1016,0,559,exposed,3,wc_vn_cragstoat,0,1,1,2,137,0,0,0,0,0,0
mana20,1016,0,559,exposed,1048580,wc_vn_bellback,1,1,0,0,-1,0,0,0,0,0,0
mana20,1016,0,559,exposed,1048581,wc_vn_grandmother_root,1,3,0,3,32,0,0,0,0,0,0
mana20,1016,0,559,exposed,1048582,wc_vn_cragstoat,1,1,0,0,-1,0,0,0,0,0,0
mana20,1001,0,560,exposed,4,wc_vn_bellback,0,1,0,0,-1,0,0,0,0,0,0
mana20,1001,0,560,exposed,5,wc_vn_grandmother_root,0,3,0,3,32,0,0,0,0,0,0
mana20,1001,0,560,exposed,6,wc_vn_cragstoat,0,1,0,0,-1,0,0,0,0,0,0
mana20,1001,0,560,exposed,1048577,wc_vn_reefglass,1,3,1,2,101,24137,4871,20000,9008,0,0
mana20,1001,0,560,exposed,1048578,wc_vn_bellback,1,1,1,0,-1,0,0,0,0,0,0
mana20,1001,0,560,exposed,1048579,wc_vn_cragstoat,1,1,1,2,197,0,0,0,0,0,0
mana20,1002,0,561,exposed,4,wc_vn_bellback,0,1,0,0,-1,0,0,0,0,0,0
mana20,1002,0,561,exposed,5,wc_vn_grandmother_root,0,3,0,3,32,0,0,0,0,0,0
mana20,1002,0,561,exposed,6,wc_vn_cragstoat,0,1,0,0,-1,0,0,0,0,0,0
mana20,1002,0,561,exposed,1048577,wc_vn_reefglass,1,3,1,3,126,36414,3586,30000,10000,0,0
mana20,1002,0,561,exposed,1048578,wc_vn_bellback,1,1,0,0,-1,0,0,0,0,0,0
mana20,1002,0,561,exposed,1048579,wc_vn_cragstoat,1,1,0,0,-1,0,0,0,0,0,0
mana20,1003,0,562,exposed,4,wc_vn_bellback,0,1,0,0,-1,0,0,0,0,0,0
mana20,1003,0,562,exposed,5,wc_vn_grandmother_root,0,3,0,3,32,0,0,0,0,0,0
mana20,1003,0,562,exposed,6,wc_vn_cragstoat,0,1,0,0,-1,0,0,0,0,0,0
mana20,1003,0,562,exposed,1048577,wc_vn_reefglass,1,3,1,2,101,24564,5436,20000,10000,0,1
mana20,1003,0,562,exposed,1048578,wc_vn_bellback,1,1,1,0,-1,0,0,0,0,0,0
mana20,1003,0,562,exposed,1048579,wc_vn_cragstoat,1,1,1,1,153,0,0,0,0,0,0
mana20,1004,0,563,exposed,4,wc_vn_bellback,0,1,0,0,-1,0,0,0,0,0,0
mana20,1004,0,563,exposed,5,wc_vn_grandmother_root,0,3,0,3,32,0,0,0,0,0,0
mana20,1004,0,563,exposed,6,wc_vn_cragstoat,0,1,0,0,-1,0,0,0,0,0,0
mana20,1004,0,563,exposed,1048577,wc_vn_reefglass,1,3,1,2,126,27751,2249,20000,10000,0,4
mana20,1004,0,563,exposed,1048578,wc_vn_bellback,1,1,0,0,-1,0,0,0,0,0,0
mana20,1004,0,563,exposed,1048579,wc_vn_cragstoat,1,1,0,0,-1,0,0,0,0,0,0
mana20,1005,0,564,exposed,4,wc_vn_bellback,0,1,0,0,-1,0,0,0,0,0,0
mana20,1005,0,564,exposed,5,wc_vn_grandmother_root,0,3,0,3,32,0,0,0,0,0,0
mana20,1005,0,564,exposed,6,wc_vn_cragstoat,0,1,0,0,-1,0,0,0,0,0,0
mana20,1005,0,564,exposed,1048577,wc_vn_reefglass,1,3,1,3,126,29813,2523,30000,2336,0,0
mana20,1005,0,564,exposed,1048578,wc_vn_bellback,1,1,1,0,-1,0,0,0,0,0,0
mana20,1005,0,564,exposed,1048579,wc_vn_cragstoat,1,1,0,0,-1,0,0,0,0,0,0
mana20,1006,0,565,exposed,4,wc_vn_bellback,0,1,0,0,-1,0,0,0,0,0,0
mana20,1006,0,565,exposed,5,wc_vn_grandmother_root,0,3,0,3,32,0,0,0,0,0,0
mana20,1006,0,565,exposed,6,wc_vn_cragstoat,0,1,0,0,-1,0,0,0,0,0,0
mana20,1006,0,565,exposed,1048577,wc_vn_reefglass,1,3,1,2,101,24520,4488,20000,9008,0,0
mana20,1006,0,565,exposed,1048578,wc_vn_bellback,1,1,1,0,-1,0,0,0,0,0,0
mana20,1006,0,565,exposed,1048579,wc_vn_cragstoat,1,1,1,2,137,0,0,0,0,0,0
mana20,1007,0,566,exposed,4,wc_vn_bellback,0,1,0,0,-1,0,0,0,0,0,0
mana20,1007,0,566,exposed,5,wc_vn_grandmother_root,0,3,0,4,32,0,0,0,0,0,0
mana20,1007,0,566,exposed,6,wc_vn_cragstoat,0,1,0,0,-1,0,0,0,0,0,0
mana20,1007,0,566,exposed,1048577,wc_vn_reefglass,1,3,1,2,126,30000,0,20000,10000,0,6
mana20,1007,0,566,exposed,1048578,wc_vn_bellback,1,1,0,0,-1,0,0,0,0,0,0
mana20,1007,0,566,exposed,1048579,wc_vn_cragstoat,1,1,0,0,-1,0,0,0,0,0,0
mana20,1008,0,567,exposed,4,wc_vn_bellback,0,1,0,0,-1,0,0,0,0,0,0
mana20,1008,0,567,exposed,5,wc_vn_grandmother_root,0,3,0,3,32,0,0,0,0,0,0
mana20,1008,0,567,exposed,6,wc_vn_cragstoat,0,1,0,0,-1,0,0,0,0,0,0
mana20,1008,0,567,exposed,1048577,wc_vn_reefglass,1,3,1,2,126,27164,2836,20000,10000,0,7
mana20,1008,0,567,exposed,1048578,wc_vn_bellback,1,1,1,0,-1,0,0,0,0,0,0
mana20,1008,0,567,exposed,1048579,wc_vn_cragstoat,1,1,0,0,-1,0,0,0,0,0,0
mana20,1009,0,568,exposed,4,wc_vn_bellback,0,1,0,0,-1,0,0,0,0,0,0
mana20,1009,0,568,exposed,5,wc_vn_grandmother_root,0,3,0,3,32,0,0,0,0,0,0
mana20,1009,0,568,exposed,6,wc_vn_cragstoat,0,1,0,0,-1,0,0,0,0,0,0
mana20,1009,0,568,exposed,1048577,wc_vn_reefglass,1,3,1,3,101,25135,4865,30000,0,0,0
mana20,1009,0,568,exposed,1048578,wc_vn_bellback,1,1,1,0,-1,0,0,0,0,0,0
mana20,1009,0,568,exposed,1048579,wc_vn_cragstoat,1,1,1,2,137,0,0,0,0,0,0
mana20,1010,0,569,exposed,4,wc_vn_bellback,0,1,0,0,-1,0,0,0,0,0,0
mana20,1010,0,569,exposed,5,wc_vn_grandmother_root,0,3,0,3,32,0,0,0,0,0,0
mana20,1010,0,569,exposed,6,wc_vn_cragstoat,0,1,0,0,-1,0,0,0,0,0,0
mana20,1010,0,569,exposed,1048577,wc_vn_reefglass,1,3,1,3,126,29813,2523,30000,2336,0,0
mana20,1010,0,569,exposed,1048578,wc_vn_bellback,1,1,1,0,-1,0,0,0,0,0,0
mana20,1010,0,569,exposed,1048579,wc_vn_cragstoat,1,1,0,0,-1,0,0,0,0,0,0
mana20,1011,0,570,exposed,4,wc_vn_bellback,0,1,0,0,-1,0,0,0,0,0,0
mana20,1011,0,570,exposed,5,wc_vn_grandmother_root,0,3,0,3,32,0,0,0,0,0,0
mana20,1011,0,570,exposed,6,wc_vn_cragstoat,0,1,0,0,-1,0,0,0,0,0,0
mana20,1011,0,570,exposed,1048577,wc_vn_reefglass,1,3,1,2,101,24456,5544,20000,10000,0,1
mana20,1011,0,570,exposed,1048578,wc_vn_bellback,1,1,1,0,-1,0,0,0,0,0,0
mana20,1011,0,570,exposed,1048579,wc_vn_cragstoat,1,1,1,1,153,0,0,0,0,0,0
mana20,1012,0,571,exposed,4,wc_vn_bellback,0,1,0,0,-1,0,0,0,0,0,0
mana20,1012,0,571,exposed,5,wc_vn_grandmother_root,0,3,0,3,32,0,0,0,0,0,0
mana20,1012,0,571,exposed,6,wc_vn_cragstoat,0,1,0,0,-1,0,0,0,0,0,0
mana20,1012,0,571,exposed,1048577,wc_vn_reefglass,1,3,1,3,126,38512,1488,30000,10000,0,1
mana20,1012,0,571,exposed,1048578,wc_vn_bellback,1,1,0,0,-1,0,0,0,0,0,0
mana20,1012,0,571,exposed,1048579,wc_vn_cragstoat,1,1,0,0,-1,0,0,0,0,0,0
mana20,1013,0,572,exposed,4,wc_vn_bellback,0,1,0,0,-1,0,0,0,0,0,0
mana20,1013,0,572,exposed,5,wc_vn_grandmother_root,0,3,0,4,32,0,0,0,0,0,0
mana20,1013,0,572,exposed,6,wc_vn_cragstoat,0,1,0,0,-1,0,0,0,0,0,0
mana20,1013,0,572,exposed,1048577,wc_vn_reefglass,1,3,1,3,126,32738,3934,30000,6672,0,0
mana20,1013,0,572,exposed,1048578,wc_vn_bellback,1,1,1,0,-1,0,0,0,0,0,0
mana20,1013,0,572,exposed,1048579,wc_vn_cragstoat,1,1,0,0,-1,0,0,0,0,0,0
mana20,1014,0,573,exposed,4,wc_vn_bellback,0,1,0,0,-1,0,0,0,0,0,0
mana20,1014,0,573,exposed,5,wc_vn_grandmother_root,0,3,0,3,32,0,0,0,0,0,0
mana20,1014,0,573,exposed,6,wc_vn_cragstoat,0,1,0,0,-1,0,0,0,0,0,0
mana20,1014,0,573,exposed,1048577,wc_vn_reefglass,1,3,1,2,101,24137,4871,20000,9008,0,0
mana20,1014,0,573,exposed,1048578,wc_vn_bellback,1,1,1,0,-1,0,0,0,0,0,0
mana20,1014,0,573,exposed,1048579,wc_vn_cragstoat,1,1,1,2,197,0,0,0,0,0,0
mana20,1015,0,574,exposed,4,wc_vn_bellback,0,1,0,0,-1,0,0,0,0,0,0
mana20,1015,0,574,exposed,5,wc_vn_grandmother_root,0,3,0,4,32,0,0,0,0,0,0
mana20,1015,0,574,exposed,6,wc_vn_cragstoat,0,1,0,0,-1,0,0,0,0,0,0
mana20,1015,0,574,exposed,1048577,wc_vn_reefglass,1,3,1,2,126,30000,0,20000,10000,0,6
mana20,1015,0,574,exposed,1048578,wc_vn_bellback,1,1,0,0,-1,0,0,0,0,0,0
mana20,1015,0,574,exposed,1048579,wc_vn_cragstoat,1,1,0,0,-1,0,0,0,0,0,0
mana20,1016,0,575,exposed,4,wc_vn_bellback,0,1,0,0,-1,0,0,0,0,0,0
mana20,1016,0,575,exposed,5,wc_vn_grandmother_root,0,3,0,3,32,0,0,0,0,0,0
mana20,1016,0,575,exposed,6,wc_vn_cragstoat,0,1,0,0,-1,0,0,0,0,0,0
mana20,1016,0,575,exposed,1048577,wc_vn_reefglass,1,3,1,2,126,25746,4254,20000,10000,0,5
mana20,1016,0,575,exposed,1048578,wc_vn_bellback,1,1,1,0,-1,0,0,0,0,0,0
mana20,1016,0,575,exposed,1048579,wc_vn_cragstoat,1,1,0,0,-1,0,0,0,0,0,0
