fight,side,unit_id,instance,focus,alive,health,max_health,alive_ms,moving_ms,stunned_ms,shield_present_ms,positive_rate_modifier_ms,negative_rate_modifier_ms,basic_actions,active_actions,damage_basic_hp100,damage_skill_hp100,healing_hp100,shield_granted_hp100,shield_absorbed_hp100,overkill_hp100,applied_stun_packet_ms,dash_events,rate_modifier_events,received_healing_hp100,received_damage_hp100
1,0,wc_u_human_guardian,2097153,0,0,0,115500,7400,0,1250,1600,0,0,4,1,11076,0,0,20000,20000,0,0,0,0,0,115500
1,0,wc_u_dwarf_guardian,2097154,0,0,0,110000,15050,0,200,0,0,0,9,2,31434,0,0,0,0,0,5000,0,0,0,110000
1,0,wc_u_human_mage,2097155,0,1,68200,68200,22150,1000,0,0,0,0,13,3,47617,106579,0,0,0,17864,0,0,0,0,0
1,0,wc_u_orc_mage,2097156,0,1,12320,75000,22150,1000,0,0,0,0,12,2,46997,134653,0,0,0,20768,0,0,0,0,62680
1,0,wc_u_elf_mage,2097157,1,1,54232,69000,22150,0,0,0,0,0,14,2,53978,14608,0,0,0,1464,2500,0,0,0,14768
1,0,wc_u_halfling_mage,2097158,0,1,57000,57000,22150,2650,0,0,0,0,13,3,43033,66025,0,0,0,3091,0,0,0,0,0
1,1,wc_u_human_warrior,3145729,0,0,0,98000,5100,0,1400,0,0,0,3,0,18117,0,0,0,0,0,0,0,0,0,98000
1,1,wc_u_dwarf_warrior,3145730,0,0,0,100000,15800,0,2000,0,0,0,10,2,54581,27397,0,0,0,5109,0,0,0,0,100000
1,1,wc_u_orc_warrior,3145731,0,0,0,95000,15350,1900,1500,0,5550,0,10,2,44102,0,0,0,0,5284,0,0,2,0,95000
1,1,wc_u_halfling_warrior,3145732,0,0,0,76000,18950,1700,0,3650,0,0,15,2,80044,0,0,30000,15000,0,0,0,0,0,76000
1,1,wc_u_dragonkin_guardian,3145733,0,0,0,118000,10650,0,1000,1500,0,0,6,1,15794,0,0,24000,24000,0,0,0,0,0,118000
1,1,wc_u_elf_mage,3145734,0,0,0,69000,22150,1000,0,0,0,0,14,2,57458,5455,0,0,0,0,2500,0,0,0,69000
2,0,wc_u_human_warrior,4194305,0,0,0,98000,9900,0,1000,0,0,0,7,1,42273,11613,0,0,0,0,0,0,0,0,98000
2,0,wc_u_dwarf_warrior,4194306,0,0,0,100000,15350,0,2500,0,0,0,8,2,47948,27397,0,0,0,0,0,0,0,0,100000
2,0,wc_u_orc_warrior,4194307,0,0,0,95000,17950,2850,0,0,6000,0,13,2,79506,0,0,0,0,0,0,0,2,0,95000
2,0,wc_u_halfling_warrior,4194308,0,0,0,76000,13100,2550,0,2800,0,0,8,2,33664,0,0,30000,30000,0,0,0,0,0,76000
2,0,wc_u_dragonkin_guardian,4194309,0,0,0,118000,6150,0,2250,1200,0,0,2,1,6400,0,0,24000,24000,0,0,0,0,0,118000
2,0,wc_u_elf_mage,4194310,0,0,0,69000,20300,1000,0,0,0,0,14,2,54210,2981,0,0,0,5532,1250,0,0,0,69000
2,1,wc_u_human_guardian,5242881,0,0,0,115500,7950,0,1250,1600,0,0,4,1,11384,0,0,20000,20000,0,0,0,0,0,115500
2,1,wc_u_dwarf_guardian,5242882,0,0,0,110000,14850,0,0,0,0,0,9,2,24382,0,0,0,0,0,4000,0,0,0,110000
2,1,wc_u_human_mage,5242883,0,1,21976,68200,20450,1000,0,0,0,0,12,2,39295,82421,0,0,0,10085,0,0,0,0,46224
2,1,wc_u_orc_mage,5242884,0,1,75000,75000,20450,1000,0,0,0,0,13,2,54408,178612,0,0,0,7606,0,0,0,0,0
2,1,wc_u_elf_mage,5242885,1,1,34732,69000,20450,0,0,0,0,0,12,2,43670,11381,0,0,0,0,2500,0,0,0,34268
2,1,wc_u_halfling_mage,5242886,0,1,57000,57000,20450,900,0,0,0,0,13,3,37268,73179,0,0,0,11621,0,0,0,0,0
3,0,wc_u_human_guardian,6291457,0,0,0,115500,10650,0,1250,1700,0,0,7,1,26768,0,0,20000,20000,0,0,0,0,0,115500
3,0,wc_u_dwarf_guardian,6291458,0,0,0,110000,14950,0,100,0,0,0,9,2,27350,0,0,0,0,0,4000,0,0,0,110000
3,0,wc_u_human_mage,6291459,0,0,0,68200,14200,0,0,0,0,0,9,2,29500,39654,0,0,0,15129,0,0,0,0,68200
3,0,wc_u_orc_mage,6291460,0,1,22088,75000,38750,1000,1250,0,0,0,24,4,82577,161294,0,0,0,7819,0,0,0,0,52912
3,0,wc_u_elf_mage,6291461,1,0,0,69000,28850,0,1250,0,0,0,17,2,59996,14940,0,0,0,0,2500,0,0,0,69000
3,0,wc_u_halfling_mage,6291462,0,0,0,57000,21350,0,0,0,0,0,15,3,48181,65740,0,0,0,0,0,0,0,0,57000
3,1,wc_u_human_warrior,7340033,0,0,0,98000,28850,2000,2000,0,0,0,18,4,125356,42483,0,0,0,18447,0,0,0,0,98000
3,1,wc_u_dwarf_warrior,7340034,0,0,0,100000,13100,0,1000,0,0,0,9,1,54407,12329,0,0,0,0,0,0,0,0,100000
3,1,wc_u_orc_warrior,7340035,0,0,0,95000,5100,0,400,0,1200,0,4,1,16641,0,0,0,0,0,0,0,1,0,95000
3,1,wc_u_halfling_warrior,7340036,0,0,0,76000,22550,3400,1250,6450,0,0,15,3,93272,0,0,45000,38636,3300,0,0,0,0,76000
3,1,wc_u_dragonkin_guardian,7340037,0,0,0,118000,10850,0,1000,1500,0,0,6,1,16000,0,0,24000,24000,0,0,0,0,0,118000
3,1,wc_u_elf_mage,7340038,0,0,0,69000,38750,1000,0,0,0,0,25,4,97254,14870,0,0,0,2366,5000,0,0,0,69000
4,0,wc_u_human_warrior,8388609,0,0,0,98000,13100,1000,1000,0,0,0,8,2,48915,11613,0,0,0,0,0,0,0,0,98000
4,0,wc_u_dwarf_warrior,8388610,0,0,0,100000,15350,1900,1000,0,0,0,9,2,49959,10365,0,0,0,3664,0,0,0,0,100000
4,0,wc_u_orc_warrior,8388611,0,0,0,95000,12200,0,0,0,3000,0,11,1,50350,0,0,0,0,0,0,0,1,0,95000
4,0,wc_u_halfling_warrior,8388612,0,0,0,76000,22150,1700,1250,6900,0,0,16,3,99540,0,0,45000,37090,3300,0,0,0,0,76000
4,0,wc_u_dragonkin_guardian,8388613,0,0,0,118000,6150,0,2250,1200,0,0,2,1,6194,0,0,24000,24000,0,0,0,0,0,118000
4,0,wc_u_elf_mage,8388614,0,0,0,69000,25350,1000,350,0,0,0,17,2,70649,10455,0,0,0,41,2500,0,0,0,69000
4,1,wc_u_human_guardian,9437185,0,0,0,115500,13350,0,0,2850,0,0,8,2,27076,0,0,40000,40000,0,0,0,0,0,115500
4,1,wc_u_dwarf_guardian,9437186,0,0,0,110000,6850,0,1250,0,0,0,3,1,6770,0,0,0,0,0,3000,0,0,0,110000
4,1,wc_u_human_mage,9437187,0,0,0,68200,14200,0,0,0,0,0,9,2,29500,76416,0,0,0,12782,0,0,0,0,68200
4,1,wc_u_orc_mage,9437188,0,1,43660,75000,25350,1000,0,0,0,0,15,3,48367,151964,0,0,0,37698,0,0,0,0,31340
4,1,wc_u_elf_mage,9437189,1,1,69000,69000,25350,0,0,0,0,0,16,3,60695,18175,0,0,0,455,3750,0,0,0,0
4,1,wc_u_halfling_mage,9437190,0,1,24000,57000,25350,900,1250,0,0,0,17,3,56759,80278,0,0,0,694,0,0,0,0,33000
5,0,wc_u_human_guardian,10485761,0,0,0,115500,8600,0,1250,1700,0,0,5,1,19200,0,0,20000,20000,0,0,0,0,0,115500
5,0,wc_u_dwarf_guardian,10485762,0,0,0,110000,13350,0,0,0,0,0,8,1,28160,0,0,0,0,0,3000,0,0,0,110000
5,0,wc_u_human_mage,10485763,0,1,29680,68200,29100,0,0,0,0,0,17,3,56345,38097,0,0,0,15409,0,0,0,0,38520
5,0,wc_u_orc_mage,10485764,0,0,0,75000,18700,0,1250,0,0,0,10,2,34174,145496,0,0,0,0,0,0,0,0,75000
5,0,wc_u_elf_mage,10485765,1,1,64556,69000,29100,0,0,0,0,0,18,3,62850,13360,0,0,0,11346,2500,0,0,0,4444
5,0,wc_u_halfling_mage,10485766,0,1,32000,57000,29100,2050,1250,0,0,0,19,4,66324,91994,0,0,0,925,0,0,0,0,25000
5,1,wc_u_human_warrior,11534337,0,0,0,98000,10650,0,1000,0,0,0,8,1,48312,11613,0,0,0,0,0,0,0,0,98000
5,1,wc_u_dwarf_warrior,11534338,0,0,0,100000,13100,0,1000,0,0,0,9,1,54015,12329,0,0,0,0,0,0,0,0,100000
5,1,wc_u_orc_warrior,11534339,0,0,0,95000,25000,1900,0,0,8800,0,20,3,122175,0,0,0,0,7177,0,0,3,0,95000
5,1,wc_u_halfling_warrior,11534340,0,0,0,76000,5250,1700,550,1600,0,0,2,1,12536,0,0,15000,15000,0,0,0,0,0,76000
5,1,wc_u_dragonkin_guardian,11534341,0,0,0,118000,20650,2550,2250,3150,0,0,10,2,30821,0,0,48000,48000,0,0,0,0,0,118000
5,1,wc_u_elf_mage,11534342,0,0,0,69000,29100,2000,0,0,0,0,17,3,66863,9800,0,0,0,3317,3750,0,0,0,69000
6,0,wc_u_human_warrior,12582913,0,0,0,98000,10650,0,1000,0,0,0,8,1,48312,11613,0,0,0,0,0,0,0,0,98000
6,0,wc_u_dwarf_warrior,12582914,0,0,0,100000,20650,2000,1000,0,0,0,13,2,87117,16473,0,0,0,4888,0,0,0,0,100000
6,0,wc_u_orc_warrior,12582915,0,0,0,95000,24500,1900,0,0,8300,0,19,3,114051,0,0,0,0,7872,0,0,3,0,95000
6,0,wc_u_halfling_warrior,12582916,0,0,0,76000,5250,1700,550,1600,0,0,2,1,12536,0,0,15000,15000,0,0,0,0,0,76000
6,0,wc_u_dragonkin_guardian,12582917,0,0,0,118000,15550,350,1700,2400,0,0,7,2,18994,0,0,48000,48000,0,0,0,0,0,118000
6,0,wc_u_elf_mage,12582918,0,0,0,69000,28400,1000,1250,0,0,0,16,3,64128,9415,0,0,0,0,3750,0,0,0,69000
6,1,wc_u_human_guardian,13631489,0,0,0,115500,8600,0,1250,1700,0,0,5,1,14768,0,0,20000,20000,0,0,0,0,0,115500
6,1,wc_u_dwarf_guardian,13631490,0,0,0,110000,13150,0,0,0,0,0,8,1,28025,0,0,0,0,0,3000,0,0,0,110000
6,1,wc_u_human_mage,13631491,0,1,51348,68200,28400,1000,0,0,0,0,17,2,57164,37352,0,0,0,2192,0,0,0,0,16852
6,1,wc_u_orc_mage,13631492,0,0,0,75000,17500,0,1250,0,0,0,9,2,33251,172318,0,0,0,0,0,0,0,0,75000
6,1,wc_u_elf_mage,13631493,1,1,3713,69000,28400,0,1250,0,0,0,19,3,61404,18560,0,0,0,5304,3750,0,0,0,65287
6,1,wc_u_halfling_mage,13631494,0,1,57000,57000,28400,900,0,0,0,0,20,3,66358,66800,0,0,0,14403,0,0,0,0,0
7,0,wc_u_human_guardian,14680065,0,0,0,115500,10650,0,1250,1700,0,0,7,1,28000,0,0,20000,20000,0,0,0,0,0,115500
7,0,wc_u_dwarf_guardian,14680066,0,0,0,110000,14850,0,0,0,0,0,9,2,31545,0,0,0,0,0,5000,0,0,0,110000
7,0,wc_u_human_mage,14680067,0,1,51774,68200,22600,1000,0,0,0,0,14,3,51487,69001,0,0,0,4893,0,0,0,0,16426
7,0,wc_u_orc_mage,14680068,0,0,0,75000,19550,0,0,0,0,0,12,2,48851,150958,0,0,0,1182,0,0,0,0,75000
7,0,wc_u_elf_mage,14680069,1,1,69000,69000,22600,0,0,0,0,0,14,2,52612,13766,0,0,0,0,2500,0,0,0,0
7,0,wc_u_halfling_mage,14680070,0,1,57000,57000,22600,900,0,0,0,0,16,3,52254,57526,0,0,0,4420,0,0,0,0,0
7,1,wc_u_human_warrior,15728641,0,0,0,98000,12500,0,1000,0,0,0,9,1,54351,11613,0,0,0,0,0,0,0,0,98000
7,1,wc_u_dwarf_warrior,15728642,0,0,0,100000,21100,2000,2000,0,0,0,12,2,71883,21361,0,0,0,7200,0,0,0,0,100000
7,1,wc_u_orc_warrior,15728643,0,0,0,95000,5100,0,400,0,1200,0,4,1,16641,0,0,0,0,0,0,0,1,0,95000
7,1,wc_u_halfling_warrior,15728644,0,0,0,76000,10850,1700,0,1900,0,0,8,1,50144,0,0,15000,15000,0,0,0,0,0,76000
7,1,wc_u_dragonkin_guardian,15728645,0,0,0,118000,19400,2200,3250,2400,0,0,10,2,29577,0,0,48000,48000,0,0,0,0,0,118000
7,1,wc_u_elf_mage,15728646,0,0,0,69000,22600,1000,0,0,0,0,15,2,59274,2082,0,0,0,5739,1250,0,0,0,69000
8,0,wc_u_human_warrior,16777217,0,0,0,98000,10650,0,1000,0,0,0,8,1,48312,11613,0,0,0,0,0,0,0,0,98000
8,0,wc_u_dwarf_warrior,16777218,0,0,0,100000,25000,2000,1000,0,0,0,16,3,110890,54899,0,0,0,4888,0,0,0,0,100000
8,0,wc_u_orc_warrior,16777219,0,0,0,95000,13600,1900,0,0,3800,0,10,2,53365,0,0,0,0,872,0,0,2,0,95000
8,0,wc_u_halfling_warrior,16777220,0,0,0,76000,5250,1700,550,1600,0,0,2,1,13000,0,0,15000,15000,0,0,0,0,0,76000
8,0,wc_u_dragonkin_guardian,16777221,0,0,0,118000,21250,2550,2250,4200,0,0,9,2,27882,0,0,48000,48000,0,0,0,0,0,118000
8,0,wc_u_elf_mage,16777222,0,0,0,69000,32300,1000,0,0,0,0,21,3,83805,6785,0,0,0,5186,2500,0,0,0,69000
8,1,wc_u_human_guardian,17825793,0,0,0,115500,8600,0,1250,1700,0,0,5,1,20000,0,0,20000,20000,0,0,0,0,0,115500
8,1,wc_u_dwarf_guardian,17825794,0,0,0,110000,13150,0,0,0,0,0,8,1,28025,0,0,0,0,0,3000,0,0,0,110000
8,1,wc_u_human_mage,17825795,0,0,0,68200,23150,2000,1250,0,0,0,11,3,32573,41967,0,0,0,14539,0,0,0,0,68200
8,1,wc_u_orc_mage,17825796,0,0,0,75000,26000,300,0,0,0,0,15,2,58756,137882,0,0,0,0,0,0,0,0,75000
8,1,wc_u_elf_mage,17825797,1,1,56037,69000,32300,0,0,0,0,0,23,3,80716,7115,0,0,0,12205,2500,0,0,0,12963
8,1,wc_u_halfling_mage,17825798,0,1,28112,57000,32300,900,0,0,0,0,23,4,72482,76484,0,0,0,0,0,0,0,0,28888
9,0,wc_u_human_guardian,18874369,0,0,0,207900,7250,0,1250,1600,0,0,4,1,19938,0,0,36000,36000,0,0,0,0,0,207900
9,0,wc_u_dwarf_guardian,18874370,0,0,0,198000,15050,0,200,0,0,0,9,2,56576,0,0,0,0,0,5000,0,0,0,198000
9,0,wc_u_human_mage,18874371,0,1,122760,122760,22150,1000,0,0,0,0,13,3,85705,191841,0,0,0,32157,0,0,0,0,0
9,0,wc_u_orc_mage,18874372,0,1,22180,135000,22150,1000,0,0,0,0,12,2,84593,242379,0,0,0,37384,0,0,0,0,112820
9,0,wc_u_elf_mage,18874373,1,1,97616,124200,22150,0,0,0,0,0,14,2,97169,26296,0,0,0,2628,2500,0,0,0,26584
9,0,wc_u_halfling_mage,18874374,0,1,102600,102600,22150,2650,0,0,0,0,13,3,77458,118845,0,0,0,5566,0,0,0,0,0
9,1,wc_u_human_warrior,19922945,0,0,0,176400,5100,0,1400,0,0,0,3,0,32610,0,0,0,0,0,0,0,0,0,176400
9,1,wc_u_dwarf_warrior,19922946,0,0,0,180000,15800,0,2000,0,0,0,10,2,98247,49316,0,0,0,9193,0,0,0,0,180000
9,1,wc_u_orc_warrior,19922947,0,0,0,171000,15350,1900,1500,0,5700,0,10,2,79386,0,0,0,0,9504,0,0,2,0,171000
9,1,wc_u_halfling_warrior,19922948,0,0,0,136800,18950,1700,0,3650,0,0,15,2,144075,0,0,54000,27000,0,0,0,0,0,136800
9,1,wc_u_dragonkin_guardian,19922949,0,0,0,212400,10650,0,1000,1500,0,0,6,1,28428,0,0,43200,43200,0,0,0,0,0,212400
9,1,wc_u_elf_mage,19922950,0,0,0,124200,22150,1000,0,0,0,0,14,2,103424,9818,0,0,0,0,2500,0,0,0,124200
10,0,wc_u_human_warrior,20971521,0,0,0,176400,9900,0,1000,0,0,0,7,1,76090,20903,0,0,0,0,0,0,0,0,176400
10,0,wc_u_dwarf_warrior,20971522,0,0,0,180000,15350,0,2500,0,0,0,8,2,86304,49316,0,0,0,0,0,0,0,0,180000
10,0,wc_u_orc_warrior,20971523,0,0,0,171000,17950,2850,0,0,6000,0,13,2,143106,0,0,0,0,0,0,0,2,0,171000
10,0,wc_u_halfling_warrior,20971524,0,0,0,136800,13100,2550,0,2800,0,0,8,2,60595,0,0,54000,54000,0,0,0,0,0,136800
10,0,wc_u_dragonkin_guardian,20971525,0,0,0,212400,6150,0,2250,1200,0,0,2,1,11520,0,0,43200,43200,0,0,0,0,0,212400
10,0,wc_u_elf_mage,20971526,0,0,0,124200,20300,1000,0,0,0,0,14,2,97585,5367,0,0,0,9948,1250,0,0,0,124200
10,1,wc_u_human_guardian,22020097,0,0,0,207900,7950,0,1250,1600,0,0,4,1,20492,0,0,36000,36000,0,0,0,0,0,207900
10,1,wc_u_dwarf_guardian,22020098,0,0,0,198000,14850,0,0,0,0,0,9,2,43884,0,0,0,0,0,4000,0,0,0,198000
10,1,wc_u_human_mage,22020099,0,1,39558,122760,20450,1000,0,0,0,0,12,2,70727,148357,0,0,0,18155,0,0,0,0,83202
10,1,wc_u_orc_mage,22020100,0,1,135000,135000,20450,1000,0,0,0,0,13,2,97935,321502,0,0,0,13693,0,0,0,0,0
10,1,wc_u_elf_mage,22020101,1,1,62516,124200,20450,0,0,0,0,0,12,2,78608,20486,0,0,0,0,2500,0,0,0,61684
10,1,wc_u_halfling_mage,22020102,0,1,102600,102600,20450,900,0,0,0,0,13,3,67086,131723,0,0,0,20910,0,0,0,0,0
11,0,wc_u_human_guardian,23068673,0,0,0,207900,10650,0,1250,1700,0,0,7,1,48184,0,0,36000,36000,0,0,0,0,0,207900
11,0,wc_u_dwarf_guardian,23068674,0,0,0,198000,14950,0,100,0,0,0,9,2,49224,0,0,0,0,0,4000,0,0,0,198000
11,0,wc_u_human_mage,23068675,0,0,0,122760,14200,0,0,0,0,0,9,2,53096,71378,0,0,0,27232,0,0,0,0,122760
11,0,wc_u_orc_mage,23068676,0,1,39760,135000,38750,1000,1250,0,0,0,24,4,148648,290328,0,0,0,14069,0,0,0,0,95240
11,0,wc_u_elf_mage,23068677,1,0,0,124200,28850,0,1250,0,0,0,17,2,107994,26893,0,0,0,0,2500,0,0,0,124200
11,0,wc_u_halfling_mage,23068678,0,0,0,102600,21350,0,0,0,0,0,15,3,86723,118332,0,0,0,0,0,0,0,0,102600
11,1,wc_u_human_warrior,24117249,0,0,0,176400,28850,2000,2000,0,0,0,18,4,225640,76468,0,0,0,33198,0,0,0,0,176400
11,1,wc_u_dwarf_warrior,24117250,0,0,0,180000,13100,0,1000,0,0,0,9,1,97928,22193,0,0,0,0,0,0,0,0,180000
11,1,wc_u_orc_warrior,24117251,0,0,0,171000,5100,0,400,0,1200,0,4,1,29952,0,0,0,0,0,0,0,1,0,171000
11,1,wc_u_halfling_warrior,24117252,0,0,0,136800,22550,3400,1250,6450,0,0,15,3,167888,0,0,81000,69546,5940,0,0,0,0,136800
11,1,wc_u_dragonkin_guardian,24117253,0,0,0,212400,10850,0,1000,1500,0,0,6,1,28800,0,0,43200,43200,0,0,0,0,0,212400
11,1,wc_u_elf_mage,24117254,0,0,0,124200,38750,1000,0,0,0,0,25,4,175065,26766,0,0,0,4251,5000,0,0,0,124200
12,0,wc_u_human_warrior,25165825,0,0,0,176400,13100,1000,1000,0,0,0,8,2,88046,20903,0,0,0,0,0,0,0,0,176400
12,0,wc_u_dwarf_warrior,25165826,0,0,0,180000,15350,1900,1000,0,0,0,9,2,89928,18658,0,0,0,6592,0,0,0,0,180000
12,0,wc_u_orc_warrior,25165827,0,0,0,171000,12200,0,0,0,3000,0,11,1,90624,0,0,0,0,0,0,0,1,0,171000
12,0,wc_u_halfling_warrior,25165828,0,0,0,136800,22150,1700,1250,6900,0,0,16,3,179170,0,0,81000,66765,5940,0,0,0,0,136800
12,0,wc_u_dragonkin_guardian,25165829,0,0,0,212400,6150,0,2250,1200,0,0,2,1,11148,0,0,43200,43200,0,0,0,0,0,212400
12,0,wc_u_elf_mage,25165830,0,0,0,124200,25350,1000,350,0,0,0,17,2,127175,18818,0,0,0,65,2500,0,0,0,124200
12,1,wc_u_human_guardian,26214401,0,0,0,207900,13350,0,0,2800,0,0,8,2,48738,0,0,72000,72000,0,0,0,0,0,207900
12,1,wc_u_dwarf_guardian,26214402,0,0,0,198000,6850,0,1250,0,0,0,3,1,12184,0,0,0,0,0,3000,0,0,0,198000
12,1,wc_u_human_mage,26214403,0,0,0,122760,14200,0,0,0,0,0,9,2,53096,137546,0,0,0,23011,0,0,0,0,122760
12,1,wc_u_orc_mage,26214404,0,1,78590,135000,25350,1000,0,0,0,0,15,3,87066,273539,0,0,0,67850,0,0,0,0,56410
12,1,wc_u_elf_mage,26214405,1,1,124200,124200,25350,0,0,0,0,0,16,3,109250,32714,0,0,0,820,3750,0,0,0,0
12,1,wc_u_halfling_mage,26214406,0,1,43200,102600,25350,900,1250,0,0,0,17,3,102166,144501,0,0,0,1243,0,0,0,0,59400
13,0,wc_u_human_guardian,27262977,0,0,0,207900,8450,0,1250,1700,0,0,5,1,34560,0,0,36000,36000,0,0,0,0,0,207900
13,0,wc_u_dwarf_guardian,27262978,0,0,0,198000,13350,0,0,0,0,0,8,1,50688,0,0,0,0,0,3000,0,0,0,198000
13,0,wc_u_human_mage,27262979,0,1,53425,122760,29100,0,0,0,0,0,17,3,101415,68576,0,0,0,27735,0,0,0,0,69335
13,0,wc_u_orc_mage,27262980,0,0,0,135000,18400,0,1250,0,0,0,10,2,61514,261894,0,0,0,0,0,0,0,0,135000
13,0,wc_u_elf_mage,27262981,1,1,116200,124200,29100,0,0,0,0,0,18,3,113127,24047,0,0,0,20429,2500,0,0,0,8000
13,0,wc_u_halfling_mage,27262982,0,1,50400,102600,29100,2050,1250,0,0,0,19,4,119383,165596,0,0,0,1660,0,0,0,0,52200
13,1,wc_u_human_warrior,28311553,0,0,0,176400,10650,0,1000,0,0,0,8,1,86960,20903,0,0,0,0,0,0,0,0,176400
13,1,wc_u_dwarf_warrior,28311554,0,0,0,180000,13100,0,1000,0,0,0,9,1,97224,22193,0,0,0,0,0,0,0,0,180000
13,1,wc_u_orc_warrior,28311555,0,0,0,171000,25000,1900,0,0,9000,0,20,3,227634,0,0,0,0,5186,0,0,3,0,171000
13,1,wc_u_halfling_warrior,28311556,0,0,0,136800,5250,1700,550,1600,0,0,2,1,22564,0,0,27000,27000,0,0,0,0,0,136800
13,1,wc_u_dragonkin_guardian,28311557,0,0,0,212400,20650,2550,2250,3150,0,0,9,2,47762,0,0,86400,86400,0,0,0,0,0,212400
13,1,wc_u_elf_mage,28311558,0,0,0,124200,29100,2000,0,0,0,0,18,3,127555,17640,0,0,0,5967,3750,0,0,0,124200
14,0,wc_u_human_warrior,29360129,0,0,0,176400,10650,0,1000,0,0,0,8,1,86960,20903,0,0,0,0,0,0,0,0,176400
14,0,wc_u_dwarf_warrior,29360130,0,0,0,180000,20650,2000,1000,0,0,0,13,2,156808,29655,0,0,0,8796,0,0,0,0,180000
14,0,wc_u_orc_warrior,29360131,0,0,0,171000,24500,1900,0,0,8600,0,20,3,219163,0,0,0,0,14153,0,0,3,0,171000
14,0,wc_u_halfling_warrior,29360132,0,0,0,136800,5250,1700,550,1600,0,0,2,1,22564,0,0,27000,27000,0,0,0,0,0,136800
14,0,wc_u_dragonkin_guardian,29360133,0,0,0,212400,15550,350,1700,2400,0,0,7,2,34188,0,0,86400,86400,0,0,0,0,0,212400
14,0,wc_u_elf_mage,29360134,0,0,0,124200,28400,1000,1250,0,0,0,17,3,122631,9762,0,0,0,7186,2500,0,0,0,124200
14,1,wc_u_human_guardian,30408705,0,0,0,207900,8450,0,1250,1700,0,0,5,1,26584,0,0,36000,36000,0,0,0,0,0,207900
14,1,wc_u_dwarf_guardian,30408706,0,0,0,198000,13150,0,0,0,0,0,8,1,50444,0,0,0,0,0,3000,0,0,0,198000
14,1,wc_u_human_mage,30408707,0,1,85226,122760,28400,1000,0,0,0,0,17,2,102886,67234,0,0,0,3948,0,0,0,0,37534
14,1,wc_u_orc_mage,30408708,0,0,0,135000,17200,0,1250,0,0,0,8,2,52026,310175,0,0,0,0,0,0,0,0,135000
14,1,wc_u_elf_mage,30408709,1,0,0,124200,26850,0,0,0,0,0,19,3,110526,33408,0,0,0,9551,3750,0,0,0,124200
14,1,wc_u_halfling_mage,30408710,0,1,102600,102600,28400,900,0,0,0,0,20,3,119451,128066,0,0,0,18095,0,0,0,0,0
15,0,wc_u_human_guardian,31457281,0,0,0,207900,10650,0,1250,1700,0,0,7,1,50400,0,0,36000,36000,0,0,0,0,0,207900
15,0,wc_u_dwarf_guardian,31457282,0,0,0,198000,14850,0,0,0,0,0,9,2,56780,0,0,0,0,0,5000,0,0,0,198000
15,0,wc_u_human_mage,31457283,0,1,93193,122760,22600,1000,0,0,0,0,14,3,92681,124201,0,0,0,8800,0,0,0,0,29567
15,0,wc_u_orc_mage,31457284,0,0,0,135000,19550,0,0,0,0,0,12,2,87931,271725,0,0,0,2131,0,0,0,0,135000
15,0,wc_u_elf_mage,31457285,1,1,124200,124200,22600,0,0,0,0,0,14,2,94702,24779,0,0,0,0,2500,0,0,0,0
15,0,wc_u_halfling_mage,31457286,0,1,102600,102600,22600,900,0,0,0,0,16,3,94056,103545,0,0,0,7959,0,0,0,0,0
15,1,wc_u_human_warrior,32505857,0,0,0,176400,12500,0,1000,0,0,0,9,1,97830,20903,0,0,0,0,0,0,0,0,176400
15,1,wc_u_dwarf_warrior,32505858,0,0,0,180000,21100,2000,2000,0,0,0,12,2,129389,38451,0,0,0,12956,0,0,0,0,180000
15,1,wc_u_orc_warrior,32505859,0,0,0,171000,5100,0,400,0,1200,0,4,1,29952,0,0,0,0,0,0,0,1,0,171000
15,1,wc_u_halfling_warrior,32505860,0,0,0,136800,10850,1700,0,1900,0,0,8,1,90256,0,0,27000,27000,0,0,0,0,0,136800
15,1,wc_u_dragonkin_guardian,32505861,0,0,0,212400,19400,2200,3250,2400,0,0,10,2,53236,0,0,86400,86400,0,0,0,0,0,212400
15,1,wc_u_elf_mage,32505862,0,0,0,124200,22600,1000,0,0,0,0,15,2,106699,3751,0,0,0,10318,1250,0,0,0,124200
16,0,wc_u_human_warrior,33554433,0,0,0,176400,10650,0,1000,0,0,0,8,1,86960,20903,0,0,0,0,0,0,0,0,176400
16,0,wc_u_dwarf_warrior,33554434,0,0,0,180000,25000,2000,1000,0,0,0,16,3,199599,98821,0,0,0,8796,0,0,0,0,180000
16,0,wc_u_orc_warrior,33554435,0,0,0,171000,13600,1900,0,0,3950,0,10,2,96061,0,0,0,0,1561,0,0,2,0,171000
16,0,wc_u_halfling_warrior,33554436,0,0,0,136800,5250,1700,550,1600,0,0,2,1,23400,0,0,27000,27000,0,0,0,0,0,136800
16,0,wc_u_dragonkin_guardian,33554437,0,0,0,212400,21250,2550,2250,4200,0,0,9,2,50188,0,0,86400,86400,0,0,0,0,0,212400
16,0,wc_u_elf_mage,33554438,0,0,0,124200,32300,1000,0,0,0,0,21,3,150848,12213,0,0,0,9334,2500,0,0,0,124200
16,1,wc_u_human_guardian,34603009,0,0,0,207900,8450,0,1250,1700,0,0,5,1,36000,0,0,36000,36000,0,0,0,0,0,207900
16,1,wc_u_dwarf_guardian,34603010,0,0,0,198000,13150,0,0,0,0,0,8,1,50444,0,0,0,0,0,3000,0,0,0,198000
16,1,wc_u_human_mage,34603011,0,0,0,122760,23150,2000,1250,0,0,0,11,3,58631,75546,0,0,0,26163,0,0,0,0,122760
16,1,wc_u_orc_mage,34603012,0,0,0,135000,26000,300,0,0,0,0,15,2,105761,248186,0,0,0,0,0,0,0,0,135000
16,1,wc_u_elf_mage,34603013,1,1,100867,124200,32300,0,0,0,0,0,23,3,145288,12807,0,0,0,21974,2500,0,0,0,23333
16,1,wc_u_halfling_mage,34603014,0,1,50600,102600,32300,900,0,0,0,0,23,4,130464,137673,0,0,0,0,0,0,0,0,52000
17,0,wc_u_human_guardian,35651585,0,0,0,115500,5950,0,0,900,0,2450,4,1,11076,0,0,20000,20000,0,0,0,0,0,115500
17,0,wc_u_dwarf_guardian,35651586,0,0,0,110000,15300,5250,0,0,0,0,5,1,13884,0,0,0,0,0,1000,0,0,0,110000
17,0,wc_u_human_mage,35651587,0,0,0,68200,24550,2000,0,0,0,0,14,3,45100,64291,0,0,0,4786,0,0,0,0,68200
17,0,wc_u_orc_mage,35651588,0,0,0,75000,22650,0,0,0,0,3000,15,2,57221,85709,0,0,0,4090,0,0,0,0,75000
17,0,wc_u_elf_mage,35651589,1,0,0,69000,18250,0,0,0,0,0,13,2,51072,9540,0,0,0,0,2500,0,0,0,69000
17,0,wc_u_halfling_mage,35651590,0,0,0,57000,9550,0,0,0,0,0,6,1,18235,0,0,0,0,0,0,0,0,0,57000
17,1,wc_u_dragonkin_guardian,36700161,0,0,0,118000,7050,0,2250,1200,0,0,3,1,9497,0,0,24000,24000,0,0,0,0,0,118000
17,1,wc_u_elf_rogue,36700162,0,0,0,79000,14100,800,0,0,0,0,14,2,89341,0,0,0,0,4668,0,2,0,0,79000
17,1,wc_u_elf_ranger,36700163,0,1,67000,67000,24550,2700,0,0,0,0,19,1,106686,0,0,0,0,1050,0,1,0,0,0
17,1,wc_u_dwarf_ranger,36700164,0,1,32727,76000,24550,3300,0,0,0,0,14,3,81322,39955,0,0,0,10263,0,0,0,0,43273
17,1,wc_u_halfling_ranger,36700165,0,0,0,59000,20200,2400,1250,0,0,0,13,2,55022,0,0,0,0,0,0,0,2,0,59000
17,1,wc_u_dragonkin_ranger,36700166,0,1,15145,72000,24550,4000,0,0,0,0,15,3,88774,24103,0,0,0,16031,0,0,0,0,56855
18,0,wc_u_dragonkin_guardian,37748737,0,0,0,118000,7050,0,2250,1200,0,0,3,1,9497,0,0,24000,24000,0,0,0,0,0,118000
18,0,wc_u_elf_rogue,37748738,0,0,0,79000,12000,800,1000,0,0,0,11,2,68785,0,0,0,0,4668,0,2,0,0,79000
18,0,wc_u_elf_ranger,37748739,0,1,67000,67000,23750,900,0,0,0,0,20,1,115237,0,0,0,0,1911,0,1,0,0,0
18,0,wc_u_dwarf_ranger,37748740,0,1,51818,76000,23750,1100,0,0,0,0,14,4,89017,53221,0,0,0,0,0,0,0,0,24182
18,0,wc_u_halfling_ranger,37748741,0,0,0,59000,15600,800,1100,0,0,0,12,1,49334,0,0,0,0,0,0,0,1,0,59000
18,0,wc_u_dragonkin_ranger,37748742,0,1,21287,72000,23750,1000,0,0,0,0,16,3,95392,14217,0,0,0,25425,0,0,0,0,50713
18,1,wc_u_human_guardian,38797313,0,0,0,115500,5950,0,0,900,0,2450,4,1,11076,0,0,20000,20000,0,0,0,0,0,115500
18,1,wc_u_dwarf_guardian,38797314,0,0,0,110000,12000,0,0,0,0,0,7,1,21342,0,0,0,0,0,2000,0,0,0,110000
18,1,wc_u_human_mage,38797315,0,0,0,68200,15700,2000,0,0,0,0,8,2,25525,33574,0,0,0,2117,0,0,0,0,68200
18,1,wc_u_orc_mage,38797316,0,0,0,75000,23750,2000,0,0,0,0,14,2,52058,109459,0,0,0,0,0,0,0,0,75000
18,1,wc_u_elf_mage,38797317,1,0,0,69000,19650,1000,0,0,0,0,13,2,46336,9540,0,0,0,2009,2500,0,0,0,69000
18,1,wc_u_halfling_mage,38797318,0,0,0,57000,10200,0,0,0,0,0,7,1,21985,0,0,0,0,0,0,0,0,0,57000
19,0,wc_u_human_guardian,39845889,0,0,0,115500,5100,0,0,900,0,1600,3,1,7384,0,0,20000,20000,0,0,0,0,0,115500
19,0,wc_u_dwarf_guardian,39845890,0,0,0,110000,10550,0,0,0,0,0,7,1,20310,0,0,0,0,0,1000,0,0,0,110000
19,0,wc_u_human_mage,39845891,0,0,0,68200,23000,5000,0,0,0,0,9,3,30090,33750,0,0,0,0,0,0,0,0,68200
19,0,wc_u_orc_mage,39845892,0,0,0,75000,23450,1000,0,0,0,2150,15,1,55813,18464,0,0,0,5286,0,0,0,0,75000
19,0,wc_u_elf_mage,39845893,1,0,0,69000,16600,0,0,0,0,0,11,2,38136,9903,0,0,0,3390,1250,0,0,0,69000
19,0,wc_u_halfling_mage,39845894,0,0,0,57000,14400,0,0,0,0,1700,11,2,26211,13034,0,0,0,0,0,0,0,0,57000
19,1,wc_u_dragonkin_guardian,40894465,0,0,0,118000,14850,2200,1000,2950,0,0,7,2,23335,0,0,48000,48000,0,0,0,0,0,118000
19,1,wc_u_elf_rogue,40894466,0,0,0,79000,5000,800,300,0,0,0,4,1,25489,0,0,0,0,0,0,1,0,0,79000
19,1,wc_u_elf_ranger,40894467,0,1,35547,67000,23450,2700,0,0,0,0,19,0,98348,0,0,0,0,12610,0,0,0,0,31453
19,1,wc_u_dwarf_ranger,40894468,0,1,76000,76000,23450,2200,0,0,0,0,15,4,91073,39449,0,0,0,19025,0,0,0,0,0
19,1,wc_u_halfling_ranger,40894469,0,1,59000,59000,23450,1600,0,0,0,0,20,3,94852,0,0,0,0,406,0,0,3,0,0
19,1,wc_u_dragonkin_ranger,40894470,0,1,47358,72000,23450,2000,0,0,0,0,14,3,87260,34894,0,0,0,0,0,0,0,0,24642
20,0,wc_u_dragonkin_guardian,41943041,0,0,0,118000,7400,0,2250,1200,0,0,3,1,9394,0,0,24000,24000,0,0,0,0,0,118000
20,0,wc_u_elf_rogue,41943042,0,0,0,79000,12200,800,1000,0,0,0,11,2,68785,0,0,0,0,4668,0,2,0,0,79000
20,0,wc_u_elf_ranger,41943043,0,1,67000,67000,23600,900,0,0,0,0,18,1,97930,0,0,0,0,0,0,1,0,0,0
20,0,wc_u_dwarf_ranger,41943044,0,1,76000,76000,23600,1100,0,0,0,0,13,4,76799,47652,0,0,0,5569,0,0,0,0,0
20,0,wc_u_halfling_ranger,41943045,0,1,30273,59000,23600,800,0,0,0,0,18,3,84229,0,0,0,0,0,0,0,3,0,28727
20,0,wc_u_dragonkin_ranger,41943046,0,0,0,72000,21850,1000,1250,0,0,0,15,3,83051,26860,0,0,0,9452,0,0,0,0,72000
20,1,wc_u_human_guardian,42991617,0,0,0,115500,12600,1000,0,3550,0,3500,6,2,19212,0,0,40000,40000,0,0,0,0,0,115500
20,1,wc_u_dwarf_guardian,42991618,0,0,0,110000,4750,0,0,0,0,0,3,1,6770,0,0,0,0,0,2000,0,0,0,110000
20,1,wc_u_human_mage,42991619,0,0,0,68200,17200,2000,0,0,0,0,9,2,29979,29483,0,0,0,0,0,0,0,0,68200
20,1,wc_u_orc_mage,42991620,0,0,0,75000,23600,2000,0,0,0,3000,15,2,51504,85277,0,0,0,5992,0,0,0,0,75000
20,1,wc_u_elf_mage,42991621,1,0,0,69000,19650,2000,0,0,0,0,12,2,43981,7904,0,0,0,0,2500,0,0,0,69000
20,1,wc_u_halfling_mage,42991622,0,0,0,57000,10200,0,0,0,0,0,8,1,23617,0,0,0,0,1265,0,0,0,0,57000
21,0,wc_u_human_guardian,44040193,0,0,0,115500,5950,0,0,900,0,2450,4,1,11076,0,0,20000,20000,0,0,0,0,0,115500
21,0,wc_u_dwarf_guardian,44040194,0,0,0,110000,15400,5350,0,0,0,0,5,1,13884,0,0,0,0,0,1000,0,0,0,110000
21,0,wc_u_human_mage,44040195,0,0,0,68200,25550,2000,0,0,0,0,15,3,48314,68654,0,0,0,19514,0,0,0,0,68200
21,0,wc_u_orc_mage,44040196,0,0,0,75000,18950,0,0,0,0,3000,13,2,53195,109891,0,0,0,0,0,0,0,0,75000
21,0,wc_u_elf_mage,44040197,1,0,0,69000,22250,0,0,0,0,1150,16,2,64164,9540,0,0,0,0,2500,0,0,0,69000
21,0,wc_u_halfling_mage,44040198,0,0,0,57000,9550,0,0,0,0,0,6,1,18235,0,0,0,0,0,0,0,0,0,57000
21,1,wc_u_dragonkin_guardian,45088769,0,0,0,118000,7050,0,2250,1200,0,0,3,1,9497,0,0,24000,24000,0,0,0,0,0,118000
21,1,wc_u_elf_rogue,45088770,0,0,0,79000,14100,800,0,0,0,0,14,2,89341,0,0,0,0,4668,0,2,0,0,79000
21,1,wc_u_elf_ranger,45088771,0,1,42818,67000,25550,2700,0,0,0,0,20,1,98728,0,0,0,0,16488,0,1,0,0,24182
21,1,wc_u_dwarf_ranger,45088772,0,0,0,76000,23100,3300,1250,0,0,0,12,2,75129,26512,0,0,0,0,0,0,0,0,76000
21,1,wc_u_halfling_ranger,45088773,0,1,15727,59000,25550,2400,0,0,0,0,19,3,88202,0,0,0,0,0,0,0,3,0,43273
21,1,wc_u_dragonkin_ranger,45088774,0,1,15502,72000,25550,4000,0,0,0,0,15,2,83493,23798,0,0,0,9611,0,0,0,0,56498
22,0,wc_u_dragonkin_guardian,46137345,0,0,0,118000,7050,0,2250,1200,0,0,3,1,9497,0,0,24000,24000,0,0,0,0,0,118000
22,0,wc_u_elf_rogue,46137346,0,0,0,79000,12000,800,1000,0,0,0,11,2,68785,0,0,0,0,4668,0,2,0,0,79000
22,0,wc_u_elf_ranger,46137347,0,1,67000,67000,23100,1800,0,0,0,0,18,1,97393,0,0,0,0,5569,0,1,0,0,0
22,0,wc_u_dwarf_ranger,46137348,0,1,17998,76000,23100,1100,1250,0,0,0,14,3,89017,37480,0,0,0,0,0,0,0,0,58002
22,0,wc_u_halfling_ranger,46137349,0,1,21183,59000,23100,800,0,0,0,0,19,2,85497,0,0,0,0,4493,0,0,2,0,37817
22,0,wc_u_dragonkin_ranger,46137350,0,1,34786,72000,23100,1000,0,0,0,0,17,2,96837,10194,0,0,0,21538,0,0,0,0,37214
22,1,wc_u_human_guardian,47185921,0,0,0,115500,5950,0,0,900,0,2450,4,1,11076,0,0,20000,20000,0,0,0,0,0,115500
22,1,wc_u_dwarf_guardian,47185922,0,0,0,110000,12000,0,0,0,0,0,7,1,21342,0,0,0,0,0,2000,0,0,0,110000
22,1,wc_u_human_mage,47185923,0,0,0,68200,16000,2000,0,0,0,0,8,2,25012,29483,0,0,0,1753,0,0,0,0,68200
22,1,wc_u_orc_mage,47185924,0,0,0,75000,19350,2000,0,0,0,0,11,2,44267,109459,0,0,0,0,0,0,0,0,75000
22,1,wc_u_elf_mage,47185925,1,0,0,69000,23100,1000,0,0,0,2600,15,2,57869,9540,0,0,0,2009,2500,0,0,0,69000
22,1,wc_u_halfling_mage,47185926,0,0,0,57000,10200,0,0,0,0,0,7,1,21985,0,0,0,0,0,0,0,0,0,57000
23,0,wc_u_human_guardian,48234497,0,0,0,115500,5950,0,0,900,0,2450,4,1,11076,0,0,20000,20000,0,0,0,0,0,115500
23,0,wc_u_dwarf_guardian,48234498,0,0,0,110000,15100,5050,0,0,0,0,5,1,13884,0,0,0,0,0,1000,0,0,0,110000
23,0,wc_u_human_mage,48234499,0,0,0,68200,21400,2000,0,0,0,0,13,2,41886,30200,0,0,0,4786,0,0,0,0,68200
23,0,wc_u_orc_mage,48234500,0,0,0,75000,19000,0,0,0,0,3000,13,2,53195,109891,0,0,0,0,0,0,0,0,75000
23,0,wc_u_elf_mage,48234501,1,0,0,69000,24450,0,0,0,0,3000,17,2,68528,9540,0,0,0,0,2500,0,0,0,69000
23,0,wc_u_halfling_mage,48234502,0,0,0,57000,9550,0,0,0,0,0,6,1,18235,0,0,0,0,0,0,0,0,0,57000
23,1,wc_u_dragonkin_guardian,49283073,0,0,0,118000,7050,0,2250,1200,0,0,3,1,9497,0,0,24000,24000,0,0,0,0,0,118000
23,1,wc_u_elf_rogue,49283074,0,0,0,79000,14100,800,0,0,0,0,14,2,89341,0,0,0,0,4668,0,2,0,0,79000
23,1,wc_u_elf_ranger,49283075,0,1,4634,67000,24450,2700,1250,0,0,0,16,1,88776,0,0,0,0,0,0,1,0,0,62366
23,1,wc_u_dwarf_ranger,49283076,0,1,38183,76000,24450,3300,0,0,0,0,14,2,89017,26512,0,0,0,0,0,0,0,0,37817
23,1,wc_u_halfling_ranger,49283077,0,1,34818,59000,24450,2400,0,0,0,0,17,3,76278,0,0,0,0,128,0,0,3,0,24182
23,1,wc_u_dragonkin_ranger,49283078,0,1,36930,72000,24450,4000,0,0,0,0,15,3,79173,36106,0,0,0,13137,0,0,0,0,35070
24,0,wc_u_dragonkin_guardian,50331649,0,0,0,118000,7050,0,2250,1200,0,0,3,1,9497,0,0,24000,24000,0,0,0,0,0,118000
24,0,wc_u_elf_rogue,50331650,0,0,0,79000,12000,800,1000,0,0,0,11,2,68785,0,0,0,0,4668,0,2,0,0,79000
24,0,wc_u_elf_ranger,50331651,0,1,33728,67000,23100,1800,0,0,0,0,18,1,97393,0,0,0,0,5569,0,1,0,0,33272
24,0,wc_u_dwarf_ranger,50331652,0,1,17998,76000,23100,1100,1250,0,0,0,14,3,89017,37480,0,0,0,0,0,0,0,0,58002
24,0,wc_u_halfling_ranger,50331653,0,1,35818,59000,23100,800,0,0,0,0,19,2,85497,0,0,0,0,4493,0,0,2,0,23182
24,0,wc_u_dragonkin_ranger,50331654,0,1,72000,72000,23100,1000,0,0,0,0,17,2,96837,10194,0,0,0,21538,0,0,0,0,0
24,1,wc_u_human_guardian,51380225,0,0,0,115500,5950,0,0,900,0,2450,4,1,11076,0,0,20000,20000,0,0,0,0,0,115500
24,1,wc_u_dwarf_guardian,51380226,0,0,0,110000,12000,0,0,0,0,0,7,1,21342,0,0,0,0,0,2000,0,0,0,110000
24,1,wc_u_human_mage,51380227,0,0,0,68200,16000,2000,0,0,0,0,8,2,25889,33574,0,0,0,1753,0,0,0,0,68200
24,1,wc_u_orc_mage,51380228,0,0,0,75000,19350,3000,0,0,0,0,10,2,39722,90459,0,0,0,0,0,0,0,0,75000
24,1,wc_u_elf_mage,51380229,1,0,0,69000,23100,1000,0,0,0,2600,15,2,57869,9540,0,0,0,2009,2500,0,0,0,69000
24,1,wc_u_halfling_mage,51380230,0,0,0,57000,10200,0,0,0,0,0,7,1,21985,0,0,0,0,0,0,0,0,0,57000
25,0,wc_u_human_guardian,52428801,0,0,0,207900,5950,0,0,900,0,2450,4,1,19938,0,0,36000,36000,0,0,0,0,0,207900
25,0,wc_u_dwarf_guardian,52428802,0,0,0,198000,15300,5250,0,0,0,0,5,1,24988,0,0,0,0,0,1000,0,0,0,198000
25,0,wc_u_human_mage,52428803,0,0,0,122760,24550,2000,0,0,0,0,14,3,81180,115725,0,0,0,8620,0,0,0,0,122760
25,0,wc_u_orc_mage,52428804,0,0,0,135000,22650,0,0,0,0,3000,15,2,103007,154275,0,0,0,7365,0,0,0,0,135000
25,0,wc_u_elf_mage,52428805,1,0,0,124200,18250,0,0,0,0,0,13,2,91930,17173,0,0,0,0,2500,0,0,0,124200
25,0,wc_u_halfling_mage,52428806,0,0,0,102600,9550,0,0,0,0,0,6,1,32820,0,0,0,0,0,0,0,0,0,102600
25,1,wc_u_dragonkin_guardian,53477377,0,0,0,212400,7050,0,2250,1200,0,0,3,1,17094,0,0,43200,43200,0,0,0,0,0,212400
25,1,wc_u_elf_rogue,53477378,0,0,0,142200,14100,800,0,0,0,0,14,2,160812,0,0,0,0,8397,0,2,0,0,142200
25,1,wc_u_elf_ranger,53477379,0,1,120600,120600,24550,2700,0,0,0,0,19,1,192040,0,0,0,0,1892,0,1,0,0,0
25,1,wc_u_dwarf_ranger,53477380,0,1,58909,136800,24550,3300,0,0,0,0,14,3,146382,71921,0,0,0,18471,0,0,0,0,77891
25,1,wc_u_halfling_ranger,53477381,0,0,0,106200,20300,2400,1250,0,0,0,13,2,99033,0,0,0,0,0,0,0,2,0,106200
25,1,wc_u_dragonkin_ranger,53477382,0,1,27255,129600,24550,4000,0,0,0,0,15,3,159793,43385,0,0,0,28862,0,0,0,0,102345
26,0,wc_u_dragonkin_guardian,54525953,0,0,0,212400,7050,0,2250,1200,0,0,3,1,17094,0,0,43200,43200,0,0,0,0,0,212400
26,0,wc_u_elf_rogue,54525954,0,0,0,142200,12000,800,1000,0,0,0,11,2,123813,0,0,0,0,8397,0,2,0,0,142200
26,0,wc_u_elf_ranger,54525955,0,1,120600,120600,23750,900,0,0,0,0,20,1,207433,0,0,0,0,3441,0,1,0,0,0
26,0,wc_u_dwarf_ranger,54525956,0,1,93273,136800,23750,1100,0,0,0,0,14,4,160234,95796,0,0,0,0,0,0,0,0,43527
26,0,wc_u_halfling_ranger,54525957,0,0,0,106200,15600,800,1100,0,0,0,12,1,88795,0,0,0,0,0,0,0,1,0,106200
26,0,wc_u_dragonkin_ranger,54525958,0,1,38313,129600,23750,1000,0,0,0,0,16,3,171706,25589,0,0,0,45772,0,0,0,0,91287
26,1,wc_u_human_guardian,55574529,0,0,0,207900,5950,0,0,900,0,2450,4,1,19938,0,0,36000,36000,0,0,0,0,0,207900
26,1,wc_u_dwarf_guardian,55574530,0,0,0,198000,12000,0,0,0,0,0,7,1,38412,0,0,0,0,0,2000,0,0,0,198000
26,1,wc_u_human_mage,55574531,0,0,0,122760,15700,2000,0,0,0,0,8,2,45941,60433,0,0,0,3817,0,0,0,0,122760
26,1,wc_u_orc_mage,55574532,0,0,0,135000,23750,2000,0,0,0,0,14,2,93717,197025,0,0,0,0,0,0,0,0,135000
26,1,wc_u_elf_mage,55574533,1,0,0,124200,19650,1000,0,0,0,0,13,2,83405,17173,0,0,0,3614,2500,0,0,0,124200
26,1,wc_u_halfling_mage,55574534,0,0,0,102600,10200,0,0,0,0,0,7,1,39570,0,0,0,0,0,0,0,0,0,102600
27,0,wc_u_human_guardian,56623105,0,0,0,207900,5100,0,0,900,0,1600,3,1,13292,0,0,36000,36000,0,0,0,0,0,207900
27,0,wc_u_dwarf_guardian,56623106,0,0,0,198000,10550,0,0,0,0,0,7,1,36552,0,0,0,0,0,1000,0,0,0,198000
27,0,wc_u_human_mage,56623107,0,0,0,122760,23000,5000,0,0,0,0,9,3,54166,60750,0,0,0,0,0,0,0,0,122760
27,0,wc_u_orc_mage,56623108,0,0,0,135000,23450,1000,0,0,0,2150,15,1,100474,33236,0,0,0,9514,0,0,0,0,135000
27,0,wc_u_elf_mage,56623109,1,0,0,124200,16600,0,0,0,0,0,11,2,68647,17824,0,0,0,6104,1250,0,0,0,124200
27,0,wc_u_halfling_mage,56623110,0,0,0,102600,14400,0,0,0,0,1700,11,2,47175,23462,0,0,0,0,0,0,0,0,102600
27,1,wc_u_dragonkin_guardian,57671681,0,0,0,212400,14850,2200,1000,2950,0,0,7,2,42002,0,0,86400,86400,0,0,0,0,0,212400
27,1,wc_u_elf_rogue,57671682,0,0,0,142200,5000,800,300,0,0,0,4,1,45879,0,0,0,0,0,0,1,0,0,142200
27,1,wc_u_elf_ranger,57671683,0,1,63980,120600,23450,2700,0,0,0,0,19,0,177030,0,0,0,0,22700,0,0,0,0,56620
27,1,wc_u_dwarf_ranger,57671684,0,1,136800,136800,23450,2200,0,0,0,0,15,4,163934,71012,0,0,0,34239,0,0,0,0,0
27,1,wc_u_halfling_ranger,57671685,0,1,106200,106200,23450,1600,0,0,0,0,20,3,170722,0,0,0,0,735,0,0,3,0,0
27,1,wc_u_dragonkin_ranger,57671686,0,1,85242,129600,23450,2000,0,0,0,0,14,3,157072,62809,0,0,0,0,0,0,0,0,44358
28,0,wc_u_dragonkin_guardian,58720257,0,0,0,212400,7400,0,2250,1200,0,0,3,1,16908,0,0,43200,43200,0,0,0,0,0,212400
28,0,wc_u_elf_rogue,58720258,0,0,0,142200,12200,800,1000,0,0,0,11,2,123813,0,0,0,0,8397,0,2,0,0,142200
28,0,wc_u_elf_ranger,58720259,0,1,120600,120600,23650,900,0,0,0,0,18,1,185640,0,0,0,0,0,0,1,0,0,0
28,0,wc_u_dwarf_ranger,58720260,0,1,136800,136800,23650,1100,0,0,0,0,13,4,138242,85773,0,0,0,10023,0,0,0,0,0
28,0,wc_u_halfling_ranger,58720261,0,1,54491,106200,23650,800,0,0,0,0,18,3,151607,0,0,0,0,0,0,0,3,0,51709
28,0,wc_u_dragonkin_ranger,58720262,0,0,0,129600,21850,1000,1250,0,0,0,15,3,149142,39335,0,0,0,17023,0,0,0,0,129600
28,1,wc_u_human_guardian,59768833,0,0,0,207900,12600,1000,0,3850,0,3500,6,2,34582,0,0,72000,72000,0,0,0,0,0,207900
28,1,wc_u_dwarf_guardian,59768834,0,0,0,198000,4750,0,0,0,0,0,3,1,12184,0,0,0,0,0,2000,0,0,0,198000
28,1,wc_u_human_mage,59768835,0,0,0,122760,17200,2000,0,0,0,0,9,2,53966,53069,0,0,0,0,0,0,0,0,122760
28,1,wc_u_orc_mage,59768836,0,0,0,135000,23600,2000,0,0,0,3000,15,2,92718,153498,0,0,0,10788,0,0,0,0,135000
28,1,wc_u_elf_mage,59768837,1,0,0,124200,19650,2000,0,0,0,0,12,2,79164,14228,0,0,0,0,2500,0,0,0,124200
28,1,wc_u_halfling_mage,59768838,0,0,0,102600,10200,0,0,0,0,0,8,1,42500,0,0,0,0,2284,0,0,0,0,102600
29,0,wc_u_human_guardian,60817409,0,0,0,207900,5950,0,0,900,0,2450,4,1,19938,0,0,36000,36000,0,0,0,0,0,207900
29,0,wc_u_dwarf_guardian,60817410,0,0,0,198000,15400,5350,0,0,0,0,5,1,24988,0,0,0,0,0,1000,0,0,0,198000
29,0,wc_u_human_mage,60817411,0,0,0,122760,25550,2000,0,0,0,0,15,3,86966,123577,0,0,0,35132,0,0,0,0,122760
29,0,wc_u_orc_mage,60817412,0,0,0,135000,18950,0,0,0,0,3000,13,2,95761,197802,0,0,0,0,0,0,0,0,135000
29,0,wc_u_elf_mage,60817413,1,0,0,124200,22250,0,0,0,0,1150,16,2,115495,17173,0,0,0,0,2500,0,0,0,124200
29,0,wc_u_halfling_mage,60817414,0,0,0,102600,9550,0,0,0,0,0,6,1,32820,0,0,0,0,0,0,0,0,0,102600
29,1,wc_u_dragonkin_guardian,61865985,0,0,0,212400,7050,0,2250,1200,0,0,3,1,17094,0,0,43200,43200,0,0,0,0,0,212400
29,1,wc_u_elf_rogue,61865986,0,0,0,142200,14100,800,0,0,0,0,14,2,160812,0,0,0,0,8397,0,2,0,0,142200
29,1,wc_u_elf_ranger,61865987,0,1,77073,120600,25550,2700,0,0,0,0,20,1,177717,0,0,0,0,29679,0,1,0,0,43527
29,1,wc_u_dwarf_ranger,61865988,0,0,0,136800,23100,3300,1250,0,0,0,12,2,135235,47721,0,0,0,0,0,0,0,0,136800
29,1,wc_u_halfling_ranger,61865989,0,1,28309,106200,25550,2400,0,0,0,0,19,3,158757,0,0,0,0,0,0,0,3,0,77891
29,1,wc_u_dragonkin_ranger,61865990,0,1,27898,129600,25550,4000,0,0,0,0,15,2,150287,42837,0,0,0,17306,0,0,0,0,101702
30,0,wc_u_dragonkin_guardian,62914561,0,0,0,212400,7050,0,2250,1200,0,0,3,1,17094,0,0,43200,43200,0,0,0,0,0,212400
30,0,wc_u_elf_rogue,62914562,0,0,0,142200,12000,800,1000,0,0,0,11,2,123813,0,0,0,0,8397,0,2,0,0,142200
30,0,wc_u_elf_ranger,62914563,0,1,120600,120600,23100,1800,0,0,0,0,18,1,175315,0,0,0,0,10023,0,1,0,0,0
30,0,wc_u_dwarf_ranger,62914564,0,1,32398,136800,23100,1100,1250,0,0,0,14,3,160234,67463,0,0,0,0,0,0,0,0,104402
30,0,wc_u_halfling_ranger,62914565,0,1,38127,106200,23100,800,0,0,0,0,19,2,153887,0,0,0,0,8090,0,0,2,0,68073
30,0,wc_u_dragonkin_ranger,62914566,0,1,62614,129600,23100,1000,0,0,0,0,17,2,174306,18348,0,0,0,38776,0,0,0,0,66986
30,1,wc_u_human_guardian,63963137,0,0,0,207900,5950,0,0,900,0,2450,4,1,19938,0,0,36000,36000,0,0,0,0,0,207900
30,1,wc_u_dwarf_guardian,63963138,0,0,0,198000,12000,0,0,0,0,0,7,1,38412,0,0,0,0,0,2000,0,0,0,198000
30,1,wc_u_human_mage,63963139,0,0,0,122760,16000,2000,0,0,0,0,8,2,45018,53069,0,0,0,3162,0,0,0,0,122760
30,1,wc_u_orc_mage,63963140,0,0,0,135000,19350,2000,0,0,0,0,11,2,79689,197025,0,0,0,0,0,0,0,0,135000
30,1,wc_u_elf_mage,63963141,1,0,0,124200,23100,1000,0,0,0,2600,15,2,104167,17173,0,0,0,3614,2500,0,0,0,124200
30,1,wc_u_halfling_mage,63963142,0,0,0,102600,10200,0,0,0,0,0,7,1,39570,0,0,0,0,0,0,0,0,0,102600
31,0,wc_u_human_guardian,65011713,0,0,0,207900,5950,0,0,900,0,2450,4,1,19938,0,0,36000,36000,0,0,0,0,0,207900
31,0,wc_u_dwarf_guardian,65011714,0,0,0,198000,15100,5050,0,0,0,0,5,1,24988,0,0,0,0,0,1000,0,0,0,198000
31,0,wc_u_human_mage,65011715,0,0,0,122760,21400,2000,0,0,0,0,13,2,75394,54361,0,0,0,8620,0,0,0,0,122760
31,0,wc_u_orc_mage,65011716,0,0,0,135000,19000,1000,0,0,0,3000,12,2,87579,120075,0,0,0,0,0,0,0,0,135000
31,0,wc_u_elf_mage,65011717,1,0,0,124200,24550,0,0,0,0,3000,17,2,123184,17173,0,0,0,166,2500,0,0,0,124200
31,0,wc_u_halfling_mage,65011718,0,0,0,102600,9550,0,0,0,0,0,6,1,32820,0,0,0,0,0,0,0,0,0,102600
31,1,wc_u_dragonkin_guardian,66060289,0,0,0,212400,7050,0,2250,1200,0,0,3,1,17094,0,0,43200,43200,0,0,0,0,0,212400
31,1,wc_u_elf_rogue,66060290,0,0,0,142200,14100,800,0,0,0,0,14,2,160812,0,0,0,0,8397,0,2,0,0,142200
31,1,wc_u_elf_ranger,66060291,0,0,0,120600,22150,2700,1250,0,0,0,14,1,133802,0,0,0,0,0,0,1,0,0,120600
31,1,wc_u_dwarf_ranger,66060292,0,1,85418,136800,24550,3300,0,0,0,0,14,3,160234,66574,0,0,0,9480,0,0,0,0,51382
31,1,wc_u_halfling_ranger,66060293,0,1,106200,106200,24550,2400,0,0,0,0,17,3,137292,0,0,0,0,231,0,0,3,0,0
31,1,wc_u_dragonkin_ranger,66060294,0,1,100670,129600,24550,4000,0,0,0,0,15,3,149661,64991,0,0,0,16502,0,0,0,0,28930
32,0,wc_u_dragonkin_guardian,67108865,0,0,0,212400,7050,0,2250,1200,0,0,3,1,17094,0,0,43200,43200,0,0,0,0,0,212400
32,0,wc_u_elf_rogue,67108866,0,0,0,142200,12000,800,1000,0,0,0,11,2,123813,0,0,0,0,8397,0,2,0,0,142200
32,0,wc_u_elf_ranger,67108867,0,1,60709,120600,23100,1800,0,0,0,0,18,1,175315,0,0,0,0,10023,0,1,0,0,59891
32,0,wc_u_dwarf_ranger,67108868,0,1,32398,136800,23100,1100,1250,0,0,0,14,3,160234,67463,0,0,0,0,0,0,0,0,104402
32,0,wc_u_halfling_ranger,67108869,0,1,64472,106200,23100,800,0,0,0,0,19,2,153887,0,0,0,0,8090,0,0,2,0,41728
32,0,wc_u_dragonkin_ranger,67108870,0,1,129600,129600,23100,1000,0,0,0,0,17,2,174306,18348,0,0,0,38776,0,0,0,0,0
32,1,wc_u_human_guardian,68157441,0,0,0,207900,5950,0,0,900,0,2450,4,1,19938,0,0,36000,36000,0,0,0,0,0,207900
32,1,wc_u_dwarf_guardian,68157442,0,0,0,198000,12000,0,0,0,0,0,7,1,38412,0,0,0,0,0,2000,0,0,0,198000
32,1,wc_u_human_mage,68157443,0,0,0,122760,16000,2000,0,0,0,0,8,2,46596,60433,0,0,0,3162,0,0,0,0,122760
32,1,wc_u_orc_mage,68157444,0,0,0,135000,19350,3000,0,0,0,0,10,2,71507,162825,0,0,0,0,0,0,0,0,135000
32,1,wc_u_elf_mage,68157445,1,0,0,124200,23100,1000,0,0,0,2600,15,2,104167,17173,0,0,0,3614,2500,0,0,0,124200
32,1,wc_u_halfling_mage,68157446,0,0,0,102600,10200,0,0,0,0,0,7,1,39570,0,0,0,0,0,0,0,0,0,102600
33,0,wc_u_human_guardian,69206017,0,0,0,115500,18600,4350,3350,4850,0,6000,7,2,23878,0,0,40000,34882,0,0,0,0,0,115500
33,0,wc_u_dwarf_guardian,69206018,0,1,87548,110000,23200,2300,1900,0,0,0,12,2,41185,0,0,0,0,1968,5000,0,0,0,22452
33,0,wc_u_human_mage,69206019,0,1,33940,68200,23200,3000,0,0,0,0,11,3,42233,82947,0,0,0,10235,0,0,0,0,34260
33,0,wc_u_orc_mage,69206020,0,1,75000,75000,23200,2000,0,0,0,2600,11,2,47301,138493,0,0,0,0,0,0,0,0,0
33,0,wc_u_elf_mage,69206021,1,1,33456,69000,23200,1000,0,0,0,0,15,2,57052,15136,0,0,0,4702,2500,0,0,0,35544
33,0,wc_u_halfling_mage,69206022,0,0,0,57000,8650,0,0,0,0,0,7,1,24968,21807,0,0,0,1054,0,0,0,0,57000
33,1,wc_u_dwarf_guardian,70254593,0,0,0,110000,5100,0,400,850,0,0,3,1,5866,0,0,0,0,0,2000,0,0,0,110000
33,1,wc_u_orc_guardian,70254594,0,0,0,112000,10650,0,1000,850,0,0,6,1,15000,0,0,28000,28000,0,0,0,0,0,112000
33,1,wc_u_halfling_rogue,70254595,0,0,0,66000,6150,0,1000,0,0,0,6,1,22452,0,0,0,0,0,1000,0,0,0,66000
33,1,wc_u_elf_rogue,70254596,0,0,0,79000,15400,800,550,0,0,0,17,2,109897,0,0,0,0,4668,0,2,0,0,79000
33,1,wc_u_elf_mage,70254597,0,0,0,69000,20900,0,1000,0,0,0,14,2,45432,5217,0,0,0,0,2500,0,0,0,69000
33,1,wc_u_halfling_ranger,70254598,0,0,0,59000,23150,0,1000,0,0,0,21,3,60892,0,0,0,0,1585,0,0,3,0,59000
34,0,wc_u_dwarf_guardian,71303169,0,0,0,110000,5100,0,400,850,0,0,3,1,5866,0,0,0,0,0,2000,0,0,0,110000
34,0,wc_u_orc_guardian,71303170,0,0,0,112000,13350,0,1000,850,0,0,8,1,18000,0,0,28000,28000,0,0,0,0,0,112000
34,0,wc_u_halfling_rogue,71303171,0,0,0,66000,14850,0,1000,0,0,0,17,2,63614,0,0,0,0,0,2000,0,0,0,66000
34,0,wc_u_elf_rogue,71303172,0,0,0,79000,10650,800,1000,0,0,0,11,1,68785,0,0,0,0,4668,0,1,0,0,79000
34,0,wc_u_elf_mage,71303173,0,0,0,69000,21650,0,0,0,0,0,16,2,52816,5217,0,0,0,0,2500,0,0,0,69000
34,0,wc_u_halfling_ranger,71303174,0,0,0,59000,25200,0,550,0,0,0,23,3,66966,0,0,0,0,2467,0,0,3,0,59000
34,1,wc_u_human_guardian,72351745,0,0,0,115500,17700,2250,3350,4450,0,6000,7,2,22744,0,0,40000,40000,0,0,0,0,0,115500
34,1,wc_u_dwarf_guardian,72351746,0,1,46386,110000,25200,4600,2900,0,0,0,11,2,38884,0,0,0,0,0,5000,0,0,0,63614
34,1,wc_u_human_mage,72351747,0,1,68200,68200,25200,2000,0,0,0,0,14,3,53682,66076,0,0,0,22919,0,0,0,0,0
34,1,wc_u_orc_mage,72351748,0,1,75000,75000,25200,4000,0,0,0,3000,11,1,47976,138493,0,0,0,0,0,0,0,0,0
34,1,wc_u_elf_mage,72351749,1,1,23850,69000,25200,1000,0,0,0,0,15,3,56919,21897,0,0,0,5688,2500,0,0,0,45150
34,1,wc_u_halfling_mage,72351750,0,0,0,57000,9400,0,0,0,0,0,7,1,26522,21807,0,0,0,0,0,0,0,0,57000
35,0,wc_u_human_guardian,73400321,0,0,0,115500,15650,0,3650,4450,0,6000,7,2,22744,0,0,40000,40000,0,0,0,0,0,115500
35,0,wc_u_dwarf_guardian,73400322,0,1,14068,110000,28850,4250,4150,0,0,0,13,3,43377,0,0,0,0,0,4000,0,0,0,95932
35,0,wc_u_human_mage,73400323,0,1,13384,68200,28850,4000,0,0,0,0,15,3,58209,74773,0,0,0,481,0,0,0,0,54816
35,0,wc_u_orc_mage,73400324,0,1,75000,75000,28850,2000,0,0,0,3000,16,3,66767,97023,0,0,0,2074,0,0,0,0,0
35,0,wc_u_elf_mage,73400325,1,1,55296,69000,28850,1000,0,0,0,0,19,3,77636,12664,0,0,0,11078,1250,0,0,0,13704
35,0,wc_u_halfling_mage,73400326,0,0,0,57000,8650,0,0,0,0,0,6,1,21750,20057,0,0,0,0,0,0,0,0,57000
35,1,wc_u_dwarf_guardian,74448897,0,0,0,110000,17950,0,2000,850,0,0,10,2,23370,0,0,0,0,0,4000,0,0,0,110000
35,1,wc_u_orc_guardian,74448898,0,0,0,112000,9300,0,1000,1500,0,0,6,1,15000,0,0,28000,28000,0,0,0,0,0,112000
35,1,wc_u_halfling_rogue,74448899,0,0,0,66000,4700,0,0,0,0,0,5,1,18710,0,0,0,0,0,1000,0,0,0,66000
35,1,wc_u_elf_rogue,74448900,0,0,0,79000,18100,800,1250,0,0,0,20,2,130453,0,0,0,0,4668,0,2,0,0,79000
35,1,wc_u_elf_mage,74448901,0,0,0,69000,28850,0,0,0,0,0,22,3,81116,10672,0,0,0,90,3750,0,0,0,69000
35,1,wc_u_halfling_ranger,74448902,0,0,0,59000,24650,0,1000,0,0,0,22,3,57631,0,0,0,0,0,0,0,3,0,59000
36,0,wc_u_dwarf_guardian,75497473,0,0,0,110000,7950,0,1000,850,0,0,5,1,14195,0,0,0,0,0,2000,0,0,0,110000
36,0,wc_u_orc_guardian,75497474,0,0,0,112000,18400,0,1000,3250,0,0,11,2,25686,0,0,42000,42000,1614,0,0,0,0,112000
36,0,wc_u_halfling_rogue,75497475,0,0,0,66000,4700,0,0,0,0,0,5,1,18710,0,0,0,0,0,1000,0,0,0,66000
36,0,wc_u_elf_rogue,75497476,0,0,0,79000,15350,800,1500,0,0,0,16,2,103045,0,0,0,0,4668,0,2,0,0,79000
36,0,wc_u_elf_mage,75497477,0,0,0,69000,27950,0,0,0,0,0,21,3,72288,15889,0,0,0,0,3750,0,0,0,69000
36,0,wc_u_halfling_ranger,75497478,0,0,0,59000,24650,0,0,0,0,0,22,3,57958,0,0,0,0,0,0,0,3,0,59000
36,1,wc_u_human_guardian,76546049,0,1,15841,115500,27950,2000,3500,8800,0,6000,14,3,48246,0,0,60000,34882,1778,0,0,0,0,99659
36,1,wc_u_dwarf_guardian,76546050,0,0,0,110000,8850,0,3000,0,0,0,3,1,10697,0,0,0,0,0,3000,0,0,0,110000
36,1,wc_u_human_mage,76546051,0,1,27088,68200,27950,2000,0,0,0,0,16,3,55403,73182,0,0,0,2658,0,0,0,0,41112
36,1,wc_u_orc_mage,76546052,0,1,75000,75000,27950,3000,0,0,0,3000,14,3,61608,117940,0,0,0,14750,0,0,0,0,0
36,1,wc_u_elf_mage,76546053,1,1,69000,69000,27950,1000,0,0,0,0,18,3,73307,11924,0,0,0,12667,1250,0,0,0,0
36,1,wc_u_halfling_mage,76546054,0,0,0,57000,9700,0,0,0,0,0,6,1,22636,20057,0,0,0,0,0,0,0,0,57000
37,0,wc_u_human_guardian,77594625,0,0,0,115500,15650,0,2650,4350,0,6000,8,2,19005,0,0,40000,40000,2887,0,0,0,0,115500
37,0,wc_u_dwarf_guardian,77594626,0,0,0,110000,22300,2300,3900,0,0,0,11,2,34139,0,0,0,0,0,5000,0,0,0,110000
37,0,wc_u_human_mage,77594627,0,1,68200,68200,25150,5000,0,0,0,0,11,3,37919,52404,0,0,0,2090,0,0,0,0,0
37,0,wc_u_orc_mage,77594628,0,1,66250,75000,25150,2000,0,0,0,0,14,2,57144,109025,0,0,0,9615,0,0,0,0,8750
37,0,wc_u_elf_mage,77594629,1,1,69000,69000,25150,1000,0,0,0,0,14,3,55162,18696,0,0,0,3108,3750,0,0,0,0
37,0,wc_u_halfling_mage,77594630,0,1,29592,57000,25150,1800,0,0,0,3000,17,3,59411,52095,0,0,0,0,0,0,0,0,27408
37,1,wc_u_dwarf_guardian,78643201,0,0,0,110000,10600,0,1000,850,0,0,6,1,14665,0,0,0,0,0,2000,0,0,0,110000
37,1,wc_u_orc_guardian,78643202,0,0,0,112000,15800,0,1950,1650,0,0,9,2,18882,0,0,42000,42000,0,0,0,0,0,112000
37,1,wc_u_halfling_rogue,78643203,0,0,0,66000,18100,0,2000,0,0,0,19,3,71098,0,0,0,0,0,3000,0,0,0,66000
37,1,wc_u_elf_rogue,78643204,0,0,0,79000,5000,800,300,0,0,0,5,1,32341,0,0,0,0,0,0,1,0,0,79000
37,1,wc_u_elf_mage,78643205,0,0,0,69000,21850,0,0,0,0,0,17,2,59095,5217,0,0,0,291,2500,0,0,0,69000
37,1,wc_u_halfling_ranger,78643206,0,0,0,59000,25150,0,500,0,0,0,22,3,60360,0,0,0,0,1884,0,0,3,0,59000
38,0,wc_u_dwarf_guardian,79691777,0,0,0,110000,8650,0,1000,850,0,0,5,1,11732,0,0,0,0,0,2000,0,0,0,110000
38,0,wc_u_orc_guardian,79691778,0,0,0,112000,12650,0,1000,850,0,0,8,1,18000,0,0,28000,28000,0,0,0,0,0,112000
38,0,wc_u_halfling_rogue,79691779,0,0,0,66000,14850,0,1000,0,0,0,17,2,63614,0,0,0,0,0,2000,0,0,0,66000
38,0,wc_u_elf_rogue,79691780,0,0,0,79000,5000,800,300,0,0,0,5,1,32341,0,0,0,0,0,0,1,0,0,79000
38,0,wc_u_elf_mage,79691781,0,0,0,69000,25050,0,1300,0,0,0,17,2,59386,5217,0,0,0,0,2500,0,0,0,69000
38,0,wc_u_halfling_ranger,79691782,0,0,0,59000,21650,0,0,0,0,0,20,3,50696,0,0,0,0,892,0,0,3,0,59000
38,1,wc_u_human_guardian,80740353,0,0,0,115500,16700,1250,3350,4450,0,6000,7,2,22318,0,0,40000,40000,0,0,0,0,0,115500
38,1,wc_u_dwarf_guardian,80740354,0,1,11922,110000,25050,3450,2900,0,0,0,12,2,40488,0,0,0,0,0,5000,0,0,0,98078
38,1,wc_u_human_mage,80740355,0,1,68200,68200,25050,2000,0,0,0,0,14,3,53109,48117,0,0,0,8528,0,0,0,0,0
38,1,wc_u_orc_mage,80740356,0,1,75000,75000,25050,4000,0,0,0,3000,14,1,60774,88563,0,0,0,5286,0,0,0,0,0
38,1,wc_u_elf_mage,80740357,1,1,69000,69000,25050,1000,0,0,0,0,14,3,59020,14872,0,0,0,6590,2500,0,0,0,0
38,1,wc_u_halfling_mage,80740358,0,1,29592,57000,25050,1800,0,0,0,0,16,3,55644,52095,0,0,0,1218,0,0,0,0,27408
39,0,wc_u_human_guardian,81788929,0,0,0,115500,15650,0,3650,3450,0,6000,7,2,21892,0,0,40000,40000,0,0,0,0,0,115500
39,0,wc_u_dwarf_guardian,81788930,0,1,24451,110000,26500,3450,2900,0,0,0,12,3,38263,0,0,0,0,0,4000,0,0,0,85549
39,0,wc_u_human_mage,81788931,0,1,68200,68200,26500,6000,0,0,0,3000,11,3,43272,74382,0,0,0,50,0,0,0,0,0
39,0,wc_u_orc_mage,81788932,0,1,75000,75000,26500,2000,0,0,0,0,14,3,59674,129624,0,0,0,12097,0,0,0,0,0
39,0,wc_u_elf_mage,81788933,1,1,69000,69000,26500,1000,0,0,0,0,17,3,68107,17229,0,0,0,7140,2500,0,0,0,0
39,0,wc_u_halfling_mage,81788934,0,0,0,57000,8650,0,0,0,0,0,6,1,22500,20057,0,0,0,0,0,0,0,0,57000
39,1,wc_u_dwarf_guardian,82837505,0,0,0,110000,13650,0,1000,850,0,0,8,2,17598,0,0,0,0,0,4000,0,0,0,110000
39,1,wc_u_orc_guardian,82837506,0,0,0,112000,19450,0,3150,1500,0,0,11,1,26709,0,0,28000,28000,0,0,0,0,0,112000
39,1,wc_u_halfling_rogue,82837507,0,0,0,66000,4700,0,0,0,0,0,5,1,18710,0,0,0,0,0,1000,0,0,0,66000
39,1,wc_u_elf_rogue,82837508,0,0,0,79000,9300,800,0,0,0,0,10,1,61933,0,0,0,0,4668,0,1,0,0,79000
39,1,wc_u_elf_mage,82837509,0,0,0,69000,26350,0,1250,0,0,0,19,3,65772,10672,0,0,0,3157,3750,0,0,0,69000
39,1,wc_u_halfling_ranger,82837510,0,0,0,59000,23200,0,50,0,0,0,21,3,56655,0,0,0,0,0,0,0,3,0,59000
40,0,wc_u_dwarf_guardian,83886081,0,0,0,110000,8650,0,1000,850,0,0,5,1,11732,0,0,0,0,0,2000,0,0,0,110000
40,0,wc_u_orc_guardian,83886082,0,0,0,112000,15350,0,1500,1650,0,0,9,2,18882,0,0,42000,42000,0,0,0,0,0,112000
40,0,wc_u_halfling_rogue,83886083,0,0,0,66000,10850,0,1000,0,0,0,12,2,44904,0,0,0,0,0,2000,0,0,0,66000
40,0,wc_u_elf_rogue,83886084,0,0,0,79000,5000,800,300,0,0,0,5,1,32341,0,0,0,0,0,0,1,0,0,79000
40,0,wc_u_elf_mage,83886085,0,0,0,69000,20450,0,0,0,0,0,15,2,49566,5217,0,0,0,0,2500,0,0,0,69000
40,0,wc_u_halfling_ranger,83886086,0,0,0,59000,23150,0,0,0,0,0,22,3,68929,0,0,0,0,625,0,0,3,0,59000
40,1,wc_u_human_guardian,84934657,0,0,0,115500,15700,0,2700,4350,0,6000,8,2,22318,0,0,40000,40000,0,0,0,0,0,115500
40,1,wc_u_dwarf_guardian,84934658,0,1,65096,110000,23300,4600,2900,0,0,0,9,2,28266,0,0,0,0,0,5000,0,0,0,44904
40,1,wc_u_human_mage,84934659,0,1,24441,68200,23300,2000,0,0,0,0,11,3,38463,55341,0,0,0,0,0,0,0,0,43759
40,1,wc_u_orc_mage,84934660,0,1,75000,75000,23300,2000,0,0,0,2600,13,2,52704,144898,0,0,0,19584,0,0,0,0,0
40,1,wc_u_elf_mage,84934661,1,1,69000,69000,23300,1000,0,0,0,0,14,2,53866,11060,0,0,0,4096,2500,0,0,0,0
40,1,wc_u_halfling_mage,84934662,0,1,29592,57000,23300,3600,0,0,0,0,11,3,35989,52095,0,0,0,1218,0,0,0,0,27408
41,0,wc_u_human_guardian,85983233,0,0,0,207900,18600,4200,3350,4850,0,6000,7,2,38912,0,0,72000,62786,4072,0,0,0,0,207900
41,0,wc_u_dwarf_guardian,85983234,0,1,157590,198000,23200,2300,1900,0,0,0,12,2,74133,0,0,0,0,3542,5000,0,0,0,40410
41,0,wc_u_human_mage,85983235,0,1,61095,122760,23200,3000,0,0,0,0,11,3,76018,149302,0,0,0,18426,0,0,0,0,61665
41,0,wc_u_orc_mage,85983236,0,1,135000,135000,23200,2000,0,0,0,2600,11,2,85146,249285,0,0,0,0,0,0,0,0,0
41,0,wc_u_elf_mage,85983237,1,1,60220,124200,23200,1000,0,0,0,0,15,2,106761,27245,0,0,0,4394,2500,0,0,0,63980
41,0,wc_u_halfling_mage,85983238,0,0,0,102600,8650,0,0,0,0,0,7,1,44946,39252,0,0,0,1896,0,0,0,0,102600
41,1,wc_u_dwarf_guardian,87031809,0,0,0,198000,5100,0,400,850,0,0,3,1,10560,0,0,0,0,0,2000,0,0,0,198000
41,1,wc_u_orc_guardian,87031810,0,0,0,201600,10750,0,1000,850,0,0,6,1,27000,0,0,50400,50400,0,0,0,0,0,201600
41,1,wc_u_halfling_rogue,87031811,0,0,0,118800,6150,0,1000,0,0,0,6,1,40410,0,0,0,0,0,1000,0,0,0,118800
41,1,wc_u_elf_rogue,87031812,0,0,0,142200,15400,800,550,0,0,0,17,2,197811,0,0,0,0,8397,0,2,0,0,142200
41,1,wc_u_elf_mage,87031813,0,0,0,124200,20900,0,1000,0,0,0,14,2,81776,9391,0,0,0,0,2500,0,0,0,124200
41,1,wc_u_halfling_ranger,87031814,0,0,0,106200,23150,0,1000,0,0,0,21,3,109607,0,0,0,0,2845,0,0,3,0,106200
42,0,wc_u_dwarf_guardian,88080385,0,0,0,198000,5100,0,400,850,0,0,3,1,10560,0,0,0,0,0,2000,0,0,0,198000
42,0,wc_u_orc_guardian,88080386,0,0,0,201600,13350,0,1000,850,0,0,8,1,32400,0,0,50400,50400,0,0,0,0,0,201600
42,0,wc_u_halfling_rogue,88080387,0,0,0,118800,14850,0,1000,0,0,0,17,2,114495,0,0,0,0,0,2000,0,0,0,118800
42,0,wc_u_elf_rogue,88080388,0,0,0,142200,10650,800,1000,0,0,0,11,1,123813,0,0,0,0,8397,0,1,0,0,142200
42,0,wc_u_elf_mage,88080389,0,0,0,124200,21650,0,0,0,0,0,16,2,95068,9391,0,0,0,0,2500,0,0,0,124200
42,0,wc_u_halfling_ranger,88080390,0,0,0,106200,25200,0,550,0,0,0,23,3,120541,0,0,0,0,4431,0,0,3,0,106200
42,1,wc_u_human_guardian,89128961,0,0,0,207900,17700,1950,3350,4300,0,6000,7,2,40943,0,0,72000,72000,0,0,0,0,0,207900
42,1,wc_u_dwarf_guardian,89128962,0,1,83505,198000,25200,4600,2900,0,0,0,11,2,69991,0,0,0,0,0,5000,0,0,0,114495
42,1,wc_u_human_mage,89128963,0,1,122760,122760,25200,2000,0,0,0,0,14,3,96627,118935,0,0,0,41256,0,0,0,0,0
42,1,wc_u_orc_mage,89128964,0,1,135000,135000,25200,4000,0,0,0,3000,11,1,86364,249285,0,0,0,0,0,0,0,0,0
42,1,wc_u_elf_mage,89128965,1,1,42927,124200,25200,1000,0,0,0,0,15,3,102446,39415,0,0,0,10244,2500,0,0,0,81273
42,1,wc_u_halfling_mage,89128966,0,0,0,102600,9400,0,0,0,0,0,7,1,47742,39252,0,0,0,0,0,0,0,0,102600
43,0,wc_u_human_guardian,90177537,0,0,0,207900,15650,0,3650,4300,0,6000,7,2,39462,0,0,72000,72000,1481,0,0,0,0,207900
43,0,wc_u_dwarf_guardian,90177538,0,1,25327,198000,29050,4250,4150,0,0,0,13,3,78077,0,0,0,0,0,4000,0,0,0,172673
43,0,wc_u_human_mage,90177539,0,1,24096,122760,29050,4000,0,0,0,0,15,3,104779,134592,0,0,0,864,0,0,0,0,98664
43,0,wc_u_orc_mage,90177540,0,1,135000,135000,29050,2000,0,0,0,3000,16,3,120188,174639,0,0,0,3733,0,0,0,0,0
43,0,wc_u_elf_mage,90177541,1,1,99534,124200,29050,1000,0,0,0,0,19,3,141215,22796,0,0,0,18463,1250,0,0,0,24666
43,0,wc_u_halfling_mage,90177542,0,0,0,102600,8650,0,0,0,0,0,6,1,39150,36102,0,0,0,0,0,0,0,0,102600
43,1,wc_u_dwarf_guardian,91226113,0,0,0,198000,17950,0,2000,850,0,0,10,2,42070,0,0,0,0,0,4000,0,0,0,198000
43,1,wc_u_orc_guardian,91226114,0,0,0,201600,9300,0,1000,1500,0,0,6,1,27000,0,0,50400,50400,0,0,0,0,0,201600
43,1,wc_u_halfling_rogue,91226115,0,0,0,118800,4700,0,0,0,0,0,5,1,33675,0,0,0,0,0,1000,0,0,0,118800
43,1,wc_u_elf_rogue,91226116,0,0,0,142200,18100,800,1250,0,0,0,20,2,234810,0,0,0,0,8397,0,2,0,0,142200
43,1,wc_u_elf_mage,91226117,0,0,0,124200,29050,0,0,0,0,0,22,3,146009,19209,0,0,0,158,3750,0,0,0,124200
43,1,wc_u_halfling_ranger,91226118,0,0,0,106200,24650,0,1000,0,0,0,22,3,103730,0,0,0,0,0,0,0,3,0,106200
44,0,wc_u_dwarf_guardian,92274689,0,0,0,198000,7950,0,1000,850,0,0,5,1,25550,0,0,0,0,0,2000,0,0,0,198000
44,0,wc_u_orc_guardian,92274690,0,0,0,201600,18100,0,1000,3250,0,0,11,2,50052,0,0,75600,75600,2904,0,0,0,0,201600
44,0,wc_u_halfling_rogue,92274691,0,0,0,118800,4700,0,0,0,0,0,5,1,33675,0,0,0,0,0,1000,0,0,0,118800
44,0,wc_u_elf_rogue,92274692,0,0,0,142200,15350,800,1500,0,0,0,16,2,185478,0,0,0,0,8397,0,2,0,0,142200
44,0,wc_u_elf_mage,92274693,0,0,0,124200,26550,0,1250,0,0,0,19,3,122602,23153,0,0,0,0,3750,0,0,0,124200
44,0,wc_u_halfling_ranger,92274694,0,0,0,106200,24000,0,0,0,0,0,21,3,92560,0,0,0,0,0,0,0,3,0,106200
44,1,wc_u_human_guardian,93323265,0,1,49428,207900,26550,2000,2300,8500,0,6000,14,3,77270,0,0,108000,62786,6821,0,0,0,0,158472
44,1,wc_u_dwarf_guardian,93323266,0,0,0,198000,8850,0,3000,0,0,0,3,1,19252,0,0,0,0,0,3000,0,0,0,198000
44,1,wc_u_human_mage,93323267,0,1,48762,122760,26550,2000,0,0,0,0,16,3,104510,131728,0,0,0,0,0,0,0,0,73998
44,1,wc_u_orc_mage,93323268,0,1,135000,135000,26550,2000,0,0,0,3000,14,3,110903,218248,0,0,0,26550,0,0,0,0,0
44,1,wc_u_elf_mage,93323269,1,1,124200,124200,26550,1000,0,0,0,0,17,3,120327,31914,0,0,0,15210,2500,0,0,0,0
44,1,wc_u_halfling_mage,93323270,0,0,0,102600,9700,0,0,0,0,0,6,1,40746,36102,0,0,0,0,0,0,0,0,102600
45,0,wc_u_human_guardian,94371841,0,0,0,207900,15650,0,2650,4200,0,6000,7,2,33829,0,0,72000,72000,0,0,0,0,0,207900
45,0,wc_u_dwarf_guardian,94371842,0,0,0,198000,22300,2300,3900,0,0,0,11,2,61450,0,0,0,0,0,5000,0,0,0,198000
45,0,wc_u_human_mage,94371843,0,1,122760,122760,25150,5000,0,0,0,0,11,3,68251,94327,0,0,0,3765,0,0,0,0,0
45,0,wc_u_orc_mage,94371844,0,1,119250,135000,25150,2000,0,0,0,0,14,2,102865,196244,0,0,0,17308,0,0,0,0,15750
45,0,wc_u_elf_mage,94371845,1,1,124200,124200,25150,1000,0,0,0,0,15,3,99664,33654,0,0,0,13073,3750,0,0,0,0
45,0,wc_u_halfling_mage,94371846,0,1,53268,102600,25150,1800,0,0,0,3000,17,3,106945,93771,0,0,0,0,0,0,0,0,49332
45,1,wc_u_dwarf_guardian,95420417,0,0,0,198000,10650,0,1000,850,0,0,6,1,26400,0,0,0,0,0,2000,0,0,0,198000
45,1,wc_u_orc_guardian,95420418,0,0,0,201600,15800,0,1950,1650,0,0,9,2,33986,0,0,75600,75600,0,0,0,0,0,201600
45,1,wc_u_halfling_rogue,95420419,0,0,0,118800,18100,0,2000,0,0,0,19,3,127965,0,0,0,0,0,3000,0,0,0,118800
45,1,wc_u_elf_rogue,95420420,0,0,0,142200,5000,800,300,0,0,0,5,1,58212,0,0,0,0,0,0,1,0,0,142200
45,1,wc_u_elf_mage,95420421,0,0,0,124200,21850,0,0,0,0,0,17,2,106374,9391,0,0,0,518,2500,0,0,0,124200
45,1,wc_u_halfling_ranger,95420422,0,0,0,106200,25150,0,500,0,0,0,22,3,108654,0,0,0,0,3380,0,0,3,0,106200
46,0,wc_u_dwarf_guardian,96468993,0,0,0,198000,8650,0,1000,850,0,0,5,1,21120,0,0,0,0,0,2000,0,0,0,198000
46,0,wc_u_orc_guardian,96468994,0,0,0,201600,12800,0,1000,850,0,0,8,1,32400,0,0,50400,50400,0,0,0,0,0,201600
46,0,wc_u_halfling_rogue,96468995,0,0,0,118800,14850,0,1000,0,0,0,17,2,114495,0,0,0,0,0,2000,0,0,0,118800
46,0,wc_u_elf_rogue,96468996,0,0,0,142200,5000,800,300,0,0,0,5,1,58212,0,0,0,0,0,0,1,0,0,142200
46,0,wc_u_elf_mage,96468997,0,0,0,124200,25050,0,1300,0,0,0,17,2,106892,9391,0,0,0,0,2500,0,0,0,124200
46,0,wc_u_halfling_ranger,96468998,0,0,0,106200,21650,0,0,0,0,0,20,3,91252,0,0,0,0,1598,0,0,3,0,106200
46,1,wc_u_human_guardian,97517569,0,0,0,207900,16700,950,3350,4300,0,6000,7,2,39872,0,0,72000,72000,301,0,0,0,0,207900
46,1,wc_u_dwarf_guardian,97517570,0,1,21470,198000,25050,3450,2900,0,0,0,12,2,72877,0,0,0,0,0,5000,0,0,0,176530
46,1,wc_u_human_mage,97517571,0,1,122760,122760,25050,2000,0,0,0,0,13,3,88368,86908,0,0,0,15047,0,0,0,0,0
46,1,wc_u_orc_mage,97517572,0,1,135000,135000,25050,4000,0,0,0,3000,14,1,109400,159413,0,0,0,9514,0,0,0,0,0
46,1,wc_u_elf_mage,97517573,1,1,124200,124200,25050,1000,0,0,0,0,14,3,106232,34003,0,0,0,4628,2500,0,0,0,0
46,1,wc_u_halfling_mage,97517574,0,1,53268,102600,25050,1800,0,0,0,0,16,3,100156,93771,0,0,0,2195,0,0,0,0,49332
47,0,wc_u_human_guardian,98566145,0,0,0,207900,15650,0,3650,3300,0,6000,6,2,33444,0,0,72000,72000,0,0,0,0,0,207900
47,0,wc_u_dwarf_guardian,98566146,0,1,44014,198000,26500,3300,2900,0,0,3000,12,3,65957,0,0,0,0,2916,4000,0,0,0,153986
47,0,wc_u_human_mage,98566147,0,1,122760,122760,26500,6000,0,0,0,0,11,3,76755,133891,0,0,0,87,0,0,0,0,0
47,0,wc_u_orc_mage,98566148,0,1,135000,135000,26500,2000,0,0,0,0,15,3,113119,234423,0,0,0,22472,0,0,0,0,0
47,0,wc_u_elf_mage,98566149,1,1,124200,124200,26500,1000,0,0,0,0,17,3,125795,31014,0,0,0,9641,2500,0,0,0,0
47,0,wc_u_halfling_mage,98566150,0,0,0,102600,8650,0,0,0,0,0,6,1,40500,36102,0,0,0,0,0,0,0,0,102600
47,1,wc_u_dwarf_guardian,99614721,0,0,0,198000,13650,0,1000,850,0,0,8,2,31680,0,0,0,0,0,4000,0,0,0,198000
47,1,wc_u_orc_guardian,99614722,0,0,0,201600,19850,0,3150,1500,0,0,11,1,48078,0,0,50400,50400,0,0,0,0,0,201600
47,1,wc_u_halfling_rogue,99614723,0,0,0,118800,4700,0,0,0,0,0,5,1,33675,0,0,0,0,0,1000,0,0,0,118800
47,1,wc_u_elf_rogue,99614724,0,0,0,142200,9300,800,0,0,0,0,10,1,111480,0,0,0,0,8397,0,1,0,0,142200
47,1,wc_u_elf_mage,99614725,0,0,0,124200,26350,0,1250,0,0,0,19,3,118390,19209,0,0,0,5678,3750,0,0,0,124200
47,1,wc_u_halfling_ranger,99614726,0,0,0,106200,23700,0,550,0,0,0,21,3,101974,0,0,0,0,0,0,0,3,0,106200
48,0,wc_u_dwarf_guardian,100663297,0,0,0,198000,8650,0,1000,850,0,0,5,1,21120,0,0,0,0,0,2000,0,0,0,198000
48,0,wc_u_orc_guardian,100663298,0,0,0,201600,15350,0,1500,1650,0,0,9,2,33986,0,0,75600,75600,0,0,0,0,0,201600
48,0,wc_u_halfling_rogue,100663299,0,0,0,118800,10850,0,1000,0,0,0,12,2,80820,0,0,0,0,0,2000,0,0,0,118800
48,0,wc_u_elf_rogue,100663300,0,0,0,142200,5000,800,300,0,0,0,5,1,58212,0,0,0,0,0,0,1,0,0,142200
48,0,wc_u_elf_mage,100663301,0,0,0,124200,20450,0,0,0,0,0,15,2,89217,9391,0,0,0,0,2500,0,0,0,124200
48,0,wc_u_halfling_ranger,100663302,0,0,0,106200,23150,0,0,0,0,0,22,3,124075,0,0,0,0,1118,0,0,3,0,106200
48,1,wc_u_human_guardian,101711873,0,0,0,207900,15700,0,2700,4200,0,6000,8,2,40173,0,0,72000,72000,0,0,0,0,0,207900
48,1,wc_u_dwarf_guardian,101711874,0,1,117180,198000,23300,4600,2900,0,0,0,9,2,50878,0,0,0,0,0,5000,0,0,0,80820
48,1,wc_u_human_mage,101711875,0,1,43991,122760,23300,2000,0,0,0,0,11,3,69231,99614,0,0,0,0,0,0,0,0,78769
48,1,wc_u_orc_mage,101711876,0,1,135000,135000,23300,2000,0,0,0,2600,13,2,94876,260811,0,0,0,35252,0,0,0,0,0
48,1,wc_u_elf_mage,101711877,1,1,124200,124200,23300,1000,0,0,0,0,14,2,96956,19909,0,0,0,7372,2500,0,0,0,0
48,1,wc_u_halfling_mage,101711878,0,1,53268,102600,23300,3600,0,0,0,0,11,3,64781,93771,0,0,0,2195,0,0,0,0,49332
49,0,wc_u_dragonkin_guardian,102760449,0,0,0,118000,16800,0,0,7500,6000,0,11,2,37228,0,0,48000,48000,0,0,0,0,32500,150500
49,0,wc_u_dwarf_warrior,102760450,0,1,44994,100000,40000,2000,0,4900,9000,0,27,5,146621,75821,0,0,0,15578,0,0,0,88400,143406
49,0,wc_u_human_priest,102760451,0,0,0,65000,16650,0,0,0,6000,0,12,2,28202,0,46800,0,0,0,0,0,0,23400,88400
49,0,wc_u_elf_priest,102760452,1,0,0,70000,25750,0,0,0,9000,0,20,3,52795,0,0,0,0,224,0,0,13,16250,86250
49,0,wc_u_dwarf_priest,102760453,0,0,0,82000,33750,0,3750,3000,9000,0,20,4,58312,0,174020,0,0,0,0,0,0,60270,142270
49,0,wc_u_dragonkin_priest,102760454,0,1,38206,80000,40000,0,1250,0,0,0,26,5,77755,0,0,123500,63822,240,0,0,0,0,41794
49,1,wc_u_human_warrior,103809025,0,0,0,98000,6550,0,0,0,0,0,5,1,34665,13333,0,0,0,0,0,0,0,0,98000
49,1,wc_u_dwarf_warrior,103809026,0,0,0,100000,30550,0,0,0,0,0,22,4,115623,41480,0,0,0,1397,0,0,0,0,100000
49,1,wc_u_orc_warrior,103809027,0,0,0,95000,30550,1900,0,0,9000,0,24,3,127545,0,0,0,0,0,0,0,3,0,95000
49,1,wc_u_halfling_warrior,103809028,0,1,55634,76000,40000,3400,0,12500,0,0,31,5,181712,0,0,75000,3455,9126,0,0,0,0,20366
49,1,wc_u_dragonkin_guardian,103809029,0,0,0,118000,15550,0,0,4350,0,0,10,2,25844,0,0,48000,38461,0,0,0,0,0,118000
49,1,wc_u_elf_mage,103809030,0,1,23632,69000,40000,0,0,0,0,0,28,4,93880,18538,0,0,0,0,5000,0,0,0,45368
50,0,wc_u_human_warrior,104857601,0,0,0,98000,15800,0,0,0,0,0,12,2,83196,26666,0,0,0,0,0,0,0,0,98000
50,0,wc_u_dwarf_warrior,104857602,0,1,9732,100000,32800,1000,0,0,0,0,22,4,145199,45656,0,0,0,8305,0,0,0,0,90268
50,0,wc_u_orc_warrior,104857603,0,1,95000,95000,32800,5700,0,0,9750,0,23,4,134534,0,0,0,0,4448,0,0,4,0,0
50,0,wc_u_halfling_warrior,104857604,0,1,63272,76000,32800,4250,0,10000,0,0,24,4,121174,0,0,60000,6364,0,0,0,0,0,12728
50,0,wc_u_dragonkin_guardian,104857605,0,0,0,118000,9250,0,0,1350,0,0,6,1,18460,0,0,24000,24000,0,0,0,0,0,118000
50,0,wc_u_elf_mage,104857606,0,1,69000,69000,32800,0,0,0,0,0,23,3,74810,13209,0,0,0,0,3750,0,0,0,0
50,1,wc_u_dragonkin_guardian,105906177,0,0,0,118000,11000,0,1250,1600,3000,0,6,0,22300,0,0,0,0,0,0,0,0,39650,157650
50,1,wc_u_dwarf_warrior,105906178,0,0,0,100000,16800,0,0,0,6000,0,13,2,64322,44800,0,0,0,2049,0,0,0,55900,155900
50,1,wc_u_human_priest,105906179,0,0,0,65000,14650,0,0,2600,4850,0,11,2,30133,0,46800,0,0,0,0,0,0,0,65000
50,1,wc_u_elf_priest,105906180,1,0,0,70000,24050,0,0,1000,7350,0,19,3,44095,0,0,0,0,0,0,0,11,16250,86250
50,1,wc_u_dwarf_priest,105906181,0,0,0,82000,26000,0,2250,0,9000,0,16,3,45867,0,101104,0,0,1686,0,0,0,23930,105930
50,1,wc_u_dragonkin_priest,105906182,0,0,0,80000,32700,0,0,1100,0,0,22,4,67479,0,0,98800,98800,0,0,0,0,12174,92174
51,0,wc_u_dragonkin_guardian,106954753,0,0,0,118000,29600,0,0,12000,9000,0,19,3,62785,0,0,72000,52492,3343,0,0,0,48750,166750
51,0,wc_u_dwarf_warrior,106954754,0,0,0,100000,20450,0,0,0,6000,0,16,2,68190,55569,0,0,0,151,0,0,0,55900,155900
51,0,wc_u_human_priest,106954755,0,0,0,65000,20500,0,0,3000,6000,0,15,2,37073,0,46800,0,0,0,0,0,0,23400,88400
51,0,wc_u_elf_priest,106954756,1,1,12977,70000,40000,0,0,0,12000,0,31,4,78880,0,0,0,0,0,0,0,15,6382,63405
51,0,wc_u_dwarf_priest,106954757,0,0,0,82000,38400,0,1250,0,12000,0,26,4,76806,0,146312,0,0,0,0,0,0,16250,98250
51,0,wc_u_dragonkin_priest,106954758,0,0,0,80000,28350,0,3750,0,0,0,17,3,47531,0,0,74100,63176,1339,0,0,0,42430,122430
51,1,wc_u_human_warrior,108003329,0,1,41170,98000,40000,1000,0,0,0,0,29,5,205923,48132,0,0,0,26241,0,0,0,0,56830
51,1,wc_u_dwarf_warrior,108003330,0,0,0,100000,21250,0,0,0,0,0,16,3,77092,31509,0,0,0,0,0,0,0,0,100000
51,1,wc_u_orc_warrior,108003331,0,0,0,95000,8100,0,0,0,3000,0,7,1,32000,0,0,0,0,0,0,0,1,0,95000
51,1,wc_u_halfling_warrior,108003332,0,1,18996,76000,40000,1700,0,12200,0,0,32,5,160501,0,0,75000,21364,1503,0,0,0,0,57004
51,1,wc_u_dragonkin_guardian,108003333,0,0,0,118000,15800,0,0,4350,0,0,10,2,25844,0,0,48000,45539,0,0,0,0,0,118000
51,1,wc_u_elf_mage,108003334,0,1,69000,69000,40000,0,0,0,0,0,28,4,96920,17214,0,0,0,0,5000,0,0,0,0
52,0,wc_u_human_warrior,109051905,0,1,37728,98000,32500,2000,0,0,0,0,23,4,159701,29498,0,0,0,4331,0,0,0,0,60272
52,0,wc_u_dwarf_warrior,109051906,0,1,88800,100000,32500,2000,0,0,0,0,22,4,119914,24097,0,0,0,3755,0,0,0,0,11200
52,0,wc_u_orc_warrior,109051907,0,0,0,95000,20250,0,0,0,6000,0,17,2,79169,0,0,0,0,0,0,0,2,0,95000
52,0,wc_u_halfling_warrior,109051908,0,1,56000,76000,32500,2550,0,10000,0,0,25,4,149235,0,0,60000,4000,8351,0,0,0,0,20000
52,0,wc_u_dragonkin_guardian,109051909,0,0,0,118000,9250,0,0,1350,0,0,6,1,17780,0,0,24000,24000,0,0,0,0,0,118000
52,0,wc_u_elf_mage,109051910,0,1,69000,69000,32500,0,0,0,0,0,22,3,75068,13938,0,0,0,2292,3750,0,0,0,0
52,1,wc_u_dragonkin_guardian,110100481,0,0,0,118000,29600,0,0,9000,9000,0,20,3,67382,0,0,72000,62000,3078,0,0,0,48750,166750
52,1,wc_u_dwarf_warrior,110100482,0,0,0,100000,11100,0,0,1100,3000,0,8,1,42063,22400,0,0,0,0,0,0,0,39650,139650
52,1,wc_u_human_priest,110100483,0,0,0,65000,7950,0,1250,0,3000,0,5,1,13075,0,23400,0,0,0,0,0,0,0,65000
52,1,wc_u_elf_priest,110100484,1,0,0,70000,28500,0,0,0,9000,0,22,3,58754,0,0,0,0,0,0,0,11,32500,102500
52,1,wc_u_dwarf_priest,110100485,0,0,0,82000,32500,0,1250,0,9000,0,20,4,60434,0,130000,0,0,0,0,0,0,16250,98250
52,1,wc_u_dragonkin_priest,110100486,0,0,0,80000,22100,0,1250,1600,0,0,14,3,40364,0,0,74100,66569,302,0,0,0,16250,96250
53,0,wc_u_dragonkin_guardian,111149057,0,0,0,118000,18650,0,0,7800,6000,0,12,2,39590,0,0,48000,48000,2502,0,0,0,32500,150500
53,0,wc_u_dwarf_warrior,111149058,0,1,80904,100000,40000,0,0,0,9000,0,31,5,151612,79087,0,0,0,13192,0,0,0,88400,107496
53,0,wc_u_human_priest,111149059,0,0,0,65000,16650,0,0,0,6000,0,13,2,34001,0,46800,0,0,0,0,0,0,23400,88400
53,0,wc_u_elf_priest,111149060,1,0,0,70000,24650,0,2500,1850,7950,0,18,3,41366,0,0,0,0,0,0,0,13,44020,114020
53,0,wc_u_dwarf_priest,111149061,0,1,24450,82000,40000,0,0,4900,9000,0,26,4,69102,0,174020,0,0,0,0,0,0,16250,73800
53,0,wc_u_dragonkin_priest,111149062,0,1,55702,80000,40000,0,1250,0,0,0,25,5,70273,0,0,123500,94861,2822,0,0,0,16250,40548
53,1,wc_u_human_warrior,112197633,0,0,0,98000,9350,0,0,0,0,0,7,1,48531,13333,0,0,0,0,0,0,0,0,98000
53,1,wc_u_dwarf_warrior,112197634,0,0,0,100000,14950,0,0,0,0,0,11,2,56092,20740,0,0,0,0,0,0,0,0,100000
53,1,wc_u_orc_warrior,112197635,0,1,1969,95000,40000,1900,0,0,12000,0,32,4,143761,0,0,0,0,0,0,0,4,0,93031
53,1,wc_u_halfling_warrior,112197636,0,0,0,76000,31450,2550,0,10000,0,0,24,4,128728,0,0,60000,22092,5656,0,0,0,0,76000
53,1,wc_u_dragonkin_guardian,112197637,0,0,0,118000,30550,0,0,8350,0,0,19,3,55831,0,0,72000,46615,1181,0,0,0,0,118000
53,1,wc_u_elf_mage,112197638,0,1,69000,69000,40000,0,0,0,0,0,28,3,94010,13738,0,0,0,0,3750,0,0,0,0
54,0,wc_u_human_warrior,113246209,0,0,0,98000,9350,0,0,0,0,0,7,1,48531,13333,0,0,0,0,0,0,0,0,98000
54,0,wc_u_dwarf_warrior,113246210,0,0,0,100000,30100,1000,0,0,0,0,20,4,111303,41879,0,0,0,0,0,0,0,0,100000
54,0,wc_u_orc_warrior,113246211,0,1,59526,95000,40000,5700,0,0,12000,0,29,4,138281,0,0,0,0,2799,0,0,4,0,35474
54,0,wc_u_halfling_warrior,113246212,0,0,0,76000,23450,1700,0,7500,0,0,18,3,101164,0,0,45000,22092,948,0,0,0,0,76000
54,0,wc_u_dragonkin_guardian,113246213,0,0,0,118000,21850,0,0,4950,0,0,14,2,40068,0,0,48000,38461,0,0,0,0,0,118000
54,0,wc_u_elf_mage,113246214,0,1,69000,69000,40000,0,0,0,0,0,27,4,80640,19200,0,0,0,0,5000,0,0,0,0
54,1,wc_u_dragonkin_guardian,114294785,0,0,0,118000,16800,0,0,7500,6000,0,11,2,33228,0,0,48000,48000,0,0,0,0,32500,150500
54,1,wc_u_dwarf_warrior,114294786,0,0,0,100000,26150,0,0,0,9000,0,21,3,101857,55879,0,0,0,13497,0,0,0,72150,172150
54,1,wc_u_human_priest,114294787,0,0,0,65000,16650,0,0,0,6000,0,13,2,34001,0,46800,0,0,0,0,0,0,23400,88400
54,1,wc_u_elf_priest,114294788,1,0,0,70000,30700,0,3750,4350,9000,0,21,3,47443,0,0,0,0,2913,0,0,13,44020,114020
54,1,wc_u_dwarf_priest,114294789,0,1,39690,82000,40000,0,1250,1900,9000,0,26,5,74943,0,152289,0,0,0,0,0,0,27019,69329
54,1,wc_u_dragonkin_priest,114294790,0,1,80000,80000,40000,0,0,0,0,0,27,5,80123,0,0,123500,108625,342,0,0,0,0,0
55,0,wc_u_dragonkin_guardian,115343361,0,0,0,118000,20200,0,0,6000,6000,0,13,2,41471,0,0,48000,45384,3604,0,0,0,32500,150500
55,0,wc_u_dwarf_warrior,115343362,0,0,0,100000,37000,0,0,4900,9000,0,29,4,131132,88738,0,0,0,5302,0,0,0,88400,188400
55,0,wc_u_human_priest,115343363,0,0,0,65000,20500,0,0,3000,6000,0,15,2,39379,0,46800,0,0,0,0,0,0,23400,88400
55,0,wc_u_elf_priest,115343364,1,0,0,70000,27400,0,3750,0,9000,0,19,3,50078,0,0,0,0,0,0,0,13,44020,114020
55,0,wc_u_dwarf_priest,115343365,0,1,55820,82000,40000,0,1250,1900,9000,0,25,5,63993,0,174020,0,0,0,0,0,0,32500,58680
55,0,wc_u_dragonkin_priest,115343366,0,1,80000,80000,40000,0,0,0,0,0,26,5,69911,0,0,123500,106610,4018,0,0,0,0,0
55,1,wc_u_human_warrior,116391937,0,0,0,98000,13800,0,0,0,0,0,10,2,69330,26666,0,0,0,0,0,0,0,0,98000
55,1,wc_u_dwarf_warrior,116391938,0,1,2298,100000,40000,1000,0,0,0,0,29,5,126987,42610,0,0,0,9639,0,0,0,0,97702
55,1,wc_u_orc_warrior,116391939,0,0,0,95000,8100,0,0,0,3000,0,7,1,32000,0,0,0,0,0,0,0,1,0,95000
55,1,wc_u_halfling_warrior,116391940,0,0,0,76000,34150,2550,0,10000,0,0,27,4,142060,0,0,60000,15728,6198,0,0,0,0,76000
55,1,wc_u_dragonkin_guardian,116391941,0,0,0,118000,28100,0,0,8100,0,0,17,3,41307,0,0,72000,58769,2589,0,0,0,0,118000
55,1,wc_u_elf_mage,116391942,0,1,69000,69000,40000,0,0,0,0,0,28,4,99840,19200,0,0,0,0,5000,0,0,0,0
56,0,wc_u_human_warrior,117440513,0,0,0,98000,9350,0,0,0,0,0,7,1,48531,13333,0,0,0,0,0,0,0,0,98000
56,0,wc_u_dwarf_warrior,117440514,0,1,66400,100000,40000,2000,0,0,0,0,28,5,143388,41879,0,0,0,11010,0,0,0,0,33600
56,0,wc_u_orc_warrior,117440515,0,0,0,95000,23750,3800,0,0,6850,0,17,3,70525,0,0,0,0,0,0,0,3,0,95000
56,0,wc_u_halfling_warrior,117440516,0,0,0,76000,26050,2350,0,7500,0,0,20,3,112146,0,0,45000,19001,6038,0,0,0,0,76000
56,0,wc_u_dragonkin_guardian,117440517,0,1,24615,118000,40000,1100,0,12000,0,0,24,4,73460,0,0,96000,38308,0,0,0,0,0,93385
56,0,wc_u_elf_mage,117440518,0,1,69000,69000,40000,0,0,0,0,0,28,3,88670,13938,0,0,0,0,3750,0,0,0,0
56,1,wc_u_dragonkin_guardian,118489089,0,0,0,118000,16800,0,0,7500,6000,0,11,2,44000,0,0,48000,48000,0,0,0,0,32500,150500
56,1,wc_u_dwarf_warrior,118489090,0,0,0,100000,22500,0,0,0,6000,0,18,3,79457,66338,0,0,0,3038,0,0,0,32500,132500
56,1,wc_u_human_priest,118489091,0,0,0,65000,11150,0,1250,0,3000,0,7,1,18546,0,23400,0,0,0,0,0,0,23400,88400
56,1,wc_u_elf_priest,118489092,1,0,0,70000,24750,0,1250,2200,8050,0,19,3,44548,0,0,0,0,0,0,0,11,30312,100312
56,1,wc_u_dwarf_priest,118489093,0,1,47662,82000,40000,2200,0,2900,9000,0,25,5,69088,0,127812,0,0,1022,0,0,0,32500,66838
56,1,wc_u_dragonkin_priest,118489094,0,1,12680,80000,40000,2000,1250,3000,0,0,25,5,74008,0,0,123500,109929,0,0,0,0,0,67320
57,0,wc_u_dragonkin_guardian,119537665,0,0,0,212400,19150,0,0,6200,6000,0,13,2,70753,0,0,86400,86400,0,0,0,0,100620,313020
57,0,wc_u_dwarf_warrior,119537666,0,1,63134,180000,40000,2000,0,4900,9000,0,29,4,271570,123358,0,0,0,8172,0,0,0,117000,233866
57,0,wc_u_human_priest,119537667,0,0,0,117000,16650,0,0,0,6000,0,13,2,60180,0,76581,0,0,0,0,0,0,34461,151461
57,0,wc_u_elf_priest,119537668,1,0,0,126000,27400,0,0,0,9000,0,23,3,116724,0,0,0,0,0,0,0,13,29250,155250
57,0,wc_u_dwarf_priest,119537669,0,0,0,147600,37050,0,5000,3000,9000,0,21,4,105233,0,313236,0,0,0,0,0,0,108486,256086
57,0,wc_u_dragonkin_priest,119537670,0,1,110106,144000,40000,0,0,0,0,0,27,5,127862,0,0,222300,114880,12540,0,0,0,0,33894
57,1,wc_u_human_warrior,120586241,0,0,0,176400,6550,0,0,0,0,0,5,1,62400,24000,0,0,0,0,0,0,0,0,176400
57,1,wc_u_dwarf_warrior,120586242,0,0,0,180000,30100,0,0,0,0,0,21,4,186530,74668,0,0,0,0,0,0,0,0,180000
57,1,wc_u_orc_warrior,120586243,0,0,0,171000,28100,1500,0,0,9000,0,23,3,230495,0,0,0,0,0,0,0,3,0,171000
57,1,wc_u_halfling_warrior,120586244,0,1,94255,136800,40000,3400,0,12500,0,0,31,5,318998,0,0,135000,18327,21965,0,0,0,0,42545
57,1,wc_u_dragonkin_guardian,120586245,0,0,0,212400,15600,0,0,4400,0,0,10,2,46522,0,0,86400,75877,0,0,0,0,0,212400
57,1,wc_u_elf_mage,120586246,0,1,30865,124200,40000,0,0,0,0,0,28,4,165404,34560,0,0,0,5490,5000,0,0,0,93335
58,0,wc_u_human_warrior,121634817,0,0,0,176400,15450,0,0,0,0,0,12,2,149760,48000,0,0,0,0,0,0,0,0,176400
58,0,wc_u_dwarf_warrior,121634818,0,0,0,180000,32800,1000,0,0,0,0,23,4,273298,92203,0,0,0,12371,0,0,0,0,180000
58,0,wc_u_orc_warrior,121634819,0,1,171000,171000,33650,5700,0,0,11000,0,23,4,229983,0,0,0,0,10184,0,0,4,0,0
58,0,wc_u_halfling_warrior,121634820,0,1,102438,136800,33650,4250,0,10000,0,0,24,4,214771,0,0,108000,11454,1486,0,0,0,0,34362
58,0,wc_u_dragonkin_guardian,121634821,0,0,0,212400,9000,0,0,1350,0,0,6,1,27557,0,0,43200,43200,0,0,0,0,0,212400
58,0,wc_u_elf_mage,121634822,0,1,124200,124200,33650,0,0,0,0,0,23,3,126551,17280,0,0,0,1206,3750,0,0,0,0
58,1,wc_u_dragonkin_guardian,122683393,0,0,0,212400,12400,0,1250,2500,3000,0,8,1,53966,0,0,43200,43200,0,0,0,0,71370,283770
58,1,wc_u_dwarf_warrior,122683394,0,0,0,180000,16800,0,0,0,6000,0,12,2,109383,80640,0,0,0,0,0,0,0,100620,280620
58,1,wc_u_human_priest,122683395,0,0,0,117000,15550,0,0,2900,5900,0,12,2,54994,0,84240,0,0,4572,0,0,0,0,117000
58,1,wc_u_elf_priest,122683396,1,0,0,126000,24900,0,0,1000,8500,0,21,3,87778,0,0,0,0,3050,0,0,11,29250,155250
58,1,wc_u_dwarf_priest,122683397,0,0,0,147600,26750,0,2500,0,9000,0,18,3,96880,0,168163,0,0,0,0,0,0,29250,176850
58,1,wc_u_dragonkin_priest,122683398,0,0,0,144000,33650,0,0,1100,0,0,22,4,119521,0,0,177840,176890,1957,0,0,0,21913,165913
59,0,wc_u_dragonkin_guardian,123731969,0,1,56112,212400,40000,0,0,16250,12000,0,26,4,160733,0,0,172800,94486,10444,0,0,0,146250,302538
59,0,wc_u_dwarf_warrior,123731970,0,0,0,180000,20450,0,0,0,6000,0,17,2,127270,100025,0,0,0,278,0,0,0,100620,280620
59,0,wc_u_human_priest,123731971,0,0,0,117000,16650,0,0,0,6000,0,13,2,60794,0,76581,0,0,0,0,0,0,34461,151461
59,0,wc_u_elf_priest,123731972,1,1,126000,126000,40000,0,0,0,12000,0,33,4,166704,0,0,0,0,1697,0,0,16,0,0
59,0,wc_u_dwarf_priest,123731973,0,0,0,147600,39650,0,1250,0,12000,0,26,5,132468,0,330249,0,0,0,0,0,0,49122,196722
59,0,wc_u_dragonkin_priest,123731974,0,0,0,144000,28350,0,3750,0,0,0,17,3,87972,0,0,133380,126471,0,0,0,0,76377,220377
59,1,wc_u_human_warrior,124780545,0,1,40634,176400,40000,1000,0,0,0,0,29,5,375225,86612,0,0,0,40350,0,0,0,0,135766
59,1,wc_u_dwarf_warrior,124780546,0,0,0,180000,21250,0,0,0,0,0,16,3,126166,37334,0,0,0,0,0,0,0,0,180000
59,1,wc_u_orc_warrior,124780547,0,0,0,171000,8000,0,0,0,3000,0,7,1,57600,0,0,0,0,0,0,0,1,0,171000
59,1,wc_u_halfling_warrior,124780548,0,0,0,136800,31850,1700,0,9050,0,0,26,4,236186,0,0,108000,27000,9357,0,0,0,0,136800
59,1,wc_u_dragonkin_guardian,124780549,0,0,0,212400,15600,0,0,4400,0,0,10,2,34047,0,0,86400,81969,0,0,0,0,0,212400
59,1,wc_u_elf_mage,124780550,0,1,124200,124200,40000,0,0,0,0,0,27,4,167564,30984,0,0,0,0,5000,0,0,0,0
60,0,wc_u_human_warrior,125829121,0,1,72971,176400,31250,2000,0,0,0,0,22,4,270515,67071,0,0,0,35105,0,0,0,0,103429
60,0,wc_u_dwarf_warrior,125829122,0,1,159840,180000,31250,900,0,0,0,0,21,4,203806,43377,0,0,0,7125,0,0,0,0,20160
60,0,wc_u_orc_warrior,125829123,0,0,0,171000,19250,0,0,0,6000,0,17,2,142505,0,0,0,0,0,0,0,2,0,171000
60,0,wc_u_halfling_warrior,125829124,0,1,100800,136800,31250,2550,0,10000,0,0,23,4,247770,0,0,108000,14400,16431,0,0,0,0,36000
60,0,wc_u_dragonkin_guardian,125829125,0,0,0,212400,9000,0,0,1350,0,0,6,1,32000,0,0,43200,43200,0,0,0,0,0,212400
60,0,wc_u_elf_mage,125829126,0,1,124200,124200,31250,0,0,0,0,0,22,3,148650,25088,0,0,0,0,3750,0,0,0,0
60,1,wc_u_dragonkin_guardian,126877697,0,0,0,212400,29450,0,0,8700,9000,0,20,3,119630,0,0,129600,111600,0,0,0,0,87750,300150
60,1,wc_u_dwarf_warrior,126877698,0,0,0,180000,9800,0,0,1100,3000,0,7,1,65629,40320,0,0,0,0,0,0,0,29250,209250
60,1,wc_u_human_priest,126877699,0,0,0,117000,11150,0,1250,0,3000,0,6,1,28862,0,42120,0,0,0,0,0,0,42120,159120
60,1,wc_u_elf_priest,126877700,1,0,0,126000,28500,0,0,0,9000,0,24,3,116444,0,0,0,0,280,0,0,11,29250,155250
60,1,wc_u_dwarf_priest,126877701,0,0,0,147600,31250,0,1250,0,9000,0,21,4,113785,0,211662,0,0,0,0,0,0,36162,183762
60,1,wc_u_dragonkin_priest,126877702,0,0,0,144000,20200,0,1250,0,0,0,12,2,58319,0,0,88920,75365,3679,0,0,0,29250,173250
61,0,wc_u_dragonkin_guardian,127926273,0,0,0,212400,27050,0,0,12000,9000,0,18,3,104487,0,0,129600,129600,4509,0,0,0,129870,342270
61,0,wc_u_dwarf_warrior,127926274,0,1,119056,180000,40000,1350,0,3000,9000,0,30,5,255825,141250,0,0,0,16171,0,0,0,87750,148694
61,0,wc_u_human_priest,127926275,0,0,0,117000,16650,0,0,0,6000,0,13,2,61204,0,76581,0,0,0,0,0,0,34461,151461
61,0,wc_u_elf_priest,127926276,1,0,0,126000,25000,0,2500,0,8300,0,18,3,74451,0,0,0,0,0,0,0,14,79236,205236
61,0,wc_u_dwarf_priest,127926277,0,1,94500,147600,40000,350,0,1900,9000,0,26,5,120070,0,354404,0,0,0,0,0,0,58500,111600
61,0,wc_u_dragonkin_priest,127926278,0,1,124089,144000,40000,250,1250,0,0,0,25,5,119313,0,0,222300,123217,5073,0,0,0,41168,61079
61,1,wc_u_human_warrior,128974849,0,0,0,176400,9250,0,0,0,0,0,7,1,87360,24000,0,0,0,0,0,0,0,0,176400
61,1,wc_u_dwarf_warrior,128974850,0,0,0,180000,14850,0,0,0,0,0,11,2,88366,37334,0,0,0,0,0,0,0,0,180000
61,1,wc_u_orc_warrior,128974851,0,0,0,171000,38750,950,0,0,12000,0,33,4,263091,0,0,0,0,0,0,0,4,0,171000
61,1,wc_u_halfling_warrior,128974852,0,0,0,136800,30100,2550,0,10000,0,0,23,4,248634,0,0,108000,51872,9357,0,0,0,0,136800
61,1,wc_u_dragonkin_guardian,128974853,0,0,0,212400,27600,0,0,8000,0,0,17,3,68203,0,0,129600,89170,4903,0,0,0,0,212400
61,1,wc_u_elf_mage,128974854,0,1,124200,124200,40000,0,0,0,0,0,28,4,177094,26258,0,0,0,7110,3750,0,0,0,0
62,0,wc_u_human_warrior,130023425,0,0,0,176400,9250,0,0,0,0,0,7,1,87360,24000,0,0,0,0,0,0,0,0,176400
62,0,wc_u_dwarf_warrior,130023426,0,0,0,180000,28650,0,0,0,0,0,21,3,198663,56001,0,0,0,0,0,0,0,0,180000
62,0,wc_u_orc_warrior,130023427,0,1,43054,171000,40000,4750,0,0,12000,0,30,4,242801,0,0,0,0,28303,0,0,4,0,127946
62,0,wc_u_halfling_warrior,130023428,0,0,0,136800,23450,1700,0,7500,0,0,18,3,174435,0,0,81000,39763,9357,0,0,0,0,136800
62,0,wc_u_dragonkin_guardian,130023429,0,0,0,212400,21600,0,0,4850,0,0,13,2,66214,0,0,86400,75877,0,0,0,0,0,212400
62,0,wc_u_elf_mage,130023430,0,1,124200,124200,40000,0,0,0,0,0,28,4,139707,34560,0,0,0,0,5000,0,0,0,0
62,1,wc_u_dragonkin_guardian,131072001,0,0,0,212400,18900,0,0,6200,6000,0,12,2,59814,0,0,86400,86400,0,0,0,0,100620,313020
62,1,wc_u_dwarf_warrior,131072002,0,0,0,180000,34350,0,0,2950,9000,0,26,4,240464,121576,0,0,0,18834,0,0,0,117000,297000
62,1,wc_u_human_priest,131072003,0,0,0,117000,16650,0,0,0,6000,0,13,2,61204,0,76581,0,0,0,0,0,0,34461,151461
62,1,wc_u_elf_priest,131072004,1,0,0,126000,27750,0,3750,3000,9000,0,19,3,74443,0,0,0,0,5237,0,0,13,79236,205236
62,1,wc_u_dwarf_priest,131072005,0,1,119826,147600,40000,0,1250,1900,9000,0,27,5,133348,0,283986,0,0,3883,0,0,0,29250,57024
62,1,wc_u_dragonkin_priest,131072006,0,1,144000,144000,40000,0,0,0,0,0,27,5,142697,0,0,222300,195525,5481,0,0,0,0,0
63,0,wc_u_dragonkin_guardian,132120577,0,0,0,212400,28500,0,0,12200,9000,0,19,3,94578,0,0,129600,129600,6498,0,0,0,87750,300150
63,0,wc_u_dwarf_warrior,132120578,0,1,53703,180000,40000,1350,0,4900,9000,0,30,5,241228,178450,0,0,0,17638,0,0,0,188370,314667
63,0,wc_u_human_priest,132120579,0,0,0,117000,16650,0,0,0,6000,0,13,2,65316,0,76581,0,0,0,0,0,0,34461,151461
63,0,wc_u_elf_priest,132120580,1,0,0,126000,25000,0,2500,0,8300,0,18,3,84411,0,0,0,0,0,0,0,14,79236,205236
63,0,wc_u_dwarf_priest,132120581,0,1,42066,147600,40000,50,1250,0,9000,0,25,5,98713,0,349398,0,0,0,0,0,0,36162,141696
63,0,wc_u_dragonkin_priest,132120582,0,1,144000,144000,40000,250,0,0,0,0,25,5,113904,0,0,222300,157041,2290,0,0,0,0,0
63,1,wc_u_human_warrior,133169153,0,0,0,176400,13700,0,0,0,0,0,10,2,124800,48000,0,0,0,0,0,0,0,0,176400
63,1,wc_u_dwarf_warrior,133169154,0,0,0,180000,38350,0,0,0,0,0,28,5,206286,93335,0,0,0,0,0,0,0,0,180000
63,1,wc_u_orc_warrior,133169155,0,0,0,171000,8000,0,0,0,3000,0,7,1,57600,0,0,0,0,0,0,0,1,0,171000
63,1,wc_u_halfling_warrior,133169156,0,0,0,136800,38850,2550,0,11900,0,0,31,5,311207,0,0,135000,73963,15733,0,0,0,0,136800
63,1,wc_u_dragonkin_guardian,133169157,0,0,0,212400,26350,0,0,7600,0,0,16,3,59814,0,0,129600,105785,0,0,0,0,0,212400
63,1,wc_u_elf_mage,133169158,0,1,124200,124200,40000,0,0,0,0,0,28,4,184718,27450,0,0,0,7110,3750,0,0,0,0
64,0,wc_u_human_warrior,134217729,0,0,0,176400,9250,0,0,0,0,0,7,1,87360,24000,0,0,0,0,0,0,0,0,176400
64,0,wc_u_dwarf_warrior,134217730,0,1,119520,180000,40000,4000,0,0,0,0,26,5,257568,56001,0,0,0,5512,0,0,0,0,60480
64,0,wc_u_orc_warrior,134217731,0,0,0,171000,24300,3800,0,0,7700,0,18,3,150900,0,0,0,0,0,0,0,3,0,171000
64,0,wc_u_halfling_warrior,134217732,0,0,0,136800,30750,2550,0,10000,0,0,24,4,222923,0,0,108000,46308,17189,0,0,0,0,136800
64,0,wc_u_dragonkin_guardian,134217733,0,1,80030,212400,40000,4400,0,12000,0,0,22,4,115466,0,0,172800,58985,0,0,0,0,0,132370
64,0,wc_u_elf_mage,134217734,0,1,124200,124200,40000,2000,0,0,0,0,26,4,142658,33728,0,0,0,3845,5000,0,0,0,0
64,1,wc_u_dragonkin_guardian,135266305,0,0,0,212400,16800,0,0,6200,6000,0,11,2,79200,0,0,86400,86400,0,0,0,0,58500,270900
64,1,wc_u_dwarf_warrior,135266306,0,0,0,180000,22500,0,0,0,6000,0,18,3,143003,119410,0,0,0,5481,0,0,0,58500,238500
64,1,wc_u_human_priest,135266307,0,0,0,117000,11150,0,1250,0,3000,0,7,1,33384,0,42120,0,0,0,0,0,0,42120,159120
64,1,wc_u_elf_priest,135266308,1,0,0,126000,23550,0,1250,2200,6850,0,18,3,74451,0,0,0,0,0,0,0,11,36162,162162
64,1,wc_u_dwarf_priest,135266309,0,0,0,147600,33300,2200,1250,1550,9000,0,20,4,105413,0,182412,0,0,864,0,0,0,29250,176850
64,1,wc_u_dragonkin_priest,135266310,0,1,60928,144000,40000,2000,1250,1750,0,0,24,5,122189,0,0,222300,215391,1471,0,0,0,0,83072
65,0,wc_u_dragonkin_guardian,136314881,0,0,0,118000,8200,0,0,1900,3000,0,6,1,22152,0,0,24000,24000,0,0,0,0,39650,157650
65,0,wc_u_dwarf_warrior,136314882,0,0,0,100000,15000,3000,0,850,3000,5900,8,2,38791,25463,0,0,0,0,0,0,0,23400,123400
65,0,wc_u_human_priest,136314883,0,0,0,65000,25100,1000,0,0,6000,0,18,3,49921,0,70200,0,0,0,0,0,0,0,65000
65,0,wc_u_elf_priest,136314884,1,0,0,70000,22650,0,0,0,6000,2150,18,2,42946,0,0,0,0,2788,0,0,8,0,70000
65,0,wc_u_dwarf_priest,136314885,0,0,0,82000,18700,3300,0,0,6000,0,10,2,26626,0,48750,0,0,0,0,0,0,0,82000
65,0,wc_u_dragonkin_priest,136314886,0,0,0,80000,28700,7000,0,3000,0,0,14,3,39592,0,0,74100,55835,71,0,0,0,55900,135900
65,1,wc_u_dragonkin_guardian,137363457,0,0,0,118000,9250,0,0,1700,0,0,6,1,17045,0,0,24000,24000,0,0,0,0,0,118000
65,1,wc_u_elf_rogue,137363458,0,0,0,79000,21550,6400,0,0,0,0,14,3,81958,0,0,0,0,0,0,3,0,0,79000
65,1,wc_u_elf_ranger,137363459,0,1,67000,67000,28700,2700,0,0,0,0,23,2,132877,0,0,0,0,39,0,2,0,0,0
65,1,wc_u_dwarf_ranger,137363460,0,1,76000,76000,28700,1100,0,0,0,0,19,4,113273,54202,0,0,0,6549,0,0,0,0,0
65,1,wc_u_halfling_ranger,137363461,0,1,23009,59000,28700,800,0,0,0,0,26,3,116249,0,0,0,0,2180,0,0,3,0,35991
65,1,wc_u_dragonkin_ranger,137363462,0,1,59500,72000,28700,1000,0,0,0,0,20,4,95087,23259,0,0,0,14935,0,0,0,0,12500
66,0,wc_u_dragonkin_guardian,138412033,0,0,0,118000,9250,0,0,1700,0,0,6,1,17045,0,0,24000,24000,0,0,0,0,0,118000
66,0,wc_u_elf_rogue,138412034,0,0,0,79000,14250,800,0,0,0,0,14,2,90223,0,0,0,0,0,0,2,0,0,79000
66,0,wc_u_elf_ranger,138412035,0,1,67000,67000,29500,0,0,0,0,0,26,0,127908,0,0,0,0,274,0,0,0,0,0
66,0,wc_u_dwarf_ranger,138412036,0,1,66181,76000,29500,0,0,0,0,0,22,4,137474,54202,0,0,0,4081,0,0,0,0,9819
66,0,wc_u_halfling_ranger,138412037,0,0,0,59000,29250,800,0,0,0,0,24,4,103090,0,0,0,0,7898,0,0,4,0,59000
66,0,wc_u_dragonkin_ranger,138412038,0,1,72000,72000,29500,3000,0,0,0,0,18,4,91193,21915,0,0,0,11411,0,0,0,0,0
66,1,wc_u_dragonkin_guardian,139460609,0,0,0,118000,8200,0,0,1900,3000,0,6,1,22152,0,0,24000,24000,0,0,0,0,39650,157650
66,1,wc_u_dwarf_warrior,139460610,0,0,0,100000,15700,300,0,750,5900,6000,10,2,50106,23728,0,0,0,0,0,0,0,39650,139650
66,1,wc_u_human_priest,139460611,0,0,0,65000,18700,2000,0,0,6000,0,11,2,28614,0,46800,0,0,0,0,0,0,0,65000
66,1,wc_u_elf_priest,139460612,1,0,0,70000,29500,2000,0,0,9000,3400,21,3,55583,0,0,0,0,96,0,0,11,0,70000
66,1,wc_u_dwarf_priest,139460613,0,0,0,82000,25100,5500,0,0,6000,0,13,3,35617,0,81250,0,0,828,0,0,0,16250,98250
66,1,wc_u_dragonkin_priest,139460614,0,0,0,80000,25800,2000,0,3000,3000,0,17,3,50019,0,0,74100,69749,71,0,0,0,32500,112500
67,0,wc_u_dragonkin_guardian,140509185,0,0,0,118000,8650,0,0,2250,3000,0,6,1,22031,0,0,24000,24000,0,0,0,0,39650,157650
67,0,wc_u_dwarf_warrior,140509186,0,0,0,100000,15700,1500,0,750,5900,6000,10,2,46989,10769,0,0,0,1476,0,0,0,39650,139650
67,0,wc_u_human_priest,140509187,0,0,0,65000,25450,1000,0,0,6000,0,17,3,47970,0,70200,0,0,0,0,0,0,23400,88400
67,0,wc_u_elf_priest,140509188,1,0,0,70000,28100,1000,0,0,9000,3000,21,3,60000,0,0,0,0,0,0,0,10,0,70000
67,0,wc_u_dwarf_priest,140509189,0,0,0,82000,23550,3300,0,0,6000,0,13,3,32897,0,81250,0,0,0,0,0,0,16250,98250
67,0,wc_u_dragonkin_priest,140509190,0,0,0,80000,18550,2000,0,0,0,0,12,2,26692,0,0,49400,49400,1896,0,0,0,32500,112500
67,1,wc_u_dragonkin_guardian,141557761,0,0,0,118000,12950,0,0,1800,0,0,7,1,18188,0,0,24000,24000,0,0,0,0,0,118000
67,1,wc_u_elf_rogue,141557762,0,0,0,79000,15300,800,0,0,0,0,16,2,104712,0,0,0,0,0,0,2,0,0,79000
67,1,wc_u_elf_ranger,141557763,0,1,53726,67000,28100,900,0,0,0,0,22,1,116946,0,0,0,0,0,0,1,0,0,13274
67,1,wc_u_dwarf_ranger,141557764,0,1,76000,76000,28100,1100,0,0,0,0,20,4,114329,55908,0,0,0,11406,0,0,0,0,0
67,1,wc_u_halfling_ranger,141557765,0,1,59000,59000,28100,800,0,0,0,0,26,3,118632,0,0,0,0,3434,0,0,3,0,0
67,1,wc_u_dragonkin_ranger,141557766,0,1,34926,72000,28100,1000,0,0,0,0,20,4,104409,33326,0,0,0,0,0,0,0,0,37074
68,0,wc_u_dragonkin_guardian,142606337,0,0,0,118000,10600,0,0,1350,0,0,7,1,21744,0,0,24000,24000,0,0,0,0,0,118000
68,0,wc_u_elf_rogue,142606338,0,1,8554,79000,22800,800,0,0,0,0,23,3,144556,0,0,0,0,0,0,3,0,0,70446
68,0,wc_u_elf_ranger,142606339,0,1,67000,67000,22800,900,0,0,0,0,20,0,100868,0,0,0,0,11644,0,0,0,0,0
68,0,wc_u_dwarf_ranger,142606340,0,1,76000,76000,22800,1100,0,0,0,0,15,3,93696,40453,0,0,0,5978,0,0,0,0,0
68,0,wc_u_halfling_ranger,142606341,0,1,59000,59000,22800,800,0,0,0,0,18,3,86094,0,0,0,0,0,0,0,3,0,0
68,0,wc_u_dragonkin_ranger,142606342,0,1,72000,72000,22800,1000,0,0,0,0,17,3,87192,35947,0,0,0,3947,0,0,0,0,0
68,1,wc_u_dragonkin_guardian,143654913,0,0,0,118000,11500,550,0,3000,3000,0,7,1,22152,0,0,24000,0,0,0,0,0,0,118000
68,1,wc_u_dwarf_warrior,143654914,0,0,0,100000,6150,0,0,1050,3000,2650,5,1,24835,0,0,0,0,0,0,0,0,39650,139650
68,1,wc_u_human_priest,143654915,0,0,0,65000,14150,0,0,0,4350,0,10,2,24832,0,46800,0,0,0,0,0,0,0,65000
68,1,wc_u_elf_priest,143654916,1,0,0,70000,22650,0,0,0,6600,4150,18,3,45023,0,0,0,0,0,0,0,9,0,70000
68,1,wc_u_dwarf_priest,143654917,0,0,0,82000,20100,0,0,0,6000,0,13,2,36665,0,48750,0,0,0,0,0,0,0,82000
68,1,wc_u_dragonkin_priest,143654918,0,0,0,80000,17900,0,0,3000,0,0,13,2,34939,0,0,49400,36504,373,0,0,0,55900,135900
69,0,wc_u_dragonkin_guardian,144703489,0,0,0,118000,8650,0,0,1900,3000,0,6,1,22152,0,0,24000,24000,0,0,0,0,39650,157650
69,0,wc_u_dwarf_warrior,144703490,0,0,0,100000,15000,3000,0,750,3000,5900,8,2,38143,11667,0,0,0,0,0,0,0,23400,123400
69,0,wc_u_human_priest,144703491,0,0,0,65000,31100,1000,0,0,6000,5000,20,4,56213,0,93600,0,0,0,0,0,0,23400,88400
69,0,wc_u_elf_priest,144703492,1,0,0,70000,18500,0,0,0,6000,0,15,2,36359,0,0,0,0,0,0,0,8,6727,76727
69,0,wc_u_dwarf_priest,144703493,0,0,0,82000,27500,2200,0,0,6000,0,15,3,43258,0,71727,0,0,71,0,0,0,16250,98250
69,0,wc_u_dragonkin_priest,144703494,0,0,0,80000,24100,1000,0,1500,0,0,16,3,45256,0,0,74100,74100,734,0,0,0,55900,135900
69,1,wc_u_dragonkin_guardian,145752065,0,0,0,118000,9250,0,0,1700,0,0,5,1,13489,0,0,24000,24000,0,0,0,0,0,118000
69,1,wc_u_elf_rogue,145752066,0,0,0,79000,19350,4000,0,0,0,0,14,2,85655,0,0,0,0,4357,0,2,0,0,79000
69,1,wc_u_elf_ranger,145752067,0,1,67000,67000,31100,900,0,0,0,0,27,1,145477,0,0,0,0,0,0,1,0,0,0
69,1,wc_u_dwarf_ranger,145752068,0,1,19952,76000,31100,1100,0,0,0,0,20,5,107132,71363,0,0,0,14178,0,0,0,0,56048
69,1,wc_u_halfling_ranger,145752069,0,1,59000,59000,31100,800,0,0,0,0,27,4,115630,0,0,0,0,3204,0,0,4,0,0
69,1,wc_u_dragonkin_ranger,145752070,0,1,72000,72000,31100,1000,0,0,0,0,23,4,116849,24732,0,0,0,13305,0,0,0,0,0
70,0,wc_u_dragonkin_guardian,146800641,0,0,0,118000,9250,0,0,1700,0,0,5,1,11076,0,0,24000,24000,0,0,0,0,0,118000
70,0,wc_u_elf_rogue,146800642,0,0,0,79000,22900,4000,0,0,0,0,19,3,121525,0,0,0,0,0,0,3,0,0,79000
70,0,wc_u_elf_ranger,146800643,0,1,54273,67000,30650,0,0,0,0,0,25,0,120793,0,0,0,0,0,0,0,0,0,12727
70,0,wc_u_dwarf_ranger,146800644,0,1,43394,76000,30650,0,0,0,0,0,21,5,105395,57731,0,0,0,19482,0,0,0,0,32606
70,0,wc_u_halfling_ranger,146800645,0,1,59000,59000,30650,0,0,0,0,0,28,4,109845,0,0,0,0,8322,0,0,4,0,0
70,0,wc_u_dragonkin_ranger,146800646,0,1,61144,72000,30650,2000,0,0,0,0,19,4,102319,28243,0,0,0,0,0,0,0,0,10856
70,1,wc_u_dragonkin_guardian,147849217,0,0,0,118000,8650,0,0,2250,3000,0,6,1,22152,0,0,24000,24000,0,0,0,0,39650,157650
70,1,wc_u_dwarf_warrior,147849218,0,0,0,100000,15700,3000,0,1850,3000,6000,9,2,43976,24394,0,0,0,0,0,0,0,23400,123400
70,1,wc_u_human_priest,147849219,0,0,0,65000,26850,5000,0,0,6000,3000,15,3,40868,0,70200,0,0,0,0,0,0,0,65000
70,1,wc_u_elf_priest,147849220,1,0,0,70000,18700,3000,0,0,6000,0,12,2,26984,0,0,0,0,0,0,0,8,6727,76727
70,1,wc_u_dwarf_priest,147849221,0,0,0,82000,24300,2600,0,1250,6000,0,14,3,37767,0,71727,0,0,1715,0,0,0,16250,98250
70,1,wc_u_dragonkin_priest,147849222,0,0,0,80000,30650,1000,0,700,0,1350,20,4,57048,0,0,98800,98800,71,0,0,0,55900,135900
71,0,wc_u_dragonkin_guardian,148897793,0,0,0,118000,8650,0,0,1900,3000,0,6,1,22152,0,0,24000,24000,0,0,0,0,39650,157650
71,0,wc_u_dwarf_warrior,148897794,0,0,0,100000,15550,3000,0,1850,3000,6000,9,2,45038,24394,0,0,0,0,0,0,0,23400,123400
71,0,wc_u_human_priest,148897795,0,0,0,65000,26700,0,0,0,9000,0,19,3,49415,0,70200,0,0,0,0,0,0,0,65000
71,0,wc_u_elf_priest,148897796,1,0,0,70000,23400,0,0,0,6700,1900,19,3,46518,0,0,0,0,466,0,0,10,6727,76727
71,0,wc_u_dwarf_priest,148897797,0,0,0,82000,19950,1100,0,0,6000,0,11,2,30237,0,55477,0,0,0,0,0,0,0,82000
71,0,wc_u_dragonkin_priest,148897798,0,0,0,80000,31100,0,0,4150,0,1000,20,4,55011,0,0,98800,74100,71,0,0,0,55900,135900
71,1,wc_u_dragonkin_guardian,149946369,0,0,0,118000,9250,0,0,1700,0,0,5,1,13489,0,0,24000,24000,0,0,0,0,0,118000
71,1,wc_u_elf_rogue,149946370,0,0,0,79000,19050,3200,0,0,0,0,16,2,99115,0,0,0,0,0,0,2,0,0,79000
71,1,wc_u_elf_ranger,149946371,0,1,41545,67000,31100,900,0,0,0,0,26,0,121591,0,0,0,0,11325,0,0,0,0,25455
71,1,wc_u_dwarf_ranger,149946372,0,1,64333,76000,31100,1100,0,0,0,0,20,4,103673,51668,0,0,0,16401,0,0,0,0,11667
71,1,wc_u_halfling_ranger,149946373,0,1,59000,59000,31100,800,0,0,0,0,26,4,116290,0,0,0,0,0,0,0,4,0,0
71,1,wc_u_dragonkin_ranger,149946374,0,1,33357,72000,31100,2000,0,0,0,0,20,4,100412,34439,0,0,0,0,0,0,0,0,38643
72,0,wc_u_dragonkin_guardian,150994945,0,0,0,118000,9250,0,0,1700,0,0,5,1,13489,0,0,24000,24000,0,0,0,0,0,118000
72,0,wc_u_elf_rogue,150994946,0,0,0,79000,22700,4000,0,0,0,0,19,3,113763,0,0,0,0,0,0,3,0,0,79000
72,0,wc_u_elf_ranger,150994947,0,1,54273,67000,26850,0,0,0,0,0,23,0,117798,0,0,0,0,769,0,0,0,0,12727
72,0,wc_u_dwarf_ranger,150994948,0,1,49394,76000,26850,0,0,0,0,0,20,4,101754,54202,0,0,0,10633,0,0,0,0,26606
72,0,wc_u_halfling_ranger,150994949,0,1,59000,59000,26850,0,0,0,0,0,25,3,100588,0,0,0,0,5230,0,0,3,0,0
72,0,wc_u_dragonkin_ranger,150994950,0,1,66572,72000,26850,2000,0,0,0,0,17,3,80828,28128,0,0,0,6311,0,0,0,0,5428
72,1,wc_u_dragonkin_guardian,152043521,0,0,0,118000,8650,0,0,1900,3000,0,6,1,22152,0,0,24000,24000,0,0,0,0,39650,157650
72,1,wc_u_dwarf_warrior,152043522,0,0,0,100000,15700,3000,0,1850,3000,6000,9,2,43976,24394,0,0,0,0,0,0,0,23400,123400
72,1,wc_u_human_priest,152043523,0,0,0,65000,18700,5000,0,0,6000,0,10,2,25126,0,46800,0,0,0,0,0,0,0,65000
72,1,wc_u_elf_priest,152043524,1,0,0,70000,21850,3000,0,700,6000,1150,15,2,36359,0,0,0,0,0,0,0,8,0,70000
72,1,wc_u_dwarf_priest,152043525,0,0,0,82000,25800,3300,0,0,6000,0,14,2,39867,0,48750,0,0,71,0,0,0,0,82000
72,1,wc_u_dragonkin_priest,152043526,0,0,0,80000,26850,1000,0,0,0,0,18,3,49887,0,0,74100,74100,1804,0,0,0,32500,112500
73,0,wc_u_dragonkin_guardian,153092097,0,0,0,212400,8200,0,0,1950,3000,0,6,1,39876,0,0,43200,43200,0,0,0,0,71370,283770
73,0,wc_u_dwarf_warrior,153092098,0,0,0,180000,15000,3000,0,850,3000,5900,8,2,69819,45833,0,0,0,0,0,0,0,42120,222120
73,0,wc_u_human_priest,153092099,0,0,0,117000,29300,1000,0,0,6000,200,20,4,100979,0,168480,0,0,0,0,0,0,42120,159120
73,0,wc_u_elf_priest,153092100,1,0,0,126000,22650,0,0,0,6000,2150,18,2,77629,0,0,0,0,4691,0,0,8,0,126000
73,0,wc_u_dwarf_priest,153092101,0,0,0,147600,18500,3300,0,0,6000,0,11,2,53711,0,87750,0,0,0,0,0,0,0,147600
73,0,wc_u_dragonkin_priest,153092102,0,0,0,144000,26700,7000,0,3000,0,0,12,3,58945,0,0,133380,100503,114,0,0,0,100620,244620
73,1,wc_u_dragonkin_guardian,154140673,0,0,0,212400,9250,0,0,1650,0,0,6,1,30681,0,0,43200,43200,0,0,0,0,0,212400
73,1,wc_u_elf_rogue,154140674,0,0,0,142200,21250,4800,0,0,0,0,15,3,155699,0,0,0,0,736,0,3,0,0,142200
73,1,wc_u_elf_ranger,154140675,0,1,120600,120600,29300,2700,0,0,0,0,23,2,239179,0,0,0,0,68,0,2,0,0,0
73,1,wc_u_dwarf_ranger,154140676,0,1,136800,136800,29300,1100,0,0,0,0,20,4,228678,96352,0,0,0,3068,0,0,0,0,0
73,1,wc_u_halfling_ranger,154140677,0,1,36508,106200,29300,800,0,0,0,0,25,4,205708,0,0,0,0,0,0,0,4,0,69692
73,1,wc_u_dragonkin_ranger,154140678,0,1,107100,129600,29300,1000,0,0,0,0,20,4,165985,60948,0,0,0,15663,0,0,0,0,22500
74,0,wc_u_dragonkin_guardian,155189249,0,0,0,212400,9250,0,0,1650,0,0,6,1,30681,0,0,43200,43200,0,0,0,0,0,212400
74,0,wc_u_elf_rogue,155189250,0,0,0,142200,13950,800,0,0,0,0,14,2,162403,0,0,0,0,0,0,2,0,0,142200
74,0,wc_u_elf_ranger,155189251,0,1,120600,120600,30750,0,0,0,0,0,27,0,220547,0,0,0,0,68,0,0,0,0,0
74,0,wc_u_dwarf_ranger,155189252,0,1,45165,136800,30750,0,0,0,0,0,22,5,230736,98207,0,0,0,28891,0,0,0,0,91635
74,0,wc_u_halfling_ranger,155189253,0,1,43529,106200,30750,800,0,0,0,0,27,4,202077,0,0,0,0,12126,0,0,4,0,62671
74,0,wc_u_dragonkin_ranger,155189254,0,1,129600,129600,30750,2900,0,0,0,0,20,4,185986,56103,0,0,0,3885,0,0,0,0,0
74,1,wc_u_dragonkin_guardian,156237825,0,0,0,212400,8200,0,0,1950,3000,0,6,1,39876,0,0,43200,43200,0,0,0,0,71370,283770
74,1,wc_u_dwarf_warrior,156237826,0,0,0,180000,15700,1400,0,750,6000,6000,10,2,90186,42712,0,0,0,0,0,0,0,71370,251370
74,1,wc_u_human_priest,156237827,0,0,0,117000,17700,2000,0,0,6000,0,12,2,57067,0,84240,0,0,0,0,0,0,0,117000
74,1,wc_u_elf_priest,156237828,1,0,0,126000,27700,2000,0,0,9000,3000,20,3,94488,0,0,0,0,0,0,0,10,0,126000
74,1,wc_u_dwarf_priest,156237829,0,0,0,147600,26850,5500,0,0,6000,0,15,3,77380,0,175500,0,0,0,0,0,0,29250,176850
74,1,wc_u_dragonkin_priest,156237830,0,0,0,144000,30650,2000,0,4550,0,1550,20,4,107197,0,0,177840,170007,1606,0,0,0,87750,231750
75,0,wc_u_dragonkin_guardian,157286401,0,0,0,212400,8650,0,0,1950,3000,0,6,1,39656,0,0,43200,43200,0,0,0,0,71370,283770
75,0,wc_u_dwarf_warrior,157286402,0,0,0,180000,15700,1400,0,750,6000,6000,10,2,84588,19385,0,0,0,2640,0,0,0,71370,251370
75,0,wc_u_human_priest,157286403,0,0,0,117000,18550,2000,0,0,6000,0,12,2,64475,0,84240,0,0,0,0,0,0,0,117000
75,0,wc_u_elf_priest,157286404,1,0,0,126000,29600,1000,0,0,9000,3300,22,3,112500,0,0,0,0,0,0,0,10,0,126000
75,0,wc_u_dwarf_priest,157286405,0,0,0,147600,26300,3300,0,0,6000,0,16,3,73696,0,146250,0,0,3083,0,0,0,29250,176850
75,0,wc_u_dragonkin_priest,157286406,0,0,0,144000,21300,2000,0,1400,0,0,12,3,51562,0,0,133380,133380,0,0,0,0,58500,202500
75,1,wc_u_dragonkin_guardian,158334977,0,0,0,212400,12950,0,0,1750,0,0,7,1,37081,0,0,43200,43200,0,0,0,0,0,212400
75,1,wc_u_elf_rogue,158334978,0,0,0,142200,14900,800,0,0,0,0,15,2,176375,0,0,0,0,0,0,2,0,0,142200
75,1,wc_u_elf_ranger,158334979,0,1,78709,120600,29600,900,0,0,0,0,24,2,212814,0,0,0,0,9896,0,2,0,0,41891
75,1,wc_u_dwarf_ranger,158334980,0,1,136800,136800,29600,1100,0,0,0,0,20,4,196312,97561,0,0,0,17775,0,0,0,0,0
75,1,wc_u_halfling_ranger,158334981,0,1,106200,106200,29600,0,0,0,0,0,25,4,197385,0,0,0,0,2525,0,0,4,0,0
75,1,wc_u_dragonkin_ranger,158334982,0,1,80229,129600,29600,1000,0,0,0,0,21,4,183152,56810,0,0,0,0,0,0,0,0,49371
76,0,wc_u_dragonkin_guardian,159383553,0,0,0,212400,10250,0,0,1350,0,0,7,1,39138,0,0,43200,43200,0,0,0,0,0,212400
76,0,wc_u_elf_rogue,159383554,0,1,9610,142200,22650,800,0,0,0,0,23,3,260206,0,0,0,0,0,0,3,0,0,132590
76,0,wc_u_elf_ranger,159383555,0,1,120600,120600,22650,900,0,0,0,0,20,0,181563,0,0,0,0,20956,0,0,0,0,0
76,0,wc_u_dwarf_ranger,159383556,0,1,136800,136800,22650,1100,0,0,0,0,15,3,168660,72814,0,0,0,10757,0,0,0,0,0
76,0,wc_u_halfling_ranger,159383557,0,1,106200,106200,22650,800,0,0,0,0,18,3,154963,0,0,0,0,0,0,0,3,0,0
76,0,wc_u_dragonkin_ranger,159383558,0,1,129600,129600,22650,1000,0,0,0,0,17,3,156943,64703,0,0,0,7106,0,0,0,0,0
76,1,wc_u_dragonkin_guardian,160432129,0,0,0,212400,11500,650,0,3000,3000,0,7,1,39876,0,0,43200,0,0,0,0,0,0,212400
76,1,wc_u_dwarf_warrior,160432130,0,0,0,180000,6150,0,0,1050,3000,2650,5,1,44698,0,0,0,0,0,0,0,0,71370,251370
76,1,wc_u_human_priest,160432131,0,0,0,117000,14150,0,0,0,4500,0,10,2,44696,0,84240,0,0,0,0,0,0,0,117000
76,1,wc_u_elf_priest,160432132,1,0,0,126000,22650,0,0,0,6750,4150,18,3,80629,0,0,0,0,411,0,0,9,0,126000
76,1,wc_u_dwarf_priest,160432133,0,0,0,147600,20100,0,0,0,6000,0,15,2,76254,0,87750,0,0,0,0,0,0,0,147600
76,1,wc_u_dragonkin_priest,160432134,0,0,0,144000,17900,0,0,3000,0,0,12,2,58837,0,0,88920,65706,0,0,0,0,100620,244620
77,0,wc_u_dragonkin_guardian,161480705,0,0,0,212400,8650,0,0,1950,3000,0,6,1,39876,0,0,43200,43200,0,0,0,0,71370,283770
77,0,wc_u_dwarf_warrior,161480706,0,0,0,180000,15000,3000,0,750,3000,5900,8,2,68652,21000,0,0,0,0,0,0,0,42120,222120
77,0,wc_u_human_priest,161480707,0,0,0,117000,30500,1000,0,0,6000,4400,21,4,106743,0,168480,0,0,0,0,0,0,42120,159120
77,0,wc_u_elf_priest,161480708,1,0,0,126000,19000,700,0,0,6000,0,15,2,65445,0,0,0,0,0,0,0,8,12109,138109
77,0,wc_u_dwarf_priest,161480709,0,0,0,147600,26450,2200,0,3000,6000,0,17,3,88952,0,129109,0,0,0,0,0,0,29250,176850
77,0,wc_u_dragonkin_priest,161480710,0,0,0,144000,23600,1000,0,0,0,0,16,3,82489,0,0,133380,120369,1109,0,0,0,100620,244620
77,1,wc_u_dragonkin_guardian,162529281,0,0,0,212400,9250,0,0,1650,0,0,5,1,24281,0,0,43200,43200,0,0,0,0,0,212400
77,1,wc_u_elf_rogue,162529282,0,0,0,142200,18000,3200,0,0,0,0,14,2,158298,0,0,0,0,0,0,2,0,0,142200
77,1,wc_u_elf_ranger,162529283,0,1,120600,120600,30500,900,0,0,0,0,26,1,264063,0,0,0,0,312,0,1,0,0,0
77,1,wc_u_dwarf_ranger,162529284,0,1,18243,136800,30500,1100,0,0,0,0,20,5,221100,86817,0,0,0,52732,0,0,0,0,118557
77,1,wc_u_halfling_ranger,162529285,0,1,106200,106200,30500,800,0,0,0,0,27,4,232762,0,0,0,0,0,0,0,4,0,0
77,1,wc_u_dragonkin_ranger,162529286,0,1,129600,129600,30500,0,0,0,0,0,23,4,176320,60948,0,0,0,10598,0,0,0,0,0
78,0,wc_u_dragonkin_guardian,163577857,0,0,0,212400,9250,0,0,1650,0,0,5,1,24281,0,0,43200,43200,0,0,0,0,0,212400
78,0,wc_u_elf_rogue,163577858,0,0,0,142200,22350,3200,0,0,0,0,19,3,212875,0,0,0,0,0,0,3,0,0,142200
78,0,wc_u_elf_ranger,163577859,0,1,97691,120600,30100,0,0,0,0,0,26,0,238484,0,0,0,0,2503,0,0,0,0,22909
78,0,wc_u_dwarf_ranger,163577860,0,1,58800,136800,30100,0,0,0,0,0,22,3,219503,74023,0,0,0,11099,0,0,0,0,78000
78,0,wc_u_halfling_ranger,163577861,0,1,106200,106200,30100,800,0,0,0,0,26,4,189771,0,0,0,0,12954,0,0,4,0,0
78,0,wc_u_dragonkin_ranger,163577862,0,1,129600,129600,30100,3000,0,0,0,0,18,4,160093,63439,0,0,0,9248,0,0,0,0,0
78,1,wc_u_dragonkin_guardian,164626433,0,0,0,212400,8650,0,0,1950,3000,0,6,1,39876,0,0,43200,43200,0,0,0,0,71370,283770
78,1,wc_u_dwarf_warrior,164626434,0,0,0,180000,15700,3000,0,1850,3000,6000,9,2,79152,43909,0,0,0,0,0,0,0,42120,222120
78,1,wc_u_human_priest,164626435,0,0,0,117000,26050,4000,0,0,6000,3000,15,3,73459,0,126360,0,0,0,0,0,0,0,117000
78,1,wc_u_elf_priest,164626436,1,0,0,126000,18700,3000,0,0,6000,0,12,2,48570,0,0,0,0,0,0,0,8,12109,138109
78,1,wc_u_dwarf_priest,164626437,0,0,0,147600,23600,2700,0,0,6000,0,14,3,71069,0,129109,0,0,0,0,0,0,71370,218970
78,1,wc_u_dragonkin_priest,164626438,0,0,0,144000,30100,2000,0,3850,0,1000,19,4,99474,0,0,177840,133380,2556,0,0,0,58500,202500
79,0,wc_u_dragonkin_guardian,165675009,0,0,0,212400,8650,0,0,1950,3000,0,6,1,39876,0,0,43200,43200,0,0,0,0,71370,283770
79,0,wc_u_dwarf_warrior,165675010,0,0,0,180000,15550,3000,0,1850,3000,6000,9,2,81062,43909,0,0,0,0,0,0,0,42120,222120
79,0,wc_u_human_priest,165675011,0,0,0,117000,26700,0,0,0,9000,0,20,3,94021,0,126360,0,0,0,0,0,0,0,117000
79,0,wc_u_elf_priest,165675012,1,0,0,126000,23650,0,0,1700,7250,2150,19,3,83445,0,0,0,0,0,0,0,10,12109,138109
79,0,wc_u_dwarf_priest,165675013,0,0,0,147600,19950,1100,0,0,6000,0,14,2,68755,0,99859,0,0,0,0,0,0,0,147600
79,0,wc_u_dragonkin_priest,165675014,0,0,0,144000,31100,0,0,1150,0,1000,21,4,102923,0,0,177840,177840,1109,0,0,0,100620,244620
79,1,wc_u_dragonkin_guardian,166723585,0,0,0,212400,9250,0,0,1650,0,0,5,1,24281,0,0,43200,43200,0,0,0,0,0,212400
79,1,wc_u_elf_rogue,166723586,0,0,0,142200,18000,3200,0,0,0,0,15,2,168165,0,0,0,0,0,0,2,0,0,142200
79,1,wc_u_elf_ranger,166723587,0,1,74781,120600,31100,900,0,0,0,0,26,0,218165,0,0,0,0,10086,0,0,0,0,45819
79,1,wc_u_dwarf_ranger,166723588,0,1,115800,136800,31100,1100,0,0,0,0,20,5,196866,120818,0,0,0,19271,0,0,0,0,21000
79,1,wc_u_halfling_ranger,166723589,0,1,106200,106200,31100,800,0,0,0,0,26,4,198891,0,0,0,0,0,0,0,4,0,0
79,1,wc_u_dragonkin_ranger,166723590,0,1,37028,129600,31100,2000,0,0,0,0,21,4,187082,38951,0,0,0,4137,0,0,0,0,92572
80,0,wc_u_dragonkin_guardian,167772161,0,0,0,212400,9250,0,0,1650,0,0,5,1,24281,0,0,43200,43200,0,0,0,0,0,212400
80,0,wc_u_elf_rogue,167772162,0,0,0,142200,21400,3200,0,0,0,0,18,3,200240,0,0,0,0,0,0,3,0,0,142200
80,0,wc_u_elf_ranger,167772163,0,1,97691,120600,28300,0,0,0,0,0,25,0,221866,0,0,0,0,6030,0,0,0,0,22909
80,0,wc_u_dwarf_ranger,167772164,0,1,71236,136800,28300,0,0,0,0,0,21,4,207263,100632,0,0,0,11099,0,0,0,0,65564
80,0,wc_u_halfling_ranger,167772165,0,1,106200,106200,28300,0,0,0,0,0,27,3,190112,0,0,0,0,15426,0,0,3,0,0
80,0,wc_u_dragonkin_ranger,167772166,0,1,119828,129600,28300,2000,0,0,0,0,18,3,151105,61991,0,0,0,6307,0,0,0,0,9772
80,1,wc_u_dragonkin_guardian,168820737,0,0,0,212400,8650,0,0,1950,3000,0,6,1,39876,0,0,43200,43200,0,0,0,0,71370,283770
80,1,wc_u_dwarf_warrior,168820738,0,0,0,180000,15700,3000,0,1850,3000,6000,9,2,79152,43909,0,0,0,0,0,0,0,42120,222120
80,1,wc_u_human_priest,168820739,0,0,0,117000,18700,4000,0,0,6000,0,11,2,51403,0,84240,0,0,0,0,0,0,0,117000
80,1,wc_u_elf_priest,168820740,1,0,0,126000,22500,3000,0,800,6000,1800,15,2,62842,0,0,0,0,2603,0,0,8,29250,155250
80,1,wc_u_dwarf_priest,168820741,0,0,0,147600,28300,3300,0,0,6000,0,17,3,88847,0,146250,0,0,0,0,0,0,29250,176850
80,1,wc_u_dragonkin_priest,168820742,0,0,0,144000,26050,1000,0,0,0,0,17,3,86816,0,0,133380,133380,114,0,0,0,58500,202500
81,0,wc_u_dragonkin_guardian,169869313,0,1,68669,118000,38500,2200,2250,13950,6000,0,21,4,75466,0,0,96000,71066,0,0,0,0,86450,135781
81,0,wc_u_dwarf_warrior,169869314,0,1,51810,100000,38500,6000,2900,0,9000,12600,21,5,107860,74581,0,0,0,6824,0,0,0,16250,64440
81,0,wc_u_human_priest,169869315,0,1,65000,65000,38500,1000,0,0,9000,0,25,5,72945,0,116427,0,0,969,0,0,0,0,0
81,0,wc_u_elf_priest,169869316,1,1,70000,70000,38500,1000,0,0,12000,0,29,4,76789,0,0,0,0,2202,0,0,14,0,0
81,0,wc_u_dwarf_priest,169869317,0,0,0,82000,19700,0,2500,3000,6000,0,12,1,33665,0,65000,0,0,1128,0,0,0,39077,121077
81,0,wc_u_dragonkin_priest,169869318,0,0,0,80000,26150,0,0,3000,0,0,18,3,53694,0,0,74100,37415,0,0,0,0,39650,119650
81,1,wc_u_dwarf_guardian,170917889,0,0,0,110000,8400,0,0,1450,0,0,5,1,10155,0,0,0,0,0,2000,0,0,0,110000
81,1,wc_u_orc_guardian,170917890,0,0,0,112000,19700,0,0,3700,0,0,12,2,27696,0,0,56000,37655,0,0,0,0,0,112000
81,1,wc_u_halfling_rogue,170917891,0,0,0,66000,13000,0,0,0,0,0,15,2,64440,0,0,0,0,0,2000,0,0,0,66000
81,1,wc_u_elf_rogue,170917892,0,0,0,79000,26350,800,0,3000,0,0,31,3,170878,0,0,0,0,2615,0,3,0,0,79000
81,1,wc_u_elf_mage,170917893,0,0,0,69000,33100,0,0,0,0,0,25,3,70310,4800,0,0,0,0,3750,0,0,0,69000
81,1,wc_u_halfling_ranger,170917894,0,0,0,59000,38450,0,0,0,0,0,36,5,92669,0,0,0,0,1556,0,0,5,0,59000
82,0,wc_u_dwarf_guardian,171966465,0,0,0,110000,8400,0,0,1450,0,0,5,1,10155,0,0,0,0,0,2000,0,0,0,110000
82,0,wc_u_orc_guardian,171966466,0,0,0,112000,27000,0,0,7050,0,0,16,3,38677,0,0,56000,40965,0,0,0,0,0,112000
82,0,wc_u_halfling_rogue,171966467,0,0,0,66000,23650,1400,0,0,0,0,26,3,94512,0,0,0,0,0,3000,0,0,0,66000
82,0,wc_u_elf_rogue,171966468,0,0,0,79000,15550,800,0,0,0,0,18,2,116839,0,0,0,0,0,0,2,0,0,79000
82,0,wc_u_elf_mage,171966469,0,0,0,69000,32700,0,0,0,0,0,25,3,59580,8276,0,0,0,0,3750,0,0,0,69000
82,0,wc_u_halfling_ranger,171966470,0,0,0,59000,37600,0,0,0,0,0,35,4,84543,0,0,0,0,0,0,0,4,0,59000
82,1,wc_u_dragonkin_guardian,173015041,0,1,46277,118000,37600,3300,4600,11850,9000,0,20,3,64185,0,0,72000,55538,0,0,0,0,135200,206923
82,1,wc_u_dwarf_warrior,173015042,0,1,61388,100000,37600,11000,3900,3000,3000,9000,16,4,79838,67178,0,0,0,12329,0,0,0,55900,94512
82,1,wc_u_human_priest,173015043,0,1,24638,65000,37600,1000,0,200,12000,0,25,5,70730,0,117000,0,0,0,0,0,0,0,40362
82,1,wc_u_elf_priest,173015044,1,1,70000,70000,37600,3000,0,0,12000,3000,28,4,71830,0,0,0,0,4768,0,0,15,0,0
82,1,wc_u_dwarf_priest,173015045,0,1,82000,82000,37600,4400,0,0,9000,0,23,4,69151,0,144885,0,0,1372,0,0,0,0,0
82,1,wc_u_dragonkin_priest,173015046,0,1,80000,80000,37600,2000,0,3000,0,0,24,5,72088,0,0,123500,59811,0,0,0,0,70785,70785
83,0,wc_u_dragonkin_guardian,174063617,0,1,55260,118000,40000,4400,4250,9000,9000,0,20,3,59931,0,0,72000,41142,0,0,0,0,46194,108934
83,0,wc_u_dwarf_warrior,174063618,0,1,100000,100000,40000,2000,3900,0,9000,12000,26,4,127228,47029,0,0,0,4841,0,0,0,25776,25776
83,0,wc_u_human_priest,174063619,0,0,0,65000,35100,1000,0,0,9000,0,24,4,70705,0,86314,0,0,1271,0,0,0,66981,131981
83,0,wc_u_elf_priest,174063620,1,1,70000,70000,40000,3000,0,0,12000,0,28,4,82429,0,0,0,0,3299,0,0,16,0,0
83,0,wc_u_dwarf_priest,174063621,0,0,0,82000,27300,0,2500,0,9000,0,15,3,47140,0,119688,0,0,0,0,0,0,31468,113468
83,0,wc_u_dragonkin_priest,174063622,0,0,0,80000,10250,0,1250,2000,0,0,7,1,22847,0,0,24700,24700,0,0,0,0,35583,115583
83,1,wc_u_dwarf_guardian,175112193,0,0,0,110000,30200,0,0,4450,0,0,18,3,47390,0,0,0,0,0,6000,0,0,0,110000
83,1,wc_u_orc_guardian,175112194,0,0,0,112000,13450,0,0,2100,0,0,8,2,20772,0,0,42000,37032,0,0,0,0,0,112000
83,1,wc_u_halfling_rogue,175112195,0,0,0,66000,4950,0,0,0,0,0,6,1,25776,0,0,0,0,0,1000,0,0,0,66000
83,1,wc_u_elf_rogue,175112196,0,0,0,79000,25450,800,0,0,0,0,30,3,169061,0,0,0,0,3730,0,3,0,0,79000
83,1,wc_u_elf_mage,175112197,0,1,37691,69000,40000,0,0,0,0,0,29,4,95942,9600,0,0,0,3928,5000,0,0,0,31309
83,1,wc_u_halfling_ranger,175112198,0,0,0,59000,37100,0,0,0,0,0,35,4,127201,0,0,0,0,2516,0,0,4,0,59000
84,0,wc_u_dwarf_guardian,176160769,0,0,0,110000,12600,0,0,2100,0,0,8,1,26072,0,0,0,0,0,2000,0,0,0,110000
84,0,wc_u_orc_guardian,176160770,0,1,3630,112000,40000,0,0,9300,0,0,24,4,71283,0,0,70000,58275,0,0,0,0,0,108370
84,0,wc_u_halfling_rogue,176160771,0,0,0,66000,4950,0,0,0,0,0,6,1,25776,0,0,0,0,0,1000,0,0,0,66000
84,0,wc_u_elf_rogue,176160772,0,0,0,79000,19450,800,0,0,0,0,23,2,133628,0,0,0,0,5340,0,2,0,0,79000
84,0,wc_u_elf_mage,176160773,0,1,69000,69000,40000,0,0,0,0,0,30,4,99321,13738,0,0,0,3359,5000,0,0,0,0
84,0,wc_u_halfling_ranger,176160774,0,1,59000,59000,40000,0,0,0,0,0,36,5,123442,0,0,0,0,3403,0,0,5,0,0
84,1,wc_u_dragonkin_guardian,177209345,0,1,104152,118000,40000,0,1000,12000,12000,0,26,4,62853,0,0,96000,10386,0,0,0,0,20772,34620
84,1,wc_u_dwarf_warrior,177209346,0,0,0,100000,17800,0,1900,0,6000,6000,12,2,61453,33590,0,0,0,429,0,0,0,32500,132500
84,1,wc_u_human_priest,177209347,0,0,0,65000,9950,0,1250,3000,3000,0,7,0,21472,0,0,0,0,0,0,0,0,0,65000
84,1,wc_u_elf_priest,177209348,1,1,35860,70000,40000,0,1250,0,12000,8100,31,4,83883,0,0,0,0,0,0,0,15,0,34140
84,1,wc_u_dwarf_priest,177209349,0,0,0,82000,35100,0,1250,0,11850,0,23,4,64486,0,118272,0,0,1591,0,0,0,32500,114500
84,1,wc_u_dragonkin_priest,177209350,0,0,0,80000,18700,0,1250,3000,0,0,11,2,35633,0,0,49400,37313,2000,0,0,0,32500,112500
85,0,wc_u_dragonkin_guardian,178257921,0,1,70202,118000,38750,2200,1000,10950,9000,0,22,4,63528,0,0,96000,55773,6567,0,0,0,62444,110242
85,0,wc_u_dwarf_warrior,178257922,0,1,53782,100000,38750,4000,4900,4000,9000,12850,21,5,83763,84320,0,0,0,4647,0,0,0,95550,141768
85,0,wc_u_human_priest,178257923,0,1,65000,65000,38750,1000,0,0,9000,0,26,5,73584,0,108962,0,0,0,0,0,0,0,0
85,0,wc_u_elf_priest,178257924,1,0,0,70000,28850,550,3750,5700,9000,0,19,3,52085,0,0,0,0,0,0,0,15,110912,180912
85,0,wc_u_dwarf_priest,178257925,0,1,82000,82000,38750,2200,0,0,9000,0,23,4,69921,0,208694,0,0,2371,0,0,0,0,0
85,0,wc_u_dragonkin_priest,178257926,0,1,57965,80000,38750,1000,0,3000,0,0,24,5,67799,0,0,123500,42250,2044,0,0,0,48750,70785
85,1,wc_u_dwarf_guardian,179306497,0,0,0,110000,12600,0,0,1450,0,0,8,1,20310,0,0,0,0,0,2000,0,0,0,110000
85,1,wc_u_orc_guardian,179306498,0,0,0,112000,25000,0,0,6250,0,0,15,3,34620,0,0,70000,65655,0,0,0,0,0,112000
85,1,wc_u_halfling_rogue,179306499,0,0,0,66000,28100,0,0,0,0,0,33,4,141768,0,0,0,0,0,4000,0,0,0,66000
85,1,wc_u_elf_rogue,179306500,0,0,0,79000,16550,800,0,800,0,0,19,2,100280,0,0,0,0,0,0,2,0,0,79000
85,1,wc_u_elf_mage,179306501,0,0,0,69000,34100,0,0,0,0,0,26,3,76320,9600,0,0,0,2730,3750,0,0,0,69000
85,1,wc_u_halfling_ranger,179306502,0,0,0,59000,38750,0,0,0,0,0,36,5,120809,0,0,0,0,0,0,0,5,0,59000
86,0,wc_u_dwarf_guardian,180355073,0,0,0,110000,12600,0,0,1450,0,0,8,1,20310,0,0,0,0,0,2000,0,0,0,110000
86,0,wc_u_orc_guardian,180355074,0,0,0,112000,25000,0,0,6250,0,0,15,3,34620,0,0,70000,65655,0,0,0,0,0,112000
86,0,wc_u_halfling_rogue,180355075,0,0,0,66000,28100,0,0,0,0,0,33,4,141768,0,0,0,0,0,4000,0,0,0,66000
86,0,wc_u_elf_rogue,180355076,0,0,0,79000,16550,800,0,1100,0,0,19,2,100280,0,0,0,0,0,0,2,0,0,79000
86,0,wc_u_elf_mage,180355077,0,0,0,69000,39100,0,0,0,0,0,29,4,79630,9600,0,0,0,2730,5000,0,0,0,69000
86,0,wc_u_halfling_ranger,180355078,0,0,0,59000,36500,0,0,0,0,0,34,4,113271,0,0,0,0,0,0,0,4,0,59000
86,1,wc_u_dragonkin_guardian,181403649,0,1,58180,118000,39100,2200,2250,12300,9000,0,21,4,65651,0,0,96000,63221,0,0,0,0,46194,106014
86,1,wc_u_dwarf_warrior,181403650,0,1,53782,100000,39100,2000,4900,3000,9000,12000,23,5,96725,73142,0,0,0,15825,0,0,0,95550,141768
86,1,wc_u_human_priest,181403651,0,1,65000,65000,39100,1000,0,0,9000,0,26,5,76896,0,108962,0,0,0,0,0,0,0,0
86,1,wc_u_elf_priest,181403652,1,0,0,70000,28850,550,3750,5700,9000,0,19,3,52085,0,0,0,0,0,0,0,15,110912,180912
86,1,wc_u_dwarf_priest,181403653,0,1,82000,82000,39100,2200,0,0,9000,0,22,4,64316,0,208694,0,0,2371,0,0,0,0,0
86,1,wc_u_dragonkin_priest,181403654,0,1,74215,80000,39100,1000,0,3000,0,0,24,5,66185,0,0,123500,45560,4722,0,0,0,65000,70785
87,0,wc_u_dragonkin_guardian,182452225,0,1,93917,118000,39950,5150,3250,12000,9000,0,20,3,54445,0,0,72000,31835,0,0,0,0,109244,133327
87,0,wc_u_dwarf_warrior,182452226,0,1,100000,100000,39950,2000,2900,0,9000,12000,23,5,105193,75518,0,0,0,8376,0,0,0,25776,25776
87,0,wc_u_human_priest,182452227,0,1,65000,65000,39950,1000,0,0,9000,0,27,5,69684,0,117000,0,0,4268,0,0,0,0,0
87,0,wc_u_elf_priest,182452228,1,0,0,70000,28850,550,3750,5700,9000,0,20,3,54149,0,0,0,0,0,0,0,15,110912,180912
87,0,wc_u_dwarf_priest,182452229,0,1,82000,82000,39950,4400,0,0,9000,0,22,4,60384,0,177682,0,0,3168,0,0,0,0,0
87,0,wc_u_dragonkin_priest,182452230,0,1,57965,80000,39950,1000,0,5200,0,0,25,5,75627,0,0,123500,60177,0,0,0,0,48750,70785
87,1,wc_u_dwarf_guardian,183500801,0,0,0,110000,19700,0,0,4750,0,0,12,2,33850,0,0,0,0,0,4000,0,0,0,110000
87,1,wc_u_orc_guardian,183500802,0,0,0,112000,28100,0,0,6750,0,0,17,3,45006,0,0,84000,65655,0,0,0,0,0,112000
87,1,wc_u_halfling_rogue,183500803,0,0,0,66000,5200,0,0,0,0,0,6,1,25776,0,0,0,0,0,1000,0,0,0,66000
87,1,wc_u_elf_rogue,183500804,0,0,0,79000,15650,800,0,1300,0,0,18,2,111664,0,0,0,0,0,0,2,0,0,79000
87,1,wc_u_elf_mage,183500805,0,0,0,69000,39950,0,0,0,0,0,30,4,82940,9600,0,0,0,2730,5000,0,0,0,69000
87,1,wc_u_halfling_ranger,183500806,0,0,0,59000,34700,0,0,0,0,0,32,4,101964,0,0,0,0,0,0,0,4,0,59000
88,0,wc_u_dwarf_guardian,184549377,0,0,0,110000,12600,0,0,1450,0,0,8,1,20310,0,0,0,0,0,2000,0,0,0,110000
88,0,wc_u_orc_guardian,184549378,0,0,0,112000,28800,0,0,6950,0,0,18,3,41544,0,0,70000,51655,0,0,0,0,0,112000
88,0,wc_u_halfling_rogue,184549379,0,0,0,66000,19350,0,0,0,0,0,22,3,94512,0,0,0,0,0,3000,0,0,0,66000
88,0,wc_u_elf_rogue,184549380,0,0,0,79000,16800,800,0,1100,0,0,19,2,100280,0,0,0,0,0,0,2,0,0,79000
88,0,wc_u_elf_mage,184549381,0,0,0,69000,36550,0,0,0,0,0,27,4,81748,13617,0,0,0,4633,3750,0,0,0,69000
88,0,wc_u_halfling_ranger,184549382,0,1,51283,59000,40000,0,0,0,0,0,35,5,130911,0,0,0,0,0,0,0,5,0,7717
88,1,wc_u_dragonkin_guardian,185597953,0,1,88284,118000,40000,3300,1000,10950,9000,0,23,4,67499,0,0,96000,44618,3262,0,0,0,62444,92160
88,1,wc_u_dwarf_warrior,185597954,0,1,70488,100000,40000,4550,3900,3000,9000,14100,21,4,103526,58857,0,0,0,3372,0,0,0,65000,94512
88,1,wc_u_human_priest,185597955,0,0,0,65000,9950,0,1250,3000,3000,0,7,0,21252,0,0,0,0,0,0,0,0,0,65000
88,1,wc_u_elf_priest,185597956,1,0,0,70000,27600,0,2500,2700,9000,0,21,3,57233,0,0,0,0,902,0,0,13,32500,102500
88,1,wc_u_dwarf_priest,185597957,0,1,82000,82000,40000,5500,0,0,9000,0,22,4,65910,0,208694,0,0,0,0,0,0,0,0
88,1,wc_u_dragonkin_priest,185597958,0,0,0,80000,36500,1000,0,3000,0,0,25,4,69440,0,0,98800,42610,2222,0,0,0,48750,128750
89,0,wc_u_dragonkin_guardian,186646529,0,1,117512,212400,36900,2200,2250,14050,6000,0,21,4,125310,0,0,172800,127922,3248,0,0,0,142740,237628
89,0,wc_u_dwarf_warrior,186646530,0,1,122505,180000,36900,6000,2900,3000,9000,12000,20,4,180758,114976,0,0,0,9946,0,0,0,58500,115995
89,0,wc_u_human_priest,186646531,0,1,117000,117000,36900,1000,0,0,9000,0,24,5,127948,0,180321,0,0,0,0,0,0,0,0
89,0,wc_u_elf_priest,186646532,1,1,126000,126000,36900,1000,0,0,12000,0,29,4,142084,0,0,0,0,6224,0,0,14,0,0
89,0,wc_u_dwarf_priest,186646533,0,0,0,147600,19700,0,2500,3000,6000,0,12,2,62627,0,234000,0,0,0,0,0,0,70341,217941
89,0,wc_u_dragonkin_priest,186646534,0,1,78246,144000,36900,1000,0,3000,0,0,25,4,137297,0,0,177840,61395,0,0,0,0,142740,208494
89,1,wc_u_dwarf_guardian,187695105,0,0,0,198000,8500,0,0,1450,0,0,5,1,18276,0,0,0,0,0,2000,0,0,0,198000
89,1,wc_u_orc_guardian,187695106,0,0,0,201600,20000,0,0,3600,0,0,12,2,49848,0,0,100800,67779,0,0,0,0,0,201600
89,1,wc_u_halfling_rogue,187695107,0,0,0,118800,13000,0,0,0,0,0,15,2,115995,0,0,0,0,0,2000,0,0,0,118800
89,1,wc_u_elf_rogue,187695108,0,0,0,142200,26100,800,0,3000,0,0,30,3,300708,0,0,0,0,0,0,3,0,0,142200
89,1,wc_u_elf_mage,187695109,0,0,0,124200,31950,0,0,0,0,0,24,3,126563,8640,0,0,0,0,3750,0,0,0,124200
89,1,wc_u_halfling_ranger,187695110,0,0,0,106200,36750,0,0,0,0,0,35,4,160028,0,0,0,0,2812,0,0,4,0,106200
90,0,wc_u_dwarf_guardian,188743681,0,0,0,198000,8500,0,0,1450,0,0,5,1,18276,0,0,0,0,0,2000,0,0,0,198000
90,0,wc_u_orc_guardian,188743682,0,0,0,201600,27050,0,0,6650,0,0,17,3,75843,0,0,100800,84388,0,0,0,0,0,201600
90,0,wc_u_halfling_rogue,188743683,0,0,0,118800,23650,1400,0,0,0,0,26,3,170126,0,0,0,0,0,3000,0,0,0,118800
90,0,wc_u_elf_rogue,188743684,0,0,0,142200,15450,800,0,0,0,0,18,2,210313,0,0,0,0,0,0,2,0,0,142200
90,0,wc_u_elf_mage,188743685,0,0,0,124200,32800,0,0,0,0,0,25,3,107262,14896,0,0,0,0,3750,0,0,0,124200
90,0,wc_u_halfling_ranger,188743686,0,0,0,106200,38150,0,0,0,0,0,35,5,152201,0,0,0,0,0,0,0,5,0,106200
90,1,wc_u_dragonkin_guardian,189792257,0,1,77036,212400,38150,3300,4600,12400,9000,0,20,3,115542,0,0,129600,99970,0,0,0,0,243360,378724
90,1,wc_u_dwarf_warrior,189792258,0,1,97624,180000,38150,11000,3900,3000,3000,9250,16,4,143716,120919,0,0,0,22192,0,0,0,87750,170126
90,1,wc_u_human_priest,189792259,0,1,86466,117000,38150,1000,0,0,12000,0,27,5,129770,0,210600,0,0,8114,0,0,0,42120,72654
90,1,wc_u_elf_priest,189792260,1,1,126000,126000,38150,3000,0,0,12000,3000,27,4,126889,0,0,0,0,0,0,0,15,0,0
90,1,wc_u_dwarf_priest,189792261,0,1,147600,147600,38150,4400,0,0,9000,0,23,4,118948,0,290043,0,0,0,0,0,0,0,0
90,1,wc_u_dragonkin_priest,189792262,0,1,144000,144000,38150,2000,0,3000,0,0,25,5,135216,0,0,222300,107665,2958,0,0,0,127413,127413
91,0,wc_u_dragonkin_guardian,190840833,0,1,92163,212400,40000,4550,4250,9000,9000,0,20,3,115879,0,0,129600,36830,0,0,0,0,83146,203383
91,0,wc_u_dwarf_warrior,190840834,0,1,180000,180000,40000,2000,3900,0,9000,12000,25,4,221643,100911,0,0,0,13189,0,0,0,46398,46398
91,0,wc_u_human_priest,190840835,0,0,0,117000,35100,1000,0,0,9000,0,24,4,123372,0,155370,0,0,6180,0,0,0,120567,237567
91,0,wc_u_elf_priest,190840836,1,1,126000,126000,40000,3000,0,0,12000,0,26,4,140209,0,0,0,0,0,0,0,16,0,0
91,0,wc_u_dwarf_priest,190840837,0,0,0,147600,27300,0,2500,0,9000,0,17,3,96537,0,215438,0,0,0,0,0,0,56644,204244
91,0,wc_u_dragonkin_priest,190840838,0,0,0,144000,10250,0,1250,2000,0,0,7,1,41121,0,0,44460,44460,0,0,0,0,64053,208053
91,1,wc_u_dwarf_guardian,191889409,0,0,0,198000,28350,0,0,3000,0,0,17,3,79196,0,0,0,0,0,6000,0,0,0,198000
91,1,wc_u_orc_guardian,191889410,0,0,0,201600,13350,0,0,2050,0,0,8,1,37386,0,0,50400,41458,0,0,0,0,0,201600
91,1,wc_u_halfling_rogue,191889411,0,0,0,118800,4950,0,0,0,0,0,6,1,46398,0,0,0,0,0,1000,0,0,0,118800
91,1,wc_u_elf_rogue,191889412,0,0,0,142200,24950,800,0,0,0,0,29,3,304311,0,0,0,0,6720,0,3,0,0,142200
91,1,wc_u_elf_mage,191889413,0,1,51328,124200,40000,0,0,0,0,0,29,4,178667,24728,0,0,0,7067,5000,0,0,0,72872
91,1,wc_u_halfling_ranger,191889414,0,0,0,106200,35250,0,0,0,0,0,33,4,228959,0,0,0,0,4540,0,0,4,0,106200
92,0,wc_u_dwarf_guardian,192937985,0,0,0,198000,12600,0,0,2050,0,0,8,1,46936,0,0,0,0,0,2000,0,0,0,198000
92,0,wc_u_orc_guardian,192937986,0,1,25059,201600,40000,0,0,7550,0,0,24,4,122079,0,0,126000,118179,0,0,0,0,0,176541
92,0,wc_u_halfling_rogue,192937987,0,0,0,118800,4950,0,0,0,0,0,6,1,46398,0,0,0,0,0,1000,0,0,0,118800
92,0,wc_u_elf_rogue,192937988,0,0,0,142200,20000,800,0,0,0,0,23,2,240517,0,0,0,0,9637,0,2,0,0,142200
92,0,wc_u_elf_mage,192937989,0,1,124200,124200,40000,0,0,0,0,0,30,4,178776,24728,0,0,0,6052,5000,0,0,0,0
92,0,wc_u_halfling_ranger,192937990,0,1,106200,106200,40000,0,0,0,0,0,36,5,222193,0,0,0,0,6130,0,0,5,0,0
92,1,wc_u_dragonkin_guardian,193986561,0,1,193707,212400,40000,0,1000,12000,12000,0,26,4,126541,0,0,172800,24924,0,0,0,0,37386,56079
92,1,wc_u_dwarf_warrior,193986562,0,0,0,180000,17800,0,1900,0,6000,6000,11,2,103308,43085,0,0,0,771,0,0,0,58500,238500
92,1,wc_u_human_priest,193986563,0,0,0,117000,9950,0,1250,3000,3000,0,7,0,38648,0,0,0,0,0,0,0,0,0,117000
92,1,wc_u_elf_priest,193986564,1,1,64552,126000,40000,0,1250,0,12000,8100,31,4,145885,0,0,0,0,3602,0,0,15,0,61448
92,1,wc_u_dwarf_priest,193986565,0,0,0,147600,35100,0,1250,0,12000,0,24,4,113929,0,212886,0,0,0,0,0,0,58500,206100
92,1,wc_u_dragonkin_priest,193986566,0,0,0,144000,18700,0,1250,3000,0,0,11,2,64145,0,0,88920,67164,3587,0,0,0,58500,202500
93,0,wc_u_dragonkin_guardian,195035137,0,1,159161,212400,37350,2200,1000,11050,9000,0,22,4,126176,0,0,172800,80862,0,0,0,0,83146,136385
93,0,wc_u_dwarf_warrior,195035138,0,1,70147,180000,37350,4000,4900,3000,9000,12000,20,4,144844,128441,0,0,0,5607,0,0,0,129870,239723
93,0,wc_u_human_priest,195035139,0,1,117000,117000,37350,1000,0,0,9000,0,26,5,132452,0,196129,0,0,0,0,0,0,0,0
93,0,wc_u_elf_priest,195035140,1,0,0,126000,34900,1000,3750,5700,12000,0,24,4,120452,0,0,0,0,3761,0,0,16,271009,397009
93,0,wc_u_dwarf_priest,195035141,0,1,147600,147600,37350,6600,0,0,9000,0,22,4,111177,0,404896,0,0,4259,0,0,0,0,0
93,0,wc_u_dragonkin_priest,195035142,0,1,133587,144000,37350,1000,0,3000,0,0,25,4,127458,0,0,177840,76048,9196,0,0,0,117000,127413
93,1,wc_u_dwarf_guardian,196083713,0,0,0,198000,12600,0,0,1450,0,0,8,1,36552,0,0,0,0,0,2000,0,0,0,198000
93,1,wc_u_orc_guardian,196083714,0,0,0,201600,24050,0,0,6250,0,0,15,3,62310,0,0,126000,118179,0,0,0,0,0,201600
93,1,wc_u_halfling_rogue,196083715,0,0,0,118800,26750,0,0,0,0,0,31,4,239723,0,0,0,0,0,4000,0,0,0,118800
93,1,wc_u_elf_rogue,196083716,0,0,0,142200,16000,800,0,950,0,0,18,2,170260,0,0,0,0,0,0,2,0,0,142200
93,1,wc_u_elf_mage,196083717,0,0,0,124200,32600,0,0,0,0,0,25,3,145152,17280,0,0,0,0,3750,0,0,0,124200
93,1,wc_u_halfling_ranger,196083718,0,0,0,106200,37350,0,0,0,0,0,35,4,229253,0,0,0,0,2366,0,0,4,0,106200
94,0,wc_u_dwarf_guardian,197132289,0,0,0,198000,12600,0,0,1450,0,0,8,1,36552,0,0,0,0,0,2000,0,0,0,198000
94,0,wc_u_orc_guardian,197132290,0,0,0,201600,24050,0,0,6250,0,0,15,3,62310,0,0,126000,118179,0,0,0,0,0,201600
94,0,wc_u_halfling_rogue,197132291,0,0,0,118800,26750,0,0,0,0,0,31,4,239723,0,0,0,0,0,4000,0,0,0,118800
94,0,wc_u_elf_rogue,197132292,0,0,0,142200,16000,800,0,950,0,0,18,2,170260,0,0,0,0,0,0,2,0,0,142200
94,0,wc_u_elf_mage,197132293,0,0,0,124200,36500,0,0,0,0,0,27,4,152064,24728,0,0,0,0,5000,0,0,0,124200
94,0,wc_u_halfling_ranger,197132294,0,0,0,106200,33800,0,0,0,0,0,32,4,215556,0,0,0,0,1260,0,0,4,0,106200
94,1,wc_u_dragonkin_guardian,198180865,0,1,158498,212400,36500,2200,1000,11050,9000,0,20,4,110176,0,0,172800,80036,0,0,0,0,83146,137048
94,1,wc_u_dwarf_warrior,198180866,0,1,70147,180000,36500,2000,4900,3000,9000,12000,21,4,162118,128441,0,0,0,0,0,0,0,129870,239723
94,1,wc_u_human_priest,198180867,0,1,117000,117000,36500,1000,0,0,12000,0,26,5,133255,0,196129,0,0,909,0,0,0,0,0
94,1,wc_u_elf_priest,198180868,1,0,0,126000,33900,1000,3750,5700,12000,0,23,4,122010,0,0,0,0,0,0,0,18,271009,397009
94,1,wc_u_dwarf_priest,198180869,0,1,147600,147600,36500,4400,0,0,12000,0,23,4,113444,0,404896,0,0,4259,0,0,0,0,0
94,1,wc_u_dragonkin_priest,198180870,0,1,133587,144000,36500,1000,0,3000,0,0,24,4,121556,0,0,177840,76048,9836,0,0,0,117000,127413
95,0,wc_u_dragonkin_guardian,199229441,0,1,135347,212400,39850,3300,2000,11050,9000,0,22,4,119576,0,0,172800,80308,0,0,0,0,83146,160199
95,0,wc_u_dwarf_warrior,199229442,0,1,180000,180000,39850,4000,2900,0,9000,12000,23,4,187669,63212,0,0,0,11170,0,0,0,46398,46398
95,0,wc_u_human_priest,199229443,0,1,117000,117000,39850,1000,0,0,9000,0,27,5,126155,0,196129,0,0,7057,0,0,0,0,0
95,0,wc_u_elf_priest,199229444,1,1,48256,126000,39850,2000,5000,10800,12000,0,26,4,135313,0,0,0,0,0,0,0,16,313129,390873
95,0,wc_u_dwarf_priest,199229445,0,1,147600,147600,39850,6600,0,0,9000,0,23,4,116556,0,363544,0,0,932,0,0,0,0,0
95,0,wc_u_dragonkin_priest,199229446,0,1,133587,144000,39850,1000,0,3000,0,0,26,5,142519,0,0,222300,112820,5905,0,0,0,117000,127413
95,1,wc_u_dwarf_guardian,200278017,0,0,0,198000,19500,0,0,3550,0,0,12,2,54828,0,0,0,0,0,4000,0,0,0,198000
95,1,wc_u_orc_guardian,200278018,0,0,0,201600,28100,0,0,6650,0,0,17,3,74633,0,0,151200,135558,0,0,0,0,0,201600
95,1,wc_u_halfling_rogue,200278019,0,0,0,118800,5150,0,0,0,0,0,6,1,46398,0,0,0,0,0,1000,0,0,0,118800
95,1,wc_u_elf_rogue,200278020,0,0,0,142200,15450,800,0,1150,0,0,18,2,170260,0,0,0,0,0,0,2,0,0,142200
95,1,wc_u_elf_mage,200278021,0,0,0,124200,39850,1000,0,0,0,0,29,4,152064,25920,0,0,0,0,5000,0,0,0,124200
95,1,wc_u_halfling_ranger,200278022,0,0,0,106200,35350,750,0,0,0,0,32,4,200780,0,0,0,0,0,0,0,4,0,106200
96,0,wc_u_dwarf_guardian,201326593,0,0,0,198000,12600,0,0,1450,0,0,8,1,36552,0,0,0,0,0,2000,0,0,0,198000
96,0,wc_u_orc_guardian,201326594,0,0,0,201600,28450,0,0,7100,0,0,17,3,68541,0,0,126000,92979,0,0,0,0,0,201600
96,0,wc_u_halfling_rogue,201326595,0,0,0,118800,19350,0,0,0,0,0,22,3,170126,0,0,0,0,0,3000,0,0,0,118800
96,0,wc_u_elf_rogue,201326596,0,0,0,142200,16800,800,0,1450,0,0,19,2,180506,0,0,0,0,0,0,2,0,0,142200
96,0,wc_u_elf_mage,201326597,0,0,0,124200,36500,0,0,0,0,0,27,4,147175,24728,0,0,0,8099,5000,0,0,0,124200
96,0,wc_u_halfling_ranger,201326598,0,1,80200,106200,40000,0,0,0,0,0,36,5,229720,0,0,0,0,0,0,0,5,0,26000
96,1,wc_u_dragonkin_guardian,202375169,0,1,149469,212400,40000,3300,1000,11050,9000,0,23,4,135215,0,0,172800,80308,0,0,0,0,83146,146077
96,1,wc_u_dwarf_warrior,202375170,0,1,126874,180000,40000,4500,3900,3000,9000,14100,21,4,180443,105941,0,0,0,8601,0,0,0,117000,170126
96,1,wc_u_human_priest,202375171,0,0,0,117000,9950,0,1250,3000,3000,0,7,0,38248,0,0,0,0,0,0,0,0,0,117000
96,1,wc_u_elf_priest,202375172,1,0,0,126000,27600,0,2500,2700,9000,0,21,3,103382,0,0,0,0,1618,0,0,13,58500,184500
96,1,wc_u_dwarf_priest,202375173,0,1,147600,147600,40000,4400,0,0,9000,0,23,4,118769,0,375646,0,0,0,0,0,0,0,0
96,1,wc_u_dragonkin_priest,202375174,0,1,21355,144000,40000,2000,1250,4900,0,0,26,5,128802,0,0,222300,92036,6398,0,0,0,117000,239645
97,0,wc_u_human_guardian,203423745,0,0,0,105000,7400,0,1250,1450,3000,0,5,1,11076,0,0,20000,20000,0,0,0,0,0,105000
97,0,wc_u_orc_guardian,203423746,0,0,0,112000,22300,0,0,5550,6000,0,15,2,50879,0,0,70000,51655,2431,0,0,0,0,112000
97,0,wc_u_elf_rogue,203423747,0,0,0,79000,18400,0,0,2500,3000,0,22,2,121361,0,0,0,0,4364,0,2,0,0,79000
97,0,wc_u_elf_priest,203423748,1,0,0,70000,19450,0,1250,4350,6000,0,18,2,49625,0,0,0,0,0,0,0,6,0,70000
97,0,wc_u_elf_ranger,203423749,0,1,9562,67000,40000,0,0,0,0,0,37,3,157490,0,0,0,0,3731,0,3,0,0,57438
97,0,wc_u_elf_mage,203423750,0,1,22850,69000,40000,2000,2500,0,0,0,27,4,97978,13395,0,0,0,2256,3750,0,0,0,46150
97,1,wc_u_human_warrior,204472321,0,0,0,98000,5350,0,1250,0,0,0,3,0,19365,0,0,0,0,0,0,0,0,0,98000
97,1,wc_u_dwarf_warrior,204472322,0,0,0,100000,23900,500,0,0,0,0,16,3,85162,43038,0,0,0,0,0,0,0,0,100000
97,1,wc_u_orc_warrior,204472323,0,0,0,95000,16600,950,1250,0,6000,0,13,2,71655,0,0,0,0,1651,0,0,2,0,95000
97,1,wc_u_halfling_warrior,204472324,0,0,0,76000,37550,8500,1250,11050,0,0,23,5,119345,0,0,75000,30000,5163,0,0,0,0,76000
97,1,wc_u_dragonkin_guardian,204472325,0,0,0,118000,12600,0,0,2750,0,0,8,1,22730,0,0,24000,24000,0,0,0,0,0,118000
97,1,wc_u_elf_mage,204472326,0,1,54196,69000,40000,2000,0,0,0,0,26,4,95766,12527,0,0,0,744,5000,0,0,0,14804
98,0,wc_u_human_warrior,205520897,0,0,0,98000,12600,0,0,0,0,0,9,2,58095,12414,0,0,0,0,0,0,0,0,98000
98,0,wc_u_dwarf_warrior,205520898,0,1,34000,100000,27900,5750,0,0,0,0,15,3,91136,55278,0,0,0,4337,0,0,0,0,66000
98,0,wc_u_orc_warrior,205520899,0,1,95000,95000,27900,3250,0,0,9000,0,21,3,117023,0,0,0,0,8155,0,0,3,0,0
98,0,wc_u_halfling_warrior,205520900,0,1,1934,76000,27900,6800,2500,8900,0,0,12,4,74576,0,0,60000,16274,0,0,0,0,0,74066
98,0,wc_u_dragonkin_guardian,205520901,0,0,0,118000,9500,0,1250,1350,0,0,6,1,16868,0,0,24000,24000,0,0,0,0,0,118000
98,0,wc_u_elf_mage,205520902,0,1,69000,69000,27900,1000,0,0,0,0,19,3,68698,7912,0,0,0,4138,3750,0,0,0,0
98,1,wc_u_human_guardian,206569473,0,0,0,105000,7400,0,1250,1450,3000,0,5,1,14768,0,0,20000,20000,0,0,0,0,0,105000
98,1,wc_u_orc_guardian,206569474,0,0,0,112000,15550,0,700,1850,5350,0,10,2,29567,0,0,56000,42000,2005,0,0,0,0,112000
98,1,wc_u_elf_rogue,206569475,0,0,0,79000,10650,0,0,0,0,0,13,1,77454,0,0,0,0,0,0,1,0,0,79000
98,1,wc_u_elf_priest,206569476,1,0,0,70000,18950,0,0,4350,6000,0,18,2,46575,0,0,0,0,0,0,0,5,0,70000
98,1,wc_u_elf_ranger,206569477,0,0,0,67000,26650,0,0,0,0,0,24,2,107688,0,0,0,0,0,0,2,0,0,67000
98,1,wc_u_elf_mage,206569478,0,0,0,69000,27900,0,1250,0,0,0,21,3,69104,10910,0,0,0,0,3750,0,0,0,69000
99,0,wc_u_human_guardian,207618049,0,0,0,105000,15300,2000,450,5000,3000,0,9,2,35040,0,0,40000,38600,0,0,0,0,0,105000
99,0,wc_u_orc_guardian,207618050,0,0,0,112000,16700,0,0,2950,6000,0,11,2,27696,0,0,56000,40113,0,0,0,0,0,112000
99,0,wc_u_elf_rogue,207618051,0,0,0,79000,6650,0,1250,0,0,0,7,1,41934,0,0,0,0,0,0,1,0,0,79000
99,0,wc_u_elf_priest,207618052,1,0,0,70000,21600,0,0,6000,6000,0,19,2,51306,0,0,0,0,0,0,0,5,0,70000
99,0,wc_u_elf_ranger,207618053,0,0,0,67000,29500,900,0,0,0,0,28,3,118336,0,0,0,0,6755,0,3,0,0,67000
99,0,wc_u_elf_mage,207618054,0,0,0,69000,25200,650,550,0,0,0,17,3,63410,10434,0,0,0,0,3750,0,0,0,69000
99,1,wc_u_human_warrior,208666625,0,1,68400,98000,29500,4000,0,0,0,0,19,4,121627,45445,0,0,0,7519,0,0,0,0,29600
99,1,wc_u_dwarf_warrior,208666626,0,0,0,100000,28450,3800,1250,0,0,0,17,3,90398,42876,0,0,0,16509,0,0,0,0,100000
99,1,wc_u_orc_warrior,208666627,0,0,0,95000,6750,2050,1250,0,3000,0,3,1,18434,0,0,0,0,2719,0,0,1,0,95000
99,1,wc_u_halfling_warrior,208666628,0,1,76000,76000,29500,9350,0,10000,0,0,16,4,80263,0,0,60000,0,0,0,0,0,0,0
99,1,wc_u_dragonkin_guardian,208666629,0,0,0,118000,17750,900,1250,4400,0,0,10,2,27018,0,0,48000,30924,0,0,0,0,0,118000
99,1,wc_u_elf_mage,208666630,0,1,63444,69000,29500,2000,0,0,0,0,18,3,60750,15189,0,0,0,834,3750,0,0,0,5556
100,0,wc_u_human_warrior,209715201,0,0,0,98000,14850,1000,850,0,0,0,10,2,70712,18088,0,0,0,0,0,0,0,0,98000
100,0,wc_u_dwarf_warrior,209715202,0,1,100000,100000,31500,5000,0,0,0,0,19,4,109695,47209,0,0,0,10490,0,0,0,0,0
100,0,wc_u_orc_warrior,209715203,0,0,0,95000,24450,9500,550,0,8300,0,10,3,60360,0,0,0,0,6804,0,0,3,0,95000
100,0,wc_u_halfling_warrior,209715204,0,1,52000,76000,31500,10200,0,10000,0,0,18,4,86367,0,0,60000,4000,7645,0,0,0,0,24000
100,0,wc_u_dragonkin_guardian,209715205,0,0,0,118000,9100,0,1250,1350,0,0,5,1,13240,0,0,24000,24000,0,0,0,0,0,118000
100,0,wc_u_elf_mage,209715206,0,1,26416,69000,31500,1000,0,0,0,0,21,3,81557,14772,0,0,0,3455,3750,0,0,0,42584
100,1,wc_u_human_guardian,210763777,0,0,0,105000,19850,0,0,4250,6000,0,14,2,46152,0,0,40000,29333,0,0,0,0,0,105000
100,1,wc_u_orc_guardian,210763778,0,0,0,112000,8600,0,0,650,3000,0,6,1,17310,0,0,28000,14000,0,0,0,0,0,112000
100,1,wc_u_elf_rogue,210763779,0,0,0,79000,7150,0,1250,0,0,0,8,1,47854,0,0,0,0,0,0,1,0,0,79000
100,1,wc_u_elf_priest,210763780,1,0,0,70000,15400,0,550,3000,5200,0,13,2,32870,0,0,0,0,838,0,0,5,0,70000
100,1,wc_u_elf_ranger,210763781,0,0,0,67000,31500,0,0,0,0,0,31,2,147975,0,0,0,0,405,0,2,0,0,67000
100,1,wc_u_elf_mage,210763782,0,0,0,69000,27000,0,1250,0,0,0,20,3,74989,10434,0,0,0,943,3750,0,0,0,69000
101,0,wc_u_human_guardian,211812353,0,0,0,105000,9850,0,0,1600,3000,0,7,1,26880,0,0,20000,20000,0,0,0,0,0,105000
101,0,wc_u_orc_guardian,211812354,0,0,0,112000,21750,0,0,3700,6000,0,14,2,46386,0,0,56000,49536,0,0,0,0,0,112000
101,0,wc_u_elf_rogue,211812355,0,0,0,79000,23500,1600,0,0,0,0,26,3,153145,0,0,0,0,2580,0,3,0,0,79000
101,0,wc_u_elf_priest,211812356,1,0,0,70000,16750,0,2500,4150,6000,0,12,2,33817,0,0,0,0,0,0,0,5,0,70000
101,0,wc_u_elf_ranger,211812357,0,0,0,67000,36550,900,0,0,0,0,33,3,135461,0,0,0,0,5748,0,3,0,0,67000
101,0,wc_u_elf_mage,211812358,0,1,17654,69000,40000,0,2500,0,0,0,29,4,99440,12833,0,0,0,2322,5000,0,0,0,51346
101,1,wc_u_human_warrior,212860929,0,0,0,98000,10250,0,0,0,0,0,8,1,51640,0,0,0,0,0,0,0,0,0,98000
101,1,wc_u_dwarf_warrior,212860930,0,0,0,100000,15700,0,1250,0,0,0,11,2,57176,41452,0,0,0,1992,0,0,0,0,100000
101,1,wc_u_orc_warrior,212860931,0,1,9497,95000,40000,6400,0,0,12000,0,28,4,176887,0,0,0,0,1076,0,0,4,0,85503
101,1,wc_u_halfling_warrior,212860932,0,0,0,76000,7750,3000,1250,1600,0,0,3,1,17847,0,0,15000,15000,0,0,0,0,0,76000
101,1,wc_u_dragonkin_guardian,212860933,0,0,0,118000,30100,2400,1250,8700,0,0,16,3,42972,0,0,72000,27462,1776,0,0,0,0,118000
101,1,wc_u_elf_mage,212860934,0,1,38541,69000,40000,1000,1250,0,0,0,25,4,87142,9230,0,0,0,2976,5000,0,0,0,30459
102,0,wc_u_human_warrior,213909505,0,0,0,98000,10250,0,0,0,0,0,8,1,51640,0,0,0,0,0,0,0,0,0,98000
102,0,wc_u_dwarf_warrior,213909506,0,1,100000,100000,30550,3000,0,0,0,0,20,4,118896,84686,0,0,0,16770,0,0,0,0,0
102,0,wc_u_orc_warrior,213909507,0,1,39497,95000,30550,6650,0,0,9000,0,20,3,121376,0,0,0,0,3779,0,0,3,0,55503
102,0,wc_u_halfling_warrior,213909508,0,0,0,76000,9100,3000,1250,1600,0,0,4,1,23796,0,0,15000,15000,0,0,0,0,0,76000
102,0,wc_u_dragonkin_guardian,213909509,0,1,38391,118000,30550,1100,1250,8500,0,0,18,3,57886,0,0,72000,38538,1328,0,0,0,0,79609
102,0,wc_u_elf_mage,213909510,0,0,0,69000,17850,0,1250,0,0,0,11,2,38720,5000,0,0,0,0,2500,0,0,0,69000
102,1,wc_u_human_guardian,214958081,0,0,0,105000,9850,0,0,1600,3000,0,7,1,14768,0,0,20000,20000,0,0,0,0,0,105000
102,1,wc_u_orc_guardian,214958082,0,0,0,112000,18650,0,1250,2000,3000,0,11,2,35586,0,0,56000,36640,0,0,0,0,0,112000
102,1,wc_u_elf_rogue,214958083,0,0,0,79000,18000,0,0,0,0,0,22,2,132957,0,0,0,0,0,0,2,0,0,79000
102,1,wc_u_elf_priest,214958084,1,0,0,70000,13050,2000,1250,3000,3000,0,6,1,14930,0,0,0,0,0,0,0,3,0,70000
102,1,wc_u_elf_ranger,214958085,0,0,0,67000,26750,1800,0,3000,0,0,22,2,91767,0,0,0,0,0,0,2,0,0,67000
102,1,wc_u_elf_mage,214958086,0,0,0,69000,30550,1000,0,0,0,0,24,3,80488,7616,0,0,0,3402,3750,0,0,0,69000
103,0,wc_u_human_guardian,216006657,0,0,0,105000,18050,0,0,5850,6000,0,13,2,38152,0,0,40000,40000,0,0,0,0,0,105000
103,0,wc_u_orc_guardian,216006658,0,1,1436,112000,32350,2300,0,6700,9000,0,20,3,67220,0,0,98000,69352,919,0,0,0,0,110564
103,0,wc_u_elf_rogue,216006659,0,0,0,79000,20600,0,0,0,0,0,24,3,141719,0,0,0,0,0,0,3,0,0,79000
103,0,wc_u_elf_priest,216006660,1,0,0,70000,30950,1000,3750,9000,9000,0,24,3,68856,0,0,0,0,0,0,0,8,0,70000
103,0,wc_u_elf_ranger,216006661,0,1,62636,67000,32350,1800,0,0,0,0,29,1,128675,0,0,0,0,1740,0,1,0,0,4364
103,0,wc_u_elf_mage,216006662,0,1,69000,69000,32350,1000,0,0,0,0,26,3,95489,15889,0,0,0,2453,3750,0,0,0,0
103,1,wc_u_human_warrior,217055233,0,0,0,98000,9500,0,0,0,0,0,7,1,45185,0,0,0,0,0,0,0,0,0,98000
103,1,wc_u_dwarf_warrior,217055234,0,0,0,100000,28400,0,1250,0,0,0,21,3,91392,46889,0,0,0,6210,0,0,0,0,100000
103,1,wc_u_orc_warrior,217055235,0,0,0,95000,5850,0,1250,0,1950,0,4,1,22188,0,0,0,0,0,0,0,1,0,95000
103,1,wc_u_halfling_warrior,217055236,0,0,0,76000,14550,2550,550,3900,0,0,10,2,59490,0,0,30000,15000,0,0,0,0,0,76000
103,1,wc_u_dragonkin_guardian,217055237,0,0,0,118000,20850,0,0,5400,0,0,13,2,29420,0,0,48000,27692,0,0,0,0,0,118000
103,1,wc_u_elf_mage,217055238,0,0,0,69000,32350,0,0,0,0,0,23,3,69564,4800,0,0,0,80,3750,0,0,0,69000
104,0,wc_u_human_warrior,218103809,0,0,0,98000,11100,0,0,0,0,0,9,1,58095,0,0,0,0,0,0,0,0,0,98000
104,0,wc_u_dwarf_warrior,218103810,0,1,57426,100000,40000,6000,0,0,0,0,24,4,153028,34371,0,0,0,9266,0,0,0,0,42574
104,0,wc_u_orc_warrior,218103811,0,0,0,95000,30200,10450,1250,0,9000,0,16,3,92818,0,0,0,0,4611,0,0,3,0,95000
104,0,wc_u_halfling_warrior,218103812,0,0,0,76000,7000,2950,1250,1600,0,0,2,1,11898,0,0,15000,15000,0,0,0,0,0,76000
104,0,wc_u_dragonkin_guardian,218103813,0,0,0,118000,23100,0,1250,4650,0,0,14,2,36948,0,0,48000,24000,0,0,0,0,0,118000
104,0,wc_u_elf_mage,218103814,0,1,69000,69000,40000,1000,0,0,0,0,26,4,92597,15612,0,0,0,3821,5000,0,0,0,0
104,1,wc_u_human_guardian,219152385,0,0,0,105000,17250,5000,0,4500,3000,0,8,2,32000,0,0,40000,40000,0,0,0,0,0,105000
104,1,wc_u_orc_guardian,219152386,0,0,0,112000,22600,0,0,3700,6000,0,15,2,49572,0,0,56000,33100,0,0,0,0,0,112000
104,1,wc_u_elf_rogue,219152387,0,0,0,79000,6600,0,1250,0,0,0,7,1,41934,0,0,0,0,0,0,1,0,0,79000
104,1,wc_u_elf_priest,219152388,1,0,0,70000,25500,0,1750,6000,8900,0,21,3,52904,0,0,0,0,247,0,0,7,0,70000
104,1,wc_u_elf_ranger,219152389,0,1,6633,67000,40000,900,1250,0,0,0,35,4,151505,0,0,0,0,4628,0,4,0,0,60367
104,1,wc_u_elf_mage,219152390,0,0,0,69000,32200,0,0,0,0,0,26,3,93441,8218,0,0,0,3347,3750,0,0,0,69000
105,0,wc_u_human_guardian,220200961,0,0,0,189000,7350,0,1250,1450,3000,0,5,1,19938,0,0,36000,36000,0,0,0,0,0,189000
105,0,wc_u_orc_guardian,220200962,0,0,0,201600,22300,0,0,5700,6000,0,15,2,91563,0,0,126000,92979,4392,0,0,0,0,201600
105,0,wc_u_elf_rogue,220200963,0,0,0,142200,18400,0,0,2650,3000,0,22,2,218453,0,0,0,0,7851,0,2,0,0,142200
105,0,wc_u_elf_priest,220200964,1,0,0,126000,19450,0,1250,4500,6000,0,18,2,89334,0,0,0,0,0,0,0,6,0,126000
105,0,wc_u_elf_ranger,220200965,0,1,17217,120600,40000,0,0,0,0,0,37,3,283488,0,0,0,0,6713,0,3,0,0,103383
105,0,wc_u_elf_mage,220200966,0,1,41124,124200,40000,2000,2500,0,0,0,27,4,176359,24111,0,0,0,4062,3750,0,0,0,83076
105,1,wc_u_human_warrior,221249537,0,0,0,176400,5300,0,1200,0,0,0,3,0,34857,0,0,0,0,0,0,0,0,0,176400
105,1,wc_u_dwarf_warrior,221249538,0,0,0,180000,23900,500,0,0,0,0,16,3,150326,77470,0,0,0,2964,0,0,0,0,180000
105,1,wc_u_orc_warrior,221249539,0,0,0,171000,16600,950,1250,0,6000,0,13,2,131946,0,0,0,0,0,0,0,2,0,171000
105,1,wc_u_halfling_warrior,221249540,0,0,0,136800,37550,8500,1250,11050,0,0,23,5,214809,0,0,135000,54000,9298,0,0,0,0,136800
105,1,wc_u_dragonkin_guardian,221249541,0,0,0,212400,12450,0,0,2750,0,0,8,1,40917,0,0,43200,43200,0,0,0,0,0,212400
105,1,wc_u_elf_mage,221249542,0,1,97554,124200,40000,2000,0,0,0,0,26,4,172383,22551,0,0,0,1338,5000,0,0,0,26646
106,0,wc_u_human_warrior,222298113,0,0,0,176400,12250,0,0,0,0,0,9,1,104571,0,0,0,0,0,0,0,0,0,176400
106,0,wc_u_dwarf_warrior,222298114,0,1,28800,180000,29000,4000,0,0,0,0,18,3,195220,76592,0,0,0,22127,0,0,0,0,151200
106,0,wc_u_orc_warrior,222298115,0,1,171000,171000,29000,3800,0,0,9000,0,22,3,238929,0,0,0,0,0,0,0,3,0,0
106,0,wc_u_halfling_warrior,222298116,0,1,9052,136800,29000,10100,2500,8950,0,0,12,4,125586,0,0,108000,27000,2890,0,0,0,0,127748
106,0,wc_u_dragonkin_guardian,222298117,0,0,0,212400,9350,0,1250,1350,0,0,6,1,30362,0,0,43200,43200,0,0,0,0,0,212400
106,0,wc_u_elf_mage,222298118,0,1,124200,124200,29000,1000,0,0,0,0,18,2,126405,5935,0,0,0,1680,2500,0,0,0,0
106,1,wc_u_human_guardian,223346689,0,0,0,189000,7350,0,1250,1450,3000,0,5,1,26584,0,0,36000,36000,0,0,0,0,0,189000
106,1,wc_u_orc_guardian,223346690,0,0,0,201600,16700,0,1250,2000,6000,0,10,2,55717,0,0,100800,75600,1109,0,0,0,0,201600
106,1,wc_u_elf_rogue,223346691,0,0,0,142200,10650,0,0,0,0,0,13,1,139416,0,0,0,0,0,0,1,0,0,142200
106,1,wc_u_elf_priest,223346692,1,0,0,126000,19450,0,0,4250,6000,0,18,2,73434,0,0,0,0,4676,0,0,5,0,126000
106,1,wc_u_elf_ranger,223346693,0,0,0,120600,29000,0,0,0,0,0,28,2,228409,0,0,0,0,0,0,2,0,0,120600
106,1,wc_u_elf_mage,223346694,0,0,0,124200,24500,0,0,0,0,0,20,3,124552,19636,0,0,0,0,3750,0,0,0,124200
107,0,wc_u_human_guardian,224395265,0,0,0,189000,15300,3000,450,4100,3000,0,8,2,56160,0,0,72000,69480,0,0,0,0,0,189000
107,0,wc_u_orc_guardian,224395266,0,0,0,201600,16700,0,0,2150,6000,0,11,2,49848,0,0,100800,72203,0,0,0,0,0,201600
107,0,wc_u_elf_rogue,224395267,0,0,0,142200,6650,0,1250,0,0,0,7,1,75480,0,0,0,0,0,0,1,0,0,142200
107,0,wc_u_elf_priest,224395268,1,0,0,126000,21600,0,0,6000,6000,0,19,2,92363,0,0,0,0,0,0,0,5,0,126000
107,0,wc_u_elf_ranger,224395269,0,0,0,120600,29000,900,0,0,0,0,27,3,206745,0,0,0,0,8427,0,3,0,0,120600
107,0,wc_u_elf_mage,224395270,0,0,0,124200,25200,650,550,0,0,0,17,3,114139,18782,0,0,0,0,3750,0,0,0,124200
107,1,wc_u_human_warrior,225443841,0,1,123120,176400,29000,4000,0,0,0,0,18,4,199941,81800,0,0,0,5584,0,0,0,0,53280
107,1,wc_u_dwarf_warrior,225443842,0,1,3163,180000,29000,4000,1250,0,0,0,18,3,180998,62010,0,0,0,37236,0,0,0,0,176837
107,1,wc_u_orc_warrior,225443843,0,0,0,171000,6750,2050,1250,0,3000,0,3,1,33185,0,0,0,0,4891,0,0,1,0,171000
107,1,wc_u_halfling_warrior,225443844,0,1,136800,136800,29000,9350,0,10000,0,0,16,4,148830,0,0,108000,0,0,0,0,0,0,0
107,1,wc_u_dragonkin_guardian,225443845,0,0,0,212400,17750,900,1250,4400,0,0,10,2,52634,0,0,86400,55662,0,0,0,0,0,212400
107,1,wc_u_elf_mage,225443846,0,1,124200,124200,29000,2000,0,0,0,0,18,3,116860,27342,0,0,0,1500,3750,0,0,0,0
108,0,wc_u_human_warrior,226492417,0,0,0,176400,18850,1250,0,0,0,0,13,2,150439,32559,0,0,0,14622,0,0,0,0,176400
108,0,wc_u_dwarf_warrior,226492418,0,1,180000,180000,30800,7000,0,0,0,0,16,4,160761,70839,0,0,0,28454,0,0,0,0,0
108,0,wc_u_orc_warrior,226492419,0,0,0,171000,24450,8550,1800,0,8550,0,12,3,136383,0,0,0,0,12245,0,0,3,0,171000
108,0,wc_u_halfling_warrior,226492420,0,1,100800,136800,30800,9350,0,10000,0,0,18,4,169217,0,0,108000,7200,0,0,0,0,0,36000
108,0,wc_u_dragonkin_guardian,226492421,0,0,0,212400,9100,0,1250,1350,0,0,5,1,23836,0,0,43200,43200,0,0,0,0,0,212400
108,0,wc_u_elf_mage,226492422,0,1,64200,124200,30800,1000,0,0,0,0,19,3,132975,26591,0,0,0,5960,3750,0,0,0,60000
108,1,wc_u_human_guardian,227540993,0,0,0,189000,18050,0,0,4400,6000,0,13,2,75876,0,0,72000,52800,0,0,0,0,0,189000
108,1,wc_u_orc_guardian,227540994,0,0,0,201600,8600,0,0,650,3000,0,6,1,31155,0,0,50400,25200,0,0,0,0,0,201600
108,1,wc_u_elf_rogue,227540995,0,0,0,142200,7050,0,1250,0,0,0,8,1,86136,0,0,0,0,0,0,1,0,0,142200
108,1,wc_u_elf_priest,227540996,1,0,0,126000,15200,0,350,3000,5000,0,14,2,64634,0,0,0,0,1524,0,0,5,0,126000
108,1,wc_u_elf_ranger,227540997,0,0,0,120600,30800,0,0,0,0,0,30,2,254323,0,0,0,0,1326,0,2,0,0,120600
108,1,wc_u_elf_mage,227540998,0,0,0,124200,25200,0,550,0,0,0,19,3,124894,18782,0,0,0,5138,3750,0,0,0,124200
109,0,wc_u_human_guardian,228589569,0,0,0,189000,9850,0,0,1600,3000,0,7,1,48384,0,0,36000,36000,0,0,0,0,0,189000
109,0,wc_u_orc_guardian,228589570,0,0,0,201600,20800,0,0,3700,6000,0,13,2,83493,0,0,100800,83208,0,0,0,0,0,201600
109,0,wc_u_elf_rogue,228589571,0,0,0,142200,22800,1600,0,0,0,0,25,3,265409,0,0,0,0,4645,0,3,0,0,142200
109,0,wc_u_elf_priest,228589572,1,0,0,126000,16750,0,2500,4250,6000,0,12,2,60871,0,0,0,0,0,0,0,5,0,126000
109,0,wc_u_elf_ranger,228589573,0,1,30662,120600,40000,900,1250,0,0,0,35,3,259755,0,0,0,0,8421,0,3,0,0,89938
109,0,wc_u_elf_mage,228589574,0,0,0,124200,30600,0,1250,0,0,0,22,3,135797,14791,0,0,0,4181,3750,0,0,0,124200
109,1,wc_u_human_warrior,229638145,0,0,0,176400,10250,0,0,0,0,0,8,1,92952,0,0,0,0,0,0,0,0,0,176400
109,1,wc_u_dwarf_warrior,229638146,0,0,0,180000,15700,0,1250,0,0,0,11,2,102922,74615,0,0,0,3576,0,0,0,0,180000
109,1,wc_u_orc_warrior,229638147,0,1,8100,171000,40000,6650,0,0,12000,0,27,4,293895,0,0,0,0,11132,0,0,4,0,162900
109,1,wc_u_halfling_warrior,229638148,0,0,0,136800,7750,3000,1250,1600,0,0,3,1,32124,0,0,27000,27000,0,0,0,0,0,136800
109,1,wc_u_dragonkin_guardian,229638149,0,0,0,212400,31100,2400,1250,8950,0,0,16,3,87876,0,0,129600,43200,0,0,0,0,0,212400
109,1,wc_u_elf_mage,229638150,0,1,124200,124200,40000,2000,0,0,0,0,26,4,170428,18126,0,0,0,7423,5000,0,0,0,0
110,0,wc_u_human_warrior,230686721,0,0,0,176400,10250,0,0,0,0,0,8,1,92952,0,0,0,0,0,0,0,0,0,176400
110,0,wc_u_dwarf_warrior,230686722,0,1,180000,180000,30550,3000,0,0,0,0,20,4,214020,152432,0,0,0,30178,0,0,0,0,0
110,0,wc_u_orc_warrior,230686723,0,1,82200,171000,30550,6650,0,0,9050,0,20,4,218470,0,0,0,0,6804,0,0,4,0,88800
110,0,wc_u_halfling_warrior,230686724,0,0,0,136800,9100,3000,1250,1600,0,0,4,1,42832,0,0,27000,27000,0,0,0,0,0,136800
110,0,wc_u_dragonkin_guardian,230686725,0,1,69091,212400,30550,1100,1250,8500,0,0,18,3,104198,0,0,129600,69369,2397,0,0,0,0,143309
110,0,wc_u_elf_mage,230686726,0,0,0,124200,17850,0,1250,0,0,0,11,2,69696,9000,0,0,0,0,2500,0,0,0,124200
110,1,wc_u_human_guardian,231735297,0,0,0,189000,9850,0,0,1600,3000,0,7,1,26584,0,0,36000,36000,0,0,0,0,0,189000
110,1,wc_u_orc_guardian,231735298,0,0,0,201600,18650,0,1250,2150,3000,0,11,2,64053,0,0,100800,65952,0,0,0,0,0,201600
110,1,wc_u_elf_rogue,231735299,0,0,0,142200,17700,0,0,0,0,0,21,2,228216,0,0,0,0,0,0,2,0,0,142200
110,1,wc_u_elf_priest,231735300,1,0,0,126000,13050,2000,1250,3000,3000,0,6,1,26873,0,0,0,0,0,0,0,3,0,126000
110,1,wc_u_elf_ranger,231735301,0,0,0,120600,26750,1800,0,3000,0,0,22,2,165180,0,0,0,0,0,0,2,0,0,120600
110,1,wc_u_elf_mage,231735302,0,0,0,124200,30550,1000,0,0,0,0,24,3,144895,13708,0,0,0,6116,3750,0,0,0,124200
111,0,wc_u_human_guardian,232783873,0,0,0,189000,18050,0,0,6150,6000,0,13,2,68676,0,0,72000,72000,0,0,0,0,0,189000
111,0,wc_u_orc_guardian,232783874,0,1,2582,201600,31900,2300,0,6700,9000,0,20,3,122147,0,0,176400,133474,499,0,0,0,0,199018
111,0,wc_u_elf_rogue,232783875,0,0,0,142200,20600,0,0,0,0,0,24,3,253646,0,0,0,0,1440,0,3,0,0,142200
111,0,wc_u_elf_priest,232783876,1,1,8496,126000,31900,1000,3750,9000,9100,0,25,4,128791,0,0,0,0,0,0,0,9,0,117504
111,0,wc_u_elf_ranger,232783877,0,1,120600,120600,31900,1800,0,0,0,0,29,1,231610,0,0,0,0,3147,0,1,0,0,0
111,0,wc_u_elf_mage,232783878,0,1,124200,124200,31900,1000,0,0,0,0,25,3,167330,28600,0,0,0,2319,3750,0,0,0,0
111,1,wc_u_human_warrior,233832449,0,0,0,176400,9450,0,0,0,0,0,7,1,81333,0,0,0,0,0,0,0,0,0,176400
111,1,wc_u_dwarf_warrior,233832450,0,0,0,180000,28050,0,1250,0,0,0,21,3,164509,84402,0,0,0,11168,0,0,0,0,180000
111,1,wc_u_orc_warrior,233832451,0,0,0,171000,5850,0,1250,0,1950,0,4,1,39936,0,0,0,0,0,0,0,1,0,171000
111,1,wc_u_halfling_warrior,233832452,0,0,0,136800,14550,2550,550,3900,0,0,10,2,107080,0,0,54000,27000,0,0,0,0,0,136800
111,1,wc_u_dragonkin_guardian,233832453,0,0,0,212400,20850,0,0,5400,0,0,13,2,52958,0,0,86400,49846,0,0,0,0,0,212400
111,1,wc_u_elf_mage,233832454,0,0,0,124200,31900,0,0,0,0,0,22,3,117504,0,0,0,0,0,3750,0,0,0,124200
112,0,wc_u_human_warrior,234881025,0,0,0,176400,11100,0,0,0,0,0,9,1,104571,0,0,0,0,0,0,0,0,0,176400
112,0,wc_u_dwarf_warrior,234881026,0,1,128160,180000,39200,6000,0,0,0,0,25,3,279487,60493,0,0,0,11098,0,0,0,0,51840
112,0,wc_u_orc_warrior,234881027,0,0,0,171000,31150,10450,0,0,10650,0,17,4,175734,0,0,0,0,13753,0,0,4,0,171000
112,0,wc_u_halfling_warrior,234881028,0,0,0,136800,7000,2950,1250,1600,0,0,2,1,21416,0,0,27000,27000,0,0,0,0,0,136800
112,0,wc_u_dragonkin_guardian,234881029,0,0,0,212400,23350,0,1250,4650,0,0,14,2,67456,0,0,86400,43200,5017,0,0,0,0,212400
112,0,wc_u_elf_mage,234881030,0,1,124200,124200,39200,1000,0,0,0,0,26,4,166674,27769,0,0,0,6875,5000,0,0,0,0
112,1,wc_u_human_guardian,235929601,0,0,0,189000,17000,5000,0,4500,3000,0,8,2,57600,0,0,72000,72000,0,0,0,0,0,189000
112,1,wc_u_orc_guardian,235929602,0,0,0,201600,21750,0,0,3700,6000,0,14,2,82995,0,0,100800,53623,0,0,0,0,0,201600
112,1,wc_u_elf_rogue,235929603,0,0,0,142200,6600,0,1250,0,0,0,7,1,75480,0,0,0,0,0,0,1,0,0,142200
112,1,wc_u_elf_priest,235929604,1,0,0,126000,24250,0,1250,6000,7650,0,21,3,89895,0,0,0,0,5147,0,0,6,0,126000
112,1,wc_u_elf_ranger,235929605,0,0,0,120600,39200,900,1250,0,0,0,34,4,270520,0,0,0,0,2253,0,4,0,0,120600
112,1,wc_u_elf_mage,235929606,0,0,0,124200,31050,0,1250,0,0,0,25,2,166550,5400,0,0,0,156,2500,0,0,0,124200
113,0,wc_u_human_guardian,236978177,0,0,0,105000,4900,0,0,900,1350,0,3,1,7384,0,0,20000,20000,0,0,0,0,0,105000
113,0,wc_u_orc_guardian,236978178,0,0,0,112000,11100,0,0,2500,3000,0,7,1,20772,0,0,28000,14000,0,0,0,0,0,112000
113,0,wc_u_elf_rogue,236978179,0,0,0,79000,11800,0,0,0,0,3000,13,2,86149,0,0,0,0,270,0,2,0,0,79000
113,0,wc_u_elf_priest,236978180,1,0,0,70000,16700,0,0,3000,6000,0,15,2,37351,0,0,0,0,0,0,0,4,0,70000
113,0,wc_u_elf_ranger,236978181,0,0,0,67000,24650,900,0,0,0,0,22,3,99205,0,0,0,0,2143,0,3,0,0,67000
113,0,wc_u_elf_mage,236978182,0,0,0,69000,23450,1000,0,0,0,3000,18,2,63987,5357,0,0,0,1379,2500,0,0,0,69000
113,1,wc_u_dragonkin_guardian,238026753,0,0,0,118000,10850,0,1250,1350,0,0,7,1,16330,0,0,24000,24000,0,0,0,0,0,118000
113,1,wc_u_elf_rogue,238026754,0,0,0,79000,16850,800,1250,0,0,0,15,2,95433,0,0,0,0,0,0,2,0,0,79000
113,1,wc_u_elf_ranger,238026755,0,0,0,67000,10050,0,0,0,0,0,9,0,37693,0,0,0,0,0,0,0,0,0,67000
113,1,wc_u_dwarf_ranger,238026756,0,1,76000,76000,24650,3250,0,0,0,0,15,4,92901,43119,0,0,0,16604,0,0,0,0,0
113,1,wc_u_halfling_ranger,238026757,0,1,41544,59000,24650,2400,0,0,0,0,19,2,90192,0,0,0,0,1561,0,0,2,0,17456
113,1,wc_u_dragonkin_ranger,238026758,0,1,33251,72000,24650,3000,0,0,0,0,17,2,99334,26998,0,0,0,816,0,0,0,0,38749
114,0,wc_u_dragonkin_guardian,239075329,0,0,0,118000,10850,0,1250,1350,0,0,7,1,16330,0,0,24000,24000,0,0,0,0,0,118000
114,0,wc_u_elf_rogue,239075330,0,0,0,79000,16850,3200,1250,0,0,0,12,2,73828,0,0,0,0,0,0,2,0,0,79000
114,0,wc_u_elf_ranger,239075331,0,1,35728,67000,19900,0,0,0,0,0,17,2,98755,0,0,0,0,7966,0,2,0,0,31272
114,0,wc_u_dwarf_ranger,239075332,0,1,76000,76000,19900,1100,0,0,0,0,13,3,79540,37958,0,0,0,4112,0,0,0,0,0
114,0,wc_u_halfling_ranger,239075333,0,1,52636,59000,19900,800,0,0,0,0,17,2,76464,0,0,0,0,3784,0,0,2,0,6364
114,0,wc_u_dragonkin_ranger,239075334,0,1,72000,72000,19900,1000,0,0,0,0,14,3,80539,38586,0,0,0,0,0,0,0,0,0
114,1,wc_u_human_guardian,240123905,0,0,0,105000,4900,0,0,900,1350,0,3,1,7384,0,0,20000,20000,0,0,0,0,0,105000
114,1,wc_u_orc_guardian,240123906,0,0,0,112000,12700,350,0,3000,3000,600,7,1,20772,0,0,28000,9377,0,0,0,0,0,112000
114,1,wc_u_elf_rogue,240123907,0,0,0,79000,7400,800,0,0,0,3000,6,1,39450,0,0,0,0,0,0,1,0,0,79000
114,1,wc_u_elf_priest,240123908,1,0,0,70000,19900,1000,0,3000,6000,0,17,2,43715,0,0,0,0,0,0,0,4,0,70000
114,1,wc_u_elf_ranger,240123909,0,0,0,67000,16700,0,0,0,0,0,16,2,67063,0,0,0,0,2143,0,2,0,0,67000
114,1,wc_u_elf_mage,240123910,0,0,0,69000,18450,0,0,0,0,0,15,2,50895,5357,0,0,0,1379,2500,0,0,0,69000
115,0,wc_u_human_guardian,241172481,0,0,0,105000,8150,0,0,800,3000,0,6,1,11076,0,0,20000,20000,0,0,0,0,0,105000
115,0,wc_u_orc_guardian,241172482,0,0,0,112000,15700,0,0,3900,5500,3000,10,2,24234,0,0,56000,28000,0,0,0,0,0,112000
115,0,wc_u_elf_rogue,241172483,0,0,0,79000,3350,0,0,0,0,0,4,1,25996,0,0,0,0,0,0,1,0,0,79000
115,0,wc_u_elf_priest,241172484,1,0,0,70000,18400,1000,0,5550,6000,0,16,2,32642,0,0,0,0,2295,0,0,6,0,70000
115,0,wc_u_elf_ranger,241172485,0,0,0,67000,24850,1800,0,0,3000,3000,23,1,102977,0,0,0,0,2178,0,1,0,0,67000
115,0,wc_u_elf_mage,241172486,0,0,0,69000,21450,1000,0,0,0,0,16,2,53406,5357,0,0,0,0,2500,0,0,0,69000
115,1,wc_u_dragonkin_guardian,242221057,0,0,0,118000,16650,0,1250,4950,0,0,10,2,31663,0,0,48000,47724,0,0,0,0,0,118000
115,1,wc_u_elf_rogue,242221058,0,0,0,79000,5350,100,1250,0,0,0,4,1,20415,0,0,0,0,4669,0,1,0,0,79000
115,1,wc_u_elf_ranger,242221059,0,1,40454,67000,24850,2700,0,0,0,0,18,0,93943,0,0,0,0,0,0,0,0,0,26546
115,1,wc_u_dwarf_ranger,242221060,0,1,76000,76000,24850,1100,0,0,0,0,15,4,97459,54814,0,0,0,2227,0,0,0,0,0
115,1,wc_u_halfling_ranger,242221061,0,1,59000,59000,24850,800,0,0,0,0,21,2,96866,0,0,0,0,1881,0,0,2,0,0
115,1,wc_u_dragonkin_ranger,242221062,0,1,39858,72000,24850,1000,0,0,0,0,18,3,81732,25108,0,0,0,13616,0,0,0,0,32142
116,0,wc_u_dragonkin_guardian,243269633,0,0,0,118000,10150,0,1250,1350,0,0,6,1,19750,0,0,24000,24000,0,0,0,0,0,118000
116,0,wc_u_elf_rogue,243269634,0,0,0,79000,15900,3200,1250,0,0,0,12,2,71233,0,0,0,0,4669,0,2,0,0,79000
116,0,wc_u_elf_ranger,243269635,0,1,53546,67000,23600,2700,0,0,0,0,19,0,84975,0,0,0,0,11912,0,0,0,0,13454
116,0,wc_u_dwarf_ranger,243269636,0,1,76000,76000,23600,1100,0,0,0,0,14,3,81340,25887,0,0,0,21114,0,0,0,0,0
116,0,wc_u_halfling_ranger,243269637,0,1,59000,59000,23600,800,0,0,0,0,20,2,86766,0,0,0,0,0,0,0,2,0,0
116,0,wc_u_dragonkin_ranger,243269638,0,1,18499,72000,23600,1000,0,0,0,0,17,3,102229,29820,0,0,0,0,0,0,0,0,53501
116,1,wc_u_human_guardian,244318209,0,0,0,105000,16800,2000,0,4900,3000,3000,9,2,30724,0,0,40000,20000,0,0,0,0,0,105000
116,1,wc_u_orc_guardian,244318210,0,0,0,112000,7400,0,0,450,3000,0,5,1,13848,0,0,28000,14000,0,0,0,0,0,112000
116,1,wc_u_elf_rogue,244318211,0,0,0,79000,3350,0,0,0,0,0,4,1,25996,0,0,0,0,0,0,1,0,0,79000
116,1,wc_u_elf_priest,244318212,1,0,0,70000,17900,1000,0,3000,6000,0,16,2,37789,0,0,0,0,2062,0,0,5,0,70000
116,1,wc_u_elf_ranger,244318213,0,0,0,67000,23600,900,0,0,3000,3000,22,2,99640,0,0,0,0,2178,0,2,0,0,67000
116,1,wc_u_elf_mage,244318214,0,0,0,69000,21000,1000,0,0,0,0,15,2,50601,5357,0,0,0,0,2500,0,0,0,69000
117,0,wc_u_human_guardian,245366785,0,0,0,105000,4900,0,0,900,1350,0,3,1,7384,0,0,20000,20000,0,0,0,0,0,105000
117,0,wc_u_orc_guardian,245366786,0,0,0,112000,11100,0,0,2500,3000,0,7,1,20772,0,0,28000,14000,0,0,0,0,0,112000
117,0,wc_u_elf_rogue,245366787,0,0,0,79000,11800,0,0,0,0,3000,13,2,86149,0,0,0,0,270,0,2,0,0,79000
117,0,wc_u_elf_priest,245366788,1,0,0,70000,16700,0,0,3000,6000,0,15,2,37351,0,0,0,0,0,0,0,4,0,70000
117,0,wc_u_elf_ranger,245366789,0,0,0,67000,25150,900,0,0,0,0,22,3,99205,0,0,0,0,2143,0,3,0,0,67000
117,0,wc_u_elf_mage,245366790,0,0,0,69000,21900,1000,0,0,0,1600,17,2,59623,5357,0,0,0,1379,2500,0,0,0,69000
117,1,wc_u_dragonkin_guardian,246415361,0,0,0,118000,10850,0,1250,1350,0,0,7,1,16330,0,0,24000,24000,0,0,0,0,0,118000
117,1,wc_u_elf_rogue,246415362,0,0,0,79000,16850,800,1250,0,0,0,15,2,95433,0,0,0,0,0,0,2,0,0,79000
117,1,wc_u_elf_ranger,246415363,0,0,0,67000,10050,0,0,0,0,0,9,0,35967,0,0,0,0,1726,0,0,0,0,67000
117,1,wc_u_dwarf_ranger,246415364,0,1,62908,76000,25150,3300,0,0,0,0,15,4,92988,51804,0,0,0,7397,0,0,0,0,13092
117,1,wc_u_halfling_ranger,246415365,0,1,59000,59000,25150,2400,0,0,0,0,20,2,93221,0,0,0,0,4216,0,0,2,0,0
117,1,wc_u_dragonkin_ranger,246415366,0,1,33251,72000,25150,3000,0,0,0,0,16,2,91496,24761,0,0,0,0,0,0,0,0,38749
118,0,wc_u_dragonkin_guardian,247463937,0,0,0,118000,10850,0,1250,1350,0,0,7,1,16330,0,0,24000,24000,0,0,0,0,0,118000
118,0,wc_u_elf_rogue,247463938,0,0,0,79000,17200,2200,1250,0,0,0,14,2,88706,0,0,0,0,0,0,2,0,0,79000
118,0,wc_u_elf_ranger,247463939,0,0,0,67000,10050,0,0,0,0,0,9,0,35967,0,0,0,0,1726,0,0,0,0,67000
118,0,wc_u_dwarf_ranger,247463940,0,1,48725,76000,23750,1100,0,0,0,0,16,4,102812,52090,0,0,0,5907,0,0,0,0,27275
118,0,wc_u_halfling_ranger,247463941,0,1,59000,59000,23750,800,0,0,0,0,20,2,91645,0,0,0,0,5578,0,0,2,0,0
118,0,wc_u_dragonkin_ranger,247463942,0,1,43965,72000,23750,2000,0,0,0,0,16,2,87452,26998,0,0,0,5062,0,0,0,0,28035
118,1,wc_u_human_guardian,248512513,0,0,0,105000,4900,0,0,900,1350,0,3,1,7384,0,0,20000,20000,0,0,0,0,0,105000
118,1,wc_u_orc_guardian,248512514,0,0,0,112000,11100,0,0,2500,3000,0,7,1,20772,0,0,28000,14000,0,0,0,0,0,112000
118,1,wc_u_elf_rogue,248512515,0,0,0,79000,11800,0,0,0,0,3000,13,2,86149,0,0,0,0,270,0,2,0,0,79000
118,1,wc_u_elf_priest,248512516,1,0,0,70000,16700,0,0,3000,6000,0,15,2,37351,0,0,0,0,0,0,0,4,0,70000
118,1,wc_u_elf_ranger,248512517,0,0,0,67000,21100,0,0,0,0,600,21,2,91398,0,0,0,0,4321,0,2,0,0,67000
118,1,wc_u_elf_mage,248512518,0,0,0,69000,23650,1000,0,0,0,0,18,3,65444,10812,0,0,0,0,3750,0,0,0,69000
119,0,wc_u_human_guardian,249561089,0,0,0,105000,4900,0,0,900,1350,0,3,1,7384,0,0,20000,20000,0,0,0,0,0,105000
119,0,wc_u_orc_guardian,249561090,0,0,0,112000,11500,0,0,3000,3000,0,7,1,20772,0,0,28000,9377,0,0,0,0,0,112000
119,0,wc_u_elf_rogue,249561091,0,0,0,79000,7100,0,0,0,0,3000,8,1,52904,0,0,0,0,0,0,1,0,0,79000
119,0,wc_u_elf_priest,249561092,1,0,0,70000,15500,0,0,3000,5300,2600,13,2,31101,0,0,0,0,0,0,0,4,0,70000
119,0,wc_u_elf_ranger,249561093,0,0,0,67000,22000,0,0,0,0,0,21,2,93362,0,0,0,0,2357,0,2,0,0,67000
119,0,wc_u_elf_mage,249561094,0,0,0,69000,19900,0,0,0,0,0,16,2,56638,5357,0,0,0,0,2500,0,0,0,69000
119,1,wc_u_dragonkin_guardian,250609665,0,0,0,118000,10850,0,1250,1350,0,0,7,1,16330,0,0,24000,24000,0,0,0,0,0,118000
119,1,wc_u_elf_rogue,250609666,0,0,0,79000,17200,1600,1250,0,0,0,14,2,85658,0,0,0,0,0,0,2,0,0,79000
119,1,wc_u_elf_ranger,250609667,0,1,17910,67000,22000,2700,0,0,0,0,17,0,95491,0,0,0,0,2984,0,0,0,0,49090
119,1,wc_u_dwarf_ranger,250609668,0,1,76000,76000,22000,3300,0,0,0,0,12,3,73410,38798,0,0,0,4433,0,0,0,0,0
119,1,wc_u_halfling_ranger,250609669,0,1,59000,59000,22000,2400,0,0,0,0,16,2,71425,0,0,0,0,4751,0,0,2,0,0
119,1,wc_u_dragonkin_ranger,250609670,0,1,50572,72000,22000,3000,0,0,0,0,14,3,81090,39798,0,0,0,0,0,0,0,0,21428
120,0,wc_u_dragonkin_guardian,251658241,0,0,0,118000,9500,0,1250,1350,0,0,6,1,16000,0,0,24000,24000,0,0,0,0,0,118000
120,0,wc_u_elf_rogue,251658242,0,0,0,79000,15200,3200,1200,0,0,0,10,2,45930,0,0,0,0,4669,0,2,0,0,79000
120,0,wc_u_elf_ranger,251658243,0,1,53546,67000,24800,3500,0,0,0,0,18,1,90570,0,0,0,0,0,0,1,0,0,13454
120,0,wc_u_dwarf_ranger,251658244,0,1,50998,76000,24800,2200,0,0,0,0,14,4,81606,49651,0,0,0,3268,0,0,0,0,25002
120,0,wc_u_halfling_ranger,251658245,0,1,8996,59000,24800,800,0,0,0,0,20,2,87608,0,0,0,0,1169,0,0,2,0,50004
120,0,wc_u_dragonkin_ranger,251658246,0,1,72000,72000,24800,1000,0,0,0,0,18,3,103290,27345,0,0,0,5664,0,0,0,0,0
120,1,wc_u_human_guardian,252706817,0,0,0,105000,9950,0,0,1650,3000,0,7,1,22152,0,0,20000,20000,0,0,0,0,0,105000
120,1,wc_u_orc_guardian,252706818,0,0,0,112000,18500,5500,0,4850,6000,3000,8,2,22629,0,0,56000,33103,1957,0,0,0,0,112000
120,1,wc_u_elf_rogue,252706819,0,0,0,79000,3350,0,0,0,0,0,4,1,25996,0,0,0,0,0,0,1,0,0,79000
120,1,wc_u_elf_priest,252706820,1,0,0,70000,17200,1000,0,1050,6000,0,15,2,38119,0,0,0,0,0,0,0,5,0,70000
120,1,wc_u_elf_ranger,252706821,0,0,0,67000,24700,0,0,0,0,3000,23,2,109073,0,0,0,0,907,0,2,0,0,67000
120,1,wc_u_elf_mage,252706822,0,0,0,69000,23100,2000,0,3000,0,0,17,2,62134,5357,0,0,0,0,2500,0,0,0,69000
121,0,wc_u_human_guardian,253755393,0,0,0,189000,4900,0,0,900,1350,0,3,1,13292,0,0,36000,36000,0,0,0,0,0,189000
121,0,wc_u_orc_guardian,253755394,0,0,0,201600,11100,0,0,2500,3000,0,7,1,37386,0,0,50400,25200,0,0,0,0,0,201600
121,0,wc_u_elf_rogue,253755395,0,0,0,142200,11800,0,0,0,0,3000,13,2,155069,0,0,0,0,490,0,2,0,0,142200
121,0,wc_u_elf_priest,253755396,1,0,0,126000,16700,0,0,3000,6000,0,15,2,67230,0,0,0,0,0,0,0,4,0,126000
121,0,wc_u_elf_ranger,253755397,0,0,0,120600,24650,900,0,0,0,0,22,3,178568,0,0,0,0,3872,0,3,0,0,120600
121,0,wc_u_elf_mage,253755398,0,0,0,124200,23450,1000,0,0,0,3000,18,2,115183,9643,0,0,0,2479,2500,0,0,0,124200
121,1,wc_u_dragonkin_guardian,254803969,0,0,0,212400,10850,0,1250,1350,0,0,7,1,29397,0,0,43200,43200,0,0,0,0,0,212400
121,1,wc_u_elf_rogue,254803970,0,0,0,142200,16850,800,1250,0,0,0,15,2,171783,0,0,0,0,0,0,2,0,0,142200
121,1,wc_u_elf_ranger,254803971,0,0,0,120600,10200,0,0,0,0,0,9,0,67851,0,0,0,0,0,0,0,0,0,120600
121,1,wc_u_dwarf_ranger,254803972,0,1,136800,136800,24650,3250,0,0,0,0,15,4,167215,77611,0,0,0,29895,0,0,0,0,0
121,1,wc_u_halfling_ranger,254803973,0,1,74780,106200,24650,2400,0,0,0,0,19,2,162346,0,0,0,0,2815,0,0,2,0,31420
121,1,wc_u_dragonkin_ranger,254803974,0,1,59849,129600,24650,3000,0,0,0,0,17,2,178800,48597,0,0,0,1474,0,0,0,0,69751
122,0,wc_u_dragonkin_guardian,255852545,0,0,0,212400,10850,0,1250,1350,0,0,7,1,29397,0,0,43200,43200,0,0,0,0,0,212400
122,0,wc_u_elf_rogue,255852546,0,0,0,142200,16850,3200,1250,0,0,0,12,2,132894,0,0,0,0,0,0,2,0,0,142200
122,0,wc_u_elf_ranger,255852547,0,1,64309,120600,19900,0,0,0,0,0,17,2,177754,0,0,0,0,14348,0,2,0,0,56291
122,0,wc_u_dwarf_ranger,255852548,0,1,136800,136800,19900,1100,0,0,0,0,13,3,143170,68322,0,0,0,7405,0,0,0,0,0
122,0,wc_u_halfling_ranger,255852549,0,1,94746,106200,19900,800,0,0,0,0,17,2,137636,0,0,0,0,6814,0,0,2,0,11454
122,0,wc_u_dragonkin_ranger,255852550,0,1,129600,129600,19900,1000,0,0,0,0,14,3,144972,69455,0,0,0,0,0,0,0,0,0
122,1,wc_u_human_guardian,256901121,0,0,0,189000,4900,0,0,900,1350,0,3,1,13292,0,0,36000,36000,0,0,0,0,0,189000
122,1,wc_u_orc_guardian,256901122,0,0,0,201600,12700,500,0,3000,3000,600,7,1,37386,0,0,50400,16879,0,0,0,0,0,201600
122,1,wc_u_elf_rogue,256901123,0,0,0,142200,7400,650,0,0,0,3000,6,1,71012,0,0,0,0,0,0,1,0,0,142200
122,1,wc_u_elf_priest,256901124,1,0,0,126000,19900,1000,0,3000,6000,0,17,2,78684,0,0,0,0,0,0,0,4,0,126000
122,1,wc_u_elf_ranger,256901125,0,0,0,120600,16700,0,0,0,0,0,16,2,120710,0,0,0,0,3872,0,2,0,0,120600
122,1,wc_u_elf_mage,256901126,0,0,0,124200,18450,0,0,0,0,0,15,2,91618,9643,0,0,0,2479,2500,0,0,0,124200
123,0,wc_u_human_guardian,257949697,0,0,0,189000,8150,0,0,800,3000,0,6,1,19938,0,0,36000,36000,0,0,0,0,0,189000
123,0,wc_u_orc_guardian,257949698,0,0,0,201600,15700,0,0,3950,5500,3000,10,2,43617,0,0,100800,50400,0,0,0,0,0,201600
123,0,wc_u_elf_rogue,257949699,0,0,0,142200,3350,0,0,0,0,0,4,1,46794,0,0,0,0,0,0,1,0,0,142200
123,0,wc_u_elf_priest,257949700,1,0,0,126000,18400,1000,0,5600,6000,0,16,2,58741,0,0,0,0,4144,0,0,6,0,126000
123,0,wc_u_elf_ranger,257949701,0,0,0,120600,24850,1800,0,0,3000,3000,23,1,185374,0,0,0,0,3918,0,1,0,0,120600
123,0,wc_u_elf_mage,257949702,0,0,0,124200,21450,1000,0,0,0,0,16,2,96134,9643,0,0,0,0,2500,0,0,0,124200
123,1,wc_u_dragonkin_guardian,258998273,0,0,0,212400,16650,0,1250,4950,0,0,10,2,56998,0,0,86400,85904,0,0,0,0,0,212400
123,1,wc_u_elf_rogue,258998274,0,0,0,142200,5350,100,1250,0,0,0,4,1,36747,0,0,0,0,8405,0,1,0,0,142200
123,1,wc_u_elf_ranger,258998275,0,1,72817,120600,24950,2700,0,0,0,0,18,0,169103,0,0,0,0,0,0,0,0,0,47783
123,1,wc_u_dwarf_ranger,258998276,0,1,136800,136800,24950,1100,0,0,0,0,15,4,175425,98661,0,0,0,4010,0,0,0,0,0
123,1,wc_u_halfling_ranger,258998277,0,1,106200,106200,24950,800,0,0,0,0,21,2,174353,0,0,0,0,3396,0,0,2,0,0
123,1,wc_u_dragonkin_ranger,258998278,0,1,71742,129600,24950,1000,0,0,0,0,18,3,147119,45194,0,0,0,24511,0,0,0,0,57858
124,0,wc_u_dragonkin_guardian,260046849,0,0,0,212400,10150,0,1250,1350,0,0,6,1,35555,0,0,43200,43200,0,0,0,0,0,212400
124,0,wc_u_elf_rogue,260046850,0,0,0,142200,15900,3200,1250,0,0,0,12,2,128221,0,0,0,0,8405,0,2,0,0,142200
124,0,wc_u_elf_ranger,260046851,0,1,96382,120600,23600,2700,0,0,0,0,19,0,153707,0,0,0,0,21439,0,0,0,0,24218
124,0,wc_u_dwarf_ranger,260046852,0,1,136800,136800,23600,1100,0,0,0,0,14,3,138013,46593,0,0,0,38019,0,0,0,0,0
124,0,wc_u_halfling_ranger,260046853,0,1,106200,106200,23600,800,0,0,0,0,20,2,163824,0,0,0,0,0,0,0,2,0,0
124,0,wc_u_dragonkin_ranger,260046854,0,1,33301,129600,23600,1000,0,0,0,0,17,3,184010,53677,0,0,0,0,0,0,0,0,96299
124,1,wc_u_human_guardian,261095425,0,0,0,189000,16800,2000,0,4400,3000,3000,9,2,55304,0,0,72000,36000,0,0,0,0,0,189000
124,1,wc_u_orc_guardian,261095426,0,0,0,201600,7400,0,0,450,3000,0,5,1,24924,0,0,50400,25200,0,0,0,0,0,201600
124,1,wc_u_elf_rogue,261095427,0,0,0,142200,3350,0,0,0,0,0,4,1,46794,0,0,0,0,0,0,1,0,0,142200
124,1,wc_u_elf_priest,261095428,1,0,0,126000,17900,1000,0,3000,6000,0,16,2,68003,0,0,0,0,3727,0,0,5,0,126000
124,1,wc_u_elf_ranger,261095429,0,0,0,120600,23600,900,0,0,3000,3000,22,2,179367,0,0,0,0,3918,0,2,0,0,120600
124,1,wc_u_elf_mage,261095430,0,0,0,124200,21000,1000,0,0,0,0,15,2,91082,9643,0,0,0,0,2500,0,0,0,124200
125,0,wc_u_human_guardian,262144001,0,0,0,189000,4900,0,0,900,1350,0,3,1,13292,0,0,36000,36000,0,0,0,0,0,189000
125,0,wc_u_orc_guardian,262144002,0,0,0,201600,11100,0,0,2500,3000,0,7,1,37386,0,0,50400,25200,0,0,0,0,0,201600
125,0,wc_u_elf_rogue,262144003,0,0,0,142200,11800,0,0,0,0,3000,13,2,155069,0,0,0,0,490,0,2,0,0,142200
125,0,wc_u_elf_priest,262144004,1,0,0,126000,16700,0,0,3000,6000,0,15,2,67230,0,0,0,0,0,0,0,4,0,126000
125,0,wc_u_elf_ranger,262144005,0,0,0,120600,25150,900,0,0,0,0,22,3,178568,0,0,0,0,3872,0,3,0,0,120600
125,0,wc_u_elf_mage,262144006,0,0,0,124200,21900,1000,0,0,0,1600,17,2,107328,9643,0,0,0,2479,2500,0,0,0,124200
125,1,wc_u_dragonkin_guardian,263192577,0,0,0,212400,10850,0,1250,1350,0,0,7,1,29397,0,0,43200,43200,0,0,0,0,0,212400
125,1,wc_u_elf_rogue,263192578,0,0,0,142200,16850,800,1250,0,0,0,15,2,171783,0,0,0,0,0,0,2,0,0,142200
125,1,wc_u_elf_ranger,263192579,0,0,0,120600,10200,0,0,0,0,0,9,0,64740,0,0,0,0,3111,0,0,0,0,120600
125,1,wc_u_dwarf_ranger,263192580,0,1,113235,136800,25150,3300,0,0,0,0,15,4,167374,93246,0,0,0,13318,0,0,0,0,23565
125,1,wc_u_halfling_ranger,263192581,0,1,106200,106200,25150,2400,0,0,0,0,20,2,167796,0,0,0,0,7596,0,0,2,0,0
125,1,wc_u_dragonkin_ranger,263192582,0,1,59849,129600,25150,3000,0,0,0,0,16,2,164695,44569,0,0,0,0,0,0,0,0,69751
126,0,wc_u_dragonkin_guardian,264241153,0,0,0,212400,10850,0,1250,1350,0,0,7,1,29397,0,0,43200,43200,0,0,0,0,0,212400
126,0,wc_u_elf_rogue,264241154,0,0,0,142200,17200,2200,1250,0,0,0,14,2,159674,0,0,0,0,0,0,2,0,0,142200
126,0,wc_u_elf_ranger,264241155,0,0,0,120600,10200,0,0,0,0,0,9,0,64740,0,0,0,0,3111,0,0,0,0,120600
126,0,wc_u_dwarf_ranger,264241156,0,1,87707,136800,23750,1100,0,0,0,0,16,4,185059,93761,0,0,0,10634,0,0,0,0,49093
126,0,wc_u_halfling_ranger,264241157,0,1,106200,106200,23750,800,0,0,0,0,20,2,164956,0,0,0,0,10050,0,0,2,0,0
126,0,wc_u_dragonkin_ranger,264241158,0,1,79135,129600,23750,2000,0,0,0,0,16,2,157416,48597,0,0,0,9112,0,0,0,0,50465
126,1,wc_u_human_guardian,265289729,0,0,0,189000,4900,0,0,900,1350,0,3,1,13292,0,0,36000,36000,0,0,0,0,0,189000
126,1,wc_u_orc_guardian,265289730,0,0,0,201600,11100,0,0,2500,3000,0,7,1,37386,0,0,50400,25200,0,0,0,0,0,201600
126,1,wc_u_elf_rogue,265289731,0,0,0,142200,11800,0,0,0,0,3000,13,2,155069,0,0,0,0,490,0,2,0,0,142200
126,1,wc_u_elf_priest,265289732,1,0,0,126000,16700,0,0,3000,6000,0,15,2,67230,0,0,0,0,0,0,0,4,0,126000
126,1,wc_u_elf_ranger,265289733,0,0,0,120600,21100,0,0,0,0,600,21,2,164517,0,0,0,0,7790,0,2,0,0,120600
126,1,wc_u_elf_mage,265289734,0,0,0,124200,23650,1000,0,0,0,0,18,3,117803,19461,0,0,0,0,3750,0,0,0,124200
127,0,wc_u_human_guardian,266338305,0,0,0,189000,4900,0,0,900,1350,0,3,1,13292,0,0,36000,36000,0,0,0,0,0,189000
127,0,wc_u_orc_guardian,266338306,0,0,0,201600,11500,0,0,3000,3000,0,7,1,37386,0,0,50400,16879,0,0,0,0,0,201600
127,0,wc_u_elf_rogue,266338307,0,0,0,142200,7100,0,0,0,0,3000,8,1,95230,0,0,0,0,0,0,1,0,0,142200
127,0,wc_u_elf_priest,266338308,1,0,0,126000,15500,0,0,3000,5300,2600,13,2,55980,0,0,0,0,0,0,0,4,0,126000
127,0,wc_u_elf_ranger,266338309,0,0,0,120600,22000,0,0,0,0,0,21,2,168053,0,0,0,0,4254,0,2,0,0,120600
127,0,wc_u_elf_mage,266338310,0,0,0,124200,19900,0,0,0,0,0,16,2,101952,9643,0,0,0,0,2500,0,0,0,124200
127,1,wc_u_dragonkin_guardian,267386881,0,0,0,212400,10850,0,1250,1350,0,0,7,1,29397,0,0,43200,43200,0,0,0,0,0,212400
127,1,wc_u_elf_rogue,267386882,0,0,0,142200,17200,1600,1250,0,0,0,14,2,154189,0,0,0,0,0,0,2,0,0,142200
127,1,wc_u_elf_ranger,267386883,0,1,32236,120600,22000,2700,0,0,0,0,17,0,171880,0,0,0,0,5380,0,0,0,0,88364
127,1,wc_u_dwarf_ranger,267386884,0,1,136800,136800,22000,3300,0,0,0,0,12,3,132130,69836,0,0,0,7988,0,0,0,0,0
127,1,wc_u_halfling_ranger,267386885,0,1,106200,106200,22000,2400,0,0,0,0,16,2,128566,0,0,0,0,8555,0,0,2,0,0
127,1,wc_u_dragonkin_ranger,267386886,0,1,91028,129600,22000,3000,0,0,0,0,14,3,145965,71637,0,0,0,0,0,0,0,0,38572
128,0,wc_u_dragonkin_guardian,268435457,0,0,0,212400,9350,0,1250,1350,0,0,6,1,28800,0,0,43200,43200,0,0,0,0,0,212400
128,0,wc_u_elf_rogue,268435458,0,0,0,142200,14850,3200,850,0,0,0,10,2,82677,0,0,0,0,8405,0,2,0,0,142200
128,0,wc_u_elf_ranger,268435459,0,1,96382,120600,24700,3400,0,0,0,0,18,1,163032,0,0,0,0,0,0,1,0,0,24218
128,0,wc_u_dwarf_ranger,268435460,0,1,83943,136800,24700,2200,0,0,0,0,14,4,146889,89368,0,0,0,5885,0,0,0,0,52857
128,0,wc_u_halfling_ranger,268435461,0,1,26200,106200,24700,800,0,0,0,0,20,2,157687,0,0,0,0,2116,0,0,2,0,80000
128,0,wc_u_dragonkin_ranger,268435462,0,1,129600,129600,24700,1000,0,0,0,0,18,3,185925,49222,0,0,0,10193,0,0,0,0,0
128,1,wc_u_human_guardian,269484033,0,0,0,189000,9950,50,0,1650,3000,0,7,1,39876,0,0,36000,36000,0,0,0,0,0,189000
128,1,wc_u_orc_guardian,269484034,0,0,0,201600,18500,5650,0,5000,6000,3000,8,2,40714,0,0,100800,59586,3536,0,0,0,0,201600
128,1,wc_u_elf_rogue,269484035,0,0,0,142200,3350,0,0,0,0,0,4,1,46794,0,0,0,0,0,0,1,0,0,142200
128,1,wc_u_elf_priest,269484036,1,0,0,126000,17200,1000,0,1050,6000,0,15,2,66983,0,0,0,0,1629,0,0,5,0,126000
128,1,wc_u_elf_ranger,269484037,0,0,0,120600,24700,0,0,0,0,3000,22,2,187966,0,0,0,0,0,0,2,0,0,120600
128,1,wc_u_elf_mage,269484038,0,0,0,124200,23100,1000,0,3000,0,0,18,2,119699,9643,0,0,0,0,2500,0,0,0,124200
129,0,wc_u_human_guardian,270532609,0,0,0,105000,15650,0,2650,5350,5450,0,9,2,24883,0,0,40000,34417,0,0,0,0,0,105000
129,0,wc_u_orc_guardian,270532610,0,0,0,112000,33900,0,1900,9000,9000,0,21,3,53291,0,0,98000,63309,2478,0,0,0,0,112000
129,0,wc_u_elf_rogue,270532611,0,0,0,79000,27750,1600,1000,0,3000,9000,28,3,181003,0,0,0,0,2838,0,3,0,0,79000
129,0,wc_u_elf_priest,270532612,1,0,0,70000,29900,0,1250,7950,9000,600,25,3,61152,0,0,0,0,0,0,0,9,0,70000
129,0,wc_u_elf_ranger,270532613,0,0,0,67000,18600,0,0,0,0,0,18,1,62993,0,0,0,0,2298,0,1,0,0,67000
129,0,wc_u_elf_mage,270532614,0,0,0,69000,10250,0,0,0,0,0,7,1,29056,0,0,0,0,0,1250,0,0,0,69000
129,1,wc_u_dwarf_guardian,271581185,0,0,0,110000,8850,0,1250,1150,0,0,6,1,11732,0,0,0,0,0,3000,0,0,0,110000
129,1,wc_u_orc_guardian,271581186,0,0,0,112000,33150,0,0,6250,0,0,20,3,40603,0,0,70000,42000,0,0,0,0,0,112000
129,1,wc_u_halfling_rogue,271581187,0,0,0,66000,10000,0,0,0,0,0,12,1,36000,0,0,0,0,0,1000,0,0,0,66000
129,1,wc_u_elf_rogue,271581188,0,1,16290,79000,33900,800,0,3000,0,0,40,4,245618,0,0,0,0,9165,0,4,0,0,62710
129,1,wc_u_elf_mage,271581189,0,1,7332,69000,33900,0,0,0,0,0,25,3,77345,10017,0,0,0,441,3750,0,0,0,61668
129,1,wc_u_halfling_ranger,271581190,0,1,59000,59000,33900,0,0,0,0,0,31,4,80685,0,0,0,0,4970,0,0,4,0,0
130,0,wc_u_dwarf_guardian,272629761,0,0,0,110000,8850,0,1250,1150,0,0,6,1,11732,0,0,0,0,0,3000,0,0,0,110000
130,0,wc_u_orc_guardian,272629762,0,1,64604,112000,35050,1150,0,11100,0,0,20,4,43591,0,0,112000,45502,182,0,0,0,0,47396
130,0,wc_u_halfling_rogue,272629763,0,1,6537,66000,35050,4900,0,5100,0,0,34,5,111822,0,0,0,0,3997,5000,0,0,0,59463
130,0,wc_u_elf_rogue,272629764,0,0,0,79000,16200,0,0,1250,0,0,20,2,128631,0,0,0,0,6372,0,2,0,0,79000
130,0,wc_u_elf_mage,272629765,0,1,3072,69000,35050,0,0,0,0,0,25,3,89090,10574,0,0,0,2566,3750,0,0,0,65928
130,0,wc_u_halfling_ranger,272629766,0,1,29831,59000,35050,0,0,0,0,0,32,4,106560,0,0,0,0,2182,0,0,4,0,29169
130,1,wc_u_human_guardian,273678337,0,0,0,105000,15650,0,2650,5350,5450,0,9,2,25967,0,0,40000,34417,0,0,0,0,0,105000
130,1,wc_u_orc_guardian,273678338,0,0,0,112000,28500,4600,4900,7650,3000,0,13,3,47498,0,0,70000,47103,0,0,0,0,0,112000
130,1,wc_u_elf_rogue,273678339,0,0,0,79000,27600,4800,2250,0,0,9000,23,3,148401,0,0,0,0,0,0,3,0,0,79000
130,1,wc_u_elf_priest,273678340,1,0,0,70000,35050,0,1000,3000,11150,3000,31,4,69986,0,0,0,0,0,0,0,7,0,70000
130,1,wc_u_elf_ranger,273678341,0,0,0,67000,18700,0,0,0,0,0,18,2,65762,0,0,0,0,6828,0,2,0,0,67000
130,1,wc_u_elf_mage,273678342,0,0,0,69000,10250,0,0,0,0,0,8,1,33342,0,0,0,0,0,1250,0,0,0,69000
131,0,wc_u_human_guardian,274726913,0,0,0,105000,23300,0,3250,7050,7000,0,14,3,41752,0,0,60000,51866,0,0,0,0,0,105000
131,0,wc_u_orc_guardian,274726914,0,1,69106,112000,40000,2300,3900,12000,12000,2100,22,4,71088,0,0,112000,42068,0,0,0,0,0,42894
131,0,wc_u_elf_rogue,274726915,0,0,0,79000,8700,0,2100,0,0,3000,8,1,53164,0,0,0,0,0,0,1,0,0,79000
131,0,wc_u_elf_priest,274726916,1,0,0,70000,34900,1000,1250,7450,12000,9000,27,4,80615,0,0,0,0,0,0,0,11,0,70000
131,0,wc_u_elf_ranger,274726917,0,0,0,67000,36500,1800,0,0,0,0,34,2,140637,0,0,0,0,9482,0,2,0,0,67000
131,0,wc_u_elf_mage,274726918,0,0,0,69000,10250,0,0,0,0,0,9,1,32858,1089,0,0,0,4268,0,0,0,0,69000
131,1,wc_u_dwarf_guardian,275775489,0,0,0,110000,32200,0,0,3000,0,0,20,3,38533,0,0,0,0,0,6000,0,0,0,110000
131,1,wc_u_orc_guardian,275775490,0,0,0,112000,12850,0,0,1700,0,0,8,1,15000,0,0,28000,14000,0,0,0,0,0,112000
131,1,wc_u_halfling_rogue,275775491,0,0,0,66000,4100,0,0,0,0,0,5,1,20000,0,0,0,0,0,1000,0,0,0,66000
131,1,wc_u_elf_rogue,275775492,0,0,0,79000,22200,800,0,0,0,0,25,3,147258,0,0,0,0,6372,0,3,0,0,79000
131,1,wc_u_elf_mage,275775493,0,1,41592,69000,40000,0,0,0,0,0,29,4,92340,7359,0,0,0,5578,3750,0,0,0,27408
131,1,wc_u_halfling_ranger,275775494,0,1,32205,59000,40000,0,0,0,0,0,35,5,112404,0,0,0,0,3122,0,0,5,0,26795
132,0,wc_u_dwarf_guardian,276824065,0,0,0,110000,19850,0,0,4600,0,0,12,2,27306,0,0,0,0,0,5000,0,0,0,110000
132,0,wc_u_orc_guardian,276824066,0,1,112000,112000,33850,0,0,9500,0,0,20,4,46030,0,0,126000,42000,0,0,0,0,0,0
132,0,wc_u_halfling_rogue,276824067,0,0,0,66000,4100,0,0,0,0,0,5,1,20000,0,0,0,0,0,1000,0,0,0,66000
132,0,wc_u_elf_rogue,276824068,0,1,28221,79000,33850,0,0,4950,0,0,41,4,203475,0,0,0,0,8283,0,4,0,0,50779
132,0,wc_u_elf_mage,276824069,0,1,41592,69000,33850,0,0,0,0,0,26,2,87891,10157,0,0,0,7623,2500,0,0,0,27408
132,0,wc_u_halfling_ranger,276824070,0,1,3440,59000,33850,0,0,0,0,0,29,4,107141,0,0,0,0,0,0,0,4,0,55560
132,1,wc_u_human_guardian,277872641,0,0,0,105000,33850,0,2000,13800,9000,3000,21,4,59446,0,0,80000,37799,0,0,0,0,0,105000
132,1,wc_u_orc_guardian,277872642,0,0,0,112000,20650,0,2900,4800,6000,0,12,2,29152,0,0,70000,40274,2108,0,0,0,0,112000
132,1,wc_u_elf_rogue,277872643,0,0,0,79000,8700,0,2100,0,0,3000,8,1,53164,0,0,0,0,0,0,1,0,0,79000
132,1,wc_u_elf_priest,277872644,1,0,0,70000,26350,0,550,5100,9000,3000,23,3,55684,0,0,0,0,0,0,0,8,0,70000
132,1,wc_u_elf_ranger,277872645,0,0,0,67000,14600,0,0,0,0,2500,14,1,76988,0,0,0,0,0,0,1,0,0,67000
132,1,wc_u_elf_mage,277872646,0,0,0,69000,10250,0,0,0,0,0,9,1,34224,1089,0,0,0,4268,0,0,0,0,69000
133,0,wc_u_human_guardian,278921217,0,1,22750,105000,30100,2600,4500,12650,3000,0,14,4,38442,0,0,80000,47388,0,0,0,0,0,82250
133,0,wc_u_orc_guardian,278921218,0,1,44000,112000,30100,2300,4900,9000,3000,0,16,3,39729,0,0,84000,65565,1338,0,0,0,0,68000
133,0,wc_u_elf_rogue,278921219,0,1,66458,79000,30100,800,2000,0,0,6000,31,4,195558,0,0,0,0,2738,0,4,0,0,12542
133,0,wc_u_elf_priest,278921220,1,0,0,70000,11100,0,1250,1300,3000,0,9,1,28410,0,0,0,0,0,0,0,3,0,70000
133,0,wc_u_elf_ranger,278921221,0,1,67000,67000,30100,1800,0,0,0,0,27,1,101808,0,0,0,0,4994,0,1,0,0,0
133,0,wc_u_elf_mage,278921222,0,1,41592,69000,30100,1000,0,0,0,0,23,3,85696,5357,0,0,0,994,3750,0,0,0,27408
133,1,wc_u_dwarf_guardian,279969793,0,0,0,110000,14850,0,850,4400,0,0,8,2,14665,0,0,0,0,0,6000,0,0,0,110000
133,1,wc_u_orc_guardian,279969794,0,0,0,112000,24450,0,550,6750,0,0,14,3,27000,0,0,70000,48338,0,0,0,0,0,112000
133,1,wc_u_halfling_rogue,279969795,0,0,0,66000,20150,0,0,0,0,0,23,3,68000,0,0,0,0,0,3000,0,0,0,66000
133,1,wc_u_elf_rogue,279969796,0,0,0,79000,5850,0,1250,0,0,0,6,1,39950,0,0,0,0,0,0,1,0,0,79000
133,1,wc_u_elf_mage,279969797,0,0,0,69000,30000,0,0,0,0,0,22,3,50674,4800,0,0,0,0,3750,0,0,0,69000
133,1,wc_u_halfling_ranger,279969798,0,0,0,59000,19000,0,0,0,0,0,18,2,55111,0,0,0,0,525,0,0,2,0,59000
134,0,wc_u_dwarf_guardian,281018369,0,0,0,110000,14850,0,850,4400,0,0,8,2,14665,0,0,0,0,0,5000,0,0,0,110000
134,0,wc_u_orc_guardian,281018370,0,0,0,112000,27300,0,1250,7050,0,0,16,3,30000,0,0,70000,44200,0,0,0,0,0,112000
134,0,wc_u_halfling_rogue,281018371,0,0,0,66000,28100,0,0,0,0,0,33,4,94000,0,0,0,0,0,4000,0,0,0,66000
134,0,wc_u_elf_rogue,281018372,0,0,0,79000,5850,0,1250,0,0,0,6,1,39950,0,0,0,0,0,0,1,0,0,79000
134,0,wc_u_elf_mage,281018373,0,0,0,69000,27200,0,0,0,0,0,19,3,47315,4800,0,0,0,0,3750,0,0,0,69000
134,0,wc_u_halfling_ranger,281018374,0,0,0,59000,17200,0,0,0,0,0,16,2,47762,0,0,0,0,525,0,0,2,0,59000
134,1,wc_u_human_guardian,282066945,0,1,30458,105000,28100,0,4500,11400,3000,0,14,3,37648,0,0,60000,43214,0,0,0,0,0,74542
134,1,wc_u_orc_guardian,282066946,0,1,18000,112000,28100,0,5900,7900,3000,0,15,3,35836,0,0,84000,78391,0,0,0,0,0,94000
134,1,wc_u_elf_rogue,282066947,0,1,66458,79000,28100,0,1000,0,0,6000,31,3,177343,0,0,0,0,8864,0,3,0,0,12542
134,1,wc_u_elf_priest,282066948,1,0,0,70000,11100,0,1250,1300,3000,0,9,1,28410,0,0,0,0,0,0,0,3,0,70000
134,1,wc_u_elf_ranger,282066949,0,1,67000,67000,28100,0,0,0,0,0,27,2,122506,0,0,0,0,5334,0,2,0,0,0
134,1,wc_u_elf_mage,282066950,0,1,41592,69000,28100,0,0,0,0,0,23,3,87900,5357,0,0,0,0,3750,0,0,0,27408
135,0,wc_u_human_guardian,283115521,0,1,18426,105000,28500,0,4500,11050,3000,0,16,3,44423,0,0,60000,43214,0,0,0,0,0,86574
135,0,wc_u_orc_guardian,283115522,0,1,92000,112000,28500,0,2900,9000,3000,0,16,3,45076,0,0,84000,42000,2099,0,0,0,0,20000
135,0,wc_u_elf_rogue,283115523,0,1,66458,79000,28500,0,2000,0,0,6000,31,3,179174,0,0,0,0,9040,0,3,0,0,12542
135,0,wc_u_elf_priest,283115524,1,0,0,70000,11100,0,1250,1300,3000,0,9,1,27075,0,0,0,0,1107,0,0,3,0,70000
135,0,wc_u_elf_ranger,283115525,0,1,67000,67000,28500,0,0,0,0,0,28,1,116234,0,0,0,0,0,0,1,0,0,0
135,0,wc_u_elf_mage,283115526,0,1,480,69000,28500,0,0,0,0,0,22,3,81929,1089,0,0,0,8531,2500,0,0,0,68520
135,1,wc_u_dwarf_guardian,284164097,0,0,0,110000,16850,0,1250,3700,0,0,9,2,14665,0,0,0,0,0,6000,0,0,0,110000
135,1,wc_u_orc_guardian,284164098,0,0,0,112000,28500,0,1250,7050,0,0,16,3,28391,0,0,70000,42000,0,0,0,0,0,112000
135,1,wc_u_halfling_rogue,284164099,0,0,0,66000,4100,0,0,0,0,0,5,1,20000,0,0,0,0,0,1000,0,0,0,66000
135,1,wc_u_elf_rogue,284164100,0,0,0,79000,10150,0,0,0,0,0,12,1,81062,0,0,0,0,0,0,1,0,0,79000
135,1,wc_u_elf_mage,284164101,0,0,0,69000,28150,0,0,0,0,0,20,3,52813,4800,0,0,0,0,3750,0,0,0,69000
135,1,wc_u_halfling_ranger,284164102,0,0,0,59000,19000,0,0,0,0,0,18,2,55905,0,0,0,0,525,0,0,2,0,59000
136,0,wc_u_dwarf_guardian,285212673,0,0,0,110000,13150,0,0,3000,0,0,8,1,14665,0,0,0,0,0,3000,0,0,0,110000
136,0,wc_u_orc_guardian,285212674,0,0,0,112000,30800,0,1250,7650,0,0,18,3,24000,0,0,56000,33027,0,0,0,0,0,112000
136,0,wc_u_halfling_rogue,285212675,0,0,0,66000,16650,0,1250,0,0,0,18,2,52000,0,0,0,0,0,2000,0,0,0,66000
136,0,wc_u_elf_rogue,285212676,0,0,0,79000,5800,0,1250,0,0,0,6,1,39950,0,0,0,0,0,0,1,0,0,79000
136,0,wc_u_elf_mage,285212677,0,0,0,69000,27050,0,0,0,0,0,20,3,71119,5357,0,0,0,2125,3750,0,0,0,69000
136,0,wc_u_halfling_ranger,285212678,0,0,0,59000,36500,0,1250,0,0,0,32,4,92857,0,0,0,0,4365,0,0,4,0,59000
136,1,wc_u_human_guardian,286261249,0,1,33460,105000,36500,2000,2250,18500,6000,0,22,4,50564,0,0,80000,43774,1696,0,0,0,0,71540
136,1,wc_u_orc_guardian,286261250,0,1,60000,112000,36500,4600,2900,10700,6000,0,18,4,50048,0,0,126000,60534,3133,0,0,0,0,52000
136,1,wc_u_elf_rogue,286261251,0,0,0,79000,8700,0,2100,0,0,3000,8,1,52184,0,0,0,0,0,0,1,0,0,79000
136,1,wc_u_elf_priest,286261252,1,0,0,70000,21300,0,1250,4900,6000,0,17,2,52635,0,0,0,0,0,0,0,6,0,70000
136,1,wc_u_elf_ranger,286261253,0,1,67000,67000,36500,0,0,0,0,9000,33,2,161716,0,0,0,0,3228,0,2,0,0,0
136,1,wc_u_elf_mage,286261254,0,1,41592,69000,36500,1000,0,0,0,0,28,4,111684,16169,0,0,0,1958,5000,0,0,0,27408
137,0,wc_u_human_guardian,287309825,0,0,0,189000,17100,0,3350,6800,6000,0,10,2,51706,0,0,72000,61951,0,0,0,0,0,189000
137,0,wc_u_orc_guardian,287309826,0,1,120042,201600,32350,3450,1900,9000,9000,0,17,3,94964,0,0,226800,112130,0,0,0,0,0,81558
137,0,wc_u_elf_rogue,287309827,0,1,43232,142200,32350,1600,1000,5300,0,12000,33,4,377002,0,0,0,0,15577,0,4,0,0,98968
137,0,wc_u_elf_priest,287309828,1,0,0,126000,27600,550,1250,6000,9000,0,21,3,103839,0,0,0,0,0,0,0,8,0,126000
137,0,wc_u_elf_ranger,287309829,0,1,40092,120600,32350,1800,0,0,0,0,30,2,211191,0,0,0,0,10921,0,2,0,0,80508
137,0,wc_u_elf_mage,287309830,0,0,0,124200,10250,0,0,0,0,0,7,1,52298,0,0,0,0,0,1250,0,0,0,124200
137,1,wc_u_dwarf_guardian,288358401,0,0,0,198000,8850,0,1250,1150,0,0,6,1,21120,0,0,0,0,0,3000,0,0,0,198000
137,1,wc_u_orc_guardian,288358402,0,0,0,201600,22850,0,0,4400,0,0,14,2,50484,0,0,75600,50400,260,0,0,0,0,201600
137,1,wc_u_halfling_rogue,288358403,0,0,0,118800,10100,0,0,0,0,0,12,1,64800,0,0,0,0,0,1000,0,0,0,118800
137,1,wc_u_elf_rogue,288358404,0,0,0,142200,25200,2400,0,0,0,0,26,3,271604,0,0,0,0,11463,0,3,0,0,142200
137,1,wc_u_elf_mage,288358405,0,0,0,124200,28000,0,0,0,0,0,21,3,112288,18031,0,0,0,3186,3750,0,0,0,124200
137,1,wc_u_halfling_ranger,288358406,0,0,0,106200,32350,0,0,0,0,0,30,4,161907,0,0,0,0,0,0,0,4,0,106200
138,0,wc_u_dwarf_guardian,289406977,0,0,0,198000,8850,0,1250,1150,0,0,6,1,21120,0,0,0,0,0,3000,0,0,0,198000
138,0,wc_u_orc_guardian,289406978,0,1,111042,201600,36600,1150,0,12000,0,0,21,4,86158,0,0,201600,81900,0,0,0,0,0,90558
138,0,wc_u_halfling_rogue,289406979,0,1,11763,118800,36600,4200,0,6000,0,0,37,5,223199,0,0,0,0,13103,5000,0,0,0,107037
138,0,wc_u_elf_rogue,289406980,0,0,0,142200,16050,0,0,1400,0,0,19,2,219430,0,0,0,0,11463,0,2,0,0,142200
138,0,wc_u_elf_mage,289406981,0,0,0,124200,28100,0,0,0,0,0,21,3,136679,19034,0,0,0,787,3750,0,0,0,124200
138,0,wc_u_halfling_ranger,289406982,0,1,41367,106200,36600,0,0,0,0,0,33,4,197980,0,0,0,0,7691,0,0,4,0,64833
138,1,wc_u_human_guardian,290455553,0,0,0,189000,15650,0,2650,5400,5450,0,9,2,49836,0,0,72000,61951,0,0,0,0,0,189000
138,1,wc_u_orc_guardian,290455554,0,0,0,201600,28500,4600,4900,7650,3000,0,13,3,85494,0,0,126000,84786,0,0,0,0,0,201600
138,1,wc_u_elf_rogue,290455555,0,0,0,142200,29300,4800,2250,0,3000,9000,25,4,275994,0,0,0,0,14750,0,4,0,0,142200
138,1,wc_u_elf_priest,290455556,1,0,0,126000,36600,0,1000,3000,12000,0,32,4,128114,0,0,0,0,0,0,0,8,0,126000
138,1,wc_u_elf_ranger,290455557,0,0,0,120600,19700,0,0,0,0,0,18,2,127378,0,0,0,0,4131,0,2,0,0,120600
138,1,wc_u_elf_mage,290455558,0,0,0,124200,10250,0,0,0,0,0,8,1,60012,0,0,0,0,0,1250,0,0,0,124200
139,0,wc_u_human_guardian,291504129,0,0,0,189000,23300,0,3250,7800,6900,0,15,3,80731,0,0,108000,93360,0,0,0,0,0,189000
139,0,wc_u_orc_guardian,291504130,0,1,122648,201600,40000,2300,3900,12000,12000,2100,22,4,126661,0,0,201600,68524,1305,0,0,0,0,78952
139,0,wc_u_elf_rogue,291504131,0,0,0,142200,8700,0,2100,0,0,3000,8,1,95694,0,0,0,0,0,0,1,0,0,142200
139,0,wc_u_elf_priest,291504132,1,0,0,126000,34900,1000,1250,7450,12000,9000,28,4,150825,0,0,0,0,0,0,0,11,0,126000
139,0,wc_u_elf_ranger,291504133,0,0,0,120600,36500,1800,0,0,0,0,34,2,258872,0,0,0,0,14373,0,2,0,0,120600
139,0,wc_u_elf_mage,291504134,0,0,0,124200,10250,0,0,0,0,0,9,1,59142,1961,0,0,0,7682,0,0,0,0,124200
139,1,wc_u_dwarf_guardian,292552705,0,0,0,198000,31350,0,0,3000,0,0,19,3,63906,0,0,0,0,0,6000,0,0,0,198000
139,1,wc_u_orc_guardian,292552706,0,0,0,201600,12850,0,0,1700,0,0,8,1,27000,0,0,50400,25200,0,0,0,0,0,201600
139,1,wc_u_halfling_rogue,292552707,0,0,0,118800,4100,0,0,0,0,0,5,1,36000,0,0,0,0,0,1000,0,0,0,118800
139,1,wc_u_elf_rogue,292552708,0,0,0,142200,22200,800,0,0,0,0,25,3,270950,0,0,0,0,11463,0,3,0,0,142200
139,1,wc_u_elf_mage,292552709,0,1,74868,124200,40000,0,0,0,0,0,29,4,173410,13244,0,0,0,10034,3750,0,0,0,49332
139,1,wc_u_halfling_ranger,292552710,0,1,42246,106200,40000,0,0,0,0,0,35,5,196442,0,0,0,0,5608,0,0,5,0,63954
140,0,wc_u_dwarf_guardian,293601281,0,0,0,198000,19800,0,0,4300,0,0,12,2,49158,0,0,0,0,0,5000,0,0,0,198000
140,0,wc_u_orc_guardian,293601282,0,1,201600,201600,33850,0,0,9500,0,0,20,4,82860,0,0,226800,75600,0,0,0,0,0,0
140,0,wc_u_halfling_rogue,293601283,0,0,0,118800,4100,0,0,0,0,0,5,1,36000,0,0,0,0,0,1000,0,0,0,118800
140,0,wc_u_elf_rogue,293601284,0,1,50801,142200,33850,0,0,5050,0,0,41,4,358204,0,0,0,0,14900,0,4,0,0,91399
140,0,wc_u_elf_mage,293601285,0,1,74868,124200,33850,0,0,0,0,0,26,2,165699,18283,0,0,0,13732,2500,0,0,0,49332
140,0,wc_u_halfling_ranger,293601286,0,1,6200,106200,33850,0,0,0,0,0,29,4,193396,0,0,0,0,0,0,0,4,0,100000
140,1,wc_u_human_guardian,294649857,0,0,0,189000,33850,0,2000,13450,9000,3000,22,4,106994,0,0,144000,68040,0,0,0,0,0,189000
140,1,wc_u_orc_guardian,294649858,0,0,0,201600,20650,0,2900,4800,6000,0,12,2,55270,0,0,126000,72496,3630,0,0,0,0,201600
140,1,wc_u_elf_rogue,294649859,0,0,0,142200,8700,0,2100,0,0,3000,8,1,95694,0,0,0,0,0,0,1,0,0,142200
140,1,wc_u_elf_priest,294649860,1,0,0,126000,26350,0,550,5100,9000,3000,22,3,97441,0,0,0,0,0,0,0,8,0,126000
140,1,wc_u_elf_ranger,294649861,0,0,0,120600,14600,0,0,0,0,2500,14,1,138572,0,0,0,0,0,0,1,0,0,120600
140,1,wc_u_elf_mage,294649862,0,0,0,124200,10250,0,0,0,0,0,9,1,61599,1961,0,0,0,7682,0,0,0,0,124200
141,0,wc_u_human_guardian,295698433,0,1,53865,189000,30100,2600,4500,13500,3000,0,16,4,69198,0,0,144000,98212,0,0,0,0,0,135135
141,0,wc_u_orc_guardian,295698434,0,1,72000,201600,30100,2300,4900,9000,3000,0,16,3,77109,0,0,151200,118017,2403,0,0,0,0,129600
141,0,wc_u_elf_rogue,295698435,0,1,119624,142200,30100,800,2000,0,0,6000,31,4,345985,0,0,0,0,4927,0,4,0,0,22576
141,0,wc_u_elf_priest,295698436,1,0,0,126000,11100,0,1250,1300,3000,0,9,1,51135,0,0,0,0,0,0,0,3,0,126000
141,0,wc_u_elf_ranger,295698437,0,1,120600,120600,30100,1800,0,0,0,0,26,1,180816,0,0,0,0,6007,0,1,0,0,0
141,0,wc_u_elf_mage,295698438,0,1,74868,124200,30100,1000,0,0,0,0,23,3,156680,10077,0,0,0,4373,3750,0,0,0,49332
141,1,wc_u_dwarf_guardian,296747009,0,0,0,198000,14550,0,550,4100,0,0,8,2,26400,0,0,0,0,0,6000,0,0,0,198000
141,1,wc_u_orc_guardian,296747010,0,0,0,201600,24450,0,550,5900,0,0,14,3,43200,0,0,126000,91974,0,0,0,0,0,201600
141,1,wc_u_halfling_rogue,296747011,0,0,0,118800,20200,0,0,0,0,0,24,3,129600,0,0,0,0,0,3000,0,0,0,118800
141,1,wc_u_elf_rogue,296747012,0,0,0,142200,5850,0,1250,0,0,0,6,1,71908,0,0,0,0,0,0,1,0,0,142200
141,1,wc_u_elf_mage,296747013,0,0,0,124200,30000,0,0,0,0,0,22,3,83697,8640,0,0,0,0,3750,0,0,0,124200
141,1,wc_u_halfling_ranger,296747014,0,0,0,106200,19050,0,0,0,0,0,18,2,99198,0,0,0,0,934,0,0,2,0,106200
142,0,wc_u_dwarf_guardian,297795585,0,0,0,198000,14550,0,550,4100,0,0,8,2,26400,0,0,0,0,0,5000,0,0,0,198000
142,0,wc_u_orc_guardian,297795586,0,0,0,201600,27350,0,1250,6950,0,0,16,3,48600,0,0,126000,85519,0,0,0,0,0,201600
142,0,wc_u_halfling_rogue,297795587,0,0,0,118800,28350,0,0,0,0,0,33,4,169200,0,0,0,0,0,4000,0,0,0,118800
142,0,wc_u_elf_rogue,297795588,0,0,0,142200,5850,0,1250,0,0,0,6,1,71908,0,0,0,0,0,0,1,0,0,142200
142,0,wc_u_elf_mage,297795589,0,0,0,124200,26200,0,0,0,0,0,19,3,85163,8640,0,0,0,0,3750,0,0,0,124200
142,0,wc_u_halfling_ranger,297795590,0,0,0,106200,17200,0,0,0,0,0,16,2,85972,0,0,0,0,934,0,0,2,0,106200
142,1,wc_u_human_guardian,298844161,0,1,60225,189000,28350,0,4500,11750,3000,0,17,3,70254,0,0,108000,83186,4903,0,0,0,0,128775
142,1,wc_u_orc_guardian,298844162,0,1,32400,201600,28350,0,5900,8150,3000,0,15,3,64512,0,0,151200,141104,0,0,0,0,0,169200
142,1,wc_u_elf_rogue,298844163,0,1,119624,142200,28350,0,1000,0,0,6000,31,3,329052,0,0,0,0,7844,0,3,0,0,22576
142,1,wc_u_elf_priest,298844164,1,0,0,126000,11100,0,1250,1300,3000,0,9,1,51135,0,0,0,0,0,0,0,3,0,126000
142,1,wc_u_elf_ranger,298844165,0,1,120600,120600,28350,0,0,0,0,0,25,3,204757,0,0,0,0,8937,0,3,0,0,0
142,1,wc_u_elf_mage,298844166,0,1,74868,124200,28350,0,0,0,0,0,23,3,161647,9643,0,0,0,1582,3750,0,0,0,49332
143,0,wc_u_human_guardian,299892737,0,1,38568,189000,28500,0,4500,11150,3000,0,17,3,79961,0,0,108000,83186,0,0,0,0,0,150432
143,0,wc_u_orc_guardian,299892738,0,1,165600,201600,28500,0,2900,9000,3000,0,16,3,81138,0,0,151200,75600,3784,0,0,0,0,36000
143,0,wc_u_elf_rogue,299892739,0,1,119624,142200,28500,0,2000,0,0,6000,31,3,322520,0,0,0,0,16260,0,3,0,0,22576
143,0,wc_u_elf_priest,299892740,1,0,0,126000,11100,0,1250,1300,3000,0,9,1,48738,0,0,0,0,1989,0,0,3,0,126000
143,0,wc_u_elf_ranger,299892741,0,1,120600,120600,28500,0,0,0,0,0,28,1,204383,0,0,0,0,5395,0,1,0,0,0
143,0,wc_u_elf_mage,299892742,0,1,870,124200,28500,0,0,0,0,0,21,3,152299,1961,0,0,0,7682,2500,0,0,0,123330
143,1,wc_u_dwarf_guardian,300941313,0,0,0,198000,16850,0,1250,3450,0,0,9,2,26400,0,0,0,0,0,6000,0,0,0,198000
143,1,wc_u_orc_guardian,300941314,0,0,0,201600,28500,0,1250,7050,0,0,16,3,45704,0,0,126000,75600,0,0,0,0,0,201600
143,1,wc_u_halfling_rogue,300941315,0,0,0,118800,4100,0,0,0,0,0,5,1,36000,0,0,0,0,0,1000,0,0,0,118800
143,1,wc_u_elf_rogue,300941316,0,0,0,142200,10150,0,0,0,0,0,12,1,145906,0,0,0,0,0,0,1,0,0,142200
143,1,wc_u_elf_mage,300941317,0,0,0,124200,28200,0,0,0,0,0,20,3,95060,8640,0,0,0,0,3750,0,0,0,124200
143,1,wc_u_halfling_ranger,300941318,0,0,0,106200,19050,0,0,0,0,0,18,2,100628,0,0,0,0,934,0,0,2,0,106200
144,0,wc_u_dwarf_guardian,301989889,0,0,0,198000,13150,0,0,3000,0,0,8,1,26400,0,0,0,0,0,3000,0,0,0,198000
144,0,wc_u_orc_guardian,301989890,0,0,0,201600,30800,0,1250,7600,0,0,18,3,43200,0,0,100800,59451,0,0,0,0,0,201600
144,0,wc_u_halfling_rogue,301989891,0,0,0,118800,16600,0,1250,0,0,0,18,2,93600,0,0,0,0,0,2000,0,0,0,118800
144,0,wc_u_elf_rogue,301989892,0,0,0,142200,5800,0,1250,0,0,0,6,1,71908,0,0,0,0,0,0,1,0,0,142200
144,0,wc_u_elf_mage,301989893,0,0,0,124200,27350,0,0,0,0,0,20,3,128016,9643,0,0,0,3817,3750,0,0,0,124200
144,0,wc_u_halfling_ranger,301989894,0,0,0,106200,36450,0,1250,0,0,0,32,4,167135,0,0,0,0,7846,0,0,4,0,106200
144,1,wc_u_human_guardian,303038465,0,1,60230,189000,36450,2000,2250,18550,6000,0,22,4,94053,0,0,144000,78793,3063,0,0,0,0,128770
144,1,wc_u_orc_guardian,303038466,0,1,108000,201600,36450,4600,2900,10700,6000,0,19,4,93873,0,0,226800,108960,6320,0,0,0,0,93600
144,1,wc_u_elf_rogue,303038467,0,0,0,142200,8700,0,2100,0,0,3000,8,1,93934,0,0,0,0,0,0,1,0,0,142200
144,1,wc_u_elf_priest,303038468,1,0,0,126000,21300,0,1250,4900,6000,0,17,2,94737,0,0,0,0,0,0,0,6,0,126000
144,1,wc_u_elf_ranger,303038469,0,1,120600,120600,36450,0,0,0,0,9000,33,2,291085,0,0,0,0,5800,0,2,0,0,0
144,1,wc_u_elf_mage,303038470,0,1,74868,124200,36450,1000,0,0,0,0,27,4,194214,29104,0,0,0,2479,5000,0,0,0,49332
145,0,wc_u_human_guardian,304087041,0,0,0,105000,9500,0,1250,1700,0,0,6,1,18460,0,0,20000,20000,0,0,0,0,0,105000
145,0,wc_u_dwarf_guardian,304087042,0,0,0,110000,27400,0,0,0,0,0,16,3,52530,0,0,0,0,0,6000,0,0,0,110000
145,0,wc_u_elf_rogue,304087043,0,0,0,79000,18900,0,0,0,0,0,24,2,120192,0,0,0,0,4400,0,2,0,0,79000
145,0,wc_u_orc_rogue,304087044,0,0,0,82000,31850,800,0,0,0,0,37,2,193181,0,0,0,0,10009,0,2,0,0,82000
145,0,wc_u_halfling_rogue,304087045,0,0,0,66000,3150,0,0,0,0,0,4,1,19332,0,0,0,0,0,1000,0,0,0,66000
145,0,wc_u_dragonkin_rogue,304087046,1,0,0,73000,21350,3200,1250,0,0,0,19,3,92331,27334,0,0,0,1588,0,0,0,0,73000
145,1,wc_u_human_warrior,305135617,0,0,0,98000,4400,0,850,0,0,0,3,0,24417,0,0,0,0,0,0,0,0,0,98000
145,1,wc_u_dwarf_warrior,305135618,0,1,32640,100000,31850,0,3000,0,0,0,22,4,129969,95756,0,0,0,19926,0,0,0,0,67360
145,1,wc_u_orc_warrior,305135619,0,0,0,95000,26600,0,1000,0,9000,0,22,3,139559,0,0,0,0,2852,0,0,3,0,95000
145,1,wc_u_halfling_warrior,305135620,0,0,0,76000,17000,2550,1000,4450,0,0,11,2,55031,0,0,30000,15000,609,0,0,0,0,76000
145,1,wc_u_dragonkin_guardian,305135621,0,0,0,118000,10250,0,1000,2400,0,0,6,1,16000,0,0,24000,24000,0,0,0,0,0,118000
145,1,wc_u_elf_mage,305135622,0,0,0,69000,21800,2000,0,0,0,0,12,2,49268,5000,0,0,0,0,2500,0,0,0,69000
146,0,wc_u_human_warrior,306184193,0,0,0,98000,7500,0,1000,0,0,0,5,1,40695,15652,0,0,0,0,0,0,0,0,98000
146,0,wc_u_dwarf_warrior,306184194,0,0,0,100000,23400,0,2000,0,0,0,14,3,81227,87448,0,0,0,9346,0,0,0,0,100000
146,0,wc_u_orc_warrior,306184195,0,0,0,95000,36550,3800,1000,0,12000,0,28,4,167422,0,0,0,0,634,0,0,4,0,95000
146,0,wc_u_halfling_warrior,306184196,0,0,0,76000,12250,1750,1000,2050,0,0,8,1,46071,0,0,15000,15000,4073,0,0,0,0,76000
146,0,wc_u_dragonkin_guardian,306184197,0,0,0,118000,10250,0,1000,2150,0,0,6,1,16868,0,0,24000,24000,0,0,0,0,0,118000
146,0,wc_u_elf_mage,306184198,0,0,0,69000,16650,0,0,0,0,0,11,2,45902,1769,0,0,0,3588,1250,0,0,0,69000
146,1,wc_u_human_guardian,307232769,0,0,0,105000,8100,0,1250,1700,0,0,5,1,14768,0,0,20000,20000,0,0,0,0,0,105000
146,1,wc_u_dwarf_guardian,307232770,0,0,0,110000,27050,0,0,0,0,0,15,3,46976,0,0,0,0,0,5000,0,0,0,110000
146,1,wc_u_elf_rogue,307232771,0,0,0,79000,14850,0,0,0,0,0,19,2,95367,0,0,0,0,2664,0,2,0,0,79000
146,1,wc_u_orc_rogue,307232772,0,1,11946,82000,36550,800,0,0,0,0,44,3,232403,0,0,0,0,12295,0,3,0,0,70054
146,1,wc_u_halfling_rogue,307232773,0,0,0,66000,9200,0,0,0,0,0,13,1,62829,0,0,0,0,0,1000,0,0,0,66000
146,1,wc_u_dragonkin_rogue,307232774,1,0,0,73000,21350,6400,0,0,0,0,19,2,83657,20000,0,0,0,0,0,0,0,0,73000
147,0,wc_u_human_guardian,308281345,0,0,0,105000,15400,0,550,3700,0,0,10,2,40000,0,0,40000,40000,0,0,0,0,0,105000
147,0,wc_u_dwarf_guardian,308281346,0,0,0,110000,23300,0,0,0,0,0,14,2,34972,0,0,0,0,2545,5000,0,0,0,110000
147,0,wc_u_elf_rogue,308281347,0,0,0,79000,10600,0,0,0,0,0,13,2,80250,0,0,0,0,0,0,2,0,0,79000
147,0,wc_u_orc_rogue,308281348,0,0,0,82000,27150,0,1250,0,0,0,32,2,144501,0,0,0,0,4875,0,2,0,0,82000
147,0,wc_u_halfling_rogue,308281349,0,0,0,66000,4250,0,0,0,0,0,5,1,24165,0,0,0,0,0,1000,0,0,0,66000
147,0,wc_u_dragonkin_rogue,308281350,1,0,0,73000,5250,0,550,0,0,0,6,1,20000,10000,0,0,0,0,0,0,0,0,73000
147,1,wc_u_human_warrior,309329921,0,0,0,98000,7500,0,1000,0,0,0,4,1,32349,15652,0,0,0,0,0,0,0,0,98000
147,1,wc_u_dwarf_warrior,309329922,0,1,100000,100000,27150,1000,2000,0,0,0,18,3,121703,38960,0,0,0,4418,0,0,0,0,0
147,1,wc_u_orc_warrior,309329923,0,0,0,95000,22600,1900,1000,0,6700,0,16,3,83015,0,0,0,0,0,0,0,3,0,95000
147,1,wc_u_halfling_warrior,309329924,0,1,53668,76000,27150,2550,0,8150,0,0,21,4,91589,0,0,60000,0,11729,0,0,0,0,22332
147,1,wc_u_dragonkin_guardian,309329925,0,0,0,118000,20300,0,2000,5400,0,0,12,2,43648,0,0,48000,40770,0,0,0,0,0,118000
147,1,wc_u_elf_mage,309329926,0,1,48444,69000,27150,0,0,0,0,0,18,3,72412,15672,0,0,0,1093,3750,0,0,0,20556
148,0,wc_u_human_warrior,310378497,0,0,0,98000,9900,0,1000,0,0,0,7,1,52730,15652,0,0,0,43,0,0,0,0,98000
148,0,wc_u_dwarf_warrior,310378498,0,1,100000,100000,25750,0,2000,0,0,0,18,3,101541,51761,0,0,0,6703,0,0,0,0,0
148,0,wc_u_orc_warrior,310378499,0,1,11254,95000,25750,4750,1000,0,9000,0,16,3,103373,0,0,0,0,6965,0,0,3,0,83746
148,0,wc_u_halfling_warrior,310378500,0,1,68000,76000,25750,5100,0,7500,0,0,17,3,64689,0,0,45000,8000,4600,0,0,0,0,8000
148,0,wc_u_dragonkin_guardian,310378501,0,0,0,118000,17450,0,2000,3750,0,0,10,2,35278,0,0,48000,48000,0,0,0,0,0,118000
148,0,wc_u_elf_mage,310378502,0,1,69000,69000,25750,0,0,0,0,0,18,3,73947,16029,0,0,0,571,3750,0,0,0,0
148,1,wc_u_human_guardian,311427073,0,0,0,105000,25750,0,750,7500,0,0,15,3,36075,0,0,60000,49333,0,0,0,0,0,105000
148,1,wc_u_dwarf_guardian,311427074,0,0,0,110000,17550,0,1250,0,0,0,10,2,27080,0,0,0,0,0,5000,0,0,0,110000
148,1,wc_u_elf_rogue,311427075,0,0,0,79000,6800,0,1250,0,0,0,7,1,41934,0,0,0,0,0,0,1,0,0,79000
148,1,wc_u_orc_rogue,311427076,0,0,0,82000,22150,0,0,0,0,0,27,1,122391,0,0,0,0,6128,0,1,0,0,82000
148,1,wc_u_halfling_rogue,311427077,0,0,0,66000,8300,800,0,0,0,0,9,1,43497,0,0,0,0,0,1000,0,0,0,66000
148,1,wc_u_dragonkin_rogue,311427078,1,0,0,73000,6800,0,0,0,0,0,8,1,26769,10000,0,0,0,0,0,0,0,0,73000
149,0,wc_u_human_guardian,312475649,0,0,0,105000,10600,0,0,2250,0,0,7,1,26880,0,0,20000,20000,0,0,0,0,0,105000
149,0,wc_u_dwarf_guardian,312475650,0,1,78993,110000,27650,1150,0,0,0,0,15,3,49880,0,0,0,0,0,5000,0,0,0,31007
149,0,wc_u_elf_rogue,312475651,0,0,0,79000,24500,0,0,0,0,0,30,3,176897,0,0,0,0,8080,0,3,0,0,79000
149,0,wc_u_orc_rogue,312475652,0,0,0,82000,14800,0,1250,0,0,0,17,1,78239,0,0,0,0,0,0,1,0,0,82000
149,0,wc_u_halfling_rogue,312475653,0,0,0,66000,11000,0,0,0,0,0,14,2,63666,0,0,0,0,3996,2000,0,0,0,66000
149,0,wc_u_dragonkin_rogue,312475654,1,1,44826,73000,27650,3200,0,0,0,0,29,4,125527,34911,0,0,0,11908,0,0,0,0,28174
149,1,wc_u_human_warrior,313524225,0,0,0,98000,4400,0,850,0,0,0,3,0,24417,0,0,0,0,0,0,0,0,0,98000
149,1,wc_u_dwarf_warrior,313524226,0,0,0,100000,12250,0,1000,0,0,0,9,1,52415,33396,0,0,0,1992,0,0,0,0,100000
149,1,wc_u_orc_warrior,313524227,0,0,0,95000,27650,0,1000,0,9000,0,23,3,129052,0,0,0,0,7447,0,0,3,0,95000
149,1,wc_u_halfling_warrior,313524228,0,0,0,76000,10400,0,1550,0,0,0,8,0,50144,0,0,0,0,0,0,0,0,0,76000
149,1,wc_u_dragonkin_guardian,313524229,0,0,0,118000,17150,0,2000,4900,0,0,10,2,28662,0,0,48000,34000,4034,0,0,0,0,118000
149,1,wc_u_elf_mage,313524230,0,0,0,69000,23050,0,0,0,0,0,16,1,67640,5455,0,0,0,0,1250,0,0,0,69000
150,0,wc_u_human_warrior,314572801,0,0,0,98000,4400,0,850,0,0,0,3,0,24417,0,0,0,0,0,0,0,0,0,98000
150,0,wc_u_dwarf_warrior,314572802,0,0,0,100000,18900,0,2000,0,0,0,13,2,75899,54292,0,0,0,1992,0,0,0,0,100000
150,0,wc_u_orc_warrior,314572803,0,0,0,95000,24600,0,1000,0,7900,0,20,3,110142,0,0,0,0,10621,0,0,3,0,95000
150,0,wc_u_halfling_warrior,314572804,0,0,0,76000,10400,0,1550,0,0,0,8,0,50144,0,0,0,0,0,0,0,0,0,76000
150,0,wc_u_dragonkin_guardian,314572805,0,0,0,118000,15650,0,2000,4500,0,0,9,2,28522,0,0,48000,44769,0,0,0,0,0,118000
150,0,wc_u_elf_mage,314572806,0,0,0,69000,9650,0,0,0,0,0,7,1,30548,5455,0,0,0,0,1250,0,0,0,69000
150,1,wc_u_human_guardian,315621377,0,0,0,105000,10600,0,0,2250,0,0,7,1,18460,0,0,20000,20000,0,0,0,0,0,105000
150,1,wc_u_dwarf_guardian,315621378,0,1,62581,110000,24600,1150,0,0,0,0,14,3,41859,0,0,0,0,0,6000,0,0,0,47419
150,1,wc_u_elf_rogue,315621379,0,0,0,79000,20400,0,0,0,0,0,26,2,153252,0,0,0,0,8180,0,2,0,0,79000
150,1,wc_u_orc_rogue,315621380,0,0,0,82000,24500,800,1250,0,0,0,27,2,133684,0,0,0,0,4000,0,2,0,0,82000
150,1,wc_u_halfling_rogue,315621381,0,0,0,66000,11000,0,0,0,0,0,14,2,63666,0,0,0,0,3996,2000,0,0,0,66000
150,1,wc_u_dragonkin_rogue,315621382,1,1,73000,73000,24600,2400,0,0,0,0,27,3,115079,30000,0,0,0,3516,0,0,0,0,0
151,0,wc_u_human_guardian,316669953,0,0,0,105000,12450,0,0,1950,0,0,8,1,31384,0,0,20000,20000,0,0,0,0,0,105000
151,0,wc_u_dwarf_guardian,316669954,0,1,91936,110000,24100,0,0,0,0,0,15,3,43965,0,0,0,0,1120,6000,0,0,0,18064
151,0,wc_u_elf_rogue,316669955,0,0,0,79000,16150,0,0,0,0,0,21,2,110134,0,0,0,0,8180,0,2,0,0,79000
151,0,wc_u_orc_rogue,316669956,0,0,0,82000,18900,0,1250,0,0,0,21,2,99066,0,0,0,0,0,0,2,0,0,82000
151,0,wc_u_halfling_rogue,316669957,0,0,0,66000,23150,0,0,0,0,0,31,3,142186,0,0,0,0,4163,3000,0,0,0,66000
151,0,wc_u_dragonkin_rogue,316669958,1,1,36410,73000,24100,2400,0,0,0,0,26,3,108682,20583,0,0,0,4513,0,0,0,0,36590
151,1,wc_u_human_warrior,317718529,0,0,0,98000,4400,0,850,0,0,0,3,0,24417,0,0,0,0,0,0,0,0,0,98000
151,1,wc_u_dwarf_warrior,317718530,0,0,0,100000,24100,0,4550,0,0,0,15,2,95438,67102,0,0,0,7915,0,0,0,0,100000
151,1,wc_u_orc_warrior,317718531,0,0,0,95000,9200,0,1000,0,3000,0,7,1,31362,0,0,0,0,0,0,0,1,0,95000
151,1,wc_u_halfling_warrior,317718532,0,0,0,76000,23850,2550,0,6050,0,0,18,3,100610,0,0,45000,30000,7402,0,0,0,0,76000
151,1,wc_u_dragonkin_guardian,317718533,0,0,0,118000,16400,0,2000,4500,0,0,10,2,31722,0,0,48000,37385,0,0,0,0,0,118000
151,1,wc_u_elf_mage,317718534,0,0,0,69000,9650,0,0,0,0,0,7,1,30548,5455,0,0,0,0,1250,0,0,0,69000
152,0,wc_u_human_warrior,318767105,0,0,0,98000,4400,0,850,0,0,0,3,0,24417,0,0,0,0,0,0,0,0,0,98000
152,0,wc_u_dwarf_warrior,318767106,0,1,100000,100000,36600,7000,2000,0,0,0,20,4,104427,42428,0,0,0,5301,0,0,0,0,0
152,0,wc_u_orc_warrior,318767107,0,1,5996,95000,36600,1900,2000,0,12000,0,27,4,150429,0,0,0,0,0,0,0,4,0,89004
152,0,wc_u_halfling_warrior,318767108,0,0,0,76000,18350,4250,2000,0,0,0,11,0,57509,0,0,0,0,9826,0,0,0,0,76000
152,0,wc_u_dragonkin_guardian,318767109,0,0,0,118000,16350,0,2000,4600,0,0,10,2,41740,0,0,48000,47693,0,0,0,0,0,118000
152,0,wc_u_elf_mage,318767110,0,0,0,69000,28850,0,1000,0,0,0,19,3,78238,15812,0,0,0,1740,3750,0,0,0,69000
152,1,wc_u_human_guardian,319815681,0,0,0,105000,24500,8000,0,5800,0,0,10,3,40000,0,0,60000,40000,0,0,0,0,0,105000
152,1,wc_u_dwarf_guardian,319815682,0,0,0,110000,36600,2300,0,0,0,0,21,4,64242,0,0,0,0,3580,8000,0,0,0,110000
152,1,wc_u_elf_rogue,319815683,0,0,0,79000,7100,0,1250,0,0,0,8,1,43948,0,0,0,0,4400,0,1,0,0,79000
152,1,wc_u_orc_rogue,319815684,0,0,0,82000,17850,0,1250,0,0,0,20,1,83818,0,0,0,0,5004,0,1,0,0,82000
152,1,wc_u_halfling_rogue,319815685,0,0,0,66000,12600,2400,0,0,0,0,12,2,57996,0,0,0,0,0,2000,0,0,0,66000
152,1,wc_u_dragonkin_rogue,319815686,1,0,0,73000,28950,3200,1250,0,0,0,28,4,125171,34829,0,0,0,5171,0,0,0,0,73000
153,0,wc_u_human_guardian,320864257,0,0,0,189000,9450,0,1250,1700,0,0,6,1,33230,0,0,36000,36000,0,0,0,0,0,189000
153,0,wc_u_dwarf_guardian,320864258,0,1,10938,198000,31750,2300,0,0,0,0,17,3,101680,0,0,0,0,0,6000,0,0,0,187062
153,0,wc_u_elf_rogue,320864259,0,0,0,142200,20500,0,0,0,0,0,26,3,240038,0,0,0,0,8889,0,3,0,0,142200
153,0,wc_u_orc_rogue,320864260,0,1,38659,147600,31750,800,0,0,0,0,36,3,338992,0,0,0,0,13349,0,3,0,0,108941
153,0,wc_u_halfling_rogue,320864261,0,0,0,118800,3150,0,0,0,0,0,4,1,34800,0,0,0,0,0,1000,0,0,0,118800
153,0,wc_u_dragonkin_rogue,320864262,1,0,0,131400,24100,3200,1250,0,0,0,23,3,202860,49200,0,0,0,2850,0,0,0,0,131400
153,1,wc_u_human_warrior,321912833,0,0,0,176400,4400,0,850,0,0,0,3,0,43950,0,0,0,0,0,0,0,0,0,176400
153,1,wc_u_dwarf_warrior,321912834,0,0,0,180000,25000,0,3000,0,0,0,17,3,193235,163160,0,0,0,0,0,0,0,0,180000
153,1,wc_u_orc_warrior,321912835,0,0,0,171000,31750,3800,1000,0,10100,0,23,4,254602,0,0,0,0,14757,0,0,4,0,171000
153,1,wc_u_halfling_warrior,321912836,0,0,0,136800,17000,2550,1000,4450,0,0,11,2,99059,0,0,54000,27000,1091,0,0,0,0,136800
153,1,wc_u_dragonkin_guardian,321912837,0,0,0,212400,10250,0,1000,2400,0,0,6,1,25717,0,0,43200,43200,3083,0,0,0,0,212400
153,1,wc_u_elf_mage,321912838,0,0,0,124200,20100,2000,0,0,0,0,12,2,88680,9000,0,0,0,0,2500,0,0,0,124200
154,0,wc_u_human_warrior,322961409,0,0,0,176400,7500,0,1000,0,0,0,5,1,73250,28174,0,0,0,0,0,0,0,0,176400
154,0,wc_u_dwarf_warrior,322961410,0,0,0,180000,22600,0,2000,0,0,0,14,3,141880,163747,0,0,0,18123,0,0,0,0,180000
154,0,wc_u_orc_warrior,322961411,0,0,0,171000,29400,5700,1000,0,9000,0,19,3,185617,0,0,0,0,0,0,0,3,0,171000
154,0,wc_u_halfling_warrior,322961412,0,0,0,136800,12250,1750,1000,2050,0,0,8,1,82929,0,0,27000,27000,7327,0,0,0,0,136800
154,0,wc_u_dragonkin_guardian,322961413,0,0,0,212400,10250,0,1000,2150,0,0,6,1,30362,0,0,43200,43200,0,0,0,0,0,212400
154,0,wc_u_elf_mage,322961414,0,0,0,124200,16650,0,0,0,0,0,10,2,75420,9643,0,0,0,0,2500,0,0,0,124200
154,1,wc_u_human_guardian,324009985,0,0,0,189000,8100,0,1250,1700,0,0,5,1,26584,0,0,36000,36000,0,0,0,0,0,189000
154,1,wc_u_dwarf_guardian,324009986,0,1,9428,198000,29400,0,0,0,0,0,17,3,97750,0,0,0,0,0,5000,0,0,0,188572
154,1,wc_u_elf_rogue,324009987,0,0,0,142200,15050,0,200,0,0,0,19,2,171654,0,0,0,0,4800,0,2,0,0,142200
154,1,wc_u_orc_rogue,324009988,0,1,125687,147600,29400,1600,0,0,0,0,34,2,321523,0,0,0,0,18843,0,2,0,0,21913
154,1,wc_u_halfling_rogue,324009989,0,0,0,118800,9200,0,0,0,0,0,13,1,113100,0,0,0,0,0,1000,0,0,0,118800
154,1,wc_u_dragonkin_rogue,324009990,1,1,863,131400,29400,7200,0,0,0,0,28,2,234189,36000,0,0,0,3750,0,0,0,0,130537
155,0,wc_u_human_guardian,325058561,0,0,0,189000,15300,0,450,3600,0,0,10,2,72000,0,0,72000,72000,0,0,0,0,0,189000
155,0,wc_u_dwarf_guardian,325058562,0,0,0,198000,23300,0,0,0,0,0,14,2,62953,0,0,0,0,4567,5000,0,0,0,198000
155,0,wc_u_elf_rogue,325058563,0,0,0,142200,10600,0,0,0,0,0,13,2,144447,0,0,0,0,0,0,2,0,0,142200
155,0,wc_u_orc_rogue,325058564,0,0,0,147600,27150,0,1250,0,0,0,32,2,260099,0,0,0,0,8778,0,2,0,0,147600
155,0,wc_u_halfling_rogue,325058565,0,0,0,118800,4250,0,0,0,0,0,5,1,43500,0,0,0,0,0,1000,0,0,0,118800
155,0,wc_u_dragonkin_rogue,325058566,1,0,0,131400,5250,0,550,0,0,0,6,1,36000,18000,0,0,0,0,0,0,0,0,131400
155,1,wc_u_human_warrior,326107137,0,0,0,176400,7500,0,1000,0,0,0,4,1,58228,28174,0,0,0,0,0,0,0,0,176400
155,1,wc_u_dwarf_warrior,326107138,0,1,180000,180000,27150,1000,2000,0,0,0,18,3,219067,70130,0,0,0,7947,0,0,0,0,0
155,1,wc_u_orc_warrior,326107139,0,0,0,171000,22600,1900,1000,0,7000,0,17,3,159401,0,0,0,0,0,0,0,3,0,171000
155,1,wc_u_halfling_warrior,326107140,0,1,96600,136800,27150,2550,0,8150,0,0,21,4,161498,0,0,108000,0,24474,0,0,0,0,40200
155,1,wc_u_dragonkin_guardian,326107141,0,0,0,212400,20300,0,2000,5400,0,0,12,2,78564,0,0,86400,73384,0,0,0,0,0,212400
155,1,wc_u_elf_mage,326107142,0,1,87201,124200,27150,0,0,0,0,0,17,3,123729,28209,0,0,0,1063,3750,0,0,0,36999
156,0,wc_u_human_warrior,327155713,0,0,0,176400,9900,0,1000,0,0,0,7,1,94914,28174,0,0,0,76,0,0,0,0,176400
156,0,wc_u_dwarf_warrior,327155714,0,1,180000,180000,25850,0,2000,0,0,0,18,3,184782,93172,0,0,0,10056,0,0,0,0,0
156,0,wc_u_orc_warrior,327155715,0,1,20250,171000,25850,4750,1000,0,9000,0,15,3,176087,0,0,0,0,12535,0,0,3,0,150750
156,0,wc_u_halfling_warrior,327155716,0,1,122400,136800,25850,5100,0,7500,0,0,18,3,124426,0,0,81000,14400,8718,0,0,0,0,14400
156,0,wc_u_dragonkin_guardian,327155717,0,0,0,212400,17450,0,2000,3750,0,0,10,2,63496,0,0,86400,86400,0,0,0,0,0,212400
156,0,wc_u_elf_mage,327155718,0,1,124200,124200,25850,0,0,0,0,0,18,3,133097,28852,0,0,0,1027,3750,0,0,0,0
156,1,wc_u_human_guardian,328204289,0,0,0,189000,25850,0,850,7500,0,0,15,3,64937,0,0,108000,88800,0,0,0,0,0,189000
156,1,wc_u_dwarf_guardian,328204290,0,0,0,198000,17550,0,1250,0,0,0,10,2,48736,0,0,0,0,0,5000,0,0,0,198000
156,1,wc_u_elf_rogue,328204291,0,0,0,142200,6800,0,1250,0,0,0,7,1,75480,0,0,0,0,0,0,1,0,0,142200
156,1,wc_u_orc_rogue,328204292,0,0,0,147600,22150,0,0,0,0,0,27,1,220313,0,0,0,0,11023,0,1,0,0,147600
156,1,wc_u_halfling_rogue,328204293,0,0,0,118800,8250,800,0,0,0,0,9,1,78300,0,0,0,0,0,1000,0,0,0,118800
156,1,wc_u_dragonkin_rogue,328204294,1,0,0,131400,6800,0,0,0,0,0,8,1,48184,18000,0,0,0,0,0,0,0,0,131400
157,0,wc_u_human_guardian,329252865,0,0,0,189000,10600,0,0,2200,0,0,7,1,48384,0,0,36000,36000,0,0,0,0,0,189000
157,0,wc_u_dwarf_guardian,329252866,0,1,162418,198000,26900,1150,0,0,0,0,14,3,83444,0,0,0,0,0,5000,0,0,0,35582
157,0,wc_u_elf_rogue,329252867,0,0,0,142200,24500,0,0,0,0,0,30,3,325473,0,0,0,0,7920,0,3,0,0,142200
157,0,wc_u_orc_rogue,329252868,0,0,0,147600,14800,0,1250,0,0,0,17,1,140827,0,0,0,0,0,0,1,0,0,147600
157,0,wc_u_halfling_rogue,329252869,0,0,0,118800,12050,0,0,0,0,0,16,2,124968,0,0,0,0,13536,2000,0,0,0,118800
157,0,wc_u_dragonkin_rogue,329252870,1,1,80687,131400,26900,3200,0,0,0,0,29,3,223704,54000,0,0,0,14511,0,0,0,0,50713
157,1,wc_u_human_warrior,330301441,0,0,0,176400,4400,0,850,0,0,0,3,0,43950,0,0,0,0,0,0,0,0,0,176400
157,1,wc_u_dwarf_warrior,330301442,0,0,0,180000,11800,0,1000,0,0,0,8,1,83784,60114,0,0,0,3576,0,0,0,0,180000
157,1,wc_u_orc_warrior,330301443,0,0,0,171000,26900,0,1000,0,9000,0,22,3,222628,0,0,0,0,13403,0,0,3,0,171000
157,1,wc_u_halfling_warrior,330301444,0,0,0,136800,10400,0,1550,0,0,0,8,0,90256,0,0,0,0,0,0,0,0,0,136800
157,1,wc_u_dragonkin_guardian,330301445,0,0,0,212400,17150,0,2000,4900,0,0,10,2,51595,0,0,86400,61200,7257,0,0,0,0,212400
157,1,wc_u_elf_mage,330301446,0,0,0,124200,23050,0,0,0,0,0,16,1,121750,9818,0,0,0,0,1250,0,0,0,124200
158,0,wc_u_human_warrior,331350017,0,0,0,176400,4400,0,850,0,0,0,3,0,43950,0,0,0,0,0,0,0,0,0,176400
158,0,wc_u_dwarf_warrior,331350018,0,0,0,180000,18750,0,2000,0,0,0,12,2,126056,97728,0,0,0,3576,0,0,0,0,180000
158,0,wc_u_orc_warrior,331350019,0,0,0,171000,25350,0,1000,0,8950,0,20,3,201272,0,0,0,0,9375,0,0,3,0,171000
158,0,wc_u_halfling_warrior,331350020,0,0,0,136800,10400,0,1550,0,0,0,8,0,90256,0,0,0,0,0,0,0,0,0,136800
158,0,wc_u_dragonkin_guardian,331350021,0,0,0,212400,15650,0,2000,4500,0,0,9,2,51339,0,0,86400,80584,0,0,0,0,0,212400
158,0,wc_u_elf_mage,331350022,0,0,0,124200,9650,0,0,0,0,0,7,1,54985,9818,0,0,0,0,1250,0,0,0,124200
158,1,wc_u_human_guardian,332398593,0,0,0,189000,10600,0,0,2200,0,0,7,1,33230,0,0,36000,36000,0,0,0,0,0,189000
158,1,wc_u_dwarf_guardian,332398594,0,1,103888,198000,25350,1150,0,0,0,0,15,3,77044,0,0,0,0,4896,6000,0,0,0,94112
158,1,wc_u_elf_rogue,332398595,0,0,0,142200,21300,0,0,0,0,0,27,3,286952,0,0,0,0,14719,0,3,0,0,142200
158,1,wc_u_orc_rogue,332398596,0,1,16308,147600,25350,3200,1250,0,0,0,24,2,218085,0,0,0,0,0,0,2,0,0,131292
158,1,wc_u_halfling_rogue,332398597,0,0,0,118800,12050,0,0,0,0,0,16,2,131304,0,0,0,0,7200,2000,0,0,0,118800
158,1,wc_u_dragonkin_rogue,332398598,1,1,131400,131400,25350,2400,0,0,0,0,27,3,200185,54000,0,0,0,13671,0,0,0,0,0
159,0,wc_u_human_guardian,333447169,0,0,0,189000,12450,0,0,1900,0,0,8,1,56492,0,0,36000,36000,0,0,0,0,0,189000
159,0,wc_u_dwarf_guardian,333447170,0,1,165484,198000,24100,0,0,0,0,0,15,3,79132,0,0,0,0,2016,6000,0,0,0,32516
159,0,wc_u_elf_rogue,333447171,0,0,0,142200,16150,0,0,0,0,0,21,2,198236,0,0,0,0,14719,0,2,0,0,142200
159,0,wc_u_orc_rogue,333447172,0,0,0,147600,18900,0,1250,0,0,0,21,2,178318,0,0,0,0,0,0,2,0,0,147600
159,0,wc_u_halfling_rogue,333447173,0,0,0,118800,23150,0,0,0,0,0,31,3,255936,0,0,0,0,7500,3000,0,0,0,118800
159,0,wc_u_dragonkin_rogue,333447174,1,1,65535,131400,24100,2400,0,0,0,0,26,3,195636,37050,0,0,0,8110,0,0,0,0,65865
159,1,wc_u_human_warrior,334495745,0,0,0,176400,4400,0,850,0,0,0,3,0,43950,0,0,0,0,0,0,0,0,0,176400
159,1,wc_u_dwarf_warrior,334495746,0,0,0,180000,24100,0,4550,0,0,0,15,2,171792,120785,0,0,0,14238,0,0,0,0,180000
159,1,wc_u_orc_warrior,334495747,0,0,0,171000,9200,0,1000,0,3000,0,7,1,56448,0,0,0,0,0,0,0,1,0,171000
159,1,wc_u_halfling_warrior,334495748,0,0,0,136800,23850,2550,0,6050,0,0,18,3,181104,0,0,81000,54000,13320,0,0,0,0,136800
159,1,wc_u_dragonkin_guardian,334495749,0,0,0,212400,16400,0,2000,4500,0,0,10,2,57099,0,0,86400,67292,0,0,0,0,0,212400
159,1,wc_u_elf_mage,334495750,0,0,0,124200,9650,0,0,0,0,0,7,1,54985,9818,0,0,0,0,1250,0,0,0,124200
160,0,wc_u_human_warrior,335544321,0,0,0,176400,4400,0,850,0,0,0,3,0,43950,0,0,0,0,0,0,0,0,0,176400
160,0,wc_u_dwarf_warrior,335544322,0,1,180000,180000,36600,7000,2000,0,0,0,20,4,177992,76372,0,0,0,9528,0,0,0,0,0
160,0,wc_u_orc_warrior,335544323,0,1,10800,171000,36600,1900,2000,0,12000,0,28,4,281191,0,0,0,0,12245,0,0,4,0,160200
160,0,wc_u_halfling_warrior,335544324,0,0,0,136800,18350,4250,2000,0,0,0,10,0,103079,0,0,0,0,7417,0,0,0,0,136800
160,0,wc_u_dragonkin_guardian,335544325,0,0,0,212400,16350,0,2000,4600,0,0,10,2,75130,0,0,86400,85846,0,0,0,0,0,212400
160,0,wc_u_elf_mage,335544326,0,0,0,124200,28850,0,1000,0,0,0,19,3,140825,28461,0,0,0,3130,3750,0,0,0,124200
160,1,wc_u_human_guardian,336592897,0,0,0,189000,24500,8000,0,7050,0,0,10,3,72000,0,0,108000,72000,0,0,0,0,0,189000
160,1,wc_u_dwarf_guardian,336592898,0,0,0,198000,36600,2300,0,0,0,0,21,4,115618,0,0,0,0,6450,8000,0,0,0,198000
160,1,wc_u_elf_rogue,336592899,0,0,0,142200,7050,0,1250,0,0,0,8,1,79104,0,0,0,0,7920,0,1,0,0,142200
160,1,wc_u_orc_rogue,336592900,0,0,0,147600,17850,0,1250,0,0,0,20,1,150878,0,0,0,0,8999,0,1,0,0,147600
160,1,wc_u_halfling_rogue,336592901,0,0,0,118800,12600,2400,0,0,0,0,12,2,104400,0,0,0,0,0,2000,0,0,0,118800
160,1,wc_u_dragonkin_rogue,336592902,1,0,0,131400,28950,3200,1250,0,0,0,28,4,225297,62703,0,0,0,9297,0,0,0,0,131400
161,0,wc_u_human_guardian,337641473,0,0,0,105000,7900,0,0,900,0,0,5,1,14768,0,0,20000,20000,0,0,0,0,0,105000
161,0,wc_u_dwarf_guardian,337641474,0,0,0,110000,21200,4600,0,0,0,150,9,2,29491,0,0,0,0,0,2000,0,0,0,110000
161,0,wc_u_elf_rogue,337641475,0,0,0,79000,13600,0,0,0,0,4500,17,2,112241,0,0,0,0,270,0,2,0,0,79000
161,0,wc_u_orc_rogue,337641476,0,0,0,82000,19050,4000,0,0,0,0,18,1,84691,0,0,0,0,3541,0,1,0,0,82000
161,0,wc_u_halfling_rogue,337641477,0,0,0,66000,3050,900,0,0,0,0,3,0,14745,0,0,0,0,0,0,0,0,0,66000
161,0,wc_u_dragonkin_rogue,337641478,1,0,0,73000,13050,2900,0,0,0,0,12,1,49122,10000,0,0,0,4771,0,0,0,0,73000
161,1,wc_u_dragonkin_guardian,338690049,0,0,0,118000,8350,0,1000,1100,0,0,5,1,15137,0,0,24000,24000,863,0,0,0,0,118000
161,1,wc_u_elf_rogue,338690050,0,0,0,79000,15050,0,0,0,0,0,16,2,98649,0,0,0,0,2523,0,2,0,0,79000
161,1,wc_u_elf_ranger,338690051,0,0,0,67000,9350,0,0,0,0,0,8,0,37983,0,0,0,0,0,0,0,0,0,67000
161,1,wc_u_dwarf_ranger,338690052,0,1,76000,76000,21200,0,0,0,0,0,16,3,104111,30002,0,0,0,16999,0,0,0,0,0
161,1,wc_u_halfling_ranger,338690053,0,1,34370,59000,21200,0,1000,0,0,0,18,3,86105,0,0,0,0,3200,0,0,3,0,24630
161,1,wc_u_dragonkin_ranger,338690054,0,1,45572,72000,21200,0,0,0,0,0,16,3,104670,38343,0,0,0,0,0,0,0,0,26428
162,0,wc_u_dragonkin_guardian,339738625,0,0,0,118000,8750,0,1000,1100,0,0,5,1,17948,0,0,24000,24000,0,0,0,0,0,118000
162,0,wc_u_elf_rogue,339738626,0,0,0,79000,12300,0,1000,0,0,0,11,2,68320,0,0,0,0,0,0,2,0,0,79000
162,0,wc_u_elf_ranger,339738627,0,0,0,67000,10650,0,0,0,0,0,10,1,53005,0,0,0,0,1726,0,1,0,0,67000
162,0,wc_u_dwarf_ranger,339738628,0,0,0,76000,20650,0,1000,0,0,0,14,3,89494,25896,0,0,0,12116,0,0,0,0,76000
162,0,wc_u_halfling_ranger,339738629,0,1,17888,59000,25050,800,1000,0,0,0,21,3,98474,0,0,0,0,4159,0,0,3,0,41112
162,0,wc_u_dragonkin_ranger,339738630,0,1,72000,72000,25050,1000,0,0,0,0,19,3,123520,38343,0,0,0,834,0,0,0,0,0
162,1,wc_u_human_guardian,340787201,0,0,0,105000,4900,0,0,900,0,0,3,1,7384,0,0,20000,20000,0,0,0,0,0,105000
162,1,wc_u_dwarf_guardian,340787202,0,0,0,110000,19350,3450,0,0,0,0,10,2,32449,0,0,0,0,772,3000,0,0,0,110000
162,1,wc_u_elf_rogue,340787203,0,0,0,79000,9950,800,0,0,0,0,11,1,73085,0,0,0,0,0,0,1,0,0,79000
162,1,wc_u_orc_rogue,340787204,0,0,0,82000,25050,1600,0,0,0,3000,28,2,142194,0,0,0,0,2920,0,2,0,0,82000
162,1,wc_u_halfling_rogue,340787205,0,0,0,66000,7400,2400,0,0,0,3000,6,1,29490,0,0,0,0,0,1000,0,0,0,66000
162,1,wc_u_dragonkin_rogue,340787206,1,0,0,73000,16350,2400,0,0,0,3000,17,2,76510,20000,0,0,0,5361,0,0,0,0,73000
163,0,wc_u_human_guardian,341835777,0,0,0,105000,11800,0,0,3000,0,0,8,1,22152,0,0,20000,9530,0,0,0,0,0,105000
163,0,wc_u_dwarf_guardian,341835778,0,0,0,110000,18700,0,0,0,0,0,11,2,30341,0,0,0,0,1618,2000,0,0,0,110000
163,0,wc_u_elf_rogue,341835779,0,0,0,79000,7400,0,0,0,0,0,10,1,66358,0,0,0,0,0,0,1,0,0,79000
163,0,wc_u_orc_rogue,341835780,0,0,0,82000,14700,1600,0,0,0,2600,16,1,73728,0,0,0,0,0,0,1,0,0,82000
163,0,wc_u_halfling_rogue,341835781,0,0,0,66000,4750,2400,0,0,0,1250,3,1,14745,0,0,0,0,0,1000,0,0,0,66000
163,0,wc_u_dragonkin_rogue,341835782,1,0,0,73000,3050,0,0,0,0,0,4,0,20000,0,0,0,0,0,0,0,0,0,73000
163,1,wc_u_dragonkin_guardian,342884353,0,0,0,118000,11850,0,1000,2150,0,0,7,1,21148,0,0,24000,24000,0,0,0,0,0,118000
163,1,wc_u_elf_rogue,342884354,0,1,23492,79000,18700,0,2000,0,0,0,18,2,107208,0,0,0,0,0,0,2,0,0,55508
163,1,wc_u_elf_ranger,342884355,0,1,13184,67000,18700,0,0,0,0,0,16,0,96251,0,0,0,0,0,0,0,0,0,53816
163,1,wc_u_dwarf_ranger,342884356,0,1,76000,76000,18700,0,0,0,0,0,12,3,73282,34613,0,0,0,11899,0,0,0,0,0
163,1,wc_u_halfling_ranger,342884357,0,1,59000,59000,18700,0,0,0,0,0,17,2,78265,0,0,0,0,4881,0,0,2,0,0
163,1,wc_u_dragonkin_ranger,342884358,0,1,72000,72000,18700,0,0,0,0,0,15,1,89947,14286,0,0,0,1081,0,0,0,0,0
164,0,wc_u_dragonkin_guardian,343932929,0,0,0,118000,9900,0,1000,1100,0,0,6,1,21813,0,0,24000,24000,0,0,0,0,0,118000
164,0,wc_u_elf_rogue,343932930,0,1,3663,79000,19650,1600,1000,0,0,0,18,2,96362,0,0,0,0,10984,0,2,0,0,75337
164,0,wc_u_elf_ranger,343932931,0,1,53546,67000,19650,900,0,0,0,0,15,0,90354,0,0,0,0,0,0,0,0,0,13454
164,0,wc_u_dwarf_ranger,343932932,0,1,76000,76000,19650,0,0,0,0,0,12,3,74869,36708,0,0,0,6063,0,0,0,0,0
164,0,wc_u_halfling_ranger,343932933,0,1,59000,59000,19650,0,0,0,0,0,15,2,73654,0,0,0,0,0,0,0,2,0,0
164,0,wc_u_dragonkin_ranger,343932934,0,1,50570,72000,19650,1000,0,0,0,0,13,3,83751,37489,0,0,0,4580,0,0,0,0,21430
164,1,wc_u_human_guardian,344981505,0,0,0,105000,19650,2000,0,6000,0,0,12,2,43582,0,0,40000,0,0,0,0,0,0,105000
164,1,wc_u_dwarf_guardian,344981506,0,0,0,110000,12650,2300,0,0,0,0,6,1,16925,0,0,0,0,0,1000,0,0,0,110000
164,1,wc_u_elf_rogue,344981507,0,0,0,79000,3350,0,0,0,0,0,4,1,25996,0,0,0,0,0,0,1,0,0,79000
164,1,wc_u_orc_rogue,344981508,0,0,0,82000,14450,1600,0,0,0,2350,16,0,73928,0,0,0,0,848,0,0,0,0,82000
164,1,wc_u_halfling_rogue,344981509,0,0,0,66000,8150,2400,0,0,0,3000,7,1,34405,0,0,0,0,0,1000,0,0,0,66000
164,1,wc_u_dragonkin_rogue,344981510,1,0,0,73000,4900,0,0,0,0,0,6,1,23385,10000,0,0,0,0,0,0,0,0,73000
165,0,wc_u_human_guardian,346030081,0,0,0,105000,8350,0,0,1500,0,0,6,1,14768,0,0,20000,20000,0,0,0,0,0,105000
165,0,wc_u_dwarf_guardian,346030082,0,0,0,110000,24450,3450,0,0,0,0,13,3,41208,0,0,0,0,1166,3000,0,0,0,110000
165,0,wc_u_elf_rogue,346030083,0,0,0,79000,26300,0,0,0,0,3000,33,3,209207,0,0,0,0,4952,0,3,0,0,79000
165,0,wc_u_orc_rogue,346030084,0,0,0,82000,4100,1600,0,0,0,0,3,0,15462,0,0,0,0,0,0,0,0,0,82000
165,0,wc_u_halfling_rogue,346030085,0,0,0,66000,14700,4000,0,0,0,5600,13,2,63895,0,0,0,0,0,2000,0,0,0,66000
165,0,wc_u_dragonkin_rogue,346030086,1,0,0,73000,13700,2050,0,0,0,0,14,2,56769,10691,0,0,0,9309,0,0,0,0,73000
165,1,wc_u_dragonkin_guardian,347078657,0,0,0,118000,11350,0,1000,1850,0,0,7,1,24348,0,0,24000,24000,0,0,0,0,0,118000
165,1,wc_u_elf_rogue,347078658,0,0,0,79000,13700,0,2050,0,0,0,12,2,75924,0,0,0,0,0,0,2,0,0,79000
165,1,wc_u_elf_ranger,347078659,0,0,0,67000,8900,0,0,0,0,0,8,0,47932,0,0,0,0,0,0,0,0,0,67000
165,1,wc_u_dwarf_ranger,347078660,0,0,0,76000,25800,0,1000,0,0,0,18,4,117024,51502,0,0,0,2083,0,0,0,0,76000
165,1,wc_u_halfling_ranger,347078661,0,1,59000,59000,26300,0,0,0,0,0,25,3,111215,0,0,0,0,9098,0,0,3,0,0
165,1,wc_u_dragonkin_ranger,347078662,0,0,0,72000,18250,0,0,0,0,0,13,2,72769,14286,0,0,0,4690,0,0,0,0,72000
166,0,wc_u_dragonkin_guardian,348127233,0,0,0,118000,11350,0,1000,1750,0,0,7,1,22194,0,0,24000,24000,0,0,0,0,0,118000
166,0,wc_u_elf_rogue,348127234,0,0,0,79000,14050,0,2000,0,0,0,13,2,82195,0,0,0,0,0,0,2,0,0,79000
166,0,wc_u_elf_ranger,348127235,0,0,0,67000,8900,0,0,0,0,0,8,0,47932,0,0,0,0,0,0,0,0,0,67000
166,0,wc_u_dwarf_ranger,348127236,0,0,0,76000,23400,0,0,0,0,0,16,3,107336,40930,0,0,0,2555,0,0,0,0,76000
166,0,wc_u_halfling_ranger,348127237,0,1,3444,59000,29900,0,0,0,0,0,27,4,122514,0,0,0,0,13454,0,0,4,0,55556
166,0,wc_u_dragonkin_ranger,348127238,0,0,0,72000,18250,0,0,0,0,0,14,2,77354,14545,0,0,0,6959,0,0,0,0,72000
166,1,wc_u_human_guardian,349175809,0,0,0,105000,8350,0,0,1500,0,0,6,1,16691,0,0,20000,20000,0,0,0,0,0,105000
166,1,wc_u_dwarf_guardian,349175810,0,0,0,110000,15000,2700,0,0,0,0,7,1,20310,0,0,0,0,0,1000,0,0,0,110000
166,1,wc_u_elf_rogue,349175811,0,0,0,79000,18700,0,0,0,0,0,24,2,157709,0,0,0,0,947,0,2,0,0,79000
166,1,wc_u_orc_rogue,349175812,0,0,0,82000,4100,1600,0,0,0,0,3,0,10308,0,0,0,0,0,0,0,0,0,82000
166,1,wc_u_halfling_rogue,349175813,0,0,0,66000,17450,3200,0,0,0,6000,18,2,87938,0,0,0,0,2352,2000,0,0,0,66000
166,1,wc_u_dragonkin_rogue,349175814,1,0,0,73000,29900,4800,0,0,0,3600,30,4,143909,30691,0,0,0,14480,0,0,0,0,73000
167,0,wc_u_human_guardian,350224385,0,0,0,105000,8350,0,0,1500,0,0,6,1,14768,0,0,20000,20000,0,0,0,0,0,105000
167,0,wc_u_dwarf_guardian,350224386,0,0,0,110000,19700,5750,0,0,0,0,8,2,24039,0,0,0,0,0,2000,0,0,0,110000
167,0,wc_u_elf_rogue,350224387,0,0,0,79000,9950,0,0,0,0,0,13,1,85709,0,0,0,0,270,0,1,0,0,79000
167,0,wc_u_orc_rogue,350224388,0,0,0,82000,4100,1600,0,0,0,0,3,0,15462,0,0,0,0,0,0,0,0,0,82000
167,0,wc_u_halfling_rogue,350224389,0,0,0,66000,12600,2650,0,0,0,3500,13,1,62729,0,0,0,0,1166,1000,0,0,0,66000
167,0,wc_u_dragonkin_rogue,350224390,1,0,0,73000,25050,2650,0,0,0,3000,26,3,116602,20691,0,0,0,14480,0,0,0,0,73000
167,1,wc_u_dragonkin_guardian,351272961,0,0,0,118000,11350,0,1000,1850,0,0,7,1,24572,0,0,24000,24000,0,0,0,0,0,118000
167,1,wc_u_elf_rogue,351272962,0,0,0,79000,11900,0,1000,0,0,0,12,2,74091,0,0,0,0,0,0,2,0,0,79000
167,1,wc_u_elf_ranger,351272963,0,0,0,67000,8900,0,0,0,0,0,8,0,47932,0,0,0,0,0,0,0,0,0,67000
167,1,wc_u_dwarf_ranger,351272964,0,0,0,76000,24300,0,1000,0,0,0,16,3,108102,36643,0,0,0,3515,0,0,0,0,76000
167,1,wc_u_halfling_ranger,351272965,0,1,59000,59000,25050,0,0,0,0,0,21,3,91980,0,0,0,0,9176,0,0,3,0,0
167,1,wc_u_dragonkin_ranger,351272966,0,1,72000,72000,25050,1000,0,0,0,0,19,3,102849,28831,0,0,0,11681,0,0,0,0,0
168,0,wc_u_dragonkin_guardian,352321537,0,0,0,118000,11050,0,1000,1100,0,0,7,1,27270,0,0,24000,24000,0,0,0,0,0,118000
168,0,wc_u_elf_rogue,352321538,0,0,0,79000,13100,0,1450,0,0,0,13,2,71425,0,0,0,0,4669,0,2,0,0,79000
168,0,wc_u_elf_ranger,352321539,0,1,53546,67000,21400,0,0,0,0,0,18,0,93102,0,0,0,0,7303,0,0,0,0,13454
168,0,wc_u_dwarf_ranger,352321540,0,1,60166,76000,21400,0,1000,0,0,0,13,3,80897,36708,0,0,0,2102,0,0,0,0,15834
168,0,wc_u_halfling_ranger,352321541,0,1,59000,59000,21400,0,0,0,0,0,17,3,77329,0,0,0,0,0,0,0,3,0,0
168,0,wc_u_dragonkin_ranger,352321542,0,1,72000,72000,21400,1000,0,0,0,0,14,3,85266,43003,0,0,0,4896,0,0,0,0,0
168,1,wc_u_human_guardian,353370113,0,0,0,105000,13700,0,0,3500,0,0,9,2,27592,0,0,40000,20000,2320,0,0,0,0,105000
168,1,wc_u_dwarf_guardian,353370114,0,0,0,110000,21400,3450,0,0,0,700,11,2,35040,0,0,0,0,0,2000,0,0,0,110000
168,1,wc_u_elf_rogue,353370115,0,0,0,79000,3350,0,0,0,0,0,4,1,25996,0,0,0,0,0,0,1,0,0,79000
168,1,wc_u_orc_rogue,353370116,0,0,0,82000,5750,1600,0,0,0,0,5,0,15462,0,0,0,0,0,0,0,0,0,82000
168,1,wc_u_halfling_rogue,353370117,0,0,0,66000,15550,4000,0,0,0,6000,13,2,63813,0,0,0,0,0,2000,0,0,0,66000
168,1,wc_u_dragonkin_rogue,353370118,1,0,0,73000,8650,0,0,0,0,0,11,1,48385,10000,0,0,0,0,0,0,0,0,73000
169,0,wc_u_human_guardian,354418689,0,0,0,189000,7900,0,0,900,0,0,5,1,26584,0,0,36000,36000,0,0,0,0,0,189000
169,0,wc_u_dwarf_guardian,354418690,0,0,0,198000,21200,4600,0,0,0,150,9,2,53079,0,0,0,0,0,2000,0,0,0,198000
169,0,wc_u_elf_rogue,354418691,0,0,0,142200,13600,0,0,0,0,4500,16,2,190143,0,0,0,0,490,0,2,0,0,142200
169,0,wc_u_orc_rogue,354418692,0,0,0,147600,19050,4000,0,0,0,0,18,1,152441,0,0,0,0,6372,0,1,0,0,147600
169,0,wc_u_halfling_rogue,354418693,0,0,0,118800,3050,900,0,0,0,0,3,0,26541,0,0,0,0,0,0,0,0,0,118800
169,0,wc_u_dragonkin_rogue,354418694,1,0,0,131400,13050,2900,0,0,0,0,12,1,88424,18000,0,0,0,8583,0,0,0,0,131400
169,1,wc_u_dragonkin_guardian,355467265,0,0,0,212400,8350,0,1000,1100,0,0,5,1,27244,0,0,43200,43200,1556,0,0,0,0,212400
169,1,wc_u_elf_rogue,355467266,0,0,0,142200,15050,0,0,0,0,0,16,2,177569,0,0,0,0,4544,0,2,0,0,142200
169,1,wc_u_elf_ranger,355467267,0,0,0,120600,9500,0,0,0,0,0,8,0,68369,0,0,0,0,0,0,0,0,0,120600
169,1,wc_u_dwarf_ranger,355467268,0,1,136800,136800,21200,0,0,0,0,0,16,3,187397,54004,0,0,0,30604,0,0,0,0,0
169,1,wc_u_halfling_ranger,355467269,0,1,61867,106200,21200,0,1000,0,0,0,18,3,154983,0,0,0,0,5760,0,0,3,0,44333
169,1,wc_u_dragonkin_ranger,355467270,0,1,93921,129600,21200,0,0,0,0,0,16,3,188415,69019,0,0,0,0,0,0,0,0,35679
170,0,wc_u_dragonkin_guardian,356515841,0,0,0,212400,8750,0,1000,1100,0,0,5,1,32306,0,0,43200,43200,0,0,0,0,0,212400
170,0,wc_u_elf_rogue,356515842,0,0,0,142200,12300,0,1000,0,0,0,11,2,122979,0,0,0,0,0,0,2,0,0,142200
170,0,wc_u_elf_ranger,356515843,0,0,0,120600,10650,0,0,0,0,0,10,1,95406,0,0,0,0,3111,0,1,0,0,120600
170,0,wc_u_dwarf_ranger,356515844,0,0,0,136800,20650,0,1000,0,0,0,14,3,161092,46611,0,0,0,21811,0,0,0,0,136800
170,0,wc_u_halfling_ranger,356515845,0,1,32200,106200,25050,800,1000,0,0,0,21,3,177242,0,0,0,0,7491,0,0,3,0,74000
170,0,wc_u_dragonkin_ranger,356515846,0,1,129600,129600,25050,1000,0,0,0,0,19,3,222345,69019,0,0,0,1504,0,0,0,0,0
170,1,wc_u_human_guardian,357564417,0,0,0,189000,4900,0,0,900,0,0,3,1,13292,0,0,36000,36000,0,0,0,0,0,189000
170,1,wc_u_dwarf_guardian,357564418,0,0,0,198000,19350,3450,0,0,0,0,10,2,58409,0,0,0,0,1383,3000,0,0,0,198000
170,1,wc_u_elf_rogue,357564419,0,0,0,142200,9950,800,0,0,0,0,11,1,131557,0,0,0,0,0,0,1,0,0,142200
170,1,wc_u_orc_rogue,357564420,0,0,0,147600,25050,1600,0,0,0,3000,28,2,255949,0,0,0,0,5258,0,2,0,0,147600
170,1,wc_u_halfling_rogue,357564421,0,0,0,118800,7400,2400,0,0,0,3000,6,1,53082,0,0,0,0,0,1000,0,0,0,118800
170,1,wc_u_dragonkin_rogue,357564422,1,0,0,131400,16350,2400,0,0,0,3000,17,2,137711,36000,0,0,0,9653,0,0,0,0,131400
171,0,wc_u_human_guardian,358612993,0,0,0,189000,11800,0,0,3000,0,0,8,1,39876,0,0,36000,17155,0,0,0,0,0,189000
171,0,wc_u_dwarf_guardian,358612994,0,0,0,198000,18700,0,0,0,0,0,11,2,54613,0,0,0,0,2905,2000,0,0,0,198000
171,0,wc_u_elf_rogue,358612995,0,0,0,142200,7400,0,0,0,0,0,10,1,119448,0,0,0,0,0,0,1,0,0,142200
171,0,wc_u_orc_rogue,358612996,0,0,0,147600,14700,1600,0,0,0,2600,16,1,132707,0,0,0,0,0,0,1,0,0,147600
171,0,wc_u_halfling_rogue,358612997,0,0,0,118800,4750,2400,0,0,0,1250,3,1,26541,0,0,0,0,0,1000,0,0,0,118800
171,0,wc_u_dragonkin_rogue,358612998,1,0,0,131400,3050,0,0,0,0,0,4,0,36000,0,0,0,0,0,0,0,0,0,131400
171,1,wc_u_dragonkin_guardian,359661569,0,0,0,212400,11850,0,1000,2150,0,0,7,1,38066,0,0,43200,43200,0,0,0,0,0,212400
171,1,wc_u_elf_rogue,359661570,0,1,42287,142200,18700,0,2000,0,0,0,18,2,192980,0,0,0,0,0,0,2,0,0,99913
171,1,wc_u_elf_ranger,359661571,0,1,23728,120600,18700,0,0,0,0,0,16,0,173251,0,0,0,0,0,0,0,0,0,96872
171,1,wc_u_dwarf_ranger,359661572,0,1,136800,136800,18700,0,0,0,0,0,12,3,131905,62305,0,0,0,21422,0,0,0,0,0
171,1,wc_u_halfling_ranger,359661573,0,1,106200,106200,18700,0,0,0,0,0,17,2,140866,0,0,0,0,8790,0,0,2,0,0
171,1,wc_u_dragonkin_ranger,359661574,0,1,129600,129600,18700,0,0,0,0,0,15,1,161913,25714,0,0,0,1945,0,0,0,0,0
172,0,wc_u_dragonkin_guardian,360710145,0,0,0,212400,9900,0,1000,1100,0,0,6,1,39261,0,0,43200,43200,0,0,0,0,0,212400
172,0,wc_u_elf_rogue,360710146,0,1,6595,142200,19650,1600,1000,0,0,0,18,2,173452,0,0,0,0,19775,0,2,0,0,135605
172,0,wc_u_elf_ranger,360710147,0,1,96382,120600,19650,900,0,0,0,0,15,0,162638,0,0,0,0,0,0,0,0,0,24218
172,0,wc_u_dwarf_ranger,360710148,0,1,136800,136800,19650,0,0,0,0,0,12,3,134769,66074,0,0,0,10911,0,0,0,0,0
172,0,wc_u_halfling_ranger,360710149,0,1,106200,106200,19650,0,0,0,0,0,15,2,132572,0,0,0,0,0,0,0,2,0,0
172,0,wc_u_dragonkin_ranger,360710150,0,1,91030,129600,19650,1000,0,0,0,0,13,3,150757,67477,0,0,0,8248,0,0,0,0,38570
172,1,wc_u_human_guardian,361758721,0,0,0,189000,19650,2000,0,6000,0,0,12,2,78446,0,0,72000,0,0,0,0,0,0,189000
172,1,wc_u_dwarf_guardian,361758722,0,0,0,198000,12650,2300,0,0,0,0,6,1,30460,0,0,0,0,0,1000,0,0,0,198000
172,1,wc_u_elf_rogue,361758723,0,0,0,142200,3350,0,0,0,0,0,4,1,46794,0,0,0,0,0,0,1,0,0,142200
172,1,wc_u_orc_rogue,361758724,0,0,0,147600,14450,1600,0,0,0,2350,16,0,133072,0,0,0,0,1521,0,0,0,0,147600
172,1,wc_u_halfling_rogue,361758725,0,0,0,118800,8150,2400,0,0,0,3000,7,1,61929,0,0,0,0,0,1000,0,0,0,118800
172,1,wc_u_dragonkin_rogue,361758726,1,0,0,131400,4900,0,0,0,0,0,6,1,42092,18000,0,0,0,0,0,0,0,0,131400
173,0,wc_u_human_guardian,362807297,0,0,0,189000,8350,0,0,1500,0,0,6,1,26584,0,0,36000,36000,0,0,0,0,0,189000
173,0,wc_u_dwarf_guardian,362807298,0,0,0,198000,24450,3450,0,0,0,0,13,3,74165,0,0,0,0,2099,3000,0,0,0,198000
173,0,wc_u_elf_rogue,362807299,0,0,0,142200,26300,0,0,0,0,3000,33,3,376576,0,0,0,0,8913,0,3,0,0,142200
173,0,wc_u_orc_rogue,362807300,0,0,0,147600,4100,1600,0,0,0,0,3,0,27831,0,0,0,0,0,0,0,0,0,147600
173,0,wc_u_halfling_rogue,362807301,0,0,0,118800,14700,3950,0,0,0,5600,13,2,115011,0,0,0,0,0,2000,0,0,0,118800
173,0,wc_u_dragonkin_rogue,362807302,1,0,0,131400,13700,2050,0,0,0,0,14,2,102184,19249,0,0,0,16751,0,0,0,0,131400
173,1,wc_u_dragonkin_guardian,363855873,0,0,0,212400,11350,0,1000,1850,0,0,7,1,43826,0,0,43200,43200,0,0,0,0,0,212400
173,1,wc_u_elf_rogue,363855874,0,0,0,142200,13700,0,1950,0,0,0,12,2,136666,0,0,0,0,0,0,2,0,0,142200
173,1,wc_u_elf_ranger,363855875,0,0,0,120600,8900,0,0,0,0,0,8,0,86276,0,0,0,0,0,0,0,0,0,120600
173,1,wc_u_dwarf_ranger,363855876,0,0,0,136800,25950,0,1000,0,0,0,18,4,210655,92702,0,0,0,3745,0,0,0,0,136800
173,1,wc_u_halfling_ranger,363855877,0,1,106200,106200,26300,0,0,0,0,0,25,3,200175,0,0,0,0,16376,0,0,3,0,0
173,1,wc_u_dragonkin_ranger,363855878,0,0,0,129600,18250,0,0,0,0,0,13,2,130986,25714,0,0,0,8448,0,0,0,0,129600
174,0,wc_u_dragonkin_guardian,364904449,0,0,0,212400,11350,0,1000,1750,0,0,7,1,39948,0,0,43200,43200,0,0,0,0,0,212400
174,0,wc_u_elf_rogue,364904450,0,0,0,142200,14200,0,2000,0,0,0,13,2,147954,0,0,0,0,0,0,2,0,0,142200
174,0,wc_u_elf_ranger,364904451,0,0,0,120600,8900,0,0,0,0,0,8,0,86276,0,0,0,0,0,0,0,0,0,120600
174,0,wc_u_dwarf_ranger,364904452,0,0,0,136800,23500,0,0,0,0,0,16,3,193212,73672,0,0,0,4597,0,0,0,0,136800
174,0,wc_u_halfling_ranger,364904453,0,1,6200,106200,29900,0,0,0,0,0,27,4,220514,0,0,0,0,24217,0,0,4,0,100000
174,0,wc_u_dragonkin_ranger,364904454,0,0,0,129600,18250,0,0,0,0,0,14,2,139242,26182,0,0,0,12531,0,0,0,0,129600
174,1,wc_u_human_guardian,365953025,0,0,0,189000,8350,0,0,1500,0,0,6,1,30045,0,0,36000,36000,0,0,0,0,0,189000
174,1,wc_u_dwarf_guardian,365953026,0,0,0,198000,15000,2700,0,0,0,0,7,1,36552,0,0,0,0,0,1000,0,0,0,198000
174,1,wc_u_elf_rogue,365953027,0,0,0,142200,18700,0,0,0,0,0,24,2,283876,0,0,0,0,1713,0,2,0,0,142200
174,1,wc_u_orc_rogue,365953028,0,0,0,147600,4100,1600,0,0,0,0,3,0,18554,0,0,0,0,0,0,0,0,0,147600
174,1,wc_u_halfling_rogue,365953029,0,0,0,118800,17450,3200,0,0,0,6000,18,2,158292,0,0,0,0,4234,2000,0,0,0,118800
174,1,wc_u_dragonkin_rogue,365953030,1,0,0,131400,29900,4800,0,0,0,3600,30,4,259032,55249,0,0,0,26051,0,0,0,0,131400
175,0,wc_u_human_guardian,367001601,0,0,0,189000,8350,0,0,1500,0,0,6,1,26584,0,0,36000,36000,0,0,0,0,0,189000
175,0,wc_u_dwarf_guardian,367001602,0,0,0,198000,19700,5750,0,0,0,0,8,2,43264,0,0,0,0,0,2000,0,0,0,198000
175,0,wc_u_elf_rogue,367001603,0,0,0,142200,9950,0,0,0,0,0,13,1,154276,0,0,0,0,490,0,1,0,0,142200
175,0,wc_u_orc_rogue,367001604,0,0,0,147600,4100,1600,0,0,0,0,3,0,27831,0,0,0,0,0,0,0,0,0,147600
175,0,wc_u_halfling_rogue,367001605,0,0,0,118800,12600,2550,0,0,0,3500,12,1,106164,0,0,0,0,0,1000,0,0,0,118800
175,0,wc_u_dragonkin_rogue,367001606,1,0,0,131400,24550,2400,0,0,0,3000,27,3,216632,37249,0,0,0,29218,0,0,0,0,131400
175,1,wc_u_dragonkin_guardian,368050177,0,0,0,212400,11350,0,1000,1850,0,0,7,1,44228,0,0,43200,43200,0,0,0,0,0,212400
175,1,wc_u_elf_rogue,368050178,0,0,0,142200,11900,0,1000,0,0,0,12,2,133367,0,0,0,0,0,0,2,0,0,142200
175,1,wc_u_elf_ranger,368050179,0,0,0,120600,8900,0,0,0,0,0,8,0,86276,0,0,0,0,0,0,0,0,0,120600
175,1,wc_u_dwarf_ranger,368050180,0,0,0,136800,24450,0,1000,0,0,0,16,4,194590,72283,0,0,0,26609,0,0,0,0,136800
175,1,wc_u_halfling_ranger,368050181,0,1,106200,106200,24550,0,0,0,0,0,21,3,165555,0,0,0,0,16515,0,0,3,0,0
175,1,wc_u_dragonkin_ranger,368050182,0,1,129600,129600,24550,1000,0,0,0,0,18,3,178805,51896,0,0,0,16435,0,0,0,0,0
176,0,wc_u_dragonkin_guardian,369098753,0,0,0,212400,11050,0,1000,1100,0,0,7,1,49085,0,0,43200,43200,0,0,0,0,0,212400
176,0,wc_u_elf_rogue,369098754,0,0,0,142200,13100,0,1350,0,0,0,13,2,128568,0,0,0,0,8405,0,2,0,0,142200
176,0,wc_u_elf_ranger,369098755,0,1,96382,120600,20300,0,0,0,0,0,18,0,167577,0,0,0,0,13152,0,0,0,0,24218
176,0,wc_u_dwarf_ranger,369098756,0,1,123600,136800,20300,0,1000,0,0,0,12,3,135157,66074,0,0,0,37,0,0,0,0,13200
176,0,wc_u_halfling_ranger,369098757,0,1,106200,106200,20300,0,0,0,0,0,17,2,139186,0,0,0,0,0,0,0,2,0,0
176,0,wc_u_dragonkin_ranger,369098758,0,1,129600,129600,20300,1000,0,0,0,0,15,3,163946,77407,0,0,0,10052,0,0,0,0,0
176,1,wc_u_human_guardian,370147329,0,0,0,189000,13700,0,0,3500,0,0,9,2,49673,0,0,72000,36000,4171,0,0,0,0,189000
176,1,wc_u_dwarf_guardian,370147330,0,0,0,198000,20300,3450,0,0,0,0,10,2,56464,0,0,0,0,0,2000,0,0,0,198000
176,1,wc_u_elf_rogue,370147331,0,0,0,142200,3350,0,0,0,0,0,4,1,46794,0,0,0,0,0,0,1,0,0,142200
176,1,wc_u_orc_rogue,370147332,0,0,0,147600,5750,1600,0,0,0,0,5,0,27831,0,0,0,0,0,0,0,0,0,147600
176,1,wc_u_halfling_rogue,370147333,0,0,0,118800,14800,4000,0,0,0,5700,12,2,106164,0,0,0,0,0,2000,0,0,0,118800
176,1,wc_u_dragonkin_rogue,370147334,1,0,0,131400,8650,0,0,0,0,0,11,1,87092,18000,0,0,0,0,0,0,0,0,131400
177,0,wc_u_human_guardian,371195905,0,1,5789,105000,21450,0,2250,6050,0,0,12,3,35132,0,0,60000,30374,0,0,0,0,0,99211
177,0,wc_u_dwarf_guardian,371195906,0,1,110000,110000,21450,0,1000,0,0,0,13,2,30778,0,0,0,0,1426,5000,0,0,0,0
177,0,wc_u_elf_rogue,371195907,0,1,66458,79000,21450,0,1000,0,0,3000,25,3,146802,0,0,0,0,4970,0,3,0,0,12542
177,0,wc_u_orc_rogue,371195908,0,1,24085,82000,21450,800,0,0,0,0,26,1,143808,0,0,0,0,3819,0,1,0,0,57915
177,0,wc_u_halfling_rogue,371195909,0,0,0,66000,5100,0,700,0,0,1600,6,1,24000,0,0,0,0,0,1000,0,0,0,66000
177,0,wc_u_dragonkin_rogue,371195910,1,1,47785,73000,21450,4000,1900,0,0,0,20,2,94480,20000,0,0,0,998,0,0,0,0,25215
177,1,wc_u_dwarf_guardian,372244481,0,0,0,110000,9450,0,1000,0,0,0,6,1,14665,0,0,0,0,0,4000,0,0,0,110000
177,1,wc_u_orc_guardian,372244482,0,0,0,112000,21450,0,3000,3000,0,0,13,1,39054,0,0,14000,9378,0,0,0,0,0,112000
177,1,wc_u_halfling_rogue,372244483,0,0,0,66000,5550,0,1000,0,0,0,5,1,25215,0,0,0,0,0,1000,0,0,0,66000
177,1,wc_u_elf_rogue,372244484,0,0,0,79000,12100,0,1000,0,0,0,13,2,83671,0,0,0,0,0,0,2,0,0,79000
177,1,wc_u_elf_mage,372244485,0,0,0,69000,17450,0,0,0,0,0,13,2,42188,10574,0,0,0,0,2500,0,0,0,69000
177,1,wc_u_halfling_ranger,372244486,0,0,0,59000,17600,0,0,0,0,0,17,2,45516,0,0,0,0,3644,0,0,2,0,59000
178,0,wc_u_dwarf_guardian,373293057,0,0,0,110000,15550,0,2000,3150,0,0,9,2,22239,0,0,0,0,0,8000,0,0,0,110000
178,0,wc_u_orc_guardian,373293058,0,0,0,112000,21350,0,2700,5450,0,0,12,2,30721,0,0,56000,42000,2333,0,0,0,0,112000
178,0,wc_u_halfling_rogue,373293059,0,0,0,66000,5550,0,1000,0,0,0,5,1,25215,0,0,0,0,0,1000,0,0,0,66000
178,0,wc_u_elf_rogue,373293060,0,0,0,79000,9100,0,2000,0,0,0,8,1,51824,0,0,0,0,0,0,1,0,0,79000
178,0,wc_u_elf_mage,373293061,0,0,0,69000,13950,0,0,0,0,0,11,1,33392,0,0,0,0,0,1250,0,0,0,69000
178,0,wc_u_halfling_ranger,373293062,0,0,0,59000,17150,0,0,0,0,0,16,2,43278,0,0,0,0,0,0,0,2,0,59000
178,1,wc_u_human_guardian,374341633,0,0,0,105000,14750,0,3100,4050,0,0,8,2,24776,0,0,40000,40000,0,0,0,0,0,105000
178,1,wc_u_dwarf_guardian,374341634,0,1,110000,110000,21350,0,2000,0,0,0,12,2,30525,0,0,0,0,0,6000,0,0,0,0
178,1,wc_u_elf_rogue,374341635,0,1,79000,79000,21350,800,1000,0,0,0,25,3,157192,0,0,0,0,4970,0,3,0,0,0
178,1,wc_u_orc_rogue,374341636,0,1,43390,82000,21350,800,1000,0,0,0,24,1,122252,0,0,0,0,5403,0,1,0,0,38610
178,1,wc_u_halfling_rogue,374341637,0,1,31982,66000,21350,4800,0,0,0,6000,21,3,76091,0,0,0,0,2144,3000,0,0,0,34018
178,1,wc_u_dragonkin_rogue,374341638,1,1,43959,73000,21350,1600,2900,0,0,0,22,1,84164,0,0,0,0,0,0,0,0,0,29041
179,0,wc_u_human_guardian,375390209,0,0,0,105000,34900,2000,4250,11900,0,0,19,4,55553,0,0,80000,38149,786,0,0,0,0,105000
179,0,wc_u_dwarf_guardian,375390210,0,1,110000,110000,36900,4050,3000,0,0,0,17,3,45643,0,0,0,0,682,6000,0,0,0,0
179,0,wc_u_elf_rogue,375390211,0,0,0,79000,16300,0,3200,0,0,3000,17,2,112616,0,0,0,0,2216,0,2,0,0,79000
179,0,wc_u_orc_rogue,375390212,0,1,15563,82000,36900,0,2000,0,0,6000,43,2,195972,0,0,0,0,9270,0,2,0,0,66437
179,0,wc_u_halfling_rogue,375390213,0,0,0,66000,10100,0,0,0,0,3000,13,1,52000,0,0,0,0,0,1000,0,0,0,66000
179,0,wc_u_dragonkin_rogue,375390214,1,0,0,73000,6100,0,3000,0,0,0,4,1,23216,10000,0,0,0,0,0,0,0,0,73000
179,1,wc_u_dwarf_guardian,376438785,0,0,0,110000,30800,0,3000,2950,0,0,17,3,54383,0,0,0,0,0,11000,0,0,0,110000
179,1,wc_u_orc_guardian,376438786,0,0,0,112000,20150,0,3000,3000,0,0,12,1,43468,0,0,28000,26688,1896,0,0,0,0,112000
179,1,wc_u_halfling_rogue,376438787,0,0,0,66000,2900,0,0,0,0,0,3,1,15129,0,0,0,0,0,1000,0,0,0,66000
179,1,wc_u_elf_rogue,376438788,0,0,0,79000,10700,0,1000,0,0,0,11,2,71129,0,0,0,0,0,0,2,0,0,79000
179,1,wc_u_elf_mage,376438789,0,0,0,69000,33650,0,0,0,0,0,24,3,83568,15574,0,0,0,0,3750,0,0,0,69000
179,1,wc_u_halfling_ranger,376438790,0,0,0,59000,36850,0,0,0,0,0,34,4,106186,0,0,0,0,3186,0,0,4,0,59000
180,0,wc_u_dwarf_guardian,377487361,0,0,0,110000,17150,0,2000,1300,0,0,10,2,35299,0,0,0,0,0,8000,0,0,0,110000
180,0,wc_u_orc_guardian,377487362,0,0,0,112000,27900,4600,4200,6600,0,0,13,3,52234,0,0,56000,42000,0,0,0,0,0,112000
180,0,wc_u_halfling_rogue,377487363,0,0,0,66000,2900,0,0,0,0,0,3,1,15129,0,0,0,0,0,1000,0,0,0,66000
180,0,wc_u_elf_rogue,377487364,0,0,0,79000,7700,0,2000,0,0,0,7,1,44717,0,0,0,0,0,0,1,0,0,79000
180,0,wc_u_elf_mage,377487365,0,0,0,69000,13950,0,0,0,0,0,11,1,41922,5357,0,0,0,4080,1250,0,0,0,69000
180,0,wc_u_halfling_ranger,377487366,0,0,0,59000,25950,0,0,0,0,0,23,3,85039,0,0,0,0,0,0,0,3,0,59000
180,1,wc_u_human_guardian,378535937,0,1,105000,105000,27900,0,2000,9000,0,0,18,3,52766,0,0,60000,0,0,0,0,0,0,0
180,1,wc_u_dwarf_guardian,378535938,0,1,66712,110000,27900,0,2000,0,0,0,16,3,42901,0,0,0,0,0,6000,0,0,0,43288
180,1,wc_u_elf_rogue,378535939,0,0,0,79000,8700,0,2100,0,0,0,8,1,50948,0,0,0,0,2216,0,1,0,0,79000
180,1,wc_u_orc_rogue,378535940,0,1,49825,82000,27900,800,1000,0,0,3000,32,3,176495,0,0,0,0,8882,0,3,0,0,32175
180,1,wc_u_halfling_rogue,378535941,0,1,13766,66000,27900,4000,0,0,0,3000,31,4,106734,0,0,0,0,2015,4000,0,0,0,52234
180,1,wc_u_dragonkin_rogue,378535942,1,0,0,73000,13700,0,2900,0,0,1600,14,1,65156,0,0,0,0,0,0,0,0,0,73000
181,0,wc_u_human_guardian,379584513,0,0,0,105000,18150,0,2250,5600,0,0,11,2,31822,0,0,40000,33374,0,0,0,0,0,105000
181,0,wc_u_dwarf_guardian,379584514,0,1,92544,110000,31500,3450,1000,0,0,0,16,4,35238,0,0,0,0,0,7000,0,0,0,17456
181,0,wc_u_elf_rogue,379584515,0,1,72729,79000,31500,2400,1000,0,0,0,36,4,214987,0,0,0,0,13982,0,4,0,0,6271
181,0,wc_u_orc_rogue,379584516,0,0,0,82000,5100,0,1700,0,0,0,4,0,23928,0,0,0,0,0,0,0,0,0,82000
181,0,wc_u_halfling_rogue,379584517,0,0,0,66000,26400,8000,600,0,0,6000,22,3,94065,0,0,0,0,0,3000,0,0,0,66000
181,0,wc_u_dragonkin_rogue,379584518,1,0,0,73000,20650,1600,1000,0,0,3000,21,3,71356,23604,0,0,0,6396,0,0,0,0,73000
181,1,wc_u_dwarf_guardian,380633089,0,0,0,110000,11550,0,1000,2050,0,0,7,1,17598,0,0,0,0,0,4000,0,0,0,110000
181,1,wc_u_orc_guardian,380633090,0,0,0,112000,27400,0,5000,7250,0,0,15,3,39323,0,0,56000,42000,3644,0,0,0,0,112000
181,1,wc_u_halfling_rogue,380633091,0,0,0,66000,7800,0,1000,0,0,0,8,1,40344,0,0,0,0,0,1000,0,0,0,66000
181,1,wc_u_elf_rogue,380633092,0,0,0,79000,11900,0,2000,0,0,0,11,2,70965,0,0,0,0,0,0,2,0,0,79000
181,1,wc_u_elf_mage,380633093,0,0,0,69000,31500,0,0,0,0,0,24,3,86782,16029,0,0,0,2492,3750,0,0,0,69000
181,1,wc_u_halfling_ranger,380633094,0,0,0,59000,25900,0,0,0,0,0,24,3,78686,0,0,0,0,301,0,0,3,0,59000
182,0,wc_u_dwarf_guardian,381681665,0,0,0,110000,11550,0,1000,2050,0,0,7,1,17598,0,0,0,0,0,4000,0,0,0,110000
182,0,wc_u_orc_guardian,381681666,0,0,0,112000,26650,0,5000,7250,0,0,15,3,38612,0,0,56000,37378,0,0,0,0,0,112000
182,0,wc_u_halfling_rogue,381681667,0,0,0,66000,7800,0,1000,0,0,0,8,1,36441,0,0,0,0,0,1000,0,0,0,66000
182,0,wc_u_elf_rogue,381681668,0,0,0,79000,11900,0,2000,0,0,0,11,2,60999,0,0,0,0,0,0,2,0,0,79000
182,0,wc_u_elf_mage,381681669,0,0,0,69000,18850,0,0,0,0,0,14,2,45356,10672,0,0,0,1318,2500,0,0,0,69000
182,0,wc_u_halfling_ranger,381681670,0,0,0,59000,25950,0,0,0,0,0,24,3,70416,0,0,0,0,301,0,0,3,0,59000
182,1,wc_u_human_guardian,382730241,0,0,0,105000,18150,0,2250,5600,0,0,11,2,28512,0,0,40000,33374,0,0,0,0,0,105000
182,1,wc_u_dwarf_guardian,382730242,0,1,36391,110000,26650,0,1000,0,0,0,16,3,35238,0,0,0,0,0,6000,0,0,0,73609
182,1,wc_u_elf_rogue,382730243,0,1,72729,79000,26650,3400,1000,0,0,0,28,3,173215,0,0,0,0,8368,0,3,0,0,6271
182,1,wc_u_orc_rogue,382730244,0,0,0,82000,5100,0,1700,0,0,0,4,0,23928,0,0,0,0,0,0,0,0,0,82000
182,1,wc_u_halfling_rogue,382730245,0,1,52786,66000,26650,8000,0,0,0,9000,24,3,99033,0,0,0,0,3032,3000,0,0,0,13214
182,1,wc_u_dragonkin_rogue,382730246,1,1,73000,73000,26650,2400,1000,0,0,0,27,3,111470,23604,0,0,0,6396,0,0,0,0,0
183,0,wc_u_human_guardian,383778817,0,0,0,105000,17700,0,3250,4850,0,0,10,2,26518,0,0,40000,25933,0,0,0,0,0,105000
183,0,wc_u_dwarf_guardian,383778818,0,1,110000,110000,27450,2200,2000,0,0,0,13,3,38808,0,0,0,0,0,6000,0,0,0,0
183,0,wc_u_elf_rogue,383778819,0,1,37872,79000,27450,800,2000,0,0,0,32,3,163633,0,0,0,0,8856,0,3,0,0,41128
183,0,wc_u_orc_rogue,383778820,0,0,0,82000,6000,0,2250,0,0,0,5,0,29302,0,0,0,0,0,0,0,0,0,82000
183,0,wc_u_halfling_rogue,383778821,0,1,59393,66000,27450,5600,0,0,0,6000,27,3,95696,0,0,0,0,0,3000,0,0,0,6607
183,0,wc_u_dragonkin_rogue,383778822,1,1,73000,73000,27450,3200,2000,0,0,0,28,3,117277,23766,0,0,0,15669,0,0,0,0,0
183,1,wc_u_dwarf_guardian,384827393,0,0,0,110000,16950,0,2000,4750,0,0,9,2,21346,0,0,0,0,0,8000,0,0,0,110000
183,1,wc_u_orc_guardian,384827394,0,0,0,112000,27450,1300,4150,6750,0,0,13,3,35442,0,0,70000,56000,0,0,0,0,0,112000
183,1,wc_u_halfling_rogue,384827395,0,0,0,66000,3300,0,0,0,0,0,4,1,20172,0,0,0,0,0,1000,0,0,0,66000
183,1,wc_u_elf_rogue,384827396,0,0,0,79000,7050,0,2000,0,0,0,6,1,36761,0,0,0,0,1693,0,1,0,0,79000
183,1,wc_u_elf_mage,384827397,0,0,0,69000,22550,0,0,0,0,0,16,2,59644,10672,0,0,0,0,2500,0,0,0,69000
183,1,wc_u_halfling_ranger,384827398,0,0,0,59000,17700,0,0,0,0,0,16,2,50698,0,0,0,0,10,0,0,2,0,59000
184,0,wc_u_dwarf_guardian,385875969,0,0,0,110000,11550,0,1000,2050,0,0,7,1,26782,0,0,0,0,0,4000,0,0,0,110000
184,0,wc_u_orc_guardian,385875970,0,0,0,112000,27550,0,4150,5650,0,0,15,3,33000,0,0,56000,42000,0,0,0,0,0,112000
184,0,wc_u_halfling_rogue,385875971,0,0,0,66000,6650,0,1000,0,0,0,7,1,35301,0,0,0,0,0,1000,0,0,0,66000
184,0,wc_u_elf_rogue,385875972,0,0,0,79000,9500,0,2000,0,0,0,9,1,57587,0,0,0,0,0,0,1,0,0,79000
184,0,wc_u_elf_mage,385875973,0,0,0,69000,34950,0,2000,0,0,0,25,3,83209,15574,0,0,0,4835,3750,0,0,0,69000
184,0,wc_u_halfling_ranger,385875974,0,1,18632,59000,40000,0,1000,0,0,0,35,5,113708,0,0,0,0,776,0,0,5,0,40368
184,1,wc_u_human_guardian,386924545,0,0,0,105000,33900,3000,2250,11900,0,0,19,4,54294,0,0,80000,47149,0,0,0,0,0,105000
184,1,wc_u_dwarf_guardian,386924546,0,1,110000,110000,40000,4600,1000,0,0,0,21,4,58642,0,0,0,0,0,7000,0,0,0,0
184,1,wc_u_elf_rogue,386924547,0,0,0,79000,8700,0,2100,0,0,0,8,1,46216,0,0,0,0,2302,0,1,0,0,79000
184,1,wc_u_orc_rogue,386924548,0,0,0,82000,9950,0,1000,0,0,0,11,0,64097,0,0,0,0,489,0,0,0,0,82000
184,1,wc_u_halfling_rogue,386924549,0,1,39839,66000,40000,7200,0,0,0,14100,41,5,170226,0,0,0,0,2793,5000,0,0,0,26161
184,1,wc_u_dragonkin_rogue,386924550,1,0,0,73000,16700,1600,2250,0,0,0,16,2,64515,18378,0,0,0,1622,0,0,0,0,73000
185,0,wc_u_human_guardian,387973121,0,1,10425,189000,21450,0,2250,6050,0,0,12,3,63239,0,0,108000,54673,0,0,0,0,0,178575
185,0,wc_u_dwarf_guardian,387973122,0,1,198000,198000,21450,0,1000,0,0,0,13,2,55416,0,0,0,0,2554,5000,0,0,0,0
185,0,wc_u_elf_rogue,387973123,0,1,119624,142200,21450,0,1000,0,0,3000,25,3,264247,0,0,0,0,8945,0,3,0,0,22576
185,0,wc_u_orc_rogue,387973124,0,1,43353,147600,21450,800,0,0,0,0,26,1,258848,0,0,0,0,6875,0,1,0,0,104247
185,0,wc_u_halfling_rogue,387973125,0,0,0,118800,5100,0,700,0,0,1600,6,1,43200,0,0,0,0,0,1000,0,0,0,118800
185,0,wc_u_dragonkin_rogue,387973126,1,1,86010,131400,21450,4000,1900,0,0,0,20,2,170050,36000,0,0,0,1796,0,0,0,0,45390
185,1,wc_u_dwarf_guardian,389021697,0,0,0,198000,9450,0,1000,0,0,0,6,1,26400,0,0,0,0,0,4000,0,0,0,198000
185,1,wc_u_orc_guardian,389021698,0,0,0,201600,21450,0,3000,3000,0,0,13,1,70296,0,0,25200,16883,0,0,0,0,0,201600
185,1,wc_u_halfling_rogue,389021699,0,0,0,118800,5550,0,1000,0,0,0,5,1,45390,0,0,0,0,0,1000,0,0,0,118800
185,1,wc_u_elf_rogue,389021700,0,0,0,142200,12100,0,1000,0,0,0,13,2,150609,0,0,0,0,0,0,2,0,0,142200
185,1,wc_u_elf_mage,389021701,0,0,0,124200,17450,0,0,0,0,0,13,2,75934,19034,0,0,0,0,2500,0,0,0,124200
185,1,wc_u_halfling_ranger,389021702,0,0,0,106200,17750,0,0,0,0,0,17,2,81925,0,0,0,0,6556,0,0,2,0,106200
186,0,wc_u_dwarf_guardian,390070273,0,0,0,198000,15500,0,2000,3250,0,0,9,2,32886,0,0,0,0,4074,8000,0,0,0,198000
186,0,wc_u_orc_guardian,390070274,0,0,0,201600,21550,0,3450,5850,0,0,11,2,55562,0,0,100800,75600,0,0,0,0,0,201600
186,0,wc_u_halfling_rogue,390070275,0,0,0,118800,5550,0,1000,0,0,0,5,1,45390,0,0,0,0,0,1000,0,0,0,118800
186,0,wc_u_elf_rogue,390070276,0,0,0,142200,9100,0,2000,0,0,0,8,1,93284,0,0,0,0,0,0,1,0,0,142200
186,0,wc_u_elf_mage,390070277,0,0,0,124200,13950,0,0,0,0,0,11,1,60104,0,0,0,0,0,1250,0,0,0,124200
186,0,wc_u_halfling_ranger,390070278,0,0,0,106200,17150,0,0,0,0,0,15,2,70019,0,0,0,0,0,0,0,2,0,106200
186,1,wc_u_human_guardian,391118849,0,0,0,189000,15500,0,3100,4700,0,0,9,2,44592,0,0,72000,72000,0,0,0,0,0,189000
186,1,wc_u_dwarf_guardian,391118850,0,1,198000,198000,21550,0,2000,0,0,0,12,2,55413,0,0,0,0,1853,6000,0,0,0,0
186,1,wc_u_elf_rogue,391118851,0,1,142200,142200,21550,800,1000,0,0,0,25,3,282942,0,0,0,0,8945,0,3,0,0,0
186,1,wc_u_orc_rogue,391118852,0,1,78102,147600,21550,800,1000,0,0,0,24,1,224328,0,0,0,0,7885,0,1,0,0,69498
186,1,wc_u_halfling_rogue,391118853,0,1,65443,118800,21550,4800,0,0,0,6000,19,3,124776,0,0,0,0,0,3000,0,0,0,53357
186,1,wc_u_dragonkin_rogue,391118854,1,1,86010,131400,21550,1600,2900,0,0,0,22,2,154726,4223,0,0,0,13777,0,0,0,0,45390
187,0,wc_u_human_guardian,392167425,0,0,0,189000,33900,1900,4250,11900,0,0,18,4,92017,0,0,144000,68666,1402,0,0,0,0,189000
187,0,wc_u_dwarf_guardian,392167426,0,1,198000,198000,37050,5750,3000,0,0,0,17,3,82143,0,0,0,0,1245,6000,0,0,0,0
187,0,wc_u_elf_rogue,392167427,0,0,0,142200,16300,0,3200,0,0,3000,17,2,202707,0,0,0,0,3984,0,2,0,0,142200
187,0,wc_u_orc_rogue,392167428,0,1,20343,147600,37050,0,2000,0,0,6000,43,2,360749,0,0,0,0,8674,0,2,0,0,127257
187,0,wc_u_halfling_rogue,392167429,0,0,0,118800,10100,0,0,0,0,3000,13,1,93600,0,0,0,0,0,1000,0,0,0,118800
187,0,wc_u_dragonkin_rogue,392167430,1,0,0,131400,6100,0,3000,0,0,0,4,1,41784,18000,0,0,0,0,0,0,0,0,131400
187,1,wc_u_dwarf_guardian,393216001,0,0,0,198000,30800,0,3000,2950,0,0,17,3,97893,0,0,0,0,0,11000,0,0,0,198000
187,1,wc_u_orc_guardian,393216002,0,0,0,201600,20150,0,3000,3000,0,0,12,1,78246,0,0,50400,48042,3402,0,0,0,0,201600
187,1,wc_u_halfling_rogue,393216003,0,0,0,118800,2900,0,0,0,0,0,3,1,27234,0,0,0,0,0,1000,0,0,0,118800
187,1,wc_u_elf_rogue,393216004,0,0,0,142200,10700,0,1000,0,0,0,11,2,128033,0,0,0,0,0,0,2,0,0,142200
187,1,wc_u_elf_mage,393216005,0,0,0,124200,33850,0,0,0,0,0,25,3,157928,28034,0,0,0,0,3750,0,0,0,124200
187,1,wc_u_halfling_ranger,393216006,0,0,0,106200,37050,0,0,0,0,0,34,4,191289,0,0,0,0,7362,0,0,4,0,106200
188,0,wc_u_dwarf_guardian,394264577,0,0,0,198000,17150,0,2000,1300,0,0,10,2,63539,0,0,0,0,0,8000,0,0,0,198000
188,0,wc_u_orc_guardian,394264578,0,0,0,201600,28050,4600,4350,6700,0,0,13,3,94016,0,0,100800,75600,0,0,0,0,0,201600
188,0,wc_u_halfling_rogue,394264579,0,0,0,118800,2900,0,0,0,0,0,3,1,27234,0,0,0,0,0,1000,0,0,0,118800
188,0,wc_u_elf_rogue,394264580,0,0,0,142200,7800,0,2000,0,0,0,7,1,80491,0,0,0,0,0,0,1,0,0,142200
188,0,wc_u_elf_mage,394264581,0,0,0,124200,13950,0,0,0,0,0,11,1,75458,9643,0,0,0,7340,1250,0,0,0,124200
188,0,wc_u_halfling_ranger,394264582,0,0,0,106200,26100,0,0,0,0,0,23,3,153070,0,0,0,0,0,0,0,3,0,106200
188,1,wc_u_human_guardian,395313153,0,1,189000,189000,28050,0,2000,9000,0,0,18,3,94978,0,0,108000,0,0,0,0,0,0,0
188,1,wc_u_dwarf_guardian,395313154,0,1,120080,198000,28050,0,2000,0,0,0,16,3,77222,0,0,0,0,0,6000,0,0,0,77920
188,1,wc_u_elf_rogue,395313155,0,0,0,142200,8700,0,2100,0,0,0,8,1,91710,0,0,0,0,3984,0,1,0,0,142200
188,1,wc_u_orc_rogue,395313156,0,1,89685,147600,28050,800,1000,0,0,3000,32,3,317701,0,0,0,0,15971,0,3,0,0,57915
188,1,wc_u_halfling_rogue,395313157,0,1,24784,118800,28050,4000,0,0,0,3000,31,4,192125,0,0,0,0,3625,4000,0,0,0,94016
188,1,wc_u_dragonkin_rogue,395313158,1,0,0,131400,13700,0,2900,0,0,1600,14,1,117264,0,0,0,0,0,0,0,0,0,131400
189,0,wc_u_human_guardian,396361729,0,0,0,189000,18150,0,2250,5600,0,0,11,2,57280,0,0,72000,60073,0,0,0,0,0,189000
189,0,wc_u_dwarf_guardian,396361730,0,1,166580,198000,31500,3450,1000,0,0,0,16,4,63432,0,0,0,0,0,7000,0,0,0,31420
189,0,wc_u_elf_rogue,396361731,0,1,130912,142200,31500,2400,1000,0,0,0,36,4,386971,0,0,0,0,25170,0,4,0,0,11288
189,0,wc_u_orc_rogue,396361732,0,0,0,147600,5100,0,1700,0,0,0,4,0,43072,0,0,0,0,0,0,0,0,0,147600
189,0,wc_u_halfling_rogue,396361733,0,0,0,118800,26500,8000,700,0,0,6000,22,3,169317,0,0,0,0,0,3000,0,0,0,118800
189,0,wc_u_dragonkin_rogue,396361734,1,0,0,131400,20650,1600,1000,0,0,3000,21,3,128422,42506,0,0,0,11494,0,0,0,0,131400
189,1,wc_u_dwarf_guardian,397410305,0,0,0,198000,11550,0,1000,2050,0,0,7,1,31680,0,0,0,0,0,4000,0,0,0,198000
189,1,wc_u_orc_guardian,397410306,0,0,0,201600,27400,0,5000,7200,0,0,15,3,70783,0,0,100800,75600,6556,0,0,0,0,201600
189,1,wc_u_halfling_rogue,397410307,0,0,0,118800,7800,0,1000,0,0,0,8,1,72624,0,0,0,0,0,1000,0,0,0,118800
189,1,wc_u_elf_rogue,397410308,0,0,0,142200,11900,0,2000,0,0,0,11,2,127738,0,0,0,0,0,0,2,0,0,142200
189,1,wc_u_elf_mage,397410309,0,0,0,124200,31500,0,0,0,0,0,24,3,156204,28852,0,0,0,4483,3750,0,0,0,124200
189,1,wc_u_halfling_ranger,397410310,0,0,0,106200,25900,0,0,0,0,0,24,3,141627,0,0,0,0,544,0,0,3,0,106200
190,0,wc_u_dwarf_guardian,398458881,0,0,0,198000,11550,0,1000,2050,0,0,7,1,31680,0,0,0,0,0,4000,0,0,0,198000
190,0,wc_u_orc_guardian,398458882,0,0,0,201600,26900,0,5000,7150,0,0,15,3,69504,0,0,100800,67283,0,0,0,0,0,201600
190,0,wc_u_halfling_rogue,398458883,0,0,0,118800,7800,0,1000,0,0,0,8,1,65595,0,0,0,0,0,1000,0,0,0,118800
190,0,wc_u_elf_rogue,398458884,0,0,0,142200,11900,0,2000,0,0,0,11,2,109804,0,0,0,0,0,0,2,0,0,142200
190,0,wc_u_elf_mage,398458885,0,0,0,124200,18850,0,0,0,0,0,14,2,81643,19209,0,0,0,2368,2500,0,0,0,124200
190,0,wc_u_halfling_ranger,398458886,0,0,0,106200,25950,0,0,0,0,0,24,3,126742,0,0,0,0,544,0,0,3,0,106200
190,1,wc_u_human_guardian,399507457,0,0,0,189000,18150,0,2250,5600,0,0,11,2,51321,0,0,72000,60073,0,0,0,0,0,189000
190,1,wc_u_dwarf_guardian,399507458,0,1,65497,198000,26900,0,1000,0,0,0,16,3,63432,0,0,0,0,0,6000,0,0,0,132503
190,1,wc_u_elf_rogue,399507459,0,1,130912,142200,26900,3650,1000,0,0,0,28,3,311795,0,0,0,0,15052,0,3,0,0,11288
190,1,wc_u_orc_rogue,399507460,0,0,0,147600,5100,0,1700,0,0,0,4,0,43072,0,0,0,0,0,0,0,0,0,147600
190,1,wc_u_halfling_rogue,399507461,0,1,95014,118800,26900,8000,0,0,0,9000,24,3,178254,0,0,0,0,5463,3000,0,0,0,23786
190,1,wc_u_dragonkin_rogue,399507462,1,1,131400,131400,26900,2400,1000,0,0,0,27,3,200620,42506,0,0,0,11494,0,0,0,0,0
191,0,wc_u_human_guardian,400556033,0,0,0,189000,17700,0,3250,5500,0,0,10,2,42154,0,0,72000,46680,0,0,0,0,0,189000
191,0,wc_u_dwarf_guardian,400556034,0,1,198000,198000,27300,2050,2000,0,0,0,13,3,70434,0,0,0,0,0,6000,0,0,0,0
191,0,wc_u_elf_rogue,400556035,0,1,68176,142200,27300,800,2000,0,0,0,32,3,294924,0,0,0,0,15927,0,3,0,0,74024
191,0,wc_u_orc_rogue,400556036,0,0,0,147600,6000,0,2250,0,0,0,5,0,52744,0,0,0,0,0,0,0,0,0,147600
191,0,wc_u_halfling_rogue,400556037,0,1,106907,118800,27300,5600,0,0,0,6000,28,3,165646,0,0,0,0,13436,3000,0,0,0,11893
191,0,wc_u_dragonkin_rogue,400556038,1,1,131400,131400,27300,3200,2000,0,0,0,27,3,222314,42784,0,0,0,13886,0,0,0,0,0
191,1,wc_u_dwarf_guardian,401604609,0,0,0,198000,16950,0,2000,4200,0,0,9,2,36960,0,0,0,0,0,8000,0,0,0,198000
191,1,wc_u_orc_guardian,401604610,0,0,0,201600,27300,1650,4450,7100,0,0,13,3,65243,0,0,126000,100800,15,0,0,0,0,201600
191,1,wc_u_halfling_rogue,401604611,0,0,0,118800,3300,0,0,0,0,0,4,1,36312,0,0,0,0,0,1000,0,0,0,118800
191,1,wc_u_elf_rogue,401604612,0,0,0,142200,7100,0,2000,0,0,0,6,1,66169,0,0,0,0,3049,0,1,0,0,142200
191,1,wc_u_elf_mage,401604613,0,0,0,124200,22550,0,0,0,0,0,16,2,107354,19209,0,0,0,0,2500,0,0,0,124200
191,1,wc_u_halfling_ranger,401604614,0,0,0,106200,17700,0,0,0,0,0,16,2,91270,0,0,0,0,0,0,0,2,0,106200
192,0,wc_u_dwarf_guardian,402653185,0,0,0,198000,11550,0,1000,2050,0,0,7,1,48209,0,0,0,0,0,4000,0,0,0,198000
192,0,wc_u_orc_guardian,402653186,0,0,0,201600,27800,0,4450,5400,0,0,15,3,64800,0,0,100800,75600,0,0,0,0,0,201600
192,0,wc_u_halfling_rogue,402653187,0,0,0,118800,6650,0,1000,0,0,0,7,1,63546,0,0,0,0,0,1000,0,0,0,118800
192,0,wc_u_elf_rogue,402653188,0,0,0,142200,9500,0,2000,0,0,0,9,1,103657,0,0,0,0,0,0,1,0,0,142200
192,0,wc_u_elf_mage,402653189,0,0,0,124200,36000,0,2000,0,0,0,24,4,149491,37677,0,0,0,8980,5000,0,0,0,124200
192,0,wc_u_halfling_ranger,402653190,0,1,69866,106200,40000,0,1000,0,0,0,34,5,199552,0,0,0,0,629,0,0,5,0,36334
192,1,wc_u_human_guardian,403701761,0,0,0,189000,33550,3000,2250,11900,0,0,18,4,89116,0,0,144000,71953,0,0,0,0,0,189000
192,1,wc_u_dwarf_guardian,403701762,0,1,198000,198000,40000,4600,1000,0,0,0,20,4,98226,0,0,0,0,0,7000,0,0,0,0
192,1,wc_u_elf_rogue,403701763,0,0,0,142200,8700,0,2100,0,0,0,8,1,83188,0,0,0,0,4148,0,1,0,0,142200
192,1,wc_u_orc_rogue,403701764,0,0,0,147600,9950,0,1000,0,0,0,11,0,115377,0,0,0,0,879,0,0,0,0,147600
192,1,wc_u_halfling_rogue,403701765,0,1,62068,118800,40000,7200,1250,0,0,14100,39,5,286020,0,0,0,0,6715,5000,0,0,0,56732
192,1,wc_u_dragonkin_rogue,403701766,1,0,0,131400,16700,1600,2250,0,0,0,16,2,116107,33100,0,0,0,2900,0,0,0,0,131400
