variant,seed,round,index,kind,ticks,timeout,winner,survivors_a,survivors_b,health_damage_cp,effective_healing_cp,logged_recipient_overheal_cp,guard_prevented_cp,first_action_tick,first_death_tick,deaths,crag_instances,charging_sources,charge_movement_landings,charge_damage_cp,roots_a,roots_b,max_duplicates_a,max_duplicates_b,survivor_investment_a,survivor_investment_b
roster,1,1,0,neutral,77,0,0,4,0,22556,0,0,0,18,77,1,0,0,0,0,0,0,2,0,4,0
roster,1,1,1,neutral,40,0,0,4,0,21000,0,0,0,17,40,1,1,1,1,16000,0,0,1,0,5,0
roster,1,1,2,neutral,56,0,0,4,0,22556,0,0,0,17,56,1,2,1,0,16000,0,0,2,0,5,0
roster,1,1,3,neutral,56,0,0,4,0,22909,0,0,0,17,56,1,1,1,1,7182,1,0,1,0,6,0
roster,1,1,4,neutral,88,0,0,4,0,24112,3112,3888,0,17,88,1,1,1,1,4364,1,0,1,0,6,0
roster,1,1,5,neutral,102,0,0,4,0,24112,1556,1944,0,18,102,1,0,0,0,0,1,0,2,0,5,0
roster,1,1,6,neutral,49,0,0,4,0,21000,0,0,0,17,49,1,1,1,1,17136,0,0,2,0,5,0
roster,1,1,7,neutral,64,0,0,4,0,21000,0,0,0,18,64,1,0,0,0,0,0,0,1,0,5,0
roster,1,2,0,neutral,94,0,0,4,0,46305,0,0,0,17,44,2,1,1,1,17136,0,0,1,0,7,0
roster,1,2,1,neutral,113,0,0,4,0,46224,0,0,0,18,64,2,0,0,0,0,0,0,1,0,9,0
roster,1,2,2,neutral,72,0,0,4,0,43148,0,0,0,17,58,2,1,1,1,18000,0,0,1,0,8,0
roster,1,2,3,neutral,106,0,0,4,0,48740,0,0,0,17,56,2,1,1,0,16000,0,0,1,0,8,0
roster,1,2,4,neutral,133,0,0,4,0,49370,3500,0,0,17,56,2,1,1,1,12182,1,0,1,0,6,0
roster,1,2,5,neutral,146,0,0,4,0,50926,0,0,0,18,73,2,0,0,0,0,1,0,1,0,7,0
roster,1,2,6,neutral,72,0,0,4,0,41435,0,0,0,17,49,2,1,1,1,17136,0,0,2,0,9,0
roster,1,2,7,neutral,171,0,0,4,0,53000,0,0,0,18,89,2,0,0,0,0,0,0,2,0,5,0
roster,1,3,0,neutral,164,0,0,5,0,88131,14000,0,0,18,60,3,0,0,0,0,1,0,2,0,11,0
roster,1,3,1,neutral,133,0,0,5,0,80868,0,0,0,18,64,3,0,0,0,0,0,0,1,0,12,0
roster,1,3,2,neutral,157,0,0,5,0,84416,0,0,763,18,64,3,0,0,0,0,0,0,2,0,12,0
roster,1,3,3,neutral,162,0,0,5,0,86566,0,0,0,17,70,3,1,0,0,0,0,0,1,0,10,0
roster,1,3,4,neutral,162,0,0,5,0,84271,7000,0,730,17,49,3,1,1,0,15364,1,0,1,0,8,0
roster,1,3,5,neutral,156,0,0,5,0,84740,7000,0,0,18,60,3,0,0,0,0,1,0,1,0,11,0
roster,1,3,6,neutral,89,0,0,5,0,72826,0,0,0,17,56,3,2,2,0,32255,0,0,2,0,12,0
roster,1,3,7,neutral,131,0,0,5,0,82925,0,0,0,18,89,3,0,0,0,0,0,0,2,0,9,0
roster,1,4,0,pvp,743,0,1,0,2,1033306,103205,2795,0,18,112,8,0,0,0,0,1,0,1,2,0,5
roster,1,4,1,pvp,436,0,0,2,0,935288,0,0,0,17,106,8,1,0,0,0,0,0,1,2,6,0
roster,1,4,2,pvp,655,0,0,1,0,1052713,101546,3454,0,17,133,9,1,1,0,31087,0,1,1,1,9,0
roster,1,4,3,pvp,494,0,1,0,3,910460,55148,852,0,17,109,7,1,1,0,26478,1,0,1,2,0,13
roster,1,5,0,neutral,223,0,0,4,0,347910,10500,0,0,8,121,4,0,0,0,0,1,0,1,0,11,0
roster,1,5,1,neutral,219,0,0,5,0,332985,0,0,0,18,142,3,0,0,0,0,0,0,1,0,20,0
roster,1,5,2,neutral,267,0,0,5,0,328699,14000,0,0,8,93,3,0,0,0,0,1,0,1,0,14,0
roster,1,5,3,neutral,236,0,0,5,0,350773,0,0,0,8,127,3,0,0,0,0,0,0,2,0,17,0
roster,1,5,4,neutral,185,0,0,5,0,321739,0,0,0,8,89,3,2,2,1,96295,1,0,2,0,14,0
roster,1,5,5,neutral,203,0,0,4,0,347414,7000,0,0,8,106,4,0,0,0,0,1,0,1,0,11,0
roster,1,5,6,neutral,182,0,0,5,0,327815,0,0,0,17,97,3,1,1,0,30545,0,0,1,0,19,0
roster,1,5,7,neutral,217,0,0,5,0,313045,0,0,0,8,77,3,0,0,0,0,0,0,2,0,13,0
roster,1,6,0,pvp,561,0,1,0,1,1157797,0,0,7749,18,143,9,0,0,0,0,0,0,2,1,0,3
roster,1,6,1,pvp,540,0,0,4,0,991868,140682,2818,7552,8,101,6,2,2,1,52956,1,1,1,2,12,0
roster,1,6,2,pvp,340,0,1,0,5,658886,0,0,0,17,156,5,1,1,0,21677,0,0,2,1,0,19
roster,1,6,3,pvp,401,0,1,0,2,866859,0,0,0,17,99,8,1,1,0,23739,0,0,2,2,0,6
roster,1,7,0,pvp,424,0,0,3,0,999461,0,0,0,18,133,7,0,0,0,0,0,0,2,1,9,0
roster,1,7,1,pvp,591,0,0,1,0,1227647,0,0,0,17,218,9,1,1,1,97662,0,0,1,2,3,0
roster,1,7,2,pvp,383,0,1,0,4,903465,28000,0,0,17,89,6,1,1,2,68029,1,0,1,2,0,17
roster,1,7,3,pvp,638,0,1,0,1,1099431,0,0,0,17,65,9,3,3,0,65739,0,0,2,2,0,3
roster,1,8,0,pvp,404,0,0,3,0,1212109,0,0,0,17,111,7,1,1,0,30545,0,0,1,2,18,0
roster,1,8,1,pvp,372,0,0,4,0,1040115,0,0,3913,17,94,6,2,2,2,102134,0,0,1,2,18,0
roster,1,8,2,pvp,423,0,0,3,0,1241824,93500,0,23686,17,70,7,2,1,1,72172,0,1,1,1,8,0
roster,1,8,3,pvp,531,0,1,0,2,1263936,16500,0,19448,8,116,8,2,2,0,56899,0,1,2,2,0,6
roster,1,9,0,pvp,425,0,0,3,0,1337615,0,0,2583,17,77,9,3,3,0,89850,0,0,1,2,15,0
roster,1,9,1,pvp,318,0,0,5,0,1065562,0,0,0,17,111,7,2,2,1,73923,0,0,2,1,21,0
roster,1,9,2,pvp,530,0,1,0,4,1471101,128543,3457,2062,8,151,8,1,1,1,29217,1,1,2,2,0,15
roster,1,9,3,pvp,537,0,0,3,0,1408184,60500,0,0,17,72,9,2,2,0,52956,0,1,2,1,9,0
roster,1,10,0,neutral,233,0,0,6,0,454280,0,0,0,8,122,3,1,1,0,30545,0,0,2,0,27,0
roster,1,10,1,neutral,241,0,0,6,0,423259,0,0,0,8,89,3,2,2,2,78247,0,0,2,0,27,0
roster,1,10,2,neutral,208,0,0,6,0,441387,53500,0,12270,8,150,3,1,1,2,52500,1,0,1,0,33,0
roster,1,10,3,neutral,181,0,0,6,0,450778,0,0,0,8,56,3,2,2,2,66543,0,0,2,0,27,0
roster,1,10,4,neutral,172,0,0,6,0,441720,0,0,0,8,56,3,2,2,2,40255,0,0,2,0,18,0
roster,1,10,5,neutral,211,0,0,6,0,454229,33000,0,14315,8,99,3,1,1,1,41887,1,0,1,0,30,0
roster,1,10,6,neutral,201,0,0,6,0,463166,0,0,0,17,121,3,1,1,0,30545,0,0,2,0,21,0
roster,1,10,7,neutral,210,0,0,6,0,478678,27500,0,0,8,120,3,2,2,1,51808,1,0,2,0,24,0
roster,1,11,0,pvp,407,0,0,4,0,1412844,71500,0,6720,17,122,8,3,3,1,157883,0,1,2,2,21,0
roster,1,11,1,pvp,402,0,1,0,3,1523938,16500,0,3913,17,89,9,3,3,3,98460,0,1,2,1,0,18
roster,1,11,2,pvp,539,0,1,0,3,1501084,70000,0,0,17,129,9,2,2,3,103743,1,0,1,2,0,9
roster,1,11,3,pvp,436,0,0,3,0,1310634,0,0,0,17,82,9,4,3,0,101034,0,0,2,2,18,0
roster,1,12,0,pvp,395,0,0,5,0,1472758,0,0,3000,17,111,7,3,3,3,149894,0,0,2,2,24,0
roster,1,12,1,pvp,531,0,0,2,0,1491028,0,0,0,17,131,10,4,4,1,165701,0,0,2,2,6,0
roster,1,12,2,pvp,439,0,0,5,0,1432098,294000,0,0,8,85,7,3,3,3,106535,1,1,1,2,30,0
roster,1,12,3,pvp,463,0,0,2,0,1579621,11000,0,0,17,94,10,2,2,1,56899,1,0,1,2,15,0
roster,1,13,0,pvp,512,0,0,3,0,1779075,72873,4127,0,17,94,9,2,2,1,45103,0,1,1,2,24,0
roster,1,13,1,pvp,408,0,0,3,0,1424189,33000,0,0,17,70,9,4,4,2,131026,0,1,2,2,12,0
roster,1,13,2,pvp,450,0,0,4,0,1445201,185043,9957,5400,8,73,8,3,3,1,150195,1,0,1,2,21,0
roster,1,13,3,pvp,461,0,1,0,4,1371079,0,0,0,17,112,8,3,3,2,87651,0,0,2,2,0,18
roster,1,14,0,pvp,398,0,0,5,0,1441150,92000,0,0,17,140,7,2,2,1,59762,0,1,1,1,36,0
roster,1,14,1,pvp,421,0,1,0,4,1349802,0,0,0,17,113,8,3,3,0,78251,0,0,2,2,0,21
roster,1,14,2,pvp,587,0,1,0,1,1550245,0,0,0,17,121,11,4,3,1,152141,0,0,2,2,0,3
roster,1,14,3,pvp,418,0,0,4,0,1363638,180652,848,0,17,72,8,3,3,2,94219,1,1,2,2,24,0
roster,1,15,0,neutral,254,0,0,5,0,605870,0,0,0,8,113,4,1,1,0,58227,0,0,1,0,36,0
roster,1,15,1,neutral,245,0,0,6,0,594477,0,0,0,8,127,3,2,2,1,65930,0,0,2,0,27,0
roster,1,15,2,neutral,281,0,0,6,0,634791,48000,0,0,8,181,3,1,1,0,30545,1,0,1,0,33,0
roster,1,15,3,neutral,186,0,0,6,0,606120,0,0,0,8,113,3,2,2,2,88772,0,0,2,0,27,0
roster,1,15,4,neutral,234,0,0,6,0,593218,0,0,0,8,124,3,2,2,0,61911,0,0,2,0,18,0
roster,1,15,5,neutral,184,0,0,6,0,607153,44000,0,0,8,116,3,1,1,1,30545,1,0,2,0,33,0
roster,1,15,6,neutral,216,0,0,6,0,582131,0,0,0,17,137,3,1,1,1,58227,0,0,2,0,33,0
roster,1,15,7,neutral,222,0,0,5,0,617818,16500,0,0,8,105,4,2,2,2,77318,1,0,2,0,21,0
roster,1,16,0,pvp,443,0,0,3,0,1575155,0,0,0,17,159,9,2,2,0,48865,0,0,1,2,24,0
roster,1,16,1,pvp,420,0,0,3,0,1488496,79500,0,0,17,118,9,3,3,4,151723,0,1,2,1,18,0
roster,1,16,2,pvp,398,0,1,0,4,1290138,141921,6579,10988,17,103,8,3,2,1,50967,0,1,2,2,0,24
roster,1,16,3,pvp,473,0,0,4,0,1512306,250942,7558,0,8,69,8,4,4,4,184236,1,1,2,2,12,0
roster,1,17,0,pvp,390,0,0,4,0,1469618,11000,0,0,17,140,8,3,3,3,162550,1,0,1,2,27,0
roster,1,17,1,pvp,282,0,0,6,0,1260248,49500,0,0,17,106,7,4,4,5,149840,0,1,2,2,27,0
roster,1,17,2,pvp,405,0,1,0,6,1530889,151000,0,14286,8,155,7,2,2,1,120606,1,1,1,2,0,27
roster,1,17,3,pvp,393,0,1,0,3,1480038,11000,0,0,17,70,9,2,2,2,58434,1,0,2,2,0,24
roster,1,18,0,pvp,536,0,1,0,1,1884378,22000,0,0,17,138,12,3,3,1,140999,1,0,1,2,0,6
roster,1,18,1,pvp,543,0,1,0,2,1701348,96000,0,4082,8,95,10,3,3,5,150621,1,0,1,2,0,12
roster,1,18,2,pvp,403,0,1,0,5,1320652,126500,0,0,8,121,7,3,2,2,114129,1,1,2,2,0,27
roster,1,18,3,pvp,626,0,0,3,0,2006063,121000,0,0,17,102,10,2,2,0,68087,0,1,2,2,24,0
roster,1,19,0,pvp,330,0,0,6,0,1468488,55000,0,0,17,82,8,3,3,0,105121,1,1,1,2,39,0
roster,1,19,1,pvp,485,0,0,3,0,1835359,65045,955,0,17,89,11,4,4,3,175065,0,1,2,2,12,0
roster,1,19,2,pvp,419,0,1,0,5,1585172,103000,0,6261,17,164,9,3,3,0,81788,1,0,2,2,0,24
roster,1,19,3,pvp,572,0,1,0,4,1892383,132000,0,3913,17,89,10,3,3,2,139887,0,1,2,2,0,18
roster,1,20,0,neutral,221,0,0,6,0,732174,22000,0,0,8,106,4,1,1,2,61090,1,0,1,0,39,0
roster,1,20,1,neutral,278,0,0,7,0,734294,0,0,0,8,142,3,2,2,3,88772,0,0,2,0,30,0
roster,1,20,2,neutral,258,0,0,7,0,727109,103000,0,0,8,108,3,1,1,0,46773,1,0,2,0,36,0
roster,1,20,3,neutral,246,0,0,6,0,804522,0,0,0,8,125,4,2,2,1,45965,0,0,2,0,27,0
roster,1,20,4,neutral,231,0,0,7,0,727904,38500,0,0,8,133,3,2,2,0,58227,1,0,2,0,24,0
roster,1,20,5,neutral,220,0,0,7,0,767337,55000,0,0,8,104,3,2,2,1,41661,1,0,2,0,36,0
roster,1,20,6,neutral,235,0,0,7,0,687652,0,0,0,17,125,3,1,1,0,49637,0,0,2,0,42,0
roster,1,20,7,neutral,251,0,0,6,0,782600,0,0,0,8,143,4,1,1,0,39000,1,0,2,0,24,0
roster,1,21,0,pvp,549,0,0,3,0,1956301,121173,5327,7826,17,122,11,2,2,1,99027,1,1,1,2,18,0
roster,1,21,1,pvp,383,0,1,0,4,1722962,0,0,0,17,89,10,4,4,3,161163,0,0,2,2,0,15
roster,1,21,2,pvp,403,0,1,0,5,1605000,199132,2868,0,8,115,9,3,2,3,109399,1,1,2,2,0,27
roster,1,21,3,pvp,404,0,1,0,3,1539076,11000,0,0,17,94,11,3,2,2,91596,1,0,2,2,0,27
roster,1,22,0,pvp,547,0,1,0,2,2049720,115500,0,0,17,83,12,3,3,5,176809,1,1,1,2,0,6
roster,1,22,1,pvp,483,0,0,4,0,1793158,93500,0,0,17,93,10,3,3,0,139201,0,1,2,2,21,0
roster,1,22,2,pvp,543,0,1,0,3,1696600,118000,0,0,8,105,11,3,2,1,91935,1,0,2,2,0,12
roster,1,22,3,pvp,601,0,0,2,0,2011997,55000,0,0,17,94,12,3,3,4,144519,1,0,2,2,12,0
roster,1,23,0,pvp,490,0,0,5,0,1862811,199531,3969,0,17,136,9,2,2,1,81995,1,1,1,2,33,0
roster,1,23,1,pvp,387,0,0,5,0,1613067,59000,0,0,17,125,9,3,3,3,142286,0,1,2,2,24,0
roster,1,23,2,pvp,529,0,1,0,3,1801090,0,0,0,17,128,11,3,2,0,55674,0,0,2,2,0,21
roster,1,23,3,pvp,399,0,1,0,4,1639834,217578,2422,0,8,109,10,4,3,4,155900,1,1,2,2,0,24
roster,1,24,0,pvp,660,0,0,1,0,2271933,164959,5541,3944,17,106,13,3,3,4,111197,1,1,1,2,9,0
roster,1,24,1,pvp,389,0,0,4,0,1426318,16500,0,11870,17,89,10,4,3,2,125759,0,1,2,2,15,0
roster,1,24,2,pvp,427,0,1,0,5,1684746,151000,0,20841,17,125,9,2,1,0,27682,1,0,2,2,0,30
roster,1,24,3,pvp,693,0,1,0,2,2099998,203500,0,8348,17,105,12,3,3,2,113966,0,1,2,2,0,9
roster,1,25,0,neutral,418,0,0,5,0,1784282,22000,0,0,8,120,6,1,1,1,63325,1,0,1,0,30,0
roster,1,25,1,neutral,415,0,0,5,0,1678608,0,0,0,8,179,6,2,2,2,88772,0,0,2,0,24,0
roster,1,25,2,neutral,574,0,0,5,0,1824146,176364,636,0,8,151,6,1,1,1,104999,1,0,2,0,24,0
roster,1,25,3,neutral,575,0,0,2,0,2005429,0,0,0,8,108,9,2,2,1,77318,0,0,2,0,12,0
roster,1,25,4,neutral,554,0,0,3,0,1923459,16500,0,0,8,83,8,2,2,2,107864,1,0,2,0,9,0
roster,1,25,5,neutral,570,0,0,3,0,2061290,88000,0,9676,8,125,8,2,2,1,61090,1,0,2,0,18,0
roster,1,25,6,neutral,548,0,0,4,0,1787793,0,0,0,17,142,7,1,1,0,52500,0,0,2,0,27,0
roster,1,25,7,neutral,900,1,0,2,2,2255929,159500,0,20868,8,108,7,1,1,0,39000,1,0,2,0,9,0
roster,1,26,0,pvp,402,0,0,4,0,1638578,126500,0,0,17,94,10,3,3,2,129662,1,0,2,2,27,0
roster,1,26,1,pvp,400,0,1,0,3,1628565,93500,0,0,17,89,11,4,4,1,128062,0,1,2,2,0,21
roster,1,26,2,pvp,502,0,0,6,0,1799366,206000,0,0,8,104,9,4,4,3,110454,1,1,2,2,27,0
roster,1,26,3,pvp,580,0,0,2,0,1988660,70652,848,0,17,97,12,2,2,0,68087,0,1,2,2,15,0
roster,1,27,0,pvp,661,0,0,3,0,2393953,285502,1498,8248,17,200,12,3,3,1,74329,1,1,2,2,24,0
roster,1,27,1,pvp,383,0,0,6,0,1551712,0,0,0,17,118,9,4,4,2,181552,0,0,2,2,24,0
roster,1,27,2,pvp,369,0,1,0,6,1437333,11000,0,0,17,117,9,4,4,2,140608,1,0,2,2,0,42
roster,1,27,3,pvp,407,0,0,6,0,1955455,201109,2391,3913,17,81,9,3,3,3,128887,1,1,2,2,30,0
roster,1,28,0,pvp,349,0,0,5,0,1532352,55000,0,0,17,118,9,3,3,1,105574,1,0,2,2,36,0
roster,1,28,1,pvp,413,0,1,0,5,1864436,0,0,0,17,121,11,4,4,2,136418,0,0,2,2,0,36
roster,1,28,2,pvp,462,0,1,0,5,2067616,310500,0,3913,8,85,11,4,4,3,135947,1,1,2,2,0,27
roster,1,28,3,pvp,469,0,1,0,4,1760088,137000,500,7138,8,97,10,3,3,2,141396,1,1,2,2,0,15
roster,1,29,0,ghost,466,0,0,5,0,2118746,44000,0,12522,17,121,10,3,3,1,88979,0,1,2,2,30,0
roster,1,29,1,pvp,524,0,1,0,6,1940283,104500,0,0,17,145,9,3,3,2,113278,1,0,2,2,0,24
roster,1,29,2,pvp,483,0,0,7,0,1904281,379111,8389,7749,8,145,8,3,3,2,168924,1,1,2,2,30,0
roster,1,29,3,pvp,376,0,1,0,6,1458519,154400,5100,0,17,88,9,4,4,1,142929,0,1,2,2,0,30
roster,1,30,0,neutral,526,0,0,4,0,2118430,66000,0,67496,8,313,7,1,1,0,83045,1,0,2,0,27,0
roster,1,30,1,neutral,577,0,0,5,0,2059433,0,0,0,8,165,7,2,2,4,129818,0,0,2,0,18,0
roster,1,30,2,neutral,572,0,0,5,0,2191252,155000,0,0,8,175,7,2,2,1,126954,1,0,2,0,18,0
roster,1,30,3,neutral,533,0,1,0,3,1961360,0,0,0,8,83,8,2,2,0,110726,0,0,2,0,0,0
roster,1,30,4,neutral,431,0,0,3,0,2157861,93261,239,3522,8,83,9,2,2,2,80182,1,0,2,0,15,0
roster,1,30,5,neutral,365,0,0,7,0,1876577,0,0,0,17,81,5,2,2,3,138408,0,0,2,0,39,0
roster,1,30,6,neutral,594,0,0,5,0,2230351,220000,0,0,8,123,6,1,1,0,39000,1,0,2,0,21,0
roster,1,31,0,ghost,393,0,1,0,7,1854937,108500,0,12522,17,137,9,4,4,2,158391,1,0,2,2,0,42
roster,1,31,1,pvp,487,0,0,4,0,2476211,176000,0,3913,17,138,12,3,3,3,99961,1,1,2,2,27,0
roster,1,31,2,pvp,489,0,0,5,0,1982443,66000,0,3913,17,145,11,3,3,2,134441,0,1,2,2,21,0
roster,1,31,3,pvp,341,0,1,0,6,1680479,0,0,0,17,70,10,4,2,3,83323,0,0,2,2,0,39
roster,1,32,0,pvp,538,0,0,3,0,2251031,60500,0,3913,17,105,13,3,3,0,79434,1,0,2,2,27,0
roster,1,32,1,pvp,657,0,1,0,1,2415440,125652,848,0,17,94,15,4,3,2,80584,1,0,2,2,0,9
roster,1,33,0,pvp,592,0,0,3,0,2389526,66000,0,9298,17,105,13,3,3,1,99679,1,0,2,2,27,0
roster,1,33,1,pvp,502,0,1,0,4,1952351,77000,0,0,17,82,12,4,4,2,173708,0,1,2,2,0,18
roster,1,34,0,pvp,900,1,1,1,2,2684017,257496,1004,0,17,105,13,3,3,1,76222,1,1,2,2,9,12
roster,1,34,1,pvp,394,0,1,0,4,1977916,0,0,0,17,97,12,4,4,3,154803,0,0,2,2,0,24
roster,1,35,0,neutral,542,0,0,6,0,2191840,22000,0,4839,8,201,6,1,1,2,61090,1,0,2,0,36,0
roster,1,35,1,neutral,700,0,1,0,1,2550440,0,0,0,8,156,11,2,2,1,58227,0,0,2,0,0,0
roster,1,35,2,neutral,633,0,1,0,3,2708116,103685,815,13044,8,100,9,2,2,3,83045,1,0,2,0,0,0
roster,1,35,3,neutral,607,0,0,3,0,2474237,0,0,0,17,106,9,2,2,2,91635,0,0,2,0,24,0
roster,1,36,0,pvp,518,0,0,5,0,1975326,16500,0,6496,17,151,11,3,3,2,152767,1,0,2,2,33,0
roster,1,36,1,pvp,788,0,1,0,1,2342197,33000,0,0,17,88,15,4,4,2,132356,1,0,2,2,0,9
roster,1,37,0,pvp,575,0,0,3,0,2525823,0,0,2613,17,195,13,3,3,3,154343,1,0,2,2,21,0
roster,1,37,1,pvp,438,0,1,0,4,2005898,109152,848,0,17,89,12,4,4,2,156748,0,1,2,2,0,15
roster,1,38,0,pvp,601,0,1,0,3,2738362,231000,0,28567,17,99,14,3,3,3,97833,1,1,2,2,0,15
roster,1,38,1,pvp,329,0,1,0,6,1639921,0,0,0,17,99,10,4,4,1,151363,0,0,2,2,0,39
roster,1,39,0,pvp,874,0,1,0,1,2981096,181500,0,20208,17,114,16,3,3,2,81439,1,0,2,2,0,9
roster,1,39,1,pvp,428,0,1,0,6,2103176,180086,6914,0,17,109,12,4,4,1,140825,0,1,2,2,0,21
roster,1,40,0,neutral,539,0,0,5,0,2618938,66000,0,94434,8,156,7,1,1,0,55363,1,0,2,0,30,0
roster,1,40,1,neutral,520,0,0,4,0,2684098,93500,0,0,8,58,9,2,2,2,123371,1,0,2,0,18,0
roster,1,40,2,neutral,581,0,0,4,0,2714379,0,0,0,8,75,9,2,2,2,138408,0,0,2,0,18,0
roster,1,41,0,ghost,458,0,1,0,3,2426681,90767,2733,6261,17,70,15,4,4,3,183943,1,0,2,2,0,21
roster,1,41,1,pvp,539,0,0,5,0,2407298,236500,0,29371,17,124,12,3,3,1,69537,1,0,2,2,36,0
roster,1,42,0,ghost,597,0,1,0,3,2650302,131152,848,3913,17,82,14,3,3,3,135894,1,1,2,2,0,15
roster,1,42,1,pvp,515,0,1,0,2,2474132,82500,0,6261,17,80,16,4,4,2,122412,1,0,2,2,0,15
roster,1,43,0,ghost,524,0,1,0,2,2445004,87145,855,0,17,78,16,4,4,2,152158,1,0,2,2,0,15
roster,1,43,1,pvp,676,0,1,0,1,2829145,38500,0,6261,17,102,16,3,3,2,121407,1,0,2,2,0,9
roster,1,44,0,ghost,432,0,0,6,0,2365527,152643,1357,0,17,94,12,3,3,1,81439,1,1,2,2,48,0
roster,1,44,1,pvp,444,0,1,0,4,2315340,22000,0,0,17,78,14,4,4,2,133401,1,0,2,2,0,33
roster,1,45,0,neutral,599,0,0,5,0,2955072,49500,0,19136,8,156,8,1,1,0,24818,1,0,2,0,36,0
roster,1,45,1,neutral,733,0,1,0,2,3156189,163870,1130,0,8,77,11,2,2,3,80182,1,0,2,0,0,0
roster,1,45,2,neutral,610,0,0,5,0,2922785,0,0,0,8,73,8,2,2,1,129818,0,0,2,0,30,0
roster,2,1,0,neutral,64,0,0,4,0,22909,0,0,0,21,64,1,0,0,0,0,1,0,1,0,6,0
roster,2,1,1,neutral,89,0,0,4,0,24112,0,0,0,18,89,1,0,0,0,0,0,0,2,0,5,0
roster,2,1,2,neutral,89,0,0,4,0,22556,0,0,0,17,89,1,1,0,0,0,0,0,1,0,5,0
roster,2,1,3,neutral,77,0,0,4,0,24818,1909,1591,0,21,77,1,0,0,0,0,2,0,2,0,6,0
roster,2,1,4,neutral,72,0,0,3,0,22556,0,0,0,18,72,1,0,0,0,0,0,0,1,0,6,0
roster,2,1,5,neutral,77,0,0,4,0,22556,0,0,0,18,77,1,0,0,0,0,0,0,2,0,5,0
roster,2,1,6,neutral,77,0,0,3,0,24652,0,0,0,17,77,1,1,0,0,0,0,0,1,0,5,0
roster,2,1,7,neutral,56,0,0,3,0,22909,0,0,0,17,56,1,1,1,1,13364,0,0,2,0,5,0
roster,2,2,0,neutral,104,0,0,4,0,48544,6999,1,0,17,56,2,2,2,0,17182,2,0,2,0,6,0
roster,2,2,1,neutral,133,0,0,4,0,50926,0,0,0,18,77,2,0,0,0,0,0,0,2,0,5,0
roster,2,2,2,neutral,84,0,0,4,0,45222,0,0,0,17,40,2,1,1,1,17182,1,0,1,0,8,0
roster,2,2,3,neutral,113,0,0,4,0,48852,0,0,0,17,56,2,1,1,1,8364,0,0,1,0,6,0
roster,2,2,4,neutral,131,0,0,4,0,49370,0,0,0,18,64,2,0,0,0,0,1,0,1,0,10,0
roster,2,2,5,neutral,142,0,0,4,0,50926,0,0,0,18,70,2,0,0,0,0,1,0,1,0,10,0
roster,2,2,6,neutral,112,0,0,4,0,48131,0,0,0,17,56,2,1,1,0,4364,0,0,1,0,7,0
roster,2,2,7,neutral,81,0,0,4,0,45999,3500,0,0,17,56,2,1,1,1,10309,1,0,1,0,11,0
roster,2,3,0,neutral,121,0,0,5,0,79870,7000,0,0,17,56,3,2,2,0,17182,1,0,2,0,10,0
roster,2,3,1,neutral,156,0,0,5,0,82868,0,0,0,17,55,3,1,1,1,18909,0,0,1,0,10,0
roster,2,3,2,neutral,121,0,0,5,0,80131,10696,3304,0,17,40,3,1,1,1,16109,2,0,2,0,12,0
roster,2,3,3,neutral,142,0,0,5,0,80259,0,0,0,17,64,3,1,1,0,12000,1,0,1,0,14,0
roster,2,3,4,neutral,150,0,0,5,0,84258,14000,0,0,18,94,3,0,0,0,0,1,0,1,0,11,0
roster,2,3,5,neutral,164,0,0,5,0,85222,7000,0,0,18,55,3,0,0,0,0,1,0,1,0,13,0
roster,2,3,6,neutral,118,0,0,5,0,79000,0,0,0,17,55,3,1,0,0,0,0,0,1,0,12,0
roster,2,3,7,neutral,117,0,0,5,0,78180,8635,5365,0,17,56,3,1,1,0,13491,2,0,2,0,13,0
roster,2,4,0,pvp,535,0,1,0,3,813430,28000,0,0,17,182,7,2,2,0,31506,1,0,1,1,0,7
roster,2,4,1,pvp,430,0,0,3,0,817003,108130,3870,0,17,129,7,1,1,2,70707,2,1,2,1,7,0
roster,2,4,2,pvp,568,0,1,0,3,886429,80500,2000,0,17,81,7,2,2,1,36174,1,0,1,1,0,9
roster,2,4,3,pvp,506,0,1,0,4,891595,80500,0,0,17,177,6,1,1,2,69628,0,2,2,2,0,11
roster,2,5,0,neutral,293,0,0,5,0,369070,56000,0,0,8,160,3,0,0,0,0,1,0,1,0,17,0
roster,2,5,1,neutral,243,0,0,5,0,337094,0,0,0,8,142,3,0,0,0,0,0,0,1,0,20,0
roster,2,5,2,neutral,161,0,0,5,0,341305,16500,0,0,8,91,3,1,1,1,46536,1,0,2,0,16,0
roster,2,5,3,neutral,220,0,0,5,0,362016,22000,0,0,8,151,3,0,0,0,0,1,0,2,0,17,0
roster,2,5,4,neutral,194,0,0,5,0,309998,0,0,0,8,69,3,1,1,1,52500,0,0,1,0,15,0
roster,2,5,5,neutral,194,0,0,5,0,337774,0,0,0,8,108,3,1,1,1,52500,0,0,1,0,14,0
roster,2,5,6,neutral,208,0,0,5,0,334784,22000,0,0,18,89,3,0,0,0,0,1,0,1,0,20,0
roster,2,5,7,neutral,298,0,0,4,0,380856,42000,0,0,8,136,4,1,1,0,9146,2,0,2,0,11,0
roster,2,6,0,pvp,531,0,0,4,0,948461,94873,4127,0,8,65,6,1,1,3,77712,0,1,2,2,15,0
roster,2,6,1,pvp,444,0,0,4,0,1145245,93500,0,7888,17,118,6,1,1,0,22556,0,1,2,1,18,0
roster,2,6,2,pvp,374,0,0,3,0,877108,0,0,0,17,127,7,2,2,2,70778,0,0,1,1,13,0
roster,2,6,3,pvp,430,0,0,3,0,958201,88000,0,0,17,85,7,1,1,1,50196,1,1,1,1,11,0
roster,2,7,0,pvp,551,0,0,4,0,986349,0,0,16398,17,125,6,2,2,4,96456,0,0,2,1,15,0
roster,2,7,1,pvp,528,0,1,0,2,1315566,44000,0,3682,17,165,8,1,1,2,89851,0,1,2,1,0,5
roster,2,7,2,pvp,356,0,0,4,0,998405,94893,4107,0,17,118,6,2,2,2,93367,1,0,1,1,15,0
roster,2,7,3,pvp,900,1,0,1,1,1474469,176000,0,0,17,165,8,1,1,0,43556,0,1,1,1,4,6
roster,2,8,0,pvp,424,0,1,0,4,1046207,93500,0,0,17,112,6,2,2,2,80433,0,1,1,1,0,21
roster,2,8,1,pvp,602,0,1,0,1,1251000,0,0,15783,17,161,9,1,1,1,24889,0,0,2,1,0,3
roster,2,8,2,pvp,426,0,1,0,2,1077314,16500,0,0,17,120,8,3,3,2,99738,1,0,1,2,0,9
roster,2,8,3,pvp,556,0,0,3,0,1133701,0,0,0,17,133,7,2,2,1,50238,0,0,1,1,13,0
roster,2,9,0,pvp,492,0,1,0,4,1278270,0,0,21600,17,137,8,3,3,3,115289,0,0,2,2,0,15
roster,2,9,1,pvp,425,0,1,0,4,1313718,0,0,3913,17,125,8,2,2,2,150618,0,0,2,2,0,15
roster,2,9,2,pvp,560,0,1,0,4,1410503,235516,984,0,17,105,8,2,2,1,98753,1,1,1,1,0,18
roster,2,9,3,pvp,882,0,0,2,0,1671064,187000,0,32310,8,142,10,2,2,1,55695,1,0,1,1,10,0
roster,2,10,0,neutral,235,0,0,6,0,452429,5500,0,0,8,151,3,1,1,1,30545,1,0,2,0,33,0
roster,2,10,1,neutral,229,0,0,6,0,449371,0,0,1667,8,90,3,0,0,0,0,0,0,2,0,24,0
roster,2,10,2,neutral,184,0,0,6,0,482378,22000,0,0,8,108,3,1,1,1,27682,1,0,1,0,30,0
roster,2,10,3,neutral,206,0,0,6,0,447989,0,0,0,8,145,3,1,1,2,52500,0,0,1,0,28,0
roster,2,10,4,neutral,213,0,0,6,0,461690,0,0,0,8,105,3,2,2,1,61090,0,0,2,0,27,0
roster,2,10,5,neutral,220,0,0,6,0,459557,0,0,1667,8,97,3,2,2,2,61090,0,0,2,0,21,0
roster,2,10,6,neutral,210,0,0,6,0,453817,0,0,0,8,94,3,1,1,0,45655,1,0,1,0,24,0
roster,2,10,7,neutral,211,0,0,6,0,458448,0,0,0,8,105,3,1,1,1,49637,0,0,1,0,27,0
roster,2,11,0,pvp,516,0,1,0,3,1529239,93500,0,0,17,125,9,3,3,3,165913,1,0,2,2,0,18
roster,2,11,1,pvp,751,0,0,1,0,1682672,104500,0,0,17,129,11,1,1,1,43556,0,1,2,1,3,0
roster,2,11,2,pvp,641,0,1,0,2,1655293,143000,0,7466,17,105,10,2,2,2,147777,1,0,2,1,0,9
roster,2,11,3,pvp,438,0,0,4,0,1423630,71500,0,20473,17,162,8,3,3,6,163451,0,1,2,1,15,0
roster,2,12,0,pvp,707,0,0,3,0,1529910,189340,3160,3360,17,137,9,2,2,0,104464,1,1,2,1,24,0
roster,2,12,1,pvp,719,0,1,0,1,1622426,31333,1667,25516,17,129,11,2,2,2,81174,0,1,2,2,0,3
roster,2,12,2,pvp,411,0,0,4,0,1379075,181500,0,0,17,151,8,2,1,1,68739,1,1,2,1,21,0
roster,2,12,3,pvp,505,0,1,0,1,1543680,0,0,0,17,121,11,3,3,3,151464,0,0,1,2,0,3
roster,2,13,0,pvp,547,0,1,0,4,1492189,77000,0,8348,17,113,8,2,2,3,93193,1,0,2,1,0,24
roster,2,13,1,pvp,367,0,1,0,4,1269555,0,0,0,17,134,8,2,2,2,89851,0,0,2,2,0,21
roster,2,13,2,pvp,775,0,0,2,0,1603026,236500,0,0,17,93,10,2,2,1,74907,1,1,2,1,15,0
roster,2,13,3,pvp,617,0,0,3,0,1752745,241152,848,0,17,95,9,3,3,2,103723,1,1,2,1,21,0
roster,2,14,0,pvp,900,1,1,1,2,1755884,220000,0,0,17,165,9,2,2,1,51773,0,1,2,1,9,9
roster,2,14,1,pvp,500,0,1,0,4,1430167,93500,0,3360,17,149,8,1,1,1,59111,0,1,2,1,0,24
roster,2,14,2,pvp,591,0,1,0,2,1892426,264000,0,7044,17,92,10,3,3,3,130545,1,1,2,2,0,12
roster,2,14,3,pvp,400,0,1,0,3,1492320,0,0,0,17,131,9,3,3,3,98845,0,0,1,2,0,12
roster,2,15,0,neutral,243,0,0,6,0,587114,0,0,12000,8,126,3,1,1,0,30545,0,0,2,0,33,0
roster,2,15,1,neutral,287,0,0,6,0,607113,0,0,2000,8,112,3,0,0,0,0,0,0,2,0,24,0
roster,2,15,2,neutral,170,0,0,6,0,589305,0,0,0,8,99,3,1,1,1,49637,1,0,2,0,39,0
roster,2,15,3,neutral,264,0,0,6,0,612782,0,0,0,8,117,3,1,1,1,30059,0,0,1,0,30,0
roster,2,15,4,neutral,210,0,0,6,0,564669,0,0,0,8,89,3,2,2,2,83046,0,0,2,0,27,0
roster,2,15,5,neutral,214,0,0,6,0,606627,27500,0,0,8,115,3,2,2,1,77318,1,0,2,0,30,0
roster,2,15,6,neutral,288,0,0,6,0,620226,0,0,0,8,155,3,1,1,0,55364,1,0,1,0,24,0
roster,2,15,7,neutral,247,0,0,6,0,593558,0,0,0,8,126,3,1,1,1,49637,1,0,1,0,30,0
roster,2,16,0,pvp,517,0,0,3,0,1491536,0,0,0,20,136,9,1,1,1,68850,0,0,2,2,21,0
roster,2,16,1,pvp,593,0,1,0,2,1546648,181500,0,0,17,116,10,3,2,1,78035,1,1,2,2,0,15
roster,2,16,2,pvp,592,0,1,0,3,1542475,0,0,7044,17,165,10,2,2,1,48272,0,0,1,2,0,12
roster,2,16,3,pvp,447,0,1,0,3,1633466,126500,0,0,17,131,9,4,4,1,87258,0,1,2,2,0,21
roster,2,17,0,pvp,624,0,0,3,0,1602705,141718,6782,0,17,101,9,2,2,1,58434,0,1,2,2,18,0
roster,2,17,1,pvp,413,0,1,0,4,1577546,86586,6914,7888,17,94,8,3,3,3,151429,0,1,2,2,0,24
roster,2,17,2,pvp,459,0,1,0,4,1469298,121000,0,0,17,95,8,3,3,3,146362,0,1,1,2,0,18
roster,2,17,3,pvp,525,0,0,2,0,1543947,0,0,0,17,121,11,3,3,1,152546,0,0,2,2,15,0
roster,2,18,0,pvp,739,0,0,2,0,1881438,110000,0,26464,17,85,10,3,3,1,79579,0,1,2,2,12,0
roster,2,18,1,pvp,564,0,0,1,0,1755122,0,0,22875,17,129,12,2,2,1,55695,0,0,2,2,9,0
roster,2,18,2,pvp,510,0,1,0,2,1463012,49500,0,0,17,120,10,3,3,1,123586,1,0,2,2,0,9
roster,2,18,3,pvp,900,1,1,1,2,1687381,121000,0,0,17,126,10,3,3,3,116856,0,1,2,2,6,15
roster,2,19,0,pvp,573,0,1,0,2,1901212,38500,0,0,17,111,12,3,3,4,141130,1,0,2,2,0,15
roster,2,19,1,pvp,578,0,0,2,0,1715300,93500,0,0,17,89,12,2,2,1,81804,0,1,2,2,6,0
roster,2,19,2,pvp,502,0,1,0,6,1647436,159500,0,0,17,138,8,3,3,2,117758,0,1,2,2,0,30
roster,2,19,3,pvp,521,0,0,3,0,1656269,16500,0,0,17,113,11,3,3,1,78520,1,0,2,2,18,0
roster,2,20,0,neutral,274,0,0,7,0,789125,88000,0,0,8,160,3,1,1,1,55363,1,0,2,0,39,0
roster,2,20,1,neutral,270,0,0,6,0,743000,0,0,0,8,141,4,1,1,1,55364,0,0,2,0,24,0
roster,2,20,2,neutral,211,0,0,7,0,768995,27500,0,0,8,140,3,1,1,2,55363,1,0,2,0,42,0
roster,2,20,3,neutral,257,0,0,7,0,713900,0,0,0,8,137,3,1,1,0,55363,0,0,2,0,33,0
roster,2,20,4,neutral,210,0,0,7,0,707182,0,0,0,8,101,3,1,1,1,55363,0,0,2,0,33,0
roster,2,20,5,neutral,212,0,0,7,0,709044,33000,0,0,8,121,3,2,2,1,55363,1,0,2,0,39,0
roster,2,20,6,neutral,270,0,0,6,0,743000,0,0,0,8,151,4,1,1,1,58227,0,0,2,0,24,0
roster,2,20,7,neutral,266,0,0,7,0,745350,99000,0,2250,8,132,3,2,2,2,105000,1,0,2,0,33,0
roster,2,21,0,pvp,665,0,1,0,3,2052710,330865,4635,7680,17,124,11,2,2,2,110934,1,1,2,2,0,18
roster,2,21,1,pvp,632,0,0,4,0,1713177,0,0,15498,17,129,10,2,2,2,56846,0,0,2,2,18,0
roster,2,21,2,pvp,486,0,1,0,5,1889426,139761,3239,1972,17,92,9,3,3,2,103474,0,1,2,2,0,33
roster,2,21,3,pvp,447,0,1,0,3,1761391,126500,0,0,17,132,11,3,3,2,86047,0,1,2,2,0,18
roster,2,22,0,pvp,427,0,1,0,6,1566458,82500,0,0,17,143,8,3,3,4,150340,1,1,2,2,0,30
roster,2,22,1,pvp,436,0,1,0,4,1740161,122695,3805,0,17,109,10,3,3,1,99217,0,1,2,2,0,24
roster,2,22,2,pvp,557,0,0,3,0,1812227,170500,0,10988,17,96,11,2,2,0,101737,1,0,2,2,18,0
roster,2,22,3,pvp,562,0,0,2,0,1786764,0,0,6378,17,140,12,2,2,2,81328,0,0,2,2,12,0
roster,2,23,0,pvp,483,0,0,4,0,1786329,104500,0,0,17,131,10,2,2,1,45112,1,0,2,2,27,0
roster,2,23,1,pvp,485,0,1,0,4,1596802,55000,0,0,17,132,10,3,3,0,141876,0,1,2,2,0,21
roster,2,23,2,pvp,425,0,1,0,6,1540120,203500,0,0,17,81,8,3,3,2,104501,1,1,2,2,0,36
roster,2,23,3,pvp,566,0,0,4,0,1814530,49500,0,28742,17,160,11,2,2,3,114154,0,1,2,2,15,0
roster,2,24,0,pvp,552,0,0,3,0,1892480,88000,0,0,17,138,11,2,2,1,86334,1,0,2,2,21,0
roster,2,24,1,pvp,470,0,1,0,4,1764009,165000,0,0,17,104,10,2,2,2,125929,1,0,2,2,0,18
roster,2,24,2,pvp,416,0,0,5,0,1540150,27500,0,0,17,165,9,3,2,1,110719,0,1,2,2,27,0
roster,2,24,3,pvp,527,0,0,5,0,2057499,323086,6914,0,17,116,10,3,2,2,92462,1,1,2,2,27,0
roster,2,25,0,neutral,583,0,0,4,0,1899279,98796,204,0,8,133,7,1,1,0,52500,1,0,2,0,24,0
roster,2,25,1,neutral,513,0,0,4,0,1799673,0,0,2667,8,158,7,1,1,2,80182,0,0,2,0,18,0
roster,2,25,2,neutral,544,0,0,4,0,1902906,170500,0,0,8,77,7,1,1,1,30545,1,0,2,0,30,0
roster,2,25,3,neutral,437,0,0,6,0,1769650,0,0,0,8,137,6,1,1,1,30545,0,0,2,0,30,0
roster,2,25,4,neutral,435,0,0,5,0,1730695,0,0,0,8,125,7,2,2,2,113591,0,0,2,0,27,0
roster,2,25,5,neutral,572,0,0,3,0,1935131,82500,0,0,8,98,8,2,2,2,69083,1,0,2,0,18,0
roster,2,25,6,neutral,548,0,0,5,0,1795955,44000,0,51930,8,160,7,1,1,0,61091,1,0,2,0,21,0
roster,2,25,7,neutral,471,0,0,5,0,1772387,94787,4213,0,8,133,6,2,2,2,132681,1,0,2,0,24,0
roster,2,26,0,pvp,557,0,1,0,5,1930935,281528,9972,5916,17,80,9,3,3,2,120271,1,1,2,2,0,27
roster,2,26,1,pvp,705,0,1,0,4,1947318,273586,6914,27453,17,153,11,2,2,1,91596,0,1,2,2,0,21
roster,2,26,2,pvp,504,0,1,0,4,1707283,110000,0,0,17,139,10,3,3,3,135519,1,1,2,2,0,15
roster,2,26,3,pvp,582,0,0,3,0,2108571,0,0,8348,17,137,13,3,3,0,116870,0,0,2,2,12,0
roster,2,27,0,pvp,593,0,1,0,3,1998545,281365,4635,0,17,129,11,3,3,3,96656,1,1,2,2,0,18
roster,2,27,1,pvp,374,0,1,0,5,1758642,0,0,0,17,142,11,3,3,4,109743,0,0,2,2,0,24
roster,2,27,2,pvp,480,0,0,6,0,2026855,310086,8914,37541,17,119,10,3,3,4,194418,1,1,2,2,30,0
roster,2,27,3,pvp,615,0,0,3,0,2071384,76152,848,20218,17,72,12,3,2,1,162721,0,1,2,2,12,0
roster,2,28,0,pvp,900,1,0,2,1,2055679,44000,0,0,17,161,12,2,2,3,110104,1,0,2,2,12,6
roster,2,28,1,pvp,621,0,0,3,0,2108469,0,0,11662,17,128,13,2,2,2,98845,0,0,2,2,18,0
roster,2,28,2,pvp,479,0,1,0,2,2085428,152000,2000,3944,17,101,14,4,3,3,183687,1,0,2,2,0,9
roster,2,28,3,pvp,649,0,0,4,0,2137457,318152,848,0,17,85,11,4,4,1,123058,1,1,2,2,30,0
roster,2,29,0,pvp,538,0,0,6,0,2054492,587874,17126,0,17,145,10,2,2,2,97695,2,0,2,2,33,0
roster,2,29,1,pvp,600,0,0,3,0,1923628,123043,3457,6720,17,110,13,3,3,2,136279,0,1,2,2,9,0
roster,2,29,2,pvp,407,0,1,0,4,1995461,143000,0,0,17,82,12,4,4,3,127285,0,1,2,2,0,21
roster,2,29,3,pvp,667,0,1,0,4,1957442,107642,2358,0,17,117,11,3,3,1,139579,0,1,2,2,0,24
roster,2,30,0,neutral,617,0,0,5,0,2422886,373695,5805,3000,8,127,7,1,1,1,27682,2,0,2,0,36,0
roster,2,30,1,neutral,475,0,0,5,0,2041865,0,0,0,8,112,7,1,1,1,55364,0,0,2,0,27,0
roster,2,30,2,neutral,798,0,1,0,1,2448660,33000,0,0,8,83,11,2,2,2,85908,1,0,2,0,0,0
roster,2,30,3,neutral,584,0,0,5,0,2127875,0,0,0,8,83,7,1,1,1,33409,0,0,2,0,21,0
roster,2,30,4,neutral,474,0,0,5,0,2074734,0,0,0,8,106,7,2,2,0,119317,0,0,2,0,24,0
roster,2,30,5,neutral,451,0,0,6,0,2103047,103783,717,0,8,58,6,2,2,1,55363,1,0,2,0,36,0
roster,2,30,6,neutral,655,0,0,5,0,2136100,0,0,0,8,118,7,1,1,1,33409,0,0,2,0,21,0
roster,2,30,7,neutral,502,0,0,5,0,2099691,121000,0,2893,8,183,6,2,2,2,77318,1,0,2,0,27,0
roster,2,31,0,pvp,857,0,1,0,3,2560565,445122,5878,0,17,122,13,2,2,0,103141,2,0,2,2,0,15
roster,2,31,1,pvp,458,0,1,0,4,1777095,158252,1248,0,17,97,12,4,4,2,136692,1,1,2,2,0,24
roster,2,31,2,pvp,772,0,1,0,1,2153469,0,0,8348,17,97,15,3,2,2,189978,0,0,2,2,0,6
roster,2,31,3,pvp,538,0,0,5,0,1844457,44000,0,0,17,89,11,3,3,3,124896,1,0,2,2,24,0
roster,2,32,0,pvp,773,0,1,0,3,2479860,358574,4426,5916,17,82,13,3,3,5,146155,2,1,2,2,0,18
roster,2,32,1,pvp,416,0,0,7,0,1813927,0,0,9079,17,137,9,2,2,1,56846,0,0,2,2,54,0
roster,2,32,2,pvp,398,0,1,0,4,1825923,38500,0,0,17,106,12,4,4,1,111660,1,0,2,2,0,24
roster,2,32,3,pvp,425,0,1,0,7,1871142,220000,0,0,17,113,9,3,3,3,124817,0,1,2,2,0,39
roster,2,33,0,ghost,531,0,1,0,5,2158213,192500,0,0,17,114,11,3,3,3,83592,2,0,2,2,0,21
roster,2,33,1,pvp,464,0,0,6,0,1824823,139543,3457,0,17,70,10,3,3,0,97754,0,1,2,2,42,0
roster,2,33,2,pvp,590,0,1,0,5,2061611,134333,3167,5916,17,82,11,3,3,1,79434,0,1,2,2,0,33
roster,2,33,3,pvp,740,0,0,1,0,2220341,49500,0,0,17,125,15,4,4,3,131071,0,1,2,2,6,0
roster,2,34,0,ghost,445,0,1,0,4,2032361,80109,2391,0,17,98,12,4,4,1,103546,0,1,2,2,0,21
roster,2,34,1,pvp,717,0,1,0,2,2479443,501243,4757,0,17,121,14,3,3,4,169535,2,1,2,2,0,12
roster,2,34,2,pvp,569,0,0,4,0,2224107,115500,0,0,17,94,12,3,3,1,97084,0,1,2,2,24,0
roster,2,35,0,neutral,856,0,1,0,3,2692672,176000,0,0,8,108,9,1,1,0,49636,2,0,2,0,0,0
roster,2,35,1,neutral,508,0,0,6,0,2205995,0,0,0,8,194,6,1,1,1,91636,0,0,2,0,42,0
roster,2,35,2,neutral,572,0,0,2,0,2430300,0,0,0,8,100,10,2,2,1,63954,0,0,2,0,9,0
roster,2,35,3,neutral,690,0,1,0,2,2500160,38500,0,0,8,108,10,2,2,1,55363,1,0,2,0,0,0
roster,2,35,4,neutral,648,0,0,5,0,2461250,148500,0,0,8,98,7,2,2,1,110727,1,0,2,0,30,0
roster,2,36,0,ghost,374,0,0,7,0,1997493,0,0,6261,17,155,10,3,3,3,151565,0,0,2,2,45,0
roster,2,36,1,pvp,524,0,1,0,3,2213677,143000,0,0,17,125,13,3,3,3,104999,2,0,2,2,0,18
roster,2,36,2,pvp,544,0,1,0,4,2159045,253217,5283,0,17,115,12,4,4,3,240307,1,1,2,2,0,21
roster,2,37,0,pvp,455,0,0,6,0,1989236,77000,0,0,17,96,11,3,3,0,153411,0,1,2,2,48,0
roster,2,37,1,pvp,491,0,1,0,3,2078914,143000,0,0,17,85,13,4,4,4,149874,0,1,2,2,0,15
roster,2,38,0,pvp,401,0,0,8,0,1899460,139479,3521,0,17,60,9,3,3,2,102525,0,1,2,2,54,0
roster,2,38,1,pvp,458,0,1,0,2,2180231,104500,0,0,17,121,14,4,4,3,127834,0,1,2,2,0,6
roster,2,39,0,pvp,388,0,0,6,0,1910060,0,0,0,17,100,11,3,3,0,75783,0,0,2,2,54,0
roster,2,39,1,pvp,773,0,1,0,1,2603717,425717,3283,0,17,129,15,4,4,3,179640,1,1,2,2,0,6
roster,2,40,0,neutral,618,0,0,7,0,2506612,0,0,0,8,142,6,1,1,1,119317,0,0,2,0,45,0
roster,2,40,1,neutral,575,0,1,0,2,2476548,0,0,0,8,100,10,2,2,0,85908,0,0,2,0,0,0
roster,2,40,2,neutral,566,0,0,5,0,2730802,236500,0,35870,8,77,8,2,2,0,55363,1,0,2,0,39,0
roster,2,40,3,neutral,533,0,1,0,3,2478788,44000,0,4500,8,150,9,2,2,0,58227,1,0,2,0,0,0
roster,2,41,0,pvp,458,0,0,7,0,2233566,139543,3457,0,17,101,11,3,3,3,100601,0,1,2,2,51,0
roster,2,41,1,pvp,464,0,1,0,4,1980469,66000,0,0,17,64,13,4,4,1,146357,0,1,2,2,0,24
roster,2,42,0,pvp,335,0,0,8,0,1782396,0,0,0,17,100,9,3,2,0,46566,0,0,2,2,60,0
roster,2,42,1,pvp,899,0,0,3,0,2832377,535857,14143,3913,17,73,15,4,4,2,115302,1,1,2,2,15,0
roster,2,43,0,ghost,519,0,1,0,8,2219997,71500,0,0,17,100,10,3,3,0,74478,1,0,2,2,0,60
roster,2,43,1,pvp,548,0,0,5,0,2473381,126500,0,0,17,114,13,3,3,2,91364,0,1,2,2,39,0
roster,2,44,0,pvp,506,0,0,6,0,2464513,107036,2964,0,17,67,12,3,3,2,115308,0,1,2,2,48,0
roster,2,45,0,neutral,744,0,0,5,0,2880722,0,0,0,8,198,8,1,1,0,30545,0,0,2,0,39,0
roster,2,45,1,neutral,758,0,1,0,2,3052181,154000,0,78260,8,52,11,2,2,1,55363,1,0,2,0,0,0
roster,3,1,0,neutral,56,0,0,4,0,21000,0,0,0,17,56,1,1,1,0,11000,0,0,1,0,4,0
roster,3,1,1,neutral,72,0,0,4,0,21000,0,0,0,18,72,1,0,0,0,0,0,0,2,0,6,0
roster,3,1,2,neutral,77,0,0,4,0,24818,1909,1591,0,17,77,1,1,0,0,0,1,0,1,0,5,0
roster,3,1,3,neutral,89,0,0,4,0,21000,0,0,0,18,89,1,0,0,0,0,0,0,2,0,4,0
roster,3,1,4,neutral,49,0,0,4,0,21000,0,0,0,17,49,1,2,1,1,17136,0,0,2,0,5,0
roster,3,1,5,neutral,83,0,0,4,0,24818,1909,1591,0,17,83,1,1,0,0,0,1,0,1,0,6,0
roster,3,1,6,neutral,56,0,0,4,0,21000,0,0,0,17,56,1,1,1,1,6273,0,0,1,0,5,0
roster,3,1,7,neutral,56,0,0,4,0,22826,0,0,0,17,56,1,1,1,0,16000,1,0,2,0,5,0
roster,3,2,0,neutral,142,0,0,4,0,50926,0,0,0,17,73,2,1,0,0,0,0,0,2,0,6,0
roster,3,2,1,neutral,116,0,0,4,0,48852,0,0,0,18,60,2,0,0,0,0,0,0,2,0,9,0
roster,3,2,2,neutral,88,0,0,4,0,47908,7000,0,0,17,77,2,1,1,1,18000,1,0,1,0,6,0
roster,3,2,3,neutral,172,0,0,4,0,53934,0,0,622,18,89,2,0,0,0,0,0,0,2,0,4,0
roster,3,2,4,neutral,106,0,0,4,0,47296,0,0,0,17,49,2,2,2,2,23772,0,0,2,0,6,0
roster,3,2,5,neutral,97,0,0,4,0,44090,5090,1910,0,17,40,2,2,2,1,17182,1,0,2,0,7,0
roster,3,2,6,neutral,106,0,0,4,0,46052,0,0,1244,17,44,2,2,2,2,17408,0,0,2,0,4,0
roster,3,2,7,neutral,142,0,0,4,0,49370,3500,0,0,20,64,2,0,0,0,0,1,0,1,0,9,0
roster,3,3,0,neutral,135,0,0,5,0,78926,0,0,0,17,44,3,1,1,1,17136,0,0,2,0,11,0
roster,3,3,1,neutral,138,0,0,5,0,82566,0,0,0,17,49,3,1,1,1,18909,0,0,2,0,9,0
roster,3,3,2,neutral,120,0,0,5,0,78907,0,0,0,17,56,3,1,1,1,2491,1,0,1,0,9,0
roster,3,3,3,neutral,162,0,0,5,0,84999,0,0,0,18,73,3,0,0,0,0,0,0,2,0,14,0
roster,3,3,4,neutral,97,0,0,5,0,77544,0,0,0,17,56,3,1,1,0,21127,0,0,1,0,12,0
roster,3,3,5,neutral,141,0,0,5,0,83870,0,0,0,17,64,3,2,1,0,15364,1,0,2,0,8,0
roster,3,3,6,neutral,133,0,0,5,0,81815,0,0,0,17,56,3,2,2,2,21636,0,0,2,0,9,0
roster,3,3,7,neutral,94,0,0,5,0,77221,0,0,0,17,64,3,1,1,0,18000,0,0,1,0,13,0
roster,3,4,0,pvp,516,0,0,4,0,789747,70000,0,0,17,89,6,1,1,1,13963,0,1,1,2,13,0
roster,3,4,1,pvp,540,0,1,0,3,893225,0,0,17444,17,133,7,1,1,0,14150,0,0,2,1,0,9
roster,3,4,2,pvp,479,0,1,0,5,607918,56000,0,0,18,122,5,0,0,0,0,2,0,2,1,0,19
roster,3,4,3,pvp,375,0,1,0,3,867311,0,0,0,17,95,7,2,2,1,94323,0,0,1,2,0,7
roster,3,5,0,neutral,223,0,0,5,0,325554,0,0,0,8,90,3,0,0,0,0,0,0,1,0,15,0
roster,3,5,1,neutral,271,0,0,5,0,342992,0,0,0,8,143,3,0,0,0,0,0,0,2,0,16,0
roster,3,5,2,neutral,290,0,0,5,0,354341,28000,0,0,8,170,3,0,0,0,0,2,0,2,0,13,0
roster,3,5,3,neutral,237,0,0,5,0,314996,0,0,0,8,93,3,0,0,0,0,0,0,1,0,19,0
roster,3,5,4,neutral,226,0,0,5,0,335552,0,0,0,8,117,3,1,1,0,30545,0,0,1,0,14,0
roster,3,5,5,neutral,245,0,0,5,0,346087,24500,0,0,8,95,3,1,1,0,15364,1,0,1,0,18,0
roster,3,5,6,neutral,208,0,0,5,0,320966,0,0,0,8,105,3,1,1,0,34965,0,0,1,0,15,0
roster,3,5,7,neutral,201,0,0,5,0,353044,0,0,0,8,85,3,1,1,0,32500,0,0,1,0,13,0
roster,3,6,0,pvp,699,0,0,2,0,1151544,0,0,10548,18,200,8,0,0,0,0,0,0,2,1,7,0
roster,3,6,1,pvp,407,0,1,0,4,882124,0,0,0,17,131,6,1,1,1,65453,0,0,2,1,0,12
roster,3,6,2,pvp,350,0,1,0,5,648048,35000,0,0,17,116,5,1,1,1,48541,2,0,2,1,0,24
roster,3,6,3,pvp,399,0,1,0,5,829727,10500,0,0,17,88,5,2,2,1,79186,1,0,1,1,0,21
roster,3,7,0,pvp,614,0,0,4,0,963145,0,0,9079,18,112,6,0,0,0,0,0,0,2,2,13,0
roster,3,7,1,pvp,591,0,1,0,1,1441678,163000,2000,0,17,209,9,2,2,4,107941,1,0,2,1,0,3
roster,3,7,2,pvp,432,0,1,0,3,1083287,0,0,0,17,147,7,2,2,2,63681,0,0,1,1,0,18
roster,3,7,3,pvp,519,0,0,2,0,1181814,0,0,0,17,94,8,2,1,1,58924,0,0,1,1,12,0
roster,3,8,0,pvp,742,0,0,2,0,1260614,78000,0,10332,17,112,8,1,1,1,42287,0,0,2,1,6,0
roster,3,8,1,pvp,351,0,1,0,4,875870,0,0,3913,17,94,6,1,1,1,41714,0,0,2,1,0,21
roster,3,8,2,pvp,668,0,1,0,3,1236521,27500,0,0,17,120,7,2,2,1,54035,1,0,2,2,0,15
roster,3,8,3,pvp,479,0,1,0,2,1222959,22000,0,2700,17,151,8,2,2,2,108889,0,1,1,1,0,12
roster,3,9,0,pvp,399,0,1,0,4,1381248,52000,0,3214,17,179,8,2,2,3,109668,0,0,2,2,0,21
roster,3,9,1,pvp,791,0,0,2,0,1523322,44000,0,0,17,138,10,1,1,1,83714,0,1,2,2,6,0
roster,3,9,2,pvp,804,0,1,0,2,1492765,0,0,0,17,116,10,2,2,0,70019,0,0,1,2,0,12
roster,3,9,3,pvp,677,0,1,0,2,1646078,150543,3457,3944,17,125,10,2,2,2,79434,0,1,1,2,0,15
roster,3,10,0,neutral,271,0,0,6,0,497802,26000,0,0,8,157,3,0,0,0,0,0,0,2,0,24,0
roster,3,10,1,neutral,213,0,0,6,0,453712,0,0,0,8,121,3,1,1,0,30545,0,0,2,0,21,0
roster,3,10,2,neutral,235,0,0,6,0,474093,63000,3000,4090,8,114,3,1,1,1,55363,1,0,2,0,21,0
roster,3,10,3,neutral,239,0,0,6,0,447989,0,0,0,8,141,3,1,1,1,38565,0,0,2,0,21,0
roster,3,10,4,neutral,230,0,0,6,0,480320,0,0,3914,8,116,3,2,2,2,107863,0,0,2,0,27,0
roster,3,10,5,neutral,229,0,0,6,0,472154,0,0,0,8,94,3,1,0,0,0,0,0,2,0,30,0
roster,3,10,6,neutral,205,0,0,6,0,476175,0,0,1957,8,85,3,1,1,0,27682,0,0,1,0,20,0
roster,3,10,7,neutral,342,0,0,6,0,448459,11000,0,1957,8,160,3,1,1,1,77947,1,0,2,0,27,0
roster,3,11,0,pvp,459,0,0,5,0,1530215,178500,0,12261,17,162,7,2,2,0,73186,0,1,2,2,27,0
roster,3,11,1,pvp,647,0,1,0,1,1615908,0,0,3913,17,170,11,2,2,1,81745,0,0,2,2,0,3
roster,3,11,2,pvp,611,0,1,0,4,1330984,88000,0,7888,17,125,8,2,2,2,133068,1,0,2,1,0,15
roster,3,11,3,pvp,414,0,0,5,0,1284933,0,0,0,17,99,7,3,3,0,71589,0,0,2,2,24,0
roster,3,12,0,pvp,342,0,0,6,0,1172360,70000,0,0,17,118,6,2,2,2,78978,0,1,2,2,39,0
roster,3,12,1,pvp,519,0,0,3,0,1394586,60500,0,0,17,112,9,2,2,0,105893,0,1,2,1,9,0
roster,3,12,2,pvp,471,0,0,3,0,1444984,44000,0,0,17,129,9,3,3,3,99995,0,1,2,1,9,0
roster,3,12,3,pvp,487,0,0,4,0,1349617,55000,0,0,17,161,8,3,3,1,200861,0,1,2,2,18,0
roster,3,13,0,pvp,422,0,0,6,0,1255149,97870,1130,0,17,72,6,2,2,1,46700,0,1,2,1,42,0
roster,3,13,1,pvp,482,0,0,4,0,1292026,121000,0,0,17,141,8,2,2,3,88541,0,1,2,2,12,0
roster,3,13,2,pvp,456,0,0,5,0,1435078,60500,0,0,17,145,7,3,3,1,116878,0,1,2,2,15,0
roster,3,13,3,pvp,424,0,0,3,0,1394379,16500,0,0,17,106,9,3,3,2,141637,0,1,2,1,15,0
roster,3,14,0,pvp,401,0,0,3,0,1331182,0,0,0,17,99,9,2,2,2,78552,0,0,2,2,27,0
roster,3,14,1,pvp,563,0,1,0,4,1530463,247500,0,0,17,160,8,1,1,0,24889,1,1,2,2,0,24
roster,3,14,2,pvp,716,0,1,0,1,1558800,0,0,0,17,148,11,4,4,3,138910,0,0,2,2,0,6
roster,3,14,3,pvp,486,0,0,2,0,1603332,69666,1834,0,17,131,10,3,3,4,167750,0,1,2,2,9,0
roster,3,15,0,neutral,202,0,0,6,0,606120,0,0,0,8,109,3,1,1,1,54583,0,0,2,0,42,0
roster,3,15,1,neutral,219,0,0,6,0,564934,0,0,0,8,93,3,1,1,1,55364,0,0,2,0,21,0
roster,3,15,2,neutral,287,0,0,6,0,634960,88000,0,4910,8,142,3,1,1,1,55363,1,0,2,0,21,0
roster,3,15,3,neutral,228,0,0,6,0,548625,0,0,0,8,125,3,2,2,1,85909,0,0,2,0,18,0
roster,3,15,4,neutral,218,0,0,6,0,604753,0,0,4696,8,105,3,2,2,1,61090,0,0,2,0,27,0
roster,3,15,5,neutral,288,0,0,6,0,645225,5500,0,0,8,188,3,0,0,0,0,1,0,2,0,42,0
roster,3,15,6,neutral,205,0,0,6,0,593558,0,0,0,8,125,3,2,2,2,61090,0,0,2,0,21,0
roster,3,15,7,neutral,238,0,0,6,0,598849,49500,0,0,8,108,3,1,1,2,61090,1,0,2,0,27,0
roster,3,16,0,pvp,494,0,0,3,0,1425784,0,0,0,17,89,9,3,3,1,77845,0,0,2,2,27,0
roster,3,16,1,pvp,437,0,1,0,2,1465177,0,0,0,17,137,10,3,3,1,94342,0,0,2,2,0,15
roster,3,16,2,pvp,437,0,1,0,5,1152955,33000,0,1417,17,151,7,3,3,2,111942,1,0,2,2,0,15
roster,3,16,3,pvp,637,0,1,0,4,1729131,302101,5899,0,17,158,8,1,1,0,73322,1,1,2,2,0,21
roster,3,17,0,pvp,454,0,0,5,0,1609256,185500,0,0,17,185,7,2,2,4,101811,0,1,1,2,45,0
roster,3,17,1,pvp,422,0,0,3,0,1506149,0,0,0,17,161,9,3,3,3,84793,0,0,2,2,9,0
roster,3,17,2,pvp,386,0,1,0,6,1177751,55000,0,0,17,149,7,3,3,3,165462,1,0,2,2,0,24
roster,3,17,3,pvp,541,0,0,3,0,1591200,99000,0,0,17,142,9,2,2,1,113051,0,1,2,2,18,0
roster,3,18,0,pvp,382,0,0,4,0,1718056,0,0,0,17,81,9,4,4,2,177794,0,0,2,2,39,0
roster,3,18,1,pvp,664,0,0,3,0,1539788,77000,0,6496,17,137,9,2,2,2,73074,0,1,2,2,9,0
roster,3,18,2,pvp,498,0,0,3,0,1617505,60500,0,0,17,111,10,4,3,2,165016,1,0,2,2,9,0
roster,3,18,3,pvp,435,0,1,0,4,1629236,71500,0,0,17,145,9,2,2,3,91000,1,0,2,2,0,15
roster,3,19,0,pvp,391,0,0,4,0,1498193,52000,0,8727,17,72,10,4,4,0,107142,0,0,2,2,45,0
roster,3,19,1,pvp,504,0,1,0,3,1658203,0,0,0,17,111,11,3,3,2,101108,0,0,2,2,0,12
roster,3,19,2,pvp,728,0,0,2,0,2114438,228591,2409,30422,17,97,12,3,3,1,249281,1,1,2,2,12,0
roster,3,19,3,pvp,494,0,1,0,5,1824312,82500,0,0,17,149,9,3,3,3,88667,0,1,2,2,0,33
roster,3,20,0,neutral,209,0,0,7,0,719606,0,0,0,8,98,3,2,2,0,55363,0,0,2,0,54,0
roster,3,20,1,neutral,230,0,0,7,0,732719,0,0,0,8,182,3,1,1,2,49637,0,0,2,0,27,0
roster,3,20,2,neutral,258,0,0,7,0,735428,38500,0,0,8,173,3,1,1,1,78000,1,0,2,0,30,0
roster,3,20,3,neutral,266,0,0,7,0,695050,0,0,0,8,88,3,2,2,2,103147,0,0,2,0,21,0
roster,3,20,4,neutral,251,0,0,7,0,724997,26000,0,2863,8,121,3,1,1,1,87000,0,0,1,0,45,0
roster,3,20,5,neutral,254,0,0,7,0,761262,11000,0,0,8,162,3,1,1,1,27682,1,0,2,0,45,0
roster,3,20,6,neutral,210,0,0,7,0,725612,0,0,0,8,118,3,2,2,2,105000,0,0,2,0,24,0
roster,3,20,7,neutral,228,0,0,7,0,742270,66000,0,0,8,177,3,2,2,1,80182,1,0,2,0,30,0
roster,3,21,0,pvp,548,0,0,4,0,1751164,113160,2340,21105,17,111,10,3,3,1,157982,0,1,2,2,30,0
roster,3,21,1,pvp,556,0,1,0,5,1704686,163691,6809,0,17,167,9,2,2,3,115328,0,1,2,2,0,27
roster,3,21,2,pvp,506,0,1,0,4,1727901,52000,0,0,17,152,10,3,3,3,87599,0,0,2,1,0,27
roster,3,21,3,pvp,434,0,0,5,0,1726529,148500,0,3913,17,141,9,4,4,3,114979,0,1,2,2,18,0
roster,3,22,0,pvp,426,0,0,4,0,1868834,170500,0,0,17,89,10,4,4,2,128062,0,1,2,2,45,0
roster,3,22,1,pvp,508,0,1,0,3,1644549,0,0,0,17,140,11,3,3,3,76074,0,0,2,2,0,12
roster,3,22,2,pvp,489,0,1,0,6,1757299,134500,0,9204,17,140,8,2,2,3,113742,1,0,2,1,0,42
roster,3,22,3,pvp,632,0,1,0,2,1860211,44000,0,0,17,151,12,3,3,5,142029,0,1,2,2,0,15
roster,3,23,0,pvp,450,0,0,4,0,1789602,33000,0,0,17,71,10,3,3,0,137510,0,1,2,2,30,0
roster,3,23,1,pvp,598,0,0,4,0,1782511,99000,0,0,17,124,10,2,2,3,88000,0,1,2,2,15,0
roster,3,23,2,pvp,518,0,1,0,3,1870930,66000,0,2434,17,185,11,4,4,3,154136,0,1,2,2,0,9
roster,3,23,3,pvp,376,0,0,5,0,1521308,52000,0,0,17,129,9,3,3,0,147709,0,0,1,2,36,0
roster,3,24,0,pvp,375,0,0,5,0,1637389,0,0,4649,17,82,9,4,4,2,146228,0,0,2,2,48,0
roster,3,24,1,pvp,442,0,1,0,5,1536223,52000,0,0,17,137,9,2,2,0,86732,0,0,2,1,0,39
roster,3,24,2,pvp,656,0,0,5,0,2268601,522624,16376,46346,17,125,9,3,3,3,145029,1,1,2,2,24,0
roster,3,24,3,pvp,549,0,0,3,0,1839527,95543,3457,0,17,156,11,3,3,2,83323,1,0,2,2,21,0
roster,3,25,0,neutral,383,0,0,5,0,1744911,0,0,0,8,83,6,2,2,1,55363,0,0,2,0,48,0
roster,3,25,1,neutral,577,0,0,4,0,1790557,0,0,0,8,151,7,1,1,2,74455,0,0,2,0,15,0
roster,3,25,2,neutral,542,0,0,5,0,1822520,66000,0,6546,8,129,6,1,1,1,87000,1,0,2,0,21,0
roster,3,25,3,neutral,548,0,0,4,0,1912216,0,0,0,8,156,7,2,2,0,80182,0,0,2,0,12,0
roster,3,25,4,neutral,420,0,0,6,0,1699697,52000,0,0,8,152,6,1,1,2,56004,0,0,1,0,42,0
roster,3,25,5,neutral,533,0,0,4,0,1904678,60500,0,0,8,154,7,1,1,1,30545,1,0,2,0,27,0
roster,3,25,6,neutral,422,0,0,6,0,1754181,0,0,2571,8,141,6,2,2,0,110726,0,0,2,0,27,0
roster,3,25,7,neutral,632,0,0,4,0,1859243,22000,0,23520,8,146,7,2,2,1,122556,1,0,2,0,12,0
roster,3,26,0,pvp,503,0,0,3,0,2096549,0,0,11739,17,80,12,3,3,2,98603,0,0,2,2,36,0
roster,3,26,1,pvp,477,0,1,0,6,1783108,0,0,0,17,125,10,3,3,2,123658,0,0,2,2,0,18
roster,3,26,2,pvp,550,0,1,0,4,1926788,259800,4200,0,17,151,10,2,2,1,64000,1,1,2,2,0,24
roster,3,26,3,pvp,438,0,0,7,0,1673290,123035,465,9916,17,122,8,3,3,2,129516,0,1,1,2,45,0
roster,3,27,0,pvp,404,0,0,6,0,1693308,110000,0,0,17,68,9,3,3,2,87233,0,1,2,2,54,0
roster,3,27,1,pvp,536,0,1,0,4,1942712,53327,1673,0,17,178,11,2,1,2,73956,0,1,2,2,0,24
roster,3,27,2,pvp,473,0,1,0,6,1843995,52000,0,3913,17,168,10,3,3,3,162370,0,0,2,1,0,39
roster,3,27,3,pvp,389,0,0,7,0,1664114,88000,0,0,17,149,8,4,4,2,127207,0,1,2,2,30,0
roster,3,28,0,pvp,378,0,0,6,0,1697971,0,0,3913,17,89,10,4,4,0,142386,0,0,2,2,54,0
roster,3,28,1,pvp,727,0,0,2,0,2278155,238543,3457,2583,17,177,13,3,3,4,157180,0,1,2,2,6,0
roster,3,28,2,pvp,642,0,0,3,0,2198152,247549,5451,3913,17,111,12,3,3,4,150919,1,0,2,2,15,0
roster,3,28,3,pvp,466,0,0,6,0,1757343,129000,0,0,17,168,9,2,2,1,143895,0,1,1,2,39,0
roster,3,29,0,pvp,488,0,0,6,0,2025236,78000,0,0,17,109,10,3,2,1,39290,0,0,2,1,54,0
roster,3,29,1,pvp,630,0,1,0,4,1916896,99000,0,1972,17,103,11,2,1,2,109034,0,1,2,2,0,21
roster,3,29,2,pvp,434,0,1,0,5,1820676,0,0,0,17,147,11,4,4,3,159239,0,0,2,2,0,24
roster,3,29,3,pvp,644,0,1,0,4,2343090,346652,848,0,17,195,12,3,3,2,164389,1,1,2,2,0,21
roster,3,30,0,neutral,408,0,0,5,0,1954494,0,0,0,8,77,7,2,2,1,55363,0,0,2,0,48,0
roster,3,30,1,neutral,587,0,0,3,0,2188776,0,0,0,8,131,9,1,1,2,74455,0,0,2,0,12,0
roster,3,30,2,neutral,633,0,1,0,3,2180441,60500,0,21930,8,158,8,1,1,1,48000,1,0,2,0,0,0
roster,3,30,3,neutral,519,0,0,6,0,1903303,0,0,0,8,121,6,2,2,1,132681,0,0,2,0,18,0
roster,3,30,4,neutral,503,0,0,4,0,2043700,52000,0,3682,8,133,8,1,1,2,74334,0,0,1,0,24,0
roster,3,30,5,neutral,541,0,0,5,0,2095652,66000,0,0,8,136,7,1,1,0,29619,1,0,2,0,33,0
roster,3,30,6,neutral,539,0,0,4,0,2053248,0,0,3522,8,133,8,2,2,2,105000,0,0,2,0,18,0
roster,3,30,7,neutral,746,0,0,3,0,2359152,136000,0,11738,8,131,9,2,2,3,100067,1,0,2,0,12,0
roster,3,31,0,ghost,581,0,0,5,0,2034690,78000,0,0,17,122,11,3,3,2,103220,0,0,1,2,33,0
roster,3,31,1,pvp,396,0,0,6,0,1746099,0,0,6261,17,73,10,3,3,0,88777,0,0,2,2,54,0
roster,3,31,2,pvp,654,0,1,0,2,2244302,77000,0,0,17,160,14,3,3,1,50825,0,1,2,2,0,15
roster,3,31,3,pvp,481,0,0,5,0,2005692,200500,0,0,17,117,11,4,4,2,114935,0,1,2,2,24,0
roster,3,32,0,ghost,531,0,1,0,5,2025446,277760,3740,7826,17,99,11,4,4,3,140823,0,1,2,2,0,27
roster,3,32,1,pvp,475,0,0,5,0,2129405,60500,0,0,17,73,11,3,3,0,95900,0,1,2,2,36,0
roster,3,32,2,pvp,487,0,1,0,5,1754050,0,0,0,17,131,11,3,3,4,118579,0,0,2,2,0,21
roster,3,32,3,pvp,491,0,0,7,0,1946458,240000,0,10048,17,125,9,3,3,1,161943,0,1,1,2,45,0
roster,3,33,0,pvp,488,0,0,6,0,2269125,78000,0,0,17,102,10,3,3,1,163952,0,0,2,1,54,0
roster,3,33,1,pvp,691,0,1,0,3,2477269,87955,45,0,17,138,14,3,3,3,110450,1,0,2,2,0,15
roster,3,34,0,pvp,486,0,0,4,0,2262588,0,0,11739,17,71,13,4,3,2,119002,0,0,2,2,39,0
roster,3,34,1,pvp,522,0,0,7,0,2073112,107000,0,0,17,131,9,2,2,2,108788,0,1,1,2,45,0
roster,3,35,0,neutral,449,0,0,6,0,2384190,0,0,4091,8,58,6,2,2,2,67908,0,0,2,0,48,0
roster,3,35,1,neutral,540,0,0,5,0,2377096,26000,0,0,8,102,8,1,1,1,78000,0,0,2,0,36,0
roster,3,35,2,neutral,503,0,0,6,0,2244689,0,0,11739,8,127,7,2,2,3,126954,0,0,2,0,21,0
roster,3,36,0,ghost,900,1,1,2,1,2744088,128771,1229,0,17,72,14,3,3,0,85203,0,0,2,2,18,3
roster,3,36,1,pvp,754,0,0,2,0,2670413,78000,0,0,17,105,16,3,3,2,194258,0,0,2,2,12,0
roster,3,37,0,ghost,464,0,1,0,6,2221030,0,0,0,17,80,11,4,4,1,148592,0,0,2,2,0,54
roster,3,37,1,pvp,603,0,0,3,0,2445807,78000,0,4320,17,108,14,3,3,0,88439,0,0,2,2,27,0
roster,3,38,0,ghost,547,0,0,5,0,2305503,0,0,3913,17,56,12,4,4,2,91626,0,0,2,2,51,0
roster,3,38,1,pvp,900,1,0,3,1,2472197,130000,0,0,17,111,14,3,3,2,89764,0,0,2,2,18,9
roster,3,39,0,ghost,481,0,1,0,7,2158868,52000,0,11856,17,90,11,3,3,3,187927,0,0,2,1,0,45
roster,3,39,1,pvp,678,0,1,0,4,2713682,78000,0,33137,17,89,13,3,3,1,124521,0,0,2,1,0,21
roster,3,40,0,neutral,608,0,0,3,0,2831892,0,0,0,8,73,9,2,2,2,58227,0,0,2,0,21,0
roster,3,40,1,neutral,509,0,0,5,0,2606094,52000,0,8608,8,108,8,1,1,1,43500,0,0,1,0,45,0
roster,3,40,2,neutral,808,0,1,0,1,3045501,0,0,0,8,83,12,2,2,3,77319,0,0,2,0,0,0
roster,3,41,0,pvp,604,0,0,4,0,2609986,52000,0,13304,17,84,13,3,3,0,120425,0,0,2,1,42,0
roster,3,42,0,pvp,600,0,1,0,3,2592359,52000,0,0,17,72,14,3,3,1,186816,0,0,2,1,0,30
roster,3,43,0,pvp,549,0,0,6,0,2601666,52000,0,0,17,111,12,3,2,2,46123,0,0,2,1,60,0
roster,3,44,0,pvp,638,0,0,4,0,2838135,104000,0,0,17,102,14,3,3,1,90004,0,0,2,1,33,0
roster,3,45,0,neutral,548,0,0,6,0,2775439,0,0,0,8,58,7,2,2,1,55363,0,0,2,0,54,0
roster,3,45,1,neutral,549,0,0,6,0,2893823,52000,0,0,8,102,7,1,1,1,43500,0,0,1,0,39,0
roster,4,1,0,neutral,88,0,0,4,0,24112,0,0,0,17,88,1,1,1,1,6000,0,0,2,0,4,0
roster,4,1,1,neutral,64,0,0,4,0,21000,0,0,0,18,64,1,0,0,0,0,0,0,1,0,5,0
roster,4,1,2,neutral,40,0,0,4,0,21000,0,0,0,17,40,1,1,1,1,12182,0,0,1,0,4,0
roster,4,1,3,neutral,64,0,0,3,0,21000,0,0,0,18,64,1,0,0,0,0,0,0,1,0,5,0
roster,4,1,4,neutral,72,0,0,4,0,22826,0,0,0,18,72,1,0,0,0,0,0,0,2,0,6,0
roster,4,1,5,neutral,64,0,0,4,0,22909,1909,1591,0,24,64,1,0,0,0,0,1,0,2,0,5,0
roster,4,1,6,neutral,64,0,0,4,0,21000,0,0,0,18,64,1,0,0,0,0,0,0,2,0,5,0
roster,4,1,7,neutral,89,0,0,4,0,21000,0,0,0,18,89,1,0,0,0,0,0,0,2,0,4,0
roster,4,2,0,neutral,97,0,0,4,0,46778,0,0,0,17,56,2,1,1,0,16000,0,0,2,0,4,0
roster,4,2,1,neutral,150,0,0,4,0,50926,0,0,0,18,77,2,0,0,0,0,0,0,2,0,5,0
roster,4,2,2,neutral,101,0,0,4,0,46305,0,0,0,17,49,2,1,1,1,17136,0,0,2,0,8,0
roster,4,2,3,neutral,140,0,0,4,0,49682,0,0,1244,18,73,2,0,0,0,0,0,0,2,0,8,0
roster,4,2,4,neutral,111,0,0,4,0,48131,0,0,0,18,72,2,0,0,0,0,0,0,2,0,10,0
roster,4,2,5,neutral,108,0,0,4,0,48544,6999,1,0,18,64,2,0,0,0,0,1,0,1,0,10,0
roster,4,2,6,neutral,145,0,0,4,0,50926,0,0,0,18,73,2,0,0,0,0,0,0,2,0,4,0
roster,4,2,7,neutral,172,0,0,4,0,53610,0,0,0,18,94,2,0,0,0,0,0,0,2,0,6,0
roster,4,3,0,neutral,156,0,0,5,0,87888,0,0,0,17,77,3,1,1,1,5364,0,0,2,0,6,0
roster,4,3,1,neutral,181,0,0,5,0,88629,0,0,0,18,77,3,0,0,0,0,0,0,2,0,8,0
roster,4,3,2,neutral,116,0,0,5,0,81696,7000,0,0,17,60,3,1,1,1,17136,1,0,1,0,13,0
roster,4,3,3,neutral,162,0,0,5,0,82209,0,0,1626,18,73,3,0,0,0,0,0,0,2,0,11,0
roster,4,3,4,neutral,114,0,0,5,0,83634,10500,0,0,18,77,3,0,0,0,0,1,0,2,0,12,0
roster,4,3,5,neutral,121,0,0,5,0,81998,10500,0,0,18,64,3,0,0,0,0,1,0,2,0,12,0
roster,4,3,6,neutral,194,0,0,5,0,88406,0,0,0,18,77,3,0,0,0,0,0,0,2,0,9,0
roster,4,3,7,neutral,142,0,0,5,0,85957,0,0,0,18,60,3,0,0,0,0,0,0,2,0,10,0
roster,4,4,0,pvp,367,0,0,3,0,700744,0,0,0,17,108,7,1,1,2,41407,0,0,1,2,5,0
roster,4,4,1,pvp,329,0,0,4,0,670548,26731,1269,0,17,60,6,1,1,0,27682,1,1,1,2,11,0
roster,4,4,2,pvp,683,0,0,3,0,786567,0,0,0,18,131,7,0,0,0,0,0,0,2,2,9,0
roster,4,4,3,pvp,415,0,0,5,0,822257,0,0,0,18,208,5,0,0,0,0,0,0,2,2,13,0
roster,4,5,0,neutral,185,0,0,4,0,340457,0,0,0,8,82,4,1,1,0,17136,0,0,1,0,10,0
roster,4,5,1,neutral,291,0,0,5,0,367402,0,0,0,8,150,3,0,0,0,0,0,0,2,0,16,0
roster,4,5,2,neutral,189,0,0,5,0,333913,14000,0,0,8,83,3,1,1,0,17510,1,0,1,0,17,0
roster,4,5,3,neutral,267,0,0,5,0,339030,0,0,0,8,151,3,0,0,0,0,0,0,2,0,21,0
roster,4,5,4,neutral,203,0,0,4,0,353566,14000,0,0,8,121,4,0,0,0,0,1,0,2,0,15,0
roster,4,5,5,neutral,214,0,0,5,0,360757,27500,0,0,8,77,3,0,0,0,0,1,0,2,0,17,0
roster,4,5,6,neutral,228,0,0,5,0,335922,0,0,0,8,133,3,0,0,0,0,0,0,2,0,13,0
roster,4,5,7,neutral,258,0,0,5,0,372542,21000,0,0,8,160,3,0,0,0,0,1,0,2,0,16,0
roster,4,6,0,pvp,424,0,0,4,0,788630,27500,0,0,17,120,6,1,1,3,75715,0,1,1,2,12,0
roster,4,6,1,pvp,453,0,1,0,3,1033127,22000,0,0,18,141,7,0,0,0,0,0,1,2,2,0,9
roster,4,6,2,pvp,641,0,1,0,2,1079018,42000,0,0,17,118,8,1,1,0,24889,1,0,1,1,0,9
roster,4,6,3,pvp,376,0,0,4,0,808287,0,0,3871,18,143,6,0,0,0,0,0,0,1,3,24,0
roster,4,7,0,pvp,526,0,0,2,0,1216704,11000,0,0,8,109,8,1,1,1,27682,0,1,1,2,6,0
roster,4,7,1,pvp,562,0,0,2,0,1133870,99000,0,0,18,141,8,0,0,0,0,0,1,1,1,9,0
roster,4,7,2,pvp,537,0,0,3,0,1052381,0,0,0,17,113,7,1,1,0,1092,0,0,1,2,9,0
roster,4,7,3,pvp,469,0,0,3,0,1051386,0,0,3913,18,176,7,0,0,0,0,0,0,2,1,21,0
roster,4,8,0,pvp,503,0,0,3,0,1021014,0,0,2338,17,185,7,1,1,0,25271,0,0,1,2,9,0
roster,4,8,1,pvp,432,0,0,3,0,1214330,0,0,0,17,142,7,1,1,1,66889,0,0,1,1,12,0
roster,4,8,2,pvp,492,0,1,0,3,1176304,0,0,0,17,151,7,1,1,1,29217,0,0,2,2,0,21
roster,4,8,3,pvp,594,0,1,0,1,1240540,44000,0,0,18,126,9,0,0,0,0,1,1,2,1,0,4
roster,4,9,0,pvp,475,0,1,0,4,1412471,0,0,0,17,156,8,1,1,0,22556,0,0,1,2,0,21
roster,4,9,1,pvp,387,0,0,4,0,1217520,0,0,0,17,111,8,1,1,2,72275,0,0,1,2,18,0
roster,4,9,2,pvp,478,0,0,3,0,1350491,55000,0,0,17,92,9,1,1,1,70012,0,1,2,1,9,0
roster,4,9,3,pvp,527,0,0,3,0,1452318,75500,0,0,17,133,9,1,1,0,7095,0,1,2,2,21,0
roster,4,10,0,neutral,209,0,0,6,0,450958,36066,2434,0,8,72,3,1,1,1,27682,1,0,1,0,24,0
roster,4,10,1,neutral,223,0,0,6,0,454159,0,0,0,8,112,3,1,1,1,27682,0,0,1,0,24,0
roster,4,10,2,neutral,178,0,0,6,0,467566,0,0,0,8,122,3,1,1,0,30545,0,0,2,0,24,0
roster,4,10,3,neutral,219,0,0,6,0,455849,0,0,0,8,113,3,1,1,0,27682,0,0,2,0,30,0
roster,4,10,4,neutral,221,0,0,6,0,499226,97500,0,0,8,147,3,0,0,0,0,1,0,2,0,27,0
roster,4,10,5,neutral,214,0,0,6,0,504710,55000,0,0,8,131,3,0,0,0,0,1,0,1,0,25,0
roster,4,10,6,neutral,213,0,0,6,0,464650,0,0,1667,8,94,3,0,0,0,0,0,0,2,0,24,0
roster,4,10,7,neutral,233,0,0,6,0,467839,0,0,0,8,106,3,1,1,1,30545,0,0,2,0,30,0
roster,4,11,0,pvp,543,0,1,0,1,1647486,54152,848,0,17,101,11,3,3,2,120995,1,0,2,2,0,3
roster,4,11,1,pvp,519,0,1,0,3,1473594,0,0,0,17,145,9,2,2,2,117173,0,0,1,2,0,15
roster,4,11,2,pvp,583,0,0,3,0,1491485,100000,0,2583,8,141,9,0,0,0,0,1,0,2,2,12,0
roster,4,11,3,pvp,455,0,1,0,3,1330011,66000,0,0,17,94,9,1,1,0,52792,1,0,1,2,0,15
roster,4,12,0,pvp,631,0,0,1,0,1760400,148410,90,0,17,125,11,3,3,2,139754,1,0,2,2,6,0
roster,4,12,1,pvp,482,0,0,4,0,1294786,0,0,0,17,117,8,2,2,1,54106,0,0,1,2,18,0
roster,4,12,2,pvp,424,0,0,4,0,1510806,96000,0,19707,8,99,8,1,1,1,56899,1,0,2,2,21,0
roster,4,12,3,pvp,869,0,0,2,0,1675795,206152,848,0,17,111,10,1,1,1,62222,1,0,1,2,9,0
roster,4,13,0,pvp,483,0,0,2,0,1661003,93500,0,0,17,101,10,3,3,3,128401,1,0,2,2,9,0
roster,4,13,1,pvp,494,0,0,3,0,1359161,122000,0,0,17,116,9,2,2,0,83252,0,1,1,1,15,0
roster,4,13,2,pvp,539,0,1,0,3,1379943,48000,0,0,8,106,9,1,1,1,52500,0,1,2,1,0,18
roster,4,13,3,pvp,466,0,0,4,0,1298177,0,0,3913,17,140,8,1,1,2,74328,0,0,2,2,24,0
roster,4,14,0,pvp,466,0,1,0,4,1380705,33000,0,0,17,116,8,3,3,1,128742,1,0,2,2,0,30
roster,4,14,1,pvp,474,0,0,3,0,1475140,0,0,0,17,128,9,1,1,0,64556,0,0,1,2,12,0
roster,4,14,2,pvp,639,0,0,2,0,1419935,82500,0,0,17,79,10,2,2,1,73584,0,1,2,1,6,0
roster,4,14,3,pvp,384,0,0,4,0,1411756,106152,848,0,8,104,8,1,1,0,7631,1,0,1,2,24,0
roster,4,15,0,neutral,228,0,0,6,0,640175,11000,0,0,8,140,3,2,2,0,38629,1,0,2,0,24,0
roster,4,15,1,neutral,322,0,0,6,0,606290,0,0,0,8,195,3,1,1,1,58227,0,0,1,0,24,0
roster,4,15,2,neutral,221,0,0,6,0,588729,0,0,0,8,94,3,1,1,0,27682,0,0,2,0,24,0
roster,4,15,3,neutral,201,0,0,6,0,570097,0,0,0,8,104,3,1,1,2,41416,0,0,2,0,36,0
roster,4,15,4,neutral,231,0,0,6,0,608316,64500,0,17185,8,114,3,0,0,0,0,1,0,1,0,33,0
roster,4,15,5,neutral,242,0,0,6,0,653458,77000,0,0,8,155,3,1,1,1,28701,1,0,1,0,24,0
roster,4,15,6,neutral,276,0,0,6,0,619893,0,0,2000,8,121,3,0,0,0,0,0,0,2,0,24,0
roster,4,15,7,neutral,200,0,0,6,0,577517,0,0,0,8,113,3,1,1,1,27682,0,0,2,0,30,0
roster,4,16,0,pvp,500,0,1,0,1,1656050,59000,0,0,8,69,11,2,2,1,101182,1,1,2,1,0,3
roster,4,16,1,pvp,434,0,0,2,0,1372173,0,0,7083,17,83,10,2,2,2,68558,0,0,1,2,9,0
roster,4,16,2,pvp,491,0,0,5,0,1354579,44000,0,0,17,151,7,2,2,3,102066,0,1,2,1,33,0
roster,4,16,3,pvp,482,0,1,0,3,1460722,0,0,7826,17,160,9,1,1,2,74916,0,0,2,2,0,12
roster,4,17,0,pvp,538,0,0,3,0,1438859,104500,0,0,17,102,9,3,3,1,138447,1,1,2,1,12,0
roster,4,17,1,pvp,492,0,1,0,3,1659104,0,0,0,17,153,10,3,2,2,111657,0,0,2,2,0,21
roster,4,17,2,pvp,366,0,1,0,4,1369401,0,0,0,17,101,9,3,3,3,168839,0,0,2,2,0,12
roster,4,17,3,pvp,502,0,0,5,0,1488052,172999,1,51103,8,141,7,0,0,0,0,1,0,1,2,27,0
roster,4,18,0,pvp,489,0,1,0,4,1503864,82500,0,2583,17,145,9,4,4,7,234707,1,0,2,2,0,18
roster,4,18,1,pvp,713,0,1,0,1,1512900,0,0,7749,17,94,11,1,1,1,24889,0,0,2,2,0,6
roster,4,18,2,pvp,574,0,0,2,0,1804476,0,0,3522,17,122,11,3,3,1,123378,0,0,2,2,12,0
roster,4,18,3,pvp,448,0,0,4,0,1356307,158833,3167,6186,8,99,8,1,0,0,0,1,1,1,1,24,0
roster,4,19,0,pvp,813,0,0,3,0,1831764,170500,0,7749,17,135,11,2,2,2,74328,1,0,2,2,12,0
roster,4,19,1,pvp,448,0,1,0,4,1804722,100000,0,4500,17,85,10,2,2,0,55364,0,1,2,2,0,24
roster,4,19,2,pvp,476,0,1,0,4,1721706,0,0,0,17,93,10,2,2,0,58434,0,0,2,2,0,30
roster,4,19,3,pvp,543,0,1,0,3,1804908,189500,0,0,17,102,11,3,3,1,194047,1,0,1,2,0,9
roster,4,20,0,neutral,297,0,0,6,0,809752,44000,0,2863,8,127,4,2,2,2,67479,1,0,2,0,21,0
roster,4,20,1,neutral,245,0,0,7,0,686074,0,0,0,8,155,3,2,2,1,61090,0,0,2,0,27,0
roster,4,20,2,neutral,277,0,0,6,0,712670,0,0,0,8,106,4,1,1,1,30545,0,0,2,0,27,0
roster,4,20,3,neutral,297,0,0,7,0,703530,0,0,0,8,140,3,1,1,1,34250,0,0,2,0,39,0
roster,4,20,4,neutral,308,0,0,7,0,776460,170635,865,0,8,171,3,0,0,0,0,1,0,2,0,39,0
roster,4,20,5,neutral,218,0,0,7,0,773740,55000,0,2863,8,109,3,1,1,1,49637,1,0,2,0,30,0
roster,4,20,6,neutral,308,0,0,6,0,770390,0,0,0,8,155,4,0,0,0,0,0,0,2,0,27,0
roster,4,20,7,neutral,228,0,0,7,0,735017,0,0,0,8,133,3,2,2,1,61090,0,0,2,0,33,0
roster,4,21,0,pvp,900,1,0,1,1,2045610,170500,0,0,17,69,12,3,3,2,101584,1,0,2,2,6,9
roster,4,21,1,pvp,419,0,0,5,0,1631745,0,0,0,17,121,9,4,3,3,124131,0,0,2,2,18,0
roster,4,21,2,pvp,592,0,0,4,0,1987659,137000,0,5829,17,151,10,1,1,0,24889,0,1,2,2,24,0
roster,4,21,3,pvp,623,0,0,3,0,1903866,192500,0,0,17,93,11,1,1,0,22556,1,0,2,2,15,0
roster,4,22,0,pvp,559,0,1,0,3,1853566,125400,2100,0,8,69,11,2,2,1,79227,1,1,2,2,0,18
roster,4,22,1,pvp,889,0,1,0,1,1888599,60500,0,0,17,116,13,3,2,2,91989,0,1,2,2,0,3
roster,4,22,2,pvp,421,0,1,0,6,1607310,0,0,0,17,89,8,2,2,1,48862,0,0,2,2,0,36
roster,4,22,3,pvp,432,0,1,0,4,1715035,0,0,10332,17,111,10,2,2,4,130811,0,0,2,2,0,18
roster,4,23,0,pvp,485,0,0,4,0,1769902,137500,0,0,17,99,10,3,3,3,128758,1,1,2,2,15,0
roster,4,23,1,pvp,413,0,1,0,4,1564499,0,0,0,17,131,10,4,4,3,179847,0,0,2,2,0,18
roster,4,23,2,pvp,640,0,0,2,0,1854109,0,0,0,17,111,12,1,1,0,22556,0,0,2,2,6,0
roster,4,23,3,pvp,392,0,0,6,0,1570675,63000,0,0,8,93,8,1,1,0,22556,0,1,2,2,36,0
roster,4,24,0,pvp,426,0,1,0,4,1663458,81652,848,0,17,101,10,4,4,2,179223,1,0,2,2,0,21
roster,4,24,1,pvp,390,0,1,0,5,1545835,0,0,0,17,124,9,3,3,3,120246,0,0,2,2,0,33
roster,4,24,2,pvp,434,0,0,3,0,1699719,33000,0,0,17,92,11,2,2,2,79173,0,1,2,2,15,0
roster,4,24,3,pvp,520,0,0,5,0,1667330,163333,5167,17413,8,141,9,0,0,0,0,1,0,2,2,30,0
roster,4,25,0,neutral,675,0,0,2,0,2028550,88000,0,0,8,125,9,2,2,1,124091,1,0,2,0,9,0
roster,4,25,1,neutral,500,0,0,4,0,1731564,0,0,0,8,143,7,2,2,1,88772,0,0,2,0,18,0
roster,4,25,2,neutral,461,0,0,4,0,1815418,0,0,0,8,125,7,1,1,1,80182,0,0,2,0,18,0
roster,4,25,3,neutral,434,0,0,6,0,1733911,0,0,2323,8,123,5,1,1,1,27682,0,0,2,0,36,0
roster,4,25,4,neutral,773,0,0,4,0,2054785,223590,22910,0,8,108,7,0,0,0,0,1,0,2,0,18,0
roster,4,25,5,neutral,610,0,0,3,0,1917805,49500,0,24002,8,83,8,1,1,0,77318,1,0,2,0,9,0
roster,4,25,6,neutral,499,0,0,5,0,1878692,0,0,5334,8,133,6,0,0,0,0,0,0,2,0,27,0
roster,4,25,7,neutral,366,0,0,6,0,1699565,0,0,0,8,124,6,2,2,3,83045,0,0,2,0,36,0
roster,4,26,0,pvp,321,0,1,0,8,1456551,22000,0,0,8,108,7,3,3,2,83695,1,0,2,2,0,51
roster,4,26,1,pvp,478,0,1,0,5,1744162,0,0,0,17,125,10,2,2,1,110445,0,0,2,2,0,27
roster,4,26,2,pvp,623,0,0,2,0,2078668,141000,0,0,8,83,12,1,1,2,93172,0,1,2,2,6,0
roster,4,26,3,pvp,345,0,1,0,6,1440102,82500,0,0,8,88,9,3,2,0,58434,1,0,2,2,0,36
roster,4,27,0,pvp,391,0,1,0,6,1664361,82500,0,0,17,85,9,4,4,3,103952,1,0,2,2,0,27
roster,4,27,1,pvp,374,0,0,4,0,1781156,89000,0,2442,17,77,11,2,2,4,116661,0,1,2,2,15,0
roster,4,27,2,pvp,429,0,0,4,0,2133014,0,0,6793,8,87,12,3,2,3,71894,0,0,2,2,39,0
roster,4,27,3,pvp,601,0,1,0,5,2121317,178500,0,2583,17,90,11,1,1,0,22556,1,0,2,2,0,27
roster,4,28,0,pvp,667,0,1,0,3,1990123,126500,0,22687,17,93,12,2,2,3,89445,1,0,2,2,0,15
roster,4,28,1,pvp,509,0,0,4,0,1959933,0,0,2583,17,82,12,4,4,2,115319,0,0,2,2,15,0
roster,4,28,2,pvp,437,0,0,6,0,1641789,114000,0,0,8,80,10,2,2,2,89090,0,1,2,2,51,0
roster,4,28,3,pvp,409,0,1,0,3,1881014,85000,0,0,8,109,12,2,2,1,128880,1,0,2,2,0,24
roster,4,29,0,pvp,443,0,1,0,6,1698864,82500,0,4400,17,85,9,4,4,3,171373,1,0,2,2,0,24
roster,4,29,1,pvp,453,0,1,0,2,1920824,0,0,0,8,88,14,4,3,2,139073,0,0,2,2,0,15
roster,4,29,2,pvp,421,0,0,8,0,1467999,0,0,27422,8,89,8,1,1,1,48628,0,0,2,2,63,0
roster,4,29,3,pvp,453,0,0,5,0,1891087,282500,0,0,8,82,11,1,1,0,26478,1,1,2,2,27,0
roster,4,30,0,neutral,681,0,1,0,2,2153811,66000,0,0,8,108,9,2,2,3,105000,1,0,2,0,0,0
roster,4,30,1,neutral,589,0,0,4,0,2156008,0,0,0,8,131,8,2,2,2,154636,0,0,2,0,18,0
roster,4,30,2,neutral,583,0,0,4,0,2032266,0,0,0,8,129,8,2,2,2,152727,0,0,2,0,18,0
roster,4,30,3,neutral,462,0,0,6,0,1991520,0,0,3375,8,106,6,1,1,2,83045,0,0,2,0,42,0
roster,4,30,4,neutral,532,0,0,5,0,2313424,148000,0,29456,8,100,7,0,0,0,0,1,0,2,0,24,0
roster,4,30,5,neutral,708,0,0,3,0,2173695,0,0,17607,8,102,9,0,0,0,0,0,0,2,0,15,0
roster,4,30,6,neutral,466,0,0,4,0,2120348,0,0,0,8,77,8,2,2,2,61090,0,0,2,0,30,0
roster,4,31,0,ghost,356,0,0,6,0,1860839,0,0,0,8,72,10,3,3,2,100405,0,0,2,2,57,0
roster,4,31,1,pvp,452,0,1,0,4,1896727,79500,0,0,17,92,12,4,3,4,110119,1,0,2,2,0,18
roster,4,31,2,pvp,585,0,0,4,0,2171542,131500,0,2583,17,85,12,2,2,2,241831,0,1,2,2,15,0
roster,4,31,3,pvp,488,0,1,0,4,1909150,0,0,0,8,99,12,2,2,1,100434,0,0,2,2,0,27
roster,4,32,0,ghost,481,0,0,8,0,1824093,416743,8757,6073,8,82,8,2,2,1,52956,1,1,2,2,42,0
roster,4,32,1,pvp,574,0,1,0,5,1997443,108500,0,4676,17,129,11,4,4,2,131832,1,0,2,2,0,18
roster,4,32,2,pvp,497,0,0,5,0,1867294,0,0,0,17,93,11,2,2,0,107806,0,0,2,2,21,0
roster,4,32,3,pvp,692,0,1,0,1,2426370,0,0,0,8,106,15,3,2,2,58935,0,0,2,2,0,3
roster,4,33,0,pvp,369,0,1,0,8,1681298,134500,0,0,8,66,9,4,4,4,133710,1,0,2,2,0,42
roster,4,33,1,pvp,502,0,1,0,5,1971657,0,0,0,17,65,12,4,4,3,135364,0,0,2,2,0,21
roster,4,33,2,pvp,431,0,0,7,0,1812817,68500,0,3913,8,89,9,1,1,2,71113,0,1,2,2,54,0
roster,4,34,0,ghost,526,0,1,0,4,2325905,0,0,0,8,69,14,4,4,6,205309,0,0,2,2,0,27
roster,4,34,1,pvp,431,0,1,0,7,1719849,0,0,0,17,125,9,3,3,1,131035,0,0,2,2,0,51
roster,4,34,2,pvp,439,0,1,0,5,2154327,122000,0,0,8,84,12,2,2,2,102348,1,0,2,2,0,39
roster,4,35,0,neutral,775,0,1,0,2,2486938,0,0,0,8,123,10,2,2,1,58227,0,0,2,0,0,0
roster,4,35,1,neutral,558,0,0,4,0,2343817,0,0,0,8,58,9,2,2,3,152727,0,0,2,0,18,0
roster,4,35,2,neutral,485,0,0,6,0,2142716,0,0,5806,8,149,6,1,1,1,83045,0,0,2,0,51,0
roster,4,35,3,neutral,695,0,0,4,0,2502754,200000,0,54544,8,108,8,0,0,0,0,1,0,2,0,18,0
roster,4,35,4,neutral,508,0,0,5,0,2417920,0,0,0,8,125,8,2,2,0,113590,0,0,2,0,27,0
roster,4,36,0,ghost,365,0,0,7,0,1769137,0,0,0,17,112,10,4,4,3,157910,0,0,2,2,45,0
roster,4,36,1,pvp,750,0,0,2,0,2307744,0,0,2200,17,65,15,4,4,5,180103,0,0,2,2,9,0
roster,4,36,2,pvp,470,0,0,6,0,1859491,89000,0,5166,8,93,10,1,1,2,72263,0,1,2,2,45,0
roster,4,37,0,ghost,594,0,1,0,1,2229767,63000,0,0,17,77,15,2,2,2,101182,0,1,2,2,0,3
roster,4,37,1,pvp,434,0,0,6,0,2053556,89000,0,0,8,72,11,2,2,4,97640,0,1,2,2,27,0
roster,4,37,2,pvp,512,0,0,4,0,2374568,0,0,0,8,101,13,3,3,2,99079,0,0,2,2,39,0
roster,4,38,0,pvp,386,0,1,0,8,1776081,0,0,0,17,160,9,3,2,1,85053,0,0,2,2,0,63
roster,4,38,1,pvp,548,0,1,0,3,2390833,0,0,0,8,85,15,4,4,6,241682,0,0,2,2,0,18
roster,4,39,0,pvp,471,0,1,0,5,2009224,0,0,0,17,82,12,4,4,4,213304,0,0,2,2,0,36
roster,4,39,1,pvp,439,0,1,0,6,2157935,0,0,0,8,89,12,3,3,1,111402,0,0,2,2,0,48
roster,4,40,0,neutral,490,0,0,6,0,2437406,0,0,12772,8,177,7,1,1,2,52500,0,0,2,0,51,0
roster,4,40,1,neutral,537,0,0,5,0,2540355,0,0,0,8,102,8,2,2,4,109944,0,0,2,0,33,0
roster,4,41,0,pvp,433,0,0,6,0,2341003,0,0,0,8,106,12,3,2,1,64443,0,0,2,2,57,0
roster,4,42,0,pvp,608,0,0,4,0,2488043,0,0,0,8,151,14,3,3,1,109328,0,0,2,2,39,0
roster,4,43,0,pvp,511,0,0,6,0,2409729,0,0,2817,8,89,12,3,2,1,39290,0,0,2,2,57,0
roster,5,1,0,neutral,88,0,0,4,0,22556,0,0,0,17,88,1,2,1,0,6000,0,0,2,0,4,0
roster,5,1,1,neutral,64,0,0,4,0,22909,0,0,0,18,64,1,0,0,0,0,0,0,2,0,6,0
roster,5,1,2,neutral,77,0,0,4,0,24818,1909,1591,0,17,77,1,1,0,0,0,1,0,1,0,6,0
roster,5,1,3,neutral,44,0,0,4,0,21000,0,0,0,17,44,1,1,1,1,17136,0,0,2,0,4,0
roster,5,1,4,neutral,56,0,0,4,0,22909,0,0,0,17,56,1,1,1,1,7182,0,0,1,0,4,0
roster,5,1,5,neutral,56,0,0,4,0,22909,0,0,0,17,56,1,1,1,1,8182,0,0,1,0,5,0
roster,5,1,6,neutral,40,0,0,4,0,21000,0,0,0,17,40,1,1,1,1,16273,1,0,1,0,6,0
roster,5,1,7,neutral,64,0,0,4,0,21000,0,0,0,21,64,1,0,0,0,0,0,0,1,0,5,0
roster,5,2,0,neutral,162,0,0,4,0,53901,0,0,0,17,84,2,1,0,0,0,0,0,2,0,8,0
roster,5,2,1,neutral,150,0,0,4,0,49370,0,0,0,18,90,2,0,0,0,0,0,0,2,0,5,0
roster,5,2,2,neutral,88,0,0,4,0,47908,7000,0,0,17,77,2,1,1,1,18000,1,0,1,0,6,0
roster,5,2,3,neutral,117,0,0,4,0,47296,0,0,0,17,56,2,1,1,1,12000,0,0,2,0,8,0
roster,5,2,4,neutral,133,0,0,4,0,50926,0,0,0,17,72,2,1,0,1,0,0,0,2,0,7,0
roster,5,2,5,neutral,79,0,0,4,0,45999,3500,0,0,17,56,2,1,1,1,9982,1,0,1,0,11,0
roster,5,2,6,neutral,121,0,0,4,0,47296,0,0,0,17,49,2,1,1,1,17136,0,0,1,0,5,0
roster,5,2,7,neutral,140,0,0,4,0,49370,0,0,0,18,64,2,0,0,0,0,0,0,1,0,7,0
roster,5,3,0,neutral,122,0,0,5,0,79256,0,0,0,17,56,3,1,1,1,21000,0,0,1,0,13,0
roster,5,3,1,neutral,150,0,0,5,0,84481,0,0,0,18,99,3,0,0,0,0,0,0,2,0,7,0
roster,5,3,2,neutral,99,0,0,5,0,75908,7000,0,0,17,49,3,1,1,0,15364,1,0,1,0,10,0
roster,5,3,3,neutral,123,0,0,5,0,79741,0,0,0,17,49,3,1,1,1,17136,0,0,2,0,11,0
roster,5,3,4,neutral,141,0,0,5,0,80259,0,0,0,17,49,3,1,1,0,15364,0,0,2,0,10,0
roster,5,3,5,neutral,117,0,0,5,0,78907,10271,229,0,17,56,3,1,1,0,9982,1,0,1,0,14,0
roster,5,3,6,neutral,174,0,0,5,0,89957,0,0,0,17,82,3,1,0,0,0,0,0,2,0,8,0
roster,5,3,7,neutral,116,0,0,5,0,79870,0,0,0,17,62,3,1,1,0,15364,0,0,1,0,13,0
roster,5,4,0,pvp,375,0,0,3,0,789281,0,0,0,17,89,7,2,1,1,35265,0,0,1,1,9,0
roster,5,4,1,pvp,541,0,1,0,2,842735,0,0,0,17,131,8,2,2,1,37084,0,0,2,1,0,5
roster,5,4,2,pvp,461,0,1,0,4,820498,115000,0,0,17,142,6,1,1,2,42117,1,1,1,1,0,12
roster,5,4,3,pvp,470,0,0,3,0,996484,0,0,0,17,203,7,2,2,1,54962,0,0,2,1,7,0
roster,5,5,0,neutral,208,0,0,5,0,343316,0,0,1636,8,102,3,1,1,1,35110,0,0,1,0,14,0
roster,5,5,1,neutral,230,0,0,5,0,321739,0,0,0,8,89,3,1,1,1,58227,0,0,2,0,13,0
roster,5,5,2,neutral,317,0,0,5,0,363980,53074,2926,8180,8,161,3,0,0,0,0,1,0,1,0,12,0
roster,5,5,3,neutral,239,0,0,5,0,349028,0,0,0,8,160,3,0,0,0,0,0,0,2,0,15,0
roster,5,5,4,neutral,242,0,0,5,0,328967,0,0,8127,8,142,3,0,0,0,0,0,0,1,0,17,0
roster,5,5,5,neutral,298,0,0,5,0,367390,70000,0,0,8,147,3,1,0,0,0,1,0,1,0,20,0
roster,5,5,6,neutral,222,0,0,5,0,341079,0,0,0,8,93,3,0,0,0,0,0,0,1,0,15,0
roster,5,5,7,neutral,218,0,0,5,0,335182,0,0,0,8,126,3,0,0,0,0,0,0,1,0,18,0
roster,5,6,0,pvp,900,1,0,1,1,1061812,0,0,0,17,105,8,1,1,0,26478,0,0,1,2,3,4
roster,5,6,1,pvp,418,0,0,3,0,897679,52500,0,0,17,104,7,2,1,2,51773,0,1,2,1,8,0
roster,5,6,2,pvp,469,0,0,5,0,944587,0,0,0,17,189,5,1,1,1,29810,0,0,1,1,19,0
roster,5,6,3,pvp,472,0,0,4,0,919694,143283,13217,0,17,111,6,1,1,0,69612,1,0,1,1,18,0
roster,5,7,0,pvp,427,0,0,4,0,869035,0,0,8727,17,152,6,1,1,0,67605,0,0,2,1,18,0
roster,5,7,1,pvp,461,0,1,0,4,1111241,151000,0,0,17,99,6,2,2,2,116675,0,1,1,1,0,18
roster,5,7,2,pvp,427,0,1,0,5,932809,28000,0,4435,17,169,5,1,1,0,19645,1,0,1,2,0,21
roster,5,7,3,pvp,548,0,1,0,3,913940,0,0,6120,17,89,7,1,1,0,23739,0,0,2,1,0,13
roster,5,8,0,pvp,502,0,1,0,4,1219754,0,0,0,17,177,6,2,2,0,43354,0,0,2,2,0,18
roster,5,8,1,pvp,479,0,0,3,0,981334,0,0,0,17,108,7,2,2,2,85789,0,0,1,1,12,0
roster,5,8,2,pvp,759,0,1,0,1,1204349,103283,2717,0,17,129,9,1,1,0,24818,1,1,1,1,0,4
roster,5,8,3,pvp,355,0,1,0,4,832967,22000,0,10212,17,135,6,1,1,1,36891,0,1,1,1,0,15
roster,5,9,0,pvp,444,0,1,0,3,1437533,0,0,20898,17,89,9,3,3,2,97385,0,0,2,1,0,18
roster,5,9,1,pvp,732,0,0,3,0,1226128,87167,833,0,17,89,9,2,1,1,15407,1,0,2,1,13,0
roster,5,9,2,pvp,516,0,0,5,0,1314676,0,0,0,17,89,7,1,1,0,19645,0,0,2,1,27,0
roster,5,9,3,pvp,884,0,0,1,0,1810744,261000,0,18583,17,184,11,1,1,0,12005,1,1,1,1,3,0
roster,5,10,0,neutral,247,0,0,6,0,467759,26000,0,1957,8,88,3,2,2,3,72217,0,0,2,0,27,0
roster,5,10,1,neutral,223,0,0,6,0,464686,0,0,0,8,118,3,1,1,0,30545,0,0,1,0,27,0
roster,5,10,2,neutral,238,0,0,6,0,490212,0,0,0,8,122,3,1,1,0,24818,1,0,2,0,27,0
roster,5,10,3,neutral,189,0,0,6,0,446260,0,0,0,8,132,3,1,1,0,52500,0,0,2,0,30,0
roster,5,10,4,neutral,239,0,0,6,0,479708,0,0,0,8,94,3,0,0,0,0,0,0,1,0,27,0
roster,5,10,5,neutral,236,0,0,6,0,456883,72250,3250,1957,8,106,3,1,1,0,58227,1,0,1,0,27,0
roster,5,10,6,neutral,247,0,0,6,0,464644,29387,3613,13068,8,160,3,0,0,0,0,1,0,1,0,28,0
roster,5,10,7,neutral,190,0,0,6,0,480850,0,0,0,8,109,3,1,1,0,24818,0,0,1,0,25,0
roster,5,11,0,pvp,624,0,0,4,0,1483081,182457,43,0,8,85,8,3,3,2,148386,0,1,2,2,21,0
roster,5,11,1,pvp,454,0,0,4,0,1331033,0,0,1565,17,126,8,1,1,1,53749,0,0,1,1,15,0
roster,5,11,2,pvp,509,0,0,5,0,1485707,49500,0,0,17,125,7,2,2,1,50894,0,1,2,1,21,0
roster,5,11,3,pvp,701,0,0,4,0,1376179,78000,0,13797,17,128,8,1,1,0,17613,0,0,2,1,18,0
roster,5,12,0,pvp,454,0,1,0,5,1509069,174500,0,3913,17,113,7,3,3,2,69004,0,1,2,2,0,30
roster,5,12,1,pvp,598,0,1,0,2,1603436,0,0,0,17,137,10,2,2,0,106581,0,0,1,2,0,12
roster,5,12,2,pvp,808,0,0,4,0,1643866,356485,4515,0,17,85,8,2,2,0,42000,1,0,2,1,21,0
roster,5,12,3,pvp,583,0,1,0,3,1581169,0,0,0,18,83,9,1,1,0,31957,0,0,2,1,0,15
roster,5,13,0,pvp,491,0,1,0,4,1577342,0,0,3913,17,85,8,3,3,3,124481,0,0,2,2,0,18
roster,5,13,1,pvp,445,0,0,3,0,1329342,52000,0,0,17,131,9,2,2,1,45111,0,0,1,1,18,0
roster,5,13,2,pvp,614,0,1,0,4,1511534,148500,0,0,17,121,8,1,1,0,17613,1,0,2,2,0,21
roster,5,13,3,pvp,765,0,0,3,0,1703304,270113,4887,0,17,138,9,2,2,0,30117,1,0,2,1,18,0
roster,5,14,0,pvp,481,0,0,4,0,1430894,52000,0,0,17,67,8,3,3,0,68478,0,0,2,1,36,0
roster,5,14,1,pvp,560,0,1,0,4,1433517,109152,848,0,17,143,8,2,2,1,44534,0,1,1,2,0,24
roster,5,14,2,pvp,719,0,1,0,3,1478587,55000,0,8778,17,83,9,2,2,1,78252,1,0,2,1,0,15
roster,5,14,3,pvp,560,0,0,5,0,1478419,0,0,0,17,144,7,1,1,1,58935,0,0,2,2,27,0
roster,5,15,0,neutral,211,0,0,5,0,607826,0,0,0,8,117,4,2,2,1,55363,0,0,2,0,39,0
roster,5,15,1,neutral,231,0,0,6,0,583003,0,0,0,8,109,3,1,1,1,38385,0,0,1,0,27,0
roster,5,15,2,neutral,361,0,0,5,0,650154,17111,4889,7044,8,133,4,1,1,0,24818,1,0,2,0,24,0
roster,5,15,3,neutral,286,0,0,6,0,586547,0,0,0,8,110,3,1,1,1,51247,0,0,2,0,30,0
roster,5,15,4,neutral,267,0,0,6,0,596710,0,0,0,8,138,3,0,0,0,0,0,0,2,0,27,0
roster,5,15,5,neutral,270,0,0,6,0,615133,97957,1043,2455,8,113,3,1,1,1,52500,1,0,2,0,33,0
roster,5,15,6,neutral,209,0,0,6,0,615473,0,0,0,8,143,3,1,1,1,57316,0,0,1,0,27,0
roster,5,15,7,neutral,229,0,0,6,0,627135,0,0,0,8,121,3,1,1,0,24818,0,0,1,0,24,0
roster,5,16,0,pvp,605,0,1,0,4,1611727,181826,5174,0,17,99,8,3,3,1,77375,0,1,2,2,0,24
roster,5,16,1,pvp,564,0,0,3,0,1678894,148500,0,0,17,73,9,2,2,3,93349,0,1,1,1,15,0
roster,5,16,2,pvp,659,0,0,3,0,1869671,0,0,0,17,125,10,2,2,4,116728,0,0,2,2,15,0
roster,5,16,3,pvp,767,0,0,2,0,1610135,78000,0,0,17,160,10,1,1,0,17613,0,0,2,1,12,0
roster,5,17,0,pvp,484,0,0,5,0,1563270,132000,0,3522,17,53,7,2,2,0,87000,0,1,2,1,39,0
roster,5,17,1,pvp,535,0,1,0,3,1561175,0,0,0,17,152,9,1,1,1,14181,0,0,1,2,0,15
roster,5,17,2,pvp,572,0,0,4,0,1950557,262000,2000,0,17,110,8,2,2,3,125558,0,1,2,2,30,0
roster,5,17,3,pvp,540,0,0,5,0,1587604,78000,0,3944,17,84,9,2,2,2,134069,0,0,2,1,21,0
roster,5,18,0,pvp,688,0,1,0,3,2047759,0,0,7072,17,89,10,2,2,1,112121,0,0,2,2,0,15
roster,5,18,1,pvp,435,0,1,0,5,1428500,0,0,0,17,163,7,2,2,2,127356,0,0,2,2,0,33
roster,5,18,2,pvp,653,0,1,0,4,1851102,199000,0,3913,17,82,9,2,2,0,42000,1,0,1,2,0,18
roster,5,18,3,pvp,469,0,1,0,5,1438516,135848,1652,0,17,116,7,1,1,1,37258,0,1,2,2,0,27
roster,5,19,0,pvp,417,0,0,6,0,1662484,52000,0,7826,17,89,8,2,2,1,64661,0,0,2,2,45,0
roster,5,19,1,pvp,511,0,1,0,7,1740616,58783,1717,3913,8,102,7,2,2,1,78910,1,0,1,2,0,40
roster,5,19,2,pvp,746,0,1,0,3,1957323,0,0,0,18,78,11,2,2,2,80819,0,0,2,2,0,15
roster,5,19,3,pvp,577,0,0,4,0,1757891,295113,8387,0,17,135,10,2,1,2,84189,1,0,2,2,24,0
roster,5,20,0,neutral,195,0,0,7,0,694706,26000,0,0,8,98,3,1,1,0,39000,0,0,2,0,54,0
roster,5,20,1,neutral,260,0,0,7,0,736630,0,0,0,8,106,3,1,1,0,30545,0,0,2,0,36,0
roster,5,20,2,neutral,222,0,0,7,0,725144,22000,0,0,8,129,3,2,2,1,77318,1,0,2,0,36,0
roster,5,20,3,neutral,274,0,0,7,0,731756,0,0,0,8,179,3,1,1,0,52500,0,0,2,0,45,0
roster,5,20,4,neutral,263,0,0,6,0,794842,0,0,0,8,127,4,1,1,1,30545,0,0,2,0,24,0
roster,5,20,5,neutral,270,0,0,6,0,767528,40630,3370,0,8,162,4,1,1,0,30545,1,0,2,0,30,0
roster,5,20,6,neutral,263,0,0,6,0,769219,0,0,0,8,127,4,1,1,1,36273,0,0,2,0,24,0
roster,5,20,7,neutral,304,0,0,6,0,795072,26000,0,0,8,99,4,1,1,1,30545,0,0,2,0,24,0
roster,5,21,0,pvp,860,0,0,2,0,2250240,78000,0,11772,17,69,12,2,2,1,81671,0,0,2,2,18,0
roster,5,21,1,pvp,579,0,0,3,0,1755499,0,0,0,17,94,11,2,2,2,122060,0,0,2,2,9,0
roster,5,21,2,pvp,528,0,0,5,0,1793784,241593,5907,3913,17,89,9,3,3,3,121161,1,1,2,2,30,0
roster,5,21,3,pvp,449,0,0,7,0,1540130,52000,0,7826,17,84,7,2,2,1,78787,0,0,2,2,45,0
roster,5,22,0,pvp,383,0,0,6,0,1526881,52000,0,0,17,114,8,2,2,0,114116,0,0,2,2,45,0
roster,5,22,1,pvp,531,0,0,5,0,1670336,203086,6914,3913,17,73,9,3,3,0,68478,1,0,2,2,30,0
roster,5,22,2,pvp,571,0,0,5,0,1829483,38500,0,5400,17,126,9,2,2,1,57023,0,1,2,2,39,0
roster,5,22,3,pvp,619,0,0,4,0,1847645,0,0,0,18,123,10,2,2,3,69926,0,0,2,2,12,0
roster,5,23,0,pvp,630,0,1,0,5,2175255,78000,0,3913,17,89,9,2,2,0,63782,0,0,2,2,0,39
roster,5,23,1,pvp,470,0,1,0,4,1678676,148500,0,0,17,156,10,2,2,3,130801,0,1,2,2,0,21
roster,5,23,2,pvp,580,0,1,0,4,1813566,108000,2000,0,17,69,10,3,3,2,129481,1,0,2,2,0,12
roster,5,23,3,pvp,667,0,0,3,0,1800928,52000,0,3913,17,71,11,2,2,1,72367,0,0,2,2,15,0
roster,5,24,0,pvp,586,0,0,6,0,2015594,171500,0,0,17,53,8,3,3,1,105172,0,1,2,2,45,0
roster,5,24,1,pvp,494,0,0,5,0,1519935,16500,0,3913,17,95,9,2,2,2,71995,0,1,2,2,30,0
roster,5,24,2,pvp,518,0,0,6,0,1773742,0,0,3913,17,109,8,2,2,1,65061,0,0,2,2,42,0
roster,5,24,3,pvp,597,0,1,0,4,1882737,110000,0,5852,17,108,10,2,2,3,113980,1,0,2,2,0,18
roster,5,25,0,neutral,414,0,0,5,0,1683795,0,0,15651,8,81,6,1,1,1,48000,0,0,2,0,39,0
roster,5,25,1,neutral,465,0,0,4,0,1801433,0,0,0,8,131,7,1,1,1,68897,0,0,2,0,15,0
roster,5,25,2,neutral,553,0,0,4,0,1892336,121000,0,21820,8,102,7,2,2,2,77318,1,0,2,0,24,0
roster,5,25,3,neutral,530,0,0,6,0,1709046,0,0,3130,8,106,5,1,1,0,27682,0,0,2,0,42,0
roster,5,25,4,neutral,900,1,0,1,1,2115241,0,0,0,8,83,9,1,1,0,27682,0,0,2,0,3,0
roster,5,25,5,neutral,590,0,0,4,0,1955445,137500,0,0,8,108,7,1,1,0,74455,1,0,2,0,24,0
roster,5,25,6,neutral,565,0,0,5,0,1832277,0,0,0,8,100,6,1,1,1,36273,0,0,2,0,21,0
roster,5,25,7,neutral,614,0,0,4,0,1978985,203500,0,16365,8,77,7,1,1,0,24818,1,0,2,0,15,0
roster,5,26,0,pvp,430,0,0,5,0,1887868,38500,0,8199,17,109,9,2,2,1,68217,0,1,2,2,39,0
roster,5,26,1,pvp,512,0,0,4,0,1802942,0,0,0,17,113,10,2,2,1,127945,0,0,2,2,21,0
roster,5,26,2,pvp,540,0,1,0,4,1879494,112043,3457,7466,17,89,10,3,3,0,69862,1,0,2,2,0,30
roster,5,26,3,pvp,478,0,0,6,0,1642121,121000,0,3913,17,81,9,2,2,1,88883,0,1,2,2,30,0
roster,5,27,0,pvp,392,0,0,7,0,1612927,0,0,26540,17,55,8,2,2,1,62193,0,0,2,2,60,0
roster,5,27,1,pvp,761,0,0,1,0,2077177,133591,3909,0,17,104,13,3,3,0,75889,0,1,2,2,3,0
roster,5,27,2,pvp,674,0,0,6,0,2103464,0,0,0,17,105,10,2,1,1,31957,0,0,2,2,39,0
roster,5,27,3,pvp,478,0,0,6,0,1493964,123043,3457,7372,17,93,8,2,2,0,72296,1,1,2,2,30,0
roster,5,28,0,ghost,398,0,0,6,0,1607218,0,0,6193,17,113,9,2,2,1,44534,0,0,2,2,45,0
roster,5,28,1,pvp,389,0,0,7,0,1603606,72239,4761,18998,17,44,8,3,3,1,79596,0,1,2,2,60,0
roster,5,28,2,pvp,481,0,1,0,5,1806414,0,0,0,17,95,10,2,2,1,89284,0,0,2,2,0,27
roster,5,28,3,pvp,689,0,1,0,5,1759683,132000,0,13773,17,99,9,2,2,2,68507,0,1,2,2,0,27
roster,5,29,0,pvp,436,0,0,6,0,2034333,0,0,32358,17,55,10,2,2,1,119477,0,0,2,2,51,0
roster,5,29,1,pvp,541,0,0,4,0,2156642,152500,0,0,17,160,12,2,2,2,114484,0,1,2,2,24,0
roster,5,29,2,pvp,559,0,0,6,0,2066562,0,0,0,17,107,10,2,1,0,21677,0,0,2,2,45,0
roster,5,30,0,neutral,392,0,0,7,0,1944726,0,0,0,8,109,5,1,1,0,39000,0,0,2,0,60,0
roster,5,30,1,neutral,469,0,0,5,0,1940987,0,0,0,8,148,7,1,1,2,34544,0,0,2,0,30,0
roster,5,30,2,neutral,553,0,0,5,0,2079559,0,0,0,8,183,7,1,1,0,27682,0,0,2,0,39,0
roster,5,30,3,neutral,778,0,0,1,0,2657065,0,0,23476,8,77,11,1,1,1,30545,0,0,2,0,3,0
roster,5,30,4,neutral,601,0,0,5,0,2197602,184000,0,0,8,158,7,1,1,2,80181,1,0,2,0,27,0
roster,5,30,5,neutral,749,0,0,4,0,2188740,0,0,2613,8,77,8,1,1,0,33409,0,0,2,0,18,0
roster,5,31,0,pvp,472,0,0,6,0,1923261,0,0,14460,17,69,10,2,2,0,61043,0,0,2,2,57,0
roster,5,31,1,pvp,708,0,1,0,3,2272708,0,0,0,17,95,13,2,2,1,115260,0,0,2,2,0,15
roster,5,31,2,pvp,573,0,0,6,0,2059393,112130,1870,9829,17,109,10,2,2,1,56899,0,1,2,2,39,0
roster,5,32,0,ghost,389,0,1,0,7,1943808,60500,0,0,8,69,9,2,2,1,91566,1,0,2,2,0,60
roster,5,32,1,pvp,452,0,0,6,0,2084629,0,0,0,17,110,10,2,2,0,71940,0,0,2,2,51,0
roster,5,32,2,pvp,674,0,0,5,0,2411082,0,0,0,17,105,11,2,2,2,73897,0,0,2,2,36,0
roster,5,33,0,ghost,605,0,0,6,0,2451019,0,0,7435,17,69,10,2,2,0,63782,0,0,2,2,51,0
roster,5,33,1,pvp,552,0,1,0,6,1967671,0,0,28176,17,125,10,2,2,2,119976,0,0,2,2,0,45
roster,5,33,2,pvp,900,1,1,1,3,2526524,118652,848,0,8,102,13,2,2,1,50624,1,0,2,2,3,15
roster,5,34,0,ghost,629,0,1,0,5,2183547,261735,11765,0,17,122,12,2,2,2,66475,0,1,2,2,0,27
roster,5,34,1,pvp,503,0,0,6,0,2097571,0,0,6261,17,55,10,2,2,2,95738,0,0,2,2,57,0
roster,5,34,2,pvp,576,0,0,7,0,2105002,86704,1296,15617,17,90,10,2,2,1,108324,0,1,2,2,48,0
roster,5,35,0,neutral,452,0,0,6,0,2333449,0,0,0,8,200,6,1,1,0,39000,0,0,2,0,57,0
roster,5,35,1,neutral,637,0,0,5,0,2320025,0,0,0,8,181,7,1,1,0,27682,0,0,2,0,33,0
roster,5,35,2,neutral,742,0,0,3,0,2605669,97500,0,13636,8,100,10,1,1,2,80182,1,0,2,0,9,0
roster,5,35,3,neutral,874,0,1,0,3,2428746,0,0,26088,8,77,9,1,1,0,33409,0,0,2,0,0,0
roster,5,36,0,pvp,709,0,1,0,5,2679162,0,0,24652,17,114,11,2,2,0,76711,0,0,2,2,0,33
roster,5,36,1,pvp,704,0,0,7,0,2392916,477821,179,0,8,114,10,2,2,0,42659,1,0,2,2,36,0
roster,5,37,0,pvp,502,0,0,6,0,2237677,99000,0,7393,8,69,11,2,2,0,62739,0,1,2,2,51,0
roster,5,37,1,pvp,584,0,0,6,0,2273934,0,0,0,17,177,10,2,2,1,86739,0,0,2,2,39,0
roster,5,38,0,pvp,574,0,1,0,3,2875526,0,0,15971,17,60,14,3,3,0,129035,0,0,2,2,0,24
roster,5,39,0,pvp,551,0,1,0,5,2956453,0,0,38178,17,61,13,3,3,1,115327,0,0,2,2,0,36
roster,5,40,0,neutral,418,0,0,6,0,2651100,0,0,0,8,133,7,1,1,1,43500,0,0,2,0,72,0
roster,5,40,1,neutral,585,0,0,5,0,2757799,0,0,0,8,100,8,2,2,2,80182,0,0,2,0,36,0
roster,5,41,0,pvp,559,0,0,5,0,2864008,0,0,11767,17,53,13,3,3,0,83217,0,0,2,2,69,0
roster,5,42,0,pvp,590,0,0,4,0,3114231,0,0,2090,17,53,14,3,3,0,108035,0,0,2,2,60,0
roster,5,43,0,pvp,501,0,0,6,0,2916271,0,0,18308,17,53,12,3,3,0,129035,0,0,2,2,72,0
roster,5,44,0,pvp,667,0,0,3,0,3040350,0,0,23791,17,53,15,3,3,0,83217,0,0,2,2,30,0
roster,5,45,0,neutral,464,0,0,6,0,2964609,0,0,0,8,130,7,1,1,0,39000,0,0,2,0,69,0
roster,5,45,1,neutral,884,0,0,5,0,3089420,0,0,0,8,77,8,2,2,1,114447,0,0,2,0,36,0
roster,6,1,0,neutral,40,0,0,4,0,21000,0,0,0,17,40,1,1,1,1,12182,0,0,1,0,5,0
roster,6,1,1,neutral,60,0,0,4,0,22556,0,0,0,21,60,1,0,0,0,0,1,0,2,0,5,0
roster,6,1,2,neutral,64,0,0,4,0,21000,0,0,0,18,64,1,0,0,0,0,0,0,2,0,4,0
roster,6,1,3,neutral,62,0,0,4,0,22556,0,0,0,21,62,1,0,0,0,0,0,0,1,0,5,0
roster,6,1,4,neutral,83,0,0,4,0,24818,1909,1591,0,18,83,1,0,0,0,0,2,0,2,0,6,0
roster,6,1,5,neutral,56,0,0,3,0,22826,0,0,0,17,56,1,1,1,0,13364,0,0,2,0,5,0
roster,6,1,6,neutral,77,0,0,4,0,24818,1909,1591,0,18,77,1,0,0,0,0,1,0,2,0,5,0
roster,6,1,7,neutral,60,0,0,3,0,21000,0,0,0,18,60,1,0,0,0,0,0,0,1,0,5,0
roster,6,2,0,neutral,94,0,0,4,0,46305,0,0,0,17,40,2,1,1,1,12000,0,0,1,0,7,0
roster,6,2,1,neutral,140,0,0,4,0,52482,0,0,0,18,77,2,0,0,0,0,0,0,1,0,7,0
roster,6,2,2,neutral,140,0,0,4,0,49370,0,0,0,18,64,2,0,0,0,0,0,0,1,0,9,0
roster,6,2,3,neutral,116,0,0,4,0,47296,0,0,0,21,62,2,0,0,0,0,0,0,2,0,11,0
roster,6,2,4,neutral,111,0,0,4,0,50453,8908,5092,0,18,89,2,0,0,0,0,2,0,2,0,6,0
roster,6,2,5,neutral,88,0,0,4,0,47522,0,0,0,17,77,2,1,1,1,18000,0,0,2,0,7,0
roster,6,2,6,neutral,116,0,0,4,0,49122,0,0,0,18,60,2,0,0,0,0,0,0,2,0,6,0
roster,6,2,7,neutral,131,0,0,4,0,50926,0,0,0,17,56,2,1,1,0,12000,0,0,1,0,6,0
roster,6,3,0,neutral,106,0,0,5,0,78305,0,0,0,17,40,3,1,1,0,12000,0,0,1,0,15,0
roster,6,3,1,neutral,165,0,0,5,0,88131,0,0,0,18,77,3,0,0,0,0,0,0,2,0,9,0
roster,6,3,2,neutral,142,0,0,5,0,78703,0,0,0,17,66,3,1,1,1,17136,1,0,1,0,11,0
roster,6,3,3,neutral,151,0,0,5,0,83148,0,0,0,20,62,3,0,0,0,0,0,0,2,0,14,0
roster,6,3,4,neutral,95,0,0,5,0,75362,8362,5638,0,17,40,3,1,1,0,6491,2,0,2,0,11,0
roster,6,3,5,neutral,94,0,0,5,0,75261,0,0,0,17,55,3,2,1,2,28000,0,0,2,0,14,0
roster,6,3,6,neutral,165,0,0,5,0,89957,0,0,0,18,82,3,0,0,0,0,0,0,2,0,7,0
roster,6,3,7,neutral,111,0,0,5,0,78185,0,0,0,17,44,3,1,1,1,18909,0,0,1,0,11,0
roster,6,4,0,pvp,261,0,0,4,0,540474,0,0,0,18,60,6,0,0,0,0,0,0,1,2,15,0
roster,6,4,1,pvp,676,0,0,3,0,1032588,193500,0,0,17,253,7,1,1,2,28407,1,0,1,1,5,0
roster,6,4,2,pvp,673,0,1,0,4,932424,226846,9654,0,17,142,6,1,1,1,12161,0,1,2,1,0,15
roster,6,4,3,pvp,350,0,0,3,0,738405,71500,0,0,17,121,7,2,2,0,83414,0,1,2,2,10,0
roster,6,5,0,neutral,200,0,0,5,0,333913,0,0,0,8,99,3,0,0,0,0,0,0,1,0,18,0
roster,6,5,1,neutral,223,0,0,4,0,363500,0,0,0,8,127,4,0,0,0,0,0,0,2,0,11,0
roster,6,5,2,neutral,287,0,0,5,0,356600,44000,0,0,8,128,3,1,1,0,32500,1,0,1,0,11,0
roster,6,5,3,neutral,269,0,0,5,0,337776,0,0,0,8,99,3,0,0,0,0,0,0,2,0,18,0
roster,6,5,4,neutral,298,0,0,5,0,366269,68444,8556,0,8,156,3,0,0,0,0,1,0,1,0,18,0
roster,6,5,5,neutral,181,0,0,5,0,336522,28000,0,0,17,105,3,2,2,2,53465,1,0,2,0,15,0
roster,6,5,6,neutral,266,0,0,4,0,376368,22000,0,0,8,155,4,0,0,0,0,1,0,2,0,17,0
roster,6,5,7,neutral,260,0,0,5,0,360736,0,0,0,8,128,3,0,0,0,0,1,0,1,0,13,0
roster,6,6,0,pvp,560,0,0,3,0,1058508,84000,0,0,17,180,7,1,1,1,31909,0,1,2,2,12,0
roster,6,6,1,pvp,562,0,1,0,3,1059769,126000,0,15487,17,114,7,1,1,0,34696,0,1,2,1,0,8
roster,6,6,2,pvp,659,0,1,0,3,1200847,168109,2391,0,17,161,7,1,1,0,11928,0,1,2,1,0,15
roster,6,6,3,pvp,488,0,1,0,3,956675,78000,0,0,17,169,7,1,1,2,51545,1,1,1,1,0,14
roster,6,7,0,pvp,624,0,1,0,1,1105681,14000,0,0,17,120,9,1,1,1,61174,0,1,2,1,0,6
roster,6,7,1,pvp,431,0,0,4,0,878543,31500,0,12379,17,153,6,2,2,1,66774,0,1,1,2,21,0
roster,6,7,2,pvp,450,0,1,0,4,919317,0,0,0,17,164,6,2,2,2,67180,0,0,1,2,0,18
roster,6,7,3,pvp,602,0,1,0,2,1218353,126500,0,0,18,112,8,0,0,0,0,1,1,1,1,0,6
roster,6,8,0,pvp,465,0,1,0,4,1094089,0,0,0,17,129,6,2,2,1,93649,0,0,2,1,0,14
roster,6,8,1,pvp,442,0,0,4,0,1027616,88000,0,0,17,113,6,1,1,0,50217,0,1,1,1,21,0
roster,6,8,2,pvp,450,0,1,0,4,1078227,93364,1136,0,17,161,6,1,1,0,47857,2,0,2,1,0,15
roster,6,8,3,pvp,377,0,1,0,4,978700,11000,0,0,17,102,6,1,1,2,31894,1,0,1,2,0,18
roster,6,9,0,pvp,502,0,1,0,1,1488984,0,0,0,17,126,11,2,2,2,125377,0,0,2,2,0,3
roster,6,9,1,pvp,700,0,0,1,0,1536975,0,0,0,17,118,11,1,1,1,24889,0,0,1,2,3,0
roster,6,9,2,pvp,900,1,1,2,2,1565987,413185,27815,1543,18,133,8,0,0,0,0,2,1,2,2,8,12
roster,6,9,3,pvp,502,0,0,4,0,1297004,0,0,7723,17,178,8,2,2,4,122391,0,0,1,1,12,0
roster,6,10,0,neutral,208,0,0,6,0,449155,0,0,0,8,147,3,1,1,1,30545,0,0,2,0,21,0
roster,6,10,1,neutral,200,0,0,6,0,441317,0,0,0,8,97,3,2,2,2,61090,0,0,2,0,24,0
roster,6,10,2,neutral,249,0,0,6,0,470512,64500,0,5001,8,89,3,1,1,1,40889,1,0,2,0,30,0
roster,6,10,3,neutral,199,0,0,6,0,472628,0,0,0,8,142,3,1,1,1,49637,0,0,1,0,34,0
roster,6,10,4,neutral,238,0,0,6,0,476038,33000,0,0,8,89,3,0,0,0,0,1,0,2,0,30,0
roster,6,10,5,neutral,182,0,0,6,0,454706,0,0,0,8,72,3,1,1,0,34527,0,0,1,0,30,0
roster,6,10,6,neutral,223,0,0,6,0,463541,0,0,0,8,124,3,0,0,0,0,0,0,2,0,27,0
roster,6,10,7,neutral,213,0,0,6,0,466318,0,0,0,8,104,3,1,1,0,14187,0,0,2,0,24,0
roster,6,11,0,pvp,527,0,1,0,4,1380938,145148,3352,0,17,102,8,1,1,1,45889,0,1,2,2,0,18
roster,6,11,1,pvp,522,0,1,0,3,1479388,0,0,0,8,169,9,3,3,3,117310,0,0,2,1,0,19
roster,6,11,2,pvp,721,0,0,3,0,1596953,180739,12761,0,18,125,9,1,1,1,43556,1,0,2,2,21,0
roster,6,11,3,pvp,445,0,0,3,0,1409838,52000,0,0,17,157,9,2,2,0,49778,0,0,1,2,18,0
roster,6,12,0,pvp,731,0,1,0,1,1441426,0,0,0,8,112,11,1,1,1,9705,0,0,2,2,0,3
roster,6,12,1,pvp,677,0,0,1,0,1540956,0,0,0,17,137,11,3,3,0,126473,0,0,2,2,3,0
roster,6,12,2,pvp,661,0,1,0,5,1643793,255267,2733,7707,8,238,7,2,2,4,84378,1,0,2,1,0,25
roster,6,12,3,pvp,574,0,1,0,3,1533980,156500,0,0,17,229,9,1,1,1,52112,1,0,2,1,0,18
roster,6,13,0,pvp,489,0,1,0,4,1460236,248500,0,16033,8,131,8,2,2,3,105435,0,1,2,2,0,24
roster,6,13,1,pvp,630,0,0,3,0,1700354,203826,5174,0,17,200,9,2,2,2,71995,0,2,2,2,15,0
roster,6,13,2,pvp,415,0,0,4,0,1323466,52000,0,3522,17,190,8,2,2,0,73927,0,0,1,1,21,0
roster,6,13,3,pvp,432,0,0,3,0,1416061,0,0,0,17,131,9,2,2,1,70778,0,0,1,2,12,0
roster,6,14,0,pvp,399,0,1,0,3,1283259,0,0,6496,17,94,9,3,3,3,113026,0,0,2,2,0,15
roster,6,14,1,pvp,456,0,1,0,4,1438782,85000,0,0,17,125,8,2,2,1,65225,1,0,2,1,0,21
roster,6,14,2,pvp,511,0,0,2,0,1586875,0,0,0,17,218,10,3,3,4,170004,0,0,1,2,12,0
roster,6,14,3,pvp,503,0,1,0,3,1450223,88000,0,0,17,245,9,1,1,0,17630,2,0,2,2,0,18
roster,6,15,0,neutral,202,0,0,6,0,559957,0,0,0,8,82,3,1,1,1,58227,0,0,2,0,21,0
roster,6,15,1,neutral,204,0,0,6,0,591669,0,0,8000,8,122,3,2,2,3,85909,0,0,2,0,27,0
roster,6,15,2,neutral,236,0,0,6,0,623790,26000,0,2455,8,182,3,1,1,2,55363,1,0,1,0,36,0
roster,6,15,3,neutral,228,0,0,6,0,593321,0,0,0,8,162,3,1,1,1,30545,0,0,1,0,33,0
roster,6,15,4,neutral,323,0,0,6,0,642546,60500,0,0,8,144,3,0,0,0,0,2,0,2,0,30,0
roster,6,15,5,neutral,276,0,0,6,0,586335,0,0,0,8,137,3,1,0,0,0,0,0,2,0,27,0
roster,6,15,6,neutral,213,0,0,6,0,600990,0,0,2348,8,118,3,1,1,0,27682,0,0,1,0,27,0
roster,6,15,7,neutral,286,0,0,6,0,587446,0,0,0,8,97,3,2,2,3,91635,0,0,2,0,24,0
roster,6,16,0,pvp,424,0,1,0,3,1372422,0,0,0,17,126,9,3,3,1,124319,0,0,2,2,0,15
roster,6,16,1,pvp,534,0,1,0,3,1714305,0,0,0,17,160,9,3,3,3,81792,0,0,2,1,0,18
roster,6,16,2,pvp,900,1,0,2,1,1935151,507331,13169,0,17,173,9,1,1,1,59864,1,2,1,2,12,6
roster,6,16,3,pvp,510,0,0,2,0,1404731,0,0,0,17,145,10,2,2,2,109396,0,0,2,1,12,0
roster,6,17,0,pvp,583,0,0,3,0,1486459,143000,0,0,17,123,9,1,1,2,45889,0,2,2,2,9,0
roster,6,17,1,pvp,505,0,1,0,2,1535056,0,0,0,17,125,10,4,4,5,220365,0,0,2,2,0,12
roster,6,17,2,pvp,654,0,0,1,0,2238575,270500,0,0,17,137,12,3,3,3,264363,1,0,1,2,9,0
roster,6,17,3,pvp,502,0,1,0,2,1703140,0,0,8348,17,202,10,2,2,0,71305,0,0,1,2,0,6
roster,6,18,0,pvp,719,0,1,0,1,1817538,26000,0,0,17,183,12,2,1,1,74193,0,0,2,1,0,3
roster,6,18,1,pvp,453,0,1,0,6,1602542,233500,0,0,17,133,7,3,2,2,59825,0,1,2,1,0,42
roster,6,18,2,pvp,506,0,1,0,3,1650985,161000,4000,0,17,144,9,1,1,3,79227,2,0,2,2,0,9
roster,6,18,3,pvp,488,0,0,4,0,1697751,0,0,0,17,152,10,4,4,0,149029,0,0,2,2,21,0
roster,6,19,0,pvp,467,0,0,3,0,1746798,52000,0,22813,17,109,11,2,2,2,101874,0,0,2,2,12,0
roster,6,19,1,pvp,383,0,0,6,0,1542524,77000,0,0,17,94,8,4,4,3,146695,0,1,2,2,33,0
roster,6,19,2,pvp,471,0,0,4,0,1866515,70000,0,0,17,145,10,3,3,3,230282,1,0,1,2,24,0
roster,6,19,3,pvp,529,0,0,4,0,1705295,131152,848,1972,17,180,10,1,1,2,72545,0,2,1,2,21,0
roster,6,20,0,neutral,252,0,0,7,0,702868,26000,0,0,8,106,3,1,1,1,30545,0,0,2,0,27,0
roster,6,20,1,neutral,242,0,0,6,0,755174,0,0,0,8,185,4,2,2,1,61090,0,0,2,0,33,0
roster,6,20,2,neutral,263,0,0,7,0,750921,26000,0,2863,8,162,3,1,1,1,74505,1,0,1,0,51,0
roster,6,20,3,neutral,251,0,0,7,0,730062,0,0,0,8,137,3,1,1,2,52500,0,0,2,0,42,0
roster,6,20,4,neutral,324,0,0,7,0,820320,121000,0,0,8,199,3,0,0,0,0,2,0,2,0,33,0
roster,6,20,5,neutral,245,0,0,6,0,737999,11000,0,5478,8,133,4,2,2,0,61091,1,0,2,0,30,0
roster,6,20,6,neutral,223,0,0,7,0,753191,0,0,2739,8,139,3,1,1,0,30545,0,0,2,0,30,0
roster,6,20,7,neutral,234,0,0,7,0,688020,0,0,0,8,105,3,2,2,3,104999,0,0,2,0,27,0
roster,6,21,0,pvp,555,0,0,3,0,1792169,122000,0,0,17,109,11,3,1,0,49439,0,1,2,2,15,0
roster,6,21,1,pvp,470,0,0,3,0,1672760,0,0,0,17,131,11,3,3,2,108838,0,0,2,2,24,0
roster,6,21,2,pvp,620,0,0,6,0,1934048,243000,0,0,17,133,8,2,2,2,49105,1,0,1,2,42,0
roster,6,21,3,pvp,556,0,1,0,3,1883619,180545,11955,0,17,164,11,2,2,1,82090,2,0,2,2,0,15
roster,6,22,0,pvp,459,0,1,0,3,1629817,52000,0,0,17,118,11,2,2,0,69662,0,0,2,2,0,15
roster,6,22,1,pvp,459,0,1,0,7,1618215,273591,3909,0,17,140,7,3,3,3,127692,0,1,2,1,0,51
roster,6,22,2,pvp,459,0,0,5,0,1697714,0,0,3913,17,181,9,3,2,1,115133,0,0,2,2,27,0
roster,6,22,3,pvp,593,0,0,4,0,1931251,339000,2000,9829,17,116,10,2,2,0,56495,2,1,2,2,15,0
roster,6,23,0,pvp,561,0,1,0,1,1883125,78000,0,3913,17,94,13,3,3,2,117977,0,0,2,2,0,6
roster,6,23,1,pvp,765,0,1,0,3,2392393,107000,0,0,17,213,11,2,2,4,100831,1,0,1,2,0,18
roster,6,23,2,pvp,461,0,1,0,3,1772397,121000,0,7826,17,162,11,2,2,3,119795,2,0,2,2,0,15
roster,6,23,3,pvp,582,0,0,2,0,1832263,121000,0,0,17,99,12,3,3,2,127023,1,0,2,2,12,0
roster,6,24,0,pvp,545,0,1,0,6,1703770,340861,13639,0,17,102,8,1,1,1,30545,0,2,2,2,0,24
roster,6,24,1,pvp,426,0,0,2,0,1657617,0,0,3913,17,112,12,3,3,1,106778,0,0,2,2,12,0
roster,6,24,2,pvp,641,0,0,4,0,2072105,160500,0,3913,17,151,11,3,3,4,272778,1,0,1,2,24,0
roster,6,24,3,pvp,579,0,0,3,0,1765071,93500,0,0,17,114,11,3,3,2,133352,0,1,2,2,27,0
roster,6,25,0,neutral,455,0,0,6,0,1759228,52000,0,0,8,83,6,1,1,2,71591,0,0,2,0,21,0
roster,6,25,1,neutral,531,0,0,3,0,1933426,0,0,0,8,133,8,2,2,1,59180,0,0,2,0,18,0
roster,6,25,2,neutral,448,0,0,7,0,1639742,52000,0,0,8,117,4,1,1,2,117000,1,0,1,0,51,0
roster,6,25,3,neutral,427,0,0,5,0,1719210,0,0,0,8,114,6,1,1,0,83045,0,0,2,0,30,0
roster,6,25,4,neutral,900,1,0,1,1,2309338,225500,0,0,8,220,9,0,0,0,0,2,0,2,0,6,0
roster,6,25,5,neutral,477,0,0,6,0,1724327,49500,0,0,8,104,6,2,2,2,75420,1,0,2,0,30,0
roster,6,25,6,neutral,462,0,0,3,0,1822995,0,0,3130,8,127,8,1,1,1,30545,0,0,2,0,15,0
roster,6,25,7,neutral,416,0,0,5,0,1662000,0,0,0,8,113,7,2,2,1,138408,0,0,2,0,33,0
roster,6,26,0,pvp,520,0,1,0,5,1978336,226500,0,3913,17,119,10,2,2,1,147597,0,1,2,1,0,39
roster,6,26,1,pvp,598,0,0,2,0,2056985,231000,0,3913,17,144,12,2,2,2,101390,0,2,2,2,9,0
roster,6,26,2,pvp,411,0,0,6,0,1541293,0,0,0,17,185,8,2,2,1,75512,0,0,2,2,39,0
roster,6,26,3,pvp,623,0,1,0,3,2204604,44000,0,0,17,120,13,4,4,1,115603,1,0,2,2,0,21
roster,6,27,0,pvp,509,0,1,0,3,2012198,97500,0,0,17,82,13,3,3,1,101991,0,1,2,2,0,12
roster,6,27,1,pvp,469,0,1,0,5,1952651,0,0,6261,17,118,11,4,4,2,143162,0,0,2,2,0,39
roster,6,27,2,pvp,528,0,0,6,0,1882094,149586,6914,14870,17,157,10,3,3,2,192278,1,0,2,2,42,0
roster,6,27,3,pvp,570,0,0,4,0,1887509,137500,0,0,17,165,10,1,1,1,79227,0,2,2,2,27,0
roster,6,28,0,pvp,635,0,0,1,0,2254355,52000,0,0,17,104,14,2,2,1,95308,0,0,2,2,9,0
roster,6,28,1,pvp,556,0,0,2,0,2229933,71500,0,7044,17,102,14,4,4,0,132222,0,1,2,2,9,0
roster,6,28,2,pvp,435,0,0,8,0,1565031,246260,3740,7826,17,161,7,2,2,3,216226,1,2,2,2,54,0
roster,6,28,3,pvp,413,0,1,0,5,1763016,0,0,3913,8,105,11,3,3,2,87789,0,0,2,2,0,48
roster,6,29,0,pvp,546,0,1,0,3,2161738,52000,0,0,8,102,13,3,3,1,105443,0,0,2,2,0,30
roster,6,29,1,pvp,448,0,1,0,8,1713203,0,0,0,17,145,8,3,3,2,118719,0,0,2,2,0,51
roster,6,29,2,pvp,490,0,0,4,0,2113056,194010,2490,0,17,120,12,4,4,1,197973,2,1,2,2,33,0
roster,6,29,3,pvp,505,0,1,0,5,2005221,252090,910,0,17,170,10,1,1,2,51545,2,0,2,2,0,21
roster,6,30,0,neutral,474,0,0,6,0,2008735,52000,0,0,8,77,6,1,1,1,30545,0,0,2,0,33,0
roster,6,30,1,neutral,543,0,0,3,0,2215995,0,0,0,8,100,9,2,2,1,61090,0,0,2,0,15,0
roster,6,30,2,neutral,524,0,0,8,0,1880564,126000,0,0,8,182,4,1,1,1,105000,2,0,2,0,60,0
roster,6,30,3,neutral,500,0,0,6,0,2017036,0,0,46952,8,183,6,1,1,0,61090,0,0,2,0,33,0
roster,6,30,4,neutral,748,0,0,5,0,2324205,396000,0,0,8,193,6,0,0,0,0,2,0,2,0,21,0
roster,6,30,5,neutral,510,0,0,6,0,2076688,66000,0,0,8,113,6,2,2,2,91637,1,0,2,0,27,0
roster,6,30,6,neutral,521,0,0,4,0,2228995,0,0,7044,8,133,8,1,1,2,77318,0,0,2,0,18,0
roster,6,30,7,neutral,461,0,0,6,0,1944933,0,0,0,8,112,6,2,2,0,130506,0,0,2,0,45,0
roster,6,31,0,pvp,552,0,0,3,0,2034958,244478,4022,18136,8,95,13,1,1,2,49561,0,2,2,2,24,0
roster,6,31,1,pvp,450,0,1,0,7,1982144,307500,0,0,17,95,9,3,3,3,156350,0,2,2,2,0,54
roster,6,31,2,pvp,601,0,0,4,0,2050761,115500,0,0,17,148,12,3,3,0,81526,0,1,2,2,24,0
roster,6,31,3,pvp,475,0,1,0,5,1841454,0,0,1916,8,89,11,3,3,5,116933,0,0,2,2,0,42
roster,6,32,0,ghost,459,0,1,0,5,1896508,0,0,0,17,125,11,3,3,4,152062,0,0,2,2,0,15
roster,6,32,1,pvp,534,0,1,0,7,2285220,538000,15500,6261,8,82,9,2,2,4,208012,0,2,2,2,0,54
roster,6,32,2,pvp,566,0,1,0,4,2157245,0,0,0,8,125,12,3,3,1,118692,0,0,2,2,0,39
roster,6,32,3,pvp,755,0,0,1,0,2167004,93500,0,0,17,107,15,3,3,2,176690,1,0,2,2,6,0
roster,6,33,0,ghost,585,0,1,0,3,2095272,0,0,0,17,133,13,2,2,0,76323,0,0,2,2,0,24
roster,6,33,1,pvp,511,0,1,0,3,2330808,52000,0,0,8,89,13,3,3,2,104511,0,0,2,2,0,21
roster,6,33,2,pvp,465,0,1,0,4,2016337,0,0,0,17,153,12,3,3,3,114129,0,0,2,2,0,30
roster,6,33,3,pvp,538,0,0,7,0,2035160,452819,1681,5494,17,81,9,3,3,1,127760,2,1,2,2,51,0
roster,6,34,0,ghost,534,0,1,0,2,2355807,52000,0,0,8,112,14,2,2,3,113895,0,0,2,2,0,12
roster,6,34,1,pvp,681,0,0,1,0,2312202,126500,0,0,17,93,15,4,4,2,98811,0,1,2,2,6,0
roster,6,34,2,pvp,597,0,0,7,0,2259821,412297,2203,0,17,141,9,2,2,1,111371,2,0,2,2,54,0
roster,6,34,3,pvp,401,0,1,0,6,1681822,0,0,0,8,95,10,3,3,1,105260,0,0,2,2,0,51
roster,6,35,0,neutral,549,0,0,3,0,2429956,0,0,0,8,108,9,2,2,3,96055,0,0,2,0,18,0
roster,6,35,1,neutral,575,0,0,7,0,2469176,410492,4008,4091,8,243,5,1,1,2,70917,2,0,2,0,51,0
roster,6,35,2,neutral,513,0,0,6,0,2291692,0,0,0,8,164,7,1,1,1,52500,0,0,2,0,39,0
roster,6,35,3,neutral,583,0,0,4,0,2421951,22000,0,0,8,156,9,2,2,0,131375,1,0,2,0,18,0
roster,6,35,4,neutral,900,1,1,1,2,2851696,0,0,41740,8,98,9,2,2,1,80182,0,0,2,0,3,0
roster,6,36,0,ghost,688,0,1,0,5,2772903,627321,5679,0,8,143,11,3,3,2,149746,0,2,2,2,0,39
roster,6,36,1,pvp,452,0,1,0,7,1904440,0,0,0,17,114,10,3,3,2,108177,0,0,2,2,0,51
roster,6,36,2,pvp,510,0,0,7,0,2113424,434739,4761,10048,17,73,10,3,3,1,200925,2,1,2,2,51,0
roster,6,37,0,ghost,721,0,0,8,0,2646822,608137,1363,0,17,179,10,2,2,1,52299,2,0,2,2,54,0
roster,6,37,1,pvp,636,0,1,0,3,2593805,0,0,20208,8,148,15,3,3,2,117241,0,0,2,2,0,21
roster,6,38,0,ghost,673,0,1,0,7,2756989,530000,0,0,17,232,11,2,2,2,125336,0,2,2,2,0,51
roster,6,38,1,pvp,672,0,1,0,5,2729366,278804,7696,0,8,162,13,3,3,3,144141,2,0,2,2,0,33
roster,6,39,0,ghost,605,0,0,4,0,2656185,0,0,0,8,106,14,3,3,1,142119,0,0,2,2,33,0
roster,6,39,1,pvp,522,0,0,9,0,2446253,445091,3909,0,17,180,9,2,2,2,81862,2,0,2,2,69,0
roster,6,40,0,neutral,632,0,0,7,0,2777270,383274,7726,9000,8,325,6,1,1,0,52500,2,0,2,0,54,0
roster,6,40,1,neutral,600,0,0,5,0,2711378,0,0,0,8,159,8,1,1,2,80182,0,0,2,0,27,0
roster,6,40,2,neutral,590,0,0,5,0,2584762,0,0,0,8,125,8,2,2,1,102136,0,0,2,0,42,0
roster,6,41,0,ghost,716,0,0,4,0,3083125,473302,3198,0,8,160,14,3,3,3,148761,2,0,2,2,30,0
roster,6,41,1,pvp,523,0,1,0,5,2312172,0,0,0,8,117,13,3,3,3,136337,0,0,2,2,0,39
roster,6,42,0,pvp,900,1,0,3,1,3247385,551888,2612,0,8,129,14,3,3,4,94812,2,0,2,2,21,9
roster,6,43,0,pvp,900,1,0,4,1,3106131,550912,14588,9860,8,166,13,3,3,2,143374,2,0,2,2,27,9
roster,6,44,0,pvp,817,0,1,0,5,3271234,508623,4877,0,8,161,13,3,3,2,143463,2,0,2,2,0,39
roster,6,45,0,neutral,651,0,0,7,0,2976594,374500,0,19636,8,241,6,1,1,1,100500,2,0,2,0,54,0
roster,6,45,1,neutral,679,0,0,4,0,3011445,0,0,0,8,158,9,2,2,4,155020,0,0,2,0,33,0
roster,7,1,0,neutral,56,0,0,4,0,21000,0,0,0,17,56,1,1,1,1,7182,0,0,1,0,4,0
roster,7,1,1,neutral,56,0,0,4,0,22556,0,0,0,17,56,1,1,1,1,16000,0,0,2,0,4,0
roster,7,1,2,neutral,89,0,0,4,0,24818,0,0,0,18,89,1,0,0,0,0,0,0,2,0,5,0
roster,7,1,3,neutral,89,0,0,4,0,24818,0,0,0,18,89,1,0,0,0,0,0,0,2,0,5,0
roster,7,1,4,neutral,56,0,0,4,0,22556,0,0,0,17,56,1,1,1,1,16000,0,0,2,0,4,0
roster,7,1,5,neutral,89,0,0,4,0,24818,0,0,0,18,89,1,0,0,0,0,0,0,2,0,5,0
roster,7,1,6,neutral,89,0,0,4,0,24112,0,0,0,18,89,1,0,0,0,0,0,0,2,0,4,0
roster,7,1,7,neutral,40,0,0,4,0,21000,0,0,0,17,40,1,1,1,0,13364,1,0,2,0,5,0
roster,7,2,0,neutral,113,0,0,4,0,48740,0,0,0,17,56,2,1,1,0,7000,0,0,1,0,7,0
roster,7,2,1,neutral,113,0,0,4,0,47296,0,0,0,17,56,2,1,1,0,7000,0,0,2,0,6,0
roster,7,2,2,neutral,108,0,0,4,0,50453,8908,1592,0,18,77,2,0,0,0,0,2,0,2,0,9,0
roster,7,2,3,neutral,116,0,0,4,0,48740,0,0,0,18,65,2,0,0,0,0,0,0,2,0,8,0
roster,7,2,4,neutral,131,0,0,4,0,50926,0,0,0,17,72,2,2,1,1,12000,0,0,2,0,6,0
roster,7,2,5,neutral,116,0,0,4,0,48740,0,0,0,17,55,2,1,1,0,15364,0,0,2,0,6,0
roster,7,2,6,neutral,150,0,0,4,0,49370,0,0,0,18,70,2,0,0,0,0,0,0,2,0,6,0
roster,7,2,7,neutral,112,0,0,4,0,48544,6999,1,0,18,60,2,0,0,0,0,1,0,1,0,10,0
roster,7,3,0,neutral,162,0,0,5,0,83541,0,0,1460,17,49,3,1,1,0,15364,0,0,1,0,8,0
roster,7,3,1,neutral,164,0,0,5,0,86332,0,0,0,17,60,3,1,1,0,4000,0,0,2,0,9,0
roster,7,3,2,neutral,122,0,0,5,0,80089,10500,0,0,18,64,3,0,0,0,0,2,0,2,0,12,0
roster,7,3,3,neutral,131,0,0,5,0,83870,0,0,0,17,70,3,1,1,0,18909,0,0,2,0,11,0
roster,7,3,4,neutral,116,0,0,5,0,78305,0,0,0,17,40,3,1,1,0,24000,0,0,1,0,13,0
roster,7,3,5,neutral,137,0,0,5,0,78408,0,0,0,17,40,3,2,1,0,14255,0,0,2,0,12,0
roster,7,3,6,neutral,121,0,0,5,0,77962,0,0,0,17,40,3,1,1,1,12491,0,0,1,0,14,0
roster,7,3,7,neutral,126,0,0,5,0,81362,0,0,0,17,56,3,1,1,0,6491,0,0,1,0,12,0
roster,7,4,0,pvp,401,0,1,0,3,851331,0,0,0,17,104,7,1,1,1,29217,0,0,2,1,0,12
roster,7,4,1,pvp,710,0,0,2,0,1219147,119667,1333,4500,17,131,8,1,1,0,17136,0,1,2,1,6,0
roster,7,4,2,pvp,365,0,1,0,4,796512,0,0,0,17,108,6,2,2,1,64089,0,0,2,1,0,12
roster,7,4,3,pvp,359,0,0,3,0,809683,0,0,3913,17,197,7,2,2,2,79818,0,0,1,2,10,0
roster,7,5,0,neutral,211,0,0,5,0,351739,0,0,0,8,113,3,0,0,0,0,0,0,2,0,14,0
roster,7,5,1,neutral,182,0,0,5,0,319628,0,0,0,8,85,3,1,1,1,30545,0,0,2,0,15,0
roster,7,5,2,neutral,213,0,0,5,0,333069,44000,0,0,8,131,3,1,1,0,30545,1,0,1,0,17,0
roster,7,5,3,neutral,166,0,0,5,0,314548,0,0,0,8,130,3,1,1,2,36045,0,0,1,0,22,0
roster,7,5,4,neutral,199,0,0,5,0,320437,0,0,0,8,65,3,1,1,0,55364,0,0,1,0,14,0
roster,7,5,5,neutral,206,0,0,5,0,337760,0,0,0,8,104,3,1,1,0,42328,0,0,1,0,18,0
roster,7,5,6,neutral,249,0,0,5,0,329432,0,0,0,8,133,3,1,1,2,48363,0,0,1,0,18,0
roster,7,5,7,neutral,196,0,0,5,0,321739,0,0,0,8,118,3,1,1,1,27682,0,0,2,0,13,0
roster,7,6,0,pvp,364,0,1,0,3,927128,0,0,9079,17,117,7,2,2,1,79434,0,0,2,2,0,9
roster,7,6,1,pvp,352,0,0,3,0,877320,0,0,0,17,70,7,2,2,1,81615,0,0,2,2,9,0
roster,7,6,2,pvp,531,0,1,0,3,1045895,71500,0,0,17,128,7,2,2,2,69779,1,0,1,1,0,18
roster,7,6,3,pvp,468,0,0,2,0,1034384,0,0,0,17,109,8,2,2,2,49423,0,0,1,1,9,0
roster,7,7,0,pvp,474,0,1,0,3,941140,0,0,0,18,82,7,0,0,0,0,0,0,2,2,0,18
roster,7,7,1,pvp,354,0,0,4,0,986996,0,0,0,17,101,6,2,2,1,71995,0,0,1,1,18,0
roster,7,7,2,pvp,569,0,1,0,3,1180172,137500,0,16986,17,173,7,2,2,1,69189,1,0,2,1,0,12
roster,7,7,3,pvp,445,0,0,4,0,1188145,0,0,0,17,117,6,3,3,2,99554,0,0,2,1,12,0
roster,7,8,0,pvp,483,0,1,0,3,1101872,0,0,0,8,94,7,1,1,1,62226,0,0,1,1,0,9
roster,7,8,1,pvp,417,0,1,0,2,1292430,0,0,0,17,93,8,2,2,1,49034,0,0,1,1,0,9
roster,7,8,2,pvp,621,0,1,0,3,1280712,106833,3167,0,8,105,7,1,1,1,29217,1,0,2,2,0,18
roster,7,8,3,pvp,545,0,1,0,1,1396763,0,0,3522,17,143,9,2,2,0,85771,0,0,1,1,0,3
roster,7,9,0,pvp,741,0,1,0,2,1478544,49500,0,28542,8,105,10,2,2,0,58023,0,1,2,1,0,12
roster,7,9,1,pvp,579,0,1,0,2,1494450,0,0,8348,17,121,10,2,2,1,73956,0,0,2,1,0,9
roster,7,9,2,pvp,500,0,0,2,0,1394076,0,0,3913,8,104,10,1,1,1,29217,0,0,2,2,6,0
roster,7,9,3,pvp,535,0,0,2,0,1468217,0,0,0,17,118,10,3,2,3,107160,0,0,2,2,6,0
roster,7,10,0,neutral,183,0,0,6,0,473122,0,0,0,8,116,3,1,1,0,30545,0,0,2,0,24,0
roster,7,10,1,neutral,229,0,0,6,0,470661,0,0,0,8,124,3,1,1,0,27682,0,0,2,0,24,0
roster,7,10,2,neutral,207,0,0,6,0,453144,33000,0,0,8,116,3,1,1,1,30545,1,0,1,0,24,0
roster,7,10,3,neutral,185,0,0,6,0,476986,0,0,0,8,89,3,0,0,0,0,0,0,2,0,30,0
roster,7,10,4,neutral,169,0,0,6,0,459112,0,0,0,8,131,3,2,2,1,72937,0,0,2,0,27,0
roster,7,10,5,neutral,183,0,0,6,0,466176,0,0,0,8,101,3,2,2,0,55363,0,0,2,0,33,0
roster,7,10,6,neutral,203,0,0,6,0,443291,0,0,0,8,69,3,1,1,1,32694,0,0,1,0,27,0
roster,7,10,7,neutral,213,0,0,6,0,451763,0,0,3914,8,101,3,1,1,0,49446,0,0,1,0,21,0
roster,7,11,0,pvp,612,0,0,2,0,1584777,121000,0,4500,17,99,10,1,1,0,29217,1,0,2,2,15,0
roster,7,11,1,pvp,388,0,1,0,4,1196846,75000,2000,3682,17,118,8,3,3,1,102663,1,0,1,2,0,27
roster,7,11,2,pvp,435,0,1,0,4,1521910,104500,0,0,17,105,8,1,1,0,47478,0,1,2,1,0,24
roster,7,11,3,pvp,454,0,0,3,0,1355599,66000,0,0,17,85,9,3,3,4,130632,0,1,2,1,15,0
roster,7,12,0,pvp,511,0,0,4,0,1653981,167864,2636,7200,17,89,8,2,2,0,55695,1,0,2,2,24,0
roster,7,12,1,pvp,900,1,1,1,1,1701527,181500,0,20591,17,89,10,2,2,1,75106,0,1,2,2,3,6
roster,7,12,2,pvp,382,0,1,0,4,1460132,148500,0,5916,8,111,8,3,3,3,178105,1,0,1,2,0,18
roster,7,12,3,pvp,459,0,1,0,3,1444723,0,0,0,17,89,9,2,2,0,47478,0,0,2,2,0,21
roster,7,13,0,pvp,396,0,0,4,0,1381434,71500,0,0,17,89,8,2,2,0,101549,1,0,1,2,21,0
roster,7,13,1,pvp,397,0,1,0,4,1328714,0,0,0,17,111,8,3,3,2,101990,0,0,2,2,0,18
roster,7,13,2,pvp,695,0,1,0,3,1565060,205833,3167,0,8,125,9,2,2,2,39762,1,1,1,2,0,12
roster,7,13,3,pvp,427,0,0,4,0,1635779,0,0,0,17,140,8,3,3,0,124140,0,0,2,2,27,0
roster,7,14,0,pvp,500,0,0,5,0,1377207,188373,4127,5589,8,108,7,1,1,0,26478,1,1,1,1,33,0
roster,7,14,1,pvp,503,0,1,0,4,1412476,110000,0,41182,17,89,8,2,2,1,51367,0,1,2,2,0,15
roster,7,14,2,pvp,413,0,1,0,3,1479621,0,0,0,17,89,9,3,3,0,103173,0,0,2,2,0,12
roster,7,14,3,pvp,346,0,1,0,4,1438996,0,0,0,17,89,8,3,3,1,79223,0,0,2,2,0,27
roster,7,15,0,neutral,200,0,0,6,0,607566,0,0,0,8,82,3,0,0,0,0,1,0,1,0,42,0
roster,7,15,1,neutral,218,0,0,6,0,606336,0,0,0,8,131,3,1,1,0,52500,0,0,2,0,24,0
roster,7,15,2,neutral,278,0,0,6,0,602362,44000,0,14730,8,155,3,1,1,1,30545,1,0,1,0,24,0
roster,7,15,3,neutral,198,0,0,6,0,604305,0,0,0,8,104,3,1,1,0,30545,0,0,2,0,36,0
roster,7,15,4,neutral,223,0,0,6,0,616844,0,0,0,8,142,3,2,2,1,77318,0,0,2,0,27,0
roster,7,15,5,neutral,169,0,0,6,0,574525,0,0,0,8,77,3,1,1,0,39000,0,0,2,0,39,0
roster,7,15,6,neutral,254,0,0,6,0,578199,0,0,0,8,106,3,2,2,2,113590,0,0,2,0,27,0
roster,7,15,7,neutral,278,0,0,5,0,612974,5500,0,0,8,151,4,1,1,1,52500,1,0,2,0,18,0
roster,7,16,0,pvp,421,0,0,5,0,1378387,44000,0,0,17,108,7,1,1,1,33409,1,0,2,2,36,0
roster,7,16,1,pvp,533,0,1,0,2,1673915,187000,0,0,8,113,10,3,3,1,117512,1,0,1,2,0,12
roster,7,16,2,pvp,415,0,1,0,5,1457183,0,0,7044,17,70,7,2,2,0,61043,0,0,2,2,0,30
roster,7,16,3,pvp,459,0,0,4,0,1363686,75900,0,0,17,85,8,3,3,3,129195,0,1,2,2,21,0
roster,7,17,0,pvp,731,0,0,1,0,2178770,137500,0,0,17,91,11,1,1,0,37304,1,0,2,2,9,0
roster,7,17,1,pvp,558,0,0,2,0,1704588,0,0,0,17,145,11,3,3,1,121106,0,0,2,2,9,0
roster,7,17,2,pvp,488,0,0,5,0,1482459,269500,0,8348,8,132,7,2,1,1,26478,1,0,1,2,21,0
roster,7,17,3,pvp,683,0,0,2,0,1696653,153294,4831,0,17,88,10,3,3,2,76019,0,1,2,2,12,0
roster,7,18,0,pvp,378,0,0,4,0,1479853,44000,0,0,17,111,8,2,2,1,52956,1,0,2,2,30,0
roster,7,18,1,pvp,567,0,1,0,2,1770573,0,0,0,17,77,12,2,1,1,31957,0,0,2,2,0,12
roster,7,18,2,pvp,374,0,1,0,4,1235164,11000,0,0,17,73,8,3,3,4,126973,1,0,1,2,0,18
roster,7,18,3,pvp,389,0,0,5,0,1482632,132825,0,0,17,70,7,2,2,1,66521,0,1,2,2,30,0
roster,7,19,0,pvp,403,0,0,5,0,1477829,152065,12660,0,17,64,9,2,2,2,97467,1,1,2,2,33,0
roster,7,19,1,pvp,483,0,1,0,5,1735836,52000,0,14560,17,122,9,2,2,1,95692,0,0,2,2,0,33
roster,7,19,2,pvp,610,0,0,1,0,1785555,44000,0,0,8,120,13,2,1,2,45494,1,0,2,2,6,0
roster,7,19,3,pvp,469,0,1,0,5,1515269,0,0,0,17,100,9,4,4,4,197049,0,0,2,2,0,24
roster,7,20,0,neutral,187,0,0,7,0,722650,22000,0,0,8,89,3,1,1,1,48000,1,0,2,0,54,0
roster,7,20,1,neutral,236,0,0,7,0,724966,0,0,0,8,133,3,1,1,1,50341,0,0,2,0,30,0
roster,7,20,2,neutral,261,0,0,6,0,716500,27500,0,2863,8,121,4,1,1,1,30545,1,0,2,0,24,0
roster,7,20,3,neutral,169,0,0,7,0,738630,0,0,0,8,129,3,1,1,2,52165,0,0,2,0,39,0
roster,7,20,4,neutral,189,0,0,7,0,738821,0,0,2739,8,142,3,2,2,1,55363,0,0,2,0,30,0
roster,7,20,5,neutral,222,0,0,7,0,748520,26000,0,0,8,149,3,1,1,0,39000,0,0,2,0,45,0
roster,7,20,6,neutral,233,0,0,7,0,717837,0,0,0,8,104,3,2,2,2,82020,0,0,2,0,30,0
roster,7,20,7,neutral,274,0,0,7,0,741170,44275,0,0,8,151,3,1,1,1,52500,1,0,2,0,27,0
roster,7,21,0,pvp,453,0,0,4,0,1758624,123043,3457,0,17,119,10,3,3,1,188782,1,0,2,2,33,0
roster,7,21,1,pvp,650,0,0,3,0,1856144,159500,0,1972,17,80,11,2,2,2,95912,0,1,2,2,15,0
roster,7,21,2,pvp,485,0,0,2,0,1751013,139150,0,0,17,92,12,2,2,2,54106,0,1,2,2,12,0
roster,7,21,3,pvp,587,0,1,0,3,1910126,78000,0,0,17,82,11,3,3,1,107462,0,0,2,2,0,15
roster,7,22,0,pvp,372,0,0,5,0,1535442,106425,0,7200,17,89,9,2,2,1,130607,1,1,2,2,39,0
roster,7,22,1,pvp,657,0,0,2,0,1852852,0,0,0,17,125,12,3,3,0,76662,0,0,2,2,6,0
roster,7,22,2,pvp,414,0,1,0,6,1540081,129000,0,15120,8,72,8,2,2,1,79445,1,0,2,2,0,36
roster,7,22,3,pvp,479,0,0,2,0,1696153,0,0,0,17,97,12,3,3,1,154540,0,0,2,2,12,0
roster,7,23,0,pvp,294,0,0,6,0,1444133,22000,0,0,17,109,8,2,2,3,125870,1,0,2,2,45,0
roster,7,23,1,pvp,530,0,0,4,0,1712179,165000,0,7888,8,102,10,3,2,2,142330,1,0,2,2,15,0
roster,7,23,2,pvp,455,0,1,0,3,1725447,52000,0,3682,17,89,11,2,2,0,61043,0,0,2,2,0,21
roster,7,23,3,pvp,495,0,0,4,0,1680211,125982,6843,24747,17,131,10,3,3,1,189436,0,1,2,2,21,0
roster,7,24,0,pvp,383,0,0,6,0,1338485,66000,0,5589,8,83,8,2,2,0,115891,1,1,2,2,45,0
roster,7,24,1,pvp,517,0,0,2,0,1697521,0,0,0,17,94,12,2,2,2,101991,0,0,2,2,6,0
roster,7,24,2,pvp,613,0,0,1,0,1927620,166541,4234,0,17,111,13,3,3,3,173880,0,1,2,2,3,0
roster,7,24,3,pvp,632,0,1,0,2,2148953,52000,0,0,17,93,12,3,3,2,146437,0,0,2,2,0,6
roster,7,25,0,neutral,361,0,0,6,0,1681907,38500,0,0,8,95,5,1,1,1,48000,1,0,2,0,45,0
roster,7,25,1,neutral,508,0,0,4,0,1879007,0,0,0,8,131,7,1,1,1,30545,0,0,2,0,21,0
roster,7,25,2,neutral,615,0,0,3,0,1941346,49500,0,0,8,83,9,2,2,3,107863,1,0,2,0,12,0
roster,7,25,3,neutral,469,0,0,4,0,1930574,0,0,0,8,83,7,1,1,1,27682,0,0,2,0,21,0
roster,7,25,4,neutral,401,0,0,6,0,1710183,0,0,3273,8,106,6,2,2,3,146047,0,0,2,0,21,0
roster,7,25,5,neutral,365,0,0,6,0,1665358,26000,0,0,8,95,6,1,1,0,39000,0,0,2,0,33,0
roster,7,25,6,neutral,478,0,0,5,0,1678258,0,0,0,8,94,6,2,2,3,113590,0,0,2,0,24,0
roster,7,25,7,neutral,900,1,1,1,1,2238658,139150,0,0,8,83,9,1,1,1,30545,1,0,2,0,3,0
roster,7,26,0,pvp,394,0,0,4,0,1665069,83773,4227,0,17,94,11,3,3,3,190737,1,0,2,2,33,0
roster,7,26,1,pvp,580,0,1,0,4,1942702,52000,0,13044,17,104,12,2,2,0,63735,0,0,2,2,0,21
roster,7,26,2,pvp,572,0,1,0,4,1944409,164416,34,0,17,80,12,4,4,1,139097,1,0,2,2,0,24
roster,7,26,3,pvp,409,0,1,0,6,1629074,126500,0,0,17,65,9,2,2,1,79434,0,1,2,2,0,21
roster,7,27,0,pvp,312,0,0,6,0,1816946,88000,0,8348,17,74,10,2,2,1,56381,1,0,2,2,42,0
roster,7,27,1,pvp,560,0,1,0,4,2050337,239937,6738,1972,17,80,12,2,2,2,108266,0,1,2,2,0,15
roster,7,27,2,pvp,534,0,1,0,5,1987650,310500,3450,14088,8,85,11,3,3,2,97434,1,0,2,2,0,36
roster,7,27,3,pvp,595,0,1,0,2,1978004,0,0,0,17,132,14,4,4,4,240268,0,0,2,2,0,9
roster,7,28,0,pvp,420,0,0,5,0,1919059,63139,2861,29038,17,121,11,3,3,1,129447,1,0,2,2,39,0
roster,7,28,1,pvp,641,0,0,3,0,1964690,147546,2604,0,17,83,13,3,3,2,108568,0,1,2,2,15,0
roster,7,28,2,pvp,471,0,0,4,0,1859196,0,0,0,17,109,12,3,3,1,98845,0,0,2,2,27,0
roster,7,28,3,pvp,447,0,0,6,0,1853745,140393,157,14913,17,85,10,2,2,0,66521,0,1,2,2,42,0
roster,7,29,0,pvp,528,0,0,4,0,2164815,107000,0,9978,8,80,12,2,2,1,83217,1,0,2,2,36,0
roster,7,29,1,pvp,577,0,0,3,0,1896616,0,0,19963,17,94,13,3,2,2,76702,0,0,2,2,9,0
roster,7,29,2,pvp,512,0,0,4,0,2007733,295246,2304,0,8,94,12,3,3,4,152275,1,1,2,2,15,0
roster,7,29,3,pvp,550,0,1,0,3,2116103,0,0,7749,17,85,13,3,3,1,182385,0,0,2,2,0,12
roster,7,30,0,neutral,345,0,0,6,0,1951567,27500,0,0,8,126,6,1,1,2,71468,1,0,2,0,51,0
roster,7,30,1,neutral,653,0,0,3,0,2298931,0,0,0,8,141,9,1,1,0,30545,0,0,2,0,17,0
roster,7,30,2,neutral,643,0,0,5,0,2170437,257400,0,15687,8,75,7,2,2,1,110727,1,0,2,0,21,0
roster,7,30,3,neutral,576,0,0,3,0,2333617,0,0,0,8,77,9,1,1,1,52500,0,0,2,0,9,0
roster,7,30,4,neutral,562,0,0,4,0,2055757,0,0,50477,8,102,8,2,2,2,149862,0,0,2,0,12,0
roster,7,30,5,neutral,514,0,0,6,0,2154129,52000,0,0,8,103,6,1,1,0,39000,0,0,2,0,39,0
roster,7,30,6,neutral,493,0,0,5,0,2012717,0,0,0,8,129,7,2,2,3,105000,0,0,2,0,27,0
roster,7,30,7,neutral,740,0,1,0,2,2378964,44275,0,0,8,77,10,1,1,1,30545,1,0,2,0,0,0
roster,7,31,0,pvp,349,0,0,5,0,1764406,0,0,0,17,117,11,2,2,3,119852,0,0,2,2,48,0
roster,7,31,1,pvp,518,0,1,0,5,1939691,121550,0,7888,17,80,11,4,4,1,109855,1,0,2,2,0,24
roster,7,31,2,pvp,450,0,1,0,6,1856839,0,0,17610,17,85,10,3,3,2,137711,0,0,2,2,0,24
roster,7,31,3,pvp,565,0,0,4,0,2141172,151525,975,5979,17,85,12,3,3,1,136953,0,1,2,2,30,0
roster,7,32,0,ghost,431,0,0,6,0,1902206,52000,0,67633,8,82,10,2,1,1,43194,0,0,2,2,54,0
roster,7,32,1,pvp,537,0,0,3,0,2052696,0,0,0,17,73,14,2,2,0,51773,0,0,2,2,18,0
roster,7,32,2,pvp,544,0,0,2,0,2290443,26000,0,0,17,111,15,3,3,3,151118,0,0,2,2,12,0
roster,7,32,3,pvp,470,0,0,4,0,1812858,107525,0,15745,17,89,12,4,3,3,118768,0,1,2,2,18,0
roster,7,33,0,ghost,657,0,0,2,0,2334201,52000,0,8609,17,112,15,2,2,1,63735,0,0,2,2,12,0
roster,7,33,1,pvp,300,0,0,7,0,1780240,0,0,0,8,65,10,3,3,4,133806,0,0,2,2,60,0
roster,7,33,2,pvp,603,0,0,3,0,2165095,0,0,0,17,126,14,3,3,0,131374,0,0,2,2,12,0
roster,7,34,0,ghost,597,0,0,3,0,2153639,0,0,25072,17,80,15,3,3,1,74329,0,0,2,2,14,0
roster,7,34,1,pvp,387,0,0,6,0,1860863,0,0,0,17,112,10,3,3,1,140231,0,0,2,2,54,0
roster,7,34,2,pvp,431,0,0,5,0,2204277,52000,0,0,17,142,12,3,3,1,158201,0,0,2,2,18,0
roster,7,35,0,neutral,411,0,0,6,0,2250570,0,0,0,8,83,6,1,1,2,126000,0,0,2,0,54,0
roster,7,35,1,neutral,734,0,0,2,0,2558150,0,0,0,8,112,11,1,1,1,58227,0,0,2,0,11,0
roster,7,35,2,neutral,528,0,0,5,0,2332815,0,0,0,8,83,8,2,2,2,155551,0,0,2,0,21,0
roster,7,35,3,neutral,744,0,1,0,3,2813105,78000,0,0,8,108,9,1,1,0,39000,0,0,2,0,0,0
roster,7,35,4,neutral,620,0,0,2,0,2541471,0,0,0,8,125,10,2,2,3,80182,0,0,2,0,6,0
roster,7,36,0,ghost,621,0,0,2,0,2370391,78000,0,0,17,118,14,3,3,2,150708,0,0,2,2,6,0
roster,7,36,1,pvp,403,0,0,6,0,1910986,0,0,0,8,69,11,3,3,3,137975,0,0,2,2,54,0
roster,7,36,2,pvp,572,0,1,0,3,2336931,78000,0,0,17,109,14,2,2,0,61922,0,0,2,2,0,24
roster,7,37,0,ghost,550,0,1,0,4,2023088,0,0,0,17,99,14,4,4,2,129250,0,0,2,2,0,24
roster,7,37,1,pvp,552,0,0,5,0,2622711,78000,0,0,8,82,12,2,1,0,125059,0,0,2,2,48,0
roster,7,37,2,pvp,552,0,1,0,4,2183359,0,0,3913,17,101,14,3,3,1,83323,0,0,2,2,0,27
roster,7,38,0,ghost,519,0,0,8,0,2220680,52000,0,0,17,147,10,3,3,2,123384,0,0,2,2,60,0
roster,7,38,1,pvp,442,0,0,6,0,2034654,0,0,0,17,137,11,3,2,2,118847,0,0,2,2,54,0
roster,7,38,2,pvp,512,0,1,0,3,2014829,0,0,19773,17,89,15,3,3,3,158027,0,0,2,2,0,15
roster,7,39,0,pvp,451,0,0,7,0,2488995,52000,0,7200,17,91,11,2,2,0,117396,0,0,2,2,57,0
roster,7,39,1,pvp,467,0,1,0,6,1985734,0,0,0,17,73,12,4,4,2,160992,0,0,2,2,0,36
roster,7,40,0,neutral,401,0,0,7,0,2397935,0,0,0,8,108,6,1,1,1,48000,0,0,2,0,54,0
roster,7,40,1,neutral,730,0,0,4,0,2905125,49913,2087,0,8,95,9,1,1,0,48000,0,0,2,0,18,0
roster,7,40,2,neutral,580,0,0,4,0,2809663,0,0,0,8,197,9,2,2,0,102136,0,0,2,0,24,0
roster,7,41,0,ghost,439,0,0,7,0,2120069,0,0,0,17,99,11,3,3,4,189732,0,0,2,2,60,0
roster,7,41,1,pvp,609,0,0,4,0,2515960,78000,0,9000,17,102,14,3,3,0,144005,0,0,2,2,24,0
roster,7,42,0,ghost,569,0,1,0,6,2317906,78000,0,3522,17,113,12,3,3,1,71984,0,0,2,2,0,51
roster,7,42,1,pvp,511,0,0,5,0,2499065,78000,0,68161,17,80,13,2,2,1,195130,0,0,2,2,48,0
roster,7,43,0,ghost,487,0,1,0,5,2483680,26000,0,7200,17,88,13,2,2,1,162942,0,0,2,2,0,48
roster,7,43,1,pvp,401,0,0,6,0,2077893,0,0,71244,17,108,12,3,3,1,158685,0,0,2,2,54,0
roster,7,44,0,pvp,401,0,0,6,0,2307274,52000,0,14400,17,91,12,2,2,1,129130,0,0,2,2,54,0
roster,8,1,0,neutral,56,0,0,4,0,22826,0,0,0,17,56,1,2,1,1,4854,0,0,2,0,6,0
roster,8,1,1,neutral,56,0,0,4,0,22909,0,0,0,17,56,1,1,1,1,13182,0,0,1,0,6,0
roster,8,1,2,neutral,64,0,0,4,0,21000,0,0,0,18,64,1,0,0,0,0,0,0,1,0,5,0
roster,8,1,3,neutral,62,0,0,4,0,21000,0,0,0,18,62,1,0,0,0,0,0,0,2,0,5,0
roster,8,1,4,neutral,49,0,0,4,0,21000,0,0,0,17,49,1,2,1,1,17136,1,0,2,0,5,0
roster,8,1,5,neutral,40,0,0,4,0,21000,0,0,0,17,40,1,2,1,1,17000,0,0,2,0,5,0
roster,8,1,6,neutral,56,0,0,3,0,21000,0,0,0,17,56,1,1,1,1,7000,0,0,1,0,6,0
roster,8,1,7,neutral,49,0,0,4,0,21000,0,0,0,17,49,1,2,1,1,17136,0,0,2,0,4,0
roster,8,2,0,neutral,94,0,0,4,0,45696,0,0,0,17,56,2,1,1,1,4854,0,0,2,0,10,0
roster,8,2,1,neutral,135,0,0,4,0,53001,0,0,0,17,56,2,1,1,0,16000,0,0,2,0,8,0
roster,8,2,2,neutral,150,0,0,4,0,50926,0,0,0,18,89,2,0,0,0,0,0,0,1,0,6,0
roster,8,2,3,neutral,173,0,0,4,0,51191,0,0,0,18,93,2,0,0,0,0,0,0,1,0,7,0
roster,8,2,4,neutral,85,0,0,4,0,44090,5090,1910,0,17,40,2,2,2,1,17182,2,0,2,0,6,0
roster,8,2,5,neutral,56,0,0,4,0,43870,0,0,0,17,49,2,2,2,2,35136,0,0,2,0,8,0
roster,8,2,6,neutral,113,0,0,4,0,46224,0,0,0,17,56,2,1,1,1,7000,0,0,1,0,11,0
roster,8,2,7,neutral,117,0,0,4,0,48740,0,0,0,17,56,2,2,2,1,21000,0,0,2,0,5,0
roster,8,3,0,neutral,101,0,0,5,0,74934,0,0,0,17,40,3,2,1,1,28000,0,0,2,0,14,0
roster,8,3,1,neutral,133,0,0,5,0,82566,0,0,0,17,49,3,2,1,0,24818,0,0,2,0,11,0
roster,8,3,2,neutral,113,0,0,5,0,77907,0,0,0,17,40,3,1,1,1,17000,0,0,1,0,9,0
roster,8,3,3,neutral,133,0,0,5,0,78352,0,0,0,17,49,3,2,2,2,36045,0,0,2,0,12,0
roster,8,3,4,neutral,121,0,0,5,0,79870,3500,0,0,17,49,3,1,1,0,15364,1,0,1,0,11,0
roster,8,3,5,neutral,111,0,0,5,0,80131,0,0,0,17,46,3,1,1,0,24818,0,0,1,0,12,0
roster,8,3,6,neutral,117,0,0,5,0,76740,0,0,0,17,40,3,1,1,1,23273,0,0,2,0,14,0
roster,8,3,7,neutral,116,0,0,5,0,78185,0,0,0,17,44,3,1,1,0,24818,0,0,1,0,10,0
roster,8,4,0,pvp,319,0,0,4,0,701289,0,0,0,17,125,6,3,3,3,110930,0,0,2,1,14,0
roster,8,4,1,pvp,461,0,0,3,0,792053,0,0,0,17,117,7,2,2,0,58434,0,0,2,1,7,0
roster,8,4,2,pvp,627,0,1,0,2,1053680,125790,1710,0,17,150,8,1,1,2,91177,0,1,2,1,0,6
roster,8,4,3,pvp,418,0,1,0,4,917994,0,0,0,17,149,6,4,3,1,83806,0,0,2,2,0,14
roster,8,5,0,neutral,219,0,0,5,0,324070,0,0,0,8,116,3,1,1,1,30545,0,0,2,0,18,0
roster,8,5,1,neutral,189,0,0,5,0,333914,0,0,0,8,106,3,2,2,3,66619,0,0,2,0,24,0
roster,8,5,2,neutral,193,0,0,5,0,335913,26000,0,0,8,65,3,1,1,0,29920,0,0,1,0,18,0
roster,8,5,3,neutral,202,0,0,5,0,326522,0,0,0,17,109,3,1,1,1,48027,0,0,2,0,18,0
roster,8,5,4,neutral,261,0,0,5,0,325826,0,0,5332,8,113,3,0,0,0,0,0,0,2,0,15,0
roster,8,5,5,neutral,194,0,0,5,0,322611,0,0,0,8,65,3,1,1,0,55363,0,0,2,0,19,0
roster,8,5,6,neutral,233,0,0,5,0,338641,0,0,0,8,104,3,2,2,1,39545,0,0,2,0,22,0
roster,8,5,7,neutral,172,0,0,5,0,323262,0,0,0,8,49,3,1,1,1,27682,0,0,1,0,21,0
roster,8,6,0,pvp,355,0,0,4,0,808701,0,0,0,17,122,6,2,2,2,86996,0,0,2,2,15,0
roster,8,6,1,pvp,363,0,0,3,0,957806,0,0,0,17,77,7,3,3,1,111019,0,0,2,2,15,0
roster,8,6,2,pvp,591,0,1,0,3,1162040,52000,0,0,17,124,7,2,2,2,138473,0,0,1,1,0,18
roster,8,6,3,pvp,470,0,0,4,0,1133775,0,0,0,17,165,6,2,2,1,70028,0,0,2,1,13,0
roster,8,7,0,pvp,478,0,1,0,3,996439,0,0,0,17,156,7,3,3,5,135218,0,0,2,1,0,15
roster,8,7,1,pvp,532,0,1,0,3,1215330,99000,0,0,17,84,7,3,3,2,148172,0,1,2,2,0,12
roster,8,7,2,pvp,548,0,1,0,2,1094460,52000,0,0,17,94,8,2,2,0,78559,0,0,1,2,0,7
roster,8,7,3,pvp,697,0,0,2,0,1239747,0,0,0,17,116,8,2,2,1,55695,0,0,1,1,15,0
roster,8,8,0,pvp,515,0,0,2,0,1448180,77840,4660,5916,17,185,8,3,3,4,164554,0,1,2,2,6,0
roster,8,8,1,pvp,393,0,0,2,0,1113592,26000,0,0,17,85,8,3,3,2,113922,0,0,2,1,12,0
roster,8,8,2,pvp,498,0,1,0,2,1145166,0,0,0,17,95,8,2,2,0,50217,0,0,2,1,0,15
roster,8,8,3,pvp,551,0,0,3,0,1111001,0,0,0,17,116,7,2,2,2,94027,0,0,1,1,18,0
roster,8,9,0,pvp,331,0,0,4,0,1016886,0,0,0,17,101,8,3,2,2,115464,0,0,2,3,18,0
roster,8,9,1,pvp,571,0,1,0,4,1355288,0,0,0,17,124,8,3,3,2,109152,0,0,2,1,0,21
roster,8,9,2,pvp,619,0,1,0,2,1476425,78000,0,0,17,112,10,3,3,2,203846,0,0,2,1,0,9
roster,8,9,3,pvp,603,0,0,5,0,1517823,134782,2718,3913,17,129,7,2,2,3,88166,1,0,2,1,18,0
roster,8,10,0,neutral,197,0,0,6,0,423264,0,0,0,8,165,3,2,1,2,55363,0,0,2,0,24,0
roster,8,10,1,neutral,180,0,0,6,0,464848,0,0,0,8,89,3,2,2,1,58227,0,0,2,0,27,0
roster,8,10,2,neutral,180,0,0,6,0,474872,0,0,0,8,89,3,2,2,2,61090,0,0,2,0,24,0
roster,8,10,3,neutral,198,0,0,6,0,459110,0,0,0,17,72,3,1,1,1,15741,0,0,3,0,20,0
roster,8,10,4,neutral,270,0,0,6,0,436280,11000,0,0,8,111,3,1,1,2,55364,1,0,2,0,21,0
roster,8,10,5,neutral,196,0,0,6,0,466844,0,0,0,8,94,3,1,1,0,27682,0,0,1,0,27,0
roster,8,10,6,neutral,197,0,0,6,0,426503,0,0,0,8,117,3,2,2,1,61090,0,0,2,0,24,0
roster,8,10,7,neutral,216,0,0,6,0,462697,0,0,0,8,65,3,1,1,1,52500,0,0,1,0,27,0
roster,8,11,0,pvp,345,0,0,5,0,1126459,52000,0,0,8,73,7,4,4,3,143319,0,0,2,2,21,0
roster,8,11,1,pvp,477,0,0,3,0,1380131,0,0,3913,17,83,9,3,3,1,105268,0,0,2,1,18,0
roster,8,11,2,pvp,466,0,0,4,0,1336108,46625,2875,4435,17,179,8,1,1,1,67368,0,1,3,2,16,0
roster,8,11,3,pvp,658,0,1,0,3,1620168,0,0,0,17,105,9,4,4,2,117399,0,0,2,2,0,15
roster,8,12,0,pvp,394,0,0,4,0,1266285,0,0,0,8,106,8,4,3,2,136457,0,0,2,2,15,0
roster,8,12,1,pvp,581,0,1,0,3,1399574,78000,0,0,17,69,9,4,4,2,176549,0,0,2,2,0,15
roster,8,12,2,pvp,539,0,0,2,0,1329371,0,0,0,17,104,10,2,2,1,72739,0,0,3,1,12,0
roster,8,12,3,pvp,867,0,0,2,0,1852660,148500,0,5916,17,138,10,2,2,2,43571,1,0,2,2,12,0
roster,8,13,0,pvp,575,0,1,0,2,1598066,0,0,0,8,93,10,4,4,2,187019,0,0,2,2,0,12
roster,8,13,1,pvp,438,0,0,4,0,1306602,0,0,0,17,86,8,4,4,2,117408,0,0,2,2,21,0
roster,8,13,2,pvp,516,0,1,0,3,1423987,26000,0,0,17,156,9,4,4,5,196361,0,0,2,2,0,15
roster,8,13,3,pvp,461,0,0,4,0,1455913,38500,0,0,17,122,8,2,2,2,64571,0,1,2,2,18,0
roster,8,14,0,pvp,461,0,0,3,0,1540922,52609,2391,0,8,189,9,2,2,1,146449,0,1,2,2,12,0
roster,8,14,1,pvp,394,0,1,0,4,1424034,0,0,0,17,102,8,4,4,2,117783,0,0,2,2,0,21
roster,8,14,2,pvp,587,0,1,0,2,1461067,78000,0,0,17,134,10,4,4,2,132651,0,0,2,2,0,6
roster,8,14,3,pvp,515,0,0,3,0,1292827,0,0,18080,17,122,9,4,4,0,158117,0,0,2,2,15,0
roster,8,15,0,neutral,239,0,0,6,0,566090,0,0,7365,8,104,3,2,2,2,84955,0,0,2,0,24,0
roster,8,15,1,neutral,209,0,0,6,0,613294,0,0,0,8,109,3,2,2,1,58227,0,0,2,0,27,0
roster,8,15,2,neutral,205,0,0,5,0,620268,0,0,0,8,121,4,2,2,2,85909,0,0,2,0,18,0
roster,8,15,3,neutral,201,0,0,6,0,572349,0,0,0,17,77,3,2,2,1,58668,0,0,2,0,24,0
roster,8,15,4,neutral,287,0,0,6,0,601410,0,0,4696,8,122,3,0,0,0,0,1,0,2,0,24,0
roster,8,15,5,neutral,189,0,0,6,0,601461,44000,0,0,8,77,3,2,2,1,55364,1,0,2,0,30,0
roster,8,15,6,neutral,290,0,0,6,0,620900,0,0,0,8,169,3,2,2,2,73750,0,0,2,0,24,0
roster,8,15,7,neutral,211,0,0,6,0,612787,0,0,0,8,112,3,2,2,1,77318,0,0,2,0,24,0
roster,8,16,0,pvp,427,0,0,3,0,1342740,0,0,3682,8,99,9,4,3,2,137358,0,0,2,2,12,0
roster,8,16,1,pvp,551,0,0,3,0,1486929,52000,0,0,17,85,9,4,4,1,111129,0,0,2,2,18,0
roster,8,16,2,pvp,434,0,1,0,5,1488669,0,0,0,17,197,8,4,4,3,169618,0,0,2,2,0,21
roster,8,16,3,pvp,663,0,0,2,0,2009009,380227,4773,0,17,139,10,2,2,1,41428,1,1,2,2,9,0
roster,8,17,0,pvp,336,0,0,5,0,1293032,0,0,0,8,72,8,4,4,1,126585,0,0,2,2,33,0
roster,8,17,1,pvp,490,0,0,3,0,1392536,78000,0,0,17,72,9,4,4,1,123328,0,0,2,2,12,0
roster,8,17,2,pvp,492,0,0,4,0,1808389,44000,0,0,17,104,10,4,3,1,125323,0,1,2,2,15,0
roster,8,17,3,pvp,452,0,1,0,5,1659075,151525,0,0,17,141,8,2,2,1,79984,2,0,2,2,0,21
roster,8,18,0,pvp,414,0,0,5,0,1221866,52000,0,0,17,89,8,4,3,3,145517,0,0,2,2,30,0
roster,8,18,1,pvp,570,0,0,2,0,1818457,176739,86,0,8,113,11,2,2,1,55434,0,2,2,2,12,0
roster,8,18,2,pvp,363,0,0,5,0,1280958,0,0,0,17,89,8,4,4,1,156129,0,0,2,2,18,0
roster,8,18,3,pvp,783,0,1,0,2,2184611,210500,4000,9860,17,93,12,4,4,3,163316,1,0,2,2,0,12
roster,8,19,0,pvp,632,0,0,1,0,2153055,0,0,0,17,143,13,4,4,3,105937,0,0,2,2,18,0
roster,8,19,1,pvp,386,0,1,0,5,1445469,0,0,3913,17,109,9,4,4,2,130395,0,0,2,2,0,21
roster,8,19,2,pvp,520,0,1,0,6,1361062,80119,30881,1463,17,81,8,4,3,1,145840,0,1,2,2,0,30
roster,8,19,3,pvp,479,0,0,4,0,1624876,194220,7905,21110,8,99,10,3,3,1,129319,2,0,2,2,18,0
roster,8,20,0,neutral,252,0,0,6,0,743000,0,0,0,8,127,4,2,2,2,74319,0,0,2,0,33,0
roster,8,20,1,neutral,232,0,0,6,0,720501,0,0,2739,8,109,4,2,2,2,85909,0,0,2,0,30,0
roster,8,20,2,neutral,258,0,0,6,0,768765,9545,16455,0,8,133,4,2,2,2,83045,0,0,2,0,21,0
roster,8,20,3,neutral,333,0,0,7,0,750666,0,0,0,8,165,3,2,2,2,58227,0,0,2,0,27,0
roster,8,20,4,neutral,251,0,0,7,0,742119,119405,3520,0,8,151,3,1,1,2,49637,2,0,2,0,30,0
roster,8,20,5,neutral,235,0,0,6,0,739496,22000,0,0,8,101,4,2,2,2,63954,1,0,2,0,30,0
roster,8,20,6,neutral,221,0,0,7,0,673048,0,0,0,8,122,3,2,2,3,95025,0,0,2,0,27,0
roster,8,20,7,neutral,229,0,0,7,0,738454,0,0,2863,8,121,3,2,2,1,55363,0,0,2,0,27,0
roster,8,21,0,pvp,333,0,0,5,0,1619584,0,0,0,17,106,9,4,4,4,170063,0,0,2,2,30,0
roster,8,21,1,pvp,457,0,1,0,5,1510161,0,0,0,17,94,9,4,4,3,168234,0,0,2,2,0,21
roster,8,21,2,pvp,479,0,0,5,0,1634232,174227,3323,0,8,89,9,3,3,4,152934,0,2,2,2,18,0
roster,8,21,3,pvp,600,0,0,4,0,1732556,148387,5613,3913,17,93,10,4,4,2,167128,1,0,2,2,21,0
roster,8,22,0,pvp,576,0,0,3,0,2082015,0,0,0,17,145,11,4,4,3,152206,0,0,2,2,24,0
roster,8,22,1,pvp,568,0,1,0,4,1579085,0,0,3913,17,53,10,4,4,1,97695,0,0,2,2,0,18
roster,8,22,2,pvp,568,0,1,0,3,1711215,175500,0,0,17,76,11,4,4,3,151623,0,1,2,2,0,12
roster,8,22,3,pvp,511,0,0,3,0,1773642,123200,0,0,17,99,11,3,3,2,152211,0,2,2,2,9,0
roster,8,23,0,pvp,434,0,0,4,0,1875089,225461,8564,0,8,165,10,3,2,3,122513,0,2,2,2,27,0
roster,8,23,1,pvp,530,0,1,0,4,1657673,44000,0,15458,17,69,10,4,4,2,178685,0,1,2,2,0,15
roster,8,23,2,pvp,343,0,1,0,4,1530049,52000,0,0,17,104,10,4,4,2,149356,0,0,2,2,0,18
roster,8,23,3,pvp,420,0,0,6,0,1414604,0,0,0,17,97,8,4,4,0,162510,0,0,2,2,24,0
roster,8,24,0,pvp,362,0,0,5,0,1520444,0,0,0,17,89,9,4,4,2,130362,0,0,2,2,30,0
roster,8,24,1,pvp,555,0,1,0,3,1708390,126250,0,0,8,89,11,3,3,3,139674,0,2,2,2,0,12
roster,8,24,2,pvp,521,0,1,0,2,1890215,0,0,0,17,142,12,4,4,3,132356,0,0,2,2,0,12
roster,8,24,3,pvp,508,0,0,4,0,1628405,115500,0,3214,17,93,10,4,4,2,118544,1,0,2,2,21,0
roster,8,25,0,neutral,374,0,0,6,0,1680835,0,0,0,8,102,5,1,1,3,117000,0,0,2,0,42,0
roster,8,25,1,neutral,459,0,0,6,0,1754049,0,0,2667,8,102,6,2,2,2,80182,0,0,2,0,30,0
roster,8,25,2,neutral,833,0,1,0,2,1998392,156000,0,0,8,108,9,2,2,1,61090,0,0,2,0,0,0
roster,8,25,3,neutral,397,0,0,5,0,1688171,0,0,0,8,148,6,2,2,1,88772,0,0,2,0,21,0
roster,8,25,4,neutral,661,0,0,3,0,2000615,185705,5420,17456,8,108,8,1,1,0,30545,2,0,2,0,12,0
roster,8,25,5,neutral,501,0,0,6,0,1823846,66000,0,18584,8,125,6,2,2,2,83046,1,0,2,0,30,0
roster,8,25,6,neutral,488,0,0,6,0,1681634,0,0,0,8,183,6,2,2,1,135545,0,0,2,0,24,0
roster,8,25,7,neutral,545,0,0,4,0,1854739,0,0,0,8,108,8,2,1,1,58227,0,0,2,0,18,0
roster,8,26,0,pvp,428,0,0,3,0,1846220,0,0,0,17,133,11,3,3,2,169182,0,0,2,2,30,0
roster,8,26,1,pvp,524,0,1,0,5,1988774,293716,6309,5916,8,81,10,3,3,2,147320,0,2,2,2,0,21
roster,8,26,2,pvp,441,0,1,0,6,1435519,78000,0,0,17,67,9,4,4,4,155673,0,0,2,2,0,30
roster,8,26,3,pvp,529,0,1,0,5,1954433,27500,0,5916,17,111,11,4,4,0,102319,1,0,2,2,0,21
roster,8,27,0,pvp,374,0,0,6,0,1502084,52000,0,0,8,66,10,3,3,5,154131,0,0,2,2,54,0
roster,8,27,1,pvp,510,0,1,0,6,1767732,0,0,0,17,94,10,4,4,3,169890,0,0,2,2,0,24
roster,8,27,2,pvp,620,0,1,0,3,2295885,225500,0,0,17,190,13,3,3,2,104381,0,1,2,2,0,12
roster,8,27,3,pvp,543,0,0,4,0,1735472,172618,5857,12764,8,99,11,3,3,2,163177,2,0,2,2,18,0
roster,8,28,0,pvp,433,0,0,7,0,1687147,0,0,18154,8,69,9,3,3,2,156521,0,0,2,2,57,0
roster,8,28,1,pvp,427,0,1,0,5,1790193,0,0,0,17,89,11,4,4,1,146300,0,0,2,2,0,21
roster,8,28,2,pvp,525,0,1,0,4,1919343,78000,0,1972,17,156,12,4,4,6,172682,0,0,2,2,0,18
roster,8,28,3,pvp,573,0,1,0,7,2193434,570265,11910,16496,8,162,8,2,2,2,95857,2,1,2,2,0,33
roster,8,29,0,pvp,516,0,0,6,0,2052610,69008,2492,3913,8,163,10,2,2,2,75000,0,1,2,2,54,0
roster,8,29,1,pvp,519,0,1,0,6,1990312,0,0,5166,17,118,10,4,4,3,174289,0,0,2,2,0,24
roster,8,29,2,pvp,397,0,0,5,0,1830851,158675,0,0,17,99,10,3,3,3,98400,0,2,2,2,21,0
roster,8,30,0,neutral,392,0,0,7,0,1907509,0,0,6750,8,133,5,1,1,1,78000,0,0,2,0,57,0
roster,8,30,1,neutral,483,0,0,4,0,2068180,0,0,0,8,182,8,2,2,0,83383,0,0,2,0,15,0
roster,8,30,2,neutral,791,0,0,3,0,2512003,337613,8337,87400,8,152,8,1,1,0,30545,2,0,2,0,12,0
roster,8,30,3,neutral,579,0,0,6,0,2123319,5500,0,0,8,205,6,1,1,1,67915,1,0,2,0,30,0
roster,8,30,4,neutral,567,0,0,4,0,2086259,0,0,0,8,125,8,2,2,1,132681,0,0,2,0,18,0
roster,8,31,0,ghost,404,0,0,6,0,1981128,0,0,0,17,161,10,3,3,2,117737,0,0,2,2,54,0
roster,8,31,1,pvp,567,0,0,6,0,2112913,99000,0,0,17,157,10,3,3,0,128254,0,1,2,2,21,0
roster,8,31,2,pvp,612,0,1,0,3,2272733,178677,3648,0,17,155,13,3,3,1,150423,2,0,2,2,0,9
roster,8,32,0,ghost,516,0,1,0,4,2075319,0,0,0,17,109,12,4,4,3,146185,0,0,2,2,0,18
roster,8,32,1,pvp,418,0,0,6,0,1728182,102143,5932,0,8,145,10,2,2,1,103826,0,2,2,2,54,0
roster,8,32,2,pvp,721,0,0,3,0,2468911,147086,6914,0,17,203,13,3,3,3,146440,1,0,2,2,15,0
roster,8,33,0,ghost,457,0,1,0,6,2012788,0,0,0,17,179,10,3,3,3,135576,0,0,2,2,0,48
roster,8,33,1,pvp,544,0,0,5,0,2259042,121617,4883,9079,8,164,11,2,2,2,85548,0,1,2,2,45,0
roster,8,33,2,pvp,366,0,0,6,0,1755801,97075,0,0,17,99,10,3,3,2,107116,0,2,2,2,21,0
roster,8,34,0,pvp,369,0,0,6,0,1902394,0,0,0,17,145,10,3,3,2,134744,0,0,2,2,48,0
roster,8,34,1,pvp,743,0,1,0,4,2464514,73543,3457,3913,17,151,12,3,3,2,92246,1,0,2,2,0,18
roster,8,35,0,neutral,485,0,0,6,0,2203256,0,0,8709,8,127,6,1,1,1,83335,0,0,2,0,66,0
roster,8,35,1,neutral,573,0,0,3,0,2364136,0,0,0,8,196,9,2,2,2,105000,0,0,2,0,12,0
roster,8,35,2,neutral,618,0,0,5,0,2371856,60500,0,0,8,160,8,2,2,2,83046,1,0,2,0,27,0
roster,8,35,3,neutral,730,0,0,4,0,2559530,0,0,0,8,108,9,2,2,1,61090,0,0,2,0,18,0
roster,8,36,0,pvp,526,0,0,6,0,2271212,0,0,7043,17,143,12,3,3,1,166687,0,0,2,2,57,0
roster,8,36,1,pvp,386,0,1,0,8,1917689,154000,0,0,17,133,9,4,4,1,139530,0,1,2,2,0,36
roster,8,37,0,pvp,472,0,0,7,0,2289942,132000,0,2090,8,144,11,3,3,4,106249,0,1,2,2,84,0
roster,8,37,1,pvp,613,0,1,0,4,2339885,0,0,7826,17,87,14,4,4,2,155922,0,0,2,2,0,15
roster,8,38,0,pvp,407,0,0,7,0,2123537,0,0,5829,17,133,11,3,3,3,138656,0,0,2,2,69,0
roster,8,38,1,pvp,744,0,0,4,0,2592560,77000,0,3214,17,116,14,4,4,3,123996,1,0,2,2,15,0
roster,8,39,0,ghost,451,0,1,0,8,2284885,193978,4022,5786,8,189,10,3,3,1,163249,1,0,2,2,0,87
roster,8,39,1,pvp,531,0,0,8,0,2306436,0,0,0,17,107,10,3,3,0,96300,0,0,2,2,87,0
roster,8,40,0,neutral,437,0,0,7,0,2397954,0,0,0,8,108,6,1,1,1,78000,0,0,2,0,84,0
roster,8,40,1,neutral,867,0,0,2,0,2953648,0,0,0,8,133,11,2,2,3,135545,0,0,2,0,12,0
roster,8,41,0,pvp,443,0,0,7,0,2183320,0,0,0,17,118,11,3,3,1,140415,0,0,2,2,69,0
roster,8,42,0,pvp,485,0,0,8,0,2200979,0,0,11577,17,125,10,3,3,2,128844,0,0,2,2,87,0
roster,8,43,0,pvp,510,0,0,7,0,2185891,0,0,3913,17,143,11,3,3,1,161272,0,0,2,2,78,0
roster,9,1,0,neutral,64,0,0,4,0,21000,0,0,0,18,64,1,0,0,0,0,0,0,1,0,5,0
roster,9,1,1,neutral,60,0,0,4,0,22556,0,0,0,18,60,1,0,0,0,0,0,0,1,0,5,0
roster,9,1,2,neutral,56,0,0,4,0,22909,0,0,0,17,56,1,1,1,1,4546,1,0,1,0,5,0
roster,9,1,3,neutral,40,0,0,4,0,21000,0,0,0,17,40,1,1,1,1,16000,0,0,1,0,4,0
roster,9,1,4,neutral,49,0,0,4,0,21000,0,0,0,17,49,1,1,1,1,17136,1,0,2,0,5,0
roster,9,1,5,neutral,56,0,0,4,0,22826,0,0,0,17,56,1,1,1,0,3364,0,0,2,0,4,0
roster,9,1,6,neutral,77,0,0,3,0,24818,1909,1591,0,18,77,1,0,0,0,0,1,0,1,0,5,0
roster,9,1,7,neutral,85,0,0,3,0,24818,3818,3182,0,24,85,1,0,0,0,0,1,0,1,0,6,0
roster,9,2,0,neutral,138,0,0,4,0,50926,0,0,0,18,73,2,0,0,0,0,0,0,2,0,6,0
roster,9,2,1,neutral,117,0,0,4,0,47296,0,0,0,17,56,2,1,1,1,7491,0,0,1,0,9,0
roster,9,2,2,neutral,113,0,0,4,0,48544,6999,1,0,18,72,2,0,0,0,0,1,0,1,0,10,0
roster,9,2,3,neutral,101,0,0,4,0,45222,0,0,0,17,40,2,1,1,1,12000,0,0,1,0,7,0
roster,9,2,4,neutral,113,0,0,4,0,49122,0,0,0,17,56,2,1,1,0,12927,1,0,1,0,6,0
roster,9,2,5,neutral,104,0,0,4,0,46305,0,0,0,17,55,2,1,0,0,0,0,0,1,0,7,0
roster,9,2,6,neutral,145,0,0,4,0,51175,0,0,0,18,78,2,0,0,0,0,0,0,2,0,5,0
roster,9,2,7,neutral,114,0,0,4,0,48544,6999,3501,0,17,77,2,1,0,0,0,1,0,1,0,6,0
roster,9,3,0,neutral,181,0,0,5,0,93408,18668,5832,0,18,77,3,0,0,0,0,1,0,2,0,8,0
roster,9,3,1,neutral,140,0,0,5,0,80259,0,0,0,17,60,3,1,1,1,17136,0,0,1,0,13,0
roster,9,3,2,neutral,142,0,0,5,0,84270,14000,0,0,18,77,3,0,0,0,0,1,0,2,0,12,0
roster,9,3,3,neutral,137,0,0,5,0,81062,0,0,0,17,72,3,1,1,1,5000,0,0,1,0,12,0
roster,9,3,4,neutral,133,0,0,5,0,85696,7000,0,0,17,56,3,1,1,0,21000,1,0,1,0,9,0
roster,9,3,5,neutral,129,0,0,5,0,78305,6435,565,0,17,56,3,1,1,0,8364,1,0,1,0,13,0
roster,9,3,6,neutral,121,0,0,5,0,76111,0,0,0,18,60,3,0,0,0,0,0,0,2,0,10,0
roster,9,3,7,neutral,103,0,0,5,0,84478,7000,0,0,17,77,3,1,1,0,18000,1,0,1,0,8,0
roster,9,4,0,pvp,369,0,1,0,5,678543,44000,0,0,18,138,5,0,0,0,0,1,0,2,1,0,17
roster,9,4,1,pvp,412,0,1,0,4,727222,59000,500,0,17,69,6,1,1,1,75284,1,1,2,1,0,11
roster,9,4,2,pvp,254,0,0,4,0,633373,0,0,0,17,89,6,2,2,3,66224,0,0,1,2,11,0
roster,9,4,3,pvp,456,0,1,0,2,945809,66500,0,0,17,125,8,1,1,0,26478,1,0,1,1,0,6
roster,9,5,0,neutral,276,0,0,4,0,385131,52217,283,0,8,123,4,0,0,0,0,2,0,2,0,16,0
roster,9,5,1,neutral,193,0,0,5,0,338886,0,0,0,8,104,3,1,1,0,13837,0,0,1,0,18,0
roster,9,5,2,neutral,273,0,0,5,0,362173,21000,0,0,8,145,3,0,0,0,0,1,0,2,0,12,0
roster,9,5,3,neutral,184,0,0,5,0,309998,0,0,0,8,65,3,1,1,0,61090,0,0,1,0,14,0
roster,9,5,4,neutral,162,0,0,5,0,343045,0,0,0,8,109,3,1,1,1,30545,0,0,1,0,18,0
roster,9,5,5,neutral,197,0,0,5,0,322177,14000,0,0,17,72,3,1,1,2,27509,1,0,1,0,13,0
roster,9,5,6,neutral,218,0,0,5,0,343482,0,0,0,8,77,3,0,0,0,0,0,0,1,0,14,0
roster,9,5,7,neutral,213,0,0,5,0,323045,0,0,0,8,85,3,1,1,1,29093,0,0,1,0,14,0
roster,9,6,0,pvp,403,0,0,4,0,878917,137500,0,0,17,125,6,1,0,0,0,1,0,1,1,18,0
roster,9,6,1,pvp,406,0,0,4,0,976315,26000,0,6480,17,153,6,2,2,3,103318,0,0,2,1,15,0
roster,9,6,2,pvp,456,0,0,4,0,948424,49000,0,0,17,111,6,1,1,2,82173,1,0,1,1,11,0
roster,9,6,3,pvp,467,0,1,0,2,1133949,0,0,0,17,105,8,2,2,1,54106,0,0,1,1,0,6
roster,9,7,0,pvp,447,0,1,0,2,1065933,22000,0,0,17,89,8,1,1,0,60897,1,0,1,1,0,6
roster,9,7,1,pvp,407,0,1,0,3,1181146,0,0,0,17,111,7,2,2,2,100434,0,0,2,1,0,9
roster,9,7,2,pvp,430,0,0,2,0,1104803,0,0,0,17,126,8,2,1,1,29217,0,0,2,1,9,0
roster,9,7,3,pvp,430,0,0,5,0,1032904,52000,0,0,17,131,5,2,2,0,80389,0,0,1,1,21,0
roster,9,8,0,pvp,501,0,1,0,3,1167536,82500,0,0,17,135,7,1,1,1,29217,1,0,2,2,0,12
roster,9,8,1,pvp,560,0,1,0,1,1223804,0,0,0,17,160,9,2,2,2,109802,0,0,2,1,0,3
roster,9,8,2,pvp,622,0,1,0,2,1213893,78000,0,0,17,123,8,2,2,1,77845,0,0,1,1,0,9
roster,9,8,3,pvp,479,0,0,3,0,1184184,49500,0,0,17,83,7,2,2,3,99628,0,1,2,1,9,0
roster,9,9,0,pvp,437,0,1,0,4,1203518,38500,0,9079,17,107,8,1,1,1,90184,1,0,2,1,0,11
roster,9,9,1,pvp,671,0,1,0,2,1821191,0,0,24420,17,169,10,2,2,2,75399,0,0,1,2,0,12
roster,9,9,2,pvp,505,0,0,2,0,1502428,52000,0,0,17,149,10,2,2,3,93193,0,0,2,2,9,0
roster,9,9,3,pvp,669,0,1,0,3,1367960,127487,4513,2583,17,79,9,2,2,2,55695,0,1,1,1,0,12
roster,9,10,0,neutral,197,0,0,6,0,485742,27500,0,0,8,130,3,0,0,0,0,1,0,2,0,27,0
roster,9,10,1,neutral,193,0,0,6,0,442960,0,0,0,8,81,3,1,1,0,30545,0,0,1,0,30,0
roster,9,10,2,neutral,207,0,0,6,0,422336,0,0,0,8,149,3,1,1,2,52500,0,0,2,0,21,0
roster,9,10,3,neutral,205,0,0,6,0,474374,0,0,1667,8,153,3,1,1,1,33409,0,0,2,0,27,0
roster,9,10,4,neutral,245,0,0,6,0,452686,0,0,0,8,97,3,1,1,1,36481,0,0,1,0,21,0
roster,9,10,5,neutral,245,0,0,6,0,490559,26000,0,0,8,128,3,1,1,1,30545,0,0,1,0,24,0
roster,9,10,6,neutral,196,0,0,6,0,452791,0,0,4356,8,143,3,1,1,1,52500,0,0,2,0,24,0
roster,9,10,7,neutral,225,0,0,6,0,514002,27500,0,0,8,140,3,1,1,1,30545,1,0,1,0,30,0
roster,9,11,0,pvp,399,0,1,0,5,1129752,74000,0,0,8,85,7,1,1,2,76695,1,0,2,1,0,18
roster,9,11,1,pvp,511,0,0,6,0,1445762,49500,0,0,17,117,6,1,1,2,70569,0,1,1,1,30,0
roster,9,11,2,pvp,484,0,0,3,0,1578712,0,0,0,17,238,9,2,2,3,163493,0,0,1,2,18,0
roster,9,11,3,pvp,456,0,1,0,5,1221874,0,0,0,17,91,7,2,2,2,77453,0,0,1,2,0,21
roster,9,12,0,pvp,778,0,0,1,0,1657893,129000,0,1972,17,112,11,1,1,0,72296,1,0,2,1,6,0
roster,9,12,1,pvp,498,0,0,3,0,1582738,101043,3457,9768,17,111,9,2,2,1,69930,0,1,1,2,12,0
roster,9,12,2,pvp,362,0,0,5,0,1215065,22000,0,0,8,67,7,1,1,1,63736,0,1,2,1,33,0
roster,9,12,3,pvp,542,0,1,0,3,1503825,0,0,0,17,177,9,2,2,1,112005,0,0,2,2,0,15
roster,9,13,0,pvp,450,0,1,0,4,1227313,22000,0,15261,18,93,8,1,1,1,69490,1,0,2,2,0,18
roster,9,13,1,pvp,537,0,1,0,2,1689883,0,0,0,17,143,10,2,2,1,54106,0,0,1,2,0,9
roster,9,13,2,pvp,582,0,0,2,0,1782755,93500,0,0,17,217,10,2,2,0,52111,0,1,2,2,15,0
roster,9,13,3,pvp,575,0,1,0,2,1600059,118000,0,7665,17,101,10,1,1,0,21677,0,1,2,1,0,9
roster,9,14,0,pvp,293,0,1,0,5,1148763,38500,0,0,8,82,7,1,1,1,41366,1,0,2,2,0,33
roster,9,14,1,pvp,398,0,0,5,0,1362796,26000,0,0,17,125,7,2,2,0,58434,0,0,1,2,27,0
roster,9,14,2,pvp,563,0,0,4,0,1697476,88000,0,0,17,116,8,1,1,1,107298,0,1,2,1,21,0
roster,9,14,3,pvp,624,0,1,0,3,1785400,159500,0,0,17,189,9,2,2,2,114095,1,0,2,2,0,21
roster,9,15,0,neutral,270,0,0,5,0,647565,33000,0,2348,8,141,4,0,0,0,0,1,0,2,0,21,0
roster,9,15,1,neutral,235,0,0,6,0,603558,0,0,0,8,122,3,1,1,0,27682,0,0,1,0,30,0
roster,9,15,2,neutral,177,0,0,6,0,593218,0,0,0,8,104,3,1,1,1,30545,0,0,2,0,42,0
roster,9,15,3,neutral,236,0,0,6,0,615891,0,0,6000,8,138,3,1,1,1,33409,0,0,2,0,27,0
roster,9,15,4,neutral,273,0,0,6,0,641555,26000,0,0,8,128,3,1,1,0,30545,0,0,2,0,24,0
roster,9,15,5,neutral,233,0,0,6,0,622337,49500,0,4000,8,124,3,1,1,0,30545,1,0,2,0,24,0
roster,9,15,6,neutral,247,0,0,6,0,596130,0,0,3484,8,131,3,1,1,1,29647,0,0,2,0,30,0
roster,9,15,7,neutral,270,0,0,5,0,659915,33000,0,0,8,139,4,0,0,0,0,1,0,1,0,30,0
roster,9,16,0,pvp,644,0,1,0,3,1670769,209000,0,19853,17,113,9,1,1,1,29217,1,1,2,1,0,18
roster,9,16,1,pvp,629,0,1,0,2,1806960,0,0,0,17,131,10,2,2,1,44534,0,0,1,2,0,18
roster,9,16,2,pvp,388,0,0,5,0,1280556,44000,0,0,17,126,7,2,2,0,98026,0,1,2,2,36,0
roster,9,16,3,pvp,451,0,0,3,0,1455326,52000,0,2066,17,102,9,2,2,1,99156,0,0,2,2,12,0
roster,9,17,0,pvp,507,0,1,0,3,1560090,77000,0,0,17,102,9,3,3,3,133453,1,0,2,2,0,9
roster,9,17,1,pvp,486,0,0,4,0,1401598,60500,0,0,18,65,8,1,1,0,21677,0,1,2,1,27,0
roster,9,17,2,pvp,623,0,0,3,0,1819288,187000,0,3913,17,133,10,2,2,2,54513,0,1,2,2,15,0
roster,9,17,3,pvp,360,0,1,0,5,1269733,0,0,0,17,82,8,3,3,2,86061,0,0,2,2,0,27
roster,9,18,0,pvp,520,0,1,0,4,1615803,203500,0,3360,17,116,8,1,1,0,22556,1,1,2,2,0,21
roster,9,18,1,pvp,511,0,1,0,3,1709192,0,0,26394,17,145,10,3,3,1,115364,0,0,2,2,0,15
roster,9,18,2,pvp,331,0,0,5,0,1140433,0,0,0,17,65,7,3,3,0,132390,0,0,2,2,36,0
roster,9,18,3,pvp,499,0,0,5,0,1560422,16500,0,0,17,83,9,2,2,3,78610,0,1,2,1,27,0
roster,9,19,0,pvp,525,0,0,2,0,1949478,193148,3352,12177,8,83,12,3,3,1,148991,1,0,2,2,9,0
roster,9,19,1,pvp,356,0,1,0,5,1826478,0,0,0,17,89,9,3,3,4,140860,0,0,2,2,0,36
roster,9,19,2,pvp,505,0,1,0,4,1769700,0,0,0,17,150,10,2,2,0,62815,0,0,2,2,0,24
roster,9,19,3,pvp,662,0,0,2,0,2134345,220000,0,0,17,124,12,2,2,2,141593,1,1,2,1,9,0
roster,9,20,0,neutral,243,0,0,7,0,780652,71500,0,0,8,125,3,1,1,0,46773,1,0,2,0,27,0
roster,9,20,1,neutral,281,0,0,7,0,698450,0,0,0,8,221,3,2,2,1,88772,0,0,2,0,36,0
roster,9,20,2,neutral,201,0,0,7,0,743956,0,0,0,8,120,3,1,1,1,6805,0,0,2,0,51,0
roster,9,20,3,neutral,270,0,0,7,0,685037,0,0,2333,8,123,3,1,1,2,58653,0,0,2,0,30,0
roster,9,20,4,neutral,201,0,0,7,0,728060,26000,0,0,8,126,3,2,2,2,85909,0,0,2,0,27,0
roster,9,20,5,neutral,350,0,0,7,0,727556,38500,0,0,8,160,3,1,1,1,61090,1,0,2,0,30,0
roster,9,20,6,neutral,291,0,0,7,0,691112,0,0,0,8,122,3,1,1,2,61090,0,0,2,0,33,0
roster,9,20,7,neutral,220,0,0,7,0,773630,11000,0,0,8,144,3,1,1,1,55363,1,0,1,0,39,0
roster,9,21,0,pvp,463,0,0,4,0,1805755,148500,0,3913,17,97,10,2,2,3,137416,1,0,2,2,15,0
roster,9,21,1,pvp,512,0,0,6,0,1708199,55000,0,0,17,88,8,3,3,5,145317,0,1,2,1,33,0
roster,9,21,2,pvp,525,0,0,3,0,2057579,0,0,0,17,107,11,2,2,0,50894,0,0,2,2,27,0
roster,9,21,3,pvp,426,0,1,0,5,1613816,155673,2327,0,17,111,9,3,3,2,98067,0,1,2,2,0,24
roster,9,22,0,pvp,372,0,1,0,5,1617483,49500,0,3913,17,85,9,3,3,1,118047,1,0,2,2,0,24
roster,9,22,1,pvp,283,0,0,6,0,1456598,26000,0,0,17,71,8,3,2,1,59762,0,0,2,2,45,0
roster,9,22,2,pvp,654,0,0,3,0,1896695,82500,0,15000,17,131,11,2,2,0,55695,0,1,2,1,15,0
roster,9,22,3,pvp,718,0,1,0,2,2168880,225500,0,0,17,156,12,2,2,2,93061,1,0,2,2,0,18
roster,9,23,0,pvp,483,0,0,5,0,1749582,249152,848,3913,8,91,9,3,3,0,68159,1,0,2,2,21,0
roster,9,23,1,pvp,592,0,0,3,0,2036825,126500,0,0,17,94,11,3,3,1,131009,0,1,2,1,15,0
roster,9,23,2,pvp,407,0,0,4,0,1843476,71500,0,0,17,111,10,2,2,1,105651,0,1,2,2,30,0
roster,9,23,3,pvp,805,0,0,1,0,2244300,0,0,25164,17,113,14,2,2,1,70539,0,0,2,2,3,0
roster,9,24,0,pvp,448,0,1,0,5,1578188,16500,0,9313,17,140,10,2,2,0,55965,1,0,2,2,0,24
roster,9,24,1,pvp,614,0,1,0,2,2178862,0,0,0,17,140,12,3,3,2,107826,0,0,2,2,0,18
roster,9,24,2,pvp,450,0,1,0,4,1792630,156468,5532,0,17,89,10,2,2,0,68850,0,1,2,2,0,24
roster,9,24,3,pvp,548,0,0,4,0,1873883,55000,0,0,17,112,10,2,2,2,114810,0,1,2,1,24,0
roster,9,25,0,neutral,586,0,0,4,0,2012205,126500,0,0,8,83,7,1,1,3,90683,1,0,2,0,15,0
roster,9,25,1,neutral,411,0,0,6,0,1736670,0,0,0,8,225,5,2,2,3,102137,0,0,2,0,27,0
roster,9,25,2,neutral,371,0,0,6,0,1751541,0,0,0,8,77,5,1,1,1,52500,0,0,2,0,45,0
roster,9,25,3,neutral,438,0,0,5,0,1828387,0,0,0,8,169,7,1,1,0,50457,0,0,2,0,21,0
roster,9,25,4,neutral,491,0,0,3,0,1797700,52000,0,0,8,83,8,2,2,2,104088,0,0,2,0,9,0
roster,9,25,5,neutral,487,0,0,5,0,1864763,126500,0,6260,8,208,6,0,0,0,0,1,0,2,0,27,0
roster,9,25,6,neutral,476,0,0,6,0,1667289,0,0,3130,8,222,5,1,1,2,85908,0,0,2,0,30,0
roster,9,25,7,neutral,534,0,0,4,0,1798731,0,0,0,8,83,7,1,1,1,30545,1,0,1,0,21,0
roster,9,26,0,pvp,621,0,1,0,3,2005287,236500,0,5916,17,123,11,1,1,0,20222,1,1,2,2,0,21
roster,9,26,1,pvp,807,0,0,2,0,2331210,0,0,0,17,137,12,3,3,2,105736,0,0,2,2,12,0
roster,9,26,2,pvp,431,0,0,6,0,1764724,49500,0,0,17,72,8,2,2,3,98700,0,1,2,1,42,0
roster,9,26,3,pvp,423,0,0,6,0,1536905,26000,0,0,17,89,9,4,4,2,186890,0,0,2,2,27,0
roster,9,27,0,pvp,420,0,1,0,5,1674559,71500,0,0,17,83,10,2,2,1,82173,1,0,2,2,0,39
roster,9,27,1,pvp,450,0,0,3,0,1950358,0,0,0,17,125,12,4,4,2,144049,0,0,2,2,18,0
roster,9,27,2,pvp,480,0,1,0,4,1611655,26000,0,0,17,89,10,3,3,2,108624,0,0,2,2,0,24
roster,9,27,3,pvp,505,0,0,6,0,1742013,184456,2544,0,17,88,9,2,2,0,92735,1,1,2,1,33,0
roster,9,28,0,ghost,548,0,1,0,3,2016854,0,0,0,17,118,11,2,2,1,76695,0,0,2,2,0,27
roster,9,28,1,pvp,519,0,1,0,3,2061014,139512,3488,5885,17,106,13,1,1,0,20222,1,1,2,2,0,21
roster,9,28,2,pvp,294,0,0,8,0,1384817,26000,0,2817,8,82,7,4,4,4,146557,0,0,2,2,48,0
roster,9,28,3,pvp,476,0,0,3,0,2046242,0,0,0,17,111,12,3,3,4,147912,0,0,2,2,27,0
roster,9,29,0,pvp,436,0,1,0,4,1889620,55000,0,0,17,99,12,2,2,1,82544,1,0,2,2,0,24
roster,9,29,1,pvp,517,0,0,4,0,2428019,0,0,0,17,91,12,3,3,1,136272,0,0,2,2,27,0
roster,9,29,2,pvp,567,0,0,3,0,2211046,125086,6914,0,17,140,13,2,2,1,100400,0,1,2,2,12,0
roster,9,30,0,neutral,419,0,0,6,0,1971078,0,0,0,8,200,6,2,2,2,109797,0,0,2,0,33,0
roster,9,30,1,neutral,407,0,0,6,0,2077667,0,0,0,8,83,6,1,1,1,30545,0,0,2,0,45,0
roster,9,30,2,neutral,427,0,0,5,0,1957695,0,0,0,8,131,7,2,2,2,144136,0,0,2,0,24,0
roster,9,30,3,neutral,510,0,0,5,0,2119728,66000,0,0,8,142,7,0,0,0,0,1,0,2,0,36,0
roster,9,30,4,neutral,506,0,0,5,0,2081777,0,0,7044,8,175,7,1,1,2,96410,0,0,2,0,30,0
roster,9,31,0,ghost,590,0,0,5,0,2166287,160978,4022,0,17,117,11,2,2,2,108145,0,1,2,2,33,0
roster,9,31,1,pvp,558,0,0,4,0,2264491,0,0,4649,17,83,13,3,3,3,174328,0,0,2,2,24,0
roster,9,31,2,pvp,588,0,1,0,4,2217737,115500,0,0,18,133,12,1,1,2,46295,1,0,2,2,0,27
roster,9,32,0,ghost,588,0,0,3,0,2300515,120152,848,0,17,131,13,1,1,1,96602,0,1,2,2,15,0
roster,9,32,1,pvp,558,0,0,6,0,2040322,0,0,0,17,145,10,3,3,5,153491,0,0,2,2,33,0
roster,9,32,2,pvp,541,0,1,0,5,2261234,159500,0,18450,17,141,12,2,2,2,56439,0,1,2,2,0,30
roster,9,33,0,ghost,479,0,1,0,4,2100339,0,0,0,17,142,13,4,4,1,140285,0,0,2,2,0,27
roster,9,33,1,pvp,445,0,0,6,0,2033889,132000,0,0,17,99,10,2,2,0,90661,0,1,2,2,36,0
roster,9,33,2,pvp,569,0,0,3,0,2337903,0,0,0,17,107,13,2,2,3,90214,0,0,2,2,21,0
roster,9,34,0,ghost,732,0,1,0,1,2404940,60500,0,3000,17,106,16,2,2,2,118071,1,0,2,2,0,9
roster,9,34,1,pvp,633,0,0,2,0,2541968,0,0,0,17,122,14,3,3,0,101111,0,0,2,2,21,0
roster,9,34,2,pvp,669,0,1,0,2,2325070,0,0,0,17,109,15,3,3,3,104099,0,0,2,2,0,12
roster,9,35,0,neutral,491,0,0,6,0,2276110,0,0,0,8,140,6,2,2,1,91635,0,0,2,0,36,0
roster,9,35,1,neutral,459,0,0,5,0,2361375,0,0,0,8,77,7,1,1,1,30545,0,0,2,0,33,0
roster,9,35,2,neutral,443,0,0,6,0,2170335,0,0,52176,8,125,7,2,2,1,174681,0,0,2,0,27,0
roster,9,35,3,neutral,558,0,0,3,0,2469791,77000,0,19566,8,133,9,0,0,0,0,1,0,2,0,21,0
roster,9,35,4,neutral,588,0,0,3,0,2558420,0,0,2903,8,158,9,1,1,1,30545,0,0,2,0,15,0
roster,9,36,0,ghost,725,0,0,3,0,2528558,118245,2755,0,18,142,13,1,1,1,29217,0,1,2,2,18,0
roster,9,36,1,pvp,524,0,0,4,0,2099130,0,0,5634,17,93,13,4,4,2,125729,0,0,2,2,30,0
roster,9,36,2,pvp,537,0,0,4,0,2214155,91173,2327,0,17,94,12,1,1,1,99395,0,1,2,2,24,0
roster,9,37,0,ghost,426,0,0,8,0,2091409,82500,0,0,17,148,9,2,2,0,99251,0,1,2,2,42,0
roster,9,37,1,pvp,693,0,0,3,0,2327362,0,0,19843,17,113,13,2,2,2,83391,0,0,2,2,21,0
roster,9,37,2,pvp,370,0,0,7,0,1866521,33000,0,0,17,125,10,2,2,1,120335,0,1,2,2,24,0
roster,9,38,0,pvp,483,0,0,6,0,2209474,0,0,3913,17,164,11,3,3,3,133475,0,0,2,2,33,0
roster,9,38,1,pvp,453,0,0,4,0,2088851,0,0,12788,17,67,13,3,3,3,108652,0,0,2,2,30,0
roster,9,39,0,pvp,638,0,1,0,4,2800740,0,0,0,17,89,14,3,3,3,118192,0,0,2,2,0,30
roster,9,39,1,pvp,694,0,1,0,3,2318533,0,0,0,17,138,14,3,3,3,137405,0,0,2,2,0,21
roster,9,40,0,neutral,501,0,0,5,0,2584304,0,0,0,8,175,8,2,2,1,99273,0,0,2,0,30,0
roster,9,40,1,neutral,502,0,0,3,0,2796540,0,0,0,8,159,10,1,1,1,27682,0,0,2,0,24,0
roster,9,40,2,neutral,891,0,1,0,2,2979411,0,0,0,8,108,10,1,1,1,27682,0,0,2,0,0,0
roster,9,41,0,ghost,900,1,1,1,2,2908428,120152,848,8139,17,103,15,2,2,1,65638,0,1,2,2,3,15
roster,9,41,1,pvp,617,0,0,4,0,2691536,38500,0,0,17,108,14,3,3,3,168016,0,1,2,2,21,0
roster,9,42,0,ghost,539,0,0,7,0,2598498,0,0,0,17,112,11,3,3,3,147473,0,0,2,2,36,0
roster,9,42,1,pvp,836,0,0,2,0,2965916,0,0,17662,17,151,16,2,2,1,45416,0,0,2,2,15,0
roster,9,43,0,ghost,835,0,1,0,2,2887860,0,0,3913,17,148,16,3,3,2,65031,0,0,2,2,0,15
roster,9,43,1,pvp,657,0,0,4,0,2709679,0,0,0,17,89,14,3,3,5,216188,0,0,2,2,21,0
roster,9,44,0,pvp,661,0,0,3,0,2837568,0,0,0,17,84,15,3,3,1,176703,0,0,2,2,24,0
roster,9,45,0,neutral,618,0,0,3,0,3241051,0,0,0,8,156,10,2,2,1,58227,0,0,2,0,15,0
roster,9,45,1,neutral,775,0,0,2,0,3343800,0,0,0,8,134,11,1,1,1,30545,0,0,2,0,15,0
roster,10,1,0,neutral,73,0,0,4,0,22556,0,0,0,18,73,1,0,0,0,0,0,0,1,0,5,0
roster,10,1,1,neutral,40,0,0,4,0,21000,0,0,0,17,40,1,2,1,1,16000,0,0,2,0,4,0
roster,10,1,2,neutral,40,0,0,4,0,21000,0,0,0,17,40,1,1,1,1,12182,1,0,1,0,6,0
roster,10,1,3,neutral,56,0,0,4,0,22826,0,0,0,17,56,1,1,1,0,3364,0,0,2,0,4,0
roster,10,1,4,neutral,64,0,0,3,0,22909,0,0,0,18,64,1,0,0,0,0,0,0,1,0,7,0
roster,10,1,5,neutral,49,0,0,4,0,21000,0,0,0,17,49,1,2,1,1,17136,0,0,2,0,5,0
roster,10,1,6,neutral,40,0,0,4,0,21000,0,0,0,17,40,1,1,1,1,16000,0,0,1,0,5,0
roster,10,1,7,neutral,64,0,0,4,0,22909,0,0,0,24,64,1,0,0,0,0,0,0,2,0,5,0
roster,10,2,0,neutral,131,0,0,4,0,50926,0,0,0,17,73,2,1,0,0,0,0,0,1,0,5,0
roster,10,2,1,neutral,84,0,0,4,0,44418,0,0,0,17,40,2,1,1,1,21000,0,0,1,0,10,0
roster,10,2,2,neutral,94,0,0,4,0,45999,6999,1,0,17,56,2,1,1,1,9109,1,0,2,0,7,0
roster,10,2,3,neutral,72,0,0,4,0,41435,0,0,0,17,60,2,1,1,1,18000,0,0,1,0,8,0
roster,10,2,4,neutral,101,0,0,4,0,45222,0,0,0,17,40,2,1,1,0,14127,0,0,1,0,7,0
roster,10,2,5,neutral,88,0,0,4,0,45222,0,0,0,17,72,2,1,1,1,18000,0,0,2,0,8,0
roster,10,2,6,neutral,72,0,0,4,0,43148,0,0,0,17,64,2,1,1,1,18000,0,0,2,0,6,0
roster,10,2,7,neutral,106,0,0,4,0,48544,0,0,0,18,64,2,0,0,0,0,0,0,1,0,6,0
roster,10,3,0,neutral,95,0,0,5,0,75362,0,0,0,17,40,3,2,2,1,31263,0,0,2,0,12,0
roster,10,3,1,neutral,158,0,0,5,0,84223,0,0,0,17,73,3,1,0,0,0,0,0,1,0,13,0
roster,10,3,2,neutral,106,0,0,5,0,81696,10500,0,0,17,60,3,1,1,0,18000,1,0,1,0,15,0
roster,10,3,3,neutral,111,0,0,5,0,78982,0,0,0,17,60,3,1,1,0,17136,0,0,2,0,13,0
roster,10,3,4,neutral,131,0,0,5,0,83484,0,0,730,17,60,3,1,1,1,18909,0,0,1,0,12,0
roster,10,3,5,neutral,88,0,0,5,0,82652,0,0,0,17,77,3,1,1,1,18000,0,0,2,0,11,0
roster,10,3,6,neutral,137,0,0,5,0,83148,0,0,0,17,72,3,1,1,1,10000,0,0,2,0,13,0
roster,10,3,7,neutral,150,0,0,5,0,82355,0,0,0,17,49,3,1,1,0,15364,0,0,1,0,9,0
roster,10,4,0,pvp,363,0,1,0,4,760829,72544,956,0,17,158,6,3,3,1,65391,0,2,2,2,0,13
roster,10,4,1,pvp,422,0,0,4,0,752446,0,0,3913,17,97,6,2,2,1,85705,0,0,1,1,12,0
roster,10,4,2,pvp,310,0,0,4,0,741038,0,0,0,17,95,6,3,3,1,70642,0,0,2,2,14,0
roster,10,4,3,pvp,423,0,1,0,3,890713,0,0,0,17,232,7,2,2,1,99254,0,0,1,1,0,9
roster,10,5,0,neutral,200,0,0,5,0,322293,0,0,0,8,107,3,1,1,1,52500,0,0,1,0,18,0
roster,10,5,1,neutral,211,0,0,5,0,325924,0,0,0,8,93,3,1,1,0,55364,0,0,1,0,15,0
roster,10,5,2,neutral,185,0,0,5,0,332173,0,0,0,8,95,3,1,1,0,30545,2,0,2,0,16,0
roster,10,5,3,neutral,200,0,0,5,0,317394,0,0,0,17,72,3,1,1,1,3110,0,0,1,0,18,0
roster,10,5,4,neutral,246,0,0,5,0,341480,0,0,0,8,83,3,0,0,0,0,0,0,2,0,15,0
roster,10,5,5,neutral,243,0,0,4,0,349566,0,0,0,8,139,4,1,1,1,30545,0,0,2,0,10,0
roster,10,5,6,neutral,254,0,0,5,0,350738,0,0,0,8,152,3,1,1,0,31795,0,0,1,0,18,0
roster,10,5,7,neutral,217,0,0,5,0,360870,0,0,0,8,126,3,0,0,0,0,0,0,1,0,14,0
roster,10,6,0,pvp,463,0,1,0,4,926172,0,0,0,17,128,6,2,1,0,76695,0,0,1,1,0,19
roster,10,6,1,pvp,503,0,0,3,0,956359,0,0,3914,17,102,7,1,1,0,65840,0,0,1,2,9,0
roster,10,6,2,pvp,419,0,1,0,2,991732,28000,0,0,17,120,8,2,2,0,73309,2,0,2,1,0,6
roster,10,6,3,pvp,378,0,1,0,3,877127,0,0,0,17,108,7,2,2,1,72367,0,0,2,1,0,15
roster,10,7,0,pvp,375,0,1,0,3,1080376,0,0,0,17,118,7,2,2,1,98725,0,0,1,1,0,15
roster,10,7,1,pvp,506,0,1,0,2,1193515,44000,0,0,17,89,8,2,2,2,80513,1,0,1,1,0,6
roster,10,7,2,pvp,517,0,0,3,0,1305462,0,0,0,17,112,7,2,2,1,100528,0,0,2,1,15,0
roster,10,7,3,pvp,577,0,0,1,0,1099604,7000,0,0,17,100,9,2,1,0,47106,0,1,2,2,3,0
roster,10,8,0,pvp,427,0,0,4,0,1088149,0,0,0,17,141,6,1,1,0,61445,0,0,1,1,15,0
roster,10,8,1,pvp,531,0,0,3,0,1189510,0,0,0,17,177,7,2,2,1,79704,0,0,1,2,18,0
roster,10,8,2,pvp,381,0,0,4,0,1017531,44000,0,0,17,82,6,2,2,0,80990,1,0,2,2,21,0
roster,10,8,3,pvp,630,0,0,1,0,1277961,0,0,18876,17,111,9,2,2,0,51773,0,0,1,1,9,0
roster,10,9,0,pvp,504,0,1,0,2,1401605,0,0,0,17,120,10,2,2,1,103173,0,0,1,3,0,15
roster,10,9,1,pvp,455,0,0,2,0,1477689,0,0,0,17,94,10,2,2,0,76695,0,0,1,2,12,0
roster,10,9,2,pvp,446,0,1,0,4,1352468,75500,0,0,17,113,8,2,2,2,78924,2,0,2,2,0,12
roster,10,9,3,pvp,546,0,1,0,3,1386479,0,0,23948,17,121,9,1,1,1,70389,0,0,2,1,0,15
roster,10,10,0,neutral,230,0,0,6,0,454764,0,0,0,8,104,3,1,1,1,19407,0,0,1,0,27,0
roster,10,10,1,neutral,195,0,0,6,0,453355,0,0,0,8,121,3,2,1,0,49637,0,0,2,0,27,0
roster,10,10,2,neutral,209,0,0,6,0,478676,0,0,0,8,85,3,1,1,1,30545,2,0,2,0,35,0
roster,10,10,3,neutral,210,0,0,6,0,455669,0,0,0,8,95,3,1,1,1,55364,0,0,2,0,24,0
roster,10,10,4,neutral,269,0,0,6,0,460302,0,0,0,8,178,3,0,0,0,0,0,0,2,0,21,0
roster,10,10,5,neutral,180,0,0,6,0,443631,0,0,0,8,81,3,1,1,1,30545,0,0,2,0,30,0
roster,10,10,6,neutral,204,0,0,6,0,488218,0,0,0,8,131,3,1,1,1,17574,0,0,2,0,27,0
roster,10,10,7,neutral,194,0,0,6,0,468634,0,0,0,8,126,3,1,1,2,55364,0,0,2,0,30,0
roster,10,11,0,pvp,593,0,1,0,1,1617122,0,0,0,17,85,11,2,2,0,51101,0,0,1,2,0,9
roster,10,11,1,pvp,363,0,0,4,0,1342492,0,0,0,17,131,8,3,3,3,146290,0,0,2,2,18,0
roster,10,11,2,pvp,415,0,0,4,0,1275502,77000,0,0,17,95,8,1,1,1,67667,1,0,2,2,30,0
roster,10,11,3,pvp,368,0,0,5,0,1215562,0,0,0,17,110,7,2,2,2,71733,0,0,2,2,18,0
roster,10,12,0,pvp,414,0,0,3,0,1395004,0,0,6720,17,162,9,2,2,0,80684,0,0,2,2,15,0
roster,10,12,1,pvp,478,0,1,0,2,1581724,38500,0,0,17,117,10,3,1,0,29217,0,1,2,2,0,24
roster,10,12,2,pvp,435,0,0,4,0,1406607,0,0,0,17,186,8,2,2,1,91089,0,0,2,2,15,0
roster,10,12,3,pvp,546,0,1,0,1,1645626,0,0,0,17,89,11,2,2,2,125323,0,0,2,2,0,3
roster,10,13,0,pvp,697,0,0,2,0,1620231,0,0,1972,17,145,10,1,1,1,42778,0,0,2,2,6,0
roster,10,13,1,pvp,453,0,1,0,3,1480673,0,0,0,17,125,9,3,3,4,136339,0,0,2,2,0,15
roster,10,13,2,pvp,415,0,0,3,0,1378643,77000,0,8727,18,91,9,2,2,2,80584,1,0,2,2,27,0
roster,10,13,3,pvp,414,0,0,3,0,1390922,0,0,0,17,138,9,3,3,2,149079,0,0,2,2,9,0
roster,10,14,0,pvp,406,0,1,0,5,1310491,0,0,0,17,138,7,3,3,2,112654,0,0,2,2,0,18
roster,10,14,1,pvp,370,0,0,5,0,1258911,0,0,0,17,97,7,3,3,3,121737,0,0,2,2,24,0
roster,10,14,2,pvp,436,0,0,3,0,1414327,154000,0,0,17,85,9,2,2,1,51367,1,0,2,2,27,0
roster,10,14,3,pvp,377,0,1,0,5,1399524,0,0,0,17,133,7,1,1,1,47374,0,0,2,2,0,27
roster,10,15,0,neutral,278,0,0,6,0,624669,0,0,0,8,171,3,1,1,1,58227,0,0,2,0,27,0
roster,10,15,1,neutral,209,0,0,6,0,601336,0,0,0,8,142,3,2,2,0,55363,0,0,2,0,27,0
roster,10,15,2,neutral,187,0,0,5,0,594000,0,0,0,8,99,4,1,1,0,27682,1,0,2,0,33,0
roster,10,15,3,neutral,225,0,0,6,0,572446,0,0,0,8,88,3,2,2,2,63718,0,0,2,0,27,0
roster,10,15,4,neutral,271,0,0,6,0,614353,0,0,0,8,117,3,0,0,0,0,0,0,2,0,21,0
roster,10,15,5,neutral,199,0,0,6,0,576335,0,0,0,8,122,3,1,1,1,30545,0,0,2,0,30,0
roster,10,15,6,neutral,248,0,0,5,0,632426,0,0,0,8,128,4,1,1,2,37725,0,0,2,0,21,0
roster,10,15,7,neutral,224,0,0,6,0,595224,0,0,0,8,113,3,1,1,0,30545,0,0,2,0,30,0
roster,10,16,0,pvp,546,0,1,0,3,1515689,0,0,0,17,125,9,2,2,2,110367,0,0,2,2,0,9
roster,10,16,1,pvp,474,0,0,3,0,1514495,0,0,0,17,156,9,2,2,1,59731,0,0,2,2,12,0
roster,10,16,2,pvp,446,0,1,0,4,1670848,60500,0,0,17,99,8,3,3,1,148110,1,0,2,2,0,12
roster,10,16,3,pvp,379,0,0,4,0,1295308,0,0,0,17,133,8,2,2,1,47445,0,0,2,2,21,0
roster,10,17,0,pvp,424,0,1,0,3,1527034,0,0,0,17,131,9,2,2,1,110245,0,0,2,2,0,15
roster,10,17,1,pvp,427,0,1,0,3,1380654,22000,0,0,17,89,9,3,3,0,108651,0,1,2,2,0,27
roster,10,17,2,pvp,450,0,0,3,0,1476812,0,0,0,17,138,10,3,3,3,154230,0,0,2,2,15,0
roster,10,17,3,pvp,349,0,1,0,6,1241522,0,0,10813,17,104,7,2,2,2,105912,0,0,2,2,0,30
roster,10,18,0,pvp,614,0,0,2,0,1663166,0,0,5987,17,125,11,3,3,2,91001,0,0,2,2,12,0
roster,10,18,1,pvp,413,0,1,0,3,1677360,0,0,0,17,121,11,4,4,2,107062,0,0,2,2,0,12
roster,10,18,2,pvp,597,0,0,1,0,1957679,165000,0,0,17,113,12,2,2,2,141524,1,0,2,2,3,0
roster,10,18,3,pvp,501,0,1,0,6,1538915,0,0,1972,18,113,8,1,1,2,70439,0,0,2,2,0,24
roster,10,19,0,pvp,425,0,1,0,4,1793526,122373,4127,15709,8,103,10,2,2,1,47445,0,1,2,2,0,30
roster,10,19,1,pvp,417,0,0,2,0,1674411,0,0,0,17,156,12,3,3,1,150262,0,0,2,2,12,0
roster,10,19,2,pvp,722,0,1,0,2,1916788,0,0,3913,17,144,12,2,2,1,55434,0,0,2,2,0,6
roster,10,19,3,pvp,504,0,1,0,4,1682316,0,0,7044,17,89,10,3,2,2,89879,0,0,2,2,0,24
roster,10,20,0,neutral,249,0,0,6,0,777076,0,0,0,8,160,4,1,1,0,30545,0,0,2,0,27,0
roster,10,20,1,neutral,258,0,0,6,0,752130,0,0,0,8,126,4,2,2,1,61090,0,0,2,0,27,0
roster,10,20,2,neutral,218,0,0,7,0,753092,16500,0,0,8,145,3,1,1,2,55363,1,0,2,0,39,0
roster,10,20,3,neutral,223,0,0,7,0,715890,0,0,0,8,112,3,2,2,0,80182,0,0,2,0,30,0
roster,10,20,4,neutral,272,0,0,7,0,736106,0,0,0,8,121,3,0,0,0,0,0,0,2,0,30,0
roster,10,20,5,neutral,228,0,0,7,0,731386,0,0,0,8,161,3,1,1,0,27682,0,0,2,0,39,0
roster,10,20,6,neutral,274,0,0,6,0,760520,0,0,0,8,137,4,1,1,1,27682,0,0,2,0,24,0
roster,10,20,7,neutral,200,0,0,7,0,721977,0,0,2863,8,95,3,2,2,1,77318,0,0,2,0,39,0
roster,10,21,0,pvp,479,0,1,0,4,1462620,0,0,3522,17,97,10,3,3,2,137429,0,0,2,2,0,21
roster,10,21,1,pvp,522,0,0,4,0,1607287,66000,0,0,17,99,10,1,1,1,68106,1,0,2,2,30,0
roster,10,21,2,pvp,534,0,0,3,0,1828368,0,0,0,17,143,11,4,4,1,130946,0,0,2,2,9,0
roster,10,21,3,pvp,493,0,1,0,3,1756834,0,0,0,17,134,11,2,2,1,61690,0,0,2,2,0,15
roster,10,22,0,pvp,457,0,0,4,0,1672345,0,0,0,17,118,10,1,1,2,79984,0,0,2,2,21,0
roster,10,22,1,pvp,631,0,1,0,2,1886465,0,0,0,17,89,12,4,4,2,172801,0,0,2,2,0,12
roster,10,22,2,pvp,483,0,0,3,0,1695492,88000,0,0,17,85,11,2,2,2,96172,1,0,2,2,24,0
roster,10,22,3,pvp,378,0,0,6,0,1562685,0,0,0,17,129,8,3,3,0,149522,0,0,2,2,24,0
roster,10,23,0,pvp,529,0,1,0,3,1714800,0,0,0,17,82,11,2,2,2,127173,0,0,2,2,0,9
roster,10,23,1,pvp,531,0,0,1,0,1790543,0,0,0,17,114,13,3,3,2,100401,0,0,2,2,3,0
roster,10,23,2,pvp,438,0,0,5,0,1632360,99000,0,0,17,100,9,3,3,1,74329,1,0,2,2,33,0
roster,10,23,3,pvp,433,0,0,6,0,1569375,0,0,0,17,125,8,2,1,0,45112,0,0,2,2,33,0
roster,10,24,0,pvp,440,0,0,2,0,1726861,0,0,0,17,102,12,2,2,1,51773,0,0,2,2,15,0
roster,10,24,1,pvp,424,0,1,0,3,1658940,82500,0,0,17,105,11,3,3,2,156129,0,1,2,2,0,12
roster,10,24,2,pvp,607,0,0,1,0,2304214,0,0,0,17,138,14,4,4,1,126912,0,0,2,2,6,0
roster,10,24,3,pvp,458,0,1,0,4,1538039,0,0,0,18,109,10,1,1,1,31974,0,0,2,2,0,18
roster,10,25,0,neutral,521,0,0,2,0,1930952,0,0,0,8,83,9,1,1,2,77318,0,0,2,0,9,0
roster,10,25,1,neutral,376,0,0,5,0,1718216,0,0,0,8,133,7,2,2,2,55364,0,0,2,0,24,0
roster,10,25,2,neutral,405,0,0,5,0,1819650,22000,0,10434,8,113,7,2,2,1,85908,1,0,2,0,33,0
roster,10,25,3,neutral,374,0,0,7,0,1680748,0,0,0,8,218,5,2,2,4,87631,0,0,2,0,30,0
roster,10,25,4,neutral,535,0,0,5,0,1780841,0,0,0,8,154,6,0,0,0,0,0,0,2,0,18,0
roster,10,25,5,neutral,498,0,0,4,0,1859141,0,0,0,8,100,8,2,2,3,90255,0,0,2,0,24,0
roster,10,25,6,neutral,568,0,0,4,0,1841859,0,0,36519,8,133,7,1,1,2,49637,0,0,2,0,18,0
roster,10,25,7,neutral,395,0,0,6,0,1788478,0,0,0,8,125,6,2,2,2,45729,0,0,2,0,48,0
roster,10,26,0,pvp,338,0,1,0,7,1529815,0,0,0,17,102,8,3,3,2,88744,0,0,2,2,0,30
roster,10,26,1,pvp,542,0,0,3,0,2271910,143000,0,0,17,119,13,4,4,2,143347,1,0,2,2,24,0
roster,10,26,2,pvp,322,0,1,0,6,1442362,0,0,10566,17,113,9,2,2,2,94933,0,0,2,2,0,42
roster,10,26,3,pvp,411,0,1,0,4,1590546,0,0,0,17,111,11,3,3,1,101584,0,0,2,2,0,42
roster,10,27,0,pvp,389,0,1,0,5,1699908,0,0,0,17,119,10,3,3,1,94634,0,0,2,2,0,27
roster,10,27,1,pvp,502,0,0,3,0,2084860,0,0,0,17,104,13,3,3,2,111195,0,0,2,2,15,0
roster,10,27,2,pvp,718,0,0,2,0,2191125,66000,0,0,17,95,14,4,4,3,178208,1,0,2,2,6,0
roster,10,27,3,pvp,387,0,1,0,5,1500803,0,0,21552,17,89,10,2,2,2,98527,0,0,2,2,0,45
roster,10,28,0,ghost,419,0,0,2,0,1897839,0,0,0,17,82,14,3,3,2,115874,0,0,2,2,21,0
roster,10,28,1,pvp,342,0,1,0,5,1647658,77000,0,0,17,69,10,3,3,3,179868,0,1,2,2,0,18
roster,10,28,2,pvp,457,0,1,0,4,1876072,0,0,2970,17,129,12,4,4,1,167085,0,0,2,2,0,21
roster,10,28,3,pvp,585,0,0,3,0,2269580,0,0,7826,17,118,13,3,3,5,146381,0,0,2,2,15,0
roster,10,29,0,ghost,478,0,1,0,3,1937323,0,0,7044,17,104,13,3,3,4,113934,0,0,2,2,0,15
roster,10,29,1,pvp,469,0,1,0,4,1970522,0,0,29410,17,80,12,3,3,2,91474,0,0,2,2,0,42
roster,10,29,2,pvp,458,0,1,0,3,2095235,131152,848,0,17,70,13,4,4,4,225165,1,0,2,2,0,24
roster,10,29,3,pvp,400,0,0,7,0,1762497,0,0,0,17,125,9,3,3,2,107730,0,0,2,2,36,0
roster,10,30,0,neutral,685,0,0,2,0,2406667,0,0,0,8,77,10,1,1,1,27682,0,0,2,0,9,0
roster,10,30,1,neutral,602,0,0,3,0,2168608,0,0,0,8,133,9,2,2,3,129819,0,0,2,0,12,0
roster,10,30,2,neutral,510,0,0,5,0,2082461,96456,2544,0,8,77,7,2,2,0,135545,1,0,2,0,18,0
roster,10,30,3,neutral,501,0,0,5,0,2091426,0,0,0,8,182,7,2,2,1,91635,0,0,2,0,21,0
roster,10,30,4,neutral,493,0,0,4,0,2039125,0,0,0,8,83,8,2,2,0,109089,0,0,2,0,30,0
roster,10,30,5,neutral,612,0,0,3,0,2283692,0,0,29345,8,100,9,1,1,1,49637,0,0,2,0,15,0
roster,10,30,6,neutral,425,0,0,7,0,2014736,0,0,3682,8,142,5,2,2,2,77318,0,0,2,0,51,0
roster,10,31,0,ghost,465,0,1,0,5,2111529,115500,0,0,17,82,11,4,4,5,230504,1,0,2,2,0,21
roster,10,31,1,pvp,478,0,1,0,3,2011455,0,0,0,18,77,13,2,2,4,129978,0,0,2,2,0,15
roster,10,31,2,pvp,447,0,1,0,5,1960022,0,0,0,17,101,11,4,4,4,161987,0,0,2,2,0,27
roster,10,31,3,pvp,499,0,1,0,4,1993589,0,0,0,17,102,12,4,4,2,150212,0,0,2,2,0,42
roster,10,32,0,pvp,437,0,1,0,4,1945007,93500,0,2268,17,88,12,4,3,1,144764,0,1,2,2,0,30
roster,10,32,1,pvp,593,0,0,3,0,2314572,0,0,0,17,116,13,4,4,2,102261,0,0,2,2,15,0
roster,10,32,2,pvp,434,0,0,4,0,1932850,0,0,0,17,109,12,3,3,2,108150,0,0,2,2,33,0
roster,10,33,0,pvp,511,0,1,0,3,1966749,0,0,0,17,118,13,4,4,4,200090,0,0,2,2,0,39
roster,10,33,1,pvp,471,0,0,4,0,1804488,110000,0,0,17,91,12,3,3,2,187082,1,0,2,2,27,0
roster,10,33,2,pvp,492,0,0,3,0,2261147,0,0,0,17,138,14,4,4,2,128339,0,0,2,2,15,0
roster,10,34,0,pvp,455,0,1,0,4,1899287,0,0,0,17,89,13,4,4,4,122517,0,0,2,2,0,27
roster,10,34,1,pvp,540,0,1,0,4,1958735,52609,2391,15104,17,69,12,4,4,3,105103,1,0,2,2,0,42
roster,10,34,2,pvp,475,0,0,5,0,1880265,0,0,3522,17,125,11,3,3,1,75773,0,0,2,2,30,0
roster,10,35,0,neutral,774,0,0,1,0,2660037,0,0,0,8,108,11,2,2,2,58227,0,0,2,0,3,0
roster,10,35,1,neutral,584,0,0,2,0,2539435,44000,0,0,8,58,10,2,2,1,88772,1,0,2,0,21,0
roster,10,35,2,neutral,565,0,0,4,0,2389320,0,0,0,8,161,8,2,2,1,91635,0,0,2,0,15,0
roster,10,35,3,neutral,432,0,0,6,0,2231522,0,0,0,8,83,7,2,2,1,129818,0,0,2,0,42,0
roster,10,35,4,neutral,783,0,1,0,2,2486001,0,0,78264,8,83,10,1,1,2,49637,0,0,2,0,0,0
roster,10,35,5,neutral,592,0,0,4,0,2665305,78000,0,0,8,100,9,2,2,2,61090,0,0,2,0,39,0
roster,10,36,0,pvp,438,0,1,0,5,1928699,0,0,0,17,179,11,4,4,3,201647,0,0,2,2,0,27
roster,10,36,1,pvp,402,0,0,6,0,1879892,121000,0,0,17,91,11,3,3,3,96856,1,0,2,2,36,0
roster,10,36,2,pvp,693,0,1,0,2,2345830,52000,0,0,17,81,16,4,4,4,141757,0,0,2,2,0,12
roster,10,37,0,ghost,512,0,0,4,0,2215288,52000,0,0,17,115,14,4,4,1,150710,0,0,2,2,39,0
roster,10,37,1,pvp,386,0,1,0,6,1935910,0,0,0,17,89,12,3,2,2,106560,0,0,2,2,0,63
roster,10,37,2,pvp,466,0,0,6,0,2423407,196586,6914,0,8,145,12,3,3,2,154658,1,0,2,2,51,0
roster,10,38,0,pvp,677,0,0,4,0,2489644,130500,0,19173,8,116,14,3,3,4,170312,1,0,2,2,33,0
roster,10,38,1,pvp,446,0,1,0,5,2328542,0,0,0,17,113,13,3,3,1,72644,0,0,2,2,0,51
roster,10,39,0,pvp,546,0,0,5,0,2525664,97755,1245,0,8,99,13,2,2,1,76862,1,0,2,2,33,0
roster,10,39,1,pvp,519,0,0,6,0,2492295,78000,0,0,17,104,12,4,4,2,148828,0,0,2,2,33,0
roster,10,40,0,neutral,900,1,0,1,2,3120290,66000,0,0,8,75,10,1,1,0,27682,1,0,2,0,9,0
roster,10,40,1,neutral,569,0,0,3,0,2790925,0,0,0,8,164,10,2,2,2,61090,0,0,2,0,15,0
roster,10,40,2,neutral,561,0,0,5,0,2556394,0,0,0,8,75,8,1,1,0,30545,0,0,2,0,45,0
roster,10,40,3,neutral,535,0,0,5,0,2539426,52000,0,4500,8,115,8,2,2,3,105000,0,0,2,0,42,0
roster,10,41,0,pvp,589,0,1,0,2,2705219,121000,0,0,8,99,16,3,3,2,151533,1,0,2,2,0,18
roster,10,41,1,pvp,578,0,0,5,0,2357692,52000,0,0,17,88,13,3,3,3,90475,0,0,2,2,45,0
roster,10,42,0,ghost,701,0,1,0,1,2629661,0,0,0,17,91,17,3,3,3,124819,0,0,2,2,0,18
roster,10,42,1,pvp,745,0,1,0,2,2996595,176000,0,0,8,115,16,2,2,1,68873,1,0,2,2,0,30
roster,10,43,0,ghost,516,0,0,5,0,2460983,169667,833,0,8,99,13,3,3,2,111433,1,0,2,2,33,0
roster,10,43,1,pvp,510,0,1,0,5,2374612,0,0,0,17,85,13,3,3,0,132831,0,0,2,2,0,45
roster,10,44,0,ghost,787,0,0,2,0,2903904,198000,0,0,8,99,16,2,2,1,71961,0,1,2,2,24,0
roster,10,44,1,pvp,458,0,0,7,0,2401886,295637,6863,7043,8,117,11,3,3,1,107296,1,0,2,2,54,0
roster,10,45,0,neutral,900,1,1,1,2,3346543,165000,0,0,8,58,11,2,2,1,55363,1,0,2,0,6,0
roster,10,45,1,neutral,688,0,0,3,0,3007275,0,0,0,8,164,10,2,2,3,129818,0,0,2,0,9,0
roster,10,45,2,neutral,699,0,0,3,0,3062118,0,0,0,8,73,10,1,1,2,80181,0,0,2,0,33,0
roster,11,1,0,neutral,56,0,0,4,0,22909,0,0,0,17,56,1,1,1,1,9546,0,0,1,0,4,0
roster,11,1,1,neutral,60,0,0,4,0,21000,0,0,0,18,60,1,0,0,0,0,0,0,2,0,5,0
roster,11,1,2,neutral,60,0,0,4,0,21000,0,0,0,18,60,1,0,0,0,0,0,0,2,0,6,0
roster,11,1,3,neutral,56,0,0,3,0,21000,0,0,0,17,56,1,1,1,0,13364,0,0,1,0,5,0
roster,11,1,4,neutral,56,0,0,4,0,22909,0,0,0,17,56,1,1,1,1,7182,0,0,1,0,4,0
roster,11,1,5,neutral,56,0,0,3,0,21000,0,0,0,17,56,1,1,1,0,13364,0,0,1,0,5,0
roster,11,1,6,neutral,77,0,0,3,0,24818,1909,1591,0,24,77,1,0,0,0,0,1,0,2,0,6,0
roster,11,1,7,neutral,64,0,0,4,0,22909,0,0,0,18,64,1,0,0,0,0,0,0,1,0,5,0
roster,11,2,0,neutral,106,0,0,4,0,47296,0,0,0,17,49,2,2,2,2,22500,0,0,2,0,4,0
roster,11,2,1,neutral,142,0,0,4,0,49385,0,0,0,18,84,2,0,0,0,0,0,0,2,0,7,0
roster,11,2,2,neutral,156,0,0,4,0,53000,0,0,0,18,73,2,0,0,0,0,0,0,2,0,4,0
roster,11,2,3,neutral,113,0,0,4,0,47296,0,0,0,17,56,2,1,1,1,14182,0,0,1,0,8,0
roster,11,2,4,neutral,122,0,0,4,0,48544,6999,1,0,17,72,2,1,1,1,12182,1,0,1,0,7,0
roster,11,2,5,neutral,72,0,0,4,0,43148,0,0,0,17,49,2,2,2,2,35136,0,0,2,0,8,0
roster,11,2,6,neutral,113,0,0,4,0,48740,0,0,0,17,56,2,1,1,0,16000,0,0,2,0,4,0
roster,11,2,7,neutral,171,0,0,4,0,51444,3500,0,0,18,89,2,0,0,0,0,1,0,2,0,7,0
roster,11,3,0,neutral,113,0,0,5,0,79401,0,0,730,17,40,3,1,1,1,19927,0,0,2,0,11,0
roster,11,3,1,neutral,200,0,0,5,0,86029,0,0,0,18,83,3,0,0,0,0,0,0,2,0,10,0
roster,11,3,2,neutral,133,0,0,5,0,84704,14000,0,0,18,55,3,0,0,0,0,1,0,2,0,10,0
roster,11,3,3,neutral,113,0,0,5,0,76629,0,0,0,17,49,3,2,2,2,38136,0,0,2,0,11,0
roster,11,3,4,neutral,189,0,0,5,0,85835,13417,583,0,18,77,3,0,0,0,0,1,0,1,0,10,0
roster,11,3,5,neutral,184,0,0,5,0,90185,0,0,0,17,94,3,2,0,0,0,0,0,2,0,10,0
roster,11,3,6,neutral,161,0,0,5,0,82333,0,0,0,17,49,3,1,1,1,28364,0,0,2,0,6,0
roster,11,3,7,neutral,138,0,0,5,0,84543,14998,2502,0,18,60,3,0,0,0,0,2,0,2,0,11,0
roster,11,4,0,pvp,379,0,0,3,0,831223,55000,0,0,17,85,7,2,2,3,73450,0,1,2,2,8,0
roster,11,4,1,pvp,380,0,1,0,4,761697,38500,0,10174,17,151,6,1,1,1,36286,0,1,2,1,0,10
roster,11,4,2,pvp,520,0,0,5,0,770547,154576,3424,3913,18,182,5,0,0,0,0,1,2,1,2,13,0
roster,11,4,3,pvp,294,0,0,5,0,665451,0,0,0,17,69,5,3,2,2,71589,0,0,2,1,13,0
roster,11,5,0,neutral,235,0,0,5,0,334455,0,0,1565,8,113,3,1,1,0,34191,0,0,1,0,14,0
roster,11,5,1,neutral,298,0,0,5,0,375180,0,0,0,8,150,3,0,0,0,0,0,0,2,0,19,0
roster,11,5,2,neutral,181,0,0,5,0,315924,0,0,0,8,74,3,1,1,1,52129,1,0,1,0,14,0
roster,11,5,3,neutral,223,0,0,5,0,332464,0,0,0,8,101,3,2,2,2,61090,0,0,2,0,13,0
roster,11,5,4,neutral,213,0,0,4,0,344000,14000,0,0,8,88,4,1,1,2,31744,1,0,1,0,11,0
roster,11,5,5,neutral,194,0,0,5,0,305924,0,0,0,8,65,3,2,2,1,116454,0,0,2,0,15,0
roster,11,5,6,neutral,321,0,0,4,0,363307,0,0,1565,8,153,4,1,1,0,15364,0,0,2,0,14,0
roster,11,5,7,neutral,183,0,0,5,0,344196,38365,135,0,8,77,3,1,1,0,18909,1,0,1,0,19,0
roster,11,6,0,pvp,900,1,1,1,1,1297036,0,0,16458,17,155,8,1,1,1,42778,0,0,1,2,9,3
roster,11,6,1,pvp,576,0,0,3,0,952453,41065,935,0,17,169,7,1,1,0,23576,1,0,1,2,8,0
roster,11,6,2,pvp,443,0,0,4,0,1026682,66000,0,0,17,102,6,3,3,2,127357,0,1,2,1,15,0
roster,11,6,3,pvp,419,0,1,0,3,1016977,77000,0,7827,17,101,7,3,2,1,84989,1,0,1,2,0,9
roster,11,7,0,pvp,500,0,0,4,0,1007472,0,0,20558,17,131,6,1,1,0,70034,0,0,1,2,21,0
roster,11,7,1,pvp,632,0,1,0,3,1285477,88000,0,0,17,184,7,1,1,2,42677,0,1,1,1,0,12
roster,11,7,2,pvp,518,0,1,0,2,1286125,0,0,8765,17,155,8,4,4,4,165186,0,0,2,2,0,6
roster,11,7,3,pvp,481,0,0,3,0,1173347,142152,848,0,17,134,7,2,2,0,93193,1,1,1,1,15,0
roster,11,8,0,pvp,840,0,1,0,2,1423438,71500,0,7315,17,133,8,3,2,1,75871,0,1,2,2,0,9
roster,11,8,1,pvp,605,0,1,0,2,1299525,0,0,10174,17,182,8,2,2,2,168117,0,0,1,2,0,9
roster,11,8,2,pvp,394,0,1,0,3,1103487,16500,0,8400,17,157,7,2,2,2,100631,1,0,1,2,0,15
roster,11,8,3,pvp,398,0,0,4,0,1096716,60500,0,0,8,94,6,2,2,1,64114,0,1,1,1,21,0
roster,11,9,0,pvp,900,1,1,1,3,1533273,203500,0,7888,17,128,8,2,2,2,92747,0,1,2,1,9,12
roster,11,9,1,pvp,651,0,1,0,3,1506453,88000,0,0,17,118,9,1,1,3,84736,0,1,1,1,0,9
roster,11,9,2,pvp,559,0,0,3,0,1465713,82500,0,14995,17,102,9,4,4,5,199300,0,1,2,2,12,0
roster,11,9,3,pvp,347,0,0,5,0,1263262,0,0,0,17,85,7,2,2,1,99497,0,0,2,1,21,0
roster,11,10,0,neutral,233,0,0,6,0,467897,0,0,1452,8,139,3,1,1,1,58227,0,0,2,0,27,0
roster,11,10,1,neutral,217,0,0,6,0,463599,0,0,0,8,169,3,0,0,0,0,0,0,1,0,27,0
roster,11,10,2,neutral,210,0,0,6,0,464927,0,0,0,8,89,3,1,1,1,36192,1,0,1,0,24,0
roster,11,10,3,neutral,249,0,0,6,0,469560,0,0,0,8,133,3,2,2,2,58227,0,0,2,0,24,0
roster,11,10,4,neutral,165,0,0,6,0,456394,0,0,0,8,76,3,2,2,1,58227,1,0,2,0,24,0
roster,11,10,5,neutral,180,0,0,6,0,429743,0,0,0,8,101,3,1,1,1,48000,0,0,2,0,33,0
roster,11,10,6,neutral,204,0,0,6,0,465030,0,0,0,8,95,3,1,1,1,30545,0,0,1,0,30,0
roster,11,10,7,neutral,206,0,0,6,0,491660,49724,5276,0,8,84,3,1,0,0,0,1,0,2,0,24,0
roster,11,11,0,pvp,439,0,1,0,6,1475988,0,0,0,17,99,6,2,2,2,94608,0,0,2,2,0,39
roster,11,11,1,pvp,569,0,0,3,0,1507603,0,0,20506,17,135,9,2,2,2,67093,0,0,1,2,15,0
roster,11,11,2,pvp,539,0,0,4,0,1623667,285818,1182,0,17,102,8,2,2,4,120146,1,1,1,2,18,0
roster,11,11,3,pvp,502,0,0,5,0,1384870,128543,3457,0,17,106,7,2,2,2,71589,2,0,2,1,21,0
roster,11,12,0,pvp,823,0,0,2,0,1740435,0,0,0,17,163,10,3,3,3,85856,0,0,2,2,15,0
roster,11,12,1,pvp,537,0,0,3,0,1379394,0,0,5087,8,128,9,1,1,1,21677,0,0,1,1,9,0
roster,11,12,2,pvp,761,0,1,0,2,1759675,318500,0,0,17,143,10,2,2,1,60252,1,2,1,2,0,12
roster,11,12,3,pvp,296,0,0,6,0,1291441,82500,0,0,17,90,6,2,2,1,56209,0,1,2,2,39,0
roster,11,13,0,pvp,362,0,1,0,6,1340235,0,0,0,17,121,6,3,2,2,135088,0,0,2,2,0,39
roster,11,13,1,pvp,581,0,0,3,0,1781722,276196,9804,0,17,172,9,1,1,0,19645,0,2,1,2,18,0
roster,11,13,2,pvp,576,0,1,0,2,1721845,211500,0,0,17,153,10,3,3,3,145567,1,0,1,2,0,6
roster,11,13,3,pvp,627,0,0,4,0,1474087,66000,0,1972,8,118,8,2,2,1,113768,0,1,1,2,18,0
roster,11,14,0,pvp,509,0,0,3,0,1606960,137500,0,0,17,187,9,2,2,0,97916,0,2,2,2,15,0
roster,11,14,1,pvp,556,0,0,4,0,1332792,116500,0,0,17,170,8,1,1,0,35226,0,1,1,1,21,0
roster,11,14,2,pvp,529,0,0,3,0,1535912,99000,0,2583,17,185,9,3,3,1,120118,0,1,2,2,12,0
roster,11,14,3,pvp,240,0,0,6,0,1189748,0,0,0,8,67,6,4,4,1,162236,0,0,3,1,39,0
roster,11,15,0,neutral,281,0,0,6,0,619560,0,0,1742,8,165,3,1,1,1,58227,0,0,2,0,27,0
roster,11,15,1,neutral,216,0,0,6,0,597676,0,0,0,8,131,3,0,0,0,0,0,0,1,0,33,0
roster,11,15,2,neutral,270,0,0,6,0,595225,26000,0,0,8,109,3,1,1,1,27682,1,0,1,0,24,0
roster,11,15,3,neutral,198,0,0,6,0,593003,0,0,0,8,109,3,2,2,2,77319,0,0,2,0,21,0
roster,11,15,4,neutral,288,0,0,5,0,638000,44000,0,0,8,138,4,1,1,0,27682,2,0,2,0,21,0
roster,11,15,5,neutral,167,0,0,6,0,534560,0,0,4696,8,67,3,3,3,2,109090,0,0,3,0,39,0
roster,11,15,6,neutral,223,0,0,6,0,611602,0,0,0,8,130,3,1,1,1,30545,0,0,1,0,27,0
roster,11,15,7,neutral,246,0,0,6,0,621903,77000,0,7365,8,137,3,1,1,1,52500,1,0,2,0,24,0
roster,11,16,0,pvp,700,0,0,4,0,1601434,164500,0,0,17,139,8,2,2,2,92311,0,1,2,1,21,0
roster,11,16,1,pvp,444,0,0,5,0,1404248,137500,0,5087,17,88,7,1,1,1,29217,0,1,1,2,24,0
roster,11,16,2,pvp,427,0,0,3,0,1389280,0,0,0,17,104,9,3,3,2,139018,0,0,2,1,12,0
roster,11,16,3,pvp,278,0,1,0,6,1202732,94600,0,0,17,105,6,4,4,3,160429,2,0,2,3,0,39
roster,11,17,0,pvp,900,1,0,1,1,1760405,0,0,0,17,174,10,1,1,0,58434,0,0,2,1,9,3
roster,11,17,1,pvp,604,0,0,2,0,1574269,133000,0,3572,17,104,10,2,2,3,96155,1,0,1,1,9,0
roster,11,17,2,pvp,663,0,1,0,3,1577623,210436,12864,0,17,167,9,3,3,1,93334,0,2,2,2,0,18
roster,11,17,3,pvp,262,0,0,6,0,1223381,27500,0,3913,17,73,6,3,3,4,142879,0,1,2,2,45,0
roster,11,18,0,pvp,659,0,0,3,0,1560980,22000,0,0,17,160,9,2,2,3,124689,0,1,2,2,15,0
roster,11,18,1,pvp,250,0,1,0,6,1254385,0,0,0,17,85,6,2,2,3,140655,0,0,1,2,0,45
roster,11,18,2,pvp,622,0,1,0,3,1681427,235000,4000,0,17,211,9,3,3,2,142702,1,0,1,2,0,9
roster,11,18,3,pvp,385,0,0,7,0,1320663,211401,9974,0,17,103,6,3,3,3,142897,2,0,2,1,30,0
roster,11,19,0,pvp,577,0,0,4,0,1722003,52000,0,8348,17,108,10,2,2,2,46566,0,0,2,1,27,0
roster,11,19,1,pvp,701,0,1,0,2,2107982,313453,5272,0,17,164,12,2,2,1,41322,0,2,2,2,0,12
roster,11,19,2,pvp,512,0,0,5,0,1610330,247337,2663,0,17,120,9,2,1,2,69185,1,1,2,2,21,0
roster,11,19,3,pvp,312,0,1,0,7,1447357,0,0,0,17,102,7,4,3,2,175328,0,0,2,2,0,48
roster,11,20,0,neutral,269,0,0,7,0,738894,26000,0,0,8,162,3,1,1,0,27682,0,0,2,0,39,0
roster,11,20,1,neutral,271,0,0,7,0,764252,0,0,0,8,179,3,0,0,0,0,0,0,2,0,36,0
roster,11,20,2,neutral,258,0,0,7,0,738908,26000,0,0,8,109,3,1,1,1,49637,1,0,2,0,27,0
roster,11,20,3,neutral,232,0,0,7,0,713298,0,0,0,8,151,3,2,2,1,93546,0,0,2,0,30,0
roster,11,20,4,neutral,237,0,0,7,0,733390,25300,0,0,8,106,3,2,2,3,90673,2,0,2,0,30,0
roster,11,20,5,neutral,177,0,0,7,0,656132,0,0,5478,8,67,3,2,2,2,106336,0,0,2,0,48,0
roster,11,20,6,neutral,288,0,0,6,0,768300,0,0,16434,8,166,4,1,1,1,61090,0,0,1,0,30,0
roster,11,20,7,neutral,247,0,0,7,0,770794,77000,0,2863,8,151,3,1,1,1,27682,1,0,2,0,27,0
roster,11,21,0,pvp,471,0,0,5,0,1633282,52000,0,3913,17,156,9,3,3,4,105000,0,0,2,2,24,0
roster,11,21,1,pvp,507,0,1,0,4,1797019,0,0,7826,8,142,10,1,1,1,71723,0,0,2,1,0,21
roster,11,21,2,pvp,269,0,1,0,7,1410623,92000,0,0,17,75,7,3,3,1,124780,1,0,2,2,0,48
roster,11,21,3,pvp,452,0,0,6,0,1719423,182156,6769,3944,17,172,8,2,2,0,74337,2,1,2,2,36,0
roster,11,22,0,pvp,547,0,0,5,0,1895534,182500,0,0,17,156,9,2,2,1,71384,0,1,2,2,30,0
roster,11,22,1,pvp,497,0,0,4,0,1686274,172864,136,0,17,138,10,1,1,1,40645,0,1,2,2,18,0
roster,11,22,2,pvp,725,0,0,1,0,1997962,0,0,0,17,69,13,3,3,3,145592,0,0,2,1,3,0
roster,11,22,3,pvp,474,0,1,0,4,2157774,163075,0,5040,17,153,10,3,3,2,259054,2,0,2,2,0,30
roster,11,23,0,pvp,383,0,1,0,6,1817247,26000,0,0,17,87,8,3,3,2,152776,0,0,2,2,0,42
roster,11,23,1,pvp,587,0,1,0,5,1895008,293212,4613,0,17,164,9,1,1,0,34065,0,2,2,2,0,30
roster,11,23,2,pvp,456,0,1,0,5,1653520,162000,0,0,17,111,9,3,3,0,112588,1,0,2,2,0,24
roster,11,23,3,pvp,546,0,0,4,0,1873446,150100,3900,8100,17,107,10,3,3,2,186092,0,1,2,2,15,0
roster,11,24,0,pvp,474,0,0,6,0,1729376,52000,0,3913,17,218,8,3,3,2,133395,0,0,2,2,36,0
roster,11,24,1,pvp,570,0,0,3,0,1704455,33000,0,3913,17,112,11,1,1,1,55798,0,1,2,2,12,0
roster,11,24,2,pvp,324,0,1,0,6,1465160,64500,0,0,17,152,8,3,3,2,153534,1,0,2,2,0,42
roster,11,24,3,pvp,492,0,0,6,0,1630452,193793,5857,0,17,125,8,3,3,3,208449,2,0,2,2,36,0
roster,11,25,0,neutral,554,0,0,5,0,1844814,78000,0,0,8,123,6,1,1,1,52500,0,0,2,0,30,0
roster,11,25,1,neutral,502,0,0,5,0,1746907,0,0,41736,8,164,6,0,0,0,0,0,0,2,0,18,0
roster,11,25,2,neutral,512,0,0,5,0,1871048,182500,0,0,8,121,6,1,1,2,83045,1,0,2,0,21,0
roster,11,25,3,neutral,485,0,0,4,0,1920392,0,0,3130,8,148,7,2,2,2,102137,0,0,2,0,21,0
roster,11,25,4,neutral,426,0,0,5,0,1667840,63800,0,0,8,137,6,1,1,1,82500,2,0,2,0,36,0
roster,11,25,5,neutral,338,0,0,6,0,1650141,0,0,0,8,160,5,2,2,2,155956,0,0,2,0,39,0
roster,11,25,6,neutral,553,0,0,4,0,1869036,0,0,0,8,100,8,2,2,0,55363,0,0,2,0,21,0
roster,11,26,0,ghost,387,0,1,0,5,2028730,0,0,0,17,82,10,4,4,0,247824,0,0,2,2,0,33
roster,11,26,1,pvp,614,0,0,4,0,1928032,278500,0,0,17,190,10,2,2,0,53193,0,1,2,1,24,0
roster,11,26,2,pvp,358,0,1,0,5,1680031,0,0,4400,17,111,9,2,2,1,144586,0,0,2,2,0,33
roster,11,26,3,pvp,387,0,1,0,5,1579417,159227,4673,6261,17,127,9,3,3,0,172195,0,2,2,2,0,36
roster,11,27,0,ghost,398,0,1,0,4,1921156,214047,4178,0,17,102,11,2,2,3,114932,1,2,2,2,0,30
roster,11,27,1,pvp,900,1,1,1,1,2852110,536258,14717,32548,17,130,12,2,2,0,109554,0,2,2,2,3,9
roster,11,27,2,pvp,458,0,1,0,4,1790752,0,0,2583,17,82,11,2,2,1,79258,0,0,2,2,0,21
roster,11,27,3,pvp,296,0,1,0,8,1621708,0,0,0,17,85,8,4,3,2,130111,0,0,2,2,0,51
roster,11,28,0,ghost,428,0,0,6,0,1884772,227025,2325,0,17,143,9,3,3,3,142349,2,0,2,2,39,0
roster,11,28,1,pvp,900,1,0,1,1,2363781,26000,0,0,17,117,13,3,3,2,94680,0,0,2,2,9,6
roster,11,28,2,pvp,498,0,1,0,5,1763824,0,0,5087,17,135,10,2,2,2,96659,0,0,2,2,0,27
roster,11,28,3,pvp,307,0,1,0,7,1603692,97500,0,12483,17,85,9,3,3,3,203293,1,0,2,2,0,51
roster,11,29,0,ghost,571,0,0,3,0,2088670,78000,0,34091,17,114,12,1,1,2,81997,0,0,2,2,18,0
roster,11,29,1,pvp,651,0,1,0,2,2156428,0,0,9000,17,90,14,2,2,1,39290,0,0,2,2,0,15
roster,11,29,2,pvp,463,0,1,0,5,1895693,96000,0,3944,17,97,11,3,3,5,149652,1,0,2,2,0,21
roster,11,29,3,pvp,427,0,1,0,6,2425632,112834,4041,0,17,103,10,3,3,3,184731,2,0,2,2,0,45
roster,11,30,0,neutral,514,0,0,5,0,2030035,26000,0,7364,8,131,6,1,1,0,58227,0,0,2,0,24,0
roster,11,30,1,neutral,563,0,0,5,0,2043376,0,0,0,8,145,7,0,0,0,0,0,0,2,0,24,0
roster,11,30,2,neutral,504,0,0,6,0,2090586,68500,0,0,8,121,6,1,1,0,52500,1,0,2,0,24,0
roster,11,30,3,neutral,546,0,0,4,0,2204557,0,0,3522,8,181,8,2,2,1,77319,0,0,2,0,21,0
roster,11,30,4,neutral,422,0,0,6,0,1958287,61600,0,0,8,98,6,1,1,1,87000,2,0,2,0,39,0
roster,11,30,5,neutral,333,0,0,8,0,1879444,0,0,7044,8,163,4,2,2,1,189707,0,0,2,0,63,0
roster,11,30,6,neutral,884,0,1,0,2,2549467,0,0,0,8,83,10,2,2,1,55363,0,0,2,0,0,0
roster,11,31,0,ghost,343,0,1,0,7,1800698,0,0,8348,17,129,9,4,4,1,173879,0,0,2,2,0,54
roster,11,31,1,pvp,479,0,1,0,7,2168357,424419,13131,20348,17,127,9,2,2,2,84580,0,2,2,2,0,48
roster,11,31,2,pvp,850,0,1,0,3,2163078,341735,2765,6010,17,149,13,1,1,0,27221,0,1,2,2,0,15
roster,11,31,3,pvp,362,0,0,8,0,1834389,0,0,0,17,104,8,4,3,1,103812,0,0,2,2,63,0
roster,11,32,0,pvp,498,0,0,5,0,1984480,52000,0,0,17,141,11,3,3,2,101111,0,0,2,2,27,0
roster,11,32,1,pvp,338,0,1,0,7,1654537,0,0,11313,17,105,9,2,2,0,140388,0,0,2,2,0,57
roster,11,32,2,pvp,419,0,1,0,7,1849053,229776,2074,0,17,133,9,2,2,2,138468,1,2,2,2,0,45
roster,11,33,0,pvp,337,0,1,0,8,2070745,0,0,10174,17,85,8,3,3,3,143394,0,0,2,2,0,63
roster,11,33,1,pvp,362,0,1,0,8,1717615,413175,8400,0,17,109,8,3,3,0,139017,0,2,2,2,0,51
roster,11,34,0,pvp,508,0,1,0,7,2308213,595454,15896,61989,17,179,9,2,2,2,158650,0,2,2,2,0,48
roster,11,34,1,pvp,290,0,1,0,7,1668009,0,0,0,17,102,9,4,4,4,197319,0,0,2,2,0,57
roster,11,35,0,neutral,531,0,0,6,0,2242658,78000,0,0,8,83,6,1,1,1,85909,0,0,1,0,42,0
roster,11,35,1,neutral,470,0,0,7,0,2306692,227678,2772,0,8,113,5,1,1,1,130500,2,0,2,0,42,0
roster,11,35,2,neutral,364,0,0,7,0,2134139,0,0,0,8,103,5,2,2,1,126000,0,0,2,0,54,0
roster,11,36,0,ghost,442,0,0,5,0,2439200,26000,0,6261,17,119,11,3,2,2,127506,0,0,2,2,45,0
roster,11,36,1,pvp,762,0,1,0,3,3079932,519474,7726,12522,17,125,13,2,2,1,55742,0,2,2,2,0,12
roster,11,37,0,ghost,439,0,1,0,5,2387707,192775,0,29767,17,85,11,3,3,2,160716,2,0,2,2,0,39
roster,11,37,1,pvp,460,0,1,0,6,2275727,26000,0,0,17,82,10,3,3,1,155652,0,0,2,2,0,48
roster,11,38,0,ghost,427,0,0,6,0,2506783,177650,0,0,17,102,10,3,3,3,194070,0,2,2,2,45,0
roster,11,38,1,pvp,615,0,1,0,6,2765210,604219,24881,30240,17,105,10,2,2,1,73962,0,2,2,2,0,36
roster,11,39,0,pvp,410,0,1,0,7,2477456,187550,0,6261,17,164,10,3,2,1,138301,2,0,2,2,0,48
roster,11,40,0,neutral,543,0,0,5,0,2518571,59950,0,43500,8,131,7,1,1,2,91500,2,0,2,0,30,0
roster,11,40,1,neutral,395,0,0,7,0,2436702,0,0,8608,8,160,6,2,2,1,195000,0,0,2,0,54,0
roster,11,41,0,pvp,439,0,1,0,6,2621954,198909,4041,0,17,103,12,3,3,0,182084,2,0,2,2,0,45
roster,11,42,0,pvp,439,0,1,0,6,2599016,203775,0,5143,17,103,12,3,3,3,212110,2,0,2,2,0,45
roster,11,43,0,pvp,363,0,1,0,7,2489560,149174,4551,0,17,93,11,3,3,1,140914,2,0,2,2,0,54
roster,12,1,0,neutral,40,0,0,4,0,21000,0,0,0,17,40,1,1,1,1,16000,0,0,1,0,4,0
roster,12,1,1,neutral,64,0,0,4,0,22909,1909,1591,0,24,64,1,0,0,0,0,1,0,2,0,6,0
roster,12,1,2,neutral,77,0,0,4,0,24818,1909,1591,0,18,77,1,0,0,0,0,1,0,2,0,5,0
roster,12,1,3,neutral,49,0,0,4,0,21000,0,0,0,17,49,1,2,1,1,17136,0,0,2,0,5,0
roster,12,1,4,neutral,56,0,0,4,0,22909,0,0,0,17,56,1,1,1,1,4546,1,0,1,0,5,0
roster,12,1,5,neutral,72,0,0,4,0,21000,0,0,0,18,72,1,0,0,0,0,1,0,2,0,6,0
roster,12,1,6,neutral,60,0,0,4,0,22909,0,0,0,24,60,1,0,0,0,0,0,0,2,0,6,0
roster,12,1,7,neutral,56,0,0,4,0,22909,0,0,0,17,56,1,1,1,1,8182,0,0,1,0,6,0
roster,12,2,0,neutral,121,0,0,4,0,47296,0,0,0,17,49,2,1,1,1,17136,0,0,2,0,6,0
roster,12,2,1,neutral,120,0,0,4,0,50566,0,0,0,18,55,2,0,0,0,0,0,0,1,0,8,0
roster,12,2,2,neutral,108,0,0,4,0,48544,6999,1,0,18,65,2,0,0,0,0,1,0,1,0,7,0
roster,12,2,3,neutral,72,0,0,4,0,43870,0,0,0,17,49,2,2,2,1,33364,0,0,2,0,8,0
roster,12,2,4,neutral,111,0,0,4,0,48740,0,0,0,17,56,2,1,1,0,3437,1,0,1,0,9,0
roster,12,2,5,neutral,142,0,0,4,0,50926,9852,4148,0,18,73,2,0,0,0,0,1,0,2,0,6,0
roster,12,2,6,neutral,111,0,0,4,0,47296,0,0,0,17,49,2,1,1,1,17136,0,0,1,0,4,0
roster,12,2,7,neutral,85,0,0,4,0,45999,0,0,0,17,56,2,2,2,1,17182,0,0,2,0,4,0
roster,12,3,0,neutral,116,0,0,5,0,77800,10500,0,2289,17,73,3,1,1,0,18909,1,0,1,0,10,0
roster,12,3,1,neutral,142,0,0,5,0,85417,0,0,0,18,64,3,0,0,0,0,0,0,1,0,11,0
roster,12,3,2,neutral,157,0,0,5,0,79727,8400,5600,3543,18,73,3,0,0,0,0,1,0,1,0,11,0
roster,12,3,3,neutral,117,0,0,5,0,77435,7000,0,0,17,56,3,2,1,0,21000,1,0,2,0,11,0
roster,12,3,4,neutral,174,0,0,5,0,89957,14000,0,0,18,77,3,0,0,0,0,1,0,2,0,11,0
roster,12,3,5,neutral,120,0,0,5,0,79518,0,0,0,17,56,3,1,1,1,12000,1,0,2,0,10,0
roster,12,3,6,neutral,89,0,0,5,0,75000,0,0,0,17,49,3,2,2,1,33364,0,0,2,0,10,0
roster,12,3,7,neutral,97,0,0,5,0,76838,0,0,0,17,56,3,1,1,0,16546,0,0,2,0,7,0
roster,12,4,0,pvp,565,0,0,2,0,654160,17500,0,4500,17,152,8,1,1,0,12161,1,0,1,1,6,0
roster,12,4,1,pvp,900,1,0,2,1,988257,288975,28525,0,17,118,7,1,0,0,0,2,0,2,1,6,6
roster,12,4,2,pvp,360,0,0,4,0,809306,0,0,0,17,129,6,3,3,2,125126,0,0,2,1,8,0
roster,12,4,3,pvp,379,0,1,0,3,771754,24500,0,0,17,105,7,1,1,0,31367,1,1,2,1,0,10
roster,12,5,0,neutral,360,0,0,4,0,392855,14000,0,1636,8,169,4,0,0,0,0,1,0,2,0,11,0
roster,12,5,1,neutral,310,0,0,5,0,361284,0,0,0,8,108,3,0,0,0,0,0,0,2,0,11,0
roster,12,5,2,neutral,284,0,0,5,0,361048,47926,1074,0,8,114,3,0,0,0,0,2,0,2,0,13,0
roster,12,5,3,neutral,161,0,0,5,0,318696,0,0,0,8,72,3,2,2,2,62969,0,0,2,0,14,0
roster,12,5,4,neutral,196,0,0,4,0,338717,0,0,0,8,90,4,0,0,0,0,1,0,2,0,11,0
roster,12,5,5,neutral,213,0,0,5,0,331739,27500,0,7825,8,131,3,1,1,0,26900,1,0,1,0,19,0
roster,12,5,6,neutral,214,0,0,5,0,358600,29900,0,0,8,114,3,2,2,0,32500,0,0,2,0,20,0
roster,12,5,7,neutral,213,0,0,4,0,337786,0,0,0,8,99,4,1,1,1,8745,0,0,2,0,14,0
roster,12,6,0,pvp,821,0,0,2,0,1281511,68415,9585,0,17,126,8,1,1,0,20222,0,0,2,1,9,0
roster,12,6,1,pvp,353,0,1,0,4,765940,82500,0,0,17,186,6,1,1,0,63029,0,1,2,1,0,15
roster,12,6,2,pvp,346,0,1,0,2,892934,70000,0,0,17,89,8,1,1,2,58784,2,0,2,3,0,9
roster,12,6,3,pvp,586,0,0,3,0,1144991,80500,0,0,17,109,7,1,1,1,24889,1,0,1,1,9,0
roster,12,7,0,pvp,606,0,0,4,0,1267359,122000,0,0,17,141,6,1,1,1,24889,0,1,2,1,21,0
roster,12,7,1,pvp,339,0,1,0,4,800579,0,0,0,17,157,6,1,1,1,21677,0,0,2,2,0,15
roster,12,7,2,pvp,429,0,1,0,3,1010491,104000,0,9909,17,145,7,1,1,1,54592,2,0,2,1,0,15
roster,12,7,3,pvp,478,0,1,0,1,1048969,0,0,0,17,116,9,2,1,1,47444,0,0,3,1,0,3
roster,12,8,0,pvp,731,0,0,3,0,1328683,104000,0,0,17,118,7,1,1,0,45111,0,0,2,1,18,0
roster,12,8,1,pvp,456,0,1,0,4,1009649,33000,0,0,17,144,6,1,1,0,45889,0,1,2,1,0,15
roster,12,8,2,pvp,315,0,1,0,3,981203,49500,0,6668,17,139,7,2,2,1,86365,0,1,3,2,0,12
roster,12,8,3,pvp,484,0,0,2,0,1180827,0,0,0,17,99,8,2,2,2,113411,0,0,2,1,6,0
roster,12,9,0,pvp,756,0,1,0,2,1799972,104000,0,0,17,141,10,1,1,2,94446,0,0,2,2,0,6
roster,12,9,1,pvp,450,0,1,0,4,1257005,0,0,0,17,82,8,2,2,1,61569,0,0,2,2,0,13
roster,12,9,2,pvp,637,0,1,0,3,1545921,104500,0,10080,17,109,9,2,2,1,63851,1,1,2,2,0,9
roster,12,9,3,pvp,449,0,1,0,3,1176717,0,0,0,17,121,9,3,2,2,101723,0,0,1,2,0,12
roster,12,10,0,neutral,283,0,0,6,0,487153,26000,0,0,8,162,3,0,0,0,0,0,0,2,0,27,0
roster,12,10,1,neutral,222,0,0,5,0,489355,0,0,0,8,138,4,0,0,0,0,0,0,3,0,26,0
roster,12,10,2,neutral,288,0,0,5,0,481000,0,0,0,8,157,4,1,1,0,30545,1,0,2,0,18,0
roster,12,10,3,neutral,164,0,0,6,0,452046,0,0,0,8,89,3,2,2,2,61090,0,0,2,0,28,0
roster,12,10,4,neutral,196,0,0,6,0,473122,44000,0,0,8,139,3,1,1,2,49637,1,0,2,0,24,0
roster,12,10,5,neutral,214,0,0,6,0,497594,49500,0,0,8,133,3,1,1,0,30545,1,0,2,0,24,0
roster,12,10,6,neutral,211,0,0,6,0,471997,0,0,0,8,74,3,1,1,0,24818,0,0,1,0,25,0
roster,12,10,7,neutral,229,0,0,6,0,479220,0,0,0,8,150,3,2,2,2,61090,0,0,2,0,24,0
roster,12,11,0,pvp,459,0,1,0,4,1547744,26000,0,8348,17,122,8,2,2,1,125540,0,0,2,2,0,15
roster,12,11,1,pvp,552,0,1,0,3,1412493,0,0,12013,8,129,9,1,1,0,24818,0,0,2,1,0,16
roster,12,11,2,pvp,455,0,1,0,4,1215467,22000,0,0,17,155,8,2,2,2,104802,1,1,2,2,0,15
roster,12,11,3,pvp,638,0,1,0,2,1651333,170500,0,0,17,129,10,3,3,3,169996,1,0,2,2,0,6
roster,12,12,0,pvp,593,0,0,5,0,1362001,173000,0,36995,17,151,7,1,1,1,22556,1,1,1,2,27,0
roster,12,12,1,pvp,375,0,1,0,4,1177786,0,0,2583,17,102,8,2,2,2,99415,0,0,2,2,0,15
roster,12,12,2,pvp,360,0,0,4,0,1322820,60500,0,0,17,82,8,3,3,0,154346,0,1,2,2,18,0
roster,12,12,3,pvp,669,0,0,3,0,1515766,136214,6786,0,17,116,9,2,2,0,49439,1,0,2,1,15,0
roster,12,13,0,pvp,562,0,0,4,0,1512193,227532,1968,0,17,121,8,2,2,3,77389,1,0,1,2,21,0
roster,12,13,1,pvp,690,0,0,2,0,1625501,154000,0,0,17,136,10,1,1,1,50217,0,1,2,2,15,0
roster,12,13,2,pvp,821,0,0,2,0,1571874,121000,0,2700,17,108,10,2,2,0,49439,1,0,2,1,9,0
roster,12,13,3,pvp,481,0,0,3,0,1536283,110000,0,0,17,134,9,3,3,2,118508,0,1,2,2,15,0
roster,12,14,0,pvp,742,0,1,0,3,1974506,368235,1265,11133,17,151,9,1,1,1,44511,1,1,1,2,0,12
roster,12,14,1,pvp,570,0,1,0,1,1748292,121000,0,0,17,141,11,1,1,1,24889,0,1,2,2,0,3
roster,12,14,2,pvp,481,0,0,2,0,1441397,0,0,0,17,106,10,4,4,4,187685,0,0,2,2,12,0
roster,12,14,3,pvp,601,0,1,0,4,1472564,104500,0,0,17,87,8,2,2,0,65091,1,0,2,1,0,19
roster,12,15,0,neutral,278,0,0,6,0,598002,26000,0,0,8,133,3,0,0,0,0,1,0,1,0,36,0
roster,12,15,1,neutral,254,0,0,6,0,608703,0,0,0,8,101,3,0,0,0,0,0,0,2,0,33,0
roster,12,15,2,neutral,313,0,0,6,0,581410,38500,0,0,8,116,3,1,1,0,74455,1,0,2,0,27,0
roster,12,15,3,neutral,240,0,0,6,0,564307,0,0,0,8,105,3,2,2,2,81103,0,0,2,0,30,0
roster,12,15,4,neutral,205,0,0,6,0,601022,26000,0,2455,8,82,3,1,1,1,58227,1,0,1,0,33,0
roster,12,15,5,neutral,240,0,0,6,0,629333,60500,0,0,8,155,3,1,1,0,30545,1,0,2,0,24,0
roster,12,15,6,neutral,242,0,0,6,0,635627,0,0,0,8,133,3,2,2,1,80181,0,0,2,0,24,0
roster,12,15,7,neutral,349,0,0,6,0,602349,44000,0,0,8,152,3,2,2,1,57479,1,0,2,0,24,0
roster,12,16,0,pvp,493,0,0,6,0,1518157,321228,272,14479,18,131,6,0,0,0,0,1,0,1,2,36,0
roster,12,16,1,pvp,893,0,0,2,0,2048127,355966,9984,0,17,87,10,2,2,1,59762,2,1,2,1,12,0
roster,12,16,2,pvp,478,0,0,4,0,1552781,0,0,23168,17,131,8,4,3,1,107532,0,0,2,2,21,0
roster,12,16,3,pvp,420,0,0,5,0,1504882,260849,3151,0,17,109,7,3,3,1,84773,1,1,1,2,27,0
roster,12,17,0,pvp,654,0,1,0,4,1864540,163500,0,15606,17,195,8,1,1,1,49778,1,1,1,1,0,27
roster,12,17,1,pvp,572,0,0,3,0,1615644,86900,0,0,17,206,9,1,1,1,66111,0,2,2,2,18,0
roster,12,17,2,pvp,512,0,0,4,0,1669936,118000,0,5979,17,86,9,3,3,1,151861,0,1,2,1,18,0
roster,12,17,3,pvp,711,0,0,3,0,1670064,121412,5088,1417,17,137,10,3,2,1,58434,0,1,2,2,16,0
roster,12,18,0,pvp,430,0,1,0,6,1701629,130500,0,0,17,164,7,2,2,3,131451,1,0,1,2,0,27
roster,12,18,1,pvp,595,0,1,0,3,1517377,0,0,7749,17,93,10,2,2,3,109581,0,0,2,2,0,15
roster,12,18,2,pvp,550,0,0,5,0,1515459,496925,5225,26716,17,121,7,2,1,0,44367,2,1,2,2,33,0
roster,12,18,3,pvp,597,0,1,0,5,1802465,371169,14831,0,17,116,7,2,1,1,37258,1,1,1,1,0,33
roster,12,19,0,pvp,730,0,0,6,0,2092094,644056,19444,15926,17,135,8,1,1,1,43556,1,2,2,2,30,0
roster,12,19,1,pvp,569,0,1,0,4,1827152,130166,1834,3913,17,93,10,2,2,4,115610,0,1,2,2,0,15
roster,12,19,2,pvp,658,0,0,1,0,2253952,326564,1786,0,17,169,13,3,3,2,131879,2,0,2,2,9,0
roster,12,19,3,pvp,444,0,0,7,0,1630063,201635,7365,5166,17,102,7,3,3,1,111214,1,0,1,2,39,0
roster,12,20,0,neutral,288,0,0,7,0,719130,26000,0,0,8,120,3,0,0,0,0,1,0,2,0,39,0
roster,12,20,1,neutral,260,0,0,7,0,736930,0,0,5478,8,126,3,0,0,0,0,0,0,2,0,45,0
roster,12,20,2,neutral,288,0,0,7,0,676088,68750,0,0,8,83,3,1,1,1,49637,2,0,2,0,39,0
roster,12,20,3,neutral,202,0,0,7,0,746604,0,0,0,8,125,3,2,2,1,88772,0,0,2,0,33,0
roster,12,20,4,neutral,227,0,0,7,0,754471,92000,0,0,8,144,3,1,1,1,30545,2,0,2,0,39,0
roster,12,20,5,neutral,323,0,0,7,0,783946,66000,0,0,8,214,3,1,1,1,58227,1,0,1,0,39,0
roster,12,20,6,neutral,269,0,0,7,0,765974,0,0,0,8,149,3,2,2,1,52039,0,0,2,0,28,0
roster,12,20,7,neutral,238,0,0,6,0,761749,16500,0,0,8,121,4,2,2,0,76831,1,0,2,0,24,0
roster,12,21,0,pvp,693,0,0,5,0,1871903,193500,0,1916,17,124,9,2,2,2,73728,1,0,2,2,27,0
roster,12,21,1,pvp,466,0,0,5,0,1899902,0,0,3913,17,112,9,1,1,0,42677,0,0,2,2,48,0
roster,12,21,2,pvp,608,0,1,0,5,1969424,286202,7498,5916,17,105,9,2,2,0,46123,2,1,2,1,0,27
roster,12,21,3,pvp,570,0,1,0,3,2093739,342000,0,0,17,81,11,3,3,4,157778,2,1,2,2,0,15
roster,12,22,0,pvp,598,0,1,0,3,2008801,163500,0,0,17,151,11,1,1,2,73896,1,0,2,2,0,18
roster,12,22,1,pvp,710,0,1,0,4,2370832,499674,6326,44890,17,139,10,1,1,0,21677,0,2,2,2,0,27
roster,12,22,2,pvp,583,0,1,0,5,2048125,409500,0,0,17,139,9,2,2,0,58965,2,1,2,1,0,30
roster,12,22,3,pvp,629,0,1,0,4,1752500,90626,2874,4148,17,165,10,4,4,5,186504,0,1,2,2,0,18
roster,12,23,0,pvp,900,1,1,1,2,2489439,534543,5457,0,17,188,11,2,2,1,90635,1,1,1,1,9,15
roster,12,23,1,pvp,482,0,0,4,0,1771589,0,0,0,17,126,10,1,1,1,42677,0,0,2,2,39,0
roster,12,23,2,pvp,650,0,0,4,0,1811766,364384,18966,0,17,116,10,3,3,1,81841,2,0,2,2,30,0
roster,12,23,3,pvp,544,0,0,4,0,1954881,414864,136,0,17,81,10,3,3,1,80584,2,1,2,2,24,0
roster,12,24,0,pvp,900,1,1,1,4,2482150,797752,10798,16816,17,182,9,2,2,1,77919,1,2,1,2,6,24
roster,12,24,1,pvp,449,0,0,6,0,1549610,38500,0,0,17,92,8,2,1,1,21677,0,1,2,2,57,0
roster,12,24,2,pvp,838,0,0,2,0,2063386,60500,0,0,17,105,12,2,2,0,70206,0,1,2,1,15,0
roster,12,24,3,pvp,476,0,0,7,0,1731751,267197,6303,4038,17,91,7,3,2,2,96706,2,0,2,2,39,0
roster,12,25,0,neutral,483,0,0,6,0,1662164,88182,7818,0,8,178,5,1,1,2,88772,1,0,1,0,30,0
roster,12,25,1,neutral,476,0,0,6,0,1719198,0,0,15650,8,146,5,0,0,0,0,0,0,2,0,57,0
roster,12,25,2,neutral,543,0,0,5,0,1855054,265650,0,0,8,83,6,1,1,0,46773,2,0,2,0,33,0
roster,12,25,3,neutral,458,0,0,6,0,1759010,0,0,0,8,108,6,2,2,1,61090,0,0,2,0,36,0
roster,12,25,4,neutral,488,0,0,5,0,1847900,173326,5174,0,8,113,6,1,1,1,74455,2,0,2,0,24,0
roster,12,25,5,neutral,414,0,0,6,0,1751175,121000,0,0,8,269,5,1,1,0,30545,1,0,1,0,36,0
roster,12,25,6,neutral,802,0,0,2,0,2109262,0,0,0,8,125,9,2,2,0,55363,0,0,2,0,7,0
roster,12,25,7,neutral,559,0,0,4,0,1889388,104500,0,0,8,125,7,2,2,2,126955,1,0,2,0,18,0
roster,12,26,0,pvp,751,0,0,4,0,1971103,429507,3593,0,17,97,10,3,2,1,97323,1,1,1,2,24,0
roster,12,26,1,pvp,483,0,0,6,0,1788986,156500,0,0,17,131,8,1,1,1,52956,0,2,2,2,57,0
roster,12,26,2,pvp,662,0,1,0,3,2350345,303916,4634,0,17,122,11,2,2,1,49359,2,1,2,1,0,18
roster,12,26,3,pvp,452,0,0,6,0,1551622,0,0,5087,17,108,9,4,4,0,132593,0,0,2,2,36,0
roster,12,27,0,pvp,523,0,1,0,5,2234297,164300,0,0,17,114,11,2,1,0,22556,1,0,2,2,0,48
roster,12,27,1,pvp,775,0,0,3,0,2385012,576443,19207,20914,17,131,12,3,3,1,111535,2,2,2,2,24,0
roster,12,27,2,pvp,551,0,0,4,0,2215105,338091,3909,0,17,113,11,3,2,2,118999,0,2,2,2,27,0
roster,12,27,3,pvp,770,0,0,1,0,2292372,101200,0,10332,17,102,14,3,3,0,91569,1,0,1,2,6,0
roster,12,28,0,pvp,542,0,0,7,0,1726268,186300,0,5087,17,82,9,3,3,0,72367,1,0,2,2,39,0
roster,12,28,1,pvp,703,0,1,0,4,2444589,208725,0,0,17,163,11,2,2,2,63736,0,1,2,1,0,21
roster,12,28,2,pvp,900,1,1,1,3,2665291,916825,22925,67522,17,82,10,2,2,1,80762,2,2,2,2,6,18
roster,12,28,3,pvp,874,0,0,2,0,2531782,230990,10,0,17,136,14,3,3,2,86709,0,2,2,2,12,0
roster,12,29,0,pvp,439,0,0,8,0,1862875,498936,3364,0,17,97,7,2,2,2,95683,1,2,2,2,42,0
roster,12,29,1,pvp,499,0,0,6,0,1849090,0,0,0,17,85,10,3,3,2,66475,0,0,2,2,57,0
roster,12,29,2,pvp,591,0,1,0,4,2197422,265469,14481,0,17,89,11,3,2,1,90714,2,0,2,2,0,30
roster,12,29,3,pvp,541,0,0,5,0,2079820,154964,136,2371,17,116,11,2,2,2,69983,1,2,2,2,33,0
roster,12,30,0,neutral,483,0,0,7,0,1970865,108173,17627,0,8,170,5,1,1,1,52500,1,0,2,0,33,0
roster,12,30,1,neutral,561,0,0,4,0,2070869,0,0,0,8,156,8,1,1,1,30545,0,0,2,0,45,0
roster,12,30,2,neutral,595,0,0,7,0,2216258,389950,0,0,8,325,4,1,1,0,49636,2,0,2,0,39,0
roster,12,30,3,neutral,575,0,0,5,0,2180358,0,0,0,8,131,7,2,2,1,63955,0,0,2,0,33,0
roster,12,30,4,neutral,718,0,0,4,0,2417310,361500,0,25774,8,198,7,1,1,1,30545,2,0,2,0,21,0
roster,12,30,5,neutral,471,0,0,6,0,1956474,139150,0,0,8,189,6,1,1,1,71591,1,0,2,0,39,0
roster,12,30,6,neutral,717,0,0,2,0,2518780,203500,0,0,8,125,10,1,1,0,27682,2,0,2,0,12,0
roster,12,31,0,ghost,566,0,0,6,0,2340360,677121,27879,0,17,77,10,2,2,3,90475,2,2,2,2,33,0
roster,12,31,1,pvp,888,0,0,2,0,3044120,641850,10500,13500,17,117,15,2,2,1,53101,1,2,2,2,6,0
roster,12,31,2,pvp,900,1,1,2,3,2805439,535002,14998,0,17,89,11,2,2,2,58434,0,2,2,2,18,21
roster,12,31,3,pvp,900,1,0,1,1,2500743,53225,3700,8727,17,89,14,3,3,1,87652,0,1,2,2,9,9
roster,12,32,0,ghost,745,0,1,0,3,2591287,94875,0,0,17,92,13,2,2,0,76578,1,0,2,2,0,21
roster,12,32,1,pvp,639,0,0,6,0,2468985,468203,11997,0,17,126,11,2,2,1,58434,2,0,2,2,30,0
roster,12,32,2,pvp,688,0,0,7,0,2467453,840815,16635,37587,17,113,9,2,2,1,91609,2,2,2,2,39,0
roster,12,32,3,pvp,830,0,1,0,5,2347140,499910,5590,3522,17,97,11,3,3,1,116869,0,2,2,2,0,24
roster,12,33,0,pvp,701,0,0,3,0,2705080,450300,0,0,17,105,14,3,3,2,152681,2,0,2,2,15,0
roster,12,33,1,pvp,551,0,0,4,0,2457782,286354,4596,0,17,157,12,2,2,2,77375,0,2,2,2,30,0
roster,12,33,2,pvp,697,0,1,0,5,2522878,649118,12032,0,17,125,11,2,2,2,143694,2,1,2,2,0,36
roster,12,34,0,pvp,587,0,0,7,0,2330231,620867,8833,3913,17,118,10,2,2,1,58434,2,2,2,2,39,0
roster,12,34,1,pvp,567,0,0,4,0,2380403,0,0,0,17,131,12,2,2,0,60543,0,0,2,2,39,0
roster,12,34,2,pvp,900,1,0,5,1,2865162,864635,18390,0,17,140,10,2,2,0,50967,2,1,2,2,27,6
roster,12,35,0,neutral,514,0,0,8,0,2355101,235571,2629,0,8,161,5,1,1,1,45645,2,0,2,0,39,0
roster,12,35,1,neutral,456,0,0,6,0,2335954,0,0,3913,8,123,6,1,1,2,52500,0,0,2,0,51,0
roster,12,35,2,neutral,724,0,0,5,0,2573861,361661,5739,0,8,83,7,1,1,0,24818,2,0,2,0,27,0
roster,12,35,3,neutral,598,0,0,4,0,2496896,0,0,0,8,131,8,1,1,0,130500,0,0,2,0,30,0
roster,12,35,4,neutral,740,0,0,2,0,2495129,25300,0,0,8,100,10,1,1,2,52500,1,0,2,0,18,0
roster,12,36,0,ghost,697,0,0,7,0,2492963,605046,2954,31904,17,120,10,2,2,1,42201,2,1,2,2,36,0
roster,12,36,1,pvp,696,0,0,5,0,2475408,161504,2946,0,17,139,11,2,2,0,52839,0,1,2,2,48,0
roster,12,36,2,pvp,489,0,1,0,6,2197429,198876,774,5916,17,89,10,2,2,0,148602,2,0,2,2,0,42
roster,12,37,0,ghost,615,0,0,5,0,2485905,232772,9778,0,17,126,11,2,2,1,42502,0,2,2,2,48,0
roster,12,37,1,pvp,642,0,0,7,0,2404892,533672,9428,57789,17,131,10,2,2,1,47445,2,2,2,2,36,0
roster,12,37,2,pvp,632,0,0,6,0,2225504,110785,9390,8727,17,122,10,2,2,1,57804,0,1,2,2,42,0
roster,12,38,0,ghost,834,0,1,0,2,2762281,268993,7932,0,17,122,14,2,2,1,47327,2,1,2,2,0,12
roster,12,38,1,pvp,900,1,0,4,2,3562413,1368402,4498,9860,17,151,11,2,2,1,44233,2,1,2,2,21,18
roster,12,38,2,pvp,584,0,0,3,0,2515108,0,0,8451,17,98,13,2,2,0,57349,0,0,2,2,27,0
roster,12,39,0,pvp,548,0,1,0,5,2422677,156400,0,0,17,109,13,2,1,0,22556,2,0,2,2,0,42
roster,12,39,1,pvp,537,0,0,6,0,2242675,120175,0,14088,17,70,11,2,2,0,65348,0,1,2,2,45,0
roster,12,40,0,neutral,616,0,0,7,0,2602392,177700,0,0,8,181,6,1,1,2,80182,2,0,2,0,33,0
roster,12,40,1,neutral,598,0,0,5,0,2540854,0,0,0,8,83,8,1,1,1,30545,0,0,2,0,48,0
roster,12,40,2,neutral,544,0,0,5,0,2721198,0,0,0,8,183,8,1,0,0,0,0,0,2,0,33,0
roster,12,40,3,neutral,900,1,0,2,1,2614442,12650,0,3193,8,83,9,1,1,1,55391,1,0,2,0,18,0
roster,12,41,0,pvp,447,0,1,0,8,2360010,233400,0,5616,17,113,10,2,2,0,113898,2,0,2,2,0,72
roster,12,41,1,pvp,559,0,0,6,0,2303550,83975,4575,3913,17,155,11,2,1,1,57023,0,1,2,2,42,0
roster,12,42,0,pvp,618,0,1,0,8,2640811,538618,5932,0,17,160,10,2,2,2,69051,2,1,2,2,0,48
roster,12,42,1,pvp,449,0,1,0,6,2388986,0,0,0,17,104,12,2,2,2,167988,0,0,2,2,0,69
roster,12,43,0,ghost,505,0,0,7,0,2249119,148500,0,9784,17,69,11,2,2,1,69652,0,2,2,2,66,0
roster,12,43,1,pvp,779,0,0,6,0,2597498,400653,272,0,17,101,12,2,2,1,53101,2,1,2,2,39,0
roster,12,44,0,pvp,505,0,1,0,5,2493330,254700,0,10536,17,85,13,2,2,0,72391,2,0,2,2,0,57
roster,13,1,0,neutral,56,0,0,4,0,22826,0,0,0,17,56,1,1,1,0,16000,1,0,2,0,5,0
roster,13,1,1,neutral,49,0,0,4,0,21000,0,0,0,17,49,1,1,1,1,17136,0,0,2,0,4,0
roster,13,1,2,neutral,56,0,0,4,0,22909,0,0,0,17,56,1,1,1,1,13364,2,0,2,0,6,0
roster,13,1,3,neutral,40,0,0,4,0,21000,0,0,0,17,40,1,1,1,1,16000,0,0,2,0,4,0
roster,13,1,4,neutral,56,0,0,3,0,21000,0,0,0,17,56,1,1,1,0,16000,0,0,1,0,5,0
roster,13,1,5,neutral,77,0,0,4,0,24652,0,0,0,18,77,1,0,0,0,0,0,0,2,0,6,0
roster,13,1,6,neutral,89,0,0,4,0,22556,0,0,0,17,89,1,1,0,0,0,0,0,2,0,4,0
roster,13,1,7,neutral,40,0,0,4,0,21000,0,0,0,17,40,1,1,1,1,13364,2,0,2,0,6,0
roster,13,2,0,neutral,113,0,0,4,0,47296,0,0,0,17,56,2,2,1,0,12000,1,0,2,0,7,0
roster,13,2,1,neutral,121,0,0,4,0,46224,0,0,0,17,49,2,1,1,1,17136,0,0,1,0,8,0
roster,13,2,2,neutral,139,0,0,4,0,52998,11453,6047,0,18,77,2,0,0,0,0,2,0,2,0,8,0
roster,13,2,3,neutral,136,0,0,4,0,50926,0,0,0,17,94,2,1,1,1,18000,0,0,2,0,5,0
roster,13,2,4,neutral,113,0,0,4,0,48740,0,0,0,17,56,2,1,1,0,9109,1,0,1,0,10,0
roster,13,2,5,neutral,116,0,0,4,0,48131,0,0,0,18,64,2,0,0,0,0,0,0,2,0,10,0
roster,13,2,6,neutral,156,0,0,4,0,51444,0,0,0,17,88,2,1,1,0,3364,0,0,2,0,4,0
roster,13,2,7,neutral,89,0,0,4,0,45999,6999,4001,0,17,56,2,1,1,1,14127,1,0,1,0,10,0
roster,13,3,0,neutral,142,0,0,5,0,83140,0,0,730,17,44,3,2,1,0,15364,0,0,2,0,11,0
roster,13,3,1,neutral,174,0,0,5,0,85384,0,0,0,17,77,3,1,0,0,0,0,0,2,0,9,0
roster,13,3,2,neutral,140,0,0,5,0,84270,14000,0,0,18,77,3,0,0,0,0,2,0,2,0,10,0
roster,13,3,3,neutral,113,0,0,5,0,80131,0,0,0,17,40,3,1,1,1,10927,0,0,1,0,13,0
roster,13,3,4,neutral,133,0,0,5,0,84131,3500,0,0,17,56,3,1,1,0,9236,1,0,1,0,13,0
roster,13,3,5,neutral,116,0,0,5,0,79261,0,0,0,18,55,3,0,0,0,0,0,0,2,0,14,0
roster,13,3,6,neutral,111,0,0,5,0,78305,0,0,0,17,40,3,2,2,1,28000,0,0,2,0,10,0
roster,13,3,7,neutral,116,0,0,5,0,81435,5500,0,0,17,40,3,1,1,0,14127,1,0,2,0,12,0
roster,13,4,0,pvp,719,0,0,3,0,886969,45500,0,0,17,113,7,3,3,3,103535,0,1,2,1,7,0
roster,13,4,1,pvp,512,0,1,0,2,922670,53565,1435,0,17,102,8,2,1,0,16391,0,1,2,2,0,5
roster,13,4,2,pvp,375,0,1,0,4,751200,49000,0,0,17,113,6,1,1,1,22556,2,0,2,1,0,15
roster,13,4,3,pvp,581,0,0,4,0,799867,0,0,10332,17,118,6,3,2,2,64539,0,0,1,2,13,0
roster,13,5,0,neutral,242,0,0,5,0,337760,0,0,0,8,142,3,1,1,0,49636,0,0,1,0,14,0
roster,13,5,1,neutral,280,0,0,4,0,350023,0,0,0,8,116,4,0,0,0,0,0,0,2,0,9,0
roster,13,5,2,neutral,267,0,0,5,0,342730,45500,0,0,8,61,3,1,1,1,30545,2,0,2,0,13,0
roster,13,5,3,neutral,281,0,0,4,0,354200,0,0,0,8,124,4,0,0,0,0,0,0,2,0,14,0
roster,13,5,4,neutral,190,0,0,5,0,314812,0,0,0,8,85,3,1,1,0,63954,0,0,1,0,14,0
roster,13,5,5,neutral,221,0,0,4,0,345674,0,0,0,8,99,4,0,0,0,0,0,0,2,0,15,0
roster,13,5,6,neutral,312,0,0,4,0,373595,0,0,0,8,157,4,0,0,0,0,0,0,2,0,14,0
roster,13,5,7,neutral,204,0,0,5,0,335653,22000,0,0,8,94,3,0,0,0,0,1,0,2,0,19,0
roster,13,6,0,pvp,818,0,0,4,0,961057,239372,2628,0,17,109,6,1,1,0,15167,1,0,2,2,15,0
roster,13,6,1,pvp,605,0,0,3,0,1015321,94500,0,0,17,141,7,2,2,1,62885,0,2,2,2,9,0
roster,13,6,2,pvp,631,0,1,0,1,1175502,0,0,0,17,88,9,1,1,0,32490,0,0,2,2,0,3
roster,13,6,3,pvp,396,0,0,5,0,869715,38500,0,0,18,138,5,0,0,0,0,0,1,1,2,21,0
roster,13,7,0,pvp,436,0,1,0,4,1074503,44000,0,0,17,102,6,1,1,0,24818,1,1,2,1,0,22
roster,13,7,1,pvp,388,0,1,0,3,1077741,0,0,2583,17,117,7,1,1,1,50217,0,0,2,1,0,9
roster,13,7,2,pvp,711,0,1,0,1,1189417,49000,0,3913,17,231,9,1,1,1,16917,1,0,1,1,0,3
roster,13,7,3,pvp,455,0,1,0,3,1172960,63609,2391,0,17,206,7,2,2,4,116945,1,0,1,1,0,12
roster,13,8,0,pvp,900,1,1,1,2,1418396,154000,0,31052,17,122,7,1,1,1,21677,1,0,2,1,6,12
roster,13,8,1,pvp,477,0,1,0,2,1097337,66500,0,4695,17,150,8,2,2,2,72773,1,0,1,1,0,6
roster,13,8,2,pvp,619,0,1,0,4,1117046,132000,0,9079,17,170,6,1,1,1,52220,0,1,1,1,0,21
roster,13,8,3,pvp,423,0,0,2,0,1232893,44000,0,0,17,121,8,2,2,1,98845,0,1,1,1,6,0
roster,13,9,0,pvp,574,0,0,4,0,1426854,231300,5200,8400,17,129,8,2,1,2,42778,1,1,2,2,15,0
roster,13,9,1,pvp,557,0,1,0,3,1356760,0,0,31655,17,138,9,1,1,0,44798,0,0,2,1,0,12
roster,13,9,2,pvp,562,0,1,0,3,1396238,0,0,3913,17,193,9,1,1,1,21677,0,0,1,1,0,12
roster,13,9,3,pvp,766,0,0,2,0,1762376,335500,0,0,17,126,10,2,2,1,63913,1,1,1,2,9,0
roster,13,10,0,neutral,252,0,0,6,0,487978,27780,5220,0,8,122,3,1,1,0,30545,1,0,2,0,24,0
roster,13,10,1,neutral,184,0,0,6,0,482060,0,0,0,8,131,3,0,0,0,0,0,0,2,0,26,0
roster,13,10,2,neutral,245,0,0,6,0,459466,38500,0,5001,8,101,3,1,1,0,30545,1,0,2,0,21,0
roster,13,10,3,neutral,249,0,0,6,0,464540,0,0,0,8,131,3,0,0,0,0,0,0,1,0,30,0
roster,13,10,4,neutral,242,0,0,6,0,464467,0,0,0,8,122,3,1,1,0,48882,1,0,1,0,27,0
roster,13,10,5,neutral,206,0,0,6,0,461687,0,0,0,8,124,3,1,1,0,27682,0,0,1,0,21,0
roster,13,10,6,neutral,274,0,0,6,0,476099,0,0,0,8,182,3,1,1,1,36675,0,0,1,0,27,0
roster,13,10,7,neutral,215,0,0,6,0,454762,22000,0,0,8,94,3,1,1,1,30545,1,0,2,0,30,0
roster,13,11,0,pvp,900,1,0,3,1,1799394,421150,7850,12805,17,135,8,2,2,1,96622,1,1,2,1,12,6
roster,13,11,1,pvp,512,0,0,5,0,1337185,0,0,0,17,118,7,1,1,0,52956,0,0,1,1,21,0
roster,13,11,2,pvp,493,0,1,0,5,1451180,276373,4127,0,17,104,7,2,1,0,31466,1,1,2,2,0,24
roster,13,11,3,pvp,439,0,1,0,5,1481230,26000,0,0,17,174,7,2,2,4,94721,0,0,1,1,0,18
roster,13,12,0,pvp,560,0,1,0,3,1695766,137500,0,3913,17,143,9,2,2,2,64179,1,0,2,1,0,12
roster,13,12,1,pvp,561,0,1,0,4,1690430,200646,2854,7826,17,108,8,2,2,3,153582,0,1,1,1,0,15
roster,13,12,2,pvp,448,0,1,0,5,1365257,151000,0,0,17,133,7,2,2,3,91406,1,0,2,1,0,21
roster,13,12,3,pvp,481,0,1,0,4,1413382,106543,3457,0,17,126,8,1,1,2,42677,0,1,1,2,0,15
roster,13,13,0,pvp,666,0,0,1,0,1912666,272109,2391,0,17,191,11,2,2,0,45112,1,0,2,2,3,0
roster,13,13,1,pvp,563,0,0,4,0,1421633,0,0,28906,17,132,8,1,1,1,74362,0,0,1,1,18,0
roster,13,13,2,pvp,562,0,1,0,6,1512641,376043,3457,59017,17,125,6,2,1,1,52112,1,1,2,1,0,27
roster,13,13,3,pvp,409,0,0,5,0,1514046,142145,855,0,17,85,7,2,2,1,82704,0,1,1,2,18,0
roster,13,14,0,pvp,656,0,1,0,3,1650364,104500,0,14902,17,147,9,1,1,1,44603,1,0,2,1,0,15
roster,13,14,1,pvp,552,0,0,4,0,1417190,132000,0,24395,17,109,8,2,1,2,65334,0,1,1,2,18,0
roster,13,14,2,pvp,463,0,0,4,0,1522205,217152,2848,0,17,97,8,3,3,1,186048,1,1,2,2,21,0
roster,13,14,3,pvp,510,0,1,0,4,1556308,78000,0,0,17,145,8,2,2,3,75106,0,0,2,1,0,15
roster,13,15,0,neutral,242,0,0,6,0,624453,27500,0,0,8,88,3,1,1,1,20184,1,0,2,0,24,0
roster,13,15,1,neutral,233,0,0,5,0,615952,0,0,0,8,118,4,1,1,1,30545,0,0,1,0,21,0
roster,13,15,2,neutral,265,0,0,6,0,581890,0,0,0,8,85,3,1,1,0,27682,1,0,2,0,21,0
roster,13,15,3,neutral,260,0,0,6,0,589934,0,0,0,8,151,3,0,0,0,0,0,0,1,0,30,0
roster,13,15,4,neutral,222,0,0,6,0,581336,0,0,0,8,126,3,2,2,0,61091,1,0,2,0,27,0
roster,13,15,5,neutral,213,0,0,6,0,615225,0,0,0,8,155,3,1,1,1,52500,0,0,2,0,24,0
roster,13,15,6,neutral,271,0,0,6,0,610256,0,0,0,8,160,3,1,1,0,27682,0,0,1,0,27,0
roster,13,15,7,neutral,194,0,0,6,0,621501,44000,0,0,8,129,3,1,1,2,55364,1,0,2,0,33,0
roster,13,16,0,pvp,502,0,1,0,4,1600435,241350,650,0,17,113,8,2,2,0,74884,1,1,2,2,0,24
roster,13,16,1,pvp,681,0,1,0,2,1675896,52000,0,0,17,169,10,2,2,2,168228,0,0,1,2,0,6
roster,13,16,2,pvp,560,0,1,0,4,1444697,161333,3667,0,17,155,8,1,1,0,21677,1,0,2,1,0,18
roster,13,16,3,pvp,728,0,0,2,0,2019324,148500,0,0,17,143,10,2,2,4,138543,1,0,1,2,12,0
roster,13,17,0,pvp,730,0,0,3,0,1787176,301086,6914,15068,17,119,9,2,2,1,95692,1,0,2,1,12,0
roster,13,17,1,pvp,345,0,0,7,0,1319686,153864,136,0,17,102,6,3,3,2,142151,1,1,2,2,30,0
roster,13,17,2,pvp,501,0,0,5,0,1566772,0,0,0,17,158,8,1,1,1,21677,0,0,2,2,21,0
roster,13,17,3,pvp,533,0,0,5,0,1572573,147000,0,0,17,93,9,3,3,2,97119,1,0,2,2,30,0
roster,13,18,0,pvp,420,0,1,0,5,1519593,127130,1870,12678,17,113,8,2,2,1,66747,1,0,2,2,0,21
roster,13,18,1,pvp,459,0,1,0,6,1390512,84543,3457,0,17,100,7,3,3,4,147205,0,1,1,2,0,33
roster,13,18,2,pvp,423,0,0,5,0,1637160,121000,0,1972,17,215,8,3,3,3,132483,1,0,2,2,15,0
roster,13,18,3,pvp,372,0,0,5,0,1274082,77000,0,0,17,102,8,1,1,1,22167,0,1,2,2,21,0
roster,13,19,0,pvp,456,0,1,0,6,1674807,93500,0,0,17,111,8,3,3,1,103545,1,0,2,2,0,27
roster,13,19,1,pvp,561,0,1,0,3,1878123,206172,13828,2209,17,101,11,3,3,3,144466,0,1,1,2,0,18
roster,13,19,2,pvp,900,1,0,2,1,2217842,203500,0,0,17,151,11,4,4,4,256855,1,1,2,2,6,9
roster,13,19,3,pvp,716,0,0,2,0,1868776,78000,0,10111,17,141,12,1,1,1,21677,0,0,2,2,9,0
roster,13,20,0,neutral,240,0,0,6,0,762210,16500,0,0,8,125,4,2,2,2,108392,1,0,2,0,21,0
roster,13,20,1,neutral,271,0,0,6,0,747202,0,0,0,8,104,4,1,1,1,18753,0,0,1,0,27,0
roster,13,20,2,neutral,269,0,0,6,0,739696,44000,0,0,8,105,4,2,2,0,80182,1,0,2,0,27,0
roster,13,20,3,neutral,268,0,0,7,0,734016,0,0,0,8,143,3,0,0,0,0,0,0,2,0,33,0
roster,13,20,4,neutral,238,0,0,7,0,693826,0,0,0,8,104,3,2,2,0,52161,1,0,2,0,36,0
roster,13,20,5,neutral,269,0,0,6,0,760415,26000,0,2739,8,162,4,1,1,0,24818,0,0,2,0,24,0
roster,13,20,6,neutral,275,0,0,7,0,752644,0,0,0,8,203,3,1,1,0,27682,0,0,2,0,33,0
roster,13,20,7,neutral,201,0,0,7,0,758275,44000,0,0,8,129,3,2,2,1,63954,1,0,2,0,36,0
roster,13,21,0,pvp,602,0,0,4,0,1966562,242000,0,0,17,137,10,4,3,4,112451,1,1,2,2,15,0
roster,13,21,1,pvp,587,0,1,0,2,1910512,0,0,3728,17,83,12,2,2,3,139047,0,0,1,2,0,6
roster,13,21,2,pvp,692,0,1,0,4,1747088,143879,4621,0,17,141,10,2,2,1,75341,0,1,2,2,0,27
roster,13,21,3,pvp,459,0,0,4,0,1701757,142043,3457,0,17,105,10,3,3,1,93130,0,1,2,2,15,0
roster,13,22,0,pvp,624,0,1,0,3,1820226,164152,848,1463,17,97,11,3,3,1,123801,1,0,2,2,0,9
roster,13,22,1,pvp,669,0,1,0,4,1886171,137500,0,3913,17,132,10,3,3,4,130329,0,1,1,2,0,27
roster,13,22,2,pvp,560,0,0,3,0,2019515,348363,3637,0,17,82,11,4,4,1,179200,1,1,2,2,12,0
roster,13,22,3,pvp,607,0,0,2,0,1813854,26000,0,0,17,151,12,1,1,1,16917,0,0,2,2,9,0
roster,13,23,0,pvp,705,0,0,1,0,1996024,206473,2527,3522,17,88,13,4,4,2,171373,1,1,2,2,3,0
roster,13,23,1,pvp,652,0,0,2,0,1980457,0,0,0,17,125,12,2,2,1,58434,0,0,2,2,6,0
roster,13,23,2,pvp,763,0,1,0,3,2193131,243543,3457,35838,17,108,12,3,3,1,82318,1,0,2,2,0,15
roster,13,23,3,pvp,702,0,1,0,4,2033441,198000,0,0,17,164,10,3,3,4,108376,0,1,2,2,0,27
roster,13,24,0,pvp,728,0,1,0,3,1969870,150825,3175,0,17,93,11,3,3,2,114150,1,0,2,2,0,15
roster,13,24,1,pvp,900,1,1,1,3,2097078,352128,5372,0,17,119,10,4,4,2,100606,1,1,2,2,3,24
roster,13,24,2,pvp,395,0,0,6,0,1546592,99000,0,0,17,83,8,3,3,2,136222,0,1,2,2,24,0
roster,13,24,3,pvp,478,0,0,6,0,1893512,78000,0,7826,17,144,9,2,2,1,54284,0,0,2,2,24,0
roster,13,25,0,neutral,550,0,0,4,0,1888756,93500,0,0,8,108,7,2,2,3,105000,1,0,2,0,15,0
roster,13,25,1,neutral,753,0,0,3,0,1969231,0,0,0,8,133,8,1,1,1,30545,0,0,2,0,15,0
roster,13,25,2,neutral,479,0,0,6,0,1657537,0,0,0,8,102,5,2,2,4,149862,1,0,2,0,21,0
roster,13,25,3,neutral,475,0,0,6,0,1765345,0,0,0,8,208,6,1,1,1,27682,0,0,2,0,18,0
roster,13,25,4,neutral,576,0,0,6,0,1843629,237022,4978,0,8,143,5,1,1,2,49637,2,0,2,0,36,0
roster,13,25,5,neutral,409,0,0,6,0,1723920,26000,0,3273,8,128,6,1,1,0,24818,0,0,2,0,21,0
roster,13,25,6,neutral,420,0,0,7,0,1570766,0,0,0,8,145,5,1,1,0,71592,0,0,2,0,30,0
roster,13,25,7,neutral,403,0,0,5,0,1771669,60500,0,0,8,83,7,2,2,2,88773,1,0,2,0,30,0
roster,13,26,0,pvp,420,0,1,0,5,1674770,159500,0,0,17,73,9,4,4,2,138780,1,1,2,2,0,18
roster,13,26,1,pvp,448,0,1,0,3,1933656,103086,1414,0,17,92,12,3,3,3,144269,0,1,2,2,0,18
roster,13,26,2,pvp,727,0,0,3,0,2172030,0,0,1650,17,179,13,2,2,2,43354,0,0,2,2,9,0
roster,13,26,3,pvp,811,0,1,0,3,2298139,262870,10630,15079,17,171,12,2,2,1,27984,2,0,2,2,0,9
roster,13,27,0,pvp,528,0,1,0,5,1834767,143527,4973,0,17,82,11,3,3,3,117747,2,0,2,2,0,15
roster,13,27,1,pvp,615,0,1,0,5,1906601,78000,0,10023,17,105,10,2,1,1,23386,0,0,2,2,0,21
roster,13,27,2,pvp,518,0,1,0,5,2042928,200043,3457,0,17,173,10,3,2,3,64455,1,0,2,2,0,18
roster,13,27,3,pvp,535,0,0,5,0,1986188,318864,136,0,17,104,10,3,3,3,152875,2,1,2,2,30,0
roster,13,28,0,pvp,900,1,1,2,3,2333277,639175,15325,3550,17,108,10,3,3,1,109603,2,2,2,2,9,21
roster,13,28,1,pvp,717,0,0,3,0,2230003,0,0,10332,17,135,13,2,2,1,119609,0,0,2,2,18,0
roster,13,28,2,pvp,475,0,1,0,5,1967224,77000,0,0,17,221,10,3,3,1,121836,1,0,2,2,0,15
roster,13,28,3,pvp,464,0,1,0,4,1932254,156490,10,16163,17,105,12,3,2,1,110229,0,1,2,2,0,27
roster,13,29,0,pvp,470,0,0,5,0,1950880,420362,20638,27140,17,87,11,3,3,4,139789,2,0,2,2,21,0
roster,13,29,1,pvp,679,0,1,0,3,2146259,0,0,3913,17,125,13,2,2,1,45387,0,0,2,2,0,12
roster,13,29,2,pvp,622,0,0,6,0,2032523,344092,2408,0,17,131,9,3,3,1,81491,1,2,2,2,27,0
roster,13,29,3,pvp,519,0,0,5,0,2023603,159500,0,0,17,77,11,3,3,2,100441,0,1,2,2,21,0
roster,13,30,0,neutral,900,1,0,2,1,2366185,143185,4215,52772,8,108,9,2,2,3,85908,2,0,2,0,9,0
roster,13,30,1,neutral,590,0,0,5,0,2038830,0,0,0,8,102,7,1,1,1,55363,0,0,2,0,24,0
roster,13,30,2,neutral,574,0,0,5,0,2105451,33000,0,0,8,152,7,2,2,1,73705,1,0,2,0,18,0
roster,13,30,3,neutral,540,0,0,5,0,2038961,0,0,0,8,158,7,1,1,1,33409,0,0,2,0,18,0
roster,13,30,4,neutral,574,0,0,5,0,2194228,198000,0,0,8,125,7,2,2,1,122999,2,0,2,0,30,0
roster,13,30,5,neutral,431,0,0,8,0,2007815,52000,0,52770,8,81,5,1,1,1,55363,0,0,2,0,30,0
roster,13,30,6,neutral,562,0,0,5,0,1975023,0,0,22304,8,158,7,1,1,1,85909,0,0,2,0,21,0
roster,13,30,7,neutral,537,0,0,4,0,2189189,49500,0,0,8,108,8,2,2,1,31296,1,0,2,0,27,0
roster,13,31,0,pvp,538,0,1,0,6,1926546,210242,4808,3435,17,101,10,3,3,3,173743,2,0,2,2,0,21
roster,13,31,1,pvp,815,0,1,0,1,2294562,121000,0,17556,17,108,15,3,3,0,70539,0,1,2,2,0,9
roster,13,31,2,pvp,900,1,1,1,1,2592648,322722,7278,0,17,197,14,3,3,2,132609,2,0,2,2,6,6
roster,13,31,3,pvp,531,0,1,0,3,2085482,177000,0,6627,17,107,14,3,3,3,162850,0,1,2,2,0,21
roster,13,32,0,pvp,593,0,1,0,6,2332331,422874,526,0,17,131,11,3,3,1,82318,2,0,2,2,0,24
roster,13,32,1,pvp,567,0,1,0,5,2288853,309771,3729,0,17,139,11,3,3,4,151311,0,2,2,2,0,30
roster,13,32,2,pvp,580,0,0,4,0,2065819,223804,1696,3522,17,101,12,4,3,1,107806,1,1,2,2,18,0
roster,13,32,3,pvp,766,0,0,3,0,2304488,0,0,0,17,151,13,2,2,3,94680,0,0,2,2,9,0
roster,13,33,0,pvp,786,0,1,0,4,2325938,332309,15291,7826,17,80,13,3,3,2,124005,2,0,2,2,0,21
roster,13,33,1,pvp,496,0,1,0,6,1875827,22000,0,0,17,85,11,3,3,3,123889,1,0,2,2,0,27
roster,13,33,2,pvp,506,0,0,5,0,2027465,26000,0,0,17,122,12,2,2,1,90165,0,0,2,2,15,0
roster,13,33,3,pvp,483,0,0,5,0,1890804,247500,0,0,17,122,11,4,4,1,166272,2,1,2,2,30,0
roster,13,34,0,pvp,818,0,0,3,0,2243141,121000,0,11662,17,82,14,3,3,2,101237,0,1,2,2,18,0
roster,13,34,1,pvp,862,0,1,0,3,2481311,153864,136,0,17,153,13,3,3,2,216867,0,2,2,2,0,21
roster,13,34,2,pvp,470,0,1,0,6,1924428,26000,0,2700,17,118,12,2,1,2,68250,0,0,2,2,0,27
roster,13,35,0,neutral,583,0,0,4,0,2459012,0,0,0,8,100,9,1,1,1,55363,0,0,2,0,15,0
roster,13,35,1,neutral,566,0,0,5,0,2282469,0,0,0,8,160,7,1,1,1,55363,0,0,2,0,18,0
roster,13,35,2,neutral,646,0,0,6,0,2338303,165000,0,0,8,128,6,2,2,2,113592,2,0,2,0,36,0
roster,13,35,3,neutral,631,0,1,0,3,2381887,44182,7818,0,8,83,10,1,1,0,24818,0,0,2,0,0,0
roster,13,35,4,neutral,483,0,0,7,0,2270594,0,0,0,8,164,6,1,1,2,49637,0,0,2,0,33,0
roster,13,36,0,ghost,840,0,1,0,2,2425586,0,0,3913,17,89,15,2,2,0,90226,0,0,2,2,0,6
roster,13,36,1,pvp,900,1,1,1,3,2350243,0,0,0,17,157,13,2,2,1,45387,0,0,2,2,3,15
roster,13,36,2,pvp,653,0,1,0,4,2401977,200500,0,0,17,149,13,3,3,3,121429,2,0,2,2,0,15
roster,13,37,0,ghost,552,0,1,0,4,2112549,26000,0,0,17,121,14,2,2,0,67183,0,0,2,2,0,21
roster,13,37,1,pvp,900,1,0,1,1,2553835,0,0,1916,17,99,16,2,2,2,102191,0,0,2,2,3,6
roster,13,37,2,pvp,632,0,1,0,4,2108398,145043,3457,0,17,184,12,3,3,2,98041,0,2,2,2,0,24
roster,13,38,0,ghost,820,0,1,0,2,2568268,187000,0,0,17,138,15,3,3,3,203208,2,0,2,2,0,9
roster,13,38,1,pvp,585,0,0,4,0,2204460,0,0,3913,17,125,13,2,2,3,102591,0,0,2,2,21,0
roster,13,38,2,pvp,836,0,0,2,0,2607400,26000,0,3913,17,121,16,2,2,0,78476,0,0,2,2,9,0
roster,13,39,0,ghost,844,0,0,3,0,2309893,0,0,7664,17,109,15,2,2,0,82174,0,0,2,2,15,0
roster,13,39,1,pvp,675,0,1,0,5,2491135,223797,1703,0,17,102,13,3,3,1,191127,0,2,2,2,0,33
roster,13,39,2,pvp,536,0,1,0,4,2164581,52000,0,0,17,136,13,2,2,0,73308,0,0,2,2,0,15
roster,13,40,0,neutral,695,0,0,3,0,2695992,0,0,0,8,189,9,1,1,1,85909,0,0,2,0,9,0
roster,13,40,1,neutral,667,0,0,4,0,2765869,143956,4544,0,8,123,9,2,2,1,138410,2,0,2,0,18,0
roster,13,40,2,neutral,771,0,0,3,0,2740700,104000,0,0,8,106,10,1,1,0,24818,0,0,2,0,21,0
roster,13,40,3,neutral,585,0,0,6,0,2607670,0,0,0,8,185,7,1,1,1,55364,0,0,2,0,30,0
roster,13,41,0,pvp,900,1,1,1,2,2517749,0,0,0,17,164,15,2,2,1,92894,0,0,2,2,3,9
roster,13,41,1,pvp,655,0,0,6,0,2589646,457500,0,10800,17,127,12,3,3,3,141215,2,0,2,2,36,0
roster,13,42,0,ghost,750,0,1,0,6,2516962,538910,5590,3913,17,139,12,3,2,1,50894,0,2,2,2,0,36
roster,13,42,1,pvp,700,0,0,6,0,2338980,324500,0,5916,17,124,12,3,3,3,178514,2,0,2,2,36,0
roster,13,43,0,pvp,827,0,0,5,0,2669608,419500,4000,0,17,152,13,3,3,3,113554,2,0,2,2,33,0
roster,14,1,0,neutral,64,0,0,4,0,22909,0,0,0,21,64,1,0,0,0,0,1,0,1,0,5,0
roster,14,1,1,neutral,44,0,0,4,0,21000,0,0,0,17,44,1,2,1,1,17136,0,0,2,0,4,0
roster,14,1,2,neutral,64,0,0,4,0,22909,0,0,0,18,64,1,0,0,0,0,0,0,2,0,6,0
roster,14,1,3,neutral,40,0,0,4,0,21000,0,0,0,17,40,1,2,1,1,16000,0,0,2,0,4,0
roster,14,1,4,neutral,60,0,0,4,0,22909,0,0,0,24,60,1,0,0,0,0,0,0,2,0,4,0
roster,14,1,5,neutral,56,0,0,4,0,22909,0,0,0,17,56,1,1,1,1,9546,0,0,2,0,4,0
roster,14,1,6,neutral,60,0,0,4,0,22909,0,0,0,24,60,1,0,0,0,0,0,0,2,0,4,0
roster,14,1,7,neutral,49,0,0,4,0,21000,0,0,0,17,49,1,2,1,1,17136,0,0,2,0,4,0
roster,14,2,0,neutral,131,0,0,4,0,51175,3500,0,0,18,64,2,0,0,0,0,1,0,1,0,9,0
roster,14,2,1,neutral,182,0,0,4,0,52997,0,0,0,17,93,2,1,0,0,0,0,0,2,0,6,0
roster,14,2,2,neutral,156,0,0,4,0,57262,7000,0,0,18,77,2,0,0,0,0,1,0,2,0,9,0
roster,14,2,3,neutral,56,0,0,4,0,41435,0,0,0,17,40,2,2,2,2,30000,0,0,2,0,6,0
roster,14,2,4,neutral,94,0,0,4,0,46305,0,0,0,17,40,2,1,1,1,16000,0,0,2,0,4,0
roster,14,2,5,neutral,150,0,0,4,0,49370,0,0,0,17,88,2,1,1,0,728,0,0,2,0,4,0
roster,14,2,6,neutral,83,0,0,4,0,45999,0,0,0,18,64,2,0,0,0,0,0,0,1,0,9,0
roster,14,2,7,neutral,116,0,0,4,0,50566,0,0,0,18,65,2,0,0,0,0,0,0,2,0,7,0
roster,14,3,0,neutral,171,0,0,5,0,88653,0,0,0,18,73,3,0,0,0,0,1,0,1,0,12,0
roster,14,3,1,neutral,93,0,0,5,0,75901,0,0,0,17,40,3,1,1,1,21000,0,0,2,0,9,0
roster,14,3,2,neutral,129,0,0,5,0,84543,10500,0,0,18,64,3,0,0,0,0,1,0,2,0,11,0
roster,14,3,3,neutral,117,0,0,5,0,77696,0,0,0,17,56,3,2,1,1,12182,0,0,2,0,9,0
roster,14,3,4,neutral,117,0,0,5,0,77962,0,0,0,17,40,3,1,1,1,14127,0,0,1,0,10,0
roster,14,3,5,neutral,133,0,0,5,0,79637,11185,2815,622,17,49,3,1,1,1,17136,1,0,2,0,8,0
roster,14,3,6,neutral,90,0,0,5,0,74999,0,0,0,17,64,3,1,1,0,18000,0,0,1,0,10,0
roster,14,3,7,neutral,113,0,0,5,0,79522,6435,565,0,17,70,3,1,1,0,17182,1,0,1,0,13,0
roster,14,4,0,pvp,494,0,1,0,5,976209,0,0,19411,17,144,5,1,1,1,39084,0,0,1,1,0,14
roster,14,4,1,pvp,409,0,0,4,0,848647,0,0,0,17,106,6,2,2,1,46923,0,0,2,1,12,0
roster,14,4,2,pvp,411,0,1,0,3,758878,38500,0,0,18,123,7,0,0,0,0,1,0,2,2,0,8
roster,14,4,3,pvp,368,0,1,0,4,694378,83065,935,0,17,137,6,2,2,2,44624,0,2,1,2,0,10
roster,14,5,0,neutral,245,0,0,5,0,342461,0,0,0,8,83,3,0,0,0,0,0,0,1,0,17,0
roster,14,5,1,neutral,294,0,0,5,0,352958,0,0,0,8,203,3,1,1,1,58227,0,0,2,0,14,0
roster,14,5,2,neutral,183,0,0,5,0,349289,28000,0,0,8,108,3,0,0,0,0,1,0,1,0,16,0
roster,14,5,3,neutral,190,0,0,5,0,317390,0,0,0,17,113,3,1,1,0,30545,0,0,2,0,13,0
roster,14,5,4,neutral,190,0,0,5,0,313479,0,0,0,18,94,3,0,0,0,0,0,0,1,0,18,0
roster,14,5,5,neutral,186,0,0,5,0,327827,0,0,0,8,112,3,1,1,1,30545,0,0,1,0,14,0
roster,14,5,6,neutral,178,0,0,5,0,321739,0,0,0,8,80,3,1,1,1,17136,0,0,2,0,11,0
roster,14,5,7,neutral,269,0,0,5,0,317311,0,0,0,8,72,3,1,1,0,30545,0,0,1,0,14,0
roster,14,6,0,pvp,900,1,0,1,1,1184959,77500,0,0,18,212,8,0,0,0,0,0,1,1,1,3,3
roster,14,6,1,pvp,422,0,1,0,4,857617,0,0,0,17,151,6,1,1,1,24889,0,0,2,1,0,15
roster,14,6,2,pvp,333,0,0,4,0,923317,0,0,3913,17,72,6,2,2,1,82173,0,0,2,2,11,0
roster,14,6,3,pvp,450,0,1,0,2,1266764,0,0,0,17,120,8,2,2,3,150017,0,0,1,1,0,6
roster,14,7,0,pvp,374,0,1,0,4,965709,0,0,0,17,151,6,1,1,1,61010,0,0,1,1,0,21
roster,14,7,1,pvp,493,0,1,0,3,1058813,0,0,0,17,173,7,2,2,0,59558,0,0,1,1,0,12
roster,14,7,2,pvp,372,0,1,0,2,1051396,3500,0,3913,17,69,8,1,1,2,51545,1,0,1,1,0,6
roster,14,7,3,pvp,571,0,1,0,3,1233681,0,0,0,17,193,7,1,1,1,51172,0,0,1,1,0,9
roster,14,8,0,pvp,415,0,1,0,4,904420,0,0,17413,17,194,6,1,1,1,51698,0,0,1,1,0,15
roster,14,8,1,pvp,643,0,1,0,2,1166240,0,0,0,17,178,8,2,2,3,70778,0,0,1,2,0,9
roster,14,8,2,pvp,458,0,1,0,2,1139309,0,0,0,8,113,8,1,1,1,43556,0,0,1,1,0,15
roster,14,8,3,pvp,437,0,0,3,0,1032587,0,0,0,17,141,7,2,2,2,49778,0,0,2,1,15,0
roster,14,9,0,pvp,409,0,1,0,4,1200373,0,0,0,17,196,8,2,2,1,86016,0,0,2,2,0,14
roster,14,9,1,pvp,526,0,1,0,3,1355701,0,0,0,17,182,9,1,1,0,29217,0,0,2,1,0,12
roster,14,9,2,pvp,434,0,1,0,4,1261352,52000,0,16309,17,82,8,2,2,0,70250,0,0,2,1,0,15
roster,14,9,3,pvp,512,0,1,0,2,1548035,0,0,25426,17,102,10,2,2,2,97323,0,0,2,2,0,12
roster,14,10,0,neutral,278,0,0,6,0,472523,0,0,3334,8,149,3,0,0,0,0,0,0,2,0,20,0
roster,14,10,1,neutral,196,0,0,6,0,438538,0,0,0,8,85,3,2,2,2,91635,0,0,2,0,24,0
roster,14,10,2,neutral,213,0,0,6,0,479283,0,0,0,8,117,3,0,0,0,0,0,0,2,0,21,0
roster,14,10,3,neutral,184,0,0,6,0,473544,0,0,0,8,119,3,1,1,1,17574,0,0,1,0,27,0
roster,14,10,4,neutral,237,0,0,6,0,461687,26000,0,0,8,120,3,1,0,1,0,1,0,1,0,27,0
roster,14,10,5,neutral,218,0,0,6,0,459235,0,0,0,8,117,3,1,1,1,58227,0,0,2,0,21,0
roster,14,10,6,neutral,183,0,0,6,0,489546,0,0,0,8,136,3,1,0,1,0,0,0,2,0,30,0
roster,14,10,7,neutral,208,0,0,6,0,454159,0,0,0,8,122,3,1,1,0,30545,0,0,1,0,21,0
roster,14,11,0,pvp,447,0,1,0,3,1400835,0,0,0,17,112,9,1,1,1,59098,0,0,2,2,0,15
roster,14,11,1,pvp,460,0,0,3,0,1531309,0,0,0,17,85,9,4,3,1,143903,0,0,2,2,18,0
roster,14,11,2,pvp,572,0,1,0,3,1444842,112500,0,3520,17,151,9,1,1,1,94322,0,1,1,2,0,12
roster,14,11,3,pvp,599,0,0,3,0,1709660,155000,0,0,17,145,9,2,2,1,68851,1,0,1,2,15,0
roster,14,12,0,pvp,525,0,1,0,5,1449268,173925,2075,6186,17,218,7,1,1,2,48628,0,1,2,2,0,21
roster,14,12,1,pvp,620,0,0,3,0,1481178,78000,0,0,17,151,9,1,1,0,30545,0,0,1,2,18,0
roster,14,12,2,pvp,477,0,0,3,0,1503975,166652,848,0,17,109,9,3,2,3,140734,0,1,2,1,15,0
roster,14,12,3,pvp,486,0,0,2,0,1434171,0,0,0,17,184,10,2,2,0,51773,0,0,2,2,12,0
roster,14,13,0,pvp,446,0,1,0,4,1333177,0,0,9163,17,121,8,2,2,2,63613,0,0,2,2,0,18
roster,14,13,1,pvp,484,0,1,0,3,1491969,0,0,0,17,155,9,3,3,0,112770,0,0,1,2,0,12
roster,14,13,2,pvp,472,0,1,0,5,1338538,113601,4399,0,17,141,7,1,1,1,52500,0,1,2,2,0,18
roster,14,13,3,pvp,416,0,0,4,0,1474955,131745,2755,0,17,118,8,2,2,0,89884,1,0,1,2,18,0
roster,14,14,0,pvp,520,0,1,0,4,1381561,33000,0,0,17,170,8,1,1,1,30545,1,0,2,1,0,27
roster,14,14,1,pvp,539,0,1,0,2,1541270,78000,0,1972,17,126,10,1,0,0,0,0,0,2,2,0,9
roster,14,14,2,pvp,400,0,1,0,3,1374836,0,0,0,17,89,9,4,4,2,130090,0,0,2,2,0,9
roster,14,14,3,pvp,603,0,0,4,0,1691081,242500,500,1680,17,153,8,2,2,1,118768,1,1,1,2,18,0
roster,14,15,0,neutral,287,0,0,6,0,603705,44000,0,9185,8,142,3,0,0,0,0,1,0,2,0,27,0
roster,14,15,1,neutral,289,0,0,6,0,574935,0,0,0,8,105,3,1,1,2,61090,0,0,1,0,33,0
roster,14,15,2,neutral,341,0,0,6,0,584101,26000,0,4696,8,127,3,0,0,0,0,0,0,2,0,24,0
roster,14,15,3,neutral,218,0,0,6,0,584598,0,0,0,8,108,3,2,2,1,80182,0,0,2,0,27,0
roster,14,15,4,neutral,257,0,0,6,0,593463,16500,0,0,8,153,3,1,1,0,52500,1,0,2,0,24,0
roster,14,15,5,neutral,218,0,0,6,0,595487,0,0,11740,8,131,3,1,1,1,49637,1,0,2,0,24,0
roster,14,15,6,neutral,220,0,0,6,0,609236,0,0,0,8,105,3,1,1,0,58227,0,0,2,0,30,0
roster,14,15,7,neutral,237,0,0,6,0,562622,0,0,0,8,94,3,2,2,1,61090,0,0,2,0,27,0
roster,14,16,0,pvp,455,0,1,0,5,1327864,169793,3457,10023,17,221,7,1,1,2,47125,1,1,2,2,0,18
roster,14,16,1,pvp,528,0,0,3,0,1467538,55000,0,23455,17,141,9,2,2,1,58434,0,1,1,2,18,0
roster,14,16,2,pvp,364,0,1,0,5,1295497,26000,0,0,17,142,7,3,3,4,180648,0,0,1,2,0,24
roster,14,16,3,pvp,339,0,0,4,0,1374843,0,0,15783,17,79,9,3,3,3,112485,0,0,2,2,18,0
roster,14,17,0,pvp,448,0,1,0,3,1523465,37950,0,3913,17,170,10,2,2,2,143188,1,0,2,2,0,15
roster,14,17,1,pvp,592,0,1,0,2,1681110,0,0,22436,17,94,10,2,2,2,50894,0,0,1,2,0,9
roster,14,17,2,pvp,718,0,1,0,2,1755384,211500,0,0,17,129,10,2,2,2,72263,0,2,1,2,0,12
roster,14,17,3,pvp,523,0,0,3,0,1680499,126500,0,0,17,122,10,3,3,1,180074,0,1,2,2,15,0
roster,14,18,0,pvp,583,0,1,0,4,1756434,191695,10705,0,17,112,10,2,2,2,126125,1,0,2,2,0,18
roster,14,18,1,pvp,590,0,0,3,0,1512795,78000,0,0,17,192,9,2,2,0,50894,0,0,1,1,18,0
roster,14,18,2,pvp,500,0,1,0,2,1614268,247364,136,0,17,129,10,3,3,4,156948,2,0,2,2,0,12
roster,14,18,3,pvp,526,0,1,0,1,1683859,71500,0,0,17,95,11,2,2,1,55695,1,0,2,2,0,3
roster,14,19,0,pvp,502,0,1,0,4,1609616,77300,0,0,17,160,10,1,1,2,65860,1,0,2,2,0,15
roster,14,19,1,pvp,535,0,0,3,0,1797022,0,0,0,17,94,11,4,4,3,203541,0,0,2,2,21,0
roster,14,19,2,pvp,762,0,1,0,2,2042695,334652,848,0,17,106,12,2,1,1,24889,2,0,2,2,0,9
roster,14,19,3,pvp,364,0,1,0,5,1539588,33000,0,3913,17,104,9,3,3,1,146025,1,0,2,2,0,24
roster,14,20,0,neutral,326,0,0,7,0,767714,50600,0,0,8,122,3,0,0,0,0,1,0,2,0,30,0
roster,14,20,1,neutral,303,0,0,7,0,721342,0,0,0,8,177,3,2,2,1,61090,0,0,2,0,36,0
roster,14,20,2,neutral,247,0,0,7,0,756911,26000,0,2739,8,131,3,1,1,0,30545,0,0,2,0,27,0
roster,14,20,3,neutral,238,0,0,7,0,711242,0,0,0,8,128,3,2,2,1,80182,0,0,2,0,30,0
roster,14,20,4,neutral,295,0,0,7,0,746296,85370,2630,0,8,205,3,1,1,2,66818,2,0,2,0,30,0
roster,14,20,5,neutral,266,0,0,7,0,778426,44000,0,0,8,160,3,1,1,0,27682,1,0,2,0,27,0
roster,14,20,6,neutral,211,0,0,7,0,753684,0,0,0,8,141,3,1,1,1,30545,0,0,2,0,33,0
roster,14,20,7,neutral,200,0,0,7,0,710476,0,0,0,8,99,3,2,2,2,85909,0,0,2,0,30,0
roster,14,21,0,pvp,771,0,1,0,3,1937227,249283,6192,0,17,121,11,1,1,0,51545,1,1,2,2,0,12
roster,14,21,1,pvp,532,0,0,4,0,1721215,99000,0,0,17,131,10,3,3,1,140265,0,2,2,2,24,0
roster,14,21,2,pvp,640,0,1,0,2,1843803,78000,0,0,17,106,12,3,3,4,165181,0,0,2,2,0,6
roster,14,21,3,pvp,374,0,1,0,5,1446237,0,0,20004,17,84,9,3,3,2,113280,0,0,2,2,0,18
roster,14,22,0,pvp,481,0,1,0,4,1581294,12650,0,31326,17,141,10,2,2,2,126958,1,0,2,2,0,27
roster,14,22,1,pvp,369,0,1,0,6,1386301,52000,0,16191,17,134,8,3,3,4,144098,0,0,2,2,0,21
roster,14,22,2,pvp,696,0,0,3,0,1870331,260229,3771,1972,17,106,11,3,3,1,105912,0,2,2,2,9,0
roster,14,22,3,pvp,443,0,1,0,5,1660431,55000,0,0,17,105,9,2,2,1,55695,1,0,2,2,0,24
roster,14,23,0,pvp,445,0,1,0,5,1561701,31625,0,3913,17,113,9,1,1,1,30545,1,0,2,2,0,24
roster,14,23,1,pvp,584,0,0,4,0,1982371,107000,0,0,17,161,11,3,2,1,94563,0,1,2,2,21,0
roster,14,23,2,pvp,522,0,1,0,6,1621889,323648,8852,0,17,129,8,2,2,2,54106,0,2,2,2,0,27
roster,14,23,3,pvp,392,0,1,0,4,1607151,0,0,0,17,83,10,4,4,3,129651,0,0,2,2,0,15
roster,14,24,0,pvp,415,0,1,0,5,1579358,24575,725,38259,17,180,9,2,2,2,122080,1,0,2,2,0,24
roster,14,24,1,pvp,534,0,1,0,4,1882583,0,0,0,17,92,11,4,4,3,123732,0,0,2,2,0,12
roster,14,24,2,pvp,543,0,1,0,4,1618057,109500,0,0,17,142,11,2,2,2,109476,0,1,2,2,0,15
roster,14,24,3,pvp,444,0,0,5,0,1808468,351433,17067,3944,17,152,9,2,2,0,78252,2,0,2,2,24,0
roster,14,25,0,neutral,711,0,0,3,0,2100155,234015,10,0,8,150,8,0,0,0,0,1,0,2,0,9,0
roster,14,25,1,neutral,436,0,0,6,0,1723579,0,0,0,8,146,6,2,2,2,107863,0,0,2,0,33,0
roster,14,25,2,neutral,583,0,0,4,0,1949980,52000,0,3273,8,158,7,1,1,2,52500,0,0,2,0,18,0
roster,14,25,3,neutral,412,0,0,6,0,1726079,0,0,0,8,108,6,2,2,1,102137,0,0,2,0,24,0
roster,14,25,4,neutral,534,0,0,5,0,1939136,280500,0,0,8,181,6,1,1,2,83045,2,0,2,0,21,0
roster,14,25,5,neutral,558,0,0,4,0,1881940,86500,0,3273,8,108,8,1,1,2,61090,1,0,2,0,15,0
roster,14,25,6,neutral,518,0,0,3,0,1809600,0,0,0,8,83,8,1,1,1,74455,0,0,2,0,9,0
roster,14,25,7,neutral,392,0,0,6,0,1673301,0,0,5455,8,106,6,2,2,2,85908,0,0,2,0,27,0
roster,14,26,0,pvp,892,0,0,4,0,2180733,351566,11759,17578,18,131,12,1,1,0,22556,1,0,2,2,18,0
roster,14,26,1,pvp,431,0,0,5,0,1726209,126500,0,0,17,129,10,3,3,1,90122,0,2,2,2,27,0
roster,14,26,2,pvp,380,0,0,5,0,1582155,0,0,0,17,89,10,3,3,3,97932,0,0,2,2,21,0
roster,14,26,3,pvp,479,0,1,0,4,1870777,70000,0,54394,17,126,12,3,3,5,136486,1,0,2,2,0,15
roster,14,27,0,pvp,523,0,1,0,5,1932479,94875,0,21416,17,94,11,2,2,1,79640,1,0,2,2,0,15
roster,14,27,1,pvp,632,0,1,0,4,2097630,0,0,2583,17,110,12,4,4,3,138243,0,0,2,2,0,15
roster,14,27,2,pvp,492,0,0,5,0,1560471,52000,0,3913,17,99,10,2,2,1,58434,0,0,2,2,21,0
roster,14,27,3,pvp,654,0,1,0,4,2165115,418500,500,4500,17,131,11,2,1,0,24889,2,1,2,2,0,18
roster,14,28,0,ghost,427,0,0,5,0,1873308,0,0,0,17,105,11,3,3,1,103571,0,0,2,2,24,0
roster,14,28,1,pvp,472,0,1,0,4,1766092,52000,0,3913,17,89,12,3,3,1,105651,0,0,2,2,0,18
roster,14,28,2,pvp,379,0,1,0,6,1670276,110000,0,0,17,133,9,3,3,1,163209,2,1,2,2,0,27
roster,14,28,3,pvp,649,0,0,1,0,2202213,136000,0,0,17,129,15,2,2,1,120251,1,0,2,2,6,0
roster,14,29,0,ghost,602,0,0,2,0,2103225,130500,0,3913,17,106,14,3,3,2,163152,1,0,2,2,9,0
roster,14,29,1,pvp,432,0,0,6,0,1748222,52000,0,0,17,124,10,3,3,2,128822,0,0,2,2,30,0
roster,14,29,2,pvp,748,0,0,2,0,2198078,264000,0,1972,17,82,14,3,3,1,139197,0,2,2,2,6,0
roster,14,29,3,pvp,583,0,1,0,4,1982624,121000,0,5166,17,99,12,3,3,0,78230,0,1,2,2,0,18
roster,14,30,0,neutral,518,0,0,5,0,2153045,0,0,0,8,181,7,2,2,1,83045,0,0,2,0,24,0
roster,14,30,1,neutral,645,0,1,0,2,2357271,0,0,0,8,108,10,2,2,1,58227,0,0,2,0,0,0
roster,14,30,2,neutral,900,1,0,1,1,2589328,164166,6334,15954,8,83,10,1,1,0,30545,2,0,2,0,6,0
roster,14,30,3,neutral,742,0,1,0,3,2271665,33000,0,7364,8,83,9,1,1,0,30545,1,0,2,0,0,0
roster,14,30,4,neutral,658,0,1,0,2,2222260,0,0,0,8,100,10,1,1,0,30545,0,0,2,0,0,0
roster,14,30,5,neutral,382,0,0,7,0,1982781,120761,239,0,8,133,5,2,2,2,124092,1,0,2,0,33,0
roster,14,31,0,pvp,640,0,0,2,0,2063133,0,0,3913,17,94,14,4,4,0,105912,0,0,2,2,18,0
roster,14,31,1,pvp,626,0,1,0,3,2334526,397866,4634,3913,17,108,13,2,2,0,49013,2,0,2,2,0,18
roster,14,31,2,pvp,363,0,1,0,8,1699068,174000,500,15186,17,82,8,3,3,3,151275,1,1,2,2,0,36
roster,14,32,0,pvp,823,0,1,0,2,2399193,211543,2957,3913,17,121,14,4,4,3,156563,0,1,2,2,0,9
roster,14,32,1,pvp,570,0,1,0,4,2118923,0,0,0,17,89,13,3,2,2,53193,0,0,2,2,0,21
roster,14,32,2,pvp,507,0,0,6,0,1980058,372123,13877,37916,17,151,10,2,2,3,130540,2,1,2,2,27,0
roster,14,33,0,pvp,460,0,0,5,0,2087218,0,0,0,17,100,13,3,3,2,117319,0,0,2,2,18,0
roster,14,33,1,pvp,581,0,1,0,4,2098915,191000,0,7826,17,104,13,3,3,3,87152,0,1,2,2,0,15
roster,14,33,2,pvp,760,0,0,2,0,2277785,334967,18033,0,17,112,14,3,3,1,130802,2,1,2,2,9,0
roster,14,34,0,pvp,455,0,0,6,0,2007478,121543,3457,18410,17,146,11,3,3,3,147765,0,2,2,2,30,0
roster,14,34,1,pvp,701,0,0,1,0,2368845,208890,5610,21599,17,82,15,4,3,2,101584,0,1,2,2,9,0
roster,14,34,2,pvp,640,0,0,4,0,2288907,320769,8731,0,17,113,14,2,2,1,76695,1,0,2,2,18,0
roster,14,35,0,neutral,575,0,0,6,0,2326580,0,0,0,8,133,7,2,2,1,138408,0,0,2,0,27,0
roster,14,35,1,neutral,597,0,1,0,3,2200512,0,0,13044,8,100,9,2,1,1,27682,0,0,2,0,0,0
roster,14,35,2,neutral,751,0,0,3,0,2589879,119500,0,36818,8,156,9,1,1,2,88773,2,0,2,0,12,0
roster,14,35,3,neutral,900,1,0,3,1,2612219,181000,0,0,8,83,9,1,1,0,30545,1,0,2,0,9,0
roster,14,35,4,neutral,610,0,0,4,0,2400957,0,0,32610,8,77,9,1,1,2,52500,0,0,2,0,18,0
roster,14,35,5,neutral,435,0,0,6,0,2215785,44000,0,27272,8,131,6,2,2,3,102136,1,0,2,0,27,0
roster,14,36,0,pvp,652,0,0,4,0,2456609,254043,5457,22128,17,142,14,3,3,1,94010,0,1,2,2,21,0
roster,14,36,1,pvp,661,0,0,3,0,2121112,264752,8748,3913,17,121,13,3,3,1,90391,0,2,2,2,9,0
roster,14,36,2,pvp,560,0,0,4,0,2074527,132000,0,10440,17,95,13,3,3,0,109801,0,1,2,2,18,0
roster,14,37,0,pvp,511,0,0,4,0,2081014,0,0,16905,17,85,14,4,3,2,83218,0,0,2,2,18,0
roster,14,37,1,pvp,775,0,0,3,0,2291311,246000,0,22828,17,108,14,2,2,1,110914,2,0,2,2,12,0
roster,14,37,2,pvp,514,0,1,0,4,2187504,266000,500,4500,17,149,13,3,3,3,104501,1,1,2,2,0,24
roster,14,38,0,ghost,399,0,1,0,5,2147418,97130,1870,10526,17,113,13,3,2,1,81542,0,1,2,2,0,26
roster,14,38,1,pvp,565,0,0,4,0,2418221,281043,3457,0,17,137,13,3,3,2,125061,0,2,2,2,24,0
roster,14,38,2,pvp,401,0,1,0,8,1977051,222503,13997,0,17,112,10,4,3,1,105845,0,1,2,2,0,44
roster,14,39,0,ghost,474,0,0,6,0,2190114,319000,0,0,17,153,12,4,3,2,117909,1,0,2,2,33,0
roster,14,39,1,pvp,465,0,0,5,0,2133262,0,0,0,17,94,13,4,4,3,101776,0,0,2,2,24,0
roster,14,40,0,neutral,624,0,0,4,0,2646393,0,0,0,8,108,9,2,2,2,169877,0,0,2,0,21,0
roster,14,40,1,neutral,533,0,1,0,3,2322001,0,0,0,8,58,10,2,2,1,55364,0,0,2,0,0,0
roster,14,40,2,neutral,590,0,0,5,0,2712152,115500,0,0,8,158,8,2,2,1,94818,1,0,2,0,26,0
roster,14,41,0,ghost,451,0,1,0,8,1946448,248129,4871,11041,17,92,10,4,3,2,106154,0,1,2,2,0,44
roster,14,41,1,pvp,690,0,0,3,0,2602974,11000,0,0,17,105,15,4,4,1,163525,0,1,2,2,12,0
roster,14,42,0,pvp,742,0,0,3,0,2555216,66000,0,27286,17,123,15,4,4,2,155576,0,1,2,2,18,0
roster,14,43,0,pvp,594,0,1,0,6,2357288,245600,1900,3913,17,113,12,4,4,1,92246,0,1,2,2,0,38
roster,14,44,0,pvp,622,0,1,0,3,2703891,148500,0,3913,17,128,15,4,4,2,167261,0,1,2,2,0,18
roster,14,45,0,neutral,643,0,0,4,0,2946741,0,0,0,8,108,9,2,2,3,105000,0,0,2,0,15,0
roster,14,45,1,neutral,856,0,0,3,0,3255732,187000,0,0,8,109,10,2,2,1,58227,1,0,2,0,15,0
roster,15,1,0,neutral,88,0,0,4,0,22556,0,0,0,17,88,1,2,1,0,2927,0,0,2,0,5,0
roster,15,1,1,neutral,49,0,0,4,0,21000,0,0,0,17,49,1,2,1,1,17136,0,0,2,0,4,0
roster,15,1,2,neutral,56,0,0,4,0,22909,0,0,0,17,56,1,1,1,1,7182,0,0,1,0,4,0
roster,15,1,3,neutral,60,0,0,4,0,22826,0,0,0,18,60,1,0,0,0,0,0,0,2,0,5,0
roster,15,1,4,neutral,56,0,0,4,0,22909,0,0,0,17,56,1,1,1,1,7182,0,0,1,0,4,0
roster,15,1,5,neutral,56,0,0,4,0,22826,0,0,0,17,56,1,2,1,1,13364,0,0,2,0,4,0
roster,15,1,6,neutral,49,0,0,4,0,21000,0,0,0,17,49,1,1,1,1,17136,0,0,2,0,5,0
roster,15,1,7,neutral,89,0,0,4,0,24818,0,0,0,18,89,1,0,0,0,0,0,0,2,0,4,0
roster,15,2,0,neutral,131,0,0,4,0,50926,0,0,0,17,56,2,2,1,0,16000,0,0,2,0,5,0
roster,15,2,1,neutral,97,0,0,4,0,44418,0,0,0,17,56,2,1,1,0,16000,0,0,1,0,8,0
roster,15,2,2,neutral,116,0,0,4,0,50296,0,0,0,17,72,2,1,1,1,7927,0,0,1,0,6,0
roster,15,2,3,neutral,111,0,0,4,0,48131,0,0,0,18,60,2,0,0,0,0,0,0,2,0,7,0
roster,15,2,4,neutral,133,0,0,4,0,51175,0,0,0,17,88,2,1,1,0,7728,0,0,2,0,6,0
roster,15,2,5,neutral,117,0,0,4,0,48852,0,0,0,17,56,2,2,1,0,16000,0,0,2,0,6,0
roster,15,2,6,neutral,131,0,0,4,0,50926,0,0,0,18,72,2,0,0,0,0,0,0,2,0,8,0
roster,15,2,7,neutral,150,0,0,4,0,51175,0,0,0,18,89,2,0,0,0,0,1,0,1,0,8,0
roster,15,3,0,neutral,147,0,0,5,0,80259,0,0,0,17,49,3,1,1,1,17136,0,0,1,0,13,0
roster,15,3,1,neutral,111,0,0,5,0,79256,0,0,0,17,56,3,1,1,1,23000,0,0,2,0,11,0
roster,15,3,2,neutral,131,0,0,5,0,84131,0,0,0,17,55,3,1,1,0,15364,0,0,1,0,9,0
roster,15,3,3,neutral,113,0,0,5,0,79261,0,0,0,18,60,3,0,0,0,0,0,0,2,0,10,0
roster,15,3,4,neutral,142,0,0,5,0,79901,0,0,0,17,49,3,1,1,0,15364,0,0,1,0,11,0
roster,15,3,5,neutral,106,0,0,5,0,78185,7000,0,0,17,44,3,2,2,2,36045,1,0,2,0,10,0
roster,15,3,6,neutral,162,0,0,5,0,85222,0,0,0,18,77,3,1,1,0,2927,0,0,2,0,11,0
roster,15,3,7,neutral,160,0,0,5,0,81513,0,0,0,18,73,3,0,0,0,0,1,0,1,0,11,0
roster,15,4,0,pvp,482,0,1,0,2,914871,0,0,3913,17,121,8,2,2,1,80266,0,0,1,1,0,4
roster,15,4,1,pvp,404,0,1,0,3,868251,0,0,0,17,100,7,2,2,0,74328,0,0,1,1,0,9
roster,15,4,2,pvp,663,0,1,0,2,1015425,100229,1271,0,18,113,8,0,0,0,0,0,1,1,1,0,6
roster,15,4,3,pvp,473,0,0,2,0,1178173,0,0,0,17,172,8,2,2,2,148284,0,0,2,1,6,0
roster,15,5,0,neutral,261,0,0,4,0,341648,0,0,0,8,116,4,1,1,0,30545,0,0,1,0,15,0
roster,15,5,1,neutral,186,0,0,4,0,355786,0,0,0,8,81,4,1,1,1,30545,0,0,1,0,12,0
roster,15,5,2,neutral,177,0,0,5,0,329565,0,0,0,8,117,3,1,1,0,30545,0,0,1,0,14,0
roster,15,5,3,neutral,205,0,0,5,0,317393,0,0,0,17,85,3,1,1,0,52500,0,0,1,0,18,0
roster,15,5,4,neutral,257,0,0,5,0,348242,0,0,0,8,120,3,0,0,0,0,0,0,1,0,14,0
roster,15,5,5,neutral,194,0,0,5,0,333330,0,0,0,8,88,3,1,1,1,29764,0,0,2,0,15,0
roster,15,5,6,neutral,222,0,0,5,0,321848,0,0,0,8,97,3,1,1,0,50558,0,0,1,0,18,0
roster,15,5,7,neutral,254,0,0,5,0,344283,46783,2217,3272,8,106,3,0,0,0,0,1,0,1,0,16,0
roster,15,6,0,pvp,664,0,0,1,0,1152264,73500,0,3288,17,82,9,1,1,1,111610,0,1,1,1,6,0
roster,15,6,1,pvp,395,0,1,0,2,1103669,0,0,0,17,129,8,2,2,0,103173,0,0,1,1,0,6
roster,15,6,2,pvp,407,0,1,0,2,1032108,0,0,0,17,110,8,2,2,2,77774,0,0,1,2,0,6
roster,15,6,3,pvp,397,0,1,0,3,892190,0,0,0,17,129,7,2,2,3,77845,0,0,1,1,0,9
roster,15,7,0,pvp,445,0,1,0,4,995638,0,0,6527,8,85,6,3,3,1,83252,0,0,2,2,0,12
roster,15,7,1,pvp,442,0,1,0,2,1135809,0,0,0,17,131,8,1,1,1,30545,0,0,1,1,0,9
roster,15,7,2,pvp,465,0,0,2,0,1154673,0,0,0,17,141,8,2,2,0,80990,0,0,2,1,9,0
roster,15,7,3,pvp,387,0,1,0,3,915296,0,0,0,17,161,7,3,3,1,84651,0,0,1,2,0,12
roster,15,8,0,pvp,400,0,1,0,4,1073980,0,0,0,17,74,6,3,2,2,113623,0,0,2,1,0,18
roster,15,8,1,pvp,453,0,0,3,0,1166443,0,0,0,17,103,7,2,2,2,92995,0,0,1,1,15,0
roster,15,8,2,pvp,345,0,1,0,4,1173952,0,0,0,17,209,6,3,3,1,99995,0,0,2,2,0,15
roster,15,8,3,pvp,578,0,0,2,0,1214623,0,0,0,17,124,8,1,1,0,20542,0,0,2,1,6,0
roster,15,9,0,pvp,593,0,1,0,3,1402245,0,0,5166,17,70,9,3,3,1,73956,0,0,2,2,0,9
roster,15,9,1,pvp,488,0,0,4,0,1259550,0,0,0,17,78,8,2,2,1,108651,0,0,1,1,17,0
roster,15,9,2,pvp,561,0,0,3,0,1496914,0,0,0,17,112,9,2,2,1,56899,0,0,2,2,18,0
roster,15,9,3,pvp,428,0,0,4,0,1256347,0,0,0,17,117,8,2,2,0,77064,0,0,2,2,15,0
roster,15,10,0,neutral,169,0,0,6,0,450416,0,0,0,8,73,3,2,2,2,56954,0,0,2,0,24,0
roster,15,10,1,neutral,212,0,0,6,0,470948,0,0,0,8,133,3,1,1,1,30545,0,0,1,0,23,0
roster,15,10,2,neutral,178,0,0,6,0,442703,0,0,0,8,64,3,1,1,2,55364,0,0,2,0,21,0
roster,15,10,3,neutral,185,0,0,6,0,447154,0,0,0,17,60,3,1,1,0,27682,0,0,2,0,27,0
roster,15,10,4,neutral,165,0,0,6,0,459654,0,0,0,8,108,3,2,2,2,61090,0,0,2,0,24,0
roster,15,10,5,neutral,199,0,0,6,0,472154,0,0,0,8,89,3,2,2,1,52500,0,0,2,0,21,0
roster,15,10,6,neutral,164,0,0,6,0,440816,0,0,0,8,65,3,2,2,2,61090,0,0,2,0,21,0
roster,15,10,7,neutral,225,0,0,6,0,466115,0,0,0,8,133,3,0,0,0,0,0,0,2,0,24,0
roster,15,11,0,pvp,443,0,1,0,4,1231104,0,0,0,17,81,8,4,4,2,140786,0,0,2,2,0,15
roster,15,11,1,pvp,559,0,0,3,0,1539903,110000,0,36095,17,99,9,3,3,2,130952,0,1,2,2,9,0
roster,15,11,2,pvp,474,0,1,0,4,1323062,0,0,0,17,129,8,3,2,2,115356,0,0,2,2,0,18
roster,15,11,3,pvp,512,0,0,4,0,1446762,0,0,3913,17,137,8,1,1,1,51773,0,0,1,2,21,0
roster,15,12,0,pvp,386,0,1,0,4,1324084,0,0,0,17,99,8,3,3,1,113361,0,0,2,2,0,15
roster,15,12,1,pvp,609,0,1,0,3,1431809,0,0,0,17,145,9,1,0,0,0,0,0,2,2,0,9
roster,15,12,2,pvp,588,0,1,0,2,1666079,0,0,0,17,168,10,3,3,3,145962,0,0,1,2,0,6
roster,15,12,3,pvp,582,0,1,0,3,1583135,121000,0,1972,17,65,9,4,4,3,154540,0,1,2,2,0,18
roster,15,13,0,pvp,700,0,1,0,2,1416800,0,0,8348,17,104,10,2,1,0,15255,0,0,2,2,0,6
roster,15,13,1,pvp,553,0,1,0,1,1641248,0,0,0,17,155,11,2,2,1,99555,0,0,2,2,0,6
roster,15,13,2,pvp,681,0,0,2,0,1482072,0,0,0,17,131,10,3,3,1,160640,0,0,1,2,12,0
roster,15,13,3,pvp,488,0,1,0,3,1578113,38500,0,0,17,81,9,4,4,4,224799,1,0,2,2,0,9
roster,15,14,0,pvp,432,0,0,5,0,1276026,0,0,11410,17,103,7,3,3,3,221314,0,0,2,2,33,0
roster,15,14,1,pvp,785,0,1,0,1,1693679,0,0,0,17,170,11,2,2,2,54106,0,0,2,1,0,9
roster,15,14,2,pvp,414,0,1,0,4,1283055,0,0,0,17,103,8,4,4,3,154717,0,0,2,2,0,15
roster,15,14,3,pvp,396,0,0,4,0,1572505,137500,0,13634,17,102,8,2,2,2,67328,1,0,2,2,27,0
roster,15,15,0,neutral,201,0,0,6,0,587446,0,0,0,8,93,3,2,2,1,80070,0,0,2,0,36,0
roster,15,15,1,neutral,247,0,0,6,0,623780,0,0,2000,8,162,3,1,1,0,30545,0,0,2,0,27,0
roster,15,15,2,neutral,240,0,0,6,0,608824,0,0,0,8,89,3,1,1,2,52500,0,0,2,0,21,0
roster,15,15,3,neutral,279,0,0,6,0,602031,0,0,0,8,162,3,1,1,1,52500,0,0,1,0,27,0
roster,15,15,4,neutral,201,0,0,6,0,606120,0,0,0,8,127,3,2,2,2,61090,0,0,2,0,24,0
roster,15,15,5,neutral,169,0,0,6,0,583615,22000,0,0,8,77,3,2,2,1,70376,1,0,2,0,33,0
roster,15,15,6,neutral,258,0,0,6,0,598004,0,0,0,8,85,3,2,2,2,88772,0,0,2,0,21,0
roster,15,15,7,neutral,264,0,0,6,0,624132,0,0,2348,8,122,3,0,0,0,0,0,0,2,0,24,0
roster,15,16,0,pvp,635,0,1,0,4,2058492,181500,0,11046,17,104,8,4,4,1,137062,0,1,2,2,0,27
roster,15,16,1,pvp,447,0,0,4,0,1420441,0,0,0,17,121,8,1,1,3,80990,0,0,2,2,15,0
roster,15,16,2,pvp,633,0,1,0,1,1598154,0,0,0,17,139,11,3,3,3,178956,0,0,2,2,0,3
roster,15,16,3,pvp,520,0,1,0,2,1548264,0,0,0,17,161,10,3,3,2,112539,0,0,1,2,0,6
roster,15,17,0,pvp,655,0,0,2,0,1651839,0,0,0,17,104,11,4,4,2,214316,0,0,2,2,18,0
roster,15,17,1,pvp,490,0,1,0,3,1517371,27500,0,0,17,77,9,3,3,1,86739,0,1,2,2,0,21
roster,15,17,2,pvp,418,0,1,0,5,1529183,0,0,0,17,81,9,4,4,2,146323,0,0,2,2,0,18
roster,15,17,3,pvp,900,1,0,1,1,1743313,0,0,0,17,157,11,2,2,2,118323,0,0,1,2,3,3
roster,15,18,0,pvp,497,0,0,5,0,1573290,0,0,0,17,171,7,3,3,3,157442,0,0,2,1,48,0
roster,15,18,1,pvp,412,0,1,0,4,1484834,0,0,0,17,129,9,3,3,2,98473,0,0,2,2,0,15
roster,15,18,2,pvp,519,0,1,0,4,1715347,0,0,10080,17,111,10,3,3,3,143766,0,0,2,2,0,12
roster,15,18,3,pvp,492,0,1,0,4,1627846,88000,0,3944,17,69,9,4,4,2,116720,0,1,2,2,0,27
roster,15,19,0,pvp,379,0,0,5,0,1524729,0,0,0,17,94,9,4,4,3,147650,0,0,2,2,48,0
roster,15,19,1,pvp,512,0,1,0,6,1480226,0,0,2700,17,84,8,3,3,0,115379,0,0,2,2,0,24
roster,15,19,2,pvp,427,0,1,0,5,1538146,0,0,5202,17,107,9,3,3,2,107495,0,0,2,2,0,18
roster,15,19,3,pvp,628,0,0,2,0,2002649,73543,3457,3913,17,120,12,4,4,3,128411,1,0,2,2,12,0
roster,15,20,0,neutral,238,0,0,7,0,697322,0,0,0,8,104,3,2,2,1,44454,0,0,2,0,60,0
roster,15,20,1,neutral,218,0,0,7,0,734945,0,0,2333,8,140,3,2,2,1,83045,0,0,2,0,30,0
roster,15,20,2,neutral,286,0,0,6,0,775530,0,0,0,8,175,4,2,2,2,80181,0,0,2,0,21,0
roster,15,20,3,neutral,276,0,0,7,0,728370,0,0,0,8,161,3,1,1,1,52500,0,0,2,0,30,0
roster,15,20,4,neutral,288,0,0,7,0,724130,0,0,0,8,165,3,2,2,0,37459,0,0,2,0,27,0
roster,15,20,5,neutral,209,0,0,7,0,759450,27500,0,0,8,149,3,2,2,2,80181,1,0,2,0,36,0
roster,15,20,6,neutral,236,0,0,7,0,717132,0,0,0,8,121,3,2,2,2,110727,0,0,2,0,24,0
roster,15,20,7,neutral,257,0,0,7,0,747762,0,0,0,8,99,3,1,1,1,30545,0,0,2,0,27,0
roster,15,21,0,pvp,367,0,0,6,0,1469876,0,0,0,17,93,8,4,4,4,172021,0,0,2,2,57,0
roster,15,21,1,pvp,474,0,0,4,0,1633322,0,0,10566,17,85,10,4,4,3,194952,0,0,2,2,21,0
roster,15,21,2,pvp,516,0,1,0,5,1736014,176000,0,0,17,113,9,3,3,3,124056,0,1,2,2,0,30
roster,15,21,3,pvp,476,0,0,3,0,1668779,0,0,0,17,134,11,3,3,0,58133,0,0,2,2,12,0
roster,15,22,0,pvp,399,0,0,5,0,1679295,0,0,0,17,129,9,4,4,3,229860,0,0,2,2,48,0
roster,15,22,1,pvp,523,0,1,0,2,1850304,0,0,0,17,138,12,3,3,2,132223,0,0,2,2,0,6
roster,15,22,2,pvp,405,0,1,0,6,1611330,132000,0,0,17,73,8,4,4,1,116911,0,1,2,2,0,39
roster,15,22,3,pvp,459,0,0,5,0,1479948,0,0,0,17,91,9,3,2,1,84912,0,0,2,2,24,0
roster,15,23,0,pvp,366,0,0,6,0,1361588,0,0,3214,17,93,8,4,4,4,193823,0,0,2,2,57,0
roster,15,23,1,pvp,506,0,1,0,3,1731761,0,0,0,17,105,11,4,4,3,147713,0,0,2,2,0,12
roster,15,23,2,pvp,470,0,1,0,4,1715491,0,0,3944,17,113,10,3,2,1,82318,0,0,2,2,0,12
roster,15,23,3,pvp,589,0,1,0,5,1795624,170500,0,0,17,102,9,3,3,0,113953,0,2,2,2,0,39
roster,15,24,0,pvp,343,0,0,5,0,1586341,0,0,0,17,105,9,4,4,1,176645,0,0,2,2,48,0
roster,15,24,1,pvp,402,0,1,0,6,1636087,182387,4613,0,17,94,8,4,4,1,118347,0,2,2,2,0,42
roster,15,24,2,pvp,563,0,0,1,0,1851832,0,0,0,17,66,13,4,4,1,146050,0,0,2,2,3,0
roster,15,24,3,pvp,452,0,0,6,0,1573582,0,0,2583,17,138,8,2,2,2,71116,0,0,2,2,27,0
roster,15,25,0,neutral,437,0,0,6,0,1645084,0,0,0,8,133,5,2,2,1,113045,0,0,2,0,57,0
roster,15,25,1,neutral,505,0,0,4,0,1788301,0,0,0,8,102,7,2,2,2,85988,0,0,2,0,18,0
roster,15,25,2,neutral,528,0,0,4,0,2039670,0,0,0,8,77,8,2,2,1,99273,0,0,2,0,12,0
roster,15,25,3,neutral,447,0,0,5,0,1781786,66000,0,0,8,89,7,1,1,1,52500,1,0,2,0,24,0
roster,15,25,4,neutral,683,0,1,0,1,1995237,0,0,0,8,83,10,2,2,0,61090,0,0,2,0,0,0
roster,15,25,5,neutral,540,0,0,6,0,1791289,155195,4305,0,8,108,5,2,2,0,124091,2,0,2,0,42,0
roster,15,25,6,neutral,611,0,0,3,0,1989520,11000,0,3130,8,100,9,2,2,2,116864,1,0,2,0,12,0
roster,15,25,7,neutral,516,0,0,4,0,1994639,0,0,17776,8,106,7,1,1,2,52500,0,0,2,0,15,0
roster,15,26,0,pvp,535,0,0,4,0,2294725,55000,0,0,17,160,11,3,3,1,110798,0,1,2,2,30,0
roster,15,26,1,pvp,528,0,0,3,0,1987164,0,0,0,17,72,13,4,4,4,160887,0,0,2,2,9,0
roster,15,26,2,pvp,338,0,1,0,6,1488002,98761,239,0,17,81,9,4,3,3,108951,0,1,2,2,0,24
roster,15,26,3,pvp,484,0,0,6,0,1670004,175450,6050,0,17,93,8,3,2,2,105912,2,0,2,2,42,0
roster,15,27,0,pvp,452,0,0,5,0,1654669,0,0,8348,17,105,9,3,3,1,119054,0,0,2,2,48,0
roster,15,27,1,pvp,575,0,1,0,3,2268099,297000,0,7857,17,130,13,3,3,4,170440,0,1,2,2,0,12
roster,15,27,2,pvp,412,0,1,0,7,1785829,209000,0,6113,17,72,9,4,4,2,151358,0,1,2,2,0,27
roster,15,27,3,pvp,521,0,1,0,6,1609732,179605,7395,22296,17,76,10,4,3,0,70034,0,2,2,2,0,42
roster,15,28,0,pvp,639,0,1,0,6,2413901,388921,12579,0,17,70,9,4,4,1,107771,0,2,2,2,0,42
roster,15,28,1,pvp,583,0,0,4,0,1850393,0,0,13862,17,84,12,4,4,2,229091,0,0,2,2,21,0
roster,15,28,2,pvp,434,0,1,0,7,1701099,175822,5678,3913,17,89,9,3,3,1,79451,0,1,2,2,0,33
roster,15,28,3,pvp,335,0,0,8,0,1551167,115500,0,5916,17,97,7,3,3,1,117917,1,0,2,2,30,0
roster,15,29,0,pvp,518,0,0,4,0,1866983,0,0,0,17,88,11,4,4,3,103161,0,0,2,2,45,0
roster,15,29,1,pvp,667,0,0,1,0,2310725,209000,0,3913,17,142,15,3,3,2,102439,1,1,2,2,6,0
roster,15,29,2,pvp,424,0,0,6,0,1831095,243177,15323,0,17,109,10,3,3,2,105202,2,0,2,2,36,0
roster,15,30,0,neutral,451,0,0,4,0,2021182,0,0,0,8,156,7,2,2,2,78907,0,0,2,0,39,0
roster,15,30,1,neutral,649,0,0,3,0,2239825,0,0,0,8,83,9,2,2,1,61090,0,0,2,0,18,0
roster,15,30,2,neutral,663,0,0,4,0,2211064,38500,0,39272,8,144,8,1,1,1,30545,1,0,2,0,18,0
roster,15,30,3,neutral,483,0,0,6,0,2078568,93500,0,0,8,125,6,2,2,0,96409,2,0,2,0,36,0
roster,15,30,4,neutral,547,0,0,4,0,2125730,5500,0,0,8,83,8,2,2,2,110980,1,0,2,0,12,0
roster,15,30,5,neutral,631,0,0,4,0,2095429,0,0,0,8,81,8,1,1,2,83045,0,0,2,0,15,0
roster,15,31,0,pvp,700,0,0,5,0,2565626,255810,8190,10935,17,102,11,4,3,4,217438,0,2,2,2,48,0
roster,15,31,1,pvp,463,0,1,0,5,2146962,217609,2391,0,17,133,11,4,4,3,168947,0,1,2,2,0,21
roster,15,31,2,pvp,488,0,0,4,0,1970975,219765,5735,0,17,109,12,2,2,2,46566,1,0,1,2,30,0
roster,15,32,0,pvp,681,0,0,2,0,2552619,60500,0,0,17,105,14,3,3,4,167173,0,1,2,1,18,0
roster,15,32,1,pvp,452,0,1,0,5,1952196,280392,5608,3522,17,94,11,4,4,1,111315,0,2,2,2,0,33
roster,15,32,2,pvp,555,0,0,2,0,2147892,194551,3449,0,17,121,14,3,3,2,97256,1,0,2,2,9,0
roster,15,33,0,ghost,441,0,1,0,5,1896614,0,0,3522,17,124,11,4,4,3,176200,0,0,2,2,0,48
roster,15,33,1,pvp,413,0,0,6,0,1898336,174704,1296,0,17,102,10,4,4,3,180951,0,1,2,2,57,0
roster,15,33,2,pvp,529,0,1,0,6,2144930,281518,9982,0,17,88,10,3,3,2,145521,1,2,1,2,0,36
roster,15,34,0,pvp,586,0,0,6,0,2277060,22000,0,0,17,97,10,3,3,2,170483,0,1,2,1,57,0
roster,15,34,1,pvp,522,0,0,4,0,2286756,390500,0,13773,17,117,12,4,4,2,110806,2,1,2,2,24,0
roster,15,35,0,neutral,465,0,0,6,0,2257542,0,0,0,8,147,6,2,2,2,78545,0,0,2,0,57,0
roster,15,35,1,neutral,614,0,0,4,0,2551418,55000,0,0,8,81,9,1,1,1,49637,1,0,2,0,27,0
roster,15,35,2,neutral,674,0,0,4,0,2718305,132000,0,0,8,108,8,2,2,0,55363,2,0,2,0,27,0
roster,15,35,3,neutral,760,0,0,2,0,2533171,5500,0,0,8,81,10,2,2,3,160365,1,0,2,0,9,0
roster,15,36,0,pvp,789,0,1,0,5,2868608,436717,3283,0,17,70,11,4,4,2,132255,0,2,2,2,0,33
roster,15,36,1,pvp,493,0,0,5,0,2095710,202148,6852,27158,17,144,12,3,3,0,72601,1,1,2,2,32,0
roster,15,37,0,pvp,488,0,0,4,0,1957635,119704,1296,0,17,133,12,4,4,1,175545,0,1,2,2,45,0
roster,15,37,1,pvp,900,1,1,3,3,2923839,440000,0,9783,17,80,11,3,3,0,96340,0,2,2,2,27,15
roster,15,38,0,pvp,823,0,1,0,4,2776314,433664,6336,0,17,70,12,4,4,3,124642,0,2,2,2,0,24
roster,15,38,1,pvp,492,0,0,5,0,2017560,86704,1296,0,17,129,12,3,3,2,109155,0,1,2,2,42,0
roster,15,39,0,pvp,641,0,0,4,0,2646192,0,0,7044,17,125,13,3,3,1,170710,0,0,2,2,45,0
roster,15,39,1,pvp,566,0,0,5,0,2437573,478484,22016,19658,17,85,11,4,4,2,147515,2,1,2,2,33,0
roster,15,40,0,neutral,556,0,0,5,0,2624130,0,0,0,8,158,7,2,2,1,101182,0,0,2,0,42,0
roster,15,40,1,neutral,587,0,0,6,0,2679194,0,0,0,8,144,7,1,1,2,77318,0,0,2,0,39,0
roster,15,40,2,neutral,891,0,0,4,0,3075144,262804,1196,114780,8,83,9,2,2,2,58227,2,0,2,0,24,0
roster,15,40,3,neutral,558,0,1,0,3,2269895,5500,0,8608,8,75,9,2,2,0,80182,1,0,2,0,0,0
roster,15,41,0,pvp,435,0,0,6,0,2078846,108500,0,5533,17,85,12,4,4,3,199049,0,1,2,2,57,0
roster,15,41,1,pvp,900,1,1,1,5,3200157,595110,9890,0,17,94,12,3,3,1,96340,0,2,2,2,9,27
roster,15,42,0,pvp,900,1,1,1,4,3313223,651291,15209,0,17,105,13,4,4,1,130039,0,2,2,2,18,21
roster,15,43,0,pvp,810,0,1,0,6,3166702,774764,11236,14728,17,107,12,4,4,1,148158,0,2,2,2,0,36
roster,15,44,0,pvp,618,0,0,5,0,2756327,209600,11400,3522,17,65,13,4,3,4,227496,0,2,2,2,51,0
roster,15,45,0,neutral,740,0,0,3,0,3421563,0,0,31356,8,58,10,2,2,5,188182,0,0,2,0,21,0
roster,15,45,1,neutral,601,0,0,5,0,2943914,71500,0,0,8,58,8,2,2,1,71591,2,0,2,0,24,0
roster,16,1,0,neutral,77,0,0,4,0,24652,0,0,0,17,77,1,1,0,0,0,0,0,2,0,6,0
roster,16,1,1,neutral,56,0,0,3,0,21000,0,0,0,17,56,1,1,1,1,7000,0,0,1,0,6,0
roster,16,1,2,neutral,49,0,0,4,0,21000,0,0,0,17,49,1,1,1,1,17136,0,0,2,0,4,0
roster,16,1,3,neutral,64,0,0,4,0,22909,0,0,0,18,64,1,0,0,0,0,0,0,2,0,4,0
roster,16,1,4,neutral,55,0,0,4,0,21000,0,0,0,18,55,1,0,0,0,0,0,0,2,0,5,0
roster,16,1,5,neutral,49,0,0,3,0,21000,0,0,0,17,49,1,2,1,1,17136,0,0,2,0,5,0
roster,16,1,6,neutral,40,0,0,4,0,21000,0,0,0,17,40,1,2,1,1,16000,0,0,2,0,4,0
roster,16,1,7,neutral,56,0,0,4,0,22556,0,0,0,17,56,1,1,1,0,11000,0,0,1,0,5,0
roster,16,2,0,neutral,104,0,0,4,0,49957,0,0,0,17,77,2,1,0,0,0,0,0,2,0,8,0
roster,16,2,1,neutral,117,0,0,4,0,47296,0,0,0,17,56,2,2,1,1,7000,0,0,2,0,6,0
roster,16,2,2,neutral,150,0,0,4,0,50926,9852,4148,0,18,73,2,0,0,0,0,2,0,2,0,8,0
roster,16,2,3,neutral,97,0,0,4,0,46305,0,0,0,17,56,2,1,1,1,2255,0,0,2,0,6,0
roster,16,2,4,neutral,150,0,0,4,0,48030,0,0,0,18,70,2,0,0,0,0,0,0,1,0,8,0
roster,16,2,5,neutral,94,0,0,4,0,45696,0,0,0,17,55,2,1,0,0,0,0,0,2,0,10,0
roster,16,2,6,neutral,85,0,0,4,0,43870,0,0,0,17,49,2,2,1,1,17136,0,0,2,0,5,0
roster,16,2,7,neutral,133,0,0,4,0,50926,3500,0,0,21,60,2,0,0,0,0,1,0,2,0,7,0
roster,16,3,0,neutral,81,0,0,5,0,75522,1826,1674,0,17,40,3,1,1,1,24182,1,0,2,0,10,0
roster,16,3,1,neutral,142,0,0,5,0,80259,0,0,0,17,56,3,2,2,2,30909,0,0,3,0,7,0
roster,16,3,2,neutral,172,0,0,5,0,86778,17704,3296,0,18,73,3,0,0,0,0,2,0,2,0,10,0
roster,16,3,3,neutral,97,0,0,5,0,76111,0,0,0,17,40,3,2,2,1,30255,0,0,2,0,8,0
roster,16,3,4,neutral,131,0,0,5,0,78352,0,0,0,18,60,3,0,0,0,0,0,0,1,0,12,0
roster,16,3,5,neutral,94,0,0,5,0,77087,0,0,0,17,56,3,1,1,0,14255,0,0,2,0,11,0
roster,16,3,6,neutral,121,0,0,5,0,79295,0,0,0,17,49,3,1,1,1,17136,0,0,2,0,9,0
roster,16,3,7,neutral,133,0,0,5,0,78546,3500,0,0,17,44,3,1,1,1,17136,1,0,1,0,12,0
roster,16,4,0,pvp,317,0,0,4,0,708805,31500,0,0,17,89,6,1,1,0,54284,1,1,1,1,15,0
roster,16,4,1,pvp,900,1,1,1,3,1117091,217590,2910,1626,18,268,6,0,0,0,0,0,2,3,2,1,7
roster,16,4,2,pvp,829,0,1,0,2,1073532,0,0,0,17,145,8,1,1,1,21677,0,0,1,1,0,6
roster,16,4,3,pvp,310,0,1,0,4,750790,0,0,0,17,140,6,2,2,2,74649,0,0,2,2,0,11
roster,16,5,0,neutral,196,0,0,5,0,322177,24500,0,0,17,72,3,1,1,1,8651,1,0,1,0,17,0
roster,16,5,1,neutral,270,0,0,5,0,309612,0,0,2322,8,101,3,1,1,0,52500,0,0,2,0,15,0
roster,16,5,2,neutral,324,0,0,5,0,371850,56000,0,0,8,113,3,0,0,0,0,2,0,2,0,12,0
roster,16,5,3,neutral,170,0,0,5,0,326956,0,0,0,8,89,3,1,1,1,27682,0,0,2,0,13,0
roster,16,5,4,neutral,257,0,0,4,0,375305,14000,0,0,8,113,4,0,0,0,0,1,0,1,0,11,0
roster,16,5,5,neutral,201,0,0,5,0,319568,0,0,0,17,72,3,1,1,1,37728,0,0,2,0,14,0
roster,16,5,6,neutral,174,0,0,5,0,327394,0,0,0,8,54,3,1,1,2,58227,0,0,2,0,13,0
roster,16,5,7,neutral,281,0,0,5,0,337739,0,0,0,8,135,3,0,0,0,0,0,0,1,0,14,0
roster,16,6,0,pvp,374,0,0,4,0,931274,38500,0,0,17,141,6,1,1,1,73728,0,1,1,2,15,0
roster,16,6,1,pvp,425,0,0,4,0,885824,10500,0,0,17,109,6,1,1,2,48682,0,1,2,1,12,0
roster,16,6,2,pvp,318,0,1,0,3,958599,0,0,0,17,104,7,2,2,0,67736,0,0,1,2,0,9
roster,16,6,3,pvp,492,0,0,3,0,981079,27500,0,0,17,119,7,1,1,2,81966,0,1,1,1,14,0
roster,16,7,0,pvp,455,0,1,0,2,1252651,0,0,0,17,123,8,3,3,2,137868,0,0,2,1,0,12
roster,16,7,1,pvp,452,0,1,0,4,1063860,0,0,7749,17,108,6,2,2,1,96140,0,0,2,1,0,18
roster,16,7,2,pvp,532,0,0,3,0,1034358,62000,0,0,18,120,7,0,0,0,0,1,1,2,1,12,0
roster,16,7,3,pvp,487,0,0,3,0,1038287,16500,0,0,17,133,7,3,3,1,124892,0,1,2,1,9,0
roster,16,8,0,pvp,386,0,0,2,0,1026744,0,0,0,17,160,8,4,4,1,154875,0,0,2,2,9,0
roster,16,8,1,pvp,502,0,1,0,2,1291790,0,0,0,17,182,8,3,3,4,178212,0,0,2,2,0,6
roster,16,8,2,pvp,544,0,0,3,0,1308688,237870,5130,0,17,157,7,2,2,1,98919,1,1,1,1,18,0
roster,16,8,3,pvp,394,0,0,4,0,830352,0,0,0,17,55,6,1,1,1,49760,0,1,1,1,15,0
roster,16,9,0,pvp,432,0,0,3,0,1317249,0,0,0,8,118,9,3,3,4,150114,0,0,2,1,12,0
roster,16,9,1,pvp,501,0,0,4,0,1340729,118000,0,10566,17,134,8,3,3,3,104977,0,1,2,1,18,0
roster,16,9,2,pvp,436,0,1,0,5,1481396,60500,0,0,17,173,7,2,1,0,74599,1,0,1,2,0,21
roster,16,9,3,pvp,490,0,1,0,4,1422253,115500,0,0,17,189,8,2,2,1,127867,1,0,1,2,0,15
roster,16,10,0,neutral,169,0,0,6,0,431045,0,0,0,8,90,3,2,2,2,61090,0,0,2,0,27,0
roster,16,10,1,neutral,246,0,0,6,0,452231,0,0,0,8,120,3,2,2,1,69485,0,0,2,0,24,0
roster,16,10,2,neutral,187,0,0,6,0,457520,0,0,0,8,93,3,1,1,1,45192,1,0,1,0,30,0
roster,16,10,3,neutral,183,0,0,6,0,487254,0,0,0,8,104,3,1,1,0,30545,0,0,1,0,24,0
roster,16,10,4,neutral,218,0,0,6,0,446871,0,0,0,8,104,3,1,1,2,58227,1,0,1,0,27,0
roster,16,10,5,neutral,211,0,0,6,0,442243,0,0,0,8,116,3,2,2,1,49255,0,0,2,0,21,0
roster,16,10,6,neutral,229,0,0,6,0,471610,0,0,0,17,121,3,1,1,1,45238,0,0,2,0,27,0
roster,16,10,7,neutral,209,0,0,6,0,473278,81000,0,12270,8,139,3,1,1,1,30545,1,0,1,0,27,0
roster,16,11,0,pvp,602,0,0,2,0,1509403,0,0,0,17,101,10,4,4,3,175719,0,0,2,2,15,0
roster,16,11,1,pvp,493,0,1,0,2,1447572,49500,0,0,17,160,10,3,3,3,158553,1,0,1,2,0,9
roster,16,11,2,pvp,439,0,1,0,5,1375839,0,0,3913,17,117,7,2,2,4,99656,0,0,2,2,0,24
roster,16,11,3,pvp,867,0,1,0,3,1832404,498500,0,3913,17,107,9,2,2,0,37194,1,1,1,1,0,15
roster,16,12,0,pvp,441,0,0,3,0,1427196,130373,4127,0,8,101,9,3,3,1,98617,0,1,2,1,18,0
roster,16,12,1,pvp,464,0,0,2,0,1551831,0,0,0,17,129,10,4,4,2,138107,0,0,2,2,6,0
roster,16,12,2,pvp,420,0,1,0,4,1407767,99000,0,2583,17,104,8,2,2,2,101188,1,0,1,2,0,15
roster,16,12,3,pvp,699,0,1,0,1,1633882,115500,0,0,17,128,11,2,2,1,56899,1,0,1,2,0,9
roster,16,13,0,pvp,460,0,0,2,0,1502298,88000,0,0,17,123,10,3,3,1,75127,0,1,2,1,12,0
roster,16,13,1,pvp,593,0,1,0,1,1640659,0,0,0,17,118,11,4,3,1,153628,0,0,2,2,0,3
roster,16,13,2,pvp,364,0,1,0,5,1261332,60500,0,0,17,69,7,2,2,2,89979,1,0,1,2,0,24
roster,16,13,3,pvp,753,0,0,2,0,1756506,82500,0,0,17,143,10,2,2,1,52956,0,1,2,1,15,0
roster,16,14,0,pvp,569,0,0,1,0,1621736,0,0,0,17,91,11,3,2,2,74328,0,0,2,2,6,0
roster,16,14,1,pvp,470,0,1,0,5,1503100,132000,0,1680,17,129,7,3,3,2,111356,0,1,2,1,0,27
roster,16,14,2,pvp,513,0,1,0,4,1535885,242000,0,8765,17,184,8,2,2,2,90114,1,1,1,1,0,21
roster,16,14,3,pvp,572,0,1,0,3,1368553,0,0,0,17,136,9,3,2,1,58434,0,0,2,2,0,15
roster,16,15,0,neutral,218,0,0,6,0,584088,0,0,0,8,106,3,2,2,2,85908,0,0,2,0,27,0
roster,16,15,1,neutral,237,0,0,6,0,606815,0,0,11740,8,129,3,2,2,1,58227,0,0,2,0,24,0
roster,16,15,2,neutral,229,0,0,6,0,595225,0,0,0,8,108,3,1,1,1,27682,1,0,1,0,36,0
roster,16,15,3,neutral,200,0,0,6,0,604958,0,0,0,8,94,3,2,2,1,61090,0,0,2,0,21,0
roster,16,15,4,neutral,217,0,0,5,0,632715,22000,0,0,8,108,4,1,1,1,49637,1,0,1,0,24,0
roster,16,15,5,neutral,207,0,0,6,0,589410,0,0,0,8,116,3,1,1,0,43500,0,0,2,0,36,0
roster,16,15,6,neutral,201,0,0,6,0,578870,0,0,0,17,144,3,1,1,1,52500,0,0,2,0,27,0
roster,16,15,7,neutral,241,0,0,6,0,609218,27500,0,2348,8,101,3,1,1,1,30545,1,0,1,0,30,0
roster,16,16,0,pvp,532,0,1,0,4,1624858,137500,0,0,17,93,8,2,2,2,104817,0,1,2,1,0,21
roster,16,16,1,pvp,507,0,1,0,2,1719045,44000,0,10566,17,99,10,3,3,2,127215,0,1,2,1,0,9
roster,16,16,2,pvp,301,0,1,0,5,1363761,0,0,0,8,93,7,3,3,4,174806,0,0,2,2,0,33
roster,16,16,3,pvp,399,0,1,0,5,1277236,55000,0,0,17,106,7,2,2,1,71995,1,0,1,2,0,24
roster,16,17,0,pvp,441,0,0,4,0,1551838,0,0,0,17,102,8,3,2,1,44294,0,0,1,2,33,0
roster,16,17,1,pvp,518,0,0,3,0,1541829,102666,1834,5885,17,85,9,3,2,2,75106,0,1,2,1,15,0
roster,16,17,2,pvp,464,0,0,5,0,1556011,132000,0,0,17,156,7,2,2,1,85906,1,1,1,1,33,0
roster,16,17,3,pvp,526,0,1,0,3,1837297,0,0,0,17,151,9,2,2,1,89424,0,0,2,2,0,15
roster,16,18,0,pvp,573,0,0,4,0,1636375,0,0,0,17,164,8,2,2,2,75946,0,0,1,2,27,0
roster,16,18,1,pvp,508,0,1,0,2,1646826,0,0,0,17,131,10,3,3,3,107195,0,0,2,2,0,15
roster,16,18,2,pvp,585,0,1,0,2,2015347,82500,0,14088,17,105,11,3,3,2,151077,1,0,1,2,0,9
roster,16,18,3,pvp,630,0,1,0,3,1493007,145043,3457,0,17,108,9,2,2,1,66489,1,1,1,1,0,18
roster,16,19,0,pvp,466,0,0,4,0,1580054,99876,4624,6261,17,72,10,3,2,2,67246,0,1,2,2,33,0
roster,16,19,1,pvp,526,0,1,0,4,1730332,0,0,0,17,141,10,3,3,3,121739,0,0,2,2,0,21
roster,16,19,2,pvp,534,0,0,2,0,2478935,257516,984,0,17,113,12,3,3,2,186154,1,0,2,2,15,0
roster,16,19,3,pvp,386,0,1,0,5,1601115,81516,984,0,17,93,9,4,4,1,152297,0,1,2,2,0,27
roster,16,20,0,neutral,236,0,0,7,0,681564,0,0,0,8,88,3,2,2,2,66792,0,0,2,0,42,0
roster,16,20,1,neutral,260,0,0,6,0,741651,0,0,10956,8,137,4,2,2,0,58227,0,0,2,0,24,0
roster,16,20,2,neutral,184,0,0,7,0,692556,0,0,0,8,97,3,2,2,1,80182,1,0,2,0,45,0
roster,16,20,3,neutral,277,0,0,7,0,739660,0,0,0,8,137,3,2,2,2,61090,0,0,2,0,30,0
roster,16,20,4,neutral,285,0,0,6,0,752681,27500,0,0,8,103,4,1,1,1,30545,1,0,2,0,27,0
roster,16,20,5,neutral,240,0,0,7,0,711018,0,0,0,8,137,3,1,1,1,76768,0,0,2,0,45,0
roster,16,20,6,neutral,291,0,0,7,0,740522,0,0,0,8,122,3,1,1,1,27682,0,0,2,0,30,0
roster,16,20,7,neutral,234,0,0,7,0,722160,0,0,0,8,131,3,2,2,3,113591,1,0,2,0,33,0
roster,16,21,0,pvp,458,0,0,4,0,1755178,0,0,40416,17,94,10,4,3,2,108652,0,0,2,2,27,0
roster,16,21,1,pvp,478,0,0,4,0,1770403,143629,4871,0,17,144,10,3,3,1,100229,1,0,2,2,30,0
roster,16,21,2,pvp,551,0,0,4,0,1746725,153999,1,0,17,101,10,3,2,3,140607,0,1,2,2,15,0
roster,16,21,3,pvp,474,0,0,4,0,1867793,126500,0,0,8,137,10,3,2,2,140212,0,1,2,2,27,0
roster,16,22,0,pvp,468,0,1,0,5,1969196,0,0,0,8,88,9,3,3,2,157910,0,0,2,2,0,33
roster,16,22,1,pvp,595,0,1,0,3,1975243,145701,2799,0,17,118,11,4,4,1,170189,0,1,2,2,0,12
roster,16,22,2,pvp,379,0,0,6,0,1612149,165000,0,12678,17,113,8,3,3,1,136864,1,1,2,2,39,0
roster,16,22,3,pvp,566,0,0,4,0,2001277,0,0,0,17,189,10,3,3,4,125748,0,0,2,2,12,0
roster,16,23,0,pvp,524,0,0,4,0,1711185,0,0,0,17,118,10,4,4,2,183320,0,0,2,2,27,0
roster,16,23,1,pvp,612,0,0,2,0,2209855,165000,0,0,17,109,12,4,3,3,119955,1,0,2,2,15,0
roster,16,23,2,pvp,371,0,1,0,7,1388606,66000,0,7826,8,60,7,2,1,2,97464,1,0,2,2,0,45
roster,16,23,3,pvp,636,0,0,3,0,1975624,88000,0,0,17,160,11,3,3,3,143221,0,1,2,2,12,0
roster,16,24,0,pvp,694,0,1,0,2,2159293,0,0,0,17,109,13,3,3,1,84912,0,0,2,2,0,12
roster,16,24,1,pvp,500,0,1,0,4,1809699,0,0,0,17,185,10,4,4,3,215462,0,0,2,2,0,12
roster,16,24,2,pvp,467,0,0,3,0,2255324,165000,0,0,17,121,11,3,3,5,216004,1,0,2,2,18,0
roster,16,24,3,pvp,468,0,1,0,5,1600412,133833,3667,0,17,84,9,3,3,3,204033,1,1,2,2,0,27
roster,16,25,0,neutral,404,0,0,6,0,1699606,0,0,0,8,77,5,2,2,2,107863,0,0,2,0,39,0
roster,16,25,1,neutral,374,0,0,6,0,1706638,0,0,0,8,173,6,2,2,2,63954,0,0,2,0,30,0
roster,16,25,2,neutral,449,0,0,6,0,1698646,60500,0,0,8,152,5,2,2,1,67929,1,0,2,0,36,0
roster,16,25,3,neutral,537,0,0,5,0,1858428,0,0,0,8,164,6,2,2,0,61090,0,0,2,0,18,0
roster,16,25,4,neutral,596,0,1,0,3,1884978,33000,0,15651,8,102,8,1,1,0,30545,1,0,2,0,0,0
roster,16,25,5,neutral,434,0,0,5,0,1765253,0,0,0,8,173,6,1,1,0,52500,0,0,2,0,33,0
roster,16,25,6,neutral,490,0,0,6,0,1681772,0,0,0,8,173,6,1,1,2,83045,0,0,2,0,27,0
roster,16,25,7,neutral,494,0,0,6,0,1834043,88000,0,0,8,133,5,2,2,2,107863,1,0,2,0,30,0
roster,16,26,0,pvp,436,0,1,0,4,1984786,107963,2037,8139,17,88,10,4,4,2,135306,0,1,2,2,0,27
roster,16,26,1,pvp,599,0,0,6,0,1994739,0,0,0,17,183,10,3,3,1,119164,0,0,2,2,24,0
roster,16,26,2,pvp,486,0,0,5,0,1635709,115499,1,0,17,139,9,3,2,4,121755,0,1,2,2,18,0
roster,16,26,3,pvp,743,0,1,0,4,2346860,208318,4682,0,8,137,11,3,3,2,254246,0,1,2,2,0,21
roster,16,27,0,ghost,399,0,1,0,6,1963386,71500,0,0,17,101,10,3,3,1,116864,0,1,2,2,0,42
roster,16,27,1,pvp,713,0,0,3,0,2617311,287000,0,0,17,108,13,4,4,2,102079,0,1,2,2,24,0
roster,16,27,2,pvp,451,0,1,0,5,2071123,147400,1100,1972,17,173,11,4,4,2,119640,0,1,2,2,0,36
roster,16,27,3,pvp,473,0,1,0,5,1841594,0,0,14200,8,193,9,3,3,2,234777,0,0,2,2,0,39
roster,16,28,0,ghost,463,0,0,5,0,2149826,249152,848,16888,17,139,11,4,4,3,127082,1,1,2,2,33,0
roster,16,28,1,pvp,580,0,0,3,0,2164657,0,0,0,17,125,13,3,3,1,84912,0,0,2,2,27,0
roster,16,28,2,pvp,535,0,1,0,4,2210207,0,0,0,17,155,11,3,3,2,101056,0,0,2,2,0,30
roster,16,28,3,pvp,519,0,1,0,6,1996233,193304,1696,0,17,149,9,4,4,4,146395,0,1,2,2,0,30
roster,16,29,0,ghost,544,0,0,4,0,2277530,0,0,56399,17,105,12,4,4,2,157082,0,0,2,2,12,0
roster,16,29,1,pvp,629,0,0,3,0,2295319,134500,0,0,17,81,13,4,4,2,105853,0,1,2,2,21,0
roster,16,29,2,pvp,655,0,0,1,0,2557837,66000,0,0,17,149,15,4,4,2,93132,0,1,2,2,9,0
roster,16,29,3,pvp,400,0,0,7,0,1845603,0,0,0,17,126,9,2,2,2,96239,0,0,2,2,48,0
roster,16,30,0,neutral,430,0,0,6,0,2032779,0,0,0,8,83,6,2,2,2,85908,0,0,2,0,33,0
roster,16,30,1,neutral,494,0,0,5,0,1967040,0,0,0,8,181,7,2,2,1,113590,0,0,2,0,21,0
roster,16,30,2,neutral,398,0,0,7,0,1930469,44000,0,0,8,186,5,2,2,1,66593,1,0,2,0,39,0
roster,16,30,3,neutral,453,0,0,6,0,2034179,0,0,15678,8,218,6,2,2,1,80182,0,0,2,0,21,0
roster,16,30,4,neutral,403,0,0,6,0,1912029,0,0,0,8,133,6,1,1,1,91500,0,0,2,0,39,0
roster,16,30,5,neutral,546,0,0,4,0,2001952,0,0,0,8,164,8,1,1,1,77319,0,0,2,0,18,0
roster,16,30,6,neutral,509,0,0,6,0,2112684,166000,0,3682,8,133,6,2,2,2,105000,1,0,2,0,30,0
roster,16,31,0,ghost,465,0,0,5,0,2166599,0,0,0,17,101,11,4,4,1,128622,0,0,2,2,30,0
roster,16,31,1,pvp,559,0,0,3,0,2205695,0,0,0,17,166,13,3,3,1,101819,0,0,2,2,15,0
roster,16,31,2,pvp,544,0,1,0,3,2378918,82500,0,3913,17,101,13,3,3,1,203191,1,0,2,2,0,24
roster,16,31,3,pvp,617,0,0,4,0,2410862,173713,787,1463,17,173,12,4,4,2,99052,0,1,2,2,18,0
roster,16,32,0,ghost,448,0,0,4,0,2285558,0,0,0,8,72,12,3,3,3,179103,0,0,2,2,30,0
roster,16,32,1,pvp,624,0,0,4,0,2292040,82500,0,0,17,93,12,4,3,4,130946,0,1,2,2,24,0
roster,16,32,2,pvp,527,0,0,6,0,2111515,155000,0,0,17,133,10,4,4,2,234466,0,1,2,2,24,0
roster,16,32,3,pvp,476,0,0,5,0,2005071,0,0,0,17,149,11,3,3,1,58935,0,0,2,2,18,0
roster,16,33,0,ghost,724,0,0,1,0,2624917,0,0,0,17,144,16,4,4,2,246526,0,0,2,2,9,0
roster,16,33,1,pvp,624,0,0,2,0,2460060,0,0,0,17,93,14,4,4,4,161532,0,0,2,2,15,0
roster,16,33,2,pvp,452,0,0,6,0,1868926,136000,0,8444,17,117,10,4,4,2,153499,1,1,2,2,36,0
roster,16,33,3,pvp,325,0,0,7,0,1737890,0,0,0,17,119,9,2,2,2,148447,0,0,2,2,75,0
roster,16,34,0,ghost,362,0,1,0,7,1828543,97500,0,0,8,83,9,3,3,2,124603,1,0,2,2,0,75
roster,16,34,1,pvp,511,0,1,0,3,2382941,0,0,0,17,100,14,4,4,1,175775,0,0,2,2,0,9
roster,16,34,2,pvp,544,0,0,2,0,2494518,104500,0,5087,17,121,15,3,3,1,101990,1,0,2,2,15,0
roster,16,34,3,pvp,438,0,1,0,6,2278683,0,0,0,8,85,10,3,3,3,129799,0,0,2,2,0,66
roster,16,35,0,neutral,466,0,0,5,0,2372677,0,0,0,8,58,8,2,2,3,105000,0,0,2,0,36,0
roster,16,35,1,neutral,533,0,0,6,0,2282133,0,0,0,8,164,7,2,2,2,124092,0,0,2,0,24,0
roster,16,35,2,neutral,423,0,0,5,0,2314254,82500,0,0,8,75,7,2,2,1,61090,1,0,2,0,33,0
roster,16,35,3,neutral,635,0,0,4,0,2380738,0,0,26088,8,222,8,2,2,2,105331,0,0,2,0,12,0
roster,16,35,4,neutral,369,0,0,6,0,2256724,0,0,0,8,171,6,1,1,0,52500,0,0,2,0,66,0
roster,16,35,5,neutral,540,0,0,5,0,2303263,0,0,0,8,157,8,1,1,1,77318,0,0,2,0,24,0
roster,16,36,0,pvp,607,0,0,4,0,2363533,0,0,0,17,109,14,3,3,1,74633,0,0,2,2,27,0
roster,16,36,1,pvp,401,0,1,0,7,2291160,0,0,0,17,169,10,3,3,2,99995,0,0,2,2,0,75
roster,16,36,2,pvp,494,0,0,4,0,2183553,51648,3352,0,17,125,12,4,3,1,82131,1,0,2,2,30,0
roster,16,37,0,ghost,401,0,1,0,5,2428731,0,0,0,8,60,12,3,3,2,132995,0,0,2,2,0,57
roster,16,37,1,pvp,653,0,1,0,3,2726427,242000,0,0,17,155,14,4,4,2,137714,0,1,2,2,0,15
roster,16,37,2,pvp,475,0,1,0,5,2233085,0,0,9917,8,85,11,3,3,5,238650,0,0,2,2,0,48
roster,16,38,0,ghost,438,0,0,5,0,2306488,130639,1361,7043,17,126,11,3,3,1,136662,0,1,2,2,48,0
roster,16,38,1,pvp,665,0,1,0,2,2750069,115500,0,8139,17,97,15,4,3,0,75512,0,1,2,2,0,15
roster,16,39,0,ghost,481,0,1,0,5,2512996,77000,0,33065,17,101,12,3,3,0,207642,1,0,2,2,0,48
roster,16,39,1,pvp,495,0,1,0,5,2289003,0,0,0,8,80,12,3,3,1,101584,0,0,2,2,0,57
roster,16,40,0,neutral,533,0,0,6,0,2525318,0,0,0,8,58,7,2,2,2,61090,0,0,2,0,33,0
roster,16,40,1,neutral,524,0,0,6,0,2677946,66000,0,0,8,150,7,2,2,2,85908,1,0,2,0,33,0
roster,16,40,2,neutral,439,0,0,6,0,2646629,0,0,0,8,158,6,1,1,0,52500,0,0,2,0,66,0
roster,16,41,0,ghost,379,0,0,8,0,2485392,82500,0,0,17,137,10,3,3,2,158708,0,1,2,2,84,0
roster,16,41,1,pvp,737,0,0,2,0,2666876,103910,590,11046,17,88,16,4,4,1,121998,0,1,2,2,15,0
roster,16,42,0,ghost,365,0,1,0,8,2158538,0,0,0,8,60,10,3,3,2,121318,0,0,2,2,0,84
roster,16,42,1,pvp,442,0,1,0,6,2694216,132000,0,30248,17,122,12,3,3,1,139427,1,0,2,2,0,66
roster,16,43,0,ghost,569,0,0,4,0,2843628,197864,136,4649,17,78,14,4,4,2,116388,1,0,2,2,27,0
roster,16,43,1,pvp,390,0,1,0,7,2190189,0,0,0,8,60,11,3,3,1,90447,0,0,2,2,0,69
roster,16,44,0,ghost,494,0,1,0,6,2583131,117621,3379,8139,17,113,12,4,4,2,133946,0,1,2,2,0,36
roster,16,44,1,pvp,398,0,1,0,8,2376798,49500,0,0,17,119,10,3,3,2,143818,1,0,2,2,0,78
roster,17,1,0,neutral,72,0,0,4,0,22909,0,0,0,18,72,1,0,0,0,0,0,0,2,0,4,0
roster,17,1,1,neutral,49,0,0,4,0,21000,0,0,0,17,49,1,1,1,0,15364,0,0,2,0,4,0
roster,17,1,2,neutral,64,0,0,4,0,22909,0,0,0,21,64,1,0,0,0,0,0,0,2,0,5,0
roster,17,1,3,neutral,60,0,0,3,0,22909,0,0,0,18,60,1,0,0,0,0,0,0,1,0,6,0
roster,17,1,4,neutral,49,0,0,4,0,21000,0,0,0,17,49,1,1,1,1,17136,0,0,1,0,4,0
roster,17,1,5,neutral,56,0,0,4,0,21000,0,0,0,17,56,1,1,1,0,11000,0,0,2,0,4,0
roster,17,1,6,neutral,40,0,0,4,0,21000,0,0,0,17,40,1,2,1,1,16000,0,0,2,0,5,0
roster,17,1,7,neutral,56,0,0,4,0,22909,0,0,0,17,56,1,1,1,1,7182,1,0,1,0,5,0
roster,17,2,0,neutral,123,0,0,4,0,48740,0,0,0,18,65,2,0,0,0,0,0,0,2,0,8,0
roster,17,2,1,neutral,106,0,0,4,0,48740,0,0,0,17,44,2,2,1,1,17136,0,0,2,0,4,0
roster,17,2,2,neutral,151,0,0,4,0,51279,0,0,0,21,64,2,0,0,0,0,0,0,2,0,6,0
roster,17,2,3,neutral,194,0,0,4,0,54352,0,0,0,18,123,2,0,0,0,0,0,0,2,0,8,0
roster,17,2,4,neutral,108,0,0,4,0,48740,0,0,0,17,46,2,1,1,0,15364,0,0,1,0,8,0
roster,17,2,5,neutral,137,0,0,4,0,50926,7778,2722,0,17,72,2,1,1,1,3182,1,0,1,0,7,0
roster,17,2,6,neutral,133,0,0,4,0,49385,0,0,0,17,72,2,1,1,1,8364,0,0,1,0,8,0
roster,17,2,7,neutral,161,0,0,4,0,52546,9934,4066,0,17,88,2,1,1,1,2728,1,0,1,0,9,0
roster,17,3,0,neutral,150,0,0,5,0,87261,0,0,0,18,77,3,0,0,0,0,0,0,2,0,11,0
roster,17,3,1,neutral,133,0,0,5,0,80217,0,0,2780,8,56,3,1,1,1,5982,0,0,2,0,10,0
roster,17,3,2,neutral,122,0,0,5,0,77381,0,0,1526,20,64,3,0,0,0,0,0,0,2,0,11,0
roster,17,3,3,neutral,211,0,0,5,0,86480,0,0,0,18,73,3,0,0,0,0,0,0,2,0,11,0
roster,17,3,4,neutral,137,0,0,5,0,82004,0,0,0,17,56,3,1,1,1,9309,0,0,1,0,11,0
roster,17,3,5,neutral,137,0,0,5,0,82925,13851,149,0,17,70,3,1,0,0,0,1,0,1,0,10,0
roster,17,3,6,neutral,101,0,0,5,0,73579,0,0,0,17,44,3,2,2,2,44818,0,0,2,0,9,0
roster,17,3,7,neutral,133,0,0,5,0,84131,3500,0,0,17,56,3,2,2,1,20364,1,0,2,0,11,0
roster,17,4,0,pvp,356,0,1,0,5,653967,38500,0,0,17,173,5,2,2,1,50746,1,0,2,2,0,12
roster,17,4,1,pvp,358,0,0,4,0,741532,78000,0,0,17,101,6,1,1,2,62756,0,1,1,2,9,0
roster,17,4,2,pvp,586,0,1,0,4,828477,52500,0,0,18,109,6,0,0,0,0,0,1,2,1,0,11
roster,17,4,3,pvp,498,0,1,0,1,983462,14000,0,0,17,149,9,2,2,2,68656,0,1,1,1,0,3
roster,17,5,0,neutral,223,0,0,5,0,356091,14000,0,0,8,85,3,0,0,0,0,1,0,1,0,20,0
roster,17,5,1,neutral,180,0,0,5,0,339303,0,0,1565,8,84,3,1,1,1,30545,0,0,1,0,17,0
roster,17,5,2,neutral,327,0,0,5,0,398371,92000,0,1636,8,162,3,0,0,0,0,1,0,2,0,12,0
roster,17,5,3,neutral,241,0,0,5,0,363383,0,0,0,8,130,3,0,0,0,0,0,0,2,0,15,0
roster,17,5,4,neutral,198,0,0,5,0,316956,0,0,0,8,83,3,1,1,0,27682,0,0,1,0,20,0
roster,17,5,5,neutral,256,0,0,5,0,338382,26000,0,0,8,89,3,0,0,0,0,0,0,1,0,18,0
roster,17,5,6,neutral,216,0,0,5,0,312730,0,0,0,8,65,3,2,2,1,74272,0,0,2,0,18,0
roster,17,5,7,neutral,198,0,0,4,0,344000,14000,0,0,8,82,4,1,1,0,49637,1,0,1,0,12,0
roster,17,6,0,pvp,518,0,1,0,5,838743,80000,0,0,18,138,5,0,0,0,0,1,0,1,1,0,18
roster,17,6,1,pvp,535,0,0,3,0,1091775,38500,0,0,17,117,7,2,2,1,71394,0,1,2,1,14,0
roster,17,6,2,pvp,506,0,1,0,4,987322,115000,0,0,17,174,6,1,1,0,35226,1,0,1,1,0,17
roster,17,6,3,pvp,477,0,1,0,3,1080030,0,0,0,17,115,7,3,3,3,87601,0,0,2,2,0,7
roster,17,7,0,pvp,406,0,1,0,4,836278,0,0,21493,18,147,6,1,1,2,51172,0,0,2,2,0,18
roster,17,7,1,pvp,415,0,1,0,3,882774,43500,0,11046,18,113,7,0,0,0,0,1,0,1,2,0,21
roster,17,7,2,pvp,350,0,1,0,4,964407,0,0,0,17,161,6,2,1,0,29217,0,0,1,1,0,19
roster,17,7,3,pvp,646,0,1,0,4,1219951,123500,0,10332,17,182,6,2,2,1,44233,0,1,1,1,0,21
roster,17,8,0,pvp,493,0,1,0,3,1053305,0,0,0,17,94,7,1,1,1,48682,0,0,1,1,0,8
roster,17,8,1,pvp,590,0,0,1,0,1463217,0,0,0,17,85,9,2,2,0,55695,0,0,2,2,3,0
roster,17,8,2,pvp,438,0,1,0,5,860270,139000,0,0,17,142,5,1,1,1,46844,1,0,1,2,0,18
roster,17,8,3,pvp,897,0,0,1,0,1490990,66000,0,0,17,213,9,2,2,2,65020,0,1,1,1,3,0
roster,17,9,0,pvp,648,0,0,4,0,1258608,62500,2000,4649,18,139,8,0,0,0,0,0,1,1,1,15,0
roster,17,9,1,pvp,419,0,1,0,4,1390788,0,0,0,17,118,8,4,4,3,194653,0,0,2,2,0,18
roster,17,9,2,pvp,745,0,1,0,4,1618037,370546,2954,8727,17,122,8,1,1,0,21750,0,1,2,1,0,24
roster,17,9,3,pvp,550,0,1,0,3,1469083,52000,0,0,17,164,9,2,2,3,112637,0,0,2,1,0,10
roster,17,10,0,neutral,233,0,0,6,0,490212,0,0,0,8,122,3,0,0,0,0,0,0,1,0,27,0
roster,17,10,1,neutral,197,0,0,6,0,452590,0,0,0,8,88,3,2,2,0,71942,0,0,2,0,30,0
roster,17,10,2,neutral,276,0,0,6,0,474188,70000,0,0,8,116,3,0,0,0,0,1,0,1,0,27,0
roster,17,10,3,neutral,190,0,0,6,0,473242,0,0,0,8,108,3,0,0,0,0,0,0,2,0,32,0
roster,17,10,4,neutral,213,0,0,6,0,458974,0,0,0,8,93,3,2,2,2,64855,0,0,2,0,27,0
roster,17,10,5,neutral,259,0,0,6,0,455209,26000,0,0,8,137,3,1,1,0,52500,0,0,2,0,24,0
roster,17,10,6,neutral,207,0,0,6,0,453814,0,0,0,8,99,3,1,1,2,45846,0,0,2,0,25,0
roster,17,10,7,neutral,195,0,0,6,0,460198,22000,0,0,8,119,3,1,1,0,30545,1,0,1,0,30,0
roster,17,11,0,pvp,537,0,0,3,0,1476397,0,0,0,18,108,9,0,0,0,0,0,0,2,2,12,0
roster,17,11,1,pvp,391,0,1,0,5,1374543,0,0,7043,17,119,7,3,3,2,89573,0,0,2,2,0,29
roster,17,11,2,pvp,571,0,1,0,5,1347127,174500,0,0,17,131,7,1,1,1,48682,1,1,1,1,0,27
roster,17,11,3,pvp,604,0,0,2,0,1560236,78000,0,0,17,149,10,4,4,2,131103,0,0,2,2,9,0
roster,17,12,0,pvp,697,0,1,0,2,1678698,62543,3457,0,17,109,10,1,1,0,29217,0,1,2,1,0,9
roster,17,12,1,pvp,425,0,0,3,0,1586578,52000,0,0,17,113,9,4,4,4,242774,0,0,2,2,30,0
roster,17,12,2,pvp,481,0,1,0,4,1358442,122000,0,8305,17,190,8,1,1,2,62332,1,0,2,2,0,27
roster,17,12,3,pvp,762,0,0,2,0,1665535,0,0,0,17,151,10,2,1,0,30545,0,0,2,2,12,0
roster,17,13,0,pvp,512,0,1,0,1,1557091,0,0,0,17,85,11,2,2,1,70073,0,0,2,2,0,3
roster,17,13,1,pvp,806,0,0,1,0,1823942,0,0,12677,17,160,11,3,3,3,107062,0,0,2,2,18,0
roster,17,13,2,pvp,852,0,1,0,3,1642236,174000,0,0,18,131,9,0,0,0,0,1,0,2,2,0,21
roster,17,13,3,pvp,746,0,1,0,2,1778987,166000,0,0,17,117,10,3,3,3,136985,0,1,2,1,0,15
roster,17,14,0,pvp,624,0,0,2,0,1595173,26000,0,0,17,105,10,2,2,0,55695,0,0,2,2,9,0
roster,17,14,1,pvp,424,0,0,4,0,1349344,0,0,0,17,73,8,2,2,2,85232,0,0,2,2,39,0
roster,17,14,2,pvp,547,0,1,0,3,1433100,111000,0,8305,17,121,9,2,2,3,148333,1,0,2,2,0,12
roster,17,14,3,pvp,520,0,0,3,0,1624264,29200,3800,0,17,104,9,2,2,1,77034,0,1,2,1,24,0
roster,17,15,0,neutral,278,0,0,5,0,649866,0,0,0,8,152,4,0,0,0,0,0,0,2,0,18,0
roster,17,15,1,neutral,198,0,0,6,0,618955,0,0,2455,8,101,3,2,2,0,61090,0,0,2,0,45,0
roster,17,15,2,neutral,387,0,0,6,0,729607,173000,0,0,8,242,3,0,0,0,0,1,0,2,0,33,0
roster,17,15,3,neutral,270,0,0,5,0,636224,0,0,0,8,150,4,0,0,0,0,0,0,2,0,33,0
roster,17,15,4,neutral,203,0,0,6,0,593067,0,0,2348,8,101,3,2,2,3,83045,0,0,2,0,27,0
roster,17,15,5,neutral,229,0,0,6,0,609114,26000,0,0,8,157,3,2,2,3,83045,0,0,2,0,21,0
roster,17,15,6,neutral,238,0,0,6,0,601212,0,0,0,8,102,3,1,1,1,27682,0,0,2,0,42,0
roster,17,15,7,neutral,239,0,0,6,0,610574,22000,0,0,8,97,3,1,1,0,55363,1,0,1,0,30,0
roster,17,16,0,pvp,602,0,0,5,0,1579182,0,0,2080,18,95,7,0,0,0,0,0,0,2,2,15,0
roster,17,16,1,pvp,455,0,0,4,0,1446142,26000,0,7364,17,113,8,4,4,4,193216,0,0,2,2,39,0
roster,17,16,2,pvp,521,0,1,0,5,1409828,144000,0,0,17,116,7,1,1,2,43632,1,0,2,2,0,33
roster,17,16,3,pvp,556,0,0,3,0,1613817,60500,0,0,17,100,9,3,3,0,136665,0,1,2,1,12,0
roster,17,17,0,pvp,891,0,0,2,0,1802682,132000,0,0,17,93,10,1,1,0,23739,0,1,2,1,6,0
roster,17,17,1,pvp,527,0,0,4,0,1567433,132500,2000,19729,17,165,8,2,2,1,56608,0,1,2,2,39,0
roster,17,17,2,pvp,710,0,1,0,3,1833366,0,0,0,17,112,10,1,1,1,19645,0,0,2,2,0,24
roster,17,17,3,pvp,601,0,-1,0,0,1756700,26000,0,7749,17,155,13,4,4,4,223693,0,0,2,2,0,0
roster,17,18,0,pvp,642,0,0,5,0,1861305,313000,0,0,18,140,7,0,0,0,0,0,1,2,2,15,0
roster,17,18,1,pvp,389,0,0,4,0,1359116,0,0,0,17,145,8,4,4,2,165974,0,0,2,2,39,0
roster,17,18,2,pvp,845,0,1,0,4,1969165,254078,4422,1812,17,91,9,1,1,3,123934,0,1,2,1,0,21
roster,17,18,3,pvp,817,0,1,0,1,1889973,52000,0,0,17,156,12,3,3,3,115112,0,0,2,2,0,12
roster,17,19,0,pvp,460,0,1,0,5,1735665,0,0,0,17,155,9,1,1,1,46626,0,0,2,2,0,33
roster,17,19,1,pvp,470,0,0,6,0,1765826,49500,0,0,17,94,8,4,4,4,160363,0,1,2,2,45,0
roster,17,19,2,pvp,615,0,1,0,6,1940069,331043,3457,0,17,137,8,2,2,1,106661,1,0,2,2,0,21
roster,17,19,3,pvp,790,0,0,1,0,1950220,0,0,0,17,115,13,2,2,1,67183,0,0,2,2,6,0
roster,17,20,0,neutral,220,0,0,7,0,728878,0,0,0,8,82,3,0,0,0,0,0,0,2,0,36,0
roster,17,20,1,neutral,205,0,0,7,0,703088,0,0,5726,8,127,3,2,2,1,80182,0,0,2,0,48,0
roster,17,20,2,neutral,358,0,0,7,0,827012,136000,0,2863,8,200,3,0,0,0,0,1,0,2,0,36,0
roster,17,20,3,neutral,321,0,0,6,0,799050,0,0,0,8,127,4,0,0,0,0,0,0,2,0,36,0
roster,17,20,4,neutral,199,0,0,7,0,721151,0,0,2739,8,99,3,2,2,1,63954,0,0,2,0,30,0
roster,17,20,5,neutral,245,0,0,7,0,755486,52000,0,0,8,117,3,2,2,1,83045,0,0,2,0,24,0
roster,17,20,6,neutral,233,0,0,7,0,721596,0,0,0,8,157,3,1,1,0,49636,0,0,2,0,45,0
roster,17,20,7,neutral,217,0,0,7,0,772868,22000,0,0,8,127,3,2,2,2,74455,1,0,2,0,33,0
roster,17,21,0,pvp,506,0,1,0,4,1945885,0,0,32964,17,123,10,2,2,1,55695,0,0,2,2,0,39
roster,17,21,1,pvp,702,0,1,0,4,1892789,236000,0,0,17,117,10,2,2,3,84954,1,1,2,2,0,21
roster,17,21,2,pvp,636,0,0,3,0,1800246,26000,0,2553,17,108,11,2,2,1,59887,0,0,2,2,15,0
roster,17,21,3,pvp,477,0,1,0,5,1630790,0,0,0,17,132,9,3,3,2,105731,0,0,2,2,0,30
roster,17,22,0,pvp,817,0,0,4,0,1924651,164500,0,0,18,157,10,0,0,0,0,0,1,2,2,12,0
roster,17,22,1,pvp,469,0,0,5,0,1663814,0,0,0,17,89,9,2,2,3,80762,0,0,2,2,42,0
roster,17,22,2,pvp,391,0,0,4,0,1565122,52000,0,0,17,129,10,4,4,2,161868,0,0,2,2,21,0
roster,17,22,3,pvp,586,0,0,6,0,1807350,122468,4032,8195,17,82,8,3,3,2,105088,0,1,2,2,36,0
roster,17,23,0,pvp,615,0,1,0,2,2121879,0,0,35639,17,131,12,2,2,1,50301,0,0,2,2,0,12
roster,17,23,1,pvp,463,0,1,0,5,1607647,85000,0,9163,17,121,9,2,2,2,136911,1,0,2,2,0,24
roster,17,23,2,pvp,467,0,1,0,6,1651642,0,0,0,17,131,8,1,1,1,42022,0,0,2,2,0,36
roster,17,23,3,pvp,769,0,0,2,0,1987505,90500,0,0,17,160,12,4,4,4,243836,0,1,2,2,6,0
roster,17,24,0,pvp,727,0,0,5,0,1727330,0,0,20160,18,95,9,0,0,0,0,0,0,2,2,21,0
roster,17,24,1,pvp,578,0,0,5,0,1940826,126500,0,0,17,83,9,4,4,3,173804,0,1,2,2,42,0
roster,17,24,2,pvp,621,0,1,0,3,1784458,162500,2000,3913,17,185,11,2,2,3,89850,1,0,2,2,0,9
roster,17,24,3,pvp,470,0,1,0,3,1626127,0,0,0,17,127,11,3,3,3,108571,0,0,2,2,0,24
roster,17,25,0,neutral,499,0,0,5,0,1725313,0,0,0,8,82,6,0,0,0,0,0,0,2,0,36,0
roster,17,25,1,neutral,399,0,0,6,0,1670443,0,0,0,8,97,5,2,2,2,83045,0,0,2,0,45,0
roster,17,25,2,neutral,667,0,0,5,0,1833202,0,0,0,8,108,6,0,0,0,0,0,0,2,0,27,0
roster,17,25,3,neutral,473,0,0,3,0,1900951,0,0,3130,8,133,8,2,2,2,83045,0,0,2,0,15,0
roster,17,25,4,neutral,524,0,0,5,0,1754595,52000,0,0,8,105,6,2,2,2,119318,0,0,2,0,18,0
roster,17,25,5,neutral,483,0,0,6,0,1775738,0,0,0,8,208,5,1,1,1,52500,0,0,2,0,36,0
roster,17,25,6,neutral,658,0,0,3,0,2047528,82500,0,0,8,113,8,2,2,3,105000,1,0,2,0,15,0
roster,17,26,0,ghost,538,0,1,0,5,1954860,0,0,3913,17,148,10,3,3,2,93373,0,0,2,2,0,39
roster,17,26,1,pvp,374,0,0,6,0,1591025,0,0,0,17,106,8,2,2,1,72402,0,0,2,2,60,0
roster,17,26,2,pvp,714,0,0,4,0,2072618,183091,3909,0,17,91,10,3,3,1,177384,0,1,2,2,21,0
roster,17,26,3,pvp,447,0,1,0,5,1699948,26000,0,20128,17,161,10,3,3,0,96783,0,0,2,2,0,36
roster,17,27,0,ghost,447,0,1,0,4,1724825,33000,0,0,17,126,10,4,4,2,182861,1,0,2,2,0,15
roster,17,27,1,pvp,710,0,0,2,0,2689431,0,0,3913,17,177,13,1,1,0,47795,0,0,2,2,27,0
roster,17,27,2,pvp,429,0,0,5,0,1882918,26000,0,14525,17,115,10,4,4,3,163080,0,0,2,2,26,0
roster,17,27,3,pvp,498,0,1,0,4,1744588,0,0,0,17,116,10,3,3,2,107277,0,0,2,2,0,21
roster,17,28,0,ghost,571,0,0,2,0,1872424,26000,0,0,17,109,12,3,3,5,141794,0,0,2,2,12,0
roster,17,28,1,pvp,418,0,0,7,0,1503547,65486,514,0,17,60,8,2,2,0,52956,0,1,2,2,51,0
roster,17,28,2,pvp,319,0,0,6,0,1638092,0,0,0,17,122,9,4,4,3,149468,0,0,2,2,44,0
roster,17,28,3,pvp,410,0,1,0,6,1686005,52000,0,0,17,184,9,3,3,1,81465,0,0,2,2,0,42
roster,17,29,0,ghost,468,0,1,0,6,2079907,52000,0,4860,8,82,10,2,2,1,80674,0,0,2,2,0,45
roster,17,29,1,pvp,412,0,0,6,0,1627937,0,0,0,17,109,10,2,2,0,58434,0,0,2,2,45,0
roster,17,29,2,pvp,569,0,0,3,0,2170460,27500,0,40558,17,85,13,4,3,2,104729,0,1,2,2,21,0
roster,17,29,3,pvp,445,0,1,0,8,1561893,0,0,0,17,85,7,2,2,1,71217,0,0,2,2,0,54
roster,17,30,0,neutral,541,0,0,6,0,2085778,0,0,0,8,142,6,0,0,0,0,0,0,2,0,45,0
roster,17,30,1,neutral,413,0,0,6,0,2149272,0,0,0,8,133,6,2,2,2,83045,0,0,2,0,38,0
roster,17,30,2,neutral,737,0,0,2,0,2256918,0,0,0,8,83,9,1,1,0,77318,0,0,2,0,9,0
roster,17,30,3,neutral,525,0,0,4,0,2144236,0,0,3682,8,127,8,2,2,2,63954,0,0,2,0,21,0
roster,17,30,4,neutral,642,0,0,4,0,2207337,104000,0,9818,8,83,8,2,2,2,83046,0,0,2,0,21,0
roster,17,30,5,neutral,445,0,0,7,0,1954199,0,0,17607,8,138,5,1,1,0,30545,0,0,2,0,45,0
roster,17,30,6,neutral,572,0,0,5,0,2182956,71500,0,0,8,108,7,2,2,2,59091,1,0,2,0,27,0
roster,17,31,0,ghost,432,0,0,6,0,1655101,0,0,4628,17,131,10,3,3,2,122484,0,0,2,2,39,0
roster,17,31,1,pvp,463,0,0,7,0,1829331,99000,0,0,17,60,9,2,2,0,52956,0,1,2,2,51,0
roster,17,31,2,pvp,419,0,0,6,0,1966996,26000,0,8348,17,69,10,4,4,4,182793,0,0,2,2,29,0
roster,17,31,3,pvp,645,0,0,3,0,1963925,0,0,0,17,126,13,3,3,1,82046,0,0,2,2,15,0
roster,17,32,0,ghost,900,1,1,1,2,2231711,232319,4181,23455,17,117,13,4,4,3,133293,0,1,2,2,3,9
roster,17,32,1,pvp,495,0,0,6,0,1940766,0,0,0,17,64,10,1,1,0,54284,0,0,2,2,60,0
roster,17,32,2,pvp,603,0,1,0,3,2266195,0,0,9407,17,188,13,3,3,2,126409,0,0,2,2,0,24
roster,17,32,3,pvp,752,0,0,3,0,2492459,443835,2165,6629,8,105,13,4,4,3,147060,0,1,2,2,15,0
roster,17,33,0,ghost,625,0,0,4,0,2310203,0,0,11486,17,107,12,2,2,1,58434,0,0,2,2,39,0
roster,17,33,1,pvp,449,0,0,4,0,1878266,0,0,9860,17,89,12,4,4,2,169659,0,0,2,2,39,0
roster,17,33,2,pvp,427,0,1,0,6,1994495,52000,0,8835,8,171,10,3,3,1,111356,0,0,2,2,0,42
roster,17,34,0,pvp,446,0,0,7,0,1807524,0,0,8727,17,109,9,2,2,1,72402,0,0,2,2,51,0
roster,17,34,1,pvp,454,0,1,0,7,1966564,0,0,19973,17,135,9,3,3,0,84878,0,0,2,2,0,45
roster,17,35,0,neutral,546,0,0,5,0,2345022,0,0,0,8,121,7,0,0,0,0,0,0,2,0,36,0
roster,17,35,1,neutral,583,0,0,4,0,2432429,0,0,24190,8,150,8,2,2,1,107863,0,0,2,0,12,0
roster,17,35,2,neutral,589,0,0,4,0,2553948,0,0,0,8,243,8,1,1,1,52500,0,0,2,0,30,0
roster,17,36,0,ghost,900,1,1,1,1,2693810,0,0,1916,17,127,14,1,1,2,46844,0,0,2,2,12,18
roster,17,36,1,pvp,508,0,0,4,0,2090128,0,0,33871,17,80,12,2,2,0,71217,0,0,2,2,39,0
roster,17,37,0,ghost,602,0,1,0,4,2420381,0,0,0,17,148,13,3,3,1,86434,0,0,2,2,0,30
roster,17,37,1,pvp,549,0,0,4,0,2348571,0,0,0,17,166,12,1,1,1,48433,0,0,2,2,33,0
roster,17,38,0,ghost,829,0,0,1,0,2856385,0,0,11486,17,126,16,2,2,1,71995,0,0,2,2,9,0
roster,17,38,1,pvp,494,0,1,0,4,2258028,0,0,16476,17,131,13,3,3,1,65768,0,0,2,2,0,24
roster,17,39,0,ghost,803,0,0,2,0,2969843,0,0,25484,17,140,16,2,2,3,73109,0,0,2,2,15,0
roster,17,39,1,pvp,471,0,0,6,0,2305378,0,0,54022,17,116,12,2,1,1,24889,0,0,2,2,51,0
roster,17,40,0,neutral,465,0,0,7,0,2589588,0,0,0,8,125,6,1,1,1,30545,0,0,2,0,39,0
roster,17,40,1,neutral,754,0,1,0,2,2710412,0,0,21522,8,83,11,2,2,1,85908,0,0,2,0,0,0
roster,17,40,2,neutral,599,0,0,5,0,2685625,0,0,0,8,183,8,2,2,3,135545,0,0,2,0,36,0
roster,17,41,0,ghost,729,0,0,3,0,2966416,0,0,0,17,136,15,3,2,1,108284,0,0,2,2,24,0
roster,17,41,1,pvp,438,0,1,0,7,2150222,0,0,0,17,129,11,4,4,4,141928,0,0,2,2,0,45
roster,17,42,0,ghost,476,0,1,0,7,2185590,0,0,3913,17,95,11,3,2,1,72773,0,0,2,2,0,54
roster,17,42,1,pvp,900,1,0,1,1,3094523,0,0,0,17,143,16,3,3,2,101212,0,0,2,2,6,12
roster,17,43,0,pvp,752,0,0,3,0,3066941,0,0,20944,17,150,15,3,3,1,75512,0,0,2,2,18,0
roster,17,44,0,pvp,710,0,0,4,0,2821904,0,0,17860,17,166,14,3,3,3,112655,0,0,2,2,36,0
roster,17,45,0,neutral,673,0,0,3,0,3208657,52000,0,0,8,133,10,1,1,1,30545,0,0,2,0,30,0
roster,17,45,1,neutral,574,0,0,3,0,2989665,0,0,0,8,185,10,2,2,1,61090,0,0,2,0,24,0
roster,18,1,0,neutral,56,0,0,4,0,22909,0,0,0,17,56,1,1,1,1,8364,0,0,2,0,4,0
roster,18,1,1,neutral,56,0,0,4,0,21000,0,0,0,17,56,1,1,1,1,16000,0,0,2,0,4,0
roster,18,1,2,neutral,56,0,0,4,0,22909,0,0,0,17,56,1,1,1,1,13364,0,0,2,0,4,0
roster,18,1,3,neutral,85,0,0,4,0,24818,3818,3182,0,18,85,1,0,0,0,0,1,0,1,0,6,0
roster,18,1,4,neutral,56,0,0,4,0,22909,0,0,0,17,56,1,1,1,1,9364,0,0,1,0,5,0
roster,18,1,5,neutral,40,0,0,4,0,21000,0,0,0,17,40,1,2,2,1,21000,1,0,2,0,5,0
roster,18,1,6,neutral,60,0,0,4,0,22909,0,0,0,24,60,1,0,0,0,0,1,0,1,0,6,0
roster,18,1,7,neutral,56,0,0,4,0,21000,0,0,0,17,56,1,1,1,0,8364,0,0,2,0,4,0
roster,18,2,0,neutral,101,0,0,4,0,45222,0,0,0,17,40,2,1,1,0,12000,0,0,1,0,9,0
roster,18,2,1,neutral,162,0,0,4,0,54556,0,0,0,18,102,2,0,0,0,0,0,0,2,0,6,0
roster,18,2,2,neutral,162,0,0,4,0,54556,0,0,0,17,88,2,1,1,1,7364,0,0,1,0,7,0
roster,18,2,3,neutral,131,0,0,4,0,51175,0,0,0,18,64,2,0,0,0,0,0,0,2,0,6,0
roster,18,2,4,neutral,133,0,0,4,0,50566,0,0,0,17,56,2,1,1,0,13364,0,0,1,0,7,0
roster,18,2,5,neutral,113,0,0,4,0,48544,6999,3501,0,17,77,2,1,0,0,0,1,0,1,0,10,0
roster,18,2,6,neutral,94,0,0,4,0,46305,0,0,0,17,49,2,1,1,1,17136,0,0,1,0,5,0
roster,18,2,7,neutral,94,0,0,4,0,43870,0,0,0,17,56,2,1,1,1,437,0,0,1,0,9,0
roster,18,3,0,neutral,104,0,0,5,0,74255,0,0,2289,17,44,3,1,1,1,17136,0,0,1,0,12,0
roster,18,3,1,neutral,150,0,0,5,0,82925,0,0,0,17,89,3,1,1,1,6182,0,0,2,0,11,0
roster,18,3,2,neutral,174,0,0,5,0,87665,0,0,0,18,89,3,0,0,0,0,0,0,1,0,11,0
roster,18,3,3,neutral,111,0,0,5,0,84826,0,0,0,17,77,3,1,1,1,18000,0,0,2,0,9,0
roster,18,3,4,neutral,101,0,0,5,0,77221,0,0,0,17,40,3,1,1,0,21000,0,0,1,0,12,0
roster,18,3,5,neutral,182,0,0,5,0,90995,7000,0,0,17,82,3,1,0,0,0,1,0,1,0,11,0
roster,18,3,6,neutral,116,0,0,5,0,80966,0,0,730,17,56,3,1,1,0,16000,0,0,1,0,8,0
roster,18,3,7,neutral,123,0,0,5,0,76629,0,0,0,17,49,3,1,1,1,27682,0,0,1,0,12,0
roster,18,4,0,pvp,407,0,0,3,0,925638,0,0,0,17,161,7,2,2,1,86365,0,0,1,1,11,0
roster,18,4,1,pvp,454,0,1,0,2,1007373,46182,2818,0,17,194,8,1,1,0,28937,0,1,2,1,0,8
roster,18,4,2,pvp,416,0,0,4,0,802384,0,0,0,17,149,6,2,2,2,79434,0,0,1,1,11,0
roster,18,4,3,pvp,501,0,0,2,0,954840,0,0,0,17,107,8,2,2,3,109211,0,0,2,1,6,0
roster,18,5,0,neutral,197,0,0,5,0,324785,0,0,0,8,72,3,1,1,1,23981,0,0,1,0,17,0
roster,18,5,1,neutral,223,0,0,5,0,297406,0,0,0,8,65,3,1,1,2,58227,0,0,1,0,14,0
roster,18,5,2,neutral,194,0,0,5,0,313332,0,0,0,8,65,3,1,1,0,49637,0,0,1,0,14,0
roster,18,5,3,neutral,198,0,0,5,0,330368,0,0,0,8,89,3,1,1,1,52500,0,0,2,0,15,0
roster,18,5,4,neutral,237,0,0,5,0,333480,0,0,0,8,120,3,1,1,0,13744,0,0,1,0,15,0
roster,18,5,5,neutral,197,0,0,5,0,346087,0,0,0,8,77,3,1,1,1,44650,1,0,1,0,17,0
roster,18,5,6,neutral,254,0,0,5,0,344812,0,0,0,8,149,3,1,1,0,29536,0,0,1,0,14,0
roster,18,5,7,neutral,263,0,0,5,0,329626,0,0,0,8,111,3,1,1,1,30545,0,0,1,0,14,0
roster,18,6,0,pvp,374,0,1,0,2,1137348,0,0,0,17,89,8,4,4,3,130875,0,0,2,2,0,9
roster,18,6,1,pvp,534,0,1,0,2,1075906,0,0,0,17,101,8,3,3,5,101008,0,0,1,2,0,7
roster,18,6,2,pvp,507,0,1,0,3,1067833,0,0,0,17,116,7,3,3,1,76662,0,0,2,1,0,12
roster,18,6,3,pvp,401,0,0,2,0,999058,0,0,0,17,101,8,2,2,1,83252,0,0,1,1,9,0
roster,18,7,0,pvp,531,0,0,2,0,1125808,26000,0,0,17,89,8,4,4,1,124671,0,0,2,2,9,0
roster,18,7,1,pvp,443,0,0,4,0,1067552,0,0,0,17,173,6,3,3,3,137067,0,0,2,2,15,0
roster,18,7,2,pvp,353,0,0,4,0,1035371,0,0,0,17,125,6,4,4,4,201978,0,0,2,2,15,0
roster,18,7,3,pvp,374,0,0,3,0,1114690,0,0,0,17,133,7,4,4,1,177630,0,0,2,2,12,0
roster,18,8,0,pvp,403,0,0,3,0,1040296,8609,17391,0,17,89,7,3,3,2,166474,0,0,1,2,18,0
roster,18,8,1,pvp,466,0,0,3,0,1099500,0,0,0,17,177,7,3,3,2,101953,0,0,2,2,12,0
roster,18,8,2,pvp,478,0,1,0,3,1297508,0,0,0,17,168,7,4,4,3,194361,0,0,2,2,0,9
roster,18,8,3,pvp,341,0,0,5,0,929092,26000,0,0,17,117,5,4,4,3,154279,0,0,2,2,24,0
roster,18,9,0,pvp,784,0,1,0,2,1683214,0,0,2700,17,85,10,3,3,4,195445,0,0,1,2,0,6
roster,18,9,1,pvp,432,0,0,4,0,1292225,0,0,0,17,94,8,3,2,2,59112,0,0,2,2,15,0
roster,18,9,2,pvp,413,0,1,0,5,1264066,52000,0,0,17,77,7,4,4,3,167002,0,0,2,2,0,18
roster,18,9,3,pvp,559,0,1,0,2,1704487,52000,0,0,17,145,10,4,4,4,266947,0,0,2,2,0,6
roster,18,10,0,neutral,193,0,0,6,0,478204,26000,0,0,8,104,3,2,2,0,59091,0,0,2,0,27,0
roster,18,10,1,neutral,258,0,0,6,0,465395,0,0,0,8,138,3,1,1,0,27682,0,0,2,0,21,0
roster,18,10,2,neutral,162,0,0,6,0,462372,0,0,0,8,109,3,1,1,1,43500,0,0,1,0,30,0
roster,18,10,3,neutral,210,0,0,6,0,438076,0,0,0,8,65,3,2,2,1,80182,0,0,2,0,27,0
roster,18,10,4,neutral,193,0,0,6,0,456114,0,0,0,8,113,3,2,2,1,85908,0,0,2,0,27,0
roster,18,10,5,neutral,290,0,0,6,0,440111,0,0,1667,8,148,3,2,2,0,82856,0,0,2,0,21,0
roster,18,10,6,neutral,185,0,0,6,0,455490,0,0,0,8,65,3,2,2,0,55364,0,0,2,0,21,0
roster,18,10,7,neutral,230,0,0,6,0,436727,0,0,0,17,101,3,2,2,0,83045,0,0,2,0,21,0
roster,18,11,0,pvp,502,0,0,3,0,1469413,0,0,0,17,104,9,3,3,2,132818,0,0,2,2,15,0
roster,18,11,1,pvp,458,0,1,0,4,1498811,104000,0,3913,17,94,8,3,3,2,109925,0,0,1,2,0,15
roster,18,11,2,pvp,414,0,0,6,0,1255502,0,0,0,17,81,6,4,4,5,200868,0,0,2,2,27,0
roster,18,11,3,pvp,364,0,0,5,0,1280776,0,0,0,17,151,7,3,3,3,141328,0,0,2,2,24,0
roster,18,12,0,pvp,369,0,0,4,0,1398669,26000,0,0,8,105,8,4,4,3,147762,0,0,2,2,12,0
roster,18,12,1,pvp,569,0,1,0,2,1482739,0,0,0,17,145,10,3,3,0,151645,0,0,2,2,0,9
roster,18,12,2,pvp,403,0,1,0,4,1489634,52000,0,0,17,118,8,2,2,2,128328,0,0,1,2,0,21
roster,18,12,3,pvp,616,0,0,1,0,1715888,160774,2726,0,17,165,11,4,4,1,152566,0,1,2,2,3,0
roster,18,13,0,pvp,342,0,0,4,0,1387913,52000,0,0,8,69,8,3,3,3,184878,0,0,2,2,18,0
roster,18,13,1,pvp,438,0,0,4,0,1421265,77000,0,0,17,186,8,3,3,3,184061,0,1,2,2,15,0
roster,18,13,2,pvp,470,0,1,0,3,1602206,0,0,0,17,141,9,3,3,2,185089,0,0,2,2,0,18
roster,18,13,3,pvp,395,0,1,0,3,1462091,26000,0,3913,17,83,9,3,3,1,120087,0,0,2,2,0,15
roster,18,14,0,pvp,344,0,1,0,4,1517833,26000,0,0,8,117,8,3,3,2,109913,0,0,2,2,0,24
roster,18,14,1,pvp,456,0,1,0,3,1498077,0,0,0,17,111,9,3,2,3,96512,0,0,2,2,0,18
roster,18,14,2,pvp,402,0,1,0,4,1428833,26000,0,0,17,89,8,2,2,2,120553,0,0,2,2,0,24
roster,18,14,3,pvp,407,0,0,4,0,1287505,65870,5630,0,17,83,8,3,3,2,182355,0,1,2,2,21,0
roster,18,15,0,neutral,210,0,0,6,0,599591,26000,0,0,8,85,3,2,2,2,137863,0,0,2,0,27,0
roster,18,15,1,neutral,242,0,0,6,0,603002,0,0,0,8,117,3,1,1,1,52500,0,0,2,0,21,0
roster,18,15,2,neutral,188,0,0,6,0,594523,0,0,0,8,92,3,1,1,1,43500,0,0,2,0,39,0
roster,18,15,3,neutral,292,0,0,6,0,628004,0,0,0,8,133,3,1,1,1,48000,0,0,2,0,36,0
roster,18,15,4,neutral,229,0,0,6,0,584669,0,0,0,8,169,3,2,1,0,46250,0,0,2,0,27,0
roster,18,15,5,neutral,240,0,0,6,0,599088,0,0,0,8,138,3,1,1,0,52500,0,0,2,0,30,0
roster,18,15,6,neutral,201,0,0,6,0,569114,0,0,0,8,89,3,1,1,0,63299,0,0,2,0,30,0
roster,18,15,7,neutral,261,0,0,6,0,589115,0,0,0,8,88,3,2,2,2,95412,1,0,2,0,24,0
roster,18,16,0,pvp,638,0,0,1,0,2072178,52000,0,0,17,111,11,3,3,2,183755,0,0,2,2,9,0
roster,18,16,1,pvp,455,0,1,0,4,1429773,0,0,0,17,121,8,2,2,2,124351,0,0,2,2,0,21
roster,18,16,2,pvp,576,0,0,1,0,1812250,26000,0,0,17,109,11,3,3,2,233480,0,0,2,2,9,0
roster,18,16,3,pvp,646,0,0,1,0,1787584,82500,0,0,17,121,11,2,2,0,67667,0,1,2,1,9,0
roster,18,17,0,pvp,352,0,0,5,0,1281231,26000,0,0,17,105,7,3,3,3,210342,0,0,2,2,36,0
roster,18,17,1,pvp,407,0,1,0,4,1755390,120152,848,0,17,102,9,2,2,2,153944,0,1,2,2,0,24
roster,18,17,2,pvp,418,0,0,5,0,1707246,26000,0,0,17,111,8,3,3,4,151935,0,0,2,2,27,0
roster,18,17,3,pvp,521,0,1,0,1,1789324,0,0,0,17,137,11,2,2,2,175043,0,0,2,2,0,3
roster,18,18,0,pvp,463,0,0,3,0,2224648,127609,2391,0,17,109,10,3,3,4,170230,0,1,2,2,27,0
roster,18,18,1,pvp,372,0,1,0,4,1566657,0,0,0,17,151,9,2,2,1,110870,0,0,2,2,0,30
roster,18,18,2,pvp,523,0,1,0,2,1631037,52000,0,0,17,82,10,2,2,3,144719,0,0,2,2,0,18
roster,18,18,3,pvp,469,0,0,2,0,1872111,26000,0,0,17,94,11,3,2,1,95691,0,0,2,2,6,0
roster,18,19,0,pvp,363,0,0,6,0,1760740,129408,6592,0,17,113,8,3,3,2,208675,0,0,2,2,51,0
roster,18,19,1,pvp,472,0,1,0,3,1795161,26000,0,0,17,94,11,2,2,3,132541,0,0,2,2,0,18
roster,18,19,2,pvp,414,0,0,5,0,1758580,0,0,0,17,101,9,2,2,1,148526,0,0,2,2,30,0
roster,18,19,3,pvp,445,0,1,0,4,1830688,110000,0,0,17,133,10,3,3,3,121756,0,1,2,2,0,21
roster,18,20,0,neutral,198,0,0,7,0,705224,42000,0,0,8,126,3,2,2,1,99273,0,0,2,0,54,0
roster,18,20,1,neutral,279,0,0,7,0,725868,0,0,0,8,140,3,1,1,1,33409,0,0,2,0,30,0
roster,18,20,2,neutral,211,0,0,6,0,711430,0,0,0,8,92,4,1,1,1,43500,0,0,2,0,36,0
roster,18,20,3,neutral,273,0,0,7,0,726910,0,0,0,8,171,3,1,1,0,48000,0,0,2,0,42,0
roster,18,20,4,neutral,263,0,0,6,0,732574,26000,0,0,8,93,4,2,2,0,83045,0,0,2,0,27,0
roster,18,20,5,neutral,254,0,0,7,0,661278,26000,0,0,8,145,3,1,1,1,52500,0,0,2,0,36,0
roster,18,20,6,neutral,218,0,0,7,0,692554,0,0,0,8,69,3,1,1,1,74304,0,0,2,0,36,0
roster,18,20,7,neutral,221,0,0,7,0,705972,22000,0,0,8,102,3,1,1,0,91500,1,0,2,0,39,0
roster,18,21,0,pvp,423,0,0,5,0,1783447,84000,0,0,17,73,9,4,4,2,248613,0,0,2,2,33,0
roster,18,21,1,pvp,387,0,1,0,4,1598518,0,0,0,17,105,10,2,2,0,73135,0,0,2,2,0,24
roster,18,21,2,pvp,458,0,1,0,4,1869123,78000,0,0,8,85,10,2,2,1,92154,0,0,2,2,0,24
roster,18,21,3,pvp,500,0,0,3,0,2101351,77000,0,0,17,135,11,2,2,3,164995,0,1,2,2,18,0
roster,18,22,0,pvp,434,0,0,5,0,1852297,136000,0,0,17,117,9,3,2,1,144590,0,0,2,2,48,0
roster,18,22,1,pvp,415,0,1,0,5,1742428,0,0,0,17,133,9,2,2,1,87739,0,0,2,2,0,27
roster,18,22,2,pvp,546,0,1,0,3,1845250,26000,0,0,17,55,11,2,2,1,115478,0,0,2,2,0,18
roster,18,22,3,pvp,716,0,0,2,0,2182637,181161,1339,0,17,158,12,3,3,3,167950,0,1,2,2,9,0
roster,18,23,0,pvp,367,0,0,5,0,1716401,42000,0,0,17,89,9,4,4,2,168064,0,0,2,2,33,0
roster,18,23,1,pvp,335,0,1,0,4,1497882,33000,0,0,17,138,10,2,2,0,175285,0,1,2,2,0,30
roster,18,23,2,pvp,500,0,1,0,4,1968598,104000,0,0,8,177,10,2,2,1,149762,0,0,2,2,0,27
roster,18,23,3,pvp,509,0,0,2,0,1940831,0,0,0,17,124,12,2,2,2,172941,0,0,2,2,15,0
roster,18,24,0,pvp,433,0,0,5,0,1781907,136000,0,0,8,70,9,3,3,3,173126,0,0,2,2,48,0
roster,18,24,1,pvp,515,0,1,0,2,1798400,0,0,0,17,109,12,2,2,2,143277,0,0,2,2,0,12
roster,18,24,2,pvp,401,0,0,4,0,1711985,26000,0,0,17,85,10,3,3,2,173413,0,0,2,2,30,0
roster,18,24,3,pvp,552,0,0,2,0,2295126,137609,2391,0,17,131,12,2,2,3,193427,0,1,2,2,12,0
roster,18,25,0,neutral,382,0,0,6,0,1701386,84000,0,2323,8,136,5,2,2,2,60797,0,0,2,0,51,0
roster,18,25,1,neutral,379,0,0,5,0,1714815,0,0,0,8,125,7,1,1,0,30545,0,0,2,0,27,0
roster,18,25,2,neutral,570,0,0,4,0,1807592,78000,0,0,8,102,7,1,1,1,82500,0,0,2,0,27,0
roster,18,25,3,neutral,435,0,0,5,0,1745894,0,0,0,8,183,6,1,1,1,48000,0,0,2,0,30,0
roster,18,25,4,neutral,450,0,0,6,0,1820833,52000,0,0,8,106,5,2,2,0,80182,0,0,2,0,30,0
roster,18,25,5,neutral,410,0,0,6,0,1728564,26000,0,0,8,106,5,1,1,3,148500,0,0,2,0,33,0
roster,18,25,6,neutral,385,0,0,6,0,1668476,0,0,3130,8,177,6,1,1,1,72359,0,0,2,0,36,0
roster,18,25,7,neutral,360,0,0,5,0,1635017,38500,0,0,8,190,6,1,1,1,100500,1,0,2,0,30,0
roster,18,26,0,pvp,406,0,0,6,0,1756376,42000,0,1812,17,122,9,3,3,0,181164,0,0,2,2,51,0
roster,18,26,1,pvp,511,0,0,5,0,1863277,104000,0,0,8,109,9,3,3,1,109867,0,0,2,2,33,0
roster,18,26,2,pvp,482,0,0,4,0,1979052,58500,2000,0,17,121,10,2,2,4,190984,0,1,2,2,24,0
roster,18,26,3,pvp,330,0,1,0,6,1829116,52000,0,3522,17,105,9,2,2,2,93127,0,0,2,2,0,39
roster,18,27,0,pvp,476,0,0,5,0,2053074,81444,2556,0,17,122,10,3,3,2,139036,0,0,2,2,48,0
roster,18,27,1,pvp,503,0,1,0,4,1966862,52000,0,0,17,83,12,2,2,2,160376,0,0,2,2,0,21
roster,18,27,2,pvp,826,0,0,1,0,2362132,78000,0,3913,17,101,15,3,3,1,121043,0,0,2,2,3,0
roster,18,27,3,pvp,506,0,0,4,0,2067323,60500,0,0,17,124,11,2,2,0,91826,0,1,2,2,27,0
roster,18,28,0,pvp,418,0,0,4,0,2176994,119000,0,0,17,109,11,3,3,4,270273,0,1,2,2,30,0
roster,18,28,1,pvp,544,0,0,4,0,1989746,52000,0,14088,17,127,12,2,1,0,51773,0,0,2,2,15,0
roster,18,28,2,pvp,606,0,1,0,4,2170479,52000,0,0,17,99,11,2,2,1,158117,0,0,2,2,0,18
roster,18,28,3,pvp,484,0,1,0,4,2010652,26000,0,0,17,94,12,3,3,1,122679,0,0,2,2,0,30
roster,18,29,0,pvp,609,0,0,4,0,2408507,42000,0,0,17,129,12,3,3,1,193477,0,0,2,2,30,0
roster,18,29,1,pvp,493,0,1,0,4,1971308,26000,0,0,17,125,12,3,3,1,128207,0,0,2,2,0,15
roster,18,29,2,pvp,394,0,1,0,7,1848225,134500,0,0,8,94,9,2,2,2,115694,0,1,2,2,0,39
roster,18,29,3,pvp,647,0,1,0,5,2178505,104000,0,3913,17,102,10,2,1,0,45913,0,0,2,2,0,21
roster,18,30,0,neutral,414,0,0,7,0,1908670,84000,0,3522,8,158,5,2,2,1,169228,0,0,2,0,54,0
roster,18,30,1,neutral,555,0,0,4,0,2103400,0,0,0,8,129,8,1,1,2,58227,0,0,2,0,18,0
roster,18,30,2,neutral,459,0,0,6,0,1987424,0,0,0,8,135,5,1,1,0,121500,0,0,2,0,30,0
roster,18,30,3,neutral,539,0,0,4,0,2122256,0,0,0,8,83,8,2,2,1,85909,0,0,2,0,21,0
roster,18,30,4,neutral,425,0,0,6,0,1831908,52000,0,0,8,84,6,1,1,1,91500,0,0,2,0,30,0
roster,18,30,5,neutral,450,0,0,5,0,1967125,0,0,0,8,108,7,1,1,1,94225,0,0,2,0,39,0
roster,18,30,6,neutral,413,0,0,6,0,1918265,93500,0,0,8,131,6,1,1,1,135000,1,0,2,0,33,0
roster,18,31,0,ghost,407,0,0,4,0,2082073,52000,0,0,17,109,12,3,3,2,139856,0,0,2,2,21,0
roster,18,31,1,pvp,398,0,0,6,0,2095305,144500,0,0,17,109,10,3,3,5,170668,0,1,2,2,45,0
roster,18,31,2,pvp,450,0,1,0,4,2002304,0,0,0,17,137,12,2,2,1,171391,0,0,2,2,0,36
roster,18,31,3,pvp,433,0,0,5,0,1987161,26000,0,0,17,137,11,3,3,2,159358,0,0,2,2,30,0
roster,18,32,0,pvp,431,0,0,6,0,2034477,42000,0,0,17,89,10,4,4,2,187298,0,0,2,2,36,0
roster,18,32,1,pvp,440,0,0,4,0,2223953,112043,3457,0,17,135,12,2,2,3,156828,0,1,2,2,21,0
roster,18,32,2,pvp,471,0,1,0,4,2206947,26000,0,0,17,134,12,2,2,1,118392,0,0,2,2,0,27
roster,18,33,0,ghost,467,0,0,4,0,2058721,110000,0,3913,17,85,12,3,3,3,162226,0,0,2,2,30,0
roster,18,33,1,pvp,401,0,0,5,0,1945691,26000,0,0,17,121,11,2,2,1,120522,0,0,2,2,24,0
roster,18,33,2,pvp,439,0,1,0,6,2000794,52000,0,0,17,157,10,3,3,1,188821,0,0,2,2,0,45
roster,18,34,0,pvp,504,0,0,6,0,2205278,84000,0,0,17,123,10,3,3,3,261641,0,0,2,2,45,0
roster,18,34,1,pvp,460,0,1,0,6,1881605,26000,0,0,17,101,10,2,2,1,90596,0,0,2,2,0,45
roster,18,35,0,neutral,424,0,0,7,0,2189848,84000,0,0,8,108,5,2,2,2,94773,0,0,2,0,54,0
roster,18,35,1,neutral,483,0,0,7,0,2124687,0,0,0,8,170,5,1,1,2,121500,0,0,2,0,36,0
roster,18,35,2,neutral,551,0,0,4,0,2310625,26000,0,0,8,89,8,1,1,2,126000,0,0,2,0,21,0
roster,18,35,3,neutral,435,0,0,6,0,2271178,0,0,0,8,102,6,1,1,2,130500,0,0,2,0,45,0
roster,18,36,0,pvp,561,0,0,5,0,2286162,126000,0,0,17,121,11,3,3,0,184001,0,0,2,2,48,0
roster,18,36,1,pvp,645,0,1,0,4,2474939,78000,0,0,17,135,12,2,2,0,124135,0,0,2,2,0,18
roster,18,37,0,pvp,493,0,0,4,0,2150886,110000,0,3913,17,89,12,3,3,3,181805,0,0,2,2,30,0
roster,18,37,1,pvp,633,0,0,4,0,2408540,0,0,0,17,101,12,2,2,0,73649,0,0,2,2,15,0
roster,18,38,0,pvp,682,0,0,3,0,2509497,42000,0,0,17,121,13,3,3,0,105088,0,0,2,2,21,0
roster,18,38,1,pvp,466,0,0,6,0,2026097,52000,0,0,17,105,10,2,2,0,155328,0,0,2,2,33,0
roster,18,39,0,pvp,420,0,0,6,0,2146054,136000,0,0,17,126,11,3,3,2,154416,0,0,2,2,36,0
roster,18,39,1,pvp,459,0,1,0,6,2293231,0,0,19322,17,108,11,2,2,1,188520,0,0,2,2,0,39
roster,18,40,0,neutral,505,0,0,6,0,2696264,84000,0,0,8,158,7,2,2,1,83045,0,0,2,0,51,0
roster,18,40,1,neutral,550,0,0,5,0,2610948,0,0,0,8,133,7,1,1,2,151500,0,0,2,0,24,0
roster,18,40,2,neutral,518,0,0,5,0,2529648,0,0,0,8,108,8,1,1,1,105000,0,0,2,0,24,0
roster,18,41,0,ghost,528,0,1,0,6,2392756,84000,0,0,17,111,11,3,3,1,192686,0,0,2,2,0,45
roster,18,41,1,pvp,571,0,0,4,0,2649581,84000,0,15750,17,129,14,3,3,4,132060,0,0,2,2,30,0
roster,18,42,0,ghost,438,0,0,7,0,2053556,0,0,0,17,106,10,2,2,3,127060,0,0,2,2,42,0
roster,18,42,1,pvp,513,0,0,5,0,2453844,84000,0,0,17,118,12,3,3,3,227919,0,0,2,2,42,0
roster,18,43,0,ghost,493,0,0,7,0,2305631,84000,0,0,17,95,11,3,3,5,244990,0,0,2,2,39,0
roster,18,43,1,pvp,501,0,1,0,5,2345764,0,0,0,18,105,12,2,2,5,239610,0,0,2,2,0,30
roster,18,44,0,pvp,601,0,0,6,0,2660557,126000,0,0,17,126,12,3,3,0,137116,0,0,2,2,45,0
roster,19,1,0,neutral,56,0,0,4,0,22826,0,0,0,17,56,1,2,1,1,13364,0,0,2,0,4,0
roster,19,1,1,neutral,60,0,0,4,0,22909,0,0,0,24,60,1,0,0,0,0,0,0,2,0,5,0
roster,19,1,2,neutral,49,0,0,3,0,21000,0,0,0,17,49,1,2,1,1,17136,0,0,2,0,5,0
roster,19,1,3,neutral,56,0,0,4,0,21000,0,0,0,17,56,1,1,1,0,16000,0,0,2,0,4,0
roster,19,1,4,neutral,56,0,0,3,0,22909,0,0,0,17,56,1,1,1,1,13182,0,0,1,0,6,0
roster,19,1,5,neutral,77,0,0,4,0,24112,0,0,0,18,77,1,0,0,0,0,1,0,2,0,5,0
roster,19,1,6,neutral,40,0,0,4,0,21000,0,0,0,17,40,1,2,1,1,17000,0,0,2,0,5,0
roster,19,1,7,neutral,56,0,0,4,0,22909,0,0,0,17,56,1,1,1,1,8182,0,0,1,0,5,0
roster,19,2,0,neutral,72,0,0,4,0,43261,0,0,0,17,56,2,2,2,2,18437,0,0,2,0,8,0
roster,19,2,1,neutral,116,0,0,4,0,50566,0,0,0,17,54,2,1,1,0,15364,0,0,1,0,7,0
roster,19,2,2,neutral,56,0,0,4,0,43870,0,0,0,17,49,2,2,2,2,35136,1,0,2,0,8,0
roster,19,2,3,neutral,101,0,0,4,0,45222,0,0,0,17,40,2,1,1,1,13364,0,0,2,0,6,0
roster,19,2,4,neutral,88,0,0,4,0,46305,0,0,0,17,40,2,3,2,2,22272,0,0,3,0,7,0
roster,19,2,5,neutral,142,0,0,4,0,52482,0,0,0,18,77,2,0,0,0,0,1,0,2,0,5,0
roster,19,2,6,neutral,101,0,0,4,0,46305,0,0,0,17,49,2,2,1,1,17136,0,0,2,0,4,0
roster,19,2,7,neutral,104,0,0,4,0,48544,0,0,0,17,56,2,1,1,1,12000,0,0,1,0,5,0
roster,19,3,0,neutral,131,0,0,5,0,81369,0,0,0,17,72,3,1,1,0,18909,0,0,1,0,11,0
roster,19,3,1,neutral,131,0,0,5,0,80740,0,0,0,17,49,3,2,2,1,34273,0,0,2,0,12,0
roster,19,3,2,neutral,141,0,0,5,0,82566,3500,0,0,17,40,3,1,1,0,19927,2,0,2,0,11,0
roster,19,3,3,neutral,211,0,0,5,0,90703,0,0,0,18,82,3,0,0,0,0,0,0,2,0,8,0
roster,19,3,4,neutral,113,0,0,5,0,81696,0,0,0,17,40,3,3,2,1,27364,0,0,3,0,11,0
roster,19,3,5,neutral,108,0,0,5,0,76164,9164,1336,2289,17,49,3,1,1,1,17136,1,0,1,0,10,0
roster,19,3,6,neutral,133,0,0,5,0,78703,0,0,0,17,49,3,2,2,2,36045,0,0,2,0,9,0
roster,19,3,7,neutral,123,0,0,5,0,77907,0,0,0,18,44,3,0,0,0,0,0,0,1,0,14,0
roster,19,4,0,pvp,556,0,1,0,1,903118,0,0,0,17,99,9,2,2,0,41465,0,0,1,1,0,6
roster,19,4,1,pvp,403,0,1,0,3,859153,91000,0,0,17,51,7,4,4,3,119857,2,0,2,3,0,9
roster,19,4,2,pvp,657,0,1,0,2,1045578,26000,0,0,17,223,8,1,1,1,92995,0,0,2,1,0,6
roster,19,4,3,pvp,478,0,1,0,3,904612,0,0,0,17,218,7,1,1,0,522,0,0,1,2,0,7
roster,19,5,0,neutral,203,0,0,4,0,338955,0,0,0,8,82,4,1,1,0,30545,0,0,1,0,15,0
roster,19,5,1,neutral,236,0,0,5,0,334072,0,0,0,8,88,3,1,1,2,24275,0,0,1,0,16,0
roster,19,5,2,neutral,235,0,0,5,0,336959,28000,0,0,8,88,3,1,1,1,32263,2,0,2,0,13,0
roster,19,5,3,neutral,289,0,0,5,0,341850,0,0,0,8,113,3,0,0,0,0,0,0,2,0,12,0
roster,19,5,4,neutral,197,0,0,5,0,323639,0,0,0,8,88,3,2,2,1,36926,1,0,2,0,18,0
roster,19,5,5,neutral,211,0,0,5,0,342220,0,0,0,8,89,3,0,0,0,0,0,0,1,0,20,0
roster,19,5,6,neutral,240,0,0,5,0,325182,0,0,0,8,118,3,0,0,0,0,0,0,1,0,19,0
roster,19,5,7,neutral,220,0,0,5,0,338641,26000,0,0,8,113,3,1,1,0,30545,0,0,1,0,18,0
roster,19,6,0,pvp,472,0,0,4,0,980700,88000,0,14366,8,93,6,3,3,1,74257,0,1,1,2,12,0
roster,19,6,1,pvp,681,0,1,0,2,1109119,0,0,4928,18,170,8,0,0,0,0,0,0,1,2,0,4
roster,19,6,2,pvp,743,0,0,2,0,1281429,192467,10533,0,8,167,8,2,2,1,72508,1,0,2,1,9,0
roster,19,6,3,pvp,382,0,0,4,0,944184,26000,0,0,17,104,6,2,2,3,90110,0,0,1,2,15,0
roster,19,7,0,pvp,470,0,0,3,0,1068343,52000,0,0,17,139,7,1,1,1,55434,0,0,1,1,12,0
roster,19,7,1,pvp,650,0,0,1,0,1229429,26000,0,0,8,117,9,1,1,1,68374,0,0,1,2,3,0
roster,19,7,2,pvp,442,0,1,0,3,1108693,104500,0,0,17,94,7,3,3,1,120704,1,0,2,1,0,12
roster,19,7,3,pvp,525,0,1,0,4,1087567,93500,0,1680,17,190,6,1,1,3,110764,0,1,2,1,0,21
roster,19,8,0,pvp,519,0,0,3,0,1105011,0,0,0,17,129,7,1,1,1,28000,0,0,1,2,12,0
roster,19,8,1,pvp,731,0,1,0,2,1293698,101546,2954,0,17,73,8,2,2,1,82998,0,1,1,1,0,9
roster,19,8,2,pvp,540,0,0,2,0,1337656,136950,550,0,17,121,8,2,2,3,178411,2,0,2,2,15,0
roster,19,8,3,pvp,655,0,1,0,2,1239809,122788,7212,11739,8,125,8,1,1,0,26478,0,0,1,2,0,6
roster,19,9,0,pvp,392,0,1,0,4,1232032,0,0,0,17,89,8,2,2,2,127411,0,0,2,2,0,12
roster,19,9,1,pvp,401,0,0,4,0,1184543,52000,0,0,17,108,8,1,1,0,41222,0,0,2,1,21,0
roster,19,9,2,pvp,681,0,1,0,3,1667194,185283,1717,8984,17,89,9,2,1,0,103688,2,0,2,2,0,10
roster,19,9,3,pvp,794,0,0,1,0,1952035,206370,1130,0,8,125,11,2,2,3,95844,2,0,2,1,3,0
roster,19,10,0,neutral,211,0,0,6,0,471562,0,0,0,8,123,3,1,1,1,30545,0,0,1,0,21,0
roster,19,10,1,neutral,159,0,0,6,0,452046,0,0,0,8,81,3,1,1,0,24818,0,0,2,0,27,0
roster,19,10,2,neutral,183,0,0,6,0,468544,61590,4410,0,8,95,3,1,1,0,39000,2,0,2,0,33,0
roster,19,10,3,neutral,227,0,0,6,0,461566,0,0,0,8,145,3,1,1,0,30545,0,0,2,0,19,0
roster,19,10,4,neutral,183,0,0,6,0,460854,44000,0,5001,8,141,3,1,1,2,82500,2,0,2,0,30,0
roster,19,10,5,neutral,270,0,0,6,0,477667,26000,0,4090,8,99,3,0,0,0,0,0,0,1,0,23,0
roster,19,10,6,neutral,286,0,0,6,0,467704,0,0,0,8,125,3,1,1,1,75736,0,0,2,0,21,0
roster,19,10,7,neutral,226,0,0,6,0,483317,26000,0,0,8,105,3,1,1,0,41173,0,0,1,0,30,0
roster,19,11,0,pvp,512,0,1,0,4,1258018,57757,5243,0,8,151,8,2,2,2,85305,0,1,2,2,0,33
roster,19,11,1,pvp,391,0,1,0,5,1269841,0,0,0,17,104,7,2,2,1,80990,0,0,2,2,0,18
roster,19,11,2,pvp,592,0,1,0,4,1566245,173000,0,6261,17,69,8,3,3,1,103439,2,0,2,2,0,24
roster,19,11,3,pvp,636,0,0,3,0,1443147,78000,0,0,17,161,9,2,2,1,85670,0,0,2,1,9,0
roster,19,12,0,pvp,478,0,1,0,3,1338071,52000,0,10910,8,69,9,3,3,3,120730,0,0,2,2,0,21
roster,19,12,1,pvp,383,0,1,0,5,1284212,54000,0,0,17,112,7,2,2,2,168498,0,1,2,1,0,37
roster,19,12,2,pvp,374,0,0,6,0,1269763,220500,2000,7888,17,85,6,2,2,2,129197,2,0,2,1,33,0
roster,19,12,3,pvp,556,0,0,2,0,1510588,0,0,0,17,164,10,2,2,2,129618,0,0,2,2,6,0
roster,19,13,0,pvp,454,0,1,0,4,1435134,27000,0,10526,8,129,8,2,2,3,134000,0,1,2,2,0,33
roster,19,13,1,pvp,584,0,0,2,0,1395443,0,0,7826,17,72,10,2,2,1,50217,0,0,2,2,15,0
roster,19,13,2,pvp,510,0,0,5,0,1718273,332500,0,0,17,69,7,3,3,1,109988,2,0,2,2,24,0
roster,19,13,3,pvp,900,1,1,1,1,1630779,26000,0,0,17,122,10,2,1,2,104323,0,0,1,2,3,3
roster,19,14,0,pvp,515,0,1,0,4,1418071,52000,0,16685,8,96,8,2,2,4,101390,0,0,2,1,0,15
roster,19,14,1,pvp,621,0,0,1,0,1598890,0,0,0,17,60,11,3,3,0,68478,0,0,2,2,6,0
roster,19,14,2,pvp,445,0,1,0,5,1444451,118519,8981,3360,17,135,7,2,2,0,139026,2,1,2,2,0,42
roster,19,14,3,pvp,499,0,1,0,2,1435533,0,0,3913,17,104,10,2,2,0,49778,0,0,2,2,0,6
roster,19,15,0,neutral,261,0,0,6,0,601639,0,0,0,8,145,3,1,1,0,27682,0,0,2,0,24,0
roster,19,15,1,neutral,221,0,0,6,0,568436,0,0,0,8,72,3,1,1,0,44435,0,0,2,0,27,0
roster,19,15,2,neutral,241,0,0,6,0,606844,0,0,0,8,95,3,1,1,1,48000,2,0,2,0,33,0
roster,19,15,3,neutral,233,0,0,6,0,637570,0,0,0,8,133,3,1,1,0,30545,0,0,2,0,18,0
roster,19,15,4,neutral,208,0,0,6,0,604975,36000,0,2348,8,141,3,1,1,0,39110,1,0,2,0,51,0
roster,19,15,5,neutral,233,0,0,6,0,625976,26000,0,0,8,140,3,1,1,0,30545,0,0,1,0,24,0
roster,19,15,6,neutral,291,0,0,6,0,578002,0,0,0,8,94,3,1,1,1,55363,0,0,2,0,21,0
roster,19,15,7,neutral,257,0,0,5,0,618335,0,0,0,8,112,4,2,2,2,62182,0,0,2,0,21,0
roster,19,16,0,pvp,700,0,0,2,0,1534774,0,0,0,8,97,10,2,2,1,61174,0,0,2,2,6,0
roster,19,16,1,pvp,587,0,1,0,3,1485197,161204,3796,14728,17,85,9,2,2,1,87780,0,2,2,2,0,12
roster,19,16,2,pvp,282,0,0,6,0,1103777,89000,0,0,17,83,6,2,2,3,105889,1,0,2,1,51,0
roster,19,16,3,pvp,517,0,1,0,2,1449258,0,0,0,17,118,10,3,3,0,132763,0,0,2,2,0,12
roster,19,17,0,pvp,554,0,1,0,2,1691043,0,0,22662,8,118,11,2,2,1,72275,0,0,2,2,0,15
roster,19,17,1,pvp,536,0,1,0,4,1582498,137000,6000,0,17,120,9,2,2,1,55535,2,0,2,2,0,15
roster,19,17,2,pvp,323,0,1,0,5,1237504,49043,4957,0,17,89,7,2,2,2,68831,0,1,2,2,0,42
roster,19,17,3,pvp,699,0,0,2,0,1703006,104000,0,0,17,89,11,3,3,1,111066,0,0,1,2,12,0
roster,19,18,0,pvp,393,0,1,0,6,1476171,116609,391,2062,8,126,7,3,3,3,110995,0,1,2,2,0,36
roster,19,18,1,pvp,450,0,0,6,0,1364544,52000,0,3913,17,65,8,2,2,2,68085,0,0,2,2,27,0
roster,19,18,2,pvp,376,0,1,0,3,1346216,0,0,40195,17,69,9,3,3,1,92913,0,0,2,2,0,15
roster,19,18,3,pvp,399,0,0,5,0,1674729,54000,0,4649,17,105,8,2,2,2,117469,1,0,2,2,42,0
roster,19,19,0,pvp,721,0,0,1,0,2047375,26000,0,2160,8,70,13,3,3,0,74784,0,0,2,2,3,0
roster,19,19,1,pvp,389,0,1,0,6,1562320,54000,0,0,17,69,8,2,2,1,61831,0,1,2,2,0,45
roster,19,19,2,pvp,839,0,0,2,0,1988350,232000,0,0,17,73,12,4,3,1,124350,1,0,2,2,21,0
roster,19,19,3,pvp,432,0,1,0,4,1601948,0,0,3913,17,121,10,2,2,2,133256,0,0,2,2,0,15
roster,19,20,0,neutral,249,0,0,7,0,715359,0,0,0,8,140,3,1,1,0,30545,0,0,2,0,33,0
roster,19,20,1,neutral,213,0,0,6,0,724574,0,0,0,8,69,4,1,1,0,24818,0,0,2,0,27,0
roster,19,20,2,neutral,193,0,0,7,0,710963,28635,7365,0,8,56,3,2,2,1,89729,1,0,2,0,45,0
roster,19,20,3,neutral,271,0,0,6,0,754390,0,0,0,8,120,4,1,1,1,3384,0,0,2,0,21,0
roster,19,20,4,neutral,201,0,0,7,0,706475,0,0,13695,8,126,3,1,1,1,82500,1,0,2,0,54,0
roster,19,20,5,neutral,296,0,0,6,0,787338,26000,0,0,8,143,4,2,2,1,55740,0,0,2,0,21,0
roster,19,20,6,neutral,265,0,0,7,0,690442,0,0,0,8,94,3,0,0,0,0,0,0,2,0,33,0
roster,19,20,7,neutral,236,0,0,6,0,734654,16740,9260,0,8,85,4,2,2,2,63954,0,0,2,0,27,0
roster,19,21,0,pvp,441,0,0,5,0,1702313,52000,0,11684,8,101,9,3,3,5,142951,0,0,2,2,27,0
roster,19,21,1,pvp,369,0,1,0,6,1407642,0,0,7826,17,113,8,1,1,0,22556,0,0,2,2,0,30
roster,19,21,2,pvp,547,0,0,5,0,1589317,161086,9914,13963,17,72,9,3,3,0,102931,1,0,2,2,33,0
roster,19,21,3,pvp,407,0,0,6,0,1799892,146609,5391,14509,17,69,8,3,3,2,152248,2,0,2,2,48,0
roster,19,22,0,pvp,483,0,1,0,4,1700843,0,0,20348,17,121,10,1,1,0,29217,0,0,2,2,0,27
roster,19,22,1,pvp,415,0,1,0,4,1750698,26000,0,12261,17,65,10,3,3,1,125948,0,0,2,2,0,18
roster,19,22,2,pvp,531,0,1,0,6,1964456,391735,37265,0,17,89,8,3,3,2,165776,1,2,2,2,0,48
roster,19,22,3,pvp,507,0,1,0,5,1550493,52000,0,0,17,117,9,3,2,2,165881,0,0,2,2,0,18
roster,19,23,0,pvp,497,0,0,5,0,1639885,0,0,0,8,131,9,2,2,3,105067,0,0,2,2,24,0
roster,19,23,1,pvp,391,0,1,0,5,1472313,79113,6387,14937,17,69,9,2,2,1,99289,0,2,2,2,0,45
roster,19,23,2,pvp,706,0,1,0,3,2161544,245652,2348,0,17,101,11,4,4,5,204261,1,0,2,2,0,12
roster,19,23,3,pvp,514,0,0,4,0,1784225,52000,0,0,17,104,10,2,2,0,52179,0,0,2,2,27,0
roster,19,24,0,pvp,311,0,1,0,7,1585935,0,0,9860,17,121,8,2,2,1,54106,0,0,2,2,0,42
roster,19,24,1,pvp,517,0,1,0,3,1671203,78000,0,8727,17,72,11,3,3,2,119467,0,0,2,2,0,12
roster,19,24,2,pvp,900,1,0,1,1,2185412,266733,3267,0,17,69,12,4,3,0,80478,1,0,2,2,18,9
roster,19,24,3,pvp,391,0,1,0,6,1542234,103500,0,10174,17,85,8,2,2,2,116635,0,2,2,2,0,48
roster,19,25,0,neutral,535,0,0,4,0,1859305,0,0,5217,8,200,7,1,1,1,61090,0,0,2,0,15,0
roster,19,25,1,neutral,460,0,0,5,0,1722137,0,0,0,8,77,7,1,1,0,24818,0,0,2,0,27,0
roster,19,25,2,neutral,525,0,0,6,0,1839363,163652,7348,0,8,85,5,2,2,1,97227,1,0,2,0,36,0
roster,19,25,3,neutral,542,0,0,5,0,1977473,126000,0,0,8,113,6,1,1,1,33409,0,0,2,0,30,0
roster,19,25,4,neutral,410,0,0,7,0,1747263,136000,0,0,8,241,4,1,1,1,87000,2,0,2,0,57,0
roster,19,25,5,neutral,444,0,0,6,0,1869292,52000,0,0,8,108,6,2,2,1,61090,0,0,2,0,18,0
roster,19,25,6,neutral,408,0,0,6,0,1709086,0,0,0,8,179,6,1,1,1,27682,0,0,2,0,30,0
roster,19,25,7,neutral,432,0,0,5,0,1801607,52000,0,0,8,83,7,2,1,1,30545,0,0,2,0,27,0
roster,19,26,0,pvp,549,0,1,0,4,2160169,82091,5409,8323,8,184,10,2,2,2,108633,0,2,2,2,0,36
roster,19,26,1,pvp,415,0,1,0,5,1738687,0,0,2211,17,102,11,2,2,2,78251,0,0,2,2,0,27
roster,19,26,2,pvp,900,1,1,1,3,2445367,537600,5400,0,17,72,10,3,3,0,101794,1,0,2,2,18,24
roster,19,26,3,pvp,624,0,1,0,2,2166395,156000,0,0,17,89,14,4,4,3,169625,0,0,2,2,0,12
roster,19,27,0,pvp,375,0,1,0,6,1815336,52000,0,12866,8,128,9,3,3,3,138948,0,0,2,2,0,30
roster,19,27,1,pvp,823,0,0,2,0,2138078,163460,4540,3913,17,60,13,2,2,0,55696,0,0,2,2,9,0
roster,19,27,2,pvp,529,0,1,0,5,2283797,208203,7797,1972,17,101,11,3,3,2,128389,1,0,2,2,0,27
roster,19,27,3,pvp,422,0,0,6,0,1896349,184370,2630,7287,17,120,9,3,3,2,122550,2,0,2,2,48,0
roster,19,28,0,pvp,522,0,1,0,6,1741541,118218,7782,4124,8,126,9,3,3,1,94695,0,1,2,2,0,42
roster,19,28,1,pvp,416,0,1,0,3,1801710,0,0,7918,17,90,13,2,2,1,56921,0,0,2,2,0,24
roster,19,28,2,pvp,592,0,1,0,5,1991460,204000,0,5087,17,78,10,3,3,3,158168,0,0,2,2,0,18
roster,19,28,3,pvp,439,0,0,5,0,2068936,409610,13890,0,17,83,10,3,3,1,159798,2,0,2,2,45,0
roster,19,29,0,pvp,552,0,0,3,0,2108009,0,0,3913,8,113,13,2,2,1,98494,0,0,2,2,18,0
roster,19,29,1,pvp,480,0,0,6,0,1759875,98826,8174,0,17,67,10,4,4,2,124872,1,0,2,2,42,0
roster,19,29,2,pvp,442,0,1,0,6,1767258,162000,0,4649,17,65,9,3,3,2,107874,0,0,2,2,0,30
roster,19,29,3,pvp,458,0,0,6,0,2367133,277381,20619,18783,17,160,9,2,2,3,110667,2,0,2,2,48,0
roster,19,30,0,neutral,488,0,0,6,0,2063264,0,0,58690,8,175,6,1,1,0,33409,0,0,2,0,27,0
roster,19,30,1,neutral,743,0,0,1,0,2428890,0,0,0,8,58,11,1,1,0,24818,0,0,2,0,3,0
roster,19,30,2,neutral,468,0,0,6,0,1988064,65304,6696,0,8,151,6,2,2,2,94363,1,0,2,0,36,0
roster,19,30,3,neutral,552,0,0,6,0,2081787,220502,7998,14728,8,245,5,1,1,2,121500,2,0,2,0,48,0
roster,19,30,4,neutral,692,0,0,2,0,2336395,52000,0,0,8,102,10,2,2,1,61090,0,0,2,0,12,0
roster,19,30,5,neutral,493,0,0,5,0,2022130,0,0,0,8,131,7,1,1,0,52500,0,0,2,0,36,0
roster,19,30,6,neutral,578,0,0,3,0,2162927,48910,3090,29454,8,83,9,2,2,0,52500,0,0,2,0,18,0
roster,19,31,0,ghost,517,0,0,5,0,2119245,211333,3667,0,8,185,10,2,2,1,99730,2,0,2,2,45,0
roster,19,31,1,pvp,603,0,0,3,0,2229830,104000,0,28363,8,67,13,3,3,0,158516,0,0,2,2,21,0
roster,19,31,2,pvp,531,0,1,0,5,1902022,199747,7253,0,17,74,11,3,3,2,124676,0,1,2,2,0,36
roster,19,31,3,pvp,371,0,1,0,7,1658908,26000,0,0,17,99,9,3,2,2,49778,0,0,2,2,0,42
roster,19,32,0,pvp,527,0,0,4,0,1982143,0,0,0,8,78,12,2,2,3,112471,0,0,2,2,27,0
roster,19,32,1,pvp,633,0,1,0,5,2609994,668461,28039,30240,17,111,10,3,3,0,134382,1,2,2,2,0,45
roster,19,32,2,pvp,403,0,0,5,0,1861724,26000,0,0,17,82,11,3,3,1,84346,0,0,2,2,33,0
roster,19,33,0,ghost,659,0,0,5,0,2227111,150546,2454,21840,8,110,11,3,3,4,176149,0,1,2,2,24,0
roster,19,33,1,pvp,701,0,0,4,0,2427305,373000,0,10310,17,69,12,4,4,0,105367,1,0,2,2,36,0
roster,19,33,2,pvp,403,0,0,7,0,2099576,234000,0,0,17,160,9,3,3,2,139681,2,0,2,2,51,0
roster,19,34,0,ghost,900,1,0,1,1,2447275,156130,5870,0,17,90,14,3,3,0,122812,0,1,2,2,12,18
roster,19,34,1,pvp,587,0,0,3,0,2147052,104000,0,10910,8,93,13,3,3,1,157175,0,0,2,2,15,0
roster,19,34,2,pvp,550,0,1,0,5,2329810,386323,2177,1680,17,140,11,4,4,2,225526,1,2,2,2,0,45
roster,19,35,0,neutral,775,0,1,0,2,2690319,0,0,0,8,158,10,1,1,1,33409,0,0,2,0,0,0
roster,19,35,1,neutral,576,0,0,5,0,2396779,126000,0,0,8,133,7,2,2,2,116318,1,0,2,0,33,0
roster,19,35,2,neutral,526,0,0,6,0,2359775,161500,0,3333,8,166,6,2,2,2,179045,2,0,2,0,48,0
roster,19,35,3,neutral,449,0,0,7,0,2165202,0,0,60000,8,108,6,1,1,1,52500,0,0,2,0,33,0
roster,19,35,4,neutral,817,0,1,0,1,2890314,130000,0,0,8,58,12,2,2,1,55363,0,0,2,0,0,0
roster,19,36,0,ghost,497,0,0,8,0,2130431,286695,7305,15120,17,74,10,4,4,1,138693,1,0,2,2,48,0
roster,19,36,1,pvp,384,0,1,0,7,1877083,0,0,7043,17,121,10,2,2,0,60915,0,0,2,2,0,42
roster,19,36,2,pvp,473,0,0,7,0,2247039,353000,0,0,17,105,10,4,4,3,178131,2,0,2,2,51,0
roster,19,37,0,pvp,516,0,1,0,7,2163733,176870,3130,23666,8,121,10,3,3,0,111367,0,1,2,2,0,45
roster,19,37,1,pvp,900,1,0,1,1,3280842,378704,296,0,17,161,15,3,3,3,115092,2,0,2,2,9,12
roster,19,38,0,ghost,900,1,1,0,3,2874250,375028,29972,0,17,103,15,3,3,2,100651,0,1,2,2,0,24
roster,19,38,1,pvp,893,0,1,0,2,3291909,540156,45844,0,17,128,15,4,4,2,187533,1,2,2,2,0,24
roster,19,39,0,ghost,733,0,0,2,0,2888147,306240,12260,1890,17,148,15,3,3,2,214263,2,0,2,2,27,0
roster,19,39,1,pvp,792,0,1,0,3,3105701,249652,2348,0,17,101,15,3,3,1,97000,1,0,2,2,0,24
roster,19,40,0,neutral,759,0,0,5,0,3015002,225000,0,0,8,158,8,2,2,1,69545,1,0,2,0,39,0
roster,19,40,1,neutral,550,0,0,5,0,2858277,211000,0,4304,8,283,7,2,2,2,117545,2,0,2,0,45,0
roster,19,40,2,neutral,554,0,0,4,0,2593080,0,0,0,8,106,9,1,1,0,52500,0,0,2,0,27,0
roster,19,41,0,ghost,900,1,1,2,3,3358054,1021730,67270,73475,17,108,12,4,4,1,147378,1,2,2,2,21,33
roster,19,41,1,pvp,683,0,0,3,0,2854735,323494,11506,7043,17,168,14,3,3,3,148107,2,0,2,2,30,0
roster,19,42,0,pvp,620,0,0,3,0,2926024,500000,23500,6261,17,180,14,3,3,2,173912,2,0,2,2,30,0
roster,19,43,0,pvp,587,0,0,4,0,2639082,336828,20672,0,17,128,13,3,3,1,163955,2,0,2,2,42,0
roster,19,44,0,pvp,493,0,0,5,0,2770264,569595,15905,0,17,131,12,3,3,3,150831,2,0,2,2,45,0
roster,20,1,0,neutral,49,0,0,4,0,21000,0,0,0,17,49,1,1,1,1,17136,0,0,2,0,5,0
roster,20,1,1,neutral,73,0,0,4,0,22556,0,0,0,17,73,1,1,0,0,0,0,0,2,0,4,0
roster,20,1,2,neutral,72,0,0,4,0,22556,0,0,0,17,72,1,1,1,1,16000,0,0,1,0,4,0
roster,20,1,3,neutral,56,0,0,3,0,21000,0,0,0,17,56,1,1,1,0,12000,0,0,1,0,6,0
roster,20,1,4,neutral,64,0,0,4,0,22909,0,0,0,21,64,1,0,0,0,0,0,0,1,0,5,0
roster,20,1,5,neutral,64,0,0,4,0,21000,0,0,0,18,64,1,0,0,0,0,0,0,1,0,5,0
roster,20,1,6,neutral,56,0,0,4,0,22909,0,0,0,17,56,1,1,1,1,8364,2,0,2,0,6,0
roster,20,1,7,neutral,60,0,0,4,0,22556,0,0,0,18,60,1,0,0,0,0,0,0,2,0,4,0
roster,20,2,0,neutral,89,0,0,4,0,45696,0,0,0,17,56,2,1,1,1,6109,0,0,1,0,9,0
roster,20,2,1,neutral,111,0,0,4,0,50566,0,0,0,17,56,2,1,1,0,2255,0,0,1,0,8,0
roster,20,2,2,neutral,145,0,0,4,0,49370,0,0,0,17,88,2,1,1,0,8364,0,0,1,0,6,0
roster,20,2,3,neutral,136,0,0,4,0,48030,0,0,0,17,65,2,1,1,1,3364,0,0,1,0,10,0
roster,20,2,4,neutral,116,0,0,4,0,48740,0,0,0,18,58,2,0,0,0,0,0,0,1,0,8,0
roster,20,2,5,neutral,106,0,0,4,0,47296,0,0,0,17,56,2,2,2,1,14728,0,0,2,0,7,0
roster,20,2,6,neutral,106,0,0,4,0,50566,9131,1869,0,17,56,2,1,1,1,4400,1,0,1,0,12,0
roster,20,2,7,neutral,111,0,0,4,0,48852,0,0,0,17,56,2,2,1,1,8364,0,0,2,0,4,0
roster,20,3,0,neutral,150,0,0,5,0,81369,0,0,0,18,64,3,0,0,0,0,1,0,1,0,11,0
roster,20,3,1,neutral,162,0,0,5,0,85267,0,0,1084,18,102,3,0,0,0,0,0,0,2,0,11,0
roster,20,3,2,neutral,123,0,0,5,0,81696,0,0,0,17,62,3,1,1,1,17136,0,0,2,0,12,0
roster,20,3,3,neutral,133,0,0,5,0,78546,0,0,0,17,49,3,1,1,1,17136,0,0,2,0,13,0
roster,20,3,4,neutral,158,0,0,5,0,88392,0,0,0,18,58,3,0,0,0,0,0,0,1,0,10,0
roster,20,3,5,neutral,137,0,0,5,0,77191,0,0,0,17,56,3,1,1,1,3000,0,0,1,0,14,0
roster,20,3,6,neutral,121,0,0,5,0,78185,9111,1889,0,17,40,3,1,1,1,21127,1,0,1,0,14,0
roster,20,3,7,neutral,97,0,0,5,0,77544,0,0,0,17,56,3,2,2,1,42909,0,0,2,0,12,0
roster,20,4,0,pvp,489,0,0,4,0,960109,122500,0,0,17,133,6,1,0,0,0,1,0,1,2,11,0
roster,20,4,1,pvp,539,0,1,0,3,928745,0,0,0,18,208,7,0,0,0,0,0,0,2,1,0,13
roster,20,4,2,pvp,564,0,1,0,2,975008,27000,0,0,17,113,8,2,2,2,136991,1,1,1,1,0,7
roster,20,4,3,pvp,374,0,1,0,4,747414,26000,0,9298,17,82,6,1,1,1,47374,0,0,1,1,0,15
roster,20,5,0,neutral,311,0,0,5,0,339132,0,0,0,18,151,3,0,0,0,0,0,0,1,0,14,0
roster,20,5,1,neutral,298,0,0,5,0,313869,0,0,0,8,122,3,0,0,0,0,0,0,2,0,21,0
roster,20,5,2,neutral,209,0,0,5,0,323522,14000,0,0,8,58,3,1,1,2,55363,1,0,1,0,17,0
roster,20,5,3,neutral,261,0,0,5,0,351285,0,0,0,8,133,3,0,0,0,0,0,0,2,0,20,0
roster,20,5,4,neutral,288,0,0,5,0,346664,0,0,0,8,106,3,0,0,0,0,0,0,1,0,14,0
roster,20,5,5,neutral,188,0,0,5,0,339130,0,0,0,8,85,3,1,1,0,27682,0,0,2,0,13,0
roster,20,5,6,neutral,251,0,0,5,0,350458,38500,0,0,8,88,3,1,1,2,48117,1,0,2,0,19,0
roster,20,5,7,neutral,182,0,0,5,0,312173,0,0,0,8,82,3,1,1,1,55363,0,0,1,0,18,0
roster,20,6,0,pvp,658,0,0,3,0,1024623,72619,5381,0,18,93,7,0,0,0,0,0,0,1,1,9,0
roster,20,6,1,pvp,536,0,0,3,0,1119762,16500,0,0,17,138,7,1,1,0,23710,0,1,2,1,15,0
roster,20,6,2,pvp,350,0,1,0,5,825747,28000,0,0,8,117,5,2,2,3,116013,1,0,1,1,0,18
roster,20,6,3,pvp,542,0,1,0,3,1140125,0,0,0,17,184,7,1,1,1,35226,0,0,2,2,0,8
roster,20,7,0,pvp,627,0,1,0,1,1180000,16500,0,0,17,121,9,1,1,1,73446,0,1,1,1,0,4
roster,20,7,1,pvp,327,0,0,5,0,786741,0,0,0,17,89,5,2,2,1,88458,0,0,1,2,27,0
roster,20,7,2,pvp,424,0,1,0,3,1000777,73000,0,0,17,94,7,2,2,1,109295,1,0,1,1,0,12
roster,20,7,3,pvp,559,0,0,2,0,1342415,52000,0,0,17,151,8,3,3,3,116800,0,0,2,2,6,0
roster,20,8,0,pvp,396,0,1,0,5,1005367,0,0,0,17,205,5,1,1,0,24889,0,0,1,1,0,27
roster,20,8,1,pvp,494,0,1,0,4,1023011,24500,0,3522,17,132,6,2,2,2,108425,1,0,1,2,0,18
roster,20,8,2,pvp,788,0,1,0,1,1348426,137783,10217,0,17,129,9,2,2,1,54035,0,1,1,1,0,4
roster,20,8,3,pvp,359,0,1,0,3,997866,26000,0,9079,17,82,7,3,2,3,136557,0,0,1,2,0,12
roster,20,9,0,pvp,536,0,1,0,4,1413234,0,0,0,17,156,8,1,1,0,56844,0,0,1,2,0,17
roster,20,9,1,pvp,452,0,0,4,0,1207653,0,0,11813,17,93,8,2,2,3,86389,0,0,1,2,18,0
roster,20,9,2,pvp,540,0,0,3,0,1514169,78000,0,0,17,108,9,2,2,3,119651,0,0,1,2,9,0
roster,20,9,3,pvp,503,0,1,0,4,1373005,52000,0,0,17,100,8,4,4,2,225094,0,0,2,2,0,15
roster,20,10,0,neutral,212,0,0,6,0,457520,0,0,0,8,93,3,1,1,1,31447,0,0,2,0,21,0
roster,20,10,1,neutral,203,0,0,6,0,448277,0,0,0,8,118,3,1,1,1,27682,0,0,1,0,29,0
roster,20,10,2,neutral,208,0,0,6,0,478132,0,0,0,8,134,3,1,1,1,30545,0,0,2,0,24,0
roster,20,10,3,neutral,232,0,0,6,0,467952,0,0,2904,8,149,3,1,1,1,27682,0,0,2,0,29,0
roster,20,10,4,neutral,181,0,0,6,0,447915,0,0,1957,8,82,3,1,1,0,30545,0,0,1,0,24,0
roster,20,10,5,neutral,214,0,0,6,0,472868,27500,0,3914,8,82,3,1,1,1,30545,1,0,2,0,24,0
roster,20,10,6,neutral,189,0,0,6,0,458148,0,0,0,8,93,3,2,2,1,55363,0,0,2,0,25,0
roster,20,10,7,neutral,151,0,0,6,0,449872,0,0,0,8,82,3,2,2,1,55364,0,0,2,0,21,0
roster,20,11,0,pvp,555,0,1,0,2,1603809,52000,0,0,17,125,10,3,3,1,123543,0,0,2,2,0,9
roster,20,11,1,pvp,693,0,0,3,0,1773137,78000,0,14914,17,161,9,2,2,0,48862,0,0,2,1,15,0
roster,20,11,2,pvp,900,1,1,1,2,1759817,247500,0,0,17,91,9,2,2,2,93773,0,1,2,2,9,9
roster,20,11,3,pvp,639,0,0,3,0,1665035,0,0,7826,17,131,9,3,3,1,82645,0,0,2,2,15,0
roster,20,12,0,pvp,544,0,1,0,2,1561180,0,0,0,17,104,10,2,2,4,132290,0,0,2,2,0,12
roster,20,12,1,pvp,483,0,0,4,0,1389414,52000,0,0,17,82,8,3,3,4,123190,0,0,2,2,12,0
roster,20,12,2,pvp,778,0,1,0,3,1951803,104000,0,0,17,204,9,2,2,1,44534,0,0,2,1,0,15
roster,20,12,3,pvp,771,0,1,0,1,1706683,60500,0,0,17,118,11,3,3,2,130926,1,0,2,2,0,4
roster,20,13,0,pvp,595,0,0,3,0,1778898,0,0,0,17,169,9,2,2,2,81105,0,0,2,2,12,0
roster,20,13,1,pvp,625,0,0,3,0,1732618,52000,0,7100,17,152,9,2,2,2,127964,0,0,2,1,9,0
roster,20,13,2,pvp,663,0,1,0,4,1649913,184043,2957,0,17,99,8,2,2,2,98845,0,1,2,2,0,18
roster,20,13,3,pvp,566,0,0,3,0,1463641,78000,0,0,17,78,9,4,4,3,141564,0,0,2,2,9,0
roster,20,14,0,pvp,501,0,0,4,0,1444187,52000,0,0,17,117,8,3,3,1,126473,0,0,2,2,15,0
roster,20,14,1,pvp,615,0,0,3,0,1656547,0,0,0,17,118,9,3,3,1,60967,0,0,2,2,15,0
roster,20,14,2,pvp,506,0,1,0,4,1484818,0,0,0,17,108,8,2,2,1,73271,0,0,2,2,0,21
roster,20,14,3,pvp,884,0,0,1,0,1895629,187000,0,0,17,170,11,2,2,1,69476,0,1,2,2,3,0
roster,20,15,0,neutral,238,0,0,6,0,603337,0,0,8000,8,129,3,1,1,2,58227,0,0,2,0,21,0
roster,20,15,1,neutral,247,0,0,6,0,588481,0,0,0,8,102,3,1,1,0,30545,0,0,2,0,30,0
roster,20,15,2,neutral,201,0,0,6,0,606120,0,0,0,8,117,3,1,1,1,49637,0,0,2,0,30,0
roster,20,15,3,neutral,303,0,0,6,0,598644,0,0,0,8,153,3,1,1,1,30545,0,0,2,0,39,0
roster,20,15,4,neutral,263,0,0,6,0,527348,0,0,0,8,95,3,1,1,0,27682,0,0,2,0,27,0
roster,20,15,5,neutral,269,0,0,6,0,592101,88000,0,2348,8,171,3,1,1,1,61090,1,0,2,0,24,0
roster,20,15,6,neutral,249,0,0,5,0,635496,0,0,0,8,129,4,2,2,1,55363,0,0,2,0,21,0
roster,20,15,7,neutral,210,0,0,6,0,612131,0,0,0,8,105,3,2,2,1,55364,0,0,2,0,21,0
roster,20,16,0,pvp,659,0,0,2,0,1726800,0,0,0,17,106,10,2,2,1,102647,0,0,2,2,6,0
roster,20,16,1,pvp,537,0,0,4,0,1394144,52000,0,10330,17,113,8,3,3,0,160398,0,0,2,2,18,0
roster,20,16,2,pvp,569,0,0,3,0,1588134,0,0,0,17,120,9,2,2,2,53779,0,0,2,2,21,0
roster,20,16,3,pvp,640,0,0,4,0,1640154,145043,3457,0,17,149,8,3,3,2,135325,1,0,2,2,15,0
roster,20,17,0,pvp,457,0,1,0,4,1578582,0,0,0,17,177,8,2,2,3,69155,0,0,2,2,0,18
roster,20,17,1,pvp,794,0,1,0,2,1725414,52000,0,0,17,83,11,3,2,0,55695,0,0,2,2,0,6
roster,20,17,2,pvp,523,0,0,4,0,1543831,121000,0,0,17,194,8,2,2,1,92425,0,1,2,2,21,0
roster,20,17,3,pvp,586,0,1,0,4,1665516,0,0,0,17,89,9,3,3,1,105913,0,0,2,2,0,24
roster,20,18,0,pvp,568,0,1,0,5,1591946,0,0,0,17,136,8,3,3,2,94697,0,0,2,2,0,33
roster,20,18,1,pvp,660,0,1,0,4,1721196,0,0,0,17,224,8,2,2,2,74516,0,0,2,2,0,24
roster,20,18,2,pvp,492,0,1,0,4,1618317,0,0,14144,17,108,9,2,2,2,105192,0,0,2,2,0,12
roster,20,18,3,pvp,430,0,1,0,4,1570364,103000,0,0,17,86,9,3,3,6,151606,1,0,1,2,0,15
roster,20,19,0,pvp,502,0,1,0,3,1745488,77000,0,4124,17,125,11,2,2,1,89622,0,1,2,2,0,21
roster,20,19,1,pvp,671,0,0,4,0,1819609,0,0,0,17,137,10,2,2,3,94445,0,0,2,2,12,0
roster,20,19,2,pvp,682,0,0,5,0,1891053,0,0,0,17,168,9,3,3,0,94161,0,0,2,2,30,0
roster,20,19,3,pvp,535,0,1,0,4,1820036,52000,0,19706,17,169,10,3,3,4,159928,0,0,2,2,0,15
roster,20,20,0,neutral,354,0,0,6,0,790564,0,0,0,8,161,4,1,1,1,55363,0,0,2,0,21,0
roster,20,20,1,neutral,271,0,0,7,0,750386,0,0,0,8,190,3,1,1,1,30545,0,0,2,0,33,0
roster,20,20,2,neutral,248,0,0,6,0,763225,0,0,0,8,108,4,1,1,1,55363,0,0,2,0,30,0
roster,20,20,3,neutral,296,0,0,7,0,743046,0,0,0,8,147,3,1,1,1,20547,0,0,2,0,42,0
roster,20,20,4,neutral,250,0,0,6,0,734738,0,0,0,8,95,4,1,1,0,27682,0,0,2,0,27,0
roster,20,20,5,neutral,258,0,0,6,0,777260,55000,0,0,8,101,4,1,1,2,61090,1,0,2,0,30,0
roster,20,20,6,neutral,280,0,0,6,0,775624,0,0,0,8,149,4,2,2,1,55363,0,0,2,0,36,0
roster,20,20,7,neutral,253,0,0,6,0,767998,0,0,0,8,108,4,2,2,1,61090,0,0,2,0,21,0
roster,20,21,0,pvp,536,0,1,0,4,1793938,0,0,8536,17,154,10,2,2,1,47445,0,0,2,2,0,21
roster,20,21,1,pvp,576,0,0,4,0,1863846,95543,3457,0,17,109,10,2,2,4,104774,0,1,2,2,18,0
roster,20,21,2,pvp,695,0,1,0,3,1910681,0,0,3522,17,82,11,3,2,2,81488,0,0,2,2,0,21
roster,20,21,3,pvp,446,0,0,4,0,1642527,52000,0,0,17,118,10,3,3,2,110976,0,0,2,2,18,0
roster,20,22,0,pvp,752,0,0,2,0,2029986,0,0,0,17,193,12,2,2,0,77372,0,0,2,2,6,0
roster,20,22,1,pvp,742,0,1,0,4,2008147,0,0,15392,17,151,10,2,2,2,65534,0,0,2,2,0,18
roster,20,22,2,pvp,667,0,1,0,3,1838210,78000,0,0,17,86,11,3,2,2,116712,0,0,2,2,0,12
roster,20,22,3,pvp,629,0,0,5,0,2142040,277543,8457,14609,17,76,10,3,3,2,132390,1,0,2,2,27,0
roster,20,23,0,pvp,589,0,1,0,2,2001416,71500,0,46362,17,170,12,2,2,3,131884,0,1,2,2,0,15
roster,20,23,1,pvp,900,1,1,2,1,2263712,0,0,8348,17,116,12,3,3,1,147855,0,0,2,2,6,3
roster,20,23,2,pvp,431,0,1,0,6,1635864,0,0,9072,17,95,8,2,2,0,54106,0,0,2,2,0,27
roster,20,23,3,pvp,513,0,0,5,0,1654606,52000,0,0,17,109,9,3,3,1,64179,0,0,2,2,30,0
roster,20,24,0,pvp,631,0,1,0,2,2050908,0,0,34144,17,186,12,2,2,1,72514,0,0,2,2,0,12
roster,20,24,1,pvp,560,0,0,5,0,1737218,0,0,12368,17,113,9,2,2,3,68521,0,0,2,2,21,0
roster,20,24,2,pvp,621,0,0,3,0,1989243,115500,0,0,17,94,11,2,2,2,48155,0,1,2,2,18,0
roster,20,24,3,pvp,525,0,0,5,0,1767615,52000,0,9079,17,89,10,4,3,0,90810,0,0,2,2,33,0
roster,20,25,0,neutral,702,0,0,1,0,2103170,0,0,60334,8,158,10,1,1,1,30545,0,0,2,0,3,0
roster,20,25,1,neutral,571,0,0,4,0,1955037,0,0,0,8,264,7,1,1,1,27682,0,0,2,0,12,0
roster,20,25,2,neutral,496,0,0,5,0,1779632,0,0,15651,8,98,7,2,2,2,113590,0,0,2,0,27,0
roster,20,25,3,neutral,457,0,0,5,0,1698701,0,0,0,8,145,6,1,1,1,30545,0,0,2,0,27,0
roster,20,25,4,neutral,520,0,0,6,0,1807148,97000,2000,0,8,106,6,1,1,0,27682,1,0,2,0,30,0
roster,20,25,5,neutral,500,0,0,4,0,1899848,81065,1435,55641,8,83,7,1,1,2,69892,1,0,2,0,18,0
roster,20,25,6,neutral,561,0,0,6,0,1871383,0,0,0,8,133,6,2,2,1,58227,0,0,2,0,36,0
roster,20,25,7,neutral,664,0,0,3,0,2039597,104000,0,0,8,113,9,2,2,2,77318,0,0,2,0,12,0
roster,20,26,0,pvp,667,0,1,0,3,1981725,0,0,15184,17,102,12,3,3,1,105135,0,0,2,2,0,15
roster,20,26,1,pvp,725,0,1,0,2,2110361,97130,1870,54969,17,129,12,2,2,0,70110,0,1,2,2,0,12
roster,20,26,2,pvp,586,0,1,0,5,1956288,0,0,0,17,166,10,3,3,2,117399,0,0,2,2,0,30
roster,20,26,3,pvp,699,0,1,0,3,2112867,111000,0,0,17,69,13,3,2,2,76695,1,0,2,2,0,12
roster,20,27,0,pvp,451,0,1,0,4,1590733,41637,10363,17113,17,117,11,3,3,3,89361,0,0,2,2,0,15
roster,20,27,1,pvp,527,0,1,0,7,2029819,0,0,0,17,195,8,2,2,1,87346,0,0,2,2,0,36
roster,20,27,2,pvp,823,0,1,0,3,2311090,281726,4274,2062,17,65,12,3,3,4,191623,0,1,2,2,0,12
roster,20,27,3,pvp,702,0,1,0,5,2293405,33000,0,6054,17,93,11,3,3,2,130856,1,0,2,2,0,21
roster,20,28,0,ghost,616,0,1,0,6,2195024,0,0,3214,17,142,10,3,3,2,84677,0,0,2,2,0,27
roster,20,28,1,pvp,536,0,1,0,3,1936792,0,0,25958,17,137,12,2,2,1,63201,0,0,2,2,0,18
roster,20,28,2,pvp,551,0,0,5,0,2194210,148500,0,0,17,195,11,2,2,0,48158,0,1,2,2,30,0
roster,20,28,3,pvp,651,0,0,2,0,2057370,202648,12852,21147,17,86,13,3,3,1,124069,1,0,2,2,12,0
roster,20,29,0,ghost,493,0,0,5,0,1864372,64130,1870,8037,17,125,10,2,2,1,108289,0,1,2,2,18,0
roster,20,29,1,pvp,540,0,0,4,0,1896770,52000,0,6428,17,112,12,3,3,2,108724,0,0,2,2,21,0
roster,20,29,2,pvp,550,0,0,6,0,1878214,93500,0,5914,17,149,9,2,2,4,102261,0,1,2,2,33,0
roster,20,29,3,pvp,763,0,0,3,0,2622732,294072,8428,0,17,94,13,3,3,3,110810,1,0,2,2,15,0
roster,20,30,0,neutral,623,0,0,4,0,2233627,0,0,33724,8,131,8,1,1,1,30545,0,0,2,0,12,0
roster,20,30,1,neutral,527,0,0,7,0,1952348,0,0,8710,8,141,5,1,1,0,67910,0,0,2,0,30,0
roster,20,30,2,neutral,583,0,0,6,0,2075363,0,0,0,8,214,6,1,1,1,61090,0,0,2,0,33,0
roster,20,30,3,neutral,483,0,0,7,0,2047144,181500,0,0,8,245,5,1,1,1,46773,1,0,2,0,33,0
roster,20,30,4,neutral,610,0,0,4,0,2179774,194717,3283,0,8,83,7,1,1,3,80182,1,0,2,0,21,0
roster,20,30,5,neutral,661,0,0,4,0,2323482,0,0,0,8,83,8,2,2,1,58227,0,0,2,0,24,0
roster,20,30,6,neutral,622,0,0,3,0,2252507,52000,0,0,8,83,9,2,2,2,74455,0,0,2,0,12,0
roster,20,31,0,ghost,648,0,0,4,0,2343729,407274,726,7200,17,89,12,2,1,1,29217,1,1,2,2,24,0
roster,20,31,1,pvp,543,0,0,3,0,1949668,26000,0,5975,17,116,13,3,3,1,83589,0,0,2,2,9,0
roster,20,31,2,pvp,638,0,1,0,4,2272786,0,0,3522,17,171,12,2,2,2,48862,0,0,2,2,0,21
roster,20,31,3,pvp,641,0,1,0,4,2407527,207267,2733,9860,17,73,12,3,2,3,131809,1,0,2,2,0,12
roster,20,32,0,ghost,563,0,0,4,0,2016887,0,0,0,17,143,12,2,2,2,134559,0,0,2,2,12,0
roster,20,32,1,pvp,761,0,0,3,0,2220088,0,0,0,17,102,13,3,3,1,99657,0,0,2,2,12,0
roster,20,32,2,pvp,582,0,0,5,0,2419252,170977,5023,0,17,162,11,2,2,2,93145,0,1,2,2,30,0
roster,20,32,3,pvp,474,0,0,5,0,1759282,214000,0,0,17,82,11,3,3,2,129672,1,0,2,2,27,0
roster,20,33,0,ghost,479,0,1,0,5,1919150,26000,0,3913,17,83,12,4,4,4,174983,0,0,2,2,0,27
roster,20,33,1,pvp,480,0,1,0,6,1939029,0,0,12261,17,105,10,2,2,3,113522,0,0,2,2,0,30
roster,20,33,2,pvp,841,0,0,1,0,2675326,0,0,0,17,92,16,3,3,4,193194,0,0,2,2,3,0
roster,20,33,3,pvp,603,0,0,6,0,2197782,391000,2000,27345,17,102,10,2,2,1,78656,1,1,2,2,30,0
roster,20,34,0,ghost,575,0,1,0,3,2222792,140000,0,7435,17,118,13,2,2,1,72849,1,0,2,2,0,9
roster,20,34,1,pvp,484,0,1,0,5,2112040,157876,7124,0,17,117,11,2,2,1,77651,0,1,2,2,0,24
roster,20,34,2,pvp,552,0,0,4,0,1899860,52000,0,0,17,89,12,3,3,2,124853,0,0,2,2,12,0
roster,20,34,3,pvp,692,0,0,4,0,2504903,0,0,0,17,97,13,3,3,2,98962,0,0,2,2,12,0
roster,20,35,0,neutral,633,0,1,0,2,2390494,0,0,0,8,108,10,1,1,2,52500,0,0,2,0,0,0
roster,20,35,1,neutral,547,0,0,3,0,2457231,0,0,24195,8,139,9,1,1,2,52500,0,0,2,0,15,0
roster,20,35,2,neutral,560,0,0,5,0,2321040,0,0,0,8,158,8,1,1,0,52500,0,0,2,0,30,0
roster,20,35,3,neutral,617,0,0,5,0,2424893,110000,0,0,8,139,7,1,1,1,52500,1,0,2,0,21,0
roster,20,35,4,neutral,699,0,0,4,0,2561764,199000,0,27780,8,58,8,1,1,2,55363,1,0,2,0,24,0
roster,20,35,5,neutral,689,0,0,5,0,2388026,0,0,5806,8,102,8,2,2,1,80181,0,0,2,0,27,0
roster,20,36,0,ghost,483,0,0,7,0,2061952,0,0,25164,18,210,10,2,2,2,101111,0,0,2,2,30,0
roster,20,36,1,pvp,554,0,1,0,6,2359059,183397,4603,3913,17,190,11,2,2,2,90835,0,1,2,2,0,24
roster,20,36,2,pvp,479,0,1,0,5,2227404,189500,0,15927,17,88,12,3,2,3,99518,1,0,2,2,0,63
roster,20,37,0,ghost,540,0,1,0,6,2450785,248500,0,0,17,94,12,2,2,2,68079,1,0,2,2,0,24
roster,20,37,1,pvp,658,0,1,0,5,2374370,343949,3551,7826,17,132,11,2,2,2,98904,0,1,2,2,0,27
roster,20,37,2,pvp,544,0,1,0,6,2382837,0,0,6730,17,84,12,3,3,2,107739,0,0,2,2,0,66
roster,20,38,0,ghost,670,0,1,0,4,2439938,375500,3500,4132,17,139,13,2,1,0,29217,1,1,2,2,0,24
roster,20,38,1,pvp,577,0,1,0,4,2313472,0,0,6428,18,197,13,2,1,1,79097,0,0,2,2,0,18
roster,20,38,2,pvp,481,0,1,0,7,2339148,136000,0,0,17,94,11,3,3,1,78924,1,0,2,2,0,69
roster,20,39,0,pvp,574,0,1,0,5,2521758,0,0,0,17,94,13,3,3,5,140891,0,0,2,2,0,57
roster,20,39,1,pvp,615,0,0,5,0,2545338,143543,3457,4082,17,165,13,2,1,1,68655,0,1,2,2,18,0
roster,20,40,0,neutral,900,1,0,2,1,3075909,0,0,0,8,139,10,1,1,0,30545,0,0,2,0,12,0
roster,20,40,1,neutral,722,0,0,4,0,2668740,0,0,0,8,155,9,1,1,1,28065,0,0,2,0,24,0
roster,20,40,2,neutral,658,0,0,5,0,2741107,0,0,37261,8,83,8,2,2,1,83045,0,0,2,0,57,0
roster,20,41,0,ghost,665,0,1,0,3,2738695,0,0,3913,18,215,15,2,2,3,98372,0,0,2,2,0,15
roster,20,41,1,pvp,631,0,1,0,3,2650151,0,0,0,17,102,15,3,3,2,96976,0,0,2,2,0,42
roster,20,42,0,ghost,708,0,0,3,0,2479810,0,0,0,17,70,15,3,3,1,84088,0,0,2,2,51,0
roster,20,42,1,pvp,872,0,0,1,0,2873017,0,0,0,17,179,17,2,2,2,101642,0,0,2,2,3,0
roster,20,43,0,ghost,598,0,1,0,6,2469499,0,0,19007,17,94,12,3,3,4,112224,0,0,2,2,0,66
roster,20,43,1,pvp,560,0,1,0,6,2463054,0,0,3913,17,82,12,3,3,3,107827,0,0,2,2,0,66
roster,20,44,0,pvp,568,0,1,0,6,2532252,0,0,21119,17,114,12,3,3,0,110507,0,0,2,2,0,66
roster,20,45,0,neutral,778,0,0,3,0,3203528,0,0,0,8,205,10,1,1,0,27682,0,0,2,0,24,0
roster,20,45,1,neutral,807,0,0,3,0,3113640,0,0,0,8,77,10,2,2,0,110727,0,0,2,0,48,0
roster,21,1,0,neutral,56,0,0,4,0,22826,0,0,0,17,56,1,2,1,0,12927,0,0,2,0,6,0
roster,21,1,1,neutral,40,0,0,4,0,21000,0,0,0,17,40,1,2,1,1,16000,0,0,2,0,4,0
roster,21,1,2,neutral,49,0,0,3,0,21000,0,0,0,17,49,1,1,1,1,17136,0,0,1,0,6,0
roster,21,1,3,neutral,56,0,0,4,0,21000,0,0,0,17,56,1,1,1,0,6000,0,0,2,0,5,0
roster,21,1,4,neutral,40,0,0,4,0,21000,0,0,0,17,40,1,1,1,1,12000,0,0,1,0,5,0
roster,21,1,5,neutral,56,0,0,4,0,22909,0,0,0,17,56,1,1,1,0,7182,1,0,2,0,5,0
roster,21,1,6,neutral,64,0,0,3,0,22909,0,0,0,18,64,1,0,0,0,0,0,0,1,0,6,0
roster,21,1,7,neutral,49,0,0,4,0,21000,0,0,0,17,49,1,1,1,1,17136,0,0,2,0,4,0
roster,21,2,0,neutral,88,0,0,4,0,43870,0,0,0,17,70,2,1,1,1,18000,0,0,2,0,10,0
roster,21,2,1,neutral,113,0,0,4,0,48852,0,0,0,17,56,2,1,1,0,11000,0,0,1,0,7,0
roster,21,2,2,neutral,108,0,0,4,0,47296,0,0,0,17,56,2,1,1,1,17182,2,0,2,0,8,0
roster,21,2,3,neutral,85,0,0,4,0,43148,0,0,0,17,40,2,1,1,1,12000,0,0,1,0,10,0
roster,21,2,4,neutral,85,0,0,4,0,44090,0,0,0,17,40,2,1,1,1,17000,0,0,2,0,9,0
roster,21,2,5,neutral,85,0,0,4,0,44090,5090,1910,0,17,40,2,1,1,1,13364,2,0,2,0,8,0
roster,21,2,6,neutral,113,0,0,4,0,49122,0,0,0,18,55,2,0,0,0,0,0,0,1,0,7,0
roster,21,2,7,neutral,119,0,0,4,0,50566,0,0,0,17,72,2,1,1,1,5728,0,0,2,0,6,0
roster,21,3,0,neutral,129,0,0,5,0,80392,0,0,0,17,72,3,1,1,0,21000,0,0,1,0,14,0
roster,21,3,1,neutral,142,0,0,5,0,85696,0,0,0,17,56,3,1,1,1,3000,0,0,1,0,13,0
roster,21,3,2,neutral,117,0,0,5,0,77527,8745,2255,2289,17,56,3,1,1,0,10127,1,0,2,0,13,0
roster,21,3,3,neutral,113,0,0,5,0,77696,0,0,0,17,56,3,1,1,0,12182,0,0,2,0,13,0
roster,21,3,4,neutral,135,0,0,5,0,80452,0,0,0,17,40,3,1,1,1,8000,0,0,2,0,12,0
roster,21,3,5,neutral,129,0,0,5,0,77181,7636,2864,3271,17,77,3,1,1,1,17136,2,0,2,0,9,0
roster,21,3,6,neutral,131,0,0,5,0,82925,0,0,0,18,89,3,0,0,0,0,0,0,2,0,10,0
roster,21,3,7,neutral,156,0,0,5,0,88392,14000,0,0,18,65,3,0,0,0,0,1,0,2,0,11,0
roster,21,4,0,pvp,427,0,0,3,0,870045,70000,0,0,17,155,7,1,1,0,22556,1,1,2,2,11,0
roster,21,4,1,pvp,419,0,0,4,0,861707,11000,0,0,17,99,6,1,1,2,90984,0,1,1,1,11,0
roster,21,4,2,pvp,624,0,0,1,0,1036036,0,0,0,17,101,9,1,1,0,18087,0,0,2,2,3,0
roster,21,4,3,pvp,364,0,0,3,0,767922,52500,0,0,18,75,7,0,0,0,0,0,1,2,2,8,0
roster,21,5,0,neutral,211,0,0,5,0,333044,0,0,0,17,85,3,1,1,0,27682,0,0,2,0,17,0
roster,21,5,1,neutral,228,0,0,5,0,358146,0,0,0,8,122,3,1,1,0,33409,0,0,2,0,13,0
roster,21,5,2,neutral,303,0,0,5,0,337003,44000,0,1636,8,93,3,0,0,0,0,1,0,1,0,18,0
roster,21,5,3,neutral,246,0,0,5,0,317829,0,0,0,20,64,3,0,0,0,0,0,0,2,0,21,0
roster,21,5,4,neutral,263,0,0,4,0,358487,0,0,0,8,97,4,0,0,0,0,0,0,2,0,12,0
roster,21,5,5,neutral,246,0,0,5,0,361996,64085,1915,0,8,106,3,0,0,0,0,1,0,1,0,17,0
roster,21,5,6,neutral,223,0,0,4,0,350891,0,0,0,8,95,4,0,0,0,0,0,0,2,0,17,0
roster,21,5,7,neutral,206,0,0,5,0,333029,0,0,0,8,145,3,0,0,0,0,0,0,1,0,20,0
roster,21,6,0,pvp,463,0,1,0,4,1047905,104255,245,0,17,115,6,2,1,2,88732,1,0,1,1,0,12
roster,21,6,1,pvp,656,0,0,1,0,1291500,88000,0,0,18,169,9,0,0,0,0,1,0,1,1,3,0
roster,21,6,2,pvp,494,0,1,0,2,1051424,27500,0,4090,18,139,8,0,0,0,0,0,1,2,1,0,5
roster,21,6,3,pvp,364,0,0,4,0,873099,0,0,0,18,78,6,0,0,0,0,0,0,2,2,18,0
roster,21,7,0,pvp,621,0,1,0,2,1245013,110543,4957,0,17,145,8,1,1,0,19645,1,0,1,2,0,12
roster,21,7,1,pvp,298,0,0,5,0,974908,0,0,0,17,89,5,2,2,3,111058,0,0,2,1,24,0
roster,21,7,2,pvp,691,0,0,2,0,1379917,215500,0,2700,18,142,8,0,0,0,0,1,0,1,2,9,0
roster,21,7,3,pvp,335,0,0,4,0,895202,22000,0,0,8,72,6,1,1,2,46447,1,0,1,2,12,0
roster,21,8,0,pvp,523,0,0,2,0,1105465,134043,3457,0,17,94,8,1,1,0,26478,1,0,1,1,9,0
roster,21,8,1,pvp,560,0,0,4,0,1265104,0,0,0,17,213,6,2,2,0,87574,0,0,2,2,21,0
roster,21,8,2,pvp,503,0,0,3,0,1289046,199000,1500,26820,17,160,7,1,1,0,30545,1,1,1,1,12,0
roster,21,8,3,pvp,391,0,0,4,0,1016538,0,0,9720,18,118,6,0,0,0,0,0,0,2,1,24,0
roster,21,9,0,pvp,427,0,1,0,3,1438612,176000,0,0,17,112,9,2,2,2,103607,1,1,2,2,0,9
roster,21,9,1,pvp,635,0,1,0,3,1638080,0,0,0,17,145,9,3,3,4,154038,0,0,2,2,0,15
roster,21,9,2,pvp,571,0,1,0,3,1590990,232459,6541,29441,18,112,9,0,0,0,0,1,0,2,2,0,15
roster,21,9,3,pvp,574,0,0,3,0,1294173,0,0,10469,18,122,9,0,0,0,0,0,0,2,2,15,0
roster,21,10,0,neutral,189,0,0,6,0,443350,22000,0,0,17,77,3,1,1,1,30545,1,0,1,0,24,0
roster,21,10,1,neutral,220,0,0,6,0,495524,0,0,0,8,153,3,2,2,2,63954,0,0,2,0,27,0
roster,21,10,2,neutral,268,0,0,6,0,491271,96000,0,0,8,139,3,0,0,0,0,1,0,2,0,27,0
roster,21,10,3,neutral,246,0,0,6,0,447068,0,0,0,8,101,3,1,1,0,52500,0,0,2,0,30,0
roster,21,10,4,neutral,190,0,0,6,0,444243,0,0,0,8,116,3,1,1,0,52500,0,0,2,0,30,0
roster,21,10,5,neutral,213,0,0,6,0,478204,33000,0,0,8,121,3,1,1,1,30545,1,0,2,0,24,0
roster,21,10,6,neutral,183,0,0,6,0,462916,0,0,0,8,89,3,0,0,0,0,0,0,2,0,27,0
roster,21,10,7,neutral,258,0,0,6,0,467752,0,0,16360,8,151,3,0,0,0,0,0,0,2,0,27,0
roster,21,11,0,pvp,401,0,1,0,3,1341566,82500,0,0,17,143,9,2,2,0,72973,1,0,2,2,0,21
roster,21,11,1,pvp,410,0,0,4,0,1248226,0,0,0,17,85,8,1,1,1,59265,0,0,2,2,27,0
roster,21,11,2,pvp,672,0,1,0,2,1795040,162000,0,4500,17,187,10,1,1,2,92662,1,0,2,2,0,6
roster,21,11,3,pvp,421,0,0,4,0,1323784,60500,0,2062,8,129,8,1,1,1,24889,1,0,2,2,15,0
roster,21,12,0,pvp,318,0,0,6,0,1150776,119586,6914,0,17,99,6,1,1,1,55363,1,1,2,1,27,0
roster,21,12,1,pvp,492,0,0,4,0,1479914,137531,6469,6198,17,141,8,1,1,2,47106,0,1,2,2,24,0
roster,21,12,2,pvp,536,0,0,3,0,1499814,0,0,0,17,125,9,1,1,0,29217,0,0,1,2,21,0
roster,21,12,3,pvp,410,0,0,5,0,1237234,49500,0,0,17,164,7,2,2,1,43895,0,1,2,2,27,0
roster,21,13,0,pvp,393,0,0,2,0,1425544,115500,0,0,17,77,10,3,3,3,108444,1,1,2,2,12,0
roster,21,13,1,pvp,526,0,1,0,4,1691454,0,0,0,17,123,8,2,2,1,58120,0,0,2,1,0,30
roster,21,13,2,pvp,394,0,1,0,6,1430165,184000,0,0,17,116,6,1,1,1,46295,1,0,2,1,0,42
roster,21,13,3,pvp,403,0,1,0,4,1287504,44000,0,0,8,93,8,1,1,0,50217,0,1,2,1,0,18
roster,21,14,0,pvp,559,0,1,0,1,1614889,97500,0,0,17,128,11,2,2,1,61090,1,1,2,2,0,3
roster,21,14,1,pvp,509,0,0,3,0,1372731,0,0,0,17,85,9,1,1,1,29217,0,0,2,2,21,0
roster,21,14,2,pvp,453,0,0,3,0,1456563,20704,1296,3682,17,93,9,1,1,0,26478,0,1,2,1,27,0
roster,21,14,3,pvp,407,0,0,4,0,1513220,66000,0,0,17,123,8,3,3,2,142605,0,1,1,2,36,0
roster,21,15,0,neutral,273,0,0,6,0,555984,54152,848,0,17,72,3,2,2,3,104701,1,0,2,0,27,0
roster,21,15,1,neutral,262,0,0,5,0,610170,0,0,6438,8,147,4,1,1,2,55363,0,0,2,0,27,0
roster,21,15,2,neutral,269,0,0,6,0,629592,96000,0,0,8,121,3,0,0,0,0,1,0,2,0,30,0
roster,21,15,3,neutral,280,0,0,5,0,602889,0,0,0,8,100,4,0,0,0,0,0,0,2,0,45,0
roster,21,15,4,neutral,214,0,0,6,0,575420,0,0,0,8,120,3,1,1,0,49637,0,0,1,0,42,0
roster,21,15,5,neutral,237,0,0,6,0,624544,44000,0,9820,8,145,3,2,2,2,61090,1,0,2,0,30,0
roster,21,15,6,neutral,258,0,0,6,0,629382,0,0,0,8,146,3,0,0,0,0,0,0,2,0,27,0
roster,21,15,7,neutral,246,0,0,6,0,604896,77000,0,0,8,172,3,1,1,1,52500,1,0,2,0,27,0
roster,21,16,0,pvp,334,0,1,0,5,1373008,88000,0,0,17,143,7,3,2,0,67291,1,0,2,1,0,33
roster,21,16,1,pvp,382,0,0,4,0,1551657,46767,2733,0,17,123,8,3,3,3,135047,0,1,2,2,36,0
roster,21,16,2,pvp,842,0,1,0,1,1906195,273000,0,0,17,139,11,1,1,1,40445,1,1,2,2,0,9
roster,21,16,3,pvp,465,0,0,4,0,1375822,0,0,7044,18,113,8,0,0,0,0,0,0,2,2,36,0
roster,21,17,0,pvp,564,0,0,2,0,1502556,114059,6941,0,17,116,10,2,2,2,85795,1,0,2,2,9,0
roster,21,17,1,pvp,427,0,0,5,0,1406205,112500,0,0,17,120,7,1,1,0,54325,0,1,2,2,39,0
roster,21,17,2,pvp,451,0,1,0,4,1525287,0,0,17216,17,89,8,1,1,0,46280,0,0,2,1,0,30
roster,21,17,3,pvp,393,0,0,5,0,1273838,98992,5508,10410,8,173,7,3,2,2,77651,1,1,2,2,24,0
roster,21,18,0,pvp,351,0,0,7,0,1178487,38500,0,0,17,77,6,3,3,2,169888,1,1,2,2,30,0
roster,21,18,1,pvp,703,0,0,1,0,2219290,0,0,10910,17,140,11,2,2,0,53710,0,0,2,1,9,0
roster,21,18,2,pvp,631,0,0,2,0,1684414,191743,8757,18410,18,147,10,0,0,0,0,1,0,2,2,12,0
roster,21,18,3,pvp,512,0,1,0,3,1750746,16500,0,3682,17,82,9,2,2,2,127682,0,1,2,2,0,15
roster,21,19,0,pvp,588,0,0,4,0,1853546,153543,5957,7044,17,125,10,3,3,2,184744,1,0,2,2,15,0
roster,21,19,1,pvp,397,0,0,7,0,1418416,11000,0,0,17,77,7,2,2,0,97050,0,1,2,2,48,0
roster,21,19,2,pvp,464,0,1,0,4,1849342,187109,2391,0,17,139,10,3,3,4,175779,1,1,2,2,0,18
roster,21,19,3,pvp,370,0,0,6,0,1477204,0,0,0,17,97,8,2,2,0,131612,0,0,2,2,36,0
roster,21,20,0,neutral,281,0,0,7,0,733108,22000,0,0,8,133,3,2,2,2,88772,1,0,2,0,30,0
roster,21,20,1,neutral,263,0,0,7,0,715856,0,0,0,8,100,3,1,1,0,52500,0,0,2,0,48,0
roster,21,20,2,neutral,274,0,0,7,0,804825,114000,0,0,8,165,3,1,1,1,52500,1,0,2,0,33,0
roster,21,20,3,neutral,242,0,0,7,0,756892,0,0,0,8,127,3,1,1,2,52500,0,0,2,0,51,0
roster,21,20,4,neutral,218,0,0,7,0,696462,0,0,0,8,97,3,2,2,2,85908,0,0,2,0,45,0
roster,21,20,5,neutral,229,0,0,7,0,737984,71500,0,0,8,129,3,1,1,1,48000,1,0,2,0,39,0
roster,21,20,6,neutral,260,0,0,6,0,775135,0,0,0,8,118,4,0,0,0,0,0,0,2,0,24,0
roster,21,20,7,neutral,245,0,0,7,0,743762,44000,0,0,8,151,3,1,1,1,55363,1,0,2,0,30,0
roster,21,21,0,pvp,455,0,1,0,4,1914999,115364,136,0,17,185,10,3,3,2,187424,1,0,2,2,0,36
roster,21,21,1,pvp,497,0,1,0,5,1664893,167500,0,0,17,109,9,2,1,1,72049,1,0,2,2,0,39
roster,21,21,2,pvp,363,0,0,5,0,1488625,44000,0,0,8,116,9,3,3,2,120801,0,1,2,2,33,0
roster,21,21,3,pvp,336,0,0,6,0,1488890,60499,1,25959,8,85,8,1,1,0,90071,1,0,2,2,33,0
roster,21,22,0,pvp,420,0,1,0,6,1550156,74609,2391,0,17,160,8,4,4,3,179278,1,0,2,2,0,36
roster,21,22,1,pvp,327,0,0,6,0,1532181,11000,0,4649,17,100,8,2,2,1,136727,0,1,2,2,45,0
roster,21,22,2,pvp,477,0,0,5,0,1695501,278559,4441,21826,17,105,9,1,1,0,39533,1,0,2,2,27,0
roster,21,22,3,pvp,503,0,1,0,5,1895628,16500,0,0,17,99,9,2,2,3,162729,0,1,2,2,0,30
roster,21,23,0,pvp,413,0,1,0,6,1499338,202652,848,0,17,77,8,3,3,2,118203,1,1,2,2,0,36
roster,21,23,1,pvp,528,0,0,5,0,1778052,212479,3021,13716,17,93,9,2,2,2,112640,0,1,2,2,33,0
roster,21,23,2,pvp,405,0,1,0,5,1810073,0,0,0,17,97,9,3,3,3,99079,0,0,2,2,0,33
roster,21,23,3,pvp,537,0,1,0,3,1852260,66000,0,1972,8,122,11,1,1,1,68478,0,1,2,2,0,15
roster,21,24,0,pvp,400,0,0,5,0,1637004,66000,0,0,17,94,9,3,3,2,137580,1,1,2,2,21,0
roster,21,24,1,pvp,548,0,0,3,0,2239049,0,0,0,17,135,11,3,3,3,134398,0,0,2,2,24,0
roster,21,24,2,pvp,379,0,1,0,6,1676521,222500,0,0,17,165,8,2,2,2,123399,1,1,2,2,0,36
roster,21,24,3,pvp,482,0,0,5,0,1551548,0,0,8765,17,103,9,1,1,2,20816,0,0,2,2,45,0
roster,21,25,0,neutral,420,0,0,6,0,1707820,82260,240,0,8,137,6,1,1,1,80182,2,0,2,0,33,0
roster,21,25,1,neutral,441,0,0,6,0,1665458,0,0,0,8,208,5,1,1,2,91500,0,0,2,0,45,0
roster,21,25,2,neutral,574,0,0,4,0,1968250,127045,11455,13335,8,108,7,1,1,2,68728,1,0,2,0,21,0
roster,21,25,3,neutral,508,0,0,4,0,1856994,0,0,0,8,81,7,1,1,1,52500,0,0,2,0,30,0
roster,21,25,4,neutral,367,0,0,6,0,1593718,0,0,0,8,113,5,2,2,2,105000,0,0,2,0,36,0
roster,21,25,5,neutral,374,0,0,7,0,1640574,44000,0,0,8,200,5,1,1,2,87000,1,0,2,0,39,0
roster,21,25,6,neutral,586,0,0,3,0,1888548,0,0,0,8,123,8,0,0,0,0,0,0,2,0,15,0
roster,21,25,7,neutral,858,0,1,0,2,2183250,33000,0,40030,8,100,9,1,1,0,27682,1,0,2,0,0,0
roster,21,26,0,pvp,476,0,0,7,0,1972654,659383,3667,0,17,121,8,2,1,0,22556,2,1,2,2,39,0
roster,21,26,1,pvp,652,0,1,0,3,2649618,184740,2260,0,17,143,12,2,2,1,152410,0,1,2,2,0,18
roster,21,26,2,pvp,546,0,0,5,0,1449582,27500,0,0,17,108,9,2,2,0,52956,0,1,2,2,45,0
roster,21,26,3,pvp,342,0,0,8,0,1572206,103370,1130,10174,17,143,8,2,2,3,79434,0,1,2,2,48,0
roster,21,27,0,ghost,564,0,1,0,4,2186180,441500,15000,0,17,101,11,2,2,2,99251,0,2,2,2,0,21
roster,21,27,1,pvp,520,0,1,0,6,2179672,269897,15278,6135,17,105,10,2,2,0,118434,2,0,2,2,0,45
roster,21,27,2,pvp,407,0,1,0,6,1823381,176979,3021,6261,17,115,10,3,3,3,115201,1,0,2,2,0,42
roster,21,27,3,pvp,342,0,0,8,0,1482202,120152,848,0,17,85,8,1,1,1,107795,1,1,2,2,54,0
roster,21,28,0,pvp,625,0,0,5,0,2242841,592879,41721,0,17,177,11,2,2,1,58434,2,1,2,2,24,0
roster,21,28,1,pvp,661,0,0,5,0,2111743,0,0,17922,17,81,10,2,2,0,71894,0,0,2,2,30,0
roster,21,28,2,pvp,735,0,0,2,0,2801681,148500,0,0,17,162,14,3,3,3,117531,0,1,2,2,12,0
roster,21,29,0,pvp,416,0,1,0,6,1856109,275824,1,0,17,105,10,2,2,2,147666,2,1,2,2,0,39
roster,21,29,1,pvp,659,0,1,0,3,2654739,0,0,17610,17,120,13,3,3,2,146476,0,0,2,2,0,21
roster,21,29,2,pvp,713,0,1,0,4,2397620,368000,1500,91620,17,126,11,2,1,0,44662,1,0,2,2,0,36
roster,21,30,0,neutral,630,0,0,5,0,2281923,288475,0,0,8,146,7,1,1,2,85908,2,0,2,0,27,0
roster,21,30,1,neutral,443,0,0,7,0,1853230,0,0,0,8,171,5,1,1,1,130500,0,0,2,0,51,0
roster,21,30,2,neutral,473,0,0,6,0,1998194,0,0,0,8,113,6,1,1,2,77318,0,0,2,0,48,0
roster,21,30,3,neutral,412,0,0,7,0,1861658,0,0,0,8,262,5,2,2,2,85908,0,0,2,0,45,0
roster,21,30,4,neutral,358,0,0,6,0,1884322,22000,0,0,8,165,6,1,1,1,91500,1,0,2,0,42,0
roster,21,31,0,ghost,508,0,0,6,0,2147839,121000,0,7200,17,83,10,2,2,1,134006,1,0,2,2,48,0
roster,21,31,1,pvp,520,0,1,0,5,2229809,341582,10418,6261,17,172,11,3,3,1,116335,2,0,2,2,0,39
roster,21,31,2,pvp,623,0,0,5,0,2335922,0,0,0,17,112,11,2,2,0,142094,0,0,2,2,36,0
roster,21,32,0,ghost,617,0,1,0,4,2277006,235825,2600,0,17,97,12,2,2,2,93012,2,0,2,2,0,36
roster,21,32,1,pvp,616,0,0,3,0,2723710,130000,2000,0,17,134,13,2,2,2,87475,0,1,2,2,24,0
roster,21,32,2,pvp,702,0,1,0,1,2749581,0,0,0,17,118,15,3,2,3,123738,0,0,2,2,0,3
roster,21,33,0,ghost,445,0,0,6,0,2084289,214500,0,0,17,141,10,2,2,2,184428,0,2,2,2,45,0
roster,21,33,1,pvp,370,0,1,0,7,1793535,113575,0,0,17,155,9,3,3,2,110829,2,0,2,2,0,45
roster,21,33,2,pvp,475,0,1,0,5,2251426,122167,4333,8348,17,65,11,2,2,2,137786,0,1,2,2,0,45
roster,21,34,0,pvp,603,0,0,5,0,2185271,0,0,7200,17,123,11,2,2,2,198340,0,0,2,2,42,0
roster,21,34,1,pvp,579,0,1,0,3,2647971,44000,0,0,17,77,13,3,2,3,179186,0,1,2,2,0,21
roster,21,35,0,neutral,515,0,0,7,0,2153766,0,0,0,8,183,5,1,1,2,144000,0,0,2,0,51,0
roster,21,35,1,neutral,647,0,0,5,0,2339545,0,0,6522,8,81,7,1,1,0,58227,0,0,2,0,33,0
roster,21,35,2,neutral,408,0,0,8,0,2122309,0,0,0,8,181,5,2,2,1,110727,0,0,2,0,54,0
roster,21,35,3,neutral,369,0,0,7,0,2150432,58828,1672,0,8,148,6,1,1,1,87000,1,0,2,0,54,0
roster,21,36,0,pvp,552,0,1,0,6,2571146,192500,0,6261,17,131,11,2,2,3,163149,0,1,2,2,0,45
roster,21,36,1,pvp,526,0,1,0,7,2069341,0,0,0,17,145,10,3,3,2,151057,0,0,2,2,0,51
roster,21,37,0,ghost,492,0,0,6,0,2544824,0,0,6261,17,152,11,3,3,4,115394,0,0,2,2,42,0
roster,21,37,1,pvp,564,0,1,0,4,2759361,77000,0,0,17,143,13,2,2,1,234564,0,1,2,2,0,36
roster,21,38,0,ghost,544,0,0,4,0,2852832,41609,2391,6261,17,149,14,3,3,4,131089,1,0,2,2,30,0
roster,21,38,1,pvp,540,0,1,0,5,2588711,0,0,0,17,145,12,3,3,4,136419,0,0,2,2,0,27
roster,21,39,0,ghost,490,0,1,0,6,2519073,111979,3521,0,17,149,11,2,2,0,114043,0,1,2,2,0,45
roster,21,39,1,pvp,501,0,0,5,0,2645972,44000,0,7043,17,143,13,3,3,2,139187,0,1,2,2,39,0
roster,21,40,0,neutral,569,0,0,7,0,2575858,0,0,0,8,81,6,1,1,2,144000,0,0,2,0,43,0
roster,21,40,1,neutral,459,0,0,7,0,2410699,0,0,7174,8,135,6,2,2,2,107864,0,0,2,0,51,0
roster,21,40,2,neutral,402,0,0,8,0,2457260,77000,0,28696,8,189,5,1,1,1,78487,1,0,2,0,57,0
roster,21,41,0,ghost,576,0,0,7,0,2682200,0,0,0,17,120,11,3,3,1,107236,0,0,2,2,51,0
roster,21,41,1,pvp,544,0,1,0,5,2645460,98152,848,18596,18,89,13,2,2,1,116254,0,1,2,2,0,39
roster,21,42,0,ghost,553,0,1,0,6,2851709,0,0,0,17,136,12,3,3,2,91655,0,0,2,2,0,42
roster,21,42,1,pvp,713,0,0,1,0,3144356,44000,0,12816,17,104,17,3,3,3,134324,0,1,2,2,9,0
roster,21,43,0,ghost,532,0,0,5,0,2823903,93410,90,12522,17,116,14,2,2,0,92613,1,0,2,2,48,0
roster,21,43,1,pvp,834,0,1,0,2,3059231,0,0,4649,17,139,16,3,3,3,155155,0,0,2,2,0,12
roster,21,44,0,pvp,474,0,1,0,5,2764515,108870,1130,0,8,105,14,3,3,3,163354,0,1,2,2,0,48
roster,21,45,0,neutral,603,0,0,5,0,2783588,0,0,15652,8,133,8,2,2,3,92644,0,0,2,0,33,0
roster,21,45,1,neutral,397,0,0,7,0,2611714,22000,0,0,8,133,7,1,1,0,91500,1,0,2,0,63,0
roster,22,1,0,neutral,77,0,0,4,0,24818,1909,1591,0,17,77,1,1,0,0,0,1,0,1,0,6,0
roster,22,1,1,neutral,60,0,0,4,0,21000,0,0,0,18,60,1,0,0,0,0,0,0,2,0,4,0
roster,22,1,2,neutral,89,0,0,3,0,24112,0,0,0,18,89,1,0,0,0,0,0,0,1,0,5,0
roster,22,1,3,neutral,49,0,0,4,0,21000,0,0,0,17,49,1,1,1,1,17136,0,0,2,0,4,0
roster,22,1,4,neutral,85,0,0,4,0,24818,0,0,0,18,85,1,0,0,0,0,0,0,1,0,6,0
roster,22,1,5,neutral,77,0,0,4,0,24818,0,0,0,18,77,1,0,0,0,0,0,0,2,0,4,0
roster,22,1,6,neutral,89,0,0,3,0,24818,3818,3182,0,18,89,1,0,0,0,0,1,0,1,0,5,0
roster,22,1,7,neutral,60,0,0,4,0,21000,0,0,0,21,60,1,0,0,0,0,0,0,2,0,4,0
roster,22,2,0,neutral,77,0,0,4,0,47522,3500,0,0,17,72,2,1,1,1,18000,2,0,2,0,6,0
roster,22,2,1,neutral,116,0,0,4,0,50566,0,0,0,18,55,2,0,0,0,0,0,0,1,0,7,0
roster,22,2,2,neutral,116,0,0,4,0,48740,0,0,0,18,55,2,0,0,0,0,0,0,3,0,8,0
roster,22,2,3,neutral,167,0,0,4,0,51191,0,0,0,18,93,2,0,0,0,0,0,0,2,0,8,0
roster,22,2,4,neutral,131,0,0,4,0,49370,0,0,0,18,65,2,0,0,0,0,0,0,1,0,6,0
roster,22,2,5,neutral,95,0,0,4,0,45999,0,0,0,18,64,2,0,0,0,0,0,0,1,0,7,0
roster,22,2,6,neutral,131,0,0,4,0,53001,0,0,0,17,56,2,1,1,1,8364,0,0,2,0,5,0
roster,22,2,7,neutral,100,0,0,4,0,45222,0,0,0,17,40,2,1,1,0,12927,0,0,1,0,9,0
roster,22,3,0,neutral,173,0,0,5,0,86332,17258,3742,0,17,84,3,1,1,0,16546,2,0,2,0,11,0
roster,22,3,1,neutral,143,0,0,5,0,79741,0,0,0,18,60,3,0,0,0,0,0,0,1,0,10,0
roster,22,3,2,neutral,156,0,0,5,0,89957,14000,0,0,18,99,3,0,0,0,0,1,0,3,0,10,0
roster,22,3,3,neutral,133,0,0,5,0,77901,0,0,0,17,69,3,1,1,1,17136,0,0,2,0,9,0
roster,22,3,4,neutral,141,0,0,5,0,84392,0,0,0,17,49,3,1,1,0,15364,0,0,1,0,8,0
roster,22,3,5,neutral,181,0,0,5,0,88406,0,0,0,18,64,3,0,0,0,0,0,0,2,0,8,0
roster,22,3,6,neutral,121,0,0,5,0,78185,0,0,0,17,44,3,1,1,1,17136,0,0,1,0,10,0
roster,22,3,7,neutral,156,0,0,5,0,88131,0,0,0,18,60,3,0,0,0,0,0,0,1,0,14,0
roster,22,4,0,pvp,749,0,0,3,0,955167,149500,0,0,17,182,7,1,1,0,15407,1,0,1,1,12,0
roster,22,4,1,pvp,610,0,1,0,2,883484,0,0,0,17,180,8,1,1,2,29373,0,0,1,2,0,6
roster,22,4,2,pvp,435,0,1,0,4,872098,69043,957,3435,17,147,6,1,1,1,46451,1,0,2,1,0,13
roster,22,4,3,pvp,491,0,1,0,3,892687,52000,0,8248,17,204,7,1,1,1,18909,0,0,1,1,0,8
roster,22,5,0,neutral,264,0,0,5,0,335924,27500,0,0,8,89,3,0,0,0,0,1,0,1,0,17,0
roster,22,5,1,neutral,213,0,0,5,0,349130,0,0,0,8,104,3,0,0,0,0,0,0,1,0,14,0
roster,22,5,2,neutral,229,0,0,5,0,354784,0,0,0,8,106,3,0,0,0,0,1,0,2,0,12,0
roster,22,5,3,neutral,208,0,0,5,0,328062,0,0,0,8,141,3,1,1,1,61091,0,0,1,0,19,0
roster,22,5,4,neutral,279,0,0,4,0,369476,0,0,0,8,104,4,1,1,1,9509,0,0,1,0,13,0
roster,22,5,5,neutral,203,0,0,5,0,332610,0,0,0,8,90,3,0,0,0,0,0,0,1,0,19,0
roster,22,5,6,neutral,203,0,0,5,0,333702,0,0,0,8,95,3,1,1,1,17136,0,0,1,0,18,0
roster,22,5,7,neutral,177,0,0,5,0,302470,0,0,0,8,77,3,1,1,0,30545,0,0,1,0,18,0
roster,22,6,0,pvp,900,1,0,3,3,1468699,412558,19442,0,18,176,4,0,0,0,0,1,0,2,1,15,13
roster,22,6,1,pvp,422,0,1,0,4,852744,0,0,0,17,125,6,1,1,0,31774,0,0,1,1,0,9
roster,22,6,2,pvp,454,0,0,3,0,958322,96182,7818,0,18,82,7,0,0,0,0,0,0,2,1,9,0
roster,22,6,3,pvp,485,0,1,0,3,1070418,0,0,0,17,94,7,2,2,3,132429,0,0,2,1,0,15
roster,22,7,0,pvp,631,0,1,0,4,1184019,49500,0,0,17,174,6,1,1,0,24889,1,0,2,1,0,14
roster,22,7,1,pvp,474,0,1,0,2,1050169,0,0,0,17,109,8,1,1,2,50217,0,0,1,1,0,12
roster,22,7,2,pvp,607,0,1,0,3,1354082,241043,3457,0,17,226,7,1,1,3,75779,0,1,2,1,0,18
roster,22,7,3,pvp,583,0,1,0,3,1048656,130000,0,0,8,139,7,0,0,0,0,0,0,2,2,0,12
roster,22,8,0,pvp,491,0,1,0,4,1126062,66000,0,0,17,155,6,2,2,2,97456,1,0,2,1,0,24
roster,22,8,1,pvp,374,0,1,0,4,945151,26000,0,0,18,106,6,0,0,0,0,0,0,1,2,0,21
roster,22,8,2,pvp,399,0,1,0,4,970570,78000,0,0,8,125,6,1,1,1,30545,0,0,2,2,0,21
roster,22,8,3,pvp,550,0,1,0,2,1324496,74000,0,4599,8,101,8,2,2,3,90307,0,1,2,1,0,6
roster,22,9,0,pvp,735,0,1,0,3,1626458,64500,0,2062,8,129,9,2,2,1,56899,1,1,2,1,0,18
roster,22,9,1,pvp,570,0,1,0,4,1409729,335747,4753,0,8,70,8,0,0,0,0,0,1,2,2,0,18
roster,22,9,2,pvp,508,0,0,3,0,1429922,104000,0,26608,17,112,9,1,1,1,24889,0,0,2,2,12,0
roster,22,9,3,pvp,824,0,1,0,3,2126605,424574,4426,0,17,177,9,2,2,2,72638,1,1,1,2,0,21
roster,22,10,0,neutral,263,0,0,6,0,487048,41500,1000,0,8,211,3,1,1,0,30545,1,0,2,0,24,0
roster,22,10,1,neutral,190,0,0,6,0,459656,0,0,0,8,124,3,0,0,0,0,0,0,2,0,30,0
roster,22,10,2,neutral,262,0,0,6,0,434115,0,0,16360,8,118,3,0,0,0,0,0,0,2,0,27,0
roster,22,10,3,neutral,217,0,0,6,0,453116,27500,0,0,8,122,3,1,1,0,33409,1,0,1,0,33,0
roster,22,10,4,neutral,182,0,0,6,0,462863,53500,0,0,8,83,3,1,1,1,49637,1,0,1,0,30,0
roster,22,10,5,neutral,213,0,0,6,0,472130,26000,0,0,8,113,3,1,1,0,30545,0,0,2,0,24,0
roster,22,10,6,neutral,180,0,0,6,0,466354,44000,0,0,8,93,3,1,1,0,46773,1,0,2,0,36,0
roster,22,10,7,neutral,226,0,0,6,0,456762,60016,11484,0,8,141,3,1,1,0,49636,1,0,1,0,30,0
roster,22,11,0,pvp,672,0,0,1,0,1739683,130500,0,3913,17,141,11,1,1,1,114367,1,0,2,2,3,0
roster,22,11,1,pvp,719,0,0,1,0,1961196,104000,0,7749,8,157,11,2,2,2,75056,0,0,2,2,3,0
roster,22,11,2,pvp,411,0,0,4,0,1261881,26000,0,0,17,109,8,3,3,3,107953,0,0,2,2,24,0
roster,22,11,3,pvp,720,0,1,0,2,1583805,92852,3148,0,8,109,10,2,2,2,58227,1,1,1,1,0,12
roster,22,12,0,pvp,589,0,1,0,4,1524062,241101,4399,16970,17,142,8,1,1,1,29217,1,0,2,2,0,21
roster,22,12,1,pvp,376,0,1,0,4,1360272,84000,0,0,17,155,8,1,1,1,43556,0,0,2,1,0,15
roster,22,12,2,pvp,584,0,0,4,0,1533790,132865,4635,12960,17,131,8,3,3,1,134120,0,1,2,1,24,0
roster,22,12,3,pvp,604,0,0,2,0,1619418,38500,0,0,8,178,10,3,3,4,142608,0,1,2,1,12,0
roster,22,13,0,pvp,631,0,1,0,3,1703109,146200,2300,6000,8,89,9,3,3,1,119617,1,1,2,1,0,18
roster,22,13,1,pvp,419,0,1,0,4,1473112,0,0,0,8,94,8,2,2,2,93773,0,0,2,2,0,18
roster,22,13,2,pvp,380,0,1,0,5,1344226,52000,0,0,17,109,7,2,2,4,136126,0,0,2,2,0,27
roster,22,13,3,pvp,501,0,0,4,0,1531632,100500,0,0,8,89,8,3,2,2,61090,0,1,1,2,21,0
roster,22,14,0,pvp,531,0,1,0,5,1503152,52000,0,0,17,116,7,2,2,1,55363,1,0,2,2,0,24
roster,22,14,1,pvp,566,0,0,2,0,1522004,64704,1296,0,17,110,10,1,1,1,29217,0,1,2,1,12,0
roster,22,14,2,pvp,584,0,0,4,0,1519830,38500,0,0,17,113,8,4,4,4,185043,0,1,2,2,24,0
roster,22,14,3,pvp,701,0,1,0,3,1910104,84000,0,0,8,164,9,3,3,1,106130,0,0,2,2,0,15
roster,22,15,0,neutral,308,0,0,5,0,671671,22000,0,0,8,189,4,2,1,0,24818,1,0,2,0,18,0
roster,22,15,1,neutral,240,0,0,6,0,609523,0,0,0,8,106,3,0,0,0,0,0,0,2,0,33,0
roster,22,15,2,neutral,285,0,0,6,0,622547,52000,0,0,8,128,3,0,0,0,0,0,0,2,0,30,0
roster,22,15,3,neutral,279,0,0,6,0,596710,0,0,0,8,169,3,2,2,1,78655,0,0,2,0,30,0
roster,22,15,4,neutral,198,0,0,6,0,599740,33000,0,0,8,91,3,1,1,1,58227,1,0,1,0,30,0
roster,22,15,5,neutral,226,0,0,6,0,601031,42000,0,0,8,88,3,1,1,0,51704,0,0,2,0,45,0
roster,22,15,6,neutral,199,0,0,6,0,585224,0,0,0,8,111,3,2,2,1,58227,0,0,2,0,30,0
roster,22,15,7,neutral,253,0,0,6,0,612752,71500,0,0,8,145,3,2,2,1,80181,1,0,2,0,30,0
roster,22,16,0,pvp,413,0,1,0,5,1290225,60500,0,0,17,89,7,4,4,2,130224,1,0,2,2,0,21
roster,22,16,1,pvp,461,0,0,3,0,1442569,78000,0,0,8,133,9,0,0,0,0,0,0,2,2,18,0
roster,22,16,2,pvp,560,0,1,0,4,1672307,84000,0,0,17,151,8,3,3,2,149087,0,0,2,2,0,21
roster,22,16,3,pvp,757,0,0,2,0,1855300,165000,0,0,8,83,10,3,3,2,119710,1,1,1,2,9,0
roster,22,17,0,pvp,571,0,1,0,3,1521092,121198,5302,0,17,102,9,4,4,3,120009,1,0,2,2,0,21
roster,22,17,1,pvp,596,0,0,4,0,1686832,60500,0,0,8,157,8,2,2,0,46123,0,1,2,2,24,0
roster,22,17,2,pvp,342,0,1,0,5,1400026,52000,0,0,8,91,7,2,2,3,77319,0,0,2,2,0,21
roster,22,17,3,pvp,466,0,1,0,4,1641757,210500,0,0,8,95,8,2,2,1,50767,1,0,1,2,0,24
roster,22,18,0,pvp,488,0,1,0,5,1311321,153500,0,5140,8,72,7,3,3,3,112386,1,0,2,2,0,27
roster,22,18,1,pvp,502,0,1,0,5,1481447,0,0,0,17,138,9,2,2,3,123497,0,0,2,2,0,27
roster,22,18,2,pvp,402,0,1,0,5,1439976,90500,0,4860,8,67,8,2,2,4,101182,0,1,2,2,0,21
roster,22,18,3,pvp,371,0,1,0,4,1486080,38500,0,0,8,116,8,3,3,2,98245,1,0,1,2,0,18
roster,22,19,0,pvp,499,0,1,0,5,1623986,200211,8789,0,8,60,9,4,4,4,149292,1,1,2,2,0,30
roster,22,19,1,pvp,705,0,1,0,1,2234579,84000,0,0,8,157,13,1,1,1,21677,0,0,2,2,0,9
roster,22,19,2,pvp,431,0,1,0,5,1641841,129000,0,33450,8,95,9,2,2,2,103672,0,1,2,2,0,27
roster,22,19,3,pvp,547,0,0,5,0,1799093,0,0,0,17,144,9,4,3,2,120928,0,0,2,2,27,0
roster,22,20,0,neutral,249,0,0,6,0,734334,44000,0,0,8,69,4,2,2,2,80181,1,0,2,0,21,0
roster,22,20,1,neutral,211,0,0,7,0,697548,0,0,2032,8,94,3,0,0,0,0,0,0,2,0,42,0
roster,22,20,2,neutral,319,0,0,6,0,770184,26000,0,0,8,106,4,0,0,0,0,0,0,2,0,27,0
roster,22,20,3,neutral,237,0,0,7,0,717866,0,0,0,8,121,3,2,2,0,63954,0,0,2,0,33,0
roster,22,20,4,neutral,282,0,0,7,0,770040,70250,1250,0,8,125,3,2,1,0,58227,1,0,2,0,33,0
roster,22,20,5,neutral,212,0,0,7,0,729012,78520,5480,0,8,116,3,1,1,1,30545,0,0,2,0,48,0
roster,22,20,6,neutral,229,0,0,7,0,725612,0,0,0,8,101,3,2,2,1,58227,0,0,2,0,36,0
roster,22,20,7,neutral,258,0,0,7,0,736065,77000,0,0,8,114,3,2,2,0,85908,1,0,2,0,39,0
roster,22,21,0,pvp,499,0,1,0,6,1503095,49500,0,0,17,82,8,2,2,0,46830,1,0,2,2,0,39
roster,22,21,1,pvp,374,0,1,0,7,1432987,178000,0,0,8,93,7,1,1,1,30545,0,0,2,2,0,48
roster,22,21,2,pvp,435,0,0,4,0,1582193,82500,0,17608,17,107,10,4,4,2,199648,0,1,2,2,24,0
roster,22,21,3,pvp,710,0,1,0,2,2164461,27500,0,0,8,116,12,4,4,6,249103,0,1,2,2,0,12
roster,22,22,0,pvp,513,0,1,0,5,1588672,82826,5174,3913,17,69,9,4,4,3,147407,1,0,2,2,0,27
roster,22,22,1,pvp,472,0,0,4,0,1651496,98290,5710,0,8,109,10,0,0,0,0,0,0,2,2,27,0
roster,22,22,2,pvp,471,0,1,0,4,1763380,132000,0,0,8,67,10,4,4,3,152934,1,1,2,2,0,24
roster,22,22,3,pvp,552,0,0,5,0,2093090,84000,0,0,8,157,9,3,3,2,99076,0,0,2,2,27,0
roster,22,23,0,pvp,465,0,1,0,5,1685525,236000,0,0,8,72,9,3,3,2,121279,1,0,2,2,0,39
roster,22,23,1,pvp,560,0,0,4,0,1975763,43955,45,6075,8,141,11,2,1,0,21677,0,1,2,2,19,0
roster,22,23,2,pvp,427,0,1,0,5,1541395,74000,0,0,8,84,9,2,2,2,84580,0,1,2,2,0,24
roster,22,23,3,pvp,556,0,1,0,5,1810782,104500,0,0,17,109,10,4,4,3,180215,0,1,2,2,0,27
roster,22,24,0,pvp,433,0,1,0,7,1606004,275000,0,6261,8,65,7,4,4,2,102190,1,1,2,2,0,39
roster,22,24,1,pvp,462,0,0,5,0,1769053,0,0,0,17,136,10,2,2,1,49570,0,0,2,2,28,0
roster,22,24,2,pvp,338,0,1,0,6,1375236,110000,0,4860,8,77,8,1,1,2,54284,0,0,2,2,0,30
roster,22,24,3,pvp,423,0,1,0,6,1809543,181600,5400,0,8,105,9,4,4,1,140473,1,1,2,2,0,30
roster,22,25,0,neutral,646,0,0,3,0,2036723,95740,3260,0,8,83,8,2,2,1,126955,1,0,2,0,9,0
roster,22,25,1,neutral,396,0,0,7,0,1628007,0,0,4646,8,143,5,0,0,0,0,0,0,2,0,43,0
roster,22,25,2,neutral,725,0,1,0,2,1948800,52000,0,0,8,83,9,0,0,0,0,0,0,2,0,0,0
roster,22,25,3,neutral,536,0,0,4,0,1732498,0,0,0,8,131,7,2,2,2,124634,0,0,2,0,18,0
roster,22,25,4,neutral,367,0,0,6,0,1734059,22000,0,0,8,95,6,2,2,2,83045,1,0,2,0,36,0
roster,22,25,5,neutral,470,0,0,5,0,1795786,84000,0,0,8,120,6,1,1,2,80181,0,0,2,0,27,0
roster,22,25,6,neutral,416,0,0,6,0,1657831,22000,0,0,8,139,6,2,2,0,107590,1,0,2,0,30,0
roster,22,25,7,neutral,499,0,0,4,0,1803498,16500,0,0,8,83,7,2,2,0,85908,1,0,2,0,27,0
roster,22,26,0,pvp,453,0,1,0,6,1914276,167500,0,6261,17,77,10,2,2,1,39290,1,0,2,2,0,37
roster,22,26,1,pvp,522,0,1,0,3,1739564,78000,0,0,17,69,11,2,2,1,58227,0,0,2,2,0,15
roster,22,26,2,pvp,692,0,0,1,0,2270719,214000,0,0,8,115,14,3,1,2,53669,1,0,2,2,3,0
roster,22,26,3,pvp,797,0,0,2,0,2487994,185148,6802,0,8,109,13,4,4,4,212449,1,1,2,2,6,0
roster,22,27,0,ghost,612,0,1,0,3,2131175,55000,0,0,17,135,12,4,4,4,165550,0,1,2,2,0,21
roster,22,27,1,pvp,461,0,0,5,0,1862050,32955,45,4180,8,109,11,2,1,0,19645,0,1,2,2,28,0
roster,22,27,2,pvp,359,0,1,0,7,1582760,159525,0,0,8,82,8,2,2,2,102137,0,1,2,2,0,33
roster,22,27,3,pvp,593,0,1,0,4,2469047,122500,0,0,8,116,12,3,3,3,134744,0,1,2,2,0,21
roster,22,28,0,ghost,558,0,0,3,0,1872150,5500,0,0,8,81,12,4,4,0,111183,1,0,2,2,24,0
roster,22,28,1,pvp,602,0,0,4,0,2163650,109658,4192,0,8,124,12,2,2,2,54871,0,1,2,2,22,0
roster,22,28,2,pvp,393,0,1,0,6,1517571,112387,4113,0,8,74,9,2,2,2,58227,0,1,2,2,0,48
roster,22,28,3,pvp,537,0,1,0,4,1876141,42000,0,7364,17,141,11,3,3,0,105705,0,0,2,2,0,21
roster,22,29,0,pvp,626,0,1,0,3,2419006,84000,0,3682,8,142,13,2,2,1,43384,0,0,2,2,0,18
roster,22,29,1,pvp,526,0,1,0,5,2094036,59204,1296,0,17,101,11,4,4,0,128015,1,1,2,2,0,42
roster,22,29,2,pvp,587,0,0,5,0,2298022,372625,0,0,8,147,11,4,4,2,200703,1,1,2,2,27,0
roster,22,30,0,neutral,399,0,0,5,0,1912050,0,0,3522,8,126,7,1,1,1,30545,0,0,2,0,33,0
roster,22,30,1,neutral,570,0,0,4,0,2086414,16500,0,5226,8,108,8,2,2,1,58227,1,0,2,0,24,0
roster,22,30,2,neutral,521,0,0,3,0,2124500,27500,0,0,8,100,9,2,2,2,124092,1,0,2,0,21,0
roster,22,30,3,neutral,484,0,0,5,0,2059687,42000,0,3522,8,112,7,1,1,1,30545,0,0,2,0,27,0
roster,22,30,4,neutral,502,0,0,5,0,2103649,101200,0,0,8,163,7,2,2,1,93546,1,0,2,0,24,0
roster,22,30,5,neutral,419,0,0,6,0,2006344,60261,239,0,8,108,6,2,2,2,105000,1,0,2,0,42,0
roster,22,31,0,pvp,499,0,0,5,0,2113025,170500,0,16252,8,121,11,3,2,1,50894,0,1,2,2,33,0
roster,22,31,1,pvp,703,0,1,0,3,2462653,318000,0,0,17,171,13,3,3,0,111059,1,0,2,2,0,30
roster,22,31,2,pvp,702,0,1,0,3,2332664,153828,1822,0,8,115,13,4,4,2,121546,1,1,2,2,0,24
roster,22,32,0,pvp,563,0,0,4,0,2168907,71500,0,3913,17,125,12,3,3,3,141816,0,1,2,2,24,0
roster,22,32,1,pvp,508,0,1,0,4,2050220,71500,0,8765,8,91,12,4,4,3,110759,1,1,2,2,0,39
roster,22,32,2,pvp,900,1,0,2,2,2360034,42000,0,0,8,157,12,3,3,1,71767,0,0,2,2,12,15
roster,22,33,0,pvp,600,0,0,4,0,2490764,55000,0,0,8,138,12,3,3,0,57978,0,1,2,2,24,0
roster,22,33,1,pvp,874,0,0,3,0,2471576,209000,0,0,8,138,13,4,4,2,95127,1,0,2,2,18,0
roster,22,33,2,pvp,859,0,0,1,0,2559345,288152,848,0,8,121,15,3,2,2,77650,1,0,2,2,3,0
roster,22,34,0,pvp,508,0,0,5,0,2171412,0,0,0,17,119,11,3,3,3,104310,0,0,2,2,27,0
roster,22,34,1,pvp,469,0,1,0,6,1937165,143000,0,4950,8,108,10,4,4,2,148276,1,1,2,2,0,27
roster,22,34,2,pvp,692,0,1,0,2,2515534,133500,0,0,8,145,14,3,2,2,56899,0,1,2,2,0,21
roster,22,35,0,neutral,444,0,0,6,0,2234978,0,0,0,8,133,7,1,1,1,30545,0,0,2,0,40,0
roster,22,35,1,neutral,636,0,0,4,0,2556085,71500,0,0,8,83,8,2,2,1,83045,1,0,2,0,15,0
roster,22,35,2,neutral,544,0,1,0,3,2217137,16500,0,0,8,75,9,2,2,1,58227,1,0,2,0,0,0
roster,22,35,3,neutral,513,0,0,5,0,2441844,84000,0,0,8,158,7,1,1,3,77318,0,0,2,0,21,0
roster,22,35,4,neutral,502,0,0,6,0,2266889,75900,0,0,8,125,7,2,2,2,83045,1,0,2,0,33,0
roster,22,35,5,neutral,508,0,0,5,0,2320116,16500,0,0,8,75,7,2,2,0,58227,1,0,2,0,39,0
roster,22,36,0,pvp,508,0,0,5,0,2364384,126000,0,0,8,140,12,2,2,1,48862,0,0,2,2,28,0
roster,22,36,1,pvp,624,0,1,0,3,2259589,126500,0,0,17,144,13,4,4,4,142343,1,1,2,2,0,30
roster,22,36,2,pvp,427,0,1,0,7,1964517,188650,0,0,8,105,10,4,3,1,106688,1,1,2,2,0,39
roster,22,37,0,ghost,657,0,1,0,5,2756464,266034,5941,0,8,117,13,3,3,2,115367,1,0,2,2,0,34
roster,22,37,1,pvp,482,0,0,7,0,2062892,88000,0,7826,17,109,10,3,3,1,74811,0,1,2,2,40,0
roster,22,37,2,pvp,716,0,1,0,2,2564716,64000,0,0,8,89,14,3,3,1,68716,0,1,2,2,0,21
roster,22,38,0,pvp,537,0,0,5,0,2477743,43955,45,0,8,119,12,3,3,2,69048,0,1,2,2,33,0
roster,22,38,1,pvp,523,0,1,0,5,2349523,340917,17333,0,8,139,12,3,3,2,116965,0,1,2,2,0,30
roster,22,39,0,pvp,803,0,0,1,0,2724766,42000,0,0,8,140,17,2,2,2,71995,0,0,2,2,9,0
roster,22,39,1,pvp,734,0,1,0,3,2634739,262569,13256,0,8,115,14,4,4,2,124657,1,1,2,2,0,24
roster,22,40,0,neutral,527,0,0,5,0,2679134,0,0,3193,8,152,8,1,1,2,55363,0,0,2,0,28,0
roster,22,40,1,neutral,531,0,0,6,0,2579210,42000,0,0,8,133,7,1,1,2,58227,0,0,2,0,27,0
roster,22,40,2,neutral,859,0,0,1,0,3145668,75900,0,0,8,169,12,2,2,0,83045,1,0,2,0,9,0
roster,22,40,3,neutral,892,0,1,0,2,3152769,44000,0,0,8,100,10,2,2,1,80182,1,0,2,0,0,0
roster,22,41,0,pvp,563,0,0,3,0,2484519,25300,0,0,8,115,15,3,3,1,132660,0,1,2,2,21,0
roster,22,41,1,pvp,537,0,1,0,4,2741754,188500,0,7584,8,174,14,3,3,0,92692,0,1,2,2,0,33
roster,22,42,0,ghost,769,0,0,1,0,2772660,84000,0,9385,8,136,17,2,2,1,44534,0,0,2,2,9,0
roster,22,42,1,pvp,497,0,1,0,4,2620359,43955,45,13011,8,119,14,3,2,2,55674,0,1,2,2,0,45
roster,22,43,0,ghost,633,0,1,0,4,2583728,84000,0,24486,8,140,14,2,2,1,90862,0,0,2,2,0,21
roster,22,43,1,pvp,572,0,1,0,6,2561163,215152,848,4639,8,168,12,3,3,3,141328,0,1,2,2,0,60
roster,22,44,0,pvp,626,0,1,0,2,2638154,27455,45,9636,8,109,16,3,3,2,70216,0,1,2,2,0,30
roster,22,45,0,neutral,687,0,0,2,0,3179495,0,0,6968,8,133,11,1,1,1,30545,0,0,2,0,15,0
roster,22,45,1,neutral,687,0,0,3,0,3029592,5500,0,13091,8,58,10,2,2,1,58227,1,0,2,0,45,0
roster,23,1,0,neutral,64,0,0,4,0,22909,1909,1591,0,24,64,1,0,0,0,0,1,0,1,0,6,0
roster,23,1,1,neutral,60,0,0,3,0,21000,0,0,0,21,60,1,0,0,0,0,0,0,2,0,5,0
roster,23,1,2,neutral,60,0,0,3,0,21000,0,0,0,21,60,1,0,0,0,0,0,0,1,0,7,0
roster,23,1,3,neutral,56,0,0,3,0,22909,0,0,0,17,56,1,1,1,1,3255,0,0,1,0,6,0
roster,23,1,4,neutral,60,0,0,4,0,22826,0,0,0,18,60,1,0,0,0,0,0,0,2,0,5,0
roster,23,1,5,neutral,40,0,0,4,0,21000,0,0,0,17,40,1,1,1,1,12182,0,0,1,0,5,0
roster,23,1,6,neutral,60,0,0,4,0,22909,0,0,0,24,60,1,0,0,0,0,0,0,1,0,6,0
roster,23,1,7,neutral,56,0,0,4,0,22826,0,0,0,17,56,1,1,1,0,16000,0,0,2,0,5,0
roster,23,2,0,neutral,131,0,0,4,0,53001,0,0,0,17,72,2,1,1,1,1473,1,0,1,0,6,0
roster,23,2,1,neutral,90,0,0,4,0,43148,0,0,0,17,72,2,1,1,1,18000,0,0,1,0,11,0
roster,23,2,2,neutral,133,0,0,4,0,50926,0,0,0,17,72,2,1,0,1,0,0,0,2,0,8,0
roster,23,2,3,neutral,111,0,0,4,0,50566,0,0,0,18,55,2,0,0,0,0,0,0,2,0,10,0
roster,23,2,4,neutral,106,0,0,4,0,47861,0,0,0,18,64,2,0,0,0,0,0,0,1,0,9,0
roster,23,2,5,neutral,117,0,0,4,0,50566,0,0,0,17,56,2,1,1,1,5291,0,0,2,0,6,0
roster,23,2,6,neutral,135,0,0,4,0,50926,0,0,0,18,60,2,0,0,0,0,0,0,2,0,7,0
roster,23,2,7,neutral,88,0,0,4,0,46305,0,0,0,17,44,2,2,2,1,27000,0,0,2,0,7,0
roster,23,3,0,neutral,133,0,0,5,0,82566,0,0,0,17,56,3,1,1,1,13364,0,0,2,0,9,0
roster,23,3,1,neutral,142,0,0,5,0,78546,0,0,0,17,69,3,1,1,1,17136,0,0,1,0,14,0
roster,23,3,2,neutral,184,0,0,5,0,88852,14000,0,0,18,73,3,0,0,0,0,1,0,2,0,11,0
roster,23,3,3,neutral,137,0,0,5,0,85957,0,0,0,17,70,3,1,0,0,0,0,0,2,0,13,0
roster,23,3,4,neutral,101,0,0,5,0,77221,0,0,0,17,44,3,1,1,1,17136,0,0,2,0,11,0
roster,23,3,5,neutral,95,0,0,5,0,73999,0,0,0,17,40,3,2,2,2,32400,0,0,2,0,12,0
roster,23,3,6,neutral,171,0,0,5,0,86332,0,0,0,18,60,3,0,0,0,0,0,0,2,0,9,0
roster,23,3,7,neutral,113,0,0,5,0,77962,0,0,0,17,44,3,2,2,1,32500,0,0,2,0,7,0
roster,23,4,0,pvp,369,0,1,0,2,852021,0,0,0,17,81,8,2,2,1,59762,0,0,2,2,0,5
roster,23,4,1,pvp,413,0,0,2,0,873543,0,0,3913,17,94,8,1,1,0,25161,0,0,1,2,9,0
roster,23,4,2,pvp,512,0,1,0,4,914660,42783,2717,0,18,189,6,0,0,0,0,1,0,2,2,0,11
roster,23,4,3,pvp,456,0,0,3,0,901796,14000,0,0,17,95,7,1,1,1,30545,0,1,1,2,12,0
roster,23,5,0,neutral,265,0,0,5,0,300456,0,0,0,8,49,3,1,1,1,48691,0,0,1,0,14,0
roster,23,5,1,neutral,271,0,0,5,0,342900,0,0,0,8,116,3,0,0,0,0,0,0,1,0,18,0
roster,23,5,2,neutral,290,0,0,5,0,385180,28000,0,0,8,182,3,0,0,0,0,2,0,2,0,13,0
roster,23,5,3,neutral,203,0,0,5,0,324785,0,0,0,8,65,3,1,1,1,30545,0,0,2,0,13,0
roster,23,5,4,neutral,203,0,0,5,0,333335,0,0,0,8,111,3,0,0,0,0,0,0,2,0,14,0
roster,23,5,5,neutral,172,0,0,4,0,330000,0,0,0,8,95,4,1,1,1,27682,0,0,1,0,15,0
roster,23,5,6,neutral,237,0,0,5,0,345924,27500,0,0,8,83,3,0,0,0,0,1,0,1,0,18,0
roster,23,5,7,neutral,276,0,0,5,0,354072,28000,0,0,8,93,3,0,0,0,0,1,0,1,0,17,0
roster,23,6,0,pvp,404,0,0,4,0,1003157,0,0,0,17,161,6,2,2,1,54608,0,0,1,1,15,0
roster,23,6,1,pvp,440,0,1,0,5,758816,24500,0,0,17,160,5,1,1,0,50767,2,0,2,1,0,18
roster,23,6,2,pvp,380,0,1,0,2,986567,0,0,0,17,104,8,2,2,1,82956,0,0,1,2,0,9
roster,23,6,3,pvp,621,0,0,2,0,1099836,49500,0,0,18,119,8,0,0,0,0,0,1,1,1,12,0
roster,23,7,0,pvp,416,0,0,4,0,1025654,146873,127,0,17,169,6,2,2,0,57630,0,2,2,2,12,0
roster,23,7,1,pvp,383,0,0,2,0,974622,0,0,0,17,164,8,2,2,1,98845,0,0,1,1,9,0
roster,23,7,2,pvp,369,0,0,5,0,848754,0,0,0,17,121,5,1,1,0,26478,0,0,1,2,24,0
roster,23,7,3,pvp,742,0,1,0,2,1277715,124500,2000,1636,21,141,8,1,1,1,66969,1,1,1,1,0,7
roster,23,8,0,pvp,471,0,0,1,0,1261147,16600,5400,0,17,99,9,3,3,4,176763,0,1,2,1,3,0
roster,23,8,1,pvp,497,0,0,2,0,1269957,60500,0,0,17,122,8,1,1,0,55451,0,1,1,2,9,0
roster,23,8,2,pvp,564,0,1,0,2,1315374,0,0,0,17,166,8,1,1,1,59927,0,0,1,1,0,9
roster,23,8,3,pvp,486,0,0,2,0,1281884,126500,0,0,17,145,8,1,1,0,22556,0,1,1,1,15,0
roster,23,9,0,pvp,551,0,1,0,2,1374830,0,0,0,17,104,10,2,2,1,62322,0,0,2,1,0,15
roster,23,9,1,pvp,508,0,0,3,0,1378496,33000,0,9313,17,113,9,3,3,4,205438,0,1,1,2,12,0
roster,23,9,2,pvp,559,0,1,0,4,1445970,57887,2613,0,8,137,8,1,1,0,20222,1,0,2,1,0,27
roster,23,9,3,pvp,379,0,0,4,0,1164521,60500,0,0,17,99,8,2,2,2,81569,0,1,2,1,21,0
roster,23,10,0,neutral,169,0,0,6,0,452350,0,0,0,8,69,3,2,2,0,52500,0,0,2,0,21,0
roster,23,10,1,neutral,221,0,0,6,0,444082,0,0,5808,8,112,3,1,0,0,0,0,0,2,0,27,0
roster,23,10,2,neutral,201,0,0,6,0,471612,0,0,0,8,85,3,0,0,0,0,1,0,2,0,27,0
roster,23,10,3,neutral,254,0,0,6,0,464446,0,0,0,8,124,3,1,1,2,33315,0,0,1,0,27,0
roster,23,10,4,neutral,211,0,0,6,0,454729,0,0,0,8,113,3,0,0,0,0,0,0,2,0,33,0
roster,23,10,5,neutral,220,0,0,6,0,466769,26000,0,0,8,89,3,1,1,0,46773,0,0,1,0,36,0
roster,23,10,6,neutral,265,0,0,6,0,493174,33000,0,0,8,170,3,0,0,0,0,1,0,1,0,24,0
roster,23,10,7,neutral,226,0,0,6,0,470818,38500,0,0,8,88,3,2,2,2,70225,1,0,2,0,22,0
roster,23,11,0,pvp,565,0,1,0,3,1748418,111500,4000,0,17,85,9,2,2,3,146672,1,0,2,1,0,12
roster,23,11,1,pvp,514,0,0,4,0,1241694,77000,0,0,17,122,8,1,1,0,77946,0,1,2,1,21,0
roster,23,11,2,pvp,568,0,1,0,3,1395923,27500,0,0,18,142,9,0,0,0,0,1,0,2,2,0,18
roster,23,11,3,pvp,506,0,0,2,0,1463401,11000,0,0,17,101,10,3,3,3,182607,0,1,1,2,12,0
roster,23,12,0,pvp,422,0,0,5,0,1218858,165116,5384,8248,17,120,7,2,1,1,88654,1,1,2,1,27,0
roster,23,12,1,pvp,538,0,0,3,0,1625158,52000,0,0,17,184,9,2,2,3,77372,0,0,2,1,12,0
roster,23,12,2,pvp,482,0,1,0,4,1305766,49500,0,0,17,111,8,1,1,1,79984,1,0,2,1,0,18
roster,23,12,3,pvp,497,0,0,4,0,1336017,37204,1296,0,17,170,8,2,2,1,50894,0,1,2,2,24,0
roster,23,13,0,pvp,640,0,0,2,0,1801945,175887,4113,0,17,179,10,2,2,1,68328,1,0,2,1,12,0
roster,23,13,1,pvp,514,0,0,4,0,1446503,88000,0,0,17,133,8,1,1,3,74303,0,1,2,2,21,0
roster,23,13,2,pvp,564,0,0,1,0,1617652,0,0,0,17,145,11,2,2,0,37053,0,0,2,2,9,0
roster,23,13,3,pvp,454,0,1,0,4,1407372,93455,45,3913,8,104,8,3,3,4,166933,1,1,1,2,0,13
roster,23,14,0,pvp,437,0,1,0,2,1650125,38500,0,0,17,141,10,3,2,2,128113,1,0,2,2,0,6
roster,23,14,1,pvp,683,0,0,3,0,1710282,26000,0,0,17,173,9,2,2,2,52222,0,0,2,1,15,0
roster,23,14,2,pvp,499,0,1,0,4,1355169,82500,0,1972,8,85,8,2,2,3,115457,1,1,2,2,0,12
roster,23,14,3,pvp,478,0,0,4,0,1416005,0,0,0,17,131,8,1,1,0,17613,0,0,2,2,27,0
roster,23,15,0,neutral,315,0,0,6,0,626337,44000,0,0,8,175,3,1,1,0,48000,1,0,2,0,30,0
roster,23,15,1,neutral,263,0,0,6,0,589546,0,0,5226,8,121,3,1,1,2,61090,0,0,2,0,27,0
roster,23,15,2,neutral,254,0,0,6,0,645468,33000,0,0,8,108,3,0,0,0,0,1,0,2,0,24,0
roster,23,15,3,neutral,260,0,0,6,0,559621,0,0,0,8,103,3,2,2,2,82872,0,0,2,0,27,0
roster,23,15,4,neutral,344,0,0,6,0,623864,0,0,0,8,187,3,0,0,0,0,0,0,2,0,36,0
roster,23,15,5,neutral,234,0,0,6,0,594523,0,0,0,8,88,3,1,1,1,27294,0,0,1,0,39,0
roster,23,15,6,neutral,280,0,0,5,0,643957,0,0,0,8,93,4,1,1,1,30545,0,0,2,0,19,0
roster,23,15,7,neutral,233,0,0,6,0,585806,71500,0,0,8,145,3,2,2,2,88772,1,0,2,0,21,0
roster,23,16,0,pvp,403,0,0,5,0,1193318,76999,1,0,17,97,7,1,1,1,94955,1,1,2,2,24,0
roster,23,16,1,pvp,900,1,0,2,1,1790771,0,0,0,17,175,9,1,1,1,70569,0,0,2,2,15,9
roster,23,16,2,pvp,361,0,0,4,0,1318047,0,0,10940,17,93,8,3,3,2,145512,0,0,2,2,21,0
roster,23,16,3,pvp,698,0,1,0,2,1711481,16500,0,9072,8,107,10,3,3,4,132576,0,1,1,2,0,6
roster,23,17,0,pvp,455,0,0,5,0,1518486,177203,4297,0,17,158,7,1,1,0,92614,1,0,2,2,33,0
roster,23,17,1,pvp,523,0,0,5,0,1541573,93500,0,14713,17,185,8,3,3,4,135911,0,1,2,2,24,0
roster,23,17,2,pvp,775,0,0,2,0,1832603,186152,848,0,17,82,11,2,2,3,139872,1,0,2,2,9,0
roster,23,17,3,pvp,539,0,1,0,3,1663835,0,0,0,17,153,9,3,3,1,99146,0,0,2,1,0,27
roster,23,18,0,pvp,475,0,0,4,0,1691702,44000,0,0,17,129,9,2,2,2,98675,1,0,2,2,33,0
roster,23,18,1,pvp,452,0,1,0,3,1413826,44000,0,0,17,165,9,3,3,4,175236,1,0,2,2,0,9
roster,23,18,2,pvp,501,0,0,4,0,1577260,27500,0,0,17,151,8,1,1,1,21677,0,1,2,2,24,0
roster,23,18,3,pvp,742,0,1,0,4,1709328,0,0,27168,17,85,9,2,2,0,42000,0,0,1,2,0,18
roster,23,19,0,pvp,388,0,0,4,0,1650193,55000,0,22236,8,94,10,2,2,1,37253,1,0,2,2,33,0
roster,23,19,1,pvp,504,0,0,4,0,1851128,0,0,0,17,173,10,3,3,3,153556,0,0,2,2,21,0
roster,23,19,2,pvp,420,0,1,0,5,1669274,115500,0,9860,8,88,9,3,3,2,110820,1,1,2,2,0,24
roster,23,19,3,pvp,691,0,1,0,3,2221095,0,0,0,17,126,11,2,2,2,86674,0,0,2,2,0,24
roster,23,20,0,neutral,318,0,0,7,0,750439,93500,0,5478,8,177,3,1,0,0,0,1,0,2,0,48,0
roster,23,20,1,neutral,269,0,0,7,0,728370,0,0,0,8,138,3,1,1,0,30545,0,0,2,0,30,0
roster,23,20,2,neutral,281,0,0,7,0,725276,0,0,0,8,129,3,1,1,2,61090,1,0,2,0,27,0
roster,23,20,3,neutral,318,0,0,7,0,770332,0,0,0,8,117,3,2,1,0,30545,0,0,2,0,30,0
roster,23,20,4,neutral,267,0,0,7,0,737400,0,0,0,8,117,3,1,1,0,30545,0,0,2,0,39,0
roster,23,20,5,neutral,257,0,0,7,0,727218,0,0,0,8,93,3,1,1,1,30545,0,0,2,0,48,0
roster,23,20,6,neutral,319,0,0,6,0,793730,0,0,0,8,117,4,1,1,1,30545,0,0,2,0,27,0
roster,23,20,7,neutral,267,0,0,7,0,758489,82500,0,0,8,145,3,2,2,1,88772,1,0,2,0,33,0
roster,23,21,0,pvp,403,0,0,5,0,1814086,248184,4816,23820,8,147,9,3,3,1,181042,1,1,2,2,33,0
roster,23,21,1,pvp,748,0,0,3,0,1750468,0,0,0,17,96,11,2,2,0,59241,0,0,2,2,18,0
roster,23,21,2,pvp,734,0,1,0,2,2015182,60500,0,0,17,169,12,2,2,1,173280,1,0,2,2,0,12
roster,23,21,3,pvp,459,0,0,5,0,1824819,0,0,0,17,87,9,3,3,2,140741,0,0,2,2,24,0
roster,23,22,0,pvp,356,0,0,5,0,1518459,33000,0,5559,8,122,9,2,2,2,98842,1,0,2,2,36,0
roster,23,22,1,pvp,815,0,0,2,0,2071977,0,0,0,17,152,12,2,2,1,65613,0,0,2,2,12,0
roster,23,22,2,pvp,862,0,1,0,1,1932465,148500,0,0,17,92,13,1,1,2,45889,1,0,2,2,0,9
roster,23,22,3,pvp,486,0,0,4,0,1785176,11000,0,2817,17,99,10,4,4,3,191116,0,1,2,2,15,0
roster,23,23,0,pvp,327,0,0,6,0,1501564,187637,4863,8248,8,94,8,2,2,1,116243,1,1,2,2,42,0
roster,23,23,1,pvp,493,0,0,3,0,1864705,22000,0,0,17,102,11,3,3,2,89226,0,1,2,2,12,0
roster,23,23,2,pvp,560,0,0,5,0,1810250,0,0,0,17,162,9,3,3,1,159812,0,0,2,2,24,0
roster,23,23,3,pvp,560,0,0,4,0,1624948,0,0,0,17,92,10,1,1,0,23739,0,0,2,2,36,0
roster,23,24,0,pvp,470,0,0,4,0,1783412,198637,10363,0,17,162,10,2,2,1,126733,1,0,2,2,33,0
roster,23,24,1,pvp,540,0,0,4,0,1726495,170364,136,0,17,92,10,2,2,2,73446,1,0,2,2,15,0
roster,23,24,2,pvp,461,0,0,3,0,1907392,16500,0,7043,17,99,11,4,4,2,192609,0,1,2,2,9,0
roster,23,24,3,pvp,678,0,0,2,0,2061528,0,0,0,17,122,12,1,1,1,70583,0,0,2,2,12,0
roster,23,25,0,neutral,355,0,0,5,0,1766390,44000,0,16365,8,133,6,1,1,2,82500,1,0,2,0,39,0
roster,23,25,1,neutral,598,0,0,3,0,1909970,0,0,2323,8,156,8,1,1,2,83045,0,0,2,0,18,0
roster,23,25,2,neutral,628,0,0,4,0,1860870,116478,4522,0,8,100,7,1,1,1,52500,1,0,2,0,15,0
roster,23,25,3,neutral,398,0,0,6,0,1694263,0,0,0,8,181,6,2,2,1,107863,0,0,2,0,24,0
roster,23,25,4,neutral,631,0,0,3,0,1852482,0,0,0,8,150,8,1,1,1,52500,0,0,2,0,24,0
roster,23,25,5,neutral,589,0,0,3,0,1966898,0,0,0,8,83,8,0,0,0,0,0,0,2,0,21,0
roster,23,25,6,neutral,572,0,0,6,0,1871171,22000,0,0,8,122,6,1,1,0,30545,1,0,2,0,30,0
roster,23,25,7,neutral,524,0,0,4,0,1905411,38500,0,68773,8,133,7,2,2,1,116454,1,0,2,0,21,0
roster,23,26,0,pvp,479,0,0,4,0,1941335,154684,4816,9131,8,163,10,2,2,1,144261,1,1,2,2,30,0
roster,23,26,1,pvp,637,0,1,0,2,2017284,0,0,0,17,143,13,3,3,4,114571,0,0,2,2,0,9
roster,23,26,2,pvp,517,0,1,0,3,1790159,71500,0,0,17,94,11,1,1,2,50961,1,0,2,2,0,21
roster,23,26,3,pvp,639,0,0,3,0,2150314,71500,0,0,17,131,12,2,2,2,83724,0,1,2,2,18,0
roster,23,27,0,pvp,424,0,0,3,0,1886727,5500,0,0,17,77,12,3,3,3,204247,1,0,2,2,21,0
roster,23,27,1,pvp,658,0,0,4,0,2000437,0,0,0,17,91,11,1,1,0,23739,0,0,2,2,18,0
roster,23,27,2,pvp,544,0,1,0,6,1954272,139000,4000,4124,17,153,10,2,2,0,56846,1,0,2,2,0,42
roster,23,27,3,pvp,446,0,1,0,6,1918845,233042,3458,16875,8,69,10,3,3,2,119473,1,1,2,2,0,45
roster,23,28,0,pvp,472,0,1,0,4,2477586,66000,0,0,17,115,12,4,4,2,137006,1,0,2,2,0,51
roster,23,28,1,pvp,534,0,0,6,0,2063247,95543,3457,0,17,136,10,2,2,2,67320,0,1,2,2,21,0
roster,23,28,2,pvp,573,0,1,0,3,2195891,185304,1696,12249,17,119,13,3,3,2,145568,1,0,2,2,0,9
roster,23,28,3,pvp,562,0,1,0,5,1848381,27500,0,0,8,96,10,2,1,2,59639,0,1,2,2,0,39
roster,23,29,0,pvp,474,0,0,6,0,1961782,213435,6565,0,8,114,10,3,3,3,201496,1,0,2,2,39,0
roster,23,29,1,pvp,732,0,0,3,0,2356107,0,0,0,17,121,13,3,3,0,68679,0,0,2,2,21,0
roster,23,29,2,pvp,465,0,0,5,0,2283224,203500,0,0,17,137,11,3,3,2,114705,1,1,2,2,51,0
roster,23,30,0,neutral,380,0,0,6,0,2029045,11000,0,3682,8,75,6,2,2,3,126545,1,0,2,0,39,0
roster,23,30,1,neutral,648,0,0,5,0,2047566,0,0,0,8,125,7,1,1,2,96330,0,0,2,0,27,0
roster,23,30,2,neutral,575,0,0,4,0,2069635,0,0,0,8,175,8,2,2,2,83045,0,0,2,0,18,0
roster,23,30,3,neutral,369,0,0,7,0,1955255,44000,0,0,8,172,5,0,0,0,0,1,0,2,0,60,0
roster,23,30,4,neutral,511,0,0,5,0,2099430,0,0,0,8,58,7,1,1,2,52500,0,0,2,0,36,0
roster,23,30,5,neutral,402,0,0,6,0,2096802,158783,717,0,8,127,6,2,2,3,106690,1,0,2,0,45,0
roster,23,31,0,pvp,553,0,0,3,0,2614067,155591,3909,0,17,102,13,2,2,2,134915,1,1,2,2,18,0
roster,23,31,1,pvp,697,0,1,0,3,2322302,44000,0,9860,17,145,13,3,3,2,133998,0,1,2,2,0,18
roster,23,31,2,pvp,504,0,1,0,2,2206466,0,0,0,17,82,14,3,3,0,117140,0,0,2,2,0,15
roster,23,32,0,pvp,403,0,0,7,0,1959663,66000,0,0,17,115,9,3,3,2,97686,1,0,2,2,45,0
roster,23,32,1,pvp,684,0,0,1,0,2384662,22000,0,0,17,99,15,4,4,6,205399,0,1,2,2,3,0
roster,23,32,2,pvp,493,0,0,6,0,2162909,181500,0,0,17,90,10,1,1,0,97611,1,0,2,2,72,0
roster,23,33,0,pvp,395,0,0,3,0,1989662,33000,0,0,17,94,13,4,4,2,174713,1,0,2,2,21,0
roster,23,33,1,pvp,555,0,1,0,8,2274203,316143,19357,0,18,152,9,1,1,0,24889,0,1,2,2,0,87
roster,23,33,2,pvp,580,0,1,0,4,2223622,55000,0,7100,8,92,12,3,3,3,147658,0,1,2,2,0,21
roster,23,34,0,pvp,377,0,0,5,0,2144539,110000,0,5007,8,145,11,4,4,3,215137,1,1,2,2,33,0
roster,23,34,1,pvp,505,0,0,7,0,1972162,0,0,0,17,83,10,2,2,0,73172,0,0,2,2,30,0
roster,23,34,2,pvp,404,0,1,0,6,1799210,77000,0,0,17,121,10,2,2,2,54106,0,1,2,2,0,72
roster,23,35,0,neutral,505,0,0,5,0,2299316,16500,0,24961,8,75,7,2,2,1,147031,1,0,2,0,33,0
roster,23,35,1,neutral,580,0,0,5,0,2381530,0,0,10065,8,183,8,1,1,1,46773,0,0,2,0,21,0
roster,23,35,2,neutral,694,0,0,2,0,2497039,0,0,0,8,123,10,2,2,1,102137,0,0,2,0,6,0
roster,23,35,3,neutral,496,0,0,5,0,2311414,77000,0,0,8,133,7,0,0,0,0,1,0,2,0,66,0
roster,23,35,4,neutral,527,0,0,4,0,2417521,71500,0,0,8,183,8,2,2,2,88772,1,0,2,0,36,0
roster,23,36,0,ghost,421,0,0,4,0,2089005,33000,0,3522,17,99,12,4,4,2,159142,1,0,2,2,27,0
roster,23,36,1,pvp,531,0,0,5,0,2202718,0,0,12226,17,125,12,3,3,1,85179,0,0,2,2,21,0
roster,23,36,2,pvp,469,0,0,6,0,2347330,220000,0,0,17,143,10,2,2,3,93831,1,1,2,2,45,0
roster,23,37,0,pvp,572,0,0,2,0,2594106,55000,0,5226,17,136,15,3,3,1,187013,1,0,2,2,18,0
roster,23,37,1,pvp,390,0,1,0,6,1917590,71500,0,0,17,137,11,3,3,3,122473,0,1,2,2,0,66
roster,23,38,0,pvp,354,0,0,4,0,1810308,33000,0,0,17,99,12,4,4,2,200475,1,0,2,2,30,0
roster,23,38,1,pvp,506,0,1,0,7,2250487,84543,3457,0,17,172,11,2,2,0,93601,0,1,2,2,0,78
roster,23,39,0,pvp,414,0,1,0,4,2343768,143000,0,0,17,98,13,3,3,2,144850,1,1,2,2,0,51
roster,23,39,1,pvp,444,0,0,8,0,1686584,0,0,0,17,145,9,3,3,1,102767,0,0,2,2,39,0
roster,23,40,0,neutral,464,0,0,4,0,2718879,33000,0,0,8,83,8,2,2,1,78545,1,0,2,0,24,0
roster,23,40,1,neutral,900,1,0,2,1,2898611,0,0,17216,8,164,10,1,1,1,27682,0,0,2,0,12,0
roster,23,40,2,neutral,378,0,0,8,0,2419091,49500,0,0,8,147,5,1,1,0,77318,1,0,2,0,63,0
roster,23,41,0,ghost,594,0,1,0,3,2449279,27500,0,0,17,147,14,3,3,3,236178,0,1,2,2,0,24
roster,23,41,1,pvp,330,0,1,0,8,2313684,225500,0,0,17,113,9,3,3,2,121284,1,1,2,2,0,84
roster,23,42,0,ghost,574,0,0,9,0,2522228,275087,5413,0,17,149,10,2,2,0,49034,1,0,2,2,90,0
roster,23,42,1,pvp,464,0,0,6,0,2589392,22000,0,0,17,102,12,3,3,3,162609,1,0,2,2,42,0
roster,23,43,0,pvp,496,0,1,0,4,2806072,280500,0,0,17,150,14,3,3,1,92067,1,1,2,2,0,39
roster,23,44,0,pvp,472,0,1,0,7,2656322,215936,4064,0,17,150,11,3,3,1,152956,1,1,2,2,0,78
roster,23,45,0,neutral,674,0,0,3,0,3060422,27500,0,64600,8,83,10,2,2,3,117545,1,0,2,0,15,0
roster,23,45,1,neutral,499,0,0,6,0,2961248,38500,0,0,8,131,7,1,1,1,30545,1,0,2,0,72,0
roster,24,1,0,neutral,55,0,0,4,0,22826,0,0,0,17,55,1,1,0,0,0,0,0,2,0,6,0
roster,24,1,1,neutral,60,0,0,4,0,21000,0,0,0,17,60,1,1,0,0,0,0,0,2,0,4,0
roster,24,1,2,neutral,56,0,0,3,0,21000,0,0,0,17,56,1,1,1,1,13364,0,0,1,0,5,0
roster,24,1,3,neutral,60,0,0,4,0,21000,0,0,0,18,60,1,0,0,0,0,0,0,2,0,4,0
roster,24,1,4,neutral,83,0,0,4,0,24818,0,0,0,18,83,1,0,0,0,0,0,0,1,0,6,0
roster,24,1,5,neutral,60,0,0,4,0,22556,0,0,0,21,60,1,0,0,0,0,0,0,2,0,4,0
roster,24,1,6,neutral,56,0,0,4,0,22556,0,0,0,17,56,1,1,1,1,7927,0,0,1,0,5,0
roster,24,1,7,neutral,83,0,0,4,0,24818,1909,1591,0,17,83,1,1,0,0,0,2,0,2,0,6,0
roster,24,2,0,neutral,104,0,0,4,0,46305,0,0,0,17,55,2,1,0,0,0,0,0,2,0,6,0
roster,24,2,1,neutral,117,0,0,4,0,47296,0,0,0,17,56,2,2,1,1,16000,0,0,2,0,4,0
roster,24,2,2,neutral,84,0,0,4,0,45222,0,0,0,17,40,2,1,1,1,21000,0,0,1,0,6,0
roster,24,2,3,neutral,167,0,0,4,0,55436,0,0,0,18,94,2,0,0,0,0,0,0,2,0,7,0
roster,24,2,4,neutral,162,0,0,4,0,52546,0,0,0,18,89,2,0,0,0,0,0,0,2,0,7,0
roster,24,2,5,neutral,156,0,0,4,0,51444,0,0,0,17,64,2,1,1,0,17136,1,0,1,0,5,0
roster,24,2,6,neutral,162,0,0,4,0,54556,0,0,0,18,102,2,0,0,0,0,0,0,2,0,6,0
roster,24,2,7,neutral,116,0,0,4,0,48740,0,0,0,17,56,2,1,1,0,6054,1,0,1,0,10,0
roster,24,3,0,neutral,94,0,0,5,0,76826,0,0,0,17,70,3,1,1,1,18000,0,0,2,0,9,0
roster,24,3,1,neutral,113,0,0,5,0,76852,0,0,0,17,49,3,1,1,1,27682,0,0,2,0,11,0
roster,24,3,2,neutral,150,0,0,5,0,82566,0,0,0,17,49,3,1,1,0,24818,0,0,1,0,9,0
roster,24,3,3,neutral,150,0,0,5,0,83148,0,0,0,17,69,3,1,1,1,17136,0,0,2,0,10,0
roster,24,3,4,neutral,151,0,0,5,0,84704,0,0,0,18,73,3,0,0,0,0,0,0,1,0,14,0
roster,24,3,5,neutral,141,0,0,5,0,83870,3500,0,0,17,47,3,1,1,0,15364,1,0,1,0,10,0
roster,24,3,6,neutral,170,0,0,5,0,83889,0,0,0,18,72,3,0,0,0,0,1,0,2,0,14,0
roster,24,3,7,neutral,131,0,0,5,0,81815,12741,9259,0,17,56,3,1,1,0,13054,1,0,1,0,13,0
roster,24,4,0,pvp,526,0,1,0,3,782338,109955,45,0,18,121,7,0,0,0,0,0,1,2,1,0,10
roster,24,4,1,pvp,330,0,0,5,0,739103,0,0,18081,17,89,5,1,1,1,79984,0,0,2,1,15,0
roster,24,4,2,pvp,781,0,1,0,1,974816,99000,0,0,17,137,9,1,1,2,77845,0,1,1,2,0,6
roster,24,4,3,pvp,464,0,0,3,0,983539,81500,0,0,17,160,7,2,2,2,58456,0,2,1,2,6,0
roster,24,5,0,neutral,190,0,0,5,0,314785,0,0,0,18,72,3,0,0,0,0,0,0,2,0,15,0
roster,24,5,1,neutral,201,0,0,5,0,331478,0,0,0,8,115,3,1,1,1,52909,0,0,2,0,21,0
roster,24,5,2,neutral,191,0,0,5,0,339130,14000,0,0,8,83,3,1,1,0,30545,1,0,1,0,11,0
roster,24,5,3,neutral,188,0,0,5,0,345552,0,0,0,8,160,3,1,1,2,30727,0,0,1,0,12,0
roster,24,5,4,neutral,238,0,0,5,0,343532,0,0,0,8,132,3,0,0,0,0,0,0,1,0,14,0
roster,24,5,5,neutral,260,0,0,5,0,358643,33000,0,0,8,113,3,0,0,0,0,1,0,2,0,16,0
roster,24,5,6,neutral,170,0,0,5,0,322731,22000,0,0,8,89,3,1,1,1,30545,1,0,2,0,21,0
roster,24,5,7,neutral,246,0,0,5,0,352588,57500,0,0,8,133,3,0,0,0,0,2,0,2,0,16,0
roster,24,6,0,pvp,437,0,1,0,4,859015,149108,4892,0,18,160,6,0,0,0,0,0,2,2,2,0,18
roster,24,6,1,pvp,415,0,0,4,0,892733,0,0,0,17,149,6,1,1,2,92048,0,0,1,1,12,0
roster,24,6,2,pvp,531,0,1,0,4,1068441,99000,0,3913,17,106,6,2,2,3,94365,1,1,1,1,0,18
roster,24,6,3,pvp,325,0,1,0,4,758173,22000,0,0,17,89,6,1,1,1,27682,0,1,1,2,0,15
roster,24,7,0,pvp,358,0,0,3,0,817670,11000,0,1565,17,123,7,1,0,0,0,0,1,2,1,12,0
roster,24,7,1,pvp,515,0,0,3,0,1198609,80109,2391,0,17,182,7,1,1,1,107947,0,2,2,2,15,0
roster,24,7,2,pvp,771,0,0,1,0,1273681,39218,4782,0,17,161,9,2,2,1,67705,0,1,1,2,4,0
roster,24,7,3,pvp,406,0,1,0,4,1049140,87864,136,0,8,89,6,1,1,2,51545,0,1,1,1,0,18
roster,24,8,0,pvp,447,0,1,0,2,1128749,0,0,0,17,143,8,2,2,1,85138,0,0,1,2,0,6
roster,24,8,1,pvp,573,0,0,5,0,1116499,160640,4360,3913,17,193,5,2,2,2,117024,1,0,1,2,24,0
roster,24,8,2,pvp,606,0,1,0,4,1403432,326318,9182,7826,18,131,6,0,0,0,0,0,2,1,2,0,18
roster,24,8,3,pvp,588,0,1,0,2,1162818,33000,0,0,17,112,8,2,1,0,72172,1,0,1,2,0,6
roster,24,9,0,pvp,590,0,0,3,0,1547500,0,0,3913,17,105,9,2,2,2,83408,0,0,1,1,9,0
roster,24,9,1,pvp,604,0,0,2,0,1728048,110000,0,0,17,115,10,2,2,2,105913,0,1,2,1,12,0
roster,24,9,2,pvp,696,0,1,0,2,1676102,96000,0,51285,17,102,10,1,1,1,86360,2,0,2,2,0,9
roster,24,9,3,pvp,843,0,0,3,0,1933421,603807,17693,29549,18,143,9,2,2,1,51773,1,2,2,2,12,0
roster,24,10,0,neutral,233,0,0,6,0,449190,0,0,0,8,123,3,1,1,1,52500,0,0,1,0,21,0
roster,24,10,1,neutral,226,0,0,6,0,441318,0,0,0,8,93,3,1,1,0,55363,0,0,2,0,30,0
roster,24,10,2,neutral,293,0,0,6,0,469243,72000,0,0,8,149,3,1,1,0,33409,2,0,2,0,26,0
roster,24,10,3,neutral,205,0,0,6,0,460742,0,0,0,8,77,3,1,1,0,27682,0,0,2,0,27,0
roster,24,10,4,neutral,269,0,0,6,0,449811,0,0,11669,8,171,3,0,0,0,0,0,0,2,0,27,0
roster,24,10,5,neutral,184,0,0,6,0,473544,22000,0,0,8,104,3,1,1,1,49637,2,0,2,0,27,0
roster,24,10,6,neutral,225,0,0,6,0,479218,0,0,0,8,106,3,1,1,0,30545,1,0,2,0,24,0
roster,24,10,7,neutral,251,0,0,6,0,480927,77000,0,1957,8,116,3,1,1,0,52500,2,0,2,0,24,0
roster,24,11,0,pvp,565,0,0,4,0,1451772,26000,0,0,17,129,8,1,1,1,27682,0,0,2,2,15,0
roster,24,11,1,pvp,532,0,0,3,0,1443191,51091,3909,3522,17,89,9,2,2,0,97662,0,1,2,2,15,0
roster,24,11,2,pvp,866,0,0,4,0,1975722,571283,28217,18558,17,145,8,2,2,2,189688,1,2,1,2,21,0
roster,24,11,3,pvp,488,0,0,4,0,1382150,73543,3457,0,17,102,8,2,2,2,120440,0,2,2,2,15,0
roster,24,12,0,pvp,491,0,0,2,0,1472666,0,0,0,17,165,10,2,2,3,110143,0,0,2,2,6,0
roster,24,12,1,pvp,650,0,0,4,0,1426593,33000,0,0,17,111,8,1,1,2,67064,0,1,2,2,24,0
roster,24,12,2,pvp,347,0,0,5,0,1294939,0,0,0,17,89,7,2,2,1,88596,0,0,2,2,21,0
roster,24,12,3,pvp,453,0,1,0,5,1425963,276265,9735,0,18,121,7,2,2,1,96056,2,2,2,2,0,30
roster,24,13,0,pvp,592,0,1,0,1,1806451,71500,0,0,17,121,11,2,2,4,139255,0,2,2,2,0,9
roster,24,13,1,pvp,525,0,1,0,1,1554300,0,0,0,17,189,11,2,2,2,132391,0,0,2,2,0,3
roster,24,13,2,pvp,737,0,1,0,4,1662741,224086,6914,0,17,104,8,2,2,0,68537,1,0,2,2,0,24
roster,24,13,3,pvp,737,0,1,0,3,1666597,361511,21989,10355,8,127,9,1,1,0,54106,0,2,2,2,0,15
roster,24,14,0,pvp,466,0,0,3,0,1457944,0,0,0,17,138,9,2,2,2,105879,0,0,2,2,9,0
roster,24,14,1,pvp,766,0,0,2,0,1684131,121887,4613,10452,17,125,10,1,1,0,21677,0,1,2,2,12,0
roster,24,14,2,pvp,900,1,1,2,2,2040724,381543,3457,0,17,87,8,3,2,2,74636,0,2,2,2,12,9
roster,24,14,3,pvp,458,0,1,0,5,1349416,250384,12116,13287,8,119,7,1,1,1,63010,0,2,2,2,0,30
roster,24,15,0,neutral,222,0,0,6,0,600225,0,0,0,8,129,3,1,1,2,52500,0,0,2,0,30,0
roster,24,15,1,neutral,227,0,0,6,0,603557,0,0,0,8,123,3,1,1,1,47317,0,0,2,0,30,0
roster,24,15,2,neutral,382,0,0,6,0,684091,103261,1239,0,8,263,3,0,0,0,0,1,0,2,0,33,0
roster,24,15,3,neutral,241,0,0,6,0,589092,0,0,0,8,129,3,2,2,1,63574,0,0,2,0,30,0
roster,24,15,4,neutral,294,0,0,5,0,647705,26000,0,0,8,113,4,0,0,0,0,0,0,2,0,24,0
roster,24,15,5,neutral,228,0,0,6,0,630903,33000,0,0,8,131,3,1,1,1,49637,2,0,2,0,27,0
roster,24,15,6,neutral,236,0,0,6,0,622159,0,0,0,8,170,3,1,1,1,49636,0,0,2,0,21,0
roster,24,15,7,neutral,229,0,0,6,0,620617,91000,8000,4910,8,164,3,1,1,1,30545,2,0,2,0,33,0
roster,24,16,0,pvp,608,0,0,5,0,1445338,82500,0,7043,17,153,7,1,1,1,41323,0,1,2,2,27,0
roster,24,16,1,pvp,617,0,0,3,0,1688024,198000,0,3913,17,117,9,2,2,1,90208,0,2,2,2,15,0
roster,24,16,2,pvp,641,0,0,2,0,2041761,207130,1870,3913,17,115,10,3,3,0,97594,0,1,2,1,6,0
roster,24,16,3,pvp,445,0,1,0,4,1422524,26000,0,6496,18,164,8,1,1,1,69628,0,0,2,2,0,15
roster,24,17,0,pvp,461,0,0,3,0,1418157,0,0,0,17,85,9,1,1,0,30545,0,0,2,2,21,0
roster,24,17,1,pvp,405,0,1,0,5,1422684,0,0,10910,17,94,7,3,3,1,74329,0,0,2,2,0,33
roster,24,17,2,pvp,756,0,1,0,4,1690270,436697,3303,0,18,83,8,1,1,4,109029,2,2,2,2,0,15
roster,24,17,3,pvp,409,0,1,0,4,1545336,79148,3352,0,17,151,8,2,2,0,47445,0,1,2,1,0,27
roster,24,18,0,pvp,513,0,0,3,0,1518860,0,0,3375,17,145,9,2,2,1,78589,0,0,2,2,21,0
roster,24,18,1,pvp,547,0,1,0,4,1554714,141166,7334,0,18,178,8,1,1,1,49148,2,0,2,2,0,12
roster,24,18,2,pvp,383,0,0,6,0,1223038,0,0,8599,17,83,7,2,2,0,72263,0,0,2,2,39,0
roster,24,18,3,pvp,462,0,1,0,4,1455986,175152,848,0,17,113,8,2,2,4,140795,2,1,2,1,0,24
roster,24,19,0,pvp,494,0,0,4,0,1715035,165000,0,0,17,131,10,2,2,1,79298,0,2,2,2,21,0
roster,24,19,1,pvp,526,0,1,0,4,1897412,259365,4635,3944,17,109,10,2,2,2,91406,0,2,2,2,0,30
roster,24,19,2,pvp,840,0,1,0,3,2347352,595844,24156,1972,18,117,11,0,0,0,0,2,0,2,2,0,12
roster,24,19,3,pvp,505,0,0,4,0,1789110,0,0,12912,17,112,10,3,3,1,100493,0,0,2,2,27,0
roster,24,20,0,neutral,277,0,0,6,0,751750,0,0,6999,8,148,4,1,1,1,33409,0,0,2,0,30,0
roster,24,20,1,neutral,237,0,0,7,0,741686,0,0,4666,8,117,3,1,1,0,33409,0,0,2,0,33,0
roster,24,20,2,neutral,386,0,0,7,0,804863,127460,4540,0,8,108,3,0,0,0,0,2,0,2,0,39,0
roster,24,20,3,neutral,242,0,0,7,0,733748,0,0,0,8,88,3,2,2,1,80128,0,0,2,0,42,0
roster,24,20,4,neutral,308,0,0,6,0,795588,26000,0,11452,8,175,4,0,0,0,0,0,0,2,0,27,0
roster,24,20,5,neutral,265,0,0,7,0,795474,121000,0,8589,8,162,3,1,1,1,30545,2,0,2,0,30,0
roster,24,20,6,neutral,268,0,0,7,0,735763,0,0,8217,8,113,3,1,1,1,61090,0,0,2,0,24,0
roster,24,20,7,neutral,218,0,0,7,0,739739,82500,0,5726,8,113,3,1,1,1,27682,2,0,2,0,42,0
roster,24,21,0,pvp,453,0,1,0,5,1773187,0,0,6261,17,105,9,3,3,1,86735,0,0,2,2,0,36
roster,24,21,1,pvp,460,0,0,4,0,1638663,0,0,3913,17,83,10,1,1,1,54284,0,0,2,2,18,0
roster,24,21,2,pvp,454,0,1,0,6,1562249,338093,8407,10310,18,181,8,1,1,2,46844,2,2,2,2,0,39
roster,24,21,3,pvp,560,0,1,0,3,1792575,143000,0,7012,18,94,11,2,2,3,89196,2,0,2,2,0,12
roster,24,22,0,pvp,570,0,0,6,0,1819758,269500,0,0,17,213,8,1,1,1,52179,0,2,2,2,30,0
roster,24,22,1,pvp,387,0,1,0,6,1623418,0,0,0,17,117,8,3,3,1,143183,0,0,2,2,0,33
roster,24,22,2,pvp,900,1,0,1,1,1909705,0,0,9670,17,94,12,1,1,0,27682,0,0,2,2,3,3
roster,24,22,3,pvp,465,0,1,0,5,1646783,299825,19175,1972,18,133,9,2,2,3,91528,2,2,2,2,0,30
roster,24,23,0,pvp,606,0,1,0,1,1872297,0,0,0,17,125,13,2,2,2,99560,0,0,2,2,0,3
roster,24,23,1,pvp,668,0,1,0,2,1911013,0,0,29518,17,73,12,1,1,1,30545,0,0,2,2,0,6
roster,24,23,2,pvp,794,0,1,0,4,2071368,520113,7887,0,18,171,10,1,1,2,96743,2,2,2,2,0,21
roster,24,23,3,pvp,602,0,0,5,0,1621283,148500,0,8930,17,87,9,3,2,1,77375,0,2,2,2,36,0
roster,24,24,0,pvp,591,0,1,0,2,2027078,144295,4205,0,17,125,13,2,2,1,60825,0,2,2,2,0,15
roster,24,24,1,pvp,459,0,1,0,3,1761993,0,0,12678,17,125,11,2,2,2,73840,0,0,2,2,0,12
roster,24,24,2,pvp,720,0,1,0,5,1907263,383260,7240,0,17,113,9,2,2,1,51367,2,0,2,2,0,36
roster,24,24,3,pvp,616,0,0,4,0,1862601,170364,136,0,8,83,10,1,1,1,30545,0,2,2,2,21,0
roster,24,25,0,neutral,461,0,0,6,0,1702025,0,0,0,8,156,6,1,1,0,33409,0,0,2,0,27,0
roster,24,25,1,neutral,534,0,0,4,0,1814139,0,0,9390,8,133,7,1,1,1,55363,0,0,2,0,18,0
roster,24,25,2,neutral,900,1,0,2,1,1861906,181092,408,0,8,123,8,0,0,0,0,2,0,2,0,15,0
roster,24,25,3,neutral,425,0,0,6,0,1685652,0,0,0,8,209,5,2,2,3,108188,0,0,2,0,33,0
roster,24,25,4,neutral,641,0,0,4,0,1941715,26000,0,0,8,83,7,0,0,0,0,0,0,2,0,18,0
roster,24,25,5,neutral,633,0,1,0,4,1745126,92500,1000,0,8,108,7,1,1,0,30545,2,0,2,0,0,0
roster,24,25,6,neutral,559,0,0,4,0,1800036,0,0,0,8,108,7,1,1,2,80182,0,0,2,0,15,0
roster,24,25,7,neutral,444,0,0,6,0,1806996,160695,4305,5902,8,139,5,1,1,1,30545,2,0,2,0,39,0
roster,24,26,0,pvp,389,0,0,7,0,1674865,0,0,14750,17,113,8,2,2,2,75940,0,0,2,2,33,0
roster,24,26,1,pvp,900,1,1,3,4,2087672,693507,10493,11832,17,127,7,1,1,0,26478,2,2,2,2,18,15
roster,24,26,2,pvp,456,0,0,5,0,1818153,0,0,36897,17,69,10,2,2,2,77389,0,0,2,2,30,0
roster,24,26,3,pvp,441,0,1,0,6,1809868,266318,3182,0,17,109,9,2,2,1,87923,0,2,2,2,0,39
roster,24,27,0,pvp,536,0,0,5,0,1976401,0,0,50569,17,89,11,1,1,0,50767,0,0,2,2,27,0
roster,24,27,1,pvp,500,0,0,5,0,1830852,137500,0,3913,17,103,11,2,2,2,79780,0,2,3,2,27,0
roster,24,27,2,pvp,883,0,1,0,4,2314719,489709,10791,0,17,171,11,1,1,0,30545,2,0,2,2,0,12
roster,24,27,3,pvp,621,0,0,4,0,2426093,220000,0,6496,17,125,12,3,3,0,131669,0,2,2,2,24,0
roster,24,28,0,ghost,496,0,1,0,3,2133561,0,0,0,17,121,13,3,3,1,76811,0,0,2,2,0,21
roster,24,28,1,pvp,440,0,1,0,6,1720828,0,0,0,17,102,10,3,3,2,145591,0,0,3,2,0,36
roster,24,28,2,pvp,450,0,1,0,7,1858088,236984,10516,0,8,89,9,1,1,2,51421,0,2,2,2,0,42
roster,24,28,3,pvp,600,0,1,0,4,2070001,235086,6914,3913,17,104,12,2,1,3,78957,2,0,2,2,0,12
roster,24,29,0,ghost,359,0,1,0,8,1736623,0,0,0,17,100,8,3,3,0,82173,0,0,2,2,0,48
roster,24,29,1,pvp,484,0,0,5,0,1840076,176000,0,24533,17,93,11,2,2,1,106692,0,2,2,2,27,0
roster,24,29,2,pvp,543,0,1,0,5,1900534,290882,11618,0,17,113,11,2,2,0,51367,0,2,3,2,0,33
roster,24,29,3,pvp,471,0,0,6,0,1860486,0,0,0,17,69,10,2,2,2,118289,0,0,2,2,36,0
roster,24,30,0,neutral,694,0,0,3,0,2236968,0,0,0,8,123,9,1,1,1,33409,0,0,2,0,9,0
roster,24,30,1,neutral,476,0,0,4,0,2062503,0,0,0,8,106,8,1,1,1,52500,0,0,2,0,18,0
roster,24,30,2,neutral,509,0,0,5,0,2126488,0,0,15678,8,100,7,2,2,1,52500,0,0,2,0,33,0
roster,24,30,3,neutral,708,0,1,0,3,2265905,121000,0,0,8,83,9,1,1,1,27682,2,0,2,0,0,0
roster,24,30,4,neutral,538,0,0,4,0,2084477,0,0,0,8,106,8,1,1,1,85909,0,0,2,0,15,0
roster,24,30,5,neutral,586,0,0,5,0,2220709,126500,0,3522,8,170,7,1,1,0,52500,2,0,2,0,30,0
roster,24,31,0,pvp,457,0,0,5,0,1895518,0,0,6034,17,112,11,2,2,2,75940,0,0,2,2,27,0
roster,24,31,1,pvp,514,0,0,7,0,2041577,328870,1130,18028,17,89,9,3,3,3,86549,0,2,2,2,45,0
roster,24,31,2,pvp,521,0,1,0,6,2050665,426096,13904,0,17,127,10,2,2,0,74329,0,2,2,2,0,39
roster,24,32,0,ghost,556,0,0,4,0,2055924,187000,0,0,17,125,12,2,2,2,94819,2,0,2,2,24,0
roster,24,32,1,pvp,498,0,1,0,6,2114410,0,0,51753,17,122,10,3,3,2,98899,0,0,2,2,0,42
roster,24,32,2,pvp,509,0,0,4,0,1914672,0,0,3913,17,94,12,2,2,0,99251,0,0,2,2,24,0
roster,24,33,0,ghost,708,0,0,2,0,2492789,258500,0,11681,17,77,14,3,3,1,73956,0,2,2,2,18,0
roster,24,33,1,pvp,563,0,0,6,0,1966377,0,0,17348,17,110,10,2,2,2,54444,0,0,2,2,30,0
roster,24,33,2,pvp,475,0,1,0,4,1945442,245238,13262,3913,17,89,12,2,2,0,51367,0,2,2,2,0,24
roster,24,34,0,ghost,648,0,0,3,0,2047402,0,0,0,17,104,13,2,2,2,68850,0,0,2,2,9,0
roster,24,34,1,pvp,603,0,1,0,3,2249685,274152,848,0,17,165,13,2,2,1,54513,0,2,2,2,0,21
roster,24,34,2,pvp,539,0,0,5,0,1892686,0,0,18811,17,95,11,3,3,1,129651,0,0,2,2,39,0
roster,24,35,0,neutral,564,0,0,4,0,2387895,0,0,31660,8,106,9,1,1,1,33409,0,0,2,0,27,0
roster,24,35,1,neutral,583,0,0,2,0,2499040,0,0,21258,8,123,10,1,1,2,78362,0,0,2,0,6,0
roster,24,35,2,neutral,556,0,0,6,0,2206605,0,0,0,8,100,6,2,2,1,61090,0,0,2,0,36,0
roster,24,35,3,neutral,823,0,0,1,0,2592300,0,0,0,8,133,11,1,1,1,49636,0,0,2,0,3,0
roster,24,35,4,neutral,515,0,0,5,0,2481225,306172,1828,0,8,83,7,1,1,1,30545,2,0,2,0,33,0
roster,24,36,0,ghost,491,0,0,5,0,1974815,150543,3457,11472,17,164,11,2,2,2,54513,2,0,2,2,33,0
roster,24,36,1,pvp,561,0,0,4,0,2164962,0,0,0,17,89,14,2,2,0,86529,0,0,2,2,21,0
roster,24,36,2,pvp,458,0,1,0,6,1964179,0,0,19741,17,109,10,3,2,2,75512,0,0,2,2,0,36
roster,24,37,0,ghost,457,0,1,0,7,2077870,0,0,2090,17,123,11,3,3,3,116098,0,0,2,2,0,47
roster,24,37,1,pvp,572,0,0,5,0,2622747,231000,0,14419,17,123,13,3,3,3,140755,0,2,2,2,29,0
roster,24,38,0,ghost,569,0,0,5,0,2420203,0,0,19899,17,89,13,3,3,2,79455,0,0,2,2,39,0
roster,24,38,1,pvp,816,0,0,1,0,2791200,302500,0,0,17,105,17,2,2,1,136361,0,2,2,2,12,0
roster,24,39,0,ghost,625,0,1,0,4,2524112,325285,10215,3360,17,116,14,2,2,2,112342,0,2,2,2,0,18
roster,24,39,1,pvp,860,0,0,3,0,3111322,455370,1130,0,17,140,15,3,3,1,76695,0,2,2,2,17,0
roster,24,40,0,neutral,803,0,0,1,0,2933217,0,0,0,8,100,12,1,1,0,30545,0,0,2,0,12,0
roster,24,40,1,neutral,851,0,0,3,0,2939422,0,0,19158,8,81,10,2,2,0,52500,0,0,2,0,21,0
roster,24,40,2,neutral,598,0,0,5,0,2763867,154000,0,0,8,158,8,1,1,0,46773,2,0,2,0,30,0
roster,24,41,0,ghost,510,0,0,6,0,2047206,0,0,1463,17,97,12,3,3,4,105812,0,0,2,2,38,0
roster,24,41,1,pvp,551,0,1,0,4,2415570,349259,19241,33893,17,125,14,2,2,2,71599,0,2,2,2,0,24
roster,24,42,0,ghost,602,0,1,0,4,2712374,279370,1130,0,17,144,14,3,3,3,113394,2,0,2,2,0,24
roster,24,42,1,pvp,488,0,1,0,6,2146754,0,0,11349,17,93,12,3,3,1,110165,0,0,2,2,0,38
roster,24,43,0,pvp,866,0,0,2,0,3195523,430636,14864,11228,17,96,16,3,3,1,78023,0,2,2,2,14,0
roster,24,44,0,pvp,745,0,1,0,3,3014814,356370,1130,0,17,96,15,3,3,0,73956,0,2,2,2,0,21
roster,24,45,0,neutral,639,0,0,4,0,3062128,0,0,0,8,233,9,2,2,1,105000,0,0,2,0,30,0
roster,24,45,1,neutral,783,0,1,0,2,3238580,169370,1130,4426,8,133,11,1,1,0,46773,2,0,2,0,0,0
roster,25,1,0,neutral,60,0,0,4,0,21000,0,0,0,18,60,1,0,0,0,0,0,0,1,0,5,0
roster,25,1,1,neutral,64,0,0,4,0,22909,0,0,0,18,64,1,0,0,0,0,0,0,2,0,4,0
roster,25,1,2,neutral,64,0,0,4,0,22909,0,0,0,21,64,1,0,0,0,0,0,0,2,0,6,0
roster,25,1,3,neutral,56,0,0,4,0,22909,0,0,0,17,56,1,1,1,1,9546,0,0,1,0,5,0
roster,25,1,4,neutral,73,0,0,4,0,22556,0,0,0,18,73,1,0,0,0,0,0,0,2,0,4,0
roster,25,1,5,neutral,56,0,0,4,0,22556,0,0,0,17,56,1,2,1,1,16000,0,0,2,0,4,0
roster,25,1,6,neutral,72,0,0,4,0,21000,0,0,0,18,72,1,0,0,0,0,0,0,2,0,6,0
roster,25,1,7,neutral,49,0,0,4,0,21000,0,0,0,17,49,1,2,1,1,17136,0,0,2,0,4,0
roster,25,2,0,neutral,72,0,0,4,0,45696,0,0,0,17,60,2,1,1,1,18000,0,0,1,0,7,0
roster,25,2,1,neutral,116,0,0,4,0,48740,0,0,0,18,55,2,0,0,0,0,0,0,2,0,7,0
roster,25,2,2,neutral,129,0,0,4,0,52998,0,0,0,18,89,2,0,0,0,0,0,0,1,0,8,0
roster,25,2,3,neutral,113,0,0,4,0,48852,0,0,0,17,72,2,1,1,1,16000,0,0,1,0,8,0
roster,25,2,4,neutral,129,0,0,4,0,52998,0,0,0,18,84,2,0,0,0,0,0,0,1,0,8,0
roster,25,2,5,neutral,131,0,0,4,0,50926,7000,0,0,17,56,2,1,1,0,12182,1,0,1,0,6,0
roster,25,2,6,neutral,131,0,0,4,0,49370,0,0,0,18,64,2,0,0,0,0,0,0,2,0,6,0
roster,25,2,7,neutral,94,0,0,4,0,43870,0,0,0,17,49,2,2,1,1,17136,0,0,2,0,4,0
roster,25,3,0,neutral,97,0,0,5,0,78391,0,0,0,17,60,3,1,1,1,18000,0,0,2,0,9,0
roster,25,3,1,neutral,116,0,0,5,0,81696,0,0,0,18,60,3,0,0,0,0,0,0,2,0,13,0
roster,25,3,2,neutral,151,0,0,5,0,82925,0,0,0,18,73,3,0,0,0,0,0,0,2,0,15,0
roster,25,3,3,neutral,111,0,0,5,0,76629,0,0,0,17,44,3,1,1,1,17136,0,0,1,0,10,0
roster,25,3,4,neutral,162,0,0,5,0,82110,0,0,0,18,72,3,0,0,0,0,0,0,1,0,10,0
roster,25,3,5,neutral,133,0,0,5,0,81592,10444,56,0,17,65,3,2,2,2,29382,1,0,2,0,9,0
roster,25,3,6,neutral,133,0,0,5,0,82566,0,0,0,17,49,3,1,1,1,27682,0,0,2,0,11,0
roster,25,3,7,neutral,136,0,0,5,0,83148,0,0,0,17,73,3,1,1,1,18000,0,0,2,0,10,0
roster,25,4,0,pvp,349,0,1,0,4,674767,0,0,0,17,76,6,2,1,2,36174,0,0,2,1,0,12
roster,25,4,1,pvp,361,0,1,0,4,697218,52000,0,0,17,89,6,1,1,1,28000,0,0,2,1,0,14
roster,25,4,2,pvp,395,0,0,5,0,715833,38500,0,7500,17,127,5,1,1,1,61245,0,1,1,1,12,0
roster,25,4,3,pvp,354,0,1,0,4,701809,0,0,5283,17,139,6,1,1,3,63285,0,0,1,1,0,15
roster,25,5,0,neutral,218,0,0,4,0,333500,0,0,0,8,129,4,1,1,0,30545,0,0,1,0,12,0
roster,25,5,1,neutral,195,0,0,5,0,339130,0,0,0,8,76,3,0,0,0,0,0,0,1,0,17,0
roster,25,5,2,neutral,222,0,0,5,0,333335,26000,0,0,8,113,3,0,0,0,0,0,0,1,0,18,0
roster,25,5,3,neutral,172,0,0,5,0,322173,0,0,0,8,104,3,1,1,2,58227,0,0,2,0,14,0
roster,25,5,4,neutral,237,0,0,5,0,358262,0,0,0,8,144,3,0,0,0,0,0,0,1,0,20,0
roster,25,5,5,neutral,296,0,0,5,0,358642,28000,0,2322,8,122,3,0,0,0,0,1,0,1,0,13,0
roster,25,5,6,neutral,180,0,0,5,0,321739,0,0,0,8,85,3,1,1,0,30545,0,0,1,0,17,0
roster,25,5,7,neutral,221,0,0,5,0,342218,26000,0,0,8,126,3,1,1,1,30545,0,0,1,0,21,0
roster,25,6,0,pvp,777,0,1,0,3,1057521,210500,500,0,8,89,7,1,1,1,28000,0,1,1,1,0,11
roster,25,6,1,pvp,330,0,1,0,4,877878,26000,0,3913,17,126,6,1,1,0,47478,0,0,1,1,0,21
roster,25,6,2,pvp,352,0,0,4,0,751362,0,0,0,17,125,6,1,1,0,50217,0,0,2,1,11,0
roster,25,6,3,pvp,378,0,0,2,0,953749,0,0,0,17,72,8,2,2,2,78217,0,0,1,1,6,0
roster,25,7,0,pvp,383,0,1,0,4,974140,26000,0,0,17,113,6,2,2,3,91846,0,0,2,1,0,21
roster,25,7,1,pvp,398,0,1,0,3,864769,11000,0,9490,17,116,7,1,1,2,70468,0,1,1,1,0,9
roster,25,7,2,pvp,643,0,0,4,0,1076513,215718,282,0,17,108,6,1,1,0,23739,1,0,1,1,23,0
roster,25,7,3,pvp,395,0,0,1,0,998178,0,0,0,17,99,9,2,1,0,37730,0,0,2,1,3,0
roster,25,8,0,pvp,461,0,1,0,1,1039300,0,0,0,17,88,9,2,2,1,54160,0,0,2,1,0,4
roster,25,8,1,pvp,824,0,0,1,0,1168576,0,0,0,17,85,9,2,2,1,52956,0,0,2,1,6,0
roster,25,8,2,pvp,476,0,1,0,4,1027896,147543,3457,27803,17,161,6,1,1,0,50899,1,1,1,1,0,12
roster,25,8,3,pvp,383,0,1,0,3,892353,0,0,0,17,167,7,2,2,0,105912,0,0,2,1,0,18
roster,25,9,0,pvp,359,0,0,4,0,984744,0,0,0,8,70,8,3,3,2,77343,0,0,2,2,12,0
roster,25,9,1,pvp,718,0,0,3,0,1313041,115000,0,0,8,94,9,1,1,2,48541,0,2,2,2,12,0
roster,25,9,2,pvp,688,0,1,0,4,1303868,93500,0,0,17,125,8,2,2,1,46830,0,1,1,1,0,21
roster,25,9,3,pvp,500,0,1,0,2,1397629,78000,0,0,17,123,10,2,2,3,73517,0,0,1,1,0,15
roster,25,10,0,neutral,197,0,0,6,0,456499,0,0,0,8,121,3,2,2,0,61090,0,0,2,0,18,0
roster,25,10,1,neutral,211,0,0,6,0,466176,0,0,0,8,108,3,1,1,0,30545,0,0,2,0,20,0
roster,25,10,2,neutral,207,0,0,6,0,442897,51010,14490,0,8,94,3,0,0,0,0,2,0,2,0,35,0
roster,25,10,3,neutral,194,0,0,6,0,466176,0,0,0,8,94,3,1,1,1,27682,0,0,2,0,18,0
roster,25,10,4,neutral,229,0,0,6,0,475960,0,0,0,8,89,3,1,1,0,24818,0,0,1,0,23,0
roster,25,10,5,neutral,245,0,0,6,0,451096,38500,0,0,8,97,3,1,1,0,30545,1,0,1,0,27,0
roster,25,10,6,neutral,223,0,0,6,0,458911,0,0,0,8,129,3,1,1,1,58227,0,0,2,0,21,0
roster,25,10,7,neutral,213,0,0,6,0,464464,26000,0,0,8,102,3,1,1,0,27682,0,0,1,0,30,0
roster,25,11,0,pvp,727,0,0,1,0,1751125,49500,0,0,17,147,11,3,3,2,82318,0,1,2,1,3,0
roster,25,11,1,pvp,517,0,0,2,0,1217582,0,0,0,17,65,10,2,2,2,55695,0,0,2,2,9,0
roster,25,11,2,pvp,393,0,1,0,4,1277766,97115,885,0,8,145,8,2,2,1,65531,2,0,2,2,0,15
roster,25,11,3,pvp,495,0,1,0,3,1291496,55000,0,0,17,124,9,2,2,2,103475,0,1,1,1,0,13
roster,25,12,0,pvp,363,0,0,4,0,1164461,0,0,0,17,72,8,3,3,2,134620,0,0,2,1,15,0
roster,25,12,1,pvp,399,0,1,0,3,1192110,0,0,0,17,107,9,2,2,1,128062,0,0,2,1,0,12
roster,25,12,2,pvp,383,0,0,5,0,1212421,140500,1000,2583,8,85,7,2,2,0,75019,1,0,2,2,30,0
roster,25,12,3,pvp,504,0,0,4,0,1576359,181500,0,0,17,171,8,3,3,4,135781,1,0,1,2,21,0
roster,25,13,0,pvp,416,0,0,3,0,1287989,0,0,0,17,113,9,3,3,2,152528,0,0,2,2,9,0
roster,25,13,1,pvp,512,0,1,0,3,1537748,136000,0,3913,17,109,9,2,2,1,85975,1,0,2,1,0,18
roster,25,13,2,pvp,389,0,1,0,4,1143336,0,0,2583,17,104,8,3,3,2,118215,0,0,2,2,0,21
roster,25,13,3,pvp,593,0,1,0,5,1313747,165839,4661,0,17,117,7,2,2,0,98375,0,1,1,2,0,24
roster,25,14,0,pvp,424,0,1,0,4,1397214,0,0,0,17,125,8,4,4,2,156096,0,0,2,2,0,15
roster,25,14,1,pvp,797,0,0,1,0,1452650,0,0,2442,17,83,11,2,2,1,76695,0,0,1,2,9,0
roster,25,14,2,pvp,546,0,1,0,6,1398357,295842,3658,0,17,121,6,1,1,1,49637,2,1,2,2,0,27
roster,25,14,3,pvp,352,0,1,0,5,1237850,0,0,0,17,118,7,2,1,1,79173,0,0,1,2,0,24
roster,25,15,0,neutral,190,0,0,6,0,611336,0,0,0,8,177,3,2,2,1,56565,0,0,2,0,21,0
roster,25,15,1,neutral,219,0,0,6,0,608870,0,0,0,8,105,3,1,1,2,58227,0,0,2,0,30,0
roster,25,15,2,neutral,293,0,0,6,0,663682,157592,408,0,8,133,3,0,0,0,0,2,0,2,0,45,0
roster,25,15,3,neutral,262,0,0,5,0,622044,0,0,0,8,88,4,1,1,1,3765,0,0,2,0,18,0
roster,25,15,4,neutral,249,0,0,6,0,626628,0,0,0,8,121,3,1,1,0,24818,0,0,1,0,21,0
roster,25,15,5,neutral,420,0,0,6,0,647416,22000,0,3484,8,333,3,1,1,2,58227,1,0,2,0,27,0
roster,25,15,6,neutral,263,0,0,6,0,610226,0,0,0,8,151,3,1,1,1,58227,0,0,2,0,27,0
roster,25,15,7,neutral,185,0,0,6,0,591468,0,0,4696,8,93,3,2,2,1,96410,0,0,2,0,27,0
roster,25,16,0,pvp,396,0,0,4,0,1265718,0,0,0,17,69,8,3,3,2,124395,0,0,2,1,15,0
roster,25,16,1,pvp,470,0,1,0,3,1558288,0,0,0,17,147,9,2,2,0,54513,0,0,2,2,0,15
roster,25,16,2,pvp,535,0,1,0,4,1515961,140000,0,7044,8,108,9,1,1,0,33409,2,0,2,2,0,15
roster,25,16,3,pvp,536,0,0,3,0,1664011,137500,0,0,17,133,9,3,3,6,224921,1,0,2,2,12,0
roster,25,17,0,pvp,405,0,1,0,3,1435025,0,0,0,17,147,10,3,3,3,126879,0,0,2,2,0,12
roster,25,17,1,pvp,661,0,0,3,0,1617808,215500,0,0,8,83,9,1,1,1,30545,0,2,2,2,21,0
roster,25,17,2,pvp,548,0,1,0,4,1635761,65652,348,2338,17,117,10,2,1,0,76695,0,1,2,2,0,21
roster,25,17,3,pvp,394,0,1,0,3,1353816,0,0,3913,17,69,9,3,3,3,104474,0,0,1,2,0,18
roster,25,18,0,pvp,556,0,1,0,2,1561766,0,0,0,17,88,11,3,3,2,96702,0,0,2,2,0,10
roster,25,18,1,pvp,572,0,1,0,5,1552709,103370,1130,0,17,117,8,2,2,2,69910,0,1,2,2,0,24
roster,25,18,2,pvp,583,0,0,4,0,1551536,242592,408,0,8,93,8,1,1,0,24818,2,0,2,1,30,0
roster,25,18,3,pvp,364,0,0,5,0,1361688,0,0,21132,17,116,8,3,3,2,121897,0,0,2,2,24,0
roster,25,19,0,pvp,578,0,0,4,0,1881158,154000,0,5852,17,189,10,3,3,1,88152,0,1,2,2,21,0
roster,25,19,1,pvp,711,0,0,2,0,1624321,0,0,0,17,69,12,2,1,0,23739,0,0,2,1,15,0
roster,25,19,2,pvp,456,0,1,0,6,1840792,313500,1000,0,8,129,8,2,2,4,147298,2,0,2,2,0,30
roster,25,19,3,pvp,422,0,1,0,4,1622061,0,0,0,17,89,10,2,2,3,134141,0,0,2,2,0,15
roster,25,20,0,neutral,222,0,0,7,0,733768,0,0,0,8,147,3,2,2,2,58227,0,0,2,0,36,0
roster,25,20,1,neutral,265,0,0,7,0,689934,0,0,0,8,83,3,1,1,1,30545,0,0,2,0,32,0
roster,25,20,2,neutral,325,0,0,7,0,812902,199905,2095,0,8,128,3,0,0,0,0,2,0,2,0,48,0
roster,25,20,3,neutral,269,0,0,6,0,769520,0,0,0,8,117,4,1,1,1,58227,0,0,2,0,30,0
roster,25,20,4,neutral,238,0,0,6,0,758998,0,0,0,8,104,4,2,2,0,57710,0,0,2,0,21,0
roster,25,20,5,neutral,343,0,0,7,0,700934,22000,0,2032,8,145,3,1,1,1,80182,1,0,2,0,30,0
roster,25,20,6,neutral,251,0,0,7,0,693852,0,0,0,8,125,3,1,1,0,55363,0,0,2,0,30,0
roster,25,20,7,neutral,277,0,0,7,0,707602,26000,0,2863,8,109,3,2,2,1,58227,0,0,2,0,33,0
roster,25,21,0,pvp,469,0,0,6,0,1593977,183864,136,0,8,121,8,2,2,2,128975,0,2,2,2,30,0
roster,25,21,1,pvp,522,0,1,0,4,1700449,78000,0,6547,17,98,10,3,2,2,68127,0,0,2,2,0,24
roster,25,21,2,pvp,460,0,0,4,0,1540735,0,0,5166,17,82,10,3,3,1,132626,0,0,2,2,24,0
roster,25,21,3,pvp,638,0,0,4,0,1882142,151430,8070,0,17,160,10,2,2,0,49013,1,0,2,2,21,0
roster,25,22,0,pvp,402,0,0,5,0,1521397,0,0,0,17,125,9,3,3,2,134155,0,0,2,2,24,0
roster,25,22,1,pvp,900,1,0,1,1,1840364,0,0,0,17,78,12,3,2,0,50217,0,0,2,2,6,3
roster,25,22,2,pvp,755,0,1,0,3,1923681,276766,10234,14604,8,93,11,1,1,1,57148,2,0,2,2,0,18
roster,25,22,3,pvp,509,0,0,5,0,1760483,273161,2839,22650,17,117,9,3,3,2,155432,1,0,2,2,24,0
roster,25,23,0,pvp,361,0,0,6,0,1406697,0,0,3913,17,85,8,4,4,4,147313,0,0,2,2,27,0
roster,25,23,1,pvp,467,0,1,0,4,1639333,52000,0,0,17,94,10,3,3,3,180362,0,0,2,2,0,21
roster,25,23,2,pvp,598,0,1,0,7,1541311,327242,3758,8748,17,102,7,1,1,2,64192,2,1,2,2,0,30
roster,25,23,3,pvp,394,0,0,4,0,1535260,0,0,0,17,94,11,2,1,3,84913,0,0,2,2,21,0
roster,25,24,0,pvp,462,0,0,5,0,1575203,0,0,6261,17,97,9,3,3,2,145363,0,0,2,2,24,0
roster,25,24,1,pvp,516,0,1,0,4,1891714,332239,5761,0,8,134,10,2,2,5,139930,2,0,2,2,0,18
roster,25,24,2,pvp,430,0,0,5,0,1445017,0,0,0,17,62,10,3,3,3,140169,0,0,2,2,27,0
roster,25,24,3,pvp,469,0,0,5,0,1686537,142864,136,0,17,148,10,2,2,1,70305,1,0,2,2,24,0
roster,25,25,0,neutral,482,0,0,6,0,1738907,0,0,0,8,189,5,2,2,4,166090,0,0,2,0,27,0
roster,25,25,1,neutral,542,0,0,4,0,1791585,0,0,0,8,75,7,1,1,1,80182,0,0,2,0,24,0
roster,25,25,2,neutral,733,0,0,3,0,2118473,281318,182,0,8,125,8,0,0,0,0,2,0,2,0,21,0
roster,25,25,3,neutral,433,0,0,5,0,1813609,0,0,0,8,83,7,1,1,2,43502,0,0,2,0,27,0
roster,25,25,4,neutral,514,0,0,5,0,1818857,0,0,0,8,102,7,2,2,2,80182,0,0,2,0,18,0
roster,25,25,5,neutral,506,0,0,6,0,1719262,31000,2000,0,8,150,6,1,1,1,46773,1,0,2,0,27,0
roster,25,25,6,neutral,445,0,0,6,0,1711956,0,0,0,8,131,6,1,1,1,55364,0,0,2,0,30,0
roster,25,25,7,neutral,446,0,0,5,0,1686953,52000,0,3273,8,97,6,2,2,3,105000,0,0,2,0,27,0
roster,25,26,0,pvp,466,0,0,5,0,1642724,52000,0,0,17,140,9,4,4,2,166185,0,0,2,2,21,0
roster,25,26,1,pvp,448,0,1,0,6,1590668,0,0,0,17,84,9,2,2,1,101608,0,0,2,2,0,27
roster,25,26,2,pvp,559,0,1,0,6,1847270,229706,7794,0,8,89,9,2,2,1,76363,2,0,2,2,0,24
roster,25,26,3,pvp,601,0,1,0,4,2181863,203500,0,55110,17,135,12,2,2,1,79063,0,1,2,2,0,21
roster,25,27,0,pvp,454,0,0,7,0,1559436,123500,0,0,8,145,8,2,2,2,111697,0,2,2,2,30,0
roster,25,27,1,pvp,635,0,1,0,4,1890545,71500,0,0,17,117,12,2,1,2,93927,0,1,2,2,0,21
roster,25,27,2,pvp,590,0,0,4,0,1812992,130000,0,0,17,108,12,3,2,1,100314,0,0,2,2,24,0
roster,25,27,3,pvp,548,0,1,0,2,2047005,0,0,0,17,136,14,3,3,1,94814,0,0,2,2,0,6
roster,25,28,0,pvp,900,1,0,1,1,2479495,227728,3272,17080,17,157,14,3,3,3,84088,0,1,2,2,9,6
roster,25,28,1,pvp,583,0,1,0,3,1737261,0,0,4399,17,65,13,2,2,2,105845,0,0,2,2,0,18
roster,25,28,2,pvp,508,0,0,4,0,1929865,71701,6299,0,17,169,12,3,3,3,134747,0,0,2,2,21,0
roster,25,29,0,pvp,521,0,0,5,0,2003990,115500,0,2817,17,82,11,3,3,4,152144,1,0,2,2,24,0
roster,25,29,1,pvp,527,0,1,0,4,1821804,130000,0,0,17,71,12,3,3,3,99747,0,0,2,2,0,21
roster,25,29,2,pvp,594,0,1,0,4,2207347,121000,0,0,17,142,12,2,2,1,64850,1,0,2,2,0,18
roster,25,30,0,neutral,461,0,0,6,0,2010379,56839,3661,0,8,158,6,2,2,3,144135,1,0,2,0,24,0
roster,25,30,1,neutral,548,0,1,0,3,2182105,0,0,0,8,100,9,1,1,1,30545,0,0,2,0,0,0
roster,25,30,2,neutral,769,0,0,2,0,2333347,0,0,0,8,77,10,1,1,1,33409,0,0,2,0,18,0
roster,25,30,3,neutral,659,0,0,5,0,2023325,104500,0,0,8,161,7,1,1,2,61090,1,0,2,0,24,0
roster,25,30,4,neutral,500,0,0,4,0,2062440,0,0,0,8,182,8,1,1,0,27682,0,0,2,0,15,0
roster,25,30,5,neutral,719,0,1,0,2,2231195,130000,0,3522,8,133,10,2,2,0,61090,0,0,2,0,0,0
roster,25,31,0,pvp,612,0,0,4,0,1982168,175866,5634,0,17,130,12,3,3,2,101111,1,0,2,2,24,0
roster,25,31,1,pvp,425,0,1,0,5,1798765,0,0,0,17,94,11,3,3,2,123121,0,0,2,2,0,24
roster,25,31,2,pvp,628,0,0,5,0,2208230,286365,4635,36792,17,147,11,3,2,3,118298,1,0,2,2,24,0
roster,25,32,0,pvp,532,0,0,7,0,2075220,295186,1814,3913,17,154,9,3,3,3,130829,1,1,2,2,33,0
roster,25,32,1,pvp,591,0,0,3,0,1793716,0,0,0,17,65,13,3,2,1,55695,0,0,2,2,21,0
roster,25,32,2,pvp,552,0,0,5,0,1989123,104000,0,4132,17,129,11,3,3,2,83323,0,0,2,2,30,0
roster,25,33,0,pvp,659,0,0,3,0,2538262,178930,8070,0,17,157,13,3,3,2,78580,1,0,2,2,18,0
roster,25,33,1,pvp,594,0,1,0,5,1846550,176000,0,3449,17,87,11,2,2,3,122189,0,1,2,2,0,24
roster,25,33,2,pvp,312,0,0,8,0,1633043,26000,0,0,17,85,9,4,4,3,163032,0,0,2,2,54,0
roster,25,34,0,ghost,409,0,1,0,7,1794395,100700,3800,0,17,90,10,3,3,1,117034,1,0,2,2,0,75
roster,25,34,1,pvp,399,0,1,0,7,2234721,38500,0,0,17,147,10,4,4,5,141816,1,0,2,2,0,69
roster,25,34,2,pvp,461,0,0,5,0,1829613,78000,0,0,17,129,11,3,3,1,66211,0,0,2,2,24,0
roster,25,35,0,neutral,651,0,0,4,0,2571751,77000,0,14517,8,158,8,2,2,3,105000,1,0,2,0,18,0
roster,25,35,1,neutral,420,0,0,6,0,2170756,0,0,0,8,133,7,2,2,1,91636,0,0,2,0,72,0
roster,25,35,2,neutral,733,0,0,5,0,2595066,236500,0,65456,8,106,8,1,1,0,24818,1,0,2,0,21,0
roster,25,35,3,neutral,487,0,0,7,0,2185084,0,0,0,8,229,6,1,1,2,83045,0,0,2,0,33,0
roster,25,35,4,neutral,608,0,0,3,0,2438809,52000,0,20455,8,158,9,2,2,3,153224,0,0,2,0,15,0
roster,25,36,0,ghost,617,0,0,4,0,2427992,324543,3457,1533,17,125,13,4,4,2,179994,1,0,2,2,21,0
roster,25,36,1,pvp,397,0,0,7,0,1820374,78000,0,0,17,118,11,4,4,0,120744,0,0,2,2,81,0
roster,25,36,2,pvp,741,0,1,0,4,2677719,308000,0,14791,17,86,14,2,2,0,65298,1,0,2,2,0,24
roster,25,37,0,pvp,850,0,1,0,2,2895589,321043,3457,0,17,183,15,3,3,2,102808,1,0,2,2,0,9
roster,25,37,1,pvp,486,0,0,6,0,2323887,124565,1935,10957,17,168,12,3,3,3,113682,0,1,2,2,72,0
roster,25,38,0,pvp,900,1,0,2,1,2849372,398043,3457,12134,17,148,14,3,3,2,135279,1,1,2,2,12,3
roster,25,38,1,pvp,419,0,0,5,0,2079124,0,0,0,17,118,13,3,3,1,87920,0,0,2,2,63,0
roster,25,39,0,pvp,415,0,1,0,7,2182647,121000,0,0,17,139,10,4,3,1,87652,1,0,2,2,0,81
roster,25,39,1,pvp,794,0,1,0,2,2624315,99000,0,13493,17,135,16,2,2,2,96281,1,0,2,2,0,9
roster,25,40,0,neutral,628,0,0,4,0,2845845,117652,3348,0,8,160,8,2,2,4,141165,1,0,2,0,21,0
roster,25,40,1,neutral,391,0,0,8,0,2293310,0,0,0,8,81,5,2,2,2,107863,0,0,2,0,78,0
roster,25,40,2,neutral,762,0,0,4,0,2930616,246000,1500,21000,8,156,9,1,1,0,46773,1,0,2,0,21,0
roster,25,40,3,neutral,718,0,0,4,0,2703890,0,0,0,8,141,9,1,1,0,58227,0,0,2,0,21,0
roster,25,41,0,pvp,862,0,0,1,0,2897858,203500,0,1916,17,157,16,3,3,2,84706,1,0,2,2,6,0
roster,25,41,1,pvp,440,0,0,7,0,1992738,49500,0,0,17,160,11,3,3,3,131744,0,1,2,2,75,0
roster,25,42,0,ghost,463,0,1,0,6,2085544,0,0,0,17,103,12,3,3,3,86361,0,0,2,2,0,72
roster,25,42,1,pvp,525,0,1,0,6,2508234,97887,6613,5786,17,94,12,4,4,2,104557,1,0,2,2,0,72
roster,25,43,0,ghost,485,0,0,6,0,2367240,0,0,0,17,118,12,3,3,1,73754,0,0,2,2,72,0
roster,25,43,1,pvp,600,0,0,5,0,2495055,71500,0,0,17,164,13,3,2,2,87972,1,0,2,2,24,0
roster,25,44,0,ghost,561,0,1,0,5,2357267,99000,0,0,17,185,13,3,3,3,166821,0,1,2,2,0,24
roster,25,44,1,pvp,592,0,1,0,4,2523530,143000,0,12379,17,188,14,4,4,2,156100,1,0,2,2,0,60
roster,25,45,0,neutral,633,0,0,4,0,2996393,60500,0,0,8,135,9,2,2,2,85909,1,0,2,0,21,0
roster,25,45,1,neutral,437,0,0,7,0,2668780,0,0,0,8,100,6,2,2,2,85909,0,0,2,0,75,0
roster,26,1,0,neutral,77,0,0,4,0,24818,0,0,0,18,77,1,0,0,0,0,0,0,2,0,4,0
roster,26,1,1,neutral,55,0,0,4,0,21000,0,0,0,18,55,1,0,0,0,0,0,0,2,0,5,0
roster,26,1,2,neutral,60,0,0,4,0,21000,0,0,0,18,60,1,0,0,0,0,0,0,1,0,5,0
roster,26,1,3,neutral,40,0,0,4,0,21000,0,0,0,17,40,1,2,1,1,11000,0,0,2,0,5,0
roster,26,1,4,neutral,56,0,0,4,0,21000,0,0,0,17,56,1,1,1,0,16000,0,0,2,0,4,0
roster,26,1,5,neutral,77,0,0,4,0,24818,1909,1591,0,18,77,1,0,0,0,0,1,0,1,0,6,0
roster,26,1,6,neutral,62,0,0,3,0,21000,0,0,0,18,62,1,0,0,0,0,0,0,2,0,5,0
roster,26,1,7,neutral,60,0,0,4,0,22909,0,0,0,24,60,1,0,0,0,0,1,0,2,0,5,0
roster,26,2,0,neutral,142,0,0,4,0,50926,0,0,0,18,73,2,0,0,0,0,1,0,1,0,9,0
roster,26,2,1,neutral,85,0,0,4,0,43870,0,0,0,17,40,2,1,1,1,12000,0,0,1,0,8,0
roster,26,2,2,neutral,151,0,0,4,0,50926,0,0,0,18,73,2,0,0,0,0,0,0,2,0,6,0
roster,26,2,3,neutral,89,0,0,4,0,45222,0,0,0,17,40,2,1,1,1,12000,0,0,1,0,9,0
roster,26,2,4,neutral,123,0,0,4,0,47296,0,0,0,18,64,2,0,0,0,0,0,0,2,0,6,0
roster,26,2,5,neutral,131,0,0,4,0,49370,0,0,0,18,64,2,0,0,0,0,1,0,1,0,10,0
roster,26,2,6,neutral,106,0,0,4,0,48131,0,0,0,18,55,2,0,0,0,0,0,0,1,0,12,0
roster,26,2,7,neutral,116,0,0,4,0,48740,0,0,0,18,55,2,0,0,0,0,1,0,2,0,9,0
roster,26,3,0,neutral,129,0,0,5,0,79472,10690,6810,4525,18,72,3,0,0,0,0,1,0,1,0,12,0
roster,26,3,1,neutral,89,0,0,5,0,71870,0,0,0,17,49,3,1,1,1,27682,0,0,1,0,12,0
roster,26,3,2,neutral,117,0,0,5,0,78036,0,0,0,17,64,3,1,1,1,18000,1,0,1,0,10,0
roster,26,3,3,neutral,139,0,0,5,0,82925,0,0,0,18,62,3,0,0,0,0,0,0,1,0,14,0
roster,26,3,4,neutral,113,0,0,5,0,75458,0,0,2289,17,49,3,1,1,0,15364,0,0,1,0,12,0
roster,26,3,5,neutral,88,0,0,5,0,77444,0,0,0,17,73,3,1,1,0,18000,1,0,2,0,12,0
roster,26,3,6,neutral,97,0,0,5,0,77087,0,0,0,17,62,3,1,1,0,17136,0,0,1,0,13,0
roster,26,3,7,neutral,167,0,0,5,0,88131,7000,0,0,18,55,3,0,0,0,0,1,0,2,0,13,0
roster,26,4,0,pvp,453,0,1,0,3,803040,73849,3151,0,18,148,7,0,0,0,0,1,1,1,1,0,7
roster,26,4,1,pvp,335,0,0,4,0,648880,0,0,0,17,137,6,2,2,2,68304,0,0,2,1,10,0
roster,26,4,2,pvp,705,0,1,0,3,903960,16000,1500,0,17,137,7,1,1,1,15407,1,0,1,2,0,12
roster,26,4,3,pvp,639,0,0,2,0,981834,66000,0,0,17,153,8,1,1,1,0,0,1,1,3,5,0
roster,26,5,0,neutral,232,0,0,5,0,358478,36000,2500,0,8,108,3,0,0,0,0,1,0,1,0,14,0
roster,26,5,1,neutral,194,0,0,5,0,322174,0,0,0,17,116,3,1,1,1,37119,0,0,2,0,13,0
roster,26,5,2,neutral,272,0,0,5,0,341608,0,0,0,8,90,3,1,1,1,18909,1,0,1,0,12,0
roster,26,5,3,neutral,206,0,0,5,0,333330,0,0,0,8,93,3,1,1,1,30727,0,0,1,0,22,0
roster,26,5,4,neutral,252,0,0,5,0,338031,0,0,1636,8,116,3,0,0,0,0,0,0,1,0,19,0
roster,26,5,5,neutral,241,0,0,4,0,355500,22000,0,0,8,136,4,1,1,1,11342,1,0,3,0,17,0
roster,26,5,6,neutral,257,0,0,4,0,345217,0,0,0,17,160,4,1,1,0,36045,0,0,1,0,12,0
roster,26,5,7,neutral,218,0,0,5,0,347956,0,0,0,8,83,3,0,0,0,0,0,0,2,0,17,0
roster,26,6,0,pvp,690,0,0,3,0,1072776,26000,0,3913,18,185,7,0,0,0,0,0,0,1,1,9,0
roster,26,6,1,pvp,451,0,0,3,0,917969,0,0,0,17,94,7,1,1,1,71643,0,0,2,1,9,0
roster,26,6,2,pvp,626,0,0,3,0,1005853,76065,935,0,18,116,7,0,0,0,0,1,0,1,2,8,0
roster,26,6,3,pvp,587,0,1,0,1,1144835,44000,0,0,17,145,9,2,2,0,76840,1,0,3,1,0,3
roster,26,7,0,pvp,461,0,1,0,3,1092717,129000,0,0,17,164,7,1,1,1,24889,0,1,1,2,0,15
roster,26,7,1,pvp,366,0,0,4,0,890437,49000,0,3913,17,169,6,1,1,1,65076,0,1,2,1,11,0
roster,26,7,2,pvp,395,0,0,5,0,819902,0,0,0,17,178,5,1,1,2,45889,0,0,1,2,23,0
roster,26,7,3,pvp,501,0,1,0,2,1297824,0,0,0,17,138,8,3,2,1,79434,0,0,1,2,0,9
roster,26,8,0,pvp,391,0,1,0,4,1072427,26000,0,0,17,121,6,1,1,0,51128,0,0,1,1,0,21
roster,26,8,1,pvp,431,0,1,0,4,919719,49000,0,0,17,125,6,1,1,0,46295,1,0,1,1,0,12
roster,26,8,2,pvp,461,0,1,0,3,1174873,55000,0,0,17,177,7,2,2,1,98845,0,1,2,2,0,15
roster,26,8,3,pvp,454,0,1,0,4,963263,0,0,0,17,161,6,2,2,1,41322,0,0,2,2,0,15
roster,26,9,0,pvp,623,0,0,4,0,1314410,78000,0,1463,18,77,8,0,0,0,0,0,0,1,2,21,0
roster,26,9,1,pvp,379,0,0,6,0,1275251,16500,0,0,17,83,6,2,2,2,105581,0,1,1,2,36,0
roster,26,9,2,pvp,456,0,1,0,4,1272837,125500,0,0,17,141,8,3,3,2,104273,1,1,1,2,0,15
roster,26,9,3,pvp,632,0,1,0,1,1559839,0,0,0,17,124,11,2,2,1,54106,0,0,2,2,0,3
roster,26,10,0,neutral,239,0,0,6,0,471733,26000,0,13699,8,132,3,0,0,0,0,0,0,1,0,27,0
roster,26,10,1,neutral,197,0,0,6,0,431339,0,0,0,8,133,3,1,1,2,56174,0,0,1,0,33,0
roster,26,10,2,neutral,237,0,0,6,0,465693,23478,1022,0,8,145,3,2,2,2,72775,1,0,2,0,17,0
roster,26,10,3,neutral,271,0,0,6,0,467630,0,0,0,8,117,3,1,1,0,30545,0,0,2,0,27,0
roster,26,10,4,neutral,197,0,0,6,0,476986,0,0,0,8,88,3,1,1,1,2184,0,0,2,0,21,0
roster,26,10,5,neutral,189,0,0,6,0,455490,0,0,0,8,69,3,2,2,0,52500,1,0,2,0,27,0
roster,26,10,6,neutral,295,0,0,5,0,509590,0,0,0,8,108,4,0,0,0,0,0,0,2,0,23,0
roster,26,10,7,neutral,196,0,0,6,0,434371,22000,0,0,8,85,3,2,2,2,83046,1,0,2,0,24,0
roster,26,11,0,pvp,503,0,1,0,4,1487222,52000,0,10650,17,123,8,1,1,1,63778,0,0,2,2,0,18
roster,26,11,1,pvp,699,0,0,2,0,1585092,0,0,0,17,145,10,2,2,1,41322,0,0,1,2,18,0
roster,26,11,2,pvp,511,0,1,0,3,1542839,154152,848,0,17,69,9,4,3,3,144572,0,1,2,2,0,15
roster,26,11,3,pvp,521,0,1,0,3,1342778,100630,3870,0,17,105,9,2,2,1,84088,0,1,2,2,0,15
roster,26,12,0,pvp,487,0,1,0,5,1303707,78000,0,0,17,169,7,2,2,3,151751,0,0,2,2,0,21
roster,26,12,1,pvp,482,0,0,4,0,1584270,126500,0,0,17,89,8,3,3,2,95968,0,1,1,2,27,0
roster,26,12,2,pvp,380,0,0,5,0,1202396,22000,0,0,17,102,7,3,3,2,108624,0,1,2,2,21,0
roster,26,12,3,pvp,446,0,0,5,0,1162352,0,0,0,17,129,7,1,1,0,50217,0,0,2,2,21,0
roster,26,13,0,pvp,490,0,1,0,5,1472565,78000,0,6198,17,108,7,1,1,0,70034,0,0,2,2,0,21
roster,26,13,1,pvp,531,0,0,2,0,1588317,49500,0,29506,17,129,10,3,3,2,100253,0,1,1,2,18,0
roster,26,13,2,pvp,612,0,1,0,4,1559727,78000,0,24892,17,130,8,3,3,2,124909,0,0,2,2,0,18
roster,26,13,3,pvp,492,0,0,5,0,1349173,132000,0,0,17,211,7,2,2,3,82674,1,0,2,1,24,0
roster,26,14,0,pvp,456,0,1,0,6,1363388,26000,0,6261,17,194,6,1,1,0,40445,0,0,2,1,0,33
roster,26,14,1,pvp,517,0,0,3,0,1505845,78000,0,0,17,113,9,3,3,2,101111,0,0,1,2,21,0
roster,26,14,2,pvp,780,0,0,2,0,1437499,0,0,5940,17,111,10,1,1,0,29217,0,0,2,1,12,0
roster,26,14,3,pvp,407,0,1,0,4,1443912,55000,0,0,8,89,8,4,4,3,171612,1,1,2,2,0,18
roster,26,15,0,neutral,394,0,0,5,0,649574,52000,0,0,8,183,4,0,0,0,0,0,0,2,0,21,0
roster,26,15,1,neutral,242,0,0,6,0,587853,0,0,0,8,84,3,1,1,2,55363,0,0,1,0,33,0
roster,26,15,2,neutral,211,0,0,5,0,600300,0,0,0,8,118,4,2,2,2,61090,0,0,2,0,18,0
roster,26,15,3,neutral,264,0,0,6,0,594772,0,0,0,8,149,3,1,1,2,52500,0,0,1,0,33,0
roster,26,15,4,neutral,224,0,0,5,0,615952,0,0,0,8,121,4,1,1,1,58227,0,0,2,0,21,0
roster,26,15,5,neutral,241,0,0,6,0,630396,38500,0,0,8,137,3,2,2,1,55363,1,0,2,0,27,0
roster,26,15,6,neutral,283,0,0,5,0,623526,0,0,0,8,99,4,0,0,0,0,0,0,1,0,24,0
roster,26,15,7,neutral,229,0,0,6,0,598849,59000,1500,0,8,88,3,2,2,2,76801,1,0,2,0,27,0
roster,26,16,0,pvp,664,0,0,4,0,1430001,78000,0,15103,18,127,8,0,0,0,0,0,0,2,1,21,0
roster,26,16,1,pvp,464,0,0,3,0,1635565,33000,0,0,17,141,9,3,3,0,79407,0,1,1,2,21,0
roster,26,16,2,pvp,502,0,0,4,0,1590272,326200,0,0,17,72,8,4,4,3,182387,1,1,2,2,18,0
roster,26,16,3,pvp,578,0,0,3,0,1517523,0,0,13311,17,89,9,2,2,3,162556,0,0,1,2,18,0
roster,26,17,0,pvp,435,0,1,0,5,1366351,126609,2391,14589,17,137,7,2,2,1,74257,0,1,2,2,0,24
roster,26,17,1,pvp,484,0,0,4,0,1391223,0,0,0,17,97,8,2,2,0,73222,0,0,1,2,24,0
roster,26,17,2,pvp,427,0,1,0,3,1474029,152462,11838,0,8,123,9,4,4,1,220940,1,1,2,2,0,15
roster,26,17,3,pvp,524,0,0,5,0,1340243,0,0,0,17,105,8,1,1,2,68373,0,0,1,1,30,0
roster,26,18,0,pvp,479,0,1,0,4,1466953,227291,3909,0,17,108,8,2,2,2,173157,0,1,2,2,0,18
roster,26,18,1,pvp,635,0,0,2,0,1833012,0,0,0,17,169,11,2,2,3,82645,0,0,1,1,12,0
roster,26,18,2,pvp,478,0,0,4,0,1555297,82637,5363,0,8,105,9,3,2,0,78978,0,1,2,2,18,0
roster,26,18,3,pvp,682,0,1,0,3,1785955,136652,848,0,17,116,9,3,2,1,50894,1,0,2,2,0,21
roster,26,19,0,pvp,565,0,0,3,0,1796384,100000,0,0,17,105,11,3,3,1,141606,0,1,2,2,18,0
roster,26,19,1,pvp,685,0,0,3,0,1897867,0,0,9298,17,116,11,3,3,0,94248,0,0,2,2,21,0
roster,26,19,2,pvp,450,0,1,0,4,1583223,139900,0,9860,17,109,10,3,3,2,108651,1,0,2,2,0,18
roster,26,19,3,pvp,556,0,0,3,0,1658234,55000,0,0,17,97,11,3,3,1,71247,0,1,1,2,18,0
roster,26,20,0,neutral,331,0,0,7,0,724082,0,0,2032,8,151,3,1,1,0,58227,0,0,2,0,33,0
roster,26,20,1,neutral,241,0,0,7,0,709740,0,0,0,8,143,3,2,2,3,57558,0,0,2,0,36,0
roster,26,20,2,neutral,233,0,0,6,0,745168,9130,20770,0,8,88,4,2,2,1,83020,1,0,2,0,24,0
roster,26,20,3,neutral,238,0,0,7,0,730626,0,0,0,8,121,3,1,1,1,33409,0,0,1,0,39,0
roster,26,20,4,neutral,217,0,0,6,0,722560,0,0,0,8,99,4,1,1,1,49637,0,0,2,0,24,0
roster,26,20,5,neutral,239,0,0,7,0,738380,27500,0,0,8,69,3,2,2,1,85908,1,0,2,0,30,0
roster,26,20,6,neutral,316,0,0,7,0,772182,0,0,0,8,162,3,1,1,0,30545,0,0,2,0,36,0
roster,26,20,7,neutral,298,0,0,7,0,744055,77000,0,0,8,109,3,2,2,1,77319,1,0,2,0,30,0
roster,26,21,0,pvp,690,0,1,0,2,2045719,0,0,0,17,131,12,3,3,0,108445,0,0,2,2,0,18
roster,26,21,1,pvp,402,0,1,0,5,1586576,101409,2391,0,17,109,9,3,3,0,114450,1,0,2,2,0,27
roster,26,21,2,pvp,552,0,0,3,0,1911394,38500,0,0,17,141,11,3,3,1,120177,0,1,1,2,18,0
roster,26,21,3,pvp,613,0,0,4,0,1828856,110000,0,0,17,81,10,3,3,3,167357,0,1,2,2,18,0
roster,26,22,0,pvp,570,0,0,3,0,1807628,84900,0,14840,17,125,11,3,3,0,164174,0,1,2,2,9,0
roster,26,22,1,pvp,430,0,0,5,0,1669228,0,0,0,17,65,9,3,3,2,84912,0,0,2,2,30,0
roster,26,22,2,pvp,538,0,0,3,0,1819390,121000,0,6261,17,88,11,3,3,1,108479,0,1,1,2,24,0
roster,26,22,3,pvp,411,0,0,5,0,1745729,16500,0,0,17,113,9,3,3,1,76668,0,1,2,2,27,0
roster,26,23,0,pvp,604,0,1,0,3,1782268,11000,0,0,17,102,11,3,3,2,105178,0,1,2,2,0,15
roster,26,23,1,pvp,589,0,0,4,0,1984730,0,0,6898,17,136,10,3,3,1,92953,0,0,2,2,27,0
roster,26,23,2,pvp,605,0,1,0,3,1858745,267952,848,0,17,56,11,4,4,2,107061,1,1,2,2,0,18
roster,26,23,3,pvp,398,0,0,8,0,1426953,0,0,39933,17,102,7,2,2,1,97987,0,0,1,2,45,0
roster,26,24,0,pvp,600,0,1,0,4,2002089,0,0,0,17,109,10,2,2,2,78782,0,0,2,2,0,18
roster,26,24,1,pvp,428,0,0,5,0,1307689,91945,855,0,17,80,9,4,3,2,139196,0,1,2,2,30,0
roster,26,24,2,pvp,625,0,0,5,0,2099489,0,0,0,17,167,10,2,2,2,126149,0,0,1,2,30,0
roster,26,24,3,pvp,423,0,1,0,4,1657907,91109,2391,0,8,99,10,4,4,2,149329,1,1,2,2,0,15
roster,26,25,0,neutral,650,0,0,4,0,1807221,0,0,0,8,160,7,1,1,0,30545,0,0,2,0,24,0
roster,26,25,1,neutral,511,0,0,5,0,1735219,0,0,0,8,137,6,2,2,2,88772,0,0,2,0,30,0
roster,26,25,2,neutral,758,0,0,3,0,2011320,147800,0,0,8,77,8,2,2,3,124092,1,0,2,0,12,0
roster,26,25,3,neutral,410,0,0,7,0,1595831,0,0,0,8,121,5,1,1,0,33409,0,0,1,0,42,0
roster,26,25,4,neutral,758,0,1,0,2,2119864,0,0,0,8,83,9,1,1,1,30545,0,0,2,0,0,0
roster,26,25,5,neutral,592,0,0,4,0,1932605,82500,0,3130,8,133,8,2,1,2,83045,1,0,2,0,15,0
roster,26,25,6,neutral,642,0,0,4,0,1887398,0,0,0,8,100,7,1,1,2,52500,0,0,2,0,27,0
roster,26,25,7,neutral,471,0,0,5,0,1742933,27500,0,0,8,109,6,2,2,3,126955,1,0,2,0,21,0
roster,26,26,0,pvp,523,0,1,0,3,1777414,0,0,6261,17,145,11,3,3,2,132185,0,0,2,2,0,21
roster,26,26,1,pvp,576,0,1,0,4,1729247,117900,0,1972,17,72,10,3,3,2,97190,1,0,2,2,0,18
roster,26,26,2,pvp,463,0,0,4,0,1898895,27500,0,2080,17,104,12,3,3,2,121283,0,1,1,2,21,0
roster,26,26,3,pvp,658,0,1,0,5,2188873,135109,2391,9661,17,160,10,3,3,0,91539,1,0,2,2,0,30
roster,26,27,0,pvp,581,0,1,0,3,2224845,26000,0,11404,17,148,13,2,2,3,104330,0,0,2,1,0,24
roster,26,27,1,pvp,607,0,0,5,0,2187468,96267,2733,7664,17,102,11,4,4,2,145169,0,1,2,2,30,0
roster,26,27,2,pvp,542,0,1,0,6,2128062,498452,3748,0,8,99,10,4,3,0,77845,1,1,2,2,0,27
roster,26,27,3,pvp,545,0,1,0,4,1818783,0,0,0,17,133,10,1,1,0,37258,0,0,2,2,0,33
roster,26,28,0,pvp,654,0,0,6,0,1863260,104000,0,4132,17,160,9,1,1,2,77285,0,0,2,2,33,0
roster,26,28,1,pvp,538,0,0,3,0,2135922,33000,0,0,17,89,13,4,4,4,108749,0,1,2,2,24,0
roster,26,28,2,pvp,480,0,1,0,7,1753016,131300,0,0,17,93,9,3,3,2,132115,1,0,2,1,0,42
roster,26,28,3,pvp,593,0,1,0,4,1952267,163166,1834,0,17,65,11,3,3,3,105456,0,1,2,2,0,15
roster,26,29,0,ghost,464,0,1,0,5,1820304,75304,1696,0,8,105,10,3,3,0,104501,0,1,2,2,0,21
roster,26,29,1,pvp,559,0,1,0,7,2159744,381066,9434,20778,17,104,9,3,3,2,141786,0,2,2,2,0,42
roster,26,29,2,pvp,666,0,0,3,0,2267632,0,0,0,17,153,13,3,3,1,117281,0,0,2,1,21,0
roster,26,29,3,pvp,708,0,0,2,0,2257511,33000,0,3522,17,109,14,3,3,1,89943,0,1,2,2,18,0
roster,26,30,0,neutral,517,0,0,5,0,2105104,0,0,0,8,156,7,1,1,2,55363,0,0,2,0,27,0
roster,26,30,1,neutral,498,0,0,6,0,1937816,0,0,0,8,122,6,2,2,2,127908,0,0,2,0,36,0
roster,26,30,2,neutral,490,0,0,6,0,1923337,0,0,0,8,143,6,1,1,2,58227,0,0,1,0,39,0
roster,26,30,3,neutral,900,1,0,1,1,2335045,0,0,0,8,77,9,1,1,1,30545,0,0,2,0,3,0
roster,26,30,4,neutral,630,0,0,3,0,2316869,159500,0,0,8,75,9,2,2,0,55363,2,0,2,0,27,0
roster,26,30,5,neutral,560,0,0,5,0,2006415,0,0,0,8,179,7,1,1,1,91635,0,0,2,0,30,0
roster,26,30,6,neutral,889,0,0,2,0,2393810,44000,0,36389,8,133,10,2,2,1,80182,1,0,2,0,6,0
roster,26,31,0,ghost,688,0,0,2,0,2158671,0,0,0,17,122,14,2,2,2,69754,0,0,2,2,18,0
roster,26,31,1,pvp,545,0,0,5,0,1904131,0,0,6261,17,111,11,2,2,0,46123,0,0,2,2,45,0
roster,26,31,2,pvp,663,0,0,4,0,2219860,0,0,0,17,140,12,2,2,1,55696,0,0,1,2,27,0
roster,26,31,3,pvp,576,0,0,4,0,2200805,411308,12192,28629,8,99,12,4,4,1,106730,2,1,2,2,33,0
roster,26,32,0,pvp,474,0,1,0,6,1993537,0,0,6261,17,151,10,2,2,1,67123,0,0,2,2,0,51
roster,26,32,1,pvp,671,0,1,0,2,2550524,192500,0,0,17,131,15,3,3,3,139026,0,2,1,2,0,9
roster,26,32,2,pvp,600,0,1,0,4,2190937,165000,0,0,17,60,12,3,3,3,169619,0,2,2,2,0,30
roster,26,33,0,ghost,445,0,0,6,0,2083289,147652,848,3913,8,113,11,3,3,2,81592,2,0,2,2,24,0
roster,26,33,1,pvp,458,0,0,5,0,1953278,93500,0,0,17,102,11,3,2,1,64578,0,2,2,2,39,0
roster,26,33,2,pvp,589,0,0,5,0,1893164,0,0,9298,17,89,12,2,2,2,112358,0,0,2,2,39,0
roster,26,34,0,ghost,900,1,1,1,3,2670214,414265,9235,0,17,93,13,3,3,3,66512,2,0,2,2,6,24
roster,26,34,1,pvp,410,0,0,5,0,1803821,0,0,0,17,102,11,2,2,1,77372,0,0,2,2,42,0
roster,26,34,2,pvp,771,0,0,3,0,2792218,377945,7055,0,8,169,15,3,3,0,68520,0,2,2,2,24,0
roster,26,35,0,neutral,435,0,0,7,0,2267652,0,0,0,8,133,6,2,2,3,94500,0,0,2,0,48,0
roster,26,35,1,neutral,525,0,0,6,0,2319916,0,0,5806,8,146,7,1,1,2,85909,0,0,2,0,39,0
roster,26,35,2,neutral,662,0,0,5,0,2716060,461091,6409,17135,8,58,7,2,2,0,55363,2,0,2,0,36,0
roster,26,35,3,neutral,566,0,0,5,0,2446701,88000,0,0,8,108,8,2,2,2,121228,2,0,2,0,24,0
roster,26,36,0,pvp,593,0,0,4,0,2554282,0,0,0,17,142,14,3,3,4,155173,0,0,2,2,30,0
roster,26,36,1,pvp,571,0,1,0,4,2687752,718805,18195,5820,8,69,13,4,4,3,123663,2,2,2,2,0,21
roster,26,37,0,ghost,393,0,0,6,0,2017261,49500,0,0,17,94,12,4,4,2,102562,0,2,2,2,51,0
roster,26,37,1,pvp,900,1,0,3,1,2892397,463054,4446,6261,8,145,14,3,3,2,93567,0,2,2,2,24,6
roster,26,38,0,ghost,529,0,1,0,6,2415675,0,0,0,17,118,12,3,3,3,133326,0,0,2,2,0,39
roster,26,38,1,pvp,394,0,0,7,0,2139730,169204,1296,4389,17,112,11,4,3,2,94312,0,2,2,2,54,0
roster,26,39,0,pvp,637,0,0,2,0,2830494,0,0,0,17,131,16,3,3,3,187959,0,0,2,2,12,0
roster,26,40,0,neutral,486,0,0,7,0,2440030,0,0,0,8,131,6,2,2,2,174683,0,0,2,0,48,0
roster,26,40,1,neutral,493,0,0,7,0,2433089,0,0,3193,8,108,6,2,2,2,85908,0,0,2,0,39,0
roster,26,41,0,pvp,568,0,0,3,0,2727607,0,0,0,17,138,15,4,4,1,110037,0,0,2,2,27,0
roster,26,42,0,pvp,470,0,0,6,0,2540262,0,0,0,17,131,12,4,3,3,109329,0,0,2,2,48,0
roster,26,43,0,pvp,708,0,0,2,0,2893449,0,0,0,17,146,16,4,3,1,95604,0,0,2,2,18,0
roster,26,44,0,pvp,669,0,1,0,3,2974803,0,0,0,17,142,15,4,3,2,175775,0,0,2,2,0,18
roster,26,45,0,neutral,696,0,0,4,0,3017663,0,0,0,8,100,9,2,2,2,127909,0,0,2,0,30,0
roster,26,45,1,neutral,689,0,0,4,0,3072812,0,0,3484,8,127,9,2,2,1,63954,0,0,2,0,33,0
roster,27,1,0,neutral,40,0,0,4,0,21000,0,0,0,17,40,1,2,1,1,16000,0,0,2,0,4,0
roster,27,1,1,neutral,56,0,0,4,0,22826,0,0,0,17,56,1,1,1,0,6273,0,0,2,0,5,0
roster,27,1,2,neutral,40,0,0,4,0,21000,0,0,0,17,40,1,2,1,1,16000,0,0,2,0,5,0
roster,27,1,3,neutral,56,0,0,4,0,22909,0,0,0,17,56,1,1,1,1,13364,1,0,1,0,6,0
roster,27,1,4,neutral,40,0,0,4,0,21000,0,0,0,17,40,1,2,1,1,16000,0,0,2,0,4,0
roster,27,1,5,neutral,40,0,0,4,0,21000,0,0,0,17,40,1,2,1,1,17000,0,0,2,0,5,0
roster,27,1,6,neutral,44,0,0,4,0,21000,0,0,0,17,44,1,1,1,1,17136,0,0,2,0,4,0
roster,27,1,7,neutral,56,0,0,3,0,21000,0,0,0,17,56,1,1,1,0,7000,0,0,2,0,5,0
roster,27,2,0,neutral,114,0,0,4,0,47296,0,0,0,17,56,2,2,1,1,8182,1,0,2,0,7,0
roster,27,2,1,neutral,56,0,0,4,0,43870,0,0,0,17,40,2,2,2,2,30000,0,0,2,0,6,0
roster,27,2,2,neutral,72,0,0,4,0,41435,0,0,0,17,40,2,2,2,1,14291,0,0,2,0,7,0
roster,27,2,3,neutral,97,0,0,4,0,48131,7000,0,0,17,56,2,1,1,1,4382,1,0,1,0,9,0
roster,27,2,4,neutral,97,0,0,4,0,46778,0,0,0,17,56,2,1,1,0,16000,0,0,2,0,6,0
roster,27,2,5,neutral,131,0,0,4,0,50926,0,0,0,17,72,2,1,1,1,8000,0,0,1,0,9,0
roster,27,2,6,neutral,145,0,0,4,0,53001,0,0,0,18,72,2,0,0,0,0,0,0,2,0,10,0
roster,27,2,7,neutral,106,0,0,4,0,46305,0,0,0,17,56,2,1,1,0,3927,0,0,1,0,7,0
roster,27,3,0,neutral,113,0,0,5,0,79870,10435,65,0,17,40,3,1,1,0,17182,1,0,1,0,12,0
roster,27,3,1,neutral,156,0,0,5,0,84999,0,0,0,18,60,3,0,0,0,0,0,0,2,0,11,0
roster,27,3,2,neutral,116,0,0,5,0,79261,12261,1739,0,17,56,3,1,1,1,109,1,0,1,0,9,0
roster,27,3,3,neutral,97,0,0,5,0,77696,0,0,0,17,46,3,2,2,0,31637,0,0,2,0,11,0
roster,27,3,4,neutral,113,0,0,5,0,78185,0,0,0,17,49,3,1,1,1,27682,0,0,1,0,10,0
roster,27,3,5,neutral,94,0,0,5,0,76131,0,0,0,17,44,3,2,2,2,40609,0,0,2,0,10,0
roster,27,3,6,neutral,81,0,0,5,0,78391,0,0,0,17,55,3,1,1,1,18000,0,0,2,0,11,0
roster,27,3,7,neutral,94,0,0,5,0,75000,0,0,0,17,60,3,1,1,0,17136,0,0,2,0,9,0
roster,27,4,0,pvp,736,0,1,0,1,1076819,70097,3403,0,17,83,9,3,3,2,125437,1,0,1,2,0,3
roster,27,4,1,pvp,332,0,0,4,0,726038,0,0,0,17,89,6,1,1,1,28407,0,0,1,2,15,0
roster,27,4,2,pvp,475,0,0,2,0,959716,134086,6914,0,17,69,8,1,1,1,30545,1,1,1,1,9,0
roster,27,4,3,pvp,413,0,0,3,0,843233,0,0,0,17,145,7,2,2,3,97556,0,0,2,2,7,0
roster,27,5,0,neutral,280,0,0,5,0,323224,0,0,0,8,121,3,1,1,1,52500,0,0,1,0,18,0
roster,27,5,1,neutral,203,0,0,4,0,338283,0,0,0,8,83,4,0,0,0,0,0,0,2,0,16,0
roster,27,5,2,neutral,242,0,0,4,0,360717,22000,0,0,8,118,4,0,0,0,0,1,0,2,0,14,0
roster,27,5,3,neutral,173,0,0,5,0,313913,0,0,0,8,69,3,2,2,2,88591,0,0,2,0,17,0
roster,27,5,4,neutral,217,0,0,4,0,361391,14000,0,0,8,88,4,1,1,1,44309,1,0,1,0,14,0
roster,27,5,5,neutral,213,0,0,5,0,343700,0,0,0,8,109,3,1,1,2,53301,1,0,1,0,13,0
roster,27,5,6,neutral,162,0,0,5,0,336088,0,0,0,8,95,3,1,1,0,18909,0,0,1,0,19,0
roster,27,5,7,neutral,238,0,0,5,0,330868,0,0,0,17,161,3,1,1,0,18473,0,0,2,0,13,0
roster,27,6,0,pvp,391,0,0,4,0,977109,46500,0,0,17,141,6,2,2,2,100330,1,1,1,1,18,0
roster,27,6,1,pvp,472,0,1,0,3,1085314,22000,0,0,17,141,7,1,1,0,88295,0,1,1,1,0,9
roster,27,6,2,pvp,355,0,1,0,4,742444,0,0,0,17,101,6,3,2,2,90391,0,0,2,2,0,12
roster,27,6,3,pvp,443,0,0,3,0,1060459,0,0,0,17,118,7,1,1,0,30738,0,0,1,2,12,0
roster,27,7,0,pvp,682,0,1,0,4,1284537,110000,0,0,17,140,6,1,0,0,0,1,0,1,2,0,14
roster,27,7,1,pvp,344,0,0,3,0,976403,0,0,0,17,90,7,2,2,2,57252,0,0,1,2,13,0
roster,27,7,2,pvp,444,0,0,1,0,1130626,16500,0,0,17,85,9,4,4,3,137661,1,0,2,2,3,0
roster,27,7,3,pvp,509,0,1,0,2,1244377,0,0,0,8,118,8,2,2,0,70034,0,0,1,2,0,12
roster,27,8,0,pvp,689,0,1,0,2,1319331,115500,0,0,17,165,8,1,1,0,22556,1,0,1,1,0,7
roster,27,8,1,pvp,443,0,0,2,0,1078562,22000,0,0,17,85,8,4,4,3,189334,1,0,2,2,6,0
roster,27,8,2,pvp,338,0,0,3,0,891725,0,0,0,17,94,7,4,4,3,135677,0,0,2,2,9,0
roster,27,8,3,pvp,430,0,1,0,3,1156799,0,0,5253,8,89,7,1,1,2,72773,0,0,1,1,0,15
roster,27,9,0,pvp,393,0,1,0,5,1256230,55000,0,0,17,94,7,4,4,4,167171,1,0,2,2,0,18
roster,27,9,1,pvp,453,0,1,0,4,1386132,117593,3407,3272,17,105,8,2,2,3,114739,0,1,1,2,0,15
roster,27,9,2,pvp,814,0,1,0,1,1661254,55000,0,0,17,73,11,3,3,4,172098,1,0,2,2,0,9
roster,27,9,3,pvp,483,0,0,3,0,1299861,0,0,0,17,76,9,2,2,1,87718,0,0,2,2,18,0
roster,27,10,0,neutral,194,0,0,6,0,446612,22000,0,0,8,94,3,2,2,1,83045,1,0,2,0,21,0
roster,27,10,1,neutral,245,0,0,6,0,464006,0,0,0,8,136,3,0,0,0,0,0,0,1,0,25,0
roster,27,10,2,neutral,239,0,0,6,0,466783,60500,0,0,8,121,3,1,1,0,30545,2,0,2,0,27,0
roster,27,10,3,neutral,194,0,0,6,0,425414,0,0,0,8,85,3,2,2,2,125045,0,0,2,0,30,0
roster,27,10,4,neutral,169,0,0,6,0,452892,0,0,0,8,109,3,2,2,3,103227,0,0,2,0,18,0
roster,27,10,5,neutral,202,0,0,6,0,479100,0,0,0,8,104,3,2,2,2,58227,1,0,2,0,21,0
roster,27,10,6,neutral,223,0,0,6,0,492810,0,0,0,8,104,3,0,0,0,0,0,0,2,0,23,0
roster,27,10,7,neutral,193,0,0,6,0,442665,0,0,0,8,85,3,1,1,1,30545,0,0,2,0,24,0
roster,27,11,0,pvp,562,0,0,3,0,1580489,77000,0,38804,17,60,9,3,3,1,123345,1,0,2,2,12,0
roster,27,11,1,pvp,687,0,0,2,0,1447519,0,0,0,17,88,10,3,3,1,123287,0,0,1,2,12,0
roster,27,11,2,pvp,562,0,0,4,0,1381803,212217,2283,2442,17,95,8,1,1,0,46700,2,0,2,2,21,0
roster,27,11,3,pvp,685,0,0,2,0,1595121,175152,848,0,17,81,10,4,4,3,131613,0,1,2,2,9,0
roster,27,12,0,pvp,512,0,1,0,5,1411127,214364,136,0,17,125,7,3,3,3,119879,1,2,2,2,0,24
roster,27,12,1,pvp,684,0,1,0,2,1622652,0,0,9957,17,72,10,2,2,0,73956,0,0,1,2,0,12
roster,27,12,2,pvp,430,0,1,0,3,1400560,0,0,0,17,83,9,4,3,3,118662,0,0,2,2,0,9
roster,27,12,3,pvp,805,0,0,2,0,1667516,143000,0,0,17,91,10,1,1,0,23739,1,0,2,2,9,0
roster,27,13,0,pvp,618,0,1,0,2,1652789,70652,848,0,17,125,10,3,2,2,73322,1,0,2,2,0,6
roster,27,13,1,pvp,489,0,1,0,3,1498841,0,0,0,17,69,9,3,3,4,154127,0,0,1,2,0,9
roster,27,13,2,pvp,459,0,1,0,5,1457258,198000,0,0,17,109,7,2,2,2,99854,2,0,2,2,0,24
roster,27,13,3,pvp,411,0,0,4,0,1370726,55000,0,0,17,88,8,3,3,0,183453,0,1,2,2,12,0
roster,27,14,0,pvp,422,0,1,0,5,1279795,69109,2391,0,17,178,7,4,4,2,189879,1,0,2,2,0,15
roster,27,14,1,pvp,620,0,1,0,2,1579492,0,0,0,17,73,10,2,2,1,117783,0,0,2,2,0,6
roster,27,14,2,pvp,637,0,1,0,4,1705050,444652,848,3944,17,186,8,2,2,1,90307,2,1,2,2,0,15
roster,27,14,3,pvp,676,0,1,0,1,1643258,0,0,0,17,56,11,3,3,4,135140,0,0,2,2,0,9
roster,27,15,0,neutral,225,0,0,6,0,581166,22000,0,0,8,77,3,2,2,1,76233,1,0,2,0,21,0
roster,27,15,1,neutral,258,0,0,6,0,623824,0,0,0,8,129,3,1,1,1,58227,0,0,2,0,30,0
roster,27,15,2,neutral,267,0,0,6,0,576890,33000,0,0,8,122,3,1,1,0,39000,2,0,2,0,33,0
roster,27,15,3,neutral,198,0,0,5,0,608126,0,0,0,8,109,4,2,2,1,85909,0,0,2,0,24,0
roster,27,15,4,neutral,247,0,0,6,0,624670,0,0,0,8,153,3,2,2,1,58227,0,0,2,0,18,0
roster,27,15,5,neutral,217,0,0,6,0,608219,5500,0,0,8,89,3,1,1,1,49637,1,0,2,0,24,0
roster,27,15,6,neutral,213,0,0,6,0,623222,0,0,0,8,145,3,1,1,2,53160,0,0,2,0,24,0
roster,27,15,7,neutral,203,0,0,6,0,614018,0,0,0,8,81,3,1,1,1,55363,0,0,2,0,27,0
roster,27,16,0,pvp,534,0,0,3,0,1551173,229802,12198,0,17,109,9,3,3,0,98984,1,1,2,2,12,0
roster,27,16,1,pvp,491,0,1,0,5,1562669,174172,7328,1972,17,170,7,2,2,1,125670,0,2,2,2,0,36
roster,27,16,2,pvp,432,0,0,2,0,1579917,0,0,0,17,69,10,3,3,3,107401,0,0,2,2,9,0
roster,27,16,3,pvp,469,0,0,3,0,1627536,0,0,0,17,112,9,3,3,3,99589,0,0,2,2,9,0
roster,27,17,0,pvp,475,0,1,0,4,1385195,198293,5207,0,17,113,8,3,3,3,169346,1,2,2,2,0,30
roster,27,17,1,pvp,605,0,0,3,0,1690667,0,0,0,17,117,9,3,3,0,73044,0,0,2,2,18,0
roster,27,17,2,pvp,425,0,0,4,0,1407588,77000,0,0,17,91,8,3,3,2,114047,0,1,2,2,18,0
roster,27,17,3,pvp,492,0,1,0,3,1482394,0,0,0,4,74,9,1,1,0,26478,0,0,2,1,0,24
roster,27,18,0,pvp,528,0,1,0,4,1382283,110000,0,4649,17,89,8,2,2,0,52956,1,0,2,1,0,33
roster,27,18,1,pvp,520,0,0,3,0,1445123,92652,848,0,17,127,9,2,1,1,92518,0,1,2,2,18,0
roster,27,18,2,pvp,381,0,0,5,0,1337638,159500,0,9163,17,82,7,2,2,2,122826,2,0,2,2,33,0
roster,27,18,3,pvp,462,0,1,0,2,1526505,0,0,0,17,102,11,4,4,5,185314,0,0,2,2,0,6
roster,27,19,0,pvp,505,0,1,0,3,1697038,124109,2391,16904,17,77,11,4,3,1,133833,1,0,2,2,0,12
roster,27,19,1,pvp,588,0,1,0,4,1779133,0,0,0,17,82,10,2,2,0,67370,0,0,2,1,0,33
roster,27,19,2,pvp,459,0,0,4,0,1679169,154000,0,0,17,97,10,3,3,5,155611,2,0,2,2,30,0
roster,27,19,3,pvp,548,0,0,2,0,1840657,33000,0,0,17,78,12,3,3,2,75106,1,0,2,2,9,0
roster,27,20,0,neutral,243,0,0,7,0,711352,0,0,0,8,153,3,2,2,1,77318,1,0,2,0,30,0
roster,27,20,1,neutral,262,0,0,6,0,788542,0,0,0,8,131,4,1,1,1,27682,0,0,2,0,30,0
roster,27,20,2,neutral,252,0,0,7,0,748038,66000,0,0,8,131,3,1,1,2,87000,2,0,2,0,42,0
roster,27,20,3,neutral,211,0,0,7,0,736774,0,0,0,8,109,3,2,1,0,36273,0,0,2,0,33,0
roster,27,20,4,neutral,247,0,0,7,0,734114,0,0,5726,8,125,3,2,2,0,83045,0,0,2,0,21,0
roster,27,20,5,neutral,233,0,0,7,0,748696,11000,0,0,8,126,3,2,2,2,82389,1,0,2,0,27,0
roster,27,20,6,neutral,209,0,0,6,0,755364,0,0,0,8,123,4,1,1,1,27682,0,0,2,0,21,0
roster,27,20,7,neutral,188,0,0,7,0,710480,0,0,14315,8,99,3,1,1,1,36273,0,0,1,0,42,0
roster,27,21,0,pvp,697,0,1,0,2,1945298,159500,0,0,17,133,12,3,2,1,44091,1,0,2,2,0,15
roster,27,21,1,pvp,459,0,0,4,0,1646007,114652,848,0,17,89,10,3,3,3,137007,2,0,2,2,30,0
roster,27,21,2,pvp,487,0,0,4,0,1698340,0,0,0,17,89,10,3,3,2,90662,0,0,2,2,18,0
roster,27,21,3,pvp,518,0,0,4,0,1848976,143000,0,6261,17,65,10,3,3,5,159948,1,0,2,1,15,0
roster,27,22,0,pvp,530,0,1,0,4,1734742,114204,1296,0,17,125,10,4,4,2,175397,1,0,2,2,0,18
roster,27,22,1,pvp,530,0,0,3,0,1878604,0,0,0,17,67,11,2,2,1,68106,0,0,2,2,18,0
roster,27,22,2,pvp,610,0,0,4,0,2077161,166371,4129,6186,8,69,10,2,2,2,92020,2,0,2,1,27,0
roster,27,22,3,pvp,517,0,1,0,3,1868873,191652,848,3944,17,77,11,4,4,1,147132,0,1,2,2,0,15
roster,27,23,0,pvp,476,0,1,0,5,1722271,247500,0,15354,17,85,9,4,3,2,100434,1,1,2,2,0,21
roster,27,23,1,pvp,589,0,1,0,4,1781127,0,0,0,17,94,10,2,2,1,54959,0,0,2,1,0,33
roster,27,23,2,pvp,657,0,1,0,5,2125504,239500,2500,0,17,125,10,3,3,1,140348,2,0,2,2,0,21
roster,27,23,3,pvp,498,0,0,3,0,1686359,0,0,0,17,53,11,3,3,1,120623,0,0,2,2,18,0
roster,27,24,0,pvp,552,0,1,0,3,1672594,88000,0,0,17,91,11,4,3,2,162291,1,0,2,2,0,9
roster,27,24,1,pvp,567,0,1,0,4,1895011,264926,10074,1972,17,145,10,2,2,4,152613,0,2,2,2,0,30
roster,27,24,2,pvp,756,0,0,2,0,2356683,0,0,0,8,89,13,3,3,5,185422,0,0,2,1,6,0
roster,27,24,3,pvp,429,0,0,4,0,1747450,147652,848,0,17,82,10,3,3,2,145951,1,0,2,2,18,0
roster,27,25,0,neutral,483,0,0,5,0,1839335,44000,0,0,8,157,7,2,2,1,93546,1,0,2,0,24,0
roster,27,25,1,neutral,557,0,0,4,0,1985500,0,0,0,8,113,8,1,1,1,55363,0,0,2,0,21,0
roster,27,25,2,neutral,488,0,0,5,0,1829586,165000,0,0,8,83,6,1,1,1,117000,2,0,2,0,33,0
roster,27,25,3,neutral,539,0,0,4,0,1889167,0,0,0,8,133,7,2,2,2,71194,0,0,2,0,21,0
roster,27,25,4,neutral,537,0,0,5,0,1729050,0,0,12520,8,126,7,2,2,1,132682,0,0,2,0,21,0
roster,27,25,5,neutral,850,0,1,0,2,2057702,66000,0,0,8,108,9,2,2,2,58227,1,0,2,0,0,0
roster,27,25,6,neutral,685,0,0,3,0,1981356,0,0,0,8,83,8,1,1,1,30545,0,0,2,0,12,0
roster,27,25,7,neutral,444,0,0,5,0,1814349,0,0,0,8,77,6,1,1,1,36273,0,0,1,0,36,0
roster,27,26,0,pvp,534,0,1,0,5,2042185,115700,5300,3913,17,69,11,3,2,1,88458,1,0,2,2,0,24
roster,27,26,1,pvp,424,0,0,7,0,1510884,179605,7395,16828,8,70,7,2,2,0,105666,2,0,2,2,42,0
roster,27,26,2,pvp,767,0,1,0,2,2173808,0,0,0,17,65,13,3,2,3,124167,0,0,2,1,0,18
roster,27,26,3,pvp,900,1,1,1,2,2189676,176000,0,0,17,109,12,4,3,4,148596,0,1,2,2,3,9
roster,27,27,0,pvp,442,0,0,5,0,1656838,99000,0,7749,17,125,10,3,2,1,118133,1,0,2,2,24,0
roster,27,27,1,pvp,868,0,0,1,0,2401988,0,0,0,17,82,15,3,3,3,90921,0,0,2,2,6,0
roster,27,27,2,pvp,606,0,0,5,0,2357837,346500,0,7826,17,89,11,3,3,3,158518,2,0,2,2,33,0
roster,27,27,3,pvp,445,0,1,0,4,1682415,71500,0,0,17,73,10,3,3,4,141816,1,0,2,1,0,30
roster,27,28,0,pvp,488,0,1,0,5,2119239,170364,136,9285,17,85,11,4,4,1,174261,1,0,2,2,0,39
roster,27,28,1,pvp,692,0,1,0,3,2269580,0,0,0,17,70,13,3,3,3,118825,0,0,2,2,0,21
roster,27,28,2,pvp,483,0,0,7,0,1759150,252751,5749,0,17,109,8,3,2,1,55695,2,1,2,2,42,0
roster,27,28,3,pvp,477,0,0,6,0,1578759,0,0,2583,8,77,9,3,3,3,98845,0,0,2,2,24,0
roster,27,29,0,ghost,626,0,1,0,2,2018412,121000,0,0,17,91,13,3,3,2,112380,1,0,2,2,0,12
roster,27,29,1,pvp,439,0,1,0,8,1745309,402889,15111,16363,17,72,8,3,3,3,148161,1,2,2,2,0,51
roster,27,29,2,pvp,544,0,1,0,5,1887624,0,0,0,17,65,11,3,3,2,142989,0,0,2,2,0,39
roster,27,29,3,pvp,900,1,0,1,1,2377249,0,0,0,17,91,14,4,3,3,76018,0,0,2,2,3,3
roster,27,30,0,neutral,610,0,0,3,0,2228676,0,0,0,8,77,9,1,1,2,49637,0,0,2,0,15,0
roster,27,30,1,neutral,592,0,0,5,0,2203432,66000,0,0,8,108,7,1,1,0,48000,2,0,2,0,33,0
roster,27,30,2,neutral,597,0,0,4,0,2107454,0,0,0,8,77,8,2,2,1,119318,0,0,2,0,18,0
roster,27,30,3,neutral,530,0,0,5,0,2060000,0,0,3682,8,171,7,2,2,2,113590,0,0,2,0,15,0
roster,27,30,4,neutral,606,0,1,0,3,2340687,121000,0,0,8,77,8,2,2,2,77318,1,0,2,0,0,0
roster,27,30,5,neutral,441,0,0,5,0,2020773,0,0,27158,8,77,7,2,2,2,66818,0,0,2,0,36,0
roster,27,31,0,pvp,618,0,0,4,0,2099192,0,0,0,17,95,12,3,2,1,92246,0,0,2,2,21,0
roster,27,31,1,pvp,705,0,0,5,0,2267085,397183,4317,0,17,89,11,3,2,0,63913,2,0,2,2,30,0
roster,27,31,2,pvp,492,0,1,0,3,1987946,187000,0,0,17,65,12,4,3,5,160601,1,0,2,2,0,21
roster,27,32,0,pvp,632,0,0,3,0,2259942,0,0,3913,17,94,13,3,3,1,114720,0,0,2,2,18,0
roster,27,32,1,pvp,454,0,0,7,0,1814683,482121,7379,0,17,109,8,3,3,1,95738,2,1,2,2,42,0
roster,27,32,2,pvp,712,0,0,3,0,2453639,0,0,0,8,85,13,4,3,5,175404,0,0,2,2,9,0
roster,27,33,0,pvp,687,0,1,0,4,2290776,280847,10653,0,17,89,12,3,3,2,125125,0,1,2,2,0,15
roster,27,33,1,pvp,557,0,0,7,0,2004174,260200,3800,0,17,108,9,3,3,0,73093,2,0,2,2,42,0
roster,27,33,2,pvp,429,0,1,0,6,1897412,0,0,30564,17,75,10,4,3,4,176917,0,0,2,2,0,45
roster,27,34,0,pvp,842,0,1,0,1,2298764,0,0,0,17,83,15,3,3,6,168935,0,0,2,2,0,9
roster,27,34,1,pvp,838,0,1,0,3,2580743,342880,3620,0,8,85,13,3,2,3,91510,2,0,2,2,0,27
roster,27,34,2,pvp,582,0,1,0,4,2140294,115500,0,0,17,145,12,4,4,2,141807,0,1,2,2,0,15
roster,27,35,0,neutral,810,0,1,0,2,2592930,0,0,6522,8,75,11,1,1,1,30545,0,0,2,0,0,0
roster,27,35,1,neutral,526,0,0,6,0,2347821,137500,0,0,8,106,6,1,1,0,39000,2,0,2,0,42,0
roster,27,35,2,neutral,683,0,1,0,2,2449488,0,0,0,8,58,10,2,2,2,66818,0,0,2,0,0,0
roster,27,35,3,neutral,593,0,0,5,0,2348484,0,0,3913,8,127,7,2,2,2,85908,0,0,2,0,21,0
roster,27,35,4,neutral,783,0,1,0,2,2519370,121891,4609,26088,8,77,10,2,2,1,77318,1,0,2,0,0,0
roster,27,35,5,neutral,412,0,0,6,0,2319836,0,0,4091,8,132,6,2,2,2,66818,0,0,2,0,45,0
roster,27,36,0,pvp,706,0,0,4,0,2399268,189661,2839,1972,17,109,13,2,1,1,55695,0,2,2,2,21,0
roster,27,36,1,pvp,638,0,1,0,5,2045646,0,0,0,17,105,11,4,4,1,174390,0,0,2,2,0,21
roster,27,36,2,pvp,373,0,1,0,6,1813611,71500,0,1972,8,55,10,4,4,3,180452,1,0,2,2,0,45
roster,27,37,0,ghost,539,0,0,7,0,2368123,284743,6757,11508,17,105,10,3,2,3,146312,0,2,2,2,39,0
roster,27,37,1,pvp,720,0,0,2,0,2458657,0,0,0,17,89,16,3,3,3,163711,0,0,2,2,12,0
roster,27,37,2,pvp,557,0,0,4,0,2489056,311770,1730,0,8,85,12,3,3,4,291615,2,0,2,2,24,0
roster,27,38,0,ghost,582,0,1,0,4,2504942,0,0,0,17,67,14,2,2,1,96491,0,0,2,2,0,36
roster,27,38,1,pvp,619,0,0,7,0,2361335,352000,0,0,17,108,10,3,3,2,109212,2,0,2,2,45,0
roster,27,38,2,pvp,541,0,1,0,4,2339703,0,0,4180,17,64,14,3,3,3,158295,0,0,2,2,0,33
roster,27,39,0,ghost,900,1,0,2,1,2760112,348387,9113,23712,17,97,14,2,2,2,100520,2,0,2,2,18,9
roster,27,39,1,pvp,616,0,1,0,4,2324796,0,0,0,17,73,14,3,3,1,160732,0,0,2,2,0,21
roster,27,39,2,pvp,675,0,1,0,4,2456115,0,0,0,8,70,14,2,2,1,80638,0,0,2,2,0,36
roster,27,40,0,neutral,813,0,0,5,0,2665690,303744,4256,0,8,117,7,1,1,0,48000,2,0,2,0,27,0
roster,27,40,1,neutral,900,1,0,2,1,2696240,0,0,14348,8,52,10,2,2,2,88773,0,0,2,0,12,0
roster,27,40,2,neutral,743,0,0,4,0,2768067,0,0,9627,8,108,9,2,2,2,77318,0,0,2,0,12,0
roster,27,40,3,neutral,489,0,0,7,0,2379754,0,0,0,8,100,6,0,0,0,0,0,0,2,0,60,0
roster,27,41,0,pvp,857,0,1,0,4,2993442,519756,2744,24816,8,83,14,1,1,0,30871,2,0,2,2,0,33
roster,27,41,1,pvp,900,1,0,2,1,2454388,0,0,0,17,116,15,4,4,2,141481,0,0,2,2,9,9
roster,27,42,0,ghost,479,0,0,6,0,2130794,0,0,0,17,56,12,2,2,1,59598,0,0,2,2,54,0
roster,27,42,1,pvp,635,0,1,0,5,2712070,307104,11896,0,17,89,13,3,3,3,219803,2,0,2,2,0,24
roster,27,43,0,ghost,573,0,1,0,5,2206639,0,0,3913,17,51,13,2,2,2,80819,0,0,2,2,0,45
roster,27,43,1,pvp,900,1,1,2,3,2937066,554718,6282,0,8,83,13,1,1,0,41609,2,0,2,2,15,30
roster,27,44,0,pvp,900,1,1,2,4,2964644,548442,18558,15770,8,51,12,1,1,1,41609,1,0,2,2,21,39
roster,27,45,0,neutral,751,0,0,5,0,3068959,135000,0,39130,8,131,8,1,1,0,39000,1,0,2,0,21,0
roster,27,45,1,neutral,461,0,0,7,0,2902632,0,0,4909,8,148,7,1,1,1,36273,0,0,2,0,54,0
roster,28,1,0,neutral,56,0,0,4,0,22909,0,0,0,17,56,1,1,1,1,7273,0,0,1,0,6,0
roster,28,1,1,neutral,60,0,0,4,0,22909,0,0,0,24,60,1,0,0,0,0,0,0,1,0,5,0
roster,28,1,2,neutral,88,0,0,3,0,24112,0,0,0,17,88,1,1,1,1,6000,0,0,1,0,5,0
roster,28,1,3,neutral,40,0,0,4,0,21000,0,0,0,17,40,1,1,1,1,16000,0,0,2,0,4,0
roster,28,1,4,neutral,56,0,0,4,0,21000,0,0,0,17,56,1,1,1,1,13364,0,0,2,0,4,0
roster,28,1,5,neutral,56,0,0,4,0,22909,0,0,0,17,56,1,1,1,1,4546,1,0,1,0,5,0
roster,28,1,6,neutral,83,0,0,4,0,22909,0,0,0,18,83,1,0,0,0,0,0,0,2,0,5,0
roster,28,1,7,neutral,72,0,0,4,0,21000,0,0,0,18,72,1,0,0,0,0,0,0,2,0,5,0
roster,28,2,0,neutral,101,0,0,4,0,46305,0,0,0,17,49,2,2,1,1,17136,0,0,2,0,6,0
roster,28,2,1,neutral,116,0,0,4,0,50566,0,0,0,18,62,2,0,0,0,0,0,0,1,0,9,0
roster,28,2,2,neutral,84,0,0,4,0,43327,0,0,763,17,40,2,1,1,1,17182,0,0,1,0,6,0
roster,28,2,3,neutral,72,0,0,4,0,45696,0,0,0,17,64,2,1,1,1,18000,0,0,1,0,8,0
roster,28,2,4,neutral,131,0,0,4,0,49370,0,0,0,18,64,2,0,0,0,0,1,0,1,0,8,0
roster,28,2,5,neutral,101,0,0,4,0,46305,0,0,0,17,56,2,1,1,0,9546,1,0,1,0,7,0
roster,28,2,6,neutral,72,0,0,4,0,41435,0,0,0,17,40,2,1,1,1,16000,0,0,1,0,9,0
roster,28,2,7,neutral,138,0,0,4,0,54827,0,0,0,18,77,2,0,0,0,0,0,0,2,0,5,0
roster,28,3,0,neutral,145,0,0,5,0,87340,0,0,0,17,72,3,1,1,1,6854,0,0,2,0,9,0
roster,28,3,1,neutral,116,0,0,5,0,81435,0,0,0,17,40,3,1,1,1,12000,0,0,1,0,11,0
roster,28,3,2,neutral,115,0,0,5,0,73535,0,0,2017,17,72,3,1,1,1,2436,0,0,1,0,11,0
roster,28,3,3,neutral,133,0,0,5,0,85696,0,0,0,17,64,3,1,1,1,18909,0,0,1,0,12,0
roster,28,3,4,neutral,133,0,0,5,0,80259,11185,2815,0,17,49,3,1,1,1,17136,1,0,1,0,9,0
roster,28,3,5,neutral,85,0,0,5,0,73999,6999,9501,0,17,49,3,1,1,0,24818,1,0,1,0,15,0
roster,28,3,6,neutral,116,0,0,5,0,75888,0,0,0,17,77,3,1,1,0,4854,0,0,2,0,13,0
roster,28,3,7,neutral,131,0,0,5,0,80036,0,0,0,17,56,3,1,1,1,17182,1,0,1,0,9,0
roster,28,4,0,pvp,574,0,0,1,0,933197,28000,0,0,17,102,9,1,1,0,71509,0,1,2,1,3,0
roster,28,4,1,pvp,765,0,1,0,1,1103210,151435,2565,5916,17,141,9,2,1,1,71217,0,1,1,1,0,3
roster,28,4,2,pvp,602,0,1,0,2,914041,0,0,0,17,221,8,2,2,2,53586,0,0,1,1,0,4
roster,28,4,3,pvp,413,0,0,3,0,939330,3500,0,0,17,104,7,1,1,0,24889,0,1,1,1,12,0
roster,28,5,0,neutral,161,0,0,5,0,324782,0,0,0,8,85,3,1,1,1,33409,0,0,1,0,18,0
roster,28,5,1,neutral,184,0,0,5,0,324347,0,0,0,8,65,3,1,1,0,27682,0,0,1,0,17,0
roster,28,5,2,neutral,232,0,0,4,0,333500,0,0,0,8,99,4,1,1,1,58227,0,0,1,0,12,0
roster,28,5,3,neutral,214,0,0,5,0,329170,0,0,0,8,113,3,1,1,1,49637,0,0,1,0,14,0
roster,28,5,4,neutral,242,0,0,5,0,319628,7000,0,0,8,94,3,0,0,0,0,1,0,1,0,14,0
roster,28,5,5,neutral,214,0,0,5,0,325653,27500,0,0,8,82,3,1,1,0,49637,1,0,1,0,17,0
roster,28,5,6,neutral,185,0,0,5,0,319130,0,0,0,17,105,3,1,1,1,30811,0,0,1,0,18,0
roster,28,5,7,neutral,203,0,0,5,0,347774,17500,0,0,8,126,3,0,0,0,0,1,0,1,0,15,0
roster,28,6,0,pvp,401,0,1,0,4,1021421,0,0,0,17,97,6,2,2,0,63323,0,0,1,1,0,11
roster,28,6,1,pvp,563,0,0,3,0,1034595,53574,426,0,17,109,7,2,2,2,94943,0,1,1,1,9,0
roster,28,6,2,pvp,427,0,0,4,0,950061,24500,0,0,18,190,6,1,1,0,58434,0,1,2,1,10,0
roster,28,6,3,pvp,484,0,1,0,2,1019990,33000,0,0,17,129,8,2,2,1,96106,1,0,1,1,0,9
roster,28,7,0,pvp,379,0,0,4,0,930415,0,0,0,17,82,6,2,2,2,95820,0,0,1,1,12,0
roster,28,7,1,pvp,314,0,1,0,4,768733,0,0,0,17,85,6,2,2,0,55695,0,0,1,1,0,24
roster,28,7,2,pvp,671,0,1,0,1,1212603,91000,0,0,17,217,9,2,2,1,73140,0,1,2,1,0,3
roster,28,7,3,pvp,516,0,0,2,0,1278181,16500,0,0,17,105,8,2,2,1,47445,1,0,1,2,6,0
roster,28,8,0,pvp,588,0,1,0,1,1231080,82500,0,0,17,109,9,2,2,1,80109,0,1,1,1,0,3
roster,28,8,1,pvp,439,0,1,0,5,994203,0,0,0,17,193,5,2,2,1,53712,0,0,1,2,0,21
roster,28,8,2,pvp,425,0,1,0,3,1103184,26000,0,0,8,170,7,2,2,1,77173,0,0,1,2,0,9
roster,28,8,3,pvp,513,0,1,0,2,1272324,0,0,0,17,170,8,2,2,1,46566,0,0,2,1,0,12
roster,28,9,0,pvp,430,0,1,0,3,1381034,26000,0,0,17,128,9,2,2,1,79331,0,0,1,2,0,12
roster,28,9,1,pvp,425,0,1,0,4,1336909,0,0,0,17,102,8,3,2,5,111340,0,0,1,2,0,12
roster,28,9,2,pvp,565,0,1,0,4,1239219,136119,1381,0,17,95,8,2,2,1,82840,0,1,2,1,0,15
roster,28,9,3,pvp,604,0,0,2,0,1683845,0,0,0,17,203,10,2,2,2,62322,0,0,2,1,9,0
roster,28,10,0,neutral,213,0,0,6,0,490090,0,0,0,8,127,3,1,1,1,33409,0,0,1,0,27,0
roster,28,10,1,neutral,209,0,0,6,0,487372,0,0,0,8,138,3,1,1,1,49636,0,0,1,0,24,0
roster,28,10,2,neutral,232,0,0,6,0,477068,26000,0,0,8,88,3,1,1,0,34472,0,0,2,0,21,0
roster,28,10,3,neutral,271,0,0,6,0,466949,0,0,0,8,167,3,1,0,0,0,0,0,2,0,27,0
roster,28,10,4,neutral,204,0,0,6,0,466967,0,0,1667,8,125,3,2,2,2,84737,0,0,2,0,18,0
roster,28,10,5,neutral,242,0,0,6,0,480363,33000,0,0,8,139,3,1,1,1,30545,1,0,1,0,24,0
roster,28,10,6,neutral,220,0,0,6,0,450695,0,0,0,8,143,3,1,1,0,30545,0,0,1,0,30,0
roster,28,10,7,neutral,201,0,0,6,0,455669,26000,0,0,8,85,3,1,1,0,31447,0,0,2,0,24,0
roster,28,11,0,pvp,748,0,0,1,0,1746360,0,0,0,17,179,11,2,2,4,122543,0,0,1,1,3,0
roster,28,11,1,pvp,806,0,-1,0,0,1531680,26000,0,3913,17,114,12,2,2,0,54545,0,0,1,1,0,0
roster,28,11,2,pvp,411,0,0,4,0,1342446,121000,0,0,17,189,8,2,2,4,94929,0,2,2,2,15,0
roster,28,11,3,pvp,369,0,0,4,0,1360530,52000,0,0,17,105,8,3,3,2,117283,0,0,2,2,18,0
roster,28,12,0,pvp,455,0,1,0,4,1575207,0,0,0,17,175,8,3,3,3,95604,0,0,2,2,0,15
roster,28,12,1,pvp,500,0,1,0,2,1424402,52000,0,0,17,111,10,2,2,2,58434,0,0,1,2,0,9
roster,28,12,2,pvp,490,0,1,0,4,1193834,0,0,0,17,126,8,2,2,2,89444,0,0,1,1,0,24
roster,28,12,3,pvp,382,0,0,4,0,1304271,106333,3667,0,17,133,8,3,2,1,109696,0,2,2,2,18,0
roster,28,13,0,pvp,900,1,0,2,1,1831099,0,0,0,17,161,9,2,2,2,66475,0,0,2,2,18,9
roster,28,13,1,pvp,512,0,0,3,0,1359942,93500,0,0,17,105,9,2,2,1,78023,0,2,1,2,15,0
roster,28,13,2,pvp,450,0,1,0,5,1192131,52000,0,0,17,121,7,2,2,2,48978,0,0,2,2,0,18
roster,28,13,3,pvp,489,0,1,0,1,1553674,52000,0,0,17,105,11,3,3,2,128309,0,0,2,2,0,3
roster,28,14,0,pvp,478,0,0,5,0,1374391,78000,0,10731,17,133,7,2,2,1,52632,0,0,2,2,27,0
roster,28,14,1,pvp,448,0,1,0,4,1292018,0,0,0,17,112,8,2,2,0,84680,0,0,1,2,0,21
roster,28,14,2,pvp,431,0,0,3,0,1381527,133436,4064,0,17,117,9,3,3,0,106057,0,2,2,2,9,0
roster,28,14,3,pvp,458,0,0,4,0,1370937,52000,0,0,17,177,8,2,2,0,51773,0,0,2,2,21,0
roster,28,15,0,neutral,260,0,0,6,0,577984,0,0,0,8,137,3,1,1,2,58227,0,0,2,0,33,0
roster,28,15,1,neutral,198,0,0,5,0,615300,0,0,0,8,142,4,1,1,1,30545,0,0,1,0,24,0
roster,28,15,2,neutral,283,0,0,6,0,647549,78000,0,0,8,182,3,1,1,0,30545,0,0,2,0,24,0
roster,28,15,3,neutral,251,0,0,6,0,604452,0,0,0,8,138,3,1,1,1,30545,0,0,2,0,27,0
roster,28,15,4,neutral,208,0,0,6,0,600225,0,0,0,8,141,3,2,2,1,85909,0,0,2,0,24,0
roster,28,15,5,neutral,237,0,0,6,0,586697,5500,0,0,8,101,3,1,1,0,23297,2,0,2,0,27,0
roster,28,15,6,neutral,283,0,0,6,0,613643,0,0,0,8,161,3,1,1,1,37843,0,0,2,0,30,0
roster,28,15,7,neutral,233,0,0,6,0,606337,26000,0,0,8,102,3,1,1,0,52500,0,0,2,0,24,0
roster,28,16,0,pvp,593,0,1,0,3,1669055,78000,0,0,17,109,9,2,2,1,70941,0,0,2,1,0,18
roster,28,16,1,pvp,410,0,1,0,3,1393316,0,0,0,17,111,9,2,2,2,77372,0,0,1,2,0,15
roster,28,16,2,pvp,531,0,0,3,0,1541500,78000,0,0,17,89,9,2,2,1,58227,0,0,2,2,15,0
roster,28,16,3,pvp,423,0,0,5,0,1413997,181015,5985,0,17,110,7,3,3,2,141711,0,2,2,2,24,0
roster,28,17,0,pvp,434,0,0,4,0,1479053,0,0,0,17,131,8,2,2,1,68883,0,0,2,1,24,0
roster,28,17,1,pvp,737,0,0,3,0,1899286,317204,1296,0,17,120,11,2,2,0,47666,0,2,2,2,12,0
roster,28,17,2,pvp,366,0,0,5,0,1496909,52000,0,3913,17,102,8,3,3,2,152912,0,0,2,1,27,0
roster,28,17,3,pvp,451,0,1,0,4,1712202,0,0,0,17,190,10,4,4,3,199744,0,0,2,2,0,18
roster,28,18,0,pvp,498,0,1,0,5,1589613,0,0,0,17,113,8,3,3,2,82834,0,0,2,2,0,21
roster,28,18,1,pvp,442,0,1,0,5,1393022,78000,0,0,17,110,8,2,2,2,98372,0,0,1,2,0,27
roster,28,18,2,pvp,533,0,0,2,0,1983689,0,0,0,17,157,12,4,4,3,150683,0,0,2,2,12,0
roster,28,18,3,pvp,523,0,1,0,4,1820350,264398,6102,0,17,128,9,2,2,0,43961,2,0,2,1,0,24
roster,28,19,0,pvp,645,0,0,2,0,2241266,0,0,0,17,142,12,4,4,5,260374,0,0,2,2,6,0
roster,28,19,1,pvp,457,0,0,4,0,1571475,0,0,3913,17,118,10,3,1,1,70439,0,0,1,2,24,0
roster,28,19,2,pvp,650,0,1,0,5,2044504,182000,0,0,8,171,9,2,2,0,87739,0,0,2,1,0,27
roster,28,19,3,pvp,417,0,1,0,4,1560850,186145,855,0,17,93,10,3,2,2,114400,2,0,2,2,0,21
roster,28,20,0,neutral,247,0,0,7,0,737402,0,0,0,8,155,3,2,2,3,94499,0,0,2,0,36,0
roster,28,20,1,neutral,222,0,0,7,0,746998,0,0,0,8,89,3,1,1,1,47075,0,0,1,0,36,0
roster,28,20,2,neutral,280,0,0,7,0,759892,78000,0,0,8,141,3,0,0,0,0,0,0,2,0,42,0
roster,28,20,3,neutral,223,0,0,7,0,702574,0,0,0,8,133,3,2,2,0,78883,0,0,2,0,42,0
roster,28,20,4,neutral,258,0,0,7,0,741168,0,0,0,8,145,3,2,2,1,65347,0,0,2,0,27,0
roster,28,20,5,neutral,241,0,0,7,0,743194,88000,0,0,8,112,3,1,1,1,30545,2,0,2,0,30,0
roster,28,20,6,neutral,221,0,0,7,0,693542,0,0,0,8,122,3,2,2,3,80182,0,0,2,0,33,0
roster,28,20,7,neutral,252,0,0,7,0,714648,26000,0,0,8,85,3,1,1,1,55363,0,0,1,0,39,0
roster,28,21,0,pvp,680,0,0,4,0,1883171,260638,3362,0,17,157,10,3,3,2,90391,0,2,2,2,27,0
roster,28,21,1,pvp,524,0,1,0,3,1842462,52000,0,0,17,131,11,2,2,4,136898,0,0,1,1,0,15
roster,28,21,2,pvp,493,0,1,0,5,1622540,52000,0,0,17,121,9,2,2,0,52222,0,0,2,2,0,24
roster,28,21,3,pvp,420,0,0,5,0,1585596,0,0,0,17,165,9,4,4,4,167890,0,0,2,2,30,0
roster,28,22,0,pvp,550,0,1,0,3,2012795,0,0,0,17,160,11,4,4,3,122760,0,0,2,2,0,24
roster,28,22,1,pvp,555,0,0,5,0,1783541,78000,0,0,18,131,9,1,1,0,19645,0,0,2,2,30,0
roster,28,22,2,pvp,545,0,1,0,2,1925057,291500,0,0,17,145,12,3,3,0,125557,0,2,2,2,0,9
roster,28,22,3,pvp,684,0,1,0,1,2157309,52000,0,0,17,172,13,3,3,2,107534,0,0,2,1,0,9
roster,28,23,0,pvp,643,0,0,3,0,2020928,0,0,0,17,104,11,3,3,4,127890,0,0,2,2,15,0
roster,28,23,1,pvp,570,0,1,0,4,1652856,78000,0,0,17,143,10,2,2,2,123288,0,0,2,2,0,21
roster,28,23,2,pvp,372,0,0,6,0,1600767,0,0,0,17,111,8,4,4,2,131951,0,0,2,2,39,0
roster,28,23,3,pvp,511,0,1,0,6,1860010,265161,6839,0,17,136,9,2,2,1,66735,2,0,2,2,0,30
roster,28,24,0,pvp,699,0,0,3,0,1976840,0,0,0,17,157,11,4,4,3,144309,0,0,2,2,21,0
roster,28,24,1,pvp,522,0,1,0,4,1900331,0,0,0,17,143,10,3,3,1,154335,0,0,2,2,0,30
roster,28,24,2,pvp,529,0,1,0,5,1740133,443221,8779,21176,17,124,9,1,1,1,21382,0,2,2,2,0,24
roster,28,24,3,pvp,376,0,1,0,6,1521976,26000,0,0,17,145,9,3,3,5,122818,0,0,2,2,0,27
roster,28,25,0,neutral,450,0,0,7,0,1664720,0,0,0,8,149,5,2,2,1,84038,0,0,2,0,36,0
roster,28,25,1,neutral,578,0,0,4,0,1865523,0,0,0,8,106,7,1,1,0,27682,0,0,2,0,21,0
roster,28,25,2,neutral,498,0,0,5,0,1811490,78000,0,5455,8,133,7,1,1,2,77318,0,0,2,0,27,0
roster,28,25,3,neutral,426,0,0,5,0,1688501,0,0,0,8,125,6,2,2,1,61090,0,0,2,0,24,0
roster,28,25,4,neutral,564,0,0,4,0,1767288,0,0,0,8,116,7,2,2,1,61090,0,0,2,0,18,0
roster,28,25,5,neutral,900,1,0,2,1,2104842,208000,1000,0,8,100,8,1,1,0,49636,2,0,2,0,9,0
roster,28,25,6,neutral,479,0,0,5,0,1670008,0,0,0,8,105,6,2,2,2,171817,0,0,2,0,24,0
roster,28,25,7,neutral,402,0,0,7,0,1727989,52000,0,16365,8,110,5,1,1,1,80182,0,0,2,0,33,0
roster,28,26,0,pvp,654,0,1,0,3,2349120,78000,0,0,17,153,13,4,4,4,166006,0,0,2,2,0,21
roster,28,26,1,pvp,496,0,1,0,5,1822049,0,0,0,17,117,10,3,3,2,116692,0,0,2,2,0,27
roster,28,26,2,pvp,764,0,1,0,4,2158705,156000,0,10566,17,92,11,3,3,0,79434,0,0,2,2,0,18
roster,28,26,3,pvp,484,0,0,5,0,1721361,151000,0,0,17,135,10,3,2,2,98646,0,2,2,2,36,0
roster,28,27,0,pvp,900,1,1,1,4,2667566,697648,3352,0,17,149,11,3,3,1,110102,0,2,2,2,9,21
roster,28,27,1,pvp,483,0,0,4,0,1730637,0,0,0,17,137,10,3,3,0,89910,0,0,2,2,24,0
roster,28,27,2,pvp,474,0,1,0,8,1861081,182000,0,0,8,104,8,3,3,1,114849,0,0,2,2,0,42
roster,28,27,3,pvp,616,0,0,2,0,2381612,0,0,0,17,131,14,4,4,2,141816,0,0,2,2,15,0
roster,28,28,0,pvp,427,0,0,6,0,1696089,0,0,0,17,129,9,4,3,3,155794,0,0,2,2,36,0
roster,28,28,1,pvp,439,0,1,0,6,1746675,52000,0,9880,17,145,9,3,3,1,139017,0,0,2,2,0,27
roster,28,28,2,pvp,476,0,1,0,6,1967537,78000,0,0,17,138,10,3,3,4,156318,0,0,2,2,0,36
roster,28,28,3,pvp,437,0,1,0,6,1742734,167000,6000,0,17,89,10,3,3,3,139652,2,0,2,2,0,33
roster,28,29,0,ghost,506,0,1,0,4,1895613,0,0,2583,17,137,12,4,4,5,208498,0,0,2,2,0,15
roster,28,29,1,pvp,669,0,0,5,0,2231890,0,0,0,17,152,11,4,4,2,176136,0,0,2,2,33,0
roster,28,29,2,pvp,900,1,1,1,2,2614076,644899,5101,0,17,112,13,2,2,1,55695,0,2,2,2,9,9
roster,28,29,3,pvp,586,0,0,3,0,2466843,52000,0,0,17,145,13,4,4,2,162230,0,0,2,2,18,0
roster,28,30,0,neutral,499,0,0,6,0,1878496,0,0,0,8,102,6,1,1,2,80182,0,0,2,0,39,0
roster,28,30,1,neutral,645,0,0,4,0,2196726,0,0,0,8,83,8,1,1,0,27682,0,0,2,0,24,0
roster,28,30,2,neutral,430,0,0,5,0,1976111,0,0,28173,8,148,7,2,2,2,110726,0,0,2,0,30,0
roster,28,30,3,neutral,613,0,0,3,0,2183306,0,0,0,8,81,9,2,2,3,107863,0,0,2,0,9,0
roster,28,30,4,neutral,642,0,0,5,0,2366284,435195,5805,0,8,106,7,1,0,0,0,2,0,2,0,21,0
roster,28,30,5,neutral,522,0,0,5,0,1991916,0,0,0,8,125,7,2,2,2,144135,0,0,2,0,24,0
roster,28,30,6,neutral,438,0,0,6,0,2001817,52000,0,0,8,260,6,2,2,2,107864,0,0,2,0,27,0
roster,28,31,0,ghost,788,0,1,0,3,2423746,104000,0,0,17,145,13,4,3,1,75340,0,0,2,2,0,12
roster,28,31,1,pvp,681,0,1,0,6,2264265,78000,0,0,17,111,10,3,3,4,112293,0,0,2,2,0,30
roster,28,31,2,pvp,465,0,1,0,5,2058930,0,0,0,17,141,11,3,3,4,122295,0,0,2,2,0,27
roster,28,31,3,pvp,618,0,0,3,0,2219488,255500,0,5885,17,124,14,3,3,5,126519,0,2,2,2,15,0
roster,28,32,0,pvp,697,0,0,4,0,2294349,280436,4064,3913,17,88,13,2,2,2,104501,0,2,2,2,27,0
roster,28,32,1,pvp,599,0,0,4,0,2313584,52000,0,0,17,164,12,4,4,2,122235,0,0,2,2,24,0
roster,28,32,2,pvp,449,0,1,0,5,1822616,0,0,0,17,144,11,4,4,4,227454,0,0,2,2,0,21
roster,28,33,0,ghost,444,0,0,7,0,1749190,0,0,0,17,123,9,4,4,4,181492,0,0,2,2,42,0
roster,28,33,1,pvp,517,0,0,6,0,1760024,0,0,7072,17,154,10,3,3,1,109007,0,0,2,2,39,0
roster,28,33,2,pvp,463,0,1,0,6,2105724,104000,0,0,17,109,11,4,4,3,117254,0,0,2,2,0,36
roster,28,34,0,pvp,604,0,1,0,8,2101329,130000,0,14141,17,129,9,3,3,2,104775,0,0,2,2,0,51
roster,28,34,1,pvp,576,0,0,3,0,2213831,0,0,0,17,117,13,4,4,2,183241,0,0,2,2,18,0
roster,28,35,0,neutral,589,0,0,7,0,2098444,0,0,8182,8,160,5,1,1,2,102137,0,0,2,0,48,0
roster,28,35,1,neutral,508,0,0,4,0,2276539,0,0,0,8,127,8,2,2,3,102137,0,0,2,0,33,0
roster,28,35,2,neutral,569,0,0,4,0,2348539,0,0,0,8,123,9,2,2,2,129818,0,0,2,0,26,0
roster,28,35,3,neutral,411,0,0,7,0,2245228,104000,0,0,8,121,6,2,2,2,107864,0,0,2,0,42,0
roster,28,36,0,pvp,711,0,1,0,3,2473694,0,0,0,17,125,14,3,3,5,211417,0,0,2,2,0,11
roster,28,36,1,pvp,588,0,1,0,4,2488401,130000,0,0,17,147,13,4,2,4,110647,0,0,2,2,0,24
roster,28,37,0,pvp,534,0,1,0,7,2200151,0,0,0,17,124,10,2,2,1,108847,0,0,2,2,0,57
roster,28,37,1,pvp,476,0,1,0,8,2185314,104000,0,0,17,156,10,4,4,5,133563,0,0,2,2,0,45
roster,28,38,0,pvp,555,0,1,0,9,2143209,104000,0,8348,17,125,8,3,3,3,128616,0,0,2,2,0,54
roster,28,38,1,pvp,511,0,0,5,0,2400721,0,0,0,17,148,13,3,3,4,128368,0,0,2,2,39,0
roster,28,39,0,ghost,816,0,1,0,3,3077708,182000,0,21306,17,149,15,3,2,2,68873,0,0,2,2,0,30
roster,28,39,1,pvp,579,0,0,4,0,2377080,0,0,6300,17,147,14,3,3,2,104207,0,0,2,2,39,0
roster,28,40,0,neutral,551,0,0,6,0,2482202,0,0,0,8,137,7,1,1,1,77318,0,0,2,0,42,0
roster,28,40,1,neutral,576,0,0,5,0,2569220,0,0,0,8,106,8,2,2,3,154636,0,0,2,0,26,0
roster,28,40,2,neutral,509,0,0,6,0,2553961,130000,0,4500,8,160,7,2,2,1,105000,0,0,2,0,36,0
roster,28,41,0,ghost,530,0,1,0,8,2165925,130000,0,5091,17,125,10,4,3,1,108651,0,0,2,2,0,45
roster,28,41,1,pvp,771,0,1,0,3,2761408,182000,0,6211,17,145,15,3,3,0,85757,0,0,2,2,0,21
roster,28,42,0,pvp,641,0,0,5,0,2825840,156000,0,10731,17,107,13,3,2,0,46123,0,0,2,2,45,0
roster,28,43,0,pvp,900,1,1,1,1,3136666,78000,0,3066,17,104,16,3,3,2,100644,0,0,2,2,12,9
roster,28,44,0,pvp,651,0,1,0,5,2768905,52000,0,0,17,121,13,3,3,3,127545,0,0,2,2,0,30
roster,28,45,0,neutral,576,0,0,5,0,2908443,0,0,0,8,108,8,1,1,0,30545,0,0,2,0,39,0
roster,28,45,1,neutral,507,0,0,5,0,2901769,78000,0,0,8,139,8,2,2,4,126956,0,0,2,0,24,0
roster,29,1,0,neutral,77,0,0,4,0,24818,0,0,0,18,77,1,0,0,0,0,0,0,1,0,6,0
roster,29,1,1,neutral,56,0,0,4,0,21000,0,0,0,17,56,1,1,1,1,7273,0,0,1,0,6,0
roster,29,1,2,neutral,49,0,0,4,0,21000,0,0,0,17,49,1,2,1,1,17136,0,0,2,0,4,0
roster,29,1,3,neutral,56,0,0,4,0,22556,0,0,0,17,56,1,2,1,1,16000,0,0,2,0,4,0
roster,29,1,4,neutral,56,0,0,4,0,22909,0,0,0,17,56,1,1,1,1,12182,0,0,1,0,4,0
roster,29,1,5,neutral,73,0,0,4,0,22909,1909,1591,0,18,73,1,0,0,0,0,1,0,2,0,6,0
roster,29,1,6,neutral,56,0,0,4,0,21000,0,0,0,17,56,1,1,1,1,6000,0,0,2,0,4,0
roster,29,1,7,neutral,56,0,0,4,0,22556,0,0,0,17,56,1,1,1,0,16273,0,0,1,0,5,0
roster,29,2,0,neutral,113,0,0,4,0,47296,0,0,0,18,60,2,0,0,0,0,0,0,2,0,8,0
roster,29,2,1,neutral,131,0,0,4,0,50926,0,0,0,17,73,2,1,0,0,0,0,0,1,0,5,0
roster,29,2,2,neutral,101,0,0,4,0,46305,0,0,0,17,40,2,1,1,1,17182,1,0,1,0,7,0
roster,29,2,3,neutral,113,0,0,4,0,48852,0,0,0,17,56,2,2,1,1,16000,0,0,2,0,4,0
roster,29,2,4,neutral,145,0,0,4,0,49370,3500,0,0,18,64,2,0,0,0,0,1,0,1,0,7,0
roster,29,2,5,neutral,94,0,0,4,0,45999,6999,1,0,17,56,2,1,1,1,9546,1,0,2,0,5,0
roster,29,2,6,neutral,84,0,0,4,0,45222,0,0,0,17,40,2,1,1,1,21000,0,0,2,0,6,0
roster,29,2,7,neutral,113,0,0,4,0,47296,0,0,0,17,56,2,1,1,1,11000,0,0,1,0,6,0
roster,29,3,0,neutral,150,0,0,5,0,85696,0,0,0,18,60,3,0,0,0,0,0,0,2,0,13,0
roster,29,3,1,neutral,133,0,0,5,0,83162,10907,5593,0,17,77,3,1,1,0,15364,1,0,1,0,12,0
roster,29,3,2,neutral,101,0,0,5,0,75870,0,0,0,17,40,3,2,2,1,31263,1,0,2,0,11,0
roster,29,3,3,neutral,142,0,0,5,0,80036,0,0,0,17,56,3,2,2,2,19728,0,0,2,0,9,0
roster,29,3,4,neutral,121,0,0,5,0,79295,10221,279,0,17,56,3,1,1,1,12182,1,0,1,0,8,0
roster,29,3,5,neutral,123,0,0,5,0,79518,10444,56,0,17,65,3,1,1,1,18909,1,0,1,0,11,0
roster,29,3,6,neutral,117,0,0,5,0,78185,0,0,0,17,40,3,2,2,2,30255,0,0,2,0,7,0
roster,29,3,7,neutral,116,0,0,5,0,80131,0,0,0,17,40,3,1,1,1,28000,0,0,1,0,12,0
roster,29,4,0,pvp,347,0,0,3,0,748249,0,0,0,17,94,7,2,2,0,45309,0,0,2,2,12,0
roster,29,4,1,pvp,456,0,1,0,4,665389,0,0,0,17,172,6,2,2,1,69972,0,0,1,2,0,9
roster,29,4,2,pvp,347,0,1,0,4,814935,38500,0,0,17,89,6,2,2,1,96866,1,0,1,1,0,12
roster,29,4,3,pvp,609,0,1,0,3,953474,235090,2910,0,17,145,7,1,1,1,36996,2,2,2,2,0,6
roster,29,5,0,neutral,223,0,0,4,0,329444,0,0,0,8,121,4,1,1,0,18909,0,0,1,0,21,0
roster,29,5,1,neutral,330,0,0,4,0,383936,0,0,0,8,148,4,0,0,0,0,0,0,2,0,10,0
roster,29,5,2,neutral,221,0,0,5,0,342005,21000,0,1636,8,74,3,1,1,1,31772,1,0,1,0,15,0
roster,29,5,3,neutral,180,0,0,5,0,315554,0,0,0,8,54,3,1,1,1,52500,0,0,2,0,15,0
roster,29,5,4,neutral,241,0,0,5,0,370005,38500,0,0,8,157,3,0,0,0,0,1,0,1,0,18,0
roster,29,5,5,neutral,240,0,0,4,0,363131,14000,0,0,8,116,4,0,0,0,0,1,0,2,0,10,0
roster,29,5,6,neutral,208,0,0,5,0,337774,0,0,0,8,77,3,2,2,2,52318,0,0,2,0,17,0
roster,29,5,7,neutral,197,0,0,5,0,338485,0,0,0,8,112,3,1,1,0,27821,0,0,1,0,15,0
roster,29,6,0,pvp,490,0,1,0,3,1184481,115500,0,0,17,111,7,1,1,0,29217,0,1,1,2,0,11
roster,29,6,1,pvp,354,0,1,0,5,824721,26000,0,0,17,82,5,1,1,1,21497,0,0,2,1,0,18
roster,29,6,2,pvp,403,0,1,0,4,918722,35000,0,7888,17,175,6,2,2,2,85464,1,0,1,1,0,16
roster,29,6,3,pvp,429,0,0,5,0,918333,63000,0,1760,17,89,5,1,1,1,58227,0,1,2,1,15,0
roster,29,7,0,pvp,417,0,0,2,0,1115861,52000,0,0,18,95,8,0,0,0,0,0,0,1,2,12,0
roster,29,7,1,pvp,444,0,1,0,3,996770,98500,0,0,17,128,7,2,2,2,101252,1,1,1,1,0,12
roster,29,7,2,pvp,431,0,0,2,0,1199914,0,0,0,17,140,8,2,2,2,92244,0,0,2,1,6,0
roster,29,7,3,pvp,330,0,1,0,3,888784,48000,0,0,17,65,7,3,3,0,98650,1,0,2,2,0,12
roster,29,8,0,pvp,592,0,1,0,1,1363610,0,0,0,17,108,9,2,2,0,65334,0,0,2,2,0,3
roster,29,8,1,pvp,499,0,1,0,3,1081540,53500,0,0,8,85,7,1,1,3,70342,0,1,1,1,0,12
roster,29,8,2,pvp,459,0,1,0,4,994456,22000,0,0,17,191,6,2,2,0,55434,1,0,2,2,0,12
roster,29,8,3,pvp,424,0,0,3,0,1188950,33000,0,0,17,121,7,2,2,3,79704,1,0,1,1,9,0
roster,29,9,0,pvp,671,0,0,4,0,1494815,95109,2391,0,17,125,8,1,1,1,54284,0,1,2,2,18,0
roster,29,9,1,pvp,366,0,1,0,5,1099572,0,0,0,17,94,7,1,1,1,60483,0,0,2,1,0,24
roster,29,9,2,pvp,600,0,0,2,0,1648079,49500,0,0,17,134,10,2,2,1,53101,0,1,2,1,6,0
roster,29,9,3,pvp,394,0,1,0,5,1247294,120500,0,0,8,94,7,3,3,3,107934,1,0,1,2,0,15
roster,29,10,0,neutral,280,0,0,6,0,446411,0,0,0,8,182,3,0,0,0,0,0,0,2,0,30,0
roster,29,10,1,neutral,240,0,0,5,0,495978,0,0,0,8,90,4,0,0,0,0,0,0,2,0,21,0
roster,29,10,2,neutral,204,0,0,6,0,466320,27500,0,0,8,122,3,1,1,2,55363,1,0,2,0,24,0
roster,29,10,3,neutral,249,0,0,6,0,439932,0,0,0,8,184,3,1,1,1,35811,0,0,2,0,24,0
roster,29,10,4,neutral,226,0,0,6,0,490250,38500,0,6135,8,177,3,1,1,1,42545,1,0,1,0,24,0
roster,29,10,5,neutral,173,0,0,6,0,460742,40750,3250,0,8,108,3,2,2,1,80182,1,0,2,0,30,0
roster,29,10,6,neutral,223,0,0,6,0,475113,0,0,0,8,155,3,1,1,0,33409,0,0,2,0,24,0
roster,29,10,7,neutral,254,0,0,6,0,492977,52000,0,0,8,114,3,2,1,0,46773,0,0,2,0,21,0
roster,29,11,0,pvp,540,0,0,2,0,1649621,0,0,15575,17,175,10,2,1,3,111285,0,0,2,2,9,0
roster,29,11,1,pvp,391,0,1,0,5,1267578,121000,0,0,17,130,7,2,1,3,72545,0,1,1,2,0,27
roster,29,11,2,pvp,820,0,1,0,2,1726199,272285,29715,47836,8,177,10,1,1,0,29217,1,1,2,1,0,9
roster,29,11,3,pvp,505,0,0,2,0,1428940,0,0,0,17,113,10,3,3,0,78251,0,0,2,2,6,0
roster,29,12,0,pvp,648,0,0,3,0,1537083,111000,0,3913,17,133,9,2,2,2,79696,0,1,2,1,12,0
roster,29,12,1,pvp,680,0,1,0,3,1355849,27500,0,4435,8,122,9,0,0,0,0,0,1,1,2,0,12
roster,29,12,2,pvp,391,0,0,5,0,1426197,0,0,0,17,81,7,4,4,2,131744,0,0,2,2,21,0
roster,29,12,3,pvp,435,0,0,3,0,1341853,27500,0,0,17,113,9,3,3,5,160368,1,0,2,2,15,0
roster,29,13,0,pvp,524,0,0,1,0,1601588,26000,0,0,17,99,11,3,3,4,120101,0,0,2,2,6,0
roster,29,13,1,pvp,424,0,1,0,5,1268281,0,0,0,17,93,7,2,2,1,124139,0,0,1,2,0,21
roster,29,13,2,pvp,498,0,1,0,3,1399303,126500,0,0,17,156,9,2,2,1,53728,1,1,2,2,0,18
roster,29,13,3,pvp,384,0,1,0,4,1251635,37000,0,31133,17,94,8,2,2,2,99263,1,0,1,2,0,18
roster,29,14,0,pvp,487,0,0,3,0,1418225,33000,0,0,17,113,9,1,1,0,24818,0,1,2,2,21,0
roster,29,14,1,pvp,609,0,1,0,4,1529492,89000,0,2553,8,118,8,1,1,2,66416,0,1,1,1,0,15
roster,29,14,2,pvp,334,0,0,5,0,1401184,0,0,0,17,194,7,3,3,1,76662,0,0,2,2,21,0
roster,29,14,3,pvp,457,0,0,3,0,1519954,152500,0,0,17,138,9,4,4,1,99251,1,0,2,2,21,0
roster,29,15,0,neutral,236,0,0,6,0,603338,0,0,0,8,137,3,1,1,0,52500,0,0,2,0,36,0
roster,29,15,1,neutral,278,0,0,6,0,634259,0,0,0,8,147,3,0,0,0,0,0,0,1,0,33,0
roster,29,15,2,neutral,326,0,0,6,0,651401,89222,4278,22095,8,179,3,0,0,0,0,1,0,2,0,27,0
roster,29,15,3,neutral,228,0,0,6,0,590781,0,0,0,8,143,3,2,2,1,80181,0,0,2,0,24,0
roster,29,15,4,neutral,282,0,0,6,0,627622,89668,2332,0,8,97,3,1,1,1,52500,1,0,1,0,24,0
roster,29,15,5,neutral,233,0,0,6,0,613435,33000,0,0,8,121,3,2,2,1,105000,1,0,2,0,30,0
roster,29,15,6,neutral,241,0,0,6,0,603002,0,0,0,8,124,3,1,1,0,33409,0,0,2,0,24,0
roster,29,15,7,neutral,278,0,0,6,0,627850,52000,0,0,8,129,3,2,1,0,46773,0,0,2,0,21,0
roster,29,16,0,pvp,475,0,0,2,0,1698104,0,0,0,17,151,10,2,2,1,84913,0,0,2,2,12,0
roster,29,16,1,pvp,667,0,0,4,0,1396196,19267,2733,2583,8,122,8,0,0,0,0,0,1,1,2,27,0
roster,29,16,2,pvp,385,0,0,4,0,1473863,26000,0,0,17,105,8,3,3,1,97344,0,0,2,2,21,0
roster,29,16,3,pvp,409,0,1,0,4,1365206,86500,0,0,17,104,8,3,3,2,138000,1,1,1,2,0,21
roster,29,17,0,pvp,427,0,1,0,5,1506419,70500,1000,0,17,101,7,3,3,2,161149,0,1,2,2,0,27
roster,29,17,1,pvp,556,0,1,0,4,1558206,0,0,0,17,122,8,2,2,1,104701,0,0,1,2,0,12
roster,29,17,2,pvp,407,0,1,0,5,1334009,44000,0,0,17,131,7,1,1,1,27682,1,0,2,2,0,24
roster,29,17,3,pvp,366,0,1,0,7,1272195,126000,0,4320,8,133,6,3,3,2,104686,1,0,1,2,0,24
roster,29,18,0,pvp,444,0,1,0,4,1718681,0,0,0,17,140,8,2,1,1,24889,0,0,2,2,0,21
roster,29,18,1,pvp,488,0,1,0,5,1517631,52000,0,2583,8,216,8,3,3,1,93571,0,0,1,2,0,15
roster,29,18,2,pvp,508,0,1,0,4,1454845,214500,0,0,17,213,8,2,2,3,104273,1,1,2,2,0,24
roster,29,18,3,pvp,401,0,1,0,5,1223027,63000,0,28808,17,84,7,2,2,0,113383,1,0,1,2,0,21
roster,29,19,0,pvp,624,0,0,4,0,1988752,104000,0,0,17,85,10,2,2,1,51367,0,0,2,1,30,0
roster,29,19,1,pvp,459,0,1,0,4,1632227,75500,0,0,8,138,10,3,3,3,115126,1,0,2,2,0,12
roster,29,19,2,pvp,472,0,0,5,0,1573392,116500,0,3913,17,131,9,3,3,0,137836,0,1,2,2,24,0
roster,29,19,3,pvp,425,0,0,4,0,1695394,88000,0,0,17,126,10,4,4,4,150227,1,0,2,2,21,0
roster,29,20,0,neutral,221,0,0,7,0,704222,26000,0,0,8,99,3,1,1,1,31256,0,0,2,0,42,0
roster,29,20,1,neutral,293,0,0,6,0,777130,0,0,0,8,125,4,1,1,1,49637,0,0,1,0,33,0
roster,29,20,2,neutral,278,0,0,7,0,721748,44000,0,17178,8,138,3,1,1,2,58227,1,0,2,0,30,0
roster,29,20,3,neutral,242,0,0,7,0,704224,0,0,0,8,132,3,2,2,2,99274,0,0,2,0,30,0
roster,29,20,4,neutral,323,0,0,6,0,800458,61634,12366,14315,8,175,4,1,1,1,69682,1,0,2,0,24,0
roster,29,20,5,neutral,294,0,0,7,0,745648,81280,1220,0,8,106,3,2,2,1,61090,1,0,2,0,36,0
roster,29,20,6,neutral,230,0,0,7,0,734236,0,0,0,8,115,3,2,2,1,110727,0,0,2,0,27,0
roster,29,20,7,neutral,260,0,0,7,0,734979,52000,0,0,8,120,3,2,2,0,60000,0,0,2,0,24,0
roster,29,21,0,pvp,478,0,0,5,0,1627122,146500,0,3913,17,104,9,2,2,2,118103,0,1,2,2,30,0
roster,29,21,1,pvp,612,0,0,5,0,1608162,19267,2733,0,8,108,9,2,2,2,75343,0,1,1,2,30,0
roster,29,21,2,pvp,577,0,0,4,0,1959818,110000,0,0,17,153,10,4,4,1,129212,0,1,2,2,21,0
roster,29,21,3,pvp,422,0,0,5,0,1549760,0,0,0,17,85,9,4,4,4,150956,0,0,2,2,21,0
roster,29,22,0,pvp,413,0,1,0,5,1742063,52000,0,12320,17,113,9,3,3,1,115176,0,0,2,2,0,24
roster,29,22,1,pvp,743,0,1,0,3,2067248,78037,4463,0,17,125,11,3,3,3,110587,0,1,1,2,0,15
roster,29,22,2,pvp,443,0,1,0,4,1642265,44000,0,0,17,136,10,3,3,1,128062,1,0,2,2,0,18
roster,29,22,3,pvp,584,0,0,3,0,1763973,230000,0,4320,8,133,11,3,3,3,151481,1,0,2,2,15,0
roster,29,23,0,pvp,476,0,0,4,0,1758850,103000,0,3944,17,99,10,3,3,1,148855,0,1,2,2,24,0
roster,29,23,1,pvp,784,0,1,0,3,1958079,198500,0,7953,8,117,11,2,2,3,136307,0,1,1,2,0,12
roster,29,23,2,pvp,392,0,1,0,6,1479161,33000,0,9860,17,99,8,3,3,3,134818,1,0,2,2,0,27
roster,29,23,3,pvp,388,0,0,4,0,1677065,26000,0,0,17,134,10,4,4,3,143704,0,0,2,2,18,0
roster,29,24,0,pvp,393,0,0,4,0,1513907,26000,0,5166,17,82,10,3,3,2,94852,0,0,2,2,24,0
roster,29,24,1,pvp,452,0,1,0,5,1702476,0,0,19536,17,93,9,3,3,2,129893,0,0,1,2,0,18
roster,29,24,2,pvp,384,0,1,0,5,1525096,166485,4015,0,17,105,9,3,3,3,148191,1,1,2,2,0,24
roster,29,24,3,pvp,478,0,1,0,3,1762686,115000,0,0,17,99,11,3,3,3,232332,1,0,2,2,0,15
roster,29,25,0,neutral,432,0,0,6,0,1816673,52000,0,0,8,225,5,1,1,0,52500,0,0,2,0,36,0
roster,29,25,1,neutral,630,0,0,4,0,1987390,0,0,46953,8,83,7,1,1,1,66819,0,0,1,0,21,0
roster,29,25,2,neutral,494,0,0,6,0,1617020,27500,0,63365,8,108,6,1,1,1,57859,1,0,2,0,24,0
roster,29,25,3,neutral,413,0,0,6,0,1667532,0,0,0,8,131,5,2,2,4,141272,0,0,2,0,21,0
roster,29,25,4,neutral,685,0,1,0,3,2103291,122000,0,5455,8,125,8,1,1,0,36273,1,0,2,0,0,0
roster,29,25,5,neutral,446,0,0,5,0,1762935,44000,0,0,8,131,6,2,2,2,121228,1,0,2,0,27,0
roster,29,25,6,neutral,584,0,0,3,0,1872650,0,0,5334,8,156,8,2,2,0,61091,0,0,2,0,15,0
roster,29,25,7,neutral,668,0,0,2,0,2019271,26000,0,0,8,125,9,2,2,1,110726,0,0,2,0,6,0
roster,29,26,0,pvp,621,0,0,3,0,1979803,78000,0,2613,17,126,11,2,2,0,60090,0,0,2,1,21,0
roster,29,26,1,pvp,383,0,1,0,5,1664833,33000,0,0,17,136,10,3,3,1,119406,1,0,2,2,0,21
roster,29,26,2,pvp,436,0,0,5,0,1649017,26000,0,12090,17,104,9,4,4,2,134349,0,0,2,2,24,0
roster,29,26,3,pvp,411,0,1,0,5,1381866,85000,0,0,17,101,9,3,3,3,121192,1,1,2,2,0,24
roster,29,27,0,ghost,375,0,1,0,7,1644295,52000,0,0,17,125,8,3,3,2,156150,0,0,2,2,0,27
roster,29,27,1,pvp,587,0,1,0,5,2003875,0,0,3913,17,94,11,3,3,1,214039,0,0,2,2,0,21
roster,29,27,2,pvp,328,0,0,7,0,1378954,100000,0,0,17,89,7,3,3,1,110339,0,1,2,2,30,0
roster,29,27,3,pvp,504,0,0,3,0,1848419,84109,2391,0,17,161,12,4,4,1,171618,1,0,2,2,15,0
roster,29,28,0,pvp,467,0,0,6,0,1493186,141000,0,0,17,104,8,2,2,1,61174,0,1,2,2,39,0
roster,29,28,1,pvp,470,0,0,2,0,2036765,96609,2391,0,17,125,12,4,4,2,160077,0,1,2,2,6,0
roster,29,28,2,pvp,381,0,0,6,0,1651120,0,0,8413,17,85,10,4,4,2,117371,0,0,2,2,24,0
roster,29,29,0,ghost,491,0,0,4,0,1960016,0,0,13500,17,167,12,4,4,3,162346,0,0,2,2,18,0
roster,29,29,1,pvp,517,0,1,0,5,2200609,130000,0,0,17,88,11,3,3,1,94127,0,0,2,2,0,21
roster,29,29,2,pvp,480,0,0,4,0,1878125,235367,5133,0,17,85,11,4,4,3,153357,1,0,2,2,21,0
roster,29,30,0,neutral,426,0,0,6,0,2040004,78000,0,0,8,131,6,1,1,2,71591,0,0,2,0,33,0
roster,29,30,1,neutral,463,0,0,4,0,2092281,0,0,0,8,131,8,2,2,2,113590,0,0,2,0,18,0
roster,29,30,2,neutral,724,0,0,3,0,2300829,187000,0,0,8,106,8,2,2,1,83045,1,0,2,0,18,0
roster,29,30,3,neutral,487,0,0,6,0,2006437,0,0,0,8,131,6,2,2,3,94500,0,0,2,0,24,0
roster,29,30,4,neutral,533,0,0,4,0,2093378,26000,0,0,8,108,8,2,2,0,121228,0,0,2,0,12,0
roster,29,31,0,ghost,473,0,1,0,6,1794758,130000,0,24187,17,85,10,3,3,1,77774,0,0,2,2,0,39
roster,29,31,1,pvp,437,0,1,0,6,2077290,78000,0,0,17,113,10,3,3,3,114263,0,0,2,2,0,21
roster,29,31,2,pvp,530,0,0,6,0,2009439,313500,0,7826,17,103,10,4,4,3,129037,1,0,2,2,36,0
roster,29,32,0,ghost,427,0,1,0,5,1968636,0,0,0,17,201,11,4,4,2,199619,0,0,2,2,0,18
roster,29,32,1,pvp,661,0,1,0,4,2357135,365107,12393,8800,17,85,12,3,3,3,208307,0,1,2,2,0,27
roster,29,32,2,pvp,450,0,0,7,0,1852170,26000,0,4500,17,154,9,4,3,3,129880,0,0,2,2,30,0
roster,29,33,0,pvp,580,0,1,0,3,2250040,104000,0,0,17,101,13,3,3,2,107468,0,0,2,2,0,15
roster,29,33,1,pvp,455,0,0,8,0,2010961,88000,0,0,17,93,8,4,4,3,186745,0,1,2,2,33,0
roster,29,34,0,pvp,710,0,1,0,4,2340673,131500,0,0,17,126,12,3,3,0,80762,0,1,2,2,0,30
roster,29,34,1,pvp,452,0,0,6,0,1914883,0,0,0,17,153,10,4,4,0,125998,0,0,2,2,24,0
roster,29,35,0,neutral,527,0,0,5,0,2378993,78000,0,0,8,83,7,1,1,0,99273,0,0,2,0,27,0
roster,29,35,1,neutral,563,0,0,4,0,2374913,0,0,0,8,108,8,2,2,1,116454,0,0,2,0,21,0
roster,29,35,2,neutral,849,0,0,3,0,2653312,158785,715,0,8,98,9,2,2,0,58227,1,0,2,0,21,0
roster,29,35,3,neutral,520,0,0,5,0,2320517,0,0,31305,8,123,7,2,2,2,105001,0,0,2,0,15,0
roster,29,36,0,pvp,482,0,1,0,4,2253957,130000,0,0,17,95,12,3,3,3,114275,0,0,2,2,0,18
roster,29,36,1,pvp,843,0,0,2,0,2227172,49500,0,6000,17,157,14,4,4,3,142799,1,0,2,2,18,0
roster,29,37,0,pvp,569,0,1,0,4,2201879,104000,0,7826,17,145,12,3,3,1,84676,0,0,2,2,0,18
roster,29,37,1,pvp,655,0,0,5,0,2267957,67833,3667,0,17,138,11,3,3,1,156350,0,1,2,2,18,0
roster,29,38,0,ghost,550,0,0,6,0,1976250,255043,3457,12261,17,139,10,3,3,2,128165,1,0,2,2,36,0
roster,29,38,1,pvp,513,0,0,6,0,1866238,0,0,0,17,144,10,4,4,2,146453,0,0,2,2,27,0
roster,29,39,0,ghost,589,0,1,0,3,2338160,0,0,0,17,140,14,4,4,2,127041,0,0,2,2,0,9
roster,29,39,1,pvp,900,1,0,2,1,2691488,216933,8567,0,17,104,13,3,3,1,177050,0,1,2,2,15,9
roster,29,40,0,neutral,681,0,1,0,2,2780995,0,0,0,8,108,10,2,2,1,61090,0,0,2,0,0,0
roster,29,40,1,neutral,898,0,0,2,0,3031116,33000,0,0,8,108,10,1,1,0,43500,1,0,2,0,12,0
roster,29,40,2,neutral,633,0,0,2,0,2854780,0,0,0,8,106,11,2,2,0,58227,0,0,2,0,12,0
roster,29,41,0,ghost,570,0,0,4,0,2497651,217752,2248,0,17,138,14,3,3,2,136798,1,0,2,2,27,0
roster,29,41,1,pvp,482,0,0,4,0,2401515,0,0,6496,17,143,14,4,4,2,217237,0,0,2,2,12,0
roster,29,42,0,pvp,589,0,1,0,4,2806961,232347,15153,0,17,85,14,3,3,3,170763,0,1,2,2,0,30
roster,29,43,0,pvp,500,0,1,0,5,2523983,229586,1414,3913,17,101,13,3,3,1,211498,0,1,2,2,0,36
roster,29,44,0,pvp,597,0,1,0,4,2592428,198000,0,7857,17,94,14,3,3,1,216619,0,1,2,2,0,27
roster,29,45,0,neutral,647,0,1,0,2,3177112,0,0,0,8,175,11,2,2,0,61090,0,0,2,0,0,0
roster,29,45,1,neutral,900,1,0,2,2,3322658,88000,0,0,8,133,9,1,1,0,43500,1,0,2,0,15,0
roster,30,1,0,neutral,49,0,0,4,0,21000,0,0,0,17,49,1,2,1,1,17136,0,0,2,0,4,0
roster,30,1,1,neutral,64,0,0,4,0,22909,1909,1591,0,24,64,1,0,0,0,0,1,0,1,0,6,0
roster,30,1,2,neutral,56,0,0,4,0,22909,0,0,0,17,56,1,1,1,1,9546,1,0,1,0,6,0
roster,30,1,3,neutral,40,0,0,4,0,21000,0,0,0,17,40,1,2,1,1,16000,0,0,2,0,5,0
roster,30,1,4,neutral,89,0,0,3,0,24818,0,0,0,18,89,1,0,0,0,0,0,0,1,0,6,0
roster,30,1,5,neutral,49,0,0,4,0,21000,0,0,0,17,49,1,2,1,1,17136,0,0,2,0,4,0
roster,30,1,6,neutral,56,0,0,4,0,22556,0,0,0,17,56,1,1,1,0,16000,0,0,1,0,5,0
roster,30,1,7,neutral,62,0,0,4,0,22909,0,0,0,24,62,1,0,0,0,0,0,0,1,0,5,0
roster,30,2,0,neutral,113,0,0,4,0,48544,0,0,0,17,72,2,1,1,1,8000,0,0,1,0,7,0
roster,30,2,1,neutral,131,0,0,4,0,53001,0,0,0,20,65,2,0,0,0,0,0,0,2,0,8,0
roster,30,2,2,neutral,133,0,0,4,0,52998,11453,2547,0,18,76,2,0,0,0,0,2,0,2,0,8,0
roster,30,2,3,neutral,113,0,0,4,0,46224,0,0,0,18,72,2,0,0,0,0,0,0,1,0,9,0
roster,30,2,4,neutral,113,0,0,4,0,48544,9544,956,0,18,72,2,0,0,0,0,1,0,1,0,9,0
roster,30,2,5,neutral,84,0,0,4,0,46305,0,0,0,17,40,2,1,1,1,21000,0,0,1,0,9,0
roster,30,2,6,neutral,133,0,0,4,0,50926,0,0,0,18,70,2,0,0,0,0,0,0,2,0,8,0
roster,30,2,7,neutral,156,0,0,4,0,54556,0,0,0,17,88,2,1,0,0,0,0,0,1,0,5,0
roster,30,3,0,neutral,101,0,0,5,0,78373,0,0,0,17,40,3,1,1,0,21127,0,0,1,0,11,0
roster,30,3,1,neutral,141,0,0,5,0,85633,13771,229,0,24,60,3,0,0,0,0,1,0,2,0,15,0
roster,30,3,2,neutral,129,0,0,5,0,84270,14725,7275,0,18,75,3,1,1,1,18909,1,0,2,0,13,0
roster,30,3,3,neutral,133,0,0,5,0,78546,0,0,0,17,49,3,1,1,1,27682,0,0,1,0,12,0
roster,30,3,4,neutral,156,0,0,5,0,83889,7000,0,0,18,60,3,0,0,0,0,1,0,1,0,12,0
roster,30,3,5,neutral,133,0,0,5,0,83278,14204,3296,0,17,56,3,1,1,0,12182,1,0,1,0,11,0
roster,30,3,6,neutral,175,0,0,5,0,86332,0,0,0,18,84,3,1,0,0,0,0,0,1,0,14,0
roster,30,3,7,neutral,161,0,0,5,0,81711,0,0,622,17,49,3,1,1,1,22500,0,0,2,0,8,0
roster,30,4,0,pvp,531,0,1,0,2,1021425,0,0,0,17,201,8,2,2,2,100413,0,0,1,2,0,6
roster,30,4,1,pvp,444,0,1,0,3,843576,107783,1717,0,18,122,7,0,0,0,0,0,1,2,2,0,11
roster,30,4,2,pvp,399,0,1,0,4,726745,17500,0,1957,17,116,6,1,1,1,37818,2,0,2,1,0,11
roster,30,4,3,pvp,314,0,0,4,0,680199,0,0,0,17,90,6,1,1,0,29217,0,0,2,2,12,0
roster,30,5,0,neutral,204,0,0,5,0,317236,40865,1135,0,8,65,3,1,1,1,36273,1,0,1,0,20,0
roster,30,5,1,neutral,266,0,0,4,0,375706,0,0,0,8,150,4,0,0,0,0,0,0,3,0,17,0
roster,30,5,2,neutral,308,0,0,5,0,394553,44000,0,0,8,177,3,0,0,0,0,1,0,2,0,20,0
roster,30,5,3,neutral,201,0,0,5,0,303914,0,0,0,17,77,3,1,1,1,30545,0,0,2,0,14,0
roster,30,5,4,neutral,217,0,0,5,0,339130,0,0,0,8,94,3,0,0,0,0,1,0,2,0,18,0
roster,30,5,5,neutral,197,0,0,5,0,365219,0,0,0,8,136,3,1,1,1,11106,0,0,2,0,14,0
roster,30,5,6,neutral,205,0,0,5,0,318421,0,0,0,8,113,3,1,1,0,27682,0,0,3,0,16,0
roster,30,5,7,neutral,193,0,0,5,0,326522,0,0,0,8,89,3,1,1,2,58227,0,0,2,0,13,0
roster,30,6,0,pvp,706,0,0,4,0,1137441,247182,2818,0,17,153,6,1,0,0,0,1,1,1,2,23,0
roster,30,6,1,pvp,356,0,1,0,4,742257,0,0,0,17,77,6,1,1,2,57217,0,0,3,1,0,12
roster,30,6,2,pvp,422,0,1,0,3,999047,88000,0,1463,17,99,7,2,2,3,63277,1,0,2,2,0,10
roster,30,6,3,pvp,567,0,0,1,0,1156104,0,0,0,17,146,9,2,2,1,92445,0,0,2,2,3,0
roster,30,7,0,pvp,653,0,1,0,3,1364043,112148,3352,0,17,126,7,1,1,1,27222,0,1,1,2,0,15
roster,30,7,1,pvp,497,0,1,0,3,995298,104500,0,0,8,114,7,0,0,0,0,0,1,3,2,0,18
roster,30,7,2,pvp,384,0,0,3,0,1065240,0,0,0,17,137,7,2,2,0,77873,0,0,2,1,15,0
roster,30,7,3,pvp,378,0,1,0,3,1069801,0,0,0,17,112,7,3,3,1,97662,0,0,2,2,0,12
roster,30,8,0,pvp,573,0,1,0,2,1276364,0,0,0,17,125,8,3,3,2,165497,0,0,1,2,0,6
roster,30,8,1,pvp,375,0,1,0,4,965107,0,0,0,17,171,6,1,1,0,24889,0,0,1,2,0,18
roster,30,8,2,pvp,593,0,1,0,2,1278380,44000,0,0,17,178,8,2,2,3,124756,1,0,1,2,0,6
roster,30,8,3,pvp,463,0,1,0,4,929098,62543,3457,0,17,120,6,1,1,1,49218,1,0,2,1,0,15
roster,30,9,0,pvp,329,0,0,6,0,969976,0,0,0,17,101,6,2,2,3,128806,0,0,2,2,30,0
roster,30,9,1,pvp,686,0,0,3,0,1528660,222404,3096,0,17,128,9,1,1,0,42921,1,1,1,1,12,0
roster,30,9,2,pvp,411,0,1,0,1,1372356,0,0,0,17,89,11,3,3,3,122971,0,0,2,2,0,3
roster,30,9,3,pvp,441,0,0,4,0,1201319,0,0,0,17,91,8,2,2,0,63119,0,0,2,2,15,0
roster,30,10,0,neutral,182,0,0,6,0,448240,0,0,0,8,65,3,2,1,0,27682,0,0,2,0,30,0
roster,30,10,1,neutral,238,0,0,6,0,491781,0,0,0,8,131,3,0,0,0,0,0,0,2,0,24,0
roster,30,10,2,neutral,198,0,0,6,0,463295,22000,0,9785,8,142,3,1,1,1,52500,1,0,1,0,24,0
roster,30,10,3,neutral,178,0,0,6,0,428132,33000,0,0,17,99,3,1,1,0,30545,1,0,1,0,32,0
roster,30,10,4,neutral,183,0,0,6,0,460198,0,0,0,8,95,3,0,0,0,0,1,0,1,0,33,0
roster,30,10,5,neutral,175,0,0,6,0,465090,0,0,0,8,101,3,1,1,1,77438,0,0,2,0,27,0
roster,30,10,6,neutral,206,0,0,6,0,473727,0,0,0,8,133,3,1,1,1,30545,0,0,2,0,21,0
roster,30,10,7,neutral,201,0,0,6,0,474437,0,0,5871,8,82,3,1,1,1,52500,0,0,2,0,21,0
roster,30,11,0,pvp,412,0,0,3,0,1381427,0,0,0,17,113,9,3,3,3,88399,0,0,2,2,21,0
roster,30,11,1,pvp,378,0,1,0,5,1255006,88000,0,3944,17,99,7,1,1,0,92277,0,1,2,2,0,27
roster,30,11,2,pvp,714,0,0,2,0,1501527,51648,3352,0,17,128,10,2,2,1,79984,1,0,1,2,9,0
roster,30,11,3,pvp,350,0,0,6,0,1147595,154000,0,0,17,60,6,1,1,2,58191,1,1,1,1,36,0
roster,30,12,0,pvp,564,0,0,4,0,1487699,0,0,0,17,109,8,2,2,0,49439,0,0,2,2,30,0
roster,30,12,1,pvp,485,0,1,0,4,1229066,0,0,2583,17,121,8,1,1,1,69628,0,0,2,2,0,15
roster,30,12,2,pvp,431,0,1,0,2,1436277,71500,0,0,17,99,10,2,2,3,122940,1,1,1,1,0,12
roster,30,12,3,pvp,386,0,1,0,5,1146720,135500,2000,11410,17,67,7,1,1,2,93913,1,1,1,2,0,27
roster,30,13,0,pvp,369,0,0,5,0,1184055,0,0,0,17,82,7,1,1,0,47106,0,0,1,2,30,0
roster,30,13,1,pvp,571,0,0,5,0,1547055,297587,4913,21285,17,153,7,1,1,2,78995,1,1,1,2,21,0
roster,30,13,2,pvp,386,0,0,5,0,1126800,0,0,2700,17,124,7,2,1,0,29217,0,0,1,2,33,0
roster,30,13,3,pvp,447,0,0,3,0,1609908,115500,0,0,17,109,9,2,2,2,142392,1,0,2,2,15,0
roster,30,14,0,pvp,495,0,0,4,0,1429362,0,0,0,17,102,8,2,2,2,83306,0,0,1,2,27,0
roster,30,14,1,pvp,395,0,1,0,4,1242658,0,0,0,17,150,8,1,1,1,38444,0,0,2,1,0,21
roster,30,14,2,pvp,391,0,1,0,5,1322162,99000,0,7888,17,104,7,2,2,2,90377,1,1,1,2,0,27
roster,30,14,3,pvp,478,0,1,0,4,1312845,66000,0,5400,17,106,8,1,1,0,26478,1,0,2,2,0,15
roster,30,15,0,neutral,233,0,0,6,0,597606,0,0,0,8,137,3,1,1,0,24818,0,0,1,0,39,0
roster,30,15,1,neutral,287,0,0,5,0,644000,0,0,0,8,170,4,0,0,0,0,0,0,2,0,27,0
roster,30,15,2,neutral,242,0,0,6,0,599306,38500,0,0,8,108,3,1,1,2,61090,1,0,1,0,24,0
roster,30,15,3,neutral,179,0,0,6,0,568154,0,0,0,17,62,3,1,1,0,30545,0,0,1,0,36,0
roster,30,15,4,neutral,217,0,0,6,0,605613,0,0,0,8,121,3,0,0,0,0,1,0,2,0,30,0
roster,30,15,5,neutral,173,0,0,6,0,586481,22000,0,0,8,60,3,1,1,1,48000,1,0,2,0,30,0
roster,30,15,6,neutral,325,0,0,5,0,645667,0,0,0,8,196,4,1,1,0,2489,0,0,2,0,21,0
roster,30,15,7,neutral,270,0,0,5,0,660301,0,0,0,8,158,4,1,1,1,52500,0,0,2,0,15,0
roster,30,16,0,pvp,426,0,0,3,0,1499105,16500,0,12804,17,156,9,2,2,2,79227,0,1,1,1,21,0
roster,30,16,1,pvp,416,0,1,0,4,1328912,0,0,15261,17,132,8,1,1,3,67333,0,0,2,2,0,18
roster,30,16,2,pvp,371,0,1,0,4,1536436,66000,0,0,17,118,8,2,1,1,112323,0,1,1,2,0,24
roster,30,16,3,pvp,600,0,1,0,4,1500736,121043,5457,14932,17,89,8,1,1,1,26478,1,0,2,2,0,12
roster,30,17,0,pvp,434,0,1,0,3,1454377,0,0,0,17,89,9,2,1,1,29217,0,0,1,1,0,18
roster,30,17,1,pvp,570,0,1,0,3,1441583,66000,0,0,17,113,9,1,1,1,29217,0,1,2,1,0,15
roster,30,17,2,pvp,326,0,1,0,4,1249639,71500,0,0,17,65,8,1,1,2,75992,1,1,2,2,0,24
roster,30,17,3,pvp,488,0,0,3,0,1403662,0,0,0,17,104,9,2,1,1,24889,0,0,2,2,12,0
roster,30,18,0,pvp,479,0,0,5,0,1388371,143000,0,0,17,89,8,2,2,1,81479,0,2,2,2,36,0
roster,30,18,1,pvp,312,0,1,0,5,1161339,38500,0,3944,17,67,7,1,1,2,80943,0,1,2,2,0,30
roster,30,18,2,pvp,666,0,0,2,0,1665140,185000,2000,0,17,108,10,2,2,1,53101,1,0,2,2,9,0
roster,30,18,3,pvp,504,0,0,2,0,1640343,0,0,4400,17,204,10,2,2,1,151690,0,0,1,2,9,0
roster,30,19,0,pvp,444,0,1,0,4,1887132,213461,6539,0,17,85,10,3,3,2,119716,0,2,2,2,0,27
roster,30,19,1,pvp,615,0,1,0,2,1685316,0,0,0,17,83,12,1,1,2,68416,0,0,2,2,0,6
roster,30,19,2,pvp,691,0,0,2,0,2011660,258500,0,0,17,122,12,2,2,1,100513,1,0,2,2,9,0
roster,30,19,3,pvp,564,0,0,3,0,1952392,316609,2391,0,17,85,11,1,1,3,101389,1,2,1,2,18,0
roster,30,20,0,neutral,221,0,0,7,0,716564,0,0,0,8,82,3,2,2,1,97363,0,0,2,0,42,0
roster,30,20,1,neutral,289,0,0,6,0,732652,0,0,2739,8,106,4,0,0,0,0,0,0,2,0,36,0
roster,30,20,2,neutral,287,0,0,7,0,765429,85760,2240,19173,8,181,3,1,1,1,30545,1,0,2,0,30,0
roster,30,20,3,neutral,221,0,0,7,0,743469,33000,0,0,8,123,3,1,1,1,55363,1,0,1,0,42,0
roster,30,20,4,neutral,270,0,0,7,0,734324,77000,0,0,8,133,3,0,0,0,0,2,0,2,0,36,0
roster,30,20,5,neutral,288,0,0,7,0,724170,55000,0,0,8,140,3,1,1,1,48000,2,0,2,0,45,0
roster,30,20,6,neutral,302,0,0,6,0,752130,0,0,0,8,160,4,1,1,0,30545,0,0,2,0,24,0
roster,30,20,7,neutral,242,0,0,7,0,750167,0,0,2333,8,162,3,1,1,1,30545,0,0,2,0,24,0
roster,30,21,0,pvp,560,0,0,2,0,1909653,0,0,0,17,137,12,3,2,3,144904,0,0,2,2,12,0
roster,30,21,1,pvp,737,0,1,0,3,1939116,302500,0,26659,18,93,11,0,0,0,0,0,2,2,2,0,12
roster,30,21,2,pvp,503,0,1,0,2,1764253,126500,0,0,17,126,12,2,2,2,73295,1,1,2,1,0,18
roster,30,21,3,pvp,351,0,0,6,0,1623883,137500,0,0,8,100,8,2,2,1,68328,2,0,2,2,36,0
roster,30,22,0,pvp,386,0,1,0,6,1725541,247500,0,0,17,85,8,3,3,1,106435,0,2,2,2,0,36
roster,30,22,1,pvp,400,0,1,0,5,1456431,33000,0,0,17,106,9,1,1,1,24889,0,1,2,1,0,33
roster,30,22,2,pvp,556,0,0,4,0,1869187,299852,8148,0,17,77,10,2,2,1,78979,1,0,2,2,18,0
roster,30,22,3,pvp,691,0,0,3,0,2024713,276300,4200,3913,17,144,11,1,1,1,54235,2,0,2,2,12,0
roster,30,23,0,pvp,431,0,0,4,0,1555318,99000,0,0,17,95,10,3,3,1,104729,0,1,2,2,33,0
roster,30,23,1,pvp,641,0,0,3,0,1719996,110000,0,0,18,99,11,0,0,0,0,0,2,2,2,18,0
roster,30,23,2,pvp,357,0,0,7,0,1624858,211979,8021,0,17,136,8,2,1,0,43556,2,0,2,2,39,0
roster,30,23,3,pvp,326,0,0,6,0,1620572,117833,3167,2062,8,97,8,2,2,2,139826,2,0,2,2,36,0
roster,30,24,0,pvp,445,0,0,5,0,1518066,0,0,0,17,95,9,3,3,1,120818,0,0,2,2,36,0
roster,30,24,1,pvp,550,0,1,0,4,1705954,0,0,0,17,147,10,1,1,1,24889,0,0,2,2,0,15
roster,30,24,2,pvp,416,0,1,0,4,1622745,126500,0,2062,17,117,11,2,2,1,98113,1,2,2,2,0,24
roster,30,24,3,pvp,473,0,1,0,5,1734752,362604,11396,0,17,77,9,1,1,1,56609,2,2,2,2,0,30
roster,30,25,0,neutral,493,0,0,5,0,1750309,0,0,0,8,106,6,2,2,2,85909,0,0,2,0,30,0
roster,30,25,1,neutral,631,0,1,0,3,1886204,0,0,9390,8,83,8,0,0,0,0,0,0,2,0,0,0
roster,30,25,2,neutral,606,0,0,4,0,1818413,49500,0,0,8,122,7,1,1,0,98094,1,0,2,0,15,0
roster,30,25,3,neutral,404,0,0,7,0,1712470,93500,0,0,8,106,5,1,1,1,27682,2,0,2,0,42,0
roster,30,25,4,neutral,536,0,0,5,0,1849794,251565,1435,0,8,108,6,0,0,0,0,2,0,2,0,21,0
roster,30,25,5,neutral,535,0,0,6,0,1711549,180772,728,0,8,171,5,1,1,1,130500,2,0,2,0,36,0
roster,30,25,6,neutral,593,0,0,3,0,1867694,0,0,0,8,125,8,1,1,1,30545,0,0,2,0,15,0
roster,30,25,7,neutral,808,0,1,0,2,1883447,0,0,0,8,83,9,1,1,1,30545,0,0,2,0,0,0
roster,30,26,0,pvp,518,0,1,0,5,1837207,104500,0,0,17,72,10,3,3,3,141675,0,2,2,2,0,30
roster,30,26,1,pvp,422,0,1,0,4,1594127,114545,955,0,17,171,10,1,1,1,29217,0,1,2,2,0,18
roster,30,26,2,pvp,843,0,0,2,0,2081400,408046,9954,3913,8,92,12,1,1,3,104128,2,0,2,2,12,0
roster,30,26,3,pvp,372,0,0,6,0,1548740,124818,7182,3913,17,101,8,2,1,1,87522,2,0,2,2,36,0
roster,30,27,0,ghost,391,0,0,6,0,1548924,281952,15048,0,17,93,9,2,2,0,79434,2,0,2,2,42,0
roster,30,27,1,pvp,424,0,0,6,0,1600271,136204,1296,0,17,89,9,1,1,0,70034,0,2,2,2,45,0
roster,30,27,2,pvp,345,0,1,0,6,1482359,208151,849,0,17,85,8,2,2,3,166802,1,2,2,2,0,39
roster,30,27,3,pvp,465,0,0,5,0,1629335,0,0,14245,17,117,10,2,2,1,51367,0,0,2,2,21,0
roster,30,28,0,ghost,537,0,1,0,5,1923456,0,0,0,17,113,11,2,1,0,22556,0,0,2,2,0,42
roster,30,28,1,pvp,398,0,0,6,0,1583516,0,0,0,17,82,9,2,2,1,51594,0,0,2,2,51,0
roster,30,28,2,pvp,655,0,0,2,0,1871986,176000,0,0,17,118,12,1,1,2,46844,1,2,2,2,9,0
roster,30,28,3,pvp,622,0,1,0,3,2468315,489500,0,8100,17,119,12,2,1,0,95219,2,2,2,2,0,18
roster,30,29,0,ghost,782,0,1,0,1,2480184,70204,1296,0,17,89,15,2,2,1,56899,0,2,2,2,0,3
roster,30,29,1,pvp,438,0,1,0,5,1604167,126500,0,18709,17,99,10,2,2,1,57023,1,2,2,2,0,30
roster,30,29,2,pvp,359,0,0,7,0,1897596,396266,5234,5885,17,101,8,2,2,1,100644,2,0,2,2,45,0
roster,30,30,0,neutral,568,0,0,5,0,2063008,0,0,0,8,108,7,1,1,0,24818,0,0,2,0,42,0
roster,30,30,1,neutral,856,0,1,0,1,2119667,33000,0,0,8,108,10,1,1,3,85909,1,0,2,0,0,0
roster,30,30,2,neutral,502,0,0,5,0,2027836,38500,0,0,8,83,7,1,1,1,30545,2,0,2,0,30,0
roster,30,30,3,neutral,414,0,0,6,0,2010256,209000,0,0,8,102,6,1,1,1,130500,2,0,2,0,33,0
roster,30,30,4,neutral,577,0,0,3,0,2278603,0,0,0,8,106,9,1,1,0,27682,0,0,2,0,15,0
roster,30,31,0,ghost,427,0,1,0,5,1702431,130000,2000,0,17,153,10,2,1,0,30545,1,0,2,2,0,24
roster,30,31,1,pvp,457,0,1,0,7,2079179,342356,4144,0,17,85,9,2,2,1,71739,0,2,2,2,0,39
roster,30,31,2,pvp,493,0,0,5,0,1933574,159761,10739,0,17,145,11,2,1,1,81667,2,0,2,2,24,0
roster,30,32,0,ghost,369,0,0,6,0,1797165,205923,8577,0,17,106,10,2,2,3,129606,2,1,2,2,39,0
roster,30,32,1,pvp,522,0,0,5,0,2009758,0,0,24492,17,125,11,2,2,0,51773,0,0,2,2,42,0
roster,30,32,2,pvp,622,0,1,0,2,2301051,305709,7791,0,17,121,14,2,2,2,74250,1,2,2,2,0,15
roster,30,33,0,ghost,455,0,0,5,0,1872703,93500,0,6644,17,110,11,2,2,2,123325,0,1,2,2,21,0
roster,30,33,1,pvp,631,0,0,5,0,2240568,137500,0,16200,17,123,11,2,2,1,55695,0,1,2,2,45,0
roster,30,33,2,pvp,455,0,1,0,5,2131681,258500,0,0,17,88,11,2,2,2,127547,2,2,2,2,0,30
roster,30,34,0,ghost,336,0,1,0,7,1608048,198000,0,0,17,85,9,2,2,2,89824,1,2,2,2,0,42
roster,30,34,1,pvp,649,0,0,3,0,2417520,31704,1296,0,17,95,15,3,3,1,76615,0,2,2,2,24,0
roster,30,34,2,pvp,426,0,0,6,0,1788175,186441,11559,0,17,85,10,2,2,3,147241,2,0,2,2,33,0
roster,30,35,0,neutral,488,0,0,8,0,2160337,0,0,0,8,119,5,2,2,2,146999,0,0,2,0,57,0
roster,30,35,1,neutral,489,0,0,5,0,2491737,72284,4716,0,8,81,8,1,1,1,27682,2,0,2,0,30,0
roster,30,35,2,neutral,483,0,0,6,0,2304989,165000,0,0,8,102,6,1,1,0,117000,2,0,2,0,36,0
roster,30,36,0,ghost,715,0,0,5,0,2622364,314290,4710,0,17,153,12,3,2,0,79957,2,0,2,2,24,0
roster,30,36,1,pvp,765,0,1,0,2,2669803,148500,0,0,17,95,16,3,3,2,105666,0,2,2,2,0,12
roster,30,37,0,ghost,560,0,1,0,5,2486931,357310,5690,10036,17,93,12,3,2,2,113123,0,2,2,2,0,27
roster,30,37,1,pvp,588,0,1,0,2,2534892,287318,4182,0,17,119,15,2,2,1,137562,2,2,2,2,0,9
roster,30,38,0,ghost,506,0,1,0,5,2414722,82500,0,0,17,89,13,3,2,0,55695,2,0,2,2,0,36
roster,30,38,1,pvp,657,0,1,0,2,2764719,375241,9759,12770,17,93,15,3,2,2,181111,0,2,2,2,0,15
roster,30,39,0,ghost,587,0,1,0,6,2347566,536994,2006,3913,17,101,11,2,2,0,75130,2,2,2,2,0,36
roster,30,39,1,pvp,518,0,0,5,0,2448327,170500,0,0,17,95,13,3,3,1,117521,0,2,2,2,39,0
roster,30,40,0,neutral,591,0,0,6,0,2666066,0,0,0,8,83,7,2,2,1,66818,0,0,2,0,45,0
roster,30,40,1,neutral,564,0,0,6,0,2696363,60500,0,0,8,83,7,1,1,0,27682,2,0,2,0,36,0
roster,30,40,2,neutral,583,0,0,5,0,2741200,297500,5000,23348,8,133,7,1,1,1,82500,2,0,2,0,24,0
roster,30,41,0,ghost,455,0,1,0,5,2168012,214500,0,0,17,106,12,2,1,2,146823,2,2,2,2,0,30
roster,30,41,1,pvp,622,0,1,0,2,2738077,296076,6424,0,17,126,15,3,2,3,201422,0,2,2,2,0,15
roster,30,42,0,ghost,638,0,0,4,0,2425208,140395,2605,0,17,95,14,3,3,1,144551,0,2,2,2,33,0
roster,30,42,1,pvp,652,0,1,0,1,2531473,198000,0,0,17,101,16,2,2,3,132387,2,2,2,2,0,3
roster,30,43,0,ghost,533,0,1,0,3,2678658,227983,3017,0,17,137,14,3,3,2,119777,2,0,2,2,0,24
roster,30,43,1,pvp,618,0,1,0,3,2562883,137490,10,0,17,102,15,3,3,2,142566,0,1,2,1,0,24
roster,30,44,0,pvp,499,0,1,0,5,2437801,470437,2563,0,17,119,12,2,2,2,154717,1,2,1,2,0,27
roster,30,45,0,neutral,808,0,1,0,2,3248819,71500,0,112698,8,73,12,1,1,1,71592,2,0,2,0,0,0
roster,30,45,1,neutral,683,0,1,0,3,3140480,176000,0,0,8,108,10,1,1,0,82500,2,0,2,0,0,0
