wall_seconds,phase,round,visible_alive,logical_alive,encounters,frame_ms,game_ms,render_ms,gpu_ms,gpu_available,public_chars,public_utf8_bytes,neutral_round,neutral_live_encounters,frontend_page,frame_counter
5.066580,2,3,5,40,0,124.787300,102.430702,0.286700,124.931099,1,49831,49831,1,0,closed,428
5.084836,2,3,5,40,0,22.946901,123.749901,0.286700,124.931099,1,49831,49831,1,0,closed,429
5.100505,2,3,5,40,0,16.666901,3.681400,3.160500,9.090100,1,49831,49831,1,0,closed,430
5.118000,2,3,5,40,0,16.666901,2.161900,3.350300,10.238900,1,49831,49831,1,0,closed,431
5.133842,2,3,5,40,0,16.666800,2.780700,3.050600,17.441799,1,49831,49831,1,0,closed,432
5.151278,2,3,5,40,0,16.666800,1.837700,2.872500,15.792200,1,49831,49831,1,0,closed,433
5.167164,2,3,5,40,0,16.666800,2.585300,3.127400,17.490900,1,49831,49831,1,0,closed,434
5.184662,2,3,5,40,0,16.666901,5.339200,3.169800,18.872299,1,49831,49831,1,0,closed,435
5.200546,2,3,5,40,0,16.666698,2.972000,3.268200,14.433300,1,49831,49831,1,0,closed,436
5.217947,2,3,5,40,0,16.666800,1.925600,2.927400,16.010201,1,49831,49831,1,0,closed,437
5.233823,2,3,5,40,0,16.666901,3.203400,3.224100,17.340500,1,49831,49831,1,0,closed,438
5.251238,2,3,5,40,0,16.666901,1.992100,3.201900,15.845300,1,49831,49831,1,0,closed,439
5.267227,2,3,5,40,0,16.666698,2.751500,2.955900,17.488899,1,49831,49831,1,0,closed,440
5.284309,2,3,5,40,0,16.667002,2.086800,3.388800,15.947800,1,49831,49831,1,0,closed,441
5.300566,2,3,5,40,0,16.666901,2.418000,3.384800,17.120300,1,49831,49831,1,0,closed,442
5.318183,0,4,5,0,0,16.666901,1.980600,2.991500,16.226299,1,7938,7938,0,0,closed,443
5.333786,0,4,5,0,0,16.666800,16.456499,2.991500,16.226299,1,7938,7938,0,0,closed,444
5.350753,0,4,5,0,0,16.666901,1.621200,2.508000,7.552000,1,7938,7938,0,0,closed,445
5.367126,0,4,5,0,0,16.666698,1.822200,2.805700,11.330500,1,7938,7938,0,0,closed,446
5.383919,0,4,5,0,0,16.666901,1.800500,2.419400,16.318501,1,7938,7938,0,0,closed,447
5.400447,0,4,5,0,0,16.666901,1.754800,2.504500,16.914400,1,7938,7938,0,0,closed,448
5.417268,0,4,5,0,0,16.672197,1.573400,2.409100,16.469000,1,7938,7938,0,0,closed,449
5.433817,0,4,5,0,0,16.666800,1.780700,2.532000,16.755699,1,7938,7938,0,0,closed,450
5.450480,0,4,5,0,0,16.666702,1.486200,2.543600,16.610399,1,7938,7938,0,0,closed,451
5.467115,0,4,5,0,0,16.666698,1.468700,2.693500,16.599001,1,7938,7938,0,0,closed,452
5.483776,0,4,5,0,0,16.666901,1.776100,3.014900,16.642000,1,7938,7938,0,0,closed,453
5.500459,0,4,5,0,0,16.666800,3.583700,3.186800,18.551800,1,7936,7936,0,0,closed,454
5.517343,0,4,5,0,0,16.666800,2.083900,2.973900,14.873600,1,7936,7936,0,0,closed,455
5.533835,0,4,5,0,0,16.666901,2.142800,2.893400,16.906300,1,7936,7936,0,0,closed,456
5.550558,0,4,5,0,0,16.666800,1.892000,2.859500,16.576500,1,7936,7936,0,0,closed,457
5.567983,0,4,5,0,0,16.666901,1.906300,2.947300,16.627701,1,7936,7936,0,0,closed,458
5.583801,0,4,5,0,0,16.666901,2.665200,2.635800,17.390600,1,7936,7936,0,0,closed,459
5.600482,0,4,5,0,0,16.666800,1.754700,2.537400,15.846400,1,7936,7936,0,0,closed,460
5.617142,0,4,5,0,0,16.666800,1.776300,2.540600,16.667700,1,7936,7936,0,0,closed,461
5.633809,0,4,5,0,0,16.666698,1.826700,2.679000,16.658400,1,7936,7936,0,0,closed,462
5.749911,0,4,5,0,0,116.083992,1.762600,0.254300,16.658400,1,7936,7936,0,0,closed,463
5.766533,0,4,5,0,0,16.666702,98.392197,2.867000,118.488998,1,7936,7936,0,0,closed,464
5.783193,0,4,5,0,0,16.666800,2.388500,2.595700,14.221400,1,7936,7936,0,0,closed,465
5.799876,0,4,5,0,0,16.666698,1.594900,2.702900,16.645100,1,7936,7936,0,0,closed,466
5.816634,0,4,5,0,0,16.666901,1.689400,2.726900,16.734200,1,7936,7936,0,0,closed,467
5.834213,0,4,5,0,0,16.666901,1.662300,2.676400,16.799801,1,7935,7935,0,0,closed,468
5.849882,0,4,5,0,0,16.666698,2.802100,2.925100,17.530800,1,7935,7935,0,0,closed,469
5.866539,0,4,5,0,0,16.666901,1.528600,2.713800,15.604800,1,7935,7935,0,0,closed,470
5.883228,0,4,5,0,0,16.666800,1.874000,2.887300,16.732100,1,7935,7935,0,0,closed,471
5.899896,0,4,5,0,0,16.666800,1.795500,2.871600,16.678900,1,7935,7935,0,0,closed,472
5.916575,0,4,5,0,0,16.666901,1.611600,2.657600,16.644100,1,7935,7935,0,0,closed,473
5.933212,0,4,5,0,0,16.666901,1.692100,3.084600,16.683001,1,7935,7935,0,0,closed,474
5.953392,1,4,5,40,4,16.666800,3.396700,2.874600,18.177099,1,33506,33506,0,0,closed,475
5.972710,1,4,10,40,4,22.713598,22.951401,2.874600,18.177099,1,33506,33506,0,0,closed,476
5.989389,1,4,10,40,4,16.666702,1.949400,3.712200,8.991800,1,33506,33506,0,0,closed,477
6.006022,1,4,10,40,4,16.666800,1.769200,3.700000,9.607200,1,33506,33506,0,0,closed,478
6.022678,1,4,10,40,4,16.666800,5.563500,2.654800,20.329399,1,37511,37511,0,0,closed,479
6.039368,1,4,10,40,4,16.666698,3.909000,2.894400,13.951000,1,37511,37511,0,0,closed,480
6.059466,1,4,10,40,4,16.666800,2.138700,2.680400,15.806500,1,39420,39420,0,0,closed,481
6.072701,1,4,10,40,4,16.666698,5.914100,3.174300,20.629499,1,39420,39420,0,0,closed,482
6.089350,1,4,10,40,4,16.666698,2.393400,3.947400,13.003800,1,39420,39420,0,0,closed,483
6.106023,1,4,10,40,4,16.666901,2.479600,2.910500,16.290800,1,39420,39420,0,0,closed,484
6.122671,1,4,10,40,4,16.666800,1.716800,2.897700,16.700399,1,39420,39420,0,0,closed,485
6.139377,1,4,10,40,4,16.666800,1.761500,3.113500,16.635900,1,39420,39420,0,0,closed,486
6.159714,1,4,10,40,4,16.666800,1.861500,3.082400,16.693199,1,43879,43879,0,0,closed,487
6.172694,1,4,10,40,4,16.666702,6.947900,3.790100,22.116400,1,43879,43879,0,0,closed,488
6.297888,1,4,10,33,4,121.282501,2.269000,0.332900,11.626500,1,38397,38397,0,0,closed,489
6.432495,1,4,8,32,4,134.334595,108.067596,0.384700,128.193497,1,37715,37715,0,0,closed,490
6.445006,1,4,8,32,4,16.666803,110.353302,4.149400,132.041702,1,37715,37715,0,0,closed,491
6.461605,1,4,8,32,4,16.666698,2.476800,3.025900,11.692100,1,37715,37715,0,0,closed,492
6.478306,1,4,8,32,4,16.666901,1.751500,2.896500,16.538601,1,37715,37715,0,0,closed,493
6.494967,1,4,8,32,4,16.666800,1.934100,3.082600,16.685101,1,37715,37715,0,0,closed,494
6.511643,1,4,8,32,4,16.666800,1.757600,3.120100,16.706499,1,37715,37715,0,0,closed,495
6.532395,1,4,8,31,4,16.666901,1.722600,3.315600,16.669701,1,39740,39740,0,0,closed,496
6.545054,1,4,7,31,4,16.666901,6.457900,5.047100,21.398500,1,39740,39740,0,0,closed,497
6.561637,1,4,7,31,4,16.666897,1.889100,2.879200,11.975700,1,39740,39740,0,0,closed,498
6.578299,1,4,7,31,4,16.666901,1.854600,2.860900,16.558100,1,39740,39740,0,0,closed,499
6.594945,1,4,7,31,4,16.666901,1.772300,3.199100,16.691200,1,39740,39740,0,0,closed,500
6.611619,1,4,7,31,4,16.666901,1.663900,3.189400,16.636900,1,39740,39740,0,0,closed,501
6.631592,1,4,7,27,4,16.666800,1.799800,2.551700,16.658501,1,38206,38206,0,0,closed,502
6.644963,1,4,6,27,4,16.667002,5.721000,2.980700,20.932600,1,38206,38206,0,0,closed,503
6.772504,1,4,6,26,4,123.986404,2.732900,0.289900,13.038600,1,37910,37910,0,0,closed,504
6.785627,1,4,5,26,4,16.666800,106.872299,2.888400,127.605698,1,37910,37910,0,0,closed,505
6.802278,1,4,5,26,4,16.666698,2.014300,2.697000,12.423200,1,37910,37910,0,0,closed,506
6.818928,1,4,5,26,4,16.666800,4.350400,3.007900,19.400700,1,37910,37910,0,0,closed,507
6.835671,1,4,5,26,4,16.666698,1.693600,2.834400,13.868100,1,37910,37910,0,0,closed,508
6.852290,1,4,5,26,4,16.666702,1.926200,2.796400,16.885700,1,37910,37910,0,0,closed,509
6.872166,1,4,5,22,4,16.666800,1.720400,2.738300,16.713699,1,36467,36467,0,0,closed,510
6.885629,1,4,5,22,4,16.666800,5.585200,2.878400,20.588600,1,36467,36467,0,0,closed,511
6.902268,1,4,5,22,4,16.666800,2.009300,2.787700,13.685700,1,36467,36467,0,0,closed,512
6.918959,1,4,5,22,4,16.666800,1.852500,2.991800,15.713300,1,36467,36467,0,0,closed,513
6.935670,1,4,5,22,4,16.666901,1.862100,2.913100,16.657400,1,36467,36467,0,0,closed,514
6.952260,1,4,5,22,4,16.666800,1.796200,3.061100,17.214500,1,36467,36467,0,0,closed,515
6.971934,1,4,5,21,4,16.666901,1.525500,2.635900,15.957000,1,33690,33690,0,0,closed,516
6.985586,1,4,4,21,4,16.666800,5.070800,2.917700,20.156401,1,33690,33690,0,0,closed,517
7.115530,1,4,4,18,2,126.611900,2.457100,0.271900,14.223400,1,34141,34141,0,0,closed,518
7.128860,1,4,3,18,2,16.666800,101.748398,3.019000,129.684402,1,34141,34141,0,0,closed,519
7.145509,1,4,3,18,2,16.666901,1.644500,2.752800,12.472400,1,34141,34141,0,0,closed,520
7.162190,1,4,3,18,2,16.666800,1.566000,2.684700,16.565201,1,34141,34141,0,0,closed,521
7.178884,1,4,3,18,2,16.666698,1.405900,2.401800,16.701500,1,34141,34141,0,0,closed,522
7.195532,1,4,3,18,2,16.666901,1.740400,2.830100,16.819201,1,34141,34141,0,0,closed,523
7.215203,1,4,3,17,2,16.666901,1.699900,2.492700,16.561100,1,33795,33795,0,0,closed,524
7.228897,1,4,3,17,2,16.666901,4.689600,2.976600,19.770399,1,33795,33795,0,0,closed,525
7.245540,1,4,3,17,2,16.666698,1.595700,2.720300,13.553600,1,33795,33795,0,0,closed,526
7.262236,1,4,3,17,2,16.666800,1.538700,2.735000,16.624701,1,33795,33795,0,0,closed,527
7.278878,1,4,3,17,2,16.666800,1.943100,3.021300,16.726999,1,33795,33795,0,0,closed,528
7.295553,1,4,3,17,2,16.666901,1.600800,3.139100,16.703501,1,33795,33795,0,0,closed,529
7.316467,1,4,3,17,2,16.666800,1.682600,2.878100,16.598000,1,33974,33974,0,0,closed,530
7.328946,1,4,3,17,2,16.666698,8.227700,3.217700,23.206900,1,33974,33974,0,0,closed,531
7.345540,1,4,3,17,2,16.666698,1.840500,2.739400,10.351600,1,33974,33974,0,0,closed,532
7.362217,1,4,3,17,2,16.666901,1.680600,2.502000,16.429100,1,33974,33974,0,0,closed,533
7.378875,1,4,3,17,2,16.666702,1.521800,2.702600,16.731100,1,33974,33974,0,0,closed,534
7.395547,1,4,3,17,2,16.666698,1.600200,2.544500,16.661501,1,33974,33974,0,0,closed,535
7.415224,1,4,3,15,2,16.666698,2.265400,3.053700,16.671801,1,34129,34129,0,0,closed,536
7.428846,1,4,3,15,2,16.666800,4.888600,2.625100,19.761101,1,34129,34129,0,0,closed,537
7.445522,1,4,3,15,2,16.666800,1.617100,2.649400,13.473800,1,34129,34129,0,0,closed,538
7.462237,1,4,3,15,2,16.666901,1.459200,2.413500,16.678900,1,34129,34129,0,0,closed,539
7.478880,1,4,3,15,2,16.666901,1.640200,2.786700,16.753700,1,34129,34129,0,0,closed,540
7.495565,1,4,3,15,2,16.666800,1.686000,2.544400,16.651300,1,34129,34129,0,0,closed,541
7.515105,1,4,3,14,2,16.666901,1.814100,2.465400,16.645100,1,33075,33075,0,0,closed,542
7.528873,1,4,3,14,2,16.666800,4.703000,2.838700,19.664900,1,33075,33075,0,0,closed,543
7.545550,1,4,3,14,2,16.666901,1.710800,2.464900,13.645800,1,33075,33075,0,0,closed,544
7.562215,1,4,3,14,2,16.666901,1.814000,2.832800,16.693300,1,33075,33075,0,0,closed,545
7.578871,1,4,3,14,2,16.666698,1.812500,2.665700,16.636900,1,33075,33075,0,0,closed,546
7.595547,1,4,3,14,2,16.667002,1.849600,2.768200,16.756701,1,33075,33075,0,0,closed,547
7.615112,1,4,3,13,2,16.666800,1.596200,2.815900,16.579599,1,32312,32312,0,0,closed,548
7.628865,1,4,3,13,2,16.666800,4.480600,2.732100,19.703800,1,32312,32312,0,0,closed,549
7.645545,1,4,3,13,2,16.666800,1.800400,2.547600,13.635600,1,32312,32312,0,0,closed,550
7.662199,1,4,3,13,2,16.666800,1.779900,2.739400,16.681999,1,32312,32312,0,0,closed,551
7.678866,1,4,3,13,2,16.666901,1.843400,2.691800,16.634899,1,32312,32312,0,0,closed,552
7.695559,1,4,3,13,2,16.666698,1.455800,2.683700,16.715700,1,32312,32312,0,0,closed,553
7.715272,1,4,3,13,2,16.666901,1.532100,2.634900,16.612400,1,32013,32013,0,0,closed,554
7.728883,1,4,3,13,2,16.666901,4.686000,2.674600,19.882999,1,32013,32013,0,0,closed,555
7.745543,1,4,3,13,2,16.666698,1.707200,2.522600,13.440000,1,32013,32013,0,0,closed,556
7.762205,1,4,3,13,2,16.666800,1.617800,2.577900,16.644100,1,32013,32013,0,0,closed,557
7.778904,1,4,3,13,2,16.666698,1.659200,2.546900,16.686100,1,32013,32013,0,0,closed,558
7.795540,1,4,3,13,2,16.666702,1.527000,2.842800,16.699400,1,32013,32013,0,0,closed,559
7.815182,1,4,3,13,2,16.666800,1.854400,2.734200,16.659401,1,32559,32559,0,0,closed,560
7.828869,1,4,3,13,2,16.666800,4.827400,2.917200,19.754000,1,32559,32559,0,0,closed,561
7.845683,1,4,3,13,2,16.666698,4.116000,2.555700,15.980600,1,32559,32559,0,0,closed,562
7.862208,1,4,3,13,2,16.666800,2.165800,2.466600,14.452700,1,32559,32559,0,0,closed,563
7.878862,1,4,3,13,2,16.666800,1.839400,3.117900,16.464899,1,32559,32559,0,0,closed,564
7.895547,1,4,3,13,2,16.666901,1.449800,2.541500,16.660500,1,32559,32559,0,0,closed,565
7.915128,1,4,3,11,1,16.666800,1.616900,2.611000,16.739300,1,33061,33061,0,0,closed,566
7.928869,1,4,3,11,1,16.666800,4.663100,2.392800,19.631100,1,33061,33061,0,0,closed,567
7.945552,1,4,3,11,1,16.666901,1.720900,2.521100,13.629400,1,33061,33061,0,0,closed,568
7.962182,1,4,3,11,1,16.666800,1.731400,2.477800,16.629801,1,33061,33061,0,0,closed,569
7.978882,1,4,3,11,1,16.666901,1.700900,2.683500,16.659500,1,33061,33061,0,0,closed,570
7.995530,1,4,3,11,1,16.666901,1.484500,2.899100,16.762800,1,33061,33061,0,0,closed,571
8.012204,1,4,3,11,1,16.666698,1.471100,2.847400,16.544800,1,33061,33061,0,0,closed,572
8.028859,1,4,3,11,1,16.666901,1.436100,2.563000,16.692200,1,33061,33061,0,0,closed,573
8.045536,1,4,3,11,1,16.666698,1.531300,2.448200,16.719900,1,33061,33061,0,0,closed,574
8.062215,1,4,3,11,1,16.666901,1.605000,2.418100,16.632799,1,33061,33061,0,0,closed,575
8.078858,1,4,3,11,1,16.666800,1.810900,2.677400,16.730101,1,33061,33061,0,0,closed,576
8.095539,1,4,3,11,1,16.666901,1.667500,2.799900,16.609301,1,33061,33061,0,0,closed,577
8.112257,1,4,3,11,1,16.666901,1.473300,2.658600,16.725000,1,33061,33061,0,0,closed,578
8.128873,1,4,3,11,1,16.666901,1.677300,2.607700,16.730101,1,33061,33061,0,0,closed,579
8.146630,1,4,3,11,1,16.666800,2.188500,2.663700,16.990200,1,33061,33061,0,0,closed,580
8.163543,0,5,3,0,0,16.666800,2.847300,2.645000,17.328199,1,7574,7574,1,0,closed,581
8.181120,0,5,5,0,0,18.135700,18.060200,2.645000,17.328199,1,7574,7574,1,0,closed,582
8.196978,0,5,5,0,0,16.666901,2.522700,2.763800,7.084000,1,7574,7574,1,0,closed,583
8.214223,0,5,5,0,0,16.666901,1.638900,3.375400,11.330500,1,7574,7574,1,0,closed,584
8.230301,0,5,5,0,0,16.666698,3.943600,2.684600,18.927700,1,7572,7572,1,0,closed,585
8.247821,0,5,5,0,0,16.666698,2.060800,2.663200,14.408700,1,7572,7572,1,0,closed,586
8.263629,0,5,5,0,0,16.666800,2.660300,2.867000,17.507299,1,7572,7572,1,0,closed,587
8.281011,0,5,5,0,0,16.666901,1.867800,2.685300,15.779800,1,7572,7572,1,0,closed,588
8.297022,0,5,5,0,0,16.666901,2.451600,2.715000,17.350700,1,7572,7572,1,0,closed,589
8.314089,0,5,5,0,0,16.666800,1.748100,2.500300,16.072701,1,7572,7572,1,0,closed,590
8.330276,0,5,5,0,0,16.666901,2.325300,2.855700,17.116199,1,7572,7572,1,0,closed,591
8.347285,0,5,5,0,0,16.666698,2.687400,2.893600,17.420200,1,7572,7572,1,0,closed,592
8.363651,0,5,5,0,0,16.666698,2.115200,2.828700,15.763500,1,7572,7572,1,0,closed,593
8.380304,0,5,5,0,0,16.666800,2.077500,2.576800,16.375799,1,7572,7572,1,0,closed,594
8.397343,0,5,5,0,0,16.666702,1.743200,2.586200,16.755699,1,7572,7572,1,0,closed,595
8.414615,0,5,5,0,0,16.666897,4.137100,3.258800,18.987000,1,7639,7639,1,0,closed,596
8.430619,0,5,6,0,0,16.666702,3.689000,3.229800,15.513600,1,7639,7639,1,0,closed,597
8.447002,0,5,6,0,0,16.666800,1.982600,2.686500,15.675400,1,7639,7639,1,0,closed,598
8.463842,0,5,6,0,0,16.666901,1.883200,3.007800,16.482300,1,7639,7639,1,0,closed,599
8.570764,0,5,6,0,0,106.688095,2.298200,0.281900,16.482300,1,7639,7639,1,0,closed,600
8.587022,0,5,6,0,0,16.666800,88.442200,3.168000,108.597298,1,7639,7639,1,0,closed,601
8.603816,0,5,6,0,0,16.666901,3.467400,2.777600,16.034800,1,7638,7638,1,0,closed,602
8.620332,0,5,6,0,0,16.666800,3.185400,2.899200,15.321100,1,7638,7638,1,0,closed,603
8.637083,0,5,6,0,0,16.666901,1.626800,2.693800,16.559099,1,7638,7638,1,0,closed,604
8.653656,0,5,6,0,0,16.666800,1.943500,2.712200,16.628700,1,7638,7638,1,0,closed,605
8.671399,0,5,6,0,0,16.666901,1.643800,2.797900,16.645100,1,7639,7639,1,0,closed,606
8.687129,0,5,6,0,0,16.666901,2.930900,3.785500,17.701900,1,7639,7639,1,0,closed,607
8.703784,0,5,6,0,0,16.666800,1.879100,3.005700,15.770600,1,7639,7639,1,0,closed,608
8.720351,0,5,6,0,0,16.666800,1.879500,3.452100,16.590799,1,7639,7639,1,0,closed,609
8.737147,0,5,6,0,0,16.666702,2.011400,3.466100,16.631800,1,7639,7639,1,0,closed,610
8.753783,0,5,6,0,0,16.666800,1.936900,3.206300,16.772100,1,7639,7639,1,0,closed,611
8.770499,0,5,6,0,0,16.666800,2.207700,2.895500,16.698400,1,7639,7639,1,0,closed,612
8.792173,1,5,6,65,8,16.666800,3.610000,2.723400,18.377701,1,53719,53719,1,8,closed,613
8.814973,1,5,9,65,8,27.907801,28.652901,2.723400,18.377701,1,53719,53719,1,8,closed,614
8.831672,1,5,9,65,8,16.666698,1.709900,3.368100,7.175200,1,53719,53719,1,8,closed,615
8.848355,1,5,9,65,8,16.666901,5.548600,3.363600,14.829600,1,53719,53719,1,8,closed,616
8.865070,1,5,9,65,8,16.666901,2.031600,2.708500,13.105100,1,53719,53719,1,8,closed,617
8.881693,1,5,9,65,8,16.666800,1.645300,2.658000,16.775200,1,53719,53719,1,8,closed,618
8.902786,1,5,9,65,8,16.666901,2.025900,2.911200,16.623600,1,56895,56895,1,8,closed,619
8.914992,1,5,9,65,8,16.666698,6.382100,2.939400,21.412901,1,56895,56895,1,8,closed,620
8.931655,1,5,9,65,8,16.666901,1.610100,2.712500,11.871200,1,56895,56895,1,8,closed,621
8.948319,1,5,9,65,8,16.666901,1.549900,2.828300,16.600100,1,56895,56895,1,8,closed,622
8.965000,1,5,9,65,8,16.666698,1.875900,2.621300,16.705500,1,56895,56895,1,8,closed,623
8.981666,1,5,9,65,8,16.667002,1.949500,2.898900,16.646200,1,56895,56895,1,8,closed,624
9.003689,1,5,9,62,8,16.666800,1.595600,2.942000,16.698299,1,62540,62540,1,8,closed,625
9.015033,1,5,8,62,8,16.666800,7.649500,3.579700,22.925301,1,62540,62540,1,8,closed,626
9.031628,1,5,8,62,8,16.666800,2.032000,2.884200,10.459200,1,62540,62540,1,8,closed,627
9.048427,1,5,8,62,8,16.667097,1.811000,3.238700,16.880600,1,62540,62540,1,8,closed,628
9.065012,1,5,8,62,8,16.666901,2.332500,3.284500,16.556000,1,62540,62540,1,8,closed,629
9.081741,1,5,8,62,8,16.666702,1.675500,3.008000,16.536600,1,62540,62540,1,8,closed,630
9.103193,1,5,8,57,8,16.666800,1.745500,2.759200,16.787500,1,54967,54967,1,8,closed,631
9.230516,1,5,7,50,6,127.271400,7.234500,0.264800,22.241301,1,50039,50039,1,6,closed,632
9.242302,1,5,6,50,6,16.666901,107.695396,3.107400,127.376297,1,50039,50039,1,6,closed,633
9.258903,1,5,6,50,6,16.666901,1.773000,2.515800,10.828800,1,50039,50039,1,6,closed,634
9.275611,1,5,6,50,6,16.666901,1.590800,3.233600,16.620600,1,50039,50039,1,6,closed,635
9.292240,1,5,6,50,6,16.666800,1.547900,2.576600,16.696301,1,50039,50039,1,6,closed,636
9.308902,1,5,6,50,6,16.666901,1.613900,3.006900,16.587799,1,50039,50039,1,6,closed,637
9.329875,1,5,6,45,4,16.666800,1.797900,2.754800,16.760799,1,50929,50929,1,4,closed,638
9.342219,1,5,6,45,4,16.666800,6.223800,3.079400,21.282801,1,50929,50929,1,4,closed,639
9.358908,1,5,6,45,4,16.666901,5.169300,2.995700,15.071300,1,50929,50929,1,4,closed,640
9.375589,1,5,6,45,4,16.666901,1.855600,2.653000,13.577200,1,50929,50929,1,4,closed,641
9.392316,1,5,6,45,4,16.666897,1.577100,2.993400,16.767000,1,50929,50929,1,4,closed,642
9.408901,1,5,6,45,4,16.666901,1.882100,2.820600,16.652201,1,50929,50929,1,4,closed,643
9.425635,1,5,6,45,4,16.666800,1.694800,3.306700,16.636999,1,50929,50929,1,4,closed,644
9.442256,1,5,6,45,4,16.666800,1.976500,2.557700,16.763901,1,50929,50929,1,4,closed,645
9.458903,1,5,6,45,4,16.666901,1.695100,2.854400,16.888800,1,50929,50929,1,4,closed,646
9.475524,1,5,6,45,4,16.666702,1.803700,2.912100,16.333799,1,50929,50929,1,4,closed,647
9.492240,1,5,6,45,4,16.666897,1.727600,2.736300,16.557100,1,50929,50929,1,4,closed,648
9.508885,1,5,6,45,4,16.666803,1.772500,2.531100,16.768999,1,50929,50929,1,4,closed,649
9.525564,1,5,6,45,4,16.666698,1.826100,3.025400,16.706600,1,50929,50929,1,4,closed,650
9.542215,1,5,6,45,4,16.666800,1.781600,2.468200,16.543699,1,50929,50929,1,4,closed,651
9.558868,1,5,6,45,4,16.666901,1.766500,2.554800,16.653299,1,50929,50929,1,4,closed,652
9.579940,2,5,6,41,0,16.666698,1.738700,2.623500,16.685101,1,51498,51498,1,0,closed,653
9.602947,2,5,6,41,0,27.389799,26.566099,2.623500,16.685101,1,51498,51498,1,0,closed,654
9.620721,2,5,6,41,0,16.666901,2.342600,3.118800,8.277000,1,51498,51498,1,0,closed,655
9.636311,2,5,6,41,0,16.666698,2.966900,3.273800,11.745300,1,51498,51498,1,0,closed,656
9.652941,2,5,6,41,0,16.666803,2.141000,2.897400,15.601700,1,51498,51498,1,0,closed,657
9.670248,2,5,6,41,0,16.666897,1.834100,3.050200,16.599001,1,51498,51498,1,0,closed,658
9.686272,2,5,6,41,0,16.666702,2.868100,2.895000,17.260599,1,51498,51498,1,0,closed,659
9.703853,2,5,6,41,0,16.666698,1.888100,2.977200,16.027599,1,51498,51498,1,0,closed,660
9.719693,2,5,6,41,0,16.667002,3.169300,2.868400,17.705999,1,51498,51498,1,0,closed,661
9.736968,2,5,6,41,0,16.666800,2.092000,3.113100,15.865900,1,51498,51498,1,0,closed,662
9.752935,2,5,6,41,0,16.666800,2.698200,2.858100,17.201099,1,51498,51498,1,0,closed,663
9.770128,2,5,6,41,0,16.666698,1.886500,2.996500,15.942700,1,51498,51498,1,0,closed,664
9.786282,2,5,6,41,0,16.666800,2.374200,2.954100,17.281000,1,51498,51498,1,0,closed,665
9.803655,2,5,6,41,0,16.666800,2.122300,2.718600,16.089100,1,51498,51498,1,0,closed,666
9.819623,2,5,6,41,0,16.666901,3.052300,3.455700,17.388500,1,51498,51498,1,0,closed,667
9.837681,0,6,6,0,0,16.666800,2.360600,2.850300,15.931400,1,8050,8050,0,0,closed,668
9.860379,0,6,6,0,0,24.131399,23.870501,2.850300,15.931400,1,8050,8050,0,0,closed,669
9.877538,0,6,6,0,0,16.666702,3.354400,3.229200,8.455200,1,8050,8050,0,0,closed,670
9.893730,0,6,6,0,0,16.666698,2.475100,2.894800,10.672200,1,8050,8050,0,0,closed,671
9.910852,0,6,6,0,0,16.666698,1.804600,2.543200,16.203699,1,8050,8050,0,0,closed,672
9.927053,0,6,6,0,0,16.666901,2.121000,2.606900,17.165400,1,8050,8050,0,0,closed,673
9.944081,0,6,6,0,0,16.666901,1.595700,2.579700,16.124901,1,8050,8050,0,0,closed,674
9.960392,0,6,6,0,0,16.666800,1.904400,2.671800,17.002501,1,8050,8050,0,0,closed,675
9.977330,0,6,6,0,0,16.666800,1.667500,2.717300,16.349199,1,8050,8050,0,0,closed,676
9.993718,0,6,6,0,0,16.666800,1.879700,2.519100,16.919500,1,8050,8050,0,0,closed,677
10.010681,0,6,6,0,0,16.666800,3.344400,2.779700,18.204700,1,8049,8049,0,0,closed,678
10.029889,0,6,6,0,0,19.509300,19.226700,2.779700,18.204700,1,8049,8049,0,0,closed,679
10.046859,0,6,6,0,0,16.666800,2.220600,2.682200,7.767000,1,8049,8049,0,0,closed,680
10.063278,0,6,6,0,0,16.666901,2.308400,2.890200,11.421700,1,8049,8049,0,0,closed,681
10.080165,0,6,6,0,0,16.666901,1.656000,2.825300,16.547800,1,8049,8049,0,0,closed,682
10.097436,0,6,6,0,0,16.666698,2.111000,2.710800,16.778299,1,8049,8049,0,0,closed,683
10.113470,0,6,6,0,0,16.666800,2.774600,2.629500,17.269699,1,8049,8049,0,0,closed,684
10.129884,0,6,6,0,0,16.666901,1.948300,2.781900,15.994900,1,8049,8049,0,0,closed,685
10.146916,0,6,6,0,0,16.666901,1.876000,2.879700,16.417801,1,8049,8049,0,0,closed,686
10.263565,0,6,6,0,0,115.858803,2.250800,0.279300,17.051701,1,8049,8049,0,0,closed,687
10.279083,0,6,6,0,0,16.666698,98.293404,3.008000,118.330299,1,8047,8047,0,0,closed,688
10.295946,0,6,6,0,0,16.666901,2.247000,2.830700,13.815800,1,8047,8047,0,0,closed,689
10.312443,0,6,6,0,0,16.666901,2.251400,3.113600,17.006599,1,8047,8047,0,0,closed,690
10.329262,0,6,6,0,0,16.666901,1.892000,2.857500,16.381001,1,8047,8047,0,0,closed,691
10.345738,0,6,6,0,0,16.666800,1.824900,2.843600,16.764900,1,8047,8047,0,0,closed,692
10.363619,0,6,6,0,0,16.666998,1.745300,2.762400,16.436199,1,8047,8047,0,0,closed,693
10.379108,0,6,6,0,0,16.666901,4.119900,2.957800,19.055599,1,8047,8047,0,0,closed,694
10.395903,0,6,6,0,0,16.666901,1.694200,2.800500,14.309400,1,8047,8047,0,0,closed,695
10.412437,0,6,6,0,0,16.666698,1.663800,3.308700,16.871401,1,8047,8047,0,0,closed,696
10.429296,0,6,6,0,0,16.666800,1.583200,2.745700,16.541700,1,8047,8047,0,0,closed,697
10.445777,0,6,6,0,0,16.666800,1.958500,3.051700,16.832500,1,8047,8047,0,0,closed,698
10.466240,1,6,6,41,4,16.667002,1.626400,2.836900,16.393200,1,35631,35631,0,0,closed,699
10.493237,1,6,11,41,4,30.784100,30.156300,2.836900,16.393200,1,35631,35631,0,0,closed,700
10.509919,1,6,11,41,4,16.666698,2.218200,3.640700,9.378800,1,35631,35631,0,0,closed,701
10.526678,1,6,11,41,4,16.666702,2.018500,2.957200,9.388100,1,35631,35631,0,0,closed,702
10.543289,1,6,11,41,4,16.666897,1.695800,2.983200,16.792500,1,35631,35631,0,0,closed,703
10.559946,1,6,11,41,4,16.666901,1.629000,2.750100,16.511000,1,35631,35631,0,0,closed,704
10.579969,1,6,11,41,4,16.666800,1.575600,2.980100,16.692200,1,41502,41502,0,0,closed,705
10.593337,1,6,11,41,4,16.666901,5.389900,3.317900,20.239401,1,41502,41502,0,0,closed,706
10.609949,1,6,11,41,4,16.666800,1.893400,4.017000,13.439000,1,41502,41502,0,0,closed,707
10.626569,1,6,11,41,4,16.666702,1.677800,3.208500,16.427000,1,41502,41502,0,0,closed,708
10.643303,1,6,11,41,4,16.666901,1.774500,2.496700,16.565201,1,41502,41502,0,0,closed,709
10.659925,1,6,11,41,4,16.666897,1.907100,2.808000,16.947201,1,41502,41502,0,0,closed,710
10.680327,1,6,11,39,4,16.666901,1.829000,2.772600,16.427000,1,45683,45683,0,0,closed,711
10.693239,1,6,10,39,4,16.666702,6.485500,3.244300,21.558300,1,45683,45683,0,0,closed,712
10.709903,1,6,10,39,4,16.666897,2.000500,3.014100,11.759600,1,45683,45683,0,0,closed,713
10.726591,1,6,10,39,4,16.667002,1.622700,3.233800,16.591900,1,45683,45683,0,0,closed,714
10.743285,1,6,10,39,4,16.666800,1.869100,2.983100,16.732201,1,45683,45683,0,0,closed,715
10.759918,1,6,10,39,4,16.666698,1.744700,2.672200,16.751600,1,45683,45683,0,0,closed,716
10.780108,1,6,10,36,4,16.666803,1.716300,2.787000,16.599001,1,42760,42760,0,0,closed,717
10.902757,1,6,8,36,4,122.108597,6.219700,0.296500,21.264400,1,40410,40410,0,0,closed,718
10.915342,1,6,8,36,4,16.666698,103.681801,3.615600,124.657700,1,40410,40410,0,0,closed,719
10.932013,1,6,8,36,4,16.666702,1.814800,3.035500,9.520100,1,40410,40410,0,0,closed,720
10.948697,1,6,8,36,4,16.666800,1.857800,6.940800,16.607201,1,40410,40410,0,0,closed,721
10.965455,1,6,8,36,4,16.679197,1.924700,2.983900,16.623600,1,40410,40410,0,0,closed,722
10.982118,1,6,8,36,4,16.667002,1.820100,2.617700,16.864300,1,40410,40410,0,0,closed,723
11.002042,1,6,8,33,4,16.667002,1.814400,2.705800,16.726999,1,39061,39061,0,0,closed,724
11.015374,1,6,7,33,4,16.666800,6.164400,2.983900,21.174299,1,39061,39061,0,0,closed,725
11.032051,1,6,7,33,4,16.667002,1.862600,2.777400,11.971600,1,39061,39061,0,0,closed,726
11.048749,1,6,7,33,4,16.666901,1.677200,2.741400,16.758801,1,39061,39061,0,0,closed,727
11.065385,1,6,7,33,4,16.666698,1.721900,3.014900,16.711700,1,39061,39061,0,0,closed,728
11.082059,1,6,7,33,4,16.666901,1.938100,3.124400,16.528299,1,39061,39061,0,0,closed,729
11.102262,1,6,7,30,4,16.666800,1.731100,3.234600,16.784401,1,39293,39293,0,0,closed,730
11.115391,1,6,7,30,4,16.666800,6.131900,3.392200,20.960300,1,39293,39293,0,0,closed,731
11.132034,1,6,7,30,4,16.666901,1.958700,3.078900,12.255200,1,39293,39293,0,0,closed,732
11.148759,1,6,7,30,4,16.667097,1.908700,2.880200,16.681000,1,39293,39293,0,0,closed,733
11.165361,1,6,7,30,4,16.666800,1.739700,3.100400,16.872400,1,39293,39293,0,0,closed,734
11.182034,1,6,7,30,4,16.666800,1.939200,2.793700,16.410601,1,39293,39293,0,0,closed,735
11.202549,1,6,7,29,4,16.666702,1.645300,3.133400,16.665600,1,39654,39654,0,0,closed,736
11.215405,1,6,7,29,4,16.666800,6.104300,3.770700,21.362700,1,39654,39654,0,0,closed,737
11.232113,1,6,7,29,4,16.666800,2.155400,2.890200,12.208200,1,39654,39654,0,0,closed,738
11.248731,1,6,7,29,4,16.666901,1.878000,2.810200,16.681900,1,39654,39654,0,0,closed,739
11.265410,1,6,7,29,4,16.666901,1.703900,3.043800,16.516100,1,39654,39654,0,0,closed,740
11.282045,1,6,7,29,4,16.666800,2.170600,3.255100,17.203199,1,39654,39654,0,0,closed,741
11.301849,1,6,7,28,4,16.666800,2.163200,2.771900,16.084999,1,36104,36104,0,0,closed,742
11.315365,1,6,7,28,4,16.666901,5.476400,2.991800,20.517900,1,36104,36104,0,0,closed,743
11.441659,1,6,7,25,4,122.429596,2.460900,0.333900,13.357100,1,36236,36236,0,0,closed,744
11.454545,1,6,6,25,4,16.666800,109.034798,3.663900,129.429504,1,36236,36236,0,0,closed,745
11.471143,1,6,6,25,4,16.666800,2.267600,3.711400,8.967200,1,36236,36236,0,0,closed,746
11.487852,1,6,6,25,4,16.666698,1.675300,3.235800,16.896000,1,36236,36236,0,0,closed,747
11.504507,1,6,6,25,4,16.666901,2.068900,3.091200,16.641001,1,36236,36236,0,0,closed,748
11.521164,1,6,6,25,4,16.666901,1.790700,3.505500,16.783300,1,36236,36236,0,0,closed,749
11.541217,1,6,6,24,4,16.666800,1.853700,2.871300,16.525299,1,35930,35930,0,0,closed,750
11.554514,1,6,5,24,4,16.666800,5.869800,4.291900,20.974600,1,35930,35930,0,0,closed,751
11.571169,1,6,5,24,4,16.666901,2.021500,3.019000,12.305400,1,35930,35930,0,0,closed,752
11.587822,1,6,5,24,4,16.666800,1.706800,3.277600,16.752600,1,35930,35930,0,0,closed,753
11.604475,1,6,5,24,4,16.666901,1.772400,3.262800,16.561199,1,35930,35930,0,0,closed,754
11.621196,1,6,5,24,4,16.666698,1.921200,3.857100,16.701401,1,35930,35930,0,0,closed,755
11.642065,1,6,5,23,3,16.666800,2.063000,3.143800,16.709600,1,36046,36046,0,0,closed,756
11.654480,1,6,4,23,3,16.666702,6.501000,3.224000,21.547001,1,36046,36046,0,0,closed,757
11.671184,1,6,4,23,3,16.666901,1.781600,3.463300,11.864100,1,36046,36046,0,0,closed,758
11.687837,1,6,4,23,3,16.666698,2.287500,2.884500,16.630800,1,36046,36046,0,0,closed,759
11.704495,1,6,4,23,3,16.666800,1.746500,2.788500,16.592899,1,36046,36046,0,0,closed,760
11.721128,1,6,4,23,3,16.666800,1.934300,2.961300,16.733200,1,36046,36046,0,0,closed,761
11.741103,1,6,4,22,2,16.666901,1.766500,2.844600,16.589800,1,36737,36737,0,0,closed,762
11.754476,1,6,4,22,2,16.666901,5.169600,2.879200,20.136999,1,36737,36737,0,0,closed,763
11.771190,1,6,4,22,2,16.666800,1.880500,3.200600,13.147100,1,36737,36737,0,0,closed,764
11.787840,1,6,4,22,2,16.666698,1.686700,2.873400,16.741400,1,36737,36737,0,0,closed,765
11.804467,1,6,4,22,2,16.666800,1.951700,3.172900,16.650200,1,36737,36737,0,0,closed,766
11.821145,1,6,4,22,2,16.666901,1.648800,2.934800,16.571400,1,36737,36737,0,0,closed,767
11.841706,1,6,4,22,2,16.666698,1.709400,2.633300,16.719900,1,36399,36399,0,0,closed,768
11.854539,1,6,4,22,2,16.666698,5.848500,3.623200,21.003201,1,36399,36399,0,0,closed,769
11.871174,1,6,4,22,2,16.667002,2.432700,3.086000,12.542000,1,36399,36399,0,0,closed,770
11.887898,1,6,4,22,2,16.666901,2.056200,3.148400,16.476101,1,36399,36399,0,0,closed,771
11.904594,1,6,4,22,2,16.667002,2.121500,3.214200,16.905300,1,36399,36399,0,0,closed,772
11.921138,1,6,4,22,2,16.666800,2.467700,2.990900,16.671700,1,36399,36399,0,0,closed,773
11.940956,1,6,4,21,2,16.666901,1.672600,2.875400,16.348200,1,35564,35564,0,0,closed,774
11.954456,1,6,4,21,2,16.666800,5.049700,2.752200,20.015100,1,35564,35564,0,0,closed,775
11.971118,1,6,4,21,2,16.666698,4.233300,2.832700,15.971300,1,35564,35564,0,0,closed,776
11.987795,1,6,4,21,2,16.666800,1.809500,2.601000,14.009300,1,35564,35564,0,0,closed,777
12.004456,1,6,4,21,2,16.666901,1.687900,2.516800,16.743500,1,35564,35564,0,0,closed,778
12.021208,1,6,4,21,2,16.666901,1.867100,2.521900,16.568300,1,35564,35564,0,0,closed,779
12.040948,1,6,4,20,2,16.666800,1.634600,2.771000,16.829399,1,35021,35021,0,0,closed,780
12.054457,1,6,4,20,2,16.666800,5.004300,2.891200,19.894300,1,35021,35021,0,0,closed,781
12.071183,1,6,4,20,2,16.666901,1.839500,2.903200,13.272100,1,35021,35021,0,0,closed,782
12.087791,1,6,4,20,2,16.666800,1.858100,2.971500,16.764900,1,35021,35021,0,0,closed,783
12.104442,1,6,4,20,2,16.666698,1.612200,2.964400,16.572399,1,35021,35021,0,0,closed,784
12.121122,1,6,4,20,2,16.666698,1.834100,2.799600,16.672800,1,35021,35021,0,0,closed,785
12.141215,1,6,4,20,2,16.666800,1.890400,2.925900,16.655300,1,35654,35654,0,0,closed,786
12.154559,1,6,4,20,2,16.667101,5.406900,2.556000,20.247601,1,35654,35654,0,0,closed,787
12.171134,1,6,4,20,2,16.666901,1.920400,3.141500,13.442000,1,35654,35654,0,0,closed,788
12.187810,1,6,4,20,2,16.666800,1.971300,2.652200,16.419901,1,35654,35654,0,0,closed,789
12.204457,1,6,4,20,2,16.666800,1.793600,2.912900,16.642000,1,35654,35654,0,0,closed,790
12.221149,1,6,4,20,2,16.666901,1.815300,2.808900,16.583700,1,35654,35654,0,0,closed,791
12.240978,1,6,4,20,2,16.666800,1.682700,2.486200,16.697300,1,35550,35550,0,0,closed,792
12.254476,1,6,4,20,2,16.666698,5.099100,2.567400,20.001801,1,35550,35550,0,0,closed,793
12.271143,1,6,4,20,2,16.666698,1.573200,2.799500,13.342800,1,35550,35550,0,0,closed,794
12.287797,1,6,4,20,2,16.666901,2.332200,2.719500,17.133499,1,35550,35550,0,0,closed,795
12.304459,1,6,4,20,2,16.666901,1.885300,2.858200,16.191500,1,35550,35550,0,0,closed,796
12.321124,1,6,4,20,2,16.666800,1.679400,2.538800,16.621599,1,35550,35550,0,0,closed,797
12.341117,1,6,4,19,2,16.666800,1.717300,2.651800,16.703501,1,35020,35020,0,0,closed,798
12.354563,1,6,4,19,2,16.706903,5.232500,2.887300,20.169701,1,35020,35020,0,0,closed,799
12.371214,1,6,4,19,2,16.666901,2.013700,3.114800,13.378600,1,35020,35020,0,0,closed,800
12.387843,1,6,4,19,2,16.666698,1.755900,2.716500,16.587700,1,35020,35020,0,0,closed,801
12.404505,1,6,4,19,2,16.666901,1.844300,3.170200,16.613400,1,35020,35020,0,0,closed,802
12.421186,1,6,4,19,2,16.666901,1.879500,2.855200,16.636900,1,35020,35020,0,0,closed,803
12.441037,1,6,4,19,2,16.666800,1.863100,2.705400,16.691200,1,35528,35528,0,0,closed,804
12.454508,1,6,4,19,2,16.666901,4.852100,2.628200,19.904600,1,35528,35528,0,0,closed,805
12.471268,1,6,4,19,2,16.666698,4.089400,2.839400,15.964100,1,35528,35528,0,0,closed,806
12.487856,1,6,4,19,2,16.666698,1.990600,2.695200,14.269500,1,35528,35528,0,0,closed,807
12.504490,1,6,4,19,2,16.666800,1.608200,2.864400,16.542700,1,35528,35528,0,0,closed,808
12.521182,1,6,4,19,2,16.666901,1.952800,2.831100,16.570299,1,35528,35528,0,0,closed,809
12.537843,1,6,4,19,2,16.666800,1.889500,2.881100,16.742399,1,35528,35528,0,0,closed,810
12.554513,1,6,4,19,2,16.666800,1.753900,2.789300,16.654400,1,35528,35528,0,0,closed,811
12.571218,1,6,4,19,2,16.666901,1.641800,3.347800,16.708599,1,35528,35528,0,0,closed,812
12.587825,1,6,4,19,2,16.666800,2.050400,2.859100,16.762899,1,35528,35528,0,0,closed,813
12.604547,1,6,4,19,2,16.667002,1.771100,2.489100,16.469000,1,35528,35528,0,0,closed,814
12.621207,1,6,4,19,2,16.666698,1.569000,2.636000,16.613300,1,35528,35528,0,0,closed,815
12.637850,1,6,4,19,2,16.666901,1.783400,2.622300,16.902201,1,35528,35528,0,0,closed,816
12.654495,1,6,4,19,2,16.666698,1.595200,2.833000,16.593901,1,35528,35528,0,0,closed,817
12.672506,1,6,4,19,2,16.666901,1.852100,2.925300,16.603100,1,35528,35528,0,0,closed,818
12.689040,0,7,4,0,0,16.666901,3.385600,2.756600,18.208799,1,6702,6702,0,0,closed,819
12.714362,0,7,6,0,0,26.483099,26.384899,2.756600,18.208799,1,6702,6702,0,0,closed,820
12.731004,0,7,6,0,0,16.666698,2.096300,3.064100,9.410500,1,6702,6702,0,0,closed,821
12.748693,0,7,6,0,0,16.666901,2.336900,3.010300,9.417800,1,6702,6702,0,0,closed,822
12.764295,0,7,6,0,0,16.666698,2.690600,2.711800,17.630199,1,6702,6702,0,0,closed,823
12.782149,0,7,6,0,0,16.666800,1.727400,2.914100,15.587300,1,6702,6702,0,0,closed,824
12.797638,0,7,6,0,0,16.666901,4.567600,3.154300,19.625000,1,7213,7213,0,0,closed,825
12.815250,0,7,6,0,0,16.666800,2.684500,2.734800,13.739000,1,7213,7213,0,0,closed,826
12.830993,0,7,6,0,0,16.666901,2.649700,2.931600,17.675200,1,7213,7213,0,0,closed,827
12.848783,0,7,6,0,0,16.666698,1.993000,2.785300,15.719500,1,7213,7213,0,0,closed,828
12.864297,0,7,6,0,0,16.666800,3.023600,2.905200,17.697800,1,7213,7213,0,0,closed,829
12.882032,0,7,6,0,0,16.666800,1.981600,2.944500,15.587300,1,7213,7213,0,0,closed,830
12.897718,0,7,6,0,0,16.666901,2.741600,2.778200,17.756100,1,7213,7213,0,0,closed,831
12.915068,0,7,6,0,0,16.666702,1.824900,3.631300,15.678400,1,7213,7213,0,0,closed,832
12.930975,0,7,6,0,0,16.666800,2.574900,3.122900,17.355801,1,7213,7213,0,0,closed,833
12.949193,0,7,6,0,0,16.666800,1.700700,2.726000,15.905800,1,7210,7210,0,0,closed,834
12.964309,0,7,6,0,0,16.666901,3.360600,2.856600,18.238501,1,7210,7210,0,0,closed,835
12.981725,0,7,6,0,0,16.666800,4.715000,2.718500,17.871799,1,7209,7209,0,0,closed,836
12.997652,0,7,6,0,0,16.666901,3.674400,2.798000,14.564400,1,7209,7209,0,0,closed,837
13.106461,0,7,6,0,0,108.166695,1.596400,0.269700,15.970300,1,7209,7209,0,0,closed,838
13.122729,0,7,6,0,0,16.666698,88.198898,2.653400,109.120499,1,7209,7209,0,0,closed,839
13.139144,0,7,6,0,0,16.666800,1.936600,2.659900,15.927300,1,7209,7209,0,0,closed,840
13.160492,1,7,6,48,4,16.666800,1.815300,2.850000,16.472099,1,39716,39716,0,0,closed,841
13.192106,1,7,12,48,4,36.236099,36.424400,2.850000,16.472099,1,39716,39716,0,0,closed,842
13.208785,1,7,12,48,4,16.666800,1.837900,3.013800,9.500700,1,39716,39716,0,0,closed,843
13.225475,1,7,12,48,4,16.666702,2.012500,3.042600,8.928300,1,39716,39716,0,0,closed,844
13.242187,1,7,12,48,4,16.666901,1.726900,2.904400,16.825300,1,39716,39716,0,0,closed,845
13.262560,1,7,12,48,4,16.666698,2.114400,3.182800,16.707600,1,44269,44269,0,0,closed,846
13.275451,1,7,12,48,4,16.666698,5.843400,3.125200,20.695000,1,44269,44269,0,0,closed,847
13.292169,1,7,12,48,4,16.666901,2.275000,2.994200,12.897300,1,44269,44269,0,0,closed,848
13.308765,1,7,12,48,4,16.666901,2.075800,2.707700,16.329700,1,44269,44269,0,0,closed,849
13.325448,1,7,12,48,4,16.666901,1.735600,2.875600,16.570400,1,44269,44269,0,0,closed,850
13.342163,1,7,12,48,4,16.666901,1.881700,3.017400,16.768999,1,44269,44269,0,0,closed,851
13.362763,1,7,12,47,4,16.666800,1.880300,2.711000,16.596001,1,48142,48142,0,0,closed,852
13.375491,1,7,11,47,4,16.666698,7.192900,3.401700,22.059999,1,48142,48142,0,0,closed,853
13.392125,1,7,11,47,4,16.666901,1.973000,3.308600,11.237400,1,48142,48142,0,0,closed,854
13.408815,1,7,11,47,4,16.666800,1.738200,3.240600,16.724001,1,48142,48142,0,0,closed,855
13.425498,1,7,11,47,4,16.666901,2.019400,2.945300,16.719801,1,48142,48142,0,0,closed,856
13.442143,1,7,11,47,4,16.666800,1.676000,3.111900,16.605200,1,48142,48142,0,0,closed,857
13.463124,1,7,11,42,4,16.666800,1.730800,2.711200,16.671801,1,49212,49212,0,0,closed,858
13.592799,1,7,9,40,4,128.533310,7.371900,0.330500,22.319099,1,42295,42295,0,0,closed,859
13.604080,1,7,9,40,4,16.666901,112.209396,4.100900,132.188095,1,42295,42295,0,0,closed,860
13.620636,1,7,9,40,4,16.666901,2.367800,3.369900,8.465400,1,42295,42295,0,0,closed,861
13.637311,1,7,9,40,4,16.666800,1.815400,3.127400,15.532100,1,42295,42295,0,0,closed,862
13.653961,1,7,9,40,4,16.666800,1.712700,2.866300,16.676800,1,42295,42295,0,0,closed,863
13.670634,1,7,9,40,4,16.666698,1.942700,3.172700,16.656401,1,42295,42295,0,0,closed,864
13.691169,1,7,9,38,4,16.666901,1.863400,3.271300,16.787500,1,42238,42238,0,0,closed,865
13.704002,1,7,8,38,4,16.666800,6.098500,3.584100,21.035000,1,42238,42238,0,0,closed,866
13.720651,1,7,8,38,4,16.666698,1.852800,3.138400,12.128200,1,42238,42238,0,0,closed,867
13.737353,1,7,8,38,4,16.666901,1.806300,2.698100,16.713800,1,42238,42238,0,0,closed,868
13.754000,1,7,8,38,4,16.666698,1.863800,3.046400,16.698299,1,42238,42238,0,0,closed,869
13.770652,1,7,8,38,4,16.666901,1.697500,3.018100,16.638000,1,42238,42238,0,0,closed,870
13.791047,1,7,8,35,4,16.666901,1.928000,3.049700,16.714701,1,41937,41937,0,0,closed,871
13.804033,1,7,7,35,4,16.666800,6.169300,3.335600,21.019699,1,41937,41937,0,0,closed,872
13.820738,1,7,7,35,4,16.666800,2.338300,3.222000,12.465100,1,41937,41937,0,0,closed,873
13.837359,1,7,7,35,4,16.666698,1.985000,2.729200,16.577600,1,41937,41937,0,0,closed,874
13.853973,1,7,7,35,4,16.666901,1.708000,2.610900,16.545799,1,41937,41937,0,0,closed,875
13.870631,1,7,7,35,4,16.666702,1.651300,2.767200,16.619499,1,41937,41937,0,0,closed,876
13.890911,1,7,7,33,4,16.666800,1.712800,2.780800,16.719900,1,41021,41021,0,0,closed,877
13.903970,1,7,7,33,4,16.666897,5.845500,2.961500,20.831200,1,41021,41021,0,0,closed,878
13.920637,1,7,7,33,4,16.666803,2.011300,3.008400,12.446700,1,41021,41021,0,0,closed,879
13.937435,1,7,7,33,4,16.666897,1.863000,2.763900,16.714800,1,41021,41021,0,0,closed,880
13.953976,1,7,7,33,4,16.666901,2.098600,3.127200,16.929800,1,41021,41021,0,0,closed,881
13.970639,1,7,7,33,4,16.666702,1.986900,2.837600,16.369600,1,41021,41021,0,0,closed,882
13.990848,1,7,7,30,4,16.666698,1.641300,3.185700,16.713699,1,39461,39461,0,0,closed,883
14.003977,1,7,6,30,4,16.666800,5.863100,3.391800,20.815901,1,39461,39461,0,0,closed,884
14.020670,1,7,6,30,4,16.666901,1.996600,2.997700,12.558400,1,39461,39461,0,0,closed,885
14.037314,1,7,6,30,4,16.666800,1.811900,2.775000,16.636900,1,39461,39461,0,0,closed,886
14.054000,1,7,6,30,4,16.666800,1.703200,3.395100,16.710600,1,39461,39461,0,0,closed,887
14.070654,1,7,6,30,4,16.666800,1.845000,3.142500,16.644100,1,39461,39461,0,0,closed,888
14.091015,1,7,6,28,4,16.666800,1.762500,3.004600,16.752701,1,38819,38819,0,0,closed,889
14.104042,1,7,6,28,4,16.666901,6.073400,3.202600,20.891600,1,38819,38819,0,0,closed,890
14.120703,1,7,6,28,4,16.666698,4.792300,3.516300,15.279100,1,38819,38819,0,0,closed,891
14.137318,1,7,6,28,4,16.666800,2.475600,2.887900,13.852700,1,38819,38819,0,0,closed,892
14.154004,1,7,6,28,4,16.666800,1.730700,3.084500,16.571400,1,38819,38819,0,0,closed,893
14.170662,1,7,6,28,4,16.666698,2.051900,2.934200,16.651300,1,38819,38819,0,0,closed,894
14.191025,1,7,6,27,4,16.666901,1.949900,2.915200,16.688101,1,40667,40667,0,0,closed,895
14.203983,1,7,5,27,4,16.666901,5.944500,3.138000,21.022699,1,40667,40667,0,0,closed,896
14.220656,1,7,5,27,4,16.666698,1.910000,3.138900,12.275700,1,40667,40667,0,0,closed,897
14.237303,1,7,5,27,4,16.666702,1.913300,2.882400,16.691200,1,40667,40667,0,0,closed,898
14.253957,1,7,5,27,4,16.666698,1.936800,2.738000,16.576500,1,40667,40667,0,0,closed,899
14.270656,1,7,5,27,4,16.666800,1.912600,2.802900,16.659500,1,40667,40667,0,0,closed,900
14.290963,1,7,5,27,4,16.666698,1.715500,2.586100,16.811001,1,40372,40372,0,0,closed,901
14.303993,1,7,5,27,4,16.666698,6.702000,3.162200,21.427200,1,40372,40372,0,0,closed,902
14.320652,1,7,5,27,4,16.666800,1.926200,3.129400,11.856900,1,40372,40372,0,0,closed,903
14.337333,1,7,5,27,4,16.666702,1.949100,2.567800,16.614401,1,40372,40372,0,0,closed,904
14.353964,1,7,5,27,4,16.666901,1.862100,2.972400,16.788500,1,40372,40372,0,0,closed,905
14.370629,1,7,5,27,4,16.666897,1.642200,2.697000,16.500700,1,40372,40372,0,0,closed,906
14.390712,1,7,5,26,4,16.666702,1.913700,2.699000,16.715799,1,39211,39211,0,0,closed,907
14.403969,1,7,4,26,4,16.666800,5.690600,3.011900,20.562901,1,39211,39211,0,0,closed,908
14.420642,1,7,4,26,4,16.666901,2.288000,2.675400,12.757000,1,39211,39211,0,0,closed,909
14.437317,1,7,4,26,4,16.666800,1.715900,2.945000,16.675900,1,39211,39211,0,0,closed,910
14.453989,1,7,4,26,4,16.666901,2.244600,2.479200,16.649200,1,39211,39211,0,0,closed,911
14.470625,1,7,4,26,4,16.666698,1.958400,2.834900,16.664499,1,39211,39211,0,0,closed,912
14.490841,1,7,4,25,4,16.666901,1.585400,2.706500,16.594999,1,39257,39257,0,0,closed,913
14.504001,1,7,4,25,4,16.666698,5.774800,2.801000,20.805599,1,39257,39257,0,0,closed,914
14.520697,1,7,4,25,4,16.666901,2.074900,2.952500,12.598300,1,39257,39257,0,0,closed,915
14.537299,1,7,4,25,4,16.666800,1.645900,2.734200,16.704500,1,39257,39257,0,0,closed,916
14.553979,1,7,4,25,4,16.666901,1.853500,3.030500,16.651300,1,39257,39257,0,0,closed,917
14.570650,1,7,4,25,4,16.666800,1.682300,2.740800,16.644100,1,39257,39257,0,0,closed,918
14.590700,1,7,4,25,4,16.666800,1.992000,2.819800,16.721901,1,38500,38500,0,0,closed,919
14.604033,1,7,4,25,4,16.666901,5.504100,2.943900,20.608999,1,38500,38500,0,0,closed,920
14.620644,1,7,4,25,4,16.666800,2.077100,2.754300,12.788700,1,38500,38500,0,0,closed,921
14.637305,1,7,4,25,4,16.666800,4.663600,3.084600,19.336201,1,38500,38500,0,0,closed,922
14.653958,1,7,4,25,4,16.666800,2.025300,2.692100,13.903900,1,38500,38500,0,0,closed,923
14.670670,1,7,4,25,4,16.666901,1.959300,2.933800,16.588800,1,38500,38500,0,0,closed,924
14.690699,1,7,4,22,4,16.666901,1.864200,2.919300,16.716801,1,37948,37948,0,0,closed,925
14.704007,1,7,3,22,4,16.666901,5.573000,2.632700,20.453400,1,37948,37948,0,0,closed,926
14.720654,1,7,3,22,4,16.666800,2.100200,2.982300,12.939300,1,37948,37948,0,0,closed,927
14.737310,1,7,3,22,4,16.666800,1.665900,2.935200,16.771000,1,37948,37948,0,0,closed,928
14.753986,1,7,3,22,4,16.666800,2.119800,2.539300,16.420900,1,37948,37948,0,0,closed,929
14.770635,1,7,3,22,4,16.666800,1.619400,2.601800,16.818199,1,37948,37948,0,0,closed,930
14.790581,1,7,3,20,3,16.666698,1.589400,3.079300,16.579500,1,36589,36589,0,0,closed,931
14.803981,1,7,2,20,3,16.666901,5.371100,2.842100,20.340799,1,36589,36589,0,0,closed,932
14.820641,1,7,2,20,3,16.666901,1.902500,3.035600,13.095900,1,36589,36589,0,0,closed,933
14.837315,1,7,2,20,3,16.666800,1.848000,2.644500,16.566299,1,36589,36589,0,0,closed,934
14.853977,1,7,2,20,3,16.666901,1.869400,2.698400,16.658400,1,36589,36589,0,0,closed,935
14.870642,1,7,2,20,3,16.666800,1.594200,2.703400,16.655399,1,36589,36589,0,0,closed,936
14.890770,1,7,2,20,3,16.666901,1.871000,2.624200,16.656401,1,37685,37685,0,0,closed,937
14.904057,1,7,2,20,3,16.666800,5.229600,3.117800,20.402100,1,37685,37685,0,0,closed,938
14.920639,1,7,2,20,3,16.666698,2.326200,2.843900,13.103100,1,37685,37685,0,0,closed,939
14.937296,1,7,2,20,3,16.666800,1.680700,2.676900,16.515100,1,37685,37685,0,0,closed,940
14.954003,1,7,2,20,3,16.666901,1.977100,3.222800,16.586800,1,37685,37685,0,0,closed,941
14.970681,1,7,2,20,3,16.667101,1.854100,2.702500,16.837601,1,37685,37685,0,0,closed,942
14.990943,1,7,2,18,2,16.666800,2.080200,2.782800,16.619499,1,35499,35499,0,0,closed,943
15.004010,1,7,2,18,2,16.666998,5.723700,3.061300,20.458500,1,35499,35499,0,0,closed,944
15.020658,1,7,2,18,2,16.666901,1.969500,3.673600,13.055000,1,35499,35499,0,0,closed,945
15.037322,1,7,2,18,2,16.666702,2.140500,2.787800,16.449499,1,35499,35499,0,0,closed,946
15.053989,1,7,2,18,2,16.666897,1.878000,3.022700,16.646200,1,35499,35499,0,0,closed,947
15.070637,1,7,2,18,2,16.666800,1.854300,2.702900,16.701401,1,35499,35499,0,0,closed,948
15.090591,1,7,2,18,2,16.666702,2.010600,2.971800,16.569300,1,36300,36300,0,0,closed,949
15.103965,1,7,2,18,2,16.666800,5.213900,2.777500,20.104200,1,36300,36300,0,0,closed,950
15.120726,1,7,2,18,2,16.666698,1.820600,2.695600,13.209600,1,36300,36300,0,0,closed,951
15.137304,1,7,2,18,2,16.666800,4.279300,2.939000,19.463200,1,36300,36300,0,0,closed,952
15.154000,1,7,2,18,2,16.666698,1.642800,2.486100,13.881300,1,36300,36300,0,0,closed,953
15.170645,1,7,2,18,2,16.666698,1.847600,2.517100,16.684000,1,36300,36300,0,0,closed,954
15.187291,1,7,2,18,2,16.666901,1.597500,3.043200,16.734301,1,36300,36300,0,0,closed,955
15.203982,1,7,2,18,2,16.666800,1.581400,2.638100,16.604099,1,36300,36300,0,0,closed,956
15.220639,1,7,2,18,2,16.666800,1.580100,3.694200,16.660500,1,36300,36300,0,0,closed,957
15.237333,1,7,2,18,2,16.667101,1.808000,2.528600,16.768999,1,36300,36300,0,0,closed,958
15.253942,1,7,2,18,2,16.666698,1.903600,2.796900,16.614401,1,36300,36300,0,0,closed,959
15.270651,1,7,2,18,2,16.666698,1.572600,2.710900,16.594999,1,36300,36300,0,0,closed,960
15.287306,1,7,2,18,2,16.666803,1.881900,2.738900,16.798700,1,36300,36300,0,0,closed,961
15.303973,1,7,2,18,2,16.666800,1.654600,2.727200,16.537600,1,36300,36300,0,0,closed,962
15.320615,1,7,2,18,2,16.666800,2.106300,3.222200,17.134600,1,36300,36300,0,0,closed,963
15.340846,2,7,2,16,0,16.666800,1.650200,2.665900,16.148500,1,35139,35139,0,0,closed,964
15.372022,2,7,2,16,0,32.871799,32.068199,2.665900,16.148500,1,35139,35139,0,0,closed,965
15.386837,2,7,2,16,0,16.666702,4.308000,4.195600,9.426000,1,35139,35139,0,0,closed,966
15.404805,2,7,2,16,0,16.666698,1.910300,3.093200,9.539500,1,35139,35139,0,0,closed,967
15.420184,2,7,2,16,0,16.666800,3.150200,3.415900,18.017300,1,35139,35139,0,0,closed,968
15.437750,2,7,2,16,0,16.667097,2.285900,2.726800,15.366200,1,35139,35139,0,0,closed,969
15.453527,2,7,2,16,0,16.666901,2.750300,2.679700,17.583099,1,35139,35139,0,0,closed,970
15.470782,2,7,2,16,0,16.666800,1.800700,2.890200,15.788000,1,35139,35139,0,0,closed,971
15.486847,2,7,2,16,0,16.666702,2.615200,2.778200,17.265699,1,35139,35139,0,0,closed,972
15.503785,2,7,2,16,0,16.666800,2.091200,2.896200,16.091101,1,35139,35139,0,0,closed,973
15.520177,2,7,2,16,0,16.666901,2.306300,2.783700,16.899099,1,35139,35139,0,0,closed,974
15.537066,2,7,2,16,0,16.666897,2.017900,2.830500,16.354300,1,35139,35139,0,0,closed,975
15.553489,2,7,2,16,0,16.666803,2.292300,2.745200,16.920601,1,35139,35139,0,0,closed,976
15.570431,2,7,2,16,0,16.666800,1.990700,2.753300,16.388100,1,35139,35139,0,0,closed,977
15.586861,2,7,2,16,0,16.666800,2.351000,2.586100,16.947201,1,35139,35139,0,0,closed,978
15.604584,0,8,2,0,0,16.666901,2.107700,2.650400,16.402399,1,7215,7215,0,0,closed,979
15.635680,0,8,6,0,0,31.930498,31.489500,2.650400,16.402399,1,7215,7215,0,0,closed,980
15.652047,0,8,6,0,0,16.666901,3.777800,2.992800,9.093100,1,7215,7215,0,0,closed,981
15.668746,0,8,6,0,0,16.666800,1.925800,3.467400,9.584700,1,7215,7215,0,0,closed,982
15.685640,0,8,6,0,0,16.666800,1.763400,3.080800,16.643999,1,7215,7215,0,0,closed,983
15.702140,0,8,6,0,0,16.666901,1.793400,2.522400,17.051701,1,7215,7215,0,0,closed,984
15.718987,0,8,6,0,0,16.666901,1.908300,3.229200,16.464899,1,7215,7215,0,0,closed,985
15.735429,0,8,6,0,0,16.666698,3.939000,2.608200,18.757601,1,7215,7215,0,0,closed,986
15.752341,0,8,6,0,0,16.666800,2.429000,2.816400,14.499900,1,7215,7215,0,0,closed,987
15.768714,0,8,6,0,0,16.666800,2.189700,2.920500,16.910299,1,7215,7215,0,0,closed,988
15.785384,0,8,6,0,0,16.666800,1.575600,2.679600,16.296000,1,7215,7215,0,0,closed,989
15.802046,0,8,6,0,0,16.666698,1.755000,2.648900,16.687099,1,7215,7215,0,0,closed,990
15.818737,0,8,6,0,0,16.666800,1.733300,2.734800,16.618500,1,7215,7215,0,0,closed,991
15.835413,0,8,6,0,0,16.666702,1.735000,2.911000,16.752600,1,7215,7215,0,0,closed,992
15.852039,0,8,6,0,0,16.666800,1.513600,2.772100,16.705500,1,7215,7215,0,0,closed,993
15.869619,0,8,6,0,0,16.666998,1.572500,2.682800,16.545799,1,7214,7214,0,0,closed,994
15.885413,0,8,6,0,0,16.666702,2.465300,2.776000,17.604601,1,7214,7214,0,0,closed,995
15.902058,0,8,6,0,0,16.666800,1.468800,2.762800,15.808500,1,7214,7214,0,0,closed,996
15.919739,0,8,6,0,0,16.666800,3.372400,2.768500,18.498600,1,7213,7213,0,0,closed,997
16.044676,1,8,6,48,4,121.402397,3.318000,0.269900,15.872000,1,44261,44261,0,0,closed,998
16.080033,1,8,12,48,4,39.815502,135.490906,0.269900,15.872000,1,44261,44261,0,0,closed,999
16.096742,1,8,12,48,4,16.666698,1.843600,2.914100,9.520100,1,44261,44261,0,0,closed,1000
16.113428,1,8,12,48,4,16.666800,2.004800,2.909300,9.045000,1,44261,44261,0,0,closed,1001
16.130096,1,8,12,48,4,16.666803,1.808700,2.685000,16.661501,1,44261,44261,0,0,closed,1002
16.150657,1,8,12,45,4,16.666897,1.906200,2.680000,16.667601,1,48971,48971,0,0,closed,1003
16.163393,1,8,10,45,4,16.666800,9.683800,3.517700,24.499201,1,48971,48971,0,0,closed,1004
16.180053,1,8,10,45,4,16.666901,2.118600,2.967100,8.764400,1,48971,48971,0,0,closed,1005
16.196792,1,8,10,45,4,16.666702,1.965600,2.965800,16.689199,1,48971,48971,0,0,closed,1006
16.213384,1,8,10,45,4,16.666901,2.052100,3.262000,16.766001,1,48971,48971,0,0,closed,1007
16.230050,1,8,10,45,4,16.666800,2.092000,2.767500,16.658400,1,48971,48971,0,0,closed,1008
16.250433,1,8,10,44,4,16.666800,1.801500,3.377500,16.608200,1,43155,43155,0,0,closed,1009
16.263364,1,8,10,44,4,16.666800,6.365100,3.435600,20.969500,1,43155,43155,0,0,closed,1010
16.394271,1,8,10,40,4,125.964600,2.195300,0.309100,12.876800,1,42250,42250,0,0,closed,1011
16.522868,1,8,9,37,4,129.249100,110.825798,0.293400,131.609604,1,44469,44469,0,0,closed,1012
16.535263,1,8,7,37,4,16.666800,107.773003,3.225900,128.263199,1,44469,44469,0,0,closed,1013
16.551986,1,8,7,37,4,16.666698,1.980900,2.794500,11.481100,1,44469,44469,0,0,closed,1014
16.568587,1,8,7,37,4,16.666698,2.105000,3.020700,16.782301,1,44469,44469,0,0,closed,1015
16.585240,1,8,7,37,4,16.666901,1.702800,3.101400,16.474100,1,44469,44469,0,0,closed,1016
16.601955,1,8,7,37,4,16.666901,1.756300,3.084400,16.688200,1,44469,44469,0,0,closed,1017
16.623280,1,8,7,37,4,16.666800,1.812500,2.940700,16.693199,1,45967,45967,0,0,closed,1018
16.635243,1,8,7,37,4,16.666800,7.227300,3.426700,22.047800,1,45967,45967,0,0,closed,1019
16.651919,1,8,7,37,4,16.666901,2.018600,3.909300,11.271100,1,45967,45967,0,0,closed,1020
16.668615,1,8,7,37,4,16.666698,5.124700,3.613500,19.938299,1,45967,45967,0,0,closed,1021
16.685251,1,8,7,37,4,16.666800,1.955200,3.501000,13.458500,1,45967,45967,0,0,closed,1022
16.701992,1,8,7,37,4,16.667002,1.859900,3.236300,16.725000,1,45967,45967,0,0,closed,1023
16.722415,1,8,7,33,4,16.666800,1.863000,3.111700,16.707500,1,43340,43340,0,0,closed,1024
16.735345,1,8,7,33,4,16.666698,6.386600,3.215300,21.069901,1,43340,43340,0,0,closed,1025
16.751928,1,8,7,33,4,16.666901,2.141800,3.645800,12.289000,1,43340,43340,0,0,closed,1026
16.768613,1,8,7,33,4,16.666698,2.273000,3.340200,16.575500,1,43340,43340,0,0,closed,1027
16.785298,1,8,7,33,4,16.666901,1.834500,3.565400,16.611300,1,43340,43340,0,0,closed,1028
16.802033,1,8,7,33,4,16.666901,1.855200,3.157100,16.713699,1,43340,43340,0,0,closed,1029
16.822233,1,8,7,30,4,16.670200,2.039600,3.190200,16.739401,1,40535,40535,0,0,closed,1030
16.835259,1,8,6,30,4,16.666901,5.995700,3.132700,20.792299,1,40535,40535,0,0,closed,1031
16.851904,1,8,6,30,4,16.666698,1.742200,2.995000,12.364800,1,40535,40535,0,0,closed,1032
16.868620,1,8,6,30,4,16.666800,1.920800,2.936000,16.628700,1,40535,40535,0,0,closed,1033
16.885258,1,8,6,30,4,16.666901,1.735000,2.953100,16.713699,1,40535,40535,0,0,closed,1034
16.901892,1,8,6,30,4,16.666800,1.940200,2.807200,16.616501,1,40535,40535,0,0,closed,1035
16.922254,1,8,6,29,4,16.666901,1.729200,2.881100,16.647200,1,41680,41680,0,0,closed,1036
16.935204,1,8,6,29,4,16.666800,5.962100,2.889900,20.964300,1,41680,41680,0,0,closed,1037
16.951919,1,8,6,29,4,16.666800,2.096500,2.816700,12.408800,1,41680,41680,0,0,closed,1038
16.968550,1,8,6,29,4,16.666698,1.625500,3.042100,16.658400,1,41680,41680,0,0,closed,1039
16.985264,1,8,6,29,4,16.666800,1.992400,3.209600,16.755699,1,41680,41680,0,0,closed,1040
17.001879,1,8,6,29,4,16.666702,1.964900,2.861000,16.669701,1,41680,41680,0,0,closed,1041
17.022205,1,8,6,26,4,16.666897,1.610900,2.954700,16.621599,1,41788,41788,0,0,closed,1042
17.035216,1,8,5,26,4,16.666800,5.718400,3.322200,20.773899,1,41788,41788,0,0,closed,1043
17.051873,1,8,5,26,4,16.666702,1.946900,2.795800,12.537800,1,41788,41788,0,0,closed,1044
17.068574,1,8,5,26,4,16.666698,1.683900,2.822200,16.593901,1,41788,41788,0,0,closed,1045
17.085254,1,8,5,26,4,16.666800,1.572800,2.782200,16.744499,1,41788,41788,0,0,closed,1046
17.101886,1,8,5,26,4,16.666698,1.638900,2.890300,16.613400,1,41788,41788,0,0,closed,1047
17.122073,1,8,5,23,3,16.666901,1.567000,2.642700,16.631800,1,40462,40462,0,0,closed,1048
17.135207,1,8,4,23,3,16.666800,5.683000,2.797900,20.546499,1,40462,40462,0,0,closed,1049
17.151874,1,8,4,23,3,16.666698,1.915100,2.865600,12.794900,1,40462,40462,0,0,closed,1050
17.168560,1,8,4,23,3,16.666901,1.512600,2.969500,16.703501,1,40462,40462,0,0,closed,1051
17.185221,1,8,4,23,3,16.666901,4.354900,3.014100,19.320801,1,40462,40462,0,0,closed,1052
17.201906,1,8,4,23,3,16.666800,1.703900,2.662900,13.937700,1,40462,40462,0,0,closed,1053
17.222085,1,8,4,21,3,16.666698,1.768100,2.956800,16.737301,1,38759,38759,0,0,closed,1054
17.235216,1,8,4,21,3,16.666901,5.481500,2.639000,20.320200,1,38759,38759,0,0,closed,1055
17.251921,1,8,4,21,3,16.666901,1.872300,2.756300,13.173800,1,38759,38759,0,0,closed,1056
17.268537,1,8,4,21,3,16.666800,1.919200,2.546800,16.521200,1,38759,38759,0,0,closed,1057
17.285230,1,8,4,21,3,16.666800,1.819000,2.623900,16.663601,1,38759,38759,0,0,closed,1058
17.301880,1,8,4,21,3,16.667002,1.859100,2.830100,16.638901,1,38759,38759,0,0,closed,1059
17.321962,1,8,4,21,3,16.666698,1.531600,2.628200,16.661501,1,38785,38785,0,0,closed,1060
17.335209,1,8,4,21,3,16.666702,5.333800,2.895700,20.230200,1,38785,38785,0,0,closed,1061
17.351871,1,8,4,21,3,16.666897,1.889000,2.567900,13.120500,1,38785,38785,0,0,closed,1062
17.368537,1,8,4,21,3,16.666702,1.516900,2.671000,16.609301,1,38785,38785,0,0,closed,1063
17.385269,1,8,4,21,3,16.666998,1.725900,2.596100,16.639000,1,38785,38785,0,0,closed,1064
17.401900,1,8,4,21,3,16.666800,1.625300,2.541200,16.818100,1,38785,38785,0,0,closed,1065
17.421983,1,8,4,18,3,16.683001,2.088200,2.686600,17.062901,1,37566,37566,0,0,closed,1066
17.435261,1,8,4,18,3,16.666901,5.328500,3.250800,19.854401,1,37566,37566,0,0,closed,1067
17.451954,1,8,4,18,3,16.666800,2.074700,3.106700,13.051900,1,37566,37566,0,0,closed,1068
17.468563,1,8,4,18,3,16.666901,1.929000,2.731400,16.617500,1,37566,37566,0,0,closed,1069
17.485276,1,8,4,18,3,16.666901,1.614600,2.734900,16.672701,1,37566,37566,0,0,closed,1070
17.501930,1,8,4,18,3,16.666698,1.669500,2.696900,16.663601,1,37566,37566,0,0,closed,1071
17.521693,1,8,4,17,3,16.666901,1.713700,2.856000,16.699400,1,34361,34361,0,0,closed,1072
17.535260,1,8,4,17,3,16.666901,5.021200,2.766100,19.884001,1,34361,34361,0,0,closed,1073
17.551930,1,8,4,17,3,16.666901,1.870200,2.704900,13.379600,1,34361,34361,0,0,closed,1074
17.568578,1,8,4,17,3,16.666800,1.583400,2.559100,16.733200,1,34361,34361,0,0,closed,1075
17.585224,1,8,4,17,3,16.666800,1.874000,2.734500,16.644100,1,34361,34361,0,0,closed,1076
17.601901,1,8,4,17,3,16.666901,1.855900,2.607900,16.585699,1,34361,34361,0,0,closed,1077
17.621782,1,8,4,15,1,16.666800,1.962900,2.777100,16.715799,1,34377,34377,0,0,closed,1078
17.635240,1,8,4,15,1,16.666800,5.140700,2.618800,20.018101,1,34377,34377,0,0,closed,1079
17.651910,1,8,4,15,1,16.666698,1.745800,2.619000,13.301800,1,34377,34377,0,0,closed,1080
17.668623,1,8,4,15,1,16.666901,1.730400,2.544100,16.686100,1,34377,34377,0,0,closed,1081
17.685238,1,8,4,15,1,16.666800,4.449400,3.289100,19.448799,1,34377,34377,0,0,closed,1082
17.701935,1,8,4,15,1,16.666698,1.897500,2.973500,13.837300,1,34377,34377,0,0,closed,1083
17.718560,1,8,4,15,1,16.666702,1.895500,2.766500,16.700399,1,34377,34377,0,0,closed,1084
17.735231,1,8,4,15,1,16.666698,1.592900,2.648100,16.622601,1,34377,34377,0,0,closed,1085
17.751890,1,8,4,15,1,16.667002,1.589900,2.922900,16.736300,1,34377,34377,0,0,closed,1086
17.768591,1,8,4,15,1,16.666998,1.907800,3.014400,16.651300,1,34377,34377,0,0,closed,1087
17.785265,1,8,4,15,1,16.666800,1.681400,2.544300,16.721901,1,34377,34377,0,0,closed,1088
17.801915,1,8,4,15,1,16.666800,1.756500,2.687700,16.710600,1,34377,34377,0,0,closed,1089
17.818556,1,8,4,15,1,16.666702,1.917500,3.038800,16.686100,1,34377,34377,0,0,closed,1090
17.835217,1,8,4,15,1,16.666901,1.694700,2.512400,16.530399,1,34377,34377,0,0,closed,1091
17.851883,1,8,4,15,1,16.666698,1.791100,2.865500,16.656401,1,34377,34377,0,0,closed,1092
17.871797,2,8,4,13,0,16.666901,1.771700,2.515500,16.652300,1,34035,34035,0,0,closed,1093
17.904785,2,8,4,13,0,34.305901,33.870300,2.515500,16.652300,1,34035,34035,0,0,closed,1094
17.919549,2,8,4,13,0,16.666800,3.848800,3.920300,7.768100,1,34035,34035,0,0,closed,1095
17.937107,2,8,4,13,0,16.666901,2.333500,2.861800,10.760200,1,34035,34035,0,0,closed,1096
17.952886,2,8,4,13,0,16.666800,2.665700,3.022100,17.696800,1,34035,34035,0,0,closed,1097
17.970239,2,8,4,13,0,16.666800,1.774100,2.966300,15.657900,1,34035,34035,0,0,closed,1098
17.986256,2,8,4,13,0,16.666901,2.505200,3.027100,17.468500,1,34035,34035,0,0,closed,1099
18.003840,2,8,4,13,0,16.666698,2.017000,2.938600,15.957000,1,34035,34035,0,0,closed,1100
18.019527,2,8,4,13,0,16.666901,2.728900,2.898000,17.527800,1,34035,34035,0,0,closed,1101
18.037098,2,8,4,13,0,16.666901,2.182800,3.131000,15.756200,1,34035,34035,0,0,closed,1102
18.052914,2,8,4,13,0,16.666897,2.956400,2.805900,17.416201,1,34035,34035,0,0,closed,1103
18.070158,2,8,4,13,0,16.666800,2.041000,2.849700,15.951900,1,34035,34035,0,0,closed,1104
18.086189,2,8,4,13,0,16.666901,2.397000,3.282500,17.311800,1,34035,34035,0,0,closed,1105
18.103473,2,8,4,13,0,16.666901,2.119300,2.609800,15.897600,1,34035,34035,0,0,closed,1106
18.120536,0,9,4,0,0,16.666901,2.551400,2.914600,17.295300,1,7212,7212,0,0,closed,1107
18.155534,0,9,6,0,0,34.884602,34.312801,2.914600,17.295300,1,7212,7212,0,0,closed,1108
18.171550,0,9,6,0,0,16.666800,3.451900,2.673000,8.418300,1,7212,7212,0,0,closed,1109
18.187723,0,9,6,0,0,16.666698,3.279600,3.135800,12.306500,1,7212,7212,0,0,closed,1110
18.204610,0,9,6,0,0,16.666800,1.680400,3.121200,14.836700,1,7212,7212,0,0,closed,1111
18.221085,0,9,6,0,0,16.666901,1.934600,3.003300,16.845800,1,7212,7212,0,0,closed,1112
18.237747,0,9,6,0,0,16.666901,1.518600,2.435800,16.728100,1,7212,7212,0,0,closed,1113
18.254406,0,9,6,0,0,16.666800,1.638600,3.582900,16.293900,1,7212,7212,0,0,closed,1114
18.271124,0,9,6,0,0,16.666901,1.483700,2.550700,16.907200,1,7212,7212,0,0,closed,1115
18.287707,0,9,6,0,0,16.666901,3.369800,3.200700,18.341900,1,7209,7209,0,0,closed,1116
18.304366,0,9,6,0,0,16.666800,1.957700,2.419800,14.912500,1,7209,7209,0,0,closed,1117
18.321048,0,9,6,0,0,16.666901,1.695300,2.990100,16.669701,1,7209,7209,0,0,closed,1118
18.337698,0,9,6,0,0,16.666698,1.450800,2.670800,16.632900,1,7209,7209,0,0,closed,1119
18.354397,0,9,6,0,0,16.666901,1.724200,2.525000,16.674801,1,7209,7209,0,0,closed,1120
18.371958,0,9,6,0,0,16.666698,1.738500,3.124300,16.719900,1,7209,7209,0,0,closed,1121
18.387733,0,9,6,0,0,16.666800,2.690400,2.622200,17.542101,1,7209,7209,0,0,closed,1122
18.404370,0,9,6,0,0,16.666698,1.664800,2.434000,15.768600,1,7209,7209,0,0,closed,1123
18.421084,0,9,6,0,0,16.666698,2.055700,3.042500,17.429501,1,7209,7209,0,0,closed,1124
18.545425,0,9,6,0,0,124.314003,1.637400,0.269700,17.429501,1,7209,7209,0,0,closed,1125
18.566292,1,9,6,48,4,16.666901,102.924301,2.613300,126.304199,1,39189,39189,0,0,closed,1126
18.602781,1,9,12,48,4,40.657101,41.292000,2.613300,126.304199,1,39189,39189,0,0,closed,1127
18.619458,1,9,12,48,4,16.666901,2.274500,2.638500,9.772100,1,39189,39189,0,0,closed,1128
18.636119,1,9,12,48,4,16.666698,1.814600,3.081700,9.144300,1,39189,39189,0,0,closed,1129
18.652778,1,9,12,48,4,16.666800,1.813400,2.890500,16.647200,1,39189,39189,0,0,closed,1130
18.673178,1,9,12,48,4,16.666800,1.797600,2.835600,16.670700,1,43750,43750,0,0,closed,1131
18.686089,1,9,12,48,4,16.666800,8.865100,3.496200,23.877600,1,43750,43750,0,0,closed,1132
18.815711,1,9,12,44,4,124.898499,2.673700,0.311500,10.049500,1,47435,47435,0,0,closed,1133
18.828116,1,9,11,44,4,16.666901,109.805603,4.467600,131.203094,1,47435,47435,0,0,closed,1134
18.844359,1,9,11,44,4,16.666800,2.472600,3.038600,10.283000,1,47435,47435,0,0,closed,1135
18.861123,1,9,11,44,4,16.666901,2.329800,3.705700,16.226299,1,47435,47435,0,0,closed,1136
18.877677,1,9,11,44,4,16.666698,2.317400,2.909100,16.820299,1,47435,47435,0,0,closed,1137
19.005417,1,9,11,41,4,123.490898,2.133100,0.294900,16.427999,1,45555,45555,0,0,closed,1138
19.017870,1,9,10,41,4,16.666800,107.453400,3.230600,128.609299,1,45555,45555,0,0,closed,1139
19.034478,1,9,10,41,4,16.666800,2.203300,3.149100,11.670500,1,45555,45555,0,0,closed,1140
19.051166,1,9,10,41,4,16.666901,1.618200,2.793200,16.534500,1,45555,45555,0,0,closed,1141
19.067823,1,9,10,41,4,16.666901,1.801400,2.890600,16.690201,1,45555,45555,0,0,closed,1142
19.084491,1,9,10,41,4,16.666698,1.892300,2.764400,16.579599,1,45555,45555,0,0,closed,1143
19.104864,1,9,10,39,4,16.666698,1.869600,2.812800,16.670700,1,45580,45580,0,0,closed,1144
19.117830,1,9,10,39,4,16.666800,6.205400,3.375500,21.146601,1,45580,45580,0,0,closed,1145
19.134522,1,9,10,39,4,16.666803,1.622100,2.975600,12.150800,1,45580,45580,0,0,closed,1146
19.151155,1,9,10,39,4,16.666698,1.622500,3.162500,16.803900,1,45580,45580,0,0,closed,1147
19.167814,1,9,10,39,4,16.666800,1.723000,5.251100,16.572399,1,45580,45580,0,0,closed,1148
19.184503,1,9,10,39,4,16.666800,1.751100,3.206800,16.661501,1,45580,45580,0,0,closed,1149
19.205263,1,9,10,36,4,16.666800,4.762800,3.128500,19.742701,1,45032,45032,0,0,closed,1150
19.217886,1,9,9,36,4,16.666901,7.203100,3.485000,19.229700,1,45032,45032,0,0,closed,1151
19.234533,1,9,9,36,4,16.666800,2.333300,3.243500,11.251700,1,45032,45032,0,0,closed,1152
19.251146,1,9,9,36,4,16.666698,2.121000,2.967000,16.437201,1,45032,45032,0,0,closed,1153
19.267900,1,9,9,36,4,16.666800,1.680100,3.368700,16.753700,1,45032,45032,0,0,closed,1154
19.284491,1,9,9,36,4,16.666901,2.075700,2.905300,16.788500,1,45032,45032,0,0,closed,1155
19.304856,1,9,9,35,4,16.666901,1.944100,2.926700,16.485399,1,43260,43260,0,0,closed,1156
19.317846,1,9,8,35,4,16.666901,6.529600,3.498000,21.344200,1,43260,43260,0,0,closed,1157
19.334492,1,9,8,35,4,16.666800,1.776500,3.117900,12.056600,1,43260,43260,0,0,closed,1158
19.351166,1,9,8,35,4,16.666698,1.834700,2.817400,16.664600,1,43260,43260,0,0,closed,1159
19.367846,1,9,8,35,4,16.666901,1.840000,3.561100,16.643000,1,43260,43260,0,0,closed,1160
19.384535,1,9,8,35,4,16.666800,1.819700,3.097700,16.741400,1,43260,43260,0,0,closed,1161
19.404916,1,9,8,31,4,16.666800,1.937900,2.861400,16.571400,1,41564,41564,0,0,closed,1162
19.417827,1,9,7,31,4,16.666800,6.449300,3.257400,21.560301,1,41564,41564,0,0,closed,1163
19.434478,1,9,7,31,4,16.666901,2.258300,3.265700,11.806800,1,41564,41564,0,0,closed,1164
19.451313,1,9,7,31,4,16.667002,1.610700,3.080400,16.736200,1,41564,41564,0,0,closed,1165
19.467830,1,9,7,31,4,16.666901,2.291600,2.899800,16.945200,1,41564,41564,0,0,closed,1166
19.484523,1,9,7,31,4,16.666698,1.787100,2.726900,16.332800,1,41564,41564,0,0,closed,1167
19.504689,1,9,7,28,4,16.666901,1.820900,2.597400,16.681900,1,39880,39880,0,0,closed,1168
19.517819,1,9,6,28,4,16.666800,5.739300,3.210100,20.670500,1,39880,39880,0,0,closed,1169
19.534514,1,9,6,28,4,16.666698,2.097500,2.980700,12.578800,1,39880,39880,0,0,closed,1170
19.551169,1,9,6,28,4,16.666800,1.629800,2.848100,16.690201,1,39880,39880,0,0,closed,1171
19.567817,1,9,6,28,4,16.666901,1.900000,2.910400,16.626699,1,39880,39880,0,0,closed,1172
19.584475,1,9,6,28,4,16.666800,1.839100,3.073500,16.631800,1,39880,39880,0,0,closed,1173
19.604549,1,9,6,25,4,16.666698,1.741500,2.846600,16.696301,1,39111,39111,0,0,closed,1174
19.617795,1,9,5,25,4,16.666800,5.721100,3.157000,20.611099,1,39111,39111,0,0,closed,1175
19.634527,1,9,5,25,4,16.666901,1.991100,2.739800,12.789800,1,39111,39111,0,0,closed,1176
19.651173,1,9,5,25,4,16.666901,1.794200,2.802500,16.714701,1,39111,39111,0,0,closed,1177
19.667831,1,9,5,25,4,16.666800,1.895200,3.200200,16.661501,1,39111,39111,0,0,closed,1178
19.684476,1,9,5,25,4,16.666698,1.912100,2.967100,16.591900,1,39111,39111,0,0,closed,1179
19.704386,1,9,5,22,2,16.666803,1.678900,2.848400,16.677900,1,35755,35755,0,0,closed,1180
19.717810,1,9,4,22,2,16.666698,7.439700,3.052800,22.848499,1,35755,35755,0,0,closed,1181
19.734462,1,9,4,22,2,16.666698,2.082100,2.812700,10.493900,1,35755,35755,0,0,closed,1182
19.751148,1,9,4,22,2,16.666901,1.903400,2.869500,16.614401,1,35755,35755,0,0,closed,1183
19.767804,1,9,4,22,2,16.666698,1.573900,2.558500,16.732201,1,35755,35755,0,0,closed,1184
19.784494,1,9,4,22,2,16.666901,1.557000,2.595300,16.532499,1,35755,35755,0,0,closed,1185
19.804485,1,9,4,22,2,16.666800,1.564300,2.934200,16.735201,1,35386,35386,0,0,closed,1186
19.817824,1,9,4,22,2,16.666901,5.089100,2.842800,20.264999,1,35386,35386,0,0,closed,1187
19.834498,1,9,4,22,2,16.666901,1.951100,2.689300,13.085700,1,35386,35386,0,0,closed,1188
19.851168,1,9,4,22,2,16.666800,1.620200,2.638300,16.675800,1,35386,35386,0,0,closed,1189
19.867792,1,9,4,22,2,16.666698,1.997900,2.991200,16.704500,1,35386,35386,0,0,closed,1190
19.884459,1,9,4,22,2,16.666698,1.853300,2.940900,16.525299,1,35386,35386,0,0,closed,1191
19.905214,1,9,4,22,2,16.666901,1.797700,2.851900,16.736300,1,36567,36567,0,0,closed,1192
19.917945,1,9,4,22,2,16.666901,5.898700,2.592600,20.840401,1,36567,36567,0,0,closed,1193
19.934535,1,9,4,22,2,16.666800,2.228600,3.135700,12.851200,1,36567,36567,0,0,closed,1194
19.951160,1,9,4,22,2,16.666800,1.791600,2.912800,16.433201,1,36567,36567,0,0,closed,1195
19.967801,1,9,4,22,2,16.666800,1.793100,2.672100,16.579599,1,36567,36567,0,0,closed,1196
19.984481,1,9,4,22,2,16.666702,1.761900,2.797300,16.591801,1,36567,36567,0,0,closed,1197
20.004489,1,9,4,22,2,16.666698,1.865500,2.738000,16.719900,1,37492,37492,0,0,closed,1198
20.017785,1,9,4,22,2,16.666800,5.352400,3.194000,20.327400,1,37492,37492,0,0,closed,1199
20.049947,1,9,4,22,2,32.125702,32.016899,3.194000,20.327400,1,37492,37492,0,0,closed,1200
20.066613,1,9,4,22,2,16.666901,1.975600,2.791600,8.030200,1,37492,37492,0,0,closed,1201
20.083257,1,9,4,22,2,16.666901,1.688200,3.091100,10.504200,1,37492,37492,0,0,closed,1202
20.099955,1,9,4,22,2,16.666897,1.669500,2.618100,16.609301,1,37492,37492,0,0,closed,1203
20.119896,1,9,4,19,1,16.666803,1.850600,2.733800,16.673800,1,35576,35576,0,0,closed,1204
20.133266,1,9,4,19,1,16.666897,5.323100,3.361800,20.243401,1,35576,35576,0,0,closed,1205
20.149922,1,9,4,19,1,16.666800,2.244100,2.805600,13.055000,1,35576,35576,0,0,closed,1206
20.166643,1,9,4,19,1,16.666901,1.546000,3.070700,16.707600,1,35576,35576,0,0,closed,1207
20.183326,1,9,4,19,1,16.666901,2.030700,4.474600,16.670700,1,35576,35576,0,0,closed,1208
20.199981,1,9,4,19,1,16.666698,1.868000,2.465800,16.708599,1,35576,35576,0,0,closed,1209
20.219953,1,9,4,19,1,16.666901,1.677700,2.823900,16.671801,1,35929,35929,0,0,closed,1210
20.233270,1,9,4,19,1,16.666901,7.598100,2.864300,22.306801,1,35929,35929,0,0,closed,1211
20.249940,1,9,4,19,1,16.666901,1.922900,2.642900,10.949600,1,35929,35929,0,0,closed,1212
20.266640,1,9,4,19,1,16.666901,1.786300,2.708700,16.716801,1,35929,35929,0,0,closed,1213
20.283250,1,9,4,19,1,16.666901,1.879300,2.796300,16.709600,1,35929,35929,0,0,closed,1214
20.299952,1,9,4,19,1,16.666800,1.630200,2.802200,16.456800,1,35929,35929,0,0,closed,1215
20.319858,1,9,4,19,1,16.666800,1.820100,2.871000,16.781300,1,35780,35780,0,0,closed,1216
20.333261,1,9,4,19,1,16.666698,5.285100,2.891400,20.090799,1,35780,35780,0,0,closed,1217
20.349920,1,9,4,19,1,16.666800,1.679100,2.445700,13.188100,1,35780,35780,0,0,closed,1218
20.366625,1,9,4,19,1,16.666702,1.852000,2.646300,16.705601,1,35780,35780,0,0,closed,1219
20.383272,1,9,4,19,1,16.666800,1.858200,3.201500,16.681999,1,35780,35780,0,0,closed,1220
20.399939,1,9,4,19,1,16.666800,1.833500,2.538600,16.636900,1,35780,35780,0,0,closed,1221
20.419939,1,9,4,19,1,16.666901,1.816600,2.711000,16.644100,1,35747,35747,0,0,closed,1222
20.433269,1,9,4,19,1,16.666901,5.452200,2.956000,20.698099,1,35747,35747,0,0,closed,1223
20.449966,1,9,4,19,1,16.666800,1.816600,2.768500,12.653600,1,35747,35747,0,0,closed,1224
20.466661,1,9,4,19,1,16.666897,2.035000,2.742800,16.877501,1,35747,35747,0,0,closed,1225
20.483289,1,9,4,19,1,16.667002,1.888200,2.635700,16.569401,1,35747,35747,0,0,closed,1226
20.499996,1,9,4,19,1,16.666901,1.707600,2.825000,16.648199,1,35747,35747,0,0,closed,1227
20.520052,1,9,4,18,1,16.666901,1.671000,2.727300,16.706499,1,36080,36080,0,0,closed,1228
20.533337,1,9,4,18,1,16.666901,5.277800,2.793100,20.181000,1,36080,36080,0,0,closed,1229
20.549965,1,9,4,18,1,16.666800,1.943500,2.583000,13.134900,1,36080,36080,0,0,closed,1230
20.566648,1,9,4,18,1,16.666698,1.767100,2.855000,16.633801,1,36080,36080,0,0,closed,1231
20.583251,1,9,4,18,1,16.666698,2.056000,3.051700,16.763901,1,36080,36080,0,0,closed,1232
20.599934,1,9,4,18,1,16.666901,1.883500,2.592800,16.438299,1,36080,36080,0,0,closed,1233
20.616638,1,9,4,18,1,16.666800,1.982000,2.915400,16.692200,1,36080,36080,0,0,closed,1234
20.633251,1,9,4,18,1,16.666800,1.706900,3.061600,16.785400,1,36080,36080,0,0,closed,1235
20.649933,1,9,4,18,1,16.666901,1.775100,2.688800,16.569401,1,36080,36080,0,0,closed,1236
20.666614,1,9,4,18,1,16.666800,1.584600,2.743900,16.689100,1,36080,36080,0,0,closed,1237
20.683310,1,9,4,18,1,16.666901,1.766300,2.674400,16.598000,1,36080,36080,0,0,closed,1238
20.699935,1,9,4,18,1,16.666702,1.616800,2.826900,16.716801,1,36080,36080,0,0,closed,1239
20.716610,1,9,4,18,1,16.666897,1.834900,2.870100,16.651199,1,36080,36080,0,0,closed,1240
20.733320,1,9,4,18,1,16.666901,1.849000,2.852900,16.719900,1,36080,36080,0,0,closed,1241
20.751570,1,9,4,18,1,16.666800,4.262500,2.750600,19.367901,1,36080,36080,0,0,closed,1242
20.767764,0,10,4,0,0,16.666800,3.263000,2.914900,15.630400,1,8138,8138,1,0,closed,1243
20.803433,0,10,6,0,0,36.106998,35.505001,2.914900,15.630400,1,8138,8138,1,0,closed,1244
20.820267,0,10,6,0,0,16.666901,2.975100,2.872700,8.380500,1,8138,8138,1,0,closed,1245
20.836025,0,10,6,0,0,16.666800,2.628100,3.111200,11.419600,1,8138,8138,1,0,closed,1246
20.852672,0,10,6,0,0,16.666800,1.888900,2.709000,15.759400,1,8138,8138,1,0,closed,1247
20.869968,0,10,6,0,0,16.666901,1.831300,2.675100,16.675800,1,8138,8138,1,0,closed,1248
20.885993,0,10,6,0,0,16.666702,2.404800,3.304900,17.195999,1,8138,8138,1,0,closed,1249
20.903173,0,10,6,0,0,16.666800,1.628700,2.907900,16.012300,1,8138,8138,1,0,closed,1250
20.919319,0,10,6,0,0,16.666698,2.315200,2.819100,17.296400,1,8138,8138,1,0,closed,1251
20.936336,0,10,6,0,0,16.666800,1.758300,2.873100,16.054300,1,8138,8138,1,0,closed,1252
20.952698,0,10,6,0,0,16.666800,4.232100,3.061300,18.851801,1,8207,8207,1,0,closed,1253
20.969841,0,10,6,0,0,16.666800,2.325000,2.630300,14.594100,1,8207,8207,1,0,closed,1254
20.986063,0,10,6,0,0,16.666901,2.229200,3.468800,17.209299,1,8207,8207,1,0,closed,1255
21.003192,0,10,6,0,0,16.666901,2.084500,2.878300,16.132099,1,8207,8207,1,0,closed,1256
21.020252,0,10,6,0,0,16.666698,2.166400,3.113700,17.174500,1,8206,8206,1,0,closed,1257
21.036561,0,10,6,0,0,16.666901,2.816100,2.644600,17.009701,1,8206,8206,1,0,closed,1258
21.052684,0,10,6,0,0,16.666901,2.520500,3.010900,16.326700,1,8206,8206,1,0,closed,1259
21.069887,0,10,6,0,0,16.666800,1.755300,2.674000,16.142300,1,8206,8206,1,0,closed,1260
21.190296,0,10,6,0,0,118.365601,2.477100,0.270600,17.175600,1,8206,8206,1,0,closed,1261
21.205021,0,10,6,0,0,16.666901,98.622200,3.005500,122.031097,1,8207,8207,1,0,closed,1262
21.221067,0,10,6,0,0,16.666998,3.647600,2.913100,13.181900,1,8207,8207,1,0,closed,1263
21.237704,0,10,6,0,0,16.666901,2.070300,2.727400,16.008200,1,8207,8207,1,0,closed,1264
21.254942,0,10,6,0,0,16.666800,3.061100,2.817100,17.868799,1,8207,8207,1,0,closed,1265
21.272035,0,10,6,0,0,16.666702,2.227300,3.057000,16.018400,1,8207,8207,1,0,closed,1266
21.288324,0,10,6,0,0,16.666897,2.637400,2.916400,17.073200,1,8207,8207,1,0,closed,1267
21.304346,0,10,6,0,0,16.666901,2.362700,2.705900,16.295900,1,8207,8207,1,0,closed,1268
21.321472,0,10,6,0,0,16.666901,1.595200,2.845100,15.996900,1,8207,8207,1,0,closed,1269
21.337690,0,10,6,0,0,16.666698,2.445300,2.844200,17.258499,1,8207,8207,1,0,closed,1270
21.354740,0,10,6,0,0,16.666901,2.083700,3.191400,16.047100,1,8207,8207,1,0,closed,1271
21.371089,0,10,6,0,0,16.667002,2.062400,2.994000,17.042500,1,8207,8207,1,0,closed,1272
21.388120,0,10,6,0,0,16.666901,2.166600,2.824300,16.399300,1,8207,8207,1,0,closed,1273
21.404534,0,10,6,0,0,16.667002,2.096100,3.244600,17.027100,1,8207,8207,1,0,closed,1274
21.421622,0,10,6,0,0,16.666998,2.049200,3.898000,16.517099,1,8207,8207,1,0,closed,1275
21.437738,0,10,6,0,0,16.666901,3.343100,3.216800,17.412100,1,8207,8207,1,0,closed,1276
21.454834,0,10,6,0,0,16.666800,2.005700,3.702400,15.877100,1,8207,8207,1,0,closed,1277
21.471089,0,10,6,0,0,16.666702,2.874000,3.074400,16.997299,1,8207,8207,1,0,closed,1278
21.494663,1,10,6,80,8,16.666800,1.751300,2.954100,16.172100,1,58080,58080,1,8,closed,1279
21.538585,1,10,10,80,8,50.723797,50.714600,2.954100,16.172100,1,58080,58080,1,8,closed,1280
21.555215,1,10,10,80,8,16.666901,2.119900,3.860300,8.737700,1,58080,58080,1,8,closed,1281
21.571903,1,10,10,80,8,16.667002,2.227600,4.461400,9.929800,1,58080,58080,1,8,closed,1282
21.594467,1,10,10,80,8,16.666800,2.129100,3.499200,16.740299,1,72744,72744,1,8,closed,1283
21.605242,1,10,10,80,8,16.667002,8.520900,2.945000,23.010300,1,72744,72744,1,8,closed,1284
21.621888,1,10,10,80,8,16.666897,2.131200,3.158300,10.264600,1,72744,72744,1,8,closed,1285
21.638558,1,10,10,80,8,16.666803,1.711500,2.946200,16.648199,1,72744,72744,1,8,closed,1286
21.655194,1,10,10,80,8,16.666800,1.875500,3.067200,16.675800,1,72744,72744,1,8,closed,1287
21.672019,1,10,10,80,8,16.666800,1.873700,2.900400,16.627800,1,72744,72744,1,8,closed,1288
21.695253,1,10,10,78,8,16.666800,2.317700,3.567600,17.081301,1,76228,76228,1,8,closed,1289
21.705202,1,10,9,78,8,16.666901,10.913700,3.959000,25.375700,1,76228,76228,1,8,closed,1290
21.721900,1,10,9,78,8,16.666800,2.217400,3.767200,8.843300,1,76228,76228,1,8,closed,1291
21.738565,1,10,9,78,8,16.666800,1.864200,3.061600,15.509500,1,76228,76228,1,8,closed,1292
21.755247,1,10,9,78,8,16.666901,6.304600,3.277400,21.125099,1,76228,76228,1,8,closed,1293
21.771916,1,10,9,78,8,16.668898,1.877600,3.256500,12.168200,1,76228,76228,1,8,closed,1294
21.794985,1,10,9,70,8,16.666800,1.912900,3.108900,16.686100,1,69476,69476,1,8,closed,1295
21.925171,1,10,8,60,8,130.621109,9.404100,0.308500,24.263700,1,62126,62126,1,8,closed,1296
21.935892,1,10,7,60,8,16.666698,108.873199,3.110900,129.728500,1,62126,62126,1,8,closed,1297
21.952487,1,10,7,60,8,16.666698,2.129000,2.687400,9.884700,1,62126,62126,1,8,closed,1298
21.969143,1,10,7,60,8,16.666702,1.656600,2.819500,16.564199,1,62126,62126,1,8,closed,1299
21.985796,1,10,7,60,8,16.666800,2.002600,3.112600,16.669701,1,62126,62126,1,8,closed,1300
22.002481,1,10,7,60,8,16.666800,1.605400,2.641300,16.637899,1,62126,62126,1,8,closed,1301
22.024319,1,10,7,52,6,16.666800,2.030600,2.917500,16.833599,1,59508,59508,1,6,closed,1302
22.035781,1,10,7,52,6,16.666698,7.382600,3.249000,22.357000,1,59508,59508,1,6,closed,1303
22.052489,1,10,7,52,6,16.666698,2.122000,3.194400,10.869700,1,59508,59508,1,6,closed,1304
22.069159,1,10,7,52,6,16.666901,1.807200,2.897800,16.728100,1,59508,59508,1,6,closed,1305
22.085766,1,10,7,52,6,16.666800,1.927000,2.766200,16.608200,1,59508,59508,1,6,closed,1306
22.102451,1,10,7,52,6,16.666901,1.647700,2.624000,16.614401,1,59508,59508,1,6,closed,1307
22.124512,1,10,7,49,3,16.666698,1.990400,2.931800,16.749599,1,61866,61866,1,3,closed,1308
22.135771,1,10,6,49,3,16.666800,7.760900,3.086200,22.599701,1,61866,61866,1,3,closed,1309
22.152457,1,10,6,49,3,16.667002,1.673500,2.840600,10.596300,1,61866,61866,1,3,closed,1310
22.169119,1,10,6,49,3,16.666800,2.386100,2.682700,16.831499,1,61866,61866,1,3,closed,1311
22.185754,1,10,6,49,3,16.666800,1.981400,2.937300,16.638000,1,61866,61866,1,3,closed,1312
22.202530,1,10,6,49,3,16.666800,1.744800,2.753500,16.566299,1,61866,61866,1,3,closed,1313
22.219095,1,10,6,49,3,16.666800,1.906000,2.877700,16.825300,1,61866,61866,1,3,closed,1314
22.235807,1,10,6,49,3,16.667002,1.788300,2.908200,16.583700,1,61866,61866,1,3,closed,1315
22.252421,1,10,6,49,3,16.666698,1.673200,2.821000,16.722900,1,61866,61866,1,3,closed,1316
22.269094,1,10,6,49,3,16.666702,5.215900,2.919700,20.206600,1,61866,61866,1,3,closed,1317
22.285769,1,10,6,49,3,16.666800,2.080200,2.850700,12.984300,1,61866,61866,1,3,closed,1318
22.302414,1,10,6,49,3,16.666698,1.868700,2.704200,16.707600,1,61866,61866,1,3,closed,1319
22.319088,1,10,6,49,3,16.666698,1.891400,2.599300,16.609301,1,61866,61866,1,3,closed,1320
22.335767,1,10,6,49,3,16.666698,1.847500,2.952100,16.654301,1,61866,61866,1,3,closed,1321
22.352428,1,10,6,49,3,16.666901,1.764900,3.188000,16.760900,1,61866,61866,1,3,closed,1322
22.374515,2,10,6,44,0,16.667002,1.769100,2.994600,16.830400,1,63040,63040,1,0,closed,1323
22.418308,2,10,6,44,0,47.435997,46.487301,3.962800,16.830400,1,63040,63040,1,0,closed,1324
22.434107,2,10,6,44,0,16.666800,4.299600,3.517000,8.943600,1,63040,63040,1,0,closed,1325
22.449855,2,10,6,44,0,16.666800,3.838100,3.530000,11.750400,1,63040,63040,1,0,closed,1326
22.467467,2,10,6,44,0,16.666901,2.500600,2.984200,15.068200,1,63040,63040,1,0,closed,1327
22.483206,2,10,6,44,0,16.666800,3.027300,3.224400,17.616899,1,63040,63040,1,0,closed,1328
22.500331,2,10,6,44,0,16.666800,1.865800,2.981800,15.673300,1,63040,63040,1,0,closed,1329
22.516510,2,10,6,44,0,16.666800,2.622100,3.085000,17.172501,1,63040,63040,1,0,closed,1330
22.533632,2,10,6,44,0,16.666800,2.169200,2.904900,16.180201,1,63040,63040,1,0,closed,1331
22.549895,2,10,6,44,0,16.666702,2.765400,3.584200,17.197100,1,63040,63040,1,0,closed,1332
22.566532,2,10,6,44,0,16.666800,2.317700,3.433400,16.148399,1,63040,63040,1,0,closed,1333
22.583290,2,10,6,44,0,16.666901,1.861800,2.952700,16.652300,1,63040,63040,1,0,closed,1334
22.599871,2,10,6,44,0,16.666897,2.103900,3.032300,16.799801,1,63040,63040,1,0,closed,1335
22.616754,2,10,6,44,0,16.666803,2.050600,3.459300,16.542700,1,63040,63040,1,0,closed,1336
22.634146,0,11,6,0,0,16.666800,2.149900,2.870600,16.969700,1,8566,8566,0,0,closed,1337
22.675068,0,11,6,0,0,41.219601,41.487999,2.870600,16.969700,1,8566,8566,0,0,closed,1338
22.691037,0,11,6,0,0,16.666800,2.354700,3.370400,8.572900,1,8566,8566,0,0,closed,1339
22.708018,0,11,6,0,0,16.666901,3.148400,3.005800,11.376600,1,8566,8566,0,0,closed,1340
22.724361,0,11,6,0,0,16.666901,2.380700,2.753200,15.323200,1,8566,8566,0,0,closed,1341
22.741091,0,11,6,0,0,16.666800,1.422800,2.831800,16.279600,1,8566,8566,0,0,closed,1342
22.758009,0,11,6,0,0,16.666698,1.592000,3.459300,16.923599,1,8566,8566,0,0,closed,1343
22.774398,0,11,6,0,0,16.666698,3.594800,3.230800,18.221100,1,8566,8566,0,0,closed,1344
22.791456,0,11,6,0,0,16.666800,1.939700,2.949100,14.920700,1,8566,8566,0,0,closed,1345
22.807707,0,11,6,0,0,16.666698,1.881000,2.642300,17.050600,1,8566,8566,0,0,closed,1346
22.824371,0,11,6,0,0,16.666702,1.636100,2.600600,16.315399,1,8566,8566,0,0,closed,1347
22.841076,0,11,6,0,0,16.666698,1.535800,2.848000,16.676800,1,8566,8566,0,0,closed,1348
22.857739,0,11,6,0,0,16.666698,1.704100,2.819800,16.727100,1,8566,8566,0,0,closed,1349
22.874391,0,11,6,0,0,16.666901,1.816100,2.983500,16.585699,1,8566,8566,0,0,closed,1350
22.895446,1,11,6,48,4,16.666800,3.274500,2.640700,18.474001,1,41453,41453,0,0,closed,1351
22.939753,1,11,12,48,4,48.603298,49.049099,2.640700,18.474001,1,41453,41453,0,0,closed,1352
22.956407,1,11,12,48,4,16.666800,1.850700,3.107000,9.299900,1,41453,41453,0,0,closed,1353
22.973043,1,11,12,48,4,16.666901,1.977700,2.926400,9.181200,1,41453,41453,0,0,closed,1354
22.989740,1,11,12,48,4,16.666698,1.775300,3.055700,16.650200,1,41453,41453,0,0,closed,1355
23.009918,1,11,12,48,4,16.666901,1.854700,2.907900,16.694300,1,46111,46111,0,0,closed,1356
23.023061,1,11,12,48,4,16.666800,5.653200,3.102100,20.625401,1,46111,46111,0,0,closed,1357
23.146525,1,11,12,45,4,118.843895,2.341500,0.307600,13.181000,1,48248,48248,0,0,closed,1358
23.158730,1,11,11,45,4,16.666897,104.202499,3.493000,124.680099,1,48248,48248,0,0,closed,1359
23.175232,1,11,11,45,4,16.666803,2.195500,3.118900,10.506300,1,48248,48248,0,0,closed,1360
23.191891,1,11,11,45,4,16.666897,1.682400,3.208000,16.522200,1,48248,48248,0,0,closed,1361
23.208583,1,11,11,45,4,16.666901,1.602900,2.653600,16.693300,1,48248,48248,0,0,closed,1362
23.336813,1,11,11,40,4,123.980804,1.887100,0.320400,16.627701,1,46519,46519,0,0,closed,1363
23.349212,1,11,9,40,4,16.666901,111.383598,3.591200,131.631104,1,46519,46519,0,0,closed,1364
23.365881,1,11,9,40,4,16.666800,2.156400,3.728800,9.017300,1,46519,46519,0,0,closed,1365
23.382596,1,11,9,40,4,16.666698,1.887500,2.844900,16.599100,1,46519,46519,0,0,closed,1366
23.399257,1,11,9,40,4,16.666901,1.931000,2.677200,16.674801,1,46519,46519,0,0,closed,1367
23.415905,1,11,9,40,4,16.666698,1.983000,2.639400,16.702499,1,46519,46519,0,0,closed,1368
23.436507,1,11,9,37,4,16.666698,1.794500,2.773300,16.739300,1,44782,44782,0,0,closed,1369
23.449219,1,11,9,37,4,16.666800,6.736000,3.276800,21.940201,1,44782,44782,0,0,closed,1370
23.465931,1,11,9,37,4,16.666803,2.109600,2.877100,11.300900,1,44782,44782,0,0,closed,1371
23.482557,1,11,9,37,4,16.666897,1.911600,3.066500,16.746500,1,44782,44782,0,0,closed,1372
23.499354,1,11,9,37,4,16.666901,1.673900,3.129900,16.725000,1,44782,44782,0,0,closed,1373
23.515885,1,11,9,37,4,16.666702,2.280000,2.835300,16.914400,1,44782,44782,0,0,closed,1374
23.536334,1,11,9,36,4,16.666897,1.962400,2.908500,16.318501,1,45070,45070,0,0,closed,1375
23.549253,1,11,9,36,4,16.666901,6.167300,3.051800,21.426100,1,45070,45070,0,0,closed,1376
23.565940,1,11,9,36,4,16.666702,1.787500,2.953000,11.992100,1,45070,45070,0,0,closed,1377
23.582566,1,11,9,36,4,16.666800,1.885300,2.965700,16.780300,1,45070,45070,0,0,closed,1378
23.599194,1,11,9,36,4,16.666901,2.005100,3.413900,16.586800,1,45070,45070,0,0,closed,1379
23.615864,1,11,9,36,4,16.666698,1.887100,2.839300,16.539600,1,45070,45070,0,0,closed,1380
23.636277,1,11,9,35,4,16.666800,1.889200,2.758900,16.639000,1,44407,44407,0,0,closed,1381
23.649222,1,11,9,35,4,16.666800,5.863500,3.043900,21.163000,1,44407,44407,0,0,closed,1382
23.665910,1,11,9,35,4,16.666901,1.812300,3.380400,12.293100,1,44407,44407,0,0,closed,1383
23.682528,1,11,9,35,4,16.666800,1.965100,2.711100,16.648199,1,44407,44407,0,0,closed,1384
23.699215,1,11,9,35,4,16.666901,1.692100,2.764300,16.551901,1,44407,44407,0,0,closed,1385
23.715913,1,11,9,35,4,16.666698,1.627100,2.880900,16.701500,1,44407,44407,0,0,closed,1386
23.736289,1,11,9,30,4,16.670101,1.877600,2.909600,16.806900,1,41618,41618,0,0,closed,1387
23.749272,1,11,7,30,4,16.666800,6.151600,3.042000,20.920300,1,41618,41618,0,0,closed,1388
23.765896,1,11,7,30,4,16.666901,1.736300,2.729700,12.442600,1,41618,41618,0,0,closed,1389
23.782603,1,11,7,30,4,16.666698,1.642100,3.022700,16.562201,1,41618,41618,0,0,closed,1390
23.799224,1,11,7,30,4,16.666901,1.951400,2.937900,16.691200,1,41618,41618,0,0,closed,1391
23.815849,1,11,7,30,4,16.666800,1.724200,2.846000,16.593901,1,41618,41618,0,0,closed,1392
23.836039,1,11,7,25,3,16.666698,1.594700,2.713600,16.592899,1,41505,41505,0,0,closed,1393
23.849201,1,11,6,25,3,16.666901,5.513700,2.946600,20.682800,1,41505,41505,0,0,closed,1394
23.865896,1,11,6,25,3,16.666901,4.824500,3.009100,15.539200,1,41505,41505,0,0,closed,1395
23.882528,1,11,6,25,3,16.666901,1.963800,2.702400,13.875200,1,41505,41505,0,0,closed,1396
23.899207,1,11,6,25,3,16.666698,1.817400,2.752300,16.611300,1,41505,41505,0,0,closed,1397
23.915876,1,11,6,25,3,16.666901,1.815100,2.784200,16.628700,1,41505,41505,0,0,closed,1398
23.936191,1,11,6,22,3,16.666901,1.584300,2.818100,16.681000,1,39983,39983,0,0,closed,1399
23.949193,1,11,5,22,3,16.666698,5.673600,2.949600,20.912100,1,39983,39983,0,0,closed,1400
24.076208,1,11,5,21,2,122.865204,2.574600,0.296400,13.154300,1,39696,39696,0,0,closed,1401
24.088780,1,11,4,21,2,16.666901,104.973000,3.203600,126.809097,1,39696,39696,0,0,closed,1402
24.105468,1,11,4,21,2,16.666901,2.150100,3.168700,12.077100,1,39696,39696,0,0,closed,1403
24.122077,1,11,4,21,2,16.666698,1.725700,2.696000,16.626699,1,39696,39696,0,0,closed,1404
24.138820,1,11,4,21,2,16.666901,1.598100,2.906300,16.577499,1,39696,39696,0,0,closed,1405
24.155460,1,11,4,21,2,16.666800,1.798700,3.274400,16.881701,1,39696,39696,0,0,closed,1406
24.175524,1,11,4,19,1,16.666901,1.732100,2.860900,16.551901,1,38185,38185,0,0,closed,1407
24.188762,1,11,4,19,1,16.666901,5.232300,2.671900,20.217899,1,38185,38185,0,0,closed,1408
24.205409,1,11,4,19,1,16.666800,1.969600,2.684700,13.056000,1,38185,38185,0,0,closed,1409
24.222078,1,11,4,19,1,16.666800,1.754300,2.818300,16.661501,1,38185,38185,0,0,closed,1410
24.238754,1,11,4,19,1,16.666901,1.857500,2.451900,16.644100,1,38185,38185,0,0,closed,1411
24.255397,1,11,4,19,1,16.666901,1.957800,2.743800,16.720900,1,38185,38185,0,0,closed,1412
24.275401,1,11,4,18,1,16.666698,1.769100,2.682100,16.550900,1,38308,38308,0,0,closed,1413
24.288755,1,11,4,18,1,16.666901,5.269000,2.450600,20.268999,1,38308,38308,0,0,closed,1414
24.305391,1,11,4,18,1,16.666901,1.828000,2.802500,13.144100,1,38308,38308,0,0,closed,1415
24.322059,1,11,4,18,1,16.666800,1.605300,2.694300,16.566299,1,38308,38308,0,0,closed,1416
24.338734,1,11,4,18,1,16.666698,1.743500,2.729900,16.731100,1,38308,38308,0,0,closed,1417
24.355455,1,11,4,18,1,16.666901,1.932100,2.785500,16.754700,1,38308,38308,0,0,closed,1418
24.375547,1,11,4,18,1,16.667002,4.731200,2.731900,19.531799,1,38522,38522,0,0,closed,1419
24.388753,1,11,4,18,1,16.666800,5.252400,3.002200,17.448900,1,38522,38522,0,0,closed,1420
24.405382,1,11,4,18,1,16.666901,1.855200,2.922300,12.939300,1,38522,38522,0,0,closed,1421
24.422175,1,11,4,18,1,16.666698,1.552400,2.705800,16.677900,1,38522,38522,0,0,closed,1422
24.438735,1,11,4,18,1,16.666698,1.783100,3.570300,16.843700,1,38522,38522,0,0,closed,1423
24.455390,1,11,4,18,1,16.666698,2.313100,3.044500,16.897100,1,38522,38522,0,0,closed,1424
24.475411,1,11,4,18,1,16.666702,1.945700,2.698900,16.267200,1,38188,38188,0,0,closed,1425
24.488874,1,11,4,18,1,16.666897,5.278800,2.768800,20.077600,1,38188,38188,0,0,closed,1426
24.505437,1,11,4,18,1,16.666901,1.801600,3.327300,13.599700,1,38188,38188,0,0,closed,1427
24.522064,1,11,4,18,1,16.666800,1.935000,2.800500,16.439301,1,38188,38188,0,0,closed,1428
24.538730,1,11,4,18,1,16.666901,1.896600,3.014600,16.468000,1,38188,38188,0,0,closed,1429
24.555420,1,11,4,18,1,16.666702,1.837000,2.830500,16.700399,1,38188,38188,0,0,closed,1430
24.575707,1,11,4,18,1,16.666800,1.906500,2.900300,16.764999,1,38999,38999,0,0,closed,1431
24.588761,1,11,4,18,1,16.666897,5.357900,3.084400,20.372400,1,38999,38999,0,0,closed,1432
24.605394,1,11,4,18,1,16.666803,1.595200,3.167100,12.942400,1,38999,38999,0,0,closed,1433
24.622092,1,11,4,18,1,16.666897,1.700000,2.553300,16.591801,1,38999,38999,0,0,closed,1434
24.638719,1,11,4,18,1,16.666702,1.561200,2.731000,16.782301,1,38999,38999,0,0,closed,1435
24.655392,1,11,4,18,1,16.666901,1.692200,2.609200,16.566299,1,38999,38999,0,0,closed,1436
24.675359,1,11,4,16,1,16.666897,1.769200,2.550400,16.703501,1,37304,37304,0,0,closed,1437
24.688727,1,11,4,16,1,16.666901,4.894700,2.671600,20.145100,1,37304,37304,0,0,closed,1438
24.705415,1,11,4,16,1,16.666800,1.865700,2.826100,13.128700,1,37304,37304,0,0,closed,1439
24.722063,1,11,4,16,1,16.666800,1.961400,2.551500,16.816099,1,37304,37304,0,0,closed,1440
24.738744,1,11,4,16,1,16.666803,1.609000,2.545600,16.539700,1,37304,37304,0,0,closed,1441
24.755415,1,11,4,16,1,16.666897,1.852900,2.553300,16.639999,1,37304,37304,0,0,closed,1442
24.775522,1,11,4,16,1,16.666901,1.579500,2.509000,16.718800,1,37583,37583,0,0,closed,1443
24.788761,1,11,4,16,1,16.667002,5.211000,2.793200,20.194300,1,37583,37583,0,0,closed,1444
24.805407,1,11,4,16,1,16.666698,1.841300,2.859100,13.116500,1,37583,37583,0,0,closed,1445
24.822044,1,11,4,16,1,16.666901,1.766100,2.998700,16.616400,1,37583,37583,0,0,closed,1446
24.838778,1,11,4,16,1,16.666901,1.777000,3.062700,16.773100,1,37583,37583,0,0,closed,1447
24.855402,1,11,4,16,1,16.666901,1.999700,3.093200,16.680000,1,37583,37583,0,0,closed,1448
24.875401,1,11,4,16,1,16.666800,2.051000,2.971400,16.679899,1,37610,37610,0,0,closed,1449
24.888763,1,11,4,16,1,16.666800,7.497300,2.638600,22.473700,1,37610,37610,0,0,closed,1450
24.905404,1,11,4,16,1,16.666698,1.643700,2.651800,10.827800,1,37610,37610,0,0,closed,1451
24.922050,1,11,4,16,1,16.666901,1.879800,2.712100,16.577499,1,37610,37610,0,0,closed,1452
24.938739,1,11,4,16,1,16.667002,1.609400,2.521800,16.649300,1,37610,37610,0,0,closed,1453
24.955407,1,11,4,16,1,16.666901,1.567500,2.633100,16.695299,1,37610,37610,0,0,closed,1454
24.972069,1,11,4,16,1,16.666800,1.810300,2.851900,16.852900,1,37610,37610,0,0,closed,1455
24.988761,1,11,4,16,1,16.666901,1.781900,2.558700,16.480301,1,37610,37610,0,0,closed,1456
25.005396,1,11,4,16,1,16.666901,1.576800,2.863500,16.707600,1,37610,37610,0,0,closed,1457
25.022058,1,11,4,16,1,16.666698,1.842200,2.684900,16.624599,1,37610,37610,0,0,closed,1458
25.038740,1,11,4,16,1,16.666800,1.970200,2.560900,16.692200,1,37610,37610,0,0,closed,1459
25.055374,1,11,4,16,1,16.666698,1.618300,2.792300,16.655399,1,37610,37610,0,0,closed,1460
25.072056,1,11,4,16,1,16.666698,1.555500,2.518600,16.610300,1,37610,37610,0,0,closed,1461
25.090638,1,11,4,16,1,16.666803,1.642500,2.878100,7.649300,1,37610,37610,0,0,closed,1462
25.105524,1,11,4,16,1,16.666897,3.662800,2.956400,18.637800,1,37610,37610,0,0,closed,1463
25.123491,0,12,4,0,0,16.667002,2.011600,2.739800,14.864400,1,7208,7208,0,0,closed,1464
25.166345,0,12,6,0,0,44.049900,43.934700,2.739800,14.864400,1,7208,7208,0,0,closed,1465
25.182719,0,12,6,0,0,16.666698,1.882100,2.902700,9.320400,1,7208,7208,0,0,closed,1466
25.199441,0,12,6,0,0,16.666901,1.510100,3.065500,8.907800,1,7208,7208,0,0,closed,1467
25.216097,0,12,6,0,0,16.667002,1.663200,3.356500,16.744499,1,7208,7208,0,0,closed,1468
25.232775,0,12,6,0,0,16.666800,1.780300,3.041200,16.694201,1,7208,7208,0,0,closed,1469
25.249463,0,12,6,0,0,16.666901,3.206000,2.974700,18.289700,1,7207,7207,0,0,closed,1470
25.266091,0,12,6,0,0,16.666901,2.021200,2.824000,15.124500,1,7207,7207,0,0,closed,1471
25.282752,0,12,6,0,0,16.666698,1.847000,2.994700,16.566200,1,7207,7207,0,0,closed,1472
25.299438,0,12,6,0,0,16.666698,1.562800,3.167900,16.620600,1,7207,7207,0,0,closed,1473
25.316144,0,12,6,0,0,16.666800,1.804600,3.843700,16.742399,1,7207,7207,0,0,closed,1474
25.332766,0,12,6,0,0,16.666800,1.948100,2.745900,16.661501,1,7207,7207,0,0,closed,1475
25.349443,0,12,6,0,0,16.667101,1.754600,2.940500,16.686100,1,7207,7207,0,0,closed,1476
25.366058,0,12,6,0,0,16.666901,1.692200,3.125300,16.621500,1,7207,7207,0,0,closed,1477
25.383634,0,12,6,0,0,16.666901,1.694200,2.625500,16.575500,1,7207,7207,0,0,closed,1478
25.399433,0,12,6,0,0,16.666800,3.573200,3.277900,18.615299,1,7207,7207,0,0,closed,1479
25.416093,0,12,6,0,0,16.666800,1.531700,3.410900,14.788600,1,7207,7207,0,0,closed,1480
25.433656,0,12,6,0,0,16.666901,3.700000,2.943900,18.758699,1,7206,7206,0,0,closed,1481
25.560707,1,12,6,48,4,122.760994,3.021300,0.275400,15.686600,1,46137,46137,0,0,closed,1482
25.611476,1,12,12,48,4,55.591599,154.474792,0.275400,15.686600,1,46137,46137,0,0,closed,1483
25.627874,1,12,12,48,4,16.666702,2.787500,3.100500,9.125800,1,46137,46137,0,0,closed,1484
25.644606,1,12,12,48,4,16.666800,2.354900,3.204000,9.843800,1,46137,46137,0,0,closed,1485
25.665325,1,12,12,45,4,16.666800,1.874100,3.627000,16.702400,1,50504,50504,0,0,closed,1486
25.677935,1,12,10,45,4,16.666698,7.160600,3.301000,21.919800,1,50504,50504,0,0,closed,1487
25.694624,1,12,10,45,4,16.666800,2.139600,3.260700,11.468800,1,50504,50504,0,0,closed,1488
25.711275,1,12,10,45,4,16.666800,1.964800,3.855700,16.850901,1,50504,50504,0,0,closed,1489
25.727887,1,12,10,45,4,16.666901,2.126300,3.530500,16.522200,1,50504,50504,0,0,closed,1490
25.744714,1,12,10,45,4,16.666698,1.848300,3.197500,16.610399,1,50504,50504,0,0,closed,1491
25.766514,1,12,10,43,4,16.666800,2.347900,3.465500,16.781300,1,45701,45701,0,0,closed,1492
25.777918,1,12,9,43,4,16.666698,8.820200,4.351500,23.500799,1,45701,45701,0,0,closed,1493
25.794629,1,12,9,43,4,16.666901,2.836900,4.377900,9.827300,1,45701,45701,0,0,closed,1494
25.811296,1,12,9,43,4,16.674902,2.210900,4.233800,16.767000,1,45701,45701,0,0,closed,1495
25.827871,1,12,9,43,4,16.666800,2.250100,3.276500,16.669701,1,45701,45701,0,0,closed,1496
25.844606,1,12,9,43,4,16.666698,1.951500,3.347300,16.432100,1,45701,45701,0,0,closed,1497
25.865525,1,12,9,39,4,16.666901,1.997700,3.180600,16.747499,1,46774,46774,0,0,closed,1498
25.996520,1,12,8,34,4,131.032608,6.861200,0.342400,21.737499,1,43708,43708,0,0,closed,1499
26.009218,1,12,7,34,4,16.674500,112.029701,3.967300,133.621704,1,43708,43708,0,0,closed,1500
26.025543,1,12,7,34,4,16.666800,2.592200,3.690300,9.280600,1,43708,43708,0,0,closed,1501
26.042287,1,12,7,34,4,16.666800,2.011600,4.489800,16.189400,1,43708,43708,0,0,closed,1502
26.058894,1,12,7,34,4,16.666800,1.985800,2.973700,16.707600,1,43708,43708,0,0,closed,1503
26.075596,1,12,7,34,4,16.666800,1.740100,2.986400,16.658400,1,43708,43708,0,0,closed,1504
26.096169,1,12,7,32,4,16.667002,1.797300,2.976500,16.776199,1,44012,44012,0,0,closed,1505
26.108892,1,12,6,32,4,16.666800,6.431600,3.041300,21.262300,1,44012,44012,0,0,closed,1506
26.125606,1,12,6,32,4,16.666800,1.997300,2.950900,11.922500,1,44012,44012,0,0,closed,1507
26.142213,1,12,6,32,4,16.666901,2.009900,2.910600,16.725000,1,44012,44012,0,0,closed,1508
26.158919,1,12,6,32,4,16.666800,1.716500,2.891600,16.614401,1,44012,44012,0,0,closed,1509
26.175565,1,12,6,32,4,16.666800,1.954500,2.983300,16.717800,1,44012,44012,0,0,closed,1510
26.195935,1,12,6,30,4,16.666901,1.977000,3.175000,16.654301,1,41073,41073,0,0,closed,1511
26.208917,1,12,5,30,4,16.666800,5.818600,3.507500,20.917299,1,41073,41073,0,0,closed,1512
26.225564,1,12,5,30,4,16.666901,2.282000,2.964200,12.389300,1,41073,41073,0,0,closed,1513
26.242217,1,12,5,30,4,16.666800,1.922500,2.889100,16.681999,1,41073,41073,0,0,closed,1514
26.258934,1,12,5,30,4,16.666901,1.673600,2.858100,16.574499,1,41073,41073,0,0,closed,1515
26.275589,1,12,5,30,4,16.666800,1.821100,3.493000,16.753700,1,41073,41073,0,0,closed,1516
26.295814,1,12,5,26,3,16.667097,1.959400,2.658600,16.752600,1,38793,38793,0,0,closed,1517
26.308949,1,12,4,26,3,16.666800,5.826700,2.778200,20.583401,1,38793,38793,0,0,closed,1518
26.325574,1,12,4,26,3,16.666800,1.981600,2.852000,12.699700,1,38793,38793,0,0,closed,1519
26.342203,1,12,4,26,3,16.666800,1.651200,3.050900,16.602100,1,38793,38793,0,0,closed,1520
26.358929,1,12,4,26,3,16.666702,2.234400,2.980200,16.631800,1,38793,38793,0,0,closed,1521
26.375607,1,12,4,26,3,16.666800,1.736400,3.423500,16.748501,1,38793,38793,0,0,closed,1522
26.395812,1,12,4,24,3,16.666901,1.870800,2.828100,16.697399,1,38249,38249,0,0,closed,1523
26.408946,1,12,4,24,3,16.667097,5.656700,3.266900,20.347900,1,38249,38249,0,0,closed,1524
26.425593,1,12,4,24,3,16.666698,1.825900,3.096900,13.042700,1,38249,38249,0,0,closed,1525
26.442297,1,12,4,24,3,16.666901,1.732300,3.264000,16.577499,1,38249,38249,0,0,closed,1526
26.458933,1,12,4,24,3,16.666901,1.822900,2.767800,16.674801,1,38249,38249,0,0,closed,1527
26.475593,1,12,4,24,3,16.666901,1.941100,2.886300,16.612400,1,38249,38249,0,0,closed,1528
26.495640,1,12,4,21,3,16.666800,1.777300,3.053200,16.691200,1,36920,36920,0,0,closed,1529
26.508961,1,12,4,21,3,16.666800,5.296400,3.158900,20.363300,1,36920,36920,0,0,closed,1530
26.525579,1,12,4,21,3,16.666800,4.976700,3.836400,16.128000,1,36920,36920,0,0,closed,1531
26.542222,1,12,4,21,3,16.666901,2.282200,2.989400,13.510600,1,36920,36920,0,0,closed,1532
26.558989,1,12,4,21,3,16.666800,1.786100,3.826700,16.749599,1,36920,36920,0,0,closed,1533
26.575621,1,12,4,21,3,16.666800,2.172900,3.062900,16.657400,1,36920,36920,0,0,closed,1534
26.596874,1,12,4,20,3,16.666800,2.216600,3.311700,17.183701,1,36243,36243,0,0,closed,1535
26.609026,1,12,4,20,3,16.666901,6.804800,3.989300,21.099600,1,36243,36243,0,0,closed,1536
26.625602,1,12,4,20,3,16.666901,2.121600,3.591800,11.940800,1,36243,36243,0,0,closed,1537
26.642238,1,12,4,20,3,16.666800,2.151600,3.030700,16.434200,1,36243,36243,0,0,closed,1538
26.658934,1,12,4,20,3,16.666698,2.019600,3.285400,16.645100,1,36243,36243,0,0,closed,1539
26.675570,1,12,4,20,3,16.666901,1.808000,3.298400,16.649200,1,36243,36243,0,0,closed,1540
26.695650,1,12,4,19,2,16.666800,2.214500,3.026200,16.586800,1,36328,36328,0,0,closed,1541
26.708903,1,12,4,19,2,16.666901,5.343400,2.906200,20.239300,1,36328,36328,0,0,closed,1542
26.725559,1,12,4,19,2,16.666800,1.710100,3.267000,13.132800,1,36328,36328,0,0,closed,1543
26.742238,1,12,4,19,2,16.666698,1.982400,2.696400,16.620600,1,36328,36328,0,0,closed,1544
26.758904,1,12,4,19,2,16.666901,1.886500,2.795900,16.676901,1,36328,36328,0,0,closed,1545
26.775564,1,12,4,19,2,16.666800,1.709100,3.231700,16.726000,1,36328,36328,0,0,closed,1546
26.795697,1,12,4,18,1,16.666800,1.878400,3.048800,16.705500,1,35968,35968,0,0,closed,1547
26.808933,1,12,4,18,1,16.666702,5.559400,2.984000,20.264999,1,35968,35968,0,0,closed,1548
26.825569,1,12,4,18,1,16.666998,2.008800,2.902500,13.113300,1,35968,35968,0,0,closed,1549
26.842235,1,12,4,18,1,16.666803,1.978700,2.916800,16.568300,1,35968,35968,0,0,closed,1550
26.858933,1,12,4,18,1,16.666998,1.678000,2.874100,16.677900,1,35968,35968,0,0,closed,1551
26.875590,1,12,4,18,1,16.666901,1.785100,3.141600,16.774200,1,35968,35968,0,0,closed,1552
26.895600,1,12,4,17,1,16.666800,1.937500,2.968500,16.584700,1,36146,36146,0,0,closed,1553
26.908881,1,12,4,17,1,16.666800,5.498400,2.714300,20.161501,1,36146,36146,0,0,closed,1554
26.925619,1,12,4,17,1,16.666800,1.977700,2.866300,13.088800,1,36146,36146,0,0,closed,1555
26.942262,1,12,4,17,1,16.666901,1.981300,2.823200,16.771000,1,36146,36146,0,0,closed,1556
26.958918,1,12,4,17,1,16.666698,2.049800,2.678900,16.552999,1,36146,36146,0,0,closed,1557
26.975610,1,12,4,17,1,16.666901,1.741600,3.323000,16.834600,1,36146,36146,0,0,closed,1558
26.995744,1,12,4,17,1,16.666800,2.027200,3.040600,16.659401,1,36657,36657,0,0,closed,1559
27.008896,1,12,4,17,1,16.666901,5.658100,4.321500,20.442101,1,36657,36657,0,0,closed,1560
27.025588,1,12,4,17,1,16.666901,2.072700,3.423300,12.721200,1,36657,36657,0,0,closed,1561
27.042198,1,12,4,17,1,16.666901,4.590000,3.479800,19.694599,1,36657,36657,0,0,closed,1562
27.058954,1,12,4,17,1,16.666698,2.459800,3.027800,13.525000,1,36657,36657,0,0,closed,1563
27.075607,1,12,4,17,1,16.666702,2.064700,2.916200,16.854000,1,36657,36657,0,0,closed,1564
27.098225,1,12,4,17,1,16.666800,1.817400,3.116500,16.785400,1,36311,36311,0,0,closed,1565
27.108907,1,12,4,17,1,16.666800,8.147800,2.847500,22.852600,1,36311,36311,0,0,closed,1566
27.125559,1,12,4,17,1,16.666800,1.899200,3.075000,10.255400,1,36311,36311,0,0,closed,1567
27.142242,1,12,4,17,1,16.666901,1.765700,2.940100,16.726000,1,36311,36311,0,0,closed,1568
27.158941,1,12,4,17,1,16.666998,1.858600,2.570500,16.608200,1,36311,36311,0,0,closed,1569
27.175558,1,12,4,17,1,16.666702,2.128800,3.974100,16.740400,1,36311,36311,0,0,closed,1570
27.195483,1,12,4,16,1,16.666800,1.804100,2.689500,16.598000,1,35093,35093,0,0,closed,1571
27.208897,1,12,4,16,1,16.666901,5.179900,3.813300,20.103201,1,35093,35093,0,0,closed,1572
27.225563,1,12,4,16,1,16.666897,1.667400,2.550200,13.255600,1,35093,35093,0,0,closed,1573
27.242238,1,12,4,16,1,16.666901,1.747100,2.595600,16.660500,1,35093,35093,0,0,closed,1574
27.258907,1,12,4,16,1,16.666800,1.713100,2.603800,16.647200,1,35093,35093,0,0,closed,1575
27.275588,1,12,4,16,1,16.666800,1.643200,3.524100,16.667601,1,35093,35093,0,0,closed,1576
27.295775,1,12,4,16,1,16.670101,1.908100,3.021700,16.729099,1,34755,34755,0,0,closed,1577
27.308975,1,12,4,16,1,16.666901,5.558400,2.821900,20.390900,1,34755,34755,0,0,closed,1578
27.325639,1,12,4,16,1,16.666800,1.852200,3.225100,13.033400,1,34755,34755,0,0,closed,1579
27.342234,1,12,4,16,1,16.666800,1.997200,2.748700,16.696400,1,34755,34755,0,0,closed,1580
27.358888,1,12,4,16,1,16.666702,1.849000,2.600900,16.500700,1,34755,34755,0,0,closed,1581
27.375553,1,12,4,16,1,16.666698,1.599400,3.021700,16.654301,1,34755,34755,0,0,closed,1582
27.395586,1,12,4,16,1,16.666698,1.604100,2.751700,16.704500,1,35446,35446,0,0,closed,1583
27.408887,1,12,4,16,1,16.666901,5.451800,2.876700,20.162600,1,35446,35446,0,0,closed,1584
27.425594,1,12,4,16,1,16.666901,1.913900,2.686100,13.128700,1,35446,35446,0,0,closed,1585
27.442211,1,12,4,16,1,16.666800,1.788000,2.616700,7.587800,1,35446,35446,0,0,closed,1586
27.458894,1,12,4,16,1,16.666901,1.572000,2.784100,16.563200,1,35446,35446,0,0,closed,1587
27.475554,1,12,4,16,1,16.666901,1.616600,2.721600,16.701401,1,35446,35446,0,0,closed,1588
27.492201,1,12,4,16,1,16.666901,1.820700,2.682900,16.660500,1,35446,35446,0,0,closed,1589
27.508935,1,12,4,16,1,16.666698,1.895900,2.699100,16.623600,1,35446,35446,0,0,closed,1590
27.525541,1,12,4,16,1,16.666698,1.971400,3.267300,16.842800,1,35446,35446,0,0,closed,1591
27.542225,1,12,4,16,1,16.666901,1.973300,3.408700,16.569300,1,35446,35446,0,0,closed,1592
27.558907,1,12,4,16,1,16.666800,4.891800,2.818500,19.638300,1,35446,35446,0,0,closed,1593
27.575590,1,12,4,16,1,16.667002,1.842200,2.674500,13.782000,1,35446,35446,0,0,closed,1594
27.592248,1,12,4,16,1,16.666998,1.876400,2.639700,16.715799,1,35446,35446,0,0,closed,1595
27.608886,1,12,4,16,1,16.666803,2.204800,2.820000,17.002501,1,35446,35446,0,0,closed,1596
27.627348,1,12,4,16,1,16.666698,1.877500,2.729400,16.250799,1,35446,35446,0,0,closed,1597
27.643339,0,13,4,0,0,16.666901,3.611700,2.736300,18.457600,1,7208,7208,0,0,closed,1598
27.691452,0,13,6,0,0,48.869598,48.918301,2.736300,18.457600,1,7208,7208,0,0,closed,1599
27.707755,0,13,6,0,0,16.666901,1.992700,3.247300,9.471000,1,7208,7208,0,0,closed,1600
27.724590,0,13,6,0,0,16.666901,1.883500,3.054500,8.852500,1,7208,7208,0,0,closed,1601
27.741026,0,13,6,0,0,16.666800,1.880800,2.647600,16.831499,1,7208,7208,0,0,closed,1602
27.757754,0,13,6,0,0,16.666901,3.131900,2.928900,18.073601,1,7210,7210,0,0,closed,1603
27.774645,0,13,6,0,0,16.666800,2.077200,3.026100,15.166400,1,7210,7210,0,0,closed,1604
27.791035,0,13,6,0,0,16.666800,2.050400,2.638000,16.740400,1,7210,7210,0,0,closed,1605
27.807722,0,13,6,0,0,16.666698,1.667800,3.016100,16.395201,1,7210,7210,0,0,closed,1606
27.824372,0,13,6,0,0,16.666800,1.516200,3.297000,16.752701,1,7210,7210,0,0,closed,1607
27.841036,0,13,6,0,0,16.666800,1.824400,3.174500,16.695299,1,7210,7210,0,0,closed,1608
27.857762,0,13,6,0,0,16.666901,1.956900,3.237600,16.755699,1,7210,7210,0,0,closed,1609
27.874381,0,13,6,0,0,16.666800,2.027500,2.767600,16.590799,1,7210,7210,0,0,closed,1610
27.891106,0,13,6,0,0,16.666698,1.516400,2.941100,16.591900,1,7210,7210,0,0,closed,1611
27.909060,0,13,6,0,0,16.666901,1.644500,2.765500,16.840700,1,7209,7209,0,0,closed,1612
27.924455,0,13,6,0,0,16.667002,3.172600,2.897900,17.929199,1,7209,7209,0,0,closed,1613
27.942915,0,13,6,0,0,16.667803,3.329800,4.369000,17.065001,1,7208,7208,0,0,closed,1614
27.957743,0,13,6,0,0,16.666897,4.248700,3.315900,16.854000,1,7208,7208,0,0,closed,1615
28.085603,1,13,6,47,4,123.297707,1.742600,0.338700,14.647300,1,45394,45394,0,0,closed,1616
28.147183,1,13,12,47,4,65.780998,166.240799,0.338700,14.647300,1,45394,45394,0,0,closed,1617
28.163578,1,13,12,47,4,16.666803,2.767300,2.873200,9.457700,1,45394,45394,0,0,closed,1618
28.180328,1,13,12,47,4,16.667097,2.221500,3.439900,9.594800,1,45394,45394,0,0,closed,1619
28.201118,1,13,12,44,4,16.666800,1.954200,3.482500,16.781300,1,48775,48775,0,0,closed,1620
28.215151,1,13,11,44,4,18.049601,6.993200,3.710800,22.014000,1,48775,48775,0,0,closed,1621
28.231811,1,13,11,44,4,16.788698,2.580800,4.618700,12.976100,1,48775,48775,0,0,closed,1622
28.248675,1,13,11,44,4,16.869501,2.444100,4.618500,16.739401,1,48775,48775,0,0,closed,1623
28.265471,1,13,11,44,4,16.757301,2.483000,4.445600,16.734200,1,48775,48775,0,0,closed,1624
28.282215,1,13,11,44,4,16.666897,2.870300,4.860400,16.870399,1,48775,48775,0,0,closed,1625
28.306270,1,13,11,42,4,16.674402,2.507300,4.536600,16.778200,1,43759,43759,0,0,closed,1626
28.315471,1,13,11,42,4,16.668898,11.321300,4.536600,16.778200,1,43759,43759,0,0,closed,1627
28.332309,1,13,11,42,4,16.921799,2.834100,5.296800,9.140300,1,43759,43759,0,0,closed,1628
28.349329,1,13,11,42,4,16.991503,2.384500,4.720400,12.884900,1,43759,43759,0,0,closed,1629
28.366357,1,13,11,42,4,16.912296,2.318100,4.982400,17.702999,1,43759,43759,0,0,closed,1630
28.383005,1,13,11,42,4,16.666702,2.466700,4.907200,16.690100,1,43759,43759,0,0,closed,1631
28.404315,1,13,11,40,4,16.666800,2.497400,4.830300,16.407600,1,42817,42817,0,0,closed,1632
28.555474,1,13,10,38,4,148.154404,7.485700,0.363200,21.859301,1,46161,46161,0,0,closed,1633
28.564406,1,13,9,38,4,16.666800,129.412994,4.515200,151.886902,1,46161,46161,0,0,closed,1634
28.581059,1,13,9,38,4,16.666901,2.724100,3.482400,9.163700,1,46161,46161,0,0,closed,1635
28.597663,1,13,9,38,4,16.666698,2.187100,3.315900,14.976000,1,46161,46161,0,0,closed,1636
28.614356,1,13,9,38,4,16.666698,5.336100,4.257600,20.020300,1,46161,46161,0,0,closed,1637
28.630995,1,13,9,38,4,16.666800,2.128700,2.961000,13.213700,1,46161,46161,0,0,closed,1638
28.651804,1,13,9,33,4,16.666800,1.935500,4.447900,16.589800,1,43624,43624,0,0,closed,1639
28.664374,1,13,7,33,4,16.666901,6.791200,3.707000,21.743601,1,43624,43624,0,0,closed,1640
28.681251,1,13,7,33,4,16.666800,2.198300,3.157800,11.563000,1,43624,43624,0,0,closed,1641
28.697714,1,13,7,33,4,16.666800,2.250300,3.358700,16.909300,1,43624,43624,0,0,closed,1642
28.714357,1,13,7,33,4,16.666800,2.018300,3.764400,16.432100,1,43624,43624,0,0,closed,1643
28.731173,1,13,7,33,4,16.667303,1.900700,3.307400,16.714800,1,43624,43624,0,0,closed,1644
28.754591,1,13,7,33,4,16.673800,2.268900,5.744100,17.171499,1,39787,39787,0,0,closed,1645
28.764450,1,13,7,33,4,16.666901,10.262900,6.520200,24.266701,1,39787,39787,0,0,closed,1646
28.781087,1,13,7,33,4,16.666897,2.695400,4.582400,10.983400,1,39787,39787,0,0,closed,1647
28.797676,1,13,7,33,4,16.666702,2.541200,4.785000,14.416900,1,39787,39787,0,0,closed,1648
28.814424,1,13,7,33,4,16.666901,2.509300,4.786200,16.670700,1,39787,39787,0,0,closed,1649
28.831020,1,13,7,33,4,16.666698,2.727400,4.405700,16.758801,1,39787,39787,0,0,closed,1650
28.852309,1,13,7,30,4,16.666800,2.121100,2.991900,16.193600,1,40153,40153,0,0,closed,1651
28.864429,1,13,6,30,4,16.666901,7.219300,3.644100,22.413300,1,40153,40153,0,0,closed,1652
28.881007,1,13,6,30,4,16.666800,2.329200,3.150300,11.199500,1,40153,40153,0,0,closed,1653
28.897658,1,13,6,30,4,16.666901,1.896600,2.974300,16.549900,1,40153,40153,0,0,closed,1654
28.914349,1,13,6,30,4,16.666800,1.986300,3.012000,16.564199,1,40153,40153,0,0,closed,1655
28.931013,1,13,6,30,4,16.666800,1.961400,2.990500,16.690201,1,40153,40153,0,0,closed,1656
28.951393,1,13,6,28,3,16.666800,1.814900,3.553800,16.768000,1,41401,41401,0,0,closed,1657
28.964327,1,13,5,28,3,16.667002,5.994600,3.445800,20.789200,1,41401,41401,0,0,closed,1658
28.981011,1,13,5,28,3,16.666800,2.468900,3.155800,12.517400,1,41401,41401,0,0,closed,1659
28.997638,1,13,5,28,3,16.666901,2.086500,2.900800,16.610300,1,41401,41401,0,0,closed,1660
29.014299,1,13,5,28,3,16.666698,1.688800,3.230200,16.608200,1,41401,41401,0,0,closed,1661
29.031043,1,13,5,28,3,16.666698,2.015300,2.769600,16.871500,1,41401,41401,0,0,closed,1662
29.051190,1,13,5,25,2,16.666800,1.878000,2.695100,16.617399,1,39360,39360,0,0,closed,1663
29.064325,1,13,5,25,2,16.666800,5.465600,3.133600,20.276300,1,39360,39360,0,0,closed,1664
29.080980,1,13,5,25,2,16.666800,1.999000,2.971700,13.005800,1,39360,39360,0,0,closed,1665
29.097735,1,13,5,25,2,16.666800,1.887100,2.855900,16.678900,1,39360,39360,0,0,closed,1666
29.114362,1,13,5,25,2,16.666698,5.252400,3.714300,20.063200,1,39360,39360,0,0,closed,1667
29.130980,1,13,5,25,2,16.666800,2.330100,2.691400,13.237200,1,39360,39360,0,0,closed,1668
29.151244,1,13,5,23,2,16.666702,1.703000,2.867600,16.638000,1,38607,38607,0,0,closed,1669
29.164334,1,13,5,23,2,16.666901,5.397200,3.236200,20.336599,1,38607,38607,0,0,closed,1670
29.181001,1,13,5,23,2,16.666800,2.001400,3.016100,13.037600,1,38607,38607,0,0,closed,1671
29.197685,1,13,5,23,2,16.666698,1.879400,2.819400,16.679899,1,38607,38607,0,0,closed,1672
29.214340,1,13,5,23,2,16.666901,1.865600,2.989300,16.638000,1,38607,38607,0,0,closed,1673
29.231001,1,13,5,23,2,16.666800,1.781800,3.439900,16.649200,1,38607,38607,0,0,closed,1674
29.251920,1,13,5,23,2,16.667002,2.145800,3.232600,16.734200,1,39457,39457,0,0,closed,1675
29.264312,1,13,5,23,2,16.666800,6.767100,2.834200,21.061600,1,39457,39457,0,0,closed,1676
29.281000,1,13,5,23,2,16.666800,1.835400,3.169100,12.268600,1,39457,39457,0,0,closed,1677
29.297687,1,13,5,23,2,16.666800,1.769300,2.949500,16.749599,1,39457,39457,0,0,closed,1678
29.314385,1,13,5,23,2,16.666800,1.892500,4.178400,16.594900,1,39457,39457,0,0,closed,1679
29.331011,1,13,5,23,2,16.666800,2.087600,3.679500,16.693300,1,39457,39457,0,0,closed,1680
29.351886,1,13,5,23,2,16.666800,1.752000,3.129700,16.648100,1,39304,39304,0,0,closed,1681
29.364365,1,13,5,23,2,16.666800,6.353100,3.181000,21.076000,1,39304,39304,0,0,closed,1682
29.380998,1,13,5,23,2,16.666698,2.225400,2.921800,12.195900,1,39304,39304,0,0,closed,1683
29.397688,1,13,5,23,2,16.667101,1.747500,3.257200,16.629700,1,39304,39304,0,0,closed,1684
29.414329,1,13,5,23,2,16.666800,1.754600,2.907800,16.720900,1,39304,39304,0,0,closed,1685
29.430986,1,13,5,23,2,16.666698,1.776400,2.866900,16.583700,1,39304,39304,0,0,closed,1686
29.453112,1,13,5,21,1,16.666698,1.806700,3.036200,16.696301,1,38467,38467,0,0,closed,1687
29.464356,1,13,5,21,1,16.666800,7.565000,5.374700,22.638599,1,38467,38467,0,0,closed,1688
29.480998,1,13,5,21,1,16.666800,2.326600,3.766600,10.736600,1,38467,38467,0,0,closed,1689
29.497689,1,13,5,21,1,16.666901,1.882200,3.474400,16.891899,1,38467,38467,0,0,closed,1690
29.514368,1,13,5,21,1,16.666901,1.857400,3.601800,16.382000,1,38467,38467,0,0,closed,1691
29.530984,1,13,5,21,1,16.666698,1.897600,3.408900,16.700399,1,38467,38467,0,0,closed,1692
29.551456,1,13,5,20,1,16.666800,1.751500,2.974700,16.581600,1,38777,38777,0,0,closed,1693
29.564341,1,13,5,20,1,16.667002,5.876400,3.164200,20.771900,1,38777,38777,0,0,closed,1694
29.580987,1,13,5,20,1,16.666698,1.861000,3.403100,12.598300,1,38777,38777,0,0,closed,1695
29.597657,1,13,5,20,1,16.666901,1.725900,2.878300,16.692200,1,38777,38777,0,0,closed,1696
29.614307,1,13,5,20,1,16.666800,1.726800,2.851900,16.625700,1,38777,38777,0,0,closed,1697
29.631037,1,13,5,20,1,16.666702,5.052100,3.833600,19.919800,1,38777,38777,0,0,closed,1698
29.651291,1,13,5,20,1,16.666698,2.186200,3.175900,13.550600,1,38071,38071,0,0,closed,1699
29.664340,1,13,5,20,1,16.666800,5.709700,2.853800,20.363300,1,38071,38071,0,0,closed,1700
29.680996,1,13,5,20,1,16.666698,1.756500,3.191200,12.799000,1,38071,38071,0,0,closed,1701
29.697796,1,13,5,20,1,16.666800,2.101100,2.777200,16.703501,1,38071,38071,0,0,closed,1702
29.714327,1,13,5,20,1,16.666901,2.020100,3.008500,16.833500,1,38071,38071,0,0,closed,1703
29.731041,1,13,5,20,1,16.667002,1.639000,3.291100,16.443399,1,38071,38071,0,0,closed,1704
29.751305,1,13,5,19,1,16.666698,1.725900,3.317400,16.850901,1,37346,37346,0,0,closed,1705
29.764296,1,13,5,19,1,16.666698,5.443700,2.771600,20.533300,1,37346,37346,0,0,closed,1706
29.781008,1,13,5,19,1,16.666800,1.857300,3.014300,12.588000,1,37346,37346,0,0,closed,1707
29.797705,1,13,5,19,1,16.666800,1.866900,2.823000,16.905199,1,37346,37346,0,0,closed,1708
29.814347,1,13,5,19,1,16.666702,1.982800,2.823800,16.532499,1,37346,37346,0,0,closed,1709
29.831009,1,13,5,19,1,16.666800,1.718900,3.272900,16.762899,1,37346,37346,0,0,closed,1710
29.852811,1,13,5,19,1,16.698498,2.052400,3.163500,16.590799,1,39028,39028,0,0,closed,1711
29.864419,1,13,5,19,1,16.666800,7.173900,2.885600,21.924900,1,39028,39028,0,0,closed,1712
29.881018,1,13,5,19,1,16.666800,1.843200,2.736500,11.568100,1,39028,39028,0,0,closed,1713
29.897685,1,13,5,19,1,16.666800,2.112200,2.832700,16.646200,1,39028,39028,0,0,closed,1714
29.914356,1,13,5,19,1,16.666698,1.943900,2.955400,16.500700,1,39028,39028,0,0,closed,1715
29.931131,1,13,5,19,1,16.666901,1.661700,3.188200,16.648199,1,39028,39028,0,0,closed,1716
29.947680,1,13,5,19,1,16.666702,2.002200,3.548700,16.915501,1,39028,39028,0,0,closed,1717
29.964339,1,13,5,19,1,16.666897,1.853100,3.371800,16.404400,1,39028,39028,0,0,closed,1718
29.981017,1,13,5,19,1,16.666702,1.976900,2.978100,16.642099,1,39028,39028,0,0,closed,1719
29.997719,1,13,5,19,1,16.666800,2.043600,2.812700,16.726000,1,39028,39028,0,0,closed,1720
30.014355,1,13,5,19,1,16.666901,2.001900,3.573900,16.667601,1,39028,39028,0,0,closed,1721
30.031064,1,13,5,19,1,16.666800,1.682600,3.374300,16.656401,1,39028,39028,0,0,closed,1722
30.077652,1,13,5,19,1,46.678799,46.595600,3.374300,16.656401,1,39028,39028,0,0,closed,1723
30.094368,1,13,5,19,1,16.666901,1.842100,3.598300,8.504300,1,39028,39028,0,0,closed,1724
30.114743,2,13,5,19,0,16.666800,1.679700,2.905100,10.015800,1,38569,38569,0,0,closed,1725
30.167694,2,13,5,19,0,54.500397,54.455399,2.905100,10.015800,1,38569,38569,0,0,closed,1726
30.182174,2,13,5,19,0,16.666800,4.237400,2.957600,8.390600,1,38569,38569,0,0,closed,1727
30.198889,2,13,5,19,0,16.666800,2.032900,3.101900,10.310700,1,38569,38569,0,0,closed,1728
30.215660,2,13,5,19,0,16.666702,2.071900,2.921200,16.646099,1,38569,38569,0,0,closed,1729
30.232186,2,13,5,19,0,16.666698,2.106200,2.900600,16.753700,1,38569,38569,0,0,closed,1730
30.249112,2,13,5,19,0,16.666800,1.789300,2.965600,16.540701,1,38569,38569,0,0,closed,1731
30.265537,2,13,5,19,0,16.666698,2.278600,3.023600,16.940001,1,38569,38569,0,0,closed,1732
30.282683,2,13,5,19,0,16.666901,1.974700,3.281900,16.395300,1,38569,38569,0,0,closed,1733
30.298894,2,13,5,19,0,16.666901,2.643400,2.797600,17.178600,1,38569,38569,0,0,closed,1734
30.315723,2,13,5,19,0,16.666901,2.037600,3.337700,16.221201,1,38569,38569,0,0,closed,1735
30.332355,2,13,5,19,0,16.772301,2.073900,3.018600,16.744400,1,38569,38569,0,0,closed,1736
30.349393,2,13,5,19,0,16.666698,2.235400,4.610800,16.782400,1,38569,38569,0,0,closed,1737
30.366517,0,14,5,0,0,16.666901,2.740500,3.763600,16.962500,1,7216,7216,0,0,closed,1738
30.417559,0,14,6,0,0,50.949699,50.991901,3.763600,16.962500,1,7216,7216,0,0,closed,1739
30.433225,0,14,6,0,0,16.666800,2.787400,2.845000,10.688500,1,7216,7216,0,0,closed,1740
30.450113,0,14,6,0,0,16.666698,1.787100,2.923800,7.677900,1,7216,7216,0,0,closed,1741
30.466505,0,14,6,0,0,16.666901,1.696300,2.972900,16.937000,1,7216,7216,0,0,closed,1742
30.483181,0,14,6,0,0,16.666901,1.808200,2.747600,16.356300,1,7216,7216,0,0,closed,1743
30.499883,0,14,6,0,0,16.666698,1.603400,2.897800,16.716801,1,7216,7216,0,0,closed,1744
30.516622,0,14,6,0,0,16.666901,1.528700,3.116300,16.713699,1,7216,7216,0,0,closed,1745
30.533220,0,14,6,0,0,16.666901,1.786700,2.864500,16.781300,1,7216,7216,0,0,closed,1746
30.549881,0,14,6,0,0,16.666698,3.114700,3.043500,18.072599,1,7214,7214,0,0,closed,1747
30.566624,0,14,6,0,0,16.666800,2.018900,2.815600,15.137800,1,7214,7214,0,0,closed,1748
30.583283,0,14,6,0,0,16.666901,1.624400,3.330500,16.880600,1,7214,7214,0,0,closed,1749
30.599865,0,14,6,0,0,16.666901,1.852400,2.988500,16.573400,1,7214,7214,0,0,closed,1750
30.617449,0,14,6,0,0,16.666698,1.543000,2.703600,16.605200,1,7214,7214,0,0,closed,1751
30.633186,0,14,6,0,0,16.666901,4.097200,3.466600,18.972700,1,7214,7214,0,0,closed,1752
30.649862,0,14,6,0,0,16.666901,1.807100,2.676700,14.233600,1,7214,7214,0,0,closed,1753
30.666561,0,14,6,0,0,16.666698,1.690100,2.792900,16.697300,1,7214,7214,0,0,closed,1754
30.798542,0,14,6,0,0,131.997787,1.771900,0.304400,16.697300,1,7214,7214,0,0,closed,1755
30.819396,1,14,6,48,4,16.666698,109.485298,3.045900,133.614594,1,39545,39545,0,0,closed,1756
30.873364,1,14,12,48,4,58.109398,58.940300,3.045900,133.614594,1,39545,39545,0,0,closed,1757
30.890171,1,14,12,48,4,16.666901,1.889900,3.007500,10.147800,1,39545,39545,0,0,closed,1758
30.906737,1,14,12,48,4,16.672302,2.310100,3.149000,8.516600,1,39545,39545,0,0,closed,1759
30.927210,1,14,12,48,4,16.666800,1.679800,2.985900,16.605200,1,45939,45939,0,0,closed,1760
30.940096,1,14,12,48,4,16.666901,6.415700,3.329800,21.314600,1,45939,45939,0,0,closed,1761
30.956756,1,14,12,48,4,16.666901,2.182200,3.001500,11.971500,1,45939,45939,0,0,closed,1762
30.973466,1,14,12,48,4,16.666901,1.790600,2.961200,16.737301,1,45939,45939,0,0,closed,1763
30.990181,1,14,12,48,4,16.666800,1.858600,2.777400,16.817200,1,45939,45939,0,0,closed,1764
31.006743,1,14,12,48,4,16.666901,1.784600,3.362600,16.550900,1,45939,45939,0,0,closed,1765
31.027579,1,14,12,44,4,16.666897,1.734300,2.986000,16.535500,1,49682,49682,0,0,closed,1766
31.040107,1,14,11,44,4,16.666901,7.067900,3.606300,22.333500,1,49682,49682,0,0,closed,1767
31.056776,1,14,11,44,4,16.666800,1.907600,3.176600,11.115500,1,49682,49682,0,0,closed,1768
31.073417,1,14,11,44,4,16.666702,2.052500,4.185600,16.648199,1,49682,49682,0,0,closed,1769
31.090081,1,14,11,44,4,16.666800,1.944200,2.945800,16.652300,1,49682,49682,0,0,closed,1770
31.106797,1,14,11,44,4,16.666998,2.056100,3.140900,16.791500,1,49682,49682,0,0,closed,1771
31.127360,1,14,11,43,4,16.666803,1.833200,3.058500,16.591900,1,42996,42996,0,0,closed,1772
31.262424,1,14,11,37,4,134.512604,9.030600,0.312400,24.143900,1,41526,41526,0,0,closed,1773
31.274554,1,14,9,37,4,16.666901,110.199997,3.816300,132.244400,1,41526,41526,0,0,closed,1774
31.291309,1,14,9,37,4,16.666800,1.861000,2.971600,11.225100,1,41526,41526,0,0,closed,1775
31.307952,1,14,9,37,4,16.672096,1.734500,3.418600,16.901199,1,41526,41526,0,0,closed,1776
31.324653,1,14,9,37,4,16.666901,1.971500,3.235300,16.547800,1,41526,41526,0,0,closed,1777
31.341304,1,14,9,37,4,16.667002,1.846200,3.381000,16.763901,1,41526,41526,0,0,closed,1778
31.361641,1,14,9,34,4,16.666800,1.948600,2.737500,16.695299,1,41778,41778,0,0,closed,1779
31.374628,1,14,9,34,4,16.666901,6.216900,3.626800,21.246000,1,41778,41778,0,0,closed,1780
31.391293,1,14,9,34,4,16.666901,2.184000,3.079000,12.169200,1,41778,41778,0,0,closed,1781
31.407915,1,14,9,34,4,16.666698,2.086600,3.560000,16.594900,1,41778,41778,0,0,closed,1782
31.424567,1,14,9,34,4,16.666901,1.914800,3.330300,16.538700,1,41778,41778,0,0,closed,1783
31.441240,1,14,9,34,4,16.666800,2.054700,2.991000,16.671700,1,41778,41778,0,0,closed,1784
31.461744,1,14,9,33,4,16.666901,2.076000,3.181900,16.794600,1,43079,43079,0,0,closed,1785
31.474599,1,14,8,33,4,16.666800,6.242900,3.515100,21.242901,1,43079,43079,0,0,closed,1786
31.605251,1,14,8,28,4,126.273308,2.581200,0.291500,12.526600,1,42067,42067,0,0,closed,1787
31.617649,1,14,5,28,4,16.666901,109.568497,3.364400,130.973694,1,42067,42067,0,0,closed,1788
31.634292,1,14,5,28,4,16.666901,3.191300,3.638500,12.133400,1,42067,42067,0,0,closed,1789
31.650908,1,14,5,28,4,16.666901,6.278600,3.781100,20.316099,1,42067,42067,0,0,closed,1790
31.667558,1,14,5,28,4,16.666698,2.344300,2.944100,12.285000,1,42067,42067,0,0,closed,1791
31.684227,1,14,5,28,4,16.666800,2.054000,3.132200,16.719801,1,42067,42067,0,0,closed,1792
31.707716,1,14,5,25,4,16.917099,1.878600,5.198200,16.634899,1,38097,38097,0,0,closed,1793
31.717994,1,14,5,25,4,16.667101,9.500600,5.085800,24.653799,1,38097,38097,0,0,closed,1794
31.734539,1,14,5,25,4,16.666698,2.608700,4.197900,9.951300,1,38097,38097,0,0,closed,1795
31.751180,1,14,5,25,4,16.666901,3.408600,3.149000,15.807500,1,38097,38097,0,0,closed,1796
31.767839,1,14,5,25,4,16.666800,1.993500,3.661200,16.612301,1,38097,38097,0,0,closed,1797
31.784443,1,14,5,25,4,16.666698,2.231300,3.523900,16.861200,1,38097,38097,0,0,closed,1798
31.804695,1,14,5,24,4,16.666800,2.303300,3.435500,16.371700,1,38211,38211,0,0,closed,1799
31.817842,1,14,5,24,4,16.666702,6.430600,3.611300,20.941799,1,38211,38211,0,0,closed,1800
31.834458,1,14,5,24,4,16.666800,2.285400,2.900300,12.438600,1,38211,38211,0,0,closed,1801
31.851208,1,14,5,24,4,16.666901,1.886300,3.292400,16.911301,1,38211,38211,0,0,closed,1802
31.867766,1,14,5,24,4,16.666800,2.177900,3.541600,16.616501,1,38211,38211,0,0,closed,1803
31.884503,1,14,5,24,4,16.666800,2.033000,2.957200,16.385000,1,38211,38211,0,0,closed,1804
31.905169,1,14,5,23,3,16.666800,2.088400,3.606200,16.756701,1,38910,38910,0,0,closed,1805
31.917827,1,14,4,23,3,16.666901,6.370200,3.658700,21.249001,1,38910,38910,0,0,closed,1806
31.934434,1,14,4,23,3,16.666800,1.975000,3.934700,12.079100,1,38910,38910,0,0,closed,1807
31.951163,1,14,4,23,3,16.666698,1.921700,3.151500,16.726101,1,38910,38910,0,0,closed,1808
31.967788,1,14,4,23,3,16.666800,2.016900,2.934200,16.937901,1,38910,38910,0,0,closed,1809
31.984536,1,14,4,23,3,16.667002,1.874700,3.897100,16.300100,1,38910,38910,0,0,closed,1810
32.004660,1,14,4,20,3,16.666800,2.376300,4.325200,16.759800,1,37218,37218,0,0,closed,1811
32.017795,1,14,4,20,3,16.666698,5.751100,3.553900,20.266001,1,37218,37218,0,0,closed,1812
32.034444,1,14,4,20,3,16.666800,2.049400,2.959800,13.021200,1,37218,37218,0,0,closed,1813
32.051098,1,14,4,20,3,16.666800,2.219300,2.889200,16.559099,1,37218,37218,0,0,closed,1814
32.067799,1,14,4,20,3,16.666901,1.702100,2.949900,16.679899,1,37218,37218,0,0,closed,1815
32.084435,1,14,4,20,3,16.666901,1.658300,2.693200,16.670700,1,37218,37218,0,0,closed,1816
32.104687,1,14,4,19,3,16.666800,1.709900,3.210200,16.613400,1,36726,36726,0,0,closed,1817
32.117834,1,14,4,19,3,16.666901,5.593100,2.972900,20.382700,1,36726,36726,0,0,closed,1818
32.134493,1,14,4,19,3,16.666698,2.123800,3.589200,13.195300,1,36726,36726,0,0,closed,1819
32.151088,1,14,4,19,3,16.666901,4.969600,3.991300,19.380199,1,36726,36726,0,0,closed,1820
32.167745,1,14,4,19,3,16.666901,1.819500,2.739800,13.828100,1,36726,36726,0,0,closed,1821
32.184431,1,14,4,19,3,16.666800,1.881200,3.031900,16.505899,1,36726,36726,0,0,closed,1822
32.205197,1,14,4,17,1,16.666901,1.678400,3.871800,16.742399,1,36358,36358,0,0,closed,1823
32.217741,1,14,4,17,1,16.666698,6.106000,3.662200,21.118900,1,36358,36358,0,0,closed,1824
32.234484,1,14,4,17,1,16.667702,2.229800,3.053800,12.208200,1,36358,36358,0,0,closed,1825
32.251122,1,14,4,17,1,16.666901,1.844300,2.724200,16.550900,1,36358,36358,0,0,closed,1826
32.267784,1,14,4,17,1,16.666897,1.697200,2.970500,16.866301,1,36358,36358,0,0,closed,1827
32.284410,1,14,4,17,1,16.666901,1.899300,2.987000,16.562099,1,36358,36358,0,0,closed,1828
32.304504,1,14,4,17,1,16.666800,1.773500,3.163500,16.665600,1,36564,36564,0,0,closed,1829
32.317762,1,14,4,17,1,16.666800,5.408600,2.542600,20.268101,1,36564,36564,0,0,closed,1830
32.334429,1,14,4,17,1,16.666702,1.809000,3.419600,13.066200,1,36564,36564,0,0,closed,1831
32.351165,1,14,4,17,1,16.666698,1.648700,2.808400,16.644100,1,36564,36564,0,0,closed,1832
32.367783,1,14,4,17,1,16.666800,2.323400,3.543100,16.965599,1,36564,36564,0,0,closed,1833
32.384438,1,14,4,17,1,16.666800,1.927300,3.122800,16.398399,1,36564,36564,0,0,closed,1834
32.404589,1,14,4,17,1,16.666901,1.770000,3.457400,16.639999,1,36053,36053,0,0,closed,1835
32.417805,1,14,4,17,1,16.666901,5.511500,3.331400,20.282400,1,36053,36053,0,0,closed,1836
32.434468,1,14,4,17,1,16.666800,1.830400,2.835100,13.168600,1,36053,36053,0,0,closed,1837
32.451134,1,14,4,17,1,16.666800,2.075000,3.456400,16.563200,1,36053,36053,0,0,closed,1838
32.467763,1,14,4,17,1,16.666901,1.741600,3.074900,16.718800,1,36053,36053,0,0,closed,1839
32.484441,1,14,4,17,1,16.666901,1.835600,3.085400,16.767000,1,36053,36053,0,0,closed,1840
32.504611,1,14,4,16,1,16.666800,1.760100,2.963900,16.675900,1,36743,36743,0,0,closed,1841
32.517792,1,14,4,16,1,16.666698,5.413400,3.123700,20.141001,1,36743,36743,0,0,closed,1842
32.534419,1,14,4,16,1,16.667002,1.637700,2.972800,13.041700,1,36743,36743,0,0,closed,1843
32.551188,1,14,4,16,1,16.666698,1.782000,2.968300,16.646099,1,36743,36743,0,0,closed,1844
32.567778,1,14,4,16,1,16.666698,2.078700,3.295700,16.947201,1,36743,36743,0,0,closed,1845
32.584433,1,14,4,16,1,16.666698,2.017800,3.506800,16.442400,1,36743,36743,0,0,closed,1846
32.601076,1,14,4,16,1,16.666702,1.883400,2.813400,16.577499,1,36743,36743,0,0,closed,1847
32.617764,1,14,4,16,1,16.666800,1.834600,2.694100,16.688200,1,36743,36743,0,0,closed,1848
32.634418,1,14,4,16,1,16.666901,2.304900,2.751100,17.124300,1,36743,36743,0,0,closed,1849
32.651088,1,14,4,16,1,16.666897,1.733200,2.829900,16.151600,1,36743,36743,0,0,closed,1850
32.667763,1,14,4,16,1,16.666901,4.734500,3.295700,19.596201,1,36743,36743,0,0,closed,1851
32.684427,1,14,4,16,1,16.666901,1.719700,2.743000,13.755400,1,36743,36743,0,0,closed,1852
32.701109,1,14,4,16,1,16.666901,1.871700,2.813200,16.644100,1,36743,36743,0,0,closed,1853
32.719564,1,14,4,16,1,16.666901,1.785900,3.386100,16.801800,1,36743,36743,0,0,closed,1854
32.734492,1,14,4,16,1,16.666698,3.569700,4.149600,18.373699,1,36743,36743,0,0,closed,1855
32.752253,0,15,4,0,0,16.666901,1.987100,2.753600,14.960600,1,8203,8203,1,0,closed,1856
32.803904,0,15,6,0,0,52.825600,52.120998,2.753600,14.960600,1,8203,8203,1,0,closed,1857
32.820539,0,15,6,0,0,16.666800,4.302200,11.681200,14.007300,1,8203,8203,1,0,closed,1858
32.837179,0,15,6,0,0,16.666901,2.246000,2.780200,6.517700,1,8203,8203,1,0,closed,1859
32.853870,0,15,6,0,0,16.666800,1.935900,2.667700,15.108100,1,8203,8203,1,0,closed,1860
32.870560,0,15,6,0,0,16.666901,2.024400,3.239200,16.787500,1,8203,8203,1,0,closed,1861
32.887185,0,15,6,0,0,16.666698,2.052300,2.665900,16.569300,1,8203,8203,1,0,closed,1862
32.903861,0,15,6,0,0,16.666901,1.624000,2.652000,16.633900,1,8203,8203,1,0,closed,1863
32.920516,0,15,6,0,0,16.666901,1.951800,2.814000,16.685101,1,8203,8203,1,0,closed,1864
32.937221,0,15,6,0,0,16.666698,1.766200,2.780700,16.664499,1,8203,8203,1,0,closed,1865
32.953848,0,15,6,0,0,16.666901,2.015800,2.925300,16.717899,1,8203,8203,1,0,closed,1866
32.970532,0,15,6,0,0,16.666698,1.770800,3.401200,16.602100,1,8203,8203,1,0,closed,1867
32.987187,0,15,6,0,0,16.666901,1.963900,3.302200,16.749500,1,8203,8203,1,0,closed,1868
33.010499,1,15,6,80,8,16.666901,3.985900,3.073000,18.691099,1,67216,67216,1,8,closed,1869
33.071125,1,15,10,80,8,67.028595,67.352798,3.073000,18.691099,1,67216,67216,1,8,closed,1870
33.087675,1,15,10,80,8,16.667002,2.355200,2.704900,10.444800,1,67216,67216,1,8,closed,1871
33.110482,1,15,10,80,8,16.666800,1.992400,2.874700,8.453100,1,75159,75159,1,8,closed,1872
33.121029,1,15,10,80,8,16.667002,8.210400,3.056900,23.056400,1,75159,75159,1,8,closed,1873
33.137656,1,15,10,80,8,16.666901,1.994000,2.900600,10.174400,1,75159,75159,1,8,closed,1874
33.154316,1,15,10,80,8,16.666897,1.672800,2.894600,16.715799,1,75159,75159,1,8,closed,1875
33.171109,1,15,10,80,8,16.667002,6.546800,3.173300,21.299200,1,75159,75159,1,8,closed,1876
33.187673,1,15,10,80,8,16.666800,2.338900,2.643500,12.134400,1,75159,75159,1,8,closed,1877
33.210804,1,15,10,75,8,16.666800,1.767600,3.063300,16.521200,1,77754,77754,1,8,closed,1878
33.221162,1,15,9,75,8,16.666800,9.861700,3.483300,24.453199,1,77754,77754,1,8,closed,1879
33.237831,1,15,9,75,8,16.667101,2.357400,4.482300,9.994200,1,77754,77754,1,8,closed,1880
33.254370,1,15,9,75,8,16.666698,2.349800,4.231300,15.976400,1,77754,77754,1,8,closed,1881
33.271105,1,15,9,75,8,16.667002,2.080800,3.009700,16.351299,1,77754,77754,1,8,closed,1882
33.287721,1,15,9,75,8,16.666800,2.297700,4.293200,16.776199,1,77754,77754,1,8,closed,1883
33.310333,1,15,9,69,8,16.667002,2.113200,3.184400,16.558001,1,70505,70505,1,8,closed,1884
33.321081,1,15,8,69,8,16.666800,8.254300,3.331800,23.393299,1,70505,70505,1,8,closed,1885
33.458292,1,15,8,63,8,129.178299,2.267000,0.319400,10.524700,1,66263,66263,1,8,closed,1886
33.466854,1,15,8,63,8,16.666698,115.450500,4.106100,138.089493,1,66263,66263,1,8,closed,1887
33.483532,1,15,8,63,8,16.666698,2.087800,3.076200,8.157200,1,66263,66263,1,8,closed,1888
33.500231,1,15,8,63,8,16.666698,1.856200,2.894000,15.631300,1,66263,66263,1,8,closed,1889
33.516900,1,15,8,63,8,16.666800,1.737400,3.019300,16.656401,1,66263,66263,1,8,closed,1890
33.533561,1,15,8,63,8,16.666800,1.965000,3.495200,16.873501,1,66263,66263,1,8,closed,1891
33.556796,1,15,8,55,8,16.666901,1.891200,3.157600,16.444401,1,62265,62265,1,8,closed,1892
33.566908,1,15,6,55,8,16.666901,9.364800,3.521400,24.439800,1,62265,62265,1,8,closed,1893
33.583519,1,15,6,55,8,16.666800,2.382700,2.978800,8.873000,1,62265,62265,1,8,closed,1894
33.600218,1,15,6,55,8,16.666901,1.722200,2.955700,16.667700,1,62265,62265,1,8,closed,1895
33.616882,1,15,6,55,8,16.666800,2.034900,3.063100,16.675800,1,62265,62265,1,8,closed,1896
33.633538,1,15,6,55,8,16.666698,1.786100,3.150300,16.718800,1,62265,62265,1,8,closed,1897
33.655355,1,15,6,50,6,16.666901,2.298700,3.365000,17.076300,1,60375,60375,1,6,closed,1898
33.666881,1,15,6,50,6,16.666702,10.853200,3.454000,25.534401,1,60375,60375,1,6,closed,1899
33.683457,1,15,6,50,6,16.666698,2.176100,2.877500,7.987200,1,60375,60375,1,6,closed,1900
33.700133,1,15,6,50,6,16.666698,1.867800,3.090900,15.977500,1,60375,60375,1,6,closed,1901
33.716835,1,15,6,50,6,16.666800,1.886300,2.754100,16.641001,1,60375,60375,1,6,closed,1902
33.733553,1,15,6,50,6,16.666698,2.039000,2.694500,16.712700,1,60375,60375,1,6,closed,1903
33.755382,1,15,6,44,4,16.666698,1.788800,4.309000,16.776199,1,59575,59575,1,4,closed,1904
33.766903,1,15,5,44,4,16.666702,7.732700,3.233700,22.474800,1,59575,59575,1,4,closed,1905
33.783516,1,15,5,44,4,16.666901,2.332700,3.867500,10.969100,1,59575,59575,1,4,closed,1906
33.800146,1,15,5,44,4,16.666698,2.055400,2.784200,16.449499,1,59575,59575,1,4,closed,1907
33.816830,1,15,5,44,4,16.666800,1.878900,2.906500,16.726000,1,59575,59575,1,4,closed,1908
33.833476,1,15,5,44,4,16.666698,1.762700,2.979900,16.604200,1,59575,59575,1,4,closed,1909
33.855451,1,15,5,42,2,16.666901,1.819600,3.007800,16.642000,1,59014,59014,1,2,closed,1910
33.866859,1,15,4,42,2,16.666901,7.475700,3.313600,22.592501,1,59014,59014,1,2,closed,1911
33.883451,1,15,4,42,2,16.666698,1.988500,3.130700,10.960900,1,59014,59014,1,2,closed,1912
33.900122,1,15,4,42,2,16.666800,1.844900,3.208400,16.424999,1,59014,59014,1,2,closed,1913
33.916826,1,15,4,42,2,16.666800,1.923400,2.925200,16.625700,1,59014,59014,1,2,closed,1914
33.933496,1,15,4,42,2,16.666800,1.726900,2.719100,16.683001,1,59014,59014,1,2,closed,1915
33.950132,1,15,4,42,2,16.666698,1.786400,3.076500,16.667601,1,59014,59014,1,2,closed,1916
33.966793,1,15,4,42,2,16.666803,1.606500,3.253200,16.631800,1,59014,59014,1,2,closed,1917
33.983504,1,15,4,42,2,16.666800,1.709300,3.205500,16.791599,1,59014,59014,1,2,closed,1918
34.000165,1,15,4,42,2,16.666901,1.996500,2.937900,16.633801,1,59014,59014,1,2,closed,1919
34.016805,1,15,4,42,2,16.666800,1.762800,3.171800,16.702499,1,59014,59014,1,2,closed,1920
34.033462,1,15,4,42,2,16.666698,1.995400,2.864700,16.625700,1,59014,59014,1,2,closed,1921
34.050163,1,15,4,42,2,16.666698,1.781800,2.841200,16.676800,1,59014,59014,1,2,closed,1922
34.066793,1,15,4,42,2,16.666901,1.816400,2.922200,16.599100,1,59014,59014,1,2,closed,1923
34.083492,1,15,4,42,2,16.666698,1.765100,3.205400,16.747499,1,59014,59014,1,2,closed,1924
34.105913,2,15,4,40,0,16.666800,1.913100,2.920600,16.712700,1,59909,59909,1,0,closed,1925
34.170230,2,15,4,40,0,67.867203,67.186302,3.859500,16.712700,1,59909,59909,1,0,closed,1926
34.184648,2,15,4,40,0,16.666901,9.182100,3.623200,9.101300,1,59909,59909,1,0,closed,1927
34.201631,2,15,4,40,0,16.666800,2.214000,2.782500,9.778200,1,59909,59909,1,0,closed,1928
34.218016,2,15,4,40,0,16.666698,2.267300,3.169300,16.975901,1,59909,59909,1,0,closed,1929
34.234856,2,15,4,40,0,16.666901,2.267400,3.168700,16.367599,1,59909,59909,1,0,closed,1930
34.251321,2,15,4,40,0,16.666901,2.126300,3.166800,16.850901,1,59909,59909,1,0,closed,1931
34.268243,2,15,4,40,0,16.666800,2.004000,3.137200,16.503799,1,59909,59909,1,0,closed,1932
34.284662,2,15,4,40,0,16.666800,2.377600,3.256800,16.958500,1,59909,59909,1,0,closed,1933
34.301326,2,15,4,40,0,16.666800,2.266900,3.354800,16.284700,1,59909,59909,1,0,closed,1934
34.318038,2,15,4,40,0,16.666800,1.850400,3.069300,16.713699,1,59909,59909,1,0,closed,1935
34.334678,2,15,4,40,0,16.667101,1.983900,2.709100,16.819201,1,59909,59909,1,0,closed,1936
34.352238,0,16,4,0,0,16.666901,1.916500,2.954700,16.564199,1,8591,8591,0,0,closed,1937
34.410449,0,16,6,0,0,59.184498,59.729900,2.954700,16.564199,1,8591,8591,0,0,closed,1938
34.427154,0,16,6,0,0,16.666698,1.559300,2.798600,9.702400,1,8591,8591,0,0,closed,1939
34.443892,0,16,6,0,0,16.666901,4.332800,3.055600,10.603500,1,8591,8591,0,0,closed,1940
34.460522,0,16,6,0,0,16.666901,2.476200,2.749500,14.994400,1,8591,8591,0,0,closed,1941
34.477142,0,16,6,0,0,16.666901,1.845500,3.038300,16.409599,1,8591,8591,0,0,closed,1942
34.493789,0,16,6,0,0,16.666698,1.828600,3.030400,16.576500,1,8591,8591,0,0,closed,1943
34.510539,0,16,6,0,0,16.666901,1.721600,2.820200,16.627701,1,8591,8591,0,0,closed,1944
34.527123,0,16,6,0,0,16.666698,1.806300,2.856700,16.838699,1,8591,8591,0,0,closed,1945
34.543780,0,16,6,0,0,16.666698,1.807400,2.863200,16.504801,1,8591,8591,0,0,closed,1946
34.560463,0,16,6,0,0,16.666800,1.723600,2.715900,16.709700,1,8591,8591,0,0,closed,1947
34.577197,0,16,6,0,0,16.666702,1.733700,3.024000,16.578501,1,8591,8591,0,0,closed,1948
34.593774,0,16,6,0,0,16.666901,1.705400,2.637100,16.771099,1,8591,8591,0,0,closed,1949
34.611457,0,16,6,0,0,16.666897,1.521200,2.648100,16.601101,1,8591,8591,0,0,closed,1950
34.628051,0,16,6,0,0,16.666800,4.081200,3.171400,19.341299,1,8590,8590,0,0,closed,1951
34.643844,0,16,6,0,0,16.666901,3.613300,3.266700,14.867500,1,8590,8590,0,0,closed,1952
34.660487,0,16,6,0,0,16.667002,1.918900,2.734000,16.478201,1,8590,8590,0,0,closed,1953
34.793963,1,16,6,47,4,128.511612,1.779300,0.332100,16.136200,1,51680,51680,0,0,closed,1954
34.860323,1,16,11,47,4,70.795998,173.059006,0.332100,16.136200,1,51680,51680,0,0,closed,1955
34.996783,1,16,11,41,4,131.978790,3.673800,0.323300,9.115600,1,45234,45234,0,0,closed,1956
35.008496,1,16,9,41,4,16.666800,111.534599,3.380100,130.925598,1,45234,45234,0,0,closed,1957
35.025146,1,16,9,41,4,16.666901,2.243600,3.098800,10.996800,1,45234,45234,0,0,closed,1958
35.041885,1,16,9,41,4,16.666698,1.658700,2.820100,16.658400,1,45234,45234,0,0,closed,1959
35.058536,1,16,9,41,4,16.666901,1.928200,2.711200,16.783400,1,45234,45234,0,0,closed,1960
35.075162,1,16,9,41,4,16.666698,2.031800,2.865300,16.600000,1,45234,45234,0,0,closed,1961
35.097289,1,16,9,39,4,16.666901,1.697700,2.707600,16.628799,1,44197,44197,0,0,closed,1962
35.230886,1,16,9,36,4,134.123810,8.427800,0.289600,23.360500,1,48630,48630,0,0,closed,1963
35.242718,1,16,8,36,4,16.666800,111.924698,3.826500,133.216202,1,48630,48630,0,0,closed,1964
35.259312,1,16,8,36,4,16.666698,2.277300,2.834000,11.006000,1,48630,48630,0,0,closed,1965
35.276002,1,16,8,36,4,16.666800,1.832700,3.069500,16.593901,1,48630,48630,0,0,closed,1966
35.292685,1,16,8,36,4,16.666901,1.785300,2.960900,16.636900,1,48630,48630,0,0,closed,1967
35.309325,1,16,8,36,4,16.666800,1.838600,3.007100,16.716801,1,48630,48630,0,0,closed,1968
35.329939,1,16,8,32,4,16.666901,5.264500,3.509400,20.113400,1,46091,46091,0,0,closed,1969
35.342680,1,16,6,32,4,16.666901,6.834600,3.194500,17.968201,1,46091,46091,0,0,closed,1970
35.359314,1,16,6,32,4,16.666800,2.049600,3.310000,11.892700,1,46091,46091,0,0,closed,1971
35.375970,1,16,6,32,4,16.666800,1.898300,3.785200,16.729099,1,46091,46091,0,0,closed,1972
35.392676,1,16,6,32,4,16.666800,1.768700,4.307000,16.552900,1,46091,46091,0,0,closed,1973
35.409352,1,16,6,32,4,16.666800,2.048200,3.157500,16.878599,1,46091,46091,0,0,closed,1974
35.431337,1,16,6,28,3,16.667002,1.894600,3.239900,16.680000,1,40666,40666,0,0,closed,1975
35.442668,1,16,5,28,3,16.666901,7.753800,2.986500,22.534100,1,40666,40666,0,0,closed,1976
35.459292,1,16,5,28,3,16.666800,2.053900,3.267200,10.660900,1,40666,40666,0,0,closed,1977
35.476011,1,16,5,28,3,16.666901,2.140700,3.186400,16.657400,1,40666,40666,0,0,closed,1978
35.492687,1,16,5,28,3,16.666897,1.837600,2.906300,16.874500,1,40666,40666,0,0,closed,1979
35.509292,1,16,5,28,3,16.666800,1.957900,2.861500,16.534500,1,40666,40666,0,0,closed,1980
35.529618,1,16,5,27,3,16.666702,1.772900,3.058700,16.528400,1,40753,40753,0,0,closed,1981
35.542668,1,16,5,27,3,16.666901,5.611900,3.163000,20.694000,1,40753,40753,0,0,closed,1982
35.559289,1,16,5,27,3,16.666800,2.034200,2.741600,12.704800,1,40753,40753,0,0,closed,1983
35.575982,1,16,5,27,3,16.666901,1.875100,2.997600,16.603100,1,40753,40753,0,0,closed,1984
35.592637,1,16,5,27,3,16.666800,1.922600,2.926200,16.650299,1,40753,40753,0,0,closed,1985
35.609298,1,16,5,27,3,16.666698,1.698100,2.817400,16.690201,1,40753,40753,0,0,closed,1986
35.629910,1,16,5,25,3,16.666698,1.691500,3.232000,16.699301,1,41594,41594,0,0,closed,1987
35.642624,1,16,5,25,3,16.666698,5.889000,3.220500,20.869200,1,41594,41594,0,0,closed,1988
35.659290,1,16,5,25,3,16.666901,2.064300,3.012300,12.678100,1,41594,41594,0,0,closed,1989
35.675983,1,16,5,25,3,16.666901,2.257500,3.255900,16.984100,1,41594,41594,0,0,closed,1990
35.692607,1,16,5,25,3,16.666901,1.844800,3.010100,16.135099,1,41594,41594,0,0,closed,1991
35.709315,1,16,5,25,3,16.666800,1.631400,3.001200,16.620600,1,41594,41594,0,0,closed,1992
35.729734,1,16,5,25,3,16.666800,1.865400,3.097300,16.754700,1,41833,41833,0,0,closed,1993
35.742636,1,16,5,25,3,16.666800,5.843000,3.290500,20.546499,1,41833,41833,0,0,closed,1994
35.759309,1,16,5,25,3,16.666698,1.971000,2.794700,12.793900,1,41833,41833,0,0,closed,1995
35.776137,1,16,5,25,3,16.671803,1.700000,3.261000,16.600100,1,41833,41833,0,0,closed,1996
35.792633,1,16,5,25,3,16.666897,2.305400,3.983400,16.998400,1,41833,41833,0,0,closed,1997
35.809287,1,16,5,25,3,16.666702,2.093300,2.960200,16.257999,1,41833,41833,0,0,closed,1998
35.829475,1,16,5,23,3,16.666698,1.728400,2.861100,16.749599,1,39362,39362,0,0,closed,1999
35.842631,1,16,5,23,3,16.666800,7.792400,3.208100,22.846399,1,39362,39362,0,0,closed,2000
35.859305,1,16,5,23,3,16.666901,2.037400,2.770000,10.398800,1,39362,39362,0,0,closed,2001
35.875984,1,16,5,23,3,16.666800,1.655500,2.883000,16.739300,1,39362,39362,0,0,closed,2002
35.892657,1,16,5,23,3,16.666800,1.988500,2.896700,16.725000,1,39362,39362,0,0,closed,2003
35.909307,1,16,5,23,3,16.667002,2.040100,3.318400,16.607201,1,39362,39362,0,0,closed,2004
35.930052,1,16,5,22,3,16.666800,1.923900,3.882400,16.698400,1,38307,38307,0,0,closed,2005
35.942641,1,16,5,22,3,16.666698,6.019100,3.024800,20.934601,1,38307,38307,0,0,closed,2006
35.959285,1,16,5,22,3,16.666698,1.700400,2.774200,12.502000,1,38307,38307,0,0,closed,2007
35.975987,1,16,5,22,3,16.666800,1.631300,3.124000,16.564301,1,38307,38307,0,0,closed,2008
35.992638,1,16,5,22,3,16.666901,1.922800,3.089400,16.637899,1,38307,38307,0,0,closed,2009
36.009309,1,16,5,22,3,16.666698,1.840500,3.245800,16.646200,1,38307,38307,0,0,closed,2010
36.029549,1,16,5,20,2,16.666901,1.787200,3.047400,16.721901,1,38824,38824,0,0,closed,2011
36.042646,1,16,5,20,2,16.666800,5.518500,3.603300,20.417500,1,38824,38824,0,0,closed,2012
36.059318,1,16,5,20,2,16.666901,1.723200,2.797900,12.862500,1,38824,38824,0,0,closed,2013
36.075945,1,16,5,20,2,16.666698,1.760700,2.617600,16.686100,1,38824,38824,0,0,closed,2014
36.092624,1,16,5,20,2,16.666901,1.973200,2.951800,16.604099,1,38824,38824,0,0,closed,2015
36.109286,1,16,5,20,2,16.666702,1.931100,3.325800,16.624701,1,38824,38824,0,0,closed,2016
36.129605,1,16,5,20,2,16.666897,1.603100,3.173900,16.702400,1,38712,38712,0,0,closed,2017
36.142618,1,16,5,20,2,16.666901,5.502900,3.001700,20.548599,1,38712,38712,0,0,closed,2018
36.159290,1,16,5,20,2,16.666901,1.802900,2.917200,12.759100,1,38712,38712,0,0,closed,2019
36.175963,1,16,5,20,2,16.666901,1.790700,3.359200,16.820200,1,38712,38712,0,0,closed,2020
36.192736,1,16,5,20,2,16.667803,1.798500,2.962200,16.601101,1,38712,38712,0,0,closed,2021
36.209284,1,16,5,20,2,16.666698,2.022200,3.952800,16.934900,1,38712,38712,0,0,closed,2022
36.229487,1,16,5,19,1,16.666800,2.032000,2.976400,16.353300,1,38164,38164,0,0,closed,2023
36.242701,1,16,5,19,1,16.666698,5.504000,2.956600,20.380699,1,38164,38164,0,0,closed,2024
36.259295,1,16,5,19,1,16.666901,2.205600,3.098700,13.160400,1,38164,38164,0,0,closed,2025
36.276006,1,16,5,19,1,16.666901,1.864400,2.911400,16.434200,1,38164,38164,0,0,closed,2026
36.292651,1,16,5,19,1,16.666901,1.819300,2.937200,16.739300,1,38164,38164,0,0,closed,2027
36.309353,1,16,5,19,1,16.666698,2.149600,2.820000,16.657400,1,38164,38164,0,0,closed,2028
36.329443,1,16,5,17,1,16.666800,1.903300,2.996100,16.653299,1,37609,37609,0,0,closed,2029
36.342625,1,16,5,17,1,16.666901,5.321400,3.254400,20.187201,1,37609,37609,0,0,closed,2030
36.359291,1,16,5,17,1,16.666698,4.824600,3.283500,15.823800,1,37609,37609,0,0,closed,2031
36.375992,1,16,5,17,1,16.666698,1.895800,3.983700,13.964300,1,37609,37609,0,0,closed,2032
36.392670,1,16,5,17,1,16.666803,1.721200,3.446500,16.702499,1,37609,37609,0,0,closed,2033
36.409356,1,16,5,17,1,16.666897,2.006300,3.109000,16.649200,1,37609,37609,0,0,closed,2034
36.429697,1,16,5,17,1,16.666901,1.810500,3.425400,16.701401,1,37253,37253,0,0,closed,2035
36.442663,1,16,5,17,1,16.666800,5.699000,3.030000,20.513800,1,37253,37253,0,0,closed,2036
36.459346,1,16,5,17,1,16.667002,1.936200,2.799100,12.902400,1,37253,37253,0,0,closed,2037
36.475964,1,16,5,17,1,16.666800,2.155100,3.723200,16.580601,1,37253,37253,0,0,closed,2038
36.492640,1,16,5,17,1,16.666901,1.692100,3.112300,16.587799,1,37253,37253,0,0,closed,2039
36.509366,1,16,5,17,1,16.666698,1.745300,2.993400,16.693300,1,37253,37253,0,0,closed,2040
36.529671,1,16,5,17,1,16.666702,1.736800,4.073300,16.818100,1,37969,37969,0,0,closed,2041
36.542637,1,16,5,17,1,16.666897,6.402400,3.580900,20.429899,1,37969,37969,0,0,closed,2042
36.559363,1,16,5,17,1,16.666901,2.133000,2.821700,12.682200,1,37969,37969,0,0,closed,2043
36.575994,1,16,5,17,1,16.666800,1.920700,4.273900,16.903200,1,37969,37969,0,0,closed,2044
36.592664,1,16,5,17,1,16.666702,2.172200,3.229300,16.593901,1,37969,37969,0,0,closed,2045
36.609371,1,16,5,17,1,16.666901,2.230600,3.922800,16.594900,1,37969,37969,0,0,closed,2046
36.626094,1,16,5,17,1,16.667097,1.932000,4.483300,16.931900,1,37969,37969,0,0,closed,2047
36.642700,1,16,5,17,1,16.666800,2.482700,3.815900,16.597000,1,37969,37969,0,0,closed,2048
36.659322,1,16,5,17,1,16.666698,2.133100,3.251400,16.529400,1,37969,37969,0,0,closed,2049
36.675968,1,16,5,17,1,16.666901,2.146200,3.880600,17.044500,1,37969,37969,0,0,closed,2050
36.692670,1,16,5,17,1,16.666901,2.045600,3.395200,16.215000,1,37969,37969,0,0,closed,2051
36.709366,1,16,5,17,1,16.666800,1.967500,3.622600,16.822300,1,37969,37969,0,0,closed,2052
36.726022,1,16,5,17,1,16.666698,2.347900,4.792300,16.678900,1,37969,37969,0,0,closed,2053
36.742645,1,16,5,17,1,16.666702,2.519000,3.603600,16.531401,1,37969,37969,0,0,closed,2054
36.759297,1,16,5,17,1,16.666800,2.084600,3.451000,16.662600,1,37969,37969,0,0,closed,2055
36.779577,2,16,5,17,0,16.666901,1.808900,4.510100,16.652300,1,35724,35724,0,0,closed,2056
36.852294,2,16,5,17,0,72.779999,72.118103,4.510100,16.652300,1,35724,35724,0,0,closed,2057
36.866020,2,16,5,17,0,16.667002,10.245100,4.794200,12.221500,1,35724,35724,0,0,closed,2058
36.882106,2,16,5,17,0,16.673901,2.987600,4.376900,7.426000,1,35724,35724,0,0,closed,2059
36.899195,2,16,5,17,0,16.666901,2.376200,3.658900,16.241699,1,35724,35724,0,0,closed,2060
36.915462,2,16,5,17,0,16.666901,2.596900,3.712700,17.099800,1,35724,35724,0,0,closed,2061
36.932483,2,16,5,17,0,16.666698,2.240100,3.539800,16.338900,1,35724,35724,0,0,closed,2062
36.948878,2,16,5,17,0,16.666698,2.537100,3.668200,16.881701,1,35724,35724,0,0,closed,2063
36.965803,2,16,5,17,0,16.666800,2.336400,4.460600,16.519199,1,35724,35724,0,0,closed,2064
36.982120,2,16,5,17,0,16.666901,2.805900,3.387400,16.820200,1,35724,35724,0,0,closed,2065
36.999050,2,16,5,17,0,16.666800,2.340600,2.964900,16.356300,1,35724,35724,0,0,closed,2066
37.015405,2,16,5,17,0,16.666800,2.367400,2.895700,16.885799,1,35724,35724,0,0,closed,2067
37.033200,0,17,5,0,0,16.666901,1.870000,3.224800,16.386000,1,7215,7215,0,0,closed,2068
37.099063,0,17,6,0,0,66.738297,66.777397,3.224800,16.386000,1,7215,7215,0,0,closed,2069
37.115473,0,17,6,0,0,16.666698,2.082800,2.998700,9.295900,1,7215,7215,0,0,closed,2070
37.132199,0,17,6,0,0,16.666800,1.753900,3.239200,9.146400,1,7215,7215,0,0,closed,2071
37.148821,0,17,6,0,0,16.666800,1.683700,2.851000,16.907200,1,7215,7215,0,0,closed,2072
37.165428,0,17,6,0,0,16.666800,1.791300,3.702700,16.598000,1,7215,7215,0,0,closed,2073
37.182075,0,17,6,0,0,16.666901,1.935500,2.721200,16.487499,1,7215,7215,0,0,closed,2074
37.198827,0,17,6,0,0,16.666702,1.566100,2.752700,16.560101,1,7215,7215,0,0,closed,2075
37.215449,0,17,6,0,0,16.666800,1.609000,2.981400,16.906200,1,7215,7215,0,0,closed,2076
37.236430,1,17,6,48,4,16.666800,3.335900,3.344900,18.184200,1,39717,39717,0,0,closed,2077
37.303651,1,17,12,48,4,71.294205,70.644501,3.344900,18.184200,1,39717,39717,0,0,closed,2078
37.320184,1,17,12,48,4,16.666800,2.861700,3.242700,10.289200,1,39717,39717,0,0,closed,2079
37.340525,1,17,12,48,4,16.666800,2.295400,3.252500,8.884200,1,47281,47281,0,0,closed,2080
37.353484,1,17,12,48,4,16.666800,6.475900,3.904300,21.399599,1,47281,47281,0,0,closed,2081
37.370200,1,17,12,48,4,16.666698,5.195900,3.129500,14.934000,1,47281,47281,0,0,closed,2082
37.386806,1,17,12,48,4,16.666901,1.857800,2.922400,13.638600,1,47281,47281,0,0,closed,2083
37.403499,1,17,12,48,4,16.666901,1.915900,2.801800,16.628799,1,47281,47281,0,0,closed,2084
37.420247,1,17,12,48,4,16.666698,2.265600,3.222000,16.669701,1,47281,47281,0,0,closed,2085
37.441657,1,17,12,45,4,16.666800,2.174500,3.349700,16.891899,1,52425,52425,0,0,closed,2086
37.453549,1,17,11,45,4,16.666800,8.188900,4.100800,23.176201,1,52425,52425,0,0,closed,2087
37.591440,1,17,11,41,4,132.199799,2.871400,0.332600,10.725300,1,45271,45271,0,0,closed,2088
37.725276,1,17,10,36,4,134.455902,112.545998,0.343400,138.119202,1,42238,42238,0,0,closed,2089
37.736825,1,17,9,36,4,16.666800,114.425102,3.698100,134.217697,1,42238,42238,0,0,closed,2090
37.753468,1,17,9,36,4,16.666901,2.559500,3.051800,10.226700,1,42238,42238,0,0,closed,2091
37.770129,1,17,9,36,4,16.666800,1.919800,2.960000,16.761900,1,42238,42238,0,0,closed,2092
37.786835,1,17,9,36,4,16.666698,1.719400,2.918100,16.523300,1,42238,42238,0,0,closed,2093
37.803547,1,17,9,36,4,16.666800,1.902200,3.028600,16.881599,1,42238,42238,0,0,closed,2094
37.824198,1,17,9,33,4,16.666698,2.072300,3.136600,16.621599,1,43369,43369,0,0,closed,2095
37.836852,1,17,8,33,4,16.667002,6.879600,3.597500,21.641199,1,43369,43369,0,0,closed,2096
37.853469,1,17,8,33,4,16.666800,2.241500,2.743100,11.676700,1,43369,43369,0,0,closed,2097
37.870109,1,17,8,33,4,16.666901,1.992500,2.998900,16.637899,1,43369,43369,0,0,closed,2098
37.886817,1,17,8,33,4,16.666901,4.978400,2.996500,19.840000,1,43369,43369,0,0,closed,2099
37.903600,1,17,8,33,4,16.667898,1.864000,3.119100,13.392900,1,43369,43369,0,0,closed,2100
37.923619,1,17,8,28,3,16.666698,2.408300,2.822200,16.897100,1,40751,40751,0,0,closed,2101
37.936792,1,17,5,28,3,16.666702,5.824100,3.250200,20.608999,1,40751,40751,0,0,closed,2102
37.953453,1,17,5,28,3,16.666800,2.273600,3.208400,12.422100,1,40751,40751,0,0,closed,2103
37.970147,1,17,5,28,3,16.666901,1.974700,3.132300,16.812099,1,40751,40751,0,0,closed,2104
37.986830,1,17,5,28,3,16.666698,1.785900,3.117100,16.641001,1,40751,40751,0,0,closed,2105
38.003478,1,17,5,28,3,16.666800,1.821100,3.438500,16.663500,1,40751,40751,0,0,closed,2106
38.024321,1,17,5,26,3,16.666901,1.989300,2.877400,16.597000,1,39263,39263,0,0,closed,2107
38.036816,1,17,5,26,3,16.666901,6.147600,3.767100,21.236799,1,39263,39263,0,0,closed,2108
38.053483,1,17,5,26,3,16.667097,1.985300,2.905100,12.111800,1,39263,39263,0,0,closed,2109
38.070126,1,17,5,26,3,16.666901,1.885700,2.987500,16.975901,1,39263,39263,0,0,closed,2110
38.086784,1,17,5,26,3,16.666698,1.729000,3.138600,16.341000,1,39263,39263,0,0,closed,2111
38.103472,1,17,5,26,3,16.666800,1.698000,3.402400,16.649200,1,39263,39263,0,0,closed,2112
38.123930,1,17,5,26,3,16.666901,1.706800,3.334200,16.693300,1,37991,37991,0,0,closed,2113
38.136840,1,17,5,26,3,16.666901,5.650600,3.155300,20.678600,1,37991,37991,0,0,closed,2114
38.153468,1,17,5,26,3,16.666800,1.950100,3.167200,12.802100,1,37991,37991,0,0,closed,2115
38.170121,1,17,5,26,3,16.666901,1.810000,2.711700,16.496599,1,37991,37991,0,0,closed,2116
38.186804,1,17,5,26,3,16.666698,1.673200,3.122600,16.681000,1,37991,37991,0,0,closed,2117
38.203508,1,17,5,26,3,16.666702,1.715100,2.865600,16.673800,1,37991,37991,0,0,closed,2118
38.223845,1,17,5,24,3,16.666897,1.798300,3.403900,16.733200,1,39832,39832,0,0,closed,2119
38.236811,1,17,5,24,3,16.666803,5.715000,2.891100,20.578300,1,39832,39832,0,0,closed,2120
38.253435,1,17,5,24,3,16.666897,1.854800,2.856400,12.755900,1,39832,39832,0,0,closed,2121
38.270098,1,17,5,24,3,16.666901,1.676000,3.055200,16.604200,1,39832,39832,0,0,closed,2122
38.286772,1,17,5,24,3,16.666800,1.775400,2.919500,16.564199,1,39832,39832,0,0,closed,2123
38.303452,1,17,5,24,3,16.666901,1.660700,2.984200,16.743401,1,39832,39832,0,0,closed,2124
38.323798,1,17,5,23,3,16.666698,1.676800,2.929800,16.675900,1,40289,40289,0,0,closed,2125
38.336782,1,17,5,23,3,16.666803,5.740600,2.918400,20.454399,1,40289,40289,0,0,closed,2126
38.353446,1,17,5,23,3,16.666698,2.293700,2.647700,12.837900,1,40289,40289,0,0,closed,2127
38.370115,1,17,5,23,3,16.666800,1.605300,2.932400,16.615400,1,40289,40289,0,0,closed,2128
38.386951,1,17,5,23,3,16.666698,4.731300,3.711200,19.971100,1,40289,40289,0,0,closed,2129
38.403452,1,17,5,23,3,16.666901,2.139400,3.410700,13.753300,1,40289,40289,0,0,closed,2130
38.423606,1,17,5,22,2,16.666698,1.894900,3.215100,16.403500,1,38356,38356,0,0,closed,2131
38.436810,1,17,5,22,2,16.666901,5.571400,2.882200,20.233200,1,38356,38356,0,0,closed,2132
38.453435,1,17,5,22,2,16.666901,2.014100,2.639000,13.017100,1,38356,38356,0,0,closed,2133
38.470109,1,17,5,22,2,16.666800,1.640700,2.913200,16.657400,1,38356,38356,0,0,closed,2134
38.486753,1,17,5,22,2,16.666698,1.889200,2.753500,16.654301,1,38356,38356,0,0,closed,2135
38.503450,1,17,5,22,2,16.666698,1.913900,2.805100,16.642099,1,38356,38356,0,0,closed,2136
38.523695,1,17,5,20,2,16.666901,1.760900,2.711400,16.688101,1,38651,38651,0,0,closed,2137
38.536766,1,17,5,20,2,16.666901,5.369400,3.152300,20.427799,1,38651,38651,0,0,closed,2138
38.553441,1,17,5,20,2,16.666901,1.773800,2.688900,12.917700,1,38651,38651,0,0,closed,2139
38.570134,1,17,5,20,2,16.666901,1.994300,2.866000,16.693300,1,38651,38651,0,0,closed,2140
38.586818,1,17,5,20,2,16.666901,1.942500,2.823200,16.664499,1,38651,38651,0,0,closed,2141
38.603452,1,17,5,20,2,16.666800,1.953100,3.043300,16.663601,1,38651,38651,0,0,closed,2142
38.623770,1,17,5,18,1,16.666698,1.702200,3.081900,16.671700,1,36760,36760,0,0,closed,2143
38.636851,1,17,5,18,1,16.666698,5.806300,3.065200,20.504601,1,36760,36760,0,0,closed,2144
38.653459,1,17,5,18,1,16.666800,1.928600,2.877100,12.994600,1,36760,36760,0,0,closed,2145
38.670126,1,17,5,18,1,16.666901,1.725300,2.845700,16.508900,1,36760,36760,0,0,closed,2146
38.686781,1,17,5,18,1,16.666901,1.796000,3.189000,16.665600,1,36760,36760,0,0,closed,2147
38.703454,1,17,5,18,1,16.666800,2.040200,2.942100,16.655399,1,36760,36760,0,0,closed,2148
38.723638,1,17,5,17,1,16.666702,1.854200,2.915900,16.666599,1,37460,37460,0,0,closed,2149
38.736931,1,17,5,17,1,16.666698,5.485400,3.066500,20.281300,1,37460,37460,0,0,closed,2150
38.753538,1,17,5,17,1,16.666800,2.377700,4.147800,13.804600,1,37460,37460,0,0,closed,2151
38.770152,1,17,5,17,1,16.666800,2.199900,3.047700,15.980500,1,37460,37460,0,0,closed,2152
38.786761,1,17,5,17,1,16.666800,1.844200,3.400100,16.674801,1,37460,37460,0,0,closed,2153
38.803438,1,17,5,17,1,16.666901,2.024700,2.908600,16.454700,1,37460,37460,0,0,closed,2154
38.823556,1,17,5,17,1,16.666901,1.573000,2.741500,16.742399,1,36430,36430,0,0,closed,2155
38.836821,1,17,5,17,1,16.666901,5.298700,3.226300,20.261900,1,36430,36430,0,0,closed,2156
38.853450,1,17,5,17,1,16.666800,2.216900,3.036500,13.210600,1,36430,36430,0,0,closed,2157
38.870112,1,17,5,17,1,16.666800,1.871800,3.059400,16.511999,1,36430,36430,0,0,closed,2158
38.886852,1,17,5,17,1,16.666800,1.619700,2.941500,16.641001,1,36430,36430,0,0,closed,2159
38.903476,1,17,5,17,1,16.666901,5.021600,4.408700,19.812401,1,36430,36430,0,0,closed,2160
38.923733,1,17,5,17,1,16.666901,1.713000,2.647500,13.576200,1,37758,37758,0,0,closed,2161
38.936855,1,17,5,17,1,16.666698,5.386800,3.683900,20.478901,1,37758,37758,0,0,closed,2162
38.953437,1,17,5,17,1,16.666800,1.938300,2.637500,12.985400,1,37758,37758,0,0,closed,2163
38.970112,1,17,5,17,1,16.666800,1.740800,2.729300,16.528400,1,37758,37758,0,0,closed,2164
38.986788,1,17,5,17,1,16.666901,1.649500,2.862200,16.696301,1,37758,37758,0,0,closed,2165
39.003445,1,17,5,17,1,16.666800,1.819500,2.883100,16.602100,1,37758,37758,0,0,closed,2166
39.023639,1,17,5,17,1,16.666901,1.584400,3.069400,16.688101,1,37287,37287,0,0,closed,2167
39.036818,1,17,5,17,1,16.666698,5.577200,3.052600,20.401199,1,37287,37287,0,0,closed,2168
39.053465,1,17,5,17,1,16.666901,2.265700,2.825100,13.026300,1,37287,37287,0,0,closed,2169
39.070134,1,17,5,17,1,16.666901,1.832900,3.001400,16.572399,1,37287,37287,0,0,closed,2170
39.086804,1,17,5,17,1,16.666698,1.655000,3.467400,16.714800,1,37287,37287,0,0,closed,2171
39.103521,1,17,5,17,1,16.666800,1.734100,3.852400,16.612301,1,37287,37287,0,0,closed,2172
39.123721,1,17,5,17,1,16.667500,1.864200,2.905400,16.828400,1,37272,37272,0,0,closed,2173
39.136843,1,17,5,17,1,16.666800,5.549300,2.793900,20.334600,1,37272,37272,0,0,closed,2174
39.153461,1,17,5,17,1,16.666698,1.955100,3.117200,13.074400,1,37272,37272,0,0,closed,2175
39.170138,1,17,5,17,1,16.666800,2.181000,2.839500,16.489500,1,37272,37272,0,0,closed,2176
39.186784,1,17,5,17,1,16.666800,1.917600,3.165600,16.754700,1,37272,37272,0,0,closed,2177
39.203463,1,17,5,17,1,16.666803,2.082800,2.985600,16.530399,1,37272,37272,0,0,closed,2178
39.220155,1,17,5,17,1,16.666897,1.955200,3.008700,16.798800,1,37272,37272,0,0,closed,2179
39.236812,1,17,5,17,1,16.666702,1.751500,2.840100,16.537600,1,37272,37272,0,0,closed,2180
39.253449,1,17,5,17,1,16.666901,1.654100,2.764100,16.722900,1,37272,37272,0,0,closed,2181
39.270122,1,17,5,17,1,16.666800,1.724600,2.854000,16.573400,1,37272,37272,0,0,closed,2182
39.286784,1,17,5,17,1,16.666901,1.535500,2.742300,16.684099,1,37272,37272,0,0,closed,2183
39.303477,1,17,5,17,1,16.666698,1.877000,2.774500,16.634899,1,37272,37272,0,0,closed,2184
39.320127,1,17,5,17,1,16.666800,1.735500,2.919500,16.891899,1,37272,37272,0,0,closed,2185
39.336764,1,17,5,17,1,16.666698,2.232900,3.232000,16.476101,1,37272,37272,0,0,closed,2186
39.353485,1,17,5,17,1,16.666901,1.902300,2.889000,16.590900,1,37272,37272,0,0,closed,2187
39.375756,2,17,5,17,0,16.666901,1.825900,3.621500,16.795601,1,36934,36934,0,0,closed,2188
39.455930,2,17,5,17,0,81.778305,80.928902,5.230800,95.917099,1,36934,36934,0,0,closed,2189
39.468607,2,17,5,17,0,16.666800,10.081500,4.235400,10.002400,1,36934,36934,0,0,closed,2190
39.488508,1,18,5,36,3,16.666901,2.456300,2.988200,9.166900,1,35210,35210,0,0,closed,2191
39.563155,1,18,12,36,3,77.803703,77.601097,2.988200,9.166900,1,35210,35210,0,0,closed,2192
39.579797,1,18,12,36,3,16.666901,2.664000,3.357300,10.986500,1,35210,35210,0,0,closed,2193
39.599577,1,18,12,36,3,16.666897,2.661900,3.508000,8.214500,1,39398,39398,0,0,closed,2194
39.613059,1,18,12,36,3,16.666901,6.405400,3.994900,21.158899,1,39398,39398,0,0,closed,2195
39.629740,1,18,12,36,3,16.666901,1.998700,3.233600,12.086300,1,39398,39398,0,0,closed,2196
39.646361,1,18,12,36,3,16.666800,1.830800,3.721000,16.684999,1,39398,39398,0,0,closed,2197
39.663088,1,18,12,36,3,16.666901,1.752200,3.349800,16.618500,1,39398,39398,0,0,closed,2198
39.679732,1,18,12,36,3,16.666901,1.843500,3.173900,16.804899,1,39398,39398,0,0,closed,2199
39.699818,1,18,12,34,3,16.666800,1.979100,3.580000,16.665600,1,40074,40074,0,0,closed,2200
39.713136,1,18,12,34,3,16.666698,6.746100,4.769400,20.992001,1,40074,40074,0,0,closed,2201
39.729778,1,18,12,34,3,16.666702,2.469700,3.680200,12.256200,1,40074,40074,0,0,closed,2202
39.746371,1,18,12,34,3,16.666800,1.842300,3.753400,16.734301,1,40074,40074,0,0,closed,2203
39.763051,1,18,12,34,3,16.666901,2.247700,3.519800,17.082300,1,40074,40074,0,0,closed,2204
39.779889,1,18,12,34,3,16.666698,1.886000,4.037500,16.141300,1,40074,40074,0,0,closed,2205
39.799843,1,18,12,30,3,16.666800,2.354600,4.801700,16.979000,1,34945,34945,0,0,closed,2206
39.936085,1,18,10,30,3,136.243195,6.537600,0.335100,21.135300,1,35227,35227,0,0,closed,2207
39.949299,1,18,10,30,3,16.666702,113.946404,3.836100,136.093704,1,35227,35227,0,0,closed,2208
39.965942,1,18,10,30,3,16.666901,2.121200,3.401700,11.992100,1,35227,35227,0,0,closed,2209
39.982602,1,18,10,30,3,16.666897,4.107200,3.523800,19.345400,1,35227,35227,0,0,closed,2210
39.999294,1,18,10,30,3,16.666702,2.325500,3.238900,13.953000,1,35227,35227,0,0,closed,2211
40.015963,1,18,10,30,3,16.666698,2.266200,3.208500,16.701500,1,35227,35227,0,0,closed,2212
40.036039,1,18,10,28,3,16.666800,2.322400,3.031800,16.921600,1,37022,37022,0,0,closed,2213
40.102205,1,18,9,28,3,69.358604,69.013199,3.031800,16.921600,1,37022,37022,0,0,closed,2214
40.118735,1,18,9,28,3,16.666800,2.850200,3.085600,17.658899,1,37022,37022,0,0,closed,2215
40.138462,1,18,9,26,3,16.666901,2.425600,4.008000,4.546600,1,35601,35601,0,0,closed,2216
40.152080,1,18,8,26,3,16.667002,5.824200,4.065900,17.006599,1,35601,35601,0,0,closed,2217
40.168715,1,18,8,26,3,16.666800,2.661800,3.741300,12.802000,1,35601,35601,0,0,closed,2218
40.185313,1,18,8,26,3,16.666901,1.888600,4.079300,16.724001,1,35601,35601,0,0,closed,2219
40.202074,1,18,8,26,3,16.666698,1.733100,3.391300,16.511000,1,35601,35601,0,0,closed,2220
40.218671,1,18,8,26,3,16.666901,1.922900,4.586300,16.817101,1,35601,35601,0,0,closed,2221
40.238445,1,18,8,24,3,16.666901,2.256900,3.323300,16.664600,1,33343,33343,0,0,closed,2222
40.252046,1,18,8,24,3,16.666698,5.791700,3.745000,20.479000,1,33343,33343,0,0,closed,2223
40.268712,1,18,8,24,3,16.666800,2.310400,3.278200,12.886000,1,33343,33343,0,0,closed,2224
40.285326,1,18,8,24,3,16.666698,2.106000,4.448200,16.735201,1,33343,33343,0,0,closed,2225
40.302020,1,18,8,24,3,16.666803,2.106300,3.530000,16.468000,1,33343,33343,0,0,closed,2226
40.318659,1,18,8,24,3,16.666800,2.052900,2.840700,16.684999,1,33343,33343,0,0,closed,2227
40.338213,1,18,8,23,3,16.666800,2.004400,3.132100,16.632900,1,32812,32812,0,0,closed,2228
40.352023,1,18,8,23,3,16.666698,5.292000,3.330100,20.117500,1,32812,32812,0,0,closed,2229
40.368652,1,18,8,23,3,16.666800,2.379300,3.153700,13.356000,1,32812,32812,0,0,closed,2230
40.385351,1,18,8,23,3,16.666901,2.049600,3.211900,16.492599,1,32812,32812,0,0,closed,2231
40.402010,1,18,8,23,3,16.666800,2.055500,3.215200,16.763901,1,32812,32812,0,0,closed,2232
40.418776,1,18,8,23,3,16.666800,2.268700,3.405400,16.675800,1,32812,32812,0,0,closed,2233
40.438793,1,18,8,19,3,16.666800,2.230800,3.921000,16.926701,1,32474,32474,0,0,closed,2234
40.452084,1,18,6,19,3,16.667101,6.440900,3.760000,20.665400,1,32474,32474,0,0,closed,2235
40.468675,1,18,6,19,3,16.666901,2.378300,3.780000,12.548100,1,32474,32474,0,0,closed,2236
40.485413,1,18,6,19,3,16.666800,4.927900,4.161100,19.606501,1,32474,32474,0,0,closed,2237
40.502113,1,18,6,19,3,16.666897,2.368200,3.862900,13.847500,1,32474,32474,0,0,closed,2238
40.518688,1,18,6,19,3,16.666901,2.800200,3.608600,16.821301,1,32474,32474,0,0,closed,2239
40.538315,1,18,6,18,3,16.666702,2.238200,3.352900,16.222200,1,31389,31389,0,0,closed,2240
40.552065,1,18,5,18,3,16.666800,5.559900,3.678800,20.480000,1,31389,31389,0,0,closed,2241
40.568659,1,18,5,18,3,16.666901,2.233600,3.494800,13.052900,1,31389,31389,0,0,closed,2242
40.585321,1,18,5,18,3,16.666897,1.954100,3.223000,16.463900,1,31389,31389,0,0,closed,2243
40.602000,1,18,5,18,3,16.666800,1.904700,2.988800,16.605200,1,31389,31389,0,0,closed,2244
40.618729,1,18,5,18,3,16.666901,1.719600,2.889500,16.888800,1,31389,31389,0,0,closed,2245
40.639839,1,18,5,16,3,16.666702,1.850000,3.480200,16.585699,1,30801,30801,0,0,closed,2246
40.652016,1,18,4,16,3,16.666698,7.420200,5.228900,22.037500,1,30801,30801,0,0,closed,2247
40.668705,1,18,4,16,3,16.666698,3.262300,3.688300,11.261000,1,30801,30801,0,0,closed,2248
40.685367,1,18,4,16,3,16.666901,1.815300,3.986600,16.667601,1,30801,30801,0,0,closed,2249
40.702076,1,18,4,16,3,16.666901,2.227000,4.064500,16.766001,1,30801,30801,0,0,closed,2250
40.718820,1,18,4,16,3,16.666901,2.380600,3.598100,16.744400,1,30801,30801,0,0,closed,2251
40.738527,1,18,4,15,3,16.666800,2.510300,5.107000,16.976900,1,29607,29607,0,0,closed,2252
40.752113,1,18,4,15,3,16.667097,6.268900,4.382600,20.001801,1,29607,29607,0,0,closed,2253
40.768696,1,18,4,15,3,16.666800,2.883300,3.916400,13.656100,1,29607,29607,0,0,closed,2254
40.785387,1,18,4,15,3,16.666702,2.086600,3.931400,16.002001,1,29607,29607,0,0,closed,2255
40.802002,1,18,4,15,3,16.666901,1.971600,4.307700,16.716801,1,29607,29607,0,0,closed,2256
40.818646,1,18,4,15,3,16.666897,2.245100,3.396100,16.574499,1,29607,29607,0,0,closed,2257
40.838466,1,18,4,12,3,16.666803,2.215100,3.152800,16.515100,1,29632,29632,0,0,closed,2258
40.852177,1,18,3,12,3,16.755898,5.372800,3.394700,20.424700,1,29632,29632,0,0,closed,2259
40.868848,1,18,3,12,3,16.680799,2.519900,3.957300,13.557700,1,29632,29632,0,0,closed,2260
40.885444,1,18,3,12,3,16.666702,2.606800,4.706700,16.506901,1,29632,29632,0,0,closed,2261
40.902188,1,18,3,12,3,16.666800,2.270000,3.621400,16.316401,1,29632,29632,0,0,closed,2262
40.918794,1,18,3,12,3,16.666901,2.098900,3.635900,17.145901,1,29632,29632,0,0,closed,2263
40.939922,1,18,3,12,3,16.667198,1.925300,3.739300,16.256001,1,28874,28874,0,0,closed,2264
40.952214,1,18,3,12,3,16.667002,7.181700,4.390800,22.176701,1,28874,28874,0,0,closed,2265
40.968766,1,18,3,12,3,16.666901,2.574300,4.138100,11.407400,1,28874,28874,0,0,closed,2266
40.985506,1,18,3,12,3,16.666998,5.474700,3.723600,18.943001,1,28874,28874,0,0,closed,2267
41.002101,1,18,3,12,3,16.666702,2.563200,3.645000,14.106600,1,28874,28874,0,0,closed,2268
41.018842,1,18,3,12,3,16.666800,2.230400,3.155300,16.728100,1,28874,28874,0,0,closed,2269
41.038153,1,18,3,11,3,16.666800,2.415900,3.963800,16.718800,1,27682,27682,0,0,closed,2270
41.052113,1,18,3,11,3,16.666800,5.047000,3.789500,19.518499,1,27682,27682,0,0,closed,2271
41.068780,1,18,3,11,3,16.666800,2.199100,3.164400,13.630400,1,27682,27682,0,0,closed,2272
41.085435,1,18,3,11,3,16.666901,1.773700,3.469800,16.670799,1,27682,27682,0,0,closed,2273
41.102108,1,18,3,11,3,16.666698,1.870200,3.443300,16.622499,1,27682,27682,0,0,closed,2274
41.118772,1,18,3,11,3,16.666800,2.219100,3.025400,16.652300,1,27682,27682,0,0,closed,2275
41.138214,1,18,3,10,3,16.666901,2.073600,2.927900,16.731199,1,27935,27935,0,0,closed,2276
41.152073,1,18,2,10,3,16.666698,5.094600,2.914000,19.824600,1,27935,27935,0,0,closed,2277
41.168764,1,18,2,10,3,16.666800,2.151000,3.389700,13.401100,1,27935,27935,0,0,closed,2278
41.185495,1,18,2,10,3,16.666800,1.851700,3.423600,16.712700,1,27935,27935,0,0,closed,2279
41.202133,1,18,2,10,3,16.666901,2.089100,3.325400,16.666599,1,27935,27935,0,0,closed,2280
41.218821,1,18,2,10,3,16.666901,1.901200,3.720900,16.642099,1,27935,27935,0,0,closed,2281
41.238223,1,18,2,10,3,16.666698,1.781500,3.243800,16.746500,1,27701,27701,0,0,closed,2282
41.252151,1,18,2,10,3,16.666800,5.163000,3.297000,19.760099,1,27701,27701,0,0,closed,2283
41.268744,1,18,2,10,3,16.666698,1.989400,2.720400,13.713400,1,27701,27701,0,0,closed,2284
41.285432,1,18,2,10,3,16.666803,1.737200,3.637700,16.502800,1,27701,27701,0,0,closed,2285
41.302120,1,18,2,10,3,16.666897,1.816800,3.024500,16.674801,1,27701,27701,0,0,closed,2286
41.318766,1,18,2,10,3,16.667002,1.924400,2.847000,16.610300,1,27701,27701,0,0,closed,2287
41.338656,1,18,2,7,1,16.666901,1.799000,2.730700,16.654301,1,27178,27178,0,0,closed,2288
41.352118,1,18,1,7,1,16.666901,5.229400,2.940800,20.298800,1,27178,27178,0,0,closed,2289
41.368761,1,18,1,7,1,16.666698,2.024300,3.006800,13.074400,1,27178,27178,0,0,closed,2290
41.385439,1,18,1,7,1,16.666698,1.917700,3.056500,16.606199,1,27178,27178,0,0,closed,2291
41.402131,1,18,1,7,1,16.666901,1.732500,2.844900,16.668699,1,27178,27178,0,0,closed,2292
41.418747,1,18,1,7,1,16.666901,1.884100,3.206600,16.692200,1,27178,27178,0,0,closed,2293
41.435514,1,18,1,7,1,16.666901,1.843600,3.427400,16.561199,1,27178,27178,0,0,closed,2294
41.452147,1,18,1,7,1,16.667101,1.779100,3.208500,16.862200,1,27178,27178,0,0,closed,2295
41.468806,1,18,1,7,1,16.666998,2.719600,3.313000,16.867300,1,27178,27178,0,0,closed,2296
41.485488,1,18,1,7,1,16.666803,4.841300,3.684700,19.345400,1,27178,27178,0,0,closed,2297
41.502087,1,18,1,7,1,16.666897,2.274900,3.317200,13.821000,1,27178,27178,0,0,closed,2298
41.518790,1,18,1,7,1,16.666800,1.757000,3.132300,16.524200,1,27178,27178,0,0,closed,2299
41.535493,1,18,1,7,1,16.666702,2.023300,3.197600,16.697399,1,27178,27178,0,0,closed,2300
41.552129,1,18,1,7,1,16.666698,1.958200,3.151900,16.761801,1,27178,27178,0,0,closed,2301
41.568818,1,18,1,7,1,16.666800,1.902200,3.659200,16.659500,1,27178,27178,0,0,closed,2302
41.588600,2,18,1,7,0,16.666800,2.085200,4.152900,16.749599,1,26588,26588,0,0,closed,2303
41.673025,2,18,1,7,0,83.851395,82.703903,5.379900,97.390602,1,26588,26588,0,0,closed,2304
41.685960,2,18,1,7,0,16.666901,6.964100,5.044000,7.620600,1,26588,26588,0,0,closed,2305
41.706860,1,19,1,36,3,16.666901,2.386200,3.684000,11.959300,1,31967,31967,0,0,closed,2306
41.797936,1,19,12,36,3,95.135895,95.176598,3.684000,11.959300,1,31967,31967,0,0,closed,2307
41.817365,1,19,12,36,3,16.666901,2.723900,4.793500,7.364600,1,34404,34404,0,0,closed,2308
41.831164,1,19,12,36,3,16.667101,5.292400,3.233600,7.472200,1,34404,34404,0,0,closed,2309
41.847813,1,19,12,36,3,16.666901,2.144600,4.393200,13.471700,1,34404,34404,0,0,closed,2310
41.864664,1,19,12,36,3,16.666800,2.253900,4.608100,16.772100,1,34404,34404,0,0,closed,2311
41.881237,1,19,12,36,3,16.666800,2.309400,3.147300,16.782301,1,34404,34404,0,0,closed,2312
41.897810,1,19,12,36,3,16.666698,2.234200,3.754400,16.657499,1,34404,34404,0,0,closed,2313
41.922242,1,19,12,36,3,16.666800,2.036000,4.353200,16.297899,1,40135,40135,0,0,closed,2314
41.931586,1,19,12,36,3,16.666901,12.498300,4.353200,16.297899,1,40135,40135,0,0,closed,2315
41.948008,1,19,12,36,3,16.667002,3.547000,6.905200,9.854000,1,40135,40135,0,0,closed,2316
41.964541,1,19,12,36,3,16.666901,3.117800,5.544400,13.019100,1,40135,40135,0,0,closed,2317
41.981218,1,19,12,36,3,16.672697,2.800000,5.160200,16.480301,1,40135,40135,0,0,closed,2318
41.997853,1,19,12,36,3,16.666702,5.926500,4.776600,6.784000,1,40135,40135,0,0,closed,2319
42.017804,1,19,12,35,3,16.666698,2.310300,4.035800,6.784000,1,35388,35388,0,0,closed,2320
42.167340,1,19,12,31,3,147.059097,6.296700,0.377000,20.753401,1,34067,34067,0,0,closed,2321
42.178248,1,19,10,31,3,16.666702,122.668900,4.728700,150.407196,1,34067,34067,0,0,closed,2322
42.194962,1,19,10,31,3,16.666698,2.895200,4.953400,9.554900,1,34067,34067,0,0,closed,2323
42.211706,1,19,10,31,3,16.666901,2.466000,5.173700,16.387100,1,34067,34067,0,0,closed,2324
42.228342,1,19,10,31,3,16.666901,2.453600,5.121200,17.038300,1,34067,34067,0,0,closed,2325
42.244888,1,19,10,31,3,16.666698,3.051000,4.694900,16.768999,1,34067,34067,0,0,closed,2326
42.265034,1,19,10,30,3,16.666901,2.569000,4.555500,16.144400,1,35133,35133,0,0,closed,2327
42.278263,1,19,9,30,3,16.667002,6.353400,3.647100,21.293100,1,35133,35133,0,0,closed,2328
42.294912,1,19,9,30,3,16.666897,2.327000,5.090900,12.219400,1,35133,35133,0,0,closed,2329
42.311558,1,19,9,30,3,16.667002,2.407600,4.589600,16.609301,1,35133,35133,0,0,closed,2330
42.328247,1,19,9,30,3,16.666698,2.428100,4.202300,16.532400,1,35133,35133,0,0,closed,2331
42.344860,1,19,9,30,3,16.666901,2.237800,4.025300,16.840700,1,35133,35133,0,0,closed,2332
42.365556,1,19,9,28,3,16.666800,2.224600,3.015000,16.502800,1,37013,37013,0,0,closed,2333
42.378309,1,19,8,28,3,16.666901,6.748000,4.233700,21.362700,1,37013,37013,0,0,closed,2334
42.394864,1,19,8,28,3,16.666901,2.128500,4.195500,12.033000,1,37013,37013,0,0,closed,2335
42.411737,1,19,8,28,3,16.667002,2.422700,3.289600,16.334801,1,37013,37013,0,0,closed,2336
42.428305,1,19,8,28,3,16.666698,2.249100,4.899600,17.289200,1,37013,37013,0,0,closed,2337
42.444885,1,19,8,28,3,16.666800,2.551800,3.821200,16.413700,1,37013,37013,0,0,closed,2338
42.464721,1,19,8,24,3,16.666901,2.212900,3.488900,16.473101,1,33816,33816,0,0,closed,2339
42.478204,1,19,7,24,3,16.666698,5.692800,3.426700,20.536301,1,33816,33816,0,0,closed,2340
42.494831,1,19,7,24,3,16.666702,1.978500,3.226000,12.755000,1,33816,33816,0,0,closed,2341
42.511505,1,19,7,24,3,16.666800,4.830000,3.228400,19.784700,1,33816,33816,0,0,closed,2342
42.528177,1,19,7,24,3,16.666897,1.880000,3.118300,13.489100,1,33816,33816,0,0,closed,2343
42.544850,1,19,7,24,3,16.666702,1.752900,4.306600,16.724001,1,33816,33816,0,0,closed,2344
42.564785,1,19,7,23,3,16.666998,2.140600,3.357200,16.779301,1,30794,30794,0,0,closed,2345
42.578183,1,19,7,23,3,16.666901,5.803100,3.530500,20.306900,1,30794,30794,0,0,closed,2346
42.594870,1,19,7,23,3,16.666702,1.928300,3.567300,12.949500,1,30794,30794,0,0,closed,2347
42.611537,1,19,7,23,3,16.666698,2.095600,3.062500,16.786501,1,30794,30794,0,0,closed,2348
42.628185,1,19,7,23,3,16.666800,2.073300,3.448300,16.543699,1,30794,30794,0,0,closed,2349
42.644935,1,19,7,23,3,16.666901,1.817200,3.328300,16.663601,1,30794,30794,0,0,closed,2350
42.664761,1,19,7,22,3,16.666800,2.188100,3.621100,16.805799,1,31839,31839,0,0,closed,2351
42.678187,1,19,7,22,3,16.666698,6.131800,3.625100,20.504601,1,31839,31839,0,0,closed,2352
42.694932,1,19,7,22,3,16.666698,2.465900,3.648000,12.703800,1,31839,31839,0,0,closed,2353
42.711507,1,19,7,22,3,16.666901,2.069200,3.712200,16.798700,1,31839,31839,0,0,closed,2354
42.728183,1,19,7,22,3,16.666800,1.883500,3.137600,16.478201,1,31839,31839,0,0,closed,2355
42.744836,1,19,7,22,3,16.666698,1.788400,3.637300,16.687099,1,31839,31839,0,0,closed,2356
42.764675,1,19,7,18,3,16.666702,2.065600,3.556400,16.614401,1,30822,30822,0,0,closed,2357
42.778273,1,19,5,18,3,16.666698,5.492600,3.758600,20.611099,1,30822,30822,0,0,closed,2358
42.794964,1,19,5,18,3,16.666698,3.163200,4.418800,13.206500,1,30822,30822,0,0,closed,2359
42.811581,1,19,5,18,3,16.667002,2.270600,3.241300,16.364500,1,30822,30822,0,0,closed,2360
42.828226,1,19,5,18,3,16.702999,2.823600,4.294300,17.230900,1,30822,30822,0,0,closed,2361
42.844904,1,19,5,18,3,16.666901,2.073500,3.343500,15.936500,1,30822,30822,0,0,closed,2362
42.864616,1,19,5,18,3,16.666901,1.845700,3.260700,16.720900,1,30610,30610,0,0,closed,2363
42.878210,1,19,5,18,3,16.666901,5.535800,2.984400,20.261900,1,30610,30610,0,0,closed,2364
42.894940,1,19,5,18,3,16.666698,2.351300,3.121800,13.044700,1,30610,30610,0,0,closed,2365
42.911620,1,19,5,18,3,16.666901,2.061500,3.538100,16.986099,1,30610,30610,0,0,closed,2366
42.928232,1,19,5,18,3,16.666800,2.356800,3.887500,16.545799,1,30610,30610,0,0,closed,2367
42.944880,1,19,5,18,3,16.666800,2.005200,3.248800,16.485399,1,30610,30610,0,0,closed,2368
42.964981,1,19,5,15,2,16.666901,1.867100,3.309000,16.689199,1,29849,29849,0,0,closed,2369
42.978284,1,19,4,15,2,16.666698,6.410700,3.822000,20.742100,1,29849,29849,0,0,closed,2370
42.994930,1,19,4,15,2,16.666800,2.455300,4.781900,12.910600,1,29849,29849,0,0,closed,2371
43.011629,1,19,4,15,2,16.666702,6.442900,6.025500,20.840401,1,29849,29849,0,0,closed,2372
43.028279,1,19,4,15,2,16.666897,2.853000,4.120300,12.537900,1,29849,29849,0,0,closed,2373
43.044896,1,19,4,15,2,16.666702,2.514000,3.675200,16.345100,1,29849,29849,0,0,closed,2374
43.064983,1,19,4,15,2,16.666901,1.913700,4.161200,16.645100,1,30534,30534,0,0,closed,2375
43.078225,1,19,4,15,2,16.666698,5.496200,3.334400,20.248600,1,30534,30534,0,0,closed,2376
43.094889,1,19,4,15,2,16.666901,1.975200,3.494600,13.164500,1,30534,30534,0,0,closed,2377
43.111526,1,19,4,15,2,16.666800,1.935900,3.259900,16.537600,1,30534,30534,0,0,closed,2378
43.128189,1,19,4,15,2,16.666800,1.964600,2.818200,16.557100,1,30534,30534,0,0,closed,2379
43.144853,1,19,4,15,2,16.666800,1.868700,3.010700,16.681000,1,30534,30534,0,0,closed,2380
43.164770,1,19,4,15,2,16.666800,1.712600,3.233500,16.653299,1,29575,29575,0,0,closed,2381
43.178209,1,19,4,15,2,16.667898,5.089000,3.085600,20.237301,1,29575,29575,0,0,closed,2382
43.194877,1,19,4,15,2,16.666800,1.982400,3.823400,13.191200,1,29575,29575,0,0,closed,2383
43.211539,1,19,4,15,2,16.666702,1.679900,3.662200,16.592800,1,29575,29575,0,0,closed,2384
43.228312,1,19,4,15,2,16.677498,1.803100,2.943100,16.668699,1,29575,29575,0,0,closed,2385
43.244915,1,19,4,15,2,16.666901,2.196600,3.196200,16.975901,1,29575,29575,0,0,closed,2386
43.264695,1,19,4,13,2,16.666800,2.197000,2.932700,16.487400,1,28787,28787,0,0,closed,2387
43.278228,1,19,4,13,2,16.666698,5.393100,3.389700,19.856400,1,28787,28787,0,0,closed,2388
43.294858,1,19,4,13,2,16.666800,1.850200,3.011200,13.390800,1,28787,28787,0,0,closed,2389
43.311612,1,19,4,13,2,16.666901,1.906900,3.035600,16.601101,1,28787,28787,0,0,closed,2390
43.328209,1,19,4,13,2,16.666901,1.877500,4.436700,16.867399,1,28787,28787,0,0,closed,2391
43.344914,1,19,4,13,2,16.666800,2.083600,3.251100,16.488400,1,28787,28787,0,0,closed,2392
43.364310,1,19,4,13,2,16.666800,2.074200,3.051200,16.710699,1,28999,28999,0,0,closed,2393
43.378214,1,19,4,13,2,16.666800,4.643400,3.360000,19.557301,1,28999,28999,0,0,closed,2394
43.394868,1,19,4,13,2,16.666901,1.981600,2.730300,13.725700,1,28999,28999,0,0,closed,2395
43.411568,1,19,4,13,2,16.666698,1.769000,3.016500,16.683001,1,28999,28999,0,0,closed,2396
43.428205,1,19,4,13,2,16.666698,1.924000,2.896400,16.747601,1,28999,28999,0,0,closed,2397
43.444879,1,19,4,13,2,16.666901,1.930000,2.990600,16.601101,1,28999,28999,0,0,closed,2398
43.464390,1,19,4,12,2,16.666698,1.922400,3.068100,16.577499,1,28450,28450,0,0,closed,2399
43.478235,1,19,4,12,2,16.666803,4.875000,3.077300,19.819500,1,28450,28450,0,0,closed,2400
43.494939,1,19,4,12,2,16.666897,1.918700,3.193300,13.599800,1,28450,28450,0,0,closed,2401
43.511613,1,19,4,12,2,16.666803,4.490600,3.458500,19.394501,1,28450,28450,0,0,closed,2402
43.528280,1,19,4,12,2,16.666698,2.169300,3.113200,14.165000,1,28450,28450,0,0,closed,2403
43.544911,1,19,4,12,2,16.666901,2.069000,3.911700,16.544800,1,28450,28450,0,0,closed,2404
43.564442,1,19,4,12,2,16.666901,2.075900,3.051500,16.603100,1,28106,28106,0,0,closed,2405
43.578267,1,19,4,12,2,16.666698,4.955500,2.980800,19.592199,1,28106,28106,0,0,closed,2406
43.594904,1,19,4,12,2,16.666698,1.778000,2.834000,13.674500,1,28106,28106,0,0,closed,2407
43.611550,1,19,4,12,2,16.666800,1.909700,3.341400,16.655399,1,28106,28106,0,0,closed,2408
43.628229,1,19,4,12,2,16.666901,1.955700,3.340200,16.715700,1,28106,28106,0,0,closed,2409
43.644880,1,19,4,12,2,16.666800,1.761700,3.505700,16.671801,1,28106,28106,0,0,closed,2410
43.661624,1,19,4,12,2,16.666800,1.727700,2.963300,16.554001,1,28106,28106,0,0,closed,2411
43.678226,1,19,4,12,2,16.666901,1.793400,2.850200,16.903099,1,28106,28106,0,0,closed,2412
43.694907,1,19,4,12,2,16.666901,2.042600,4.271900,16.574499,1,28106,28106,0,0,closed,2413
43.711551,1,19,4,12,2,16.666901,1.854900,3.446500,5.637100,1,28106,28106,0,0,closed,2414
43.728231,1,19,4,12,2,16.666998,1.808800,3.326200,16.731100,1,28106,28106,0,0,closed,2415
43.744894,1,19,4,12,2,16.666901,2.407400,3.918900,16.612400,1,28106,28106,0,0,closed,2416
43.761600,1,19,4,12,2,16.666800,2.041700,4.761600,16.930799,1,28106,28106,0,0,closed,2417
43.778204,1,19,4,12,2,16.666901,2.556700,3.189600,16.601101,1,28106,28106,0,0,closed,2418
43.794961,1,19,4,12,2,16.667002,1.984100,2.702100,16.398300,1,28106,28106,0,0,closed,2419
43.814455,2,19,4,10,0,16.666698,1.950100,3.857100,16.925699,1,27928,27928,0,0,closed,2420
43.897348,2,19,4,10,0,81.580605,80.766899,5.296400,95.512604,1,27928,27928,0,0,closed,2421
43.909839,2,19,4,10,0,16.666901,7.135900,3.549500,6.798300,1,27928,27928,0,0,closed,2422
43.930418,1,20,4,54,6,16.667002,2.341000,3.330800,12.681200,1,40865,40865,1,6,closed,2423
44.055877,1,20,9,54,6,120.718597,120.331299,6.217500,134.942795,1,53607,53607,1,6,closed,2424
44.063852,1,20,9,54,6,16.700701,17.061001,6.217500,134.942795,1,53607,53607,1,6,closed,2425
44.080571,1,20,9,54,6,16.666901,2.088700,3.410100,6.460400,1,53607,53607,1,6,closed,2426
44.097256,1,20,9,54,6,16.666800,1.972500,3.270700,11.688000,1,53607,53607,1,6,closed,2427
44.113911,1,20,9,54,6,16.666800,2.094300,3.071300,16.634800,1,53607,53607,1,6,closed,2428
44.130526,1,20,9,54,6,16.666800,1.839100,3.116700,16.736300,1,53607,53607,1,6,closed,2429
44.154527,1,20,9,53,6,16.666901,2.050700,3.599300,18.234400,1,55300,55300,1,6,closed,2430
44.163943,1,20,9,53,6,16.666800,10.229700,3.784400,23.401400,1,55300,55300,1,6,closed,2431
44.180712,1,20,9,53,6,16.666800,2.205600,3.938700,8.746000,1,55300,55300,1,6,closed,2432
44.197461,1,20,9,53,6,16.666901,2.502200,4.557300,16.632900,1,55300,55300,1,6,closed,2433
44.213919,1,20,9,53,6,16.666800,2.776500,5.022300,16.653299,1,55300,55300,1,6,closed,2434
44.231005,1,20,9,53,6,16.666698,2.404700,4.182400,16.407499,1,55300,55300,1,6,closed,2435
44.376661,1,20,9,36,6,139.243790,2.720900,0.356200,17.462299,1,43394,43394,1,6,closed,2436
44.386557,1,20,5,36,6,16.666698,123.138802,3.824400,146.068497,1,43394,43394,1,6,closed,2437
44.403300,1,20,5,36,6,16.666901,2.565900,4.836500,8.921100,1,43394,43394,1,6,closed,2438
44.419910,1,20,5,36,6,16.667002,2.148900,4.978700,17.044399,1,43394,43394,1,6,closed,2439
44.436506,1,20,5,36,6,16.666800,2.456000,4.933800,16.564301,1,43394,43394,1,6,closed,2440
44.453195,1,20,5,36,6,16.666800,2.395600,4.146900,16.482300,1,43394,43394,1,6,closed,2441
44.474657,1,20,5,34,6,16.666901,2.709000,3.692700,16.822201,1,42379,42379,1,6,closed,2442
44.486777,1,20,5,34,6,16.676899,7.379600,5.340100,22.091801,1,42379,42379,1,6,closed,2443
44.503237,1,20,5,34,6,16.676500,2.553800,5.532700,11.661300,1,42379,42379,1,6,closed,2444
44.519944,1,20,5,34,6,16.666901,2.889400,5.133800,16.642099,1,42379,42379,1,6,closed,2445
44.536593,1,20,5,34,6,16.666901,2.524000,5.195900,16.420799,1,42379,42379,1,6,closed,2446
44.553215,1,20,5,34,6,16.666698,3.006900,4.736800,16.603201,1,42379,42379,1,6,closed,2447
44.576187,1,20,5,33,6,16.666800,2.351300,5.630300,16.529400,1,45201,45201,1,6,closed,2448
44.586566,1,20,5,33,6,16.666800,12.564600,5.383500,16.529400,1,45201,45201,1,6,closed,2449
44.603214,1,20,5,33,6,16.667002,2.544900,4.039700,8.221700,1,45201,45201,1,6,closed,2450
44.619903,1,20,5,33,6,16.666901,2.435900,3.306600,14.665700,1,45201,45201,1,6,closed,2451
44.636481,1,20,5,33,6,16.666800,2.018400,3.871500,16.386101,1,45201,45201,1,6,closed,2452
44.653168,1,20,5,33,6,16.666698,2.027200,3.196200,16.780300,1,45201,45201,1,6,closed,2453
44.674072,1,20,5,32,6,16.666800,2.008000,3.322100,16.409599,1,45873,45873,1,6,closed,2454
44.686667,1,20,5,32,6,16.666800,6.513600,4.190200,21.613501,1,45873,45873,1,6,closed,2455
44.703159,1,20,5,32,6,16.666901,2.742200,3.499400,12.443700,1,45873,45873,1,6,closed,2456
44.719859,1,20,5,32,6,16.666800,2.324800,3.043200,15.982600,1,45873,45873,1,6,closed,2457
44.736463,1,20,5,32,6,16.666901,1.881700,3.259400,16.689100,1,45873,45873,1,6,closed,2458
44.753160,1,20,5,32,6,16.666698,1.717500,3.099600,16.611401,1,45873,45873,1,6,closed,2459
44.773923,1,20,5,27,6,16.666901,2.126000,2.951100,16.744400,1,45943,45943,1,6,closed,2460
44.786535,1,20,5,27,6,16.666800,6.863200,4.161800,21.896200,1,45943,45943,1,6,closed,2461
44.803150,1,20,5,27,6,16.666901,2.502900,3.348700,11.539500,1,45943,45943,1,6,closed,2462
44.819858,1,20,5,27,6,16.666901,2.184800,3.744300,16.584700,1,45943,45943,1,6,closed,2463
44.836459,1,20,5,27,6,16.666901,2.561500,4.019700,17.381300,1,45943,45943,1,6,closed,2464
44.853283,1,20,5,27,6,16.746799,2.254700,3.538200,16.073700,1,45943,45943,1,6,closed,2465
44.873686,1,20,5,23,5,16.666901,1.950300,3.010700,16.589800,1,43535,43535,1,5,closed,2466
44.886658,1,20,3,23,5,16.666800,6.004400,3.184600,21.033001,1,43535,43535,1,5,closed,2467
44.903227,1,20,3,23,5,16.666901,2.425700,3.504300,12.682200,1,43535,43535,1,5,closed,2468
44.919928,1,20,3,23,5,16.666698,2.076200,3.360600,16.215099,1,43535,43535,1,5,closed,2469
44.936557,1,20,3,23,5,16.666800,1.882200,3.646500,16.687099,1,43535,43535,1,5,closed,2470
44.953230,1,20,3,23,5,16.666901,1.997600,3.856800,16.626699,1,43535,43535,1,5,closed,2471
44.973921,1,20,3,21,3,16.666901,1.923700,3.027900,16.627701,1,42922,42922,1,3,closed,2472
44.986622,1,20,3,21,3,16.666698,5.884200,3.460700,20.848600,1,42922,42922,1,3,closed,2473
45.003266,1,20,3,21,3,16.666698,2.010800,4.413700,12.851200,1,42922,42922,1,3,closed,2474
45.019918,1,20,3,21,3,16.666800,2.262600,3.035600,16.406500,1,42922,42922,1,3,closed,2475
45.036564,1,20,3,21,3,16.666901,1.819800,3.045500,16.638000,1,42922,42922,1,3,closed,2476
45.053264,1,20,3,21,3,16.666901,1.789800,3.633600,16.644100,1,42922,42922,1,3,closed,2477
45.074273,1,20,3,20,3,16.666901,1.731600,3.425700,16.691200,1,42414,42414,1,3,closed,2478
45.086583,1,20,3,20,3,16.666901,6.275900,4.173000,21.259199,1,42414,42414,1,3,closed,2479
45.103280,1,20,3,20,3,16.666800,6.932800,4.541800,16.900101,1,42414,42414,1,3,closed,2480
45.119894,1,20,3,20,3,16.666901,2.357500,3.875500,11.963400,1,42414,42414,1,3,closed,2481
45.136584,1,20,3,20,3,16.666901,2.360600,3.377900,16.522301,1,42414,42414,1,3,closed,2482
45.153271,1,20,3,20,3,16.666800,2.090200,3.685400,16.804800,1,42414,42414,1,3,closed,2483
45.174049,1,20,3,16,2,16.666800,1.981800,3.416200,16.631800,1,41868,41868,1,2,closed,2484
45.187161,1,20,3,16,2,16.686399,6.326800,4.605200,20.887600,1,41868,41868,1,2,closed,2485
45.203474,1,20,3,16,2,16.807903,2.549100,5.293200,13.217800,1,41868,41868,1,2,closed,2486
45.220153,1,20,3,16,2,16.666901,2.421500,4.904100,16.264200,1,41868,41868,1,2,closed,2487
45.236710,1,20,3,16,2,16.666998,2.315000,3.551500,16.653299,1,41868,41868,1,2,closed,2488
45.253378,1,20,3,16,2,16.666702,2.007000,3.616800,16.364500,1,41868,41868,1,2,closed,2489
45.274539,1,20,3,15,1,16.666897,1.909500,3.260800,16.618500,1,41554,41554,1,1,closed,2490
45.286777,1,20,3,15,1,16.666702,6.315000,3.937200,21.387300,1,41554,41554,1,1,closed,2491
45.303445,1,20,3,15,1,16.666800,1.882900,4.645800,12.100600,1,41554,41554,1,1,closed,2492
45.320073,1,20,3,15,1,16.666800,2.280700,4.044600,16.667700,1,41554,41554,1,1,closed,2493
45.336759,1,20,3,15,1,16.666800,1.824700,4.079600,16.542700,1,41554,41554,1,1,closed,2494
45.353464,1,20,3,15,1,16.666901,2.584500,4.152700,16.878599,1,41554,41554,1,1,closed,2495
45.375098,1,20,3,15,1,16.667097,2.139500,3.941600,16.627701,1,41513,41513,1,1,closed,2496
45.386817,1,20,3,15,1,16.666800,7.052000,4.019100,21.745600,1,41513,41513,1,1,closed,2497
45.403418,1,20,3,15,1,16.666800,1.936100,3.573700,11.662400,1,41513,41513,1,1,closed,2498
45.420123,1,20,3,15,1,16.666702,2.199600,3.484300,16.478201,1,41513,41513,1,1,closed,2499
45.436800,1,20,3,15,1,16.666901,2.281600,4.374600,16.713699,1,41513,41513,1,1,closed,2500
45.453486,1,20,3,15,1,16.673901,2.370800,5.528100,16.767000,1,41513,41513,1,1,closed,2501
45.479224,1,20,3,15,1,17.021500,2.274100,4.869800,18.784201,1,41557,41557,1,1,closed,2502
45.487221,1,20,3,15,1,16.705297,11.355300,6.575400,18.784201,1,41557,41557,1,1,closed,2503
45.503895,1,20,3,15,1,16.686901,2.442300,7.799600,10.377200,1,41557,41557,1,1,closed,2504
45.520537,1,20,3,15,1,16.666800,2.452700,4.622600,10.377200,1,41557,41557,1,1,closed,2505
45.537228,1,20,3,15,1,16.666698,2.286400,4.378400,37.795799,1,41557,41557,1,1,closed,2506
45.553957,1,20,3,15,1,16.679201,2.217500,4.992800,7.770100,1,41557,41557,1,1,closed,2507
45.575880,1,20,3,15,1,16.666698,2.697800,4.840500,6.745100,1,41038,41038,1,1,closed,2508
45.587793,1,20,3,15,1,16.754103,8.731400,3.553100,21.764099,1,41038,41038,1,1,closed,2509
45.604033,1,20,3,15,1,16.666698,6.475100,5.223400,15.876100,1,41038,41038,1,1,closed,2510
45.621370,1,20,3,15,1,16.669199,2.652700,4.567800,12.650500,1,41038,41038,1,1,closed,2511
45.637224,1,20,3,15,1,16.666901,3.802000,4.542000,17.105900,1,41038,41038,1,1,closed,2512
45.653920,1,20,3,15,1,16.666800,2.643300,3.590200,15.580200,1,41038,41038,1,1,closed,2513
45.674945,1,20,3,14,1,16.666800,2.286700,3.751700,16.703501,1,41334,41334,1,1,closed,2514
45.687247,1,20,3,14,1,16.666901,6.637400,4.148300,21.199800,1,41334,41334,1,1,closed,2515
45.703909,1,20,3,14,1,16.666698,2.102400,3.623700,12.273700,1,41334,41334,1,1,closed,2516
45.720575,1,20,3,14,1,16.666800,2.256200,3.157000,16.468000,1,41334,41334,1,1,closed,2517
45.737258,1,20,3,14,1,16.666901,2.108100,3.582500,16.638901,1,41334,41334,1,1,closed,2518
45.753980,1,20,3,14,1,16.666901,2.144100,5.006700,16.650200,1,41334,41334,1,1,closed,2519
45.770554,1,20,3,14,1,16.666698,2.549400,3.554900,16.724001,1,41334,41334,1,1,closed,2520
45.787204,1,20,3,14,1,16.666901,1.719200,3.108900,16.502800,1,41334,41334,1,1,closed,2521
45.803913,1,20,3,14,1,16.666901,2.500200,3.083500,16.696301,1,41334,41334,1,1,closed,2522
45.820571,1,20,3,14,1,16.666901,1.965600,3.280600,16.743401,1,41334,41334,1,1,closed,2523
45.837274,1,20,3,14,1,16.666698,2.747100,3.698500,18.266100,1,41334,41334,1,1,closed,2524
45.853911,1,20,3,14,1,16.666702,2.415800,5.490100,15.267900,1,41334,41334,1,1,closed,2525
45.870599,1,20,3,14,1,16.666698,2.720500,3.692300,16.536501,1,41334,41334,1,1,closed,2526
45.887290,1,20,3,14,1,16.667002,2.172900,3.259500,16.685101,1,41334,41334,1,1,closed,2527
45.904024,1,20,3,14,1,16.669199,2.251400,4.121100,16.861200,1,41334,41334,1,1,closed,2528
45.926819,2,20,3,13,0,16.666901,2.609300,5.296800,16.597000,1,41704,41704,1,0,closed,2529
46.015984,2,20,3,13,0,93.582001,93.387100,5.296800,16.597000,1,41704,41704,1,0,closed,2530
46.030865,2,20,3,13,0,16.666800,4.261400,3.452900,10.753000,1,41704,41704,1,0,closed,2531
46.047463,2,20,3,13,0,16.666698,2.430600,4.006600,8.226800,1,41704,41704,1,0,closed,2532
46.064256,2,20,3,13,0,16.666698,2.482100,3.869100,16.608299,1,41704,41704,1,0,closed,2533
46.080812,2,20,3,13,0,16.666800,2.348200,4.099700,16.799700,1,41704,41704,1,0,closed,2534
46.097710,2,20,3,13,0,16.667101,2.501600,4.060300,16.583700,1,41704,41704,1,0,closed,2535
46.114110,2,20,3,13,0,16.666698,5.786700,3.631300,19.942400,1,41704,41704,1,0,closed,2536
46.137871,1,21,3,36,3,16.667002,2.563700,3.423500,13.247500,1,32998,32998,0,0,closed,2537
46.228904,1,21,12,36,3,97.908600,97.499603,3.423500,13.247500,1,32998,32998,0,0,closed,2538
46.254543,1,21,12,36,3,17.533403,2.727200,4.261600,9.763900,1,35620,35620,0,0,closed,2539
46.263240,1,21,12,36,3,16.741600,10.961200,6.583100,9.763900,1,35620,35620,0,0,closed,2540
46.279850,1,21,12,36,3,16.666698,3.379400,6.537200,10.633200,1,35620,35620,0,0,closed,2541
46.296395,1,21,12,36,3,16.666800,2.792100,4.998300,13.884400,1,35620,35620,0,0,closed,2542
46.313072,1,21,12,36,3,16.667002,2.315100,3.647500,16.391199,1,35620,35620,0,0,closed,2543
46.329775,1,21,12,36,3,16.666800,1.983700,4.210300,16.648199,1,35620,35620,0,0,closed,2544
46.350373,1,21,12,35,3,16.666698,2.064800,4.116900,16.678900,1,39970,39970,0,0,closed,2545
46.363055,1,21,12,35,3,16.666901,7.709500,4.408200,23.119900,1,39970,39970,0,0,closed,2546
46.379708,1,21,12,35,3,16.666800,2.159300,4.087900,10.113000,1,39970,39970,0,0,closed,2547
46.396405,1,21,12,35,3,16.666800,2.180400,4.007600,16.693199,1,39970,39970,0,0,closed,2548
46.413097,1,21,12,35,3,16.666698,2.054300,5.000300,16.775200,1,39970,39970,0,0,closed,2549
46.429729,1,21,12,35,3,16.666901,2.311300,4.772100,16.610300,1,39970,39970,0,0,closed,2550
46.450815,1,21,12,33,3,16.666901,1.959500,4.395400,16.623600,1,36816,36816,0,0,closed,2551
46.587459,1,21,11,31,3,135.797806,7.511600,0.313300,22.578199,1,36119,36119,0,0,closed,2552
46.598868,1,21,10,31,3,16.666702,116.342201,4.200300,135.952393,1,36119,36119,0,0,closed,2553
46.615521,1,21,10,31,3,16.666698,5.439400,5.655100,13.547500,1,36119,36119,0,0,closed,2554
46.632269,1,21,10,31,3,16.666800,3.359100,4.539400,13.844500,1,36119,36119,0,0,closed,2555
46.648851,1,21,10,31,3,16.666901,2.328200,4.200700,16.935900,1,36119,36119,0,0,closed,2556
46.665525,1,21,10,31,3,16.666901,2.500800,3.741000,16.503799,1,36119,36119,0,0,closed,2557
46.686299,1,21,10,29,3,16.666897,2.386700,3.946500,17.042500,1,35562,35562,0,0,closed,2558
46.698872,1,21,10,29,3,16.666901,6.826200,4.141600,21.533701,1,35562,35562,0,0,closed,2559
46.715659,1,21,10,29,3,16.666702,2.262700,5.216900,11.585500,1,35562,35562,0,0,closed,2560
46.732705,1,21,10,29,3,17.101400,2.789800,5.370300,16.692200,1,35562,35562,0,0,closed,2561
46.749425,1,21,10,29,3,16.666901,2.912700,5.004900,17.156099,1,35562,35562,0,0,closed,2562
46.766078,1,21,10,29,3,16.666998,2.752700,4.130300,16.586800,1,35562,35562,0,0,closed,2563
46.789431,1,21,10,28,3,16.666800,2.659200,5.528000,17.004499,1,37640,37640,0,0,closed,2564
46.799473,1,21,10,28,3,16.674402,10.895200,4.956100,24.565800,1,37640,37640,0,0,closed,2565
46.816113,1,21,10,28,3,16.666897,2.902800,6.506100,8.606700,1,37640,37640,0,0,closed,2566
46.832772,1,21,10,28,3,16.666803,3.079200,4.935700,16.668699,1,37640,37640,0,0,closed,2567
46.849485,1,21,10,28,3,16.666698,3.956000,5.248500,17.646601,1,37640,37640,0,0,closed,2568
46.866047,1,21,10,28,3,16.666800,3.025000,5.424400,16.000999,1,37640,37640,0,0,closed,2569
46.889235,1,21,10,25,3,16.702000,2.896400,5.036700,16.238600,1,35878,35878,0,0,closed,2570
46.899530,1,21,9,25,3,16.666800,10.124900,4.946600,24.426500,1,35878,35878,0,0,closed,2571
46.915992,1,21,9,25,3,16.666800,2.617100,3.884100,9.293800,1,35878,35878,0,0,closed,2572
46.932808,1,21,9,25,3,16.676699,2.081300,4.501300,16.132099,1,35878,35878,0,0,closed,2573
46.949508,1,21,9,25,3,16.666702,2.931500,4.709300,16.846901,1,35878,35878,0,0,closed,2574
46.966135,1,21,9,25,3,16.668997,2.685100,5.462300,16.949200,1,35878,35878,0,0,closed,2575
46.987986,1,21,9,20,3,16.667002,2.960100,5.541600,16.549900,1,32076,32076,0,0,closed,2576
46.999442,1,21,8,20,3,16.666901,8.473700,4.661000,22.108200,1,32076,32076,0,0,closed,2577
47.016156,1,21,8,20,3,16.666901,2.549300,3.712600,10.877900,1,32076,32076,0,0,closed,2578
47.032740,1,21,8,20,3,16.666901,2.282200,3.408600,16.703501,1,32076,32076,0,0,closed,2579
47.049419,1,21,8,20,3,16.666698,2.304600,3.963200,16.589800,1,32076,32076,0,0,closed,2580
47.066053,1,21,8,20,3,16.666698,2.406900,3.465200,16.908300,1,32076,32076,0,0,closed,2581
47.087218,1,21,8,18,3,16.666800,2.055600,4.537300,16.318501,1,31316,31316,0,0,closed,2582
47.099535,1,21,6,18,3,16.666901,7.339500,4.904700,21.828600,1,31316,31316,0,0,closed,2583
47.116069,1,21,6,18,3,16.666800,7.263600,4.949900,15.768600,1,31316,31316,0,0,closed,2584
47.132719,1,21,6,18,3,16.666901,3.461600,3.544200,12.751800,1,31316,31316,0,0,closed,2585
47.149349,1,21,6,18,3,16.666901,2.143900,3.598900,16.427099,1,31316,31316,0,0,closed,2586
47.166029,1,21,6,18,3,16.666901,2.016800,3.727700,16.559099,1,31316,31316,0,0,closed,2587
47.187832,1,21,6,18,3,16.666698,1.951400,3.411000,16.521200,1,32967,32967,0,0,closed,2588
47.202419,1,21,6,18,3,19.086498,8.574900,6.211700,25.051100,1,32967,32967,0,0,closed,2589
47.218729,1,21,6,18,3,16.931101,4.025800,5.989600,12.057600,1,32967,32967,0,0,closed,2590
47.235444,1,21,6,18,3,16.670000,2.561100,6.302500,16.025600,1,32967,32967,0,0,closed,2591
47.252326,1,21,6,18,3,16.666901,2.361900,5.427300,16.701401,1,32967,32967,0,0,closed,2592
47.268847,1,21,6,18,3,16.686901,3.088600,5.021500,17.057800,1,32967,32967,0,0,closed,2593
47.291902,1,21,6,17,3,16.666998,2.993800,5.440500,16.332800,1,31645,31645,0,0,closed,2594
47.302364,1,21,5,17,3,16.816500,10.043000,5.447000,24.132601,1,31645,31645,0,0,closed,2595
47.318942,1,21,5,17,3,16.667002,4.113300,5.999600,9.628700,1,31645,31645,0,0,closed,2596
47.335599,1,21,5,17,3,16.666901,2.478700,4.131500,16.074800,1,31645,31645,0,0,closed,2597
47.352324,1,21,5,17,3,16.666800,2.504600,4.636000,16.768999,1,31645,31645,0,0,closed,2598
47.368917,1,21,5,17,3,16.666698,2.319700,4.017800,16.814100,1,31645,31645,0,0,closed,2599
47.388884,1,21,5,14,3,16.666800,1.914400,3.964200,16.794600,1,30725,30725,0,0,closed,2600
47.402190,1,21,4,14,3,16.666901,5.819500,4.009100,19.881001,1,30725,30725,0,0,closed,2601
47.418959,1,21,4,14,3,16.666901,2.173100,3.866700,13.191200,1,30725,30725,0,0,closed,2602
47.435549,1,21,4,14,3,16.666800,2.450100,4.887900,17.071100,1,30725,30725,0,0,closed,2603
47.452299,1,21,4,14,3,16.666800,2.636800,3.479300,16.347099,1,30725,30725,0,0,closed,2604
47.468929,1,21,4,14,3,16.666698,2.116500,4.363700,16.757799,1,30725,30725,0,0,closed,2605
47.488623,1,21,4,14,3,16.666901,2.382400,4.585900,16.404400,1,30532,30532,0,0,closed,2606
47.502243,1,21,4,14,3,16.666800,5.750200,4.917000,20.101200,1,30532,30532,0,0,closed,2607
47.518995,1,21,4,14,3,16.784601,2.210700,3.228600,13.191100,1,30532,30532,0,0,closed,2608
47.535666,1,21,4,14,3,16.666800,1.822200,4.168700,16.600100,1,30532,30532,0,0,closed,2609
47.552354,1,21,4,14,3,16.666901,1.998000,3.313800,16.610300,1,30532,30532,0,0,closed,2610
47.569101,1,21,4,14,3,16.666901,2.128200,3.308900,16.998400,1,30532,30532,0,0,closed,2611
47.588721,1,21,4,13,2,16.666800,2.147900,3.358900,16.935900,1,30088,30088,0,0,closed,2612
47.602341,1,21,3,13,2,16.666800,5.657800,4.487700,19.833900,1,30088,30088,0,0,closed,2613
47.618976,1,21,3,13,2,16.666800,5.576800,4.131100,16.341999,1,30088,30088,0,0,closed,2614
47.635702,1,21,3,13,2,16.667002,2.015200,4.576400,13.364300,1,30088,30088,0,0,closed,2615
47.652389,1,21,3,13,2,16.666698,1.887800,3.513900,16.841700,1,30088,30088,0,0,closed,2616
47.668992,1,21,3,13,2,16.666901,2.149900,3.249400,16.496599,1,30088,30088,0,0,closed,2617
47.688914,1,21,3,12,1,16.666800,1.824100,3.559300,16.544701,1,29598,29598,0,0,closed,2618
47.702420,1,21,3,12,1,16.667002,5.611000,4.353900,20.198400,1,29598,29598,0,0,closed,2619
47.719166,1,21,3,12,1,16.677896,2.413300,3.926500,13.655100,1,29598,29598,0,0,closed,2620
47.735692,1,21,3,12,1,16.666901,2.242100,5.415800,16.855000,1,29598,29598,0,0,closed,2621
47.752291,1,21,3,12,1,16.666800,2.262100,4.097500,16.029699,1,29598,29598,0,0,closed,2622
47.769085,1,21,3,12,1,16.666800,1.980300,3.012500,16.648199,1,29598,29598,0,0,closed,2623
47.788540,1,21,3,12,1,16.666800,2.130600,3.543100,16.878599,1,29243,29243,0,0,closed,2624
47.802334,1,21,3,12,1,16.666901,4.816400,3.604100,19.341299,1,29243,29243,0,0,closed,2625
47.818975,1,21,3,12,1,16.666901,2.068800,2.927300,13.685800,1,29243,29243,0,0,closed,2626
47.835641,1,21,3,12,1,16.666800,1.692200,3.087600,16.794600,1,29243,29243,0,0,closed,2627
47.852282,1,21,3,12,1,16.666800,2.187700,3.171000,17.001499,1,29243,29243,0,0,closed,2628
47.869013,1,21,3,12,1,16.666800,1.729100,3.193500,16.168900,1,29243,29243,0,0,closed,2629
47.890466,1,21,3,11,1,16.666800,1.875800,4.136100,16.698400,1,29239,29239,0,0,closed,2630
47.902438,1,21,3,11,1,16.666803,7.135100,3.651000,21.896200,1,29239,29239,0,0,closed,2631
47.918982,1,21,3,11,1,16.666698,2.448200,3.188900,11.778000,1,29239,29239,0,0,closed,2632
47.935679,1,21,3,11,1,16.666698,1.953400,3.132500,16.432199,1,29239,29239,0,0,closed,2633
47.952323,1,21,3,11,1,16.666901,1.906600,3.201400,16.989100,1,29239,29239,0,0,closed,2634
47.969026,1,21,3,11,1,16.666800,1.770700,3.126400,16.511999,1,29239,29239,0,0,closed,2635
47.989926,1,21,3,11,1,16.666800,2.079100,3.957100,16.477200,1,28512,28512,0,0,closed,2636
48.002382,1,21,3,11,1,16.666698,6.319800,3.585400,21.014500,1,28512,28512,0,0,closed,2637
48.018988,1,21,3,11,1,16.666800,2.436600,3.857300,12.570700,1,28512,28512,0,0,closed,2638
48.035746,1,21,3,11,1,16.666698,1.825300,3.079300,16.630800,1,28512,28512,0,0,closed,2639
48.052295,1,21,3,11,1,16.666803,1.959600,3.137800,17.020901,1,28512,28512,0,0,closed,2640
48.068991,1,21,3,11,1,16.666897,2.047900,3.257000,16.090099,1,28512,28512,0,0,closed,2641
48.089685,1,21,3,11,1,16.666800,1.911600,3.655900,16.625700,1,29199,29199,0,0,closed,2642
48.102366,1,21,3,11,1,16.667303,6.124800,3.695300,21.199800,1,29199,29199,0,0,closed,2643
48.118994,1,21,3,11,1,16.666698,4.438300,3.640300,14.681100,1,29199,29199,0,0,closed,2644
48.135785,1,21,3,11,1,16.666800,2.067200,4.351500,14.183400,1,29199,29199,0,0,closed,2645
48.152417,1,21,3,11,1,16.666800,2.315500,5.243900,16.922701,1,29199,29199,0,0,closed,2646
48.169006,1,21,3,11,1,16.666901,2.439400,3.369600,16.588800,1,29199,29199,0,0,closed,2647
48.185664,1,21,3,11,1,16.666800,2.047300,3.222700,16.896999,1,29199,29199,0,0,closed,2648
48.202462,1,21,3,11,1,16.698599,2.021300,2.918500,16.520201,1,29199,29199,0,0,closed,2649
48.219130,1,21,3,11,1,16.666901,1.962300,5.588600,16.672800,1,29199,29199,0,0,closed,2650
48.235766,1,21,3,11,1,16.666901,2.505400,3.381800,16.788401,1,29199,29199,0,0,closed,2651
48.252538,1,21,3,11,1,16.666698,2.079400,3.559900,16.780300,1,29199,29199,0,0,closed,2652
48.269033,1,21,3,11,1,16.666901,2.720100,3.828300,16.607300,1,29199,29199,0,0,closed,2653
48.285718,1,21,3,11,1,16.666702,1.944500,3.380500,16.222200,1,29199,29199,0,0,closed,2654
48.302411,1,21,3,11,1,16.666698,1.877300,2.826800,16.911301,1,29199,29199,0,0,closed,2655
48.319044,1,21,3,11,1,16.666901,1.885800,2.825400,16.589800,1,29199,29199,0,0,closed,2656
48.341263,1,22,3,36,3,16.666901,2.051200,3.579200,16.522301,1,31635,31635,0,0,closed,2657
48.444035,1,22,12,36,3,102.864594,102.686096,6.737400,117.367798,1,35523,35523,0,0,closed,2658
48.455306,1,22,12,36,3,16.666702,8.033400,3.574500,10.249200,1,35523,35523,0,0,closed,2659
48.472045,1,22,12,36,3,16.666800,1.931900,3.852500,8.540200,1,35523,35523,0,0,closed,2660
48.488676,1,22,12,36,3,16.666800,2.297100,4.369200,16.950199,1,35523,35523,0,0,closed,2661
48.505396,1,22,12,36,3,16.666800,2.340500,4.920300,16.503799,1,35523,35523,0,0,closed,2662
48.522123,1,22,12,36,3,16.666901,2.371600,4.548600,16.758801,1,35523,35523,0,0,closed,2663
48.542571,1,22,12,35,3,16.666698,2.528800,5.403200,16.916500,1,40332,40332,0,0,closed,2664
48.555245,1,22,11,35,3,16.666800,7.666000,4.368900,21.941299,1,40332,40332,0,0,closed,2665
48.572012,1,22,11,35,3,16.666800,2.364900,4.711600,10.912700,1,40332,40332,0,0,closed,2666
48.588559,1,22,11,35,3,16.666698,2.447200,3.709600,16.957500,1,40332,40332,0,0,closed,2667
48.605324,1,22,11,35,3,16.667002,2.229100,3.453400,16.566200,1,40332,40332,0,0,closed,2668
48.621987,1,22,11,35,3,16.666901,4.847000,3.649800,19.476500,1,40332,40332,0,0,closed,2669
48.642332,1,22,11,34,3,16.666698,2.425800,3.579700,13.827100,1,37086,37086,0,0,closed,2670
48.782972,1,22,10,30,3,137.643494,6.955600,0.297700,21.721100,1,35836,35836,0,0,closed,2671
48.792911,1,22,10,30,3,16.666901,121.815399,6.044800,141.001801,1,35836,35836,0,0,closed,2672
48.809617,1,22,10,30,3,16.666998,2.694100,4.708000,8.198100,1,35836,35836,0,0,closed,2673
48.826325,1,22,10,30,3,16.666800,2.517100,4.121800,16.790501,1,35836,35836,0,0,closed,2674
48.843061,1,22,10,30,3,16.666702,2.371700,4.584800,16.980000,1,35836,35836,0,0,closed,2675
48.859719,1,22,10,30,3,16.666998,3.732100,5.578600,17.620001,1,35836,35836,0,0,closed,2676
48.880942,1,22,10,27,3,16.666901,3.294700,4.251400,15.920100,1,33772,33772,0,0,closed,2677
48.893065,1,22,8,27,3,16.700800,9.471100,4.709600,22.455299,1,33772,33772,0,0,closed,2678
48.909624,1,22,8,27,3,16.666800,3.343600,5.926400,10.580000,1,33772,33772,0,0,closed,2679
48.926289,1,22,8,27,3,16.666698,2.468600,3.875400,16.484301,1,33772,33772,0,0,closed,2680
48.942965,1,22,8,27,3,16.666702,2.511400,4.922200,16.741400,1,33772,33772,0,0,closed,2681
48.959689,1,22,8,27,3,16.666698,2.413300,4.583000,17.036301,1,33772,33772,0,0,closed,2682
48.980280,1,22,8,26,3,16.666901,3.057900,4.155600,16.287701,1,34095,34095,0,0,closed,2683
48.992965,1,22,8,26,3,16.666800,7.002100,5.018600,21.427200,1,34095,34095,0,0,closed,2684
49.009641,1,22,8,26,3,16.666800,2.929400,3.158600,11.860000,1,34095,34095,0,0,closed,2685
49.026318,1,22,8,26,3,16.666800,2.333800,3.313600,16.655300,1,34095,34095,0,0,closed,2686
49.042932,1,22,8,26,3,16.666698,2.106800,3.429500,16.656401,1,34095,34095,0,0,closed,2687
49.059606,1,22,8,26,3,16.666698,2.217300,3.672900,16.645100,1,34095,34095,0,0,closed,2688
49.080168,1,22,8,23,3,16.666702,2.675300,3.407600,16.918600,1,32905,32905,0,0,closed,2689
49.092946,1,22,7,23,3,16.666800,6.690500,4.186400,20.975599,1,32905,32905,0,0,closed,2690
49.109630,1,22,7,23,3,16.666698,2.167400,3.161900,12.251100,1,32905,32905,0,0,closed,2691
49.126256,1,22,7,23,3,16.666800,5.015500,3.976600,19.313700,1,32905,32905,0,0,closed,2692
49.142966,1,22,7,23,3,16.666800,2.238000,3.082600,14.217200,1,32905,32905,0,0,closed,2693
49.159603,1,22,7,23,3,16.666800,2.497200,2.919700,16.598000,1,32905,32905,0,0,closed,2694
49.179581,1,22,7,21,3,16.666800,1.755300,3.313100,16.416800,1,31982,31982,0,0,closed,2695
49.192915,1,22,6,21,3,16.666901,5.710000,4.446300,20.393000,1,31982,31982,0,0,closed,2696
49.209705,1,22,6,21,3,16.666800,2.040900,4.307400,12.893100,1,31982,31982,0,0,closed,2697
49.226297,1,22,6,21,3,16.666800,2.159600,4.784600,16.895000,1,31982,31982,0,0,closed,2698
49.243029,1,22,6,21,3,16.667002,2.524700,8.834400,16.635900,1,31982,31982,0,0,closed,2699
49.259620,1,22,6,21,3,16.666800,2.789800,4.312400,17.028099,1,31982,31982,0,0,closed,2700
49.280583,1,22,6,20,3,16.667400,2.343400,5.005800,16.230400,1,30364,30364,0,0,closed,2701
49.293070,1,22,5,20,3,16.666901,7.456500,4.713600,21.305401,1,30364,30364,0,0,closed,2702
49.309667,1,22,5,20,3,16.666901,2.894700,3.656000,12.477400,1,30364,30364,0,0,closed,2703
49.326283,1,22,5,20,3,16.666901,2.365600,3.577000,16.199699,1,30364,30364,0,0,closed,2704
49.343109,1,22,5,20,3,16.774599,2.454600,3.103200,16.581600,1,30364,30364,0,0,closed,2705
49.359820,1,22,5,20,3,16.666800,2.208800,4.672600,17.260599,1,30364,30364,0,0,closed,2706
49.380375,1,22,5,20,3,16.666901,2.637800,4.701400,16.390100,1,31912,31912,0,0,closed,2707
49.393071,1,22,5,20,3,16.666800,7.433100,4.880800,21.554199,1,31912,31912,0,0,closed,2708
49.409696,1,22,5,20,3,16.666901,2.909800,4.645800,11.645900,1,31912,31912,0,0,closed,2709
49.426440,1,22,5,20,3,16.667002,2.384300,4.281000,16.576500,1,31912,31912,0,0,closed,2710
49.443038,1,22,5,20,3,16.666901,2.460900,3.597100,16.668699,1,31912,31912,0,0,closed,2711
49.459716,1,22,5,20,3,16.666698,2.140500,4.079800,16.761900,1,31912,31912,0,0,closed,2712
49.482889,1,22,5,19,3,16.672897,2.484000,5.542300,17.338400,1,30620,30620,0,0,closed,2713
49.493208,1,22,4,19,3,16.768202,9.909100,5.141900,23.298000,1,30620,30620,0,0,closed,2714
49.509978,1,22,4,19,3,16.773399,3.078100,5.416700,9.617400,1,30620,30620,0,0,closed,2715
49.526627,1,22,4,19,3,16.677402,3.095300,5.456500,16.614401,1,30620,30620,0,0,closed,2716
49.543286,1,22,4,19,3,16.666698,3.258600,4.693100,16.680000,1,30620,30620,0,0,closed,2717
49.559974,1,22,4,19,3,16.672798,2.619200,3.376100,16.472000,1,30620,30620,0,0,closed,2718
49.581419,1,22,4,17,3,16.677900,2.234300,4.538600,16.712700,1,30456,30456,0,0,closed,2719
49.593414,1,22,3,17,3,16.679802,7.938300,6.020400,22.270000,1,30456,30456,0,0,closed,2720
49.610071,1,22,3,17,3,16.666901,3.347200,4.676500,11.328500,1,30456,30456,0,0,closed,2721
49.626612,1,22,3,17,3,16.666698,5.261100,4.075900,19.178499,1,30456,30456,0,0,closed,2722
49.643270,1,22,3,17,3,16.666901,1.803300,4.518700,13.762600,1,30456,30456,0,0,closed,2723
49.660004,1,22,3,17,3,16.666698,2.109100,3.488200,17.180599,1,30456,30456,0,0,closed,2724
49.680182,1,22,3,17,3,16.666698,2.299700,3.719900,16.352301,1,29871,29871,0,0,closed,2725
49.693341,1,22,3,17,3,16.666901,6.472700,4.042800,21.044201,1,29871,29871,0,0,closed,2726
49.709982,1,22,3,17,3,16.666698,2.601500,3.854000,12.375100,1,29871,29871,0,0,closed,2727
49.726659,1,22,3,17,3,16.666702,2.205600,3.339400,17.227699,1,29871,29871,0,0,closed,2728
49.743283,1,22,3,17,3,16.666901,2.274300,3.813300,16.239599,1,29871,29871,0,0,closed,2729
49.759893,1,22,3,17,3,16.666800,2.122500,3.622100,16.415800,1,29871,29871,0,0,closed,2730
49.779742,1,22,3,15,2,16.666800,2.283700,2.984900,16.473101,1,30090,30090,0,0,closed,2731
49.793272,1,22,3,15,2,16.666698,5.756000,4.169900,20.300800,1,30090,30090,0,0,closed,2732
49.809886,1,22,3,15,2,16.666800,2.195400,3.042900,13.611000,1,30090,30090,0,0,closed,2733
49.826575,1,22,3,15,2,16.666901,1.915900,3.253100,16.199699,1,30090,30090,0,0,closed,2734
49.843265,1,22,3,15,2,16.666901,1.999500,2.945500,16.539600,1,30090,30090,0,0,closed,2735
49.859897,1,22,3,15,2,16.666901,2.356500,3.069400,17.562599,1,30090,30090,0,0,closed,2736
49.879469,1,22,3,14,2,16.666800,1.852000,2.866800,16.167999,1,28699,28699,0,0,closed,2737
49.893386,1,22,2,14,2,16.666800,5.472600,3.372300,19.744699,1,28699,28699,0,0,closed,2738
49.909973,1,22,2,14,2,16.667002,2.187200,4.421800,13.443100,1,28699,28699,0,0,closed,2739
49.926710,1,22,2,14,2,16.666800,2.368700,6.001000,17.999901,1,28699,28699,0,0,closed,2740
49.943303,1,22,2,14,2,16.666800,2.703000,4.841800,15.517700,1,28699,28699,0,0,closed,2741
49.959967,1,22,2,14,2,16.666698,2.180800,4.073300,16.442301,1,28699,28699,0,0,closed,2742
49.980236,1,22,2,12,1,16.666901,2.558500,3.890400,17.249300,1,27998,27998,0,0,closed,2743
49.993358,1,22,1,12,1,16.666901,6.214400,3.558000,20.242500,1,27998,27998,0,0,closed,2744
50.010011,1,22,1,12,1,16.666901,3.171100,4.695700,12.858300,1,27998,27998,0,0,closed,2745
50.026679,1,22,1,12,1,16.666800,3.132900,4.898300,16.613400,1,27998,27998,0,0,closed,2746
50.043333,1,22,1,12,1,16.666800,2.388900,4.200800,16.286699,1,27998,27998,0,0,closed,2747
50.135898,1,22,1,12,1,87.860001,87.602600,4.644600,102.273003,1,27998,27998,0,0,closed,2748
50.147819,1,22,1,12,1,16.666800,9.378400,4.175400,9.354300,1,27998,27998,0,0,closed,2749
50.164459,1,22,1,12,1,16.666901,2.191400,3.564200,9.393100,1,27998,27998,0,0,closed,2750
50.181105,1,22,1,12,1,16.666698,1.790400,3.504300,16.575500,1,27998,27998,0,0,closed,2751
50.197933,1,22,1,12,1,16.666901,1.739200,3.573500,16.710699,1,27998,27998,0,0,closed,2752
50.214493,1,22,1,12,1,16.666800,2.358800,3.953600,16.820200,1,27998,27998,0,0,closed,2753
50.234359,1,22,1,12,1,16.666800,1.846200,4.267400,16.605200,1,27852,27852,0,0,closed,2754
50.247795,1,22,1,12,1,16.666800,5.432600,3.230900,20.163601,1,27852,27852,0,0,closed,2755
50.264607,1,22,1,12,1,16.693701,2.164400,4.467700,12.978200,1,27852,27852,0,0,closed,2756
50.281264,1,22,1,12,1,16.666901,2.330200,5.443500,17.737700,1,27852,27852,0,0,closed,2757
50.297849,1,22,1,12,1,16.666698,2.947100,4.834100,16.147400,1,27852,27852,0,0,closed,2758
50.314503,1,22,1,12,1,16.666901,2.162300,3.957000,16.326599,1,27852,27852,0,0,closed,2759
50.331301,1,22,1,12,1,16.667002,2.058100,3.979500,16.660500,1,27852,27852,0,0,closed,2760
50.347843,1,22,1,12,1,16.666698,2.518700,3.118300,16.938000,1,27852,27852,0,0,closed,2761
50.364553,1,22,1,12,1,16.667002,2.138000,3.144300,16.333799,1,27852,27852,0,0,closed,2762
50.381155,1,22,1,12,1,16.666901,1.828500,3.913800,16.741400,1,27852,27852,0,0,closed,2763
50.397830,1,22,1,12,1,16.666901,1.844700,4.023900,16.635900,1,27852,27852,0,0,closed,2764
50.414483,1,22,1,12,1,16.666897,2.077100,3.355700,16.652300,1,27852,27852,0,0,closed,2765
50.431202,1,22,1,12,1,16.666702,2.067500,3.549100,16.601101,1,27852,27852,0,0,closed,2766
50.447861,1,22,1,12,1,16.666698,1.918800,3.814700,16.826300,1,27852,27852,0,0,closed,2767
50.464567,1,22,1,12,1,16.666800,2.062300,4.125700,16.725000,1,27852,27852,0,0,closed,2768
50.485698,2,22,1,11,0,16.666698,2.051100,4.043000,16.661501,1,27305,27305,0,0,closed,2769
50.597801,1,23,1,36,3,107.247803,106.538498,5.644600,121.217003,1,29973,29973,0,0,closed,2770
50.716429,1,23,12,35,3,122.059502,122.414200,7.239700,122.210403,1,39924,39924,0,0,closed,2771
50.727669,1,23,11,35,3,16.974401,15.822200,7.239700,122.210403,1,39924,39924,0,0,closed,2772
50.747191,1,23,11,35,3,16.718000,3.826200,5.863100,9.605100,1,39924,39924,0,0,closed,2773
50.765224,1,23,11,35,3,18.914997,12.721200,7.738600,20.908100,1,39924,39924,0,0,closed,2774
50.780339,1,23,11,35,3,17.098099,5.370900,4.873600,11.856900,1,39924,39924,0,0,closed,2775
50.796966,1,23,11,35,3,16.666702,2.701200,5.506600,13.938700,1,39924,39924,0,0,closed,2776
50.820213,1,23,11,35,3,16.682598,2.709100,5.176400,16.670700,1,39910,39910,0,0,closed,2777
50.832033,1,23,11,35,3,17.375500,10.636700,5.404300,24.837099,1,39910,39910,0,0,closed,2778
50.847867,1,23,11,35,3,16.682699,4.228100,6.751400,10.548200,1,39910,39910,0,0,closed,2779
50.864467,1,23,11,35,3,16.666702,4.136800,6.835400,16.591900,1,39910,39910,0,0,closed,2780
50.881146,1,23,11,35,3,16.687799,3.084300,9.675600,16.591900,1,39910,39910,0,0,closed,2781
50.897828,1,23,11,35,3,16.772400,2.890600,9.675600,31.252501,1,39910,39910,0,0,closed,2782
51.092511,1,23,11,28,3,188.459305,2.704300,0.375100,6.357000,1,34530,34530,0,0,closed,2783
51.102913,1,23,9,28,3,16.666698,162.451706,4.581900,184.308701,1,34530,34530,0,0,closed,2784
51.119508,1,23,9,28,3,16.666901,2.426200,4.946600,8.954900,1,34530,34530,0,0,closed,2785
51.136318,1,23,9,28,3,16.666901,2.315100,3.761500,16.666599,1,34530,34530,0,0,closed,2786
51.153057,1,23,9,28,3,16.666698,2.250700,5.243400,16.755699,1,34530,34530,0,0,closed,2787
51.169608,1,23,9,28,3,16.666901,2.362000,4.918000,16.740400,1,34530,34530,0,0,closed,2788
51.189711,1,23,9,26,3,16.666698,2.369800,4.878400,16.532499,1,33604,33604,0,0,closed,2789
51.203020,1,23,8,26,3,16.667002,6.696600,4.448500,21.857201,1,33604,33604,0,0,closed,2790
51.219617,1,23,8,26,3,16.666800,2.875800,3.991900,11.610200,1,33604,33604,0,0,closed,2791
51.236557,1,23,8,26,3,16.681999,6.445200,6.081600,20.946899,1,33604,33604,0,0,closed,2792
51.252940,1,23,8,26,3,16.667002,2.721900,4.683900,12.601300,1,33604,33604,0,0,closed,2793
51.269642,1,23,8,26,3,16.666800,2.522200,4.185500,16.312401,1,33604,33604,0,0,closed,2794
51.292025,1,23,8,23,3,16.667002,2.203500,4.375400,16.671700,1,33305,33305,0,0,closed,2795
51.303111,1,23,7,23,3,16.672998,9.082100,4.515200,23.747601,1,33305,33305,0,0,closed,2796
51.320526,1,23,7,23,3,16.666800,2.724300,5.943200,11.014100,1,33305,33305,0,0,closed,2797
51.336240,1,23,7,23,3,16.666901,3.657100,6.018700,9.308200,1,33305,33305,0,0,closed,2798
51.353010,1,23,7,23,3,16.667002,2.590100,3.765400,15.003300,1,33305,33305,0,0,closed,2799
51.369645,1,23,7,23,3,16.666800,2.424500,4.858000,16.284700,1,33305,33305,0,0,closed,2800
51.389971,1,23,7,23,3,16.666800,2.380100,5.779700,16.166901,1,32885,32885,0,0,closed,2801
51.402872,1,23,7,23,3,16.666698,7.193800,4.418200,21.660700,1,32885,32885,0,0,closed,2802
51.419545,1,23,7,23,3,16.666800,2.319400,3.366900,12.173400,1,32885,32885,0,0,closed,2803
51.436194,1,23,7,23,3,16.666800,1.826700,3.614300,15.928300,1,32885,32885,0,0,closed,2804
51.452865,1,23,7,23,3,16.666702,1.802600,3.663600,16.555000,1,32885,32885,0,0,closed,2805
51.469558,1,23,7,23,3,16.666800,1.774000,3.280200,16.660400,1,32885,32885,0,0,closed,2806
51.489347,1,23,7,21,3,16.666800,1.944100,3.464400,16.761900,1,32002,32002,0,0,closed,2807
51.502895,1,23,6,21,3,16.666901,5.753100,3.940000,20.858900,1,32002,32002,0,0,closed,2808
51.519556,1,23,6,21,3,16.666901,2.023500,3.929800,13.291500,1,32002,32002,0,0,closed,2809
51.536251,1,23,6,21,3,16.666800,2.004100,3.518100,15.764500,1,32002,32002,0,0,closed,2810
51.552997,1,23,6,21,3,16.666897,1.821400,3.579200,16.708599,1,32002,32002,0,0,closed,2811
51.569647,1,23,6,21,3,16.667002,1.956000,4.032000,16.908300,1,32002,32002,0,0,closed,2812
51.589104,1,23,6,19,3,16.666698,2.019400,4.445700,16.569300,1,30016,30016,0,0,closed,2813
51.602940,1,23,6,19,3,16.668402,5.472300,5.717000,20.505600,1,30016,30016,0,0,closed,2814
51.619594,1,23,6,19,3,16.666901,2.707000,4.315100,13.962300,1,30016,30016,0,0,closed,2815
51.636201,1,23,6,19,3,16.666800,2.338900,5.367900,15.593400,1,30016,30016,0,0,closed,2816
51.652911,1,23,6,19,3,16.666800,2.805000,4.637600,17.147900,1,30016,30016,0,0,closed,2817
51.669633,1,23,6,19,3,16.666800,2.498700,4.117900,16.137199,1,30016,30016,0,0,closed,2818
51.689778,1,23,6,19,3,16.666901,2.020700,3.980600,16.704599,1,31501,31501,0,0,closed,2819
51.703031,1,23,6,19,3,16.666698,5.879600,4.501200,20.903900,1,31501,31501,0,0,closed,2820
51.719627,1,23,6,19,3,16.666698,3.429100,4.521600,13.164500,1,31501,31501,0,0,closed,2821
51.736228,1,23,6,19,3,16.666901,6.599100,4.801100,21.069901,1,31501,31501,0,0,closed,2822
51.752961,1,23,6,19,3,16.666800,2.737600,4.265200,13.037500,1,31501,31501,0,0,closed,2823
51.769653,1,23,6,19,3,16.666901,2.062200,4.464500,15.178800,1,31501,31501,0,0,closed,2824
51.789079,1,23,6,15,3,16.666800,2.289200,5.113900,16.860100,1,28780,28780,0,0,closed,2825
51.802893,1,23,5,15,3,16.666702,5.999300,4.887000,19.865601,1,28780,28780,0,0,closed,2826
51.819546,1,23,5,15,3,16.666698,2.277300,3.982800,14.272600,1,28780,28780,0,0,closed,2827
51.836209,1,23,5,15,3,16.666901,2.184900,4.543700,15.483900,1,28780,28780,0,0,closed,2828
51.853041,1,23,5,15,3,16.743898,2.335400,3.803300,16.609200,1,28780,28780,0,0,closed,2829
51.869643,1,23,5,15,3,16.666901,2.471300,4.655600,17.330200,1,28780,28780,0,0,closed,2830
51.890733,1,23,5,14,3,16.745001,2.206400,4.107300,16.664600,1,29864,29864,0,0,closed,2831
51.903021,1,23,5,14,3,16.666698,8.026100,4.444400,22.044701,1,29864,29864,0,0,closed,2832
51.919750,1,23,5,14,3,16.677000,2.411300,5.187500,11.748300,1,29864,29864,0,0,closed,2833
51.936399,1,23,5,14,3,16.666901,2.932400,5.701400,15.860700,1,29864,29864,0,0,closed,2834
51.953065,1,23,5,14,3,16.666901,2.253400,3.659100,16.707600,1,29864,29864,0,0,closed,2835
51.969706,1,23,5,14,3,16.666901,2.278100,3.487600,16.588800,1,29864,29864,0,0,closed,2836
51.989172,1,23,5,10,1,16.666800,1.932900,3.856400,16.591900,1,27960,27960,0,0,closed,2837
52.003074,1,23,3,10,1,16.666800,5.450500,4.205600,20.083700,1,27960,27960,0,0,closed,2838
52.019704,1,23,3,10,1,16.666901,2.322100,3.409300,13.918200,1,27960,27960,0,0,closed,2839
52.036381,1,23,3,10,1,16.666800,1.790400,4.373200,15.901700,1,27960,27960,0,0,closed,2840
52.053034,1,23,3,10,1,16.666800,1.944400,3.537600,16.724001,1,27960,27960,0,0,closed,2841
52.069875,1,23,3,10,1,16.667002,1.729100,3.009800,16.630800,1,27960,27960,0,0,closed,2842
52.091256,1,23,3,10,1,16.666800,2.061700,4.178000,17.131500,1,28643,28643,0,0,closed,2843
52.103036,1,23,3,10,1,16.666901,7.789400,3.813200,21.488600,1,28643,28643,0,0,closed,2844
52.119720,1,23,3,10,1,16.666698,2.088200,4.150600,12.819500,1,28643,28643,0,0,closed,2845
52.136371,1,23,3,10,1,16.666698,3.158100,3.492000,15.216600,1,28643,28643,0,0,closed,2846
52.153077,1,23,3,10,1,16.666901,1.690700,3.369200,16.711700,1,28643,28643,0,0,closed,2847
52.169709,1,23,3,10,1,16.666698,2.004100,3.294000,16.729099,1,28643,28643,0,0,closed,2848
52.186441,1,23,3,10,1,16.666800,1.778100,3.910300,17.150999,1,28643,28643,0,0,closed,2849
52.203157,1,23,3,10,1,16.668100,1.885300,4.663400,16.224199,1,28643,28643,0,0,closed,2850
52.219739,1,23,3,10,1,16.666800,2.313000,4.537900,17.021999,1,28643,28643,0,0,closed,2851
52.236373,1,23,3,10,1,16.666901,6.470100,4.477600,20.619200,1,28643,28643,0,0,closed,2852
52.253025,1,23,3,10,1,16.666901,2.202300,3.575500,13.155400,1,28643,28643,0,0,closed,2853
52.269709,1,23,3,10,1,16.666698,1.765400,4.141100,15.683600,1,28643,28643,0,0,closed,2854
52.286386,1,23,3,10,1,16.666698,1.893700,3.666600,16.757700,1,28643,28643,0,0,closed,2855
52.303044,1,23,3,10,1,16.666702,2.056100,3.922300,16.589800,1,28643,28643,0,0,closed,2856
52.324098,1,24,3,24,2,16.666901,1.984600,4.449300,16.785400,1,23453,23453,0,0,closed,2857
52.429476,1,24,12,24,2,105.110901,104.256897,6.061900,119.146500,1,25082,25082,0,0,closed,2858
52.441493,1,24,12,24,2,16.666800,7.667800,4.786900,12.192800,1,25082,25082,0,0,closed,2859
52.458216,1,24,12,24,2,16.669601,2.488200,4.767500,7.130100,1,25082,25082,0,0,closed,2860
52.474823,1,24,12,24,2,16.666800,2.300100,7.225300,17.307699,1,25082,25082,0,0,closed,2861
52.491482,1,24,12,24,2,16.666800,2.353100,4.118600,16.830400,1,25082,25082,0,0,closed,2862
52.508291,1,24,12,24,2,16.666901,2.116000,4.342900,15.762500,1,25082,25082,0,0,closed,2863
52.528850,1,24,12,24,2,16.666998,2.201200,4.772200,17.563601,1,26685,26685,0,0,closed,2864
52.541433,1,24,12,24,2,16.666702,7.430000,3.613000,21.685301,1,26685,26685,0,0,closed,2865
52.558162,1,24,12,24,2,16.666901,2.473400,4.351200,10.832900,1,26685,26685,0,0,closed,2866
52.574827,1,24,12,24,2,16.666800,2.555600,4.397900,16.681999,1,26685,26685,0,0,closed,2867
52.591487,1,24,12,24,2,16.682800,2.061800,4.451300,16.696301,1,26685,26685,0,0,closed,2868
52.608164,1,24,12,24,2,16.666901,2.169600,4.483400,16.552999,1,26685,26685,0,0,closed,2869
52.628239,1,24,12,22,2,16.666897,2.139000,4.267400,16.777201,1,26879,26879,0,0,closed,2870
52.771215,1,24,11,21,2,143.258392,6.366900,0.288400,21.883900,1,25297,25297,0,0,closed,2871
52.784831,1,24,10,21,2,16.666901,121.447304,4.799800,143.951904,1,25297,25297,0,0,closed,2872
52.801430,1,24,10,21,2,16.666698,2.469400,4.329900,15.425500,1,25297,25297,0,0,closed,2873
52.818074,1,24,10,21,2,16.666901,1.766100,3.297400,12.524600,1,25297,25297,0,0,closed,2874
52.834830,1,24,10,21,2,16.666800,2.104800,3.032400,16.427000,1,25297,25297,0,0,closed,2875
52.851730,1,24,10,21,2,16.707201,1.982700,3.330200,16.860201,1,25297,25297,0,0,closed,2876
52.870635,1,24,10,21,2,16.666800,2.394200,4.181200,16.756701,1,26355,26355,0,0,closed,2877
52.884820,1,24,10,21,2,16.666901,6.025500,4.119400,20.103201,1,26355,26355,0,0,closed,2878
52.901485,1,24,10,21,2,16.669203,2.078700,3.344400,12.766200,1,26355,26355,0,0,closed,2879
52.918109,1,24,10,21,2,16.666800,2.144400,3.356800,17.004499,1,26355,26355,0,0,closed,2880
52.934904,1,24,10,21,2,16.666800,1.867000,3.327100,16.426001,1,26355,26355,0,0,closed,2881
52.951536,1,24,10,21,2,16.666800,2.124700,3.084000,16.690201,1,26355,26355,0,0,closed,2882
52.970702,1,24,10,20,2,16.666800,2.103100,3.194500,16.955400,1,25169,25169,0,0,closed,2883
52.984815,1,24,10,20,2,16.666800,5.134700,4.940700,19.536900,1,25169,25169,0,0,closed,2884
53.123055,1,24,10,18,2,133.989014,2.877300,0.324900,14.162900,1,26736,26736,0,0,closed,2885
53.135456,1,24,8,18,2,16.666800,119.297699,5.243600,139.238403,1,26736,26736,0,0,closed,2886
53.152232,1,24,8,18,2,16.666698,2.386400,4.096200,12.778500,1,26736,26736,0,0,closed,2887
53.168756,1,24,8,18,2,16.666803,2.255700,4.763200,14.626800,1,26736,26736,0,0,closed,2888
53.185478,1,24,8,18,2,16.666800,2.137100,4.236400,16.396299,1,26736,26736,0,0,closed,2889
53.202135,1,24,8,18,2,16.666800,2.193600,3.521200,16.759800,1,26736,26736,0,0,closed,2890
53.221346,1,24,8,17,2,16.666698,1.889700,3.495300,16.555000,1,22591,22591,0,0,closed,2891
53.235435,1,24,8,17,2,16.666800,4.949000,4.944500,20.077600,1,22591,22591,0,0,closed,2892
53.252111,1,24,8,17,2,16.666901,2.490900,3.495700,13.401100,1,22591,22591,0,0,closed,2893
53.268746,1,24,8,17,2,16.666698,2.206000,4.118300,16.679899,1,22591,22591,0,0,closed,2894
53.285397,1,24,8,17,2,16.666800,2.091600,3.740600,16.458700,1,22591,22591,0,0,closed,2895
53.302172,1,24,8,17,2,16.666800,4.226500,4.158800,19.082199,1,22591,22591,0,0,closed,2896
53.322682,1,24,8,14,2,16.666800,2.206000,3.093000,14.429200,1,23844,23844,0,0,closed,2897
53.335445,1,24,7,14,2,16.666800,6.747100,6.431200,21.277700,1,23844,23844,0,0,closed,2898
53.352171,1,24,7,14,2,16.666901,2.187600,3.192600,19.009501,1,23844,23844,0,0,closed,2899
53.368835,1,24,7,14,2,16.666800,1.897200,3.433700,13.960200,1,23844,23844,0,0,closed,2900
53.385478,1,24,7,14,2,16.666901,1.936400,3.636400,7.624700,1,23844,23844,0,0,closed,2901
53.402164,1,24,7,14,2,16.666698,1.914100,3.342900,17.561600,1,23844,23844,0,0,closed,2902
53.421260,1,24,7,13,2,16.666901,1.766800,3.548900,15.821900,1,23531,23531,0,0,closed,2903
53.435473,1,24,6,13,2,16.666901,4.862500,4.180700,19.522499,1,23531,23531,0,0,closed,2904
53.452227,1,24,6,13,2,16.667002,2.066100,3.118600,14.070800,1,23531,23531,0,0,closed,2905
53.468770,1,24,6,13,2,16.666901,2.198000,3.028000,16.484400,1,23531,23531,0,0,closed,2906
53.485550,1,24,6,13,2,16.666901,1.770200,3.287100,16.887800,1,23531,23531,0,0,closed,2907
53.502346,1,24,6,13,2,16.666698,2.214400,2.892200,16.762899,1,23531,23531,0,0,closed,2908
53.521248,1,24,6,13,2,16.666800,2.452100,3.180200,16.693199,1,23521,23521,0,0,closed,2909
53.535458,1,24,6,13,2,16.666698,5.085100,4.308200,19.334101,1,23521,23521,0,0,closed,2910
53.552161,1,24,6,13,2,16.675503,2.114700,3.394600,13.820000,1,23521,23521,0,0,closed,2911
53.568870,1,24,6,13,2,16.666698,1.918800,3.517700,16.291800,1,23521,23521,0,0,closed,2912
53.585469,1,24,6,13,2,16.666698,1.765000,3.333200,17.207300,1,23521,23521,0,0,closed,2913
53.602207,1,24,6,13,2,16.666800,1.803000,3.062400,16.172001,1,23521,23521,0,0,closed,2914
53.621132,1,24,6,11,2,16.666698,1.891400,3.313500,17.250299,1,22143,22143,0,0,closed,2915
53.635465,1,24,5,11,2,16.666800,4.604600,4.900500,19.081301,1,22143,22143,0,0,closed,2916
53.652150,1,24,5,11,2,16.666702,2.294000,3.029700,13.749200,1,22143,22143,0,0,closed,2917
53.668810,1,24,5,11,2,16.666897,1.799200,3.340600,16.568300,1,22143,22143,0,0,closed,2918
53.685482,1,24,5,11,2,16.666702,1.775200,3.865000,16.647200,1,22143,22143,0,0,closed,2919
53.702178,1,24,5,11,2,16.666800,1.913200,3.662400,16.705500,1,22143,22143,0,0,closed,2920
53.721160,1,24,5,9,1,16.666901,2.299000,3.266700,16.808001,1,20378,20378,0,0,closed,2921
53.735495,1,24,4,9,1,16.666800,4.640000,3.107200,19.304399,1,20378,20378,0,0,closed,2922
53.752262,1,24,4,9,1,16.666800,1.829800,3.095700,13.897700,1,20378,20378,0,0,closed,2923
53.768952,1,24,4,9,1,16.666698,1.956000,3.575500,17.039400,1,20378,20378,0,0,closed,2924
53.785498,1,24,4,9,1,16.666698,2.132000,4.627000,16.551901,1,20378,20378,0,0,closed,2925
53.802211,1,24,4,9,1,16.666800,4.296300,3.034200,18.510900,1,20378,20378,0,0,closed,2926
53.822135,1,24,4,9,1,16.666901,1.937700,4.054200,14.707700,1,20577,20577,0,0,closed,2927
53.835460,1,24,4,9,1,16.666698,6.190400,4.034100,20.760599,1,20577,20577,0,0,closed,2928
53.852210,1,24,4,9,1,16.666901,2.200100,3.479100,12.700700,1,20577,20577,0,0,closed,2929
53.868981,1,24,4,9,1,16.666800,1.946500,3.787800,16.689100,1,20577,20577,0,0,closed,2930
53.885487,1,24,4,9,1,16.666800,2.773000,4.136400,17.508400,1,20577,20577,0,0,closed,2931
53.902263,1,24,4,9,1,16.667002,3.746600,3.385900,16.693199,1,20577,20577,0,0,closed,2932
53.918791,1,24,4,9,1,16.666698,2.060400,3.068200,15.878100,1,20577,20577,0,0,closed,2933
53.935477,1,24,4,9,1,16.666901,1.729500,3.612300,16.578600,1,20577,20577,0,0,closed,2934
53.952144,1,24,4,9,1,16.666698,2.354700,3.309000,16.881701,1,20577,20577,0,0,closed,2935
53.968911,1,24,4,9,1,16.666901,1.995100,3.237800,16.129000,1,20577,20577,0,0,closed,2936
53.985461,1,24,4,9,1,16.666702,2.001200,3.247100,16.809000,1,20577,20577,0,0,closed,2937
54.002164,1,24,4,9,1,16.666800,1.828100,3.058600,16.485300,1,20577,20577,0,0,closed,2938
54.018789,1,24,4,9,1,16.666901,1.916900,2.913300,17.005600,1,20577,20577,0,0,closed,2939
54.035436,1,24,4,9,1,16.666897,1.718100,2.818400,16.273399,1,20577,20577,0,0,closed,2940
54.057453,1,25,4,44,4,16.666800,1.665000,2.794300,16.797701,1,35664,35664,1,4,closed,2941
54.148979,1,25,11,44,4,96.859406,96.758301,2.794300,16.797701,1,35664,35664,1,4,closed,2942
54.169553,1,25,11,44,4,16.666901,1.666100,3.203500,9.725000,1,41481,41481,1,4,closed,2943
54.182453,1,25,11,44,4,16.666901,6.732300,4.493300,12.897200,1,41481,41481,1,4,closed,2944
54.199019,1,25,11,44,4,16.666698,1.971300,3.974900,12.746800,1,41481,41481,1,4,closed,2945
54.215648,1,25,11,44,4,16.666901,1.772200,4.107800,16.438299,1,41481,41481,1,4,closed,2946
54.232411,1,25,11,44,4,16.666901,2.007200,4.411300,16.572399,1,41481,41481,1,4,closed,2947
54.249230,1,25,11,44,4,16.667097,2.338000,4.224400,16.958500,1,41481,41481,1,4,closed,2948
54.269820,1,25,11,44,4,16.666901,2.547500,4.212300,16.828400,1,45919,45919,1,4,closed,2949
54.282480,1,25,11,44,4,16.666698,7.276300,3.810100,21.915600,1,45919,45919,1,4,closed,2950
54.299022,1,25,11,44,4,16.666800,2.391500,3.829400,13.042700,1,45919,45919,1,4,closed,2951
54.315684,1,25,11,44,4,16.666901,5.269000,3.569900,18.112499,1,45919,45919,1,4,closed,2952
54.332432,1,25,11,44,4,16.666800,1.805000,3.795800,13.246500,1,45919,45919,1,4,closed,2953
54.349003,1,25,11,44,4,16.666800,2.107300,3.563700,16.800800,1,45919,45919,1,4,closed,2954
54.369844,1,25,11,42,4,16.666901,2.044700,3.896500,16.548800,1,43315,43315,1,4,closed,2955
54.510496,1,25,10,37,4,139.124100,6.755100,0.323400,21.609501,1,39758,39758,1,4,closed,2956
54.521501,1,25,9,37,4,16.667002,116.221100,4.227600,141.462494,1,39758,39758,1,4,closed,2957
54.538208,1,25,9,37,4,16.666901,2.389300,5.450000,9.357300,1,39758,39758,1,4,closed,2958
54.554803,1,25,9,37,4,16.666698,2.801800,4.601200,17.090599,1,39758,39758,1,4,closed,2959
54.571454,1,25,9,37,4,16.666901,2.171100,3.373700,16.189400,1,39758,39758,1,4,closed,2960
54.588222,1,25,9,37,4,16.666901,2.126700,3.259100,16.714800,1,39758,39758,1,4,closed,2961
54.610043,1,25,9,34,4,16.666901,1.847900,4.558400,16.803801,1,40797,40797,1,4,closed,2962
54.621549,1,25,7,34,4,16.666800,8.308600,3.692900,23.013399,1,40797,40797,1,4,closed,2963
54.638197,1,25,7,34,4,16.666698,2.269600,4.463800,10.247200,1,40797,40797,1,4,closed,2964
54.654838,1,25,7,34,4,16.666800,2.090300,4.603300,17.092600,1,40797,40797,1,4,closed,2965
54.671629,1,25,7,34,4,16.667101,1.850800,4.010900,16.335899,1,40797,40797,1,4,closed,2966
54.688175,1,25,7,34,4,16.666800,2.679000,3.774800,17.243099,1,40797,40797,1,4,closed,2967
54.709175,1,25,7,32,4,16.666800,2.170400,3.129600,16.086000,1,41853,41853,1,4,closed,2968
54.721471,1,25,7,32,4,16.666698,6.834000,3.420200,21.987400,1,41853,41853,1,4,closed,2969
54.738298,1,25,7,32,4,16.667101,1.927900,3.645400,11.075600,1,41853,41853,1,4,closed,2970
54.754851,1,25,7,32,4,16.666901,2.329100,4.567800,17.477600,1,41853,41853,1,4,closed,2971
54.771475,1,25,7,32,4,16.666800,2.029900,3.293200,15.994900,1,41853,41853,1,4,closed,2972
54.788127,1,25,7,32,4,16.666698,1.803600,3.188700,17.342400,1,41853,41853,1,4,closed,2973
54.808994,1,25,7,32,4,16.666800,1.798400,3.025600,15.906900,1,41277,41277,1,4,closed,2974
54.821601,1,25,7,32,4,16.666901,9.565000,4.752000,25.012199,1,41277,41277,1,4,closed,2975
54.838160,1,25,7,32,4,16.666901,2.982500,3.986700,8.619000,1,41277,41277,1,4,closed,2976
54.854845,1,25,7,32,4,16.666901,2.165200,4.546500,16.600000,1,41277,41277,1,4,closed,2977
54.871509,1,25,7,32,4,16.666901,2.039100,3.085900,16.613400,1,41277,41277,1,4,closed,2978
54.888141,1,25,7,32,4,16.666800,2.517700,3.015600,16.808001,1,41277,41277,1,4,closed,2979
54.908470,1,25,7,27,4,16.666901,2.318000,4.513700,16.840700,1,37768,37768,1,4,closed,2980
54.921490,1,25,6,27,4,16.666698,6.337600,4.408200,20.604900,1,37768,37768,1,4,closed,2981
54.938144,1,25,6,27,4,16.666800,2.195200,3.729900,15.543300,1,37768,37768,1,4,closed,2982
54.954906,1,25,6,27,4,16.666698,2.286400,5.038300,13.968400,1,37768,37768,1,4,closed,2983
54.971485,1,25,6,27,4,16.666800,2.406600,4.795800,16.271299,1,37768,37768,1,4,closed,2984
54.988155,1,25,6,27,4,16.666800,2.569200,3.514400,16.453699,1,37768,37768,1,4,closed,2985
55.008363,1,25,6,25,3,16.666901,2.293500,3.751000,16.840700,1,36005,36005,1,3,closed,2986
55.021515,1,25,5,25,3,16.666800,6.086900,4.499700,20.671499,1,36005,36005,1,3,closed,2987
55.038137,1,25,5,25,3,16.666901,2.336000,3.522600,15.902700,1,36005,36005,1,3,closed,2988
55.054814,1,25,5,25,3,16.666800,2.089400,3.638400,14.163900,1,36005,36005,1,3,closed,2989
55.071477,1,25,5,25,3,16.666800,1.903000,3.203900,15.828000,1,36005,36005,1,3,closed,2990
55.088205,1,25,5,25,3,16.698301,2.039200,3.786500,16.663601,1,36005,36005,1,3,closed,2991
55.111187,1,25,5,20,3,16.666698,2.327100,4.805700,16.718800,1,35933,35933,1,3,closed,2992
55.121495,1,25,5,20,3,16.666800,8.892100,4.069700,24.208401,1,35933,35933,1,3,closed,2993
55.138196,1,25,5,20,3,16.666800,2.096100,3.444400,12.215300,1,35933,35933,1,3,closed,2994
55.154847,1,25,5,20,3,16.666901,1.898200,3.535700,14.366700,1,35933,35933,1,3,closed,2995
55.171658,1,25,5,20,3,16.685200,1.924200,3.221200,15.836200,1,35933,35933,1,3,closed,2996
55.188221,1,25,5,20,3,16.667002,2.102200,3.580700,17.894400,1,35933,35933,1,3,closed,2997
55.208198,1,25,5,19,2,16.666901,1.973300,3.030300,16.110600,1,35416,35416,1,2,closed,2998
55.221526,1,25,5,19,2,16.666901,5.478200,3.351300,19.533800,1,35416,35416,1,2,closed,2999
55.238191,1,25,5,19,2,16.666698,2.075500,3.383000,13.974500,1,35416,35416,1,2,closed,3000
55.254919,1,25,5,19,2,16.666698,2.031500,4.869000,16.934999,1,35416,35416,1,2,closed,3001
55.271497,1,25,5,19,2,16.666803,1.777900,3.678500,15.800300,1,35416,35416,1,2,closed,3002
55.288244,1,25,5,19,2,16.666698,1.619400,3.184500,16.780300,1,35416,35416,1,2,closed,3003
55.308440,1,25,5,17,2,16.666901,2.584200,3.233200,16.790501,1,34382,34382,1,2,closed,3004
55.321525,1,25,5,17,2,16.666901,5.898400,3.983800,20.065300,1,34382,34382,1,2,closed,3005
55.338166,1,25,5,17,2,16.666897,5.121900,4.037000,16.013300,1,34382,34382,1,2,closed,3006
55.354912,1,25,5,17,2,16.666901,2.321600,2.695800,14.083100,1,34382,34382,1,2,closed,3007
55.371492,1,25,5,17,2,16.666901,1.834400,2.937900,16.393200,1,34382,34382,1,2,closed,3008
55.388190,1,25,5,17,2,16.666800,1.632700,3.111800,16.533501,1,34382,34382,1,2,closed,3009
55.408097,1,25,5,16,1,16.666800,1.882700,2.970400,16.638901,1,32958,32958,1,1,closed,3010
55.421616,1,25,5,16,1,16.667002,5.242300,3.184600,19.820601,1,32958,32958,1,1,closed,3011
55.438195,1,25,5,16,1,16.666698,1.912300,3.284100,13.493200,1,32958,32958,1,1,closed,3012
55.454864,1,25,5,16,1,16.666800,2.184100,3.925200,16.504900,1,32958,32958,1,1,closed,3013
55.471562,1,25,5,16,1,16.666901,2.183200,4.285100,16.751600,1,32958,32958,1,1,closed,3014
55.488185,1,25,5,16,1,16.667101,2.112100,3.799300,16.590799,1,32958,32958,1,1,closed,3015
55.504834,1,25,5,16,1,16.666698,2.162500,2.998200,16.554001,1,32958,32958,1,1,closed,3016
55.521510,1,25,5,16,1,16.666901,1.665700,3.948900,16.713699,1,32958,32958,1,1,closed,3017
55.538161,1,25,5,16,1,16.666800,1.894200,4.065900,16.642099,1,32958,32958,1,1,closed,3018
55.554881,1,25,5,16,1,16.666901,1.803000,4.198600,16.646099,1,32958,32958,1,1,closed,3019
55.571489,1,25,5,16,1,16.666698,1.947200,4.255700,16.865299,1,32958,32958,1,1,closed,3020
55.588175,1,25,5,16,1,16.666800,1.795900,3.457700,16.439301,1,32958,32958,1,1,closed,3021
55.604836,1,25,5,16,1,16.666901,1.637100,3.188900,16.718901,1,32958,32958,1,1,closed,3022
55.621481,1,25,5,16,1,16.666698,1.809700,3.149400,16.618500,1,32958,32958,1,1,closed,3023
55.638191,1,25,5,16,1,16.666800,1.603500,4.167500,16.689100,1,32958,32958,1,1,closed,3024
55.660991,2,25,5,15,0,16.666901,1.732800,4.335200,16.747499,1,33663,33663,1,0,closed,3025
55.765598,1,26,5,24,2,104.340500,103.295097,5.564600,118.428703,1,25829,25829,0,0,closed,3026
55.866343,1,26,12,24,2,102.883698,103.048798,5.575200,103.302101,1,29314,29314,0,0,closed,3027
55.878763,1,26,12,24,2,16.666901,9.862400,4.255800,13.272100,1,29314,29314,0,0,closed,3028
55.895523,1,26,12,24,2,16.666901,2.498400,3.171200,7.383100,1,29314,29314,0,0,closed,3029
55.912169,1,26,12,24,2,16.666901,2.565900,3.859000,16.799700,1,29314,29314,0,0,closed,3030
55.928788,1,26,12,24,2,16.674400,2.383900,3.379300,16.475100,1,29314,29314,0,0,closed,3031
55.945489,1,26,12,24,2,16.666800,1.944500,3.144200,15.656000,1,29314,29314,0,0,closed,3032
55.964916,1,26,12,23,2,16.666901,1.981400,3.225300,16.963600,1,29993,29993,0,0,closed,3033
55.978821,1,26,12,23,2,16.666698,5.362200,3.511400,19.949499,1,29993,29993,0,0,closed,3034
55.995595,1,26,12,23,2,16.666800,2.084200,3.413600,12.726300,1,29993,29993,0,0,closed,3035
56.012176,1,26,12,23,2,16.666901,2.227500,3.448100,16.838600,1,29993,29993,0,0,closed,3036
56.028946,1,26,12,23,2,16.666901,2.664800,4.085500,17.537100,1,29993,29993,0,0,closed,3037
56.045534,1,26,12,23,2,16.666901,2.459900,4.815300,16.395201,1,29993,29993,0,0,closed,3038
56.064871,1,26,12,20,2,16.666698,2.385100,3.765900,16.088100,1,25906,25906,0,0,closed,3039
56.078800,1,26,10,20,2,16.666901,5.753600,4.323100,20.136000,1,25906,25906,0,0,closed,3040
56.224941,1,26,10,18,2,141.251205,2.014800,0.304200,13.655000,1,25298,25298,0,0,closed,3041
56.236746,1,26,9,18,2,16.666698,118.307297,3.937300,146.023407,1,25298,25298,0,0,closed,3042
56.253329,1,26,9,18,2,16.666702,2.613000,2.970600,12.930100,1,25298,25298,0,0,closed,3043
56.270001,1,26,9,18,2,16.666897,1.755400,3.026800,14.470100,1,25298,25298,0,0,closed,3044
56.297927,1,26,9,18,2,27.446203,1.827200,3.532300,16.924700,1,25298,25298,0,0,closed,3045
56.314624,1,26,9,18,2,16.883999,2.899900,14.135000,16.924700,1,25298,25298,0,0,closed,3046
56.339494,1,26,9,18,2,18.384598,3.127900,5.457800,18.649099,1,25619,25619,0,0,closed,3047
56.354753,1,26,9,18,2,17.912201,10.464400,5.318400,25.688101,1,25619,25619,0,0,closed,3048
56.367594,1,26,9,18,2,16.850502,6.786300,4.437700,12.248000,1,25619,25619,0,0,closed,3049
56.385470,1,26,9,18,2,17.884899,6.754800,5.089200,16.993299,1,25619,25619,0,0,closed,3050
56.403044,1,26,9,18,2,16.666800,2.787900,6.562900,14.554100,1,25619,25619,0,0,closed,3051
56.419102,1,26,9,18,2,16.827599,3.698200,4.764000,17.365999,1,25619,25619,0,0,closed,3052
56.440636,1,26,9,18,2,16.706501,3.103500,6.000500,16.265301,1,25173,25173,0,0,closed,3053
56.452430,1,26,9,18,2,16.672701,8.644200,6.528500,21.725100,1,25173,25173,0,0,closed,3054
56.469103,1,26,9,18,2,16.667002,2.849900,5.837100,10.784800,1,25173,25173,0,0,closed,3055
56.486891,1,26,9,18,2,17.542999,3.636200,5.016100,17.980400,1,25173,25173,0,0,closed,3056
56.503386,1,26,9,18,2,16.666800,3.431800,5.546000,17.116199,1,25173,25173,0,0,closed,3057
56.519990,1,26,9,18,2,16.691599,2.697300,4.961000,15.875100,1,25173,25173,0,0,closed,3058
56.541834,1,26,9,17,2,16.741901,2.730300,5.611200,17.052601,1,25627,25627,0,0,closed,3059
56.553373,1,26,8,17,2,16.710003,9.910800,6.962700,23.670799,1,25627,25627,0,0,closed,3060
56.570081,1,26,8,17,2,16.666698,3.672600,5.980400,9.409500,1,25627,25627,0,0,closed,3061
56.586721,1,26,8,17,2,16.666998,2.582700,3.834300,16.624701,1,25627,25627,0,0,closed,3062
56.603437,1,26,8,17,2,16.666803,2.368800,4.760300,16.740299,1,25627,25627,0,0,closed,3063
56.620138,1,26,8,17,2,16.686001,2.723100,3.912400,16.618500,1,25627,25627,0,0,closed,3064
56.641054,1,26,8,14,2,16.666897,2.519300,5.014900,16.739401,1,25297,25297,0,0,closed,3065
56.653316,1,26,7,14,2,16.666702,7.832400,4.662600,21.530600,1,25297,25297,0,0,closed,3066
56.670021,1,26,7,14,2,16.666998,2.300300,4.015400,14.717900,1,25297,25297,0,0,closed,3067
56.686751,1,26,7,14,2,16.666901,2.128300,6.319800,13.998100,1,25297,25297,0,0,closed,3068
56.703492,1,26,7,14,2,16.667202,2.830700,4.214600,16.401400,1,25297,25297,0,0,closed,3069
56.720101,1,26,7,14,2,16.666800,2.749300,5.153300,16.541700,1,25297,25297,0,0,closed,3070
56.741014,1,26,7,12,2,16.666901,2.589900,4.726800,17.147900,1,23263,23263,0,0,closed,3071
56.753493,1,26,7,12,2,16.666901,7.665500,6.028400,21.314501,1,23263,23263,0,0,closed,3072
56.770106,1,26,7,12,2,16.668198,3.119400,4.708000,15.085600,1,23263,23263,0,0,closed,3073
56.786669,1,26,7,12,2,16.667002,2.447000,3.701500,13.196300,1,23263,23263,0,0,closed,3074
56.803645,1,26,7,12,2,16.803499,2.145100,4.086900,16.544800,1,23263,23263,0,0,closed,3075
56.820208,1,26,7,12,2,16.666800,2.535100,7.273300,17.745899,1,23263,23263,0,0,closed,3076
56.841427,1,26,7,11,2,16.689301,2.751900,5.897300,15.757300,1,22040,22040,0,0,closed,3077
56.853613,1,26,6,11,2,16.666702,8.492100,7.513300,22.488100,1,22040,22040,0,0,closed,3078
56.870301,1,26,6,11,2,16.666800,3.093100,4.645700,10.625000,1,22040,22040,0,0,closed,3079
56.886895,1,26,6,11,2,16.666800,6.098300,4.573500,20.145100,1,22040,22040,0,0,closed,3080
56.903751,1,26,6,11,2,16.667198,2.531800,4.124300,13.450300,1,22040,22040,0,0,closed,3081
56.920271,1,26,6,11,2,16.666800,3.787000,5.181000,18.136000,1,22040,22040,0,0,closed,3082
56.940948,1,26,6,9,2,16.666698,2.877300,4.797700,15.374300,1,21294,21294,0,0,closed,3083
56.953725,1,26,4,9,2,16.666800,6.706300,6.051600,21.079000,1,21294,21294,0,0,closed,3084
56.970178,1,26,4,9,2,16.666800,3.229700,6.517900,13.640700,1,21294,21294,0,0,closed,3085
56.986848,1,26,4,9,2,16.666803,2.363800,4.173100,15.083600,1,21294,21294,0,0,closed,3086
57.003786,1,26,4,9,2,16.666800,2.223800,4.018000,16.629700,1,21294,21294,0,0,closed,3087
57.020316,1,26,4,9,2,16.666698,2.622900,4.500300,17.762300,1,21294,21294,0,0,closed,3088
57.040398,1,26,4,9,2,16.668800,2.529800,4.130200,16.029699,1,21053,21053,0,0,closed,3089
57.053714,1,26,4,9,2,16.688601,6.240800,5.388900,19.721201,1,21053,21053,0,0,closed,3090
57.070382,1,26,4,9,2,16.666998,2.925700,4.837600,14.209100,1,21053,21053,0,0,closed,3091
57.087022,1,26,4,9,2,16.700701,2.686300,4.586200,15.960000,1,21053,21053,0,0,closed,3092
57.103715,1,26,4,9,2,16.666901,2.647200,5.558800,17.048599,1,21053,21053,0,0,closed,3093
57.120329,1,26,4,9,2,16.666800,3.022500,4.821500,16.924700,1,21053,21053,0,0,closed,3094
57.139809,1,26,4,8,2,16.666901,3.101200,5.161400,16.770000,1,21106,21106,0,0,closed,3095
57.153604,1,26,4,8,2,16.666901,5.643300,4.124300,18.918400,1,21106,21106,0,0,closed,3096
57.170301,1,26,4,8,2,16.666800,2.950700,3.880400,14.044200,1,21106,21106,0,0,closed,3097
57.186973,1,26,4,8,2,16.666800,3.087100,5.407700,16.556000,1,21106,21106,0,0,closed,3098
57.203714,1,26,4,8,2,16.667002,2.427900,3.646700,16.368601,1,21106,21106,0,0,closed,3099
57.220254,1,26,4,8,2,16.666698,2.393600,3.614000,16.513100,1,21106,21106,0,0,closed,3100
57.238954,1,26,4,7,1,16.666698,2.069700,3.433500,16.708599,1,20913,20913,0,0,closed,3101
57.253614,1,26,3,7,1,16.666702,4.295300,4.491300,18.581499,1,20913,20913,0,0,closed,3102
57.270299,1,26,3,7,1,16.666901,2.164200,4.303600,14.427100,1,20913,20913,0,0,closed,3103
57.286959,1,26,3,7,1,16.666901,2.385000,4.445900,16.649200,1,20913,20913,0,0,closed,3104
57.303558,1,26,3,7,1,16.666800,2.478800,3.369300,16.742399,1,20913,20913,0,0,closed,3105
57.320199,1,26,3,7,1,16.666897,2.131500,4.614400,16.734200,1,20913,20913,0,0,closed,3106
57.336846,1,26,3,7,1,16.666803,1.720400,3.973800,17.164301,1,20913,20913,0,0,closed,3107
57.353743,1,26,3,7,1,16.667198,1.795600,4.865600,15.670300,1,20913,20913,0,0,closed,3108
57.370212,1,26,3,7,1,16.666800,2.527600,3.843700,17.375200,1,20913,20913,0,0,closed,3109
57.386844,1,26,3,7,1,16.666800,2.141100,3.413300,16.211000,1,20913,20913,0,0,closed,3110
57.403565,1,26,3,7,1,16.667002,4.246100,3.859000,18.626499,1,20913,20913,0,0,closed,3111
57.420255,1,26,3,7,1,16.666800,2.035900,3.413100,15.016000,1,20913,20913,0,0,closed,3112
57.437022,1,26,3,7,1,16.668699,2.175300,4.980700,16.270300,1,20913,20913,0,0,closed,3113
57.455225,1,26,3,7,1,16.692600,2.402400,5.213300,16.783400,1,20913,20913,0,0,closed,3114
57.473652,1,26,3,7,1,19.996300,7.852400,7.055800,21.956600,1,20913,20913,0,0,closed,3115
57.495664,2,26,3,6,0,17.282299,4.033700,5.350600,16.192499,1,20246,20246,0,0,closed,3116
57.635223,2,26,3,6,0,141.603287,141.209106,5.350600,16.192499,1,20246,20246,0,0,closed,3117
57.649162,2,26,3,6,0,16.666901,6.131400,5.504700,11.454500,1,20246,20246,0,0,closed,3118
57.665888,2,26,3,6,0,16.668402,2.552600,5.454300,9.508800,1,20246,20246,0,0,closed,3119
57.682973,2,26,3,6,0,16.666897,2.516200,4.295500,16.521299,1,20246,20246,0,0,closed,3120
57.699101,2,26,3,6,0,16.666800,2.696000,4.714700,16.621500,1,20246,20246,0,0,closed,3121
57.716061,2,26,3,6,0,16.666702,2.465800,3.308400,15.369200,1,20246,20246,0,0,closed,3122
57.732477,2,26,3,6,0,16.666901,2.369000,4.077900,17.498199,1,20246,20246,0,0,closed,3123
57.750596,0,27,3,0,0,16.666897,2.553700,5.220700,16.602100,1,6376,6376,0,0,closed,3124
57.884460,1,27,6,24,2,128.230499,128.618103,6.699300,141.732803,1,20361,20361,0,0,closed,3125
58.014306,1,27,12,24,2,132.138000,130.946396,6.691900,130.960403,1,26918,26918,0,0,closed,3126
58.026317,1,27,12,24,2,16.668398,14.798900,6.691900,130.960403,1,26918,26918,0,0,closed,3127
58.042876,1,27,12,24,2,16.667101,4.846900,4.262000,14.818300,1,26918,26918,0,0,closed,3128
58.059489,1,27,12,24,2,16.666901,4.359800,4.470800,12.062700,1,26918,26918,0,0,closed,3129
58.076123,1,27,12,24,2,16.666800,4.337100,5.451400,11.744300,1,26918,26918,0,0,closed,3130
58.092819,1,27,12,24,2,16.666800,4.352400,4.664300,16.860100,1,26918,26918,0,0,closed,3131
58.114117,1,27,12,23,2,16.734898,4.152000,4.210800,16.688200,1,27455,27455,0,0,closed,3132
58.126273,1,27,11,23,2,16.666800,10.700100,4.915400,23.899099,1,27455,27455,0,0,closed,3133
58.142894,1,27,11,23,2,16.666901,4.474800,5.099700,11.399200,1,27455,27455,0,0,closed,3134
58.159518,1,27,11,23,2,16.666698,3.520600,4.703200,15.725500,1,27455,27455,0,0,closed,3135
58.176292,1,27,11,23,2,16.666800,3.710900,3.954100,17.396799,1,27455,27455,0,0,closed,3136
58.193031,1,27,11,23,2,16.666702,4.668800,5.548600,17.409000,1,27455,27455,0,0,closed,3137
58.351270,1,27,11,21,2,151.414795,4.979600,0.371700,17.577000,1,25746,25746,0,0,closed,3138
58.361177,1,27,11,21,2,16.750597,130.218903,0.371700,17.577000,1,25746,25746,0,0,closed,3139
58.377732,1,27,11,21,2,16.666901,4.977300,4.275900,10.726400,1,25746,25746,0,0,closed,3140
58.394344,1,27,11,21,2,16.666901,4.946500,4.609400,13.234100,1,25746,25746,0,0,closed,3141
58.411128,1,27,11,21,2,16.667101,4.258200,4.884800,15.425600,1,25746,25746,0,0,closed,3142
58.427723,1,27,11,21,2,16.666901,4.554800,4.246900,16.854000,1,25746,25746,0,0,closed,3143
58.448885,1,27,11,20,2,16.666901,3.206600,4.359100,15.281100,1,25629,25629,0,0,closed,3144
58.462008,1,27,10,20,2,17.006397,10.521000,7.514600,15.281100,1,25629,25629,0,0,closed,3145
58.478574,1,27,10,20,2,16.941402,3.868700,5.696400,11.769800,1,25629,25629,0,0,closed,3146
58.495138,1,27,10,20,2,16.666901,3.361600,5.924700,14.304300,1,25629,25629,0,0,closed,3147
58.511780,1,27,10,20,2,16.666901,2.732800,5.534400,16.768000,1,25629,25629,0,0,closed,3148
58.528393,1,27,10,20,2,16.666998,3.683100,4.485400,15.754200,1,25629,25629,0,0,closed,3149
58.549089,1,27,10,18,2,16.666800,7.163500,6.057900,21.184500,1,25101,25101,0,0,closed,3150
58.561711,1,27,10,18,2,16.666901,8.496600,5.622800,18.293800,1,25101,25101,0,0,closed,3151
58.725809,1,27,10,17,2,160.081100,3.476000,0.347000,10.929100,1,24732,24732,0,0,closed,3152
58.738425,1,27,9,17,2,16.666800,133.757202,4.442300,164.421707,1,24732,24732,0,0,closed,3153
58.755277,1,27,9,17,2,16.670902,2.614200,4.690700,12.788800,1,24732,24732,0,0,closed,3154
58.771763,1,27,9,17,2,16.666800,2.383800,4.327300,15.825900,1,24732,24732,0,0,closed,3155
58.788456,1,27,9,17,2,16.666901,2.168600,3.492300,16.873501,1,24732,24732,0,0,closed,3156
58.805170,1,27,9,17,2,16.666800,2.615000,4.812200,16.602100,1,24732,24732,0,0,closed,3157
58.824266,1,27,9,11,2,16.666800,2.568700,3.184300,16.178101,1,21899,21899,0,0,closed,3158
58.838391,1,27,6,11,2,16.666800,4.951100,3.631200,19.582001,1,21899,21899,0,0,closed,3159
58.855097,1,27,6,11,2,16.666901,2.010800,3.266700,16.742399,1,21899,21899,0,0,closed,3160
58.871828,1,27,6,11,2,16.667002,1.883200,3.451000,13.618200,1,21899,21899,0,0,closed,3161
58.888450,1,27,6,11,2,16.666698,2.225400,3.775800,17.054701,1,21899,21899,0,0,closed,3162
58.905081,1,27,6,11,2,16.666901,2.538300,4.196200,16.302099,1,21899,21899,0,0,closed,3163
58.924407,1,27,6,11,2,16.666698,1.933500,4.426600,16.749500,1,22490,22490,0,0,closed,3164
58.938481,1,27,6,11,2,16.666901,5.574100,4.635300,20.301901,1,22490,22490,0,0,closed,3165
58.955153,1,27,6,11,2,16.666800,2.701200,4.634400,15.312900,1,22490,22490,0,0,closed,3166
58.971756,1,27,6,11,2,16.666800,2.280300,3.819900,14.227400,1,22490,22490,0,0,closed,3167
58.988471,1,27,6,11,2,16.667002,2.120700,4.300400,16.875500,1,22490,22490,0,0,closed,3168
59.005180,1,27,6,11,2,16.667002,2.338500,3.553100,16.393200,1,22490,22490,0,0,closed,3169
59.024896,1,27,6,10,2,16.666901,2.062000,4.843400,17.221701,1,21701,21701,0,0,closed,3170
59.038459,1,27,6,10,2,16.666800,6.478600,4.692600,20.542400,1,21701,21701,0,0,closed,3171
59.055103,1,27,6,10,2,16.666698,5.470300,5.155400,15.680600,1,21701,21701,0,0,closed,3172
59.071833,1,27,6,10,2,16.666901,2.409300,3.757900,13.462500,1,21701,21701,0,0,closed,3173
59.088607,1,27,6,10,2,16.666698,2.207800,5.231700,16.748501,1,21701,21701,0,0,closed,3174
59.105065,1,27,6,10,2,16.666800,2.697400,4.009600,17.059900,1,21701,21701,0,0,closed,3175
59.124186,1,27,6,9,1,16.666800,2.333500,3.452600,15.951800,1,21316,21316,0,0,closed,3176
59.138537,1,27,5,9,1,16.666698,5.070800,4.512900,19.657801,1,21316,21316,0,0,closed,3177
59.155159,1,27,5,9,1,16.667002,2.493700,5.771400,14.493700,1,21316,21316,0,0,closed,3178
59.171799,1,27,5,9,1,16.666901,2.593200,4.771100,16.186300,1,21316,21316,0,0,closed,3179
59.188495,1,27,5,9,1,16.666901,2.597200,4.520500,16.953400,1,21316,21316,0,0,closed,3180
59.205148,1,27,5,9,1,16.666800,3.086300,5.295200,16.179199,1,21316,21316,0,0,closed,3181
59.226030,1,27,5,9,1,16.666901,2.151200,3.784400,16.695299,1,21167,21167,0,0,closed,3182
59.238619,1,27,5,9,1,16.719400,6.824400,4.314800,21.525499,1,21167,21167,0,0,closed,3183
59.255185,1,27,5,9,1,16.666901,2.643500,6.811900,12.644300,1,21167,21167,0,0,closed,3184
59.271876,1,27,5,9,1,16.666698,2.549900,4.335200,16.163900,1,21167,21167,0,0,closed,3185
59.288518,1,27,5,9,1,16.666698,2.335900,4.112000,16.615400,1,21167,21167,0,0,closed,3186
59.305149,1,27,5,9,1,16.666800,2.139000,4.893900,16.455700,1,21167,21167,0,0,closed,3187
59.324423,1,27,5,9,1,16.666698,2.058700,4.537200,16.622601,1,21342,21342,0,0,closed,3188
59.338465,1,27,5,9,1,16.666698,4.780600,4.440900,19.250099,1,21342,21342,0,0,closed,3189
59.355146,1,27,5,9,1,16.666901,2.192100,4.215100,14.496800,1,21342,21342,0,0,closed,3190
59.371799,1,27,5,9,1,16.666800,2.100000,4.056600,16.265200,1,21342,21342,0,0,closed,3191
59.388454,1,27,5,9,1,16.666901,2.257400,3.136100,16.643101,1,21342,21342,0,0,closed,3192
59.405168,1,27,5,9,1,16.666702,2.172600,3.679200,16.561100,1,21342,21342,0,0,closed,3193
59.425191,1,27,5,8,1,16.666800,2.105100,3.868700,16.660500,1,21488,21488,0,0,closed,3194
59.438463,1,27,5,8,1,16.666897,5.741100,4.108300,20.593700,1,21488,21488,0,0,closed,3195
59.455199,1,27,5,8,1,16.666901,2.137100,4.450400,12.733400,1,21488,21488,0,0,closed,3196
59.471834,1,27,5,8,1,16.667500,2.242300,3.640700,16.909300,1,21488,21488,0,0,closed,3197
59.488432,1,27,5,8,1,16.666702,1.984700,3.860900,16.487499,1,21488,21488,0,0,closed,3198
59.505131,1,27,5,8,1,16.666800,1.937800,3.753900,16.585699,1,21488,21488,0,0,closed,3199
59.525273,1,27,5,8,1,16.666800,2.263100,4.510000,16.809000,1,20587,20587,0,0,closed,3200
59.538501,1,27,5,8,1,16.666901,5.840200,3.381500,20.499399,1,20587,20587,0,0,closed,3201
59.555155,1,27,5,8,1,16.666698,4.190700,3.889100,14.857200,1,20587,20587,0,0,closed,3202
59.571802,1,27,5,8,1,16.666901,2.171800,4.600400,14.661700,1,20587,20587,0,0,closed,3203
59.588522,1,27,5,8,1,16.666901,2.178200,4.050200,16.715700,1,20587,20587,0,0,closed,3204
59.605241,1,27,5,8,1,16.666901,2.329800,3.584100,16.559099,1,20587,20587,0,0,closed,3205
59.625058,1,27,5,7,1,16.666698,2.303700,4.332600,17.732599,1,20944,20944,0,0,closed,3206
59.638532,1,27,5,7,1,16.666800,5.730800,4.261300,19.649599,1,20944,20944,0,0,closed,3207
59.655166,1,27,5,7,1,16.666901,1.996200,4.178800,12.708800,1,20944,20944,0,0,closed,3208
59.671864,1,27,5,7,1,16.666998,2.090500,3.212800,16.636000,1,20944,20944,0,0,closed,3209
59.688454,1,27,5,7,1,16.666800,3.059500,3.324400,17.302500,1,20944,20944,0,0,closed,3210
59.705205,1,27,5,7,1,16.666803,2.041300,3.206300,16.218100,1,20944,20944,0,0,closed,3211
59.724965,1,27,5,7,1,16.666800,2.082800,3.204100,16.653299,1,21104,21104,0,0,closed,3212
59.738527,1,27,5,7,1,16.666800,5.328300,3.190100,19.681299,1,21104,21104,0,0,closed,3213
59.755126,1,27,5,7,1,16.666800,2.319700,3.608900,13.383700,1,21104,21104,0,0,closed,3214
59.771818,1,27,5,7,1,16.666698,2.240600,3.496300,17.419201,1,21104,21104,0,0,closed,3215
59.788487,1,27,5,7,1,16.666800,1.977500,3.689900,16.782400,1,21104,21104,0,0,closed,3216
59.805131,1,27,5,7,1,16.666901,2.008300,3.042900,16.155600,1,21104,21104,0,0,closed,3217
59.821782,1,27,5,7,1,16.666698,1.888900,3.117900,16.804899,1,21104,21104,0,0,closed,3218
59.838456,1,27,5,7,1,16.666901,2.045500,3.644900,16.094200,1,21104,21104,0,0,closed,3219
59.855124,1,27,5,7,1,16.666698,2.067300,2.926000,17.047501,1,21104,21104,0,0,closed,3220
59.871791,1,27,5,7,1,16.666698,1.898100,2.859600,16.588800,1,21104,21104,0,0,closed,3221
59.888486,1,27,5,7,1,16.666800,2.068100,3.190800,16.353300,1,21104,21104,0,0,closed,3222
59.905106,1,27,5,7,1,16.666901,2.110200,3.881000,17.013800,1,21104,21104,0,0,closed,3223
59.921819,1,27,5,7,1,16.679001,2.089200,3.124900,16.330700,1,21104,21104,0,0,closed,3224
59.941537,1,28,5,12,1,16.666702,2.236900,4.612700,16.891899,1,14653,14653,0,0,closed,3225
60.067233,1,28,12,12,1,125.221100,124.882301,4.612700,16.891899,1,16220,16220,0,0,closed,3226
60.171761,1,28,12,11,1,105.507500,105.409401,4.102800,139.105301,1,17373,17373,0,0,closed,3227
60.186153,1,28,11,11,1,16.666998,6.058800,3.914100,6.970400,1,17373,17373,0,0,closed,3228
60.202608,1,28,11,11,1,16.666800,2.691100,3.362800,11.663400,1,17373,17373,0,0,closed,3229
60.219194,1,28,11,11,1,16.666901,2.043000,3.092600,16.707500,1,17373,17373,0,0,closed,3230
60.235902,1,28,11,11,1,16.671400,1.751400,3.140000,16.578600,1,17373,17373,0,0,closed,3231
60.252578,1,28,11,11,1,16.666901,1.977600,5.689600,16.591900,1,17373,17373,0,0,closed,3232
60.384442,1,28,11,11,1,129.801193,2.284900,0.299800,17.021900,1,16036,16036,0,0,closed,3233
60.398985,1,28,11,11,1,16.666800,110.887199,4.796300,132.291595,1,16036,16036,0,0,closed,3234
60.415704,1,28,11,11,1,16.666800,2.529500,4.280500,14.263300,1,16036,16036,0,0,closed,3235
60.432436,1,28,11,11,1,16.666901,2.037800,3.640600,16.890900,1,16036,16036,0,0,closed,3236
60.449072,1,28,11,11,1,16.666800,2.318900,3.284600,16.161800,1,16036,16036,0,0,closed,3237
60.465746,1,28,11,11,1,16.666702,2.229100,4.035800,16.461800,1,16036,16036,0,0,closed,3238
60.484498,1,28,11,8,1,16.666698,2.468300,3.627200,17.270800,1,14840,14840,0,0,closed,3239
60.498998,1,28,8,8,1,16.666698,4.828600,4.505500,19.184601,1,14840,14840,0,0,closed,3240
60.515817,1,28,8,8,1,16.666901,2.062100,3.215300,13.698100,1,14840,14840,0,0,closed,3241
60.532660,1,28,8,8,1,16.667002,2.037800,4.131300,16.981001,1,14840,14840,0,0,closed,3242
60.549087,1,28,8,8,1,16.666901,2.620800,3.986200,16.725000,1,14840,14840,0,0,closed,3243
60.565703,1,28,8,8,1,16.666698,2.298400,3.254300,16.822201,1,14840,14840,0,0,closed,3244
60.584603,1,28,8,7,1,16.666901,2.222900,3.728200,15.820800,1,13775,13775,0,0,closed,3245
60.599170,1,28,7,7,1,16.666901,6.274700,4.672000,21.042200,1,13775,13775,0,0,closed,3246
60.615741,1,28,7,7,1,16.666800,2.840300,4.133700,12.667900,1,13775,13775,0,0,closed,3247
60.632426,1,28,7,7,1,16.666698,2.101400,4.936700,16.526300,1,13775,13775,0,0,closed,3248
60.649033,1,28,7,7,1,16.667002,2.273500,3.222600,17.158199,1,13775,13775,0,0,closed,3249
60.665817,1,28,7,7,1,16.666698,1.885500,3.454500,16.120800,1,13775,13775,0,0,closed,3250
60.684788,1,28,7,7,1,16.667002,2.178100,4.979400,16.912399,1,12998,12998,0,0,closed,3251
60.699044,1,28,7,7,1,16.666800,5.506400,4.594200,20.034599,1,12998,12998,0,0,closed,3252
60.715776,1,28,7,7,1,16.666901,2.308200,3.446500,13.197300,1,12998,12998,0,0,closed,3253
60.732398,1,28,7,7,1,16.666698,2.139200,2.892700,16.672701,1,12998,12998,0,0,closed,3254
60.749090,1,28,7,7,1,16.666800,1.946400,3.505000,17.005600,1,12998,12998,0,0,closed,3255
60.765796,1,28,7,7,1,16.666901,2.437800,3.764800,16.405500,1,12998,12998,0,0,closed,3256
60.784416,1,28,7,7,1,16.679100,2.136400,4.080600,16.677900,1,14378,14378,0,0,closed,3257
60.799047,1,28,7,7,1,16.666698,4.744700,3.713700,18.845699,1,14378,14378,0,0,closed,3258
60.815722,1,28,7,7,1,16.666800,2.019800,3.016500,14.650400,1,14378,14378,0,0,closed,3259
60.832474,1,28,7,7,1,16.666698,1.799400,3.117600,16.101299,1,14378,14378,0,0,closed,3260
60.849065,1,28,7,7,1,16.666901,1.865700,3.035900,16.981001,1,14378,14378,0,0,closed,3261
60.865750,1,28,7,7,1,16.666800,1.766800,2.796000,16.610300,1,14378,14378,0,0,closed,3262
60.884333,1,28,7,5,1,16.666698,1.896800,3.205100,16.519199,1,14277,14277,0,0,closed,3263
60.899069,1,28,5,5,1,16.666698,4.472200,4.752900,19.315701,1,14277,14277,0,0,closed,3264
60.915776,1,28,5,5,1,16.666901,3.119600,4.034100,14.106600,1,14277,14277,0,0,closed,3265
60.932489,1,28,5,5,1,16.667002,1.928600,3.141100,16.879700,1,14277,14277,0,0,closed,3266
60.949133,1,28,5,5,1,16.666698,2.185500,3.498800,16.714701,1,14277,14277,0,0,closed,3267
60.965734,1,28,5,5,1,16.666698,2.352200,3.529700,16.940001,1,14277,14277,0,0,closed,3268
60.984300,1,28,5,4,1,16.666901,1.844100,3.180700,15.968300,1,13563,13563,0,0,closed,3269
60.999059,1,28,4,4,1,16.666901,4.384200,4.191500,19.044399,1,13563,13563,0,0,closed,3270
61.015795,1,28,4,4,1,16.666800,1.946500,3.544300,14.368700,1,13563,13563,0,0,closed,3271
61.032499,1,28,4,4,1,16.666800,2.150100,3.782700,16.902201,1,13563,13563,0,0,closed,3272
61.049091,1,28,4,4,1,16.666702,2.226900,3.443700,16.798700,1,13563,13563,0,0,closed,3273
61.065702,1,28,4,4,1,16.666698,2.250600,3.336700,16.840700,1,13563,13563,0,0,closed,3274
61.082607,1,28,4,4,1,16.667002,1.835700,3.468900,16.672800,1,13563,13563,0,0,closed,3275
61.099119,1,28,4,4,1,16.666897,3.028400,3.525400,17.495001,1,13563,13563,0,0,closed,3276
61.115746,1,28,4,4,1,16.667002,4.489800,4.912300,17.766399,1,13563,13563,0,0,closed,3277
61.132445,1,28,4,4,1,16.666800,2.207000,3.289800,14.570500,1,13563,13563,0,0,closed,3278
61.149027,1,28,4,4,1,16.666901,2.184500,4.755900,16.473101,1,13563,13563,0,0,closed,3279
61.165757,1,28,4,4,1,16.666901,2.346200,3.728900,16.286699,1,13563,13563,0,0,closed,3280
61.182582,1,28,4,4,1,16.666901,2.230800,5.329800,17.009701,1,13563,13563,0,0,closed,3281
61.199096,1,28,4,4,1,16.666901,2.823900,4.054800,17.262600,1,13563,13563,0,0,closed,3282
61.215906,1,28,4,4,1,16.666698,3.637900,4.167300,16.246700,1,13563,13563,0,0,closed,3283
61.234866,3,28,4,3,0,16.666698,2.531600,4.755100,16.850000,1,13109,13109,0,0,closed,3284
