00:13.531  render           | Saved: 'C:\Users\iputu\Documents\Wonder Chess\exports\neutrals\wc_n_sprout\portrait.png'
00:15.625  render           | Saved: 'C:\Users\iputu\Documents\Wonder Chess\reports\WC-U440\20260906T133019Z\neutrals\wc_n_sprout\front.png'
00:17.515  render           | Saved: 'C:\Users\iputu\Documents\Wonder Chess\reports\WC-U440\20260906T133019Z\neutrals\wc_n_sprout\side.png'
00:20.203  render           | Saved: 'C:\Users\iputu\Documents\Wonder Chess\reports\WC-U440\20260906T133019Z\neutrals\wc_n_sprout\back.png'
00:21.609  render           | Video append frame 1
00:21.640  render           | Video append frame 2
00:21.671  render           | Video append frame 3
00:21.687  render           | Video append frame 4
00:21.718  render           | Video append frame 5
00:21.750  render           | Video append frame 6
00:21.765  render           | Video append frame 7
00:21.796  render           | Video append frame 8
00:21.812  render           | Video append frame 9
00:21.843  render           | Video append frame 10
00:21.859  render           | Video append frame 11
00:21.890  render           | Video append frame 12
00:21.906  render           | Video append frame 13
00:21.937  render           | Video append frame 14
00:21.953  render           | Video append frame 15
00:21.984  render           | Video append frame 16
00:22.000  render           | Video append frame 17
00:22.031  render           | Video append frame 18
00:22.046  render           | Video append frame 19
00:22.078  render           | Video append frame 20
00:22.093  render           | Video append frame 21
00:22.125  render           | Video append frame 22
00:22.140  render           | Video append frame 23
00:22.171  render           | Video append frame 24
00:22.187  render           | Video append frame 25
00:22.218  render           | Video append frame 26
00:22.234  render           | Video append frame 27
00:22.265  render           | Video append frame 28
00:22.296  render           | Video append frame 29
00:22.328  render           | Video append frame 30
00:22.359  render           | Video append frame 31
00:22.375  render           | Video append frame 32
00:22.406  render           | Video append frame 33
00:22.421  render           | Video append frame 34
00:22.453  render           | Video append frame 35
00:22.468  render           | Video append frame 36
00:22.500  render           | Video append frame 37
00:22.531  render           | Video append frame 38
00:22.546  render           | Video append frame 39
00:22.578  render           | Video append frame 40
00:22.609  render           | Video append frame 41
00:22.625  render           | Video append frame 42
00:22.656  render           | Video append frame 43
00:22.687  render           | Video append frame 44
00:22.703  render           | Video append frame 45
00:22.734  render           | Video append frame 46
00:22.765  render           | Video append frame 47
00:22.796  render           | Video append frame 48
00:22.812  render           | Video append frame 49
00:22.843  render           | Video append frame 50
00:22.859  render           | Video append frame 51
00:22.890  render           | Video append frame 52
00:22.921  render           | Video append frame 53
00:22.937  render           | Video append frame 54
00:22.968  render           | Video append frame 55
00:22.984  render           | Video append frame 56
00:23.015  render           | Video append frame 57
00:23.031  render           | Video append frame 58
00:23.062  render           | Video append frame 59
00:23.078  render           | Video append frame 60
00:23.109  render           | Video append frame 61
00:23.125  render           | Video append frame 62
00:23.140  render           | Video append frame 63
00:23.171  render           | Video append frame 64
00:23.203  render           | Video append frame 65
00:23.234  render           | Video append frame 66
00:23.250  render           | Video append frame 67
00:23.281  render           | Video append frame 68
00:23.312  render           | Video append frame 69
00:23.328  render           | Video append frame 70
00:23.359  render           | Video append frame 71
00:23.375  render           | Video append frame 72
00:23.390  render           | Video append frame 73
00:23.421  render           | Video append frame 74
00:23.437  render           | Video append frame 75
00:23.468  render           | Video append frame 76
00:23.484  render           | Video append frame 77
00:23.515  render           | Video append frame 78
00:23.531  render           | Video append frame 79
00:23.546  render           | Video append frame 80
00:23.578  render           | Video append frame 81
00:23.593  render           | Video append frame 82
00:23.625  render           | Video append frame 83
00:23.640  render           | Video append frame 84
00:23.671  render           | Video append frame 85
00:23.687  render           | Video append frame 86
00:23.718  render           | Video append frame 87
00:23.734  render           | Video append frame 88
00:23.765  render           | Video append frame 89
00:23.781  render           | Video append frame 90
00:23.796  render           | Video append frame 91
00:23.828  render           | Video append frame 92
00:23.843  render           | Video append frame 93
00:23.875  render           | Video append frame 94
00:23.890  render           | Video append frame 95
00:23.906  render           | Video append frame 96
00:23.937  render           | Video append frame 97
00:23.968  render           | Video append frame 98
00:23.984  render           | Video append frame 99
00:24.015  render           | Video append frame 100
00:24.031  render           | Video append frame 101
00:24.062  render           | Video append frame 102
00:24.078  render           | Video append frame 103
00:24.093  render           | Video append frame 104
00:24.125  render           | Video append frame 105
00:24.140  render           | Video append frame 106
00:24.156  render           | Video append frame 107
00:24.187  render           | Video append frame 108
00:24.203  render           | Video append frame 109
00:24.218  render           | Video append frame 110
00:24.250  render           | Video append frame 111
00:24.265  render           | Video append frame 112
00:24.296  render           | Video append frame 113
00:24.312  render           | Video append frame 114
00:24.328  render           | Video append frame 115
00:24.359  render           | Video append frame 116
00:24.375  render           | Video append frame 117
00:24.406  render           | Video append frame 118
00:24.421  render           | Video append frame 119
00:24.453  render           | Video append frame 120
00:24.468  render           | Video append frame 121
00:24.515  render           | Video append frame 1
00:24.531  render           | Video append frame 2
00:24.546  render           | Video append frame 3
00:24.578  render           | Video append frame 4
00:24.593  render           | Video append frame 5
00:24.609  render           | Video append frame 6
00:24.640  render           | Video append frame 7
00:24.656  render           | Video append frame 8
00:24.687  render           | Video append frame 9
00:24.703  render           | Video append frame 10
00:24.734  render           | Video append frame 11
00:24.750  render           | Video append frame 12
00:24.765  render           | Video append frame 13
00:24.781  render           | Video append frame 14
00:24.812  render           | Video append frame 15
00:24.828  render           | Video append frame 16
00:24.859  render           | Video append frame 17
00:24.875  render           | Video append frame 18
00:24.890  render           | Video append frame 19
00:24.921  render           | Video append frame 20
00:24.937  render           | Video append frame 21
00:24.968  render           | Video append frame 22
00:24.984  render           | Video append frame 23
00:25.015  render           | Video append frame 24
00:25.031  render           | Video append frame 25
00:25.046  render           | Video append frame 26
00:25.078  render           | Video append frame 27
00:25.093  render           | Video append frame 28
00:25.125  render           | Video append frame 29
00:25.140  render           | Video append frame 30
00:25.171  render           | Video append frame 31
00:25.187  render           | Video append frame 32
00:25.218  render           | Video append frame 33
00:25.234  render           | Video append frame 34
00:25.250  render           | Video append frame 35
00:25.281  render           | Video append frame 36
00:25.296  render           | Video append frame 37
00:25.328  render           | Video append frame 38
00:25.343  render           | Video append frame 39
00:25.359  render           | Video append frame 40
00:25.375  render           | Video append frame 41
00:25.406  render           | Video append frame 42
00:25.421  render           | Video append frame 43
00:25.437  render           | Video append frame 44
00:25.468  render           | Video append frame 45
00:25.484  render           | Video append frame 46
00:25.515  render           | Video append frame 47
00:25.531  render           | Video append frame 48
00:25.546  render           | Video append frame 49
00:25.578  render           | Video append frame 50
00:25.593  render           | Video append frame 51
00:25.625  render           | Video append frame 52
00:25.640  render           | Video append frame 53
00:25.671  render           | Video append frame 54
00:25.703  render           | Video append frame 55
00:25.718  render           | Video append frame 56
00:25.750  render           | Video append frame 57
00:25.765  render           | Video append frame 58
00:25.796  render           | Video append frame 59
00:25.812  render           | Video append frame 60
00:25.843  render           | Video append frame 61
00:25.875  render           | Video append frame 1
00:25.890  render           | Video append frame 2
00:25.906  render           | Video append frame 3
00:25.921  render           | Video append frame 4
00:25.953  render           | Video append frame 5
00:25.968  render           | Video append frame 6
00:25.984  render           | Video append frame 7
00:26.000  render           | Video append frame 8
00:26.015  render           | Video append frame 9
00:26.046  render           | Video append frame 10
00:26.062  render           | Video append frame 11
00:26.078  render           | Video append frame 12
00:26.109  render           | Video append frame 13
00:26.125  render           | Video append frame 14
00:26.140  render           | Video append frame 15
00:26.156  render           | Video append frame 16
00:26.187  render           | Video append frame 17
00:26.203  render           | Video append frame 18
00:26.218  render           | Video append frame 19
00:26.234  render           | Video append frame 20
00:26.265  render           | Video append frame 21
00:26.281  render           | Video append frame 22
00:26.296  render           | Video append frame 23
00:26.328  render           | Video append frame 24
00:26.343  render           | Video append frame 25
00:26.359  render           | Video append frame 26
00:26.390  render           | Video append frame 27
00:26.406  render           | Video append frame 28
00:26.437  render           | Video append frame 29
00:26.453  render           | Video append frame 30
00:26.484  render           | Video append frame 31
00:26.500  render           | Video append frame 32
00:26.515  render           | Video append frame 33
00:26.546  render           | Video append frame 34
00:26.562  render           | Video append frame 35
00:26.578  render           | Video append frame 36
00:26.609  render           | Video append frame 37
00:26.625  render           | Video append frame 38
00:26.640  render           | Video append frame 39
00:26.671  render           | Video append frame 40
00:26.687  render           | Video append frame 41
00:26.703  render           | Video append frame 42
00:26.734  render           | Video append frame 43
00:26.765  render           | Video append frame 1
00:26.796  render           | Video append frame 2
00:26.812  render           | Video append frame 3
00:26.828  render           | Video append frame 4
00:26.859  render           | Video append frame 5
00:26.875  render           | Video append frame 6
00:26.890  render           | Video append frame 7
00:26.906  render           | Video append frame 8
00:26.937  render           | Video append frame 9
00:26.953  render           | Video append frame 10
00:26.968  render           | Video append frame 11
00:27.000  render           | Video append frame 12
00:27.015  render           | Video append frame 13
00:27.031  render           | Video append frame 14
00:27.046  render           | Video append frame 15
00:27.078  render           | Video append frame 16
00:27.093  render           | Video append frame 17
00:27.109  render           | Video append frame 18
00:27.140  render           | Video append frame 19
00:27.156  render           | Video append frame 20
00:27.171  render           | Video append frame 21
00:27.203  render           | Video append frame 22
00:27.218  render           | Video append frame 23
00:27.234  render           | Video append frame 24
00:27.250  render           | Video append frame 25
00:27.296  render           | Video append frame 1
00:27.312  render           | Video append frame 2
00:27.328  render           | Video append frame 3
00:27.359  render           | Video append frame 4
00:27.375  render           | Video append frame 5
00:27.390  render           | Video append frame 6
00:27.406  render           | Video append frame 7
00:27.437  render           | Video append frame 8
00:27.453  render           | Video append frame 9
00:27.468  render           | Video append frame 10
00:27.484  render           | Video append frame 11
00:27.515  render           | Video append frame 12
00:27.531  render           | Video append frame 13
00:27.546  render           | Video append frame 14
00:27.578  render           | Video append frame 15
00:27.593  render           | Video append frame 16
00:27.609  render           | Video append frame 17
00:27.625  render           | Video append frame 18
00:27.656  render           | Video append frame 19
00:27.671  render           | Video append frame 20
00:27.687  render           | Video append frame 21
00:27.703  render           | Video append frame 22
00:27.734  render           | Video append frame 23
00:27.750  render           | Video append frame 24
00:27.765  render           | Video append frame 25
00:27.796  render           | Video append frame 26
00:27.812  render           | Video append frame 27
00:27.843  render           | Video append frame 28
00:27.859  render           | Video append frame 29
00:27.875  render           | Video append frame 30
00:27.906  render           | Video append frame 31
00:27.921  render           | Video append frame 32
00:27.937  render           | Video append frame 33
00:27.968  render           | Video append frame 34
00:27.984  render           | Video append frame 35
00:28.000  render           | Video append frame 36
00:28.031  render           | Video append frame 37
00:28.046  render           | Video append frame 38
00:28.078  render           | Video append frame 39
00:28.093  render           | Video append frame 40
00:28.109  render           | Video append frame 41
00:28.140  render           | Video append frame 42
00:28.156  render           | Video append frame 43
00:28.171  render           | Video append frame 44
00:28.187  render           | Video append frame 45
00:28.218  render           | Video append frame 46
00:28.234  render           | Video append frame 47
00:28.250  render           | Video append frame 48
00:28.265  render           | Video append frame 49
00:28.281  render           | Video append frame 50
00:28.312  render           | Video append frame 51
00:28.328  render           | Video append frame 52
00:28.359  render           | Video append frame 53
00:28.375  render           | Video append frame 54
00:28.390  render           | Video append frame 55
00:28.406  render           | Video append frame 56
00:28.437  render           | Video append frame 57
00:28.453  render           | Video append frame 58
00:28.468  render           | Video append frame 59
00:28.500  render           | Video append frame 60
00:28.515  render           | Video append frame 61

FBX export starting... 'C:\\Users\\iputu\\Documents\\Wonder Chess\\exports\\neutrals\\wc_n_sprout\\SK_wc_n_sprout.fbx'
(bpy.data.armatures['WC_NeutralMechanical_v1.001'], 'POSE')
export finished in 0.0370 sec.
Info: Applied modifier was not first, result may not be as expected

FBX export starting... 'C:\\Users\\iputu\\Documents\\Wonder Chess\\exports\\neutrals\\wc_n_sprout\\SK_wc_n_sprout_LOD1.fbx'
(bpy.data.armatures['WC_NeutralMechanical_v1.001'], 'POSE')
export finished in 0.0270 sec.
Info: Applied modifier was not first, result may not be as expected

FBX export starting... 'C:\\Users\\iputu\\Documents\\Wonder Chess\\exports\\neutrals\\wc_n_sprout\\SK_wc_n_sprout_LOD2.fbx'
(bpy.data.armatures['WC_NeutralMechanical_v1.001'], 'POSE')
export finished in 0.0372 sec.

FBX export starting... 'C:\\Users\\iputu\\Documents\\Wonder Chess\\exports\\neutrals\\wc_n_sprout\\AN_wc_n_sprout_Idle.fbx'
export finished in 0.0924 sec.

FBX export starting... 'C:\\Users\\iputu\\Documents\\Wonder Chess\\exports\\neutrals\\wc_n_sprout\\AN_wc_n_sprout_Move.fbx'
export finished in 0.0601 sec.

FBX export starting... 'C:\\Users\\iputu\\Documents\\Wonder Chess\\exports\\neutrals\\wc_n_sprout\\AN_wc_n_sprout_Attack.fbx'
export finished in 0.0449 sec.

FBX export starting... 'C:\\Users\\iputu\\Documents\\Wonder Chess\\exports\\neutrals\\wc_n_sprout\\AN_wc_n_sprout_Hit.fbx'
export finished in 0.0352 sec.

FBX export starting... 'C:\\Users\\iputu\\Documents\\Wonder Chess\\exports\\neutrals\\wc_n_sprout\\AN_wc_n_sprout_Defeat.fbx'
export finished in 0.0641 sec.
Info: Saved as "wc_n_sprout.blend"
{
  "status": "structural_checks_passed_visual_review_required",
  "blender_version": "5.1.1",
  "collection": "EXPORT",
  "evaluated_triangle_total": 1056,
  "objects": [
    {
      "name": "Armature",
      "type": "ARMATURE",
      "scale": [
        1.0,
        1.0,
        1.0
      ],
      "dimensions": [
        0.46000000834465027,
        0.3799999952316284,
        1.1700000762939453
      ],
      "roots": [
        "root"
      ],
      "deform_bones": 9
    },
    {
      "name": "SK_wc_n_sprout",
      "type": "MESH",
      "scale": [
        1.0,
        1.0,
        1.0
      ],
      "dimensions": [
        1.1224353313446045,
        0.688032865524292,
        1.057875156402588
      ],
      "evaluated_triangles": 1056,
      "material_slots": 1,
      "uv_layers": 1,
      "skin_checks": {
        "unweighted": 0,
        "excess_influences": 0,
        "unnormalized": 0
      }
    }
  ],
  "errors": [],
  "warnings": [],
  "not_checked": [
    "appearance",
    "deformation across all clips",
    "UV overlap appropriateness",
    "normal-map convention",
    "Unreal import",
    "LOD silhouette",
    "gameplay readability"
  ]
}
WC_NEUTRAL_AUTHORED wc_n_sprout {"triangles": 1056, "clips": 5, "report": "C:\\Users\\iputu\\Documents\\Wonder Chess\\reports\\WC-U440\\20260906T133019Z\\neutrals\\wc_n_sprout"}
00:40.703  render           | Saved: 'C:\Users\iputu\Documents\Wonder Chess\exports\neutrals\wc_n_thorn\portrait.png'
00:45.031  render           | Saved: 'C:\Users\iputu\Documents\Wonder Chess\reports\WC-U440\20260906T133019Z\neutrals\wc_n_thorn\front.png'
00:48.875  render           | Saved: 'C:\Users\iputu\Documents\Wonder Chess\reports\WC-U440\20260906T133019Z\neutrals\wc_n_thorn\side.png'
00:51.875  render           | Saved: 'C:\Users\iputu\Documents\Wonder Chess\reports\WC-U440\20260906T133019Z\neutrals\wc_n_thorn\back.png'
00:52.078  render           | Video append frame 1
00:52.125  render           | Video append frame 2
00:52.218  render           | Video append frame 3
00:52.265  render           | Video append frame 4
00:52.296  render           | Video append frame 5
00:52.343  render           | Video append frame 6
00:52.375  render           | Video append frame 7
00:52.406  render           | Video append frame 8
00:52.437  render           | Video append frame 9
00:52.468  render           | Video append frame 10
00:52.500  render           | Video append frame 11
00:52.515  render           | Video append frame 12
00:52.546  render           | Video append frame 13
00:52.562  render           | Video append frame 14
00:52.593  render           | Video append frame 15
00:52.625  render           | Video append frame 16
00:52.640  render           | Video append frame 17
00:52.671  render           | Video append frame 18
00:52.703  render           | Video append frame 19
00:52.734  render           | Video append frame 20
00:52.750  render           | Video append frame 21
00:52.781  render           | Video append frame 22
00:52.812  render           | Video append frame 23
00:52.843  render           | Video append frame 24
00:52.875  render           | Video append frame 25
00:52.890  render           | Video append frame 26
00:52.921  render           | Video append frame 27
00:52.937  render           | Video append frame 28
00:52.968  render           | Video append frame 29
00:53.000  render           | Video append frame 30
00:53.015  render           | Video append frame 31
00:53.046  render           | Video append frame 32
00:53.078  render           | Video append frame 33
00:53.109  render           | Video append frame 34
00:53.140  render           | Video append frame 35
00:53.171  render           | Video append frame 36
00:53.203  render           | Video append frame 37
00:53.250  render           | Video append frame 38
00:53.265  render           | Video append frame 39
00:53.296  render           | Video append frame 40
00:53.328  render           | Video append frame 41
00:53.343  render           | Video append frame 42
00:53.359  render           | Video append frame 43
00:53.390  render           | Video append frame 44
00:53.406  render           | Video append frame 45
00:53.437  render           | Video append frame 46
00:53.468  render           | Video append frame 47
00:53.484  render           | Video append frame 48
00:53.515  render           | Video append frame 49
00:53.531  render           | Video append frame 50
00:53.562  render           | Video append frame 51
00:53.593  render           | Video append frame 52
00:53.625  render           | Video append frame 53
00:53.656  render           | Video append frame 54
00:53.671  render           | Video append frame 55
00:53.703  render           | Video append frame 56
00:53.718  render           | Video append frame 57
00:53.734  render           | Video append frame 58
00:53.765  render           | Video append frame 59
00:53.781  render           | Video append frame 60
00:53.812  render           | Video append frame 61
00:53.828  render           | Video append frame 62
00:53.859  render           | Video append frame 63
00:53.875  render           | Video append frame 64
00:53.906  render           | Video append frame 65
00:53.921  render           | Video append frame 66
00:53.953  render           | Video append frame 67
00:53.984  render           | Video append frame 68
00:54.000  render           | Video append frame 69
00:54.031  render           | Video append frame 70
00:54.046  render           | Video append frame 71
00:54.078  render           | Video append frame 72
00:54.093  render           | Video append frame 73
00:54.125  render           | Video append frame 74
00:54.140  render           | Video append frame 75
00:54.171  render           | Video append frame 76
00:54.187  render           | Video append frame 77
00:54.203  render           | Video append frame 78
00:54.234  render           | Video append frame 79
00:54.250  render           | Video append frame 80
00:54.265  render           | Video append frame 81
00:54.296  render           | Video append frame 82
00:54.328  render           | Video append frame 83
00:54.343  render           | Video append frame 84
00:54.359  render           | Video append frame 85
00:54.390  render           | Video append frame 86
00:54.406  render           | Video append frame 87
00:54.437  render           | Video append frame 88
00:54.453  render           | Video append frame 89
00:54.468  render           | Video append frame 90
00:54.500  render           | Video append frame 91
00:54.515  render           | Video append frame 92
00:54.546  render           | Video append frame 93
00:54.562  render           | Video append frame 94
00:54.578  render           | Video append frame 95
00:54.609  render           | Video append frame 96
00:54.625  render           | Video append frame 97
00:54.640  render           | Video append frame 98
00:54.671  render           | Video append frame 99
00:54.687  render           | Video append frame 100
00:54.703  render           | Video append frame 101
00:54.734  render           | Video append frame 102
00:54.750  render           | Video append frame 103
00:54.765  render           | Video append frame 104
00:54.796  render           | Video append frame 105
00:54.812  render           | Video append frame 106
00:54.828  render           | Video append frame 107
00:54.859  render           | Video append frame 108
00:54.875  render           | Video append frame 109
00:54.890  render           | Video append frame 110
00:54.921  render           | Video append frame 111
00:54.937  render           | Video append frame 112
00:54.953  render           | Video append frame 113
00:54.968  render           | Video append frame 114
00:55.000  render           | Video append frame 115
00:55.015  render           | Video append frame 116
00:55.031  render           | Video append frame 117
00:55.062  render           | Video append frame 118
00:55.078  render           | Video append frame 119
00:55.093  render           | Video append frame 120
00:55.109  render           | Video append frame 121
00:55.156  render           | Video append frame 1
00:55.171  render           | Video append frame 2
00:55.187  render           | Video append frame 3
00:55.218  render           | Video append frame 4
00:55.234  render           | Video append frame 5
00:55.250  render           | Video append frame 6
00:55.265  render           | Video append frame 7
00:55.296  render           | Video append frame 8
00:55.312  render           | Video append frame 9
00:55.328  render           | Video append frame 10
00:55.359  render           | Video append frame 11
00:55.375  render           | Video append frame 12
00:55.390  render           | Video append frame 13
00:55.406  render           | Video append frame 14
00:55.437  render           | Video append frame 15
00:55.453  render           | Video append frame 16
00:55.468  render           | Video append frame 17
00:55.500  render           | Video append frame 18
00:55.515  render           | Video append frame 19
00:55.531  render           | Video append frame 20
00:55.562  render           | Video append frame 21
00:55.578  render           | Video append frame 22
00:55.593  render           | Video append frame 23
00:55.625  render           | Video append frame 24
00:55.640  render           | Video append frame 25
00:55.656  render           | Video append frame 26
00:55.687  render           | Video append frame 27
00:55.703  render           | Video append frame 28
00:55.734  render           | Video append frame 29
00:55.750  render           | Video append frame 30
00:55.781  render           | Video append frame 31
00:55.796  render           | Video append frame 32
00:55.812  render           | Video append frame 33
00:55.843  render           | Video append frame 34
00:55.859  render           | Video append frame 35
00:55.875  render           | Video append frame 36
00:55.890  render           | Video append frame 37
00:55.921  render           | Video append frame 38
00:55.937  render           | Video append frame 39
00:55.968  render           | Video append frame 40
00:55.984  render           | Video append frame 41
00:56.000  render           | Video append frame 42
00:56.031  render           | Video append frame 43
00:56.046  render           | Video append frame 44
00:56.062  render           | Video append frame 45
00:56.093  render           | Video append frame 46
00:56.109  render           | Video append frame 47
00:56.125  render           | Video append frame 48
00:56.140  render           | Video append frame 49
00:56.187  render           | Video append frame 50
00:56.218  render           | Video append frame 51
00:56.234  render           | Video append frame 52
00:56.265  render           | Video append frame 53
00:56.281  render           | Video append frame 54
00:56.312  render           | Video append frame 55
00:56.328  render           | Video append frame 56
00:56.359  render           | Video append frame 57
00:56.375  render           | Video append frame 58
00:56.390  render           | Video append frame 59
00:56.421  render           | Video append frame 60
00:56.437  render           | Video append frame 61
00:56.484  render           | Video append frame 1
00:56.500  render           | Video append frame 2
00:56.531  render           | Video append frame 3
00:56.546  render           | Video append frame 4
00:56.578  render           | Video append frame 5
00:56.593  render           | Video append frame 6
00:56.609  render           | Video append frame 7
00:56.640  render           | Video append frame 8
00:56.656  render           | Video append frame 9
00:56.671  render           | Video append frame 10
00:56.703  render           | Video append frame 11
00:56.718  render           | Video append frame 12
00:56.750  render           | Video append frame 13
00:56.765  render           | Video append frame 14
00:56.781  render           | Video append frame 15
00:56.796  render           | Video append frame 16
00:56.812  render           | Video append frame 17
00:56.843  render           | Video append frame 18
00:56.859  render           | Video append frame 19
00:56.875  render           | Video append frame 20
00:56.890  render           | Video append frame 21
00:56.921  render           | Video append frame 22
00:56.937  render           | Video append frame 23
00:56.953  render           | Video append frame 24
00:56.984  render           | Video append frame 25
00:57.000  render           | Video append frame 26
00:57.015  render           | Video append frame 27
00:57.046  render           | Video append frame 28
00:57.062  render           | Video append frame 29
00:57.078  render           | Video append frame 30
00:57.093  render           | Video append frame 31
00:57.125  render           | Video append frame 32
00:57.140  render           | Video append frame 33
00:57.156  render           | Video append frame 34
00:57.171  render           | Video append frame 35
00:57.203  render           | Video append frame 36
00:57.218  render           | Video append frame 37
00:57.234  render           | Video append frame 38
00:57.250  render           | Video append frame 39
00:57.281  render           | Video append frame 40
00:57.296  render           | Video append frame 41
00:57.312  render           | Video append frame 42
00:57.328  render           | Video append frame 43
00:57.359  render           | Video append frame 44
00:57.375  render           | Video append frame 45
00:57.390  render           | Video append frame 46
00:57.421  render           | Video append frame 1
00:57.437  render           | Video append frame 2
00:57.468  render           | Video append frame 3
00:57.484  render           | Video append frame 4
00:57.500  render           | Video append frame 5
00:57.515  render           | Video append frame 6
00:57.531  render           | Video append frame 7
00:57.546  render           | Video append frame 8
00:57.578  render           | Video append frame 9
00:57.593  render           | Video append frame 10
00:57.609  render           | Video append frame 11
00:57.625  render           | Video append frame 12
00:57.656  render           | Video append frame 13
00:57.671  render           | Video append frame 14
00:57.687  render           | Video append frame 15
00:57.703  render           | Video append frame 16
00:57.734  render           | Video append frame 17
00:57.750  render           | Video append frame 18
00:57.765  render           | Video append frame 19
00:57.781  render           | Video append frame 20
00:57.796  render           | Video append frame 21
00:57.828  render           | Video append frame 22
00:57.843  render           | Video append frame 23
00:57.875  render           | Video append frame 24
00:57.921  render           | Video append frame 25
00:57.953  render           | Video append frame 1
00:57.984  render           | Video append frame 2
00:58.000  render           | Video append frame 3
00:58.031  render           | Video append frame 4
00:58.046  render           | Video append frame 5
00:58.078  render           | Video append frame 6
00:58.093  render           | Video append frame 7
00:58.109  render           | Video append frame 8
00:58.140  render           | Video append frame 9
00:58.156  render           | Video append frame 10
00:58.187  render           | Video append frame 11
00:58.203  render           | Video append frame 12
00:58.218  render           | Video append frame 13
00:58.250  render           | Video append frame 14
00:58.265  render           | Video append frame 15
00:58.281  render           | Video append frame 16
00:58.296  render           | Video append frame 17
00:58.328  render           | Video append frame 18
00:58.343  render           | Video append frame 19
00:58.359  render           | Video append frame 20
00:58.390  render           | Video append frame 21
00:58.406  render           | Video append frame 22
00:58.437  render           | Video append frame 23
00:58.453  render           | Video append frame 24
00:58.468  render           | Video append frame 25
00:58.500  render           | Video append frame 26
00:58.515  render           | Video append frame 27
00:58.546  render           | Video append frame 28
00:58.562  render           | Video append frame 29
00:58.593  render           | Video append frame 30
00:58.609  render           | Video append frame 31
00:58.640  render           | Video append frame 32
00:58.671  render           | Video append frame 33
00:58.687  render           | Video append frame 34
00:58.718  render           | Video append frame 35
00:58.750  render           | Video append frame 36
00:58.765  render           | Video append frame 37
00:58.796  render           | Video append frame 38
00:58.812  render           | Video append frame 39
00:58.843  render           | Video append frame 40
00:58.875  render           | Video append frame 41
00:58.890  render           | Video append frame 42
00:58.921  render           | Video append frame 43
00:58.953  render           | Video append frame 44
00:58.968  render           | Video append frame 45
00:59.000  render           | Video append frame 46
00:59.015  render           | Video append frame 47
00:59.046  render           | Video append frame 48
00:59.062  render           | Video append frame 49
00:59.093  render           | Video append frame 50
00:59.109  render           | Video append frame 51
00:59.125  render           | Video append frame 52
00:59.156  render           | Video append frame 53
00:59.187  render           | Video append frame 54
00:59.203  render           | Video append frame 55
00:59.234  render           | Video append frame 56
00:59.250  render           | Video append frame 57
00:59.281  render           | Video append frame 58
00:59.296  render           | Video append frame 59
00:59.328  render           | Video append frame 60
00:59.343  render           | Video append frame 61

FBX export starting... 'C:\\Users\\iputu\\Documents\\Wonder Chess\\exports\\neutrals\\wc_n_thorn\\SK_wc_n_thorn.fbx'
(bpy.data.armatures['WC_NeutralMechanical_v1.001'], 'POSE')
export finished in 0.0321 sec.
Info: Applied modifier was not first, result may not be as expected

FBX export starting... 'C:\\Users\\iputu\\Documents\\Wonder Chess\\exports\\neutrals\\wc_n_thorn\\SK_wc_n_thorn_LOD1.fbx'
(bpy.data.armatures['WC_NeutralMechanical_v1.001'], 'POSE')
export finished in 0.0363 sec.
Info: Applied modifier was not first, result may not be as expected

FBX export starting... 'C:\\Users\\iputu\\Documents\\Wonder Chess\\exports\\neutrals\\wc_n_thorn\\SK_wc_n_thorn_LOD2.fbx'
(bpy.data.armatures['WC_NeutralMechanical_v1.001'], 'POSE')
export finished in 0.0372 sec.

FBX export starting... 'C:\\Users\\iputu\\Documents\\Wonder Chess\\exports\\neutrals\\wc_n_thorn\\AN_wc_n_thorn_Idle.fbx'
export finished in 0.1016 sec.

FBX export starting... 'C:\\Users\\iputu\\Documents\\Wonder Chess\\exports\\neutrals\\wc_n_thorn\\AN_wc_n_thorn_Move.fbx'
export finished in 0.0809 sec.

FBX export starting... 'C:\\Users\\iputu\\Documents\\Wonder Chess\\exports\\neutrals\\wc_n_thorn\\AN_wc_n_thorn_Attack.fbx'
export finished in 0.0709 sec.

FBX export starting... 'C:\\Users\\iputu\\Documents\\Wonder Chess\\exports\\neutrals\\wc_n_thorn\\AN_wc_n_thorn_Hit.fbx'
export finished in 0.0535 sec.

FBX export starting... 'C:\\Users\\iputu\\Documents\\Wonder Chess\\exports\\neutrals\\wc_n_thorn\\AN_wc_n_thorn_Defeat.fbx'
export finished in 0.0831 sec.
Info: Saved as "wc_n_thorn.blend"
{
  "status": "structural_checks_passed_visual_review_required",
  "blender_version": "5.1.1",
  "collection": "EXPORT",
  "evaluated_triangle_total": 2068,
  "objects": [
    {
      "name": "Armature",
      "type": "ARMATURE",
      "scale": [
        1.0,
        1.0,
        1.0
      ],
      "dimensions": [
        0.6000000238418579,
        0.9300000071525574,
        1.409999966621399
      ],
      "roots": [
        "root"
      ],
      "deform_bones": 12
    },
    {
      "name": "SK_wc_n_thorn",
      "type": "MESH",
      "scale": [
        1.0,
        1.0,
        1.0
      ],
      "dimensions": [
        1.1211010217666626,
        1.1324639320373535,
        1.3771885633468628
      ],
      "evaluated_triangles": 2068,
      "material_slots": 1,
      "uv_layers": 1,
      "skin_checks": {
        "unweighted": 0,
        "excess_influences": 0,
        "unnormalized": 0
      }
    }
  ],
  "errors": [],
  "warnings": [],
  "not_checked": [
    "appearance",
    "deformation across all clips",
    "UV overlap appropriateness",
    "normal-map convention",
    "Unreal import",
    "LOD silhouette",
    "gameplay readability"
  ]
}
WC_NEUTRAL_AUTHORED wc_n_thorn {"triangles": 2068, "clips": 5, "report": "C:\\Users\\iputu\\Documents\\Wonder Chess\\reports\\WC-U440\\20260906T133019Z\\neutrals\\wc_n_thorn"}
01:10.125  render           | Saved: 'C:\Users\iputu\Documents\Wonder Chess\exports\neutrals\wc_n_wisp\portrait.png'
01:12.234  render           | Saved: 'C:\Users\iputu\Documents\Wonder Chess\reports\WC-U440\20260906T133019Z\neutrals\wc_n_wisp\front.png'
01:14.171  render           | Saved: 'C:\Users\iputu\Documents\Wonder Chess\reports\WC-U440\20260906T133019Z\neutrals\wc_n_wisp\side.png'
01:16.062  render           | Saved: 'C:\Users\iputu\Documents\Wonder Chess\reports\WC-U440\20260906T133019Z\neutrals\wc_n_wisp\back.png'
01:16.093  render           | Video append frame 1
01:16.109  render           | Video append frame 2
01:16.140  render           | Video append frame 3
01:16.156  render           | Video append frame 4
01:16.171  render           | Video append frame 5
01:16.187  render           | Video append frame 6
01:16.203  render           | Video append frame 7
01:16.218  render           | Video append frame 8
01:16.250  render           | Video append frame 9
01:16.265  render           | Video append frame 10
01:16.281  render           | Video append frame 11
01:16.296  render           | Video append frame 12
01:16.328  render           | Video append frame 13
01:16.343  render           | Video append frame 14
01:16.359  render           | Video append frame 15
01:16.375  render           | Video append frame 16
01:16.390  render           | Video append frame 17
01:16.421  render           | Video append frame 18
01:16.437  render           | Video append frame 19
01:16.453  render           | Video append frame 20
01:16.468  render           | Video append frame 21
01:16.484  render           | Video append frame 22
01:16.500  render           | Video append frame 23
01:16.515  render           | Video append frame 24
01:16.531  render           | Video append frame 25
01:16.546  render           | Video append frame 26
01:16.562  render           | Video append frame 27
01:16.578  render           | Video append frame 28
01:16.609  render           | Video append frame 29
01:16.625  render           | Video append frame 30
01:16.640  render           | Video append frame 31
01:16.656  render           | Video append frame 32
01:16.671  render           | Video append frame 33
01:16.687  render           | Video append frame 34
01:16.718  render           | Video append frame 35
01:16.734  render           | Video append frame 36
01:16.750  render           | Video append frame 37
01:16.765  render           | Video append frame 38
01:16.781  render           | Video append frame 39
01:16.796  render           | Video append frame 40
01:16.828  render           | Video append frame 41
01:16.843  render           | Video append frame 42
01:16.859  render           | Video append frame 43
01:16.890  render           | Video append frame 44
01:16.906  render           | Video append frame 45
01:16.921  render           | Video append frame 46
01:16.937  render           | Video append frame 47
01:16.968  render           | Video append frame 48
01:16.984  render           | Video append frame 49
01:17.000  render           | Video append frame 50
01:17.031  render           | Video append frame 51
01:17.046  render           | Video append frame 52
01:17.078  render           | Video append frame 53
01:17.093  render           | Video append frame 54
01:17.109  render           | Video append frame 55
01:17.125  render           | Video append frame 56
01:17.156  render           | Video append frame 57
01:17.171  render           | Video append frame 58
01:17.187  render           | Video append frame 59
01:17.203  render           | Video append frame 60
01:17.234  render           | Video append frame 61
01:17.250  render           | Video append frame 62
01:17.265  render           | Video append frame 63
01:17.281  render           | Video append frame 64
01:17.296  render           | Video append frame 65
01:17.328  render           | Video append frame 66
01:17.359  render           | Video append frame 67
01:17.375  render           | Video append frame 68
01:17.406  render           | Video append frame 69
01:17.421  render           | Video append frame 70
01:17.453  render           | Video append frame 71
01:17.468  render           | Video append frame 72
01:17.484  render           | Video append frame 73
01:17.500  render           | Video append frame 74
01:17.515  render           | Video append frame 75
01:17.546  render           | Video append frame 76
01:17.562  render           | Video append frame 77
01:17.578  render           | Video append frame 78
01:17.593  render           | Video append frame 79
01:17.609  render           | Video append frame 80
01:17.625  render           | Video append frame 81
01:17.640  render           | Video append frame 82
01:17.656  render           | Video append frame 83
01:17.671  render           | Video append frame 84
01:17.687  render           | Video append frame 85
01:17.703  render           | Video append frame 86
01:17.718  render           | Video append frame 87
01:17.750  render           | Video append frame 88
01:17.765  render           | Video append frame 89
01:17.781  render           | Video append frame 90
01:17.796  render           | Video append frame 91
01:17.812  render           | Video append frame 92
01:17.828  render           | Video append frame 93
01:17.843  render           | Video append frame 94
01:17.859  render           | Video append frame 95
01:17.875  render           | Video append frame 96
01:17.890  render           | Video append frame 97
01:17.906  render           | Video append frame 98
01:17.921  render           | Video append frame 99
01:17.937  render           | Video append frame 100
01:17.968  render           | Video append frame 101
01:17.984  render           | Video append frame 102
01:18.000  render           | Video append frame 103
01:18.015  render           | Video append frame 104
01:18.046  render           | Video append frame 105
01:18.062  render           | Video append frame 106
01:18.078  render           | Video append frame 107
01:18.093  render           | Video append frame 108
01:18.109  render           | Video append frame 109
01:18.125  render           | Video append frame 110
01:18.140  render           | Video append frame 111
01:18.156  render           | Video append frame 112
01:18.171  render           | Video append frame 113
01:18.203  render           | Video append frame 114
01:18.218  render           | Video append frame 115
01:18.234  render           | Video append frame 116
01:18.250  render           | Video append frame 117
01:18.265  render           | Video append frame 118
01:18.281  render           | Video append frame 119
01:18.296  render           | Video append frame 120
01:18.312  render           | Video append frame 121
01:18.359  render           | Video append frame 1
01:18.375  render           | Video append frame 2
01:18.390  render           | Video append frame 3
01:18.406  render           | Video append frame 4
01:18.421  render           | Video append frame 5
01:18.453  render           | Video append frame 6
01:18.468  render           | Video append frame 7
01:18.484  render           | Video append frame 8
01:18.500  render           | Video append frame 9
01:18.531  render           | Video append frame 10
01:18.546  render           | Video append frame 11
01:18.562  render           | Video append frame 12
01:18.578  render           | Video append frame 13
01:18.593  render           | Video append frame 14
01:18.609  render           | Video append frame 15
01:18.625  render           | Video append frame 16
01:18.640  render           | Video append frame 17
01:18.671  render           | Video append frame 18
01:18.687  render           | Video append frame 19
01:18.703  render           | Video append frame 20
01:18.718  render           | Video append frame 21
01:18.734  render           | Video append frame 22
01:18.765  render           | Video append frame 23
01:18.781  render           | Video append frame 24
01:18.796  render           | Video append frame 25
01:18.812  render           | Video append frame 26
01:18.828  render           | Video append frame 27
01:18.859  render           | Video append frame 28
01:18.875  render           | Video append frame 29
01:18.890  render           | Video append frame 30
01:18.906  render           | Video append frame 31
01:18.937  render           | Video append frame 32
01:18.953  render           | Video append frame 33
01:18.968  render           | Video append frame 34
01:18.984  render           | Video append frame 35
01:19.015  render           | Video append frame 36
01:19.031  render           | Video append frame 37
01:19.046  render           | Video append frame 38
01:19.062  render           | Video append frame 39
01:19.078  render           | Video append frame 40
01:19.109  render           | Video append frame 41
01:19.125  render           | Video append frame 42
01:19.140  render           | Video append frame 43
01:19.156  render           | Video append frame 44
01:19.171  render           | Video append frame 45
01:19.203  render           | Video append frame 46
01:19.218  render           | Video append frame 47
01:19.234  render           | Video append frame 48
01:19.250  render           | Video append frame 49
01:19.265  render           | Video append frame 50
01:19.296  render           | Video append frame 51
01:19.312  render           | Video append frame 52
01:19.328  render           | Video append frame 53
01:19.359  render           | Video append frame 54
01:19.375  render           | Video append frame 55
01:19.390  render           | Video append frame 56
01:19.406  render           | Video append frame 57
01:19.421  render           | Video append frame 58
01:19.453  render           | Video append frame 59
01:19.468  render           | Video append frame 60
01:19.484  render           | Video append frame 61
01:19.531  render           | Video append frame 1
01:19.546  render           | Video append frame 2
01:19.562  render           | Video append frame 3
01:19.578  render           | Video append frame 4
01:19.593  render           | Video append frame 5
01:19.625  render           | Video append frame 6
01:19.640  render           | Video append frame 7
01:19.656  render           | Video append frame 8
01:19.671  render           | Video append frame 9
01:19.687  render           | Video append frame 10
01:19.703  render           | Video append frame 11
01:19.718  render           | Video append frame 12
01:19.734  render           | Video append frame 13
01:19.765  render           | Video append frame 14
01:19.781  render           | Video append frame 15
01:19.796  render           | Video append frame 16
01:19.812  render           | Video append frame 17
01:19.828  render           | Video append frame 18
01:19.843  render           | Video append frame 19
01:19.859  render           | Video append frame 20
01:19.875  render           | Video append frame 21
01:19.890  render           | Video append frame 22
01:19.921  render           | Video append frame 23
01:19.937  render           | Video append frame 24
01:19.953  render           | Video append frame 25
01:19.968  render           | Video append frame 26
01:19.984  render           | Video append frame 27
01:20.015  render           | Video append frame 28
01:20.031  render           | Video append frame 29
01:20.046  render           | Video append frame 30
01:20.062  render           | Video append frame 31
01:20.078  render           | Video append frame 32
01:20.093  render           | Video append frame 33
01:20.109  render           | Video append frame 34
01:20.140  render           | Video append frame 35
01:20.156  render           | Video append frame 36
01:20.171  render           | Video append frame 37
01:20.187  render           | Video append frame 38
01:20.203  render           | Video append frame 39
01:20.218  render           | Video append frame 40
01:20.265  render           | Video append frame 41
01:20.281  render           | Video append frame 42
01:20.312  render           | Video append frame 43
01:20.328  render           | Video append frame 44
01:20.359  render           | Video append frame 45
01:20.375  render           | Video append frame 46
01:20.421  render           | Video append frame 1
01:20.453  render           | Video append frame 2
01:20.468  render           | Video append frame 3
01:20.484  render           | Video append frame 4
01:20.500  render           | Video append frame 5
01:20.531  render           | Video append frame 6
01:20.546  render           | Video append frame 7
01:20.562  render           | Video append frame 8
01:20.578  render           | Video append frame 9
01:20.609  render           | Video append frame 10
01:20.625  render           | Video append frame 11
01:20.640  render           | Video append frame 12
01:20.656  render           | Video append frame 13
01:20.687  render           | Video append frame 14
01:20.703  render           | Video append frame 15
01:20.734  render           | Video append frame 16
01:20.750  render           | Video append frame 17
01:20.765  render           | Video append frame 18
01:20.781  render           | Video append frame 19
01:20.812  render           | Video append frame 20
01:20.828  render           | Video append frame 21
01:20.843  render           | Video append frame 22
01:20.875  render           | Video append frame 23
01:20.890  render           | Video append frame 24
01:20.906  render           | Video append frame 25
01:20.937  render           | Video append frame 1
01:20.968  render           | Video append frame 2
01:20.984  render           | Video append frame 3
01:21.000  render           | Video append frame 4
01:21.015  render           | Video append frame 5
01:21.031  render           | Video append frame 6
01:21.062  render           | Video append frame 7
01:21.078  render           | Video append frame 8
01:21.093  render           | Video append frame 9
01:21.109  render           | Video append frame 10
01:21.125  render           | Video append frame 11
01:21.140  render           | Video append frame 12
01:21.156  render           | Video append frame 13
01:21.187  render           | Video append frame 14
01:21.203  render           | Video append frame 15
01:21.218  render           | Video append frame 16
01:21.234  render           | Video append frame 17
01:21.250  render           | Video append frame 18
01:21.265  render           | Video append frame 19
01:21.281  render           | Video append frame 20
01:21.296  render           | Video append frame 21
01:21.328  render           | Video append frame 22
01:21.343  render           | Video append frame 23
01:21.359  render           | Video append frame 24
01:21.375  render           | Video append frame 25
01:21.390  render           | Video append frame 26
01:21.421  render           | Video append frame 27
01:21.437  render           | Video append frame 28
01:21.453  render           | Video append frame 29
01:21.468  render           | Video append frame 30
01:21.484  render           | Video append frame 31
01:21.500  render           | Video append frame 32
01:21.531  render           | Video append frame 33
01:21.546  render           | Video append frame 34
01:21.562  render           | Video append frame 35
01:21.578  render           | Video append frame 36
01:21.593  render           | Video append frame 37
01:21.609  render           | Video append frame 38
01:21.625  render           | Video append frame 39
01:21.656  render           | Video append frame 40
01:21.671  render           | Video append frame 41
01:21.687  render           | Video append frame 42
01:21.718  render           | Video append frame 43
01:21.734  render           | Video append frame 44
01:21.750  render           | Video append frame 45
01:21.781  render           | Video append frame 46
01:21.796  render           | Video append frame 47
01:21.812  render           | Video append frame 48
01:21.843  render           | Video append frame 49
01:21.859  render           | Video append frame 50
01:21.875  render           | Video append frame 51
01:21.906  render           | Video append frame 52
01:21.921  render           | Video append frame 53
01:21.953  render           | Video append frame 54
01:21.968  render           | Video append frame 55
01:21.984  render           | Video append frame 56
01:22.015  render           | Video append frame 57
01:22.031  render           | Video append frame 58
01:22.046  render           | Video append frame 59
01:22.078  render           | Video append frame 60
01:22.093  render           | Video append frame 61
01:22.140  render           | Video append frame 1
01:22.171  render           | Video append frame 2
01:22.187  render           | Video append frame 3
01:22.218  render           | Video append frame 4
01:22.250  render           | Video append frame 5
01:22.265  render           | Video append frame 6
01:22.296  render           | Video append frame 7
01:22.312  render           | Video append frame 8
01:22.328  render           | Video append frame 9
01:22.359  render           | Video append frame 10
01:22.375  render           | Video append frame 11
01:22.390  render           | Video append frame 12
01:22.406  render           | Video append frame 13
01:22.437  render           | Video append frame 14
01:22.453  render           | Video append frame 15
01:22.468  render           | Video append frame 16
01:22.484  render           | Video append frame 17
01:22.515  render           | Video append frame 18
01:22.531  render           | Video append frame 19
01:22.546  render           | Video append frame 20
01:22.562  render           | Video append frame 21
01:22.578  render           | Video append frame 22
01:22.593  render           | Video append frame 23
01:22.609  render           | Video append frame 24
01:22.640  render           | Video append frame 25
01:22.640  render           | Video append frame 26
01:22.671  render           | Video append frame 27
01:22.687  render           | Video append frame 28
01:22.703  render           | Video append frame 29
01:22.718  render           | Video append frame 30
01:22.734  render           | Video append frame 31
01:22.750  render           | Video append frame 32
01:22.765  render           | Video append frame 33
01:22.781  render           | Video append frame 34
01:22.812  render           | Video append frame 35
01:22.828  render           | Video append frame 36
01:22.843  render           | Video append frame 37
01:22.859  render           | Video append frame 38
01:22.890  render           | Video append frame 39
01:22.906  render           | Video append frame 40

FBX export starting... 'C:\\Users\\iputu\\Documents\\Wonder Chess\\exports\\neutrals\\wc_n_wisp\\SK_wc_n_wisp.fbx'
(bpy.data.armatures['WC_NeutralMechanical_v1.001'], 'POSE')
export finished in 0.0309 sec.
Info: Applied modifier was not first, result may not be as expected

FBX export starting... 'C:\\Users\\iputu\\Documents\\Wonder Chess\\exports\\neutrals\\wc_n_wisp\\SK_wc_n_wisp_LOD1.fbx'
(bpy.data.armatures['WC_NeutralMechanical_v1.001'], 'POSE')
export finished in 0.0267 sec.
Info: Applied modifier was not first, result may not be as expected

FBX export starting... 'C:\\Users\\iputu\\Documents\\Wonder Chess\\exports\\neutrals\\wc_n_wisp\\SK_wc_n_wisp_LOD2.fbx'
(bpy.data.armatures['WC_NeutralMechanical_v1.001'], 'POSE')
export finished in 0.0249 sec.

FBX export starting... 'C:\\Users\\iputu\\Documents\\Wonder Chess\\exports\\neutrals\\wc_n_wisp\\AN_wc_n_wisp_Idle.fbx'
export finished in 0.0791 sec.

FBX export starting... 'C:\\Users\\iputu\\Documents\\Wonder Chess\\exports\\neutrals\\wc_n_wisp\\AN_wc_n_wisp_Move.fbx'
export finished in 0.0536 sec.

FBX export starting... 'C:\\Users\\iputu\\Documents\\Wonder Chess\\exports\\neutrals\\wc_n_wisp\\AN_wc_n_wisp_Attack.fbx'
export finished in 0.0437 sec.

FBX export starting... 'C:\\Users\\iputu\\Documents\\Wonder Chess\\exports\\neutrals\\wc_n_wisp\\AN_wc_n_wisp_Hit.fbx'
export finished in 0.0351 sec.

FBX export starting... 'C:\\Users\\iputu\\Documents\\Wonder Chess\\exports\\neutrals\\wc_n_wisp\\AN_wc_n_wisp_Defeat.fbx'
export finished in 0.0701 sec.

FBX export starting... 'C:\\Users\\iputu\\Documents\\Wonder Chess\\exports\\neutrals\\wc_n_wisp\\AN_wc_n_wisp_Active.fbx'
export finished in 0.0586 sec.
Info: Saved as "wc_n_wisp.blend"
{
  "status": "structural_checks_passed_visual_review_required",
  "blender_version": "5.1.1",
  "collection": "EXPORT",
  "evaluated_triangle_total": 1820,
  "objects": [
    {
      "name": "Armature",
      "type": "ARMATURE",
      "scale": [
        1.0,
        1.0,
        1.0
      ],
      "dimensions": [
        0.4399999976158142,
        0.3100000023841858,
        1.4300000667572021
      ],
      "roots": [
        "root"
      ],
      "deform_bones": 9
    },
    {
      "name": "SK_wc_n_wisp",
      "type": "MESH",
      "scale": [
        1.0,
        1.0,
        1.0
      ],
      "dimensions": [
        1.0176348686218262,
        0.5916021466255188,
        1.1026920080184937
      ],
      "evaluated_triangles": 1820,
      "material_slots": 1,
      "uv_layers": 1,
      "skin_checks": {
        "unweighted": 0,
        "excess_influences": 0,
        "unnormalized": 0
      }
    }
  ],
  "errors": [],
  "warnings": [],
  "not_checked": [
    "appearance",
    "deformation across all clips",
    "UV overlap appropriateness",
    "normal-map convention",
    "Unreal import",
    "LOD silhouette",
    "gameplay readability"
  ]
}
WC_NEUTRAL_AUTHORED wc_n_wisp {"triangles": 1820, "clips": 6, "report": "C:\\Users\\iputu\\Documents\\Wonder Chess\\reports\\WC-U440\\20260906T133019Z\\neutrals\\wc_n_wisp"}
01:31.953  render           | Saved: 'C:\Users\iputu\Documents\Wonder Chess\exports\neutrals\wc_n_stoneback\portrait.png'
01:34.578  render           | Saved: 'C:\Users\iputu\Documents\Wonder Chess\reports\WC-U440\20260906T133019Z\neutrals\wc_n_stoneback\front.png'
01:36.984  render           | Saved: 'C:\Users\iputu\Documents\Wonder Chess\reports\WC-U440\20260906T133019Z\neutrals\wc_n_stoneback\side.png'
01:39.031  render           | Saved: 'C:\Users\iputu\Documents\Wonder Chess\reports\WC-U440\20260906T133019Z\neutrals\wc_n_stoneback\back.png'
01:39.093  render           | Video append frame 1
01:39.125  render           | Video append frame 2
01:39.156  render           | Video append frame 3
01:39.187  render           | Video append frame 4
01:39.218  render           | Video append frame 5
01:39.250  render           | Video append frame 6
01:39.281  render           | Video append frame 7
01:39.312  render           | Video append frame 8
01:39.328  render           | Video append frame 9
01:39.359  render           | Video append frame 10
01:39.390  render           | Video append frame 11
01:39.421  render           | Video append frame 12
01:39.437  render           | Video append frame 13
01:39.468  render           | Video append frame 14
01:39.484  render           | Video append frame 15
01:39.515  render           | Video append frame 16
01:39.531  render           | Video append frame 17
01:39.562  render           | Video append frame 18
01:39.578  render           | Video append frame 19
01:39.593  render           | Video append frame 20
01:39.609  render           | Video append frame 21
01:39.625  render           | Video append frame 22
01:39.640  render           | Video append frame 23
01:39.671  render           | Video append frame 24
01:39.687  render           | Video append frame 25
01:39.703  render           | Video append frame 26
01:39.718  render           | Video append frame 27
01:39.734  render           | Video append frame 28
01:39.750  render           | Video append frame 29
01:39.781  render           | Video append frame 30
01:39.796  render           | Video append frame 31
01:39.812  render           | Video append frame 32
01:39.828  render           | Video append frame 33
01:39.859  render           | Video append frame 34
01:39.875  render           | Video append frame 35
01:39.890  render           | Video append frame 36
01:39.906  render           | Video append frame 37
01:39.921  render           | Video append frame 38
01:39.937  render           | Video append frame 39
01:39.953  render           | Video append frame 40
01:39.968  render           | Video append frame 41
01:39.984  render           | Video append frame 42
01:40.015  render           | Video append frame 43
01:40.031  render           | Video append frame 44
01:40.046  render           | Video append frame 45
01:40.062  render           | Video append frame 46
01:40.078  render           | Video append frame 47
01:40.093  render           | Video append frame 48
01:40.125  render           | Video append frame 49
01:40.140  render           | Video append frame 50
01:40.156  render           | Video append frame 51
01:40.187  render           | Video append frame 52
01:40.203  render           | Video append frame 53
01:40.218  render           | Video append frame 54
01:40.250  render           | Video append frame 55
01:40.265  render           | Video append frame 56
01:40.296  render           | Video append frame 57
01:40.328  render           | Video append frame 58
01:40.359  render           | Video append frame 59
01:40.390  render           | Video append frame 60
01:40.406  render           | Video append frame 61
01:40.437  render           | Video append frame 62
01:40.453  render           | Video append frame 63
01:40.468  render           | Video append frame 64
01:40.500  render           | Video append frame 65
01:40.515  render           | Video append frame 66
01:40.546  render           | Video append frame 67
01:40.578  render           | Video append frame 68
01:40.593  render           | Video append frame 69
01:40.625  render           | Video append frame 70
01:40.640  render           | Video append frame 71
01:40.718  render           | Video append frame 72
01:40.906  render           | Video append frame 73
01:40.921  render           | Video append frame 74
01:40.953  render           | Video append frame 75
01:40.984  render           | Video append frame 76
01:41.015  render           | Video append frame 77
01:41.031  render           | Video append frame 78
01:41.062  render           | Video append frame 79
01:41.093  render           | Video append frame 80
01:41.125  render           | Video append frame 81
01:41.140  render           | Video append frame 82
01:41.171  render           | Video append frame 83
01:41.218  render           | Video append frame 84
01:41.234  render           | Video append frame 85
01:41.281  render           | Video append frame 86
01:41.328  render           | Video append frame 87
01:41.359  render           | Video append frame 88
01:41.375  render           | Video append frame 89
01:41.406  render           | Video append frame 90
01:41.437  render           | Video append frame 91
01:41.468  render           | Video append frame 92
01:41.500  render           | Video append frame 93
01:41.515  render           | Video append frame 94
01:41.531  render           | Video append frame 95
01:41.562  render           | Video append frame 96
01:41.578  render           | Video append frame 97
01:41.593  render           | Video append frame 98
01:41.625  render           | Video append frame 99
01:41.640  render           | Video append frame 100
01:41.671  render           | Video append frame 101
01:41.703  render           | Video append frame 102
01:41.734  render           | Video append frame 103
01:41.750  render           | Video append frame 104
01:41.781  render           | Video append frame 105
01:41.796  render           | Video append frame 106
01:41.828  render           | Video append frame 107
01:41.843  render           | Video append frame 108
01:41.875  render           | Video append frame 109
01:41.890  render           | Video append frame 110
01:41.906  render           | Video append frame 111
01:41.937  render           | Video append frame 112
01:41.953  render           | Video append frame 113
01:41.968  render           | Video append frame 114
01:42.000  render           | Video append frame 115
01:42.015  render           | Video append frame 116
01:42.046  render           | Video append frame 117
01:42.062  render           | Video append frame 118
01:42.093  render           | Video append frame 119
01:42.109  render           | Video append frame 120
01:42.125  render           | Video append frame 121
01:42.171  render           | Video append frame 1
01:42.187  render           | Video append frame 2
01:42.203  render           | Video append frame 3
01:42.234  render           | Video append frame 4
01:42.250  render           | Video append frame 5
01:42.265  render           | Video append frame 6
01:42.296  render           | Video append frame 7
01:42.312  render           | Video append frame 8
01:42.343  render           | Video append frame 9
01:42.359  render           | Video append frame 10
01:42.390  render           | Video append frame 11
01:42.406  render           | Video append frame 12
01:42.437  render           | Video append frame 13
01:42.468  render           | Video append frame 14
01:42.500  render           | Video append frame 15
01:42.515  render           | Video append frame 16
01:42.546  render           | Video append frame 17
01:42.562  render           | Video append frame 18
01:42.578  render           | Video append frame 19
01:42.609  render           | Video append frame 20
01:42.625  render           | Video append frame 21
01:42.640  render           | Video append frame 22
01:42.656  render           | Video append frame 23
01:42.671  render           | Video append frame 24
01:42.703  render           | Video append frame 25
01:42.718  render           | Video append frame 26
01:42.734  render           | Video append frame 27
01:42.750  render           | Video append frame 28
01:42.765  render           | Video append frame 29
01:42.796  render           | Video append frame 30
01:42.812  render           | Video append frame 31
01:42.843  render           | Video append frame 32
01:42.859  render           | Video append frame 33
01:42.890  render           | Video append frame 34
01:42.906  render           | Video append frame 35
01:42.921  render           | Video append frame 36
01:42.937  render           | Video append frame 37
01:42.968  render           | Video append frame 38
01:42.984  render           | Video append frame 39
01:43.000  render           | Video append frame 40
01:43.015  render           | Video append frame 41
01:43.031  render           | Video append frame 42
01:43.046  render           | Video append frame 43
01:43.078  render           | Video append frame 44
01:43.093  render           | Video append frame 45
01:43.109  render           | Video append frame 46
01:43.125  render           | Video append frame 47
01:43.140  render           | Video append frame 48
01:43.156  render           | Video append frame 49
01:43.187  render           | Video append frame 50
01:43.203  render           | Video append frame 51
01:43.218  render           | Video append frame 52
01:43.234  render           | Video append frame 53
01:43.265  render           | Video append frame 54
01:43.281  render           | Video append frame 55
01:43.296  render           | Video append frame 56
01:43.328  render           | Video append frame 57
01:43.343  render           | Video append frame 58
01:43.359  render           | Video append frame 59
01:43.390  render           | Video append frame 60
01:43.406  render           | Video append frame 61
01:43.453  render           | Video append frame 1
01:43.468  render           | Video append frame 2
01:43.484  render           | Video append frame 3
01:43.515  render           | Video append frame 4
01:43.531  render           | Video append frame 5
01:43.546  render           | Video append frame 6
01:43.562  render           | Video append frame 7
01:43.578  render           | Video append frame 8
01:43.609  render           | Video append frame 9
01:43.625  render           | Video append frame 10
01:43.640  render           | Video append frame 11
01:43.656  render           | Video append frame 12
01:43.671  render           | Video append frame 13
01:43.703  render           | Video append frame 14
01:43.718  render           | Video append frame 15
01:43.734  render           | Video append frame 16
01:43.750  render           | Video append frame 17
01:43.796  render           | Video append frame 18
01:43.812  render           | Video append frame 19
01:43.843  render           | Video append frame 20
01:43.859  render           | Video append frame 21
01:43.875  render           | Video append frame 22
01:43.890  render           | Video append frame 23
01:43.906  render           | Video append frame 24
01:43.937  render           | Video append frame 25
01:43.953  render           | Video append frame 26
01:43.968  render           | Video append frame 27
01:44.000  render           | Video append frame 28
01:44.015  render           | Video append frame 29
01:44.031  render           | Video append frame 30
01:44.046  render           | Video append frame 31
01:44.078  render           | Video append frame 32
01:44.093  render           | Video append frame 33
01:44.109  render           | Video append frame 34
01:44.140  render           | Video append frame 35
01:44.156  render           | Video append frame 36
01:44.187  render           | Video append frame 37
01:44.203  render           | Video append frame 38
01:44.234  render           | Video append frame 39
01:44.250  render           | Video append frame 40
01:44.296  render           | Video append frame 41
01:44.328  render           | Video append frame 42
01:44.343  render           | Video append frame 43
01:44.375  render           | Video append frame 44
01:44.390  render           | Video append frame 45
01:44.421  render           | Video append frame 46
01:44.437  render           | Video append frame 47
01:44.468  render           | Video append frame 48
01:44.484  render           | Video append frame 49
01:44.531  render           | Video append frame 1
01:44.546  render           | Video append frame 2
01:44.578  render           | Video append frame 3
01:44.593  render           | Video append frame 4
01:44.609  render           | Video append frame 5
01:44.640  render           | Video append frame 6
01:44.656  render           | Video append frame 7
01:44.671  render           | Video append frame 8
01:44.687  render           | Video append frame 9
01:44.718  render           | Video append frame 10
01:44.734  render           | Video append frame 11
01:44.765  render           | Video append frame 12
01:44.781  render           | Video append frame 13
01:44.812  render           | Video append frame 14
01:44.828  render           | Video append frame 15
01:44.843  render           | Video append frame 16
01:44.859  render           | Video append frame 17
01:44.890  render           | Video append frame 18
01:44.906  render           | Video append frame 19
01:44.921  render           | Video append frame 20
01:44.953  render           | Video append frame 21
01:44.968  render           | Video append frame 22
01:44.984  render           | Video append frame 23
01:45.000  render           | Video append frame 24
01:45.015  render           | Video append frame 25
01:45.062  render           | Video append frame 1
01:45.078  render           | Video append frame 2
01:45.093  render           | Video append frame 3
01:45.109  render           | Video append frame 4
01:45.140  render           | Video append frame 5
01:45.156  render           | Video append frame 6
01:45.171  render           | Video append frame 7
01:45.187  render           | Video append frame 8
01:45.218  render           | Video append frame 9
01:45.234  render           | Video append frame 10
01:45.250  render           | Video append frame 11
01:45.265  render           | Video append frame 12
01:45.281  render           | Video append frame 13
01:45.312  render           | Video append frame 14
01:45.343  render           | Video append frame 15
01:45.359  render           | Video append frame 16
01:45.390  render           | Video append frame 17
01:45.406  render           | Video append frame 18
01:45.437  render           | Video append frame 19
01:45.453  render           | Video append frame 20
01:45.484  render           | Video append frame 21
01:45.500  render           | Video append frame 22
01:45.531  render           | Video append frame 23
01:45.546  render           | Video append frame 24
01:45.562  render           | Video append frame 25
01:45.578  render           | Video append frame 26
01:45.593  render           | Video append frame 27
01:45.625  render           | Video append frame 28
01:45.640  render           | Video append frame 29
01:45.656  render           | Video append frame 30
01:45.671  render           | Video append frame 31
01:45.703  render           | Video append frame 32
01:45.718  render           | Video append frame 33
01:45.734  render           | Video append frame 34
01:45.750  render           | Video append frame 35
01:45.765  render           | Video append frame 36
01:45.796  render           | Video append frame 37
01:45.828  render           | Video append frame 38
01:45.843  render           | Video append frame 39
01:45.875  render           | Video append frame 40
01:45.890  render           | Video append frame 41
01:45.906  render           | Video append frame 42
01:45.937  render           | Video append frame 43
01:45.953  render           | Video append frame 44
01:45.968  render           | Video append frame 45
01:46.000  render           | Video append frame 46
01:46.015  render           | Video append frame 47
01:46.046  render           | Video append frame 48
01:46.062  render           | Video append frame 49
01:46.078  render           | Video append frame 50
01:46.109  render           | Video append frame 51
01:46.125  render           | Video append frame 52
01:46.140  render           | Video append frame 53
01:46.171  render           | Video append frame 54
01:46.187  render           | Video append frame 55
01:46.203  render           | Video append frame 56
01:46.218  render           | Video append frame 57
01:46.250  render           | Video append frame 58
01:46.265  render           | Video append frame 59
01:46.281  render           | Video append frame 60
01:46.312  render           | Video append frame 61
01:46.343  render           | Video append frame 1
01:46.375  render           | Video append frame 2
01:46.390  render           | Video append frame 3
01:46.406  render           | Video append frame 4
01:46.421  render           | Video append frame 5
01:46.437  render           | Video append frame 6
01:46.468  render           | Video append frame 7
01:46.500  render           | Video append frame 8
01:46.531  render           | Video append frame 9
01:46.562  render           | Video append frame 10
01:46.578  render           | Video append frame 11
01:46.593  render           | Video append frame 12
01:46.625  render           | Video append frame 13
01:46.640  render           | Video append frame 14
01:46.656  render           | Video append frame 15
01:46.687  render           | Video append frame 16
01:46.703  render           | Video append frame 17
01:46.718  render           | Video append frame 18
01:46.734  render           | Video append frame 19
01:46.765  render           | Video append frame 20
01:46.781  render           | Video append frame 21
01:46.796  render           | Video append frame 22
01:46.828  render           | Video append frame 23
01:46.843  render           | Video append frame 24
01:46.875  render           | Video append frame 25
01:46.890  render           | Video append frame 26
01:46.906  render           | Video append frame 27
01:46.937  render           | Video append frame 28
01:46.953  render           | Video append frame 29
01:46.968  render           | Video append frame 30
01:46.984  render           | Video append frame 31
01:47.015  render           | Video append frame 32
01:47.031  render           | Video append frame 33
01:47.046  render           | Video append frame 34
01:47.078  render           | Video append frame 35
01:47.093  render           | Video append frame 36
01:47.125  render           | Video append frame 37
01:47.140  render           | Video append frame 38
01:47.171  render           | Video append frame 39
01:47.187  render           | Video append frame 40
01:47.218  render           | Video append frame 41
01:47.234  render           | Video append frame 42
01:47.265  render           | Video append frame 43

FBX export starting... 'C:\\Users\\iputu\\Documents\\Wonder Chess\\exports\\neutrals\\wc_n_stoneback\\SK_wc_n_stoneback.fbx'
(bpy.data.armatures['WC_NeutralMechanical_v1.001'], 'POSE')
export finished in 0.0216 sec.
Info: Applied modifier was not first, result may not be as expected

FBX export starting... 'C:\\Users\\iputu\\Documents\\Wonder Chess\\exports\\neutrals\\wc_n_stoneback\\SK_wc_n_stoneback_LOD1.fbx'
(bpy.data.armatures['WC_NeutralMechanical_v1.001'], 'POSE')
export finished in 0.0214 sec.
Info: Applied modifier was not first, result may not be as expected

FBX export starting... 'C:\\Users\\iputu\\Documents\\Wonder Chess\\exports\\neutrals\\wc_n_stoneback\\SK_wc_n_stoneback_LOD2.fbx'
(bpy.data.armatures['WC_NeutralMechanical_v1.001'], 'POSE')
export finished in 0.0198 sec.

FBX export starting... 'C:\\Users\\iputu\\Documents\\Wonder Chess\\exports\\neutrals\\wc_n_stoneback\\AN_wc_n_stoneback_Idle.fbx'
export finished in 0.0756 sec.

FBX export starting... 'C:\\Users\\iputu\\Documents\\Wonder Chess\\exports\\neutrals\\wc_n_stoneback\\AN_wc_n_stoneback_Move.fbx'
export finished in 0.0515 sec.

FBX export starting... 'C:\\Users\\iputu\\Documents\\Wonder Chess\\exports\\neutrals\\wc_n_stoneback\\AN_wc_n_stoneback_Attack.fbx'
export finished in 0.0450 sec.

FBX export starting... 'C:\\Users\\iputu\\Documents\\Wonder Chess\\exports\\neutrals\\wc_n_stoneback\\AN_wc_n_stoneback_Hit.fbx'
export finished in 0.0312 sec.

FBX export starting... 'C:\\Users\\iputu\\Documents\\Wonder Chess\\exports\\neutrals\\wc_n_stoneback\\AN_wc_n_stoneback_Defeat.fbx'
export finished in 0.0546 sec.

FBX export starting... 'C:\\Users\\iputu\\Documents\\Wonder Chess\\exports\\neutrals\\wc_n_stoneback\\AN_wc_n_stoneback_Active.fbx'
export finished in 0.0470 sec.
Info: Saved as "wc_n_stoneback.blend"
{
  "status": "structural_checks_passed_visual_review_required",
  "blender_version": "5.1.1",
  "collection": "EXPORT",
  "evaluated_triangle_total": 1500,
  "objects": [
    {
      "name": "Armature",
      "type": "ARMATURE",
      "scale": [
        1.0,
        1.0,
        1.0
      ],
      "dimensions": [
        1.0199999809265137,
        1.0,
        1.2699999809265137
      ],
      "roots": [
        "root"
      ],
      "deform_bones": 11
    },
    {
      "name": "SK_wc_n_stoneback",
      "type": "MESH",
      "scale": [
        1.0,
        1.0,
        1.0
      ],
      "dimensions": [
        1.5199999809265137,
        2.015949249267578,
        1.1039303541183472
      ],
      "evaluated_triangles": 1500,
      "material_slots": 1,
      "uv_layers": 1,
      "skin_checks": {
        "unweighted": 0,
        "excess_influences": 0,
        "unnormalized": 0
      }
    }
  ],
  "errors": [],
  "warnings": [],
  "not_checked": [
    "appearance",
    "deformation across all clips",
    "UV overlap appropriateness",
    "normal-map convention",
    "Unreal import",
    "LOD silhouette",
    "gameplay readability"
  ]
}
WC_NEUTRAL_AUTHORED wc_n_stoneback {"triangles": 1500, "clips": 6, "report": "C:\\Users\\iputu\\Documents\\Wonder Chess\\reports\\WC-U440\\20260906T133019Z\\neutrals\\wc_n_stoneback"}
01:56.546  render           | Saved: 'C:\Users\iputu\Documents\Wonder Chess\exports\neutrals\wc_n_prowler\portrait.png'
01:59.750  render           | Saved: 'C:\Users\iputu\Documents\Wonder Chess\reports\WC-U440\20260906T133019Z\neutrals\wc_n_prowler\front.png'
02:02.531  render           | Saved: 'C:\Users\iputu\Documents\Wonder Chess\reports\WC-U440\20260906T133019Z\neutrals\wc_n_prowler\side.png'
02:04.921  render           | Saved: 'C:\Users\iputu\Documents\Wonder Chess\reports\WC-U440\20260906T133019Z\neutrals\wc_n_prowler\back.png'
02:04.968  render           | Video append frame 1
02:05.015  render           | Video append frame 2
02:05.046  render           | Video append frame 3
02:05.093  render           | Video append frame 4
02:05.125  render           | Video append frame 5
02:05.156  render           | Video append frame 6
02:05.203  render           | Video append frame 7
02:05.218  render           | Video append frame 8
02:05.250  render           | Video append frame 9
02:05.265  render           | Video append frame 10
02:05.281  render           | Video append frame 11
02:05.312  render           | Video append frame 12
02:05.328  render           | Video append frame 13
02:05.343  render           | Video append frame 14
02:05.375  render           | Video append frame 15
02:05.390  render           | Video append frame 16
02:05.406  render           | Video append frame 17
02:05.437  render           | Video append frame 18
02:05.453  render           | Video append frame 19
02:05.468  render           | Video append frame 20
02:05.500  render           | Video append frame 21
02:05.515  render           | Video append frame 22
02:05.546  render           | Video append frame 23
02:05.562  render           | Video append frame 24
02:05.593  render           | Video append frame 25
02:05.609  render           | Video append frame 26
02:05.640  render           | Video append frame 27
02:05.656  render           | Video append frame 28
02:05.687  render           | Video append frame 29
02:05.703  render           | Video append frame 30
02:05.734  render           | Video append frame 31
02:05.750  render           | Video append frame 32
02:05.781  render           | Video append frame 33
02:05.796  render           | Video append frame 34
02:05.828  render           | Video append frame 35
02:05.859  render           | Video append frame 36
02:05.875  render           | Video append frame 37
02:05.906  render           | Video append frame 38
02:05.921  render           | Video append frame 39
02:05.968  render           | Video append frame 40
02:06.000  render           | Video append frame 41
02:06.031  render           | Video append frame 42
02:06.046  render           | Video append frame 43
02:06.062  render           | Video append frame 44
02:06.093  render           | Video append frame 45
02:06.109  render           | Video append frame 46
02:06.140  render           | Video append frame 47
02:06.156  render           | Video append frame 48
02:06.187  render           | Video append frame 49
02:06.203  render           | Video append frame 50
02:06.234  render           | Video append frame 51
02:06.265  render           | Video append frame 52
02:06.281  render           | Video append frame 53
02:06.312  render           | Video append frame 54
02:06.328  render           | Video append frame 55
02:06.359  render           | Video append frame 56
02:06.375  render           | Video append frame 57
02:06.406  render           | Video append frame 58
02:06.421  render           | Video append frame 59
02:06.453  render           | Video append frame 60
02:06.468  render           | Video append frame 61
02:06.484  render           | Video append frame 62
02:06.515  render           | Video append frame 63
02:06.531  render           | Video append frame 64
02:06.546  render           | Video append frame 65
02:06.578  render           | Video append frame 66
02:06.609  render           | Video append frame 67
02:06.625  render           | Video append frame 68
02:06.656  render           | Video append frame 69
02:06.671  render           | Video append frame 70
02:06.703  render           | Video append frame 71
02:06.718  render           | Video append frame 72
02:06.734  render           | Video append frame 73
02:06.765  render           | Video append frame 74
02:06.781  render           | Video append frame 75
02:06.796  render           | Video append frame 76
02:06.828  render           | Video append frame 77
02:06.843  render           | Video append frame 78
02:06.859  render           | Video append frame 79
02:06.890  render           | Video append frame 80
02:06.906  render           | Video append frame 81
02:06.921  render           | Video append frame 82
02:06.953  render           | Video append frame 83
02:07.015  render           | Video append frame 84
02:07.093  render           | Video append frame 85
02:07.140  render           | Video append frame 86
02:07.171  render           | Video append frame 87
02:07.187  render           | Video append frame 88
02:07.203  render           | Video append frame 89
02:07.234  render           | Video append frame 90
02:07.250  render           | Video append frame 91
02:07.281  render           | Video append frame 92
02:07.296  render           | Video append frame 93
02:07.328  render           | Video append frame 94
02:07.359  render           | Video append frame 95
02:07.375  render           | Video append frame 96
02:07.406  render           | Video append frame 97
02:07.421  render           | Video append frame 98
02:07.453  render           | Video append frame 99
02:07.468  render           | Video append frame 100
02:07.500  render           | Video append frame 101
02:07.515  render           | Video append frame 102
02:07.531  render           | Video append frame 103
02:07.562  render           | Video append frame 104
02:07.578  render           | Video append frame 105
02:07.593  render           | Video append frame 106
02:07.609  render           | Video append frame 107
02:07.640  render           | Video append frame 108
02:07.656  render           | Video append frame 109
02:07.671  render           | Video append frame 110
02:07.703  render           | Video append frame 111
02:07.718  render           | Video append frame 112
02:07.734  render           | Video append frame 113
02:07.765  render           | Video append frame 114
02:07.781  render           | Video append frame 115
02:07.796  render           | Video append frame 116
02:07.828  render           | Video append frame 117
02:07.843  render           | Video append frame 118
02:07.859  render           | Video append frame 119
02:07.875  render           | Video append frame 120
02:07.906  render           | Video append frame 121
02:07.953  render           | Video append frame 1
02:07.968  render           | Video append frame 2
02:07.984  render           | Video append frame 3
02:08.000  render           | Video append frame 4
02:08.015  render           | Video append frame 5
02:08.031  render           | Video append frame 6
02:08.062  render           | Video append frame 7
02:08.093  render           | Video append frame 8
02:08.109  render           | Video append frame 9
02:08.125  render           | Video append frame 10
02:08.140  render           | Video append frame 11
02:08.171  render           | Video append frame 12
02:08.187  render           | Video append frame 13
02:08.203  render           | Video append frame 14
02:08.218  render           | Video append frame 15
02:08.234  render           | Video append frame 16
02:08.250  render           | Video append frame 17
02:08.265  render           | Video append frame 18
02:08.281  render           | Video append frame 19
02:08.312  render           | Video append frame 20
02:08.328  render           | Video append frame 21
02:08.343  render           | Video append frame 22
02:08.359  render           | Video append frame 23
02:08.390  render           | Video append frame 24
02:08.406  render           | Video append frame 25
02:08.437  render           | Video append frame 26
02:08.453  render           | Video append frame 27
02:08.468  render           | Video append frame 28
02:08.484  render           | Video append frame 29
02:08.515  render           | Video append frame 30
02:08.531  render           | Video append frame 31
02:08.546  render           | Video append frame 32
02:08.562  render           | Video append frame 33
02:08.578  render           | Video append frame 34
02:08.593  render           | Video append frame 35
02:08.625  render           | Video append frame 36
02:08.640  render           | Video append frame 37
02:08.671  render           | Video append frame 38
02:08.687  render           | Video append frame 39
02:08.718  render           | Video append frame 40
02:08.734  render           | Video append frame 41
02:08.750  render           | Video append frame 42
02:08.781  render           | Video append frame 43
02:08.796  render           | Video append frame 44
02:08.828  render           | Video append frame 45
02:08.843  render           | Video append frame 46
02:08.859  render           | Video append frame 47
02:08.875  render           | Video append frame 48
02:08.890  render           | Video append frame 49
02:08.921  render           | Video append frame 50
02:08.937  render           | Video append frame 51
02:08.953  render           | Video append frame 52
02:08.984  render           | Video append frame 53
02:09.000  render           | Video append frame 54
02:09.015  render           | Video append frame 55
02:09.046  render           | Video append frame 56
02:09.078  render           | Video append frame 57
02:09.093  render           | Video append frame 58
02:09.125  render           | Video append frame 59
02:09.140  render           | Video append frame 60
02:09.171  render           | Video append frame 61
02:09.203  render           | Video append frame 1
02:09.234  render           | Video append frame 2
02:09.250  render           | Video append frame 3
02:09.265  render           | Video append frame 4
02:09.281  render           | Video append frame 5
02:09.312  render           | Video append frame 6
02:09.328  render           | Video append frame 7
02:09.343  render           | Video append frame 8
02:09.375  render           | Video append frame 9
02:09.390  render           | Video append frame 10
02:09.406  render           | Video append frame 11
02:09.437  render           | Video append frame 12
02:09.453  render           | Video append frame 13
02:09.468  render           | Video append frame 14
02:09.484  render           | Video append frame 15
02:09.500  render           | Video append frame 16
02:09.531  render           | Video append frame 17
02:09.546  render           | Video append frame 18
02:09.562  render           | Video append frame 19
02:09.578  render           | Video append frame 20
02:09.593  render           | Video append frame 21
02:09.625  render           | Video append frame 22
02:09.640  render           | Video append frame 23
02:09.656  render           | Video append frame 24
02:09.671  render           | Video append frame 25
02:09.687  render           | Video append frame 26
02:09.718  render           | Video append frame 27
02:09.734  render           | Video append frame 28
02:09.750  render           | Video append frame 29
02:09.765  render           | Video append frame 30
02:09.781  render           | Video append frame 31
02:09.812  render           | Video append frame 32
02:09.828  render           | Video append frame 33
02:09.843  render           | Video append frame 34
02:09.859  render           | Video append frame 35
02:09.890  render           | Video append frame 36
02:09.906  render           | Video append frame 37
02:09.921  render           | Video append frame 38
02:09.937  render           | Video append frame 39
02:09.968  render           | Video append frame 40
02:09.984  render           | Video append frame 41
02:10.000  render           | Video append frame 42
02:10.015  render           | Video append frame 43
02:10.046  render           | Video append frame 1
02:10.078  render           | Video append frame 2
02:10.093  render           | Video append frame 3
02:10.109  render           | Video append frame 4
02:10.125  render           | Video append frame 5
02:10.156  render           | Video append frame 6
02:10.171  render           | Video append frame 7
02:10.187  render           | Video append frame 8
02:10.203  render           | Video append frame 9
02:10.218  render           | Video append frame 10
02:10.234  render           | Video append frame 11
02:10.265  render           | Video append frame 12
02:10.281  render           | Video append frame 13
02:10.296  render           | Video append frame 14
02:10.312  render           | Video append frame 15
02:10.343  render           | Video append frame 16
02:10.359  render           | Video append frame 17
02:10.390  render           | Video append frame 18
02:10.406  render           | Video append frame 19
02:10.437  render           | Video append frame 20
02:10.453  render           | Video append frame 21
02:10.484  render           | Video append frame 22
02:10.515  render           | Video append frame 23
02:10.531  render           | Video append frame 24
02:10.546  render           | Video append frame 25
02:10.593  render           | Video append frame 1
02:10.609  render           | Video append frame 2
02:10.640  render           | Video append frame 3
02:10.656  render           | Video append frame 4
02:10.671  render           | Video append frame 5
02:10.703  render           | Video append frame 6
02:10.750  render           | Video append frame 7
02:10.781  render           | Video append frame 8
02:10.796  render           | Video append frame 9
02:10.843  render           | Video append frame 10
02:10.859  render           | Video append frame 11
02:10.906  render           | Video append frame 12
02:10.937  render           | Video append frame 13
02:10.953  render           | Video append frame 14
02:10.968  render           | Video append frame 15
02:11.000  render           | Video append frame 16
02:11.015  render           | Video append frame 17
02:11.046  render           | Video append frame 18
02:11.062  render           | Video append frame 19
02:11.093  render           | Video append frame 20
02:11.125  render           | Video append frame 21
02:11.140  render           | Video append frame 22
02:11.171  render           | Video append frame 23
02:11.187  render           | Video append frame 24
02:11.203  render           | Video append frame 25
02:11.234  render           | Video append frame 26
02:11.250  render           | Video append frame 27
02:11.281  render           | Video append frame 28
02:11.312  render           | Video append frame 29
02:11.328  render           | Video append frame 30
02:11.359  render           | Video append frame 31
02:11.375  render           | Video append frame 32
02:11.390  render           | Video append frame 33
02:11.421  render           | Video append frame 34
02:11.437  render           | Video append frame 35
02:11.468  render           | Video append frame 36
02:11.500  render           | Video append frame 37
02:11.515  render           | Video append frame 38
02:11.546  render           | Video append frame 39
02:11.562  render           | Video append frame 40
02:11.593  render           | Video append frame 41
02:11.609  render           | Video append frame 42
02:11.640  render           | Video append frame 43
02:11.656  render           | Video append frame 44
02:11.671  render           | Video append frame 45
02:11.703  render           | Video append frame 46
02:11.734  render           | Video append frame 47
02:11.765  render           | Video append frame 48
02:11.781  render           | Video append frame 49
02:11.812  render           | Video append frame 50
02:11.828  render           | Video append frame 51
02:11.859  render           | Video append frame 52
02:11.875  render           | Video append frame 53
02:11.906  render           | Video append frame 54
02:11.921  render           | Video append frame 55
02:11.953  render           | Video append frame 56
02:11.968  render           | Video append frame 57
02:12.000  render           | Video append frame 58
02:12.015  render           | Video append frame 59
02:12.046  render           | Video append frame 60
02:12.156  render           | Video append frame 61
02:12.218  render           | Video append frame 1
02:12.250  render           | Video append frame 2
02:12.265  render           | Video append frame 3
02:12.296  render           | Video append frame 4
02:12.312  render           | Video append frame 5
02:12.343  render           | Video append frame 6
02:12.359  render           | Video append frame 7
02:12.390  render           | Video append frame 8
02:12.406  render           | Video append frame 9
02:12.437  render           | Video append frame 10
02:12.453  render           | Video append frame 11
02:12.484  render           | Video append frame 12
02:12.515  render           | Video append frame 13
02:12.546  render           | Video append frame 14
02:12.562  render           | Video append frame 15
02:12.593  render           | Video append frame 16
02:12.625  render           | Video append frame 17
02:12.640  render           | Video append frame 18
02:12.656  render           | Video append frame 19
02:12.687  render           | Video append frame 20
02:12.703  render           | Video append frame 21
02:12.734  render           | Video append frame 22
02:12.750  render           | Video append frame 23
02:12.765  render           | Video append frame 24
02:12.796  render           | Video append frame 25
02:12.812  render           | Video append frame 26
02:12.843  render           | Video append frame 27
02:12.859  render           | Video append frame 28
02:12.890  render           | Video append frame 29
02:12.906  render           | Video append frame 30
02:12.937  render           | Video append frame 31
02:12.953  render           | Video append frame 32
02:12.968  render           | Video append frame 33
02:13.000  render           | Video append frame 34
02:13.015  render           | Video append frame 35
02:13.031  render           | Video append frame 36
02:13.062  render           | Video append frame 37
02:13.078  render           | Video append frame 38
02:13.093  render           | Video append frame 39
02:13.125  render           | Video append frame 40
02:13.140  render           | Video append frame 41
02:13.171  render           | Video append frame 42
02:13.187  render           | Video append frame 43

FBX export starting... 'C:\\Users\\iputu\\Documents\\Wonder Chess\\exports\\neutrals\\wc_n_prowler\\SK_wc_n_prowler.fbx'
(bpy.data.armatures['WC_NeutralMechanical_v1.001'], 'POSE')
export finished in 0.0236 sec.
Info: Applied modifier was not first, result may not be as expected

FBX export starting... 'C:\\Users\\iputu\\Documents\\Wonder Chess\\exports\\neutrals\\wc_n_prowler\\SK_wc_n_prowler_LOD1.fbx'
(bpy.data.armatures['WC_NeutralMechanical_v1.001'], 'POSE')
export finished in 0.0230 sec.
Info: Applied modifier was not first, result may not be as expected

FBX export starting... 'C:\\Users\\iputu\\Documents\\Wonder Chess\\exports\\neutrals\\wc_n_prowler\\SK_wc_n_prowler_LOD2.fbx'
(bpy.data.armatures['WC_NeutralMechanical_v1.001'], 'POSE')
export finished in 0.0210 sec.

FBX export starting... 'C:\\Users\\iputu\\Documents\\Wonder Chess\\exports\\neutrals\\wc_n_prowler\\AN_wc_n_prowler_Idle.fbx'
export finished in 0.0828 sec.

FBX export starting... 'C:\\Users\\iputu\\Documents\\Wonder Chess\\exports\\neutrals\\wc_n_prowler\\AN_wc_n_prowler_Move.fbx'
export finished in 0.0511 sec.

FBX export starting... 'C:\\Users\\iputu\\Documents\\Wonder Chess\\exports\\neutrals\\wc_n_prowler\\AN_wc_n_prowler_Attack.fbx'
export finished in 0.0417 sec.

FBX export starting... 'C:\\Users\\iputu\\Documents\\Wonder Chess\\exports\\neutrals\\wc_n_prowler\\AN_wc_n_prowler_Hit.fbx'
export finished in 0.0330 sec.

FBX export starting... 'C:\\Users\\iputu\\Documents\\Wonder Chess\\exports\\neutrals\\wc_n_prowler\\AN_wc_n_prowler_Defeat.fbx'
export finished in 0.0535 sec.

FBX export starting... 'C:\\Users\\iputu\\Documents\\Wonder Chess\\exports\\neutrals\\wc_n_prowler\\AN_wc_n_prowler_Active.fbx'
export finished in 0.0471 sec.
Info: Saved as "wc_n_prowler.blend"
{
  "status": "structural_checks_passed_visual_review_required",
  "blender_version": "5.1.1",
  "collection": "EXPORT",
  "evaluated_triangle_total": 2160,
  "objects": [
    {
      "name": "Armature",
      "type": "ARMATURE",
      "scale": [
        1.0,
        1.0,
        1.0
      ],
      "dimensions": [
        0.46000000834465027,
        1.5800000429153442,
        1.4700000286102295
      ],
      "roots": [
        "root"
      ],
      "deform_bones": 11
    },
    {
      "name": "SK_wc_n_prowler",
      "type": "MESH",
      "scale": [
        1.0,
        1.0,
        1.0
      ],
      "dimensions": [
        0.7744633555412292,
        2.2530908584594727,
        1.2808446884155273
      ],
      "evaluated_triangles": 2160,
      "material_slots": 1,
      "uv_layers": 1,
      "skin_checks": {
        "unweighted": 0,
        "excess_influences": 0,
        "unnormalized": 0
      }
    }
  ],
  "errors": [],
  "warnings": [],
  "not_checked": [
    "appearance",
    "deformation across all clips",
    "UV overlap appropriateness",
    "normal-map convention",
    "Unreal import",
    "LOD silhouette",
    "gameplay readability"
  ]
}
WC_NEUTRAL_AUTHORED wc_n_prowler {"triangles": 2160, "clips": 6, "report": "C:\\Users\\iputu\\Documents\\Wonder Chess\\reports\\WC-U440\\20260906T133019Z\\neutrals\\wc_n_prowler"}
02:24.640  render           | Saved: 'C:\Users\iputu\Documents\Wonder Chess\exports\neutrals\wc_n_sentinel\portrait.png'
02:27.265  render           | Saved: 'C:\Users\iputu\Documents\Wonder Chess\reports\WC-U440\20260906T133019Z\neutrals\wc_n_sentinel\front.png'
02:29.375  render           | Saved: 'C:\Users\iputu\Documents\Wonder Chess\reports\WC-U440\20260906T133019Z\neutrals\wc_n_sentinel\side.png'
02:31.718  render           | Saved: 'C:\Users\iputu\Documents\Wonder Chess\reports\WC-U440\20260906T133019Z\neutrals\wc_n_sentinel\back.png'
02:31.765  render           | Video append frame 1
02:31.796  render           | Video append frame 2
02:31.828  render           | Video append frame 3
02:31.859  render           | Video append frame 4
02:31.890  render           | Video append frame 5
02:31.921  render           | Video append frame 6
02:31.953  render           | Video append frame 7
02:31.984  render           | Video append frame 8
02:32.000  render           | Video append frame 9
02:32.031  render           | Video append frame 10
02:32.046  render           | Video append frame 11
02:32.078  render           | Video append frame 12
02:32.093  render           | Video append frame 13
02:32.125  render           | Video append frame 14
02:32.140  render           | Video append frame 15
02:32.156  render           | Video append frame 16
02:32.187  render           | Video append frame 17
02:32.203  render           | Video append frame 18
02:32.234  render           | Video append frame 19
02:32.265  render           | Video append frame 20
02:32.281  render           | Video append frame 21
02:32.312  render           | Video append frame 22
02:32.343  render           | Video append frame 23
02:32.359  render           | Video append frame 24
02:32.406  render           | Video append frame 25
02:32.421  render           | Video append frame 26
02:32.453  render           | Video append frame 27
02:32.484  render           | Video append frame 28
02:32.500  render           | Video append frame 29
02:32.531  render           | Video append frame 30
02:32.562  render           | Video append frame 31
02:32.578  render           | Video append frame 32
02:32.609  render           | Video append frame 33
02:32.625  render           | Video append frame 34
02:32.656  render           | Video append frame 35
02:32.671  render           | Video append frame 36
02:32.703  render           | Video append frame 37
02:32.734  render           | Video append frame 38
02:32.750  render           | Video append frame 39
02:32.765  render           | Video append frame 40
02:32.796  render           | Video append frame 41
02:32.828  render           | Video append frame 42
02:32.843  render           | Video append frame 43
02:32.859  render           | Video append frame 44
02:32.890  render           | Video append frame 45
02:32.906  render           | Video append frame 46
02:32.921  render           | Video append frame 47
02:32.953  render           | Video append frame 48
02:32.968  render           | Video append frame 49
02:33.000  render           | Video append frame 50
02:33.015  render           | Video append frame 51
02:33.046  render           | Video append frame 52
02:33.078  render           | Video append frame 53
02:33.265  render           | Video append frame 54
02:33.828  render           | Video append frame 55
02:34.750  render           | Video append frame 56
02:35.468  render           | Video append frame 57
02:35.718  render           | Video append frame 58
02:35.734  render           | Video append frame 59
02:36.140  render           | Video append frame 60
02:36.484  render           | Video append frame 61
02:36.531  render           | Video append frame 62
02:36.937  render           | Video append frame 63
02:37.203  render           | Video append frame 64
02:37.234  render           | Video append frame 65
02:37.265  render           | Video append frame 66
02:37.546  render           | Video append frame 67
02:37.984  render           | Video append frame 68
02:38.046  render           | Video append frame 69
02:38.078  render           | Video append frame 70
02:38.109  render           | Video append frame 71
02:38.125  render           | Video append frame 72
02:38.156  render           | Video append frame 73
02:38.187  render           | Video append frame 74
02:38.203  render           | Video append frame 75
02:38.234  render           | Video append frame 76
02:38.250  render           | Video append frame 77
02:38.265  render           | Video append frame 78
02:38.296  render           | Video append frame 79
02:38.328  render           | Video append frame 80
02:38.343  render           | Video append frame 81
02:38.375  render           | Video append frame 82
02:38.453  render           | Video append frame 83
02:38.953  render           | Video append frame 84
02:39.281  render           | Video append frame 85
02:39.609  render           | Video append frame 86
02:39.906  render           | Video append frame 87
02:40.156  render           | Video append frame 88
02:40.281  render           | Video append frame 89
02:40.484  render           | Video append frame 90
02:40.625  render           | Video append frame 91
02:40.781  render           | Video append frame 92
02:40.953  render           | Video append frame 93
02:41.015  render           | Video append frame 94
02:41.328  render           | Video append frame 95
02:41.906  render           | Video append frame 96
02:42.093  render           | Video append frame 97
02:42.703  render           | Video append frame 98
02:42.734  render           | Video append frame 99
02:42.765  render           | Video append frame 100
02:43.156  render           | Video append frame 101
02:43.546  render           | Video append frame 102
02:43.578  render           | Video append frame 103
02:43.609  render           | Video append frame 104
02:43.640  render           | Video append frame 105
02:43.671  render           | Video append frame 106
02:43.703  render           | Video append frame 107
02:43.906  render           | Video append frame 108
02:44.625  render           | Video append frame 109
02:45.156  render           | Video append frame 110
02:45.937  render           | Video append frame 111
02:46.390  render           | Video append frame 112
02:46.843  render           | Video append frame 113
02:47.125  render           | Video append frame 114
02:47.250  render           | Video append frame 115
02:47.406  render           | Video append frame 116
02:47.562  render           | Video append frame 117
02:47.687  render           | Video append frame 118
02:47.750  render           | Video append frame 119
02:48.000  render           | Video append frame 120
02:48.437  render           | Video append frame 121
02:48.640  render           | Video append frame 1
02:48.671  render           | Video append frame 2
02:48.687  render           | Video append frame 3
02:48.843  render           | Video append frame 4
02:48.953  render           | Video append frame 5
02:49.078  render           | Video append frame 6
02:49.203  render           | Video append frame 7
02:49.343  render           | Video append frame 8
02:49.468  render           | Video append frame 9
02:49.515  render           | Video append frame 10
02:49.562  render           | Video append frame 11
02:49.593  render           | Video append frame 12
02:49.625  render           | Video append frame 13
02:49.656  render           | Video append frame 14
02:49.812  render           | Video append frame 15
02:49.953  render           | Video append frame 16
02:50.156  render           | Video append frame 17
02:50.265  render           | Video append frame 18
02:50.437  render           | Video append frame 19
02:50.609  render           | Video append frame 20
02:50.796  render           | Video append frame 21
02:50.968  render           | Video append frame 22
02:51.328  render           | Video append frame 23
02:51.562  render           | Video append frame 24
02:51.703  render           | Video append frame 25
02:51.875  render           | Video append frame 26
02:52.046  render           | Video append frame 27
02:52.187  render           | Video append frame 28
02:52.562  render           | Video append frame 29
02:53.203  render           | Video append frame 30
02:53.281  render           | Video append frame 31
02:53.531  render           | Video append frame 32
02:53.671  render           | Video append frame 33
02:53.843  render           | Video append frame 34
02:53.937  render           | Video append frame 35
02:54.046  render           | Video append frame 36
02:54.109  render           | Video append frame 37
02:54.203  render           | Video append frame 38
02:54.312  render           | Video append frame 39
02:54.468  render           | Video append frame 40
02:54.593  render           | Video append frame 41
02:54.734  render           | Video append frame 42
02:54.859  render           | Video append frame 43
02:54.890  render           | Video append frame 44
02:54.921  render           | Video append frame 45
02:55.062  render           | Video append frame 46
02:55.187  render           | Video append frame 47
02:55.609  render           | Video append frame 48
02:55.859  render           | Video append frame 49
02:55.921  render           | Video append frame 50
02:55.984  render           | Video append frame 51
02:56.062  render           | Video append frame 52
02:56.093  render           | Video append frame 53
02:56.125  render           | Video append frame 54
02:56.265  render           | Video append frame 55
02:56.406  render           | Video append frame 56
02:56.437  render           | Video append frame 57
02:56.468  render           | Video append frame 58
02:56.515  render           | Video append frame 59
02:56.546  render           | Video append frame 60
02:56.578  render           | Video append frame 61
02:56.656  render           | Video append frame 1
02:56.687  render           | Video append frame 2
02:56.765  render           | Video append frame 3
02:56.796  render           | Video append frame 4
02:56.828  render           | Video append frame 5
02:56.875  render           | Video append frame 6
02:56.921  render           | Video append frame 7
02:56.953  render           | Video append frame 8
02:56.968  render           | Video append frame 9
02:57.000  render           | Video append frame 10
02:57.031  render           | Video append frame 11
02:57.078  render           | Video append frame 12
02:57.109  render           | Video append frame 13
02:57.125  render           | Video append frame 14
02:57.156  render           | Video append frame 15
02:57.187  render           | Video append frame 16
02:57.203  render           | Video append frame 17
02:57.234  render           | Video append frame 18
02:57.250  render           | Video append frame 19
02:57.281  render           | Video append frame 20
02:57.312  render           | Video append frame 21
02:57.343  render           | Video append frame 22
02:57.359  render           | Video append frame 23
02:57.390  render           | Video append frame 24
02:57.406  render           | Video append frame 25
02:57.437  render           | Video append frame 26
02:57.453  render           | Video append frame 27
02:57.484  render           | Video append frame 28
02:57.500  render           | Video append frame 29
02:57.531  render           | Video append frame 30
02:57.546  render           | Video append frame 31
02:57.562  render           | Video append frame 32
02:57.593  render           | Video append frame 33
02:57.609  render           | Video append frame 34
02:57.640  render           | Video append frame 35
02:57.656  render           | Video append frame 36
02:57.687  render           | Video append frame 37
02:57.703  render           | Video append frame 38
02:57.734  render           | Video append frame 39
02:57.750  render           | Video append frame 40
02:57.765  render           | Video append frame 41
02:57.796  render           | Video append frame 42
02:57.812  render           | Video append frame 43
02:57.843  render           | Video append frame 44
02:57.875  render           | Video append frame 45
02:57.906  render           | Video append frame 46
02:57.921  render           | Video append frame 47
02:57.953  render           | Video append frame 48
02:57.984  render           | Video append frame 49
02:58.031  render           | Video append frame 1
02:58.062  render           | Video append frame 2
02:58.078  render           | Video append frame 3
02:58.093  render           | Video append frame 4
02:58.125  render           | Video append frame 5
02:58.140  render           | Video append frame 6
02:58.156  render           | Video append frame 7
02:58.187  render           | Video append frame 8
02:58.203  render           | Video append frame 9
02:58.234  render           | Video append frame 10
02:58.265  render           | Video append frame 11
02:58.281  render           | Video append frame 12
02:58.312  render           | Video append frame 13
02:58.343  render           | Video append frame 14
02:58.375  render           | Video append frame 15
02:58.390  render           | Video append frame 16
02:58.421  render           | Video append frame 17
02:58.437  render           | Video append frame 18
02:58.453  render           | Video append frame 19
02:58.484  render           | Video append frame 20
02:58.500  render           | Video append frame 21
02:58.531  render           | Video append frame 22
02:58.562  render           | Video append frame 23
02:58.578  render           | Video append frame 24
02:58.609  render           | Video append frame 25
02:58.656  render           | Video append frame 1
02:58.671  render           | Video append frame 2
02:58.703  render           | Video append frame 3
02:58.718  render           | Video append frame 4
02:58.750  render           | Video append frame 5
02:58.765  render           | Video append frame 6
02:58.796  render           | Video append frame 7
02:58.812  render           | Video append frame 8
02:58.843  render           | Video append frame 9
02:58.859  render           | Video append frame 10
02:58.875  render           | Video append frame 11
02:58.906  render           | Video append frame 12
02:58.921  render           | Video append frame 13
02:58.953  render           | Video append frame 14
02:58.968  render           | Video append frame 15
02:59.000  render           | Video append frame 16
02:59.015  render           | Video append frame 17
02:59.031  render           | Video append frame 18
02:59.062  render           | Video append frame 19
02:59.078  render           | Video append frame 20
02:59.093  render           | Video append frame 21
02:59.109  render           | Video append frame 22
02:59.125  render           | Video append frame 23
02:59.156  render           | Video append frame 24
02:59.171  render           | Video append frame 25
02:59.187  render           | Video append frame 26
02:59.218  render           | Video append frame 27
02:59.234  render           | Video append frame 28
02:59.250  render           | Video append frame 29
02:59.265  render           | Video append frame 30
02:59.296  render           | Video append frame 31
02:59.312  render           | Video append frame 32
02:59.343  render           | Video append frame 33
02:59.359  render           | Video append frame 34
02:59.390  render           | Video append frame 35
02:59.406  render           | Video append frame 36
02:59.437  render           | Video append frame 37
02:59.453  render           | Video append frame 38
02:59.484  render           | Video append frame 39
02:59.500  render           | Video append frame 40
02:59.531  render           | Video append frame 41
02:59.546  render           | Video append frame 42
02:59.578  render           | Video append frame 43
02:59.593  render           | Video append frame 44
02:59.625  render           | Video append frame 45
02:59.640  render           | Video append frame 46
02:59.656  render           | Video append frame 47
02:59.671  render           | Video append frame 48
02:59.703  render           | Video append frame 49
02:59.718  render           | Video append frame 50
02:59.734  render           | Video append frame 51
02:59.750  render           | Video append frame 52
02:59.781  render           | Video append frame 53
02:59.796  render           | Video append frame 54
02:59.812  render           | Video append frame 55
02:59.843  render           | Video append frame 56
02:59.859  render           | Video append frame 57
02:59.875  render           | Video append frame 58
02:59.890  render           | Video append frame 59
02:59.921  render           | Video append frame 60
02:59.937  render           | Video append frame 61
02:59.968  render           | Video append frame 1
03:00.000  render           | Video append frame 2
03:00.015  render           | Video append frame 3
03:00.031  render           | Video append frame 4
03:00.062  render           | Video append frame 5
03:00.078  render           | Video append frame 6
03:00.109  render           | Video append frame 7
03:00.140  render           | Video append frame 8
03:00.171  render           | Video append frame 9
03:00.187  render           | Video append frame 10
03:00.218  render           | Video append frame 11
03:00.250  render           | Video append frame 12
03:00.281  render           | Video append frame 13
03:00.296  render           | Video append frame 14
03:00.312  render           | Video append frame 15
03:00.343  render           | Video append frame 16
03:00.359  render           | Video append frame 17
03:00.390  render           | Video append frame 18
03:00.421  render           | Video append frame 19
03:00.437  render           | Video append frame 20
03:00.453  render           | Video append frame 21
03:00.468  render           | Video append frame 22
03:00.500  render           | Video append frame 23
03:00.515  render           | Video append frame 24
03:00.531  render           | Video append frame 25
03:00.546  render           | Video append frame 26
03:00.562  render           | Video append frame 27
03:00.578  render           | Video append frame 28
03:00.609  render           | Video append frame 29
03:00.625  render           | Video append frame 30
03:00.656  render           | Video append frame 31
03:00.671  render           | Video append frame 32
03:00.687  render           | Video append frame 33
03:00.703  render           | Video append frame 34
03:00.734  render           | Video append frame 35
03:00.750  render           | Video append frame 36
03:00.765  render           | Video append frame 37
03:00.796  render           | Video append frame 38
03:00.812  render           | Video append frame 39
03:00.843  render           | Video append frame 40
03:00.875  render           | Video append frame 41
03:00.906  render           | Video append frame 42
03:00.921  render           | Video append frame 43
03:00.937  render           | Video append frame 44
03:00.953  render           | Video append frame 45
03:00.984  render           | Video append frame 46
03:01.000  render           | Video append frame 47
03:01.015  render           | Video append frame 48
03:01.046  render           | Video append frame 49

FBX export starting... 'C:\\Users\\iputu\\Documents\\Wonder Chess\\exports\\neutrals\\wc_n_sentinel\\SK_wc_n_sentinel.fbx'
(bpy.data.armatures['WC_NeutralMechanical_v1.001'], 'POSE')
export finished in 0.0284 sec.
Info: Applied modifier was not first, result may not be as expected

FBX export starting... 'C:\\Users\\iputu\\Documents\\Wonder Chess\\exports\\neutrals\\wc_n_sentinel\\SK_wc_n_sentinel_LOD1.fbx'
(bpy.data.armatures['WC_NeutralMechanical_v1.001'], 'POSE')
export finished in 0.0239 sec.
Info: Applied modifier was not first, result may not be as expected

FBX export starting... 'C:\\Users\\iputu\\Documents\\Wonder Chess\\exports\\neutrals\\wc_n_sentinel\\SK_wc_n_sentinel_LOD2.fbx'
(bpy.data.armatures['WC_NeutralMechanical_v1.001'], 'POSE')
export finished in 0.0263 sec.

FBX export starting... 'C:\\Users\\iputu\\Documents\\Wonder Chess\\exports\\neutrals\\wc_n_sentinel\\AN_wc_n_sentinel_Idle.fbx'
export finished in 0.0828 sec.

FBX export starting... 'C:\\Users\\iputu\\Documents\\Wonder Chess\\exports\\neutrals\\wc_n_sentinel\\AN_wc_n_sentinel_Move.fbx'
export finished in 0.1100 sec.

FBX export starting... 'C:\\Users\\iputu\\Documents\\Wonder Chess\\exports\\neutrals\\wc_n_sentinel\\AN_wc_n_sentinel_Attack.fbx'
export finished in 0.0520 sec.

FBX export starting... 'C:\\Users\\iputu\\Documents\\Wonder Chess\\exports\\neutrals\\wc_n_sentinel\\AN_wc_n_sentinel_Hit.fbx'
export finished in 0.0396 sec.

FBX export starting... 'C:\\Users\\iputu\\Documents\\Wonder Chess\\exports\\neutrals\\wc_n_sentinel\\AN_wc_n_sentinel_Defeat.fbx'
export finished in 0.0520 sec.

FBX export starting... 'C:\\Users\\iputu\\Documents\\Wonder Chess\\exports\\neutrals\\wc_n_sentinel\\AN_wc_n_sentinel_Active.fbx'
export finished in 0.0578 sec.
Info: Saved as "wc_n_sentinel.blend"
{
  "status": "structural_checks_passed_visual_review_required",
  "blender_version": "5.1.1",
  "collection": "EXPORT",
  "evaluated_triangle_total": 2004,
  "objects": [
    {
      "name": "Armature",
      "type": "ARMATURE",
      "scale": [
        1.0,
        1.0,
        1.0
      ],
      "dimensions": [
        0.6200000047683716,
        0.0,
        1.850000023841858
      ],
      "roots": [
        "root"
      ],
      "deform_bones": 9
    },
    {
      "name": "SK_wc_n_sentinel",
      "type": "MESH",
      "scale": [
        1.0,
        1.0,
        1.0
      ],
      "dimensions": [
        1.2599999904632568,
        0.7599999904632568,
        1.6874512434005737
      ],
      "evaluated_triangles": 2004,
      "material_slots": 1,
      "uv_layers": 1,
      "skin_checks": {
        "unweighted": 0,
        "excess_influences": 0,
        "unnormalized": 0
      }
    }
  ],
  "errors": [],
  "warnings": [],
  "not_checked": [
    "appearance",
    "deformation across all clips",
    "UV overlap appropriateness",
    "normal-map convention",
    "Unreal import",
    "LOD silhouette",
    "gameplay readability"
  ]
}
WC_NEUTRAL_AUTHORED wc_n_sentinel {"triangles": 2004, "clips": 6, "report": "C:\\Users\\iputu\\Documents\\Wonder Chess\\reports\\WC-U440\\20260906T133019Z\\neutrals\\wc_n_sentinel"}
03:12.109  render           | Saved: 'C:\Users\iputu\Documents\Wonder Chess\exports\neutrals\wc_n_warden\portrait.png'
03:13.937  render           | Saved: 'C:\Users\iputu\Documents\Wonder Chess\reports\WC-U440\20260906T133019Z\neutrals\wc_n_warden\front.png'
03:15.656  render           | Saved: 'C:\Users\iputu\Documents\Wonder Chess\reports\WC-U440\20260906T133019Z\neutrals\wc_n_warden\side.png'
03:17.390  render           | Saved: 'C:\Users\iputu\Documents\Wonder Chess\reports\WC-U440\20260906T133019Z\neutrals\wc_n_warden\back.png'
03:17.437  render           | Video append frame 1
03:17.453  render           | Video append frame 2
03:17.468  render           | Video append frame 3
03:17.484  render           | Video append frame 4
03:17.500  render           | Video append frame 5
03:17.515  render           | Video append frame 6
03:17.531  render           | Video append frame 7
03:17.562  render           | Video append frame 8
03:17.578  render           | Video append frame 9
03:17.593  render           | Video append frame 10
03:17.609  render           | Video append frame 11
03:17.625  render           | Video append frame 12
03:17.640  render           | Video append frame 13
03:17.656  render           | Video append frame 14
03:17.671  render           | Video append frame 15
03:17.703  render           | Video append frame 16
03:17.718  render           | Video append frame 17
03:17.734  render           | Video append frame 18
03:17.750  render           | Video append frame 19
03:17.765  render           | Video append frame 20
03:17.781  render           | Video append frame 21
03:17.796  render           | Video append frame 22
03:17.828  render           | Video append frame 23
03:17.843  render           | Video append frame 24
03:17.859  render           | Video append frame 25
03:17.875  render           | Video append frame 26
03:17.890  render           | Video append frame 27
03:17.906  render           | Video append frame 28
03:17.937  render           | Video append frame 29
03:17.953  render           | Video append frame 30
03:17.968  render           | Video append frame 31
03:17.984  render           | Video append frame 32
03:18.000  render           | Video append frame 33
03:18.015  render           | Video append frame 34
03:18.031  render           | Video append frame 35
03:18.046  render           | Video append frame 36
03:18.062  render           | Video append frame 37
03:18.093  render           | Video append frame 38
03:18.109  render           | Video append frame 39
03:18.125  render           | Video append frame 40
03:18.156  render           | Video append frame 41
03:18.171  render           | Video append frame 42
03:18.187  render           | Video append frame 43
03:18.218  render           | Video append frame 44
03:18.234  render           | Video append frame 45
03:18.250  render           | Video append frame 46
03:18.281  render           | Video append frame 47
03:18.296  render           | Video append frame 48
03:18.312  render           | Video append frame 49
03:18.328  render           | Video append frame 50
03:18.359  render           | Video append frame 51
03:18.375  render           | Video append frame 52
03:18.390  render           | Video append frame 53
03:18.406  render           | Video append frame 54
03:18.437  render           | Video append frame 55
03:18.453  render           | Video append frame 56
03:18.468  render           | Video append frame 57
03:18.500  render           | Video append frame 58
03:18.515  render           | Video append frame 59
03:18.531  render           | Video append frame 60
03:18.546  render           | Video append frame 61
03:18.562  render           | Video append frame 62
03:18.593  render           | Video append frame 63
03:18.609  render           | Video append frame 64
03:18.640  render           | Video append frame 65
03:18.656  render           | Video append frame 66
03:18.671  render           | Video append frame 67
03:18.703  render           | Video append frame 68
03:18.718  render           | Video append frame 69
03:18.750  render           | Video append frame 70
03:18.765  render           | Video append frame 71
03:18.781  render           | Video append frame 72
03:18.796  render           | Video append frame 73
03:18.812  render           | Video append frame 74
03:18.843  render           | Video append frame 75
03:18.859  render           | Video append frame 76
03:18.875  render           | Video append frame 77
03:18.890  render           | Video append frame 78
03:18.906  render           | Video append frame 79
03:18.937  render           | Video append frame 80
03:18.953  render           | Video append frame 81
03:18.984  render           | Video append frame 82
03:19.015  render           | Video append frame 83
03:19.031  render           | Video append frame 84
03:19.062  render           | Video append frame 85
03:19.093  render           | Video append frame 86
03:19.109  render           | Video append frame 87
03:19.140  render           | Video append frame 88
03:19.156  render           | Video append frame 89
03:19.171  render           | Video append frame 90
03:19.203  render           | Video append frame 91
03:19.218  render           | Video append frame 92
03:19.234  render           | Video append frame 93
03:19.265  render           | Video append frame 94
03:19.281  render           | Video append frame 95
03:19.312  render           | Video append frame 96
03:19.328  render           | Video append frame 97
03:19.359  render           | Video append frame 98
03:19.375  render           | Video append frame 99
03:19.390  render           | Video append frame 100
03:19.421  render           | Video append frame 101
03:19.453  render           | Video append frame 102
03:19.468  render           | Video append frame 103
03:19.500  render           | Video append frame 104
03:19.515  render           | Video append frame 105
03:19.546  render           | Video append frame 106
03:19.562  render           | Video append frame 107
03:19.593  render           | Video append frame 108
03:19.609  render           | Video append frame 109
03:19.625  render           | Video append frame 110
03:19.656  render           | Video append frame 111
03:19.671  render           | Video append frame 112
03:19.687  render           | Video append frame 113
03:19.718  render           | Video append frame 114
03:19.750  render           | Video append frame 115
03:19.765  render           | Video append frame 116
03:19.796  render           | Video append frame 117
03:19.812  render           | Video append frame 118
03:19.843  render           | Video append frame 119
03:19.859  render           | Video append frame 120
03:19.875  render           | Video append frame 121
03:19.921  render           | Video append frame 1
03:19.937  render           | Video append frame 2
03:19.953  render           | Video append frame 3
03:19.984  render           | Video append frame 4
03:20.000  render           | Video append frame 5
03:20.015  render           | Video append frame 6
03:20.046  render           | Video append frame 7
03:20.062  render           | Video append frame 8
03:20.078  render           | Video append frame 9
03:20.093  render           | Video append frame 10
03:20.125  render           | Video append frame 11
03:20.140  render           | Video append frame 12
03:20.156  render           | Video append frame 13
03:20.171  render           | Video append frame 14
03:20.203  render           | Video append frame 15
03:20.218  render           | Video append frame 16
03:20.234  render           | Video append frame 17
03:20.250  render           | Video append frame 18
03:20.281  render           | Video append frame 19
03:20.296  render           | Video append frame 20
03:20.312  render           | Video append frame 21
03:20.328  render           | Video append frame 22
03:20.359  render           | Video append frame 23
03:20.375  render           | Video append frame 24
03:20.390  render           | Video append frame 25
03:20.406  render           | Video append frame 26
03:20.421  render           | Video append frame 27
03:20.453  render           | Video append frame 28
03:20.468  render           | Video append frame 29
03:20.484  render           | Video append frame 30
03:20.500  render           | Video append frame 31
03:20.515  render           | Video append frame 32
03:20.546  render           | Video append frame 33
03:20.562  render           | Video append frame 34
03:20.578  render           | Video append frame 35
03:20.593  render           | Video append frame 36
03:20.609  render           | Video append frame 37
03:20.625  render           | Video append frame 38
03:20.656  render           | Video append frame 39
03:20.671  render           | Video append frame 40
03:20.687  render           | Video append frame 41
03:20.703  render           | Video append frame 42
03:20.718  render           | Video append frame 43
03:20.750  render           | Video append frame 44
03:20.765  render           | Video append frame 45
03:20.781  render           | Video append frame 46
03:20.796  render           | Video append frame 47
03:20.812  render           | Video append frame 48
03:20.843  render           | Video append frame 49
03:20.859  render           | Video append frame 50
03:20.875  render           | Video append frame 51
03:20.890  render           | Video append frame 52
03:20.906  render           | Video append frame 53
03:20.937  render           | Video append frame 54
03:20.953  render           | Video append frame 55
03:20.968  render           | Video append frame 56
03:20.984  render           | Video append frame 57
03:21.000  render           | Video append frame 58
03:21.015  render           | Video append frame 59
03:21.031  render           | Video append frame 60
03:21.062  render           | Video append frame 61
03:21.093  render           | Video append frame 1
03:21.125  render           | Video append frame 2
03:21.140  render           | Video append frame 3
03:21.156  render           | Video append frame 4
03:21.171  render           | Video append frame 5
03:21.187  render           | Video append frame 6
03:21.203  render           | Video append frame 7
03:21.234  render           | Video append frame 8
03:21.250  render           | Video append frame 9
03:21.265  render           | Video append frame 10
03:21.281  render           | Video append frame 11
03:21.312  render           | Video append frame 12
03:21.328  render           | Video append frame 13
03:21.343  render           | Video append frame 14
03:21.359  render           | Video append frame 15
03:21.375  render           | Video append frame 16
03:21.406  render           | Video append frame 17
03:21.421  render           | Video append frame 18
03:21.437  render           | Video append frame 19
03:21.468  render           | Video append frame 20
03:21.484  render           | Video append frame 21
03:21.500  render           | Video append frame 22
03:21.515  render           | Video append frame 23
03:21.531  render           | Video append frame 24
03:21.562  render           | Video append frame 25
03:21.578  render           | Video append frame 26
03:21.593  render           | Video append frame 27
03:21.625  render           | Video append frame 28
03:21.640  render           | Video append frame 29
03:21.656  render           | Video append frame 30
03:21.671  render           | Video append frame 31
03:21.687  render           | Video append frame 32
03:21.718  render           | Video append frame 33
03:21.734  render           | Video append frame 34
03:21.750  render           | Video append frame 35
03:21.765  render           | Video append frame 36
03:21.781  render           | Video append frame 37
03:21.796  render           | Video append frame 38
03:21.828  render           | Video append frame 39
03:21.843  render           | Video append frame 40
03:21.859  render           | Video append frame 41
03:21.890  render           | Video append frame 42
03:21.906  render           | Video append frame 43
03:21.921  render           | Video append frame 44
03:21.937  render           | Video append frame 45
03:21.953  render           | Video append frame 46
03:21.968  render           | Video append frame 47
03:22.000  render           | Video append frame 48
03:22.015  render           | Video append frame 49
03:22.046  render           | Video append frame 1
03:22.062  render           | Video append frame 2
03:22.078  render           | Video append frame 3
03:22.093  render           | Video append frame 4
03:22.125  render           | Video append frame 5
03:22.140  render           | Video append frame 6
03:22.156  render           | Video append frame 7
03:22.187  render           | Video append frame 8
03:22.203  render           | Video append frame 9
03:22.234  render           | Video append frame 10
03:22.250  render           | Video append frame 11
03:22.265  render           | Video append frame 12
03:22.281  render           | Video append frame 13
03:22.296  render           | Video append frame 14
03:22.328  render           | Video append frame 15
03:22.343  render           | Video append frame 16
03:22.359  render           | Video append frame 17
03:22.375  render           | Video append frame 18
03:22.406  render           | Video append frame 19
03:22.421  render           | Video append frame 20
03:22.437  render           | Video append frame 21
03:22.453  render           | Video append frame 22
03:22.468  render           | Video append frame 23
03:22.484  render           | Video append frame 24
03:22.515  render           | Video append frame 25
03:22.546  render           | Video append frame 1
03:22.578  render           | Video append frame 2
03:22.593  render           | Video append frame 3
03:22.609  render           | Video append frame 4
03:22.625  render           | Video append frame 5
03:22.640  render           | Video append frame 6
03:22.656  render           | Video append frame 7
03:22.687  render           | Video append frame 8
03:22.703  render           | Video append frame 9
03:22.718  render           | Video append frame 10
03:22.734  render           | Video append frame 11
03:22.765  render           | Video append frame 12
03:22.781  render           | Video append frame 13
03:22.796  render           | Video append frame 14
03:22.812  render           | Video append frame 15
03:22.828  render           | Video append frame 16
03:22.859  render           | Video append frame 17
03:22.875  render           | Video append frame 18
03:22.890  render           | Video append frame 19
03:22.906  render           | Video append frame 20
03:22.921  render           | Video append frame 21
03:22.937  render           | Video append frame 22
03:22.968  render           | Video append frame 23
03:22.984  render           | Video append frame 24
03:23.000  render           | Video append frame 25
03:23.015  render           | Video append frame 26
03:23.031  render           | Video append frame 27
03:23.046  render           | Video append frame 28
03:23.078  render           | Video append frame 29
03:23.093  render           | Video append frame 30
03:23.109  render           | Video append frame 31
03:23.125  render           | Video append frame 32
03:23.140  render           | Video append frame 33
03:23.156  render           | Video append frame 34
03:23.187  render           | Video append frame 35
03:23.203  render           | Video append frame 36
03:23.218  render           | Video append frame 37
03:23.234  render           | Video append frame 38
03:23.250  render           | Video append frame 39
03:23.281  render           | Video append frame 40
03:23.296  render           | Video append frame 41
03:23.312  render           | Video append frame 42
03:23.328  render           | Video append frame 43
03:23.343  render           | Video append frame 44
03:23.359  render           | Video append frame 45
03:23.375  render           | Video append frame 46
03:23.390  render           | Video append frame 47
03:23.421  render           | Video append frame 48
03:23.437  render           | Video append frame 49
03:23.453  render           | Video append frame 50
03:23.468  render           | Video append frame 51
03:23.500  render           | Video append frame 52
03:23.515  render           | Video append frame 53
03:23.531  render           | Video append frame 54
03:23.546  render           | Video append frame 55
03:23.578  render           | Video append frame 56
03:23.593  render           | Video append frame 57
03:23.625  render           | Video append frame 58
03:23.640  render           | Video append frame 59
03:23.656  render           | Video append frame 60
03:23.671  render           | Video append frame 61
03:23.718  render           | Video append frame 1
03:23.750  render           | Video append frame 2
03:23.765  render           | Video append frame 3
03:23.781  render           | Video append frame 4
03:23.796  render           | Video append frame 5
03:23.812  render           | Video append frame 6
03:23.828  render           | Video append frame 7
03:23.859  render           | Video append frame 8
03:23.875  render           | Video append frame 9
03:23.890  render           | Video append frame 10
03:23.906  render           | Video append frame 11
03:23.921  render           | Video append frame 12
03:23.953  render           | Video append frame 13
03:23.968  render           | Video append frame 14
03:23.984  render           | Video append frame 15
03:24.000  render           | Video append frame 16
03:24.031  render           | Video append frame 17
03:24.046  render           | Video append frame 18
03:24.062  render           | Video append frame 19
03:24.078  render           | Video append frame 20
03:24.109  render           | Video append frame 21
03:24.125  render           | Video append frame 22
03:24.140  render           | Video append frame 23
03:24.156  render           | Video append frame 24
03:24.171  render           | Video append frame 25
03:24.203  render           | Video append frame 26
03:24.218  render           | Video append frame 27
03:24.234  render           | Video append frame 28
03:24.250  render           | Video append frame 29
03:24.281  render           | Video append frame 30
03:24.296  render           | Video append frame 31
03:24.312  render           | Video append frame 32
03:24.328  render           | Video append frame 33
03:24.343  render           | Video append frame 34
03:24.375  render           | Video append frame 35
03:24.390  render           | Video append frame 36
03:24.406  render           | Video append frame 37
03:24.421  render           | Video append frame 38
03:24.453  render           | Video append frame 39
03:24.468  render           | Video append frame 40
03:24.484  render           | Video append frame 41
03:24.500  render           | Video append frame 42
03:24.531  render           | Video append frame 43
03:24.546  render           | Video append frame 44
03:24.562  render           | Video append frame 45
03:24.578  render           | Video append frame 46
03:24.609  render           | Video append frame 47
03:24.625  render           | Video append frame 48
03:24.640  render           | Video append frame 49
03:24.656  render           | Video append frame 50
03:24.671  render           | Video append frame 51
03:24.687  render           | Video append frame 52
03:24.718  render           | Video append frame 53
03:24.734  render           | Video append frame 54
03:24.750  render           | Video append frame 55
03:24.765  render           | Video append frame 56
03:24.781  render           | Video append frame 57
03:24.796  render           | Video append frame 58
03:24.812  render           | Video append frame 59
03:24.843  render           | Video append frame 60
03:24.859  render           | Video append frame 61

FBX export starting... 'C:\\Users\\iputu\\Documents\\Wonder Chess\\exports\\neutrals\\wc_n_warden\\SK_wc_n_warden.fbx'
(bpy.data.armatures['WC_NeutralMechanical_v1.001'], 'POSE')
export finished in 0.0254 sec.
Info: Applied modifier was not first, result may not be as expected

FBX export starting... 'C:\\Users\\iputu\\Documents\\Wonder Chess\\exports\\neutrals\\wc_n_warden\\SK_wc_n_warden_LOD1.fbx'
(bpy.data.armatures['WC_NeutralMechanical_v1.001'], 'POSE')
export finished in 0.0244 sec.
Info: Applied modifier was not first, result may not be as expected

FBX export starting... 'C:\\Users\\iputu\\Documents\\Wonder Chess\\exports\\neutrals\\wc_n_warden\\SK_wc_n_warden_LOD2.fbx'
(bpy.data.armatures['WC_NeutralMechanical_v1.001'], 'POSE')
export finished in 0.0220 sec.

FBX export starting... 'C:\\Users\\iputu\\Documents\\Wonder Chess\\exports\\neutrals\\wc_n_warden\\AN_wc_n_warden_Idle.fbx'
export finished in 0.1021 sec.

FBX export starting... 'C:\\Users\\iputu\\Documents\\Wonder Chess\\exports\\neutrals\\wc_n_warden\\AN_wc_n_warden_Move.fbx'
export finished in 0.0663 sec.

FBX export starting... 'C:\\Users\\iputu\\Documents\\Wonder Chess\\exports\\neutrals\\wc_n_warden\\AN_wc_n_warden_Attack.fbx'
export finished in 0.0649 sec.

FBX export starting... 'C:\\Users\\iputu\\Documents\\Wonder Chess\\exports\\neutrals\\wc_n_warden\\AN_wc_n_warden_Hit.fbx'
export finished in 0.0451 sec.

FBX export starting... 'C:\\Users\\iputu\\Documents\\Wonder Chess\\exports\\neutrals\\wc_n_warden\\AN_wc_n_warden_Defeat.fbx'
export finished in 0.0737 sec.

FBX export starting... 'C:\\Users\\iputu\\Documents\\Wonder Chess\\exports\\neutrals\\wc_n_warden\\AN_wc_n_warden_Active.fbx'
export finished in 0.0732 sec.
Info: Saved as "wc_n_warden.blend"
{
  "status": "structural_checks_passed_visual_review_required",
  "blender_version": "5.1.1",
  "collection": "EXPORT",
  "evaluated_triangle_total": 1304,
  "objects": [
    {
      "name": "Armature",
      "type": "ARMATURE",
      "scale": [
        1.0,
        1.0,
        1.0
      ],
      "dimensions": [
        0.7200000286102295,
        0.7400000095367432,
        2.130000114440918
      ],
      "roots": [
        "root"
      ],
      "deform_bones": 12
    },
    {
      "name": "SK_wc_n_warden",
      "type": "MESH",
      "scale": [
        1.0,
        1.0,
        1.0
      ],
      "dimensions": [
        1.218400001525879,
        1.056715726852417,
        1.903999924659729
      ],
      "evaluated_triangles": 1304,
      "material_slots": 1,
      "uv_layers": 1,
      "skin_checks": {
        "unweighted": 0,
        "excess_influences": 0,
        "unnormalized": 0
      }
    }
  ],
  "errors": [],
  "warnings": [],
  "not_checked": [
    "appearance",
    "deformation across all clips",
    "UV overlap appropriateness",
    "normal-map convention",
    "Unreal import",
    "LOD silhouette",
    "gameplay readability"
  ]
}
WC_NEUTRAL_AUTHORED wc_n_warden {"triangles": 1304, "clips": 6, "report": "C:\\Users\\iputu\\Documents\\Wonder Chess\\reports\\WC-U440\\20260906T133019Z\\neutrals\\wc_n_warden"}
Blender 5.1.1 (hash b70da489d7f4 built 2026-04-14 01:37:22)

Blender quit
