00:12.360  render           | Saved: 'C:\Users\iputu\Documents\Wonder Chess\exports\neutrals\wc_n_sprout\portrait.png'
00:14.219  render           | Saved: 'C:\Users\iputu\Documents\Wonder Chess\reports\WC-U440\20260906T132701Z\neutrals\wc_n_sprout\front.png'
00:15.860  render           | Saved: 'C:\Users\iputu\Documents\Wonder Chess\reports\WC-U440\20260906T132701Z\neutrals\wc_n_sprout\side.png'
00:17.531  render           | Saved: 'C:\Users\iputu\Documents\Wonder Chess\reports\WC-U440\20260906T132701Z\neutrals\wc_n_sprout\back.png'
00:19.250  render           | Video append frame 1
00:19.266  render           | Video append frame 2
00:19.297  render           | Video append frame 3
00:19.313  render           | Video append frame 4
00:19.344  render           | Video append frame 5
00:19.360  render           | Video append frame 6
00:19.391  render           | Video append frame 7
00:19.406  render           | Video append frame 8
00:19.422  render           | Video append frame 9
00:19.438  render           | Video append frame 10
00:19.453  render           | Video append frame 11
00:19.485  render           | Video append frame 12
00:19.500  render           | Video append frame 13
00:19.516  render           | Video append frame 14
00:19.531  render           | Video append frame 15
00:19.547  render           | Video append frame 16
00:19.578  render           | Video append frame 17
00:19.594  render           | Video append frame 18
00:19.610  render           | Video append frame 19
00:19.625  render           | Video append frame 20
00:19.641  render           | Video append frame 21
00:19.672  render           | Video append frame 22
00:19.688  render           | Video append frame 23
00:19.703  render           | Video append frame 24
00:19.719  render           | Video append frame 25
00:19.750  render           | Video append frame 26
00:19.766  render           | Video append frame 27
00:19.781  render           | Video append frame 28
00:19.797  render           | Video append frame 29
00:19.813  render           | Video append frame 30
00:19.844  render           | Video append frame 31
00:19.860  render           | Video append frame 32
00:19.875  render           | Video append frame 33
00:19.891  render           | Video append frame 34
00:19.906  render           | Video append frame 35
00:19.922  render           | Video append frame 36
00:19.938  render           | Video append frame 37
00:19.969  render           | Video append frame 38
00:19.985  render           | Video append frame 39
00:20.000  render           | Video append frame 40
00:20.016  render           | Video append frame 41
00:20.047  render           | Video append frame 42
00:20.063  render           | Video append frame 43
00:20.078  render           | Video append frame 44
00:20.094  render           | Video append frame 45
00:20.110  render           | Video append frame 46
00:20.141  render           | Video append frame 47
00:20.156  render           | Video append frame 48
00:20.172  render           | Video append frame 49
00:20.188  render           | Video append frame 50
00:20.203  render           | Video append frame 51
00:20.219  render           | Video append frame 52
00:20.250  render           | Video append frame 53
00:20.266  render           | Video append frame 54
00:20.281  render           | Video append frame 55
00:20.297  render           | Video append frame 56
00:20.313  render           | Video append frame 57
00:20.328  render           | Video append frame 58
00:20.344  render           | Video append frame 59
00:20.375  render           | Video append frame 60
00:20.391  render           | Video append frame 61
00:20.406  render           | Video append frame 62
00:20.422  render           | Video append frame 63
00:20.438  render           | Video append frame 64
00:20.453  render           | Video append frame 65
00:20.485  render           | Video append frame 66
00:20.500  render           | Video append frame 67
00:20.516  render           | Video append frame 68
00:20.531  render           | Video append frame 69
00:20.547  render           | Video append frame 70
00:20.563  render           | Video append frame 71
00:20.594  render           | Video append frame 72
00:20.610  render           | Video append frame 73
00:20.625  render           | Video append frame 74
00:20.641  render           | Video append frame 75
00:20.656  render           | Video append frame 76
00:20.672  render           | Video append frame 77
00:20.688  render           | Video append frame 78
00:20.766  render           | Video append frame 79
00:20.797  render           | Video append frame 80
00:20.828  render           | Video append frame 81
00:20.953  render           | Video append frame 82
00:20.985  render           | Video append frame 83
00:21.016  render           | Video append frame 84
00:21.031  render           | Video append frame 85
00:21.063  render           | Video append frame 86
00:21.078  render           | Video append frame 87
00:21.094  render           | Video append frame 88
00:21.110  render           | Video append frame 89
00:21.141  render           | Video append frame 90
00:21.156  render           | Video append frame 91
00:21.172  render           | Video append frame 92
00:21.188  render           | Video append frame 93
00:21.219  render           | Video append frame 94
00:21.250  render           | Video append frame 95
00:21.281  render           | Video append frame 96
00:21.297  render           | Video append frame 97
00:21.313  render           | Video append frame 98
00:21.344  render           | Video append frame 99
00:21.360  render           | Video append frame 100
00:21.375  render           | Video append frame 101
00:21.391  render           | Video append frame 102
00:21.422  render           | Video append frame 103
00:21.438  render           | Video append frame 104
00:21.453  render           | Video append frame 105
00:21.469  render           | Video append frame 106
00:21.500  render           | Video append frame 107
00:21.516  render           | Video append frame 108
00:21.531  render           | Video append frame 109
00:21.547  render           | Video append frame 110
00:21.563  render           | Video append frame 111
00:21.594  render           | Video append frame 112
00:21.610  render           | Video append frame 113
00:21.625  render           | Video append frame 114
00:21.641  render           | Video append frame 115
00:21.672  render           | Video append frame 116
00:21.688  render           | Video append frame 117
00:21.703  render           | Video append frame 118
00:21.719  render           | Video append frame 119
00:21.735  render           | Video append frame 120
00:21.750  render           | Video append frame 121
00:21.797  render           | Video append frame 1
00:21.813  render           | Video append frame 2
00:21.828  render           | Video append frame 3
00:21.844  render           | Video append frame 4
00:21.875  render           | Video append frame 5
00:21.891  render           | Video append frame 6
00:21.906  render           | Video append frame 7
00:21.938  render           | Video append frame 8
00:21.953  render           | Video append frame 9
00:21.969  render           | Video append frame 10
00:21.985  render           | Video append frame 11
00:22.000  render           | Video append frame 12
00:22.031  render           | Video append frame 13
00:22.063  render           | Video append frame 14
00:22.078  render           | Video append frame 15
00:22.110  render           | Video append frame 16
00:22.125  render           | Video append frame 17
00:22.156  render           | Video append frame 18
00:22.172  render           | Video append frame 19
00:22.203  render           | Video append frame 20
00:22.219  render           | Video append frame 21
00:22.250  render           | Video append frame 22
00:22.266  render           | Video append frame 23
00:22.281  render           | Video append frame 24
00:22.313  render           | Video append frame 25
00:22.328  render           | Video append frame 26
00:22.344  render           | Video append frame 27
00:22.375  render           | Video append frame 28
00:22.391  render           | Video append frame 29
00:22.422  render           | Video append frame 30
00:22.453  render           | Video append frame 31
00:22.485  render           | Video append frame 32
00:22.500  render           | Video append frame 33
00:22.531  render           | Video append frame 34
00:22.563  render           | Video append frame 35
00:22.578  render           | Video append frame 36
00:22.610  render           | Video append frame 37
00:22.625  render           | Video append frame 38
00:22.656  render           | Video append frame 39
00:22.672  render           | Video append frame 40
00:22.688  render           | Video append frame 41
00:22.703  render           | Video append frame 42
00:22.719  render           | Video append frame 43
00:22.750  render           | Video append frame 44
00:22.766  render           | Video append frame 45
00:22.781  render           | Video append frame 46
00:22.797  render           | Video append frame 47
00:22.828  render           | Video append frame 48
00:22.844  render           | Video append frame 49
00:22.875  render           | Video append frame 50
00:22.891  render           | Video append frame 51
00:22.922  render           | Video append frame 52
00:22.938  render           | Video append frame 53
00:22.969  render           | Video append frame 54
00:22.985  render           | Video append frame 55
00:23.000  render           | Video append frame 56
00:23.031  render           | Video append frame 57
00:23.047  render           | Video append frame 58
00:23.063  render           | Video append frame 59
00:23.078  render           | Video append frame 60
00:23.110  render           | Video append frame 61
00:23.156  render           | Video append frame 1
00:23.172  render           | Video append frame 2
00:23.188  render           | Video append frame 3
00:23.203  render           | Video append frame 4
00:23.219  render           | Video append frame 5
00:23.235  render           | Video append frame 6
00:23.266  render           | Video append frame 7
00:23.281  render           | Video append frame 8
00:23.297  render           | Video append frame 9
00:23.313  render           | Video append frame 10
00:23.328  render           | Video append frame 11
00:23.360  render           | Video append frame 12
00:23.375  render           | Video append frame 13
00:23.391  render           | Video append frame 14
00:23.422  render           | Video append frame 15
00:23.453  render           | Video append frame 16
00:23.469  render           | Video append frame 17
00:23.485  render           | Video append frame 18
00:23.500  render           | Video append frame 19
00:23.516  render           | Video append frame 20
00:23.547  render           | Video append frame 21
00:23.563  render           | Video append frame 22
00:23.578  render           | Video append frame 23
00:23.594  render           | Video append frame 24
00:23.610  render           | Video append frame 25
00:23.625  render           | Video append frame 26
00:23.641  render           | Video append frame 27
00:23.656  render           | Video append frame 28
00:23.672  render           | Video append frame 29
00:23.703  render           | Video append frame 30
00:23.719  render           | Video append frame 31
00:23.735  render           | Video append frame 32
00:23.766  render           | Video append frame 33
00:23.781  render           | Video append frame 34
00:23.797  render           | Video append frame 35
00:23.813  render           | Video append frame 36
00:23.828  render           | Video append frame 37
00:23.844  render           | Video append frame 38
00:23.875  render           | Video append frame 39
00:23.906  render           | Video append frame 40
00:23.922  render           | Video append frame 41
00:23.938  render           | Video append frame 42
00:23.953  render           | Video append frame 43
00:24.000  render           | Video append frame 1
00:24.016  render           | Video append frame 2
00:24.031  render           | Video append frame 3
00:24.047  render           | Video append frame 4
00:24.078  render           | Video append frame 5
00:24.094  render           | Video append frame 6
00:24.110  render           | Video append frame 7
00:24.125  render           | Video append frame 8
00:24.156  render           | Video append frame 9
00:24.172  render           | Video append frame 10
00:24.203  render           | Video append frame 11
00:24.219  render           | Video append frame 12
00:24.235  render           | Video append frame 13
00:24.266  render           | Video append frame 14
00:24.281  render           | Video append frame 15
00:24.297  render           | Video append frame 16
00:24.328  render           | Video append frame 17
00:24.344  render           | Video append frame 18
00:24.360  render           | Video append frame 19
00:24.391  render           | Video append frame 20
00:24.406  render           | Video append frame 21
00:24.422  render           | Video append frame 22
00:24.453  render           | Video append frame 23
00:24.469  render           | Video append frame 24
00:24.485  render           | Video append frame 25
00:24.516  render           | Video append frame 1
00:24.531  render           | Video append frame 2
00:24.563  render           | Video append frame 3
00:24.578  render           | Video append frame 4
00:24.594  render           | Video append frame 5
00:24.610  render           | Video append frame 6
00:24.625  render           | Video append frame 7
00:24.656  render           | Video append frame 8
00:24.672  render           | Video append frame 9
00:24.688  render           | Video append frame 10
00:24.703  render           | Video append frame 11
00:24.719  render           | Video append frame 12
00:24.735  render           | Video append frame 13
00:24.750  render           | Video append frame 14
00:24.781  render           | Video append frame 15
00:24.797  render           | Video append frame 16
00:24.813  render           | Video append frame 17
00:24.828  render           | Video append frame 18
00:24.860  render           | Video append frame 19
00:24.875  render           | Video append frame 20
00:24.891  render           | Video append frame 21
00:24.906  render           | Video append frame 22
00:24.922  render           | Video append frame 23
00:24.953  render           | Video append frame 24
00:24.969  render           | Video append frame 25
00:24.985  render           | Video append frame 26
00:25.000  render           | Video append frame 27
00:25.016  render           | Video append frame 28
00:25.031  render           | Video append frame 29
00:25.047  render           | Video append frame 30
00:25.078  render           | Video append frame 31
00:25.094  render           | Video append frame 32
00:25.110  render           | Video append frame 33
00:25.125  render           | Video append frame 34
00:25.141  render           | Video append frame 35
00:25.172  render           | Video append frame 36
00:25.188  render           | Video append frame 37
00:25.203  render           | Video append frame 38
00:25.219  render           | Video append frame 39
00:25.235  render           | Video append frame 40
00:25.250  render           | Video append frame 41
00:25.266  render           | Video append frame 42
00:25.281  render           | Video append frame 43
00:25.297  render           | Video append frame 44
00:25.328  render           | Video append frame 45
00:25.344  render           | Video append frame 46
00:25.360  render           | Video append frame 47
00:25.375  render           | Video append frame 48
00:25.391  render           | Video append frame 49
00:25.422  render           | Video append frame 50
00:25.453  render           | Video append frame 51
00:25.469  render           | Video append frame 52
00:25.485  render           | Video append frame 53
00:25.516  render           | Video append frame 54
00:25.531  render           | Video append frame 55
00:25.547  render           | Video append frame 56
00:25.578  render           | Video append frame 57
00:25.610  render           | Video append frame 58
00:25.625  render           | Video append frame 59
00:25.641  render           | Video append frame 60
00:25.656  render           | Video append frame 61

FBX export starting... 'C:\\Users\\iputu\\Documents\\Wonder Chess\\exports\\neutrals\\wc_n_sprout\\SK_wc_n_sprout.fbx'
(bpy.data.armatures['WC_NeutralMechanical_v1.001'], 'POSE')
export finished in 0.0287 sec.
Info: Applied modifier was not first, result may not be as expected

FBX export starting... 'C:\\Users\\iputu\\Documents\\Wonder Chess\\exports\\neutrals\\wc_n_sprout\\SK_wc_n_sprout_LOD1.fbx'
(bpy.data.armatures['WC_NeutralMechanical_v1.001'], 'POSE')
export finished in 0.0204 sec.
Info: Applied modifier was not first, result may not be as expected

FBX export starting... 'C:\\Users\\iputu\\Documents\\Wonder Chess\\exports\\neutrals\\wc_n_sprout\\SK_wc_n_sprout_LOD2.fbx'
(bpy.data.armatures['WC_NeutralMechanical_v1.001'], 'POSE')
export finished in 0.0204 sec.

FBX export starting... 'C:\\Users\\iputu\\Documents\\Wonder Chess\\exports\\neutrals\\wc_n_sprout\\AN_wc_n_sprout_Idle.fbx'
export finished in 0.0647 sec.

FBX export starting... 'C:\\Users\\iputu\\Documents\\Wonder Chess\\exports\\neutrals\\wc_n_sprout\\AN_wc_n_sprout_Move.fbx'
export finished in 0.0417 sec.

FBX export starting... 'C:\\Users\\iputu\\Documents\\Wonder Chess\\exports\\neutrals\\wc_n_sprout\\AN_wc_n_sprout_Attack.fbx'
export finished in 0.0342 sec.

FBX export starting... 'C:\\Users\\iputu\\Documents\\Wonder Chess\\exports\\neutrals\\wc_n_sprout\\AN_wc_n_sprout_Hit.fbx'
export finished in 0.0307 sec.

FBX export starting... 'C:\\Users\\iputu\\Documents\\Wonder Chess\\exports\\neutrals\\wc_n_sprout\\AN_wc_n_sprout_Defeat.fbx'
export finished in 0.0428 sec.
Info: Saved as "wc_n_sprout.blend"
{
  "status": "structural_checks_passed_visual_review_required",
  "blender_version": "5.1.1",
  "collection": "EXPORT",
  "evaluated_triangle_total": 1056,
  "objects": [
    {
      "name": "Armature",
      "type": "ARMATURE",
      "scale": [
        1.0,
        1.0,
        1.0
      ],
      "dimensions": [
        0.46000000834465027,
        0.3799999952316284,
        1.1700000762939453
      ],
      "roots": [
        "root"
      ],
      "deform_bones": 9
    },
    {
      "name": "SK_wc_n_sprout",
      "type": "MESH",
      "scale": [
        1.0,
        1.0,
        1.0
      ],
      "dimensions": [
        1.1224353313446045,
        0.688032865524292,
        1.057875156402588
      ],
      "evaluated_triangles": 1056,
      "material_slots": 1,
      "uv_layers": 1,
      "skin_checks": {
        "unweighted": 0,
        "excess_influences": 0,
        "unnormalized": 0
      }
    }
  ],
  "errors": [],
  "warnings": [],
  "not_checked": [
    "appearance",
    "deformation across all clips",
    "UV overlap appropriateness",
    "normal-map convention",
    "Unreal import",
    "LOD silhouette",
    "gameplay readability"
  ]
}
WC_NEUTRAL_AUTHORED wc_n_sprout {"triangles": 1056, "clips": 5, "report": "C:\\Users\\iputu\\Documents\\Wonder Chess\\reports\\WC-U440\\20260906T132701Z\\neutrals\\wc_n_sprout"}
00:34.625  render           | Saved: 'C:\Users\iputu\Documents\Wonder Chess\exports\neutrals\wc_n_thorn\portrait.png'
00:36.516  render           | Saved: 'C:\Users\iputu\Documents\Wonder Chess\reports\WC-U440\20260906T132701Z\neutrals\wc_n_thorn\front.png'
00:38.422  render           | Saved: 'C:\Users\iputu\Documents\Wonder Chess\reports\WC-U440\20260906T132701Z\neutrals\wc_n_thorn\side.png'
00:40.406  render           | Saved: 'C:\Users\iputu\Documents\Wonder Chess\reports\WC-U440\20260906T132701Z\neutrals\wc_n_thorn\back.png'
00:40.469  render           | Video append frame 1
00:40.500  render           | Video append frame 2
00:40.547  render           | Video append frame 3
00:40.578  render           | Video append frame 4
00:40.610  render           | Video append frame 5
00:40.641  render           | Video append frame 6
00:40.672  render           | Video append frame 7
00:40.703  render           | Video append frame 8
00:40.735  render           | Video append frame 9
00:40.766  render           | Video append frame 10
00:40.797  render           | Video append frame 11
00:40.813  render           | Video append frame 12
00:40.828  render           | Video append frame 13
00:40.860  render           | Video append frame 14
00:40.875  render           | Video append frame 15
00:40.891  render           | Video append frame 16
00:40.906  render           | Video append frame 17
00:40.922  render           | Video append frame 18
00:40.938  render           | Video append frame 19
00:40.969  render           | Video append frame 20
00:40.985  render           | Video append frame 21
00:41.000  render           | Video append frame 22
00:41.016  render           | Video append frame 23
00:41.047  render           | Video append frame 24
00:41.063  render           | Video append frame 25
00:41.078  render           | Video append frame 26
00:41.094  render           | Video append frame 27
00:41.125  render           | Video append frame 28
00:41.141  render           | Video append frame 29
00:41.172  render           | Video append frame 30
00:41.188  render           | Video append frame 31
00:41.203  render           | Video append frame 32
00:41.235  render           | Video append frame 33
00:41.250  render           | Video append frame 34
00:41.266  render           | Video append frame 35
00:41.297  render           | Video append frame 36
00:41.313  render           | Video append frame 37
00:41.328  render           | Video append frame 38
00:41.360  render           | Video append frame 39
00:41.375  render           | Video append frame 40
00:41.406  render           | Video append frame 41
00:41.422  render           | Video append frame 42
00:41.438  render           | Video append frame 43
00:41.469  render           | Video append frame 44
00:41.485  render           | Video append frame 45
00:41.516  render           | Video append frame 46
00:41.531  render           | Video append frame 47
00:41.547  render           | Video append frame 48
00:41.563  render           | Video append frame 49
00:41.594  render           | Video append frame 50
00:41.610  render           | Video append frame 51
00:41.625  render           | Video append frame 52
00:41.656  render           | Video append frame 53
00:41.672  render           | Video append frame 54
00:41.688  render           | Video append frame 55
00:41.719  render           | Video append frame 56
00:41.735  render           | Video append frame 57
00:41.750  render           | Video append frame 58
00:41.766  render           | Video append frame 59
00:41.781  render           | Video append frame 60
00:41.813  render           | Video append frame 61
00:41.828  render           | Video append frame 62
00:41.844  render           | Video append frame 63
00:41.860  render           | Video append frame 64
00:41.875  render           | Video append frame 65
00:41.891  render           | Video append frame 66
00:41.922  render           | Video append frame 67
00:41.938  render           | Video append frame 68
00:41.953  render           | Video append frame 69
00:41.969  render           | Video append frame 70
00:41.985  render           | Video append frame 71
00:42.000  render           | Video append frame 72
00:42.031  render           | Video append frame 73
00:42.047  render           | Video append frame 74
00:42.063  render           | Video append frame 75
00:42.094  render           | Video append frame 76
00:42.110  render           | Video append frame 77
00:42.141  render           | Video append frame 78
00:42.156  render           | Video append frame 79
00:42.172  render           | Video append frame 80
00:42.188  render           | Video append frame 81
00:42.219  render           | Video append frame 82
00:42.235  render           | Video append frame 83
00:42.250  render           | Video append frame 84
00:42.281  render           | Video append frame 85
00:42.297  render           | Video append frame 86
00:42.313  render           | Video append frame 87
00:42.344  render           | Video append frame 88
00:42.360  render           | Video append frame 89
00:42.375  render           | Video append frame 90
00:42.406  render           | Video append frame 91
00:42.422  render           | Video append frame 92
00:42.438  render           | Video append frame 93
00:42.453  render           | Video append frame 94
00:42.485  render           | Video append frame 95
00:42.500  render           | Video append frame 96
00:42.516  render           | Video append frame 97
00:42.547  render           | Video append frame 98
00:42.563  render           | Video append frame 99
00:42.578  render           | Video append frame 100
00:42.610  render           | Video append frame 101
00:42.625  render           | Video append frame 102
00:42.641  render           | Video append frame 103
00:42.656  render           | Video append frame 104
00:42.688  render           | Video append frame 105
00:42.703  render           | Video append frame 106
00:42.719  render           | Video append frame 107
00:42.750  render           | Video append frame 108
00:42.766  render           | Video append frame 109
00:42.797  render           | Video append frame 110
00:42.813  render           | Video append frame 111
00:42.844  render           | Video append frame 112
00:42.860  render           | Video append frame 113
00:42.891  render           | Video append frame 114
00:42.922  render           | Video append frame 115
00:42.938  render           | Video append frame 116
00:42.969  render           | Video append frame 117
00:43.000  render           | Video append frame 118
00:43.016  render           | Video append frame 119
00:43.047  render           | Video append frame 120
00:43.078  render           | Video append frame 121
00:43.125  render           | Video append frame 1
00:43.156  render           | Video append frame 2
00:43.172  render           | Video append frame 3
00:43.188  render           | Video append frame 4
00:43.203  render           | Video append frame 5
00:43.235  render           | Video append frame 6
00:43.250  render           | Video append frame 7
00:43.266  render           | Video append frame 8
00:43.281  render           | Video append frame 9
00:43.297  render           | Video append frame 10
00:43.328  render           | Video append frame 11
00:43.344  render           | Video append frame 12
00:43.360  render           | Video append frame 13
00:43.375  render           | Video append frame 14
00:43.406  render           | Video append frame 15
00:43.422  render           | Video append frame 16
00:43.438  render           | Video append frame 17
00:43.453  render           | Video append frame 18
00:43.485  render           | Video append frame 19
00:43.500  render           | Video append frame 20
00:43.516  render           | Video append frame 21
00:43.531  render           | Video append frame 22
00:43.563  render           | Video append frame 23
00:43.578  render           | Video append frame 24
00:43.594  render           | Video append frame 25
00:43.610  render           | Video append frame 26
00:43.641  render           | Video append frame 27
00:43.656  render           | Video append frame 28
00:43.672  render           | Video append frame 29
00:43.688  render           | Video append frame 30
00:43.703  render           | Video append frame 31
00:43.719  render           | Video append frame 32
00:43.750  render           | Video append frame 33
00:43.766  render           | Video append frame 34
00:43.781  render           | Video append frame 35
00:43.813  render           | Video append frame 36
00:43.828  render           | Video append frame 37
00:43.844  render           | Video append frame 38
00:43.860  render           | Video append frame 39
00:43.875  render           | Video append frame 40
00:43.906  render           | Video append frame 41
00:43.922  render           | Video append frame 42
00:43.938  render           | Video append frame 43
00:43.969  render           | Video append frame 44
00:43.985  render           | Video append frame 45
00:44.000  render           | Video append frame 46
00:44.031  render           | Video append frame 47
00:44.047  render           | Video append frame 48
00:44.063  render           | Video append frame 49
00:44.078  render           | Video append frame 50
00:44.110  render           | Video append frame 51
00:44.125  render           | Video append frame 52
00:44.141  render           | Video append frame 53
00:44.156  render           | Video append frame 54
00:44.172  render           | Video append frame 55
00:44.188  render           | Video append frame 56
00:44.219  render           | Video append frame 57
00:44.235  render           | Video append frame 58
00:44.250  render           | Video append frame 59
00:44.266  render           | Video append frame 60
00:44.281  render           | Video append frame 61
00:44.328  render           | Video append frame 1
00:44.344  render           | Video append frame 2
00:44.360  render           | Video append frame 3
00:44.375  render           | Video append frame 4
00:44.391  render           | Video append frame 5
00:44.422  render           | Video append frame 6
00:44.438  render           | Video append frame 7
00:44.453  render           | Video append frame 8
00:44.485  render           | Video append frame 9
00:44.500  render           | Video append frame 10
00:44.516  render           | Video append frame 11
00:44.531  render           | Video append frame 12
00:44.547  render           | Video append frame 13
00:44.563  render           | Video append frame 14
00:44.594  render           | Video append frame 15
00:44.610  render           | Video append frame 16
00:44.625  render           | Video append frame 17
00:44.641  render           | Video append frame 18
00:44.656  render           | Video append frame 19
00:44.672  render           | Video append frame 20
00:44.703  render           | Video append frame 21
00:44.719  render           | Video append frame 22
00:44.735  render           | Video append frame 23
00:44.766  render           | Video append frame 24
00:44.781  render           | Video append frame 25
00:44.797  render           | Video append frame 26
00:44.828  render           | Video append frame 27
00:44.844  render           | Video append frame 28
00:44.860  render           | Video append frame 29
00:44.891  render           | Video append frame 30
00:44.906  render           | Video append frame 31
00:44.938  render           | Video append frame 32
00:44.969  render           | Video append frame 33
00:44.985  render           | Video append frame 34
00:45.016  render           | Video append frame 35
00:45.047  render           | Video append frame 36
00:45.063  render           | Video append frame 37
00:45.094  render           | Video append frame 38
00:45.125  render           | Video append frame 39
00:45.156  render           | Video append frame 40
00:45.188  render           | Video append frame 41
00:45.219  render           | Video append frame 42
00:45.250  render           | Video append frame 43
00:45.281  render           | Video append frame 44
00:45.328  render           | Video append frame 45
00:45.360  render           | Video append frame 46
00:45.422  render           | Video append frame 1
00:45.453  render           | Video append frame 2
00:45.485  render           | Video append frame 3
00:45.516  render           | Video append frame 4
00:45.547  render           | Video append frame 5
00:45.578  render           | Video append frame 6
00:45.610  render           | Video append frame 7
00:45.641  render           | Video append frame 8
00:45.672  render           | Video append frame 9
00:45.688  render           | Video append frame 10
00:45.719  render           | Video append frame 11
00:45.750  render           | Video append frame 12
00:45.781  render           | Video append frame 13
00:45.813  render           | Video append frame 14
00:45.828  render           | Video append frame 15
00:45.860  render           | Video append frame 16
00:45.891  render           | Video append frame 17
00:45.922  render           | Video append frame 18
00:45.953  render           | Video append frame 19
00:45.969  render           | Video append frame 20
00:46.000  render           | Video append frame 21
00:46.031  render           | Video append frame 22
00:46.047  render           | Video append frame 23
00:46.078  render           | Video append frame 24
00:46.094  render           | Video append frame 25
00:46.141  render           | Video append frame 1
00:46.156  render           | Video append frame 2
00:46.172  render           | Video append frame 3
00:46.203  render           | Video append frame 4
00:46.219  render           | Video append frame 5
00:46.235  render           | Video append frame 6
00:46.250  render           | Video append frame 7
00:46.281  render           | Video append frame 8
00:46.297  render           | Video append frame 9
00:46.313  render           | Video append frame 10
00:46.344  render           | Video append frame 11
00:46.360  render           | Video append frame 12
00:46.375  render           | Video append frame 13
00:46.391  render           | Video append frame 14
00:46.422  render           | Video append frame 15
00:46.438  render           | Video append frame 16
00:46.453  render           | Video append frame 17
00:46.469  render           | Video append frame 18
00:46.500  render           | Video append frame 19
00:46.516  render           | Video append frame 20
00:46.531  render           | Video append frame 21
00:46.547  render           | Video append frame 22
00:46.578  render           | Video append frame 23
00:46.594  render           | Video append frame 24
00:46.610  render           | Video append frame 25
00:46.641  render           | Video append frame 26
00:46.656  render           | Video append frame 27
00:46.672  render           | Video append frame 28
00:46.703  render           | Video append frame 29
00:46.719  render           | Video append frame 30
00:46.735  render           | Video append frame 31
00:46.750  render           | Video append frame 32
00:46.781  render           | Video append frame 33
00:46.797  render           | Video append frame 34
00:46.813  render           | Video append frame 35
00:46.844  render           | Video append frame 36
00:46.860  render           | Video append frame 37
00:46.891  render           | Video append frame 38
00:46.922  render           | Video append frame 39
00:46.953  render           | Video append frame 40
00:46.985  render           | Video append frame 41
00:47.016  render           | Video append frame 42
00:47.047  render           | Video append frame 43
00:47.094  render           | Video append frame 44
00:47.141  render           | Video append frame 45
00:47.188  render           | Video append frame 46
00:47.235  render           | Video append frame 47
00:47.266  render           | Video append frame 48
00:47.297  render           | Video append frame 49
00:47.328  render           | Video append frame 50
00:47.375  render           | Video append frame 51
00:47.406  render           | Video append frame 52
00:47.438  render           | Video append frame 53
00:47.469  render           | Video append frame 54
00:47.500  render           | Video append frame 55
00:47.516  render           | Video append frame 56
00:47.547  render           | Video append frame 57
00:47.578  render           | Video append frame 58
00:47.610  render           | Video append frame 59
00:47.625  render           | Video append frame 60
00:47.656  render           | Video append frame 61

FBX export starting... 'C:\\Users\\iputu\\Documents\\Wonder Chess\\exports\\neutrals\\wc_n_thorn\\SK_wc_n_thorn.fbx'
(bpy.data.armatures['WC_NeutralMechanical_v1.001'], 'POSE')
export finished in 0.0243 sec.
Info: Applied modifier was not first, result may not be as expected

FBX export starting... 'C:\\Users\\iputu\\Documents\\Wonder Chess\\exports\\neutrals\\wc_n_thorn\\SK_wc_n_thorn_LOD1.fbx'
(bpy.data.armatures['WC_NeutralMechanical_v1.001'], 'POSE')
export finished in 0.0237 sec.
Info: Applied modifier was not first, result may not be as expected

FBX export starting... 'C:\\Users\\iputu\\Documents\\Wonder Chess\\exports\\neutrals\\wc_n_thorn\\SK_wc_n_thorn_LOD2.fbx'
(bpy.data.armatures['WC_NeutralMechanical_v1.001'], 'POSE')
export finished in 0.0255 sec.

FBX export starting... 'C:\\Users\\iputu\\Documents\\Wonder Chess\\exports\\neutrals\\wc_n_thorn\\AN_wc_n_thorn_Idle.fbx'
export finished in 0.0944 sec.

FBX export starting... 'C:\\Users\\iputu\\Documents\\Wonder Chess\\exports\\neutrals\\wc_n_thorn\\AN_wc_n_thorn_Move.fbx'
export finished in 0.0544 sec.

FBX export starting... 'C:\\Users\\iputu\\Documents\\Wonder Chess\\exports\\neutrals\\wc_n_thorn\\AN_wc_n_thorn_Attack.fbx'
export finished in 0.0479 sec.

FBX export starting... 'C:\\Users\\iputu\\Documents\\Wonder Chess\\exports\\neutrals\\wc_n_thorn\\AN_wc_n_thorn_Hit.fbx'
export finished in 0.0393 sec.

FBX export starting... 'C:\\Users\\iputu\\Documents\\Wonder Chess\\exports\\neutrals\\wc_n_thorn\\AN_wc_n_thorn_Defeat.fbx'
export finished in 0.0583 sec.
Info: Saved as "wc_n_thorn.blend"
{
  "status": "structural_checks_passed_visual_review_required",
  "blender_version": "5.1.1",
  "collection": "EXPORT",
  "evaluated_triangle_total": 1844,
  "objects": [
    {
      "name": "Armature",
      "type": "ARMATURE",
      "scale": [
        1.0,
        1.0,
        1.0
      ],
      "dimensions": [
        0.6000000238418579,
        0.9300000071525574,
        1.409999966621399
      ],
      "roots": [
        "root"
      ],
      "deform_bones": 12
    },
    {
      "name": "SK_wc_n_thorn",
      "type": "MESH",
      "scale": [
        1.0,
        1.0,
        1.0
      ],
      "dimensions": [
        1.1211010217666626,
        1.1324639320373535,
        1.3771885633468628
      ],
      "evaluated_triangles": 1844,
      "material_slots": 1,
      "uv_layers": 1,
      "skin_checks": {
        "unweighted": 0,
        "excess_influences": 0,
        "unnormalized": 0
      }
    }
  ],
  "errors": [],
  "warnings": [],
  "not_checked": [
    "appearance",
    "deformation across all clips",
    "UV overlap appropriateness",
    "normal-map convention",
    "Unreal import",
    "LOD silhouette",
    "gameplay readability"
  ]
}
WC_NEUTRAL_AUTHORED wc_n_thorn {"triangles": 1844, "clips": 5, "report": "C:\\Users\\iputu\\Documents\\Wonder Chess\\reports\\WC-U440\\20260906T132701Z\\neutrals\\wc_n_thorn"}
00:57.547  render           | Saved: 'C:\Users\iputu\Documents\Wonder Chess\exports\neutrals\wc_n_wisp\portrait.png'
00:59.406  render           | Saved: 'C:\Users\iputu\Documents\Wonder Chess\reports\WC-U440\20260906T132701Z\neutrals\wc_n_wisp\front.png'
01:01.641  render           | Saved: 'C:\Users\iputu\Documents\Wonder Chess\reports\WC-U440\20260906T132701Z\neutrals\wc_n_wisp\side.png'
01:04.938  render           | Saved: 'C:\Users\iputu\Documents\Wonder Chess\reports\WC-U440\20260906T132701Z\neutrals\wc_n_wisp\back.png'
01:05.047  render           | Video append frame 1
01:05.094  render           | Video append frame 2
01:05.141  render           | Video append frame 3
01:05.203  render           | Video append frame 4
01:05.235  render           | Video append frame 5
01:05.266  render           | Video append frame 6
01:05.297  render           | Video append frame 7
01:05.313  render           | Video append frame 8
01:05.344  render           | Video append frame 9
01:05.375  render           | Video append frame 10
01:05.391  render           | Video append frame 11
01:05.422  render           | Video append frame 12
01:05.453  render           | Video append frame 13
01:05.485  render           | Video append frame 14
01:05.516  render           | Video append frame 15
01:05.531  render           | Video append frame 16
01:05.563  render           | Video append frame 17
01:05.594  render           | Video append frame 18
01:05.610  render           | Video append frame 19
01:05.641  render           | Video append frame 20
01:05.672  render           | Video append frame 21
01:05.703  render           | Video append frame 22
01:05.719  render           | Video append frame 23
01:05.750  render           | Video append frame 24
01:05.766  render           | Video append frame 25
01:05.781  render           | Video append frame 26
01:05.813  render           | Video append frame 27
01:05.828  render           | Video append frame 28
01:05.844  render           | Video append frame 29
01:05.860  render           | Video append frame 30
01:05.891  render           | Video append frame 31
01:05.906  render           | Video append frame 32
01:05.938  render           | Video append frame 33
01:05.953  render           | Video append frame 34
01:05.985  render           | Video append frame 35
01:06.000  render           | Video append frame 36
01:06.031  render           | Video append frame 37
01:06.063  render           | Video append frame 38
01:06.078  render           | Video append frame 39
01:06.110  render           | Video append frame 40
01:06.125  render           | Video append frame 41
01:06.156  render           | Video append frame 42
01:06.172  render           | Video append frame 43
01:06.203  render           | Video append frame 44
01:06.219  render           | Video append frame 45
01:06.250  render           | Video append frame 46
01:06.266  render           | Video append frame 47
01:06.297  render           | Video append frame 48
01:06.313  render           | Video append frame 49
01:06.328  render           | Video append frame 50
01:06.344  render           | Video append frame 51
01:06.360  render           | Video append frame 52
01:06.391  render           | Video append frame 53
01:06.406  render           | Video append frame 54
01:06.422  render           | Video append frame 55
01:06.438  render           | Video append frame 56
01:06.469  render           | Video append frame 57
01:06.485  render           | Video append frame 58
01:06.516  render           | Video append frame 59
01:06.531  render           | Video append frame 60
01:06.547  render           | Video append frame 61
01:06.578  render           | Video append frame 62
01:06.594  render           | Video append frame 63
01:06.625  render           | Video append frame 64
01:06.641  render           | Video append frame 65
01:06.656  render           | Video append frame 66
01:06.688  render           | Video append frame 67
01:06.750  render           | Video append frame 68
01:06.781  render           | Video append frame 69
01:06.813  render           | Video append frame 70
01:06.828  render           | Video append frame 71
01:06.844  render           | Video append frame 72
01:06.875  render           | Video append frame 73
01:06.891  render           | Video append frame 74
01:06.906  render           | Video append frame 75
01:06.938  render           | Video append frame 76
01:06.953  render           | Video append frame 77
01:06.969  render           | Video append frame 78
01:07.000  render           | Video append frame 79
01:07.016  render           | Video append frame 80
01:07.031  render           | Video append frame 81
01:07.063  render           | Video append frame 82
01:07.078  render           | Video append frame 83
01:07.110  render           | Video append frame 84
01:07.125  render           | Video append frame 85
01:07.156  render           | Video append frame 86
01:07.188  render           | Video append frame 87
01:07.203  render           | Video append frame 88
01:07.235  render           | Video append frame 89
01:07.266  render           | Video append frame 90
01:07.281  render           | Video append frame 91
01:07.297  render           | Video append frame 92
01:07.313  render           | Video append frame 93
01:07.344  render           | Video append frame 94
01:07.360  render           | Video append frame 95
01:07.375  render           | Video append frame 96
01:07.406  render           | Video append frame 97
01:07.422  render           | Video append frame 98
01:07.438  render           | Video append frame 99
01:07.469  render           | Video append frame 100
01:07.500  render           | Video append frame 101
01:07.516  render           | Video append frame 102
01:07.547  render           | Video append frame 103
01:07.563  render           | Video append frame 104
01:07.594  render           | Video append frame 105
01:07.610  render           | Video append frame 106
01:07.641  render           | Video append frame 107
01:07.656  render           | Video append frame 108
01:07.688  render           | Video append frame 109
01:07.719  render           | Video append frame 110
01:07.735  render           | Video append frame 111
01:07.750  render           | Video append frame 112
01:07.781  render           | Video append frame 113
01:07.797  render           | Video append frame 114
01:07.813  render           | Video append frame 115
01:07.844  render           | Video append frame 116
01:07.860  render           | Video append frame 117
01:07.875  render           | Video append frame 118
01:07.906  render           | Video append frame 119
01:07.922  render           | Video append frame 120
01:07.938  render           | Video append frame 121
01:07.985  render           | Video append frame 1
01:08.000  render           | Video append frame 2
01:08.016  render           | Video append frame 3
01:08.047  render           | Video append frame 4
01:08.063  render           | Video append frame 5
01:08.094  render           | Video append frame 6
01:08.110  render           | Video append frame 7
01:08.125  render           | Video append frame 8
01:08.156  render           | Video append frame 9
01:08.172  render           | Video append frame 10
01:08.203  render           | Video append frame 11
01:08.219  render           | Video append frame 12
01:08.235  render           | Video append frame 13
01:08.266  render           | Video append frame 14
01:08.281  render           | Video append frame 15
01:08.313  render           | Video append frame 16
01:08.328  render           | Video append frame 17
01:08.344  render           | Video append frame 18
01:08.375  render           | Video append frame 19
01:08.391  render           | Video append frame 20
01:08.406  render           | Video append frame 21
01:08.438  render           | Video append frame 22
01:08.453  render           | Video append frame 23
01:08.485  render           | Video append frame 24
01:08.500  render           | Video append frame 25
01:08.516  render           | Video append frame 26
01:08.547  render           | Video append frame 27
01:08.563  render           | Video append frame 28
01:08.578  render           | Video append frame 29
01:08.610  render           | Video append frame 30
01:08.625  render           | Video append frame 31
01:08.641  render           | Video append frame 32
01:08.656  render           | Video append frame 33
01:08.688  render           | Video append frame 34
01:08.703  render           | Video append frame 35
01:08.719  render           | Video append frame 36
01:08.735  render           | Video append frame 37
01:08.766  render           | Video append frame 38
01:08.781  render           | Video append frame 39
01:08.797  render           | Video append frame 40
01:08.813  render           | Video append frame 41
01:08.828  render           | Video append frame 42
01:08.860  render           | Video append frame 43
01:08.875  render           | Video append frame 44
01:08.891  render           | Video append frame 45
01:08.906  render           | Video append frame 46
01:08.938  render           | Video append frame 47
01:08.953  render           | Video append frame 48
01:08.969  render           | Video append frame 49
01:09.000  render           | Video append frame 50
01:09.016  render           | Video append frame 51
01:09.047  render           | Video append frame 52
01:09.063  render           | Video append frame 53
01:09.078  render           | Video append frame 54
01:09.094  render           | Video append frame 55
01:09.125  render           | Video append frame 56
01:09.141  render           | Video append frame 57
01:09.203  render           | Video append frame 58
01:09.235  render           | Video append frame 59
01:09.250  render           | Video append frame 60
01:09.266  render           | Video append frame 61
01:09.313  render           | Video append frame 1
01:09.328  render           | Video append frame 2
01:09.344  render           | Video append frame 3
01:09.375  render           | Video append frame 4
01:09.391  render           | Video append frame 5
01:09.406  render           | Video append frame 6
01:09.422  render           | Video append frame 7
01:09.453  render           | Video append frame 8
01:09.469  render           | Video append frame 9
01:09.485  render           | Video append frame 10
01:09.516  render           | Video append frame 11
01:09.531  render           | Video append frame 12
01:09.563  render           | Video append frame 13
01:09.578  render           | Video append frame 14
01:09.594  render           | Video append frame 15
01:09.625  render           | Video append frame 16
01:09.641  render           | Video append frame 17
01:09.656  render           | Video append frame 18
01:09.688  render           | Video append frame 19
01:09.703  render           | Video append frame 20
01:09.719  render           | Video append frame 21
01:09.750  render           | Video append frame 22
01:09.766  render           | Video append frame 23
01:09.781  render           | Video append frame 24
01:09.813  render           | Video append frame 25
01:09.828  render           | Video append frame 26
01:09.860  render           | Video append frame 27
01:09.875  render           | Video append frame 28
01:09.891  render           | Video append frame 29
01:09.922  render           | Video append frame 30
01:09.938  render           | Video append frame 31
01:09.953  render           | Video append frame 32
01:09.985  render           | Video append frame 33
01:10.000  render           | Video append frame 34
01:10.016  render           | Video append frame 35
01:10.047  render           | Video append frame 36
01:10.063  render           | Video append frame 37
01:10.094  render           | Video append frame 38
01:10.110  render           | Video append frame 39
01:10.125  render           | Video append frame 40
01:10.141  render           | Video append frame 41
01:10.172  render           | Video append frame 42
01:10.188  render           | Video append frame 43
01:10.219  render           | Video append frame 44
01:10.235  render           | Video append frame 45
01:10.250  render           | Video append frame 46
01:10.297  render           | Video append frame 1
01:10.313  render           | Video append frame 2
01:10.328  render           | Video append frame 3
01:10.360  render           | Video append frame 4
01:10.375  render           | Video append frame 5
01:10.391  render           | Video append frame 6
01:10.438  render           | Video append frame 7
01:10.453  render           | Video append frame 8
01:10.485  render           | Video append frame 9
01:10.516  render           | Video append frame 10
01:10.531  render           | Video append frame 11
01:10.547  render           | Video append frame 12
01:10.578  render           | Video append frame 13
01:10.594  render           | Video append frame 14
01:10.610  render           | Video append frame 15
01:10.625  render           | Video append frame 16
01:10.656  render           | Video append frame 17
01:10.672  render           | Video append frame 18
01:10.688  render           | Video append frame 19
01:10.703  render           | Video append frame 20
01:10.735  render           | Video append frame 21
01:10.750  render           | Video append frame 22
01:10.766  render           | Video append frame 23
01:10.781  render           | Video append frame 24
01:10.813  render           | Video append frame 25
01:10.844  render           | Video append frame 1
01:10.875  render           | Video append frame 2
01:10.891  render           | Video append frame 3
01:10.906  render           | Video append frame 4
01:10.922  render           | Video append frame 5
01:10.938  render           | Video append frame 6
01:10.953  render           | Video append frame 7
01:10.969  render           | Video append frame 8
01:11.000  render           | Video append frame 9
01:11.016  render           | Video append frame 10
01:11.031  render           | Video append frame 11
01:11.047  render           | Video append frame 12
01:11.063  render           | Video append frame 13
01:11.078  render           | Video append frame 14
01:11.110  render           | Video append frame 15
01:11.125  render           | Video append frame 16
01:11.141  render           | Video append frame 17
01:11.156  render           | Video append frame 18
01:11.188  render           | Video append frame 19
01:11.203  render           | Video append frame 20
01:11.219  render           | Video append frame 21
01:11.250  render           | Video append frame 22
01:11.266  render           | Video append frame 23
01:11.281  render           | Video append frame 24
01:11.313  render           | Video append frame 25
01:11.328  render           | Video append frame 26
01:11.360  render           | Video append frame 27
01:11.375  render           | Video append frame 28
01:11.391  render           | Video append frame 29
01:11.422  render           | Video append frame 30
01:11.438  render           | Video append frame 31
01:11.469  render           | Video append frame 32
01:11.485  render           | Video append frame 33
01:11.500  render           | Video append frame 34
01:11.531  render           | Video append frame 35
01:11.547  render           | Video append frame 36
01:11.578  render           | Video append frame 37
01:11.594  render           | Video append frame 38
01:11.625  render           | Video append frame 39
01:11.641  render           | Video append frame 40
01:11.656  render           | Video append frame 41
01:11.688  render           | Video append frame 42
01:11.703  render           | Video append frame 43
01:11.719  render           | Video append frame 44
01:11.750  render           | Video append frame 45
01:11.766  render           | Video append frame 46
01:11.781  render           | Video append frame 47
01:11.813  render           | Video append frame 48
01:11.828  render           | Video append frame 49
01:11.844  render           | Video append frame 50
01:11.860  render           | Video append frame 51
01:11.891  render           | Video append frame 52
01:11.906  render           | Video append frame 53
01:11.922  render           | Video append frame 54
01:11.953  render           | Video append frame 55
01:11.969  render           | Video append frame 56
01:11.985  render           | Video append frame 57
01:12.000  render           | Video append frame 58
01:12.016  render           | Video append frame 59
01:12.047  render           | Video append frame 60
01:12.063  render           | Video append frame 61
01:12.110  render           | Video append frame 1
01:12.125  render           | Video append frame 2
01:12.141  render           | Video append frame 3
01:12.172  render           | Video append frame 4
01:12.188  render           | Video append frame 5
01:12.203  render           | Video append frame 6
01:12.219  render           | Video append frame 7
01:12.250  render           | Video append frame 8
01:12.266  render           | Video append frame 9
01:12.281  render           | Video append frame 10
01:12.313  render           | Video append frame 11
01:12.328  render           | Video append frame 12
01:12.344  render           | Video append frame 13
01:12.375  render           | Video append frame 14
01:12.391  render           | Video append frame 15
01:12.406  render           | Video append frame 16
01:12.438  render           | Video append frame 17
01:12.453  render           | Video append frame 18
01:12.469  render           | Video append frame 19
01:12.500  render           | Video append frame 20
01:12.516  render           | Video append frame 21
01:12.547  render           | Video append frame 22
01:12.563  render           | Video append frame 23
01:12.578  render           | Video append frame 24
01:12.610  render           | Video append frame 25
01:12.625  render           | Video append frame 26
01:12.641  render           | Video append frame 27
01:12.672  render           | Video append frame 28
01:12.688  render           | Video append frame 29
01:12.703  render           | Video append frame 30
01:12.735  render           | Video append frame 31
01:12.750  render           | Video append frame 32
01:12.781  render           | Video append frame 33
01:12.797  render           | Video append frame 34
01:12.813  render           | Video append frame 35
01:12.844  render           | Video append frame 36
01:12.875  render           | Video append frame 37
01:12.906  render           | Video append frame 38
01:12.938  render           | Video append frame 39
01:12.953  render           | Video append frame 40

FBX export starting... 'C:\\Users\\iputu\\Documents\\Wonder Chess\\exports\\neutrals\\wc_n_wisp\\SK_wc_n_wisp.fbx'
(bpy.data.armatures['WC_NeutralMechanical_v1.001'], 'POSE')
export finished in 0.0325 sec.
Info: Applied modifier was not first, result may not be as expected

FBX export starting... 'C:\\Users\\iputu\\Documents\\Wonder Chess\\exports\\neutrals\\wc_n_wisp\\SK_wc_n_wisp_LOD1.fbx'
(bpy.data.armatures['WC_NeutralMechanical_v1.001'], 'POSE')
export finished in 0.0263 sec.
Info: Applied modifier was not first, result may not be as expected

FBX export starting... 'C:\\Users\\iputu\\Documents\\Wonder Chess\\exports\\neutrals\\wc_n_wisp\\SK_wc_n_wisp_LOD2.fbx'
(bpy.data.armatures['WC_NeutralMechanical_v1.001'], 'POSE')
export finished in 0.0466 sec.

FBX export starting... 'C:\\Users\\iputu\\Documents\\Wonder Chess\\exports\\neutrals\\wc_n_wisp\\AN_wc_n_wisp_Idle.fbx'
export finished in 0.0790 sec.

FBX export starting... 'C:\\Users\\iputu\\Documents\\Wonder Chess\\exports\\neutrals\\wc_n_wisp\\AN_wc_n_wisp_Move.fbx'
export finished in 0.0527 sec.

FBX export starting... 'C:\\Users\\iputu\\Documents\\Wonder Chess\\exports\\neutrals\\wc_n_wisp\\AN_wc_n_wisp_Attack.fbx'
export finished in 0.0464 sec.

FBX export starting... 'C:\\Users\\iputu\\Documents\\Wonder Chess\\exports\\neutrals\\wc_n_wisp\\AN_wc_n_wisp_Hit.fbx'
export finished in 0.0280 sec.

FBX export starting... 'C:\\Users\\iputu\\Documents\\Wonder Chess\\exports\\neutrals\\wc_n_wisp\\AN_wc_n_wisp_Defeat.fbx'
export finished in 0.0497 sec.

FBX export starting... 'C:\\Users\\iputu\\Documents\\Wonder Chess\\exports\\neutrals\\wc_n_wisp\\AN_wc_n_wisp_Active.fbx'
export finished in 0.0399 sec.
Info: Saved as "wc_n_wisp.blend"
{
  "status": "structural_checks_passed_visual_review_required",
  "blender_version": "5.1.1",
  "collection": "EXPORT",
  "evaluated_triangle_total": 1820,
  "objects": [
    {
      "name": "Armature",
      "type": "ARMATURE",
      "scale": [
        1.0,
        1.0,
        1.0
      ],
      "dimensions": [
        0.4399999976158142,
        0.3100000023841858,
        1.4300000667572021
      ],
      "roots": [
        "root"
      ],
      "deform_bones": 9
    },
    {
      "name": "SK_wc_n_wisp",
      "type": "MESH",
      "scale": [
        1.0,
        1.0,
        1.0
      ],
      "dimensions": [
        1.0176348686218262,
        0.5916021466255188,
        1.1026920080184937
      ],
      "evaluated_triangles": 1820,
      "material_slots": 1,
      "uv_layers": 1,
      "skin_checks": {
        "unweighted": 0,
        "excess_influences": 0,
        "unnormalized": 0
      }
    }
  ],
  "errors": [],
  "warnings": [],
  "not_checked": [
    "appearance",
    "deformation across all clips",
    "UV overlap appropriateness",
    "normal-map convention",
    "Unreal import",
    "LOD silhouette",
    "gameplay readability"
  ]
}
WC_NEUTRAL_AUTHORED wc_n_wisp {"triangles": 1820, "clips": 6, "report": "C:\\Users\\iputu\\Documents\\Wonder Chess\\reports\\WC-U440\\20260906T132701Z\\neutrals\\wc_n_wisp"}
01:23.875  render           | Saved: 'C:\Users\iputu\Documents\Wonder Chess\exports\neutrals\wc_n_stoneback\portrait.png'
01:26.703  render           | Saved: 'C:\Users\iputu\Documents\Wonder Chess\reports\WC-U440\20260906T132701Z\neutrals\wc_n_stoneback\front.png'
01:29.188  render           | Saved: 'C:\Users\iputu\Documents\Wonder Chess\reports\WC-U440\20260906T132701Z\neutrals\wc_n_stoneback\side.png'
01:31.547  render           | Saved: 'C:\Users\iputu\Documents\Wonder Chess\reports\WC-U440\20260906T132701Z\neutrals\wc_n_stoneback\back.png'
01:31.594  render           | Video append frame 1
01:31.625  render           | Video append frame 2
01:31.656  render           | Video append frame 3
01:31.688  render           | Video append frame 4
01:31.719  render           | Video append frame 5
01:31.750  render           | Video append frame 6
01:31.781  render           | Video append frame 7
01:31.813  render           | Video append frame 8
01:31.828  render           | Video append frame 9
01:31.860  render           | Video append frame 10
01:31.891  render           | Video append frame 11
01:31.906  render           | Video append frame 12
01:31.938  render           | Video append frame 13
01:31.969  render           | Video append frame 14
01:32.000  render           | Video append frame 15
01:32.031  render           | Video append frame 16
01:32.047  render           | Video append frame 17
01:32.078  render           | Video append frame 18
01:32.110  render           | Video append frame 19
01:32.188  render           | Video append frame 20
01:32.235  render           | Video append frame 21
01:32.266  render           | Video append frame 22
01:32.297  render           | Video append frame 23
01:32.328  render           | Video append frame 24
01:32.344  render           | Video append frame 25
01:32.375  render           | Video append frame 26
01:32.406  render           | Video append frame 27
01:32.453  render           | Video append frame 28
01:32.500  render           | Video append frame 29
01:32.531  render           | Video append frame 30
01:32.578  render           | Video append frame 31
01:32.610  render           | Video append frame 32
01:32.641  render           | Video append frame 33
01:32.672  render           | Video append frame 34
01:32.703  render           | Video append frame 35
01:32.735  render           | Video append frame 36
01:32.766  render           | Video append frame 37
01:32.797  render           | Video append frame 38
01:32.813  render           | Video append frame 39
01:32.860  render           | Video append frame 40
01:32.875  render           | Video append frame 41
01:32.906  render           | Video append frame 42
01:32.938  render           | Video append frame 43
01:32.969  render           | Video append frame 44
01:32.985  render           | Video append frame 45
01:33.016  render           | Video append frame 46
01:33.031  render           | Video append frame 47
01:33.063  render           | Video append frame 48
01:33.094  render           | Video append frame 49
01:33.110  render           | Video append frame 50
01:33.141  render           | Video append frame 51
01:33.156  render           | Video append frame 52
01:33.188  render           | Video append frame 53
01:33.203  render           | Video append frame 54
01:33.235  render           | Video append frame 55
01:33.266  render           | Video append frame 56
01:33.281  render           | Video append frame 57
01:33.313  render           | Video append frame 58
01:33.328  render           | Video append frame 59
01:33.360  render           | Video append frame 60
01:33.375  render           | Video append frame 61
01:33.406  render           | Video append frame 62
01:33.422  render           | Video append frame 63
01:33.453  render           | Video append frame 64
01:33.469  render           | Video append frame 65
01:33.500  render           | Video append frame 66
01:33.516  render           | Video append frame 67
01:33.531  render           | Video append frame 68
01:33.563  render           | Video append frame 69
01:33.578  render           | Video append frame 70
01:33.610  render           | Video append frame 71
01:33.641  render           | Video append frame 72
01:33.672  render           | Video append frame 73
01:33.703  render           | Video append frame 74
01:33.735  render           | Video append frame 75
01:33.750  render           | Video append frame 76
01:33.781  render           | Video append frame 77
01:33.797  render           | Video append frame 78
01:33.813  render           | Video append frame 79
01:33.844  render           | Video append frame 80
01:33.860  render           | Video append frame 81
01:33.875  render           | Video append frame 82
01:33.906  render           | Video append frame 83
01:33.922  render           | Video append frame 84
01:33.938  render           | Video append frame 85
01:33.969  render           | Video append frame 86
01:33.985  render           | Video append frame 87
01:34.000  render           | Video append frame 88
01:34.016  render           | Video append frame 89
01:34.047  render           | Video append frame 90
01:34.063  render           | Video append frame 91
01:34.094  render           | Video append frame 92
01:34.110  render           | Video append frame 93
01:34.125  render           | Video append frame 94
01:34.156  render           | Video append frame 95
01:34.172  render           | Video append frame 96
01:34.188  render           | Video append frame 97
01:34.219  render           | Video append frame 98
01:34.235  render           | Video append frame 99
01:34.250  render           | Video append frame 100
01:34.281  render           | Video append frame 101
01:34.297  render           | Video append frame 102
01:34.313  render           | Video append frame 103
01:34.344  render           | Video append frame 104
01:34.360  render           | Video append frame 105
01:34.375  render           | Video append frame 106
01:34.406  render           | Video append frame 107
01:34.422  render           | Video append frame 108
01:34.438  render           | Video append frame 109
01:34.453  render           | Video append frame 110
01:34.485  render           | Video append frame 111
01:34.500  render           | Video append frame 112
01:34.516  render           | Video append frame 113
01:34.547  render           | Video append frame 114
01:34.563  render           | Video append frame 115
01:34.578  render           | Video append frame 116
01:34.610  render           | Video append frame 117
01:34.625  render           | Video append frame 118
01:34.641  render           | Video append frame 119
01:34.656  render           | Video append frame 120
01:34.688  render           | Video append frame 121
01:34.719  render           | Video append frame 1
01:34.750  render           | Video append frame 2
01:34.766  render           | Video append frame 3
01:34.781  render           | Video append frame 4
01:34.797  render           | Video append frame 5
01:34.813  render           | Video append frame 6
01:34.844  render           | Video append frame 7
01:34.860  render           | Video append frame 8
01:34.875  render           | Video append frame 9
01:34.906  render           | Video append frame 10
01:34.922  render           | Video append frame 11
01:34.938  render           | Video append frame 12
01:34.969  render           | Video append frame 13
01:34.985  render           | Video append frame 14
01:35.000  render           | Video append frame 15
01:35.016  render           | Video append frame 16
01:35.031  render           | Video append frame 17
01:35.047  render           | Video append frame 18
01:35.078  render           | Video append frame 19
01:35.094  render           | Video append frame 20
01:35.110  render           | Video append frame 21
01:35.125  render           | Video append frame 22
01:35.156  render           | Video append frame 23
01:35.172  render           | Video append frame 24
01:35.188  render           | Video append frame 25
01:35.219  render           | Video append frame 26
01:35.235  render           | Video append frame 27
01:35.250  render           | Video append frame 28
01:35.266  render           | Video append frame 29
01:35.297  render           | Video append frame 30
01:35.313  render           | Video append frame 31
01:35.328  render           | Video append frame 32
01:35.360  render           | Video append frame 33
01:35.375  render           | Video append frame 34
01:35.406  render           | Video append frame 35
01:35.422  render           | Video append frame 36
01:35.453  render           | Video append frame 37
01:35.469  render           | Video append frame 38
01:35.500  render           | Video append frame 39
01:35.516  render           | Video append frame 40
01:35.547  render           | Video append frame 41
01:35.563  render           | Video append frame 42
01:35.578  render           | Video append frame 43
01:35.610  render           | Video append frame 44
01:35.625  render           | Video append frame 45
01:35.656  render           | Video append frame 46
01:35.672  render           | Video append frame 47
01:35.703  render           | Video append frame 48
01:35.719  render           | Video append frame 49
01:35.750  render           | Video append frame 50
01:35.781  render           | Video append frame 51
01:35.813  render           | Video append frame 52
01:35.828  render           | Video append frame 53
01:35.860  render           | Video append frame 54
01:35.875  render           | Video append frame 55
01:35.906  render           | Video append frame 56
01:35.922  render           | Video append frame 57
01:35.953  render           | Video append frame 58
01:35.969  render           | Video append frame 59
01:36.000  render           | Video append frame 60
01:36.016  render           | Video append frame 61
01:36.281  render           | Video append frame 1
01:36.297  render           | Video append frame 2
01:36.313  render           | Video append frame 3
01:36.344  render           | Video append frame 4
01:36.360  render           | Video append frame 5
01:36.375  render           | Video append frame 6
01:36.406  render           | Video append frame 7
01:36.422  render           | Video append frame 8
01:36.438  render           | Video append frame 9
01:36.453  render           | Video append frame 10
01:36.469  render           | Video append frame 11
01:36.500  render           | Video append frame 12
01:36.516  render           | Video append frame 13
01:36.531  render           | Video append frame 14
01:36.547  render           | Video append frame 15
01:36.578  render           | Video append frame 16
01:36.610  render           | Video append frame 17
01:36.625  render           | Video append frame 18
01:36.641  render           | Video append frame 19
01:36.672  render           | Video append frame 20
01:36.688  render           | Video append frame 21
01:36.719  render           | Video append frame 22
01:36.735  render           | Video append frame 23
01:36.766  render           | Video append frame 24
01:36.781  render           | Video append frame 25
01:36.797  render           | Video append frame 26
01:36.813  render           | Video append frame 27
01:36.844  render           | Video append frame 28
01:36.860  render           | Video append frame 29
01:36.875  render           | Video append frame 30
01:36.906  render           | Video append frame 31
01:36.922  render           | Video append frame 32
01:36.953  render           | Video append frame 33
01:36.969  render           | Video append frame 34
01:37.000  render           | Video append frame 35
01:37.016  render           | Video append frame 36
01:37.031  render           | Video append frame 37
01:37.063  render           | Video append frame 38
01:37.078  render           | Video append frame 39
01:37.094  render           | Video append frame 40
01:37.125  render           | Video append frame 41
01:37.141  render           | Video append frame 42
01:37.172  render           | Video append frame 43
01:37.203  render           | Video append frame 44
01:37.219  render           | Video append frame 45
01:37.235  render           | Video append frame 46
01:37.250  render           | Video append frame 47
01:37.281  render           | Video append frame 48
01:37.297  render           | Video append frame 49
01:37.344  render           | Video append frame 1
01:37.375  render           | Video append frame 2
01:37.391  render           | Video append frame 3
01:37.422  render           | Video append frame 4
01:37.438  render           | Video append frame 5
01:37.469  render           | Video append frame 6
01:37.485  render           | Video append frame 7
01:37.516  render           | Video append frame 8
01:37.531  render           | Video append frame 9
01:37.563  render           | Video append frame 10
01:37.578  render           | Video append frame 11
01:37.594  render           | Video append frame 12
01:37.625  render           | Video append frame 13
01:37.641  render           | Video append frame 14
01:37.672  render           | Video append frame 15
01:37.688  render           | Video append frame 16
01:37.719  render           | Video append frame 17
01:37.735  render           | Video append frame 18
01:37.766  render           | Video append frame 19
01:37.797  render           | Video append frame 20
01:37.813  render           | Video append frame 21
01:37.844  render           | Video append frame 22
01:37.860  render           | Video append frame 23
01:37.891  render           | Video append frame 24
01:37.906  render           | Video append frame 25
01:37.953  render           | Video append frame 1
01:37.985  render           | Video append frame 2
01:38.000  render           | Video append frame 3
01:38.016  render           | Video append frame 4
01:38.047  render           | Video append frame 5
01:38.063  render           | Video append frame 6
01:38.078  render           | Video append frame 7
01:38.094  render           | Video append frame 8
01:38.125  render           | Video append frame 9
01:38.141  render           | Video append frame 10
01:38.172  render           | Video append frame 11
01:38.203  render           | Video append frame 12
01:38.235  render           | Video append frame 13
01:38.250  render           | Video append frame 14
01:38.266  render           | Video append frame 15
01:38.297  render           | Video append frame 16
01:38.328  render           | Video append frame 17
01:38.344  render           | Video append frame 18
01:38.360  render           | Video append frame 19
01:38.391  render           | Video append frame 20
01:38.406  render           | Video append frame 21
01:38.438  render           | Video append frame 22
01:38.469  render           | Video append frame 23
01:38.500  render           | Video append frame 24
01:38.547  render           | Video append frame 25
01:38.594  render           | Video append frame 26
01:38.625  render           | Video append frame 27
01:38.656  render           | Video append frame 28
01:38.688  render           | Video append frame 29
01:38.719  render           | Video append frame 30
01:38.750  render           | Video append frame 31
01:38.766  render           | Video append frame 32
01:38.813  render           | Video append frame 33
01:38.844  render           | Video append frame 34
01:38.875  render           | Video append frame 35
01:38.906  render           | Video append frame 36
01:38.938  render           | Video append frame 37
01:38.969  render           | Video append frame 38
01:39.000  render           | Video append frame 39
01:39.031  render           | Video append frame 40
01:39.063  render           | Video append frame 41
01:39.078  render           | Video append frame 42
01:39.110  render           | Video append frame 43
01:39.141  render           | Video append frame 44
01:39.172  render           | Video append frame 45
01:39.203  render           | Video append frame 46
01:39.235  render           | Video append frame 47
01:39.266  render           | Video append frame 48
01:39.297  render           | Video append frame 49
01:39.328  render           | Video append frame 50
01:39.375  render           | Video append frame 51
01:39.453  render           | Video append frame 52
01:39.500  render           | Video append frame 53
01:39.547  render           | Video append frame 54
01:39.578  render           | Video append frame 55
01:39.610  render           | Video append frame 56
01:39.641  render           | Video append frame 57
01:39.750  render           | Video append frame 58
01:39.860  render           | Video append frame 59
01:39.953  render           | Video append frame 60
01:39.985  render           | Video append frame 61
01:40.047  render           | Video append frame 1
01:40.078  render           | Video append frame 2
01:40.110  render           | Video append frame 3
01:40.141  render           | Video append frame 4
01:40.172  render           | Video append frame 5
01:40.188  render           | Video append frame 6
01:40.219  render           | Video append frame 7
01:40.235  render           | Video append frame 8
01:40.250  render           | Video append frame 9
01:40.281  render           | Video append frame 10
01:40.297  render           | Video append frame 11
01:40.313  render           | Video append frame 12
01:40.344  render           | Video append frame 13
01:40.360  render           | Video append frame 14
01:40.391  render           | Video append frame 15
01:40.422  render           | Video append frame 16
01:40.453  render           | Video append frame 17
01:40.469  render           | Video append frame 18
01:40.500  render           | Video append frame 19
01:40.516  render           | Video append frame 20
01:40.547  render           | Video append frame 21
01:40.563  render           | Video append frame 22
01:40.594  render           | Video append frame 23
01:40.610  render           | Video append frame 24
01:40.641  render           | Video append frame 25
01:40.656  render           | Video append frame 26
01:40.688  render           | Video append frame 27
01:40.719  render           | Video append frame 28
01:40.735  render           | Video append frame 29
01:40.766  render           | Video append frame 30
01:40.781  render           | Video append frame 31
01:40.797  render           | Video append frame 32
01:40.828  render           | Video append frame 33
01:40.844  render           | Video append frame 34
01:40.875  render           | Video append frame 35
01:40.891  render           | Video append frame 36
01:40.922  render           | Video append frame 37
01:40.953  render           | Video append frame 38
01:40.969  render           | Video append frame 39
01:41.000  render           | Video append frame 40
01:41.016  render           | Video append frame 41
01:41.047  render           | Video append frame 42
01:41.078  render           | Video append frame 43

FBX export starting... 'C:\\Users\\iputu\\Documents\\Wonder Chess\\exports\\neutrals\\wc_n_stoneback\\SK_wc_n_stoneback.fbx'
(bpy.data.armatures['WC_NeutralMechanical_v1.001'], 'POSE')
export finished in 0.0230 sec.
Info: Applied modifier was not first, result may not be as expected

FBX export starting... 'C:\\Users\\iputu\\Documents\\Wonder Chess\\exports\\neutrals\\wc_n_stoneback\\SK_wc_n_stoneback_LOD1.fbx'
(bpy.data.armatures['WC_NeutralMechanical_v1.001'], 'POSE')
export finished in 0.0269 sec.
Info: Applied modifier was not first, result may not be as expected

FBX export starting... 'C:\\Users\\iputu\\Documents\\Wonder Chess\\exports\\neutrals\\wc_n_stoneback\\SK_wc_n_stoneback_LOD2.fbx'
(bpy.data.armatures['WC_NeutralMechanical_v1.001'], 'POSE')
export finished in 0.0226 sec.

FBX export starting... 'C:\\Users\\iputu\\Documents\\Wonder Chess\\exports\\neutrals\\wc_n_stoneback\\AN_wc_n_stoneback_Idle.fbx'
export finished in 0.0911 sec.

FBX export starting... 'C:\\Users\\iputu\\Documents\\Wonder Chess\\exports\\neutrals\\wc_n_stoneback\\AN_wc_n_stoneback_Move.fbx'
export finished in 0.0557 sec.

FBX export starting... 'C:\\Users\\iputu\\Documents\\Wonder Chess\\exports\\neutrals\\wc_n_stoneback\\AN_wc_n_stoneback_Attack.fbx'
export finished in 0.0508 sec.

FBX export starting... 'C:\\Users\\iputu\\Documents\\Wonder Chess\\exports\\neutrals\\wc_n_stoneback\\AN_wc_n_stoneback_Hit.fbx'
export finished in 0.0488 sec.

FBX export starting... 'C:\\Users\\iputu\\Documents\\Wonder Chess\\exports\\neutrals\\wc_n_stoneback\\AN_wc_n_stoneback_Defeat.fbx'
export finished in 0.0602 sec.

FBX export starting... 'C:\\Users\\iputu\\Documents\\Wonder Chess\\exports\\neutrals\\wc_n_stoneback\\AN_wc_n_stoneback_Active.fbx'
export finished in 0.0618 sec.
Info: Saved as "wc_n_stoneback.blend"
{
  "status": "structural_checks_passed_visual_review_required",
  "blender_version": "5.1.1",
  "collection": "EXPORT",
  "evaluated_triangle_total": 1500,
  "objects": [
    {
      "name": "Armature",
      "type": "ARMATURE",
      "scale": [
        1.0,
        1.0,
        1.0
      ],
      "dimensions": [
        1.0199999809265137,
        1.0,
        1.2699999809265137
      ],
      "roots": [
        "root"
      ],
      "deform_bones": 11
    },
    {
      "name": "SK_wc_n_stoneback",
      "type": "MESH",
      "scale": [
        1.0,
        1.0,
        1.0
      ],
      "dimensions": [
        1.5199999809265137,
        2.015949249267578,
        1.1039303541183472
      ],
      "evaluated_triangles": 1500,
      "material_slots": 1,
      "uv_layers": 1,
      "skin_checks": {
        "unweighted": 0,
        "excess_influences": 0,
        "unnormalized": 0
      }
    }
  ],
  "errors": [],
  "warnings": [],
  "not_checked": [
    "appearance",
    "deformation across all clips",
    "UV overlap appropriateness",
    "normal-map convention",
    "Unreal import",
    "LOD silhouette",
    "gameplay readability"
  ]
}
WC_NEUTRAL_AUTHORED wc_n_stoneback {"triangles": 1500, "clips": 6, "report": "C:\\Users\\iputu\\Documents\\Wonder Chess\\reports\\WC-U440\\20260906T132701Z\\neutrals\\wc_n_stoneback"}
01:50.485  render           | Saved: 'C:\Users\iputu\Documents\Wonder Chess\exports\neutrals\wc_n_prowler\portrait.png'
01:52.281  render           | Saved: 'C:\Users\iputu\Documents\Wonder Chess\reports\WC-U440\20260906T132701Z\neutrals\wc_n_prowler\front.png'
01:54.203  render           | Saved: 'C:\Users\iputu\Documents\Wonder Chess\reports\WC-U440\20260906T132701Z\neutrals\wc_n_prowler\side.png'
01:56.250  render           | Saved: 'C:\Users\iputu\Documents\Wonder Chess\reports\WC-U440\20260906T132701Z\neutrals\wc_n_prowler\back.png'
01:56.297  render           | Video append frame 1
01:56.328  render           | Video append frame 2
01:56.360  render           | Video append frame 3
01:56.375  render           | Video append frame 4
01:56.406  render           | Video append frame 5
01:56.438  render           | Video append frame 6
01:56.453  render           | Video append frame 7
01:56.485  render           | Video append frame 8
01:56.500  render           | Video append frame 9
01:56.516  render           | Video append frame 10
01:56.531  render           | Video append frame 11
01:56.563  render           | Video append frame 12
01:56.578  render           | Video append frame 13
01:56.594  render           | Video append frame 14
01:56.625  render           | Video append frame 15
01:56.641  render           | Video append frame 16
01:56.656  render           | Video append frame 17
01:56.688  render           | Video append frame 18
01:56.703  render           | Video append frame 19
01:56.719  render           | Video append frame 20
01:56.750  render           | Video append frame 21
01:56.766  render           | Video append frame 22
01:56.781  render           | Video append frame 23
01:56.797  render           | Video append frame 24
01:56.828  render           | Video append frame 25
01:56.844  render           | Video append frame 26
01:56.860  render           | Video append frame 27
01:56.891  render           | Video append frame 28
01:56.906  render           | Video append frame 29
01:56.922  render           | Video append frame 30
01:56.938  render           | Video append frame 31
01:56.969  render           | Video append frame 32
01:56.985  render           | Video append frame 33
01:57.016  render           | Video append frame 34
01:57.031  render           | Video append frame 35
01:57.063  render           | Video append frame 36
01:57.078  render           | Video append frame 37
01:57.110  render           | Video append frame 38
01:57.141  render           | Video append frame 39
01:57.156  render           | Video append frame 40
01:57.188  render           | Video append frame 41
01:57.203  render           | Video append frame 42
01:57.219  render           | Video append frame 43
01:57.235  render           | Video append frame 44
01:57.266  render           | Video append frame 45
01:57.297  render           | Video append frame 46
01:57.313  render           | Video append frame 47
01:57.344  render           | Video append frame 48
01:57.360  render           | Video append frame 49
01:57.375  render           | Video append frame 50
01:57.406  render           | Video append frame 51
01:57.438  render           | Video append frame 52
01:57.453  render           | Video append frame 53
01:57.485  render           | Video append frame 54
01:57.500  render           | Video append frame 55
01:57.516  render           | Video append frame 56
01:57.547  render           | Video append frame 57
01:57.563  render           | Video append frame 58
01:57.594  render           | Video append frame 59
01:57.610  render           | Video append frame 60
01:57.625  render           | Video append frame 61
01:57.656  render           | Video append frame 62
01:57.672  render           | Video append frame 63
01:57.688  render           | Video append frame 64
01:57.703  render           | Video append frame 65
01:57.719  render           | Video append frame 66
01:57.750  render           | Video append frame 67
01:57.766  render           | Video append frame 68
01:57.781  render           | Video append frame 69
01:57.813  render           | Video append frame 70
01:57.828  render           | Video append frame 71
01:57.860  render           | Video append frame 72
01:57.875  render           | Video append frame 73
01:57.906  render           | Video append frame 74
01:57.922  render           | Video append frame 75
01:57.938  render           | Video append frame 76
01:57.969  render           | Video append frame 77
01:57.985  render           | Video append frame 78
01:58.000  render           | Video append frame 79
01:58.016  render           | Video append frame 80
01:58.047  render           | Video append frame 81
01:58.063  render           | Video append frame 82
01:58.078  render           | Video append frame 83
01:58.094  render           | Video append frame 84
01:58.125  render           | Video append frame 85
01:58.141  render           | Video append frame 86
01:58.156  render           | Video append frame 87
01:58.188  render           | Video append frame 88
01:58.203  render           | Video append frame 89
01:58.235  render           | Video append frame 90
01:58.250  render           | Video append frame 91
01:58.281  render           | Video append frame 92
01:58.297  render           | Video append frame 93
01:58.313  render           | Video append frame 94
01:58.328  render           | Video append frame 95
01:58.360  render           | Video append frame 96
01:58.375  render           | Video append frame 97
01:58.406  render           | Video append frame 98
01:58.422  render           | Video append frame 99
01:58.453  render           | Video append frame 100
01:58.469  render           | Video append frame 101
01:58.500  render           | Video append frame 102
01:58.516  render           | Video append frame 103
01:58.547  render           | Video append frame 104
01:58.563  render           | Video append frame 105
01:58.578  render           | Video append frame 106
01:58.610  render           | Video append frame 107
01:58.625  render           | Video append frame 108
01:58.641  render           | Video append frame 109
01:58.672  render           | Video append frame 110
01:58.688  render           | Video append frame 111
01:58.703  render           | Video append frame 112
01:58.719  render           | Video append frame 113
01:58.750  render           | Video append frame 114
01:58.766  render           | Video append frame 115
01:58.781  render           | Video append frame 116
01:58.797  render           | Video append frame 117
01:58.813  render           | Video append frame 118
01:58.844  render           | Video append frame 119
01:58.860  render           | Video append frame 120
01:58.875  render           | Video append frame 121
01:58.906  render           | Video append frame 1
01:58.938  render           | Video append frame 2
01:58.953  render           | Video append frame 3
01:58.969  render           | Video append frame 4
01:59.000  render           | Video append frame 5
01:59.016  render           | Video append frame 6
01:59.047  render           | Video append frame 7
01:59.063  render           | Video append frame 8
01:59.094  render           | Video append frame 9
01:59.110  render           | Video append frame 10
01:59.125  render           | Video append frame 11
01:59.156  render           | Video append frame 12
01:59.172  render           | Video append frame 13
01:59.203  render           | Video append frame 14
01:59.219  render           | Video append frame 15
01:59.235  render           | Video append frame 16
01:59.266  render           | Video append frame 17
01:59.281  render           | Video append frame 18
01:59.297  render           | Video append frame 19
01:59.313  render           | Video append frame 20
01:59.328  render           | Video append frame 21
01:59.360  render           | Video append frame 22
01:59.375  render           | Video append frame 23
01:59.391  render           | Video append frame 24
01:59.422  render           | Video append frame 25
01:59.438  render           | Video append frame 26
01:59.453  render           | Video append frame 27
01:59.469  render           | Video append frame 28
01:59.485  render           | Video append frame 29
01:59.516  render           | Video append frame 30
01:59.531  render           | Video append frame 31
01:59.547  render           | Video append frame 32
01:59.563  render           | Video append frame 33
01:59.594  render           | Video append frame 34
01:59.610  render           | Video append frame 35
01:59.625  render           | Video append frame 36
01:59.641  render           | Video append frame 37
01:59.656  render           | Video append frame 38
01:59.672  render           | Video append frame 39
01:59.703  render           | Video append frame 40
01:59.719  render           | Video append frame 41
01:59.735  render           | Video append frame 42
01:59.750  render           | Video append frame 43
01:59.766  render           | Video append frame 44
01:59.781  render           | Video append frame 45
01:59.813  render           | Video append frame 46
01:59.828  render           | Video append frame 47
01:59.844  render           | Video append frame 48
01:59.860  render           | Video append frame 49
01:59.875  render           | Video append frame 50
01:59.891  render           | Video append frame 51
01:59.922  render           | Video append frame 52
01:59.938  render           | Video append frame 53
01:59.953  render           | Video append frame 54
01:59.985  render           | Video append frame 55
02:00.000  render           | Video append frame 56
02:00.016  render           | Video append frame 57
02:00.031  render           | Video append frame 58
02:00.063  render           | Video append frame 59
02:00.078  render           | Video append frame 60
02:00.110  render           | Video append frame 61
02:00.141  render           | Video append frame 1
02:00.156  render           | Video append frame 2
02:00.188  render           | Video append frame 3
02:00.203  render           | Video append frame 4
02:00.219  render           | Video append frame 5
02:00.250  render           | Video append frame 6
02:00.266  render           | Video append frame 7
02:00.281  render           | Video append frame 8
02:00.297  render           | Video append frame 9
02:00.313  render           | Video append frame 10
02:00.328  render           | Video append frame 11
02:00.360  render           | Video append frame 12
02:00.375  render           | Video append frame 13
02:00.391  render           | Video append frame 14
02:00.406  render           | Video append frame 15
02:00.438  render           | Video append frame 16
02:00.453  render           | Video append frame 17
02:00.485  render           | Video append frame 18
02:00.500  render           | Video append frame 19
02:00.531  render           | Video append frame 20
02:00.547  render           | Video append frame 21
02:00.578  render           | Video append frame 22
02:00.594  render           | Video append frame 23
02:00.625  render           | Video append frame 24
02:00.641  render           | Video append frame 25
02:00.656  render           | Video append frame 26
02:00.688  render           | Video append frame 27
02:00.703  render           | Video append frame 28
02:00.719  render           | Video append frame 29
02:00.750  render           | Video append frame 30
02:00.766  render           | Video append frame 31
02:00.781  render           | Video append frame 32
02:00.797  render           | Video append frame 33
02:00.813  render           | Video append frame 34
02:00.844  render           | Video append frame 35
02:00.860  render           | Video append frame 36
02:00.875  render           | Video append frame 37
02:00.891  render           | Video append frame 38
02:00.906  render           | Video append frame 39
02:00.922  render           | Video append frame 40
02:00.953  render           | Video append frame 41
02:00.969  render           | Video append frame 42
02:00.985  render           | Video append frame 43
02:01.031  render           | Video append frame 1
02:01.047  render           | Video append frame 2
02:01.063  render           | Video append frame 3
02:01.078  render           | Video append frame 4
02:01.094  render           | Video append frame 5
02:01.125  render           | Video append frame 6
02:01.141  render           | Video append frame 7
02:01.156  render           | Video append frame 8
02:01.188  render           | Video append frame 9
02:01.203  render           | Video append frame 10
02:01.219  render           | Video append frame 11
02:01.250  render           | Video append frame 12
02:01.266  render           | Video append frame 13
02:01.281  render           | Video append frame 14
02:01.313  render           | Video append frame 15
02:01.328  render           | Video append frame 16
02:01.344  render           | Video append frame 17
02:01.360  render           | Video append frame 18
02:01.391  render           | Video append frame 19
02:01.406  render           | Video append frame 20
02:01.422  render           | Video append frame 21
02:01.453  render           | Video append frame 22
02:01.469  render           | Video append frame 23
02:01.485  render           | Video append frame 24
02:01.516  render           | Video append frame 25
02:01.547  render           | Video append frame 1
02:01.563  render           | Video append frame 2
02:01.594  render           | Video append frame 3
02:01.610  render           | Video append frame 4
02:01.625  render           | Video append frame 5
02:01.656  render           | Video append frame 6
02:01.672  render           | Video append frame 7
02:01.688  render           | Video append frame 8
02:01.719  render           | Video append frame 9
02:01.735  render           | Video append frame 10
02:01.766  render           | Video append frame 11
02:01.781  render           | Video append frame 12
02:01.813  render           | Video append frame 13
02:01.828  render           | Video append frame 14
02:01.844  render           | Video append frame 15
02:01.875  render           | Video append frame 16
02:01.891  render           | Video append frame 17
02:01.922  render           | Video append frame 18
02:01.938  render           | Video append frame 19
02:01.953  render           | Video append frame 20
02:01.985  render           | Video append frame 21
02:02.000  render           | Video append frame 22
02:02.016  render           | Video append frame 23
02:02.047  render           | Video append frame 24
02:02.063  render           | Video append frame 25
02:02.094  render           | Video append frame 26
02:02.110  render           | Video append frame 27
02:02.141  render           | Video append frame 28
02:02.156  render           | Video append frame 29
02:02.188  render           | Video append frame 30
02:02.203  render           | Video append frame 31
02:02.219  render           | Video append frame 32
02:02.250  render           | Video append frame 33
02:02.266  render           | Video append frame 34
02:02.281  render           | Video append frame 35
02:02.297  render           | Video append frame 36
02:02.328  render           | Video append frame 37
02:02.360  render           | Video append frame 38
02:02.375  render           | Video append frame 39
02:02.406  render           | Video append frame 40
02:02.422  render           | Video append frame 41
02:02.438  render           | Video append frame 42
02:02.469  render           | Video append frame 43
02:02.485  render           | Video append frame 44
02:02.500  render           | Video append frame 45
02:02.516  render           | Video append frame 46
02:02.547  render           | Video append frame 47
02:02.563  render           | Video append frame 48
02:02.594  render           | Video append frame 49
02:02.610  render           | Video append frame 50
02:02.641  render           | Video append frame 51
02:02.656  render           | Video append frame 52
02:02.688  render           | Video append frame 53
02:02.703  render           | Video append frame 54
02:02.735  render           | Video append frame 55
02:02.750  render           | Video append frame 56
02:02.766  render           | Video append frame 57
02:02.797  render           | Video append frame 58
02:02.813  render           | Video append frame 59
02:02.828  render           | Video append frame 60
02:02.860  render           | Video append frame 61
02:02.891  render           | Video append frame 1
02:02.922  render           | Video append frame 2
02:02.938  render           | Video append frame 3
02:02.953  render           | Video append frame 4
02:02.985  render           | Video append frame 5
02:03.000  render           | Video append frame 6
02:03.031  render           | Video append frame 7
02:03.047  render           | Video append frame 8
02:03.063  render           | Video append frame 9
02:03.078  render           | Video append frame 10
02:03.110  render           | Video append frame 11
02:03.125  render           | Video append frame 12
02:03.141  render           | Video append frame 13
02:03.156  render           | Video append frame 14
02:03.188  render           | Video append frame 15
02:03.203  render           | Video append frame 16
02:03.219  render           | Video append frame 17
02:03.235  render           | Video append frame 18
02:03.250  render           | Video append frame 19
02:03.266  render           | Video append frame 20
02:03.297  render           | Video append frame 21
02:03.313  render           | Video append frame 22
02:03.328  render           | Video append frame 23
02:03.344  render           | Video append frame 24
02:03.360  render           | Video append frame 25
02:03.391  render           | Video append frame 26
02:03.406  render           | Video append frame 27
02:03.422  render           | Video append frame 28
02:03.438  render           | Video append frame 29
02:03.453  render           | Video append frame 30
02:03.485  render           | Video append frame 31
02:03.500  render           | Video append frame 32
02:03.516  render           | Video append frame 33
02:03.531  render           | Video append frame 34
02:03.563  render           | Video append frame 35
02:03.578  render           | Video append frame 36
02:03.594  render           | Video append frame 37
02:03.610  render           | Video append frame 38
02:03.625  render           | Video append frame 39
02:03.656  render           | Video append frame 40
02:03.672  render           | Video append frame 41
02:03.688  render           | Video append frame 42
02:03.703  render           | Video append frame 43

FBX export starting... 'C:\\Users\\iputu\\Documents\\Wonder Chess\\exports\\neutrals\\wc_n_prowler\\SK_wc_n_prowler.fbx'
(bpy.data.armatures['WC_NeutralMechanical_v1.001'], 'POSE')
export finished in 0.0258 sec.
Info: Applied modifier was not first, result may not be as expected

FBX export starting... 'C:\\Users\\iputu\\Documents\\Wonder Chess\\exports\\neutrals\\wc_n_prowler\\SK_wc_n_prowler_LOD1.fbx'
(bpy.data.armatures['WC_NeutralMechanical_v1.001'], 'POSE')
export finished in 0.0288 sec.
Info: Applied modifier was not first, result may not be as expected

FBX export starting... 'C:\\Users\\iputu\\Documents\\Wonder Chess\\exports\\neutrals\\wc_n_prowler\\SK_wc_n_prowler_LOD2.fbx'
(bpy.data.armatures['WC_NeutralMechanical_v1.001'], 'POSE')
export finished in 0.0263 sec.

FBX export starting... 'C:\\Users\\iputu\\Documents\\Wonder Chess\\exports\\neutrals\\wc_n_prowler\\AN_wc_n_prowler_Idle.fbx'
export finished in 0.1017 sec.

FBX export starting... 'C:\\Users\\iputu\\Documents\\Wonder Chess\\exports\\neutrals\\wc_n_prowler\\AN_wc_n_prowler_Move.fbx'
export finished in 0.0689 sec.

FBX export starting... 'C:\\Users\\iputu\\Documents\\Wonder Chess\\exports\\neutrals\\wc_n_prowler\\AN_wc_n_prowler_Attack.fbx'
export finished in 0.0538 sec.

FBX export starting... 'C:\\Users\\iputu\\Documents\\Wonder Chess\\exports\\neutrals\\wc_n_prowler\\AN_wc_n_prowler_Hit.fbx'
export finished in 0.0380 sec.

FBX export starting... 'C:\\Users\\iputu\\Documents\\Wonder Chess\\exports\\neutrals\\wc_n_prowler\\AN_wc_n_prowler_Defeat.fbx'
export finished in 0.0542 sec.

FBX export starting... 'C:\\Users\\iputu\\Documents\\Wonder Chess\\exports\\neutrals\\wc_n_prowler\\AN_wc_n_prowler_Active.fbx'
export finished in 0.0497 sec.
Info: Saved as "wc_n_prowler.blend"
{
  "status": "structural_checks_passed_visual_review_required",
  "blender_version": "5.1.1",
  "collection": "EXPORT",
  "evaluated_triangle_total": 2160,
  "objects": [
    {
      "name": "Armature",
      "type": "ARMATURE",
      "scale": [
        1.0,
        1.0,
        1.0
      ],
      "dimensions": [
        0.46000000834465027,
        1.5800000429153442,
        1.4700000286102295
      ],
      "roots": [
        "root"
      ],
      "deform_bones": 11
    },
    {
      "name": "SK_wc_n_prowler",
      "type": "MESH",
      "scale": [
        1.0,
        1.0,
        1.0
      ],
      "dimensions": [
        0.7744633555412292,
        2.2530908584594727,
        1.2808446884155273
      ],
      "evaluated_triangles": 2160,
      "material_slots": 1,
      "uv_layers": 1,
      "skin_checks": {
        "unweighted": 0,
        "excess_influences": 0,
        "unnormalized": 0
      }
    }
  ],
  "errors": [],
  "warnings": [],
  "not_checked": [
    "appearance",
    "deformation across all clips",
    "UV overlap appropriateness",
    "normal-map convention",
    "Unreal import",
    "LOD silhouette",
    "gameplay readability"
  ]
}
WC_NEUTRAL_AUTHORED wc_n_prowler {"triangles": 2160, "clips": 6, "report": "C:\\Users\\iputu\\Documents\\Wonder Chess\\reports\\WC-U440\\20260906T132701Z\\neutrals\\wc_n_prowler"}
02:14.625  render           | Saved: 'C:\Users\iputu\Documents\Wonder Chess\exports\neutrals\wc_n_sentinel\portrait.png'
02:16.656  render           | Saved: 'C:\Users\iputu\Documents\Wonder Chess\reports\WC-U440\20260906T132701Z\neutrals\wc_n_sentinel\front.png'
02:18.516  render           | Saved: 'C:\Users\iputu\Documents\Wonder Chess\reports\WC-U440\20260906T132701Z\neutrals\wc_n_sentinel\side.png'
02:20.328  render           | Saved: 'C:\Users\iputu\Documents\Wonder Chess\reports\WC-U440\20260906T132701Z\neutrals\wc_n_sentinel\back.png'
02:20.391  render           | Video append frame 1
02:20.406  render           | Video append frame 2
02:20.422  render           | Video append frame 3
02:20.453  render           | Video append frame 4
02:20.485  render           | Video append frame 5
02:20.516  render           | Video append frame 6
02:20.531  render           | Video append frame 7
02:20.563  render           | Video append frame 8
02:20.578  render           | Video append frame 9
02:20.610  render           | Video append frame 10
02:20.625  render           | Video append frame 11
02:20.641  render           | Video append frame 12
02:20.672  render           | Video append frame 13
02:20.703  render           | Video append frame 14
02:20.719  render           | Video append frame 15
02:20.750  render           | Video append frame 16
02:20.766  render           | Video append frame 17
02:20.797  render           | Video append frame 18
02:20.813  render           | Video append frame 19
02:20.828  render           | Video append frame 20
02:20.860  render           | Video append frame 21
02:20.875  render           | Video append frame 22
02:20.891  render           | Video append frame 23
02:20.922  render           | Video append frame 24
02:20.938  render           | Video append frame 25
02:20.953  render           | Video append frame 26
02:20.969  render           | Video append frame 27
02:20.985  render           | Video append frame 28
02:21.016  render           | Video append frame 29
02:21.031  render           | Video append frame 30
02:21.047  render           | Video append frame 31
02:21.078  render           | Video append frame 32
02:21.110  render           | Video append frame 33
02:21.141  render           | Video append frame 34
02:21.156  render           | Video append frame 35
02:21.188  render           | Video append frame 36
02:21.203  render           | Video append frame 37
02:21.235  render           | Video append frame 38
02:21.250  render           | Video append frame 39
02:21.266  render           | Video append frame 40
02:21.281  render           | Video append frame 41
02:21.313  render           | Video append frame 42
02:21.328  render           | Video append frame 43
02:21.360  render           | Video append frame 44
02:21.391  render           | Video append frame 45
02:21.406  render           | Video append frame 46
02:21.422  render           | Video append frame 47
02:21.453  render           | Video append frame 48
02:21.469  render           | Video append frame 49
02:21.500  render           | Video append frame 50
02:21.516  render           | Video append frame 51
02:21.547  render           | Video append frame 52
02:21.563  render           | Video append frame 53
02:21.578  render           | Video append frame 54
02:21.610  render           | Video append frame 55
02:21.625  render           | Video append frame 56
02:21.641  render           | Video append frame 57
02:21.672  render           | Video append frame 58
02:21.688  render           | Video append frame 59
02:21.703  render           | Video append frame 60
02:21.719  render           | Video append frame 61
02:21.750  render           | Video append frame 62
02:21.766  render           | Video append frame 63
02:21.781  render           | Video append frame 64
02:21.797  render           | Video append frame 65
02:21.828  render           | Video append frame 66
02:21.844  render           | Video append frame 67
02:21.860  render           | Video append frame 68
02:21.875  render           | Video append frame 69
02:21.906  render           | Video append frame 70
02:21.922  render           | Video append frame 71
02:21.938  render           | Video append frame 72
02:21.953  render           | Video append frame 73
02:21.985  render           | Video append frame 74
02:22.000  render           | Video append frame 75
02:22.016  render           | Video append frame 76
02:22.031  render           | Video append frame 77
02:22.063  render           | Video append frame 78
02:22.078  render           | Video append frame 79
02:22.110  render           | Video append frame 80
02:22.125  render           | Video append frame 81
02:22.156  render           | Video append frame 82
02:22.172  render           | Video append frame 83
02:22.188  render           | Video append frame 84
02:22.219  render           | Video append frame 85
02:22.235  render           | Video append frame 86
02:22.250  render           | Video append frame 87
02:22.281  render           | Video append frame 88
02:22.297  render           | Video append frame 89
02:22.313  render           | Video append frame 90
02:22.344  render           | Video append frame 91
02:22.360  render           | Video append frame 92
02:22.391  render           | Video append frame 93
02:22.406  render           | Video append frame 94
02:22.422  render           | Video append frame 95
02:22.453  render           | Video append frame 96
02:22.469  render           | Video append frame 97
02:22.500  render           | Video append frame 98
02:22.516  render           | Video append frame 99
02:22.531  render           | Video append frame 100
02:22.563  render           | Video append frame 101
02:22.578  render           | Video append frame 102
02:22.594  render           | Video append frame 103
02:22.625  render           | Video append frame 104
02:22.641  render           | Video append frame 105
02:22.656  render           | Video append frame 106
02:22.672  render           | Video append frame 107
02:22.703  render           | Video append frame 108
02:22.719  render           | Video append frame 109
02:22.735  render           | Video append frame 110
02:22.750  render           | Video append frame 111
02:22.781  render           | Video append frame 112
02:22.797  render           | Video append frame 113
02:22.813  render           | Video append frame 114
02:22.844  render           | Video append frame 115
02:22.860  render           | Video append frame 116
02:22.875  render           | Video append frame 117
02:22.891  render           | Video append frame 118
02:22.922  render           | Video append frame 119
02:22.938  render           | Video append frame 120
02:22.953  render           | Video append frame 121
02:22.985  render           | Video append frame 1
02:23.016  render           | Video append frame 2
02:23.031  render           | Video append frame 3
02:23.047  render           | Video append frame 4
02:23.063  render           | Video append frame 5
02:23.094  render           | Video append frame 6
02:23.110  render           | Video append frame 7
02:23.125  render           | Video append frame 8
02:23.141  render           | Video append frame 9
02:23.172  render           | Video append frame 10
02:23.188  render           | Video append frame 11
02:23.203  render           | Video append frame 12
02:23.235  render           | Video append frame 13
02:23.250  render           | Video append frame 14
02:23.266  render           | Video append frame 15
02:23.313  render           | Video append frame 16
02:23.328  render           | Video append frame 17
02:23.360  render           | Video append frame 18
02:23.375  render           | Video append frame 19
02:23.391  render           | Video append frame 20
02:23.406  render           | Video append frame 21
02:23.438  render           | Video append frame 22
02:23.453  render           | Video append frame 23
02:23.469  render           | Video append frame 24
02:23.485  render           | Video append frame 25
02:23.516  render           | Video append frame 26
02:23.531  render           | Video append frame 27
02:23.547  render           | Video append frame 28
02:23.563  render           | Video append frame 29
02:23.594  render           | Video append frame 30
02:23.610  render           | Video append frame 31
02:23.625  render           | Video append frame 32
02:23.656  render           | Video append frame 33
02:23.672  render           | Video append frame 34
02:23.688  render           | Video append frame 35
02:23.703  render           | Video append frame 36
02:23.735  render           | Video append frame 37
02:23.750  render           | Video append frame 38
02:23.766  render           | Video append frame 39
02:23.781  render           | Video append frame 40
02:23.797  render           | Video append frame 41
02:23.828  render           | Video append frame 42
02:23.844  render           | Video append frame 43
02:23.860  render           | Video append frame 44
02:23.891  render           | Video append frame 45
02:23.906  render           | Video append frame 46
02:23.922  render           | Video append frame 47
02:23.953  render           | Video append frame 48
02:23.969  render           | Video append frame 49
02:24.000  render           | Video append frame 50
02:24.016  render           | Video append frame 51
02:24.047  render           | Video append frame 52
02:24.078  render           | Video append frame 53
02:24.094  render           | Video append frame 54
02:24.125  render           | Video append frame 55
02:24.141  render           | Video append frame 56
02:24.172  render           | Video append frame 57
02:24.203  render           | Video append frame 58
02:24.219  render           | Video append frame 59
02:24.250  render           | Video append frame 60
02:24.266  render           | Video append frame 61
02:24.313  render           | Video append frame 1
02:24.328  render           | Video append frame 2
02:24.344  render           | Video append frame 3
02:24.375  render           | Video append frame 4
02:24.391  render           | Video append frame 5
02:24.406  render           | Video append frame 6
02:24.438  render           | Video append frame 7
02:24.453  render           | Video append frame 8
02:24.469  render           | Video append frame 9
02:24.500  render           | Video append frame 10
02:24.516  render           | Video append frame 11
02:24.531  render           | Video append frame 12
02:24.563  render           | Video append frame 13
02:24.578  render           | Video append frame 14
02:24.610  render           | Video append frame 15
02:24.625  render           | Video append frame 16
02:24.656  render           | Video append frame 17
02:24.672  render           | Video append frame 18
02:24.703  render           | Video append frame 19
02:24.719  render           | Video append frame 20
02:24.750  render           | Video append frame 21
02:24.766  render           | Video append frame 22
02:24.797  render           | Video append frame 23
02:24.813  render           | Video append frame 24
02:24.844  render           | Video append frame 25
02:24.860  render           | Video append frame 26
02:24.891  render           | Video append frame 27
02:24.906  render           | Video append frame 28
02:24.938  render           | Video append frame 29
02:24.969  render           | Video append frame 30
02:25.000  render           | Video append frame 31
02:25.031  render           | Video append frame 32
02:25.063  render           | Video append frame 33
02:25.094  render           | Video append frame 34
02:25.110  render           | Video append frame 35
02:25.141  render           | Video append frame 36
02:25.156  render           | Video append frame 37
02:25.188  render           | Video append frame 38
02:25.219  render           | Video append frame 39
02:25.235  render           | Video append frame 40
02:25.250  render           | Video append frame 41
02:25.281  render           | Video append frame 42
02:25.297  render           | Video append frame 43
02:25.328  render           | Video append frame 44
02:25.344  render           | Video append frame 45
02:25.375  render           | Video append frame 46
02:25.406  render           | Video append frame 47
02:25.438  render           | Video append frame 48
02:25.453  render           | Video append frame 49
02:25.500  render           | Video append frame 1
02:25.531  render           | Video append frame 2
02:25.547  render           | Video append frame 3
02:25.578  render           | Video append frame 4
02:25.594  render           | Video append frame 5
02:25.610  render           | Video append frame 6
02:25.641  render           | Video append frame 7
02:25.656  render           | Video append frame 8
02:25.688  render           | Video append frame 9
02:25.703  render           | Video append frame 10
02:25.735  render           | Video append frame 11
02:25.750  render           | Video append frame 12
02:25.781  render           | Video append frame 13
02:25.797  render           | Video append frame 14
02:25.828  render           | Video append frame 15
02:25.860  render           | Video append frame 16
02:25.891  render           | Video append frame 17
02:25.906  render           | Video append frame 18
02:25.938  render           | Video append frame 19
02:25.953  render           | Video append frame 20
02:25.985  render           | Video append frame 21
02:26.000  render           | Video append frame 22
02:26.031  render           | Video append frame 23
02:26.047  render           | Video append frame 24
02:26.078  render           | Video append frame 25
02:26.125  render           | Video append frame 1
02:26.141  render           | Video append frame 2
02:26.172  render           | Video append frame 3
02:26.188  render           | Video append frame 4
02:26.203  render           | Video append frame 5
02:26.235  render           | Video append frame 6
02:26.250  render           | Video append frame 7
02:26.281  render           | Video append frame 8
02:26.297  render           | Video append frame 9
02:26.313  render           | Video append frame 10
02:26.344  render           | Video append frame 11
02:26.360  render           | Video append frame 12
02:26.391  render           | Video append frame 13
02:26.422  render           | Video append frame 14
02:26.453  render           | Video append frame 15
02:26.469  render           | Video append frame 16
02:26.500  render           | Video append frame 17
02:26.516  render           | Video append frame 18
02:26.547  render           | Video append frame 19
02:26.578  render           | Video append frame 20
02:26.594  render           | Video append frame 21
02:26.625  render           | Video append frame 22
02:26.656  render           | Video append frame 23
02:26.672  render           | Video append frame 24
02:26.703  render           | Video append frame 25
02:26.735  render           | Video append frame 26
02:26.766  render           | Video append frame 27
02:26.781  render           | Video append frame 28
02:26.813  render           | Video append frame 29
02:26.844  render           | Video append frame 30
02:26.860  render           | Video append frame 31
02:26.891  render           | Video append frame 32
02:26.922  render           | Video append frame 33
02:26.938  render           | Video append frame 34
02:26.969  render           | Video append frame 35
02:27.000  render           | Video append frame 36
02:27.031  render           | Video append frame 37
02:27.047  render           | Video append frame 38
02:27.078  render           | Video append frame 39
02:27.110  render           | Video append frame 40
02:27.125  render           | Video append frame 41
02:27.156  render           | Video append frame 42
02:27.188  render           | Video append frame 43
02:27.219  render           | Video append frame 44
02:27.250  render           | Video append frame 45
02:27.281  render           | Video append frame 46
02:27.313  render           | Video append frame 47
02:27.344  render           | Video append frame 48
02:27.375  render           | Video append frame 49
02:27.391  render           | Video append frame 50
02:27.422  render           | Video append frame 51
02:27.453  render           | Video append frame 52
02:27.485  render           | Video append frame 53
02:27.500  render           | Video append frame 54
02:27.531  render           | Video append frame 55
02:27.563  render           | Video append frame 56
02:27.594  render           | Video append frame 57
02:27.625  render           | Video append frame 58
02:27.656  render           | Video append frame 59
02:27.688  render           | Video append frame 60
02:27.719  render           | Video append frame 61
02:27.766  render           | Video append frame 1
02:27.797  render           | Video append frame 2
02:27.828  render           | Video append frame 3
02:27.844  render           | Video append frame 4
02:27.875  render           | Video append frame 5
02:27.891  render           | Video append frame 6
02:27.922  render           | Video append frame 7
02:27.953  render           | Video append frame 8
02:27.969  render           | Video append frame 9
02:28.000  render           | Video append frame 10
02:28.031  render           | Video append frame 11
02:28.063  render           | Video append frame 12
02:28.078  render           | Video append frame 13
02:28.110  render           | Video append frame 14
02:28.141  render           | Video append frame 15
02:28.156  render           | Video append frame 16
02:28.188  render           | Video append frame 17
02:28.203  render           | Video append frame 18
02:28.235  render           | Video append frame 19
02:28.250  render           | Video append frame 20
02:28.281  render           | Video append frame 21
02:28.313  render           | Video append frame 22
02:28.344  render           | Video append frame 23
02:28.360  render           | Video append frame 24
02:28.391  render           | Video append frame 25
02:28.422  render           | Video append frame 26
02:28.453  render           | Video append frame 27
02:28.485  render           | Video append frame 28
02:28.516  render           | Video append frame 29
02:28.531  render           | Video append frame 30
02:28.563  render           | Video append frame 31
02:28.594  render           | Video append frame 32
02:28.610  render           | Video append frame 33
02:28.641  render           | Video append frame 34
02:28.656  render           | Video append frame 35
02:28.688  render           | Video append frame 36
02:28.703  render           | Video append frame 37
02:28.719  render           | Video append frame 38
02:28.750  render           | Video append frame 39
02:28.766  render           | Video append frame 40
02:28.797  render           | Video append frame 41
02:28.813  render           | Video append frame 42
02:28.844  render           | Video append frame 43
02:28.860  render           | Video append frame 44
02:28.875  render           | Video append frame 45
02:28.906  render           | Video append frame 46
02:28.922  render           | Video append frame 47
02:28.953  render           | Video append frame 48
02:28.985  render           | Video append frame 49

FBX export starting... 'C:\\Users\\iputu\\Documents\\Wonder Chess\\exports\\neutrals\\wc_n_sentinel\\SK_wc_n_sentinel.fbx'
(bpy.data.armatures['WC_NeutralMechanical_v1.001'], 'POSE')
export finished in 0.0305 sec.
Info: Applied modifier was not first, result may not be as expected

FBX export starting... 'C:\\Users\\iputu\\Documents\\Wonder Chess\\exports\\neutrals\\wc_n_sentinel\\SK_wc_n_sentinel_LOD1.fbx'
(bpy.data.armatures['WC_NeutralMechanical_v1.001'], 'POSE')
export finished in 0.0281 sec.
Info: Applied modifier was not first, result may not be as expected

FBX export starting... 'C:\\Users\\iputu\\Documents\\Wonder Chess\\exports\\neutrals\\wc_n_sentinel\\SK_wc_n_sentinel_LOD2.fbx'
(bpy.data.armatures['WC_NeutralMechanical_v1.001'], 'POSE')
export finished in 0.0286 sec.

FBX export starting... 'C:\\Users\\iputu\\Documents\\Wonder Chess\\exports\\neutrals\\wc_n_sentinel\\AN_wc_n_sentinel_Idle.fbx'
export finished in 0.0987 sec.

FBX export starting... 'C:\\Users\\iputu\\Documents\\Wonder Chess\\exports\\neutrals\\wc_n_sentinel\\AN_wc_n_sentinel_Move.fbx'
export finished in 0.2313 sec.

FBX export starting... 'C:\\Users\\iputu\\Documents\\Wonder Chess\\exports\\neutrals\\wc_n_sentinel\\AN_wc_n_sentinel_Attack.fbx'
export finished in 0.0866 sec.

FBX export starting... 'C:\\Users\\iputu\\Documents\\Wonder Chess\\exports\\neutrals\\wc_n_sentinel\\AN_wc_n_sentinel_Hit.fbx'
export finished in 0.0504 sec.

FBX export starting... 'C:\\Users\\iputu\\Documents\\Wonder Chess\\exports\\neutrals\\wc_n_sentinel\\AN_wc_n_sentinel_Defeat.fbx'
export finished in 0.0957 sec.

FBX export starting... 'C:\\Users\\iputu\\Documents\\Wonder Chess\\exports\\neutrals\\wc_n_sentinel\\AN_wc_n_sentinel_Active.fbx'
export finished in 0.0594 sec.
Info: Saved as "wc_n_sentinel.blend"
{
  "status": "structural_checks_passed_visual_review_required",
  "blender_version": "5.1.1",
  "collection": "EXPORT",
  "evaluated_triangle_total": 1760,
  "objects": [
    {
      "name": "Armature",
      "type": "ARMATURE",
      "scale": [
        1.0,
        1.0,
        1.0
      ],
      "dimensions": [
        0.6200000047683716,
        0.0,
        1.850000023841858
      ],
      "roots": [
        "root"
      ],
      "deform_bones": 9
    },
    {
      "name": "SK_wc_n_sentinel",
      "type": "MESH",
      "scale": [
        1.0,
        1.0,
        1.0
      ],
      "dimensions": [
        1.2599999904632568,
        0.7599999904632568,
        1.6874512434005737
      ],
      "evaluated_triangles": 1760,
      "material_slots": 1,
      "uv_layers": 1,
      "skin_checks": {
        "unweighted": 0,
        "excess_influences": 0,
        "unnormalized": 0
      }
    }
  ],
  "errors": [],
  "warnings": [],
  "not_checked": [
    "appearance",
    "deformation across all clips",
    "UV overlap appropriateness",
    "normal-map convention",
    "Unreal import",
    "LOD silhouette",
    "gameplay readability"
  ]
}
WC_NEUTRAL_AUTHORED wc_n_sentinel {"triangles": 1760, "clips": 6, "report": "C:\\Users\\iputu\\Documents\\Wonder Chess\\reports\\WC-U440\\20260906T132701Z\\neutrals\\wc_n_sentinel"}
02:39.422  render           | Saved: 'C:\Users\iputu\Documents\Wonder Chess\exports\neutrals\wc_n_warden\portrait.png'
02:41.469  render           | Saved: 'C:\Users\iputu\Documents\Wonder Chess\reports\WC-U440\20260906T132701Z\neutrals\wc_n_warden\front.png'
02:43.969  render           | Saved: 'C:\Users\iputu\Documents\Wonder Chess\reports\WC-U440\20260906T132701Z\neutrals\wc_n_warden\side.png'
02:46.328  render           | Saved: 'C:\Users\iputu\Documents\Wonder Chess\reports\WC-U440\20260906T132701Z\neutrals\wc_n_warden\back.png'
02:46.422  render           | Video append frame 1
02:46.469  render           | Video append frame 2
02:46.516  render           | Video append frame 3
02:46.578  render           | Video append frame 4
02:46.610  render           | Video append frame 5
02:46.641  render           | Video append frame 6
02:46.672  render           | Video append frame 7
02:46.703  render           | Video append frame 8
02:46.735  render           | Video append frame 9
02:46.750  render           | Video append frame 10
02:46.781  render           | Video append frame 11
02:46.813  render           | Video append frame 12
02:46.844  render           | Video append frame 13
02:46.860  render           | Video append frame 14
02:46.891  render           | Video append frame 15
02:46.906  render           | Video append frame 16
02:46.938  render           | Video append frame 17
02:46.969  render           | Video append frame 18
02:46.985  render           | Video append frame 19
02:47.016  render           | Video append frame 20
02:47.031  render           | Video append frame 21
02:47.063  render           | Video append frame 22
02:47.078  render           | Video append frame 23
02:47.110  render           | Video append frame 24
02:47.125  render           | Video append frame 25
02:47.156  render           | Video append frame 26
02:47.188  render           | Video append frame 27
02:47.203  render           | Video append frame 28
02:47.235  render           | Video append frame 29
02:47.250  render           | Video append frame 30
02:47.266  render           | Video append frame 31
02:47.297  render           | Video append frame 32
02:47.313  render           | Video append frame 33
02:47.344  render           | Video append frame 34
02:47.360  render           | Video append frame 35
02:47.391  render           | Video append frame 36
02:47.406  render           | Video append frame 37
02:47.438  render           | Video append frame 38
02:47.453  render           | Video append frame 39
02:47.485  render           | Video append frame 40
02:47.500  render           | Video append frame 41
02:47.531  render           | Video append frame 42
02:47.547  render           | Video append frame 43
02:47.578  render           | Video append frame 44
02:47.594  render           | Video append frame 45
02:47.625  render           | Video append frame 46
02:47.641  render           | Video append frame 47
02:47.672  render           | Video append frame 48
02:47.688  render           | Video append frame 49
02:47.703  render           | Video append frame 50
02:47.735  render           | Video append frame 51
02:47.750  render           | Video append frame 52
02:47.781  render           | Video append frame 53
02:47.797  render           | Video append frame 54
02:47.813  render           | Video append frame 55
02:47.844  render           | Video append frame 56
02:47.860  render           | Video append frame 57
02:47.875  render           | Video append frame 58
02:47.906  render           | Video append frame 59
02:47.922  render           | Video append frame 60
02:47.938  render           | Video append frame 61
02:47.969  render           | Video append frame 62
02:47.985  render           | Video append frame 63
02:48.016  render           | Video append frame 64
02:48.031  render           | Video append frame 65
02:48.047  render           | Video append frame 66
02:48.063  render           | Video append frame 67
02:48.094  render           | Video append frame 68
02:48.110  render           | Video append frame 69
02:48.125  render           | Video append frame 70
02:48.156  render           | Video append frame 71
02:48.172  render           | Video append frame 72
02:48.188  render           | Video append frame 73
02:48.219  render           | Video append frame 74
02:48.235  render           | Video append frame 75
02:48.250  render           | Video append frame 76
02:48.281  render           | Video append frame 77
02:48.297  render           | Video append frame 78
02:48.313  render           | Video append frame 79
02:48.328  render           | Video append frame 80
02:48.360  render           | Video append frame 81
02:48.375  render           | Video append frame 82
02:48.406  render           | Video append frame 83
02:48.422  render           | Video append frame 84
02:48.453  render           | Video append frame 85
02:48.625  render           | Video append frame 86
02:48.735  render           | Video append frame 87
02:48.766  render           | Video append frame 88
02:48.781  render           | Video append frame 89
02:48.813  render           | Video append frame 90
02:48.844  render           | Video append frame 91
02:48.860  render           | Video append frame 92
02:48.891  render           | Video append frame 93
02:48.922  render           | Video append frame 94
02:48.953  render           | Video append frame 95
02:49.031  render           | Video append frame 96
02:49.094  render           | Video append frame 97
02:49.141  render           | Video append frame 98
02:49.188  render           | Video append frame 99
02:49.235  render           | Video append frame 100
02:49.266  render           | Video append frame 101
02:49.360  render           | Video append frame 102
02:49.422  render           | Video append frame 103
02:49.453  render           | Video append frame 104
02:49.485  render           | Video append frame 105
02:49.516  render           | Video append frame 106
02:49.547  render           | Video append frame 107
02:49.563  render           | Video append frame 108
02:49.594  render           | Video append frame 109
02:49.625  render           | Video append frame 110
02:49.641  render           | Video append frame 111
02:49.672  render           | Video append frame 112
02:49.703  render           | Video append frame 113
02:49.719  render           | Video append frame 114
02:49.750  render           | Video append frame 115
02:49.766  render           | Video append frame 116
02:49.797  render           | Video append frame 117
02:49.813  render           | Video append frame 118
02:49.844  render           | Video append frame 119
02:49.875  render           | Video append frame 120
02:49.891  render           | Video append frame 121
02:49.938  render           | Video append frame 1
02:49.953  render           | Video append frame 2
02:49.985  render           | Video append frame 3
02:50.000  render           | Video append frame 4
02:50.016  render           | Video append frame 5
02:50.047  render           | Video append frame 6
02:50.063  render           | Video append frame 7
02:50.094  render           | Video append frame 8
02:50.110  render           | Video append frame 9
02:50.141  render           | Video append frame 10
02:50.172  render           | Video append frame 11
02:50.203  render           | Video append frame 12
02:50.235  render           | Video append frame 13
02:50.266  render           | Video append frame 14
02:50.281  render           | Video append frame 15
02:50.313  render           | Video append frame 16
02:50.344  render           | Video append frame 17
02:50.360  render           | Video append frame 18
02:50.391  render           | Video append frame 19
02:50.406  render           | Video append frame 20
02:50.438  render           | Video append frame 21
02:50.453  render           | Video append frame 22
02:50.485  render           | Video append frame 23
02:50.500  render           | Video append frame 24
02:50.531  render           | Video append frame 25
02:50.547  render           | Video append frame 26
02:50.578  render           | Video append frame 27
02:50.610  render           | Video append frame 28
02:50.656  render           | Video append frame 29
02:50.672  render           | Video append frame 30
02:50.703  render           | Video append frame 31
02:50.719  render           | Video append frame 32
02:50.750  render           | Video append frame 33
02:50.766  render           | Video append frame 34
02:50.797  render           | Video append frame 35
02:50.813  render           | Video append frame 36
02:50.844  render           | Video append frame 37
02:50.860  render           | Video append frame 38
02:50.891  render           | Video append frame 39
02:50.922  render           | Video append frame 40
02:50.953  render           | Video append frame 41
02:50.969  render           | Video append frame 42
02:51.000  render           | Video append frame 43
02:51.016  render           | Video append frame 44
02:51.047  render           | Video append frame 45
02:51.063  render           | Video append frame 46
02:51.094  render           | Video append frame 47
02:51.110  render           | Video append frame 48
02:51.141  render           | Video append frame 49
02:51.156  render           | Video append frame 50
02:51.188  render           | Video append frame 51
02:51.203  render           | Video append frame 52
02:51.235  render           | Video append frame 53
02:51.250  render           | Video append frame 54
02:51.281  render           | Video append frame 55
02:51.297  render           | Video append frame 56
02:51.313  render           | Video append frame 57
02:51.344  render           | Video append frame 58
02:51.360  render           | Video append frame 59
02:51.391  render           | Video append frame 60
02:51.406  render           | Video append frame 61
02:51.453  render           | Video append frame 1
02:51.469  render           | Video append frame 2
02:51.485  render           | Video append frame 3
02:51.516  render           | Video append frame 4
02:51.531  render           | Video append frame 5
02:51.547  render           | Video append frame 6
02:51.563  render           | Video append frame 7
02:51.594  render           | Video append frame 8
02:51.610  render           | Video append frame 9
02:51.625  render           | Video append frame 10
02:51.656  render           | Video append frame 11
02:51.672  render           | Video append frame 12
02:51.688  render           | Video append frame 13
02:51.703  render           | Video append frame 14
02:51.735  render           | Video append frame 15
02:51.750  render           | Video append frame 16
02:51.766  render           | Video append frame 17
02:51.797  render           | Video append frame 18
02:51.813  render           | Video append frame 19
02:51.828  render           | Video append frame 20
02:51.844  render           | Video append frame 21
02:51.922  render           | Video append frame 22
02:51.938  render           | Video append frame 23
02:51.953  render           | Video append frame 24
02:51.985  render           | Video append frame 25
02:52.016  render           | Video append frame 26
02:52.031  render           | Video append frame 27
02:52.063  render           | Video append frame 28
02:52.078  render           | Video append frame 29
02:52.110  render           | Video append frame 30
02:52.125  render           | Video append frame 31
02:52.156  render           | Video append frame 32
02:52.172  render           | Video append frame 33
02:52.188  render           | Video append frame 34
02:52.219  render           | Video append frame 35
02:52.235  render           | Video append frame 36
02:52.266  render           | Video append frame 37
02:52.281  render           | Video append frame 38
02:52.297  render           | Video append frame 39
02:52.328  render           | Video append frame 40
02:52.344  render           | Video append frame 41
02:52.375  render           | Video append frame 42
02:52.391  render           | Video append frame 43
02:52.422  render           | Video append frame 44
02:52.438  render           | Video append frame 45
02:52.469  render           | Video append frame 46
02:52.485  render           | Video append frame 47
02:52.516  render           | Video append frame 48
02:52.531  render           | Video append frame 49
02:52.578  render           | Video append frame 1
02:52.594  render           | Video append frame 2
02:52.625  render           | Video append frame 3
02:52.641  render           | Video append frame 4
02:52.672  render           | Video append frame 5
02:52.688  render           | Video append frame 6
02:52.719  render           | Video append frame 7
02:52.735  render           | Video append frame 8
02:52.766  render           | Video append frame 9
02:52.781  render           | Video append frame 10
02:52.813  render           | Video append frame 11
02:52.828  render           | Video append frame 12
02:52.844  render           | Video append frame 13
02:52.875  render           | Video append frame 14
02:52.906  render           | Video append frame 15
02:52.938  render           | Video append frame 16
02:52.953  render           | Video append frame 17
02:52.985  render           | Video append frame 18
02:53.000  render           | Video append frame 19
02:53.031  render           | Video append frame 20
02:53.047  render           | Video append frame 21
02:53.078  render           | Video append frame 22
02:53.110  render           | Video append frame 23
02:53.125  render           | Video append frame 24
02:53.156  render           | Video append frame 25
02:53.219  render           | Video append frame 1
02:53.235  render           | Video append frame 2
02:53.250  render           | Video append frame 3
02:53.281  render           | Video append frame 4
02:53.297  render           | Video append frame 5
02:53.328  render           | Video append frame 6
02:53.344  render           | Video append frame 7
02:53.360  render           | Video append frame 8
02:53.391  render           | Video append frame 9
02:53.422  render           | Video append frame 10
02:53.453  render           | Video append frame 11
02:53.469  render           | Video append frame 12
02:53.500  render           | Video append frame 13
02:53.516  render           | Video append frame 14
02:53.547  render           | Video append frame 15
02:53.563  render           | Video append frame 16
02:53.610  render           | Video append frame 17
02:53.625  render           | Video append frame 18
02:53.656  render           | Video append frame 19
02:53.672  render           | Video append frame 20
02:53.688  render           | Video append frame 21
02:53.703  render           | Video append frame 22
02:53.735  render           | Video append frame 23
02:53.750  render           | Video append frame 24
02:53.766  render           | Video append frame 25
02:53.797  render           | Video append frame 26
02:53.813  render           | Video append frame 27
02:53.844  render           | Video append frame 28
02:53.860  render           | Video append frame 29
02:53.891  render           | Video append frame 30
02:53.922  render           | Video append frame 31
02:53.953  render           | Video append frame 32
02:53.969  render           | Video append frame 33
02:53.985  render           | Video append frame 34
02:54.016  render           | Video append frame 35
02:54.031  render           | Video append frame 36
02:54.047  render           | Video append frame 37
02:54.078  render           | Video append frame 38
02:54.094  render           | Video append frame 39
02:54.110  render           | Video append frame 40
02:54.125  render           | Video append frame 41
02:54.156  render           | Video append frame 42
02:54.172  render           | Video append frame 43
02:54.188  render           | Video append frame 44
02:54.219  render           | Video append frame 45
02:54.235  render           | Video append frame 46
02:54.250  render           | Video append frame 47
02:54.281  render           | Video append frame 48
02:54.297  render           | Video append frame 49
02:54.313  render           | Video append frame 50
02:54.344  render           | Video append frame 51
02:54.360  render           | Video append frame 52
02:54.375  render           | Video append frame 53
02:54.391  render           | Video append frame 54
02:54.422  render           | Video append frame 55
02:54.438  render           | Video append frame 56
02:54.469  render           | Video append frame 57
02:54.485  render           | Video append frame 58
02:54.500  render           | Video append frame 59
02:54.531  render           | Video append frame 60
02:54.547  render           | Video append frame 61
02:54.578  render           | Video append frame 1
02:54.610  render           | Video append frame 2
02:54.625  render           | Video append frame 3
02:54.641  render           | Video append frame 4
02:54.656  render           | Video append frame 5
02:54.672  render           | Video append frame 6
02:54.703  render           | Video append frame 7
02:54.719  render           | Video append frame 8
02:54.735  render           | Video append frame 9
02:54.750  render           | Video append frame 10
02:54.766  render           | Video append frame 11
02:54.797  render           | Video append frame 12
02:54.813  render           | Video append frame 13
02:54.828  render           | Video append frame 14
02:54.860  render           | Video append frame 15
02:54.875  render           | Video append frame 16
02:54.906  render           | Video append frame 17
02:54.922  render           | Video append frame 18
02:54.938  render           | Video append frame 19
02:54.969  render           | Video append frame 20
02:54.985  render           | Video append frame 21
02:55.000  render           | Video append frame 22
02:55.016  render           | Video append frame 23
02:55.031  render           | Video append frame 24
02:55.063  render           | Video append frame 25
02:55.078  render           | Video append frame 26
02:55.094  render           | Video append frame 27
02:55.125  render           | Video append frame 28
02:55.141  render           | Video append frame 29
02:55.156  render           | Video append frame 30
02:55.172  render           | Video append frame 31
02:55.188  render           | Video append frame 32
02:55.219  render           | Video append frame 33
02:55.235  render           | Video append frame 34
02:55.250  render           | Video append frame 35
02:55.266  render           | Video append frame 36
02:55.281  render           | Video append frame 37
02:55.297  render           | Video append frame 38
02:55.328  render           | Video append frame 39
02:55.344  render           | Video append frame 40
02:55.360  render           | Video append frame 41
02:55.391  render           | Video append frame 42
02:55.406  render           | Video append frame 43
02:55.422  render           | Video append frame 44
02:55.453  render           | Video append frame 45
02:55.469  render           | Video append frame 46
02:55.500  render           | Video append frame 47
02:55.516  render           | Video append frame 48
02:55.531  render           | Video append frame 49
02:55.563  render           | Video append frame 50
02:55.578  render           | Video append frame 51
02:55.594  render           | Video append frame 52
02:55.610  render           | Video append frame 53
02:55.641  render           | Video append frame 54
02:55.656  render           | Video append frame 55
02:55.672  render           | Video append frame 56
02:55.703  render           | Video append frame 57
02:55.719  render           | Video append frame 58
02:55.750  render           | Video append frame 59
02:55.766  render           | Video append frame 60
02:55.781  render           | Video append frame 61

FBX export starting... 'C:\\Users\\iputu\\Documents\\Wonder Chess\\exports\\neutrals\\wc_n_warden\\SK_wc_n_warden.fbx'
(bpy.data.armatures['WC_NeutralMechanical_v1.001'], 'POSE')
export finished in 0.0239 sec.
Info: Applied modifier was not first, result may not be as expected

FBX export starting... 'C:\\Users\\iputu\\Documents\\Wonder Chess\\exports\\neutrals\\wc_n_warden\\SK_wc_n_warden_LOD1.fbx'
(bpy.data.armatures['WC_NeutralMechanical_v1.001'], 'POSE')
export finished in 0.0229 sec.
Info: Applied modifier was not first, result may not be as expected

FBX export starting... 'C:\\Users\\iputu\\Documents\\Wonder Chess\\exports\\neutrals\\wc_n_warden\\SK_wc_n_warden_LOD2.fbx'
(bpy.data.armatures['WC_NeutralMechanical_v1.001'], 'POSE')
export finished in 0.0235 sec.

FBX export starting... 'C:\\Users\\iputu\\Documents\\Wonder Chess\\exports\\neutrals\\wc_n_warden\\AN_wc_n_warden_Idle.fbx'
export finished in 0.0840 sec.

FBX export starting... 'C:\\Users\\iputu\\Documents\\Wonder Chess\\exports\\neutrals\\wc_n_warden\\AN_wc_n_warden_Move.fbx'
export finished in 0.0604 sec.

FBX export starting... 'C:\\Users\\iputu\\Documents\\Wonder Chess\\exports\\neutrals\\wc_n_warden\\AN_wc_n_warden_Attack.fbx'
export finished in 0.0519 sec.

FBX export starting... 'C:\\Users\\iputu\\Documents\\Wonder Chess\\exports\\neutrals\\wc_n_warden\\AN_wc_n_warden_Hit.fbx'
export finished in 0.0375 sec.

FBX export starting... 'C:\\Users\\iputu\\Documents\\Wonder Chess\\exports\\neutrals\\wc_n_warden\\AN_wc_n_warden_Defeat.fbx'
export finished in 0.0576 sec.

FBX export starting... 'C:\\Users\\iputu\\Documents\\Wonder Chess\\exports\\neutrals\\wc_n_warden\\AN_wc_n_warden_Active.fbx'
export finished in 0.0571 sec.
Info: Saved as "wc_n_warden.blend"
{
  "status": "structural_checks_passed_visual_review_required",
  "blender_version": "5.1.1",
  "collection": "EXPORT",
  "evaluated_triangle_total": 1304,
  "objects": [
    {
      "name": "Armature",
      "type": "ARMATURE",
      "scale": [
        1.0,
        1.0,
        1.0
      ],
      "dimensions": [
        0.7200000286102295,
        0.7400000095367432,
        2.130000114440918
      ],
      "roots": [
        "root"
      ],
      "deform_bones": 12
    },
    {
      "name": "SK_wc_n_warden",
      "type": "MESH",
      "scale": [
        1.0,
        1.0,
        1.0
      ],
      "dimensions": [
        1.218400001525879,
        1.056715726852417,
        1.903999924659729
      ],
      "evaluated_triangles": 1304,
      "material_slots": 1,
      "uv_layers": 1,
      "skin_checks": {
        "unweighted": 0,
        "excess_influences": 0,
        "unnormalized": 0
      }
    }
  ],
  "errors": [],
  "warnings": [],
  "not_checked": [
    "appearance",
    "deformation across all clips",
    "UV overlap appropriateness",
    "normal-map convention",
    "Unreal import",
    "LOD silhouette",
    "gameplay readability"
  ]
}
WC_NEUTRAL_AUTHORED wc_n_warden {"triangles": 1304, "clips": 6, "report": "C:\\Users\\iputu\\Documents\\Wonder Chess\\reports\\WC-U440\\20260906T132701Z\\neutrals\\wc_n_warden"}
Blender 5.1.1 (hash b70da489d7f4 built 2026-04-14 01:37:22)

Blender quit
