wall_seconds,phase,round,visible_alive,logical_alive,encounters,frame_ms,game_ms,render_ms,gpu_ms,gpu_available,public_chars,public_utf8_bytes
5.008398,0,1,4,0,0,10.064799,3.148300,10.024700,11.753500,1,2764,2764
5.019222,0,1,4,0,0,11.359502,3.527900,11.290500,9.430000,1,2764,2764
5.032331,0,1,4,0,0,13.065997,2.637600,13.007800,12.790800,1,2764,2764
5.043704,0,1,4,0,0,11.220701,4.724500,11.198800,11.419600,1,2764,2764
5.054888,0,1,4,0,0,11.338800,3.515000,11.278500,10.381400,1,2764,2764
5.068073,0,1,4,0,0,13.203402,3.173700,12.998900,13.632500,1,2764,2764
5.081685,0,1,4,0,0,13.485100,4.571600,13.485900,12.702700,1,2764,2764
5.089274,0,1,4,0,0,7.808499,3.632400,7.818500,7.246800,1,2764,2764
5.098512,0,1,4,0,0,9.109698,3.033800,8.849500,11.593800,1,2764,2764
5.111367,0,1,4,0,0,12.759503,3.210500,12.289000,12.946400,1,2764,2764
5.126240,0,1,4,0,0,14.708400,3.046200,14.583600,12.752900,1,2764,2764
5.136154,0,1,4,0,0,10.188300,4.941700,10.156600,12.968900,1,2764,2764
5.149984,0,1,4,0,0,13.641000,4.085200,13.481400,12.949600,1,2764,2764
5.159584,0,1,4,0,0,9.772799,3.230800,9.322200,9.719800,1,2764,2764
5.168288,0,1,4,0,0,8.694697,2.864600,8.691000,9.395200,1,2764,2764
5.182683,0,1,4,0,0,14.315103,3.043300,14.203800,13.471700,1,2764,2764
5.195407,0,1,4,0,0,12.751099,3.536800,12.773500,11.670600,1,2764,2764
5.205808,0,1,4,0,0,10.509700,3.073400,10.510100,9.993200,1,2764,2764
5.218476,0,1,4,0,0,12.500100,3.555800,12.042800,13.624300,1,2764,2764
5.231794,0,1,4,0,0,13.335802,3.556900,13.250900,11.495400,1,2764,2764
5.245074,0,1,4,0,0,12.932099,3.265800,12.970600,15.230000,1,2764,2764
5.254593,0,1,4,0,0,10.014702,3.456300,9.952400,8.183800,1,2764,2764
5.265136,0,1,4,0,0,10.431297,3.375700,9.839100,11.657200,1,2764,2764
5.279784,0,1,4,0,0,14.609102,3.944800,14.446400,12.762100,1,2764,2764
5.290918,0,1,4,0,0,11.355698,3.208700,11.071400,11.381800,1,2764,2764
5.301784,0,1,4,0,0,10.712203,2.942100,10.618500,14.190600,1,2764,2764
5.317019,0,1,4,0,0,15.280999,3.382100,15.201400,13.490100,1,2764,2764
5.329040,0,1,4,0,0,12.013599,3.154100,11.986900,12.263500,1,2764,2764
5.339462,0,1,4,0,0,10.603402,3.209800,10.571700,12.161000,1,2764,2764
5.351500,0,1,4,0,0,11.818997,2.419700,11.714400,11.182100,1,2764,2764
5.367559,0,1,4,0,0,16.142801,3.247100,16.109301,13.346800,1,2764,2764
5.380490,0,1,4,0,0,12.921199,3.169900,12.878100,13.632500,1,2764,2764
5.390750,0,1,4,0,0,10.317702,3.755700,10.266600,11.733000,1,2764,2764
5.402685,0,1,4,0,0,11.861898,4.297000,11.768700,10.547200,1,2764,2764
5.414405,0,1,4,0,0,11.650701,3.296400,11.150200,11.243500,1,2764,2764
5.424128,0,1,4,0,0,9.828001,3.459300,9.820200,11.282500,1,2764,2764
5.436856,0,1,4,0,0,12.696401,4.594000,12.688400,12.416000,1,2764,2764
5.450580,0,1,4,0,0,13.648901,3.200600,13.571300,13.618100,1,2764,2764
5.460943,0,1,4,0,0,10.299198,2.947600,9.846900,11.600900,1,2764,2764
5.469256,0,1,4,0,0,8.478999,3.780700,8.439800,8.790000,1,2764,2764
5.482889,0,1,4,0,0,13.687503,3.393000,13.710300,12.718100,1,2764,2764
5.496616,0,1,4,0,0,13.402000,3.352600,12.456600,12.853300,1,2764,2764
5.503748,0,1,4,0,0,7.376898,3.373500,7.372900,8.153100,1,2764,2764
5.514461,0,1,4,0,0,10.673102,3.513400,10.480800,11.475900,1,2764,2764
5.530375,0,1,4,0,0,15.950498,3.320900,15.878700,14.624800,1,2764,2764
5.543064,0,1,4,0,0,12.629602,3.024000,12.639700,12.744700,1,2764,2764
5.553490,0,1,4,0,0,10.299999,3.046000,10.183000,10.506200,1,2764,2764
5.567949,0,1,4,0,0,14.675401,3.908800,13.598600,13.576200,1,2764,2764
5.582053,0,1,4,0,0,13.908200,3.017400,13.826300,13.279200,1,2764,2764
5.591676,0,1,4,0,0,9.358097,5.318700,9.215300,11.437000,1,2764,2764
5.603601,0,1,4,0,0,12.341902,3.401300,11.975500,12.861500,1,2764,2764
5.618779,0,1,4,0,0,15.106499,2.709900,15.058200,13.685700,1,2764,2764
5.633936,0,1,4,0,0,15.254200,3.109100,14.854500,14.147600,1,2764,2764
5.645695,0,1,4,0,0,11.708002,2.706200,11.369300,13.020200,1,2764,2764
5.657767,0,1,4,0,0,12.051299,3.008200,11.657200,11.485200,1,2764,2764
5.668639,0,1,4,0,0,10.800299,4.001000,10.645400,11.759600,1,2764,2764
5.682601,0,1,4,0,0,14.005300,4.407600,13.897300,11.577300,1,2764,2764
5.691770,0,1,4,0,0,9.240903,4.591200,9.223900,10.681400,1,2764,2764
5.702940,0,1,4,0,0,11.189498,3.504300,11.208500,11.982800,1,2764,2764
5.717288,0,1,4,0,0,14.271900,3.835800,14.200100,13.006900,1,2764,2764
5.730491,0,1,4,0,0,13.235800,3.535700,13.169000,12.403700,1,2764,2764
5.740477,0,1,4,0,0,10.120902,3.485600,10.071300,10.644500,1,2764,2764
5.753470,0,1,4,0,0,12.721900,3.088600,12.714800,12.902400,1,2764,2764
5.763037,0,1,4,0,0,9.693298,3.739700,9.473700,10.266600,1,2764,2764
5.774344,0,1,4,0,0,11.423402,3.398900,11.424900,11.566100,1,2764,2764
5.786881,0,1,4,0,0,12.462597,3.300400,12.404200,12.857300,1,2764,2764
5.799874,0,1,4,0,0,12.978300,3.038000,12.934300,12.830700,1,2764,2764
5.810910,0,1,4,0,0,11.027802,3.308800,11.036800,8.934400,1,2764,2764
5.822225,0,1,4,0,0,11.324499,3.994500,11.059500,11.541500,1,2764,2764
5.834264,0,1,4,0,0,11.459802,4.094800,10.931100,12.996600,1,3043,3043
5.845563,0,1,4,0,0,11.788398,3.839900,11.717700,12.430400,1,3043,3043
5.855273,0,1,4,0,0,9.729702,3.470300,9.734200,9.206800,1,3043,3043
5.869164,0,1,4,0,0,13.910897,4.020000,13.858600,14.053300,1,3043,3043
5.883232,0,1,4,0,0,14.125001,3.303900,14.101100,13.464600,1,3043,3043
5.893655,0,1,4,0,0,10.314301,3.119700,10.238900,10.486800,1,3043,3043
5.905298,0,1,4,0,0,11.850801,3.580200,11.831400,12.678100,1,3043,3043
5.919132,0,1,4,0,0,13.689100,3.395500,13.611700,12.701700,1,3043,3043
5.932542,0,1,4,0,0,13.389498,3.432300,13.037100,11.871300,1,3043,3043
5.939393,0,1,4,0,0,6.919201,3.608100,6.890200,8.266700,1,3043,3043
5.954268,0,1,4,0,0,14.939099,2.836500,14.914500,14.078000,1,3043,3043
5.966539,0,1,4,0,0,12.181700,3.342800,11.812100,13.955100,1,3043,3043
5.979625,0,1,4,0,0,13.120401,3.212500,13.050200,12.461000,1,3043,3043
5.992605,0,1,4,0,0,12.836799,3.071300,12.829200,12.063800,1,3043,3043
6.002514,0,1,4,0,0,10.006801,3.757000,9.924500,11.823100,1,3043,3043
6.016086,0,1,4,0,0,13.309799,3.435800,13.179500,11.733000,1,3043,3043
6.023879,0,1,4,0,0,8.131001,3.886000,8.160300,6.926300,1,3043,3043
6.037162,0,1,4,0,0,13.145902,3.592400,13.066300,13.161500,1,3043,3043
6.049424,0,1,4,0,0,11.916898,5.033900,11.792500,10.810300,1,3043,3043
6.060844,0,1,4,0,0,11.232599,4.376000,11.253600,13.967400,1,3043,3043
6.073323,0,1,4,0,0,13.213199,4.380000,13.157900,11.680800,1,3043,3043
6.085742,0,1,4,0,0,12.211002,3.712800,12.149700,12.654600,1,3043,3043
6.098277,0,1,4,0,0,12.489300,5.253300,12.471400,12.203000,1,3043,3043
6.105373,0,1,4,0,0,7.058199,4.034700,6.925700,8.375300,1,3043,3043
6.115067,0,1,4,0,0,9.798099,3.804000,9.870300,11.735000,1,3043,3043
6.129742,0,1,4,0,0,14.723201,3.601600,14.712200,13.674500,1,3043,3043
6.140795,0,1,4,0,0,11.155199,3.039100,11.120000,12.459000,1,3043,3043
6.152507,0,1,4,0,0,11.734702,2.882400,11.668500,10.858500,1,3043,3043
6.165327,0,1,4,0,0,12.706700,3.115800,12.635200,13.486100,1,3043,3043
6.177837,0,1,4,0,0,12.384001,3.003800,12.098400,12.377100,1,3043,3043
6.188912,0,1,4,0,0,11.237398,3.165800,11.158700,10.906600,1,3043,3043
6.202598,0,1,4,0,0,13.681002,3.183300,13.698400,12.704800,1,3043,3043
6.212974,0,1,4,0,0,10.331098,3.257300,10.272900,10.768400,1,3043,3043
6.226278,0,1,4,0,0,13.378702,3.429200,13.419200,12.735400,1,3043,3043
6.238923,0,1,4,0,0,12.656298,3.385500,12.347200,14.087200,1,3043,3043
6.251245,0,1,4,0,0,12.102000,2.968600,12.080000,11.608100,1,3043,3043
6.264563,0,1,4,0,0,13.322402,3.270500,13.143400,10.286100,1,3043,3043
6.274469,0,1,4,0,0,9.964001,3.830400,9.990300,11.684800,1,3043,3043
6.285675,0,1,4,0,0,11.186600,3.751100,11.085600,11.608100,1,3043,3043
6.298026,0,1,4,0,0,11.842899,3.673100,11.775200,11.700200,1,3043,3043
6.308090,0,1,4,0,0,10.707199,4.458900,10.589700,12.644400,1,3043,3043
6.321039,0,1,4,0,0,13.088699,3.235100,12.934600,12.105700,1,3043,3043
6.334392,0,1,4,0,0,13.160501,2.601000,13.100400,13.462500,1,3043,3043
6.348561,0,1,4,0,0,14.192000,3.111400,14.035800,13.605900,1,3043,3043
6.359046,0,1,4,0,0,10.485798,3.024400,10.487600,10.488900,1,3043,3043
6.369103,0,1,4,0,0,10.145303,3.161500,9.996800,11.241400,1,3043,3043
6.386354,0,1,4,0,0,17.193798,3.110700,17.136801,13.302800,1,3043,3043
6.397428,0,1,4,0,0,11.049800,3.369300,10.956400,12.123100,1,3043,3043
6.404595,0,1,4,0,0,7.152401,3.941000,7.176400,8.615000,1,3043,3043
6.419403,0,1,4,0,0,14.725302,3.382300,14.600100,12.473300,1,3043,3043
6.430876,0,1,4,0,0,11.578300,3.701200,11.573800,10.613800,1,3043,3043
6.439705,0,1,4,0,0,8.863699,3.732800,8.642000,11.853800,1,3043,3043
6.453903,0,1,4,0,0,14.151700,3.766000,14.332300,12.930000,1,3043,3043
6.467991,0,1,4,0,0,14.152601,3.396000,14.087500,15.383600,1,3043,3043
6.481182,0,1,4,0,0,12.837600,3.564000,12.256500,12.219400,1,3043,3043
6.490681,0,1,4,0,0,9.913899,4.106600,10.011100,10.752000,1,3043,3043
6.503612,0,1,4,0,0,12.550901,2.906400,12.441800,13.125600,1,3043,3043
6.517401,0,1,4,0,0,14.119699,3.576800,14.106400,12.741600,1,3043,3043
6.530416,0,1,4,0,0,12.405601,2.918200,12.079100,13.405200,1,3042,3042
6.538674,0,1,4,0,0,8.898899,3.477500,8.860900,10.044400,1,3042,3042
6.553537,0,1,4,0,0,14.722001,3.267400,14.671600,12.595200,1,3042,3042
6.568642,0,1,4,0,0,15.175100,3.154400,14.970000,15.613000,1,3042,3042
6.582195,0,1,4,0,0,13.458699,2.953100,13.283200,12.269500,1,3042,3042
6.591066,0,1,4,0,0,8.971601,3.289300,9.024400,8.265800,1,3042,3042
6.601864,0,1,4,0,0,10.715697,4.946900,10.615400,10.612700,1,3042,3042
6.613726,0,1,4,0,0,11.812702,4.308700,11.767800,13.641700,1,3042,3042
6.623147,0,1,4,0,0,9.534001,4.576600,9.527000,10.455100,1,3042,3042
6.638771,0,1,4,0,0,15.670497,3.380800,14.857500,14.731200,1,3042,3042
6.652358,0,1,4,0,0,13.548203,3.889100,13.591600,13.846600,1,3042,3042
6.665854,0,1,4,0,0,13.413400,3.153400,13.336400,13.500400,1,3042,3042
6.677147,0,1,4,0,0,11.307098,3.027200,11.207500,8.558600,1,3042,3042
6.685085,0,1,4,0,0,8.015100,3.940500,8.040900,11.492300,1,3042,3042
6.696916,0,1,4,0,0,11.784401,3.563500,11.485400,10.703900,1,3042,3042
6.709519,0,1,4,0,0,12.678802,3.571500,12.649000,13.427700,1,3042,3042
6.719531,0,1,4,0,0,9.919297,3.461800,9.894400,10.331100,1,3042,3042
6.733109,0,1,4,0,0,13.717603,3.023600,13.638700,13.459400,1,3042,3042
6.745939,0,1,4,0,0,12.224897,2.751100,11.685700,12.312600,1,3042,3042
6.757047,0,1,4,0,0,11.726301,3.601600,11.578300,8.467500,1,3042,3042
6.767135,0,1,4,0,0,9.222798,3.619100,9.258600,11.522000,1,3042,3042
6.779615,0,1,4,0,0,13.163600,4.588600,12.916100,12.924900,1,3042,3042
6.790013,0,1,4,0,0,10.403100,3.995200,10.424200,12.737600,1,3042,3042
6.803412,0,1,4,0,0,13.461701,3.360900,12.863000,12.167100,1,3042,3042
6.817292,0,1,4,0,0,13.908699,3.473200,13.957600,12.943400,1,3042,3042
6.829424,0,1,4,0,0,12.023099,2.958600,11.789100,11.596800,1,3042,3042
6.839031,0,1,4,0,0,9.615601,3.216200,9.394500,8.951800,1,3042,3042
6.850389,0,1,4,0,0,11.205703,3.715000,11.267500,12.705800,1,3042,3042
6.859088,0,1,4,0,0,8.891299,3.929200,8.927200,9.024500,1,3042,3042
6.871442,0,1,4,0,0,12.445297,3.399000,11.981500,13.264900,1,3042,3042
6.887390,0,1,4,0,0,15.634902,3.190900,15.456000,14.250000,1,3042,3042
6.905195,0,1,4,0,0,17.882702,4.214500,17.961300,15.178700,1,3042,3042
6.918447,0,1,4,0,0,13.412599,4.045900,13.319900,13.435900,1,3042,3042
6.932198,0,1,4,0,0,13.724901,3.884600,13.612100,15.840300,1,3042,3042
6.947329,0,1,4,0,0,15.066098,3.626300,15.072500,15.305700,1,3042,3042
6.963654,0,1,4,0,0,16.484503,4.544600,16.359501,17.063999,1,3042,3042
6.980166,0,1,4,0,0,16.340799,3.954000,16.025000,16.692200,1,3042,3042
6.999118,0,1,4,0,0,18.219698,3.981900,18.429300,17.115101,1,3042,3042
7.017837,0,1,4,0,0,19.303200,4.524700,18.242701,17.441799,1,3042,3042
7.034583,0,1,4,0,0,16.955200,4.791900,17.110399,17.041401,1,3042,3042
7.050858,0,1,4,0,0,16.247303,5.683300,16.168100,16.602100,1,3042,3042
7.067809,0,1,4,0,0,16.840197,5.911600,16.842300,16.145399,1,3042,3042
7.084153,0,1,4,0,0,16.303301,7.628700,16.236900,15.675400,1,3042,3042
7.097902,0,1,4,0,0,13.420101,4.914900,13.351000,15.301700,1,3042,3042
7.114062,0,1,4,0,0,16.172398,6.909100,16.050900,13.534200,1,3042,3042
7.126001,0,1,4,0,0,12.389902,5.959800,12.442100,15.272900,1,3042,3042
7.140665,0,1,4,0,0,14.829401,5.266300,14.746200,14.582800,1,3042,3042
7.155187,0,1,4,0,0,14.278498,4.610400,14.136900,13.593600,1,3042,3042
7.170497,0,1,4,0,0,15.347201,4.828300,15.295100,16.694300,1,3042,3042
7.184976,0,1,4,0,0,14.579601,3.731600,14.555800,12.536800,1,3042,3042
7.198347,0,1,4,0,0,13.354499,3.716700,13.134500,14.453800,1,3042,3042
7.210805,0,1,4,0,0,12.534399,3.869400,12.516700,13.916200,1,3042,3042
7.227566,0,1,4,0,0,16.197800,3.478600,16.076300,15.161300,1,3042,3042
7.244492,0,1,4,0,0,16.528099,4.176900,16.478600,16.144400,1,3042,3042
7.257070,0,1,4,0,0,13.450001,4.631600,13.395800,12.692500,1,3042,3042
7.270136,0,1,4,0,0,13.053101,4.032400,13.074400,14.928900,1,3042,3042
7.283078,0,1,4,0,0,12.988299,4.105400,12.862200,14.034900,1,3042,3042
7.305386,0,1,4,0,0,21.730501,4.108900,18.157200,13.173800,1,3042,3042
7.315331,0,1,4,0,0,10.353599,5.927800,13.414900,13.173800,1,3042,3042
7.328785,0,1,4,0,0,13.191201,4.801200,13.389400,15.657000,1,3042,3042
7.340863,0,1,4,0,0,12.416400,6.941600,12.109300,12.011500,1,3042,3042
7.354860,0,1,4,0,0,13.235301,4.200600,13.044600,13.762500,1,3040,3040
7.368293,0,1,4,0,0,14.367201,5.990700,14.314000,15.352900,1,3040,3040
7.384130,0,1,4,0,0,15.718699,4.214700,15.662300,14.244800,1,3040,3040
7.398066,0,1,4,0,0,13.885201,4.530500,13.848300,14.264400,1,3040,3040
7.410668,0,1,4,0,0,12.710501,4.834800,12.664600,12.472300,1,3040,3040
7.425681,0,1,4,0,0,15.021000,4.281100,15.007100,14.567400,1,3040,3040
7.440562,0,1,4,0,0,14.893599,3.831900,14.732600,13.927400,1,3040,3040
7.453572,0,1,4,0,0,12.950700,3.992700,12.706300,13.623300,1,3040,3040
7.467661,0,1,4,0,0,14.088701,4.152000,14.113000,13.536300,1,3040,3040
7.482352,0,1,4,0,0,13.722900,4.812700,13.020200,12.081100,1,3040,3040
7.494604,0,1,4,0,0,13.100200,5.819500,13.625500,16.898100,1,3040,3040
7.509351,0,1,4,0,0,14.964100,4.380800,14.911300,14.800900,1,3040,3040
7.524766,0,1,4,0,0,15.467301,3.960200,15.402800,15.084500,1,3040,3040
7.538326,0,1,4,0,0,13.445098,3.606300,12.760200,13.656100,1,3040,3040
7.552309,0,1,4,0,0,13.897601,6.026600,13.768800,13.348900,1,3040,3040
7.568763,0,1,4,0,0,16.482901,3.730500,16.466299,16.883699,1,3040,3040
7.588145,0,1,4,0,0,18.741798,4.241300,18.271500,11.087800,1,3040,3040
7.596821,0,1,4,0,0,9.337399,4.446700,9.276400,11.087800,1,3040,3040
7.607065,0,1,4,0,0,10.216102,3.837200,10.214100,13.124600,1,3040,3040
7.623438,0,1,4,0,0,16.222198,6.050600,16.163700,15.128600,1,3040,3040
7.638249,0,1,4,0,0,14.930901,4.992500,14.879300,15.419400,1,3040,3040
7.652713,0,1,4,0,0,14.530301,4.053700,14.425200,15.035400,1,3040,3040
7.666345,0,1,4,0,0,13.440103,3.439600,13.364000,14.052400,1,3040,3040
7.680076,0,1,4,0,0,13.878800,4.163600,13.830800,14.209000,1,3040,3040
7.694637,0,1,4,0,0,14.557898,4.153300,14.080600,13.644800,1,3040,3040
7.709651,0,1,4,0,0,15.131499,4.178900,14.913100,15.413300,1,3040,3040
7.723828,0,1,4,0,0,14.095500,3.544900,13.788000,13.414400,1,3040,3040
7.737308,0,1,4,0,0,13.513200,3.782000,13.425100,13.384700,1,3040,3040
7.750812,0,1,4,0,0,12.298201,4.416500,12.161000,12.845000,1,3040,3040
7.759445,0,1,4,0,0,9.865102,5.531800,9.977800,10.401800,1,3040,3040
7.774724,0,1,4,0,0,15.387300,4.055500,15.345500,13.355000,1,3040,3040
7.789370,0,1,4,0,0,14.454499,3.218100,14.239500,15.430700,1,3040,3040
7.806306,0,1,4,0,0,16.977900,5.054800,16.914600,15.779800,1,3040,3040
7.820944,0,1,4,0,0,13.968602,3.988000,13.900100,13.942800,1,3040,3040
7.832865,0,1,4,0,0,12.595698,4.590200,12.454900,14.756900,1,3040,3040
7.848969,0,1,4,0,0,15.988301,3.658600,15.853400,14.280700,1,3040,3040
7.862829,0,1,4,0,0,13.566498,4.913700,13.531400,12.902400,1,3040,3040
7.874071,0,1,4,0,0,11.546802,4.399200,11.501900,13.662200,1,3040,3040
7.887291,0,1,4,0,0,13.317499,4.193700,13.126700,11.758600,1,3040,3040
7.901908,0,1,4,0,0,14.395099,4.276900,14.117400,14.239700,1,3040,3040
7.917523,0,1,4,0,0,15.791002,4.609500,15.591600,16.770100,1,3040,3040
7.930796,0,1,4,0,0,13.068400,4.897600,13.052500,13.772800,1,3040,3040
7.943613,0,1,4,0,0,13.138000,4.671000,13.149100,12.765100,1,3040,3040
7.958279,0,1,4,0,0,14.819000,3.776800,14.785400,14.493700,1,3040,3040
7.969650,0,1,4,0,0,11.252899,2.788500,11.198700,13.348900,1,3040,3040
7.984005,0,1,4,0,0,14.183201,3.141300,14.010200,12.810200,1,3040,3040
7.995981,0,1,4,0,0,11.963997,2.867200,12.016500,12.600400,1,3040,3040
8.004258,0,1,4,0,0,8.305903,4.000300,8.247400,9.726900,1,3040,3040
8.013565,0,1,4,0,0,9.117398,3.295700,8.669000,8.544300,1,3040,3040
8.024949,0,1,4,0,0,11.782099,3.645900,11.801400,11.484200,1,3040,3040
8.038946,0,1,4,0,0,13.831903,3.169400,13.808200,13.709300,1,3040,3040
8.054630,0,1,4,0,0,15.125699,3.209600,14.998500,13.418500,1,3040,3040
8.066247,0,1,4,0,0,12.212198,4.699200,11.958900,13.605900,1,3040,3040
8.076443,0,1,4,0,0,10.280300,3.519200,10.366800,12.953600,1,3040,3040
8.089675,0,1,4,0,0,13.086401,2.818600,12.980000,10.740700,1,3040,3040
8.099027,0,1,4,0,0,9.377100,3.470900,9.336500,9.637900,1,3040,3040
8.111945,0,1,4,0,0,13.021000,3.012100,12.992000,12.780500,1,3040,3040
8.123479,0,1,4,0,0,11.477902,5.120300,11.433900,11.986000,1,3040,3040
8.135575,0,1,4,0,0,12.114898,4.183100,12.059200,12.234700,1,3040,3040
8.149218,0,1,4,0,0,13.488103,3.503000,12.306500,12.367900,1,3040,3040
8.159637,0,1,4,0,0,10.627098,3.599700,10.616400,11.454400,1,3040,3040
8.169902,0,1,4,0,0,10.210000,3.032500,10.136600,11.023400,1,3040,3040
8.183375,0,1,4,0,0,13.512902,2.441100,13.468800,13.274100,1,3040,3040
8.196240,0,1,4,0,0,12.690697,2.820200,12.558200,11.885600,1,3040,3040
8.206949,0,1,4,0,0,10.859903,3.215900,10.502100,11.835400,1,3040,3040
8.223065,0,1,4,0,0,16.081799,3.836000,16.074800,13.811700,1,3040,3040
8.238063,0,1,4,0,0,14.970798,2.871800,14.815300,14.418900,1,3040,3040
8.247763,0,1,4,0,0,9.371400,3.571700,9.349100,9.426000,1,3040,3040
8.254956,0,1,4,0,0,7.625900,4.086600,7.684600,9.421800,1,3040,3040
8.265991,0,1,4,0,0,10.884602,3.256200,10.768100,11.136000,1,3040,3040
8.280728,0,1,4,0,0,14.045000,3.293300,13.861000,13.274100,1,3040,3040
8.291709,0,1,4,0,0,11.871598,4.100600,11.827800,11.760600,1,3040,3040
8.306140,0,1,4,0,0,14.313802,3.456000,14.279200,14.087200,1,3040,3040
8.321116,0,1,4,0,0,14.948298,3.726400,14.852900,11.824100,1,3040,3040
8.330558,0,1,4,0,0,9.406801,3.890900,9.345800,9.685000,1,3040,3040
8.338971,0,1,4,0,0,8.470200,3.642800,8.282700,11.121700,1,3040,3040
8.350424,0,1,4,0,0,11.390701,3.433200,11.353600,10.923000,1,3040,3040
8.364146,0,1,4,0,0,13.761401,3.752000,13.642100,14.084100,1,3040,3040
8.376153,0,1,4,0,0,12.014098,3.164500,12.010400,12.775400,1,3040,3040
8.389973,0,1,4,0,0,13.812601,4.159600,13.762500,12.461100,1,3040,3040
8.400457,0,1,4,0,0,10.104697,4.073900,9.994100,10.617800,1,3040,3040
8.410403,0,1,4,0,0,10.380901,4.398500,10.257600,10.426400,1,3040,3040
8.423787,0,1,4,0,0,13.350301,4.105000,13.280700,12.813300,1,3040,3040
8.434074,0,1,4,0,0,10.240201,3.842700,10.234800,9.772000,1,3040,3040
8.445982,0,1,4,0,0,12.012198,3.730500,11.513500,13.418500,1,3040,3040
8.457452,0,1,4,0,0,11.363000,4.426600,11.331700,8.774600,1,3040,3040
8.466868,0,1,4,0,0,9.088900,3.521900,9.082300,7.852000,1,3040,3040
8.477783,0,1,4,0,0,11.312500,4.103600,11.263200,9.615400,1,3040,3040
8.487391,0,1,4,0,0,9.356800,3.538700,9.185200,10.723300,1,3040,3040
8.498103,0,1,4,0,0,10.971300,4.712700,11.038800,14.131200,1,3040,3040
8.511213,0,1,4,0,0,13.021399,3.931500,12.894100,13.117500,1,3040,3040
8.530694,1,1,4,31,4,16.223103,3.876300,12.392600,14.557200,1,15068,15068
8.550497,1,1,8,31,4,23.026197,22.549400,12.392600,10.616800,1,15068,15068
8.560370,1,1,8,31,4,9.461202,4.456300,12.355500,10.616800,1,15068,15068
8.571052,1,1,8,31,4,10.673900,4.989800,10.559100,10.933300,1,15068,15068
8.581067,1,1,8,31,4,9.698897,4.429100,9.258600,10.933300,1,15068,15068
8.592412,1,1,8,31,4,11.953100,4.874500,11.717100,12.542900,1,15068,15068
8.605700,1,1,8,31,4,13.203003,4.455900,13.422200,12.392500,1,15068,15068
8.615657,1,1,8,31,4,10.048300,4.759300,9.876800,8.479700,1,15068,15068
8.626980,1,1,8,31,4,10.879699,7.600200,10.579100,14.797800,1,15068,15068
8.640837,1,1,8,31,4,12.641602,4.478800,12.783300,12.100700,1,15455,15455
8.653714,1,1,8,31,4,14.521100,5.943600,14.481100,13.779900,1,15455,15455
8.667349,1,1,8,31,4,13.115797,5.391300,12.973400,12.948500,1,15455,15455
8.676093,1,1,8,31,4,9.132203,4.705000,9.148600,6.963200,1,15455,15455
8.684900,1,1,8,31,4,8.758098,4.167600,8.712500,11.467800,1,15455,15455
8.698292,1,1,8,31,4,13.081502,4.156200,12.877600,14.112700,1,15455,15455
8.712982,1,1,8,31,4,14.707100,5.067300,13.861500,14.616600,1,15455,15455
8.730273,1,1,8,31,4,17.799999,4.598700,18.146900,12.010500,1,15455,15455
8.740498,1,1,8,31,4,10.181099,4.741200,9.593200,13.697000,1,15455,15455
8.750508,1,1,8,31,4,9.929601,4.795100,10.514900,12.363800,1,15455,15455
8.764645,1,1,8,31,4,11.579000,3.932900,11.458400,10.197000,1,17359,17359
8.772237,1,1,8,31,4,10.244802,6.980600,10.364300,10.197000,1,17359,17359
8.782097,1,1,8,31,4,9.798099,4.829000,9.723100,7.538700,1,17359,17359
8.793777,1,1,8,31,4,11.711400,4.082400,11.666100,14.333900,1,17359,17359
8.806932,1,1,8,31,4,13.248101,3.785300,13.204900,14.462000,1,17359,17359
8.821475,1,1,8,31,4,14.615200,3.748200,14.569000,13.092900,1,17359,17359
8.835644,1,1,8,31,4,14.138699,4.020400,14.152400,13.297600,1,17359,17359
8.845744,1,1,8,31,4,10.011900,3.863700,9.873700,9.748500,1,17359,17359
8.855839,1,1,8,31,4,10.036800,4.614100,9.985200,11.076600,1,17359,17359
8.869253,1,1,8,31,4,12.977399,4.658900,12.874300,14.067700,1,17359,17359
8.881563,1,1,8,31,4,10.300699,4.575400,10.317400,10.158000,1,18217,18217
8.891123,1,1,8,31,4,12.110401,11.940800,12.107600,10.158000,1,18217,18217
8.904546,1,1,8,31,4,12.370799,4.201500,11.983100,13.184000,1,18217,18217
8.916712,1,1,8,31,4,13.129502,6.020500,13.408300,16.237600,1,18217,18217
8.930362,1,1,8,31,4,13.721198,4.228700,13.680100,14.322700,1,18217,18217
8.945593,1,1,8,31,4,14.869000,5.281400,14.655500,14.534700,1,18217,18217
8.958906,1,1,8,31,4,13.511300,4.101000,13.483100,13.124600,1,18217,18217
8.971152,1,1,8,31,4,12.134399,4.027300,12.122800,13.001700,1,18217,18217
8.981795,1,1,8,31,4,10.848600,4.144500,10.815000,7.202800,1,18217,18217
8.996455,1,1,8,31,4,11.913400,3.820800,10.948800,13.699100,1,19812,19812
9.002946,1,1,8,31,4,9.378601,8.971200,9.347100,13.699100,1,19812,19812
9.016934,1,1,8,31,4,13.499100,3.711800,13.316800,14.387200,1,19812,19812
9.030945,1,1,8,31,4,14.290098,5.739700,14.366600,14.065600,1,19812,19812
9.046476,1,1,8,31,4,15.388000,3.791700,15.192600,13.662200,1,19812,19812
9.056402,1,1,8,31,4,10.199502,3.675500,10.126100,11.238400,1,19812,19812
9.071298,1,1,8,31,4,14.711097,5.352500,14.667800,14.817300,1,19812,19812
9.081175,1,1,8,31,4,9.285502,4.213600,9.023300,7.754800,1,19812,19812
9.093343,1,1,8,31,4,13.046202,5.034300,13.000100,13.616100,1,19812,19812
9.111773,1,1,8,31,4,14.902998,4.624800,14.863300,15.120400,1,19812,19812
9.122439,1,1,8,31,4,14.107499,8.462700,14.094700,14.742500,1,19812,19812
9.136725,1,1,8,31,4,14.284101,9.027700,14.178500,14.722100,1,19812,19812
9.149827,1,1,8,31,4,13.116501,3.815000,13.042000,13.323200,1,19812,19812
9.165892,1,1,8,31,4,15.913502,3.675900,15.864300,16.525299,1,19812,19812
9.181218,1,1,8,31,4,15.364799,3.660500,15.155000,13.461500,1,19812,19812
9.196289,1,1,8,31,4,15.206099,4.944800,15.227200,17.332300,1,19812,19812
9.215974,1,1,8,31,4,19.783899,4.593000,19.543301,19.767300,1,19812,19812
9.238493,1,1,8,31,4,19.730299,4.338500,18.434000,18.991100,1,19812,19812
9.255163,1,1,8,31,4,19.375000,6.273900,19.295900,17.950701,1,19812,19812
9.270660,1,1,8,31,4,15.502900,5.269800,15.446600,15.997900,1,19812,19812
9.286585,1,1,8,31,4,15.507802,3.436000,15.392100,15.782900,1,19812,19812
9.302092,1,1,8,31,4,15.943598,4.092700,15.905700,15.669300,1,19812,19812
9.318780,1,1,8,31,4,16.635801,5.760500,16.331200,15.646700,1,19812,19812
9.334547,1,1,8,31,4,15.618101,3.572000,13.439500,15.948800,1,19812,19812
9.355125,1,1,8,31,4,19.904800,6.138300,21.998699,14.749700,1,19812,19812
9.372567,1,1,8,31,4,13.231899,7.526900,13.094800,10.178600,1,19812,19812
9.382138,1,1,8,31,4,13.780598,10.443100,13.895800,10.178600,1,19812,19812
9.391404,1,1,8,31,4,10.062001,5.112300,9.900900,12.653500,1,19812,19812
9.404677,1,1,8,31,4,12.864400,9.016400,11.195500,17.613800,1,19812,19812
9.414428,1,1,8,31,4,9.840500,6.727100,10.610900,17.613800,1,19812,19812
9.429837,1,1,8,31,4,15.789099,4.504100,15.915100,15.333400,1,19812,19812
9.446996,1,1,8,31,4,16.963999,6.350000,16.222601,16.672701,1,19812,19812
9.467156,1,1,8,31,4,17.173502,4.865500,17.172501,15.412300,1,19812,19812
9.478188,1,1,8,31,4,14.315199,8.474700,14.296200,16.398300,1,19812,19812
9.495073,1,1,8,31,4,16.332001,3.565600,16.226400,15.000600,1,19812,19812
9.508252,1,1,8,31,4,13.502698,4.178200,13.433700,14.540800,1,19812,19812
9.520147,1,1,8,31,4,12.081701,3.874400,12.132300,14.011400,1,19812,19812
9.535061,1,1,8,31,4,14.841899,3.547000,14.489100,14.716900,1,19812,19812
9.550665,1,1,8,31,4,15.645001,3.133100,15.533400,15.888400,1,19812,19812
9.567915,1,1,8,31,4,17.049297,3.723600,16.909901,16.913401,1,19812,19812
9.586975,1,1,8,31,4,16.534903,4.072000,16.292200,15.436800,1,19822,19822
9.599175,1,1,8,31,4,14.888398,6.727800,14.656600,14.583800,1,19822,19822
9.612967,1,1,8,31,4,13.724800,3.195500,13.589100,14.429200,1,19822,19822
9.627556,1,1,8,31,4,14.706101,3.882200,14.774100,13.659100,1,19822,19822
9.642979,1,1,8,31,4,15.309300,7.841400,14.826700,15.733800,1,19822,19822
9.656511,1,1,8,31,4,13.542898,3.829600,13.660300,14.469100,1,19822,19822
9.671004,1,1,8,31,4,14.617603,4.191700,14.105000,15.203300,1,19822,19822
9.690159,1,1,8,31,4,17.003298,3.367000,16.911699,16.178200,1,19827,19827
9.702016,1,1,8,31,4,13.893902,6.169700,13.627400,14.842900,1,19827,19827
9.717532,1,1,8,31,4,15.596498,3.856200,15.020200,14.458800,1,19827,19827
9.732629,1,1,8,31,4,15.054099,3.809300,15.003200,15.770700,1,19827,19827
9.748239,1,1,8,31,4,15.507002,3.490600,15.421900,13.448200,1,19827,19827
9.762548,1,1,8,31,4,14.358800,4.061200,14.312300,15.683500,1,19827,19827
9.776039,1,1,8,31,4,13.444402,4.069300,13.163700,14.410700,1,19827,19827
9.792253,1,1,8,31,4,16.074299,3.821300,15.707000,13.486100,1,19827,19827
9.808370,1,1,8,31,4,12.636300,4.328300,12.656000,13.105200,1,20015,20015
9.819149,1,1,8,31,4,14.699098,8.284800,14.646700,14.761900,1,20015,20015
9.830302,1,1,8,31,4,10.955799,4.188900,10.592900,13.986900,1,20015,20015
9.845576,1,1,8,31,4,15.291400,2.841000,15.063900,15.563700,1,20015,20015
9.860762,1,1,8,31,4,15.176199,2.819200,14.837100,14.826500,1,20015,20015
9.875216,1,1,8,31,4,14.386904,3.045200,14.363400,15.127600,1,20015,20015
9.895114,1,1,8,31,4,19.960098,2.822400,19.748600,16.074699,1,20015,20015
9.910372,1,1,8,31,4,15.292902,3.040100,15.280200,16.462900,1,20015,20015
9.927880,1,1,8,31,4,14.483597,3.303600,14.434500,15.124500,1,20367,20367
9.939062,1,1,8,31,4,14.166400,6.134200,14.092800,14.687200,1,20367,20367
9.956548,1,1,8,31,4,17.553303,3.300000,17.161301,16.439301,1,20367,20367
9.971631,1,1,8,31,4,15.050597,3.486100,14.921400,16.706499,1,20367,20367
9.987978,1,1,8,31,4,16.198198,3.403000,16.125099,14.381100,1,20367,20367
10.001058,1,1,8,31,4,13.201401,3.590400,13.091200,14.867500,1,20367,20367
10.017966,1,1,8,31,4,16.888802,7.673600,16.855801,14.512100,1,20367,20367
10.031791,1,1,8,31,4,13.696499,4.197700,13.573700,13.705200,1,20367,20367
10.047998,1,1,8,31,4,13.546102,3.719800,13.592800,14.282800,1,20550,20550
10.060198,1,1,8,31,4,15.014500,7.220500,14.936900,14.708700,1,20550,20550
10.074598,1,1,8,31,4,14.453400,4.247000,14.117400,15.324200,1,20550,20550
10.089772,1,1,8,31,4,14.910098,3.304300,14.895600,14.425000,1,20550,20550
10.100999,1,1,8,31,4,11.526700,3.555100,11.473400,14.184500,1,20550,20550
10.116645,1,1,8,31,4,15.602302,3.112400,15.552100,14.336000,1,20550,20550
10.133118,1,1,8,31,4,16.408201,3.462300,16.261600,15.717400,1,20550,20550
10.148853,1,1,8,31,4,15.750997,7.347200,15.776500,14.817200,1,20550,20550
10.163615,1,1,8,31,4,13.074502,3.656000,13.068200,15.231000,1,21424,21424
10.178139,1,1,8,31,4,16.061197,5.114800,15.712200,15.816700,1,21424,21424
10.192550,1,1,8,31,4,14.620003,3.572300,14.551000,13.368300,1,21424,21424
10.207545,1,1,8,31,4,14.749300,2.976500,14.227900,14.809100,1,21424,21424
10.223798,1,1,8,31,4,16.412601,3.623100,16.482599,14.769200,1,21424,21424
10.239547,1,1,8,31,4,15.829999,3.549100,15.529300,17.299400,1,21424,21424
10.253247,1,1,8,31,4,13.798598,3.244300,13.761700,14.448700,1,21424,21424
10.267352,1,1,8,31,4,14.066000,3.497700,13.710300,15.065100,1,21424,21424
10.289485,1,1,8,31,4,18.556002,3.065000,18.165100,15.177700,1,22986,22986
10.298907,1,1,8,31,4,12.742899,7.482300,12.891500,13.495300,1,22986,22986
10.311466,1,1,8,31,4,12.711998,3.676700,12.595700,15.420400,1,22986,22986
10.326717,1,1,8,31,4,15.134200,3.031500,14.847100,15.028300,1,22986,22986
10.342140,1,1,8,31,4,15.474502,3.222900,15.424400,14.503900,1,22986,22986
10.360567,1,1,8,31,4,18.459599,3.266400,18.428600,16.049101,1,22986,22986
10.373967,1,1,8,31,4,13.329301,4.437400,13.264200,15.238200,1,22986,22986
10.392451,1,1,8,31,4,16.301996,3.663800,16.308500,9.957300,1,22993,22993
10.397730,1,1,8,31,4,7.516101,6.363200,7.470300,9.957300,1,22993,22993
10.413242,1,1,8,31,4,15.483200,3.707500,15.422000,14.176300,1,22993,22993
10.425698,1,1,8,31,4,12.563098,3.205400,12.259300,14.470100,1,22993,22993
10.440392,1,1,8,31,4,14.566402,2.987700,14.541600,14.514200,1,22993,22993
10.454365,1,1,8,31,4,13.997998,3.405200,13.961900,14.292000,1,22993,22993
10.465863,1,1,8,31,4,11.601399,3.297800,11.588400,12.056500,1,22993,22993
10.480662,1,1,8,31,4,14.549300,3.022600,14.460700,13.701200,1,22993,22993
10.489100,1,1,8,31,4,8.702501,4.243400,8.699700,8.541200,1,22993,22993
10.507017,1,1,8,31,4,14.975298,3.292500,14.783400,14.904300,1,22996,22996
10.516098,1,1,8,31,4,11.930302,6.792400,11.803500,12.988400,1,22996,22996
10.531056,1,1,8,31,4,15.017498,3.566500,15.023300,15.029200,1,22996,22996
10.546198,1,1,8,31,4,15.092701,3.042100,15.040400,12.999700,1,22996,22996
10.558608,1,1,8,31,4,12.387403,3.099700,12.305500,11.843600,1,22996,22996
10.570256,1,1,8,31,4,11.820600,4.639500,11.841200,13.427700,1,22996,22996
10.583613,1,1,8,31,4,13.031301,3.588100,12.939800,12.684300,1,22996,22996
10.592308,1,1,8,31,4,8.632500,3.991400,8.463400,6.135800,1,22996,22996
10.602545,1,1,8,31,4,10.648899,4.127900,10.662000,13.713400,1,22996,22996
10.617550,1,1,8,31,4,14.544100,3.127500,14.365600,15.010800,1,22996,22996
10.635533,1,1,8,31,4,15.542302,3.911300,15.359200,14.577700,1,22997,22997
10.645904,1,1,8,31,4,12.820099,12.237200,11.903100,9.669600,1,22997,22997
10.655948,1,1,8,31,4,10.370702,4.846600,10.771400,13.174800,1,22997,22997
10.668539,1,1,8,31,4,12.504097,3.359600,12.313800,14.377000,1,22997,22997
10.682852,1,1,8,31,4,14.054402,4.302500,13.899000,12.527600,1,22997,22997
10.691071,1,1,8,31,4,8.447598,3.708900,8.365300,5.441500,1,22997,22997
10.699894,1,1,8,31,4,8.926399,3.751300,8.896300,12.809200,1,22997,22997
10.715489,1,1,8,31,4,14.825802,3.899700,14.750900,13.893700,1,22997,22997
10.728997,1,1,8,31,4,14.243800,4.501900,13.691200,13.923300,1,22997,22997
10.744396,1,1,8,31,4,12.123999,4.509800,12.385000,12.939300,1,22998,22998
10.755772,1,1,8,31,4,14.732800,6.913200,14.655300,12.817400,1,22998,22998
10.767935,1,1,8,31,4,12.143600,3.547200,12.038600,12.821500,1,22998,22998
10.778621,1,1,8,31,4,10.421697,3.800100,10.436900,13.560800,1,22998,22998
10.787682,1,1,8,31,4,9.277802,3.376000,9.171500,7.225400,1,22998,22998
10.795668,1,1,8,31,4,7.967498,2.988400,8.026400,8.978400,1,22998,22998
10.809216,1,1,8,31,4,13.509400,2.798600,13.443200,12.899300,1,22998,22998
10.823268,1,1,8,31,4,14.183000,3.308000,13.840500,15.237100,1,22998,22998
10.838367,1,1,8,31,4,15.046302,3.096400,14.945800,13.655100,1,22998,22998
10.851988,1,1,8,31,4,13.817098,3.397300,13.790000,13.577200,1,22998,22998
10.865254,1,1,8,31,4,11.303403,3.043100,11.294700,13.586400,1,23170,23170
10.876912,1,1,8,31,4,13.204299,5.212400,12.679300,12.006400,1,23170,23170
10.887463,1,1,8,31,4,10.787800,3.971600,10.788300,8.395800,1,23170,23170
10.895681,1,1,8,31,4,8.136101,3.918000,8.062200,9.405400,1,23170,23170
10.910045,1,1,8,31,4,14.403500,2.995600,14.377200,14.367800,1,23170,23170
10.925035,1,1,8,31,4,14.985800,3.442300,14.860600,13.791200,1,23170,23170
10.935752,1,1,8,31,4,10.917399,3.007900,10.919600,14.293000,1,23170,23170
10.950460,1,1,8,31,4,14.372003,2.601400,14.178200,12.448800,1,23170,23170
10.964417,1,1,8,31,4,13.978999,3.350900,14.108600,14.680000,1,23170,23170
10.982884,1,1,8,31,4,15.344400,3.403600,15.340500,6.385600,1,23342,23342
10.988782,1,1,8,31,4,9.196401,9.123900,8.991200,6.385600,1,23342,23342
10.996349,1,1,8,31,4,7.476498,3.374200,7.589500,7.952400,1,23342,23342
11.008485,1,1,8,31,4,12.075700,4.029600,11.258400,13.341700,1,23342,23342
11.023587,1,1,8,31,4,15.196301,3.742300,15.052100,15.163400,1,23342,23342
11.037325,1,1,8,31,4,13.695500,3.250900,13.673100,13.374500,1,23342,23342
11.051262,1,1,8,31,4,13.731699,4.329900,13.690300,13.641700,1,23342,23342
11.065561,1,1,8,31,4,13.582300,4.427900,13.440100,13.121500,1,23342,23342
11.073998,1,1,8,31,4,9.481899,5.607400,9.526700,10.849300,1,23342,23342
11.086485,1,1,8,31,4,12.308400,4.315700,11.808300,10.743800,1,23342,23342
11.100414,1,1,8,31,4,9.571898,4.561200,9.958200,12.880900,1,23687,23687
11.106053,1,1,8,31,4,10.061502,9.046100,10.042200,12.880900,1,23687,23687
11.118777,1,1,8,31,4,12.805998,4.043700,12.760100,13.345800,1,23687,23687
11.133256,1,1,8,31,4,14.515300,4.473100,14.450500,15.220700,1,23687,23687
11.145436,1,1,8,31,4,12.081500,3.684100,12.041300,12.373000,1,23687,23687
11.162291,1,1,8,31,4,16.872902,8.025800,16.794300,16.163900,1,23687,23687
11.174783,1,1,8,31,4,12.518499,3.435300,12.482800,12.955600,1,23687,23687
11.188146,1,1,8,31,4,12.705900,2.865200,12.468600,12.917800,1,23687,23687
11.198961,1,1,8,31,4,11.489902,4.742800,11.625800,11.322300,1,23687,23687
11.215967,1,1,8,31,4,13.403400,3.067000,13.370300,13.982800,1,23687,23687
11.225835,1,1,8,31,4,13.324898,7.522700,13.279100,13.603800,1,23687,23687
11.243084,1,1,8,31,4,17.297701,3.808300,17.223000,15.259600,1,23687,23687
11.256045,1,1,8,31,4,13.002898,3.394200,12.694500,15.450200,1,23687,23687
11.270015,1,1,8,31,4,14.143803,3.290400,14.124600,13.150200,1,23687,23687
11.285860,1,1,8,31,4,14.610801,3.396400,14.525500,6.662100,1,23687,23687
11.293760,1,1,8,31,4,8.928596,4.307000,8.866200,6.662100,1,23687,23687
11.300905,1,1,8,31,4,7.254202,3.566300,7.323400,12.074000,1,23687,23687
11.313591,1,1,8,31,4,12.550499,3.048700,12.432500,12.851200,1,23687,23687
11.330932,1,1,8,31,4,15.234601,3.394000,15.237000,14.198800,1,23863,23863
11.343992,1,1,8,31,4,15.159499,5.873600,14.747200,14.723000,1,23863,23863
11.356986,1,1,8,31,4,12.923401,3.065400,11.581700,12.376100,1,23863,23863
11.369006,1,1,8,31,4,12.305901,3.915000,11.996800,14.279700,1,23863,23863
11.383571,1,1,8,31,4,14.175098,3.282300,14.141700,13.584400,1,23863,23863
11.392510,1,1,8,31,4,9.088300,3.369500,9.010300,6.439900,1,23863,23863
11.400228,1,1,8,31,4,7.812500,3.962100,7.687200,8.375300,1,23863,23863
11.411344,1,1,8,31,4,11.097603,3.332000,11.103700,13.896700,1,23863,23863
11.430040,1,1,8,31,4,18.834900,3.615500,18.840799,18.261999,1,23863,23863
11.454404,1,1,8,31,4,20.619099,3.370500,20.343500,19.802099,1,23866,23866
11.468114,1,1,8,31,4,17.407101,8.277000,17.597500,17.029200,1,23866,23866
11.485650,1,1,8,31,4,17.372299,3.614000,17.292500,16.287701,1,23866,23866
11.499525,1,1,8,31,4,14.053900,3.122100,13.995900,16.571400,1,23866,23866
11.515961,1,1,8,31,4,16.322102,3.011300,16.286100,15.888400,1,23866,23866
11.530262,1,1,8,31,4,14.378198,3.228600,14.048900,15.224800,1,23866,23866
11.548241,1,1,8,31,4,17.851501,3.950100,17.653000,15.845400,1,23866,23866
11.566879,1,1,8,31,4,15.591398,3.439200,15.632200,16.387100,1,23866,23866
11.580715,1,1,8,31,4,16.615101,6.865600,16.547199,16.095200,1,23866,23866
11.596845,1,1,8,31,4,16.499203,4.132200,15.953800,16.535500,1,23866,23866
11.612125,1,1,8,31,4,15.276797,4.524600,14.897600,14.765100,1,23866,23866
11.627709,1,1,8,31,4,15.591901,3.221000,15.574200,16.937000,1,23866,23866
11.643876,1,1,8,31,4,15.797801,3.705800,15.751400,15.481800,1,23866,23866
11.660379,1,1,8,31,4,16.716000,3.692900,16.566999,15.007800,1,23866,23866
11.674266,1,1,8,31,4,14.077999,7.147500,14.021200,16.070601,1,23866,23866
11.692729,1,1,8,31,4,14.896199,3.829600,14.845500,11.623400,1,23873,23873
11.700488,1,1,8,31,4,11.304703,7.738700,11.308700,11.623400,1,23873,23873
11.716610,1,1,8,31,4,16.059000,3.413600,16.035801,16.151501,1,23873,23873
11.733151,1,1,8,31,4,16.583801,3.297700,15.588300,15.154200,1,23873,23873
11.746402,1,1,8,31,4,13.154097,3.433700,12.971700,16.011299,1,23873,23873
11.761781,1,1,8,31,4,15.320502,3.596900,14.849300,16.008200,1,23873,23873
11.777955,1,1,8,31,4,15.876800,3.151700,15.739100,15.353800,1,23873,23873
11.795968,1,1,8,31,4,16.407602,3.952500,15.810100,14.874700,1,23888,23888
11.808967,1,1,8,31,4,15.023198,5.912400,14.767400,16.395201,1,23888,23888
11.824003,1,1,8,31,4,14.971100,3.048200,14.893000,15.411200,1,23888,23888
11.839572,1,1,8,31,4,15.476201,3.079400,15.014900,15.312900,1,23888,23888
11.857603,1,1,8,31,4,18.277500,3.184400,17.268900,17.265699,1,23888,23888
11.872510,1,1,8,31,4,14.935300,3.306800,14.901700,15.436800,1,23888,23888
11.889757,1,1,8,31,4,17.022800,3.250400,16.989599,15.798300,1,23888,23888
11.909593,1,1,8,31,4,16.628300,3.007800,16.477301,17.080299,1,23894,23894
11.922119,1,1,8,31,4,15.938301,7.805500,15.977100,16.312300,1,23894,23894
11.935645,1,1,8,31,4,13.451099,3.599500,13.452400,14.566400,1,23894,23894
11.952213,1,1,8,31,4,16.579203,3.201600,16.321600,15.570900,1,23894,23894
11.968940,1,1,8,31,4,16.809698,3.077100,16.749001,17.251400,1,23894,23894
11.984176,1,1,8,31,4,14.725398,2.879500,14.481700,14.786500,1,23894,23894
11.999167,1,1,8,31,4,15.394103,3.571200,15.317300,13.804600,1,23894,23894
12.015181,1,1,8,31,4,16.041897,3.259300,16.018299,16.322500,1,23894,23894
12.031813,1,1,8,31,4,14.613603,2.833400,14.596800,15.891500,1,23894,23894
12.044818,1,1,8,31,4,14.718201,5.096500,14.672600,14.689300,1,23894,23894
12.062157,1,1,8,31,4,17.612700,3.752600,17.586800,16.451599,1,23894,23894
12.076795,1,1,8,31,4,14.498498,3.471400,14.442500,14.488600,1,23894,23894
12.090826,1,1,8,31,4,14.041402,4.644700,13.647600,15.030200,1,23894,23894
12.106290,1,1,8,31,4,15.548401,3.870400,15.326800,15.902700,1,23894,23894
12.123495,1,1,8,31,4,17.351999,3.421400,16.808001,16.698400,1,23894,23894
12.141487,1,1,8,31,4,15.462298,3.418400,15.417400,15.518700,1,23875,23875
12.154876,1,1,8,31,4,15.782002,10.018300,15.178200,15.682600,1,23875,23875
12.171692,1,1,8,31,4,16.914997,4.327200,16.882000,15.704100,1,23875,23875
12.188222,1,1,8,31,4,16.277403,6.453600,16.196501,15.639500,1,23875,23875
12.200852,1,1,8,31,4,12.916100,4.259000,12.865800,12.608500,1,23875,23875
12.215060,1,1,8,31,4,14.131200,3.796800,14.014700,15.780900,1,23875,23875
12.230322,1,1,8,31,4,15.279799,2.990000,15.288600,15.649800,1,23875,23875
12.246055,1,1,8,31,4,15.652299,3.537400,15.377000,16.610300,1,23875,23875
12.265213,1,1,8,31,4,17.214600,3.813800,16.030001,15.817700,1,23881,23881
12.279114,1,1,8,31,4,15.455000,5.727400,15.337400,16.299000,1,23881,23881
12.293397,1,1,8,31,4,14.585503,3.833800,13.993300,14.416900,1,23881,23881
12.314703,1,1,8,31,4,21.417101,4.046400,21.276501,15.577100,1,23881,23881
12.327497,1,1,8,31,4,12.895498,3.903400,12.739100,15.781800,1,23881,23881
12.341824,1,1,8,31,4,14.209099,5.444900,14.048700,15.098900,1,23881,23881
12.368081,1,1,8,31,4,22.169399,5.022000,21.776600,16.048100,1,23881,23881
12.373904,1,1,8,31,4,10.219801,9.263200,10.371100,16.048100,1,23881,23881
12.391794,1,1,8,31,4,13.479098,4.714700,12.928500,9.512000,1,23883,23883
12.398227,1,1,8,31,4,10.666300,10.591900,8.946700,7.065600,1,23883,23883
12.406916,1,1,8,31,4,8.817501,3.722600,10.722500,7.065600,1,23883,23883
12.420573,1,1,8,31,4,13.009399,3.733200,12.311600,15.627200,1,23883,23883
12.438045,1,1,8,31,4,17.769400,3.984800,17.637501,17.468399,1,23883,23883
12.454275,1,1,8,31,4,16.184200,3.728500,16.005501,15.859800,1,23883,23883
12.470458,1,1,8,31,4,16.425602,4.558700,16.537300,16.332800,1,23883,23883
12.486114,1,1,8,31,4,15.551999,3.623200,15.421900,16.180201,1,23883,23883
12.505983,1,1,8,31,4,16.454998,4.274200,16.364401,16.044001,1,23883,23883
12.517318,1,1,8,31,4,14.839500,10.539100,14.778900,15.597600,1,23883,23883
12.534802,1,1,8,31,4,17.440104,4.020400,16.422001,15.983600,1,23883,23883
12.548369,1,1,8,31,4,13.563498,3.883900,13.576000,15.211500,1,23883,23883
12.565950,1,1,8,31,4,17.527100,4.056500,17.295601,17.181700,1,23883,23883
12.581756,1,1,8,31,4,16.005199,4.499400,15.907500,16.817200,1,23883,23883
12.599622,1,1,8,31,4,17.409203,3.697200,17.324200,15.793100,1,23883,23883
12.610890,1,1,8,31,4,11.414297,4.647900,11.143200,11.988000,1,23883,23883
12.630128,1,1,8,31,4,16.238302,4.456600,16.402000,15.695900,1,23888,23888
12.640722,1,1,8,31,4,13.796900,7.249000,13.704200,15.050700,1,23888,23888
12.655715,1,1,8,31,4,15.048899,4.529000,14.880900,13.485100,1,23888,23888
12.666022,1,1,8,31,4,10.209002,3.674600,9.943600,13.326300,1,23888,23888
12.682530,1,1,8,31,4,16.603600,3.559800,16.614201,14.949400,1,23888,23888
12.697459,1,1,8,31,4,14.639001,6.762000,14.541900,6.779900,1,23888,23888
12.705808,1,1,8,31,4,8.551698,4.131700,8.495000,6.779900,1,23888,23888
12.718106,1,1,8,31,4,11.762400,3.458000,11.641000,15.397900,1,23888,23888
12.732542,1,1,8,31,4,12.844701,4.576300,12.882800,14.137300,1,23904,23904
12.744221,1,1,8,31,4,13.939001,6.971200,13.900800,14.734300,1,23904,23904
12.759242,1,1,8,31,4,15.041400,3.180400,15.008400,14.132300,1,23904,23904
12.772510,1,1,8,31,4,13.200500,2.871900,13.125200,13.909000,1,23904,23904
12.787501,1,1,8,31,4,14.565602,3.023800,14.209600,13.940700,1,23904,23904
12.795525,1,1,8,31,4,8.417997,3.849400,8.458500,8.408100,1,23904,23904
12.812166,1,1,8,31,4,16.661301,2.966000,16.192301,13.185000,1,23904,23904
12.826415,1,1,8,31,4,14.004801,3.544800,13.889900,13.039600,1,23904,23904
12.837670,1,1,8,31,4,11.473499,4.180000,11.252100,14.666800,1,23904,23904
12.854649,1,1,8,31,4,11.547503,4.415200,11.469500,13.069300,1,23904,23904
12.860720,1,1,8,31,4,11.620701,9.452000,11.558500,13.069300,1,23904,23904
12.874637,1,1,8,31,4,13.825297,3.417200,13.397300,12.240900,1,23904,23904
12.890363,1,1,8,31,4,15.160602,4.251300,14.267700,13.430800,1,23904,23904
12.901571,1,1,8,31,4,11.722699,5.399300,12.173900,12.806100,1,23904,23904
12.914009,1,1,8,31,4,12.402702,5.127300,12.545600,12.160000,1,23904,23904
12.928240,1,1,8,31,4,14.394097,4.156200,14.274200,13.716500,1,23904,23904
12.939947,1,1,8,31,4,11.142201,3.815700,11.106000,14.220300,1,23904,23904
12.954446,1,1,8,31,4,14.878601,4.433000,14.771300,12.856300,1,23904,23904
12.971019,1,1,8,31,4,13.325598,4.217300,13.322500,15.290400,1,23904,23904
12.980429,1,1,8,31,4,12.773100,8.176200,12.748700,14.003200,1,23904,23904
12.994742,1,1,8,31,4,14.163401,3.460900,13.516300,13.199400,1,23904,23904
13.004158,1,1,8,31,4,9.459000,3.545000,9.418400,6.744000,1,23904,23904
13.014648,1,1,8,31,4,10.343298,3.638600,9.769000,12.245000,1,23904,23904
13.029360,1,1,8,31,4,14.918901,4.536000,14.900700,14.850100,1,23904,23904
13.044017,1,1,8,31,4,14.696099,4.478100,14.645100,15.857600,1,23904,23904
13.059491,1,1,8,31,4,15.427601,3.084900,15.160800,14.327800,1,23904,23904
13.073693,1,1,8,31,4,14.159102,3.547700,14.133400,12.366900,1,23904,23904
13.083890,1,1,8,31,4,10.290898,3.356000,10.229300,12.304400,1,23904,23904
13.099897,1,1,8,31,4,11.987600,4.395100,11.693400,5.894100,1,23912,23912
13.105127,1,1,8,31,4,9.274900,9.429400,8.329800,5.894100,1,23912,23912
13.116713,1,1,8,31,4,11.365998,4.048500,12.115100,14.146600,1,23912,23912
13.130509,1,1,8,31,4,14.035903,3.916200,13.495700,15.117300,1,23912,23912
13.145608,1,1,8,31,4,15.046697,3.401200,15.007800,14.884900,1,23912,23912
13.157389,1,1,8,31,4,11.795402,3.261100,11.770700,12.699600,1,23912,23912
13.172252,1,1,8,31,4,14.754299,3.223100,14.698900,13.575200,1,23912,23912
13.187152,1,1,8,31,4,14.759302,3.351800,14.395500,13.904900,1,23912,23912
13.202009,1,1,8,31,4,11.670097,7.971000,11.647500,8.954900,1,23914,23914
13.207102,1,1,8,31,4,8.306202,7.966900,8.259000,8.954900,1,23914,23914
13.219307,1,1,8,31,4,12.262401,3.958800,12.074800,13.189100,1,23914,23914
13.235730,1,1,8,31,4,16.458899,4.092900,16.355301,14.641200,1,23914,23914
13.251181,1,1,8,31,4,15.420601,3.781800,15.413700,16.114599,1,23914,23914
13.265672,1,1,8,31,4,14.597199,3.973200,14.555600,12.131400,1,23914,23914
13.276608,1,1,8,31,4,10.929100,3.576500,10.483400,14.576600,1,23914,23914
13.293637,1,1,8,31,4,16.679701,3.687900,16.473200,14.068700,1,23914,23914
13.302851,1,1,8,31,4,9.518299,3.913900,9.483000,7.188500,1,23914,23914
13.311183,1,1,8,31,4,8.312200,3.560500,8.120300,14.202900,1,23914,23914
13.329951,1,1,8,31,4,16.014400,3.550000,15.997100,14.904300,1,23928,23928
13.340926,1,1,8,31,4,13.769701,8.742700,13.743600,14.264300,1,23928,23928
13.356452,1,1,8,31,4,15.528500,3.666800,15.472600,15.294500,1,23928,23928
13.373602,1,1,8,31,4,17.106096,3.490400,16.363600,14.059500,1,23928,23928
13.384089,1,1,8,31,4,10.386500,3.158400,10.338000,11.174900,1,23928,23928
13.393339,1,1,8,31,4,8.991402,4.045700,8.934400,11.708500,1,23928,23928
13.402197,1,1,8,31,4,9.256598,4.885100,9.244100,6.025200,1,23928,23928
13.411225,1,1,8,31,4,8.899800,4.222700,8.571900,10.379200,1,23928,23928
13.428467,1,1,8,31,4,17.399799,4.373800,17.414900,15.478800,1,23928,23928
13.448825,1,1,8,31,4,15.099101,3.803100,15.083300,16.100300,1,23935,23935
13.457208,1,1,8,31,4,13.551302,9.917700,13.498100,16.100300,1,23935,23935
13.472410,1,1,8,31,4,15.216298,4.131400,15.197000,13.849600,1,23935,23935
13.485256,1,1,8,31,4,12.977101,3.789600,12.766000,14.242900,1,23935,23935
13.497275,1,1,8,31,4,11.730898,3.254500,11.574100,11.627500,1,23935,23935
13.505801,1,1,8,31,4,8.723501,4.318700,8.761000,7.741400,1,23935,23935
13.521109,1,1,8,31,4,15.313201,3.560100,15.239400,13.983800,1,23935,23935
13.531843,1,1,8,31,4,10.719601,3.623800,10.650400,14.192600,1,23935,23935
13.545995,1,1,8,31,4,14.367800,3.838200,14.260500,14.645200,1,23935,23935
13.567211,1,1,8,31,4,17.430098,3.319000,17.169300,14.333000,1,23977,23977
13.578190,1,1,8,31,4,14.500200,8.244800,14.482500,14.904300,1,23977,23977
13.591872,1,1,8,31,4,13.504300,5.376300,13.383700,15.171600,1,23977,23977
13.602577,1,1,8,31,4,10.829601,4.433300,10.835000,6.809600,1,23977,23977
13.612606,1,1,8,31,4,10.174200,4.231100,10.098200,10.735600,1,23977,23977
13.624407,1,1,8,31,4,11.382300,3.638400,11.077000,14.805000,1,23977,23977
13.642145,1,1,8,31,4,17.691401,4.996200,17.486099,15.091700,1,23977,23977
13.656067,1,1,8,31,4,14.227398,4.634000,14.010100,12.762100,1,23977,23977
13.672423,1,1,8,31,4,11.375603,4.133800,11.189700,15.223800,1,23981,23981
13.683396,1,1,8,31,4,16.056799,10.085700,15.872900,14.440500,1,23981,23981
13.697231,1,1,8,31,4,13.673302,4.322300,13.511700,14.235600,1,23981,23981
13.707975,1,1,8,31,4,10.811299,9.832900,10.996500,10.265600,1,23981,23981
13.722068,1,1,8,31,4,14.164798,4.276400,13.919500,14.241800,1,23981,23981
13.737476,1,1,8,31,4,14.615401,3.910700,14.192800,14.435300,1,23981,23981
13.748437,1,1,8,31,4,11.565398,5.200600,11.453200,13.117500,1,23981,23981
13.764385,1,1,8,31,4,16.174301,5.300500,16.108200,14.615500,1,23981,23981
13.778940,1,1,8,31,4,14.050599,4.654100,13.989300,14.475300,1,23981,23981
13.795759,1,1,8,31,4,13.615899,4.475600,13.586300,8.490000,1,23997,23997
13.801639,1,1,8,31,4,9.263500,9.099900,9.028600,8.490000,1,23997,23997
13.810698,1,1,8,31,4,9.331201,4.032700,9.332200,6.812700,1,23997,23997
13.823394,1,1,8,31,4,12.651402,4.098000,12.602600,14.075900,1,23997,23997
13.838445,1,1,8,31,4,15.174400,4.140400,14.840800,16.799700,1,23997,23997
13.850974,1,1,8,31,4,12.206100,3.783300,11.963100,13.161500,1,23997,23997
13.865593,1,1,8,31,4,14.921900,4.597700,14.736200,14.586900,1,23997,23997
13.882071,1,1,8,31,4,16.376097,5.064900,16.404499,16.084999,1,23997,23997
13.903807,1,1,8,31,4,18.198002,3.819100,18.233900,18.090000,1,23997,23997
13.917698,1,1,8,31,4,17.367098,7.710000,17.263201,17.375200,1,23997,23997
13.936639,1,1,8,31,4,18.764000,4.938100,18.698799,17.571800,1,23997,23997
13.953644,1,1,8,31,4,17.347801,4.926700,17.329901,17.742901,1,23997,23997
13.973683,1,1,8,31,4,19.986000,4.125000,19.918900,18.918400,1,23997,23997
13.991767,1,1,8,31,4,17.392099,4.408900,17.156401,18.541500,1,23997,23997
14.008877,1,1,8,31,4,17.569601,5.055900,17.516100,16.957500,1,23997,23997
14.029772,1,1,8,31,4,17.677799,4.328400,17.657801,18.511900,1,24002,24002
14.048345,1,1,8,31,4,21.957401,8.344200,21.852100,17.836000,1,24002,24002
14.062394,1,1,8,31,4,14.276497,4.663200,14.254300,17.465300,1,24002,24002
14.077698,1,1,8,31,4,15.056401,3.568000,13.852200,15.921200,1,24002,24002
14.094085,1,1,8,31,4,16.273901,3.978700,16.403601,16.800800,1,24002,24002
14.108457,1,1,8,31,4,14.681898,4.996400,14.523900,15.424500,1,24002,24002
14.125275,1,1,8,31,4,16.855202,3.617200,16.768499,16.177099,1,24002,24002
14.142644,1,1,8,31,4,14.561299,3.302600,14.302800,15.083500,1,24008,24008
14.154462,1,1,8,31,4,14.627099,7.850500,14.628800,14.595100,1,24008,24008
14.169453,1,1,8,31,4,14.960502,4.339400,14.593700,15.537200,1,24008,24008
14.183424,1,1,8,31,4,13.998698,3.486700,13.928900,14.693300,1,24008,24008
14.200806,1,1,8,31,4,16.992401,2.658400,17.028500,15.739900,1,24008,24008
14.217523,1,1,8,31,4,17.069700,6.597700,16.846300,15.039500,1,24008,24008
14.233073,1,1,8,31,4,15.554297,3.613000,15.632500,15.985700,1,24008,24008
14.247857,1,1,8,31,4,14.662899,3.543300,14.317000,16.446501,1,24008,24008
14.265063,1,1,8,31,4,14.129702,4.039200,14.162800,15.220700,1,24009,24009
14.278231,1,1,8,31,4,16.257000,6.950000,15.801800,14.432300,1,24009,24009
14.295236,1,1,8,31,4,16.696301,4.062900,16.956800,15.894500,1,24009,24009
14.311559,1,1,8,31,4,16.504101,4.407600,16.464399,17.191900,1,24009,24009
14.326901,1,1,8,31,4,15.408098,3.849400,15.320200,14.671900,1,24009,24009
14.340818,1,1,8,31,4,13.979699,3.906200,13.958600,15.475700,1,24009,24009
14.357408,1,1,8,31,4,16.432003,3.665600,16.418699,14.357500,1,24009,24009
14.375711,1,1,8,31,4,15.561499,3.491600,15.531100,16.501801,1,24015,24015
14.386723,1,1,8,31,4,14.064301,6.711700,13.630400,15.038400,1,24015,24015
14.402571,1,1,8,31,4,15.511800,4.444100,15.438700,15.153200,1,24015,24015
14.415803,1,1,8,31,4,13.361100,3.504500,13.145300,13.893600,1,24015,24015
14.429724,1,1,8,31,4,14.210198,3.695800,14.075000,14.788600,1,24015,24015
14.444931,1,1,8,31,4,15.068400,2.960900,15.035700,14.339100,1,24015,24015
14.460175,1,1,8,31,4,15.333500,3.642200,15.328800,15.785000,1,24015,24015
14.474730,1,1,8,31,4,14.346901,3.478500,13.740500,14.650300,1,24015,24015
14.494457,1,1,8,31,4,16.439400,3.881400,16.455601,11.232200,1,24011,24011
14.501951,1,1,8,31,4,10.876599,6.752700,10.818200,11.232200,1,24011,24011
14.515510,1,1,8,31,4,12.775798,3.497300,12.736300,13.449300,1,24011,24011
14.529410,1,1,8,31,4,14.847301,3.922200,14.815400,15.654900,1,24011,24011
14.544551,1,1,8,31,4,14.726702,3.097100,14.425200,15.143900,1,24011,24011
14.560348,1,1,8,31,4,16.047899,3.527400,15.774000,16.788500,1,24011,24011
14.577272,1,1,8,31,4,16.949501,4.121400,16.910900,17.760201,1,24011,24011
14.593967,1,1,8,31,4,16.548098,2.783000,16.516300,14.746700,1,24011,24011
14.612172,1,1,8,31,4,15.295502,3.076400,15.217900,14.503900,1,24015,24015
14.622996,1,1,8,31,4,13.881300,7.653500,13.783900,15.194100,1,24015,24015
14.638899,1,1,8,31,4,15.776400,3.043100,15.653100,14.629900,1,24015,24015
14.654772,1,1,8,31,4,15.995301,3.272700,15.007200,15.181800,1,24015,24015
14.669477,1,1,8,31,4,14.732499,3.003500,14.724100,16.466999,1,24015,24015
14.682642,1,1,8,31,4,13.148602,3.056400,12.834200,14.743500,1,24015,24015
14.701014,1,1,8,31,4,17.870399,2.847600,17.754801,15.292400,1,24015,24015
14.718056,1,1,8,31,4,15.240800,7.294700,14.945100,15.585300,1,24020,24020
14.731465,1,1,8,31,4,15.691400,6.264100,15.536200,16.690201,1,24020,24020
14.745869,1,1,8,31,4,14.435198,3.546500,14.099000,14.795800,1,24020,24020
14.762560,1,1,8,31,4,16.680901,2.965200,16.556801,15.790000,1,24020,24020
14.776060,1,1,8,31,4,13.486899,3.401600,13.478400,14.219300,1,24020,24020
14.793713,1,1,8,31,4,17.160103,3.129900,16.641899,15.478800,1,24020,24020
14.802057,1,1,8,31,4,8.724000,3.907000,8.717200,9.158700,1,24020,24020
14.817334,1,1,8,31,4,15.404697,3.829400,15.372100,14.345200,1,24020,24020
14.836337,1,1,8,31,4,16.082802,3.358600,16.033800,15.977400,1,24008,24008
14.848633,1,1,8,31,4,15.083399,7.151700,14.374400,15.347800,1,24008,24008
14.863012,1,1,8,31,4,14.636300,3.177000,14.599500,15.995900,1,24008,24008
14.878134,1,1,8,31,4,14.984000,2.657500,14.610900,15.074300,1,24008,24008
14.894498,1,1,8,31,4,15.785399,3.069100,15.735800,15.194100,1,24008,24008
14.909680,1,1,8,31,4,15.674800,4.339600,15.411400,15.659000,1,24008,24008
14.925634,1,1,8,31,4,16.022600,3.766400,15.564000,16.089100,1,24008,24008
14.940623,1,1,8,31,4,14.909100,4.011700,14.861400,15.242200,1,24008,24008
14.961571,1,1,8,31,4,17.293501,4.457200,17.201099,15.947800,1,24009,24009
14.974378,1,1,8,31,4,16.499899,8.083800,16.337900,16.880600,1,24009,24009
14.988303,1,1,8,31,4,13.813101,3.106300,13.806300,14.970900,1,24009,24009
15.005420,1,1,8,31,4,17.222900,3.099100,16.964300,16.341999,1,24009,24009
15.020787,1,1,8,31,4,15.412700,3.297100,15.259800,14.573600,1,24009,24009
15.036049,1,1,8,31,4,15.113901,2.890800,15.031100,15.189000,1,24009,24009
15.051679,1,1,8,31,4,15.795000,3.614700,15.151500,16.204800,1,24009,24009
15.069308,1,1,8,30,4,14.612898,3.192800,14.202100,14.946300,1,24008,24008
15.081241,1,1,8,30,4,14.941901,7.127300,14.931700,14.521300,1,24008,24008
15.096058,1,1,8,30,4,14.692098,3.256800,14.643800,15.928300,1,24008,24008
15.106696,1,1,8,30,4,10.680601,3.902600,10.639300,10.595300,1,24008,24008
15.123906,1,1,8,30,4,17.216702,3.182500,17.159100,16.354300,1,24008,24008
15.139490,1,1,8,30,4,15.510101,3.735100,15.446500,15.545400,1,24008,24008
15.154020,1,1,8,30,4,14.653698,3.624100,14.389100,13.926400,1,24008,24008
15.169742,1,1,8,30,4,15.716102,3.406000,15.685700,17.094601,1,24008,24008
15.185530,1,1,8,30,4,15.868601,3.246900,15.865900,15.930300,1,24008,24008
15.203193,1,1,8,30,4,14.624700,2.897200,14.529800,14.978100,1,24011,24011
15.217948,1,1,8,30,4,17.599899,9.892100,17.473200,15.866800,1,24011,24011
15.234029,1,1,8,30,4,16.162399,3.362700,16.044800,15.875100,1,24011,24011
15.250479,1,1,8,30,4,16.530201,4.359300,16.336500,16.747499,1,24011,24011
15.264560,1,1,8,30,4,14.035899,3.384300,13.444600,14.897200,1,24011,24011
15.281234,1,1,8,30,4,16.476002,3.359100,16.403799,15.812600,1,24011,24011
15.297297,1,1,8,30,4,16.073997,3.884700,15.873300,16.794600,1,24011,24011
15.313352,1,1,8,30,4,13.655000,3.416500,13.574900,14.178300,1,24012,24012
15.327694,1,1,8,30,4,16.940601,5.908400,16.924200,16.689199,1,24012,24012
15.341992,1,1,8,30,4,14.287401,2.958900,14.198900,14.403600,1,24012,24012
15.358819,1,1,8,30,4,16.782198,2.923000,16.661100,15.356900,1,24012,24012
15.376259,1,1,8,30,4,17.431501,3.311300,17.388700,15.824900,1,24012,24012
15.389383,1,1,8,30,4,13.000299,3.525400,12.894500,15.210500,1,24012,24012
15.402950,1,1,8,30,4,13.777901,4.034800,13.657100,12.955700,1,24012,24012
15.420832,1,1,8,30,4,14.270600,3.416100,14.257600,15.251400,1,24002,24002
15.431529,1,1,8,30,4,14.305402,7.547400,13.921200,15.638500,1,24002,24002
15.445578,1,1,8,30,4,14.075100,3.572100,13.688200,14.658600,1,24002,24002
15.462289,1,1,8,30,4,16.705099,2.858400,16.569700,15.140900,1,24002,24002
15.477056,1,1,8,30,4,14.690798,3.357500,14.387000,15.595500,1,24002,24002
15.493246,1,1,8,30,4,16.161200,3.213800,16.155001,16.340000,1,24002,24002
15.507298,1,1,8,30,4,14.041103,3.138700,13.949000,13.461500,1,24002,24002
15.522365,1,1,8,30,4,15.132896,3.127500,14.683100,14.416900,1,24002,24002
15.539264,1,1,8,29,4,14.526803,3.284700,14.447900,14.919700,1,23999,23999
15.552907,1,1,8,29,4,15.885800,5.974800,15.567800,15.931300,1,23999,23999
15.568487,1,1,8,29,4,15.584297,3.624700,15.191600,16.303200,1,23999,23999
15.585247,1,1,8,29,4,16.923901,3.819700,16.593000,14.467000,1,23999,23999
15.601491,1,1,8,29,4,14.863901,3.049800,14.734400,8.910900,1,23999,23999
15.609873,1,1,8,29,4,9.797599,5.745500,9.762200,8.910900,1,23999,23999
15.625532,1,1,8,29,4,15.558999,3.893400,15.483500,14.997500,1,23999,23999
15.640619,1,1,8,29,4,15.123199,3.692500,15.032900,15.950800,1,23999,23999
15.662428,1,1,8,29,4,18.052402,3.880400,17.964800,15.204300,1,24000,24000
15.673069,1,1,8,29,4,14.210898,8.593600,14.090900,15.204300,1,24000,24000
15.686136,1,1,8,29,4,13.298899,4.191000,13.292900,14.874700,1,24000,24000
15.701646,1,1,8,29,4,15.289500,3.715500,15.063500,15.717300,1,24000,24000
15.713435,1,1,8,29,4,11.359703,4.755700,11.345800,6.931500,1,24000,24000
15.725947,1,1,8,29,4,13.096698,11.325400,11.861200,16.306200,1,24000,24000
15.743076,1,1,8,29,4,17.128901,4.626400,17.470400,16.711599,1,24000,24000
15.757829,1,1,8,29,4,14.638402,5.651600,14.466100,15.897600,1,24000,24000
15.782704,1,1,8,28,4,18.882200,3.826800,18.724400,15.846400,1,23998,23998
15.789959,1,1,8,28,4,13.417099,10.620100,13.324800,15.846400,1,23998,23998
15.805718,1,1,8,28,4,15.535601,4.622100,15.393700,15.301600,1,23998,23998
15.818262,1,1,8,28,4,12.317400,4.616900,12.217100,15.640600,1,23998,23998
15.828273,1,1,8,28,4,10.249398,4.405000,9.968700,15.640600,1,23998,23998
15.842386,1,1,8,28,4,14.177899,3.544100,14.101400,15.075300,1,23998,23998
15.860142,1,1,8,28,4,17.287399,4.477600,16.367701,16.814100,1,23998,23998
15.875337,1,1,8,28,4,15.569501,4.755400,15.453500,16.527399,1,23998,23998
15.898408,1,1,8,28,4,19.112200,3.980900,18.799601,16.254999,1,23997,23997
15.907167,1,1,8,28,4,12.897603,9.293800,12.703100,15.332300,1,23997,23997
15.918428,1,1,8,28,4,11.360597,4.179000,11.336100,11.429900,1,23997,23997
15.934421,1,1,8,28,4,15.909701,4.025200,15.969100,14.392300,1,23997,23997
15.948263,1,1,8,28,4,13.825100,3.939900,13.799000,14.257200,1,23997,23997
15.963452,1,1,8,28,4,15.248199,5.370600,15.192400,15.240200,1,23997,23997
15.977882,1,1,8,28,4,14.414803,4.323100,14.342500,15.138800,1,23997,23997
15.991664,1,1,8,28,4,13.552402,3.577100,13.214900,14.175200,1,23997,23997
16.010752,1,1,8,27,4,15.055999,5.988400,14.968400,14.253100,1,23990,23990
16.021579,1,1,8,27,4,14.997699,9.299800,14.973500,14.376900,1,23990,23990
16.036085,1,1,8,27,4,14.530700,4.441900,14.520700,14.310400,1,23990,23990
16.050666,1,1,8,27,4,14.592901,4.054300,14.447600,14.370800,1,23990,23990
16.066941,1,1,8,27,4,16.150299,3.828400,15.702300,15.233100,1,23990,23990
16.079949,1,1,8,27,4,13.017699,4.213100,13.374100,14.710700,1,23990,23990
16.096463,1,1,8,27,4,16.502802,4.079400,16.426300,15.766600,1,23990,23990
16.106844,1,1,8,27,4,10.174200,5.605600,10.108800,9.646100,1,23990,23990
16.121757,1,1,8,27,4,11.846501,4.737400,11.873600,11.607000,1,23990,23990
16.132133,1,1,8,27,4,13.663400,8.567400,13.450300,15.590400,1,23990,23990
16.147977,1,1,8,27,4,15.655600,4.293800,15.533100,14.797800,1,23990,23990
16.163281,1,1,8,27,4,15.634998,4.979500,15.807300,15.934500,1,23990,23990
16.178488,1,1,8,27,4,15.147701,4.558900,14.831000,17.059799,1,23990,23990
16.195123,1,1,8,27,4,15.928202,4.311500,15.790700,14.731300,1,23990,23990
16.209406,1,1,8,27,4,14.962398,5.311100,14.957200,13.259800,1,23990,23990
16.224095,1,1,8,27,4,14.266301,4.090600,14.212700,14.559200,1,23990,23990
16.242450,1,1,8,27,4,15.028801,9.706000,15.019200,16.545799,1,23990,23990
16.254421,1,1,8,27,4,15.792999,8.517000,15.755800,15.252500,1,23990,23990
16.269301,1,1,8,27,4,14.842201,3.993700,14.603400,14.950400,1,23990,23990
16.284194,1,1,8,27,4,15.048400,4.048400,14.978400,14.825500,1,23990,23990
16.299543,1,1,8,27,4,15.139498,3.166500,15.035800,13.871100,1,23990,23990
16.311866,1,1,8,27,4,12.401201,3.812100,12.340400,14.694400,1,23990,23990
16.329554,1,1,8,27,4,17.665800,3.524500,17.624001,14.362600,1,23990,23990
16.342864,1,1,8,27,4,13.311003,4.033800,13.058800,14.426100,1,23990,23990
16.361655,1,1,8,27,4,14.467999,4.001000,14.185800,14.967800,1,23984,23984
16.373403,1,1,8,27,4,16.073801,8.633800,15.895200,17.092600,1,23984,23984
16.390746,1,1,8,27,4,17.339699,3.734100,17.308399,14.218300,1,23984,23984
16.406673,1,1,8,27,4,14.976401,3.708300,14.888300,8.298500,1,23984,23984
16.415699,1,1,8,27,4,10.096997,5.380000,10.038900,8.298500,1,23984,23984
16.428168,1,1,8,27,4,12.345303,4.461500,12.285700,14.396400,1,23984,23984
16.439748,1,1,8,27,4,11.358998,4.910000,11.345700,15.397900,1,23984,23984
16.457249,1,1,8,27,4,17.768900,3.866100,17.387400,15.079400,1,23984,23984
16.476229,1,1,8,27,4,16.313698,4.227400,16.357700,16.776199,1,23983,23983
16.488200,1,1,8,27,4,14.723301,7.210800,14.691400,16.652300,1,23983,23983
16.504022,1,1,8,27,4,15.427500,3.116400,15.369800,15.264800,1,23983,23983
16.519814,1,1,8,27,4,16.180300,3.295700,16.174101,15.200200,1,23983,23983
16.535327,1,1,8,27,4,15.486300,3.126900,15.342600,15.781900,1,23983,23983
16.549029,1,1,8,27,4,13.465401,4.127100,13.432800,14.905300,1,23983,23983
16.566965,1,1,8,27,4,18.012899,3.557200,17.987499,16.068600,1,23983,23983
16.582464,1,1,8,27,4,15.441500,3.476200,15.349200,16.010300,1,23983,23983
16.601584,1,1,8,27,4,14.905103,4.362300,14.877000,7.740400,1,23978,23978
16.606867,1,1,8,27,4,9.044997,8.317300,8.864500,7.740400,1,23978,23978
16.620287,1,1,8,27,4,13.994999,4.204600,13.873600,14.837800,1,23978,23978
16.634793,1,1,8,27,4,14.669600,4.311900,14.670300,16.714800,1,23978,23978
16.652133,1,1,8,27,4,17.266500,3.437400,17.052099,15.225800,1,23978,23978
16.665002,1,1,8,27,4,12.660801,4.306400,12.422100,14.898200,1,23978,23978
16.683067,1,1,8,27,4,17.545998,3.188900,16.287901,15.586300,1,23978,23978
16.699111,1,1,8,27,4,16.692200,5.510900,16.869200,16.714701,1,23978,23978
16.715586,1,1,8,27,4,13.982802,3.705300,13.934200,14.108700,1,23978,23978
16.729959,1,1,8,27,4,16.975798,6.154500,16.968800,16.080900,1,23978,23978
16.744578,1,1,8,27,4,14.543201,8.264600,14.437800,15.159300,1,23978,23978
16.758821,1,1,8,27,4,14.263600,3.801600,14.243400,14.599200,1,23978,23978
16.773840,1,1,8,27,4,14.863800,3.313000,14.025200,14.744500,1,23978,23978
16.790799,1,1,8,27,4,17.109699,3.533400,17.058701,15.510600,1,23978,23978
16.806662,1,1,8,27,4,15.654099,2.709100,15.598700,15.693800,1,23978,23978
16.821375,1,1,8,27,4,12.222603,3.652000,11.842800,14.344200,1,23978,23978
16.834104,1,1,8,27,4,15.490700,8.329100,15.417700,16.200701,1,23978,23978
16.849543,1,1,8,27,4,15.434299,2.808200,15.362700,15.188000,1,23978,23978
16.864210,1,1,8,27,4,14.647599,3.007800,14.433900,15.384500,1,23978,23978
16.879239,1,1,8,27,4,14.991201,3.448300,14.919300,14.841900,1,23978,23978
16.899018,1,1,8,27,4,19.752499,2.971200,19.692400,16.743401,1,23978,23978
16.912899,1,1,8,27,4,13.904501,2.927200,13.878400,14.915600,1,23978,23978
16.927769,1,1,8,27,4,14.829200,2.887400,14.579200,15.753200,1,23978,23978
16.945024,1,1,8,27,4,14.444299,3.717500,14.401600,14.548000,1,23978,23978
16.957853,1,1,8,27,4,15.676800,6.950400,15.633200,15.458300,1,23978,23978
16.973487,1,1,8,27,4,15.616200,3.982200,15.504600,15.769600,1,23978,23978
16.989628,1,1,8,27,4,16.209700,3.498400,15.804900,15.345700,1,23978,23978
17.003072,1,1,8,27,4,13.339199,2.527500,13.031400,14.177200,1,23978,23978
17.020554,1,1,8,27,4,17.540302,3.209700,17.120600,15.178800,1,23978,23978
17.031128,1,1,8,27,4,10.481201,3.511700,10.302500,14.546900,1,23978,23978
17.050046,1,1,8,27,4,18.799500,3.574200,17.444300,14.542900,1,23978,23978
17.069561,1,1,8,27,4,15.515398,3.510200,15.503200,13.922300,1,23976,23976
17.079020,1,1,8,27,4,13.596400,8.302200,13.562600,13.922300,1,23976,23976
17.092558,1,1,8,27,4,13.466001,4.094700,13.368600,15.101000,1,23976,23976
17.105105,1,1,8,27,4,12.658901,4.336500,12.578900,11.387900,1,23976,23976
17.117837,1,1,8,27,4,12.206297,4.746000,12.171400,12.539900,1,23976,23976
17.133265,1,1,8,27,4,16.145300,4.396900,15.997500,15.337400,1,23976,23976
17.147481,1,1,8,27,4,13.838600,3.084500,13.877100,15.584300,1,23976,23976
17.164195,1,1,8,27,4,16.905104,3.585000,16.874001,14.572500,1,23976,23976
17.181799,1,1,8,27,4,13.842799,3.718800,13.579200,15.811600,1,23975,23975
17.192175,1,1,8,27,4,14.003601,9.637300,14.105600,14.827500,1,23975,23975
17.205302,1,1,8,27,4,13.248399,3.899300,13.299000,12.854300,1,23975,23975
17.220505,1,1,8,27,4,15.170801,4.292300,14.742800,14.139400,1,23975,23975
17.237650,1,1,8,27,4,17.223698,4.284000,16.919800,17.071100,1,23975,23975
17.254511,1,1,8,27,4,16.882702,8.120000,16.888000,15.776800,1,23975,23975
17.269148,1,1,8,27,4,14.656096,3.780200,14.516400,15.673300,1,23975,23975
17.282387,1,1,8,27,4,13.069801,3.834000,12.725400,13.792300,1,23975,23975
17.305449,1,1,8,27,4,17.802902,4.268400,17.743401,11.270100,1,23975,23975
17.311675,1,1,8,27,4,11.401597,10.446700,11.502400,11.270100,1,23975,23975
17.326233,1,1,8,27,4,14.799501,4.142500,14.745600,15.668200,1,23975,23975
17.342277,1,1,8,27,4,15.989799,3.898700,15.595900,16.403500,1,23975,23975
17.358050,1,1,8,27,4,15.693501,3.850600,15.560500,14.733300,1,23975,23975
17.372909,1,1,8,27,4,14.916599,4.394100,14.509900,15.513600,1,23975,23975
17.387609,1,1,8,27,4,14.798500,3.740300,14.485100,15.522800,1,23975,23975
17.408742,1,1,8,27,4,15.553303,2.839100,15.443100,8.042500,1,23975,23975
17.415061,1,1,8,27,4,11.757899,9.664500,11.611700,8.042500,1,23975,23975
17.427415,1,1,8,27,4,12.260500,5.765400,12.285000,15.698000,1,23975,23975
17.442399,1,1,8,27,4,15.043400,3.805000,14.987300,15.746000,1,23975,23975
17.459263,1,1,8,27,4,16.969498,4.973300,16.489100,15.968300,1,23975,23975
17.474867,1,1,8,27,4,15.474200,4.919300,15.423500,15.675400,1,23975,23975
17.490667,1,1,8,27,4,15.719600,4.176700,15.202600,14.887900,1,23975,23975
17.506022,1,1,8,27,4,15.115998,4.637600,14.900300,15.295500,1,23975,23975
17.515220,1,1,8,27,4,9.310603,4.484300,9.149100,10.205200,1,23975,23975
17.531176,1,1,8,27,4,13.144698,4.553500,12.988500,15.020000,1,23977,23977
17.545623,1,1,8,27,4,17.678801,6.978100,17.675100,17.289200,1,23977,23977
17.561494,1,1,8,27,4,15.829701,3.204600,15.799200,16.212999,1,23977,23977
17.579467,1,1,8,27,4,17.981096,3.370200,17.661100,16.723000,1,23977,23977
17.594697,1,1,8,27,4,15.017003,3.303800,14.960000,15.938500,1,23977,23977
17.611184,1,1,8,27,4,16.604397,3.575200,16.204000,16.680000,1,23977,23977
17.626633,1,1,8,27,4,15.508402,3.666200,15.510800,15.395800,1,23977,23977
17.646216,1,1,8,27,4,14.631998,4.010600,14.342000,13.750300,1,23977,23977
17.657061,1,1,8,27,4,15.797402,8.929000,15.934700,13.340700,1,23977,23977
17.668967,1,1,8,27,4,11.869300,4.606800,11.790000,14.053300,1,23977,23977
17.677532,1,1,8,27,4,8.586698,3.797800,8.440600,8.939500,1,23977,23977
17.693857,1,1,8,27,4,16.167902,3.517000,16.283300,15.006800,1,23977,23977
17.704684,1,1,8,27,4,10.854900,4.193600,10.797200,12.268500,1,23977,23977
17.719012,1,1,8,27,4,14.392700,3.970300,14.343400,14.946300,1,23977,23977
17.734063,1,1,8,27,4,15.037101,3.861500,14.713800,15.077400,1,23977,23977
17.748292,1,1,8,27,4,14.267501,3.461600,14.169500,14.791700,1,23977,23977
17.765963,1,1,8,27,4,15.522499,6.981800,15.470400,16.264200,1,23977,23977
17.778965,1,1,8,27,4,15.327599,5.693300,15.241100,15.666100,1,23977,23977
17.795527,1,1,8,27,4,16.199303,2.462500,16.009899,15.623200,1,23977,23977
17.812125,1,1,8,27,4,16.872297,3.193700,16.821699,16.264200,1,23977,23977
17.826817,1,1,8,27,4,14.595102,3.340800,14.616000,15.132700,1,23977,23977
17.841490,1,1,8,27,4,14.809698,3.062700,14.780300,14.610400,1,23977,23977
17.857680,1,1,8,27,4,16.170401,2.546800,16.065599,15.206400,1,23977,23977
17.875851,1,1,8,27,4,16.122400,2.413000,15.908600,17.185801,1,23977,23977
17.889641,1,1,8,27,4,15.641398,5.079200,15.571200,15.381500,1,23977,23977
17.907306,1,1,8,27,4,17.638199,3.180000,17.579599,17.243099,1,23977,23977
17.924393,1,1,8,27,4,17.259003,3.059100,16.927999,16.700500,1,23977,23977
17.939514,1,1,8,27,4,15.096601,2.910900,15.071000,14.738400,1,23977,23977
17.952488,1,1,8,27,4,13.092797,2.814700,12.579000,14.456800,1,23977,23977
17.966517,1,1,8,27,4,14.013402,2.568200,13.873900,14.318600,1,23977,23977
17.982808,1,1,8,27,4,16.322199,3.008300,16.158100,16.078899,1,23977,23977
17.999638,1,1,8,26,4,14.108099,2.787700,13.985300,14.666700,1,23975,23975
18.011700,1,1,7,26,4,14.743101,6.030300,14.744100,13.479900,1,23975,23975
18.026240,1,1,7,26,4,14.436100,2.714600,14.399600,15.820800,1,23975,23975
18.041096,1,1,7,26,4,14.859200,2.968000,14.482100,14.469200,1,23975,23975
18.057175,1,1,7,26,4,15.975501,2.737300,15.695600,15.745000,1,23975,23975
18.074530,1,1,7,26,4,17.484699,3.066600,17.192600,16.436199,1,23975,23975
18.089156,1,1,7,26,4,14.407199,3.098100,13.902200,15.548400,1,23975,23975
18.105753,1,1,7,26,4,13.158202,3.484300,12.612200,12.957700,1,23975,23975
18.119975,1,1,7,26,4,17.850000,8.345600,17.699800,14.985200,1,23975,23975
18.131806,1,1,7,26,4,11.854701,3.785000,11.858700,14.488600,1,23975,23975
18.147693,1,1,7,26,4,15.554600,3.620300,15.352300,14.135300,1,23975,23975
18.162764,1,1,7,26,4,15.394598,4.121400,15.299100,14.770200,1,23975,23975
18.177856,1,1,7,26,4,14.978800,3.542200,14.857700,15.317000,1,23975,23975
18.185899,1,1,7,26,4,8.232601,3.337500,8.254100,8.596500,1,23975,23975
18.199032,1,1,7,26,4,12.923100,3.335800,12.904700,14.791600,1,23975,23975
18.215473,1,1,7,26,4,16.449202,3.026800,16.122999,14.942200,1,23975,23975
18.237113,1,1,7,26,4,18.911400,3.136700,18.730200,18.347099,1,23975,23975
18.251636,1,1,7,26,4,17.405302,7.336200,17.286501,15.366100,1,23975,23975
18.267267,1,1,7,26,4,15.659596,8.013000,15.631500,14.384100,1,23975,23975
18.279263,1,1,7,26,4,11.934802,3.891500,11.857200,14.319600,1,23975,23975
18.295786,1,1,7,26,4,16.330000,3.825300,16.236700,14.647300,1,23975,23975
18.306819,1,1,7,26,4,11.217698,4.330500,11.238700,13.445200,1,23975,23975
18.317116,1,1,7,26,4,10.370702,4.278700,10.313800,10.936300,1,23975,23975
18.331958,1,1,7,26,4,14.754299,3.257200,14.762100,14.956500,1,23975,23975
18.350219,1,1,7,26,4,14.688000,3.481400,14.656500,14.698500,1,23979,23979
18.362644,1,1,7,26,4,15.984900,7.360800,15.912000,15.770600,1,23979,23979
18.378303,1,1,7,26,4,15.660800,3.379900,15.321400,14.933000,1,23979,23979
18.391678,1,1,7,26,4,13.412300,4.013600,13.272900,14.342200,1,23979,23979
18.406640,1,1,7,26,4,14.751900,3.746500,14.753100,13.689800,1,23979,23979
18.419264,1,1,7,26,4,12.759000,4.483700,12.630600,10.484800,1,23979,23979
18.432611,1,1,7,26,4,13.381399,4.538000,13.339200,15.237100,1,23979,23979
18.447307,1,1,7,26,4,14.655400,3.900100,14.599700,15.122400,1,23979,23979
18.466707,1,1,7,26,4,15.324000,3.979300,15.071800,14.117800,1,23981,23981
18.477665,1,1,7,26,4,14.901198,9.154400,14.421400,14.117800,1,23981,23981
18.494229,1,1,7,26,4,16.763803,4.086900,16.562201,16.731199,1,23981,23981
18.507343,1,1,7,26,4,12.261700,4.631400,12.227100,13.678600,1,23981,23981
18.518472,1,1,7,26,4,11.696901,4.514700,11.476200,7.509000,1,23981,23981
18.528954,1,1,7,26,4,10.794800,4.517200,10.848600,14.614500,1,23981,23981
18.544513,1,1,7,26,4,15.368000,4.078900,15.262200,15.562700,1,23981,23981
18.560168,1,1,7,26,4,15.878298,4.002100,15.664700,15.420500,1,23981,23981
18.580462,1,1,7,26,4,16.522701,4.254700,16.521000,17.231800,1,23987,23987
18.592649,1,1,7,26,4,15.645500,7.939100,15.361100,14.603300,1,23987,23987
18.607400,1,1,7,26,4,14.670398,5.523000,14.462500,14.546900,1,23987,23987
18.620603,1,1,7,26,4,13.596103,3.894000,13.331600,14.278700,1,23987,23987
18.634823,1,1,7,26,4,14.276497,4.016700,13.936700,14.797800,1,23987,23987
18.649726,1,1,7,26,4,14.505003,3.681200,14.274800,14.358500,1,23987,23987
18.664517,1,1,7,26,4,14.723700,4.292400,14.957600,15.400000,1,23987,23987
18.678773,1,1,7,26,4,14.551100,4.321600,14.529500,14.638100,1,23987,23987
18.692508,1,1,7,26,4,13.808001,4.808400,13.801100,13.242300,1,23987,23987
18.709384,1,1,7,26,4,12.620498,5.410500,12.462300,11.819000,1,23987,23987
18.718972,1,1,7,26,4,13.879500,8.820000,13.399700,11.819000,1,23987,23987
18.732912,1,1,7,26,4,13.790902,4.728700,13.738400,14.839800,1,23987,23987
18.746023,1,1,7,26,4,13.160098,3.893600,12.964800,14.295000,1,23987,23987
18.761405,1,1,7,26,4,15.229501,4.066400,15.130600,14.795800,1,23987,23987
18.776413,1,1,7,26,4,15.166402,8.230800,15.151400,15.245300,1,23987,23987
18.791270,1,1,7,26,4,14.941298,4.898700,14.900200,15.323200,1,23987,23987
18.809815,1,1,7,26,4,14.893602,3.438600,14.886200,13.829100,1,23987,23987
18.819373,1,1,7,26,4,13.226699,7.151000,13.147700,12.877800,1,23987,23987
18.833885,1,1,7,26,4,14.482301,3.527700,14.322300,14.879700,1,23987,23987
18.847963,1,1,7,26,4,13.692699,3.266600,13.486400,14.565400,1,23987,23987
18.862828,1,1,7,26,4,14.688998,4.045800,14.481200,14.138400,1,23987,23987
18.878066,1,1,7,26,4,15.360803,5.265600,15.118400,14.410700,1,23987,23987
18.892579,1,1,7,26,4,14.858298,4.498100,14.822600,14.550100,1,23987,23987
18.906782,1,1,7,26,4,13.973899,4.183800,13.952000,14.958500,1,23987,23987
18.919435,1,1,7,26,4,12.888901,4.706700,12.668900,10.474500,1,23987,23987
18.937384,1,1,7,26,4,14.362201,3.610400,13.975000,16.298000,1,23987,23987
18.948638,1,1,7,26,4,14.605500,7.826800,14.517800,14.805000,1,23987,23987
18.962953,1,1,7,26,4,14.525499,4.197900,14.522100,14.898200,1,23987,23987
18.976882,1,1,7,26,4,14.009099,4.594500,13.962800,13.857800,1,23987,23987
18.991905,1,1,7,26,4,15.040800,3.257700,14.407100,16.275400,1,23987,23987
19.005178,1,1,7,26,4,12.966000,3.053500,12.951000,13.552700,1,23987,23987
19.014723,1,1,7,26,4,9.632603,3.952300,9.542200,8.846300,1,23987,23987
19.029708,1,1,7,26,4,15.249800,3.973100,15.216700,16.881701,1,23987,23987
19.049940,1,1,7,25,4,16.775600,3.531400,16.645000,15.907800,1,23986,23986
19.064060,1,1,6,25,4,17.415800,7.871400,17.332701,16.113701,1,23986,23986
19.079978,1,1,6,25,4,15.954700,3.874700,15.934200,13.687800,1,23986,23986
19.092019,1,1,6,25,4,12.095999,3.842100,12.070800,14.977000,1,23986,23986
19.106372,1,1,6,25,4,14.074702,3.919600,14.046600,13.739000,1,23986,23986
19.119393,1,1,6,25,4,13.271500,5.202400,13.204000,12.381200,1,23986,23986
19.132208,1,1,6,25,4,12.871799,3.602100,12.867800,15.385600,1,23986,23986
19.146883,1,1,6,25,4,14.571600,3.341300,14.485600,13.767700,1,23986,23986
19.164361,1,1,6,25,4,14.156602,3.343700,14.162600,15.789000,1,23981,23981
19.177628,1,1,6,25,4,16.451500,8.068500,16.219601,14.378000,1,23981,23981
19.191217,1,1,6,25,4,13.485297,4.407400,13.598800,14.835700,1,23981,23981
19.206338,1,1,6,25,4,15.338902,3.934100,15.315800,14.169100,1,23981,23981
19.222652,1,1,6,25,4,16.339001,3.850800,15.574100,15.404100,1,23981,23981
19.240181,1,1,6,25,4,16.944502,3.654900,16.813101,15.202300,1,23981,23981
19.252717,1,1,6,25,4,13.230898,5.246100,13.078400,14.488500,1,23981,23981
19.268000,1,1,6,25,4,15.416000,4.209500,15.386400,14.896200,1,23981,23981
19.284873,1,1,6,25,4,12.255300,8.535400,12.024100,13.717500,1,23981,23981
19.296395,1,1,6,25,4,15.588500,9.317200,14.865800,14.844900,1,23981,23981
19.312687,1,1,6,25,4,15.409700,5.405100,15.809500,12.581900,1,23981,23981
19.324866,1,1,6,25,4,13.380099,7.392200,13.386700,15.911900,1,23981,23981
19.341143,1,1,6,25,4,15.817001,5.862100,15.823100,15.279100,1,23981,23981
19.354554,1,1,6,25,4,13.849798,5.375100,13.615400,14.328800,1,23981,23981
19.367925,1,1,6,25,4,13.431702,4.417700,13.246500,13.946900,1,23981,23981
19.383399,1,1,6,25,4,15.363101,3.925400,15.492000,14.575600,1,23981,23981
19.402250,1,1,6,24,4,14.968000,3.880600,14.896800,10.289200,1,23970,23970
19.408585,1,1,6,24,4,10.119598,9.147800,9.085500,10.289200,1,23970,23970
19.417005,1,1,6,24,4,8.672401,6.173200,9.623400,8.795100,1,23970,23970
19.431825,1,1,6,24,4,14.762699,4.083400,14.720900,14.123000,1,23970,23970
19.447502,1,1,6,24,4,15.222497,3.645100,15.126300,16.647200,1,23970,23970
19.462298,1,1,6,24,4,15.306100,4.430600,15.287700,15.482900,1,23970,23970
19.480127,1,1,6,24,4,17.691101,4.393700,17.482100,17.335300,1,23970,23970
19.495175,1,1,6,24,4,15.153900,4.487900,15.081600,14.474200,1,23970,23970
19.512660,1,1,6,23,4,14.050499,4.622900,13.865000,8.746000,1,23967,23967
19.518999,1,1,6,23,4,9.894103,8.058900,9.678700,8.746000,1,23967,23967
19.532343,1,1,6,23,4,13.221700,4.323100,13.054100,15.596500,1,23967,23967
19.548070,1,1,6,23,4,15.675500,3.611300,15.615600,14.493700,1,23967,23967
19.563892,1,1,6,23,4,15.743300,4.348500,15.741600,15.607800,1,23967,23967
19.580310,1,1,6,23,4,16.405199,4.581700,16.161900,17.191999,1,23967,23967
19.596573,1,1,6,23,4,16.012699,4.235000,15.988400,15.660000,1,23967,23967
19.610214,1,1,6,23,4,13.932601,4.966300,13.868200,14.594100,1,23967,23967
19.628957,1,1,6,23,4,14.709599,3.958900,13.913400,14.753700,1,23967,23967
19.639505,1,1,6,23,4,14.628500,10.829100,14.423500,15.672400,1,23967,23967
19.658493,1,1,6,23,4,18.345900,4.008000,18.062700,16.055300,1,23967,23967
19.672845,1,1,6,23,4,15.066501,4.550300,15.210700,16.224199,1,23967,23967
19.689418,1,1,6,23,4,16.609802,3.649200,16.483500,15.454200,1,23967,23967
19.705284,1,1,6,23,4,14.567196,3.847900,14.480100,15.425600,1,23967,23967
19.717554,1,1,6,23,4,13.473503,5.767100,13.393100,11.131900,1,23967,23967
19.729864,1,1,6,23,4,12.356498,3.950000,12.399500,14.978000,1,23967,23967
19.749512,1,1,6,23,4,16.118401,3.995800,16.127399,14.325800,1,23965,23965
19.762134,1,1,6,23,4,16.027100,7.917000,15.908300,15.599600,1,23965,23965
19.777326,1,1,6,23,4,15.306801,4.941200,15.273600,17.573900,1,23965,23965
19.792298,1,1,6,23,4,15.051901,10.519200,14.918700,14.595000,1,23965,23965
19.807657,1,1,6,23,4,15.234798,3.567100,13.643300,15.114300,1,23965,23965
19.821878,1,1,6,23,4,14.305402,6.468900,15.726800,8.668100,1,23965,23965
19.832256,1,1,6,23,4,10.283198,3.631600,10.268500,8.108100,1,23965,23965
19.842830,1,1,6,23,4,10.596402,3.997100,10.579600,14.611500,1,23965,23965
19.865719,1,1,6,23,4,19.538797,4.789300,19.201900,16.947201,1,23965,23965
19.876701,1,1,6,23,4,14.462002,7.442900,14.656200,16.506901,1,23965,23965
19.894895,1,1,6,23,4,17.469999,3.342000,17.458500,17.562599,1,23965,23965
19.914196,1,1,6,23,4,19.480904,4.273100,18.715300,15.938500,1,23965,23965
19.924900,1,1,6,23,4,10.749999,4.469500,11.364800,11.031600,1,23965,23965
19.932925,1,1,6,23,4,8.355398,4.306600,8.371400,11.031600,1,23965,23965
19.945371,1,1,6,23,4,12.633603,3.849300,12.497500,15.758300,1,23965,23965
19.962017,1,1,6,23,4,16.376797,3.415500,15.943400,17.385500,1,23965,23965
19.982611,1,1,6,23,4,17.798100,4.228800,17.774401,16.435200,1,23965,23965
19.996445,1,1,6,23,4,16.740601,6.244300,16.744101,15.918000,1,23965,23965
20.011703,1,1,6,23,4,15.136700,3.198800,15.065600,16.113701,1,23965,23965
20.028743,1,1,6,23,4,17.073698,8.303900,16.051399,15.471600,1,23965,23965
20.042703,1,1,6,23,4,14.076401,4.117800,13.987100,15.107100,1,23965,23965
20.057109,1,1,6,23,4,14.430400,3.688000,14.427200,15.653900,1,23965,23965
20.071779,1,1,6,23,4,14.746402,3.698000,14.723700,15.114200,1,23965,23965
20.091456,1,1,6,23,4,17.544199,3.007300,17.524599,16.937000,1,23965,23965
20.105254,1,1,6,23,4,15.542701,5.282100,15.431100,15.491100,1,23965,23965
20.119794,1,1,6,23,4,14.839802,3.465100,14.837400,15.364100,1,23965,23965
20.135786,1,1,6,23,4,15.948899,4.552400,15.456600,15.087600,1,23965,23965
20.150250,1,1,6,23,4,14.391400,3.488000,14.479800,13.911000,1,23965,23965
20.164071,1,1,6,23,4,13.989698,5.229800,13.956600,14.753800,1,23965,23965
20.179146,1,1,6,23,4,14.903702,3.385800,14.694800,16.067600,1,23965,23965
20.194160,1,1,6,23,4,15.284300,4.225700,15.299400,15.098900,1,23965,23965
20.212147,1,1,6,23,4,14.835201,3.030900,14.803600,14.402500,1,23970,23970
20.225637,1,1,6,23,4,16.488697,6.506400,16.371300,15.092800,1,23970,23970
20.242672,1,1,6,23,4,17.094999,3.997300,16.993999,17.076200,1,23970,23970
20.258050,1,1,6,23,4,15.043702,3.393600,14.902500,15.939600,1,23970,23970
20.273858,1,1,6,23,4,16.118999,3.422700,16.155899,16.174000,1,23970,23970
20.290054,1,1,6,23,4,16.167801,3.006900,16.147900,14.839900,1,23970,23970
20.304464,1,1,6,23,4,14.224500,5.740500,14.075500,16.038900,1,23970,23970
20.319907,1,1,6,23,4,13.214901,3.759200,13.190200,10.204100,1,23971,23971
20.330630,1,1,6,23,4,13.132997,7.114600,11.999900,14.511100,1,23971,23971
20.345181,1,1,6,23,4,14.651402,3.780700,13.498100,14.612500,1,23971,23971
20.360300,1,1,6,23,4,15.182100,3.986500,15.257200,14.745600,1,23971,23971
20.374736,1,1,6,23,4,14.321898,3.413100,14.282400,16.477200,1,23971,23971
20.392122,1,1,6,23,4,17.364603,3.040600,17.333500,14.938100,1,23971,23971
20.408412,1,1,6,23,4,16.011297,3.177400,15.944100,16.103399,1,23971,23971
20.417485,1,1,6,23,4,8.884002,4.470200,8.762000,8.553500,1,23971,23971
20.428061,1,1,6,23,4,10.748498,4.431100,10.229700,11.983900,1,23971,23971
20.446174,1,1,6,23,4,15.217200,4.106800,14.936100,15.384600,1,23970,23970
20.459777,1,1,6,23,4,16.775803,8.055100,16.778700,16.109501,1,23970,23970
20.474265,1,1,6,23,4,14.536999,4.067000,14.519100,15.529000,1,23970,23970
20.490520,1,1,6,23,4,16.196501,3.411200,16.161200,16.581600,1,23970,23970
20.505872,1,1,6,23,4,15.222602,3.731700,15.168700,16.070700,1,23970,23970
20.519683,1,1,6,23,4,13.981297,2.936700,13.784500,13.663200,1,23970,23970
20.536498,1,1,6,23,4,16.758501,3.231300,16.174601,16.433201,1,23970,23970
20.554455,1,1,6,23,4,15.041899,3.091500,14.650900,14.769100,1,23970,23970
20.566549,1,1,6,23,4,15.034101,6.755800,14.472000,16.021500,1,23970,23970
20.583621,1,1,6,23,4,17.074198,3.055100,16.890699,15.431700,1,23970,23970
20.595403,1,1,6,23,4,11.840801,3.725200,11.843800,14.729200,1,23970,23970
20.615146,1,1,6,23,4,19.161001,3.034500,19.153700,15.669300,1,23970,23970
20.625913,1,1,6,23,4,11.276796,3.956600,10.973000,12.181500,1,23970,23970
20.640402,1,1,6,23,4,14.516801,3.585300,14.467700,15.099900,1,23970,23970
20.657582,1,1,6,23,4,17.234501,3.642600,17.040501,16.733101,1,23970,23970
20.677527,1,1,6,23,4,15.880403,4.266400,15.794800,14.612500,1,23975,23975
20.687738,1,1,6,23,4,14.255997,8.684100,14.144400,15.007800,1,23975,23975
20.703570,1,1,6,23,4,15.722301,3.848100,15.651600,15.563700,1,23975,23975
20.718831,1,1,6,23,4,15.252299,4.067200,14.996600,14.494800,1,23975,23975
20.732192,1,1,6,23,4,13.460603,3.534100,13.617800,14.995400,1,23975,23975
20.748452,1,1,6,23,4,16.273298,3.639000,16.261400,15.560700,1,23975,23975
20.765445,1,1,6,23,4,16.901102,3.741400,16.887600,16.581699,1,23975,23975
20.783638,1,1,6,23,4,14.721599,3.978800,14.634400,15.529900,1,23974,23974
20.794019,1,1,6,23,4,14.136702,8.995900,14.144600,14.604300,1,23974,23974
20.808981,1,1,6,23,4,14.547899,6.765600,14.467900,13.598700,1,23974,23974
20.822444,1,1,6,23,4,13.633501,3.717200,13.604700,13.017100,1,23974,23974
20.836296,1,1,6,23,4,13.870098,3.516400,13.861600,15.633400,1,23974,23974
20.852694,1,1,6,23,4,16.497999,3.612500,16.493401,16.639999,1,23974,23974
20.867844,1,1,6,23,4,15.054603,2.668500,14.688700,15.701000,1,23974,23974
20.883736,1,1,6,23,4,15.861701,2.737100,15.852300,14.313400,1,23974,23974
20.900008,1,1,6,23,4,16.362198,3.113100,14.534500,16.072701,1,23974,23974
20.918403,1,1,6,23,4,15.302900,3.509400,15.261800,15.877100,1,23972,23972
20.926681,1,1,6,23,4,11.253099,6.780600,11.155500,11.763700,1,23972,23972
20.940931,1,1,6,23,4,14.368899,3.641100,14.348800,14.214100,1,23972,23972
20.954866,1,1,6,23,4,13.967901,3.350800,13.902200,14.640200,1,23972,23972
20.970969,1,1,6,23,4,16.025599,3.188000,15.641500,15.400900,1,23972,23972
20.986929,1,1,6,23,4,16.007301,2.855000,15.975900,16.418800,1,23972,23972
21.000922,1,1,6,23,4,13.994899,3.137800,13.449300,15.325200,1,23972,23972
21.021029,1,1,6,23,4,16.989302,2.623200,16.454300,13.810700,1,23976,23976
21.031805,1,1,6,23,4,13.836700,6.651500,13.509100,15.834100,1,23976,23976
21.047125,1,1,6,23,4,14.826000,3.026500,13.670700,14.289900,1,23976,23976
21.061348,1,1,6,23,4,14.791999,4.187000,14.950600,16.309299,1,23976,23976
21.075971,1,1,6,23,4,14.664001,3.296300,14.386100,14.423000,1,23976,23976
21.090063,1,1,6,23,4,13.970799,2.759900,13.667700,14.583800,1,23976,23976
21.108222,1,1,6,23,4,17.971798,2.934500,17.344500,16.089100,1,23976,23976
21.116602,1,1,6,23,4,8.597102,3.167400,8.544000,6.833100,1,23976,23976
21.127470,1,1,6,23,4,10.945700,3.835700,10.541800,13.871100,1,23976,23976
21.146617,1,1,6,23,4,16.224998,3.537200,16.180901,16.347099,1,23976,23976
21.159304,1,1,6,23,4,15.554499,6.120500,15.149000,15.860800,1,23976,23976
21.174749,1,1,6,23,4,15.395500,3.380200,15.351600,15.421400,1,23976,23976
21.192018,1,1,6,23,4,17.275799,3.091500,17.032900,16.626699,1,23976,23976
21.208638,1,1,6,23,4,16.313601,3.217300,16.331900,13.537300,1,23976,23976
21.219219,1,1,6,23,4,10.869101,3.436100,10.756700,10.999800,1,23976,23976
21.231752,1,1,6,23,4,12.341202,3.279200,11.764100,13.843500,1,23976,23976
21.251875,1,1,6,23,4,17.847799,3.990000,17.812799,16.481199,1,23976,23976
21.264169,1,1,6,23,4,14.612600,7.144800,14.520400,15.303700,1,23976,23976
21.279347,1,1,6,23,4,15.094601,3.868200,15.051900,15.119400,1,23976,23976
21.293579,1,1,6,23,4,14.424298,4.608900,14.172100,14.880700,1,23976,23976
21.311127,1,1,6,23,4,17.450899,3.885800,17.491600,17.090599,1,23976,23976
21.325275,1,1,6,23,4,14.305800,8.035600,14.222400,14.470100,1,23976,23976
21.339354,1,1,6,23,4,13.995100,3.880300,13.894100,14.488600,1,23976,23976
21.355400,1,1,6,23,4,16.043800,3.945200,15.884100,14.233600,1,23976,23976
21.371739,1,1,6,23,4,12.802001,4.212300,12.674400,14.653500,1,23976,23976
21.384720,1,1,6,23,4,16.525299,8.512400,16.487200,14.519300,1,23976,23976
21.399023,1,1,6,23,4,14.448400,3.783400,13.943700,16.452600,1,23976,23976
21.414407,1,1,6,23,4,14.953099,3.125600,14.817400,14.328800,1,23976,23976
21.427221,1,1,6,23,4,13.315700,4.770300,13.314100,13.119500,1,23976,23976
21.441829,1,1,6,23,4,14.418203,3.711000,14.235700,15.648800,1,23976,23976
21.458548,1,1,6,23,4,16.693398,3.122900,16.037500,15.512500,1,23976,23976
21.473070,1,1,6,23,4,14.608600,3.336500,14.562800,15.673400,1,23976,23976
21.492720,1,1,6,22,4,16.777000,3.231100,16.723900,15.630300,1,23975,23975
21.504122,1,1,6,22,4,13.974998,6.877600,13.891300,15.323100,1,23975,23975
21.521489,1,1,6,22,4,17.587200,4.304700,17.542400,16.002100,1,23975,23975
21.535588,1,1,6,22,4,14.197003,3.583700,14.163300,15.915000,1,23975,23975
21.551362,1,1,6,22,4,15.600101,2.721700,15.230900,14.558200,1,23975,23975
21.566641,1,1,6,22,4,15.374496,3.490100,14.452600,15.141900,1,23975,23975
21.583499,1,1,6,22,4,16.625103,4.009400,16.546301,16.397301,1,23975,23975
21.596483,1,1,6,22,4,13.349898,3.962800,13.332900,15.545400,1,23975,23975
21.616478,1,1,6,22,4,16.021200,3.068700,15.961600,14.130100,1,23975,23975
21.624804,1,1,6,22,4,12.022902,7.652600,11.971900,12.727300,1,23975,23975
21.641055,1,1,6,22,4,16.475599,3.783600,16.483900,16.007200,1,23975,23975
21.655351,1,1,6,22,4,14.291599,3.027000,14.244300,14.877700,1,23975,23975
21.670342,1,1,6,22,4,14.998000,2.673200,14.740100,15.572000,1,23975,23975
21.686222,1,1,6,22,4,15.701200,2.976400,15.571400,14.791600,1,23975,23975
21.701239,1,1,6,22,4,15.016601,3.216300,13.698700,14.597200,1,23975,23975
21.714262,1,1,6,22,4,13.118599,3.320900,13.108400,14.537700,1,23975,23975
21.734005,1,1,6,22,4,16.374502,3.456600,15.852900,16.304100,1,23973,23973
21.745120,1,1,6,22,4,14.617701,7.732700,14.168800,15.250400,1,23973,23973
21.760965,1,1,6,22,4,15.948198,2.828800,15.696900,14.795800,1,23973,23973
21.774509,1,1,6,22,4,13.347901,2.749900,13.193100,14.320700,1,23973,23973
21.789763,1,1,6,22,4,15.302900,3.102500,14.415600,15.130600,1,23973,23973
21.806132,1,1,6,22,4,15.768599,3.148000,15.735400,15.007700,1,23973,23973
21.818142,1,1,6,22,4,12.568701,3.922900,12.525900,10.790900,1,23973,23973
21.834086,1,1,6,22,4,13.399400,7.421800,13.410500,16.220200,1,23973,23973
21.845635,1,1,6,22,4,14.261197,6.144200,14.211400,14.468100,1,23973,23973
21.861999,1,1,6,22,4,16.323902,2.703600,14.760500,15.587300,1,23973,23973
21.879635,1,1,6,22,4,17.601900,2.460100,17.465799,16.528400,1,23973,23973
21.893022,1,1,6,22,4,13.267099,2.755200,13.235300,14.630900,1,23973,23973
21.911964,1,1,6,22,4,18.889502,3.844500,18.883699,17.875999,1,23973,23973
21.926264,1,1,6,22,4,14.414098,3.500500,14.087900,13.660100,1,23973,23973
21.941631,1,1,6,22,4,15.174799,3.229700,14.997300,15.326300,1,23973,23973
21.958208,1,1,6,22,4,14.404602,3.482200,13.087100,13.830100,1,23975,23975
21.971841,1,1,6,22,4,15.957899,6.316800,15.692900,17.396700,1,23975,23975
21.987922,1,1,6,22,4,16.074001,3.452400,15.932700,14.094400,1,23975,23975
22.000728,1,1,6,22,4,12.933299,3.143500,12.651300,15.004600,1,23975,23975
22.014567,1,1,6,22,4,13.335299,2.779700,13.278200,12.383300,1,23975,23975
22.024749,1,1,6,22,4,10.488402,3.320100,10.455000,10.358800,1,23975,23975
22.040253,1,1,6,22,4,15.625000,4.059100,15.575600,15.381500,1,23975,23975
22.053297,1,1,6,22,4,13.032399,3.429900,13.028500,15.000500,1,23975,23975
22.071757,1,1,6,22,4,16.222101,3.222600,15.795100,15.118400,1,23975,23975
22.084904,1,1,6,22,4,15.359499,6.001100,15.283100,14.338000,1,23975,23975
22.098308,1,1,6,22,4,13.489399,2.909900,13.480900,15.591400,1,23975,23975
22.115372,1,1,6,22,4,16.607702,2.766600,16.515400,14.592000,1,23975,23975
22.125976,1,1,6,22,4,11.046801,3.400600,11.076800,12.621900,1,23975,23975
22.141055,1,1,6,22,4,15.030898,2.744700,14.983400,15.218700,1,23975,23975
22.157195,1,1,6,22,4,16.103302,3.753400,15.861900,15.709100,1,23975,23975
22.173802,1,1,6,22,4,16.666100,3.456200,16.644699,15.773700,1,23975,23975
22.192990,1,1,6,22,4,16.134602,2.685900,16.026199,16.093201,1,23974,23974
22.205054,1,1,6,22,4,14.707897,6.773400,14.702400,15.552500,1,23974,23974
22.222856,1,1,6,22,4,18.165302,3.858600,17.946800,15.449100,1,23974,23974
22.239029,1,1,6,22,4,16.178999,3.266600,15.905000,17.367100,1,23974,23974
22.254718,1,1,6,22,4,15.534100,2.822000,15.456500,14.443500,1,23974,23974
22.269561,1,1,6,22,4,14.988203,3.130100,14.375800,16.563200,1,23974,23974
22.285542,1,1,6,22,4,16.042698,3.174800,16.024500,15.943700,1,23974,23974
22.301019,1,1,6,22,4,15.418701,3.099900,15.328300,16.699400,1,23974,23974
22.319265,1,1,6,22,4,14.627602,2.972600,14.577300,13.394900,1,23972,23972
22.327181,1,1,6,22,4,11.684898,11.307700,11.587500,12.895200,1,23972,23972
22.343049,1,1,6,22,4,15.717499,3.208900,14.638700,15.205400,1,23972,23972
22.358585,1,1,6,22,4,15.392401,3.374300,15.152800,16.152599,1,23972,23972
22.373674,1,1,6,22,4,15.262399,3.472700,15.317300,14.900200,1,23972,23972
22.390388,1,1,6,22,4,16.702101,2.910500,16.663601,15.634400,1,23972,23972
22.407106,1,1,6,22,4,16.367302,2.932800,16.325701,16.478201,1,23972,23972
22.420734,1,1,6,22,4,9.431601,4.287800,9.386800,8.675400,1,23975,23975
22.429985,1,1,6,22,4,13.790197,9.147200,13.783100,13.803500,1,23975,23975
22.444532,1,1,6,22,4,14.704000,3.267700,14.656900,15.574000,1,23975,23975
22.460220,1,1,6,22,4,15.514802,3.580300,15.463100,15.615000,1,23975,23975
22.475038,1,1,6,22,4,14.906198,3.543900,14.899600,15.717400,1,23975,23975
22.491129,1,1,6,22,4,15.882000,3.087900,15.829400,15.518700,1,23975,23975
22.507275,1,1,6,22,4,16.001001,3.123500,15.982600,16.344000,1,23975,23975
22.522814,1,1,6,22,4,15.797701,2.943400,15.730400,15.223900,1,23975,23975
22.540970,1,1,6,22,4,15.082099,2.676600,14.309500,15.858600,1,23976,23976
22.553559,1,1,6,22,4,15.793700,6.652100,15.589900,15.794200,1,23976,23976
22.570403,1,1,6,22,4,16.734201,2.993200,16.694000,16.806900,1,23976,23976
22.586522,1,1,6,22,4,16.146000,2.730600,15.520200,16.581699,1,23976,23976
22.601826,1,1,6,22,4,15.163097,2.845500,15.135400,14.691300,1,23976,23976
22.618709,1,1,6,22,4,17.024603,2.938800,15.935800,16.668699,1,23976,23976
22.633352,1,1,6,22,4,14.624498,2.748600,14.529800,16.049101,1,23976,23976
22.651499,1,1,6,22,4,15.759501,2.787600,15.693200,14.439400,1,23978,23978
22.663388,1,1,6,22,4,14.346499,5.523700,13.836200,15.660100,1,23978,23978
22.679417,1,1,6,22,4,15.864298,2.464000,15.837700,15.497200,1,23978,23978
22.696558,1,1,6,22,4,17.369001,3.005200,16.987400,17.012699,1,23978,23978
22.711512,1,1,6,22,4,14.749300,3.041300,14.747100,14.173200,1,23978,23978
22.725613,1,1,6,22,4,14.220099,3.017000,13.759200,14.426100,1,23978,23978
22.740959,1,1,6,22,4,15.333399,2.397000,15.245100,14.874600,1,23978,23978
22.756502,1,1,6,22,4,15.460301,2.679200,15.137000,16.744499,1,23978,23978
22.774986,1,1,6,22,4,16.499098,3.057200,16.545000,15.319000,1,23978,23978
22.789476,1,1,6,22,4,16.501703,5.140700,15.980300,14.764100,1,23978,23978
22.804836,1,1,6,22,4,15.186798,3.226800,14.962600,17.367001,1,23978,23978
22.819439,1,1,6,22,4,14.785301,2.847800,14.785500,14.653400,1,23978,23978
22.833923,1,1,6,22,4,14.575999,5.414500,14.538300,15.621200,1,23978,23978
22.850287,1,1,6,22,4,16.230301,2.497000,14.738500,14.900200,1,23978,23978
22.865525,1,1,6,22,4,15.203900,2.749900,15.167100,16.010201,1,23978,23978
22.881528,1,1,6,22,4,14.107600,2.869600,13.847800,14.983200,1,23983,23983
22.897311,1,1,6,22,4,17.784901,5.071100,16.615801,16.364500,1,23983,23983
22.914220,1,1,6,22,4,16.520500,3.087300,16.323400,15.159300,1,23983,23983
22.928402,1,1,6,22,4,14.564298,3.600200,14.631000,16.953400,1,23983,23983
22.945173,1,1,6,22,4,16.741499,4.065900,16.686800,14.908400,1,23983,23983
22.959827,1,1,6,22,4,14.743101,3.175000,14.388200,16.221201,1,23983,23983
22.975548,1,1,6,22,4,15.527901,3.127800,15.311800,16.093201,1,23983,23983
22.992014,1,1,6,22,4,14.095899,3.037000,13.959500,14.081000,1,23983,23983
23.006175,1,1,6,22,4,16.467501,5.966300,16.507099,14.550000,1,23983,23983
23.019938,1,1,6,22,4,13.897202,3.535300,13.502800,14.686200,1,23983,23983
23.035314,1,1,6,22,4,15.404799,3.023400,15.315600,15.554600,1,23983,23983
23.052661,1,1,6,22,4,17.351601,2.800600,17.116199,15.296500,1,23983,23983
23.067279,1,1,6,22,4,14.548399,3.020400,14.033200,16.272400,1,23983,23983
23.083081,1,1,6,22,4,15.839100,3.334900,15.493700,15.106000,1,23983,23983
23.098532,1,1,6,22,4,15.445500,3.037400,15.396100,15.456300,1,23983,23983
23.115240,1,1,6,22,4,14.215201,3.161800,13.972600,14.106600,1,23982,23982
23.124838,1,1,6,22,4,12.121897,6.235200,12.246300,13.119500,1,23982,23982
23.141939,1,1,6,22,4,17.145102,3.618800,17.126600,16.744499,1,23982,23982
23.157986,1,1,6,22,4,16.047600,3.378800,16.003500,16.530399,1,23982,23982
23.174400,1,1,6,22,4,16.399101,3.479700,16.335800,15.031300,1,23982,23982
23.191723,1,1,6,22,4,17.311600,3.069900,17.321301,15.975400,1,23982,23982
23.205926,1,1,6,22,4,13.572902,3.145100,13.570000,14.801900,1,23982,23982
23.220000,1,1,6,22,4,11.011698,3.868400,10.933300,13.685700,1,23982,23982
23.229280,1,1,6,22,4,12.690202,7.890600,12.213700,13.685700,1,23982,23982
23.246923,1,1,6,22,4,17.654001,3.608500,17.682400,18.075701,1,23982,23982
23.262489,1,1,6,22,4,15.727699,4.605700,15.384400,14.954500,1,23982,23982
23.277615,1,1,6,22,4,15.240800,3.710700,15.208000,14.651400,1,23982,23982
23.292180,1,1,6,22,4,14.300302,3.617000,13.890400,15.707100,1,23982,23982
23.307925,1,1,6,22,4,15.743900,4.107700,15.502000,16.269300,1,23982,23982
23.322436,1,1,6,22,4,14.679297,3.564700,14.673900,14.835700,1,23982,23982
23.339803,1,1,6,22,4,15.088402,7.357800,15.033400,15.361100,1,23982,23982
23.354963,1,1,6,22,4,17.449398,7.122900,17.426600,16.370600,1,23982,23982
23.370159,1,1,6,22,4,15.177201,3.410000,15.133300,15.975500,1,23982,23982
23.386029,1,1,6,22,4,15.953299,3.119900,15.699200,14.750700,1,23982,23982
23.399869,1,1,6,22,4,13.821799,2.979300,13.141900,15.693800,1,23982,23982
23.415487,1,1,6,22,4,15.395303,2.827400,15.340500,14.696500,1,23982,23982
23.430112,1,1,6,22,4,14.881599,4.083800,14.620300,15.350700,1,23982,23982
23.443807,1,1,6,22,4,13.849501,3.555100,13.816500,14.335000,1,23982,23982
23.463096,1,1,6,22,4,16.178198,2.801500,15.866100,16.441401,1,23982,23982
23.476375,1,1,6,22,4,16.067200,6.996100,15.627100,16.107500,1,23982,23982
23.491283,1,1,6,22,4,15.147000,3.656100,15.197100,15.437800,1,23982,23982
23.508546,1,1,6,22,4,16.989000,2.975500,16.933800,15.791100,1,23982,23982
23.523885,1,1,6,22,4,15.556302,3.303800,14.365700,15.124500,1,23982,23982
23.538522,1,1,6,22,4,14.615200,3.202800,14.504000,15.799300,1,23982,23982
23.554872,1,1,6,22,4,16.089197,2.910500,14.925600,13.583400,1,23982,23982
23.573825,1,1,6,22,4,17.075300,3.312200,17.047100,19.112900,1,23978,23978
23.588312,1,1,6,22,4,16.645502,6.361200,16.606501,13.915200,1,23978,23978
23.602190,1,1,6,22,4,13.816998,2.623700,13.752400,15.512500,1,23978,23978
23.615766,1,1,6,22,4,13.081402,3.210100,12.988800,12.099600,1,23978,23978
23.624398,1,1,6,22,4,9.174399,4.071700,9.225900,10.941500,1,23978,23978
23.638692,1,1,6,22,4,14.247701,2.941000,14.223200,15.361000,1,23978,23978
23.656396,1,1,6,22,4,17.720100,3.680300,17.694300,16.077801,1,23978,23978
23.671918,1,1,6,22,4,15.560001,2.967900,15.493700,15.536100,1,23978,23978
23.689525,1,1,6,22,4,14.989998,3.105400,14.651800,15.263800,1,23977,23977
23.702565,1,1,6,22,4,15.574000,5.803000,15.604100,15.601700,1,23977,23977
23.718961,1,1,6,22,4,16.276703,2.804800,16.110701,14.799800,1,23977,23977
23.732996,1,1,6,22,4,14.116299,3.248000,13.820300,15.852600,1,23977,23977
23.746932,1,1,6,22,4,14.143702,2.885200,14.166000,14.259200,1,23977,23977
23.762928,1,1,6,22,4,15.801598,2.957400,14.239500,14.801900,1,23977,23977
23.779092,1,1,6,22,4,16.303900,3.924400,16.340200,16.818199,1,23977,23977
23.793443,1,1,6,22,4,14.357101,3.299900,14.322700,15.136700,1,23977,23977
23.812448,1,1,6,22,4,15.492000,2.450400,14.428500,14.442500,1,23982,23982
23.824848,1,1,6,22,4,15.927098,7.403900,15.831000,14.931000,1,23982,23982
23.839173,1,1,6,22,4,14.239401,7.621200,13.766200,15.420400,1,23982,23982
23.854594,1,1,6,22,4,15.388198,3.039400,15.014400,15.309800,1,23982,23982
23.869552,1,1,6,22,4,14.588803,2.817500,13.860500,15.149100,1,23982,23982
23.885652,1,1,6,22,4,16.481298,4.125700,16.616301,15.126500,1,23982,23982
23.902033,1,1,6,22,4,16.384199,2.774000,15.888200,17.258499,1,23982,23982
23.917332,1,1,6,22,4,12.311101,3.223300,12.185600,11.893800,1,23982,23982
23.927202,1,1,6,22,4,12.846701,6.268700,12.859100,15.395800,1,23982,23982
23.942453,1,1,6,22,4,15.305799,3.209200,15.268100,15.166500,1,23982,23982
23.960163,1,1,6,22,4,17.705801,3.290700,17.119900,16.829399,1,23982,23982
23.973963,1,1,6,22,4,13.953697,2.887900,13.911600,14.978000,1,23982,23982
23.989987,1,1,6,22,4,15.886601,2.522100,14.771000,15.265800,1,23982,23982
24.006191,1,1,6,22,4,16.040298,2.597600,15.931800,15.377400,1,23982,23982
24.021493,1,1,6,22,4,15.494403,2.903400,15.535100,15.743000,1,23982,23982
24.037798,1,1,6,22,4,14.451597,2.910500,14.236500,15.309800,1,23979,23979
24.051314,1,1,6,22,4,15.382200,4.607400,15.212300,15.226900,1,23979,23979
24.067700,1,1,6,22,4,16.222504,2.881200,16.074301,16.609301,1,23979,23979
24.084443,1,1,6,22,4,16.901598,2.676700,16.588499,14.575600,1,23979,23979
24.098405,1,1,6,22,4,13.885502,2.786100,13.830900,15.483900,1,23979,23979
24.112534,1,1,6,22,4,14.013599,3.194300,14.006700,13.901900,1,23979,23979
24.127807,1,1,6,22,4,15.544899,3.527600,15.361300,15.806400,1,23979,23979
24.143857,1,1,6,22,4,16.018599,2.336000,15.394600,16.140301,1,23979,23979
24.161280,1,1,6,22,4,14.952402,3.238100,14.917300,14.855200,1,23979,23979
24.174158,1,1,6,22,4,15.302997,6.011600,14.669200,15.404000,1,23979,23979
24.189725,1,1,6,22,4,15.562501,2.668000,15.276500,15.266800,1,23979,23979
24.206244,1,1,6,22,4,16.313900,2.909000,16.264299,15.225900,1,23979,23979
24.221377,1,1,6,22,4,15.281003,3.312300,14.798400,15.647700,1,23979,23979
24.238009,1,1,6,22,4,16.625299,3.317900,16.395599,17.709101,1,23979,23979
24.254752,1,1,6,22,4,16.871098,2.730800,16.879700,14.363600,1,23979,23979
24.272440,1,1,6,22,4,15.419502,2.447600,15.348600,16.404499,1,23977,23977
24.284767,1,1,6,22,4,14.578000,5.684800,14.447500,15.458300,1,23977,23977
24.301291,1,1,6,22,4,16.269497,2.639300,16.277500,16.121901,1,23977,23977
24.315502,1,1,6,22,4,13.999202,3.075300,13.213000,14.051300,1,23977,23977
24.332036,1,1,6,22,4,16.924002,3.633700,16.700001,15.994900,1,23977,23977
24.345721,1,1,6,22,4,13.755300,6.151100,13.331700,14.421000,1,23977,23977
24.360307,1,1,6,22,4,14.510598,2.861300,14.485800,15.291400,1,23977,23977
24.377667,1,1,6,22,4,17.385702,2.714600,17.105600,16.531401,1,23977,23977
24.395223,1,1,6,21,3,15.603099,2.708600,15.601800,15.615000,1,23976,23976
24.406828,1,1,6,21,3,13.421700,5.315600,13.287400,14.792700,1,23976,23976
24.421389,1,1,6,21,3,14.644601,3.010800,14.004300,12.207100,1,23976,23976
24.436380,1,1,6,21,3,14.657501,2.829000,14.645900,15.613900,1,23976,23976
24.451856,1,1,6,21,3,15.878800,3.005200,15.644200,15.563800,1,23976,23976
24.468879,1,1,6,21,3,16.887798,2.714800,16.842501,15.997000,1,23976,23976
24.483344,1,1,6,21,3,14.515001,3.047400,13.215900,15.449000,1,23976,23976
24.498620,1,1,6,21,3,15.371799,3.144000,15.357800,15.846400,1,23976,23976
24.515563,1,1,6,21,3,14.656000,2.795900,14.595300,14.057500,1,23971,23971
24.527580,1,1,6,21,3,14.462497,5.455900,13.962400,16.148500,1,23971,23971
24.544801,1,1,6,21,3,17.117203,2.301300,17.071301,16.337900,1,23971,23971
24.561684,1,1,6,21,3,16.891401,2.471100,16.342699,16.252899,1,23971,23971
24.577204,1,1,6,21,3,15.590400,2.413900,14.382300,16.520201,1,23971,23971
24.593420,1,1,6,21,3,16.048100,2.033500,16.046200,16.635900,1,23971,23971
24.609809,1,1,6,21,3,16.124599,3.072100,15.782800,14.418000,1,23971,23971
24.627009,1,1,6,21,3,14.655199,3.174500,14.326100,16.513000,1,23973,23973
24.640099,1,1,6,21,3,16.006599,5.705300,15.932700,15.177700,1,23973,23973
24.655806,1,1,6,21,3,15.627403,2.592700,14.693800,15.642600,1,23973,23973
24.671728,1,1,6,21,3,15.984200,2.480300,15.696800,16.464899,1,23973,23973
24.688830,1,1,6,21,3,17.019600,2.572900,16.861700,14.991400,1,23973,23973
24.704777,1,1,6,21,3,15.640597,2.654100,15.508500,16.322599,1,23973,23973
24.720876,1,1,6,21,3,16.394001,3.302700,16.016701,16.111601,1,23973,23973
24.737923,1,1,6,21,3,14.026899,3.160200,13.855400,14.942200,1,23971,23971
24.751452,1,1,6,21,3,16.588102,6.513000,16.030399,15.343600,1,23971,23971
24.765623,1,1,6,21,3,14.003199,2.755300,13.810200,14.780400,1,23971,23971
24.780161,1,1,6,21,3,14.572300,3.322000,14.605500,15.163400,1,23971,23971
24.795648,1,1,6,21,3,15.330899,3.163200,15.155300,14.915600,1,23971,23971
24.811829,1,1,6,21,3,16.256102,3.253600,15.686200,16.042000,1,23971,23971
24.826591,1,1,6,21,3,14.968399,3.129600,14.634000,15.816700,1,23971,23971
24.843418,1,1,6,21,3,16.652302,3.051400,16.583200,14.894100,1,23971,23971
24.860813,1,1,6,21,3,14.964100,6.721200,14.770600,16.884701,1,23969,23969
24.872701,1,1,6,21,3,14.526300,5.945200,14.374300,15.139800,1,23969,23969
24.891215,1,1,6,21,3,18.385899,2.278500,18.320601,16.600100,1,23969,23969
24.909368,1,1,6,21,3,18.184502,2.738800,18.152800,16.856100,1,23969,23969
24.922056,1,1,6,21,3,12.823601,3.002600,12.487600,14.383100,1,23969,23969
24.936989,1,1,6,21,3,14.836900,2.365500,14.331000,16.303101,1,23969,23969
24.953732,1,1,6,21,3,16.639999,2.603500,16.327000,15.077400,1,23969,23969
24.970302,1,1,6,21,3,14.282000,3.289700,14.060400,14.752700,1,23969,23969
24.983937,1,1,6,21,3,15.792198,5.148000,15.255300,15.000600,1,23969,23969
24.998324,1,1,6,21,3,14.646702,2.818600,14.343200,16.711700,1,23969,23969
25.013390,1,1,6,21,3,14.569100,2.580200,14.006800,14.034900,1,23969,23969
25.030403,1,1,6,21,3,17.494701,3.158500,16.745300,15.659000,1,23969,23969
25.043713,1,1,6,21,3,13.296198,3.325800,13.438000,14.763000,1,23969,23969
25.059703,1,1,6,21,3,16.040298,2.601600,15.319600,16.375900,1,23969,23969
25.074902,1,1,6,21,3,15.194200,2.722600,14.738200,15.151100,1,23969,23969
25.093940,1,1,6,21,3,17.017004,2.918700,17.027901,16.009199,1,23969,23969
25.107653,1,1,6,21,3,15.334297,5.216700,15.154900,14.555100,1,23969,23969
25.119324,1,1,6,21,3,12.000899,3.144300,12.085300,12.092400,1,23969,23969
25.135838,1,1,6,21,3,16.487501,2.579000,16.451099,16.887800,1,23969,23969
25.153070,1,1,6,21,3,17.307501,3.307700,17.243799,15.531000,1,23969,23969
25.167052,1,1,6,21,3,13.865400,3.319200,13.281400,15.866800,1,23969,23969
25.181944,1,1,6,21,3,14.581200,3.146600,13.783300,15.077400,1,23969,23969
25.196683,1,1,6,21,3,15.251298,3.395800,15.250200,15.094800,1,23969,23969
25.213996,1,1,6,21,3,14.547299,2.762800,14.497700,14.276600,1,23969,23969
25.225749,1,1,6,21,3,14.364503,6.658000,14.339100,13.017100,1,23969,23969
25.242656,1,1,6,21,3,16.982697,3.561200,16.952499,17.773600,1,23969,23969
25.259361,1,1,6,21,3,16.614801,3.067800,16.508699,15.975400,1,23969,23969
25.272867,1,1,6,21,3,13.590899,3.181500,13.231200,15.567900,1,23969,23969
25.292045,1,1,6,21,3,19.140400,2.663600,18.593201,17.176500,1,23969,23969
25.306232,1,1,6,21,3,13.930000,3.005300,13.893600,14.909500,1,23969,23969
25.322300,1,1,6,21,3,14.372300,3.072000,14.051700,14.330900,1,23975,23975
25.336330,1,1,6,21,3,16.002699,5.408900,15.934400,16.846800,1,23975,23975
25.351775,1,1,6,21,3,15.348099,3.119100,15.142100,15.362100,1,23975,23975
25.369080,1,1,6,21,3,17.448801,5.891800,17.464899,16.742399,1,23975,23975
25.384104,1,1,6,21,3,14.983598,3.084600,14.918600,15.553500,1,23975,23975
25.399953,1,1,6,21,3,15.663702,2.750500,15.676000,15.618000,1,23975,23975
25.417532,1,1,6,21,3,17.646399,2.835300,17.526699,15.866900,1,23975,23975
25.433605,1,1,6,21,3,13.719000,2.886000,13.532500,15.827000,1,23975,23975
25.448077,1,1,6,21,3,16.520500,5.479500,15.904000,15.088600,1,23975,23975
25.462968,1,1,6,21,3,15.330203,3.974000,15.380900,15.434800,1,23975,23975
25.475390,1,1,6,21,3,12.371998,2.859400,12.288900,13.710300,1,23975,23975
25.492681,1,1,6,21,3,17.149002,2.847200,16.968700,16.849899,1,23975,23975
25.508554,1,1,6,21,3,15.854898,3.480600,15.542500,15.797300,1,23975,23975
25.523192,1,1,6,21,3,14.928300,3.720200,14.585400,15.829000,1,23975,23975
25.538995,1,1,6,21,3,15.682299,2.308700,14.395200,14.573500,1,23975,23975
25.556042,1,1,6,21,3,14.742501,2.524600,14.396500,15.634500,1,23977,23977
25.570882,1,1,6,21,3,17.174900,5.490100,16.850901,16.023500,1,23977,23977
25.585359,1,1,6,21,3,14.436700,2.686900,14.418200,15.118300,1,23977,23977
25.602675,1,1,6,21,3,17.053202,2.951900,16.424801,16.218201,1,23977,23977
25.614330,1,1,6,21,3,11.872698,3.285700,11.832500,10.324900,1,23977,23977
25.628253,1,1,6,21,3,13.982903,3.447000,13.901700,16.499800,1,23977,23977
25.645430,1,1,6,21,3,17.211798,3.613100,17.226000,15.710200,1,23977,23977
25.660514,1,1,6,21,3,15.167799,2.800200,14.738400,15.124400,1,23977,23977
25.679313,1,1,6,21,3,16.066599,3.188000,16.036900,16.798800,1,23977,23977
